time,uav_id,px,py,pz,vx,vy,vz,feedback,ref_x,ref_y,ref_z
0.000907157,0,-0.000259725,-0.0442824,2.05998,0,0,-3.27497e-08,2.06046,0,0,0
0.000907157,1,2.99974,-0.0442824,2.05998,-2.09459e-15,-7.23009e-17,-9.2585e-08,3.63922,0,0,0
0.000907157,2,2.99974,2.95572,2.05998,-3.34966e-25,3.16357e-26,2.7587e-09,4.6881,0,0,0
0.000907157,3,0,0,0,0,0,0,0,0,0,0
0.000907157,4,0,0,0,0,0,0,0,0,0,0
0.000907157,5,0,0,0,0,0,0,0,0,0,0
0.0512751,0,-0.000259725,-0.0442824,2.05998,0,0,-3.75482e-08,2.06046,0,0,0
0.0512751,1,2.99974,-0.0442824,2.05998,-2.10101e-15,-3.64844e-17,-1.00872e-07,3.63922,0,0,0
0.0512751,2,2.99974,2.95572,2.05998,1.45287e-25,-2.75058e-26,-2.09106e-09,4.6881,0,0,0
0.0512751,3,0,0,0,0,0,0,0,0,0,0
0.0512751,4,0,0,0,0,0,0,0,0,0,0
0.0512751,5,0,0,0,0,0,0,0,0,0,0
0.102623,0,-0.000259725,-0.0442824,2.05998,0,0,-4.11533e-08,2.06046,0,0,0
0.102623,1,2.99974,-0.0442824,2.05998,-2.08613e-15,-1.99917e-17,-1.11227e-07,3.63922,0,0,0
0.102623,2,2.99974,2.95572,2.05998,4.11609e-25,-2.40551e-25,-6.33957e-09,4.6881,0,0,0
0.102623,3,0,0,0,0,0,0,0,0,0,0
0.102623,4,0,0,0,0,0,0,0,0,0,0
0.102623,5,0,0,0,0,0,0,0,0,0,0
0.152784,0,-0.000259725,-0.0442824,2.05998,0,0,-4.75589e-08,2.06046,0,0,0
0.152784,1,2.99974,-0.0442824,2.05998,-2.09908e-15,1.3931e-17,-1.23782e-07,3.63922,0,0,0
0.152784,2,2.99974,2.95572,2.05998,6.94617e-26,-6.53411e-25,-6.98119e-09,4.6881,0,0,0
0.152784,3,0,0,0,0,0,0,0,0,0,0
0.152784,4,0,0,0,0,0,0,0,0,0,0
0.152784,5,0,0,0,0,0,0,0,0,0,0
0.205827,0,-0.000259725,-0.0442824,2.05998,0,0,-5.4009e-08,2.06046,0,0,0
0.205827,1,2.99974,-0.0442824,2.05998,-2.09495e-15,1.44179e-17,-1.35421e-07,3.63922,0,0,0
0.205827,2,2.99974,2.95572,2.05998,-5.66142e-25,-1.61162e-24,-1.11903e-08,4.6881,0,0,0
0.205827,3,0,0,0,0,0,0,0,0,0,0
0.205827,4,0,0,0,0,0,0,0,0,0,0
0.205827,5,0,0,0,0,0,0,0,0,0,0
0.26198,0,-0.000259725,-0.0442824,2.05998,0,0,-5.95184e-08,2.06046,0,0,0
0.26198,1,2.99974,-0.0442824,2.05998,-2.09081e-15,1.49049e-17,-1.4122e-07,3.63922,0,0,0
0.26198,2,2.99974,2.95572,2.05998,-6.21453e-25,-1.77267e-24,-1.51027e-08,4.6881,0,0,0
0.26198,3,0,0,0,0,0,0,0,0,0,0
0.26198,4,0,0,0,0,0,0,0,0,0,0
0.26198,5,0,0,0,0,0,0,0,0,0,0
0.317241,0,-0.000259725,-0.0442824,2.05998,0,0,-6.59685e-08,2.06046,0,0,0
0.317241,1,2.99974,-0.0442824,2.05998,-2.08667e-15,1.53918e-17,-1.48759e-07,3.63922,0,0,0
0.317241,2,2.99974,2.95572,2.05998,-2.58787e-25,-1.11525e-24,-1.82683e-08,4.6881,0,0,0
0.317241,3,0,0,0,0,0,0,0,0,0,0
0.317241,4,0,0,0,0,0,0,0,0,0,0
0.317241,5,0,0,0,0,0,0,0,0,0,0
0.368473,0,-0.000259725,-0.0442824,2.05998,0,0,-7.32017e-08,2.06046,0,0,0
0.368473,1,2.99974,-0.0442824,2.05998,-2.08254e-15,1.58787e-17,-1.56661e-07,3.63922,0,0,0
0.368473,2,2.99974,2.95572,2.05998,-4.28779e-25,-6.10915e-25,-2.25004e-08,4.6881,0,0,0
0.368473,3,0,0,0,0,0,0,0,0,0,0
0.368473,4,0,0,0,0,0,0,0,0,0,0
0.368473,5,0,0,0,0,0,0,0,0,0,0
0.418787,0,-0.000259725,-0.0442824,2.05998,0,0,-7.78032e-08,2.06046,0,0,0
0.418787,1,2.99974,-0.0442824,2.05998,-2.07819e-15,1.639e-17,-1.62934e-07,3.63922,0,0,0
0.418787,2,2.99974,2.95572,2.05998,-4.49766e-25,-1.417e-24,-2.86774e-08,4.6881,0,0,0
0.418787,3,0,0,0,0,0,0,0,0,0,0
0.418787,4,0,0,0,0,0,0,0,0,0,0
0.418787,5,0,0,0,0,0,0,0,0,0,0
0.471541,0,-0.000259725,-0.0442824,2.05998,0,0,-8.20773e-08,2.06046,0,0,0
0.471541,1,2.99974,-0.0442824,2.05998,-2.0691e-15,-4.07177e-18,-1.7217e-07,3.63922,0,0,0
0.471541,2,2.99974,2.95572,2.05998,5.61996e-25,-6.43953e-25,-3.47134e-08,4.6881,0,0,0
0.471541,3,0,0,0,0,0,0,0,0,0,0
0.471541,4,0,0,0,0,0,0,0,0,0,0
0.471541,5,0,0,0,0,0,0,0,0,0,0
0.52171,0,-0.000259725,-0.0442824,2.05998,0,0,-8.94484e-08,2.06046,0,0,0
0.52171,1,2.99974,-0.0442824,2.05998,-2.05818e-15,-2.36886e-17,-1.78535e-07,3.63922,0,0,0
0.52171,2,2.99974,2.95572,2.05998,1.66574e-24,2.19929e-24,-3.85836e-08,4.6881,0,0,0
0.52171,3,0,0,0,0,0,0,0,0,0,0
0.52171,4,0,0,0,0,0,0,0,0,0,0
0.52171,5,0,0,0,0,0,0,0,0,0,0
0.577023,0,-0.000259725,-0.0442824,2.05998,0,0,-9.41312e-08,2.06046,0,0,0
0.577023,1,2.99974,-0.0442824,2.05998,-2.04469e-15,-4.18328e-17,-1.86327e-07,3.63922,0,0,0
0.577023,2,2.99974,2.95572,2.05998,1.95299e-24,6.30697e-24,-4.1508e-08,4.6881,0,0,0
0.577023,3,0,0,0,0,0,0,0,0,0,0
0.577023,4,0,0,0,0,0,0,0,0,0,0
0.577023,5,0,0,0,0,0,0,0,0,0,0
0.632391,0,-0.000259725,-0.0442824,2.05998,0,0,-9.98062e-08,2.06046,0,0,0
0.632391,1,2.99974,-0.0442824,2.05998,-2.03272e-15,-6.23708e-17,-1.97285e-07,3.63922,0,0,0
0.632391,2,2.99974,2.95572,2.05998,-3.17137e-25,5.31583e-24,-4.47748e-08,4.6881,0,0,0
0.632391,3,0,0,0,0,0,0,0,0,0,0
0.632391,4,0,0,0,0,0,0,0,0,0,0
0.632391,5,0,0,0,0,0,0,0,0,0,0
0.685088,0,-0.000259725,-0.0442824,2.05998,0,0,-1.08157e-07,2.06046,0,0,0
0.685088,1,2.99974,-0.0442824,2.05998,-2.02044e-15,-8.35895e-17,-2.06125e-07,3.63922,0,0,0
0.685088,2,2.99974,2.95572,2.05998,-2.27417e-24,2.2903e-24,-4.78201e-08,4.6881,0,0,0
0.685088,3,0,0,0,0,0,0,0,0,0,0
0.685088,4,0,0,0,0,0,0,0,0,0,0
0.685088,5,0,0,0,0,0,0,0,0,0,0
0.737962,0,-0.000259725,-0.0442824,2.05998,0,0,-1.15948e-07,2.06046,0,0,0
0.737962,1,2.99974,-0.0442824,2.05998,-2.01676e-15,-8.85057e-17,-2.13148e-07,3.63922,0,0,0
0.737962,2,2.99974,2.95572,2.05998,-4.72207e-24,9.0608e-25,-5.16617e-08,4.6881,0,0,0
0.737962,3,0,0,0,0,0,0,0,0,0,0
0.737962,4,0,0,0,0,0,0,0,0,0,0
0.737962,5,0,0,0,0,0,0,0,0,0,0
0.793302,0,-0.000259725,-0.0442824,2.05998,0,0,-1.23857e-07,2.06046,0,0,0
0.793302,1,2.99974,-0.0442824,2.05998,-2.01447e-15,-9.60877e-17,-2.20582e-07,3.63922,0,0,0
0.793302,2,2.99974,2.95572,2.05998,-7.06535e-24,7.26345e-25,-5.59355e-08,4.6881,0,0,0
0.793302,3,0,0,0,0,0,0,0,0,0,0
0.793302,4,0,0,0,0,0,0,0,0,0,0
0.793302,5,0,0,0,0,0,0,0,0,0,0
0.843483,0,-0.000259725,-0.0442824,2.05998,0,0,-1.27618e-07,2.06046,0,0,0
0.843483,1,2.99974,-0.0442824,2.05998,-2.01109e-15,-1.01736e-16,-2.27922e-07,3.63922,0,0,0
0.843483,2,2.99974,2.95572,2.05998,-5.42108e-24,8.3245e-25,-6.01977e-08,4.6881,0,0,0
0.843483,3,0,0,0,0,0,0,0,0,0,0
0.843483,4,0,0,0,0,0,0,0,0,0,0
0.843483,5,0,0,0,0,0,0,0,0,0,0
0.893984,0,-0.000259725,-0.0442824,2.05998,0,0,-1.36526e-07,2.06046,0,0,0
0.893984,1,2.99974,-0.0442824,2.05998,-2.00773e-15,-1.06966e-16,-2.36611e-07,3.63922,0,0,0
0.893984,2,2.99974,2.95572,2.05998,-4.01828e-24,2.32396e-24,-6.78842e-08,4.6881,0,0,0
0.893984,3,0,0,0,0,0,0,0,0,0,0
0.893984,4,0,0,0,0,0,0,0,0,0,0
0.893984,5,0,0,0,0,0,0,0,0,0,0
0.949487,0,-0.000259725,-0.0442824,2.05998,0,0,-1.44266e-07,2.06046,0,0,0
0.949487,1,2.99974,-0.0442824,2.05998,-2.0115e-15,-9.34094e-17,-2.18264e-07,3.63922,0,0,0
0.949487,2,2.99974,2.95572,2.05998,-2.08899e-24,6.67212e-24,-7.50739e-08,4.6881,0,0,0
0.949487,3,0,0,0,0,0,0,0,0,0,0
0.949487,4,0,0,0,0,0,0,0,0,0,0
0.949487,5,0,0,0,0,0,0,0,0,0,0
1.0063,0,-0.000259725,-0.0442824,2.05998,0,0,-1.51472e-07,2.06046,0,0,0
1.0063,1,2.99974,-0.0442824,2.05998,-2.01314e-15,-1.02654e-16,-1.56628e-07,3.63922,0,0,0
1.0063,2,2.99974,2.95572,2.05998,5.48411e-25,9.46009e-24,-8.12984e-08,4.6881,0,0,0
1.0063,3,0,0,0,0,0,0,0,0,0,0
1.0063,4,0,0,0,0,0,0,0,0,0,0
1.0063,5,0,0,0,0,0,0,0,0,0,0
1.05657,0,-0.000259725,-0.0442824,2.05998,0,0,-1.61045e-07,2.06046,0,0,0
1.05657,1,2.99974,-0.0442824,2.05998,-2.01747e-15,-8.86964e-17,-1.14377e-07,3.63922,0,0,0
1.05657,2,2.99974,2.95572,2.05998,4.32907e-24,1.14023e-23,-8.70177e-08,4.6881,0,0,0
1.05657,3,0,0,0,0,0,0,0,0,0,0
1.05657,4,0,0,0,0,0,0,0,0,0,0
1.05657,5,0,0,0,0,0,0,0,0,0,0
1.1145,0,-0.000259725,-0.0442824,2.05998,0,0,-1.73131e-07,2.06046,0,0,0
1.1145,1,2.99974,-0.0442824,2.05998,-2.02174e-15,-7.42042e-17,-8.83367e-08,3.63922,0,0,0
1.1145,2,2.99974,2.95572,2.05998,3.70476e-24,4.78136e-24,-9.38816e-08,4.6881,0,0,0
1.1145,3,0,0,0,0,0,0,0,0,0,0
1.1145,4,0,0,0,0,0,0,0,0,0,0
1.1145,5,0,0,0,0,0,0,0,0,0,0
1.166,0,-0.000259725,-0.0442824,2.05998,0,0,-1.85375e-07,2.06046,0,0,0
1.166,1,2.99974,-0.0442824,2.05998,-2.01768e-15,-7.60439e-17,-7.22342e-08,3.63922,0,0,0
1.166,2,2.99974,2.95572,2.05998,3.56404e-24,-1.00524e-24,-1.08379e-07,4.6881,0,0,0
1.166,3,0,0,0,0,0,0,0,0,0,0
1.166,4,0,0,0,0,0,0,0,0,0,0
1.166,5,0,0,0,0,0,0,0,0,0,0
1.22141,0,-0.000259725,-0.0442824,2.05998,0,0,-1.93382e-07,2.06046,0,0,0
1.22141,1,2.99974,-0.0442824,2.05998,-2.02285e-15,-6.01899e-17,-5.58467e-08,3.63922,0,0,0
1.22141,2,2.99974,2.95572,2.05998,3.56404e-24,-1.00524e-24,-1.08379e-07,4.6881,0,0,0
1.22141,3,0,0,0,0,0,0,0,0,0,0
1.22141,4,0,0,0,0,0,0,0,0,0,0
1.22141,5,0,0,0,0,0,0,0,0,0,0
1.27164,0,-0.000259725,-0.0442824,2.05998,0,0,-2.04306e-07,2.06046,0,0,0
1.27164,1,2.99974,-0.0442824,2.05998,-2.01914e-15,-6.13461e-17,-4.26471e-08,3.63922,0,0,0
1.27164,2,2.99974,2.95572,2.05998,3.18229e-24,-3.68374e-24,-1.14365e-07,4.6881,0,0,0
1.27164,3,0,0,0,0,0,0,0,0,0,0
1.27164,4,0,0,0,0,0,0,0,0,0,0
1.27164,5,0,0,0,0,0,0,0,0,0,0
1.32438,0,-0.000259725,-0.0442824,2.05998,0,0,-2.16093e-07,2.06046,0,0,0
1.32438,1,2.99974,-0.0442824,2.05998,-2.01801e-15,-3.89471e-17,-3.38597e-08,3.63922,0,0,0
1.32438,2,2.99974,2.95572,2.05998,2.44324e-24,-1.31854e-23,-1.19734e-07,4.6881,0,0,0
1.32438,3,0,0,0,0,0,0,0,0,0,0
1.32438,4,0,0,0,0,0,0,0,0,0,0
1.32438,5,0,0,0,0,0,0,0,0,0,0
1.37801,0,-0.000259725,-0.0442824,2.05998,0,0,-2.23456e-07,2.06046,0,0,0
1.37801,1,2.99974,-0.0442824,2.05998,-2.01441e-15,-3.91746e-17,-2.55539e-08,3.63922,0,0,0
1.37801,2,2.99974,2.95572,2.05998,-2.89836e-24,-1.17177e-23,-1.22761e-07,4.6881,0,0,0
1.37801,3,0,0,0,0,0,0,0,0,0,0
1.37801,4,0,0,0,0,0,0,0,0,0,0
1.37801,5,0,0,0,0,0,0,0,0,0,0
1.42816,0,-0.000259725,-0.0442824,2.05998,0,0,-2.30469e-07,2.06046,0,0,0
1.42816,1,2.99974,-0.0442824,2.05998,-2.01099e-15,-3.93912e-17,-1.91841e-08,3.63922,0,0,0
1.42816,2,2.99974,2.95572,2.05998,-1.25247e-23,-3.74226e-24,-1.2827e-07,4.6881,0,0,0
1.42816,3,0,0,0,0,0,0,0,0,0,0
1.42816,4,0,0,0,0,0,0,0,0,0,0
1.42816,5,0,0,0,0,0,0,0,0,0,0
1.48097,0,-0.000259725,-0.0442824,2.05998,0,0,-2.18193e-07,2.06046,0,0,0
1.48097,1,2.99974,-0.0442824,2.05998,-2.00756e-15,-3.96078e-17,-1.28297e-08,3.63922,0,0,0
1.48097,2,2.99974,2.95572,2.05998,-7.06401e-24,-4.3249e-24,-1.42475e-07,4.6881,0,0,0
1.48097,3,0,0,0,0,0,0,0,0,0,0
1.48097,4,0,0,0,0,0,0,0,0,0,0
1.48097,5,0,0,0,0,0,0,0,0,0,0
1.53112,0,-0.000259725,-0.0442824,2.05998,0,0,-1.4608e-07,2.06046,0,0,0
1.53112,1,2.99974,-0.0442824,2.05998,-2.01286e-15,-2.2675e-17,-7.18799e-09,3.63922,0,0,0
1.53112,2,2.99974,2.95572,2.05998,-7.06401e-24,-4.3249e-24,-1.42475e-07,4.6881,0,0,0
1.53112,3,0,0,0,0,0,0,0,0,0,0
1.53112,4,0,0,0,0,0,0,0,0,0,0
1.53112,5,0,0,0,0,0,0,0,0,0,0
1.58384,0,-0.000259725,-0.0442824,2.05998,0,0,-1.04618e-07,2.06046,0,0,0
1.58384,1,2.99974,-0.0442824,2.05998,-2.00947e-15,-2.2194e-17,-2.48155e-10,3.63922,0,0,0
1.58384,2,2.99974,2.95572,2.05998,-1.84361e-23,-1.42057e-23,-1.54846e-07,4.6881,0,0,0
1.58384,3,0,0,0,0,0,0,0,0,0,0
1.58384,4,0,0,0,0,0,0,0,0,0,0
1.58384,5,0,0,0,0,0,0,0,0,0,0
1.63402,0,-0.000259725,-0.0442824,2.05998,0,0,-7.16123e-08,2.06046,0,0,0
1.63402,1,2.99974,-0.0442824,2.05998,-2.01128e-15,-1.34345e-18,2.30372e-09,3.63922,0,0,0
1.63402,2,2.99974,2.95572,2.05998,-1.84361e-23,-1.42057e-23,-1.54846e-07,4.6881,0,0,0
1.63402,3,0,0,0,0,0,0,0,0,0,0
1.63402,4,0,0,0,0,0,0,0,0,0,0
1.63402,5,0,0,0,0,0,0,0,0,0,0
1.68488,0,-0.000259725,-0.0442824,2.05998,0,0,-5.79717e-08,2.06046,0,0,0
1.68488,1,2.99974,-0.0442824,2.05998,-2.0084e-15,-1.33981e-19,1.34228e-09,3.63922,0,0,0
1.68488,2,2.99974,2.95572,2.05998,-3.70753e-24,-1.97646e-23,-1.58163e-07,4.6881,0,0,0
1.68488,3,0,0,0,0,0,0,0,0,0,0
1.68488,4,0,0,0,0,0,0,0,0,0,0
1.68488,5,0,0,0,0,0,0,0,0,0,0
1.73543,0,-0.000259725,-0.0442824,2.05998,0,0,-2.90629e-08,2.06046,0,0,0
1.73543,1,2.99974,-0.0442824,2.05998,-2.00431e-15,2.79598e-17,1.41256e-09,3.63922,0,0,0
1.73543,2,2.99974,2.95572,2.05998,9.37671e-24,-1.79766e-23,-1.64501e-07,4.6881,0,0,0
1.73543,3,0,0,0,0,0,0,0,0,0,0
1.73543,4,0,0,0,0,0,0,0,0,0,0
1.73543,5,0,0,0,0,0,0,0,0,0,0
1.78818,0,-0.000259725,-0.0442824,2.05998,0,0,-1.06676e-08,2.06046,0,0,0
1.78818,1,2.99974,-0.0442824,2.05998,-2.00059e-15,5.69097e-17,5.23074e-09,3.63922,0,0,0
1.78818,2,2.99974,2.95572,2.05998,1.66093e-23,-1.07128e-23,-1.73091e-07,4.6881,0,0,0
1.78818,3,0,0,0,0,0,0,0,0,0,0
1.78818,4,0,0,0,0,0,0,0,0,0,0
1.78818,5,0,0,0,0,0,0,0,0,0,0
1.84093,0,-0.000259725,-0.0442824,2.05998,0,0,1.7971e-09,2.06046,0,0,0
1.84093,1,2.99974,-0.0442824,2.05998,-2.00014e-15,8.35699e-17,2.76476e-09,3.63922,0,0,0
1.84093,2,2.99974,2.95572,2.05998,1.56262e-23,-3.73734e-24,-1.745e-07,4.6881,0,0,0
1.84093,3,0,0,0,0,0,0,0,0,0,0
1.84093,4,0,0,0,0,0,0,0,0,0,0
1.84093,5,0,0,0,0,0,0,0,0,0,0
1.89632,0,-0.000259725,-0.0442824,2.05998,0,0,1.6201e-08,2.06046,0,0,0
1.89632,1,2.99974,-0.0442824,2.05998,-1.98888e-15,9.6328e-17,-3.35374e-09,3.63922,0,0,0
1.89632,2,2.99974,2.95572,2.05998,1.02887e-23,3.31028e-24,-1.76839e-07,4.6881,0,0,0
1.89632,3,0,0,0,0,0,0,0,0,0,0
1.89632,4,0,0,0,0,0,0,0,0,0,0
1.89632,5,0,0,0,0,0,0,0,0,0,0
1.94649,0,-0.000259725,-0.0442824,2.05998,0,0,2.73006e-08,2.06046,0,0,0
1.94649,1,2.99974,-0.0442824,2.05998,-1.976e-15,1.10513e-16,-6.51657e-09,3.63922,0,0,0
1.94649,2,2.99974,2.95572,2.05998,9.44496e-24,-4.75335e-24,-1.83027e-07,4.6881,0,0,0
1.94649,3,0,0,0,0,0,0,0,0,0,0
1.94649,4,0,0,0,0,0,0,0,0,0,0
1.94649,5,0,0,0,0,0,0,0,0,0,0
1.99961,0,-0.000259725,-0.0442824,2.05998,0,0,3.4253e-08,2.06046,0,0,0
1.99961,1,2.99974,-0.0442824,2.05998,-1.96612e-15,1.21691e-16,-9.37736e-09,3.63922,0,0,0
1.99961,2,2.99974,2.95572,2.05998,1.49474e-23,-1.11944e-23,-1.91849e-07,4.6881,0,0,0
1.99961,3,0,0,0,0,0,0,0,0,0,0
1.99961,4,0,0,0,0,0,0,0,0,0,0
1.99961,5,0,0,0,0,0,0,0,0,0,0
2.0562,0,-0.000259725,-0.0442824,2.05998,0,0,4.09576e-08,2.06046,0,0,0
2.0562,1,2.99974,-0.0442824,2.05998,-1.96027e-15,1.28973e-16,-1.52138e-08,3.63922,0,0,0
2.0562,2,2.99974,2.95572,2.05998,9.66223e-24,-4.87959e-24,-1.9162e-07,4.6881,0,0,0
2.0562,3,0,0,0,0,0,0,0,0,0,0
2.0562,4,0,0,0,0,0,0,0,0,0,0
2.0562,5,0,0,0,0,0,0,0,0,0,0
2.10935,0,-0.000259725,-0.0442824,2.05998,0,0,4.75212e-08,2.06046,0,0,0
2.10935,1,2.99974,-0.0442824,2.05998,-1.94753e-15,1.17083e-16,-1.87381e-08,3.63922,0,0,0
2.10935,2,2.99974,2.95572,2.05998,-2.2347e-24,-4.2427e-24,-1.92046e-07,4.6881,0,0,0
2.10935,3,0,0,0,0,0,0,0,0,0,0
2.10935,4,0,0,0,0,0,0,0,0,0,0
2.10935,5,0,0,0,0,0,0,0,0,0,0
2.16474,0,-0.000259725,-0.0442824,2.05998,0,0,5.47434e-08,2.06046,0,0,0
2.16474,1,2.99974,-0.0442824,2.05998,-1.94283e-15,1.22138e-16,-2.73038e-08,3.63922,0,0,0
2.16474,2,2.99974,2.95572,2.05998,-1.62696e-23,-7.47852e-24,-1.81003e-07,4.6881,0,0,0
2.16474,3,0,0,0,0,0,0,0,0,0,0
2.16474,4,0,0,0,0,0,0,0,0,0,0
2.16474,5,0,0,0,0,0,0,0,0,0,0
2.22003,0,-0.000259725,-0.0442824,2.05998,0,0,5.83424e-08,2.06046,0,0,0
2.22003,1,2.99974,-0.0442824,2.05998,-1.9296e-15,1.10084e-16,-3.0839e-08,3.63922,0,0,0
2.22003,2,2.99974,2.95572,2.05998,-6.25153e-24,-5.89767e-25,-1.39887e-07,4.6881,0,0,0
2.22003,3,0,0,0,0,0,0,0,0,0,0
2.22003,4,0,0,0,0,0,0,0,0,0,0
2.22003,5,0,0,0,0,0,0,0,0,0,0
2.2702,0,-0.000259725,-0.0442824,2.05998,0,0,5.78849e-08,2.06046,0,0,0
2.2702,1,2.99974,-0.0442824,2.05998,-1.9165e-15,9.66557e-17,-3.73691e-08,3.63922,0,0,0
2.2702,2,2.99974,2.95572,2.05998,3.67957e-24,4.90056e-25,-4.92526e-08,4.6881,0,0,0
2.2702,3,0,0,0,0,0,0,0,0,0,0
2.2702,4,0,0,0,0,0,0,0,0,0,0
2.2702,5,0,0,0,0,0,0,0,0,0,0
2.3281,0,-0.000259725,-0.0442824,2.05998,0,0,6.07111e-08,2.06046,0,0,0
2.3281,1,2.99974,-0.0442824,2.05998,-1.90271e-15,8.29697e-17,-4.07623e-08,3.63922,0,0,0
2.3281,2,2.99974,2.95572,2.05998,1.81404e-24,5.23066e-25,-1.64981e-08,4.6881,0,0,0
2.3281,3,0,0,0,0,0,0,0,0,0,0
2.3281,4,0,0,0,0,0,0,0,0,0,0
2.3281,5,0,0,0,0,0,0,0,0,0,0
2.37825,0,-0.000259725,-0.0442824,2.05998,0,0,6.19015e-08,2.06046,0,0,0
2.37825,1,2.99974,-0.0442824,2.05998,-1.88485e-15,4.65525e-17,-4.69134e-08,3.63922,0,0,0
2.37825,2,2.99974,2.95572,2.05998,-1.73937e-25,-1.32368e-25,6.48682e-09,4.6881,0,0,0
2.37825,3,0,0,0,0,0,0,0,0,0,0
2.37825,4,0,0,0,0,0,0,0,0,0,0
2.37825,5,0,0,0,0,0,0,0,0,0,0
2.42865,0,-0.000259725,-0.0442824,2.05998,0,0,6.27554e-08,2.06046,0,0,0
2.42865,1,2.99974,-0.0442824,2.05998,-1.87679e-15,2.4011e-17,-5.13527e-08,3.63922,0,0,0
2.42865,2,2.99974,2.95572,2.05998,9.68838e-25,-4.42208e-26,2.3838e-08,4.6881,0,0,0
2.42865,3,0,0,0,0,0,0,0,0,0,0
2.42865,4,0,0,0,0,0,0,0,0,0,0
2.42865,5,0,0,0,0,0,0,0,0,0,0
2.48239,0,-0.000259725,-0.0442824,2.05998,0,0,6.13405e-08,2.06046,0,0,0
2.48239,1,2.99974,-0.0442824,2.05998,-1.87111e-15,2.40962e-17,-5.94384e-08,3.63922,0,0,0
2.48239,2,2.99974,2.95572,2.05998,8.89746e-25,4.74531e-26,3.51731e-08,4.6881,0,0,0
2.48239,3,0,0,0,0,0,0,0,0,0,0
2.48239,4,0,0,0,0,0,0,0,0,0,0
2.48239,5,0,0,0,0,0,0,0,0,0,0
2.53256,0,-0.000259725,-0.0442824,2.05998,0,0,6.13223e-08,2.06046,0,0,0
2.53256,1,2.99974,-0.0442824,2.05998,-1.87111e-15,2.40962e-17,-5.94384e-08,3.63922,0,0,0
2.53256,2,2.99974,2.95572,2.05998,8.05004e-25,-1.07057e-24,4.9211e-08,4.6881,0,0,0
2.53256,3,0,0,0,0,0,0,0,0,0,0
2.53256,4,0,0,0,0,0,0,0,0,0,0
2.53256,5,0,0,0,0,0,0,0,0,0,0
2.58528,0,-0.000259725,-0.0442824,2.05998,0,0,6.13972e-08,2.06046,0,0,0
2.58528,1,2.99974,-0.0442824,2.05998,-1.85065e-15,6.4565e-18,-7.14597e-08,3.63922,0,0,0
2.58528,2,2.99974,2.95572,2.05998,3.57183e-24,-9.01978e-25,5.3485e-08,4.6881,0,0,0
2.58528,3,0,0,0,0,0,0,0,0,0,0
2.58528,4,0,0,0,0,0,0,0,0,0,0
2.58528,5,0,0,0,0,0,0,0,0,0,0
2.63576,0,-0.000259725,-0.0442824,2.05998,0,0,6.1036e-08,2.06046,0,0,0
2.63576,1,2.99974,-0.0442824,2.05998,-1.85065e-15,6.4565e-18,-7.14597e-08,3.63922,0,0,0
2.63576,2,2.99974,2.95572,2.05998,4.68427e-24,1.38959e-24,6.6451e-08,4.6881,0,0,0
2.63576,3,0,0,0,0,0,0,0,0,0,0
2.63576,4,0,0,0,0,0,0,0,0,0,0
2.63576,5,0,0,0,0,0,0,0,0,0,0
2.68593,0,-0.000259725,-0.0442824,2.05998,0,0,5.94301e-08,2.06046,0,0,0
2.68593,1,2.99974,-0.0442824,2.05998,-1.84716e-15,2.69251e-18,-7.70385e-08,3.63922,0,0,0
2.68593,2,2.99974,2.95572,2.05998,3.24848e-24,3.89302e-24,7.64391e-08,4.6881,0,0,0
2.68593,3,0,0,0,0,0,0,0,0,0,0
2.68593,4,0,0,0,0,0,0,0,0,0,0
2.68593,5,0,0,0,0,0,0,0,0,0,0
2.73607,0,-0.000259725,-0.0442824,2.05998,0,0,5.63886e-08,2.06046,0,0,0
2.73607,1,2.99974,-0.0442824,2.05998,-1.83724e-15,-1.99009e-17,-8.23793e-08,3.63922,0,0,0
2.73607,2,2.99974,2.95572,2.05998,3.05809e-24,-2.45253e-24,8.97707e-08,4.6881,0,0,0
2.73607,3,0,0,0,0,0,0,0,0,0,0
2.73607,4,0,0,0,0,0,0,0,0,0,0
2.73607,5,0,0,0,0,0,0,0,0,0,0
2.78969,0,-0.000259725,-0.0442824,2.05998,0,0,5.63269e-08,2.06046,0,0,0
2.78969,1,2.99974,-0.0442824,2.05998,-1.83421e-15,-2.44578e-17,-8.72683e-08,3.63922,0,0,0
2.78969,2,2.99974,2.95572,2.05998,7.4379e-25,-6.26909e-24,1.05011e-07,4.6881,0,0,0
2.78969,3,0,0,0,0,0,0,0,0,0,0
2.78969,4,0,0,0,0,0,0,0,0,0,0
2.78969,5,0,0,0,0,0,0,0,0,0,0
2.83986,0,-0.000259725,-0.0442824,2.05998,0,0,2.3919e-08,2.06046,0,0,0
2.83986,1,2.99974,-0.0442824,2.05998,-1.82413e-15,-4.78563e-17,-9.09813e-08,3.63922,0,0,0
2.83986,2,2.99974,2.95572,2.05998,2.39845e-24,-6.94844e-24,1.04575e-07,4.6881,0,0,0
2.83986,3,0,0,0,0,0,0,0,0,0,0
2.83986,4,0,0,0,0,0,0,0,0,0,0
2.83986,5,0,0,0,0,0,0,0,0,0,0
2.88999,0,-0.000259725,-0.0442824,2.05998,0,0,-4.67064e-08,2.06046,0,0,0
2.88999,1,2.99974,-0.0442824,2.05998,-1.82099e-15,-5.32895e-17,-9.44472e-08,3.63922,0,0,0
2.88999,2,2.99974,2.95572,2.05998,2.39845e-24,-6.94844e-24,1.04575e-07,4.6881,0,0,0
2.88999,3,0,0,0,0,0,0,0,0,0,0
2.88999,4,0,0,0,0,0,0,0,0,0,0
2.88999,5,0,0,0,0,0,0,0,0,0,0
2.94521,0,-0.000259725,-0.0442824,2.05998,0,0,-9.37519e-08,2.06046,0,0,0
2.94521,1,2.99974,-0.0442824,2.05998,-1.81245e-15,-7.91921e-17,-9.78359e-08,3.63922,0,0,0
2.94521,2,2.99974,2.95572,2.05998,4.16456e-24,-7.51107e-24,1.10244e-07,4.6881,0,0,0
2.94521,3,0,0,0,0,0,0,0,0,0,0
2.94521,4,0,0,0,0,0,0,0,0,0,0
2.94521,5,0,0,0,0,0,0,0,0,0,0
2.99791,0,-0.000259725,-0.0442824,2.05998,0,0,-1.08643e-07,2.06046,0,0,0
2.99791,1,2.99974,-0.0442824,2.05998,-1.82064e-15,-7.10828e-17,-1.05686e-07,3.63922,0,0,0
2.99791,2,2.99974,2.95572,2.05998,-5.08834e-24,-8.02183e-24,1.07376e-07,4.6881,0,0,0
2.99791,3,0,0,0,0,0,0,0,0,0,0
2.99791,4,0,0,0,0,0,0,0,0,0,0
2.99791,5,0,0,0,0,0,0,0,0,0,0
3.04806,0,-0.000259725,-0.0442824,2.05998,0,0,-9.36805e-08,2.06046,0,0,0
3.04806,1,2.99974,-0.0442824,2.05998,-1.82059e-15,-7.96165e-17,-1.12078e-07,3.63922,0,0,0
3.04806,2,2.99974,2.95572,2.05998,-4.38958e-24,-3.62263e-24,4.83812e-08,4.6881,0,0,0
3.04806,3,0,0,0,0,0,0,0,0,0,0
3.04806,4,0,0,0,0,0,0,0,0,0,0
3.04806,5,0,0,0,0,0,0,0,0,0,0
3.09823,0,-0.000259725,-0.0442824,2.05998,0,0,-5.76812e-08,2.06046,0,0,0
3.09823,1,2.99974,-0.0442824,2.05998,-1.82568e-15,-6.86096e-17,-1.17378e-07,3.63922,0,0,0
3.09823,2,2.99974,2.95572,2.05998,1.24113e-24,1.40013e-24,-2.61906e-08,4.6881,0,0,0
3.09823,3,0,0,0,0,0,0,0,0,0,0
3.09823,4,0,0,0,0,0,0,0,0,0,0
3.09823,5,0,0,0,0,0,0,0,0,0,0
3.1484,0,-0.000259725,-0.0442824,2.05998,0,0,-4.93932e-08,2.06046,0,0,0
3.1484,1,2.99974,-0.0442824,2.05998,-1.82469e-15,-7.52135e-17,-1.22344e-07,3.63922,0,0,0
3.1484,2,2.99974,2.95572,2.05998,-1.15144e-24,3.19431e-24,-5.50622e-08,4.6881,0,0,0
3.1484,3,0,0,0,0,0,0,0,0,0,0
3.1484,4,0,0,0,0,0,0,0,0,0,0
3.1484,5,0,0,0,0,0,0,0,0,0,0
3.20161,0,-0.000259725,-0.0442824,2.05998,0,0,-4.60863e-08,2.06046,0,0,0
3.20161,1,2.99974,-0.0442824,2.05998,-1.82877e-15,-6.09838e-17,-1.26604e-07,3.63922,0,0,0
3.20161,2,2.99974,2.95572,2.05998,-6.46772e-24,2.93718e-24,-8.7963e-08,4.6881,0,0,0
3.20161,3,0,0,0,0,0,0,0,0,0,0
3.20161,4,0,0,0,0,0,0,0,0,0,0
3.20161,5,0,0,0,0,0,0,0,0,0,0
3.25196,0,-0.000259725,-0.0442824,2.05998,0,0,-4.08453e-08,2.06046,0,0,0
3.25196,1,2.99974,-0.0442824,2.05998,-1.82968e-15,-6.85015e-17,-1.31185e-07,3.63922,0,0,0
3.25196,2,2.99974,2.95572,2.05998,-9.27907e-24,-1.82046e-24,-1.04805e-07,4.6881,0,0,0
3.25196,3,0,0,0,0,0,0,0,0,0,0
3.25196,4,0,0,0,0,0,0,0,0,0,0
3.25196,5,0,0,0,0,0,0,0,0,0,0
3.30975,0,-0.000259725,-0.0442824,2.05998,0,0,-3.58018e-08,2.06046,0,0,0
3.30975,1,2.99974,-0.0442824,2.05998,-1.8275e-15,-7.29181e-17,-1.36731e-07,3.63922,0,0,0
3.30975,2,2.99974,2.95572,2.05998,-1.01901e-23,-5.80119e-24,-1.28837e-07,4.6881,0,0,0
3.30975,3,0,0,0,0,0,0,0,0,0,0
3.30975,4,0,0,0,0,0,0,0,0,0,0
3.30975,5,0,0,0,0,0,0,0,0,0,0
3.36485,0,-0.000259725,-0.0442824,2.05998,0,0,-3.11783e-08,2.06046,0,0,0
3.36485,1,2.99974,-0.0442824,2.05998,-1.83229e-15,-5.84374e-17,-1.43971e-07,3.63922,0,0,0
3.36485,2,2.99974,2.95572,2.05998,-1.64062e-24,2.79119e-24,-6.31719e-08,4.6881,0,0,0
3.36485,3,0,0,0,0,0,0,0,0,0,0
3.36485,4,0,0,0,0,0,0,0,0,0,0
3.36485,5,0,0,0,0,0,0,0,0,0,0
3.41545,0,-0.000259725,-0.0442824,2.05998,0,0,-2.99217e-08,2.06046,0,0,0
3.41545,1,2.99974,-0.0442824,2.05998,-1.82844e-15,-6.0205e-17,-1.52089e-07,3.63922,0,0,0
3.41545,2,2.99974,2.95572,2.05998,1.90015e-24,1.72741e-25,-3.30422e-08,4.6881,0,0,0
3.41545,3,0,0,0,0,0,0,0,0,0,0
3.41545,4,0,0,0,0,0,0,0,0,0,0
3.41545,5,0,0,0,0,0,0,0,0,0,0
3.46822,0,-0.000259725,-0.0442824,2.05998,0,0,-2.91721e-08,2.06046,0,0,0
3.46822,1,2.99974,-0.0442824,2.05998,-1.81755e-15,-8.08964e-17,-1.59416e-07,3.63922,0,0,0
3.46822,2,2.99974,2.95572,2.05998,1.35782e-24,-1.48333e-25,-1.12766e-08,4.6881,0,0,0
3.46822,3,0,0,0,0,0,0,0,0,0,0
3.46822,4,0,0,0,0,0,0,0,0,0,0
3.46822,5,0,0,0,0,0,0,0,0,0,0
3.51841,0,-0.000259725,-0.0442824,2.05998,0,0,-3.14261e-08,2.06046,0,0,0
3.51841,1,2.99974,-0.0442824,2.05998,-1.82231e-15,-6.63694e-17,-1.66324e-07,3.63922,0,0,0
3.51841,2,2.99974,2.95572,2.05998,-2.53636e-25,-3.9021e-26,2.31384e-09,4.6881,0,0,0
3.51841,3,0,0,0,0,0,0,0,0,0,0
3.51841,4,0,0,0,0,0,0,0,0,0,0
3.51841,5,0,0,0,0,0,0,0,0,0,0
3.57364,0,-0.000259725,-0.0442824,2.05998,0,0,-3.32842e-08,2.06046,0,0,0
3.57364,1,2.99974,-0.0442824,2.05998,-1.81854e-15,-6.82042e-17,-1.7194e-07,3.63922,0,0,0
3.57364,2,2.99974,2.95572,2.05998,-2.53636e-25,-3.9021e-26,2.31384e-09,4.6881,0,0,0
3.57364,3,0,0,0,0,0,0,0,0,0,0
3.57364,4,0,0,0,0,0,0,0,0,0,0
3.57364,5,0,0,0,0,0,0,0,0,0,0
3.62667,0,-0.000259725,-0.0442824,2.05998,0,0,-3.64152e-08,2.06046,0,0,0
3.62667,1,2.99974,-0.0442824,2.05998,-1.81656e-15,-7.18235e-17,-1.7688e-07,3.63922,0,0,0
3.62667,2,2.99974,2.95572,2.05998,-4.18627e-25,6.14767e-26,1.73591e-08,4.6881,0,0,0
3.62667,3,0,0,0,0,0,0,0,0,0,0
3.62667,4,0,0,0,0,0,0,0,0,0,0
3.62667,5,0,0,0,0,0,0,0,0,0,0
3.67681,0,-0.000259725,-0.0442824,2.05998,0,0,-3.65607e-08,2.06046,0,0,0
3.67681,1,2.99974,-0.0442824,2.05998,-1.82158e-15,-5.65805e-17,-1.80286e-07,3.63922,0,0,0
3.67681,2,2.99974,2.95572,2.05998,9.75683e-25,6.3459e-25,2.35185e-08,4.6881,0,0,0
3.67681,3,0,0,0,0,0,0,0,0,0,0
3.67681,4,0,0,0,0,0,0,0,0,0,0
3.67681,5,0,0,0,0,0,0,0,0,0,0
3.72952,0,-0.000259725,-0.0442824,2.05998,0,0,-3.76382e-08,2.06046,0,0,0
3.72952,1,2.99974,-0.0442824,2.05998,-1.81821e-15,-5.78259e-17,-1.85763e-07,3.63922,0,0,0
3.72952,2,2.99974,2.95572,2.05998,-4.08244e-25,1.39593e-24,3.90449e-08,4.6881,0,0,0
3.72952,3,0,0,0,0,0,0,0,0,0,0
3.72952,4,0,0,0,0,0,0,0,0,0,0
3.72952,5,0,0,0,0,0,0,0,0,0,0
3.77968,0,-0.000259725,-0.0442824,2.05998,0,0,-4.04668e-08,2.06046,0,0,0
3.77968,1,2.99974,-0.0442824,2.05998,-1.8092e-15,-5.36879e-17,-1.92594e-07,3.63922,0,0,0
3.77968,2,2.99974,2.95572,2.05998,-4.08244e-25,1.39593e-24,3.90449e-08,4.6881,0,0,0
3.77968,3,0,0,0,0,0,0,0,0,0,0
3.77968,4,0,0,0,0,0,0,0,0,0,0
3.77968,5,0,0,0,0,0,0,0,0,0,0
3.83493,0,-0.000259725,-0.0442824,2.05998,0,0,-4.33621e-08,2.06046,0,0,0
3.83493,1,2.99974,-0.0442824,2.05998,-1.81059e-15,-3.38363e-17,-2.00548e-07,3.63922,0,0,0
3.83493,2,2.99974,2.95572,2.05998,-2.18182e-24,3.04802e-24,4.84556e-08,4.6881,0,0,0
3.83493,3,0,0,0,0,0,0,0,0,0,0
3.83493,4,0,0,0,0,0,0,0,0,0,0
3.83493,5,0,0,0,0,0,0,0,0,0,0
3.88694,0,-0.000259725,-0.0442824,2.05998,0,0,-4.42762e-08,2.06046,0,0,0
3.88694,1,2.99974,-0.0442824,2.05998,-1.80722e-15,-3.40851e-17,-2.07974e-07,3.63922,0,0,0
3.88694,2,2.99974,2.95572,2.05998,-1.93011e-24,7.2766e-24,6.12033e-08,4.6881,0,0,0
3.88694,3,0,0,0,0,0,0,0,0,0,0
3.88694,4,0,0,0,0,0,0,0,0,0,0
3.88694,5,0,0,0,0,0,0,0,0,0,0
3.94021,0,-0.000259725,-0.0442824,2.05998,0,0,-4.58997e-08,2.06046,0,0,0
3.94021,1,2.99974,-0.0442824,2.05998,-1.81057e-15,-1.55303e-17,-2.00934e-07,3.63922,0,0,0
3.94021,2,2.99974,2.95572,2.05998,-2.06796e-24,4.50356e-24,6.81248e-08,4.6881,0,0,0
3.94021,3,0,0,0,0,0,0,0,0,0,0
3.94021,4,0,0,0,0,0,0,0,0,0,0
3.94021,5,0,0,0,0,0,0,0,0,0,0
3.99039,0,-0.000259725,-0.0442824,2.05998,0,0,-4.72772e-08,2.06046,0,0,0
3.99039,1,2.99974,-0.0442824,2.05998,-1.8047e-15,-1.25662e-17,-1.22289e-07,3.63922,0,0,0
3.99039,2,2.99974,2.95572,2.05998,-1.95222e-25,1.04501e-24,6.80952e-08,4.6881,0,0,0
3.99039,3,0,0,0,0,0,0,0,0,0,0
3.99039,4,0,0,0,0,0,0,0,0,0,0
3.99039,5,0,0,0,0,0,0,0,0,0,0
4.0445,0,-0.000259725,-0.0442824,2.05998,0,0,-4.87736e-08,2.06046,0,0,0
4.0445,1,2.99974,-0.0442824,2.05998,-1.80646e-15,8.95203e-18,-8.22067e-08,3.63922,0,0,0
4.0445,2,2.99974,2.95572,2.05998,1.71558e-24,4.83482e-25,4.62407e-08,4.6881,0,0,0
4.0445,3,0,0,0,0,0,0,0,0,0,0
4.0445,4,0,0,0,0,0,0,0,0,0,0
4.0445,5,0,0,0,0,0,0,0,0,0,0
4.1016,0,-0.000259725,-0.0442824,2.05998,0,0,-4.92588e-08,2.06046,0,0,0
4.1016,1,2.99974,-0.0442824,2.05998,-1.79563e-15,1.81385e-17,-5.63291e-08,3.63922,0,0,0
4.1016,2,2.99974,2.95572,2.05998,-1.08259e-24,2.14474e-25,-3.02804e-08,4.6881,0,0,0
4.1016,3,0,0,0,0,0,0,0,0,0,0
4.1016,4,0,0,0,0,0,0,0,0,0,0
4.1016,5,0,0,0,0,0,0,0,0,0,0
4.152,0,-0.000259725,-0.0442824,2.05998,0,0,-4.94013e-08,2.06046,0,0,0
4.152,1,2.99974,-0.0442824,2.05998,-1.80087e-15,6.26289e-17,-2.94697e-08,3.63922,0,0,0
4.152,2,2.99974,2.95572,2.05998,-1.47248e-24,1.60395e-24,-7.7959e-08,4.6881,0,0,0
4.152,3,0,0,0,0,0,0,0,0,0,0
4.152,4,0,0,0,0,0,0,0,0,0,0
4.152,5,0,0,0,0,0,0,0,0,0,0
4.20229,0,-0.000259725,-0.0442824,2.05998,0,0,-5.16824e-08,2.06046,0,0,0
4.20229,1,2.99974,-0.0442824,2.05998,-1.79847e-15,9.12654e-17,-4.85689e-09,3.63922,0,0,0
4.20229,2,2.99974,2.95572,2.05998,-3.26424e-24,2.84914e-24,-1.11885e-07,4.6881,0,0,0
4.20229,3,0,0,0,0,0,0,0,0,0,0
4.20229,4,0,0,0,0,0,0,0,0,0,0
4.20229,5,0,0,0,0,0,0,0,0,0,0
4.25256,0,-0.000259725,-0.0442824,2.05998,0,0,-5.43231e-08,2.06046,0,0,0
4.25256,1,2.99974,-0.0442824,2.05998,-1.78759e-15,1.03541e-16,1.45288e-08,3.63922,0,0,0
4.25256,2,2.99974,2.95572,2.05998,-1.00415e-23,2.70829e-24,-1.23534e-07,4.6881,0,0,0
4.25256,3,0,0,0,0,0,0,0,0,0,0
4.25256,4,0,0,0,0,0,0,0,0,0,0
4.25256,5,0,0,0,0,0,0,0,0,0,0
4.30531,0,-0.000259725,-0.0442824,2.05998,0,0,-5.70228e-08,2.06046,0,0,0
4.30531,1,2.99974,-0.0442824,2.05998,-1.7804e-15,1.12123e-16,3.20649e-08,3.63922,0,0,0
4.30531,2,2.99974,2.95572,2.05998,-7.03333e-24,-1.16575e-25,-7.68063e-08,4.6881,0,0,0
4.30531,3,0,0,0,0,0,0,0,0,0,0
4.30531,4,0,0,0,0,0,0,0,0,0,0
4.30531,5,0,0,0,0,0,0,0,0,0,0
4.3601,0,-0.000259725,-0.0442824,2.05998,0,0,-6.0609e-08,2.06046,0,0,0
4.3601,1,2.99974,-0.0442824,2.05998,-1.77084e-15,1.23073e-16,4.6593e-08,3.63922,0,0,0
4.3601,2,2.99974,2.95572,2.05998,-3.46934e-24,5.12711e-26,-5.06707e-08,4.6881,0,0,0
4.3601,3,0,0,0,0,0,0,0,0,0,0
4.3601,4,0,0,0,0,0,0,0,0,0,0
4.3601,5,0,0,0,0,0,0,0,0,0,0
4.41025,0,-0.000259725,-0.0442824,2.05998,0,0,-6.42982e-08,2.06046,0,0,0
4.41025,1,2.99974,-0.0442824,2.05998,-1.76079e-15,1.34517e-16,6.06976e-08,3.63922,0,0,0
4.41025,2,2.99974,2.95572,2.05998,-5.02907e-25,1.91105e-24,-3.31345e-08,4.6881,0,0,0
4.41025,3,0,0,0,0,0,0,0,0,0,0
4.41025,4,0,0,0,0,0,0,0,0,0,0
4.41025,5,0,0,0,0,0,0,0,0,0,0
4.46547,0,-0.000259725,-0.0442824,2.05998,0,0,-6.74287e-08,2.06046,0,0,0
4.46547,1,2.99974,-0.0442824,2.05998,-1.74767e-15,1.48966e-16,7.19387e-08,3.63922,0,0,0
4.46547,2,2.99974,2.95572,2.05998,-5.02907e-25,1.91105e-24,-3.31345e-08,4.6881,0,0,0
4.46547,3,0,0,0,0,0,0,0,0,0,0
4.46547,4,0,0,0,0,0,0,0,0,0,0
4.46547,5,0,0,0,0,0,0,0,0,0,0
4.52226,0,-0.000259725,-0.0442824,2.05998,0,0,-7.04799e-08,2.06046,0,0,0
4.52226,1,2.99974,-0.0442824,2.05998,-1.73422e-15,1.63744e-16,7.97611e-08,3.63922,0,0,0
4.52226,2,2.99974,2.95572,2.05998,2.82764e-26,1.59871e-24,-1.28978e-08,4.6881,0,0,0
4.52226,3,0,0,0,0,0,0,0,0,0,0
4.52226,4,0,0,0,0,0,0,0,0,0,0
4.52226,5,0,0,0,0,0,0,0,0,0,0
4.5729,0,-0.000259725,-0.0442824,2.05998,0,0,-7.19409e-08,2.06046,0,0,0
4.5729,1,2.99974,-0.0442824,2.05998,-1.72191e-15,1.77377e-16,8.81812e-08,3.63922,0,0,0
4.5729,2,2.99974,2.95572,2.05998,2.34234e-25,7.39916e-25,-6.4904e-09,4.6881,0,0,0
4.5729,3,0,0,0,0,0,0,0,0,0,0
4.5729,4,0,0,0,0,0,0,0,0,0,0
4.5729,5,0,0,0,0,0,0,0,0,0,0
4.62586,0,-0.000259725,-0.0442824,2.05998,0,0,-7.64479e-08,2.06046,0,0,0
4.62586,1,2.99974,-0.0442824,2.05998,-1.71472e-15,1.85887e-16,1.03228e-07,3.63922,0,0,0
4.62586,2,2.99974,2.95572,2.05998,-3.46055e-26,-5.25877e-26,6.19944e-10,4.6881,0,0,0
4.62586,3,0,0,0,0,0,0,0,0,0,0
4.62586,4,0,0,0,0,0,0,0,0,0,0
4.62586,5,0,0,0,0,0,0,0,0,0,0
4.67601,0,-0.000259725,-0.0442824,2.05998,0,0,-7.98414e-08,2.06046,0,0,0
4.67601,1,2.99974,-0.0442824,2.05998,-1.7001e-15,2.03159e-16,1.0974e-07,3.63922,0,0,0
4.67601,2,2.99974,2.95572,2.05998,-3.19771e-25,-1.47373e-25,8.24417e-09,4.6881,0,0,0
4.67601,3,0,0,0,0,0,0,0,0,0,0
4.67601,4,0,0,0,0,0,0,0,0,0,0
4.67601,5,0,0,0,0,0,0,0,0,0,0
4.72619,0,-0.000259725,-0.0442824,2.05998,0,0,-7.98206e-08,2.06046,0,0,0
4.72619,1,2.99974,-0.0442824,2.05998,-1.69122e-15,2.13364e-16,1.14418e-07,3.63922,0,0,0
4.72619,2,2.99974,2.95572,2.05998,-3.19771e-25,-1.47373e-25,8.24417e-09,4.6881,0,0,0
4.72619,3,0,0,0,0,0,0,0,0,0,0
4.72619,4,0,0,0,0,0,0,0,0,0,0
4.72619,5,0,0,0,0,0,0,0,0,0,0
4.77662,0,-0.000259725,-0.0442824,2.05998,0,0,-8.2161e-08,2.06046,0,0,0
4.77662,1,2.99974,-0.0442824,2.05998,-1.68603e-15,2.19882e-16,1.18075e-07,3.63922,0,0,0
4.77662,2,2.99974,2.95572,2.05998,1.01395e-26,5.67815e-25,1.50312e-08,4.6881,0,0,0
4.77662,3,0,0,0,0,0,0,0,0,0,0
4.77662,4,0,0,0,0,0,0,0,0,0,0
4.77662,5,0,0,0,0,0,0,0,0,0,0
4.82958,0,-0.000259725,-0.0442824,2.05998,0,0,-8.80344e-08,2.06046,0,0,0
4.82958,1,2.99974,-0.0442824,2.05998,-1.67163e-15,2.08755e-16,1.12918e-07,3.63922,0,0,0
4.82958,2,2.99974,2.95572,2.05998,9.28372e-25,2.11547e-24,2.25615e-08,4.6881,0,0,0
4.82958,3,0,0,0,0,0,0,0,0,0,0
4.82958,4,0,0,0,0,0,0,0,0,0,0
4.82958,5,0,0,0,0,0,0,0,0,0,0
4.8798,0,-0.000259725,-0.0442824,2.05998,0,0,-9.34009e-08,2.06046,0,0,0
4.8798,1,2.99974,-0.0442824,2.05998,-1.64802e-15,1.79988e-16,4.04403e-08,3.63922,0,0,0
4.8798,2,2.99974,2.95572,2.05998,9.34511e-25,3.55455e-24,2.53032e-08,4.6881,0,0,0
4.8798,3,0,0,0,0,0,0,0,0,0,0
4.8798,4,0,0,0,0,0,0,0,0,0,0
4.8798,5,0,0,0,0,0,0,0,0,0,0
4.93272,0,-0.000259725,-0.0442824,2.05998,0,0,-9.58771e-08,2.06046,0,0,0
4.93272,1,2.99974,-0.0442824,2.05998,-1.63537e-15,1.90981e-16,1.36914e-08,3.63922,0,0,0
4.93272,2,2.99974,2.95572,2.05998,-1.79461e-25,4.52432e-24,2.80042e-08,4.6881,0,0,0
4.93272,3,0,0,0,0,0,0,0,0,0,0
4.93272,4,0,0,0,0,0,0,0,0,0,0
4.93272,5,0,0,0,0,0,0,0,0,0,0
4.98287,0,-0.000259725,-0.0442824,2.05998,0,0,-9.48147e-08,2.06046,0,0,0
4.98287,1,2.99974,-0.0442824,2.05998,-1.62005e-15,1.78794e-16,-5.2215e-08,3.63922,0,0,0
4.98287,2,2.99974,2.95572,2.05998,-1.79461e-25,4.52432e-24,2.80042e-08,4.6881,0,0,0
4.98287,3,0,0,0,0,0,0,0,0,0,0
4.98287,4,0,0,0,0,0,0,0,0,0,0
4.98287,5,0,0,0,0,0,0,0,0,0,0
5.03895,0,-0.000259725,-0.0442824,2.05998,0,0,-9.48147e-08,2.06046,0,0,0
5.03895,1,2.99974,-0.0442824,2.05998,-1.60438e-15,1.65957e-16,-6.96165e-08,3.63922,0,0,0
5.03895,2,2.99974,2.95572,2.05998,-1.87301e-24,3.873e-24,3.13742e-08,4.6881,0,0,0
5.03895,3,0,0,0,0,0,0,0,0,0,0
5.03895,4,0,0,0,0,0,0,0,0,0,0
5.03895,5,0,0,0,0,0,0,0,0,0,0
5.08916,0,-0.000259725,-0.0442824,2.05998,0,0,-9.68218e-08,2.06046,0,0,0
5.08916,1,2.99974,-0.0442824,2.05998,-1.58837e-15,1.52471e-16,-1.06889e-07,3.63922,0,0,0
5.08916,2,2.99974,2.95572,2.05998,-2.43758e-24,2.44919e-24,3.44148e-08,4.6881,0,0,0
5.08916,3,0,0,0,0,0,0,0,0,0,0
5.08916,4,0,0,0,0,0,0,0,0,0,0
5.08916,5,0,0,0,0,0,0,0,0,0,0
5.13959,0,-0.000259725,-0.0442824,2.05998,0,0,-9.89963e-08,2.06046,0,0,0
5.13959,1,2.99974,-0.0442824,2.05998,-1.59169e-15,1.443e-16,-1.23806e-07,3.63922,0,0,0
5.13959,2,2.99974,2.95572,2.05998,-2.9084e-24,5.49226e-25,3.70087e-08,4.6881,0,0,0
5.13959,3,0,0,0,0,0,0,0,0,0,0
5.13959,4,0,0,0,0,0,0,0,0,0,0
5.13959,5,0,0,0,0,0,0,0,0,0,0
5.20125,0,-0.000259725,-0.0442824,2.05998,0,0,-1.01582e-07,2.06046,0,0,0
5.20125,1,2.99974,-0.0442824,2.05998,-1.55625e-15,6.99746e-17,-1.13575e-07,3.63922,0,0,0
5.20125,2,2.99974,2.95572,2.05998,-1.24004e-24,-3.16448e-24,4.0181e-08,4.6881,0,0,0
5.20125,3,0,0,0,0,0,0,0,0,0,0
5.20125,4,0,0,0,0,0,0,0,0,0,0
5.20125,5,0,0,0,0,0,0,0,0,0,0
5.25208,0,-0.000259725,-0.0442824,2.05998,0,0,-1.04375e-07,2.06046,0,0,0
5.25208,1,2.99974,-0.0442824,2.05998,-1.53855e-15,2.73365e-17,-9.24368e-08,3.63922,0,0,0
5.25208,2,2.99974,2.95572,2.05998,-1.24004e-24,-3.16448e-24,4.0181e-08,4.6881,0,0,0
5.25208,3,0,0,0,0,0,0,0,0,0,0
5.25208,4,0,0,0,0,0,0,0,0,0,0
5.25208,5,0,0,0,0,0,0,0,0,0,0
5.30732,0,-0.000259725,-0.0442824,2.05998,0,0,-1.08337e-07,2.06046,0,0,0
5.30732,1,2.99974,-0.0442824,2.05998,-1.53902e-15,1.57726e-17,-4.7081e-08,3.63922,0,0,0
5.30732,2,2.99974,2.95572,2.05998,-7.74436e-25,1.74801e-24,4.37353e-08,4.6881,0,0,0
5.30732,3,0,0,0,0,0,0,0,0,0,0
5.30732,4,0,0,0,0,0,0,0,0,0,0
5.30732,5,0,0,0,0,0,0,0,0,0,0
5.35745,0,-0.000259725,-0.0442824,2.05998,0,0,-1.08337e-07,2.06046,0,0,0
5.35745,1,2.99974,-0.0442824,2.05998,-1.52134e-15,-4.38717e-18,-2.51078e-08,3.63922,0,0,0
5.35745,2,2.99974,2.95572,2.05998,-2.19307e-25,3.69689e-24,4.64441e-08,4.6881,0,0,0
5.35745,3,0,0,0,0,0,0,0,0,0,0
5.35745,4,0,0,0,0,0,0,0,0,0,0
5.35745,5,0,0,0,0,0,0,0,0,0,0
5.41275,0,-0.000259725,-0.0442824,2.05998,0,0,-1.10578e-07,2.06046,0,0,0
5.41275,1,2.99974,-0.0442824,2.05998,-1.52408e-15,-1.86812e-17,-6.14581e-09,3.63922,0,0,0
5.41275,2,2.99974,2.95572,2.05998,5.06076e-25,2.94156e-24,4.6889e-08,4.6881,0,0,0
5.41275,3,0,0,0,0,0,0,0,0,0,0
5.41275,4,0,0,0,0,0,0,0,0,0,0
5.41275,5,0,0,0,0,0,0,0,0,0,0
5.47128,0,-0.000259725,-0.0442824,2.05998,0,0,-1.18853e-07,2.06046,0,0,0
5.47128,1,2.99974,-0.0442824,2.05998,-1.50617e-15,-3.986e-17,4.54661e-09,3.63922,0,0,0
5.47128,2,2.99974,2.95572,2.05998,1.49517e-24,1.34672e-24,3.14396e-08,4.6881,0,0,0
5.47128,3,0,0,0,0,0,0,0,0,0,0
5.47128,4,0,0,0,0,0,0,0,0,0,0
5.47128,5,0,0,0,0,0,0,0,0,0,0
5.52267,0,-0.000259725,-0.0442824,2.05998,0,0,-1.18853e-07,2.06046,0,0,0
5.52267,1,2.99974,-0.0442824,2.05998,-1.49727e-15,-4.41271e-17,1.58082e-08,3.63922,0,0,0
5.52267,2,2.99974,2.95572,2.05998,-1.92533e-24,-2.00158e-25,-2.82592e-08,4.6881,0,0,0
5.52267,3,0,0,0,0,0,0,0,0,0,0
5.52267,4,0,0,0,0,0,0,0,0,0,0
5.52267,5,0,0,0,0,0,0,0,0,0,0
5.57373,0,-0.000259725,-0.0442824,2.05998,0,0,-1.23763e-07,2.06046,0,0,0
5.57373,1,2.99974,-0.0442824,2.05998,-1.48616e-15,-7.194e-17,2.5117e-08,3.63922,0,0,0
5.57373,2,2.99974,2.95572,2.05998,-3.96945e-24,2.67089e-24,-8.75011e-08,4.6881,0,0,0
5.57373,3,0,0,0,0,0,0,0,0,0,0
5.57373,4,0,0,0,0,0,0,0,0,0,0
5.57373,5,0,0,0,0,0,0,0,0,0,0
5.62392,0,-0.000259725,-0.0442824,2.05998,0,0,-1.29759e-07,2.06046,0,0,0
5.62392,1,2.99974,-0.0442824,2.05998,-1.47714e-15,-7.71378e-17,3.26985e-08,3.63922,0,0,0
5.62392,2,2.99974,2.95572,2.05998,-9.30668e-24,2.20135e-24,-1.29242e-07,4.6881,0,0,0
5.62392,3,0,0,0,0,0,0,0,0,0,0
5.62392,4,0,0,0,0,0,0,0,0,0,0
5.62392,5,0,0,0,0,0,0,0,0,0,0
5.67663,0,-0.000259725,-0.0442824,2.05998,0,0,-1.34685e-07,2.06046,0,0,0
5.67663,1,2.99974,-0.0442824,2.05998,-1.48369e-15,-7.11145e-17,4.36721e-08,3.63922,0,0,0
5.67663,2,2.99974,2.95572,2.05998,-8.55239e-24,3.23954e-24,-1.28064e-07,4.6881,0,0,0
5.67663,3,0,0,0,0,0,0,0,0,0,0
5.67663,4,0,0,0,0,0,0,0,0,0,0
5.67663,5,0,0,0,0,0,0,0,0,0,0
5.72696,0,-0.000259725,-0.0442824,2.05998,0,0,-1.35332e-07,2.06046,0,0,0
5.72696,1,2.99974,-0.0442824,2.05998,-1.47732e-15,-7.73834e-17,4.72761e-08,3.63922,0,0,0
5.72696,2,2.99974,2.95572,2.05998,1.81792e-25,1.88784e-24,-8.29216e-08,4.6881,0,0,0
5.72696,3,0,0,0,0,0,0,0,0,0,0
5.72696,4,0,0,0,0,0,0,0,0,0,0
5.72696,5,0,0,0,0,0,0,0,0,0,0
5.78483,0,-0.000259725,-0.0442824,2.05998,0,0,-1.36958e-07,2.06046,0,0,0
5.78483,1,2.99974,-0.0442824,2.05998,-1.47767e-15,-6.51901e-17,4.87569e-08,3.63922,0,0,0
5.78483,2,2.99974,2.95572,2.05998,3.4618e-24,1.06666e-25,-5.75002e-08,4.6881,0,0,0
5.78483,3,0,0,0,0,0,0,0,0,0,0
5.78483,4,0,0,0,0,0,0,0,0,0,0
5.78483,5,0,0,0,0,0,0,0,0,0,0
5.83728,0,-0.000259725,-0.0442824,2.05998,0,0,-1.36958e-07,2.06046,0,0,0
5.83728,1,2.99974,-0.0442824,2.05998,-1.47941e-15,-7.9027e-17,5.31291e-08,3.63922,0,0,0
5.83728,2,2.99974,2.95572,2.05998,2.85135e-24,-1.34525e-24,-4.33532e-08,4.6881,0,0,0
5.83728,3,0,0,0,0,0,0,0,0,0,0
5.83728,4,0,0,0,0,0,0,0,0,0,0
5.83728,5,0,0,0,0,0,0,0,0,0,0
5.89391,0,-0.000259725,-0.0442824,2.05998,0,0,-1.40058e-07,2.06046,0,0,0
5.89391,1,2.99974,-0.0442824,2.05998,-1.47767e-15,-8.88389e-17,5.65053e-08,3.63922,0,0,0
5.89391,2,2.99974,2.95572,2.05998,3.25969e-24,-8.41594e-25,-3.51439e-08,4.6881,0,0,0
5.89391,3,0,0,0,0,0,0,0,0,0,0
5.89391,4,0,0,0,0,0,0,0,0,0,0
5.89391,5,0,0,0,0,0,0,0,0,0,0
5.94423,0,-0.000259725,-0.0442824,2.05998,0,0,-1.40058e-07,2.06046,0,0,0
5.94423,1,2.99974,-0.0442824,2.05998,-1.4706e-15,-9.33321e-17,5.7464e-08,3.63922,0,0,0
5.94423,2,2.99974,2.95572,2.05998,3.11354e-24,-6.29908e-26,-2.66799e-08,4.6881,0,0,0
5.94423,3,0,0,0,0,0,0,0,0,0,0
5.94423,4,0,0,0,0,0,0,0,0,0,0
5.94423,5,0,0,0,0,0,0,0,0,0,0
5.99958,0,-0.000259725,-0.0442824,2.05998,0,0,-1.45703e-07,2.06046,0,0,0
5.99958,1,2.99974,-0.0442824,2.05998,-1.46353e-15,-9.78253e-17,3.74644e-08,3.63922,0,0,0
5.99958,2,2.99974,2.95572,2.05998,1.14734e-24,1.0577e-24,-1.77172e-08,4.6881,0,0,0
5.99958,3,0,0,0,0,0,0,0,0,0,0
5.99958,4,0,0,0,0,0,0,0,0,0,0
5.99958,5,0,0,0,0,0,0,0,0,0,0
6.05052,0,-0.000259725,-0.0442824,2.05998,0,0,-1.48976e-07,2.06046,0,0,0
6.05052,1,2.99974,-0.0442824,2.05998,-1.45611e-15,-1.02543e-16,1.63879e-08,3.63922,0,0,0
6.05052,2,2.99974,2.95572,2.05998,-2.38729e-25,8.07859e-25,-1.13248e-08,4.6881,0,0,0
6.05052,3,0,0,0,0,0,0,0,0,0,0
6.05052,4,0,0,0,0,0,0,0,0,0,0
6.05052,5,0,0,0,0,0,0,0,0,0,0
6.10075,0,-0.000259725,-0.0442824,2.05998,0,0,-1.43721e-07,2.06046,0,0,0
6.10075,1,2.99974,-0.0442824,2.05998,-1.47241e-15,-9.31302e-17,-6.48397e-08,3.63922,0,0,0
6.10075,2,2.99974,2.95572,2.05998,-5.98204e-25,2.01906e-25,-5.5686e-09,4.6881,0,0,0
6.10075,3,0,0,0,0,0,0,0,0,0,0
6.10075,4,0,0,0,0,0,0,0,0,0,0
6.10075,5,0,0,0,0,0,0,0,0,0,0
6.15633,0,-0.000259725,-0.0442824,2.05998,0,0,-8.6881e-08,2.06046,0,0,0
6.15633,1,2.99974,-0.0442824,2.05998,-1.46947e-15,-1.01298e-16,-1.01541e-07,3.63922,0,0,0
6.15633,2,2.99974,2.95572,2.05998,-1.882e-25,2.28575e-26,-1.26672e-09,4.6881,0,0,0
6.15633,3,0,0,0,0,0,0,0,0,0,0
6.15633,4,0,0,0,0,0,0,0,0,0,0
6.15633,5,0,0,0,0,0,0,0,0,0,0
6.20646,0,-0.000259725,-0.0442824,2.05998,0,0,-2.95774e-08,2.06046,0,0,0
6.20646,1,2.99974,-0.0442824,2.05998,-1.45687e-15,-1.09845e-16,-1.15229e-07,3.63922,0,0,0
6.20646,2,2.99974,2.95572,2.05998,2.54072e-25,-1.07203e-26,1.58922e-09,4.6881,0,0,0
6.20646,3,0,0,0,0,0,0,0,0,0,0
6.20646,4,0,0,0,0,0,0,0,0,0,0
6.20646,5,0,0,0,0,0,0,0,0,0,0
6.25963,0,-0.000259725,-0.0442824,2.05998,0,0,-2.95774e-08,2.06046,0,0,0
6.25963,1,2.99974,-0.0442824,2.05998,-1.46937e-15,-1.06039e-16,-5.40871e-08,3.63922,0,0,0
6.25963,2,2.99974,2.95572,2.05998,5.83632e-25,-1.78154e-26,4.22563e-09,4.6881,0,0,0
6.25963,3,0,0,0,0,0,0,0,0,0,0
6.25963,4,0,0,0,0,0,0,0,0,0,0
6.25963,5,0,0,0,0,0,0,0,0,0,0
6.3137,0,-0.000259725,-0.0442824,2.05998,0,0,4.74723e-08,2.06046,0,0,0
6.3137,1,2.99974,-0.0442824,2.05998,-1.46376e-15,-1.10011e-16,-4.26347e-08,3.63922,0,0,0
6.3137,2,2.99974,2.95572,2.05998,7.00349e-25,-3.77189e-26,6.04496e-09,4.6881,0,0,0
6.3137,3,0,0,0,0,0,0,0,0,0,0
6.3137,4,0,0,0,0,0,0,0,0,0,0
6.3137,5,0,0,0,0,0,0,0,0,0,0
6.36481,0,-0.000259725,-0.0442824,2.05998,0,0,4.74723e-08,2.06046,0,0,0
6.36481,1,2.99974,-0.0442824,2.05998,-1.46917e-15,-9.81337e-17,-2.03823e-08,3.63922,0,0,0
6.36481,2,2.99974,2.95572,2.05998,3.69042e-25,-2.29026e-25,5.93041e-09,4.6881,0,0,0
6.36481,3,0,0,0,0,0,0,0,0,0,0
6.36481,4,0,0,0,0,0,0,0,0,0,0
6.36481,5,0,0,0,0,0,0,0,0,0,0
6.42293,0,-0.000259725,-0.0442824,2.05998,0,0,9.03525e-08,2.06046,0,0,0
6.42293,1,2.99974,-0.0442824,2.05998,-1.47283e-15,-8.45257e-17,-1.08378e-08,3.63922,0,0,0
6.42293,2,2.99974,2.95572,2.05998,-7.83332e-26,-6.69829e-25,9.4795e-09,4.6881,0,0,0
6.42293,3,0,0,0,0,0,0,0,0,0,0
6.42293,4,0,0,0,0,0,0,0,0,0,0
6.42293,5,0,0,0,0,0,0,0,0,0,0
6.47815,0,-0.000259725,-0.0442824,2.05998,0,0,1.13355e-07,2.06046,0,0,0
6.47815,1,2.99974,-0.0442824,2.05998,-1.47651e-15,-6.99378e-17,-5.46106e-09,3.63922,0,0,0
6.47815,2,2.99974,2.95572,2.05998,-5.6949e-25,-7.04167e-25,1.14085e-08,4.6881,0,0,0
6.47815,3,0,0,0,0,0,0,0,0,0,0
6.47815,4,0,0,0,0,0,0,0,0,0,0
6.47815,5,0,0,0,0,0,0,0,0,0,0
6.53099,0,-0.000259725,-0.0442824,2.05998,0,0,1.28062e-07,2.06046,0,0,0
6.53099,1,2.99974,-0.0442824,2.05998,-1.48095e-15,-5.51268e-17,7.03158e-09,3.63922,0,0,0
6.53099,2,2.99974,2.95572,2.05998,-1.1452e-24,-7.13678e-25,1.40595e-08,4.6881,0,0,0
6.53099,3,0,0,0,0,0,0,0,0,0,0
6.53099,4,0,0,0,0,0,0,0,0,0,0
6.53099,5,0,0,0,0,0,0,0,0,0,0
6.5815,0,-0.000259725,-0.0442824,2.05998,0,0,1.18918e-07,2.06046,0,0,0
6.5815,1,2.99974,-0.0442824,2.05998,-1.47677e-15,-5.65606e-17,1.48221e-08,3.63922,0,0,0
6.5815,2,2.99974,2.95572,2.05998,-1.98359e-24,-5.04304e-25,1.99359e-08,4.6881,0,0,0
6.5815,3,0,0,0,0,0,0,0,0,0,0
6.5815,4,0,0,0,0,0,0,0,0,0,0
6.5815,5,0,0,0,0,0,0,0,0,0,0
6.64008,0,-0.000259725,-0.0442824,2.05998,0,0,6.59778e-08,2.06046,0,0,0
6.64008,1,2.99974,-0.0442824,2.05998,-1.47148e-15,-3.14714e-17,2.14165e-08,3.63922,0,0,0
6.64008,2,2.99974,2.95572,2.05998,-2.06542e-24,2.76885e-25,2.21873e-08,4.6881,0,0,0
6.64008,3,0,0,0,0,0,0,0,0,0,0
6.64008,4,0,0,0,0,0,0,0,0,0,0
6.64008,5,0,0,0,0,0,0,0,0,0,0
6.69022,0,-0.000259725,-0.0442824,2.05998,0,0,3.07018e-08,2.06046,0,0,0
6.69022,1,2.99974,-0.0442824,2.05998,-1.47261e-15,-3.74571e-17,2.48131e-08,3.63922,0,0,0
6.69022,2,2.99974,2.95572,2.05998,-1.7677e-24,5.32253e-25,2.30374e-08,4.6881,0,0,0
6.69022,3,0,0,0,0,0,0,0,0,0,0
6.69022,4,0,0,0,0,0,0,0,0,0,0
6.69022,5,0,0,0,0,0,0,0,0,0,0
6.74196,0,-0.000259725,-0.0442824,2.05998,0,0,6.96906e-09,2.06046,0,0,0
6.74196,1,2.99974,-0.0442824,2.05998,-1.45947e-15,-5.56534e-17,2.81133e-08,3.63922,0,0,0
6.74196,2,2.99974,2.95572,2.05998,-4.31357e-25,9.48986e-25,2.32531e-08,4.6881,0,0,0
6.74196,3,0,0,0,0,0,0,0,0,0,0
6.74196,4,0,0,0,0,0,0,0,0,0,0
6.74196,5,0,0,0,0,0,0,0,0,0,0
6.79779,0,-0.000259725,-0.0442824,2.05998,0,0,-1.13794e-08,2.06046,0,0,0
6.79779,1,2.99974,-0.0442824,2.05998,-1.45514e-15,-5.69366e-17,3.11044e-08,3.63922,0,0,0
6.79779,2,2.99974,2.95572,2.05998,6.62684e-25,7.89264e-25,2.20761e-08,4.6881,0,0,0
6.79779,3,0,0,0,0,0,0,0,0,0,0
6.79779,4,0,0,0,0,0,0,0,0,0,0
6.79779,5,0,0,0,0,0,0,0,0,0,0
6.84794,0,-0.000259725,-0.0442824,2.05998,0,0,-2.70473e-08,2.06046,0,0,0
6.84794,1,2.99974,-0.0442824,2.05998,-1.44341e-15,-7.67043e-17,3.51346e-08,3.63922,0,0,0
6.84794,2,2.99974,2.95572,2.05998,5.13212e-25,2.08493e-25,2.37751e-08,4.6881,0,0,0
6.84794,3,0,0,0,0,0,0,0,0,0,0
6.84794,4,0,0,0,0,0,0,0,0,0,0
6.84794,5,0,0,0,0,0,0,0,0,0,0
6.90343,0,-0.000259725,-0.0442824,2.05998,0,0,-3.53924e-08,2.06046,0,0,0
6.90343,1,2.99974,-0.0442824,2.05998,-1.44712e-15,-6.16465e-17,3.90047e-08,3.63922,0,0,0
6.90343,2,2.99974,2.95572,2.05998,-1.7057e-25,-2.55855e-25,2.52859e-08,4.6881,0,0,0
6.90343,3,0,0,0,0,0,0,0,0,0,0
6.90343,4,0,0,0,0,0,0,0,0,0,0
6.90343,5,0,0,0,0,0,0,0,0,0,0
6.96254,0,-0.000259725,-0.0442824,2.05998,0,0,-3.53924e-08,2.06046,0,0,0
6.96254,1,2.99974,-0.0442824,2.05998,-1.44262e-15,-6.30438e-17,4.23838e-08,3.63922,0,0,0
6.96254,2,2.99974,2.95572,2.05998,-1.23855e-24,-6.75572e-25,2.56793e-08,4.6881,0,0,0
6.96254,3,0,0,0,0,0,0,0,0,0,0
6.96254,4,0,0,0,0,0,0,0,0,0,0
6.96254,5,0,0,0,0,0,0,0,0,0,0
7.01553,0,-0.000259725,-0.0442824,2.05998,0,0,-5.39725e-08,2.06046,0,0,0
7.01553,1,2.99974,-0.0442824,2.05998,-1.44454e-15,-7.08693e-17,4.10336e-08,3.63922,0,0,0
7.01553,2,2.99974,2.95572,2.05998,-2.0918e-24,-1.32114e-26,2.61133e-08,4.6881,0,0,0
7.01553,3,0,0,0,0,0,0,0,0,0,0
7.01553,4,0,0,0,0,0,0,0,0,0,0
7.01553,5,0,0,0,0,0,0,0,0,0,0
7.06879,0,-0.000259725,-0.0442824,2.05998,0,0,-7.67077e-08,2.06046,0,0,0
7.06879,1,2.99974,-0.0442824,2.05998,-1.44923e-15,-5.52596e-17,4.47029e-08,3.63922,0,0,0
7.06879,2,2.99974,2.95572,2.05998,-2.76671e-24,4.91455e-25,2.69833e-08,4.6881,0,0,0
7.06879,3,0,0,0,0,0,0,0,0,0,0
7.06879,4,0,0,0,0,0,0,0,0,0,0
7.06879,5,0,0,0,0,0,0,0,0,0,0
7.12178,0,-0.000259725,-0.0442824,2.05998,0,0,-7.67077e-08,2.06046,0,0,0
7.12178,1,2.99974,-0.0442824,2.05998,-1.44513e-15,-5.62603e-17,4.43154e-08,3.63922,0,0,0
7.12178,2,2.99974,2.95572,2.05998,-2.52771e-24,-1.55616e-25,2.49395e-08,4.6881,0,0,0
7.12178,3,0,0,0,0,0,0,0,0,0,0
7.12178,4,0,0,0,0,0,0,0,0,0,0
7.12178,5,0,0,0,0,0,0,0,0,0,0
7.17766,0,-0.000259725,-0.0442824,2.05998,0,0,-9.09037e-08,2.06046,0,0,0
7.17766,1,2.99974,-0.0442824,2.05998,-1.44142e-15,-5.717e-17,2.33078e-08,3.63922,0,0,0
7.17766,2,2.99974,2.95572,2.05998,-2.52646e-24,-4.71782e-25,2.61453e-08,4.6881,0,0,0
7.17766,3,0,0,0,0,0,0,0,0,0,0
7.17766,4,0,0,0,0,0,0,0,0,0,0
7.17766,5,0,0,0,0,0,0,0,0,0,0
7.22837,0,-0.000259725,-0.0442824,2.05998,0,0,-7.22444e-08,2.06046,0,0,0
7.22837,1,2.99974,-0.0442824,2.05998,-1.43695e-15,-5.82617e-17,-6.5347e-09,3.63922,0,0,0
7.22837,2,2.99974,2.95572,2.05998,-2.39837e-24,-7.56159e-25,2.75081e-08,4.6881,0,0,0
7.22837,3,0,0,0,0,0,0,0,0,0,0
7.22837,4,0,0,0,0,0,0,0,0,0,0
7.22837,5,0,0,0,0,0,0,0,0,0,0
7.27857,0,-0.000259725,-0.0442824,2.05998,0,0,7.16263e-10,2.06046,0,0,0
7.27857,1,2.99974,-0.0442824,2.05998,-1.43268e-15,-5.93078e-17,-9.48872e-08,3.63922,0,0,0
7.27857,2,2.99974,2.95572,2.05998,-1.66077e-24,-8.96436e-25,2.7977e-08,4.6881,0,0,0
7.27857,3,0,0,0,0,0,0,0,0,0,0
7.27857,4,0,0,0,0,0,0,0,0,0,0
7.27857,5,0,0,0,0,0,0,0,0,0,0
7.33225,0,-0.000259725,-0.0442824,2.05998,0,0,4.03934e-08,2.06046,0,0,0
7.33225,1,2.99974,-0.0442824,2.05998,-1.43751e-15,-4.31574e-17,-1.1431e-07,3.63922,0,0,0
7.33225,2,2.99974,2.95572,2.05998,-2.6093e-25,-1.17182e-24,2.81318e-08,4.6881,0,0,0
7.33225,3,0,0,0,0,0,0,0,0,0,0
7.33225,4,0,0,0,0,0,0,0,0,0,0
7.33225,5,0,0,0,0,0,0,0,0,0,0
7.38289,0,-0.000259725,-0.0442824,2.05998,0,0,7.1344e-08,2.06046,0,0,0
7.38289,1,2.99974,-0.0442824,2.05998,-1.43413e-15,-4.34166e-17,-1.02418e-07,3.63922,0,0,0
7.38289,2,2.99974,2.95572,2.05998,-1.39045e-25,-8.64062e-25,2.94463e-08,4.6881,0,0,0
7.38289,3,0,0,0,0,0,0,0,0,0,0
7.38289,4,0,0,0,0,0,0,0,0,0,0
7.38289,5,0,0,0,0,0,0,0,0,0,0
7.43384,0,-0.000259725,-0.0442824,2.05998,0,0,9.73647e-08,2.06046,0,0,0
7.43384,1,2.99974,-0.0442824,2.05998,-1.43707e-15,-2.44094e-17,-6.13448e-08,3.63922,0,0,0
7.43384,2,2.99974,2.95572,2.05998,-5.04333e-25,1.22411e-25,2.90346e-08,4.6881,0,0,0
7.43384,3,0,0,0,0,0,0,0,0,0,0
7.43384,4,0,0,0,0,0,0,0,0,0,0
7.43384,5,0,0,0,0,0,0,0,0,0,0
7.48728,0,-0.000259725,-0.0442824,2.05998,0,0,1.03617e-07,2.06046,0,0,0
7.48728,1,2.99974,-0.0442824,2.05998,-1.43395e-15,-2.39388e-17,-4.33823e-08,3.63922,0,0,0
7.48728,2,2.99974,2.95572,2.05998,1.25953e-24,1.19494e-24,3.19174e-08,4.6881,0,0,0
7.48728,3,0,0,0,0,0,0,0,0,0,0
7.48728,4,0,0,0,0,0,0,0,0,0,0
7.48728,5,0,0,0,0,0,0,0,0,0,0
7.5376,0,-0.000259725,-0.0442824,2.05998,0,0,9.01308e-08,2.06046,0,0,0
7.5376,1,2.99974,-0.0442824,2.05998,-1.43584e-15,-2.57833e-18,-3.55768e-08,3.63922,0,0,0
7.5376,2,2.99974,2.95572,2.05998,2.99471e-24,2.66197e-24,3.52339e-08,4.6881,0,0,0
7.5376,3,0,0,0,0,0,0,0,0,0,0
7.5376,4,0,0,0,0,0,0,0,0,0,0
7.5376,5,0,0,0,0,0,0,0,0,0,0
7.58865,0,-0.000259725,-0.0442824,2.05998,0,0,3.20586e-08,2.06046,0,0,0
7.58865,1,2.99974,-0.0442824,2.05998,-1.43291e-15,-1.31962e-18,-3.45335e-08,3.63922,0,0,0
7.58865,2,2.99974,2.95572,2.05998,3.12458e-24,3.64211e-24,3.83602e-08,4.6881,0,0,0
7.58865,3,0,0,0,0,0,0,0,0,0,0
7.58865,4,0,0,0,0,0,0,0,0,0,0
7.58865,5,0,0,0,0,0,0,0,0,0,0
7.6422,0,-0.000259725,-0.0442824,2.05998,0,0,3.20586e-08,2.06046,0,0,0
7.6422,1,2.99974,-0.0442824,2.05998,-1.42999e-15,-6.09103e-20,-2.0665e-08,3.63922,0,0,0
7.6422,2,2.99974,2.95572,2.05998,5.23498e-25,8.49611e-25,7.2698e-09,4.6881,0,0,0
7.6422,3,0,0,0,0,0,0,0,0,0,0
7.6422,4,0,0,0,0,0,0,0,0,0,0
7.6422,5,0,0,0,0,0,0,0,0,0,0
7.70179,0,-0.000259725,-0.0442824,2.05998,0,0,-2.48153e-08,2.06046,0,0,0
7.70179,1,2.99974,-0.0442824,2.05998,-1.4358e-15,1.83388e-17,-1.94792e-08,3.63922,0,0,0
7.70179,2,2.99974,2.95572,2.05998,-4.99732e-25,-3.63783e-24,-3.18632e-08,4.6881,0,0,0
7.70179,3,0,0,0,0,0,0,0,0,0,0
7.70179,4,0,0,0,0,0,0,0,0,0,0
7.70179,5,0,0,0,0,0,0,0,0,0,0
7.75945,0,-0.000259725,-0.0442824,2.05998,0,0,-4.2361e-08,2.06046,0,0,0
7.75945,1,2.99974,-0.0442824,2.05998,-1.43321e-15,2.02508e-17,-1.01135e-08,3.63922,0,0,0
7.75945,2,2.99974,2.95572,2.05998,4.18301e-24,-4.55621e-24,-9.22087e-08,4.6881,0,0,0
7.75945,3,0,0,0,0,0,0,0,0,0,0
7.75945,4,0,0,0,0,0,0,0,0,0,0
7.75945,5,0,0,0,0,0,0,0,0,0,0
7.81227,0,-0.000259725,-0.0442824,2.05998,0,0,-5.56397e-08,2.06046,0,0,0
7.81227,1,2.99974,-0.0442824,2.05998,-1.43062e-15,2.21629e-17,-4.12955e-09,3.63922,0,0,0
7.81227,2,2.99974,2.95572,2.05998,5.09689e-24,-1.26969e-25,-1.07556e-07,4.6881,0,0,0
7.81227,3,0,0,0,0,0,0,0,0,0,0
7.81227,4,0,0,0,0,0,0,0,0,0,0
7.81227,5,0,0,0,0,0,0,0,0,0,0
7.87055,0,-0.000259725,-0.0442824,2.05998,0,0,-6.77671e-08,2.06046,0,0,0
7.87055,1,2.99974,-0.0442824,2.05998,-1.42804e-15,2.40749e-17,-1.5866e-09,3.63922,0,0,0
7.87055,2,2.99974,2.95572,2.05998,1.00412e-24,-5.28486e-26,-7.83446e-08,4.6881,0,0,0
7.87055,3,0,0,0,0,0,0,0,0,0,0
7.87055,4,0,0,0,0,0,0,0,0,0,0
7.87055,5,0,0,0,0,0,0,0,0,0,0
7.92088,0,-0.000259725,-0.0442824,2.05998,0,0,-7.84498e-08,2.06046,0,0,0
7.92088,1,2.99974,-0.0442824,2.05998,-1.42545e-15,2.5987e-17,4.21912e-09,3.63922,0,0,0
7.92088,2,2.99974,2.95572,2.05998,-1.9994e-24,1.63285e-24,-4.93997e-08,4.6881,0,0,0
7.92088,3,0,0,0,0,0,0,0,0,0,0
7.92088,4,0,0,0,0,0,0,0,0,0,0
7.92088,5,0,0,0,0,0,0,0,0,0,0
7.97107,0,-0.000259725,-0.0442824,2.05998,0,0,-8.02452e-08,2.06046,0,0,0
7.97107,1,2.99974,-0.0442824,2.05998,-1.42918e-15,4.72428e-17,9.2621e-09,3.63922,0,0,0
7.97107,2,2.99974,2.95572,2.05998,-2.04309e-24,2.94463e-24,-3.47135e-08,4.6881,0,0,0
7.97107,3,0,0,0,0,0,0,0,0,0,0
7.97107,4,0,0,0,0,0,0,0,0,0,0
7.97107,5,0,0,0,0,0,0,0,0,0,0
8.0241,0,-0.000259725,-0.0442824,2.05998,0,0,-4.59416e-08,2.06046,0,0,0
8.0241,1,2.99974,-0.0442824,2.05998,-1.42685e-15,4.98865e-17,1.38665e-08,3.63922,0,0,0
8.0241,2,2.99974,2.95572,2.05998,-2.70654e-24,1.73652e-24,-2.56786e-08,4.6881,0,0,0
8.0241,3,0,0,0,0,0,0,0,0,0,0
8.0241,4,0,0,0,0,0,0,0,0,0,0
8.0241,5,0,0,0,0,0,0,0,0,0,0
8.07686,0,-0.000259725,-0.0442824,2.05998,0,0,7.56229e-09,2.06046,0,0,0
8.07686,1,2.99974,-0.0442824,2.05998,-1.4244e-15,5.26623e-17,1.83536e-08,3.63922,0,0,0
8.07686,2,2.99974,2.95572,2.05998,-3.04934e-24,9.4125e-25,-2.30635e-08,4.6881,0,0,0
8.07686,3,0,0,0,0,0,0,0,0,0,0
8.07686,4,0,0,0,0,0,0,0,0,0,0
8.07686,5,0,0,0,0,0,0,0,0,0,0
8.12702,0,-0.000259725,-0.0442824,2.05998,0,0,4.18526e-08,2.06046,0,0,0
8.12702,1,2.99974,-0.0442824,2.05998,-1.42597e-15,5.14096e-17,1.99528e-08,3.63922,0,0,0
8.12702,2,2.99974,2.95572,2.05998,-1.483e-24,3.20447e-25,-1.473e-08,4.6881,0,0,0
8.12702,3,0,0,0,0,0,0,0,0,0,0
8.12702,4,0,0,0,0,0,0,0,0,0,0
8.12702,5,0,0,0,0,0,0,0,0,0,0
8.18009,0,-0.000259725,-0.0442824,2.05998,0,0,6.88821e-08,2.06046,0,0,0
8.18009,1,2.99974,-0.0442824,2.05998,-1.41455e-15,3.62483e-17,2.10114e-08,3.63922,0,0,0
8.18009,2,2.99974,2.95572,2.05998,-3.2177e-25,-1.44973e-25,-6.98905e-09,4.6881,0,0,0
8.18009,3,0,0,0,0,0,0,0,0,0,0
8.18009,4,0,0,0,0,0,0,0,0,0,0
8.18009,5,0,0,0,0,0,0,0,0,0,0
8.23025,0,-0.000259725,-0.0442824,2.05998,0,0,9.21972e-08,2.06046,0,0,0
8.23025,1,2.99974,-0.0442824,2.05998,-1.41202e-15,3.81007e-17,2.45937e-08,3.63922,0,0,0
8.23025,2,2.99974,2.95572,2.05998,-2.04376e-26,-3.58793e-26,-5.3862e-10,4.6881,0,0,0
8.23025,3,0,0,0,0,0,0,0,0,0,0
8.23025,4,0,0,0,0,0,0,0,0,0,0
8.23025,5,0,0,0,0,0,0,0,0,0,0
8.28104,0,-0.000259725,-0.0442824,2.05998,0,0,1.01115e-07,2.06046,0,0,0
8.28104,1,2.99974,-0.0442824,2.05998,-1.40605e-15,1.75248e-17,2.56152e-08,3.63922,0,0,0
8.28104,2,2.99974,2.95572,2.05998,1.38875e-25,3.37832e-25,5.84039e-09,4.6881,0,0,0
8.28104,3,0,0,0,0,0,0,0,0,0,0
8.28104,4,0,0,0,0,0,0,0,0,0,0
8.28104,5,0,0,0,0,0,0,0,0,0,0
8.33637,0,-0.000259725,-0.0442824,2.05998,0,0,7.78416e-08,2.06046,0,0,0
8.33637,1,2.99974,-0.0442824,2.05998,-1.40324e-15,1.85818e-17,2.67078e-08,3.63922,0,0,0
8.33637,2,2.99974,2.95572,2.05998,2.71521e-25,3.9494e-25,1.21973e-08,4.6881,0,0,0
8.33637,3,0,0,0,0,0,0,0,0,0,0
8.33637,4,0,0,0,0,0,0,0,0,0,0
8.33637,5,0,0,0,0,0,0,0,0,0,0
8.38724,0,-0.000259725,-0.0442824,2.05998,0,0,2.48015e-08,2.06046,0,0,0
8.38724,1,2.99974,-0.0442824,2.05998,-1.40029e-15,1.96891e-17,2.93119e-08,3.63922,0,0,0
8.38724,2,2.99974,2.95572,2.05998,2.49365e-25,3.32487e-25,1.76032e-08,4.6881,0,0,0
8.38724,3,0,0,0,0,0,0,0,0,0,0
8.38724,4,0,0,0,0,0,0,0,0,0,0
8.38724,5,0,0,0,0,0,0,0,0,0,0
8.43942,0,-0.000259725,-0.0442824,2.05998,0,0,-1.53811e-08,2.06046,0,0,0
8.43942,1,2.99974,-0.0442824,2.05998,-1.3984e-15,-6.02307e-18,2.91958e-08,3.63922,0,0,0
8.43942,2,2.99974,2.95572,2.05998,-1.19069e-26,-9.1286e-26,2.35349e-08,4.6881,0,0,0
8.43942,3,0,0,0,0,0,0,0,0,0,0
8.43942,4,0,0,0,0,0,0,0,0,0,0
8.43942,5,0,0,0,0,0,0,0,0,0,0
8.49391,0,-0.000259725,-0.0442824,2.05998,0,0,-2.8113e-08,2.06046,0,0,0
8.49391,1,2.99974,-0.0442824,2.05998,-1.39573e-15,-6.01871e-18,2.95224e-08,3.63922,0,0,0
8.49391,2,2.99974,2.95572,2.05998,-5.15422e-25,-6.78187e-25,2.68098e-08,4.6881,0,0,0
8.49391,3,0,0,0,0,0,0,0,0,0,0
8.49391,4,0,0,0,0,0,0,0,0,0,0
8.49391,5,0,0,0,0,0,0,0,0,0,0
8.54454,0,-0.000259725,-0.0442824,2.05998,0,0,-4.40586e-08,2.06046,0,0,0
8.54454,1,2.99974,-0.0442824,2.05998,-1.38604e-15,-2.48427e-17,3.04112e-08,3.63922,0,0,0
8.54454,2,2.99974,2.95572,2.05998,-1.18453e-24,-1.32216e-24,2.91452e-08,4.6881,0,0,0
8.54454,3,0,0,0,0,0,0,0,0,0,0
8.54454,4,0,0,0,0,0,0,0,0,0,0
8.54454,5,0,0,0,0,0,0,0,0,0,0
8.59728,0,-0.000259725,-0.0442824,2.05998,0,0,-5.6036e-08,2.06046,0,0,0
8.59728,1,2.99974,-0.0442824,2.05998,-1.38295e-15,-2.55896e-17,3.19798e-08,3.63922,0,0,0
8.59728,2,2.99974,2.95572,2.05998,-9.78299e-25,-1.50158e-24,3.37271e-08,4.6881,0,0,0
8.59728,3,0,0,0,0,0,0,0,0,0,0
8.59728,4,0,0,0,0,0,0,0,0,0,0
8.59728,5,0,0,0,0,0,0,0,0,0,0
8.64748,0,-0.000259725,-0.0442824,2.05998,0,0,-6.98023e-08,2.06046,0,0,0
8.64748,1,2.99974,-0.0442824,2.05998,-1.37986e-15,-2.63365e-17,3.4536e-08,3.63922,0,0,0
8.64748,2,2.99974,2.95572,2.05998,-8.46077e-25,-2.23309e-24,4.11231e-08,4.6881,0,0,0
8.64748,3,0,0,0,0,0,0,0,0,0,0
8.64748,4,0,0,0,0,0,0,0,0,0,0
8.64748,5,0,0,0,0,0,0,0,0,0,0
8.69783,0,-0.000259725,-0.0442824,2.05998,0,0,-8.2004e-08,2.06046,0,0,0
8.69783,1,2.99974,-0.0442824,2.05998,-1.36984e-15,-4.58753e-17,3.50443e-08,3.63922,0,0,0
8.69783,2,2.99974,2.95572,2.05998,-4.54498e-25,-3.25479e-24,4.34686e-08,4.6881,0,0,0
8.69783,3,0,0,0,0,0,0,0,0,0,0
8.69783,4,0,0,0,0,0,0,0,0,0,0
8.69783,5,0,0,0,0,0,0,0,0,0,0
8.74922,0,-0.000259725,-0.0442824,2.05998,0,0,-9.11911e-08,2.06046,0,0,0
8.74922,1,2.99974,-0.0442824,2.05998,-1.36662e-15,-4.73012e-17,3.61368e-08,3.63922,0,0,0
8.74922,2,2.99974,2.95572,2.05998,4.25832e-25,-4.50795e-24,4.35358e-08,4.6881,0,0,0
8.74922,3,0,0,0,0,0,0,0,0,0,0
8.74922,4,0,0,0,0,0,0,0,0,0,0
8.74922,5,0,0,0,0,0,0,0,0,0,0
8.79937,0,-0.000259725,-0.0442824,2.05998,0,0,-4.99375e-08,2.06046,0,0,0
8.79937,1,2.99974,-0.0442824,2.05998,-1.3634e-15,-4.8727e-17,3.69727e-08,3.63922,0,0,0
8.79937,2,2.99974,2.95572,2.05998,9.87787e-25,-6.05418e-24,4.72365e-08,4.6881,0,0,0
8.79937,3,0,0,0,0,0,0,0,0,0,0
8.79937,4,0,0,0,0,0,0,0,0,0,0
8.79937,5,0,0,0,0,0,0,0,0,0,0
8.8498,0,-0.000259725,-0.0442824,2.05998,0,0,-2.47216e-08,2.06046,0,0,0
8.8498,1,2.99974,-0.0442824,2.05998,-1.35714e-15,-4.71097e-17,3.65713e-08,3.63922,0,0,0
8.8498,2,2.99974,2.95572,2.05998,2.93555e-25,-5.92665e-24,4.70461e-08,4.6881,0,0,0
8.8498,3,0,0,0,0,0,0,0,0,0,0
8.8498,4,0,0,0,0,0,0,0,0,0,0
8.8498,5,0,0,0,0,0,0,0,0,0,0
8.90049,0,-0.000259725,-0.0442824,2.05998,0,0,2.28099e-08,2.06046,0,0,0
8.90049,1,2.99974,-0.0442824,2.05998,-1.3559e-15,-2.50396e-17,3.65428e-08,3.63922,0,0,0
8.90049,2,2.99974,2.95572,2.05998,1.92752e-24,-5.84789e-24,4.84308e-08,4.6881,0,0,0
8.90049,3,0,0,0,0,0,0,0,0,0,0
8.90049,4,0,0,0,0,0,0,0,0,0,0
8.90049,5,0,0,0,0,0,0,0,0,0,0
8.95594,0,-0.000259725,-0.0442824,2.05998,0,0,5.32135e-08,2.06046,0,0,0
8.95594,1,2.99974,-0.0442824,2.05998,-1.35973e-15,-6.64067e-18,2.59872e-08,3.63922,0,0,0
8.95594,2,2.99974,2.95572,2.05998,3.2423e-24,-5.76963e-24,4.92974e-08,4.6881,0,0,0
8.95594,3,0,0,0,0,0,0,0,0,0,0
8.95594,4,0,0,0,0,0,0,0,0,0,0
8.95594,5,0,0,0,0,0,0,0,0,0,0
9.01152,0,-0.000259725,-0.0442824,2.05998,0,0,7.81295e-08,2.06046,0,0,0
9.01152,1,2.99974,-0.0442824,2.05998,-1.36566e-15,1.06496e-17,-2.51906e-08,3.63922,0,0,0
9.01152,2,2.99974,2.95572,2.05998,1.94032e-24,-1.01832e-24,4.08e-08,4.6881,0,0,0
9.01152,3,0,0,0,0,0,0,0,0,0,0
9.01152,4,0,0,0,0,0,0,0,0,0,0
9.01152,5,0,0,0,0,0,0,0,0,0,0
9.06312,0,-0.000259725,-0.0442824,2.05998,0,0,1.03377e-07,2.06046,0,0,0
9.06312,1,2.99974,-0.0442824,2.05998,-1.37192e-15,2.85855e-17,-9.11387e-08,3.63922,0,0,0
9.06312,2,2.99974,2.95572,2.05998,5.60078e-26,-4.58504e-25,-5.62901e-09,4.6881,0,0,0
9.06312,3,0,0,0,0,0,0,0,0,0,0
9.06312,4,0,0,0,0,0,0,0,0,0,0
9.06312,5,0,0,0,0,0,0,0,0,0,0
9.11846,0,-0.000259725,-0.0442824,2.05998,0,0,9.40932e-08,2.06046,0,0,0
9.11846,1,2.99974,-0.0442824,2.05998,-1.3781e-15,4.73976e-17,-1.23392e-07,3.63922,0,0,0
9.11846,2,2.99974,2.95572,2.05998,1.72328e-24,-6.64953e-24,-5.35006e-08,4.6881,0,0,0
9.11846,3,0,0,0,0,0,0,0,0,0,0
9.11846,4,0,0,0,0,0,0,0,0,0,0
9.11846,5,0,0,0,0,0,0,0,0,0,0
9.17137,0,-0.000259725,-0.0442824,2.05998,0,0,5.44641e-08,2.06046,0,0,0
9.17137,1,2.99974,-0.0442824,2.05998,-1.38504e-15,6.66554e-17,-8.51479e-08,3.63922,0,0,0
9.17137,2,2.99974,2.95572,2.05998,2.84107e-24,-1.39583e-23,-1.04638e-07,4.6881,0,0,0
9.17137,3,0,0,0,0,0,0,0,0,0,0
9.17137,4,0,0,0,0,0,0,0,0,0,0
9.17137,5,0,0,0,0,0,0,0,0,0,0
9.22316,0,-0.000259725,-0.0442824,2.05998,0,0,3.35533e-08,2.06046,0,0,0
9.22316,1,2.99974,-0.0442824,2.05998,-1.39232e-15,8.65462e-17,-6.11784e-08,3.63922,0,0,0
9.22316,2,2.99974,2.95572,2.05998,2.59473e-24,-1.32315e-23,-9.55656e-08,4.6881,0,0,0
9.22316,3,0,0,0,0,0,0,0,0,0,0
9.22316,4,0,0,0,0,0,0,0,0,0,0
9.22316,5,0,0,0,0,0,0,0,0,0,0
9.2771,0,-0.000259725,-0.0442824,2.05998,0,0,4.8799e-09,2.06046,0,0,0
9.2771,1,2.99974,-0.0442824,2.05998,-1.38257e-15,7.32803e-17,-4.77318e-08,3.63922,0,0,0
9.2771,2,2.99974,2.95572,2.05998,4.02863e-24,-8.61884e-24,-7.23902e-08,4.6881,0,0,0
9.2771,3,0,0,0,0,0,0,0,0,0,0
9.2771,4,0,0,0,0,0,0,0,0,0,0
9.2771,5,0,0,0,0,0,0,0,0,0,0
9.32725,0,-0.000259725,-0.0442824,2.05998,0,0,-1.21237e-08,2.06046,0,0,0
9.32725,1,2.99974,-0.0442824,2.05998,-1.37797e-15,7.91826e-17,-3.6391e-08,3.63922,0,0,0
9.32725,2,2.99974,2.95572,2.05998,3.2447e-24,-2.12505e-24,-3.38736e-08,4.6881,0,0,0
9.32725,3,0,0,0,0,0,0,0,0,0,0
9.32725,4,0,0,0,0,0,0,0,0,0,0
9.32725,5,0,0,0,0,0,0,0,0,0,0
9.3774,0,-0.000259725,-0.0442824,2.05998,0,0,-2.76249e-08,2.06046,0,0,0
9.3774,1,2.99974,-0.0442824,2.05998,-1.36759e-15,6.54444e-17,-3.14474e-08,3.63922,0,0,0
9.3774,2,2.99974,2.95572,2.05998,1.99488e-24,-2.96781e-25,-1.53029e-08,4.6881,0,0,0
9.3774,3,0,0,0,0,0,0,0,0,0,0
9.3774,4,0,0,0,0,0,0,0,0,0,0
9.3774,5,0,0,0,0,0,0,0,0,0,0
9.42932,0,-0.000259725,-0.0442824,2.05998,0,0,-4.03826e-08,2.06046,0,0,0
9.42932,1,2.99974,-0.0442824,2.05998,-1.36557e-15,6.77841e-17,-2.40293e-08,3.63922,0,0,0
9.42932,2,2.99974,2.95572,2.05998,5.82589e-27,1.30093e-27,-5.58997e-11,4.6881,0,0,0
9.42932,3,0,0,0,0,0,0,0,0,0,0
9.42932,4,0,0,0,0,0,0,0,0,0,0
9.42932,5,0,0,0,0,0,0,0,0,0,0
9.48197,0,-0.000259725,-0.0442824,2.05998,0,0,-5.74439e-08,2.06046,0,0,0
9.48197,1,2.99974,-0.0442824,2.05998,-1.36051e-15,7.31618e-17,-1.88047e-08,3.63922,0,0,0
9.48197,2,2.99974,2.95572,2.05998,-1.73405e-25,-7.28805e-26,3.72554e-09,4.6881,0,0,0
9.48197,3,0,0,0,0,0,0,0,0,0,0
9.48197,4,0,0,0,0,0,0,0,0,0,0
9.48197,5,0,0,0,0,0,0,0,0,0,0
9.53224,0,-0.000259725,-0.0442824,2.05998,0,0,-6.71381e-08,2.06046,0,0,0
9.53224,1,2.99974,-0.0442824,2.05998,-1.35195e-15,8.20353e-17,-1.26911e-08,3.63922,0,0,0
9.53224,2,2.99974,2.95572,2.05998,1.7535e-25,-2.85683e-25,1.1683e-08,4.6881,0,0,0
9.53224,3,0,0,0,0,0,0,0,0,0,0
9.53224,4,0,0,0,0,0,0,0,0,0,0
9.53224,5,0,0,0,0,0,0,0,0,0,0
9.58304,0,-0.000259725,-0.0442824,2.05998,0,0,-6.71381e-08,2.06046,0,0,0
9.58304,1,2.99974,-0.0442824,2.05998,-1.34104e-15,6.73837e-17,-8.45201e-09,3.63922,0,0,0
9.58304,2,2.99974,2.95572,2.05998,3.72072e-25,-7.26426e-25,2.10123e-08,4.6881,0,0,0
9.58304,3,0,0,0,0,0,0,0,0,0,0
9.58304,4,0,0,0,0,0,0,0,0,0,0
9.58304,5,0,0,0,0,0,0,0,0,0,0
9.63537,0,-0.000259725,-0.0442824,2.05998,0,0,-5.82271e-08,2.06046,0,0,0
9.63537,1,2.99974,-0.0442824,2.05998,-1.32968e-15,5.23422e-17,-5.75888e-09,3.63922,0,0,0
9.63537,2,2.99974,2.95572,2.05998,9.015e-26,-2.404e-25,2.96981e-08,4.6881,0,0,0
9.63537,3,0,0,0,0,0,0,0,0,0,0
9.63537,4,0,0,0,0,0,0,0,0,0,0
9.63537,5,0,0,0,0,0,0,0,0,0,0
9.68611,0,-0.000259725,-0.0442824,2.05998,0,0,-4.96629e-09,2.06046,0,0,0
9.68611,1,2.99974,-0.0442824,2.05998,-1.32665e-15,5.37142e-17,1.44948e-09,3.63922,0,0,0
9.68611,2,2.99974,2.95572,2.05998,5.05565e-25,5.69561e-25,3.79477e-08,4.6881,0,0,0
9.68611,3,0,0,0,0,0,0,0,0,0,0
9.68611,4,0,0,0,0,0,0,0,0,0,0
9.68611,5,0,0,0,0,0,0,0,0,0,0
9.74298,0,-0.000259725,-0.0442824,2.05998,0,0,3.71179e-08,2.06046,0,0,0
9.74298,1,2.99974,-0.0442824,2.05998,-1.32363e-15,5.50861e-17,7.52052e-09,3.63922,0,0,0
9.74298,2,2.99974,2.95572,2.05998,2.4335e-24,1.02902e-24,4.12286e-08,4.6881,0,0,0
9.74298,3,0,0,0,0,0,0,0,0,0,0
9.74298,4,0,0,0,0,0,0,0,0,0,0
9.74298,5,0,0,0,0,0,0,0,0,0,0
9.79456,0,-0.000259725,-0.0442824,2.05998,0,0,7.22836e-08,2.06046,0,0,0
9.79456,1,2.99974,-0.0442824,2.05998,-1.32061e-15,5.64581e-17,1.02599e-08,3.63922,0,0,0
9.79456,2,2.99974,2.95572,2.05998,5.17182e-24,2.39338e-24,4.47701e-08,4.6881,0,0,0
9.79456,3,0,0,0,0,0,0,0,0,0,0
9.79456,4,0,0,0,0,0,0,0,0,0,0
9.79456,5,0,0,0,0,0,0,0,0,0,0
9.84491,0,-0.000259725,-0.0442824,2.05998,0,0,9.69789e-08,2.06046,0,0,0
9.84491,1,2.99974,-0.0442824,2.05998,-1.31743e-15,5.78986e-17,1.58676e-08,3.63922,0,0,0
9.84491,2,2.99974,2.95572,2.05998,6.85191e-24,3.69213e-24,5.09149e-08,4.6881,0,0,0
9.84491,3,0,0,0,0,0,0,0,0,0,0
9.84491,4,0,0,0,0,0,0,0,0,0,0
9.84491,5,0,0,0,0,0,0,0,0,0,0
9.90341,0,-0.000259725,-0.0442824,2.05998,0,0,9.60416e-08,2.06046,0,0,0
9.90341,1,2.99974,-0.0442824,2.05998,-1.31425e-15,5.93392e-17,1.75564e-08,3.63922,0,0,0
9.90341,2,2.99974,2.95572,2.05998,5.77644e-24,5.06044e-24,5.73749e-08,4.6881,0,0,0
9.90341,3,0,0,0,0,0,0,0,0,0,0
9.90341,4,0,0,0,0,0,0,0,0,0,0
9.90341,5,0,0,0,0,0,0,0,0,0,0
9.95686,0,-0.000259725,-0.0442824,2.05998,0,0,5.39648e-08,2.06046,0,0,0
9.95686,1,2.99974,-0.0442824,2.05998,-1.30717e-15,3.88689e-17,1.99629e-08,3.63922,0,0,0
9.95686,2,2.99974,2.95572,2.05998,5.35745e-24,4.60231e-24,6.0511e-08,4.6881,0,0,0
9.95686,3,0,0,0,0,0,0,0,0,0,0
9.95686,4,0,0,0,0,0,0,0,0,0,0
9.95686,5,0,0,0,0,0,0,0,0,0,0
10.007,0,-0.000259725,-0.0442824,2.05998,0,0,5.39648e-08,2.06046,0,0,0
10.007,1,2.99974,-0.0442824,2.05998,-1.30366e-15,3.94713e-17,2.03459e-08,3.63922,0,0,0
10.007,2,2.99974,2.95572,2.05998,3.47218e-24,4.04406e-24,6.05562e-08,4.6881,0,0,0
10.007,3,0,0,0,0,0,0,0,0,0,0
10.007,4,0,0,0,0,0,0,0,0,0,0
10.007,5,0,0,0,0,0,0,0,0,0,0
10.0572,0,-0.000259725,-0.0442824,2.05998,0,0,1.1416e-08,2.06046,0,0,0
10.0572,1,2.99974,-0.0442824,2.05998,-1.30047e-15,4.0019e-17,2.06815e-08,3.63922,0,0,0
10.0572,2,2.99974,2.95572,2.05998,8.46692e-26,5.49678e-25,7.96931e-09,4.6881,0,0,0
10.0572,3,0,0,0,0,0,0,0,0,0,0
10.0572,4,0,0,0,0,0,0,0,0,0,0
10.0572,5,0,0,0,0,0,0,0,0,0,0
10.1125,0,-0.000259725,-0.0442824,2.05998,0,0,-1.10906e-08,2.06046,0,0,0
10.1125,1,2.99974,-0.0442824,2.05998,-1.29494e-15,1.70313e-17,2.36171e-08,3.63922,0,0,0
10.1125,2,2.99974,2.95572,2.05998,-8.52534e-25,9.4726e-26,-5.10637e-08,4.6881,0,0,0
10.1125,3,0,0,0,0,0,0,0,0,0,0
10.1125,4,0,0,0,0,0,0,0,0,0,0
10.1125,5,0,0,0,0,0,0,0,0,0,0
10.1626,0,-0.000259725,-0.0442824,2.05998,0,0,-2.69187e-08,2.06046,0,0,0
10.1626,1,2.99974,-0.0442824,2.05998,-1.29686e-15,1.09382e-17,2.78861e-08,3.63922,0,0,0
10.1626,2,2.99974,2.95572,2.05998,-2.52794e-24,5.14406e-24,-8.71512e-08,4.6881,0,0,0
10.1626,3,0,0,0,0,0,0,0,0,0,0
10.1626,4,0,0,0,0,0,0,0,0,0,0
10.1626,5,0,0,0,0,0,0,0,0,0,0
10.2128,0,-0.000259725,-0.0442824,2.05998,0,0,-3.84592e-08,2.06046,0,0,0
10.2128,1,2.99974,-0.0442824,2.05998,-1.2904e-15,-1.22129e-17,3.05163e-08,3.63922,0,0,0
10.2128,2,2.99974,2.95572,2.05998,4.57422e-25,9.11794e-24,-9.04131e-08,4.6881,0,0,0
10.2128,3,0,0,0,0,0,0,0,0,0,0
10.2128,4,0,0,0,0,0,0,0,0,0,0
10.2128,5,0,0,0,0,0,0,0,0,0,0
10.263,0,-0.000259725,-0.0442824,2.05998,0,0,-4.69708e-08,2.06046,0,0,0
10.263,1,2.99974,-0.0442824,2.05998,-1.28013e-15,-3.26359e-17,3.35983e-08,3.63922,0,0,0
10.263,2,2.99974,2.95572,2.05998,1.07511e-24,9.91159e-24,-8.73301e-08,4.6881,0,0,0
10.263,3,0,0,0,0,0,0,0,0,0,0
10.263,4,0,0,0,0,0,0,0,0,0,0
10.263,5,0,0,0,0,0,0,0,0,0,0
10.3157,0,-0.000259725,-0.0442824,2.05998,0,0,-5.60565e-08,2.06046,0,0,0
10.3157,1,2.99974,-0.0442824,2.05998,-1.27647e-15,-3.4863e-17,3.6443e-08,3.63922,0,0,0
10.3157,2,2.99974,2.95572,2.05998,-7.53218e-25,3.20118e-24,-4.2946e-08,4.6881,0,0,0
10.3157,3,0,0,0,0,0,0,0,0,0,0
10.3157,4,0,0,0,0,0,0,0,0,0,0
10.3157,5,0,0,0,0,0,0,0,0,0,0
10.3666,0,-0.000259725,-0.0442824,2.05998,0,0,-6.40002e-08,2.06046,0,0,0
10.3666,1,2.99974,-0.0442824,2.05998,-1.25505e-15,-7.19398e-17,4.02021e-08,3.63922,0,0,0
10.3666,2,2.99974,2.95572,2.05998,3.19709e-26,6.62862e-25,-1.26386e-08,4.6881,0,0,0
10.3666,3,0,0,0,0,0,0,0,0,0,0
10.3666,4,0,0,0,0,0,0,0,0,0,0
10.3666,5,0,0,0,0,0,0,0,0,0,0
10.4168,0,-0.000259725,-0.0442824,2.05998,0,0,-7.03725e-08,2.06046,0,0,0
10.4168,1,2.99974,-0.0442824,2.05998,-1.25069e-15,-7.55335e-17,4.12799e-08,3.63922,0,0,0
10.4168,2,2.99974,2.95572,2.05998,-4.13266e-25,-5.0379e-25,5.83466e-09,4.6881,0,0,0
10.4168,3,0,0,0,0,0,0,0,0,0,0
10.4168,4,0,0,0,0,0,0,0,0,0,0
10.4168,5,0,0,0,0,0,0,0,0,0,0
10.467,0,-0.000259725,-0.0442824,2.05998,0,0,-4.42683e-08,2.06046,0,0,0
10.467,1,2.99974,-0.0442824,2.05998,-1.24654e-15,-7.89562e-17,4.20152e-08,3.63922,0,0,0
10.467,2,2.99974,2.95572,2.05998,-2.37309e-24,-3.15669e-24,1.88883e-08,4.6881,0,0,0
10.467,3,0,0,0,0,0,0,0,0,0,0
10.467,4,0,0,0,0,0,0,0,0,0,0
10.467,5,0,0,0,0,0,0,0,0,0,0
10.5171,0,-0.000259725,-0.0442824,2.05998,0,0,1.97174e-08,2.06046,0,0,0
10.5171,1,2.99974,-0.0442824,2.05998,-1.24557e-15,-8.59328e-17,4.29324e-08,3.63922,0,0,0
10.5171,2,2.99974,2.95572,2.05998,-2.76242e-24,-4.9286e-24,3.24365e-08,4.6881,0,0,0
10.5171,3,0,0,0,0,0,0,0,0,0,0
10.5171,4,0,0,0,0,0,0,0,0,0,0
10.5171,5,0,0,0,0,0,0,0,0,0,0
10.5786,0,-0.000259725,-0.0442824,2.05998,0,0,6.25838e-08,2.06046,0,0,0
10.5786,1,2.99974,-0.0442824,2.05998,-1.24114e-15,-8.98321e-17,4.3609e-08,3.63922,0,0,0
10.5786,2,2.99974,2.95572,2.05998,-1.41888e-24,-2.98543e-24,3.80706e-08,4.6881,0,0,0
10.5786,3,0,0,0,0,0,0,0,0,0,0
10.5786,4,0,0,0,0,0,0,0,0,0,0
10.5786,5,0,0,0,0,0,0,0,0,0,0
10.6315,0,-0.000259725,-0.0442824,2.05998,0,0,9.21685e-08,2.06046,0,0,0
10.6315,1,2.99974,-0.0442824,2.05998,-1.24059e-15,-9.68599e-17,4.39951e-08,3.63922,0,0,0
10.6315,2,2.99974,2.95572,2.05998,-8.8957e-25,1.69522e-24,4.97634e-08,4.6881,0,0,0
10.6315,3,0,0,0,0,0,0,0,0,0,0
10.6315,4,0,0,0,0,0,0,0,0,0,0
10.6315,5,0,0,0,0,0,0,0,0,0,0
10.6901,0,-0.000259725,-0.0442824,2.05998,0,0,1.06332e-07,2.06046,0,0,0
10.6901,1,2.99974,-0.0442824,2.05998,-1.23847e-15,-1.02313e-16,4.33941e-08,3.63922,0,0,0
10.6901,2,2.99974,2.95572,2.05998,-4.30628e-24,2.02704e-24,5.53907e-08,4.6881,0,0,0
10.6901,3,0,0,0,0,0,0,0,0,0,0
10.6901,4,0,0,0,0,0,0,0,0,0,0
10.6901,5,0,0,0,0,0,0,0,0,0,0
10.7505,0,-0.000259725,-0.0442824,2.05998,0,0,7.80955e-08,2.06046,0,0,0
10.7505,1,2.99974,-0.0442824,2.05998,-1.24337e-15,-8.88888e-17,4.24263e-08,3.63922,0,0,0
10.7505,2,2.99974,2.95572,2.05998,-5.83183e-24,3.26999e-24,6.17522e-08,4.6881,0,0,0
10.7505,3,0,0,0,0,0,0,0,0,0,0
10.7505,4,0,0,0,0,0,0,0,0,0,0
10.7505,5,0,0,0,0,0,0,0,0,0,0
10.8316,0,-0.000259725,-0.0442824,2.05998,0,0,3.59034e-08,2.06046,0,0,0
10.8316,1,2.99974,-0.0442824,2.05998,-1.23987e-15,-9.19706e-17,-2.79701e-08,3.63922,0,0,0
10.8316,2,2.99974,2.95572,2.05998,-4.22373e-24,2.15959e-24,3.53752e-08,4.6881,0,0,0
10.8316,3,0,0,0,0,0,0,0,0,0,0
10.8316,4,0,0,0,0,0,0,0,0,0,0
10.8316,5,0,0,0,0,0,0,0,0,0,0
10.8991,0,-0.000259725,-0.0442824,2.05998,0,0,1.28254e-08,2.06046,0,0,0
10.8991,1,2.99974,-0.0442824,2.05998,-1.23637e-15,-9.50523e-17,-4.27039e-08,3.63922,0,0,0
10.8991,2,2.99974,2.95572,2.05998,-1.9558e-24,7.83595e-25,1.25922e-08,4.6881,0,0,0
10.8991,3,0,0,0,0,0,0,0,0,0,0
10.8991,4,0,0,0,0,0,0,0,0,0,0
10.8991,5,0,0,0,0,0,0,0,0,0,0
10.97,0,-0.000259725,-0.0442824,2.05998,0,0,-8.54962e-09,2.06046,0,0,0
10.97,1,2.99974,-0.0442824,2.05998,-1.25062e-15,-6.31533e-17,-1.2923e-07,3.63922,0,0,0
10.97,2,2.99974,2.95572,2.05998,1.16438e-23,-4.91741e-24,-7.55414e-08,4.6881,0,0,0
10.97,3,0,0,0,0,0,0,0,0,0,0
10.97,4,0,0,0,0,0,0,0,0,0,0
10.97,5,0,0,0,0,0,0,0,0,0,0
11.0283,0,-0.000259725,-0.0442824,2.05998,0,0,-2.26246e-08,2.06046,0,0,0
11.0283,1,2.99974,-0.0442824,2.05998,-1.24779e-15,-6.49261e-17,-1.32417e-07,3.63922,0,0,0
11.0283,2,2.99974,2.95572,2.05998,6.36062e-24,-8.38222e-25,-9.74595e-08,4.6881,0,0,0
11.0283,3,0,0,0,0,0,0,0,0,0,0
11.0283,4,0,0,0,0,0,0,0,0,0,0
11.0283,5,0,0,0,0,0,0,0,0,0,0
11.0801,0,-0.000259725,-0.0442824,2.05998,0,0,-3.72447e-08,2.06046,0,0,0
11.0801,1,2.99974,-0.0442824,2.05998,-1.24497e-15,-6.66988e-17,-8.45496e-08,3.63922,0,0,0
11.0801,2,2.99974,2.95572,2.05998,-1.85059e-24,3.29405e-24,-1.09735e-07,4.6881,0,0,0
11.0801,3,0,0,0,0,0,0,0,0,0,0
11.0801,4,0,0,0,0,0,0,0,0,0,0
11.0801,5,0,0,0,0,0,0,0,0,0,0
11.1355,0,-0.000259725,-0.0442824,2.05998,0,0,-4.89559e-08,2.06046,0,0,0
11.1355,1,2.99974,-0.0442824,2.05998,-1.25079e-15,-5.16602e-17,-5.84731e-08,3.63922,0,0,0
11.1355,2,2.99974,2.95572,2.05998,-3.73173e-24,3.66409e-24,-6.68526e-08,4.6881,0,0,0
11.1355,3,0,0,0,0,0,0,0,0,0,0
11.1355,4,0,0,0,0,0,0,0,0,0,0
11.1355,5,0,0,0,0,0,0,0,0,0,0
11.1892,0,-0.000259725,-0.0442824,2.05998,0,0,-5.59594e-08,2.06046,0,0,0
11.1892,1,2.99974,-0.0442824,2.05998,-1.24831e-15,-5.27863e-17,-4.10456e-08,3.63922,0,0,0
11.1892,2,2.99974,2.95572,2.05998,-2.40662e-24,1.27732e-24,-3.25071e-08,4.6881,0,0,0
11.1892,3,0,0,0,0,0,0,0,0,0,0
11.1892,4,0,0,0,0,0,0,0,0,0,0
11.1892,5,0,0,0,0,0,0,0,0,0,0
11.2409,0,-0.000259725,-0.0442824,2.05998,0,0,-6.20188e-08,2.06046,0,0,0
11.2409,1,2.99974,-0.0442824,2.05998,-1.24582e-15,-5.39124e-17,-2.82142e-08,3.63922,0,0,0
11.2409,2,2.99974,2.95572,2.05998,-7.37001e-25,-3.70352e-27,-7.32031e-09,4.6881,0,0,0
11.2409,3,0,0,0,0,0,0,0,0,0,0
11.2409,4,0,0,0,0,0,0,0,0,0,0
11.2409,5,0,0,0,0,0,0,0,0,0,0
11.2911,0,-0.000259725,-0.0442824,2.05998,0,0,-6.87739e-08,2.06046,0,0,0
11.2911,1,2.99974,-0.0442824,2.05998,-1.24321e-15,-5.50948e-17,-1.69762e-08,3.63922,0,0,0
11.2911,2,2.99974,2.95572,2.05998,7.45463e-25,4.69624e-25,1.03522e-08,4.6881,0,0,0
11.2911,3,0,0,0,0,0,0,0,0,0,0
11.2911,4,0,0,0,0,0,0,0,0,0,0
11.2911,5,0,0,0,0,0,0,0,0,0,0
11.3464,0,-0.000259725,-0.0442824,2.05998,0,0,-7.49635e-08,2.06046,0,0,0
11.3464,1,2.99974,-0.0442824,2.05998,-1.23739e-15,-5.32453e-17,-6.15633e-09,3.63922,0,0,0
11.3464,2,2.99974,2.95572,2.05998,9.16004e-25,1.41217e-24,2.82899e-08,4.6881,0,0,0
11.3464,3,0,0,0,0,0,0,0,0,0,0
11.3464,4,0,0,0,0,0,0,0,0,0,0
11.3464,5,0,0,0,0,0,0,0,0,0,0
11.397,0,-0.000259725,-0.0442824,2.05998,0,0,-7.0627e-08,2.06046,0,0,0
11.397,1,2.99974,-0.0442824,2.05998,-1.23886e-15,-3.23996e-17,4.62253e-09,3.63922,0,0,0
11.397,2,2.99974,2.95572,2.05998,1.95279e-24,2.48262e-24,4.4882e-08,4.6881,0,0,0
11.397,3,0,0,0,0,0,0,0,0,0,0
11.397,4,0,0,0,0,0,0,0,0,0,0
11.397,5,0,0,0,0,0,0,0,0,0,0
11.4487,0,-0.000259725,-0.0442824,2.05998,0,0,9.26081e-09,2.06046,0,0,0
11.4487,1,2.99974,-0.0442824,2.05998,-1.23344e-15,-2.95963e-17,7.73585e-09,3.63922,0,0,0
11.4487,2,2.99974,2.95572,2.05998,3.79946e-24,4.69106e-24,6.00795e-08,4.6881,0,0,0
11.4487,3,0,0,0,0,0,0,0,0,0,0
11.4487,4,0,0,0,0,0,0,0,0,0,0
11.4487,5,0,0,0,0,0,0,0,0,0,0
11.5016,0,-0.000259725,-0.0442824,2.05998,0,0,5.84997e-08,2.06046,0,0,0
11.5016,1,2.99974,-0.0442824,2.05998,-1.23342e-15,-6.30804e-18,1.90524e-08,3.63922,0,0,0
11.5016,2,2.99974,2.95572,2.05998,2.35013e-24,5.11642e-24,7.25814e-08,4.6881,0,0,0
11.5016,3,0,0,0,0,0,0,0,0,0,0
11.5016,4,0,0,0,0,0,0,0,0,0,0
11.5016,5,0,0,0,0,0,0,0,0,0,0
11.5522,0,-0.000259725,-0.0442824,2.05998,0,0,8.94382e-08,2.06046,0,0,0
11.5522,1,2.99974,-0.0442824,2.05998,-1.23986e-15,1.15081e-17,2.51665e-08,3.63922,0,0,0
11.5522,2,2.99974,2.95572,2.05998,-4.56997e-25,7.15962e-24,8.21174e-08,4.6881,0,0,0
11.5522,3,0,0,0,0,0,0,0,0,0,0
11.5522,4,0,0,0,0,0,0,0,0,0,0
11.5522,5,0,0,0,0,0,0,0,0,0,0
11.6059,0,-0.000259725,-0.0442824,2.05998,0,0,1.16246e-07,2.06046,0,0,0
11.6059,1,2.99974,-0.0442824,2.05998,-1.23776e-15,1.2965e-17,3.08133e-08,3.63922,0,0,0
11.6059,2,2.99974,2.95572,2.05998,-1.46243e-24,5.97688e-24,9.42588e-08,4.6881,0,0,0
11.6059,3,0,0,0,0,0,0,0,0,0,0
11.6059,4,0,0,0,0,0,0,0,0,0,0
11.6059,5,0,0,0,0,0,0,0,0,0,0
11.6585,0,-0.000259725,-0.0442824,2.05998,0,0,1.36857e-07,2.06046,0,0,0
11.6585,1,2.99974,-0.0442824,2.05998,-1.23567e-15,1.4422e-17,3.60817e-08,3.63922,0,0,0
11.6585,2,2.99974,2.95572,2.05998,-1.69902e-24,-6.55527e-25,7.93287e-08,4.6881,0,0,0
11.6585,3,0,0,0,0,0,0,0,0,0,0
11.6585,4,0,0,0,0,0,0,0,0,0,0
11.6585,5,0,0,0,0,0,0,0,0,0,0
11.7087,0,-0.000259725,-0.0442824,2.05998,0,0,7.80762e-08,2.06046,0,0,0
11.7087,1,2.99974,-0.0442824,2.05998,-1.24065e-15,3.46753e-17,4.2436e-08,3.63922,0,0,0
11.7087,2,2.99974,2.95572,2.05998,-2.02828e-24,-1.638e-24,3.50646e-08,4.6881,0,0,0
11.7087,3,0,0,0,0,0,0,0,0,0,0
11.7087,4,0,0,0,0,0,0,0,0,0,0
11.7087,5,0,0,0,0,0,0,0,0,0,0
11.764,0,-0.000259725,-0.0442824,2.05998,0,0,5.18002e-08,2.06046,0,0,0
11.764,1,2.99974,-0.0442824,2.05998,-1.23883e-15,3.68465e-17,4.89752e-08,3.63922,0,0,0
11.764,2,2.99974,2.95572,2.05998,6.67847e-25,4.79202e-25,-6.42883e-09,4.6881,0,0,0
11.764,3,0,0,0,0,0,0,0,0,0,0
11.764,4,0,0,0,0,0,0,0,0,0,0
11.764,5,0,0,0,0,0,0,0,0,0,0
11.8171,0,-0.000259725,-0.0442824,2.05998,0,0,3.2838e-08,2.06046,0,0,0
11.8171,1,2.99974,-0.0442824,2.05998,-1.23693e-15,3.91263e-17,5.14668e-08,3.63922,0,0,0
11.8171,2,2.99974,2.95572,2.05998,2.01496e-24,2.96403e-24,-4.32905e-08,4.6881,0,0,0
11.8171,3,0,0,0,0,0,0,0,0,0,0
11.8171,4,0,0,0,0,0,0,0,0,0,0
11.8171,5,0,0,0,0,0,0,0,0,0,0
11.8698,0,-0.000259725,-0.0442824,2.05998,0,0,2.25922e-08,2.06046,0,0,0
11.8698,1,2.99974,-0.0442824,2.05998,-1.23502e-15,4.14062e-17,5.75492e-08,3.63922,0,0,0
11.8698,2,2.99974,2.95572,2.05998,-2.29357e-24,3.89007e-24,-6.6668e-08,4.6881,0,0,0
11.8698,3,0,0,0,0,0,0,0,0,0,0
11.8698,4,0,0,0,0,0,0,0,0,0,0
11.8698,5,0,0,0,0,0,0,0,0,0,0
11.9229,0,-0.000259725,-0.0442824,2.05998,0,0,1.14105e-08,2.06046,0,0,0
11.9229,1,2.99974,-0.0442824,2.05998,-1.23815e-15,6.45298e-17,6.30832e-08,3.63922,0,0,0
11.9229,2,2.99974,2.95572,2.05998,-3.17046e-24,3.85516e-24,-8.82629e-08,4.6881,0,0,0
11.9229,3,0,0,0,0,0,0,0,0,0,0
11.9229,4,0,0,0,0,0,0,0,0,0,0
11.9229,5,0,0,0,0,0,0,0,0,0,0
11.9772,0,-0.000259725,-0.0442824,2.05998,0,0,3.87552e-09,2.06046,0,0,0
11.9772,1,2.99974,-0.0442824,2.05998,-1.23646e-15,6.76415e-17,6.32057e-08,3.63922,0,0,0
11.9772,2,2.99974,2.95572,2.05998,-7.48405e-25,5.34575e-25,-9.05683e-08,4.6881,0,0,0
11.9772,3,0,0,0,0,0,0,0,0,0,0
11.9772,4,0,0,0,0,0,0,0,0,0,0
11.9772,5,0,0,0,0,0,0,0,0,0,0
12.0301,0,-0.000259725,-0.0442824,2.05998,0,0,-3.51195e-09,2.06046,0,0,0
12.0301,1,2.99974,-0.0442824,2.05998,-1.22609e-15,5.3745e-17,6.72934e-08,3.63922,0,0,0
12.0301,2,2.99974,2.95572,2.05998,-1.04025e-24,-1.04025e-24,-5.50749e-08,4.6881,0,0,0
12.0301,3,0,0,0,0,0,0,0,0,0,0
12.0301,4,0,0,0,0,0,0,0,0,0,0
12.0301,5,0,0,0,0,0,0,0,0,0,0
12.0803,0,-0.000259725,-0.0442824,2.05998,0,0,-1.06687e-08,2.06046,0,0,0
12.0803,1,2.99974,-0.0442824,2.05998,-1.22414e-15,5.60623e-17,7.0902e-08,3.63922,0,0,0
12.0803,2,2.99974,2.95572,2.05998,-4.47199e-25,-6.40028e-25,-1.21641e-08,4.6881,0,0,0
12.0803,3,0,0,0,0,0,0,0,0,0,0
12.0803,4,0,0,0,0,0,0,0,0,0,0
12.0803,5,0,0,0,0,0,0,0,0,0,0
12.1316,0,-0.000259725,-0.0442824,2.05998,0,0,-1.72026e-08,2.06046,0,0,0
12.1316,1,2.99974,-0.0442824,2.05998,-1.22219e-15,5.83795e-17,6.57435e-08,3.63922,0,0,0
12.1316,2,2.99974,2.95572,2.05998,6.34669e-27,1.63745e-24,1.88171e-08,4.6881,0,0,0
12.1316,3,0,0,0,0,0,0,0,0,0,0
12.1316,4,0,0,0,0,0,0,0,0,0,0
12.1316,5,0,0,0,0,0,0,0,0,0,0
12.1818,0,-0.000259725,-0.0442824,2.05998,0,0,-2.3463e-08,2.06046,0,0,0
12.1818,1,2.99974,-0.0442824,2.05998,-1.22024e-15,6.06968e-17,3.04505e-09,3.63922,0,0,0
12.1818,2,2.99974,2.95572,2.05998,-8.82481e-25,3.12973e-24,3.04237e-08,4.6881,0,0,0
12.1818,3,0,0,0,0,0,0,0,0,0,0
12.1818,4,0,0,0,0,0,0,0,0,0,0
12.1818,5,0,0,0,0,0,0,0,0,0,0
12.2345,0,-0.000259725,-0.0442824,2.05998,0,0,-2.7608e-08,2.06046,0,0,0
12.2345,1,2.99974,-0.0442824,2.05998,-1.21829e-15,6.30141e-17,-5.26655e-08,3.63922,0,0,0
12.2345,2,2.99974,2.95572,2.05998,-1.4148e-24,1.8864e-24,6.07928e-08,4.6881,0,0,0
12.2345,3,0,0,0,0,0,0,0,0,0,0
12.2345,4,0,0,0,0,0,0,0,0,0,0
12.2345,5,0,0,0,0,0,0,0,0,0,0
12.2878,0,-0.000259725,-0.0442824,2.05998,0,0,-2.9335e-08,2.06046,0,0,0
12.2878,1,2.99974,-0.0442824,2.05998,-1.21624e-15,6.54473e-17,-8.63882e-08,3.63922,0,0,0
12.2878,2,2.99974,2.95572,2.05998,2.79042e-25,-9.09919e-25,7.19411e-08,4.6881,0,0,0
12.2878,3,0,0,0,0,0,0,0,0,0,0
12.2878,4,0,0,0,0,0,0,0,0,0,0
12.2878,5,0,0,0,0,0,0,0,0,0,0
12.3397,0,-0.000259725,-0.0442824,2.05998,0,0,-2.98573e-08,2.06046,0,0,0
12.3397,1,2.99974,-0.0442824,2.05998,-1.21419e-15,6.78805e-17,-1.15916e-07,3.63922,0,0,0
12.3397,2,2.99974,2.95572,2.05998,1.43139e-23,-6.16697e-24,9.62329e-08,4.6881,0,0,0
12.3397,3,0,0,0,0,0,0,0,0,0,0
12.3397,4,0,0,0,0,0,0,0,0,0,0
12.3397,5,0,0,0,0,0,0,0,0,0,0
12.3924,0,-0.000259725,-0.0442824,2.05998,0,0,-3.00221e-08,2.06046,0,0,0
12.3924,1,2.99974,-0.0442824,2.05998,-1.20333e-15,5.33901e-17,-1.03204e-07,3.63922,0,0,0
12.3924,2,2.99974,2.95572,2.05998,2.14739e-23,-5.54905e-24,9.73504e-08,4.6881,0,0,0
12.3924,3,0,0,0,0,0,0,0,0,0,0
12.3924,4,0,0,0,0,0,0,0,0,0,0
12.3924,5,0,0,0,0,0,0,0,0,0,0
12.4425,0,-0.000259725,-0.0442824,2.05998,0,0,-2.99059e-08,2.06046,0,0,0
12.4425,1,2.99974,-0.0442824,2.05998,-1.20104e-15,5.50606e-17,-5.42571e-08,3.63922,0,0,0
12.4425,2,2.99974,2.95572,2.05998,8.12023e-24,-5.85996e-25,4.964e-08,4.6881,0,0,0
12.4425,3,0,0,0,0,0,0,0,0,0,0
12.4425,4,0,0,0,0,0,0,0,0,0,0
12.4425,5,0,0,0,0,0,0,0,0,0,0
12.4938,0,-0.000259725,-0.0442824,2.05998,0,0,-3.16883e-08,2.06046,0,0,0
12.4938,1,2.99974,-0.0442824,2.05998,-1.20372e-15,7.76532e-17,-3.05339e-08,3.63922,0,0,0
12.4938,2,2.99974,2.95572,2.05998,2.28649e-25,1.68617e-25,2.61743e-09,4.6881,0,0,0
12.4938,3,0,0,0,0,0,0,0,0,0,0
12.4938,4,0,0,0,0,0,0,0,0,0,0
12.4938,5,0,0,0,0,0,0,0,0,0,0
12.5492,0,-0.000259725,-0.0442824,2.05998,0,0,-3.56525e-08,2.06046,0,0,0
12.5492,1,2.99974,-0.0442824,2.05998,-1.19283e-15,6.32184e-17,-1.2524e-08,3.63922,0,0,0
12.5492,2,2.99974,2.95572,2.05998,-2.19649e-24,-2.05619e-24,-2.59972e-08,4.6881,0,0,0
12.5492,3,0,0,0,0,0,0,0,0,0,0
12.5492,4,0,0,0,0,0,0,0,0,0,0
12.5492,5,0,0,0,0,0,0,0,0,0,0
12.5996,0,-0.000259725,-0.0442824,2.05998,0,0,-3.81939e-08,2.06046,0,0,0
12.5996,1,2.99974,-0.0442824,2.05998,-1.1904e-15,6.50295e-17,4.36174e-09,3.63922,0,0,0
12.5996,2,2.99974,2.95572,2.05998,-6.54753e-25,-9.59707e-25,-5.31852e-08,4.6881,0,0,0
12.5996,3,0,0,0,0,0,0,0,0,0,0
12.5996,4,0,0,0,0,0,0,0,0,0,0
12.5996,5,0,0,0,0,0,0,0,0,0,0
12.6506,0,-0.000259725,-0.0442824,2.05998,0,0,-3.90731e-08,2.06046,0,0,0
12.6506,1,2.99974,-0.0442824,2.05998,-1.18797e-15,6.68406e-17,1.57136e-08,3.63922,0,0,0
12.6506,2,2.99974,2.95572,2.05998,5.47932e-24,4.60922e-24,-6.97231e-08,4.6881,0,0,0
12.6506,3,0,0,0,0,0,0,0,0,0,0
12.6506,4,0,0,0,0,0,0,0,0,0,0
12.6506,5,0,0,0,0,0,0,0,0,0,0
12.7008,0,-0.000259725,-0.0442824,2.05998,0,0,-3.79582e-08,2.06046,0,0,0
12.7008,1,2.99974,-0.0442824,2.05998,-1.17687e-15,5.15888e-17,2.81787e-08,3.63922,0,0,0
12.7008,2,2.99974,2.95572,2.05998,8.74113e-24,7.72929e-24,-8.33322e-08,4.6881,0,0,0
12.7008,3,0,0,0,0,0,0,0,0,0,0
12.7008,4,0,0,0,0,0,0,0,0,0,0
12.7008,5,0,0,0,0,0,0,0,0,0,0
12.7517,0,-0.000259725,-0.0442824,2.05998,0,0,-4.11562e-08,2.06046,0,0,0
12.7517,1,2.99974,-0.0442824,2.05998,-1.17411e-15,5.27448e-17,3.90568e-08,3.63922,0,0,0
12.7517,2,2.99974,2.95572,2.05998,8.46974e-24,7.29948e-24,-8.67415e-08,4.6881,0,0,0
12.7517,3,0,0,0,0,0,0,0,0,0,0
12.7517,4,0,0,0,0,0,0,0,0,0,0
12.7517,5,0,0,0,0,0,0,0,0,0,0
12.8019,0,-0.000259725,-0.0442824,2.05998,0,0,-4.11755e-08,2.06046,0,0,0
12.8019,1,2.99974,-0.0442824,2.05998,-1.17135e-15,5.39008e-17,5.12012e-08,3.63922,0,0,0
12.8019,2,2.99974,2.95572,2.05998,3.02785e-24,5.07392e-24,-4.8922e-08,4.6881,0,0,0
12.8019,3,0,0,0,0,0,0,0,0,0,0
12.8019,4,0,0,0,0,0,0,0,0,0,0
12.8019,5,0,0,0,0,0,0,0,0,0,0
12.8521,0,-0.000259725,-0.0442824,2.05998,0,0,-3.99962e-08,2.06046,0,0,0
12.8521,1,2.99974,-0.0442824,2.05998,-1.16845e-15,5.51147e-17,5.85917e-08,3.63922,0,0,0
12.8521,2,2.99974,2.95572,2.05998,-7.5073e-25,-1.56883e-24,9.51204e-09,4.6881,0,0,0
12.8521,3,0,0,0,0,0,0,0,0,0,0
12.8521,4,0,0,0,0,0,0,0,0,0,0
12.8521,5,0,0,0,0,0,0,0,0,0,0
12.9023,0,-0.000259725,-0.0442824,2.05998,0,0,-2.78031e-08,2.06046,0,0,0
12.9023,1,2.99974,-0.0442824,2.05998,-1.16541e-15,5.63863e-17,7.03834e-08,3.63922,0,0,0
12.9023,2,2.99974,2.95572,2.05998,-2.34351e-24,-3.72345e-24,2.35134e-08,4.6881,0,0,0
12.9023,3,0,0,0,0,0,0,0,0,0,0
12.9023,4,0,0,0,0,0,0,0,0,0,0
12.9023,5,0,0,0,0,0,0,0,0,0,0
12.9601,0,-0.000259725,-0.0442824,2.05998,0,0,4.65321e-08,2.06046,0,0,0
12.9601,1,2.99974,-0.0442824,2.05998,-1.16266e-15,5.75423e-17,7.85642e-08,3.63922,0,0,0
12.9601,2,2.99974,2.95572,2.05998,-2.92513e-24,-6.07396e-24,5.10156e-08,4.6881,0,0,0
12.9601,3,0,0,0,0,0,0,0,0,0,0
12.9601,4,0,0,0,0,0,0,0,0,0,0
12.9601,5,0,0,0,0,0,0,0,0,0,0
13.0104,0,-0.000259725,-0.0442824,2.05998,0,0,1.02086e-07,2.06046,0,0,0
13.0104,1,2.99974,-0.0442824,2.05998,-1.15417e-15,3.83233e-17,8.80764e-08,3.63922,0,0,0
13.0104,2,2.99974,2.95572,2.05998,-1.99173e-24,-9.79605e-24,8.0343e-08,4.6881,0,0,0
13.0104,3,0,0,0,0,0,0,0,0,0,0
13.0104,4,0,0,0,0,0,0,0,0,0,0
13.0104,5,0,0,0,0,0,0,0,0,0,0
13.0612,0,-0.000259725,-0.0442824,2.05998,0,0,1.32419e-07,2.06046,0,0,0
13.0612,1,2.99974,-0.0442824,2.05998,-1.15118e-15,3.87109e-17,8.58582e-08,3.63922,0,0,0
13.0612,2,2.99974,2.95572,2.05998,1.1955e-24,-1.02027e-23,9.711e-08,4.6881,0,0,0
13.0612,3,0,0,0,0,0,0,0,0,0,0
13.0612,4,0,0,0,0,0,0,0,0,0,0
13.0612,5,0,0,0,0,0,0,0,0,0,0
13.1172,0,-0.000259725,-0.0442824,2.05998,0,0,9.85202e-08,2.06046,0,0,0
13.1172,1,2.99974,-0.0442824,2.05998,-1.14805e-15,3.91179e-17,1.79589e-09,3.63922,0,0,0
13.1172,2,2.99974,2.95572,2.05998,6.07147e-24,-3.58133e-24,8.29545e-08,4.6881,0,0,0
13.1172,3,0,0,0,0,0,0,0,0,0,0
13.1172,4,0,0,0,0,0,0,0,0,0,0
13.1172,5,0,0,0,0,0,0,0,0,0,0
13.1677,0,-0.000259725,-0.0442824,2.05998,0,0,6.47137e-08,2.06046,0,0,0
13.1677,1,2.99974,-0.0442824,2.05998,-1.14421e-15,1.44503e-17,-1.91217e-08,3.63922,0,0,0
13.1677,2,2.99974,2.95572,2.05998,1.36394e-24,-5.58795e-25,3.56291e-08,4.6881,0,0,0
13.1677,3,0,0,0,0,0,0,0,0,0,0
13.1677,4,0,0,0,0,0,0,0,0,0,0
13.1677,5,0,0,0,0,0,0,0,0,0,0
13.2179,0,-0.000259725,-0.0442824,2.05998,0,0,5.19492e-08,2.06046,0,0,0
13.2179,1,2.99974,-0.0442824,2.05998,-1.14087e-15,1.3842e-17,-6.70616e-08,3.63922,0,0,0
13.2179,2,2.99974,2.95572,2.05998,9.10445e-26,-2.02405e-25,-4.46173e-09,4.6881,0,0,0
13.2179,3,0,0,0,0,0,0,0,0,0,0
13.2179,4,0,0,0,0,0,0,0,0,0,0
13.2179,5,0,0,0,0,0,0,0,0,0,0
13.2694,0,-0.000259725,-0.0442824,2.05998,0,0,4.34334e-08,2.06046,0,0,0
13.2694,1,2.99974,-0.0442824,2.05998,-1.13783e-15,1.32889e-17,-7.91317e-08,3.63922,0,0,0
13.2694,2,2.99974,2.95572,2.05998,-4.1148e-25,-2.88993e-24,-2.83717e-08,4.6881,0,0,0
13.2694,3,0,0,0,0,0,0,0,0,0,0
13.2694,4,0,0,0,0,0,0,0,0,0,0
13.2694,5,0,0,0,0,0,0,0,0,0,0
13.3233,0,-0.000259725,-0.0442824,2.05998,0,0,3.68634e-08,2.06046,0,0,0
13.3233,1,2.99974,-0.0442824,2.05998,-1.1348e-15,1.27359e-17,-1.06321e-07,3.63922,0,0,0
13.3233,2,2.99974,2.95572,2.05998,-2.57203e-24,-5.50935e-24,-4.42071e-08,4.6881,0,0,0
13.3233,3,0,0,0,0,0,0,0,0,0,0
13.3233,4,0,0,0,0,0,0,0,0,0,0
13.3233,5,0,0,0,0,0,0,0,0,0,0
13.3735,0,-0.000259725,-0.0442824,2.05998,0,0,3.39999e-08,2.06046,0,0,0
13.3735,1,2.99974,-0.0442824,2.05998,-1.13104e-15,3.87752e-17,-1.00018e-07,3.63922,0,0,0
13.3735,2,2.99974,2.95572,2.05998,1.91102e-25,-7.07079e-24,-5.66594e-08,4.6881,0,0,0
13.3735,3,0,0,0,0,0,0,0,0,0,0
13.3735,4,0,0,0,0,0,0,0,0,0,0
13.3735,5,0,0,0,0,0,0,0,0,0,0
13.4293,0,-0.000259725,-0.0442824,2.05998,0,0,3.14608e-08,2.06046,0,0,0
13.4293,1,2.99974,-0.0442824,2.05998,-1.12488e-15,4.23371e-17,-7.19408e-08,3.63922,0,0,0
13.4293,2,2.99974,2.95572,2.05998,3.0917e-24,-8.04787e-24,-6.99733e-08,4.6881,0,0,0
13.4293,3,0,0,0,0,0,0,0,0,0,0
13.4293,4,0,0,0,0,0,0,0,0,0,0
13.4293,5,0,0,0,0,0,0,0,0,0,0
13.4848,0,-0.000259725,-0.0442824,2.05998,0,0,2.97734e-08,2.06046,0,0,0
13.4848,1,2.99974,-0.0442824,2.05998,-1.13104e-15,8.48622e-17,-2.5892e-08,3.63922,0,0,0
13.4848,2,2.99974,2.95572,2.05998,2.93397e-24,-6.71553e-24,-7.7323e-08,4.6881,0,0,0
13.4848,3,0,0,0,0,0,0,0,0,0,0
13.4848,4,0,0,0,0,0,0,0,0,0,0
13.4848,5,0,0,0,0,0,0,0,0,0,0
13.5394,0,-0.000259725,-0.0442824,2.05998,0,0,2.68319e-08,2.06046,0,0,0
13.5394,1,2.99974,-0.0442824,2.05998,-1.1187e-15,9.65768e-17,8.78454e-09,3.63922,0,0,0
13.5394,2,2.99974,2.95572,2.05998,-3.95067e-25,-3.34206e-24,-6.33148e-08,4.6881,0,0,0
13.5394,3,0,0,0,0,0,0,0,0,0,0
13.5394,4,0,0,0,0,0,0,0,0,0,0
13.5394,5,0,0,0,0,0,0,0,0,0,0
13.5899,0,-0.000259725,-0.0442824,2.05998,0,0,2.79972e-08,2.06046,0,0,0
13.5899,1,2.99974,-0.0442824,2.05998,-1.10779e-15,1.06856e-16,1.55344e-08,3.63922,0,0,0
13.5899,2,2.99974,2.95572,2.05998,-3.4511e-26,1.94124e-26,-2.13168e-09,4.6881,0,0,0
13.5899,3,0,0,0,0,0,0,0,0,0,0
13.5899,4,0,0,0,0,0,0,0,0,0,0
13.5899,5,0,0,0,0,0,0,0,0,0,0
13.6401,0,-0.000259725,-0.0442824,2.05998,0,0,2.95516e-08,2.06046,0,0,0
13.6401,1,2.99974,-0.0442824,2.05998,-1.09885e-15,1.1517e-16,3.48183e-08,3.63922,0,0,0
13.6401,2,2.99974,2.95572,2.05998,-1.0156e-24,-1.24447e-24,4.24101e-08,4.6881,0,0,0
13.6401,3,0,0,0,0,0,0,0,0,0,0
13.6401,4,0,0,0,0,0,0,0,0,0,0
13.6401,5,0,0,0,0,0,0,0,0,0,0
13.6928,0,-0.000259725,-0.0442824,2.05998,0,0,2.81737e-08,2.06046,0,0,0
13.6928,1,2.99974,-0.0442824,2.05998,-1.09139e-15,1.22008e-16,5.35106e-08,3.63922,0,0,0
13.6928,2,2.99974,2.95572,2.05998,-4.39846e-24,-2.3286e-24,7.67109e-08,4.6881,0,0,0
13.6928,3,0,0,0,0,0,0,0,0,0,0
13.6928,4,0,0,0,0,0,0,0,0,0,0
13.6928,5,0,0,0,0,0,0,0,0,0,0
13.7505,0,-0.000259725,-0.0442824,2.05998,0,0,2.63562e-08,2.06046,0,0,0
13.7505,1,2.99974,-0.0442824,2.05998,-1.07878e-15,1.08129e-16,6.87921e-08,3.63922,0,0,0
13.7505,2,2.99974,2.95572,2.05998,-3.19972e-24,-4.16828e-24,1.02559e-07,4.6881,0,0,0
13.7505,3,0,0,0,0,0,0,0,0,0,0
13.7505,4,0,0,0,0,0,0,0,0,0,0
13.7505,5,0,0,0,0,0,0,0,0,0,0
13.8007,0,-0.000259725,-0.0442824,2.05998,0,0,2.55344e-08,2.06046,0,0,0
13.8007,1,2.99974,-0.0442824,2.05998,-1.06308e-15,1.22044e-16,8.35303e-08,3.63922,0,0,0
13.8007,2,2.99974,2.95572,2.05998,-1.72228e-25,-4.18044e-24,9.28424e-08,4.6881,0,0,0
13.8007,3,0,0,0,0,0,0,0,0,0,0
13.8007,4,0,0,0,0,0,0,0,0,0,0
13.8007,5,0,0,0,0,0,0,0,0,0,0
13.8567,0,-0.000259725,-0.0442824,2.05998,0,0,2.68106e-08,2.06046,0,0,0
13.8567,1,2.99974,-0.0442824,2.05998,-1.04663e-15,1.11135e-16,9.68777e-08,3.63922,0,0,0
13.8567,2,2.99974,2.95572,2.05998,7.80272e-25,-1.88306e-24,6.16908e-08,4.6881,0,0,0
13.8567,3,0,0,0,0,0,0,0,0,0,0
13.8567,4,0,0,0,0,0,0,0,0,0,0
13.8567,5,0,0,0,0,0,0,0,0,0,0
13.9069,0,-0.000259725,-0.0442824,2.05998,0,0,2.81022e-08,2.06046,0,0,0
13.9069,1,2.99974,-0.0442824,2.05998,-1.03335e-15,1.2182e-16,1.03223e-07,3.63922,0,0,0
13.9069,2,2.99974,2.95572,2.05998,9.35336e-25,-9.59736e-25,2.41143e-08,4.6881,0,0,0
13.9069,3,0,0,0,0,0,0,0,0,0,0
13.9069,4,0,0,0,0,0,0,0,0,0,0
13.9069,5,0,0,0,0,0,0,0,0,0,0
13.9576,0,-0.000259725,-0.0442824,2.05998,0,0,2.86179e-08,2.06046,0,0,0
13.9576,1,2.99974,-0.0442824,2.05998,-1.01935e-15,1.07299e-16,3.80235e-08,3.63922,0,0,0
13.9576,2,2.99974,2.95572,2.05998,2.2375e-25,-1.33518e-25,3.6152e-09,4.6881,0,0,0
13.9576,3,0,0,0,0,0,0,0,0,0,0
13.9576,4,0,0,0,0,0,0,0,0,0,0
13.9576,5,0,0,0,0,0,0,0,0,0,0
14.0118,0,-0.000259725,-0.0442824,2.05998,0,0,2.85785e-08,2.06046,0,0,0
14.0118,1,2.99974,-0.0442824,2.05998,-1.00505e-15,9.21145e-17,-1.47902e-09,3.63922,0,0,0
14.0118,2,2.99974,2.95572,2.05998,-9.60077e-25,-4.5307e-26,-1.27933e-08,4.6881,0,0,0
14.0118,3,0,0,0,0,0,0,0,0,0,0
14.0118,4,0,0,0,0,0,0,0,0,0,0
14.0118,5,0,0,0,0,0,0,0,0,0,0
14.07,0,-0.000259725,-0.0442824,2.05998,0,0,2.95972e-08,2.06046,0,0,0
14.07,1,2.99974,-0.0442824,2.05998,-9.90148e-16,7.65437e-17,-3.57124e-08,3.63922,0,0,0
14.07,2,2.99974,2.95572,2.05998,-1.76963e-24,-7.4958e-25,-2.29114e-08,4.6881,0,0,0
14.07,3,0,0,0,0,0,0,0,0,0,0
14.07,4,0,0,0,0,0,0,0,0,0,0
14.07,5,0,0,0,0,0,0,0,0,0,0
14.1218,0,-0.000259725,-0.0442824,2.05998,0,0,3.26825e-08,2.06046,0,0,0
14.1218,1,2.99974,-0.0442824,2.05998,-9.73311e-16,3.62078e-17,-5.86405e-08,3.63922,0,0,0
14.1218,2,2.99974,2.95572,2.05998,-8.7933e-25,-1.04012e-24,-2.97954e-08,4.6881,0,0,0
14.1218,3,0,0,0,0,0,0,0,0,0,0
14.1218,4,0,0,0,0,0,0,0,0,0,0
14.1218,5,0,0,0,0,0,0,0,0,0,0
14.1746,0,-0.000259725,-0.0442824,2.05998,0,0,3.46728e-08,2.06046,0,0,0
14.1746,1,2.99974,-0.0442824,2.05998,-9.58513e-16,-8.45043e-18,-8.53108e-08,3.63922,0,0,0
14.1746,2,2.99974,2.95572,2.05998,7.94987e-26,-1.27809e-24,-3.6262e-08,4.6881,0,0,0
14.1746,3,0,0,0,0,0,0,0,0,0,0
14.1746,4,0,0,0,0,0,0,0,0,0,0
14.1746,5,0,0,0,0,0,0,0,0,0,0
14.2247,0,-0.000259725,-0.0442824,2.05998,0,0,3.50045e-08,2.06046,0,0,0
14.2247,1,2.99974,-0.0442824,2.05998,-9.4333e-16,-5.46488e-17,-1.03197e-07,3.63922,0,0,0
14.2247,2,2.99974,2.95572,2.05998,-2.03439e-24,-9.78956e-25,-4.53512e-08,4.6881,0,0,0
14.2247,3,0,0,0,0,0,0,0,0,0,0
14.2247,4,0,0,0,0,0,0,0,0,0,0
14.2247,5,0,0,0,0,0,0,0,0,0,0
14.2786,0,-0.000259725,-0.0442824,2.05998,0,0,3.4959e-08,2.06046,0,0,0
14.2786,1,2.99974,-0.0442824,2.05998,-9.26332e-16,-1.00963e-16,-9.01348e-08,3.63922,0,0,0
14.2786,2,2.99974,2.95572,2.05998,-3.299e-24,8.34016e-25,-5.495e-08,4.6881,0,0,0
14.2786,3,0,0,0,0,0,0,0,0,0,0
14.2786,4,0,0,0,0,0,0,0,0,0,0
14.2786,5,0,0,0,0,0,0,0,0,0,0
14.3303,0,-0.000259725,-0.0442824,2.05998,0,0,3.5372e-08,2.06046,0,0,0
14.3303,1,2.99974,-0.0442824,2.05998,-9.1952e-16,-1.33517e-16,-3.75511e-08,3.63922,0,0,0
14.3303,2,2.99974,2.95572,2.05998,-3.46794e-24,9.15293e-26,-6.0305e-08,4.6881,0,0,0
14.3303,3,0,0,0,0,0,0,0,0,0,0
14.3303,4,0,0,0,0,0,0,0,0,0,0
14.3303,5,0,0,0,0,0,0,0,0,0,0
14.382,0,-0.000259725,-0.0442824,2.05998,0,0,3.57203e-08,2.06046,0,0,0
14.382,1,2.99974,-0.0442824,2.05998,-9.11829e-16,-1.40288e-16,-6.53972e-09,3.63922,0,0,0
14.382,2,2.99974,2.95572,2.05998,-2.7502e-24,-1.3218e-24,-6.32092e-08,4.6881,0,0,0
14.382,3,0,0,0,0,0,0,0,0,0,0
14.382,4,0,0,0,0,0,0,0,0,0,0
14.382,5,0,0,0,0,0,0,0,0,0,0
14.4404,0,-0.000259725,-0.0442824,2.05998,0,0,3.75581e-08,2.06046,0,0,0
14.4404,1,2.99974,-0.0442824,2.05998,-8.953e-16,-1.64993e-16,4.99567e-08,3.63922,0,0,0
14.4404,2,2.99974,2.95572,2.05998,-5.43813e-25,-3.60938e-25,-2.85369e-08,4.6881,0,0,0
14.4404,3,0,0,0,0,0,0,0,0,0,0
14.4404,4,0,0,0,0,0,0,0,0,0,0
14.4404,5,0,0,0,0,0,0,0,0,0,0
14.4906,0,-0.000259725,-0.0442824,2.05998,0,0,4.30407e-08,2.06046,0,0,0
14.4906,1,2.99974,-0.0442824,2.05998,-8.93095e-16,-1.77674e-16,6.35213e-08,3.63922,0,0,0
14.4906,2,2.99974,2.95572,2.05998,-1.74594e-25,7.93608e-26,4.70589e-08,4.6881,0,0,0
14.4906,3,0,0,0,0,0,0,0,0,0,0
14.4906,4,0,0,0,0,0,0,0,0,0,0
14.4906,5,0,0,0,0,0,0,0,0,0,0
14.5424,0,-0.000259725,-0.0442824,2.05998,0,0,5.00832e-08,2.06046,0,0,0
14.5424,1,2.99974,-0.0442824,2.05998,-8.93095e-16,-1.77674e-16,6.35213e-08,3.63922,0,0,0
14.5424,2,2.99974,2.95572,2.05998,-3.56516e-25,2.00475e-35,8.80854e-08,4.6881,0,0,0
14.5424,3,0,0,0,0,0,0,0,0,0,0
14.5424,4,0,0,0,0,0,0,0,0,0,0
14.5424,5,0,0,0,0,0,0,0,0,0,0
14.5978,0,-0.000259725,-0.0442824,2.05998,0,0,5.50442e-08,2.06046,0,0,0
14.5978,1,2.99974,-0.0442824,2.05998,-8.85453e-16,-2.01308e-16,1.0239e-07,3.63922,0,0,0
14.5978,2,2.99974,2.95572,2.05998,1.04276e-24,8.82332e-25,1.18909e-07,4.6881,0,0,0
14.5978,3,0,0,0,0,0,0,0,0,0,0
14.5978,4,0,0,0,0,0,0,0,0,0,0
14.5978,5,0,0,0,0,0,0,0,0,0,0
14.6485,0,-0.000259725,-0.0442824,2.05998,0,0,5.73686e-08,2.06046,0,0,0
14.6485,1,2.99974,-0.0442824,2.05998,-8.95911e-16,-1.74212e-16,1.04984e-07,3.63922,0,0,0
14.6485,2,2.99974,2.95572,2.05998,-1.1693e-24,5.05497e-24,1.06671e-07,4.6881,0,0,0
14.6485,3,0,0,0,0,0,0,0,0,0,0
14.6485,4,0,0,0,0,0,0,0,0,0,0
14.6485,5,0,0,0,0,0,0,0,0,0,0
14.6988,0,-0.000259725,-0.0442824,2.05998,0,0,5.87214e-08,2.06046,0,0,0
14.6988,1,2.99974,-0.0442824,2.05998,-8.91159e-16,-1.8238e-16,8.74133e-08,3.63922,0,0,0
14.6988,2,2.99974,2.95572,2.05998,-1.67843e-24,3.75009e-24,5.68722e-08,4.6881,0,0,0
14.6988,3,0,0,0,0,0,0,0,0,0,0
14.6988,4,0,0,0,0,0,0,0,0,0,0
14.6988,5,0,0,0,0,0,0,0,0,0,0
14.7526,0,-0.000259725,-0.0442824,2.05998,0,0,6.14806e-08,2.06046,0,0,0
14.7526,1,2.99974,-0.0442824,2.05998,-8.93533e-16,-1.71788e-16,1.34708e-08,3.63922,0,0,0
14.7526,2,2.99974,2.95572,2.05998,-1.54361e-24,1.73656e-24,3.81384e-08,4.6881,0,0,0
14.7526,3,0,0,0,0,0,0,0,0,0,0
14.7526,4,0,0,0,0,0,0,0,0,0,0
14.7526,5,0,0,0,0,0,0,0,0,0,0
14.8038,0,-0.000259725,-0.0442824,2.05998,0,0,6.69081e-08,2.06046,0,0,0
14.8038,1,2.99974,-0.0442824,2.05998,-8.96245e-16,-1.6055e-16,-9.60833e-09,3.63922,0,0,0
14.8038,2,2.99974,2.95572,2.05998,-5.62374e-25,2.05311e-25,2.64661e-08,4.6881,0,0,0
14.8038,3,0,0,0,0,0,0,0,0,0,0
14.8038,4,0,0,0,0,0,0,0,0,0,0
14.8038,5,0,0,0,0,0,0,0,0,0,0
14.8619,0,-0.000259725,-0.0442824,2.05998,0,0,7.10882e-08,2.06046,0,0,0
14.8619,1,2.99974,-0.0442824,2.05998,-8.99298e-16,-1.48668e-16,-2.99042e-08,3.63922,0,0,0
14.8619,2,2.99974,2.95572,2.05998,-2.65119e-25,1.91132e-25,1.82801e-08,4.6881,0,0,0
14.8619,3,0,0,0,0,0,0,0,0,0,0
14.8619,4,0,0,0,0,0,0,0,0,0,0
14.8619,5,0,0,0,0,0,0,0,0,0,0
14.9122,0,-0.000259725,-0.0442824,2.05998,0,0,7.67994e-08,2.06046,0,0,0
14.9122,1,2.99974,-0.0442824,2.05998,-9.02692e-16,-1.36139e-16,-4.38779e-08,3.63922,0,0,0
14.9122,2,2.99974,2.95572,2.05998,-2.10972e-25,3.15524e-25,1.10709e-08,4.6881,0,0,0
14.9122,3,0,0,0,0,0,0,0,0,0,0
14.9122,4,0,0,0,0,0,0,0,0,0,0
14.9122,5,0,0,0,0,0,0,0,0,0,0
14.9663,0,-0.000259725,-0.0442824,2.05998,0,0,8.08036e-08,2.06046,0,0,0
14.9663,1,2.99974,-0.0442824,2.05998,-9.06428e-16,-1.22963e-16,-5.91256e-08,3.63922,0,0,0
14.9663,2,2.99974,2.95572,2.05998,-3.08265e-25,3.82405e-25,5.78459e-09,4.6881,0,0,0
14.9663,3,0,0,0,0,0,0,0,0,0,0
14.9663,4,0,0,0,0,0,0,0,0,0,0
14.9663,5,0,0,0,0,0,0,0,0,0,0
15.0166,0,-0.000259725,-0.0442824,2.05998,0,0,8.20744e-08,2.06046,0,0,0
15.0166,1,2.99974,-0.0442824,2.05998,-9.10088e-16,-1.09287e-16,-7.26881e-08,3.63922,0,0,0
15.0166,2,2.99974,2.95572,2.05998,-2.83673e-25,2.86825e-25,3.11502e-09,4.6881,0,0,0
15.0166,3,0,0,0,0,0,0,0,0,0,0
15.0166,4,0,0,0,0,0,0,0,0,0,0
15.0166,5,0,0,0,0,0,0,0,0,0,0
15.0669,0,-0.000259725,-0.0442824,2.05998,0,0,8.62965e-08,2.06046,0,0,0
15.0669,1,2.99974,-0.0442824,2.05998,-9.14508e-16,-9.47963e-17,-8.28794e-08,3.63922,0,0,0
15.0669,2,2.99974,2.95572,2.05998,2.09322e-25,-1.11325e-25,-2.3244e-09,4.6881,0,0,0
15.0669,3,0,0,0,0,0,0,0,0,0,0
15.0669,4,0,0,0,0,0,0,0,0,0,0
15.0669,5,0,0,0,0,0,0,0,0,0,0
15.1238,0,-0.000259725,-0.0442824,2.05998,0,0,9.47354e-08,2.06046,0,0,0
15.1238,1,2.99974,-0.0442824,2.05998,-9.19273e-16,-7.96655e-17,-9.22471e-08,3.63922,0,0,0
15.1238,2,2.99974,2.95572,2.05998,2.12897e-25,-1.41931e-25,-6.57511e-09,4.6881,0,0,0
15.1238,3,0,0,0,0,0,0,0,0,0,0
15.1238,4,0,0,0,0,0,0,0,0,0,0
15.1238,5,0,0,0,0,0,0,0,0,0,0
15.1766,0,-0.000259725,-0.0442824,2.05998,0,0,1.01356e-07,2.06046,0,0,0
15.1766,1,2.99974,-0.0442824,2.05998,-9.24377e-16,-6.38882e-17,-5.86354e-08,3.63922,0,0,0
15.1766,2,2.99974,2.95572,2.05998,-8.24791e-27,-4.00848e-25,-9.78159e-09,4.6881,0,0,0
15.1766,3,0,0,0,0,0,0,0,0,0,0
15.1766,4,0,0,0,0,0,0,0,0,0,0
15.1766,5,0,0,0,0,0,0,0,0,0,0
15.2267,0,-0.000259725,-0.0442824,2.05998,0,0,1.04898e-07,2.06046,0,0,0
15.2267,1,2.99974,-0.0442824,2.05998,-9.27652e-16,-4.57116e-17,-3.7919e-10,3.63922,0,0,0
15.2267,2,2.99974,2.95572,2.05998,2.29178e-25,1.13138e-25,-8.60104e-09,4.6881,0,0,0
15.2267,3,0,0,0,0,0,0,0,0,0,0
15.2267,4,0,0,0,0,0,0,0,0,0,0
15.2267,5,0,0,0,0,0,0,0,0,0,0
15.2769,0,-0.000259725,-0.0442824,2.05998,0,0,1.04609e-07,2.06046,0,0,0
15.2769,1,2.99974,-0.0442824,2.05998,-9.24341e-16,-4.55615e-17,4.22498e-08,3.63922,0,0,0
15.2769,2,2.99974,2.95572,2.05998,4.88008e-25,8.17531e-25,-9.30469e-09,4.6881,0,0,0
15.2769,3,0,0,0,0,0,0,0,0,0,0
15.2769,4,0,0,0,0,0,0,0,0,0,0
15.2769,5,0,0,0,0,0,0,0,0,0,0
15.33,0,-0.000259725,-0.0442824,2.05998,0,0,1.09168e-07,2.06046,0,0,0
15.33,1,2.99974,-0.0442824,2.05998,-9.21031e-16,-4.54114e-17,7.324e-08,3.63922,0,0,0
15.33,2,2.99974,2.95572,2.05998,3.29232e-25,6.63189e-25,-9.34095e-09,4.6881,0,0,0
15.33,3,0,0,0,0,0,0,0,0,0,0
15.33,4,0,0,0,0,0,0,0,0,0,0
15.33,5,0,0,0,0,0,0,0,0,0,0
15.381,0,-0.000259725,-0.0442824,2.05998,0,0,1.09168e-07,2.06046,0,0,0
15.381,1,2.99974,-0.0442824,2.05998,-9.21031e-16,-4.54114e-17,7.324e-08,3.63922,0,0,0
15.381,2,2.99974,2.95572,2.05998,-3.08804e-25,1.24672e-25,-1.13734e-08,4.6881,0,0,0
15.381,3,0,0,0,0,0,0,0,0,0,0
15.381,4,0,0,0,0,0,0,0,0,0,0
15.381,5,0,0,0,0,0,0,0,0,0,0
15.4346,0,-0.000259725,-0.0442824,2.05998,0,0,1.15245e-07,2.06046,0,0,0
15.4346,1,2.99974,-0.0442824,2.05998,-9.24945e-16,-2.64249e-17,9.66714e-08,3.63922,0,0,0
15.4346,2,2.99974,2.95572,2.05998,-8.20677e-25,-3.37926e-25,-9.871e-09,4.6881,0,0,0
15.4346,3,0,0,0,0,0,0,0,0,0,0
15.4346,4,0,0,0,0,0,0,0,0,0,0
15.4346,5,0,0,0,0,0,0,0,0,0,0
15.4848,0,-0.000259725,-0.0442824,2.05998,0,0,1.15245e-07,2.06046,0,0,0
15.4848,1,2.99974,-0.0442824,2.05998,-9.22068e-16,-2.55666e-17,1.01865e-07,3.63922,0,0,0
15.4848,2,2.99974,2.95572,2.05998,-5.15005e-25,-1.9281e-25,-7.52179e-09,4.6881,0,0,0
15.4848,3,0,0,0,0,0,0,0,0,0,0
15.4848,4,0,0,0,0,0,0,0,0,0,0
15.4848,5,0,0,0,0,0,0,0,0,0,0
15.5369,0,-0.000259725,-0.0442824,2.05998,0,0,1.21132e-07,2.06046,0,0,0
15.5369,1,2.99974,-0.0442824,2.05998,-9.21644e-16,-1.27552e-18,7.22722e-08,3.63922,0,0,0
15.5369,2,2.99974,2.95572,2.05998,-4.41694e-25,1.09738e-26,-8.13394e-09,4.6881,0,0,0
15.5369,3,0,0,0,0,0,0,0,0,0,0
15.5369,4,0,0,0,0,0,0,0,0,0,0
15.5369,5,0,0,0,0,0,0,0,0,0,0
15.5926,0,-0.000259725,-0.0442824,2.05998,0,0,1.2769e-07,2.06046,0,0,0
15.5926,1,2.99974,-0.0442824,2.05998,-9.25507e-16,1.97108e-17,2.96056e-08,3.63922,0,0,0
15.5926,2,2.99974,2.95572,2.05998,-2.03939e-25,4.0251e-26,-7.95594e-09,4.6881,0,0,0
15.5926,3,0,0,0,0,0,0,0,0,0,0
15.5926,4,0,0,0,0,0,0,0,0,0,0
15.5926,5,0,0,0,0,0,0,0,0,0,0
15.6428,0,-0.000259725,-0.0442824,2.05998,0,0,1.2769e-07,2.06046,0,0,0
15.6428,1,2.99974,-0.0442824,2.05998,-9.29594e-16,4.14596e-17,2.97369e-09,3.63922,0,0,0
15.6428,2,2.99974,2.95572,2.05998,-6.0109e-27,2.05573e-25,-7.12861e-09,4.6881,0,0,0
15.6428,3,0,0,0,0,0,0,0,0,0,0
15.6428,4,0,0,0,0,0,0,0,0,0,0
15.6428,5,0,0,0,0,0,0,0,0,0,0
15.693,0,-0.000259725,-0.0442824,2.05998,0,0,1.31899e-07,2.06046,0,0,0
15.693,1,2.99974,-0.0442824,2.05998,-9.34746e-16,6.3132e-17,-1.13553e-08,3.63922,0,0,0
15.693,2,2.99974,2.95572,2.05998,-1.62915e-25,5.9396e-26,-5.03147e-09,4.6881,0,0,0
15.693,3,0,0,0,0,0,0,0,0,0,0
15.693,4,0,0,0,0,0,0,0,0,0,0
15.693,5,0,0,0,0,0,0,0,0,0,0
15.7482,0,-0.000259725,-0.0442824,2.05998,0,0,1.36444e-07,2.06046,0,0,0
15.7482,1,2.99974,-0.0442824,2.05998,-9.41667e-16,8.40244e-17,-2.61246e-08,3.63922,0,0,0
15.7482,2,2.99974,2.95572,2.05998,-4.30721e-25,3.93054e-26,-4.85564e-09,4.6881,0,0,0
15.7482,3,0,0,0,0,0,0,0,0,0,0
15.7482,4,0,0,0,0,0,0,0,0,0,0
15.7482,5,0,0,0,0,0,0,0,0,0,0
15.7989,0,-0.000259725,-0.0442824,2.05998,0,0,1.36784e-07,2.06046,0,0,0
15.7989,1,2.99974,-0.0442824,2.05998,-9.25712e-16,7.70558e-17,-3.8257e-08,3.63922,0,0,0
15.7989,2,2.99974,2.95572,2.05998,-1.51793e-25,-3.39391e-26,-2.21154e-09,4.6881,0,0,0
15.7989,3,0,0,0,0,0,0,0,0,0,0
15.7989,4,0,0,0,0,0,0,0,0,0,0
15.7989,5,0,0,0,0,0,0,0,0,0,0
15.8592,0,-0.000259725,-0.0442824,2.05998,0,0,1.49846e-07,2.06046,0,0,0
15.8592,1,2.99974,-0.0442824,2.05998,-9.17625e-16,8.70918e-17,-4.69297e-08,3.63922,0,0,0
15.8592,2,2.99974,2.95572,2.05998,-1.3424e-26,-6.71199e-26,-1.18807e-09,4.6881,0,0,0
15.8592,3,0,0,0,0,0,0,0,0,0,0
15.8592,4,0,0,0,0,0,0,0,0,0,0
15.8592,5,0,0,0,0,0,0,0,0,0,0
15.9094,0,-0.000259725,-0.0442824,2.05998,0,0,1.49846e-07,2.06046,0,0,0
15.9094,1,2.99974,-0.0442824,2.05998,-9.15246e-16,9.14193e-17,-5.5554e-08,3.63922,0,0,0
15.9094,2,2.99974,2.95572,2.05998,-9.86235e-26,7.46199e-26,3.09424e-09,4.6881,0,0,0
15.9094,3,0,0,0,0,0,0,0,0,0,0
15.9094,4,0,0,0,0,0,0,0,0,0,0
15.9094,5,0,0,0,0,0,0,0,0,0,0
15.9647,0,-0.000259725,-0.0442824,2.05998,0,0,1.63633e-07,2.06046,0,0,0
15.9647,1,2.99974,-0.0442824,2.05998,-9.12867e-16,9.57469e-17,-6.16237e-08,3.63922,0,0,0
15.9647,2,2.99974,2.95572,2.05998,-3.83492e-25,4.23163e-26,7.8414e-09,4.6881,0,0,0
15.9647,3,0,0,0,0,0,0,0,0,0,0
15.9647,4,0,0,0,0,0,0,0,0,0,0
15.9647,5,0,0,0,0,0,0,0,0,0,0
16.0169,0,-0.000259725,-0.0442824,2.05998,0,0,1.65884e-07,2.06046,0,0,0
16.0169,1,2.99974,-0.0442824,2.05998,-8.97165e-16,8.75354e-17,-6.91023e-08,3.63922,0,0,0
16.0169,2,2.99974,2.95572,2.05998,-1.86337e-25,4.75792e-25,1.07275e-08,4.6881,0,0,0
16.0169,3,0,0,0,0,0,0,0,0,0,0
16.0169,4,0,0,0,0,0,0,0,0,0,0
16.0169,5,0,0,0,0,0,0,0,0,0,0
16.0684,0,-0.000259725,-0.0442824,2.05998,0,0,1.66475e-07,2.06046,0,0,0
16.0684,1,2.99974,-0.0442824,2.05998,-8.94275e-16,9.13817e-17,-5.67756e-08,3.63922,0,0,0
16.0684,2,2.99974,2.95572,2.05998,-1.49616e-25,9.12877e-25,1.28578e-08,4.6881,0,0,0
16.0684,3,0,0,0,0,0,0,0,0,0,0
16.0684,4,0,0,0,0,0,0,0,0,0,0
16.0684,5,0,0,0,0,0,0,0,0,0,0
16.1217,0,-0.000259725,-0.0442824,2.05998,0,0,1.71659e-07,2.06046,0,0,0
16.1217,1,2.99974,-0.0442824,2.05998,-8.76337e-16,8.44143e-17,3.50615e-10,3.63922,0,0,0
16.1217,2,2.99974,2.95572,2.05998,-1.09778e-24,1.0157e-24,1.52092e-08,4.6881,0,0,0
16.1217,3,0,0,0,0,0,0,0,0,0,0
16.1217,4,0,0,0,0,0,0,0,0,0,0
16.1217,5,0,0,0,0,0,0,0,0,0,0
16.1718,0,-0.000259725,-0.0442824,2.05998,0,0,1.82061e-07,2.06046,0,0,0
16.1718,1,2.99974,-0.0442824,2.05998,-8.72871e-16,8.78443e-17,4.89121e-08,3.63922,0,0,0
16.1718,2,2.99974,2.95572,2.05998,-2.72248e-24,8.27537e-25,1.77793e-08,4.6881,0,0,0
16.1718,3,0,0,0,0,0,0,0,0,0,0
16.1718,4,0,0,0,0,0,0,0,0,0,0
16.1718,5,0,0,0,0,0,0,0,0,0,0
16.2226,0,-0.000259725,-0.0442824,2.05998,0,0,1.75142e-07,2.06046,0,0,0
16.2226,1,2.99974,-0.0442824,2.05998,-8.60537e-16,7.42813e-17,8.27762e-08,3.63922,0,0,0
16.2226,2,2.99974,2.95572,2.05998,-2.60112e-24,1.472e-24,2.05379e-08,4.6881,0,0,0
16.2226,3,0,0,0,0,0,0,0,0,0,0
16.2226,4,0,0,0,0,0,0,0,0,0,0
16.2226,5,0,0,0,0,0,0,0,0,0,0
16.2727,0,-0.000259725,-0.0442824,2.05998,0,0,1.75142e-07,2.06046,0,0,0
16.2727,1,2.99974,-0.0442824,2.05998,-8.47833e-16,6.03254e-17,1.17179e-07,3.63922,0,0,0
16.2727,2,2.99974,2.95572,2.05998,-5.37642e-25,1.41287e-24,2.47138e-08,4.6881,0,0,0
16.2727,3,0,0,0,0,0,0,0,0,0,0
16.2727,4,0,0,0,0,0,0,0,0,0,0
16.2727,5,0,0,0,0,0,0,0,0,0,0
16.3229,0,-0.000259725,-0.0442824,2.05998,0,0,6.71851e-08,2.06046,0,0,0
16.3229,1,2.99974,-0.0442824,2.05998,-8.39347e-16,6.469e-17,1.13908e-07,3.63922,0,0,0
16.3229,2,2.99974,2.95572,2.05998,5.83851e-25,4.00493e-25,2.86122e-08,4.6881,0,0,0
16.3229,3,0,0,0,0,0,0,0,0,0,0
16.3229,4,0,0,0,0,0,0,0,0,0,0
16.3229,5,0,0,0,0,0,0,0,0,0,0
16.3784,0,-0.000259725,-0.0442824,2.05998,0,0,2.63528e-08,2.06046,0,0,0
16.3784,1,2.99974,-0.0442824,2.05998,-8.35207e-16,6.68191e-17,5.27118e-08,3.63922,0,0,0
16.3784,2,2.99974,2.95572,2.05998,1.639e-24,-7.66969e-25,3.11502e-08,4.6881,0,0,0
16.3784,3,0,0,0,0,0,0,0,0,0,0
16.3784,4,0,0,0,0,0,0,0,0,0,0
16.3784,5,0,0,0,0,0,0,0,0,0,0
16.4287,0,-0.000259725,-0.0442824,2.05998,0,0,3.60226e-09,2.06046,0,0,0
16.4287,1,2.99974,-0.0442824,2.05998,-8.31068e-16,6.89482e-17,4.42801e-08,3.63922,0,0,0
16.4287,2,2.99974,2.95572,2.05998,2.86732e-24,-1.14226e-24,3.45578e-08,4.6881,0,0,0
16.4287,3,0,0,0,0,0,0,0,0,0,0
16.4287,4,0,0,0,0,0,0,0,0,0,0
16.4287,5,0,0,0,0,0,0,0,0,0,0
16.4797,0,-0.000259725,-0.0442824,2.05998,0,0,-1.85881e-08,2.06046,0,0,0
16.4797,1,2.99974,-0.0442824,2.05998,-8.28517e-16,6.94892e-17,2.71371e-08,3.63922,0,0,0
16.4797,2,2.99974,2.95572,2.05998,3.52088e-24,-6.4485e-25,3.82379e-08,4.6881,0,0,0
16.4797,3,0,0,0,0,0,0,0,0,0,0
16.4797,4,0,0,0,0,0,0,0,0,0,0
16.4797,5,0,0,0,0,0,0,0,0,0,0
16.5314,0,-0.000259725,-0.0442824,2.05998,0,0,-3.71783e-08,2.06046,0,0,0
16.5314,1,2.99974,-0.0442824,2.05998,-8.15106e-16,5.40206e-17,1.20295e-08,3.63922,0,0,0
16.5314,2,2.99974,2.95572,2.05998,3.99414e-24,-2.92611e-25,4.33777e-08,4.6881,0,0,0
16.5314,3,0,0,0,0,0,0,0,0,0,0
16.5314,4,0,0,0,0,0,0,0,0,0,0
16.5314,5,0,0,0,0,0,0,0,0,0,0
16.5867,0,-0.000259725,-0.0442824,2.05998,0,0,-5.5504e-08,2.06046,0,0,0
16.5867,1,2.99974,-0.0442824,2.05998,-8.04052e-16,3.62054e-17,3.60382e-09,3.63922,0,0,0
16.5867,2,2.99974,2.95572,2.05998,3.84139e-24,-1.56288e-25,4.87761e-08,4.6881,0,0,0
16.5867,3,0,0,0,0,0,0,0,0,0,0
16.5867,4,0,0,0,0,0,0,0,0,0,0
16.5867,5,0,0,0,0,0,0,0,0,0,0
16.6422,0,-0.000259725,-0.0442824,2.05998,0,0,-7.9162e-08,2.06046,0,0,0
16.6422,1,2.99974,-0.0442824,2.05998,-7.99362e-16,3.6902e-17,-2.91864e-09,3.63922,0,0,0
16.6422,2,2.99974,2.95572,2.05998,2.0086e-24,-1.82432e-24,5.46351e-08,4.6881,0,0,0
16.6422,3,0,0,0,0,0,0,0,0,0,0
16.6422,4,0,0,0,0,0,0,0,0,0,0
16.6422,5,0,0,0,0,0,0,0,0,0,0
16.6924,0,-0.000259725,-0.0442824,2.05998,0,0,-8.30446e-08,2.06046,0,0,0
16.6924,1,2.99974,-0.0442824,2.05998,-8.04031e-16,2.80402e-17,-9.32132e-09,3.63922,0,0,0
16.6924,2,2.99974,2.95572,2.05998,-3.23453e-24,-6.50975e-24,6.03142e-08,4.6881,0,0,0
16.6924,3,0,0,0,0,0,0,0,0,0,0
16.6924,4,0,0,0,0,0,0,0,0,0,0
16.6924,5,0,0,0,0,0,0,0,0,0,0
16.7445,0,-0.000259725,-0.0442824,2.05998,0,0,-9.34779e-08,2.06046,0,0,0
16.7445,1,2.99974,-0.0442824,2.05998,-7.84048e-16,-8.53776e-18,-1.53149e-08,3.63922,0,0,0
16.7445,2,2.99974,2.95572,2.05998,-5.45474e-24,-6.65947e-24,6.61455e-08,4.6881,0,0,0
16.7445,3,0,0,0,0,0,0,0,0,0,0
16.7445,4,0,0,0,0,0,0,0,0,0,0
16.7445,5,0,0,0,0,0,0,0,0,0,0
16.7966,0,-0.000259725,-0.0442824,2.05998,0,0,-1.05605e-07,2.06046,0,0,0
16.7966,1,2.99974,-0.0442824,2.05998,-7.70125e-16,-2.64637e-17,-2.29095e-08,3.63922,0,0,0
16.7966,2,2.99974,2.95572,2.05998,-3.01761e-24,-2.85129e-24,7.04474e-08,4.6881,0,0,0
16.7966,3,0,0,0,0,0,0,0,0,0,0
16.7966,4,0,0,0,0,0,0,0,0,0,0
16.7966,5,0,0,0,0,0,0,0,0,0,0
16.8523,0,-0.000259725,-0.0442824,2.05998,0,0,-1.2228e-07,2.06046,0,0,0
16.8523,1,2.99974,-0.0442824,2.05998,-7.64838e-16,-2.81409e-17,-2.5115e-08,3.63922,0,0,0
16.8523,2,2.99974,2.95572,2.05998,-6.38981e-25,-2.64363e-24,7.42939e-08,4.6881,0,0,0
16.8523,3,0,0,0,0,0,0,0,0,0,0
16.8523,4,0,0,0,0,0,0,0,0,0,0
16.8523,5,0,0,0,0,0,0,0,0,0,0
16.907,0,-0.000259725,-0.0442824,2.05998,0,0,-9.68634e-08,2.06046,0,0,0
16.907,1,2.99974,-0.0442824,2.05998,-7.57107e-16,-5.32416e-17,-2.89071e-08,3.63922,0,0,0
16.907,2,2.99974,2.95572,2.05998,-1.57557e-24,-2.05074e-24,7.41486e-08,4.6881,0,0,0
16.907,3,0,0,0,0,0,0,0,0,0,0
16.907,4,0,0,0,0,0,0,0,0,0,0
16.907,5,0,0,0,0,0,0,0,0,0,0
16.9572,0,-0.000259725,-0.0442824,2.05998,0,0,-7.34013e-08,2.06046,0,0,0
16.9572,1,2.99974,-0.0442824,2.05998,-7.59537e-16,-6.36276e-17,-3.23413e-08,3.63922,0,0,0
16.9572,2,2.99974,2.95572,2.05998,-3.37252e-24,-9.17325e-25,7.99926e-08,4.6881,0,0,0
16.9572,3,0,0,0,0,0,0,0,0,0,0
16.9572,4,0,0,0,0,0,0,0,0,0,0
16.9572,5,0,0,0,0,0,0,0,0,0,0
17.0126,0,-0.000259725,-0.0442824,2.05998,0,0,-1.62633e-08,2.06046,0,0,0
17.0126,1,2.99974,-0.0442824,2.05998,-7.53167e-16,-9.10775e-17,-3.494e-08,3.63922,0,0,0
17.0126,2,2.99974,2.95572,2.05998,-5.24902e-24,-1.96487e-25,8.32227e-08,4.6881,0,0,0
17.0126,3,0,0,0,0,0,0,0,0,0,0
17.0126,4,0,0,0,0,0,0,0,0,0,0
17.0126,5,0,0,0,0,0,0,0,0,0,0
17.0691,0,-0.000259725,-0.0442824,2.05998,0,0,2.16106e-08,2.06046,0,0,0
17.0691,1,2.99974,-0.0442824,2.05998,-7.54279e-16,-1.01136e-16,-3.3956e-08,3.63922,0,0,0
17.0691,2,2.99974,2.95572,2.05998,-3.76158e-24,2.64172e-24,8.51344e-08,4.6881,0,0,0
17.0691,3,0,0,0,0,0,0,0,0,0,0
17.0691,4,0,0,0,0,0,0,0,0,0,0
17.0691,5,0,0,0,0,0,0,0,0,0,0
17.12,0,-0.000259725,-0.0442824,2.05998,0,0,5.14489e-08,2.06046,0,0,0
17.12,1,2.99974,-0.0442824,2.05998,-7.605e-16,-9.16704e-17,-3.48942e-08,3.63922,0,0,0
17.12,2,2.99974,2.95572,2.05998,-1.16377e-24,4.33768e-24,8.96214e-08,4.6881,0,0,0
17.12,3,0,0,0,0,0,0,0,0,0,0
17.12,4,0,0,0,0,0,0,0,0,0,0
17.12,5,0,0,0,0,0,0,0,0,0,0
17.1703,0,-0.000259725,-0.0442824,2.05998,0,0,7.51049e-08,2.06046,0,0,0
17.1703,1,2.99974,-0.0442824,2.05998,-7.6256e-16,-1.01696e-16,-3.26871e-08,3.63922,0,0,0
17.1703,2,2.99974,2.95572,2.05998,3.57412e-24,5.79039e-24,9.25486e-08,4.6881,0,0,0
17.1703,3,0,0,0,0,0,0,0,0,0,0
17.1703,4,0,0,0,0,0,0,0,0,0,0
17.1703,5,0,0,0,0,0,0,0,0,0,0
17.2205,0,-0.000259725,-0.0442824,2.05998,0,0,9.4049e-08,2.06046,0,0,0
17.2205,1,2.99974,-0.0442824,2.05998,-7.66518e-16,-8.88561e-17,-3.00513e-08,3.63922,0,0,0
17.2205,2,2.99974,2.95572,2.05998,2.06648e-24,5.52191e-24,1.0044e-07,4.6881,0,0,0
17.2205,3,0,0,0,0,0,0,0,0,0,0
17.2205,4,0,0,0,0,0,0,0,0,0,0
17.2205,5,0,0,0,0,0,0,0,0,0,0
17.2734,0,-0.000259725,-0.0442824,2.05998,0,0,1.11635e-07,2.06046,0,0,0
17.2734,1,2.99974,-0.0442824,2.05998,-7.71493e-16,-7.48843e-17,-3.00098e-08,3.63922,0,0,0
17.2734,2,2.99974,2.95572,2.05998,-1.55092e-24,7.08993e-24,1.09483e-07,4.6881,0,0,0
17.2734,3,0,0,0,0,0,0,0,0,0,0
17.2734,4,0,0,0,0,0,0,0,0,0,0
17.2734,5,0,0,0,0,0,0,0,0,0,0
17.3318,0,-0.000259725,-0.0442824,2.05998,0,0,1.14036e-07,2.06046,0,0,0
17.3318,1,2.99974,-0.0442824,2.05998,-7.76804e-16,-6.02801e-17,-2.66255e-08,3.63922,0,0,0
17.3318,2,2.99974,2.95572,2.05998,-2.84303e-24,1.00763e-23,1.14683e-07,4.6881,0,0,0
17.3318,3,0,0,0,0,0,0,0,0,0,0
17.3318,4,0,0,0,0,0,0,0,0,0,0
17.3318,5,0,0,0,0,0,0,0,0,0,0
17.382,0,-0.000259725,-0.0442824,2.05998,0,0,6.83792e-08,2.06046,0,0,0
17.382,1,2.99974,-0.0442824,2.05998,-7.73574e-16,-6.20487e-17,-2.50117e-08,3.63922,0,0,0
17.382,2,2.99974,2.95572,2.05998,-6.8176e-24,6.49582e-24,1.19252e-07,4.6881,0,0,0
17.382,3,0,0,0,0,0,0,0,0,0,0
17.382,4,0,0,0,0,0,0,0,0,0,0
17.382,5,0,0,0,0,0,0,0,0,0,0
17.4369,0,-0.000259725,-0.0442824,2.05998,0,0,3.05514e-08,2.06046,0,0,0
17.4369,1,2.99974,-0.0442824,2.05998,-7.70343e-16,-6.38174e-17,-2.27973e-08,3.63922,0,0,0
17.4369,2,2.99974,2.95572,2.05998,1.36861e-24,-2.29506e-24,1.24854e-07,4.6881,0,0,0
17.4369,3,0,0,0,0,0,0,0,0,0,0
17.4369,4,0,0,0,0,0,0,0,0,0,0
17.4369,5,0,0,0,0,0,0,0,0,0,0
17.4923,0,-0.000259725,-0.0442824,2.05998,0,0,7.76988e-09,2.06046,0,0,0
17.4923,1,2.99974,-0.0442824,2.05998,-7.66951e-16,-6.56744e-17,-1.41085e-08,3.63922,0,0,0
17.4923,2,2.99974,2.95572,2.05998,5.91196e-24,-5.99922e-24,1.29359e-07,4.6881,0,0,0
17.4923,3,0,0,0,0,0,0,0,0,0,0
17.4923,4,0,0,0,0,0,0,0,0,0,0
17.4923,5,0,0,0,0,0,0,0,0,0,0
17.5424,0,-0.000259725,-0.0442824,2.05998,0,0,-9.92285e-09,2.06046,0,0,0
17.5424,1,2.99974,-0.0442824,2.05998,-7.63721e-16,-6.74431e-17,1.56579e-08,3.63922,0,0,0
17.5424,2,2.99974,2.95572,2.05998,2.43005e-24,-1.62235e-23,1.37234e-07,4.6881,0,0,0
17.5424,3,0,0,0,0,0,0,0,0,0,0
17.5424,4,0,0,0,0,0,0,0,0,0,0
17.5424,5,0,0,0,0,0,0,0,0,0,0
17.5928,0,-0.000259725,-0.0442824,2.05998,0,0,-2.2987e-08,2.06046,0,0,0
17.5928,1,2.99974,-0.0442824,2.05998,-7.6049e-16,-6.92117e-17,8.67046e-08,3.63922,0,0,0
17.5928,2,2.99974,2.95572,2.05998,-4.2489e-25,-1.94033e-23,1.39971e-07,4.6881,0,0,0
17.5928,3,0,0,0,0,0,0,0,0,0,0
17.5928,4,0,0,0,0,0,0,0,0,0,0
17.5928,5,0,0,0,0,0,0,0,0,0,0
17.6429,0,-0.000259725,-0.0442824,2.05998,0,0,-3.44484e-08,2.06046,0,0,0
17.6429,1,2.99974,-0.0442824,2.05998,-7.65797e-16,-5.40622e-17,1.28566e-07,3.63922,0,0,0
17.6429,2,2.99974,2.95572,2.05998,-2.18903e-24,-1.60529e-23,1.44227e-07,4.6881,0,0,0
17.6429,3,0,0,0,0,0,0,0,0,0,0
17.6429,4,0,0,0,0,0,0,0,0,0,0
17.6429,5,0,0,0,0,0,0,0,0,0,0
17.6969,0,-0.000259725,-0.0442824,2.05998,0,0,-4.21271e-08,2.06046,0,0,0
17.6969,1,2.99974,-0.0442824,2.05998,-7.65797e-16,-5.40622e-17,1.04112e-07,3.63922,0,0,0
17.6969,2,2.99974,2.95572,2.05998,-3.32819e-24,-8.70449e-24,1.5181e-07,4.6881,0,0,0
17.6969,3,0,0,0,0,0,0,0,0,0,0
17.6969,4,0,0,0,0,0,0,0,0,0,0
17.6969,5,0,0,0,0,0,0,0,0,0,0
17.7471,0,-0.000259725,-0.0442824,2.05998,0,0,-4.97462e-08,2.06046,0,0,0
17.7471,1,2.99974,-0.0442824,2.05998,-7.59575e-16,-5.64673e-17,7.73124e-08,3.63922,0,0,0
17.7471,2,2.99974,2.95572,2.05998,-9.04266e-24,-6.84733e-24,1.54973e-07,4.6881,0,0,0
17.7471,3,0,0,0,0,0,0,0,0,0,0
17.7471,4,0,0,0,0,0,0,0,0,0,0
17.7471,5,0,0,0,0,0,0,0,0,0,0
17.7973,0,-0.000259725,-0.0442824,2.05998,0,0,-5.5254e-08,2.06046,0,0,0
17.7973,1,2.99974,-0.0442824,2.05998,-7.59575e-16,-5.64673e-17,6.45994e-08,3.63922,0,0,0
17.7973,2,2.99974,2.95572,2.05998,-7.08334e-24,1.92931e-25,1.63433e-07,4.6881,0,0,0
17.7973,3,0,0,0,0,0,0,0,0,0,0
17.7973,4,0,0,0,0,0,0,0,0,0,0
17.7973,5,0,0,0,0,0,0,0,0,0,0
17.8474,0,-0.000259725,-0.0442824,2.05998,0,0,-6.17391e-08,2.06046,0,0,0
17.8474,1,2.99974,-0.0442824,2.05998,-7.56537e-16,-5.76419e-17,5.72285e-08,3.63922,0,0,0
17.8474,2,2.99974,2.95572,2.05998,3.08089e-24,3.82952e-24,1.70737e-07,4.6881,0,0,0
17.8474,3,0,0,0,0,0,0,0,0,0,0
17.8474,4,0,0,0,0,0,0,0,0,0,0
17.8474,5,0,0,0,0,0,0,0,0,0,0
17.9032,0,-0.000259725,-0.0442824,2.05998,0,0,-6.59197e-08,2.06046,0,0,0
17.9032,1,2.99974,-0.0442824,2.05998,-7.49785e-16,-3.33874e-17,5.32462e-08,3.63922,0,0,0
17.9032,2,2.99974,2.95572,2.05998,1.93465e-23,2.64491e-24,1.76221e-07,4.6881,0,0,0
17.9032,3,0,0,0,0,0,0,0,0,0,0
17.9032,4,0,0,0,0,0,0,0,0,0,0
17.9032,5,0,0,0,0,0,0,0,0,0,0
17.9566,0,-0.000259725,-0.0442824,2.05998,0,0,-6.74005e-08,2.06046,0,0,0
17.9566,1,2.99974,-0.0442824,2.05998,-7.46734e-16,-3.35177e-17,5.17092e-08,3.63922,0,0,0
17.9566,2,2.99974,2.95572,2.05998,2.32013e-23,-3.66019e-24,1.79371e-07,4.6881,0,0,0
17.9566,3,0,0,0,0,0,0,0,0,0,0
17.9566,4,0,0,0,0,0,0,0,0,0,0
17.9566,5,0,0,0,0,0,0,0,0,0,0
18.0074,0,-0.000259725,-0.0442824,2.05998,0,0,-4.63526e-08,2.06046,0,0,0
18.0074,1,2.99974,-0.0442824,2.05998,-7.46734e-16,-3.35177e-17,5.17092e-08,3.63922,0,0,0
18.0074,2,2.99974,2.95572,2.05998,1.38198e-23,-6.22513e-24,1.84567e-07,4.6881,0,0,0
18.0074,3,0,0,0,0,0,0,0,0,0,0
18.0074,4,0,0,0,0,0,0,0,0,0,0
18.0074,5,0,0,0,0,0,0,0,0,0,0
18.0626,0,-0.000259725,-0.0442824,2.05998,0,0,2.82829e-08,2.06046,0,0,0
18.0626,1,2.99974,-0.0442824,2.05998,-7.43828e-16,-3.36417e-17,5.34542e-08,3.63922,0,0,0
18.0626,2,2.99974,2.95572,2.05998,5.2799e-24,-1.20865e-24,1.88605e-07,4.6881,0,0,0
18.0626,3,0,0,0,0,0,0,0,0,0,0
18.0626,4,0,0,0,0,0,0,0,0,0,0
18.0626,5,0,0,0,0,0,0,0,0,0,0
18.121,0,-0.000259725,-0.0442824,2.05998,0,0,7.09991e-08,2.06046,0,0,0
18.121,1,2.99974,-0.0442824,2.05998,-7.46504e-16,-1.68723e-17,5.05054e-08,3.63922,0,0,0
18.121,2,2.99974,2.95572,2.05998,1.0913e-23,3.92083e-24,1.93746e-07,4.6881,0,0,0
18.121,3,0,0,0,0,0,0,0,0,0,0
18.121,4,0,0,0,0,0,0,0,0,0,0
18.121,5,0,0,0,0,0,0,0,0,0,0
18.1712,0,-0.000259725,-0.0442824,2.05998,0,0,1.0452e-07,2.06046,0,0,0
18.1712,1,2.99974,-0.0442824,2.05998,-7.43939e-16,-1.63503e-17,5.05351e-08,3.63922,0,0,0
18.1712,2,2.99974,2.95572,2.05998,1.92217e-23,5.98157e-24,1.99265e-07,4.6881,0,0,0
18.1712,3,0,0,0,0,0,0,0,0,0,0
18.1712,4,0,0,0,0,0,0,0,0,0,0
18.1712,5,0,0,0,0,0,0,0,0,0,0
18.224,0,-0.000259725,-0.0442824,2.05998,0,0,1.22118e-07,2.06046,0,0,0
18.224,1,2.99974,-0.0442824,2.05998,-7.43939e-16,-1.63503e-17,5.05351e-08,3.63922,0,0,0
18.224,2,2.99974,2.95572,2.05998,1.62351e-23,4.32786e-35,2.0483e-07,4.6881,0,0,0
18.224,3,0,0,0,0,0,0,0,0,0,0
18.224,4,0,0,0,0,0,0,0,0,0,0
18.224,5,0,0,0,0,0,0,0,0,0,0
18.2806,0,-0.000259725,-0.0442824,2.05998,0,0,8.0077e-08,2.06046,0,0,0
18.2806,1,2.99974,-0.0442824,2.05998,-7.41244e-16,-1.58022e-17,5.46088e-08,3.63922,0,0,0
18.2806,2,2.99974,2.95572,2.05998,3.00206e-24,-1.22555e-23,2.09429e-07,4.6881,0,0,0
18.2806,3,0,0,0,0,0,0,0,0,0,0
18.2806,4,0,0,0,0,0,0,0,0,0,0
18.2806,5,0,0,0,0,0,0,0,0,0,0
18.3311,0,-0.000259725,-0.0442824,2.05998,0,0,6.13302e-08,2.06046,0,0,0
18.3311,1,2.99974,-0.0442824,2.05998,-7.44995e-16,2.2475e-18,5.80207e-08,3.63922,0,0,0
18.3311,2,2.99974,2.95572,2.05998,-9.06628e-25,-7.15229e-24,1.99114e-07,4.6881,0,0,0
18.3311,3,0,0,0,0,0,0,0,0,0,0
18.3311,4,0,0,0,0,0,0,0,0,0,0
18.3311,5,0,0,0,0,0,0,0,0,0,0
18.3816,0,-0.000259725,-0.0442824,2.05998,0,0,3.9832e-08,2.06046,0,0,0
18.3816,1,2.99974,-0.0442824,2.05998,-7.42772e-16,3.41812e-18,5.92784e-08,3.63922,0,0,0
18.3816,2,2.99974,2.95572,2.05998,-1.21443e-24,3.8052e-24,1.60027e-07,4.6881,0,0,0
18.3816,3,0,0,0,0,0,0,0,0,0,0
18.3816,4,0,0,0,0,0,0,0,0,0,0
18.3816,5,0,0,0,0,0,0,0,0,0,0
18.432,0,-0.000259725,-0.0442824,2.05998,0,0,2.9062e-08,2.06046,0,0,0
18.432,1,2.99974,-0.0442824,2.05998,-7.42772e-16,3.41812e-18,5.92784e-08,3.63922,0,0,0
18.432,2,2.99974,2.95572,2.05998,-6.83757e-24,3.79467e-24,1.06139e-07,4.6881,0,0,0
18.432,3,0,0,0,0,0,0,0,0,0,0
18.432,4,0,0,0,0,0,0,0,0,0,0
18.432,5,0,0,0,0,0,0,0,0,0,0
18.4822,0,-0.000259725,-0.0442824,2.05998,0,0,1.89512e-08,2.06046,0,0,0
18.4822,1,2.99974,-0.0442824,2.05998,-7.34356e-16,1.07807e-17,6.18892e-08,3.63922,0,0,0
18.4822,2,2.99974,2.95572,2.05998,-6.50608e-24,1.59333e-24,6.56112e-08,4.6881,0,0,0
18.4822,3,0,0,0,0,0,0,0,0,0,0
18.4822,4,0,0,0,0,0,0,0,0,0,0
18.4822,5,0,0,0,0,0,0,0,0,0,0
18.539,0,-0.000259725,-0.0442824,2.05998,0,0,1.23012e-08,2.06046,0,0,0
18.539,1,2.99974,-0.0442824,2.05998,-7.40468e-16,2.92631e-17,6.65972e-08,3.63922,0,0,0
18.539,2,2.99974,2.95572,2.05998,-4.96822e-24,4.16963e-25,4.19065e-08,4.6881,0,0,0
18.539,3,0,0,0,0,0,0,0,0,0,0
18.539,4,0,0,0,0,0,0,0,0,0,0
18.539,5,0,0,0,0,0,0,0,0,0,0
18.5902,0,-0.000259725,-0.0442824,2.05998,0,0,6.65761e-09,2.06046,0,0,0
18.5902,1,2.99974,-0.0442824,2.05998,-7.52444e-16,6.99148e-17,7.08554e-08,3.63922,0,0,0
18.5902,2,2.99974,2.95572,2.05998,-2.55158e-24,-3.603e-26,1.94226e-08,4.6881,0,0,0
18.5902,3,0,0,0,0,0,0,0,0,0,0
18.5902,4,0,0,0,0,0,0,0,0,0,0
18.5902,5,0,0,0,0,0,0,0,0,0,0
18.6432,0,-0.000259725,-0.0442824,2.05998,0,0,4.4499e-11,2.06046,0,0,0
18.6432,1,2.99974,-0.0442824,2.05998,-7.34573e-16,6.38311e-17,7.36463e-08,3.63922,0,0,0
18.6432,2,2.99974,2.95572,2.05998,-2.9361e-25,-7.37713e-27,2.9163e-09,4.6881,0,0,0
18.6432,3,0,0,0,0,0,0,0,0,0,0
18.6432,4,0,0,0,0,0,0,0,0,0,0
18.6432,5,0,0,0,0,0,0,0,0,0,0
18.6971,0,-0.000259725,-0.0442824,2.05998,0,0,-5.40396e-09,2.06046,0,0,0
18.6971,1,2.99974,-0.0442824,2.05998,-7.33329e-16,9.18702e-17,8.06182e-08,3.63922,0,0,0
18.6971,2,2.99974,2.95572,2.05998,8.8033e-25,-5.18551e-25,-1.78771e-08,4.6881,0,0,0
18.6971,3,0,0,0,0,0,0,0,0,0,0
18.6971,4,0,0,0,0,0,0,0,0,0,0
18.6971,5,0,0,0,0,0,0,0,0,0,0
18.7509,0,-0.000259725,-0.0442824,2.05998,0,0,-1.03249e-08,2.06046,0,0,0
18.7509,1,2.99974,-0.0442824,2.05998,-7.25267e-16,1.03769e-16,8.24196e-08,3.63922,0,0,0
18.7509,2,2.99974,2.95572,2.05998,1.52992e-24,-1.15677e-24,-3.16098e-08,4.6881,0,0,0
18.7509,3,0,0,0,0,0,0,0,0,0,0
18.7509,4,0,0,0,0,0,0,0,0,0,0
18.7509,5,0,0,0,0,0,0,0,0,0,0
18.8022,0,-0.000259725,-0.0442824,2.05998,0,0,-1.33856e-08,2.06046,0,0,0
18.8022,1,2.99974,-0.0442824,2.05998,-7.14318e-16,9.07727e-17,8.325e-08,3.63922,0,0,0
18.8022,2,2.99974,2.95572,2.05998,1.45825e-24,-2.19825e-24,-4.30201e-08,4.6881,0,0,0
18.8022,3,0,0,0,0,0,0,0,0,0,0
18.8022,4,0,0,0,0,0,0,0,0,0,0
18.8022,5,0,0,0,0,0,0,0,0,0,0
18.8524,0,-0.000259725,-0.0442824,2.05998,0,0,-1.56157e-08,2.06046,0,0,0
18.8524,1,2.99974,-0.0442824,2.05998,-7.14318e-16,9.07727e-17,8.325e-08,3.63922,0,0,0
18.8524,2,2.99974,2.95572,2.05998,1.23602e-24,-2.73756e-24,-5.4291e-08,4.6881,0,0,0
18.8524,3,0,0,0,0,0,0,0,0,0,0
18.8524,4,0,0,0,0,0,0,0,0,0,0
18.8524,5,0,0,0,0,0,0,0,0,0,0
18.9072,0,-0.000259725,-0.0442824,2.05998,0,0,-1.65741e-08,2.06046,0,0,0
18.9072,1,2.99974,-0.0442824,2.05998,-7.07687e-16,1.24193e-16,9.01856e-08,3.63922,0,0,0
18.9072,2,2.99974,2.95572,2.05998,2.3806e-24,-2.2771e-24,-6.13755e-08,4.6881,0,0,0
18.9072,3,0,0,0,0,0,0,0,0,0,0
18.9072,4,0,0,0,0,0,0,0,0,0,0
18.9072,5,0,0,0,0,0,0,0,0,0,0
18.9627,0,-0.000259725,-0.0442824,2.05998,0,0,-1.52308e-08,2.06046,0,0,0
18.9627,1,2.99974,-0.0442824,2.05998,-6.98409e-16,1.37308e-16,9.5744e-08,3.63922,0,0,0
18.9627,2,2.99974,2.95572,2.05998,3.82932e-24,-3.59367e-24,-6.98673e-08,4.6881,0,0,0
18.9627,3,0,0,0,0,0,0,0,0,0,0
18.9627,4,0,0,0,0,0,0,0,0,0,0
18.9627,5,0,0,0,0,0,0,0,0,0,0
19.0152,0,-0.000259725,-0.0442824,2.05998,0,0,-1.30653e-08,2.06046,0,0,0
19.0152,1,2.99974,-0.0442824,2.05998,-6.91528e-16,1.46203e-16,9.99189e-08,3.63922,0,0,0
19.0152,2,2.99974,2.95572,2.05998,3.5417e-24,-4.72226e-24,-7.44728e-08,4.6881,0,0,0
19.0152,3,0,0,0,0,0,0,0,0,0,0
19.0152,4,0,0,0,0,0,0,0,0,0,0
19.0152,5,0,0,0,0,0,0,0,0,0,0
19.0704,0,-0.000259725,-0.0442824,2.05998,0,0,-1.31274e-08,2.06046,0,0,0
19.0704,1,2.99974,-0.0442824,2.05998,-6.8516e-16,1.5449e-16,1.03675e-07,3.63922,0,0,0
19.0704,2,2.99974,2.95572,2.05998,3.00279e-25,-3.30307e-24,-8.09352e-08,4.6881,0,0,0
19.0704,3,0,0,0,0,0,0,0,0,0,0
19.0704,4,0,0,0,0,0,0,0,0,0,0
19.0704,5,0,0,0,0,0,0,0,0,0,0
19.1206,0,-0.000259725,-0.0442824,2.05998,0,0,-1.30138e-08,2.06046,0,0,0
19.1206,1,2.99974,-0.0442824,2.05998,-6.81755e-16,1.60005e-16,1.08146e-07,3.63922,0,0,0
19.1206,2,2.99974,2.95572,2.05998,-1.43759e-24,3.70288e-24,-8.61062e-08,4.6881,0,0,0
19.1206,3,0,0,0,0,0,0,0,0,0,0
19.1206,4,0,0,0,0,0,0,0,0,0,0
19.1206,5,0,0,0,0,0,0,0,0,0,0
19.1715,0,-0.000259725,-0.0442824,2.05998,0,0,-9.87541e-09,2.06046,0,0,0
19.1715,1,2.99974,-0.0442824,2.05998,-6.69803e-16,1.47348e-16,1.12739e-07,3.63922,0,0,0
19.1715,2,2.99974,2.95572,2.05998,-5.1189e-24,6.45957e-24,-9.03385e-08,4.6881,0,0,0
19.1715,3,0,0,0,0,0,0,0,0,0,0
19.1715,4,0,0,0,0,0,0,0,0,0,0
19.1715,5,0,0,0,0,0,0,0,0,0,0
19.2216,0,-0.000259725,-0.0442824,2.05998,0,0,-6.30199e-09,2.06046,0,0,0
19.2216,1,2.99974,-0.0442824,2.05998,-6.56962e-16,1.3421e-16,1.18274e-07,3.63922,0,0,0
19.2216,2,2.99974,2.95572,2.05998,-5.60921e-24,3.56369e-24,-9.47612e-08,4.6881,0,0,0
19.2216,3,0,0,0,0,0,0,0,0,0,0
19.2216,4,0,0,0,0,0,0,0,0,0,0
19.2216,5,0,0,0,0,0,0,0,0,0,0
19.2718,0,-0.000259725,-0.0442824,2.05998,0,0,-5.15663e-09,2.06046,0,0,0
19.2718,1,2.99974,-0.0442824,2.05998,-6.44151e-16,1.20245e-16,1.21496e-07,3.63922,0,0,0
19.2718,2,2.99974,2.95572,2.05998,-2.9236e-24,2.65476e-24,-9.96331e-08,4.6881,0,0,0
19.2718,3,0,0,0,0,0,0,0,0,0,0
19.2718,4,0,0,0,0,0,0,0,0,0,0
19.2718,5,0,0,0,0,0,0,0,0,0,0
19.3241,0,-0.000259725,-0.0442824,2.05998,0,0,-2.58021e-09,2.06046,0,0,0
19.3241,1,2.99974,-0.0442824,2.05998,-6.44151e-16,1.20245e-16,1.21496e-07,3.63922,0,0,0
19.3241,2,2.99974,2.95572,2.05998,-2.74605e-24,3.36487e-24,-7.64476e-08,4.6881,0,0,0
19.3241,3,0,0,0,0,0,0,0,0,0,0
19.3241,4,0,0,0,0,0,0,0,0,0,0
19.3241,5,0,0,0,0,0,0,0,0,0,0
19.3742,0,-0.000259725,-0.0442824,2.05998,0,0,4.37589e-10,2.06046,0,0,0
19.3742,1,2.99974,-0.0442824,2.05998,-6.10944e-16,1.49207e-17,1.30355e-07,3.63922,0,0,0
19.3742,2,2.99974,2.95572,2.05998,1.98801e-26,-7.42191e-26,9.82366e-10,4.6881,0,0,0
19.3742,3,0,0,0,0,0,0,0,0,0,0
19.3742,4,0,0,0,0,0,0,0,0,0,0
19.3742,5,0,0,0,0,0,0,0,0,0,0
19.4244,0,-0.000259725,-0.0442824,2.05998,0,0,4.71429e-09,2.06046,0,0,0
19.4244,1,2.99974,-0.0442824,2.05998,-6.10944e-16,1.49207e-17,1.30355e-07,3.63922,0,0,0
19.4244,2,2.99974,2.95572,2.05998,1.39794e-24,-3.57251e-24,4.84761e-08,4.6881,0,0,0
19.4244,3,0,0,0,0,0,0,0,0,0,0
19.4244,4,0,0,0,0,0,0,0,0,0,0
19.4244,5,0,0,0,0,0,0,0,0,0,0
19.4745,0,-0.000259725,-0.0442824,2.05998,0,0,7.43327e-09,2.06046,0,0,0
19.4745,1,2.99974,-0.0442824,2.05998,-5.81184e-16,-6.68832e-17,1.36597e-07,3.63922,0,0,0
19.4745,2,2.99974,2.95572,2.05998,7.66679e-24,-2.10404e-24,8.5455e-08,4.6881,0,0,0
19.4745,3,0,0,0,0,0,0,0,0,0,0
19.4745,4,0,0,0,0,0,0,0,0,0,0
19.4745,5,0,0,0,0,0,0,0,0,0,0
19.5247,0,-0.000259725,-0.0442824,2.05998,0,0,1.13149e-08,2.06046,0,0,0
19.5247,1,2.99974,-0.0442824,2.05998,-5.79854e-16,-1.01735e-16,1.39164e-07,3.63922,0,0,0
19.5247,2,2.99974,2.95572,2.05998,2.15006e-23,5.79312e-24,1.15274e-07,4.6881,0,0,0
19.5247,3,0,0,0,0,0,0,0,0,0,0
19.5247,4,0,0,0,0,0,0,0,0,0,0
19.5247,5,0,0,0,0,0,0,0,0,0,0
19.5774,0,-0.000259725,-0.0442824,2.05998,0,0,1.43716e-08,2.06046,0,0,0
19.5774,1,2.99974,-0.0442824,2.05998,-5.86891e-16,-1.19718e-16,1.42027e-07,3.63922,0,0,0
19.5774,2,2.99974,2.95572,2.05998,2.76297e-23,9.19535e-24,1.29516e-07,4.6881,0,0,0
19.5774,3,0,0,0,0,0,0,0,0,0,0
19.5774,4,0,0,0,0,0,0,0,0,0,0
19.5774,5,0,0,0,0,0,0,0,0,0,0
19.6302,0,-0.000259725,-0.0442824,2.05998,0,0,1.81044e-08,2.06046,0,0,0
19.6302,1,2.99974,-0.0442824,2.05998,-5.7605e-16,-1.4672e-16,1.45684e-07,3.63922,0,0,0
19.6302,2,2.99974,2.95572,2.05998,1.16299e-23,6.91902e-24,9.69929e-08,4.6881,0,0,0
19.6302,3,0,0,0,0,0,0,0,0,0,0
19.6302,4,0,0,0,0,0,0,0,0,0,0
19.6302,5,0,0,0,0,0,0,0,0,0,0
19.6804,0,-0.000259725,-0.0442824,2.05998,0,0,2.06552e-08,2.06046,0,0,0
19.6804,1,2.99974,-0.0442824,2.05998,-5.6713e-16,-1.64722e-16,1.50432e-07,3.63922,0,0,0
19.6804,2,2.99974,2.95572,2.05998,1.19736e-24,3.43243e-24,6.76194e-08,4.6881,0,0,0
19.6804,3,0,0,0,0,0,0,0,0,0,0
19.6804,4,0,0,0,0,0,0,0,0,0,0
19.6804,5,0,0,0,0,0,0,0,0,0,0
19.7331,0,-0.000259725,-0.0442824,2.05998,0,0,2.45628e-08,2.06046,0,0,0
19.7331,1,2.99974,-0.0442824,2.05998,-5.58087e-16,-1.89835e-16,1.56279e-07,3.63922,0,0,0
19.7331,2,2.99974,2.95572,2.05998,-1.5595e-24,8.34545e-25,4.99862e-08,4.6881,0,0,0
19.7331,3,0,0,0,0,0,0,0,0,0,0
19.7331,4,0,0,0,0,0,0,0,0,0,0
19.7331,5,0,0,0,0,0,0,0,0,0,0
19.7886,0,-0.000259725,-0.0442824,2.05998,0,0,2.92806e-08,2.06046,0,0,0
19.7886,1,2.99974,-0.0442824,2.05998,-5.59791e-16,-2.05592e-16,1.62446e-07,3.63922,0,0,0
19.7886,2,2.99974,2.95572,2.05998,-3.73542e-24,2.69814e-25,3.55539e-08,4.6881,0,0,0
19.7886,3,0,0,0,0,0,0,0,0,0,0
19.7886,4,0,0,0,0,0,0,0,0,0,0
19.7886,5,0,0,0,0,0,0,0,0,0,0
19.839,0,-0.000259725,-0.0442824,2.05998,0,0,3.35564e-08,2.06046,0,0,0
19.839,1,2.99974,-0.0442824,2.05998,-5.6971e-16,-2.02998e-16,1.67785e-07,3.63922,0,0,0
19.839,2,2.99974,2.95572,2.05998,-3.26217e-24,-4.62546e-25,2.40595e-08,4.6881,0,0,0
19.839,3,0,0,0,0,0,0,0,0,0,0
19.839,4,0,0,0,0,0,0,0,0,0,0
19.839,5,0,0,0,0,0,0,0,0,0,0
19.8896,0,-0.000259725,-0.0442824,2.05998,0,0,4.00771e-08,2.06046,0,0,0
19.8896,1,2.99974,-0.0442824,2.05998,-5.73491e-16,-1.93291e-16,1.7241e-07,3.63922,0,0,0
19.8896,2,2.99974,2.95572,2.05998,-1.3909e-24,-7.56777e-26,1.54741e-08,4.6881,0,0,0
19.8896,3,0,0,0,0,0,0,0,0,0,0
19.8896,4,0,0,0,0,0,0,0,0,0,0
19.8896,5,0,0,0,0,0,0,0,0,0,0
19.9427,0,-0.000259725,-0.0442824,2.05998,0,0,4.24267e-08,2.06046,0,0,0
19.9427,1,2.99974,-0.0442824,2.05998,-5.78616e-16,-2.09825e-16,1.76251e-07,3.63922,0,0,0
19.9427,2,2.99974,2.95572,2.05998,-4.68944e-25,1.35333e-25,9.33127e-09,4.6881,0,0,0
19.9427,3,0,0,0,0,0,0,0,0,0,0
19.9427,4,0,0,0,0,0,0,0,0,0,0
19.9427,5,0,0,0,0,0,0,0,0,0,0
19.993,0,-0.000259725,-0.0442824,2.05998,0,0,4.93569e-08,2.06046,0,0,0
19.993,1,2.99974,-0.0442824,2.05998,-5.89056e-16,-1.79927e-16,1.82088e-07,3.63922,0,0,0
19.993,2,2.99974,2.95572,2.05998,-2.28911e-26,5.45865e-26,1.74024e-09,4.6881,0,0,0
19.993,3,0,0,0,0,0,0,0,0,0,0
19.993,4,0,0,0,0,0,0,0,0,0,0
19.993,5,0,0,0,0,0,0,0,0,0,0
20.0518,0,-0.000259725,-0.0442824,2.05998,0,0,5.31488e-08,2.06046,0,0,0
20.0518,1,2.99974,-0.0442824,2.05998,-5.93577e-16,-1.42943e-16,1.83159e-07,3.63922,0,0,0
20.0518,2,2.99974,2.95572,2.05998,-5.08746e-26,-1.16285e-25,-2.69351e-09,4.6881,0,0,0
20.0518,3,0,0,0,0,0,0,0,0,0,0
20.0518,4,0,0,0,0,0,0,0,0,0,0
20.0518,5,0,0,0,0,0,0,0,0,0,0
20.102,0,-0.000259725,-0.0442824,2.05998,0,0,5.7097e-08,2.06046,0,0,0
20.102,1,2.99974,-0.0442824,2.05998,-5.98369e-16,-1.0341e-16,1.83734e-07,3.63922,0,0,0
20.102,2,2.99974,2.95572,2.05998,-2.57967e-27,-2.57967e-27,-3.8242e-09,4.6881,0,0,0
20.102,3,0,0,0,0,0,0,0,0,0,0
20.102,4,0,0,0,0,0,0,0,0,0,0
20.102,5,0,0,0,0,0,0,0,0,0,0
20.1521,0,-0.000259725,-0.0442824,2.05998,0,0,5.92843e-08,2.06046,0,0,0
20.1521,1,2.99974,-0.0442824,2.05998,-6.04234e-16,-8.8864e-17,1.29553e-07,3.63922,0,0,0
20.1521,2,2.99974,2.95572,2.05998,9.38098e-26,1.60817e-25,-3.31112e-09,4.6881,0,0,0
20.1521,3,0,0,0,0,0,0,0,0,0,0
20.1521,4,0,0,0,0,0,0,0,0,0,0
20.1521,5,0,0,0,0,0,0,0,0,0,0
20.2045,0,-0.000259725,-0.0442824,2.05998,0,0,6.61182e-08,2.06046,0,0,0
20.2045,1,2.99974,-0.0442824,2.05998,-6.10283e-16,-7.35166e-17,8.04746e-08,3.63922,0,0,0
20.2045,2,2.99974,2.95572,2.05998,1.61526e-25,3.30075e-25,-5.20548e-09,4.6881,0,0,0
20.2045,3,0,0,0,0,0,0,0,0,0,0
20.2045,4,0,0,0,0,0,0,0,0,0,0
20.2045,5,0,0,0,0,0,0,0,0,0,0
20.2609,0,-0.000259725,-0.0442824,2.05998,0,0,7.02605e-08,2.06046,0,0,0
20.2609,1,2.99974,-0.0442824,2.05998,-6.16373e-16,-5.76253e-17,4.49678e-08,3.63922,0,0,0
20.2609,2,2.99974,2.95572,2.05998,7.97737e-26,1.29046e-25,-6.95643e-09,4.6881,0,0,0
20.2609,3,0,0,0,0,0,0,0,0,0,0
20.2609,4,0,0,0,0,0,0,0,0,0,0
20.2609,5,0,0,0,0,0,0,0,0,0,0
20.311,0,-0.000259725,-0.0442824,2.05998,0,0,7.40685e-08,2.06046,0,0,0
20.311,1,2.99974,-0.0442824,2.05998,-6.07398e-16,-7.69545e-17,1.69882e-08,3.63922,0,0,0
20.311,2,2.99974,2.95572,2.05998,1.28299e-25,2.4858e-25,-7.92481e-09,4.6881,0,0,0
20.311,3,0,0,0,0,0,0,0,0,0,0
20.311,4,0,0,0,0,0,0,0,0,0,0
20.311,5,0,0,0,0,0,0,0,0,0,0
20.3615,0,-0.000259725,-0.0442824,2.05998,0,0,7.83357e-08,2.06046,0,0,0
20.3615,1,2.99974,-0.0442824,2.05998,-6.14004e-16,-6.11457e-17,-2.68961e-09,3.63922,0,0,0
20.3615,2,2.99974,2.95572,2.05998,-3.61859e-26,2.69133e-25,-6.70541e-09,4.6881,0,0,0
20.3615,3,0,0,0,0,0,0,0,0,0,0
20.3615,4,0,0,0,0,0,0,0,0,0,0
20.3615,5,0,0,0,0,0,0,0,0,0,0
20.4142,0,-0.000259725,-0.0442824,2.05998,0,0,8.63614e-08,2.06046,0,0,0
20.4142,1,2.99974,-0.0442824,2.05998,-6.12069e-16,-6.17036e-17,-2.00702e-08,3.63922,0,0,0
20.4142,2,2.99974,2.95572,2.05998,-2.88053e-25,1.27783e-25,-6.42136e-09,4.6881,0,0,0
20.4142,3,0,0,0,0,0,0,0,0,0,0
20.4142,4,0,0,0,0,0,0,0,0,0,0
20.4142,5,0,0,0,0,0,0,0,0,0,0
20.4657,0,-0.000259725,-0.0442824,2.05998,0,0,9.26849e-08,2.06046,0,0,0
20.4657,1,2.99974,-0.0442824,2.05998,-6.10134e-16,-6.22615e-17,-3.73355e-08,3.63922,0,0,0
20.4657,2,2.99974,2.95572,2.05998,-1.38998e-25,2.90082e-26,-3.58356e-09,4.6881,0,0,0
20.4657,3,0,0,0,0,0,0,0,0,0,0
20.4657,4,0,0,0,0,0,0,0,0,0,0
20.4657,5,0,0,0,0,0,0,0,0,0,0
20.5187,0,-0.000259725,-0.0442824,2.05998,0,0,9.54483e-08,2.06046,0,0,0
20.5187,1,2.99974,-0.0442824,2.05998,-6.08006e-16,-6.28752e-17,-4.90569e-08,3.63922,0,0,0
20.5187,2,2.99974,2.95572,2.05998,-7.69015e-26,-4.52362e-27,-1.57787e-09,4.6881,0,0,0
20.5187,3,0,0,0,0,0,0,0,0,0,0
20.5187,4,0,0,0,0,0,0,0,0,0,0
20.5187,5,0,0,0,0,0,0,0,0,0,0
20.5717,0,-0.000259725,-0.0442824,2.05998,0,0,9.8723e-08,2.06046,0,0,0
20.5717,1,2.99974,-0.0442824,2.05998,-6.05974e-16,-6.3461e-17,-6.17969e-08,3.63922,0,0,0
20.5717,2,2.99974,2.95572,2.05998,5.46764e-26,1.1274e-25,2.86918e-09,4.6881,0,0,0
20.5717,3,0,0,0,0,0,0,0,0,0,0
20.5717,4,0,0,0,0,0,0,0,0,0,0
20.5717,5,0,0,0,0,0,0,0,0,0,0
20.6245,0,-0.000259725,-0.0442824,2.05998,0,0,1.03459e-07,2.06046,0,0,0
20.6245,1,2.99974,-0.0442824,2.05998,-6.04039e-16,-6.40189e-17,-7.25892e-08,3.63922,0,0,0
20.6245,2,2.99974,2.95572,2.05998,-9.62149e-26,2.31056e-25,4.16445e-09,4.6881,0,0,0
20.6245,3,0,0,0,0,0,0,0,0,0,0
20.6245,4,0,0,0,0,0,0,0,0,0,0
20.6245,5,0,0,0,0,0,0,0,0,0,0
20.6749,0,-0.000259725,-0.0442824,2.05998,0,0,1.07047e-07,2.06046,0,0,0
20.6749,1,2.99974,-0.0442824,2.05998,-6.02008e-16,-6.46047e-17,-7.92526e-08,3.63922,0,0,0
20.6749,2,2.99974,2.95572,2.05998,-3.15242e-25,4.06949e-25,6.79747e-09,4.6881,0,0,0
20.6749,3,0,0,0,0,0,0,0,0,0,0
20.6749,4,0,0,0,0,0,0,0,0,0,0
20.6749,5,0,0,0,0,0,0,0,0,0,0
20.7251,0,-0.000259725,-0.0442824,2.05998,0,0,1.12407e-07,2.06046,0,0,0
20.7251,1,2.99974,-0.0442824,2.05998,-5.96911e-16,-6.21255e-17,-8.71791e-08,3.63922,0,0,0
20.7251,2,2.99974,2.95572,2.05998,-3.11543e-25,1.98255e-25,1.11962e-08,4.6881,0,0,0
20.7251,3,0,0,0,0,0,0,0,0,0,0
20.7251,4,0,0,0,0,0,0,0,0,0,0
20.7251,5,0,0,0,0,0,0,0,0,0,0
20.7758,0,-0.000259725,-0.0442824,2.05998,0,0,1.14103e-07,2.06046,0,0,0
20.7758,1,2.99974,-0.0442824,2.05998,-5.973e-16,-3.90926e-17,-9.47664e-08,3.63922,0,0,0
20.7758,2,2.99974,2.95572,2.05998,-3.78852e-25,-1.17078e-24,1.44935e-08,4.6881,0,0,0
20.7758,3,0,0,0,0,0,0,0,0,0,0
20.7758,4,0,0,0,0,0,0,0,0,0,0
20.7758,5,0,0,0,0,0,0,0,0,0,0
20.8287,0,-0.000259725,-0.0442824,2.05998,0,0,1.19494e-07,2.06046,0,0,0
20.8287,1,2.99974,-0.0442824,2.05998,-5.95352e-16,-3.86456e-17,-1.01328e-07,3.63922,0,0,0
20.8287,2,2.99974,2.95572,2.05998,-9.06721e-25,-2.43807e-24,1.99134e-08,4.6881,0,0,0
20.8287,3,0,0,0,0,0,0,0,0,0,0
20.8287,4,0,0,0,0,0,0,0,0,0,0
20.8287,5,0,0,0,0,0,0,0,0,0,0
20.8824,0,-0.000259725,-0.0442824,2.05998,0,0,1.19494e-07,2.06046,0,0,0
20.8824,1,2.99974,-0.0442824,2.05998,-5.95928e-16,-1.48389e-17,-1.04698e-07,3.63922,0,0,0
20.8824,2,2.99974,2.95572,2.05998,-1.53633e-24,-2.43508e-24,2.2775e-08,4.6881,0,0,0
20.8824,3,0,0,0,0,0,0,0,0,0,0
20.8824,4,0,0,0,0,0,0,0,0,0,0
20.8824,5,0,0,0,0,0,0,0,0,0,0
20.9378,0,-0.000259725,-0.0442824,2.05998,0,0,1.31835e-07,2.06046,0,0,0
20.9378,1,2.99974,-0.0442824,2.05998,-6.02935e-16,3.51881e-18,-6.68414e-08,3.63922,0,0,0
20.9378,2,2.99974,2.95572,2.05998,-1.11393e-24,-2.21485e-24,2.57015e-08,4.6881,0,0,0
20.9378,3,0,0,0,0,0,0,0,0,0,0
20.9378,4,0,0,0,0,0,0,0,0,0,0
20.9378,5,0,0,0,0,0,0,0,0,0,0
20.988,0,-0.000259725,-0.0442824,2.05998,0,0,1.3804e-07,2.06046,0,0,0
20.988,1,2.99974,-0.0442824,2.05998,-6.01143e-16,5.88848e-18,1.31664e-09,3.63922,0,0,0
20.988,2,2.99974,2.95572,2.05998,-8.17372e-25,-6.26819e-25,2.9735e-08,4.6881,0,0,0
20.988,3,0,0,0,0,0,0,0,0,0,0
20.988,4,0,0,0,0,0,0,0,0,0,0
20.988,5,0,0,0,0,0,0,0,0,0,0
21.0407,0,-0.000259725,-0.0442824,2.05998,0,0,1.44645e-07,2.06046,0,0,0
21.0407,1,2.99974,-0.0442824,2.05998,-5.89757e-16,1.77556e-17,2.24174e-08,3.63922,0,0,0
21.0407,2,2.99974,2.95572,2.05998,5.71278e-25,7.74902e-25,3.35399e-08,4.6881,0,0,0
21.0407,3,0,0,0,0,0,0,0,0,0,0
21.0407,4,0,0,0,0,0,0,0,0,0,0
21.0407,5,0,0,0,0,0,0,0,0,0,0
21.0986,0,-0.000259725,-0.0442824,2.05998,0,0,1.44645e-07,2.06046,0,0,0
21.0986,1,2.99974,-0.0442824,2.05998,-6.04244e-16,5.66425e-17,7.58155e-08,3.63922,0,0,0
21.0986,2,2.99974,2.95572,2.05998,1.08821e-24,1.08821e-24,3.91079e-08,4.6881,0,0,0
21.0986,3,0,0,0,0,0,0,0,0,0,0
21.0986,4,0,0,0,0,0,0,0,0,0,0
21.0986,5,0,0,0,0,0,0,0,0,0,0
21.1488,0,-0.000259725,-0.0442824,2.05998,0,0,1.49208e-07,2.06046,0,0,0
21.1488,1,2.99974,-0.0442824,2.05998,-6.03011e-16,6.0341e-17,1.00949e-07,3.63922,0,0,0
21.1488,2,2.99974,2.95572,2.05998,-1.46436e-24,9.83527e-25,4.32004e-08,4.6881,0,0,0
21.1488,3,0,0,0,0,0,0,0,0,0,0
21.1488,4,0,0,0,0,0,0,0,0,0,0
21.1488,5,0,0,0,0,0,0,0,0,0,0
21.2015,0,-0.000259725,-0.0442824,2.05998,0,0,1.56539e-07,2.06046,0,0,0
21.2015,1,2.99974,-0.0442824,2.05998,-5.95183e-16,7.07575e-17,1.33199e-07,3.63922,0,0,0
21.2015,2,2.99974,2.95572,2.05998,-3.14541e-24,1.83351e-24,4.6863e-08,4.6881,0,0,0
21.2015,3,0,0,0,0,0,0,0,0,0,0
21.2015,4,0,0,0,0,0,0,0,0,0,0
21.2015,5,0,0,0,0,0,0,0,0,0,0
21.2542,0,-0.000259725,-0.0442824,2.05998,0,0,1.61399e-07,2.06046,0,0,0
21.2542,1,2.99974,-0.0442824,2.05998,-5.93713e-16,7.46918e-17,1.26903e-07,3.63922,0,0,0
21.2542,2,2.99974,2.95572,2.05998,-2.86992e-24,3.61628e-24,5.2687e-08,4.6881,0,0,0
21.2542,3,0,0,0,0,0,0,0,0,0,0
21.2542,4,0,0,0,0,0,0,0,0,0,0
21.2542,5,0,0,0,0,0,0,0,0,0,0
21.3045,0,-0.000259725,-0.0442824,2.05998,0,0,1.66113e-07,2.06046,0,0,0
21.3045,1,2.99974,-0.0442824,2.05998,-5.83471e-16,6.18023e-17,9.48528e-08,3.63922,0,0,0
21.3045,2,2.99974,2.95572,2.05998,-2.98343e-24,5.189e-24,5.8386e-08,4.6881,0,0,0
21.3045,3,0,0,0,0,0,0,0,0,0,0
21.3045,4,0,0,0,0,0,0,0,0,0,0
21.3045,5,0,0,0,0,0,0,0,0,0,0
21.3561,0,-0.000259725,-0.0442824,2.05998,0,0,1.73312e-07,2.06046,0,0,0
21.3561,1,2.99974,-0.0442824,2.05998,-5.79374e-16,9.32786e-17,3.71699e-08,3.63922,0,0,0
21.3561,2,2.99974,2.95572,2.05998,-5.47541e-24,3.5939e-24,6.26791e-08,4.6881,0,0,0
21.3561,3,0,0,0,0,0,0,0,0,0,0
21.3561,4,0,0,0,0,0,0,0,0,0,0
21.3561,5,0,0,0,0,0,0,0,0,0,0
21.4089,0,-0.000259725,-0.0442824,2.05998,0,0,1.79768e-07,2.06046,0,0,0
21.4089,1,2.99974,-0.0442824,2.05998,-5.68925e-16,8.08908e-17,2.51854e-08,3.63922,0,0,0
21.4089,2,2.99974,2.95572,2.05998,-7.37545e-24,1.6014e-24,6.68723e-08,4.6881,0,0,0
21.4089,3,0,0,0,0,0,0,0,0,0,0
21.4089,4,0,0,0,0,0,0,0,0,0,0
21.4089,5,0,0,0,0,0,0,0,0,0,0
21.4606,0,-0.000259725,-0.0442824,2.05998,0,0,1.85961e-07,2.06046,0,0,0
21.4606,1,2.99974,-0.0442824,2.05998,-5.55166e-16,9.61382e-17,8.737e-09,3.63922,0,0,0
21.4606,2,2.99974,2.95572,2.05998,-5.66458e-24,-6.92612e-25,7.33395e-08,4.6881,0,0,0
21.4606,3,0,0,0,0,0,0,0,0,0,0
21.4606,4,0,0,0,0,0,0,0,0,0,0
21.4606,5,0,0,0,0,0,0,0,0,0,0
21.5108,0,-0.000259725,-0.0442824,2.05998,0,0,1.90759e-07,2.06046,0,0,0
21.5108,1,2.99974,-0.0442824,2.05998,-5.43097e-16,1.09695e-16,1.99386e-09,3.63922,0,0,0
21.5108,2,2.99974,2.95572,2.05998,-3.26599e-24,1.06243e-24,7.7777e-08,4.6881,0,0,0
21.5108,3,0,0,0,0,0,0,0,0,0,0
21.5108,4,0,0,0,0,0,0,0,0,0,0
21.5108,5,0,0,0,0,0,0,0,0,0,0
21.561,0,-0.000259725,-0.0442824,2.05998,0,0,1.98343e-07,2.06046,0,0,0
21.561,1,2.99974,-0.0442824,2.05998,-5.28642e-16,1.25788e-16,-7.12474e-09,3.63922,0,0,0
21.561,2,2.99974,2.95572,2.05998,-3.07912e-25,3.471e-24,8.29925e-08,4.6881,0,0,0
21.561,3,0,0,0,0,0,0,0,0,0,0
21.561,4,0,0,0,0,0,0,0,0,0,0
21.561,5,0,0,0,0,0,0,0,0,0,0
21.6147,0,-0.000259725,-0.0442824,2.05998,0,0,2.04582e-07,2.06046,0,0,0
21.6147,1,2.99974,-0.0442824,2.05998,-5.34242e-16,1.48213e-16,-1.31478e-08,3.63922,0,0,0
21.6147,2,2.99974,2.95572,2.05998,1.99286e-24,5.3837e-24,8.81877e-08,4.6881,0,0,0
21.6147,3,0,0,0,0,0,0,0,0,0,0
21.6147,4,0,0,0,0,0,0,0,0,0,0
21.6147,5,0,0,0,0,0,0,0,0,0,0
21.6651,0,-0.000259725,-0.0442824,2.05998,0,0,2.10825e-07,2.06046,0,0,0
21.6651,1,2.99974,-0.0442824,2.05998,-5.12386e-16,1.45621e-16,-2.05281e-08,3.63922,0,0,0
21.6651,2,2.99974,2.95572,2.05998,1.99286e-24,5.3837e-24,8.81877e-08,4.6881,0,0,0
21.6651,3,0,0,0,0,0,0,0,0,0,0
21.6651,4,0,0,0,0,0,0,0,0,0,0
21.6651,5,0,0,0,0,0,0,0,0,0,0
21.7153,0,-0.000259725,-0.0442824,2.05998,0,0,2.15344e-07,2.06046,0,0,0
21.7153,1,2.99974,-0.0442824,2.05998,-5.04763e-16,1.54722e-16,-2.29422e-08,3.63922,0,0,0
21.7153,2,2.99974,2.95572,2.05998,8.30609e-25,4.47251e-24,9.47172e-08,4.6881,0,0,0
21.7153,3,0,0,0,0,0,0,0,0,0,0
21.7153,4,0,0,0,0,0,0,0,0,0,0
21.7153,5,0,0,0,0,0,0,0,0,0,0
21.7655,0,-0.000259725,-0.0442824,2.05999,0,0,2.18317e-07,2.06046,0,0,0
21.7655,1,2.99974,-0.0442824,2.05998,-5.0071e-16,1.60328e-16,-2.4384e-08,3.63922,0,0,0
21.7655,2,2.99974,2.95572,2.05998,9.41224e-25,2.30077e-24,1.03356e-07,4.6881,0,0,0
21.7655,3,0,0,0,0,0,0,0,0,0,0
21.7655,4,0,0,0,0,0,0,0,0,0,0
21.7655,5,0,0,0,0,0,0,0,0,0,0
21.8215,0,-0.000259725,-0.0442824,2.05999,0,0,1.91873e-07,2.06046,0,0,0
21.8215,1,2.99974,-0.0442824,2.05998,-4.79089e-16,1.30834e-16,-3.04253e-08,3.63922,0,0,0
21.8215,2,2.99974,2.95572,2.05998,3.56801e-24,-7.94946e-25,1.09624e-07,4.6881,0,0,0
21.8215,3,0,0,0,0,0,0,0,0,0,0
21.8215,4,0,0,0,0,0,0,0,0,0,0
21.8215,5,0,0,0,0,0,0,0,0,0,0
21.8716,0,-0.000259725,-0.0442824,2.05999,0,0,1.2496e-07,2.06046,0,0,0
21.8716,1,2.99974,-0.0442824,2.05998,-4.74328e-16,1.3507e-16,-3.37039e-08,3.63922,0,0,0
21.8716,2,2.99974,2.95572,2.05998,3.17928e-24,-1.92327e-24,1.16372e-07,4.6881,0,0,0
21.8716,3,0,0,0,0,0,0,0,0,0,0
21.8716,4,0,0,0,0,0,0,0,0,0,0
21.8716,5,0,0,0,0,0,0,0,0,0,0
21.9219,0,-0.000259725,-0.0442824,2.05999,0,0,9.24514e-08,2.06046,0,0,0
21.9219,1,2.99974,-0.0442824,2.05998,-4.54997e-16,1.27198e-16,-3.53526e-08,3.63922,0,0,0
21.9219,2,2.99974,2.95572,2.05998,3.17928e-24,-1.92327e-24,1.16372e-07,4.6881,0,0,0
21.9219,3,0,0,0,0,0,0,0,0,0,0
21.9219,4,0,0,0,0,0,0,0,0,0,0
21.9219,5,0,0,0,0,0,0,0,0,0,0
21.9724,0,-0.000259725,-0.0442824,2.05999,0,0,6.3757e-08,2.06046,0,0,0
21.9724,1,2.99974,-0.0442824,2.05998,-4.46005e-16,1.10292e-16,-3.59997e-08,3.63922,0,0,0
21.9724,2,2.99974,2.95572,2.05998,1.28442e-24,-8.19371e-24,1.31315e-07,4.6881,0,0,0
21.9724,3,0,0,0,0,0,0,0,0,0,0
21.9724,4,0,0,0,0,0,0,0,0,0,0
21.9724,5,0,0,0,0,0,0,0,0,0,0
22.0231,0,-0.000259725,-0.0442824,2.05999,0,0,3.87095e-08,2.06046,0,0,0
22.0231,1,2.99974,-0.0442824,2.05998,-4.31837e-16,9.60956e-17,-3.37747e-08,3.63922,0,0,0
22.0231,2,2.99974,2.95572,2.05998,1.28442e-24,-8.19371e-24,1.31315e-07,4.6881,0,0,0
22.0231,3,0,0,0,0,0,0,0,0,0,0
22.0231,4,0,0,0,0,0,0,0,0,0,0
22.0231,5,0,0,0,0,0,0,0,0,0,0
22.0732,0,-0.000259725,-0.0442824,2.05999,0,0,1.46123e-08,2.06046,0,0,0
22.0732,1,2.99974,-0.0442824,2.05998,-4.18939e-16,7.96454e-17,-3.42978e-08,3.63922,0,0,0
22.0732,2,2.99974,2.95572,2.05998,5.01393e-24,-7.49702e-24,1.41578e-07,4.6881,0,0,0
22.0732,3,0,0,0,0,0,0,0,0,0,0
22.0732,4,0,0,0,0,0,0,0,0,0,0
22.0732,5,0,0,0,0,0,0,0,0,0,0
22.1235,0,-0.000259725,-0.0442824,2.05999,0,0,-6.66495e-09,2.06046,0,0,0
22.1235,1,2.99974,-0.0442824,2.05998,-4.02647e-16,3.9732e-17,-3.44371e-08,3.63922,0,0,0
22.1235,2,2.99974,2.95572,2.05998,4.47312e-24,-1.24308e-23,1.46544e-07,4.6881,0,0,0
22.1235,3,0,0,0,0,0,0,0,0,0,0
22.1235,4,0,0,0,0,0,0,0,0,0,0
22.1235,5,0,0,0,0,0,0,0,0,0,0
22.1741,0,-0.000259725,-0.0442824,2.05999,0,0,-2.09164e-08,2.06046,0,0,0
22.1741,1,2.99974,-0.0442824,2.05998,-3.97903e-16,1.18508e-17,-3.08644e-08,3.63922,0,0,0
22.1741,2,2.99974,2.95572,2.05998,1.35814e-24,-2.27866e-23,1.49138e-07,4.6881,0,0,0
22.1741,3,0,0,0,0,0,0,0,0,0,0
22.1741,4,0,0,0,0,0,0,0,0,0,0
22.1741,5,0,0,0,0,0,0,0,0,0,0
22.2245,0,-0.000259725,-0.0442824,2.05999,0,0,-3.25818e-08,2.06046,0,0,0
22.2245,1,2.99974,-0.0442824,2.05998,-3.82649e-16,-6.43951e-18,-3.02285e-08,3.63922,0,0,0
22.2245,2,2.99974,2.95572,2.05998,1.15e-23,-2.6868e-23,1.53933e-07,4.6881,0,0,0
22.2245,3,0,0,0,0,0,0,0,0,0,0
22.2245,4,0,0,0,0,0,0,0,0,0,0
22.2245,5,0,0,0,0,0,0,0,0,0,0
22.2747,0,-0.000259725,-0.0442824,2.05999,0,0,-4.29225e-08,2.06046,0,0,0
22.2747,1,2.99974,-0.0442824,2.05998,-3.68546e-16,-2.66702e-17,-2.57271e-08,3.63922,0,0,0
22.2747,2,2.99974,2.95572,2.05998,2.00154e-23,-2.44873e-23,1.59739e-07,4.6881,0,0,0
22.2747,3,0,0,0,0,0,0,0,0,0,0
22.2747,4,0,0,0,0,0,0,0,0,0,0
22.2747,5,0,0,0,0,0,0,0,0,0,0
22.3248,0,-0.000259725,-0.0442824,2.05999,0,0,-5.3421e-08,2.06046,0,0,0
22.3248,1,2.99974,-0.0442824,2.05998,-3.69056e-16,-3.65881e-17,-2.36622e-08,3.63922,0,0,0
22.3248,2,2.99974,2.95572,2.05998,2.67147e-23,-1.67976e-23,1.65184e-07,4.6881,0,0,0
22.3248,3,0,0,0,0,0,0,0,0,0,0
22.3248,4,0,0,0,0,0,0,0,0,0,0
22.3248,5,0,0,0,0,0,0,0,0,0,0
22.3777,0,-0.000259725,-0.0442824,2.05999,0,0,-6.28388e-08,2.06046,0,0,0
22.3777,1,2.99974,-0.0442824,2.05998,-3.59629e-16,-6.27574e-17,-2.2049e-08,3.63922,0,0,0
22.3777,2,2.99974,2.95572,2.05998,3.1429e-23,-4.465e-24,1.71924e-07,4.6881,0,0,0
22.3777,3,0,0,0,0,0,0,0,0,0,0
22.3777,4,0,0,0,0,0,0,0,0,0,0
22.3777,5,0,0,0,0,0,0,0,0,0,0
22.4279,0,-0.000259725,-0.0442824,2.05999,0,0,-6.28388e-08,2.06046,0,0,0
22.4279,1,2.99974,-0.0442824,2.05998,-3.57781e-16,-7.23431e-17,-2.93535e-09,3.63922,0,0,0
22.4279,2,2.99974,2.95572,2.05998,3.07097e-23,4.22221e-24,1.80119e-07,4.6881,0,0,0
22.4279,3,0,0,0,0,0,0,0,0,0,0
22.4279,4,0,0,0,0,0,0,0,0,0,0
22.4279,5,0,0,0,0,0,0,0,0,0,0
22.4782,0,-0.000259725,-0.0442824,2.05999,0,0,-7.09453e-08,2.06046,0,0,0
22.4782,1,2.99974,-0.0442824,2.05998,-3.57176e-16,-8.21326e-17,7.36491e-08,3.63922,0,0,0
22.4782,2,2.99974,2.95572,2.05998,2.87942e-23,1.36361e-23,1.84188e-07,4.6881,0,0,0
22.4782,3,0,0,0,0,0,0,0,0,0,0
22.4782,4,0,0,0,0,0,0,0,0,0,0
22.4782,5,0,0,0,0,0,0,0,0,0,0
22.5314,0,-0.000259725,-0.0442824,2.05999,0,0,-8.33645e-08,2.06046,0,0,0
22.5314,1,2.99974,-0.0442824,2.05998,-3.57085e-16,-9.24359e-17,1.03508e-07,3.63922,0,0,0
22.5314,2,2.99974,2.95572,2.05998,2.6331e-23,1.74259e-23,1.89947e-07,4.6881,0,0,0
22.5314,3,0,0,0,0,0,0,0,0,0,0
22.5314,4,0,0,0,0,0,0,0,0,0,0
22.5314,5,0,0,0,0,0,0,0,0,0,0
22.5819,0,-0.000259725,-0.0442824,2.05999,0,0,-8.61141e-08,2.06046,0,0,0
22.5819,1,2.99974,-0.0442824,2.05998,-3.60185e-16,-1.05931e-16,7.61823e-08,3.63922,0,0,0
22.5819,2,2.99974,2.95572,2.05998,1.91642e-23,1.77129e-23,1.95592e-07,4.6881,0,0,0
22.5819,3,0,0,0,0,0,0,0,0,0,0
22.5819,4,0,0,0,0,0,0,0,0,0,0
22.5819,5,0,0,0,0,0,0,0,0,0,0
22.6347,0,-0.000259725,-0.0442824,2.05999,0,0,-8.69737e-08,2.06046,0,0,0
22.6347,1,2.99974,-0.0442824,2.05998,-3.50556e-16,-1.32578e-16,6.31498e-08,3.63922,0,0,0
22.6347,2,2.99974,2.95572,2.05998,1.01272e-23,1.07328e-23,1.99507e-07,4.6881,0,0,0
22.6347,3,0,0,0,0,0,0,0,0,0,0
22.6347,4,0,0,0,0,0,0,0,0,0,0
22.6347,5,0,0,0,0,0,0,0,0,0,0
22.6907,0,-0.000259725,-0.0442824,2.05999,0,0,-8.69737e-08,2.06046,0,0,0
22.6907,1,2.99974,-0.0442824,2.05998,-3.53892e-16,-1.473e-16,5.6494e-08,3.63922,0,0,0
22.6907,2,2.99974,2.95572,2.05998,6.07126e-24,1.16596e-23,2.04551e-07,4.6881,0,0,0
22.6907,3,0,0,0,0,0,0,0,0,0,0
22.6907,4,0,0,0,0,0,0,0,0,0,0
22.6907,5,0,0,0,0,0,0,0,0,0,0
22.7459,0,-0.000259725,-0.0442824,2.05999,0,0,-8.67096e-08,2.06046,0,0,0
22.7459,1,2.99974,-0.0442824,2.05998,-3.55745e-16,-1.61108e-16,5.66711e-08,3.63922,0,0,0
22.7459,2,2.99974,2.95572,2.05998,8.23631e-25,1.24977e-23,2.12344e-07,4.6881,0,0,0
22.7459,3,0,0,0,0,0,0,0,0,0,0
22.7459,4,0,0,0,0,0,0,0,0,0,0
22.7459,5,0,0,0,0,0,0,0,0,0,0
22.799,0,-0.000259725,-0.0442824,2.05998,0,0,-8.53298e-08,2.06046,0,0,0
22.799,1,2.99974,-0.0442824,2.05998,-3.47186e-16,-1.90226e-16,5.62175e-08,3.63922,0,0,0
22.799,2,2.99974,2.95572,2.05998,1.14762e-24,7.8112e-24,2.19518e-07,4.6881,0,0,0
22.799,3,0,0,0,0,0,0,0,0,0,0
22.799,4,0,0,0,0,0,0,0,0,0,0
22.799,5,0,0,0,0,0,0,0,0,0,0
22.8542,0,-0.000259725,-0.0442824,2.05998,0,0,-7.27912e-08,2.06046,0,0,0
22.8542,1,2.99974,-0.0442824,2.05998,-3.5279e-16,-2.08202e-16,5.55286e-08,3.63922,0,0,0
22.8542,2,2.99974,2.95572,2.05998,-6.41794e-25,2.0605e-24,2.00298e-07,4.6881,0,0,0
22.8542,3,0,0,0,0,0,0,0,0,0,0
22.8542,4,0,0,0,0,0,0,0,0,0,0
22.8542,5,0,0,0,0,0,0,0,0,0,0
22.907,0,-0.000259725,-0.0442824,2.05998,0,0,5.1837e-10,2.06046,0,0,0
22.907,1,2.99974,-0.0442824,2.05998,-3.51524e-16,-2.19309e-16,5.58077e-08,3.63922,0,0,0
22.907,2,2.99974,2.95572,2.05998,-7.63848e-24,-2.05176e-24,1.46583e-07,4.6881,0,0,0
22.907,3,0,0,0,0,0,0,0,0,0,0
22.907,4,0,0,0,0,0,0,0,0,0,0
22.907,5,0,0,0,0,0,0,0,0,0,0
22.9626,0,-0.000259725,-0.0442824,2.05998,0,0,5.56449e-08,2.06046,0,0,0
22.9626,1,2.99974,-0.0442824,2.05998,-3.57399e-16,-2.23059e-16,5.59944e-08,3.63922,0,0,0
22.9626,2,2.99974,2.95572,2.05998,-8.22989e-24,-7.17436e-24,9.77979e-08,4.6881,0,0,0
22.9626,3,0,0,0,0,0,0,0,0,0,0
22.9626,4,0,0,0,0,0,0,0,0,0,0
22.9626,5,0,0,0,0,0,0,0,0,0,0
23.0128,0,-0.000259725,-0.0442824,2.05998,0,0,5.56449e-08,2.06046,0,0,0
23.0128,1,2.99974,-0.0442824,2.05998,-3.54891e-16,-2.31933e-16,5.89339e-08,3.63922,0,0,0
23.0128,2,2.99974,2.95572,2.05998,-4.33998e-24,-4.08672e-24,6.82625e-08,4.6881,0,0,0
23.0128,3,0,0,0,0,0,0,0,0,0,0
23.0128,4,0,0,0,0,0,0,0,0,0,0
23.0128,5,0,0,0,0,0,0,0,0,0,0
23.063,0,-0.000259725,-0.0442824,2.05998,0,0,9.53392e-08,2.06046,0,0,0
23.063,1,2.99974,-0.0442824,2.05998,-3.69953e-16,-2.21126e-16,6.07629e-08,3.63922,0,0,0
23.063,2,2.99974,2.95572,2.05998,-3.29931e-24,5.20944e-25,4.4769e-08,4.6881,0,0,0
23.063,3,0,0,0,0,0,0,0,0,0,0
23.063,4,0,0,0,0,0,0,0,0,0,0
23.063,5,0,0,0,0,0,0,0,0,0,0
23.1139,0,-0.000259725,-0.0442824,2.05999,0,0,1.21687e-07,2.06046,0,0,0
23.1139,1,2.99974,-0.0442824,2.05998,-3.69893e-16,-2.31975e-16,6.17652e-08,3.63922,0,0,0
23.1139,2,2.99974,2.95572,2.05998,-2.45731e-24,1.67256e-24,2.3502e-08,4.6881,0,0,0
23.1139,3,0,0,0,0,0,0,0,0,0,0
23.1139,4,0,0,0,0,0,0,0,0,0,0
23.1139,5,0,0,0,0,0,0,0,0,0,0
23.1672,0,-0.000259725,-0.0442824,2.05999,0,0,1.28752e-07,2.06046,0,0,0
23.1672,1,2.99974,-0.0442824,2.05998,-3.77676e-16,-2.2426e-16,6.46281e-08,3.63922,0,0,0
23.1672,2,2.99974,2.95572,2.05998,-9.83649e-25,6.33907e-25,8.10109e-09,4.6881,0,0,0
23.1672,3,0,0,0,0,0,0,0,0,0,0
23.1672,4,0,0,0,0,0,0,0,0,0,0
23.1672,5,0,0,0,0,0,0,0,0,0,0
23.2219,0,-0.000259725,-0.0442824,2.05999,0,0,8.12456e-08,2.06046,0,0,0
23.2219,1,2.99974,-0.0442824,2.05998,-3.89241e-16,-2.19982e-16,6.9281e-08,3.63922,0,0,0
23.2219,2,2.99974,2.95572,2.05998,6.51217e-25,-2.55478e-25,-4.9507e-09,4.6881,0,0,0
23.2219,3,0,0,0,0,0,0,0,0,0,0
23.2219,4,0,0,0,0,0,0,0,0,0,0
23.2219,5,0,0,0,0,0,0,0,0,0,0
23.2746,0,-0.000259725,-0.0442824,2.05999,0,0,5.62162e-08,2.06046,0,0,0
23.2746,1,2.99974,-0.0442824,2.05998,-4.0449e-16,-2.18335e-16,7.43208e-08,3.63922,0,0,0
23.2746,2,2.99974,2.95572,2.05998,1.8706e-24,-1.32682e-24,-1.61223e-08,4.6881,0,0,0
23.2746,3,0,0,0,0,0,0,0,0,0,0
23.2746,4,0,0,0,0,0,0,0,0,0,0
23.2746,5,0,0,0,0,0,0,0,0,0,0
23.3258,0,-0.000259725,-0.0442824,2.05999,0,0,4.41446e-08,2.06046,0,0,0
23.3258,1,2.99974,-0.0442824,2.05998,-4.20789e-16,-2.16149e-16,7.8944e-08,3.63922,0,0,0
23.3258,2,2.99974,2.95572,2.05998,2.31508e-24,-2.72863e-24,-2.40417e-08,4.6881,0,0,0
23.3258,3,0,0,0,0,0,0,0,0,0,0
23.3258,4,0,0,0,0,0,0,0,0,0,0
23.3258,5,0,0,0,0,0,0,0,0,0,0
23.376,0,-0.000259725,-0.0442824,2.05999,0,0,3.62006e-08,2.06046,0,0,0
23.376,1,2.99974,-0.0442824,2.05998,-4.30432e-16,-2.22828e-16,8.49925e-08,3.63922,0,0,0
23.376,2,2.99974,2.95572,2.05998,2.81946e-24,-2.26283e-24,-3.58769e-08,4.6881,0,0,0
23.376,3,0,0,0,0,0,0,0,0,0,0
23.376,4,0,0,0,0,0,0,0,0,0,0
23.376,5,0,0,0,0,0,0,0,0,0,0
23.4261,0,-0.000259725,-0.0442824,2.05999,0,0,3.08032e-08,2.06046,0,0,0
23.4261,1,2.99974,-0.0442824,2.05998,-4.42594e-16,-2.1562e-16,9.04594e-08,3.63922,0,0,0
23.4261,2,2.99974,2.95572,2.05998,2.58285e-24,-1.21861e-24,-4.54469e-08,4.6881,0,0,0
23.4261,3,0,0,0,0,0,0,0,0,0,0
23.4261,4,0,0,0,0,0,0,0,0,0,0
23.4261,5,0,0,0,0,0,0,0,0,0,0
23.4789,0,-0.000259725,-0.0442824,2.05999,0,0,2.76521e-08,2.06046,0,0,0
23.4789,1,2.99974,-0.0442824,2.05998,-4.53209e-16,-2.05452e-16,9.326e-08,3.63922,0,0,0
23.4789,2,2.99974,2.95572,2.05998,1.21474e-24,-2.80324e-25,-5.03712e-08,4.6881,0,0,0
23.4789,3,0,0,0,0,0,0,0,0,0,0
23.4789,4,0,0,0,0,0,0,0,0,0,0
23.4789,5,0,0,0,0,0,0,0,0,0,0
23.5318,0,-0.000259725,-0.0442824,2.05999,0,0,2.53367e-08,2.06046,0,0,0
23.5318,1,2.99974,-0.0442824,2.05998,-4.70657e-16,-1.76341e-16,9.71462e-08,3.63922,0,0,0
23.5318,2,2.99974,2.95572,2.05998,2.42669e-25,-4.04448e-25,-5.3295e-08,4.6881,0,0,0
23.5318,3,0,0,0,0,0,0,0,0,0,0
23.5318,4,0,0,0,0,0,0,0,0,0,0
23.5318,5,0,0,0,0,0,0,0,0,0,0
23.5825,0,-0.000259725,-0.0442824,2.05999,0,0,2.47995e-08,2.06046,0,0,0
23.5825,1,2.99974,-0.0442824,2.05998,-4.80462e-16,-1.62355e-16,1.01361e-07,3.63922,0,0,0
23.5825,2,2.99974,2.95572,2.05998,1.66989e-24,5.75824e-26,-5.69081e-08,4.6881,0,0,0
23.5825,3,0,0,0,0,0,0,0,0,0,0
23.5825,4,0,0,0,0,0,0,0,0,0,0
23.5825,5,0,0,0,0,0,0,0,0,0,0
23.6327,0,-0.000259725,-0.0442824,2.05999,0,0,2.27432e-08,2.06046,0,0,0
23.6327,1,2.99974,-0.0442824,2.05998,-4.90538e-16,-1.47715e-16,1.06277e-07,3.63922,0,0,0
23.6327,2,2.99974,2.95572,2.05998,3.4332e-25,-4.05742e-25,-6.16909e-08,4.6881,0,0,0
23.6327,3,0,0,0,0,0,0,0,0,0,0
23.6327,4,0,0,0,0,0,0,0,0,0,0
23.6327,5,0,0,0,0,0,0,0,0,0,0
23.6828,0,-0.000259725,-0.0442824,2.05999,0,0,2.20224e-08,2.06046,0,0,0
23.6828,1,2.99974,-0.0442824,2.05998,-5.00736e-16,-1.32589e-16,1.06599e-07,3.63922,0,0,0
23.6828,2,2.99974,2.95572,2.05998,-1.90513e-24,-1.37958e-24,-6.49249e-08,4.6881,0,0,0
23.6828,3,0,0,0,0,0,0,0,0,0,0
23.6828,4,0,0,0,0,0,0,0,0,0,0
23.6828,5,0,0,0,0,0,0,0,0,0,0
23.7363,0,-0.000259725,-0.0442824,2.05999,0,0,2.21952e-08,2.06046,0,0,0
23.7363,1,2.99974,-0.0442824,2.05998,-5.11303e-16,-1.16722e-16,1.10402e-07,3.63922,0,0,0
23.7363,2,2.99974,2.95572,2.05998,-3.41026e-24,-2.22893e-26,-6.60849e-08,4.6881,0,0,0
23.7363,3,0,0,0,0,0,0,0,0,0,0
23.7363,4,0,0,0,0,0,0,0,0,0,0
23.7363,5,0,0,0,0,0,0,0,0,0,0
23.7892,0,-0.000259725,-0.0442824,2.05999,0,0,2.29615e-08,2.06046,0,0,0
23.7892,1,2.99974,-0.0442824,2.05998,-5.24521e-16,-7.62912e-17,1.17961e-07,3.63922,0,0,0
23.7892,2,2.99974,2.95572,2.05998,-2.99418e-24,8.18634e-25,-6.64971e-08,4.6881,0,0,0
23.7892,3,0,0,0,0,0,0,0,0,0,0
23.7892,4,0,0,0,0,0,0,0,0,0,0
23.7892,5,0,0,0,0,0,0,0,0,0,0
23.8395,0,-0.000259725,-0.0442824,2.05999,0,0,2.20486e-08,2.06046,0,0,0
23.8395,1,2.99974,-0.0442824,2.05998,-5.30096e-16,-2.62967e-17,1.22953e-07,3.63922,0,0,0
23.8395,2,2.99974,2.95572,2.05998,-2.65838e-24,1.78347e-24,-6.65126e-08,4.6881,0,0,0
23.8395,3,0,0,0,0,0,0,0,0,0,0
23.8395,4,0,0,0,0,0,0,0,0,0,0
23.8395,5,0,0,0,0,0,0,0,0,0,0
23.8898,0,-0.000259725,-0.0442824,2.05999,0,0,2.45347e-08,2.06046,0,0,0
23.8898,1,2.99974,-0.0442824,2.05998,-5.27763e-16,3.35455e-17,1.30412e-07,3.63922,0,0,0
23.8898,2,2.99974,2.95572,2.05998,-1.156e-24,4.86853e-24,-6.59113e-08,4.6881,0,0,0
23.8898,3,0,0,0,0,0,0,0,0,0,0
23.8898,4,0,0,0,0,0,0,0,0,0,0
23.8898,5,0,0,0,0,0,0,0,0,0,0
23.9436,0,-0.000259725,-0.0442824,2.05999,0,0,2.4706e-08,2.06046,0,0,0
23.9436,1,2.99974,-0.0442824,2.05998,-5.45865e-16,1.00795e-16,1.36206e-07,3.63922,0,0,0
23.9436,2,2.99974,2.95572,2.05998,1.12054e-24,6.03784e-24,-6.45096e-08,4.6881,0,0,0
23.9436,3,0,0,0,0,0,0,0,0,0,0
23.9436,4,0,0,0,0,0,0,0,0,0,0
23.9436,5,0,0,0,0,0,0,0,0,0,0
23.9943,0,-0.000259725,-0.0442824,2.05999,0,0,2.30892e-08,2.06046,0,0,0
23.9943,1,2.99974,-0.0442824,2.05998,-5.51903e-16,1.31301e-16,1.4199e-07,3.63922,0,0,0
23.9943,2,2.99974,2.95572,2.05998,3.23682e-24,7.27461e-24,-6.50626e-08,4.6881,0,0,0
23.9943,3,0,0,0,0,0,0,0,0,0,0
23.9943,4,0,0,0,0,0,0,0,0,0,0
23.9943,5,0,0,0,0,0,0,0,0,0,0
24.0497,0,-0.000259725,-0.0442824,2.05999,0,0,2.56977e-08,2.06046,0,0,0
24.0497,1,2.99974,-0.0442824,2.05998,-5.47533e-16,1.4733e-16,1.44871e-07,3.63922,0,0,0
24.0497,2,2.99974,2.95572,2.05998,7.013e-25,1.89078e-24,-1.46944e-08,4.6881,0,0,0
24.0497,3,0,0,0,0,0,0,0,0,0,0
24.0497,4,0,0,0,0,0,0,0,0,0,0
24.0497,5,0,0,0,0,0,0,0,0,0,0
24.108,0,-0.000259725,-0.0442824,2.05999,0,0,2.75821e-08,2.06046,0,0,0
24.108,1,2.99974,-0.0442824,2.05998,-5.49215e-16,1.83174e-16,1.48271e-07,3.63922,0,0,0
24.108,2,2.99974,2.95572,2.05998,-7.99594e-25,-3.52005e-24,5.44987e-08,4.6881,0,0,0
24.108,3,0,0,0,0,0,0,0,0,0,0
24.108,4,0,0,0,0,0,0,0,0,0,0
24.108,5,0,0,0,0,0,0,0,0,0,0
24.159,0,-0.000259725,-0.0442824,2.05999,0,0,2.9873e-08,2.06046,0,0,0
24.159,1,2.99974,-0.0442824,2.05998,-5.54839e-16,2.16065e-16,1.55587e-07,3.63922,0,0,0
24.159,2,2.99974,2.95572,2.05998,-3.36268e-26,-3.36268e-26,9.96992e-08,4.6881,0,0,0
24.159,3,0,0,0,0,0,0,0,0,0,0
24.159,4,0,0,0,0,0,0,0,0,0,0
24.159,5,0,0,0,0,0,0,0,0,0,0
24.2095,0,-0.000259725,-0.0442824,2.05999,0,0,3.33903e-08,2.06046,0,0,0
24.2095,1,2.99974,-0.0442824,2.05998,-5.51698e-16,2.32848e-16,1.60361e-07,3.63922,0,0,0
24.2095,2,2.99974,2.95572,2.05998,3.14604e-24,5.95142e-24,1.18823e-07,4.6881,0,0,0
24.2095,3,0,0,0,0,0,0,0,0,0,0
24.2095,4,0,0,0,0,0,0,0,0,0,0
24.2095,5,0,0,0,0,0,0,0,0,0,0
24.2619,0,-0.000259725,-0.0442824,2.05999,0,0,3.8948e-08,2.06046,0,0,0
24.2619,1,2.99974,-0.0442824,2.05998,-5.44922e-16,2.5395e-16,1.62831e-07,3.63922,0,0,0
24.2619,2,2.99974,2.95572,2.05998,7.34858e-24,1.07102e-23,1.15891e-07,4.6881,0,0,0
24.2619,3,0,0,0,0,0,0,0,0,0,0
24.2619,4,0,0,0,0,0,0,0,0,0,0
24.2619,5,0,0,0,0,0,0,0,0,0,0
24.3122,0,-0.000259725,-0.0442824,2.05999,0,0,4.01529e-08,2.06046,0,0,0
24.3122,1,2.99974,-0.0442824,2.05998,-5.39008e-16,2.75552e-16,1.73861e-07,3.63922,0,0,0
24.3122,2,2.99974,2.95572,2.05998,6.30366e-24,3.80356e-24,6.33543e-08,4.6881,0,0,0
24.3122,3,0,0,0,0,0,0,0,0,0,0
24.3122,4,0,0,0,0,0,0,0,0,0,0
24.3122,5,0,0,0,0,0,0,0,0,0,0
24.363,0,-0.000259725,-0.0442824,2.05999,0,0,4.43621e-08,2.06046,0,0,0
24.363,1,2.99974,-0.0442824,2.05998,-5.25754e-16,3.02449e-16,1.82535e-07,3.63922,0,0,0
24.363,2,2.99974,2.95572,2.05998,6.02353e-24,9.14967e-26,4.52126e-08,4.6881,0,0,0
24.363,3,0,0,0,0,0,0,0,0,0,0
24.363,4,0,0,0,0,0,0,0,0,0,0
24.363,5,0,0,0,0,0,0,0,0,0,0
24.4131,0,-0.000259725,-0.0442824,2.05999,0,0,4.61939e-08,2.06046,0,0,0
24.4131,1,2.99974,-0.0442824,2.05998,-5.30789e-16,3.36978e-16,1.88553e-07,3.63922,0,0,0
24.4131,2,2.99974,2.95572,2.05998,4.49757e-24,-9.29665e-25,3.72478e-08,4.6881,0,0,0
24.4131,3,0,0,0,0,0,0,0,0,0,0
24.4131,4,0,0,0,0,0,0,0,0,0,0
24.4131,5,0,0,0,0,0,0,0,0,0,0
24.4665,0,-0.000259725,-0.0442824,2.05999,0,0,4.91895e-08,2.06046,0,0,0
24.4665,1,2.99974,-0.0442824,2.05998,-5.2593e-16,3.56471e-16,1.94723e-07,3.63922,0,0,0
24.4665,2,2.99974,2.95572,2.05998,2.55228e-24,-1.69487e-24,2.95593e-08,4.6881,0,0,0
24.4665,3,0,0,0,0,0,0,0,0,0,0
24.4665,4,0,0,0,0,0,0,0,0,0,0
24.4665,5,0,0,0,0,0,0,0,0,0,0
24.5176,0,-0.000259725,-0.0442824,2.05999,0,0,5.2674e-08,2.06046,0,0,0
24.5176,1,2.99974,-0.0442824,2.05998,-5.12487e-16,3.59562e-16,2.00629e-07,3.63922,0,0,0
24.5176,2,2.99974,2.95572,2.05998,3.90156e-25,-9.81301e-25,2.33689e-08,4.6881,0,0,0
24.5176,3,0,0,0,0,0,0,0,0,0,0
24.5176,4,0,0,0,0,0,0,0,0,0,0
24.5176,5,0,0,0,0,0,0,0,0,0,0
24.572,0,-0.000259725,-0.0442824,2.05999,0,0,5.60803e-08,2.06046,0,0,0
24.572,1,2.99974,-0.0442824,2.05998,-4.96455e-16,3.63341e-16,2.05253e-07,3.63922,0,0,0
24.572,2,2.99974,2.95572,2.05998,-1.24954e-24,-1.28435e-24,2.06391e-08,4.6881,0,0,0
24.572,3,0,0,0,0,0,0,0,0,0,0
24.572,4,0,0,0,0,0,0,0,0,0,0
24.572,5,0,0,0,0,0,0,0,0,0,0
24.6247,0,-0.000259725,-0.0442824,2.05999,0,0,6.38446e-08,2.06046,0,0,0
24.6247,1,2.99974,-0.0442824,2.05998,-4.79809e-16,3.66755e-16,2.14016e-07,3.63922,0,0,0
24.6247,2,2.99974,2.95572,2.05998,-1.67281e-24,-1.58852e-24,1.92235e-08,4.6881,0,0,0
24.6247,3,0,0,0,0,0,0,0,0,0,0
24.6247,4,0,0,0,0,0,0,0,0,0,0
24.6247,5,0,0,0,0,0,0,0,0,0,0
24.68,0,-0.000259725,-0.0442824,2.05999,0,0,6.83877e-08,2.06046,0,0,0
24.68,1,2.99974,-0.0442824,2.05998,-4.56384e-16,3.76717e-16,2.15268e-07,3.63922,0,0,0
24.68,2,2.99974,2.95572,2.05998,-1.39785e-24,-9.1624e-25,1.74137e-08,4.6881,0,0,0
24.68,3,0,0,0,0,0,0,0,0,0,0
24.68,4,0,0,0,0,0,0,0,0,0,0
24.68,5,0,0,0,0,0,0,0,0,0,0
24.7305,0,-0.000259725,-0.0442824,2.05999,0,0,7.5424e-08,2.06046,0,0,0
24.7305,1,2.99974,-0.0442824,2.05998,-4.40333e-16,3.78253e-16,1.91084e-07,3.63922,0,0,0
24.7305,2,2.99974,2.95572,2.05998,-1.39668e-24,-9.66676e-26,1.9766e-08,4.6881,0,0,0
24.7305,3,0,0,0,0,0,0,0,0,0,0
24.7305,4,0,0,0,0,0,0,0,0,0,0
24.7305,5,0,0,0,0,0,0,0,0,0,0
24.7839,0,-0.000259725,-0.0442824,2.05999,0,0,7.98052e-08,2.06046,0,0,0
24.7839,1,2.99974,-0.0442824,2.05998,-4.17117e-16,3.60169e-16,1.26882e-07,3.63922,0,0,0
24.7839,2,2.99974,2.95572,2.05998,-2.65409e-26,2.84367e-25,2.24829e-08,4.6881,0,0,0
24.7839,3,0,0,0,0,0,0,0,0,0,0
24.7839,4,0,0,0,0,0,0,0,0,0,0
24.7839,5,0,0,0,0,0,0,0,0,0,0
24.8392,0,-0.000259725,-0.0442824,2.05999,0,0,8.65923e-08,2.06046,0,0,0
24.8392,1,2.99974,-0.0442824,2.05998,-4.02444e-16,3.30732e-16,8.39622e-08,3.63922,0,0,0
24.8392,2,2.99974,2.95572,2.05998,2.56687e-24,2.85208e-25,2.56244e-08,4.6881,0,0,0
24.8392,3,0,0,0,0,0,0,0,0,0,0
24.8392,4,0,0,0,0,0,0,0,0,0,0
24.8392,5,0,0,0,0,0,0,0,0,0,0
24.8901,0,-0.000259725,-0.0442824,2.05999,0,0,9.16058e-08,2.06046,0,0,0
24.8901,1,2.99974,-0.0442824,2.05998,-3.87093e-16,3.00024e-16,5.89778e-08,3.63922,0,0,0
24.8901,2,2.99974,2.95572,2.05998,3.6883e-24,-2.21121e-25,2.62238e-08,4.6881,0,0,0
24.8901,3,0,0,0,0,0,0,0,0,0,0
24.8901,4,0,0,0,0,0,0,0,0,0,0
24.8901,5,0,0,0,0,0,0,0,0,0,0
24.949,0,-0.000259725,-0.0442824,2.05999,0,0,9.86007e-08,2.06046,0,0,0
24.949,1,2.99974,-0.0442824,2.05998,-3.77582e-16,2.61517e-16,4.05705e-08,3.63922,0,0,0
24.949,2,2.99974,2.95572,2.05998,3.15627e-24,-7.96093e-25,2.77684e-08,4.6881,0,0,0
24.949,3,0,0,0,0,0,0,0,0,0,0
24.949,4,0,0,0,0,0,0,0,0,0,0
24.949,5,0,0,0,0,0,0,0,0,0,0
24.9992,0,-0.000259725,-0.0442824,2.05999,0,0,1.02871e-07,2.06046,0,0,0
24.9992,1,2.99974,-0.0442824,2.05998,-3.5142e-16,2.11818e-16,1.45157e-08,3.63922,0,0,0
24.9992,2,2.99974,2.95572,2.05998,2.29834e-24,3.21274e-25,2.93088e-08,4.6881,0,0,0
24.9992,3,0,0,0,0,0,0,0,0,0,0
24.9992,4,0,0,0,0,0,0,0,0,0,0
24.9992,5,0,0,0,0,0,0,0,0,0,0
25.0525,0,-0.000259725,-0.0442824,2.05999,0,0,1.12064e-07,2.06046,0,0,0
25.0525,1,2.99974,-0.0442824,2.05998,-3.28137e-16,1.63936e-16,-6.76111e-09,3.63922,0,0,0
25.0525,2,2.99974,2.95572,2.05998,2.55612e-24,2.99177e-25,3.11235e-08,4.6881,0,0,0
25.0525,3,0,0,0,0,0,0,0,0,0,0
25.0525,4,0,0,0,0,0,0,0,0,0,0
25.0525,5,0,0,0,0,0,0,0,0,0,0
25.1062,0,-0.000259725,-0.0442824,2.05999,0,0,1.16648e-07,2.06046,0,0,0
25.1062,1,2.99974,-0.0442824,2.05998,-3.13984e-16,1.48424e-16,-2.07148e-08,3.63922,0,0,0
25.1062,2,2.99974,2.95572,2.05998,2.62006e-24,5.40278e-25,3.44485e-08,4.6881,0,0,0
25.1062,3,0,0,0,0,0,0,0,0,0,0
25.1062,4,0,0,0,0,0,0,0,0,0,0
25.1062,5,0,0,0,0,0,0,0,0,0,0
25.1563,0,-0.000259725,-0.0442824,2.05999,0,0,1.22468e-07,2.06046,0,0,0
25.1563,1,2.99974,-0.0442824,2.05998,-3.06652e-16,1.251e-16,-3.28098e-08,3.63922,0,0,0
25.1563,2,2.99974,2.95572,2.05998,1.813e-24,4.69597e-25,3.5248e-08,4.6881,0,0,0
25.1563,3,0,0,0,0,0,0,0,0,0,0
25.1563,4,0,0,0,0,0,0,0,0,0,0
25.1563,5,0,0,0,0,0,0,0,0,0,0
25.2084,0,-0.000259725,-0.0442824,2.05999,0,0,1.27256e-07,2.06046,0,0,0
25.2084,1,2.99974,-0.0442824,2.05998,-2.96223e-16,7.8106e-17,-4.35591e-08,3.63922,0,0,0
25.2084,2,2.99974,2.95572,2.05998,1.40547e-24,-3.19425e-25,3.78822e-08,4.6881,0,0,0
25.2084,3,0,0,0,0,0,0,0,0,0,0
25.2084,4,0,0,0,0,0,0,0,0,0,0
25.2084,5,0,0,0,0,0,0,0,0,0,0
25.2586,0,-0.000259725,-0.0442824,2.05999,0,0,1.33483e-07,2.06046,0,0,0
25.2586,1,2.99974,-0.0442824,2.05998,-2.76582e-16,1.2497e-17,-5.47615e-08,3.63922,0,0,0
25.2586,2,2.99974,2.95572,2.05998,-7.61117e-25,8.75621e-26,3.994e-08,4.6881,0,0,0
25.2586,3,0,0,0,0,0,0,0,0,0,0
25.2586,4,0,0,0,0,0,0,0,0,0,0
25.2586,5,0,0,0,0,0,0,0,0,0,0
25.3114,0,-0.000259725,-0.0442824,2.05999,0,0,1.40049e-07,2.06046,0,0,0
25.3114,1,2.99974,-0.0442824,2.05998,-2.63839e-16,-3.73368e-17,-6.15764e-08,3.63922,0,0,0
25.3114,2,2.99974,2.95572,2.05998,-3.68188e-24,-4.2511e-25,4.27253e-08,4.6881,0,0,0
25.3114,3,0,0,0,0,0,0,0,0,0,0
25.3114,4,0,0,0,0,0,0,0,0,0,0
25.3114,5,0,0,0,0,0,0,0,0,0,0
25.3616,0,-0.000259725,-0.0442824,2.05999,0,0,1.47729e-07,2.06046,0,0,0
25.3616,1,2.99974,-0.0442824,2.05998,-2.39242e-16,-1.14207e-16,-6.77905e-08,3.63922,0,0,0
25.3616,2,2.99974,2.95572,2.05998,-4.8314e-24,-1.68789e-24,4.59117e-08,4.6881,0,0,0
25.3616,3,0,0,0,0,0,0,0,0,0,0
25.3616,4,0,0,0,0,0,0,0,0,0,0
25.3616,5,0,0,0,0,0,0,0,0,0,0
25.4117,0,-0.000259725,-0.0442824,2.05999,0,0,1.54731e-07,2.06046,0,0,0
25.4117,1,2.99974,-0.0442824,2.05998,-2.31377e-16,-1.48627e-16,-7.51217e-08,3.63922,0,0,0
25.4117,2,2.99974,2.95572,2.05998,-5.26176e-24,-9.01765e-25,5.19149e-08,4.6881,0,0,0
25.4117,3,0,0,0,0,0,0,0,0,0,0
25.4117,4,0,0,0,0,0,0,0,0,0,0
25.4117,5,0,0,0,0,0,0,0,0,0,0
25.4624,0,-0.000259725,-0.0442824,2.05999,0,0,1.62176e-07,2.06046,0,0,0
25.4624,1,2.99974,-0.0442824,2.05998,-2.30062e-16,-1.90322e-16,-7.96182e-08,3.63922,0,0,0
25.4624,2,2.99974,2.95572,2.05998,-4.90004e-24,2.4701e-24,5.95409e-08,4.6881,0,0,0
25.4624,3,0,0,0,0,0,0,0,0,0,0
25.4624,4,0,0,0,0,0,0,0,0,0,0
25.4624,5,0,0,0,0,0,0,0,0,0,0
25.5126,0,-0.000259725,-0.0442824,2.05999,0,0,1.69651e-07,2.06046,0,0,0
25.5126,1,2.99974,-0.0442824,2.05998,-2.26688e-16,-2.31847e-16,-8.25414e-08,3.63922,0,0,0
25.5126,2,2.99974,2.95572,2.05998,-6.6179e-24,7.31798e-24,6.48635e-08,4.6881,0,0,0
25.5126,3,0,0,0,0,0,0,0,0,0,0
25.5126,4,0,0,0,0,0,0,0,0,0,0
25.5126,5,0,0,0,0,0,0,0,0,0,0
25.5657,0,-0.000259725,-0.0442824,2.05999,0,0,1.74076e-07,2.06046,0,0,0
25.5657,1,2.99974,-0.0442824,2.05998,-2.23479e-16,-2.4889e-16,-8.42789e-08,3.63922,0,0,0
25.5657,2,2.99974,2.95572,2.05998,-5.8561e-24,9.74427e-24,7.07234e-08,4.6881,0,0,0
25.5657,3,0,0,0,0,0,0,0,0,0,0
25.5657,4,0,0,0,0,0,0,0,0,0,0
25.5657,5,0,0,0,0,0,0,0,0,0,0
25.616,0,-0.000259725,-0.0442824,2.05999,0,0,1.812e-07,2.06046,0,0,0
25.616,1,2.99974,-0.0442824,2.05998,-2.17846e-16,-2.73821e-16,-8.55834e-08,3.63922,0,0,0
25.616,2,2.99974,2.95572,2.05998,-4.71406e-24,1.03658e-23,7.61667e-08,4.6881,0,0,0
25.616,3,0,0,0,0,0,0,0,0,0,0
25.616,4,0,0,0,0,0,0,0,0,0,0
25.616,5,0,0,0,0,0,0,0,0,0,0
25.6662,0,-0.000259725,-0.0442824,2.05999,0,0,1.85937e-07,2.06046,0,0,0
25.6662,1,2.99974,-0.0442824,2.05998,-2.3375e-16,-2.83861e-16,-8.80078e-08,3.63922,0,0,0
25.6662,2,2.99974,2.95572,2.05998,-4.87889e-24,8.27892e-24,8.19563e-08,4.6881,0,0,0
25.6662,3,0,0,0,0,0,0,0,0,0,0
25.6662,4,0,0,0,0,0,0,0,0,0,0
25.6662,5,0,0,0,0,0,0,0,0,0,0
25.7165,0,-0.000259725,-0.0442824,2.05999,0,0,1.90542e-07,2.06046,0,0,0
25.7165,1,2.99974,-0.0442824,2.05998,-2.24591e-16,-3.19621e-16,-7.99067e-08,3.63922,0,0,0
25.7165,2,2.99974,2.95572,2.05998,-5.33052e-24,6.40558e-24,8.85394e-08,4.6881,0,0,0
25.7165,3,0,0,0,0,0,0,0,0,0,0
25.7165,4,0,0,0,0,0,0,0,0,0,0
25.7165,5,0,0,0,0,0,0,0,0,0,0
25.7692,0,-0.000259725,-0.0442824,2.05999,0,0,1.96609e-07,2.06046,0,0,0
25.7692,1,2.99974,-0.0442824,2.05998,-2.30582e-16,-3.4564e-16,-4.1717e-08,3.63922,0,0,0
25.7692,2,2.99974,2.95572,2.05998,-3.15426e-25,5.33069e-24,9.35196e-08,4.6881,0,0,0
25.7692,3,0,0,0,0,0,0,0,0,0,0
25.7692,4,0,0,0,0,0,0,0,0,0,0
25.7692,5,0,0,0,0,0,0,0,0,0,0
25.8221,0,-0.000259725,-0.0442824,2.05999,0,0,2.03402e-07,2.06046,0,0,0
25.8221,1,2.99974,-0.0442824,2.05998,-2.30116e-16,-3.65202e-16,2.30642e-08,3.63922,0,0,0
25.8221,2,2.99974,2.95572,2.05998,5.96281e-24,4.49346e-24,1.01312e-07,4.6881,0,0,0
25.8221,3,0,0,0,0,0,0,0,0,0,0
25.8221,4,0,0,0,0,0,0,0,0,0,0
25.8221,5,0,0,0,0,0,0,0,0,0,0
25.8753,0,-0.000259725,-0.0442824,2.05999,0,0,2.09673e-07,2.06046,0,0,0
25.8753,1,2.99974,-0.0442824,2.05998,-2.45516e-16,-3.48896e-16,7.20997e-08,3.63922,0,0,0
25.8753,2,2.99974,2.95572,2.05998,1.08541e-23,2.03859e-24,1.08903e-07,4.6881,0,0,0
25.8753,3,0,0,0,0,0,0,0,0,0,0
25.8753,4,0,0,0,0,0,0,0,0,0,0
25.8753,5,0,0,0,0,0,0,0,0,0,0
25.9288,0,-0.000259725,-0.0442824,2.05999,0,0,2.16549e-07,2.06046,0,0,0
25.9288,1,2.99974,-0.0442824,2.05998,-2.61384e-16,-3.32315e-16,1.09663e-07,3.63922,0,0,0
25.9288,2,2.99974,2.95572,2.05998,1.39521e-23,-1.04591e-24,1.17018e-07,4.6881,0,0,0
25.9288,3,0,0,0,0,0,0,0,0,0,0
25.9288,4,0,0,0,0,0,0,0,0,0,0
25.9288,5,0,0,0,0,0,0,0,0,0,0
25.9789,0,-0.000259725,-0.0442824,2.05999,0,0,2.21959e-07,2.06046,0,0,0
25.9789,1,2.99974,-0.0442824,2.05998,-2.60747e-16,-3.47747e-16,1.33254e-07,3.63922,0,0,0
25.9789,2,2.99974,2.95572,2.05998,1.10913e-23,-7.96815e-24,1.18716e-07,4.6881,0,0,0
25.9789,3,0,0,0,0,0,0,0,0,0,0
25.9789,4,0,0,0,0,0,0,0,0,0,0
25.9789,5,0,0,0,0,0,0,0,0,0,0
26.0351,0,-0.000259725,-0.0442824,2.05999,0,0,1.30831e-07,2.06046,0,0,0
26.0351,1,2.99974,-0.0442824,2.05998,-2.77423e-16,-3.28736e-16,1.37965e-07,3.63922,0,0,0
26.0351,2,2.99974,2.95572,2.05998,5.57998e-24,-7.18634e-24,1.25333e-07,4.6881,0,0,0
26.0351,3,0,0,0,0,0,0,0,0,0,0
26.0351,4,0,0,0,0,0,0,0,0,0,0
26.0351,5,0,0,0,0,0,0,0,0,0,0
26.0929,0,-0.000259725,-0.0442824,2.05999,0,0,9.23313e-08,2.06046,0,0,0
26.0929,1,2.99974,-0.0442824,2.05998,-2.92218e-16,-3.31743e-16,9.77951e-08,3.63922,0,0,0
26.0929,2,2.99974,2.95572,2.05998,-5.39327e-24,2.51981e-24,1.31068e-07,4.6881,0,0,0
26.0929,3,0,0,0,0,0,0,0,0,0,0
26.0929,4,0,0,0,0,0,0,0,0,0,0
26.0929,5,0,0,0,0,0,0,0,0,0,0
26.1459,0,-0.000259725,-0.0442824,2.05999,0,0,6.02426e-08,2.06046,0,0,0
26.1459,1,2.99974,-0.0442824,2.05998,-2.91355e-16,-3.43974e-16,7.15047e-08,3.63922,0,0,0
26.1459,2,2.99974,2.95572,2.05998,-1.01539e-23,3.35359e-24,1.38097e-07,4.6881,0,0,0
26.1459,3,0,0,0,0,0,0,0,0,0,0
26.1459,4,0,0,0,0,0,0,0,0,0,0
26.1459,5,0,0,0,0,0,0,0,0,0,0
26.1994,0,-0.000259725,-0.0442824,2.05999,0,0,3.50505e-08,2.06046,0,0,0
26.1994,1,2.99974,-0.0442824,2.05998,-3.01452e-16,-3.41297e-16,5.81251e-08,3.63922,0,0,0
26.1994,2,2.99974,2.95572,2.05998,-6.43111e-24,2.41771e-25,1.43364e-07,4.6881,0,0,0
26.1994,3,0,0,0,0,0,0,0,0,0,0
26.1994,4,0,0,0,0,0,0,0,0,0,0
26.1994,5,0,0,0,0,0,0,0,0,0,0
26.2551,0,-0.000259725,-0.0442824,2.05999,0,0,1.50174e-08,2.06046,0,0,0
26.2551,1,2.99974,-0.0442824,2.05998,-3.12917e-16,-3.50663e-16,5.05354e-08,3.63922,0,0,0
26.2551,2,2.99974,2.95572,2.05998,-2.25234e-24,-7.84522e-25,1.50065e-07,4.6881,0,0,0
26.2551,3,0,0,0,0,0,0,0,0,0,0
26.2551,4,0,0,0,0,0,0,0,0,0,0
26.2551,5,0,0,0,0,0,0,0,0,0,0
26.3083,0,-0.000259725,-0.0442824,2.05999,0,0,-2.17998e-11,2.06046,0,0,0
26.3083,1,2.99974,-0.0442824,2.05998,-3.26247e-16,-3.22192e-16,4.4694e-08,3.63922,0,0,0
26.3083,2,2.99974,2.95572,2.05998,-1.75598e-24,-4.27201e-24,1.5541e-07,4.6881,0,0,0
26.3083,3,0,0,0,0,0,0,0,0,0,0
26.3083,4,0,0,0,0,0,0,0,0,0,0
26.3083,5,0,0,0,0,0,0,0,0,0,0
26.3595,0,-0.000259725,-0.0442824,2.05999,0,0,-1.66646e-08,2.06046,0,0,0
26.3595,1,2.99974,-0.0442824,2.05998,-3.40188e-16,-2.91857e-16,3.78103e-08,3.63922,0,0,0
26.3595,2,2.99974,2.95572,2.05998,-5.66965e-25,-6.88458e-24,1.60093e-07,4.6881,0,0,0
26.3595,3,0,0,0,0,0,0,0,0,0,0
26.3595,4,0,0,0,0,0,0,0,0,0,0
26.3595,5,0,0,0,0,0,0,0,0,0,0
26.4097,0,-0.000259725,-0.0442824,2.05999,0,0,-2.94869e-08,2.06046,0,0,0
26.4097,1,2.99974,-0.0442824,2.05998,-3.49061e-16,-2.54363e-16,3.20871e-08,3.63922,0,0,0
26.4097,2,2.99974,2.95572,2.05998,4.12767e-24,-7.41866e-24,1.65379e-07,4.6881,0,0,0
26.4097,3,0,0,0,0,0,0,0,0,0,0
26.4097,4,0,0,0,0,0,0,0,0,0,0
26.4097,5,0,0,0,0,0,0,0,0,0,0
26.4599,0,-0.000259725,-0.0442824,2.05999,0,0,-3.96391e-08,2.06046,0,0,0
26.4599,1,2.99974,-0.0442824,2.05998,-3.70059e-16,-1.89342e-16,2.78038e-08,3.63922,0,0,0
26.4599,2,2.99974,2.95572,2.05998,5.10423e-24,-1.12525e-23,1.7197e-07,4.6881,0,0,0
26.4599,3,0,0,0,0,0,0,0,0,0,0
26.4599,4,0,0,0,0,0,0,0,0,0,0
26.4599,5,0,0,0,0,0,0,0,0,0,0
26.5127,0,-0.000259725,-0.0442824,2.05999,0,0,-5.39828e-08,2.06046,0,0,0
26.5127,1,2.99974,-0.0442824,2.05998,-3.97367e-16,-1.12908e-16,2.46825e-08,3.63922,0,0,0
26.5127,2,2.99974,2.95572,2.05998,-9.00976e-26,-1.03012e-23,1.78085e-07,4.6881,0,0,0
26.5127,3,0,0,0,0,0,0,0,0,0,0
26.5127,4,0,0,0,0,0,0,0,0,0,0
26.5127,5,0,0,0,0,0,0,0,0,0,0
26.5685,0,-0.000259725,-0.0442824,2.05999,0,0,-6.44369e-08,2.06046,0,0,0
26.5685,1,2.99974,-0.0442824,2.05998,-4.14382e-16,-4.99537e-17,2.10564e-08,3.63922,0,0,0
26.5685,2,2.99974,2.95572,2.05998,-1.68078e-24,-1.12675e-23,1.84567e-07,4.6881,0,0,0
26.5685,3,0,0,0,0,0,0,0,0,0,0
26.5685,4,0,0,0,0,0,0,0,0,0,0
26.5685,5,0,0,0,0,0,0,0,0,0,0
26.6187,0,-0.000259725,-0.0442824,2.05999,0,0,-6.91751e-08,2.06046,0,0,0
26.6187,1,2.99974,-0.0442824,2.05998,-4.16067e-16,-2.04519e-17,2.18833e-08,3.63922,0,0,0
26.6187,2,2.99974,2.95572,2.05998,6.46961e-24,-7.62261e-24,1.89916e-07,4.6881,0,0,0
26.6187,3,0,0,0,0,0,0,0,0,0,0
26.6187,4,0,0,0,0,0,0,0,0,0,0
26.6187,5,0,0,0,0,0,0,0,0,0,0
26.6688,0,-0.000259725,-0.0442824,2.05999,0,0,-7.46476e-08,2.06046,0,0,0
26.6688,1,2.99974,-0.0442824,2.05998,-4.17623e-16,1.02225e-17,1.97837e-08,3.63922,0,0,0
26.6688,2,2.99974,2.95572,2.05998,1.02154e-23,3.42755e-24,1.9926e-07,4.6881,0,0,0
26.6688,3,0,0,0,0,0,0,0,0,0,0
26.6688,4,0,0,0,0,0,0,0,0,0,0
26.6688,5,0,0,0,0,0,0,0,0,0,0
26.7238,0,-0.000259725,-0.0442824,2.05999,0,0,-7.84715e-08,2.06046,0,0,0
26.7238,1,2.99974,-0.0442824,2.05998,-4.11983e-16,2.30387e-17,1.87743e-08,3.63922,0,0,0
26.7238,2,2.99974,2.95572,2.05998,6.67177e-24,7.91625e-24,2.04984e-07,4.6881,0,0,0
26.7238,3,0,0,0,0,0,0,0,0,0,0
26.7238,4,0,0,0,0,0,0,0,0,0,0
26.7238,5,0,0,0,0,0,0,0,0,0,0
26.774,0,-0.000259725,-0.0442824,2.05999,0,0,-8.11182e-08,2.06046,0,0,0
26.774,1,2.99974,-0.0442824,2.05998,-4.21568e-16,7.4432e-17,2.15091e-08,3.63922,0,0,0
26.774,2,2.99974,2.95572,2.05998,-4.83292e-24,-4.54653e-24,2.12281e-07,4.6881,0,0,0
26.774,3,0,0,0,0,0,0,0,0,0,0
26.774,4,0,0,0,0,0,0,0,0,0,0
26.774,5,0,0,0,0,0,0,0,0,0,0
26.8255,0,-0.000259725,-0.0442824,2.05999,0,0,-8.11182e-08,2.06046,0,0,0
26.8255,1,2.99974,-0.0442824,2.05998,-4.43944e-16,1.66971e-16,2.62647e-08,3.63922,0,0,0
26.8255,2,2.99974,2.95572,2.05998,-1.81464e-23,-2.16064e-23,2.18263e-07,4.6881,0,0,0
26.8255,3,0,0,0,0,0,0,0,0,0,0
26.8255,4,0,0,0,0,0,0,0,0,0,0
26.8255,5,0,0,0,0,0,0,0,0,0,0
26.8782,0,-0.000259725,-0.0442824,2.05999,0,0,-8.59287e-08,2.06046,0,0,0
26.8782,1,2.99974,-0.0442824,2.05998,-4.42382e-16,2.07547e-16,3.11953e-08,3.63922,0,0,0
26.8782,2,2.99974,2.95572,2.05998,-2.3817e-23,-2.44209e-23,2.23817e-07,4.6881,0,0,0
26.8782,3,0,0,0,0,0,0,0,0,0,0
26.8782,4,0,0,0,0,0,0,0,0,0,0
26.8782,5,0,0,0,0,0,0,0,0,0,0
26.9297,0,-0.000259725,-0.0442824,2.05999,0,0,-8.59287e-08,2.06046,0,0,0
26.9297,1,2.99974,-0.0442824,2.05998,-4.34045e-16,2.29993e-16,3.40933e-08,3.63922,0,0,0
26.9297,2,2.99974,2.95572,2.05999,-1.65067e-23,-1.11293e-23,2.01816e-07,4.6881,0,0,0
26.9297,3,0,0,0,0,0,0,0,0,0,0
26.9297,4,0,0,0,0,0,0,0,0,0,0
26.9297,5,0,0,0,0,0,0,0,0,0,0
26.9801,0,-0.000259725,-0.0442824,2.05999,0,0,-8.49971e-08,2.06046,0,0,0
26.9801,1,2.99974,-0.0442824,2.05998,-4.25412e-16,2.53441e-16,3.80758e-08,3.63922,0,0,0
26.9801,2,2.99974,2.95572,2.05999,-1.56243e-23,-4.28292e-24,1.4188e-07,4.6881,0,0,0
26.9801,3,0,0,0,0,0,0,0,0,0,0
26.9801,4,0,0,0,0,0,0,0,0,0,0
26.9801,5,0,0,0,0,0,0,0,0,0,0
27.0303,0,-0.000259725,-0.0442824,2.05999,0,0,-8.55451e-08,2.06046,0,0,0
27.0303,1,2.99974,-0.0442824,2.05998,-4.14924e-16,2.88855e-16,4.02623e-08,3.63922,0,0,0
27.0303,2,2.99974,2.95572,2.05999,-1.32679e-23,-2.10185e-24,9.73704e-08,4.6881,0,0,0
27.0303,3,0,0,0,0,0,0,0,0,0,0
27.0303,4,0,0,0,0,0,0,0,0,0,0
27.0303,5,0,0,0,0,0,0,0,0,0,0
27.0815,0,-0.000259725,-0.0442824,2.05999,0,0,-5.9056e-08,2.06046,0,0,0
27.0815,1,2.99974,-0.0442824,2.05998,-4.17411e-16,3.28338e-16,4.26502e-08,3.63922,0,0,0
27.0815,2,2.99974,2.95572,2.05999,-5.13481e-24,-6.41851e-25,6.79645e-08,4.6881,0,0,0
27.0815,3,0,0,0,0,0,0,0,0,0,0
27.0815,4,0,0,0,0,0,0,0,0,0,0
27.0815,5,0,0,0,0,0,0,0,0,0,0
27.1316,0,-0.000259725,-0.0442824,2.05999,0,0,1.82859e-08,2.06046,0,0,0
27.1316,1,2.99974,-0.0442824,2.05998,-4.05621e-16,3.56493e-16,4.42709e-08,3.63922,0,0,0
27.1316,2,2.99974,2.95572,2.05999,-6.33087e-25,7.77335e-25,4.75195e-08,4.6881,0,0,0
27.1316,3,0,0,0,0,0,0,0,0,0,0
27.1316,4,0,0,0,0,0,0,0,0,0,0
27.1316,5,0,0,0,0,0,0,0,0,0,0
27.1825,0,-0.000259725,-0.0442824,2.05999,0,0,6.92777e-08,2.06046,0,0,0
27.1825,1,2.99974,-0.0442824,2.05998,-4.03073e-16,3.75451e-16,4.83295e-08,3.63922,0,0,0
27.1825,2,2.99974,2.95572,2.05999,-9.92437e-27,6.94706e-25,2.94245e-08,4.6881,0,0,0
27.1825,3,0,0,0,0,0,0,0,0,0,0
27.1825,4,0,0,0,0,0,0,0,0,0,0
27.1825,5,0,0,0,0,0,0,0,0,0,0
27.2392,0,-0.000259725,-0.0442824,2.05999,0,0,1.04939e-07,2.06046,0,0,0
27.2392,1,2.99974,-0.0442824,2.05998,-3.75562e-16,3.40015e-16,5.21651e-08,3.63922,0,0,0
27.2392,2,2.99974,2.95572,2.05999,3.23954e-25,5.89007e-27,1.16422e-08,4.6881,0,0,0
27.2392,3,0,0,0,0,0,0,0,0,0,0
27.2392,4,0,0,0,0,0,0,0,0,0,0
27.2392,5,0,0,0,0,0,0,0,0,0,0
27.292,0,-0.000259725,-0.0442824,2.05999,0,0,1.28437e-07,2.06046,0,0,0
27.292,1,2.99974,-0.0442824,2.05998,-3.59457e-16,3.42881e-16,5.54493e-08,3.63922,0,0,0
27.292,2,2.99974,2.95572,2.05999,-2.60912e-25,1.36761e-25,-5.75146e-09,4.6881,0,0,0
27.292,3,0,0,0,0,0,0,0,0,0,0
27.292,4,0,0,0,0,0,0,0,0,0,0
27.292,5,0,0,0,0,0,0,0,0,0,0
27.3422,0,-0.000259725,-0.0442824,2.05999,0,0,1.19896e-07,2.06046,0,0,0
27.3422,1,2.99974,-0.0442824,2.05998,-3.52604e-16,3.61404e-16,6.09583e-08,3.63922,0,0,0
27.3422,2,2.99974,2.95572,2.05999,-4.61127e-25,3.60882e-25,-1.98142e-08,4.6881,0,0,0
27.3422,3,0,0,0,0,0,0,0,0,0,0
27.3422,4,0,0,0,0,0,0,0,0,0,0
27.3422,5,0,0,0,0,0,0,0,0,0,0
27.3923,0,-0.000259725,-0.0442824,2.05999,0,0,8.06074e-08,2.06046,0,0,0
27.3923,1,2.99974,-0.0442824,2.05998,-3.31805e-16,3.41116e-16,6.85327e-08,3.63922,0,0,0
27.3923,2,2.99974,2.95572,2.05999,-2.6973e-25,7.01297e-25,-3.19885e-08,4.6881,0,0,0
27.3923,3,0,0,0,0,0,0,0,0,0,0
27.3923,4,0,0,0,0,0,0,0,0,0,0
27.3923,5,0,0,0,0,0,0,0,0,0,0
27.4428,0,-0.000259725,-0.0442824,2.05999,0,0,5.88458e-08,2.06046,0,0,0
27.4428,1,2.99974,-0.0442824,2.05998,-3.14923e-16,3.41814e-16,7.01835e-08,3.63922,0,0,0
27.4428,2,2.99974,2.95572,2.05999,-1.66455e-24,-4.41035e-25,-4.2181e-08,4.6881,0,0,0
27.4428,3,0,0,0,0,0,0,0,0,0,0
27.4428,4,0,0,0,0,0,0,0,0,0,0
27.4428,5,0,0,0,0,0,0,0,0,0,0
27.4958,0,-0.000259725,-0.0442824,2.05999,0,0,4.90396e-08,2.06046,0,0,0
27.4958,1,2.99974,-0.0442824,2.05998,-3.09475e-16,3.55957e-16,7.56182e-08,3.63922,0,0,0
27.4958,2,2.99974,2.95572,2.05999,-6.62856e-25,-2.1396e-24,-4.9754e-08,4.6881,0,0,0
27.4958,3,0,0,0,0,0,0,0,0,0,0
27.4958,4,0,0,0,0,0,0,0,0,0,0
27.4958,5,0,0,0,0,0,0,0,0,0,0
