time,uav_id,px,py,pz,vx,vy,vz,feedback,ref_x,ref_y,ref_z
6.537e-05,0,-0.000259725,-0.0442824,2.05999,0,0,3.55133e-08,2.06046,0,0,0
6.537e-05,1,2.99974,-0.0442824,2.05999,-6.24431e-17,5.75913e-17,1.41454e-07,3.63922,0,0,0
6.537e-05,2,2.99974,2.95572,2.05999,2.26289e-24,1.29308e-25,-4.79227e-08,4.6881,0,0,0
6.537e-05,3,0,0,0,0,0,0,0,0,0,0
6.537e-05,4,0,0,0,0,0,0,0,0,0,0
6.537e-05,5,0,0,0,0,0,0,0,0,0,0
0.0502254,0,-0.000259725,-0.0442824,2.05999,0,0,3.42355e-08,2.06046,0,0,0
0.0502254,1,2.99974,-0.0442824,2.05999,-5.99968e-17,5.86613e-17,1.47348e-07,3.63922,0,0,0
0.0502254,2,2.99974,2.95572,2.05999,2.26289e-24,1.29308e-25,-4.79227e-08,4.6881,0,0,0
0.0502254,3,0,0,0,0,0,0,0,0,0,0
0.0502254,4,0,0,0,0,0,0,0,0,0,0
0.0502254,5,0,0,0,0,0,0,0,0,0,0
0.100669,0,-0.000259725,-0.0442824,2.05999,0,0,3.54263e-08,2.06046,0,0,0
0.100669,1,2.99974,-0.0442824,2.05999,-6.65213e-17,7.68196e-17,1.54306e-07,3.63922,0,0,0
0.100669,2,2.99974,2.95572,2.05999,8.79835e-25,-6.62975e-25,1.83704e-08,4.6881,0,0,0
0.100669,3,0,0,0,0,0,0,0,0,0,0
0.100669,4,0,0,0,0,0,0,0,0,0,0
0.100669,5,0,0,0,0,0,0,0,0,0,0
0.151893,0,-0.000259725,-0.0442824,2.05999,0,0,3.53435e-08,2.06046,0,0,0
0.151893,1,2.99974,-0.0442824,2.05999,-5.57537e-17,6.14182e-17,1.6011e-07,3.63922,0,0,0
0.151893,2,2.99974,2.95572,2.05999,8.29775e-24,-4.65654e-24,1.03805e-07,4.6881,0,0,0
0.151893,3,0,0,0,0,0,0,0,0,0,0
0.151893,4,0,0,0,0,0,0,0,0,0,0
0.151893,5,0,0,0,0,0,0,0,0,0,0
0.202904,0,-0.000259725,-0.0442824,2.05999,0,0,3.72762e-08,2.06046,0,0,0
0.202904,1,2.99974,-0.0442824,2.05999,-5.35246e-17,6.23965e-17,1.66931e-07,3.63922,0,0,0
0.202904,2,2.99974,2.95572,2.05999,9.5467e-24,-2.90731e-24,1.22267e-07,4.6881,0,0,0
0.202904,3,0,0,0,0,0,0,0,0,0,0
0.202904,4,0,0,0,0,0,0,0,0,0,0
0.202904,5,0,0,0,0,0,0,0,0,0,0
0.261084,0,-0.000259725,-0.0442824,2.05999,0,0,4.13205e-08,2.06046,0,0,0
0.261084,1,2.99974,-0.0442824,2.05999,-5.11841e-17,6.34238e-17,1.72908e-07,3.63922,0,0,0
0.261084,2,2.99974,2.95572,2.05999,3.84937e-24,-6.85058e-25,9.67194e-08,4.6881,0,0,0
0.261084,3,0,0,0,0,0,0,0,0,0,0
0.261084,4,0,0,0,0,0,0,0,0,0,0
0.261084,5,0,0,0,0,0,0,0,0,0,0
0.314511,0,-0.000259725,-0.0442824,2.05999,0,0,4.58299e-08,2.06046,0,0,0
0.314511,1,2.99974,-0.0442824,2.05999,-4.8955e-17,6.44022e-17,1.77469e-07,3.63922,0,0,0
0.314511,2,2.99974,2.95572,2.05999,3.55511e-24,-6.43597e-25,9.08657e-08,4.6881,0,0,0
0.314511,3,0,0,0,0,0,0,0,0,0,0
0.314511,4,0,0,0,0,0,0,0,0,0,0
0.314511,5,0,0,0,0,0,0,0,0,0,0
0.369817,0,-0.000259725,-0.0442824,2.05999,0,0,5.08138e-08,2.06046,0,0,0
0.369817,1,2.99974,-0.0442824,2.05999,-3.97217e-17,4.66058e-17,1.85242e-07,3.63922,0,0,0
0.369817,2,2.99974,2.95572,2.05999,6.00122e-24,-6.10903e-25,7.10293e-08,4.6881,0,0,0
0.369817,3,0,0,0,0,0,0,0,0,0,0
0.369817,4,0,0,0,0,0,0,0,0,0,0
0.369817,5,0,0,0,0,0,0,0,0,0,0
0.421521,0,-0.000259725,-0.0442824,2.05999,0,0,5.21195e-08,2.06046,0,0,0
0.421521,1,2.99974,-0.0442824,2.05999,-3.72214e-17,4.68687e-17,1.94643e-07,3.63922,0,0,0
0.421521,2,2.99974,2.95572,2.05999,5.06456e-24,-1.22777e-24,6.50033e-08,4.6881,0,0,0
0.421521,3,0,0,0,0,0,0,0,0,0,0
0.421521,4,0,0,0,0,0,0,0,0,0,0
0.421521,5,0,0,0,0,0,0,0,0,0,0
0.471661,0,-0.000259725,-0.0442824,2.05999,0,0,5.72728e-08,2.06046,0,0,0
0.471661,1,2.99974,-0.0442824,2.05999,-3.23236e-17,2.37532e-17,2.03771e-07,3.63922,0,0,0
0.471661,2,2.99974,2.95572,2.05999,2.16089e-24,-2.65297e-24,6.34331e-08,4.6881,0,0,0
0.471661,3,0,0,0,0,0,0,0,0,0,0
0.471661,4,0,0,0,0,0,0,0,0,0,0
0.471661,5,0,0,0,0,0,0,0,0,0,0
0.521814,0,-0.000259725,-0.0442824,2.05999,0,0,6.09332e-08,2.06046,0,0,0
0.521814,1,2.99974,-0.0442824,2.05999,-2.08408e-17,6.09311e-18,2.10417e-07,3.63922,0,0,0
0.521814,2,2.99974,2.95572,2.05999,-5.56128e-25,-4.3378e-24,5.99581e-08,4.6881,0,0,0
0.521814,3,0,0,0,0,0,0,0,0,0,0
0.521814,4,0,0,0,0,0,0,0,0,0,0
0.521814,5,0,0,0,0,0,0,0,0,0,0
0.577036,0,-0.000259725,-0.0442824,2.05999,0,0,6.37445e-08,2.06046,0,0,0
0.577036,1,2.99974,-0.0442824,2.05999,-1.78984e-17,4.82442e-18,2.1737e-07,3.63922,0,0,0
0.577036,2,2.99974,2.95572,2.05999,-6.53644e-25,-5.70719e-24,5.78498e-08,4.6881,0,0,0
0.577036,3,0,0,0,0,0,0,0,0,0,0
0.577036,4,0,0,0,0,0,0,0,0,0,0
0.577036,5,0,0,0,0,0,0,0,0,0,0
0.627232,0,-0.000259725,-0.0442824,2.05999,0,0,7.04769e-08,2.06046,0,0,0
0.627232,1,2.99974,-0.0442824,2.05999,-1.25053e-17,-1.98816e-17,2.24864e-07,3.63922,0,0,0
0.627232,2,2.99974,2.95572,2.05999,4.48866e-25,-5.05213e-24,5.66311e-08,4.6881,0,0,0
0.627232,3,0,0,0,0,0,0,0,0,0,0
0.627232,4,0,0,0,0,0,0,0,0,0,0
0.627232,5,0,0,0,0,0,0,0,0,0,0
0.677406,0,-0.000259725,-0.0442824,2.05999,0,0,7.6589e-08,2.06046,0,0,0
0.677406,1,2.99974,-0.0442824,2.05999,-5.79284e-19,-3.90361e-17,2.11694e-07,3.63922,0,0,0
0.677406,2,2.99974,2.95572,2.05999,9.46843e-25,-2.53136e-24,5.72911e-08,4.6881,0,0,0
0.677406,3,0,0,0,0,0,0,0,0,0,0
0.677406,4,0,0,0,0,0,0,0,0,0,0
0.677406,5,0,0,0,0,0,0,0,0,0,0
0.732952,0,-0.000259725,-0.0442824,2.05999,0,0,7.929e-08,2.06046,0,0,0
0.732952,1,2.99974,-0.0442824,2.05999,2.81554e-18,-4.1835e-17,1.55939e-07,3.63922,0,0,0
0.732952,2,2.99974,2.95572,2.05999,1.67018e-24,9.74273e-25,5.89509e-08,4.6881,0,0,0
0.732952,3,0,0,0,0,0,0,0,0,0,0
0.732952,4,0,0,0,0,0,0,0,0,0,0
0.732952,5,0,0,0,0,0,0,0,0,0,0
0.783204,0,-0.000259725,-0.0442824,2.05999,0,0,8.08764e-08,2.06046,0,0,0
0.783204,1,2.99974,-0.0442824,2.05999,1.11798e-17,-6.55319e-17,1.06144e-07,3.63922,0,0,0
0.783204,2,2.99974,2.95572,2.05999,2.70895e-24,3.63653e-24,6.25034e-08,4.6881,0,0,0
0.783204,3,0,0,0,0,0,0,0,0,0,0
0.783204,4,0,0,0,0,0,0,0,0,0,0
0.783204,5,0,0,0,0,0,0,0,0,0,0
0.833367,0,-0.000259725,-0.0442824,2.05999,0,0,8.83655e-08,2.06046,0,0,0
0.833367,1,2.99974,-0.0442824,2.05999,4.22954e-18,-5.48538e-17,8.13881e-08,3.63922,0,0,0
0.833367,2,2.99974,2.95572,2.05999,3.25273e-24,2.48738e-24,6.30322e-08,4.6881,0,0,0
0.833367,3,0,0,0,0,0,0,0,0,0,0
0.833367,4,0,0,0,0,0,0,0,0,0,0
0.833367,5,0,0,0,0,0,0,0,0,0,0
0.894194,0,-0.000259725,-0.0442824,2.05999,0,0,9.63194e-08,2.06046,0,0,0
0.894194,1,2.99974,-0.0442824,2.05999,1.22786e-17,-7.89183e-17,6.02963e-08,3.63922,0,0,0
0.894194,2,2.99974,2.95572,2.05999,1.90225e-25,5.70676e-25,6.26659e-08,4.6881,0,0,0
0.894194,3,0,0,0,0,0,0,0,0,0,0
0.894194,4,0,0,0,0,0,0,0,0,0,0
0.894194,5,0,0,0,0,0,0,0,0,0,0
0.944403,0,-0.000259725,-0.0442824,2.05999,0,0,9.95002e-08,2.06046,0,0,0
0.944403,1,2.99974,-0.0442824,2.05999,1.38539e-17,-8.45381e-17,3.58947e-08,3.63922,0,0,0
0.944403,2,2.99974,2.95572,2.05999,-2.03279e-24,-1.73003e-24,6.41165e-08,4.6881,0,0,0
0.944403,3,0,0,0,0,0,0,0,0,0,0
0.944403,4,0,0,0,0,0,0,0,0,0,0
0.944403,5,0,0,0,0,0,0,0,0,0,0
0.994665,0,-0.000259725,-0.0442824,2.05999,0,0,1.05964e-07,2.06046,0,0,0
0.994665,1,2.99974,-0.0442824,2.05999,8.28467e-18,-7.14197e-17,1.66737e-08,3.63922,0,0,0
0.994665,2,2.99974,2.95572,2.05999,-5.46924e-24,-1.25172e-24,6.68684e-08,4.6881,0,0,0
0.994665,3,0,0,0,0,0,0,0,0,0,0
0.994665,4,0,0,0,0,0,0,0,0,0,0
0.994665,5,0,0,0,0,0,0,0,0,0,0
1.04529,0,-0.000259725,-0.0442824,2.05999,0,0,1.12721e-07,2.06046,0,0,0
1.04529,1,2.99974,-0.0442824,2.05999,7.34707e-18,-7.85608e-17,5.1888e-09,3.63922,0,0,0
1.04529,2,2.99974,2.95572,2.05999,-8.84525e-24,1.89286e-24,7.05923e-08,4.6881,0,0,0
1.04529,3,0,0,0,0,0,0,0,0,0,0
1.04529,4,0,0,0,0,0,0,0,0,0,0
1.04529,5,0,0,0,0,0,0,0,0,0,0
1.09557,0,-0.000259725,-0.0442824,2.05999,0,0,1.18601e-07,2.06046,0,0,0
1.09557,1,2.99974,-0.0442824,2.05999,1.04522e-17,-8.22795e-17,-8.90551e-09,3.63922,0,0,0
1.09557,2,2.99974,2.95572,2.05999,-6.15847e-24,4.56754e-24,7.60795e-08,4.6881,0,0,0
1.09557,3,0,0,0,0,0,0,0,0,0,0
1.09557,4,0,0,0,0,0,0,0,0,0,0
1.09557,5,0,0,0,0,0,0,0,0,0,0
1.15086,0,-0.000259725,-0.0442824,2.05999,0,0,1.24107e-07,2.06046,0,0,0
1.15086,1,2.99974,-0.0442824,2.05999,4.71128e-18,-6.87886e-17,-1.934e-08,3.63922,0,0,0
1.15086,2,2.99974,2.95572,2.05999,-2.17057e-24,5.31039e-24,8.09492e-08,4.6881,0,0,0
1.15086,3,0,0,0,0,0,0,0,0,0,0
1.15086,4,0,0,0,0,0,0,0,0,0,0
1.15086,5,0,0,0,0,0,0,0,0,0,0
1.20119,0,-0.000259725,-0.0442824,2.05999,0,0,1.30519e-07,2.06046,0,0,0
1.20119,1,2.99974,-0.0442824,2.05999,3.2602e-18,-7.54559e-17,-2.54318e-08,3.63922,0,0,0
1.20119,2,2.99974,2.95572,2.05999,3.16936e-24,9.06379e-24,8.78201e-08,4.6881,0,0,0
1.20119,3,0,0,0,0,0,0,0,0,0,0
1.20119,4,0,0,0,0,0,0,0,0,0,0
1.20119,5,0,0,0,0,0,0,0,0,0,0
1.25148,0,-0.000259725,-0.0442824,2.05999,0,0,1.41714e-07,2.06046,0,0,0
1.25148,1,2.99974,-0.0442824,2.05999,5.83784e-18,-7.86162e-17,-3.26466e-08,3.63922,0,0,0
1.25148,2,2.99974,2.95572,2.05999,4.95007e-24,1.22514e-23,9.17269e-08,4.6881,0,0,0
1.25148,3,0,0,0,0,0,0,0,0,0,0
1.25148,4,0,0,0,0,0,0,0,0,0,0
1.25148,5,0,0,0,0,0,0,0,0,0,0
1.30794,0,-0.000259725,-0.0442824,2.05999,0,0,1.48206e-07,2.06046,0,0,0
1.30794,1,2.99974,-0.0442824,2.05999,1.81356e-19,-6.39859e-17,-3.85606e-08,3.63922,0,0,0
1.30794,2,2.99974,2.95572,2.05999,4.65122e-24,9.91321e-24,9.28637e-08,4.6881,0,0,0
1.30794,3,0,0,0,0,0,0,0,0,0,0
1.30794,4,0,0,0,0,0,0,0,0,0,0
1.30794,5,0,0,0,0,0,0,0,0,0,0
1.35809,0,-0.000259725,-0.0442824,2.05999,0,0,1.50349e-07,2.06046,0,0,0
1.35809,1,2.99974,-0.0442824,2.05999,2.20934e-18,-6.61872e-17,-4.45254e-08,3.63922,0,0,0
1.35809,2,2.99974,2.95572,2.05999,3.78796e-24,6.75955e-24,9.68173e-08,4.6881,0,0,0
1.35809,3,0,0,0,0,0,0,0,0,0,0
1.35809,4,0,0,0,0,0,0,0,0,0,0
1.35809,5,0,0,0,0,0,0,0,0,0,0
1.4112,0,-0.000259725,-0.0442824,2.05999,0,0,1.50349e-07,2.06046,0,0,0
1.4112,1,2.99974,-0.0442824,2.05999,-4.37366e-18,-5.14725e-17,-4.88879e-08,3.63922,0,0,0
1.4112,2,2.99974,2.95572,2.05999,4.51763e-24,6.37277e-24,1.01857e-07,4.6881,0,0,0
1.4112,3,0,0,0,0,0,0,0,0,0,0
1.4112,4,0,0,0,0,0,0,0,0,0,0
1.4112,5,0,0,0,0,0,0,0,0,0,0
1.46613,0,-0.000259725,-0.0442824,2.05999,0,0,1.61386e-07,2.06046,0,0,0
1.46613,1,2.99974,-0.0442824,2.05999,-2.51347e-18,-5.31792e-17,-5.4128e-08,3.63922,0,0,0
1.46613,2,2.99974,2.95572,2.05999,9.76348e-25,7.8292e-24,1.09236e-07,4.6881,0,0,0
1.46613,3,0,0,0,0,0,0,0,0,0,0
1.46613,4,0,0,0,0,0,0,0,0,0,0
1.46613,5,0,0,0,0,0,0,0,0,0,0
1.51888,0,-0.000259725,-0.0442824,2.05999,0,0,1.68214e-07,2.06046,0,0,0
1.51888,1,2.99974,-0.0442824,2.05999,-7.3783e-19,-5.48084e-17,-5.46548e-08,3.63922,0,0,0
1.51888,2,2.99974,2.95572,2.05999,-4.82284e-25,9.62638e-24,1.14393e-07,4.6881,0,0,0
1.51888,3,0,0,0,0,0,0,0,0,0,0
1.51888,4,0,0,0,0,0,0,0,0,0,0
1.51888,5,0,0,0,0,0,0,0,0,0,0
1.56902,0,-0.000259725,-0.0442824,2.05999,0,0,1.7994e-07,2.06046,0,0,0
1.56902,1,2.99974,-0.0442824,2.05999,9.53255e-19,-5.63601e-17,-5.65091e-08,3.63922,0,0,0
1.56902,2,2.99974,2.95572,2.05999,-4.49511e-24,9.29258e-24,1.19528e-07,4.6881,0,0,0
1.56902,3,0,0,0,0,0,0,0,0,0,0
1.56902,4,0,0,0,0,0,0,0,0,0,0
1.56902,5,0,0,0,0,0,0,0,0,0,0
1.62203,0,-0.000259725,-0.0442824,2.05999,0,0,1.86917e-07,2.06046,0,0,0
1.62203,1,2.99974,-0.0442824,2.05999,2.64434e-18,-5.79117e-17,-5.74382e-08,3.63922,0,0,0
1.62203,2,2.99974,2.95572,2.05999,-7.81831e-24,2.2041e-24,1.23299e-07,4.6881,0,0,0
1.62203,3,0,0,0,0,0,0,0,0,0,0
1.62203,4,0,0,0,0,0,0,0,0,0,0
1.62203,5,0,0,0,0,0,0,0,0,0,0
1.67478,0,-0.000259725,-0.0442824,2.05999,0,0,1.89247e-07,2.06046,0,0,0
1.67478,1,2.99974,-0.0442824,2.05999,4.33542e-18,-5.94633e-17,-5.68277e-08,3.63922,0,0,0
1.67478,2,2.99974,2.95572,2.05999,-8.44759e-24,-7.23148e-24,1.28771e-07,4.6881,0,0,0
1.67478,3,0,0,0,0,0,0,0,0,0,0
1.67478,4,0,0,0,0,0,0,0,0,0,0
1.67478,5,0,0,0,0,0,0,0,0,0,0
1.73008,0,-0.000259725,-0.0442824,2.05999,0,0,1.89247e-07,2.06046,0,0,0
1.73008,1,2.99974,-0.0442824,2.05999,-3.21007e-18,-4.33805e-17,-5.59619e-08,3.63922,0,0,0
1.73008,2,2.99974,2.95572,2.05999,-3.23919e-24,-1.11673e-23,1.34319e-07,4.6881,0,0,0
1.73008,3,0,0,0,0,0,0,0,0,0,0
1.73008,4,0,0,0,0,0,0,0,0,0,0
1.73008,5,0,0,0,0,0,0,0,0,0,0
1.78146,0,-0.000259725,-0.0442824,2.05999,0,0,2.00587e-07,2.06046,0,0,0
1.78146,1,2.99974,-0.0442824,2.05999,-1.8606e-18,-4.42867e-17,-5.4194e-08,3.63922,0,0,0
1.78146,2,2.99974,2.95572,2.05999,-1.93338e-24,-7.07334e-24,1.3981e-07,4.6881,0,0,0
1.78146,3,0,0,0,0,0,0,0,0,0,0
1.78146,4,0,0,0,0,0,0,0,0,0,0
1.78146,5,0,0,0,0,0,0,0,0,0,0
1.83421,0,-0.000259725,-0.0442824,2.05999,0,0,2.06038e-07,2.06046,0,0,0
1.83421,1,2.99974,-0.0442824,2.05999,2.53237e-18,-4.21494e-17,-5.10697e-08,3.63922,0,0,0
1.83421,2,2.99974,2.95572,2.05999,-5.72569e-24,-8.60092e-24,1.46978e-07,4.6881,0,0,0
1.83421,3,0,0,0,0,0,0,0,0,0,0
1.83421,4,0,0,0,0,0,0,0,0,0,0
1.83421,5,0,0,0,0,0,0,0,0,0,0
1.88437,0,-0.000259725,-0.0442824,2.05999,0,0,2.06038e-07,2.06046,0,0,0
1.88437,1,2.99974,-0.0442824,2.05999,1.19885e-17,-3.49491e-17,-5.43892e-08,3.63922,0,0,0
1.88437,2,2.99974,2.95572,2.05999,-1.24073e-23,-1.73391e-23,1.53917e-07,4.6881,0,0,0
1.88437,3,0,0,0,0,0,0,0,0,0,0
1.88437,4,0,0,0,0,0,0,0,0,0,0
1.88437,5,0,0,0,0,0,0,0,0,0,0
1.93454,0,-0.000259725,-0.0442824,2.05999,0,0,2.07593e-07,2.06046,0,0,0
1.93454,1,2.99974,-0.0442824,2.05999,4.41259e-18,-1.79237e-17,-4.45064e-08,3.63922,0,0,0
1.93454,2,2.99974,2.95572,2.05999,-8.02109e-24,-2.15618e-23,1.6123e-07,4.6881,0,0,0
1.93454,3,0,0,0,0,0,0,0,0,0,0
1.93454,4,0,0,0,0,0,0,0,0,0,0
1.93454,5,0,0,0,0,0,0,0,0,0,0
1.98501,0,-0.000259725,-0.0442824,2.05999,0,0,2.08755e-07,2.06046,0,0,0
1.98501,1,2.99974,-0.0442824,2.05999,5.88962e-18,-1.7774e-17,-4.74602e-08,3.63922,0,0,0
1.98501,2,2.99974,2.95572,2.05999,-8.32414e-24,-2.08103e-23,1.69041e-07,4.6881,0,0,0
1.98501,3,0,0,0,0,0,0,0,0,0,0
1.98501,4,0,0,0,0,0,0,0,0,0,0
1.98501,5,0,0,0,0,0,0,0,0,0,0
2.04327,0,-0.000259725,-0.0442824,2.05999,0,0,1.85401e-07,2.06046,0,0,0
2.04327,1,2.99974,-0.0442824,2.05999,1.13506e-17,-3.94628e-17,-4.10326e-08,3.63922,0,0,0
2.04327,2,2.99974,2.95572,2.05999,-1.7016e-23,-1.2956e-23,1.77018e-07,4.6881,0,0,0
2.04327,3,0,0,0,0,0,0,0,0,0,0
2.04327,4,0,0,0,0,0,0,0,0,0,0
2.04327,5,0,0,0,0,0,0,0,0,0,0
2.09645,0,-0.000259725,-0.0442824,2.05999,0,0,1.05986e-07,2.06046,0,0,0
2.09645,1,2.99974,-0.0442824,2.05999,1.30039e-17,-4.01787e-17,1.30774e-10,3.63922,0,0,0
2.09645,2,2.99974,2.95572,2.05999,-1.87313e-23,-2.21818e-24,1.82684e-07,4.6881,0,0,0
2.09645,3,0,0,0,0,0,0,0,0,0,0
2.09645,4,0,0,0,0,0,0,0,0,0,0
2.09645,5,0,0,0,0,0,0,0,0,0,0
2.14776,0,-0.000259725,-0.0442824,2.05999,0,0,7.25408e-08,2.06046,0,0,0
2.14776,1,2.99974,-0.0442824,2.05999,1.47359e-17,-4.09287e-17,6.09839e-08,3.63922,0,0,0
2.14776,2,2.99974,2.95572,2.05999,-1.99723e-24,-2.82148e-24,1.87985e-07,4.6881,0,0,0
2.14776,3,0,0,0,0,0,0,0,0,0,0
2.14776,4,0,0,0,0,0,0,0,0,0,0
2.14776,5,0,0,0,0,0,0,0,0,0,0
2.20191,0,-0.000259725,-0.0442824,2.05999,0,0,4.84898e-08,2.06046,0,0,0
2.20191,1,2.99974,-0.0442824,2.05999,1.63104e-17,-4.16106e-17,9.72156e-08,3.63922,0,0,0
2.20191,2,2.99974,2.95572,2.05999,1.29335e-23,-9.10852e-24,1.92211e-07,4.6881,0,0,0
2.20191,3,0,0,0,0,0,0,0,0,0,0
2.20191,4,0,0,0,0,0,0,0,0,0,0
2.20191,5,0,0,0,0,0,0,0,0,0,0
2.26059,0,-0.000259725,-0.0442824,2.05999,0,0,3.47795e-08,2.06046,0,0,0
2.26059,1,2.99974,-0.0442824,2.05999,1.7885e-17,-4.22924e-17,8.5993e-08,3.63922,0,0,0
2.26059,2,2.99974,2.95572,2.05999,1.57328e-23,-1.70577e-23,1.96403e-07,4.6881,0,0,0
2.26059,3,0,0,0,0,0,0,0,0,0,0
2.26059,4,0,0,0,0,0,0,0,0,0,0
2.26059,5,0,0,0,0,0,0,0,0,0,0
2.3122,0,-0.000259725,-0.0442824,2.05999,0,0,9.42011e-09,2.06046,0,0,0
2.3122,1,2.99974,-0.0442824,2.05999,1.94595e-17,-4.29743e-17,6.8416e-08,3.63922,0,0,0
2.3122,2,2.99974,2.95572,2.05999,1.74985e-23,-1.83837e-24,2.01871e-07,4.6881,0,0,0
2.3122,3,0,0,0,0,0,0,0,0,0,0
2.3122,4,0,0,0,0,0,0,0,0,0,0
2.3122,5,0,0,0,0,0,0,0,0,0,0
2.36278,0,-0.000259725,-0.0442824,2.05999,0,0,-1.09451e-08,2.06046,0,0,0
2.36278,1,2.99974,-0.0442824,2.05999,2.11915e-17,-4.37243e-17,5.74073e-08,3.63922,0,0,0
2.36278,2,2.99974,2.95572,2.05999,1.77586e-23,1.0473e-23,2.077e-07,4.6881,0,0,0
2.36278,3,0,0,0,0,0,0,0,0,0,0
2.36278,4,0,0,0,0,0,0,0,0,0,0
2.36278,5,0,0,0,0,0,0,0,0,0,0
2.42017,0,-0.000259725,-0.0442824,2.05999,0,0,-2.25671e-08,2.06046,0,0,0
2.42017,1,2.99974,-0.0442824,2.05999,2.28448e-17,-4.44402e-17,5.17923e-08,3.63922,0,0,0
2.42017,2,2.99974,2.95572,2.05999,7.84921e-24,1.29882e-23,2.08716e-07,4.6881,0,0,0
2.42017,3,0,0,0,0,0,0,0,0,0,0
2.42017,4,0,0,0,0,0,0,0,0,0,0
2.42017,5,0,0,0,0,0,0,0,0,0,0
2.47292,0,-0.000259725,-0.0442824,2.05999,0,0,-3.83566e-08,2.06046,0,0,0
2.47292,1,2.99974,-0.0442824,2.05999,2.44193e-17,-4.51221e-17,5.04267e-08,3.63922,0,0,0
2.47292,2,2.99974,2.95572,2.05999,3.65684e-24,1.23418e-23,1.69407e-07,4.6881,0,0,0
2.47292,3,0,0,0,0,0,0,0,0,0,0
2.47292,4,0,0,0,0,0,0,0,0,0,0
2.47292,5,0,0,0,0,0,0,0,0,0,0
2.52307,0,-0.000259725,-0.0442824,2.05999,0,0,-3.83566e-08,2.06046,0,0,0
2.52307,1,2.99974,-0.0442824,2.05999,2.59939e-17,-4.58039e-17,5.12279e-08,3.63922,0,0,0
2.52307,2,2.99974,2.95572,2.05999,-1.50948e-24,6.6735e-24,1.17774e-07,4.6881,0,0,0
2.52307,3,0,0,0,0,0,0,0,0,0,0
2.52307,4,0,0,0,0,0,0,0,0,0,0
2.52307,5,0,0,0,0,0,0,0,0,0,0
2.57326,0,-0.000259725,-0.0442824,2.05999,0,0,-4.52069e-08,2.06046,0,0,0
2.57326,1,2.99974,-0.0442824,2.05999,2.76471e-17,-4.65199e-17,5.09309e-08,3.63922,0,0,0
2.57326,2,2.99974,2.95572,2.05999,-5.20142e-24,3.38597e-24,8.54378e-08,4.6881,0,0,0
2.57326,3,0,0,0,0,0,0,0,0,0,0
2.57326,4,0,0,0,0,0,0,0,0,0,0
2.57326,5,0,0,0,0,0,0,0,0,0,0
2.62416,0,-0.000259725,-0.0442824,2.05999,0,0,-5.38847e-08,2.06046,0,0,0
2.62416,1,2.99974,-0.0442824,2.05999,2.93004e-17,-4.72358e-17,4.93713e-08,3.63922,0,0,0
2.62416,2,2.99974,2.95572,2.05999,-5.13862e-24,3.92132e-24,5.91664e-08,4.6881,0,0,0
2.62416,3,0,0,0,0,0,0,0,0,0,0
2.62416,4,0,0,0,0,0,0,0,0,0,0
2.62416,5,0,0,0,0,0,0,0,0,0,0
2.67734,0,-0.000259725,-0.0442824,2.05999,0,0,-6.05571e-08,2.06046,0,0,0
2.67734,1,2.99974,-0.0442824,2.05999,3.08749e-17,-4.79176e-17,4.99585e-08,3.63922,0,0,0
2.67734,2,2.99974,2.95572,2.05999,-3.73919e-24,1.52537e-24,4.00224e-08,4.6881,0,0,0
2.67734,3,0,0,0,0,0,0,0,0,0,0
2.67734,4,0,0,0,0,0,0,0,0,0,0
2.67734,5,0,0,0,0,0,0,0,0,0,0
2.73438,0,-0.000259725,-0.0442824,2.05999,0,0,-6.351e-08,2.06046,0,0,0
2.73438,1,2.99974,-0.0442824,2.05999,3.24495e-17,-4.85995e-17,5.34861e-08,3.63922,0,0,0
2.73438,2,2.99974,2.95572,2.05999,-3.90008e-24,-3.62985e-26,2.39157e-08,4.6881,0,0,0
2.73438,3,0,0,0,0,0,0,0,0,0,0
2.73438,4,0,0,0,0,0,0,0,0,0,0
2.73438,5,0,0,0,0,0,0,0,0,0,0
2.78455,0,-0.000259725,-0.0442824,2.05999,0,0,-6.6303e-08,2.06046,0,0,0
2.78455,1,2.99974,-0.0442824,2.05999,3.4024e-17,-4.92813e-17,5.70827e-08,3.63922,0,0,0
2.78455,2,2.99974,2.95572,2.05999,-1.03378e-24,-2.31141e-25,5.02052e-09,4.6881,0,0,0
2.78455,3,0,0,0,0,0,0,0,0,0,0
2.78455,4,0,0,0,0,0,0,0,0,0,0
2.78455,5,0,0,0,0,0,0,0,0,0,0
2.84002,0,-0.000259725,-0.0442824,2.05999,0,0,-6.8183e-08,2.06046,0,0,0
2.84002,1,2.99974,-0.0442824,2.05999,3.55986e-17,-4.99632e-17,5.99923e-08,3.63922,0,0,0
2.84002,2,2.99974,2.95572,2.05999,8.10509e-25,4.58363e-25,-5.67427e-09,4.6881,0,0,0
2.84002,3,0,0,0,0,0,0,0,0,0,0
2.84002,4,0,0,0,0,0,0,0,0,0,0
2.84002,5,0,0,0,0,0,0,0,0,0,0
2.89018,0,-0.000259725,-0.0442824,2.05999,0,0,-6.84683e-08,2.06046,0,0,0
2.89018,1,2.99974,-0.0442824,2.05999,3.72518e-17,-5.06791e-17,6.55513e-08,3.63922,0,0,0
2.89018,2,2.99974,2.95572,2.05999,1.55229e-24,1.79819e-24,-1.8227e-08,4.6881,0,0,0
2.89018,3,0,0,0,0,0,0,0,0,0,0
2.89018,4,0,0,0,0,0,0,0,0,0,0
2.89018,5,0,0,0,0,0,0,0,0,0,0
2.9405,0,-0.000259725,-0.0442824,2.05999,0,0,-7.07681e-08,2.06046,0,0,0
2.9405,1,2.99974,-0.0442824,2.05999,3.89838e-17,-5.14291e-17,6.72279e-08,3.63922,0,0,0
2.9405,2,2.99974,2.95572,2.05999,-3.46414e-25,2.48885e-24,-3.16023e-08,4.6881,0,0,0
2.9405,3,0,0,0,0,0,0,0,0,0,0
2.9405,4,0,0,0,0,0,0,0,0,0,0
2.9405,5,0,0,0,0,0,0,0,0,0,0
2.99317,0,-0.000259725,-0.0442824,2.05999,0,0,-6.91069e-08,2.06046,0,0,0
2.99317,1,2.99974,-0.0442824,2.05999,4.05584e-17,-5.2111e-17,6.96669e-08,3.63922,0,0,0
2.99317,2,2.99974,2.95572,2.05999,-4.52502e-24,4.45319e-25,-4.25908e-08,4.6881,0,0,0
2.99317,3,0,0,0,0,0,0,0,0,0,0
2.99317,4,0,0,0,0,0,0,0,0,0,0
2.99317,5,0,0,0,0,0,0,0,0,0,0
3.0459,0,-0.000259725,-0.0442824,2.05999,0,0,-6.58851e-08,2.06046,0,0,0
3.0459,1,2.99974,-0.0442824,2.05999,4.21329e-17,-5.27928e-17,7.26017e-08,3.63922,0,0,0
3.0459,2,2.99974,2.95572,2.05999,-7.71934e-24,-2.10984e-24,-4.96461e-08,4.6881,0,0,0
3.0459,3,0,0,0,0,0,0,0,0,0,0
3.0459,4,0,0,0,0,0,0,0,0,0,0
3.0459,5,0,0,0,0,0,0,0,0,0,0
3.09763,0,-0.000259725,-0.0442824,2.05999,0,0,-6.72412e-08,2.06046,0,0,0
3.09763,1,2.99974,-0.0442824,2.05999,4.37075e-17,-5.34747e-17,7.53122e-08,3.63922,0,0,0
3.09763,2,2.99974,2.95572,2.05999,-9.16252e-24,-4.27826e-24,-5.36341e-08,4.6881,0,0,0
3.09763,3,0,0,0,0,0,0,0,0,0,0
3.09763,4,0,0,0,0,0,0,0,0,0,0
3.09763,5,0,0,0,0,0,0,0,0,0,0
3.15375,0,-0.000259725,-0.0442824,2.05999,0,0,-6.37442e-08,2.06046,0,0,0
3.15375,1,2.99974,-0.0442824,2.05999,3.60643e-17,-3.6494e-17,8.07779e-08,3.63922,0,0,0
3.15375,2,2.99974,2.95572,2.05999,-8.93752e-24,-5.37377e-24,-5.56109e-08,4.6881,0,0,0
3.15375,3,0,0,0,0,0,0,0,0,0,0
3.15375,4,0,0,0,0,0,0,0,0,0,0
3.15375,5,0,0,0,0,0,0,0,0,0,0
3.20743,0,-0.000259725,-0.0442824,2.05999,0,0,-3.06016e-08,2.06046,0,0,0
3.20743,1,2.99974,-0.0442824,2.05999,3.72961e-17,-3.6527e-17,8.68602e-08,3.63922,0,0,0
3.20743,2,2.99974,2.95572,2.05999,-6.09722e-24,-3.99143e-24,-5.67581e-08,4.6881,0,0,0
3.20743,3,0,0,0,0,0,0,0,0,0,0
3.20743,4,0,0,0,0,0,0,0,0,0,0
3.20743,5,0,0,0,0,0,0,0,0,0,0
3.26354,0,-0.000259725,-0.0442824,2.05999,0,0,9.11496e-08,2.06046,0,0,0
3.26354,1,2.99974,-0.0442824,2.05999,3.8528e-17,-3.65599e-17,9.24988e-08,3.63922,0,0,0
3.26354,2,2.99974,2.95572,2.05999,-3.71088e-24,-2.81949e-24,-5.74531e-08,4.6881,0,0,0
3.26354,3,0,0,0,0,0,0,0,0,0,0
3.26354,4,0,0,0,0,0,0,0,0,0,0
3.26354,5,0,0,0,0,0,0,0,0,0,0
3.31642,0,-0.000259725,-0.0442824,2.05999,0,0,1.28079e-07,2.06046,0,0,0
3.31642,1,2.99974,-0.0442824,2.05999,3.97598e-17,-3.65929e-17,9.64842e-08,3.63922,0,0,0
3.31642,2,2.99974,2.95572,2.05999,-3.04818e-24,-3.97369e-24,-5.96531e-08,4.6881,0,0,0
3.31642,3,0,0,0,0,0,0,0,0,0,0
3.31642,4,0,0,0,0,0,0,0,0,0,0
3.31642,5,0,0,0,0,0,0,0,0,0,0
3.36664,0,-0.000259725,-0.0442824,2.05999,0,0,1.42547e-07,2.06046,0,0,0
3.36664,1,2.99974,-0.0442824,2.05999,3.86406e-17,-1.31121e-17,1.01283e-07,3.63922,0,0,0
3.36664,2,2.99974,2.95572,2.05999,-2.05625e-24,-2.98621e-24,-6.12714e-08,4.6881,0,0,0
3.36664,3,0,0,0,0,0,0,0,0,0,0
3.36664,4,0,0,0,0,0,0,0,0,0,0
3.36664,5,0,0,0,0,0,0,0,0,0,0
3.42222,0,-0.000259725,-0.0442824,2.05999,0,0,9.89985e-08,2.06046,0,0,0
3.42222,1,2.99974,-0.0442824,2.05999,3.97657e-17,-1.22599e-17,1.05869e-07,3.63922,0,0,0
3.42222,2,2.99974,2.95572,2.05999,-1.61812e-24,-4.41305e-25,-6.23053e-08,4.6881,0,0,0
3.42222,3,0,0,0,0,0,0,0,0,0,0
3.42222,4,0,0,0,0,0,0,0,0,0,0
3.42222,5,0,0,0,0,0,0,0,0,0,0
3.47266,0,-0.000259725,-0.0442824,2.05999,0,0,7.33699e-08,2.06046,0,0,0
3.47266,1,2.99974,-0.0442824,2.05999,4.08907e-17,-1.14078e-17,1.10743e-07,3.63922,0,0,0
3.47266,2,2.99974,2.95572,2.05999,-1.97412e-25,5.12231e-24,-6.16105e-08,4.6881,0,0,0
3.47266,3,0,0,0,0,0,0,0,0,0,0
3.47266,4,0,0,0,0,0,0,0,0,0,0
3.47266,5,0,0,0,0,0,0,0,0,0,0
3.52315,0,-0.000259725,-0.0442824,2.05999,0,0,5.2495e-08,2.06046,0,0,0
3.52315,1,2.99974,-0.0442824,2.05999,3.4626e-17,7.91689e-18,1.18197e-07,3.63922,0,0,0
3.52315,2,2.99974,2.95572,2.05999,1.35969e-24,7.94018e-24,-6.15466e-08,4.6881,0,0,0
3.52315,3,0,0,0,0,0,0,0,0,0,0
3.52315,4,0,0,0,0,0,0,0,0,0,0
3.52315,5,0,0,0,0,0,0,0,0,0,0
3.57631,0,-0.000259725,-0.0442824,2.05999,0,0,4.7751e-08,2.06046,0,0,0
3.57631,1,2.99974,-0.0442824,2.05999,3.54617e-17,9.47173e-18,1.22194e-07,3.63922,0,0,0
3.57631,2,2.99974,2.95572,2.05999,4.50218e-24,6.38153e-24,-6.12311e-08,4.6881,0,0,0
3.57631,3,0,0,0,0,0,0,0,0,0,0
3.57631,4,0,0,0,0,0,0,0,0,0,0
3.57631,5,0,0,0,0,0,0,0,0,0,0
3.62728,0,-0.000259725,-0.0442824,2.05999,0,0,4.5563e-08,2.06046,0,0,0
3.62728,1,2.99974,-0.0442824,2.05999,3.62974e-17,1.10266e-17,1.25013e-07,3.63922,0,0,0
3.62728,2,2.99974,2.95572,2.05999,6.17081e-24,5.7314e-25,-5.66429e-08,4.6881,0,0,0
3.62728,3,0,0,0,0,0,0,0,0,0,0
3.62728,4,0,0,0,0,0,0,0,0,0,0
3.62728,5,0,0,0,0,0,0,0,0,0,0
3.6778,0,-0.000259725,-0.0442824,2.05999,0,0,4.42622e-08,2.06046,0,0,0
3.6778,1,2.99974,-0.0442824,2.05999,3.71332e-17,1.25814e-17,1.33511e-07,3.63922,0,0,0
3.6778,2,2.99974,2.95572,2.05999,4.63198e-24,-1.48915e-24,-4.87859e-08,4.6881,0,0,0
3.6778,3,0,0,0,0,0,0,0,0,0,0
3.6778,4,0,0,0,0,0,0,0,0,0,0
3.6778,5,0,0,0,0,0,0,0,0,0,0
3.72836,0,-0.000259725,-0.0442824,2.05999,0,0,4.27518e-08,2.06046,0,0,0
3.72836,1,2.99974,-0.0442824,2.05999,4.04146e-17,-9.28027e-18,1.40023e-07,3.63922,0,0,0
3.72836,2,2.99974,2.95572,2.05999,-3.30509e-24,9.96056e-25,4.47451e-08,4.6881,0,0,0
3.72836,3,0,0,0,0,0,0,0,0,0,0
3.72836,4,0,0,0,0,0,0,0,0,0,0
3.72836,5,0,0,0,0,0,0,0,0,0,0
3.7786,0,-0.000259725,-0.0442824,2.05999,0,0,4.20362e-08,2.06046,0,0,0
3.7786,1,2.99974,-0.0442824,2.05999,4.15018e-17,-8.50707e-18,1.47591e-07,3.63922,0,0,0
3.7786,2,2.99974,2.95572,2.05999,-5.40443e-24,1.24958e-24,9.2621e-08,4.6881,0,0,0
3.7786,3,0,0,0,0,0,0,0,0,0,0
3.7786,4,0,0,0,0,0,0,0,0,0,0
3.7786,5,0,0,0,0,0,0,0,0,0,0
3.83458,0,-0.000259725,-0.0442824,2.05999,0,0,4.32234e-08,2.06046,0,0,0
3.83458,1,2.99974,-0.0442824,2.05999,5.13356e-17,-2.48824e-17,1.53278e-07,3.63922,0,0,0
3.83458,2,2.99974,2.95572,2.05999,-4.34312e-24,1.40858e-24,1.16007e-07,4.6881,0,0,0
3.83458,3,0,0,0,0,0,0,0,0,0,0
3.83458,4,0,0,0,0,0,0,0,0,0,0
3.83458,5,0,0,0,0,0,0,0,0,0,0
3.89242,0,-0.000259725,-0.0442824,2.05999,0,0,4.68966e-08,2.06046,0,0,0
3.89242,1,2.99974,-0.0442824,2.05999,5.39762e-17,-2.48366e-17,1.63621e-07,3.63922,0,0,0
3.89242,2,2.99974,2.95572,2.05999,-2.17929e-24,2.63331e-24,8.97406e-08,4.6881,0,0,0
3.89242,3,0,0,0,0,0,0,0,0,0,0
3.89242,4,0,0,0,0,0,0,0,0,0,0
3.89242,5,0,0,0,0,0,0,0,0,0,0
3.94448,0,-0.000259725,-0.0442824,2.05999,0,0,4.74917e-08,2.06046,0,0,0
3.94448,1,2.99974,-0.0442824,2.05999,5.39762e-17,-2.48366e-17,1.63621e-07,3.63922,0,0,0
3.94448,2,2.99974,2.95572,2.05999,4.32597e-25,4.28044e-24,6.7505e-08,4.6881,0,0,0
3.94448,3,0,0,0,0,0,0,0,0,0,0
3.94448,4,0,0,0,0,0,0,0,0,0,0
3.94448,5,0,0,0,0,0,0,0,0,0,0
3.99721,0,-0.000259725,-0.0442824,2.05999,0,0,4.77765e-08,2.06046,0,0,0
3.99721,1,2.99974,-0.0442824,2.05999,5.91139e-17,-4.91207e-17,1.76415e-07,3.63922,0,0,0
3.99721,2,2.99974,2.95572,2.05999,4.01687e-25,3.73275e-24,5.8095e-08,4.6881,0,0,0
3.99721,3,0,0,0,0,0,0,0,0,0,0
3.99721,4,0,0,0,0,0,0,0,0,0,0
3.99721,5,0,0,0,0,0,0,0,0,0,0
4.0474,0,-0.000259725,-0.0442824,2.05999,0,0,4.76392e-08,2.06046,0,0,0
4.0474,1,2.99974,-0.0442824,2.05999,6.05116e-17,-4.99803e-17,1.80155e-07,3.63922,0,0,0
4.0474,2,2.99974,2.95572,2.05999,8.07836e-25,3.47103e-24,5.26402e-08,4.6881,0,0,0
4.0474,3,0,0,0,0,0,0,0,0,0,0
4.0474,4,0,0,0,0,0,0,0,0,0,0
4.0474,5,0,0,0,0,0,0,0,0,0,0
4.10264,0,-0.000259725,-0.0442824,2.05999,0,0,4.78369e-08,2.06046,0,0,0
4.10264,1,2.99974,-0.0442824,2.05999,6.19792e-17,-5.08829e-17,1.85627e-07,3.63922,0,0,0
4.10264,2,2.99974,2.95572,2.05999,1.90839e-24,3.43511e-24,4.81543e-08,4.6881,0,0,0
4.10264,3,0,0,0,0,0,0,0,0,0,0
4.10264,4,0,0,0,0,0,0,0,0,0,0
4.10264,5,0,0,0,0,0,0,0,0,0,0
4.15793,0,-0.000259725,-0.0442824,2.05999,0,0,4.88585e-08,2.06046,0,0,0
4.15793,1,2.99974,-0.0442824,2.05999,6.34468e-17,-5.17856e-17,1.927e-07,3.63922,0,0,0
4.15793,2,2.99974,2.95572,2.05999,2.98261e-24,4.563e-24,4.59379e-08,4.6881,0,0,0
4.15793,3,0,0,0,0,0,0,0,0,0,0
4.15793,4,0,0,0,0,0,0,0,0,0,0
4.15793,5,0,0,0,0,0,0,0,0,0,0
4.21071,0,-0.000259725,-0.0442824,2.05999,0,0,5.02176e-08,2.06046,0,0,0
4.21071,1,2.99974,-0.0442824,2.05999,6.49843e-17,-5.27312e-17,1.98708e-07,3.63922,0,0,0
4.21071,2,2.99974,2.95572,2.05999,3.66135e-24,2.05129e-24,4.59004e-08,4.6881,0,0,0
4.21071,3,0,0,0,0,0,0,0,0,0,0
4.21071,4,0,0,0,0,0,0,0,0,0,0
4.21071,5,0,0,0,0,0,0,0,0,0,0
4.26086,0,-0.000259725,-0.0442824,2.05999,0,0,5.53664e-08,2.06046,0,0,0
4.26086,1,2.99974,-0.0442824,2.05999,7.10733e-17,-4.88994e-17,2.02773e-07,3.63922,0,0,0
4.26086,2,2.99974,2.95572,2.05999,2.74854e-24,4.15021e-25,4.64333e-08,4.6881,0,0,0
4.26086,3,0,0,0,0,0,0,0,0,0,0
4.26086,4,0,0,0,0,0,0,0,0,0,0
4.26086,5,0,0,0,0,0,0,0,0,0,0
4.31687,0,-0.000259725,-0.0442824,2.05999,0,0,6.00241e-08,2.06046,0,0,0
4.31687,1,2.99974,-0.0442824,2.05999,6.2331e-17,-3.17063e-17,2.04256e-07,3.63922,0,0,0
4.31687,2,2.99974,2.95572,2.05999,3.1815e-24,8.55937e-25,4.78819e-08,4.6881,0,0,0
4.31687,3,0,0,0,0,0,0,0,0,0,0
4.31687,4,0,0,0,0,0,0,0,0,0,0
4.31687,5,0,0,0,0,0,0,0,0,0,0
4.3725,0,-0.000259725,-0.0442824,2.05999,0,0,6.38321e-08,2.06046,0,0,0
4.3725,1,2.99974,-0.0442824,2.05999,6.69951e-17,-2.86022e-17,2.11945e-07,3.63922,0,0,0
4.3725,2,2.99974,2.95572,2.05999,2.72468e-24,-9.47716e-25,5.0176e-08,4.6881,0,0,0
4.3725,3,0,0,0,0,0,0,0,0,0,0
4.3725,4,0,0,0,0,0,0,0,0,0,0
4.3725,5,0,0,0,0,0,0,0,0,0,0
4.4245,0,-0.000259725,-0.0442824,2.05999,0,0,6.91217e-08,2.06046,0,0,0
4.4245,1,2.99974,-0.0442824,2.05999,5.98875e-17,-1.16037e-17,2.18122e-07,3.63922,0,0,0
4.4245,2,2.99974,2.95572,2.05999,-1.25712e-24,-2.93329e-24,5.28682e-08,4.6881,0,0,0
4.4245,3,0,0,0,0,0,0,0,0,0,0
4.4245,4,0,0,0,0,0,0,0,0,0,0
4.4245,5,0,0,0,0,0,0,0,0,0,0
4.47465,0,-0.000259725,-0.0442824,2.05999,0,0,7.43121e-08,2.06046,0,0,0
4.47465,1,2.99974,-0.0442824,2.05999,5.96151e-17,1.34421e-17,1.91403e-07,3.63922,0,0,0
4.47465,2,2.99974,2.95572,2.05999,-2.99901e-24,-3.18022e-24,5.37261e-08,4.6881,0,0,0
4.47465,3,0,0,0,0,0,0,0,0,0,0
4.47465,4,0,0,0,0,0,0,0,0,0,0
4.47465,5,0,0,0,0,0,0,0,0,0,0
4.52489,0,-0.000259725,-0.0442824,2.05999,0,0,7.88983e-08,2.06046,0,0,0
4.52489,1,2.99974,-0.0442824,2.05999,5.34428e-17,3.38911e-17,1.31708e-07,3.63922,0,0,0
4.52489,2,2.99974,2.95572,2.05999,-2.29896e-24,-1.21047e-24,5.56418e-08,4.6881,0,0,0
4.52489,3,0,0,0,0,0,0,0,0,0,0
4.52489,4,0,0,0,0,0,0,0,0,0,0
4.52489,5,0,0,0,0,0,0,0,0,0,0
4.57793,0,-0.000259725,-0.0442824,2.05999,0,0,8.43359e-08,2.06046,0,0,0
4.57793,1,2.99974,-0.0442824,2.05999,5.41079e-17,3.63379e-17,9.00867e-08,3.63922,0,0,0
4.57793,2,2.99974,2.95572,2.05999,-4.44828e-24,6.55536e-26,5.55309e-08,4.6881,0,0,0
4.57793,3,0,0,0,0,0,0,0,0,0,0
4.57793,4,0,0,0,0,0,0,0,0,0,0
4.57793,5,0,0,0,0,0,0,0,0,0,0
4.62998,0,-0.000259725,-0.0442824,2.05999,0,0,8.85538e-08,2.06046,0,0,0
4.62998,1,2.99974,-0.0442824,2.05999,6.28258e-17,4.68461e-17,6.14656e-08,3.63922,0,0,0
4.62998,2,2.99974,2.95572,2.05999,-7.18592e-24,-3.10688e-25,5.9429e-08,4.6881,0,0,0
4.62998,3,0,0,0,0,0,0,0,0,0,0
4.62998,4,0,0,0,0,0,0,0,0,0,0
4.62998,5,0,0,0,0,0,0,0,0,0,0
4.68314,0,-0.000259725,-0.0442824,2.05999,0,0,9.36862e-08,2.06046,0,0,0
4.68314,1,2.99974,-0.0442824,2.05999,5.38347e-17,6.37727e-17,4.34023e-08,3.63922,0,0,0
4.68314,2,2.99974,2.95572,2.05999,-9.81424e-24,-1.27648e-24,6.20425e-08,4.6881,0,0,0
4.68314,3,0,0,0,0,0,0,0,0,0,0
4.68314,4,0,0,0,0,0,0,0,0,0,0
4.68314,5,0,0,0,0,0,0,0,0,0,0
4.73894,0,-0.000259725,-0.0442824,2.05999,0,0,1.00762e-07,2.06046,0,0,0
4.73894,1,2.99974,-0.0442824,2.05999,5.62664e-17,6.91648e-17,2.62793e-08,3.63922,0,0,0
4.73894,2,2.99974,2.95572,2.05999,-9.29925e-24,-2.72173e-24,6.72465e-08,4.6881,0,0,0
4.73894,3,0,0,0,0,0,0,0,0,0,0
4.73894,4,0,0,0,0,0,0,0,0,0,0
4.73894,5,0,0,0,0,0,0,0,0,0,0
4.79167,0,-0.000259725,-0.0442824,2.05999,0,0,1.0798e-07,2.06046,0,0,0
4.79167,1,2.99974,-0.0442824,2.05999,6.15076e-17,7.97799e-17,1.22e-08,3.63922,0,0,0
4.79167,2,2.99974,2.95572,2.05999,-6.57432e-24,-5.05717e-25,6.97388e-08,4.6881,0,0,0
4.79167,3,0,0,0,0,0,0,0,0,0,0
4.79167,4,0,0,0,0,0,0,0,0,0,0
4.79167,5,0,0,0,0,0,0,0,0,0,0
4.84192,0,-0.000259725,-0.0442824,2.05999,0,0,1.13542e-07,2.06046,0,0,0
4.84192,1,2.99974,-0.0442824,2.05999,6.2296e-17,8.32548e-17,-2.04421e-09,3.63922,0,0,0
4.84192,2,2.99974,2.95572,2.05999,-3.82748e-24,4.04955e-25,7.74605e-08,4.6881,0,0,0
4.84192,3,0,0,0,0,0,0,0,0,0,0
4.84192,4,0,0,0,0,0,0,0,0,0,0
4.84192,5,0,0,0,0,0,0,0,0,0,0
4.89475,0,-0.000259725,-0.0442824,2.05999,0,0,1.19278e-07,2.06046,0,0,0
4.89475,1,2.99974,-0.0442824,2.05999,7.62077e-17,7.29735e-17,-2.02324e-08,3.63922,0,0,0
4.89475,2,2.99974,2.95572,2.05999,4.09821e-25,1.55732e-24,8.10045e-08,4.6881,0,0,0
4.89475,3,0,0,0,0,0,0,0,0,0,0
4.89475,4,0,0,0,0,0,0,0,0,0,0
4.89475,5,0,0,0,0,0,0,0,0,0,0
4.95001,0,-0.000259725,-0.0442824,2.05999,0,0,1.2448e-07,2.06046,0,0,0
4.95001,1,2.99974,-0.0442824,2.05999,7.62077e-17,7.29735e-17,-2.3167e-08,3.63922,0,0,0
4.95001,2,2.99974,2.95572,2.05999,1.76854e-24,-1.29405e-25,8.52598e-08,4.6881,0,0,0
4.95001,3,0,0,0,0,0,0,0,0,0,0
4.95001,4,0,0,0,0,0,0,0,0,0,0
4.95001,5,0,0,0,0,0,0,0,0,0,0
5.00024,0,-0.000259725,-0.0442824,2.05999,0,0,1.3018e-07,2.06046,0,0,0
5.00024,1,2.99974,-0.0442824,2.05999,8.63518e-17,5.89412e-17,-3.72448e-08,3.63922,0,0,0
5.00024,2,2.99974,2.95572,2.05999,1.42302e-24,-2.56143e-24,9.37568e-08,4.6881,0,0,0
5.00024,3,0,0,0,0,0,0,0,0,0,0
5.00024,4,0,0,0,0,0,0,0,0,0,0
5.00024,5,0,0,0,0,0,0,0,0,0,0
5.05927,0,-0.000259725,-0.0442824,2.05999,0,0,1.40353e-07,2.06046,0,0,0
5.05927,1,2.99974,-0.0442824,2.05999,8.81285e-17,6.14922e-17,-4.38688e-08,3.63922,0,0,0
5.05927,2,2.99974,2.95572,2.05999,3.79624e-24,-6.52428e-24,9.7449e-08,4.6881,0,0,0
5.05927,3,0,0,0,0,0,0,0,0,0,0
5.05927,4,0,0,0,0,0,0,0,0,0,0
5.05927,5,0,0,0,0,0,0,0,0,0,0
5.11476,0,-0.000259725,-0.0442824,2.05999,0,0,1.45967e-07,2.06046,0,0,0
5.11476,1,2.99974,-0.0442824,2.05999,9.15203e-17,6.63624e-17,-4.24448e-08,3.63922,0,0,0
5.11476,2,2.99974,2.95572,2.05999,6.34036e-24,-9.47608e-24,1.02165e-07,4.6881,0,0,0
5.11476,3,0,0,0,0,0,0,0,0,0,0
5.11476,4,0,0,0,0,0,0,0,0,0,0
5.11476,5,0,0,0,0,0,0,0,0,0,0
5.16495,0,-0.000259725,-0.0442824,2.05999,0,0,1.5095e-07,2.06046,0,0,0
5.16495,1,2.99974,-0.0442824,2.05999,9.31355e-17,6.86816e-17,-4.85998e-08,3.63922,0,0,0
5.16495,2,2.99974,2.95572,2.05999,2.78832e-24,-1.14035e-23,1.05987e-07,4.6881,0,0,0
5.16495,3,0,0,0,0,0,0,0,0,0,0
5.16495,4,0,0,0,0,0,0,0,0,0,0
5.16495,5,0,0,0,0,0,0,0,0,0,0
5.2151,0,-0.000259725,-0.0442824,2.05999,0,0,1.57441e-07,2.06046,0,0,0
5.2151,1,2.99974,-0.0442824,2.05999,9.31355e-17,6.86816e-17,-4.85998e-08,3.63922,0,0,0
5.2151,2,2.99974,2.95572,2.05999,4.61262e-24,-1.04865e-23,1.06842e-07,4.6881,0,0,0
5.2151,3,0,0,0,0,0,0,0,0,0,0
5.2151,4,0,0,0,0,0,0,0,0,0,0
5.2151,5,0,0,0,0,0,0,0,0,0,0
5.26889,0,-0.000259725,-0.0442824,2.05999,0,0,1.59332e-07,2.06046,0,0,0
5.26889,1,2.99974,-0.0442824,2.05999,9.63658e-17,7.33198e-17,-5.62407e-08,3.63922,0,0,0
5.26889,2,2.99974,2.95572,2.05999,5.96621e-24,-4.16509e-24,1.11252e-07,4.6881,0,0,0
5.26889,3,0,0,0,0,0,0,0,0,0,0
5.26889,4,0,0,0,0,0,0,0,0,0,0
5.26889,5,0,0,0,0,0,0,0,0,0,0
5.3241,0,-0.000259725,-0.0442824,2.05999,0,0,1.65581e-07,2.06046,0,0,0
5.3241,1,2.99974,-0.0442824,2.05999,1.07059e-16,5.78294e-17,-5.67916e-08,3.63922,0,0,0
5.3241,2,2.99974,2.95572,2.05999,5.43255e-24,4.27838e-24,1.17998e-07,4.6881,0,0,0
5.3241,3,0,0,0,0,0,0,0,0,0,0
5.3241,4,0,0,0,0,0,0,0,0,0,0
5.3241,5,0,0,0,0,0,0,0,0,0,0
5.3743,0,-0.000259725,-0.0442824,2.05999,0,0,1.72556e-07,2.06046,0,0,0
5.3743,1,2.99974,-0.0442824,2.05999,1.07059e-16,5.78294e-17,-5.67916e-08,3.63922,0,0,0
5.3743,2,2.99974,2.95572,2.05999,4.37353e-25,8.55962e-24,1.23495e-07,4.6881,0,0,0
5.3743,3,0,0,0,0,0,0,0,0,0,0
5.3743,4,0,0,0,0,0,0,0,0,0,0
5.3743,5,0,0,0,0,0,0,0,0,0,0
5.43292,0,-0.000259725,-0.0442824,2.05999,0,0,1.84544e-07,2.06046,0,0,0
5.43292,1,2.99974,-0.0442824,2.05999,1.20641e-16,4.29739e-17,-6.36088e-08,3.63922,0,0,0
5.43292,2,2.99974,2.95572,2.05999,-8.99827e-24,1.09881e-23,1.31099e-07,4.6881,0,0,0
5.43292,3,0,0,0,0,0,0,0,0,0,0
5.43292,4,0,0,0,0,0,0,0,0,0,0
5.43292,5,0,0,0,0,0,0,0,0,0,0
5.48306,0,-0.000259725,-0.0442824,2.05999,0,0,1.90763e-07,2.06046,0,0,0
5.48306,1,2.99974,-0.0442824,2.05999,1.20641e-16,4.29739e-17,-6.36088e-08,3.63922,0,0,0
5.48306,2,2.99974,2.95572,2.05999,-1.33213e-23,1.1936e-23,1.36901e-07,4.6881,0,0,0
5.48306,3,0,0,0,0,0,0,0,0,0,0
5.48306,4,0,0,0,0,0,0,0,0,0,0
5.48306,5,0,0,0,0,0,0,0,0,0,0
5.53601,0,-0.000259725,-0.0442824,2.05999,0,0,1.95295e-07,2.06046,0,0,0
5.53601,1,2.99974,-0.0442824,2.05999,1.22941e-16,4.39943e-17,-5.81511e-08,3.63922,0,0,0
5.53601,2,2.99974,2.95572,2.05999,-5.7066e-24,1.30189e-23,1.46488e-07,4.6881,0,0,0
5.53601,3,0,0,0,0,0,0,0,0,0,0
5.53601,4,0,0,0,0,0,0,0,0,0,0
5.53601,5,0,0,0,0,0,0,0,0,0,0
5.58751,0,-0.000259725,-0.0442824,2.05999,0,0,1.96818e-07,2.06046,0,0,0
5.58751,1,2.99974,-0.0442824,2.05999,1.25471e-16,4.51167e-17,-5.69372e-08,3.63922,0,0,0
5.58751,2,2.99974,2.95572,2.05999,1.40211e-23,1.08709e-23,1.53115e-07,4.6881,0,0,0
5.58751,3,0,0,0,0,0,0,0,0,0,0
5.58751,4,0,0,0,0,0,0,0,0,0,0
5.58751,5,0,0,0,0,0,0,0,0,0,0
5.64047,0,-0.000259725,-0.0442824,2.05999,0,0,2.02474e-07,2.06046,0,0,0
5.64047,1,2.99974,-0.0442824,2.05999,1.27771e-16,4.61371e-17,-5.60791e-08,3.63922,0,0,0
5.64047,2,2.99974,2.95572,2.05999,2.23478e-23,3.26783e-24,1.56269e-07,4.6881,0,0,0
5.64047,3,0,0,0,0,0,0,0,0,0,0
5.64047,4,0,0,0,0,0,0,0,0,0,0
5.64047,5,0,0,0,0,0,0,0,0,0,0
5.69063,0,-0.000259725,-0.0442824,2.05999,0,0,2.11584e-07,2.06046,0,0,0
5.69063,1,2.99974,-0.0442824,2.05999,1.30185e-16,4.72085e-17,-5.63685e-08,3.63922,0,0,0
5.69063,2,2.99974,2.95572,2.05999,2.03488e-23,-1.14967e-23,1.65066e-07,4.6881,0,0,0
5.69063,3,0,0,0,0,0,0,0,0,0,0
5.69063,4,0,0,0,0,0,0,0,0,0,0
5.69063,5,0,0,0,0,0,0,0,0,0,0
5.74105,0,-0.000259725,-0.0442824,2.05999,0,0,2.08868e-07,2.06046,0,0,0
5.74105,1,2.99974,-0.0442824,2.05999,1.32485e-16,4.82289e-17,-5.32052e-08,3.63922,0,0,0
5.74105,2,2.99974,2.95572,2.05999,1.37684e-23,-1.91723e-23,1.70444e-07,4.6881,0,0,0
5.74105,3,0,0,0,0,0,0,0,0,0,0
5.74105,4,0,0,0,0,0,0,0,0,0,0
5.74105,5,0,0,0,0,0,0,0,0,0,0
5.7945,0,-0.000259725,-0.0442824,2.05999,0,0,1.98819e-07,2.06046,0,0,0
5.7945,1,2.99974,-0.0442824,2.05999,1.34072e-16,2.26452e-17,-4.47595e-08,3.63922,0,0,0
5.7945,2,2.99974,2.95572,2.05999,1.0967e-23,-1.85963e-23,1.76716e-07,4.6881,0,0,0
5.7945,3,0,0,0,0,0,0,0,0,0,0
5.7945,4,0,0,0,0,0,0,0,0,0,0
5.7945,5,0,0,0,0,0,0,0,0,0,0
5.84721,0,-0.000259725,-0.0442824,2.05999,0,0,1.37266e-07,2.06046,0,0,0
5.84721,1,2.99974,-0.0442824,2.05999,1.36481e-16,2.26697e-17,-4.68139e-08,3.63922,0,0,0
5.84721,2,2.99974,2.95572,2.05999,1.08239e-23,-1.5054e-23,1.84434e-07,4.6881,0,0,0
5.84721,3,0,0,0,0,0,0,0,0,0,0
5.84721,4,0,0,0,0,0,0,0,0,0,0
5.84721,5,0,0,0,0,0,0,0,0,0,0
5.89852,0,-0.000259725,-0.0442824,2.05999,0,0,9.29129e-08,2.06046,0,0,0
5.89852,1,2.99974,-0.0442824,2.05999,1.38776e-16,2.2693e-17,-4.32225e-08,3.63922,0,0,0
5.89852,2,2.99974,2.95572,2.05999,1.77823e-23,-3.74869e-24,1.8999e-07,4.6881,0,0,0
5.89852,3,0,0,0,0,0,0,0,0,0,0
5.89852,4,0,0,0,0,0,0,0,0,0,0
5.89852,5,0,0,0,0,0,0,0,0,0,0
5.94912,0,-0.000259725,-0.0442824,2.05999,0,0,5.71883e-08,2.06046,0,0,0
5.94912,1,2.99974,-0.0442824,2.05999,1.4107e-16,2.27163e-17,-2.47602e-08,3.63922,0,0,0
5.94912,2,2.99974,2.95572,2.05999,1.76623e-23,2.43845e-24,1.95397e-07,4.6881,0,0,0
5.94912,3,0,0,0,0,0,0,0,0,0,0
5.94912,4,0,0,0,0,0,0,0,0,0,0
5.94912,5,0,0,0,0,0,0,0,0,0,0
5.99969,0,-0.000259725,-0.0442824,2.05999,0,0,5.71883e-08,2.06046,0,0,0
5.99969,1,2.99974,-0.0442824,2.05999,1.43365e-16,2.27397e-17,3.76655e-08,3.63922,0,0,0
5.99969,2,2.99974,2.95572,2.05999,8.14385e-24,1.00362e-23,2.00377e-07,4.6881,0,0,0
5.99969,3,0,0,0,0,0,0,0,0,0,0
5.99969,4,0,0,0,0,0,0,0,0,0,0
5.99969,5,0,0,0,0,0,0,0,0,0,0
6.04987,0,-0.000259725,-0.0442824,2.05999,0,0,3.63271e-08,2.06046,0,0,0
6.04987,1,2.99974,-0.0442824,2.05999,1.52714e-16,3.9455e-18,1.04127e-07,3.63922,0,0,0
6.04987,2,2.99974,2.95572,2.05999,-9.60608e-24,5.69379e-24,2.07133e-07,4.6881,0,0,0
6.04987,3,0,0,0,0,0,0,0,0,0,0
6.04987,4,0,0,0,0,0,0,0,0,0,0
6.04987,5,0,0,0,0,0,0,0,0,0,0
6.10142,0,-0.000259725,-0.0442824,2.05999,0,0,1.42983e-08,2.06046,0,0,0
6.10142,1,2.99974,-0.0442824,2.05999,1.55286e-16,3.25428e-18,1.44413e-07,3.63922,0,0,0
6.10142,2,2.99974,2.95572,2.05999,-2.20359e-23,4.7507e-25,2.16695e-07,4.6881,0,0,0
6.10142,3,0,0,0,0,0,0,0,0,0,0
6.10142,4,0,0,0,0,0,0,0,0,0,0
6.10142,5,0,0,0,0,0,0,0,0,0,0
6.15158,0,-0.000259725,-0.0442824,2.05999,0,0,-3.51207e-09,2.06046,0,0,0
6.15158,1,2.99974,-0.0442824,2.05999,1.57986e-16,2.5285e-18,1.0957e-07,3.63922,0,0,0
6.15158,2,2.99974,2.95572,2.05999,-2.56839e-23,4.50595e-25,2.22659e-07,4.6881,0,0,0
6.15158,3,0,0,0,0,0,0,0,0,0,0
6.15158,4,0,0,0,0,0,0,0,0,0,0
6.15158,5,0,0,0,0,0,0,0,0,0,0
6.20226,0,-0.000259725,-0.0442824,2.05999,0,0,-1.81812e-08,2.06046,0,0,0
6.20226,1,2.99974,-0.0442824,2.05999,1.60687e-16,1.80271e-18,7.14623e-08,3.63922,0,0,0
6.20226,2,2.99974,2.95572,2.05999,-1.66673e-23,5.23055e-24,1.60704e-07,4.6881,0,0,0
6.20226,3,0,0,0,0,0,0,0,0,0,0
6.20226,4,0,0,0,0,0,0,0,0,0,0
6.20226,5,0,0,0,0,0,0,0,0,0,0
6.25792,0,-0.000259725,-0.0442824,2.05999,0,0,-3.03749e-08,2.06046,0,0,0
6.25792,1,2.99974,-0.0442824,2.05999,1.66088e-16,3.51149e-19,5.88864e-08,3.63922,0,0,0
6.25792,2,2.99974,2.95572,2.05999,-8.36949e-24,7.78033e-24,1.02751e-07,4.6881,0,0,0
6.25792,3,0,0,0,0,0,0,0,0,0,0
6.25792,4,0,0,0,0,0,0,0,0,0,0
6.25792,5,0,0,0,0,0,0,0,0,0,0
6.31097,0,-0.000259725,-0.0442824,2.05999,0,0,-4.05189e-08,2.06046,0,0,0
6.31097,1,2.99974,-0.0442824,2.05999,1.6866e-16,-3.40072e-19,5.92653e-08,3.63922,0,0,0
6.31097,2,2.99974,2.95572,2.05999,-4.37703e-24,5.35249e-24,7.41562e-08,4.6881,0,0,0
6.31097,3,0,0,0,0,0,0,0,0,0,0
6.31097,4,0,0,0,0,0,0,0,0,0,0
6.31097,5,0,0,0,0,0,0,0,0,0,0
6.36131,0,-0.000259725,-0.0442824,2.05999,0,0,-4.86498e-08,2.06046,0,0,0
6.36131,1,2.99974,-0.0442824,2.05999,1.6866e-16,-3.40072e-19,5.92653e-08,3.63922,0,0,0
6.36131,2,2.99974,2.95572,2.05999,-8.66795e-25,2.80526e-24,4.67261e-08,4.6881,0,0,0
6.36131,3,0,0,0,0,0,0,0,0,0,0
6.36131,4,0,0,0,0,0,0,0,0,0,0
6.36131,5,0,0,0,0,0,0,0,0,0,0
6.4132,0,-0.000259725,-0.0442824,2.05999,0,0,-5.56505e-08,2.06046,0,0,0
6.4132,1,2.99974,-0.0442824,2.05999,1.71232e-16,-1.03129e-18,6.26556e-08,3.63922,0,0,0
6.4132,2,2.99974,2.95572,2.05999,3.49721e-25,8.78566e-25,2.52897e-08,4.6881,0,0,0
6.4132,3,0,0,0,0,0,0,0,0,0,0
6.4132,4,0,0,0,0,0,0,0,0,0,0
6.4132,5,0,0,0,0,0,0,0,0,0,0
6.46339,0,-0.000259725,-0.0442824,2.05999,0,0,-6.07293e-08,2.06046,0,0,0
6.46339,1,2.99974,-0.0442824,2.05999,1.73803e-16,-1.72251e-18,6.13033e-08,3.63922,0,0,0
6.46339,2,2.99974,2.95572,2.05999,-3.39137e-27,-1.95569e-25,6.70331e-09,4.6881,0,0,0
6.46339,3,0,0,0,0,0,0,0,0,0,0
6.46339,4,0,0,0,0,0,0,0,0,0,0
6.46339,5,0,0,0,0,0,0,0,0,0,0
6.51372,0,-0.000259725,-0.0442824,2.05999,0,0,-6.46194e-08,2.06046,0,0,0
6.51372,1,2.99974,-0.0442824,2.05999,1.76375e-16,-2.41373e-18,6.06779e-08,3.63922,0,0,0
6.51372,2,2.99974,2.95572,2.05999,3.1997e-25,7.56292e-25,-9.5825e-09,4.6881,0,0,0
6.51372,3,0,0,0,0,0,0,0,0,0,0
6.51372,4,0,0,0,0,0,0,0,0,0,0
6.51372,5,0,0,0,0,0,0,0,0,0,0
6.56388,0,-0.000259725,-0.0442824,2.05999,0,0,-6.73207e-08,2.06046,0,0,0
6.56388,1,2.99974,-0.0442824,2.05999,1.81328e-16,-2.65886e-17,6.28558e-08,3.63922,0,0,0
6.56388,2,2.99974,2.95572,2.05999,7.33473e-25,1.37156e-24,-1.95036e-08,4.6881,0,0,0
6.56388,3,0,0,0,0,0,0,0,0,0,0
6.56388,4,0,0,0,0,0,0,0,0,0,0
6.56388,5,0,0,0,0,0,0,0,0,0,0
6.61599,0,-0.000259725,-0.0442824,2.05999,0,0,-6.90235e-08,2.06046,0,0,0
6.61599,1,2.99974,-0.0442824,2.05999,1.84137e-16,-2.82418e-17,6.88677e-08,3.63922,0,0,0
6.61599,2,2.99974,2.95572,2.05999,4.78199e-25,1.1158e-24,-2.77999e-08,4.6881,0,0,0
6.61599,3,0,0,0,0,0,0,0,0,0,0
6.61599,4,0,0,0,0,0,0,0,0,0,0
6.61599,5,0,0,0,0,0,0,0,0,0,0
6.67424,0,-0.000259725,-0.0442824,2.05999,0,0,-7.194e-08,2.06046,0,0,0
6.67424,1,2.99974,-0.0442824,2.05999,1.93668e-16,-5.41849e-17,7.23515e-08,3.63922,0,0,0
6.67424,2,2.99974,2.95572,2.05999,1.17475e-25,1.20999e-24,-3.48299e-08,4.6881,0,0,0
6.67424,3,0,0,0,0,0,0,0,0,0,0
6.67424,4,0,0,0,0,0,0,0,0,0,0
6.67424,5,0,0,0,0,0,0,0,0,0,0
6.72445,0,-0.000259725,-0.0442824,2.05999,0,0,-7.34181e-08,2.06046,0,0,0
6.72445,1,2.99974,-0.0442824,2.05999,2.01532e-16,-7.74635e-17,7.66911e-08,3.63922,0,0,0
6.72445,2,2.99974,2.95572,2.05999,-6.6761e-25,1.78029e-24,-4.1237e-08,4.6881,0,0,0
6.72445,3,0,0,0,0,0,0,0,0,0,0
6.72445,4,0,0,0,0,0,0,0,0,0,0
6.72445,5,0,0,0,0,0,0,0,0,0,0
6.77644,0,-0.000259725,-0.0442824,2.05999,0,0,-7.078e-08,2.06046,0,0,0
6.77644,1,2.99974,-0.0442824,2.05999,2.04567e-16,-8.06515e-17,8.40322e-08,3.63922,0,0,0
6.77644,2,2.99974,2.95572,2.05999,-8.78976e-25,6.47667e-25,-4.57202e-08,4.6881,0,0,0
6.77644,3,0,0,0,0,0,0,0,0,0,0
6.77644,4,0,0,0,0,0,0,0,0,0,0
6.77644,5,0,0,0,0,0,0,0,0,0,0
6.83174,0,-0.000259725,-0.0442824,2.05999,0,0,-7.05715e-08,2.06046,0,0,0
6.83174,1,2.99974,-0.0442824,2.05999,1.98382e-16,-6.61755e-17,9.00941e-08,3.63922,0,0,0
6.83174,2,2.99974,2.95572,2.05999,-1.16011e-25,-6.29774e-25,-4.91368e-08,4.6881,0,0,0
6.83174,3,0,0,0,0,0,0,0,0,0,0
6.83174,4,0,0,0,0,0,0,0,0,0,0
6.83174,5,0,0,0,0,0,0,0,0,0,0
6.88218,0,-0.000259725,-0.0442824,2.05999,0,0,-7.2559e-08,2.06046,0,0,0
6.88218,1,2.99974,-0.0442824,2.05999,2.01075e-16,-6.87147e-17,9.29907e-08,3.63922,0,0,0
6.88218,2,2.99974,2.95572,2.05999,5.22664e-26,-1.77706e-24,-5.16543e-08,4.6881,0,0,0
6.88218,3,0,0,0,0,0,0,0,0,0,0
6.88218,4,0,0,0,0,0,0,0,0,0,0
6.88218,5,0,0,0,0,0,0,0,0,0,0
6.93545,0,-0.000259725,-0.0442824,2.05999,0,0,-6.98329e-08,2.06046,0,0,0
6.93545,1,2.99974,-0.0442824,2.05999,1.95209e-16,-5.43733e-17,9.78984e-08,3.63922,0,0,0
6.93545,2,2.99974,2.95572,2.05999,-1.9767e-25,-3.19866e-24,-5.32786e-08,4.6881,0,0,0
6.93545,3,0,0,0,0,0,0,0,0,0,0
6.93545,4,0,0,0,0,0,0,0,0,0,0
6.93545,5,0,0,0,0,0,0,0,0,0,0
6.98559,0,-0.000259725,-0.0442824,2.05999,0,0,-4.54827e-08,2.06046,0,0,0
6.98559,1,2.99974,-0.0442824,2.05999,1.97801e-16,-5.64515e-17,1.01332e-07,3.63922,0,0,0
6.98559,2,2.99974,2.95572,2.05999,-2.14393e-24,-7.02479e-25,-5.40976e-08,4.6881,0,0,0
6.98559,3,0,0,0,0,0,0,0,0,0,0
6.98559,4,0,0,0,0,0,0,0,0,0,0
6.98559,5,0,0,0,0,0,0,0,0,0,0
7.04135,0,-0.000259725,-0.0442824,2.05999,0,0,2.51035e-08,2.06046,0,0,0
7.04135,1,2.99974,-0.0442824,2.05999,2.00157e-16,-5.83407e-17,1.02229e-07,3.63922,0,0,0
7.04135,2,2.99974,2.95572,2.05999,-3.35344e-24,1.34711e-24,-5.66525e-08,4.6881,0,0,0
7.04135,3,0,0,0,0,0,0,0,0,0,0
7.04135,4,0,0,0,0,0,0,0,0,0,0
7.04135,5,0,0,0,0,0,0,0,0,0,0
7.09422,0,-0.000259725,-0.0442824,2.05999,0,0,7.94194e-08,2.06046,0,0,0
7.09422,1,2.99974,-0.0442824,2.05999,2.02513e-16,-6.02299e-17,1.0275e-07,3.63922,0,0,0
7.09422,2,2.99974,2.95572,2.05999,-1.49402e-24,1.59738e-25,-5.57179e-08,4.6881,0,0,0
7.09422,3,0,0,0,0,0,0,0,0,0,0
7.09422,4,0,0,0,0,0,0,0,0,0,0
7.09422,5,0,0,0,0,0,0,0,0,0,0
7.14636,0,-0.000259725,-0.0442824,2.05999,0,0,1.17308e-07,2.06046,0,0,0
7.14636,1,2.99974,-0.0442824,2.05999,2.04869e-16,-6.21191e-17,1.06465e-07,3.63922,0,0,0
7.14636,2,2.99974,2.95572,2.05999,3.41483e-24,4.73443e-25,-5.97318e-08,4.6881,0,0,0
7.14636,3,0,0,0,0,0,0,0,0,0,0
7.14636,4,0,0,0,0,0,0,0,0,0,0
7.14636,5,0,0,0,0,0,0,0,0,0,0
7.19986,0,-0.000259725,-0.0442824,2.05999,0,0,1.27724e-07,2.06046,0,0,0
7.19986,1,2.99974,-0.0442824,2.05999,2.04869e-16,-6.21191e-17,1.06465e-07,3.63922,0,0,0
7.19986,2,2.99974,2.95572,2.05999,5.75114e-24,1.54838e-24,-5.96202e-08,4.6881,0,0,0
7.19986,3,0,0,0,0,0,0,0,0,0,0
7.19986,4,0,0,0,0,0,0,0,0,0,0
7.19986,5,0,0,0,0,0,0,0,0,0,0
7.25802,0,-0.000259725,-0.0442824,2.05999,0,0,9.81586e-08,2.06046,0,0,0
7.25802,1,2.99974,-0.0442824,2.05999,2.00023e-16,-4.75829e-17,1.17281e-07,3.63922,0,0,0
7.25802,2,2.99974,2.95572,2.05999,4.80429e-24,1.27422e-24,-5.59689e-08,4.6881,0,0,0
7.25802,3,0,0,0,0,0,0,0,0,0,0
7.25802,4,0,0,0,0,0,0,0,0,0,0
7.25802,5,0,0,0,0,0,0,0,0,0,0
7.30975,0,-0.000259725,-0.0442824,2.05999,0,0,7.70154e-08,2.06046,0,0,0
7.30975,1,2.99974,-0.0442824,2.05999,1.96458e-16,-2.85334e-17,1.23043e-07,3.63922,0,0,0
7.30975,2,2.99974,2.95572,2.05999,3.53796e-24,4.25118e-24,-5.56477e-08,4.6881,0,0,0
7.30975,3,0,0,0,0,0,0,0,0,0,0
7.30975,4,0,0,0,0,0,0,0,0,0,0
7.30975,5,0,0,0,0,0,0,0,0,0,0
7.36615,0,-0.000259725,-0.0442824,2.05999,0,0,6.22866e-08,2.06046,0,0,0
7.36615,1,2.99974,-0.0442824,2.05999,1.98248e-16,-2.90059e-17,1.26369e-07,3.63922,0,0,0
7.36615,2,2.99974,2.95572,2.05999,2.3711e-24,2.602e-24,-5.26593e-08,4.6881,0,0,0
7.36615,3,0,0,0,0,0,0,0,0,0,0
7.36615,4,0,0,0,0,0,0,0,0,0,0
7.36615,5,0,0,0,0,0,0,0,0,0,0
7.41921,0,-0.000259725,-0.0442824,2.05999,0,0,5.21275e-08,2.06046,0,0,0
7.41921,1,2.99974,-0.0442824,2.05999,2.00038e-16,-2.94783e-17,1.30693e-07,3.63922,0,0,0
7.41921,2,2.99974,2.95572,2.05999,4.7867e-25,-1.33707e-26,-1.58569e-08,4.6881,0,0,0
7.41921,3,0,0,0,0,0,0,0,0,0,0
7.41921,4,0,0,0,0,0,0,0,0,0,0
7.41921,5,0,0,0,0,0,0,0,0,0,0
7.46935,0,-0.000259725,-0.0442824,2.05999,0,0,4.58271e-08,2.06046,0,0,0
7.46935,1,2.99974,-0.0442824,2.05999,1.92618e-16,-1.23049e-17,1.38981e-07,3.63922,0,0,0
7.46935,2,2.99974,2.95572,2.05999,-3.11463e-25,9.65536e-25,4.61724e-08,4.6881,0,0,0
7.46935,3,0,0,0,0,0,0,0,0,0,0
7.46935,4,0,0,0,0,0,0,0,0,0,0
7.46935,5,0,0,0,0,0,0,0,0,0,0
7.52477,0,-0.000259725,-0.0442824,2.05999,0,0,4.31835e-08,2.06046,0,0,0
7.52477,1,2.99974,-0.0442824,2.05999,1.94065e-16,-1.21283e-17,1.5036e-07,3.63922,0,0,0
7.52477,2,2.99974,2.95572,2.05999,5.1846e-24,1.82355e-24,1.06012e-07,4.6881,0,0,0
7.52477,3,0,0,0,0,0,0,0,0,0,0
7.52477,4,0,0,0,0,0,0,0,0,0,0
7.52477,5,0,0,0,0,0,0,0,0,0,0
7.57492,0,-0.000259725,-0.0442824,2.05999,0,0,4.25221e-08,2.06046,0,0,0
7.57492,1,2.99974,-0.0442824,2.05999,1.94628e-16,1.30264e-17,1.55019e-07,3.63922,0,0,0
7.57492,2,2.99974,2.95572,2.05999,1.47284e-23,4.9502e-24,1.20796e-07,4.6881,0,0,0
7.57492,3,0,0,0,0,0,0,0,0,0,0
7.57492,4,0,0,0,0,0,0,0,0,0,0
7.57492,5,0,0,0,0,0,0,0,0,0,0
7.62768,0,-0.000259725,-0.0442824,2.05999,0,0,4.05151e-08,2.06046,0,0,0
7.62768,1,2.99974,-0.0442824,2.05999,1.96021e-16,1.41412e-17,1.59477e-07,3.63922,0,0,0
7.62768,2,2.99974,2.95572,2.05999,1.0293e-23,3.03912e-24,7.41614e-08,4.6881,0,0,0
7.62768,3,0,0,0,0,0,0,0,0,0,0
7.62768,4,0,0,0,0,0,0,0,0,0,0
7.62768,5,0,0,0,0,0,0,0,0,0,0
7.6843,0,-0.000259725,-0.0442824,2.05999,0,0,3.92155e-08,2.06046,0,0,0
7.6843,1,2.99974,-0.0442824,2.05999,1.9497e-16,3.86734e-17,1.68199e-07,3.63922,0,0,0
7.6843,2,2.99974,2.95572,2.05999,6.70192e-24,1.6926e-24,5.80155e-08,4.6881,0,0,0
7.6843,3,0,0,0,0,0,0,0,0,0,0
7.6843,4,0,0,0,0,0,0,0,0,0,0
7.6843,5,0,0,0,0,0,0,0,0,0,0
7.73446,0,-0.000259725,-0.0442824,2.05999,0,0,3.91128e-08,2.06046,0,0,0
7.73446,1,2.99974,-0.0442824,2.05999,1.96254e-16,4.06708e-17,1.77113e-07,3.63922,0,0,0
7.73446,2,2.99974,2.95572,2.05999,5.7135e-24,1.96277e-24,4.71204e-08,4.6881,0,0,0
7.73446,3,0,0,0,0,0,0,0,0,0,0
7.73446,4,0,0,0,0,0,0,0,0,0,0
7.73446,5,0,0,0,0,0,0,0,0,0,0
7.78469,0,-0.000259725,-0.0442824,2.05999,0,0,3.99635e-08,2.06046,0,0,0
7.78469,1,2.99974,-0.0442824,2.05999,1.90881e-16,6.14856e-17,1.90045e-07,3.63922,0,0,0
7.78469,2,2.99974,2.95572,2.05999,4.03473e-24,3.03841e-25,4.19e-08,4.6881,0,0,0
7.78469,3,0,0,0,0,0,0,0,0,0,0
7.78469,4,0,0,0,0,0,0,0,0,0,0
7.78469,5,0,0,0,0,0,0,0,0,0,0
7.83519,0,-0.000259725,-0.0442824,2.05999,0,0,4.09224e-08,2.06046,0,0,0
7.83519,1,2.99974,-0.0442824,2.05999,1.91944e-16,6.43252e-17,1.9583e-07,3.63922,0,0,0
7.83519,2,2.99974,2.95572,2.05999,2.77881e-24,-1.21328e-24,3.86799e-08,4.6881,0,0,0
7.83519,3,0,0,0,0,0,0,0,0,0,0
7.83519,4,0,0,0,0,0,0,0,0,0,0
7.83519,5,0,0,0,0,0,0,0,0,0,0
7.88607,0,-0.000259725,-0.0442824,2.05999,0,0,4.38726e-08,2.06046,0,0,0
7.88607,1,2.99974,-0.0442824,2.05999,1.92957e-16,6.70295e-17,2.02015e-07,3.63922,0,0,0
7.88607,2,2.99974,2.95572,2.05999,1.11074e-24,-2.33133e-24,3.61889e-08,4.6881,0,0,0
7.88607,3,0,0,0,0,0,0,0,0,0,0
7.88607,4,0,0,0,0,0,0,0,0,0,0
7.88607,5,0,0,0,0,0,0,0,0,0,0
7.93878,0,-0.000259725,-0.0442824,2.05999,0,0,4.66398e-08,2.06046,0,0,0
7.93878,1,2.99974,-0.0442824,2.05999,1.9397e-16,6.97339e-17,2.07595e-07,3.63922,0,0,0
7.93878,2,2.99974,2.95572,2.05999,-4.74783e-25,-3.34692e-24,3.47573e-08,4.6881,0,0,0
7.93878,3,0,0,0,0,0,0,0,0,0,0
7.93878,4,0,0,0,0,0,0,0,0,0,0
7.93878,5,0,0,0,0,0,0,0,0,0,0
7.98894,0,-0.000259725,-0.0442824,2.05999,0,0,5.04048e-08,2.06046,0,0,0
7.98894,1,2.99974,-0.0442824,2.05999,1.85903e-16,9.02605e-17,2.10598e-07,3.63922,0,0,0
7.98894,2,2.99974,2.95572,2.05999,-2.82152e-24,-3.24741e-24,3.50752e-08,4.6881,0,0,0
7.98894,3,0,0,0,0,0,0,0,0,0,0
7.98894,4,0,0,0,0,0,0,0,0,0,0
7.98894,5,0,0,0,0,0,0,0,0,0,0
8.04061,0,-0.000259725,-0.0442824,2.05999,0,0,5.32339e-08,2.06046,0,0,0
8.04061,1,2.99974,-0.0442824,2.05999,1.95794e-16,7.59502e-17,2.15008e-07,3.63922,0,0,0
8.04061,2,2.99974,2.95572,2.05999,-3.42465e-24,-2.59929e-24,3.65239e-08,4.6881,0,0,0
8.04061,3,0,0,0,0,0,0,0,0,0,0
8.04061,4,0,0,0,0,0,0,0,0,0,0
8.04061,5,0,0,0,0,0,0,0,0,0,0
8.09646,0,-0.000259725,-0.0442824,2.05999,0,0,5.44383e-08,2.06046,0,0,0
8.09646,1,2.99974,-0.0442824,2.05999,2.06031e-16,6.10058e-17,2.20763e-07,3.63922,0,0,0
8.09646,2,2.99974,2.95572,2.05999,-3.37395e-24,-3.85035e-25,3.86976e-08,4.6881,0,0,0
8.09646,3,0,0,0,0,0,0,0,0,0,0
8.09646,4,0,0,0,0,0,0,0,0,0,0
8.09646,5,0,0,0,0,0,0,0,0,0,0
8.14671,0,-0.000259725,-0.0442824,2.05999,0,0,5.80151e-08,2.06046,0,0,0
8.14671,1,2.99974,-0.0442824,2.05999,2.07392e-16,6.30667e-17,2.14364e-07,3.63922,0,0,0
8.14671,2,2.99974,2.95572,2.05999,-3.52631e-24,1.98266e-24,4.19881e-08,4.6881,0,0,0
8.14671,3,0,0,0,0,0,0,0,0,0,0
8.14671,4,0,0,0,0,0,0,0,0,0,0
8.14671,5,0,0,0,0,0,0,0,0,0,0
8.20067,0,-0.000259725,-0.0442824,2.05999,0,0,6.12401e-08,2.06046,0,0,0
8.20067,1,2.99974,-0.0442824,2.05999,2.08752e-16,6.51276e-17,1.36847e-07,3.63922,0,0,0
8.20067,2,2.99974,2.95572,2.05999,-3.94163e-24,3.97126e-24,4.39339e-08,4.6881,0,0,0
8.20067,3,0,0,0,0,0,0,0,0,0,0
8.20067,4,0,0,0,0,0,0,0,0,0,0
8.20067,5,0,0,0,0,0,0,0,0,0,0
8.25082,0,-0.000259725,-0.0442824,2.05999,0,0,6.48872e-08,2.06046,0,0,0
8.25082,1,2.99974,-0.0442824,2.05999,2.10113e-16,6.71885e-17,1.16662e-07,3.63922,0,0,0
8.25082,2,2.99974,2.95572,2.05999,-4.08759e-24,6.52552e-24,4.81876e-08,4.6881,0,0,0
8.25082,3,0,0,0,0,0,0,0,0,0,0
8.25082,4,0,0,0,0,0,0,0,0,0,0
8.25082,5,0,0,0,0,0,0,0,0,0,0
8.30101,0,-0.000259725,-0.0442824,2.05999,0,0,6.99229e-08,2.06046,0,0,0
8.30101,1,2.99974,-0.0442824,2.05999,2.11474e-16,6.92494e-17,7.78166e-08,3.63922,0,0,0
8.30101,2,2.99974,2.95572,2.05999,-2.50614e-24,6.19851e-24,4.95358e-08,4.6881,0,0,0
8.30101,3,0,0,0,0,0,0,0,0,0,0
8.30101,4,0,0,0,0,0,0,0,0,0,0
8.30101,5,0,0,0,0,0,0,0,0,0,0
8.35119,0,-0.000259725,-0.0442824,2.05999,0,0,7.31792e-08,2.06046,0,0,0
8.35119,1,2.99974,-0.0442824,2.05999,2.15159e-16,4.79749e-17,4.45721e-08,3.63922,0,0,0
8.35119,2,2.99974,2.95572,2.05999,-1.07308e-24,3.75147e-24,5.09045e-08,4.6881,0,0,0
8.35119,3,0,0,0,0,0,0,0,0,0,0
8.35119,4,0,0,0,0,0,0,0,0,0,0
8.35119,5,0,0,0,0,0,0,0,0,0,0
8.40136,0,-0.000259725,-0.0442824,2.05999,0,0,7.62627e-08,2.06046,0,0,0
8.40136,1,2.99974,-0.0442824,2.05999,2.16623e-16,4.91523e-17,2.50936e-08,3.63922,0,0,0
8.40136,2,2.99974,2.95572,2.05999,1.8143e-24,2.2011e-24,5.46107e-08,4.6881,0,0,0
8.40136,3,0,0,0,0,0,0,0,0,0,0
8.40136,4,0,0,0,0,0,0,0,0,0,0
8.40136,5,0,0,0,0,0,0,0,0,0,0
8.45443,0,-0.000259725,-0.0442824,2.05999,0,0,8.03821e-08,2.06046,0,0,0
8.45443,1,2.99974,-0.0442824,2.05999,2.18234e-16,5.04475e-17,6.38824e-09,3.63922,0,0,0
8.45443,2,2.99974,2.95572,2.05999,6.51843e-24,1.6796e-24,5.92831e-08,4.6881,0,0,0
8.45443,3,0,0,0,0,0,0,0,0,0,0
8.45443,4,0,0,0,0,0,0,0,0,0,0
8.45443,5,0,0,0,0,0,0,0,0,0,0
8.50753,0,-0.000259725,-0.0442824,2.05999,0,0,8.73638e-08,2.06046,0,0,0
8.50753,1,2.99974,-0.0442824,2.05999,2.11729e-16,4.36538e-17,-8.04411e-09,3.63922,0,0,0
8.50753,2,2.99974,2.95572,2.05999,8.82522e-24,3.10134e-24,6.45268e-08,4.6881,0,0,0
8.50753,3,0,0,0,0,0,0,0,0,0,0
8.50753,4,0,0,0,0,0,0,0,0,0,0
8.50753,5,0,0,0,0,0,0,0,0,0,0
8.56062,0,-0.000259725,-0.0442824,2.05999,0,0,9.62772e-08,2.06046,0,0,0
8.56062,1,2.99974,-0.0442824,2.05999,2.22058e-16,2.67208e-17,-2.10602e-08,3.63922,0,0,0
8.56062,2,2.99974,2.95572,2.05999,4.51562e-24,2.66832e-24,6.76174e-08,4.6881,0,0,0
8.56062,3,0,0,0,0,0,0,0,0,0,0
8.56062,4,0,0,0,0,0,0,0,0,0,0
8.56062,5,0,0,0,0,0,0,0,0,0,0
8.6135,0,-0.000259725,-0.0442824,2.05999,0,0,1.04393e-07,2.06046,0,0,0
8.6135,1,2.99974,-0.0442824,2.05999,2.13878e-16,1.72604e-17,-3.19803e-08,3.63922,0,0,0
8.6135,2,2.99974,2.95572,2.05999,1.93478e-24,-1.12658e-24,7.26121e-08,4.6881,0,0,0
8.6135,3,0,0,0,0,0,0,0,0,0,0
8.6135,4,0,0,0,0,0,0,0,0,0,0
8.6135,5,0,0,0,0,0,0,0,0,0,0
8.66625,0,-0.000259725,-0.0442824,2.05999,0,0,1.10967e-07,2.06046,0,0,0
8.66625,1,2.99974,-0.0442824,2.05999,2.3281e-16,-1.78814e-17,-3.82494e-08,3.63922,0,0,0
8.66625,2,2.99974,2.95572,2.05999,5.32394e-25,-4.16825e-24,7.69989e-08,4.6881,0,0,0
8.66625,3,0,0,0,0,0,0,0,0,0,0
8.66625,4,0,0,0,0,0,0,0,0,0,0
8.66625,5,0,0,0,0,0,0,0,0,0,0
8.72411,0,-0.000259725,-0.0442824,2.05999,0,0,1.14402e-07,2.06046,0,0,0
8.72411,1,2.99974,-0.0442824,2.05999,2.34735e-16,-1.93811e-17,-4.43231e-08,3.63922,0,0,0
8.72411,2,2.99974,2.95572,2.05999,-1.63394e-25,-6.61745e-24,8.07402e-08,4.6881,0,0,0
8.72411,3,0,0,0,0,0,0,0,0,0,0
8.72411,4,0,0,0,0,0,0,0,0,0,0
8.72411,5,0,0,0,0,0,0,0,0,0,0
8.77434,0,-0.000259725,-0.0442824,2.05999,0,0,1.20118e-07,2.06046,0,0,0
8.77434,1,2.99974,-0.0442824,2.05999,2.26783e-16,-3.07848e-17,-4.99553e-08,3.63922,0,0,0
8.77434,2,2.99974,2.95572,2.05999,-3.69292e-25,-5.09623e-24,8.75922e-08,4.6881,0,0,0
8.77434,3,0,0,0,0,0,0,0,0,0,0
8.77434,4,0,0,0,0,0,0,0,0,0,0
8.77434,5,0,0,0,0,0,0,0,0,0,0
8.82448,0,-0.000259725,-0.0442824,2.05999,0,0,1.25672e-07,2.06046,0,0,0
8.82448,1,2.99974,-0.0442824,2.05999,2.28949e-16,-5.8381e-17,-5.58559e-08,3.63922,0,0,0
8.82448,2,2.99974,2.95572,2.05999,-2.83777e-24,-4.75604e-26,9.4007e-08,4.6881,0,0,0
8.82448,3,0,0,0,0,0,0,0,0,0,0
8.82448,4,0,0,0,0,0,0,0,0,0,0
8.82448,5,0,0,0,0,0,0,0,0,0,0
8.88019,0,-0.000259725,-0.0442824,2.05999,0,0,1.30329e-07,2.06046,0,0,0
8.88019,1,2.99974,-0.0442824,2.05999,2.35239e-16,-8.32509e-17,-6.26825e-08,3.63922,0,0,0
8.88019,2,2.99974,2.95572,2.05999,-4.42449e-24,-1.15135e-25,9.75319e-08,4.6881,0,0,0
8.88019,3,0,0,0,0,0,0,0,0,0,0
8.88019,4,0,0,0,0,0,0,0,0,0,0
8.88019,5,0,0,0,0,0,0,0,0,0,0
8.93055,0,-0.000259725,-0.0442824,2.05999,0,0,1.36429e-07,2.06046,0,0,0
8.93055,1,2.99974,-0.0442824,2.05999,2.33521e-16,-9.02013e-17,-6.35997e-08,3.63922,0,0,0
8.93055,2,2.99974,2.95572,2.05999,-5.60235e-24,-2.87875e-24,1.02217e-07,4.6881,0,0,0
8.93055,3,0,0,0,0,0,0,0,0,0,0
8.93055,4,0,0,0,0,0,0,0,0,0,0
8.93055,5,0,0,0,0,0,0,0,0,0,0
8.99427,0,-0.000259725,-0.0442824,2.05999,0,0,1.44903e-07,2.06046,0,0,0
8.99427,1,2.99974,-0.0442824,2.05999,2.33521e-16,-9.02013e-17,-5.86505e-08,3.63922,0,0,0
8.99427,2,2.99974,2.95572,2.05999,-5.98785e-24,-5.33264e-24,1.07922e-07,4.6881,0,0,0
8.99427,3,0,0,0,0,0,0,0,0,0,0
8.99427,4,0,0,0,0,0,0,0,0,0,0
8.99427,5,0,0,0,0,0,0,0,0,0,0
9.04446,0,-0.000259725,-0.0442824,2.05999,0,0,1.5138e-07,2.06046,0,0,0
9.04446,1,2.99974,-0.0442824,2.05999,2.35171e-16,-9.40459e-17,-5.86504e-08,3.63922,0,0,0
9.04446,2,2.99974,2.95572,2.05999,-6.00532e-24,-2.13218e-24,1.15993e-07,4.6881,0,0,0
9.04446,3,0,0,0,0,0,0,0,0,0,0
9.04446,4,0,0,0,0,0,0,0,0,0,0
9.04446,5,0,0,0,0,0,0,0,0,0,0
9.09975,0,-0.000259725,-0.0442824,2.05999,0,0,1.57811e-07,2.06046,0,0,0
9.09975,1,2.99974,-0.0442824,2.05999,2.21727e-16,-8.68276e-17,-5.74176e-08,3.63922,0,0,0
9.09975,2,2.99974,2.95572,2.05999,-6.07887e-24,3.53907e-24,1.23446e-07,4.6881,0,0,0
9.09975,3,0,0,0,0,0,0,0,0,0,0
9.09975,4,0,0,0,0,0,0,0,0,0,0
9.09975,5,0,0,0,0,0,0,0,0,0,0
9.14992,0,-0.000259725,-0.0442824,2.05999,0,0,1.70649e-07,2.06046,0,0,0
9.14992,1,2.99974,-0.0442824,2.05999,2.22725e-16,-9.0071e-17,-5.73984e-08,3.63922,0,0,0
9.14992,2,2.99974,2.95572,2.05999,-2.22e-26,4.24019e-24,1.3164e-07,4.6881,0,0,0
9.14992,3,0,0,0,0,0,0,0,0,0,0
9.14992,4,0,0,0,0,0,0,0,0,0,0
9.14992,5,0,0,0,0,0,0,0,0,0,0
9.20535,0,-0.000259725,-0.0442824,2.05999,0,0,1.7583e-07,2.06046,0,0,0
9.20535,1,2.99974,-0.0442824,2.05999,2.06045e-16,-8.87515e-17,-6.17558e-08,3.63922,0,0,0
9.20535,2,2.99974,2.95572,2.05999,9.64132e-24,5.58181e-24,1.36772e-07,4.6881,0,0,0
9.20535,3,0,0,0,0,0,0,0,0,0,0
9.20535,4,0,0,0,0,0,0,0,0,0,0
9.20535,5,0,0,0,0,0,0,0,0,0,0
9.26318,0,-0.000259725,-0.0442824,2.05999,0,0,1.78113e-07,2.06046,0,0,0
9.26318,1,2.99974,-0.0442824,2.05999,2.06354e-16,-9.16968e-17,-6.22728e-08,3.63922,0,0,0
9.26318,2,2.99974,2.95572,2.05999,6.67337e-24,3.1662e-24,1.44421e-07,4.6881,0,0,0
9.26318,3,0,0,0,0,0,0,0,0,0,0
9.26318,4,0,0,0,0,0,0,0,0,0,0
9.26318,5,0,0,0,0,0,0,0,0,0,0
9.31917,0,-0.000259725,-0.0442824,2.05999,0,0,1.82709e-07,2.06046,0,0,0
9.31917,1,2.99974,-0.0442824,2.05999,1.97443e-16,-7.71021e-17,-6.05356e-08,3.63922,0,0,0
9.31917,2,2.99974,2.95572,2.05999,-2.18327e-24,-9.64699e-25,1.50537e-07,4.6881,0,0,0
9.31917,3,0,0,0,0,0,0,0,0,0,0
9.31917,4,0,0,0,0,0,0,0,0,0,0
9.31917,5,0,0,0,0,0,0,0,0,0,0
9.37446,0,-0.000259725,-0.0442824,2.05999,0,0,1.90235e-07,2.06046,0,0,0
9.37446,1,2.99974,-0.0442824,2.05999,1.88267e-16,-6.18474e-17,-5.90341e-08,3.63922,0,0,0
9.37446,2,2.99974,2.95572,2.05999,-2.43723e-24,-1.37757e-24,1.57089e-07,4.6881,0,0,0
9.37446,3,0,0,0,0,0,0,0,0,0,0
9.37446,4,0,0,0,0,0,0,0,0,0,0
9.37446,5,0,0,0,0,0,0,0,0,0,0
9.42466,0,-0.000259725,-0.0442824,2.05999,0,0,1.95368e-07,2.06046,0,0,0
9.42466,1,2.99974,-0.0442824,2.05999,1.87893e-16,-6.34976e-17,-2.29445e-08,3.63922,0,0,0
9.42466,2,2.99974,2.95572,2.05999,3.83157e-24,7.27442e-24,1.64639e-07,4.6881,0,0,0
9.42466,3,0,0,0,0,0,0,0,0,0,0
9.42466,4,0,0,0,0,0,0,0,0,0,0
9.42466,5,0,0,0,0,0,0,0,0,0,0
9.47907,0,-0.000259725,-0.0442824,2.05999,0,0,2.00471e-07,2.06046,0,0,0
9.47907,1,2.99974,-0.0442824,2.05999,1.875e-16,-6.52302e-17,2.77317e-09,3.63922,0,0,0
9.47907,2,2.99974,2.95572,2.05999,2.84315e-24,1.60725e-23,1.72032e-07,4.6881,0,0,0
9.47907,3,0,0,0,0,0,0,0,0,0,0
9.47907,4,0,0,0,0,0,0,0,0,0,0
9.47907,5,0,0,0,0,0,0,0,0,0,0
9.53189,0,-0.000259725,-0.0442824,2.05999,0,0,2.06656e-07,2.06046,0,0,0
9.53189,1,2.99974,-0.0442824,2.05999,1.84903e-16,-4.34423e-17,9.79418e-08,3.63922,0,0,0
9.53189,2,2.99974,2.95572,2.05999,9.0751e-25,1.20396e-23,1.79377e-07,4.6881,0,0,0
9.53189,3,0,0,0,0,0,0,0,0,0,0
9.53189,4,0,0,0,0,0,0,0,0,0,0
9.53189,5,0,0,0,0,0,0,0,0,0,0
9.58541,0,-0.000259725,-0.0442824,2.05999,0,0,2.12148e-07,2.06046,0,0,0
9.58541,1,2.99974,-0.0442824,2.05999,1.84428e-16,-4.42067e-17,1.13331e-07,3.63922,0,0,0
9.58541,2,2.99974,2.95572,2.05999,6.39105e-24,-3.99834e-24,1.86686e-07,4.6881,0,0,0
9.58541,3,0,0,0,0,0,0,0,0,0,0
9.58541,4,0,0,0,0,0,0,0,0,0,0
9.58541,5,0,0,0,0,0,0,0,0,0,0
9.63563,0,-0.000259725,-0.0442824,2.05999,0,0,2.08327e-07,2.06046,0,0,0
9.63563,1,2.99974,-0.0442824,2.05999,1.93537e-16,-3.53866e-17,1.11291e-07,3.63922,0,0,0
9.63563,2,2.99974,2.95572,2.05999,1.03742e-23,-9.72781e-24,1.91639e-07,4.6881,0,0,0
9.63563,3,0,0,0,0,0,0,0,0,0,0
9.63563,4,0,0,0,0,0,0,0,0,0,0
9.63563,5,0,0,0,0,0,0,0,0,0,0
9.69093,0,-0.000259725,-0.0442824,2.05999,0,0,1.79536e-07,2.06046,0,0,0
9.69093,1,2.99974,-0.0442824,2.05999,1.86269e-16,-1.60268e-17,8.034e-08,3.63922,0,0,0
9.69093,2,2.99974,2.95572,2.05999,9.69216e-24,-1.53069e-23,1.98179e-07,4.6881,0,0,0
9.69093,3,0,0,0,0,0,0,0,0,0,0
9.69093,4,0,0,0,0,0,0,0,0,0,0
9.69093,5,0,0,0,0,0,0,0,0,0,0
9.74111,0,-0.000259725,-0.0442824,2.05999,0,0,1.25843e-07,2.06046,0,0,0
9.74111,1,2.99974,-0.0442824,2.05999,1.76987e-16,2.09301e-18,6.05725e-08,3.63922,0,0,0
9.74111,2,2.99974,2.95572,2.05999,7.07661e-24,-1.8619e-23,2.03701e-07,4.6881,0,0,0
9.74111,3,0,0,0,0,0,0,0,0,0,0
9.74111,4,0,0,0,0,0,0,0,0,0,0
9.74111,5,0,0,0,0,0,0,0,0,0,0
9.79127,0,-0.000259725,-0.0442824,2.05999,0,0,9.40649e-08,2.06046,0,0,0
9.79127,1,2.99974,-0.0442824,2.05999,1.80885e-16,7.68013e-18,5.18817e-08,3.63922,0,0,0
9.79127,2,2.99974,2.95572,2.05999,7.00628e-24,-1.85293e-23,2.1089e-07,4.6881,0,0,0
9.79127,3,0,0,0,0,0,0,0,0,0,0
9.79127,4,0,0,0,0,0,0,0,0,0,0
9.79127,5,0,0,0,0,0,0,0,0,0,0
9.84635,0,-0.000259725,-0.0442824,2.05999,0,0,6.55521e-08,2.06046,0,0,0
9.84635,1,2.99974,-0.0442824,2.05999,1.71253e-16,2.66132e-17,4.63922e-08,3.63922,0,0,0
9.84635,2,2.99974,2.95572,2.05999,1.21658e-23,-8.40545e-24,2.18606e-07,4.6881,0,0,0
9.84635,3,0,0,0,0,0,0,0,0,0,0
9.84635,4,0,0,0,0,0,0,0,0,0,0
9.84635,5,0,0,0,0,0,0,0,0,0,0
9.89646,0,-0.000259725,-0.0442824,2.05999,0,0,3.86268e-08,2.06046,0,0,0
9.89646,1,2.99974,-0.0442824,2.05999,1.62384e-16,4.36209e-17,4.24208e-08,3.63922,0,0,0
9.89646,2,2.99974,2.95572,2.05999,1.94548e-23,4.44244e-24,2.27091e-07,4.6881,0,0,0
9.89646,3,0,0,0,0,0,0,0,0,0,0
9.89646,4,0,0,0,0,0,0,0,0,0,0
9.89646,5,0,0,0,0,0,0,0,0,0,0
9.9495,0,-0.000259725,-0.0442824,2.05999,0,0,1.962e-08,2.06046,0,0,0
9.9495,1,2.99974,-0.0442824,2.05999,1.67334e-16,5.22437e-17,4.2411e-08,3.63922,0,0,0
9.9495,2,2.99974,2.95572,2.05999,2.88037e-23,1.04461e-23,2.27731e-07,4.6881,0,0,0
9.9495,3,0,0,0,0,0,0,0,0,0,0
9.9495,4,0,0,0,0,0,0,0,0,0,0
9.9495,5,0,0,0,0,0,0,0,0,0,0
10.0025,0,-0.000259725,-0.0442824,2.05999,0,0,4.91744e-09,2.06046,0,0,0
10.0025,1,2.99974,-0.0442824,2.05999,1.61532e-16,7.60164e-17,4.32432e-08,3.63922,0,0,0
10.0025,2,2.99974,2.95572,2.05999,2.1e-23,1.02994e-23,1.98288e-07,4.6881,0,0,0
10.0025,3,0,0,0,0,0,0,0,0,0,0
10.0025,4,0,0,0,0,0,0,0,0,0,0
10.0025,5,0,0,0,0,0,0,0,0,0,0
10.0594,0,-0.000259725,-0.0442824,2.05999,0,0,-6.74599e-09,2.06046,0,0,0
10.0594,1,2.99974,-0.0442824,2.05999,1.6022e-16,7.98254e-17,4.31847e-08,3.63922,0,0,0
10.0594,2,2.99974,2.95572,2.05999,2.9491e-24,7.95363e-24,1.3248e-07,4.6881,0,0,0
10.0594,3,0,0,0,0,0,0,0,0,0,0
10.0594,4,0,0,0,0,0,0,0,0,0,0
10.0594,5,0,0,0,0,0,0,0,0,0,0
10.1096,0,-0.000259725,-0.0442824,2.05999,0,0,-1.67917e-08,2.06046,0,0,0
10.1096,1,2.99974,-0.0442824,2.05999,1.59028e-16,8.32882e-17,4.49304e-08,3.63922,0,0,0
10.1096,2,2.99974,2.95572,2.05999,-6.18897e-24,5.55745e-24,9.36199e-08,4.6881,0,0,0
10.1096,3,0,0,0,0,0,0,0,0,0,0
10.1096,4,0,0,0,0,0,0,0,0,0,0
10.1096,5,0,0,0,0,0,0,0,0,0,0
10.1597,0,-0.000259725,-0.0442824,2.05999,0,0,-2.68942e-08,2.06046,0,0,0
10.1597,1,2.99974,-0.0442824,2.05999,1.68236e-16,7.16478e-17,4.68086e-08,3.63922,0,0,0
10.1597,2,2.99974,2.95572,2.05999,-3.67607e-24,4.58113e-25,6.62558e-08,4.6881,0,0,0
10.1597,3,0,0,0,0,0,0,0,0,0,0
10.1597,4,0,0,0,0,0,0,0,0,0,0
10.1597,5,0,0,0,0,0,0,0,0,0,0
10.2125,0,-0.000259725,-0.0442824,2.05999,0,0,-3.63058e-08,2.06046,0,0,0
10.2125,1,2.99974,-0.0442824,2.05999,1.67406e-16,7.46705e-17,4.78624e-08,3.63922,0,0,0
10.2125,2,2.99974,2.95572,2.05999,-8.22069e-25,-1.4438e-24,4.09635e-08,4.6881,0,0,0
10.2125,3,0,0,0,0,0,0,0,0,0,0
10.2125,4,0,0,0,0,0,0,0,0,0,0
10.2125,5,0,0,0,0,0,0,0,0,0,0
10.2655,0,-0.000259725,-0.0442824,2.05999,0,0,-4.28831e-08,2.06046,0,0,0
10.2655,1,2.99974,-0.0442824,2.05999,1.75501e-16,6.05138e-17,4.78608e-08,3.63922,0,0,0
10.2655,2,2.99974,2.95572,2.05999,2.89556e-26,-1.16236e-24,2.45284e-08,4.6881,0,0,0
10.2655,3,0,0,0,0,0,0,0,0,0,0
10.2655,4,0,0,0,0,0,0,0,0,0,0
10.2655,5,0,0,0,0,0,0,0,0,0,0
10.3159,0,-0.000259725,-0.0442824,2.05999,0,0,-4.8844e-08,2.06046,0,0,0
10.3159,1,2.99974,-0.0442824,2.05999,1.66172e-16,7.97631e-17,5.00361e-08,3.63922,0,0,0
10.3159,2,2.99974,2.95572,2.05999,1.13158e-25,-3.68866e-25,8.71426e-09,4.6881,0,0,0
10.3159,3,0,0,0,0,0,0,0,0,0,0
10.3159,4,0,0,0,0,0,0,0,0,0,0
10.3159,5,0,0,0,0,0,0,0,0,0,0
10.3662,0,-0.000259725,-0.0442824,2.05999,0,0,-5.55418e-08,2.06046,0,0,0
10.3662,1,2.99974,-0.0442824,2.05999,1.74039e-16,6.5763e-17,5.42028e-08,3.63922,0,0,0
10.3662,2,2.99974,2.95572,2.05999,-7.67683e-26,2.20069e-25,-6.06955e-09,4.6881,0,0,0
10.3662,3,0,0,0,0,0,0,0,0,0,0
10.3662,4,0,0,0,0,0,0,0,0,0,0
10.3662,5,0,0,0,0,0,0,0,0,0,0
10.4191,0,-0.000259725,-0.0442824,2.05999,0,0,-6.04669e-08,2.06046,0,0,0
10.4191,1,2.99974,-0.0442824,2.05999,1.8286e-16,8.00579e-17,5.89641e-08,3.63922,0,0,0
10.4191,2,2.99974,2.95572,2.05999,4.05175e-25,6.36703e-25,-1.80645e-08,4.6881,0,0,0
10.4191,3,0,0,0,0,0,0,0,0,0,0
10.4191,4,0,0,0,0,0,0,0,0,0,0
10.4191,5,0,0,0,0,0,0,0,0,0,0
10.4723,0,-0.000259725,-0.0442824,2.05999,0,0,-6.06114e-08,2.06046,0,0,0
10.4723,1,2.99974,-0.0442824,2.05999,1.82765e-16,8.26361e-17,6.39441e-08,3.63922,0,0,0
10.4723,2,2.99974,2.95572,2.05999,2.16421e-24,2.00508e-24,-3.1454e-08,4.6881,0,0,0
10.4723,3,0,0,0,0,0,0,0,0,0,0
10.4723,4,0,0,0,0,0,0,0,0,0,0
10.4723,5,0,0,0,0,0,0,0,0,0,0
10.5277,0,-0.000259725,-0.0442824,2.05999,0,0,-6.13967e-08,2.06046,0,0,0
10.5277,1,2.99974,-0.0442824,2.05999,1.91891e-16,6.75528e-17,6.94488e-08,3.63922,0,0,0
10.5277,2,2.99974,2.95572,2.05999,3.74349e-24,3.3123e-24,-3.87398e-08,4.6881,0,0,0
10.5277,3,0,0,0,0,0,0,0,0,0,0
10.5277,4,0,0,0,0,0,0,0,0,0,0
10.5277,5,0,0,0,0,0,0,0,0,0,0
10.5798,0,-0.000259725,-0.0442824,2.05999,0,0,-6.22287e-08,2.06046,0,0,0
10.5798,1,2.99974,-0.0442824,2.05999,1.9606e-16,7.34888e-17,7.74187e-08,3.63922,0,0,0
10.5798,2,2.99974,2.95572,2.05999,2.13688e-24,2.95651e-24,-4.33944e-08,4.6881,0,0,0
10.5798,3,0,0,0,0,0,0,0,0,0,0
10.5798,4,0,0,0,0,0,0,0,0,0,0
10.5798,5,0,0,0,0,0,0,0,0,0,0
10.6337,0,-0.000259725,-0.0442824,2.05999,0,0,-6.36014e-08,2.06046,0,0,0
10.6337,1,2.99974,-0.0442824,2.05999,1.96448e-16,7.556e-17,8.07883e-08,3.63922,0,0,0
10.6337,2,2.99974,2.95572,2.05999,-1.19402e-24,1.27362e-25,-4.72013e-08,4.6881,0,0,0
10.6337,3,0,0,0,0,0,0,0,0,0,0
10.6337,4,0,0,0,0,0,0,0,0,0,0
10.6337,5,0,0,0,0,0,0,0,0,0,0
10.6838,0,-0.000259725,-0.0442824,2.05999,0,0,-6.34701e-08,2.06046,0,0,0
10.6838,1,2.99974,-0.0442824,2.05999,2.06056e-16,5.99663e-17,8.59423e-08,3.63922,0,0,0
10.6838,2,2.99974,2.95572,2.05999,-1.44145e-24,1.73668e-25,-5.14904e-08,4.6881,0,0,0
10.6838,3,0,0,0,0,0,0,0,0,0,0
10.6838,4,0,0,0,0,0,0,0,0,0,0
10.6838,5,0,0,0,0,0,0,0,0,0,0
10.7342,0,-0.000259725,-0.0442824,2.05999,0,0,-6.16199e-08,2.06046,0,0,0
10.7342,1,2.99974,-0.0442824,2.05999,2.13349e-16,6.79858e-17,8.96325e-08,3.63922,0,0,0
10.7342,2,2.99974,2.95572,2.05999,2.64215e-25,2.43455e-24,-5.59545e-08,4.6881,0,0,0
10.7342,3,0,0,0,0,0,0,0,0,0,0
10.7342,4,0,0,0,0,0,0,0,0,0,0
10.7342,5,0,0,0,0,0,0,0,0,0,0
10.785,0,-0.000259725,-0.0442824,2.05999,0,0,-6.0787e-08,2.06046,0,0,0
10.785,1,2.99974,-0.0442824,2.05999,2.14316e-16,6.96439e-17,9.56902e-08,3.63922,0,0,0
10.785,2,2.99974,2.95572,2.05999,-2.3635e-24,1.77767e-24,-5.98928e-08,4.6881,0,0,0
10.785,3,0,0,0,0,0,0,0,0,0,0
10.785,4,0,0,0,0,0,0,0,0,0,0
10.785,5,0,0,0,0,0,0,0,0,0,0
10.8385,0,-0.000259725,-0.0442824,2.05999,0,0,-5.62783e-08,2.06046,0,0,0
10.8385,1,2.99974,-0.0442824,2.05999,2.14316e-16,6.96439e-17,1.01217e-07,3.63922,0,0,0
10.8385,2,2.99974,2.95572,2.05999,-3.32216e-24,-1.65587e-24,-6.1754e-08,4.6881,0,0,0
10.8385,3,0,0,0,0,0,0,0,0,0,0
10.8385,4,0,0,0,0,0,0,0,0,0,0
10.8385,5,0,0,0,0,0,0,0,0,0,0
10.8922,0,-0.000259725,-0.0442824,2.05999,0,0,-4.17886e-08,2.06046,0,0,0
10.8922,1,2.99974,-0.0442824,2.05999,2.2403e-16,5.43685e-17,1.05315e-07,3.63922,0,0,0
10.8922,2,2.99974,2.95572,2.05999,-1.14677e-24,-3.35839e-24,-6.07146e-08,4.6881,0,0,0
10.8922,3,0,0,0,0,0,0,0,0,0,0
10.8922,4,0,0,0,0,0,0,0,0,0,0
10.8922,5,0,0,0,0,0,0,0,0,0,0
10.9432,0,-0.000259725,-0.0442824,2.05999,0,0,4.33854e-08,2.06046,0,0,0
10.9432,1,2.99974,-0.0442824,2.05999,2.25399e-16,5.54266e-17,1.13013e-07,3.63922,0,0,0
10.9432,2,2.99974,2.95572,2.05999,-5.18169e-25,-9.5662e-25,-5.90886e-08,4.6881,0,0,0
10.9432,3,0,0,0,0,0,0,0,0,0,0
10.9432,4,0,0,0,0,0,0,0,0,0,0
10.9432,5,0,0,0,0,0,0,0,0,0,0
10.9965,0,-0.000259725,-0.0442824,2.05999,0,0,1.00824e-07,2.06046,0,0,0
10.9965,1,2.99974,-0.0442824,2.05999,2.20555e-16,5.01894e-17,1.19093e-07,3.63922,0,0,0
10.9965,2,2.99974,2.95572,2.05999,-1.31453e-24,-1.52562e-24,-5.68964e-08,4.6881,0,0,0
10.9965,3,0,0,0,0,0,0,0,0,0,0
10.9965,4,0,0,0,0,0,0,0,0,0,0
10.9965,5,0,0,0,0,0,0,0,0,0,0
11.0466,0,-0.000259725,-0.0442824,2.05999,0,0,1.25152e-07,2.06046,0,0,0
11.0466,1,2.99974,-0.0442824,2.05999,2.31933e-16,3.40571e-17,1.20462e-07,3.63922,0,0,0
11.0466,2,2.99974,2.95572,2.05999,6.8249e-25,-1.36498e-24,-5.62081e-08,4.6881,0,0,0
11.0466,3,0,0,0,0,0,0,0,0,0,0
11.0466,4,0,0,0,0,0,0,0,0,0,0
11.0466,5,0,0,0,0,0,0,0,0,0,0
11.0985,0,-0.000259725,-0.0442824,2.05999,0,0,1.13627e-07,2.06046,0,0,0
11.0985,1,2.99974,-0.0442824,2.05999,2.31933e-16,3.40571e-17,1.27428e-07,3.63922,0,0,0
11.0985,2,2.99974,2.95572,2.05999,2.3035e-24,-6.04197e-25,-5.59802e-08,4.6881,0,0,0
11.0985,3,0,0,0,0,0,0,0,0,0,0
11.0985,4,0,0,0,0,0,0,0,0,0,0
11.0985,5,0,0,0,0,0,0,0,0,0,0
11.15,0,-0.000259725,-0.0442824,2.05999,0,0,7.98074e-08,2.06046,0,0,0
11.15,1,2.99974,-0.0442824,2.05999,2.42221e-16,1.71742e-17,1.36826e-07,3.63922,0,0,0
11.15,2,2.99974,2.95572,2.05999,2.02912e-24,-1.79568e-25,-5.32396e-08,4.6881,0,0,0
11.15,3,0,0,0,0,0,0,0,0,0,0
11.15,4,0,0,0,0,0,0,0,0,0,0
11.15,5,0,0,0,0,0,0,0,0,0,0
11.2056,0,-0.000259725,-0.0442824,2.05999,0,0,6.76442e-08,2.06046,0,0,0
11.2056,1,2.99974,-0.0442824,2.05999,2.43981e-16,1.66453e-17,1.41174e-07,3.63922,0,0,0
11.2056,2,2.99974,2.95572,2.05999,3.04452e-24,-1.34928e-24,-5.12876e-08,4.6881,0,0,0
11.2056,3,0,0,0,0,0,0,0,0,0,0
11.2056,4,0,0,0,0,0,0,0,0,0,0
11.2056,5,0,0,0,0,0,0,0,0,0,0
11.2558,0,-0.000259725,-0.0442824,2.05999,0,0,6.03331e-08,2.06046,0,0,0
11.2558,1,2.99974,-0.0442824,2.05999,2.56712e-16,-2.05775e-18,1.47502e-07,3.63922,0,0,0
11.2558,2,2.99974,2.95572,2.05999,3.0288e-24,-1.43385e-24,-4.77659e-08,4.6881,0,0,0
11.2558,3,0,0,0,0,0,0,0,0,0,0
11.2558,4,0,0,0,0,0,0,0,0,0,0
11.2558,5,0,0,0,0,0,0,0,0,0,0
11.3113,0,-0.000259725,-0.0442824,2.05999,0,0,5.3367e-08,2.06046,0,0,0
11.3113,1,2.99974,-0.0442824,2.05999,2.54191e-16,-7.85825e-18,1.54876e-07,3.63922,0,0,0
11.3113,2,2.99974,2.95572,2.05999,2.68662e-24,-1.02746e-24,-4.51302e-08,4.6881,0,0,0
11.3113,3,0,0,0,0,0,0,0,0,0,0
11.3113,4,0,0,0,0,0,0,0,0,0,0
11.3113,5,0,0,0,0,0,0,0,0,0,0
11.3654,0,-0.000259725,-0.0442824,2.05999,0,0,4.79575e-08,2.06046,0,0,0
11.3654,1,2.99974,-0.0442824,2.05999,2.71779e-16,-4.62667e-17,1.59141e-07,3.63922,0,0,0
11.3654,2,2.99974,2.95572,2.05999,9.51882e-25,-6.13936e-25,-3.33989e-08,4.6881,0,0,0
11.3654,3,0,0,0,0,0,0,0,0,0,0
11.3654,4,0,0,0,0,0,0,0,0,0,0
11.3654,5,0,0,0,0,0,0,0,0,0,0
11.4191,0,-0.000259725,-0.0442824,2.05999,0,0,4.55088e-08,2.06046,0,0,0
11.4191,1,2.99974,-0.0442824,2.05999,2.83032e-16,-6.61395e-17,1.65008e-07,3.63922,0,0,0
11.4191,2,2.99974,2.95572,2.05999,-3.74126e-25,2.61888e-24,5.41091e-08,4.6881,0,0,0
11.4191,3,0,0,0,0,0,0,0,0,0,0
11.4191,4,0,0,0,0,0,0,0,0,0,0
11.4191,5,0,0,0,0,0,0,0,0,0,0
11.4692,0,-0.000259725,-0.0442824,2.05999,0,0,4.44505e-08,2.06046,0,0,0
11.4692,1,2.99974,-0.0442824,2.05999,2.77358e-16,-5.26872e-17,1.73717e-07,3.63922,0,0,0
11.4692,2,2.99974,2.95572,2.05999,-5.42263e-24,1.5129e-24,1.00799e-07,4.6881,0,0,0
11.4692,3,0,0,0,0,0,0,0,0,0,0
11.4692,4,0,0,0,0,0,0,0,0,0,0
11.4692,5,0,0,0,0,0,0,0,0,0,0
11.522,0,-0.000259725,-0.0442824,2.05999,0,0,4.35824e-08,2.06046,0,0,0
11.522,1,2.99974,-0.0442824,2.05999,2.82167e-16,-7.92244e-17,1.79816e-07,3.63922,0,0,0
11.522,2,2.99974,2.95572,2.05999,-8.92976e-24,4.50584e-25,1.21448e-07,4.6881,0,0,0
11.522,3,0,0,0,0,0,0,0,0,0,0
11.522,4,0,0,0,0,0,0,0,0,0,0
11.522,5,0,0,0,0,0,0,0,0,0,0
11.5744,0,-0.000259725,-0.0442824,2.05999,0,0,4.4445e-08,2.06046,0,0,0
11.5744,1,2.99974,-0.0442824,2.05999,2.84928e-16,-8.30274e-17,1.8619e-07,3.63922,0,0,0
11.5744,2,2.99974,2.95572,2.05999,-3.225e-24,2.66529e-26,7.90222e-08,4.6881,0,0,0
11.5744,3,0,0,0,0,0,0,0,0,0,0
11.5744,4,0,0,0,0,0,0,0,0,0,0
11.5744,5,0,0,0,0,0,0,0,0,0,0
11.633,0,-0.000259725,-0.0442824,2.05999,0,0,4.48436e-08,2.06046,0,0,0
11.633,1,2.99974,-0.0442824,2.05999,2.73602e-16,-7.3861e-17,1.92923e-07,3.63922,0,0,0
11.633,2,2.99974,2.95572,2.05999,-9.71447e-25,-1.90066e-25,6.26133e-08,4.6881,0,0,0
11.633,3,0,0,0,0,0,0,0,0,0,0
11.633,4,0,0,0,0,0,0,0,0,0,0
11.633,5,0,0,0,0,0,0,0,0,0,0
11.6883,0,-0.000259725,-0.0442824,2.05999,0,0,4.78552e-08,2.06046,0,0,0
11.6883,1,2.99974,-0.0442824,2.05999,2.75711e-16,-7.70157e-17,2.01165e-07,3.63922,0,0,0
11.6883,2,2.99974,2.95572,2.05999,-3.41552e-24,-1.1056e-24,5.85351e-08,4.6881,0,0,0
11.6883,3,0,0,0,0,0,0,0,0,0,0
11.6883,4,0,0,0,0,0,0,0,0,0,0
11.6883,5,0,0,0,0,0,0,0,0,0,0
11.7386,0,-0.000259725,-0.0442824,2.05999,0,0,4.83933e-08,2.06046,0,0,0
11.7386,1,2.99974,-0.0442824,2.05999,2.68588e-16,-6.24703e-17,2.0755e-07,3.63922,0,0,0
11.7386,2,2.99974,2.95572,2.05999,-5.19139e-24,-2.93346e-24,5.48728e-08,4.6881,0,0,0
11.7386,3,0,0,0,0,0,0,0,0,0,0
11.7386,4,0,0,0,0,0,0,0,0,0,0
11.7386,5,0,0,0,0,0,0,0,0,0,0
11.7974,0,-0.000259725,-0.0442824,2.05999,0,0,4.9984e-08,2.06046,0,0,0
11.7974,1,2.99974,-0.0442824,2.05999,2.68588e-16,-6.24703e-17,2.13173e-07,3.63922,0,0,0
11.7974,2,2.99974,2.95572,2.05999,-4.32153e-24,-3.54421e-24,5.48727e-08,4.6881,0,0,0
11.7974,3,0,0,0,0,0,0,0,0,0,0
11.7974,4,0,0,0,0,0,0,0,0,0,0
11.7974,5,0,0,0,0,0,0,0,0,0,0
11.8476,0,-0.000259725,-0.0442824,2.05999,0,0,5.54131e-08,2.06046,0,0,0
11.8476,1,2.99974,-0.0442824,2.05999,2.70354e-16,-6.49745e-17,2.18872e-07,3.63922,0,0,0
11.8476,2,2.99974,2.95572,2.05999,-3.43825e-24,-2.89537e-24,5.36524e-08,4.6881,0,0,0
11.8476,3,0,0,0,0,0,0,0,0,0,0
11.8476,4,0,0,0,0,0,0,0,0,0,0
11.8476,5,0,0,0,0,0,0,0,0,0,0
11.8981,0,-0.000259725,-0.0442824,2.05999,0,0,5.84126e-08,2.06046,0,0,0
11.8981,1,2.99974,-0.0442824,2.05999,2.73886e-16,-6.9983e-17,2.2705e-07,3.63922,0,0,0
11.8981,2,2.99974,2.95572,2.05999,-2.21513e-24,-1.61019e-24,5.27515e-08,4.6881,0,0,0
11.8981,3,0,0,0,0,0,0,0,0,0,0
11.8981,4,0,0,0,0,0,0,0,0,0,0
11.8981,5,0,0,0,0,0,0,0,0,0,0
11.9558,0,-0.000259725,-0.0442824,2.05999,0,0,6.20365e-08,2.06046,0,0,0
11.9558,1,2.99974,-0.0442824,2.05999,2.66926e-16,-5.53492e-17,1.93343e-07,3.63922,0,0,0
11.9558,2,2.99974,2.95572,2.05999,1.33938e-24,4.34633e-25,5.25972e-08,4.6881,0,0,0
11.9558,3,0,0,0,0,0,0,0,0,0,0
11.9558,4,0,0,0,0,0,0,0,0,0,0
11.9558,5,0,0,0,0,0,0,0,0,0,0
12.006,0,-0.000259725,-0.0442824,2.05999,0,0,6.54986e-08,2.06046,0,0,0
12.006,1,2.99974,-0.0442824,2.05999,2.6031e-16,-6.54065e-17,1.57781e-07,3.63922,0,0,0
12.006,2,2.99974,2.95572,2.05999,6.20789e-24,3.21547e-24,5.51066e-08,4.6881,0,0,0
12.006,3,0,0,0,0,0,0,0,0,0,0
12.006,4,0,0,0,0,0,0,0,0,0,0
12.006,5,0,0,0,0,0,0,0,0,0,0
12.0571,0,-0.000259725,-0.0442824,2.05999,0,0,6.91229e-08,2.06046,0,0,0
12.0571,1,2.99974,-0.0442824,2.05999,2.70581e-16,-8.50963e-17,1.01775e-07,3.63922,0,0,0
12.0571,2,2.99974,2.95572,2.05999,9.74697e-24,4.82036e-24,5.72815e-08,4.6881,0,0,0
12.0571,3,0,0,0,0,0,0,0,0,0,0
12.0571,4,0,0,0,0,0,0,0,0,0,0
12.0571,5,0,0,0,0,0,0,0,0,0,0
12.1102,0,-0.000259725,-0.0442824,2.05999,0,0,7.17625e-08,2.06046,0,0,0
12.1102,1,2.99974,-0.0442824,2.05999,2.62833e-16,-7.04104e-17,5.93299e-08,3.63922,0,0,0
12.1102,2,2.99974,2.95572,2.05999,9.89299e-24,6.68878e-24,5.93754e-08,4.6881,0,0,0
12.1102,3,0,0,0,0,0,0,0,0,0,0
12.1102,4,0,0,0,0,0,0,0,0,0,0
12.1102,5,0,0,0,0,0,0,0,0,0,0
12.1604,0,-0.000259725,-0.0442824,2.05999,0,0,7.41061e-08,2.06046,0,0,0
12.1604,1,2.99974,-0.0442824,2.05999,2.54858e-16,-5.50893e-17,4.21105e-08,3.63922,0,0,0
12.1604,2,2.99974,2.95572,2.05999,1.141e-23,8.15e-24,6.19582e-08,4.6881,0,0,0
12.1604,3,0,0,0,0,0,0,0,0,0,0
12.1604,4,0,0,0,0,0,0,0,0,0,0
12.1604,5,0,0,0,0,0,0,0,0,0,0
12.212,0,-0.000259725,-0.0442824,2.05999,0,0,7.93561e-08,2.06046,0,0,0
12.212,1,2.99974,-0.0442824,2.05999,2.55651e-16,-5.65914e-17,1.68448e-08,3.63922,0,0,0
12.212,2,2.99974,2.95572,2.05999,9.91373e-24,6.22644e-24,6.54631e-08,4.6881,0,0,0
12.212,3,0,0,0,0,0,0,0,0,0,0
12.212,4,0,0,0,0,0,0,0,0,0,0
12.212,5,0,0,0,0,0,0,0,0,0,0
12.2675,0,-0.000259725,-0.0442824,2.05999,0,0,8.37818e-08,2.06046,0,0,0
12.2675,1,2.99974,-0.0442824,2.05999,2.5693e-16,-5.86139e-17,3.70283e-09,3.63922,0,0,0
12.2675,2,2.99974,2.95572,2.05999,8.67838e-24,3.41232e-24,7.00144e-08,4.6881,0,0,0
12.2675,3,0,0,0,0,0,0,0,0,0,0
12.2675,4,0,0,0,0,0,0,0,0,0,0
12.2675,5,0,0,0,0,0,0,0,0,0,0
12.3182,0,-0.000259725,-0.0442824,2.05999,0,0,8.89113e-08,2.06046,0,0,0
12.3182,1,2.99974,-0.0442824,2.05999,2.52223e-16,-6.5732e-17,-7.22173e-09,3.63922,0,0,0
12.3182,2,2.99974,2.95572,2.05999,5.12306e-24,-2.82393e-24,7.40937e-08,4.6881,0,0,0
12.3182,3,0,0,0,0,0,0,0,0,0,0
12.3182,4,0,0,0,0,0,0,0,0,0,0
12.3182,5,0,0,0,0,0,0,0,0,0,0
12.3735,0,-0.000259725,-0.0442824,2.05999,0,0,9.39708e-08,2.06046,0,0,0
12.3735,1,2.99974,-0.0442824,2.05999,2.58108e-16,-8.90076e-17,-2.12113e-08,3.63922,0,0,0
12.3735,2,2.99974,2.95572,2.05999,-5.77102e-24,-7.64692e-24,7.72475e-08,4.6881,0,0,0
12.3735,3,0,0,0,0,0,0,0,0,0,0
12.3735,4,0,0,0,0,0,0,0,0,0,0
12.3735,5,0,0,0,0,0,0,0,0,0,0
12.4264,0,-0.000259725,-0.0442824,2.05999,0,0,9.82692e-08,2.06046,0,0,0
12.4264,1,2.99974,-0.0442824,2.05999,2.58905e-16,-9.14936e-17,-3.31358e-08,3.63922,0,0,0
12.4264,2,2.99974,2.95572,2.05999,-1.10072e-23,-4.37309e-24,8.02827e-08,4.6881,0,0,0
12.4264,3,0,0,0,0,0,0,0,0,0,0
12.4264,4,0,0,0,0,0,0,0,0,0,0
12.4264,5,0,0,0,0,0,0,0,0,0,0
12.4817,0,-0.000259725,-0.0442824,2.05999,0,0,1.04903e-07,2.06046,0,0,0
12.4817,1,2.99974,-0.0442824,2.05999,2.59781e-16,-9.42282e-17,-4.26518e-08,3.63922,0,0,0
12.4817,2,2.99974,2.95572,2.05999,-5.86659e-24,2.07716e-24,8.32233e-08,4.6881,0,0,0
12.4817,3,0,0,0,0,0,0,0,0,0,0
12.4817,4,0,0,0,0,0,0,0,0,0,0
12.4817,5,0,0,0,0,0,0,0,0,0,0
12.533,0,-0.000259725,-0.0442824,2.05999,0,0,1.10612e-07,2.06046,0,0,0
12.533,1,2.99974,-0.0442824,2.05999,2.60578e-16,-9.67142e-17,-4.77038e-08,3.63922,0,0,0
12.533,2,2.99974,2.95572,2.05999,1.70389e-24,-2.12986e-25,9.02107e-08,4.6881,0,0,0
12.533,3,0,0,0,0,0,0,0,0,0,0
12.533,4,0,0,0,0,0,0,0,0,0,0
12.533,5,0,0,0,0,0,0,0,0,0,0
12.5831,0,-0.000259725,-0.0442824,2.05999,0,0,1.15886e-07,2.06046,0,0,0
12.5831,1,2.99974,-0.0442824,2.05999,2.48259e-16,-8.55108e-17,-5.64106e-08,3.63922,0,0,0
12.5831,2,2.99974,2.95572,2.05999,4.75627e-24,-6.13815e-24,9.52818e-08,4.6881,0,0,0
12.5831,3,0,0,0,0,0,0,0,0,0,0
12.5831,4,0,0,0,0,0,0,0,0,0,0
12.5831,5,0,0,0,0,0,0,0,0,0,0
12.6409,0,-0.000259725,-0.0442824,2.05999,0,0,1.22501e-07,2.06046,0,0,0
12.6409,1,2.99974,-0.0442824,2.05999,2.48259e-16,-8.55108e-17,-5.93837e-08,3.63922,0,0,0
12.6409,2,2.99974,2.95572,2.05999,3.98246e-24,-7.35224e-24,1.00919e-07,4.6881,0,0,0
12.6409,3,0,0,0,0,0,0,0,0,0,0
12.6409,4,0,0,0,0,0,0,0,0,0,0
12.6409,5,0,0,0,0,0,0,0,0,0,0
12.6944,0,-0.000259725,-0.0442824,2.05999,0,0,1.22501e-07,2.06046,0,0,0
12.6944,1,2.99974,-0.0442824,2.05999,2.4025e-16,-7.2119e-17,-6.15213e-08,3.63922,0,0,0
12.6944,2,2.99974,2.95572,2.05999,6.12484e-25,-9.72769e-24,1.0682e-07,4.6881,0,0,0
12.6944,3,0,0,0,0,0,0,0,0,0,0
12.6944,4,0,0,0,0,0,0,0,0,0,0
12.6944,5,0,0,0,0,0,0,0,0,0,0
12.7461,0,-0.000259725,-0.0442824,2.05999,0,0,1.30108e-07,2.06046,0,0,0
12.7461,1,2.99974,-0.0442824,2.05999,2.31184e-16,-5.57147e-17,-6.5583e-08,3.63922,0,0,0
12.7461,2,2.99974,2.95572,2.05999,-3.92225e-24,-9.90083e-24,1.12903e-07,4.6881,0,0,0
12.7461,3,0,0,0,0,0,0,0,0,0,0
12.7461,4,0,0,0,0,0,0,0,0,0,0
12.7461,5,0,0,0,0,0,0,0,0,0,0
12.7964,0,-0.000259725,-0.0442824,2.05999,0,0,1.3767e-07,2.06046,0,0,0
12.7964,1,2.99974,-0.0442824,2.05999,2.30801e-16,-5.64567e-17,-6.68032e-08,3.63922,0,0,0
12.7964,2,2.99974,2.95572,2.05999,-8.80737e-24,-9.08953e-24,1.19509e-07,4.6881,0,0,0
12.7964,3,0,0,0,0,0,0,0,0,0,0
12.7964,4,0,0,0,0,0,0,0,0,0,0
12.7964,5,0,0,0,0,0,0,0,0,0,0
12.8468,0,-0.000259725,-0.0442824,2.05999,0,0,1.39827e-07,2.06046,0,0,0
12.8468,1,2.99974,-0.0442824,2.05999,2.2145e-16,-4.0188e-17,-6.55713e-08,3.63922,0,0,0
12.8468,2,2.99974,2.95572,2.05999,-1.18667e-23,-6.49544e-24,1.2345e-07,4.6881,0,0,0
12.8468,3,0,0,0,0,0,0,0,0,0,0
12.8468,4,0,0,0,0,0,0,0,0,0,0
12.8468,5,0,0,0,0,0,0,0,0,0,0
12.8969,0,-0.000259725,-0.0442824,2.05999,0,0,1.43934e-07,2.06046,0,0,0
12.8969,1,2.99974,-0.0442824,2.05999,2.20756e-16,-4.02176e-17,-6.43234e-08,3.63922,0,0,0
12.8969,2,2.99974,2.95572,2.05999,-1.21274e-23,2.50457e-24,1.30276e-07,4.6881,0,0,0
12.8969,3,0,0,0,0,0,0,0,0,0,0
12.8969,4,0,0,0,0,0,0,0,0,0,0
12.8969,5,0,0,0,0,0,0,0,0,0,0
12.9547,0,-0.000259725,-0.0442824,2.05999,0,0,1.52686e-07,2.06046,0,0,0
12.9547,1,2.99974,-0.0442824,2.05999,2.20062e-16,-4.02471e-17,-6.22398e-08,3.63922,0,0,0
12.9547,2,2.99974,2.95572,2.05999,-1.20303e-23,1.0087e-23,1.37186e-07,4.6881,0,0,0
12.9547,3,0,0,0,0,0,0,0,0,0,0
12.9547,4,0,0,0,0,0,0,0,0,0,0
12.9547,5,0,0,0,0,0,0,0,0,0,0
13.0132,0,-0.000259725,-0.0442824,2.05999,0,0,1.62049e-07,2.06046,0,0,0
13.0132,1,2.99974,-0.0442824,2.05999,2.23181e-16,-3.6396e-17,-5.91477e-08,3.63922,0,0,0
13.0132,2,2.99974,2.95572,2.05999,-9.27006e-24,1.61858e-23,1.45421e-07,4.6881,0,0,0
13.0132,3,0,0,0,0,0,0,0,0,0,0
13.0132,4,0,0,0,0,0,0,0,0,0,0
13.0132,5,0,0,0,0,0,0,0,0,0,0
13.0638,0,-0.000259725,-0.0442824,2.05999,0,0,1.68241e-07,2.06046,0,0,0
13.0638,1,2.99974,-0.0442824,2.05999,2.13774e-16,-1.86075e-17,-5.54383e-08,3.63922,0,0,0
13.0638,2,2.99974,2.95572,2.05999,-1.78482e-24,8.82493e-24,1.46993e-07,4.6881,0,0,0
13.0638,3,0,0,0,0,0,0,0,0,0,0
13.0638,4,0,0,0,0,0,0,0,0,0,0
13.0638,5,0,0,0,0,0,0,0,0,0,0
13.1172,0,-0.000259725,-0.0442824,2.05999,0,0,1.75555e-07,2.06046,0,0,0
13.1172,1,2.99974,-0.0442824,2.05999,2.13774e-16,-1.86075e-17,-5.4752e-08,3.63922,0,0,0
13.1172,2,2.99974,2.95572,2.05999,5.00047e-24,8.94956e-24,1.52059e-07,4.6881,0,0,0
13.1172,3,0,0,0,0,0,0,0,0,0,0
13.1172,4,0,0,0,0,0,0,0,0,0,0
13.1172,5,0,0,0,0,0,0,0,0,0,0
13.1756,0,-0.000259725,-0.0442824,2.05999,0,0,1.84297e-07,2.06046,0,0,0
13.1756,1,2.99974,-0.0442824,2.05999,2.04006e-16,-8.288e-19,-2.81537e-08,3.63922,0,0,0
13.1756,2,2.99974,2.95572,2.05999,9.08176e-24,8.13134e-24,1.56548e-07,4.6881,0,0,0
13.1756,3,0,0,0,0,0,0,0,0,0,0
13.1756,4,0,0,0,0,0,0,0,0,0,0
13.1756,5,0,0,0,0,0,0,0,0,0,0
13.2284,0,-0.000259725,-0.0442824,2.05999,0,0,1.90701e-07,2.06046,0,0,0
13.2284,1,2.99974,-0.0442824,2.05999,2.01551e-16,1.99212e-18,5.53216e-08,3.63922,0,0,0
13.2284,2,2.99974,2.95572,2.05999,1.49824e-23,4.54774e-24,1.65441e-07,4.6881,0,0,0
13.2284,3,0,0,0,0,0,0,0,0,0,0
13.2284,4,0,0,0,0,0,0,0,0,0,0
13.2284,5,0,0,0,0,0,0,0,0,0,0
13.2787,0,-0.000259725,-0.0442824,2.05999,0,0,1.90701e-07,2.06046,0,0,0
13.2787,1,2.99974,-0.0442824,2.05999,2.00324e-16,3.40257e-18,1.10171e-07,3.63922,0,0,0
13.2787,2,2.99974,2.95572,2.05999,1.46514e-23,-6.40452e-24,1.73412e-07,4.6881,0,0,0
13.2787,3,0,0,0,0,0,0,0,0,0,0
13.2787,4,0,0,0,0,0,0,0,0,0,0
13.2787,5,0,0,0,0,0,0,0,0,0,0
13.3315,0,-0.000259725,-0.0442824,2.05999,0,0,1.97566e-07,2.06046,0,0,0
13.3315,1,2.99974,-0.0442824,2.05999,1.89883e-16,2.2461e-17,1.14999e-07,3.63922,0,0,0
13.3315,2,2.99974,2.95572,2.05999,8.73005e-25,-1.01449e-23,1.78507e-07,4.6881,0,0,0
13.3315,3,0,0,0,0,0,0,0,0,0,0
13.3315,4,0,0,0,0,0,0,0,0,0,0
13.3315,5,0,0,0,0,0,0,0,0,0,0
13.3816,0,-0.000259725,-0.0442824,2.05999,0,0,2.0397e-07,2.06046,0,0,0
13.3816,1,2.99974,-0.0442824,2.05999,1.88313e-16,2.45201e-17,8.03144e-08,3.63922,0,0,0
13.3816,2,2.99974,2.95572,2.05999,-3.12171e-24,-1.99789e-24,1.85109e-07,4.6881,0,0,0
13.3816,3,0,0,0,0,0,0,0,0,0,0
13.3816,4,0,0,0,0,0,0,0,0,0,0
13.3816,5,0,0,0,0,0,0,0,0,0,0
13.4318,0,-0.000259725,-0.0442824,2.05999,0,0,2.10815e-07,2.06046,0,0,0
13.4318,1,2.99974,-0.0442824,2.05999,1.86743e-16,2.65793e-17,5.96898e-08,3.63922,0,0,0
13.4318,2,2.99974,2.95572,2.05999,4.85106e-25,2.29617e-24,1.9177e-07,4.6881,0,0,0
13.4318,3,0,0,0,0,0,0,0,0,0,0
13.4318,4,0,0,0,0,0,0,0,0,0,0
13.4318,5,0,0,0,0,0,0,0,0,0,0
13.4822,0,-0.000259725,-0.0442824,2.05999,0,0,2.19335e-07,2.06046,0,0,0
13.4822,1,2.99974,-0.0442824,2.05999,1.85173e-16,2.86385e-17,5.15796e-08,3.63922,0,0,0
13.4822,2,2.99974,2.95572,2.05999,1.66358e-25,1.66358e-25,1.97292e-07,4.6881,0,0,0
13.4822,3,0,0,0,0,0,0,0,0,0,0
13.4822,4,0,0,0,0,0,0,0,0,0,0
13.4822,5,0,0,0,0,0,0,0,0,0,0
13.5327,0,-0.000259725,-0.0442824,2.05999,0,0,1.88405e-07,2.06046,0,0,0
13.5327,1,2.99974,-0.0442824,2.05999,1.74974e-16,4.79442e-17,4.77746e-08,3.63922,0,0,0
13.5327,2,2.99974,2.95572,2.05999,-6.4253e-24,6.83543e-25,2.02662e-07,4.6881,0,0,0
13.5327,3,0,0,0,0,0,0,0,0,0,0
13.5327,4,0,0,0,0,0,0,0,0,0,0
13.5327,5,0,0,0,0,0,0,0,0,0,0
13.5829,0,-0.000259725,-0.0442824,2.05999,0,0,1.30657e-07,2.06046,0,0,0
13.5829,1,2.99974,-0.0442824,2.05999,1.72977e-16,5.07945e-17,4.61516e-08,3.63922,0,0,0
13.5829,2,2.99974,2.95572,2.05999,-3.20239e-24,1.63678e-24,2.10993e-07,4.6881,0,0,0
13.5829,3,0,0,0,0,0,0,0,0,0,0
13.5829,4,0,0,0,0,0,0,0,0,0,0
13.5829,5,0,0,0,0,0,0,0,0,0,0
13.6338,0,-0.000259725,-0.0442824,2.05999,0,0,9.27004e-08,2.06046,0,0,0
13.6338,1,2.99974,-0.0442824,2.05999,1.71075e-16,5.3509e-17,4.35836e-08,3.63922,0,0,0
13.6338,2,2.99974,2.95572,2.05999,3.7126e-26,-5.23477e-24,2.20148e-07,4.6881,0,0,0
13.6338,3,0,0,0,0,0,0,0,0,0,0
13.6338,4,0,0,0,0,0,0,0,0,0,0
13.6338,5,0,0,0,0,0,0,0,0,0,0
13.6839,0,-0.000259725,-0.0442824,2.05999,0,0,6.62799e-08,2.06046,0,0,0
13.6839,1,2.99974,-0.0442824,2.05999,1.69173e-16,5.62235e-17,4.25768e-08,3.63922,0,0,0
13.6839,2,2.99974,2.95572,2.05999,-5.05514e-24,-1.73055e-23,2.188e-07,4.6881,0,0,0
13.6839,3,0,0,0,0,0,0,0,0,0,0
13.6839,4,0,0,0,0,0,0,0,0,0,0
13.6839,5,0,0,0,0,0,0,0,0,0,0
13.7341,0,-0.000259725,-0.0442824,2.05999,0,0,4.61727e-08,2.06046,0,0,0
13.7341,1,2.99974,-0.0442824,2.05999,1.67272e-16,5.89381e-17,4.2856e-08,3.63922,0,0,0
13.7341,2,2.99974,2.95572,2.05999,-7.20461e-24,-5.97114e-24,1.66231e-07,4.6881,0,0,0
13.7341,3,0,0,0,0,0,0,0,0,0,0
13.7341,4,0,0,0,0,0,0,0,0,0,0
13.7341,5,0,0,0,0,0,0,0,0,0,0
13.7894,0,-0.000259725,-0.0442824,2.05999,0,0,2.8489e-08,2.06046,0,0,0
13.7894,1,2.99974,-0.0442824,2.05999,1.65275e-16,6.17884e-17,4.47004e-08,3.63922,0,0,0
13.7894,2,2.99974,2.95572,2.05999,-6.13421e-24,2.00722e-24,1.11236e-07,4.6881,0,0,0
13.7894,3,0,0,0,0,0,0,0,0,0,0
13.7894,4,0,0,0,0,0,0,0,0,0,0
13.7894,5,0,0,0,0,0,0,0,0,0,0
13.8398,0,-0.000259725,-0.0442824,2.05999,0,0,1.16726e-08,2.06046,0,0,0
13.8398,1,2.99974,-0.0442824,2.05999,1.60325e-16,6.14551e-17,4.68032e-08,3.63922,0,0,0
13.8398,2,2.99974,2.95572,2.05999,-5.06678e-24,6.14569e-25,8.0983e-08,4.6881,0,0,0
13.8398,3,0,0,0,0,0,0,0,0,0,0
13.8398,4,0,0,0,0,0,0,0,0,0,0
13.8398,5,0,0,0,0,0,0,0,0,0,0
13.89,0,-0.000259725,-0.0442824,2.05999,0,0,-4.46218e-09,2.06046,0,0,0
13.89,1,2.99974,-0.0442824,2.05999,1.60181e-16,4.08395e-17,4.88918e-08,3.63922,0,0,0
13.89,2,2.99974,2.95572,2.05999,-2.68736e-24,2.15773e-24,5.81581e-08,4.6881,0,0,0
13.89,3,0,0,0,0,0,0,0,0,0,0
13.89,4,0,0,0,0,0,0,0,0,0,0
13.89,5,0,0,0,0,0,0,0,0,0,0
13.9401,0,-0.000259725,-0.0442824,2.05999,0,0,-1.54791e-08,2.06046,0,0,0
13.9401,1,2.99974,-0.0442824,2.05999,1.58262e-16,4.25546e-17,4.90878e-08,3.63922,0,0,0
13.9401,2,2.99974,2.95572,2.05999,-1.68173e-24,1.72961e-24,3.54883e-08,4.6881,0,0,0
13.9401,3,0,0,0,0,0,0,0,0,0,0
13.9401,4,0,0,0,0,0,0,0,0,0,0
13.9401,5,0,0,0,0,0,0,0,0,0,0
13.9942,0,-0.000259725,-0.0442824,2.05999,0,0,-2.3651e-08,2.06046,0,0,0
13.9942,1,2.99974,-0.0442824,2.05999,1.56247e-16,4.43553e-17,5.35095e-08,3.63922,0,0,0
13.9942,2,2.99974,2.95572,2.05999,-7.04741e-25,6.40674e-25,1.89951e-08,4.6881,0,0,0
13.9942,3,0,0,0,0,0,0,0,0,0,0
13.9942,4,0,0,0,0,0,0,0,0,0,0
13.9942,5,0,0,0,0,0,0,0,0,0,0
14.046,0,-0.000259725,-0.0442824,2.05999,0,0,-3.41575e-08,2.06046,0,0,0
14.046,1,2.99974,-0.0442824,2.05999,1.54328e-16,4.60703e-17,5.70323e-08,3.63922,0,0,0
14.046,2,2.99974,2.95572,2.05999,1.09793e-25,3.86949e-26,1.86545e-09,4.6881,0,0,0
14.046,3,0,0,0,0,0,0,0,0,0,0
14.046,4,0,0,0,0,0,0,0,0,0,0
14.046,5,0,0,0,0,0,0,0,0,0,0
14.0963,0,-0.000259725,-0.0442824,2.05999,0,0,-4.28924e-08,2.06046,0,0,0
14.0963,1,2.99974,-0.0442824,2.05999,1.52314e-16,4.78711e-17,5.89419e-08,3.63922,0,0,0
14.0963,2,2.99974,2.95572,2.05999,-1.35669e-24,3.08806e-26,-1.22076e-08,4.6881,0,0,0
14.0963,3,0,0,0,0,0,0,0,0,0,0
14.0963,4,0,0,0,0,0,0,0,0,0,0
14.0963,5,0,0,0,0,0,0,0,0,0,0
14.1471,0,-0.000259725,-0.0442824,2.05999,0,0,-4.96214e-08,2.06046,0,0,0
14.1471,1,2.99974,-0.0442824,2.05999,1.50395e-16,4.95861e-17,6.41704e-08,3.63922,0,0,0
14.1471,2,2.99974,2.95572,2.05999,-2.86467e-24,4.82731e-25,-2.08939e-08,4.6881,0,0,0
14.1471,3,0,0,0,0,0,0,0,0,0,0
14.1471,4,0,0,0,0,0,0,0,0,0,0
14.1471,5,0,0,0,0,0,0,0,0,0,0
14.198,0,-0.000259725,-0.0442824,2.05999,0,0,-5.43054e-08,2.06046,0,0,0
14.198,1,2.99974,-0.0442824,2.05999,1.48476e-16,5.13011e-17,6.72075e-08,3.63922,0,0,0
14.198,2,2.99974,2.95572,2.05999,-3.81755e-24,1.9446e-25,-3.03446e-08,4.6881,0,0,0
14.198,3,0,0,0,0,0,0,0,0,0,0
14.198,4,0,0,0,0,0,0,0,0,0,0
14.198,5,0,0,0,0,0,0,0,0,0,0
14.2515,0,-0.000259725,-0.0442824,2.05999,0,0,-5.74023e-08,2.06046,0,0,0
14.2515,1,2.99974,-0.0442824,2.05999,1.46557e-16,5.30161e-17,7.34347e-08,3.63922,0,0,0
14.2515,2,2.99974,2.95572,2.05999,-2.94223e-24,7.86404e-25,-4.01997e-08,4.6881,0,0,0
14.2515,3,0,0,0,0,0,0,0,0,0,0
14.2515,4,0,0,0,0,0,0,0,0,0,0
14.2515,5,0,0,0,0,0,0,0,0,0,0
14.3043,0,-0.000259725,-0.0442824,2.05999,0,0,-6.12408e-08,2.06046,0,0,0
14.3043,1,2.99974,-0.0442824,2.05999,1.36421e-16,4.6696e-17,7.60957e-08,3.63922,0,0,0
14.3043,2,2.99974,2.95572,2.05999,-1.454e-25,3.68092e-24,-4.53781e-08,4.6881,0,0,0
14.3043,3,0,0,0,0,0,0,0,0,0,0
14.3043,4,0,0,0,0,0,0,0,0,0,0
14.3043,5,0,0,0,0,0,0,0,0,0,0
14.357,0,-0.000259725,-0.0442824,2.05999,0,0,-6.11352e-08,2.06046,0,0,0
14.357,1,2.99974,-0.0442824,2.05999,1.4522e-16,2.97892e-17,7.89177e-08,3.63922,0,0,0
14.357,2,2.99974,2.95572,2.05999,3.07768e-24,4.39154e-24,-5.33621e-08,4.6881,0,0,0
14.357,3,0,0,0,0,0,0,0,0,0,0
14.357,4,0,0,0,0,0,0,0,0,0,0
14.357,5,0,0,0,0,0,0,0,0,0,0
14.4147,0,-0.000259725,-0.0442824,2.05999,0,0,-6.24661e-08,2.06046,0,0,0
14.4147,1,2.99974,-0.0442824,2.05999,1.43348e-16,3.05644e-17,8.35522e-08,3.63922,0,0,0
14.4147,2,2.99974,2.95572,2.05999,4.72364e-24,1.92082e-24,-5.8112e-08,4.6881,0,0,0
14.4147,3,0,0,0,0,0,0,0,0,0,0
14.4147,4,0,0,0,0,0,0,0,0,0,0
14.4147,5,0,0,0,0,0,0,0,0,0,0
14.47,0,-0.000259725,-0.0442824,2.05999,0,0,-6.1719e-08,2.06046,0,0,0
14.47,1,2.99974,-0.0442824,2.05999,1.41476e-16,3.13396e-17,9.00402e-08,3.63922,0,0,0
14.47,2,2.99974,2.95572,2.05999,3.21811e-24,-3.10429e-26,-6.13587e-08,4.6881,0,0,0
14.47,3,0,0,0,0,0,0,0,0,0,0
14.47,4,0,0,0,0,0,0,0,0,0,0
14.47,5,0,0,0,0,0,0,0,0,0,0
14.5253,0,-0.000259725,-0.0442824,2.05999,0,0,-6.44377e-08,2.06046,0,0,0
14.5253,1,2.99974,-0.0442824,2.05999,1.41338e-16,3.3848e-17,9.55889e-08,3.63922,0,0,0
14.5253,2,2.99974,2.95572,2.05999,1.40982e-24,-2.31298e-24,-6.53114e-08,4.6881,0,0,0
14.5253,3,0,0,0,0,0,0,0,0,0,0
14.5253,4,0,0,0,0,0,0,0,0,0,0
14.5253,5,0,0,0,0,0,0,0,0,0,0
14.5818,0,-0.000259725,-0.0442824,2.05999,0,0,-6.60115e-08,2.06046,0,0,0
14.5818,1,2.99974,-0.0442824,2.05999,1.30832e-16,5.17902e-17,1.01987e-07,3.63922,0,0,0
14.5818,2,2.99974,2.95572,2.05999,7.46586e-25,-2.08139e-24,-6.70767e-08,4.6881,0,0,0
14.5818,3,0,0,0,0,0,0,0,0,0,0
14.5818,4,0,0,0,0,0,0,0,0,0,0
14.5818,5,0,0,0,0,0,0,0,0,0,0
14.6319,0,-0.000259725,-0.0442824,2.05999,0,0,-6.72522e-08,2.06046,0,0,0
14.6319,1,2.99974,-0.0442824,2.05999,1.28587e-16,5.33566e-17,1.06536e-07,3.63922,0,0,0
14.6319,2,2.99974,2.95572,2.05999,3.74604e-25,2.37249e-24,-6.73123e-08,4.6881,0,0,0
14.6319,3,0,0,0,0,0,0,0,0,0,0
14.6319,4,0,0,0,0,0,0,0,0,0,0
14.6319,5,0,0,0,0,0,0,0,0,0,0
14.6841,0,-0.000259725,-0.0442824,2.05999,0,0,-6.46982e-08,2.06046,0,0,0
14.6841,1,2.99974,-0.0442824,2.05999,1.26343e-16,5.49231e-17,1.11458e-07,3.63922,0,0,0
14.6841,2,2.99974,2.95572,2.05999,1.13097e-24,5.74355e-24,-6.57486e-08,4.6881,0,0,0
14.6841,3,0,0,0,0,0,0,0,0,0,0
14.6841,4,0,0,0,0,0,0,0,0,0,0
14.6841,5,0,0,0,0,0,0,0,0,0,0
14.7342,0,-0.000259725,-0.0442824,2.05999,0,0,-6.28352e-08,2.06046,0,0,0
14.7342,1,2.99974,-0.0442824,2.05999,1.2596e-16,5.81695e-17,1.16587e-07,3.63922,0,0,0
14.7342,2,2.99974,2.95572,2.05999,2.04129e-24,8.05299e-24,-6.65071e-08,4.6881,0,0,0
14.7342,3,0,0,0,0,0,0,0,0,0,0
14.7342,4,0,0,0,0,0,0,0,0,0,0
14.7342,5,0,0,0,0,0,0,0,0,0,0
14.7845,0,-0.000259725,-0.0442824,2.05999,0,0,-6.0425e-08,2.06046,0,0,0
14.7845,1,2.99974,-0.0442824,2.05999,1.16486e-16,7.82261e-17,1.22167e-07,3.63922,0,0,0
14.7845,2,2.99974,2.95572,2.05999,2.92123e-24,9.63338e-24,-6.61151e-08,4.6881,0,0,0
14.7845,3,0,0,0,0,0,0,0,0,0,0
14.7845,4,0,0,0,0,0,0,0,0,0,0
14.7845,5,0,0,0,0,0,0,0,0,0,0
14.8377,0,-0.000259725,-0.0442824,2.05999,0,0,-2.91311e-08,2.06046,0,0,0
14.8377,1,2.99974,-0.0442824,2.05999,1.22868e-16,6.33415e-17,1.28321e-07,3.63922,0,0,0
14.8377,2,2.99974,2.95572,2.05999,2.7775e-24,7.83146e-24,-6.45876e-08,4.6881,0,0,0
14.8377,3,0,0,0,0,0,0,0,0,0,0
14.8377,4,0,0,0,0,0,0,0,0,0,0
14.8377,5,0,0,0,0,0,0,0,0,0,0
14.8881,0,-0.000259725,-0.0442824,2.05999,0,0,3.97587e-08,2.06046,0,0,0
14.8881,1,2.99974,-0.0442824,2.05999,1.31011e-16,4.99315e-17,1.35761e-07,3.63922,0,0,0
14.8881,2,2.99974,2.95572,2.05999,4.69945e-25,2.30795e-24,-6.19256e-08,4.6881,0,0,0
14.8881,3,0,0,0,0,0,0,0,0,0,0
14.8881,4,0,0,0,0,0,0,0,0,0,0
14.8881,5,0,0,0,0,0,0,0,0,0,0
14.9441,0,-0.000259725,-0.0442824,2.05999,0,0,9.27944e-08,2.06046,0,0,0
14.9441,1,2.99974,-0.0442824,2.05999,1.21971e-16,6.94584e-17,1.42986e-07,3.63922,0,0,0
14.9441,2,2.99974,2.95572,2.05999,-7.49546e-26,3.86304e-25,-3.41893e-08,4.6881,0,0,0
14.9441,3,0,0,0,0,0,0,0,0,0,0
14.9441,4,0,0,0,0,0,0,0,0,0,0
14.9441,5,0,0,0,0,0,0,0,0,0,0
14.9977,0,-0.000259725,-0.0442824,2.05999,0,0,1.31613e-07,2.06046,0,0,0
14.9977,1,2.99974,-0.0442824,2.05999,1.28806e-16,5.4033e-17,1.5045e-07,3.63922,0,0,0
14.9977,2,2.99974,2.95572,2.05999,1.02888e-24,7.34915e-25,4.35786e-08,4.6881,0,0,0
14.9977,3,0,0,0,0,0,0,0,0,0,0
14.9977,4,0,0,0,0,0,0,0,0,0,0
14.9977,5,0,0,0,0,0,0,0,0,0,0
15.0486,0,-0.000259725,-0.0442824,2.05999,0,0,8.97045e-08,2.06046,0,0,0
15.0486,1,2.99974,-0.0442824,2.05999,1.27232e-16,5.51068e-17,1.56331e-07,3.63922,0,0,0
15.0486,2,2.99974,2.95572,2.05999,3.59793e-24,4.35208e-24,9.31651e-08,4.6881,0,0,0
15.0486,3,0,0,0,0,0,0,0,0,0,0
15.0486,4,0,0,0,0,0,0,0,0,0,0
15.0486,5,0,0,0,0,0,0,0,0,0,0
15.1014,0,-0.000259725,-0.0442824,2.05999,0,0,8.97045e-08,2.06046,0,0,0
15.1014,1,2.99974,-0.0442824,2.05999,1.23929e-16,5.44509e-17,1.6128e-07,3.63922,0,0,0
15.1014,2,2.99974,2.95572,2.05999,-9.53522e-25,7.82682e-24,1.17794e-07,4.6881,0,0,0
15.1014,3,0,0,0,0,0,0,0,0,0,0
15.1014,4,0,0,0,0,0,0,0,0,0,0
15.1014,5,0,0,0,0,0,0,0,0,0,0
15.1551,0,-0.000259725,-0.0442824,2.05999,0,0,7.06824e-08,2.06046,0,0,0
15.1551,1,2.99974,-0.0442824,2.05999,1.29441e-16,3.70402e-17,1.64008e-07,3.63922,0,0,0
15.1551,2,2.99974,2.95572,2.05999,-6.11693e-24,1.09126e-23,9.67248e-08,4.6881,0,0,0
15.1551,3,0,0,0,0,0,0,0,0,0,0
15.1551,4,0,0,0,0,0,0,0,0,0,0
15.1551,5,0,0,0,0,0,0,0,0,0,0
15.2078,0,-0.000259725,-0.0442824,2.05999,0,0,6.63415e-08,2.06046,0,0,0
15.2078,1,2.99974,-0.0442824,2.05999,1.28086e-16,3.73462e-17,1.69024e-07,3.63922,0,0,0
15.2078,2,2.99974,2.95572,2.05999,-6.16296e-24,9.73979e-24,7.62939e-08,4.6881,0,0,0
15.2078,3,0,0,0,0,0,0,0,0,0,0
15.2078,4,0,0,0,0,0,0,0,0,0,0
15.2078,5,0,0,0,0,0,0,0,0,0,0
15.2579,0,-0.000259725,-0.0442824,2.05999,0,0,6.07846e-08,2.06046,0,0,0
15.2579,1,2.99974,-0.0442824,2.05999,1.26664e-16,3.76675e-17,1.76943e-07,3.63922,0,0,0
15.2579,2,2.99974,2.95572,2.05999,-1.88349e-24,3.8507e-24,6.20479e-08,4.6881,0,0,0
15.2579,3,0,0,0,0,0,0,0,0,0,0
15.2579,4,0,0,0,0,0,0,0,0,0,0
15.2579,5,0,0,0,0,0,0,0,0,0,0
15.3082,0,-0.000259725,-0.0442824,2.05999,0,0,5.89542e-08,2.06046,0,0,0
15.3082,1,2.99974,-0.0442824,2.05999,1.16038e-16,3.04908e-17,1.82813e-07,3.63922,0,0,0
15.3082,2,2.99974,2.95572,2.05999,1.38015e-24,4.60049e-25,5.56729e-08,4.6881,0,0,0
15.3082,3,0,0,0,0,0,0,0,0,0,0
15.3082,4,0,0,0,0,0,0,0,0,0,0
15.3082,5,0,0,0,0,0,0,0,0,0,0
15.361,0,-0.000259725,-0.0442824,2.05999,0,0,5.87774e-08,2.06046,0,0,0
15.361,1,2.99974,-0.0442824,2.05999,1.24753e-16,1.33412e-17,1.90427e-07,3.63922,0,0,0
15.361,2,2.99974,2.95572,2.05999,3.63049e-24,-1.98931e-24,4.91503e-08,4.6881,0,0,0
15.361,3,0,0,0,0,0,0,0,0,0,0
15.361,4,0,0,0,0,0,0,0,0,0,0
15.361,5,0,0,0,0,0,0,0,0,0,0
15.4112,0,-0.000259725,-0.0442824,2.05999,0,0,5.91691e-08,2.06046,0,0,0
15.4112,1,2.99974,-0.0442824,2.05999,1.22149e-16,1.21e-17,1.98578e-07,3.63922,0,0,0
15.4112,2,2.99974,2.95572,2.05999,4.01355e-24,1.01475e-24,4.49044e-08,4.6881,0,0,0
15.4112,3,0,0,0,0,0,0,0,0,0,0
15.4112,4,0,0,0,0,0,0,0,0,0,0
15.4112,5,0,0,0,0,0,0,0,0,0,0
15.4649,0,-0.000259725,-0.0442824,2.05999,0,0,5.75382e-08,2.06046,0,0,0
15.4649,1,2.99974,-0.0442824,2.05999,1.20782e-16,1.14484e-17,2.03929e-07,3.63922,0,0,0
15.4649,2,2.99974,2.95572,2.05999,4.6271e-24,4.40429e-24,4.40409e-08,4.6881,0,0,0
15.4649,3,0,0,0,0,0,0,0,0,0,0
15.4649,4,0,0,0,0,0,0,0,0,0,0
15.4649,5,0,0,0,0,0,0,0,0,0,0
15.5151,0,-0.000259725,-0.0442824,2.05999,0,0,5.69239e-08,2.06046,0,0,0
15.5151,1,2.99974,-0.0442824,2.05999,1.19415e-16,1.07967e-17,2.11786e-07,3.63922,0,0,0
15.5151,2,2.99974,2.95572,2.05999,5.10046e-24,5.10046e-24,4.26579e-08,4.6881,0,0,0
15.5151,3,0,0,0,0,0,0,0,0,0,0
15.5151,4,0,0,0,0,0,0,0,0,0,0
15.5151,5,0,0,0,0,0,0,0,0,0,0
15.5706,0,-0.000259725,-0.0442824,2.05999,0,0,5.69866e-08,2.06046,0,0,0
15.5706,1,2.99974,-0.0442824,2.05999,1.18048e-16,1.01451e-17,2.18793e-07,3.63922,0,0,0
15.5706,2,2.99974,2.95572,2.05999,3.81747e-24,3.85988e-24,4.19196e-08,4.6881,0,0,0
15.5706,3,0,0,0,0,0,0,0,0,0,0
15.5706,4,0,0,0,0,0,0,0,0,0,0
15.5706,5,0,0,0,0,0,0,0,0,0,0
15.6259,0,-0.000259725,-0.0442824,2.05999,0,0,5.79151e-08,2.06046,0,0,0
15.6259,1,2.99974,-0.0442824,2.05999,1.16747e-16,9.52453e-18,2.17345e-07,3.63922,0,0,0
15.6259,2,2.99974,2.95572,2.05999,3.05251e-24,1.10619e-24,4.15152e-08,4.6881,0,0,0
15.6259,3,0,0,0,0,0,0,0,0,0,0
15.6259,4,0,0,0,0,0,0,0,0,0,0
15.6259,5,0,0,0,0,0,0,0,0,0,0
15.6775,0,-0.000259725,-0.0442824,2.05999,0,0,5.96764e-08,2.06046,0,0,0
15.6775,1,2.99974,-0.0442824,2.05999,1.16747e-16,9.52453e-18,1.78662e-07,3.63922,0,0,0
15.6775,2,2.99974,2.95572,2.05999,3.50293e-24,6.86288e-25,4.23907e-08,4.6881,0,0,0
15.6775,3,0,0,0,0,0,0,0,0,0,0
15.6775,4,0,0,0,0,0,0,0,0,0,0
15.6775,5,0,0,0,0,0,0,0,0,0,0
15.734,0,-0.000259725,-0.0442824,2.05999,0,0,6.29952e-08,2.06046,0,0,0
15.734,1,2.99974,-0.0442824,2.05999,1.1538e-16,8.87291e-18,1.2835e-07,3.63922,0,0,0
15.734,2,2.99974,2.95572,2.05999,1.90911e-24,2.64569e-24,4.4569e-08,4.6881,0,0,0
15.734,3,0,0,0,0,0,0,0,0,0,0
15.734,4,0,0,0,0,0,0,0,0,0,0
15.734,5,0,0,0,0,0,0,0,0,0,0
15.7848,0,-0.000259725,-0.0442824,2.05999,0,0,6.61484e-08,2.06046,0,0,0
15.7848,1,2.99974,-0.0442824,2.05999,1.069e-16,2.67148e-17,8.17426e-08,3.63922,0,0,0
15.7848,2,2.99974,2.95572,2.05999,-1.36006e-25,4.3282e-24,4.74402e-08,4.6881,0,0,0
15.7848,3,0,0,0,0,0,0,0,0,0,0
15.7848,4,0,0,0,0,0,0,0,0,0,0
15.7848,5,0,0,0,0,0,0,0,0,0,0
15.8426,0,-0.000259725,-0.0442824,2.05999,0,0,7.02577e-08,2.06046,0,0,0
15.8426,1,2.99974,-0.0442824,2.05999,1.05243e-16,2.68038e-17,5.68177e-08,3.63922,0,0,0
15.8426,2,2.99974,2.95572,2.05999,-1.44752e-24,1.93292e-24,5.13978e-08,4.6881,0,0,0
15.8426,3,0,0,0,0,0,0,0,0,0,0
15.8426,4,0,0,0,0,0,0,0,0,0,0
15.8426,5,0,0,0,0,0,0,0,0,0,0
15.8983,0,-0.000259725,-0.0442824,2.05999,0,0,7.49772e-08,2.06046,0,0,0
15.8983,1,2.99974,-0.0442824,2.05999,1.03585e-16,2.68929e-17,3.49481e-08,3.63922,0,0,0
15.8983,2,2.99974,2.95572,2.05999,-6.98909e-25,-1.26559e-24,5.60047e-08,4.6881,0,0,0
15.8983,3,0,0,0,0,0,0,0,0,0,0
15.8983,4,0,0,0,0,0,0,0,0,0,0
15.8983,5,0,0,0,0,0,0,0,0,0,0
15.9517,0,-0.000259725,-0.0442824,2.05999,0,0,7.99617e-08,2.06046,0,0,0
15.9517,1,2.99974,-0.0442824,2.05999,9.82424e-17,2.32136e-17,1.75126e-08,3.63922,0,0,0
15.9517,2,2.99974,2.95572,2.05999,-1.77303e-25,-2.20644e-24,5.84091e-08,4.6881,0,0,0
15.9517,3,0,0,0,0,0,0,0,0,0,0
15.9517,4,0,0,0,0,0,0,0,0,0,0
15.9517,5,0,0,0,0,0,0,0,0,0,0
16.0052,0,-0.000259725,-0.0442824,2.05999,0,0,8.40303e-08,2.06046,0,0,0
16.0052,1,2.99974,-0.0442824,2.05999,1.05407e-16,6.13434e-18,3.7716e-09,3.63922,0,0,0
16.0052,2,2.99974,2.95572,2.05999,-1.04033e-26,-3.54752e-24,6.16887e-08,4.6881,0,0,0
16.0052,3,0,0,0,0,0,0,0,0,0,0
16.0052,4,0,0,0,0,0,0,0,0,0,0
16.0052,5,0,0,0,0,0,0,0,0,0,0
16.0557,0,-0.000259725,-0.0442824,2.05999,0,0,8.665e-08,2.06046,0,0,0
16.0557,1,2.99974,-0.0442824,2.05999,1.02514e-16,4.6532e-18,-7.73752e-09,3.63922,0,0,0
16.0557,2,2.99974,2.95572,2.05999,-2.29892e-24,-2.63372e-24,6.61748e-08,4.6881,0,0,0
16.0557,3,0,0,0,0,0,0,0,0,0,0
16.0557,4,0,0,0,0,0,0,0,0,0,0
16.0557,5,0,0,0,0,0,0,0,0,0,0
16.1096,0,-0.000259725,-0.0442824,2.05999,0,0,9.0115e-08,2.06046,0,0,0
16.1096,1,2.99974,-0.0442824,2.05999,1.09882e-16,-1.38659e-17,-1.98441e-08,3.63922,0,0,0
16.1096,2,2.99974,2.95572,2.05999,-7.86419e-24,1.3409e-24,7.16323e-08,4.6881,0,0,0
16.1096,3,0,0,0,0,0,0,0,0,0,0
16.1096,4,0,0,0,0,0,0,0,0,0,0
16.1096,5,0,0,0,0,0,0,0,0,0,0
16.1597,0,-0.000259725,-0.0442824,2.05999,0,0,9.49679e-08,2.06046,0,0,0
16.1597,1,2.99974,-0.0442824,2.05999,1.08834e-16,-1.52225e-17,-3.65204e-08,3.63922,0,0,0
16.1597,2,2.99974,2.95572,2.05999,-9.29501e-24,9.385e-25,7.62337e-08,4.6881,0,0,0
16.1597,3,0,0,0,0,0,0,0,0,0,0
16.1597,4,0,0,0,0,0,0,0,0,0,0
16.1597,5,0,0,0,0,0,0,0,0,0,0
16.2099,0,-0.000259725,-0.0442824,2.05999,0,0,9.81155e-08,2.06046,0,0,0
16.2099,1,2.99974,-0.0442824,2.05999,1.17142e-16,-3.41615e-17,-4.75943e-08,3.63922,0,0,0
16.2099,2,2.99974,2.95572,2.05999,-5.92507e-24,-2.38892e-24,8.00322e-08,4.6881,0,0,0
16.2099,3,0,0,0,0,0,0,0,0,0,0
16.2099,4,0,0,0,0,0,0,0,0,0,0
16.2099,5,0,0,0,0,0,0,0,0,0,0
16.2602,0,-0.000259725,-0.0442824,2.05999,0,0,1.02336e-07,2.06046,0,0,0
16.2602,1,2.99974,-0.0442824,2.05999,1.14639e-16,-3.79664e-17,-4.74165e-08,3.63922,0,0,0
16.2602,2,2.99974,2.95572,2.05999,-1.85427e-24,-5.70437e-24,8.3934e-08,4.6881,0,0,0
16.2602,3,0,0,0,0,0,0,0,0,0,0
16.2602,4,0,0,0,0,0,0,0,0,0,0
16.2602,5,0,0,0,0,0,0,0,0,0,0
16.3104,0,-0.000259725,-0.0442824,2.05999,0,0,1.11951e-07,2.06046,0,0,0
16.3104,1,2.99974,-0.0442824,2.05999,1.23094e-16,-5.77008e-17,-5.01992e-08,3.63922,0,0,0
16.3104,2,2.99974,2.95572,2.05999,2.26122e-24,-5.71417e-24,9.05977e-08,4.6881,0,0,0
16.3104,3,0,0,0,0,0,0,0,0,0,0
16.3104,4,0,0,0,0,0,0,0,0,0,0
16.3104,5,0,0,0,0,0,0,0,0,0,0
16.3635,0,-0.000259725,-0.0442824,2.05999,0,0,1.16177e-07,2.06046,0,0,0
16.3635,1,2.99974,-0.0442824,2.05999,1.25115e-16,-8.38479e-17,-5.85897e-08,3.63922,0,0,0
16.3635,2,2.99974,2.95572,2.05999,6.89009e-25,-6.29722e-24,9.50149e-08,4.6881,0,0,0
16.3635,3,0,0,0,0,0,0,0,0,0,0
16.3635,4,0,0,0,0,0,0,0,0,0,0
16.3635,5,0,0,0,0,0,0,0,0,0,0
16.4162,0,-0.000259725,-0.0442824,2.05999,0,0,1.16449e-07,2.06046,0,0,0
16.4162,1,2.99974,-0.0442824,2.05999,1.1593e-16,-7.04468e-17,-6.36988e-08,3.63922,0,0,0
16.4162,2,2.99974,2.95572,2.05999,-5.11442e-24,-6.79127e-24,9.94333e-08,4.6881,0,0,0
16.4162,3,0,0,0,0,0,0,0,0,0,0
16.4162,4,0,0,0,0,0,0,0,0,0,0
16.4162,5,0,0,0,0,0,0,0,0,0,0
16.4664,0,-0.000259725,-0.0442824,2.05999,0,0,1.20847e-07,2.06046,0,0,0
16.4664,1,2.99974,-0.0442824,2.05999,1.0885e-16,-7.98191e-17,-6.19212e-08,3.63922,0,0,0
16.4664,2,2.99974,2.95572,2.05999,-8.29947e-24,-7.26649e-24,1.05609e-07,4.6881,0,0,0
16.4664,3,0,0,0,0,0,0,0,0,0,0
16.4664,4,0,0,0,0,0,0,0,0,0,0
16.4664,5,0,0,0,0,0,0,0,0,0,0
16.5195,0,-0.000259725,-0.0442824,2.05999,0,0,1.25356e-07,2.06046,0,0,0
16.5195,1,2.99974,-0.0442824,2.05999,9.9225e-17,-6.61544e-17,-6.39368e-08,3.63922,0,0,0
16.5195,2,2.99974,2.95572,2.05999,-2.75278e-24,-4.75137e-24,1.11803e-07,4.6881,0,0,0
16.5195,3,0,0,0,0,0,0,0,0,0,0
16.5195,4,0,0,0,0,0,0,0,0,0,0
16.5195,5,0,0,0,0,0,0,0,0,0,0
16.5748,0,-0.000259725,-0.0442824,2.05999,0,0,1.33269e-07,2.06046,0,0,0
16.5748,1,2.99974,-0.0442824,2.05999,9.33262e-17,-7.33585e-17,-6.59772e-08,3.63922,0,0,0
16.5748,2,2.99974,2.95572,2.05999,3.58056e-24,1.9403e-24,1.18613e-07,4.6881,0,0,0
16.5748,3,0,0,0,0,0,0,0,0,0,0
16.5748,4,0,0,0,0,0,0,0,0,0,0
16.5748,5,0,0,0,0,0,0,0,0,0,0
16.6277,0,-0.000259725,-0.0442824,2.05999,0,0,1.39367e-07,2.06046,0,0,0
16.6277,1,2.99974,-0.0442824,2.05999,8.32733e-17,-5.93026e-17,-6.62032e-08,3.63922,0,0,0
16.6277,2,2.99974,2.95572,2.05999,2.46881e-24,1.0445e-23,1.25123e-07,4.6881,0,0,0
16.6277,3,0,0,0,0,0,0,0,0,0,0
16.6277,4,0,0,0,0,0,0,0,0,0,0
16.6277,5,0,0,0,0,0,0,0,0,0,0
16.6781,0,-0.000259725,-0.0442824,2.05999,0,0,1.42383e-07,2.06046,0,0,0
16.6781,1,2.99974,-0.0442824,2.05999,8.14602e-17,-6.14547e-17,-6.44734e-08,3.63922,0,0,0
16.6781,2,2.99974,2.95572,2.05999,8.50499e-24,3.44676e-24,1.32717e-07,4.6881,0,0,0
16.6781,3,0,0,0,0,0,0,0,0,0,0
16.6781,4,0,0,0,0,0,0,0,0,0,0
16.6781,5,0,0,0,0,0,0,0,0,0,0
16.735,0,-0.000259725,-0.0442824,2.05999,0,0,1.49898e-07,2.06046,0,0,0
16.735,1,2.99974,-0.0442824,2.05999,7.97335e-17,-6.35044e-17,-6.28976e-08,3.63922,0,0,0
16.735,2,2.99974,2.95572,2.05999,1.82517e-23,-2.10508e-24,1.37171e-07,4.6881,0,0,0
16.735,3,0,0,0,0,0,0,0,0,0,0
16.735,4,0,0,0,0,0,0,0,0,0,0
16.735,5,0,0,0,0,0,0,0,0,0,0
16.819,0,-0.000259725,-0.0442824,2.05999,0,0,1.5568e-07,2.06046,0,0,0
16.819,1,2.99974,-0.0442824,2.05999,7.80068e-17,-6.5554e-17,-6.39481e-08,3.63922,0,0,0
16.819,2,2.99974,2.95572,2.05999,1.63719e-23,1.8191e-24,1.41931e-07,4.6881,0,0,0
16.819,3,0,0,0,0,0,0,0,0,0,0
16.819,4,0,0,0,0,0,0,0,0,0,0
16.819,5,0,0,0,0,0,0,0,0,0,0
16.8811,0,-0.000259725,-0.0442824,2.05999,0,0,1.64872e-07,2.06046,0,0,0
16.8811,1,2.99974,-0.0442824,2.05999,7.61937e-17,-6.77061e-17,-6.2127e-08,3.63922,0,0,0
16.8811,2,2.99974,2.95572,2.05999,8.19453e-24,1.97662e-23,1.47247e-07,4.6881,0,0,0
16.8811,3,0,0,0,0,0,0,0,0,0,0
16.8811,4,0,0,0,0,0,0,0,0,0,0
16.8811,5,0,0,0,0,0,0,0,0,0,0
16.9313,0,-0.000259725,-0.0442824,2.05999,0,0,1.70218e-07,2.06046,0,0,0
16.9313,1,2.99974,-0.0442824,2.05999,7.75505e-17,-6.63494e-17,-6.01885e-08,3.63922,0,0,0
16.9313,2,2.99974,2.95572,2.05999,5.2457e-24,2.54682e-23,1.50269e-07,4.6881,0,0,0
16.9313,3,0,0,0,0,0,0,0,0,0,0
16.9313,4,0,0,0,0,0,0,0,0,0,0
16.9313,5,0,0,0,0,0,0,0,0,0,0
16.9891,0,-0.000259725,-0.0442824,2.05999,0,0,1.77614e-07,2.06046,0,0,0
16.9891,1,2.99974,-0.0442824,2.05999,6.74739e-17,-2.73076e-17,-5.08645e-08,3.63922,0,0,0
16.9891,2,2.99974,2.95572,2.05999,7.90734e-24,2.05804e-23,1.57874e-07,4.6881,0,0,0
16.9891,3,0,0,0,0,0,0,0,0,0,0
16.9891,4,0,0,0,0,0,0,0,0,0,0
16.9891,5,0,0,0,0,0,0,0,0,0,0
17.0419,0,-0.000259725,-0.0442824,2.05999,0,0,1.85083e-07,2.06046,0,0,0
17.0419,1,2.99974,-0.0442824,2.05999,6.2873e-17,-4.23189e-18,3.20362e-08,3.63922,0,0,0
17.0419,2,2.99974,2.95572,2.05999,3.64719e-24,1.56348e-23,1.6765e-07,4.6881,0,0,0
17.0419,3,0,0,0,0,0,0,0,0,0,0
17.0419,4,0,0,0,0,0,0,0,0,0,0
17.0419,5,0,0,0,0,0,0,0,0,0,0
17.0934,0,-0.000259725,-0.0442824,2.05999,0,0,1.92428e-07,2.06046,0,0,0
17.0934,1,2.99974,-0.0442824,2.05999,5.81264e-17,1.96188e-17,9.87669e-08,3.63922,0,0,0
17.0934,2,2.99974,2.95572,2.05999,-6.69124e-24,1.17245e-23,1.75563e-07,4.6881,0,0,0
17.0934,3,0,0,0,0,0,0,0,0,0,0
17.0934,4,0,0,0,0,0,0,0,0,0,0
17.0934,5,0,0,0,0,0,0,0,0,0,0
17.1468,0,-0.000259725,-0.0442824,2.05999,0,0,1.99013e-07,2.06046,0,0,0
17.1468,1,2.99974,-0.0442824,2.05999,4.71634e-17,3.81947e-17,1.33511e-07,3.63922,0,0,0
17.1468,2,2.99974,2.95572,2.05999,-1.29783e-23,7.528e-25,1.78556e-07,4.6881,0,0,0
17.1468,3,0,0,0,0,0,0,0,0,0,0
17.1468,4,0,0,0,0,0,0,0,0,0,0
17.1468,5,0,0,0,0,0,0,0,0,0,0
17.1969,0,-0.000259725,-0.0442824,2.05999,0,0,2.03303e-07,2.06046,0,0,0
17.1969,1,2.99974,-0.0442824,2.05999,3.57909e-17,5.73773e-17,1.33044e-07,3.63922,0,0,0
17.1969,2,2.99974,2.95572,2.05999,-2.11627e-23,-6.53782e-24,1.83733e-07,4.6881,0,0,0
17.1969,3,0,0,0,0,0,0,0,0,0,0
17.1969,4,0,0,0,0,0,0,0,0,0,0
17.1969,5,0,0,0,0,0,0,0,0,0,0
17.2499,0,-0.000259725,-0.0442824,2.05999,0,0,2.06912e-07,2.06046,0,0,0
17.2499,1,2.99974,-0.0442824,2.05999,3.72787e-17,6.46998e-17,8.37987e-08,3.63922,0,0,0
17.2499,2,2.99974,2.95572,2.05999,-2.19743e-23,-7.17397e-24,1.91621e-07,4.6881,0,0,0
17.2499,3,0,0,0,0,0,0,0,0,0,0
17.2499,4,0,0,0,0,0,0,0,0,0,0
17.2499,5,0,0,0,0,0,0,0,0,0,0
17.3057,0,-0.000259725,-0.0442824,2.05999,0,0,2.06286e-07,2.06046,0,0,0
17.3057,1,2.99974,-0.0442824,2.05999,2.99327e-17,8.88334e-17,7.91045e-08,3.63922,0,0,0
17.3057,2,2.99974,2.95572,2.05999,-2.12091e-23,-1.11733e-23,1.98367e-07,4.6881,0,0,0
17.3057,3,0,0,0,0,0,0,0,0,0,0
17.3057,4,0,0,0,0,0,0,0,0,0,0
17.3057,5,0,0,0,0,0,0,0,0,0,0
17.3572,0,-0.000259725,-0.0442824,2.05999,0,0,1.60339e-07,2.06046,0,0,0
17.3572,1,2.99974,-0.0442824,2.05999,2.90008e-17,9.47765e-17,6.63903e-08,3.63922,0,0,0
17.3572,2,2.99974,2.95572,2.05999,-1.42589e-23,-1.18185e-23,2.06728e-07,4.6881,0,0,0
17.3572,3,0,0,0,0,0,0,0,0,0,0
17.3572,4,0,0,0,0,0,0,0,0,0,0
17.3572,5,0,0,0,0,0,0,0,0,0,0
17.4101,0,-0.000259725,-0.0442824,2.05999,0,0,1.02747e-07,2.06046,0,0,0
17.4101,1,2.99974,-0.0442824,2.05999,2.61827e-17,9.8506e-17,6.00606e-08,3.63922,0,0,0
17.4101,2,2.99974,2.95572,2.05999,-6.47861e-24,-1.46659e-23,2.1108e-07,4.6881,0,0,0
17.4101,3,0,0,0,0,0,0,0,0,0,0
17.4101,4,0,0,0,0,0,0,0,0,0,0
17.4101,5,0,0,0,0,0,0,0,0,0,0
17.4609,0,-0.000259725,-0.0442824,2.05999,0,0,6.8093e-08,2.06046,0,0,0
17.4609,1,2.99974,-0.0442824,2.05999,3.19249e-17,8.54001e-17,5.68914e-08,3.63922,0,0,0
17.4609,2,2.99974,2.95572,2.05999,-3.27415e-24,-1.16414e-23,2.15721e-07,4.6881,0,0,0
17.4609,3,0,0,0,0,0,0,0,0,0,0
17.4609,4,0,0,0,0,0,0,0,0,0,0
17.4609,5,0,0,0,0,0,0,0,0,0,0
17.5116,0,-0.000259725,-0.0442824,2.05999,0,0,4.36543e-08,2.06046,0,0,0
17.5116,1,2.99974,-0.0442824,2.05999,4.38027e-17,7.69368e-17,5.37119e-08,3.63922,0,0,0
17.5116,2,2.99974,2.95572,2.05999,3.68567e-24,-6.50413e-24,2.14266e-07,4.6881,0,0,0
17.5116,3,0,0,0,0,0,0,0,0,0,0
17.5116,4,0,0,0,0,0,0,0,0,0,0
17.5116,5,0,0,0,0,0,0,0,0,0,0
17.5618,0,-0.000259725,-0.0442824,2.05999,0,0,2.02746e-08,2.06046,0,0,0
17.5618,1,2.99974,-0.0442824,2.05999,4.54145e-17,8.40326e-17,4.96206e-08,3.63922,0,0,0
17.5618,2,2.99974,2.95572,2.05999,9.8375e-24,-1.67173e-24,1.90633e-07,4.6881,0,0,0
17.5618,3,0,0,0,0,0,0,0,0,0,0
17.5618,4,0,0,0,0,0,0,0,0,0,0
17.5618,5,0,0,0,0,0,0,0,0,0,0
17.6171,0,-0.000259725,-0.0442824,2.05999,0,0,2.21949e-09,2.06046,0,0,0
17.6171,1,2.99974,-0.0442824,2.05999,5.264e-17,6.9849e-17,4.90396e-08,3.63922,0,0,0
17.6171,2,2.99974,2.95572,2.05999,3.98826e-24,2.07722e-25,1.23174e-07,4.6881,0,0,0
17.6171,3,0,0,0,0,0,0,0,0,0,0
17.6171,4,0,0,0,0,0,0,0,0,0,0
17.6171,5,0,0,0,0,0,0,0,0,0,0
17.6725,0,-0.000259725,-0.0442824,2.05999,0,0,-1.26234e-08,2.06046,0,0,0
17.6725,1,2.99974,-0.0442824,2.05999,5.11951e-17,7.19819e-17,5.01933e-08,3.63922,0,0,0
17.6725,2,2.99974,2.95572,2.05999,1.76592e-24,1.64413e-24,9.02712e-08,4.6881,0,0,0
17.6725,3,0,0,0,0,0,0,0,0,0,0
17.6725,4,0,0,0,0,0,0,0,0,0,0
17.6725,5,0,0,0,0,0,0,0,0,0,0
17.7236,0,-0.000259725,-0.0442824,2.05999,0,0,-2.42732e-08,2.06046,0,0,0
17.7236,1,2.99974,-0.0442824,2.05999,5.86341e-17,5.70855e-17,5.34253e-08,3.63922,0,0,0
17.7236,2,2.99974,2.95572,2.05999,4.75942e-24,3.06664e-24,7.27375e-08,4.6881,0,0,0
17.7236,3,0,0,0,0,0,0,0,0,0,0
17.7236,4,0,0,0,0,0,0,0,0,0,0
17.7236,5,0,0,0,0,0,0,0,0,0,0
17.7741,0,-0.000259725,-0.0442824,2.05999,0,0,-3.4976e-08,2.06046,0,0,0
17.7741,1,2.99974,-0.0442824,2.05999,5.74767e-17,5.86438e-17,5.49911e-08,3.63922,0,0,0
17.7741,2,2.99974,2.95572,2.05999,3.35302e-24,2.10995e-24,4.8494e-08,4.6881,0,0,0
17.7741,3,0,0,0,0,0,0,0,0,0,0
17.7741,4,0,0,0,0,0,0,0,0,0,0
17.7741,5,0,0,0,0,0,0,0,0,0,0
17.8269,0,-0.000259725,-0.0442824,2.05999,0,0,-4.36441e-08,2.06046,0,0,0
17.8269,1,2.99974,-0.0442824,2.05999,5.63192e-17,6.02022e-17,5.61183e-08,3.63922,0,0,0
17.8269,2,2.99974,2.95572,2.05999,1.08729e-24,-1.2041e-24,2.66418e-08,4.6881,0,0,0
17.8269,3,0,0,0,0,0,0,0,0,0,0
17.8269,4,0,0,0,0,0,0,0,0,0,0
17.8269,5,0,0,0,0,0,0,0,0,0,0
17.8771,0,-0.000259725,-0.0442824,2.05999,0,0,-5.23915e-08,2.06046,0,0,0
17.8771,1,2.99974,-0.0442824,2.05999,5.51066e-17,6.18347e-17,5.77877e-08,3.63922,0,0,0
17.8771,2,2.99974,2.95572,2.05999,2.264e-26,-1.19725e-24,7.89701e-09,4.6881,0,0,0
17.8771,3,0,0,0,0,0,0,0,0,0,0
17.8771,4,0,0,0,0,0,0,0,0,0,0
17.8771,5,0,0,0,0,0,0,0,0,0,0
17.9328,0,-0.000259725,-0.0442824,2.05999,0,0,-5.89325e-08,2.06046,0,0,0
17.9328,1,2.99974,-0.0442824,2.05999,5.40043e-17,6.33189e-17,5.99309e-08,3.63922,0,0,0
17.9328,2,2.99974,2.95572,2.05999,-7.49468e-26,1.31445e-24,-8.54645e-09,4.6881,0,0,0
17.9328,3,0,0,0,0,0,0,0,0,0,0
17.9328,4,0,0,0,0,0,0,0,0,0,0
17.9328,5,0,0,0,0,0,0,0,0,0,0
17.9847,0,-0.000259725,-0.0442824,2.05999,0,0,-6.47688e-08,2.06046,0,0,0
17.9847,1,2.99974,-0.0442824,2.05999,4.41573e-17,8.19729e-17,6.23672e-08,3.63922,0,0,0
17.9847,2,2.99974,2.95572,2.05999,-5.83089e-25,2.22146e-24,-2.1212e-08,4.6881,0,0,0
17.9847,3,0,0,0,0,0,0,0,0,0,0
17.9847,4,0,0,0,0,0,0,0,0,0,0
17.9847,5,0,0,0,0,0,0,0,0,0,0
18.0374,0,-0.000259725,-0.0442824,2.05999,0,0,-6.91891e-08,2.06046,0,0,0
18.0374,1,2.99974,-0.0442824,2.05999,5.17056e-17,6.72029e-17,6.53666e-08,3.63922,0,0,0
18.0374,2,2.99974,2.95572,2.05999,-1.2214e-24,1.92829e-24,-2.65296e-08,4.6881,0,0,0
18.0374,3,0,0,0,0,0,0,0,0,0,0
18.0374,4,0,0,0,0,0,0,0,0,0,0
18.0374,5,0,0,0,0,0,0,0,0,0,0
18.0904,0,-0.000259725,-0.0442824,2.05999,0,0,-7.31101e-08,2.06046,0,0,0
18.0904,1,2.99974,-0.0442824,2.05999,5.85031e-17,5.26002e-17,7.41273e-08,3.63922,0,0,0
18.0904,2,2.99974,2.95572,2.05999,-3.83112e-24,6.93105e-25,-4.51641e-08,4.6881,0,0,0
18.0904,3,0,0,0,0,0,0,0,0,0,0
18.0904,4,0,0,0,0,0,0,0,0,0,0
18.0904,5,0,0,0,0,0,0,0,0,0,0
18.1406,0,-0.000259725,-0.0442824,2.05999,0,0,-7.74434e-08,2.06046,0,0,0
18.1406,1,2.99974,-0.0442824,2.05999,5.77465e-17,5.34434e-17,7.89428e-08,3.63922,0,0,0
18.1406,2,2.99974,2.95572,2.05999,-3.83112e-24,6.93105e-25,-4.51641e-08,4.6881,0,0,0
18.1406,3,0,0,0,0,0,0,0,0,0,0
18.1406,4,0,0,0,0,0,0,0,0,0,0
18.1406,5,0,0,0,0,0,0,0,0,0,0
18.1915,0,-0.000259725,-0.0442824,2.05999,0,0,-8.0444e-08,2.06046,0,0,0
18.1915,1,2.99974,-0.0442824,2.05999,5.77465e-17,5.34434e-17,7.89428e-08,3.63922,0,0,0
18.1915,2,2.99974,2.95572,2.05999,-1.94527e-24,1.48656e-24,-5.03709e-08,4.6881,0,0,0
18.1915,3,0,0,0,0,0,0,0,0,0,0
18.1915,4,0,0,0,0,0,0,0,0,0,0
18.1915,5,0,0,0,0,0,0,0,0,0,0
18.2447,0,-0.000259725,-0.0442824,2.05999,0,0,-8.18013e-08,2.06046,0,0,0
18.2447,1,2.99974,-0.0442824,2.05999,6.09651e-17,3.35258e-17,8.81567e-08,3.63922,0,0,0
18.2447,2,2.99974,2.95572,2.05999,5.06237e-24,7.27652e-24,-5.96789e-08,4.6881,0,0,0
18.2447,3,0,0,0,0,0,0,0,0,0,0
18.2447,4,0,0,0,0,0,0,0,0,0,0
18.2447,5,0,0,0,0,0,0,0,0,0,0
18.2949,0,-0.000259725,-0.0442824,2.05999,0,0,-8.16382e-08,2.06046,0,0,0
18.2949,1,2.99974,-0.0442824,2.05999,6.09651e-17,3.35258e-17,8.81567e-08,3.63922,0,0,0
18.2949,2,2.99974,2.95572,2.05999,5.06237e-24,7.27652e-24,-5.96789e-08,4.6881,0,0,0
18.2949,3,0,0,0,0,0,0,0,0,0,0
18.2949,4,0,0,0,0,0,0,0,0,0,0
18.2949,5,0,0,0,0,0,0,0,0,0,0
18.345,0,-0.000259725,-0.0442824,2.05999,0,0,-7.11072e-08,2.06046,0,0,0
18.345,1,2.99974,-0.0442824,2.05999,6.03989e-17,3.35771e-17,9.20221e-08,3.63922,0,0,0
18.345,2,2.99974,2.95572,2.05999,9.56892e-24,4.87124e-24,-6.86109e-08,4.6881,0,0,0
18.345,3,0,0,0,0,0,0,0,0,0,0
18.345,4,0,0,0,0,0,0,0,0,0,0
18.345,5,0,0,0,0,0,0,0,0,0,0
18.3953,0,-0.000259725,-0.0442824,2.05999,0,0,-1.85582e-08,2.06046,0,0,0
18.3953,1,2.99974,-0.0442824,2.05999,5.67898e-17,3.05856e-17,9.79548e-08,3.63922,0,0,0
18.3953,2,2.99974,2.95572,2.05999,9.89253e-24,-1.06535e-24,-6.94202e-08,4.6881,0,0,0
18.3953,3,0,0,0,0,0,0,0,0,0,0
18.3953,4,0,0,0,0,0,0,0,0,0,0
18.3953,5,0,0,0,0,0,0,0,0,0,0
18.4482,0,-0.000259725,-0.0442824,2.05999,0,0,4.50984e-08,2.06046,0,0,0
18.4482,1,2.99974,-0.0442824,2.05999,6.02208e-17,8.74554e-18,1.04104e-07,3.63922,0,0,0
18.4482,2,2.99974,2.95572,2.05999,6.61842e-24,-2.99881e-24,-6.23935e-08,4.6881,0,0,0
18.4482,3,0,0,0,0,0,0,0,0,0,0
18.4482,4,0,0,0,0,0,0,0,0,0,0
18.4482,5,0,0,0,0,0,0,0,0,0,0
18.4983,0,-0.000259725,-0.0442824,2.05999,0,0,8.95707e-08,2.06046,0,0,0
18.4983,1,2.99974,-0.0442824,2.05999,5.96592e-17,7.77232e-18,1.1022e-07,3.63922,0,0,0
18.4983,2,2.99974,2.95572,2.05999,1.09678e-24,-3.31272e-24,-6.63634e-08,4.6881,0,0,0
18.4983,3,0,0,0,0,0,0,0,0,0,0
18.4983,4,0,0,0,0,0,0,0,0,0,0
18.4983,5,0,0,0,0,0,0,0,0,0,0
18.5528,0,-0.000259725,-0.0442824,2.05999,0,0,1.24788e-07,2.06046,0,0,0
18.5528,1,2.99974,-0.0442824,2.05999,6.32231e-17,-1.49582e-17,1.14434e-07,3.63922,0,0,0
18.5528,2,2.99974,2.95572,2.05999,-4.93491e-24,-4.80001e-24,-6.66576e-08,4.6881,0,0,0
18.5528,3,0,0,0,0,0,0,0,0,0,0
18.5528,4,0,0,0,0,0,0,0,0,0,0
18.5528,5,0,0,0,0,0,0,0,0,0,0
18.6032,0,-0.000259725,-0.0442824,2.05999,0,0,1.50143e-07,2.06046,0,0,0
18.6032,1,2.99974,-0.0442824,2.05999,6.28803e-17,-1.66674e-17,1.201e-07,3.63922,0,0,0
18.6032,2,2.99974,2.95572,2.05999,-4.87882e-24,-7.7022e-24,-6.69678e-08,4.6881,0,0,0
18.6032,3,0,0,0,0,0,0,0,0,0,0
18.6032,4,0,0,0,0,0,0,0,0,0,0
18.6032,5,0,0,0,0,0,0,0,0,0,0
18.6617,0,-0.000259725,-0.0442824,2.05999,0,0,9.65489e-08,2.06046,0,0,0
18.6617,1,2.99974,-0.0442824,2.05999,6.25374e-17,-1.83767e-17,1.23958e-07,3.63922,0,0,0
18.6617,2,2.99974,2.95572,2.05999,-3.14499e-24,-7.89006e-24,-6.54349e-08,4.6881,0,0,0
18.6617,3,0,0,0,0,0,0,0,0,0,0
18.6617,4,0,0,0,0,0,0,0,0,0,0
18.6617,5,0,0,0,0,0,0,0,0,0,0
18.7219,0,-0.000259725,-0.0442824,2.05999,0,0,7.01282e-08,2.06046,0,0,0
18.7219,1,2.99974,-0.0442824,2.05999,7.07873e-17,-3.71755e-17,1.3115e-07,3.63922,0,0,0
18.7219,2,2.99974,2.95572,2.05999,8.40284e-25,-4.7216e-24,-5.93174e-08,4.6881,0,0,0
18.7219,3,0,0,0,0,0,0,0,0,0,0
18.7219,4,0,0,0,0,0,0,0,0,0,0
18.7219,5,0,0,0,0,0,0,0,0,0,0
18.7721,0,-0.000259725,-0.0442824,2.05999,0,0,5.45512e-08,2.06046,0,0,0
18.7721,1,2.99974,-0.0442824,2.05999,7.07789e-17,-3.95326e-17,1.39325e-07,3.63922,0,0,0
18.7721,2,2.99974,2.95572,2.05999,4.16503e-24,-6.21927e-25,-5.58767e-08,4.6881,0,0,0
18.7721,3,0,0,0,0,0,0,0,0,0,0
18.7721,4,0,0,0,0,0,0,0,0,0,0
18.7721,5,0,0,0,0,0,0,0,0,0,0
18.8295,0,-0.000259725,-0.0442824,2.05999,0,0,4.53909e-08,2.06046,0,0,0
18.8295,1,2.99974,-0.0442824,2.05999,7.07705e-17,-4.18896e-17,1.45199e-07,3.63922,0,0,0
18.8295,2,2.99974,2.95572,2.05999,3.71258e-24,5.92133e-25,-5.57332e-08,4.6881,0,0,0
18.8295,3,0,0,0,0,0,0,0,0,0,0
18.8295,4,0,0,0,0,0,0,0,0,0,0
18.8295,5,0,0,0,0,0,0,0,0,0,0
18.8797,0,-0.000259725,-0.0442824,2.05999,0,0,4.02546e-08,2.06046,0,0,0
18.8797,1,2.99974,-0.0442824,2.05999,7.07621e-17,-4.42467e-17,1.50724e-07,3.63922,0,0,0
18.8797,2,2.99974,2.95572,2.05999,2.3228e-24,-1.9303e-26,-3.8154e-08,4.6881,0,0,0
18.8797,3,0,0,0,0,0,0,0,0,0,0
18.8797,4,0,0,0,0,0,0,0,0,0,0
18.8797,5,0,0,0,0,0,0,0,0,0,0
18.9299,0,-0.000259725,-0.0442824,2.05999,0,0,3.64561e-08,2.06046,0,0,0
18.9299,1,2.99974,-0.0442824,2.05999,6.52773e-17,-5.20802e-17,1.57328e-07,3.63922,0,0,0
18.9299,2,2.99974,2.95572,2.05999,-9.77828e-25,4.80183e-25,1.29426e-08,4.6881,0,0,0
18.9299,3,0,0,0,0,0,0,0,0,0,0
18.9299,4,0,0,0,0,0,0,0,0,0,0
18.9299,5,0,0,0,0,0,0,0,0,0,0
18.98,0,-0.000259725,-0.0442824,2.05999,0,0,3.31792e-08,2.06046,0,0,0
18.98,1,2.99974,-0.0442824,2.05999,7.00438e-17,-7.5535e-17,1.61676e-07,3.63922,0,0,0
18.98,2,2.99974,2.95572,2.05999,-2.97723e-24,4.71283e-24,7.91667e-08,4.6881,0,0,0
18.98,3,0,0,0,0,0,0,0,0,0,0
18.98,4,0,0,0,0,0,0,0,0,0,0
18.98,5,0,0,0,0,0,0,0,0,0,0
19.0332,0,-0.000259725,-0.0442824,2.05999,0,0,3.02171e-08,2.06046,0,0,0
19.0332,1,2.99974,-0.0442824,2.05999,6.11606e-17,-6.18899e-17,1.65966e-07,3.63922,0,0,0
19.0332,2,2.99974,2.95572,2.05999,2.73155e-24,5.52381e-24,1.19981e-07,4.6881,0,0,0
19.0332,3,0,0,0,0,0,0,0,0,0,0
19.0332,4,0,0,0,0,0,0,0,0,0,0
19.0332,5,0,0,0,0,0,0,0,0,0,0
19.0924,0,-0.000259725,-0.0442824,2.05999,0,0,2.80687e-08,2.06046,0,0,0
19.0924,1,2.99974,-0.0442824,2.05999,6.08055e-17,-6.45937e-17,1.70745e-07,3.63922,0,0,0
19.0924,2,2.99974,2.95572,2.05999,3.27096e-24,3.75718e-24,1.31054e-07,4.6881,0,0,0
19.0924,3,0,0,0,0,0,0,0,0,0,0
19.0924,4,0,0,0,0,0,0,0,0,0,0
19.0924,5,0,0,0,0,0,0,0,0,0,0
19.1455,0,-0.000259725,-0.0442824,2.05999,0,0,2.4844e-08,2.06046,0,0,0
19.1455,1,2.99974,-0.0442824,2.05999,5.30612e-17,-4.88219e-17,1.80603e-07,3.63922,0,0,0
19.1455,2,2.99974,2.95572,2.05999,-6.57951e-25,5.00348e-24,9.0732e-08,4.6881,0,0,0
19.1455,3,0,0,0,0,0,0,0,0,0,0
19.1455,4,0,0,0,0,0,0,0,0,0,0
19.1455,5,0,0,0,0,0,0,0,0,0,0
19.1958,0,-0.000259725,-0.0442824,2.05999,0,0,2.27563e-08,2.06046,0,0,0
19.1958,1,2.99974,-0.0442824,2.05999,5.24168e-17,-5.08229e-17,1.86573e-07,3.63922,0,0,0
19.1958,2,2.99974,2.95572,2.05999,2.38407e-25,4.63011e-24,7.44047e-08,4.6881,0,0,0
19.1958,3,0,0,0,0,0,0,0,0,0,0
19.1958,4,0,0,0,0,0,0,0,0,0,0
19.1958,5,0,0,0,0,0,0,0,0,0,0
19.2463,0,-0.000259725,-0.0442824,2.05999,0,0,2.23633e-08,2.06046,0,0,0
19.2463,1,2.99974,-0.0442824,2.05999,5.17723e-17,-5.2824e-17,1.92733e-07,3.63922,0,0,0
19.2463,2,2.99974,2.95572,2.05999,1.6512e-24,1.56372e-24,6.48423e-08,4.6881,0,0,0
19.2463,3,0,0,0,0,0,0,0,0,0,0
19.2463,4,0,0,0,0,0,0,0,0,0,0
19.2463,5,0,0,0,0,0,0,0,0,0,0
19.297,0,-0.000259725,-0.0442824,2.05999,0,0,2.41459e-08,2.06046,0,0,0
19.297,1,2.99974,-0.0442824,2.05999,5.11279e-17,-5.4825e-17,2.012e-07,3.63922,0,0,0
19.297,2,2.99974,2.95572,2.05999,1.09442e-24,3.05649e-25,5.84651e-08,4.6881,0,0,0
19.297,3,0,0,0,0,0,0,0,0,0,0
19.297,4,0,0,0,0,0,0,0,0,0,0
19.297,5,0,0,0,0,0,0,0,0,0,0
19.3474,0,-0.000259725,-0.0442824,2.05999,0,0,2.54119e-08,2.06046,0,0,0
19.3474,1,2.99974,-0.0442824,2.05999,5.04834e-17,-5.6826e-17,2.0792e-07,3.63922,0,0,0
19.3474,2,2.99974,2.95572,2.05999,-3.20662e-24,-1.65414e-24,5.47966e-08,4.6881,0,0,0
19.3474,3,0,0,0,0,0,0,0,0,0,0
19.3474,4,0,0,0,0,0,0,0,0,0,0
19.3474,5,0,0,0,0,0,0,0,0,0,0
19.403,0,-0.000259725,-0.0442824,2.05999,0,0,2.69459e-08,2.06046,0,0,0
19.403,1,2.99974,-0.0442824,2.05999,4.9839e-17,-5.88271e-17,2.13933e-07,3.63922,0,0,0
19.403,2,2.99974,2.95572,2.05999,-4.44672e-24,-4.69624e-24,5.28415e-08,4.6881,0,0,0
19.403,3,0,0,0,0,0,0,0,0,0,0
19.403,4,0,0,0,0,0,0,0,0,0,0
19.403,5,0,0,0,0,0,0,0,0,0,0
19.4593,0,-0.000259725,-0.0442824,2.05999,0,0,2.97129e-08,2.06046,0,0,0
19.4593,1,2.99974,-0.0442824,2.05999,4.91946e-17,-6.08281e-17,2.13196e-07,3.63922,0,0,0
19.4593,2,2.99974,2.95572,2.05999,-3.87765e-24,-8.5811e-24,5.32256e-08,4.6881,0,0,0
19.4593,3,0,0,0,0,0,0,0,0,0,0
19.4593,4,0,0,0,0,0,0,0,0,0,0
19.4593,5,0,0,0,0,0,0,0,0,0,0
19.5095,0,-0.000259725,-0.0442824,2.05999,0,0,3.22966e-08,2.06046,0,0,0
19.5095,1,2.99974,-0.0442824,2.05999,4.85501e-17,-6.28292e-17,1.76176e-07,3.63922,0,0,0
19.5095,2,2.99974,2.95572,2.05999,-4.53036e-24,-9.72306e-24,5.23662e-08,4.6881,0,0,0
19.5095,3,0,0,0,0,0,0,0,0,0,0
19.5095,4,0,0,0,0,0,0,0,0,0,0
19.5095,5,0,0,0,0,0,0,0,0,0,0
19.5602,0,-0.000259725,-0.0442824,2.05999,0,0,3.49874e-08,2.06046,0,0,0
19.5602,1,2.99974,-0.0442824,2.05999,4.79057e-17,-6.48302e-17,1.13864e-07,3.63922,0,0,0
19.5602,2,2.99974,2.95572,2.05999,-3.2039e-24,-8.1251e-24,5.06622e-08,4.6881,0,0,0
19.5602,3,0,0,0,0,0,0,0,0,0,0
19.5602,4,0,0,0,0,0,0,0,0,0,0
19.5602,5,0,0,0,0,0,0,0,0,0,0
19.6103,0,-0.000259725,-0.0442824,2.05999,0,0,3.87629e-08,2.06046,0,0,0
19.6103,1,2.99974,-0.0442824,2.05999,3.74051e-17,-5.11891e-17,7.75367e-08,3.63922,0,0,0
19.6103,2,2.99974,2.95572,2.05999,-1.50375e-24,-6.90052e-24,4.95379e-08,4.6881,0,0,0
19.6103,3,0,0,0,0,0,0,0,0,0,0
19.6103,4,0,0,0,0,0,0,0,0,0,0
19.6103,5,0,0,0,0,0,0,0,0,0,0
19.6635,0,-0.000259725,-0.0442824,2.05999,0,0,4.28202e-08,2.06046,0,0,0
19.6635,1,2.99974,-0.0442824,2.05999,3.74051e-17,-5.11891e-17,5.32952e-08,3.63922,0,0,0
19.6635,2,2.99974,2.95572,2.05999,-4.5646e-25,-5.70575e-24,5.20517e-08,4.6881,0,0,0
19.6635,3,0,0,0,0,0,0,0,0,0,0
19.6635,4,0,0,0,0,0,0,0,0,0,0
19.6635,5,0,0,0,0,0,0,0,0,0,0
19.7193,0,-0.000259725,-0.0442824,2.05999,0,0,4.28202e-08,2.06046,0,0,0
19.7193,1,2.99974,-0.0442824,2.05999,3.841e-17,-5.04291e-17,3.52252e-08,3.63922,0,0,0
19.7193,2,2.99974,2.95572,2.05999,-3.44507e-25,-4.00717e-24,5.37589e-08,4.6881,0,0,0
19.7193,3,0,0,0,0,0,0,0,0,0,0
19.7193,4,0,0,0,0,0,0,0,0,0,0
19.7193,5,0,0,0,0,0,0,0,0,0,0
19.7694,0,-0.000259725,-0.0442824,2.05999,0,0,4.73685e-08,2.06046,0,0,0
19.7694,1,2.99974,-0.0442824,2.05999,2.7438e-17,-3.51671e-17,6.73254e-09,3.63922,0,0,0
19.7694,2,2.99974,2.95572,2.05999,7.1454e-25,-1.17853e-24,5.50264e-08,4.6881,0,0,0
19.7694,3,0,0,0,0,0,0,0,0,0,0
19.7694,4,0,0,0,0,0,0,0,0,0,0
19.7694,5,0,0,0,0,0,0,0,0,0,0
19.8256,0,-0.000259725,-0.0442824,2.05999,0,0,4.91178e-08,2.06046,0,0,0
19.8256,1,2.99974,-0.0442824,2.05999,3.41402e-17,-2.77439e-17,-1.24298e-08,3.63922,0,0,0
19.8256,2,2.99974,2.95572,2.05999,3.27723e-24,1.80779e-24,5.73248e-08,4.6881,0,0,0
19.8256,3,0,0,0,0,0,0,0,0,0,0
19.8256,4,0,0,0,0,0,0,0,0,0,0
19.8256,5,0,0,0,0,0,0,0,0,0,0
19.8757,0,-0.000259725,-0.0442824,2.05999,0,0,5.44458e-08,2.06046,0,0,0
19.8757,1,2.99974,-0.0442824,2.05999,2.42216e-17,-1.04969e-17,-2.90963e-08,3.63922,0,0,0
19.8757,2,2.99974,2.95572,2.05999,6.07889e-24,2.41665e-24,6.31283e-08,4.6881,0,0,0
19.8757,3,0,0,0,0,0,0,0,0,0,0
19.8757,4,0,0,0,0,0,0,0,0,0,0
19.8757,5,0,0,0,0,0,0,0,0,0,0
19.931,0,-0.000259725,-0.0442824,2.05999,0,0,5.84947e-08,2.06046,0,0,0
19.931,1,2.99974,-0.0442824,2.05999,2.42216e-17,-1.04969e-17,-3.23221e-08,3.63922,0,0,0
19.931,2,2.99974,2.95572,2.05999,5.57679e-24,2.27446e-24,6.48411e-08,4.6881,0,0,0
19.931,3,0,0,0,0,0,0,0,0,0,0
19.931,4,0,0,0,0,0,0,0,0,0,0
19.931,5,0,0,0,0,0,0,0,0,0,0
19.9872,0,-0.000259725,-0.0442824,2.05999,0,0,7.04701e-08,2.06046,0,0,0
19.9872,1,2.99974,-0.0442824,2.05999,1.30637e-17,8.51163e-18,-4.13869e-08,3.63922,0,0,0
19.9872,2,2.99974,2.95572,2.05999,2.96489e-24,3.4815e-24,6.65949e-08,4.6881,0,0,0
19.9872,3,0,0,0,0,0,0,0,0,0,0
19.9872,4,0,0,0,0,0,0,0,0,0,0
19.9872,5,0,0,0,0,0,0,0,0,0,0
20.0381,0,-0.000259725,-0.0442824,2.05999,0,0,7.54389e-08,2.06046,0,0,0
20.0381,1,2.99974,-0.0442824,2.05999,1.30637e-17,8.51163e-18,-5.50092e-08,3.63922,0,0,0
20.0381,2,2.99974,2.95572,2.05999,2.05768e-24,5.00417e-24,7.21981e-08,4.6881,0,0,0
20.0381,3,0,0,0,0,0,0,0,0,0,0
20.0381,4,0,0,0,0,0,0,0,0,0,0
20.0381,5,0,0,0,0,0,0,0,0,0,0
20.0883,0,-0.000259725,-0.0442824,2.05999,0,0,7.54389e-08,2.06046,0,0,0
20.0883,1,2.99974,-0.0442824,2.05999,2.04955e-17,1.86743e-17,-5.52298e-08,3.63922,0,0,0
20.0883,2,2.99974,2.95572,2.05999,-6.20148e-25,6.61491e-24,7.66107e-08,4.6881,0,0,0
20.0883,3,0,0,0,0,0,0,0,0,0,0
20.0883,4,0,0,0,0,0,0,0,0,0,0
20.0883,5,0,0,0,0,0,0,0,0,0,0
20.1387,0,-0.000259725,-0.0442824,2.05999,0,0,8.59098e-08,2.06046,0,0,0
20.1387,1,2.99974,-0.0442824,2.05999,1.03413e-17,3.70426e-17,-6.50182e-08,3.63922,0,0,0
20.1387,2,2.99974,2.95572,2.05999,-3.54387e-24,1.04668e-23,8.14504e-08,4.6881,0,0,0
20.1387,3,0,0,0,0,0,0,0,0,0,0
20.1387,4,0,0,0,0,0,0,0,0,0,0
20.1387,5,0,0,0,0,0,0,0,0,0,0
20.1891,0,-0.000259725,-0.0442824,2.05999,0,0,8.59098e-08,2.06046,0,0,0
20.1891,1,2.99974,-0.0442824,2.05999,8.65586e-18,3.91317e-17,-6.38359e-08,3.63922,0,0,0
20.1891,2,2.99974,2.95572,2.05999,-5.05292e-24,1.13727e-23,8.63473e-08,4.6881,0,0,0
20.1891,3,0,0,0,0,0,0,0,0,0,0
20.1891,4,0,0,0,0,0,0,0,0,0,0
20.1891,5,0,0,0,0,0,0,0,0,0,0
20.2419,0,-0.000259725,-0.0442824,2.05999,0,0,9.3102e-08,2.06046,0,0,0
20.2419,1,2.99974,-0.0442824,2.05999,7.05069e-18,4.11214e-17,-7.26385e-08,3.63922,0,0,0
20.2419,2,2.99974,2.95572,2.05999,-3.91404e-24,1.03188e-23,9.17362e-08,4.6881,0,0,0
20.2419,3,0,0,0,0,0,0,0,0,0,0
20.2419,4,0,0,0,0,0,0,0,0,0,0
20.2419,5,0,0,0,0,0,0,0,0,0,0
20.2971,0,-0.000259725,-0.0442824,2.05999,0,0,9.97291e-08,2.06046,0,0,0
20.2971,1,2.99974,-0.0442824,2.05999,3.76007e-18,4.52002e-17,-7.56345e-08,3.63922,0,0,0
20.2971,2,2.99974,2.95572,2.05999,-4.63358e-24,1.08679e-23,9.99125e-08,4.6881,0,0,0
20.2971,3,0,0,0,0,0,0,0,0,0,0
20.2971,4,0,0,0,0,0,0,0,0,0,0
20.2971,5,0,0,0,0,0,0,0,0,0,0
20.3527,0,-0.000259725,-0.0442824,2.05999,0,0,1.11477e-07,2.06046,0,0,0
20.3527,1,2.99974,-0.0442824,2.05999,2.15489e-18,4.71899e-17,-7.55519e-08,3.63922,0,0,0
20.3527,2,2.99974,2.95572,2.05999,-3.37739e-24,6.5392e-24,1.06527e-07,4.6881,0,0,0
20.3527,3,0,0,0,0,0,0,0,0,0,0
20.3527,4,0,0,0,0,0,0,0,0,0,0
20.3527,5,0,0,0,0,0,0,0,0,0,0
20.4058,0,-0.000259725,-0.0442824,2.05999,0,0,1.17728e-07,2.06046,0,0,0
20.4058,1,2.99974,-0.0442824,2.05999,5.4971e-19,4.91796e-17,-7.48075e-08,3.63922,0,0,0
20.4058,2,2.99974,2.95572,2.05999,-8.83403e-25,1.03064e-24,1.09132e-07,4.6881,0,0,0
20.4058,3,0,0,0,0,0,0,0,0,0,0
20.4058,4,0,0,0,0,0,0,0,0,0,0
20.4058,5,0,0,0,0,0,0,0,0,0,0
20.456,0,-0.000259725,-0.0442824,2.05999,0,0,1.17728e-07,2.06046,0,0,0
20.456,1,2.99974,-0.0442824,2.05999,-7.48386e-18,4.47412e-17,-7.45944e-08,3.63922,0,0,0
20.456,2,2.99974,2.95572,2.05999,-1.49334e-24,4.40439e-24,1.1209e-07,4.6881,0,0,0
20.456,3,0,0,0,0,0,0,0,0,0,0
20.456,4,0,0,0,0,0,0,0,0,0,0
20.456,5,0,0,0,0,0,0,0,0,0,0
20.5114,0,-0.000259725,-0.0442824,2.05999,0,0,1.23841e-07,2.06046,0,0,0
20.5114,1,2.99974,-0.0442824,2.05999,-1.09746e-19,2.88475e-17,-7.23199e-08,3.63922,0,0,0
20.5114,2,2.99974,2.95572,2.05999,6.04511e-24,9.14827e-24,1.19487e-07,4.6881,0,0,0
20.5114,3,0,0,0,0,0,0,0,0,0,0
20.5114,4,0,0,0,0,0,0,0,0,0,0
20.5114,5,0,0,0,0,0,0,0,0,0,0
20.5645,0,-0.000259725,-0.0442824,2.05999,0,0,1.29669e-07,2.06046,0,0,0
20.5645,1,2.99974,-0.0442824,2.05999,8.75913e-18,1.18492e-17,-7.01581e-08,3.63922,0,0,0
20.5645,2,2.99974,2.95572,2.05999,1.43524e-23,7.65602e-24,1.26457e-07,4.6881,0,0,0
20.5645,3,0,0,0,0,0,0,0,0,0,0
20.5645,4,0,0,0,0,0,0,0,0,0,0
20.5645,5,0,0,0,0,0,0,0,0,0,0
