time,uav_id,px,py,pz,vx,vy,vz,feedback,ref_x,ref_y,ref_z
6.7694e-05,0,-0.000259725,-0.0442824,2.05999,0,0,3.74476e-08,2.06046,0,0,0
6.7694e-05,1,2.99974,-0.0442824,2.05999,9.08771e-17,-1.12448e-17,1.91521e-07,3.63922,0,0,0
6.7694e-05,2,2.99974,2.95572,2.05999,-1.05471e-24,-1.81967e-24,3.43636e-08,4.6881,0,0,0
6.7694e-05,3,0,0,0,0,0,0,0,0,0,0
6.7694e-05,4,0,0,0,0,0,0,0,0,0,0
6.7694e-05,5,0,0,0,0,0,0,0,0,0,0
0.0503004,0,-0.000259725,-0.0442824,2.05999,0,0,3.62911e-08,2.06046,0,0,0
0.0503004,1,2.99974,-0.0442824,2.05999,1.04358e-16,-4.62721e-17,1.99665e-07,3.63922,0,0,0
0.0503004,2,2.99974,2.95572,2.05999,2.54601e-25,-1.42345e-24,3.43117e-08,4.6881,0,0,0
0.0503004,3,0,0,0,0,0,0,0,0,0,0
0.0503004,4,0,0,0,0,0,0,0,0,0,0
0.0503004,5,0,0,0,0,0,0,0,0,0,0
0.103515,0,-0.000259725,-0.0442824,2.05999,0,0,3.41474e-08,2.06046,0,0,0
0.103515,1,2.99974,-0.0442824,2.05999,1.0053e-16,-5.00452e-17,2.09752e-07,3.63922,0,0,0
0.103515,2,2.99974,2.95572,2.05999,5.65788e-26,-9.05261e-25,3.35498e-08,4.6881,0,0,0
0.103515,3,0,0,0,0,0,0,0,0,0,0
0.103515,4,0,0,0,0,0,0,0,0,0,0
0.103515,5,0,0,0,0,0,0,0,0,0,0
0.159959,0,-0.000259725,-0.0442824,2.05999,0,0,3.40135e-08,2.06046,0,0,0
0.159959,1,2.99974,-0.0442824,2.05999,1.12227e-16,-7.12803e-17,2.15555e-07,3.63922,0,0,0
0.159959,2,2.99974,2.95572,2.05999,4.86832e-25,-1.04005e-24,3.28044e-08,4.6881,0,0,0
0.159959,3,0,0,0,0,0,0,0,0,0,0
0.159959,4,0,0,0,0,0,0,0,0,0,0
0.159959,5,0,0,0,0,0,0,0,0,0,0
0.213318,0,-0.000259725,-0.0442824,2.05999,0,0,3.22317e-08,2.06046,0,0,0
0.213318,1,2.99974,-0.0442824,2.05999,1.10001e-16,-6.36714e-17,1.87603e-07,3.63922,0,0,0
0.213318,2,2.99974,2.95572,2.05999,7.94055e-25,-2.97771e-25,3.26982e-08,4.6881,0,0,0
0.213318,3,0,0,0,0,0,0,0,0,0,0
0.213318,4,0,0,0,0,0,0,0,0,0,0
0.213318,5,0,0,0,0,0,0,0,0,0,0
0.265639,0,-0.000259725,-0.0442824,2.05999,0,0,3.37387e-08,2.06046,0,0,0
0.265639,1,2.99974,-0.0442824,2.05999,1.09256e-16,-7.14418e-17,1.21297e-07,3.63922,0,0,0
0.265639,2,2.99974,2.95572,2.05999,1.11993e-26,-3.13581e-25,3.32045e-08,4.6881,0,0,0
0.265639,3,0,0,0,0,0,0,0,0,0,0
0.265639,4,0,0,0,0,0,0,0,0,0,0
0.265639,5,0,0,0,0,0,0,0,0,0,0
0.318516,0,-0.000259725,-0.0442824,2.05999,0,0,3.41653e-08,2.06046,0,0,0
0.318516,1,2.99974,-0.0442824,2.05999,1.213e-16,-9.33987e-17,8.6278e-08,3.63922,0,0,0
0.318516,2,2.99974,2.95572,2.05999,-1.89746e-24,-1.14963e-24,3.30924e-08,4.6881,0,0,0
0.318516,3,0,0,0,0,0,0,0,0,0,0
0.318516,4,0,0,0,0,0,0,0,0,0,0
0.318516,5,0,0,0,0,0,0,0,0,0,0
0.371272,0,-0.000259725,-0.0442824,2.05999,0,0,3.55711e-08,2.06046,0,0,0
0.371272,1,2.99974,-0.0442824,2.05999,1.05663e-16,-9.05828e-17,5.83304e-08,3.63922,0,0,0
0.371272,2,2.99974,2.95572,2.05999,-1.84973e-24,2.23714e-25,3.23552e-08,4.6881,0,0,0
0.371272,3,0,0,0,0,0,0,0,0,0,0
0.371272,4,0,0,0,0,0,0,0,0,0,0
0.371272,5,0,0,0,0,0,0,0,0,0,0
0.42962,0,-0.000259725,-0.0442824,2.05999,0,0,3.87662e-08,2.06046,0,0,0
0.42962,1,2.99974,-0.0442824,2.05999,1.04084e-16,-9.91942e-17,3.57112e-08,3.63922,0,0,0
0.42962,2,2.99974,2.95572,2.05999,-2.45507e-25,2.45507e-25,3.46617e-08,4.6881,0,0,0
0.42962,3,0,0,0,0,0,0,0,0,0,0
0.42962,4,0,0,0,0,0,0,0,0,0,0
0.42962,5,0,0,0,0,0,0,0,0,0,0
0.479782,0,-0.000259725,-0.0442824,2.05999,0,0,4.35693e-08,2.06046,0,0,0
0.479782,1,2.99974,-0.0442824,2.05999,1.06402e-16,-1.04254e-16,1.64855e-08,3.63922,0,0,0
0.479782,2,2.99974,2.95572,2.05999,2.81306e-25,-1.09965e-24,3.79107e-08,4.6881,0,0,0
0.479782,3,0,0,0,0,0,0,0,0,0,0
0.479782,4,0,0,0,0,0,0,0,0,0,0
0.479782,5,0,0,0,0,0,0,0,0,0,0
0.52994,0,-0.000259725,-0.0442824,2.05999,0,0,4.70974e-08,2.06046,0,0,0
0.52994,1,2.99974,-0.0442824,2.05999,9.30969e-17,-9.78816e-17,-2.90849e-09,3.63922,0,0,0
0.52994,2,2.99974,2.95572,2.05999,-1.69375e-24,-9.59112e-25,4.03354e-08,4.6881,0,0,0
0.52994,3,0,0,0,0,0,0,0,0,0,0
0.52994,4,0,0,0,0,0,0,0,0,0,0
0.52994,5,0,0,0,0,0,0,0,0,0,0
0.580649,0,-0.000259725,-0.0442824,2.05999,0,0,5.02821e-08,2.06046,0,0,0
0.580649,1,2.99974,-0.0442824,2.05999,9.30969e-17,-9.78816e-17,-1.64943e-08,3.63922,0,0,0
0.580649,2,2.99974,2.95572,2.05999,-1.86487e-24,4.58575e-26,4.53205e-08,4.6881,0,0,0
0.580649,3,0,0,0,0,0,0,0,0,0,0
0.580649,4,0,0,0,0,0,0,0,0,0,0
0.580649,5,0,0,0,0,0,0,0,0,0,0
0.634066,0,-0.000259725,-0.0442824,2.05999,0,0,5.14081e-08,2.06046,0,0,0
0.634066,1,2.99974,-0.0442824,2.05999,8.63749e-17,-8.56953e-17,-2.67236e-08,3.63922,0,0,0
0.634066,2,2.99974,2.95572,2.05999,2.13311e-24,3.74515e-25,4.82777e-08,4.6881,0,0,0
0.634066,3,0,0,0,0,0,0,0,0,0,0
0.634066,4,0,0,0,0,0,0,0,0,0,0
0.634066,5,0,0,0,0,0,0,0,0,0,0
0.684236,0,-0.000259725,-0.0442824,2.05999,0,0,5.37066e-08,2.06046,0,0,0
0.684236,1,2.99974,-0.0442824,2.05999,7.51703e-17,-7.64531e-17,-3.57285e-08,3.63922,0,0,0
0.684236,2,2.99974,2.95572,2.05999,5.21675e-24,9.51827e-25,5.42701e-08,4.6881,0,0,0
0.684236,3,0,0,0,0,0,0,0,0,0,0
0.684236,4,0,0,0,0,0,0,0,0,0,0
0.684236,5,0,0,0,0,0,0,0,0,0,0
0.744137,0,-0.000259725,-0.0442824,2.05999,0,0,5.8906e-08,2.06046,0,0,0
0.744137,1,2.99974,-0.0442824,2.05999,7.44951e-17,-8.16031e-17,-4.43673e-08,3.63922,0,0,0
0.744137,2,2.99974,2.95572,2.05999,6.00361e-24,1.93505e-24,5.88427e-08,4.6881,0,0,0
0.744137,3,0,0,0,0,0,0,0,0,0,0
0.744137,4,0,0,0,0,0,0,0,0,0,0
0.744137,5,0,0,0,0,0,0,0,0,0,0
0.794283,0,-0.000259725,-0.0442824,2.05999,0,0,6.51773e-08,2.06046,0,0,0
0.794283,1,2.99974,-0.0442824,2.05999,6.63648e-17,-6.78514e-17,-5.2968e-08,3.63922,0,0,0
0.794283,2,2.99974,2.95572,2.05999,4.16405e-24,1.03028e-24,6.36385e-08,4.6881,0,0,0
0.794283,3,0,0,0,0,0,0,0,0,0,0
0.794283,4,0,0,0,0,0,0,0,0,0,0
0.794283,5,0,0,0,0,0,0,0,0,0,0
0.847021,0,-0.000259725,-0.0442824,2.05999,0,0,6.86985e-08,2.06046,0,0,0
0.847021,1,2.99974,-0.0442824,2.05999,5.81001e-17,-5.35939e-17,-5.8957e-08,3.63922,0,0,0
0.847021,2,2.99974,2.95572,2.05999,3.6541e-24,-3.00653e-25,6.85691e-08,4.6881,0,0,0
0.847021,3,0,0,0,0,0,0,0,0,0,0
0.847021,4,0,0,0,0,0,0,0,0,0,0
0.847021,5,0,0,0,0,0,0,0,0,0,0
0.897176,0,-0.000259725,-0.0442824,2.05999,0,0,7.42143e-08,2.06046,0,0,0
0.897176,1,2.99974,-0.0442824,2.05999,5.28464e-17,-6.0937e-17,-6.58094e-08,3.63922,0,0,0
0.897176,2,2.99974,2.95572,2.05999,1.27116e-24,-8.38967e-25,7.53766e-08,4.6881,0,0,0
0.897176,3,0,0,0,0,0,0,0,0,0,0
0.897176,4,0,0,0,0,0,0,0,0,0,0
0.897176,5,0,0,0,0,0,0,0,0,0,0
0.95141,0,-0.000259725,-0.0442824,2.05999,0,0,7.90117e-08,2.06046,0,0,0
0.95141,1,2.99974,-0.0442824,2.05999,6.17235e-17,-8.00505e-17,-6.96396e-08,3.63922,0,0,0
0.95141,2,2.99974,2.95572,2.05999,-6.84297e-26,-8.34842e-25,8.1154e-08,4.6881,0,0,0
0.95141,3,0,0,0,0,0,0,0,0,0,0
0.95141,4,0,0,0,0,0,0,0,0,0,0
0.95141,5,0,0,0,0,0,0,0,0,0,0
1.00176,0,-0.000259725,-0.0442824,2.05999,0,0,8.48916e-08,2.06046,0,0,0
1.00176,1,2.99974,-0.0442824,2.05999,5.30734e-17,-6.58939e-17,-7.15762e-08,3.63922,0,0,0
1.00176,2,2.99974,2.95572,2.05999,9.34286e-25,-2.24813e-24,8.65637e-08,4.6881,0,0,0
1.00176,3,0,0,0,0,0,0,0,0,0,0
1.00176,4,0,0,0,0,0,0,0,0,0,0
1.00176,5,0,0,0,0,0,0,0,0,0,0
1.05285,0,-0.000259725,-0.0442824,2.05999,0,0,8.87451e-08,2.06046,0,0,0
1.05285,1,2.99974,-0.0442824,2.05999,4.4496e-17,-5.1492e-17,-7.26261e-08,3.63922,0,0,0
1.05285,2,2.99974,2.95572,2.05999,-1.6966e-24,-3.17726e-24,9.14579e-08,4.6881,0,0,0
1.05285,3,0,0,0,0,0,0,0,0,0,0
1.05285,4,0,0,0,0,0,0,0,0,0,0
1.05285,5,0,0,0,0,0,0,0,0,0,0
1.11038,0,-0.000259725,-0.0442824,2.05999,0,0,9.65509e-08,2.06046,0,0,0
1.11038,1,2.99974,-0.0442824,2.05999,4.40577e-17,-5.30423e-17,-7.29402e-08,3.63922,0,0,0
1.11038,2,2.99974,2.95572,2.05999,-6.75401e-24,-1.55116e-24,9.58123e-08,4.6881,0,0,0
1.11038,3,0,0,0,0,0,0,0,0,0,0
1.11038,4,0,0,0,0,0,0,0,0,0,0
1.11038,5,0,0,0,0,0,0,0,0,0,0
1.16364,0,-0.000259725,-0.0442824,2.05999,0,0,1.04028e-07,2.06046,0,0,0
1.16364,1,2.99974,-0.0442824,2.05999,4.36194e-17,-5.45927e-17,-7.39195e-08,3.63922,0,0,0
1.16364,2,2.99974,2.95572,2.05999,-6.75401e-24,-1.55116e-24,9.58123e-08,4.6881,0,0,0
1.16364,3,0,0,0,0,0,0,0,0,0,0
1.16364,4,0,0,0,0,0,0,0,0,0,0
1.16364,5,0,0,0,0,0,0,0,0,0,0
1.22023,0,-0.000259725,-0.0442824,2.05999,0,0,1.11039e-07,2.06046,0,0,0
1.22023,1,2.99974,-0.0442824,2.05999,3.6285e-17,-3.7365e-17,-7.48006e-08,3.63922,0,0,0
1.22023,2,2.99974,2.95572,2.05999,-7.23957e-24,-8.81189e-25,1.02455e-07,4.6881,0,0,0
1.22023,3,0,0,0,0,0,0,0,0,0,0
1.22023,4,0,0,0,0,0,0,0,0,0,0
1.22023,5,0,0,0,0,0,0,0,0,0,0
1.2704,0,-0.000259725,-0.0442824,2.05999,0,0,1.14618e-07,2.06046,0,0,0
1.2704,1,2.99974,-0.0442824,2.05999,3.5576e-17,-3.81994e-17,-7.46431e-08,3.63922,0,0,0
1.2704,2,2.99974,2.95572,2.05999,-4.57628e-24,9.99188e-26,1.18499e-07,4.6881,0,0,0
1.2704,3,0,0,0,0,0,0,0,0,0,0
1.2704,4,0,0,0,0,0,0,0,0,0,0
1.2704,5,0,0,0,0,0,0,0,0,0,0
1.32151,0,-0.000259725,-0.0442824,2.05999,0,0,1.21135e-07,2.06046,0,0,0
1.32151,1,2.99974,-0.0442824,2.05999,3.4867e-17,-3.90337e-17,-7.14692e-08,3.63922,0,0,0
1.32151,2,2.99974,2.95572,2.05999,-1.76315e-24,5.24844e-24,1.2157e-07,4.6881,0,0,0
1.32151,3,0,0,0,0,0,0,0,0,0,0
1.32151,4,0,0,0,0,0,0,0,0,0,0
1.32151,5,0,0,0,0,0,0,0,0,0,0
1.3742,0,-0.000259725,-0.0442824,2.05999,0,0,1.24392e-07,2.06046,0,0,0
1.3742,1,2.99974,-0.0442824,2.05999,3.4867e-17,-3.90337e-17,-7.14692e-08,3.63922,0,0,0
1.3742,2,2.99974,2.95572,2.05999,-1.76315e-24,5.24844e-24,1.2157e-07,4.6881,0,0,0
1.3742,3,0,0,0,0,0,0,0,0,0,0
1.3742,4,0,0,0,0,0,0,0,0,0,0
1.3742,5,0,0,0,0,0,0,0,0,0,0
1.43098,0,-0.000259725,-0.0442824,2.05999,0,0,1.31778e-07,2.06046,0,0,0
1.43098,1,2.99974,-0.0442824,2.05999,3.79551e-17,-1.06526e-17,6.81186e-08,3.63922,0,0,0
1.43098,2,2.99974,2.95572,2.05999,-1.99298e-24,8.75178e-24,1.28455e-07,4.6881,0,0,0
1.43098,3,0,0,0,0,0,0,0,0,0,0
1.43098,4,0,0,0,0,0,0,0,0,0,0
1.43098,5,0,0,0,0,0,0,0,0,0,0
1.48118,0,-0.000259725,-0.0442824,2.05999,0,0,1.3662e-07,2.06046,0,0,0
1.48118,1,2.99974,-0.0442824,2.05999,2.86516e-17,6.70577e-18,1.07649e-07,3.63922,0,0,0
1.48118,2,2.99974,2.95572,2.05999,5.66221e-24,4.36926e-24,1.32187e-07,4.6881,0,0,0
1.48118,3,0,0,0,0,0,0,0,0,0,0
1.48118,4,0,0,0,0,0,0,0,0,0,0
1.48118,5,0,0,0,0,0,0,0,0,0,0
1.5365,0,-0.000259725,-0.0442824,2.05999,0,0,1.42537e-07,2.06046,0,0,0
1.5365,1,2.99974,-0.0442824,2.05999,2.86516e-17,6.70577e-18,1.07649e-07,3.63922,0,0,0
1.5365,2,2.99974,2.95572,2.05999,9.66445e-24,3.60961e-24,1.38091e-07,4.6881,0,0,0
1.5365,3,0,0,0,0,0,0,0,0,0,0
1.5365,4,0,0,0,0,0,0,0,0,0,0
1.5365,5,0,0,0,0,0,0,0,0,0,0
1.58966,0,-0.000259725,-0.0442824,2.05999,0,0,1.48493e-07,2.06046,0,0,0
1.58966,1,2.99974,-0.0442824,2.05999,2.32623e-17,3.37468e-17,1.06148e-07,3.63922,0,0,0
1.58966,2,2.99974,2.95572,2.05999,5.92409e-24,6.26123e-24,1.42798e-07,4.6881,0,0,0
1.58966,3,0,0,0,0,0,0,0,0,0,0
1.58966,4,0,0,0,0,0,0,0,0,0,0
1.58966,5,0,0,0,0,0,0,0,0,0,0
1.63986,0,-0.000259725,-0.0442824,2.05999,0,0,1.54683e-07,2.06046,0,0,0
1.63986,1,2.99974,-0.0442824,2.05999,2.32623e-17,3.37468e-17,1.06148e-07,3.63922,0,0,0
1.63986,2,2.99974,2.95572,2.05999,1.57915e-24,4.32992e-24,1.51031e-07,4.6881,0,0,0
1.63986,3,0,0,0,0,0,0,0,0,0,0
1.63986,4,0,0,0,0,0,0,0,0,0,0
1.63986,5,0,0,0,0,0,0,0,0,0,0
1.69215,0,-0.000259725,-0.0442824,2.05999,0,0,1.61121e-07,2.06046,0,0,0
1.69215,1,2.99974,-0.0442824,2.05999,5.82346e-18,7.19064e-17,6.66004e-08,3.63922,0,0,0
1.69215,2,2.99974,2.95572,2.05999,3.22752e-24,-9.68256e-25,1.59486e-07,4.6881,0,0,0
1.69215,3,0,0,0,0,0,0,0,0,0,0
1.69215,4,0,0,0,0,0,0,0,0,0,0
1.69215,5,0,0,0,0,0,0,0,0,0,0
1.75247,0,-0.000259725,-0.0442824,2.05999,0,0,1.67459e-07,2.06046,0,0,0
1.75247,1,2.99974,-0.0442824,2.05999,4.18744e-18,7.50889e-17,5.99411e-08,3.63922,0,0,0
1.75247,2,2.99974,2.95572,2.05999,1.71175e-23,-5.59396e-24,1.65854e-07,4.6881,0,0,0
1.75247,3,0,0,0,0,0,0,0,0,0,0
1.75247,4,0,0,0,0,0,0,0,0,0,0
1.75247,5,0,0,0,0,0,0,0,0,0,0
1.81024,0,-0.000259725,-0.0442824,2.05999,0,0,1.74387e-07,2.06046,0,0,0
1.81024,1,2.99974,-0.0442824,2.05999,9.15423e-19,8.14539e-17,5.55865e-08,3.63922,0,0,0
1.81024,2,2.99974,2.95572,2.05999,2.40449e-23,-6.11118e-24,1.69335e-07,4.6881,0,0,0
1.81024,3,0,0,0,0,0,0,0,0,0,0
1.81024,4,0,0,0,0,0,0,0,0,0,0
1.81024,5,0,0,0,0,0,0,0,0,0,0
1.86423,0,-0.000259725,-0.0442824,2.05999,0,0,1.81908e-07,2.06046,0,0,0
1.86423,1,2.99974,-0.0442824,2.05999,9.15426e-19,8.14539e-17,5.01197e-08,3.63922,0,0,0
1.86423,2,2.99974,2.95572,2.05999,1.84661e-23,-4.13688e-24,1.77758e-07,4.6881,0,0,0
1.86423,3,0,0,0,0,0,0,0,0,0,0
1.86423,4,0,0,0,0,0,0,0,0,0,0
1.86423,5,0,0,0,0,0,0,0,0,0,0
1.91796,0,-0.000259725,-0.0442824,2.05999,0,0,1.89147e-07,2.06046,0,0,0
1.91796,1,2.99974,-0.0442824,2.05999,-2.35659e-18,8.78189e-17,4.78564e-08,3.63922,0,0,0
1.91796,2,2.99974,2.95572,2.05999,9.14038e-24,-3.3609e-24,1.86255e-07,4.6881,0,0,0
1.91796,3,0,0,0,0,0,0,0,0,0,0
1.91796,4,0,0,0,0,0,0,0,0,0,0
1.91796,5,0,0,0,0,0,0,0,0,0,0
1.97331,0,-0.000259725,-0.0442824,2.05999,0,0,1.95296e-07,2.06046,0,0,0
1.97331,1,2.99974,-0.0442824,2.05999,-3.9926e-18,9.10014e-17,4.43513e-08,3.63922,0,0,0
1.97331,2,2.99974,2.95572,2.05999,1.49167e-24,1.1674e-24,1.92288e-07,4.6881,0,0,0
1.97331,3,0,0,0,0,0,0,0,0,0,0
1.97331,4,0,0,0,0,0,0,0,0,0,0
1.97331,5,0,0,0,0,0,0,0,0,0,0
2.0241,0,-0.000259725,-0.0442824,2.05999,0,0,1.98327e-07,2.06046,0,0,0
2.0241,1,2.99974,-0.0442824,2.05999,2.9796e-18,7.7338e-17,3.91313e-08,3.63922,0,0,0
2.0241,2,2.99974,2.95572,2.05999,-7.49397e-24,9.86049e-24,1.949e-07,4.6881,0,0,0
2.0241,3,0,0,0,0,0,0,0,0,0,0
2.0241,4,0,0,0,0,0,0,0,0,0,0
2.0241,5,0,0,0,0,0,0,0,0,0,0
2.07968,0,-0.000259725,-0.0442824,2.05999,0,0,2.03719e-07,2.06046,0,0,0
2.07968,1,2.99974,-0.0442824,2.05999,6.35345e-18,8.4543e-17,3.59078e-08,3.63922,0,0,0
2.07968,2,2.99974,2.95572,2.05999,-5.54104e-24,1.33796e-23,2.00347e-07,4.6881,0,0,0
2.07968,3,0,0,0,0,0,0,0,0,0,0
2.07968,4,0,0,0,0,0,0,0,0,0,0
2.07968,5,0,0,0,0,0,0,0,0,0,0
2.12984,0,-0.000259725,-0.0442824,2.05999,0,0,2.12836e-07,2.06046,0,0,0
2.12984,1,2.99974,-0.0442824,2.05999,1.42077e-17,7.03505e-17,3.64975e-08,3.63922,0,0,0
2.12984,2,2.99974,2.95572,2.05999,-8.87261e-24,1.08059e-23,2.04717e-07,4.6881,0,0,0
2.12984,3,0,0,0,0,0,0,0,0,0,0
2.12984,4,0,0,0,0,0,0,0,0,0,0
2.12984,5,0,0,0,0,0,0,0,0,0,0
2.18521,0,-0.000259725,-0.0442824,2.05999,0,0,2.01283e-07,2.06046,0,0,0
2.18521,1,2.99974,-0.0442824,2.05999,2.20854e-17,5.5504e-17,3.73765e-08,3.63922,0,0,0
2.18521,2,2.99974,2.95572,2.05999,-1.75233e-23,1.07264e-23,2.09916e-07,4.6881,0,0,0
2.18521,3,0,0,0,0,0,0,0,0,0,0
2.18521,4,0,0,0,0,0,0,0,0,0,0
2.18521,5,0,0,0,0,0,0,0,0,0,0
2.24093,0,-0.000259725,-0.0442824,2.05999,0,0,1.53156e-07,2.06046,0,0,0
2.24093,1,2.99974,-0.0442824,2.05999,2.164e-17,5.69102e-17,3.93121e-08,3.63922,0,0,0
2.24093,2,2.99974,2.95572,2.05999,-1.34296e-23,1.20627e-23,2.02631e-07,4.6881,0,0,0
2.24093,3,0,0,0,0,0,0,0,0,0,0
2.24093,4,0,0,0,0,0,0,0,0,0,0
2.24093,5,0,0,0,0,0,0,0,0,0,0
2.29647,0,-0.000259725,-0.0442824,2.05999,0,0,9.95481e-08,2.06046,0,0,0
2.29647,1,2.99974,-0.0442824,2.05999,2.11946e-17,5.83164e-17,4.01181e-08,3.63922,0,0,0
2.29647,2,2.99974,2.95572,2.05999,-2.51416e-24,9.65719e-24,1.3933e-07,4.6881,0,0,0
2.29647,3,0,0,0,0,0,0,0,0,0,0
2.29647,4,0,0,0,0,0,0,0,0,0,0
2.29647,5,0,0,0,0,0,0,0,0,0,0
2.34665,0,-0.000259725,-0.0442824,2.05999,0,0,6.7691e-08,2.06046,0,0,0
2.34665,1,2.99974,-0.0442824,2.05999,2.94149e-17,4.27731e-17,4.44627e-08,3.63922,0,0,0
2.34665,2,2.99974,2.95572,2.05999,-1.63983e-24,6.20561e-24,9.53308e-08,4.6881,0,0,0
2.34665,3,0,0,0,0,0,0,0,0,0,0
2.34665,4,0,0,0,0,0,0,0,0,0,0
2.34665,5,0,0,0,0,0,0,0,0,0,0
2.39962,0,-0.000259725,-0.0442824,2.05999,0,0,4.35246e-08,2.06046,0,0,0
2.39962,1,2.99974,-0.0442824,2.05999,2.93062e-17,4.35287e-17,4.68403e-08,3.63922,0,0,0
2.39962,2,2.99974,2.95572,2.05999,-2.76905e-24,1.72933e-24,6.29108e-08,4.6881,0,0,0
2.39962,3,0,0,0,0,0,0,0,0,0,0
2.39962,4,0,0,0,0,0,0,0,0,0,0
2.39962,5,0,0,0,0,0,0,0,0,0,0
2.44983,0,-0.000259725,-0.0442824,2.05999,0,0,2.31571e-08,2.06046,0,0,0
2.44983,1,2.99974,-0.0442824,2.05999,2.53232e-17,4.04533e-17,4.82303e-08,3.63922,0,0,0
2.44983,2,2.99974,2.95572,2.05999,-7.85301e-25,-1.88472e-26,3.72531e-08,4.6881,0,0,0
2.44983,3,0,0,0,0,0,0,0,0,0,0
2.44983,4,0,0,0,0,0,0,0,0,0,0
2.44983,5,0,0,0,0,0,0,0,0,0,0
2.5051,0,-0.000259725,-0.0442824,2.05999,0,0,5.25835e-09,2.06046,0,0,0
2.5051,1,2.99974,-0.0442824,2.05999,4.28456e-17,6.23949e-18,5.14898e-08,3.63922,0,0,0
2.5051,2,2.99974,2.95572,2.05999,-4.45638e-25,1.9958e-25,1.62118e-08,4.6881,0,0,0
2.5051,3,0,0,0,0,0,0,0,0,0,0
2.5051,4,0,0,0,0,0,0,0,0,0,0
2.5051,5,0,0,0,0,0,0,0,0,0,0
2.55626,0,-0.000259725,-0.0442824,2.05999,0,0,-1.02628e-08,2.06046,0,0,0
2.55626,1,2.99974,-0.0442824,2.05999,4.3271e-17,5.5499e-18,5.61297e-08,3.63922,0,0,0
2.55626,2,2.99974,2.95572,2.05999,9.37477e-26,-9.0515e-26,-3.19482e-09,4.6881,0,0,0
2.55626,3,0,0,0,0,0,0,0,0,0,0
2.55626,4,0,0,0,0,0,0,0,0,0,0
2.55626,5,0,0,0,0,0,0,0,0,0,0
2.60854,0,-0.000259725,-0.0442824,2.05999,0,0,-2.43652e-08,2.06046,0,0,0
2.60854,1,2.99974,-0.0442824,2.05999,4.61522e-17,-1.85614e-17,5.73515e-08,3.63922,0,0,0
2.60854,2,2.99974,2.95572,2.05999,1.04701e-24,1.33595e-25,-1.84228e-08,4.6881,0,0,0
2.60854,3,0,0,0,0,0,0,0,0,0,0
2.60854,4,0,0,0,0,0,0,0,0,0,0
2.60854,5,0,0,0,0,0,0,0,0,0,0
2.66472,0,-0.000259725,-0.0442824,2.05999,0,0,-3.6737e-08,2.06046,0,0,0
2.66472,1,2.99974,-0.0442824,2.05999,5.33175e-17,-3.93747e-17,5.9632e-08,3.63922,0,0,0
2.66472,2,2.99974,2.95572,2.05999,2.73305e-24,5.40314e-25,-3.11061e-08,4.6881,0,0,0
2.66472,3,0,0,0,0,0,0,0,0,0,0
2.66472,4,0,0,0,0,0,0,0,0,0,0
2.66472,5,0,0,0,0,0,0,0,0,0,0
2.71855,0,-0.000259725,-0.0442824,2.05999,0,0,-4.71421e-08,2.06046,0,0,0
2.71855,1,2.99974,-0.0442824,2.05999,5.96879e-17,-6.19708e-17,6.47656e-08,3.63922,0,0,0
2.71855,2,2.99974,2.95572,2.05999,4.22429e-24,3.57077e-25,-3.99505e-08,4.6881,0,0,0
2.71855,3,0,0,0,0,0,0,0,0,0,0
2.71855,4,0,0,0,0,0,0,0,0,0,0
2.71855,5,0,0,0,0,0,0,0,0,0,0
2.77383,0,-0.000259725,-0.0442824,2.05999,0,0,-5.4022e-08,2.06046,0,0,0
2.77383,1,2.99974,-0.0442824,2.05999,6.94438e-17,-8.21706e-17,7.14105e-08,3.63922,0,0,0
2.77383,2,2.99974,2.95572,2.05999,4.70439e-24,5.68752e-26,-4.81793e-08,4.6881,0,0,0
2.77383,3,0,0,0,0,0,0,0,0,0,0
2.77383,4,0,0,0,0,0,0,0,0,0,0
2.77383,5,0,0,0,0,0,0,0,0,0,0
2.82919,0,-0.000259725,-0.0442824,2.05999,0,0,-5.87103e-08,2.06046,0,0,0
2.82919,1,2.99974,-0.0442824,2.05999,5.68009e-17,-7.48722e-17,7.73431e-08,3.63922,0,0,0
2.82919,2,2.99974,2.95572,2.05999,4.90552e-24,-6.6163e-26,-5.60471e-08,4.6881,0,0,0
2.82919,3,0,0,0,0,0,0,0,0,0,0
2.82919,4,0,0,0,0,0,0,0,0,0,0
2.82919,5,0,0,0,0,0,0,0,0,0,0
2.88197,0,-0.000259725,-0.0442824,2.05999,0,0,-6.44207e-08,2.06046,0,0,0
2.88197,1,2.99974,-0.0442824,2.05999,5.83309e-17,-1.03352e-16,8.49348e-08,3.63922,0,0,0
2.88197,2,2.99974,2.95572,2.05999,3.97268e-24,2.45452e-25,-5.39061e-08,4.6881,0,0,0
2.88197,3,0,0,0,0,0,0,0,0,0,0
2.88197,4,0,0,0,0,0,0,0,0,0,0
2.88197,5,0,0,0,0,0,0,0,0,0,0
2.94056,0,-0.000259725,-0.0442824,2.05999,0,0,-6.7398e-08,2.06046,0,0,0
2.94056,1,2.99974,-0.0442824,2.05999,5.03026e-17,-9.05781e-17,8.92976e-08,3.63922,0,0,0
2.94056,2,2.99974,2.95572,2.05999,1.93756e-24,2.63101e-24,-6.04697e-08,4.6881,0,0,0
2.94056,3,0,0,0,0,0,0,0,0,0,0
2.94056,4,0,0,0,0,0,0,0,0,0,0
2.94056,5,0,0,0,0,0,0,0,0,0,0
2.99396,0,-0.000259725,-0.0442824,2.05999,0,0,-7.14324e-08,2.06046,0,0,0
2.99396,1,2.99974,-0.0442824,2.05999,4.12312e-17,-1.03749e-16,9.60586e-08,3.63922,0,0,0
2.99396,2,2.99974,2.95572,2.05999,-1.14671e-24,6.06433e-24,-6.53816e-08,4.6881,0,0,0
2.99396,3,0,0,0,0,0,0,0,0,0,0
2.99396,4,0,0,0,0,0,0,0,0,0,0
2.99396,5,0,0,0,0,0,0,0,0,0,0
3.04418,0,-0.000259725,-0.0442824,2.05999,0,0,-7.45029e-08,2.06046,0,0,0
3.04418,1,2.99974,-0.0442824,2.05999,3.49654e-17,-1.1432e-16,9.9535e-08,3.63922,0,0,0
3.04418,2,2.99974,2.95572,2.05999,-4.95033e-24,4.48206e-24,-6.6113e-08,4.6881,0,0,0
3.04418,3,0,0,0,0,0,0,0,0,0,0
3.04418,4,0,0,0,0,0,0,0,0,0,0
3.04418,5,0,0,0,0,0,0,0,0,0,0
3.0995,0,-0.000259725,-0.0442824,2.05999,0,0,-7.60233e-08,2.06046,0,0,0
3.0995,1,2.99974,-0.0442824,2.05999,3.49019e-17,-1.18483e-16,1.06198e-07,3.63922,0,0,0
3.0995,2,2.99974,2.95572,2.05999,-5.58585e-24,1.98281e-24,-6.71858e-08,4.6881,0,0,0
3.0995,3,0,0,0,0,0,0,0,0,0,0
3.0995,4,0,0,0,0,0,0,0,0,0,0
3.0995,5,0,0,0,0,0,0,0,0,0,0
3.1542,0,-0.000259725,-0.0442824,2.05999,0,0,-7.6493e-08,2.06046,0,0,0
3.1542,1,2.99974,-0.0442824,2.05999,2.59607e-17,-1.05642e-16,1.1198e-07,3.63922,0,0,0
3.1542,2,2.99974,2.95572,2.05999,-4.98519e-24,8.3863e-25,-6.90674e-08,4.6881,0,0,0
3.1542,3,0,0,0,0,0,0,0,0,0,0
3.1542,4,0,0,0,0,0,0,0,0,0,0
3.1542,5,0,0,0,0,0,0,0,0,0,0
3.20706,0,-0.000259725,-0.0442824,2.05999,0,0,-7.90886e-08,2.06046,0,0,0
3.20706,1,2.99974,-0.0442824,2.05999,2.55543e-17,-1.09157e-16,1.16791e-07,3.63922,0,0,0
3.20706,2,2.99974,2.95572,2.05999,-6.00087e-24,-1.06106e-25,-6.99089e-08,4.6881,0,0,0
3.20706,3,0,0,0,0,0,0,0,0,0,0
3.20706,4,0,0,0,0,0,0,0,0,0,0
3.20706,5,0,0,0,0,0,0,0,0,0,0
3.25728,0,-0.000259725,-0.0442824,2.05999,0,0,-6.7789e-08,2.06046,0,0,0
3.25728,1,2.99974,-0.0442824,2.05999,2.51479e-17,-1.12671e-16,1.24666e-07,3.63922,0,0,0
3.25728,2,2.99974,2.95572,2.05999,-7.02633e-24,-7.41598e-25,-7.45336e-08,4.6881,0,0,0
3.25728,3,0,0,0,0,0,0,0,0,0,0
3.25728,4,0,0,0,0,0,0,0,0,0,0
3.25728,5,0,0,0,0,0,0,0,0,0,0
3.31077,0,-0.000259725,-0.0442824,2.05999,0,0,8.78811e-09,2.06046,0,0,0
3.31077,1,2.99974,-0.0442824,2.05999,1.61768e-17,-9.95275e-17,1.28106e-07,3.63922,0,0,0
3.31077,2,2.99974,2.95572,2.05999,-6.19965e-24,-2.46998e-26,-7.32317e-08,4.6881,0,0,0
3.31077,3,0,0,0,0,0,0,0,0,0,0
3.31077,4,0,0,0,0,0,0,0,0,0,0
3.31077,5,0,0,0,0,0,0,0,0,0,0
3.36129,0,-0.000259725,-0.0442824,2.05999,0,0,6.05208e-08,2.06046,0,0,0
3.36129,1,2.99974,-0.0442824,2.05999,1.14771e-17,-1.06353e-16,1.32766e-07,3.63922,0,0,0
3.36129,2,2.99974,2.95572,2.05999,-3.05384e-24,9.72989e-25,-5.71245e-08,4.6881,0,0,0
3.36129,3,0,0,0,0,0,0,0,0,0,0
3.36129,4,0,0,0,0,0,0,0,0,0,0
3.36129,5,0,0,0,0,0,0,0,0,0,0
3.42101,0,-0.000259725,-0.0442824,2.05999,0,0,9.85029e-08,2.06046,0,0,0
3.42101,1,2.99974,-0.0442824,2.05999,1.84916e-18,-9.24864e-17,1.40155e-07,3.63922,0,0,0
3.42101,2,2.99974,2.95572,2.05999,-1.03969e-27,-8.26799e-27,2.93575e-10,4.6881,0,0,0
3.42101,3,0,0,0,0,0,0,0,0,0,0
3.42101,4,0,0,0,0,0,0,0,0,0,0
3.42101,5,0,0,0,0,0,0,0,0,0,0
3.47192,0,-0.000259725,-0.0442824,2.05999,0,0,1.19946e-07,2.06046,0,0,0
3.47192,1,2.99974,-0.0442824,2.05999,-7.59375e-18,-1.03182e-16,1.46863e-07,3.63922,0,0,0
3.47192,2,2.99974,2.95572,2.05999,-7.90677e-24,-6.54554e-24,8.58702e-08,4.6881,0,0,0
3.47192,3,0,0,0,0,0,0,0,0,0,0
3.47192,4,0,0,0,0,0,0,0,0,0,0
3.47192,5,0,0,0,0,0,0,0,0,0,0
3.52465,0,-0.000259725,-0.0442824,2.05999,0,0,1.08256e-07,2.06046,0,0,0
3.52465,1,2.99974,-0.0442824,2.05999,-1.79981e-17,-8.87882e-17,1.53425e-07,3.63922,0,0,0
3.52465,2,2.99974,2.95572,2.05999,-1.14777e-23,-8.09145e-24,1.05683e-07,4.6881,0,0,0
3.52465,3,0,0,0,0,0,0,0,0,0,0
3.52465,4,0,0,0,0,0,0,0,0,0,0
3.52465,5,0,0,0,0,0,0,0,0,0,0
3.57504,0,-0.000259725,-0.0442824,2.05999,0,0,8.81867e-08,2.06046,0,0,0
3.57504,1,2.99974,-0.0442824,2.05999,-2.37588e-17,-9.4696e-17,1.5627e-07,3.63922,0,0,0
3.57504,2,2.99974,2.95572,2.05999,-1.05003e-23,-6.44596e-24,1.35063e-07,4.6881,0,0,0
3.57504,3,0,0,0,0,0,0,0,0,0,0
3.57504,4,0,0,0,0,0,0,0,0,0,0
3.57504,5,0,0,0,0,0,0,0,0,0,0
3.63032,0,-0.000259725,-0.0442824,2.05999,0,0,5.8752e-08,2.06046,0,0,0
3.63032,1,2.99974,-0.0442824,2.05999,-3.44908e-17,-7.96808e-17,1.62185e-07,3.63922,0,0,0
3.63032,2,2.99974,2.95572,2.05999,-5.03476e-24,-1.38571e-25,9.12991e-08,4.6881,0,0,0
3.63032,3,0,0,0,0,0,0,0,0,0,0
3.63032,4,0,0,0,0,0,0,0,0,0,0
3.63032,5,0,0,0,0,0,0,0,0,0,0
3.68052,0,-0.000259725,-0.0442824,2.05999,0,0,4.89604e-08,2.06046,0,0,0
3.68052,1,2.99974,-0.0442824,2.05999,-3.6824e-17,-8.11698e-17,1.68975e-07,3.63922,0,0,0
3.68052,2,2.99974,2.95572,2.05999,-1.57342e-24,3.48484e-24,6.91111e-08,4.6881,0,0,0
3.68052,3,0,0,0,0,0,0,0,0,0,0
3.68052,4,0,0,0,0,0,0,0,0,0,0
3.68052,5,0,0,0,0,0,0,0,0,0,0
3.73667,0,-0.000259725,-0.0442824,2.05999,0,0,4.18801e-08,2.06046,0,0,0
3.73667,1,2.99974,-0.0442824,2.05999,-4.78956e-17,-6.55228e-17,1.75188e-07,3.63922,0,0,0
3.73667,2,2.99974,2.95572,2.05999,-1.70204e-24,3.11698e-24,6.0799e-08,4.6881,0,0,0
3.73667,3,0,0,0,0,0,0,0,0,0,0
3.73667,4,0,0,0,0,0,0,0,0,0,0
3.73667,5,0,0,0,0,0,0,0,0,0,0
3.78684,0,-0.000259725,-0.0442824,2.05999,0,0,3.55131e-08,2.06046,0,0,0
3.78684,1,2.99974,-0.0442824,2.05999,-5.05667e-17,-6.63583e-17,1.79618e-07,3.63922,0,0,0
3.78684,2,2.99974,2.95572,2.05999,-1.46827e-24,1.0214e-24,4.73177e-08,4.6881,0,0,0
3.78684,3,0,0,0,0,0,0,0,0,0,0
3.78684,4,0,0,0,0,0,0,0,0,0,0
3.78684,5,0,0,0,0,0,0,0,0,0,0
3.84429,0,-0.000259725,-0.0442824,2.05999,0,0,2.87605e-08,2.06046,0,0,0
3.84429,1,2.99974,-0.0442824,2.05999,-6.20638e-17,-5.02299e-17,1.86067e-07,3.63922,0,0,0
3.84429,2,2.99974,2.95572,2.05999,-1.64967e-24,-1.55097e-25,4.18038e-08,4.6881,0,0,0
3.84429,3,0,0,0,0,0,0,0,0,0,0
3.84429,4,0,0,0,0,0,0,0,0,0,0
3.84429,5,0,0,0,0,0,0,0,0,0,0
3.89982,0,-0.000259725,-0.0442824,2.05999,0,0,2.56066e-08,2.06046,0,0,0
3.89982,1,2.99974,-0.0442824,2.05999,-6.99791e-17,-2.94633e-17,1.93029e-07,3.63922,0,0,0
3.89982,2,2.99974,2.95572,2.05999,-2.13469e-24,5.83393e-25,3.9311e-08,4.6881,0,0,0
3.89982,3,0,0,0,0,0,0,0,0,0,0
3.89982,4,0,0,0,0,0,0,0,0,0,0
3.89982,5,0,0,0,0,0,0,0,0,0,0
3.95034,0,-0.000259725,-0.0442824,2.05999,0,0,2.22252e-08,2.06046,0,0,0
3.95034,1,2.99974,-0.0442824,2.05999,-7.31807e-17,-2.88555e-17,1.95776e-07,3.63922,0,0,0
3.95034,2,2.99974,2.95572,2.05999,-6.90524e-25,9.24809e-25,3.65592e-08,4.6881,0,0,0
3.95034,3,0,0,0,0,0,0,0,0,0,0
3.95034,4,0,0,0,0,0,0,0,0,0,0
3.95034,5,0,0,0,0,0,0,0,0,0,0
4.00309,0,-0.000259725,-0.0442824,2.05999,0,0,2.00494e-08,2.06046,0,0,0
4.00309,1,2.99974,-0.0442824,2.05999,-8.51182e-17,-1.10965e-17,2.00581e-07,3.63922,0,0,0
4.00309,2,2.99974,2.95572,2.05999,-4.01574e-26,-6.13835e-25,3.40176e-08,4.6881,0,0,0
4.00309,3,0,0,0,0,0,0,0,0,0,0
4.00309,4,0,0,0,0,0,0,0,0,0,0
4.00309,5,0,0,0,0,0,0,0,0,0,0
4.05875,0,-0.000259725,-0.0442824,2.05999,0,0,1.93611e-08,2.06046,0,0,0
4.05875,1,2.99974,-0.0442824,2.05999,-8.88346e-17,-9.77175e-18,2.06382e-07,3.63922,0,0,0
4.05875,2,2.99974,2.95572,2.05999,8.23992e-25,-1.51957e-24,3.17277e-08,4.6881,0,0,0
4.05875,3,0,0,0,0,0,0,0,0,0,0
4.05875,4,0,0,0,0,0,0,0,0,0,0
4.05875,5,0,0,0,0,0,0,0,0,0,0
4.10889,0,-0.000259725,-0.0442824,2.05999,0,0,1.91579e-08,2.06046,0,0,0
4.10889,1,2.99974,-0.0442824,2.05999,-8.15672e-17,3.01689e-18,1.94041e-07,3.63922,0,0,0
4.10889,2,2.99974,2.95572,2.05999,2.75667e-24,-1.02156e-24,3.04401e-08,4.6881,0,0,0
4.10889,3,0,0,0,0,0,0,0,0,0,0
4.10889,4,0,0,0,0,0,0,0,0,0,0
4.10889,5,0,0,0,0,0,0,0,0,0,0
4.15904,0,-0.000259725,-0.0442824,2.05999,0,0,2.01098e-08,2.06046,0,0,0
4.15904,1,2.99974,-0.0442824,2.05999,-1.03053e-16,6.50402e-17,1.42413e-07,3.63922,0,0,0
4.15904,2,2.99974,2.95572,2.05999,5.70532e-24,1.03034e-24,3.03963e-08,4.6881,0,0,0
4.15904,3,0,0,0,0,0,0,0,0,0,0
4.15904,4,0,0,0,0,0,0,0,0,0,0
4.15904,5,0,0,0,0,0,0,0,0,0,0
4.21157,0,-0.000259725,-0.0442824,2.05999,0,0,2.243e-08,2.06046,0,0,0
4.21157,1,2.99974,-0.0442824,2.05999,-1.06006e-16,9.57602e-17,1.03495e-07,3.63922,0,0,0
4.21157,2,2.99974,2.95572,2.05999,4.74134e-24,1.63425e-24,2.99095e-08,4.6881,0,0,0
4.21157,3,0,0,0,0,0,0,0,0,0,0
4.21157,4,0,0,0,0,0,0,0,0,0,0
4.21157,5,0,0,0,0,0,0,0,0,0,0
4.26689,0,-0.000259725,-0.0442824,2.05999,0,0,2.48182e-08,2.06046,0,0,0
4.26689,1,2.99974,-0.0442824,2.05999,-1.08631e-16,1.02749e-16,6.39952e-08,3.63922,0,0,0
4.26689,2,2.99974,2.95572,2.05999,3.03552e-24,5.39997e-25,3.10878e-08,4.6881,0,0,0
4.26689,3,0,0,0,0,0,0,0,0,0,0
4.26689,4,0,0,0,0,0,0,0,0,0,0
4.26689,5,0,0,0,0,0,0,0,0,0,0
4.32306,0,-0.000259725,-0.0442824,2.05999,0,0,2.5941e-08,2.06046,0,0,0
4.32306,1,2.99974,-0.0442824,2.05999,-1.1058e-16,1.10068e-16,3.80178e-08,3.63922,0,0,0
4.32306,2,2.99974,2.95572,2.05999,1.76115e-24,-1.41918e-24,3.37967e-08,4.6881,0,0,0
4.32306,3,0,0,0,0,0,0,0,0,0,0
4.32306,4,0,0,0,0,0,0,0,0,0,0
4.32306,5,0,0,0,0,0,0,0,0,0,0
4.38012,0,-0.000259725,-0.0442824,2.05999,0,0,2.7329e-08,2.06046,0,0,0
4.38012,1,2.99974,-0.0442824,2.05999,-1.12644e-16,1.172e-16,1.46684e-08,3.63922,0,0,0
4.38012,2,2.99974,2.95572,2.05999,1.76115e-24,-1.41918e-24,3.37967e-08,4.6881,0,0,0
4.38012,3,0,0,0,0,0,0,0,0,0,0
4.38012,4,0,0,0,0,0,0,0,0,0,0
4.38012,5,0,0,0,0,0,0,0,0,0,0
4.43028,0,-0.000259725,-0.0442824,2.05999,0,0,3.00835e-08,2.06046,0,0,0
4.43028,1,2.99974,-0.0442824,2.05999,-1.14462e-16,1.24124e-16,-2.79524e-09,3.63922,0,0,0
4.43028,2,2.99974,2.95572,2.05999,6.44032e-25,-7.00651e-25,4.19664e-08,4.6881,0,0,0
4.43028,3,0,0,0,0,0,0,0,0,0,0
4.43028,4,0,0,0,0,0,0,0,0,0,0
4.43028,5,0,0,0,0,0,0,0,0,0,0
4.48565,0,-0.000259725,-0.0442824,2.05999,0,0,3.45885e-08,2.06046,0,0,0
4.48565,1,2.99974,-0.0442824,2.05999,-1.14992e-16,1.33206e-16,-1.73022e-08,3.63922,0,0,0
4.48565,2,2.99974,2.95572,2.05999,-1.34763e-24,-1.46809e-24,4.46429e-08,4.6881,0,0,0
4.48565,3,0,0,0,0,0,0,0,0,0,0
4.48565,4,0,0,0,0,0,0,0,0,0,0
4.48565,5,0,0,0,0,0,0,0,0,0,0
4.53665,0,-0.000259725,-0.0442824,2.05999,0,0,3.9229e-08,2.06046,0,0,0
4.53665,1,2.99974,-0.0442824,2.05999,-1.16917e-16,1.40971e-16,-3.19225e-08,3.63922,0,0,0
4.53665,2,2.99974,2.95572,2.05999,-1.34763e-24,-1.46809e-24,4.46429e-08,4.6881,0,0,0
4.53665,3,0,0,0,0,0,0,0,0,0,0
4.53665,4,0,0,0,0,0,0,0,0,0,0
4.53665,5,0,0,0,0,0,0,0,0,0,0
4.58977,0,-0.000259725,-0.0442824,2.05999,0,0,4.20756e-08,2.06046,0,0,0
4.58977,1,2.99974,-0.0442824,2.05999,-1.20286e-16,1.4634e-16,-4.20227e-08,3.63922,0,0,0
4.58977,2,2.99974,2.95572,2.05999,-5.06328e-24,-1.13772e-24,5.1499e-08,4.6881,0,0,0
4.58977,3,0,0,0,0,0,0,0,0,0,0
4.58977,4,0,0,0,0,0,0,0,0,0,0
4.58977,5,0,0,0,0,0,0,0,0,0,0
4.63992,0,-0.000259725,-0.0442824,2.05999,0,0,4.56605e-08,2.06046,0,0,0
4.63992,1,2.99974,-0.0442824,2.05999,-1.23993e-16,1.52245e-16,-4.99092e-08,3.63922,0,0,0
4.63992,2,2.99974,2.95572,2.05999,-5.18889e-24,8.22284e-25,5.60451e-08,4.6881,0,0,0
4.63992,3,0,0,0,0,0,0,0,0,0,0
4.63992,4,0,0,0,0,0,0,0,0,0,0
4.63992,5,0,0,0,0,0,0,0,0,0,0
4.69007,0,-0.000259725,-0.0442824,2.05999,0,0,4.94919e-08,2.06046,0,0,0
4.69007,1,2.99974,-0.0442824,2.05999,-1.10076e-16,1.22936e-16,-5.909e-08,3.63922,0,0,0
4.69007,2,2.99974,2.95572,2.05999,-5.4286e-24,1.62858e-24,5.74825e-08,4.6881,0,0,0
4.69007,3,0,0,0,0,0,0,0,0,0,0
4.69007,4,0,0,0,0,0,0,0,0,0,0
4.69007,5,0,0,0,0,0,0,0,0,0,0
4.7408,0,-0.000259725,-0.0442824,2.05999,0,0,5.45353e-08,2.06046,0,0,0
4.7408,1,2.99974,-0.0442824,2.05999,-1.12784e-16,1.26998e-16,-6.6257e-08,3.63922,0,0,0
4.7408,2,2.99974,2.95572,2.05999,-7.23471e-24,-2.00732e-24,6.19941e-08,4.6881,0,0,0
4.7408,3,0,0,0,0,0,0,0,0,0,0
4.7408,4,0,0,0,0,0,0,0,0,0,0
4.7408,5,0,0,0,0,0,0,0,0,0,0
4.79163,0,-0.000259725,-0.0442824,2.05999,0,0,5.89955e-08,2.06046,0,0,0
4.79163,1,2.99974,-0.0442824,2.05999,-1.06261e-16,1.13362e-16,-7.24095e-08,3.63922,0,0,0
4.79163,2,2.99974,2.95572,2.05999,-6.87688e-24,-4.58459e-24,6.5984e-08,4.6881,0,0,0
4.79163,3,0,0,0,0,0,0,0,0,0,0
4.79163,4,0,0,0,0,0,0,0,0,0,0
4.79163,5,0,0,0,0,0,0,0,0,0,0
4.84182,0,-0.000259725,-0.0442824,2.05999,0,0,6.27228e-08,2.06046,0,0,0
4.84182,1,2.99974,-0.0442824,2.05999,-9.07973e-17,8.22173e-17,-7.71368e-08,3.63922,0,0,0
4.84182,2,2.99974,2.95572,2.05999,-5.63798e-25,-4.25198e-24,6.96495e-08,4.6881,0,0,0
4.84182,3,0,0,0,0,0,0,0,0,0,0
4.84182,4,0,0,0,0,0,0,0,0,0,0
4.84182,5,0,0,0,0,0,0,0,0,0,0
4.89459,0,-0.000259725,-0.0442824,2.05999,0,0,6.53321e-08,2.06046,0,0,0
4.89459,1,2.99974,-0.0442824,2.05999,-9.24837e-17,8.43328e-17,-7.87284e-08,3.63922,0,0,0
4.89459,2,2.99974,2.95572,2.05999,1.65208e-24,1.03735e-24,7.5941e-08,4.6881,0,0,0
4.89459,3,0,0,0,0,0,0,0,0,0,0
4.89459,4,0,0,0,0,0,0,0,0,0,0
4.89459,5,0,0,0,0,0,0,0,0,0,0
4.95,0,-0.000259725,-0.0442824,2.05999,0,0,7.03658e-08,2.06046,0,0,0
4.95,1,2.99974,-0.0442824,2.05999,-7.62142e-17,5.16212e-17,-7.82936e-08,3.63922,0,0,0
4.95,2,2.99974,2.95572,2.05999,-2.22013e-24,5.27958e-24,8.02731e-08,4.6881,0,0,0
4.95,3,0,0,0,0,0,0,0,0,0,0
4.95,4,0,0,0,0,0,0,0,0,0,0
4.95,5,0,0,0,0,0,0,0,0,0,0
5.00533,0,-0.000259725,-0.0442824,2.05999,0,0,7.47404e-08,2.06046,0,0,0
5.00533,1,2.99974,-0.0442824,2.05999,-7.7321e-17,5.25155e-17,-7.96526e-08,3.63922,0,0,0
5.00533,2,2.99974,2.95572,2.05999,-3.764e-24,3.38022e-24,8.75277e-08,4.6881,0,0,0
5.00533,3,0,0,0,0,0,0,0,0,0,0
5.00533,4,0,0,0,0,0,0,0,0,0,0
5.00533,5,0,0,0,0,0,0,0,0,0,0
5.06185,0,-0.000259725,-0.0442824,2.05999,0,0,7.56092e-08,2.06046,0,0,0
5.06185,1,2.99974,-0.0442824,2.05999,-7.83776e-17,5.33693e-17,-8.28801e-08,3.63922,0,0,0
5.06185,2,2.99974,2.95572,2.05999,-2.56378e-24,4.33627e-24,9.38428e-08,4.6881,0,0,0
5.06185,3,0,0,0,0,0,0,0,0,0,0
5.06185,4,0,0,0,0,0,0,0,0,0,0
5.06185,5,0,0,0,0,0,0,0,0,0,0
5.11525,0,-0.000259725,-0.0442824,2.05999,0,0,8.3424e-08,2.06046,0,0,0
5.11525,1,2.99974,-0.0442824,2.05999,-7.94845e-17,5.42636e-17,-6.19936e-08,3.63922,0,0,0
5.11525,2,2.99974,2.95572,2.05999,1.01236e-25,8.70628e-24,1.0005e-07,4.6881,0,0,0
5.11525,3,0,0,0,0,0,0,0,0,0,0
5.11525,4,0,0,0,0,0,0,0,0,0,0
5.11525,5,0,0,0,0,0,0,0,0,0,0
5.17106,0,-0.000259725,-0.0442824,2.05999,0,0,8.9e-08,2.06046,0,0,0
5.17106,1,2.99974,-0.0442824,2.05999,-8.05411e-17,5.51173e-17,6.76295e-09,3.63922,0,0,0
5.17106,2,2.99974,2.95572,2.05999,2.92027e-24,8.54581e-24,1.06236e-07,4.6881,0,0,0
5.17106,3,0,0,0,0,0,0,0,0,0,0
5.17106,4,0,0,0,0,0,0,0,0,0,0
5.17106,5,0,0,0,0,0,0,0,0,0,0
5.22137,0,-0.000259725,-0.0442824,2.05999,0,0,9.52817e-08,2.06046,0,0,0
5.22137,1,2.99974,-0.0442824,2.05999,-8.15473e-17,5.59304e-17,6.01349e-08,3.63922,0,0,0
5.22137,2,2.99974,2.95572,2.05999,9.91472e-24,1.06256e-23,1.10928e-07,4.6881,0,0,0
5.22137,3,0,0,0,0,0,0,0,0,0,0
5.22137,4,0,0,0,0,0,0,0,0,0,0
5.22137,5,0,0,0,0,0,0,0,0,0,0
5.27192,0,-0.000259725,-0.0442824,2.05999,0,0,1.03981e-07,2.06046,0,0,0
5.27192,1,2.99974,-0.0442824,2.05999,-8.15473e-17,5.59304e-17,9.79656e-08,3.63922,0,0,0
5.27192,2,2.99974,2.95572,2.05999,1.03435e-23,9.08495e-24,1.16605e-07,4.6881,0,0,0
5.27192,3,0,0,0,0,0,0,0,0,0,0
5.27192,4,0,0,0,0,0,0,0,0,0,0
5.27192,5,0,0,0,0,0,0,0,0,0,0
5.32523,0,-0.000259725,-0.0442824,2.05999,0,0,1.13131e-07,2.06046,0,0,0
5.32523,1,2.99974,-0.0442824,2.05999,-8.25536e-17,5.67434e-17,1.22932e-07,3.63922,0,0,0
5.32523,2,2.99974,2.95572,2.05999,2.28375e-24,3.41552e-24,1.19841e-07,4.6881,0,0,0
5.32523,3,0,0,0,0,0,0,0,0,0,0
5.32523,4,0,0,0,0,0,0,0,0,0,0
5.32523,5,0,0,0,0,0,0,0,0,0,0
5.37865,0,-0.000259725,-0.0442824,2.05999,0,0,1.14916e-07,2.06046,0,0,0
5.37865,1,2.99974,-0.0442824,2.05999,-8.36101e-17,5.75971e-17,1.28226e-07,3.63922,0,0,0
5.37865,2,2.99974,2.95572,2.05999,-3.60832e-24,-5.99988e-24,1.24398e-07,4.6881,0,0,0
5.37865,3,0,0,0,0,0,0,0,0,0,0
5.37865,4,0,0,0,0,0,0,0,0,0,0
5.37865,5,0,0,0,0,0,0,0,0,0,0
5.42876,0,-0.000259725,-0.0442824,2.05999,0,0,1.18334e-07,2.06046,0,0,0
5.42876,1,2.99974,-0.0442824,2.05999,-8.46164e-17,5.84102e-17,9.16736e-08,3.63922,0,0,0
5.42876,2,2.99974,2.95572,2.05999,8.09824e-24,-5.64993e-25,1.39594e-07,4.6881,0,0,0
5.42876,3,0,0,0,0,0,0,0,0,0,0
5.42876,4,0,0,0,0,0,0,0,0,0,0
5.42876,5,0,0,0,0,0,0,0,0,0,0
5.48701,0,-0.000259725,-0.0442824,2.05999,0,0,1.27899e-07,2.06046,0,0,0
5.48701,1,2.99974,-0.0442824,2.05999,-8.5673e-17,5.92639e-17,6.55642e-08,3.63922,0,0,0
5.48701,2,2.99974,2.95572,2.05999,6.00651e-24,2.82951e-24,1.47178e-07,4.6881,0,0,0
5.48701,3,0,0,0,0,0,0,0,0,0,0
5.48701,4,0,0,0,0,0,0,0,0,0,0
5.48701,5,0,0,0,0,0,0,0,0,0,0
5.54225,0,-0.000259725,-0.0442824,2.05999,0,0,1.30743e-07,2.06046,0,0,0
5.54225,1,2.99974,-0.0442824,2.05999,-8.76855e-17,6.089e-17,5.36952e-08,3.63922,0,0,0
5.54225,2,2.99974,2.95572,2.05999,-4.35618e-24,-4.10291e-24,1.5018e-07,4.6881,0,0,0
5.54225,3,0,0,0,0,0,0,0,0,0,0
5.54225,4,0,0,0,0,0,0,0,0,0,0
5.54225,5,0,0,0,0,0,0,0,0,0,0
5.5924,0,-0.000259725,-0.0442824,2.05999,0,0,1.36068e-07,2.06046,0,0,0
5.5924,1,2.99974,-0.0442824,2.05999,-9.42917e-17,5.6285e-17,4.3185e-08,3.63922,0,0,0
5.5924,2,2.99974,2.95572,2.05999,-4.33058e-24,-7.30305e-24,1.51948e-07,4.6881,0,0,0
5.5924,3,0,0,0,0,0,0,0,0,0,0
5.5924,4,0,0,0,0,0,0,0,0,0,0
5.5924,5,0,0,0,0,0,0,0,0,0,0
5.64772,0,-0.000259725,-0.0442824,2.05999,0,0,1.44222e-07,2.06046,0,0,0
5.64772,1,2.99974,-0.0442824,2.05999,-9.04721e-17,3.53958e-17,3.40684e-08,3.63922,0,0,0
5.64772,2,2.99974,2.95572,2.05999,-3.09051e-24,-5.70959e-24,1.55305e-07,4.6881,0,0,0
5.64772,3,0,0,0,0,0,0,0,0,0,0
5.64772,4,0,0,0,0,0,0,0,0,0,0
5.64772,5,0,0,0,0,0,0,0,0,0,0
5.69798,0,-0.000259725,-0.0442824,2.05999,0,0,1.53807e-07,2.06046,0,0,0
5.69798,1,2.99974,-0.0442824,2.05999,-8.15862e-17,1.83617e-17,3.05911e-08,3.63922,0,0,0
5.69798,2,2.99974,2.95572,2.05999,-1.00647e-24,-3.12821e-24,1.613e-07,4.6881,0,0,0
5.69798,3,0,0,0,0,0,0,0,0,0,0
5.69798,4,0,0,0,0,0,0,0,0,0,0
5.69798,5,0,0,0,0,0,0,0,0,0,0
5.75321,0,-0.000259725,-0.0442824,2.05999,0,0,1.61578e-07,2.06046,0,0,0
5.75321,1,2.99974,-0.0442824,2.05999,-7.68024e-17,-2.91003e-18,2.88984e-08,3.63922,0,0,0
5.75321,2,2.99974,2.95572,2.05999,3.9736e-24,-3.46271e-24,1.68303e-07,4.6881,0,0,0
5.75321,3,0,0,0,0,0,0,0,0,0,0
5.75321,4,0,0,0,0,0,0,0,0,0,0
5.75321,5,0,0,0,0,0,0,0,0,0,0
5.80728,0,-0.000259725,-0.0442824,2.05999,0,0,1.64633e-07,2.06046,0,0,0
5.80728,1,2.99974,-0.0442824,2.05999,-7.43922e-17,-2.75342e-17,2.7788e-08,3.63922,0,0,0
5.80728,2,2.99974,2.95572,2.05999,7.32053e-24,-6.21224e-24,1.72944e-07,4.6881,0,0,0
5.80728,3,0,0,0,0,0,0,0,0,0,0
5.80728,4,0,0,0,0,0,0,0,0,0,0
5.80728,5,0,0,0,0,0,0,0,0,0,0
5.86532,0,-0.000259725,-0.0442824,2.05999,0,0,1.68508e-07,2.06046,0,0,0
5.86532,1,2.99974,-0.0442824,2.05999,-7.50872e-17,-5.62463e-17,2.75287e-08,3.63922,0,0,0
5.86532,2,2.99974,2.95572,2.05999,1.12307e-23,-8.56679e-24,1.79501e-07,4.6881,0,0,0
5.86532,3,0,0,0,0,0,0,0,0,0,0
5.86532,4,0,0,0,0,0,0,0,0,0,0
5.86532,5,0,0,0,0,0,0,0,0,0,0
5.9181,0,-0.000259725,-0.0442824,2.05999,0,0,1.6992e-07,2.06046,0,0,0
5.9181,1,2.99974,-0.0442824,2.05999,-6.87365e-17,-1.09885e-16,2.7849e-08,3.63922,0,0,0
5.9181,2,2.99974,2.95572,2.05999,1.45662e-23,-4.89752e-24,1.87361e-07,4.6881,0,0,0
5.9181,3,0,0,0,0,0,0,0,0,0,0
5.9181,4,0,0,0,0,0,0,0,0,0,0
5.9181,5,0,0,0,0,0,0,0,0,0,0
5.97144,0,-0.000259725,-0.0442824,2.05999,0,0,1.79239e-07,2.06046,0,0,0
5.97144,1,2.99974,-0.0442824,2.05999,-6.60201e-17,-1.39144e-16,2.86942e-08,3.63922,0,0,0
5.97144,2,2.99974,2.95572,2.05999,9.84056e-24,-2.07343e-24,1.95157e-07,4.6881,0,0,0
5.97144,3,0,0,0,0,0,0,0,0,0,0
5.97144,4,0,0,0,0,0,0,0,0,0,0
5.97144,5,0,0,0,0,0,0,0,0,0,0
6.02215,0,-0.000259725,-0.0442824,2.05999,0,0,1.83823e-07,2.06046,0,0,0
6.02215,1,2.99974,-0.0442824,2.05999,-6.6692e-17,-1.71787e-16,3.06923e-08,3.63922,0,0,0
6.02215,2,2.99974,2.95572,2.05999,-3.37565e-25,6.7513e-26,2.00167e-07,4.6881,0,0,0
6.02215,3,0,0,0,0,0,0,0,0,0,0
6.02215,4,0,0,0,0,0,0,0,0,0,0
6.02215,5,0,0,0,0,0,0,0,0,0,0
6.07277,0,-0.000259725,-0.0442824,2.05999,0,0,1.93475e-07,2.06046,0,0,0
6.07277,1,2.99974,-0.0442824,2.05999,-6.84596e-17,-1.80652e-16,2.96797e-08,3.63922,0,0,0
6.07277,2,2.99974,2.95572,2.05999,-5.48973e-24,-4.48846e-25,2.04734e-07,4.6881,0,0,0
6.07277,3,0,0,0,0,0,0,0,0,0,0
6.07277,4,0,0,0,0,0,0,0,0,0,0
6.07277,5,0,0,0,0,0,0,0,0,0,0
6.12562,0,-0.000259725,-0.0442824,2.05999,0,0,1.96523e-07,2.06046,0,0,0
6.12562,1,2.99974,-0.0442824,2.05999,-7.23928e-17,-1.91683e-16,2.84587e-08,3.63922,0,0,0
6.12562,2,2.99974,2.95572,2.05999,-9.94045e-24,-1.38162e-23,2.12795e-07,4.6881,0,0,0
6.12562,3,0,0,0,0,0,0,0,0,0,0
6.12562,4,0,0,0,0,0,0,0,0,0,0
6.12562,5,0,0,0,0,0,0,0,0,0,0
6.1794,0,-0.000259725,-0.0442824,2.05999,0,0,2.05591e-07,2.06046,0,0,0
6.1794,1,2.99974,-0.0442824,2.05999,-7.71901e-17,-2.03579e-16,2.88694e-08,3.63922,0,0,0
6.1794,2,2.99974,2.95572,2.05999,-1.52767e-23,-2.62146e-23,2.16197e-07,4.6881,0,0,0
6.1794,3,0,0,0,0,0,0,0,0,0,0
6.1794,4,0,0,0,0,0,0,0,0,0,0
6.1794,5,0,0,0,0,0,0,0,0,0,0
6.22957,0,-0.000259725,-0.0442824,2.05999,0,0,2.1477e-07,2.06046,0,0,0
6.22957,1,2.99974,-0.0442824,2.05999,-8.60511e-17,-2.19917e-16,3.45932e-08,3.63922,0,0,0
6.22957,2,2.99974,2.95572,2.05999,-1.17806e-23,-1.20396e-23,1.27942e-07,4.6881,0,0,0
6.22957,3,0,0,0,0,0,0,0,0,0,0
6.22957,4,0,0,0,0,0,0,0,0,0,0
6.22957,5,0,0,0,0,0,0,0,0,0,0
6.28231,0,-0.000259725,-0.0442824,2.05999,0,0,1.90595e-07,2.06046,0,0,0
6.28231,1,2.99974,-0.0442824,2.05999,-9.73743e-17,-2.13007e-16,3.53916e-08,3.63922,0,0,0
6.28231,2,2.99974,2.95572,2.05999,-8.99295e-24,-4.81228e-24,8.91737e-08,4.6881,0,0,0
6.28231,3,0,0,0,0,0,0,0,0,0,0
6.28231,4,0,0,0,0,0,0,0,0,0,0
6.28231,5,0,0,0,0,0,0,0,0,0,0
6.33611,0,-0.000259725,-0.0442824,2.05999,0,0,1.36291e-07,2.06046,0,0,0
6.33611,1,2.99974,-0.0442824,2.05999,-1.04016e-16,-2.25777e-16,3.59922e-08,3.63922,0,0,0
6.33611,2,2.99974,2.95572,2.05999,-5.11778e-24,-4.07758e-24,6.16811e-08,4.6881,0,0,0
6.33611,3,0,0,0,0,0,0,0,0,0,0
6.33611,4,0,0,0,0,0,0,0,0,0,0
6.33611,5,0,0,0,0,0,0,0,0,0,0
6.38884,0,-0.000259725,-0.0442824,2.05999,0,0,9.14789e-08,2.06046,0,0,0
6.38884,1,2.99974,-0.0442824,2.05999,-1.27904e-16,-2.03018e-16,4.00842e-08,3.63922,0,0,0
6.38884,2,2.99974,2.95572,2.05999,-5.41242e-25,-1.1772e-24,4.01178e-08,4.6881,0,0,0
6.38884,3,0,0,0,0,0,0,0,0,0,0
6.38884,4,0,0,0,0,0,0,0,0,0,0
6.38884,5,0,0,0,0,0,0,0,0,0,0
6.44067,0,-0.000259725,-0.0442824,2.05999,0,0,7.45784e-08,2.06046,0,0,0
6.44067,1,2.99974,-0.0442824,2.05999,-1.3835e-16,-2.18003e-16,4.59303e-08,3.63922,0,0,0
6.44067,2,2.99974,2.95572,2.05999,4.34064e-25,7.52968e-25,2.62641e-08,4.6881,0,0,0
6.44067,3,0,0,0,0,0,0,0,0,0,0
6.44067,4,0,0,0,0,0,0,0,0,0,0
6.44067,5,0,0,0,0,0,0,0,0,0,0
6.49857,0,-0.000259725,-0.0442824,2.05999,0,0,3.73783e-08,2.06046,0,0,0
6.49857,1,2.99974,-0.0442824,2.05999,-1.56331e-16,-2.13743e-16,4.88006e-08,3.63922,0,0,0
6.49857,2,2.99974,2.95572,2.05999,1.31442e-25,3.61757e-25,6.89751e-09,4.6881,0,0,0
6.49857,3,0,0,0,0,0,0,0,0,0,0
6.49857,4,0,0,0,0,0,0,0,0,0,0
6.49857,5,0,0,0,0,0,0,0,0,0,0
6.54893,0,-0.000259725,-0.0442824,2.05999,0,0,1.81031e-08,2.06046,0,0,0
6.54893,1,2.99974,-0.0442824,2.05999,-1.68344e-16,-2.02163e-16,5.17947e-08,3.63922,0,0,0
6.54893,2,2.99974,2.95572,2.05999,-2.01656e-25,-2.5328e-25,-9.56616e-09,4.6881,0,0,0
6.54893,3,0,0,0,0,0,0,0,0,0,0
6.54893,4,0,0,0,0,0,0,0,0,0,0
6.54893,5,0,0,0,0,0,0,0,0,0,0
6.60211,0,-0.000259725,-0.0442824,2.05999,0,0,4.475e-09,2.06046,0,0,0
6.60211,1,2.99974,-0.0442824,2.05999,-1.89767e-16,-1.73152e-16,5.59482e-08,3.63922,0,0,0
6.60211,2,2.99974,2.95572,2.05999,-4.2812e-25,-4.13229e-25,-2.20751e-08,4.6881,0,0,0
6.60211,3,0,0,0,0,0,0,0,0,0,0
6.60211,4,0,0,0,0,0,0,0,0,0,0
6.60211,5,0,0,0,0,0,0,0,0,0,0
6.65732,0,-0.000259725,-0.0442824,2.05999,0,0,-1.5875e-08,2.06046,0,0,0
6.65732,1,2.99974,-0.0442824,2.05999,-2.02677e-16,-1.6068e-16,5.84587e-08,3.63922,0,0,0
6.65732,2,2.99974,2.95572,2.05999,-3.83688e-25,-9.62172e-25,-3.50026e-08,4.6881,0,0,0
6.65732,3,0,0,0,0,0,0,0,0,0,0
6.65732,4,0,0,0,0,0,0,0,0,0,0
6.65732,5,0,0,0,0,0,0,0,0,0,0
6.70746,0,-0.000259725,-0.0442824,2.05999,0,0,-3.06253e-08,2.06046,0,0,0
6.70746,1,2.99974,-0.0442824,2.05999,-1.96361e-16,-1.45028e-16,6.29265e-08,3.63922,0,0,0
6.70746,2,2.99974,2.95572,2.05999,1.97601e-25,-1.17149e-24,-4.18472e-08,4.6881,0,0,0
6.70746,3,0,0,0,0,0,0,0,0,0,0
6.70746,4,0,0,0,0,0,0,0,0,0,0
6.70746,5,0,0,0,0,0,0,0,0,0,0
6.75858,0,-0.000259725,-0.0442824,2.05999,0,0,-4.2135e-08,2.06046,0,0,0
6.75858,1,2.99974,-0.0442824,2.05999,-1.98161e-16,-9.29984e-17,6.75058e-08,3.63922,0,0,0
6.75858,2,2.99974,2.95572,2.05999,1.62809e-24,1.45489e-24,-5.13519e-08,4.6881,0,0,0
6.75858,3,0,0,0,0,0,0,0,0,0,0
6.75858,4,0,0,0,0,0,0,0,0,0,0
6.75858,5,0,0,0,0,0,0,0,0,0,0
6.80873,0,-0.000259725,-0.0442824,2.05999,0,0,-4.87962e-08,2.06046,0,0,0
6.80873,1,2.99974,-0.0442824,2.05999,-2.13749e-16,-2.44818e-17,7.2462e-08,3.63922,0,0,0
6.80873,2,2.99974,2.95572,2.05999,3.50379e-24,2.82164e-24,-6.12878e-08,4.6881,0,0,0
6.80873,3,0,0,0,0,0,0,0,0,0,0
6.80873,4,0,0,0,0,0,0,0,0,0,0
6.80873,5,0,0,0,0,0,0,0,0,0,0
6.86416,0,-0.000259725,-0.0442824,2.05999,0,0,-5.71909e-08,2.06046,0,0,0
6.86416,1,2.99974,-0.0442824,2.05999,-2.41596e-16,5.94518e-17,7.66646e-08,3.63922,0,0,0
6.86416,2,2.99974,2.95572,2.05999,5.09308e-24,2.97381e-24,-6.75629e-08,4.6881,0,0,0
6.86416,3,0,0,0,0,0,0,0,0,0,0
6.86416,4,0,0,0,0,0,0,0,0,0,0
6.86416,5,0,0,0,0,0,0,0,0,0,0
6.91718,0,-0.000259725,-0.0442824,2.05999,0,0,-6.35836e-08,2.06046,0,0,0
6.91718,1,2.99974,-0.0442824,2.05999,-2.25302e-16,7.57452e-17,8.34953e-08,3.63922,0,0,0
6.91718,2,2.99974,2.95572,2.05999,4.77403e-24,3.46117e-24,-7.07719e-08,4.6881,0,0,0
6.91718,3,0,0,0,0,0,0,0,0,0,0
6.91718,4,0,0,0,0,0,0,0,0,0,0
6.91718,5,0,0,0,0,0,0,0,0,0,0
6.96771,0,-0.000259725,-0.0442824,2.05999,0,0,-7.21913e-08,2.06046,0,0,0
6.96771,1,2.99974,-0.0442824,2.05999,-2.34291e-16,1.13932e-16,9.13982e-08,3.63922,0,0,0
6.96771,2,2.99974,2.95572,2.05999,2.83377e-24,2.68462e-24,-7.36997e-08,4.6881,0,0,0
6.96771,3,0,0,0,0,0,0,0,0,0,0
6.96771,4,0,0,0,0,0,0,0,0,0,0
6.96771,5,0,0,0,0,0,0,0,0,0,0
7.01828,0,-0.000259725,-0.0442824,2.05999,0,0,-7.55904e-08,2.06046,0,0,0
7.01828,1,2.99974,-0.0442824,2.05999,-2.31089e-16,1.28099e-16,9.84343e-08,3.63922,0,0,0
7.01828,2,2.99974,2.95572,2.05999,-1.3818e-25,1.25619e-26,-7.44885e-08,4.6881,0,0,0
7.01828,3,0,0,0,0,0,0,0,0,0,0
7.01828,4,0,0,0,0,0,0,0,0,0,0
7.01828,5,0,0,0,0,0,0,0,0,0,0
7.0762,0,-0.000259725,-0.0442824,2.05999,0,0,-7.80296e-08,2.06046,0,0,0
7.0762,1,2.99974,-0.0442824,2.05999,-2.18624e-16,1.40563e-16,1.05342e-07,3.63922,0,0,0
7.0762,2,2.99974,2.95572,2.05999,-2.81451e-24,7.19403e-25,-7.48399e-08,4.6881,0,0,0
7.0762,3,0,0,0,0,0,0,0,0,0,0
7.0762,4,0,0,0,0,0,0,0,0,0,0
7.0762,5,0,0,0,0,0,0,0,0,0,0
7.12717,0,-0.000259725,-0.0442824,2.05999,0,0,-7.55795e-08,2.06046,0,0,0
7.12717,1,2.99974,-0.0442824,2.05999,-2.35627e-16,1.72361e-16,1.11409e-07,3.63922,0,0,0
7.12717,2,2.99974,2.95572,2.05999,-5.37516e-24,-1.44716e-24,-7.66185e-08,4.6881,0,0,0
7.12717,3,0,0,0,0,0,0,0,0,0,0
7.12717,4,0,0,0,0,0,0,0,0,0,0
7.12717,5,0,0,0,0,0,0,0,0,0,0
7.1835,0,-0.000259725,-0.0442824,2.05999,0,0,-7.64246e-08,2.06046,0,0,0
7.1835,1,2.99974,-0.0442824,2.05999,-2.32343e-16,1.75645e-16,1.18843e-07,3.63922,0,0,0
7.1835,2,2.99974,2.95572,2.05999,-6.61194e-24,-4.23373e-24,-7.74844e-08,4.6881,0,0,0
7.1835,3,0,0,0,0,0,0,0,0,0,0
7.1835,4,0,0,0,0,0,0,0,0,0,0
7.1835,5,0,0,0,0,0,0,0,0,0,0
7.23622,0,-0.000259725,-0.0442824,2.05999,0,0,-7.51353e-08,2.06046,0,0,0
7.23622,1,2.99974,-0.0442824,2.05999,-2.30286e-16,1.89658e-16,1.23046e-07,3.63922,0,0,0
7.23622,2,2.99974,2.95572,2.05999,-8.77259e-24,-9.80318e-24,-7.4526e-08,4.6881,0,0,0
7.23622,3,0,0,0,0,0,0,0,0,0,0
7.23622,4,0,0,0,0,0,0,0,0,0,0
7.23622,5,0,0,0,0,0,0,0,0,0,0
7.2915,0,-0.000259725,-0.0442824,2.05999,0,0,-7.35933e-08,2.06046,0,0,0
7.2915,1,2.99974,-0.0442824,2.05999,-2.33322e-16,2.10534e-16,1.29032e-07,3.63922,0,0,0
7.2915,2,2.99974,2.95572,2.05999,-6.58052e-24,-1.13548e-23,-6.26337e-08,4.6881,0,0,0
7.2915,3,0,0,0,0,0,0,0,0,0,0
7.2915,4,0,0,0,0,0,0,0,0,0,0
7.2915,5,0,0,0,0,0,0,0,0,0,0
7.34164,0,-0.000259725,-0.0442824,2.05999,0,0,-5.04105e-08,2.06046,0,0,0
7.34164,1,2.99974,-0.0442824,2.05999,-2.36984e-16,2.18828e-16,1.32561e-07,3.63922,0,0,0
7.34164,2,2.99974,2.95572,2.05999,-5.67988e-25,-1.52172e-24,-9.0054e-09,4.6881,0,0,0
7.34164,3,0,0,0,0,0,0,0,0,0,0
7.34164,4,0,0,0,0,0,0,0,0,0,0
7.34164,5,0,0,0,0,0,0,0,0,0,0
7.39698,0,-0.000259725,-0.0442824,2.05999,0,0,9.09486e-09,2.06046,0,0,0
7.39698,1,2.99974,-0.0442824,2.05999,-2.31393e-16,2.0957e-16,1.37861e-07,3.63922,0,0,0
7.39698,2,2.99974,2.95572,2.05999,2.7843e-24,3.95218e-24,5.01829e-08,4.6881,0,0,0
7.39698,3,0,0,0,0,0,0,0,0,0,0
7.39698,4,0,0,0,0,0,0,0,0,0,0
7.39698,5,0,0,0,0,0,0,0,0,0,0
7.45754,0,-0.000259725,-0.0442824,2.05999,0,0,3.86536e-08,2.06046,0,0,0
7.45754,1,2.99974,-0.0442824,2.05999,-2.25521e-16,1.99565e-16,1.45087e-07,3.63922,0,0,0
7.45754,2,2.99974,2.95572,2.05999,4.98053e-24,-1.95829e-24,9.14343e-08,4.6881,0,0,0
7.45754,3,0,0,0,0,0,0,0,0,0,0
7.45754,4,0,0,0,0,0,0,0,0,0,0
7.45754,5,0,0,0,0,0,0,0,0,0,0
7.50767,0,-0.000259725,-0.0442824,2.05999,0,0,1.06014e-07,2.06046,0,0,0
7.50767,1,2.99974,-0.0442824,2.05999,-2.10625e-16,1.72335e-16,1.57364e-07,3.63922,0,0,0
7.50767,2,2.99974,2.95572,2.05999,4.21042e-24,-3.94727e-24,1.11459e-07,4.6881,0,0,0
7.50767,3,0,0,0,0,0,0,0,0,0,0
7.50767,4,0,0,0,0,0,0,0,0,0,0
7.50767,5,0,0,0,0,0,0,0,0,0,0
7.55788,0,-0.000259725,-0.0442824,2.05999,0,0,1.23478e-07,2.06046,0,0,0
7.55788,1,2.99974,-0.0442824,2.05999,-2.10625e-16,1.72335e-16,1.57364e-07,3.63922,0,0,0
7.55788,2,2.99974,2.95572,2.05999,3.11222e-24,2.02971e-24,8.91529e-08,4.6881,0,0,0
7.55788,3,0,0,0,0,0,0,0,0,0,0
7.55788,4,0,0,0,0,0,0,0,0,0,0
7.55788,5,0,0,0,0,0,0,0,0,0,0
7.61076,0,-0.000259725,-0.0442824,2.05999,0,0,1.12906e-07,2.06046,0,0,0
7.61076,1,2.99974,-0.0442824,2.05999,-2.04622e-16,1.61577e-16,1.63369e-07,3.63922,0,0,0
7.61076,2,2.99974,2.95572,2.05999,2.93218e-24,4.71054e-24,6.27692e-08,4.6881,0,0,0
7.61076,3,0,0,0,0,0,0,0,0,0,0
7.61076,4,0,0,0,0,0,0,0,0,0,0
7.61076,5,0,0,0,0,0,0,0,0,0,0
7.66723,0,-0.000259725,-0.0442824,2.05999,0,0,6.35829e-08,2.06046,0,0,0
7.66723,1,2.99974,-0.0442824,2.05999,-1.91225e-16,1.37609e-16,1.72736e-07,3.63922,0,0,0
7.66723,2,2.99974,2.95572,2.05999,2.39075e-24,2.57088e-24,4.85498e-08,4.6881,0,0,0
7.66723,3,0,0,0,0,0,0,0,0,0,0
7.66723,4,0,0,0,0,0,0,0,0,0,0
7.66723,5,0,0,0,0,0,0,0,0,0,0
7.7181,0,-0.000259725,-0.0442824,2.05999,0,0,5.28968e-08,2.06046,0,0,0
7.7181,1,2.99974,-0.0442824,2.05999,-1.91225e-16,1.37609e-16,1.72736e-07,3.63922,0,0,0
7.7181,2,2.99974,2.95572,2.05999,6.59809e-25,1.83904e-24,4.16223e-08,4.6881,0,0,0
7.7181,3,0,0,0,0,0,0,0,0,0,0
7.7181,4,0,0,0,0,0,0,0,0,0,0
7.7181,5,0,0,0,0,0,0,0,0,0,0
7.77098,0,-0.000259725,-0.0442824,2.05999,0,0,3.92585e-08,2.06046,0,0,0
7.77098,1,2.99974,-0.0442824,2.05999,-1.75561e-16,1.10486e-16,1.85081e-07,3.63922,0,0,0
7.77098,2,2.99974,2.95572,2.05999,-1.02797e-24,-3.04583e-25,3.7627e-08,4.6881,0,0,0
7.77098,3,0,0,0,0,0,0,0,0,0,0
7.77098,4,0,0,0,0,0,0,0,0,0,0
7.77098,5,0,0,0,0,0,0,0,0,0,0
7.82641,0,-0.000259725,-0.0442824,2.05999,0,0,3.30518e-08,2.06046,0,0,0
7.82641,1,2.99974,-0.0442824,2.05999,-1.67285e-16,9.59162e-17,1.92435e-07,3.63922,0,0,0
7.82641,2,2.99974,2.95572,2.05999,-2.33203e-24,-1.84877e-24,3.33213e-08,4.6881,0,0,0
7.82641,3,0,0,0,0,0,0,0,0,0,0
7.82641,4,0,0,0,0,0,0,0,0,0,0
7.82641,5,0,0,0,0,0,0,0,0,0,0
7.87659,0,-0.000259725,-0.0442824,2.05999,0,0,2.77085e-08,2.06046,0,0,0
7.87659,1,2.99974,-0.0442824,2.05999,-1.58814e-16,8.05641e-17,1.97515e-07,3.63922,0,0,0
7.87659,2,2.99974,2.95572,2.05999,-4.38868e-24,-1.87107e-24,2.90443e-08,4.6881,0,0,0
7.87659,3,0,0,0,0,0,0,0,0,0,0
7.87659,4,0,0,0,0,0,0,0,0,0,0
7.87659,5,0,0,0,0,0,0,0,0,0,0
7.92676,0,-0.000259725,-0.0442824,2.05999,0,0,2.36159e-08,2.06046,0,0,0
7.92676,1,2.99974,-0.0442824,2.05999,-1.58814e-16,8.05641e-17,1.97515e-07,3.63922,0,0,0
7.92676,2,2.99974,2.95572,2.05999,-4.80669e-24,-2.13981e-24,2.67127e-08,4.6881,0,0,0
7.92676,3,0,0,0,0,0,0,0,0,0,0
7.92676,4,0,0,0,0,0,0,0,0,0,0
7.92676,5,0,0,0,0,0,0,0,0,0,0
7.97692,0,-0.000259725,-0.0442824,2.05999,0,0,2.07771e-08,2.06046,0,0,0
7.97692,1,2.99974,-0.0442824,2.05999,-1.56988e-16,5.76692e-17,2.02243e-07,3.63922,0,0,0
7.97692,2,2.99974,2.95572,2.05999,-4.59281e-24,-2.55348e-24,2.56201e-08,4.6881,0,0,0
7.97692,3,0,0,0,0,0,0,0,0,0,0
7.97692,4,0,0,0,0,0,0,0,0,0,0
7.97692,5,0,0,0,0,0,0,0,0,0,0
8.02965,0,-0.000259725,-0.0442824,2.05999,0,0,1.75297e-08,2.06046,0,0,0
8.02965,1,2.99974,-0.0442824,2.05999,-1.47927e-16,4.00761e-17,2.0754e-07,3.63922,0,0,0
8.02965,2,2.99974,2.95572,2.05999,-3.11807e-24,-6.28818e-25,2.57154e-08,4.6881,0,0,0
8.02965,3,0,0,0,0,0,0,0,0,0,0
8.02965,4,0,0,0,0,0,0,0,0,0,0
8.02965,5,0,0,0,0,0,0,0,0,0,0
8.07987,0,-0.000259725,-0.0442824,2.05999,0,0,1.63272e-08,2.06046,0,0,0
8.07987,1,2.99974,-0.0442824,2.05999,-1.47451e-16,3.9646e-17,2.06389e-07,3.63922,0,0,0
8.07987,2,2.99974,2.95572,2.05999,-2.65572e-24,1.02458e-24,2.4302e-08,4.6881,0,0,0
8.07987,3,0,0,0,0,0,0,0,0,0,0
8.07987,4,0,0,0,0,0,0,0,0,0,0
8.07987,5,0,0,0,0,0,0,0,0,0,0
8.13272,0,-0.000259725,-0.0442824,2.05999,0,0,1.38374e-08,2.06046,0,0,0
8.13272,1,2.99974,-0.0442824,2.05999,-1.46975e-16,3.92159e-17,1.21178e-07,3.63922,0,0,0
8.13272,2,2.99974,2.95572,2.05999,-2.13106e-24,4.62893e-25,2.58947e-08,4.6881,0,0,0
8.13272,3,0,0,0,0,0,0,0,0,0,0
8.13272,4,0,0,0,0,0,0,0,0,0,0
8.13272,5,0,0,0,0,0,0,0,0,0,0
8.18319,0,-0.000259725,-0.0442824,2.05999,0,0,1.36697e-08,2.06046,0,0,0
8.18319,1,2.99974,-0.0442824,2.05999,-1.39584e-16,1.99419e-17,7.51802e-08,3.63922,0,0,0
8.18319,2,2.99974,2.95572,2.05999,-6.10057e-25,-1.38905e-24,2.78267e-08,4.6881,0,0,0
8.18319,3,0,0,0,0,0,0,0,0,0,0
8.18319,4,0,0,0,0,0,0,0,0,0,0
8.18319,5,0,0,0,0,0,0,0,0,0,0
8.2341,0,-0.000259725,-0.0442824,2.05999,0,0,1.45393e-08,2.06046,0,0,0
8.2341,1,2.99974,-0.0442824,2.05999,-1.388e-16,1.8739e-17,4.71854e-08,3.63922,0,0,0
8.2341,2,2.99974,2.95572,2.05999,1.7275e-24,-1.81076e-24,3.08544e-08,4.6881,0,0,0
8.2341,3,0,0,0,0,0,0,0,0,0,0
8.2341,4,0,0,0,0,0,0,0,0,0,0
8.2341,5,0,0,0,0,0,0,0,0,0,0
8.29029,0,-0.000259725,-0.0442824,2.05999,0,0,1.55051e-08,2.06046,0,0,0
8.29029,1,2.99974,-0.0442824,2.05999,-1.38015e-16,1.75361e-17,2.01786e-08,3.63922,0,0,0
8.29029,2,2.99974,2.95572,2.05999,3.74667e-24,7.62124e-25,3.16028e-08,4.6881,0,0,0
8.29029,3,0,0,0,0,0,0,0,0,0,0
8.29029,4,0,0,0,0,0,0,0,0,0,0
8.29029,5,0,0,0,0,0,0,0,0,0,0
8.34199,0,-0.000259725,-0.0442824,2.05999,0,0,1.83689e-08,2.06046,0,0,0
8.34199,1,2.99974,-0.0442824,2.05999,-1.3723e-16,1.63332e-17,4.59395e-09,3.63922,0,0,0
8.34199,2,2.99974,2.95572,2.05999,4.61513e-24,2.92578e-24,3.62952e-08,4.6881,0,0,0
8.34199,3,0,0,0,0,0,0,0,0,0,0
8.34199,4,0,0,0,0,0,0,0,0,0,0
8.34199,5,0,0,0,0,0,0,0,0,0,0
8.39994,0,-0.000259725,-0.0442824,2.05999,0,0,2.10831e-08,2.06046,0,0,0
8.39994,1,2.99974,-0.0442824,2.05999,-1.33067e-16,-7.31241e-18,-1.05771e-08,3.63922,0,0,0
8.39994,2,2.99974,2.95572,2.05999,5.10651e-24,6.22233e-24,3.89207e-08,4.6881,0,0,0
8.39994,3,0,0,0,0,0,0,0,0,0,0
8.39994,4,0,0,0,0,0,0,0,0,0,0
8.39994,5,0,0,0,0,0,0,0,0,0,0
8.45023,0,-0.000259725,-0.0442824,2.05999,0,0,2.31912e-08,2.06046,0,0,0
8.45023,1,2.99974,-0.0442824,2.05999,-1.32131e-16,-9.40514e-18,-2.69863e-08,3.63922,0,0,0
8.45023,2,2.99974,2.95572,2.05999,4.77704e-24,4.89027e-24,4.19653e-08,4.6881,0,0,0
8.45023,3,0,0,0,0,0,0,0,0,0,0
8.45023,4,0,0,0,0,0,0,0,0,0,0
8.45023,5,0,0,0,0,0,0,0,0,0,0
8.50647,0,-0.000259725,-0.0442824,2.05999,0,0,2.57356e-08,2.06046,0,0,0
8.50647,1,2.99974,-0.0442824,2.05999,-1.22022e-16,-2.90914e-17,-3.75669e-08,3.63922,0,0,0
8.50647,2,2.99974,2.95572,2.05999,4.66663e-24,3.04002e-24,4.68221e-08,4.6881,0,0,0
8.50647,3,0,0,0,0,0,0,0,0,0,0
8.50647,4,0,0,0,0,0,0,0,0,0,0
8.50647,5,0,0,0,0,0,0,0,0,0,0
8.55667,0,-0.000259725,-0.0442824,2.05999,0,0,2.83757e-08,2.06046,0,0,0
8.55667,1,2.99974,-0.0442824,2.05999,-1.16811e-16,-5.36648e-17,-4.93697e-08,3.63922,0,0,0
8.55667,2,2.99974,2.95572,2.05999,1.58409e-24,-1.07582e-24,5.02311e-08,4.6881,0,0,0
8.55667,3,0,0,0,0,0,0,0,0,0,0
8.55667,4,0,0,0,0,0,0,0,0,0,0
8.55667,5,0,0,0,0,0,0,0,0,0,0
8.60978,0,-0.000259725,-0.0442824,2.05999,0,0,3.15831e-08,2.06046,0,0,0
8.60978,1,2.99974,-0.0442824,2.05999,-1.08009e-16,-7.56213e-17,-5.79606e-08,3.63922,0,0,0
8.60978,2,2.99974,2.95572,2.05999,-2.22009e-24,-5.88889e-24,5.57821e-08,4.6881,0,0,0
8.60978,3,0,0,0,0,0,0,0,0,0,0
8.60978,4,0,0,0,0,0,0,0,0,0,0
8.60978,5,0,0,0,0,0,0,0,0,0,0
8.66109,0,-0.000259725,-0.0442824,2.05999,0,0,3.5531e-08,2.06046,0,0,0
8.66109,1,2.99974,-0.0442824,2.05999,-1.18179e-16,-6.57775e-17,-6.44943e-08,3.63922,0,0,0
8.66109,2,2.99974,2.95572,2.05999,-4.52571e-24,-8.66179e-24,5.92412e-08,4.6881,0,0,0
8.66109,3,0,0,0,0,0,0,0,0,0,0
8.66109,4,0,0,0,0,0,0,0,0,0,0
8.66109,5,0,0,0,0,0,0,0,0,0,0
8.71132,0,-0.000259725,-0.0442824,2.05999,0,0,3.9845e-08,2.06046,0,0,0
8.71132,1,2.99974,-0.0442824,2.05999,-1.25131e-16,-7.74806e-17,-6.99161e-08,3.63922,0,0,0
8.71132,2,2.99974,2.95572,2.05999,-4.86668e-24,-9.61673e-24,6.28718e-08,4.6881,0,0,0
8.71132,3,0,0,0,0,0,0,0,0,0,0
8.71132,4,0,0,0,0,0,0,0,0,0,0
8.71132,5,0,0,0,0,0,0,0,0,0,0
8.76403,0,-0.000259725,-0.0442824,2.05999,0,0,4.47657e-08,2.06046,0,0,0
8.76403,1,2.99974,-0.0442824,2.05999,-1.24192e-16,-8.14053e-17,-7.40812e-08,3.63922,0,0,0
8.76403,2,2.99974,2.95572,2.05999,-3.38128e-24,-1.21841e-23,6.79664e-08,4.6881,0,0,0
8.76403,3,0,0,0,0,0,0,0,0,0,0
8.76403,4,0,0,0,0,0,0,0,0,0,0
8.76403,5,0,0,0,0,0,0,0,0,0,0
8.81724,0,-0.000259725,-0.0442824,2.05999,0,0,4.91564e-08,2.06046,0,0,0
8.81724,1,2.99974,-0.0442824,2.05999,-1.31978e-16,-6.81891e-17,-7.91749e-08,3.63922,0,0,0
8.81724,2,2.99974,2.95572,2.05999,1.41676e-24,-1.43808e-23,7.43454e-08,4.6881,0,0,0
8.81724,3,0,0,0,0,0,0,0,0,0,0
8.81724,4,0,0,0,0,0,0,0,0,0,0
8.81724,5,0,0,0,0,0,0,0,0,0,0
8.86747,0,-0.000259725,-0.0442824,2.05999,0,0,5.47118e-08,2.06046,0,0,0
8.86747,1,2.99974,-0.0442824,2.05999,-1.31377e-16,-7.14598e-17,-8.28441e-08,3.63922,0,0,0
8.86747,2,2.99974,2.95572,2.05999,4.93249e-24,-1.26645e-23,7.90497e-08,4.6881,0,0,0
8.86747,3,0,0,0,0,0,0,0,0,0,0
8.86747,4,0,0,0,0,0,0,0,0,0,0
8.86747,5,0,0,0,0,0,0,0,0,0,0
8.91767,0,-0.000259725,-0.0442824,2.05999,0,0,6.06051e-08,2.06046,0,0,0
8.91767,1,2.99974,-0.0442824,2.05999,-1.39278e-16,-5.77437e-17,-8.54887e-08,3.63922,0,0,0
8.91767,2,2.99974,2.95572,2.05999,5.87154e-24,-7.9372e-24,8.38957e-08,4.6881,0,0,0
8.91767,3,0,0,0,0,0,0,0,0,0,0
8.91767,4,0,0,0,0,0,0,0,0,0,0
8.91767,5,0,0,0,0,0,0,0,0,0,0
8.97355,0,-0.000259725,-0.0442824,2.05999,0,0,6.66557e-08,2.06046,0,0,0
8.97355,1,2.99974,-0.0442824,2.05999,-1.39009e-16,-6.03586e-17,-8.81362e-08,3.63922,0,0,0
8.97355,2,2.99974,2.95572,2.05999,6.41299e-24,-5.45473e-25,8.74193e-08,4.6881,0,0,0
8.97355,3,0,0,0,0,0,0,0,0,0,0
8.97355,4,0,0,0,0,0,0,0,0,0,0
8.97355,5,0,0,0,0,0,0,0,0,0,0
9.02434,0,-0.000259725,-0.0442824,2.05999,0,0,7.22546e-08,2.06046,0,0,0
9.02434,1,2.99974,-0.0442824,2.05999,-1.4562e-16,-4.4289e-17,-4.18701e-08,3.63922,0,0,0
9.02434,2,2.99974,2.95572,2.05999,2.99666e-24,2.09611e-24,9.20696e-08,4.6881,0,0,0
9.02434,3,0,0,0,0,0,0,0,0,0,0
9.02434,4,0,0,0,0,0,0,0,0,0,0
9.02434,5,0,0,0,0,0,0,0,0,0,0
9.07899,0,-0.000259725,-0.0442824,2.05999,0,0,7.55366e-08,2.06046,0,0,0
9.07899,1,2.99974,-0.0442824,2.05999,-1.45622e-16,-4.61882e-17,3.53355e-08,3.63922,0,0,0
9.07899,2,2.99974,2.95572,2.05999,6.77726e-25,6.6159e-24,9.56843e-08,4.6881,0,0,0
9.07899,3,0,0,0,0,0,0,0,0,0,0
9.07899,4,0,0,0,0,0,0,0,0,0,0
9.07899,5,0,0,0,0,0,0,0,0,0,0
9.1296,0,-0.000259725,-0.0442824,2.05999,0,0,8.12482e-08,2.06046,0,0,0
9.1296,1,2.99974,-0.0442824,2.05999,-1.45624e-16,-4.80873e-17,7.47506e-08,3.63922,0,0,0
9.1296,2,2.99974,2.95572,2.05999,1.72413e-24,9.89282e-24,9.92586e-08,4.6881,0,0,0
9.1296,3,0,0,0,0,0,0,0,0,0,0
9.1296,4,0,0,0,0,0,0,0,0,0,0
9.1296,5,0,0,0,0,0,0,0,0,0,0
9.17981,0,-0.000259725,-0.0442824,2.05999,0,0,8.59092e-08,2.06046,0,0,0
9.17981,1,2.99974,-0.0442824,2.05999,-1.51243e-16,-2.97271e-17,1.02012e-07,3.63922,0,0,0
9.17981,2,2.99974,2.95572,2.05999,3.19677e-24,1.44714e-23,1.01914e-07,4.6881,0,0,0
9.17981,3,0,0,0,0,0,0,0,0,0,0
9.17981,4,0,0,0,0,0,0,0,0,0,0
9.17981,5,0,0,0,0,0,0,0,0,0,0
9.22997,0,-0.000259725,-0.0442824,2.05999,0,0,8.82452e-08,2.06046,0,0,0
9.22997,1,2.99974,-0.0442824,2.05999,-1.49417e-16,-2.88061e-17,1.3042e-07,3.63922,0,0,0
9.22997,2,2.99974,2.95572,2.05999,5.26476e-24,1.3617e-23,1.05826e-07,4.6881,0,0,0
9.22997,3,0,0,0,0,0,0,0,0,0,0
9.22997,4,0,0,0,0,0,0,0,0,0,0
9.22997,5,0,0,0,0,0,0,0,0,0,0
9.28519,0,-0.000259725,-0.0442824,2.05999,0,0,9.42064e-08,2.06046,0,0,0
9.28519,1,2.99974,-0.0442824,2.05999,-1.54778e-16,-9.62818e-18,1.31988e-07,3.63922,0,0,0
9.28519,2,2.99974,2.95572,2.05999,1.11111e-23,7.39491e-24,1.11294e-07,4.6881,0,0,0
9.28519,3,0,0,0,0,0,0,0,0,0,0
9.28519,4,0,0,0,0,0,0,0,0,0,0
9.28519,5,0,0,0,0,0,0,0,0,0,0
9.33786,0,-0.000259725,-0.0442824,2.05999,0,0,1.0003e-07,2.06046,0,0,0
9.33786,1,2.99974,-0.0442824,2.05999,-1.60205e-16,1.10446e-17,8.31406e-08,3.63922,0,0,0
9.33786,2,2.99974,2.95572,2.05999,1.34066e-23,3.27184e-24,1.183e-07,4.6881,0,0,0
9.33786,3,0,0,0,0,0,0,0,0,0,0
9.33786,4,0,0,0,0,0,0,0,0,0,0
9.33786,5,0,0,0,0,0,0,0,0,0,0
9.38802,0,-0.000259725,-0.0442824,2.05999,0,0,1.04584e-07,2.06046,0,0,0
9.38802,1,2.99974,-0.0442824,2.05999,-1.64171e-16,3.40995e-17,5.3814e-08,3.63922,0,0,0
9.38802,2,2.99974,2.95572,2.05999,1.34251e-23,2.85415e-24,1.25366e-07,4.6881,0,0,0
9.38802,3,0,0,0,0,0,0,0,0,0,0
9.38802,4,0,0,0,0,0,0,0,0,0,0
9.38802,5,0,0,0,0,0,0,0,0,0,0
9.43933,0,-0.000259725,-0.0442824,2.05999,0,0,1.10671e-07,2.06046,0,0,0
9.43933,1,2.99974,-0.0442824,2.05999,-1.69875e-16,5.63897e-17,4.31233e-08,3.63922,0,0,0
9.43933,2,2.99974,2.95572,2.05999,1.13999e-23,4.28599e-24,1.31004e-07,4.6881,0,0,0
9.43933,3,0,0,0,0,0,0,0,0,0,0
9.43933,4,0,0,0,0,0,0,0,0,0,0
9.43933,5,0,0,0,0,0,0,0,0,0,0
9.48949,0,-0.000259725,-0.0442824,2.05999,0,0,1.15018e-07,2.06046,0,0,0
9.48949,1,2.99974,-0.0442824,2.05999,-1.74888e-16,8.03218e-17,3.34909e-08,3.63922,0,0,0
9.48949,2,2.99974,2.95572,2.05999,1.32629e-24,-4.5734e-25,1.35595e-07,4.6881,0,0,0
9.48949,3,0,0,0,0,0,0,0,0,0,0
9.48949,4,0,0,0,0,0,0,0,0,0,0
9.48949,5,0,0,0,0,0,0,0,0,0,0
9.5422,0,-0.000259725,-0.0442824,2.05999,0,0,1.19501e-07,2.06046,0,0,0
9.5422,1,2.99974,-0.0442824,2.05999,-1.72008e-16,8.72318e-17,2.67769e-08,3.63922,0,0,0
9.5422,2,2.99974,2.95572,2.05999,-1.24654e-23,-8.37443e-24,1.42696e-07,4.6881,0,0,0
9.5422,3,0,0,0,0,0,0,0,0,0,0
9.5422,4,0,0,0,0,0,0,0,0,0,0
9.5422,5,0,0,0,0,0,0,0,0,0,0
9.59236,0,-0.000259725,-0.0442824,2.05999,0,0,1.26747e-07,2.06046,0,0,0
9.59236,1,2.99974,-0.0442824,2.05999,-1.71138e-16,9.21317e-17,2.2612e-08,3.63922,0,0,0
9.59236,2,2.99974,2.95572,2.05999,-1.25157e-23,-8.56074e-24,1.4843e-07,4.6881,0,0,0
9.59236,3,0,0,0,0,0,0,0,0,0,0
9.59236,4,0,0,0,0,0,0,0,0,0,0
9.59236,5,0,0,0,0,0,0,0,0,0,0
9.64508,0,-0.000259725,-0.0442824,2.05999,0,0,1.33933e-07,2.06046,0,0,0
9.64508,1,2.99974,-0.0442824,2.05999,-1.57656e-16,8.3772e-17,2.03092e-08,3.63922,0,0,0
9.64508,2,2.99974,2.95572,2.05999,-1.1365e-23,-4.56147e-24,1.52816e-07,4.6881,0,0,0
9.64508,3,0,0,0,0,0,0,0,0,0,0
9.64508,4,0,0,0,0,0,0,0,0,0,0
9.64508,5,0,0,0,0,0,0,0,0,0,0
9.69777,0,-0.000259725,-0.0442824,2.05999,0,0,1.41396e-07,2.06046,0,0,0
9.69777,1,2.99974,-0.0442824,2.05999,-1.5407e-16,9.03961e-17,1.80704e-08,3.63922,0,0,0
9.69777,2,2.99974,2.95572,2.05999,-9.408e-24,-6.40602e-24,1.58937e-07,4.6881,0,0,0
9.69777,3,0,0,0,0,0,0,0,0,0,0
9.69777,4,0,0,0,0,0,0,0,0,0,0
9.69777,5,0,0,0,0,0,0,0,0,0,0
9.75425,0,-0.000259725,-0.0442824,2.05999,0,0,1.47825e-07,2.06046,0,0,0
9.75425,1,2.99974,-0.0442824,2.05999,-1.41092e-16,8.05478e-17,1.66559e-08,3.63922,0,0,0
9.75425,2,2.99974,2.95572,2.05999,-4.57355e-24,-1.27043e-23,1.67407e-07,4.6881,0,0,0
9.75425,3,0,0,0,0,0,0,0,0,0,0
9.75425,4,0,0,0,0,0,0,0,0,0,0
9.75425,5,0,0,0,0,0,0,0,0,0,0
9.80451,0,-0.000259725,-0.0442824,2.05999,0,0,1.52447e-07,2.06046,0,0,0
9.80451,1,2.99974,-0.0442824,2.05999,-1.37318e-16,8.63693e-17,1.56909e-08,3.63922,0,0,0
9.80451,2,2.99974,2.95572,2.05999,4.9667e-24,-7.43518e-25,1.76355e-07,4.6881,0,0,0
9.80451,3,0,0,0,0,0,0,0,0,0,0
9.80451,4,0,0,0,0,0,0,0,0,0,0
9.80451,5,0,0,0,0,0,0,0,0,0,0
9.85982,0,-0.000259725,-0.0442824,2.05999,0,0,1.56423e-07,2.06046,0,0,0
9.85982,1,2.99974,-0.0442824,2.05999,-1.28852e-16,4.55946e-17,1.53184e-08,3.63922,0,0,0
9.85982,2,2.99974,2.95572,2.05999,7.91971e-24,1.12349e-23,1.82022e-07,4.6881,0,0,0
9.85982,3,0,0,0,0,0,0,0,0,0,0
9.85982,4,0,0,0,0,0,0,0,0,0,0
9.85982,5,0,0,0,0,0,0,0,0,0,0
9.90996,0,-0.000259725,-0.0442824,2.05999,0,0,1.62918e-07,2.06046,0,0,0
9.90996,1,2.99974,-0.0442824,2.05999,-1.24904e-16,2.4072e-17,1.48929e-08,3.63922,0,0,0
9.90996,2,2.99974,2.95572,2.05999,8.54706e-24,3.2922e-24,1.8771e-07,4.6881,0,0,0
9.90996,3,0,0,0,0,0,0,0,0,0,0
9.90996,4,0,0,0,0,0,0,0,0,0,0
9.90996,5,0,0,0,0,0,0,0,0,0,0
9.9608,0,-0.000259725,-0.0442824,2.05999,0,0,1.70501e-07,2.06046,0,0,0
9.9608,1,2.99974,-0.0442824,2.05999,-1.19917e-16,2.22439e-18,1.5421e-08,3.63922,0,0,0
9.9608,2,2.99974,2.95572,2.05999,6.28284e-24,-9.25892e-24,1.96082e-07,4.6881,0,0,0
9.9608,3,0,0,0,0,0,0,0,0,0,0
9.9608,4,0,0,0,0,0,0,0,0,0,0
9.9608,5,0,0,0,0,0,0,0,0,0,0
10.0111,0,-0.000259725,-0.0442824,2.05999,0,0,1.77389e-07,2.06046,0,0,0
10.0111,1,2.99974,-0.0442824,2.05999,-1.1417e-16,-1.96903e-17,1.68066e-08,3.63922,0,0,0
10.0111,2,2.99974,2.95572,2.05999,3.99203e-24,-1.02701e-23,2.02322e-07,4.6881,0,0,0
10.0111,3,0,0,0,0,0,0,0,0,0,0
10.0111,4,0,0,0,0,0,0,0,0,0,0
10.0111,5,0,0,0,0,0,0,0,0,0,0
10.0612,0,-0.000259725,-0.0442824,2.05999,0,0,1.8214e-07,2.06046,0,0,0
10.0612,1,2.99974,-0.0442824,2.05999,-1.06414e-16,-4.07295e-17,1.96577e-08,3.63922,0,0,0
10.0612,2,2.99974,2.95572,2.05999,-8.16422e-24,-7.8827e-24,2.08671e-07,4.6881,0,0,0
10.0612,3,0,0,0,0,0,0,0,0,0,0
10.0612,4,0,0,0,0,0,0,0,0,0,0
10.0612,5,0,0,0,0,0,0,0,0,0,0
10.114,0,-0.000259725,-0.0442824,2.05999,0,0,1.90417e-07,2.06046,0,0,0
10.114,1,2.99974,-0.0442824,2.05999,-1.05628e-16,-6.97484e-17,2.19447e-08,3.63922,0,0,0
10.114,2,2.99974,2.95572,2.05999,-1.74765e-23,-3.58306e-24,2.16802e-07,4.6881,0,0,0
10.114,3,0,0,0,0,0,0,0,0,0,0
10.114,4,0,0,0,0,0,0,0,0,0,0
10.114,5,0,0,0,0,0,0,0,0,0,0
10.1642,0,-0.000259725,-0.0442824,2.05999,0,0,1.97247e-07,2.06046,0,0,0
10.1642,1,2.99974,-0.0442824,2.05999,-1.04688e-16,-9.95805e-17,2.30622e-08,3.63922,0,0,0
10.1642,2,2.99974,2.95572,2.05999,-1.9706e-23,-2.60545e-24,2.17601e-07,4.6881,0,0,0
10.1642,3,0,0,0,0,0,0,0,0,0,0
10.1642,4,0,0,0,0,0,0,0,0,0,0
10.1642,5,0,0,0,0,0,0,0,0,0,0
10.2208,0,-0.000259725,-0.0442824,2.05999,0,0,2.03958e-07,2.06046,0,0,0
10.2208,1,2.99974,-0.0442824,2.05999,-1.06872e-16,-1.08072e-16,2.49722e-08,3.63922,0,0,0
10.2208,2,2.99974,2.95572,2.05999,-1.06746e-23,6.74832e-24,1.8189e-07,4.6881,0,0,0
10.2208,3,0,0,0,0,0,0,0,0,0,0
10.2208,4,0,0,0,0,0,0,0,0,0,0
10.2208,5,0,0,0,0,0,0,0,0,0,0
10.2722,0,-0.000259725,-0.0442824,2.05999,0,0,2.11684e-07,2.06046,0,0,0
10.2722,1,2.99974,-0.0442824,2.05999,-1.11906e-16,-1.1923e-16,2.77652e-08,3.63922,0,0,0
10.2722,2,2.99974,2.95572,2.05999,-1.3857e-24,1.0566e-23,1.28388e-07,4.6881,0,0,0
10.2722,3,0,0,0,0,0,0,0,0,0,0
10.2722,4,0,0,0,0,0,0,0,0,0,0
10.2722,5,0,0,0,0,0,0,0,0,0,0
10.3277,0,-0.000259725,-0.0442824,2.05999,0,0,2.19693e-07,2.06046,0,0,0
10.3277,1,2.99974,-0.0442824,2.05999,-1.16487e-16,-1.29943e-16,3.28839e-08,3.63922,0,0,0
10.3277,2,2.99974,2.95572,2.05999,1.52432e-24,7.06433e-24,9.71917e-08,4.6881,0,0,0
10.3277,3,0,0,0,0,0,0,0,0,0,0
10.3277,4,0,0,0,0,0,0,0,0,0,0
10.3277,5,0,0,0,0,0,0,0,0,0,0
10.3778,0,-0.000259725,-0.0442824,2.05999,0,0,2.11531e-07,2.06046,0,0,0
10.3778,1,2.99974,-0.0442824,2.05999,-1.25627e-16,-1.44922e-16,3.51891e-08,3.63922,0,0,0
10.3778,2,2.99974,2.95572,2.05999,-6.03041e-25,2.6511e-24,6.74693e-08,4.6881,0,0,0
10.3778,3,0,0,0,0,0,0,0,0,0,0
10.3778,4,0,0,0,0,0,0,0,0,0,0
10.3778,5,0,0,0,0,0,0,0,0,0,0
10.4352,0,-0.000259725,-0.0442824,2.05999,0,0,1.82158e-07,2.06046,0,0,0
10.4352,1,2.99974,-0.0442824,2.05999,-1.28939e-16,-1.54369e-16,3.75851e-08,3.63922,0,0,0
10.4352,2,2.99974,2.95572,2.05999,-1.91708e-24,2.05031e-24,4.3891e-08,4.6881,0,0,0
10.4352,3,0,0,0,0,0,0,0,0,0,0
10.4352,4,0,0,0,0,0,0,0,0,0,0
10.4352,5,0,0,0,0,0,0,0,0,0,0
10.4854,0,-0.000259725,-0.0442824,2.05999,0,0,1.22024e-07,2.06046,0,0,0
10.4854,1,2.99974,-0.0442824,2.05999,-1.37399e-16,-1.42765e-16,4.15677e-08,3.63922,0,0,0
10.4854,2,2.99974,2.95572,2.05999,-1.64392e-24,1.25355e-24,2.57204e-08,4.6881,0,0,0
10.4854,3,0,0,0,0,0,0,0,0,0,0
10.4854,4,0,0,0,0,0,0,0,0,0,0
10.4854,5,0,0,0,0,0,0,0,0,0,0
10.5362,0,-0.000259725,-0.0442824,2.05999,0,0,8.93544e-08,2.06046,0,0,0
10.5362,1,2.99974,-0.0442824,2.05999,-1.37399e-16,-1.42765e-16,4.47311e-08,3.63922,0,0,0
10.5362,2,2.99974,2.95572,2.05999,-8.73067e-25,2.00685e-25,1.0171e-08,4.6881,0,0,0
10.5362,3,0,0,0,0,0,0,0,0,0,0
10.5362,4,0,0,0,0,0,0,0,0,0,0
10.5362,5,0,0,0,0,0,0,0,0,0,0
10.5918,0,-0.000259725,-0.0442824,2.05999,0,0,6.16593e-08,2.06046,0,0,0
10.5918,1,2.99974,-0.0442824,2.05999,-1.462e-16,-1.35213e-16,4.88311e-08,3.63922,0,0,0
10.5918,2,2.99974,2.95572,2.05999,9.15833e-26,-1.51836e-25,-7.1456e-09,4.6881,0,0,0
10.5918,3,0,0,0,0,0,0,0,0,0,0
10.5918,4,0,0,0,0,0,0,0,0,0,0
10.5918,5,0,0,0,0,0,0,0,0,0,0
10.6426,0,-0.000259725,-0.0442824,2.05999,0,0,3.91725e-08,2.06046,0,0,0
10.6426,1,2.99974,-0.0442824,2.05999,-1.54721e-16,-9.18789e-17,5.3323e-08,3.63922,0,0,0
10.6426,2,2.99974,2.95572,2.05999,-1.32634e-24,-4.73904e-25,-1.76738e-08,4.6881,0,0,0
10.6426,3,0,0,0,0,0,0,0,0,0,0
10.6426,4,0,0,0,0,0,0,0,0,0,0
10.6426,5,0,0,0,0,0,0,0,0,0,0
10.6951,0,-0.000259725,-0.0442824,2.05999,0,0,1.7822e-08,2.06046,0,0,0
10.6951,1,2.99974,-0.0442824,2.05999,-1.62962e-16,-5.00974e-17,5.91193e-08,3.63922,0,0,0
10.6951,2,2.99974,2.95572,2.05999,-3.21478e-24,-1.84138e-24,-3.01627e-08,4.6881,0,0,0
10.6951,3,0,0,0,0,0,0,0,0,0,0
10.6951,4,0,0,0,0,0,0,0,0,0,0
10.6951,5,0,0,0,0,0,0,0,0,0,0
10.7507,0,-0.000259725,-0.0442824,2.05999,0,0,-9.4232e-10,2.06046,0,0,0
10.7507,1,2.99974,-0.0442824,2.05999,-1.72678e-16,-5.95207e-18,6.701e-08,3.63922,0,0,0
10.7507,2,2.99974,2.95572,2.05999,-3.10507e-24,-2.4631e-24,-3.88445e-08,4.6881,0,0,0
10.7507,3,0,0,0,0,0,0,0,0,0,0
10.7507,4,0,0,0,0,0,0,0,0,0,0
10.7507,5,0,0,0,0,0,0,0,0,0,0
10.8075,0,-0.000259725,-0.0442824,2.05999,0,0,-1.78814e-08,2.06046,0,0,0
10.8075,1,2.99974,-0.0442824,2.05999,-1.76192e-16,4.53589e-17,7.48019e-08,3.63922,0,0,0
10.8075,2,2.99974,2.95572,2.05999,-1.95855e-24,-2.95337e-25,-4.6086e-08,4.6881,0,0,0
10.8075,3,0,0,0,0,0,0,0,0,0,0
10.8075,4,0,0,0,0,0,0,0,0,0,0
10.8075,5,0,0,0,0,0,0,0,0,0,0
10.8582,0,-0.000259725,-0.0442824,2.05999,0,0,-3.22383e-08,2.06046,0,0,0
10.8582,1,2.99974,-0.0442824,2.05999,-1.80006e-16,7.15125e-17,8.1079e-08,3.63922,0,0,0
10.8582,2,2.99974,2.95572,2.05999,1.47669e-25,3.50061e-24,-5.1508e-08,4.6881,0,0,0
10.8582,3,0,0,0,0,0,0,0,0,0,0
10.8582,4,0,0,0,0,0,0,0,0,0,0
10.8582,5,0,0,0,0,0,0,0,0,0,0
10.9112,0,-0.000259725,-0.0442824,2.05999,0,0,-4.21849e-08,2.06046,0,0,0
10.9112,1,2.99974,-0.0442824,2.05999,-1.77656e-16,7.89127e-17,8.84346e-08,3.63922,0,0,0
10.9112,2,2.99974,2.95572,2.05999,2.25317e-25,5.06963e-24,-5.56696e-08,4.6881,0,0,0
10.9112,3,0,0,0,0,0,0,0,0,0,0
10.9112,4,0,0,0,0,0,0,0,0,0,0
10.9112,5,0,0,0,0,0,0,0,0,0,0
10.9663,0,-0.000259725,-0.0442824,2.05999,0,0,-5.02022e-08,2.06046,0,0,0
10.9663,1,2.99974,-0.0442824,2.05999,-1.7724e-16,8.46317e-17,9.5693e-08,3.63922,0,0,0
10.9663,2,2.99974,2.95572,2.05999,-1.12313e-24,6.05687e-24,-5.9463e-08,4.6881,0,0,0
10.9663,3,0,0,0,0,0,0,0,0,0,0
10.9663,4,0,0,0,0,0,0,0,0,0,0
10.9663,5,0,0,0,0,0,0,0,0,0,0
11.0198,0,-0.000259725,-0.0442824,2.05999,0,0,-5.69587e-08,2.06046,0,0,0
11.0198,1,2.99974,-0.0442824,2.05999,-1.78442e-16,8.84804e-17,1.00427e-07,3.63922,0,0,0
11.0198,2,2.99974,2.95572,2.05999,-1.94046e-24,8.35808e-24,-6.42818e-08,4.6881,0,0,0
11.0198,3,0,0,0,0,0,0,0,0,0,0
11.0198,4,0,0,0,0,0,0,0,0,0,0
11.0198,5,0,0,0,0,0,0,0,0,0,0
11.07,0,-0.000259725,-0.0442824,2.05999,0,0,-6.40672e-08,2.06046,0,0,0
11.07,1,2.99974,-0.0442824,2.05999,-1.79644e-16,9.23291e-17,1.05567e-07,3.63922,0,0,0
11.07,2,2.99974,2.95572,2.05999,-4.15095e-24,6.07736e-24,-6.79946e-08,4.6881,0,0,0
11.07,3,0,0,0,0,0,0,0,0,0,0
11.07,4,0,0,0,0,0,0,0,0,0,0
11.07,5,0,0,0,0,0,0,0,0,0,0
11.1227,0,-0.000259725,-0.0442824,2.05999,0,0,-6.98804e-08,2.06046,0,0,0
11.1227,1,2.99974,-0.0442824,2.05999,-1.72108e-16,7.90392e-17,1.11763e-07,3.63922,0,0,0
11.1227,2,2.99974,2.95572,2.05999,-5.29162e-24,1.59814e-24,-7.01967e-08,4.6881,0,0,0
11.1227,3,0,0,0,0,0,0,0,0,0,0
11.1227,4,0,0,0,0,0,0,0,0,0,0
11.1227,5,0,0,0,0,0,0,0,0,0,0
11.173,0,-0.000259725,-0.0442824,2.05999,0,0,-7.44019e-08,2.06046,0,0,0
11.173,1,2.99974,-0.0442824,2.05999,-1.73059e-16,8.25535e-17,1.15647e-07,3.63922,0,0,0
11.173,2,2.99974,2.95572,2.05999,-6.76485e-24,1.22343e-24,-7.11238e-08,4.6881,0,0,0
11.173,3,0,0,0,0,0,0,0,0,0,0
11.173,4,0,0,0,0,0,0,0,0,0,0
11.173,5,0,0,0,0,0,0,0,0,0,0
11.2258,0,-0.000259725,-0.0442824,2.05999,0,0,-7.72717e-08,2.06046,0,0,0
11.2258,1,2.99974,-0.0442824,2.05999,-1.65186e-16,6.857e-17,1.21716e-07,3.63922,0,0,0
11.2258,2,2.99974,2.95572,2.05999,-3.75218e-24,4.62189e-24,-7.36737e-08,4.6881,0,0,0
11.2258,3,0,0,0,0,0,0,0,0,0,0
11.2258,4,0,0,0,0,0,0,0,0,0,0
11.2258,5,0,0,0,0,0,0,0,0,0,0
11.279,0,-0.000259725,-0.0442824,2.05999,0,0,-7.90145e-08,2.06046,0,0,0
11.279,1,2.99974,-0.0442824,2.05999,-1.66239e-16,7.36502e-17,1.26457e-07,3.63922,0,0,0
11.279,2,2.99974,2.95572,2.05999,2.72696e-24,3.21831e-24,-7.28386e-08,4.6881,0,0,0
11.279,3,0,0,0,0,0,0,0,0,0,0
11.279,4,0,0,0,0,0,0,0,0,0,0
11.279,5,0,0,0,0,0,0,0,0,0,0
11.3318,0,-0.000259725,-0.0442824,2.05999,0,0,-7.97672e-08,2.06046,0,0,0
11.3318,1,2.99974,-0.0442824,2.05999,-1.57543e-16,5.85258e-17,1.30862e-07,3.63922,0,0,0
11.3318,2,2.99974,2.95572,2.05999,5.84853e-24,6.58115e-25,-7.36312e-08,4.6881,0,0,0
11.3318,3,0,0,0,0,0,0,0,0,0,0
11.3318,4,0,0,0,0,0,0,0,0,0,0
11.3318,5,0,0,0,0,0,0,0,0,0,0
11.3896,0,-0.000259725,-0.0442824,2.05999,0,0,-7.92221e-08,2.06046,0,0,0
11.3896,1,2.99974,-0.0442824,2.05999,-1.57736e-16,6.05118e-17,1.35119e-07,3.63922,0,0,0
11.3896,2,2.99974,2.95572,2.05999,5.53884e-24,1.03137e-24,-7.55032e-08,4.6881,0,0,0
11.3896,3,0,0,0,0,0,0,0,0,0,0
11.3896,4,0,0,0,0,0,0,0,0,0,0
11.3896,5,0,0,0,0,0,0,0,0,0,0
11.4453,0,-0.000259725,-0.0442824,2.05999,0,0,-8.02519e-08,2.06046,0,0,0
11.4453,1,2.99974,-0.0442824,2.05999,-1.57736e-16,6.05118e-17,1.40799e-07,3.63922,0,0,0
11.4453,2,2.99974,2.95572,2.05999,4.05973e-24,3.40927e-24,-6.65004e-08,4.6881,0,0,0
11.4453,3,0,0,0,0,0,0,0,0,0,0
11.4453,4,0,0,0,0,0,0,0,0,0,0
11.4453,5,0,0,0,0,0,0,0,0,0,0
11.4983,0,-0.000259725,-0.0442824,2.05999,0,0,-7.86898e-08,2.06046,0,0,0
11.4983,1,2.99974,-0.0442824,2.05999,-1.5792e-16,6.24033e-17,1.46544e-07,3.63922,0,0,0
11.4983,2,2.99974,2.95572,2.05999,3.21345e-25,2.96092e-25,-3.7436e-09,4.6881,0,0,0
11.4983,3,0,0,0,0,0,0,0,0,0,0
11.4983,4,0,0,0,0,0,0,0,0,0,0
11.4983,5,0,0,0,0,0,0,0,0,0,0
11.5487,0,-0.000259725,-0.0442824,2.05999,0,0,-6.17807e-08,2.06046,0,0,0
11.5487,1,2.99974,-0.0442824,2.05999,-1.58113e-16,6.43893e-17,1.55004e-07,3.63922,0,0,0
11.5487,2,2.99974,2.95572,2.05999,-7.19997e-24,-2.97048e-24,5.83251e-08,4.6881,0,0,0
11.5487,3,0,0,0,0,0,0,0,0,0,0
11.5487,4,0,0,0,0,0,0,0,0,0,0
11.5487,5,0,0,0,0,0,0,0,0,0,0
11.6046,0,-0.000259725,-0.0442824,2.05999,0,0,9.77416e-09,2.06046,0,0,0
11.6046,1,2.99974,-0.0442824,2.05999,-1.58297e-16,6.62808e-17,1.61611e-07,3.63922,0,0,0
11.6046,2,2.99974,2.95572,2.05999,-1.19305e-23,-1.12434e-24,9.25977e-08,4.6881,0,0,0
11.6046,3,0,0,0,0,0,0,0,0,0,0
11.6046,4,0,0,0,0,0,0,0,0,0,0
11.6046,5,0,0,0,0,0,0,0,0,0,0
11.6548,0,-0.000259725,-0.0442824,2.05999,0,0,5.90986e-08,2.06046,0,0,0
11.6548,1,2.99974,-0.0442824,2.05999,-1.58666e-16,7.00637e-17,1.68492e-07,3.63922,0,0,0
11.6548,2,2.99974,2.95572,2.05999,-1.04416e-23,4.25711e-24,1.2559e-07,4.6881,0,0,0
11.6548,3,0,0,0,0,0,0,0,0,0,0
11.6548,4,0,0,0,0,0,0,0,0,0,0
11.6548,5,0,0,0,0,0,0,0,0,0,0
11.71,0,-0.000259725,-0.0442824,2.05999,0,0,1.01632e-07,2.06046,0,0,0
11.71,1,2.99974,-0.0442824,2.05999,-1.65392e-16,6.55161e-17,1.75923e-07,3.63922,0,0,0
11.71,2,2.99974,2.95572,2.05999,-2.99652e-24,3.98109e-24,1.26918e-07,4.6881,0,0,0
11.71,3,0,0,0,0,0,0,0,0,0,0
11.71,4,0,0,0,0,0,0,0,0,0,0
11.71,5,0,0,0,0,0,0,0,0,0,0
11.7627,0,-0.000259725,-0.0442824,2.05999,0,0,1.26482e-07,2.06046,0,0,0
11.7627,1,2.99974,-0.0442824,2.05999,-1.56794e-16,4.9553e-17,1.86862e-07,3.63922,0,0,0
11.7627,2,2.99974,2.95572,2.05999,5.62563e-24,9.40261e-25,9.45e-08,4.6881,0,0,0
11.7627,3,0,0,0,0,0,0,0,0,0,0
11.7627,4,0,0,0,0,0,0,0,0,0,0
11.7627,5,0,0,0,0,0,0,0,0,0,0
11.8164,0,-0.000259725,-0.0442824,2.05999,0,0,1.18787e-07,2.06046,0,0,0
11.8164,1,2.99974,-0.0442824,2.05999,-1.56878e-16,5.05575e-17,1.9172e-07,3.63922,0,0,0
11.8164,2,2.99974,2.95572,2.05999,6.46362e-24,1.18457e-24,7.63497e-08,4.6881,0,0,0
11.8164,3,0,0,0,0,0,0,0,0,0,0
11.8164,4,0,0,0,0,0,0,0,0,0,0
11.8164,5,0,0,0,0,0,0,0,0,0,0
11.8667,0,-0.000259725,-0.0442824,2.05999,0,0,7.87953e-08,2.06046,0,0,0
11.8667,1,2.99974,-0.0442824,2.05999,-1.56966e-16,5.16123e-17,1.94965e-07,3.63922,0,0,0
11.8667,2,2.99974,2.95572,2.05999,3.2906e-24,3.75082e-24,6.82251e-08,4.6881,0,0,0
11.8667,3,0,0,0,0,0,0,0,0,0,0
11.8667,4,0,0,0,0,0,0,0,0,0,0
11.8667,5,0,0,0,0,0,0,0,0,0,0
11.9172,0,-0.000259725,-0.0442824,2.05999,0,0,5.84366e-08,2.06046,0,0,0
11.9172,1,2.99974,-0.0442824,2.05999,-1.5705e-16,5.26168e-17,1.99319e-07,3.63922,0,0,0
11.9172,2,2.99974,2.95572,2.05999,2.08097e-24,2.70215e-24,6.13911e-08,4.6881,0,0,0
11.9172,3,0,0,0,0,0,0,0,0,0,0
11.9172,4,0,0,0,0,0,0,0,0,0,0
11.9172,5,0,0,0,0,0,0,0,0,0,0
11.9682,0,-0.000259725,-0.0442824,2.05999,0,0,4.94375e-08,2.06046,0,0,0
11.9682,1,2.99974,-0.0442824,2.05999,-1.57138e-16,5.36716e-17,2.05179e-07,3.63922,0,0,0
11.9682,2,2.99974,2.95572,2.05999,1.46381e-24,1.42604e-24,5.60002e-08,4.6881,0,0,0
11.9682,3,0,0,0,0,0,0,0,0,0,0
11.9682,4,0,0,0,0,0,0,0,0,0,0
11.9682,5,0,0,0,0,0,0,0,0,0,0
12.0221,0,-0.000259725,-0.0442824,2.05999,0,0,4.25416e-08,2.06046,0,0,0
12.0221,1,2.99974,-0.0442824,2.05999,-1.57138e-16,5.36716e-17,2.05179e-07,3.63922,0,0,0
12.0221,2,2.99974,2.95572,2.05999,1.27648e-24,6.00197e-25,5.01269e-08,4.6881,0,0,0
12.0221,3,0,0,0,0,0,0,0,0,0,0
12.0221,4,0,0,0,0,0,0,0,0,0,0
12.0221,5,0,0,0,0,0,0,0,0,0,0
12.0749,0,-0.000259725,-0.0442824,2.05999,0,0,3.63257e-08,2.06046,0,0,0
12.0749,1,2.99974,-0.0442824,2.05999,-1.57306e-16,5.56807e-17,2.12966e-07,3.63922,0,0,0
12.0749,2,2.99974,2.95572,2.05999,-8.56154e-25,1.49438e-24,4.61525e-08,4.6881,0,0,0
12.0749,3,0,0,0,0,0,0,0,0,0,0
12.0749,4,0,0,0,0,0,0,0,0,0,0
12.0749,5,0,0,0,0,0,0,0,0,0,0
12.1254,0,-0.000259725,-0.0442824,2.05999,0,0,3.18861e-08,2.06046,0,0,0
12.1254,1,2.99974,-0.0442824,2.05999,-1.57306e-16,5.56807e-17,2.12966e-07,3.63922,0,0,0
12.1254,2,2.99974,2.95572,2.05999,-3.05395e-24,1.99544e-24,4.24102e-08,4.6881,0,0,0
12.1254,3,0,0,0,0,0,0,0,0,0,0
12.1254,4,0,0,0,0,0,0,0,0,0,0
12.1254,5,0,0,0,0,0,0,0,0,0,0
12.1807,0,-0.000259725,-0.0442824,2.05999,0,0,2.90433e-08,2.06046,0,0,0
12.1807,1,2.99974,-0.0442824,2.05999,-1.51205e-16,3.85276e-17,9.48835e-08,3.63922,0,0,0
12.1807,2,2.99974,2.95572,2.05999,-3.82059e-24,2.07687e-24,4.20317e-08,4.6881,0,0,0
12.1807,3,0,0,0,0,0,0,0,0,0,0
12.1807,4,0,0,0,0,0,0,0,0,0,0
12.1807,5,0,0,0,0,0,0,0,0,0,0
12.236,0,-0.000259725,-0.0442824,2.05999,0,0,2.7845e-08,2.06046,0,0,0
12.236,1,2.99974,-0.0442824,2.05999,-1.51205e-16,3.85276e-17,7.49301e-08,3.63922,0,0,0
12.236,2,2.99974,2.95572,2.05999,-1.85918e-24,1.88672e-24,4.08313e-08,4.6881,0,0,0
12.236,3,0,0,0,0,0,0,0,0,0,0
12.236,4,0,0,0,0,0,0,0,0,0,0
12.236,5,0,0,0,0,0,0,0,0,0,0
12.2921,0,-0.000259725,-0.0442824,2.05999,0,0,2.77439e-08,2.06046,0,0,0
12.2921,1,2.99974,-0.0442824,2.05999,-1.51039e-16,3.88e-17,4.50006e-08,3.63922,0,0,0
12.2921,2,2.99974,2.95572,2.05999,2.35974e-25,1.1529e-24,3.99789e-08,4.6881,0,0,0
12.2921,3,0,0,0,0,0,0,0,0,0,0
12.2921,4,0,0,0,0,0,0,0,0,0,0
12.2921,5,0,0,0,0,0,0,0,0,0,0
12.3442,0,-0.000259725,-0.0442824,2.05999,0,0,2.63345e-08,2.06046,0,0,0
12.3442,1,2.99974,-0.0442824,2.05999,-1.43161e-16,4.67841e-17,2.4904e-08,3.63922,0,0,0
12.3442,2,2.99974,2.95572,2.05999,8.68978e-25,1.65038e-24,3.99443e-08,4.6881,0,0,0
12.3442,3,0,0,0,0,0,0,0,0,0,0
12.3442,4,0,0,0,0,0,0,0,0,0,0
12.3442,5,0,0,0,0,0,0,0,0,0,0
12.3997,0,-0.000259725,-0.0442824,2.05999,0,0,2.45186e-08,2.06046,0,0,0
12.3997,1,2.99974,-0.0442824,2.05999,-1.43161e-16,4.67841e-17,2.4904e-08,3.63922,0,0,0
12.3997,2,2.99974,2.95572,2.05999,1.42864e-24,3.84232e-24,3.86825e-08,4.6881,0,0,0
12.3997,3,0,0,0,0,0,0,0,0,0,0
12.3997,4,0,0,0,0,0,0,0,0,0,0
12.3997,5,0,0,0,0,0,0,0,0,0,0
12.4501,0,-0.000259725,-0.0442824,2.05999,0,0,2.40156e-08,2.06046,0,0,0
12.4501,1,2.99974,-0.0442824,2.05999,-1.50955e-16,6.56391e-17,-1.76638e-09,3.63922,0,0,0
12.4501,2,2.99974,2.95572,2.05999,2.12064e-24,5.83355e-24,4.23396e-08,4.6881,0,0,0
12.4501,3,0,0,0,0,0,0,0,0,0,0
12.4501,4,0,0,0,0,0,0,0,0,0,0
12.4501,5,0,0,0,0,0,0,0,0,0,0
12.5053,0,-0.000259725,-0.0442824,2.05999,0,0,2.35643e-08,2.06046,0,0,0
12.5053,1,2.99974,-0.0442824,2.05999,-1.50827e-16,6.68509e-17,-3.11126e-08,3.63922,0,0,0
12.5053,2,2.99974,2.95572,2.05999,2.89206e-24,5.09187e-24,4.56095e-08,4.6881,0,0,0
12.5053,3,0,0,0,0,0,0,0,0,0,0
12.5053,4,0,0,0,0,0,0,0,0,0,0
12.5053,5,0,0,0,0,0,0,0,0,0,0
12.5555,0,-0.000259725,-0.0442824,2.05999,0,0,2.44268e-08,2.06046,0,0,0
12.5555,1,2.99974,-0.0442824,2.05999,-1.5057e-16,6.92745e-17,-4.28377e-08,3.63922,0,0,0
12.5555,2,2.99974,2.95572,2.05999,4.05217e-24,1.64365e-24,4.82496e-08,4.6881,0,0,0
12.5555,3,0,0,0,0,0,0,0,0,0,0
12.5555,4,0,0,0,0,0,0,0,0,0,0
12.5555,5,0,0,0,0,0,0,0,0,0,0
12.6057,0,-0.000259725,-0.0442824,2.05999,0,0,2.81703e-08,2.06046,0,0,0
12.6057,1,2.99974,-0.0442824,2.05999,-1.50442e-16,7.04862e-17,-5.65358e-08,3.63922,0,0,0
12.6057,2,2.99974,2.95572,2.05999,1.93228e-24,-5.72526e-25,5.30458e-08,4.6881,0,0,0
12.6057,3,0,0,0,0,0,0,0,0,0,0
12.6057,4,0,0,0,0,0,0,0,0,0,0
12.6057,5,0,0,0,0,0,0,0,0,0,0
12.6609,0,-0.000259725,-0.0442824,2.05999,0,0,2.96932e-08,2.06046,0,0,0
12.6609,1,2.99974,-0.0442824,2.05999,-1.50314e-16,7.1698e-17,-6.51458e-08,3.63922,0,0,0
12.6609,2,2.99974,2.95572,2.05999,-8.54763e-25,-2.72397e-25,5.5698e-08,4.6881,0,0,0
12.6609,3,0,0,0,0,0,0,0,0,0,0
12.6609,4,0,0,0,0,0,0,0,0,0,0
12.6609,5,0,0,0,0,0,0,0,0,0,0
12.7186,0,-0.000259725,-0.0442824,2.05999,0,0,3.15011e-08,2.06046,0,0,0
12.7186,1,2.99974,-0.0442824,2.05999,-1.41441e-16,5.46959e-17,-6.35545e-08,3.63922,0,0,0
12.7186,2,2.99974,2.95572,2.05999,-8.28096e-25,6.64522e-25,6.06221e-08,4.6881,0,0,0
12.7186,3,0,0,0,0,0,0,0,0,0,0
12.7186,4,0,0,0,0,0,0,0,0,0,0
12.7186,5,0,0,0,0,0,0,0,0,0,0
12.7716,0,-0.000259725,-0.0442824,2.05999,0,0,3.57951e-08,2.06046,0,0,0
12.7716,1,2.99974,-0.0442824,2.05999,-1.34059e-16,3.64735e-17,-6.71755e-08,3.63922,0,0,0
12.7716,2,2.99974,2.95572,2.05999,-9.75848e-25,1.87663e-24,6.35882e-08,4.6881,0,0,0
12.7716,3,0,0,0,0,0,0,0,0,0,0
12.7716,4,0,0,0,0,0,0,0,0,0,0
12.7716,5,0,0,0,0,0,0,0,0,0,0
12.8244,0,-0.000259725,-0.0442824,2.05999,0,0,3.98432e-08,2.06046,0,0,0
12.8244,1,2.99974,-0.0442824,2.05999,-1.33206e-16,3.62985e-17,-7.95698e-08,3.63922,0,0,0
12.8244,2,2.99974,2.95572,2.05999,-2.5354e-24,2.28638e-24,6.71171e-08,4.6881,0,0,0
12.8244,3,0,0,0,0,0,0,0,0,0,0
12.8244,4,0,0,0,0,0,0,0,0,0,0
12.8244,5,0,0,0,0,0,0,0,0,0,0
12.8826,0,-0.000259725,-0.0442824,2.05999,0,0,4.49993e-08,2.06046,0,0,0
12.8826,1,2.99974,-0.0442824,2.05999,-1.32464e-16,3.61464e-17,-7.73175e-08,3.63922,0,0,0
12.8826,2,2.99974,2.95572,2.05999,-8.81862e-25,2.64559e-24,7.0665e-08,4.6881,0,0,0
12.8826,3,0,0,0,0,0,0,0,0,0,0
12.8826,4,0,0,0,0,0,0,0,0,0,0
12.8826,5,0,0,0,0,0,0,0,0,0,0
12.9332,0,-0.000259725,-0.0442824,2.05999,0,0,4.73847e-08,2.06046,0,0,0
12.9332,1,2.99974,-0.0442824,2.05999,-1.31722e-16,3.59943e-17,-7.98688e-08,3.63922,0,0,0
12.9332,2,2.99974,2.95572,2.05999,1.7806e-24,4.44511e-24,7.59606e-08,4.6881,0,0,0
12.9332,3,0,0,0,0,0,0,0,0,0,0
12.9332,4,0,0,0,0,0,0,0,0,0,0
12.9332,5,0,0,0,0,0,0,0,0,0,0
12.9845,0,-0.000259725,-0.0442824,2.05999,0,0,5.08351e-08,2.06046,0,0,0
12.9845,1,2.99974,-0.0442824,2.05999,-1.3098e-16,3.58421e-17,-8.32694e-08,3.63922,0,0,0
12.9845,2,2.99974,2.95572,2.05999,-7.56927e-25,4.84699e-24,7.87435e-08,4.6881,0,0,0
12.9845,3,0,0,0,0,0,0,0,0,0,0
12.9845,4,0,0,0,0,0,0,0,0,0,0
12.9845,5,0,0,0,0,0,0,0,0,0,0
13.0374,0,-0.000259725,-0.0442824,2.05999,0,0,5.58551e-08,2.06046,0,0,0
13.0374,1,2.99974,-0.0442824,2.05999,-1.30238e-16,3.569e-17,-8.41318e-08,3.63922,0,0,0
13.0374,2,2.99974,2.95572,2.05999,-3.45104e-24,2.57053e-24,8.42131e-08,4.6881,0,0,0
13.0374,3,0,0,0,0,0,0,0,0,0,0
13.0374,4,0,0,0,0,0,0,0,0,0,0
13.0374,5,0,0,0,0,0,0,0,0,0,0
13.0932,0,-0.000259725,-0.0442824,2.05999,0,0,5.78021e-08,2.06046,0,0,0
13.0932,1,2.99974,-0.0442824,2.05999,-1.29496e-16,3.55378e-17,-7.49124e-08,3.63922,0,0,0
13.0932,2,2.99974,2.95572,2.05999,-1.63083e-24,1.19006e-24,8.71205e-08,4.6881,0,0,0
13.0932,3,0,0,0,0,0,0,0,0,0,0
13.0932,4,0,0,0,0,0,0,0,0,0,0
13.0932,5,0,0,0,0,0,0,0,0,0,0
13.1434,0,-0.000259725,-0.0442824,2.05999,0,0,6.29047e-08,2.06046,0,0,0
13.1434,1,2.99974,-0.0442824,2.05999,-1.28642e-16,3.53629e-17,-3.37865e-08,3.63922,0,0,0
13.1434,2,2.99974,2.95572,2.05999,5.06825e-25,-5.06825e-25,9.39169e-08,4.6881,0,0,0
13.1434,3,0,0,0,0,0,0,0,0,0,0
13.1434,4,0,0,0,0,0,0,0,0,0,0
13.1434,5,0,0,0,0,0,0,0,0,0,0
13.1944,0,-0.000259725,-0.0442824,2.05999,0,0,6.86263e-08,2.06046,0,0,0
13.1944,1,2.99974,-0.0442824,2.05999,-1.36405e-16,5.22514e-17,4.08509e-08,3.63922,0,0,0
13.1944,2,2.99974,2.95572,2.05999,-1.93995e-24,-8.85627e-24,1.00029e-07,4.6881,0,0,0
13.1944,3,0,0,0,0,0,0,0,0,0,0
13.1944,4,0,0,0,0,0,0,0,0,0,0
13.1944,5,0,0,0,0,0,0,0,0,0,0
13.2545,0,-0.000259725,-0.0442824,2.05999,0,0,7.60603e-08,2.06046,0,0,0
13.2545,1,2.99974,-0.0442824,2.05999,-1.35996e-16,5.27516e-17,8.71865e-08,3.63922,0,0,0
13.2545,2,2.99974,2.95572,2.05999,-5.88228e-24,-9.47797e-24,1.03503e-07,4.6881,0,0,0
13.2545,3,0,0,0,0,0,0,0,0,0,0
13.2545,4,0,0,0,0,0,0,0,0,0,0
13.2545,5,0,0,0,0,0,0,0,0,0,0
13.3086,0,-0.000259725,-0.0442824,2.05999,0,0,8.25552e-08,2.06046,0,0,0
13.3086,1,2.99974,-0.0442824,2.05999,-1.30107e-16,5.87208e-17,1.20189e-07,3.63922,0,0,0
13.3086,2,2.99974,2.95572,2.05999,-8.14687e-24,-6.26682e-25,1.09296e-07,4.6881,0,0,0
13.3086,3,0,0,0,0,0,0,0,0,0,0
13.3086,4,0,0,0,0,0,0,0,0,0,0
13.3086,5,0,0,0,0,0,0,0,0,0,0
13.3671,0,-0.000259725,-0.0442824,2.05999,0,0,8.69215e-08,2.06046,0,0,0
13.3671,1,2.99974,-0.0442824,2.05999,-1.36125e-16,7.86828e-17,1.45118e-07,3.63922,0,0,0
13.3671,2,2.99974,2.95572,2.05999,-1.02101e-24,3.25211e-24,1.12117e-07,4.6881,0,0,0
13.3671,3,0,0,0,0,0,0,0,0,0,0
13.3671,4,0,0,0,0,0,0,0,0,0,0
13.3671,5,0,0,0,0,0,0,0,0,0,0
13.4302,0,-0.000259725,-0.0442824,2.05999,0,0,8.82703e-08,2.06046,0,0,0
13.4302,1,2.99974,-0.0442824,2.05999,-1.17668e-16,7.23433e-17,9.84793e-08,3.63922,0,0,0
13.4302,2,2.99974,2.95572,2.05999,2.74951e-24,-1.38465e-25,1.17294e-07,4.6881,0,0,0
13.4302,3,0,0,0,0,0,0,0,0,0,0
13.4302,4,0,0,0,0,0,0,0,0,0,0
13.4302,5,0,0,0,0,0,0,0,0,0,0
13.4803,0,-0.000259725,-0.0442824,2.05999,0,0,9.37699e-08,2.06046,0,0,0
13.4803,1,2.99974,-0.0442824,2.05999,-1.16625e-16,7.34777e-17,6.75191e-08,3.63922,0,0,0
13.4803,2,2.99974,2.95572,2.05999,4.0924e-25,-8.59405e-24,1.21334e-07,4.6881,0,0,0
13.4803,3,0,0,0,0,0,0,0,0,0,0
13.4803,4,0,0,0,0,0,0,0,0,0,0
13.4803,5,0,0,0,0,0,0,0,0,0,0
13.5393,0,-0.000259725,-0.0442824,2.05999,0,0,9.37699e-08,2.06046,0,0,0
13.5393,1,2.99974,-0.0442824,2.05999,-1.06961e-16,5.77045e-17,4.93984e-08,3.63922,0,0,0
13.5393,2,2.99974,2.95572,2.05999,-1.5905e-24,-8.91517e-24,1.24095e-07,4.6881,0,0,0
13.5393,3,0,0,0,0,0,0,0,0,0,0
13.5393,4,0,0,0,0,0,0,0,0,0,0
13.5393,5,0,0,0,0,0,0,0,0,0,0
13.5946,0,-0.000259725,-0.0442824,2.05999,0,0,1.03066e-07,2.06046,0,0,0
13.5946,1,2.99974,-0.0442824,2.05999,-1.05519e-16,5.82116e-17,3.63928e-08,3.63922,0,0,0
13.5946,2,2.99974,2.95572,2.05999,-5.39727e-25,1.94302e-25,1.28018e-07,4.6881,0,0,0
13.5946,3,0,0,0,0,0,0,0,0,0,0
13.5946,4,0,0,0,0,0,0,0,0,0,0
13.5946,5,0,0,0,0,0,0,0,0,0,0
13.6453,0,-0.000259725,-0.0442824,2.05999,0,0,1.06301e-07,2.06046,0,0,0
13.6453,1,2.99974,-0.0442824,2.05999,-1.04146e-16,5.86945e-17,3.01258e-08,3.63922,0,0,0
13.6453,2,2.99974,2.95572,2.05999,9.52554e-25,5.8514e-24,1.34486e-07,4.6881,0,0,0
13.6453,3,0,0,0,0,0,0,0,0,0,0
13.6453,4,0,0,0,0,0,0,0,0,0,0
13.6453,5,0,0,0,0,0,0,0,0,0,0
13.698,0,-0.000259725,-0.0442824,2.05999,0,0,1.11876e-07,2.06046,0,0,0
13.698,1,2.99974,-0.0442824,2.05999,-1.02636e-16,5.92257e-17,2.4766e-08,3.63922,0,0,0
13.698,2,2.99974,2.95572,2.05999,-2.12601e-25,5.88196e-24,1.40074e-07,4.6881,0,0,0
13.698,3,0,0,0,0,0,0,0,0,0,0
13.698,4,0,0,0,0,0,0,0,0,0,0
13.698,5,0,0,0,0,0,0,0,0,0,0
13.7507,0,-0.000259725,-0.0442824,2.05999,0,0,1.11876e-07,2.06046,0,0,0
13.7507,1,2.99974,-0.0442824,2.05999,-1.01263e-16,5.97086e-17,1.93507e-08,3.63922,0,0,0
13.7507,2,2.99974,2.95572,2.05999,-5.03378e-25,3.95511e-24,1.42138e-07,4.6881,0,0,0
13.7507,3,0,0,0,0,0,0,0,0,0,0
13.7507,4,0,0,0,0,0,0,0,0,0,0
13.7507,5,0,0,0,0,0,0,0,0,0,0
13.801,0,-0.000259725,-0.0442824,2.05999,0,0,1.1861e-07,2.06046,0,0,0
13.801,1,2.99974,-0.0442824,2.05999,-1.07282e-16,5.27987e-17,1.52406e-08,3.63922,0,0,0
13.801,2,2.99974,2.95572,2.05999,3.04287e-24,-3.04287e-24,1.5291e-07,4.6881,0,0,0
13.801,3,0,0,0,0,0,0,0,0,0,0
13.801,4,0,0,0,0,0,0,0,0,0,0
13.801,5,0,0,0,0,0,0,0,0,0,0
13.8525,0,-0.000259725,-0.0442824,2.05999,0,0,1.21442e-07,2.06046,0,0,0
13.8525,1,2.99974,-0.0442824,2.05999,-9.60135e-17,3.5403e-17,1.27351e-08,3.63922,0,0,0
13.8525,2,2.99974,2.95572,2.05999,6.55299e-24,-9.29236e-24,1.59252e-07,4.6881,0,0,0
13.8525,3,0,0,0,0,0,0,0,0,0,0
13.8525,4,0,0,0,0,0,0,0,0,0,0
13.8525,5,0,0,0,0,0,0,0,0,0,0
13.9027,0,-0.000259725,-0.0442824,2.05999,0,0,1.26647e-07,2.06046,0,0,0
13.9027,1,2.99974,-0.0442824,2.05999,-8.5955e-17,1.77796e-17,1.01247e-08,3.63922,0,0,0
13.9027,2,2.99974,2.95572,2.05999,4.33608e-24,-3.08946e-24,1.60699e-07,4.6881,0,0,0
13.9027,3,0,0,0,0,0,0,0,0,0,0
13.9027,4,0,0,0,0,0,0,0,0,0,0
13.9027,5,0,0,0,0,0,0,0,0,0,0
13.9536,0,-0.000259725,-0.0442824,2.05999,0,0,1.33005e-07,2.06046,0,0,0
13.9536,1,2.99974,-0.0442824,2.05999,-8.5955e-17,1.77796e-17,1.01247e-08,3.63922,0,0,0
13.9536,2,2.99974,2.95572,2.05999,5.17839e-24,6.02731e-24,1.67795e-07,4.6881,0,0,0
13.9536,3,0,0,0,0,0,0,0,0,0,0
13.9536,4,0,0,0,0,0,0,0,0,0,0
13.9536,5,0,0,0,0,0,0,0,0,0,0
14.0045,0,-0.000259725,-0.0442824,2.05999,0,0,1.39446e-07,2.06046,0,0,0
14.0045,1,2.99974,-0.0442824,2.05999,-8.41027e-17,1.66202e-17,7.13075e-09,3.63922,0,0,0
14.0045,2,2.99974,2.95572,2.05999,3.95746e-24,4.71963e-24,1.73827e-07,4.6881,0,0,0
14.0045,3,0,0,0,0,0,0,0,0,0,0
14.0045,4,0,0,0,0,0,0,0,0,0,0
14.0045,5,0,0,0,0,0,0,0,0,0,0
14.0562,0,-0.000259725,-0.0442824,2.05999,0,0,1.4646e-07,2.06046,0,0,0
14.0562,1,2.99974,-0.0442824,2.05999,-8.41027e-17,1.66202e-17,7.4272e-09,3.63922,0,0,0
14.0562,2,2.99974,2.95572,2.05999,2.8897e-24,-4.09374e-24,1.78491e-07,4.6881,0,0,0
14.0562,3,0,0,0,0,0,0,0,0,0,0
14.0562,4,0,0,0,0,0,0,0,0,0,0
14.0562,5,0,0,0,0,0,0,0,0,0,0
14.1125,0,-0.000259725,-0.0442824,2.05999,0,0,1.57989e-07,2.06046,0,0,0
14.1125,1,2.99974,-0.0442824,2.05999,-8.01334e-17,1.41358e-17,9.74187e-09,3.63922,0,0,0
14.1125,2,2.99974,2.95572,2.05999,-1.66619e-24,-6.25606e-24,1.86416e-07,4.6881,0,0,0
14.1125,3,0,0,0,0,0,0,0,0,0,0
14.1125,4,0,0,0,0,0,0,0,0,0,0
14.1125,5,0,0,0,0,0,0,0,0,0,0
14.1638,0,-0.000259725,-0.0442824,2.05999,0,0,1.66694e-07,2.06046,0,0,0
14.1638,1,2.99974,-0.0442824,2.05999,-7.39033e-17,1.74975e-17,1.26955e-08,3.63922,0,0,0
14.1638,2,2.99974,2.95572,2.05999,-1.09968e-23,1.28022e-24,1.94651e-07,4.6881,0,0,0
14.1638,3,0,0,0,0,0,0,0,0,0,0
14.1638,4,0,0,0,0,0,0,0,0,0,0
14.1638,5,0,0,0,0,0,0,0,0,0,0
14.214,0,-0.000259725,-0.0442824,2.05999,0,0,1.70819e-07,2.06046,0,0,0
14.214,1,2.99974,-0.0442824,2.05999,-7.90617e-17,3.5403e-17,1.26065e-08,3.63922,0,0,0
14.214,2,2.99974,2.95572,2.05999,-1.97454e-23,4.47834e-24,2.01177e-07,4.6881,0,0,0
14.214,3,0,0,0,0,0,0,0,0,0,0
14.214,4,0,0,0,0,0,0,0,0,0,0
14.214,5,0,0,0,0,0,0,0,0,0,0
14.269,0,-0.000259725,-0.0442824,2.05999,0,0,1.79387e-07,2.06046,0,0,0
14.269,1,2.99974,-0.0442824,2.05999,-8.40421e-17,5.4453e-17,1.48527e-08,3.63922,0,0,0
14.269,2,2.99974,2.95572,2.05999,-1.79533e-23,1.82314e-24,1.83233e-07,4.6881,0,0,0
14.269,3,0,0,0,0,0,0,0,0,0,0
14.269,4,0,0,0,0,0,0,0,0,0,0
14.269,5,0,0,0,0,0,0,0,0,0,0
14.3218,0,-0.000259725,-0.0442824,2.05999,0,0,1.84549e-07,2.06046,0,0,0
14.3218,1,2.99974,-0.0442824,2.05999,-9.14078e-17,7.1979e-17,1.73008e-08,3.63922,0,0,0
14.3218,2,2.99974,2.95572,2.05999,-1.2974e-23,-4.02344e-24,1.27583e-07,4.6881,0,0,0
14.3218,3,0,0,0,0,0,0,0,0,0,0
14.3218,4,0,0,0,0,0,0,0,0,0,0
14.3218,5,0,0,0,0,0,0,0,0,0,0
14.3723,0,-0.000259725,-0.0442824,2.05999,0,0,1.89053e-07,2.06046,0,0,0
14.3723,1,2.99974,-0.0442824,2.05999,-7.59997e-17,6.15977e-17,2.12603e-08,3.63922,0,0,0
14.3723,2,2.99974,2.95572,2.05999,-7.85414e-24,-4.22489e-24,8.21393e-08,4.6881,0,0,0
14.3723,3,0,0,0,0,0,0,0,0,0,0
14.3723,4,0,0,0,0,0,0,0,0,0,0
14.3723,5,0,0,0,0,0,0,0,0,0,0
14.4252,0,-0.000259725,-0.0442824,2.05999,0,0,1.89053e-07,2.06046,0,0,0
14.4252,1,2.99974,-0.0442824,2.05999,-7.64814e-17,8.60667e-17,2.64007e-08,3.63922,0,0,0
14.4252,2,2.99974,2.95572,2.05999,-2.44173e-24,-1.59866e-24,4.71623e-08,4.6881,0,0,0
14.4252,3,0,0,0,0,0,0,0,0,0,0
14.4252,4,0,0,0,0,0,0,0,0,0,0
14.4252,5,0,0,0,0,0,0,0,0,0,0
14.4756,0,-0.000259725,-0.0442824,2.05999,0,0,1.96393e-07,2.06046,0,0,0
14.4756,1,2.99974,-0.0442824,2.05999,-6.9394e-17,9.32499e-17,3.15286e-08,3.63922,0,0,0
14.4756,2,2.99974,2.95572,2.05999,3.63653e-25,-6.94247e-25,2.80048e-08,4.6881,0,0,0
14.4756,3,0,0,0,0,0,0,0,0,0,0
14.4756,4,0,0,0,0,0,0,0,0,0,0
14.4756,5,0,0,0,0,0,0,0,0,0,0
14.5267,0,-0.000259725,-0.0442824,2.05999,0,0,2.02456e-07,2.06046,0,0,0
14.5267,1,2.99974,-0.0442824,2.05999,-6.76761e-17,9.5067e-17,3.30426e-08,3.63922,0,0,0
14.5267,2,2.99974,2.95572,2.05999,7.02402e-25,-3.56225e-26,5.4162e-09,4.6881,0,0,0
14.5267,3,0,0,0,0,0,0,0,0,0,0
14.5267,4,0,0,0,0,0,0,0,0,0,0
14.5267,5,0,0,0,0,0,0,0,0,0,0
14.5819,0,-0.000259725,-0.0442824,2.05999,0,0,2.06942e-07,2.06046,0,0,0
14.5819,1,2.99974,-0.0442824,2.05999,-4.78233e-17,8.91571e-17,3.76716e-08,3.63922,0,0,0
14.5819,2,2.99974,2.95572,2.05999,-1.40387e-24,9.33606e-26,-1.02519e-08,4.6881,0,0,0
14.5819,3,0,0,0,0,0,0,0,0,0,0
14.5819,4,0,0,0,0,0,0,0,0,0,0
14.5819,5,0,0,0,0,0,0,0,0,0,0
14.6347,0,-0.000259725,-0.0442824,2.05999,0,0,1.8746e-07,2.06046,0,0,0
14.6347,1,2.99974,-0.0442824,2.05999,-4.54144e-17,9.06735e-17,4.20383e-08,3.63922,0,0,0
14.6347,2,2.99974,2.95572,2.05999,-3.0117e-24,3.86115e-25,-2.6936e-08,4.6881,0,0,0
14.6347,3,0,0,0,0,0,0,0,0,0,0
14.6347,4,0,0,0,0,0,0,0,0,0,0
14.6347,5,0,0,0,0,0,0,0,0,0,0
14.6932,0,-0.000259725,-0.0442824,2.05999,0,0,8.46845e-08,2.06046,0,0,0
14.6932,1,2.99974,-0.0442824,2.05999,-3.41328e-17,7.54439e-17,4.56225e-08,3.63922,0,0,0
14.6932,2,2.99974,2.95572,2.05999,-9.95584e-25,2.41785e-24,-4.21682e-08,4.6881,0,0,0
14.6932,3,0,0,0,0,0,0,0,0,0,0
14.6932,4,0,0,0,0,0,0,0,0,0,0
14.6932,5,0,0,0,0,0,0,0,0,0,0
14.7459,0,-0.000259725,-0.0442824,2.05999,0,0,5.93515e-08,2.06046,0,0,0
14.7459,1,2.99974,-0.0442824,2.05999,-2.25525e-17,5.93156e-17,5.0531e-08,3.63922,0,0,0
14.7459,2,2.99974,2.95572,2.05999,7.23251e-25,4.83619e-24,-5.16709e-08,4.6881,0,0,0
14.7459,3,0,0,0,0,0,0,0,0,0,0
14.7459,4,0,0,0,0,0,0,0,0,0,0
14.7459,5,0,0,0,0,0,0,0,0,0,0
14.7961,0,-0.000259725,-0.0442824,2.05999,0,0,3.47519e-08,2.06046,0,0,0
14.7961,1,2.99974,-0.0442824,2.05999,-1.93195e-17,5.95444e-17,5.74975e-08,3.63922,0,0,0
14.7961,2,2.99974,2.95572,2.05999,2.64986e-25,5.0755e-24,-6.04345e-08,4.6881,0,0,0
14.7961,3,0,0,0,0,0,0,0,0,0,0
14.7961,4,0,0,0,0,0,0,0,0,0,0
14.7961,5,0,0,0,0,0,0,0,0,0,0
14.8462,0,-0.000259725,-0.0442824,2.05999,0,0,3.47519e-08,2.06046,0,0,0
14.8462,1,2.99974,-0.0442824,2.05999,-2.07053e-17,5.52848e-17,6.21563e-08,3.63922,0,0,0
14.8462,2,2.99974,2.95572,2.05999,7.21181e-26,4.30304e-24,-7.12735e-08,4.6881,0,0,0
14.8462,3,0,0,0,0,0,0,0,0,0,0
14.8462,4,0,0,0,0,0,0,0,0,0,0
14.8462,5,0,0,0,0,0,0,0,0,0,0
14.8964,0,-0.000259725,-0.0442824,2.05999,0,0,1.59921e-08,2.06046,0,0,0
14.8964,1,2.99974,-0.0442824,2.05999,-1.07189e-17,3.65036e-17,6.94599e-08,3.63922,0,0,0
14.8964,2,2.99974,2.95572,2.05999,-1.53777e-24,3.61314e-24,-7.41349e-08,4.6881,0,0,0
14.8964,3,0,0,0,0,0,0,0,0,0,0
14.8964,4,0,0,0,0,0,0,0,0,0,0
14.8964,5,0,0,0,0,0,0,0,0,0,0
14.9593,0,-0.000259725,-0.0442824,2.05999,0,0,-1.85265e-08,2.06046,0,0,0
14.9593,1,2.99974,-0.0442824,2.05999,-7.53257e-18,3.58392e-17,7.45563e-08,3.63922,0,0,0
14.9593,2,2.99974,2.95572,2.05999,-2.12494e-24,-4.03469e-24,-7.9749e-08,4.6881,0,0,0
14.9593,3,0,0,0,0,0,0,0,0,0,0
14.9593,4,0,0,0,0,0,0,0,0,0,0
14.9593,5,0,0,0,0,0,0,0,0,0,0
15.0115,0,-0.000259725,-0.0442824,2.05999,0,0,-3.02626e-08,2.06046,0,0,0
15.0115,1,2.99974,-0.0442824,2.05999,4.52814e-18,1.81706e-17,8.0267e-08,3.63922,0,0,0
15.0115,2,2.99974,2.95572,2.05999,5.00523e-25,-9.31529e-24,-8.24436e-08,4.6881,0,0,0
15.0115,3,0,0,0,0,0,0,0,0,0,0
15.0115,4,0,0,0,0,0,0,0,0,0,0
15.0115,5,0,0,0,0,0,0,0,0,0,0
15.067,0,-0.000259725,-0.0442824,2.05999,0,0,-4.34847e-08,2.06046,0,0,0
15.067,1,2.99974,-0.0442824,2.05999,8.05736e-18,1.68572e-17,8.66181e-08,3.63922,0,0,0
15.067,2,2.99974,2.95572,2.05999,2.05893e-24,-6.81735e-24,-9.04365e-08,4.6881,0,0,0
15.067,3,0,0,0,0,0,0,0,0,0,0
15.067,4,0,0,0,0,0,0,0,0,0,0
15.067,5,0,0,0,0,0,0,0,0,0,0
15.1182,0,-0.000259725,-0.0442824,2.05999,0,0,-5.55552e-08,2.06046,0,0,0
15.1182,1,2.99974,-0.0442824,2.05999,7.97298e-18,1.1688e-17,9.07672e-08,3.63922,0,0,0
15.1182,2,2.99974,2.95572,2.05999,-3.70224e-24,5.53878e-25,-8.64303e-08,4.6881,0,0,0
15.1182,3,0,0,0,0,0,0,0,0,0,0
15.1182,4,0,0,0,0,0,0,0,0,0,0
15.1182,5,0,0,0,0,0,0,0,0,0,0
15.1785,0,-0.000259725,-0.0442824,2.05999,0,0,-6.5164e-08,2.06046,0,0,0
15.1785,1,2.99974,-0.0442824,2.05999,2.02199e-17,-6.94748e-18,9.466e-08,3.63922,0,0,0
15.1785,2,2.99974,2.95572,2.05999,-7.27079e-24,9.28186e-26,-9.17317e-08,4.6881,0,0,0
15.1785,3,0,0,0,0,0,0,0,0,0,0
15.1785,4,0,0,0,0,0,0,0,0,0,0
15.1785,5,0,0,0,0,0,0,0,0,0,0
15.2294,0,-0.000259725,-0.0442824,2.05999,0,0,-7.02656e-08,2.06046,0,0,0
15.2294,1,2.99974,-0.0442824,2.05999,2.39371e-17,-9.05567e-18,9.96318e-08,3.63922,0,0,0
15.2294,2,2.99974,2.95572,2.05999,-4.16296e-24,-2.7419e-24,-5.40159e-08,4.6881,0,0,0
15.2294,3,0,0,0,0,0,0,0,0,0,0
15.2294,4,0,0,0,0,0,0,0,0,0,0
15.2294,5,0,0,0,0,0,0,0,0,0,0
15.2804,0,-0.000259725,-0.0442824,2.05999,0,0,-7.52039e-08,2.06046,0,0,0
15.2804,1,2.99974,-0.0442824,2.05999,3.65474e-17,-2.82989e-17,1.06472e-07,3.63922,0,0,0
15.2804,2,2.99974,2.95572,2.05999,1.2768e-24,7.04507e-25,1.17018e-08,4.6881,0,0,0
15.2804,3,0,0,0,0,0,0,0,0,0,0
15.2804,4,0,0,0,0,0,0,0,0,0,0
15.2804,5,0,0,0,0,0,0,0,0,0,0
15.3328,0,-0.000259725,-0.0442824,2.05999,0,0,-7.71622e-08,2.06046,0,0,0
15.3328,1,2.99974,-0.0442824,2.05999,4.10068e-17,-3.13333e-17,1.17182e-07,3.63922,0,0,0
15.3328,2,2.99974,2.95572,2.05999,3.72052e-24,2.27716e-24,4.15475e-08,4.6881,0,0,0
15.3328,3,0,0,0,0,0,0,0,0,0,0
15.3328,4,0,0,0,0,0,0,0,0,0,0
15.3328,5,0,0,0,0,0,0,0,0,0,0
15.3835,0,-0.000259725,-0.0442824,2.05999,0,0,-8.05162e-08,2.06046,0,0,0
15.3835,1,2.99974,-0.0442824,2.05999,4.30071e-17,-3.61456e-17,1.22898e-07,3.63922,0,0,0
15.3835,2,2.99974,2.95572,2.05999,1.30392e-24,3.91176e-24,1.00414e-07,4.6881,0,0,0
15.3835,3,0,0,0,0,0,0,0,0,0,0
15.3835,4,0,0,0,0,0,0,0,0,0,0
15.3835,5,0,0,0,0,0,0,0,0,0,0
15.4337,0,-0.000259725,-0.0442824,2.05999,0,0,-8.30568e-08,2.06046,0,0,0
15.4337,1,2.99974,-0.0442824,2.05999,5.25751e-17,-5.93052e-17,1.27823e-07,3.63922,0,0,0
15.4337,2,2.99974,2.95572,2.05999,-4.02993e-24,5.79706e-24,1.27788e-07,4.6881,0,0,0
15.4337,3,0,0,0,0,0,0,0,0,0,0
15.4337,4,0,0,0,0,0,0,0,0,0,0
15.4337,5,0,0,0,0,0,0,0,0,0,0
15.4891,0,-0.000259725,-0.0442824,2.05999,0,0,-8.36533e-08,2.06046,0,0,0
15.4891,1,2.99974,-0.0442824,2.05999,5.69856e-17,-6.30891e-17,1.30671e-07,3.63922,0,0,0
15.4891,2,2.99974,2.95572,2.05999,-7.51829e-24,2.57257e-24,1.18253e-07,4.6881,0,0,0
15.4891,3,0,0,0,0,0,0,0,0,0,0
15.4891,4,0,0,0,0,0,0,0,0,0,0
15.4891,5,0,0,0,0,0,0,0,0,0,0
15.5395,0,-0.000259725,-0.0442824,2.05999,0,0,-8.43702e-08,2.06046,0,0,0
15.5395,1,2.99974,-0.0442824,2.05999,7.00645e-17,-8.37206e-17,1.35317e-07,3.63922,0,0,0
15.5395,2,2.99974,2.95572,2.05999,-7.57934e-24,-9.77127e-25,7.82988e-08,4.6881,0,0,0
15.5395,3,0,0,0,0,0,0,0,0,0,0
15.5395,4,0,0,0,0,0,0,0,0,0,0
15.5395,5,0,0,0,0,0,0,0,0,0,0
15.5955,0,-0.000259725,-0.0442824,2.05999,0,0,-8.40528e-08,2.06046,0,0,0
15.5955,1,2.99974,-0.0442824,2.05999,6.57293e-17,-7.09609e-17,1.38448e-07,3.63922,0,0,0
15.5955,2,2.99974,2.95572,2.05999,-6.47132e-24,-1.20115e-24,5.52133e-08,4.6881,0,0,0
15.5955,3,0,0,0,0,0,0,0,0,0,0
15.5955,4,0,0,0,0,0,0,0,0,0,0
15.5955,5,0,0,0,0,0,0,0,0,0,0
15.6456,0,-0.000259725,-0.0442824,2.05999,0,0,-4.29504e-08,2.06046,0,0,0
15.6456,1,2.99974,-0.0442824,2.05999,6.55132e-17,-5.31009e-17,1.4234e-07,3.63922,0,0,0
15.6456,2,2.99974,2.95572,2.05999,-2.05927e-24,-5.27118e-25,4.16756e-08,4.6881,0,0,0
15.6456,3,0,0,0,0,0,0,0,0,0,0
15.6456,4,0,0,0,0,0,0,0,0,0,0
15.6456,5,0,0,0,0,0,0,0,0,0,0
15.6965,0,-0.000259725,-0.0442824,2.05999,0,0,2.82421e-08,2.06046,0,0,0
15.6965,1,2.99974,-0.0442824,2.05999,6.28506e-17,-3.72116e-17,1.46799e-07,3.63922,0,0,0
15.6965,2,2.99974,2.95572,2.05999,1.35823e-25,-1.46327e-36,3.35581e-08,4.6881,0,0,0
15.6965,3,0,0,0,0,0,0,0,0,0,0
15.6965,4,0,0,0,0,0,0,0,0,0,0
15.6965,5,0,0,0,0,0,0,0,0,0,0
15.7535,0,-0.000259725,-0.0442824,2.05999,0,0,7.86449e-08,2.06046,0,0,0
15.7535,1,2.99974,-0.0442824,2.05999,6.73554e-17,-3.96982e-17,1.5263e-07,3.63922,0,0,0
15.7535,2,2.99974,2.95572,2.05999,-2.07511e-25,-6.04489e-25,2.67497e-08,4.6881,0,0,0
15.7535,3,0,0,0,0,0,0,0,0,0,0
15.7535,4,0,0,0,0,0,0,0,0,0,0
15.7535,5,0,0,0,0,0,0,0,0,0,0
15.8076,0,-0.000259725,-0.0442824,2.05999,0,0,1.12863e-07,2.06046,0,0,0
15.8076,1,2.99974,-0.0442824,2.05999,6.36948e-17,-2.32033e-17,1.58586e-07,3.63922,0,0,0
15.8076,2,2.99974,2.95572,2.05999,1.44529e-36,-6.3039e-25,2.03155e-08,4.6881,0,0,0
15.8076,3,0,0,0,0,0,0,0,0,0,0
15.8076,4,0,0,0,0,0,0,0,0,0,0
15.8076,5,0,0,0,0,0,0,0,0,0,0
15.8578,0,-0.000259725,-0.0442824,2.05999,0,0,1.32675e-07,2.06046,0,0,0
15.8578,1,2.99974,-0.0442824,2.05999,6.71606e-17,-2.45712e-17,1.6539e-07,3.63922,0,0,0
15.8578,2,2.99974,2.95572,2.05999,-8.39091e-26,-4.85656e-25,1.50776e-08,4.6881,0,0,0
15.8578,3,0,0,0,0,0,0,0,0,0,0
15.8578,4,0,0,0,0,0,0,0,0,0,0
15.8578,5,0,0,0,0,0,0,0,0,0,0
15.9079,0,-0.000259725,-0.0442824,2.05999,0,0,1.17309e-07,2.06046,0,0,0
15.9079,1,2.99974,-0.0442824,2.05999,6.18924e-17,-8.75859e-18,1.72413e-07,3.63922,0,0,0
15.9079,2,2.99974,2.95572,2.05999,-6.20445e-26,-4.11045e-25,1.14971e-08,4.6881,0,0,0
15.9079,3,0,0,0,0,0,0,0,0,0,0
15.9079,4,0,0,0,0,0,0,0,0,0,0
15.9079,5,0,0,0,0,0,0,0,0,0,0
15.9659,0,-0.000259725,-0.0442824,2.05999,0,0,7.92469e-08,2.06046,0,0,0
15.9659,1,2.99974,-0.0442824,2.05999,6.50208e-17,-9.47253e-18,1.79512e-07,3.63922,0,0,0
15.9659,2,2.99974,2.95572,2.05999,-2.2428e-25,-3.11803e-25,6.48742e-09,4.6881,0,0,0
15.9659,3,0,0,0,0,0,0,0,0,0,0
15.9659,4,0,0,0,0,0,0,0,0,0,0
15.9659,5,0,0,0,0,0,0,0,0,0,0
16.0161,0,-0.000259725,-0.0442824,2.05999,0,0,5.90635e-08,2.06046,0,0,0
16.0161,1,2.99974,-0.0442824,2.05999,6.14864e-17,9.03389e-18,1.86173e-07,3.63922,0,0,0
16.0161,2,2.99974,2.95572,2.05999,-8.3938e-26,-6.79498e-26,4.74029e-09,4.6881,0,0,0
16.0161,3,0,0,0,0,0,0,0,0,0,0
16.0161,4,0,0,0,0,0,0,0,0,0,0
16.0161,5,0,0,0,0,0,0,0,0,0,0
16.0663,0,-0.000259725,-0.0442824,2.05999,0,0,4.94786e-08,2.06046,0,0,0
16.0663,1,2.99974,-0.0442824,2.05999,6.64046e-17,1.1101e-17,1.91694e-07,3.63922,0,0,0
16.0663,2,2.99974,2.95572,2.05999,9.36651e-26,2.35673e-25,4.47911e-09,4.6881,0,0,0
16.0663,3,0,0,0,0,0,0,0,0,0,0
16.0663,4,0,0,0,0,0,0,0,0,0,0
16.0663,5,0,0,0,0,0,0,0,0,0,0
16.1191,0,-0.000259725,-0.0442824,2.05999,0,0,4.05539e-08,2.06046,0,0,0
16.1191,1,2.99974,-0.0442824,2.05999,6.22991e-17,3.00139e-17,1.98448e-07,3.63922,0,0,0
16.1191,2,2.99974,2.95572,2.05999,6.17913e-26,2.15562e-25,2.79699e-09,4.6881,0,0,0
16.1191,3,0,0,0,0,0,0,0,0,0,0
16.1191,4,0,0,0,0,0,0,0,0,0,0
16.1191,5,0,0,0,0,0,0,0,0,0,0
16.1693,0,-0.000259725,-0.0442824,2.05999,0,0,3.33507e-08,2.06046,0,0,0
16.1693,1,2.99974,-0.0442824,2.05999,6.70155e-17,3.28706e-17,2.04039e-07,3.63922,0,0,0
16.1693,2,2.99974,2.95572,2.05999,-7.02982e-27,2.34997e-25,2.9775e-09,4.6881,0,0,0
16.1693,3,0,0,0,0,0,0,0,0,0,0
16.1693,4,0,0,0,0,0,0,0,0,0,0
16.1693,5,0,0,0,0,0,0,0,0,0,0
16.2251,0,-0.000259725,-0.0442824,2.05999,0,0,2.9587e-08,2.06046,0,0,0
16.2251,1,2.99974,-0.0442824,2.05999,6.30308e-17,5.26298e-17,2.12539e-07,3.63922,0,0,0
16.2251,2,2.99974,2.95572,2.05999,-1.53617e-25,1.63709e-25,3.32449e-09,4.6881,0,0,0
16.2251,3,0,0,0,0,0,0,0,0,0,0
16.2251,4,0,0,0,0,0,0,0,0,0,0
16.2251,5,0,0,0,0,0,0,0,0,0,0
16.2783,0,-0.000259725,-0.0442824,2.05999,0,0,2.27318e-08,2.06046,0,0,0
16.2783,1,2.99974,-0.0442824,2.05999,6.5503e-17,5.42293e-17,2.1744e-07,3.63922,0,0,0
16.2783,2,2.99974,2.95572,2.05999,-2.89506e-25,7.62462e-26,3.3994e-09,4.6881,0,0,0
16.2783,3,0,0,0,0,0,0,0,0,0,0
16.2783,4,0,0,0,0,0,0,0,0,0,0
16.2783,5,0,0,0,0,0,0,0,0,0,0
16.3285,0,-0.000259725,-0.0442824,2.05999,0,0,1.76115e-08,2.06046,0,0,0
16.3285,1,2.99974,-0.0442824,2.05999,5.94036e-17,7.29234e-17,1.90485e-07,3.63922,0,0,0
16.3285,2,2.99974,2.95572,2.05999,-3.81196e-25,1.39103e-25,3.9656e-09,4.6881,0,0,0
16.3285,3,0,0,0,0,0,0,0,0,0,0
16.3285,4,0,0,0,0,0,0,0,0,0,0
16.3285,5,0,0,0,0,0,0,0,0,0,0
16.3789,0,-0.000259725,-0.0442824,2.05999,0,0,1.76115e-08,2.06046,0,0,0
16.3789,1,2.99974,-0.0442824,2.05999,7.04151e-17,5.81544e-17,1.28571e-07,3.63922,0,0,0
16.3789,2,2.99974,2.95572,2.05999,-2.0734e-25,2.84824e-25,4.25423e-09,4.6881,0,0,0
16.3789,3,0,0,0,0,0,0,0,0,0,0
16.3789,4,0,0,0,0,0,0,0,0,0,0
16.3789,5,0,0,0,0,0,0,0,0,0,0
16.43,0,-0.000259725,-0.0442824,2.05999,0,0,1.56543e-08,2.06046,0,0,0
16.43,1,2.99974,-0.0442824,2.05999,7.28934e-17,5.9755e-17,8.61787e-08,3.63922,0,0,0
16.43,2,2.99974,2.95572,2.05999,-1.94157e-25,4.59348e-25,7.02014e-09,4.6881,0,0,0
16.43,3,0,0,0,0,0,0,0,0,0,0
16.43,4,0,0,0,0,0,0,0,0,0,0
16.43,5,0,0,0,0,0,0,0,0,0,0
16.4814,0,-0.000259725,-0.0442824,2.05999,0,0,1.31157e-08,2.06046,0,0,0
16.4814,1,2.99974,-0.0442824,2.05999,7.53716e-17,6.13555e-17,5.97131e-08,3.63922,0,0,0
16.4814,2,2.99974,2.95572,2.05999,-3.08105e-25,1.31142e-25,9.36913e-09,4.6881,0,0,0
16.4814,3,0,0,0,0,0,0,0,0,0,0
16.4814,4,0,0,0,0,0,0,0,0,0,0
16.4814,5,0,0,0,0,0,0,0,0,0,0
16.5323,0,-0.000259725,-0.0442824,2.05999,0,0,1.19004e-08,2.06046,0,0,0
16.5323,1,2.99974,-0.0442824,2.05999,7.78498e-17,6.29561e-17,3.50286e-08,3.63922,0,0,0
16.5323,2,2.99974,2.95572,2.05999,2.06443e-25,-3.83984e-25,1.22415e-08,4.6881,0,0,0
16.5323,3,0,0,0,0,0,0,0,0,0,0
16.5323,4,0,0,0,0,0,0,0,0,0,0
16.5323,5,0,0,0,0,0,0,0,0,0,0
16.5882,0,-0.000259725,-0.0442824,2.05999,0,0,1.38105e-08,2.06046,0,0,0
16.5882,1,2.99974,-0.0442824,2.05999,7.49459e-17,5.90867e-17,1.21211e-08,3.63922,0,0,0
16.5882,2,2.99974,2.95572,2.05999,1.25016e-24,-2.0933e-25,1.72399e-08,4.6881,0,0,0
16.5882,3,0,0,0,0,0,0,0,0,0,0
16.5882,4,0,0,0,0,0,0,0,0,0,0
16.5882,5,0,0,0,0,0,0,0,0,0,0
16.6384,0,-0.000259725,-0.0442824,2.05999,0,0,1.38105e-08,2.06046,0,0,0
16.6384,1,2.99974,-0.0442824,2.05999,8.38053e-17,4.11552e-17,-4.42384e-09,3.63922,0,0,0
16.6384,2,2.99974,2.95572,2.05999,1.77608e-24,3.30768e-25,2.13192e-08,4.6881,0,0,0
16.6384,3,0,0,0,0,0,0,0,0,0,0
16.6384,4,0,0,0,0,0,0,0,0,0,0
16.6384,5,0,0,0,0,0,0,0,0,0,0
16.6885,0,-0.000259725,-0.0442824,2.05999,0,0,1.47579e-08,2.06046,0,0,0
16.6885,1,2.99974,-0.0442824,2.05999,8.63305e-17,4.18105e-17,-2.20913e-08,3.63922,0,0,0
16.6885,2,2.99974,2.95572,2.05999,2.55908e-24,5.41825e-25,2.47145e-08,4.6881,0,0,0
16.6885,3,0,0,0,0,0,0,0,0,0,0
16.6885,4,0,0,0,0,0,0,0,0,0,0
16.6885,5,0,0,0,0,0,0,0,0,0,0
16.7389,0,-0.000259725,-0.0442824,2.05999,0,0,1.47579e-08,2.06046,0,0,0
16.7389,1,2.99974,-0.0442824,2.05999,8.88558e-17,4.24657e-17,-3.43019e-08,3.63922,0,0,0
16.7389,2,2.99974,2.95572,2.05999,3.04049e-24,6.43869e-25,2.65137e-08,4.6881,0,0,0
16.7389,3,0,0,0,0,0,0,0,0,0,0
16.7389,4,0,0,0,0,0,0,0,0,0,0
16.7389,5,0,0,0,0,0,0,0,0,0,0
16.789,0,-0.000259725,-0.0442824,2.05999,0,0,1.89274e-08,2.06046,0,0,0
16.789,1,2.99974,-0.0442824,2.05999,8.95918e-17,4.11448e-17,-3.76929e-08,3.63922,0,0,0
16.789,2,2.99974,2.95572,2.05999,2.63153e-24,1.93559e-24,3.22403e-08,4.6881,0,0,0
16.789,3,0,0,0,0,0,0,0,0,0,0
16.789,4,0,0,0,0,0,0,0,0,0,0
16.789,5,0,0,0,0,0,0,0,0,0,0
16.8448,0,-0.000259725,-0.0442824,2.05999,0,0,2.30498e-08,2.06046,0,0,0
16.8448,1,2.99974,-0.0442824,2.05999,9.91148e-17,2.28792e-17,-5.36394e-08,3.63922,0,0,0
16.8448,2,2.99974,2.95572,2.05999,9.21323e-25,2.31919e-24,3.76773e-08,4.6881,0,0,0
16.8448,3,0,0,0,0,0,0,0,0,0,0
16.8448,4,0,0,0,0,0,0,0,0,0,0
16.8448,5,0,0,0,0,0,0,0,0,0,0
16.8956,0,-0.000259725,-0.0442824,2.05999,0,0,2.5164e-08,2.06046,0,0,0
16.8956,1,2.99974,-0.0442824,2.05999,1.01976e-16,2.27351e-17,-5.3795e-08,3.63922,0,0,0
16.8956,2,2.99974,2.95572,2.05999,-5.35765e-25,1.25501e-24,4.35198e-08,4.6881,0,0,0
16.8956,3,0,0,0,0,0,0,0,0,0,0
16.8956,4,0,0,0,0,0,0,0,0,0,0
16.8956,5,0,0,0,0,0,0,0,0,0,0
16.9458,0,-0.000259725,-0.0442824,2.05999,0,0,2.88838e-08,2.06046,0,0,0
16.9458,1,2.99974,-0.0442824,2.05999,1.13443e-16,5.43141e-18,-5.78481e-08,3.63922,0,0,0
16.9458,2,2.99974,2.95572,2.05999,4.33164e-25,-1.02676e-24,4.75657e-08,4.6881,0,0,0
16.9458,3,0,0,0,0,0,0,0,0,0,0
16.9458,4,0,0,0,0,0,0,0,0,0,0
16.9458,5,0,0,0,0,0,0,0,0,0,0
16.996,0,-0.000259725,-0.0442824,2.05999,0,0,3.19592e-08,2.06046,0,0,0
16.996,1,2.99974,-0.0442824,2.05999,1.14073e-16,2.20698e-18,-7.07268e-08,3.63922,0,0,0
16.996,2,2.99974,2.95572,2.05999,3.52269e-25,-3.98064e-24,5.22216e-08,4.6881,0,0,0
16.996,3,0,0,0,0,0,0,0,0,0,0
16.996,4,0,0,0,0,0,0,0,0,0,0
16.996,5,0,0,0,0,0,0,0,0,0,0
17.0518,0,-0.000259725,-0.0442824,2.05999,0,0,3.48741e-08,2.06046,0,0,0
17.0518,1,2.99974,-0.0442824,2.05999,1.23646e-16,-1.79809e-17,-7.10968e-08,3.63922,0,0,0
17.0518,2,2.99974,2.95572,2.05999,-1.79723e-24,-6.52678e-24,5.609e-08,4.6881,0,0,0
17.0518,3,0,0,0,0,0,0,0,0,0,0
17.0518,4,0,0,0,0,0,0,0,0,0,0
17.0518,5,0,0,0,0,0,0,0,0,0,0
17.1048,0,-0.000259725,-0.0442824,2.05999,0,0,3.82278e-08,2.06046,0,0,0
17.1048,1,2.99974,-0.0442824,2.05999,1.35746e-16,-3.66183e-17,-7.82365e-08,3.63922,0,0,0
17.1048,2,2.99974,2.95572,2.05999,-1.1428e-24,-5.58464e-24,6.39295e-08,4.6881,0,0,0
17.1048,3,0,0,0,0,0,0,0,0,0,0
17.1048,4,0,0,0,0,0,0,0,0,0,0
17.1048,5,0,0,0,0,0,0,0,0,0,0
17.155,0,-0.000259725,-0.0442824,2.05999,0,0,4.22475e-08,2.06046,0,0,0
17.155,1,2.99974,-0.0442824,2.05999,1.48305e-16,-5.57762e-17,-8.04851e-08,3.63922,0,0,0
17.155,2,2.99974,2.95572,2.05999,2.3248e-24,-2.02704e-24,6.79085e-08,4.6881,0,0,0
17.155,3,0,0,0,0,0,0,0,0,0,0
17.155,4,0,0,0,0,0,0,0,0,0,0
17.155,5,0,0,0,0,0,0,0,0,0,0
17.2084,0,-0.000259725,-0.0442824,2.05999,0,0,4.71869e-08,2.06046,0,0,0
17.2084,1,2.99974,-0.0442824,2.05999,1.49789e-16,-6.1117e-17,-8.19572e-08,3.63922,0,0,0
17.2084,2,2.99974,2.95572,2.05999,5.61541e-24,-2.02543e-24,7.19177e-08,4.6881,0,0,0
17.2084,3,0,0,0,0,0,0,0,0,0,0
17.2084,4,0,0,0,0,0,0,0,0,0,0
17.2084,5,0,0,0,0,0,0,0,0,0,0
17.2653,0,-0.000259725,-0.0442824,2.05999,0,0,5.16185e-08,2.06046,0,0,0
17.2653,1,2.99974,-0.0442824,2.05999,1.59052e-16,-7.48778e-17,-8.20531e-08,3.63922,0,0,0
17.2653,2,2.99974,2.95572,2.05999,4.95951e-24,-4.31831e-25,7.75953e-08,4.6881,0,0,0
17.2653,3,0,0,0,0,0,0,0,0,0,0
17.2653,4,0,0,0,0,0,0,0,0,0,0
17.2653,5,0,0,0,0,0,0,0,0,0,0
17.316,0,-0.000259725,-0.0442824,2.05999,0,0,5.68385e-08,2.06046,0,0,0
17.316,1,2.99974,-0.0442824,2.05999,1.63094e-16,-7.82468e-17,-8.23215e-08,3.63922,0,0,0
17.316,2,2.99974,2.95572,2.05999,-8.06734e-25,-8.61428e-25,8.108e-08,4.6881,0,0,0
17.316,3,0,0,0,0,0,0,0,0,0,0
17.316,4,0,0,0,0,0,0,0,0,0,0
17.316,5,0,0,0,0,0,0,0,0,0,0
17.3662,0,-0.000259725,-0.0442824,2.05999,0,0,6.29973e-08,2.06046,0,0,0
17.3662,1,2.99974,-0.0442824,2.05999,1.58268e-16,-6.46193e-17,-8.12966e-08,3.63922,0,0,0
17.3662,2,2.99974,2.95572,2.05999,-6.70133e-24,-1.90641e-24,8.56404e-08,4.6881,0,0,0
17.3662,3,0,0,0,0,0,0,0,0,0,0
17.3662,4,0,0,0,0,0,0,0,0,0,0
17.3662,5,0,0,0,0,0,0,0,0,0,0
17.4264,0,-0.000259725,-0.0442824,2.05999,0,0,7.04837e-08,2.06046,0,0,0
17.4264,1,2.99974,-0.0442824,2.05999,1.61967e-16,-6.73393e-17,-5.10677e-08,3.63922,0,0,0
17.4264,2,2.99974,2.95572,2.05999,-1.08918e-23,-2.91256e-24,8.99517e-08,4.6881,0,0,0
17.4264,3,0,0,0,0,0,0,0,0,0,0
17.4264,4,0,0,0,0,0,0,0,0,0,0
17.4264,5,0,0,0,0,0,0,0,0,0,0
17.4768,0,-0.000259725,-0.0442824,2.05999,0,0,7.44212e-08,2.06046,0,0,0
17.4768,1,2.99974,-0.0442824,2.05999,1.65667e-16,-7.00592e-17,-1.70785e-08,3.63922,0,0,0
17.4768,2,2.99974,2.95572,2.05999,-1.2654e-23,-2.99095e-24,9.7448e-08,4.6881,0,0,0
17.4768,3,0,0,0,0,0,0,0,0,0,0
17.4768,4,0,0,0,0,0,0,0,0,0,0
17.4768,5,0,0,0,0,0,0,0,0,0,0
17.5273,0,-0.000259725,-0.0442824,2.05999,0,0,7.44212e-08,2.06046,0,0,0
17.5273,1,2.99974,-0.0442824,2.05999,1.60861e-16,-5.59114e-17,4.92411e-08,3.63922,0,0,0
17.5273,2,2.99974,2.95572,2.05999,-8.76696e-24,-4.54065e-25,1.03557e-07,4.6881,0,0,0
17.5273,3,0,0,0,0,0,0,0,0,0,0
17.5273,4,0,0,0,0,0,0,0,0,0,0
17.5273,5,0,0,0,0,0,0,0,0,0,0
17.5805,0,-0.000259725,-0.0442824,2.05999,0,0,7.85993e-08,2.06046,0,0,0
17.5805,1,2.99974,-0.0442824,2.05999,1.66248e-16,-5.59569e-17,9.15639e-08,3.63922,0,0,0
17.5805,2,2.99974,2.95572,2.05999,-3.77354e-24,6.79984e-24,1.10773e-07,4.6881,0,0,0
17.5805,3,0,0,0,0,0,0,0,0,0,0
17.5805,4,0,0,0,0,0,0,0,0,0,0
17.5805,5,0,0,0,0,0,0,0,0,0,0
17.6383,0,-0.000259725,-0.0442824,2.05999,0,0,8.50522e-08,2.06046,0,0,0
17.6383,1,2.99974,-0.0442824,2.05999,1.61301e-16,-4.08981e-17,1.27779e-07,3.63922,0,0,0
17.6383,2,2.99974,2.95572,2.05999,-1.68853e-24,1.11914e-23,1.16425e-07,4.6881,0,0,0
17.6383,3,0,0,0,0,0,0,0,0,0,0
17.6383,4,0,0,0,0,0,0,0,0,0,0
17.6383,5,0,0,0,0,0,0,0,0,0,0
17.6885,0,-0.000259725,-0.0442824,2.05999,0,0,8.78771e-08,2.06046,0,0,0
17.6885,1,2.99974,-0.0442824,2.05999,1.64408e-16,-4.22361e-17,1.52571e-07,3.63922,0,0,0
17.6885,2,2.99974,2.95572,2.05999,-6.61709e-24,9.53518e-24,1.21856e-07,4.6881,0,0,0
17.6885,3,0,0,0,0,0,0,0,0,0,0
17.6885,4,0,0,0,0,0,0,0,0,0,0
17.6885,5,0,0,0,0,0,0,0,0,0,0
17.744,0,-0.000259725,-0.0442824,2.05999,0,0,9.12669e-08,2.06046,0,0,0
17.744,1,2.99974,-0.0442824,2.05999,1.67515e-16,-4.35741e-17,1.17903e-07,3.63922,0,0,0
17.744,2,2.99974,2.95572,2.05999,-6.93852e-24,1.68659e-24,1.26596e-07,4.6881,0,0,0
17.744,3,0,0,0,0,0,0,0,0,0,0
17.744,4,0,0,0,0,0,0,0,0,0,0
17.744,5,0,0,0,0,0,0,0,0,0,0
17.7941,0,-0.000259725,-0.0442824,2.05999,0,0,9.64094e-08,2.06046,0,0,0
17.7941,1,2.99974,-0.0442824,2.05999,1.83456e-16,-3.67459e-17,6.853e-08,3.63922,0,0,0
17.7941,2,2.99974,2.95572,2.05999,-1.10805e-24,-3.10253e-25,1.31408e-07,4.6881,0,0,0
17.7941,3,0,0,0,0,0,0,0,0,0,0
17.7941,4,0,0,0,0,0,0,0,0,0,0
17.7941,5,0,0,0,0,0,0,0,0,0,0
17.8497,0,-0.000259725,-0.0442824,2.05999,0,0,1.01826e-07,2.06046,0,0,0
17.8497,1,2.99974,-0.0442824,2.05999,1.77689e-16,-2.00724e-17,6.17809e-08,3.63922,0,0,0
17.8497,2,2.99974,2.95572,2.05999,3.27661e-24,-2.39977e-24,1.36827e-07,4.6881,0,0,0
17.8497,3,0,0,0,0,0,0,0,0,0,0
17.8497,4,0,0,0,0,0,0,0,0,0,0
17.8497,5,0,0,0,0,0,0,0,0,0,0
17.8999,0,-0.000259725,-0.0442824,2.05999,0,0,1.08168e-07,2.06046,0,0,0
17.8999,1,2.99974,-0.0442824,2.05999,1.8547e-16,-1.60897e-17,5.13574e-08,3.63922,0,0,0
17.8999,2,2.99974,2.95572,2.05999,5.99991e-24,3.21946e-24,1.44626e-07,4.6881,0,0,0
17.8999,3,0,0,0,0,0,0,0,0,0,0
17.8999,4,0,0,0,0,0,0,0,0,0,0
17.8999,5,0,0,0,0,0,0,0,0,0,0
17.9509,0,-0.000259725,-0.0442824,2.05999,0,0,1.1407e-07,2.06046,0,0,0
17.9509,1,2.99974,-0.0442824,2.05999,1.8547e-16,-1.60897e-17,5.13574e-08,3.63922,0,0,0
17.9509,2,2.99974,2.95572,2.05999,8.14356e-24,1.21148e-23,1.49041e-07,4.6881,0,0,0
17.9509,3,0,0,0,0,0,0,0,0,0,0
17.9509,4,0,0,0,0,0,0,0,0,0,0
17.9509,5,0,0,0,0,0,0,0,0,0,0
18.0011,0,-0.000259725,-0.0442824,2.05999,0,0,1.17927e-07,2.06046,0,0,0
18.0011,1,2.99974,-0.0442824,2.05999,1.80061e-16,1.20219e-18,4.3074e-08,3.63922,0,0,0
18.0011,2,2.99974,2.95572,2.05999,5.58087e-24,1.04837e-23,1.54641e-07,4.6881,0,0,0
18.0011,3,0,0,0,0,0,0,0,0,0,0
18.0011,4,0,0,0,0,0,0,0,0,0,0
18.0011,5,0,0,0,0,0,0,0,0,0,0
18.0513,0,-0.000259725,-0.0442824,2.05999,0,0,1.24179e-07,2.06046,0,0,0
18.0513,1,2.99974,-0.0442824,2.05999,1.85642e-16,3.02828e-17,3.48849e-08,3.63922,0,0,0
18.0513,2,2.99974,2.95572,2.05999,2.53553e-24,5.48001e-24,1.61667e-07,4.6881,0,0,0
18.0513,3,0,0,0,0,0,0,0,0,0,0
18.0513,4,0,0,0,0,0,0,0,0,0,0
18.0513,5,0,0,0,0,0,0,0,0,0,0
18.1015,0,-0.000259725,-0.0442824,2.05999,0,0,1.28893e-07,2.06046,0,0,0
18.1015,1,2.99974,-0.0442824,2.05999,1.88649e-16,3.18107e-17,2.89264e-08,3.63922,0,0,0
18.1015,2,2.99974,2.95572,2.05999,7.57763e-24,4.29776e-24,1.67662e-07,4.6881,0,0,0
18.1015,3,0,0,0,0,0,0,0,0,0,0
18.1015,4,0,0,0,0,0,0,0,0,0,0
18.1015,5,0,0,0,0,0,0,0,0,0,0
18.1517,0,-0.000259725,-0.0442824,2.05999,0,0,1.34604e-07,2.06046,0,0,0
18.1517,1,2.99974,-0.0442824,2.05999,1.91656e-16,3.33386e-17,2.75379e-08,3.63922,0,0,0
18.1517,2,2.99974,2.95572,2.05999,1.44049e-23,5.09622e-24,1.74678e-07,4.6881,0,0,0
18.1517,3,0,0,0,0,0,0,0,0,0,0
18.1517,4,0,0,0,0,0,0,0,0,0,0
18.1517,5,0,0,0,0,0,0,0,0,0,0
18.2072,0,-0.000259725,-0.0442824,2.05999,0,0,1.43325e-07,2.06046,0,0,0
18.2072,1,2.99974,-0.0442824,2.05999,1.92564e-16,5.84183e-17,2.52807e-08,3.63922,0,0,0
18.2072,2,2.99974,2.95572,2.05999,1.11685e-23,3.82319e-24,1.78508e-07,4.6881,0,0,0
18.2072,3,0,0,0,0,0,0,0,0,0,0
18.2072,4,0,0,0,0,0,0,0,0,0,0
18.2072,5,0,0,0,0,0,0,0,0,0,0
18.258,0,-0.000259725,-0.0442824,2.05999,0,0,1.49032e-07,2.06046,0,0,0
18.258,1,2.99974,-0.0442824,2.05999,1.95613e-16,6.09498e-17,2.38643e-08,3.63922,0,0,0
18.258,2,2.99974,2.95572,2.05999,1.41328e-23,-1.63903e-24,1.83378e-07,4.6881,0,0,0
18.258,3,0,0,0,0,0,0,0,0,0,0
18.258,4,0,0,0,0,0,0,0,0,0,0
18.258,5,0,0,0,0,0,0,0,0,0,0
18.3081,0,-0.000259725,-0.0442824,2.05999,0,0,1.52379e-07,2.06046,0,0,0
18.3081,1,2.99974,-0.0442824,2.05999,1.98516e-16,6.33609e-17,2.38473e-08,3.63922,0,0,0
18.3081,2,2.99974,2.95572,2.05999,1.51515e-23,-1.0165e-23,1.89546e-07,4.6881,0,0,0
18.3081,3,0,0,0,0,0,0,0,0,0,0
18.3081,4,0,0,0,0,0,0,0,0,0,0
18.3081,5,0,0,0,0,0,0,0,0,0,0
18.3585,0,-0.000259725,-0.0442824,2.05999,0,0,1.59076e-07,2.06046,0,0,0
18.3585,1,2.99974,-0.0442824,2.05999,2.01565e-16,6.58925e-17,2.54564e-08,3.63922,0,0,0
18.3585,2,2.99974,2.95572,2.05999,1.34778e-23,-1.54745e-23,1.97332e-07,4.6881,0,0,0
18.3585,3,0,0,0,0,0,0,0,0,0,0
18.3585,4,0,0,0,0,0,0,0,0,0,0
18.3585,5,0,0,0,0,0,0,0,0,0,0
18.4134,0,-0.000259725,-0.0442824,2.05999,0,0,1.64076e-07,2.06046,0,0,0
18.4134,1,2.99974,-0.0442824,2.05999,2.04468e-16,6.83035e-17,2.55101e-08,3.63922,0,0,0
18.4134,2,2.99974,2.95572,2.05999,1.01213e-23,-1.91027e-23,2.04835e-07,4.6881,0,0,0
18.4134,3,0,0,0,0,0,0,0,0,0,0
18.4134,4,0,0,0,0,0,0,0,0,0,0
18.4134,5,0,0,0,0,0,0,0,0,0,0
18.4636,0,-0.000259725,-0.0442824,2.05999,0,0,1.70138e-07,2.06046,0,0,0
18.4636,1,2.99974,-0.0442824,2.05999,2.16159e-16,5.40354e-17,2.88123e-08,3.63922,0,0,0
18.4636,2,2.99974,2.95572,2.05999,3.67145e-24,-2.00682e-23,2.11366e-07,4.6881,0,0,0
18.4636,3,0,0,0,0,0,0,0,0,0,0
18.4636,4,0,0,0,0,0,0,0,0,0,0
18.4636,5,0,0,0,0,0,0,0,0,0,0
18.5188,0,-0.000259725,-0.0442824,2.05999,0,0,1.75005e-07,2.06046,0,0,0
18.5188,1,2.99974,-0.0442824,2.05999,2.31265e-16,6.75246e-17,3.08644e-08,3.63922,0,0,0
18.5188,2,2.99974,2.95572,2.05999,-9.82691e-25,-1.68513e-23,2.15819e-07,4.6881,0,0,0
18.5188,3,0,0,0,0,0,0,0,0,0,0
18.5188,4,0,0,0,0,0,0,0,0,0,0
18.5188,5,0,0,0,0,0,0,0,0,0,0
18.5767,0,-0.000259725,-0.0442824,2.05999,0,0,1.79582e-07,2.06046,0,0,0
18.5767,1,2.99974,-0.0442824,2.05999,2.34911e-16,6.97018e-17,3.48934e-08,3.63922,0,0,0
18.5767,2,2.99974,2.95572,2.05999,-2.36672e-24,-4.44656e-24,2.12636e-07,4.6881,0,0,0
18.5767,3,0,0,0,0,0,0,0,0,0,0
18.5767,4,0,0,0,0,0,0,0,0,0,0
18.5767,5,0,0,0,0,0,0,0,0,0,0
18.6268,0,-0.000259725,-0.0442824,2.05999,0,0,1.86577e-07,2.06046,0,0,0
18.6268,1,2.99974,-0.0442824,2.05999,2.34911e-16,6.97018e-17,3.91782e-08,3.63922,0,0,0
18.6268,2,2.99974,2.95572,2.05999,2.47024e-24,2.94835e-24,1.57504e-07,4.6881,0,0,0
18.6268,3,0,0,0,0,0,0,0,0,0,0
18.6268,4,0,0,0,0,0,0,0,0,0,0
18.6268,5,0,0,0,0,0,0,0,0,0,0
18.677,0,-0.000259725,-0.0442824,2.05999,0,0,1.9051e-07,2.06046,0,0,0
18.677,1,2.99974,-0.0442824,2.05999,2.47486e-16,5.50129e-17,4.17276e-08,3.63922,0,0,0
18.677,2,2.99974,2.95572,2.05999,4.16936e-24,1.70645e-24,1.04317e-07,4.6881,0,0,0
18.677,3,0,0,0,0,0,0,0,0,0,0
18.677,4,0,0,0,0,0,0,0,0,0,0
18.677,5,0,0,0,0,0,0,0,0,0,0
18.7325,0,-0.000259725,-0.0442824,2.05999,0,0,1.97425e-07,2.06046,0,0,0
18.7325,1,2.99974,-0.0442824,2.05999,2.5187e-16,5.66924e-17,4.37483e-08,3.63922,0,0,0
18.7325,2,2.99974,2.95572,2.05999,3.15389e-25,1.1097e-24,6.92658e-08,4.6881,0,0,0
18.7325,3,0,0,0,0,0,0,0,0,0,0
18.7325,4,0,0,0,0,0,0,0,0,0,0
18.7325,5,0,0,0,0,0,0,0,0,0,0
18.7832,0,-0.000259725,-0.0442824,2.05999,0,0,2.04652e-07,2.06046,0,0,0
18.7832,1,2.99974,-0.0442824,2.05999,2.55856e-16,5.82193e-17,4.58369e-08,3.63922,0,0,0
18.7832,2,2.99974,2.95572,2.05999,-1.95409e-24,3.5825e-25,4.82802e-08,4.6881,0,0,0
18.7832,3,0,0,0,0,0,0,0,0,0,0
18.7832,4,0,0,0,0,0,0,0,0,0,0
18.7832,5,0,0,0,0,0,0,0,0,0,0
18.8339,0,-0.000259725,-0.0442824,2.05999,0,0,1.96825e-07,2.06046,0,0,0
18.8339,1,2.99974,-0.0442824,2.05999,2.60041e-16,5.98224e-17,4.80476e-08,3.63922,0,0,0
18.8339,2,2.99974,2.95572,2.05999,-1.87517e-24,-5.16101e-25,2.55029e-08,4.6881,0,0,0
18.8339,3,0,0,0,0,0,0,0,0,0,0
18.8339,4,0,0,0,0,0,0,0,0,0,0
18.8339,5,0,0,0,0,0,0,0,0,0,0
18.8845,0,-0.000259725,-0.0442824,2.05999,0,0,1.67822e-07,2.06046,0,0,0
18.8845,1,2.99974,-0.0442824,2.05999,2.64027e-16,6.13493e-17,4.96571e-08,3.63922,0,0,0
18.8845,2,2.99974,2.95572,2.05999,-4.97092e-25,-2.52873e-25,5.70141e-09,4.6881,0,0,0
18.8845,3,0,0,0,0,0,0,0,0,0,0
18.8845,4,0,0,0,0,0,0,0,0,0,0
18.8845,5,0,0,0,0,0,0,0,0,0,0
18.9354,0,-0.000259725,-0.0442824,2.05999,0,0,1.06481e-07,2.06046,0,0,0
18.9354,1,2.99974,-0.0442824,2.05999,2.68013e-16,6.28761e-17,5.54472e-08,3.63922,0,0,0
18.9354,2,2.99974,2.95572,2.05999,8.41999e-25,3.14834e-25,-8.68319e-09,4.6881,0,0,0
18.9354,3,0,0,0,0,0,0,0,0,0,0
18.9354,4,0,0,0,0,0,0,0,0,0,0
18.9354,5,0,0,0,0,0,0,0,0,0,0
18.9856,0,-0.000259725,-0.0442824,2.05999,0,0,7.40704e-08,2.06046,0,0,0
18.9856,1,2.99974,-0.0442824,2.05999,2.72198e-16,6.44793e-17,5.9949e-08,3.63922,0,0,0
18.9856,2,2.99974,2.95572,2.05999,-7.01857e-26,9.65054e-25,-2.60114e-08,4.6881,0,0,0
18.9856,3,0,0,0,0,0,0,0,0,0,0
18.9856,4,0,0,0,0,0,0,0,0,0,0
18.9856,5,0,0,0,0,0,0,0,0,0,0
19.0357,0,-0.000259725,-0.0442824,2.05999,0,0,4.29657e-08,2.06046,0,0,0
19.0357,1,2.99974,-0.0442824,2.05999,2.76383e-16,6.60825e-17,6.28883e-08,3.63922,0,0,0
19.0357,2,2.99974,2.95572,2.05999,-1.71457e-24,1.9889e-24,-3.69707e-08,4.6881,0,0,0
19.0357,3,0,0,0,0,0,0,0,0,0,0
19.0357,4,0,0,0,0,0,0,0,0,0,0
19.0357,5,0,0,0,0,0,0,0,0,0,0
19.0918,0,-0.000259725,-0.0442824,2.05999,0,0,2.00283e-08,2.06046,0,0,0
19.0918,1,2.99974,-0.0442824,2.05999,2.7797e-16,6.52101e-17,6.70352e-08,3.63922,0,0,0
19.0918,2,2.99974,2.95572,2.05999,1.70175e-24,4.9172e-24,-5.57509e-08,4.6881,0,0,0
19.0918,3,0,0,0,0,0,0,0,0,0,0
19.0918,4,0,0,0,0,0,0,0,0,0,0
19.0918,5,0,0,0,0,0,0,0,0,0,0
19.142,0,-0.000259725,-0.0442824,2.05999,0,0,5.28044e-10,2.06046,0,0,0
19.142,1,2.99974,-0.0442824,2.05999,2.83965e-16,4.29031e-17,7.10099e-08,3.63922,0,0,0
19.142,2,2.99974,2.95572,2.05999,1.70175e-24,4.9172e-24,-5.57509e-08,4.6881,0,0,0
19.142,3,0,0,0,0,0,0,0,0,0,0
19.142,4,0,0,0,0,0,0,0,0,0,0
19.142,5,0,0,0,0,0,0,0,0,0,0
19.1947,0,-0.000259725,-0.0442824,2.05999,0,0,-1.65969e-08,2.06046,0,0,0
19.1947,1,2.99974,-0.0442824,2.05999,3.0219e-16,1.45732e-18,8.45241e-08,3.63922,0,0,0
19.1947,2,2.99974,2.95572,2.05999,1.89321e-24,7.22861e-24,-6.37853e-08,4.6881,0,0,0
19.1947,3,0,0,0,0,0,0,0,0,0,0
19.1947,4,0,0,0,0,0,0,0,0,0,0
19.1947,5,0,0,0,0,0,0,0,0,0,0
19.2449,0,-0.000259725,-0.0442824,2.05999,0,0,-3.17385e-08,2.06046,0,0,0
19.2449,1,2.99974,-0.0442824,2.05999,3.0219e-16,1.45732e-18,8.45241e-08,3.63922,0,0,0
19.2449,2,2.99974,2.95572,2.05999,-4.12531e-25,9.04033e-24,-6.98915e-08,4.6881,0,0,0
19.2449,3,0,0,0,0,0,0,0,0,0,0
19.2449,4,0,0,0,0,0,0,0,0,0,0
19.2449,5,0,0,0,0,0,0,0,0,0,0
19.2981,0,-0.000259725,-0.0442824,2.05999,0,0,-4.55848e-08,2.06046,0,0,0
19.2981,1,2.99974,-0.0442824,2.05999,3.20166e-16,-2.81979e-17,8.8034e-08,3.63922,0,0,0
19.2981,2,2.99974,2.95572,2.05999,-2.17835e-24,6.05656e-24,-7.46649e-08,4.6881,0,0,0
19.2981,3,0,0,0,0,0,0,0,0,0,0
19.2981,4,0,0,0,0,0,0,0,0,0,0
19.2981,5,0,0,0,0,0,0,0,0,0,0
19.3485,0,-0.000259725,-0.0442824,2.05999,0,0,-5.7832e-08,2.06046,0,0,0
19.3485,1,2.99974,-0.0442824,2.05999,3.28654e-16,-5.29544e-17,9.43362e-08,3.63922,0,0,0
19.3485,2,2.99974,2.95572,2.05999,2.7649e-25,1.50266e-24,-7.12832e-08,4.6881,0,0,0
19.3485,3,0,0,0,0,0,0,0,0,0,0
19.3485,4,0,0,0,0,0,0,0,0,0,0
19.3485,5,0,0,0,0,0,0,0,0,0,0
19.3999,0,-0.000259725,-0.0442824,2.05999,0,0,-7.05638e-08,2.06046,0,0,0
19.3999,1,2.99974,-0.0442824,2.05999,3.40682e-16,-7.48015e-17,9.86961e-08,3.63922,0,0,0
19.3999,2,2.99974,2.95572,2.05999,2.44599e-24,-1.48777e-24,-7.47634e-08,4.6881,0,0,0
19.3999,3,0,0,0,0,0,0,0,0,0,0
19.3999,4,0,0,0,0,0,0,0,0,0,0
19.3999,5,0,0,0,0,0,0,0,0,0,0
19.45,0,-0.000259725,-0.0442824,2.05999,0,0,-7.97574e-08,2.06046,0,0,0
19.45,1,2.99974,-0.0442824,2.05999,3.45908e-16,-7.85088e-17,1.03108e-07,3.63922,0,0,0
19.45,2,2.99974,2.95572,2.05999,1.82224e-24,-4.15363e-24,-7.94514e-08,4.6881,0,0,0
19.45,3,0,0,0,0,0,0,0,0,0,0
19.45,4,0,0,0,0,0,0,0,0,0,0
19.45,5,0,0,0,0,0,0,0,0,0,0
19.5003,0,-0.000259725,-0.0442824,2.05999,0,0,-8.49852e-08,2.06046,0,0,0
19.5003,1,2.99974,-0.0442824,2.05999,3.40239e-16,-6.7834e-17,1.05394e-07,3.63922,0,0,0
19.5003,2,2.99974,2.95572,2.05999,9.42576e-25,-3.24978e-24,-8.34213e-08,4.6881,0,0,0
19.5003,3,0,0,0,0,0,0,0,0,0,0
19.5003,4,0,0,0,0,0,0,0,0,0,0
19.5003,5,0,0,0,0,0,0,0,0,0,0
19.5564,0,-0.000259725,-0.0442824,2.05999,0,0,-9.10035e-08,2.06046,0,0,0
19.5564,1,2.99974,-0.0442824,2.05999,3.41336e-16,-7.50811e-17,1.12798e-07,3.63922,0,0,0
19.5564,2,2.99974,2.95572,2.05999,3.91948e-24,-1.82086e-24,-9.15021e-08,4.6881,0,0,0
19.5564,3,0,0,0,0,0,0,0,0,0,0
19.5564,4,0,0,0,0,0,0,0,0,0,0
19.5564,5,0,0,0,0,0,0,0,0,0,0
19.612,0,-0.000259725,-0.0442824,2.05999,0,0,-9.30348e-08,2.06046,0,0,0
19.612,1,2.99974,-0.0442824,2.05999,3.37106e-16,-6.13457e-17,1.19585e-07,3.63922,0,0,0
19.612,2,2.99974,2.95572,2.05999,4.21562e-24,-1.60595e-24,-8.50257e-08,4.6881,0,0,0
19.612,3,0,0,0,0,0,0,0,0,0,0
19.612,4,0,0,0,0,0,0,0,0,0,0
19.612,5,0,0,0,0,0,0,0,0,0,0
19.6621,0,-0.000259725,-0.0442824,2.05999,0,0,-9.57451e-08,2.06046,0,0,0
19.6621,1,2.99974,-0.0442824,2.05999,3.41633e-16,-6.4121e-17,1.26746e-07,3.63922,0,0,0
19.6621,2,2.99974,2.95572,2.05999,2.39196e-24,2.31984e-24,-7.12749e-08,4.6881,0,0,0
19.6621,3,0,0,0,0,0,0,0,0,0,0
19.6621,4,0,0,0,0,0,0,0,0,0,0
19.6621,5,0,0,0,0,0,0,0,0,0,0
19.7125,0,-0.000259725,-0.0442824,2.05999,0,0,-9.74264e-08,2.06046,0,0,0
19.7125,1,2.99974,-0.0442824,2.05999,3.4616e-16,-6.68964e-17,1.31339e-07,3.63922,0,0,0
19.7125,2,2.99974,2.95572,2.05999,-2.30466e-25,-2.58172e-25,3.73389e-09,4.6881,0,0,0
19.7125,3,0,0,0,0,0,0,0,0,0,0
19.7125,4,0,0,0,0,0,0,0,0,0,0
19.7125,5,0,0,0,0,0,0,0,0,0,0
19.7652,0,-0.000259725,-0.0442824,2.05999,0,0,-6.49325e-08,2.06046,0,0,0
19.7652,1,2.99974,-0.0442824,2.05999,3.41895e-16,-5.26019e-17,1.36596e-07,3.63922,0,0,0
19.7652,2,2.99974,2.95572,2.05999,-7.17489e-24,-2.74762e-24,5.75714e-08,4.6881,0,0,0
19.7652,3,0,0,0,0,0,0,0,0,0,0
19.7652,4,0,0,0,0,0,0,0,0,0,0
19.7652,5,0,0,0,0,0,0,0,0,0,0
19.8176,0,-0.000259725,-0.0442824,2.05999,0,0,8.98401e-09,2.06046,0,0,0
19.8176,1,2.99974,-0.0442824,2.05999,3.46066e-16,-5.46955e-17,1.41962e-07,3.63922,0,0,0
19.8176,2,2.99974,2.95572,2.05999,-7.17489e-24,-2.74762e-24,5.75714e-08,4.6881,0,0,0
19.8176,3,0,0,0,0,0,0,0,0,0,0
19.8176,4,0,0,0,0,0,0,0,0,0,0
19.8176,5,0,0,0,0,0,0,0,0,0,0
19.8756,0,-0.000259725,-0.0442824,2.05999,0,0,5.31317e-08,2.06046,0,0,0
19.8756,1,2.99974,-0.0442824,2.05999,3.55628e-16,-5.10917e-17,1.45148e-07,3.63922,0,0,0
19.8756,2,2.99974,2.95572,2.05999,-6.02243e-24,-7.37074e-24,1.33252e-07,4.6881,0,0,0
19.8756,3,0,0,0,0,0,0,0,0,0,0
19.8756,4,0,0,0,0,0,0,0,0,0,0
19.8756,5,0,0,0,0,0,0,0,0,0,0
19.9309,0,-0.000259725,-0.0442824,2.05999,0,0,8.7085e-08,2.06046,0,0,0
19.9309,1,2.99974,-0.0442824,2.05999,3.56357e-16,-3.04211e-17,1.50244e-07,3.63922,0,0,0
19.9309,2,2.99974,2.95572,2.05999,-1.46307e-24,1.74366e-24,1.18845e-07,4.6881,0,0,0
19.9309,3,0,0,0,0,0,0,0,0,0,0
19.9309,4,0,0,0,0,0,0,0,0,0,0
19.9309,5,0,0,0,0,0,0,0,0,0,0
19.9836,0,-0.000259725,-0.0442824,2.05999,0,0,1.2125e-07,2.06046,0,0,0
19.9836,1,2.99974,-0.0442824,2.05999,3.67096e-16,-2.98816e-17,1.68115e-07,3.63922,0,0,0
19.9836,2,2.99974,2.95572,2.05999,2.78783e-24,1.098e-23,9.23525e-08,4.6881,0,0,0
19.9836,3,0,0,0,0,0,0,0,0,0,0
19.9836,4,0,0,0,0,0,0,0,0,0,0
19.9836,5,0,0,0,0,0,0,0,0,0,0
20.0388,0,-0.000259725,-0.0442824,2.05999,0,0,1.21915e-07,2.06046,0,0,0
20.0388,1,2.99974,-0.0442824,2.05999,3.66289e-16,-9.77037e-18,1.75813e-07,3.63922,0,0,0
20.0388,2,2.99974,2.95572,2.05999,4.24651e-24,9.5751e-24,5.39201e-08,4.6881,0,0,0
20.0388,3,0,0,0,0,0,0,0,0,0,0
20.0388,4,0,0,0,0,0,0,0,0,0,0
20.0388,5,0,0,0,0,0,0,0,0,0,0
20.099,0,-0.000259725,-0.0442824,2.05999,0,0,7.67705e-08,2.06046,0,0,0
20.099,1,2.99974,-0.0442824,2.05999,3.66289e-16,-9.77037e-18,1.75813e-07,3.63922,0,0,0
20.099,2,2.99974,2.95572,2.05999,3.52114e-24,7.70299e-24,4.60916e-08,4.6881,0,0,0
20.099,3,0,0,0,0,0,0,0,0,0,0
20.099,4,0,0,0,0,0,0,0,0,0,0
20.099,5,0,0,0,0,0,0,0,0,0,0
20.1492,0,-0.000259725,-0.0442824,2.05999,0,0,5.67195e-08,2.06046,0,0,0
20.1492,1,2.99974,-0.0442824,2.05999,3.70219e-16,-9.82364e-18,1.83595e-07,3.63922,0,0,0
20.1492,2,2.99974,2.95572,2.05999,3.52114e-24,7.70299e-24,4.60916e-08,4.6881,0,0,0
20.1492,3,0,0,0,0,0,0,0,0,0,0
20.1492,4,0,0,0,0,0,0,0,0,0,0
20.1492,5,0,0,0,0,0,0,0,0,0,0
20.1994,0,-0.000259725,-0.0442824,2.05999,0,0,4.04005e-08,2.06046,0,0,0
20.1994,1,2.99974,-0.0442824,2.05999,3.6712e-16,8.60285e-18,1.91799e-07,3.63922,0,0,0
20.1994,2,2.99974,2.95572,2.05999,3.97579e-24,5.02132e-24,4.07879e-08,4.6881,0,0,0
20.1994,3,0,0,0,0,0,0,0,0,0,0
20.1994,4,0,0,0,0,0,0,0,0,0,0
20.1994,5,0,0,0,0,0,0,0,0,0,0
20.2546,0,-0.000259725,-0.0442824,2.05999,0,0,3.12038e-08,2.06046,0,0,0
20.2546,1,2.99974,-0.0442824,2.05999,3.70948e-16,9.28571e-18,1.98257e-07,3.63922,0,0,0
20.2546,2,2.99974,2.95572,2.05999,3.48365e-24,2.4917e-24,3.50121e-08,4.6881,0,0,0
20.2546,3,0,0,0,0,0,0,0,0,0,0
20.2546,4,0,0,0,0,0,0,0,0,0,0
20.2546,5,0,0,0,0,0,0,0,0,0,0
20.3061,0,-0.000259725,-0.0442824,2.05999,0,0,2.328e-08,2.06046,0,0,0
20.3061,1,2.99974,-0.0442824,2.05999,3.74595e-16,9.93605e-18,2.05415e-07,3.63922,0,0,0
20.3061,2,2.99974,2.95572,2.05999,2.11225e-24,2.06135e-24,3.01809e-08,4.6881,0,0,0
20.3061,3,0,0,0,0,0,0,0,0,0,0
20.3061,4,0,0,0,0,0,0,0,0,0,0
20.3061,5,0,0,0,0,0,0,0,0,0,0
20.3589,0,-0.000259725,-0.0442824,2.05999,0,0,1.69096e-08,2.06046,0,0,0
20.3589,1,2.99974,-0.0442824,2.05999,3.78241e-16,1.05864e-17,2.10724e-07,3.63922,0,0,0
20.3589,2,2.99974,2.95572,2.05999,9.16393e-25,2.86484e-24,2.63785e-08,4.6881,0,0,0
20.3589,3,0,0,0,0,0,0,0,0,0,0
20.3589,4,0,0,0,0,0,0,0,0,0,0
20.3589,5,0,0,0,0,0,0,0,0,0,0
20.4141,0,-0.000259725,-0.0442824,2.05999,0,0,1.14593e-08,2.06046,0,0,0
20.4141,1,2.99974,-0.0442824,2.05999,3.89525e-16,1.88751e-17,1.9951e-07,3.63922,0,0,0
20.4141,2,2.99974,2.95572,2.05999,4.77421e-26,2.02687e-24,2.57362e-08,4.6881,0,0,0
20.4141,3,0,0,0,0,0,0,0,0,0,0
20.4141,4,0,0,0,0,0,0,0,0,0,0
20.4141,5,0,0,0,0,0,0,0,0,0,0
20.4643,0,-0.000259725,-0.0442824,2.05999,0,0,7.49334e-09,2.06046,0,0,0
20.4643,1,2.99974,-0.0442824,2.05999,3.86414e-16,3.86426e-17,1.52581e-07,3.63922,0,0,0
20.4643,2,2.99974,2.95572,2.05999,-8.03977e-25,7.70824e-25,2.45741e-08,4.6881,0,0,0
20.4643,3,0,0,0,0,0,0,0,0,0,0
20.4643,4,0,0,0,0,0,0,0,0,0,0
20.4643,5,0,0,0,0,0,0,0,0,0,0
20.5147,0,-0.000259725,-0.0442824,2.05999,0,0,2.74557e-09,2.06046,0,0,0
20.5147,1,2.99974,-0.0442824,2.05999,3.90073e-16,4.02976e-17,9.24128e-08,3.63922,0,0,0
20.5147,2,2.99974,2.95572,2.05999,-1.58471e-24,-1.63071e-25,2.4794e-08,4.6881,0,0,0
20.5147,3,0,0,0,0,0,0,0,0,0,0
20.5147,4,0,0,0,0,0,0,0,0,0,0
20.5147,5,0,0,0,0,0,0,0,0,0,0
20.567,0,-0.000259725,-0.0442824,2.05999,0,0,-1.08626e-09,2.06046,0,0,0
20.567,1,2.99974,-0.0442824,2.05999,3.85012e-16,5.90998e-17,6.37194e-08,3.63922,0,0,0
20.567,2,2.99974,2.95572,2.05999,-1.72329e-24,-4.95294e-25,2.42724e-08,4.6881,0,0,0
20.567,3,0,0,0,0,0,0,0,0,0,0
20.567,4,0,0,0,0,0,0,0,0,0,0
20.567,5,0,0,0,0,0,0,0,0,0,0
20.6171,0,-0.000259725,-0.0442824,2.05999,0,0,-4.73145e-09,2.06046,0,0,0
20.6171,1,2.99974,-0.0442824,2.05999,3.88334e-16,6.1409e-17,3.76457e-08,3.63922,0,0,0
20.6171,2,2.99974,2.95572,2.05999,-2.12317e-24,-3.38354e-25,2.50794e-08,4.6881,0,0,0
20.6171,3,0,0,0,0,0,0,0,0,0,0
20.6171,4,0,0,0,0,0,0,0,0,0,0
20.6171,5,0,0,0,0,0,0,0,0,0,0
20.6735,0,-0.000259725,-0.0442824,2.05999,0,0,-5.27312e-09,2.06046,0,0,0
20.6735,1,2.99974,-0.0442824,2.05999,4.01667e-16,7.26675e-17,-3.95243e-09,3.63922,0,0,0
20.6735,2,2.99974,2.95572,2.05999,-1.89356e-24,4.20792e-25,2.49519e-08,4.6881,0,0,0
20.6735,3,0,0,0,0,0,0,0,0,0,0
20.6735,4,0,0,0,0,0,0,0,0,0,0
20.6735,5,0,0,0,0,0,0,0,0,0,0
20.7237,0,-0.000259725,-0.0442824,2.05999,0,0,-6.73256e-09,2.06046,0,0,0
20.7237,1,2.99974,-0.0442824,2.05999,4.01667e-16,7.26675e-17,-3.95243e-09,3.63922,0,0,0
20.7237,2,2.99974,2.95572,2.05999,-9.94481e-25,-1.15431e-25,2.6326e-08,4.6881,0,0,0
20.7237,3,0,0,0,0,0,0,0,0,0,0
20.7237,4,0,0,0,0,0,0,0,0,0,0
20.7237,5,0,0,0,0,0,0,0,0,0,0
20.7767,0,-0.000259725,-0.0442824,2.05999,0,0,-6.9279e-09,2.06046,0,0,0
20.7767,1,2.99974,-0.0442824,2.05999,4.05224e-16,7.52129e-17,-1.68023e-08,3.63922,0,0,0
20.7767,2,2.99974,2.95572,2.05999,3.00874e-25,-1.29145e-24,2.74478e-08,4.6881,0,0,0
20.7767,3,0,0,0,0,0,0,0,0,0,0
20.7767,4,0,0,0,0,0,0,0,0,0,0
20.7767,5,0,0,0,0,0,0,0,0,0,0
20.8268,0,-0.000259725,-0.0442824,2.05999,0,0,-4.2281e-09,2.06046,0,0,0
20.8268,1,2.99974,-0.0442824,2.05999,4.22108e-16,6.52065e-17,-3.2287e-08,3.63922,0,0,0
20.8268,2,2.99974,2.95572,2.05999,3.00874e-25,-1.29145e-24,2.74478e-08,4.6881,0,0,0
20.8268,3,0,0,0,0,0,0,0,0,0,0
20.8268,4,0,0,0,0,0,0,0,0,0,0
20.8268,5,0,0,0,0,0,0,0,0,0,0
20.877,0,-0.000259725,-0.0442824,2.05999,0,0,-7.71904e-10,2.06046,0,0,0
20.877,1,2.99974,-0.0442824,2.05999,4.17451e-16,8.44183e-17,-4.53395e-08,3.63922,0,0,0
20.877,2,2.99974,2.95572,2.05999,3.61645e-25,-7.18468e-25,2.85928e-08,4.6881,0,0,0
20.877,3,0,0,0,0,0,0,0,0,0,0
20.877,4,0,0,0,0,0,0,0,0,0,0
20.877,5,0,0,0,0,0,0,0,0,0,0
20.9297,0,-0.000259725,-0.0442824,2.05999,0,0,8.86647e-10,2.06046,0,0,0
20.9297,1,2.99974,-0.0442824,2.05999,4.30045e-16,7.01317e-17,-5.44016e-08,3.63922,0,0,0
20.9297,2,2.99974,2.95572,2.05999,2.84747e-25,5.69494e-26,3.06996e-08,4.6881,0,0,0
20.9297,3,0,0,0,0,0,0,0,0,0,0
20.9297,4,0,0,0,0,0,0,0,0,0,0
20.9297,5,0,0,0,0,0,0,0,0,0,0
20.9825,0,-0.000259725,-0.0442824,2.05999,0,0,2.96722e-09,2.06046,0,0,0
20.9825,1,2.99974,-0.0442824,2.05999,4.34118e-16,7.22005e-17,-6.2871e-08,3.63922,0,0,0
20.9825,2,2.99974,2.95572,2.05999,-2.03221e-24,5.85652e-27,3.47276e-08,4.6881,0,0,0
20.9825,3,0,0,0,0,0,0,0,0,0,0
20.9825,4,0,0,0,0,0,0,0,0,0,0
20.9825,5,0,0,0,0,0,0,0,0,0,0
21.0352,0,-0.000259725,-0.0442824,2.05999,0,0,6.15543e-09,2.06046,0,0,0
21.0352,1,2.99974,-0.0442824,2.05999,4.46918e-16,5.71313e-17,-6.99467e-08,3.63922,0,0,0
21.0352,2,2.99974,2.95572,2.05999,6.71677e-25,-3.5403e-24,4.14882e-08,4.6881,0,0,0
21.0352,3,0,0,0,0,0,0,0,0,0,0
21.0352,4,0,0,0,0,0,0,0,0,0,0
21.0352,5,0,0,0,0,0,0,0,0,0,0
21.088,0,-0.000259725,-0.0442824,2.05999,0,0,9.59323e-09,2.06046,0,0,0
21.088,1,2.99974,-0.0442824,2.05999,4.51329e-16,5.85459e-17,-7.50625e-08,3.63922,0,0,0
21.088,2,2.99974,2.95572,2.05999,6.71677e-25,-3.5403e-24,4.14882e-08,4.6881,0,0,0
21.088,3,0,0,0,0,0,0,0,0,0,0
21.088,4,0,0,0,0,0,0,0,0,0,0
21.088,5,0,0,0,0,0,0,0,0,0,0
21.1413,0,-0.000259725,-0.0442824,2.05999,0,0,1.14641e-08,2.06046,0,0,0
21.1413,1,2.99974,-0.0442824,2.05999,4.5574e-16,5.99605e-17,-7.93955e-08,3.63922,0,0,0
21.1413,2,2.99974,2.95572,2.05999,1.75968e-24,-2.9123e-24,4.55651e-08,4.6881,0,0,0
21.1413,3,0,0,0,0,0,0,0,0,0,0
21.1413,4,0,0,0,0,0,0,0,0,0,0
21.1413,5,0,0,0,0,0,0,0,0,0,0
21.1965,0,-0.000259725,-0.0442824,2.05999,0,0,1.6794e-08,2.06046,0,0,0
21.1965,1,2.99974,-0.0442824,2.05999,4.54983e-16,5.32108e-17,-8.26734e-08,3.63922,0,0,0
21.1965,2,2.99974,2.95572,2.05999,3.08317e-24,-1.38153e-24,4.99519e-08,4.6881,0,0,0
21.1965,3,0,0,0,0,0,0,0,0,0,0
21.1965,4,0,0,0,0,0,0,0,0,0,0
21.1965,5,0,0,0,0,0,0,0,0,0,0
21.247,0,-0.000259725,-0.0442824,2.05999,0,0,2.00626e-08,2.06046,0,0,0
21.247,1,2.99974,-0.0442824,2.05999,4.63851e-16,3.62165e-17,-8.71717e-08,3.63922,0,0,0
21.247,2,2.99974,2.95572,2.05999,4.1296e-24,-1.93144e-25,5.45378e-08,4.6881,0,0,0
21.247,3,0,0,0,0,0,0,0,0,0,0
21.247,4,0,0,0,0,0,0,0,0,0,0
21.247,5,0,0,0,0,0,0,0,0,0,0
21.2983,0,-0.000259725,-0.0442824,2.05999,0,0,2.24506e-08,2.06046,0,0,0
21.2983,1,2.99974,-0.0442824,2.05999,4.68697e-16,3.66758e-17,-8.83754e-08,3.63922,0,0,0
21.2983,2,2.99974,2.95572,2.05999,4.11579e-24,3.28865e-25,5.90934e-08,4.6881,0,0,0
21.2983,3,0,0,0,0,0,0,0,0,0,0
21.2983,4,0,0,0,0,0,0,0,0,0,0
21.2983,5,0,0,0,0,0,0,0,0,0,0
21.3484,0,-0.000259725,-0.0442824,2.05999,0,0,2.56572e-08,2.06046,0,0,0
21.3484,1,2.99974,-0.0442824,2.05999,4.65721e-16,2.95123e-17,-7.41704e-08,3.63922,0,0,0
21.3484,2,2.99974,2.95572,2.05999,1.82059e-24,6.55411e-25,6.16891e-08,4.6881,0,0,0
21.3484,3,0,0,0,0,0,0,0,0,0,0
21.3484,4,0,0,0,0,0,0,0,0,0,0
21.3484,5,0,0,0,0,0,0,0,0,0,0
21.4012,0,-0.000259725,-0.0442824,2.05999,0,0,2.99994e-08,2.06046,0,0,0
21.4012,1,2.99974,-0.0442824,2.05999,4.74889e-16,8.77565e-18,-2.2937e-08,3.63922,0,0,0
21.4012,2,2.99974,2.95572,2.05999,1.12498e-24,7.05869e-25,6.54003e-08,4.6881,0,0,0
21.4012,3,0,0,0,0,0,0,0,0,0,0
21.4012,4,0,0,0,0,0,0,0,0,0,0
21.4012,5,0,0,0,0,0,0,0,0,0,0
21.4514,0,-0.000259725,-0.0442824,2.05999,0,0,3.48793e-08,2.06046,0,0,0
21.4514,1,2.99974,-0.0442824,2.05999,4.86292e-16,-1.07008e-17,5.4737e-09,3.63922,0,0,0
21.4514,2,2.99974,2.95572,2.05999,4.74109e-24,1.57224e-24,7.2271e-08,4.6881,0,0,0
21.4514,3,0,0,0,0,0,0,0,0,0,0
21.4514,4,0,0,0,0,0,0,0,0,0,0
21.4514,5,0,0,0,0,0,0,0,0,0,0
21.5072,0,-0.000259725,-0.0442824,2.05999,0,0,3.91921e-08,2.06046,0,0,0
21.5072,1,2.99974,-0.0442824,2.05999,4.79736e-16,-2.32289e-17,7.49981e-08,3.63922,0,0,0
21.5072,2,2.99974,2.95572,2.05999,6.7357e-24,1.36759e-24,7.57893e-08,4.6881,0,0,0
21.5072,3,0,0,0,0,0,0,0,0,0,0
21.5072,4,0,0,0,0,0,0,0,0,0,0
21.5072,5,0,0,0,0,0,0,0,0,0,0
21.5574,0,-0.000259725,-0.0442824,2.05999,0,0,4.46644e-08,2.06046,0,0,0
21.5574,1,2.99974,-0.0442824,2.05999,4.96358e-16,-7.26868e-17,1.11356e-07,3.63922,0,0,0
21.5574,2,2.99974,2.95572,2.05999,1.02526e-23,2.11164e-24,8.23782e-08,4.6881,0,0,0
21.5574,3,0,0,0,0,0,0,0,0,0,0
21.5574,4,0,0,0,0,0,0,0,0,0,0
21.5574,5,0,0,0,0,0,0,0,0,0,0
21.6138,0,-0.000259725,-0.0442824,2.05999,0,0,5.03873e-08,2.06046,0,0,0
21.6138,1,2.99974,-0.0442824,2.05999,4.87015e-16,-8.20299e-17,1.11017e-07,3.63922,0,0,0
21.6138,2,2.99974,2.95572,2.05999,9.2033e-24,2.29366e-24,8.50049e-08,4.6881,0,0,0
21.6138,3,0,0,0,0,0,0,0,0,0,0
21.6138,4,0,0,0,0,0,0,0,0,0,0
21.6138,5,0,0,0,0,0,0,0,0,0,0
21.6696,0,-0.000259725,-0.0442824,2.05999,0,0,5.42077e-08,2.06046,0,0,0
21.6696,1,2.99974,-0.0442824,2.05999,4.84954e-16,-9.20459e-17,7.65198e-08,3.63922,0,0,0
21.6696,2,2.99974,2.95572,2.05999,3.89108e-24,-5.95107e-25,9.04828e-08,4.6881,0,0,0
21.6696,3,0,0,0,0,0,0,0,0,0,0
21.6696,4,0,0,0,0,0,0,0,0,0,0
21.6696,5,0,0,0,0,0,0,0,0,0,0
21.7206,0,-0.000259725,-0.0442824,2.05999,0,0,5.82022e-08,2.06046,0,0,0
21.7206,1,2.99974,-0.0442824,2.05999,4.88857e-16,-9.60983e-17,5.03867e-08,3.63922,0,0,0
21.7206,2,2.99974,2.95572,2.05999,-3.37581e-25,-3.10575e-24,1.00088e-07,4.6881,0,0,0
21.7206,3,0,0,0,0,0,0,0,0,0,0
21.7206,4,0,0,0,0,0,0,0,0,0,0
21.7206,5,0,0,0,0,0,0,0,0,0,0
21.7743,0,-0.000259725,-0.0442824,2.05999,0,0,6.31008e-08,2.06046,0,0,0
21.7743,1,2.99974,-0.0442824,2.05999,4.96664e-16,-1.04203e-16,3.24257e-08,3.63922,0,0,0
21.7743,2,2.99974,2.95572,2.05999,-1.64842e-24,9.46966e-25,1.03986e-07,4.6881,0,0,0
21.7743,3,0,0,0,0,0,0,0,0,0,0
21.7743,4,0,0,0,0,0,0,0,0,0,0
21.7743,5,0,0,0,0,0,0,0,0,0,0
21.8244,0,-0.000259725,-0.0442824,2.05999,0,0,6.87091e-08,2.06046,0,0,0
21.8244,1,2.99974,-0.0442824,2.05999,4.85664e-16,-9.62976e-17,2.07698e-08,3.63922,0,0,0
21.8244,2,2.99974,2.95572,2.05999,-2.36597e-24,3.90823e-24,1.03923e-07,4.6881,0,0,0
21.8244,3,0,0,0,0,0,0,0,0,0,0
21.8244,4,0,0,0,0,0,0,0,0,0,0
21.8244,5,0,0,0,0,0,0,0,0,0,0
21.8767,0,-0.000259725,-0.0442824,2.05999,0,0,7.52965e-08,2.06046,0,0,0
21.8767,1,2.99974,-0.0442824,2.05999,4.87765e-16,-1.01509e-16,1.28521e-08,3.63922,0,0,0
21.8767,2,2.99974,2.95572,2.05999,-6.28405e-24,1.54408e-24,1.06465e-07,4.6881,0,0,0
21.8767,3,0,0,0,0,0,0,0,0,0,0
21.8767,4,0,0,0,0,0,0,0,0,0,0
21.8767,5,0,0,0,0,0,0,0,0,0,0
21.9269,0,-0.000259725,-0.0442824,2.05999,0,0,7.77204e-08,2.06046,0,0,0
21.9269,1,2.99974,-0.0442824,2.05999,4.82185e-16,-8.81673e-17,8.26325e-09,3.63922,0,0,0
21.9269,2,2.99974,2.95572,2.05999,-1.25114e-23,-1.16473e-24,1.11396e-07,4.6881,0,0,0
21.9269,3,0,0,0,0,0,0,0,0,0,0
21.9269,4,0,0,0,0,0,0,0,0,0,0
21.9269,5,0,0,0,0,0,0,0,0,0,0
21.9771,0,-0.000259725,-0.0442824,2.05999,0,0,8.21142e-08,2.06046,0,0,0
21.9771,1,2.99974,-0.0442824,2.05999,4.74113e-16,-1.0251e-16,4.25162e-09,3.63922,0,0,0
21.9771,2,2.99974,2.95572,2.05999,-1.50394e-23,-2.78508e-24,1.17963e-07,4.6881,0,0,0
21.9771,3,0,0,0,0,0,0,0,0,0,0
21.9771,4,0,0,0,0,0,0,0,0,0,0
21.9771,5,0,0,0,0,0,0,0,0,0,0
22.0355,0,-0.000259725,-0.0442824,2.05999,0,0,8.68313e-08,2.06046,0,0,0
22.0355,1,2.99974,-0.0442824,2.05999,4.70359e-16,-1.12534e-16,1.84226e-09,3.63922,0,0,0
22.0355,2,2.99974,2.95572,2.05999,-1.42146e-23,-5.16151e-24,1.21454e-07,4.6881,0,0,0
22.0355,3,0,0,0,0,0,0,0,0,0,0
22.0355,4,0,0,0,0,0,0,0,0,0,0
22.0355,5,0,0,0,0,0,0,0,0,0,0
22.0874,0,-0.000259725,-0.0442824,2.05999,0,0,9.166e-08,2.06046,0,0,0
22.0874,1,2.99974,-0.0442824,2.05999,4.72796e-16,-1.16368e-16,-1.1478e-09,3.63922,0,0,0
22.0874,2,2.99974,2.95572,2.05999,-5.58016e-24,-6.2696e-24,1.27756e-07,4.6881,0,0,0
22.0874,3,0,0,0,0,0,0,0,0,0,0
22.0874,4,0,0,0,0,0,0,0,0,0,0
22.0874,5,0,0,0,0,0,0,0,0,0,0
22.1489,0,-0.000259725,-0.0442824,2.05999,0,0,9.86462e-08,2.06046,0,0,0
22.1489,1,2.99974,-0.0442824,2.05999,4.6412e-16,-1.05103e-16,-3.26899e-09,3.63922,0,0,0
22.1489,2,2.99974,2.95572,2.05999,-4.58546e-24,-8.04704e-24,1.33287e-07,4.6881,0,0,0
22.1489,3,0,0,0,0,0,0,0,0,0,0
22.1489,4,0,0,0,0,0,0,0,0,0,0
22.1489,5,0,0,0,0,0,0,0,0,0,0
22.1991,0,-0.000259725,-0.0442824,2.05999,0,0,1.03614e-07,2.06046,0,0,0
22.1991,1,2.99974,-0.0442824,2.05999,4.66018e-16,-1.08185e-16,-4.52619e-09,3.63922,0,0,0
22.1991,2,2.99974,2.95572,2.05999,-3.60781e-24,-3.93579e-24,1.38918e-07,4.6881,0,0,0
22.1991,3,0,0,0,0,0,0,0,0,0,0
22.1991,4,0,0,0,0,0,0,0,0,0,0
22.1991,5,0,0,0,0,0,0,0,0,0,0
22.2524,0,-0.000259725,-0.0442824,2.05999,0,0,1.09012e-07,2.06046,0,0,0
22.2524,1,2.99974,-0.0442824,2.05999,4.59047e-16,-9.42528e-17,-5.56528e-10,3.63922,0,0,0
22.2524,2,2.99974,2.95572,2.05999,5.1642e-24,2.17826e-24,1.4513e-07,4.6881,0,0,0
22.2524,3,0,0,0,0,0,0,0,0,0,0
22.2524,4,0,0,0,0,0,0,0,0,0,0
22.2524,5,0,0,0,0,0,0,0,0,0,0
22.3026,0,-0.000259725,-0.0442824,2.05999,0,0,1.14285e-07,2.06046,0,0,0
22.3026,1,2.99974,-0.0442824,2.05999,4.51728e-16,-7.96844e-17,-3.14197e-10,3.63922,0,0,0
22.3026,2,2.99974,2.95572,2.05999,2.84333e-24,4.12411e-24,1.51894e-07,4.6881,0,0,0
22.3026,3,0,0,0,0,0,0,0,0,0,0
22.3026,4,0,0,0,0,0,0,0,0,0,0
22.3026,5,0,0,0,0,0,0,0,0,0,0
22.3556,0,-0.000259725,-0.0442824,2.05999,0,0,1.17057e-07,2.06046,0,0,0
22.3556,1,2.99974,-0.0442824,2.05999,4.44916e-16,-6.56365e-17,-1.06577e-10,3.63922,0,0,0
22.3556,2,2.99974,2.95572,2.05999,2.3965e-24,1.53484e-24,1.5967e-07,4.6881,0,0,0
22.3556,3,0,0,0,0,0,0,0,0,0,0
22.3556,4,0,0,0,0,0,0,0,0,0,0
22.3556,5,0,0,0,0,0,0,0,0,0,0
22.4058,0,-0.000259725,-0.0442824,2.05999,0,0,1.23306e-07,2.06046,0,0,0
22.4058,1,2.99974,-0.0442824,2.05999,4.4969e-16,-6.2874e-17,6.11786e-10,3.63922,0,0,0
22.4058,2,2.99974,2.95572,2.05999,7.08753e-24,4.14134e-24,1.64813e-07,4.6881,0,0,0
22.4058,3,0,0,0,0,0,0,0,0,0,0
22.4058,4,0,0,0,0,0,0,0,0,0,0
22.4058,5,0,0,0,0,0,0,0,0,0,0
22.4618,0,-0.000259725,-0.0442824,2.05999,0,0,1.29742e-07,2.06046,0,0,0
22.4618,1,2.99974,-0.0442824,2.05999,4.41493e-16,-4.62255e-17,1.99433e-09,3.63922,0,0,0
22.4618,2,2.99974,2.95572,2.05999,4.08888e-24,6.62283e-24,1.70746e-07,4.6881,0,0,0
22.4618,3,0,0,0,0,0,0,0,0,0,0
22.4618,4,0,0,0,0,0,0,0,0,0,0
22.4618,5,0,0,0,0,0,0,0,0,0,0
22.5147,0,-0.000259725,-0.0442824,2.05999,0,0,1.37932e-07,2.06046,0,0,0
22.5147,1,2.99974,-0.0442824,2.05999,4.35096e-16,-2.77792e-17,3.65992e-09,3.63922,0,0,0
22.5147,2,2.99974,2.95572,2.05999,8.17472e-25,9.23441e-24,1.79533e-07,4.6881,0,0,0
22.5147,3,0,0,0,0,0,0,0,0,0,0
22.5147,4,0,0,0,0,0,0,0,0,0,0
22.5147,5,0,0,0,0,0,0,0,0,0,0
22.5682,0,-0.000259725,-0.0442824,2.05999,0,0,1.43364e-07,2.06046,0,0,0
22.5682,1,2.99974,-0.0442824,2.05999,4.35491e-16,-2.74111e-17,3.69008e-09,3.63922,0,0,0
22.5682,2,2.99974,2.95572,2.05999,-4.85534e-24,1.04482e-23,1.82221e-07,4.6881,0,0,0
22.5682,3,0,0,0,0,0,0,0,0,0,0
22.5682,4,0,0,0,0,0,0,0,0,0,0
22.5682,5,0,0,0,0,0,0,0,0,0,0
22.6184,0,-0.000259725,-0.0442824,2.05999,0,0,1.49653e-07,2.06046,0,0,0
22.6184,1,2.99974,-0.0442824,2.05999,4.29018e-16,-8.2184e-18,9.23443e-09,3.63922,0,0,0
22.6184,2,2.99974,2.95572,2.05999,-1.22507e-23,9.172e-24,1.90166e-07,4.6881,0,0,0
22.6184,3,0,0,0,0,0,0,0,0,0,0
22.6184,4,0,0,0,0,0,0,0,0,0,0
22.6184,5,0,0,0,0,0,0,0,0,0,0
22.6689,0,-0.000259725,-0.0442824,2.05999,0,0,1.57553e-07,2.06046,0,0,0
22.6689,1,2.99974,-0.0442824,2.05999,4.29147e-16,-7.08044e-18,1.25005e-08,3.63922,0,0,0
22.6689,2,2.99974,2.95572,2.05999,-2.08288e-23,-1.91758e-24,1.96047e-07,4.6881,0,0,0
22.6689,3,0,0,0,0,0,0,0,0,0,0
22.6689,4,0,0,0,0,0,0,0,0,0,0
22.6689,5,0,0,0,0,0,0,0,0,0,0
22.7295,0,-0.000259725,-0.0442824,2.05999,0,0,1.60272e-07,2.06046,0,0,0
22.7295,1,2.99974,-0.0442824,2.05999,4.3365e-16,-2.57679e-18,1.63364e-08,3.63922,0,0,0
22.7295,2,2.99974,2.95572,2.05999,-2.47818e-23,-5.5185e-24,2.0325e-07,4.6881,0,0,0
22.7295,3,0,0,0,0,0,0,0,0,0,0
22.7295,4,0,0,0,0,0,0,0,0,0,0
22.7295,5,0,0,0,0,0,0,0,0,0,0
22.7823,0,-0.000259725,-0.0442824,2.05999,0,0,1.67236e-07,2.06046,0,0,0
22.7823,1,2.99974,-0.0442824,2.05999,4.27161e-16,1.7674e-17,2.04423e-08,3.63922,0,0,0
22.7823,2,2.99974,2.95572,2.05999,-2.39755e-23,-7.87414e-24,2.09379e-07,4.6881,0,0,0
22.7823,3,0,0,0,0,0,0,0,0,0,0
22.7823,4,0,0,0,0,0,0,0,0,0,0
22.7823,5,0,0,0,0,0,0,0,0,0,0
22.8326,0,-0.000259725,-0.0442824,2.05999,0,0,1.73464e-07,2.06046,0,0,0
22.8326,1,2.99974,-0.0442824,2.05999,4.1849e-16,3.67885e-17,2.4593e-08,3.63922,0,0,0
22.8326,2,2.99974,2.95572,2.05999,-1.66755e-23,-1.62542e-23,2.08171e-07,4.6881,0,0,0
22.8326,3,0,0,0,0,0,0,0,0,0,0
22.8326,4,0,0,0,0,0,0,0,0,0,0
22.8326,5,0,0,0,0,0,0,0,0,0,0
22.8832,0,-0.000259725,-0.0442824,2.05999,0,0,1.77221e-07,2.06046,0,0,0
22.8832,1,2.99974,-0.0442824,2.05999,4.27416e-16,4.86508e-17,2.94441e-08,3.63922,0,0,0
22.8832,2,2.99974,2.95572,2.05999,-8.35774e-24,-1.26714e-23,1.59869e-07,4.6881,0,0,0
22.8832,3,0,0,0,0,0,0,0,0,0,0
22.8832,4,0,0,0,0,0,0,0,0,0,0
22.8832,5,0,0,0,0,0,0,0,0,0,0
22.9336,0,-0.000259725,-0.0442824,2.05999,0,0,1.80883e-07,2.06046,0,0,0
22.9336,1,2.99974,-0.0442824,2.05999,4.2162e-16,7.16311e-17,3.40072e-08,3.63922,0,0,0
22.9336,2,2.99974,2.95572,2.05999,-6.53632e-25,-2.34538e-24,1.13996e-07,4.6881,0,0,0
22.9336,3,0,0,0,0,0,0,0,0,0,0
22.9336,4,0,0,0,0,0,0,0,0,0,0
22.9336,5,0,0,0,0,0,0,0,0,0,0
22.9893,0,-0.000259725,-0.0442824,2.05999,0,0,1.87587e-07,2.06046,0,0,0
22.9893,1,2.99974,-0.0442824,2.05999,4.21429e-16,7.53524e-17,3.91674e-08,3.63922,0,0,0
22.9893,2,2.99974,2.95572,2.05999,1.11096e-24,1.24481e-24,7.93701e-08,4.6881,0,0,0
22.9893,3,0,0,0,0,0,0,0,0,0,0
22.9893,4,0,0,0,0,0,0,0,0,0,0
22.9893,5,0,0,0,0,0,0,0,0,0,0
23.0402,0,-0.000259725,-0.0442824,2.05999,0,0,1.94627e-07,2.06046,0,0,0
23.0402,1,2.99974,-0.0442824,2.05999,4.3762e-16,6.95311e-17,4.47886e-08,3.63922,0,0,0
23.0402,2,2.99974,2.95572,2.05999,5.58517e-25,6.61627e-25,5.09517e-08,4.6881,0,0,0
23.0402,3,0,0,0,0,0,0,0,0,0,0
23.0402,4,0,0,0,0,0,0,0,0,0,0
23.0402,5,0,0,0,0,0,0,0,0,0,0
23.093,0,-0.000259725,-0.0442824,2.05999,0,0,2.0161e-07,2.06046,0,0,0
23.093,1,2.99974,-0.0442824,2.05999,4.39834e-16,7.46672e-17,4.84054e-08,3.63922,0,0,0
23.093,2,2.99974,2.95572,2.05999,1.52336e-24,7.27826e-25,2.5092e-08,4.6881,0,0,0
23.093,3,0,0,0,0,0,0,0,0,0,0
23.093,4,0,0,0,0,0,0,0,0,0,0
23.093,5,0,0,0,0,0,0,0,0,0,0
23.1457,0,-0.000259725,-0.0442824,2.05999,0,0,2.06795e-07,2.06046,0,0,0
23.1457,1,2.99974,-0.0442824,2.05999,4.49051e-16,6.1232e-17,5.19906e-08,3.63922,0,0,0
23.1457,2,2.99974,2.95572,2.05999,8.76126e-25,1.04974e-25,1.19705e-08,4.6881,0,0,0
23.1457,3,0,0,0,0,0,0,0,0,0,0
23.1457,4,0,0,0,0,0,0,0,0,0,0
23.1457,5,0,0,0,0,0,0,0,0,0,0
23.1989,0,-0.000259725,-0.0442824,2.05999,0,0,2.12423e-07,2.06046,0,0,0
23.1989,1,2.99974,-0.0442824,2.05999,4.42825e-16,8.2841e-17,5.55038e-08,3.63922,0,0,0
23.1989,2,2.99974,2.95572,2.05999,-2.81356e-25,1.08076e-25,-5.2964e-09,4.6881,0,0,0
23.1989,3,0,0,0,0,0,0,0,0,0,0
23.1989,4,0,0,0,0,0,0,0,0,0,0
23.1989,5,0,0,0,0,0,0,0,0,0,0
23.2491,0,-0.000259725,-0.0442824,2.05999,0,0,2.18721e-07,2.06046,0,0,0
23.2491,1,2.99974,-0.0442824,2.05999,4.52259e-16,6.93145e-17,5.59027e-08,3.63922,0,0,0
23.2491,2,2.99974,2.95572,2.05999,-1.07194e-24,1.30535e-24,-2.56304e-08,4.6881,0,0,0
23.2491,3,0,0,0,0,0,0,0,0,0,0
23.2491,4,0,0,0,0,0,0,0,0,0,0
23.2491,5,0,0,0,0,0,0,0,0,0,0
23.3023,0,-0.000259725,-0.0442824,2.05999,0,0,1.95533e-07,2.06046,0,0,0
23.3023,1,2.99974,-0.0442824,2.05999,4.53158e-16,7.21495e-17,5.99496e-08,3.63922,0,0,0
23.3023,2,2.99974,2.95572,2.05999,-1.36158e-24,1.49229e-24,-3.22951e-08,4.6881,0,0,0
23.3023,3,0,0,0,0,0,0,0,0,0,0
23.3023,4,0,0,0,0,0,0,0,0,0,0
23.3023,5,0,0,0,0,0,0,0,0,0,0
23.3552,0,-0.000259725,-0.0442824,2.05999,0,0,1.30732e-07,2.06046,0,0,0
23.3552,1,2.99974,-0.0442824,2.05999,4.62786e-16,5.78418e-17,6.7549e-08,3.63922,0,0,0
23.3552,2,2.99974,2.95572,2.05999,-2.777e-24,3.22868e-24,-4.9599e-08,4.6881,0,0,0
23.3552,3,0,0,0,0,0,0,0,0,0,0
23.3552,4,0,0,0,0,0,0,0,0,0,0
23.3552,5,0,0,0,0,0,0,0,0,0,0
23.406,0,-0.000259725,-0.0442824,2.05999,0,0,8.7018e-08,2.06046,0,0,0
23.406,1,2.99974,-0.0442824,2.05999,4.64024e-16,6.00231e-17,7.26374e-08,3.63922,0,0,0
23.406,2,2.99974,2.95572,2.05999,-3.92318e-24,7.05391e-24,-5.80136e-08,4.6881,0,0,0
23.406,3,0,0,0,0,0,0,0,0,0,0
23.406,4,0,0,0,0,0,0,0,0,0,0
23.406,5,0,0,0,0,0,0,0,0,0,0
23.4562,0,-0.000259725,-0.0442824,2.05999,0,0,6.07086e-08,2.06046,0,0,0
23.4562,1,2.99974,-0.0442824,2.05999,4.57804e-16,5.47943e-17,7.80666e-08,3.63922,0,0,0
23.4562,2,2.99974,2.95572,2.05999,-7.81749e-24,8.17435e-24,-6.61279e-08,4.6881,0,0,0
23.4562,3,0,0,0,0,0,0,0,0,0,0
23.4562,4,0,0,0,0,0,0,0,0,0,0
23.4562,5,0,0,0,0,0,0,0,0,0,0
23.5119,0,-0.000259725,-0.0442824,2.05999,0,0,3.6079e-08,2.06046,0,0,0
23.5119,1,2.99974,-0.0442824,2.05999,4.65445e-16,3.81313e-17,8.18706e-08,3.63922,0,0,0
23.5119,2,2.99974,2.95572,2.05999,-1.01723e-23,6.09882e-24,-6.7471e-08,4.6881,0,0,0
23.5119,3,0,0,0,0,0,0,0,0,0,0
23.5119,4,0,0,0,0,0,0,0,0,0,0
23.5119,5,0,0,0,0,0,0,0,0,0,0
23.5707,0,-0.000259725,-0.0442824,2.05999,0,0,1.40399e-08,2.06046,0,0,0
23.5707,1,2.99974,-0.0442824,2.05999,4.6666e-16,3.9312e-17,8.53693e-08,3.63922,0,0,0
23.5707,2,2.99974,2.95572,2.05999,-1.11736e-23,1.0093e-24,-7.04106e-08,4.6881,0,0,0
23.5707,3,0,0,0,0,0,0,0,0,0,0
23.5707,4,0,0,0,0,0,0,0,0,0,0
23.5707,5,0,0,0,0,0,0,0,0,0,0
23.6281,0,-0.000259725,-0.0442824,2.05999,0,0,-5.00549e-09,2.06046,0,0,0
23.6281,1,2.99974,-0.0442824,2.05999,4.65441e-16,3.80587e-17,9.06745e-08,3.63922,0,0,0
23.6281,2,2.99974,2.95572,2.05999,-9.80154e-24,-5.16857e-24,-7.93997e-08,4.6881,0,0,0
23.6281,3,0,0,0,0,0,0,0,0,0,0
23.6281,4,0,0,0,0,0,0,0,0,0,0
23.6281,5,0,0,0,0,0,0,0,0,0,0
23.6783,0,-0.000259725,-0.0442824,2.05999,0,0,-1.80931e-08,2.06046,0,0,0
23.6783,1,2.99974,-0.0442824,2.05999,4.71538e-16,1.82211e-17,9.85505e-08,3.63922,0,0,0
23.6783,2,2.99974,2.95572,2.05999,-6.21628e-24,-2.80443e-24,-7.66339e-08,4.6881,0,0,0
23.6783,3,0,0,0,0,0,0,0,0,0,0
23.6783,4,0,0,0,0,0,0,0,0,0,0
23.6783,5,0,0,0,0,0,0,0,0,0,0
23.732,0,-0.000259725,-0.0442824,2.05999,0,0,-3.09409e-08,2.06046,0,0,0
23.732,1,2.99974,-0.0442824,2.05999,4.72862e-16,1.85197e-17,1.03809e-07,3.63922,0,0,0
23.732,2,2.99974,2.95572,2.05999,-3.6528e-24,2.4352e-25,-8.49417e-08,4.6881,0,0,0
23.732,3,0,0,0,0,0,0,0,0,0,0
23.732,4,0,0,0,0,0,0,0,0,0,0
23.732,5,0,0,0,0,0,0,0,0,0,0
23.7825,0,-0.000259725,-0.0442824,2.05999,0,0,-4.49107e-08,2.06046,0,0,0
23.7825,1,2.99974,-0.0442824,2.05999,4.80202e-16,-1.04348e-18,1.05555e-07,3.63922,0,0,0
23.7825,2,2.99974,2.95572,2.05999,3.00312e-24,6.36128e-25,-8.77227e-08,4.6881,0,0,0
23.7825,3,0,0,0,0,0,0,0,0,0,0
23.7825,4,0,0,0,0,0,0,0,0,0,0
23.7825,5,0,0,0,0,0,0,0,0,0,0
23.8401,0,-0.000259725,-0.0442824,2.05999,0,0,-5.44901e-08,2.06046,0,0,0
23.8401,1,2.99974,-0.0442824,2.05999,4.81765e-16,-1.49688e-18,1.13175e-07,3.63922,0,0,0
23.8401,2,2.99974,2.95572,2.05999,3.00312e-24,6.36128e-25,-8.77227e-08,4.6881,0,0,0
23.8401,3,0,0,0,0,0,0,0,0,0,0
23.8401,4,0,0,0,0,0,0,0,0,0,0
23.8401,5,0,0,0,0,0,0,0,0,0,0
23.8953,0,-0.000259725,-0.0442824,2.05999,0,0,-6.1745e-08,2.06046,0,0,0
23.8953,1,2.99974,-0.0442824,2.05999,4.88311e-16,-2.28358e-17,1.20937e-07,3.63922,0,0,0
23.8953,2,2.99974,2.95572,2.05999,7.23533e-24,3.96396e-24,-8.738e-08,4.6881,0,0,0
23.8953,3,0,0,0,0,0,0,0,0,0,0
23.8953,4,0,0,0,0,0,0,0,0,0,0
23.8953,5,0,0,0,0,0,0,0,0,0,0
23.9455,0,-0.000259725,-0.0442824,2.05999,0,0,-6.65968e-08,2.06046,0,0,0
23.9455,1,2.99974,-0.0442824,2.05999,4.838e-16,-3.03548e-17,1.26252e-07,3.63922,0,0,0
23.9455,2,2.99974,2.95572,2.05999,5.37103e-24,3.4898e-24,-8.08345e-08,4.6881,0,0,0
23.9455,3,0,0,0,0,0,0,0,0,0,0
23.9455,4,0,0,0,0,0,0,0,0,0,0
23.9455,5,0,0,0,0,0,0,0,0,0,0
23.9957,0,-0.000259725,-0.0442824,2.05999,0,0,-7.24947e-08,2.06046,0,0,0
23.9957,1,2.99974,-0.0442824,2.05999,4.9272e-16,-5.03071e-17,1.30907e-07,3.63922,0,0,0
23.9957,2,2.99974,2.95572,2.05999,1.79185e-25,3.79974e-25,-7.53561e-09,4.6881,0,0,0
23.9957,3,0,0,0,0,0,0,0,0,0,0
23.9957,4,0,0,0,0,0,0,0,0,0,0
23.9957,5,0,0,0,0,0,0,0,0,0,0
24.0485,0,-0.000259725,-0.0442824,2.05999,0,0,-7.82548e-08,2.06046,0,0,0
24.0485,1,2.99974,-0.0442824,2.05999,5.01196e-16,-7.16938e-17,1.35073e-07,3.63922,0,0,0
24.0485,2,2.99974,2.95572,2.05999,-2.89786e-24,-2.09383e-24,4.96635e-08,4.6881,0,0,0
24.0485,3,0,0,0,0,0,0,0,0,0,0
24.0485,4,0,0,0,0,0,0,0,0,0,0
24.0485,5,0,0,0,0,0,0,0,0,0,0
24.0991,0,-0.000259725,-0.0442824,2.05999,0,0,-8.21649e-08,2.06046,0,0,0
24.0991,1,2.99974,-0.0442824,2.05999,4.94977e-16,-5.78742e-17,1.39338e-07,3.63922,0,0,0
24.0991,2,2.99974,2.95572,2.05999,-8.92597e-24,-1.10628e-24,8.9862e-08,4.6881,0,0,0
24.0991,3,0,0,0,0,0,0,0,0,0,0
24.0991,4,0,0,0,0,0,0,0,0,0,0
24.0991,5,0,0,0,0,0,0,0,0,0,0
24.1555,0,-0.000259725,-0.0442824,2.05999,0,0,-8.36076e-08,2.06046,0,0,0
24.1555,1,2.99974,-0.0442824,2.05999,5.03232e-16,-7.95703e-17,1.43169e-07,3.63922,0,0,0
24.1555,2,2.99974,2.95572,2.05999,-9.29163e-24,1.38923e-24,1.06984e-07,4.6881,0,0,0
24.1555,3,0,0,0,0,0,0,0,0,0,0
24.1555,4,0,0,0,0,0,0,0,0,0,0
24.1555,5,0,0,0,0,0,0,0,0,0,0
24.2067,0,-0.000259725,-0.0442824,2.05999,0,0,-8.40909e-08,2.06046,0,0,0
24.2067,1,2.99974,-0.0442824,2.05999,4.94172e-16,-6.81292e-17,1.48199e-07,3.63922,0,0,0
24.2067,2,2.99974,2.95572,2.05999,-6.9187e-24,3.86369e-24,1.33202e-07,4.6881,0,0,0
24.2067,3,0,0,0,0,0,0,0,0,0,0
24.2067,4,0,0,0,0,0,0,0,0,0,0
24.2067,5,0,0,0,0,0,0,0,0,0,0
24.2569,0,-0.000259725,-0.0442824,2.05999,0,0,-8.72838e-08,2.06046,0,0,0
24.2569,1,2.99974,-0.0442824,2.05999,4.91818e-16,-7.44937e-17,1.55213e-07,3.63922,0,0,0
24.2569,2,2.99974,2.95572,2.05999,-4.75102e-24,5.48862e-24,1.28641e-07,4.6881,0,0,0
24.2569,3,0,0,0,0,0,0,0,0,0,0
24.2569,4,0,0,0,0,0,0,0,0,0,0
24.2569,5,0,0,0,0,0,0,0,0,0,0
24.307,0,-0.000259725,-0.0442824,2.05999,0,0,-8.27156e-08,2.06046,0,0,0
24.307,1,2.99974,-0.0442824,2.05999,4.84619e-16,-6.017e-17,1.61696e-07,3.63922,0,0,0
24.307,2,2.99974,2.95572,2.05999,-3.27362e-24,5.94507e-24,6.49221e-08,4.6881,0,0,0
24.307,3,0,0,0,0,0,0,0,0,0,0
24.307,4,0,0,0,0,0,0,0,0,0,0
24.307,5,0,0,0,0,0,0,0,0,0,0
24.365,0,-0.000259725,-0.0442824,2.05999,0,0,-4.6322e-08,2.06046,0,0,0
24.365,1,2.99974,-0.0442824,2.05999,4.8577e-16,-6.21932e-17,1.66489e-07,3.63922,0,0,0
24.365,2,2.99974,2.95572,2.05999,-3.12806e-24,6.72409e-24,4.86839e-08,4.6881,0,0,0
24.365,3,0,0,0,0,0,0,0,0,0,0
24.365,4,0,0,0,0,0,0,0,0,0,0
24.365,5,0,0,0,0,0,0,0,0,0,0
24.4178,0,-0.000259725,-0.0442824,2.05999,0,0,1.90388e-08,2.06046,0,0,0
24.4178,1,2.99974,-0.0442824,2.05999,4.86921e-16,-6.42164e-17,1.72184e-07,3.63922,0,0,0
24.4178,2,2.99974,2.95572,2.05999,-7.78644e-25,7.40446e-24,4.35581e-08,4.6881,0,0,0
24.4178,3,0,0,0,0,0,0,0,0,0,0
24.4178,4,0,0,0,0,0,0,0,0,0,0
24.4178,5,0,0,0,0,0,0,0,0,0,0
24.4712,0,-0.000259725,-0.0442824,2.05999,0,0,6.94414e-08,2.06046,0,0,0
24.4712,1,2.99974,-0.0442824,2.05999,4.88017e-16,-6.61433e-17,1.80187e-07,3.63922,0,0,0
24.4712,2,2.99974,2.95572,2.05999,-4.5961e-25,2.48358e-24,2.50034e-08,4.6881,0,0,0
24.4712,3,0,0,0,0,0,0,0,0,0,0
24.4712,4,0,0,0,0,0,0,0,0,0,0
24.4712,5,0,0,0,0,0,0,0,0,0,0
24.524,0,-0.000259725,-0.0442824,2.05999,0,0,1.03121e-07,2.06046,0,0,0
24.524,1,2.99974,-0.0442824,2.05999,4.91139e-16,-6.60435e-17,1.85088e-07,3.63922,0,0,0
24.524,2,2.99974,2.95572,2.05999,-4.68768e-25,1.04948e-24,2.07438e-08,4.6881,0,0,0
24.524,3,0,0,0,0,0,0,0,0,0,0
24.524,4,0,0,0,0,0,0,0,0,0,0
24.524,5,0,0,0,0,0,0,0,0,0,0
24.5819,0,-0.000259725,-0.0442824,2.05999,0,0,1.27759e-07,2.06046,0,0,0
24.5819,1,2.99974,-0.0442824,2.05999,4.85479e-16,-4.916e-17,1.90791e-07,3.63922,0,0,0
24.5819,2,2.99974,2.95572,2.05999,-3.89509e-25,4.40592e-25,1.89318e-08,4.6881,0,0,0
24.5819,3,0,0,0,0,0,0,0,0,0,0
24.5819,4,0,0,0,0,0,0,0,0,0,0
24.5819,5,0,0,0,0,0,0,0,0,0,0
24.6347,0,-0.000259725,-0.0442824,2.05999,0,0,1.10328e-07,2.06046,0,0,0
24.6347,1,2.99974,-0.0442824,2.05999,4.92577e-16,-4.40991e-17,1.9212e-07,3.63922,0,0,0
24.6347,2,2.99974,2.95572,2.05999,-4.01417e-25,3.82601e-25,1.85961e-08,4.6881,0,0,0
24.6347,3,0,0,0,0,0,0,0,0,0,0
24.6347,4,0,0,0,0,0,0,0,0,0,0
24.6347,5,0,0,0,0,0,0,0,0,0,0
24.6856,0,-0.000259725,-0.0442824,2.05999,0,0,6.69063e-08,2.06046,0,0,0
24.6856,1,2.99974,-0.0442824,2.05999,4.84834e-16,-2.7992e-17,2.00195e-07,3.63922,0,0,0
24.6856,2,2.99974,2.95572,2.05999,-7.16828e-25,1.21725e-25,1.604e-08,4.6881,0,0,0
24.6856,3,0,0,0,0,0,0,0,0,0,0
24.6856,4,0,0,0,0,0,0,0,0,0,0
24.6856,5,0,0,0,0,0,0,0,0,0,0
24.736,0,-0.000259725,-0.0442824,2.05999,0,0,4.51419e-08,2.06046,0,0,0
24.736,1,2.99974,-0.0442824,2.05999,4.94965e-16,-1.9141e-17,2.03777e-07,3.63922,0,0,0
24.736,2,2.99974,2.95572,2.05999,-5.00963e-25,1.48801e-25,1.47059e-08,4.6881,0,0,0
24.736,3,0,0,0,0,0,0,0,0,0,0
24.736,4,0,0,0,0,0,0,0,0,0,0
24.736,5,0,0,0,0,0,0,0,0,0,0
24.7903,0,-0.000259725,-0.0442824,2.05999,0,0,3.37276e-08,2.06046,0,0,0
24.7903,1,2.99974,-0.0442824,2.05999,4.89484e-16,-2.73448e-19,2.14341e-07,3.63922,0,0,0
24.7903,2,2.99974,2.95572,2.05999,-2.39024e-25,5.54438e-25,1.46119e-08,4.6881,0,0,0
24.7903,3,0,0,0,0,0,0,0,0,0,0
24.7903,4,0,0,0,0,0,0,0,0,0,0
24.7903,5,0,0,0,0,0,0,0,0,0,0
24.8405,0,-0.000259725,-0.0442824,2.05999,0,0,2.79256e-08,2.06046,0,0,0
24.8405,1,2.99974,-0.0442824,2.05999,4.81707e-16,1.762e-17,2.07606e-07,3.63922,0,0,0
24.8405,2,2.99974,2.95572,2.05999,1.23082e-25,7.77878e-25,1.45969e-08,4.6881,0,0,0
24.8405,3,0,0,0,0,0,0,0,0,0,0
24.8405,4,0,0,0,0,0,0,0,0,0,0
24.8405,5,0,0,0,0,0,0,0,0,0,0
24.8982,0,-0.000259725,-0.0442824,2.05999,0,0,2.12212e-08,2.06046,0,0,0
24.8982,1,2.99974,-0.0442824,2.05999,4.86651e-16,2.34839e-17,1.83319e-07,3.63922,0,0,0
24.8982,2,2.99974,2.95572,2.05999,1.96893e-25,1.3996e-25,1.40666e-08,4.6881,0,0,0
24.8982,3,0,0,0,0,0,0,0,0,0,0
24.8982,4,0,0,0,0,0,0,0,0,0,0
24.8982,5,0,0,0,0,0,0,0,0,0,0
24.9492,0,-0.000259725,-0.0442824,2.05999,0,0,1.65602e-08,2.06046,0,0,0
24.9492,1,2.99974,-0.0442824,2.05999,4.80474e-16,4.40053e-17,1.20902e-07,3.63922,0,0,0
24.9492,2,2.99974,2.95572,2.05999,-2.46623e-27,-1.08761e-24,1.46241e-08,4.6881,0,0,0
24.9492,3,0,0,0,0,0,0,0,0,0,0
24.9492,4,0,0,0,0,0,0,0,0,0,0
24.9492,5,0,0,0,0,0,0,0,0,0,0
24.9997,0,-0.000259725,-0.0442824,2.05999,0,0,1.24326e-08,2.06046,0,0,0
24.9997,1,2.99974,-0.0442824,2.05999,4.85507e-16,5.11373e-17,8.5172e-08,3.63922,0,0,0
24.9997,2,2.99974,2.95572,2.05999,-2.02464e-25,-1.41725e-24,1.69093e-08,4.6881,0,0,0
24.9997,3,0,0,0,0,0,0,0,0,0,0
24.9997,4,0,0,0,0,0,0,0,0,0,0
24.9997,5,0,0,0,0,0,0,0,0,0,0
25.0507,0,-0.000259725,-0.0442824,2.05999,0,0,1.24326e-08,2.06046,0,0,0
25.0507,1,2.99974,-0.0442824,2.05999,4.80529e-16,7.40061e-17,7.02502e-08,3.63922,0,0,0
25.0507,2,2.99974,2.95572,2.05999,-4.66113e-25,-1.88759e-24,1.96023e-08,4.6881,0,0,0
25.0507,3,0,0,0,0,0,0,0,0,0,0
25.0507,4,0,0,0,0,0,0,0,0,0,0
25.0507,5,0,0,0,0,0,0,0,0,0,0
25.1011,0,-0.000259725,-0.0442824,2.05999,0,0,7.60835e-09,2.06046,0,0,0
25.1011,1,2.99974,-0.0442824,2.05999,4.9211e-16,6.28862e-17,3.55303e-08,3.63922,0,0,0
25.1011,2,2.99974,2.95572,2.05999,-7.5443e-25,-1.15489e-24,2.12018e-08,4.6881,0,0,0
25.1011,3,0,0,0,0,0,0,0,0,0,0
25.1011,4,0,0,0,0,0,0,0,0,0,0
25.1011,5,0,0,0,0,0,0,0,0,0,0
25.1577,0,-0.000259725,-0.0442824,2.05999,0,0,4.84986e-09,2.06046,0,0,0
25.1577,1,2.99974,-0.0442824,2.05999,4.96912e-16,6.96959e-17,1.61042e-08,3.63922,0,0,0
25.1577,2,2.99974,2.95572,2.05999,-1.04536e-24,1.98738e-26,2.35693e-08,4.6881,0,0,0
25.1577,3,0,0,0,0,0,0,0,0,0,0
25.1577,4,0,0,0,0,0,0,0,0,0,0
25.1577,5,0,0,0,0,0,0,0,0,0,0
25.2181,0,-0.000259725,-0.0442824,2.05999,0,0,1.64997e-09,2.06046,0,0,0
25.2181,1,2.99974,-0.0442824,2.05999,4.97869e-16,7.25652e-17,4.01231e-10,3.63922,0,0,0
25.2181,2,2.99974,2.95572,2.05999,-8.56063e-25,4.85103e-25,2.82013e-08,4.6881,0,0,0
25.2181,3,0,0,0,0,0,0,0,0,0,0
25.2181,4,0,0,0,0,0,0,0,0,0,0
25.2181,5,0,0,0,0,0,0,0,0,0,0
25.2683,0,-0.000259725,-0.0442824,2.05999,0,0,2.02491e-09,2.06046,0,0,0
25.2683,1,2.99974,-0.0442824,2.05999,5.12168e-16,6.28767e-17,-1.39256e-08,3.63922,0,0,0
25.2683,2,2.99974,2.95572,2.05999,-3.88911e-25,1.22001e-24,3.1591e-08,4.6881,0,0,0
25.2683,3,0,0,0,0,0,0,0,0,0,0
25.2683,4,0,0,0,0,0,0,0,0,0,0
25.2683,5,0,0,0,0,0,0,0,0,0,0
25.3252,0,-0.000259725,-0.0442824,2.05999,0,0,2.9309e-09,2.06046,0,0,0
25.3252,1,2.99974,-0.0442824,2.05999,5.08992e-16,8.65074e-17,-2.49431e-08,3.63922,0,0,0
25.3252,2,2.99974,2.95572,2.05999,1.05073e-24,2.88366e-24,3.46141e-08,4.6881,0,0,0
25.3252,3,0,0,0,0,0,0,0,0,0,0
25.3252,4,0,0,0,0,0,0,0,0,0,0
25.3252,5,0,0,0,0,0,0,0,0,0,0
25.3792,0,-0.000259725,-0.0442824,2.05999,0,0,2.9309e-09,2.06046,0,0,0
25.3792,1,2.99974,-0.0442824,2.05999,5.10274e-16,8.97011e-17,-3.36458e-08,3.63922,0,0,0
25.3792,2,2.99974,2.95572,2.05999,2.7212e-24,4.6294e-24,3.9842e-08,4.6881,0,0,0
25.3792,3,0,0,0,0,0,0,0,0,0,0
25.3792,4,0,0,0,0,0,0,0,0,0,0
25.3792,5,0,0,0,0,0,0,0,0,0,0
25.4306,0,-0.000259725,-0.0442824,2.05999,0,0,7.0329e-09,2.06046,0,0,0
25.4306,1,2.99974,-0.0442824,2.05999,5.29625e-16,8.53565e-17,-4.26406e-08,3.63922,0,0,0
25.4306,2,2.99974,2.95572,2.05999,3.52859e-24,5.46164e-24,4.54861e-08,4.6881,0,0,0
25.4306,3,0,0,0,0,0,0,0,0,0,0
25.4306,4,0,0,0,0,0,0,0,0,0,0
25.4306,5,0,0,0,0,0,0,0,0,0,0
25.4812,0,-0.000259725,-0.0442824,2.05999,0,0,7.0329e-09,2.06046,0,0,0
25.4812,1,2.99974,-0.0442824,2.05999,5.35352e-16,9.20091e-17,-5.03514e-08,3.63922,0,0,0
25.4812,2,2.99974,2.95572,2.05999,6.03184e-24,4.9674e-24,5.00942e-08,4.6881,0,0,0
25.4812,3,0,0,0,0,0,0,0,0,0,0
25.4812,4,0,0,0,0,0,0,0,0,0,0
25.4812,5,0,0,0,0,0,0,0,0,0,0
25.532,0,-0.000259725,-0.0442824,2.05999,0,0,1.00918e-08,2.06046,0,0,0
25.532,1,2.99974,-0.0442824,2.05999,5.37463e-16,9.50452e-17,-5.60936e-08,3.63922,0,0,0
25.532,2,2.99974,2.95572,2.05999,9.71267e-24,3.17149e-24,5.34264e-08,4.6881,0,0,0
25.532,3,0,0,0,0,0,0,0,0,0,0
25.532,4,0,0,0,0,0,0,0,0,0,0
25.532,5,0,0,0,0,0,0,0,0,0,0
25.5821,0,-0.000259725,-0.0442824,2.05999,0,0,1.1741e-08,2.06046,0,0,0
25.5821,1,2.99974,-0.0442824,2.05999,5.39574e-16,9.80814e-17,-6.02429e-08,3.63922,0,0,0
25.5821,2,2.99974,2.95572,2.05999,8.72096e-24,8.20572e-25,5.65788e-08,4.6881,0,0,0
25.5821,3,0,0,0,0,0,0,0,0,0,0
25.5821,4,0,0,0,0,0,0,0,0,0,0
25.5821,5,0,0,0,0,0,0,0,0,0,0
25.6349,0,-0.000259725,-0.0442824,2.05999,0,0,1.29933e-08,2.06046,0,0,0
25.6349,1,2.99974,-0.0442824,2.05999,5.56056e-16,8.98329e-17,-6.62189e-08,3.63922,0,0,0
25.6349,2,2.99974,2.95572,2.05999,2.53056e-24,-2.06863e-24,5.95458e-08,4.6881,0,0,0
25.6349,3,0,0,0,0,0,0,0,0,0,0
25.6349,4,0,0,0,0,0,0,0,0,0,0
25.6349,5,0,0,0,0,0,0,0,0,0,0
25.6926,0,-0.000259725,-0.0442824,2.05999,0,0,1.51158e-08,2.06046,0,0,0
25.6926,1,2.99974,-0.0442824,2.05999,5.65702e-16,9.94108e-17,-6.76372e-08,3.63922,0,0,0
25.6926,2,2.99974,2.95572,2.05999,3.20939e-24,-3.925e-24,6.42935e-08,4.6881,0,0,0
25.6926,3,0,0,0,0,0,0,0,0,0,0
25.6926,4,0,0,0,0,0,0,0,0,0,0
25.6926,5,0,0,0,0,0,0,0,0,0,0
25.7481,0,-0.000259725,-0.0442824,2.05999,0,0,2.22825e-08,2.06046,0,0,0
25.7481,1,2.99974,-0.0442824,2.05999,5.7236e-16,1.06001e-16,-6.81079e-08,3.63922,0,0,0
25.7481,2,2.99974,2.95572,2.05999,5.01895e-24,-4.47953e-24,6.95352e-08,4.6881,0,0,0
25.7481,3,0,0,0,0,0,0,0,0,0,0
25.7481,4,0,0,0,0,0,0,0,0,0,0
25.7481,5,0,0,0,0,0,0,0,0,0,0
25.8008,0,-0.000259725,-0.0442824,2.05999,0,0,2.51055e-08,2.06046,0,0,0
25.8008,1,2.99974,-0.0442824,2.05999,5.77359e-16,1.10935e-16,-7.06249e-08,3.63922,0,0,0
25.8008,2,2.99974,2.95572,2.05999,-1.19677e-24,-7.39341e-24,7.88507e-08,4.6881,0,0,0
25.8008,3,0,0,0,0,0,0,0,0,0,0
25.8008,4,0,0,0,0,0,0,0,0,0,0
25.8008,5,0,0,0,0,0,0,0,0,0,0
25.851,0,-0.000259725,-0.0442824,2.05999,0,0,2.86571e-08,2.06046,0,0,0
25.851,1,2.99974,-0.0442824,2.05999,5.89353e-16,9.69241e-17,-7.02998e-08,3.63922,0,0,0
25.851,2,2.99974,2.95572,2.05999,-1.04477e-23,-1.03093e-23,8.20557e-08,4.6881,0,0,0
25.851,3,0,0,0,0,0,0,0,0,0,0
25.851,4,0,0,0,0,0,0,0,0,0,0
25.851,5,0,0,0,0,0,0,0,0,0,0
25.9062,0,-0.000259725,-0.0442824,2.05999,0,0,3.47695e-08,2.06046,0,0,0
25.9062,1,2.99974,-0.0442824,2.05999,6.01675e-16,8.23926e-17,-7.08119e-08,3.63922,0,0,0
25.9062,2,2.99974,2.95572,2.05999,-9.25786e-24,-1.08174e-23,8.40684e-08,4.6881,0,0,0
25.9062,3,0,0,0,0,0,0,0,0,0,0
25.9062,4,0,0,0,0,0,0,0,0,0,0
25.9062,5,0,0,0,0,0,0,0,0,0,0
25.9627,0,-0.000259725,-0.0442824,2.05999,0,0,3.9253e-08,2.06046,0,0,0
25.9627,1,2.99974,-0.0442824,2.05999,6.14348e-16,6.71723e-17,-7.16256e-08,3.63922,0,0,0
25.9627,2,2.99974,2.95572,2.05999,-1.03177e-23,-9.35515e-24,8.91858e-08,4.6881,0,0,0
25.9627,3,0,0,0,0,0,0,0,0,0,0
25.9627,4,0,0,0,0,0,0,0,0,0,0
25.9627,5,0,0,0,0,0,0,0,0,0,0
26.0134,0,-0.000259725,-0.0442824,2.05999,0,0,4.33429e-08,2.06046,0,0,0
26.0134,1,2.99974,-0.0442824,2.05999,6.27375e-16,5.1269e-17,-6.85364e-08,3.63922,0,0,0
26.0134,2,2.99974,2.95572,2.05999,-1.44037e-23,-7.95908e-24,9.5537e-08,4.6881,0,0,0
26.0134,3,0,0,0,0,0,0,0,0,0,0
26.0134,4,0,0,0,0,0,0,0,0,0,0
26.0134,5,0,0,0,0,0,0,0,0,0,0
26.0636,0,-0.000259725,-0.0442824,2.05999,0,0,4.85714e-08,2.06046,0,0,0
26.0636,1,2.99974,-0.0442824,2.05999,6.31827e-16,5.17066e-17,-4.79027e-08,3.63922,0,0,0
26.0636,2,2.99974,2.95572,2.05999,-1.63874e-23,-4.05497e-24,9.93591e-08,4.6881,0,0,0
26.0636,3,0,0,0,0,0,0,0,0,0,0
26.0636,4,0,0,0,0,0,0,0,0,0,0
26.0636,5,0,0,0,0,0,0,0,0,0,0
26.1139,0,-0.000259725,-0.0442824,2.05999,0,0,5.15333e-08,2.06046,0,0,0
26.1139,1,2.99974,-0.0442824,2.05999,6.36723e-16,5.2188e-17,1.8416e-08,3.63922,0,0,0
26.1139,2,2.99974,2.95572,2.05999,-1.52379e-23,1.67788e-24,1.01524e-07,4.6881,0,0,0
26.1139,3,0,0,0,0,0,0,0,0,0,0
26.1139,4,0,0,0,0,0,0,0,0,0,0
26.1139,5,0,0,0,0,0,0,0,0,0,0
26.1641,0,-0.000259725,-0.0442824,2.05999,0,0,5.44427e-08,2.06046,0,0,0
26.1641,1,2.99974,-0.0442824,2.05999,6.41397e-16,5.26474e-17,5.9849e-08,3.63922,0,0,0
26.1641,2,2.99974,2.95572,2.05999,-1.37996e-23,1.50846e-24,1.10429e-07,4.6881,0,0,0
26.1641,3,0,0,0,0,0,0,0,0,0,0
26.1641,4,0,0,0,0,0,0,0,0,0,0
26.1641,5,0,0,0,0,0,0,0,0,0,0
26.2208,0,-0.000259725,-0.0442824,2.05999,0,0,5.9635e-08,2.06046,0,0,0
26.2208,1,2.99974,-0.0442824,2.05999,6.43029e-16,5.00654e-17,1.07776e-07,3.63922,0,0,0
26.2208,2,2.99974,2.95572,2.05999,-1.01269e-23,-2.35192e-24,1.15258e-07,4.6881,0,0,0
26.2208,3,0,0,0,0,0,0,0,0,0,0
26.2208,4,0,0,0,0,0,0,0,0,0,0
26.2208,5,0,0,0,0,0,0,0,0,0,0
26.2736,0,-0.000259725,-0.0442824,2.05999,0,0,5.9635e-08,2.06046,0,0,0
26.2736,1,2.99974,-0.0442824,2.05999,6.51496e-16,2.85894e-17,1.22552e-07,3.63922,0,0,0
26.2736,2,2.99974,2.95572,2.05999,-5.53698e-24,-6.35424e-24,1.21154e-07,4.6881,0,0,0
26.2736,3,0,0,0,0,0,0,0,0,0,0
26.2736,4,0,0,0,0,0,0,0,0,0,0
26.2736,5,0,0,0,0,0,0,0,0,0,0
26.3244,0,-0.000259725,-0.0442824,2.05999,0,0,6.49638e-08,2.06046,0,0,0
26.3244,1,2.99974,-0.0442824,2.05999,6.56002e-16,2.80909e-17,8.84342e-08,3.63922,0,0,0
26.3244,2,2.99974,2.95572,2.05999,-7.0338e-25,-1.09344e-23,1.2639e-07,4.6881,0,0,0
26.3244,3,0,0,0,0,0,0,0,0,0,0
26.3244,4,0,0,0,0,0,0,0,0,0,0
26.3244,5,0,0,0,0,0,0,0,0,0,0
26.3762,0,-0.000259725,-0.0442824,2.05999,0,0,6.97251e-08,2.06046,0,0,0
26.3762,1,2.99974,-0.0442824,2.05999,6.69487e-16,1.05143e-17,5.6802e-08,3.63922,0,0,0
26.3762,2,2.99974,2.95572,2.05999,1.18089e-24,-1.77571e-23,1.29673e-07,4.6881,0,0,0
26.3762,3,0,0,0,0,0,0,0,0,0,0
26.3762,4,0,0,0,0,0,0,0,0,0,0
26.3762,5,0,0,0,0,0,0,0,0,0,0
26.4263,0,-0.000259725,-0.0442824,2.05999,0,0,7.32944e-08,2.06046,0,0,0
26.4263,1,2.99974,-0.0442824,2.05999,6.68037e-16,3.07685e-18,4.56866e-08,3.63922,0,0,0
26.4263,2,2.99974,2.95572,2.05999,1.32655e-24,-2.39903e-23,1.33323e-07,4.6881,0,0,0
26.4263,3,0,0,0,0,0,0,0,0,0,0
26.4263,4,0,0,0,0,0,0,0,0,0,0
26.4263,5,0,0,0,0,0,0,0,0,0,0
26.4765,0,-0.000259725,-0.0442824,2.05999,0,0,7.92027e-08,2.06046,0,0,0
26.4765,1,2.99974,-0.0442824,2.05999,6.72657e-16,-2.41937e-17,3.77864e-08,3.63922,0,0,0
26.4765,2,2.99974,2.95572,2.05999,4.62954e-24,-1.51106e-23,1.3935e-07,4.6881,0,0,0
26.4765,3,0,0,0,0,0,0,0,0,0,0
26.4765,4,0,0,0,0,0,0,0,0,0,0
26.4765,5,0,0,0,0,0,0,0,0,0,0
26.5343,0,-0.000259725,-0.0442824,2.05999,0,0,8.42632e-08,2.06046,0,0,0
26.5343,1,2.99974,-0.0442824,2.05999,6.85751e-16,-6.98557e-17,3.17319e-08,3.63922,0,0,0
26.5343,2,2.99974,2.95572,2.05999,8.0288e-24,-5.49851e-24,1.44269e-07,4.6881,0,0,0
26.5343,3,0,0,0,0,0,0,0,0,0,0
26.5343,4,0,0,0,0,0,0,0,0,0,0
26.5343,5,0,0,0,0,0,0,0,0,0,0
26.5921,0,-0.000259725,-0.0442824,2.05999,0,0,8.81128e-08,2.06046,0,0,0
26.5921,1,2.99974,-0.0442824,2.05999,6.9409e-16,-9.72049e-17,2.75286e-08,3.63922,0,0,0
26.5921,2,2.99974,2.95572,2.05999,1.06061e-23,1.31314e-24,1.49741e-07,4.6881,0,0,0
26.5921,3,0,0,0,0,0,0,0,0,0,0
26.5921,4,0,0,0,0,0,0,0,0,0,0
26.5921,5,0,0,0,0,0,0,0,0,0,0
26.6427,0,-0.000259725,-0.0442824,2.05999,0,0,9.70588e-08,2.06046,0,0,0
26.6427,1,2.99974,-0.0442824,2.05999,6.93752e-16,-1.08475e-16,2.34173e-08,3.63922,0,0,0
26.6427,2,2.99974,2.95572,2.05999,9.1814e-24,1.01587e-23,1.52502e-07,4.6881,0,0,0
26.6427,3,0,0,0,0,0,0,0,0,0,0
26.6427,4,0,0,0,0,0,0,0,0,0,0
26.6427,5,0,0,0,0,0,0,0,0,0,0
26.6939,0,-0.000259725,-0.0442824,2.05999,0,0,9.70588e-08,2.06046,0,0,0
26.6939,1,2.99974,-0.0442824,2.05999,6.89181e-16,-1.22984e-16,2.31143e-08,3.63922,0,0,0
26.6939,2,2.99974,2.95572,2.05999,9.34504e-24,1.73322e-23,1.57874e-07,4.6881,0,0,0
26.6939,3,0,0,0,0,0,0,0,0,0,0
26.6939,4,0,0,0,0,0,0,0,0,0,0
26.6939,5,0,0,0,0,0,0,0,0,0,0
26.7494,0,-0.000259725,-0.0442824,2.05999,0,0,1.05898e-07,2.06046,0,0,0
26.7494,1,2.99974,-0.0442824,2.05999,7.03001e-16,-1.4562e-16,2.15e-08,3.63922,0,0,0
26.7494,2,2.99974,2.95572,2.05999,1.24032e-23,1.1596e-23,1.59539e-07,4.6881,0,0,0
26.7494,3,0,0,0,0,0,0,0,0,0,0
26.7494,4,0,0,0,0,0,0,0,0,0,0
26.7494,5,0,0,0,0,0,0,0,0,0,0
26.8025,0,-0.000259725,-0.0442824,2.05999,0,0,1.1066e-07,2.06046,0,0,0
26.8025,1,2.99974,-0.0442824,2.05999,6.94331e-16,-1.65817e-16,2.14703e-08,3.63922,0,0,0
26.8025,2,2.99974,2.95572,2.05999,1.23405e-23,6.32346e-24,1.65183e-07,4.6881,0,0,0
26.8025,3,0,0,0,0,0,0,0,0,0,0
26.8025,4,0,0,0,0,0,0,0,0,0,0
26.8025,5,0,0,0,0,0,0,0,0,0,0
26.8528,0,-0.000259725,-0.0442824,2.05999,0,0,1.16753e-07,2.06046,0,0,0
26.8528,1,2.99974,-0.0442824,2.05999,6.89508e-16,-1.82109e-16,2.01299e-08,3.63922,0,0,0
26.8528,2,2.99974,2.95572,2.05999,9.24458e-24,5.12944e-24,1.71843e-07,4.6881,0,0,0
26.8528,3,0,0,0,0,0,0,0,0,0,0
26.8528,4,0,0,0,0,0,0,0,0,0,0
26.8528,5,0,0,0,0,0,0,0,0,0,0
26.903,0,-0.000259725,-0.0442824,2.05999,0,0,1.22489e-07,2.06046,0,0,0
26.903,1,2.99974,-0.0442824,2.05999,6.87218e-16,-1.95281e-16,2.00953e-08,3.63922,0,0,0
26.903,2,2.99974,2.95572,2.05999,5.66817e-24,6.38415e-24,1.76899e-07,4.6881,0,0,0
26.903,3,0,0,0,0,0,0,0,0,0,0
26.903,4,0,0,0,0,0,0,0,0,0,0
26.903,5,0,0,0,0,0,0,0,0,0,0
26.9557,0,-0.000259725,-0.0442824,2.05999,0,0,1.28588e-07,2.06046,0,0,0
26.9557,1,2.99974,-0.0442824,2.05999,6.87587e-16,-2.05789e-16,2.10849e-08,3.63922,0,0,0
26.9557,2,2.99974,2.95572,2.05999,-5.15536e-24,5.21823e-24,1.86402e-07,4.6881,0,0,0
26.9557,3,0,0,0,0,0,0,0,0,0,0
26.9557,4,0,0,0,0,0,0,0,0,0,0
26.9557,5,0,0,0,0,0,0,0,0,0,0
27.0085,0,-0.000259725,-0.0442824,2.05999,0,0,1.33703e-07,2.06046,0,0,0
27.0085,1,2.99974,-0.0442824,2.05999,6.91207e-16,-2.13042e-16,2.54719e-08,3.63922,0,0,0
27.0085,2,2.99974,2.95572,2.05999,-1.1128e-23,7.15142e-24,1.90162e-07,4.6881,0,0,0
27.0085,3,0,0,0,0,0,0,0,0,0,0
27.0085,4,0,0,0,0,0,0,0,0,0,0
27.0085,5,0,0,0,0,0,0,0,0,0,0
27.0616,0,-0.000259725,-0.0442824,2.05999,0,0,1.37189e-07,2.06046,0,0,0
27.0616,1,2.99974,-0.0442824,2.05999,6.83192e-16,-1.81054e-16,2.71452e-08,3.63922,0,0,0
27.0616,2,2.99974,2.95572,2.05999,-2.03901e-23,-3.67089e-25,1.97885e-07,4.6881,0,0,0
27.0616,3,0,0,0,0,0,0,0,0,0,0
27.0616,4,0,0,0,0,0,0,0,0,0,0
27.0616,5,0,0,0,0,0,0,0,0,0,0
27.1135,0,-0.000259725,-0.0442824,2.05999,0,0,1.43066e-07,2.06046,0,0,0
27.1135,1,2.99974,-0.0442824,2.05999,6.8003e-16,-1.41329e-16,3.02755e-08,3.63922,0,0,0
27.1135,2,2.99974,2.95572,2.05999,-2.29161e-23,-8.87741e-24,2.04034e-07,4.6881,0,0,0
27.1135,3,0,0,0,0,0,0,0,0,0,0
27.1135,4,0,0,0,0,0,0,0,0,0,0
27.1135,5,0,0,0,0,0,0,0,0,0,0
27.1687,0,-0.000259725,-0.0442824,2.05999,0,0,1.49131e-07,2.06046,0,0,0
27.1687,1,2.99974,-0.0442824,2.05999,6.77643e-16,-1.25263e-16,3.15906e-08,3.63922,0,0,0
27.1687,2,2.99974,2.95572,2.05999,-1.01361e-23,-9.53276e-24,1.78882e-07,4.6881,0,0,0
27.1687,3,0,0,0,0,0,0,0,0,0,0
27.1687,4,0,0,0,0,0,0,0,0,0,0
27.1687,5,0,0,0,0,0,0,0,0,0,0
27.2196,0,-0.000259725,-0.0442824,2.05999,0,0,1.57075e-07,2.06046,0,0,0
27.2196,1,2.99974,-0.0442824,2.05999,6.77312e-16,-1.06091e-16,3.55011e-08,3.63922,0,0,0
27.2196,2,2.99974,2.95572,2.05999,-4.28279e-24,1.70437e-24,1.2957e-07,4.6881,0,0,0
27.2196,3,0,0,0,0,0,0,0,0,0,0
27.2196,4,0,0,0,0,0,0,0,0,0,0
27.2196,5,0,0,0,0,0,0,0,0,0,0
27.2756,0,-0.000259725,-0.0442824,2.05999,0,0,1.65432e-07,2.06046,0,0,0
27.2756,1,2.99974,-0.0442824,2.05999,6.67224e-16,-5.60105e-17,4.04134e-08,3.63922,0,0,0
27.2756,2,2.99974,2.95572,2.05999,-4.28279e-24,1.70437e-24,1.2957e-07,4.6881,0,0,0
27.2756,3,0,0,0,0,0,0,0,0,0,0
27.2756,4,0,0,0,0,0,0,0,0,0,0
27.2756,5,0,0,0,0,0,0,0,0,0,0
27.3263,0,-0.000259725,-0.0442824,2.05999,0,0,1.65432e-07,2.06046,0,0,0
27.3263,1,2.99974,-0.0442824,2.05999,6.63695e-16,-3.63741e-17,4.37932e-08,3.63922,0,0,0
27.3263,2,2.99974,2.95572,2.05999,-6.82753e-25,4.07583e-24,6.13417e-08,4.6881,0,0,0
27.3263,3,0,0,0,0,0,0,0,0,0,0
27.3263,4,0,0,0,0,0,0,0,0,0,0
27.3263,5,0,0,0,0,0,0,0,0,0,0
27.3822,0,-0.000259725,-0.0442824,2.05999,0,0,1.78448e-07,2.06046,0,0,0
27.3822,1,2.99974,-0.0442824,2.05999,6.65783e-16,-3.59172e-17,4.82726e-08,3.63922,0,0,0
27.3822,2,2.99974,2.95572,2.05999,2.04632e-24,3.39716e-24,3.9654e-08,4.6881,0,0,0
27.3822,3,0,0,0,0,0,0,0,0,0,0
27.3822,4,0,0,0,0,0,0,0,0,0,0
27.3822,5,0,0,0,0,0,0,0,0,0,0
27.4377,0,-0.000259725,-0.0442824,2.05999,0,0,1.86029e-07,2.06046,0,0,0
27.4377,1,2.99974,-0.0442824,2.05999,6.676e-16,-3.552e-17,5.36508e-08,3.63922,0,0,0
27.4377,2,2.99974,2.95572,2.05999,8.20238e-25,1.43394e-24,1.74957e-08,4.6881,0,0,0
27.4377,3,0,0,0,0,0,0,0,0,0,0
27.4377,4,0,0,0,0,0,0,0,0,0,0
27.4377,5,0,0,0,0,0,0,0,0,0,0
27.4879,0,-0.000259725,-0.0442824,2.05999,0,0,1.86029e-07,2.06046,0,0,0
27.4879,1,2.99974,-0.0442824,2.05999,6.62298e-16,-1.63068e-17,5.91e-08,3.63922,0,0,0
27.4879,2,2.99974,2.95572,2.05999,1.32058e-26,2.0715e-26,7.67715e-10,4.6881,0,0,0
27.4879,3,0,0,0,0,0,0,0,0,0,0
27.4879,4,0,0,0,0,0,0,0,0,0,0
27.4879,5,0,0,0,0,0,0,0,0,0,0
27.5392,0,-0.000259725,-0.0442824,2.05999,0,0,1.94809e-07,2.06046,0,0,0
27.5392,1,2.99974,-0.0442824,2.05999,6.63836e-16,-1.51962e-17,6.29247e-08,3.63922,0,0,0
27.5392,2,2.99974,2.95572,2.05999,-2.87265e-25,5.95233e-26,-1.5346e-08,4.6881,0,0,0
27.5392,3,0,0,0,0,0,0,0,0,0,0
27.5392,4,0,0,0,0,0,0,0,0,0,0
27.5392,5,0,0,0,0,0,0,0,0,0,0
27.5922,0,-0.000259725,-0.0442824,2.05999,0,0,1.98608e-07,2.06046,0,0,0
27.5922,1,2.99974,-0.0442824,2.05999,6.65451e-16,-1.403e-17,6.61193e-08,3.63922,0,0,0
27.5922,2,2.99974,2.95572,2.05999,5.75195e-25,-5.65363e-25,-2.91518e-08,4.6881,0,0,0
27.5922,3,0,0,0,0,0,0,0,0,0,0
27.5922,4,0,0,0,0,0,0,0,0,0,0
27.5922,5,0,0,0,0,0,0,0,0,0,0
27.6449,0,-0.000259725,-0.0442824,2.05999,0,0,2.04133e-07,2.06046,0,0,0
27.6449,1,2.99974,-0.0442824,2.05999,6.65401e-16,1.08376e-17,7.15444e-08,3.63922,0,0,0
27.6449,2,2.99974,2.95572,2.05999,2.34166e-24,-1.91591e-24,-4.07198e-08,4.6881,0,0,0
27.6449,3,0,0,0,0,0,0,0,0,0,0
27.6449,4,0,0,0,0,0,0,0,0,0,0
27.6449,5,0,0,0,0,0,0,0,0,0,0
27.6993,0,-0.000259725,-0.0442824,2.05999,0,0,2.10214e-07,2.06046,0,0,0
27.6993,1,2.99974,-0.0442824,2.05999,6.66851e-16,1.28371e-17,7.8186e-08,3.63922,0,0,0
27.6993,2,2.99974,2.95572,2.05999,2.68439e-24,-1.92995e-24,-5.20187e-08,4.6881,0,0,0
27.6993,3,0,0,0,0,0,0,0,0,0,0
27.6993,4,0,0,0,0,0,0,0,0,0,0
27.6993,5,0,0,0,0,0,0,0,0,0,0
27.7496,0,-0.000259725,-0.0442824,2.05999,0,0,2.16523e-07,2.06046,0,0,0
27.7496,1,2.99974,-0.0442824,2.05999,6.683e-16,1.48366e-17,8.47036e-08,3.63922,0,0,0
27.7496,2,2.99974,2.95572,2.05999,2.68439e-24,-1.92995e-24,-5.20187e-08,4.6881,0,0,0
27.7496,3,0,0,0,0,0,0,0,0,0,0
27.7496,4,0,0,0,0,0,0,0,0,0,0
27.7496,5,0,0,0,0,0,0,0,0,0,0
27.803,0,-0.000259725,-0.0442824,2.05999,0,0,2.00654e-07,2.06046,0,0,0
27.803,1,2.99974,-0.0442824,2.05999,6.6975e-16,1.68361e-17,8.96874e-08,3.63922,0,0,0
27.803,2,2.99974,2.95572,2.05999,2.00042e-24,-1.93918e-24,-6.05202e-08,4.6881,0,0,0
27.803,3,0,0,0,0,0,0,0,0,0,0
27.803,4,0,0,0,0,0,0,0,0,0,0
27.803,5,0,0,0,0,0,0,0,0,0,0
27.8558,0,-0.000259725,-0.0442824,2.05999,0,0,1.50101e-07,2.06046,0,0,0
27.8558,1,2.99974,-0.0442824,2.05999,6.66221e-16,3.97477e-17,9.30869e-08,3.63922,0,0,0
27.8558,2,2.99974,2.95572,2.05999,-1.15648e-24,-4.00141e-24,-6.8576e-08,4.6881,0,0,0
27.8558,3,0,0,0,0,0,0,0,0,0,0
27.8558,4,0,0,0,0,0,0,0,0,0,0
27.8558,5,0,0,0,0,0,0,0,0,0,0
27.906,0,-0.000259725,-0.0442824,2.05999,0,0,1.05657e-07,2.06046,0,0,0
27.906,1,2.99974,-0.0442824,2.05999,6.67469e-16,4.2537e-17,9.67212e-08,3.63922,0,0,0
27.906,2,2.99974,2.95572,2.05999,-4.12486e-24,-5.07483e-24,-7.41193e-08,4.6881,0,0,0
27.906,3,0,0,0,0,0,0,0,0,0,0
27.906,4,0,0,0,0,0,0,0,0,0,0
27.906,5,0,0,0,0,0,0,0,0,0,0
27.9651,0,-0.000259725,-0.0442824,2.05999,0,0,4.77822e-08,2.06046,0,0,0
27.9651,1,2.99974,-0.0442824,2.05999,6.68717e-16,4.53263e-17,1.01356e-07,3.63922,0,0,0
27.9651,2,2.99974,2.95572,2.05999,-7.04512e-24,-2.22699e-24,-8.30532e-08,4.6881,0,0,0
27.9651,3,0,0,0,0,0,0,0,0,0,0
27.9651,4,0,0,0,0,0,0,0,0,0,0
27.9651,5,0,0,0,0,0,0,0,0,0,0
28.0152,0,-0.000259725,-0.0442824,2.05999,0,0,2.29906e-08,2.06046,0,0,0
28.0152,1,2.99974,-0.0442824,2.05999,6.7009e-16,4.83945e-17,1.07598e-07,3.63922,0,0,0
28.0152,2,2.99974,2.95572,2.05999,-3.74711e-24,1.68475e-24,-8.61217e-08,4.6881,0,0,0
28.0152,3,0,0,0,0,0,0,0,0,0,0
28.0152,4,0,0,0,0,0,0,0,0,0,0
28.0152,5,0,0,0,0,0,0,0,0,0,0
28.0668,0,-0.000259725,-0.0442824,2.05999,0,0,7.62882e-09,2.06046,0,0,0
28.0668,1,2.99974,-0.0442824,2.05999,6.71338e-16,5.11838e-17,1.11606e-07,3.63922,0,0,0
28.0668,2,2.99974,2.95572,2.05999,-4.43645e-24,2.41176e-24,-8.82784e-08,4.6881,0,0,0
28.0668,3,0,0,0,0,0,0,0,0,0,0
28.0668,4,0,0,0,0,0,0,0,0,0,0
28.0668,5,0,0,0,0,0,0,0,0,0,0
28.1204,0,-0.000259725,-0.0442824,2.05999,0,0,-8.45644e-09,2.06046,0,0,0
28.1204,1,2.99974,-0.0442824,2.05999,6.72586e-16,5.39731e-17,1.15155e-07,3.63922,0,0,0
28.1204,2,2.99974,2.95572,2.05999,-5.01019e-24,1.74007e-24,-8.89494e-08,4.6881,0,0,0
28.1204,3,0,0,0,0,0,0,0,0,0,0
28.1204,4,0,0,0,0,0,0,0,0,0,0
28.1204,5,0,0,0,0,0,0,0,0,0,0
28.1733,0,-0.000259725,-0.0442824,2.05999,0,0,-2.13621e-08,2.06046,0,0,0
28.1733,1,2.99974,-0.0442824,2.05999,6.73897e-16,5.69019e-17,1.19372e-07,3.63922,0,0,0
28.1733,2,2.99974,2.95572,2.05999,-2.63169e-24,3.70221e-24,-8.81651e-08,4.6881,0,0,0
28.1733,3,0,0,0,0,0,0,0,0,0,0
28.1733,4,0,0,0,0,0,0,0,0,0,0
28.1733,5,0,0,0,0,0,0,0,0,0,0
28.231,0,-0.000259725,-0.0442824,2.05999,0,0,-3.35311e-08,2.06046,0,0,0
28.231,1,2.99974,-0.0442824,2.05999,6.75145e-16,5.96912e-17,1.24424e-07,3.63922,0,0,0
28.231,2,2.99974,2.95572,2.05999,-3.16278e-24,3.02851e-24,-4.42322e-08,4.6881,0,0,0
28.231,3,0,0,0,0,0,0,0,0,0,0
28.231,4,0,0,0,0,0,0,0,0,0,0
28.231,5,0,0,0,0,0,0,0,0,0,0
28.2826,0,-0.000259725,-0.0442824,2.05999,0,0,-4.2086e-08,2.06046,0,0,0
28.2826,1,2.99974,-0.0442824,2.05999,6.76455e-16,6.26199e-17,1.30839e-07,3.63922,0,0,0
28.2826,2,2.99974,2.95572,2.05999,2.70903e-24,-9.86415e-25,2.85326e-08,4.6881,0,0,0
28.2826,3,0,0,0,0,0,0,0,0,0,0
28.2826,4,0,0,0,0,0,0,0,0,0,0
28.2826,5,0,0,0,0,0,0,0,0,0,0
28.3327,0,-0.000259725,-0.0442824,2.05999,0,0,-4.91913e-08,2.06046,0,0,0
28.3327,1,2.99974,-0.0442824,2.05999,6.77703e-16,6.54092e-17,1.37265e-07,3.63922,0,0,0
28.3327,2,2.99974,2.95572,2.05999,7.93859e-24,3.88109e-25,6.97389e-08,4.6881,0,0,0
28.3327,3,0,0,0,0,0,0,0,0,0,0
28.3327,4,0,0,0,0,0,0,0,0,0,0
28.3327,5,0,0,0,0,0,0,0,0,0,0
28.3831,0,-0.000259725,-0.0442824,2.05999,0,0,-5.48395e-08,2.06046,0,0,0
28.3831,1,2.99974,-0.0442824,2.05999,6.78951e-16,6.81985e-17,1.41923e-07,3.63922,0,0,0
28.3831,2,2.99974,2.95572,2.05999,1.0935e-23,3.4672e-24,1.05434e-07,4.6881,0,0,0
28.3831,3,0,0,0,0,0,0,0,0,0,0
28.3831,4,0,0,0,0,0,0,0,0,0,0
28.3831,5,0,0,0,0,0,0,0,0,0,0
28.4337,0,-0.000259725,-0.0442824,2.05999,0,0,-5.99429e-08,2.06046,0,0,0
28.4337,1,2.99974,-0.0442824,2.05999,6.80199e-16,7.09878e-17,1.48056e-07,3.63922,0,0,0
28.4337,2,2.99974,2.95572,2.05999,4.65685e-24,7.01807e-24,1.29643e-07,4.6881,0,0,0
28.4337,3,0,0,0,0,0,0,0,0,0,0
28.4337,4,0,0,0,0,0,0,0,0,0,0
28.4337,5,0,0,0,0,0,0,0,0,0,0
28.4839,0,-0.000259725,-0.0442824,2.05999,0,0,-6.37258e-08,2.06046,0,0,0
28.4839,1,2.99974,-0.0442824,2.05999,6.912e-16,8.35302e-17,1.52525e-07,3.63922,0,0,0
28.4839,2,2.99974,2.95572,2.05999,-4.22672e-24,3.99617e-24,1.13924e-07,4.6881,0,0,0
28.4839,3,0,0,0,0,0,0,0,0,0,0
28.4839,4,0,0,0,0,0,0,0,0,0,0
28.4839,5,0,0,0,0,0,0,0,0,0,0
28.5397,0,-0.000259725,-0.0442824,2.05999,0,0,-6.88029e-08,2.06046,0,0,0
28.5397,1,2.99974,-0.0442824,2.05999,6.94683e-16,8.86316e-17,1.57023e-07,3.63922,0,0,0
28.5397,2,2.99974,2.95572,2.05999,-6.89178e-24,5.85402e-25,7.88928e-08,4.6881,0,0,0
28.5397,3,0,0,0,0,0,0,0,0,0,0
28.5397,4,0,0,0,0,0,0,0,0,0,0
28.5397,5,0,0,0,0,0,0,0,0,0,0
28.5951,0,-0.000259725,-0.0442824,2.05999,0,0,-7.31565e-08,2.06046,0,0,0
28.5951,1,2.99974,-0.0442824,2.05999,7.05129e-16,7.49747e-17,1.61584e-07,3.63922,0,0,0
28.5951,2,2.99974,2.95572,2.05999,-5.69188e-24,-1.46795e-24,5.61586e-08,4.6881,0,0,0
28.5951,3,0,0,0,0,0,0,0,0,0,0
28.5951,4,0,0,0,0,0,0,0,0,0,0
28.5951,5,0,0,0,0,0,0,0,0,0,0
28.6494,0,-0.000259725,-0.0442824,2.05999,0,0,-7.57712e-08,2.06046,0,0,0
28.6494,1,2.99974,-0.0442824,2.05999,7.15318e-16,8.57453e-17,1.66489e-07,3.63922,0,0,0
28.6494,2,2.99974,2.95572,2.05999,-3.48617e-24,-8.88056e-25,4.35202e-08,4.6881,0,0,0
28.6494,3,0,0,0,0,0,0,0,0,0,0
28.6494,4,0,0,0,0,0,0,0,0,0,0
28.6494,5,0,0,0,0,0,0,0,0,0,0
28.6995,0,-0.000259725,-0.0442824,2.05999,0,0,-7.76278e-08,2.06046,0,0,0
28.6995,1,2.99974,-0.0442824,2.05999,7.17615e-16,8.85956e-17,1.70754e-07,3.63922,0,0,0
28.6995,2,2.99974,2.95572,2.05999,-2.09861e-24,-6.38175e-25,3.63866e-08,4.6881,0,0,0
28.6995,3,0,0,0,0,0,0,0,0,0,0
28.6995,4,0,0,0,0,0,0,0,0,0,0
28.6995,5,0,0,0,0,0,0,0,0,0,0
28.7497,0,-0.000259725,-0.0442824,2.05999,0,0,-7.76243e-08,2.06046,0,0,0
28.7497,1,2.99974,-0.0442824,2.05999,7.28786e-16,7.46244e-17,1.74699e-07,3.63922,0,0,0
28.7497,2,2.99974,2.95572,2.05999,-1.64172e-24,-5.07608e-25,2.7117e-08,4.6881,0,0,0
28.7497,3,0,0,0,0,0,0,0,0,0,0
28.7497,4,0,0,0,0,0,0,0,0,0,0
28.7497,5,0,0,0,0,0,0,0,0,0,0
28.7999,0,-0.000259725,-0.0442824,2.05999,0,0,-7.74529e-08,2.06046,0,0,0
28.7999,1,2.99974,-0.0442824,2.05999,7.40309e-16,5.98131e-17,1.82766e-07,3.63922,0,0,0
28.7999,2,2.99974,2.95572,2.05999,-1.33605e-24,-4.32442e-25,1.91363e-08,4.6881,0,0,0
28.7999,3,0,0,0,0,0,0,0,0,0,0
28.7999,4,0,0,0,0,0,0,0,0,0,0
28.7999,5,0,0,0,0,0,0,0,0,0,0
28.8551,0,-0.000259725,-0.0442824,2.05999,0,0,-7.68842e-08,2.06046,0,0,0
28.8551,1,2.99974,-0.0442824,2.05999,7.43288e-16,6.13713e-17,1.87743e-07,3.63922,0,0,0
28.8551,2,2.99974,2.95572,2.05999,-4.63012e-25,-9.915e-25,1.38664e-08,4.6881,0,0,0
28.8551,3,0,0,0,0,0,0,0,0,0,0
28.8551,4,0,0,0,0,0,0,0,0,0,0
28.8551,5,0,0,0,0,0,0,0,0,0,0
28.9056,0,-0.000259725,-0.0442824,2.05999,0,0,-5.49672e-08,2.06046,0,0,0
28.9056,1,2.99974,-0.0442824,2.05999,7.45317e-16,8.78596e-17,1.96708e-07,3.63922,0,0,0
28.9056,2,2.99974,2.95572,2.05999,5.0306e-25,-1.08661e-24,9.94338e-09,4.6881,0,0,0
28.9056,3,0,0,0,0,0,0,0,0,0,0
28.9056,4,0,0,0,0,0,0,0,0,0,0
28.9056,5,0,0,0,0,0,0,0,0,0,0
28.9612,0,-0.000259725,-0.0442824,2.05999,0,0,1.54346e-08,2.06046,0,0,0
28.9612,1,2.99974,-0.0442824,2.05999,7.57076e-16,7.34604e-17,2.02073e-07,3.63922,0,0,0
28.9612,2,2.99974,2.95572,2.05999,7.57613e-25,-4.10173e-25,7.15358e-09,4.6881,0,0,0
28.9612,3,0,0,0,0,0,0,0,0,0,0
28.9612,4,0,0,0,0,0,0,0,0,0,0
28.9612,5,0,0,0,0,0,0,0,0,0,0
29.0117,0,-0.000259725,-0.0442824,2.05999,0,0,6.46052e-08,2.06046,0,0,0
29.0117,1,2.99974,-0.0442824,2.05999,7.69214e-16,5.82893e-17,2.06577e-07,3.63922,0,0,0
29.0117,2,2.99974,2.95572,2.05999,5.59774e-25,8.35219e-26,5.26876e-09,4.6881,0,0,0
29.0117,3,0,0,0,0,0,0,0,0,0,0
29.0117,4,0,0,0,0,0,0,0,0,0,0
29.0117,5,0,0,0,0,0,0,0,0,0,0
29.0619,0,-0.000259725,-0.0442824,2.05999,0,0,9.96104e-08,2.06046,0,0,0
29.0619,1,2.99974,-0.0442824,2.05999,7.72997e-16,5.95433e-17,1.96165e-07,3.63922,0,0,0
29.0619,2,2.99974,2.95572,2.05999,8.25919e-26,1.18852e-25,1.99085e-09,4.6881,0,0,0
29.0619,3,0,0,0,0,0,0,0,0,0,0
29.0619,4,0,0,0,0,0,0,0,0,0,0
29.0619,5,0,0,0,0,0,0,0,0,0,0
29.1125,0,-0.000259725,-0.0442824,2.05999,0,0,1.21457e-07,2.06046,0,0,0
29.1125,1,2.99974,-0.0442824,2.05999,7.766e-16,6.07376e-17,1.22105e-07,3.63922,0,0,0
29.1125,2,2.99974,2.95572,2.05999,8.25919e-26,1.18852e-25,1.99085e-09,4.6881,0,0,0
29.1125,3,0,0,0,0,0,0,0,0,0,0
29.1125,4,0,0,0,0,0,0,0,0,0,0
29.1125,5,0,0,0,0,0,0,0,0,0,0
29.1629,0,-0.000259725,-0.0442824,2.05999,0,0,1.0803e-07,2.06046,0,0,0
29.1629,1,2.99974,-0.0442824,2.05999,7.80563e-16,6.20513e-17,7.7671e-08,3.63922,0,0,0
29.1629,2,2.99974,2.95572,2.05999,1.05358e-25,1.64234e-25,1.83748e-09,4.6881,0,0,0
29.1629,3,0,0,0,0,0,0,0,0,0,0
29.1629,4,0,0,0,0,0,0,0,0,0,0
29.1629,5,0,0,0,0,0,0,0,0,0,0
29.214,0,-0.000259725,-0.0442824,2.05999,0,0,7.30423e-08,2.06046,0,0,0
29.214,1,2.99974,-0.0442824,2.05999,7.98366e-16,3.00547e-17,4.80185e-08,3.63922,0,0,0
29.214,2,2.99974,2.95572,2.05999,1.05358e-25,1.64234e-25,1.83748e-09,4.6881,0,0,0
29.214,3,0,0,0,0,0,0,0,0,0,0
29.214,4,0,0,0,0,0,0,0,0,0,0
29.214,5,0,0,0,0,0,0,0,0,0,0
29.2646,0,-0.000259725,-0.0442824,2.05999,0,0,5.56874e-08,2.06046,0,0,0
29.2646,1,2.99974,-0.0442824,2.05999,8.02482e-16,3.00585e-17,3.02746e-08,3.63922,0,0,0
29.2646,2,2.99974,2.95572,2.05999,3.86948e-26,2.98018e-25,4.02544e-09,4.6881,0,0,0
29.2646,3,0,0,0,0,0,0,0,0,0,0
29.2646,4,0,0,0,0,0,0,0,0,0,0
29.2646,5,0,0,0,0,0,0,0,0,0,0
29.3179,0,-0.000259725,-0.0442824,2.05999,0,0,4.74057e-08,2.06046,0,0,0
29.3179,1,2.99974,-0.0442824,2.05999,8.06599e-16,3.00623e-17,2.66351e-09,3.63922,0,0,0
29.3179,2,2.99974,2.95572,2.05999,-2.14893e-25,9.60904e-26,5.17992e-09,4.6881,0,0,0
29.3179,3,0,0,0,0,0,0,0,0,0,0
29.3179,4,0,0,0,0,0,0,0,0,0,0
29.3179,5,0,0,0,0,0,0,0,0,0,0
29.3693,0,-0.000259725,-0.0442824,2.05999,0,0,4.0524e-08,2.06046,0,0,0
29.3693,1,2.99974,-0.0442824,2.05999,8.10716e-16,3.0066e-17,-1.62034e-08,3.63922,0,0,0
29.3693,2,2.99974,2.95572,2.05999,-2.14893e-25,9.60904e-26,5.17992e-09,4.6881,0,0,0
29.3693,3,0,0,0,0,0,0,0,0,0,0
29.3693,4,0,0,0,0,0,0,0,0,0,0
29.3693,5,0,0,0,0,0,0,0,0,0,0
29.4224,0,-0.000259725,-0.0442824,2.05999,0,0,3.46259e-08,2.06046,0,0,0
29.4224,1,2.99974,-0.0442824,2.05999,8.14833e-16,3.00698e-17,-3.24631e-08,3.63922,0,0,0
29.4224,2,2.99974,2.95572,2.05999,-5.39602e-25,-1.29091e-25,7.65479e-09,4.6881,0,0,0
29.4224,3,0,0,0,0,0,0,0,0,0,0
29.4224,4,0,0,0,0,0,0,0,0,0,0
29.4224,5,0,0,0,0,0,0,0,0,0,0
29.4732,0,-0.000259725,-0.0442824,2.05999,0,0,2.81021e-08,2.06046,0,0,0
29.4732,1,2.99974,-0.0442824,2.05999,8.1895e-16,3.00736e-17,-4.40464e-08,3.63922,0,0,0
29.4732,2,2.99974,2.95572,2.05999,-6.29871e-25,2.4495e-25,1.03749e-08,4.6881,0,0,0
29.4732,3,0,0,0,0,0,0,0,0,0,0
29.4732,4,0,0,0,0,0,0,0,0,0,0
29.4732,5,0,0,0,0,0,0,0,0,0,0
29.5238,0,-0.000259725,-0.0442824,2.05999,0,0,2.31794e-08,2.06046,0,0,0
29.5238,1,2.99974,-0.0442824,2.05999,8.23067e-16,3.00774e-17,-5.46327e-08,3.63922,0,0,0
29.5238,2,2.99974,2.95572,2.05999,1.21163e-24,5.0668e-25,1.45144e-08,4.6881,0,0,0
29.5238,3,0,0,0,0,0,0,0,0,0,0
29.5238,4,0,0,0,0,0,0,0,0,0,0
29.5238,5,0,0,0,0,0,0,0,0,0,0
29.5743,0,-0.000259725,-0.0442824,2.05999,0,0,2.12873e-08,2.06046,0,0,0
29.5743,1,2.99974,-0.0442824,2.05999,8.27184e-16,3.00811e-17,-6.24647e-08,3.63922,0,0,0
29.5743,2,2.99974,2.95572,2.05999,1.21163e-24,5.0668e-25,1.45144e-08,4.6881,0,0,0
29.5743,3,0,0,0,0,0,0,0,0,0,0
29.5743,4,0,0,0,0,0,0,0,0,0,0
29.5743,5,0,0,0,0,0,0,0,0,0,0
29.6296,0,-0.000259725,-0.0442824,2.05999,0,0,1.83232e-08,2.06046,0,0,0
29.6296,1,2.99974,-0.0442824,2.05999,8.33768e-16,6.64996e-18,-6.97062e-08,3.63922,0,0,0
29.6296,2,2.99974,2.95572,2.05999,1.40985e-24,7.93038e-25,1.86608e-08,4.6881,0,0,0
29.6296,3,0,0,0,0,0,0,0,0,0,0
29.6296,4,0,0,0,0,0,0,0,0,0,0
29.6296,5,0,0,0,0,0,0,0,0,0,0
29.6798,0,-0.000259725,-0.0442824,2.05999,0,0,1.80317e-08,2.06046,0,0,0
29.6798,1,2.99974,-0.0442824,2.05999,8.38199e-16,5.72637e-18,-7.44205e-08,3.63922,0,0,0
29.6798,2,2.99974,2.95572,2.05999,1.17007e-24,6.85901e-25,2.39248e-08,4.6881,0,0,0
29.6798,3,0,0,0,0,0,0,0,0,0,0
29.6798,4,0,0,0,0,0,0,0,0,0,0
29.6798,5,0,0,0,0,0,0,0,0,0,0
29.7351,0,-0.000259725,-0.0442824,2.05999,0,0,1.66802e-08,2.06046,0,0,0
29.7351,1,2.99974,-0.0442824,2.05999,8.51368e-16,-1.22818e-17,-8.23076e-08,3.63922,0,0,0
29.7351,2,2.99974,2.95572,2.05999,1.2892e-24,-1.86911e-25,2.84187e-08,4.6881,0,0,0
29.7351,3,0,0,0,0,0,0,0,0,0,0
29.7351,4,0,0,0,0,0,0,0,0,0,0
29.7351,5,0,0,0,0,0,0,0,0,0,0
29.7878,0,-0.000259725,-0.0442824,2.05999,0,0,1.56232e-08,2.06046,0,0,0
29.7878,1,2.99974,-0.0442824,2.05999,8.55919e-16,-1.38134e-17,-8.52541e-08,3.63922,0,0,0
29.7878,2,2.99974,2.95572,2.05999,1.18253e-24,-1.08621e-24,3.17289e-08,4.6881,0,0,0
29.7878,3,0,0,0,0,0,0,0,0,0,0
29.7878,4,0,0,0,0,0,0,0,0,0,0
29.7878,5,0,0,0,0,0,0,0,0,0,0
29.843,0,-0.000259725,-0.0442824,2.05999,0,0,1.5266e-08,2.06046,0,0,0
29.843,1,2.99974,-0.0442824,2.05999,8.67142e-16,-3.45834e-17,-8.94821e-08,3.63922,0,0,0
29.843,2,2.99974,2.95572,2.05999,2.66601e-24,-1.42228e-24,3.65097e-08,4.6881,0,0,0
29.843,3,0,0,0,0,0,0,0,0,0,0
29.843,4,0,0,0,0,0,0,0,0,0,0
29.843,5,0,0,0,0,0,0,0,0,0,0
29.8936,0,-0.000259725,-0.0442824,2.05999,0,0,1.62499e-08,2.06046,0,0,0
29.8936,1,2.99974,-0.0442824,2.05999,8.71956e-16,-3.68444e-17,-9.04293e-08,3.63922,0,0,0
29.8936,2,2.99974,2.95572,2.05999,3.93465e-24,-1.73124e-24,4.24208e-08,4.6881,0,0,0
29.8936,3,0,0,0,0,0,0,0,0,0,0
29.8936,4,0,0,0,0,0,0,0,0,0,0
29.8936,5,0,0,0,0,0,0,0,0,0,0
29.9452,0,-0.000259725,-0.0442824,2.05999,0,0,1.65767e-08,2.06046,0,0,0
29.9452,1,2.99974,-0.0442824,2.05999,8.77011e-16,-3.92185e-17,-7.62069e-08,3.63922,0,0,0
29.9452,2,2.99974,2.95572,2.05999,3.01194e-24,-4.67093e-25,4.77541e-08,4.6881,0,0,0
29.9452,3,0,0,0,0,0,0,0,0,0,0
29.9452,4,0,0,0,0,0,0,0,0,0,0
29.9452,5,0,0,0,0,0,0,0,0,0,0
29.9954,0,-0.000259725,-0.0442824,2.05999,0,0,1.80356e-08,2.06046,0,0,0
29.9954,1,2.99974,-0.0442824,2.05999,8.907e-16,-5.85014e-17,-2.48097e-08,3.63922,0,0,0
29.9954,2,2.99974,2.95572,2.05999,2.19369e-24,5.81999e-25,5.30939e-08,4.6881,0,0,0
29.9954,3,0,0,0,0,0,0,0,0,0,0
29.9954,4,0,0,0,0,0,0,0,0,0,0
29.9954,5,0,0,0,0,0,0,0,0,0,0
30.0482,0,-0.000259725,-0.0442824,2.05999,0,0,2.04954e-08,2.06046,0,0,0
30.0482,1,2.99974,-0.0442824,2.05999,8.95856e-16,-6.14115e-17,3.21198e-08,3.63922,0,0,0
30.0482,2,2.99974,2.95572,2.05999,4.58737e-25,2.02609e-24,5.66706e-08,4.6881,0,0,0
30.0482,3,0,0,0,0,0,0,0,0,0,0
30.0482,4,0,0,0,0,0,0,0,0,0,0
30.0482,5,0,0,0,0,0,0,0,0,0,0
30.103,0,-0.000259725,-0.0442824,2.05999,0,0,2.49822e-08,2.06046,0,0,0
30.103,1,2.99974,-0.0442824,2.05999,9.04057e-16,-6.12777e-17,6.84096e-08,3.63922,0,0,0
30.103,2,2.99974,2.95572,2.05999,-1.5852e-24,3.21212e-24,6.18409e-08,4.6881,0,0,0
30.103,3,0,0,0,0,0,0,0,0,0,0
30.103,4,0,0,0,0,0,0,0,0,0,0
30.103,5,0,0,0,0,0,0,0,0,0,0
30.1534,0,-0.000259725,-0.0442824,2.05999,0,0,2.61518e-08,2.06046,0,0,0
30.1534,1,2.99974,-0.0442824,2.05999,9.05226e-16,-4.23036e-17,9.49878e-08,3.63922,0,0,0
30.1534,2,2.99974,2.95572,2.05999,-5.59867e-24,2.50821e-24,6.63973e-08,4.6881,0,0,0
30.1534,3,0,0,0,0,0,0,0,0,0,0
30.1534,4,0,0,0,0,0,0,0,0,0,0
30.1534,5,0,0,0,0,0,0,0,0,0,0
30.2089,0,-0.000259725,-0.0442824,2.05999,0,0,2.61329e-08,2.06046,0,0,0
30.2089,1,2.99974,-0.0442824,2.05999,9.10328e-16,-4.42772e-17,1.25524e-07,3.63922,0,0,0
30.2089,2,2.99974,2.95572,2.05999,-1.19445e-23,2.14705e-24,7.31694e-08,4.6881,0,0,0
30.2089,3,0,0,0,0,0,0,0,0,0,0
30.2089,4,0,0,0,0,0,0,0,0,0,0
30.2089,5,0,0,0,0,0,0,0,0,0,0
30.2647,0,-0.000259725,-0.0442824,2.05999,0,0,2.729e-08,2.06046,0,0,0
30.2647,1,2.99974,-0.0442824,2.05999,9.15684e-16,-4.63496e-17,1.16064e-07,3.63922,0,0,0
30.2647,2,2.99974,2.95572,2.05999,-8.95863e-24,5.1135e-24,7.91689e-08,4.6881,0,0,0
30.2647,3,0,0,0,0,0,0,0,0,0,0
30.2647,4,0,0,0,0,0,0,0,0,0,0
30.2647,5,0,0,0,0,0,0,0,0,0,0
30.315,0,-0.000259725,-0.0442824,2.05999,0,0,3.29326e-08,2.06046,0,0,0
30.315,1,2.99974,-0.0442824,2.05999,9.15891e-16,-2.73315e-17,7.58799e-08,3.63922,0,0,0
30.315,2,2.99974,2.95572,2.05999,-2.36919e-24,6.41076e-24,8.26395e-08,4.6881,0,0,0
30.315,3,0,0,0,0,0,0,0,0,0,0
30.315,4,0,0,0,0,0,0,0,0,0,0
30.315,5,0,0,0,0,0,0,0,0,0,0
30.3727,0,-0.000259725,-0.0442824,2.05999,0,0,3.70343e-08,2.06046,0,0,0
30.3727,1,2.99974,-0.0442824,2.05999,9.20793e-16,-2.85117e-17,5.61769e-08,3.63922,0,0,0
30.3727,2,2.99974,2.95572,2.05999,9.30238e-25,4.623e-24,8.35768e-08,4.6881,0,0,0
30.3727,3,0,0,0,0,0,0,0,0,0,0
30.3727,4,0,0,0,0,0,0,0,0,0,0
30.3727,5,0,0,0,0,0,0,0,0,0,0
30.4291,0,-0.000259725,-0.0442824,2.05999,0,0,3.92269e-08,2.06046,0,0,0
30.4291,1,2.99974,-0.0442824,2.05999,9.27156e-16,-3.24343e-18,3.92567e-08,3.63922,0,0,0
30.4291,2,2.99974,2.95572,2.05999,-4.26538e-25,-2.31549e-24,9.03306e-08,4.6881,0,0,0
30.4291,3,0,0,0,0,0,0,0,0,0,0
30.4291,4,0,0,0,0,0,0,0,0,0,0
30.4291,5,0,0,0,0,0,0,0,0,0,0
30.4792,0,-0.000259725,-0.0442824,2.05999,0,0,4.68831e-08,2.06046,0,0,0
30.4792,1,2.99974,-0.0442824,2.05999,9.32072e-16,-3.42544e-18,3.13762e-08,3.63922,0,0,0
30.4792,2,2.99974,2.95572,2.05999,-5.60853e-24,-8.16792e-24,9.3682e-08,4.6881,0,0,0
30.4792,3,0,0,0,0,0,0,0,0,0,0
30.4792,4,0,0,0,0,0,0,0,0,0,0
30.4792,5,0,0,0,0,0,0,0,0,0,0
30.5294,0,-0.000259725,-0.0442824,2.05999,0,0,5.03713e-08,2.06046,0,0,0
30.5294,1,2.99974,-0.0442824,2.05999,9.36988e-16,-3.60744e-18,2.31914e-08,3.63922,0,0,0
30.5294,2,2.99974,2.95572,2.05999,-1.34659e-23,-1.52201e-23,1.01979e-07,4.6881,0,0,0
30.5294,3,0,0,0,0,0,0,0,0,0,0
30.5294,4,0,0,0,0,0,0,0,0,0,0
30.5294,5,0,0,0,0,0,0,0,0,0,0
30.5805,0,-0.000259725,-0.0442824,2.05999,0,0,5.36902e-08,2.06046,0,0,0
30.5805,1,2.99974,-0.0442824,2.05999,9.40445e-16,3.17197e-17,1.52588e-08,3.63922,0,0,0
30.5805,2,2.99974,2.95572,2.05999,-1.52005e-23,-1.60399e-23,1.08205e-07,4.6881,0,0,0
30.5805,3,0,0,0,0,0,0,0,0,0,0
30.5805,4,0,0,0,0,0,0,0,0,0,0
30.5805,5,0,0,0,0,0,0,0,0,0,0
30.6307,0,-0.000259725,-0.0442824,2.05999,0,0,5.7403e-08,2.06046,0,0,0
30.6307,1,2.99974,-0.0442824,2.05999,9.45537e-16,3.29515e-17,7.34746e-09,3.63922,0,0,0
30.6307,2,2.99974,2.95572,2.05999,-7.71464e-24,-1.3009e-23,1.12122e-07,4.6881,0,0,0
30.6307,3,0,0,0,0,0,0,0,0,0,0
30.6307,4,0,0,0,0,0,0,0,0,0,0
30.6307,5,0,0,0,0,0,0,0,0,0,0
30.6837,0,-0.000259725,-0.0442824,2.05999,0,0,6.32435e-08,2.06046,0,0,0
30.6837,1,2.99974,-0.0442824,2.05999,9.47341e-16,3.10807e-17,4.11467e-09,3.63922,0,0,0
30.6837,2,2.99974,2.95572,2.05999,-1.17168e-24,-1.23722e-23,1.17759e-07,4.6881,0,0,0
30.6837,3,0,0,0,0,0,0,0,0,0,0
30.6837,4,0,0,0,0,0,0,0,0,0,0
30.6837,5,0,0,0,0,0,0,0,0,0,0
30.7339,0,-0.000259725,-0.0442824,2.05999,0,0,6.88911e-08,2.06046,0,0,0
30.7339,1,2.99974,-0.0442824,2.05999,9.54626e-16,8.76531e-18,1.55979e-09,3.63922,0,0,0
30.7339,2,2.99974,2.95572,2.05999,-1.25727e-25,-1.29918e-23,1.24255e-07,4.6881,0,0,0
30.7339,3,0,0,0,0,0,0,0,0,0,0
30.7339,4,0,0,0,0,0,0,0,0,0,0
30.7339,5,0,0,0,0,0,0,0,0,0,0
30.785,0,-0.000259725,-0.0442824,2.05999,0,0,7.2801e-08,2.06046,0,0,0
30.785,1,2.99974,-0.0442824,2.05999,9.59459e-16,8.93925e-18,-3.32394e-10,3.63922,0,0,0
30.785,2,2.99974,2.95572,2.05999,-2.19757e-24,-7.50654e-24,1.2902e-07,4.6881,0,0,0
30.785,3,0,0,0,0,0,0,0,0,0,0
30.785,4,0,0,0,0,0,0,0,0,0,0
30.785,5,0,0,0,0,0,0,0,0,0,0
30.8379,0,-0.000259725,-0.0442824,2.05999,0,0,7.63274e-08,2.06046,0,0,0
30.8379,1,2.99974,-0.0442824,2.05999,9.56712e-16,1.0666e-18,-2.31989e-09,3.63922,0,0,0
30.8379,2,2.99974,2.95572,2.05999,-4.72023e-24,-7.01291e-24,1.33284e-07,4.6881,0,0,0
30.8379,3,0,0,0,0,0,0,0,0,0,0
30.8379,4,0,0,0,0,0,0,0,0,0,0
30.8379,5,0,0,0,0,0,0,0,0,0,0
30.8938,0,-0.000259725,-0.0442824,2.05999,0,0,8.12238e-08,2.06046,0,0,0
30.8938,1,2.99974,-0.0442824,2.05999,9.79005e-16,-3.379e-17,-4.43801e-09,3.63922,0,0,0
30.8938,2,2.99974,2.95572,2.05999,-8.68844e-24,-9.05331e-24,1.35224e-07,4.6881,0,0,0
30.8938,3,0,0,0,0,0,0,0,0,0,0
30.8938,4,0,0,0,0,0,0,0,0,0,0
30.8938,5,0,0,0,0,0,0,0,0,0,0
30.9446,0,-0.000259725,-0.0442824,2.05999,0,0,8.57745e-08,2.06046,0,0,0
30.9446,1,2.99974,-0.0442824,2.05999,9.84228e-16,-3.51992e-17,-4.54799e-09,3.63922,0,0,0
30.9446,2,2.99974,2.95572,2.05999,-1.23602e-23,-1.56955e-24,1.45422e-07,4.6881,0,0,0
30.9446,3,0,0,0,0,0,0,0,0,0,0
30.9446,4,0,0,0,0,0,0,0,0,0,0
30.9446,5,0,0,0,0,0,0,0,0,0,0
30.9974,0,-0.000259725,-0.0442824,2.05999,0,0,9.12811e-08,2.06046,0,0,0
30.9974,1,2.99974,-0.0442824,2.05999,9.85139e-16,-4.12525e-17,-4.65137e-09,3.63922,0,0,0
30.9974,2,2.99974,2.95572,2.05999,-1.31702e-23,1.00124e-24,1.52233e-07,4.6881,0,0,0
30.9974,3,0,0,0,0,0,0,0,0,0,0
30.9974,4,0,0,0,0,0,0,0,0,0,0
30.9974,5,0,0,0,0,0,0,0,0,0,0
31.0475,0,-0.000259725,-0.0442824,2.05999,0,0,9.73541e-08,2.06046,0,0,0
31.0475,1,2.99974,-0.0442824,2.05999,9.99097e-16,-6.06384e-17,-4.9216e-09,3.63922,0,0,0
31.0475,2,2.99974,2.95572,2.05999,-7.94832e-24,-6.27499e-25,1.55038e-07,4.6881,0,0,0
31.0475,3,0,0,0,0,0,0,0,0,0,0
31.0475,4,0,0,0,0,0,0,0,0,0,0
31.0475,5,0,0,0,0,0,0,0,0,0,0
31.1004,0,-0.000259725,-0.0442824,2.05999,0,0,1.01742e-07,2.06046,0,0,0
31.1004,1,2.99974,-0.0442824,2.05999,1.00868e-15,-8.47746e-17,-4.75439e-09,3.63922,0,0,0
31.1004,2,2.99974,2.95572,2.05999,-5.61913e-25,-6.76972e-24,1.58667e-07,4.6881,0,0,0
31.1004,3,0,0,0,0,0,0,0,0,0,0
31.1004,4,0,0,0,0,0,0,0,0,0,0
31.1004,5,0,0,0,0,0,0,0,0,0,0
31.1515,0,-0.000259725,-0.0442824,2.05999,0,0,1.06179e-07,2.06046,0,0,0
31.1515,1,2.99974,-0.0442824,2.05999,1.01424e-15,-8.78262e-17,-5.28922e-10,3.63922,0,0,0
31.1515,2,2.99974,2.95572,2.05999,8.18624e-24,-1.45472e-23,1.63994e-07,4.6881,0,0,0
31.1515,3,0,0,0,0,0,0,0,0,0,0
31.1515,4,0,0,0,0,0,0,0,0,0,0
31.1515,5,0,0,0,0,0,0,0,0,0,0
31.205,0,-0.000259725,-0.0442824,2.05999,0,0,1.09901e-07,2.06046,0,0,0
31.205,1,2.99974,-0.0442824,2.05999,1.00171e-15,-5.61767e-17,1.77973e-10,3.63922,0,0,0
31.205,2,2.99974,2.95572,2.05999,2.39606e-23,-2.23482e-24,1.67745e-07,4.6881,0,0,0
31.205,3,0,0,0,0,0,0,0,0,0,0
31.205,4,0,0,0,0,0,0,0,0,0,0
31.205,5,0,0,0,0,0,0,0,0,0,0
31.2566,0,-0.000259725,-0.0442824,2.05999,0,0,1.13241e-07,2.06046,0,0,0
31.2566,1,2.99974,-0.0442824,2.05999,1.00658e-15,-5.793e-17,1.16455e-09,3.63922,0,0,0
31.2566,2,2.99974,2.95572,2.05999,3.69669e-23,1.88465e-23,1.72195e-07,4.6881,0,0,0
31.2566,3,0,0,0,0,0,0,0,0,0,0
31.2566,4,0,0,0,0,0,0,0,0,0,0
31.2566,5,0,0,0,0,0,0,0,0,0,0
31.3072,0,-0.000259725,-0.0442824,2.05999,0,0,1.18063e-07,2.06046,0,0,0
31.3072,1,2.99974,-0.0442824,2.05999,1.01145e-15,-5.96832e-17,1.47811e-09,3.63922,0,0,0
31.3072,2,2.99974,2.95572,2.05999,3.9173e-23,2.85417e-23,1.79095e-07,4.6881,0,0,0
31.3072,3,0,0,0,0,0,0,0,0,0,0
31.3072,4,0,0,0,0,0,0,0,0,0,0
31.3072,5,0,0,0,0,0,0,0,0,0,0
31.36,0,-0.000259725,-0.0442824,2.05999,0,0,1.23488e-07,2.06046,0,0,0
31.36,1,2.99974,-0.0442824,2.05999,1.01632e-15,-6.14364e-17,2.5055e-09,3.63922,0,0,0
31.36,2,2.99974,2.95572,2.05999,3.75898e-23,2.39546e-23,1.83757e-07,4.6881,0,0,0
31.36,3,0,0,0,0,0,0,0,0,0,0
31.36,4,0,0,0,0,0,0,0,0,0,0
31.36,5,0,0,0,0,0,0,0,0,0,0
31.413,0,-0.000259725,-0.0442824,2.05999,0,0,1.27248e-07,2.06046,0,0,0
31.413,1,2.99974,-0.0442824,2.05999,1.02119e-15,-6.31896e-17,4.71399e-09,3.63922,0,0,0
31.413,2,2.99974,2.95572,2.05999,3.51558e-23,1.90481e-23,1.89514e-07,4.6881,0,0,0
31.413,3,0,0,0,0,0,0,0,0,0,0
31.413,4,0,0,0,0,0,0,0,0,0,0
31.413,5,0,0,0,0,0,0,0,0,0,0
31.4643,0,-0.000259725,-0.0442824,2.05999,0,0,1.32454e-07,2.06046,0,0,0
31.4643,1,2.99974,-0.0442824,2.05999,1.02606e-15,-6.49429e-17,6.95379e-09,3.63922,0,0,0
31.4643,2,2.99974,2.95572,2.05999,2.09724e-23,1.98477e-24,1.96153e-07,4.6881,0,0,0
31.4643,3,0,0,0,0,0,0,0,0,0,0
31.4643,4,0,0,0,0,0,0,0,0,0,0
31.4643,5,0,0,0,0,0,0,0,0,0,0
31.5171,0,-0.000259725,-0.0442824,2.05999,0,0,1.38672e-07,2.06046,0,0,0
31.5171,1,2.99974,-0.0442824,2.05999,1.03093e-15,-6.66961e-17,1.00313e-08,3.63922,0,0,0
31.5171,2,2.99974,2.95572,2.05999,1.24217e-23,-9.13856e-25,2.00701e-07,4.6881,0,0,0
31.5171,3,0,0,0,0,0,0,0,0,0,0
31.5171,4,0,0,0,0,0,0,0,0,0,0
31.5171,5,0,0,0,0,0,0,0,0,0,0
31.5688,0,-0.000259725,-0.0442824,2.05999,0,0,1.45052e-07,2.06046,0,0,0
31.5688,1,2.99974,-0.0442824,2.05999,1.0358e-15,-6.84493e-17,1.66309e-08,3.63922,0,0,0
31.5688,2,2.99974,2.95572,2.05999,6.84256e-24,-3.52709e-24,2.09148e-07,4.6881,0,0,0
31.5688,3,0,0,0,0,0,0,0,0,0,0
31.5688,4,0,0,0,0,0,0,0,0,0,0
31.5688,5,0,0,0,0,0,0,0,0,0,0
31.619,0,-0.000259725,-0.0442824,2.05999,0,0,1.51113e-07,2.06046,0,0,0
31.619,1,2.99974,-0.0442824,2.05999,1.04066e-15,-7.02025e-17,1.94175e-08,3.63922,0,0,0
31.619,2,2.99974,2.95572,2.05999,-5.56665e-24,-7.7027e-24,1.91912e-07,4.6881,0,0,0
31.619,3,0,0,0,0,0,0,0,0,0,0
31.619,4,0,0,0,0,0,0,0,0,0,0
31.619,5,0,0,0,0,0,0,0,0,0,0
31.6692,0,-0.000259725,-0.0442824,2.05999,0,0,1.55692e-07,2.06046,0,0,0
31.6692,1,2.99974,-0.0442824,2.05999,1.03666e-15,-5.49626e-17,2.13825e-08,3.63922,0,0,0
31.6692,2,2.99974,2.95572,2.05999,-1.28856e-23,-6.38119e-24,1.46096e-07,4.6881,0,0,0
31.6692,3,0,0,0,0,0,0,0,0,0,0
31.6692,4,0,0,0,0,0,0,0,0,0,0
31.6692,5,0,0,0,0,0,0,0,0,0,0
31.7271,0,-0.000259725,-0.0442824,2.05999,0,0,1.60602e-07,2.06046,0,0,0
31.7271,1,2.99974,-0.0442824,2.05999,1.04142e-15,-5.61219e-17,2.81007e-08,3.63922,0,0,0
31.7271,2,2.99974,2.95572,2.05999,-7.98297e-24,-4.46557e-24,9.06837e-08,4.6881,0,0,0
31.7271,3,0,0,0,0,0,0,0,0,0,0
31.7271,4,0,0,0,0,0,0,0,0,0,0
31.7271,5,0,0,0,0,0,0,0,0,0,0
31.7773,0,-0.000259725,-0.0442824,2.05999,0,0,1.64323e-07,2.06046,0,0,0
31.7773,1,2.99974,-0.0442824,2.05999,1.0464e-15,-5.73364e-17,2.94777e-08,3.63922,0,0,0
31.7773,2,2.99974,2.95572,2.05999,-4.35256e-24,6.07565e-25,5.90607e-08,4.6881,0,0,0
31.7773,3,0,0,0,0,0,0,0,0,0,0
31.7773,4,0,0,0,0,0,0,0,0,0,0
31.7773,5,0,0,0,0,0,0,0,0,0,0
31.8308,0,-0.000259725,-0.0442824,2.05999,0,0,1.68794e-07,2.06046,0,0,0
31.8308,1,2.99974,-0.0442824,2.05999,1.05115e-15,-5.84957e-17,3.63301e-08,3.63922,0,0,0
31.8308,2,2.99974,2.95572,2.05999,-2.84111e-24,2.41523e-24,3.32289e-08,4.6881,0,0,0
31.8308,3,0,0,0,0,0,0,0,0,0,0
31.8308,4,0,0,0,0,0,0,0,0,0,0
31.8308,5,0,0,0,0,0,0,0,0,0,0
31.8813,0,-0.000259725,-0.0442824,2.05999,0,0,1.76682e-07,2.06046,0,0,0
31.8813,1,2.99974,-0.0442824,2.05999,1.05613e-15,-5.97101e-17,3.81315e-08,3.63922,0,0,0
31.8813,2,2.99974,2.95572,2.05999,-1.34882e-24,4.44996e-25,1.36721e-08,4.6881,0,0,0
31.8813,3,0,0,0,0,0,0,0,0,0,0
31.8813,4,0,0,0,0,0,0,0,0,0,0
31.8813,5,0,0,0,0,0,0,0,0,0,0
31.9352,0,-0.000259725,-0.0442824,2.05999,0,0,1.84686e-07,2.06046,0,0,0
31.9352,1,2.99974,-0.0442824,2.05999,1.06065e-15,-6.08142e-17,4.52556e-08,3.63922,0,0,0
31.9352,2,2.99974,2.95572,2.05999,4.67691e-25,2.48047e-25,-5.61394e-09,4.6881,0,0,0
31.9352,3,0,0,0,0,0,0,0,0,0,0
31.9352,4,0,0,0,0,0,0,0,0,0,0
31.9352,5,0,0,0,0,0,0,0,0,0,0
31.9853,0,-0.000259725,-0.0442824,2.05999,0,0,1.90567e-07,2.06046,0,0,0
31.9853,1,2.99974,-0.0442824,2.05999,1.06518e-15,-6.19183e-17,4.95958e-08,3.63922,0,0,0
31.9853,2,2.99974,2.95572,2.05999,9.81863e-25,1.13689e-24,-2.18879e-08,4.6881,0,0,0
31.9853,3,0,0,0,0,0,0,0,0,0,0
31.9853,4,0,0,0,0,0,0,0,0,0,0
31.9853,5,0,0,0,0,0,0,0,0,0,0
32.0381,0,-0.000259725,-0.0442824,2.05999,0,0,1.93847e-07,2.06046,0,0,0
32.0381,1,2.99974,-0.0442824,2.05999,1.06971e-15,-6.30224e-17,5.56753e-08,3.63922,0,0,0
32.0381,2,2.99974,2.95572,2.05999,-1.73181e-24,-3.20267e-25,-3.51685e-08,4.6881,0,0,0
32.0381,3,0,0,0,0,0,0,0,0,0,0
32.0381,4,0,0,0,0,0,0,0,0,0,0
32.0381,5,0,0,0,0,0,0,0,0,0,0
32.0946,0,-0.000259725,-0.0442824,2.05999,0,0,1.97731e-07,2.06046,0,0,0
32.0946,1,2.99974,-0.0442824,2.05999,1.07423e-15,-6.41265e-17,6.23208e-08,3.63922,0,0,0
32.0946,2,2.99974,2.95572,2.05999,-5.83084e-24,-2.67477e-24,-4.67867e-08,4.6881,0,0,0
32.0946,3,0,0,0,0,0,0,0,0,0,0
32.0946,4,0,0,0,0,0,0,0,0,0,0
32.0946,5,0,0,0,0,0,0,0,0,0,0
32.1474,0,-0.000259725,-0.0442824,2.05999,0,0,2.00879e-07,2.06046,0,0,0
32.1474,1,2.99974,-0.0442824,2.05999,1.07876e-15,-6.52306e-17,6.97224e-08,3.63922,0,0,0
32.1474,2,2.99974,2.95572,2.05999,-8.83276e-24,-1.17831e-24,-5.41634e-08,4.6881,0,0,0
32.1474,3,0,0,0,0,0,0,0,0,0,0
32.1474,4,0,0,0,0,0,0,0,0,0,0
32.1474,5,0,0,0,0,0,0,0,0,0,0
32.2003,0,-0.000259725,-0.0442824,2.05999,0,0,1.63082e-07,2.06046,0,0,0
32.2003,1,2.99974,-0.0442824,2.05999,1.08329e-15,-6.63346e-17,7.37174e-08,3.63922,0,0,0
32.2003,2,2.99974,2.95572,2.05999,-6.21465e-24,2.16838e-24,-6.15213e-08,4.6881,0,0,0
32.2003,3,0,0,0,0,0,0,0,0,0,0
32.2003,4,0,0,0,0,0,0,0,0,0,0
32.2003,5,0,0,0,0,0,0,0,0,0,0
32.2521,0,-0.000259725,-0.0442824,2.05999,0,0,1.32522e-07,2.06046,0,0,0
32.2521,1,2.99974,-0.0442824,2.05999,1.07975e-15,-5.05314e-17,7.7367e-08,3.63922,0,0,0
32.2521,2,2.99974,2.95572,2.05999,-1.72435e-24,3.68537e-24,-6.68296e-08,4.6881,0,0,0
32.2521,3,0,0,0,0,0,0,0,0,0,0
32.2521,4,0,0,0,0,0,0,0,0,0,0
32.2521,5,0,0,0,0,0,0,0,0,0,0
32.3023,0,-0.000259725,-0.0442824,2.05999,0,0,8.19643e-08,2.06046,0,0,0
32.3023,1,2.99974,-0.0442824,2.05999,1.08415e-15,-5.10067e-17,8.28961e-08,3.63922,0,0,0
32.3023,2,2.99974,2.95572,2.05999,2.13422e-24,2.83314e-24,-7.40078e-08,4.6881,0,0,0
32.3023,3,0,0,0,0,0,0,0,0,0,0
32.3023,4,0,0,0,0,0,0,0,0,0,0
32.3023,5,0,0,0,0,0,0,0,0,0,0
32.3528,0,-0.000259725,-0.0442824,2.05999,0,0,4.97019e-08,2.06046,0,0,0
32.3528,1,2.99974,-0.0442824,2.05999,1.08856e-15,-5.1482e-17,9.00021e-08,3.63922,0,0,0
32.3528,2,2.99974,2.95572,2.05999,5.2226e-24,2.07034e-24,-7.92037e-08,4.6881,0,0,0
32.3528,3,0,0,0,0,0,0,0,0,0,0
32.3528,4,0,0,0,0,0,0,0,0,0,0
32.3528,5,0,0,0,0,0,0,0,0,0,0
32.4034,0,-0.000259725,-0.0442824,2.05999,0,0,2.62063e-08,2.06046,0,0,0
32.4034,1,2.99974,-0.0442824,2.05999,1.09882e-15,-7.18512e-17,9.56011e-08,3.63922,0,0,0
32.4034,2,2.99974,2.95572,2.05999,3.985e-24,1.22406e-25,-8.06484e-08,4.6881,0,0,0
32.4034,3,0,0,0,0,0,0,0,0,0,0
32.4034,4,0,0,0,0,0,0,0,0,0,0
32.4034,5,0,0,0,0,0,0,0,0,0,0
32.4563,0,-0.000259725,-0.0442824,2.05999,0,0,5.05546e-09,2.06046,0,0,0
32.4563,1,2.99974,-0.0442824,2.05999,1.09426e-15,-5.61281e-17,1.00971e-07,3.63922,0,0,0
32.4563,2,2.99974,2.95572,2.05999,2.26003e-25,-4.35056e-24,-8.37587e-08,4.6881,0,0,0
32.4563,3,0,0,0,0,0,0,0,0,0,0
32.4563,4,0,0,0,0,0,0,0,0,0,0
32.4563,5,0,0,0,0,0,0,0,0,0,0
32.5102,0,-0.000259725,-0.0442824,2.05999,0,0,-1.23191e-08,2.06046,0,0,0
32.5102,1,2.99974,-0.0442824,2.05999,1.09834e-15,-5.66894e-17,1.05891e-07,3.63922,0,0,0
32.5102,2,2.99974,2.95572,2.05999,6.12294e-25,-5.97715e-24,-8.64462e-08,4.6881,0,0,0
32.5102,3,0,0,0,0,0,0,0,0,0,0
32.5102,4,0,0,0,0,0,0,0,0,0,0
32.5102,5,0,0,0,0,0,0,0,0,0,0
32.5608,0,-0.000259725,-0.0442824,2.05999,0,0,-3.56336e-08,2.06046,0,0,0
32.5608,1,2.99974,-0.0442824,2.05999,1.10263e-15,-5.72788e-17,1.09962e-07,3.63922,0,0,0
32.5608,2,2.99974,2.95572,2.05999,5.04063e-24,-4.1904e-24,-9.0029e-08,4.6881,0,0,0
32.5608,3,0,0,0,0,0,0,0,0,0,0
32.5608,4,0,0,0,0,0,0,0,0,0,0
32.5608,5,0,0,0,0,0,0,0,0,0,0
32.6111,0,-0.000259725,-0.0442824,2.05999,0,0,-4.22554e-08,2.06046,0,0,0
32.6111,1,2.99974,-0.0442824,2.05999,1.09853e-15,-4.05153e-17,1.15245e-07,3.63922,0,0,0
32.6111,2,2.99974,2.95572,2.05999,4.34628e-24,-1.77485e-24,-8.28691e-08,4.6881,0,0,0
32.6111,3,0,0,0,0,0,0,0,0,0,0
32.6111,4,0,0,0,0,0,0,0,0,0,0
32.6111,5,0,0,0,0,0,0,0,0,0,0
32.665,0,-0.000259725,-0.0442824,2.05999,0,0,-5.9748e-08,2.06046,0,0,0
32.665,1,2.99974,-0.0442824,2.05999,1.10229e-15,-4.0415e-17,1.21308e-07,3.63922,0,0,0
32.665,2,2.99974,2.95572,2.05999,3.60668e-25,-5.25974e-26,-2.22778e-08,4.6881,0,0,0
32.665,3,0,0,0,0,0,0,0,0,0,0
32.665,4,0,0,0,0,0,0,0,0,0,0
32.665,5,0,0,0,0,0,0,0,0,0,0
32.7154,0,-0.000259725,-0.0442824,2.05999,0,0,-6.89425e-08,2.06046,0,0,0
32.7154,1,2.99974,-0.0442824,2.05999,1.10605e-15,-4.03146e-17,1.27457e-07,3.63922,0,0,0
32.7154,2,2.99974,2.95572,2.05999,-1.61078e-25,9.21893e-26,-6.00723e-09,4.6881,0,0,0
32.7154,3,0,0,0,0,0,0,0,0,0,0
32.7154,4,0,0,0,0,0,0,0,0,0,0
32.7154,5,0,0,0,0,0,0,0,0,0,0
32.7665,0,-0.000259725,-0.0442824,2.05999,0,0,-7.59868e-08,2.06046,0,0,0
32.7665,1,2.99974,-0.0442824,2.05999,1.10999e-15,-4.02092e-17,1.31959e-07,3.63922,0,0,0
32.7665,2,2.99974,2.95572,2.05999,7.71574e-24,-7.40659e-24,7.63812e-08,4.6881,0,0,0
32.7665,3,0,0,0,0,0,0,0,0,0,0
32.7665,4,0,0,0,0,0,0,0,0,0,0
32.7665,5,0,0,0,0,0,0,0,0,0,0
32.8176,0,-0.000259725,-0.0442824,2.05999,0,0,-8.30086e-08,2.06046,0,0,0
32.8176,1,2.99974,-0.0442824,2.05999,1.11394e-15,-4.01038e-17,1.36901e-07,3.63922,0,0,0
32.8176,2,2.99974,2.95572,2.05999,1.14141e-23,-1.32287e-23,1.07603e-07,4.6881,0,0,0
32.8176,3,0,0,0,0,0,0,0,0,0,0
32.8176,4,0,0,0,0,0,0,0,0,0,0
32.8176,5,0,0,0,0,0,0,0,0,0,0
32.8729,0,-0.000259725,-0.0442824,2.05999,0,0,-8.11207e-08,2.06046,0,0,0
32.8729,1,2.99974,-0.0442824,2.05999,1.1177e-15,-4.00034e-17,1.41448e-07,3.63922,0,0,0
32.8729,2,2.99974,2.95572,2.05999,7.67741e-24,-9.03353e-24,1.29701e-07,4.6881,0,0,0
32.8729,3,0,0,0,0,0,0,0,0,0,0
32.8729,4,0,0,0,0,0,0,0,0,0,0
32.8729,5,0,0,0,0,0,0,0,0,0,0
32.9436,0,-0.000259725,-0.0442824,2.05999,0,0,-8.69689e-08,2.06046,0,0,0
32.9436,1,2.99974,-0.0442824,2.05999,1.12956e-15,-3.17946e-17,1.46139e-07,3.63922,0,0,0
32.9436,2,2.99974,2.95572,2.05999,-2.94359e-24,-5.32185e-24,1.15594e-07,4.6881,0,0,0
32.9436,3,0,0,0,0,0,0,0,0,0,0
32.9436,4,0,0,0,0,0,0,0,0,0,0
32.9436,5,0,0,0,0,0,0,0,0,0,0
33.0033,0,-0.000259725,-0.0442824,2.05999,0,0,-1.03596e-07,2.06046,0,0,0
33.0033,1,2.99974,-0.0442824,2.05999,1.12428e-15,-1.38489e-17,1.50985e-07,3.63922,0,0,0
33.0033,2,2.99974,2.95572,2.05999,-6.30248e-24,-2.72395e-24,7.91781e-08,4.6881,0,0,0
33.0033,3,0,0,0,0,0,0,0,0,0,0
33.0033,4,0,0,0,0,0,0,0,0,0,0
33.0033,5,0,0,0,0,0,0,0,0,0,0
33.0586,0,-0.000259725,-0.0442824,2.05999,0,0,-1.05586e-07,2.06046,0,0,0
33.0586,1,2.99974,-0.0442824,2.05999,1.12836e-15,-1.2706e-17,1.61362e-07,3.63922,0,0,0
33.0586,2,2.99974,2.95572,2.05999,-2.9761e-24,1.46872e-24,5.7297e-08,4.6881,0,0,0
33.0586,3,0,0,0,0,0,0,0,0,0,0
33.0586,4,0,0,0,0,0,0,0,0,0,0
33.0586,5,0,0,0,0,0,0,0,0,0,0
33.1138,0,-0.000259725,-0.0442824,2.05999,0,0,-1.06931e-07,2.06046,0,0,0
33.1138,1,2.99974,-0.0442824,2.05999,1.12789e-15,9.47479e-18,1.65827e-07,3.63922,0,0,0
33.1138,2,2.99974,2.95572,2.05999,-2.55612e-24,1.0975e-24,4.19864e-08,4.6881,0,0,0
33.1138,3,0,0,0,0,0,0,0,0,0,0
33.1138,4,0,0,0,0,0,0,0,0,0,0
33.1138,5,0,0,0,0,0,0,0,0,0,0
33.1646,0,-0.000259725,-0.0442824,2.05999,0,0,-7.26836e-08,2.06046,0,0,0
33.1646,1,2.99974,-0.0442824,2.05999,1.13141e-15,1.13102e-17,1.66234e-07,3.63922,0,0,0
33.1646,2,2.99974,2.95572,2.05999,-3.3287e-24,-2.35892e-25,3.1084e-08,4.6881,0,0,0
33.1646,3,0,0,0,0,0,0,0,0,0,0
33.1646,4,0,0,0,0,0,0,0,0,0,0
33.1646,5,0,0,0,0,0,0,0,0,0,0
33.22,0,-0.000259725,-0.0442824,2.05999,0,0,-8.96186e-09,2.06046,0,0,0
33.22,1,2.99974,-0.0442824,2.05999,1.13493e-15,1.31456e-17,1.69654e-07,3.63922,0,0,0
33.22,2,2.99974,2.95572,2.05999,-2.40135e-24,1.29537e-24,2.24596e-08,4.6881,0,0,0
33.22,3,0,0,0,0,0,0,0,0,0,0
33.22,4,0,0,0,0,0,0,0,0,0,0
33.22,5,0,0,0,0,0,0,0,0,0,0
33.2708,0,-0.000259725,-0.0442824,2.05999,0,0,2.1139e-08,2.06046,0,0,0
33.2708,1,2.99974,-0.0442824,2.05999,1.13844e-15,1.49811e-17,1.75055e-07,3.63922,0,0,0
33.2708,2,2.99974,2.95572,2.05999,-1.13693e-24,1.06094e-24,1.73308e-08,4.6881,0,0,0
33.2708,3,0,0,0,0,0,0,0,0,0,0
33.2708,4,0,0,0,0,0,0,0,0,0,0
33.2708,5,0,0,0,0,0,0,0,0,0,0
33.3229,0,-0.000259725,-0.0442824,2.05999,0,0,7.54141e-08,2.06046,0,0,0
33.3229,1,2.99974,-0.0442824,2.05999,1.14196e-15,1.68165e-17,1.80446e-07,3.63922,0,0,0
33.3229,2,2.99974,2.95572,2.05999,-6.2277e-25,1.47343e-25,1.16494e-08,4.6881,0,0,0
33.3229,3,0,0,0,0,0,0,0,0,0,0
33.3229,4,0,0,0,0,0,0,0,0,0,0
33.3229,5,0,0,0,0,0,0,0,0,0,0
33.3765,0,-0.000259725,-0.0442824,2.05999,0,0,9.57886e-08,2.06046,0,0,0
33.3765,1,2.99974,-0.0442824,2.05999,1.13843e-15,3.74801e-17,1.87632e-07,3.63922,0,0,0
33.3765,2,2.99974,2.95572,2.05999,-5.49066e-25,2.02597e-25,8.7054e-09,4.6881,0,0,0
33.3765,3,0,0,0,0,0,0,0,0,0,0
33.3765,4,0,0,0,0,0,0,0,0,0,0
33.3765,5,0,0,0,0,0,0,0,0,0,0
33.4302,0,-0.000259725,-0.0442824,2.05999,0,0,1.19821e-07,2.06046,0,0,0
33.4302,1,2.99974,-0.0442824,2.05999,1.14167e-15,4.00301e-17,1.96279e-07,3.63922,0,0,0
33.4302,2,2.99974,2.95572,2.05999,-4.55607e-25,4.40237e-25,6.50995e-09,4.6881,0,0,0
33.4302,3,0,0,0,0,0,0,0,0,0,0
33.4302,4,0,0,0,0,0,0,0,0,0,0
33.4302,5,0,0,0,0,0,0,0,0,0,0
33.4809,0,-0.000259725,-0.0442824,2.05999,0,0,1.49285e-07,2.06046,0,0,0
33.4809,1,2.99974,-0.0442824,2.05999,1.14508e-15,4.27077e-17,1.96151e-07,3.63922,0,0,0
33.4809,2,2.99974,2.95572,2.05999,-1.47227e-25,1.71073e-25,3.074e-09,4.6881,0,0,0
33.4809,3,0,0,0,0,0,0,0,0,0,0
33.4809,4,0,0,0,0,0,0,0,0,0,0
33.4809,5,0,0,0,0,0,0,0,0,0,0
33.5363,0,-0.000259725,-0.0442824,2.05999,0,0,1.58355e-07,2.06046,0,0,0
33.5363,1,2.99974,-0.0442824,2.05999,1.14864e-15,4.55128e-17,2.00008e-07,3.63922,0,0,0
33.5363,2,2.99974,2.95572,2.05999,-6.99813e-27,2.38654e-26,1.06403e-09,4.6881,0,0,0
33.5363,3,0,0,0,0,0,0,0,0,0,0
33.5363,4,0,0,0,0,0,0,0,0,0,0
33.5363,5,0,0,0,0,0,0,0,0,0,0
33.5865,0,-0.000259725,-0.0442824,2.05999,0,0,9.60951e-08,2.06046,0,0,0
33.5865,1,2.99974,-0.0442824,2.05999,1.15188e-15,4.80629e-17,2.10185e-07,3.63922,0,0,0
33.5865,2,2.99974,2.95572,2.05999,1.77568e-26,-1.13825e-26,5.39964e-10,4.6881,0,0,0
33.5865,3,0,0,0,0,0,0,0,0,0,0
33.5865,4,0,0,0,0,0,0,0,0,0,0
33.5865,5,0,0,0,0,0,0,0,0,0,0
33.6371,0,-0.000259725,-0.0442824,2.05999,0,0,6.95116e-08,2.06046,0,0,0
33.6371,1,2.99974,-0.0442824,2.05999,1.15513e-15,5.0613e-17,2.12068e-07,3.63922,0,0,0
33.6371,2,2.99974,2.95572,2.05999,-2.93674e-26,1.91867e-26,-1.16094e-09,4.6881,0,0,0
33.6371,3,0,0,0,0,0,0,0,0,0,0
33.6371,4,0,0,0,0,0,0,0,0,0,0
33.6371,5,0,0,0,0,0,0,0,0,0,0
33.6901,0,-0.000259725,-0.0442824,2.05999,0,0,5.26877e-08,2.06046,0,0,0
33.6901,1,2.99974,-0.0442824,2.05999,1.15853e-15,5.32905e-17,1.79372e-07,3.63922,0,0,0
33.6901,2,2.99974,2.95572,2.05999,-4.55488e-26,5.1151e-27,-1.44434e-09,4.6881,0,0,0
33.6901,3,0,0,0,0,0,0,0,0,0,0
33.6901,4,0,0,0,0,0,0,0,0,0,0
33.6901,5,0,0,0,0,0,0,0,0,0,0
33.7402,0,-0.000259725,-0.0442824,2.05999,0,0,5.26877e-08,2.06046,0,0,0
33.7402,1,2.99974,-0.0442824,2.05999,1.16193e-15,5.59681e-17,1.27912e-07,3.63922,0,0,0
33.7402,2,2.99974,2.95572,2.05999,4.09494e-26,-6.23596e-28,1.23259e-09,4.6881,0,0,0
33.7402,3,0,0,0,0,0,0,0,0,0,0
33.7402,4,0,0,0,0,0,0,0,0,0,0
33.7402,5,0,0,0,0,0,0,0,0,0,0
33.7934,0,-0.000259725,-0.0442824,2.05999,0,0,3.23454e-08,2.06046,0,0,0
33.7934,1,2.99974,-0.0442824,2.05999,1.16518e-15,5.85182e-17,9.15272e-08,3.63922,0,0,0
33.7934,2,2.99974,2.95572,2.05999,-7.35162e-27,2.41553e-26,3.1138e-09,4.6881,0,0,0
33.7934,3,0,0,0,0,0,0,0,0,0,0
33.7934,4,0,0,0,0,0,0,0,0,0,0
33.7934,5,0,0,0,0,0,0,0,0,0,0
33.8446,0,-0.000259725,-0.0442824,2.05999,0,0,2.49092e-08,2.06046,0,0,0
33.8446,1,2.99974,-0.0442824,2.05999,1.16842e-15,6.10682e-17,6.20228e-08,3.63922,0,0,0
33.8446,2,2.99974,2.95572,2.05999,-1.90753e-25,1.13397e-25,5.21253e-09,4.6881,0,0,0
33.8446,3,0,0,0,0,0,0,0,0,0,0
33.8446,4,0,0,0,0,0,0,0,0,0,0
33.8446,5,0,0,0,0,0,0,0,0,0,0
33.8948,0,-0.000259725,-0.0442824,2.05999,0,0,2.49092e-08,2.06046,0,0,0
33.8948,1,2.99974,-0.0442824,2.05999,1.17874e-15,4.48384e-17,3.67976e-08,3.63922,0,0,0
33.8948,2,2.99974,2.95572,2.05999,-3.37676e-25,1.89618e-25,7.70126e-09,4.6881,0,0,0
33.8948,3,0,0,0,0,0,0,0,0,0,0
33.8948,4,0,0,0,0,0,0,0,0,0,0
33.8948,5,0,0,0,0,0,0,0,0,0,0
33.9488,0,-0.000259725,-0.0442824,2.05999,0,0,1.93268e-08,2.06046,0,0,0
33.9488,1,2.99974,-0.0442824,2.05999,1.18226e-15,4.66749e-17,1.51703e-08,3.63922,0,0,0
33.9488,2,2.99974,2.95572,2.05999,4.98274e-25,1.07471e-25,1.15868e-08,4.6881,0,0,0
33.9488,3,0,0,0,0,0,0,0,0,0,0
33.9488,4,0,0,0,0,0,0,0,0,0,0
33.9488,5,0,0,0,0,0,0,0,0,0,0
33.999,0,-0.000259725,-0.0442824,2.05999,0,0,1.37593e-08,2.06046,0,0,0
33.999,1,2.99974,-0.0442824,2.05999,1.18578e-15,4.85114e-17,-5.17486e-09,3.63922,0,0,0
33.999,2,2.99974,2.95572,2.05999,1.62973e-24,-6.13992e-25,1.49828e-08,4.6881,0,0,0
33.999,3,0,0,0,0,0,0,0,0,0,0
33.999,4,0,0,0,0,0,0,0,0,0,0
33.999,5,0,0,0,0,0,0,0,0,0,0
34.0525,0,-0.000259725,-0.0442824,2.05999,0,0,8.41497e-09,2.06046,0,0,0
34.0525,1,2.99974,-0.0442824,2.05999,1.1893e-15,5.03479e-17,-1.69592e-08,3.63922,0,0,0
34.0525,2,2.99974,2.95572,2.05999,1.53623e-24,-2.00743e-24,1.91375e-08,4.6881,0,0,0
34.0525,3,0,0,0,0,0,0,0,0,0,0
34.0525,4,0,0,0,0,0,0,0,0,0,0
34.0525,5,0,0,0,0,0,0,0,0,0,0
34.1078,0,-0.000259725,-0.0442824,2.05999,0,0,4.67498e-09,2.06046,0,0,0
34.1078,1,2.99974,-0.0442824,2.05999,1.19282e-15,5.21844e-17,-2.35922e-08,3.63922,0,0,0
34.1078,2,2.99974,2.95572,2.05999,2.82346e-25,-2.46536e-24,2.04176e-08,4.6881,0,0,0
34.1078,3,0,0,0,0,0,0,0,0,0,0
34.1078,4,0,0,0,0,0,0,0,0,0,0
34.1078,5,0,0,0,0,0,0,0,0,0,0
34.1606,0,-0.000259725,-0.0442824,2.05999,0,0,2.01575e-09,2.06046,0,0,0
34.1606,1,2.99974,-0.0442824,2.05999,1.19634e-15,5.40208e-17,-3.45056e-08,3.63922,0,0,0
34.1606,2,2.99974,2.95572,2.05999,-2.12857e-24,-1.89484e-24,2.47487e-08,4.6881,0,0,0
34.1606,3,0,0,0,0,0,0,0,0,0,0
34.1606,4,0,0,0,0,0,0,0,0,0,0
34.1606,5,0,0,0,0,0,0,0,0,0,0
34.2134,0,-0.000259725,-0.0442824,2.05999,0,0,1.02249e-09,2.06046,0,0,0
34.2134,1,2.99974,-0.0442824,2.05999,1.20723e-15,3.74578e-17,-5.2766e-08,3.63922,0,0,0
34.2134,2,2.99974,2.95572,2.05999,-2.28218e-24,-1.30282e-24,2.66393e-08,4.6881,0,0,0
34.2134,3,0,0,0,0,0,0,0,0,0,0
34.2134,4,0,0,0,0,0,0,0,0,0,0
34.2134,5,0,0,0,0,0,0,0,0,0,0
34.2635,0,-0.000259725,-0.0442824,2.05999,0,0,1.47813e-09,2.06046,0,0,0
34.2635,1,2.99974,-0.0442824,2.05999,1.21123e-15,3.86467e-17,-5.44075e-08,3.63922,0,0,0
34.2635,2,2.99974,2.95572,2.05999,-2.17178e-25,-8.79054e-25,3.06621e-08,4.6881,0,0,0
34.2635,3,0,0,0,0,0,0,0,0,0,0
34.2635,4,0,0,0,0,0,0,0,0,0,0
34.2635,5,0,0,0,0,0,0,0,0,0,0
34.3137,0,-0.000259725,-0.0442824,2.05999,0,0,2.93087e-09,2.06046,0,0,0
34.3137,1,2.99974,-0.0442824,2.05999,1.21503e-15,3.97791e-17,-6.73389e-08,3.63922,0,0,0
34.3137,2,2.99974,2.95572,2.05999,2.36956e-24,-3.0224e-25,3.58441e-08,4.6881,0,0,0
34.3137,3,0,0,0,0,0,0,0,0,0,0
34.3137,4,0,0,0,0,0,0,0,0,0,0
34.3137,5,0,0,0,0,0,0,0,0,0,0
34.3639,0,-0.000259725,-0.0442824,2.05999,0,0,3.14713e-09,2.06046,0,0,0
34.3639,1,2.99974,-0.0442824,2.05999,1.21883e-15,4.09114e-17,-7.25684e-08,3.63922,0,0,0
34.3639,2,2.99974,2.95572,2.05999,5.37438e-24,6.82028e-26,4.04425e-08,4.6881,0,0,0
34.3639,3,0,0,0,0,0,0,0,0,0,0
34.3639,4,0,0,0,0,0,0,0,0,0,0
34.3639,5,0,0,0,0,0,0,0,0,0,0
34.4144,0,-0.000259725,-0.0442824,2.05999,0,0,2.59236e-09,2.06046,0,0,0
34.4144,1,2.99974,-0.0442824,2.05999,1.22755e-15,2.10842e-17,-7.65226e-08,3.63922,0,0,0
34.4144,2,2.99974,2.95572,2.05999,4.06519e-24,-1.19205e-24,4.53111e-08,4.6881,0,0,0
34.4144,3,0,0,0,0,0,0,0,0,0,0
34.4144,4,0,0,0,0,0,0,0,0,0,0
34.4144,5,0,0,0,0,0,0,0,0,0,0
34.47,0,-0.000259725,-0.0442824,2.05999,0,0,3.46378e-09,2.06046,0,0,0
34.47,1,2.99974,-0.0442824,2.05999,1.23175e-15,2.14414e-17,-7.65455e-08,3.63922,0,0,0
34.47,2,2.99974,2.95572,2.05999,2.13978e-24,-2.23931e-24,4.91797e-08,4.6881,0,0,0
34.47,3,0,0,0,0,0,0,0,0,0,0
34.47,4,0,0,0,0,0,0,0,0,0,0
34.47,5,0,0,0,0,0,0,0,0,0,0
34.5202,0,-0.000259725,-0.0442824,2.05999,0,0,3.83442e-09,2.06046,0,0,0
34.5202,1,2.99974,-0.0442824,2.05999,1.23596e-15,2.17986e-17,-7.96847e-08,3.63922,0,0,0
34.5202,2,2.99974,2.95572,2.05999,-7.32979e-26,-3.11516e-24,5.43297e-08,4.6881,0,0,0
34.5202,3,0,0,0,0,0,0,0,0,0,0
34.5202,4,0,0,0,0,0,0,0,0,0,0
34.5202,5,0,0,0,0,0,0,0,0,0,0
34.5708,0,-0.000259725,-0.0442824,2.05999,0,0,6.22324e-09,2.06046,0,0,0
34.5708,1,2.99974,-0.0442824,2.05999,1.2357e-15,4.30885e-17,-8.68017e-08,3.63922,0,0,0
34.5708,2,2.99974,2.95572,2.05999,-2.46095e-25,-4.87267e-24,5.83711e-08,4.6881,0,0,0
34.5708,3,0,0,0,0,0,0,0,0,0,0
34.5708,4,0,0,0,0,0,0,0,0,0,0
34.5708,5,0,0,0,0,0,0,0,0,0,0
34.6217,0,-0.000259725,-0.0442824,2.05999,0,0,9.07617e-09,2.06046,0,0,0
34.6217,1,2.99974,-0.0442824,2.05999,1.23951e-15,4.42212e-17,-8.96178e-08,3.63922,0,0,0
34.6217,2,2.99974,2.95572,2.05999,2.40976e-24,-4.29301e-24,6.00388e-08,4.6881,0,0,0
34.6217,3,0,0,0,0,0,0,0,0,0,0
34.6217,4,0,0,0,0,0,0,0,0,0,0
34.6217,5,0,0,0,0,0,0,0,0,0,0
34.677,0,-0.000259725,-0.0442824,2.05999,0,0,1.31004e-08,2.06046,0,0,0
34.677,1,2.99974,-0.0442824,2.05999,1.24333e-15,4.53539e-17,-8.48259e-08,3.63922,0,0,0
34.677,2,2.99974,2.95572,2.05999,2.17383e-24,-2.43894e-25,6.28794e-08,4.6881,0,0,0
34.677,3,0,0,0,0,0,0,0,0,0,0
34.677,4,0,0,0,0,0,0,0,0,0,0
34.677,5,0,0,0,0,0,0,0,0,0,0
34.7323,0,-0.000259725,-0.0442824,2.05999,0,0,1.72278e-08,2.06046,0,0,0
34.7323,1,2.99974,-0.0442824,2.05999,1.24733e-15,4.65433e-17,-9.09139e-08,3.63922,0,0,0
34.7323,2,2.99974,2.95572,2.05999,1.27368e-24,2.75965e-24,6.99316e-08,4.6881,0,0,0
34.7323,3,0,0,0,0,0,0,0,0,0,0
34.7323,4,0,0,0,0,0,0,0,0,0,0
34.7323,5,0,0,0,0,0,0,0,0,0,0
34.7826,0,-0.000259725,-0.0442824,2.05999,0,0,2.026e-08,2.06046,0,0,0
34.7826,1,2.99974,-0.0442824,2.05999,1.2441e-15,6.65402e-17,-7.97807e-08,3.63922,0,0,0
34.7826,2,2.99974,2.95572,2.05999,4.14403e-24,4.29472e-24,7.44637e-08,4.6881,0,0,0
34.7826,3,0,0,0,0,0,0,0,0,0,0
34.7826,4,0,0,0,0,0,0,0,0,0,0
34.7826,5,0,0,0,0,0,0,0,0,0,0
34.8336,0,-0.000259725,-0.0442824,2.05999,0,0,2.26405e-08,2.06046,0,0,0
34.8336,1,2.99974,-0.0442824,2.05999,1.25651e-15,5.14606e-17,-3.7584e-08,3.63922,0,0,0
34.8336,2,2.99974,2.95572,2.05999,7.03646e-24,4.18456e-24,7.90234e-08,4.6881,0,0,0
34.8336,3,0,0,0,0,0,0,0,0,0,0
34.8336,4,0,0,0,0,0,0,0,0,0,0
34.8336,5,0,0,0,0,0,0,0,0,0,0
34.8881,0,-0.000259725,-0.0442824,2.05999,0,0,2.57938e-08,2.06046,0,0,0
34.8881,1,2.99974,-0.0442824,2.05999,1.26039e-15,5.26589e-17,1.75637e-08,3.63922,0,0,0
34.8881,2,2.99974,2.95572,2.05999,9.33276e-24,3.28815e-24,8.29697e-08,4.6881,0,0,0
34.8881,3,0,0,0,0,0,0,0,0,0,0
34.8881,4,0,0,0,0,0,0,0,0,0,0
34.8881,5,0,0,0,0,0,0,0,0,0,0
34.9399,0,-0.000259725,-0.0442824,2.05999,0,0,2.8626e-08,2.06046,0,0,0
34.9399,1,2.99974,-0.0442824,2.05999,1.26426e-15,5.38572e-17,8.07703e-08,3.63922,0,0,0
34.9399,2,2.99974,2.95572,2.05999,7.49015e-24,6.25683e-24,8.9186e-08,4.6881,0,0,0
34.9399,3,0,0,0,0,0,0,0,0,0,0
34.9399,4,0,0,0,0,0,0,0,0,0,0
34.9399,5,0,0,0,0,0,0,0,0,0,0
34.9931,0,-0.000259725,-0.0442824,2.05999,0,0,3.41125e-08,2.06046,0,0,0
34.9931,1,2.99974,-0.0442824,2.05999,1.26813e-15,5.50556e-17,1.0355e-07,3.63922,0,0,0
34.9931,2,2.99974,2.95572,2.05999,3.79269e-24,9.33831e-24,9.44944e-08,4.6881,0,0,0
34.9931,3,0,0,0,0,0,0,0,0,0,0
34.9931,4,0,0,0,0,0,0,0,0,0,0
34.9931,5,0,0,0,0,0,0,0,0,0,0
35.0435,0,-0.000259725,-0.0442824,2.05999,0,0,3.5835e-08,2.06046,0,0,0
35.0435,1,2.99974,-0.0442824,2.05999,1.272e-15,5.62539e-17,1.27848e-07,3.63922,0,0,0
35.0435,2,2.99974,2.95572,2.05999,1.5172e-24,9.2681e-24,9.7789e-08,4.6881,0,0,0
35.0435,3,0,0,0,0,0,0,0,0,0,0
35.0435,4,0,0,0,0,0,0,0,0,0,0
35.0435,5,0,0,0,0,0,0,0,0,0,0
35.0989,0,-0.000259725,-0.0442824,2.05999,0,0,4.01533e-08,2.06046,0,0,0
35.0989,1,2.99974,-0.0442824,2.05999,1.27352e-15,2.9227e-17,1.14931e-07,3.63922,0,0,0
35.0989,2,2.99974,2.95572,2.05999,-4.86773e-24,8.10129e-24,1.03087e-07,4.6881,0,0,0
35.0989,3,0,0,0,0,0,0,0,0,0,0
35.0989,4,0,0,0,0,0,0,0,0,0,0
35.0989,5,0,0,0,0,0,0,0,0,0,0
35.149,0,-0.000259725,-0.0442824,2.05999,0,0,4.43057e-08,2.06046,0,0,0
35.149,1,2.99974,-0.0442824,2.05999,1.2862e-15,1.23804e-17,8.318e-08,3.63922,0,0,0
35.149,2,2.99974,2.95572,2.05999,-8.16621e-24,7.57095e-24,1.10304e-07,4.6881,0,0,0
35.149,3,0,0,0,0,0,0,0,0,0,0
35.149,4,0,0,0,0,0,0,0,0,0,0
35.149,5,0,0,0,0,0,0,0,0,0,0
35.1992,0,-0.000259725,-0.0442824,2.05999,0,0,4.69532e-08,2.06046,0,0,0
35.1992,1,2.99974,-0.0442824,2.05999,1.29035e-15,1.18747e-17,6.53397e-08,3.63922,0,0,0
35.1992,2,2.99974,2.95572,2.05999,-9.31112e-24,6.91075e-24,1.14787e-07,4.6881,0,0,0
35.1992,3,0,0,0,0,0,0,0,0,0,0
35.1992,4,0,0,0,0,0,0,0,0,0,0
35.1992,5,0,0,0,0,0,0,0,0,0,0
35.2575,0,-0.000259725,-0.0442824,2.05999,0,0,5.05444e-08,2.06046,0,0,0
35.2575,1,2.99974,-0.0442824,2.05999,1.29947e-15,-9.5266e-18,5.51123e-08,3.63922,0,0,0
35.2575,2,2.99974,2.95572,2.05999,-1.52964e-23,3.97907e-24,1.18567e-07,4.6881,0,0,0
35.2575,3,0,0,0,0,0,0,0,0,0,0
35.2575,4,0,0,0,0,0,0,0,0,0,0
35.2575,5,0,0,0,0,0,0,0,0,0,0
35.3077,0,-0.000259725,-0.0442824,2.05999,0,0,5.33816e-08,2.06046,0,0,0
35.3077,1,2.99974,-0.0442824,2.05999,1.30426e-15,-1.09526e-17,4.51038e-08,3.63922,0,0,0
35.3077,2,2.99974,2.95572,2.05999,-1.96294e-23,-5.53116e-24,1.23302e-07,4.6881,0,0,0
35.3077,3,0,0,0,0,0,0,0,0,0,0
35.3077,4,0,0,0,0,0,0,0,0,0,0
35.3077,5,0,0,0,0,0,0,0,0,0,0
35.3578,0,-0.000259725,-0.0442824,2.05999,0,0,5.91612e-08,2.06046,0,0,0
35.3578,1,2.99974,-0.0442824,2.05999,1.30883e-15,-1.23138e-17,3.70553e-08,3.63922,0,0,0
35.3578,2,2.99974,2.95572,2.05999,-1.73776e-23,-1.06256e-23,1.28324e-07,4.6881,0,0,0
35.3578,3,0,0,0,0,0,0,0,0,0,0
35.3578,4,0,0,0,0,0,0,0,0,0,0
35.3578,5,0,0,0,0,0,0,0,0,0,0
35.4079,0,-0.000259725,-0.0442824,2.05999,0,0,6.27966e-08,2.06046,0,0,0
35.4079,1,2.99974,-0.0442824,2.05999,1.31879e-15,-3.39211e-17,3.16501e-08,3.63922,0,0,0
35.4079,2,2.99974,2.95572,2.05999,-1.15231e-23,-3.33387e-24,1.32678e-07,4.6881,0,0,0
35.4079,3,0,0,0,0,0,0,0,0,0,0
35.4079,4,0,0,0,0,0,0,0,0,0,0
35.4079,5,0,0,0,0,0,0,0,0,0,0
35.4582,0,-0.000259725,-0.0442824,2.05999,0,0,6.8073e-08,2.06046,0,0,0
35.4582,1,2.99974,-0.0442824,2.05999,1.32382e-15,-3.61926e-17,2.7262e-08,3.63922,0,0,0
35.4582,2,2.99974,2.95572,2.05999,-1.15231e-23,-3.33387e-24,1.32678e-07,4.6881,0,0,0
35.4582,3,0,0,0,0,0,0,0,0,0,0
35.4582,4,0,0,0,0,0,0,0,0,0,0
35.4582,5,0,0,0,0,0,0,0,0,0,0
35.516,0,-0.000259725,-0.0442824,2.05999,0,0,7.4749e-08,2.06046,0,0,0
35.516,1,2.99974,-0.0442824,2.05999,1.32886e-15,-3.84642e-17,2.33751e-08,3.63922,0,0,0
35.516,2,2.99974,2.95572,2.05999,-4.7371e-24,1.14976e-23,1.41155e-07,4.6881,0,0,0
35.516,3,0,0,0,0,0,0,0,0,0,0
35.516,4,0,0,0,0,0,0,0,0,0,0
35.516,5,0,0,0,0,0,0,0,0,0,0
35.5689,0,-0.000259725,-0.0442824,2.05999,0,0,7.8864e-08,2.06046,0,0,0
35.5689,1,2.99974,-0.0442824,2.05999,1.33343e-15,-4.05293e-17,2.10287e-08,3.63922,0,0,0
35.5689,2,2.99974,2.95572,2.05999,2.33057e-24,1.22907e-23,1.4547e-07,4.6881,0,0,0
35.5689,3,0,0,0,0,0,0,0,0,0,0
35.5689,4,0,0,0,0,0,0,0,0,0,0
35.5689,5,0,0,0,0,0,0,0,0,0,0
35.6259,0,-0.000259725,-0.0442824,2.05999,0,0,8.38488e-08,2.06046,0,0,0
35.6259,1,2.99974,-0.0442824,2.05999,1.33801e-15,-4.25943e-17,1.89894e-08,3.63922,0,0,0
35.6259,2,2.99974,2.95572,2.05999,3.93567e-24,7.07391e-24,1.52533e-07,4.6881,0,0,0
35.6259,3,0,0,0,0,0,0,0,0,0,0
35.6259,4,0,0,0,0,0,0,0,0,0,0
35.6259,5,0,0,0,0,0,0,0,0,0,0
35.6786,0,-0.000259725,-0.0442824,2.05999,0,0,8.81004e-08,2.06046,0,0,0
35.6786,1,2.99974,-0.0442824,2.05999,1.33801e-15,-4.25943e-17,1.83419e-08,3.63922,0,0,0
35.6786,2,2.99974,2.95572,2.05999,-2.91322e-25,8.39538e-24,1.57042e-07,4.6881,0,0,0
35.6786,3,0,0,0,0,0,0,0,0,0,0
35.6786,4,0,0,0,0,0,0,0,0,0,0
35.6786,5,0,0,0,0,0,0,0,0,0,0
35.7327,0,-0.000259725,-0.0442824,2.05999,0,0,9.12388e-08,2.06046,0,0,0
35.7327,1,2.99974,-0.0442824,2.05999,1.34304e-15,-4.48659e-17,1.86235e-08,3.63922,0,0,0
35.7327,2,2.99974,2.95572,2.05999,-2.91322e-25,8.39538e-24,1.57042e-07,4.6881,0,0,0
35.7327,3,0,0,0,0,0,0,0,0,0,0
35.7327,4,0,0,0,0,0,0,0,0,0,0
35.7327,5,0,0,0,0,0,0,0,0,0,0
35.7907,0,-0.000259725,-0.0442824,2.05999,0,0,9.62187e-08,2.06046,0,0,0
35.7907,1,2.99974,-0.0442824,2.05999,1.34762e-15,-4.69309e-17,1.93151e-08,3.63922,0,0,0
35.7907,2,2.99974,2.95572,2.05999,4.3851e-24,5.48138e-24,1.71069e-07,4.6881,0,0,0
35.7907,3,0,0,0,0,0,0,0,0,0,0
35.7907,4,0,0,0,0,0,0,0,0,0,0
35.7907,5,0,0,0,0,0,0,0,0,0,0
35.8409,0,-0.000259725,-0.0442824,2.05999,0,0,1.02462e-07,2.06046,0,0,0
35.8409,1,2.99974,-0.0442824,2.05999,1.36477e-15,-4.33915e-17,1.94427e-08,3.63922,0,0,0
35.8409,2,2.99974,2.95572,2.05999,4.3359e-24,-2.07886e-24,1.76101e-07,4.6881,0,0,0
35.8409,3,0,0,0,0,0,0,0,0,0,0
35.8409,4,0,0,0,0,0,0,0,0,0,0
35.8409,5,0,0,0,0,0,0,0,0,0,0
35.8914,0,-0.000259725,-0.0442824,2.05999,0,0,1.06795e-07,2.06046,0,0,0
35.8914,1,2.99974,-0.0442824,2.05999,1.36077e-15,-2.74099e-17,2.05277e-08,3.63922,0,0,0
35.8914,2,2.99974,2.95572,2.05999,4.3359e-24,-2.07886e-24,1.76101e-07,4.6881,0,0,0
35.8914,3,0,0,0,0,0,0,0,0,0,0
35.8914,4,0,0,0,0,0,0,0,0,0,0
35.8914,5,0,0,0,0,0,0,0,0,0,0
35.9415,0,-0.000259725,-0.0442824,2.05999,0,0,1.10012e-07,2.06046,0,0,0
35.9415,1,2.99974,-0.0442824,2.05999,1.36529e-15,-2.85391e-17,2.16135e-08,3.63922,0,0,0
35.9415,2,2.99974,2.95572,2.05999,1.50195e-24,-1.27666e-23,1.85545e-07,4.6881,0,0,0
35.9415,3,0,0,0,0,0,0,0,0,0,0
35.9415,4,0,0,0,0,0,0,0,0,0,0
35.9415,5,0,0,0,0,0,0,0,0,0,0
35.9919,0,-0.000259725,-0.0442824,2.05999,0,0,1.16525e-07,2.06046,0,0,0
35.9919,1,2.99974,-0.0442824,2.05999,1.37004e-15,-2.97247e-17,2.41418e-08,3.63922,0,0,0
35.9919,2,2.99974,2.95572,2.05999,3.93181e-24,-1.52761e-23,1.91103e-07,4.6881,0,0,0
35.9919,3,0,0,0,0,0,0,0,0,0,0
35.9919,4,0,0,0,0,0,0,0,0,0,0
35.9919,5,0,0,0,0,0,0,0,0,0,0
36.0421,0,-0.000259725,-0.0442824,2.05999,0,0,1.21033e-07,2.06046,0,0,0
36.0421,1,2.99974,-0.0442824,2.05999,1.36583e-15,-1.33428e-17,2.6126e-08,3.63922,0,0,0
36.0421,2,2.99974,2.95572,2.05999,-9.78225e-25,-1.79993e-23,1.93354e-07,4.6881,0,0,0
36.0421,3,0,0,0,0,0,0,0,0,0,0
36.0421,4,0,0,0,0,0,0,0,0,0,0
36.0421,5,0,0,0,0,0,0,0,0,0,0
36.0933,0,-0.000259725,-0.0442824,2.05999,0,0,1.26492e-07,2.06046,0,0,0
36.0933,1,2.99974,-0.0442824,2.05999,1.36583e-15,-1.33428e-17,2.89381e-08,3.63922,0,0,0
36.0933,2,2.99974,2.95572,2.05999,-9.1622e-24,-2.26045e-23,1.98283e-07,4.6881,0,0,0
36.0933,3,0,0,0,0,0,0,0,0,0,0
36.0933,4,0,0,0,0,0,0,0,0,0,0
36.0933,5,0,0,0,0,0,0,0,0,0,0
36.1441,0,-0.000259725,-0.0442824,2.05999,0,0,1.30087e-07,2.06046,0,0,0
36.1441,1,2.99974,-0.0442824,2.05999,1.3744e-15,-1.43331e-17,3.10684e-08,3.63922,0,0,0
36.1441,2,2.99974,2.95572,2.05999,-5.49059e-24,-1.5305e-23,2.03486e-07,4.6881,0,0,0
36.1441,3,0,0,0,0,0,0,0,0,0,0
36.1441,4,0,0,0,0,0,0,0,0,0,0
36.1441,5,0,0,0,0,0,0,0,0,0,0
36.1969,0,-0.000259725,-0.0442824,2.05999,0,0,1.35724e-07,2.06046,0,0,0
36.1969,1,2.99974,-0.0442824,2.05999,1.37879e-15,-1.48403e-17,3.49665e-08,3.63922,0,0,0
36.1969,2,2.99974,2.95572,2.05999,1.48887e-23,2.43507e-24,2.06276e-07,4.6881,0,0,0
36.1969,3,0,0,0,0,0,0,0,0,0,0
36.1969,4,0,0,0,0,0,0,0,0,0,0
36.1969,5,0,0,0,0,0,0,0,0,0,0
36.2472,0,-0.000259725,-0.0442824,2.05999,0,0,1.42361e-07,2.06046,0,0,0
36.2472,1,2.99974,-0.0442824,2.05999,1.38695e-15,-1.13412e-17,3.74262e-08,3.63922,0,0,0
36.2472,2,2.99974,2.95572,2.05999,1.91951e-23,1.08627e-23,1.51561e-07,4.6881,0,0,0
36.2472,3,0,0,0,0,0,0,0,0,0,0
36.2472,4,0,0,0,0,0,0,0,0,0,0
36.2472,5,0,0,0,0,0,0,0,0,0,0
36.3002,0,-0.000259725,-0.0442824,2.05999,0,0,1.4852e-07,2.06046,0,0,0
36.3002,1,2.99974,-0.0442824,2.05999,1.38206e-15,6.00366e-18,3.96337e-08,3.63922,0,0,0
36.3002,2,2.99974,2.95572,2.05999,1.11644e-23,1.09786e-23,9.18194e-08,4.6881,0,0,0
36.3002,3,0,0,0,0,0,0,0,0,0,0
36.3002,4,0,0,0,0,0,0,0,0,0,0
36.3002,5,0,0,0,0,0,0,0,0,0,0
36.3504,0,-0.000259725,-0.0442824,2.05999,0,0,1.55593e-07,2.06046,0,0,0
36.3504,1,2.99974,-0.0442824,2.05999,1.38604e-15,6.3137e-18,4.26133e-08,3.63922,0,0,0
36.3504,2,2.99974,2.95572,2.05999,3.83895e-24,5.34936e-24,4.66475e-08,4.6881,0,0,0
36.3504,3,0,0,0,0,0,0,0,0,0,0
36.3504,4,0,0,0,0,0,0,0,0,0,0
36.3504,5,0,0,0,0,0,0,0,0,0,0
36.4039,0,-0.000259725,-0.0442824,2.05999,0,0,1.62855e-07,2.06046,0,0,0
36.4039,1,2.99974,-0.0442824,2.05999,1.39002e-15,6.62374e-18,4.74192e-08,3.63922,0,0,0
36.4039,2,2.99974,2.95572,2.05999,1.08448e-24,9.20508e-25,2.20987e-08,4.6881,0,0,0
36.4039,3,0,0,0,0,0,0,0,0,0,0
36.4039,4,0,0,0,0,0,0,0,0,0,0
36.4039,5,0,0,0,0,0,0,0,0,0,0
36.4618,0,-0.000259725,-0.0442824,2.05999,0,0,1.68283e-07,2.06046,0,0,0
36.4618,1,2.99974,-0.0442824,2.05999,1.38904e-15,2.78357e-17,5.0572e-08,3.63922,0,0,0
36.4618,2,2.99974,2.95572,2.05999,1.71453e-25,-1.12261e-25,6.05162e-09,4.6881,0,0,0
36.4618,3,0,0,0,0,0,0,0,0,0,0
36.4618,4,0,0,0,0,0,0,0,0,0,0
36.4618,5,0,0,0,0,0,0,0,0,0,0
36.5145,0,-0.000259725,-0.0442824,2.05999,0,0,1.73601e-07,2.06046,0,0,0
36.5145,1,2.99974,-0.0442824,2.05999,1.39282e-15,2.89361e-17,5.62244e-08,3.63922,0,0,0
36.5145,2,2.99974,2.95572,2.05999,9.72203e-25,5.05186e-25,-1.33139e-08,4.6881,0,0,0
36.5145,3,0,0,0,0,0,0,0,0,0,0
36.5145,4,0,0,0,0,0,0,0,0,0,0
36.5145,5,0,0,0,0,0,0,0,0,0,0
36.5649,0,-0.000259725,-0.0442824,2.05999,0,0,1.80144e-07,2.06046,0,0,0
36.5649,1,2.99974,-0.0442824,2.05999,1.3966e-15,3.00365e-17,6.17709e-08,3.63922,0,0,0
36.5649,2,2.99974,2.95572,2.05999,3.6157e-24,3.75657e-25,-2.78444e-08,4.6881,0,0,0
36.5649,3,0,0,0,0,0,0,0,0,0,0
36.5649,4,0,0,0,0,0,0,0,0,0,0
36.5649,5,0,0,0,0,0,0,0,0,0,0
36.6166,0,-0.000259725,-0.0442824,2.05999,0,0,1.83893e-07,2.06046,0,0,0
36.6166,1,2.99974,-0.0442824,2.05999,1.39437e-15,5.09854e-17,6.4603e-08,3.63922,0,0,0
36.6166,2,2.99974,2.95572,2.05999,6.25031e-24,5.41249e-25,-4.39652e-08,4.6881,0,0,0
36.6166,3,0,0,0,0,0,0,0,0,0,0
36.6166,4,0,0,0,0,0,0,0,0,0,0
36.6166,5,0,0,0,0,0,0,0,0,0,0
36.6668,0,-0.000259725,-0.0442824,2.05999,0,0,1.88391e-07,2.06046,0,0,0
36.6668,1,2.99974,-0.0442824,2.05999,1.39791e-15,5.28382e-17,7.02939e-08,3.63922,0,0,0
36.6668,2,2.99974,2.95572,2.05999,6.7769e-24,1.3215e-24,-5.02316e-08,4.6881,0,0,0
36.6668,3,0,0,0,0,0,0,0,0,0,0
36.6668,4,0,0,0,0,0,0,0,0,0,0
36.6668,5,0,0,0,0,0,0,0,0,0,0
36.7172,0,-0.000259725,-0.0442824,2.05999,0,0,1.95487e-07,2.06046,0,0,0
36.7172,1,2.99974,-0.0442824,2.05999,1.40163e-15,5.47836e-17,7.30383e-08,3.63922,0,0,0
36.7172,2,2.99974,2.95572,2.05999,7.5397e-24,1.59434e-24,-6.09938e-08,4.6881,0,0,0
36.7172,3,0,0,0,0,0,0,0,0,0,0
36.7172,4,0,0,0,0,0,0,0,0,0,0
36.7172,5,0,0,0,0,0,0,0,0,0,0
36.7727,0,-0.000259725,-0.0442824,2.05999,0,0,2.01107e-07,2.06046,0,0,0
36.7727,1,2.99974,-0.0442824,2.05999,1.40517e-15,5.66364e-17,7.89272e-08,3.63922,0,0,0
36.7727,2,2.99974,2.95572,2.05999,7.05919e-24,-1.32865e-24,-6.85092e-08,4.6881,0,0,0
36.7727,3,0,0,0,0,0,0,0,0,0,0
36.7727,4,0,0,0,0,0,0,0,0,0,0
36.7727,5,0,0,0,0,0,0,0,0,0,0
36.8232,0,-0.000259725,-0.0442824,2.05999,0,0,1.93336e-07,2.06046,0,0,0
36.8232,1,2.99974,-0.0442824,2.05999,1.40889e-15,5.85818e-17,8.38597e-08,3.63922,0,0,0
36.8232,2,2.99974,2.95572,2.05999,8.14628e-24,-4.80992e-24,-8.24322e-08,4.6881,0,0,0
36.8232,3,0,0,0,0,0,0,0,0,0,0
36.8232,4,0,0,0,0,0,0,0,0,0,0
36.8232,5,0,0,0,0,0,0,0,0,0,0
36.8746,0,-0.000259725,-0.0442824,2.05999,0,0,1.56028e-07,2.06046,0,0,0
36.8746,1,2.99974,-0.0442824,2.05999,1.41278e-15,6.06198e-17,8.89541e-08,3.63922,0,0,0
36.8746,2,2.99974,2.95572,2.05999,4.95298e-24,-4.27176e-24,-8.41543e-08,4.6881,0,0,0
36.8746,3,0,0,0,0,0,0,0,0,0,0
36.8746,4,0,0,0,0,0,0,0,0,0,0
36.8746,5,0,0,0,0,0,0,0,0,0,0
36.9323,0,-0.000259725,-0.0442824,2.05999,0,0,9.77317e-08,2.06047,0,0,0
36.9323,1,2.99974,-0.0442824,2.05999,1.41632e-15,6.24726e-17,9.22347e-08,3.63922,0,0,0
36.9323,2,2.99974,2.95572,2.05999,2.29891e-24,-2.92023e-24,-9.21076e-08,4.6881,0,0,0
36.9323,3,0,0,0,0,0,0,0,0,0,0
36.9323,4,0,0,0,0,0,0,0,0,0,0
36.9323,5,0,0,0,0,0,0,0,0,0,0
36.9825,0,-0.000259725,-0.0442824,2.05999,0,0,5.6833e-08,2.06047,0,0,0
36.9825,1,2.99974,-0.0442824,2.05999,1.41987e-15,6.43254e-17,9.69242e-08,3.63922,0,0,0
36.9825,2,2.99974,2.95572,2.05999,-2.27503e-24,-2.43638e-24,-9.56761e-08,4.6881,0,0,0
36.9825,3,0,0,0,0,0,0,0,0,0,0
36.9825,4,0,0,0,0,0,0,0,0,0,0
36.9825,5,0,0,0,0,0,0,0,0,0,0
37.0331,0,-0.000259725,-0.0442824,2.05999,0,0,3.03823e-08,2.06047,0,0,0
37.0331,1,2.99974,-0.0442824,2.05999,1.42341e-15,6.61781e-17,1.00675e-07,3.63922,0,0,0
37.0331,2,2.99974,2.95572,2.05999,-1.20792e-23,-3.95262e-24,-9.3752e-08,4.6881,0,0,0
37.0331,3,0,0,0,0,0,0,0,0,0,0
37.0331,4,0,0,0,0,0,0,0,0,0,0
37.0331,5,0,0,0,0,0,0,0,0,0,0
37.0852,0,-0.000259725,-0.0442824,2.05999,0,0,5.91634e-09,2.06047,0,0,0
37.0852,1,2.99974,-0.0442824,2.05999,1.43582e-15,5.10989e-17,1.05578e-07,3.63922,0,0,0
37.0852,2,2.99974,2.95572,2.05999,-1.29632e-23,-1.82877e-24,-9.59659e-08,4.6881,0,0,0
37.0852,3,0,0,0,0,0,0,0,0,0,0
37.0852,4,0,0,0,0,0,0,0,0,0,0
37.0852,5,0,0,0,0,0,0,0,0,0,0
37.1354,0,-0.000259725,-0.0442824,2.05999,0,0,-1.08168e-08,2.06047,0,0,0
37.1354,1,2.99974,-0.0442824,2.05999,1.42636e-15,8.45774e-17,1.1023e-07,3.63922,0,0,0
37.1354,2,2.99974,2.95572,2.05999,-1.04714e-23,-1.51238e-24,-8.54097e-08,4.6881,0,0,0
37.1354,3,0,0,0,0,0,0,0,0,0,0
37.1354,4,0,0,0,0,0,0,0,0,0,0
37.1354,5,0,0,0,0,0,0,0,0,0,0
37.1904,0,-0.000259725,-0.0442824,2.05999,0,0,-2.66137e-08,2.06047,0,0,0
37.1904,1,2.99974,-0.0442824,2.05999,1.43864e-15,7.00116e-17,1.17442e-07,3.63922,0,0,0
37.1904,2,2.99974,2.95572,2.05999,9.86715e-25,-7.1089e-26,8.43078e-09,4.6881,0,0,0
37.1904,3,0,0,0,0,0,0,0,0,0,0
37.1904,4,0,0,0,0,0,0,0,0,0,0
37.1904,5,0,0,0,0,0,0,0,0,0,0
37.2418,0,-0.000259725,-0.0442824,2.05999,0,0,-4.12911e-08,2.06047,0,0,0
37.2418,1,2.99974,-0.0442824,2.05999,1.45126e-15,5.48755e-17,1.23531e-07,3.63922,0,0,0
37.2418,2,2.99974,2.95572,2.05999,4.63155e-24,-2.66839e-24,5.65101e-08,4.6881,0,0,0
37.2418,3,0,0,0,0,0,0,0,0,0,0
37.2418,4,0,0,0,0,0,0,0,0,0,0
37.2418,5,0,0,0,0,0,0,0,0,0,0
37.292,0,-0.000259725,-0.0442824,2.05999,0,0,-5.45511e-08,2.06047,0,0,0
37.292,1,2.99974,-0.0442824,2.05999,1.45534e-15,5.6012e-17,1.27899e-07,3.63922,0,0,0
37.292,2,2.99974,2.95572,2.05999,3.82293e-24,-3.82293e-24,9.10401e-08,4.6881,0,0,0
37.292,3,0,0,0,0,0,0,0,0,0,0
37.292,4,0,0,0,0,0,0,0,0,0,0
37.292,5,0,0,0,0,0,0,0,0,0,0
37.3447,0,-0.000259725,-0.0442824,2.05999,0,0,-5.45511e-08,2.06047,0,0,0
37.3447,1,2.99974,-0.0442824,2.05999,1.45983e-15,5.72621e-17,1.34763e-07,3.63922,0,0,0
37.3447,2,2.99974,2.95572,2.05999,7.22798e-24,-2.89914e-24,1.17747e-07,4.6881,0,0,0
37.3447,3,0,0,0,0,0,0,0,0,0,0
37.3447,4,0,0,0,0,0,0,0,0,0,0
37.3447,5,0,0,0,0,0,0,0,0,0,0
37.3974,0,-0.000259725,-0.0442824,2.05999,0,0,-7.53281e-08,2.06047,0,0,0
37.3974,1,2.99974,-0.0442824,2.05999,1.46391e-15,5.83986e-17,1.40301e-07,3.63922,0,0,0
37.3974,2,2.99974,2.95572,2.05999,1.07892e-23,-1.05591e-23,1.36412e-07,4.6881,0,0,0
37.3974,3,0,0,0,0,0,0,0,0,0,0
37.3974,4,0,0,0,0,0,0,0,0,0,0
37.3974,5,0,0,0,0,0,0,0,0,0,0
37.4527,0,-0.000259725,-0.0442824,2.05999,0,0,-7.53281e-08,2.06047,0,0,0
37.4527,1,2.99974,-0.0442824,2.05999,1.46799e-15,5.9535e-17,1.45901e-07,3.63922,0,0,0
37.4527,2,2.99974,2.95572,2.05999,6.98769e-24,-8.87241e-24,1.05433e-07,4.6881,0,0,0
37.4527,3,0,0,0,0,0,0,0,0,0,0
37.4527,4,0,0,0,0,0,0,0,0,0,0
37.4527,5,0,0,0,0,0,0,0,0,0,0
37.5032,0,-0.000259725,-0.0442824,2.05999,0,0,-8.36239e-08,2.06047,0,0,0
37.5032,1,2.99974,-0.0442824,2.05999,1.47228e-15,6.07283e-17,1.49486e-07,3.63922,0,0,0
37.5032,2,2.99974,2.95572,2.05999,2.73977e-24,-6.17064e-24,7.31806e-08,4.6881,0,0,0
37.5032,3,0,0,0,0,0,0,0,0,0,0
37.5032,4,0,0,0,0,0,0,0,0,0,0
37.5032,5,0,0,0,0,0,0,0,0,0,0
37.5629,0,-0.000259725,-0.0442824,2.05999,0,0,-9.59134e-08,2.06047,0,0,0
37.5629,1,2.99974,-0.0442824,2.05999,1.47636e-15,6.18648e-17,1.55438e-07,3.63922,0,0,0
37.5629,2,2.99974,2.95572,2.05999,-3.1725e-25,-4.61774e-24,5.22558e-08,4.6881,0,0,0
37.5629,3,0,0,0,0,0,0,0,0,0,0
37.5629,4,0,0,0,0,0,0,0,0,0,0
37.5629,5,0,0,0,0,0,0,0,0,0,0
37.613,0,-0.000259725,-0.0442824,2.05999,0,0,-9.83176e-08,2.06047,0,0,0
37.613,1,2.99974,-0.0442824,2.05999,1.48064e-15,6.30581e-17,1.63948e-07,3.63922,0,0,0
37.613,2,2.99974,2.95572,2.05999,-2.24295e-24,-2.36066e-24,3.87759e-08,4.6881,0,0,0
37.613,3,0,0,0,0,0,0,0,0,0,0
37.613,4,0,0,0,0,0,0,0,0,0,0
37.613,5,0,0,0,0,0,0,0,0,0,0
37.6734,0,-0.000259725,-0.0442824,2.05999,0,0,-9.85992e-08,2.06047,0,0,0
37.6734,1,2.99974,-0.0442824,2.05999,1.48884e-15,6.81586e-17,1.70208e-07,3.63922,0,0,0
37.6734,2,2.99974,2.95572,2.05999,-2.32134e-24,-2.3833e-26,2.82647e-08,4.6881,0,0,0
37.6734,3,0,0,0,0,0,0,0,0,0,0
37.6734,4,0,0,0,0,0,0,0,0,0,0
37.6734,5,0,0,0,0,0,0,0,0,0,0
37.7236,0,-0.000259725,-0.0442824,2.05999,0,0,-6.07701e-08,2.06046,0,0,0
37.7236,1,2.99974,-0.0442824,2.05999,1.50197e-15,5.24622e-17,1.7692e-07,3.63922,0,0,0
37.7236,2,2.99974,2.95572,2.05999,-1.62453e-24,6.50478e-25,1.97803e-08,4.6881,0,0,0
37.7236,3,0,0,0,0,0,0,0,0,0,0
37.7236,4,0,0,0,0,0,0,0,0,0,0
37.7236,5,0,0,0,0,0,0,0,0,0,0
37.7738,0,-0.000259725,-0.0442824,2.05999,0,0,7.28032e-09,2.06046,0,0,0
37.7738,1,2.99974,-0.0442824,2.05999,1.50653e-15,5.309e-17,1.84137e-07,3.63922,0,0,0
37.7738,2,2.99974,2.95572,2.05999,-1.12417e-24,7.3551e-25,1.45866e-08,4.6881,0,0,0
37.7738,3,0,0,0,0,0,0,0,0,0,0
37.7738,4,0,0,0,0,0,0,0,0,0,0
37.7738,5,0,0,0,0,0,0,0,0,0,0
37.8282,0,-0.000259725,-0.0442824,2.05999,0,0,4.64863e-08,2.06046,0,0,0
37.8282,1,2.99974,-0.0442824,2.05999,1.51109e-15,5.37178e-17,1.9021e-07,3.63922,0,0,0
37.8282,2,2.99974,2.95572,2.05999,-6.68453e-25,1.74641e-25,8.92737e-09,4.6881,0,0,0
37.8282,3,0,0,0,0,0,0,0,0,0,0
37.8282,4,0,0,0,0,0,0,0,0,0,0
37.8282,5,0,0,0,0,0,0,0,0,0,0
37.8809,0,-0.000259725,-0.0442824,2.05999,0,0,8.01673e-08,2.06046,0,0,0
37.8809,1,2.99974,-0.0442824,2.05999,1.5187e-15,5.73895e-17,1.97695e-07,3.63922,0,0,0
37.8809,2,2.99974,2.95572,2.05999,-3.10455e-25,-5.99912e-26,4.44666e-09,4.6881,0,0,0
37.8809,3,0,0,0,0,0,0,0,0,0,0
37.8809,4,0,0,0,0,0,0,0,0,0,0
37.8809,5,0,0,0,0,0,0,0,0,0,0
37.9362,0,-0.000259725,-0.0442824,2.05999,0,0,8.01673e-08,2.06046,0,0,0
37.9362,1,2.99974,-0.0442824,2.05999,1.53212e-15,6.62884e-17,2.033e-07,3.63922,0,0,0
37.9362,2,2.99974,2.95572,2.05999,-2.03759e-26,1.0355e-26,-9.90357e-10,4.6881,0,0,0
37.9362,3,0,0,0,0,0,0,0,0,0,0
37.9362,4,0,0,0,0,0,0,0,0,0,0
37.9362,5,0,0,0,0,0,0,0,0,0,0
37.991,0,-0.000259725,-0.0442824,2.05999,0,0,1.17921e-07,2.06046,0,0,0
37.991,1,2.99974,-0.0442824,2.05999,1.53708e-15,6.73209e-17,2.08867e-07,3.63922,0,0,0
37.991,2,2.99974,2.95572,2.05999,-1.77134e-25,-2.46965e-26,-2.5249e-09,4.6881,0,0,0
37.991,3,0,0,0,0,0,0,0,0,0,0
37.991,4,0,0,0,0,0,0,0,0,0,0
37.991,5,0,0,0,0,0,0,0,0,0,0
38.0462,0,-0.000259725,-0.0442824,2.05999,0,0,9.01354e-08,2.06047,0,0,0
38.0462,1,2.99974,-0.0442824,2.05999,1.551e-15,5.13676e-17,1.89362e-07,3.63922,0,0,0
38.0462,2,2.99974,2.95572,2.05999,-6.58074e-26,5.37427e-26,-3.25184e-09,4.6881,0,0,0
38.0462,3,0,0,0,0,0,0,0,0,0,0
38.0462,4,0,0,0,0,0,0,0,0,0,0
38.0462,5,0,0,0,0,0,0,0,0,0,0
38.0964,0,-0.000259725,-0.0442824,2.05999,0,0,5.74224e-08,2.06047,0,0,0
38.0964,1,2.99974,-0.0442824,2.05999,1.5563e-15,5.17499e-17,1.26921e-07,3.63922,0,0,0
38.0964,2,2.99974,2.95572,2.05999,1.11356e-25,1.54695e-25,-3.56927e-09,4.6881,0,0,0
38.0964,3,0,0,0,0,0,0,0,0,0,0
38.0964,4,0,0,0,0,0,0,0,0,0,0
38.0964,5,0,0,0,0,0,0,0,0,0,0
38.1499,0,-0.000259725,-0.0442824,2.05999,0,0,3.79459e-08,2.06047,0,0,0
38.1499,1,2.99974,-0.0442824,2.05999,1.5616e-15,5.21323e-17,8.74884e-08,3.63922,0,0,0
38.1499,2,2.99974,2.95572,2.05999,3.89471e-25,4.64662e-26,-5.00968e-09,4.6881,0,0,0
38.1499,3,0,0,0,0,0,0,0,0,0,0
38.1499,4,0,0,0,0,0,0,0,0,0,0
38.1499,5,0,0,0,0,0,0,0,0,0,0
38.2013,0,-0.000259725,-0.0442824,2.05999,0,0,2.58119e-08,2.06047,0,0,0
38.2013,1,2.99974,-0.0442824,2.05999,1.56691e-15,5.25146e-17,5.67414e-08,3.63922,0,0,0
38.2013,2,2.99974,2.95572,2.05999,2.18228e-25,-1.89228e-25,-4.29912e-09,4.6881,0,0,0
38.2013,3,0,0,0,0,0,0,0,0,0,0
38.2013,4,0,0,0,0,0,0,0,0,0,0
38.2013,5,0,0,0,0,0,0,0,0,0,0
38.2526,0,-0.000259725,-0.0442824,2.05999,0,0,1.60142e-08,2.06047,0,0,0
38.2526,1,2.99974,-0.0442824,2.05999,1.57221e-15,5.28969e-17,3.33617e-08,3.63922,0,0,0
38.2526,2,2.99974,2.95572,2.05999,8.5633e-26,-4.3632e-25,-4.03001e-09,4.6881,0,0,0
38.2526,3,0,0,0,0,0,0,0,0,0,0
38.2526,4,0,0,0,0,0,0,0,0,0,0
38.2526,5,0,0,0,0,0,0,0,0,0,0
38.3048,0,-0.000259725,-0.0442824,2.05999,0,0,7.15415e-09,2.06047,0,0,0
38.3048,1,2.99974,-0.0442824,2.05999,1.57751e-15,5.32793e-17,8.85265e-09,3.63922,0,0,0
38.3048,2,2.99974,2.95572,2.05999,4.11474e-26,-1.95069e-25,-2.2592e-09,4.6881,0,0,0
38.3048,3,0,0,0,0,0,0,0,0,0,0
38.3048,4,0,0,0,0,0,0,0,0,0,0
38.3048,5,0,0,0,0,0,0,0,0,0,0
38.3559,0,-0.000259725,-0.0442824,2.05999,0,0,-1.03209e-10,2.06047,0,0,0
38.3559,1,2.99974,-0.0442824,2.05999,1.58281e-15,5.36616e-17,-1.03488e-08,3.63922,0,0,0
38.3559,2,2.99974,2.95572,2.05999,1.20865e-25,-2.07737e-26,-2.79961e-09,4.6881,0,0,0
38.3559,3,0,0,0,0,0,0,0,0,0,0
38.3559,4,0,0,0,0,0,0,0,0,0,0
38.3559,5,0,0,0,0,0,0,0,0,0,0
38.4118,0,-0.000259725,-0.0442824,2.05999,0,0,-7.80133e-09,2.06047,0,0,0
38.4118,1,2.99974,-0.0442824,2.05999,1.58811e-15,5.40439e-17,-2.56629e-08,3.63922,0,0,0
38.4118,2,2.99974,2.95572,2.05999,-1.73607e-25,-4.32861e-25,3.43149e-09,4.6881,0,0,0
38.4118,3,0,0,0,0,0,0,0,0,0,0
38.4118,4,0,0,0,0,0,0,0,0,0,0
38.4118,5,0,0,0,0,0,0,0,0,0,0
38.4645,0,-0.000259725,-0.0442824,2.05999,0,0,-1.32449e-08,2.06047,0,0,0
38.4645,1,2.99974,-0.0442824,2.05999,1.59367e-15,5.44454e-17,-4.37465e-08,3.63922,0,0,0
38.4645,2,2.99974,2.95572,2.05999,-3.31e-25,-5.56362e-25,6.96009e-09,4.6881,0,0,0
38.4645,3,0,0,0,0,0,0,0,0,0,0
38.4645,4,0,0,0,0,0,0,0,0,0,0
38.4645,5,0,0,0,0,0,0,0,0,0,0
38.5153,0,-0.000259725,-0.0442824,2.05999,0,0,-1.5717e-08,2.06047,0,0,0
38.5153,1,2.99974,-0.0442824,2.05999,1.59898e-15,5.48277e-17,-5.80478e-08,3.63922,0,0,0
38.5153,2,2.99974,2.95572,2.05999,-1.53138e-25,-2.44483e-25,7.96551e-09,4.6881,0,0,0
38.5153,3,0,0,0,0,0,0,0,0,0,0
38.5153,4,0,0,0,0,0,0,0,0,0,0
38.5153,5,0,0,0,0,0,0,0,0,0,0
38.5688,0,-0.000259725,-0.0442824,2.05999,0,0,-1.73711e-08,2.06047,0,0,0
38.5688,1,2.99974,-0.0442824,2.05999,1.60454e-15,5.52292e-17,-6.64899e-08,3.63922,0,0,0
38.5688,2,2.99974,2.95572,2.05999,1.13857e-24,2.90803e-25,1.46134e-08,4.6881,0,0,0
38.5688,3,0,0,0,0,0,0,0,0,0,0
38.5688,4,0,0,0,0,0,0,0,0,0,0
38.5688,5,0,0,0,0,0,0,0,0,0,0
38.6227,0,-0.000259725,-0.0442824,2.05999,0,0,-1.83186e-08,2.06047,0,0,0
38.6227,1,2.99974,-0.0442824,2.05999,1.60984e-15,5.56115e-17,-7.1376e-08,3.63922,0,0,0
38.6227,2,2.99974,2.95572,2.05999,2.14997e-24,9.87976e-25,1.66433e-08,4.6881,0,0,0
38.6227,3,0,0,0,0,0,0,0,0,0,0
38.6227,4,0,0,0,0,0,0,0,0,0,0
38.6227,5,0,0,0,0,0,0,0,0,0,0
38.678,0,-0.000259725,-0.0442824,2.05999,0,0,-2.05932e-08,2.06047,0,0,0
38.678,1,2.99974,-0.0442824,2.05999,1.61541e-15,5.60129e-17,-7.97015e-08,3.63922,0,0,0
38.678,2,2.99974,2.95572,2.05999,2.61778e-24,1.53772e-24,1.80918e-08,4.6881,0,0,0
38.678,3,0,0,0,0,0,0,0,0,0,0
38.678,4,0,0,0,0,0,0,0,0,0,0
38.678,5,0,0,0,0,0,0,0,0,0,0
38.7362,0,-0.000259725,-0.0442824,2.05999,0,0,-2.42017e-08,2.06047,0,0,0
38.7362,1,2.99974,-0.0442824,2.05999,1.61506e-15,7.62269e-17,-8.65319e-08,3.63922,0,0,0
38.7362,2,2.99974,2.95572,2.05999,3.28458e-24,2.1797e-24,2.22846e-08,4.6881,0,0,0
38.7362,3,0,0,0,0,0,0,0,0,0,0
38.7362,4,0,0,0,0,0,0,0,0,0,0
38.7362,5,0,0,0,0,0,0,0,0,0,0
38.7869,0,-0.000259725,-0.0442824,2.05999,0,0,-2.46364e-08,2.06047,0,0,0
38.7869,1,2.99974,-0.0442824,2.05999,1.62901e-15,6.03408e-17,-9.19612e-08,3.63922,0,0,0
38.7869,2,2.99974,2.95572,2.05999,3.19066e-24,2.19914e-24,2.51259e-08,4.6881,0,0,0
38.7869,3,0,0,0,0,0,0,0,0,0,0
38.7869,4,0,0,0,0,0,0,0,0,0,0
38.7869,5,0,0,0,0,0,0,0,0,0,0
38.8372,0,-0.000259725,-0.0442824,2.05999,0,0,-2.35681e-08,2.06047,0,0,0
38.8372,1,2.99974,-0.0442824,2.05999,1.63442e-15,6.08254e-17,-9.48403e-08,3.63922,0,0,0
38.8372,2,2.99974,2.95572,2.05999,1.31512e-24,2.79272e-25,3.01093e-08,4.6881,0,0,0
38.8372,3,0,0,0,0,0,0,0,0,0,0
38.8372,4,0,0,0,0,0,0,0,0,0,0
38.8372,5,0,0,0,0,0,0,0,0,0,0
38.8873,0,-0.000259725,-0.0442824,2.05999,0,0,-2.36136e-08,2.06047,0,0,0
38.8873,1,2.99974,-0.0442824,2.05999,1.64919e-15,4.44631e-17,-1.03468e-07,3.63922,0,0,0
38.8873,2,2.99974,2.95572,2.05999,-1.60876e-26,-2.35416e-24,3.17985e-08,4.6881,0,0,0
38.8873,3,0,0,0,0,0,0,0,0,0,0
38.8873,4,0,0,0,0,0,0,0,0,0,0
38.8873,5,0,0,0,0,0,0,0,0,0,0
38.9382,0,-0.000259725,-0.0442824,2.05999,0,0,-2.3458e-08,2.06047,0,0,0
38.9382,1,2.99974,-0.0442824,2.05999,1.65492e-15,4.42972e-17,-9.70911e-08,3.63922,0,0,0
38.9382,2,2.99974,2.95572,2.05999,-3.09711e-25,-3.37241e-24,3.40094e-08,4.6881,0,0,0
38.9382,3,0,0,0,0,0,0,0,0,0,0
38.9382,4,0,0,0,0,0,0,0,0,0,0
38.9382,5,0,0,0,0,0,0,0,0,0,0
38.9955,0,-0.000259725,-0.0442824,2.05999,0,0,-2.08567e-08,2.06047,0,0,0
38.9955,1,2.99974,-0.0442824,2.05999,1.66065e-15,4.41313e-17,-7.05639e-08,3.63922,0,0,0
38.9955,2,2.99974,2.95572,2.05999,-1.17375e-24,-4.61162e-24,3.8033e-08,4.6881,0,0,0
38.9955,3,0,0,0,0,0,0,0,0,0,0
38.9955,4,0,0,0,0,0,0,0,0,0,0
38.9955,5,0,0,0,0,0,0,0,0,0,0
39.0486,0,-0.000259725,-0.0442824,2.05999,0,0,-1.94864e-08,2.06047,0,0,0
39.0486,1,2.99974,-0.0442824,2.05999,1.66638e-15,4.39654e-17,-1.48872e-08,3.63922,0,0,0
39.0486,2,2.99974,2.95572,2.05999,-1.60285e-24,-1.64292e-24,3.96019e-08,4.6881,0,0,0
39.0486,3,0,0,0,0,0,0,0,0,0,0
39.0486,4,0,0,0,0,0,0,0,0,0,0
39.0486,5,0,0,0,0,0,0,0,0,0,0
39.0989,0,-0.000259725,-0.0442824,2.05999,0,0,-1.79112e-08,2.06047,0,0,0
39.0989,1,2.99974,-0.0442824,2.05999,1.6724e-15,4.37912e-17,3.98928e-08,3.63922,0,0,0
39.0989,2,2.99974,2.95572,2.05999,-2.17366e-24,1.21937e-24,4.49102e-08,4.6881,0,0,0
39.0989,3,0,0,0,0,0,0,0,0,0,0
39.0989,4,0,0,0,0,0,0,0,0,0,0
39.0989,5,0,0,0,0,0,0,0,0,0,0
39.1491,0,-0.000259725,-0.0442824,2.05999,0,0,-1.58285e-08,2.06047,0,0,0
39.1491,1,2.99974,-0.0442824,2.05999,1.67813e-15,4.36253e-17,7.9577e-08,3.63922,0,0,0
39.1491,2,2.99974,2.95572,2.05999,-3.51008e-24,1.14243e-24,4.90893e-08,4.6881,0,0,0
39.1491,3,0,0,0,0,0,0,0,0,0,0
39.1491,4,0,0,0,0,0,0,0,0,0,0
39.1491,5,0,0,0,0,0,0,0,0,0,0
39.2013,0,-0.000259725,-0.0442824,2.05999,0,0,-1.32453e-08,2.06047,0,0,0
39.2013,1,2.99974,-0.0442824,2.05999,1.68904e-15,2.24984e-17,1.1013e-07,3.63922,0,0,0
39.2013,2,2.99974,2.95572,2.05999,-2.06031e-24,1.09286e-24,5.31179e-08,4.6881,0,0,0
39.2013,3,0,0,0,0,0,0,0,0,0,0
39.2013,4,0,0,0,0,0,0,0,0,0,0
39.2013,5,0,0,0,0,0,0,0,0,0,0
39.2517,0,-0.000259725,-0.0442824,2.05999,0,0,-1.03096e-08,2.06047,0,0,0
39.2517,1,2.99974,-0.0442824,2.05999,1.69496e-15,2.15399e-17,1.24218e-07,3.63922,0,0,0
39.2517,2,2.99974,2.95572,2.05999,-6.23497e-25,3.50717e-24,5.77684e-08,4.6881,0,0,0
39.2517,3,0,0,0,0,0,0,0,0,0,0
39.2517,4,0,0,0,0,0,0,0,0,0,0
39.2517,5,0,0,0,0,0,0,0,0,0,0
39.3048,0,-0.000259725,-0.0442824,2.05999,0,0,-5.65225e-09,2.06047,0,0,0
39.3048,1,2.99974,-0.0442824,2.05999,1.70118e-15,2.05336e-17,9.25467e-08,3.63922,0,0,0
39.3048,2,2.99974,2.95572,2.05999,-4.07796e-26,6.50434e-24,6.0453e-08,4.6881,0,0,0
39.3048,3,0,0,0,0,0,0,0,0,0,0
39.3048,4,0,0,0,0,0,0,0,0,0,0
39.3048,5,0,0,0,0,0,0,0,0,0,0
39.3601,0,-0.000259725,-0.0442824,2.05999,0,0,-2.87363e-09,2.06047,0,0,0
39.3601,1,2.99974,-0.0442824,2.05999,1.7065e-15,-7.10759e-18,5.54781e-08,3.63922,0,0,0
39.3601,2,2.99974,2.95572,2.05999,3.17477e-25,7.73986e-24,6.49156e-08,4.6881,0,0,0
39.3601,3,0,0,0,0,0,0,0,0,0,0
39.3601,4,0,0,0,0,0,0,0,0,0,0
39.3601,5,0,0,0,0,0,0,0,0,0,0
39.4154,0,-0.000259725,-0.0442824,2.05999,0,0,2.10251e-09,2.06047,0,0,0
39.4154,1,2.99974,-0.0442824,2.05999,1.72152e-15,-2.60967e-17,3.4327e-08,3.63922,0,0,0
39.4154,2,2.99974,2.95572,2.05999,1.56586e-24,8.95287e-24,7.08788e-08,4.6881,0,0,0
39.4154,3,0,0,0,0,0,0,0,0,0,0
39.4154,4,0,0,0,0,0,0,0,0,0,0
39.4154,5,0,0,0,0,0,0,0,0,0,0
39.466,0,-0.000259725,-0.0442824,2.05999,0,0,5.59583e-09,2.06047,0,0,0
39.466,1,2.99974,-0.0442824,2.05999,1.72808e-15,-2.88303e-17,2.35598e-08,3.63922,0,0,0
39.466,2,2.99974,2.95572,2.05999,5.99959e-24,9.73495e-24,7.58551e-08,4.6881,0,0,0
39.466,3,0,0,0,0,0,0,0,0,0,0
39.466,4,0,0,0,0,0,0,0,0,0,0
39.466,5,0,0,0,0,0,0,0,0,0,0
39.517,0,-0.000259725,-0.0442824,2.05999,0,0,1.09674e-08,2.06047,0,0,0
39.517,1,2.99974,-0.0442824,2.05999,1.74321e-15,-4.84742e-17,1.55101e-08,3.63922,0,0,0
39.517,2,2.99974,2.95572,2.05999,9.56365e-24,5.65679e-24,8.04396e-08,4.6881,0,0,0
39.517,3,0,0,0,0,0,0,0,0,0,0
39.517,4,0,0,0,0,0,0,0,0,0,0
39.517,5,0,0,0,0,0,0,0,0,0,0
39.5698,0,-0.000259725,-0.0442824,2.05999,0,0,1.45414e-08,2.06047,0,0,0
39.5698,1,2.99974,-0.0442824,2.05999,1.7498e-15,-5.17267e-17,7.0037e-09,3.63922,0,0,0
39.5698,2,2.99974,2.95572,2.05999,9.27112e-24,-1.88342e-24,8.65753e-08,4.6881,0,0,0
39.5698,3,0,0,0,0,0,0,0,0,0,0
39.5698,4,0,0,0,0,0,0,0,0,0,0
39.5698,5,0,0,0,0,0,0,0,0,0,0
39.6201,0,-0.000259725,-0.0442824,2.05999,0,0,1.99998e-08,2.06047,0,0,0
39.6201,1,2.99974,-0.0442824,2.05999,1.76346e-15,-7.37889e-17,-2.46253e-11,3.63922,0,0,0
39.6201,2,2.99974,2.95572,2.05999,5.27483e-24,-4.77396e-24,9.28142e-08,4.6881,0,0,0
39.6201,3,0,0,0,0,0,0,0,0,0,0
39.6201,4,0,0,0,0,0,0,0,0,0,0
39.6201,5,0,0,0,0,0,0,0,0,0,0
39.6739,0,-0.000259725,-0.0442824,2.05999,0,0,2.18153e-08,2.06047,0,0,0
39.6739,1,2.99974,-0.0442824,2.05999,1.76231e-15,-6.0613e-17,-6.16254e-09,3.63922,0,0,0
39.6739,2,2.99974,2.95572,2.05999,8.90502e-25,-5.80476e-24,9.77861e-08,4.6881,0,0,0
39.6739,3,0,0,0,0,0,0,0,0,0,0
39.6739,4,0,0,0,0,0,0,0,0,0,0
39.6739,5,0,0,0,0,0,0,0,0,0,0
39.7266,0,-0.000259725,-0.0442824,2.05999,0,0,2.61105e-08,2.06047,0,0,0
39.7266,1,2.99974,-0.0442824,2.05999,1.7695e-15,-6.42483e-17,-1.14191e-08,3.63922,0,0,0
39.7266,2,2.99974,2.95572,2.05999,-1.06976e-24,-6.07345e-24,1.02312e-07,4.6881,0,0,0
39.7266,3,0,0,0,0,0,0,0,0,0,0
39.7266,4,0,0,0,0,0,0,0,0,0,0
39.7266,5,0,0,0,0,0,0,0,0,0,0
39.7772,0,-0.000259725,-0.0442824,2.05999,0,0,2.87048e-08,2.06047,0,0,0
39.7772,1,2.99974,-0.0442824,2.05999,1.76837e-15,-7.57238e-17,-1.35661e-08,3.63922,0,0,0
39.7772,2,2.99974,2.95572,2.05999,4.44689e-24,-2.65379e-24,1.06326e-07,4.6881,0,0,0
39.7772,3,0,0,0,0,0,0,0,0,0,0
39.7772,4,0,0,0,0,0,0,0,0,0,0
39.7772,5,0,0,0,0,0,0,0,0,0,0
39.8273,0,-0.000259725,-0.0442824,2.05999,0,0,3.20672e-08,2.06047,0,0,0
39.8273,1,2.99974,-0.0442824,2.05999,1.77493e-15,-7.94994e-17,-1.46898e-08,3.63922,0,0,0
39.8273,2,2.99974,2.95572,2.05999,8.62962e-24,-4.10934e-25,1.10761e-07,4.6881,0,0,0
39.8273,3,0,0,0,0,0,0,0,0,0,0
39.8273,4,0,0,0,0,0,0,0,0,0,0
39.8273,5,0,0,0,0,0,0,0,0,0,0
39.878,0,-0.000259725,-0.0442824,2.05999,0,0,3.89037e-08,2.06047,0,0,0
39.878,1,2.99974,-0.0442824,2.05999,1.77214e-15,-6.53968e-17,-1.51548e-08,3.63922,0,0,0
39.878,2,2.99974,2.95572,2.05999,7.04899e-24,-6.0198e-25,1.15148e-07,4.6881,0,0,0
39.878,3,0,0,0,0,0,0,0,0,0,0
39.878,4,0,0,0,0,0,0,0,0,0,0
39.878,5,0,0,0,0,0,0,0,0,0,0
39.9335,0,-0.000259725,-0.0442824,2.05999,0,0,4.33542e-08,2.06047,0,0,0
39.9335,1,2.99974,-0.0442824,2.05999,1.77805e-15,-6.83421e-17,-1.68326e-08,3.63922,0,0,0
39.9335,2,2.99974,2.95572,2.05999,3.73588e-24,-1.39338e-24,1.19745e-07,4.6881,0,0,0
39.9335,3,0,0,0,0,0,0,0,0,0,0
39.9335,4,0,0,0,0,0,0,0,0,0,0
39.9335,5,0,0,0,0,0,0,0,0,0,0
39.9841,0,-0.000259725,-0.0442824,2.05999,0,0,4.76939e-08,2.06047,0,0,0
39.9841,1,2.99974,-0.0442824,2.05999,1.78397e-15,-7.12874e-17,-1.76621e-08,3.63922,0,0,0
39.9841,2,2.99974,2.95572,2.05999,-1.93205e-24,-3.8221e-24,1.24528e-07,4.6881,0,0,0
39.9841,3,0,0,0,0,0,0,0,0,0,0
39.9841,4,0,0,0,0,0,0,0,0,0,0
39.9841,5,0,0,0,0,0,0,0,0,0,0
40.0347,0,-0.000259725,-0.0442824,2.05999,0,0,5.24695e-08,2.06047,0,0,0
40.0347,1,2.99974,-0.0442824,2.05999,1.78101e-15,-5.72222e-17,-1.60065e-08,3.63922,0,0,0
40.0347,2,2.99974,2.95572,2.05999,-8.09081e-24,-3.21892e-24,1.28969e-07,4.6881,0,0,0
40.0347,3,0,0,0,0,0,0,0,0,0,0
40.0347,4,0,0,0,0,0,0,0,0,0,0
40.0347,5,0,0,0,0,0,0,0,0,0,0
40.085,0,-0.000259725,-0.0442824,2.05999,0,0,5.49892e-08,2.06047,0,0,0
40.085,1,2.99974,-0.0442824,2.05999,1.78659e-15,-5.95187e-17,-1.66965e-08,3.63922,0,0,0
40.085,2,2.99974,2.95572,2.05999,-1.31901e-23,-3.22834e-25,1.36737e-07,4.6881,0,0,0
40.085,3,0,0,0,0,0,0,0,0,0,0
40.085,4,0,0,0,0,0,0,0,0,0,0
40.085,5,0,0,0,0,0,0,0,0,0,0
40.1358,0,-0.000259725,-0.0442824,2.05999,0,0,5.76318e-08,2.06047,0,0,0
40.1358,1,2.99974,-0.0442824,2.05999,1.79216e-15,-6.18152e-17,-1.32798e-08,3.63922,0,0,0
40.1358,2,2.99974,2.95572,2.05999,-1.43848e-23,8.67885e-24,1.42164e-07,4.6881,0,0,0
40.1358,3,0,0,0,0,0,0,0,0,0,0
40.1358,4,0,0,0,0,0,0,0,0,0,0
40.1358,5,0,0,0,0,0,0,0,0,0,0
40.19,0,-0.000259725,-0.0442824,2.05999,0,0,6.11816e-08,2.06047,0,0,0
40.19,1,2.99974,-0.0442824,2.05999,1.79844e-15,-3.7536e-17,-1.24998e-08,3.63922,0,0,0
40.19,2,2.99974,2.95572,2.05999,-1.20518e-23,1.06076e-23,1.47653e-07,4.6881,0,0,0
40.19,3,0,0,0,0,0,0,0,0,0,0
40.19,4,0,0,0,0,0,0,0,0,0,0
40.19,5,0,0,0,0,0,0,0,0,0,0
40.2417,0,-0.000259725,-0.0442824,2.05999,0,0,6.66306e-08,2.06047,0,0,0
40.2417,1,2.99974,-0.0442824,2.05999,1.80486e-15,-3.90309e-17,-1.0959e-08,3.63922,0,0,0
40.2417,2,2.99974,2.95572,2.05999,-6.0335e-24,8.50878e-24,1.52894e-07,4.6881,0,0,0
40.2417,3,0,0,0,0,0,0,0,0,0,0
40.2417,4,0,0,0,0,0,0,0,0,0,0
40.2417,5,0,0,0,0,0,0,0,0,0,0
40.2918,0,-0.000259725,-0.0442824,2.05999,0,0,7.23353e-08,2.06047,0,0,0
40.2918,1,2.99974,-0.0442824,2.05999,1.81071e-15,-4.03959e-17,-8.46996e-09,3.63922,0,0,0
40.2918,2,2.99974,2.95572,2.05999,1.26738e-24,7.44588e-24,1.56568e-07,4.6881,0,0,0
40.2918,3,0,0,0,0,0,0,0,0,0,0
40.2918,4,0,0,0,0,0,0,0,0,0,0
40.2918,5,0,0,0,0,0,0,0,0,0,0
40.3456,0,-0.000259725,-0.0442824,2.05999,0,0,7.7577e-08,2.06047,0,0,0
40.3456,1,2.99974,-0.0442824,2.05999,1.81629e-15,-4.16959e-17,-7.08e-09,3.63922,0,0,0
40.3456,2,2.99974,2.95572,2.05999,9.92675e-24,9.01457e-24,1.59089e-07,4.6881,0,0,0
40.3456,3,0,0,0,0,0,0,0,0,0,0
40.3456,4,0,0,0,0,0,0,0,0,0,0
40.3456,5,0,0,0,0,0,0,0,0,0,0
