time,uav_id,px,py,pz,vx,vy,vz,feedback,ref_x,ref_y,ref_z
7.2119e-05,0,5.99548,2.72409,3.39519,-0.234535,-0.754827,0.0308354,1.79827,0,0,0
7.2119e-05,1,7.99874,3.39729,5.18914,0.000589443,-0.0151683,-0.00180748,1.77777,0,0,0
7.2119e-05,2,5.64198,2.88795,6.37958,-0.25426,-0.786128,-0.0455783,1.81448,0,0,0
7.2119e-05,3,0,0,0,0,0,0,0,0,0,0
7.2119e-05,4,0,0,0,0,0,0,0,0,0,0
7.2119e-05,5,0,0,0,0,0,0,0,0,0,0
0.0605676,0,5.98502,2.67477,3.39896,-0.227048,-0.789421,0.0469566,1.79827,0,0,0
0.0605676,1,7.99874,3.39671,5.18904,0.000389233,-0.0156992,-0.00140529,1.77777,0,0,0
0.0605676,2,5.63682,2.85237,6.37856,-0.230778,-0.768883,-0.0479898,1.75526,0,0,0
0.0605676,3,0,0,0,0,0,0,0,0,0,0
0.0605676,4,0,0,0,0,0,0,0,0,0,0
0.0605676,5,0,0,0,0,0,0,0,0,0,0
0.116393,0,5.98352,2.6211,3.40209,-0.188478,-0.836704,0.0558868,2.41681,0,0,0
0.116393,1,7.99877,3.39606,5.18896,0.000338024,-0.0163202,-0.00154608,4.03391,0,0,0
0.116393,2,5.63085,2.81564,6.37708,-0.212516,-0.757511,-0.050948,2.80747,0,0,0
0.116393,3,0,0,0,0,0,0,0,0,0,0
0.116393,4,0,0,0,0,0,0,0,0,0,0
0.116393,5,0,0,0,0,0,0,0,0,0,0
0.174198,0,5.9713,2.58914,3.40552,-0.194688,-0.78379,0.0580124,2.41681,0,0,0
0.174198,1,7.99876,3.39562,5.18889,0.000135306,-0.0161349,-0.00141046,4.03391,0,0,0
0.174198,2,5.62721,2.78716,6.3755,-0.190433,-0.719497,-0.0524497,2.80747,0,0,0
0.174198,3,0,0,0,0,0,0,0,0,0,0
0.174198,4,0,0,0,0,0,0,0,0,0,0
0.174198,5,0,0,0,0,0,0,0,0,0,0
0.229413,0,5.96921,2.53406,3.4105,-0.159843,-0.82832,0.0601546,3.39333,0,0,0
0.229413,1,7.99876,3.39502,5.18884,2.66903e-05,-0.0163399,-0.0013633,4.03345,0,0,0
0.229413,2,5.62442,2.74674,6.37327,-0.164775,-0.722839,-0.0536039,2.74996,0,0,0
0.229413,3,0,0,0,0,0,0,0,0,0,0
0.229413,4,0,0,0,0,0,0,0,0,0,0
0.229413,5,0,0,0,0,0,0,0,0,0,0
0.282235,0,5.96165,2.49338,3.41504,-0.152489,-0.814127,0.0650279,3.39333,0,0,0
0.282235,1,7.99878,3.39466,5.18859,-9.39783e-05,-0.0157246,-0.00741127,4.03345,0,0,0
0.282235,2,5.62198,2.71266,6.37065,-0.144083,-0.710379,-0.0500569,2.74996,0,0,0
0.282235,3,0,0,0,0,0,0,0,0,0,0
0.282235,4,0,0,0,0,0,0,0,0,0,0
0.282235,5,0,0,0,0,0,0,0,0,0,0
0.334063,0,5.95707,2.45578,3.4232,-0.136112,-0.792273,0.0680158,3.32794,0,0,0
0.334063,1,7.99875,3.39411,5.18756,-0.000501477,-0.0160891,-0.0150136,4.03302,0,0,0
0.334063,2,5.61709,2.68223,6.36854,-0.134413,-0.673892,-0.043191,2.69575,0,0,0
0.334063,3,0,0,0,0,0,0,0,0,0,0
0.334063,4,0,0,0,0,0,0,0,0,0,0
0.334063,5,0,0,0,0,0,0,0,0,0,0
0.389282,0,5.95377,2.41327,3.42298,-0.117267,-0.797632,0.0675594,3.32794,0,0,0
0.389282,1,7.99834,3.39317,5.18628,-0.00358285,-0.0191012,-0.0468516,4.03302,0,0,0
0.389282,2,5.61799,2.65099,6.36521,-0.106999,-0.653541,-0.0368,2.69575,0,0,0
0.389282,3,0,0,0,0,0,0,0,0,0,0
0.389282,4,0,0,0,0,0,0,0,0,0,0
0.389282,5,0,0,0,0,0,0,0,0,0,0
0.447018,0,5.94738,2.38117,3.42946,-0.109338,-0.736558,0.0760757,3.26837,0,0,0
0.447018,1,7.99745,3.39195,5.18241,-0.0083923,-0.0229068,-0.0597899,4.03082,0,0,0
0.447018,2,5.61598,2.62318,6.36343,-0.093636,-0.622779,-0.0142119,2.65025,0,0,0
0.447018,3,0,0,0,0,0,0,0,0,0,0
0.447018,4,0,0,0,0,0,0,0,0,0,0
0.447018,5,0,0,0,0,0,0,0,0,0,0
0.497225,0,5.94468,2.34086,3.43051,-0.0915166,-0.735123,0.0697507,3.26837,0,0,0
0.497225,1,7.99516,3.38948,5.18009,-0.0208391,-0.0335199,-0.0845504,4.03082,0,0,0
0.497225,2,5.61186,2.59083,6.36123,-0.0843723,-0.615204,0.0270295,2.65025,0,0,0
0.497225,3,0,0,0,0,0,0,0,0,0,0
0.497225,4,0,0,0,0,0,0,0,0,0,0
0.497225,5,0,0,0,0,0,0,0,0,0,0
0.547397,0,5.93952,2.31749,3.4314,-0.0899957,-0.680999,0.0700839,3.21882,0,0,0
0.547397,1,7.99118,3.38532,5.17077,-0.0401162,-0.0505479,-0.116,4.02214,0,0,0
0.547397,2,5.61234,2.54343,6.36033,-0.0546314,-0.65701,0.0684119,2.58823,0,0,0
0.547397,3,0,0,0,0,0,0,0,0,0,0
0.547397,4,0,0,0,0,0,0,0,0,0,0
0.547397,5,0,0,0,0,0,0,0,0,0,0
0.598002,0,5.93509,2.2896,3.43234,-0.0842208,-0.650631,0.0754285,3.21882,0,0,0
0.598002,1,7.98391,3.37814,5.16462,-0.0669796,-0.0739783,-0.122434,4.02214,0,0,0
0.598002,2,5.6028,2.51573,6.36052,-0.0690384,-0.621766,0.102622,2.58823,0,0,0
0.598002,3,0,0,0,0,0,0,0,0,0,0
0.598002,4,0,0,0,0,0,0,0,0,0,0
0.598002,5,0,0,0,0,0,0,0,0,0,0
0.650937,0,5.92827,2.26044,3.43385,-0.0879982,-0.628639,0.0777672,3.17171,0,0,0
0.650937,1,7.97337,3.36797,5.16108,-0.100916,-0.102895,-0.12086,3.99844,0,0,0
0.650937,2,5.58403,2.45181,6.36586,-0.0968564,-0.715634,0.170964,2.58823,0,0,0
0.650937,3,0,0,0,0,0,0,0,0,0,0
0.650937,4,0,0,0,0,0,0,0,0,0,0
0.650937,5,0,0,0,0,0,0,0,0,0,0
0.711165,0,5.91344,2.22462,3.43471,-0.117137,-0.632171,0.089239,3.17171,0,0,0
0.711165,1,7.96331,3.35866,5.15161,-0.128828,-0.124161,-0.11911,3.99844,0,0,0
0.711165,2,5.56417,2.40244,6.37443,-0.131759,-0.742579,0.209152,2.50162,0,0,0
0.711165,3,0,0,0,0,0,0,0,0,0,0
0.711165,4,0,0,0,0,0,0,0,0,0,0
0.711165,5,0,0,0,0,0,0,0,0,0,0
0.763887,0,5.88655,2.14491,3.43441,-0.171406,-0.784578,0.117979,3.06411,0,0,0
0.763887,1,7.93898,3.33695,5.14453,-0.198215,-0.1795,-0.098601,3.95387,0,0,0
0.763887,2,5.53845,2.3523,6.3811,-0.181479,-0.769323,0.230429,2.39806,0,0,0
0.763887,3,0,0,0,0,0,0,0,0,0,0
0.763887,4,0,0,0,0,0,0,0,0,0,0
0.763887,5,0,0,0,0,0,0,0,0,0,0
0.814702,0,5.85418,2.10217,3.43347,-0.245938,-0.775148,0.130249,3.06411,0,0,0
0.814702,1,7.919,3.31881,5.13435,-0.24457,-0.217093,-0.0839858,3.95387,0,0,0
0.814702,2,5.51228,2.31617,6.38731,-0.235602,-0.758949,0.241676,2.39806,0,0,0
0.814702,3,0,0,0,0,0,0,0,0,0,0
0.814702,4,0,0,0,0,0,0,0,0,0,0
0.814702,5,0,0,0,0,0,0,0,0,0,0
0.873911,0,5.81805,2.04717,3.43325,-0.316426,-0.802389,0.127746,2.94947,0,0,0
0.873911,1,7.89949,3.30269,5.12575,-0.280711,-0.240441,-0.0776063,3.90342,0,0,0
0.873911,2,5.48604,2.27505,6.39593,-0.283102,-0.767272,0.245176,2.39806,0,0,0
0.873911,3,0,0,0,0,0,0,0,0,0,0
0.873911,4,0,0,0,0,0,0,0,0,0,0
0.873911,5,0,0,0,0,0,0,0,0,0,0
0.924072,0,5.77435,1.9965,3.43318,-0.410859,-0.829493,0.134724,2.94947,0,0,0
0.924072,1,7.84505,3.25727,5.10491,-0.426344,-0.351076,-0.0418087,3.90342,0,0,0
0.924072,2,5.44997,2.23291,6.40428,-0.359833,-0.774869,0.248295,2.3062,0,0,0
0.924072,3,0,0,0,0,0,0,0,0,0,0
0.924072,4,0,0,0,0,0,0,0,0,0,0
0.924072,5,0,0,0,0,0,0,0,0,0,0
0.9841,0,5.72457,1.94178,3.43227,-0.507298,-0.854384,0.121331,2.884,0,0,0
0.9841,1,7.80425,3.22592,5.10448,-0.503127,-0.401676,-0.0235092,3.78459,0,0,0
0.9841,2,5.40594,2.18541,6.41469,-0.455377,-0.799122,0.236982,2.18638,0,0,0
0.9841,3,0,0,0,0,0,0,0,0,0,0
0.9841,4,0,0,0,0,0,0,0,0,0,0
0.9841,5,0,0,0,0,0,0,0,0,0,0
1.03685,0,5.66104,1.87986,3.43366,-0.625483,-0.881481,0.111744,2.884,0,0,0
1.03685,1,7.75839,3.19258,5.0977,-0.588809,-0.455194,-0.0243755,3.78459,0,0,0
1.03685,2,5.3488,2.13097,6.42186,-0.583836,-0.840877,0.208069,2.18638,0,0,0
1.03685,3,0,0,0,0,0,0,0,0,0,0
1.03685,4,0,0,0,0,0,0,0,0,0,0
1.03685,5,0,0,0,0,0,0,0,0,0,0
1.09435,0,5.59755,1.82407,3.43391,-0.741727,-0.906215,0.07757,2.72393,0,0,0
1.09435,1,7.71715,3.15709,5.08352,-0.643564,-0.506858,-0.0377866,3.67681,0,0,0
1.09435,2,5.29438,2.08285,6.43028,-0.687283,-0.857025,0.171203,2.18638,0,0,0
1.09435,3,0,0,0,0,0,0,0,0,0,0
1.09435,4,0,0,0,0,0,0,0,0,0,0
1.09435,5,0,0,0,0,0,0,0,0,0,0
1.14451,0,5.53479,1.77174,3.43585,-0.845026,-0.924141,0.0220096,2.72393,0,0,0
1.14451,1,7.65584,3.12145,5.08009,-0.756923,-0.551442,-0.0559292,3.67681,0,0,0
1.14451,2,5.23658,2.03435,6.43954,-0.787288,-0.872441,0.131424,2.03544,0,0,0
1.14451,3,0,0,0,0,0,0,0,0,0,0
1.14451,4,0,0,0,0,0,0,0,0,0,0
1.14451,5,0,0,0,0,0,0,0,0,0,0
1.20488,0,5.46807,1.7184,3.43698,-0.930856,-0.927985,-0.015441,2.55967,0,0,0
1.20488,1,7.58903,3.07727,5.06839,-0.87761,-0.618887,-0.0765487,3.52736,0,0,0
1.20488,2,5.17937,1.98868,6.44551,-0.859027,-0.860762,0.0743747,2.03544,0,0,0
1.20488,3,0,0,0,0,0,0,0,0,0,0
1.20488,4,0,0,0,0,0,0,0,0,0,0
1.20488,5,0,0,0,0,0,0,0,0,0,0
1.26261,0,5.40592,1.67177,3.4382,-1.0022,-0.922011,-0.0836042,2.55967,0,0,0
1.26261,1,7.49656,3.02841,5.06099,-1.06395,-0.687211,-0.0964994,3.52736,0,0,0
1.26261,2,5.13442,1.95406,6.45103,-0.888817,-0.830567,0.0633351,1.88838,0,0,0
1.26261,3,0,0,0,0,0,0,0,0,0,0
1.26261,4,0,0,0,0,0,0,0,0,0,0
1.26261,5,0,0,0,0,0,0,0,0,0,0
1.3204,0,5.34911,1.6202,3.43892,-1.03699,-0.932588,-0.118401,2.39896,0,0,0
1.3204,1,7.42075,2.98393,5.05257,-1.16604,-0.733249,-0.157954,3.33594,0,0,0
1.3204,2,5.08599,1.91378,6.45693,-0.926139,-0.824609,0.0278757,1.77036,0,0,0
1.3204,3,0,0,0,0,0,0,0,0,0,0
1.3204,4,0,0,0,0,0,0,0,0,0,0
1.3204,5,0,0,0,0,0,0,0,0,0,0
1.37815,0,5.31798,1.60403,3.43956,-0.991835,-0.83669,-0.12412,2.39896,0,0,0
1.37815,1,7.34732,2.9443,5.04679,-1.24233,-0.755221,-0.207869,3.33594,0,0,0
1.37815,2,5.0134,1.86635,6.46408,-1.03883,-0.838987,-0.000335402,1.77036,0,0,0
1.37815,3,0,0,0,0,0,0,0,0,0,0
1.37815,4,0,0,0,0,0,0,0,0,0,0
1.37815,5,0,0,0,0,0,0,0,0,0,0
1.43333,0,5.23217,1.5483,3.44074,-1.12122,-0.862577,-0.144594,2.28983,0,0,0
1.43333,1,7.27694,2.90943,5.04375,-1.29754,-0.757007,-0.242227,3.17453,0,0,0
1.43333,2,4.95398,1.82061,6.46894,-1.08738,-0.847817,-0.0227754,1.61323,0,0,0
1.43333,3,0,0,0,0,0,0,0,0,0,0
1.43333,4,0,0,0,0,0,0,0,0,0,0
1.43333,5,0,0,0,0,0,0,0,0,0,0
1.48351,0,5.15722,1.48742,3.44058,-1.20492,-0.917458,-0.137076,2.28983,0,0,0
1.48351,1,7.20549,2.87451,5.03715,-1.33523,-0.76954,-0.265971,3.17453,0,0,0
1.48351,2,4.90826,1.7828,6.47491,-1.08312,-0.832046,-0.0460714,1.61323,0,0,0
1.48351,3,0,0,0,0,0,0,0,0,0,0
1.48351,4,0,0,0,0,0,0,0,0,0,0
1.48351,5,0,0,0,0,0,0,0,0,0,0
1.53999,0,5.11385,1.45618,3.44179,-1.17261,-0.87073,-0.12925,2.09586,0,0,0
1.53999,1,7.13339,2.83943,5.03181,-1.35242,-0.753717,-0.267791,3.01533,0,0,0
1.53999,2,4.85793,1.74731,6.47939,-1.09579,-0.810049,-0.0476722,1.49554,0,0,0
1.53999,3,0,0,0,0,0,0,0,0,0,0
1.53999,4,0,0,0,0,0,0,0,0,0,0
1.53999,5,0,0,0,0,0,0,0,0,0,0
1.59954,0,5.05449,1.41304,3.44295,-1.19752,-0.865016,-0.129056,2.09586,0,0,0
1.59954,1,7.06733,2.8104,5.02782,-1.37739,-0.736539,-0.271165,3.01533,0,0,0
1.59954,2,4.81155,1.71212,6.48365,-1.09137,-0.790925,-0.0384254,1.49554,0,0,0
1.59954,3,0,0,0,0,0,0,0,0,0,0
1.59954,4,0,0,0,0,0,0,0,0,0,0
1.59954,5,0,0,0,0,0,0,0,0,0,0
1.65497,0,4.99339,1.36943,3.44415,-1.22668,-0.866161,-0.111289,1.97209,0,0,0
1.65497,1,7.01501,2.78738,5.02755,-1.35168,-0.704175,-0.259516,2.88622,0,0,0
1.65497,2,4.76675,1.67743,6.48845,-1.06409,-0.759604,-0.0293041,1.38409,0,0,0
1.65497,3,0,0,0,0,0,0,0,0,0,0
1.65497,4,0,0,0,0,0,0,0,0,0,0
1.65497,5,0,0,0,0,0,0,0,0,0,0
1.70959,0,4.95627,1.33726,3.44482,-1.1774,-0.832971,-0.0954382,1.97209,0,0,0
1.70959,1,6.93587,2.74312,5.02391,-1.40822,-0.740852,-0.257118,2.88622,0,0,0
1.70959,2,4.72157,1.64296,6.49408,-1.05619,-0.744277,-0.0171679,1.38409,0,0,0
1.70959,3,0,0,0,0,0,0,0,0,0,0
1.70959,4,0,0,0,0,0,0,0,0,0,0
1.70959,5,0,0,0,0,0,0,0,0,0,0
1.7629,0,4.91043,1.30112,3.44544,-1.15928,-0.81525,-0.086446,1.85119,0,0,0
1.7629,1,6.8731,2.73014,5.01868,-1.41518,-0.674002,-0.252839,2.7337,0,0,0
1.7629,2,4.68191,1.6111,6.49908,-1.02917,-0.722851,-0.00588075,1.28019,0,0,0
1.7629,3,0,0,0,0,0,0,0,0,0,0
1.7629,4,0,0,0,0,0,0,0,0,0,0
1.7629,5,0,0,0,0,0,0,0,0,0,0
1.81564,0,4.87982,1.26651,3.44675,-1.09307,-0.795959,-0.0666715,1.85119,0,0,0
1.81564,1,6.82612,2.70999,5.01548,-1.35951,-0.638726,-0.260244,2.7337,0,0,0
1.81564,2,4.64516,1.58117,6.50383,-0.994787,-0.698173,0.0125827,1.28019,0,0,0
1.81564,3,0,0,0,0,0,0,0,0,0,0
1.81564,4,0,0,0,0,0,0,0,0,0,0
1.81564,5,0,0,0,0,0,0,0,0,0,0
1.87197,0,4.84257,1.23265,3.44778,-1.04035,-0.767079,-0.047289,1.74958,0,0,0
1.87197,1,6.78311,2.69298,5.01044,-1.28794,-0.594221,-0.250728,2.6368,0,0,0
1.87197,2,4.61061,1.55257,6.50871,-0.956817,-0.672617,0.0281249,1.19138,0,0,0
1.87197,3,0,0,0,0,0,0,0,0,0,0
1.87197,4,0,0,0,0,0,0,0,0,0,0
1.87197,5,0,0,0,0,0,0,0,0,0,0
1.92471,0,4.79075,1.1861,3.44853,-1.03347,-0.775935,-0.037469,1.74958,0,0,0
1.92471,1,6.71358,2.65896,5.00681,-1.32859,-0.615915,-0.242418,2.6368,0,0,0
1.92471,2,4.58308,1.52921,6.51376,-0.893374,-0.627972,0.0484303,1.19138,0,0,0
1.92471,3,0,0,0,0,0,0,0,0,0,0
1.92471,4,0,0,0,0,0,0,0,0,0,0
1.92471,5,0,0,0,0,0,0,0,0,0,0
1.97494,0,4.75365,1.15269,3.44947,-0.996264,-0.756125,-0.0328754,1.63303,0,0,0
1.97494,1,6.70112,2.66029,4.99684,-1.16124,-0.519726,-0.217529,2.54933,0,0,0
1.97494,2,4.54211,1.49454,6.52007,-0.873909,-0.61987,0.0622986,1.10553,0,0,0
1.97494,3,0,0,0,0,0,0,0,0,0,0
1.97494,4,0,0,0,0,0,0,0,0,0,0
1.97494,5,0,0,0,0,0,0,0,0,0,0
2.0251,0,4.71777,1.12071,3.44977,-0.950549,-0.726353,-0.0358848,1.63303,0,0,0
2.0251,1,6.65321,2.64146,4.99564,-1.14174,-0.499452,-0.216564,2.54933,0,0,0
2.0251,2,4.51092,1.46721,6.52528,-0.838393,-0.600904,0.073301,1.10553,0,0,0
2.0251,3,0,0,0,0,0,0,0,0,0,0
2.0251,4,0,0,0,0,0,0,0,0,0,0
2.0251,5,0,0,0,0,0,0,0,0,0,0
2.07994,0,4.66323,1.07953,3.44997,-0.962003,-0.719587,-0.0317509,1.53831,0,0,0
2.07994,1,6.59205,2.6243,4.98987,-1.16404,-0.470199,-0.198583,2.4356,0,0,0
2.07994,2,4.4644,1.43352,6.53033,-0.855617,-0.600584,0.0730937,1.01253,0,0,0
2.07994,3,0,0,0,0,0,0,0,0,0,0
2.07994,4,0,0,0,0,0,0,0,0,0,0
2.07994,5,0,0,0,0,0,0,0,0,0,0
2.1301,0,4.67235,1.08043,3.44992,-0.789177,-0.601685,-0.0224533,1.53831,0,0,0
2.1301,1,6.53346,2.60178,4.97896,-1.16992,-0.462509,-0.193379,2.4356,0,0,0
2.1301,2,4.46366,1.42465,6.5357,-0.725857,-0.527877,0.0807481,1.01253,0,0,0
2.1301,3,0,0,0,0,0,0,0,0,0,0
2.1301,4,0,0,0,0,0,0,0,0,0,0
2.1301,5,0,0,0,0,0,0,0,0,0,0
2.18807,0,4.62444,1.04271,3.45029,-0.812579,-0.611045,-0.0302536,1.48003,0,0,0
2.18807,1,6.49065,2.58354,4.97483,-1.12896,-0.44776,-0.176059,2.32751,0,0,0
2.18807,2,4.43076,1.39628,6.54165,-0.717147,-0.525982,0.0834153,0.965149,0,0,0
2.18807,3,0,0,0,0,0,0,0,0,0,0
2.18807,4,0,0,0,0,0,0,0,0,0,0
2.18807,5,0,0,0,0,0,0,0,0,0,0
2.24372,0,4.59441,1.01452,3.45086,-0.780414,-0.59572,-0.0278655,1.48003,0,0,0
2.24372,1,6.45696,2.56888,4.97238,-1.06337,-0.425052,-0.143825,2.32751,0,0,0
2.24372,2,4.40387,1.37135,6.5477,-0.687244,-0.512389,0.0969026,0.965149,0,0,0
2.24372,3,0,0,0,0,0,0,0,0,0,0
2.24372,4,0,0,0,0,0,0,0,0,0,0
2.24372,5,0,0,0,0,0,0,0,0,0,0
2.29546,0,4.54923,0.978876,3.45147,-0.802624,-0.605533,-0.0375536,1.38235,0,0,0
2.29546,1,6.43537,2.56119,4.97102,-0.966438,-0.384244,-0.102283,2.26832,0,0,0
2.29546,2,4.37295,1.34304,6.55343,-0.675052,-0.511958,0.0952479,0.891834,0,0,0
2.29546,3,0,0,0,0,0,0,0,0,0,0
2.29546,4,0,0,0,0,0,0,0,0,0,0
2.29546,5,0,0,0,0,0,0,0,0,0,0
2.35415,0,4.51582,0.94925,3.45154,-0.782619,-0.595181,-0.0376235,1.38235,0,0,0
2.35415,1,6.37912,2.53723,4.97075,-0.985952,-0.393545,-0.0675863,2.26832,0,0,0
2.35415,2,4.34803,1.31969,6.55954,-0.634525,-0.487091,0.0920512,0.891834,0,0,0
2.35415,3,0,0,0,0,0,0,0,0,0,0
2.35415,4,0,0,0,0,0,0,0,0,0,0
2.35415,5,0,0,0,0,0,0,0,0,0,0
2.40433,0,4.47409,0.914113,3.4529,-0.784128,-0.59767,-0.0444197,1.28541,0,0,0
2.40433,1,6.36838,2.53865,4.9721,-0.858033,-0.326522,-0.0299706,2.19811,0,0,0
2.40433,2,4.32449,1.29791,6.56434,-0.606003,-0.469977,0.0902499,0.83108,0,0,0
2.40433,3,0,0,0,0,0,0,0,0,0,0
2.40433,4,0,0,0,0,0,0,0,0,0,0
2.40433,5,0,0,0,0,0,0,0,0,0,0
2.46206,0,4.42955,0.879128,3.45296,-0.803321,-0.605876,-0.0522323,1.28541,0,0,0
2.46206,1,6.33807,2.52956,4.97615,-0.818339,-0.300426,-0.00648845,2.19811,0,0,0
2.46206,2,4.29584,1.27104,6.57066,-0.597774,-0.47166,0.087917,0.83108,0,0,0
2.46206,3,0,0,0,0,0,0,0,0,0,0
2.46206,4,0,0,0,0,0,0,0,0,0,0
2.46206,5,0,0,0,0,0,0,0,0,0,0
2.52765,0,4.3951,0.851894,3.45356,-0.777097,-0.580267,-0.0542295,1.18073,0,0,0
2.52765,1,6.29786,2.51782,4.97635,-0.815234,-0.287947,0.00776439,2.16657,0,0,0
2.52765,2,4.27344,1.24961,6.57731,-0.570421,-0.455985,0.0874152,0.768,0,0,0
2.52765,3,0,0,0,0,0,0,0,0,0,0
2.52765,4,0,0,0,0,0,0,0,0,0,0
2.52765,5,0,0,0,0,0,0,0,0,0,0
2.58791,0,4.37689,0.834866,3.45397,-0.71621,-0.537502,-0.0582482,1.18073,0,0,0
2.58791,1,6.2622,2.50535,4.97909,-0.783218,-0.271861,0.00681564,2.16657,0,0,0
2.58791,2,4.24464,1.22209,6.58318,-0.567452,-0.462056,0.0839965,0.768,0,0,0
2.58791,3,0,0,0,0,0,0,0,0,0,0
2.58791,4,0,0,0,0,0,0,0,0,0,0
2.58791,5,0,0,0,0,0,0,0,0,0,0
2.64587,0,4.35118,0.814541,3.45427,-0.685127,-0.509224,-0.0572671,1.11648,0,0,0
2.64587,1,6.22819,2.49363,4.98269,-0.763852,-0.260614,-0.00368148,2.08754,0,0,0
2.64587,2,4.22398,1.20181,6.58946,-0.533768,-0.440304,0.0812435,0.768,0,0,0
2.64587,3,0,0,0,0,0,0,0,0,0,0
2.64587,4,0,0,0,0,0,0,0,0,0,0
2.64587,5,0,0,0,0,0,0,0,0,0,0
2.69626,0,4.36402,0.821357,3.45471,-0.640608,-0.487142,-0.044655,1.11648,0,0,0
2.69626,1,6.20121,2.4846,4.98233,-0.722353,-0.242883,-0.0280675,2.08754,0,0,0
2.69626,2,4.19805,1.17626,6.59536,-0.527556,-0.44355,0.0751072,0.707453,0,0,0
2.69626,3,0,0,0,0,0,0,0,0,0,0
2.69626,4,0,0,0,0,0,0,0,0,0,0
2.69626,5,0,0,0,0,0,0,0,0,0,0
2.75363,0,4.30171,0.773281,3.45534,-0.62302,-0.460122,-0.0271318,1.09896,0,0,0
2.75363,1,6.18865,2.47905,4.98097,-0.618915,-0.212727,-0.0608421,2.02344,0,0,0
2.75363,2,4.17771,1.15586,6.60033,-0.494322,-0.421265,0.07308,0.651324,0,0,0
2.75363,3,0,0,0,0,0,0,0,0,0,0
2.75363,4,0,0,0,0,0,0,0,0,0,0
2.75363,5,0,0,0,0,0,0,0,0,0,0
2.81534,0,4.27526,0.748274,3.4557,-0.605699,-0.457468,0.000360349,1.09896,0,0,0
2.81534,1,6.16762,2.47169,4.97923,-0.573185,-0.195847,-0.0756424,2.02344,0,0,0
2.81534,2,4.1595,1.13722,6.60342,-0.467749,-0.404949,0.0701808,0.651324,0,0,0
2.81534,3,0,0,0,0,0,0,0,0,0,0
2.81534,4,0,0,0,0,0,0,0,0,0,0
2.81534,5,0,0,0,0,0,0,0,0,0,0
2.8736,0,4.2652,0.734934,3.45742,-0.535162,-0.417812,0.0111409,0.993544,0,0,0
2.8736,1,6.15552,2.46956,4.97458,-0.510263,-0.167465,-0.0991833,1.98787,0,0,0
2.8736,2,4.13799,1.11513,6.60999,-0.451842,-0.398958,0.0663185,0.603829,0,0,0
2.8736,3,0,0,0,0,0,0,0,0,0,0
2.8736,4,0,0,0,0,0,0,0,0,0,0
2.8736,5,0,0,0,0,0,0,0,0,0,0
2.93137,0,4.23566,0.711952,3.45865,-0.529573,-0.406324,0.0147392,0.993544,0,0,0
2.93137,1,6.10679,2.45842,4.96849,-0.581172,-0.164099,-0.113968,1.98787,0,0,0
2.93137,2,4.11763,1.09318,6.61418,-0.43868,-0.397798,0.064648,0.603829,0,0,0
2.93137,3,0,0,0,0,0,0,0,0,0,0
2.93137,4,0,0,0,0,0,0,0,0,0,0
2.93137,5,0,0,0,0,0,0,0,0,0,0
2.98434,0,4.22583,0.698461,3.45989,-0.470223,-0.375561,0.0229946,0.943806,0,0,0
2.98434,1,6.08597,2.44655,4.96223,-0.540633,-0.170815,-0.119979,1.92826,0,0,0
2.98434,2,4.09858,1.07226,6.61805,-0.422285,-0.392833,0.0606232,0.555969,0,0,0
2.98434,3,0,0,0,0,0,0,0,0,0,0
2.98434,4,0,0,0,0,0,0,0,0,0,0
2.98434,5,0,0,0,0,0,0,0,0,0,0
3.03723,0,4.19976,0.673735,3.46142,-0.464787,-0.379555,0.0295319,0.943806,0,0,0
3.03723,1,6.05539,2.43642,4.95503,-0.534206,-0.165719,-0.127447,1.92826,0,0,0
3.03723,2,4.08085,1.05263,6.62206,-0.396539,-0.37713,0.0584181,0.555969,0,0,0
3.03723,3,0,0,0,0,0,0,0,0,0,0
3.03723,4,0,0,0,0,0,0,0,0,0,0
3.03723,5,0,0,0,0,0,0,0,0,0,0
3.09326,0,4.1765,0.651157,3.46294,-0.450987,-0.376375,0.0348471,0.895825,0,0,0
3.09326,1,6.03215,2.42742,4.94933,-0.514368,-0.162314,-0.124948,1.87376,0,0,0
3.09326,2,4.06708,1.03716,6.62632,-0.369178,-0.357633,0.0561617,0.519554,0,0,0
3.09326,3,0,0,0,0,0,0,0,0,0,0
3.09326,4,0,0,0,0,0,0,0,0,0,0
3.09326,5,0,0,0,0,0,0,0,0,0,0
3.1463,0,4.15628,0.631444,3.46619,-0.434111,-0.368678,0.0361616,0.840161,0,0,0
3.1463,1,6.00901,2.41819,4.94387,-0.497176,-0.160372,-0.119731,1.87376,0,0,0
3.1463,2,4.04812,1.01487,6.63147,-0.358081,-0.359212,0.054722,0.519554,0,0,0
3.1463,3,0,0,0,0,0,0,0,0,0,0
3.1463,4,0,0,0,0,0,0,0,0,0,0
3.1463,5,0,0,0,0,0,0,0,0,0,0
3.19958,0,4.15678,0.631938,3.46765,-0.432467,-0.36706,0.0353332,0.840161,0,0,0
3.19958,1,5.98777,2.41063,4.93734,-0.471348,-0.151529,-0.11425,1.82536,0,0,0
3.19958,2,4.03184,0.995995,6.63426,-0.333809,-0.342744,0.0533829,0.479012,0,0,0
3.19958,3,0,0,0,0,0,0,0,0,0,0
3.19958,4,0,0,0,0,0,0,0,0,0,0
3.19958,5,0,0,0,0,0,0,0,0,0,0
3.25386,0,4.11633,0.594606,3.46736,-0.39824,-0.340634,0.0347594,0.840161,0,0,0
3.25386,1,5.95965,2.39926,4.93094,-0.472833,-0.155798,-0.113734,1.82536,0,0,0
3.25386,2,4.0202,0.982156,6.63795,-0.30823,-0.322781,0.0512345,0.479012,0,0,0
3.25386,3,0,0,0,0,0,0,0,0,0,0
3.25386,4,0,0,0,0,0,0,0,0,0,0
3.25386,5,0,0,0,0,0,0,0,0,0,0
3.31253,0,4.09541,0.573587,3.47166,-0.392716,-0.342769,0.0387197,0.792533,0,0,0
3.31253,1,5.95713,2.39612,4.93019,-0.3865,-0.133554,-0.102461,1.77433,0,0,0
3.31253,2,4.00546,0.963962,6.64121,-0.293329,-0.317117,0.0503991,0.450313,0,0,0
3.31253,3,0,0,0,0,0,0,0,0,0,0
3.31253,4,0,0,0,0,0,0,0,0,0,0
3.31253,5,0,0,0,0,0,0,0,0,0,0
3.3658,0,4.07615,0.55216,3.47362,-0.382183,-0.346569,0.0378858,0.739665,0,0,0
3.3658,1,5.91927,2.38723,4.92282,-0.429517,-0.125708,-0.0913274,1.77433,0,0,0
3.3658,2,3.99392,0.949416,6.64341,-0.273742,-0.303946,0.0502893,0.450313,0,0,0
3.3658,3,0,0,0,0,0,0,0,0,0,0
3.3658,4,0,0,0,0,0,0,0,0,0,0
3.3658,5,0,0,0,0,0,0,0,0,0,0
3.41596,0,4.04914,0.527193,3.47695,-0.388182,-0.351232,0.035939,0.739665,0,0,0
3.41596,1,5.89069,2.37425,4.91727,-0.44364,-0.140667,-0.0839782,1.73396,0,0,0
3.41596,2,3.98274,0.93576,6.64651,-0.255778,-0.28947,0.0490336,0.426498,0,0,0
3.41596,3,0,0,0,0,0,0,0,0,0,0
3.41596,4,0,0,0,0,0,0,0,0,0,0
3.41596,5,0,0,0,0,0,0,0,0,0,0
3.46902,0,4.03212,0.509599,3.47935,-0.369864,-0.339736,0.0349171,0.739665,0,0,0
3.46902,1,5.86559,2.36215,4.91292,-0.430609,-0.147161,-0.0829895,1.73396,0,0,0
3.46902,2,3.9728,0.923288,6.649,-0.236736,-0.273581,0.0490772,0.426498,0,0,0
3.46902,3,0,0,0,0,0,0,0,0,0,0
3.46902,4,0,0,0,0,0,0,0,0,0,0
3.46902,5,0,0,0,0,0,0,0,0,0,0
3.52743,0,4.02128,0.496996,3.48052,-0.33718,-0.317467,0.0320466,0.685709,0,0,0
3.52743,1,5.84456,2.35406,4.9087,-0.419513,-0.143719,-0.0765653,1.67637,0,0,0
3.52743,2,3.95947,0.906079,6.65182,-0.226746,-0.270521,0.0481753,0.403445,0,0,0
3.52743,3,0,0,0,0,0,0,0,0,0,0
3.52743,4,0,0,0,0,0,0,0,0,0,0
3.52743,5,0,0,0,0,0,0,0,0,0,0
3.58213,0,3.99555,0.47084,3.48325,-0.351313,-0.336453,0.0315418,0.685709,0,0,0
3.58213,1,5.81875,2.34367,4.90525,-0.41441,-0.14361,-0.0689473,1.67637,0,0,0
3.58213,2,3.94898,0.891653,6.65523,-0.213644,-0.264307,0.0481789,0.403445,0,0,0
3.58213,3,0,0,0,0,0,0,0,0,0,0
3.58213,4,0,0,0,0,0,0,0,0,0,0
3.58213,5,0,0,0,0,0,0,0,0,0,0
3.6452,0,3.96785,0.443959,3.48634,-0.364962,-0.349875,0.0341068,0.640611,0,0,0
3.6452,1,5.79787,2.33568,4.90233,-0.406009,-0.140903,-0.064545,1.62763,0,0,0
3.6452,2,3.93453,0.873225,6.658,-0.211142,-0.266808,0.0472284,0.393835,0,0,0
3.6452,3,0,0,0,0,0,0,0,0,0,0
3.6452,4,0,0,0,0,0,0,0,0,0,0
3.6452,5,0,0,0,0,0,0,0,0,0,0
3.70815,0,3.9676,0.442469,3.48855,-0.365801,-0.355262,0.0299113,0.606221,0,0,0
3.70815,1,5.78336,2.32893,4.89895,-0.377164,-0.136211,-0.0635744,1.62763,0,0,0
3.70815,2,3.92387,0.859255,6.66062,-0.201856,-0.260267,0.0460075,0.393835,0,0,0
3.70815,3,0,0,0,0,0,0,0,0,0,0
3.70815,4,0,0,0,0,0,0,0,0,0,0
3.70815,5,0,0,0,0,0,0,0,0,0,0
3.76589,0,3.94311,0.417499,3.49059,-0.310052,-0.304608,0.0306153,0.606221,0,0,0
3.76589,1,5.76111,2.31862,4.89631,-0.378842,-0.142505,-0.0635802,1.59062,0,0,0
3.76589,2,3.91477,0.846858,6.66308,-0.189322,-0.249946,0.0445863,0.636715,0,0,0
3.76589,3,0,0,0,0,0,0,0,0,0,0
3.76589,4,0,0,0,0,0,0,0,0,0,0
3.76589,5,0,0,0,0,0,0,0,0,0,0
3.82467,0,3.9233,0.397928,3.4904,-0.314119,-0.308812,0.0311092,0.558024,0,0,0
3.82467,1,5.73698,2.3135,4.89237,-0.386839,-0.131219,-0.0679222,1.54374,0,0,0
3.82467,2,3.90509,0.833939,6.66612,-0.179997,-0.24226,0.0446881,0.636715,0,0,0
3.82467,3,0,0,0,0,0,0,0,0,0,0
3.82467,4,0,0,0,0,0,0,0,0,0,0
3.82467,5,0,0,0,0,0,0,0,0,0,0
3.87989,0,3.90437,0.37745,3.49451,-0.315278,-0.316155,0.0289035,0.558024,0,0,0
3.87989,1,5.71637,2.30567,4.88908,-0.382444,-0.130245,-0.0711449,1.54374,0,0,0
3.87989,2,3.89632,0.822623,6.66709,-0.167419,-0.227895,0.0464411,0.611413,0,0,0
3.87989,3,0,0,0,0,0,0,0,0,0,0
3.87989,4,0,0,0,0,0,0,0,0,0,0
3.87989,5,0,0,0,0,0,0,0,0,0,0
3.93797,0,3.8853,0.358293,3.49637,-0.317802,-0.319053,0.0286647,0.515309,0,0,0
3.93797,1,5.69909,2.29856,4.88514,-0.367603,-0.128,-0.0734929,1.50481,0,0,0
3.93797,2,3.8851,0.807698,6.67054,-0.166393,-0.230203,0.0503118,0.611413,0,0,0
3.93797,3,0,0,0,0,0,0,0,0,0,0
3.93797,4,0,0,0,0,0,0,0,0,0,0
3.93797,5,0,0,0,0,0,0,0,0,0,0
3.99759,0,3.86737,0.339743,3.4981,-0.311048,-0.314398,0.0285039,0.515309,0,0,0
3.99759,1,5.67963,2.29169,4.88052,-0.362989,-0.124742,-0.074115,1.50481,0,0,0
3.99759,2,3.87432,0.793356,6.67343,-0.162959,-0.228499,0.0538416,0.584996,0,0,0
3.99759,3,0,0,0,0,0,0,0,0,0,0
3.99759,4,0,0,0,0,0,0,0,0,0,0
3.99759,5,0,0,0,0,0,0,0,0,0,0
4.05687,0,3.85221,0.32398,3.50011,-0.299823,-0.304903,0.0288148,0.481415,0,0,0
4.05687,1,5.65749,2.28448,4.87668,-0.368341,-0.122309,-0.0749572,1.46333,0,0,0
4.05687,2,3.865,0.781742,6.6757,-0.15605,-0.218289,0.0551435,0.584996,0,0,0
4.05687,3,0,0,0,0,0,0,0,0,0,0
4.05687,4,0,0,0,0,0,0,0,0,0,0
4.05687,5,0,0,0,0,0,0,0,0,0,0
4.1101,0,3.83743,0.308483,3.50221,-0.291737,-0.298701,0.0296117,0.481415,0,0,0
4.1101,1,5.63611,2.27542,4.87684,-0.362795,-0.124586,-0.0757924,1.46333,0,0,0
4.1101,2,3.85552,0.768943,6.67791,-0.152383,-0.21611,0.0564209,0.559877,0,0,0
4.1101,3,0,0,0,0,0,0,0,0,0,0
4.1101,4,0,0,0,0,0,0,0,0,0,0
4.1101,5,0,0,0,0,0,0,0,0,0,0
4.16281,0,3.82452,0.294979,3.50404,-0.279113,-0.287329,0.0312089,0.454217,0,0,0
4.16281,1,5.61918,2.2683,4.86927,-0.346923,-0.122225,-0.0767128,1.42381,0,0,0
4.16281,2,3.84386,0.754635,6.68037,-0.157063,-0.219431,0.0579819,0.559877,0,0,0
4.16281,3,0,0,0,0,0,0,0,0,0,0
4.16281,4,0,0,0,0,0,0,0,0,0,0
4.16281,5,0,0,0,0,0,0,0,0,0,0
4.21729,0,3.81655,0.286581,3.50544,-0.251991,-0.260783,0.0320832,0.454217,0,0,0
4.21729,1,5.59774,2.26145,4.86962,-0.352648,-0.119035,-0.0779287,1.42381,0,0,0
4.21729,2,3.83323,0.74146,6.68283,-0.158099,-0.218957,0.0573615,0.534106,0,0,0
4.21729,3,0,0,0,0,0,0,0,0,0,0
4.21729,4,0,0,0,0,0,0,0,0,0,0
4.21729,5,0,0,0,0,0,0,0,0,0,0
4.26763,0,3.80005,0.269606,3.50785,-0.255625,-0.264995,0.0328688,0.446515,0,0,0
4.26763,1,5.57693,2.2527,4.86124,-0.351694,-0.122126,-0.076828,1.38138,0,0,0
4.26763,2,3.82377,0.729741,6.68442,-0.15563,-0.213678,0.0542222,0.534106,0,0,0
4.26763,3,0,0,0,0,0,0,0,0,0,0
4.26763,4,0,0,0,0,0,0,0,0,0,0
4.26763,5,0,0,0,0,0,0,0,0,0,0
4.32646,0,3.79427,0.263454,3.50915,-0.224569,-0.233913,0.0327457,0.446515,0,0,0
4.32646,1,5.55757,2.24531,4.85749,-0.349854,-0.121689,-0.0774474,1.38138,0,0,0
4.32646,2,3.81109,0.71587,6.68681,-0.161468,-0.21286,0.052528,0.510974,0,0,0
4.32646,3,0,0,0,0,0,0,0,0,0,0
4.32646,4,0,0,0,0,0,0,0,0,0,0
4.32646,5,0,0,0,0,0,0,0,0,0,0
4.37952,0,3.77805,0.246419,3.51101,-0.23095,-0.242055,0.031169,0.426223,0,0,0
4.37952,1,5.53788,2.23751,4.85753,-0.346158,-0.121653,-0.0765869,1.34127,0,0,0
4.37952,2,3.79399,0.695401,6.68967,-0.183676,-0.237905,0.050131,0.510974,0,0,0
4.37952,3,0,0,0,0,0,0,0,0,0,0
4.37952,4,0,0,0,0,0,0,0,0,0,0
4.37952,5,0,0,0,0,0,0,0,0,0,0
4.43483,0,3.76258,0.230348,3.51308,-0.234741,-0.246487,0.0304697,0.426223,0,0,0
4.43483,1,5.51585,2.22958,4.85399,-0.354788,-0.122657,-0.075623,1.34127,0,0,0
4.43483,2,3.77838,0.676927,6.69206,-0.198662,-0.253275,0.0469732,0.479821,0,0,0
4.43483,3,0,0,0,0,0,0,0,0,0,0
4.43483,4,0,0,0,0,0,0,0,0,0,0
4.43483,5,0,0,0,0,0,0,0,0,0,0
4.49933,0,3.75067,0.217829,3.51516,-0.227675,-0.240004,0.0285706,0.401261,0,0,0
4.49933,1,5.49617,2.22153,4.84674,-0.350886,-0.123725,-0.0751036,1.30012,0,0,0
4.49933,2,3.76462,0.660789,6.69366,-0.205237,-0.258396,0.0421032,0.479821,0,0,0
4.49933,3,0,0,0,0,0,0,0,0,0,0
4.49933,4,0,0,0,0,0,0,0,0,0,0
4.49933,5,0,0,0,0,0,0,0,0,0,0
4.56062,0,3.74064,0.207625,3.51683,-0.214041,-0.225371,0.0276347,0.401261,0,0,0
4.56062,1,5.47727,2.21414,4.84386,-0.348679,-0.123847,-0.0721105,1.30012,0,0,0
4.56062,2,3.74586,0.638683,6.6969,-0.222076,-0.276577,0.0370203,0.450236,0,0,0
4.56062,3,0,0,0,0,0,0,0,0,0,0
4.56062,4,0,0,0,0,0,0,0,0,0,0
4.56062,5,0,0,0,0,0,0,0,0,0,0
4.61125,0,3.7304,0.196785,3.51809,-0.202873,-0.214673,0.0266916,0.385343,0,0,0
4.61125,1,5.4588,2.20702,4.84068,-0.339157,-0.121073,-0.0684539,1.28107,0,0,0
4.61125,2,3.73333,0.624259,6.69945,-0.218534,-0.269291,0.0352463,0.450236,0,0,0
4.61125,3,0,0,0,0,0,0,0,0,0,0
4.61125,4,0,0,0,0,0,0,0,0,0,0
4.61125,5,0,0,0,0,0,0,0,0,0,0
4.66151,0,3.71758,0.183582,3.51928,-0.203105,-0.214465,0.0249143,0.385343,0,0,0
4.66151,1,5.43899,2.20064,4.83766,-0.342408,-0.117782,-0.0664197,1.28107,0,0,0
4.66151,2,3.71479,0.602421,6.70184,-0.238395,-0.292154,0.028295,0.423241,0,0,0
4.66151,3,0,0,0,0,0,0,0,0,0,0
4.66151,4,0,0,0,0,0,0,0,0,0,0
4.66151,5,0,0,0,0,0,0,0,0,0,0
4.71926,0,3.70496,0.170513,3.52082,-0.202845,-0.214152,0.0243927,0.372212,0,0,0
4.71926,1,5.42401,2.19449,4.83446,-0.32869,-0.115366,-0.061385,1.24338,0,0,0
4.71926,2,3.70249,0.58825,6.704,-0.234124,-0.284549,0.0267684,0.423241,0,0,0
4.71926,3,0,0,0,0,0,0,0,0,0,0
4.71926,4,0,0,0,0,0,0,0,0,0,0
4.71926,5,0,0,0,0,0,0,0,0,0,0
4.77741,0,3.69379,0.15887,3.52229,-0.198268,-0.209608,0.0239733,0.372212,0,0,0
4.77741,1,5.40672,2.18817,4.83338,-0.319056,-0.111437,-0.0384154,1.24338,0,0,0
4.77741,2,3.69138,0.57575,6.70483,-0.226848,-0.272696,0.0245749,0.399649,0,0,0
4.77741,3,0,0,0,0,0,0,0,0,0,0
4.77741,4,0,0,0,0,0,0,0,0,0,0
4.77741,5,0,0,0,0,0,0,0,0,0,0
4.83308,0,3.68102,0.145496,3.52355,-0.197512,-0.20924,0.022871,0.360949,0,0,0
4.83308,1,5.38741,2.18306,4.83247,-0.320457,-0.10507,-0.0114805,1.21106,0,0,0
4.83308,2,3.67766,0.558811,6.70661,-0.230595,-0.279848,0.0229962,0.399649,0,0,0
4.83308,3,0,0,0,0,0,0,0,0,0,0
4.83308,4,0,0,0,0,0,0,0,0,0,0
4.83308,5,0,0,0,0,0,0,0,0,0,0
4.88649,0,3.67314,0.137247,3.52464,-0.181503,-0.192928,0.0227676,0.360949,0,0,0
4.88649,1,5.36784,2.17521,4.83312,-0.320441,-0.108864,0.0153748,1.21106,0,0,0
4.88649,2,3.66502,0.544327,6.70826,-0.23111,-0.278066,0.0208772,0.382782,0,0,0
4.88649,3,0,0,0,0,0,0,0,0,0,0
4.88649,4,0,0,0,0,0,0,0,0,0,0
4.88649,5,0,0,0,0,0,0,0,0,0,0
4.94909,0,3.66212,0.125613,3.52586,-0.179973,-0.192154,0.0225582,0.353864,0,0,0
4.94909,1,5.35793,2.17271,4.83615,-0.2957,-0.0976084,0.0621762,1.17203,0,0,0
4.94909,2,3.65159,0.527664,6.70987,-0.233667,-0.2839,0.0183282,0.382782,0,0,0
4.94909,3,0,0,0,0,0,0,0,0,0,0
4.94909,4,0,0,0,0,0,0,0,0,0,0
4.94909,5,0,0,0,0,0,0,0,0,0,0
5.00238,0,3.65189,0.114781,3.52725,-0.172788,-0.185116,0.0228838,0.353864,0,0,0
5.00238,1,5.33987,2.16499,4.84199,-0.298078,-0.103454,0.105529,1.17203,0,0,0
5.00238,2,3.63909,0.512839,6.71125,-0.233278,-0.282918,0.0160321,0.368982,0,0,0
5.00238,3,0,0,0,0,0,0,0,0,0,0
5.00238,4,0,0,0,0,0,0,0,0,0,0
5.00238,5,0,0,0,0,0,0,0,0,0,0
5.05383,0,3.64297,0.105224,3.52873,-0.166645,-0.17938,0.0226985,0.348935,0,0,0
5.05383,1,5.32174,2.16433,4.84895,-0.30354,-0.0863529,0.148605,1.14134,0,0,0
5.05383,2,3.62809,0.49949,6.71244,-0.227986,-0.277187,0.0145182,0.368982,0,0,0
5.05383,3,0,0,0,0,0,0,0,0,0,0
5.05383,4,0,0,0,0,0,0,0,0,0,0
5.05383,5,0,0,0,0,0,0,0,0,0,0
5.1097,0,3.63427,0.0962622,3.52999,-0.16135,-0.173091,0.0224775,0.348935,0,0,0
5.1097,1,5.30425,2.15874,4.85917,-0.301148,-0.0860964,0.181342,1.14134,0,0,0
5.1097,2,3.61744,0.486477,6.71368,-0.222358,-0.271224,0.0129018,0.359681,0,0,0
5.1097,3,0,0,0,0,0,0,0,0,0,0
5.1097,4,0,0,0,0,0,0,0,0,0,0
5.1097,5,0,0,0,0,0,0,0,0,0,0
5.17353,0,3.62087,0.0812966,3.53149,-0.167539,-0.182949,0.0217683,0.346333,0,0,0
5.17353,1,5.29487,2.15868,4.86819,-0.278843,-0.070832,0.213058,1.10411,0,0,0
5.17353,2,3.60728,0.473956,6.71487,-0.213904,-0.262057,0.0116664,0.359681,0,0,0
5.17353,3,0,0,0,0,0,0,0,0,0,0
5.17353,4,0,0,0,0,0,0,0,0,0,0
5.17353,5,0,0,0,0,0,0,0,0,0,0
5.23387,0,3.60923,0.0688644,3.53276,-0.17134,-0.187214,0.0207966,0.346333,0,0,0
5.23387,1,5.27998,2.15789,4.88309,-0.27732,-0.0570745,0.247962,1.10411,0,0,0
5.23387,2,3.59865,0.46296,6.7154,-0.201803,-0.249375,0.0112307,0.354425,0,0,0
5.23387,3,0,0,0,0,0,0,0,0,0,0
5.23387,4,0,0,0,0,0,0,0,0,0,0
5.23387,5,0,0,0,0,0,0,0,0,0,0
5.28401,0,3.60084,0.05987,3.53371,-0.164853,-0.180507,0.0195374,0.418501,0,0,0
5.28401,1,5.26467,2.15349,4.89922,-0.276113,-0.0575149,0.26389,1.07772,0,0,0
5.28401,2,3.58911,0.450565,6.71643,-0.195869,-0.24518,0.0108168,0.354425,0,0,0
5.28401,3,0,0,0,0,0,0,0,0,0,0
5.28401,4,0,0,0,0,0,0,0,0,0,0
5.28401,5,0,0,0,0,0,0,0,0,0,0
5.33416,0,3.59754,0.0565498,3.53429,-0.14322,-0.156576,0.018212,0.418501,0,0,0
5.33416,1,5.25765,2.15414,4.90905,-0.247191,-0.0433471,0.278708,1.07772,0,0,0
5.33416,2,3.5817,0.440768,6.7173,-0.181584,-0.232575,0.0109356,0.351534,0,0,0
5.33416,3,0,0,0,0,0,0,0,0,0,0
5.33416,4,0,0,0,0,0,0,0,0,0,0
5.33416,5,0,0,0,0,0,0,0,0,0,0
5.39285,0,3.58425,0.041403,3.53569,-0.154898,-0.172952,0.0177083,0.412663,0,0,0
5.39285,1,5.2441,2.15063,4.92239,-0.244491,-0.0427811,0.268882,1.05152,0,0,0
5.39285,2,3.57308,0.43026,6.71811,-0.174628,-0.222851,0.0103784,0.351534,0,0,0
5.39285,3,0,0,0,0,0,0,0,0,0,0
5.39285,4,0,0,0,0,0,0,0,0,0,0
5.39285,5,0,0,0,0,0,0,0,0,0,0
5.45222,0,3.57321,0.0294725,3.53692,-0.159088,-0.177525,0.0182236,0.412663,0,0,0
5.45222,1,5.22734,2.15317,4.93729,-0.252941,-0.0221238,0.264097,1.05152,0,0,0
5.45222,2,3.56451,0.418823,6.71891,-0.168226,-0.217564,0.0106339,0.35139,0,0,0
5.45222,3,0,0,0,0,0,0,0,0,0,0
5.45222,4,0,0,0,0,0,0,0,0,0,0
5.45222,5,0,0,0,0,0,0,0,0,0,0
5.50872,0,3.56397,0.0192888,3.53795,-0.157528,-0.176534,0.0175984,0.40337,0,0,0
5.50872,1,5.21343,2.15068,4.94915,-0.251432,-0.0211148,0.268074,1.02014,0,0,0
5.50872,2,3.55639,0.408318,6.7197,-0.161466,-0.210008,0.0110755,0.35139,0,0,0
5.50872,3,0,0,0,0,0,0,0,0,0,0
5.50872,4,0,0,0,0,0,0,0,0,0,0
5.50872,5,0,0,0,0,0,0,0,0,0,0
5.56048,0,3.55681,0.0113754,3.5393,-0.148415,-0.167277,0.0189363,0.40337,0,0,0
5.56048,1,5.20254,2.15057,4.96167,-0.241565,-0.0118995,0.256702,1.02014,0,0,0
5.56048,2,3.54873,0.397793,6.72032,-0.155456,-0.205587,0.0110801,0.353037,0,0,0
5.56048,3,0,0,0,0,0,0,0,0,0,0
5.56048,4,0,0,0,0,0,0,0,0,0,0
5.56048,5,0,0,0,0,0,0,0,0,0,0
5.62267,0,3.54845,0.00239581,3.54066,-0.145604,-0.164082,0.0212097,0.398322,0,0,0
5.62267,1,5.19808,2.14903,4.96881,-0.212334,-0.0104964,0.221266,0.993842,0,0,0
5.62267,2,3.54232,0.389473,6.72107,-0.146606,-0.194532,0.0111151,0.353037,0,0,0
5.62267,3,0,0,0,0,0,0,0,0,0,0
5.62267,4,0,0,0,0,0,0,0,0,0,0
5.62267,5,0,0,0,0,0,0,0,0,0,0
5.67538,0,3.53958,-0.00748167,3.54196,-0.143563,-0.162793,0.0221312,0.394404,0,0,0
5.67538,1,5.18881,2.14669,4.97708,-0.195951,-0.0108413,0.196359,0.993842,0,0,0
5.67538,2,3.53493,0.379208,6.72189,-0.139167,-0.187897,0.0110161,0.3561,0,0,0
5.67538,3,0,0,0,0,0,0,0,0,0,0
5.67538,4,0,0,0,0,0,0,0,0,0,0
5.67538,5,0,0,0,0,0,0,0,0,0,0
5.7306,0,3.53624,-0.00966543,3.5427,-0.125666,-0.138322,0.0229461,0.394404,0,0,0
5.7306,1,5.17523,2.14737,4.98553,-0.197023,-0.00249913,0.151492,0.977919,0,0,0
5.7306,2,3.52815,0.370019,6.72265,-0.133901,-0.182457,0.0110052,0.3561,0,0,0
5.7306,3,0,0,0,0,0,0,0,0,0,0
5.7306,4,0,0,0,0,0,0,0,0,0,0
5.7306,5,0,0,0,0,0,0,0,0,0,0
5.78606,0,3.52689,-0.0173689,3.54387,-0.128556,-0.133009,0.0234592,0.394404,0,0,0
5.78606,1,5.17561,2.14476,4.98978,-0.194848,-0.0132298,0.070691,0.977919,0,0,0
5.78606,2,3.52245,0.362392,6.72332,-0.126226,-0.17288,0.0108654,0.360928,0,0,0
5.78606,3,0,0,0,0,0,0,0,0,0,0
5.78606,4,0,0,0,0,0,0,0,0,0,0
5.78606,5,0,0,0,0,0,0,0,0,0,0
5.84392,0,3.51476,-0.0260562,3.54501,-0.140336,-0.131152,0.0242877,0.39113,0,0,0
5.84392,1,5.1616,2.14318,4.99294,-0.199338,-0.0116135,0.045676,0.951152,0,0,0
5.84392,2,3.51676,0.353785,6.72381,-0.119331,-0.168056,0.0109762,0.360928,0,0,0
5.84392,3,0,0,0,0,0,0,0,0,0,0
5.84392,4,0,0,0,0,0,0,0,0,0,0
5.84392,5,0,0,0,0,0,0,0,0,0,0
5.89489,0,3.50367,-0.033633,3.54625,-0.146105,-0.125224,0.0244428,0.387038,0,0,0
5.89489,1,5.15178,2.14003,4.99235,-0.192186,-0.0175632,-0.00257274,0.951152,0,0,0
5.89489,2,3.50841,0.342675,6.72401,-0.0986934,-0.139784,0.0110699,0.36583,0,0,0
5.89489,3,0,0,0,0,0,0,0,0,0,0
5.89489,4,0,0,0,0,0,0,0,0,0,0
5.89489,5,0,0,0,0,0,0,0,0,0,0
5.94845,0,3.49452,-0.0416753,3.54758,-0.147437,-0.125349,0.0238883,0.387038,0,0,0
5.94845,1,5.14236,2.1385,4.98993,-0.18122,-0.016141,-0.0424871,0.9414,0,0,0
5.94845,2,3.50541,0.338479,6.72469,-0.0873176,-0.125028,0.0109069,0.369387,0,0,0
5.94845,3,0,0,0,0,0,0,0,0,0,0
5.94845,4,0,0,0,0,0,0,0,0,0,0
5.94845,5,0,0,0,0,0,0,0,0,0,0
5.99916,0,3.4834,-0.0477576,3.54902,-0.153857,-0.118087,0.0238792,0.387038,0,0,0
5.99916,1,5.13609,2.13527,4.98588,-0.164172,-0.0217331,-0.0807489,0.9414,0,0,0
5.99916,2,3.50541,0.338479,6.72469,-0.0873176,-0.125028,0.0109069,0.369387,0,0,0
5.99916,3,0,0,0,0,0,0,0,0,0,0
5.99916,4,0,0,0,0,0,0,0,0,0,0
5.99916,5,0,0,0,0,0,0,0,0,0,0
6.05979,0,3.47302,-0.0525519,3.55039,-0.157314,-0.10804,0.024155,0.384524,0,0,0
6.05979,1,5.12551,2.13202,4.9783,-0.163609,-0.0255456,-0.119789,0.926814,0,0,0
6.05979,2,3.50401,0.3366,6.72548,-0.0920468,-0.13154,0.0103964,0.768307,0,0,0
6.05979,3,0,0,0,0,0,0,0,0,0,0
6.05979,4,0,0,0,0,0,0,0,0,0,0
6.05979,5,0,0,0,0,0,0,0,0,0,0
6.11427,0,3.46192,-0.057773,3.5511,-0.16404,-0.101791,0.0247223,0.381933,0,0,0
6.11427,1,5.10874,2.12954,4.97661,-0.184831,-0.024974,-0.128451,0.926814,0,0,0
6.11427,2,3.49,0.316878,6.72635,-0.0960227,-0.139913,0.0103078,0.768307,0,0,0
6.11427,3,0,0,0,0,0,0,0,0,0,0
6.11427,4,0,0,0,0,0,0,0,0,0,0
6.11427,5,0,0,0,0,0,0,0,0,0,0
6.16951,0,3.44885,-0.0612252,3.55271,-0.177177,-0.0898036,0.024641,0.381933,0,0,0
6.16951,1,5.09629,2.12169,4.96286,-0.189916,-0.0449334,-0.142683,0.90275,0,0,0
6.16951,2,3.48459,0.30509,6.72687,-0.0923321,-0.149278,0.010086,0.747816,0,0,0
6.16951,3,0,0,0,0,0,0,0,0,0,0
6.16951,4,0,0,0,0,0,0,0,0,0,0
6.16951,5,0,0,0,0,0,0,0,0,0,0
6.22475,0,3.43741,-0.0679942,3.55442,-0.181136,-0.0902395,0.0243344,0.379356,0,0,0
6.22475,1,5.08037,2.11999,4.95588,-0.20514,-0.0390382,-0.142963,0.90275,0,0,0
6.22475,2,3.47906,0.299021,6.7274,-0.0910453,-0.140812,0.00925937,0.747816,0,0,0
6.22475,3,0,0,0,0,0,0,0,0,0,0
6.22475,4,0,0,0,0,0,0,0,0,0,0
6.22475,5,0,0,0,0,0,0,0,0,0,0
6.2804,0,3.42833,-0.0713358,3.5559,-0.175022,-0.0803453,0.0237911,0.379356,0,0,0
6.2804,1,5.06773,2.11257,4.95173,-0.170237,-0.0476805,-0.120598,0.878158,0,0,0
6.2804,2,3.47459,0.292309,6.72819,-0.0848246,-0.133056,0.00597212,0.740206,0,0,0
6.2804,3,0,0,0,0,0,0,0,0,0,0
6.2804,4,0,0,0,0,0,0,0,0,0,0
6.2804,5,0,0,0,0,0,0,0,0,0,0
6.33055,0,3.42632,-0.0733418,3.55591,-0.181987,-0.0871633,0.0225148,0.3792,0,0,0
6.33055,1,5.06773,2.11257,4.95173,-0.170237,-0.0476805,-0.120598,0.864651,0,0,0
6.33055,2,3.46776,0.283747,6.72817,-0.0884466,-0.134454,-0.00100003,0.740206,0,0,0
6.33055,3,0,0,0,0,0,0,0,0,0,0
6.33055,4,0,0,0,0,0,0,0,0,0,0
6.33055,5,0,0,0,0,0,0,0,0,0,0
6.3864,0,3.40612,-0.080454,3.55713,-0.182879,-0.0714653,0.0221127,0.3792,0,0,0
6.3864,1,5.05535,2.11006,4.94577,-0.178441,-0.0451631,-0.112578,0.864651,0,0,0
6.3864,2,3.462,0.272316,6.72797,-0.0887273,-0.145703,-0.0145972,0.727321,0,0,0
6.3864,3,0,0,0,0,0,0,0,0,0,0
6.3864,4,0,0,0,0,0,0,0,0,0,0
6.3864,5,0,0,0,0,0,0,0,0,0,0
6.44415,0,3.40785,-0.0810919,3.55925,-0.17653,-0.0739922,0.022238,0.378489,0,0,0
6.44415,1,5.04758,2.10642,4.93533,-0.169545,-0.0484605,-0.104065,0.848589,0,0,0
6.44415,2,3.45602,0.263322,6.72413,-0.087787,-0.144602,-0.0352768,0.727321,0,0,0
6.44415,3,0,0,0,0,0,0,0,0,0,0
6.44415,4,0,0,0,0,0,0,0,0,0,0
6.44415,5,0,0,0,0,0,0,0,0,0,0
6.50439,0,3.3972,-0.0868365,3.561,-0.174007,-0.0724154,0.021722,0.378489,0,0,0
6.50439,1,5.03245,2.10204,4.92467,-0.149973,-0.043003,-0.0957638,0.848589,0,0,0
6.50439,2,3.45058,0.256265,6.72074,-0.0884594,-0.142377,-0.060857,0.711327,0,0,0
6.50439,3,0,0,0,0,0,0,0,0,0,0
6.50439,4,0,0,0,0,0,0,0,0,0,0
6.50439,5,0,0,0,0,0,0,0,0,0,0
6.56272,0,3.38677,-0.0900558,3.56228,-0.178055,-0.0656927,0.0219653,0.379715,0,0,0
6.56272,1,5.02488,2.10002,4.92064,-0.145244,-0.0409007,-0.0881049,0.836627,0,0,0
6.56272,2,3.43584,0.232957,6.715,-0.0990945,-0.164412,-0.0814349,0.711327,0,0,0
6.56272,3,0,0,0,0,0,0,0,0,0,0
6.56272,4,0,0,0,0,0,0,0,0,0,0
6.56272,5,0,0,0,0,0,0,0,0,0,0
6.62706,0,3.36959,-0.098528,3.5634,-0.171956,-0.0621474,0.0212781,0.379715,0,0,0
6.62706,1,5.01883,2.09845,4.91671,-0.134673,-0.0375443,-0.0837224,0.836627,0,0,0
6.62706,2,3.42775,0.220558,6.70386,-0.105779,-0.176006,-0.096856,0.692772,0,0,0
6.62706,3,0,0,0,0,0,0,0,0,0,0
6.62706,4,0,0,0,0,0,0,0,0,0,0
6.62706,5,0,0,0,0,0,0,0,0,0,0
6.68228,0,3.36187,-0.101582,3.56453,-0.16712,-0.0571744,0.0201733,0.384579,0,0,0
6.68228,1,5.01343,2.09657,4.91707,-0.124992,-0.0363021,-0.0762413,0.825865,0,0,0
6.68228,2,3.42775,0.220558,6.70386,-0.105779,-0.176006,-0.096856,0.692772,0,0,0
6.68228,3,0,0,0,0,0,0,0,0,0,0
6.68228,4,0,0,0,0,0,0,0,0,0,0
6.68228,5,0,0,0,0,0,0,0,0,0,0
6.7357,0,3.35506,-0.10665,3.56566,-0.159869,-0.0594213,0.0192924,0.384579,0,0,0
6.7357,1,5.00784,2.09532,4.91349,-0.115044,-0.0322492,-0.0736706,0.825865,0,0,0
6.7357,2,3.41913,0.206568,6.69863,-0.112973,-0.190433,-0.104191,0.664026,0,0,0
6.7357,3,0,0,0,0,0,0,0,0,0,0
6.7357,4,0,0,0,0,0,0,0,0,0,0
6.7357,5,0,0,0,0,0,0,0,0,0,0
6.80155,0,3.35413,-0.107743,3.56577,-0.1631,-0.0632608,0.0191051,0.387591,0,0,0
6.80155,1,5.00372,2.09379,4.91021,-0.104063,-0.0307044,-0.0730735,0.816346,0,0,0
6.80155,2,3.41494,0.19899,6.69567,-0.105885,-0.181369,-0.102675,0.664026,0,0,0
6.80155,3,0,0,0,0,0,0,0,0,0,0
6.80155,4,0,0,0,0,0,0,0,0,0,0
6.80155,5,0,0,0,0,0,0,0,0,0,0
6.8533,0,3.34183,-0.114631,3.5679,-0.145289,-0.0573818,0.0194553,0.387591,0,0,0
6.8533,1,4.99571,2.09266,4.90259,-0.108425,-0.0268836,-0.0751084,0.816346,0,0,0
6.8533,2,3.40469,0.176083,6.68847,-0.115131,-0.224573,-0.10823,0.639554,0,0,0
6.8533,3,0,0,0,0,0,0,0,0,0,0
6.8533,4,0,0,0,0,0,0,0,0,0,0
6.8533,5,0,0,0,0,0,0,0,0,0,0
6.91104,0,3.33451,-0.117516,3.56891,-0.142739,-0.0530577,0.0203311,0.392609,0,0,0
6.91104,1,4.98963,2.08919,4.89908,-0.104095,-0.0323743,-0.0702188,0.808365,0,0,0
6.91104,2,3.39249,0.155975,6.68243,-0.132722,-0.252986,-0.105665,0.639554,0,0,0
6.91104,3,0,0,0,0,0,0,0,0,0,0
6.91104,4,0,0,0,0,0,0,0,0,0,0
6.91104,5,0,0,0,0,0,0,0,0,0,0
6.97146,0,3.33588,-0.118388,3.56886,-0.137714,-0.0563914,0.0205192,0.392609,0,0,0
6.97146,1,4.98272,2.08843,4.89869,-0.105244,-0.027668,-0.0685303,0.808365,0,0,0
6.97146,2,3.38157,0.136661,6.67783,-0.1423,-0.272123,-0.10795,0.611661,0,0,0
6.97146,3,0,0,0,0,0,0,0,0,0,0
6.97146,4,0,0,0,0,0,0,0,0,0,0
6.97146,5,0,0,0,0,0,0,0,0,0,0
7.02515,0,3.32952,-0.121644,3.57,-0.132938,-0.0538318,0.0214282,0.394879,0,0,0
7.02515,1,4.97476,2.08581,4.89529,-0.107024,-0.0290974,-0.0656298,0.797064,0,0,0
7.02515,2,3.37089,0.117291,6.67204,-0.149817,-0.288634,-0.110865,0.611661,0,0,0
7.02515,3,0,0,0,0,0,0,0,0,0,0
7.02515,4,0,0,0,0,0,0,0,0,0,0
7.02515,5,0,0,0,0,0,0,0,0,0,0
7.07532,0,3.32374,-0.125455,3.57237,-0.125427,-0.0531693,0.0228189,0.394879,0,0,0
7.07532,1,4.96738,2.08384,4.88868,-0.107836,-0.0283316,-0.0611199,0.797064,0,0,0
7.07532,2,3.36266,0.102005,6.66731,-0.148083,-0.287332,-0.112897,0.58803,0,0,0
7.07532,3,0,0,0,0,0,0,0,0,0,0
7.07532,4,0,0,0,0,0,0,0,0,0,0
7.07532,5,0,0,0,0,0,0,0,0,0,0
7.13334,0,3.31768,-0.128687,3.57242,-0.120338,-0.0506505,0.0234696,0.398994,0,0,0
7.13334,1,4.96738,2.08384,4.88868,-0.107836,-0.0283316,-0.0611199,0.785683,0,0,0
7.13334,2,3.35364,0.0806106,6.66153,-0.149814,-0.311551,-0.11441,0.58803,0,0,0
7.13334,3,0,0,0,0,0,0,0,0,0,0
7.13334,4,0,0,0,0,0,0,0,0,0,0
7.13334,5,0,0,0,0,0,0,0,0,0,0
7.18888,0,3.31249,-0.132018,3.57473,-0.112975,-0.049121,0.0235976,0.398994,0,0,0
7.18888,1,4.95562,2.07847,4.88632,-0.101465,-0.033353,-0.0174366,0.785683,0,0,0
7.18888,2,3.3441,0.0640562,6.65486,-0.153711,-0.313,-0.119583,0.563428,0,0,0
7.18888,3,0,0,0,0,0,0,0,0,0,0
7.18888,4,0,0,0,0,0,0,0,0,0,0
7.18888,5,0,0,0,0,0,0,0,0,0,0
7.24756,0,3.30087,-0.138291,3.57471,-0.107908,-0.0463427,0.0237103,0.406191,0,0,0
7.24756,1,4.95562,2.07847,4.88632,-0.101465,-0.033353,-0.0174366,0.774412,0,0,0
7.24756,2,3.33198,0.043444,6.6488,-0.165246,-0.32779,-0.117745,0.563428,0,0,0
7.24756,3,0,0,0,0,0,0,0,0,0,0
7.24756,4,0,0,0,0,0,0,0,0,0,0
7.24756,5,0,0,0,0,0,0,0,0,0,0
7.29804,0,3.29429,-0.141703,3.576,-0.108417,-0.0460619,0.0233291,0.406191,0,0,0
7.29804,1,4.94206,2.07532,4.88993,-0.102731,-0.0304678,0.0636753,0.774412,0,0,0
7.29804,2,3.32465,0.0227569,6.64894,-0.159032,-0.338812,-0.11821,0.546697,0,0,0
7.29804,3,0,0,0,0,0,0,0,0,0,0
7.29804,4,0,0,0,0,0,0,0,0,0,0
7.29804,5,0,0,0,0,0,0,0,0,0,0
7.355,0,3.28826,-0.146211,3.5773,-0.107146,-0.0494669,0.0226368,0.411952,0,0,0
7.355,1,4.93541,2.07265,4.89612,-0.103851,-0.0332489,0.115584,0.761319,0,0,0
7.355,2,3.32036,0.0151396,6.63783,-0.146717,-0.310348,-0.117494,0.546697,0,0,0
7.355,3,0,0,0,0,0,0,0,0,0,0
7.355,4,0,0,0,0,0,0,0,0,0,0
7.355,5,0,0,0,0,0,0,0,0,0,0
7.40776,0,3.28167,-0.149651,3.57845,-0.107057,-0.0486312,0.0224821,0.411952,0,0,0
7.40776,1,4.93541,2.07265,4.89612,-0.103851,-0.0332489,0.115584,0.761319,0,0,0
7.40776,2,3.31489,0.00183072,6.63913,-0.138632,-0.303312,-0.109959,0.532949,0,0,0
7.40776,3,0,0,0,0,0,0,0,0,0,0
7.40776,4,0,0,0,0,0,0,0,0,0,0
7.40776,5,0,0,0,0,0,0,0,0,0,0
7.46297,0,3.27644,-0.153194,3.58059,-0.103715,-0.0489516,0.0220405,0.416876,0,0,0
7.46297,1,4.92662,2.07191,4.90201,-0.112433,-0.0286213,0.149712,0.744131,0,0,0
7.46297,2,3.30804,-0.0153238,6.63445,-0.134292,-0.307956,-0.0905878,0.532949,0,0,0
7.46297,3,0,0,0,0,0,0,0,0,0,0
7.46297,4,0,0,0,0,0,0,0,0,0,0
7.46297,5,0,0,0,0,0,0,0,0,0,0
7.52347,0,3.2715,-0.156825,3.58198,-0.0999633,-0.0496507,0.0216246,0.416876,0,0,0
7.52347,1,4.92035,2.06978,4.91015,-0.110678,-0.0299994,0.181234,0.744131,0,0,0
7.52347,2,3.30039,-0.031816,6.63115,-0.136053,-0.313083,-0.0749642,0.520034,0,0,0
7.52347,3,0,0,0,0,0,0,0,0,0,0
7.52347,4,0,0,0,0,0,0,0,0,0,0
7.52347,5,0,0,0,0,0,0,0,0,0,0
7.57648,0,3.26673,-0.160301,3.58319,-0.0959172,-0.0499302,0.0207061,0.419519,0,0,0
7.57648,1,4.91222,2.06898,4.92245,-0.116299,-0.0258102,0.210176,0.725771,0,0,0
7.57648,2,3.29558,-0.0436758,6.62923,-0.128828,-0.301783,-0.0504704,0.520034,0,0,0
7.57648,3,0,0,0,0,0,0,0,0,0,0
7.57648,4,0,0,0,0,0,0,0,0,0,0
7.57648,5,0,0,0,0,0,0,0,0,0,0
7.63932,0,3.26271,-0.163084,3.58398,-0.0899781,-0.0480969,0.0198118,0.419519,0,0,0
7.63932,1,4.896,2.06672,4.9473,-0.105314,-0.0180238,0.232153,0.725771,0,0,0
7.63932,2,3.29476,-0.0486355,6.62836,-0.109317,-0.266554,-0.0256537,0.515405,0,0,0
7.63932,3,0,0,0,0,0,0,0,0,0,0
7.63932,4,0,0,0,0,0,0,0,0,0,0
7.63932,5,0,0,0,0,0,0,0,0,0,0
7.69738,0,3.25789,-0.166196,3.58509,-0.0877317,-0.0475279,0.0180325,0.424608,0,0,0
7.69738,1,4.89069,2.06631,4.95965,-0.102906,-0.0149585,0.232002,0.705788,0,0,0
7.69738,2,3.29599,-0.0524657,6.62854,-0.0870817,-0.236349,0.000566532,0.515405,0,0,0
7.69738,3,0,0,0,0,0,0,0,0,0,0
7.69738,4,0,0,0,0,0,0,0,0,0,0
7.69738,5,0,0,0,0,0,0,0,0,0,0
7.7559,0,3.25314,-0.169613,3.58595,-0.0855246,-0.0481982,0.00935998,0.424608,0,0,0
7.7559,1,4.89069,2.06631,4.95965,-0.102906,-0.0149585,0.232002,0.705788,0,0,0
7.7559,2,3.29536,-0.0576041,6.63009,-0.0733295,-0.21352,0.0160667,0.515753,0,0,0
7.7559,3,0,0,0,0,0,0,0,0,0,0
7.7559,4,0,0,0,0,0,0,0,0,0,0
7.7559,5,0,0,0,0,0,0,0,0,0,0
7.80866,0,3.24912,-0.172388,3.58629,-0.0814048,-0.0467781,0.00314459,0.430342,0,0,0
7.80866,1,4.88684,2.06691,4.96965,-0.0949728,-0.00920628,0.228977,0.698589,0,0,0
7.80866,2,3.29762,-0.060111,6.63166,-0.0510541,-0.179598,0.0297034,0.515753,0,0,0
7.80866,3,0,0,0,0,0,0,0,0,0,0
7.80866,4,0,0,0,0,0,0,0,0,0,0
7.80866,5,0,0,0,0,0,0,0,0,0,0
7.85912,0,3.24656,-0.17422,3.58569,-0.0725547,-0.0421586,-0.0156208,0.430342,0,0,0
7.85912,1,4.8813,2.06691,4.98402,-0.0921611,-0.00518332,0.222271,0.698589,0,0,0
7.85912,2,3.29961,-0.0648825,6.63376,-0.032848,-0.162449,0.0380774,0.517816,0,0,0
7.85912,3,0,0,0,0,0,0,0,0,0,0
7.85912,4,0,0,0,0,0,0,0,0,0,0
7.85912,5,0,0,0,0,0,0,0,0,0,0
7.91104,0,3.24437,-0.175697,3.58412,-0.0627305,-0.035762,-0.0493608,0.435578,0,0,0
7.91104,1,4.87596,2.06602,4.99388,-0.0901831,-0.00515135,0.216584,0.680183,0,0,0
7.91104,2,3.30493,-0.0595328,6.63615,-0.00739666,-0.11551,0.0426765,0.517816,0,0,0
7.91104,3,0,0,0,0,0,0,0,0,0,0
7.91104,4,0,0,0,0,0,0,0,0,0,0
7.91104,5,0,0,0,0,0,0,0,0,0,0
7.96887,0,3.24068,-0.17719,3.57982,-0.0592135,-0.0292996,-0.0759443,0.435578,0,0,0
7.96887,1,4.87578,2.06672,5.00088,-0.090569,-0.00240641,0.208621,0.680183,0,0,0
7.96887,2,3.30996,-0.056477,6.63923,0.014363,-0.0814067,0.0440314,0.522836,0,0,0
7.96887,3,0,0,0,0,0,0,0,0,0,0
7.96887,4,0,0,0,0,0,0,0,0,0,0
7.96887,5,0,0,0,0,0,0,0,0,0,0
8.0218,0,3.23992,-0.176859,3.57447,-0.0460951,-0.0175405,-0.105747,0.443274,0,0,0
8.0218,1,4.87192,2.06544,5.01258,-0.0839322,-0.0047672,0.199431,0.679194,0,0,0
8.0218,2,3.31432,-0.0557761,6.64177,0.0317803,-0.0595806,0.0424212,0.522836,0,0,0
8.0218,3,0,0,0,0,0,0,0,0,0,0
8.0218,4,0,0,0,0,0,0,0,0,0,0
8.0218,5,0,0,0,0,0,0,0,0,0,0
8.0811,0,3.24021,-0.174668,3.56935,-0.0323382,-0.00196603,-0.121925,0.448768,0,0,0
8.0811,1,4.86137,2.06589,5.02495,-0.084861,0.00130343,0.194023,0.679194,0,0,0
8.0811,2,3.31898,-0.0536728,6.64386,0.0471642,-0.0354007,0.0401066,0.52673,0,0,0
8.0811,3,0,0,0,0,0,0,0,0,0,0
8.0811,4,0,0,0,0,0,0,0,0,0,0
8.0811,5,0,0,0,0,0,0,0,0,0,0
8.13994,0,3.24085,-0.172117,3.5633,-0.0196676,0.01174,-0.130625,0.448768,0,0,0
8.13994,1,4.85593,2.06415,5.04501,-0.0862425,-0.00294331,0.169052,0.664042,0,0,0
8.13994,2,3.32302,-0.0520936,6.64569,0.057796,-0.0162596,0.0373368,0.52673,0,0,0
8.13994,3,0,0,0,0,0,0,0,0,0,0
8.13994,4,0,0,0,0,0,0,0,0,0,0
8.13994,5,0,0,0,0,0,0,0,0,0,0
8.19009,0,3.24307,-0.168595,3.5559,-0.00436923,0.0258556,-0.138104,0.448768,0,0,0
8.19009,1,4.85151,2.06359,5.05434,-0.0839606,-0.00297047,0.161391,0.664042,0,0,0
8.19009,2,3.3275,-0.0500111,6.64725,0.0677119,0.000695375,0.0341304,0.528336,0,0,0
8.19009,3,0,0,0,0,0,0,0,0,0,0
8.19009,4,0,0,0,0,0,0,0,0,0,0
8.19009,5,0,0,0,0,0,0,0,0,0,0
8.25034,0,3.24738,-0.162346,3.54782,0.0153386,0.0467469,-0.141622,0.453244,0,0,0
8.25034,1,4.84383,2.0626,5.0572,-0.0765317,-0.0029744,0.12046,0.651473,0,0,0
8.25034,2,3.33227,-0.0485512,6.64911,0.0781368,0.0125443,0.0309173,0.528336,0,0,0
8.25034,3,0,0,0,0,0,0,0,0,0,0
8.25034,4,0,0,0,0,0,0,0,0,0,0
8.25034,5,0,0,0,0,0,0,0,0,0,0
8.3005,0,3.24979,-0.153392,3.54169,0.0264572,0.0682483,-0.141929,0.453244,0,0,0
8.3005,1,4.8436,2.06156,5.06338,-0.077262,-0.00683337,0.101199,0.651473,0,0,0
8.3005,2,3.33525,-0.0468879,6.65088,0.0809556,0.0236966,0.0229697,0.53313,0,0,0
8.3005,3,0,0,0,0,0,0,0,0,0,0
8.3005,4,0,0,0,0,0,0,0,0,0,0
8.3005,5,0,0,0,0,0,0,0,0,0,0
8.35337,0,3.25589,-0.145445,3.53246,0.0452471,0.0867655,-0.135099,0.451967,0,0,0
8.35337,1,4.8436,2.06156,5.06338,-0.077262,-0.00683337,0.101199,0.643407,0,0,0
8.35337,2,3.33898,-0.0458502,6.65194,0.0857385,0.0306374,0.00550853,0.53313,0,0,0
8.35337,3,0,0,0,0,0,0,0,0,0,0
8.35337,4,0,0,0,0,0,0,0,0,0,0
8.35337,5,0,0,0,0,0,0,0,0,0,0
8.40916,0,3.26486,-0.13425,3.52471,0.0700388,0.111016,-0.129101,0.451967,0,0,0
8.40916,1,4.83282,2.05908,5.06471,-0.0815894,-0.0107649,-0.0139996,0.643407,0,0,0
8.40916,2,3.34156,-0.0454811,6.65156,0.0847455,0.033755,-0.0183146,0.533577,0,0,0
8.40916,3,0,0,0,0,0,0,0,0,0,0
8.40916,4,0,0,0,0,0,0,0,0,0,0
8.40916,5,0,0,0,0,0,0,0,0,0,0
8.46946,0,3.27004,-0.121226,3.51928,0.0800362,0.139817,-0.121678,0.44949,0,0,0
8.46946,1,4.82395,2.05765,5.06289,-0.079351,-0.0101205,-0.0464722,0.633767,0,0,0
8.46946,2,3.34406,-0.0452066,6.65011,0.0835011,0.0351503,-0.0377341,0.533577,0,0,0
8.46946,3,0,0,0,0,0,0,0,0,0,0
8.46946,4,0,0,0,0,0,0,0,0,0,0
8.46946,5,0,0,0,0,0,0,0,0,0,0
8.52299,0,3.27536,-0.113658,3.51375,0.0900633,0.147493,-0.113405,0.444279,0,0,0
8.52299,1,4.82395,2.05765,5.06289,-0.079351,-0.0101205,-0.0464722,0.633767,0,0,0
8.52299,2,3.34426,-0.0463761,6.64774,0.073136,0.0309686,-0.0606821,0.529516,0,0,0
8.52299,3,0,0,0,0,0,0,0,0,0,0
8.52299,4,0,0,0,0,0,0,0,0,0,0
8.52299,5,0,0,0,0,0,0,0,0,0,0
8.57572,0,3.28198,-0.104014,3.50865,0.102264,0.159987,-0.103961,0.444279,0,0,0
8.57572,1,4.81998,2.05617,5.05979,-0.0759731,-0.0120102,-0.0758763,0.623032,0,0,0
8.57572,2,3.34401,-0.0500246,6.64423,0.0639664,0.0182145,-0.0797667,0.529516,0,0,0
8.57572,3,0,0,0,0,0,0,0,0,0,0
8.57572,4,0,0,0,0,0,0,0,0,0,0
8.57572,5,0,0,0,0,0,0,0,0,0,0
8.62587,0,3.28195,-0.10259,3.50356,0.1017,0.16479,-0.0935255,0.444279,0,0,0
8.62587,1,4.81622,2.05534,5.05442,-0.0729821,-0.011633,-0.104777,0.623032,0,0,0
8.62587,2,3.3423,-0.0544453,6.6395,0.0511134,0.00473118,-0.0915681,0.520348,0,0,0
8.62587,3,0,0,0,0,0,0,0,0,0,0
8.62587,4,0,0,0,0,0,0,0,0,0,0
8.62587,5,0,0,0,0,0,0,0,0,0,0
8.68685,0,3.28523,-0.0938818,3.49954,0.101297,0.173475,-0.0808796,0.445447,0,0,0
8.68685,1,4.81226,2.05457,5.04937,-0.0707337,-0.0112005,-0.115737,0.617615,0,0,0
8.68685,2,3.34333,-0.0557314,6.63422,0.0495459,0.00470968,-0.0985711,0.520348,0,0,0
8.68685,3,0,0,0,0,0,0,0,0,0,0
8.68685,4,0,0,0,0,0,0,0,0,0,0
8.68685,5,0,0,0,0,0,0,0,0,0,0
8.74003,0,3.28976,-0.0882404,3.49775,0.106185,0.169937,-0.0538054,0.441646,0,0,0
8.74003,1,4.80991,2.05394,5.04257,-0.0646107,-0.0104624,-0.130044,0.616384,0,0,0
8.74003,2,3.33739,-0.0651512,6.62997,0.0270419,-0.0212083,-0.10143,0.509889,0,0,0
8.74003,3,0,0,0,0,0,0,0,0,0,0
8.74003,4,0,0,0,0,0,0,0,0,0,0
8.74003,5,0,0,0,0,0,0,0,0,0,0
8.79781,0,3.29866,-0.071042,3.49666,0.111025,0.180552,-0.0298262,0.441646,0,0,0
8.79781,1,4.80531,2.05354,5.03562,-0.0667819,-0.0087329,-0.133361,0.616384,0,0,0
8.79781,2,3.32916,-0.0771753,6.62575,-0.000774731,-0.0529611,-0.0997536,0.509889,0,0,0
8.79781,3,0,0,0,0,0,0,0,0,0,0
8.79781,4,0,0,0,0,0,0,0,0,0,0
8.79781,5,0,0,0,0,0,0,0,0,0,0
8.85323,0,3.30028,-0.0654983,3.49622,0.105727,0.17759,-0.00967396,0.430519,0,0,0
8.85323,1,4.80112,2.05292,5.02858,-0.0673324,-0.00829169,-0.132098,0.611552,0,0,0
8.85323,2,3.32273,-0.089584,6.61838,-0.0187588,-0.0823195,-0.098918,0.505109,0,0,0
8.85323,3,0,0,0,0,0,0,0,0,0,0
8.85323,4,0,0,0,0,0,0,0,0,0,0
8.85323,5,0,0,0,0,0,0,0,0,0,0
8.90924,0,3.30121,-0.0610295,3.49731,0.0983932,0.17061,0.00805372,0.430519,0,0,0
8.90924,1,4.79754,2.0524,5.02207,-0.0652068,-0.00784623,-0.129422,0.611552,0,0,0
8.90924,2,3.31591,-0.101084,6.61348,-0.0356457,-0.104071,-0.0966563,0.505109,0,0,0
8.90924,3,0,0,0,0,0,0,0,0,0,0
8.90924,4,0,0,0,0,0,0,0,0,0,0
8.90924,5,0,0,0,0,0,0,0,0,0,0
8.96789,0,3.2945,-0.069611,3.49911,0.0764861,0.142206,0.0278853,0.430865,0,0,0
8.96789,1,4.79266,2.05174,5.00983,-0.0568291,-0.00641585,-0.112646,0.609813,0,0,0
8.96789,2,3.3065,-0.114432,6.60856,-0.05927,-0.128886,-0.0937915,0.492622,0,0,0
8.96789,3,0,0,0,0,0,0,0,0,0,0
8.96789,4,0,0,0,0,0,0,0,0,0,0
8.96789,5,0,0,0,0,0,0,0,0,0,0
9.01803,0,3.29396,-0.0676238,3.50077,0.0660834,0.129725,0.0352396,0.430865,0,0,0
9.01803,1,4.79266,2.05174,5.00983,-0.0568291,-0.00641585,-0.112646,0.609813,0,0,0
9.01803,2,3.29865,-0.129045,6.60407,-0.0749869,-0.156164,-0.0922937,0.492622,0,0,0
9.01803,3,0,0,0,0,0,0,0,0,0,0
9.01803,4,0,0,0,0,0,0,0,0,0,0
9.01803,5,0,0,0,0,0,0,0,0,0,0
9.08517,0,3.28869,-0.0719453,3.50252,0.0408096,0.096732,0.041083,0.430091,0,0,0
9.08517,1,4.7891,2.0525,5.00539,-0.0569222,-0.00215767,-0.0908688,0.609813,0,0,0
9.08517,2,3.28978,-0.142468,6.59918,-0.0915932,-0.173716,-0.0913619,0.485133,0,0,0
9.08517,3,0,0,0,0,0,0,0,0,0,0
9.08517,4,0,0,0,0,0,0,0,0,0,0
9.08517,5,0,0,0,0,0,0,0,0,0,0
9.13641,0,3.28514,-0.0722372,3.50585,0.0229082,0.0713403,0.042707,0.430091,0,0,0
9.13641,1,4.78638,2.05258,5.00083,-0.0539357,-0.000576169,-0.0592382,0.607079,0,0,0
9.13641,2,3.2819,-0.155568,6.59424,-0.103096,-0.189286,-0.0918506,0.485133,0,0,0
9.13641,3,0,0,0,0,0,0,0,0,0,0
9.13641,4,0,0,0,0,0,0,0,0,0,0
9.13641,5,0,0,0,0,0,0,0,0,0,0
9.18661,0,3.2787,-0.0808776,3.50861,0.000410183,0.0405623,0.0417218,0.430091,0,0,0
9.18661,1,4.78377,2.05271,4.99888,-0.0514747,0.000872916,-0.0267679,0.604927,0,0,0
9.18661,2,3.27515,-0.167507,6.59045,-0.108274,-0.196913,-0.0923047,0.479364,0,0,0
9.18661,3,0,0,0,0,0,0,0,0,0,0
9.18661,4,0,0,0,0,0,0,0,0,0,0
9.18661,5,0,0,0,0,0,0,0,0,0,0
9.23744,0,3.27273,-0.0854827,3.511,-0.015082,0.0149541,0.0390087,0.431165,0,0,0
9.23744,1,4.78218,2.05274,4.9991,-0.0458795,0.00149066,0.00453847,0.604927,0,0,0
9.23744,2,3.26885,-0.176878,6.58667,-0.112747,-0.196451,-0.0923291,0.479364,0,0,0
9.23744,3,0,0,0,0,0,0,0,0,0,0
9.23744,4,0,0,0,0,0,0,0,0,0,0
9.23744,5,0,0,0,0,0,0,0,0,0,0
9.28759,0,3.26776,-0.0910575,3.51239,-0.0271447,-0.00476856,0.0359872,0.431165,0,0,0
9.28759,1,4.77985,2.05305,5.00082,-0.0438775,0.00316041,0.0526497,0.602126,0,0,0
9.28759,2,3.26144,-0.192277,6.58209,-0.118395,-0.21624,-0.0904936,0.476549,0,0,0
9.28759,3,0,0,0,0,0,0,0,0,0,0
9.28759,4,0,0,0,0,0,0,0,0,0,0
9.28759,5,0,0,0,0,0,0,0,0,0,0
9.35734,0,3.26776,-0.0910575,3.51239,-0.0271447,-0.00476856,0.0359872,0.435511,0,0,0
9.35734,1,4.7784,2.05315,5.00512,-0.0390979,0.00363457,0.10091,0.602126,0,0,0
9.35734,2,3.25452,-0.203058,6.57822,-0.122772,-0.217136,-0.081961,0.476549,0,0,0
9.35734,3,0,0,0,0,0,0,0,0,0,0
9.35734,4,0,0,0,0,0,0,0,0,0,0
9.35734,5,0,0,0,0,0,0,0,0,0,0
9.40917,0,3.25688,-0.104616,3.51464,-0.056252,-0.0482755,0.0293105,0.443326,0,0,0
9.40917,1,4.7747,2.05397,5.01307,-0.0430714,0.00715337,0.144303,0.596908,0,0,0
9.40917,2,3.24913,-0.213106,6.57489,-0.121693,-0.21594,-0.0656053,0.47541,0,0,0
9.40917,3,0,0,0,0,0,0,0,0,0,0
9.40917,4,0,0,0,0,0,0,0,0,0,0
9.40917,5,0,0,0,0,0,0,0,0,0,0
9.46461,0,3.24202,-0.12156,3.51739,-0.0843812,-0.0890731,0.0230252,0.443326,0,0,0
9.46461,1,4.77241,2.05414,5.02008,-0.0413656,0.00752978,0.167158,0.596908,0,0,0
9.46461,2,3.24698,-0.216161,6.57373,-0.109174,-0.187364,-0.0415982,0.47541,0,0,0
9.46461,3,0,0,0,0,0,0,0,0,0,0
9.46461,4,0,0,0,0,0,0,0,0,0,0
9.46461,5,0,0,0,0,0,0,0,0,0,0
9.51807,0,3.23678,-0.1271,3.51853,-0.088637,-0.0953045,0.02247,0.454271,0,0,0
9.51807,1,4.77058,2.05424,5.03031,-0.0384282,0.0076191,0.191552,0.591355,0,0,0
9.51807,2,3.24401,-0.22349,6.57237,-0.103051,-0.182971,-0.016103,0.475453,0,0,0
9.51807,3,0,0,0,0,0,0,0,0,0,0
9.51807,4,0,0,0,0,0,0,0,0,0,0
9.51807,5,0,0,0,0,0,0,0,0,0,0
9.56901,0,3.23678,-0.1271,3.51853,-0.088637,-0.0953045,0.02247,0.454271,0,0,0
9.56901,1,4.7686,2.05464,5.04016,-0.036437,0.00875541,0.20117,0.591355,0,0,0
9.56901,2,3.24094,-0.231327,6.57265,-0.0960165,-0.177462,0.00350101,0.475453,0,0,0
9.56901,3,0,0,0,0,0,0,0,0,0,0
9.56901,4,0,0,0,0,0,0,0,0,0,0
9.56901,5,0,0,0,0,0,0,0,0,0,0
9.62303,0,3.23494,-0.129224,3.51917,-0.0821675,-0.0903286,0.0220319,0.454271,0,0,0
9.62303,1,4.76633,2.05513,5.05231,-0.0340511,0.0100054,0.205535,0.586029,0,0,0
9.62303,2,3.23946,-0.234966,6.57469,-0.0871292,-0.161836,0.0315032,0.479231,0,0,0
9.62303,3,0,0,0,0,0,0,0,0,0,0
9.62303,4,0,0,0,0,0,0,0,0,0,0
9.62303,5,0,0,0,0,0,0,0,0,0,0
9.67319,0,3.23251,-0.132038,3.5197,-0.077141,-0.0869086,0.0220573,0.459197,0,0,0
9.67319,1,4.7645,2.05554,5.06335,-0.032134,0.0109774,0.204009,0.586029,0,0,0
9.67319,2,3.24044,-0.240899,6.57779,-0.0671005,-0.151456,0.0493002,0.479231,0,0,0
9.67319,3,0,0,0,0,0,0,0,0,0,0
9.67319,4,0,0,0,0,0,0,0,0,0,0
9.67319,5,0,0,0,0,0,0,0,0,0,0
9.72333,0,3.2253,-0.14021,3.52168,-0.0880258,-0.101035,0.023989,0.459197,0,0,0
9.72333,1,4.76292,2.05571,5.07269,-0.0296706,0.0108844,0.196888,0.582006,0,0,0
9.72333,2,3.23934,-0.244381,6.58054,-0.0585813,-0.134935,0.0582018,0.486377,0,0,0
9.72333,3,0,0,0,0,0,0,0,0,0,0
9.72333,4,0,0,0,0,0,0,0,0,0,0
9.72333,5,0,0,0,0,0,0,0,0,0,0
9.78119,0,3.21387,-0.154019,3.52385,-0.111608,-0.132197,0.0244286,0.466459,0,0,0
9.78119,1,4.76075,2.05607,5.08457,-0.0297623,0.0115881,0.186787,0.582006,0,0,0
9.78119,2,3.23934,-0.244381,6.58054,-0.0585813,-0.134935,0.0582018,0.486377,0,0,0
9.78119,3,0,0,0,0,0,0,0,0,0,0
9.78119,4,0,0,0,0,0,0,0,0,0,0
9.78119,5,0,0,0,0,0,0,0,0,0,0
9.8365,0,3.2061,-0.162926,3.52519,-0.12002,-0.142771,0.0151561,0.466459,0,0,0
9.8365,1,4.75838,2.05613,5.09395,-0.0301351,0.0110325,0.177677,0.577771,0,0,0
9.8365,2,3.24509,-0.240105,6.5841,-0.0298678,-0.0974625,0.067014,0.490077,0,0,0
9.8365,3,0,0,0,0,0,0,0,0,0,0
9.8365,4,0,0,0,0,0,0,0,0,0,0
9.8365,5,0,0,0,0,0,0,0,0,0,0
9.88927,0,3.20306,-0.165771,3.52568,-0.112817,-0.132677,0.00105145,0.483525,0,0,0
9.88927,1,4.75619,2.05587,5.10303,-0.0299791,0.00928446,0.166937,0.577771,0,0,0
9.88927,2,3.2499,-0.236346,6.58856,-0.00658965,-0.0632382,0.0696521,0.490077,0,0,0
9.88927,3,0,0,0,0,0,0,0,0,0,0
9.88927,4,0,0,0,0,0,0,0,0,0,0
9.88927,5,0,0,0,0,0,0,0,0,0,0
9.93956,0,3.19703,-0.172842,3.52529,-0.11455,-0.13584,-0.0355145,0.483525,0,0,0
9.93956,1,4.75382,2.0557,5.111,-0.0310208,0.00809664,0.1584,0.57376,0,0,0
9.93956,2,3.25149,-0.235423,6.59208,0.00211168,-0.0454415,0.0681787,0.492888,0,0,0
9.93956,3,0,0,0,0,0,0,0,0,0,0
9.93956,4,0,0,0,0,0,0,0,0,0,0
9.93956,5,0,0,0,0,0,0,0,0,0,0
9.99478,0,3.19412,-0.175678,3.52347,-0.103247,-0.12118,-0.0627106,0.492626,0,0,0
9.99478,1,4.75184,2.05545,5.11834,-0.0301339,0.00672002,0.151132,0.57376,0,0,0
9.99478,2,3.25971,-0.227582,6.596,0.0310946,-0.00769839,0.0648088,0.492888,0,0,0
9.99478,3,0,0,0,0,0,0,0,0,0,0
9.99478,4,0,0,0,0,0,0,0,0,0,0
9.99478,5,0,0,0,0,0,0,0,0,0,0
10.0528,0,3.1914,-0.179387,3.52051,-0.0960068,-0.114974,-0.080576,0.492626,0,0,0
10.0528,1,4.74951,2.05444,5.12648,-0.0309887,0.00270074,0.1387,0.569803,0,0,0
10.0528,2,3.26418,-0.223279,6.59977,0.0440237,0.0137359,0.0606701,0.49564,0,0,0
10.0528,3,0,0,0,0,0,0,0,0,0,0
10.0528,4,0,0,0,0,0,0,0,0,0,0
10.0528,5,0,0,0,0,0,0,0,0,0,0
10.1031,0,3.1926,-0.176489,3.51647,-0.07714,-0.0876998,-0.0937586,0.502019,0,0,0
10.1031,1,4.74689,2.0537,5.13304,-0.0326712,-4.33594e-06,0.116843,0.569803,0,0,0
10.1031,2,3.26938,-0.218055,6.60226,0.0577552,0.0350189,0.0552585,0.49564,0,0,0
10.1031,3,0,0,0,0,0,0,0,0,0,0
10.1031,4,0,0,0,0,0,0,0,0,0,0
10.1031,5,0,0,0,0,0,0,0,0,0,0
10.1563,0,3.19268,-0.177079,3.51136,-0.0654558,-0.0770426,-0.103445,0.506684,0,0,0
10.1563,1,4.74517,2.05289,5.13685,-0.0314727,-0.00285864,0.0910104,0.565908,0,0,0
10.1563,2,3.27307,-0.214263,6.60554,0.0640456,0.0479109,0.0503936,0.497584,0,0,0
10.1563,3,0,0,0,0,0,0,0,0,0,0
10.1563,4,0,0,0,0,0,0,0,0,0,0
10.1563,5,0,0,0,0,0,0,0,0,0,0
10.2091,0,3.19833,-0.166774,3.50497,-0.0383751,-0.0325776,-0.111493,0.506684,0,0,0
10.2091,1,4.74217,2.0517,5.14123,-0.0344678,-0.00610842,0.0556606,0.565908,0,0,0
10.2091,2,3.27766,-0.209625,6.60711,0.0723708,0.0615512,0.045767,0.497584,0,0,0
10.2091,3,0,0,0,0,0,0,0,0,0,0
10.2091,4,0,0,0,0,0,0,0,0,0,0
10.2091,5,0,0,0,0,0,0,0,0,0,0
10.2687,0,3.20361,-0.158998,3.49927,-0.0154417,-0.00200897,-0.111638,0.506684,0,0,0
10.2687,1,4.7386,2.04996,5.14272,-0.0394848,-0.0107525,0.00325357,0.559557,0,0,0
10.2687,2,3.28264,-0.204468,6.61001,0.0808277,0.0748801,0.0419074,0.49907,0,0,0
10.2687,3,0,0,0,0,0,0,0,0,0,0
10.2687,4,0,0,0,0,0,0,0,0,0,0
10.2687,5,0,0,0,0,0,0,0,0,0,0
10.3218,0,3.20885,-0.150811,3.4936,0.00405915,0.0253492,-0.109705,0.501198,0,0,0
10.3218,1,4.7386,2.04996,5.14272,-0.0394848,-0.0107525,0.00325357,0.559557,0,0,0
10.3218,2,3.2866,-0.200466,6.61285,0.0845584,0.0821311,0.0431786,0.49907,0,0,0
10.3218,3,0,0,0,0,0,0,0,0,0,0
10.3218,4,0,0,0,0,0,0,0,0,0,0
10.3218,5,0,0,0,0,0,0,0,0,0,0
10.3802,0,3.2157,-0.140673,3.48831,0.0254648,0.0543791,-0.104789,0.501198,0,0,0
10.3802,1,4.73581,2.04874,5.14187,-0.0407749,-0.0128957,-0.0362817,0.559557,0,0,0
10.3802,2,3.28969,-0.197395,6.61432,0.0847213,0.0849423,0.0367621,0.501505,0,0,0
10.3802,3,0,0,0,0,0,0,0,0,0,0
10.3802,4,0,0,0,0,0,0,0,0,0,0
10.3802,5,0,0,0,0,0,0,0,0,0,0
10.4534,0,3.22144,-0.132843,3.48424,0.0416765,0.0731665,-0.0998007,0.495469,0,0,0
10.4534,1,4.73272,2.04764,5.13873,-0.0423451,-0.0139382,-0.0751254,0.556802,0,0,0
10.4534,2,3.29278,-0.194409,6.61638,0.0848335,0.0868753,0.0274087,0.501505,0,0,0
10.4534,3,0,0,0,0,0,0,0,0,0,0
10.4534,4,0,0,0,0,0,0,0,0,0,0
10.4534,5,0,0,0,0,0,0,0,0,0,0
10.5192,0,3.22896,-0.120225,3.47863,0.0602773,0.104942,-0.0924776,0.495469,0,0,0
10.5192,1,4.72975,2.04639,5.13306,-0.0440228,-0.0154137,-0.110451,0.550894,0,0,0
10.5192,2,3.29703,-0.190511,6.6178,0.0886915,0.0912772,0.0206284,0.503218,0,0,0
10.5192,3,0,0,0,0,0,0,0,0,0,0
10.5192,4,0,0,0,0,0,0,0,0,0,0
10.5192,5,0,0,0,0,0,0,0,0,0,0
10.572,0,3.22896,-0.120225,3.47863,0.0602773,0.104942,-0.0924776,0.488438,0,0,0
10.572,1,4.72714,2.04558,5.12714,-0.0439488,-0.0152334,-0.131375,0.550894,0,0,0
10.572,2,3.29942,-0.1883,6.61762,0.0853685,0.0888855,0.0020367,0.503218,0,0,0
10.572,3,0,0,0,0,0,0,0,0,0,0
10.572,4,0,0,0,0,0,0,0,0,0,0
10.572,5,0,0,0,0,0,0,0,0,0,0
10.6277,0,3.23687,-0.10935,3.47271,0.0798422,0.12794,-0.0820099,0.488438,0,0,0
10.6277,1,4.72454,2.04486,5.11981,-0.043053,-0.0146062,-0.146153,0.546344,0,0,0
10.6277,2,3.30139,-0.186631,6.61689,0.0802999,0.0839289,-0.0244449,0.502384,0,0,0
10.6277,3,0,0,0,0,0,0,0,0,0,0
10.6277,4,0,0,0,0,0,0,0,0,0,0
10.6277,5,0,0,0,0,0,0,0,0,0,0
10.6829,0,3.24388,-0.0964441,3.46789,0.0859425,0.141602,-0.0746717,0.485632,0,0,0
10.6829,1,4.72202,2.04467,5.11212,-0.0430131,-0.012455,-0.154129,0.546344,0,0,0
10.6829,2,3.30235,-0.186169,6.61283,0.0705846,0.073315,-0.0543007,0.502384,0,0,0
10.6829,3,0,0,0,0,0,0,0,0,0,0
10.6829,4,0,0,0,0,0,0,0,0,0,0
10.6829,5,0,0,0,0,0,0,0,0,0,0
10.741,0,3.25066,-0.0853967,3.46326,0.0859528,0.13774,-0.0650641,0.485632,0,0,0
10.741,1,4.72076,2.04421,5.10312,-0.0390334,-0.0121351,-0.156719,0.54384,0,0,0
10.741,2,3.30657,-0.183133,6.60695,0.0640982,0.0649624,-0.0803904,0.496985,0,0,0
10.741,3,0,0,0,0,0,0,0,0,0,0
10.741,4,0,0,0,0,0,0,0,0,0,0
10.741,5,0,0,0,0,0,0,0,0,0,0
10.7938,0,3.25066,-0.0853967,3.46326,0.0859528,0.13774,-0.0650641,0.478811,0,0,0
10.7938,1,4.71777,2.04446,5.09528,-0.0406919,-0.00872565,-0.154068,0.54384,0,0,0
10.7938,2,3.30145,-0.189513,6.60195,0.0461141,0.0418293,-0.0941496,0.496985,0,0,0
10.7938,3,0,0,0,0,0,0,0,0,0,0
10.7938,4,0,0,0,0,0,0,0,0,0,0
10.7938,5,0,0,0,0,0,0,0,0,0,0
10.8553,0,3.26031,-0.0654942,3.45833,0.0941912,0.165174,-0.0252419,0.476034,0,0,0
10.8553,1,4.71555,2.04389,5.08783,-0.0401033,-0.00899413,-0.150505,0.541137,0,0,0
10.8553,2,3.2982,-0.19438,6.59602,0.027754,0.0195077,-0.102125,0.486882,0,0,0
10.8553,3,0,0,0,0,0,0,0,0,0,0
10.8553,4,0,0,0,0,0,0,0,0,0,0
10.8553,5,0,0,0,0,0,0,0,0,0,0
10.9179,0,3.26031,-0.0654942,3.45833,0.0941912,0.165174,-0.0252419,0.476034,0,0,0
10.9179,1,4.71486,2.04444,5.08133,-0.0343574,-0.00611281,-0.144141,0.541137,0,0,0
10.9179,2,3.2944,-0.200737,6.59222,0.0109236,-0.00384819,-0.100586,0.48013,0,0,0
10.9179,3,0,0,0,0,0,0,0,0,0,0
10.9179,4,0,0,0,0,0,0,0,0,0,0
10.9179,5,0,0,0,0,0,0,0,0,0,0
10.974,0,3.26285,-0.0612894,3.45815,0.0913814,0.156923,-0.00583398,0.470151,0,0,0
10.974,1,4.71218,2.04547,5.07307,-0.0370801,-0.00106206,-0.137943,0.541461,0,0,0
10.974,2,3.29163,-0.206803,6.58675,0.00100689,-0.0238392,-0.102904,0.48013,0,0,0
10.974,3,0,0,0,0,0,0,0,0,0,0
10.974,4,0,0,0,0,0,0,0,0,0,0
10.974,5,0,0,0,0,0,0,0,0,0,0
11.0242,0,3.26744,-0.0533863,3.46088,0.0961504,0.16358,0.0179768,0.470151,0,0,0
11.0242,1,4.71051,2.04584,5.06663,-0.0353996,0.000630782,-0.133584,0.541461,0,0,0
11.0242,2,3.28489,-0.214733,6.58153,-0.0220718,-0.0449316,-0.0964508,0.48013,0,0,0
11.0242,3,0,0,0,0,0,0,0,0,0,0
11.0242,4,0,0,0,0,0,0,0,0,0,0
11.0242,5,0,0,0,0,0,0,0,0,0,0
11.0867,0,3.26395,-0.0557505,3.4639,0.073849,0.134865,0.0444927,0.470151,0,0,0
11.0867,1,4.70958,2.04612,5.05963,-0.0312571,0.00161907,-0.127807,0.541816,0,0,0
11.0867,2,3.27852,-0.225908,6.57831,-0.0401998,-0.0756333,-0.0919638,0.473906,0,0,0
11.0867,3,0,0,0,0,0,0,0,0,0,0
11.0867,4,0,0,0,0,0,0,0,0,0,0
11.0867,5,0,0,0,0,0,0,0,0,0,0
11.1369,0,3.26401,-0.0539352,3.46686,0.0645914,0.122258,0.053744,0.462608,0,0,0
11.1369,1,4.7074,2.04712,5.05167,-0.0322655,0.00523444,-0.117608,0.541816,0,0,0
11.1369,2,3.27175,-0.236487,6.57265,-0.0573493,-0.100044,-0.0943286,0.473906,0,0,0
11.1369,3,0,0,0,0,0,0,0,0,0,0
11.1369,4,0,0,0,0,0,0,0,0,0,0
11.1369,5,0,0,0,0,0,0,0,0,0,0
11.191,0,3.25981,-0.0577595,3.4707,0.0415509,0.0905788,0.0598964,0.458399,0,0,0
11.191,1,4.70645,2.04733,5.04619,-0.028629,0.00530617,-0.0999618,0.542613,0,0,0
11.191,2,3.26456,-0.247721,6.56898,-0.0730665,-0.122164,-0.0880136,0.47274,0,0,0
11.191,3,0,0,0,0,0,0,0,0,0,0
11.191,4,0,0,0,0,0,0,0,0,0,0
11.191,5,0,0,0,0,0,0,0,0,0,0
11.2488,0,3.2563,-0.0613601,3.4739,0.0230415,0.0626756,0.0599239,0.458399,0,0,0
11.2488,1,4.70462,2.04807,5.04171,-0.0288191,0.0075282,-0.0655195,0.542613,0,0,0
11.2488,2,3.26027,-0.257028,6.56447,-0.0768629,-0.135577,-0.0900019,0.473002,0,0,0
11.2488,3,0,0,0,0,0,0,0,0,0,0
11.2488,4,0,0,0,0,0,0,0,0,0,0
11.2488,5,0,0,0,0,0,0,0,0,0,0
11.3093,0,3.25206,-0.0660642,3.47722,0.0050157,0.035309,0.0569096,0.45809,0,0,0
11.3093,1,4.70312,2.04856,5.0393,-0.027523,0.00844746,-0.0381024,0.542595,0,0,0
11.3093,2,3.25592,-0.263066,6.56121,-0.0808801,-0.135375,-0.088583,0.473002,0,0,0
11.3093,3,0,0,0,0,0,0,0,0,0,0
11.3093,4,0,0,0,0,0,0,0,0,0,0
11.3093,5,0,0,0,0,0,0,0,0,0,0
11.3707,0,3.24736,-0.0722038,3.47979,-0.0119658,0.00692349,0.0513375,0.45809,0,0,0
11.3707,1,4.70171,2.04908,5.03892,-0.0264665,0.00961288,0.00601478,0.542595,0,0,0
11.3707,2,3.24802,-0.2735,6.55804,-0.0953298,-0.148863,-0.0879058,0.475076,0,0,0
11.3707,3,0,0,0,0,0,0,0,0,0,0
11.3707,4,0,0,0,0,0,0,0,0,0,0
11.3707,5,0,0,0,0,0,0,0,0,0,0
11.422,0,3.24232,-0.0792769,3.48208,-0.0275658,-0.020559,0.044322,0.4623,0,0,0
11.422,1,4.70085,2.04908,5.04076,-0.0239976,0.00838884,0.0556701,0.541403,0,0,0
11.422,2,3.23747,-0.295495,6.55323,-0.102808,-0.176492,-0.0852726,0.475076,0,0,0
11.422,3,0,0,0,0,0,0,0,0,0,0
11.422,4,0,0,0,0,0,0,0,0,0,0
11.422,5,0,0,0,0,0,0,0,0,0,0
11.4804,0,3.23629,-0.0869197,3.48462,-0.0440293,-0.0455175,0.0379988,0.4623,0,0,0
11.4804,1,4.70006,2.04923,5.04449,-0.0217257,0.00785001,0.0963724,0.541403,0,0,0
11.4804,2,3.23665,-0.296314,6.54874,-0.105431,-0.179079,-0.0817743,0.477541,0,0,0
11.4804,3,0,0,0,0,0,0,0,0,0,0
11.4804,4,0,0,0,0,0,0,0,0,0,0
11.4804,5,0,0,0,0,0,0,0,0,0,0
11.5377,0,3.2313,-0.0945516,3.48603,-0.0536319,-0.0659713,0.0326648,0.469202,0,0,0
11.5377,1,4.69935,2.04939,5.05012,-0.0194844,0.00729718,0.132115,0.539362,0,0,0
11.5377,2,3.23104,-0.305016,6.5486,-0.108911,-0.180978,-0.0787338,0.477541,0,0,0
11.5377,3,0,0,0,0,0,0,0,0,0,0
11.5377,4,0,0,0,0,0,0,0,0,0,0
11.5377,5,0,0,0,0,0,0,0,0,0,0
11.5982,0,3.2252,-0.103438,3.48785,-0.0648789,-0.0867504,0.0317159,0.469202,0,0,0
11.5982,1,4.69857,2.04959,5.05799,-0.0177945,0.00704889,0.162804,0.539362,0,0,0
11.5982,2,3.22692,-0.314262,6.5426,-0.106703,-0.185254,-0.0651077,0.481811,0,0,0
11.5982,3,0,0,0,0,0,0,0,0,0,0
11.5982,4,0,0,0,0,0,0,0,0,0,0
11.5982,5,0,0,0,0,0,0,0,0,0,0
11.6547,0,3.21998,-0.11053,3.48924,-0.0728763,-0.0995372,0.028252,0.477826,0,0,0
11.6547,1,4.6977,2.04997,5.0674,-0.0161968,0.00747575,0.181902,0.536709,0,0,0
11.6547,2,3.22323,-0.320654,6.5435,-0.104192,-0.179286,-0.04331,0.481811,0,0,0
11.6547,3,0,0,0,0,0,0,0,0,0,0
11.6547,4,0,0,0,0,0,0,0,0,0,0
11.6547,5,0,0,0,0,0,0,0,0,0,0
11.7051,0,3.21365,-0.119611,3.49043,-0.0820638,-0.115611,0.0265136,0.477826,0,0,0
11.7051,1,4.69713,2.05024,5.07698,-0.0141319,0.00755629,0.192099,0.536709,0,0,0
11.7051,2,3.22022,-0.327318,6.5425,-0.097897,-0.171908,-0.0135185,0.489075,0,0,0
11.7051,3,0,0,0,0,0,0,0,0,0,0
11.7051,4,0,0,0,0,0,0,0,0,0,0
11.7051,5,0,0,0,0,0,0,0,0,0,0
11.7581,0,3.20993,-0.12466,3.49182,-0.0833705,-0.117726,0.0265375,0.486213,0,0,0
11.7581,1,4.69663,2.05053,5.08702,-0.0121358,0.00780756,0.195372,0.534752,0,0,0
11.7581,2,3.21875,-0.331857,6.54314,-0.0894705,-0.162382,0.0128529,0.489075,0,0,0
11.7581,3,0,0,0,0,0,0,0,0,0,0
11.7581,4,0,0,0,0,0,0,0,0,0,0
11.7581,5,0,0,0,0,0,0,0,0,0,0
11.814,0,3.20693,-0.12895,3.49141,-0.0819819,-0.116785,0.0256176,0.486213,0,0,0
11.814,1,4.69606,2.05088,5.09758,-0.0106409,0.0082969,0.193923,0.534752,0,0,0
11.814,2,3.2193,-0.333665,6.54511,-0.0735134,-0.141131,0.0388918,0.494242,0,0,0
11.814,3,0,0,0,0,0,0,0,0,0,0
11.814,4,0,0,0,0,0,0,0,0,0,0
11.814,5,0,0,0,0,0,0,0,0,0,0
11.865,0,3.20073,-0.137604,3.4931,-0.0903198,-0.129522,0.0274051,0.495151,0,0,0
11.865,1,4.6956,2.05111,5.10656,-0.00892314,0.00827551,0.187774,0.533565,0,0,0
11.865,2,3.22083,-0.333537,6.54813,-0.0571319,-0.117741,0.0557787,0.494242,0,0,0
11.865,3,0,0,0,0,0,0,0,0,0,0
11.865,4,0,0,0,0,0,0,0,0,0,0
11.865,5,0,0,0,0,0,0,0,0,0,0
11.9206,0,3.19617,-0.145146,3.49693,-0.0927089,-0.137776,0.0322017,0.495151,0,0,0
11.9206,1,4.69514,2.05125,5.11735,-0.00742334,0.00788549,0.178733,0.533565,0,0,0
11.9206,2,3.22346,-0.33167,6.55134,-0.038851,-0.0910384,0.0672446,0.497438,0,0,0
11.9206,3,0,0,0,0,0,0,0,0,0,0
11.9206,4,0,0,0,0,0,0,0,0,0,0
11.9206,5,0,0,0,0,0,0,0,0,0,0
11.9744,0,3.1915,-0.151508,3.4984,-0.0951473,-0.14032,0.0320177,0.501948,0,0,0
11.9744,1,4.69457,2.05133,5.12534,-0.00674457,0.00743066,0.170876,0.53281,0,0,0
11.9744,2,3.22633,-0.331692,6.55501,-0.0181194,-0.0625188,0.0768365,0.497438,0,0,0
11.9744,3,0,0,0,0,0,0,0,0,0,0
11.9744,4,0,0,0,0,0,0,0,0,0,0
11.9744,5,0,0,0,0,0,0,0,0,0,0
12.0287,0,3.18795,-0.156331,3.50034,-0.0937546,-0.137323,0.0263828,0.501948,0,0,0
12.0287,1,4.69386,2.05135,5.13423,-0.00675071,0.00672605,0.161266,0.53281,0,0,0
12.0287,2,3.23143,-0.326112,6.5598,0.00106757,-0.0342862,0.0804811,0.500106,0,0,0
12.0287,3,0,0,0,0,0,0,0,0,0,0
12.0287,4,0,0,0,0,0,0,0,0,0,0
12.0287,5,0,0,0,0,0,0,0,0,0,0
12.0867,0,3.1841,-0.162213,3.50175,-0.0931595,-0.138119,0.0197023,0.508185,0,0,0
12.0867,1,4.69311,2.05105,5.14131,-0.00677735,0.00493706,0.15349,0.532482,0,0,0
12.0867,2,3.23508,-0.321809,6.56356,0.0134351,-0.0134419,0.0809373,0.500106,0,0,0
12.0867,3,0,0,0,0,0,0,0,0,0,0
12.0867,4,0,0,0,0,0,0,0,0,0,0
12.0867,5,0,0,0,0,0,0,0,0,0,0
12.1422,0,3.18075,-0.166832,3.50192,-0.0892963,-0.131779,0.00068949,0.508185,0,0,0
12.1422,1,4.69217,2.05069,5.14982,-0.00763171,0.00317811,0.144622,0.532482,0,0,0
12.1422,2,3.24281,-0.313421,6.57255,0.0363976,0.0174395,0.0831597,0.500643,0,0,0
12.1422,3,0,0,0,0,0,0,0,0,0,0
12.1422,4,0,0,0,0,0,0,0,0,0,0
12.1422,5,0,0,0,0,0,0,0,0,0,0
12.1988,0,3.17768,-0.171133,3.5009,-0.0851671,-0.125364,-0.0230801,0.516319,0,0,0
12.1988,1,4.69057,2.04998,5.15762,-0.00808371,0.000464282,0.137526,0.531438,0,0,0
12.1988,2,3.24869,-0.306069,6.57653,0.0513098,0.0413969,0.0778378,0.500643,0,0,0
12.1988,3,0,0,0,0,0,0,0,0,0,0
12.1988,4,0,0,0,0,0,0,0,0,0,0
12.1988,5,0,0,0,0,0,0,0,0,0,0
12.2549,0,3.17735,-0.172194,3.49805,-0.0714986,-0.107271,-0.0600155,0.516319,0,0,0
12.2549,1,4.68937,2.04912,5.17064,-0.00958552,-0.00232816,0.132064,0.531438,0,0,0
12.2549,2,3.25366,-0.299945,6.57887,0.0615517,0.0584684,0.0662315,0.502612,0,0,0
12.2549,3,0,0,0,0,0,0,0,0,0,0
12.2549,4,0,0,0,0,0,0,0,0,0,0
12.2549,5,0,0,0,0,0,0,0,0,0,0
12.3201,0,3.17829,-0.171372,3.4946,-0.0560294,-0.0857031,-0.0774693,0.520802,0,0,0
12.3201,1,4.68791,2.04788,5.17595,-0.0118118,-0.00617806,0.113353,0.528517,0,0,0
12.3201,2,3.25837,-0.293439,6.58264,0.0693367,0.074628,0.0658545,0.502612,0,0,0
12.3201,3,0,0,0,0,0,0,0,0,0,0
12.3201,4,0,0,0,0,0,0,0,0,0,0
12.3201,5,0,0,0,0,0,0,0,0,0,0
12.3856,0,3.17912,-0.170155,3.49039,-0.0442331,-0.067293,-0.0869546,0.520802,0,0,0
12.3856,1,4.68654,2.04672,5.17947,-0.013426,-0.00920041,0.0882409,0.528517,0,0,0
12.3856,2,3.26409,-0.287417,6.5857,0.0794372,0.0866874,0.0609222,0.501404,0,0,0
12.3856,3,0,0,0,0,0,0,0,0,0,0
12.3856,4,0,0,0,0,0,0,0,0,0,0
12.3856,5,0,0,0,0,0,0,0,0,0,0
12.4408,0,3.1824,-0.165563,3.48575,-0.0260691,-0.0399514,-0.094755,0.522531,0,0,0
12.4408,1,4.68603,2.04618,5.17815,-0.0153626,-0.0112581,0.05324,0.527139,0,0,0
12.4408,2,3.26926,-0.280912,6.58842,0.0859817,0.0981963,0.0566657,0.501404,0,0,0
12.4408,3,0,0,0,0,0,0,0,0,0,0
12.4408,4,0,0,0,0,0,0,0,0,0,0
12.4408,5,0,0,0,0,0,0,0,0,0,0
12.496,0,3.18314,-0.1657,3.48151,-0.0192805,-0.0339306,-0.0975247,0.522531,0,0,0
12.496,1,4.68467,2.04509,5.17985,-0.0169553,-0.0133738,0.0149222,0.527139,0,0,0
12.496,2,3.27361,-0.275588,6.59017,0.0895813,0.104829,0.0531416,0.500249,0,0,0
12.496,3,0,0,0,0,0,0,0,0,0,0
12.496,4,0,0,0,0,0,0,0,0,0,0
12.496,5,0,0,0,0,0,0,0,0,0,0
12.5487,0,3.18531,-0.161689,3.47637,-0.00981843,-0.0165721,-0.100492,0.526386,0,0,0
12.5487,1,4.68326,2.04412,5.1801,-0.0184453,-0.0145386,-0.0248477,0.524765,0,0,0
12.5487,2,3.27682,-0.271508,6.59267,0.088849,0.106292,0.0418369,0.500249,0,0,0
12.5487,3,0,0,0,0,0,0,0,0,0,0
12.5487,4,0,0,0,0,0,0,0,0,0,0
12.5487,5,0,0,0,0,0,0,0,0,0,0
12.6092,0,3.1847,-0.162772,3.47241,-0.00986263,-0.0174361,-0.0973889,0.526386,0,0,0
12.6092,1,4.68042,2.04191,5.17429,-0.0204257,-0.0170178,-0.073557,0.524765,0,0,0
12.6092,2,3.27974,-0.267993,6.59432,0.0871094,0.105358,0.0270466,0.499818,0,0,0
12.6092,3,0,0,0,0,0,0,0,0,0,0
12.6092,4,0,0,0,0,0,0,0,0,0,0
12.6092,5,0,0,0,0,0,0,0,0,0,0
12.6669,0,3.19959,-0.143008,3.46768,0.0368166,0.0468956,-0.0891658,0.518171,0,0,0
12.6669,1,4.67833,2.04115,5.16816,-0.0232775,-0.0167192,-0.105119,0.519158,0,0,0
12.6669,2,3.28278,-0.264246,6.59524,0.0854033,0.104694,0.00289106,0.499818,0,0,0
12.6669,3,0,0,0,0,0,0,0,0,0,0
12.6669,4,0,0,0,0,0,0,0,0,0,0
12.6669,5,0,0,0,0,0,0,0,0,0,0
12.7247,0,3.20514,-0.127789,3.46148,0.0476355,0.0922079,-0.0885496,0.518171,0,0,0
12.7247,1,4.67676,2.04038,5.161,-0.0238993,-0.016422,-0.129902,0.519158,0,0,0
12.7247,2,3.28577,-0.260717,6.5945,0.08316,0.102451,-0.0238379,0.499018,0,0,0
12.7247,3,0,0,0,0,0,0,0,0,0,0
12.7247,4,0,0,0,0,0,0,0,0,0,0
12.7247,5,0,0,0,0,0,0,0,0,0,0
12.7748,0,3.21527,-0.114514,3.4616,0.0747258,0.124071,-0.0779721,0.50377,0,0,0
12.7748,1,4.67517,2.03993,5.16033,-0.0247745,-0.0154703,-0.13957,0.514683,0,0,0
12.7748,2,3.28751,-0.258625,6.59273,0.0767485,0.0949866,-0.0486279,0.499018,0,0,0
12.7748,3,0,0,0,0,0,0,0,0,0,0
12.7748,4,0,0,0,0,0,0,0,0,0,0
12.7748,5,0,0,0,0,0,0,0,0,0,0
12.8316,0,3.22248,-0.103304,3.45791,0.0884455,0.144782,-0.0723991,0.50377,0,0,0
12.8316,1,4.67334,2.04003,5.14544,-0.0261801,-0.0127156,-0.158275,0.511542,0,0,0
12.8316,2,3.28808,-0.257452,6.58965,0.0665926,0.0844813,-0.0712205,0.494247,0,0,0
12.8316,3,0,0,0,0,0,0,0,0,0,0
12.8316,4,0,0,0,0,0,0,0,0,0,0
12.8316,5,0,0,0,0,0,0,0,0,0,0
12.8845,0,3.23622,-0.0832126,3.45204,0.108762,0.170273,-0.0636107,0.496898,0,0,0
12.8845,1,4.6726,2.04005,5.1393,-0.0242513,-0.0109788,-0.163868,0.511542,0,0,0
12.8845,2,3.2905,-0.253985,6.58624,0.0643557,0.0834893,-0.0877385,0.494247,0,0,0
12.8845,3,0,0,0,0,0,0,0,0,0,0
12.8845,4,0,0,0,0,0,0,0,0,0,0
12.8845,5,0,0,0,0,0,0,0,0,0,0
12.9423,0,3.24081,-0.0728945,3.44941,0.109447,0.181385,-0.0523654,0.496898,0,0,0
12.9423,1,4.67196,2.04027,5.13183,-0.0221874,-0.00889833,-0.162995,0.510569,0,0,0
12.9423,2,3.28625,-0.26005,6.58102,0.0420895,0.0525153,-0.0948439,0.486334,0,0,0
12.9423,3,0,0,0,0,0,0,0,0,0,0
12.9423,4,0,0,0,0,0,0,0,0,0,0
12.9423,5,0,0,0,0,0,0,0,0,0,0
12.9935,0,3.24081,-0.0728945,3.44941,0.109447,0.181385,-0.0523654,0.488152,0,0,0
12.9935,1,4.67028,2.04122,5.12529,-0.0235574,-0.00463025,-0.153042,0.510569,0,0,0
12.9935,2,3.28448,-0.263247,6.57543,0.0307996,0.0346875,-0.0995568,0.486334,0,0,0
12.9935,3,0,0,0,0,0,0,0,0,0,0
12.9935,4,0,0,0,0,0,0,0,0,0,0
12.9935,5,0,0,0,0,0,0,0,0,0,0
13.0513,0,3.24759,-0.0604102,3.44718,0.104171,0.175206,-0.0111761,0.488152,0,0,0
13.0513,1,4.66957,2.04196,5.11716,-0.0220445,-0.0017073,-0.14684,0.510576,0,0,0
13.0513,2,3.27987,-0.268509,6.57221,0.0117706,0.0133988,-0.0985336,0.47978,0,0,0
13.0513,3,0,0,0,0,0,0,0,0,0,0
13.0513,4,0,0,0,0,0,0,0,0,0,0
13.0513,5,0,0,0,0,0,0,0,0,0,0
13.1098,0,3.25029,-0.0551432,3.44771,0.100004,0.169737,0.00775233,0.483363,0,0,0
13.1098,1,4.6688,2.04278,5.1073,-0.0208291,0.00114884,-0.152754,0.510576,0,0,0
13.1098,2,3.27462,-0.276192,6.56728,-0.00692389,-0.0138798,-0.0968557,0.47978,0,0,0
13.1098,3,0,0,0,0,0,0,0,0,0,0
13.1098,4,0,0,0,0,0,0,0,0,0,0
13.1098,5,0,0,0,0,0,0,0,0,0,0
13.1679,0,3.25083,-0.0526059,3.44953,0.0893678,0.155975,0.0286648,0.483363,0,0,0
13.1679,1,4.66837,2.04423,5.10016,-0.0185207,0.00575962,-0.145313,0.51229,0,0,0
13.1679,2,3.26917,-0.285253,6.56152,-0.0227348,-0.0410261,-0.0930694,0.478067,0,0,0
13.1679,3,0,0,0,0,0,0,0,0,0,0
13.1679,4,0,0,0,0,0,0,0,0,0,0
13.1679,5,0,0,0,0,0,0,0,0,0,0
13.2217,0,3.25145,-0.0506058,3.45221,0.0798967,0.142114,0.0418116,0.477482,0,0,0
13.2217,1,4.66857,2.04443,5.09455,-0.0179248,0.00615854,-0.126759,0.51229,0,0,0
13.2217,2,3.26296,-0.29382,6.55745,-0.0398868,-0.0633306,-0.0897411,0.478067,0,0,0
13.2217,3,0,0,0,0,0,0,0,0,0,0
13.2217,4,0,0,0,0,0,0,0,0,0,0
13.2217,5,0,0,0,0,0,0,0,0,0,0
13.2769,0,3.24928,-0.0522388,3.45529,0.0621983,0.116226,0.0530995,0.477482,0,0,0
13.2769,1,4.66766,2.04555,5.08907,-0.0177096,0.00919101,-0.108032,0.513615,0,0,0
13.2769,2,3.25711,-0.303475,6.55282,-0.0525114,-0.085173,-0.0863631,0.477559,0,0,0
13.2769,3,0,0,0,0,0,0,0,0,0,0
13.2769,4,0,0,0,0,0,0,0,0,0,0
13.2769,5,0,0,0,0,0,0,0,0,0,0
13.3327,0,3.24737,-0.0543487,3.45845,0.0475235,0.0919264,0.0570359,0.472626,0,0,0
13.3327,1,4.66626,2.04687,5.08364,-0.0159231,0.0111227,-0.0962853,0.513615,0,0,0
13.3327,2,3.25328,-0.309279,6.54919,-0.0579628,-0.0921825,-0.0844256,0.477559,0,0,0
13.3327,3,0,0,0,0,0,0,0,0,0,0
13.3327,4,0,0,0,0,0,0,0,0,0,0
13.3327,5,0,0,0,0,0,0,0,0,0,0
13.3881,0,3.2455,-0.0570839,3.46164,0.0348035,0.0681312,0.0579373,0.472626,0,0,0
13.3881,1,4.66652,2.04694,5.08122,-0.0150028,0.0115222,-0.0623943,0.514714,0,0,0
13.3881,2,3.24865,-0.316575,6.54516,-0.0648336,-0.102926,-0.0836678,0.478238,0,0,0
13.3881,3,0,0,0,0,0,0,0,0,0,0
13.3881,4,0,0,0,0,0,0,0,0,0,0
13.3881,5,0,0,0,0,0,0,0,0,0,0
13.446,0,3.24131,-0.062682,3.46469,0.0168925,0.038984,0.0542308,0.469884,0,0,0
13.446,1,4.66606,2.04741,5.08074,-0.0137048,0.0119141,-0.0146536,0.514714,0,0,0
13.446,2,3.24135,-0.328524,6.54169,-0.0791162,-0.128009,-0.0834602,0.478238,0,0,0
13.446,3,0,0,0,0,0,0,0,0,0,0
13.446,4,0,0,0,0,0,0,0,0,0,0
13.446,5,0,0,0,0,0,0,0,0,0,0
13.4973,0,3.2339,-0.071532,3.46762,-0.00972117,0.00261024,0.0490211,0.470583,0,0,0
13.4973,1,4.66514,2.04834,5.08232,-0.0113538,0.0120173,0.0349737,0.514994,0,0,0
13.4973,2,3.23495,-0.339454,6.53704,-0.0873958,-0.143976,-0.0819594,0.482613,0,0,0
13.4973,3,0,0,0,0,0,0,0,0,0,0
13.4973,4,0,0,0,0,0,0,0,0,0,0
13.4973,5,0,0,0,0,0,0,0,0,0,0
13.5514,0,3.23017,-0.0778177,3.46983,-0.0208946,-0.0211161,0.0441582,0.470583,0,0,0
13.5514,1,4.66541,2.04789,5.08662,-0.0104171,0.0104257,0.0625135,0.514994,0,0,0
13.5514,2,3.23012,-0.347161,6.53291,-0.09098,-0.148657,-0.0768859,0.482613,0,0,0
13.5514,3,0,0,0,0,0,0,0,0,0,0
13.5514,4,0,0,0,0,0,0,0,0,0,0
13.5514,5,0,0,0,0,0,0,0,0,0,0
13.6066,0,3.22453,-0.0862247,3.4721,-0.0369067,-0.0477754,0.0386698,0.475685,0,0,0
13.6066,1,4.66445,2.04864,5.09202,-0.00921803,0.0102001,0.118258,0.514144,0,0,0
13.6066,2,3.22969,-0.348825,6.53282,-0.0801691,-0.134091,-0.0594322,0.486556,0,0,0
13.6066,3,0,0,0,0,0,0,0,0,0,0
13.6066,4,0,0,0,0,0,0,0,0,0,0
13.6066,5,0,0,0,0,0,0,0,0,0,0
13.6568,0,3.22071,-0.0921428,3.47386,-0.0443828,-0.0628449,0.035345,0.475685,0,0,0
13.6568,1,4.66467,2.04824,5.09878,-0.00838471,0.00860097,0.138042,0.514144,0,0,0
13.6568,2,3.22431,-0.357176,6.53008,-0.086045,-0.141624,-0.0353005,0.486556,0,0,0
13.6568,3,0,0,0,0,0,0,0,0,0,0
13.6568,4,0,0,0,0,0,0,0,0,0,0
13.6568,5,0,0,0,0,0,0,0,0,0,0
13.7095,0,3.21428,-0.101632,3.47555,-0.0590128,-0.087237,0.032874,0.48153,0,0,0
13.7095,1,4.66424,2.04867,5.10457,-0.00595738,0.00759962,0.154617,0.513396,0,0,0
13.7095,2,3.21967,-0.366025,6.52887,-0.088646,-0.149872,-0.00814983,0.49061,0,0,0
13.7095,3,0,0,0,0,0,0,0,0,0,0
13.7095,4,0,0,0,0,0,0,0,0,0,0
13.7095,5,0,0,0,0,0,0,0,0,0,0
13.7647,0,3.20921,-0.108157,3.4771,-0.067918,-0.0980526,0.0321413,0.48153,0,0,0
13.7647,1,4.66445,2.04816,5.11498,-0.00509342,0.00569804,0.174675,0.513396,0,0,0
13.7647,2,3.21834,-0.368771,6.52951,-0.0807859,-0.136512,0.0150749,0.49061,0,0,0
13.7647,3,0,0,0,0,0,0,0,0,0,0
13.7647,4,0,0,0,0,0,0,0,0,0,0
13.7647,5,0,0,0,0,0,0,0,0,0,0
13.8288,0,3.20463,-0.116271,3.47858,-0.0737191,-0.112545,0.0320405,0.494359,0,0,0
13.8288,1,4.66438,2.04818,5.12531,-0.00372076,0.00490567,0.178561,0.512661,0,0,0
13.8288,2,3.21563,-0.374422,6.53134,-0.0794454,-0.136749,0.0381819,0.497592,0,0,0
13.8288,3,0,0,0,0,0,0,0,0,0,0
13.8288,4,0,0,0,0,0,0,0,0,0,0
13.8288,5,0,0,0,0,0,0,0,0,0,0
13.8876,0,3.20057,-0.122233,3.48054,-0.0772896,-0.117922,0.0324078,0.494359,0,0,0
13.8876,1,4.66433,2.0484,5.13474,-0.00136078,0.0043114,0.176571,0.512661,0,0,0
13.8876,2,3.21878,-0.370522,6.53391,-0.0592339,-0.104494,0.0562959,0.497592,0,0,0
13.8876,3,0,0,0,0,0,0,0,0,0,0
13.8876,4,0,0,0,0,0,0,0,0,0,0
13.8876,5,0,0,0,0,0,0,0,0,0,0
13.9481,0,3.19612,-0.1294,3.48431,-0.0813173,-0.126476,0.0345635,0.497142,0,0,0
13.9481,1,4.66445,2.04819,5.14223,-0.000782569,0.00366568,0.16836,0.513001,0,0,0
13.9481,2,3.22292,-0.366534,6.53791,-0.0376735,-0.0755338,0.0712724,0.501888,0,0,0
13.9481,3,0,0,0,0,0,0,0,0,0,0
13.9481,4,0,0,0,0,0,0,0,0,0,0
13.9481,5,0,0,0,0,0,0,0,0,0,0
14.0086,0,3.19206,-0.135595,3.48433,-0.0837387,-0.130423,0.0302963,0.497142,0,0,0
14.0086,1,4.66455,2.04836,5.1511,0.00122797,0.00341523,0.159529,0.513001,0,0,0
14.0086,2,3.22584,-0.363202,6.5419,-0.0226648,-0.0516481,0.079109,0.501888,0,0,0
14.0086,3,0,0,0,0,0,0,0,0,0,0
14.0086,4,0,0,0,0,0,0,0,0,0,0
14.0086,5,0,0,0,0,0,0,0,0,0,0
14.0614,0,3.18847,-0.141197,3.48597,-0.0842356,-0.131638,0.0184325,0.503985,0,0,0
14.0614,1,4.66465,2.04833,5.15899,0.00223872,0.00311522,0.149088,0.514063,0,0,0
14.0614,2,3.23032,-0.358724,6.54675,-0.00649607,-0.0352396,0.0818481,0.502788,0,0,0
14.0614,3,0,0,0,0,0,0,0,0,0,0
14.0614,4,0,0,0,0,0,0,0,0,0,0
14.0614,5,0,0,0,0,0,0,0,0,0,0
14.1167,0,3.18663,-0.143796,3.48746,-0.079035,-0.122278,0.00672859,0.503985,0,0,0
14.1167,1,4.66458,2.04815,5.16622,0.00217381,0.00268305,0.141402,0.514063,0,0,0
14.1167,2,3.23261,-0.355507,6.5505,0.00346279,-0.0153997,0.081764,0.502788,0,0,0
14.1167,3,0,0,0,0,0,0,0,0,0,0
14.1167,4,0,0,0,0,0,0,0,0,0,0
14.1167,5,0,0,0,0,0,0,0,0,0,0
14.1673,0,3.18419,-0.148352,3.48709,-0.0753972,-0.119887,-0.0128082,0.507857,0,0,0
14.1673,1,4.66463,2.04808,5.17299,0.00320507,0.00206566,0.133691,0.51496,0,0,0
14.1673,2,3.23894,-0.348572,6.55507,0.0249994,0.0125216,0.0794838,0.504437,0,0,0
14.1673,3,0,0,0,0,0,0,0,0,0,0
14.1673,4,0,0,0,0,0,0,0,0,0,0
14.1673,5,0,0,0,0,0,0,0,0,0,0
14.2251,0,3.18205,-0.15221,3.48629,-0.0707581,-0.114444,-0.0361596,0.507857,0,0,0
14.2251,1,4.66444,2.04785,5.17753,0.00261505,0.0013242,0.128826,0.51496,0,0,0
14.2251,2,3.24455,-0.341033,6.55919,0.0410306,0.0389621,0.0760055,0.502204,0,0,0
14.2251,3,0,0,0,0,0,0,0,0,0,0
14.2251,4,0,0,0,0,0,0,0,0,0,0
14.2251,5,0,0,0,0,0,0,0,0,0,0
14.2779,0,3.18119,-0.154179,3.48161,-0.0623746,-0.10266,-0.0598411,0.514951,0,0,0
14.2779,1,4.66416,2.04735,5.18376,0.00236537,-0.000301437,0.122426,0.515216,0,0,0
14.2779,2,3.24977,-0.334476,6.56251,0.0539731,0.0584329,0.0715166,0.502204,0,0,0
14.2779,3,0,0,0,0,0,0,0,0,0,0
14.2779,4,0,0,0,0,0,0,0,0,0,0
14.2779,5,0,0,0,0,0,0,0,0,0,0
14.3413,0,3.18223,-0.153444,3.47758,-0.0490995,-0.0835169,-0.0760332,0.514951,0,0,0
14.3413,1,4.66371,2.04661,5.1908,0.00130366,-0.00276011,0.112347,0.515216,0,0,0
14.3413,2,3.25469,-0.32817,6.56622,0.0639134,0.073976,0.067201,0.502204,0,0,0
14.3413,3,0,0,0,0,0,0,0,0,0,0
14.3413,4,0,0,0,0,0,0,0,0,0,0
14.3413,5,0,0,0,0,0,0,0,0,0,0
14.4,0,3.18285,-0.152713,3.47642,-0.0398368,-0.0680572,-0.0804044,0.522148,0,0,0
14.4,1,4.66288,2.04554,5.19651,-0.00102217,-0.00619103,0.0920132,0.514629,0,0,0
14.4,2,3.2627,-0.317235,6.57007,0.0742087,0.0924985,0.0628898,0.500422,0,0,0
14.4,3,0,0,0,0,0,0,0,0,0,0
14.4,4,0,0,0,0,0,0,0,0,0,0
14.4,5,0,0,0,0,0,0,0,0,0,0
14.4513,0,3.18663,-0.148367,3.47103,-0.0210648,-0.0421856,-0.0866607,0.522148,0,0,0
14.4513,1,4.66253,2.04492,5.20133,-0.00157812,-0.00758416,0.0724906,0.514629,0,0,0
14.4513,2,3.26717,-0.312061,6.57277,0.0794194,0.0986213,0.0600404,0.500422,0,0,0
14.4513,3,0,0,0,0,0,0,0,0,0,0
14.4513,4,0,0,0,0,0,0,0,0,0,0
14.4513,5,0,0,0,0,0,0,0,0,0,0
14.5106,0,3.19054,-0.141597,3.46381,-0.00537798,-0.0122123,-0.08933,0.52288,0,0,0
14.5106,1,4.66126,2.04375,5.20291,-0.00514993,-0.0103389,0.0271224,0.513198,0,0,0
14.5106,2,3.27183,-0.306554,6.57624,0.0845097,0.10488,0.0556069,0.497106,0,0,0
14.5106,3,0,0,0,0,0,0,0,0,0,0
14.5106,4,0,0,0,0,0,0,0,0,0,0
14.5106,5,0,0,0,0,0,0,0,0,0,0
14.566,0,3.19642,-0.134312,3.46061,0.0150889,0.0144929,-0.0858672,0.52288,0,0,0
14.566,1,4.6604,2.04296,5.20316,-0.00681921,-0.0111597,-0.00888474,0.513198,0,0,0
14.566,2,3.27558,-0.300826,6.57856,0.0860408,0.111023,0.0511746,0.496503,0,0,0
14.566,3,0,0,0,0,0,0,0,0,0,0
14.566,4,0,0,0,0,0,0,0,0,0,0
14.566,5,0,0,0,0,0,0,0,0,0,0
14.6188,0,3.2005,-0.126886,3.45511,0.0262602,0.0382989,-0.0870553,0.520432,0,0,0
14.6188,1,4.65967,2.04199,5.20196,-0.00776579,-0.0124167,-0.0472802,0.510727,0,0,0
14.6188,2,3.27434,-0.302549,6.58093,0.0821295,0.105256,0.0388415,0.496503,0,0,0
14.6188,3,0,0,0,0,0,0,0,0,0,0
14.6188,4,0,0,0,0,0,0,0,0,0,0
14.6188,5,0,0,0,0,0,0,0,0,0,0
14.6745,0,3.20607,-0.117407,3.45151,0.0400147,0.0643563,-0.0824618,0.520432,0,0,0
14.6745,1,4.65861,2.04125,5.1992,-0.00957586,-0.0126868,-0.0800178,0.510727,0,0,0
14.6745,2,3.28137,-0.293598,6.58219,0.083041,0.107517,0.00967688,0.4962,0,0,0
14.6745,3,0,0,0,0,0,0,0,0,0,0
14.6745,4,0,0,0,0,0,0,0,0,0,0
14.6745,5,0,0,0,0,0,0,0,0,0,0
14.7299,0,3.21309,-0.10828,3.44924,0.05785,0.0864146,-0.0708975,0.516375,0,0,0
14.7299,1,4.65722,2.04039,5.19394,-0.011768,-0.0128832,-0.117357,0.506901,0,0,0
14.7299,2,3.28482,-0.288793,6.58313,0.0826744,0.108826,-0.0170055,0.4962,0,0,0
14.7299,3,0,0,0,0,0,0,0,0,0,0
14.7299,4,0,0,0,0,0,0,0,0,0,0
14.7299,5,0,0,0,0,0,0,0,0,0,0
14.7818,0,3.21908,-0.0972053,3.44612,0.0695817,0.112474,-0.0650043,0.516375,0,0,0
14.7818,1,4.65578,2.0403,5.18632,-0.0141068,-0.0110708,-0.140525,0.506901,0,0,0
14.7818,2,3.28746,-0.284503,6.58251,0.0792442,0.107487,-0.0427083,0.492357,0,0,0
14.7818,3,0,0,0,0,0,0,0,0,0,0
14.7818,4,0,0,0,0,0,0,0,0,0,0
14.7818,5,0,0,0,0,0,0,0,0,0,0
14.8402,0,3.22277,-0.0905651,3.44237,0.072769,0.120088,-0.0661646,0.507569,0,0,0
14.8402,1,4.65558,2.04091,5.17878,-0.0147658,-0.00881461,-0.158992,0.504578,0,0,0
14.8402,2,3.28854,-0.28272,6.5794,0.0709442,0.0975091,-0.0651567,0.492357,0,0,0
14.8402,3,0,0,0,0,0,0,0,0,0,0
14.8402,4,0,0,0,0,0,0,0,0,0,0
14.8402,5,0,0,0,0,0,0,0,0,0,0
14.8994,0,3.22883,-0.0801321,3.44086,0.0823396,0.138685,-0.0571007,0.507569,0,0,0
14.8994,1,4.65455,2.0412,5.1711,-0.0156835,-0.00620331,-0.168416,0.504578,0,0,0
14.8994,2,3.28614,-0.286264,6.57559,0.0530802,0.0714752,-0.0800787,0.486754,0,0,0
14.8994,3,0,0,0,0,0,0,0,0,0,0
14.8994,4,0,0,0,0,0,0,0,0,0,0
14.8994,5,0,0,0,0,0,0,0,0,0,0
14.9548,0,3.23502,-0.0710985,3.4383,0.0915897,0.149891,-0.0470994,0.501916,0,0,0
14.9548,1,4.65372,2.04184,5.16154,-0.0160737,-0.00299884,-0.172434,0.502771,0,0,0
14.9548,2,3.28313,-0.289717,6.57143,0.0357009,0.0494385,-0.0917391,0.486754,0,0,0
14.9548,3,0,0,0,0,0,0,0,0,0,0
14.9548,4,0,0,0,0,0,0,0,0,0,0
14.9548,5,0,0,0,0,0,0,0,0,0,0
15.0075,0,3.23908,-0.063624,3.43634,0.0922485,0.15415,-0.0459762,0.501916,0,0,0
15.0075,1,4.6522,2.04255,5.15312,-0.0158564,0.000122471,-0.172749,0.502771,0,0,0
15.0075,2,3.2827,-0.289246,6.56681,0.0291861,0.0439986,-0.0987921,0.480303,0,0,0
15.0075,3,0,0,0,0,0,0,0,0,0,0
15.0075,4,0,0,0,0,0,0,0,0,0,0
15.0075,5,0,0,0,0,0,0,0,0,0,0
15.0636,0,3.24487,-0.053394,3.43594,0.0963726,0.163479,-0.0130494,0.496462,0,0,0
15.0636,1,4.65199,2.04333,5.14318,-0.0142155,0.00242368,-0.168874,0.502054,0,0,0
15.0636,2,3.27679,-0.296908,6.5609,0.00772293,0.0152823,-0.0990264,0.480303,0,0,0
15.0636,3,0,0,0,0,0,0,0,0,0,0
15.0636,4,0,0,0,0,0,0,0,0,0,0
15.0636,5,0,0,0,0,0,0,0,0,0,0
15.1139,0,3.24826,-0.0477207,3.43667,0.0939669,0.158316,0.00370789,0.496462,0,0,0
15.1139,1,4.65159,2.04443,5.13444,-0.0133864,0.00551125,-0.163803,0.502054,0,0,0
15.1139,2,3.27626,-0.299932,6.55687,0.00512924,0.003925,-0.0976326,0.476304,0,0,0
15.1139,3,0,0,0,0,0,0,0,0,0,0
15.1139,4,0,0,0,0,0,0,0,0,0,0
15.1139,5,0,0,0,0,0,0,0,0,0,0
15.1768,0,3.24942,-0.0450123,3.4383,0.0856432,0.14568,0.0248534,0.48788,0,0,0
15.1768,1,4.65124,2.04587,5.12601,-0.0124886,0.00929929,-0.157133,0.503428,0,0,0
15.1768,2,3.26666,-0.313805,6.55326,-0.0243148,-0.0395709,-0.0922845,0.476304,0,0,0
15.1768,3,0,0,0,0,0,0,0,0,0,0
15.1768,4,0,0,0,0,0,0,0,0,0,0
15.1768,5,0,0,0,0,0,0,0,0,0,0
15.2269,0,3.25162,-0.0395653,3.44119,0.0812762,0.142756,0.039514,0.48788,0,0,0
15.2269,1,4.65083,2.04662,5.11783,-0.011832,0.0102831,-0.152422,0.503428,0,0,0
15.2269,2,3.26155,-0.319662,6.54736,-0.0371377,-0.0523168,-0.0908457,0.478694,0,0,0
15.2269,3,0,0,0,0,0,0,0,0,0,0
15.2269,4,0,0,0,0,0,0,0,0,0,0
15.2269,5,0,0,0,0,0,0,0,0,0,0
15.2788,0,3.25189,-0.0379241,3.44533,0.0709634,0.127758,0.0509271,0.4801,0,0,0
15.2788,1,4.65089,2.04768,5.11098,-0.00983881,0.0120515,-0.141327,0.504951,0,0,0
15.2788,2,3.25267,-0.334927,6.53921,-0.0592332,-0.0937769,-0.0891927,0.478694,0,0,0
15.2788,3,0,0,0,0,0,0,0,0,0,0
15.2788,4,0,0,0,0,0,0,0,0,0,0
15.2788,5,0,0,0,0,0,0,0,0,0,0
15.3346,0,3.25234,-0.0371312,3.44786,0.0632611,0.112572,0.0583917,0.4801,0,0,0
15.3346,1,4.65054,2.04896,5.10415,-0.00927994,0.0142838,-0.117879,0.504951,0,0,0
15.3346,2,3.24482,-0.345926,6.53477,-0.0758798,-0.116154,-0.0790171,0.48021,0,0,0
15.3346,3,0,0,0,0,0,0,0,0,0,0
15.3346,4,0,0,0,0,0,0,0,0,0,0
15.3346,5,0,0,0,0,0,0,0,0,0,0
15.3902,0,3.24669,-0.0428308,3.45126,0.03491,0.075069,0.0598348,0.47305,0,0,0
15.3902,1,4.65041,2.04974,5.09922,-0.00796981,0.0148535,-0.0931877,0.506869,0,0,0
15.3902,2,3.23885,-0.355037,6.53021,-0.0842694,-0.129242,-0.0796725,0.48021,0,0,0
15.3902,3,0,0,0,0,0,0,0,0,0,0
15.3902,4,0,0,0,0,0,0,0,0,0,0
15.3902,5,0,0,0,0,0,0,0,0,0,0
15.4454,0,3.24465,-0.046532,3.45378,0.0230131,0.0501396,0.0574592,0.47305,0,0,0
15.4454,1,4.65032,2.05013,5.09545,-0.00655669,0.0140894,-0.058932,0.506869,0,0,0
15.4454,2,3.23335,-0.363595,6.52694,-0.0907448,-0.139745,-0.0731471,0.485435,0,0,0
15.4454,3,0,0,0,0,0,0,0,0,0,0
15.4454,4,0,0,0,0,0,0,0,0,0,0
15.4454,5,0,0,0,0,0,0,0,0,0,0
15.4969,0,3.24446,-0.0454283,3.45697,0.0185524,0.0456701,0.0610688,0.473119,0,0,0
15.4969,1,4.65004,2.05071,5.09341,-0.00614701,0.0143266,-0.00685753,0.507817,0,0,0
15.4969,2,3.22866,-0.371191,6.52407,-0.0931316,-0.144581,-0.0739542,0.485435,0,0,0
15.4969,3,0,0,0,0,0,0,0,0,0,0
15.4969,4,0,0,0,0,0,0,0,0,0,0
15.4969,5,0,0,0,0,0,0,0,0,0,0
15.5522,0,3.23603,-0.0577775,3.45972,-0.0113363,-0.00243336,0.05671,0.473119,0,0,0
15.5522,1,4.64996,2.05086,5.09428,-0.00513106,0.012931,0.0327582,0.507817,0,0,0
15.5522,2,3.22866,-0.371191,6.52407,-0.0931316,-0.144581,-0.0739542,0.491206,0,0,0
15.5522,3,0,0,0,0,0,0,0,0,0,0
15.5522,4,0,0,0,0,0,0,0,0,0,0
15.5522,5,0,0,0,0,0,0,0,0,0,0
15.6054,0,3.23603,-0.0577775,3.45972,-0.0113363,-0.00243336,0.05671,0.474533,0,0,0
15.6054,1,4.64992,2.05087,5.09672,-0.00410413,0.0111181,0.066326,0.507689,0,0,0
15.6054,2,3.22423,-0.378336,6.5211,-0.0942681,-0.147055,-0.0701916,0.491206,0,0,0
15.6054,3,0,0,0,0,0,0,0,0,0,0
15.6054,4,0,0,0,0,0,0,0,0,0,0
15.6054,5,0,0,0,0,0,0,0,0,0,0
15.6607,0,3.22489,-0.075788,3.46478,-0.0433343,-0.0620033,0.04037,0.474533,0,0,0
15.6607,1,4.64993,2.05075,5.10185,-0.00311047,0.00899506,0.11076,0.507689,0,0,0
15.6607,2,3.22046,-0.384134,6.51764,-0.0924826,-0.143394,-0.0660604,0.495175,0,0,0
15.6607,3,0,0,0,0,0,0,0,0,0,0
15.6607,4,0,0,0,0,0,0,0,0,0,0
15.6607,5,0,0,0,0,0,0,0,0,0,0
15.7206,0,3.21924,-0.0832276,3.46669,-0.0571851,-0.0805152,0.0364185,0.480761,0,0,0
15.7206,1,4.64996,2.05059,5.10852,-0.0021393,0.00695492,0.14065,0.506952,0,0,0
15.7206,2,3.21683,-0.390971,6.51485,-0.0911385,-0.145666,-0.054689,0.495175,0,0,0
15.7206,3,0,0,0,0,0,0,0,0,0,0
15.7206,4,0,0,0,0,0,0,0,0,0,0
15.7206,5,0,0,0,0,0,0,0,0,0,0
15.7707,0,3.21561,-0.0911202,3.46865,-0.0612993,-0.0976911,0.0360047,0.480761,0,0,0
15.7707,1,4.65017,2.05041,5.11768,-0.00064786,0.00507675,0.164339,0.506952,0,0,0
15.7707,2,3.21323,-0.396558,6.51275,-0.0902018,-0.143107,-0.0482281,0.500266,0,0,0
15.7707,3,0,0,0,0,0,0,0,0,0,0
15.7707,4,0,0,0,0,0,0,0,0,0,0
15.7707,5,0,0,0,0,0,0,0,0,0,0
15.8262,0,3.20906,-0.100695,3.47038,-0.0746268,-0.11738,0.0310456,0.487066,0,0,0
15.8262,1,4.65039,2.05026,5.12562,0.000775537,0.00356219,0.174782,0.50664,0,0,0
15.8262,2,3.21204,-0.399119,6.5126,-0.0819327,-0.130966,-0.0225017,0.500266,0,0,0
15.8262,3,0,0,0,0,0,0,0,0,0,0
15.8262,4,0,0,0,0,0,0,0,0,0,0
15.8262,5,0,0,0,0,0,0,0,0,0,0
15.8841,0,3.20458,-0.108111,3.47172,-0.0794846,-0.127281,0.0303829,0.487066,0,0,0
15.8841,1,4.65061,2.05015,5.13454,0.00198258,0.00261013,0.178721,0.50664,0,0,0
15.8841,2,3.2101,-0.402181,6.51374,-0.0779808,-0.123201,0.0123251,0.505113,0,0,0
15.8841,3,0,0,0,0,0,0,0,0,0,0
15.8841,4,0,0,0,0,0,0,0,0,0,0
15.8841,5,0,0,0,0,0,0,0,0,0,0
15.9468,0,3.20018,-0.114784,3.47346,-0.0836217,-0.133094,0.0306517,0.496001,0,0,0
15.9468,1,4.65092,2.05004,5.14301,0.00336791,0.0018177,0.177071,0.507062,0,0,0
15.9468,2,3.21192,-0.402051,6.51947,-0.0538816,-0.0911073,0.0518219,0.505113,0,0,0
15.9468,3,0,0,0,0,0,0,0,0,0,0
15.9468,4,0,0,0,0,0,0,0,0,0,0
15.9468,5,0,0,0,0,0,0,0,0,0,0
16.0086,0,3.19615,-0.122039,3.47567,-0.0856767,-0.140041,0.0301192,0.496001,0,0,0
16.0086,1,4.65113,2.05014,5.15358,0.00416403,0.00201677,0.171664,0.507062,0,0,0
16.0086,2,3.21192,-0.402051,6.51947,-0.0538816,-0.0911073,0.0518219,0.508881,0,0,0
16.0086,3,0,0,0,0,0,0,0,0,0,0
16.0086,4,0,0,0,0,0,0,0,0,0,0
16.0086,5,0,0,0,0,0,0,0,0,0,0
16.0716,0,3.19258,-0.127639,3.47677,-0.0863608,-0.140268,0.0195754,0.502476,0,0,0
16.0716,1,4.65165,2.04973,5.1623,0.00587494,0.00050234,0.162649,0.507748,0,0,0
16.0716,2,3.21557,-0.398208,6.52317,-0.0347551,-0.0652063,0.0754621,0.508881,0,0,0
16.0716,3,0,0,0,0,0,0,0,0,0,0
16.0716,4,0,0,0,0,0,0,0,0,0,0
16.0716,5,0,0,0,0,0,0,0,0,0,0
16.1298,0,3.18971,-0.132433,3.47683,-0.0838811,-0.136732,-0.004886,0.502476,0,0,0
16.1298,1,4.65205,2.04922,5.17659,0.00647583,-0.00103071,0.145473,0.508895,0,0,0
16.1298,2,3.2191,-0.394053,6.52765,-0.0179215,-0.040741,0.0844518,0.508742,0,0,0
16.1298,3,0,0,0,0,0,0,0,0,0,0
16.1298,4,0,0,0,0,0,0,0,0,0,0
16.1298,5,0,0,0,0,0,0,0,0,0,0
16.1799,0,3.18669,-0.138095,3.47648,-0.0808782,-0.13471,-0.0121052,0.509065,0,0,0
16.1799,1,4.65205,2.04922,5.17659,0.00647583,-0.00103071,0.145473,0.508895,0,0,0
16.1799,2,3.22433,-0.388273,6.53267,0.00300993,-0.0134587,0.0896181,0.508742,0,0,0
16.1799,3,0,0,0,0,0,0,0,0,0,0
16.1799,4,0,0,0,0,0,0,0,0,0,0
16.1799,5,0,0,0,0,0,0,0,0,0,0
16.2301,0,3.18467,-0.142347,3.47505,-0.074536,-0.127494,-0.0360666,0.509065,0,0,0
16.2301,1,4.6521,2.04878,5.18364,0.00622394,-0.00226317,0.137692,0.508895,0,0,0
16.2301,2,3.22794,-0.383231,6.53701,0.0158766,0.00822605,0.0901843,0.508,0,0,0
16.2301,3,0,0,0,0,0,0,0,0,0,0
16.2301,4,0,0,0,0,0,0,0,0,0,0
16.2301,5,0,0,0,0,0,0,0,0,0,0
16.2896,0,3.18415,-0.144278,3.47216,-0.064811,-0.114089,-0.0526761,0.517359,0,0,0
16.2896,1,4.65189,2.04816,5.19073,0.00506479,-0.0039452,0.129925,0.509715,0,0,0
16.2896,2,3.23141,-0.378917,6.53991,0.0265562,0.0242099,0.0876728,0.508,0,0,0
16.2896,3,0,0,0,0,0,0,0,0,0,0
16.2896,4,0,0,0,0,0,0,0,0,0,0
16.2896,5,0,0,0,0,0,0,0,0,0,0
16.3399,0,3.18421,-0.145156,3.47049,-0.0540334,-0.0977544,-0.0728704,0.517359,0,0,0
16.3399,1,4.65181,2.04764,5.19653,0.00439669,-0.00511628,0.124854,0.510261,0,0,0
16.3399,2,3.23403,-0.375369,6.54343,0.0326901,0.0350806,0.0866603,0.507583,0,0,0
16.3399,3,0,0,0,0,0,0,0,0,0,0
16.3399,4,0,0,0,0,0,0,0,0,0,0
16.3399,5,0,0,0,0,0,0,0,0,0,0
16.4004,0,3.1865,-0.142961,3.46221,-0.0383705,-0.0748388,-0.0845248,0.522507,0,0,0
16.4004,1,4.65139,2.04653,5.20405,0.00271055,-0.0082561,0.115573,0.510261,0,0,0
16.4004,2,3.23979,-0.368287,6.55011,0.047913,0.0559289,0.0880561,0.507583,0,0,0
16.4004,3,0,0,0,0,0,0,0,0,0,0
16.4004,4,0,0,0,0,0,0,0,0,0,0
16.4004,5,0,0,0,0,0,0,0,0,0,0
16.4582,0,3.19088,-0.137748,3.45721,-0.0181892,-0.0454497,-0.0904858,0.522507,0,0,0
16.4582,1,4.65094,2.04534,5.20986,0.00110858,-0.0113874,0.105324,0.50993,0,0,0
16.4582,2,3.24349,-0.362493,6.5559,0.0542729,0.0697164,0.0785467,0.509287,0,0,0
16.4582,3,0,0,0,0,0,0,0,0,0,0
16.4582,4,0,0,0,0,0,0,0,0,0,0
16.4582,5,0,0,0,0,0,0,0,0,0,0
16.5195,0,3.19528,-0.132205,3.45295,-0.000293751,-0.0187959,-0.0908708,0.526772,0,0,0
16.5195,1,4.65042,2.04421,5.21469,-0.000561076,-0.0139038,0.0883991,0.50993,0,0,0
16.5195,2,3.24702,-0.358237,6.55821,0.0595644,0.0761219,0.0737181,0.509287,0,0,0
16.5195,3,0,0,0,0,0,0,0,0,0,0
16.5195,4,0,0,0,0,0,0,0,0,0,0
16.5195,5,0,0,0,0,0,0,0,0,0,0
16.5748,0,3.19927,-0.125688,3.4486,0.013262,0.00751745,-0.0883446,0.526772,0,0,0
16.5748,1,4.64956,2.04272,5.21848,-0.0031793,-0.0171767,0.0552683,0.508542,0,0,0
16.5748,2,3.25196,-0.352205,6.56215,0.0686698,0.0874821,0.0692019,0.507797,0,0,0
16.5748,3,0,0,0,0,0,0,0,0,0,0
16.5748,4,0,0,0,0,0,0,0,0,0,0
16.5748,5,0,0,0,0,0,0,0,0,0,0
16.6301,0,3.20428,-0.117337,3.44901,0.0272957,0.03494,-0.0815772,0.524919,0,0,0
16.6301,1,4.64851,2.04131,5.22024,-0.00623213,-0.0193207,0.0244079,0.508542,0,0,0
16.6301,2,3.26106,-0.33942,6.56537,0.0903374,0.120638,0.0633832,0.507797,0,0,0
16.6301,3,0,0,0,0,0,0,0,0,0,0
16.6301,4,0,0,0,0,0,0,0,0,0,0
16.6301,5,0,0,0,0,0,0,0,0,0,0
16.6879,0,3.21232,-0.10603,3.44468,0.0497928,0.0684265,-0.0759103,0.524919,0,0,0
16.6879,1,4.64745,2.04008,5.22044,-0.0086675,-0.0200396,-0.0173647,0.505596,0,0,0
16.6879,2,3.26719,-0.329683,6.5688,0.09954,0.139311,0.0503282,0.500473,0,0,0
16.6879,3,0,0,0,0,0,0,0,0,0,0
16.6879,4,0,0,0,0,0,0,0,0,0,0
16.6879,5,0,0,0,0,0,0,0,0,0,0
16.7411,0,3.2178,-0.0977289,3.43816,0.0617898,0.0882022,-0.0694506,0.514795,0,0,0
16.7411,1,4.64641,2.03915,5.21847,-0.0107026,-0.0195879,-0.0563512,0.505596,0,0,0
16.7411,2,3.27281,-0.322649,6.57111,0.105614,0.145173,0.0297616,0.500473,0,0,0
16.7411,3,0,0,0,0,0,0,0,0,0,0
16.7411,4,0,0,0,0,0,0,0,0,0,0
16.7411,5,0,0,0,0,0,0,0,0,0,0
16.7975,0,3.22307,-0.0887785,3.43436,0.0700086,0.105531,-0.0685798,0.514795,0,0,0
16.7975,1,4.64577,2.03872,5.21537,-0.0112044,-0.0176351,-0.0890322,0.502642,0,0,0
16.7975,2,3.27708,-0.316325,6.57171,0.104574,0.14576,0.00161513,0.495727,0,0,0
16.7975,3,0,0,0,0,0,0,0,0,0,0
16.7975,4,0,0,0,0,0,0,0,0,0,0
16.7975,5,0,0,0,0,0,0,0,0,0,0
16.8667,0,3.2288,-0.080054,3.43136,0.0801183,0.121578,-0.0611223,0.512782,0,0,0
16.8667,1,4.64525,2.03842,5.21028,-0.0110679,-0.0155214,-0.120015,0.502642,0,0,0
16.8667,2,3.28032,-0.311816,6.57141,0.0994578,0.138866,-0.0250918,0.495727,0,0,0
16.8667,3,0,0,0,0,0,0,0,0,0,0
16.8667,4,0,0,0,0,0,0,0,0,0,0
16.8667,5,0,0,0,0,0,0,0,0,0,0
16.9237,0,3.23345,-0.0701989,3.42929,0.0843904,0.139086,-0.0539394,0.50675,0,0,0
16.9237,1,4.64315,2.0385,5.19454,-0.0144254,-0.00997487,-0.162343,0.499232,0,0,0
16.9237,2,3.28833,-0.300018,6.57015,0.0965892,0.137307,-0.0508289,0.48611,0,0,0
16.9237,3,0,0,0,0,0,0,0,0,0,0
16.9237,4,0,0,0,0,0,0,0,0,0,0
16.9237,5,0,0,0,0,0,0,0,0,0,0
16.9764,0,3.23934,-0.0606855,3.42832,0.0911148,0.150202,-0.041064,0.50675,0,0,0
16.9764,1,4.64315,2.0385,5.19454,-0.0144254,-0.00997487,-0.162343,0.499232,0,0,0
16.9764,2,3.28818,-0.298988,6.56794,0.0830139,0.121695,-0.0712878,0.48611,0,0,0
16.9764,3,0,0,0,0,0,0,0,0,0,0
16.9764,4,0,0,0,0,0,0,0,0,0,0
16.9764,5,0,0,0,0,0,0,0,0,0,0
17.037,0,3.24412,-0.0531232,3.42852,0.0956222,0.156346,-0.0094883,0.498199,0,0,0
17.037,1,4.64291,2.03912,5.18529,-0.0131013,-0.00629259,-0.170741,0.496892,0,0,0
17.037,2,3.28353,-0.305304,6.56334,0.0668621,0.0989134,-0.0837949,0.482719,0,0,0
17.037,3,0,0,0,0,0,0,0,0,0,0
17.037,4,0,0,0,0,0,0,0,0,0,0
17.037,5,0,0,0,0,0,0,0,0,0,0
17.0872,0,3.24774,-0.0450164,3.42983,0.0950375,0.163512,0.00795261,0.498199,0,0,0
17.0872,1,4.64232,2.03997,5.17663,-0.0132379,-0.00229482,-0.173766,0.496892,0,0,0
17.0872,2,3.28571,-0.301582,6.55906,0.0555883,0.0837557,-0.0914026,0.482719,0,0,0
17.0872,3,0,0,0,0,0,0,0,0,0,0
17.0872,4,0,0,0,0,0,0,0,0,0,0
17.0872,5,0,0,0,0,0,0,0,0,0,0
17.1545,0,3.25062,-0.0393936,3.43172,0.0923994,0.161012,0.0245426,0.498199,0,0,0
17.1545,1,4.64205,2.04098,5.15887,-0.0121735,0.00163634,-0.181373,0.495482,0,0,0
17.1545,2,3.28136,-0.306682,6.55448,0.035412,0.0575072,-0.0940209,0.475637,0,0,0
17.1545,3,0,0,0,0,0,0,0,0,0,0
17.1545,4,0,0,0,0,0,0,0,0,0,0
17.1545,5,0,0,0,0,0,0,0,0,0,0
17.2098,0,3.25282,-0.0353836,3.43377,0.0875868,0.152716,0.0318761,0.488871,0,0,0
17.2098,1,4.64203,2.0423,5.15124,-0.0104144,0.00575988,-0.166626,0.495482,0,0,0
17.2098,2,3.27762,-0.312936,6.54861,0.0231145,0.0360277,-0.0974006,0.475637,0,0,0
17.2098,3,0,0,0,0,0,0,0,0,0,0
17.2098,4,0,0,0,0,0,0,0,0,0,0
17.2098,5,0,0,0,0,0,0,0,0,0,0
17.26,0,3.25217,-0.0349272,3.43719,0.0742149,0.133911,0.0469141,0.482013,0,0,0
17.26,1,4.6418,2.0437,5.14966,-0.00977837,0.00961054,-0.160695,0.497093,0,0,0
17.26,2,3.27155,-0.319952,6.54577,-0.000961414,0.00663688,-0.0910107,0.475134,0,0,0
17.26,3,0,0,0,0,0,0,0,0,0,0
17.26,4,0,0,0,0,0,0,0,0,0,0
17.26,5,0,0,0,0,0,0,0,0,0,0
17.318,0,3.25217,-0.0349272,3.43719,0.0742149,0.133911,0.0469141,0.482013,0,0,0
17.318,1,4.64198,2.04496,5.14147,-0.00777866,0.0124386,-0.154016,0.497093,0,0,0
17.318,2,3.26633,-0.328174,6.54063,-0.0175057,-0.0216116,-0.0870595,0.475134,0,0,0
17.318,3,0,0,0,0,0,0,0,0,0,0
17.318,4,0,0,0,0,0,0,0,0,0,0
17.318,5,0,0,0,0,0,0,0,0,0,0
17.3771,0,3.25036,-0.0350515,3.44241,0.0482672,0.096091,0.0575301,0.478212,0,0,0
17.3771,1,4.64188,2.04646,5.13406,-0.00699443,0.0155408,-0.147569,0.498937,0,0,0
17.3771,2,3.26111,-0.335662,6.53534,-0.0345389,-0.0466229,-0.0889903,0.475105,0,0,0
17.3771,3,0,0,0,0,0,0,0,0,0,0
17.3771,4,0,0,0,0,0,0,0,0,0,0
17.3771,5,0,0,0,0,0,0,0,0,0,0
17.4323,0,3.25041,-0.0349876,3.44467,0.0404593,0.0799551,0.0591864,0.478212,0,0,0
17.4323,1,4.64205,2.04788,5.12655,-0.00528368,0.017878,-0.129713,0.498937,0,0,0
17.4323,2,3.25479,-0.344657,6.53195,-0.0514607,-0.0713977,-0.0800572,0.475105,0,0,0
17.4323,3,0,0,0,0,0,0,0,0,0,0
17.4323,4,0,0,0,0,0,0,0,0,0,0
17.4323,5,0,0,0,0,0,0,0,0,0,0
17.4876,0,3.24639,-0.0392415,3.4484,0.0208881,0.0529309,0.0573892,0.475715,0,0,0
17.4876,1,4.64209,2.049,5.12019,-0.00419104,0.0191762,-0.100003,0.501134,0,0,0
17.4876,2,3.24987,-0.352959,6.52724,-0.0610897,-0.0903079,-0.0821332,0.477813,0,0,0
17.4876,3,0,0,0,0,0,0,0,0,0,0
17.4876,4,0,0,0,0,0,0,0,0,0,0
17.4876,5,0,0,0,0,0,0,0,0,0,0
17.5404,0,3.24639,-0.0392415,3.4484,0.0208881,0.0529309,0.0573892,0.475715,0,0,0
17.5404,1,4.64218,2.05009,5.11591,-0.00306845,0.0203853,-0.0650728,0.501134,0,0,0
17.5404,2,3.24494,-0.360184,6.5255,-0.0698766,-0.103115,-0.0771203,0.477813,0,0,0
17.5404,3,0,0,0,0,0,0,0,0,0,0
17.5404,4,0,0,0,0,0,0,0,0,0,0
17.5404,5,0,0,0,0,0,0,0,0,0,0
17.5966,0,3.23629,-0.0544907,3.45503,-0.0162447,-0.0138418,0.0495211,0.476237,0,0,0
17.5966,1,4.64232,2.05065,5.11369,-0.00183603,0.0196934,-0.0235726,0.502759,0,0,0
17.5966,2,3.23541,-0.374787,6.5173,-0.0824519,-0.123027,-0.0774291,0.491183,0,0,0
17.5966,3,0,0,0,0,0,0,0,0,0,0
17.5966,4,0,0,0,0,0,0,0,0,0,0
17.5966,5,0,0,0,0,0,0,0,0,0,0
17.6636,0,3.23629,-0.0544907,3.45503,-0.0162447,-0.0138418,0.0495211,0.476237,0,0,0
17.6636,1,4.64248,2.05114,5.11367,-0.000775261,0.018843,0.019398,0.502759,0,0,0
17.6636,2,3.23541,-0.374787,6.5173,-0.0824519,-0.123027,-0.0774291,0.491183,0,0,0
17.6636,3,0,0,0,0,0,0,0,0,0,0
17.6636,4,0,0,0,0,0,0,0,0,0,0
17.6636,5,0,0,0,0,0,0,0,0,0,0
17.7143,0,3.22726,-0.0666331,3.4576,-0.0425068,-0.0513277,0.0436835,0.482469,0,0,0
17.7143,1,4.64276,2.05147,5.11523,0.000574442,0.0174465,0.0567917,0.503655,0,0,0
17.7143,2,3.2251,-0.390165,6.51707,-0.0929522,-0.138639,-0.0679837,0.496493,0,0,0
17.7143,3,0,0,0,0,0,0,0,0,0,0
17.7143,4,0,0,0,0,0,0,0,0,0,0
17.7143,5,0,0,0,0,0,0,0,0,0,0
17.7701,0,3.22402,-0.0746325,3.45926,-0.0477204,-0.0715756,0.0441036,0.482469,0,0,0
17.7701,1,4.64283,2.05143,5.11996,0.00106567,0.0148828,0.0971874,0.503655,0,0,0
17.7701,2,3.22597,-0.390392,6.51407,-0.0898231,-0.139565,-0.0513068,0.496493,0,0,0
17.7701,3,0,0,0,0,0,0,0,0,0,0
17.7701,4,0,0,0,0,0,0,0,0,0,0
17.7701,5,0,0,0,0,0,0,0,0,0,0
17.8256,0,3.2114,-0.0934867,3.46341,-0.073114,-0.111967,0.0359229,0.482469,0,0,0
17.8256,1,4.64298,2.05135,5.12528,0.00175187,0.0124012,0.124087,0.503572,0,0,0
17.8256,2,3.21802,-0.402566,6.51148,-0.0910363,-0.140126,-0.0283516,0.501049,0,0,0
17.8256,3,0,0,0,0,0,0,0,0,0,0
17.8256,4,0,0,0,0,0,0,0,0,0,0
17.8256,5,0,0,0,0,0,0,0,0,0,0
17.88,0,3.2114,-0.0934867,3.46341,-0.073114,-0.111967,0.0359229,0.486801,0,0,0
17.88,1,4.64347,2.05123,5.13233,0.00355928,0.0100279,0.144107,0.503572,0,0,0
17.88,2,3.22016,-0.400314,6.51195,-0.0847186,-0.133775,-0.00206589,0.501049,0,0,0
17.88,3,0,0,0,0,0,0,0,0,0,0
17.88,4,0,0,0,0,0,0,0,0,0,0
17.88,5,0,0,0,0,0,0,0,0,0,0
17.933,0,3.20978,-0.0962803,3.46513,-0.0786561,-0.121901,0.0334941,0.486801,0,0,0
17.933,1,4.64359,2.05104,5.13988,0.003926,0.00778703,0.157772,0.503572,0,0,0
17.933,2,3.21908,-0.402653,6.5128,-0.077798,-0.124216,0.0244922,0.501792,0,0,0
17.933,3,0,0,0,0,0,0,0,0,0,0
17.933,4,0,0,0,0,0,0,0,0,0,0
17.933,5,0,0,0,0,0,0,0,0,0,0
17.9908,0,3.19767,-0.116168,3.46873,-0.0873439,-0.139012,0.0353505,0.497043,0,0,0
17.9908,1,4.6438,2.05067,5.14863,0.00457626,0.00530449,0.163072,0.503856,0,0,0
17.9908,2,3.21915,-0.403895,6.51543,-0.066325,-0.110074,0.0502702,0.501792,0,0,0
17.9908,3,0,0,0,0,0,0,0,0,0,0
17.9908,4,0,0,0,0,0,0,0,0,0,0
17.9908,5,0,0,0,0,0,0,0,0,0,0
18.0435,0,3.19767,-0.116168,3.46873,-0.0873439,-0.139012,0.0353505,0.504644,0,0,0
18.0435,1,4.64422,2.05047,5.15572,0.00577845,0.00374349,0.162466,0.503856,0,0,0
18.0435,2,3.22031,-0.403303,6.51842,-0.0530847,-0.0922803,0.0684951,0.506122,0,0,0
18.0435,3,0,0,0,0,0,0,0,0,0,0
18.0435,4,0,0,0,0,0,0,0,0,0,0
18.0435,5,0,0,0,0,0,0,0,0,0,0
18.0991,0,3.19322,-0.124287,3.47072,-0.0899833,-0.146868,0.0362973,0.504644,0,0,0
18.0991,1,4.64452,2.04988,5.16534,0.00644598,0.0011925,0.157095,0.504432,0,0,0
18.0991,2,3.22116,-0.403833,6.52286,-0.0365496,-0.0690352,0.0831568,0.506122,0,0,0
18.0991,3,0,0,0,0,0,0,0,0,0,0
18.0991,4,0,0,0,0,0,0,0,0,0,0
18.0991,5,0,0,0,0,0,0,0,0,0,0
18.1493,0,3.19397,-0.123692,3.47278,-0.08749,-0.14493,0.0315625,0.50636,0,0,0
18.1493,1,4.64479,2.0495,5.17192,0.00689136,-0.000265317,0.151844,0.505167,0,0,0
18.1493,2,3.22491,-0.399054,6.52781,-0.0202129,-0.0447184,0.090308,0.50979,0,0,0
18.1493,3,0,0,0,0,0,0,0,0,0,0
18.1493,4,0,0,0,0,0,0,0,0,0,0
18.1493,5,0,0,0,0,0,0,0,0,0,0
18.2046,0,3.18592,-0.137519,3.47428,-0.0891674,-0.14941,0.0186864,0.50636,0,0,0
18.2046,1,4.64479,2.0491,5.1795,0.00613955,-0.00160513,0.142405,0.505167,0,0,0
18.2046,2,3.23047,-0.392337,6.53793,-0.000287849,-0.0173604,0.0985914,0.50979,0,0,0
18.2046,3,0,0,0,0,0,0,0,0,0,0
18.2046,4,0,0,0,0,0,0,0,0,0,0
18.2046,5,0,0,0,0,0,0,0,0,0,0
18.2642,0,3.18321,-0.141863,3.47507,-0.086316,-0.1439,-0.00286362,0.517632,0,0,0
18.2642,1,4.64503,2.04841,5.19401,0.00649414,-0.00372941,0.140012,0.50691,0,0,0
18.2642,2,3.23577,-0.383682,6.54061,0.017551,0.0150332,0.0928263,0.512707,0,0,0
18.2642,3,0,0,0,0,0,0,0,0,0,0
18.2642,4,0,0,0,0,0,0,0,0,0,0
18.2642,5,0,0,0,0,0,0,0,0,0,0
18.317,0,3.18261,-0.14336,3.47469,-0.0763891,-0.128225,-0.0246974,0.517632,0,0,0
18.317,1,4.64497,2.04767,5.20015,0.0056234,-0.00573795,0.131754,0.50691,0,0,0
18.317,2,3.23895,-0.379123,6.54619,0.0260495,0.0298439,0.0863446,0.512707,0,0,0
18.317,3,0,0,0,0,0,0,0,0,0,0
18.317,4,0,0,0,0,0,0,0,0,0,0
18.317,5,0,0,0,0,0,0,0,0,0,0
18.3738,0,3.18067,-0.147953,3.47335,-0.0719351,-0.125048,-0.0387564,0.523055,0,0,0
18.3738,1,4.64493,2.04708,5.2041,0.00479351,-0.00701861,0.11514,0.507214,0,0,0
18.3738,2,3.24653,-0.368893,6.55035,0.047295,0.0611509,0.0814813,0.510382,0,0,0
18.3738,3,0,0,0,0,0,0,0,0,0,0
18.3738,4,0,0,0,0,0,0,0,0,0,0
18.3738,5,0,0,0,0,0,0,0,0,0,0
18.429,0,3.17934,-0.150555,3.47136,-0.0661076,-0.115504,-0.044838,0.523055,0,0,0
18.429,1,4.64464,2.04593,5.20506,0.00337899,-0.0100292,0.110887,0.507214,0,0,0
18.429,2,3.25118,-0.361963,6.55383,0.0566798,0.0767965,0.0773737,0.510382,0,0,0
18.429,3,0,0,0,0,0,0,0,0,0,0
18.429,4,0,0,0,0,0,0,0,0,0,0
18.429,5,0,0,0,0,0,0,0,0,0,0
18.4821,0,3.1816,-0.14854,3.46778,-0.0491796,-0.0908004,-0.070715,0.527312,0,0,0
18.4821,1,4.64435,2.04474,5.21155,0.00204032,-0.0129213,0.101063,0.506186,0,0,0
18.4821,2,3.25665,-0.354843,6.55793,0.0670766,0.0914667,0.0722931,0.505352,0,0,0
18.4821,3,0,0,0,0,0,0,0,0,0,0
18.4821,4,0,0,0,0,0,0,0,0,0,0
18.4821,5,0,0,0,0,0,0,0,0,0,0
18.5349,0,3.18571,-0.144473,3.46313,-0.0299535,-0.0652634,-0.0795398,0.527312,0,0,0
18.5349,1,4.64399,2.04364,5.2163,0.000618451,-0.0153589,0.0876758,0.506186,0,0,0
18.5349,2,3.26106,-0.348875,6.5611,0.0730298,0.100097,0.0691575,0.505352,0,0,0
18.5349,3,0,0,0,0,0,0,0,0,0,0
18.5349,4,0,0,0,0,0,0,0,0,0,0
18.5349,5,0,0,0,0,0,0,0,0,0,0
18.5936,0,3.18783,-0.141039,3.45881,-0.0191453,-0.0448613,-0.0813262,0.528226,0,0,0
18.5936,1,4.64328,2.0425,5.21988,-0.00191297,-0.0170374,0.0626594,0.505254,0,0,0
18.5936,2,3.26587,-0.341396,6.5649,0.078336,0.111461,0.0659057,0.503279,0,0,0
18.5936,3,0,0,0,0,0,0,0,0,0,0
18.5936,4,0,0,0,0,0,0,0,0,0,0
18.5936,5,0,0,0,0,0,0,0,0,0,0
18.6542,0,3.19563,-0.131977,3.45486,0.0067543,-0.0112821,-0.0819537,0.528226,0,0,0
18.6542,1,4.64266,2.04128,5.22388,-0.00386868,-0.0188336,0.0243474,0.505254,0,0,0
18.6542,2,3.26986,-0.335929,6.56765,0.0814841,0.11541,0.058688,0.503279,0,0,0
18.6542,3,0,0,0,0,0,0,0,0,0,0
18.6542,4,0,0,0,0,0,0,0,0,0,0
18.6542,5,0,0,0,0,0,0,0,0,0,0
18.7073,0,3.20036,-0.123148,3.45173,0.0204769,0.0184229,-0.07927,0.5208,0,0,0
18.7073,1,4.64197,2.04006,5.22238,-0.00567911,-0.0200667,-0.0142781,0.503024,0,0,0
18.7073,2,3.27501,-0.328268,6.57111,0.0872105,0.125659,0.0422344,0.501481,0,0,0
18.7073,3,0,0,0,0,0,0,0,0,0,0
18.7073,4,0,0,0,0,0,0,0,0,0,0
18.7073,5,0,0,0,0,0,0,0,0,0,0
18.7636,0,3.2081,-0.112698,3.44683,0.041439,0.0486363,-0.0764779,0.5208,0,0,0
18.7636,1,4.64118,2.03914,5.21845,-0.00758867,-0.0198035,-0.0563377,0.503024,0,0,0
18.7636,2,3.27762,-0.324954,6.57227,0.0844914,0.119934,0.0240318,0.501481,0,0,0
18.7636,3,0,0,0,0,0,0,0,0,0,0
18.7636,4,0,0,0,0,0,0,0,0,0,0
18.7636,5,0,0,0,0,0,0,0,0,0,0
18.8166,0,3.21511,-0.101069,3.443,0.057557,0.0787702,-0.0726479,0.513126,0,0,0
18.8166,1,4.64032,2.03845,5.21322,-0.00931452,-0.0185513,-0.0941507,0.499117,0,0,0
18.8166,2,3.28047,-0.320399,6.57259,0.0813078,0.117671,-0.0131525,0.499518,0,0,0
18.8166,3,0,0,0,0,0,0,0,0,0,0
18.8166,4,0,0,0,0,0,0,0,0,0,0
18.8166,5,0,0,0,0,0,0,0,0,0,0
18.876,0,3.22155,-0.0883054,3.43989,0.0703302,0.110166,-0.066837,0.513126,0,0,0
18.876,1,4.63954,2.03807,5.20645,-0.0104969,-0.0165415,-0.128296,0.499117,0,0,0
18.876,2,3.28314,-0.315879,6.57187,0.0764812,0.113427,-0.0357724,0.499518,0,0,0
18.876,3,0,0,0,0,0,0,0,0,0,0
18.876,4,0,0,0,0,0,0,0,0,0,0
18.876,5,0,0,0,0,0,0,0,0,0,0
18.9396,0,3.22683,-0.0791701,3.43719,0.0777536,0.126079,-0.062597,0.505289,0,0,0
18.9396,1,4.63892,2.03805,5.19674,-0.0109726,-0.013609,-0.156083,0.49539,0,0,0
18.9396,2,3.28497,-0.312564,6.56968,0.0702864,0.106381,-0.060831,0.494534,0,0,0
18.9396,3,0,0,0,0,0,0,0,0,0,0
18.9396,4,0,0,0,0,0,0,0,0,0,0
18.9396,5,0,0,0,0,0,0,0,0,0,0
18.9978,0,3.23319,-0.0682126,3.43414,0.0874555,0.145697,-0.0571247,0.505289,0,0,0
18.9978,1,4.63851,2.03827,5.18955,-0.0106656,-0.0105833,-0.168613,0.49539,0,0,0
18.9978,2,3.28631,-0.310333,6.56579,0.0629556,0.0954985,-0.0797878,0.494534,0,0,0
18.9978,3,0,0,0,0,0,0,0,0,0,0
18.9978,4,0,0,0,0,0,0,0,0,0,0
18.9978,5,0,0,0,0,0,0,0,0,0,0
19.0558,0,3.23884,-0.0588635,3.43146,0.0934686,0.156331,-0.0498843,0.499071,0,0,0
19.0558,1,4.63773,2.03882,5.17908,-0.0114736,-0.00658187,-0.172741,0.493156,0,0,0
19.0558,2,3.28641,-0.308306,6.56033,0.0539731,0.0875689,-0.0883228,0.486319,0,0,0
19.0558,3,0,0,0,0,0,0,0,0,0,0
19.0558,4,0,0,0,0,0,0,0,0,0,0
19.0558,5,0,0,0,0,0,0,0,0,0,0
19.1059,0,3.2458,-0.048351,3.42966,0.102446,0.168112,-0.0353505,0.499071,0,0,0
19.1059,1,4.63773,2.03947,5.17314,-0.00979293,-0.00327098,-0.182484,0.493156,0,0,0
19.1059,2,3.28135,-0.315542,6.55701,0.0302157,0.0509939,-0.0929811,0.486319,0,0,0
19.1059,3,0,0,0,0,0,0,0,0,0,0
19.1059,4,0,0,0,0,0,0,0,0,0,0
19.1059,5,0,0,0,0,0,0,0,0,0,0
19.1605,0,3.24757,-0.0446165,3.42915,0.0952343,0.158223,-0.0221288,0.49375,0,0,0
19.1605,1,4.63721,2.04059,5.16387,-0.0102616,0.00126873,-0.171626,0.492929,0,0,0
19.1605,2,3.27936,-0.316835,6.55122,0.0199761,0.0395364,-0.097329,0.481362,0,0,0
19.1605,3,0,0,0,0,0,0,0,0,0,0
19.1605,4,0,0,0,0,0,0,0,0,0,0
19.1605,5,0,0,0,0,0,0,0,0,0,0
19.2107,0,3.25119,-0.0379655,3.42882,0.094739,0.159544,-0.00681042,0.49375,0,0,0
19.2107,1,4.63713,2.04176,5.15419,-0.00912493,0.00516739,-0.167664,0.492929,0,0,0
19.2107,2,3.27534,-0.323713,6.54759,0.00488885,0.012009,-0.0913225,0.481362,0,0,0
19.2107,3,0,0,0,0,0,0,0,0,0,0
19.2107,4,0,0,0,0,0,0,0,0,0,0
19.2107,5,0,0,0,0,0,0,0,0,0,0
19.2638,0,3.25412,-0.0320073,3.42963,0.0922463,0.158682,0.00868009,0.490884,0,0,0
19.2638,1,4.63656,2.04339,5.14811,-0.00825604,0.00905719,-0.16325,0.493963,0,0,0
19.2638,2,3.26935,-0.329268,6.54303,-0.0138975,-0.00637197,-0.0933698,0.477494,0,0,0
19.2638,3,0,0,0,0,0,0,0,0,0,0
19.2638,4,0,0,0,0,0,0,0,0,0,0
19.2638,5,0,0,0,0,0,0,0,0,0,0
19.3175,0,3.25621,-0.0274812,3.43186,0.0877597,0.153624,0.0315559,0.490884,0,0,0
19.3175,1,4.63702,2.04419,5.13945,-0.00687732,0.0114194,-0.155709,0.493963,0,0,0
19.3175,2,3.26836,-0.333579,6.53836,-0.0151633,-0.0193509,-0.0914177,0.477494,0,0,0
19.3175,3,0,0,0,0,0,0,0,0,0,0
19.3175,4,0,0,0,0,0,0,0,0,0,0
19.3175,5,0,0,0,0,0,0,0,0,0,0
19.3717,0,3.25671,-0.0260888,3.43482,0.0785399,0.137975,0.0442418,0.48019,0,0,0
19.3717,1,4.63709,2.04527,5.13278,-0.00558221,0.0132263,-0.14378,0.494558,0,0,0
19.3717,2,3.25917,-0.345459,6.53488,-0.0417523,-0.0552344,-0.0879087,0.475125,0,0,0
19.3717,3,0,0,0,0,0,0,0,0,0,0
19.3717,4,0,0,0,0,0,0,0,0,0,0
19.3717,5,0,0,0,0,0,0,0,0,0,0
19.4244,0,3.25586,-0.0268001,3.43785,0.0658882,0.11683,0.0519398,0.48019,0,0,0
19.4244,1,4.63684,2.04707,5.1262,-0.00462655,0.0151065,-0.128599,0.494558,0,0,0
19.4244,2,3.25232,-0.357657,6.53043,-0.0567576,-0.0877343,-0.0791672,0.475125,0,0,0
19.4244,3,0,0,0,0,0,0,0,0,0,0
19.4244,4,0,0,0,0,0,0,0,0,0,0
19.4244,5,0,0,0,0,0,0,0,0,0,0
19.4871,0,3.25333,-0.0299251,3.44094,0.0495143,0.090246,0.056032,0.476667,0,0,0
19.4871,1,4.63745,2.04835,5.11946,-0.00201284,0.017043,-0.097684,0.496691,0,0,0
19.4871,2,3.24487,-0.367862,6.5265,-0.072229,-0.108293,-0.0766956,0.483278,0,0,0
19.4871,3,0,0,0,0,0,0,0,0,0,0
19.4871,4,0,0,0,0,0,0,0,0,0,0
19.4871,5,0,0,0,0,0,0,0,0,0,0
19.5449,0,3.25096,-0.030307,3.44393,0.0354847,0.0769823,0.0561312,0.476667,0,0,0
19.5449,1,4.63731,2.04905,5.11548,-0.00260223,0.0199898,-0.052235,0.496691,0,0,0
19.5449,2,3.23908,-0.376377,6.52347,-0.0810861,-0.121674,-0.0784905,0.483278,0,0,0
19.5449,3,0,0,0,0,0,0,0,0,0,0
19.5449,4,0,0,0,0,0,0,0,0,0,0
19.5449,5,0,0,0,0,0,0,0,0,0,0
19.5982,0,3.24543,-0.040516,3.44694,0.0121792,0.0305682,0.0542974,0.476887,0,0,0
19.5982,1,4.63741,2.05087,5.11354,-0.00125916,0.020595,-0.0115719,0.498715,0,0,0
19.5982,2,3.23724,-0.378212,6.5227,-0.0874304,-0.12792,-0.0742337,0.490353,0,0,0
19.5982,3,0,0,0,0,0,0,0,0,0,0
19.5982,4,0,0,0,0,0,0,0,0,0,0
19.5982,5,0,0,0,0,0,0,0,0,0,0
19.6563,0,3.24134,-0.046349,3.45012,-0.00295131,0.00535766,0.050965,0.476887,0,0,0
19.6563,1,4.63766,2.05023,5.11485,-0.000410528,0.0186526,0.0391031,0.498715,0,0,0
19.6563,2,3.23225,-0.38631,6.51507,-0.0918559,-0.137377,-0.0754494,0.490353,0,0,0
19.6563,3,0,0,0,0,0,0,0,0,0,0
19.6563,4,0,0,0,0,0,0,0,0,0,0
19.6563,5,0,0,0,0,0,0,0,0,0,0
19.7193,0,3.23525,-0.0555003,3.45262,-0.0224473,-0.0276221,0.0469541,0.480123,0,0,0
19.7193,1,4.63792,2.05134,5.11791,0.000741106,0.0174434,0.0847856,0.499913,0,0,0
19.7193,2,3.22337,-0.400132,6.51383,-0.094892,-0.143539,-0.0719488,0.490726,0,0,0
19.7193,3,0,0,0,0,0,0,0,0,0,0
19.7193,4,0,0,0,0,0,0,0,0,0,0
19.7193,5,0,0,0,0,0,0,0,0,0,0
19.7834,0,3.23043,-0.0637453,3.45514,-0.0354978,-0.0533991,0.0430758,0.480123,0,0,0
19.7834,1,4.63836,2.05128,5.12321,0.00214925,0.0149131,0.115662,0.499913,0,0,0
19.7834,2,3.22542,-0.396474,6.51244,-0.0882416,-0.130888,-0.0598099,0.490726,0,0,0
19.7834,3,0,0,0,0,0,0,0,0,0,0
19.7834,4,0,0,0,0,0,0,0,0,0,0
19.7834,5,0,0,0,0,0,0,0,0,0,0
19.8373,0,3.2256,-0.0715861,3.45692,-0.0462186,-0.0729608,0.0405608,0.485549,0,0,0
19.8373,1,4.63868,2.05089,5.12936,0.00297687,0.0115393,0.144466,0.501076,0,0,0
19.8373,2,3.22157,-0.402908,6.5089,-0.0879034,-0.13301,-0.0530839,0.496168,0,0,0
19.8373,3,0,0,0,0,0,0,0,0,0,0
19.8373,4,0,0,0,0,0,0,0,0,0,0
19.8373,5,0,0,0,0,0,0,0,0,0,0
19.8905,0,3.22152,-0.0775014,3.45886,-0.0537723,-0.0838951,0.0385089,0.485549,0,0,0
19.8905,1,4.63935,2.05006,5.13837,0.00514004,0.00698066,0.163415,0.501076,0,0,0
19.8905,2,3.21863,-0.408516,6.50714,-0.0859011,-0.133963,-0.0318209,0.500865,0,0,0
19.8905,3,0,0,0,0,0,0,0,0,0,0
19.8905,4,0,0,0,0,0,0,0,0,0,0
19.8905,5,0,0,0,0,0,0,0,0,0,0
19.9483,0,3.21491,-0.0856502,3.46112,-0.0679894,-0.0998168,0.0373854,0.487578,0,0,0
19.9483,1,4.63949,2.05026,5.14749,0.00515755,0.00658743,0.172316,0.500732,0,0,0
19.9483,2,3.21246,-0.418597,6.5077,-0.0840943,-0.132074,-0.00387606,0.500865,0,0,0
19.9483,3,0,0,0,0,0,0,0,0,0,0
19.9483,4,0,0,0,0,0,0,0,0,0,0
19.9483,5,0,0,0,0,0,0,0,0,0,0
20.0037,0,3.20966,-0.0972053,3.46305,-0.0750856,-0.123494,0.0374923,0.487578,0,0,0
20.0037,1,4.6402,2.04979,5.15637,0.0070823,0.00408161,0.173975,0.500732,0,0,0
20.0037,2,3.21579,-0.414258,6.51018,-0.0740957,-0.119068,0.0352951,0.50733,0,0,0
20.0037,3,0,0,0,0,0,0,0,0,0,0
20.0037,4,0,0,0,0,0,0,0,0,0,0
20.0037,5,0,0,0,0,0,0,0,0,0,0
20.0615,0,3.20442,-0.105341,3.46546,-0.0811999,-0.132691,0.0380233,0.4964,0,0,0
20.0615,1,4.64069,2.04955,5.16524,0.008042,0.00277832,0.16871,0.501754,0,0,0
20.0615,2,3.21587,-0.41481,6.51276,-0.0629786,-0.103064,0.0582211,0.50733,0,0,0
20.0615,3,0,0,0,0,0,0,0,0,0,0
20.0615,4,0,0,0,0,0,0,0,0,0,0
20.0615,5,0,0,0,0,0,0,0,0,0,0
20.1244,0,3.19961,-0.113496,3.46785,-0.0849972,-0.14067,0.0382665,0.4964,0,0,0
20.1244,1,4.64131,2.04902,5.17441,0.00932687,0.000682434,0.160716,0.501754,0,0,0
20.1244,2,3.21566,-0.41689,6.51659,-0.0478149,-0.0829377,0.0721322,0.51374,0,0,0
20.1244,3,0,0,0,0,0,0,0,0,0,0
20.1244,4,0,0,0,0,0,0,0,0,0,0
20.1244,5,0,0,0,0,0,0,0,0,0,0
20.1812,0,3.19487,-0.12106,3.46949,-0.089594,-0.147517,0.0361078,0.503401,0,0,0
20.1812,1,4.64174,2.04878,5.18317,0.0098328,-0.000155468,0.150842,0.503145,0,0,0
20.1812,2,3.22135,-0.409049,6.52146,-0.028063,-0.0552335,0.0849704,0.51374,0,0,0
20.1812,3,0,0,0,0,0,0,0,0,0,0
20.1812,4,0,0,0,0,0,0,0,0,0,0
20.1812,5,0,0,0,0,0,0,0,0,0,0
20.235,0,3.19129,-0.127035,3.4714,-0.0892368,-0.146944,0.030922,0.503401,0,0,0
20.235,1,4.64217,2.04867,5.18959,0.010159,-0.000337973,0.142218,0.503145,0,0,0
20.235,2,3.22367,-0.406494,6.52615,-0.01278,-0.0312751,0.090131,0.512898,0,0,0
20.235,3,0,0,0,0,0,0,0,0,0,0
20.235,4,0,0,0,0,0,0,0,0,0,0
20.235,5,0,0,0,0,0,0,0,0,0,0
20.29,0,3.19083,-0.127915,3.47307,-0.0799047,-0.131524,0.013001,0.510067,0,0,0
20.29,1,4.64244,2.04836,5.19605,0.00985094,-0.00112151,0.131343,0.505026,0,0,0
20.29,2,3.22447,-0.404289,6.53083,-0.00789059,-0.0187938,0.0953846,0.512898,0,0,0
20.29,3,0,0,0,0,0,0,0,0,0,0
20.29,4,0,0,0,0,0,0,0,0,0,0
20.29,5,0,0,0,0,0,0,0,0,0,0
20.3485,0,3.18514,-0.136488,3.47348,-0.0854119,-0.138658,-0.0175298,0.515402,0,0,0
20.3485,1,4.64234,2.04795,5.20358,0.00959301,-0.00245543,0.123754,0.506493,0,0,0
20.3485,2,3.23355,-0.394752,6.53597,0.0207755,0.0134394,0.0958404,0.511543,0,0,0
20.3485,3,0,0,0,0,0,0,0,0,0,0
20.3485,4,0,0,0,0,0,0,0,0,0,0
20.3485,5,0,0,0,0,0,0,0,0,0,0
20.3987,0,3.18293,-0.143028,3.47239,-0.0803713,-0.140024,-0.0396305,0.515402,0,0,0
20.3987,1,4.64255,2.04736,5.2096,0.00913805,-0.00410037,0.118298,0.506493,0,0,0
20.3987,2,3.23888,-0.385564,6.54017,0.0353182,0.0421586,0.0917088,0.511543,0,0,0
20.3987,3,0,0,0,0,0,0,0,0,0,0
20.3987,4,0,0,0,0,0,0,0,0,0,0
20.3987,5,0,0,0,0,0,0,0,0,0,0
20.4548,0,3.18165,-0.14625,3.46962,-0.0720999,-0.128534,-0.0609494,0.524683,0,0,0
20.4548,1,4.6424,2.0468,5.2154,0.00739573,-0.00541052,0.112126,0.507531,0,0,0
20.4548,2,3.24359,-0.37848,6.545,0.0464344,0.0608477,0.0874388,0.50786,0,0,0
20.4548,3,0,0,0,0,0,0,0,0,0,0
20.4548,4,0,0,0,0,0,0,0,0,0,0
20.4548,5,0,0,0,0,0,0,0,0,0,0
20.5127,0,3.1843,-0.141556,3.46656,-0.0537405,-0.0938888,-0.0719085,0.524683,0,0,0
20.5127,1,4.6422,2.04588,5.22052,0.00570078,-0.00811273,0.101529,0.507531,0,0,0
20.5127,2,3.24638,-0.375124,6.54852,0.0560728,0.0727762,0.0830689,0.50786,0,0,0
20.5127,3,0,0,0,0,0,0,0,0,0,0
20.5127,4,0,0,0,0,0,0,0,0,0,0
20.5127,5,0,0,0,0,0,0,0,0,0,0
20.5655,0,3.18498,-0.143138,3.46304,-0.0440604,-0.0851305,-0.081006,0.526984,0,0,0
20.5655,1,4.64196,2.04472,5.22503,0.00400929,-0.0115066,0.0816894,0.50738,0,0,0
20.5655,2,3.25461,-0.363605,6.55196,0.0675526,0.091181,0.0778579,0.50371,0,0,0
20.5655,3,0,0,0,0,0,0,0,0,0,0
20.5655,4,0,0,0,0,0,0,0,0,0,0
20.5655,5,0,0,0,0,0,0,0,0,0,0
20.6216,0,3.19111,-0.132466,3.45446,-0.0200569,-0.0387614,-0.0876946,0.526984,0,0,0
20.6216,1,4.64149,2.0435,5.22827,0.00162998,-0.0141993,0.0567164,0.50738,0,0,0
20.6216,2,3.25694,-0.360255,6.55627,0.075519,0.102994,0.0727529,0.50371,0,0,0
20.6216,3,0,0,0,0,0,0,0,0,0,0
20.6216,4,0,0,0,0,0,0,0,0,0,0
20.6216,5,0,0,0,0,0,0,0,0,0,0
20.6895,0,3.19574,-0.125645,3.45397,-0.00272842,-0.0098423,-0.0841645,0.521753,0,0,0
20.6895,1,4.64117,2.0424,5.23025,0.000166175,-0.0159304,0.0232253,0.506109,0,0,0
20.6895,2,3.26796,-0.34346,6.56385,0.0906341,0.130487,0.0631479,0.503292,0,0,0
20.6895,3,0,0,0,0,0,0,0,0,0,0
20.6895,4,0,0,0,0,0,0,0,0,0,0
20.6895,5,0,0,0,0,0,0,0,0,0,0
20.7398,0,3.20222,-0.119674,3.44963,0.0173195,0.0097128,-0.0811799,0.521753,0,0,0
20.7398,1,4.6404,2.04118,5.23027,-0.00249726,-0.0177068,0.00469782,0.506109,0,0,0
20.7398,2,3.26796,-0.34346,6.56385,0.0906341,0.130487,0.0631479,0.503292,0,0,0
20.7398,3,0,0,0,0,0,0,0,0,0,0
20.7398,4,0,0,0,0,0,0,0,0,0,0
20.7398,5,0,0,0,0,0,0,0,0,0,0
20.8003,0,3.20756,-0.110139,3.44605,0.0315063,0.0386184,-0.078522,0.517035,0,0,0
20.8003,1,4.63967,2.04024,5.2273,-0.00470689,-0.017582,-0.0575292,0.502929,0,0,0
20.8003,2,3.27241,-0.336726,6.5668,0.0934695,0.136083,0.058574,0.500539,0,0,0
20.8003,3,0,0,0,0,0,0,0,0,0,0
20.8003,4,0,0,0,0,0,0,0,0,0,0
20.8003,5,0,0,0,0,0,0,0,0,0,0
20.8619,0,3.21522,-0.0993209,3.44206,0.0506284,0.0671283,-0.0735602,0.517035,0,0,0
20.8619,1,4.63898,2.03952,5.22133,-0.00641278,-0.0170064,-0.0857482,0.502929,0,0,0
20.8619,2,3.27677,-0.330544,6.56948,0.0935191,0.13572,0.0546167,0.500539,0,0,0
20.8619,3,0,0,0,0,0,0,0,0,0,0
20.8619,4,0,0,0,0,0,0,0,0,0,0
20.8619,5,0,0,0,0,0,0,0,0,0,0
20.9225,0,3.22086,-0.0886939,3.43456,0.0616983,0.0924091,-0.0714032,0.513236,0,0,0
20.9225,1,4.63825,2.0391,5.22066,-0.00793362,-0.0154251,-0.112326,0.499933,0,0,0
20.9225,2,3.28066,-0.324591,6.57046,0.0931846,0.13644,0.0386199,0.497161,0,0,0
20.9225,3,0,0,0,0,0,0,0,0,0,0
20.9225,4,0,0,0,0,0,0,0,0,0,0
20.9225,5,0,0,0,0,0,0,0,0,0,0
20.9793,0,3.22719,-0.0762078,3.43204,0.0731308,0.12095,-0.0653063,0.513236,0,0,0
20.9793,1,4.63774,2.0389,5.20609,-0.00844694,-0.0133171,-0.148375,0.499933,0,0,0
20.9793,2,3.28389,-0.320047,6.57241,0.090045,0.131011,0.0206318,0.497161,0,0,0
20.9793,3,0,0,0,0,0,0,0,0,0,0
20.9793,4,0,0,0,0,0,0,0,0,0,0
20.9793,5,0,0,0,0,0,0,0,0,0,0
21.0316,0,3.23306,-0.0665371,3.42929,0.082073,0.136918,-0.0582022,0.505457,0,0,0
21.0316,1,4.63713,2.03909,5.20547,-0.00935316,-0.0103821,-0.159131,0.496652,0,0,0
21.0316,2,3.28675,-0.315336,6.57305,0.0863196,0.127583,0.00718516,0.494735,0,0,0
21.0316,3,0,0,0,0,0,0,0,0,0,0
21.0316,4,0,0,0,0,0,0,0,0,0,0
21.0316,5,0,0,0,0,0,0,0,0,0,0
21.0908,0,3.23895,-0.0576982,3.42732,0.0898687,0.147065,-0.052105,0.505457,0,0,0
21.0908,1,4.63682,2.03945,5.19693,-0.00906547,-0.00735587,-0.168674,0.496652,0,0,0
21.0908,2,3.28863,-0.312314,6.5724,0.0790302,0.117731,-0.0324519,0.494735,0,0,0
21.0908,3,0,0,0,0,0,0,0,0,0,0
21.0908,4,0,0,0,0,0,0,0,0,0,0
21.0908,5,0,0,0,0,0,0,0,0,0,0
21.146,0,3.24475,-0.0488217,3.42797,0.0962739,0.155891,-0.0401479,0.497007,0,0,0
21.146,1,4.63597,2.03983,5.18894,-0.00930345,-0.00397999,-0.175066,0.49425,0,0,0
21.146,2,3.28992,-0.30956,6.56992,0.0710776,0.10881,-0.0457645,0.489136,0,0,0
21.146,3,0,0,0,0,0,0,0,0,0,0
21.146,4,0,0,0,0,0,0,0,0,0,0
21.146,5,0,0,0,0,0,0,0,0,0,0
21.1963,0,3.24784,-0.0414777,3.42703,0.0932646,0.158687,-0.0216631,0.497007,0,0,0
21.1963,1,4.63631,2.04102,5.17041,-0.00825145,6.3103e-05,-0.18551,0.49425,0,0,0
21.1963,2,3.29025,-0.308331,6.56638,0.0590872,0.0927894,-0.0753796,0.489136,0,0,0
21.1963,3,0,0,0,0,0,0,0,0,0,0
21.1963,4,0,0,0,0,0,0,0,0,0,0
21.1963,5,0,0,0,0,0,0,0,0,0,0
21.2515,0,3.25097,-0.0360995,3.42681,0.0919273,0.15593,-0.00230317,0.492152,0,0,0
21.2515,1,4.63593,2.0423,5.16112,-0.00844426,0.00464183,-0.18339,0.493484,0,0,0
21.2515,2,3.28907,-0.309016,6.56168,0.0450546,0.0742731,-0.0873832,0.481596,0,0,0
21.2515,3,0,0,0,0,0,0,0,0,0,0
21.2515,4,0,0,0,0,0,0,0,0,0,0
21.2515,5,0,0,0,0,0,0,0,0,0,0
21.3017,0,3.2503,-0.0367746,3.42816,0.0904948,0.154943,0.0169968,0.492152,0,0,0
21.3017,1,4.63544,2.04354,5.15389,-0.00787462,0.00745141,-0.17728,0.493484,0,0,0
21.3017,2,3.28668,-0.31147,6.5578,0.0297094,0.0534696,-0.0945705,0.481596,0,0,0
21.3017,3,0,0,0,0,0,0,0,0,0,0
21.3017,4,0,0,0,0,0,0,0,0,0,0
21.3017,5,0,0,0,0,0,0,0,0,0,0
21.354,0,3.25644,-0.0242069,3.43,0.0869657,0.155319,0.030672,0.484088,0,0,0
21.354,1,4.6357,2.04505,5.15089,-0.00620797,0.0111921,-0.159276,0.495055,0,0,0
21.354,2,3.28393,-0.31471,6.55329,0.0154682,0.0332499,-0.0990222,0.477199,0,0,0
21.354,3,0,0,0,0,0,0,0,0,0,0
21.354,4,0,0,0,0,0,0,0,0,0,0
21.354,5,0,0,0,0,0,0,0,0,0,0
21.4117,0,3.2572,-0.0225313,3.4316,0.0791025,0.141825,0.0397337,0.484088,0,0,0
21.4117,1,4.63573,2.04598,5.14188,-0.00535947,0.0126065,-0.152799,0.495055,0,0,0
21.4117,2,3.27956,-0.320464,6.54704,-0.00150947,0.0080316,-0.0996849,0.477199,0,0,0
21.4117,3,0,0,0,0,0,0,0,0,0,0
21.4117,4,0,0,0,0,0,0,0,0,0,0
21.4117,5,0,0,0,0,0,0,0,0,0,0
21.4692,0,3.25383,-0.0279309,3.43509,0.0595883,0.106722,0.052079,0.481238,0,0,0
21.4692,1,4.63602,2.04736,5.13323,-0.00378113,0.0149199,-0.152279,0.495464,0,0,0
21.4692,2,3.27379,-0.328858,6.54543,-0.0202185,-0.0233493,-0.092423,0.474796,0,0,0
21.4692,3,0,0,0,0,0,0,0,0,0,0
21.4692,4,0,0,0,0,0,0,0,0,0,0
21.4692,5,0,0,0,0,0,0,0,0,0,0
21.5223,0,3.25189,-0.0304929,3.43851,0.0456992,0.0831548,0.0570157,0.481238,0,0,0
21.5223,1,4.63616,2.04953,5.12557,-0.00287894,0.0194366,-0.130819,0.495464,0,0,0
21.5223,2,3.26767,-0.336156,6.54004,-0.0382922,-0.0452933,-0.0886122,0.474796,0,0,0
21.5223,3,0,0,0,0,0,0,0,0,0,0
21.5223,4,0,0,0,0,0,0,0,0,0,0
21.5223,5,0,0,0,0,0,0,0,0,0,0
21.5801,0,3.24915,-0.0314121,3.44176,0.030862,0.0689108,0.0573981,0.477496,0,0,0
21.5801,1,4.63636,2.05098,5.11915,-0.00181507,0.0213509,-0.0983887,0.49843,0,0,0
21.5801,2,3.26204,-0.344207,6.53543,-0.0523571,-0.0674006,-0.0871566,0.478819,0,0,0
21.5801,3,0,0,0,0,0,0,0,0,0,0
21.5801,4,0,0,0,0,0,0,0,0,0,0
21.5801,5,0,0,0,0,0,0,0,0,0,0
21.6435,0,3.24176,-0.0437613,3.44832,0.00199629,0.0168599,0.0580291,0.477496,0,0,0
21.6435,1,4.63669,2.05186,5.1172,-0.000288947,0.0215223,-0.0387784,0.49843,0,0,0
21.6435,2,3.25584,-0.35334,6.53058,-0.0666013,-0.0904104,-0.0848076,0.478819,0,0,0
21.6435,3,0,0,0,0,0,0,0,0,0,0
21.6435,4,0,0,0,0,0,0,0,0,0,0
21.6435,5,0,0,0,0,0,0,0,0,0,0
21.6963,0,3.24176,-0.0437613,3.44832,0.00199629,0.0168599,0.0580291,0.477795,0,0,0
21.6963,1,4.63664,2.05305,5.11648,-0.000328769,0.0224933,-0.0178541,0.500751,0,0,0
21.6963,2,3.25022,-0.361983,6.52633,-0.0754302,-0.106632,-0.0830918,0.480452,0,0,0
21.6963,3,0,0,0,0,0,0,0,0,0,0
21.6963,4,0,0,0,0,0,0,0,0,0,0
21.6963,5,0,0,0,0,0,0,0,0,0,0
21.7465,0,3.23888,-0.0484411,3.45117,-0.00871101,-0.00364095,0.0510096,0.477795,0,0,0
21.7465,1,4.63684,2.05322,5.11888,0.000426534,0.0207322,0.0447002,0.500751,0,0,0
21.7465,2,3.24484,-0.369606,6.5224,-0.0831435,-0.117794,-0.0815152,0.480452,0,0,0
21.7465,3,0,0,0,0,0,0,0,0,0,0
21.7465,4,0,0,0,0,0,0,0,0,0,0
21.7465,5,0,0,0,0,0,0,0,0,0,0
21.8093,0,3.23424,-0.0553583,3.45349,-0.0215708,-0.0263693,0.0447868,0.479595,0,0,0
21.8093,1,4.6371,2.0533,5.12363,0.0012782,0.0183837,0.0722842,0.501967,0,0,0
21.8093,2,3.24077,-0.376444,6.51941,-0.0854159,-0.125092,-0.0775358,0.484456,0,0,0
21.8093,3,0,0,0,0,0,0,0,0,0,0
21.8093,4,0,0,0,0,0,0,0,0,0,0
21.8093,5,0,0,0,0,0,0,0,0,0,0
21.8642,0,3.22289,-0.0747403,3.45782,-0.0539514,-0.0876299,0.0374537,0.479595,0,0,0
21.8642,1,4.63743,2.05327,5.13032,0.00217757,0.0154765,0.122726,0.501967,0,0,0
21.8642,2,3.23539,-0.383967,6.51567,-0.0918097,-0.133408,-0.0674618,0.484456,0,0,0
21.8642,3,0,0,0,0,0,0,0,0,0,0
21.8642,4,0,0,0,0,0,0,0,0,0,0
21.8642,5,0,0,0,0,0,0,0,0,0,0
21.9143,0,3.22289,-0.0747403,3.45782,-0.0539514,-0.0876299,0.0374537,0.486899,0,0,0
21.9143,1,4.63753,2.05207,5.13971,0.00266378,0.011031,0.143977,0.502312,0,0,0
21.9143,2,3.22961,-0.393759,6.51379,-0.0983743,-0.148597,-0.0498974,0.489054,0,0,0
21.9143,3,0,0,0,0,0,0,0,0,0,0
21.9143,4,0,0,0,0,0,0,0,0,0,0
21.9143,5,0,0,0,0,0,0,0,0,0,0
21.9704,0,3.20976,-0.0957553,3.46166,-0.0742452,-0.120989,0.0360389,0.486899,0,0,0
21.9704,1,4.63794,2.05165,5.13994,0.003878,0.00747817,0.153495,0.502312,0,0,0
21.9704,2,3.22062,-0.40758,6.51203,-0.102502,-0.155335,-0.0228271,0.489054,0,0,0
21.9704,3,0,0,0,0,0,0,0,0,0,0
21.9704,4,0,0,0,0,0,0,0,0,0,0
21.9704,5,0,0,0,0,0,0,0,0,0,0
22.0289,0,3.2079,-0.0984002,3.46358,-0.0806321,-0.130401,0.0336533,0.496878,0,0,0
22.0289,1,4.63855,2.05145,5.15684,0.00507352,0.00458167,0.172603,0.501389,0,0,0
22.0289,2,3.21978,-0.409211,6.51235,-0.0933054,-0.141648,0.00372896,0.503462,0,0,0
22.0289,3,0,0,0,0,0,0,0,0,0,0
22.0289,4,0,0,0,0,0,0,0,0,0,0
22.0289,5,0,0,0,0,0,0,0,0,0,0
22.0838,0,3.20467,-0.105159,3.4657,-0.0807506,-0.13642,0.0344675,0.496878,0,0,0
22.0838,1,4.63868,2.05079,5.16592,0.0059234,0.00224103,0.177978,0.501389,0,0,0
22.0838,2,3.21898,-0.410995,6.51392,-0.0849995,-0.129988,0.02906,0.503462,0,0,0
22.0838,3,0,0,0,0,0,0,0,0,0,0
22.0838,4,0,0,0,0,0,0,0,0,0,0
22.0838,5,0,0,0,0,0,0,0,0,0,0
22.1416,0,3.2022,-0.108193,3.46654,-0.0783163,-0.127496,0.0342252,0.499509,0,0,0
22.1416,1,4.63897,2.0504,5.16682,0.00623822,0.000504098,0.162382,0.502494,0,0,0
22.1416,2,3.21903,-0.411322,6.5167,-0.0746723,-0.114577,0.0539174,0.507342,0,0,0
22.1416,3,0,0,0,0,0,0,0,0,0,0
22.1416,4,0,0,0,0,0,0,0,0,0,0
22.1416,5,0,0,0,0,0,0,0,0,0,0
22.197,0,3.19704,-0.117137,3.4688,-0.0848174,-0.140786,0.0295342,0.499509,0,0,0
22.197,1,4.64002,2.04961,5.17568,0.00832886,-0.00225138,0.154328,0.502494,0,0,0
22.197,2,3.21964,-0.412689,6.51958,-0.0642803,-0.105187,0.0655714,0.507342,0,0,0
22.197,3,0,0,0,0,0,0,0,0,0,0
22.197,4,0,0,0,0,0,0,0,0,0,0
22.197,5,0,0,0,0,0,0,0,0,0,0
22.2504,0,3.19303,-0.125107,3.47013,-0.085331,-0.146698,0.0229179,0.505271,0,0,0
22.2504,1,4.64032,2.0492,5.18228,0.00845281,-0.00321371,0.149983,0.503088,0,0,0
22.2504,2,3.22503,-0.404793,6.524,-0.0385165,-0.0652829,0.0809012,0.512439,0,0,0
22.2504,3,0,0,0,0,0,0,0,0,0,0
22.2504,4,0,0,0,0,0,0,0,0,0,0
22.2504,5,0,0,0,0,0,0,0,0,0,0
22.3085,0,3.18964,-0.130763,3.47104,-0.0842354,-0.144045,-0.00216591,0.505271,0,0,0
22.3085,1,4.64006,2.04902,5.187,0.00762684,-0.00374562,0.143128,0.503088,0,0,0
22.3085,2,3.22682,-0.402024,6.52772,-0.0264357,-0.0448024,0.0876646,0.512439,0,0,0
22.3085,3,0,0,0,0,0,0,0,0,0,0
22.3085,4,0,0,0,0,0,0,0,0,0,0
22.3085,5,0,0,0,0,0,0,0,0,0,0
22.3587,0,3.18683,-0.135611,3.47135,-0.0816912,-0.139748,-0.0109059,0.512797,0,0,0
22.3587,1,4.64023,2.04838,5.19455,0.00729276,-0.0054506,0.135337,0.503877,0,0,0
22.3587,2,3.23426,-0.392616,6.5338,0.00113356,-0.00635223,0.0902561,0.510768,0,0,0
22.3587,3,0,0,0,0,0,0,0,0,0,0
22.3587,4,0,0,0,0,0,0,0,0,0,0
22.3587,5,0,0,0,0,0,0,0,0,0,0
22.414,0,3.18507,-0.13908,3.47014,-0.0751835,-0.129901,-0.0345998,0.512797,0,0,0
22.414,1,4.64081,2.04707,5.20284,0.00745399,-0.00823558,0.12802,0.503877,0,0,0
22.414,2,3.23755,-0.387969,6.53853,0.0123194,0.0117394,0.0895557,0.510768,0,0,0
22.414,3,0,0,0,0,0,0,0,0,0,0
22.414,4,0,0,0,0,0,0,0,0,0,0
22.414,5,0,0,0,0,0,0,0,0,0,0
22.4717,0,3.18578,-0.138932,3.46865,-0.0615588,-0.10901,-0.0505359,0.519346,0,0,0
22.4717,1,4.64073,2.04614,5.20895,0.00636986,-0.0102501,0.11991,0.504836,0,0,0
22.4717,2,3.24447,-0.378817,6.54295,0.0328079,0.0411769,0.0856516,0.508975,0,0,0
22.4717,3,0,0,0,0,0,0,0,0,0,0
22.4717,4,0,0,0,0,0,0,0,0,0,0
22.4717,5,0,0,0,0,0,0,0,0,0,0
22.5271,0,3.18567,-0.140287,3.46516,-0.0519359,-0.0956581,-0.0663667,0.519346,0,0,0
22.5271,1,4.64054,2.04509,5.21472,0.00504478,-0.0126952,0.101028,0.504836,0,0,0
22.5271,2,3.25024,-0.37029,6.54782,0.0465461,0.0643116,0.0811845,0.508975,0,0,0
22.5271,3,0,0,0,0,0,0,0,0,0,0
22.5271,4,0,0,0,0,0,0,0,0,0,0
22.5271,5,0,0,0,0,0,0,0,0,0,0
22.5873,0,3.18652,-0.13945,3.46099,-0.0411905,-0.0771493,-0.0781165,0.523636,0,0,0
22.5873,1,4.64033,2.04402,5.22002,0.00368057,-0.0147916,0.0754864,0.505011,0,0,0
22.5873,2,3.25553,-0.362997,6.55184,0.0574932,0.0803734,0.0768651,0.504488,0,0,0
22.5873,3,0,0,0,0,0,0,0,0,0,0
22.5873,4,0,0,0,0,0,0,0,0,0,0
22.5873,5,0,0,0,0,0,0,0,0,0,0
22.6432,0,3.1916,-0.133963,3.45742,-0.0181366,-0.0463758,-0.0815162,0.523636,0,0,0
22.6432,1,4.63987,2.04298,5.223,0.0016257,-0.0162762,0.0405115,0.505011,0,0,0
22.6432,2,3.26037,-0.356574,6.5556,0.0658215,0.09158,0.0725541,0.504488,0,0,0
22.6432,3,0,0,0,0,0,0,0,0,0,0
22.6432,4,0,0,0,0,0,0,0,0,0,0
22.6432,5,0,0,0,0,0,0,0,0,0,0
22.6997,0,3.19527,-0.128312,3.45386,-0.00289095,-0.0189251,-0.0821517,0.524468,0,0,0
22.6997,1,4.63924,2.04259,5.22343,-0.000776022,-0.0174265,0.00251885,0.50445,0,0,0
22.6997,2,3.26412,-0.351648,6.55916,0.0693796,0.0957685,0.0683487,0.502182,0,0,0
22.6997,3,0,0,0,0,0,0,0,0,0,0
22.6997,4,0,0,0,0,0,0,0,0,0,0
22.6997,5,0,0,0,0,0,0,0,0,0,0
22.76,0,3.20048,-0.120853,3.44942,0.0152462,0.0107513,-0.0810755,0.521553,0,0,0
22.76,1,4.6387,2.04071,5.22205,-0.002425,-0.0185416,-0.0493003,0.50445,0,0,0
22.76,2,3.26951,-0.344912,6.56581,0.0779832,0.10563,0.0620683,0.502182,0,0,0
22.76,3,0,0,0,0,0,0,0,0,0,0
22.76,4,0,0,0,0,0,0,0,0,0,0
22.76,5,0,0,0,0,0,0,0,0,0,0
22.8241,0,3.20573,-0.112161,3.44545,0.0301914,0.0395247,-0.0778584,0.521553,0,0,0
22.8241,1,4.63794,2.03997,5.21835,-0.00449315,-0.0180553,-0.0870086,0.501765,0,0,0
22.8241,2,3.27354,-0.33728,6.56535,0.0811357,0.117281,0.0438785,0.503785,0,0,0
22.8241,3,0,0,0,0,0,0,0,0,0,0
22.8241,4,0,0,0,0,0,0,0,0,0,0
22.8241,5,0,0,0,0,0,0,0,0,0,0
22.8795,0,3.21108,-0.103465,3.44208,0.0433117,0.063854,-0.0741543,0.51622,0,0,0
22.8795,1,4.63729,2.04011,5.21431,-0.00600743,-0.0145481,-0.120623,0.501765,0,0,0
22.8795,2,3.27726,-0.331737,6.56803,0.0821879,0.119783,0.0150181,0.498567,0,0,0
22.8795,3,0,0,0,0,0,0,0,0,0,0
22.8795,4,0,0,0,0,0,0,0,0,0,0
22.8795,5,0,0,0,0,0,0,0,0,0,0
22.9304,0,3.21742,-0.0942252,3.43858,0.0585753,0.0870082,-0.0686414,0.51622,0,0,0
22.9304,1,4.63616,2.03983,5.20718,-0.00896474,-0.0128246,-0.143552,0.49909,0,0,0
22.9304,2,3.28033,-0.327622,6.56804,0.0801517,0.115573,-0.0103923,0.498567,0,0,0
22.9304,3,0,0,0,0,0,0,0,0,0,0
22.9304,4,0,0,0,0,0,0,0,0,0,0
22.9304,5,0,0,0,0,0,0,0,0,0,0
22.9926,0,3.2233,-0.0830624,3.43485,0.0685746,0.112104,-0.0631845,0.509936,0,0,0
22.9926,1,4.6357,2.03912,5.19846,-0.0091434,-0.0132082,-0.159515,0.49909,0,0,0
22.9926,2,3.28086,-0.326755,6.56641,0.0695725,0.100113,-0.0411048,0.494377,0,0,0
22.9926,3,0,0,0,0,0,0,0,0,0,0
22.9926,4,0,0,0,0,0,0,0,0,0,0
22.9926,5,0,0,0,0,0,0,0,0,0,0
23.0483,0,3.22914,-0.074169,3.43192,0.0785167,0.12706,-0.0542877,0.509936,0,0,0
23.0483,1,4.63519,2.04002,5.18964,-0.0095596,-0.00821761,-0.16882,0.494832,0,0,0
23.0483,2,3.28265,-0.322875,6.56375,0.0644222,0.0972843,-0.0588705,0.494377,0,0,0
23.0483,3,0,0,0,0,0,0,0,0,0,0
23.0483,4,0,0,0,0,0,0,0,0,0,0
23.0483,5,0,0,0,0,0,0,0,0,0,0
23.106,0,3.23476,-0.0633106,3.43001,0.0855799,0.146441,-0.0408257,0.503134,0,0,0
23.106,1,4.63442,2.04051,5.18021,-0.0109614,-0.00503615,-0.172265,0.494832,0,0,0
23.106,2,3.2824,-0.321475,6.55929,0.0531211,0.0863905,-0.0792249,0.494377,0,0,0
23.106,3,0,0,0,0,0,0,0,0,0,0
23.106,4,0,0,0,0,0,0,0,0,0,0
23.106,5,0,0,0,0,0,0,0,0,0,0
23.1614,0,3.23933,-0.0566099,3.42894,0.0897143,0.149532,-0.0227499,0.503134,0,0,0
23.1614,1,4.63428,2.04117,5.17161,-0.0100083,-0.00204452,-0.170984,0.492952,0,0,0
23.1614,2,3.28286,-0.320836,6.55418,0.0469767,0.0748989,-0.0907388,0.485576,0,0,0
23.1614,3,0,0,0,0,0,0,0,0,0,0
23.1614,4,0,0,0,0,0,0,0,0,0,0
23.1614,5,0,0,0,0,0,0,0,0,0,0
23.219,0,3.24357,-0.048448,3.42937,0.0918091,0.157453,-0.0062159,0.49593,0,0,0
23.219,1,4.63387,2.04201,5.16206,-0.0102265,0.00113588,-0.165874,0.492229,0,0,0
23.219,2,3.28006,-0.323781,6.54986,0.0307564,0.0531045,-0.0939801,0.478578,0,0,0
23.219,3,0,0,0,0,0,0,0,0,0,0
23.219,4,0,0,0,0,0,0,0,0,0,0
23.219,5,0,0,0,0,0,0,0,0,0,0
23.2771,0,3.24639,-0.043357,3.4297,0.0886581,0.152436,0.0172505,0.49593,0,0,0
23.2771,1,4.634,2.04257,5.15379,-0.00842734,0.00278489,-0.158816,0.492229,0,0,0
23.2771,2,3.27479,-0.330405,6.54464,0.0100409,0.023138,-0.0946558,0.478578,0,0,0
23.2771,3,0,0,0,0,0,0,0,0,0,0
23.2771,4,0,0,0,0,0,0,0,0,0,0
23.2771,5,0,0,0,0,0,0,0,0,0,0
23.3373,0,3.24842,-0.0382464,3.43225,0.0832969,0.149018,0.0357053,0.493126,0,0,0
23.3373,1,4.63381,2.04411,5.14639,-0.00819648,0.0076081,-0.152035,0.493042,0,0,0
23.3373,2,3.27103,-0.336011,6.54034,-0.00281454,0.00129576,-0.0915359,0.477835,0,0,0
23.3373,3,0,0,0,0,0,0,0,0,0,0
23.3373,4,0,0,0,0,0,0,0,0,0,0
23.3373,5,0,0,0,0,0,0,0,0,0,0
23.3875,0,3.24821,-0.0372897,3.43473,0.0715808,0.132079,0.0479581,0.493126,0,0,0
23.3875,1,4.63379,2.04515,5.13778,-0.00718007,0.009967,-0.146423,0.493042,0,0,0
23.3875,2,3.26616,-0.340616,6.53504,-0.0175496,-0.0130572,-0.0873637,0.477835,0,0,0
23.3875,3,0,0,0,0,0,0,0,0,0,0
23.3875,4,0,0,0,0,0,0,0,0,0,0
23.3875,5,0,0,0,0,0,0,0,0,0,0
23.4475,0,3.24812,-0.0365412,3.43811,0.0614148,0.116025,0.0550507,0.486055,0,0,0
23.4475,1,4.6341,2.0461,5.13201,-0.00514795,0.0115978,-0.138874,0.494475,0,0,0
23.4475,2,3.2597,-0.351079,6.53059,-0.0356874,-0.045681,-0.0892611,0.475892,0,0,0
23.4475,3,0,0,0,0,0,0,0,0,0,0
23.4475,4,0,0,0,0,0,0,0,0,0,0
23.4475,5,0,0,0,0,0,0,0,0,0,0
23.4977,0,3.24743,-0.0373827,3.44098,0.0500986,0.0954196,0.058973,0.486055,0,0,0
23.4977,1,4.63406,2.04728,5.1244,-0.00460806,0.0136804,-0.129242,0.494475,0,0,0
23.4977,2,3.2538,-0.359368,6.52716,-0.0499894,-0.0673622,-0.0796053,0.475892,0,0,0
23.4977,3,0,0,0,0,0,0,0,0,0,0
23.4977,4,0,0,0,0,0,0,0,0,0,0
23.4977,5,0,0,0,0,0,0,0,0,0,0
23.5507,0,3.24355,-0.0423344,3.44438,0.0298271,0.0641548,0.0604064,0.480644,0,0,0
23.5507,1,4.63416,2.04849,5.11904,-0.00363367,0.0156642,-0.110491,0.496529,0,0,0
23.5507,2,3.24948,-0.366198,6.52269,-0.0574042,-0.0814058,-0.0770516,0.48099,0,0,0
23.5507,3,0,0,0,0,0,0,0,0,0,0
23.5507,4,0,0,0,0,0,0,0,0,0,0
23.5507,5,0,0,0,0,0,0,0,0,0,0
23.6073,0,3.24022,-0.0469256,3.44786,0.0143744,0.0382272,0.0582569,0.480644,0,0,0
23.6073,1,4.63431,2.0491,5.11403,-0.00241526,0.015387,-0.0867426,0.496529,0,0,0
23.6073,2,3.2433,-0.375434,6.51911,-0.0693636,-0.101105,-0.07511,0.48099,0,0,0
23.6073,3,0,0,0,0,0,0,0,0,0,0
23.6073,4,0,0,0,0,0,0,0,0,0,0
23.6073,5,0,0,0,0,0,0,0,0,0,0
23.6701,0,3.23451,-0.0542057,3.45108,-0.00753346,0.00611529,0.0546851,0.479763,0,0,0
23.6701,1,4.63446,2.05004,5.11033,-0.00153394,0.0166271,-0.0453413,0.498191,0,0,0
23.6701,2,3.23832,-0.382904,6.51536,-0.0763175,-0.112492,-0.0768494,0.485166,0,0,0
23.6701,3,0,0,0,0,0,0,0,0,0,0
23.6701,4,0,0,0,0,0,0,0,0,0,0
23.6701,5,0,0,0,0,0,0,0,0,0,0
23.7203,0,3.23126,-0.0608346,3.45403,-0.0179337,-0.0195756,0.0500491,0.479763,0,0,0
23.7203,1,4.63464,2.05039,5.10904,-0.00057546,0.0155879,-0.00839806,0.498191,0,0,0
23.7203,2,3.23832,-0.382904,6.51536,-0.0763175,-0.112492,-0.0768494,0.485166,0,0,0
23.7203,3,0,0,0,0,0,0,0,0,0,0
23.7203,4,0,0,0,0,0,0,0,0,0,0
23.7203,5,0,0,0,0,0,0,0,0,0,0
23.7784,0,3.22635,-0.0684951,3.45672,-0.0322447,-0.0445263,0.0456814,0.482093,0,0,0
23.7784,1,4.63465,2.05131,5.10988,-0.00049227,0.0166264,0.0412785,0.499388,0,0,0
23.7784,2,3.2326,-0.391003,6.51272,-0.0833397,-0.12229,-0.0662628,0.491282,0,0,0
23.7784,3,0,0,0,0,0,0,0,0,0,0
23.7784,4,0,0,0,0,0,0,0,0,0,0
23.7784,5,0,0,0,0,0,0,0,0,0,0
23.8404,0,3.22354,-0.0730413,3.45838,-0.0378627,-0.0553153,0.0440255,0.482093,0,0,0
23.8404,1,4.63498,2.05148,5.11333,0.000630442,0.0151332,0.0783721,0.499388,0,0,0
23.8404,2,3.22897,-0.396436,6.5091,-0.0840459,-0.123737,-0.0530377,0.491282,0,0,0
23.8404,3,0,0,0,0,0,0,0,0,0,0
23.8404,4,0,0,0,0,0,0,0,0,0,0
23.8404,5,0,0,0,0,0,0,0,0,0,0
23.8938,0,3.21991,-0.0778577,3.46016,-0.0454661,-0.0652101,0.0415092,0.48552,0,0,0
23.8938,1,4.6354,2.05138,5.11795,0.0019327,0.012931,0.111216,0.499658,0,0,0
23.8938,2,3.22535,-0.402515,6.50791,-0.0836875,-0.126058,-0.0455658,0.49601,0,0,0
23.8938,3,0,0,0,0,0,0,0,0,0,0
23.8938,4,0,0,0,0,0,0,0,0,0,0
23.8938,5,0,0,0,0,0,0,0,0,0,0
23.9466,0,3.21336,-0.0886244,3.46286,-0.0602437,-0.0927612,0.0394746,0.48552,0,0,0
23.9466,1,4.63588,2.05108,5.12489,0.00333251,0.0102307,0.143103,0.499658,0,0,0
23.9466,2,3.22286,-0.406446,6.50818,-0.0818034,-0.123339,-0.00662069,0.49601,0,0,0
23.9466,3,0,0,0,0,0,0,0,0,0,0
23.9466,4,0,0,0,0,0,0,0,0,0,0
23.9466,5,0,0,0,0,0,0,0,0,0,0
24.0075,0,3.20984,-0.0963505,3.46477,-0.0638198,-0.107467,0.0393505,0.491555,0,0,0
24.0075,1,4.63641,2.05095,5.13344,0.00473482,0.00837488,0.158732,0.499844,0,0,0
24.0075,2,3.21978,-0.411527,6.50886,-0.080587,-0.122953,0.00373187,0.503528,0,0,0
24.0075,3,0,0,0,0,0,0,0,0,0,0
24.0075,4,0,0,0,0,0,0,0,0,0,0
24.0075,5,0,0,0,0,0,0,0,0,0,0
24.0605,0,3.20515,-0.102226,3.46671,-0.0715551,-0.113364,0.0392214,0.491555,0,0,0
24.0605,1,4.63694,2.04999,5.13992,0.00643792,0.00377242,0.17089,0.499844,0,0,0
24.0605,2,3.22064,-0.411606,6.5119,-0.0680609,-0.107883,0.0345763,0.503528,0,0,0
24.0605,3,0,0,0,0,0,0,0,0,0,0
24.0605,4,0,0,0,0,0,0,0,0,0,0
24.0605,5,0,0,0,0,0,0,0,0,0,0
24.1134,0,3.20156,-0.110452,3.46912,-0.0733476,-0.126408,0.0395882,0.497173,0,0,0
24.1134,1,4.63759,2.04968,5.15091,0.00812261,0.0019846,0.173806,0.499983,0,0,0
24.1134,2,3.21921,-0.415244,6.51511,-0.0565135,-0.0934193,0.0653086,0.51059,0,0,0
24.1134,3,0,0,0,0,0,0,0,0,0,0
24.1134,4,0,0,0,0,0,0,0,0,0,0
24.1134,5,0,0,0,0,0,0,0,0,0,0
24.1635,0,3.19603,-0.118759,3.4711,-0.0812738,-0.136403,0.0357237,0.497173,0,0,0
24.1635,1,4.63813,2.04941,5.16098,0.00912158,0.000626376,0.171354,0.499983,0,0,0
24.1635,2,3.22388,-0.40876,6.51901,-0.040352,-0.070641,0.0789388,0.51059,0,0,0
24.1635,3,0,0,0,0,0,0,0,0,0,0
24.1635,4,0,0,0,0,0,0,0,0,0,0
24.1635,5,0,0,0,0,0,0,0,0,0,0
24.2148,0,3.19198,-0.125978,3.47309,-0.083103,-0.141333,0.0237284,0.504564,0,0,0
24.2148,1,4.63851,2.04916,5.16854,0.00942695,-0.000328709,0.164056,0.501244,0,0,0
24.2148,2,3.22619,-0.405893,6.52413,-0.0260987,-0.0494792,0.0875785,0.510246,0,0,0
24.2148,3,0,0,0,0,0,0,0,0,0,0
24.2148,4,0,0,0,0,0,0,0,0,0,0
24.2148,5,0,0,0,0,0,0,0,0,0,0
24.2715,0,3.18851,-0.131911,3.47401,-0.0829551,-0.141425,0.00441498,0.504564,0,0,0
24.2715,1,4.63895,2.04883,5.17791,0.00989298,-0.00134335,0.152506,0.501244,0,0,0
24.2715,2,3.22925,-0.402075,6.52688,-0.0109523,-0.0273702,0.0920516,0.510246,0,0,0
24.2715,3,0,0,0,0,0,0,0,0,0,0
24.2715,4,0,0,0,0,0,0,0,0,0,0
24.2715,5,0,0,0,0,0,0,0,0,0,0
24.3258,0,3.18624,-0.136519,3.4747,-0.0770657,-0.133433,-0.0141947,0.511445,0,0,0
24.3258,1,4.63941,2.04856,5.1856,0.0103169,-0.00203658,0.145836,0.502979,0,0,0
24.3258,2,3.23348,-0.396821,6.532,0.00595623,-0.00358634,0.0937826,0.509471,0,0,0
24.3258,3,0,0,0,0,0,0,0,0,0,0
24.3258,4,0,0,0,0,0,0,0,0,0,0
24.3258,5,0,0,0,0,0,0,0,0,0,0
24.376,0,3.18322,-0.141333,3.4733,-0.0754546,-0.129183,-0.0351251,0.511445,0,0,0
24.376,1,4.63965,2.04821,5.19112,0.00984379,-0.00281727,0.13481,0.502979,0,0,0
24.376,2,3.23899,-0.389406,6.53784,0.0248947,0.024462,0.093861,0.509471,0,0,0
24.376,3,0,0,0,0,0,0,0,0,0,0
24.376,4,0,0,0,0,0,0,0,0,0,0
24.376,5,0,0,0,0,0,0,0,0,0,0
24.4289,0,3.18328,-0.142466,3.47109,-0.0624191,-0.110178,-0.0535701,0.518721,0,0,0
24.4289,1,4.63978,2.04776,5.19656,0.00905302,-0.00385721,0.124595,0.503942,0,0,0
24.4289,2,3.24647,-0.379125,6.54217,0.0421729,0.0515934,0.0910391,0.505107,0,0,0
24.4289,3,0,0,0,0,0,0,0,0,0,0
24.4289,4,0,0,0,0,0,0,0,0,0,0
24.4289,5,0,0,0,0,0,0,0,0,0,0
24.4841,0,3.18422,-0.14268,3.4678,-0.0493788,-0.0927813,-0.0733317,0.518721,0,0,0
24.4841,1,4.64019,2.04702,5.20448,0.00930481,-0.00595515,0.116002,0.503942,0,0,0
24.4841,2,3.25224,-0.371061,6.54673,0.0551806,0.0712491,0.0854482,0.505107,0,0,0
24.4841,3,0,0,0,0,0,0,0,0,0,0
24.4841,4,0,0,0,0,0,0,0,0,0,0
24.4841,5,0,0,0,0,0,0,0,0,0,0
24.535,0,3.18418,-0.142576,3.46381,-0.0417038,-0.0763088,-0.0810437,0.523319,0,0,0
24.535,1,4.64015,2.0464,5.20978,0.00792968,-0.0073791,0.0999199,0.505044,0,0,0
24.535,2,3.2543,-0.367703,6.5511,0.0623263,0.0833854,0.082024,0.50501,0,0,0
24.535,3,0,0,0,0,0,0,0,0,0,0
24.535,4,0,0,0,0,0,0,0,0,0,0
24.535,5,0,0,0,0,0,0,0,0,0,0
24.5913,0,3.18764,-0.138628,3.45981,-0.0244646,-0.050899,-0.0845005,0.523319,0,0,0
24.5913,1,4.63987,2.04535,5.21416,0.00578594,-0.0100456,0.0663226,0.505044,0,0,0
24.5913,2,3.26238,-0.355758,6.55519,0.0725311,0.101434,0.0762504,0.50501,0,0,0
24.5913,3,0,0,0,0,0,0,0,0,0,0
24.5913,4,0,0,0,0,0,0,0,0,0,0
24.5913,5,0,0,0,0,0,0,0,0,0,0
24.6474,0,3.19224,-0.131828,3.45442,-0.00680184,-0.0205767,-0.0857272,0.526294,0,0,0
24.6474,1,4.63957,2.04446,5.2165,0.00382866,-0.0116618,0.0313197,0.504302,0,0,0
24.6474,2,3.26755,-0.348597,6.55785,0.0798928,0.111939,0.0713569,0.498903,0,0,0
24.6474,3,0,0,0,0,0,0,0,0,0,0
24.6474,4,0,0,0,0,0,0,0,0,0,0
24.6474,5,0,0,0,0,0,0,0,0,0,0
24.699,0,3.19621,-0.125474,3.45018,0.00620341,0.00362272,-0.0844938,0.526294,0,0,0
24.699,1,4.63947,2.04351,5.2171,0.00281782,-0.0130138,-7.6471e-05,0.504302,0,0,0
24.699,2,3.27278,-0.341083,6.56248,0.086586,0.122236,0.0651814,0.498903,0,0,0
24.699,3,0,0,0,0,0,0,0,0,0,0
24.699,4,0,0,0,0,0,0,0,0,0,0
24.699,5,0,0,0,0,0,0,0,0,0,0
24.7537,0,3.20437,-0.114377,3.4457,0.0314421,0.0400576,-0.078639,0.524572,0,0,0
24.7537,1,4.63876,2.04271,5.21513,8.86007e-05,-0.0135251,-0.0468976,0.502166,0,0,0
24.7537,2,3.27827,-0.332327,6.56573,0.0927307,0.134317,0.055375,0.496569,0,0,0
24.7537,3,0,0,0,0,0,0,0,0,0,0
24.7537,4,0,0,0,0,0,0,0,0,0,0
24.7537,5,0,0,0,0,0,0,0,0,0,0
24.8059,0,3.211,-0.103702,3.44157,0.0483715,0.0708499,-0.0732298,0.524572,0,0,0
24.8059,1,4.63778,2.04237,5.21137,-0.00327624,-0.01227,-0.084277,0.502166,0,0,0
24.8059,2,3.28251,-0.326005,6.56899,0.0926794,0.134985,0.033512,0.496569,0,0,0
24.8059,3,0,0,0,0,0,0,0,0,0,0
24.8059,4,0,0,0,0,0,0,0,0,0,0
24.8059,5,0,0,0,0,0,0,0,0,0,0
24.856,0,3.21348,-0.1001,3.4376,0.050365,0.0738206,-0.0773647,0.516783,0,0,0
24.856,1,4.6374,2.04145,5.20457,-0.00392856,-0.0131394,-0.105014,0.498611,0,0,0
24.856,2,3.28578,-0.320984,6.57101,0.0906822,0.132993,0.00836037,0.495269,0,0,0
24.856,3,0,0,0,0,0,0,0,0,0,0
24.856,4,0,0,0,0,0,0,0,0,0,0
24.856,5,0,0,0,0,0,0,0,0,0,0
24.916,0,3.21996,-0.0903233,3.43669,0.0640944,0.0950259,-0.0663558,0.516783,0,0,0
24.916,1,4.63636,2.04173,5.19861,-0.00677039,-0.0098352,-0.141884,0.498611,0,0,0
24.916,2,3.28953,-0.31509,6.57062,0.0902219,0.133802,-0.0157529,0.495269,0,0,0
24.916,3,0,0,0,0,0,0,0,0,0,0
24.916,4,0,0,0,0,0,0,0,0,0,0
24.916,5,0,0,0,0,0,0,0,0,0,0
24.9812,0,3.22755,-0.0789237,3.43267,0.08042,0.120859,-0.0585307,0.512366,0,0,0
24.9812,1,4.63571,2.04174,5.19111,-0.00804946,-0.00799477,-0.157747,0.495997,0,0,0
24.9812,2,3.29133,-0.312105,6.56998,0.0832621,0.124358,-0.0446977,0.489914,0,0,0
24.9812,3,0,0,0,0,0,0,0,0,0,0
24.9812,4,0,0,0,0,0,0,0,0,0,0
24.9812,5,0,0,0,0,0,0,0,0,0,0
25.0325,0,3.23291,-0.065237,3.42931,0.0906448,0.147905,-0.0522221,0.512366,0,0,0
25.0325,1,4.6349,2.04211,5.18085,-0.00968069,-0.00531945,-0.166352,0.495997,0,0,0
25.0325,2,3.29147,-0.310681,6.56704,0.0721654,0.111312,-0.0649561,0.489914,0,0,0
25.0325,3,0,0,0,0,0,0,0,0,0,0
25.0325,4,0,0,0,0,0,0,0,0,0,0
25.0325,5,0,0,0,0,0,0,0,0,0,0
25.0826,0,3.23844,-0.0582398,3.42767,0.0959718,0.149454,-0.0471364,0.504996,0,0,0
25.0826,1,4.63462,2.0422,5.17174,-0.00920518,-0.00410094,-0.168902,0.493604,0,0,0
25.0826,2,3.28958,-0.313056,6.56282,0.0554123,0.0860159,-0.0813526,0.484096,0,0,0
25.0826,3,0,0,0,0,0,0,0,0,0,0
25.0826,4,0,0,0,0,0,0,0,0,0,0
25.0826,5,0,0,0,0,0,0,0,0,0,0
25.1395,0,3.24296,-0.0508686,3.42637,0.0979948,0.154117,-0.0380288,0.504996,0,0,0
25.1395,1,4.6344,2.04222,5.16256,-0.00873512,-0.00353505,-0.167335,0.493604,0,0,0
25.1395,2,3.28644,-0.316282,6.55923,0.0374795,0.0623885,-0.0882181,0.484096,0,0,0
25.1395,3,0,0,0,0,0,0,0,0,0,0
25.1395,4,0,0,0,0,0,0,0,0,0,0
25.1395,5,0,0,0,0,0,0,0,0,0,0
25.1927,0,3.2476,-0.0415133,3.4248,0.100259,0.163533,-0.0184215,0.499634,0,0,0
25.1927,1,4.63402,2.04406,5.15561,-0.00906869,0.00301454,-0.160506,0.493598,0,0,0
25.1927,2,3.28412,-0.319416,6.55341,0.0248056,0.0423886,-0.092615,0.482684,0,0,0
25.1927,3,0,0,0,0,0,0,0,0,0,0
25.1927,4,0,0,0,0,0,0,0,0,0,0
25.1927,5,0,0,0,0,0,0,0,0,0,0
25.2504,0,3.25171,-0.0332643,3.42537,0.0998545,0.168818,0.00416999,0.492355,0,0,0
25.2504,1,4.63372,2.04508,5.14757,-0.00901485,0.00613552,-0.154334,0.493598,0,0,0
25.2504,2,3.28127,-0.322959,6.54957,0.012223,0.0240058,-0.092688,0.482684,0,0,0
25.2504,3,0,0,0,0,0,0,0,0,0,0
25.2504,4,0,0,0,0,0,0,0,0,0,0
25.2504,5,0,0,0,0,0,0,0,0,0,0
25.3059,0,3.25432,-0.0282378,3.42718,0.0955522,0.163532,0.0231471,0.492355,0,0,0
25.3059,1,4.63333,2.04549,5.14161,-0.0091425,0.00649137,-0.147955,0.493783,0,0,0
25.3059,2,3.2754,-0.331073,6.54569,-0.00719007,-0.00584773,-0.0902785,0.478921,0,0,0
25.3059,3,0,0,0,0,0,0,0,0,0,0
25.3059,4,0,0,0,0,0,0,0,0,0,0
25.3059,5,0,0,0,0,0,0,0,0,0,0
25.3613,0,3.25743,-0.0236257,3.42928,0.0928534,0.15603,0.0339692,0.492355,0,0,0
25.3613,1,4.63369,2.04702,5.13288,-0.00704173,0.0106125,-0.143833,0.493783,0,0,0
25.3613,2,3.26998,-0.336356,6.53988,-0.0231232,-0.0216469,-0.0885756,0.478921,0,0,0
25.3613,3,0,0,0,0,0,0,0,0,0,0
25.3613,4,0,0,0,0,0,0,0,0,0,0
25.3613,5,0,0,0,0,0,0,0,0,0,0
25.4166,0,3.25583,-0.0243926,3.43241,0.0743087,0.130099,0.048591,0.484334,0,0,0
25.4166,1,4.63354,2.04778,5.12577,-0.00663181,0.0113698,-0.146603,0.49506,0,0,0
25.4166,2,3.26278,-0.34803,6.53664,-0.0427861,-0.0568313,-0.0848339,0.481437,0,0,0
25.4166,3,0,0,0,0,0,0,0,0,0,0
25.4166,4,0,0,0,0,0,0,0,0,0,0
25.4166,5,0,0,0,0,0,0,0,0,0,0
25.4743,0,3.25717,-0.0223743,3.43465,0.0688727,0.118775,0.0553028,0.479074,0,0,0
25.4743,1,4.63384,2.04943,5.11935,-0.00488422,0.0149138,-0.113842,0.49506,0,0,0
25.4743,2,3.25683,-0.35475,6.53246,-0.0555365,-0.0703105,-0.081342,0.481437,0,0,0
25.4743,3,0,0,0,0,0,0,0,0,0,0
25.4743,4,0,0,0,0,0,0,0,0,0,0
25.4743,5,0,0,0,0,0,0,0,0,0,0
