time,uav_id,px,py,pz,vx,vy,vz,feedback,ref_x,ref_y,ref_z
7.0162e-05,0,-0.301572,-0.569879,3.47125,0.0282552,-0.0474296,0.0364168,0.480106,0,0,0
7.0162e-05,1,0.324693,1.89077,5.11087,-0.0710886,0.0206962,0.0585733,0.518415,0,0,0
7.0162e-05,2,1.04572,-0.97889,6.19317,-0.0397516,-0.161807,-0.0406588,0.246363,0,0,0
7.0162e-05,3,0,0,0,0,0,0,0,0,0,0
7.0162e-05,4,0,0,0,0,0,0,0,0,0,0
7.0162e-05,5,0,0,0,0,0,0,0,0,0,0
0.0544203,0,-0.301028,-0.575782,3.4729,0.0270951,-0.0633944,0.0347574,0.481838,0,0,0
0.0544203,1,0.322773,1.89097,5.11602,-0.059714,0.0155329,0.111567,0.518415,0,0,0
0.0544203,2,1.0447,-0.983768,6.19206,-0.0376,-0.15364,-0.019661,0.246363,0,0,0
0.0544203,3,0,0,0,0,0,0,0,0,0,0
0.0544203,4,0,0,0,0,0,0,0,0,0,0
0.0544203,5,0,0,0,0,0,0,0,0,0,0
0.108456,0,-0.301486,-0.584996,3.47464,0.0229362,-0.0884415,0.0299649,0.481838,0,0,0
0.108456,1,0.325496,1.8907,5.12552,-0.0437809,0.0119583,0.138977,0.518684,0,0,0
0.108456,2,1.04438,-0.986534,6.19268,-0.0343343,-0.142301,0.00900774,0.242716,0,0,0
0.108456,3,0,0,0,0,0,0,0,0,0,0
0.108456,4,0,0,0,0,0,0,0,0,0,0
0.108456,5,0,0,0,0,0,0,0,0,0,0
0.169505,0,-0.296939,-0.598105,3.47588,0.0369961,-0.122843,0.0281988,0.746028,0,0,0
0.169505,1,0.329981,1.88945,5.1339,-0.0235405,0.00549228,0.164815,0.518684,0,0,0
0.169505,2,1.04268,-0.990324,6.19366,-0.0363012,-0.136011,0.0341172,0.242716,0,0,0
0.169505,3,0,0,0,0,0,0,0,0,0,0
0.169505,4,0,0,0,0,0,0,0,0,0,0
0.169505,5,0,0,0,0,0,0,0,0,0,0
0.243616,0,-0.296253,-0.608312,3.47743,0.0351859,-0.142479,0.0269219,0.746028,0,0,0
0.243616,1,0.335122,1.8885,5.14333,-0.00278605,0.000653287,0.180804,0.516497,0,0,0
0.243616,2,1.04304,-0.990905,6.19679,-0.03236,-0.120306,0.065315,0.237611,0,0,0
0.243616,3,0,0,0,0,0,0,0,0,0,0
0.243616,4,0,0,0,0,0,0,0,0,0,0
0.243616,5,0,0,0,0,0,0,0,0,0,0
0.322039,0,-0.292349,-0.628908,3.4787,0.0391139,-0.170273,0.0260594,0.730138,0,0,0
0.322039,1,0.34399,1.88557,5.15056,0.0293925,-0.010995,0.17809,0.516497,0,0,0
0.322039,2,1.0463,-0.987593,6.20062,-0.0200388,-0.0915743,0.106964,0.237611,0,0,0
0.322039,3,0,0,0,0,0,0,0,0,0,0
0.322039,4,0,0,0,0,0,0,0,0,0,0
0.322039,5,0,0,0,0,0,0,0,0,0,0
0.377757,0,-0.292472,-0.63606,3.48058,0.0339014,-0.171182,0.0273269,0.730138,0,0,0
0.377757,1,0.347266,1.88655,5.16125,0.0374728,-0.00701022,0.184435,0.512145,0,0,0
0.377757,2,1.04839,-0.984376,6.20792,-0.0134525,-0.0654466,0.162852,0.235545,0,0,0
0.377757,3,0,0,0,0,0,0,0,0,0,0
0.377757,4,0,0,0,0,0,0,0,0,0,0
0.377757,5,0,0,0,0,0,0,0,0,0,0
0.438414,0,-0.292301,-0.641044,3.48124,0.0300429,-0.164915,0.0292766,0.71078,0,0,0
0.438414,1,0.354205,1.88596,5.16816,0.0564054,-0.00863412,0.16604,0.512145,0,0,0
0.438414,2,1.05288,-0.978516,6.21918,0.000308159,-0.0301433,0.214693,0.235545,0,0,0
0.438414,3,0,0,0,0,0,0,0,0,0,0
0.438414,4,0,0,0,0,0,0,0,0,0,0
0.438414,5,0,0,0,0,0,0,0,0,0,0
0.499196,0,-0.291921,-0.650567,3.48292,0.0282663,-0.173947,0.0334434,0.699827,0,0,0
0.499196,1,0.361102,1.88449,5.16894,0.0725927,-0.0126415,0.160099,0.513205,0,0,0
0.499196,2,1.05703,-0.974145,6.23216,0.0124867,-0.00335236,0.2496,0.225696,0,0,0
0.499196,3,0,0,0,0,0,0,0,0,0,0
0.499196,4,0,0,0,0,0,0,0,0,0,0
0.499196,5,0,0,0,0,0,0,0,0,0,0
0.54971,0,-0.290252,-0.66253,3.48542,0.0309831,-0.189442,0.0354246,0.699827,0,0,0
0.54971,1,0.362514,1.88497,5.18422,0.0782553,-0.0108472,0.155974,0.513205,0,0,0
0.54971,2,1.06136,-0.970815,6.2428,0.0243108,0.0166289,0.280023,0.225696,0,0,0
0.54971,3,0,0,0,0,0,0,0,0,0,0
0.54971,4,0,0,0,0,0,0,0,0,0,0
0.54971,5,0,0,0,0,0,0,0,0,0,0
0.610559,0,-0.291909,-0.670141,3.48654,0.0210151,-0.187871,0.0291518,0.684652,0,0,0
0.610559,1,0.372354,1.88379,5.18429,0.0913089,-0.0120937,0.140511,0.513547,0,0,0
0.610559,2,1.06899,-0.964569,6.25603,0.0468855,0.0428151,0.301135,0.212834,0,0,0
0.610559,3,0,0,0,0,0,0,0,0,0,0
0.610559,4,0,0,0,0,0,0,0,0,0,0
0.610559,5,0,0,0,0,0,0,0,0,0,0
0.664678,0,-0.292555,-0.681389,3.48715,0.0160466,-0.199686,0.017871,0.684652,0,0,0
0.664678,1,0.373756,1.88329,5.19168,0.0962123,-0.0137363,0.128759,0.513547,0,0,0
0.664678,2,1.07646,-0.963028,6.27266,0.0677112,0.0479538,0.315723,0.212834,0,0,0
0.664678,3,0,0,0,0,0,0,0,0,0,0
0.664678,4,0,0,0,0,0,0,0,0,0,0
0.664678,5,0,0,0,0,0,0,0,0,0,0
0.723082,0,-0.298118,-0.692463,3.48696,-0.00551843,-0.209025,0.000712599,0.666722,0,0,0
0.723082,1,0.382952,1.88261,5.20441,0.101963,-0.01229,0.126545,0.512649,0,0,0
0.723082,2,1.08262,-0.960617,6.28619,0.0819453,0.0544174,0.321947,0.197647,0,0,0
0.723082,3,0,0,0,0,0,0,0,0,0,0
0.723082,4,0,0,0,0,0,0,0,0,0,0
0.723082,5,0,0,0,0,0,0,0,0,0,0
0.783668,0,-0.306068,-0.706376,3.48518,-0.0328863,-0.219267,-0.0189583,0.666722,0,0,0
0.783668,1,0.388228,1.88133,5.20908,0.10607,-0.0147624,0.11947,0.513429,0,0,0
0.783668,2,1.09205,-0.959032,6.30294,0.105934,0.053813,0.318985,0.197647,0,0,0
0.783668,3,0,0,0,0,0,0,0,0,0,0
0.783668,4,0,0,0,0,0,0,0,0,0,0
0.783668,5,0,0,0,0,0,0,0,0,0,0
0.835054,0,-0.31283,-0.716995,3.48345,-0.0527021,-0.222223,-0.0338514,0.645931,0,0,0
0.835054,1,0.392494,1.88029,5.21489,0.106045,-0.0161127,0.109585,0.513429,0,0,0
0.835054,2,1.11296,-0.960802,6.3402,0.146857,0.0369389,0.320888,0.183913,0,0,0
0.835054,3,0,0,0,0,0,0,0,0,0,0
0.835054,4,0,0,0,0,0,0,0,0,0,0
0.835054,5,0,0,0,0,0,0,0,0,0,0
0.890379,0,-0.32137,-0.734691,3.48072,-0.0727474,-0.24607,-0.0487723,0.645931,0,0,0
0.890379,1,0.395094,1.87956,5.21695,0.10149,-0.0165915,0.077792,0.513429,0,0,0
0.890379,2,1.12522,-0.965311,6.3432,0.167874,0.0166161,0.295827,0.183913,0,0,0
0.890379,3,0,0,0,0,0,0,0,0,0,0
0.890379,4,0,0,0,0,0,0,0,0,0,0
0.890379,5,0,0,0,0,0,0,0,0,0,0
0.947478,0,-0.33453,-0.751068,3.47865,-0.104797,-0.263981,-0.0544178,0.617486,0,0,0
0.947478,1,0.396459,1.8787,5.22084,0.0912436,-0.0165386,0.0620429,0.513267,0,0,0
0.947478,2,1.12522,-0.965311,6.3432,0.167874,0.0166161,0.295827,0.162825,0,0,0
0.947478,3,0,0,0,0,0,0,0,0,0,0
0.947478,4,0,0,0,0,0,0,0,0,0,0
0.947478,5,0,0,0,0,0,0,0,0,0,0
1.0037,0,-0.352171,-0.76129,3.47579,-0.148393,-0.257393,-0.0602027,0.617486,0,0,0
1.0037,1,0.400376,1.87698,5.22359,0.091462,-0.0197962,0.0453684,0.512197,0,0,0
1.0037,2,1.12369,-0.968745,6.37293,0.166592,0.00117769,0.258499,0.162825,0,0,0
1.0037,3,0,0,0,0,0,0,0,0,0,0
1.0037,4,0,0,0,0,0,0,0,0,0,0
1.0037,5,0,0,0,0,0,0,0,0,0,0
1.06722,0,-0.366733,-0.782079,3.47328,-0.172403,-0.284127,-0.0589967,0.605055,0,0,0
1.06722,1,0.403673,1.87384,5.22216,0.0869756,-0.0262597,-0.0210297,0.512197,0,0,0
1.06722,2,1.14044,-0.974977,6.37152,0.176869,-0.0157823,0.240858,0.150855,0,0,0
1.06722,3,0,0,0,0,0,0,0,0,0,0
1.06722,4,0,0,0,0,0,0,0,0,0,0
1.06722,5,0,0,0,0,0,0,0,0,0,0
1.11777,0,-0.366733,-0.782079,3.47328,-0.172403,-0.284127,-0.0589967,0.605055,0,0,0
1.11777,1,0.403749,1.87293,5.21947,0.0724883,-0.024772,-0.0601774,0.50763,0,0,0
1.11777,2,1.14881,-0.981898,6.39512,0.180181,-0.0340548,0.202005,0.150855,0,0,0
1.11777,3,0,0,0,0,0,0,0,0,0,0
1.11777,4,0,0,0,0,0,0,0,0,0,0
1.11777,5,0,0,0,0,0,0,0,0,0,0
1.17379,0,-0.396652,-0.797043,3.46911,-0.217159,-0.249764,-0.043804,0.578489,0,0,0
1.17379,1,0.402519,1.87199,5.21559,0.0578749,-0.0241335,-0.0851771,0.50763,0,0,0
1.17379,2,1.15423,-0.992337,6.40324,0.1727,-0.0623133,0.148658,0.138749,0,0,0
1.17379,3,0,0,0,0,0,0,0,0,0,0
1.17379,4,0,0,0,0,0,0,0,0,0,0
1.17379,5,0,0,0,0,0,0,0,0,0,0
1.22933,0,-0.40967,-0.811655,3.46767,-0.229813,-0.262137,-0.0273493,0.578489,0,0,0
1.22933,1,0.400465,1.87037,5.21095,0.042221,-0.0253185,-0.10927,0.503415,0,0,0
1.22933,2,1.16108,-0.998564,6.41112,0.168722,-0.0723493,0.108376,0.138749,0,0,0
1.22933,3,0,0,0,0,0,0,0,0,0,0
1.22933,4,0,0,0,0,0,0,0,0,0,0
1.22933,5,0,0,0,0,0,0,0,0,0,0
1.28571,0,-0.429548,-0.818901,3.46931,-0.264047,-0.244937,0.00306791,0.5572,0,0,0
1.28571,1,0.396202,1.87125,5.2039,0.0273587,-0.0219146,-0.121038,0.503415,0,0,0
1.28571,2,1.16128,-1.00643,6.40964,0.16899,-0.101195,0.0956844,0.128743,0,0,0
1.28571,3,0,0,0,0,0,0,0,0,0,0
1.28571,4,0,0,0,0,0,0,0,0,0,0
1.28571,5,0,0,0,0,0,0,0,0,0,0
1.33592,0,-0.447271,-0.832745,3.47232,-0.283732,-0.248753,0.0387322,0.5572,0,0,0
1.33592,1,0.393221,1.86935,5.19861,0.0118937,-0.0246155,-0.13389,0.500133,0,0,0
1.33592,2,1.17128,-1.02091,6.41805,0.150589,-0.116101,0.0711718,0.128743,0,0,0
1.33592,3,0,0,0,0,0,0,0,0,0,0
1.33592,4,0,0,0,0,0,0,0,0,0,0
1.33592,5,0,0,0,0,0,0,0,0,0,0
1.39393,0,-0.448791,-0.834265,3.47299,-0.289667,-0.253418,0.049281,0.526489,0,0,0
1.39393,1,0.389399,1.86888,5.19263,-0.003997,-0.0223073,-0.136818,0.500133,0,0,0
1.39393,2,1.17213,-1.03623,6.41967,0.133436,-0.150197,0.0585572,0.109979,0,0,0
1.39393,3,0,0,0,0,0,0,0,0,0,0
1.39393,4,0,0,0,0,0,0,0,0,0,0
1.39393,5,0,0,0,0,0,0,0,0,0,0
1.45058,0,-0.461214,-0.844952,3.47608,-0.291513,-0.250374,0.0647523,0.526489,0,0,0
1.45058,1,0.384945,1.86726,5.18517,-0.0192589,-0.0238209,-0.13689,0.500133,0,0,0
1.45058,2,1.1749,-1.04786,6.4223,0.123915,-0.167283,0.0519381,0.109979,0,0,0
1.45058,3,0,0,0,0,0,0,0,0,0,0
1.45058,4,0,0,0,0,0,0,0,0,0,0
1.45058,5,0,0,0,0,0,0,0,0,0,0
1.50303,0,-0.471331,-0.855355,3.47984,-0.283955,-0.246793,0.0797988,0.514185,0,0,0
1.50303,1,0.380303,1.86616,5.17834,-0.0333655,-0.0236893,-0.133795,0.496024,0,0,0
1.50303,2,1.17154,-1.05101,6.42454,0.111764,-0.178906,0.0459462,0.100472,0,0,0
1.50303,3,0,0,0,0,0,0,0,0,0,0
1.50303,4,0,0,0,0,0,0,0,0,0,0
1.50303,5,0,0,0,0,0,0,0,0,0,0
1.56003,0,-0.494846,-0.880563,3.4846,-0.282546,-0.255852,0.0882989,0.514185,0,0,0
1.56003,1,0.375577,1.86431,5.17058,-0.0453607,-0.026041,-0.127409,0.496024,0,0,0
1.56003,2,1.17421,-1.07437,6.42671,0.0870623,-0.201869,0.0467968,0.100472,0,0,0
1.56003,3,0,0,0,0,0,0,0,0,0,0
1.56003,4,0,0,0,0,0,0,0,0,0,0
1.56003,5,0,0,0,0,0,0,0,0,0,0
1.61022,0,-0.502354,-0.893129,3.48922,-0.268532,-0.260132,0.0905743,0.478648,0,0,0
1.61022,1,0.37068,1.8626,5.16458,-0.0562423,-0.0275781,-0.121879,0.491431,0,0,0
1.61022,2,1.16927,-1.07932,6.42976,0.0696736,-0.219527,0.0467464,0.0839329,0,0,0
1.61022,3,0,0,0,0,0,0,0,0,0,0
1.61022,4,0,0,0,0,0,0,0,0,0,0
1.61022,5,0,0,0,0,0,0,0,0,0,0
1.66871,0,-0.496197,-0.892873,3.49383,-0.246169,-0.260942,0.0880523,0.478648,0,0,0
1.66871,1,0.366977,1.86123,5.15948,-0.0608468,-0.0277141,-0.114542,0.487517,0,0,0
1.66871,2,1.17327,-1.09852,6.43038,0.0711484,-0.251848,0.0454566,0.0839329,0,0,0
1.66871,3,0,0,0,0,0,0,0,0,0,0
1.66871,4,0,0,0,0,0,0,0,0,0,0
1.66871,5,0,0,0,0,0,0,0,0,0,0
1.72418,0,-0.501739,-0.905443,3.49825,-0.226745,-0.264635,0.0885441,0.453146,0,0,0
1.72418,1,0.362851,1.85909,5.15276,-0.0662016,-0.0304213,-0.106673,0.487517,0,0,0
1.72418,2,1.17452,-1.12611,6.43551,0.052273,-0.267922,0.0418499,0.0781933,0,0,0
1.72418,3,0,0,0,0,0,0,0,0,0,0
1.72418,4,0,0,0,0,0,0,0,0,0,0
1.72418,5,0,0,0,0,0,0,0,0,0,0
1.77566,0,-0.501739,-0.905443,3.49825,-0.226745,-0.264635,0.0885441,0.453146,0,0,0
1.77566,1,0.359164,1.85673,5.14713,-0.0698129,-0.0340718,-0.101159,0.482494,0,0,0
1.77566,2,1.1728,-1.12729,6.43563,0.0462803,-0.272329,0.0425043,0.0781933,0,0,0
1.77566,3,0,0,0,0,0,0,0,0,0,0
1.77566,4,0,0,0,0,0,0,0,0,0,0
1.77566,5,0,0,0,0,0,0,0,0,0,0
1.82985,0,-0.512628,-0.934553,3.50777,-0.192681,-0.283244,0.0833435,0.433491,0,0,0
1.82985,1,0.355842,1.85469,5.1431,-0.0712363,-0.0359173,-0.0967383,0.482494,0,0,0
1.82985,2,1.17569,-1.1538,6.43843,0.039692,-0.282848,0.0382352,0.086148,0,0,0
1.82985,3,0,0,0,0,0,0,0,0,0,0
1.82985,4,0,0,0,0,0,0,0,0,0,0
1.82985,5,0,0,0,0,0,0,0,0,0,0
1.88302,0,-0.518317,-0.949049,3.51209,-0.179638,-0.287287,0.0805677,0.433491,0,0,0
1.88302,1,0.351522,1.85147,5.13785,-0.0757706,-0.0415918,-0.0858705,0.477225,0,0,0
1.88302,2,1.1731,-1.15081,6.4423,0.0300001,-0.271583,0.0369228,0.086148,0,0,0
1.88302,3,0,0,0,0,0,0,0,0,0,0
1.88302,4,0,0,0,0,0,0,0,0,0,0
1.88302,5,0,0,0,0,0,0,0,0,0,0
1.93359,0,-0.518317,-0.949049,3.51209,-0.179638,-0.287287,0.0805677,0.433491,0,0,0
1.93359,1,0.348673,1.84886,5.13407,-0.0744697,-0.0446226,-0.0696243,0.477225,0,0,0
1.93359,2,1.17668,-1.17959,6.44289,0.0293516,-0.28486,0.0334629,0.086148,0,0,0
1.93359,3,0,0,0,0,0,0,0,0,0,0
1.93359,4,0,0,0,0,0,0,0,0,0,0
1.93359,5,0,0,0,0,0,0,0,0,0,0
1.9863,0,-0.523506,-0.957765,3.51615,-0.168974,-0.272497,0.081055,0.417186,0,0,0
1.9863,1,0.34629,1.84633,5.13122,-0.0720187,-0.0468124,-0.0496749,0.477225,0,0,0
1.9863,2,1.17617,-1.18953,6.44716,0.0210722,-0.273463,0.0276755,0.101288,0,0,0
1.9863,3,0,0,0,0,0,0,0,0,0,0
1.9863,4,0,0,0,0,0,0,0,0,0,0
1.9863,5,0,0,0,0,0,0,0,0,0,0
2.03902,0,-0.531947,-0.986632,3.52502,-0.142069,-0.280971,0.0782253,0.417186,0,0,0
2.03902,1,0.344265,1.84343,5.12968,-0.068946,-0.0499225,-0.0234344,0.472247,0,0,0
2.03902,2,1.17534,-1.18473,6.44708,0.0176008,-0.256321,0.0264474,0.106292,0,0,0
2.03902,3,0,0,0,0,0,0,0,0,0,0
2.03902,4,0,0,0,0,0,0,0,0,0,0
2.03902,5,0,0,0,0,0,0,0,0,0,0
2.09352,0,-0.535883,-0.998491,3.52892,-0.131792,-0.277536,0.0774432,0.387672,0,0,0
2.09352,1,0.342479,1.83932,5.12954,-0.0645008,-0.0558771,0.00286293,0.465477,0,0,0
2.09352,2,1.17657,-1.1948,6.45004,0.0171308,-0.251396,0.0223217,0.106292,0,0,0
2.09352,3,0,0,0,0,0,0,0,0,0,0
2.09352,4,0,0,0,0,0,0,0,0,0,0
2.09352,5,0,0,0,0,0,0,0,0,0,0
2.15258,0,-0.54038,-1.00905,3.53217,-0.122189,-0.263057,0.0770637,0.387672,0,0,0
2.15258,1,0.34188,1.83484,5.1309,-0.0571794,-0.0627525,0.0344169,0.465477,0,0,0
2.15258,2,1.17706,-1.2027,6.45218,0.013799,-0.2392,0.0256933,0.121258,0,0,0
2.15258,3,0,0,0,0,0,0,0,0,0,0
2.15258,4,0,0,0,0,0,0,0,0,0,0
2.15258,5,0,0,0,0,0,0,0,0,0,0
2.2103,0,-0.544991,-1.02365,3.53718,-0.116241,-0.271009,0.0766333,0.371673,0,0,0
2.2103,1,0.342239,1.83079,5.13342,-0.0473449,-0.0673391,0.0562189,0.457045,0,0,0
2.2103,2,1.17765,-1.20963,6.4546,0.0113221,-0.225406,0.031556,0.121258,0,0,0
2.2103,3,0,0,0,0,0,0,0,0,0,0
2.2103,4,0,0,0,0,0,0,0,0,0,0
2.2103,5,0,0,0,0,0,0,0,0,0,0
2.26045,0,-0.550176,-1.03683,3.54493,-0.112592,-0.27022,0.0784073,0.361661,0,0,0
2.26045,1,0.344302,1.82509,5.13741,-0.0322935,-0.0773785,0.0737561,0.457045,0,0,0
2.26045,2,1.17887,-1.22619,6.45744,0.00815724,-0.213662,0.0403827,0.127554,0,0,0
2.26045,3,0,0,0,0,0,0,0,0,0,0
2.26045,4,0,0,0,0,0,0,0,0,0,0
2.26045,5,0,0,0,0,0,0,0,0,0,0
2.31625,0,-0.550176,-1.03683,3.54493,-0.112592,-0.27022,0.0784073,0.361661,0,0,0
2.31625,1,0.345892,1.82157,5.14148,-0.0214581,-0.0785909,0.082341,0.447819,0,0,0
2.31625,2,1.17875,-1.22141,6.45712,0.00692718,-0.197235,0.0510626,0.127554,0,0,0
2.31625,3,0,0,0,0,0,0,0,0,0,0
2.31625,4,0,0,0,0,0,0,0,0,0,0
2.31625,5,0,0,0,0,0,0,0,0,0,0
2.36921,0,-0.553965,-1.04569,3.54948,-0.106606,-0.256977,0.0779472,0.361661,0,0,0
2.36921,1,0.348363,1.81713,5.14589,-0.00866237,-0.0816417,0.0862967,0.447819,0,0,0
2.36921,2,1.17972,-1.22265,6.45981,0.00581629,-0.168724,0.0624753,0.140434,0,0,0
2.36921,3,0,0,0,0,0,0,0,0,0,0
2.36921,4,0,0,0,0,0,0,0,0,0,0
2.36921,5,0,0,0,0,0,0,0,0,0,0
2.42474,0,-0.562602,-1.06497,3.55359,-0.100428,-0.24178,0.0761364,0.342486,0,0,0
2.42474,1,0.351861,1.81333,5.15025,0.00588881,-0.0833444,0.085133,0.439662,0,0,0
2.42474,2,1.18256,-1.23529,6.46399,0.00929346,-0.156374,0.0736363,0.140434,0,0,0
2.42474,3,0,0,0,0,0,0,0,0,0,0
2.42474,4,0,0,0,0,0,0,0,0,0,0
2.42474,5,0,0,0,0,0,0,0,0,0,0
2.48492,0,-0.561873,-1.06545,3.55717,-0.097423,-0.24361,0.0660537,0.329463,0,0,0
2.48492,1,0.356069,1.80847,5.15443,0.0204544,-0.0849443,0.0811113,0.439662,0,0,0
2.48492,2,1.18542,-1.23551,6.46937,0.0143447,-0.132398,0.0836613,0.157382,0,0,0
2.48492,3,0,0,0,0,0,0,0,0,0,0
2.48492,4,0,0,0,0,0,0,0,0,0,0
2.48492,5,0,0,0,0,0,0,0,0,0,0
2.54656,0,-0.565868,-1.07857,3.56153,-0.090089,-0.242767,0.0607982,0.329463,0,0,0
2.54656,1,0.359992,1.80475,5.15855,0.0323107,-0.085434,0.0747602,0.431314,0,0,0
2.54656,2,1.18638,-1.23018,6.47497,0.0128285,-0.0930577,0.0898249,0.157382,0,0,0
2.54656,3,0,0,0,0,0,0,0,0,0,0
2.54656,4,0,0,0,0,0,0,0,0,0,0
2.54656,5,0,0,0,0,0,0,0,0,0,0
2.60682,0,-0.573144,-1.09254,3.56678,-0.0823607,-0.20979,0.0414659,0.317644,0,0,0
2.60682,1,0.363948,1.79958,5.16239,0.0427546,-0.0908454,0.068148,0.431314,0,0,0
2.60682,2,1.1894,-1.23246,6.47949,0.0190199,-0.0832344,0.0908346,0.157553,0,0,0
2.60682,3,0,0,0,0,0,0,0,0,0,0
2.60682,4,0,0,0,0,0,0,0,0,0,0
2.60682,5,0,0,0,0,0,0,0,0,0,0
2.66517,0,-0.576324,-1.09931,3.5685,-0.0782703,-0.196873,0.027823,0.317644,0,0,0
2.66517,1,0.367356,1.79704,5.1652,0.0487781,-0.0852071,0.0538807,0.424016,0,0,0
2.66517,2,1.19136,-1.22484,6.48401,0.0196257,-0.0416715,0.0904146,0.157553,0,0,0
2.66517,3,0,0,0,0,0,0,0,0,0,0
2.66517,4,0,0,0,0,0,0,0,0,0,0
2.66517,5,0,0,0,0,0,0,0,0,0,0
2.72052,0,-0.576324,-1.09931,3.5685,-0.0782703,-0.196873,0.027823,0.311408,0,0,0
2.72052,1,0.371907,1.7917,5.16801,0.0577793,-0.0895919,0.0343637,0.424016,0,0,0
2.72052,2,1.19403,-1.22131,6.49337,0.0233541,-0.019194,0.0884626,0.162033,0,0,0
2.72052,3,0,0,0,0,0,0,0,0,0,0
2.72052,4,0,0,0,0,0,0,0,0,0,0
2.72052,5,0,0,0,0,0,0,0,0,0,0
2.77356,0,-0.584525,-1.11634,3.56923,-0.0761789,-0.185324,0.0172596,0.311408,0,0,0
2.77356,1,0.374103,1.78867,5.16927,0.0567912,-0.0853123,0.0197747,0.416035,0,0,0
2.77356,2,1.19668,-1.2206,6.49246,0.0276075,-0.009215,0.083846,0.162033,0,0,0
2.77356,3,0,0,0,0,0,0,0,0,0,0
2.77356,4,0,0,0,0,0,0,0,0,0,0
2.77356,5,0,0,0,0,0,0,0,0,0,0
2.83196,0,-0.582435,-1.10864,3.56992,-0.0703124,-0.158196,0.00679598,0.308473,0,0,0
2.83196,1,0.377033,1.78459,5.16919,0.058453,-0.0861004,-0.00833155,0.416035,0,0,0
2.83196,2,1.19765,-1.21687,6.49485,0.0308528,0.00499086,0.0771054,0.167554,0,0,0
2.83196,3,0,0,0,0,0,0,0,0,0,0
2.83196,4,0,0,0,0,0,0,0,0,0,0
2.83196,5,0,0,0,0,0,0,0,0,0,0
2.89243,0,-0.591333,-1.1213,3.5705,-0.0727132,-0.1429,0.00424156,0.308473,0,0,0
2.89243,1,0.380396,1.77913,5.16786,0.0600819,-0.0887077,-0.0209611,0.406428,0,0,0
2.89243,2,1.19986,-1.21338,6.4976,0.0321696,0.0222598,0.0614393,0.167554,0,0,0
2.89243,3,0,0,0,0,0,0,0,0,0,0
2.89243,4,0,0,0,0,0,0,0,0,0,0
2.89243,5,0,0,0,0,0,0,0,0,0,0
2.94258,0,-0.595103,-1.12194,3.57064,-0.0724805,-0.120567,0.00400796,0.305844,0,0,0
2.94258,1,0.379173,1.77709,5.16497,0.0463193,-0.0806518,-0.0569033,0.406428,0,0,0
2.94258,2,1.20533,-1.20629,6.5034,0.0378358,0.0465059,0.0372248,0.168657,0,0,0
2.94258,3,0,0,0,0,0,0,0,0,0,0
2.94258,4,0,0,0,0,0,0,0,0,0,0
2.94258,5,0,0,0,0,0,0,0,0,0,0
3.00548,0,-0.596324,-1.11656,3.57112,-0.0775873,-0.100983,0.00471485,0.305844,0,0,0
3.00548,1,0.378733,1.77372,5.16185,0.0377057,-0.0785896,-0.0710029,0.404093,0,0,0
3.00548,2,1.2068,-1.20128,6.5052,0.0360142,0.060107,0.0192934,0.168657,0,0,0
3.00548,3,0,0,0,0,0,0,0,0,0,0
3.00548,4,0,0,0,0,0,0,0,0,0,0
3.00548,5,0,0,0,0,0,0,0,0,0,0
3.06578,0,-0.601277,-1.12018,3.57165,-0.0660686,-0.0728577,0.00733028,0.304314,0,0,0
3.06578,1,0.377684,1.77094,5.15812,0.0278862,-0.0741947,-0.0812323,0.404093,0,0,0
3.06578,2,1.20924,-1.19796,6.50565,0.0376829,0.0661655,0.00605148,0.171639,0,0,0
3.06578,3,0,0,0,0,0,0,0,0,0,0
3.06578,4,0,0,0,0,0,0,0,0,0,0
3.06578,5,0,0,0,0,0,0,0,0,0,0
3.11858,0,-0.607777,-1.11632,3.5723,-0.0754903,-0.0449458,0.007402,0.304314,0,0,0
3.11858,1,0.37877,1.7665,5.15394,0.02769,-0.0766377,-0.0867159,0.397333,0,0,0
3.11858,2,1.21109,-1.19548,6.50557,0.0368249,0.0682582,-0.00290119,0.171639,0,0,0
3.11858,3,0,0,0,0,0,0,0,0,0,0
3.11858,4,0,0,0,0,0,0,0,0,0,0
3.11858,5,0,0,0,0,0,0,0,0,0,0
3.17964,0,-0.61165,-1.11444,3.57277,-0.0752958,-0.0271879,0.011576,0.302713,0,0,0
3.17964,1,0.374381,1.76518,5.14945,0.00887736,-0.0676321,-0.0895706,0.397333,0,0,0
3.17964,2,1.21066,-1.1963,6.50512,0.029748,0.0602296,-0.00974694,0.171544,0,0,0
3.17964,3,0,0,0,0,0,0,0,0,0,0
3.17964,4,0,0,0,0,0,0,0,0,0,0
3.17964,5,0,0,0,0,0,0,0,0,0,0
3.23383,0,-0.613368,-1.1118,3.57385,-0.0685946,-0.00968869,0.0143503,0.302713,0,0,0
3.23383,1,0.371747,1.76228,5.14485,-0.0016315,-0.064979,-0.0900296,0.390942,0,0,0
3.23383,2,1.21081,-1.19881,6.50454,0.025626,0.0477037,-0.0130513,0.171544,0,0,0
3.23383,3,0,0,0,0,0,0,0,0,0,0
3.23383,4,0,0,0,0,0,0,0,0,0,0
3.23383,5,0,0,0,0,0,0,0,0,0,0
3.28448,0,-0.619345,-1.10712,3.57517,-0.0762328,0.0127736,0.0216974,0.300413,0,0,0
3.28448,1,0.369453,1.7601,5.14104,-0.00948903,-0.0604569,-0.0888854,0.390942,0,0,0
3.28448,2,1.21088,-1.2034,6.5039,0.0217023,0.030043,-0.0129414,0.172022,0,0,0
3.28448,3,0,0,0,0,0,0,0,0,0,0
3.28448,4,0,0,0,0,0,0,0,0,0,0
3.28448,5,0,0,0,0,0,0,0,0,0,0
3.33758,0,-0.622364,-1.10342,3.57695,-0.0725447,0.0310988,0.0385847,0.300413,0,0,0
3.33758,1,0.366512,1.75766,5.13605,-0.0184189,-0.0578661,-0.0862911,0.385474,0,0,0
3.33758,2,1.21101,-1.21189,6.5037,0.0192453,0.000911819,-0.00663257,0.172022,0,0,0
3.33758,3,0,0,0,0,0,0,0,0,0,0
3.33758,4,0,0,0,0,0,0,0,0,0,0
3.33758,5,0,0,0,0,0,0,0,0,0,0
3.39537,0,-0.627298,-1.10048,3.58007,-0.0768161,0.042815,0.0516388,0.295953,0,0,0
3.39537,1,0.363737,1.75548,5.13192,-0.0253913,-0.0539533,-0.0839508,0.385474,0,0,0
3.39537,2,1.20901,-1.21475,6.50334,0.00947094,-0.00527851,-0.00822992,0.177516,0,0,0
3.39537,3,0,0,0,0,0,0,0,0,0,0
3.39537,4,0,0,0,0,0,0,0,0,0,0
3.39537,5,0,0,0,0,0,0,0,0,0,0
3.45061,0,-0.631904,-1.09861,3.58416,-0.0774791,0.0495975,0.0576112,0.295953,0,0,0
3.45061,1,0.361552,1.75385,5.12764,-0.0295437,-0.0500453,-0.0803493,0.380709,0,0,0
3.45061,2,1.20907,-1.22405,6.50343,0.00836937,-0.0324445,-0.00517367,0.177516,0,0,0
3.45061,3,0,0,0,0,0,0,0,0,0,0
3.45061,4,0,0,0,0,0,0,0,0,0,0
3.45061,5,0,0,0,0,0,0,0,0,0,0
3.50843,0,-0.633984,-1.09892,3.58706,-0.0693168,0.0479738,0.0648369,0.289258,0,0,0
3.50843,1,0.359511,1.75076,5.12398,-0.0321802,-0.0513174,-0.0772949,0.380709,0,0,0
3.50843,2,1.2085,-1.23006,6.50358,0.0052286,-0.0461677,-0.00294746,0.182686,0,0,0
3.50843,3,0,0,0,0,0,0,0,0,0,0
3.50843,4,0,0,0,0,0,0,0,0,0,0
3.50843,5,0,0,0,0,0,0,0,0,0,0
3.56133,0,-0.633933,-1.10478,3.59127,-0.0556589,0.0268898,0.0705086,0.289258,0,0,0
3.56133,1,0.356011,1.75012,5.12002,-0.039499,-0.0441637,-0.0741143,0.376085,0,0,0
3.56133,2,1.20873,-1.23235,6.5036,0.00414776,-0.0454417,-0.00141778,0.182686,0,0,0
3.56133,3,0,0,0,0,0,0,0,0,0,0
3.56133,4,0,0,0,0,0,0,0,0,0,0
3.56133,5,0,0,0,0,0,0,0,0,0,0
3.61201,0,-0.638376,-1.1048,3.59613,-0.0583278,0.0282827,0.0721226,0.27992,0,0,0
3.61201,1,0.353567,1.74842,5.11319,-0.0419479,-0.0410716,-0.0730999,0.376085,0,0,0
3.61201,2,1.20704,-1.23811,6.50388,-0.00158446,-0.0562515,0.000143478,0.187278,0,0,0
3.61201,3,0,0,0,0,0,0,0,0,0,0
3.61201,4,0,0,0,0,0,0,0,0,0,0
3.61201,5,0,0,0,0,0,0,0,0,0,0
3.66757,0,-0.638394,-1.10912,3.59898,-0.0473386,0.0147438,0.0713559,0.27992,0,0,0
3.66757,1,0.352047,1.74748,5.11099,-0.0412429,-0.0365958,-0.0669293,0.374226,0,0,0
3.66757,2,1.20609,-1.24123,6.50409,-0.00562028,-0.0568367,0.00161894,0.187278,0,0,0
3.66757,3,0,0,0,0,0,0,0,0,0,0
3.66757,4,0,0,0,0,0,0,0,0,0,0
3.66757,5,0,0,0,0,0,0,0,0,0,0
3.72721,0,-0.637895,-1.11988,3.60214,-0.0328366,-0.0192524,0.0659789,0.273216,0,0,0
3.72721,1,0.349511,1.74524,5.10684,-0.0440191,-0.0372895,-0.0618248,0.374226,0,0,0
3.72721,2,1.20567,-1.24593,6.5043,-0.00678401,-0.0629648,0.00194136,0.191703,0,0,0
3.72721,3,0,0,0,0,0,0,0,0,0,0
3.72721,4,0,0,0,0,0,0,0,0,0,0
3.72721,5,0,0,0,0,0,0,0,0,0,0
3.77738,0,-0.639893,-1.12728,3.60588,-0.0298267,-0.0383795,0.062578,0.273216,0,0,0
3.77738,1,0.346576,1.74352,5.1031,-0.0466928,-0.0353797,-0.059951,0.371556,0,0,0
3.77738,2,1.20584,-1.25592,6.50461,-0.00626872,-0.0872488,0.00168762,0.191703,0,0,0
3.77738,3,0,0,0,0,0,0,0,0,0,0
3.77738,4,0,0,0,0,0,0,0,0,0,0
3.77738,5,0,0,0,0,0,0,0,0,0,0
3.82753,0,-0.640704,-1.13518,3.60907,-0.0236229,-0.0572848,0.0588487,0.266585,0,0,0
3.82753,1,0.344508,1.7422,5.10395,-0.046469,-0.0328795,-0.0461545,0.371556,0,0,0
3.82753,2,1.20553,-1.26374,6.5049,-0.00633574,-0.0998999,0.000971879,0.201181,0,0,0
3.82753,3,0,0,0,0,0,0,0,0,0,0
3.82753,4,0,0,0,0,0,0,0,0,0,0
3.82753,5,0,0,0,0,0,0,0,0,0,0
3.88356,0,-0.644415,-1.1427,3.61268,-0.0278722,-0.0689176,0.0576165,0.266585,0,0,0
3.88356,1,0.343452,1.74143,5.1026,-0.0436144,-0.0294195,-0.0315946,0.369066,0,0,0
3.88356,2,1.20502,-1.26952,6.50508,-0.00813167,-0.103224,0.000961843,0.201181,0,0,0
3.88356,3,0,0,0,0,0,0,0,0,0,0
3.88356,4,0,0,0,0,0,0,0,0,0,0
3.88356,5,0,0,0,0,0,0,0,0,0,0
3.94459,0,-0.644587,-1.15128,3.61465,-0.0212075,-0.0848019,0.0530859,0.262401,0,0,0
3.94459,1,0.343764,1.74031,5.10118,-0.0370386,-0.0281386,-0.00647398,0.369066,0,0,0
3.94459,2,1.20462,-1.27401,6.50517,-0.00909806,-0.101001,-0.000847242,0.210263,0,0,0
3.94459,3,0,0,0,0,0,0,0,0,0,0
3.94459,4,0,0,0,0,0,0,0,0,0,0
3.94459,5,0,0,0,0,0,0,0,0,0,0
3.99484,0,-0.645691,-1.15955,3.61721,-0.018206,-0.0984314,0.0505535,0.262401,0,0,0
3.99484,1,0.341914,1.73898,5.10318,-0.0387142,-0.0268447,0.0260953,0.367412,0,0,0
3.99484,2,1.20407,-1.27916,6.5052,-0.0104582,-0.102392,-0.000553652,0.210263,0,0,0
3.99484,3,0,0,0,0,0,0,0,0,0,0
3.99484,4,0,0,0,0,0,0,0,0,0,0
3.99484,5,0,0,0,0,0,0,0,0,0,0
4.05559,0,-0.647247,-1.16459,3.61965,-0.0179178,-0.0977586,0.0494254,0.260921,0,0,0
4.05559,1,0.344322,1.73769,5.10642,-0.0258038,-0.0259234,0.0530817,0.367412,0,0,0
4.05559,2,1.20441,-1.28158,6.50522,-0.00897951,-0.0945365,-0.00056828,0.216724,0,0,0
4.05559,3,0,0,0,0,0,0,0,0,0,0
4.05559,4,0,0,0,0,0,0,0,0,0,0
4.05559,5,0,0,0,0,0,0,0,0,0,0
4.11091,0,-0.64865,-1.17162,3.62214,-0.0163722,-0.102994,0.0478183,0.260921,0,0,0
4.11091,1,0.346141,1.73524,5.10702,-0.0155558,-0.0299135,0.0678859,0.364455,0,0,0
4.11091,2,1.20479,-1.2845,6.50522,-0.00736692,-0.0890468,-0.00129559,0.220823,0,0,0
4.11091,3,0,0,0,0,0,0,0,0,0,0
4.11091,4,0,0,0,0,0,0,0,0,0,0
4.11091,5,0,0,0,0,0,0,0,0,0,0
4.17119,0,-0.650347,-1.18073,3.62525,-0.0161096,-0.116406,0.0462028,0.258205,0,0,0
4.17119,1,0.347944,1.73398,5.11047,-0.00678199,-0.0285142,0.0781745,0.364455,0,0,0
4.17119,2,1.20455,-1.28778,6.50512,-0.00798544,-0.0839678,-0.00314184,0.220823,0,0,0
4.17119,3,0,0,0,0,0,0,0,0,0,0
4.17119,4,0,0,0,0,0,0,0,0,0,0
4.17119,5,0,0,0,0,0,0,0,0,0,0
4.22824,0,-0.65192,-1.18762,3.62789,-0.0162601,-0.119411,0.0459011,0.258205,0,0,0
4.22824,1,0.349035,1.73391,5.11899,-0.0021255,-0.0238515,0.0910783,0.360293,0,0,0
4.22824,2,1.20499,-1.29015,6.505,-0.00626589,-0.077324,-0.00360891,0.224879,0,0,0
4.22824,3,0,0,0,0,0,0,0,0,0,0
4.22824,4,0,0,0,0,0,0,0,0,0,0
4.22824,5,0,0,0,0,0,0,0,0,0,0
4.27839,0,-0.653301,-1.19381,3.62973,-0.0161242,-0.120696,0.0452152,0.256343,0,0,0
4.27839,1,0.353554,1.73131,5.12312,0.013286,-0.0279655,0.0927439,0.356959,0,0,0
4.27839,2,1.20507,-1.29314,6.50489,-0.00578106,-0.074384,-0.00379032,0.224879,0,0,0
4.27839,3,0,0,0,0,0,0,0,0,0,0
4.27839,4,0,0,0,0,0,0,0,0,0,0
4.27839,5,0,0,0,0,0,0,0,0,0,0
4.33363,0,-0.65484,-1.19585,3.63082,-0.0171839,-0.107876,0.0448497,0.256343,0,0,0
4.33363,1,0.356867,1.73027,5.12698,0.0226804,-0.0262238,0.0898112,0.356959,0,0,0
4.33363,2,1.2051,-1.29652,6.50495,-0.0055495,-0.0733825,-0.00152433,0.22961,0,0,0
4.33363,3,0,0,0,0,0,0,0,0,0,0
4.33363,4,0,0,0,0,0,0,0,0,0,0
4.33363,5,0,0,0,0,0,0,0,0,0,0
4.39477,0,-0.656865,-1.20404,3.63377,-0.018762,-0.117413,0.0447746,0.255996,0,0,0
4.39477,1,0.358955,1.73091,5.13111,0.0305185,-0.0242417,0.0848806,0.356959,0,0,0
4.39477,2,1.2049,-1.29772,6.50513,-0.00633095,-0.0657525,0.00621109,0.22961,0,0,0
4.39477,3,0,0,0,0,0,0,0,0,0,0
4.39477,4,0,0,0,0,0,0,0,0,0,0
4.39477,5,0,0,0,0,0,0,0,0,0,0
4.45518,0,-0.658229,-1.21198,3.63639,-0.018019,-0.124865,0.0450599,0.256132,0,0,0
4.45518,1,0.364414,1.72803,5.13509,0.0461644,-0.0297723,0.0792247,0.356321,0,0,0
4.45518,2,1.20548,-1.29907,6.50618,-0.00456519,-0.0593795,0.0191303,0.232355,0,0,0
4.45518,3,0,0,0,0,0,0,0,0,0,0
4.45518,4,0,0,0,0,0,0,0,0,0,0
4.45518,5,0,0,0,0,0,0,0,0,0,0
4.50662,0,-0.660332,-1.21798,3.63896,-0.0203552,-0.12445,0.0412726,0.256132,0,0,0
4.50662,1,0.368164,1.72669,5.13465,0.0525846,-0.0270311,0.0693574,0.356321,0,0,0
4.50662,2,1.20579,-1.29998,6.50723,-0.00401284,-0.0524279,0.0302702,0.232355,0,0,0
4.50662,3,0,0,0,0,0,0,0,0,0,0
4.50662,4,0,0,0,0,0,0,0,0,0,0
4.50662,5,0,0,0,0,0,0,0,0,0,0
4.55935,0,-0.661818,-1.22241,3.64071,-0.0205719,-0.118761,0.0299888,0.256132,0,0,0
4.55935,1,0.370888,1.72617,5.13826,0.0546108,-0.0233601,0.0636961,0.351889,0,0,0
4.55935,2,1.20661,-1.30195,6.50863,-0.00163978,-0.0503008,0.0393727,0.236277,0,0,0
4.55935,3,0,0,0,0,0,0,0,0,0,0
4.55935,4,0,0,0,0,0,0,0,0,0,0
4.55935,5,0,0,0,0,0,0,0,0,0,0
4.6204,0,-0.663276,-1.22758,3.64219,-0.0206019,-0.116258,0.0156194,0.256387,0,0,0
4.6204,1,0.375545,1.72368,5.14418,0.0639246,-0.0278876,0.0600078,0.351889,0,0,0
4.6204,2,1.20645,-1.30037,6.50998,-0.00305196,-0.0364599,0.0471817,0.236277,0,0,0
4.6204,3,0,0,0,0,0,0,0,0,0,0
4.6204,4,0,0,0,0,0,0,0,0,0,0
4.6204,5,0,0,0,0,0,0,0,0,0,0
4.67846,0,-0.665079,-1.23076,3.64252,-0.0224055,-0.106965,0.00909568,0.256387,0,0,0
4.67846,1,0.37846,1.72266,5.146,0.0653299,-0.0262145,0.0457345,0.34921,0,0,0
4.67846,2,1.20949,-1.29744,6.51325,0.0059607,-0.0203939,0.0593051,0.236617,0,0,0
4.67846,3,0,0,0,0,0,0,0,0,0,0
4.67846,4,0,0,0,0,0,0,0,0,0,0
4.67846,5,0,0,0,0,0,0,0,0,0,0
4.73211,0,-0.666554,-1.23356,3.64269,-0.0225607,-0.0954522,-0.00626541,0.258526,0,0,0
4.73211,1,0.381406,1.72095,5.14577,0.0662839,-0.0272235,0.0243706,0.34921,0,0,0
4.73211,2,1.2107,-1.29548,6.51697,0.00833732,-0.00858988,0.0647051,0.236617,0,0,0
4.73211,3,0,0,0,0,0,0,0,0,0,0
4.73211,4,0,0,0,0,0,0,0,0,0,0
4.73211,5,0,0,0,0,0,0,0,0,0,0
4.78529,0,-0.669005,-1.23574,3.64227,-0.0259804,-0.0834765,-0.0130787,0.261464,0,0,0
4.78529,1,0.384398,1.71903,5.14689,0.0668291,-0.0288503,0.00176995,0.346637,0,0,0
4.78529,2,1.21306,-1.29166,6.52041,0.0136228,0.00794337,0.066573,0.238061,0,0,0
4.78529,3,0,0,0,0,0,0,0,0,0,0
4.78529,4,0,0,0,0,0,0,0,0,0,0
4.78529,5,0,0,0,0,0,0,0,0,0,0
4.83802,0,-0.672411,-1.23614,3.64111,-0.0330852,-0.0683032,-0.0204314,0.261464,0,0,0
4.83802,1,0.385444,1.71799,5.14559,0.0590127,-0.0263941,-0.0327941,0.34377,0,0,0
4.83802,2,1.21599,-1.28587,6.52704,0.0198223,0.0283962,0.0683558,0.238061,0,0,0
4.83802,3,0,0,0,0,0,0,0,0,0,0
4.83802,4,0,0,0,0,0,0,0,0,0,0
4.83802,5,0,0,0,0,0,0,0,0,0,0
4.89107,0,-0.676047,-1.23503,3.63985,-0.0390486,-0.0487227,-0.0226428,0.264587,0,0,0
4.89107,1,0.385954,1.71617,5.14267,0.0516149,-0.0273455,-0.0440986,0.34377,0,0,0
4.89107,2,1.21967,-1.28153,6.53048,0.0279876,0.0405809,0.0656511,0.26982,0,0,0
4.89107,3,0,0,0,0,0,0,0,0,0,0
4.89107,4,0,0,0,0,0,0,0,0,0,0
4.89107,5,0,0,0,0,0,0,0,0,0,0
4.95218,0,-0.677703,-1.23718,3.63906,-0.0376311,-0.0459439,-0.0250977,0.264587,0,0,0
4.95218,1,0.388983,1.71241,5.13979,0.0458793,-0.0289243,-0.0622788,0.33802,0,0,0
4.95218,2,1.22241,-1.27368,6.53403,0.032042,0.0633146,0.0607736,0.26982,0,0,0
4.95218,3,0,0,0,0,0,0,0,0,0,0
4.95218,4,0,0,0,0,0,0,0,0,0,0
4.95218,5,0,0,0,0,0,0,0,0,0,0
5.00308,0,-0.68051,-1.23069,3.638,-0.0417276,-0.0144605,-0.0213744,0.264587,0,0,0
5.00308,1,0.386229,1.71266,5.13625,0.0361535,-0.0276148,-0.0694692,0.33802,0,0,0
5.00308,2,1.22496,-1.26946,6.53678,0.0359595,0.0712419,0.0538317,0.263728,0,0,0
5.00308,3,0,0,0,0,0,0,0,0,0,0
5.00308,4,0,0,0,0,0,0,0,0,0,0
5.00308,5,0,0,0,0,0,0,0,0,0,0
5.05617,0,-0.681906,-1.22824,3.6371,-0.0393766,-0.000367199,-0.0195128,0.324289,0,0,0
5.05617,1,0.384337,1.71054,5.13298,0.0234364,-0.0290101,-0.0758414,0.33576,0,0,0
5.05617,2,1.22775,-1.26266,6.53591,0.0391817,0.0865129,0.0374005,0.263728,0,0,0
5.05617,3,0,0,0,0,0,0,0,0,0,0
5.05617,4,0,0,0,0,0,0,0,0,0,0
5.05617,5,0,0,0,0,0,0,0,0,0,0
5.10755,0,-0.688136,-1.22187,3.63604,-0.0551372,0.026352,-0.0161062,0.324289,0,0,0
5.10755,1,0.381962,1.70887,5.12797,0.01112,-0.0288206,-0.0774333,0.33576,0,0,0
5.10755,2,1.23027,-1.25769,6.53788,0.041609,0.092925,0.0186259,0.255114,0,0,0
5.10755,3,0,0,0,0,0,0,0,0,0,0
5.10755,4,0,0,0,0,0,0,0,0,0,0
5.10755,5,0,0,0,0,0,0,0,0,0,0
5.15836,0,-0.690258,-1.21812,3.63537,-0.0534812,0.0388781,-0.013959,0.318441,0,0,0
5.15836,1,0.379265,1.70757,5.12469,-0.000435812,-0.0268814,-0.076499,0.332598,0,0,0
5.15836,2,1.23274,-1.25358,6.53848,0.0435684,0.0954596,0.00349663,0.255114,0,0,0
5.15836,3,0,0,0,0,0,0,0,0,0,0
5.15836,4,0,0,0,0,0,0,0,0,0,0
5.15836,5,0,0,0,0,0,0,0,0,0,0
5.20983,0,-0.694231,-1.21238,3.63477,-0.0567185,0.0563552,-0.010198,0.316582,0,0,0
5.20983,1,0.376539,1.70573,5.11991,-0.0102393,-0.0277637,-0.0782205,0.332598,0,0,0
5.20983,2,1.23323,-1.25167,6.53877,0.0389865,0.0894559,-0.00922703,0.250929,0,0,0
5.20983,3,0,0,0,0,0,0,0,0,0,0
5.20983,4,0,0,0,0,0,0,0,0,0,0
5.20983,5,0,0,0,0,0,0,0,0,0,0
5.26531,0,-0.695857,-1.20914,3.63438,-0.0517023,0.0618426,-0.00672123,0.316582,0,0,0
5.26531,1,0.373363,1.70457,5.11763,-0.0204275,-0.0262353,-0.0706517,0.329658,0,0,0
5.26531,2,1.23415,-1.24951,6.53829,0.03546,0.0830801,-0.0200327,0.250929,0,0,0
5.26531,3,0,0,0,0,0,0,0,0,0,0
5.26531,4,0,0,0,0,0,0,0,0,0,0
5.26531,5,0,0,0,0,0,0,0,0,0,0
5.32324,0,-0.69956,-1.20434,3.63417,-0.0544937,0.0717516,-0.00284489,0.311561,0,0,0
5.32324,1,0.369797,1.7032,5.1135,-0.0304515,-0.0256318,-0.0674929,0.329658,0,0,0
5.32324,2,1.235,-1.24616,6.5372,0.033301,0.0839274,-0.0264363,0.246152,0,0,0
5.32324,3,0,0,0,0,0,0,0,0,0,0
5.32324,4,0,0,0,0,0,0,0,0,0,0
5.32324,5,0,0,0,0,0,0,0,0,0,0
5.38388,0,-0.702761,-1.2005,3.63441,-0.0561687,0.0778887,0.00942136,0.311561,0,0,0
5.38388,1,0.367417,1.70231,5.1097,-0.0349483,-0.0237496,-0.0686621,0.327756,0,0,0
5.38388,2,1.23458,-1.24684,6.53617,0.0280125,0.0720708,-0.0294136,0.246152,0,0,0
5.38388,3,0,0,0,0,0,0,0,0,0,0
5.38388,4,0,0,0,0,0,0,0,0,0,0
5.38388,5,0,0,0,0,0,0,0,0,0,0
5.43666,0,-0.706426,-1.19716,3.63514,-0.0585516,0.080891,0.018807,0.305366,0,0,0
5.43666,1,0.36506,1.70107,5.10641,-0.0385974,-0.0234714,-0.0657358,0.327756,0,0,0
5.43666,2,1.2343,-1.25358,6.53485,0.0234341,0.0397001,-0.0283387,0.248758,0,0,0
5.43666,3,0,0,0,0,0,0,0,0,0,0
5.43666,4,0,0,0,0,0,0,0,0,0,0
5.43666,5,0,0,0,0,0,0,0,0,0,0
5.49191,0,-0.711875,-1.19318,3.63667,-0.0668216,0.0863213,0.0312346,0.305366,0,0,0
5.49191,1,0.359917,1.69937,5.10522,-0.0454397,-0.0204387,-0.059461,0.32532,0,0,0
5.49191,2,1.23307,-1.25386,6.5329,0.0165831,0.0348993,-0.0266204,0.248758,0,0,0
5.49191,3,0,0,0,0,0,0,0,0,0,0
5.49191,4,0,0,0,0,0,0,0,0,0,0
5.49191,5,0,0,0,0,0,0,0,0,0,0
5.54728,0,-0.716401,-1.19269,3.63865,-0.0700185,0.0780339,0.0399687,0.296751,0,0,0
5.54728,1,0.359406,1.69938,5.10145,-0.0472581,-0.0202435,-0.0573237,0.32532,0,0,0
5.54728,2,1.23607,-1.25858,6.53154,0.0235453,0.0157712,-0.0233269,0.248293,0,0,0
5.54728,3,0,0,0,0,0,0,0,0,0,0
5.54728,4,0,0,0,0,0,0,0,0,0,0
5.54728,5,0,0,0,0,0,0,0,0,0,0
5.5976,0,-0.721591,-1.19219,3.64103,-0.0753307,0.0707138,0.0453819,0.296751,0,0,0
5.5976,1,0.353454,1.69748,5.09824,-0.0534755,-0.0184104,-0.0562181,0.324302,0,0,0
5.5976,2,1.23568,-1.26161,6.53127,0.0190997,0.00516335,-0.019289,0.248293,0,0,0
5.5976,3,0,0,0,0,0,0,0,0,0,0
5.5976,4,0,0,0,0,0,0,0,0,0,0
5.5976,5,0,0,0,0,0,0,0,0,0,0
5.65293,0,-0.72899,-1.19287,3.64388,-0.0871235,0.060722,0.050409,0.287734,0,0,0
5.65293,1,0.351764,1.697,5.09606,-0.052024,-0.0166257,-0.0547852,0.324302,0,0,0
5.65293,2,1.23424,-1.26597,6.53003,0.0122191,-0.00805003,-0.0169513,0.252428,0,0,0
5.65293,3,0,0,0,0,0,0,0,0,0,0
5.65293,4,0,0,0,0,0,0,0,0,0,0
5.65293,5,0,0,0,0,0,0,0,0,0,0
5.70325,0,-0.733728,-1.19446,3.64641,-0.0885704,0.0481551,0.0517216,0.287734,0,0,0
5.70325,1,0.351806,1.69704,5.09316,-0.0518785,-0.0164895,-0.0532207,0.324134,0,0,0
5.70325,2,1.23576,-1.27243,6.52971,0.0183073,-0.0312987,-0.0120874,0.252428,0,0,0
5.70325,3,0,0,0,0,0,0,0,0,0,0
5.70325,4,0,0,0,0,0,0,0,0,0,0
5.70325,5,0,0,0,0,0,0,0,0,0,0
5.7563,0,-0.741342,-1.19881,3.6492,-0.0992989,0.0281398,0.050982,0.277549,0,0,0
5.7563,1,0.349646,1.69625,5.09008,-0.0506119,-0.0152859,-0.0515664,0.324134,0,0,0
5.7563,2,1.24471,-1.28402,6.52835,0.0481027,-0.0688431,-0.00942521,0.255067,0,0,0
5.7563,3,0,0,0,0,0,0,0,0,0,0
5.7563,4,0,0,0,0,0,0,0,0,0,0
5.7563,5,0,0,0,0,0,0,0,0,0,0
5.81209,0,-0.741342,-1.19881,3.6492,-0.0992989,0.0281398,0.050982,0.277549,0,0,0
5.81209,1,0.34483,1.69515,5.08758,-0.0528791,-0.0129535,-0.0499309,0.324137,0,0,0
5.81209,2,1.24908,-1.29014,6.52829,0.0564447,-0.0807668,-0.00646719,0.255067,0,0,0
5.81209,3,0,0,0,0,0,0,0,0,0,0
5.81209,4,0,0,0,0,0,0,0,0,0,0
5.81209,5,0,0,0,0,0,0,0,0,0,0
5.86858,0,-0.753821,-1.20704,3.65452,-0.104748,-0.00411859,0.0471978,0.26984,0,0,0
5.86858,1,0.343311,1.6946,5.08487,-0.0505913,-0.0120531,-0.0482644,0.324137,0,0,0
5.86858,2,1.25323,-1.29467,6.52789,0.0624478,-0.0851169,-0.00434527,0.25812,0,0,0
5.86858,3,0,0,0,0,0,0,0,0,0,0
5.86858,4,0,0,0,0,0,0,0,0,0,0
5.86858,5,0,0,0,0,0,0,0,0,0,0
5.92392,0,-0.753821,-1.20704,3.65452,-0.104748,-0.00411859,0.0471978,0.26984,0,0,0
5.92392,1,0.344205,1.69463,5.08247,-0.0473308,-0.0120514,-0.0457529,0.323664,0,0,0
5.92392,2,1.26553,-1.30837,6.52774,0.0829184,-0.10249,-0.00418882,0.25812,0,0,0
5.92392,3,0,0,0,0,0,0,0,0,0,0
5.92392,4,0,0,0,0,0,0,0,0,0,0
5.92392,5,0,0,0,0,0,0,0,0,0,0
5.98676,0,-0.762914,-1.21395,3.65684,-0.116813,-0.0254047,0.0443678,0.260897,0,0,0
5.98676,1,0.342296,1.69413,5.08044,-0.0465397,-0.0110493,-0.0410784,0.323664,0,0,0
5.98676,2,1.27162,-1.31163,6.52769,0.0909104,-0.0995769,-0.00431539,0.262554,0,0,0
5.98676,3,0,0,0,0,0,0,0,0,0,0
5.98676,4,0,0,0,0,0,0,0,0,0,0
5.98676,5,0,0,0,0,0,0,0,0,0,0
6.04755,0,-0.773223,-1.2192,3.65923,-0.130813,-0.0372823,0.0412347,0.260897,0,0,0
6.04755,1,0.338666,1.69309,5.07881,-0.0448376,-0.00968349,-0.0279992,0.323883,0,0,0
6.04755,2,1.27896,-1.31479,6.52761,0.101924,-0.0964848,-0.00526949,0.262554,0,0,0
6.04755,3,0,0,0,0,0,0,0,0,0,0
6.04755,4,0,0,0,0,0,0,0,0,0,0
6.04755,5,0,0,0,0,0,0,0,0,0,0
6.10036,0,-0.77987,-1.22857,3.66079,-0.132283,-0.0624262,0.038877,0.256249,0,0,0
6.10036,1,0.337889,1.69261,5.07796,-0.0416704,-0.00913694,-0.00411828,0.323883,0,0,0
6.10036,2,1.286,-1.31934,6.52741,0.108389,-0.0962218,-0.006171,0.261794,0,0,0
6.10036,3,0,0,0,0,0,0,0,0,0,0
6.10036,4,0,0,0,0,0,0,0,0,0,0
6.10036,5,0,0,0,0,0,0,0,0,0,0
6.15411,0,-0.787582,-1.23277,3.66359,-0.137976,-0.0670111,0.0366508,0.256249,0,0,0
6.15411,1,0.337384,1.69197,5.07851,-0.0382566,-0.00922141,0.0205898,0.323215,0,0,0
6.15411,2,1.29184,-1.32267,6.5272,0.11219,-0.0939146,-0.00743165,0.261794,0,0,0
6.15411,3,0,0,0,0,0,0,0,0,0,0
6.15411,4,0,0,0,0,0,0,0,0,0,0
6.15411,5,0,0,0,0,0,0,0,0,0,0
6.20685,0,-0.79224,-1.23979,3.66545,-0.131277,-0.0801729,0.0347593,0.252859,0,0,0
6.20685,1,0.337756,1.69108,5.08002,-0.0324829,-0.0100976,0.0386283,0.323215,0,0,0
6.20685,2,1.29398,-1.32273,6.52692,0.103376,-0.0810785,-0.0084876,0.262972,0,0,0
6.20685,3,0,0,0,0,0,0,0,0,0,0
6.20685,4,0,0,0,0,0,0,0,0,0,0
6.20685,5,0,0,0,0,0,0,0,0,0,0
6.25958,0,-0.79665,-1.24402,3.66692,-0.123535,-0.0818008,0.034159,0.252859,0,0,0
6.25958,1,0.338712,1.68988,5.08221,-0.025562,-0.0119054,0.0600357,0.321433,0,0,0
6.25958,2,1.29701,-1.32227,6.52671,0.0984743,-0.0683339,-0.0101525,0.262972,0,0,0
6.25958,3,0,0,0,0,0,0,0,0,0,0
6.25958,4,0,0,0,0,0,0,0,0,0,0
6.25958,5,0,0,0,0,0,0,0,0,0,0
6.31018,0,-0.803838,-1.25057,3.66883,-0.127579,-0.0913174,0.0340029,0.251669,0,0,0
6.31018,1,0.342621,1.68877,5.08665,-0.0088649,-0.014372,0.0757199,0.321433,0,0,0
6.31018,2,1.30482,-1.32507,6.52621,0.110158,-0.0682091,-0.011697,0.260423,0,0,0
6.31018,3,0,0,0,0,0,0,0,0,0,0
6.31018,4,0,0,0,0,0,0,0,0,0,0
6.31018,5,0,0,0,0,0,0,0,0,0,0
6.36669,0,-0.809431,-1.2559,3.67102,-0.124907,-0.0949975,0.0346089,0.251669,0,0,0
6.36669,1,0.345645,1.68804,5.09066,0.00344653,-0.0148421,0.0848575,0.317757,0,0,0
6.36669,2,1.31085,-1.32808,6.52584,0.114127,-0.0680588,-0.0123472,0.260423,0,0,0
6.36669,3,0,0,0,0,0,0,0,0,0,0
6.36669,4,0,0,0,0,0,0,0,0,0,0
6.36669,5,0,0,0,0,0,0,0,0,0,0
6.4206,0,-0.813623,-1.25983,3.67291,-0.119088,-0.0942048,0.0350313,0.250576,0,0,0
6.4206,1,0.345645,1.68804,5.09066,0.00344653,-0.0148421,0.0848575,0.317757,0,0,0
6.4206,2,1.31399,-1.32739,6.52518,0.107263,-0.0555334,-0.0141512,0.260976,0,0,0
6.4206,3,0,0,0,0,0,0,0,0,0,0
6.4206,4,0,0,0,0,0,0,0,0,0,0
6.4206,5,0,0,0,0,0,0,0,0,0,0
6.47613,0,-0.820023,-1.26574,3.6751,-0.118413,-0.0976061,0.0355135,0.250576,0,0,0
6.47613,1,0.348953,1.687,5.0953,0.0154719,-0.0162128,0.0886841,0.314489,0,0,0
6.47613,2,1.31834,-1.32856,6.52447,0.10601,-0.0509678,-0.0148769,0.260976,0,0,0
6.47613,3,0,0,0,0,0,0,0,0,0,0
6.47613,4,0,0,0,0,0,0,0,0,0,0
6.47613,5,0,0,0,0,0,0,0,0,0,0
6.53393,0,-0.829654,-1.27426,3.67914,-0.113162,-0.0969868,0.0360811,0.249982,0,0,0
6.53393,1,0.353104,1.68537,5.09716,0.0287025,-0.019634,0.0889408,0.314489,0,0,0
6.53393,2,1.32112,-1.3289,6.52368,0.0998029,-0.0441886,-0.0150544,0.258821,0,0,0
6.53393,3,0,0,0,0,0,0,0,0,0,0
6.53393,4,0,0,0,0,0,0,0,0,0,0
6.53393,5,0,0,0,0,0,0,0,0,0,0
6.58971,0,-0.829654,-1.27426,3.67914,-0.113162,-0.0969868,0.0360811,0.249982,0,0,0
6.58971,1,0.356861,1.68504,5.10391,0.0384132,-0.0177597,0.0877511,0.311283,0,0,0
6.58971,2,1.32319,-1.32872,6.523,0.0920335,-0.0365713,-0.015644,0.258821,0,0,0
6.58971,3,0,0,0,0,0,0,0,0,0,0
6.58971,4,0,0,0,0,0,0,0,0,0,0
6.58971,5,0,0,0,0,0,0,0,0,0,0
6.64749,0,-0.834771,-1.27901,3.68286,-0.0952254,-0.0846095,0.0356536,0.250787,0,0,0
6.64749,1,0.364408,1.68301,5.11314,0.0538048,-0.0185021,0.0789712,0.311283,0,0,0
6.64749,2,1.32378,-1.32788,6.52217,0.0793819,-0.0269101,-0.0153739,0.25708,0,0,0
6.64749,3,0,0,0,0,0,0,0,0,0,0
6.64749,4,0,0,0,0,0,0,0,0,0,0
6.64749,5,0,0,0,0,0,0,0,0,0,0
6.70788,0,-0.84114,-1.28482,3.68532,-0.0988676,-0.0893741,0.0358683,0.250787,0,0,0
6.70788,1,0.369018,1.68117,5.11756,0.0600035,-0.0210669,0.0683854,0.308424,0,0,0
6.70788,2,1.32528,-1.32835,6.52213,0.0713789,-0.0229076,-0.0142976,0.25708,0,0,0
6.70788,3,0,0,0,0,0,0,0,0,0,0
6.70788,4,0,0,0,0,0,0,0,0,0,0
6.70788,5,0,0,0,0,0,0,0,0,0,0
6.75803,0,-0.845286,-1.28821,3.68674,-0.0967784,-0.0873112,0.0354739,0.250339,0,0,0
6.75803,1,0.373579,1.67945,5.1208,0.0677471,-0.0235755,0.0522559,0.308424,0,0,0
6.75803,2,1.32791,-1.329,6.52102,0.0685015,-0.0204812,-0.0139899,0.255873,0,0,0
6.75803,3,0,0,0,0,0,0,0,0,0,0
6.75803,4,0,0,0,0,0,0,0,0,0,0
6.75803,5,0,0,0,0,0,0,0,0,0,0
6.80877,0,-0.848538,-1.29111,3.68849,-0.0908466,-0.0829233,0.0350974,0.250339,0,0,0
6.80877,1,0.377761,1.67787,5.12306,0.0724599,-0.025082,0.0290928,0.304486,0,0,0
6.80877,2,1.32924,-1.32905,6.52046,0.0613304,-0.0160659,-0.0137982,0.255873,0,0,0
6.80877,3,0,0,0,0,0,0,0,0,0,0
6.80877,4,0,0,0,0,0,0,0,0,0,0
6.80877,5,0,0,0,0,0,0,0,0,0,0
6.86929,0,-0.850408,-1.29231,3.69057,-0.0824626,-0.0744419,0.0352575,0.251154,0,0,0
6.86929,1,0.377761,1.67787,5.12306,0.0724599,-0.025082,0.0290928,0.304486,0,0,0
6.86929,2,1.3315,-1.33004,6.51963,0.0586195,-0.0155845,-0.0129721,0.254738,0,0,0
6.86929,3,0,0,0,0,0,0,0,0,0,0
6.86929,4,0,0,0,0,0,0,0,0,0,0
6.86929,5,0,0,0,0,0,0,0,0,0,0
6.93238,0,-0.850408,-1.29231,3.69057,-0.0824626,-0.0744419,0.0352575,0.251154,0,0,0
6.93238,1,0.382686,1.67542,5.1234,0.0667863,-0.0239312,-0.0166485,0.301409,0,0,0
6.93238,2,1.33343,-1.33045,6.51888,0.0550641,-0.0133961,-0.0123322,0.254738,0,0,0
6.93238,3,0,0,0,0,0,0,0,0,0,0
6.93238,4,0,0,0,0,0,0,0,0,0,0
6.93238,5,0,0,0,0,0,0,0,0,0,0
6.98315,0,-0.854989,-1.2958,3.69402,-0.0708849,-0.0633826,0.0358701,0.249981,0,0,0
6.98315,1,0.385535,1.67341,5.12216,0.0663583,-0.026142,-0.0337409,0.301409,0,0,0
6.98315,2,1.33497,-1.3308,6.51826,0.0506894,-0.0112836,-0.0125529,0.254239,0,0,0
6.98315,3,0,0,0,0,0,0,0,0,0,0
6.98315,4,0,0,0,0,0,0,0,0,0,0
6.98315,5,0,0,0,0,0,0,0,0,0,0
7.04087,0,-0.85721,-1.29734,3.69602,-0.0658684,-0.0580353,0.0360624,0.249981,0,0,0
7.04087,1,0.383774,1.67261,5.12011,0.0508435,-0.0235656,-0.0466653,0.298609,0,0,0
7.04087,2,1.33671,-1.33148,6.51777,0.0472559,-0.0105871,-0.0110628,0.254239,0,0,0
7.04087,3,0,0,0,0,0,0,0,0,0,0
7.04087,4,0,0,0,0,0,0,0,0,0,0
7.04087,5,0,0,0,0,0,0,0,0,0,0
7.10531,0,-0.860169,-1.29938,3.69794,-0.0639948,-0.0549858,0.0360429,0.249099,0,0,0
7.10531,1,0.38255,1.67108,5.1175,0.0385206,-0.0236023,-0.0558659,0.298609,0,0,0
7.10531,2,1.339,-1.33219,6.51716,0.0457863,-0.0101473,-0.0105264,0.253941,0,0,0
7.10531,3,0,0,0,0,0,0,0,0,0,0
7.10531,4,0,0,0,0,0,0,0,0,0,0
7.10531,5,0,0,0,0,0,0,0,0,0,0
7.16071,0,-0.861688,-1.3004,3.69924,-0.0564709,-0.0482338,0.0358203,0.249099,0,0,0
7.16071,1,0.384287,1.66927,5.11486,0.0384918,-0.0250274,-0.0598374,0.296266,0,0,0
7.16071,2,1.3415,-1.33259,6.51649,0.0456936,-0.00891733,-0.0105798,0.253941,0,0,0
7.16071,3,0,0,0,0,0,0,0,0,0,0
7.16071,4,0,0,0,0,0,0,0,0,0,0
7.16071,5,0,0,0,0,0,0,0,0,0,0
7.21128,0,-0.864429,-1.30188,3.70141,-0.0552075,-0.0451954,0.0353772,0.248662,0,0,0
7.21128,1,0.380549,1.6696,5.11283,0.0207241,-0.0189324,-0.0618884,0.296266,0,0,0
7.21128,2,1.34349,-1.33349,6.51615,0.0443649,-0.00957521,-0.00924797,0.253448,0,0,0
7.21128,3,0,0,0,0,0,0,0,0,0,0
7.21128,4,0,0,0,0,0,0,0,0,0,0
7.21128,5,0,0,0,0,0,0,0,0,0,0
7.26142,0,-0.867051,-1.30399,3.70357,-0.0533124,-0.0439859,0.0353398,0.248662,0,0,0
7.26142,1,0.380175,1.66719,5.10977,0.016898,-0.0231366,-0.0616848,0.294908,0,0,0
7.26142,2,1.34607,-1.33443,6.51559,0.0449895,-0.0098569,-0.00871368,0.253448,0,0,0
7.26142,3,0,0,0,0,0,0,0,0,0,0
7.26142,4,0,0,0,0,0,0,0,0,0,0
7.26142,5,0,0,0,0,0,0,0,0,0,0
7.3148,0,-0.868524,-1.30494,3.70557,-0.0486857,-0.0397524,0.0345915,0.247969,0,0,0
7.3148,1,0.37769,1.66677,5.10572,0.00665824,-0.0204619,-0.0596259,0.294908,0,0,0
7.3148,2,1.34804,-1.33476,6.5152,0.0436817,-0.00862595,-0.00830634,0.253896,0,0,0
7.3148,3,0,0,0,0,0,0,0,0,0,0
7.3148,4,0,0,0,0,0,0,0,0,0,0
7.3148,5,0,0,0,0,0,0,0,0,0,0
7.37145,0,-0.870194,-1.3048,3.70711,-0.0444734,-0.0318693,0.0330064,0.247969,0,0,0
7.37145,1,0.370851,1.66572,5.10206,-0.0175007,-0.0191315,-0.0556994,0.292418,0,0,0
7.37145,2,1.34914,-1.33513,6.51496,0.0399293,-0.00779741,-0.00767718,0.253896,0,0,0
7.37145,3,0,0,0,0,0,0,0,0,0,0
7.37145,4,0,0,0,0,0,0,0,0,0,0
7.37145,5,0,0,0,0,0,0,0,0,0,0
7.42159,0,-0.87169,-1.30543,3.70823,-0.0407639,-0.0277014,0.0323164,0.246044,0,0,0
7.42159,1,0.369134,1.66394,5.09914,-0.0211014,-0.0214784,-0.0530979,0.292418,0,0,0
7.42159,2,1.35211,-1.3362,6.51457,0.0421746,-0.00946851,-0.00729892,0.253794,0,0,0
7.42159,3,0,0,0,0,0,0,0,0,0,0
7.42159,4,0,0,0,0,0,0,0,0,0,0
7.42159,5,0,0,0,0,0,0,0,0,0,0
7.49213,0,-0.874484,-1.30642,3.71015,-0.0416102,-0.0248282,0.0312263,0.246044,0,0,0
7.49213,1,0.364935,1.66287,5.09693,-0.0320307,-0.0211673,-0.04903,0.290159,0,0,0
7.49213,2,1.35438,-1.33685,6.51412,0.0419291,-0.00941836,-0.00702069,0.253794,0,0,0
7.49213,3,0,0,0,0,0,0,0,0,0,0
7.49213,4,0,0,0,0,0,0,0,0,0,0
7.49213,5,0,0,0,0,0,0,0,0,0,0
7.54237,0,-0.876632,-1.30773,3.712,-0.0405692,-0.0240707,0.0307553,0.245131,0,0,0
7.54237,1,0.360733,1.66279,5.09426,-0.0419801,-0.0174527,-0.045318,0.290159,0,0,0
7.54237,2,1.35656,-1.3376,6.51376,0.0414622,-0.00971925,-0.00681197,0.254288,0,0,0
7.54237,3,0,0,0,0,0,0,0,0,0,0
7.54237,4,0,0,0,0,0,0,0,0,0,0
7.54237,5,0,0,0,0,0,0,0,0,0,0
7.59992,0,-0.878727,-1.30855,3.71375,-0.0388405,-0.0214326,0.0296669,0.245131,0,0,0
7.59992,1,0.35843,1.66204,5.09231,-0.0442794,-0.016619,-0.0428963,0.289774,0,0,0
7.59992,2,1.35951,-1.33873,6.51337,0.0434398,-0.0113616,-0.00662446,0.254288,0,0,0
7.59992,3,0,0,0,0,0,0,0,0,0,0
7.59992,4,0,0,0,0,0,0,0,0,0,0
7.59992,5,0,0,0,0,0,0,0,0,0,0
7.65178,0,-0.878579,-1.30799,3.71367,-0.0383689,-0.0194515,0.0288103,0.244346,0,0,0
7.65178,1,0.35554,1.66076,5.09019,-0.0475357,-0.0174628,-0.0407795,0.289774,0,0,0
7.65178,2,1.36121,-1.33933,6.51311,0.0410335,-0.01079,-0.00645996,0.255079,0,0,0
7.65178,3,0,0,0,0,0,0,0,0,0,0
7.65178,4,0,0,0,0,0,0,0,0,0,0
7.65178,5,0,0,0,0,0,0,0,0,0,0
7.70224,0,-0.88185,-1.30945,3.71629,-0.0339949,-0.0157993,0.027457,0.244346,0,0,0
7.70224,1,0.35323,1.66061,5.0881,-0.048701,-0.014742,-0.0389323,0.288527,0,0,0
7.70224,2,1.36351,-1.33985,6.51279,0.0407767,-0.0100069,-0.00635651,0.255079,0,0,0
7.70224,3,0,0,0,0,0,0,0,0,0,0
7.70224,4,0,0,0,0,0,0,0,0,0,0
7.70224,5,0,0,0,0,0,0,0,0,0,0
7.76038,0,-0.883527,-1.30973,3.7177,-0.0326438,-0.0130582,0.0269295,0.24343,0,0,0
7.76038,1,0.350732,1.65988,5.08619,-0.050666,-0.0143995,-0.0376275,0.288527,0,0,0
7.76038,2,1.36563,-1.3409,6.51247,0.0407098,-0.01125,-0.00638434,0.255495,0,0,0
7.76038,3,0,0,0,0,0,0,0,0,0,0
7.76038,4,0,0,0,0,0,0,0,0,0,0
7.76038,5,0,0,0,0,0,0,0,0,0,0
7.81217,0,-0.882996,-1.30975,3.71764,-0.0307533,-0.0132049,0.0265888,0.24343,0,0,0
7.81217,1,0.34918,1.65948,5.08452,-0.0488452,-0.0130588,-0.0364538,0.288536,0,0,0
7.81217,2,1.3676,-1.34177,6.5121,0.0398357,-0.0116451,-0.00652781,0.255495,0,0,0
7.81217,3,0,0,0,0,0,0,0,0,0,0
7.81217,4,0,0,0,0,0,0,0,0,0,0
7.81217,5,0,0,0,0,0,0,0,0,0,0
7.86262,0,-0.88642,-1.31072,3.72046,-0.0290708,-0.00977541,0.0249586,0.242814,0,0,0
7.86262,1,0.346772,1.65892,5.08269,-0.0503806,-0.0124038,-0.0357266,0.288536,0,0,0
7.86262,2,1.36947,-1.34262,6.51172,0.038466,-0.0117902,-0.00673198,0.256597,0,0,0
7.86262,3,0,0,0,0,0,0,0,0,0,0
7.86262,4,0,0,0,0,0,0,0,0,0,0
7.86262,5,0,0,0,0,0,0,0,0,0,0
7.91301,0,-0.887969,-1.31147,3.72174,-0.0279938,-0.00940659,0.0244957,0.242814,0,0,0
7.91301,1,0.345408,1.65835,5.0809,-0.0483886,-0.0120329,-0.0348513,0.288444,0,0,0
7.91301,2,1.37068,-1.34304,6.51143,0.0358278,-0.0107876,-0.0069735,0.256597,0,0,0
7.91301,3,0,0,0,0,0,0,0,0,0,0
7.91301,4,0,0,0,0,0,0,0,0,0,0
7.91301,5,0,0,0,0,0,0,0,0,0,0
7.97683,0,-0.89009,-1.31212,3.723,-0.0289606,-0.00872985,0.0234319,0.241722,0,0,0
7.97683,1,0.34487,1.65782,5.0795,-0.0436327,-0.0117213,-0.0340767,0.28804,0,0,0
7.97683,2,1.37302,-1.34435,6.51106,0.0371711,-0.0128772,-0.00719353,0.257239,0,0,0
7.97683,3,0,0,0,0,0,0,0,0,0,0
7.97683,4,0,0,0,0,0,0,0,0,0,0
7.97683,5,0,0,0,0,0,0,0,0,0,0
8.02825,0,-0.891897,-1.31292,3.7229,-0.028544,-0.00858104,0.0227977,0.241722,0,0,0
8.02825,1,0.342728,1.65733,5.07717,-0.0448167,-0.0110891,-0.0332756,0.28804,0,0,0
8.02825,2,1.37452,-1.34504,6.51064,0.035825,-0.0128993,-0.00745946,0.257239,0,0,0
8.02825,3,0,0,0,0,0,0,0,0,0,0
8.02825,4,0,0,0,0,0,0,0,0,0,0
8.02825,5,0,0,0,0,0,0,0,0,0,0
8.08392,0,-0.89353,-1.31364,3.72405,-0.0276812,-0.00824434,0.0220179,0.24235,0,0,0
8.08392,1,0.342033,1.65645,5.07532,-0.0399481,-0.0116993,-0.0322674,0.28804,0,0,0
8.08392,2,1.37635,-1.34562,6.51026,0.0355071,-0.0124022,-0.00759454,0.258484,0,0,0
8.08392,3,0,0,0,0,0,0,0,0,0,0
8.08392,4,0,0,0,0,0,0,0,0,0,0
8.08392,5,0,0,0,0,0,0,0,0,0,0
8.13718,0,-0.895007,-1.31402,3.72609,-0.0265168,-0.0069588,0.0212984,0.24235,0,0,0
8.13718,1,0.34014,1.65616,5.07356,-0.0407158,-0.010567,-0.0308561,0.287696,0,0,0
8.13718,2,1.37771,-1.3459,6.50987,0.0337377,-0.0109525,-0.00777449,0.258484,0,0,0
8.13718,3,0,0,0,0,0,0,0,0,0,0
8.13718,4,0,0,0,0,0,0,0,0,0,0
8.13718,5,0,0,0,0,0,0,0,0,0,0
8.19135,0,-0.895907,-1.31496,3.72702,-0.0239291,-0.0077664,0.021156,0.241462,0,0,0
8.19135,1,0.338873,1.65537,5.07215,-0.0390385,-0.0109952,-0.0297216,0.287696,0,0,0
8.19135,2,1.37992,-1.34681,6.50937,0.0349657,-0.0117932,-0.00793875,0.258833,0,0,0
8.19135,3,0,0,0,0,0,0,0,0,0,0
8.19135,4,0,0,0,0,0,0,0,0,0,0
8.19135,5,0,0,0,0,0,0,0,0,0,0
8.24252,0,-0.89818,-1.31577,3.72823,-0.0260496,-0.00796956,0.0202071,0.241462,0,0,0
8.24252,1,0.337963,1.65475,5.07113,-0.0366846,-0.0109729,-0.0284839,0.287586,0,0,0
8.24252,2,1.38115,-1.34708,6.50898,0.032889,-0.0104033,-0.0080788,0.258833,0,0,0
8.24252,3,0,0,0,0,0,0,0,0,0,0
8.24252,4,0,0,0,0,0,0,0,0,0,0
8.24252,5,0,0,0,0,0,0,0,0,0,0
8.2984,0,-0.900126,-1.31649,3.72925,-0.0269264,-0.00805693,0.0194561,0.241809,0,0,0
8.2984,1,0.337936,1.65412,5.06938,-0.031473,-0.0111729,-0.0275677,0.287586,0,0,0
8.2984,2,1.38238,-1.34714,6.5086,0.0302436,-0.00827804,-0.00812676,0.259435,0,0,0
8.2984,3,0,0,0,0,0,0,0,0,0,0
8.2984,4,0,0,0,0,0,0,0,0,0,0
8.2984,5,0,0,0,0,0,0,0,0,0,0
8.35922,0,-0.901571,-1.31762,3.73027,-0.0261521,-0.0093975,0.0186461,0.241809,0,0,0
8.35922,1,0.33645,1.65368,5.0678,-0.0318335,-0.0105317,-0.0272649,0.287014,0,0,0
8.35922,2,1.38412,-1.34747,6.50815,0.0304051,-0.00764146,-0.00818594,0.259435,0,0,0
8.35922,3,0,0,0,0,0,0,0,0,0,0
8.35922,4,0,0,0,0,0,0,0,0,0,0
8.35922,5,0,0,0,0,0,0,0,0,0,0
8.41201,0,-0.903101,-1.31804,3.73118,-0.025839,-0.00836569,0.0178992,0.328587,0,0,0
8.41201,1,0.335999,1.6529,5.06658,-0.0286153,-0.0112349,-0.0256491,0.287014,0,0,0
8.41201,2,1.38632,-1.34817,6.50771,0.0318049,-0.00819078,-0.00826088,0.259434,0,0,0
8.41201,3,0,0,0,0,0,0,0,0,0,0
8.41201,4,0,0,0,0,0,0,0,0,0,0
8.41201,5,0,0,0,0,0,0,0,0,0,0
8.46879,0,-0.904465,-1.31929,3.73205,-0.0242199,-0.00975518,0.0172708,0.328587,0,0,0
8.46879,1,0.334319,1.6522,5.06487,-0.0294559,-0.0111913,-0.025231,0.339779,0,0,0
8.46879,2,1.38782,-1.34835,6.50733,0.0310494,-0.00709508,-0.00810429,0.259434,0,0,0
8.46879,3,0,0,0,0,0,0,0,0,0,0
8.46879,4,0,0,0,0,0,0,0,0,0,0
8.46879,5,0,0,0,0,0,0,0,0,0,0
8.52148,0,-0.905914,-1.31964,3.73276,-0.0239545,-0.00853732,0.0169323,0.326831,0,0,0
8.52148,1,0.333269,1.65133,5.06471,-0.0283872,-0.0118433,-0.0241276,0.337775,0,0,0
8.52148,2,1.38926,-1.34858,6.50736,0.0300298,-0.00605103,-0.00804963,0.259928,0,0,0
8.52148,3,0,0,0,0,0,0,0,0,0,0
8.52148,4,0,0,0,0,0,0,0,0,0,0
8.52148,5,0,0,0,0,0,0,0,0,0,0
8.57967,0,-0.90688,-1.32057,3.73356,-0.0218798,-0.00922559,0.0167382,0.326831,0,0,0
8.57967,1,0.332422,1.65058,5.06349,-0.0269923,-0.0121803,-0.0232149,0.337775,0,0,0
8.57967,2,1.39092,-1.34875,6.50685,0.0300216,-0.0052378,-0.00797758,0.259928,0,0,0
8.57967,3,0,0,0,0,0,0,0,0,0,0
8.57967,4,0,0,0,0,0,0,0,0,0,0
8.57967,5,0,0,0,0,0,0,0,0,0,0
8.63492,0,-0.907661,-1.3212,3.73377,-0.0244906,-0.01139,0.0170951,0.325316,0,0,0
8.63492,1,0.331653,1.64991,5.06237,-0.0254396,-0.0122034,-0.0207584,0.335509,0,0,0
8.63492,2,1.39096,-1.34866,6.50644,0.0301734,-0.00492869,-0.00802244,0.260196,0,0,0
8.63492,3,0,0,0,0,0,0,0,0,0,0
8.63492,4,0,0,0,0,0,0,0,0,0,0
8.63492,5,0,0,0,0,0,0,0,0,0,0
8.6884,0,-0.909806,-1.32217,3.73468,-0.0266604,-0.0120746,0.0173055,0.325316,0,0,0
8.6884,1,0.332079,1.64979,5.06163,-0.0238423,-0.0126971,-0.0126995,0.335509,0,0,0
8.6884,2,1.39399,-1.34917,6.50608,0.0288854,-0.0040726,-0.00800161,0.260196,0,0,0
8.6884,3,0,0,0,0,0,0,0,0,0,0
8.6884,4,0,0,0,0,0,0,0,0,0,0
8.6884,5,0,0,0,0,0,0,0,0,0,0
8.74611,0,-0.911889,-1.32321,3.73546,-0.0283378,-0.0129958,0.0174743,0.323839,0,0,0
8.74611,1,0.33118,1.64885,5.0617,-0.0230148,-0.0134917,0.00573612,0.334323,0,0,0
8.74611,2,1.39355,-1.34877,6.50571,0.0272776,-0.00257874,-0.00792719,0.260378,0,0,0
8.74611,3,0,0,0,0,0,0,0,0,0,0
8.74611,4,0,0,0,0,0,0,0,0,0,0
8.74611,5,0,0,0,0,0,0,0,0,0,0
8.81645,0,-0.914452,-1.32423,3.73629,-0.031542,-0.0136371,0.01762,0.323839,0,0,0
8.81645,1,0.329817,1.64738,5.06328,-0.0209261,-0.0137003,0.0238008,0.334323,0,0,0
8.81645,2,1.397,-1.34951,6.50522,0.0281617,-0.00319314,-0.00786383,0.260378,0,0,0
8.81645,3,0,0,0,0,0,0,0,0,0,0
8.81645,4,0,0,0,0,0,0,0,0,0,0
8.81645,5,0,0,0,0,0,0,0,0,0,0
8.87243,0,-0.919289,-1.32494,3.73779,-0.0355771,-0.010379,0.0172498,0.321343,0,0,0
8.87243,1,0.330208,1.64655,5.06542,-0.0170412,-0.0141704,0.0380032,0.334671,0,0,0
8.87243,2,1.39813,-1.34961,6.50441,0.0265408,-0.00252974,-0.00781333,0.260478,0,0,0
8.87243,3,0,0,0,0,0,0,0,0,0,0
8.87243,4,0,0,0,0,0,0,0,0,0,0
8.87243,5,0,0,0,0,0,0,0,0,0,0
8.92266,0,-0.922195,-1.32731,3.73845,-0.0380449,-0.0152733,0.0171803,0.321343,0,0,0
8.92266,1,0.332231,1.64549,5.06693,-0.00782708,-0.01558,0.0442618,0.334671,0,0,0
8.92266,2,1.3996,-1.34972,6.50408,0.026465,-0.00213025,-0.0076536,0.260478,0,0,0
8.92266,3,0,0,0,0,0,0,0,0,0,0
8.92266,4,0,0,0,0,0,0,0,0,0,0
8.92266,5,0,0,0,0,0,0,0,0,0,0
8.98112,0,-0.928367,-1.3276,3.73926,-0.0512262,-0.0129794,0.01678,0.317342,0,0,0
8.98112,1,0.332807,1.64558,5.06914,-0.00446342,-0.0128014,0.0396717,0.335683,0,0,0
8.98112,2,1.40112,-1.34988,6.50366,0.0266286,-0.00192148,-0.00735678,0.260315,0,0,0
8.98112,3,0,0,0,0,0,0,0,0,0,0
8.98112,4,0,0,0,0,0,0,0,0,0,0
8.98112,5,0,0,0,0,0,0,0,0,0,0
9.03678,0,-0.936124,-1.32964,3.74002,-0.0661868,-0.01596,0.015599,0.309468,0,0,0
9.03678,1,0.336213,1.64408,5.0704,0.00794407,-0.0154026,0.0189489,0.335683,0,0,0
9.03678,2,1.40259,-1.3499,6.50366,0.0263834,-0.00123706,-0.00713143,0.260315,0,0,0
9.03678,3,0,0,0,0,0,0,0,0,0,0
9.03678,4,0,0,0,0,0,0,0,0,0,0
9.03678,5,0,0,0,0,0,0,0,0,0,0
9.09277,0,-0.945442,-1.33037,3.74067,-0.0857509,-0.0149814,0.0143975,0.309468,0,0,0
9.09277,1,0.339331,1.64305,5.07078,0.0173904,-0.0162855,0.0111948,0.333851,0,0,0
9.09277,2,1.40392,-1.3502,6.5033,0.0259961,-0.00154603,-0.00703308,0.260571,0,0,0
9.09277,3,0,0,0,0,0,0,0,0,0,0
9.09277,4,0,0,0,0,0,0,0,0,0,0
9.09277,5,0,0,0,0,0,0,0,0,0,0
9.15304,0,-0.949279,-1.32995,3.74143,-0.0997909,-0.0129883,0.0130824,0.301202,0,0,0
9.15304,1,0.341932,1.6432,5.07018,0.0242775,-0.0132446,-0.0122128,0.333851,0,0,0
9.15304,2,1.40473,-1.35012,6.50301,0.023806,-0.000572513,-0.00709758,0.260673,0,0,0
9.15304,3,0,0,0,0,0,0,0,0,0,0
9.15304,4,0,0,0,0,0,0,0,0,0,0
9.15304,5,0,0,0,0,0,0,0,0,0,0
9.20844,0,-0.96147,-1.3319,3.74146,-0.109981,-0.0140138,0.0127878,0.301202,0,0,0
9.20844,1,0.347035,1.64176,5.06847,0.0391859,-0.0168372,-0.0242172,0.333347,0,0,0
9.20844,2,1.40485,-1.35032,6.50262,0.0242577,-0.00129543,-0.00711592,0.260673,0,0,0
9.20844,3,0,0,0,0,0,0,0,0,0,0
9.20844,4,0,0,0,0,0,0,0,0,0,0
9.20844,5,0,0,0,0,0,0,0,0,0,0
9.25856,0,-0.971292,-1.33351,3.74221,-0.123876,-0.0158436,0.0119297,0.291097,0,0,0
9.25856,1,0.354387,1.64018,5.06585,0.0590237,-0.0207523,-0.0622741,0.333347,0,0,0
9.25856,2,1.40583,-1.3504,6.50227,0.0227441,-0.000897652,-0.00711747,0.260677,0,0,0
9.25856,3,0,0,0,0,0,0,0,0,0,0
9.25856,4,0,0,0,0,0,0,0,0,0,0
9.25856,5,0,0,0,0,0,0,0,0,0,0
9.31895,0,-0.980531,-1.334,3.74295,-0.135898,-0.014357,0.0114507,0.291097,0,0,0
9.31895,1,0.358759,1.63985,5.062,0.0646297,-0.018808,-0.083913,0.327371,0,0,0
9.31895,2,1.40666,-1.35036,6.50199,0.0211309,-0.000181442,-0.00705818,0.260677,0,0,0
9.31895,3,0,0,0,0,0,0,0,0,0,0
9.31895,4,0,0,0,0,0,0,0,0,0,0
9.31895,5,0,0,0,0,0,0,0,0,0,0
9.36915,0,-0.988504,-1.33449,3.74357,-0.142393,-0.0131581,0.0110885,0.282469,0,0,0
9.36915,1,0.362434,1.63939,5.05667,0.0669076,-0.0172823,-0.0981491,0.327371,0,0,0
9.36915,2,1.40827,-1.3506,6.50157,0.0225129,-0.000724646,-0.00682688,0.260815,0,0,0
9.36915,3,0,0,0,0,0,0,0,0,0,0
9.36915,4,0,0,0,0,0,0,0,0,0,0
9.36915,5,0,0,0,0,0,0,0,0,0,0
9.4269,0,-0.995983,-1.33606,3.74428,-0.1453,-0.0155187,0.0108122,0.282469,0,0,0
9.4269,1,0.365037,1.63927,5.04871,0.064578,-0.014581,-0.124549,0.321029,0,0,0
9.4269,2,1.41102,-1.35099,6.50087,0.0232588,-0.00107848,-0.00656199,0.260815,0,0,0
9.4269,3,0,0,0,0,0,0,0,0,0,0
9.4269,4,0,0,0,0,0,0,0,0,0,0
9.4269,5,0,0,0,0,0,0,0,0,0,0
9.4811,0,-1.00459,-1.33574,3.74504,-0.15245,-0.0112869,0.0106291,0.275318,0,0,0
9.4811,1,0.36735,1.63863,5.04259,0.0617778,-0.0138598,-0.138809,0.321029,0,0,0
9.4811,2,1.41093,-1.35094,6.50089,0.0229299,-0.000913789,-0.006224,0.261133,0,0,0
9.4811,3,0,0,0,0,0,0,0,0,0,0
9.4811,4,0,0,0,0,0,0,0,0,0,0
9.4811,5,0,0,0,0,0,0,0,0,0,0
9.53636,0,-1.01257,-1.33658,3.74565,-0.156513,-0.0117086,0.0106078,0.275318,0,0,0
9.53636,1,0.368308,1.63821,5.0348,0.0535366,-0.0117228,-0.143946,0.312485,0,0,0
9.53636,2,1.41236,-1.35121,6.50056,0.0232984,-0.00138636,-0.00569564,0.261133,0,0,0
9.53636,3,0,0,0,0,0,0,0,0,0,0
9.53636,4,0,0,0,0,0,0,0,0,0,0
9.53636,5,0,0,0,0,0,0,0,0,0,0
9.59452,0,-1.01668,-1.33732,3.7463,-0.146003,-0.0120811,0.0110039,0.270881,0,0,0
9.59452,1,0.368541,1.63797,5.02786,0.0467348,-0.00966985,-0.146128,0.312485,0,0,0
9.59452,2,1.41335,-1.35136,6.50028,0.0222744,-0.00137482,-0.0054163,0.261545,0,0,0
9.59452,3,0,0,0,0,0,0,0,0,0,0
9.59452,4,0,0,0,0,0,0,0,0,0,0
9.59452,5,0,0,0,0,0,0,0,0,0,0
9.66228,0,-1.02421,-1.33808,3.74706,-0.149187,-0.0121971,0.011631,0.270881,0,0,0
9.66228,1,0.367219,1.63729,5.02073,0.0355708,-0.00896742,-0.143762,0.304238,0,0,0
9.66228,2,1.41433,-1.35153,6.49983,0.0213956,-0.00141329,-0.00506618,0.261545,0,0,0
9.66228,3,0,0,0,0,0,0,0,0,0,0
9.66228,4,0,0,0,0,0,0,0,0,0,0
9.66228,5,0,0,0,0,0,0,0,0,0,0
9.7287,0,-1.03074,-1.33807,3.7477,-0.148812,-0.00995936,0.0123022,0.265495,0,0,0
9.7287,1,0.367892,1.63543,5.01197,0.0335057,-0.0130069,-0.140819,0.304238,0,0,0
9.7287,2,1.415,-1.35175,6.4999,0.019541,-0.00104204,-0.0047333,0.261944,0,0,0
9.7287,3,0,0,0,0,0,0,0,0,0,0
9.7287,4,0,0,0,0,0,0,0,0,0,0
9.7287,5,0,0,0,0,0,0,0,0,0,0
9.7824,0,-1.0358,-1.3382,3.74832,-0.14369,-0.00859857,0.0128928,0.265495,0,0,0
9.7824,1,0.363414,1.6359,5.00421,0.0142497,-0.00832774,-0.142366,0.294334,0,0,0
9.7824,2,1.41615,-1.352,6.49967,0.0193213,-0.00145583,-0.00441481,0.261944,0,0,0
9.7824,3,0,0,0,0,0,0,0,0,0,0
9.7824,4,0,0,0,0,0,0,0,0,0,0
9.7824,5,0,0,0,0,0,0,0,0,0,0
9.83791,0,-1.03825,-1.33855,3.74991,-0.127439,-0.00810522,0.0139746,0.262252,0,0,0
9.83791,1,0.360598,1.63488,4.99873,0.00296283,-0.00926738,-0.130858,0.294334,0,0,0
9.83791,2,1.41802,-1.35204,6.49926,0.0179083,-0.000596024,-0.00404665,0.262374,0,0,0
9.83791,3,0,0,0,0,0,0,0,0,0,0
9.83791,4,0,0,0,0,0,0,0,0,0,0
9.83791,5,0,0,0,0,0,0,0,0,0,0
9.89402,0,-1.04476,-1.33875,3.75067,-0.128468,-0.00695478,0.0142383,0.262252,0,0,0
9.89402,1,0.357811,1.63443,4.99285,-0.00687936,-0.00826328,-0.126051,0.288194,0,0,0
9.89402,2,1.41976,-1.35266,6.49901,0.0201179,-0.0022563,-0.00391789,0.262374,0,0,0
9.89402,3,0,0,0,0,0,0,0,0,0,0
9.89402,4,0,0,0,0,0,0,0,0,0,0
9.89402,5,0,0,0,0,0,0,0,0,0,0
9.95427,0,-1.04374,-1.3384,3.75156,-0.124804,-0.00580625,0.014488,0.259572,0,0,0
9.95427,1,0.355917,1.63371,4.98763,-0.0122937,-0.00869903,-0.122736,0.288194,0,0,0
9.95427,2,1.42161,-1.35342,6.49876,0.02207,-0.00413414,-0.003835,0.263937,0,0,0
9.95427,3,0,0,0,0,0,0,0,0,0,0
9.95427,4,0,0,0,0,0,0,0,0,0,0
9.95427,5,0,0,0,0,0,0,0,0,0,0
10.012,0,-1.05635,-1.3382,3.7523,-0.124049,-0.00230555,0.0143664,0.259572,0,0,0
10.012,1,0.352751,1.63281,4.98187,-0.0214994,-0.00942003,-0.118282,0.282813,0,0,0
10.012,2,1.42263,-1.35362,6.49858,0.0212207,-0.00394827,-0.0036841,0.263937,0,0,0
10.012,3,0,0,0,0,0,0,0,0,0,0
10.012,4,0,0,0,0,0,0,0,0,0,0
10.012,5,0,0,0,0,0,0,0,0,0,0
10.0709,0,-1.05946,-1.33836,3.75215,-0.115537,-0.00217515,0.0143952,0.255387,0,0,0
10.0709,1,0.349995,1.63211,4.97529,-0.0280418,-0.00954234,-0.11412,0.282813,0,0,0
10.0709,2,1.42368,-1.35381,6.49833,0.0208599,-0.00381324,-0.00364419,0.264455,0,0,0
10.0709,3,0,0,0,0,0,0,0,0,0,0
10.0709,4,0,0,0,0,0,0,0,0,0,0
10.0709,5,0,0,0,0,0,0,0,0,0,0
10.1241,0,-1.05835,-1.33833,3.75368,-0.111578,-0.00224316,0.0136811,0.255387,0,0,0
10.1241,1,0.348277,1.63133,4.96937,-0.0297418,-0.0103252,-0.111776,0.277111,0,0,0
10.1241,2,1.42469,-1.35406,6.49811,0.0199152,-0.00373916,-0.00363266,0.264455,0,0,0
10.1241,3,0,0,0,0,0,0,0,0,0,0
10.1241,4,0,0,0,0,0,0,0,0,0,0
10.1241,5,0,0,0,0,0,0,0,0,0,0
10.1742,0,-1.06338,-1.33801,3.75369,-0.11039,-0.00019716,0.0138354,0.252757,0,0,0
10.1742,1,0.345966,1.6306,4.96454,-0.0329728,-0.0106029,-0.0917984,0.277111,0,0,0
10.1742,2,1.42532,-1.35419,6.49795,0.0183064,-0.00335397,-0.00384438,0.264906,0,0,0
10.1742,3,0,0,0,0,0,0,0,0,0,0
10.1742,4,0,0,0,0,0,0,0,0,0,0
10.1742,5,0,0,0,0,0,0,0,0,0,0
10.2271,0,-1.06776,-1.33809,3.75449,-0.105069,2.48394e-05,0.0135726,0.252757,0,0,0
10.2271,1,0.343916,1.62954,4.96102,-0.0340518,-0.0118751,-0.0832586,0.272385,0,0,0
10.2271,2,1.42533,-1.35418,6.49792,0.0183332,-0.00332623,-0.00394462,0.264906,0,0,0
10.2271,3,0,0,0,0,0,0,0,0,0,0
10.2271,4,0,0,0,0,0,0,0,0,0,0
10.2271,5,0,0,0,0,0,0,0,0,0,0
10.2854,0,-1.07252,-1.33786,3.75517,-0.103691,0.00144826,0.0133598,0.249842,0,0,0
10.2854,1,0.342671,1.62837,4.95751,-0.0336803,-0.0136551,-0.0439255,0.272385,0,0,0
10.2854,2,1.42607,-1.35423,6.49771,0.0172975,-0.00275188,-0.00417959,0.264973,0,0,0
10.2854,3,0,0,0,0,0,0,0,0,0,0
10.2854,4,0,0,0,0,0,0,0,0,0,0
10.2854,5,0,0,0,0,0,0,0,0,0,0
10.3418,0,-1.07652,-1.33784,3.75587,-0.0989282,0.00167431,0.0130651,0.249842,0,0,0
10.3418,1,0.342537,1.62767,4.95596,-0.0294647,-0.0139434,-0.0329446,0.268415,0,0,0
10.3418,2,1.42683,-1.35427,6.49748,0.0165064,-0.00222692,-0.00447297,0.264973,0,0,0
10.3418,3,0,0,0,0,0,0,0,0,0,0
10.3418,4,0,0,0,0,0,0,0,0,0,0
10.3418,5,0,0,0,0,0,0,0,0,0,0
10.3955,0,-1.07919,-1.33818,3.75643,-0.0893145,0.000383587,0.012953,0.24869,0,0,0
10.3955,1,0.342837,1.62654,4.95644,-0.0244498,-0.0157806,-0.0175714,0.268415,0,0,0
10.3955,2,1.42789,-1.35403,6.49702,0.0137234,-0.000299126,-0.00501629,0.265067,0,0,0
10.3955,3,0,0,0,0,0,0,0,0,0,0
10.3955,4,0,0,0,0,0,0,0,0,0,0
10.3955,5,0,0,0,0,0,0,0,0,0,0
10.4467,0,-1.0808,-1.33827,3.75691,-0.0768649,-4.5833e-05,0.0128932,0.24869,0,0,0
10.4467,1,0.344525,1.62653,4.95607,-0.0155297,-0.0137106,-0.00253017,0.266348,0,0,0
10.4467,2,1.42859,-1.35387,6.49675,0.0132647,0.000552144,-0.00531961,0.265067,0,0,0
10.4467,3,0,0,0,0,0,0,0,0,0,0
10.4467,4,0,0,0,0,0,0,0,0,0,0
10.4467,5,0,0,0,0,0,0,0,0,0,0
10.5023,0,-1.08382,-1.33831,3.75774,-0.0733424,0.000139886,0.0126819,0.247753,0,0,0
10.5023,1,0.347255,1.62519,4.95637,-0.00362293,-0.0165748,0.00942001,0.266348,0,0,0
10.5023,2,1.42914,-1.3536,6.49648,0.0123386,0.00166344,-0.00552507,0.264719,0,0,0
10.5023,3,0,0,0,0,0,0,0,0,0,0
10.5023,4,0,0,0,0,0,0,0,0,0,0
10.5023,5,0,0,0,0,0,0,0,0,0,0
10.5577,0,-1.091,-1.3385,3.75868,-0.0820752,0.000581793,0.012413,0.247753,0,0,0
10.5577,1,0.349414,1.62525,4.95705,0.00455455,-0.0138097,0.0145294,0.264551,0,0,0
10.5577,2,1.43026,-1.3531,6.49591,0.0110446,0.00323711,-0.00568679,0.264719,0,0,0
10.5577,3,0,0,0,0,0,0,0,0,0,0
10.5577,4,0,0,0,0,0,0,0,0,0,0
10.5577,5,0,0,0,0,0,0,0,0,0,0
10.6206,0,-1.09611,-1.33839,3.75937,-0.0853337,0.00155373,0.0119914,0.2455,0,0,0
10.6206,1,0.353505,1.62381,4.95786,0.0187234,-0.0171165,0.0168242,0.264551,0,0,0
10.6206,2,1.43076,-1.35264,6.49562,0.0103325,0.00447215,-0.00573273,0.264011,0,0,0
10.6206,3,0,0,0,0,0,0,0,0,0,0
10.6206,4,0,0,0,0,0,0,0,0,0,0
10.6206,5,0,0,0,0,0,0,0,0,0,0
10.6766,0,-1.09966,-1.33881,3.75997,-0.082435,0.000213946,0.0115484,0.2455,0,0,0
10.6766,1,0.357336,1.6233,4.95879,0.0295324,-0.0163143,0.0167026,0.26312,0,0,0
10.6766,2,1.43116,-1.35223,6.49538,0.00942511,0.00540322,-0.00560463,0.264011,0,0,0
10.6766,3,0,0,0,0,0,0,0,0,0,0
10.6766,4,0,0,0,0,0,0,0,0,0,0
10.6766,5,0,0,0,0,0,0,0,0,0,0
10.7358,0,-1.10131,-1.33924,3.76037,-0.0733055,-0.00140696,0.011155,0.244104,0,0,0
10.7358,1,0.361849,1.6224,4.9596,0.0410694,-0.0172021,0.0152236,0.26312,0,0,0
10.7358,2,1.43162,-1.35171,6.49513,0.00883906,0.00655078,-0.00537967,0.263208,0,0,0
10.7358,3,0,0,0,0,0,0,0,0,0,0
10.7358,4,0,0,0,0,0,0,0,0,0,0
10.7358,5,0,0,0,0,0,0,0,0,0,0
10.7859,0,-1.10626,-1.33921,3.76114,-0.0756286,-0.000337335,0.010764,0.244104,0,0,0
10.7859,1,0.365076,1.62197,4.96026,0.0464939,-0.016103,0.0138049,0.261794,0,0,0
10.7859,2,1.43162,-1.35171,6.49513,0.00883906,0.00655078,-0.00537967,0.263208,0,0,0
10.7859,3,0,0,0,0,0,0,0,0,0,0
10.7859,4,0,0,0,0,0,0,0,0,0,0
10.7859,5,0,0,0,0,0,0,0,0,0,0
10.8464,0,-1.10922,-1.33978,3.76168,-0.0706638,-0.00198117,0.0107783,0.243308,0,0,0
10.8464,1,0.369032,1.62139,4.96084,0.0536659,-0.0158304,0.011491,0.261794,0,0,0
10.8464,2,1.43263,-1.35053,6.4946,0.00812155,0.00873313,-0.00468947,0.262237,0,0,0
10.8464,3,0,0,0,0,0,0,0,0,0,0
10.8464,4,0,0,0,0,0,0,0,0,0,0
10.8464,5,0,0,0,0,0,0,0,0,0,0
10.9051,0,-1.11261,-1.34005,3.76235,-0.0693287,-0.0021906,0.010629,0.243086,0,0,0
10.9051,1,0.373938,1.62098,4.96144,0.0624419,-0.0151451,0.0083523,0.260984,0,0,0
10.9051,2,1.43309,-1.34994,6.4944,0.00769787,0.00956211,-0.00429346,0.262237,0,0,0
10.9051,3,0,0,0,0,0,0,0,0,0,0
10.9051,4,0,0,0,0,0,0,0,0,0,0
10.9051,5,0,0,0,0,0,0,0,0,0,0
10.9615,0,-1.11865,-1.34072,3.76354,-0.0632992,-0.0029316,0.0105747,0.243086,0,0,0
10.9615,1,0.377324,1.62093,4.96167,0.0650572,-0.0128666,0.00178808,0.260984,0,0,0
10.9615,2,1.43348,-1.3495,6.49444,0.00720349,0.00987771,-0.00391813,0.261207,0,0,0
10.9615,3,0,0,0,0,0,0,0,0,0,0
10.9615,4,0,0,0,0,0,0,0,0,0,0
10.9615,5,0,0,0,0,0,0,0,0,0,0
11.0198,0,-1.11865,-1.34072,3.76354,-0.0632992,-0.0029316,0.0105747,0.242898,0,0,0
11.0198,1,0.38037,1.62067,4.96152,0.0659657,-0.0114835,-0.00977961,0.260761,0,0,0
11.0198,2,1.43392,-1.349,6.49409,0.00679579,0.0102029,-0.00340558,0.261207,0,0,0
11.0198,3,0,0,0,0,0,0,0,0,0,0
11.0198,4,0,0,0,0,0,0,0,0,0,0
11.0198,5,0,0,0,0,0,0,0,0,0,0
11.0826,0,-1.12363,-1.34111,3.76462,-0.0573484,-0.00278964,0.0106707,0.242898,0,0,0
11.0826,1,0.384628,1.61974,4.96072,0.0702136,-0.0128099,-0.0258912,0.259497,0,0,0
11.0826,2,1.434,-1.3491,6.49407,0.00708155,0.0098313,-0.00313864,0.260442,0,0,0
11.0826,3,0,0,0,0,0,0,0,0,0,0
11.0826,4,0,0,0,0,0,0,0,0,0,0
11.0826,5,0,0,0,0,0,0,0,0,0,0
11.1378,0,-1.12567,-1.34136,3.76517,-0.0528068,-0.00300792,0.0108604,0.24264,0,0,0
11.1378,1,0.389143,1.619,4.95558,0.0635727,-0.0107555,-0.0634773,0.259497,0,0,0
11.1378,2,1.43445,-1.34871,6.49391,0.00681102,0.00973994,-0.00262229,0.260442,0,0,0
11.1378,3,0,0,0,0,0,0,0,0,0,0
11.1378,4,0,0,0,0,0,0,0,0,0,0
11.1378,5,0,0,0,0,0,0,0,0,0,0
11.197,0,-1.12755,-1.34147,3.76562,-0.0489916,-0.00273511,0.0110753,0.24264,0,0,0
11.197,1,0.390466,1.61895,4.95201,0.0568693,-0.00830518,-0.0768139,0.257349,0,0,0
11.197,2,1.43535,-1.34781,6.49375,0.00640681,0.00999847,-0.00212714,0.26023,0,0,0
11.197,3,0,0,0,0,0,0,0,0,0,0
11.197,4,0,0,0,0,0,0,0,0,0,0
11.197,5,0,0,0,0,0,0,0,0,0,0
11.2548,0,-1.13053,-1.34135,3.76629,-0.0486339,-0.00139504,0.0113335,0.242547,0,0,0
11.2548,1,0.390102,1.61811,4.94762,0.0465848,-0.00880006,-0.0865903,0.257349,0,0,0
11.2548,2,1.43573,-1.34763,6.49366,0.00609436,0.00930288,-0.00177018,0.26023,0,0,0
11.2548,3,0,0,0,0,0,0,0,0,0,0
11.2548,4,0,0,0,0,0,0,0,0,0,0
11.2548,5,0,0,0,0,0,0,0,0,0,0
11.3075,0,-1.13327,-1.34142,3.76688,-0.047509,-0.000995272,0.0115141,0.242547,0,0,0
11.3075,1,0.389248,1.6176,4.94302,0.0355161,-0.0079931,-0.0924538,0.25417,0,0,0
11.3075,2,1.4362,-1.3478,6.49358,0.00636261,0.00748761,-0.00139861,0.259481,0,0,0
11.3075,3,0,0,0,0,0,0,0,0,0,0
11.3075,4,0,0,0,0,0,0,0,0,0,0
11.3075,5,0,0,0,0,0,0,0,0,0,0
11.3642,0,-1.13503,-1.3414,3.7675,-0.0441724,-0.00054916,0.011563,0.242068,0,0,0
11.3642,1,0.387264,1.61698,4.93769,0.0231765,-0.00760521,-0.0952996,0.25417,0,0,0
11.3642,2,1.43619,-1.34781,6.49351,0.00633064,0.00745698,-0.00105741,0.259481,0,0,0
11.3642,3,0,0,0,0,0,0,0,0,0,0
11.3642,4,0,0,0,0,0,0,0,0,0,0
11.3642,5,0,0,0,0,0,0,0,0,0,0
11.4172,0,-1.1365,-1.34152,3.76805,-0.0402948,-0.000744734,0.0115567,0.242068,0,0,0
11.4172,1,0.384921,1.6164,4.93285,0.0112568,-0.00731258,-0.095278,0.250273,0,0,0
11.4172,2,1.43661,-1.34771,6.49347,0.00630812,0.00669615,-0.00079381,0.259681,0,0,0
11.4172,3,0,0,0,0,0,0,0,0,0,0
11.4172,4,0,0,0,0,0,0,0,0,0,0
11.4172,5,0,0,0,0,0,0,0,0,0,0
11.4798,0,-1.13911,-1.34101,3.76869,-0.0411612,0.00162904,0.0114725,0.241766,0,0,0
11.4798,1,0.381885,1.61554,4.928,-0.00121595,-0.00809071,-0.0930952,0.250273,0,0,0
11.4798,2,1.437,-1.34767,6.49343,0.00624033,0.00583335,-0.000584325,0.259721,0,0,0
11.4798,3,0,0,0,0,0,0,0,0,0,0
11.4798,4,0,0,0,0,0,0,0,0,0,0
11.4798,5,0,0,0,0,0,0,0,0,0,0
11.5382,0,-1.1412,-1.34088,3.76937,-0.0400059,0.00220256,0.0113151,0.241766,0,0,0
11.5382,1,0.380109,1.61521,4.92467,-0.00780597,-0.00739953,-0.0914084,0.246405,0,0,0
11.5382,2,1.43746,-1.34769,6.49341,0.00632057,0.00484972,-0.000424021,0.259721,0,0,0
11.5382,3,0,0,0,0,0,0,0,0,0,0
11.5382,4,0,0,0,0,0,0,0,0,0,0
11.5382,5,0,0,0,0,0,0,0,0,0,0
11.5885,0,-1.14326,-1.34072,3.76985,-0.0389517,0.00276809,0.0111202,0.240881,0,0,0
11.5885,1,0.380109,1.61521,4.92467,-0.00780597,-0.00739953,-0.0914084,0.246405,0,0,0
11.5885,2,1.43808,-1.34748,6.49339,0.00556952,0.00419039,-0.000344467,0.259795,0,0,0
11.5885,3,0,0,0,0,0,0,0,0,0,0
11.5885,4,0,0,0,0,0,0,0,0,0,0
11.5885,5,0,0,0,0,0,0,0,0,0,0
11.6442,0,-1.14385,-1.34087,3.77013,-0.0325137,0.00182738,0.0110433,0.240881,0,0,0
11.6442,1,0.374002,1.61373,4.91651,-0.0259356,-0.00848419,-0.0857247,0.243729,0,0,0
11.6442,2,1.43816,-1.34774,6.49337,0.0058878,0.00326526,-0.000335501,0.259795,0,0,0
11.6442,3,0,0,0,0,0,0,0,0,0,0
11.6442,4,0,0,0,0,0,0,0,0,0,0
11.6442,5,0,0,0,0,0,0,0,0,0,0
11.7052,0,-1.14499,-1.3407,3.77064,-0.0294552,0.00230324,0.0108379,0.240451,0,0,0
11.7052,1,0.369668,1.61408,4.91075,-0.0375153,-0.00477322,-0.0824102,0.243729,0,0,0
11.7052,2,1.4386,-1.3478,6.49335,0.00589701,0.00244732,-0.000376958,0.26018,0,0,0
11.7052,3,0,0,0,0,0,0,0,0,0,0
11.7052,4,0,0,0,0,0,0,0,0,0,0
11.7052,5,0,0,0,0,0,0,0,0,0,0
11.7604,0,-1.14713,-1.34113,3.77128,-0.0294097,0.000967183,0.0103146,0.240451,0,0,0
11.7604,1,0.369668,1.61408,4.91075,-0.0375153,-0.00477322,-0.0824102,0.241799,0,0,0
11.7604,2,1.43925,-1.34776,6.49333,0.00540216,0.00186642,-0.000493504,0.26018,0,0,0
11.7604,3,0,0,0,0,0,0,0,0,0,0
11.7604,4,0,0,0,0,0,0,0,0,0,0
11.7604,5,0,0,0,0,0,0,0,0,0,0
11.8157,0,-1.14973,-1.33985,3.7715,-0.0388959,0.0055721,0.00986257,0.239762,0,0,0
11.8157,1,0.366472,1.61338,4.90615,-0.0436104,-0.00574796,-0.0785442,0.241799,0,0,0
11.8157,2,1.43966,-1.34785,6.49327,0.00553352,0.00128185,-0.0005443,0.260442,0,0,0
11.8157,3,0,0,0,0,0,0,0,0,0,0
11.8157,4,0,0,0,0,0,0,0,0,0,0
11.8157,5,0,0,0,0,0,0,0,0,0,0
11.8744,0,-1.15201,-1.34016,3.77215,-0.0362818,0.00369292,0.0092222,0.239762,0,0,0
11.8744,1,0.363256,1.6125,4.90218,-0.0475522,-0.00704746,-0.0705909,0.239343,0,0,0
11.8744,2,1.43999,-1.34789,6.49322,0.00538809,0.000944636,-0.000732062,0.260442,0,0,0
11.8744,3,0,0,0,0,0,0,0,0,0,0
11.8744,4,0,0,0,0,0,0,0,0,0,0
11.8744,5,0,0,0,0,0,0,0,0,0,0
11.9261,0,-1.15413,-1.33989,3.77263,-0.0363133,0.00435472,0.00881274,0.239807,0,0,0
11.9261,1,0.3602,1.61169,4.89815,-0.0510543,-0.00818193,-0.0655961,0.239343,0,0,0
11.9261,2,1.44027,-1.34792,6.49318,0.00513147,0.000666775,-0.000962998,0.260537,0,0,0
11.9261,3,0,0,0,0,0,0,0,0,0,0
11.9261,4,0,0,0,0,0,0,0,0,0,0
11.9261,5,0,0,0,0,0,0,0,0,0,0
11.9762,0,-1.15593,-1.33977,3.77304,-0.0344558,0.00425681,0.00840036,0.239807,0,0,0
11.9762,1,0.358362,1.61137,4.89692,-0.0502867,-0.00791555,-0.0478443,0.237966,0,0,0
11.9762,2,1.44058,-1.34783,6.49309,0.00498459,0.000828756,-0.00122864,0.260537,0,0,0
11.9762,3,0,0,0,0,0,0,0,0,0,0
11.9762,4,0,0,0,0,0,0,0,0,0,0
11.9762,5,0,0,0,0,0,0,0,0,0,0
12.0366,0,-1.15769,-1.3397,3.77345,-0.0334824,0.00411744,0.00794848,0.239741,0,0,0
12.0366,1,0.354622,1.61085,4.89559,-0.0505439,-0.00705876,-0.00827911,0.237966,0,0,0
12.0366,2,1.44077,-1.34776,6.49302,0.00445006,0.000921187,-0.00153006,0.260568,0,0,0
12.0366,3,0,0,0,0,0,0,0,0,0,0
12.0366,4,0,0,0,0,0,0,0,0,0,0
12.0366,5,0,0,0,0,0,0,0,0,0,0
12.0868,0,-1.15985,-1.33943,3.77393,-0.0341549,0.00476805,0.00749066,0.239741,0,0,0
12.0868,1,0.355975,1.60955,4.89625,-0.0397864,-0.0105702,0.0135551,0.23762,0,0,0
12.0868,2,1.44106,-1.34763,6.49301,0.00432331,0.00115219,-0.00181952,0.260568,0,0,0
12.0868,3,0,0,0,0,0,0,0,0,0,0
12.0868,4,0,0,0,0,0,0,0,0,0,0
12.0868,5,0,0,0,0,0,0,0,0,0,0
12.1474,0,-1.16107,-1.33965,3.77424,-0.0306394,0.00330821,0.00727921,0.239856,0,0,0
12.1474,1,0.35635,1.60911,4.89705,-0.0326182,-0.0105723,0.0197586,0.23762,0,0,0
12.1474,2,1.44118,-1.34753,6.49293,0.00366005,0.00131796,-0.00197209,0.260491,0,0,0
12.1474,3,0,0,0,0,0,0,0,0,0,0
12.1474,4,0,0,0,0,0,0,0,0,0,0
12.1474,5,0,0,0,0,0,0,0,0,0,0
12.2005,0,-1.16181,-1.33975,3.7745,-0.0264064,0.00245353,0.00712948,0.239856,0,0,0
12.2005,1,0.359226,1.60852,4.89911,-0.0183633,-0.0120223,0.0320985,0.235881,0,0,0
12.2005,2,1.44145,-1.34737,6.49275,0.0036151,0.0016138,-0.00216841,0.260491,0,0,0
12.2005,3,0,0,0,0,0,0,0,0,0,0
12.2005,4,0,0,0,0,0,0,0,0,0,0
12.2005,5,0,0,0,0,0,0,0,0,0,0
12.2537,0,-1.16281,-1.33981,3.7748,-0.0237531,0.00196285,0.00686212,0.239945,0,0,0
12.2537,1,0.359226,1.60852,4.89911,-0.0183633,-0.0120223,0.0320985,0.235881,0,0,0
12.2537,2,1.44161,-1.34713,6.49263,0.00315397,0.00212616,-0.00241635,0.260246,0,0,0
12.2537,3,0,0,0,0,0,0,0,0,0,0
12.2537,4,0,0,0,0,0,0,0,0,0,0
12.2537,5,0,0,0,0,0,0,0,0,0,0
12.3117,0,-1.16402,-1.33981,3.77525,-0.0225952,0.00179122,0.00654595,0.239945,0,0,0
12.3117,1,0.361891,1.60825,4.90108,-0.00639804,-0.0117388,0.0362821,0.235293,0,0,0
12.3117,2,1.44198,-1.34666,6.49258,0.00351378,0.00337709,-0.00259159,0.260246,0,0,0
12.3117,3,0,0,0,0,0,0,0,0,0,0
12.3117,4,0,0,0,0,0,0,0,0,0,0
12.3117,5,0,0,0,0,0,0,0,0,0,0
12.3678,0,-1.16525,-1.33988,3.77558,-0.0217184,0.00139238,0.00623983,0.240033,0,0,0
12.3678,1,0.365391,1.60837,4.90301,0.00673877,-0.0102708,0.0371267,0.235293,0,0,0
12.3678,2,1.44222,-1.3462,6.49238,0.00337573,0.00443496,-0.00263722,0.259701,0,0,0
12.3678,3,0,0,0,0,0,0,0,0,0,0
12.3678,4,0,0,0,0,0,0,0,0,0,0
12.3678,5,0,0,0,0,0,0,0,0,0,0
12.4253,0,-1.16664,-1.34015,3.77591,-0.0215478,0.000354934,0.00594713,0.240033,0,0,0
12.4253,1,0.369545,1.60885,4.90481,0.0203625,-0.00740361,0.0363578,0.235241,0,0,0
12.4253,2,1.44246,-1.34571,6.49223,0.00327309,0.00546122,-0.00261724,0.259701,0,0,0
12.4253,3,0,0,0,0,0,0,0,0,0,0
12.4253,4,0,0,0,0,0,0,0,0,0,0
12.4253,5,0,0,0,0,0,0,0,0,0,0
12.4847,0,-1.16987,-1.34074,3.77623,-0.0279972,-0.001388,0.00564334,0.240507,0,0,0
12.4847,1,0.373245,1.6087,4.90669,0.0308804,-0.00681529,0.0345921,0.235241,0,0,0
12.4847,2,1.4427,-1.34531,6.49198,0.00319017,0.00596797,-0.00252034,0.258857,0,0,0
12.4847,3,0,0,0,0,0,0,0,0,0,0
12.4847,4,0,0,0,0,0,0,0,0,0,0
12.4847,5,0,0,0,0,0,0,0,0,0,0
12.5429,0,-1.17244,-1.34081,3.77651,-0.0313345,-0.00121289,0.00547828,0.240507,0,0,0
12.5429,1,0.377385,1.60812,4.9083,0.0412578,-0.00804547,0.0328211,0.235849,0,0,0
12.5429,2,1.44297,-1.34488,6.49188,0.00327106,0.00649486,-0.00237273,0.258857,0,0,0
12.5429,3,0,0,0,0,0,0,0,0,0,0
12.5429,4,0,0,0,0,0,0,0,0,0,0
12.5429,5,0,0,0,0,0,0,0,0,0,0
12.5988,0,-1.1741,-1.34099,3.77681,-0.0308956,-0.00153887,0.00530832,0.241921,0,0,0
12.5988,1,0.380796,1.60839,4.90988,0.0473275,-0.00592121,0.0307219,0.235849,0,0,0
12.5988,2,1.44313,-1.34444,6.49188,0.00299515,0.00704347,-0.00214425,0.258129,0,0,0
12.5988,3,0,0,0,0,0,0,0,0,0,0
12.5988,4,0,0,0,0,0,0,0,0,0,0
12.5988,5,0,0,0,0,0,0,0,0,0,0
12.649,0,-1.17513,-1.3418,3.77706,-0.0281788,-0.00416612,0.00519365,0.241921,0,0,0
12.649,1,0.383774,1.60826,4.91108,0.0507693,-0.00520819,0.0285846,0.236055,0,0,0
12.649,2,1.44335,-1.34404,6.49178,0.00294577,0.00733916,-0.00192346,0.258129,0,0,0
12.649,3,0,0,0,0,0,0,0,0,0,0
12.649,4,0,0,0,0,0,0,0,0,0,0
12.649,5,0,0,0,0,0,0,0,0,0,0
12.7068,0,-1.17682,-1.34183,3.7773,-0.0284071,-0.00353096,0.00508177,0.243124,0,0,0
12.7068,1,0.386873,1.6083,4.91243,0.0542812,-0.00419563,0.0250287,0.236055,0,0,0
12.7068,2,1.44348,-1.34379,6.49159,0.0026801,0.00709806,-0.00162258,0.257467,0,0,0
12.7068,3,0,0,0,0,0,0,0,0,0,0
12.7068,4,0,0,0,0,0,0,0,0,0,0
12.7068,5,0,0,0,0,0,0,0,0,0,0
12.7708,0,-1.17812,-1.34244,3.77754,-0.0271654,-0.00513257,0.00501542,0.243124,0,0,0
12.7708,1,0.390155,1.60861,4.9134,0.0574016,-0.00230311,0.0095445,0.237229,0,0,0
12.7708,2,1.44369,-1.34337,6.49153,0.00264288,0.00743227,-0.00134989,0.257467,0,0,0
12.7708,3,0,0,0,0,0,0,0,0,0,0
12.7708,4,0,0,0,0,0,0,0,0,0,0
12.7708,5,0,0,0,0,0,0,0,0,0,0
12.8367,0,-1.18009,-1.34261,3.77783,-0.0285976,-0.00483494,0.00504857,0.244135,0,0,0
12.8367,1,0.397721,1.60785,4.91274,0.0638257,-0.00362276,-0.025679,0.236758,0,0,0
12.8367,2,1.44384,-1.34319,6.49149,0.00251456,0.00691677,-0.00100288,0.256875,0,0,0
12.8367,3,0,0,0,0,0,0,0,0,0,0
12.8367,4,0,0,0,0,0,0,0,0,0,0
12.8367,5,0,0,0,0,0,0,0,0,0,0
12.8921,0,-1.18278,-1.3431,3.77833,-0.0267925,-0.00500309,0.004964,0.245464,0,0,0
12.8921,1,0.399602,1.60759,4.91084,0.0600986,-0.00353236,-0.0426618,0.236758,0,0,0
12.8921,2,1.44407,-1.34285,6.49145,0.00261694,0.00699114,-0.000674226,0.256875,0,0,0
12.8921,3,0,0,0,0,0,0,0,0,0,0
12.8921,4,0,0,0,0,0,0,0,0,0,0
12.8921,5,0,0,0,0,0,0,0,0,0,0
12.9423,0,-1.18235,-1.34313,3.7783,-0.0252504,-0.00518174,0.00525993,0.245464,0,0,0
12.9423,1,0.400713,1.60758,4.90858,0.0541477,-0.00246667,-0.0569748,0.236758,0,0,0
12.9423,2,1.44427,-1.34263,6.49144,0.00266626,0.00664634,-0.000309996,0.256495,0,0,0
12.9423,3,0,0,0,0,0,0,0,0,0,0
12.9423,4,0,0,0,0,0,0,0,0,0,0
12.9423,5,0,0,0,0,0,0,0,0,0,0
13.0001,0,-1.18349,-1.34341,3.77856,-0.0240375,-0.00534243,0.00543928,0.245815,0,0,0
13.0001,1,0.401326,1.60756,4.90484,0.0472903,-0.00132314,-0.0676321,0.236618,0,0,0
13.0001,2,1.44446,-1.34246,6.49144,0.00268945,0.00615009,1.85733e-05,0.256495,0,0,0
13.0001,3,0,0,0,0,0,0,0,0,0,0
13.0001,4,0,0,0,0,0,0,0,0,0,0
13.0001,5,0,0,0,0,0,0,0,0,0,0
13.0568,0,-1.18611,-1.34381,3.77891,-0.0232919,-0.0050558,0.00584989,0.245815,0,0,0
13.0568,1,0.400157,1.60695,4.90079,0.0359054,-0.00215584,-0.0747138,0.235942,0,0,0
13.0568,2,1.44465,-1.34235,6.49147,0.00270571,0.00552836,0.00038362,0.256269,0,0,0
13.0568,3,0,0,0,0,0,0,0,0,0,0
13.0568,4,0,0,0,0,0,0,0,0,0,0
13.0568,5,0,0,0,0,0,0,0,0,0,0
13.107,0,-1.18756,-1.34371,3.77923,-0.0234837,-0.00397438,0.00620059,0.245815,0,0,0
13.107,1,0.400157,1.60695,4.90079,0.0359054,-0.00215584,-0.0747138,0.235942,0,0,0
13.107,2,1.44481,-1.34229,6.49149,0.00264187,0.00483054,0.000783039,0.256269,0,0,0
13.107,3,0,0,0,0,0,0,0,0,0,0
13.107,4,0,0,0,0,0,0,0,0,0,0
13.107,5,0,0,0,0,0,0,0,0,0,0
13.1646,0,-1.18852,-1.34386,3.77955,-0.0220948,-0.00386467,0.0064186,0.246822,0,0,0
13.1646,1,0.398347,1.60612,4.89514,0.0233078,-0.00369897,-0.0785208,0.233163,0,0,0
13.1646,2,1.44504,-1.34227,6.49155,0.00276475,0.00398246,0.00103294,0.256239,0,0,0
13.1646,3,0,0,0,0,0,0,0,0,0,0
13.1646,4,0,0,0,0,0,0,0,0,0,0
13.1646,5,0,0,0,0,0,0,0,0,0,0
13.2226,0,-1.18953,-1.34354,3.77991,-0.0208248,-0.00220886,0.00665237,0.246912,0,0,0
13.2226,1,0.396305,1.60627,4.89291,0.0121597,-0.00168128,-0.0788848,0.233163,0,0,0
13.2226,2,1.44523,-1.34232,6.49161,0.00281071,0.00312869,0.00124956,0.256239,0,0,0
13.2226,3,0,0,0,0,0,0,0,0,0,0
13.2226,4,0,0,0,0,0,0,0,0,0,0
13.2226,5,0,0,0,0,0,0,0,0,0,0
13.2728,0,-1.19061,-1.34362,3.7803,-0.0198072,-0.00204932,0.00682899,0.246912,0,0,0
13.2728,1,0.395048,1.6059,4.89056,0.00549884,-0.00207024,-0.0747563,0.232293,0,0,0
13.2728,2,1.44548,-1.34239,6.49163,0.0030391,0.00223266,0.00129361,0.256431,0,0,0
13.2728,3,0,0,0,0,0,0,0,0,0,0
13.2728,4,0,0,0,0,0,0,0,0,0,0
13.2728,5,0,0,0,0,0,0,0,0,0,0
13.327,0,-1.19182,-1.34299,3.78066,-0.019875,0.000497239,0.00696997,0.246742,0,0,0
13.327,1,0.393055,1.60588,4.88719,-0.00261111,-0.000950436,-0.0724494,0.232293,0,0,0
13.327,2,1.44565,-1.34247,6.4917,0.0029778,0.00152256,0.00135001,0.256431,0,0,0
13.327,3,0,0,0,0,0,0,0,0,0,0
13.327,4,0,0,0,0,0,0,0,0,0,0
13.327,5,0,0,0,0,0,0,0,0,0,0
13.3847,0,-1.19242,-1.34286,3.78103,-0.0175834,0.000915241,0.00700902,0.246742,0,0,0
13.3847,1,0.388179,1.60487,4.88238,-0.0193588,-0.00291195,-0.0694533,0.230367,0,0,0
13.3847,2,1.44581,-1.34256,6.49176,0.00287331,0.000846436,0.00133662,0.256711,0,0,0
13.3847,3,0,0,0,0,0,0,0,0,0,0
13.3847,4,0,0,0,0,0,0,0,0,0,0
13.3847,5,0,0,0,0,0,0,0,0,0,0
13.4349,0,-1.19329,-1.3425,3.7814,-0.0168233,0.00217444,0.00697142,0.246432,0,0,0
13.4349,1,0.383302,1.60472,4.87851,-0.0342405,-0.00194028,-0.0666829,0.230367,0,0,0
13.4349,2,1.44604,-1.34271,6.49183,0.00304281,4.81076e-05,0.00124504,0.256711,0,0,0
13.4349,3,0,0,0,0,0,0,0,0,0,0
13.4349,4,0,0,0,0,0,0,0,0,0,0
13.4349,5,0,0,0,0,0,0,0,0,0,0
13.4952,0,-1.19388,-1.34235,3.7817,-0.0151783,0.00243711,0.00691495,0.246432,0,0,0
13.4952,1,0.379615,1.60401,4.87515,-0.0426689,-0.00357454,-0.0635187,0.229053,0,0,0
13.4952,2,1.44632,-1.34286,6.4919,0.00333439,-0.000642492,0.0010476,0.257083,0,0,0
13.4952,3,0,0,0,0,0,0,0,0,0,0
13.4952,4,0,0,0,0,0,0,0,0,0,0
13.4952,5,0,0,0,0,0,0,0,0,0,0
13.5504,0,-1.19456,-1.34217,3.78199,-0.0141409,0.00279748,0.00686364,0.246278,0,0,0
13.5504,1,0.376916,1.60364,4.87179,-0.0464762,-0.00407442,-0.0600125,0.229053,0,0,0
13.5504,2,1.4465,-1.34295,6.49194,0.00322941,-0.000981845,0.000835874,0.257083,0,0,0
13.5504,3,0,0,0,0,0,0,0,0,0,0
13.5504,4,0,0,0,0,0,0,0,0,0,0
13.5504,5,0,0,0,0,0,0,0,0,0,0
13.604,0,-1.19552,-1.34156,3.78237,-0.0142181,0.00468111,0.00671894,0.246278,0,0,0
13.604,1,0.37332,1.60337,4.86861,-0.0528132,-0.00387346,-0.0569344,0.228465,0,0,0
13.604,2,1.44669,-1.34301,6.49198,0.00308157,-0.00116272,0.000534942,0.257468,0,0,0
13.604,3,0,0,0,0,0,0,0,0,0,0
13.604,4,0,0,0,0,0,0,0,0,0,0
13.604,5,0,0,0,0,0,0,0,0,0,0
13.6601,0,-1.19635,-1.34141,3.78275,-0.0136758,0.00462033,0.00636626,0.245838,0,0,0
13.6601,1,0.370919,1.60305,4.86659,-0.0538934,-0.00424373,-0.0522374,0.228465,0,0,0
13.6601,2,1.44685,-1.34305,6.49201,0.00297196,-0.00125245,0.00027659,0.257683,0,0,0
13.6601,3,0,0,0,0,0,0,0,0,0,0
13.6601,4,0,0,0,0,0,0,0,0,0,0
13.6601,5,0,0,0,0,0,0,0,0,0,0
13.7182,0,-1.19705,-1.34116,3.78304,-0.0128122,0.00488182,0.00618595,0.245838,0,0,0
13.7182,1,0.367831,1.60283,4.86374,-0.0570413,-0.00403148,-0.0378086,0.228217,0,0,0
13.7182,2,1.44701,-1.34305,6.49199,0.00279311,-0.00112448,-9.92141e-05,0.257683,0,0,0
13.7182,3,0,0,0,0,0,0,0,0,0,0
13.7182,4,0,0,0,0,0,0,0,0,0,0
13.7182,5,0,0,0,0,0,0,0,0,0,0
13.7769,0,-1.19825,-1.34057,3.78338,-0.0140384,0.00656248,0.00572356,0.245415,0,0,0
13.7769,1,0.363749,1.60219,4.86234,-0.0545573,-0.00462167,-0.00342617,0.228217,0,0,0
13.7769,2,1.44714,-1.34299,6.49196,0.0025831,-0.000867224,-0.00040662,0.257691,0,0,0
13.7769,3,0,0,0,0,0,0,0,0,0,0
13.7769,4,0,0,0,0,0,0,0,0,0,0
13.7769,5,0,0,0,0,0,0,0,0,0,0
13.8303,0,-1.1995,-1.3403,3.78366,-0.01522,0.00677824,0.00527826,0.245415,0,0,0
13.8303,1,0.363749,1.60219,4.86234,-0.0545573,-0.00462167,-0.00342617,0.227826,0,0,0
13.8303,2,1.44733,-1.34297,6.49196,0.00266014,-0.000783922,-0.000677342,0.257691,0,0,0
13.8303,3,0,0,0,0,0,0,0,0,0,0
13.8303,4,0,0,0,0,0,0,0,0,0,0
13.8303,5,0,0,0,0,0,0,0,0,0,0
13.8805,0,-1.20039,-1.34018,3.78393,-0.0150335,0.00634715,0.00491221,0.245521,0,0,0
13.8805,1,0.362568,1.60181,4.86297,-0.0511302,-0.00523963,0.0177291,0.227826,0,0,0
13.8805,2,1.44746,-1.34283,6.49191,0.0025261,-0.000311382,-0.000939428,0.257622,0,0,0
13.8805,3,0,0,0,0,0,0,0,0,0,0
13.8805,4,0,0,0,0,0,0,0,0,0,0
13.8805,5,0,0,0,0,0,0,0,0,0,0
13.9341,0,-1.2013,-1.34011,3.78417,-0.0149014,0.00575899,0.00449184,0.245521,0,0,0
13.9341,1,0.362477,1.60155,4.86413,-0.0445206,-0.00553493,0.0324663,0.22716,0,0,0
13.9341,2,1.44759,-1.34263,6.49185,0.00233193,0.00026486,-0.0012071,0.257622,0,0,0
13.9341,3,0,0,0,0,0,0,0,0,0,0
13.9341,4,0,0,0,0,0,0,0,0,0,0
13.9341,5,0,0,0,0,0,0,0,0,0,0
13.9946,0,-1.20218,-1.3401,3.7844,-0.0147644,0.00505318,0.00416773,0.245828,0,0,0
13.9946,1,0.363643,1.60115,4.86639,-0.0334292,-0.00640116,0.0428026,0.22716,0,0,0
13.9946,2,1.44755,-1.34245,6.4918,0.00217413,0.000908845,-0.00140009,0.257622,0,0,0
13.9946,3,0,0,0,0,0,0,0,0,0,0
13.9946,4,0,0,0,0,0,0,0,0,0,0
13.9946,5,0,0,0,0,0,0,0,0,0,0
14.0457,0,-1.20304,-1.33998,3.78478,-0.0145807,0.00482703,0.00372846,0.245828,0,0,0
14.0457,1,0.365494,1.60093,4.86895,-0.0219214,-0.00668853,0.0492229,0.226209,0,0,0
14.0457,2,1.44759,-1.34216,6.49172,0.00186471,0.00174957,-0.00156589,0.257275,0,0,0
14.0457,3,0,0,0,0,0,0,0,0,0,0
14.0457,4,0,0,0,0,0,0,0,0,0,0
14.0457,5,0,0,0,0,0,0,0,0,0,0
14.1062,0,-1.20356,-1.34017,3.78495,-0.0129853,0.00335985,0.00350022,0.246131,0,0,0
14.1062,1,0.367997,1.60129,4.8711,-0.00950978,-0.00473165,0.0516684,0.226209,0,0,0
14.1062,2,1.44783,-1.34179,6.49163,0.00175139,0.00231298,-0.00168489,0.256722,0,0,0
14.1062,3,0,0,0,0,0,0,0,0,0,0
14.1062,4,0,0,0,0,0,0,0,0,0,0
14.1062,5,0,0,0,0,0,0,0,0,0,0
14.1563,0,-1.20435,-1.34009,3.7851,-0.0128405,0.00322541,0.00331784,0.246131,0,0,0
14.1563,1,0.371346,1.60011,4.87402,0.00442058,-0.00865864,0.0524283,0.22514,0,0,0
14.1563,2,1.44787,-1.34146,6.49155,0.00147625,0.00301484,-0.00173705,0.256722,0,0,0
14.1563,3,0,0,0,0,0,0,0,0,0,0
14.1563,4,0,0,0,0,0,0,0,0,0,0
14.1563,5,0,0,0,0,0,0,0,0,0,0
14.2195,0,-1.20539,-1.34024,3.78528,-0.01356,0.00240262,0.00297281,0.246659,0,0,0
14.2195,1,0.375794,1.60034,4.87689,0.0198234,-0.0069996,0.0505126,0.22514,0,0,0
14.2195,2,1.44783,-1.34131,6.49147,0.00131368,0.00356403,-0.00172183,0.256722,0,0,0
14.2195,3,0,0,0,0,0,0,0,0,0,0
14.2195,4,0,0,0,0,0,0,0,0,0,0
14.2195,5,0,0,0,0,0,0,0,0,0,0
14.2751,0,-1.20603,-1.34053,3.78542,-0.0123523,0.000985391,0.00277246,0.246659,0,0,0
14.2751,1,0.378795,1.60003,4.87992,0.0280478,-0.00738739,0.0471477,0.225114,0,0,0
14.2751,2,1.44804,-1.34078,6.49139,0.00127913,0.00418171,-0.00163944,0.256241,0,0,0
14.2751,3,0,0,0,0,0,0,0,0,0,0
14.2751,4,0,0,0,0,0,0,0,0,0,0
14.2751,5,0,0,0,0,0,0,0,0,0,0
14.3265,0,-1.20674,-1.34069,3.78556,-0.0116589,0.000295421,0.00262136,0.247392,0,0,0
14.3265,1,0.382531,1.6014,4.88171,0.0372516,-0.00175816,0.0430678,0.225114,0,0,0
14.3265,2,1.44799,-1.34055,6.4913,0.00109471,0.00504355,-0.00145476,0.255565,0,0,0
14.3265,3,0,0,0,0,0,0,0,0,0,0
14.3265,4,0,0,0,0,0,0,0,0,0,0
14.3265,5,0,0,0,0,0,0,0,0,0,0
14.3768,0,-1.20747,-1.34081,3.78569,-0.011451,-0.000121782,0.00251383,0.247392,0,0,0
14.3768,1,0.387015,1.60043,4.88353,0.0476131,-0.00509504,0.0402335,0.22591,0,0,0
14.3768,2,1.44807,-1.34011,6.49122,0.000996031,0.0057405,-0.00115688,0.255565,0,0,0
14.3768,3,0,0,0,0,0,0,0,0,0,0
14.3768,4,0,0,0,0,0,0,0,0,0,0
14.3768,5,0,0,0,0,0,0,0,0,0,0
14.43,0,-1.20878,-1.34132,3.7858,-0.0132188,-0.00160935,0.00250664,0.248533,0,0,0
14.43,1,0.390165,1.6013,4.8853,0.0515749,-0.00116614,0.0362695,0.22591,0,0,0
14.43,2,1.44812,-1.33972,6.49117,0.000861232,0.00617873,-0.000851714,0.254849,0,0,0
14.43,3,0,0,0,0,0,0,0,0,0,0
14.43,4,0,0,0,0,0,0,0,0,0,0
14.43,5,0,0,0,0,0,0,0,0,0,0
14.4924,0,-1.20958,-1.34169,3.78591,-0.0130439,-0.00265661,0.00248216,0.248533,0,0,0
14.4924,1,0.395255,1.60059,4.88735,0.0622987,-0.00398157,0.034323,0.22683,0,0,0
14.4924,2,1.44819,-1.33945,6.49114,0.000824231,0.00611377,-0.000592552,0.254849,0,0,0
14.4924,3,0,0,0,0,0,0,0,0,0,0
14.4924,4,0,0,0,0,0,0,0,0,0,0
14.4924,5,0,0,0,0,0,0,0,0,0,0
14.5476,0,-1.21044,-1.34206,3.78605,-0.0129639,-0.00344694,0.00244849,0.249649,0,0,0
14.5476,1,0.398975,1.6009,4.8894,0.0658659,-0.00229717,0.032197,0.22683,0,0,0
14.5476,2,1.44826,-1.33917,6.49112,0.00077891,0.00612917,-0.000192158,0.2544,0,0,0
14.5476,3,0,0,0,0,0,0,0,0,0,0
14.5476,4,0,0,0,0,0,0,0,0,0,0
14.5476,5,0,0,0,0,0,0,0,0,0,0
14.6004,0,-1.21105,-1.34235,3.78619,-0.0123731,-0.00397343,0.00246248,0.249649,0,0,0
14.6004,1,0.401272,1.60125,4.89069,0.064384,-0.000435657,0.0304132,0.228307,0,0,0
14.6004,2,1.44835,-1.33864,6.49112,0.000600536,0.00606836,0.000105765,0.2544,0,0,0
14.6004,3,0,0,0,0,0,0,0,0,0,0
14.6004,4,0,0,0,0,0,0,0,0,0,0
14.6004,5,0,0,0,0,0,0,0,0,0,0
14.6614,0,-1.21182,-1.34271,3.78633,-0.0123791,-0.00459382,0.00237672,0.250595,0,0,0
14.6614,1,0.404786,1.60105,4.89228,0.0674551,-0.00105427,0.024902,0.228307,0,0,0
14.6614,2,1.44849,-1.33859,6.49114,0.00086494,0.00528947,0.000522393,0.253982,0,0,0
14.6614,3,0,0,0,0,0,0,0,0,0,0
14.6614,4,0,0,0,0,0,0,0,0,0,0
14.6614,5,0,0,0,0,0,0,0,0,0,0
14.7143,0,-1.21237,-1.34287,3.78647,-0.0117252,-0.00452003,0.00245574,0.250595,0,0,0
14.7143,1,0.407593,1.60099,4.89339,0.0673833,-0.000922884,0.0102888,0.229068,0,0,0
14.7143,2,1.44847,-1.3386,6.49118,0.000821077,0.00524653,0.000889124,0.253982,0,0,0
14.7143,3,0,0,0,0,0,0,0,0,0,0
14.7143,4,0,0,0,0,0,0,0,0,0,0
14.7143,5,0,0,0,0,0,0,0,0,0,0
14.7747,0,-1.21267,-1.34301,3.78651,-0.0102897,-0.00437933,0.00267927,0.250881,0,0,0
14.7747,1,0.410392,1.6008,4.89363,0.0669246,-0.00132878,-0.00481894,0.229068,0,0,0
14.7747,2,1.44861,-1.33826,6.49122,0.000822387,0.00478226,0.00120661,0.253785,0,0,0
14.7747,3,0,0,0,0,0,0,0,0,0,0
14.7747,4,0,0,0,0,0,0,0,0,0,0
14.7747,5,0,0,0,0,0,0,0,0,0,0
14.825,0,-1.21348,-1.34315,3.78671,-0.0108791,-0.00415211,0.00286676,0.250881,0,0,0
14.825,1,0.411796,1.60099,4.89305,0.0612749,-3.81507e-05,-0.0195003,0.229673,0,0,0
14.825,2,1.44863,-1.33846,6.49131,0.000923511,0.00405315,0.00151875,0.253785,0,0,0
14.825,3,0,0,0,0,0,0,0,0,0,0
14.825,4,0,0,0,0,0,0,0,0,0,0
14.825,5,0,0,0,0,0,0,0,0,0,0
14.8826,0,-1.21408,-1.34331,3.78688,-0.010634,-0.00404734,0.00303227,0.251424,0,0,0
14.8826,1,0.413079,1.60079,4.89124,0.0557297,-0.00025273,-0.0405442,0.229673,0,0,0
14.8826,2,1.44879,-1.33848,6.49139,0.00122797,0.00319955,0.00178208,0.2541,0,0,0
14.8826,3,0,0,0,0,0,0,0,0,0,0
14.8826,4,0,0,0,0,0,0,0,0,0,0
14.8826,5,0,0,0,0,0,0,0,0,0,0
14.9363,0,-1.2146,-1.34337,3.78701,-0.0101977,-0.00363235,0.00308662,0.251424,0,0,0
14.9363,1,0.41331,1.60064,4.88884,0.0476205,-0.000122804,-0.0481526,0.229286,0,0,0
14.9363,2,1.44885,-1.33853,6.49149,0.00113588,0.00240914,0.00200795,0.2541,0,0,0
14.9363,3,0,0,0,0,0,0,0,0,0,0
14.9363,4,0,0,0,0,0,0,0,0,0,0
14.9363,5,0,0,0,0,0,0,0,0,0,0
14.9958,0,-1.21526,-1.34334,3.7872,-0.0103317,-0.00294719,0.00323684,0.2519,0,0,0
14.9958,1,0.412917,1.59989,4.88528,0.0383987,-0.00211679,-0.0613441,0.229286,0,0,0
14.9958,2,1.449,-1.33868,6.4916,0.00146093,0.00138484,0.00221227,0.254424,0,0,0
14.9958,3,0,0,0,0,0,0,0,0,0,0
14.9958,4,0,0,0,0,0,0,0,0,0,0
14.9958,5,0,0,0,0,0,0,0,0,0,0
15.0564,0,-1.21567,-1.34329,3.78738,-0.00961104,-0.00231753,0.0033398,0.2519,0,0,0
15.0564,1,0.412973,1.60021,4.88062,0.0273868,8.64052e-05,-0.0675447,0.22846,0,0,0
15.0564,2,1.4491,-1.3388,6.4917,0.00149354,0.000623993,0.00233607,0.254424,0,0,0
15.0564,3,0,0,0,0,0,0,0,0,0,0
15.0564,4,0,0,0,0,0,0,0,0,0,0
15.0564,5,0,0,0,0,0,0,0,0,0,0
15.114,0,-1.21606,-1.34321,3.78754,-0.00869732,-0.00165118,0.00343227,0.252093,0,0,0
15.114,1,0.410896,1.60067,4.87778,0.0202068,0.00203128,-0.0678411,0.22846,0,0,0
15.114,2,1.44929,-1.339,6.49183,0.00156371,-0.00037549,0.00243302,0.254884,0,0,0
15.114,3,0,0,0,0,0,0,0,0,0,0
15.114,4,0,0,0,0,0,0,0,0,0,0
15.114,5,0,0,0,0,0,0,0,0,0,0
15.1692,0,-1.21635,-1.34308,3.78769,-0.00782775,-0.000912702,0.00351988,0.252093,0,0,0
15.1692,1,0.408799,1.59829,4.87609,0.00771011,-0.00491718,-0.0714413,0.22584,0,0,0
15.1692,2,1.44929,-1.33917,6.49195,0.00158314,-0.000988969,0.00248275,0.254884,0,0,0
15.1692,3,0,0,0,0,0,0,0,0,0,0
15.1692,4,0,0,0,0,0,0,0,0,0,0
15.1692,5,0,0,0,0,0,0,0,0,0,0
15.2272,0,-1.21663,-1.34292,3.78788,-0.00694017,-0.000163307,0.00363021,0.252045,0,0,0
15.2272,1,0.405489,1.60039,4.87151,-0.00403206,0.00299783,-0.0677771,0.22584,0,0,0
15.2272,2,1.44943,-1.33946,6.4921,0.00175711,-0.00197682,0.00244823,0.25543,0,0,0
15.2272,3,0,0,0,0,0,0,0,0,0,0
15.2272,4,0,0,0,0,0,0,0,0,0,0
15.2272,5,0,0,0,0,0,0,0,0,0,0
15.28,0,-1.21721,-1.34258,3.78808,-0.0073812,0.00115241,0.00372009,0.252045,0,0,0
15.28,1,0.403623,1.59914,4.86991,-0.0102699,-0.00142342,-0.0653514,0.226015,0,0,0
15.28,2,1.44974,-1.33994,6.49221,0.00206926,-0.0031766,0.00236851,0.25543,0,0,0
15.28,3,0,0,0,0,0,0,0,0,0,0
15.28,4,0,0,0,0,0,0,0,0,0,0
15.28,5,0,0,0,0,0,0,0,0,0,0
15.3328,0,-1.21732,-1.34257,3.78818,-0.00594046,0.00102959,0.00369268,0.251792,0,0,0
15.3328,1,0.400186,1.59829,4.86516,-0.0212976,-0.00363598,-0.0655855,0.226015,0,0,0
15.3328,2,1.4498,-1.34019,6.49234,0.00190506,-0.00363642,0.00216103,0.256265,0,0,0
15.3328,3,0,0,0,0,0,0,0,0,0,0
15.3328,4,0,0,0,0,0,0,0,0,0,0
15.3328,5,0,0,0,0,0,0,0,0,0,0
15.3883,0,-1.21735,-1.34236,3.78834,-0.00461816,0.0015708,0.00380988,0.251792,0,0,0
15.3883,1,0.393209,1.59796,4.86442,-0.0390291,-0.00311363,-0.0610284,0.223951,0,0,0
15.3883,2,1.44996,-1.34049,6.49242,0.00207871,-0.00421589,0.00195189,0.256265,0,0,0
15.3883,3,0,0,0,0,0,0,0,0,0,0
15.3883,4,0,0,0,0,0,0,0,0,0,0
15.3883,5,0,0,0,0,0,0,0,0,0,0
15.4436,0,-1.21783,-1.34187,3.78862,-0.00510965,0.00317609,0.00398365,0.251566,0,0,0
15.4436,1,0.386821,1.59825,4.85755,-0.0548813,-0.00138665,-0.0595676,0.223951,0,0,0
15.4436,2,1.45003,-1.34069,6.49249,0.00194477,-0.00440318,0.00173684,0.256823,0,0,0
15.4436,3,0,0,0,0,0,0,0,0,0,0
15.4436,4,0,0,0,0,0,0,0,0,0,0
15.4436,5,0,0,0,0,0,0,0,0,0,0
15.4938,0,-1.21823,-1.34139,3.7889,-0.00522337,0.00450093,0.00414641,0.251566,0,0,0
15.4938,1,0.381186,1.59849,4.85519,-0.0655058,-0.00011844,-0.0563611,0.224452,0,0,0
15.4938,2,1.45,-1.34066,6.49258,0.00184171,-0.00426839,0.00146694,0.256823,0,0,0
15.4938,3,0,0,0,0,0,0,0,0,0,0
15.4938,4,0,0,0,0,0,0,0,0,0,0
15.4938,5,0,0,0,0,0,0,0,0,0,0
15.5519,0,-1.21858,-1.34096,3.7891,-0.00514199,0.00542741,0.00413932,0.250858,0,0,0
15.5519,1,0.377962,1.59835,4.85246,-0.0676765,-0.000368676,-0.0487723,0.224452,0,0,0
15.5519,2,1.45012,-1.34087,6.49266,0.00188581,-0.00446095,0.00105741,0.257068,0,0,0
15.5519,3,0,0,0,0,0,0,0,0,0,0
15.5519,4,0,0,0,0,0,0,0,0,0,0
15.5519,5,0,0,0,0,0,0,0,0,0,0
15.6072,0,-1.21893,-1.34052,3.78932,-0.00509164,0.00626089,0.0040571,0.250858,0,0,0
15.6072,1,0.375211,1.59798,4.84998,-0.0671146,-0.00157076,-0.0466976,0.224505,0,0,0
15.6072,2,1.4502,-1.34103,6.49271,0.00182624,-0.00444998,0.000759027,0.257068,0,0,0
15.6072,3,0,0,0,0,0,0,0,0,0,0
15.6072,4,0,0,0,0,0,0,0,0,0,0
15.6072,5,0,0,0,0,0,0,0,0,0,0
15.6624,0,-1.21915,-1.34022,3.78951,-0.00459042,0.00645541,0.00395441,0.250224,0,0,0
15.6624,1,0.37166,1.59804,4.84882,-0.069167,-0.00104746,-0.0277132,0.224505,0,0,0
15.6624,2,1.45026,-1.3411,6.49274,0.00161259,-0.00403386,0.000394303,0.257341,0,0,0
15.6624,3,0,0,0,0,0,0,0,0,0,0
15.6624,4,0,0,0,0,0,0,0,0,0,0
15.6624,5,0,0,0,0,0,0,0,0,0,0
15.7131,0,-1.21973,-1.33943,3.78991,-0.00425697,0.00733285,0.00374331,0.250224,0,0,0
15.7131,1,0.369642,1.59761,4.84816,-0.0665468,-0.00253302,-0.0115952,0.224594,0,0,0
15.7131,2,1.45033,-1.34116,6.49275,0.00140069,-0.00353842,3.58393e-05,0.257341,0,0,0
15.7131,3,0,0,0,0,0,0,0,0,0,0
15.7131,4,0,0,0,0,0,0,0,0,0,0
15.7131,5,0,0,0,0,0,0,0,0,0,0
15.7735,0,-1.2198,-1.33946,3.7899,-0.0045113,0.00726248,0.00357536,0.249391,0,0,0
15.7735,1,0.367923,1.59739,4.84859,-0.0636035,-0.00315487,0.00710972,0.224594,0,0,0
15.7735,2,1.45036,-1.34116,6.49275,0.00117666,-0.00305939,-0.000255516,0.25743,0,0,0
15.7735,3,0,0,0,0,0,0,0,0,0,0
15.7735,4,0,0,0,0,0,0,0,0,0,0
15.7735,5,0,0,0,0,0,0,0,0,0,0
15.8263,0,-1.22026,-1.33895,3.79007,-0.00386075,0.00700082,0.00326835,0.249391,0,0,0
15.8263,1,0.365228,1.59776,4.84978,-0.0645736,-0.00152418,0.0172129,0.224061,0,0,0
15.8263,2,1.45043,-1.34108,6.49272,0.00111571,-0.00233563,-0.000597125,0.25743,0,0,0
15.8263,3,0,0,0,0,0,0,0,0,0,0
15.8263,4,0,0,0,0,0,0,0,0,0,0
15.8263,5,0,0,0,0,0,0,0,0,0,0
15.8817,0,-1.22054,-1.3387,3.79039,-0.00376265,0.00693693,0.002931,0.249124,0,0,0
15.8817,1,0.367336,1.59671,4.85124,-0.0492921,-0.00546626,0.0371758,0.224061,0,0,0
15.8817,2,1.45039,-1.34097,6.49268,0.000668445,-0.0015875,-0.000910139,0.257251,0,0,0
15.8817,3,0,0,0,0,0,0,0,0,0,0
15.8817,4,0,0,0,0,0,0,0,0,0,0
15.8817,5,0,0,0,0,0,0,0,0,0,0
15.937,0,-1.22101,-1.33837,3.79052,-0.00432997,0.00708383,0.0026484,0.249124,0,0,0
15.937,1,0.368357,1.59646,4.85365,-0.0389052,-0.00631554,0.0452962,0.223108,0,0,0
15.937,2,1.45044,-1.34073,6.49262,0.000573039,-0.000535845,-0.0012003,0.257251,0,0,0
15.937,3,0,0,0,0,0,0,0,0,0,0
15.937,4,0,0,0,0,0,0,0,0,0,0
15.937,5,0,0,0,0,0,0,0,0,0,0
15.9904,0,-1.22137,-1.33823,3.79063,-0.00438623,0.0065987,0.00228878,0.248766,0,0,0
15.9904,1,0.373261,1.5961,4.85994,-0.0123162,-0.00759471,0.0569384,0.223108,0,0,0
15.9904,2,1.45044,-1.34061,6.49256,0.000365879,-3.37573e-05,-0.00141879,0.256902,0,0,0
15.9904,3,0,0,0,0,0,0,0,0,0,0
15.9904,4,0,0,0,0,0,0,0,0,0,0
15.9904,5,0,0,0,0,0,0,0,0,0,0
16.0456,0,-1.22173,-1.33819,3.79072,-0.00448658,0.00586584,0.00197474,0.248766,0,0,0
16.0456,1,0.373261,1.5961,4.85994,-0.0123162,-0.00759471,0.0569384,0.221619,0,0,0
16.0456,2,1.45047,-1.34038,6.49249,0.000352639,0.000846189,-0.00158958,0.256902,0,0,0
16.0456,3,0,0,0,0,0,0,0,0,0,0
16.0456,4,0,0,0,0,0,0,0,0,0,0
16.0456,5,0,0,0,0,0,0,0,0,0,0
16.1036,0,-1.22187,-1.33853,3.79071,-0.00493447,0.00468485,0.00178861,0.24882,0,0,0
16.1036,1,0.374214,1.59724,4.86284,-0.00731975,-0.00311392,0.0576702,0.221619,0,0,0
16.1036,2,1.45046,-1.34,6.49239,7.58517e-05,0.00204664,-0.00170051,0.256683,0,0,0
16.1036,3,0,0,0,0,0,0,0,0,0,0
16.1036,4,0,0,0,0,0,0,0,0,0,0
16.1036,5,0,0,0,0,0,0,0,0,0,0
16.163,0,-1.22234,-1.33857,3.7908,-0.00525617,0.00369283,0.00153728,0.24882,0,0,0
16.163,1,0.381622,1.59777,4.86791,0.0190235,-0.001463,0.0521588,0.222521,0,0,0
16.163,2,1.4505,-1.3397,6.49229,0.000100086,0.00280243,-0.00177551,0.256683,0,0,0
16.163,3,0,0,0,0,0,0,0,0,0,0
16.163,4,0,0,0,0,0,0,0,0,0,0
16.163,5,0,0,0,0,0,0,0,0,0,0
16.2134,0,-1.22278,-1.33867,3.79088,-0.00561345,0.00277801,0.00140342,0.249355,0,0,0
16.2134,1,0.385645,1.5974,4.87012,0.0311961,-0.00280999,0.0494239,0.222521,0,0,0
16.2134,2,1.45049,-1.33937,6.49219,-6.7025e-05,0.00357196,-0.00175376,0.256033,0,0,0
16.2134,3,0,0,0,0,0,0,0,0,0,0
16.2134,4,0,0,0,0,0,0,0,0,0,0
16.2134,5,0,0,0,0,0,0,0,0,0,0
16.2657,0,-1.22324,-1.33893,3.79095,-0.00577426,0.00134677,0.00130013,0.249355,0,0,0
16.2657,1,0.385645,1.5974,4.87012,0.0311961,-0.00280999,0.0494239,0.222708,0,0,0
16.2657,2,1.45041,-1.33893,6.4921,-0.000449443,0.00455769,-0.00165977,0.256033,0,0,0
16.2657,3,0,0,0,0,0,0,0,0,0,0
16.2657,4,0,0,0,0,0,0,0,0,0,0
16.2657,5,0,0,0,0,0,0,0,0,0,0
16.3265,0,-1.22373,-1.33913,3.79101,-0.00625588,0.000396896,0.00121554,0.249959,0,0,0
16.3265,1,0.393391,1.59776,4.87379,0.0488205,-0.00104737,0.0430288,0.222708,0,0,0
16.3265,2,1.45044,-1.33862,6.49203,-0.000382293,0.0049698,-0.00148636,0.255274,0,0,0
16.3265,3,0,0,0,0,0,0,0,0,0,0
16.3265,4,0,0,0,0,0,0,0,0,0,0
16.3265,5,0,0,0,0,0,0,0,0,0,0
16.3822,0,-1.22408,-1.33933,3.79113,-0.00609494,-0.000455511,0.00107066,0.249959,0,0,0
16.3822,1,0.393391,1.59776,4.87379,0.0488205,-0.00104737,0.0430288,0.223525,0,0,0
16.3822,2,1.45041,-1.33799,6.49196,-0.000519646,0.00567159,-0.00121527,0.255274,0,0,0
16.3822,3,0,0,0,0,0,0,0,0,0,0
16.3822,4,0,0,0,0,0,0,0,0,0,0
16.3822,5,0,0,0,0,0,0,0,0,0,0
16.438,0,-1.22408,-1.33933,3.79113,-0.00609494,-0.000455511,0.00107066,0.250577,0,0,0
16.438,1,0.397566,1.59767,4.87548,0.0569427,-0.00146168,0.0388618,0.223525,0,0,0
16.438,2,1.4504,-1.33771,6.4919,-0.000535543,0.00573084,-0.000910799,0.25442,0,0,0
16.438,3,0,0,0,0,0,0,0,0,0,0
16.438,4,0,0,0,0,0,0,0,0,0,0
16.438,5,0,0,0,0,0,0,0,0,0,0
16.4882,0,-1.22514,-1.34008,3.79124,-0.00720659,-0.00286763,0.00106427,0.250577,0,0,0
16.4882,1,0.401143,1.59783,4.8778,0.0616453,-0.000719366,0.0394156,0.224376,0,0,0
16.4882,2,1.45039,-1.33745,6.49186,-0.000549529,0.00579851,-0.00059779,0.25442,0,0,0
16.4882,3,0,0,0,0,0,0,0,0,0,0
16.4882,4,0,0,0,0,0,0,0,0,0,0
16.4882,5,0,0,0,0,0,0,0,0,0,0
16.5434,0,-1.22569,-1.34046,3.79125,-0.00765606,-0.00382412,0.00120736,0.251606,0,0,0
16.5434,1,0.404521,1.59795,4.87923,0.0643681,-0.000173554,0.0366033,0.224376,0,0,0
16.5434,2,1.45037,-1.33713,6.49184,-0.000600388,0.00601213,-0.000239155,0.253918,0,0,0
16.5434,3,0,0,0,0,0,0,0,0,0,0
16.5434,4,0,0,0,0,0,0,0,0,0,0
16.5434,5,0,0,0,0,0,0,0,0,0,0
16.5936,0,-1.2262,-1.34085,3.79132,-0.00788634,-0.0046725,0.00130276,0.251606,0,0,0
16.5936,1,0.408166,1.59789,4.88131,0.0667495,-0.000315151,0.0358101,0.225435,0,0,0
16.5936,2,1.4504,-1.33722,6.49184,-0.000500982,0.0056789,2.31551e-05,0.253918,0,0,0
16.5936,3,0,0,0,0,0,0,0,0,0,0
16.5936,4,0,0,0,0,0,0,0,0,0,0
16.5936,5,0,0,0,0,0,0,0,0,0,0
16.6447,0,-1.2262,-1.34085,3.79132,-0.00788634,-0.0046725,0.00130276,0.252654,0,0,0
16.6447,1,0.409124,1.59826,4.88178,0.0597582,0.00161887,0.0268144,0.225435,0,0,0
16.6447,2,1.45038,-1.33677,6.49186,-0.00049827,0.00548801,0.000521634,0.253718,0,0,0
16.6447,3,0,0,0,0,0,0,0,0,0,0
16.6447,4,0,0,0,0,0,0,0,0,0,0
16.6447,5,0,0,0,0,0,0,0,0,0,0
16.698,0,-1.22671,-1.34114,3.7914,-0.00805439,-0.00499371,0.00143217,0.252654,0,0,0
16.698,1,0.410702,1.5981,4.88225,0.0562472,0.00122194,0.0144505,0.226053,0,0,0
16.698,2,1.45048,-1.33682,6.4919,-0.000113283,0.00452172,0.000895895,0.253718,0,0,0
16.698,3,0,0,0,0,0,0,0,0,0,0
16.698,4,0,0,0,0,0,0,0,0,0,0
16.698,5,0,0,0,0,0,0,0,0,0,0
16.7533,0,-1.22765,-1.34168,3.79157,-0.00812046,-0.00535032,0.00173867,0.253358,0,0,0
16.7533,1,0.413154,1.59789,4.88221,0.055368,0.00039341,-0.015229,0.226053,0,0,0
16.7533,2,1.45044,-1.33662,6.49197,-0.000270618,0.00451569,0.00129063,0.253435,0,0,0
16.7533,3,0,0,0,0,0,0,0,0,0,0
16.7533,4,0,0,0,0,0,0,0,0,0,0
16.7533,5,0,0,0,0,0,0,0,0,0,0
16.8119,0,-1.22807,-1.34187,3.79166,-0.00800756,-0.00519808,0.00189644,0.253358,0,0,0
16.8119,1,0.415502,1.59769,4.8805,0.0546571,-0.000309616,-0.0335351,0.226411,0,0,0
16.8119,2,1.4505,-1.33663,6.49205,-6.78653e-05,0.00378808,0.00160739,0.253435,0,0,0
16.8119,3,0,0,0,0,0,0,0,0,0,0
16.8119,4,0,0,0,0,0,0,0,0,0,0
16.8119,5,0,0,0,0,0,0,0,0,0,0
16.8685,0,-1.22851,-1.34199,3.79177,-0.00809601,-0.00488699,0.00203062,0.254164,0,0,0
16.8685,1,0.417095,1.59734,4.87777,0.0508834,-0.00132549,-0.049178,0.226411,0,0,0
16.8685,2,1.45055,-1.3369,6.49213,0.000127122,0.00283133,0.00180061,0.253358,0,0,0
16.8685,3,0,0,0,0,0,0,0,0,0,0
16.8685,4,0,0,0,0,0,0,0,0,0,0
16.8685,5,0,0,0,0,0,0,0,0,0,0
16.9244,0,-1.22869,-1.34205,3.79186,-0.00724314,-0.00444908,0.0021641,0.254164,0,0,0
16.9244,1,0.41721,1.59762,4.87477,0.0423703,0.000300959,-0.0546275,0.226589,0,0,0
16.9244,2,1.4506,-1.33701,6.49224,0.000268014,0.00190395,0.0020407,0.253358,0,0,0
16.9244,3,0,0,0,0,0,0,0,0,0,0
16.9244,4,0,0,0,0,0,0,0,0,0,0
16.9244,5,0,0,0,0,0,0,0,0,0,0
16.9828,0,-1.22885,-1.34204,3.79198,-0.00648335,-0.00378518,0.00236631,0.254513,0,0,0
16.9828,1,0.415914,1.59709,4.87098,0.0306558,-0.0009472,-0.0636794,0.226589,0,0,0
16.9828,2,1.45067,-1.33719,6.49235,0.000498347,0.00088121,0.00220622,0.25379,0,0,0
16.9828,3,0,0,0,0,0,0,0,0,0,0
16.9828,4,0,0,0,0,0,0,0,0,0,0
16.9828,5,0,0,0,0,0,0,0,0,0,0
17.0402,0,-1.22908,-1.342,3.79213,-0.00603155,-0.00312054,0.00264445,0.254513,0,0,0
17.0402,1,0.413645,1.59647,4.86755,0.0176521,-0.00231772,-0.0676687,0.22494,0,0,0
17.0402,2,1.45077,-1.3374,6.49247,0.000630131,-0.00013667,0.00233472,0.25379,0,0,0
17.0402,3,0,0,0,0,0,0,0,0,0,0
17.0402,4,0,0,0,0,0,0,0,0,0,0
17.0402,5,0,0,0,0,0,0,0,0,0,0
17.0977,0,-1.22951,-1.34179,3.79228,-0.00639656,-0.00183885,0.00289287,0.254539,0,0,0
17.0977,1,0.41046,1.5967,4.86394,0.00307223,-0.000535061,-0.0679686,0.22494,0,0,0
17.0977,2,1.45088,-1.3377,6.49259,0.000891256,-0.00116848,0.00240597,0.25427,0,0,0
17.0977,3,0,0,0,0,0,0,0,0,0,0
17.0977,4,0,0,0,0,0,0,0,0,0,0
17.0977,5,0,0,0,0,0,0,0,0,0,0
17.1479,0,-1.22986,-1.34156,3.79242,-0.00641944,-0.000740262,0.00304261,0.254539,0,0,0
17.1479,1,0.407401,1.59669,4.86088,-0.0087342,0.000112546,-0.0661562,0.224494,0,0,0
17.1479,2,1.45091,-1.33797,6.49271,0.000857573,-0.00194214,0.00240361,0.25427,0,0,0
17.1479,3,0,0,0,0,0,0,0,0,0,0
17.1479,4,0,0,0,0,0,0,0,0,0,0
17.1479,5,0,0,0,0,0,0,0,0,0,0
17.1982,0,-1.22996,-1.3414,3.79258,-0.005533,-4.86855e-05,0.00315945,0.254391,0,0,0
17.1982,1,0.403854,1.59728,4.85831,-0.0202805,0.00289386,-0.063327,0.224494,0,0,0
17.1982,2,1.45105,-1.33832,6.49283,0.00115272,-0.00286095,0.00232978,0.254906,0,0,0
17.1982,3,0,0,0,0,0,0,0,0,0,0
17.1982,4,0,0,0,0,0,0,0,0,0,0
17.1982,5,0,0,0,0,0,0,0,0,0,0
17.251,0,-1.2301,-1.34109,3.79273,-0.00496949,0.00108418,0.00327437,0.254391,0,0,0
17.251,1,0.401819,1.59596,4.85621,-0.0245499,-0.00190713,-0.0594443,0.223376,0,0,0
17.251,2,1.45101,-1.33844,6.49295,0.00102288,-0.00326448,0.00215356,0.254906,0,0,0
17.251,3,0,0,0,0,0,0,0,0,0,0
17.251,4,0,0,0,0,0,0,0,0,0,0
17.251,5,0,0,0,0,0,0,0,0,0,0
17.3013,0,-1.2301,-1.34109,3.79273,-0.00496949,0.00108418,0.00327437,0.253984,0,0,0
17.3013,1,0.398563,1.59639,4.85382,-0.0329898,0.000372278,-0.0550823,0.223376,0,0,0
17.3013,2,1.45121,-1.33898,6.49305,0.00134667,-0.00426461,0.00189665,0.25543,0,0,0
17.3013,3,0,0,0,0,0,0,0,0,0,0
17.3013,4,0,0,0,0,0,0,0,0,0,0
17.3013,5,0,0,0,0,0,0,0,0,0,0
17.3517,0,-1.23029,-1.3407,3.79292,-0.00459683,0.00231191,0.00332664,0.253984,0,0,0
17.3517,1,0.396745,1.59607,4.85278,-0.0347076,-0.000740722,-0.0496816,0.223241,0,0,0
17.3517,2,1.4512,-1.33909,6.49312,0.00106699,-0.00406317,0.00169486,0.25543,0,0,0
17.3517,3,0,0,0,0,0,0,0,0,0,0
17.3517,4,0,0,0,0,0,0,0,0,0,0
17.3517,5,0,0,0,0,0,0,0,0,0,0
17.4095,0,-1.23053,-1.34045,3.79305,-0.00442806,0.00290005,0.00333329,0.253513,0,0,0
17.4095,1,0.389535,1.59549,4.84966,-0.0538302,-0.00138161,-0.0454639,0.223241,0,0,0
17.4095,2,1.4512,-1.33909,6.49312,0.00106699,-0.00406317,0.00169486,0.256108,0,0,0
17.4095,3,0,0,0,0,0,0,0,0,0,0
17.4095,4,0,0,0,0,0,0,0,0,0,0
17.4095,5,0,0,0,0,0,0,0,0,0,0
17.4632,0,-1.23081,-1.33963,3.79325,-0.00381899,0.00488891,0.0032343,0.253513,0,0,0
17.4632,1,0.3854,1.59624,4.84784,-0.0612934,0.00128035,-0.0434682,0.223148,0,0,0
17.4632,2,1.45127,-1.33933,6.49317,0.00116519,-0.00436825,0.00136006,0.256108,0,0,0
17.4632,3,0,0,0,0,0,0,0,0,0,0
17.4632,4,0,0,0,0,0,0,0,0,0,0
17.4632,5,0,0,0,0,0,0,0,0,0,0
17.5137,0,-1.23088,-1.33926,3.79344,-0.00325485,0.0054621,0.00303676,0.252521,0,0,0
17.5137,1,0.38022,1.5962,4.84499,-0.0703303,0.00206096,-0.0417616,0.223148,0,0,0
17.5137,2,1.45132,-1.33958,6.49325,0.00113014,-0.00461408,0.000950253,0.256615,0,0,0
17.5137,3,0,0,0,0,0,0,0,0,0,0
17.5137,4,0,0,0,0,0,0,0,0,0,0
17.5137,5,0,0,0,0,0,0,0,0,0,0
17.5732,0,-1.23102,-1.3388,3.79359,-0.00304464,0.00624566,0.00283208,0.252521,0,0,0
17.5732,1,0.377913,1.59565,4.84362,-0.0673825,-0.000299489,-0.0403056,0.222894,0,0,0
17.5732,2,1.45138,-1.33976,6.49331,0.00112573,-0.00465891,0.000574574,0.256615,0,0,0
17.5732,3,0,0,0,0,0,0,0,0,0,0
17.5732,4,0,0,0,0,0,0,0,0,0,0
17.5732,5,0,0,0,0,0,0,0,0,0,0
17.6234,0,-1.23101,-1.33878,3.79373,-0.00297998,0.00629224,0.0026222,0.252082,0,0,0
17.6234,1,0.375663,1.59561,4.84128,-0.0653262,-0.000812898,-0.0386187,0.222894,0,0,0
17.6234,2,1.45137,-1.33975,6.49332,0.000842079,-0.0039228,0.000228561,0.256805,0,0,0
17.6234,3,0,0,0,0,0,0,0,0,0,0
17.6234,4,0,0,0,0,0,0,0,0,0,0
17.6234,5,0,0,0,0,0,0,0,0,0,0
17.6745,0,-1.23106,-1.33857,3.79387,-0.00236557,0.00601498,0.00232453,0.252082,0,0,0
17.6745,1,0.373403,1.59538,4.83912,-0.0637734,-0.00162154,-0.0335911,0.22317,0,0,0
17.6745,2,1.45144,-1.33992,6.49333,0.000922775,-0.00398976,-0.000161315,0.256805,0,0,0
17.6745,3,0,0,0,0,0,0,0,0,0,0
17.6745,4,0,0,0,0,0,0,0,0,0,0
17.6745,5,0,0,0,0,0,0,0,0,0,0
17.7247,0,-1.23146,-1.33782,3.79399,-0.00241581,0.00668343,0.00201512,0.251375,0,0,0
17.7247,1,0.370519,1.59561,4.83804,-0.0646463,-0.000512288,-0.0258451,0.22317,0,0,0
17.7247,2,1.45144,-1.33993,6.49331,0.000778674,-0.00352211,-0.000488968,0.256972,0,0,0
17.7247,3,0,0,0,0,0,0,0,0,0,0
17.7247,4,0,0,0,0,0,0,0,0,0,0
17.7247,5,0,0,0,0,0,0,0,0,0,0
17.7799,0,-1.23152,-1.33779,3.79407,-0.0020058,0.00592759,0.00180095,0.251375,0,0,0
17.7799,1,0.368031,1.59555,4.83713,-0.0630996,-0.000643927,-0.0095372,0.22373,0,0,0
17.7799,2,1.45147,-1.33984,6.49327,0.000695235,-0.00281287,-0.000831671,0.256972,0,0,0
17.7799,3,0,0,0,0,0,0,0,0,0,0
17.7799,4,0,0,0,0,0,0,0,0,0,0
17.7799,5,0,0,0,0,0,0,0,0,0,0
17.8416,0,-1.23179,-1.33776,3.79423,-0.00238326,0.00526158,0.00139343,0.251388,0,0,0
17.8416,1,0.367013,1.59545,4.8373,-0.0578715,-0.00111044,0.0124925,0.22373,0,0,0
17.8416,2,1.45141,-1.33968,6.49322,0.000356105,-0.00194128,-0.00108248,0.256717,0,0,0
17.8416,3,0,0,0,0,0,0,0,0,0,0
17.8416,4,0,0,0,0,0,0,0,0,0,0
17.8416,5,0,0,0,0,0,0,0,0,0,0
17.8918,0,-1.23202,-1.33777,3.79429,-0.00252545,0.00448143,0.00106731,0.251388,0,0,0
17.8918,1,0.366036,1.59498,4.83835,-0.052203,-0.00280408,0.0259698,0.223795,0,0,0
17.8918,2,1.45133,-1.33937,6.49315,-4.19237e-05,-0.000614737,-0.00134498,0.256717,0,0,0
17.8918,3,0,0,0,0,0,0,0,0,0,0
17.8918,4,0,0,0,0,0,0,0,0,0,0
17.8918,5,0,0,0,0,0,0,0,0,0,0
17.942,0,-1.23227,-1.33785,3.79433,-0.00273696,0.00358217,0.000817091,0.251631,0,0,0
17.942,1,0.366659,1.59517,4.8403,-0.0426654,-0.00223797,0.0419507,0.223795,0,0,0
17.942,2,1.45131,-1.33915,6.49307,-0.000207284,0.000230043,-0.00154334,0.256175,0,0,0
17.942,3,0,0,0,0,0,0,0,0,0,0
17.942,4,0,0,0,0,0,0,0,0,0,0
17.942,5,0,0,0,0,0,0,0,0,0,0
18.0025,0,-1.2326,-1.33803,3.79435,-0.00309116,0.00237292,0.000616055,0.251631,0,0,0
18.0025,1,0.367326,1.59421,4.8427,-0.0339067,-0.00582866,0.0535854,0.22304,0,0,0
18.0025,2,1.45137,-1.33907,6.49296,-2.8352e-05,0.000473763,-0.00171812,0.256175,0,0,0
18.0025,3,0,0,0,0,0,0,0,0,0,0
18.0025,4,0,0,0,0,0,0,0,0,0,0
18.0025,5,0,0,0,0,0,0,0,0,0,0
18.0557,0,-1.23287,-1.33803,3.79438,-0.00331265,0.00204689,0.00048692,0.252024,0,0,0
18.0557,1,0.369846,1.59504,4.84596,-0.0198032,-0.0028538,0.0599414,0.22304,0,0,0
18.0557,2,1.45124,-1.33857,6.49288,-0.000559822,0.00206841,-0.00185686,0.255575,0,0,0
18.0557,3,0,0,0,0,0,0,0,0,0,0
18.0557,4,0,0,0,0,0,0,0,0,0,0
18.0557,5,0,0,0,0,0,0,0,0,0,0
18.1093,0,-1.23316,-1.33841,3.79439,-0.00355591,0.000450796,0.000386665,0.252024,0,0,0
18.1093,1,0.37285,1.59477,4.84904,-0.00554647,-0.00409297,0.0625054,0.222013,0,0,0
18.1093,2,1.4513,-1.33838,6.49275,-0.000358652,0.0024116,-0.00195507,0.255575,0,0,0
18.1093,3,0,0,0,0,0,0,0,0,0,0
18.1093,4,0,0,0,0,0,0,0,0,0,0
18.1093,5,0,0,0,0,0,0,0,0,0,0
18.1652,0,-1.23353,-1.33855,3.79441,-0.00406021,-8.47513e-05,0.000252871,0.252472,0,0,0
18.1652,1,0.375518,1.59485,4.85218,0.00558754,-0.00356193,0.0619583,0.222013,0,0,0
18.1652,2,1.45124,-1.33803,6.49264,-0.00055368,0.00318421,-0.00198906,0.255022,0,0,0
18.1652,3,0,0,0,0,0,0,0,0,0,0
18.1652,4,0,0,0,0,0,0,0,0,0,0
18.1652,5,0,0,0,0,0,0,0,0,0,0
18.2255,0,-1.23384,-1.33899,3.79442,-0.00425465,-0.00157514,0.000211025,0.252472,0,0,0
18.2255,1,0.379573,1.59537,4.85512,0.0199159,-0.0018117,0.059889,0.221033,0,0,0
18.2255,2,1.45123,-1.33762,6.49257,-0.000567869,0.00404533,-0.00195545,0.255022,0,0,0
18.2255,3,0,0,0,0,0,0,0,0,0,0
18.2255,4,0,0,0,0,0,0,0,0,0,0
18.2255,5,0,0,0,0,0,0,0,0,0,0
18.2839,0,-1.2342,-1.33934,3.79443,-0.00458879,-0.00253327,0.000158082,0.253682,0,0,0
18.2839,1,0.384236,1.59554,4.85833,0.0338426,-0.0013469,0.0562174,0.221033,0,0,0
18.2839,2,1.45115,-1.3372,6.49244,-0.000782062,0.00484853,-0.00185582,0.254208,0,0,0
18.2839,3,0,0,0,0,0,0,0,0,0,0
18.2839,4,0,0,0,0,0,0,0,0,0,0
18.2839,5,0,0,0,0,0,0,0,0,0,0
18.3392,0,-1.23449,-1.33963,3.79444,-0.00471068,-0.00323031,6.35258e-05,0.253682,0,0,0
18.3392,1,0.388927,1.59564,4.8616,0.0464065,-0.00117982,0.0522298,0.221359,0,0,0
18.3392,2,1.45109,-1.33684,6.49236,-0.000925042,0.00538496,-0.00167675,0.254208,0,0,0
18.3392,3,0,0,0,0,0,0,0,0,0,0
18.3392,4,0,0,0,0,0,0,0,0,0,0
18.3392,5,0,0,0,0,0,0,0,0,0,0
18.3919,0,-1.23491,-1.34006,3.79445,-0.00511555,-0.00419514,0.000130483,0.254594,0,0,0
18.3919,1,0.393673,1.59532,4.86429,0.0564401,-0.00231476,0.0491724,0.221359,0,0,0
18.3919,2,1.45109,-1.3365,6.49229,-0.000841172,0.00573192,-0.001584,0.253535,0,0,0
18.3919,3,0,0,0,0,0,0,0,0,0,0
18.3919,4,0,0,0,0,0,0,0,0,0,0
18.3919,5,0,0,0,0,0,0,0,0,0,0
18.4503,0,-1.23522,-1.34039,3.79446,-0.0051764,-0.00474626,7.20411e-05,0.254594,0,0,0
18.4503,1,0.397459,1.59599,4.86683,0.0619822,0.000169372,0.0460261,0.221372,0,0,0
18.4503,2,1.45105,-1.33643,6.4923,-0.000981435,0.00599345,-0.0012226,0.253535,0,0,0
18.4503,3,0,0,0,0,0,0,0,0,0,0
18.4503,4,0,0,0,0,0,0,0,0,0,0
18.4503,5,0,0,0,0,0,0,0,0,0,0
18.5055,0,-1.23565,-1.3408,3.79447,-0.00567181,-0.00548122,0.000130542,0.255535,0,0,0
18.5055,1,0.400882,1.59591,4.86903,0.0655094,-0.00020416,0.0439771,0.221372,0,0,0
18.5055,2,1.45094,-1.33554,6.49222,-0.00102213,0.00644529,-0.000527674,0.253218,0,0,0
18.5055,3,0,0,0,0,0,0,0,0,0,0
18.5055,4,0,0,0,0,0,0,0,0,0,0
18.5055,5,0,0,0,0,0,0,0,0,0,0
18.5683,0,-1.23602,-1.34121,3.79449,-0.0058796,-0.00609032,0.000368506,0.255535,0,0,0
18.5683,1,0.404551,1.59624,4.87128,0.0679946,0.00120184,0.0388452,0.222497,0,0,0
18.5683,2,1.45094,-1.33554,6.49222,-0.00102213,0.00644529,-0.000527674,0.253218,0,0,0
18.5683,3,0,0,0,0,0,0,0,0,0,0
18.5683,4,0,0,0,0,0,0,0,0,0,0
18.5683,5,0,0,0,0,0,0,0,0,0,0
18.6196,0,-1.23632,-1.34153,3.79452,-0.00588757,-0.00635325,0.000369368,0.256428,0,0,0
18.6196,1,0.406737,1.59652,4.87245,0.0661988,0.00226013,0.0281147,0.222497,0,0,0
18.6196,2,1.45095,-1.33535,6.4922,-0.000887166,0.00619535,-0.00020371,0.252489,0,0,0
18.6196,3,0,0,0,0,0,0,0,0,0,0
18.6196,4,0,0,0,0,0,0,0,0,0,0
18.6196,5,0,0,0,0,0,0,0,0,0,0
18.6749,0,-1.23658,-1.34179,3.79455,-0.00578455,-0.00639594,0.000549458,0.256428,0,0,0
18.6749,1,0.410308,1.59656,4.87399,0.0685447,0.00196976,0.00884065,0.223793,0,0,0
18.6749,2,1.4509,-1.3351,6.49221,-0.000914888,0.00609831,0.00033184,0.252489,0,0,0
18.6749,3,0,0,0,0,0,0,0,0,0,0
18.6749,4,0,0,0,0,0,0,0,0,0,0
18.6749,5,0,0,0,0,0,0,0,0,0,0
18.7367,0,-1.2368,-1.34198,3.79459,-0.00556069,-0.00620525,0.000815689,0.256994,0,0,0
18.7367,1,0.413027,1.59642,4.87408,0.067309,0.00124195,-0.00551102,0.223793,0,0,0
18.7367,2,1.45093,-1.335,6.49225,-0.000699476,0.00551441,0.000612401,0.25222,0,0,0
18.7367,3,0,0,0,0,0,0,0,0,0,0
18.7367,4,0,0,0,0,0,0,0,0,0,0
18.7367,5,0,0,0,0,0,0,0,0,0,0
18.792,0,-1.23693,-1.34196,3.79465,-0.00511071,-0.00533314,0.000928837,0.256994,0,0,0
18.792,1,0.415055,1.59639,4.87322,0.0637189,0.00133085,-0.0260808,0.224664,0,0,0
18.792,2,1.45095,-1.33495,6.49232,-0.00052321,0.00489645,0.00102553,0.25222,0,0,0
18.792,3,0,0,0,0,0,0,0,0,0,0
18.792,4,0,0,0,0,0,0,0,0,0,0
18.792,5,0,0,0,0,0,0,0,0,0,0
18.8548,0,-1.23712,-1.34204,3.79471,-0.00487611,-0.00484264,0.00126737,0.257142,0,0,0
18.8548,1,0.41521,1.59622,4.87132,0.0541909,0.00081904,-0.0400069,0.224664,0,0,0
18.8548,2,1.4511,-1.33523,6.49246,0.0001565,0.00264619,0.00160029,0.252444,0,0,0
18.8548,3,0,0,0,0,0,0,0,0,0,0
18.8548,4,0,0,0,0,0,0,0,0,0,0
18.8548,5,0,0,0,0,0,0,0,0,0,0
18.9126,0,-1.23726,-1.34204,3.79479,-0.00455067,-0.00417119,0.00135976,0.257142,0,0,0
18.9126,1,0.415148,1.59607,4.86917,0.0452814,0.000484867,-0.0500183,0.224877,0,0,0
18.9126,2,1.4511,-1.33523,6.49246,0.0001565,0.00264619,0.00160029,0.252444,0,0,0
18.9126,3,0,0,0,0,0,0,0,0,0,0
18.9126,4,0,0,0,0,0,0,0,0,0,0
18.9126,5,0,0,0,0,0,0,0,0,0,0
18.9628,0,-1.23741,-1.34198,3.79488,-0.00423654,-0.00330758,0.00160881,0.257187,0,0,0
18.9628,1,0.415195,1.59697,4.86699,0.0381419,0.00393455,-0.0541763,0.224877,0,0,0
18.9628,2,1.45102,-1.33518,6.49247,-0.000103054,0.0024093,0.00179351,0.252494,0,0,0
18.9628,3,0,0,0,0,0,0,0,0,0,0
18.9628,4,0,0,0,0,0,0,0,0,0,0
18.9628,5,0,0,0,0,0,0,0,0,0,0
19.0186,0,-1.23744,-1.34179,3.79498,-0.00359431,-0.00219988,0.00191532,0.257187,0,0,0
19.0186,1,0.414611,1.59694,4.86546,0.030098,0.00384768,-0.0573394,0.225719,0,0,0
19.0186,2,1.4511,-1.33547,6.49269,0.000204417,0.00133492,0.00211257,0.252494,0,0,0
19.0186,3,0,0,0,0,0,0,0,0,0,0
19.0186,4,0,0,0,0,0,0,0,0,0,0
19.0186,5,0,0,0,0,0,0,0,0,0,0
19.0789,0,-1.23749,-1.34161,3.7951,-0.00313257,-0.00120842,0.00207807,0.256993,0,0,0
19.0789,1,0.413736,1.59673,4.86339,0.0219716,0.00319727,-0.0599218,0.225719,0,0,0
19.0789,2,1.45116,-1.33569,6.4927,0.000424413,0.000264744,0.00218439,0.253069,0,0,0
19.0789,3,0,0,0,0,0,0,0,0,0,0
19.0789,4,0,0,0,0,0,0,0,0,0,0
19.0789,5,0,0,0,0,0,0,0,0,0,0
19.131,0,-1.23745,-1.34141,3.7952,-0.00238415,-0.000318856,0.00222591,0.256993,0,0,0
19.131,1,0.411474,1.5961,4.86131,0.0109995,0.00164971,-0.0611373,0.225383,0,0,0
19.131,2,1.4512,-1.33593,6.49281,0.000530533,-0.000702289,0.00226452,0.253069,0,0,0
19.131,3,0,0,0,0,0,0,0,0,0,0
19.131,4,0,0,0,0,0,0,0,0,0,0
19.131,5,0,0,0,0,0,0,0,0,0,0
19.189,0,-1.23758,-1.34114,3.79532,-0.00238864,0.00071363,0.00231732,0.2566,0,0,0
19.189,1,0.408314,1.59493,4.85749,-0.0018309,-0.0019729,-0.0596508,0.225383,0,0,0
19.189,2,1.45131,-1.33619,6.49292,0.000865376,-0.00164406,0.00231326,0.253637,0,0,0
19.189,3,0,0,0,0,0,0,0,0,0,0
19.189,4,0,0,0,0,0,0,0,0,0,0
19.189,5,0,0,0,0,0,0,0,0,0,0
19.2446,0,-1.23753,-1.34077,3.79534,-0.00177296,0.001876,0.00238065,0.2566,0,0,0
19.2446,1,0.40272,1.59537,4.85246,-0.022076,0.000753657,-0.057768,0.223124,0,0,0
19.2446,2,1.45129,-1.33641,6.49303,0.000685885,-0.00222941,0.00228296,0.253637,0,0,0
19.2446,3,0,0,0,0,0,0,0,0,0,0
19.2446,4,0,0,0,0,0,0,0,0,0,0
19.2446,5,0,0,0,0,0,0,0,0,0,0
19.3018,0,-1.23748,-1.34046,3.79558,-0.00121126,0.00271453,0.00244955,0.256062,0,0,0
19.3018,1,0.399448,1.59548,4.84931,-0.0310667,0.00127232,-0.0547286,0.223124,0,0,0
19.3018,2,1.45141,-1.33671,6.49314,0.000992495,-0.00302132,0.00216556,0.254195,0,0,0
19.3018,3,0,0,0,0,0,0,0,0,0,0
19.3018,4,0,0,0,0,0,0,0,0,0,0
19.3018,5,0,0,0,0,0,0,0,0,0,0
19.3523,0,-1.23747,-1.34011,3.79573,-0.000861896,0.00357896,0.0024831,0.256062,0,0,0
19.3523,1,0.399448,1.59548,4.84931,-0.0310667,0.00127232,-0.0547286,0.223311,0,0,0
19.3523,2,1.4514,-1.33693,6.49323,0.000817671,-0.00341041,0.0020348,0.254195,0,0,0
19.3523,3,0,0,0,0,0,0,0,0,0,0
19.3523,4,0,0,0,0,0,0,0,0,0,0
19.3523,5,0,0,0,0,0,0,0,0,0,0
19.408,0,-1.2374,-1.33984,3.79585,-0.000316064,0.00406838,0.00234129,0.25536,0,0,0
19.408,1,0.396428,1.59454,4.84607,-0.0373316,-0.00208283,-0.0508778,0.223311,0,0,0
19.408,2,1.45149,-1.33724,6.49333,0.00105743,-0.00409061,0.00182843,0.25475,0,0,0
19.408,3,0,0,0,0,0,0,0,0,0,0
19.408,4,0,0,0,0,0,0,0,0,0,0
19.408,5,0,0,0,0,0,0,0,0,0,0
19.4686,0,-1.23747,-1.33943,3.79594,-0.000404934,0.00494093,0.00218664,0.25536,0,0,0
19.4686,1,0.385686,1.59546,4.84074,-0.0638064,0.00283246,-0.0447886,0.221964,0,0,0
19.4686,2,1.45149,-1.3375,6.49343,0.000875294,-0.00449051,0.00150093,0.25475,0,0,0
19.4686,3,0,0,0,0,0,0,0,0,0,0
19.4686,4,0,0,0,0,0,0,0,0,0,0
19.4686,5,0,0,0,0,0,0,0,0,0,0
19.5264,0,-1.23745,-1.33902,3.79603,-0.000132589,0.00556912,0.00197469,0.254721,0,0,0
19.5264,1,0.385686,1.59546,4.84074,-0.0638064,0.00283246,-0.0447886,0.221964,0,0,0
19.5264,2,1.45163,-1.33788,6.49351,0.00126391,-0.00524746,0.00121263,0.255413,0,0,0
19.5264,3,0,0,0,0,0,0,0,0,0,0
19.5264,4,0,0,0,0,0,0,0,0,0,0
19.5264,5,0,0,0,0,0,0,0,0,0,0
19.577,0,-1.23744,-1.33877,3.79612,7.81885e-05,0.00564021,0.00172395,0.254721,0,0,0
19.577,1,0.3825,1.5942,4.83847,-0.0655128,-0.00212623,-0.0415698,0.222347,0,0,0
19.577,2,1.45163,-1.33807,6.49356,0.0010693,-0.00518822,0.000805638,0.255413,0,0,0
19.577,3,0,0,0,0,0,0,0,0,0,0
19.577,4,0,0,0,0,0,0,0,0,0,0
19.577,5,0,0,0,0,0,0,0,0,0,0
19.6275,0,-1.23748,-1.33851,3.79617,8.24913e-05,0.00572151,0.0014681,0.254088,0,0,0
19.6275,1,0.374777,1.59428,4.83625,-0.0735535,-0.00120554,-0.03571,0.222347,0,0,0
19.6275,2,1.45165,-1.33825,6.4936,0.000974021,-0.00507788,0.000459156,0.255765,0,0,0
19.6275,3,0,0,0,0,0,0,0,0,0,0
19.6275,4,0,0,0,0,0,0,0,0,0,0
19.6275,5,0,0,0,0,0,0,0,0,0,0
19.6828,0,-1.23749,-1.33831,3.79623,0.000206709,0.00561314,0.00128541,0.254088,0,0,0
19.6828,1,0.373438,1.59409,4.83392,-0.0677543,-0.00204689,-0.0244633,0.22268,0,0,0
19.6828,2,1.45167,-1.33835,6.49361,0.000848698,-0.00468413,5.40071e-05,0.255765,0,0,0
19.6828,3,0,0,0,0,0,0,0,0,0,0
19.6828,4,0,0,0,0,0,0,0,0,0,0
19.6828,5,0,0,0,0,0,0,0,0,0,0
19.744,0,-1.23764,-1.33815,3.79627,-0.000202735,0.00534611,0.000861668,0.253693,0,0,0
19.744,1,0.370695,1.59392,4.83399,-0.067646,-0.0024156,0.001306,0.222766,0,0,0
19.744,2,1.45169,-1.33845,6.49359,0.000738865,-0.00429675,-0.00038441,0.255938,0,0,0
19.744,3,0,0,0,0,0,0,0,0,0,0
19.744,4,0,0,0,0,0,0,0,0,0,0
19.744,5,0,0,0,0,0,0,0,0,0,0
19.7978,0,-1.23777,-1.33804,3.79631,-0.000494884,0.00497007,0.000613658,0.253693,0,0,0
19.7978,1,0.367619,1.59416,4.83482,-0.0692063,-0.00135484,0.0108106,0.222766,0,0,0
19.7978,2,1.45168,-1.33846,6.49354,0.000575739,-0.00368411,-0.000769761,0.255938,0,0,0
19.7978,3,0,0,0,0,0,0,0,0,0,0
19.7978,4,0,0,0,0,0,0,0,0,0,0
19.7978,5,0,0,0,0,0,0,0,0,0,0
19.8496,0,-1.23788,-1.33801,3.79634,-0.000612766,0.00431278,0.000437468,0.253567,0,0,0
19.8496,1,0.366739,1.59384,4.83652,-0.063754,-0.00241631,0.0266187,0.222346,0,0,0
19.8496,2,1.45168,-1.33844,6.49349,0.000428223,-0.00302304,-0.00104875,0.255884,0,0,0
19.8496,3,0,0,0,0,0,0,0,0,0,0
19.8496,4,0,0,0,0,0,0,0,0,0,0
19.8496,5,0,0,0,0,0,0,0,0,0,0
19.9077,0,-1.23804,-1.3381,3.79635,-0.000921917,0.00335473,0.000241183,0.253567,0,0,0
19.9077,1,0.369519,1.5931,4.83885,-0.0460792,-0.00552137,0.0452153,0.222346,0,0,0
19.9077,2,1.45167,-1.33836,6.4935,0.000268958,-0.0022846,-0.00127441,0.255884,0,0,0
19.9077,3,0,0,0,0,0,0,0,0,0,0
19.9077,4,0,0,0,0,0,0,0,0,0,0
19.9077,5,0,0,0,0,0,0,0,0,0,0
19.9663,0,-1.2382,-1.33817,3.79636,-0.00116655,0.00259421,0.000128785,0.253721,0,0,0
19.9663,1,0.371166,1.59291,4.84215,-0.033745,-0.00639745,0.053245,0.220408,0,0,0
19.9663,2,1.45167,-1.33824,6.49334,0.000204592,-0.00149235,-0.00167912,0.25564,0,0,0
19.9663,3,0,0,0,0,0,0,0,0,0,0
19.9663,4,0,0,0,0,0,0,0,0,0,0
19.9663,5,0,0,0,0,0,0,0,0,0,0
20.0216,0,-1.23844,-1.33839,3.79636,-0.00167917,0.00143139,-3.07567e-05,0.253721,0,0,0
20.0216,1,0.370719,1.59391,4.8451,-0.0302121,-0.00254259,0.0588881,0.220408,0,0,0
20.0216,2,1.45154,-1.33798,6.49322,-0.000358678,-0.000308518,-0.00189661,0.25564,0,0,0
20.0216,3,0,0,0,0,0,0,0,0,0,0
20.0216,4,0,0,0,0,0,0,0,0,0,0
20.0216,5,0,0,0,0,0,0,0,0,0,0
20.0821,0,-1.23863,-1.33858,3.79636,-0.00195286,0.00053239,-0.0001271,0.254146,0,0,0
20.0821,1,0.377504,1.59411,4.85049,-0.00261261,-0.00269014,0.0614836,0.220141,0,0,0
20.0821,2,1.45159,-1.33776,6.49313,-0.000192207,0.000493884,-0.00197558,0.255125,0,0,0
20.0821,3,0,0,0,0,0,0,0,0,0,0
20.0821,4,0,0,0,0,0,0,0,0,0,0
20.0821,5,0,0,0,0,0,0,0,0,0,0
20.1323,0,-1.23885,-1.33881,3.79635,-0.00228346,-0.000394078,-0.000225165,0.254146,0,0,0
20.1323,1,0.380707,1.59429,4.85356,0.010021,-0.00205092,0.0603848,0.220141,0,0,0
20.1323,2,1.45149,-1.33743,6.49312,-0.000593429,0.00163647,-0.00190101,0.255125,0,0,0
20.1323,3,0,0,0,0,0,0,0,0,0,0
20.1323,4,0,0,0,0,0,0,0,0,0,0
20.1323,5,0,0,0,0,0,0,0,0,0,0
20.1854,0,-1.23885,-1.33881,3.79635,-0.00228346,-0.000394078,-0.000225165,0.25468,0,0,0
20.1854,1,0.380707,1.59429,4.85356,0.010021,-0.00205092,0.0603848,0.220406,0,0,0
20.1854,2,1.45147,-1.33711,6.49302,-0.000632331,0.00253061,-0.00183036,0.254492,0,0,0
20.1854,3,0,0,0,0,0,0,0,0,0,0
20.1854,4,0,0,0,0,0,0,0,0,0,0
20.1854,5,0,0,0,0,0,0,0,0,0,0
20.2488,0,-1.2393,-1.33938,3.79632,-0.0029215,-0.00227625,-0.000268334,0.25468,0,0,0
20.2488,1,0.385714,1.5947,4.8567,0.0243351,-0.000491786,0.0581686,0.220406,0,0,0
20.2488,2,1.45144,-1.33685,6.49285,-0.000669784,0.00307636,-0.001829,0.254492,0,0,0
20.2488,3,0,0,0,0,0,0,0,0,0,0
20.2488,4,0,0,0,0,0,0,0,0,0,0
20.2488,5,0,0,0,0,0,0,0,0,0,0
20.3097,0,-1.2393,-1.33938,3.79632,-0.0029215,-0.00227625,-0.000268334,0.255372,0,0,0
20.3097,1,0.39176,1.59413,4.85904,0.0411655,-0.00274853,0.0516972,0.220406,0,0,0
20.3097,2,1.45137,-1.33649,6.49285,-0.00085978,0.00393288,-0.00155327,0.25387,0,0,0
20.3097,3,0,0,0,0,0,0,0,0,0,0
20.3097,4,0,0,0,0,0,0,0,0,0,0
20.3097,5,0,0,0,0,0,0,0,0,0,0
20.3756,0,-1.23991,-1.34012,3.7963,-0.00338187,-0.00372789,-8.02784e-05,0.255851,0,0,0
20.3756,1,0.39497,1.59498,4.86205,0.0463313,0.000230354,0.0522544,0.220349,0,0,0
20.3756,2,1.45128,-1.33587,6.49267,-0.000999629,0.00493098,-0.00106075,0.25387,0,0,0
20.3756,3,0,0,0,0,0,0,0,0,0,0
20.3756,4,0,0,0,0,0,0,0,0,0,0
20.3756,5,0,0,0,0,0,0,0,0,0,0
20.4316,0,-1.24012,-1.34043,3.7963,-0.00349116,-0.00424183,6.53239e-05,0.255851,0,0,0
20.4316,1,0.399132,1.59539,4.8644,0.0541177,0.00134486,0.0490693,0.221956,0,0,0
20.4316,2,1.45128,-1.33564,6.49265,-0.000864025,0.00501004,-0.000731135,0.253237,0,0,0
20.4316,3,0,0,0,0,0,0,0,0,0,0
20.4316,4,0,0,0,0,0,0,0,0,0,0
20.4316,5,0,0,0,0,0,0,0,0,0,0
20.4857,0,-1.24015,-1.34047,3.79631,-0.00361024,-0.00437711,0.000261427,0.256665,0,0,0
20.4857,1,0.403636,1.59506,4.86604,0.0619692,-5.05431e-05,0.0440013,0.221956,0,0,0
20.4857,2,1.45126,-1.33546,6.49264,-0.000793629,0.00492391,-0.000348568,0.253237,0,0,0
20.4857,3,0,0,0,0,0,0,0,0,0,0
20.4857,4,0,0,0,0,0,0,0,0,0,0
20.4857,5,0,0,0,0,0,0,0,0,0,0
20.5461,0,-1.24051,-1.3409,3.79634,-0.00356621,-0.00463462,0.000306407,0.256665,0,0,0
20.5461,1,0.40548,1.59564,4.86831,0.0592523,0.00224938,0.0428513,0.222834,0,0,0
20.5461,2,1.45122,-1.33522,6.49264,-0.000812346,0.00499269,2.87533e-06,0.252877,0,0,0
20.5461,3,0,0,0,0,0,0,0,0,0,0
20.5461,4,0,0,0,0,0,0,0,0,0,0
20.5461,5,0,0,0,0,0,0,0,0,0,0
20.604,0,-1.24047,-1.34082,3.79637,-0.00345751,-0.00435438,0.000617743,0.257095,0,0,0
20.604,1,0.409773,1.59573,4.8708,0.0651429,0.0021854,0.0408874,0.222834,0,0,0
20.604,2,1.45124,-1.33507,6.49265,-0.00061068,0.00473206,0.000340805,0.252877,0,0,0
20.604,3,0,0,0,0,0,0,0,0,0,0
20.604,4,0,0,0,0,0,0,0,0,0,0
20.604,5,0,0,0,0,0,0,0,0,0,0
20.6799,0,-1.24077,-1.34115,3.79642,-0.00331149,-0.00428484,0.00090371,0.257095,0,0,0
20.6799,1,0.412938,1.59556,4.87182,0.066336,0.00142562,0.0199782,0.223824,0,0,0
20.6799,2,1.45123,-1.33505,6.49267,-0.000544899,0.00409212,0.000670726,0.252558,0,0,0
20.6799,3,0,0,0,0,0,0,0,0,0,0
20.6799,4,0,0,0,0,0,0,0,0,0,0
20.6799,5,0,0,0,0,0,0,0,0,0,0
20.7527,0,-1.24073,-1.341,3.79648,-0.0032037,-0.00373087,0.00109723,0.257489,0,0,0
20.7527,1,0.415296,1.59566,4.8723,0.0649746,0.00170605,0.0099801,0.223824,0,0,0
20.7527,2,1.45126,-1.33497,6.49271,-0.000320572,0.00375758,0.000947828,0.252558,0,0,0
20.7527,3,0,0,0,0,0,0,0,0,0,0
20.7527,4,0,0,0,0,0,0,0,0,0,0
20.7527,5,0,0,0,0,0,0,0,0,0,0
20.8306,0,-1.24082,-1.34099,3.79656,-0.00295419,-0.00316461,0.00121468,0.257489,0,0,0
20.8306,1,0.418493,1.59537,4.87163,0.0663417,0.000514491,-0.0087427,0.224642,0,0,0
20.8306,2,1.45121,-1.33482,6.49276,-0.000458849,0.00373157,0.00116417,0.252507,0,0,0
20.8306,3,0,0,0,0,0,0,0,0,0,0
20.8306,4,0,0,0,0,0,0,0,0,0,0
20.8306,5,0,0,0,0,0,0,0,0,0,0
20.8929,0,-1.24102,-1.34096,3.79661,-0.00266495,-0.00218483,0.00135565,0.257332,0,0,0
20.8929,1,0.419676,1.59542,4.87035,0.060811,0.000869531,-0.0281801,0.224642,0,0,0
20.8929,2,1.45128,-1.33505,6.49283,-0.000131507,0.00242384,0.00142013,0.252507,0,0,0
20.8929,3,0,0,0,0,0,0,0,0,0,0
20.8929,4,0,0,0,0,0,0,0,0,0,0
20.8929,5,0,0,0,0,0,0,0,0,0,0
20.9568,0,-1.24103,-1.34092,3.79672,-0.00223116,-0.00177339,0.00148505,0.257332,0,0,0
20.9568,1,0.417765,1.59574,4.86798,0.0452999,0.00268274,-0.0381377,0.22495,0,0,0
20.9568,2,1.45134,-1.33511,6.49291,0.000143366,0.00178151,0.00168974,0.252628,0,0,0
20.9568,3,0,0,0,0,0,0,0,0,0,0
20.9568,4,0,0,0,0,0,0,0,0,0,0
20.9568,5,0,0,0,0,0,0,0,0,0,0
21.0171,0,-1.24105,-1.34068,3.7968,-0.0019234,-0.00077425,0.00162173,0.257318,0,0,0
21.0171,1,0.41725,1.59444,4.86176,0.0314036,-0.001201,-0.0588559,0.22495,0,0,0
21.0171,2,1.45137,-1.33538,6.49303,0.000316285,0.00054284,0.00189381,0.252628,0,0,0
21.0171,3,0,0,0,0,0,0,0,0,0,0
21.0171,4,0,0,0,0,0,0,0,0,0,0
21.0171,5,0,0,0,0,0,0,0,0,0,0
21.0752,0,-1.24105,-1.34068,3.7968,-0.0019234,-0.00077425,0.00162173,0.257318,0,0,0
21.0752,1,0.414741,1.59467,4.85874,0.0188944,5.56054e-05,-0.0624591,0.223863,0,0,0
21.0752,2,1.45141,-1.33558,6.49313,0.000446933,-0.000308286,0.00204712,0.253026,0,0,0
21.0752,3,0,0,0,0,0,0,0,0,0,0
21.0752,4,0,0,0,0,0,0,0,0,0,0
21.0752,5,0,0,0,0,0,0,0,0,0,0
21.1282,0,-1.24096,-1.34003,3.79698,-0.00101787,0.00142191,0.00178499,0.256748,0,0,0
21.1282,1,0.411674,1.5941,4.85556,0.0066361,-0.00132416,-0.0631574,0.223863,0,0,0
21.1282,2,1.45143,-1.33577,6.49323,0.000510092,-0.000981115,0.00214237,0.253026,0,0,0
21.1282,3,0,0,0,0,0,0,0,0,0,0
21.1282,4,0,0,0,0,0,0,0,0,0,0
21.1282,5,0,0,0,0,0,0,0,0,0,0
21.1845,0,-1.24096,-1.34003,3.79698,-0.00101787,0.00142191,0.00178499,0.256748,0,0,0
21.1845,1,0.411674,1.5941,4.85556,0.0066361,-0.00132416,-0.0631574,0.222996,0,0,0
21.1845,2,1.45149,-1.33606,6.49334,0.000686846,-0.00190727,0.00216774,0.253467,0,0,0
21.1845,3,0,0,0,0,0,0,0,0,0,0
21.1845,4,0,0,0,0,0,0,0,0,0,0
21.1845,5,0,0,0,0,0,0,0,0,0,0
21.2346,0,-1.24094,-1.33972,3.79706,-0.000792355,0.00230996,0.00181321,0.256166,0,0,0
21.2346,1,0.407738,1.5941,4.85403,-0.00705455,-0.000870518,-0.0617467,0.222996,0,0,0
21.2346,2,1.45156,-1.33632,6.49345,0.000851667,-0.00260427,0.00214013,0.254066,0,0,0
21.2346,3,0,0,0,0,0,0,0,0,0,0
21.2346,4,0,0,0,0,0,0,0,0,0,0
21.2346,5,0,0,0,0,0,0,0,0,0,0
21.2974,0,-1.24079,-1.339,3.79725,-1.57133e-05,0.00397926,0.00172779,0.256166,0,0,0
21.2974,1,0.400914,1.59335,4.84716,-0.028275,-0.00268817,-0.0577472,0.222682,0,0,0
21.2974,2,1.45157,-1.33663,6.49357,0.000826618,-0.00335044,0.00205489,0.254066,0,0,0
21.2974,3,0,0,0,0,0,0,0,0,0,0
21.2974,4,0,0,0,0,0,0,0,0,0,0
21.2974,5,0,0,0,0,0,0,0,0,0,0
21.3523,0,-1.24071,-1.33871,3.79735,0.0003263,0.00435717,0.00170722,0.255433,0,0,0
21.3523,1,0.394212,1.59378,4.84437,-0.0430614,-0.000247244,-0.0547746,0.222682,0,0,0
21.3523,2,1.45164,-1.33689,6.49367,0.000952975,-0.00382169,0.00189854,0.254665,0,0,0
21.3523,3,0,0,0,0,0,0,0,0,0,0
21.3523,4,0,0,0,0,0,0,0,0,0,0
21.3523,5,0,0,0,0,0,0,0,0,0,0
21.4078,0,-1.24061,-1.33841,3.79743,0.000681235,0.004769,0.00156637,0.255433,0,0,0
21.4078,1,0.390513,1.59406,4.84448,-0.0497274,0.000832202,-0.0500708,0.221744,0,0,0
21.4078,2,1.45162,-1.33703,6.49375,0.000742711,-0.00380007,0.00170636,0.254665,0,0,0
21.4078,3,0,0,0,0,0,0,0,0,0,0
21.4078,4,0,0,0,0,0,0,0,0,0,0
21.4078,5,0,0,0,0,0,0,0,0,0,0
21.4665,0,-1.24058,-1.33806,3.79749,0.000780657,0.00528655,0.00138684,0.254807,0,0,0
21.4665,1,0.38744,1.59315,4.84196,-0.0533127,-0.00207203,-0.0475252,0.221744,0,0,0
21.4665,2,1.45164,-1.33726,6.49384,0.000713035,-0.00406375,0.00145815,0.255048,0,0,0
21.4665,3,0,0,0,0,0,0,0,0,0,0
21.4665,4,0,0,0,0,0,0,0,0,0,0
21.4665,5,0,0,0,0,0,0,0,0,0,0
21.5167,0,-1.24055,-1.33785,3.79755,0.00084934,0.00524415,0.00116109,0.254807,0,0,0
21.5167,1,0.385868,1.59382,4.83965,-0.0589418,0.000543558,-0.0437105,0.220984,0,0,0
21.5167,2,1.45169,-1.33754,6.49391,0.000788501,-0.00452605,0.00118426,0.255048,0,0,0
21.5167,3,0,0,0,0,0,0,0,0,0,0
21.5167,4,0,0,0,0,0,0,0,0,0,0
21.5167,5,0,0,0,0,0,0,0,0,0,0
21.5796,0,-1.24048,-1.33755,3.7976,0.00103045,0.0054915,0.000901748,0.254276,0,0,0
21.5796,1,0.38264,1.59377,4.83786,-0.0618245,0.000421143,-0.0370552,0.220984,0,0,0
21.5796,2,1.45175,-1.33782,6.49397,0.000868885,-0.00485033,0.000871528,0.255613,0,0,0
21.5796,3,0,0,0,0,0,0,0,0,0,0
21.5796,4,0,0,0,0,0,0,0,0,0,0
21.5796,5,0,0,0,0,0,0,0,0,0,0
21.6375,0,-1.24053,-1.33741,3.79763,0.000840883,0.00522204,0.000661348,0.254276,0,0,0
21.6375,1,0.380568,1.59346,4.83679,-0.0589192,-0.000913074,-0.02924,0.222033,0,0,0
21.6375,2,1.45178,-1.33802,6.49401,0.000832438,-0.00482341,0.000496354,0.255613,0,0,0
21.6375,3,0,0,0,0,0,0,0,0,0,0
21.6375,4,0,0,0,0,0,0,0,0,0,0
21.6375,5,0,0,0,0,0,0,0,0,0,0
21.6979,0,-1.24057,-1.33734,3.79764,0.000693122,0.00466373,0.000418647,0.253871,0,0,0
21.6979,1,0.377511,1.59343,4.83585,-0.0615859,-0.000726977,-0.00808057,0.222033,0,0,0
21.6979,2,1.45179,-1.33815,6.49403,0.000716223,-0.0045543,0.000119818,0.255926,0,0,0
21.6979,3,0,0,0,0,0,0,0,0,0,0
21.6979,4,0,0,0,0,0,0,0,0,0,0
21.6979,5,0,0,0,0,0,0,0,0,0,0
21.7517,0,-1.2406,-1.33726,3.79765,0.000580932,0.00425615,0.000213165,0.253871,0,0,0
21.7517,1,0.375469,1.59348,4.83753,-0.0602979,-0.000572783,0.0188257,0.22193,0,0,0
21.7517,2,1.4518,-1.33823,6.49402,0.000635254,-0.00415174,-0.00021007,0.255926,0,0,0
21.7517,3,0,0,0,0,0,0,0,0,0,0
21.7517,4,0,0,0,0,0,0,0,0,0,0
21.7517,5,0,0,0,0,0,0,0,0,0,0
21.8093,0,-1.24069,-1.33729,3.79765,0.000307784,0.00346183,2.17045e-05,0.25377,0,0,0
21.8093,1,0.374416,1.59325,4.84007,-0.0557496,-0.00151014,0.035339,0.22193,0,0,0
21.8093,2,1.45178,-1.33829,6.49401,0.000437669,-0.00370061,-0.000526871,0.256026,0,0,0
21.8093,3,0,0,0,0,0,0,0,0,0,0
21.8093,4,0,0,0,0,0,0,0,0,0,0
21.8093,5,0,0,0,0,0,0,0,0,0,0
21.8598,0,-1.24076,-1.3372,3.79765,0.000116485,0.00327646,-7.21838e-05,0.25377,0,0,0
21.8598,1,0.374673,1.59336,4.84321,-0.0467416,-0.00132335,0.0512167,0.22103,0,0,0
21.8598,2,1.45179,-1.33826,6.49398,0.000368363,-0.00303672,-0.000808588,0.256026,0,0,0
21.8598,3,0,0,0,0,0,0,0,0,0,0
21.8598,4,0,0,0,0,0,0,0,0,0,0
21.8598,5,0,0,0,0,0,0,0,0,0,0
21.9202,0,-1.24087,-1.33743,3.79763,-0.000250952,0.00245355,-0.000269159,0.253793,0,0,0
21.9202,1,0.375816,1.59313,4.84592,-0.0353769,-0.0023414,0.058474,0.220066,0,0,0
21.9202,2,1.45179,-1.3382,6.49393,0.000275799,-0.00237424,-0.00110637,0.255924,0,0,0
21.9202,3,0,0,0,0,0,0,0,0,0,0
21.9202,4,0,0,0,0,0,0,0,0,0,0
21.9202,5,0,0,0,0,0,0,0,0,0,0
21.9763,0,-1.24101,-1.33757,3.7976,-0.000627118,0.00155046,-0.000420115,0.253793,0,0,0
21.9763,1,0.377123,1.59294,4.84881,-0.0245286,-0.0030486,0.0621893,0.220066,0,0,0
21.9763,2,1.45174,-1.33808,6.49386,-3.06612e-06,-0.00155683,-0.00138549,0.255924,0,0,0
21.9763,3,0,0,0,0,0,0,0,0,0,0
21.9763,4,0,0,0,0,0,0,0,0,0,0
21.9763,5,0,0,0,0,0,0,0,0,0,0
22.0282,0,-1.24112,-1.33771,3.7976,-0.000869987,0.000747643,-0.000465183,0.254228,0,0,0
22.0282,1,0.379716,1.59362,4.84867,-0.0112969,-0.000825719,0.0600477,0.220249,0,0,0
22.0282,2,1.45174,-1.33797,6.4938,-2.82939e-05,-0.00090246,-0.00156631,0.255657,0,0,0
22.0282,3,0,0,0,0,0,0,0,0,0,0
22.0282,4,0,0,0,0,0,0,0,0,0,0
22.0282,5,0,0,0,0,0,0,0,0,0,0
22.0868,0,-1.24133,-1.33792,3.79755,-0.00116927,-0.000176963,-0.000621484,0.254228,0,0,0
22.0868,1,0.383548,1.59336,4.85466,0.00486011,-0.00220236,0.0622653,0.220249,0,0,0
22.0868,2,1.45172,-1.33783,6.49372,-0.000140501,-0.000217858,-0.0017126,0.255657,0,0,0
22.0868,3,0,0,0,0,0,0,0,0,0,0
22.0868,4,0,0,0,0,0,0,0,0,0,0
22.0868,5,0,0,0,0,0,0,0,0,0,0
22.1525,0,-1.24151,-1.33832,3.79751,-0.00148145,-0.00148487,-0.000647352,0.254687,0,0,0
22.1525,1,0.38679,1.59328,4.85808,0.0165482,-0.00247792,0.0571434,0.219249,0,0,0
22.1525,2,1.45176,-1.3376,6.49361,-2.63987e-05,0.000660416,-0.0017357,0.255494,0,0,0
22.1525,3,0,0,0,0,0,0,0,0,0,0
22.1525,4,0,0,0,0,0,0,0,0,0,0
22.1525,5,0,0,0,0,0,0,0,0,0,0
22.2053,0,-1.2417,-1.33852,3.79748,-0.00185841,-0.001967,-0.000704029,0.254687,0,0,0
22.2053,1,0.390207,1.5939,4.85987,0.0269331,-0.000188519,0.0537375,0.219249,0,0,0
22.2053,2,1.45159,-1.33721,6.4935,-0.000657509,0.00203713,-0.00166684,0.255494,0,0,0
22.2053,3,0,0,0,0,0,0,0,0,0,0
22.2053,4,0,0,0,0,0,0,0,0,0,0
22.2053,5,0,0,0,0,0,0,0,0,0,0
22.2555,0,-1.24184,-1.33883,3.79745,-0.0019763,-0.00277466,-0.000658253,0.255381,0,0,0
22.2555,1,0.39455,1.59325,4.86272,0.039179,-0.00290869,0.0508392,0.219466,0,0,0
22.2555,2,1.45153,-1.33678,6.49341,-0.000711112,0.00291224,-0.00150804,0.254837,0,0,0
22.2555,3,0,0,0,0,0,0,0,0,0,0
22.2555,4,0,0,0,0,0,0,0,0,0,0
22.2555,5,0,0,0,0,0,0,0,0,0,0
22.3137,0,-1.24193,-1.33892,3.79745,-0.00228939,-0.00308729,-0.000533082,0.255381,0,0,0
22.3137,1,0.397906,1.59377,4.86565,0.0458062,-0.00083938,0.0484113,0.219466,0,0,0
22.3137,2,1.45149,-1.33651,6.49334,-0.000784824,0.0034115,-0.00127979,0.254837,0,0,0
22.3137,3,0,0,0,0,0,0,0,0,0,0
22.3137,4,0,0,0,0,0,0,0,0,0,0
22.3137,5,0,0,0,0,0,0,0,0,0,0
22.364,0,-1.24211,-1.33922,3.79743,-0.00246201,-0.00366827,-0.000410148,0.255829,0,0,0
22.364,1,0.402651,1.59328,4.86758,0.0563626,-0.00289106,0.0457282,0.220148,0,0,0
22.364,2,1.45144,-1.33631,6.49324,-0.000840611,0.00359995,-0.00108287,0.254144,0,0,0
22.364,3,0,0,0,0,0,0,0,0,0,0
22.364,4,0,0,0,0,0,0,0,0,0,0
22.364,5,0,0,0,0,0,0,0,0,0,0
22.4254,0,-1.24224,-1.33946,3.79741,-0.0024958,-0.00400593,-0.000277699,0.255829,0,0,0
22.4254,1,0.405859,1.59423,4.86961,0.0586778,0.000940946,0.0381391,0.220148,0,0,0
22.4254,2,1.45148,-1.33617,6.49323,-0.000596873,0.00357865,-0.000746745,0.254144,0,0,0
22.4254,3,0,0,0,0,0,0,0,0,0,0
22.4254,4,0,0,0,0,0,0,0,0,0,0
22.4254,5,0,0,0,0,0,0,0,0,0,0
22.486,0,-1.24251,-1.33988,3.7974,-0.00262174,-0.00437795,-0.000124949,0.256433,0,0,0
22.486,1,0.408943,1.59415,4.87108,0.0615435,0.00050188,0.0280227,0.221793,0,0,0
22.486,2,1.45142,-1.3359,6.4932,-0.000732821,0.00394488,-0.000413664,0.253811,0,0,0
22.486,3,0,0,0,0,0,0,0,0,0,0
22.486,4,0,0,0,0,0,0,0,0,0,0
22.486,5,0,0,0,0,0,0,0,0,0,0
22.5413,0,-1.24262,-1.34008,3.7974,-0.0025758,-0.00444287,7.93385e-05,0.257126,0,0,0
22.5413,1,0.414708,1.59436,4.87196,0.0636684,0.00115517,0.00772315,0.221793,0,0,0
22.5413,2,1.45143,-1.33571,6.49321,-0.000614531,0.00405437,-1.26749e-05,0.253811,0,0,0
22.5413,3,0,0,0,0,0,0,0,0,0,0
22.5413,4,0,0,0,0,0,0,0,0,0,0
22.5413,5,0,0,0,0,0,0,0,0,0,0
22.5997,0,-1.24267,-1.34007,3.79743,-0.00239363,-0.00384069,0.000277562,0.257126,0,0,0
22.5997,1,0.413933,1.59428,4.87207,0.0603126,0.00096077,-0.0107412,0.222732,0,0,0
22.5997,2,1.45143,-1.33564,6.49323,-0.000494912,0.0036841,0.000520642,0.253405,0,0,0
22.5997,3,0,0,0,0,0,0,0,0,0,0
22.5997,4,0,0,0,0,0,0,0,0,0,0
22.5997,5,0,0,0,0,0,0,0,0,0,0
22.66,0,-1.24275,-1.34022,3.79744,-0.00226806,-0.00384104,0.000472311,0.257298,0,0,0
22.66,1,0.416295,1.59426,4.87084,0.0587647,0.000795343,-0.0254614,0.222732,0,0,0
22.66,2,1.45139,-1.33547,6.49327,-0.000553654,0.00377268,0.000835968,0.253405,0,0,0
22.66,3,0,0,0,0,0,0,0,0,0,0
22.66,4,0,0,0,0,0,0,0,0,0,0
22.66,5,0,0,0,0,0,0,0,0,0,0
22.7182,0,-1.24278,-1.34022,3.79746,-0.00203122,-0.00333236,0.000631836,0.257298,0,0,0
22.7182,1,0.416838,1.59409,4.8684,0.0512715,0.00049789,-0.0435139,0.223146,0,0,0
22.7182,2,1.45144,-1.33563,6.49329,-0.000271443,0.00268693,0.00111138,0.253218,0,0,0
22.7182,3,0,0,0,0,0,0,0,0,0,0
22.7182,4,0,0,0,0,0,0,0,0,0,0
22.7182,5,0,0,0,0,0,0,0,0,0,0
22.7734,0,-1.24278,-1.34014,3.7975,-0.00174103,-0.00269279,0.000817194,0.257228,0,0,0
22.7734,1,0.41635,1.59377,4.86609,0.0412115,-0.000217601,-0.0519332,0.223146,0,0,0
22.7734,2,1.4514,-1.33551,6.49338,-0.000363236,0.0026448,0.00129214,0.253218,0,0,0
22.7734,3,0,0,0,0,0,0,0,0,0,0
22.7734,4,0,0,0,0,0,0,0,0,0,0
22.7734,5,0,0,0,0,0,0,0,0,0,0
22.8287,0,-1.24281,-1.34003,3.7976,-0.00156327,-0.00201432,0.00106649,0.257228,0,0,0
22.8287,1,0.417211,1.5942,4.86312,0.0317135,0.00156697,-0.0582645,0.222822,0,0,0
22.8287,2,1.45149,-1.33578,6.49349,-2.82054e-05,0.00168908,0.00162206,0.253309,0,0,0
22.8287,3,0,0,0,0,0,0,0,0,0,0
22.8287,4,0,0,0,0,0,0,0,0,0,0
22.8287,5,0,0,0,0,0,0,0,0,0,0
22.8876,0,-1.24277,-1.33993,3.79759,-0.00144929,-0.0016226,0.0010991,0.257013,0,0,0
22.8876,1,0.414426,1.5936,4.85991,0.0189053,9.08895e-06,-0.061566,0.222822,0,0,0
22.8876,2,1.45149,-1.33591,6.49356,1.92309e-05,0.000945284,0.0018088,0.253309,0,0,0
22.8876,3,0,0,0,0,0,0,0,0,0,0
22.8876,4,0,0,0,0,0,0,0,0,0,0
22.8876,5,0,0,0,0,0,0,0,0,0,0
22.9378,0,-1.2427,-1.33953,3.79765,-0.000869324,9.99009e-05,0.00125624,0.257013,0,0,0
22.9378,1,0.411053,1.59325,4.85683,0.00569863,-0.000613944,-0.0617794,0.222641,0,0,0
22.9378,2,1.45163,-1.33623,6.49365,0.000545219,-0.000413401,0.00190304,0.253749,0,0,0
22.9378,3,0,0,0,0,0,0,0,0,0,0
22.9378,4,0,0,0,0,0,0,0,0,0,0
22.9378,5,0,0,0,0,0,0,0,0,0,0
22.988,0,-1.24258,-1.33923,3.79774,-0.000344212,0.00110475,0.00138769,0.256298,0,0,0
22.988,1,0.407516,1.59365,4.85394,-0.00679486,0.00118444,-0.0608451,0.222641,0,0,0
22.988,2,1.45159,-1.33632,6.49377,0.000350146,-0.000674211,0.00200141,0.253749,0,0,0
22.988,3,0,0,0,0,0,0,0,0,0,0
22.988,4,0,0,0,0,0,0,0,0,0,0
22.988,5,0,0,0,0,0,0,0,0,0,0
23.0442,0,-1.24256,-1.33914,3.79782,-0.000192768,0.00126671,0.00141637,0.256298,0,0,0
23.0442,1,0.407152,1.59371,4.85178,-0.0072076,0.00126119,-0.0596733,0.222054,0,0,0
23.0442,2,1.45163,-1.33661,6.49386,0.000457511,-0.00152151,0.00189321,0.254219,0,0,0
23.0442,3,0,0,0,0,0,0,0,0,0,0
23.0442,4,0,0,0,0,0,0,0,0,0,0
23.0442,5,0,0,0,0,0,0,0,0,0,0
23.0944,0,-1.24245,-1.33891,3.79788,0.000209378,0.00184135,0.00141907,0.255928,0,0,0
23.0944,1,0.402183,1.59235,4.84832,-0.0222975,-0.00344506,-0.0561317,0.222054,0,0,0
23.0944,2,1.45173,-1.337,6.49395,0.000811933,-0.0026643,0.0017664,0.254219,0,0,0
23.0944,3,0,0,0,0,0,0,0,0,0,0
23.0944,4,0,0,0,0,0,0,0,0,0,0
23.0944,5,0,0,0,0,0,0,0,0,0,0
23.1472,0,-1.24234,-1.33856,3.79796,0.000560803,0.00275061,0.00137842,0.255928,0,0,0
23.1472,1,0.396847,1.59347,4.845,-0.0387667,0.00163258,-0.0534873,0.220659,0,0,0
23.1472,2,1.45172,-1.33719,6.49403,0.000677702,-0.0029492,0.00160081,0.254916,0,0,0
23.1472,3,0,0,0,0,0,0,0,0,0,0
23.1472,4,0,0,0,0,0,0,0,0,0,0
23.1472,5,0,0,0,0,0,0,0,0,0,0
23.2031,0,-1.24225,-1.33806,3.79804,0.00076121,0.00408773,0.00120661,0.255082,0,0,0
23.2031,1,0.392607,1.59354,4.84243,-0.0486408,0.00198254,-0.0510252,0.220659,0,0,0
23.2031,2,1.45181,-1.3375,6.4941,0.000902389,-0.00357804,0.00139642,0.254916,0,0,0
23.2031,3,0,0,0,0,0,0,0,0,0,0
23.2031,4,0,0,0,0,0,0,0,0,0,0
23.2031,5,0,0,0,0,0,0,0,0,0,0
23.2535,0,-1.24213,-1.33775,3.7981,0.00108757,0.00450684,0.00106114,0.255082,0,0,0
23.2535,1,0.386444,1.59294,4.84043,-0.0557783,-0.000321026,-0.0485152,0.221657,0,0,0
23.2535,2,1.45185,-1.33773,6.49415,0.000895954,-0.00378906,0.00117481,0.255424,0,0,0
23.2535,3,0,0,0,0,0,0,0,0,0,0
23.2535,4,0,0,0,0,0,0,0,0,0,0
23.2535,5,0,0,0,0,0,0,0,0,0,0
23.3144,0,-1.24205,-1.33748,3.79814,0.00123976,0.00474198,0.00092868,0.254743,0,0,0
23.3144,1,0.382259,1.59351,4.83826,-0.0614061,0.00161918,-0.0447042,0.221657,0,0,0
23.3144,2,1.45183,-1.33786,6.4942,0.000726587,-0.00373098,0.000884742,0.255424,0,0,0
23.3144,3,0,0,0,0,0,0,0,0,0,0
23.3144,4,0,0,0,0,0,0,0,0,0,0
23.3144,5,0,0,0,0,0,0,0,0,0,0
23.3672,0,-1.24198,-1.33725,3.79818,0.00133928,0.00486911,0.00074151,0.254743,0,0,0
23.3672,1,0.380322,1.59305,4.83647,-0.05977,-0.000110279,-0.0345678,0.221697,0,0,0
23.3672,2,1.45185,-1.33808,6.49424,0.000702339,-0.00398646,0.000582278,0.255772,0,0,0
23.3672,3,0,0,0,0,0,0,0,0,0,0
23.3672,4,0,0,0,0,0,0,0,0,0,0
23.3672,5,0,0,0,0,0,0,0,0,0,0
23.4199,0,-1.24194,-1.33708,3.79822,0.00130889,0.00477306,0.000537176,0.254233,0,0,0
23.4199,1,0.377749,1.59306,4.83502,-0.0601869,-7.92634e-05,-0.0174467,0.221697,0,0,0
23.4199,2,1.45193,-1.33833,6.49426,0.00085415,-0.00426599,0.000345957,0.255772,0,0,0
23.4199,3,0,0,0,0,0,0,0,0,0,0
23.4199,4,0,0,0,0,0,0,0,0,0,0
23.4199,5,0,0,0,0,0,0,0,0,0,0
23.477,0,-1.24192,-1.33696,3.79824,0.0012585,0.00448686,0.000279792,0.254233,0,0,0
23.477,1,0.375604,1.59287,4.83484,-0.0598481,-0.000718069,-0.000778685,0.221711,0,0,0
23.477,2,1.45188,-1.33832,6.49425,0.00055769,-0.00362943,-0.000177344,0.256223,0,0,0
23.477,3,0,0,0,0,0,0,0,0,0,0
23.477,4,0,0,0,0,0,0,0,0,0,0
23.477,5,0,0,0,0,0,0,0,0,0,0
23.5323,0,-1.24187,-1.33672,3.79825,0.0012682,0.00456512,7.00551e-05,0.253947,0,0,0
23.5323,1,0.374173,1.59263,4.83572,-0.0571585,-0.00169346,0.0252917,0.221711,0,0,0
23.5323,2,1.45192,-1.33849,6.49423,0.000604113,-0.00371614,-0.000346602,0.256223,0,0,0
23.5323,3,0,0,0,0,0,0,0,0,0,0
23.5323,4,0,0,0,0,0,0,0,0,0,0
23.5323,5,0,0,0,0,0,0,0,0,0,0
23.5877,0,-1.24193,-1.3368,3.79823,0.000989385,0.00364786,-0.00019042,0.253947,0,0,0
23.5877,1,0.373766,1.59215,4.83749,-0.0506979,-0.00360139,0.0391251,0.221147,0,0,0
23.5877,2,1.4519,-1.33833,6.49422,0.000506671,-0.00313624,-0.000710484,0.256342,0,0,0
23.5877,3,0,0,0,0,0,0,0,0,0,0
23.5877,4,0,0,0,0,0,0,0,0,0,0
23.5877,5,0,0,0,0,0,0,0,0,0,0
23.6429,0,-1.24198,-1.33685,3.79823,0.000757296,0.00294299,-0.000356938,0.253823,0,0,0
23.6429,1,0.374996,1.59224,4.83983,-0.0393114,-0.0036033,0.0502621,0.221147,0,0,0
23.6429,2,1.45188,-1.33843,6.4941,0.000275244,-0.00250615,-0.00119311,0.256214,0,0,0
23.6429,3,0,0,0,0,0,0,0,0,0,0
23.6429,4,0,0,0,0,0,0,0,0,0,0
23.6429,5,0,0,0,0,0,0,0,0,0,0
23.6981,0,-1.242,-1.33688,3.79821,0.000635186,0.00237934,-0.000471342,0.253823,0,0,0
23.6981,1,0.373816,1.5928,4.8426,-0.0380218,-0.00150448,0.0565033,0.220073,0,0,0
23.6981,2,1.45184,-1.33824,6.4941,0.000103091,-0.00183884,-0.00132346,0.256214,0,0,0
23.6981,3,0,0,0,0,0,0,0,0,0,0
23.6981,4,0,0,0,0,0,0,0,0,0,0
23.6981,5,0,0,0,0,0,0,0,0,0,0
23.7615,0,-1.24213,-1.33705,3.79815,0.00016987,0.00144221,-0.000633874,0.253924,0,0,0
23.7615,1,0.376759,1.59221,4.8447,-0.0224343,-0.00369519,0.0600365,0.220073,0,0,0
23.7615,2,1.4518,-1.33816,6.49403,-8.48597e-05,-0.00120669,-0.00157505,0.255939,0,0,0
23.7615,3,0,0,0,0,0,0,0,0,0,0
23.7615,4,0,0,0,0,0,0,0,0,0,0
23.7615,5,0,0,0,0,0,0,0,0,0,0
23.8177,0,-1.24224,-1.33726,3.79811,-8.4793e-05,0.000515492,-0.000786151,0.253924,0,0,0
23.8177,1,0.380856,1.59276,4.84747,-0.00472676,-0.00257766,0.0616207,0.219318,0,0,0
23.8177,2,1.45178,-1.33789,6.49391,-0.000225425,-5.67382e-05,-0.0018194,0.255939,0,0,0
23.8177,3,0,0,0,0,0,0,0,0,0,0
23.8177,4,0,0,0,0,0,0,0,0,0,0
23.8177,5,0,0,0,0,0,0,0,0,0,0
23.8679,0,-1.24242,-1.33756,3.79806,-0.000592472,-0.000603078,-0.000913768,0.254383,0,0,0
23.8679,1,0.381927,1.59389,4.85181,-0.000134405,0.00112563,0.0602774,0.219318,0,0,0
23.8679,2,1.45169,-1.33762,6.49382,-0.000565218,0.000995843,-0.00189307,0.25535,0,0,0
23.8679,3,0,0,0,0,0,0,0,0,0,0
23.8679,4,0,0,0,0,0,0,0,0,0,0
23.8679,5,0,0,0,0,0,0,0,0,0,0
23.9256,0,-1.24261,-1.33786,3.79801,-0.00110927,-0.00157851,-0.000967038,0.254383,0,0,0
23.9256,1,0.386932,1.59242,4.85433,0.0177234,-0.0042762,0.0578235,0.22022,0,0,0
23.9256,2,1.45168,-1.33739,6.49373,-0.000554644,0.00169168,-0.00186927,0.25535,0,0,0
23.9256,3,0,0,0,0,0,0,0,0,0,0
23.9256,4,0,0,0,0,0,0,0,0,0,0
23.9256,5,0,0,0,0,0,0,0,0,0,0
23.976,0,-1.2427,-1.33809,3.79797,-0.00123757,-0.00220793,-0.000922707,0.255085,0,0,0
23.976,1,0.390724,1.5927,4.85722,0.0287575,-0.00352874,0.0538856,0.22022,0,0,0
23.976,2,1.4516,-1.33715,6.49365,-0.000771677,0.00233577,-0.00177464,0.25486,0,0,0
23.976,3,0,0,0,0,0,0,0,0,0,0
23.976,4,0,0,0,0,0,0,0,0,0,0
23.976,5,0,0,0,0,0,0,0,0,0,0
24.0266,0,-1.24293,-1.33837,3.79793,-0.00172787,-0.00280647,-0.000958551,0.255085,0,0,0
24.0266,1,0.39436,1.59276,4.8602,0.0375082,-0.00345151,0.0506179,0.218988,0,0,0
24.0266,2,1.45162,-1.33684,6.49357,-0.000546582,0.00274715,-0.00158825,0.25486,0,0,0
24.0266,3,0,0,0,0,0,0,0,0,0,0
24.0266,4,0,0,0,0,0,0,0,0,0,0
24.0266,5,0,0,0,0,0,0,0,0,0,0
24.087,0,-1.24304,-1.33866,3.79787,-0.00184449,-0.00340365,-0.000885306,0.255683,0,0,0
24.087,1,0.399818,1.59397,4.86281,0.0511475,0.000455975,0.0471206,0.220708,0,0,0
24.087,2,1.45154,-1.33648,6.49348,-0.000740033,0.0035252,-0.00133691,0.254204,0,0,0
24.087,3,0,0,0,0,0,0,0,0,0,0
24.087,4,0,0,0,0,0,0,0,0,0,0
24.087,5,0,0,0,0,0,0,0,0,0,0
24.1499,0,-1.24317,-1.33897,3.79785,-0.00197564,-0.0039981,-0.000651431,0.256316,0,0,0
24.1499,1,0.404033,1.59343,4.86562,0.0592224,-0.00183346,0.0439426,0.220708,0,0,0
24.1499,2,1.45144,-1.33612,6.49336,-0.00100433,0.00426978,-0.001079,0.254204,0,0,0
24.1499,3,0,0,0,0,0,0,0,0,0,0
24.1499,4,0,0,0,0,0,0,0,0,0,0
24.1499,5,0,0,0,0,0,0,0,0,0,0
24.2055,0,-1.24334,-1.33936,3.79784,-0.0022099,-0.00480639,-0.00057491,0.256316,0,0,0
24.2055,1,0.407772,1.59396,4.86998,0.064002,8.104e-05,0.0394589,0.221459,0,0,0
24.2055,2,1.45142,-1.33584,6.49332,-0.000927593,0.00457454,-0.000721605,0.253817,0,0,0
24.2055,3,0,0,0,0,0,0,0,0,0,0
24.2055,4,0,0,0,0,0,0,0,0,0,0
24.2055,5,0,0,0,0,0,0,0,0,0,0
24.2557,0,-1.24348,-1.33964,3.79782,-0.00232965,-0.0050764,-0.000469666,0.257029,0,0,0
24.2557,1,0.411494,1.5941,4.87205,0.067646,0.00042273,0.038888,0.221459,0,0,0
24.2557,2,1.4514,-1.33562,6.49332,-0.000903198,0.00468913,-0.000348084,0.253817,0,0,0
24.2557,3,0,0,0,0,0,0,0,0,0,0
24.2557,4,0,0,0,0,0,0,0,0,0,0
24.2557,5,0,0,0,0,0,0,0,0,0,0
24.3109,0,-1.24354,-1.33966,3.7978,-0.00222931,-0.00449235,-0.000349247,0.257029,0,0,0
24.3109,1,0.414673,1.5945,4.87335,0.068576,0.00176149,0.0343159,0.223066,0,0,0
24.3109,2,1.45144,-1.33561,6.49333,-0.000588305,0.00408929,2.2913e-05,0.253373,0,0,0
24.3109,3,0,0,0,0,0,0,0,0,0,0
24.3109,4,0,0,0,0,0,0,0,0,0,0
24.3109,5,0,0,0,0,0,0,0,0,0,0
24.3648,0,-1.24365,-1.33992,3.79779,-0.00223838,-0.00470507,-0.000128776,0.257355,0,0,0
24.3648,1,0.417357,1.59461,4.87502,0.0677034,0.00195364,0.0264635,0.223066,0,0,0
24.3648,2,1.45142,-1.33555,6.49336,-0.000552493,0.00369424,0.000410111,0.253373,0,0,0
24.3648,3,0,0,0,0,0,0,0,0,0,0
24.3648,4,0,0,0,0,0,0,0,0,0,0
24.3648,5,0,0,0,0,0,0,0,0,0,0
24.4175,0,-1.24377,-1.34009,3.7978,-0.00230377,-0.00461201,0.000136142,0.257355,0,0,0
24.4175,1,0.420094,1.59452,4.87587,0.0669795,0.00138394,0.0136058,0.223655,0,0,0
24.4175,2,1.45138,-1.33537,6.4934,-0.000592537,0.00379258,0.000740651,0.25334,0,0,0
24.4175,3,0,0,0,0,0,0,0,0,0,0
24.4175,4,0,0,0,0,0,0,0,0,0,0
24.4175,5,0,0,0,0,0,0,0,0,0,0
24.4779,0,-1.24378,-1.34009,3.79783,-0.00199658,-0.00397409,0.000525302,0.257544,0,0,0
24.4779,1,0.422695,1.59479,4.87609,0.0654627,0.00216428,-0.00213078,0.223655,0,0,0
24.4779,2,1.45144,-1.33554,6.49346,-0.000282602,0.00269742,0.00105493,0.25334,0,0,0
24.4779,3,0,0,0,0,0,0,0,0,0,0
24.4779,4,0,0,0,0,0,0,0,0,0,0
24.4779,5,0,0,0,0,0,0,0,0,0,0
24.5335,0,-1.24377,-1.34006,3.79787,-0.00166315,-0.00327199,0.000756112,0.257544,0,0,0
24.5335,1,0.423754,1.5945,4.87535,0.0584848,0.00122608,-0.0202656,0.224908,0,0,0
24.5335,2,1.45149,-1.33562,6.49352,-3.7896e-05,0.00199837,0.00140915,0.253379,0,0,0
24.5335,3,0,0,0,0,0,0,0,0,0,0
24.5335,4,0,0,0,0,0,0,0,0,0,0
24.5335,5,0,0,0,0,0,0,0,0,0,0
24.594,0,-1.24379,-1.34,3.79792,-0.001486,-0.002573,0.000926255,0.257444,0,0,0
24.594,1,0.424219,1.5945,4.87425,0.0501636,0.00142364,-0.0357869,0.224908,0,0,0
24.594,2,1.45155,-1.33575,6.49359,0.000250424,0.00121251,0.00158443,0.253379,0,0,0
24.594,3,0,0,0,0,0,0,0,0,0,0
24.594,4,0,0,0,0,0,0,0,0,0,0
24.594,5,0,0,0,0,0,0,0,0,0,0
24.6518,0,-1.24374,-1.33986,3.79798,-0.0011375,-0.00169883,0.00108516,0.257444,0,0,0
24.6518,1,0.423775,1.59389,4.87216,0.0401291,-0.000448009,-0.047294,0.224955,0,0,0
24.6518,2,1.45156,-1.33595,6.49369,0.000329167,0.000306255,0.00175069,0.253655,0,0,0
24.6518,3,0,0,0,0,0,0,0,0,0,0
24.6518,4,0,0,0,0,0,0,0,0,0,0
24.6518,5,0,0,0,0,0,0,0,0,0,0
24.7081,0,-1.24362,-1.33964,3.79804,-0.000555258,-0.000659823,0.00128796,0.257026,0,0,0
24.7081,1,0.422633,1.59402,4.86903,0.0290419,0.000508898,-0.0565211,0.224955,0,0,0
24.7081,2,1.4516,-1.33617,6.49379,0.00047837,-0.000523446,0.00188288,0.253655,0,0,0
24.7081,3,0,0,0,0,0,0,0,0,0,0
24.7081,4,0,0,0,0,0,0,0,0,0,0
24.7081,5,0,0,0,0,0,0,0,0,0,0
24.765,0,-1.24353,-1.33933,3.79811,-0.000192853,0.000533721,0.00145683,0.257026,0,0,0
24.765,1,0.420458,1.59413,4.86579,0.0163954,0.00142489,-0.0616007,0.224219,0,0,0
24.765,2,1.45158,-1.33625,6.49389,0.000348167,-0.000730989,0.00201086,0.254107,0,0,0
24.765,3,0,0,0,0,0,0,0,0,0,0
24.765,4,0,0,0,0,0,0,0,0,0,0
24.765,5,0,0,0,0,0,0,0,0,0,0
24.8217,0,-1.24346,-1.33911,3.79816,9.44501e-05,0.00125911,0.00151418,0.256474,0,0,0
24.8217,1,0.417718,1.59346,4.86235,0.00384666,-0.000630796,-0.0636052,0.224219,0,0,0
24.8217,2,1.4516,-1.33646,6.49391,0.000387571,-0.00137389,0.00206797,0.254107,0,0,0
24.8217,3,0,0,0,0,0,0,0,0,0,0
24.8217,4,0,0,0,0,0,0,0,0,0,0
24.8217,5,0,0,0,0,0,0,0,0,0,0
24.8719,0,-1.24334,-1.33886,3.79822,0.000516726,0.00194696,0.00156325,0.256474,0,0,0
24.8719,1,0.414572,1.59339,4.85916,-0.00850341,-0.000337332,-0.0626179,0.222952,0,0,0
24.8719,2,1.45171,-1.33686,6.49406,0.000795186,-0.00259443,0.0021285,0.254405,0,0,0
24.8719,3,0,0,0,0,0,0,0,0,0,0
24.8719,4,0,0,0,0,0,0,0,0,0,0
24.8719,5,0,0,0,0,0,0,0,0,0,0
24.9221,0,-1.24325,-1.33865,3.7983,0.000772237,0.00243863,0.00159781,0.255951,0,0,0
24.9221,1,0.410848,1.59466,4.85618,-0.0208962,0.00480153,-0.0607925,0.222952,0,0,0
24.9221,2,1.45178,-1.33728,6.49425,0.00101667,-0.00371235,0.00226514,0.254405,0,0,0
24.9221,3,0,0,0,0,0,0,0,0,0,0
24.9221,4,0,0,0,0,0,0,0,0,0,0
24.9221,5,0,0,0,0,0,0,0,0,0,0
24.9805,0,-1.24307,-1.33833,3.7984,0.00130347,0.003202,0.00159835,0.255951,0,0,0
24.9805,1,0.410848,1.59466,4.85618,-0.0208962,0.00480153,-0.0607925,0.223364,0,0,0
24.9805,2,1.45185,-1.33767,6.49433,0.00109526,-0.00459992,0.00210298,0.255299,0,0,0
24.9805,3,0,0,0,0,0,0,0,0,0,0
24.9805,4,0,0,0,0,0,0,0,0,0,0
24.9805,5,0,0,0,0,0,0,0,0,0,0
25.0307,0,-1.24296,-1.3379,3.7985,0.00150136,0.00431413,0.001513,0.255573,0,0,0
25.0307,1,0.408016,1.59259,4.85415,-0.0276053,-0.0028807,-0.0571257,0.223364,0,0,0
25.0307,2,1.45188,-1.33799,6.49445,0.00107575,-0.00505249,0.00195386,0.255299,0,0,0
25.0307,3,0,0,0,0,0,0,0,0,0,0
25.0307,4,0,0,0,0,0,0,0,0,0,0
25.0307,5,0,0,0,0,0,0,0,0,0,0
25.0903,0,-1.24282,-1.33752,3.79857,0.0017557,0.00492422,0.00141342,0.255573,0,0,0
25.0903,1,0.403182,1.59322,4.85055,-0.0412141,0.000199944,-0.053554,0.221387,0,0,0
25.0903,2,1.45187,-1.33828,6.49454,0.000914482,-0.00536378,0.00169664,0.25601,0,0,0
25.0903,3,0,0,0,0,0,0,0,0,0,0
25.0903,4,0,0,0,0,0,0,0,0,0,0
25.0903,5,0,0,0,0,0,0,0,0,0,0
25.1405,0,-1.2427,-1.33711,3.79864,0.00191586,0.00565878,0.00122686,0.25473,0,0,0
25.1405,1,0.398548,1.59333,4.84763,-0.0522137,0.00088182,-0.049931,0.221387,0,0,0
25.1405,2,1.45195,-1.33861,6.49462,0.00105504,-0.00573922,0.00143153,0.25601,0,0,0
25.1405,3,0,0,0,0,0,0,0,0,0,0
25.1405,4,0,0,0,0,0,0,0,0,0,0
25.1405,5,0,0,0,0,0,0,0,0,0,0
25.2032,0,-1.24243,-1.3367,3.79871,0.00259526,0.00627289,0.00103261,0.25473,0,0,0
25.2032,1,0.387641,1.59332,4.84293,-0.066285,0.000754402,-0.0440866,0.220912,0,0,0
25.2032,2,1.45199,-1.33888,6.49468,0.00103401,-0.00586577,0.0011495,0.256632,0,0,0
25.2032,3,0,0,0,0,0,0,0,0,0,0
25.2032,4,0,0,0,0,0,0,0,0,0,0
25.2032,5,0,0,0,0,0,0,0,0,0,0
25.2534,0,-1.24239,-1.33613,3.79875,0.00235747,0.00740332,0.000837699,0.253829,0,0,0
25.2534,1,0.387641,1.59332,4.84293,-0.066285,0.000754402,-0.0440866,0.220912,0,0,0
25.2534,2,1.45199,-1.33909,6.49473,0.000881508,-0.0057177,0.000749926,0.256632,0,0,0
25.2534,3,0,0,0,0,0,0,0,0,0,0
25.2534,4,0,0,0,0,0,0,0,0,0,0
25.2534,5,0,0,0,0,0,0,0,0,0,0
25.3095,0,-1.24223,-1.33578,3.79878,0.00256836,0.00744024,0.000647113,0.253829,0,0,0
25.3095,1,0.383876,1.59327,4.84093,-0.070037,0.000527563,-0.0418245,0.221091,0,0,0
25.3095,2,1.45199,-1.33909,6.49473,0.000881508,-0.0057177,0.000749926,0.2571,0,0,0
25.3095,3,0,0,0,0,0,0,0,0,0,0
25.3095,4,0,0,0,0,0,0,0,0,0,0
25.3095,5,0,0,0,0,0,0,0,0,0,0
25.3672,0,-1.24213,-1.33549,3.79881,0.00254586,0.00736664,0.000476309,0.252943,0,0,0
25.3672,1,0.383783,1.5936,4.83879,-0.0704485,0.00174074,-0.0398845,0.221091,0,0,0
25.3672,2,1.45204,-1.33946,6.49477,0.000751194,-0.00523326,-4.66805e-05,0.2571,0,0,0
25.3672,3,0,0,0,0,0,0,0,0,0,0
25.3672,4,0,0,0,0,0,0,0,0,0,0
25.3672,5,0,0,0,0,0,0,0,0,0,0
25.4225,0,-1.24208,-1.33534,3.79883,0.00236696,0.00678119,0.000285234,0.252943,0,0,0
25.4225,1,0.377531,1.594,4.83518,-0.071455,0.00331765,-0.0332446,0.221809,0,0,0
25.4225,2,1.45209,-1.33983,6.49474,0.000701766,-0.00502,-0.000576271,0.257433,0,0,0
25.4225,3,0,0,0,0,0,0,0,0,0,0
25.4225,4,0,0,0,0,0,0,0,0,0,0
25.4225,5,0,0,0,0,0,0,0,0,0,0
25.4753,0,-1.24204,-1.33519,3.79883,0.0022039,0.00630264,0.000127229,0.252492,0,0,0
25.4753,1,0.377531,1.594,4.83518,-0.071455,0.00331765,-0.0332446,0.221809,0,0,0
25.4753,2,1.45206,-1.33963,6.4947,0.000547248,-0.00430794,-0.000981408,0.257433,0,0,0
25.4753,3,0,0,0,0,0,0,0,0,0,0
25.4753,4,0,0,0,0,0,0,0,0,0,0
25.4753,5,0,0,0,0,0,0,0,0,0,0
25.5367,0,-1.24203,-1.33511,3.79883,0.00196897,0.00563012,-9.5881e-05,0.252492,0,0,0
25.5367,1,0.375811,1.59364,4.8338,-0.0670595,0.00122576,-0.0227746,0.222489,0,0,0
25.5367,2,1.45204,-1.33964,6.49464,0.000371398,-0.00363172,-0.00132999,0.257554,0,0,0
25.5367,3,0,0,0,0,0,0,0,0,0,0
25.5367,4,0,0,0,0,0,0,0,0,0,0
25.5367,5,0,0,0,0,0,0,0,0,0,0
25.5968,0,-1.24212,-1.33518,3.79881,0.00142466,0.00453761,-0.000397327,0.252279,0,0,0
25.5968,1,0.373833,1.59368,4.83312,-0.0644005,0.00097948,-0.00622761,0.222489,0,0,0
25.5968,2,1.45204,-1.33956,6.49457,0.000262811,-0.00276552,-0.00162825,0.257554,0,0,0
25.5968,3,0,0,0,0,0,0,0,0,0,0
25.5968,4,0,0,0,0,0,0,0,0,0,0
25.5968,5,0,0,0,0,0,0,0,0,0,0
25.6551,0,-1.24213,-1.33517,3.79878,0.00116701,0.00383907,-0.000590567,0.252385,0,0,0
25.6551,1,0.372361,1.59367,4.83331,-0.0590954,0.000534976,0.0101205,0.222628,0,0,0
25.6551,2,1.45197,-1.33942,6.49448,-5.27537e-05,-0.00174657,-0.00190555,0.257422,0,0,0
25.6551,3,0,0,0,0,0,0,0,0,0,0
25.6551,4,0,0,0,0,0,0,0,0,0,0
25.6551,5,0,0,0,0,0,0,0,0,0,0
25.7168,0,-1.24221,-1.33526,3.79875,0.000749439,0.00291393,-0.000742066,0.252385,0,0,0
25.7168,1,0.371572,1.59369,4.83445,-0.0535321,0.000229959,0.0284295,0.222628,0,0,0
25.7168,2,1.45196,-1.33924,6.49437,-0.000145084,-0.000770616,-0.00211585,0.257422,0,0,0
25.7168,3,0,0,0,0,0,0,0,0,0,0
25.7168,4,0,0,0,0,0,0,0,0,0,0
25.7168,5,0,0,0,0,0,0,0,0,0,0
25.7772,0,-1.24234,-1.33546,3.7987,0.000225461,0.00172682,-0.000881248,0.252385,0,0,0
25.7772,1,0.371758,1.59366,4.83638,-0.0443467,-0.00032089,0.0422323,0.222065,0,0,0
25.7772,2,1.45187,-1.33899,6.49424,-0.000477262,0.000284121,-0.00231954,0.257036,0,0,0
25.7772,3,0,0,0,0,0,0,0,0,0,0
25.7772,4,0,0,0,0,0,0,0,0,0,0
25.7772,5,0,0,0,0,0,0,0,0,0,0
25.8381,0,-1.24244,-1.3356,3.79866,-0.000120039,0.000712342,-0.00099036,0.252752,0,0,0
25.8381,1,0.372705,1.59327,4.83884,-0.0338842,-0.00215194,0.0528544,0.222065,0,0,0
25.8381,2,1.45183,-1.33871,6.49411,-0.000602891,0.00131426,-0.0024363,0.256439,0,0,0
25.8381,3,0,0,0,0,0,0,0,0,0,0
25.8381,4,0,0,0,0,0,0,0,0,0,0
25.8381,5,0,0,0,0,0,0,0,0,0,0
25.8983,0,-1.24262,-1.33591,3.7986,-0.000664785,-0.000391142,-0.00107409,0.253288,0,0,0
25.8983,1,0.374216,1.59371,4.84475,-0.0232534,-0.000802673,0.0615973,0.220789,0,0,0
25.8983,2,1.45176,-1.33842,6.49399,-0.000818729,0.00221413,-0.00247996,0.256439,0,0,0
25.8983,3,0,0,0,0,0,0,0,0,0,0
25.8983,4,0,0,0,0,0,0,0,0,0,0
25.8983,5,0,0,0,0,0,0,0,0,0,0
25.9586,0,-1.2427,-1.33627,3.79855,-0.000813418,-0.00157741,-0.00115339,0.253288,0,0,0
25.9586,1,0.381119,1.59336,4.84825,0.00848458,-0.00345389,0.0606677,0.220789,0,0,0
25.9586,2,1.45172,-1.33807,6.49383,-0.000912021,0.00316979,-0.00258687,0.255746,0,0,0
25.9586,3,0,0,0,0,0,0,0,0,0,0
25.9586,4,0,0,0,0,0,0,0,0,0,0
25.9586,5,0,0,0,0,0,0,0,0,0,0
26.0141,0,-1.24288,-1.33666,3.79849,-0.00121551,-0.0027076,-0.00121807,0.254062,0,0,0
26.0141,1,0.38341,1.59314,4.85121,0.0163172,-0.00390806,0.0588887,0.220077,0,0,0
26.0141,2,1.45167,-1.33771,6.49376,-0.000964834,0.00400507,-0.00238348,0.255746,0,0,0
26.0141,3,0,0,0,0,0,0,0,0,0,0
26.0141,4,0,0,0,0,0,0,0,0,0,0
26.0141,5,0,0,0,0,0,0,0,0,0,0
26.0659,0,-1.24311,-1.33697,3.79842,-0.00178783,-0.0033932,-0.00125381,0.254062,0,0,0
26.0659,1,0.38341,1.59314,4.85121,0.0163172,-0.00390806,0.0588887,0.220077,0,0,0
26.0659,2,1.45161,-1.33735,6.49363,-0.00107371,0.00470761,-0.00219193,0.255394,0,0,0
26.0659,3,0,0,0,0,0,0,0,0,0,0
26.0659,4,0,0,0,0,0,0,0,0,0,0
26.0659,5,0,0,0,0,0,0,0,0,0,0
26.1219,0,-1.24332,-1.33752,3.79836,-0.00216541,-0.00466444,-0.00123472,0.255027,0,0,0
26.1219,1,0.392324,1.59353,4.85894,0.038848,-0.00254507,0.0535666,0.219421,0,0,0
26.1219,2,1.45155,-1.33699,6.49349,-0.00113363,0.00536667,-0.00198688,0.255394,0,0,0
26.1219,3,0,0,0,0,0,0,0,0,0,0
26.1219,4,0,0,0,0,0,0,0,0,0,0
26.1219,5,0,0,0,0,0,0,0,0,0,0
26.1725,0,-1.24351,-1.3379,3.79829,-0.00247649,-0.00532956,-0.00116753,0.255027,0,0,0
26.1725,1,0.392324,1.59353,4.85894,0.038848,-0.00254507,0.0535666,0.219421,0,0,0
26.1725,2,1.45155,-1.33699,6.49349,-0.00113363,0.00536667,-0.00198688,0.254635,0,0,0
26.1725,3,0,0,0,0,0,0,0,0,0,0
26.1725,4,0,0,0,0,0,0,0,0,0,0
26.1725,5,0,0,0,0,0,0,0,0,0,0
26.2301,0,-1.24363,-1.33824,3.79824,-0.00251325,-0.00572417,-0.001063,0.255453,0,0,0
26.2301,1,0.40074,1.59471,4.86396,0.0559647,0.000991923,0.0500961,0.220688,0,0,0
26.2301,2,1.45136,-1.33602,6.49332,-0.00126993,0.00625941,-0.00141732,0.254635,0,0,0
26.2301,3,0,0,0,0,0,0,0,0,0,0
26.2301,4,0,0,0,0,0,0,0,0,0,0
26.2301,5,0,0,0,0,0,0,0,0,0,0
26.2829,0,-1.24381,-1.33861,3.7982,-0.0027414,-0.00612501,-0.000963185,0.255453,0,0,0
26.2829,1,0.402394,1.59486,4.86639,0.0620693,0.00139078,0.0442259,0.220688,0,0,0
26.2829,2,1.45134,-1.33579,6.49328,-0.00114268,0.00613486,-0.00115164,0.253697,0,0,0
26.2829,3,0,0,0,0,0,0,0,0,0,0
26.2829,4,0,0,0,0,0,0,0,0,0,0
26.2829,5,0,0,0,0,0,0,0,0,0,0
26.3406,0,-1.24392,-1.33893,3.79815,-0.00273705,-0.00641895,-0.000746709,0.25621,0,0,0
26.3406,1,0.409473,1.595,4.86632,0.0684452,0.00144019,0.0280223,0.221727,0,0,0
26.3406,2,1.45134,-1.33579,6.49328,-0.00114268,0.00613486,-0.00115164,0.253697,0,0,0
26.3406,3,0,0,0,0,0,0,0,0,0,0
26.3406,4,0,0,0,0,0,0,0,0,0,0
26.3406,5,0,0,0,0,0,0,0,0,0,0
26.3935,0,-1.24403,-1.33915,3.79813,-0.00269522,-0.00626981,-0.000493826,0.25621,0,0,0
26.3935,1,0.409473,1.595,4.86632,0.0684452,0.00144019,0.0280223,0.221727,0,0,0
26.3935,2,1.4513,-1.33544,6.49322,-0.00111289,0.00643604,-0.000889532,0.253148,0,0,0
26.3935,3,0,0,0,0,0,0,0,0,0,0
26.3935,4,0,0,0,0,0,0,0,0,0,0
26.3935,5,0,0,0,0,0,0,0,0,0,0
26.4556,0,-1.24415,-1.33946,3.79811,-0.00273672,-0.00646377,-0.00028148,0.256787,0,0,0
26.4556,1,0.413525,1.59532,4.86821,0.0717973,0.00216303,0.00888053,0.223764,0,0,0
26.4556,2,1.45128,-1.33529,6.49321,-0.000968601,0.00596478,-0.000297426,0.253148,0,0,0
26.4556,3,0,0,0,0,0,0,0,0,0,0
26.4556,4,0,0,0,0,0,0,0,0,0,0
26.4556,5,0,0,0,0,0,0,0,0,0,0
26.5094,0,-1.24422,-1.33965,3.79811,-0.00260797,-0.00625352,-5.00546e-05,0.256787,0,0,0
26.5094,1,0.416004,1.59521,4.86744,0.0702762,0.00158735,-0.00779306,0.223764,0,0,0
26.5094,2,1.45119,-1.335,6.49321,-0.00110822,0.00610637,1.56687e-05,0.252737,0,0,0
26.5094,3,0,0,0,0,0,0,0,0,0,0
26.5094,4,0,0,0,0,0,0,0,0,0,0
26.5094,5,0,0,0,0,0,0,0,0,0,0
26.5673,0,-1.24424,-1.33959,3.79812,-0.00236521,-0.00522912,0.000234578,0.257293,0,0,0
26.5673,1,0.416935,1.59534,4.86603,0.0638077,0.00207122,-0.0237442,0.224477,0,0,0
26.5673,2,1.45127,-1.33508,6.49322,-0.000632433,0.00494569,0.000347121,0.252737,0,0,0
26.5673,3,0,0,0,0,0,0,0,0,0,0
26.5673,4,0,0,0,0,0,0,0,0,0,0
26.5673,5,0,0,0,0,0,0,0,0,0,0
26.6226,0,-1.24426,-1.33961,3.79814,-0.00212851,-0.00456312,0.000459448,0.257293,0,0,0
26.6226,1,0.417599,1.59527,4.86552,0.0572802,0.00184342,-0.0386319,0.224477,0,0,0
26.6226,2,1.45118,-1.33488,6.49325,-0.000822455,0.00492124,0.000659782,0.252658,0,0,0
26.6226,3,0,0,0,0,0,0,0,0,0,0
26.6226,4,0,0,0,0,0,0,0,0,0,0
26.6226,5,0,0,0,0,0,0,0,0,0,0
26.681,0,-1.24424,-1.33956,3.79817,-0.00182006,-0.00373603,0.000680709,0.257271,0,0,0
26.681,1,0.414904,1.59514,4.86057,0.0395536,0.00185894,-0.0527542,0.224551,0,0,0
26.681,2,1.4512,-1.3349,6.4933,-0.000630328,0.00415721,0.000969592,0.252658,0,0,0
26.681,3,0,0,0,0,0,0,0,0,0,0
26.681,4,0,0,0,0,0,0,0,0,0,0
26.681,5,0,0,0,0,0,0,0,0,0,0
26.7338,0,-1.24411,-1.33937,3.79821,-0.00115577,-0.00258188,0.00089056,0.257271,0,0,0
26.7338,1,0.413545,1.59585,4.86032,0.0283794,0.00483822,-0.0556386,0.224673,0,0,0
26.7338,2,1.45127,-1.33496,6.49337,-0.000310492,0.00340916,0.00117629,0.252806,0,0,0
26.7338,3,0,0,0,0,0,0,0,0,0,0
26.7338,4,0,0,0,0,0,0,0,0,0,0
26.7338,5,0,0,0,0,0,0,0,0,0,0
26.7866,0,-1.24406,-1.33921,3.79827,-0.000856705,-0.00164083,0.00105796,0.256977,0,0,0
26.7866,1,0.41378,1.59476,4.85758,0.0253694,0.0008678,-0.0585081,0.224673,0,0,0
26.7866,2,1.45132,-1.33521,6.49341,-2.76984e-06,0.00209891,0.00147415,0.252806,0,0,0
26.7866,3,0,0,0,0,0,0,0,0,0,0
26.7866,4,0,0,0,0,0,0,0,0,0,0
26.7866,5,0,0,0,0,0,0,0,0,0,0
26.8407,0,-1.244,-1.339,3.79832,-0.000538717,-0.00063943,0.00114306,0.256977,0,0,0
26.8407,1,0.410228,1.59408,4.85128,0.0108912,-0.000924792,-0.0626326,0.224673,0,0,0
26.8407,2,1.45123,-1.33519,6.49351,-0.000268366,0.00184114,0.00165219,0.253056,0,0,0
26.8407,3,0,0,0,0,0,0,0,0,0,0
26.8407,4,0,0,0,0,0,0,0,0,0,0
26.8407,5,0,0,0,0,0,0,0,0,0,0
26.9068,0,-1.24387,-1.33879,3.79838,-3.3653e-05,0.00020458,0.00117041,0.256586,0,0,0
26.9068,1,0.403997,1.59433,4.84795,-0.0113187,0.000662326,-0.061789,0.22316,0,0,0
26.9068,2,1.45144,-1.33571,6.49363,0.000587019,-0.000225495,0.00174649,0.253056,0,0,0
26.9068,3,0,0,0,0,0,0,0,0,0,0
26.9068,4,0,0,0,0,0,0,0,0,0,0
26.9068,5,0,0,0,0,0,0,0,0,0,0
26.9569,0,-1.24379,-1.33856,3.79844,0.000197963,0.000964458,0.00116087,0.256586,0,0,0
26.9569,1,0.399847,1.59421,4.84548,-0.0243519,0.000896391,-0.0539612,0.222583,0,0,0
26.9569,2,1.45149,-1.33599,6.49371,0.000760429,-0.00122,0.00170318,0.253892,0,0,0
26.9569,3,0,0,0,0,0,0,0,0,0,0
26.9569,4,0,0,0,0,0,0,0,0,0,0
26.9569,5,0,0,0,0,0,0,0,0,0,0
27.0196,0,-1.24368,-1.33841,3.79849,0.000538159,0.0013463,0.00113428,0.256088,0,0,0
27.0196,1,0.397806,1.59346,4.84311,-0.027879,-0.00155087,-0.0505583,0.222583,0,0,0
27.0196,2,1.45147,-1.33624,6.4938,0.000649112,-0.00194218,0.00160592,0.253892,0,0,0
27.0196,3,0,0,0,0,0,0,0,0,0,0
27.0196,4,0,0,0,0,0,0,0,0,0,0
27.0196,5,0,0,0,0,0,0,0,0,0,0
27.0724,0,-1.24351,-1.3379,3.7986,0.000977109,0.00286113,0.00107216,0.256088,0,0,0
27.0724,1,0.393686,1.59363,4.84036,-0.0377223,-0.000866616,-0.0510822,0.222148,0,0,0
27.0724,2,1.4515,-1.33649,6.49387,0.000710448,-0.00259686,0.00146219,0.254385,0,0,0
27.0724,3,0,0,0,0,0,0,0,0,0,0
27.0724,4,0,0,0,0,0,0,0,0,0,0
27.0724,5,0,0,0,0,0,0,0,0,0,0
27.1283,0,-1.24338,-1.33767,3.79864,0.00128698,0.00325145,0.000910604,0.255359,0,0,0
27.1283,1,0.390899,1.59274,4.84076,-0.0419124,-0.00344814,-0.045885,0.222148,0,0,0
27.1283,2,1.45154,-1.33673,6.49394,0.000750175,-0.00306431,0.00129456,0.254385,0,0,0
27.1283,3,0,0,0,0,0,0,0,0,0,0
27.1283,4,0,0,0,0,0,0,0,0,0,0
27.1283,5,0,0,0,0,0,0,0,0,0,0
27.1785,0,-1.24327,-1.33737,3.79867,0.00146175,0.00383724,0.000745927,0.255359,0,0,0
27.1785,1,0.38517,1.5937,4.83636,-0.0550454,0.000424433,-0.0408924,0.222325,0,0,0
27.1785,2,1.45152,-1.3369,6.49398,0.000593292,-0.00318004,0.00117597,0.254777,0,0,0
27.1785,3,0,0,0,0,0,0,0,0,0,0
27.1785,4,0,0,0,0,0,0,0,0,0,0
27.1785,5,0,0,0,0,0,0,0,0,0,0
27.2354,0,-1.24319,-1.33717,3.79869,0.00154094,0.00399983,0.000520434,0.254783,0,0,0
27.2354,1,0.382404,1.59327,4.83646,-0.0567815,-0.00105963,-0.0273045,0.222325,0,0,0
27.2354,2,1.45159,-1.33719,6.49403,0.000779017,-0.00376666,0.000808173,0.254777,0,0,0
27.2354,3,0,0,0,0,0,0,0,0,0,0
27.2354,4,0,0,0,0,0,0,0,0,0,0
27.2354,5,0,0,0,0,0,0,0,0,0,0
