time,uav_id,px,py,pz,vx,vy,vz,feedback,ref_x,ref_y,ref_z
5.5373e-05,0,-1.24312,-1.33699,3.7987,0.00159723,0.00403918,0.000301699,0.254783,0,0,0
5.5373e-05,1,0.379382,1.59317,4.83563,-0.0594625,-0.0011289,-0.0112783,0.221735,0,0,0
5.5373e-05,2,1.45157,-1.33735,6.49405,0.000581989,-0.00376561,0.000244692,0.255203,0,0,0
5.5373e-05,3,0,0,0,0,0,0,0,0,0,0
5.5373e-05,4,0,0,0,0,0,0,0,0,0,0
5.5373e-05,5,0,0,0,0,0,0,0,0,0,0
0.0602987,0,-1.2431,-1.3369,3.7987,0.00145766,0.00380513,6.24008e-05,5.71372,0,0,0
0.0602987,1,0.377341,1.59278,4.83578,-0.0577252,-0.00246532,0.00574852,0.221735,0,0,0
0.0602987,2,1.45159,-1.3375,6.49406,0.000548586,-0.00377044,-7.94586e-05,0.255203,0,0,0
0.0602987,3,0,0,0,0,0,0,0,0,0,0
0.0602987,4,0,0,0,0,0,0,0,0,0,0
0.0602987,5,0,0,0,0,0,0,0,0,0,0
0.118262,0,-1.24307,-1.33682,3.79868,0.00137068,0.00352755,-0.000171228,5.71372,0,0,0
0.118262,1,0.376591,1.59274,4.83652,-0.0523118,-0.00268443,0.0221409,1.63882,0,0,0
0.118262,2,1.45159,-1.33759,6.49404,0.000461744,-0.00356302,-0.000430155,4.69803,0,0,0
0.118262,3,0,0,0,0,0,0,0,0,0,0
0.118262,4,0,0,0,0,0,0,0,0,0,0
0.118262,5,0,0,0,0,0,0,0,0,0,0
0.17372,0,-1.24304,-1.33668,3.79868,0.00129702,0.00352828,-0.000304118,4.21417,0,0,0
0.17372,1,0.374128,1.59301,4.83799,-0.0534092,-0.00153162,0.0366034,1.63882,0,0,0
0.17372,2,1.45157,-1.33762,6.49401,0.000340146,-0.0031616,-0.000711944,4.69803,0,0,0
0.17372,3,0,0,0,0,0,0,0,0,0,0
0.17372,4,0,0,0,0,0,0,0,0,0,0
0.17372,5,0,0,0,0,0,0,0,0,0,0
0.227715,0,-1.24304,-1.33678,3.79864,0.00117609,0.00273467,-0.000414231,4.21417,0,0,0
0.227715,1,0.376599,1.59293,4.84312,-0.0333212,-0.00205681,0.0563861,1.64026,0,0,0
0.227715,2,1.45157,-1.3376,6.49397,0.000242497,-0.00262081,-0.000965577,4.69814,0,0,0
0.227715,3,0,0,0,0,0,0,0,0,0,0
0.227715,4,0,0,0,0,0,0,0,0,0,0
0.227715,5,0,0,0,0,0,0,0,0,0,0
0.284947,0,-1.24316,-1.33691,3.79866,0.000657322,0.0019128,-0.000469781,4.21412,0,0,0
0.284947,1,0.379112,1.59293,4.84625,-0.0210273,-0.00232658,0.0596276,1.64026,0,0,0
0.284947,2,1.45155,-1.33756,6.49393,9.82883e-05,-0.00209155,-0.00102795,4.69814,0,0,0
0.284947,3,0,0,0,0,0,0,0,0,0,0
0.284947,4,0,0,0,0,0,0,0,0,0,0
0.284947,5,0,0,0,0,0,0,0,0,0,0
0.337684,0,-1.24321,-1.33688,3.79865,0.000403882,0.00170981,-0.000294223,4.21412,0,0,0
0.337684,1,0.382055,1.59274,4.8496,-0.00906463,-0.00387776,0.0574694,1.63843,0,0,0
0.337684,2,1.45151,-1.33747,6.49383,-9.45728e-05,-0.0014213,-0.000961795,4.69807,0,0,0
0.337684,3,0,0,0,0,0,0,0,0,0,0
0.337684,4,0,0,0,0,0,0,0,0,0,0
0.337684,5,0,0,0,0,0,0,0,0,0,0
0.390421,0,-1.24354,-1.33586,3.79925,-0.000981141,0.00504744,0.000707541,4.21423,0,0,0
0.390421,1,0.38553,1.59333,4.85277,0.00294285,-0.00256724,0.0463169,1.63843,0,0,0
0.390421,2,1.45138,-1.33724,6.49369,-0.000547112,-0.000385837,0.000250167,4.69807,0,0,0
0.390421,3,0,0,0,0,0,0,0,0,0,0
0.390421,4,0,0,0,0,0,0,0,0,0,0
0.390421,5,0,0,0,0,0,0,0,0,0,0
0.447927,0,-1.24297,-1.33498,3.79898,0.000900757,0.0069332,0.00280453,4.21232,0,0,0
0.447927,1,0.390495,1.59451,4.85402,0.0182169,0.000577006,0.031643,1.63512,0,0,0
0.447927,2,1.45088,-1.33654,6.49423,-0.00219321,0.00205357,0.00266153,4.6977,0,0,0
0.447927,3,0,0,0,0,0,0,0,0,0,0
0.447927,4,0,0,0,0,0,0,0,0,0,0
0.447927,5,0,0,0,0,0,0,0,0,0,0
0.498083,0,-1.24367,-1.32908,3.79861,-0.00186262,0.0250697,0.0077618,4.21232,0,0,0
0.498083,1,0.390495,1.59451,4.85402,0.0182169,0.000577006,0.031643,1.63512,0,0,0
0.498083,2,1.44834,-1.3338,6.49576,-0.0108059,0.0114362,0.00784979,4.6977,0,0,0
0.498083,3,0,0,0,0,0,0,0,0,0,0
0.498083,4,0,0,0,0,0,0,0,0,0,0
0.498083,5,0,0,0,0,0,0,0,0,0,0
0.55081,0,-1.24528,-1.32336,3.80015,-0.00824676,0.040873,0.0142927,4.21232,0,0,0
0.55081,1,0.395436,1.59646,4.85492,0.036629,0.0078506,0.011774,1.62698,0,0,0
0.55081,2,1.44506,-1.33035,6.50127,-0.0202843,0.0212989,0.0153269,4.69333,0,0,0
0.55081,3,0,0,0,0,0,0,0,0,0,0
0.55081,4,0,0,0,0,0,0,0,0,0,0
0.55081,5,0,0,0,0,0,0,0,0,0,0
0.612996,0,-1.24697,-1.3087,3.80135,-0.0164731,0.0840833,0.0272255,4.20075,0,0,0
0.612996,1,0.417796,1.61009,4.85385,0.0923182,0.0480251,-0.0161795,1.62698,0,0,0
0.612996,2,1.44046,-1.32559,6.51022,-0.0326283,0.0336748,0.0269464,4.69333,0,0,0
0.612996,3,0,0,0,0,0,0,0,0,0,0
0.612996,4,0,0,0,0,0,0,0,0,0,0
0.612996,5,0,0,0,0,0,0,0,0,0,0
0.668225,0,-1.24657,-1.29524,3.80097,-0.0149883,0.115505,0.0385214,4.17266,0,0,0
0.668225,1,0.428234,1.62039,4.85233,0.115091,0.0767707,-0.0208356,1.60269,0,0,0
0.668225,2,1.43205,-1.31673,6.49786,-0.0562587,0.0577395,0.044447,4.68289,0,0,0
0.668225,3,0,0,0,0,0,0,0,0,0,0
0.668225,4,0,0,0,0,0,0,0,0,0,0
0.668225,5,0,0,0,0,0,0,0,0,0,0
0.719154,0,-1.24215,-1.28355,3.80022,0.000248748,0.134136,0.0473108,4.17266,0,0,0
0.719154,1,0.44057,1.63075,4.84996,0.140651,0.10088,-0.0255242,1.60269,0,0,0
0.719154,2,1.41044,-1.29484,6.49958,-0.124917,0.124486,0.0756099,4.68289,0,0,0
0.719154,3,0,0,0,0,0,0,0,0,0,0
0.719154,4,0,0,0,0,0,0,0,0,0,0
0.719154,5,0,0,0,0,0,0,0,0,0,0
0.777727,0,-1.24013,-1.25745,3.80266,0.00491899,0.192577,0.067482,4.13469,0,0,0
0.777727,1,0.460656,1.65088,4.84461,0.187497,0.153185,-0.0353492,1.57224,0,0,0
0.777727,2,1.40354,-1.28733,6.49551,-0.129078,0.12872,0.0855612,4.64177,0,0,0
0.777727,3,0,0,0,0,0,0,0,0,0,0
0.777727,4,0,0,0,0,0,0,0,0,0,0
0.777727,5,0,0,0,0,0,0,0,0,0,0
0.834868,0,-1.24677,-1.22172,3.80285,-0.0184166,0.275321,0.0951029,4.13469,0,0,0
0.834868,1,0.482664,1.67511,4.83982,0.232369,0.210577,-0.0438237,1.57224,0,0,0
0.834868,2,1.36729,-1.24979,6.4966,-0.238962,0.234807,0.136749,4.64177,0,0,0
0.834868,3,0,0,0,0,0,0,0,0,0,0
0.834868,4,0,0,0,0,0,0,0,0,0,0
0.834868,5,0,0,0,0,0,0,0,0,0,0
0.899144,0,-1.24779,-1.17204,3.80425,-0.0277632,0.399458,0.130748,4.04952,0,0,0
0.899144,1,0.509794,1.71093,4.83174,0.283412,0.297221,-0.0661869,1.51068,0,0,0
0.899144,2,1.33858,-1.21865,6.49993,-0.305528,0.299238,0.171979,4.54194,0,0,0
0.899144,3,0,0,0,0,0,0,0,0,0,0
0.899144,4,0,0,0,0,0,0,0,0,0,0
0.899144,5,0,0,0,0,0,0,0,0,0,0
0.954031,0,-1.24993,-1.11881,3.80435,-0.0395815,0.513039,0.158856,4.04952,0,0,0
0.954031,1,0.537308,1.73903,4.81945,0.329821,0.347171,-0.0993363,1.51068,0,0,0
0.954031,2,1.29751,-1.17363,6.49932,-0.411621,0.404936,0.203446,4.54194,0,0,0
0.954031,3,0,0,0,0,0,0,0,0,0,0
0.954031,4,0,0,0,0,0,0,0,0,0,0
0.954031,5,0,0,0,0,0,0,0,0,0,0
1.0119,0,-1.24565,-1.0834,3.80469,-0.022205,0.557369,0.163498,3.96087,0,0,0
1.0119,1,0.548727,1.75635,4.81033,0.365367,0.406951,-0.129184,1.42477,0,0,0
1.0119,2,1.26663,-1.13869,6.50139,-0.465644,0.463469,0.215107,4.48362,0,0,0
1.0119,3,0,0,0,0,0,0,0,0,0,0
1.0119,4,0,0,0,0,0,0,0,0,0,0
1.0119,5,0,0,0,0,0,0,0,0,0,0
1.06541,0,-1.22618,-1.03017,3.80462,0.0388823,0.641398,0.170665,3.96087,0,0,0
1.06541,1,0.592519,1.81396,4.81153,0.404729,0.483795,-0.143836,1.42477,0,0,0
1.06541,2,1.24504,-1.10672,6.49865,-0.478881,0.507009,0.180288,4.48362,0,0,0
1.06541,3,0,0,0,0,0,0,0,0,0,0
1.06541,4,0,0,0,0,0,0,0,0,0,0
1.06541,5,0,0,0,0,0,0,0,0,0,0
1.12571,0,-1.24189,-0.98591,3.80541,-0.0212197,0.800277,0.19712,3.86331,0,0,0
1.12571,1,0.622505,1.8535,4.80283,0.442287,0.544416,-0.163585,1.33149,0,0,0
1.12571,2,1.18096,-1.03283,6.50258,-0.646545,0.688339,0.232753,4.40073,0,0,0
1.12571,3,0,0,0,0,0,0,0,0,0,0
1.12571,4,0,0,0,0,0,0,0,0,0,0
1.12571,5,0,0,0,0,0,0,0,0,0,0
1.18368,0,-1.236,-0.913857,3.80428,-0.00130253,0.937563,0.19806,3.86331,0,0,0
1.18368,1,0.641133,1.88908,4.78699,0.439484,0.583845,-0.192293,1.33149,0,0,0
1.18368,2,1.1263,-0.952277,6.50493,-0.653877,0.758583,0.220974,4.40073,0,0,0
1.18368,3,0,0,0,0,0,0,0,0,0,0
1.18368,4,0,0,0,0,0,0,0,0,0,0
1.18368,5,0,0,0,0,0,0,0,0,0,0
1.23384,0,-1.25118,-0.832869,3.80262,-0.044625,1.07038,0.202544,3.71072,0,0,0
1.23384,1,0.658984,1.92639,4.78007,0.431115,0.627195,-0.209293,1.23969,0,0,0
1.23384,2,1.04799,-0.850962,6.50622,-0.825963,0.983934,0.227839,4.11325,0,0,0
1.23384,3,0,0,0,0,0,0,0,0,0,0
1.23384,4,0,0,0,0,0,0,0,0,0,0
1.23384,5,0,0,0,0,0,0,0,0,0,0
1.28446,0,-1.23246,-0.698415,3.80382,0.0231185,1.18723,0.155915,3.71072,0,0,0
1.28446,1,0.691935,1.96888,4.77006,0.476223,0.676259,-0.214628,1.23969,0,0,0
1.28446,2,0.996865,-0.76757,6.50825,-0.892628,1.13816,0.177272,4.11325,0,0,0
1.28446,3,0,0,0,0,0,0,0,0,0,0
1.28446,4,0,0,0,0,0,0,0,0,0,0
1.28446,5,0,0,0,0,0,0,0,0,0,0
1.33969,0,-1.23047,-0.609691,3.80336,0.0235605,1.30214,0.0908934,3.57574,0,0,0
1.33969,1,0.710112,2.00983,4.76338,0.466352,0.715045,-0.217626,1.14397,0,0,0
1.33969,2,0.957614,-0.687301,6.51126,-0.883243,1.22898,0.114558,3.89462,0,0,0
1.33969,3,0,0,0,0,0,0,0,0,0,0
1.33969,4,0,0,0,0,0,0,0,0,0,0
1.33969,5,0,0,0,0,0,0,0,0,0,0
1.38989,0,-1.24417,-0.504748,3.80333,-0.0352908,1.47595,0.0390212,3.57574,0,0,0
1.38989,1,0.733416,2.04977,4.75475,0.46685,0.733638,-0.217,1.14397,0,0,0
1.38989,2,0.882687,-0.566048,6.51474,-0.968445,1.47556,0.0348886,3.89462,0,0,0
1.38989,3,0,0,0,0,0,0,0,0,0,0
1.38989,4,0,0,0,0,0,0,0,0,0,0
1.38989,5,0,0,0,0,0,0,0,0,0,0
1.46057,0,-1.24064,-0.43656,3.80381,-0.0156936,1.47979,-0.00605702,3.38261,0,0,0
1.46057,1,0.759731,2.09093,4.74453,0.480068,0.754862,-0.223992,1.05331,0,0,0
1.46057,2,0.841799,-0.475192,6.51642,-0.965113,1.57615,-0.0574943,3.66635,0,0,0
1.46057,3,0,0,0,0,0,0,0,0,0,0
1.46057,4,0,0,0,0,0,0,0,0,0,0
1.46057,5,0,0,0,0,0,0,0,0,0,0
1.51429,0,-1.23293,-0.353032,3.80369,0.0101066,1.54671,-0.0687198,3.38261,0,0,0
1.51429,1,0.775987,2.11935,4.73701,0.467441,0.744278,-0.222981,1.05331,0,0,0
1.51429,2,0.810208,-0.402806,6.51947,-0.919486,1.57695,-0.118887,3.66635,0,0,0
1.51429,3,0,0,0,0,0,0,0,0,0,0
1.51429,4,0,0,0,0,0,0,0,0,0,0
1.51429,5,0,0,0,0,0,0,0,0,0,0
1.56573,0,-1.23923,-0.341653,3.80307,-0.0141177,1.58702,-0.0939189,3.23062,0,0,0
1.56573,1,0.774456,2.124,4.72688,0.461822,0.760909,-0.225609,0.970756,0,0,0
1.56573,2,0.751835,-0.28463,6.52199,-0.990157,1.75102,-0.204517,3.4885,0,0,0
1.56573,3,0,0,0,0,0,0,0,0,0,0
1.56573,4,0,0,0,0,0,0,0,0,0,0
1.56573,5,0,0,0,0,0,0,0,0,0,0
1.62266,0,-1.21792,-0.267718,3.80276,0.064477,1.57876,-0.128193,3.23062,0,0,0
1.62266,1,0.814702,2.20647,4.71687,0.453506,0.797673,-0.22223,0.970756,0,0,0
1.62266,2,0.718824,-0.197238,6.5244,-0.947906,1.76953,-0.247295,3.4885,0,0,0
1.62266,3,0,0,0,0,0,0,0,0,0,0
1.62266,4,0,0,0,0,0,0,0,0,0,0
1.62266,5,0,0,0,0,0,0,0,0,0,0
1.6754,0,-1.23055,-0.141767,3.8006,0.00367428,1.78966,-0.127366,3.14492,0,0,0
1.6754,1,0.833068,2.23776,4.70916,0.4511,0.79055,-0.206543,0.877098,0,0,0
1.6754,2,0.694467,-0.129281,6.527,-0.883843,1.72803,-0.272954,3.26457,0,0,0
1.6754,3,0,0,0,0,0,0,0,0,0,0
1.6754,4,0,0,0,0,0,0,0,0,0,0
1.6754,5,0,0,0,0,0,0,0,0,0,0
1.73312,0,-1.24205,0.0534924,3.79976,-0.0347029,1.89642,-0.164015,3.14492,0,0,0
1.73312,1,0.847908,2.27277,4.6991,0.432273,0.788004,-0.209875,0.877098,0,0,0
1.73312,2,0.694467,-0.129281,6.527,-0.883843,1.72803,-0.272954,3.26457,0,0,0
1.73312,3,0,0,0,0,0,0,0,0,0,0
1.73312,4,0,0,0,0,0,0,0,0,0,0
1.73312,5,0,0,0,0,0,0,0,0,0,0
1.79229,0,-1.24352,0.111947,3.80032,-0.0443216,1.83164,-0.224156,2.82494,0,0,0
1.79229,1,0.858796,2.29416,4.69392,0.407393,0.748614,-0.209821,0.803738,0,0,0
1.79229,2,0.671674,-0.0636886,6.53035,-0.818806,1.67244,-0.263133,3.12339,0,0,0
1.79229,3,0,0,0,0,0,0,0,0,0,0
1.79229,4,0,0,0,0,0,0,0,0,0,0
1.79229,5,0,0,0,0,0,0,0,0,0,0
1.85011,0,-1.24618,0.209825,3.80035,-0.0470583,1.87027,-0.289938,2.82494,0,0,0
1.85011,1,0.849321,2.27671,4.68269,0.376571,0.687512,-0.214271,0.803738,0,0,0
1.85011,2,0.636867,0.0264093,6.5346,-0.811536,1.71693,-0.230853,3.12339,0,0,0
1.85011,3,0,0,0,0,0,0,0,0,0,0
1.85011,4,0,0,0,0,0,0,0,0,0,0
1.85011,5,0,0,0,0,0,0,0,0,0,0
1.90027,0,-1.23155,0.241119,3.79805,0.0121864,1.71114,-0.286309,2.66897,0,0,0
1.90027,1,0.874041,2.32753,4.67668,0.346107,0.650521,-0.211534,0.798513,0,0,0
1.90027,2,0.60559,0.111323,6.53751,-0.788529,1.73344,-0.210518,2.93698,0,0,0
1.90027,3,0,0,0,0,0,0,0,0,0,0
1.90027,4,0,0,0,0,0,0,0,0,0,0
1.90027,5,0,0,0,0,0,0,0,0,0,0
1.9615,0,-1.25226,0.342925,3.79792,-0.0344314,1.74236,-0.300059,2.66897,0,0,0
1.9615,1,0.883863,2.35143,4.66745,0.326847,0.634608,-0.203448,0.798513,0,0,0
1.9615,2,0.583868,0.180397,6.54287,-0.736701,1.70178,-0.199509,2.93698,0,0,0
1.9615,3,0,0,0,0,0,0,0,0,0,0
1.9615,4,0,0,0,0,0,0,0,0,0,0
1.9615,5,0,0,0,0,0,0,0,0,0,0
2.01704,0,-1.24506,0.403643,3.79625,-0.000686266,1.68593,-0.234714,2.53644,0,0,0
2.01704,1,0.893975,2.37546,4.65453,0.309009,0.61743,-0.210483,0.719126,0,0,0
2.01704,2,0.557202,0.255863,6.54797,-0.7046,1.68529,-0.174332,2.78546,0,0,0
2.01704,3,0,0,0,0,0,0,0,0,0,0
2.01704,4,0,0,0,0,0,0,0,0,0,0
2.01704,5,0,0,0,0,0,0,0,0,0,0
2.06882,0,-1.24973,0.475065,3.79807,-0.0190361,1.6661,-0.219735,2.53644,0,0,0
2.06882,1,0.917923,2.41499,4.63982,0.337108,0.651658,-0.221206,0.719126,0,0,0
2.06882,2,0.539417,0.317836,6.55299,-0.648586,1.63623,-0.132888,2.78546,0,0,0
2.06882,3,0,0,0,0,0,0,0,0,0,0
2.06882,4,0,0,0,0,0,0,0,0,0,0
2.06882,5,0,0,0,0,0,0,0,0,0,0
2.11897,0,-1.24815,0.524891,3.7993,-0.00482375,1.57495,-0.201406,2.4044,0,0,0
2.11897,1,0.93065,2.45075,4.62973,0.32515,0.666879,-0.233063,0.648654,0,0,0
2.11897,2,0.539206,0.333043,6.55604,-0.518214,1.40181,-0.0891098,2.70741,0,0,0
2.11897,3,0,0,0,0,0,0,0,0,0,0
2.11897,4,0,0,0,0,0,0,0,0,0,0
2.11897,5,0,0,0,0,0,0,0,0,0,0
2.16931,0,-1.24815,0.524891,3.7993,-0.00482375,1.57495,-0.201406,2.4044,0,0,0
2.16931,1,0.940749,2.46899,4.62008,0.30645,0.620198,-0.243167,0.648654,0,0,0
2.16931,2,0.499834,0.411254,6.56288,-0.562607,1.44387,-0.0496808,2.70741,0,0,0
2.16931,3,0,0,0,0,0,0,0,0,0,0
2.16931,4,0,0,0,0,0,0,0,0,0,0
2.16931,5,0,0,0,0,0,0,0,0,0,0
2.23428,0,-1.2566,0.585481,3.79913,-0.0287789,1.52298,-0.195748,2.29455,0,0,0
2.23428,1,0.949822,2.48879,4.6108,0.286684,0.585262,-0.250669,0.594507,0,0,0
2.23428,2,0.473825,0.480644,6.57127,-0.552792,1.44205,-0.0017656,2.6212,0,0,0
2.23428,3,0,0,0,0,0,0,0,0,0,0
2.23428,4,0,0,0,0,0,0,0,0,0,0
2.23428,5,0,0,0,0,0,0,0,0,0,0
2.28443,0,-1.26446,0.632344,3.79782,-0.0464616,1.43096,-0.162851,2.29455,0,0,0
2.28443,1,0.965356,2.52505,4.59579,0.288134,0.611817,-0.252219,0.594507,0,0,0
2.28443,2,0.455401,0.527232,6.578,-0.517686,1.36964,0.014293,2.6212,0,0,0
2.28443,3,0,0,0,0,0,0,0,0,0,0
2.28443,4,0,0,0,0,0,0,0,0,0,0
2.28443,5,0,0,0,0,0,0,0,0,0,0
2.33821,0,-1.27342,0.686218,3.79801,-0.0664416,1.3633,-0.146386,2.19516,0,0,0
2.33821,1,0.97945,2.54904,4.58436,0.289763,0.591861,-0.256249,0.582257,0,0,0
2.33821,2,0.44072,0.575354,6.58608,-0.466631,1.28978,0.0264353,2.49856,0,0,0
2.33821,3,0,0,0,0,0,0,0,0,0,0
2.33821,4,0,0,0,0,0,0,0,0,0,0
2.33821,5,0,0,0,0,0,0,0,0,0,0
2.39378,0,-1.27571,0.714318,3.79716,-0.0573067,1.2354,-0.127202,2.19516,0,0,0
2.39378,1,0.992207,2.57596,4.57192,0.283039,0.585187,-0.253557,0.524149,0,0,0
2.39378,2,0.437069,0.583995,6.58865,-0.381226,1.09217,0.0525863,2.44004,0,0,0
2.39378,3,0,0,0,0,0,0,0,0,0,0
2.39378,4,0,0,0,0,0,0,0,0,0,0
2.39378,5,0,0,0,0,0,0,0,0,0,0
2.45195,0,-1.28865,0.760307,3.79594,-0.0915603,1.19107,-0.112315,2.12249,0,0,0
2.45195,1,1.00279,2.59542,4.56188,0.27278,0.554095,-0.247535,0.524149,0,0,0
2.45195,2,0.422895,0.60616,6.59191,-0.352817,0.982848,0.0779079,2.44004,0,0,0
2.45195,3,0,0,0,0,0,0,0,0,0,0
2.45195,4,0,0,0,0,0,0,0,0,0,0
2.45195,5,0,0,0,0,0,0,0,0,0,0
2.50469,0,-1.29535,0.791624,3.79203,-0.0976745,1.09908,-0.0910251,2.12249,0,0,0
2.50469,1,1.0138,2.61882,4.55035,0.264525,0.541368,-0.240902,0.524149,0,0,0
2.50469,2,0.405242,0.635766,6.59679,-0.343774,0.914933,0.102811,2.38163,0,0,0
2.50469,3,0,0,0,0,0,0,0,0,0,0
2.50469,4,0,0,0,0,0,0,0,0,0,0
2.50469,5,0,0,0,0,0,0,0,0,0,0
2.56175,0,-1.30343,0.829978,3.79019,-0.109597,1.04409,-0.0827675,2.09198,0,0,0
2.56175,1,1.026,2.64222,4.53803,0.261272,0.529808,-0.239736,0.476276,0,0,0
2.56175,2,0.366838,0.699438,6.60899,-0.417934,0.979543,0.117216,2.38163,0,0,0
2.56175,3,0,0,0,0,0,0,0,0,0,0
2.56175,4,0,0,0,0,0,0,0,0,0,0
2.56175,5,0,0,0,0,0,0,0,0,0,0
2.6171,0,-1.31558,0.872255,3.78842,-0.134987,1.0118,-0.0735723,2.09198,0,0,0
2.6171,1,1.03633,2.65935,4.52834,0.253285,0.498014,-0.243439,0.429788,0,0,0
2.6171,2,0.349881,0.737472,6.61385,-0.401274,0.94085,0.119325,2.2697,0,0,0
2.6171,3,0,0,0,0,0,0,0,0,0,0
2.6171,4,0,0,0,0,0,0,0,0,0,0
2.6171,5,0,0,0,0,0,0,0,0,0,0
2.66734,0,-1.32581,0.915192,3.78677,-0.150723,0.984899,-0.0698817,2.01365,0,0,0
2.66734,1,1.04825,2.68526,4.51435,0.246944,0.493567,-0.252383,0.429788,0,0,0
2.66734,2,0.327694,0.785609,6.62325,-0.403502,0.937589,0.106508,2.2697,0,0,0
2.66734,3,0,0,0,0,0,0,0,0,0,0
2.66734,4,0,0,0,0,0,0,0,0,0,0
2.66734,5,0,0,0,0,0,0,0,0,0,0
2.72795,0,-1.33078,0.94498,3.78581,-0.140272,0.897539,-0.0648366,2.01365,0,0,0
2.72795,1,1.05255,2.69071,4.50545,0.221724,0.431161,-0.262527,0.429788,0,0,0
2.72795,2,0.319348,0.793636,6.62992,-0.346745,0.789025,0.114928,2.20889,0,0,0
2.72795,3,0,0,0,0,0,0,0,0,0,0
2.72795,4,0,0,0,0,0,0,0,0,0,0
2.72795,5,0,0,0,0,0,0,0,0,0,0
2.78348,0,-1.3443,0.990794,3.78387,-0.166613,0.889384,-0.0652995,1.94301,0,0,0
2.78348,1,1.06091,2.7034,4.49444,0.208961,0.389966,-0.270441,0.393641,0,0,0
2.78348,2,0.276129,0.855791,6.64013,-0.435001,0.860058,0.114735,2.20889,0,0,0
2.78348,3,0,0,0,0,0,0,0,0,0,0
2.78348,4,0,0,0,0,0,0,0,0,0,0
2.78348,5,0,0,0,0,0,0,0,0,0,0
2.84431,0,-1.34464,1.00703,3.78248,-0.136339,0.776662,-0.0569418,1.94301,0,0,0
2.84431,1,1.07159,2.72136,4.47821,0.208495,0.380946,-0.284,0.393641,0,0,0
2.84431,2,0.258054,0.888954,6.64815,-0.415999,0.812491,0.114062,2.10232,0,0,0
2.84431,3,0,0,0,0,0,0,0,0,0,0
2.84431,4,0,0,0,0,0,0,0,0,0,0
2.84431,5,0,0,0,0,0,0,0,0,0,0
2.89763,0,-1.35776,1.04257,3.78121,-0.161583,0.758776,-0.0535961,1.88312,0,0,0
2.89763,1,1.07691,2.72847,4.46936,0.18958,0.333027,-0.288751,0.355408,0,0,0
2.89763,2,0.228721,0.940256,6.65487,-0.431572,0.816775,0.102376,2.10232,0,0,0
2.89763,3,0,0,0,0,0,0,0,0,0,0
2.89763,4,0,0,0,0,0,0,0,0,0,0
2.89763,5,0,0,0,0,0,0,0,0,0,0
2.95551,0,-1.36174,1.07024,3.77939,-0.146739,0.700188,-0.0468002,1.88312,0,0,0
2.95551,1,1.0876,2.74448,4.44815,0.191424,0.324038,-0.294837,0.324017,0,0,0
2.95551,2,0.206038,0.979725,6.65523,-0.434385,0.808859,0.0977324,2.00205,0,0,0
2.95551,3,0,0,0,0,0,0,0,0,0,0
2.95551,4,0,0,0,0,0,0,0,0,0,0
2.95551,5,0,0,0,0,0,0,0,0,0,0
3.02134,0,-1.37953,1.12155,3.77802,-0.187838,0.735768,-0.0435891,1.82273,0,0,0
3.02134,1,1.09885,2.75919,4.42856,0.195441,0.31286,-0.300927,0.324017,0,0,0
3.02134,2,0.17655,1.02393,6.66691,-0.384425,0.674595,0.0860722,2.00205,0,0,0
3.02134,3,0,0,0,0,0,0,0,0,0,0
3.02134,4,0,0,0,0,0,0,0,0,0,0
3.02134,5,0,0,0,0,0,0,0,0,0,0
3.078,0,-1.38516,1.1533,3.77674,-0.178909,0.708738,-0.0413841,1.82273,0,0,0
3.078,1,1.10731,2.76942,4.41691,0.189953,0.288808,-0.292146,0.290794,0,0,0
3.078,2,0.17655,1.02393,6.66691,-0.384425,0.674595,0.0860722,1.95343,0,0,0
3.078,3,0,0,0,0,0,0,0,0,0,0
3.078,4,0,0,0,0,0,0,0,0,0,0
3.078,5,0,0,0,0,0,0,0,0,0,0
3.13074,0,-1.39009,1.17779,3.77553,-0.16703,0.660112,-0.0446744,1.74401,0,0,0
3.13074,1,1.11762,2.78161,4.40177,0.188416,0.271071,-0.283322,0.290794,0,0,0
3.13074,2,0.152456,1.06435,6.67963,-0.397327,0.683324,0.0945057,1.95343,0,0,0
3.13074,3,0,0,0,0,0,0,0,0,0,0
3.13074,4,0,0,0,0,0,0,0,0,0,0
3.13074,5,0,0,0,0,0,0,0,0,0,0
3.18089,0,-1.39769,1.20625,3.77436,-0.167421,0.63388,-0.0410252,1.74401,0,0,0
3.18089,1,1.12725,2.79214,4.38805,0.18521,0.250941,-0.273593,0.261562,0,0,0
3.18089,2,0.131087,1.10198,6.68438,-0.394298,0.675505,0.0894739,1.86961,0,0,0
3.18089,3,0,0,0,0,0,0,0,0,0,0
3.18089,4,0,0,0,0,0,0,0,0,0,0
3.18089,5,0,0,0,0,0,0,0,0,0,0
3.24543,0,-1.40001,1.22513,3.7729,-0.147066,0.577235,-0.036452,1.69388,0,0,0
3.24543,1,1.13643,2.80168,4.37808,0.181069,0.230717,-0.262259,0.261562,0,0,0
3.24543,2,0.121907,1.1212,6.68795,-0.355483,0.61623,0.082803,1.86961,0,0,0
3.24543,3,0,0,0,0,0,0,0,0,0,0
3.24543,4,0,0,0,0,0,0,0,0,0,0
3.24543,5,0,0,0,0,0,0,0,0,0,0
3.31199,0,-1.40818,1.25841,3.77205,-0.153424,0.581438,-0.0314497,1.64443,0,0,0
3.31199,1,1.14611,2.81122,4.36337,0.180606,0.215991,-0.247123,0.249606,0,0,0
3.31199,2,0.0851855,1.1813,6.69843,-0.353793,0.594525,0.0795832,1.82216,0,0,0
3.31199,3,0,0,0,0,0,0,0,0,0,0
3.31199,4,0,0,0,0,0,0,0,0,0,0
3.31199,5,0,0,0,0,0,0,0,0,0,0
3.37538,0,-1.41915,1.29447,3.77077,-0.169119,0.595731,-0.0288104,1.64443,0,0,0
3.37538,1,1.15737,2.82173,4.35157,0.182263,0.202037,-0.239899,0.249606,0,0,0
3.37538,2,0.0688267,1.21196,6.69871,-0.346893,0.587904,0.0749391,1.82216,0,0,0
3.37538,3,0,0,0,0,0,0,0,0,0,0
3.37538,4,0,0,0,0,0,0,0,0,0,0
3.37538,5,0,0,0,0,0,0,0,0,0,0
3.439,0,-1.42505,1.32146,3.76985,-0.16292,0.574862,-0.0269833,1.58574,0,0,0
3.439,1,1.16395,2.82772,4.341,0.170105,0.178271,-0.227882,0.225278,0,0,0
3.439,2,0.0556932,1.2356,6.70309,-0.329807,0.558891,0.068854,1.75142,0,0,0
3.439,3,0,0,0,0,0,0,0,0,0,0
3.439,4,0,0,0,0,0,0,0,0,0,0
3.439,5,0,0,0,0,0,0,0,0,0,0
3.49332,0,-1.43798,1.37635,3.76919,-0.157533,0.546418,-0.026166,1.58574,0,0,0
3.49332,1,1.17612,2.83764,4.32866,0.177627,0.170251,-0.214763,0.225278,0,0,0
3.49332,2,0.0397273,1.26366,6.70643,-0.324848,0.549314,0.0666702,1.75142,0,0,0
3.49332,3,0,0,0,0,0,0,0,0,0,0
3.49332,4,0,0,0,0,0,0,0,0,0,0
3.49332,5,0,0,0,0,0,0,0,0,0,0
3.55152,0,-1.43943,1.39803,3.76838,-0.139044,0.51728,-0.0225815,1.51383,0,0,0
3.55152,1,1.1847,2.84479,4.31607,0.174465,0.157382,-0.203913,0.2076,0,0,0
3.55152,2,0.025784,1.28784,6.7107,-0.315923,0.530466,0.0638326,1.69655,0,0,0
3.55152,3,0,0,0,0,0,0,0,0,0,0
3.55152,4,0,0,0,0,0,0,0,0,0,0
3.55152,5,0,0,0,0,0,0,0,0,0,0
3.60685,0,-1.44216,1.39964,3.76816,-0.149093,0.523329,-0.0245426,1.51383,0,0,0
3.60685,1,1.1948,2.85241,4.3073,0.175068,0.145852,-0.193834,0.2076,0,0,0
3.60685,2,0.0151133,1.30968,6.71425,-0.293788,0.502586,0.0593311,1.69655,0,0,0
3.60685,3,0,0,0,0,0,0,0,0,0,0
3.60685,4,0,0,0,0,0,0,0,0,0,0
3.60685,5,0,0,0,0,0,0,0,0,0,0
3.65962,0,-1.45064,1.44184,3.76758,-0.127175,0.453205,-0.0185957,1.47361,0,0,0
3.65962,1,1.20458,2.85933,4.2983,0.174051,0.132807,-0.175371,0.193816,0,0,0
3.65962,2,-0.00272681,1.34028,6.71721,-0.299031,0.506561,0.055449,1.64849,0,0,0
3.65962,3,0,0,0,0,0,0,0,0,0,0
3.65962,4,0,0,0,0,0,0,0,0,0,0
3.65962,5,0,0,0,0,0,0,0,0,0,0
3.71539,0,-1.44503,1.43917,3.76709,-0.106959,0.443147,-0.0118346,1.47361,0,0,0
3.71539,1,1.21559,2.86788,4.29044,0.176314,0.126264,-0.155999,0.193816,0,0,0
3.71539,2,-0.0128564,1.36226,6.7227,-0.277879,0.483475,0.0495981,1.64849,0,0,0
3.71539,3,0,0,0,0,0,0,0,0,0,0
3.71539,4,0,0,0,0,0,0,0,0,0,0
3.71539,5,0,0,0,0,0,0,0,0,0,0
3.7706,0,-1.46442,1.49672,3.76698,-0.136429,0.462263,-0.0106826,1.42356,0,0,0
3.7706,1,1.22217,2.87085,4.28465,0.167263,0.106298,-0.121394,0.180587,0,0,0
3.7706,2,-0.0128564,1.36226,6.7227,-0.277879,0.483475,0.0495981,1.59387,0,0,0
3.7706,3,0,0,0,0,0,0,0,0,0,0
3.7706,4,0,0,0,0,0,0,0,0,0,0
3.7706,5,0,0,0,0,0,0,0,0,0,0
3.82586,0,-1.46617,1.52155,3.76696,-0.117922,0.43937,-0.00292974,1.42356,0,0,0
3.82586,1,1.22935,2.87484,4.28052,0.160221,0.0925172,-0.0821624,0.180587,0,0,0
3.82586,2,-0.0397614,1.41504,6.72435,-0.263772,0.470193,0.0393046,1.59387,0,0,0
3.82586,3,0,0,0,0,0,0,0,0,0,0
3.82586,4,0,0,0,0,0,0,0,0,0,0
3.82586,5,0,0,0,0,0,0,0,0,0,0
3.87604,0,-1.4609,1.52126,3.76696,-0.0993891,0.43773,-0.000671846,1.39897,0,0,0
3.87604,1,1.23704,2.87811,4.27736,0.156134,0.0800219,-0.0333485,0.173613,0,0,0
3.87604,2,-0.0397614,1.41504,6.72435,-0.263772,0.470193,0.0393046,1.53816,0,0,0
3.87604,3,0,0,0,0,0,0,0,0,0,0
3.87604,4,0,0,0,0,0,0,0,0,0,0
3.87604,5,0,0,0,0,0,0,0,0,0,0
3.93649,0,-1.47349,1.55362,3.76706,-0.12834,0.465051,-0.00104324,1.39897,0,0,0
3.93649,1,1.24874,2.88213,4.27614,0.164509,0.0694455,0.00223147,0.173613,0,0,0
3.93649,2,-0.0711302,1.47785,6.72883,-0.266715,0.495225,0.0302665,1.53816,0,0,0
3.93649,3,0,0,0,0,0,0,0,0,0,0
3.93649,4,0,0,0,0,0,0,0,0,0,0
3.93649,5,0,0,0,0,0,0,0,0,0,0
3.99033,0,-1.4763,1.59474,3.76724,-0.0955269,0.416362,0.00225676,1.33195,0,0,0
3.99033,1,1.26445,2.88734,4.27777,0.182745,0.0628486,0.0525096,0.160514,0,0,0
3.99033,2,-0.0866932,1.50863,6.73058,-0.272539,0.508051,0.0227752,1.47295,0,0,0
3.99033,3,0,0,0,0,0,0,0,0,0,0
3.99033,4,0,0,0,0,0,0,0,0,0,0
3.99033,5,0,0,0,0,0,0,0,0,0,0
4.04303,0,-1.48343,1.62785,3.76755,-0.103106,0.440172,-0.000142348,1.33195,0,0,0
4.04303,1,1.27756,2.89168,4.28121,0.193781,0.0570998,0.082993,0.160514,0,0,0
4.04303,2,-0.0866932,1.50863,6.73058,-0.272539,0.508051,0.0227752,1.47295,0,0,0
4.04303,3,0,0,0,0,0,0,0,0,0,0
4.04303,4,0,0,0,0,0,0,0,0,0,0
4.04303,5,0,0,0,0,0,0,0,0,0,0
4.09479,0,-1.48919,1.65363,3.76787,-0.105479,0.442245,-0.003586,1.279,0,0,0
4.09479,1,1.28961,2.89607,4.28577,0.198803,0.0523959,0.104969,0.13627,0,0,0
4.09479,2,-0.0983228,1.53503,6.73208,-0.262679,0.50293,0.0200035,1.41406,0,0,0
4.09479,3,0,0,0,0,0,0,0,0,0,0
4.09479,4,0,0,0,0,0,0,0,0,0,0
4.09479,5,0,0,0,0,0,0,0,0,0,0
4.15618,0,-1.49147,1.67111,3.76821,-0.0957665,0.417832,-0.00388484,1.279,0,0,0
4.15618,1,1.30115,2.89995,4.29146,0.203208,0.0479126,0.116889,0.13627,0,0,0
4.15618,2,-0.114228,1.56115,6.73464,-0.260799,0.486828,0.0147896,1.41406,0,0,0
4.15618,3,0,0,0,0,0,0,0,0,0,0
4.15618,4,0,0,0,0,0,0,0,0,0,0
4.15618,5,0,0,0,0,0,0,0,0,0,0
4.21151,0,-1.49226,1.68365,3.76838,-0.0821037,0.38121,-0.00223818,1.25123,0,0,0
4.21151,1,1.317,2.90262,4.29855,0.218503,0.0383396,0.123546,0.114264,0,0,0
4.21151,2,-0.118928,1.58128,6.73481,-0.22714,0.46183,0.0158916,1.36702,0,0,0
4.21151,3,0,0,0,0,0,0,0,0,0,0
4.21151,4,0,0,0,0,0,0,0,0,0,0
4.21151,5,0,0,0,0,0,0,0,0,0,0
4.26867,0,-1.49075,1.69857,3.76867,-0.0634146,0.356759,-0.000751722,1.25123,0,0,0
4.26867,1,1.33367,2.90612,4.30477,0.234559,0.0325328,0.120269,0.114264,0,0,0
4.26867,2,-0.132829,1.61078,6.73721,-0.233194,0.475827,0.0115108,1.36702,0,0,0
4.26867,3,0,0,0,0,0,0,0,0,0,0
4.26867,4,0,0,0,0,0,0,0,0,0,0
4.26867,5,0,0,0,0,0,0,0,0,0,0
4.31883,0,-1.49956,1.73281,3.76906,-0.0816097,0.397916,0.00230912,1.20669,0,0,0
4.31883,1,1.34991,2.91149,4.31077,0.248109,0.0352366,0.11393,0.0872325,0,0,0
4.31883,2,-0.140622,1.63142,6.7383,-0.212592,0.451102,0.0117086,1.31659,0,0,0
4.31883,3,0,0,0,0,0,0,0,0,0,0
4.31883,4,0,0,0,0,0,0,0,0,0,0
4.31883,5,0,0,0,0,0,0,0,0,0,0
4.37466,0,-1.50056,1.73668,3.76937,-0.0856987,0.41199,0.00284589,1.20669,0,0,0
4.37466,1,1.36728,2.91459,4.31639,0.263683,0.0308847,0.104695,0.0872325,0,0,0
4.37466,2,-0.154248,1.65975,6.73898,-0.220019,0.463215,0.00991231,1.31659,0,0,0
4.37466,3,0,0,0,0,0,0,0,0,0,0
4.37466,4,0,0,0,0,0,0,0,0,0,0
4.37466,5,0,0,0,0,0,0,0,0,0,0
4.43506,0,-1.49803,1.75355,3.7697,-0.0603787,0.388797,0.000435348,1.18655,0,0,0
4.43506,1,1.38163,2.9183,4.32124,0.269383,0.0302371,0.0952335,0.0711457,0,0,0
4.43506,2,-0.161506,1.68002,6.74005,-0.202213,0.444166,0.00868704,1.26761,0,0,0
4.43506,3,0,0,0,0,0,0,0,0,0,0
4.43506,4,0,0,0,0,0,0,0,0,0,0
4.43506,5,0,0,0,0,0,0,0,0,0,0
4.49446,0,-1.50324,1.78127,3.76971,-0.0672377,0.405587,0.0032638,1.18655,0,0,0
4.49446,1,1.39436,2.92187,4.32684,0.268445,0.0297561,0.0830843,0.0711457,0,0,0
4.49446,2,-0.174299,1.70785,6.7401,-0.203987,0.447095,0.0105853,1.26761,0,0,0
4.49446,3,0,0,0,0,0,0,0,0,0,0
4.49446,4,0,0,0,0,0,0,0,0,0,0
4.49446,5,0,0,0,0,0,0,0,0,0,0
4.55101,0,-1.5076,1.80442,3.77039,-0.0702351,0.40778,0.00390268,1.14169,0,0,0
4.55101,1,1.40962,2.92504,4.33184,0.276609,0.0279668,0.08082,0.0699341,0,0,0
4.55101,2,-0.184313,1.73114,6.74174,-0.199396,0.442287,0.00970901,1.21625,0,0,0
4.55101,3,0,0,0,0,0,0,0,0,0,0
4.55101,4,0,0,0,0,0,0,0,0,0,0
4.55101,5,0,0,0,0,0,0,0,0,0,0
4.60563,0,-1.5115,1.82613,3.77078,-0.0698005,0.403659,0.00195708,1.14169,0,0,0
4.60563,1,1.42336,2.92903,4.33454,0.278232,0.0293319,0.0557475,0.0699341,0,0,0
4.60563,2,-0.196247,1.75861,6.74186,-0.196915,0.440347,0.0104678,1.21625,0,0,0
4.60563,3,0,0,0,0,0,0,0,0,0,0
4.60563,4,0,0,0,0,0,0,0,0,0,0
4.60563,5,0,0,0,0,0,0,0,0,0,0
4.65577,0,-1.51385,1.8473,3.77113,-0.0653687,0.398721,0.000540823,1.1037,0,0,0
4.65577,1,1.44004,2.93279,4.33404,0.281492,0.0282375,0.0157201,0.083038,0,0,0
4.65577,2,-0.208482,1.78514,6.74382,-0.20243,0.449018,0.00714396,1.16256,0,0,0
4.65577,3,0,0,0,0,0,0,0,0,0,0
4.65577,4,0,0,0,0,0,0,0,0,0,0
4.65577,5,0,0,0,0,0,0,0,0,0,0
4.71925,0,-1.51128,1.86289,3.77108,-0.0417775,0.366634,0.000833123,1.1037,0,0,0
4.71925,1,1.45053,2.93598,4.33424,0.270344,0.0277101,-0.0201947,0.083038,0,0,0
4.71925,2,-0.215356,1.80374,6.74456,-0.186437,0.427836,0.00795,1.16256,0,0,0
4.71925,3,0,0,0,0,0,0,0,0,0,0
4.71925,4,0,0,0,0,0,0,0,0,0,0
4.71925,5,0,0,0,0,0,0,0,0,0,0
4.78516,0,-1.51566,1.88806,3.77139,-0.0477022,0.371257,0.000955368,1.06649,0,0,0
4.78516,1,1.45927,2.93861,4.33136,0.25443,0.0259411,-0.0544404,0.105286,0,0,0
4.78516,2,-0.225214,1.82528,6.7453,-0.182096,0.416893,0.00761844,1.12315,0,0,0
4.78516,3,0,0,0,0,0,0,0,0,0,0
4.78516,4,0,0,0,0,0,0,0,0,0,0
4.78516,5,0,0,0,0,0,0,0,0,0,0
4.83595,0,-1.51773,1.90644,3.77166,-0.045416,0.362134,0.00176616,1.06649,0,0,0
4.83595,1,1.46678,2.94154,4.32681,0.232006,0.0247254,-0.104309,0.105286,0,0,0
4.83595,2,-0.237456,1.85004,6.74613,-0.187822,0.419546,0.00685815,1.12315,0,0,0
4.83595,3,0,0,0,0,0,0,0,0,0,0
4.83595,4,0,0,0,0,0,0,0,0,0,0
4.83595,5,0,0,0,0,0,0,0,0,0,0
4.88777,0,-1.51876,1.9214,3.77198,-0.039281,0.342309,0.00145476,1.03683,0,0,0
4.88777,1,1.46093,2.94276,4.32601,0.21106,0.0297416,-0.115689,0.123184,0,0,0
4.88777,2,-0.246835,1.87099,6.74683,-0.182156,0.408067,0.00604889,1.07829,0,0,0
4.88777,3,0,0,0,0,0,0,0,0,0,0
4.88777,4,0,0,0,0,0,0,0,0,0,0
4.88777,5,0,0,0,0,0,0,0,0,0,0
4.94332,0,-1.5189,1.94079,3.77237,-0.0254609,0.341648,0.002709,1.03683,0,0,0
4.94332,1,1.46676,2.94541,4.31974,0.19049,0.0285238,-0.139619,0.123184,0,0,0
4.94332,2,-0.251688,1.88415,6.74708,-0.161766,0.374476,0.00609436,1.07829,0,0,0
4.94332,3,0,0,0,0,0,0,0,0,0,0
4.94332,4,0,0,0,0,0,0,0,0,0,0
4.94332,5,0,0,0,0,0,0,0,0,0,0
4.99881,0,-1.52357,1.97004,3.7727,-0.0356593,0.358703,0.0034317,0.994117,0,0,0
4.99881,1,1.47208,2.94828,4.31261,0.1743,0.0288437,-0.156918,0.128191,0,0,0
4.99881,2,-0.257041,1.89667,6.74727,-0.146168,0.344196,0.0055805,1.05339,0,0,0
4.99881,3,0,0,0,0,0,0,0,0,0,0
4.99881,4,0,0,0,0,0,0,0,0,0,0
4.99881,5,0,0,0,0,0,0,0,0,0,0
5.05738,0,-1.52073,1.98388,3.77345,-0.0173007,0.335658,0.00295146,0.994117,0,0,0
5.05738,1,1.47519,2.95062,4.29624,0.153064,0.0276607,-0.172093,0.128191,0,0,0
5.05738,2,-0.276486,1.92989,6.74785,-0.183725,0.386402,0.00454845,1.05339,0,0,0
5.05738,3,0,0,0,0,0,0,0,0,0,0
5.05738,4,0,0,0,0,0,0,0,0,0,0
5.05738,5,0,0,0,0,0,0,0,0,0,0
5.10753,0,-1.52269,1.99994,3.7738,-0.0183544,0.318725,0.00139447,0.966505,0,0,0
5.10753,1,1.47913,2.95346,4.29001,0.136069,0.0277364,-0.176955,0.148194,0,0,0
5.10753,2,-0.284861,1.95022,6.74834,-0.176063,0.378767,0.0038273,1.00137,0,0,0
5.10753,3,0,0,0,0,0,0,0,0,0,0
5.10753,4,0,0,0,0,0,0,0,0,0,0
5.10753,5,0,0,0,0,0,0,0,0,0,0
5.15991,0,-1.52259,2.01408,3.77406,-0.0119393,0.29424,0.00244451,0.966505,0,0,0
5.15991,1,1.48753,2.95681,4.28171,0.111242,0.0200403,-0.174667,0.148194,0,0,0
5.15991,2,-0.295781,1.97329,6.7491,-0.173659,0.371472,-0.00277902,1.00137,0,0,0
5.15991,3,0,0,0,0,0,0,0,0,0,0
5.15991,4,0,0,0,0,0,0,0,0,0,0
5.15991,5,0,0,0,0,0,0,0,0,0,0
5.21897,0,-1.51946,2.0275,3.77444,0.0035665,0.280328,0.00365327,0.953651,0,0,0
5.21897,1,1.4825,2.95639,4.27935,0.0940074,0.0195045,-0.164173,0.16751,0,0,0
5.21897,2,-0.30722,1.99504,6.74927,-0.16805,0.367491,-0.00363424,0.979438,0,0,0
5.21897,3,0,0,0,0,0,0,0,0,0,0
5.21897,4,0,0,0,0,0,0,0,0,0,0
5.21897,5,0,0,0,0,0,0,0,0,0,0
5.28173,0,-1.52632,2.05682,3.77482,-0.0166232,0.317653,0.00394542,0.953651,0,0,0
5.28173,1,1.4825,2.95639,4.27935,0.0940074,0.0195045,-0.164173,0.16751,0,0,0
5.28173,2,-0.313263,2.01055,6.74942,-0.15089,0.339656,-0.00459782,0.979438,0,0,0
5.28173,3,0,0,0,0,0,0,0,0,0,0
5.28173,4,0,0,0,0,0,0,0,0,0,0
5.28173,5,0,0,0,0,0,0,0,0,0,0
5.33477,0,-1.52383,2.06885,3.7752,-0.00277079,0.295748,0.00515999,0.916797,0,0,0
5.33477,1,1.48891,2.9595,4.27019,0.0759637,0.0143713,-0.152663,0.176355,0,0,0
5.33477,2,-0.32019,2.02905,6.74959,-0.143749,0.334148,-0.00599359,0.944072,0,0,0
5.33477,3,0,0,0,0,0,0,0,0,0,0
5.33477,4,0,0,0,0,0,0,0,0,0,0
5.33477,5,0,0,0,0,0,0,0,0,0,0
5.3924,0,-1.52476,2.08679,3.77551,-0.00475964,0.298652,0.00410449,0.916797,0,0,0
5.3924,1,1.49233,2.96292,4.25943,0.0702972,0.0184747,-0.146967,0.176355,0,0,0
5.3924,2,-0.330115,2.04373,6.74971,-0.14458,0.316945,-0.00642519,0.944072,0,0,0
5.3924,3,0,0,0,0,0,0,0,0,0,0
5.3924,4,0,0,0,0,0,0,0,0,0,0
5.3924,5,0,0,0,0,0,0,0,0,0,0
5.45046,0,-1.52322,2.09766,3.7758,0.00416446,0.273328,0.00502837,0.889367,0,0,0
5.45046,1,1.49472,2.96659,4.24951,0.0612667,0.0232787,-0.139484,0.196131,0,0,0
5.45046,2,-0.340532,2.06424,6.74974,-0.153227,0.326416,-0.00885138,0.912928,0,0,0
5.45046,3,0,0,0,0,0,0,0,0,0,0
5.45046,4,0,0,0,0,0,0,0,0,0,0
5.45046,5,0,0,0,0,0,0,0,0,0,0
5.50979,0,-1.52237,2.10772,3.77635,0.00930438,0.252509,0.00594465,0.889367,0,0,0
5.50979,1,1.50038,2.97016,4.2379,0.0502118,0.0190335,-0.0995932,0.196131,0,0,0
5.50979,2,-0.346831,2.08165,6.74963,-0.145549,0.323021,-0.0100405,0.912928,0,0,0
5.50979,3,0,0,0,0,0,0,0,0,0,0
5.50979,4,0,0,0,0,0,0,0,0,0,0
5.50979,5,0,0,0,0,0,0,0,0,0,0
5.57015,0,-1.52612,2.12518,3.77677,-0.00457637,0.261713,0.00640376,0.869686,0,0,0
5.57015,1,1.50328,2.97149,4.233,0.0473957,0.0165448,-0.075101,0.208739,0,0,0
5.57015,2,-0.361259,2.11245,6.74913,-0.123942,0.293875,-0.0090277,0.877801,0,0,0
5.57015,3,0,0,0,0,0,0,0,0,0,0
5.57015,4,0,0,0,0,0,0,0,0,0,0
5.57015,5,0,0,0,0,0,0,0,0,0,0
5.62538,0,-1.52334,2.13095,3.77708,0.00909314,0.227463,0.00672238,0.869686,0,0,0
5.62538,1,1.50656,2.97336,4.23031,0.0428382,0.0150983,-0.0232241,0.218896,0,0,0
5.62538,2,-0.361259,2.11245,6.74913,-0.123942,0.293875,-0.0090277,0.8495,0,0,0
5.62538,3,0,0,0,0,0,0,0,0,0,0
5.62538,4,0,0,0,0,0,0,0,0,0,0
5.62538,5,0,0,0,0,0,0,0,0,0,0
5.67627,0,-1.5253,2.15278,3.77757,0.000805277,0.250794,0.00644497,0.849629,0,0,0
5.67627,1,1.5095,2.97498,4.22988,0.0401509,0.0143477,0.00280709,0.218896,0,0,0
5.67627,2,-0.371788,2.13438,6.74913,-0.134292,0.302375,-0.00367177,0.8495,0,0,0
5.67627,3,0,0,0,0,0,0,0,0,0,0
5.67627,4,0,0,0,0,0,0,0,0,0,0
5.67627,5,0,0,0,0,0,0,0,0,0,0
5.734,0,-1.52615,2.17245,3.77816,-0.00226716,0.268516,0.00704124,0.849629,0,0,0
5.734,1,1.51424,2.97616,4.23177,0.0432293,0.0123952,0.0445864,0.218896,0,0,0
5.734,2,-0.370758,2.13326,6.75029,-0.130673,0.298264,0.00227618,0.831286,0,0,0
5.734,3,0,0,0,0,0,0,0,0,0,0
5.734,4,0,0,0,0,0,0,0,0,0,0
5.734,5,0,0,0,0,0,0,0,0,0,0
5.80248,0,-1.52827,2.19341,3.77876,-0.00951804,0.285702,0.00612239,0.814782,0,0,0
5.80248,1,1.5198,2.97685,4.23531,0.0490647,0.00909866,0.0736196,0.223911,0,0,0
5.80248,2,-0.380135,2.15674,6.75171,-0.110879,0.263613,0.00812149,0.831286,0,0,0
5.80248,3,0,0,0,0,0,0,0,0,0,0
5.80248,4,0,0,0,0,0,0,0,0,0,0
5.80248,5,0,0,0,0,0,0,0,0,0,0
5.85665,0,-1.52827,2.20761,3.77937,-0.00705003,0.279174,0.00466983,0.814782,0,0,0
5.85665,1,1.52612,2.97663,4.23965,0.0565568,0.00306066,0.0926853,0.223911,0,0,0
5.85665,2,-0.378533,2.15835,6.75182,-0.105932,0.268984,0.0173718,0.831286,0,0,0
5.85665,3,0,0,0,0,0,0,0,0,0,0
5.85665,4,0,0,0,0,0,0,0,0,0,0
5.85665,5,0,0,0,0,0,0,0,0,0,0
5.91229,0,-1.52791,2.21633,3.77967,-0.002202,0.249303,0.00454934,0.785607,0,0,0
5.91229,1,1.53105,2.97863,4.24425,0.0589381,0.0050058,0.104821,0.226898,0,0,0
5.91229,2,-0.389905,2.19265,6.75273,-0.101412,0.27709,0.0228479,0.809689,0,0,0
5.91229,3,0,0,0,0,0,0,0,0,0,0
5.91229,4,0,0,0,0,0,0,0,0,0,0
5.91229,5,0,0,0,0,0,0,0,0,0,0
5.96759,0,-1.52881,2.22637,3.78023,-0.00321692,0.231597,0.00531454,0.785607,0,0,0
5.96759,1,1.53454,2.97818,4.2499,0.0720464,0.00289455,0.110194,0.227488,0,0,0
5.96759,2,-0.394386,2.21057,6.7536,-0.0944618,0.278599,0.0268241,0.764968,0,0,0
5.96759,3,0,0,0,0,0,0,0,0,0,0
5.96759,4,0,0,0,0,0,0,0,0,0,0
5.96759,5,0,0,0,0,0,0,0,0,0,0
6.02097,0,-1.5303,2.24069,3.7808,-0.00709891,0.229538,0.00621907,0.769917,0,0,0
6.02097,1,1.5395,2.97821,4.25613,0.0727401,-0.00120367,0.112289,0.227488,0,0,0
6.02097,2,-0.385398,2.20846,6.7564,-0.0624688,0.270215,0.0283165,0.764968,0,0,0
6.02097,3,0,0,0,0,0,0,0,0,0,0
6.02097,4,0,0,0,0,0,0,0,0,0,0
6.02097,5,0,0,0,0,0,0,0,0,0,0
6.0784,0,-1.533,2.25811,3.78135,-0.0152899,0.239112,0.00673695,0.769917,0,0,0
6.0784,1,1.54867,2.98127,4.26059,0.0733292,0.00236206,0.109082,0.233548,0,0,0
6.0784,2,-0.388548,2.22578,6.75816,-0.0555987,0.269593,0.0306832,0.753981,0,0,0
6.0784,3,0,0,0,0,0,0,0,0,0,0
6.0784,4,0,0,0,0,0,0,0,0,0,0
6.0784,5,0,0,0,0,0,0,0,0,0,0
6.13364,0,-1.53396,2.26929,3.78183,-0.0151286,0.227651,0.00701976,0.745512,0,0,0
6.13364,1,1.56006,2.97911,4.2675,0.0959033,-0.00840846,0.113543,0.233548,0,0,0
6.13364,2,-0.382037,2.23755,6.75972,-0.0164859,0.253301,0.0336594,0.753981,0,0,0
6.13364,3,0,0,0,0,0,0,0,0,0,0
6.13364,4,0,0,0,0,0,0,0,0,0,0
6.13364,5,0,0,0,0,0,0,0,0,0,0
6.18944,0,-1.53542,2.27987,3.78222,-0.0148927,0.217487,0.00479929,0.745512,0,0,0
6.18944,1,1.56261,2.97999,4.27317,0.105252,-0.00550385,0.107763,0.237886,0,0,0
6.18944,2,-0.381399,2.25855,6.76163,-0.0053718,0.274296,0.0324473,0.727691,0,0,0
6.18944,3,0,0,0,0,0,0,0,0,0,0
6.18944,4,0,0,0,0,0,0,0,0,0,0
6.18944,5,0,0,0,0,0,0,0,0,0,0
6.24469,0,-1.53667,2.29012,3.78236,-0.0161496,0.208751,-0.00164928,0.728858,0,0,0
6.24469,1,1.57554,2.98002,4.27638,0.111011,-0.00959964,0.0922336,0.237886,0,0,0
6.24469,2,-0.374365,2.27206,6.76176,0.0275464,0.267502,0.0301026,0.727691,0,0,0
6.24469,3,0,0,0,0,0,0,0,0,0,0
6.24469,4,0,0,0,0,0,0,0,0,0,0
6.24469,5,0,0,0,0,0,0,0,0,0,0
6.2949,0,-1.53653,2.29714,3.78169,-0.0109134,0.188029,-0.0209418,0.728858,0,0,0
6.2949,1,1.5764,2.98129,4.28147,0.114028,-0.00514533,0.0853462,0.24619,0,0,0
6.2949,2,-0.366453,2.29113,6.76354,0.0574177,0.281755,0.0271283,0.701384,0,0,0
6.2949,3,0,0,0,0,0,0,0,0,0,0
6.2949,4,0,0,0,0,0,0,0,0,0,0
6.2949,5,0,0,0,0,0,0,0,0,0,0
6.36104,0,-1.5362,2.30649,3.7798,-0.00561268,0.179333,-0.0461651,0.715536,0,0,0
6.36104,1,1.58584,2.98118,4.28538,0.125454,-0.00819585,0.0810752,0.24619,0,0,0
6.36104,2,-0.361088,2.30658,6.76496,0.0743121,0.279173,0.0253392,0.701384,0,0,0
6.36104,3,0,0,0,0,0,0,0,0,0,0
6.36104,4,0,0,0,0,0,0,0,0,0,0
6.36104,5,0,0,0,0,0,0,0,0,0,0
6.41879,0,-1.53931,2.32279,3.77594,-0.0138531,0.199869,-0.0814603,0.697424,0,0,0
6.41879,1,1.593,2.98171,4.28969,0.126983,-0.00773472,0.0773408,0.257275,0,0,0
6.41879,2,-0.353972,2.32149,6.76763,0.093645,0.274213,0.0228099,0.678947,0,0,0
6.41879,3,0,0,0,0,0,0,0,0,0,0
6.41879,4,0,0,0,0,0,0,0,0,0,0
6.41879,5,0,0,0,0,0,0,0,0,0,0
6.47924,0,-1.53862,2.33542,3.77114,-0.0069501,0.201065,-0.106071,0.697424,0,0,0
6.47924,1,1.59958,2.98185,4.29366,0.127561,-0.00854324,0.0742657,0.257275,0,0,0
6.47924,2,-0.345341,2.33461,6.7688,0.115876,0.264248,0.0206767,0.678947,0,0,0
6.47924,3,0,0,0,0,0,0,0,0,0,0
6.47924,4,0,0,0,0,0,0,0,0,0,0
6.47924,5,0,0,0,0,0,0,0,0,0,0
6.53445,0,-1.53456,2.34323,3.76553,0.0116943,0.184682,-0.127717,0.680074,0,0,0
6.53445,1,1.60533,2.98134,4.29782,0.12541,-0.011338,0.0753883,0.265172,0,0,0
6.53445,2,-0.338037,2.35201,6.77009,0.129749,0.274414,0.0158255,0.656489,0,0,0
6.53445,3,0,0,0,0,0,0,0,0,0,0
6.53445,4,0,0,0,0,0,0,0,0,0,0
6.53445,5,0,0,0,0,0,0,0,0,0,0
6.58722,0,-1.53177,2.35656,3.75678,0.0214826,0.19279,-0.14972,0.680074,0,0,0
6.58722,1,1.6091,2.98267,4.29998,0.114912,-0.00687284,0.0529863,0.265172,0,0,0
6.58722,2,-0.332557,2.36587,6.77123,0.134543,0.268258,0.0151709,0.656489,0,0,0
6.58722,3,0,0,0,0,0,0,0,0,0,0
6.58722,4,0,0,0,0,0,0,0,0,0,0
6.58722,5,0,0,0,0,0,0,0,0,0,0
6.64499,0,-1.52747,2.38023,3.7476,0.0313022,0.195962,-0.161761,0.650386,0,0,0
6.64499,1,1.61692,2.98121,4.30253,0.122033,-0.0135396,0.041515,0.27397,0,0,0
6.64499,2,-0.325645,2.37829,6.7719,0.143381,0.257794,0.0116051,0.637716,0,0,0
6.64499,3,0,0,0,0,0,0,0,0,0,0
6.64499,4,0,0,0,0,0,0,0,0,0,0
6.64499,5,0,0,0,0,0,0,0,0,0,0
6.69775,0,-1.52128,2.38929,3.72997,0.0473709,0.187346,-0.172139,0.650386,0,0,0
6.69775,1,1.62267,2.98078,4.30293,0.118445,-0.0152737,0.013885,0.27397,0,0,0
6.69775,2,-0.319071,2.3945,6.77273,0.148057,0.262081,0.00445895,0.637716,0,0,0
6.69775,3,0,0,0,0,0,0,0,0,0,0
6.69775,4,0,0,0,0,0,0,0,0,0,0
6.69775,5,0,0,0,0,0,0,0,0,0,0
6.75556,0,-1.51203,2.40275,3.72956,0.0696754,0.193164,-0.165427,0.643419,0,0,0
6.75556,1,1.62703,2.98069,4.30101,0.108174,-0.0152728,-0.0388875,0.283129,0,0,0
6.75556,2,-0.313889,2.40659,6.77327,0.14838,0.254215,-0.00421049,0.617872,0,0,0
6.75556,3,0,0,0,0,0,0,0,0,0,0
6.75556,4,0,0,0,0,0,0,0,0,0,0
6.75556,5,0,0,0,0,0,0,0,0,0,0
6.81906,0,-1.50346,2.41757,3.72008,0.088121,0.203699,-0.154894,0.643419,0,0,0
6.81906,1,1.63041,2.98036,4.29792,0.0973216,-0.0157665,-0.0538662,0.283129,0,0,0
6.81906,2,-0.306016,2.42436,6.77308,0.139444,0.217964,-0.0172572,0.617872,0,0,0
6.81906,3,0,0,0,0,0,0,0,0,0,0
6.81906,4,0,0,0,0,0,0,0,0,0,0
6.81906,5,0,0,0,0,0,0,0,0,0,0
6.87317,0,-1.49622,2.43048,3.71249,0.0998124,0.207445,-0.15004,0.613568,0,0,0
6.87317,1,1.6332,2.97965,4.29336,0.0877696,-0.0174947,-0.08251,0.290315,0,0,0
6.87317,2,-0.306016,2.42436,6.77308,0.139444,0.217964,-0.0172572,0.605226,0,0,0
6.87317,3,0,0,0,0,0,0,0,0,0,0
6.87317,4,0,0,0,0,0,0,0,0,0,0
6.87317,5,0,0,0,0,0,0,0,0,0,0
6.93524,0,-1.49622,2.43048,3.71249,0.0998124,0.207445,-0.15004,0.613568,0,0,0
6.93524,1,1.63416,2.97923,4.28908,0.0735347,-0.0175747,-0.105232,0.290315,0,0,0
6.93524,2,-0.304047,2.43227,6.77374,0.12903,0.203009,-0.0245722,0.605226,0,0,0
6.93524,3,0,0,0,0,0,0,0,0,0,0
6.93524,4,0,0,0,0,0,0,0,0,0,0
6.93524,5,0,0,0,0,0,0,0,0,0,0
6.99335,0,-1.48779,2.44273,3.70587,0.112983,0.207481,-0.139674,0.589134,0,0,0
6.99335,1,1.6358,2.97811,4.28727,0.0640001,-0.0202273,-0.121708,0.293848,0,0,0
6.99335,2,-0.304848,2.44677,6.77157,0.111008,0.209692,-0.029053,0.587853,0,0,0
6.99335,3,0,0,0,0,0,0,0,0,0,0
6.99335,4,0,0,0,0,0,0,0,0,0,0
6.99335,5,0,0,0,0,0,0,0,0,0,0
7.04619,0,-1.47955,2.45571,3.69944,0.122643,0.209033,-0.119284,0.589134,0,0,0
7.04619,1,1.63614,2.97754,4.28035,0.0504659,-0.0202799,-0.133526,0.293848,0,0,0
7.04619,2,-0.302145,2.45479,6.7696,0.10637,0.196065,-0.0312202,0.587853,0,0,0
7.04619,3,0,0,0,0,0,0,0,0,0,0
7.04619,4,0,0,0,0,0,0,0,0,0,0
7.04619,5,0,0,0,0,0,0,0,0,0,0
7.10669,0,-1.47432,2.46332,3.6943,0.123395,0.195527,-0.0910653,0.569347,0,0,0
7.10669,1,1.63639,2.97689,4.27317,0.0393416,-0.0199786,-0.141373,0.298458,0,0,0
7.10669,2,-0.304984,2.46693,6.76943,0.0814718,0.197967,-0.028344,0.571838,0,0,0
7.10669,3,0,0,0,0,0,0,0,0,0,0
7.10669,4,0,0,0,0,0,0,0,0,0,0
7.10669,5,0,0,0,0,0,0,0,0,0,0
7.17206,0,-1.46197,2.48523,3.68915,0.129008,0.192414,-0.034653,0.569347,0,0,0
7.17206,1,1.63624,2.97591,4.25914,0.0287885,-0.0213474,-0.149909,0.298458,0,0,0
7.17206,2,-0.316711,2.48372,6.76658,0.0215525,0.183051,-0.0233101,0.571838,0,0,0
7.17206,3,0,0,0,0,0,0,0,0,0,0
7.17206,4,0,0,0,0,0,0,0,0,0,0
7.17206,5,0,0,0,0,0,0,0,0,0,0
7.2273,0,-1.4568,2.49368,3.68884,0.129481,0.183863,-0.00797909,0.547731,0,0,0
7.2273,1,1.63571,2.97504,4.25131,0.0190547,-0.022282,-0.147378,0.305415,0,0,0
7.2273,2,-0.316711,2.48372,6.76658,0.0215525,0.183051,-0.0233101,0.556629,0,0,0
7.2273,3,0,0,0,0,0,0,0,0,0,0
7.2273,4,0,0,0,0,0,0,0,0,0,0
7.2273,5,0,0,0,0,0,0,0,0,0,0
7.28511,0,-1.4551,2.50206,3.68979,0.119511,0.178152,0.0164474,0.547731,0,0,0
7.28511,1,1.63654,2.97354,4.25185,0.0146237,-0.0251282,-0.135857,0.305415,0,0,0
7.28511,2,-0.324027,2.50025,6.76481,-0.00452835,0.167138,-0.0223097,0.556629,0,0,0
7.28511,3,0,0,0,0,0,0,0,0,0,0
7.28511,4,0,0,0,0,0,0,0,0,0,0
7.28511,5,0,0,0,0,0,0,0,0,0,0
7.34939,0,-1.4551,2.50206,3.68979,0.119511,0.178152,0.0164474,0.531368,0,0,0
7.34939,1,1.63516,2.97339,4.24543,0.00479326,-0.0231499,-0.126169,0.306838,0,0,0
7.34939,2,-0.332131,2.50426,6.76433,-0.0275957,0.148903,-0.0203996,0.539312,0,0,0
7.34939,3,0,0,0,0,0,0,0,0,0,0
7.34939,4,0,0,0,0,0,0,0,0,0,0
7.34939,5,0,0,0,0,0,0,0,0,0,0
7.40213,0,-1.45917,2.51632,3.69756,0.0739938,0.157984,0.0515174,0.531368,0,0,0
7.40213,1,1.63507,2.97222,4.23906,0.000999086,-0.0248576,-0.108719,0.306838,0,0,0
7.40213,2,-0.342293,2.50763,6.76388,-0.054034,0.12987,-0.0190671,0.539312,0,0,0
7.40213,3,0,0,0,0,0,0,0,0,0,0
7.40213,4,0,0,0,0,0,0,0,0,0,0
7.40213,5,0,0,0,0,0,0,0,0,0,0
7.45241,0,-1.45683,2.52355,3.69695,0.0694384,0.146095,0.0486914,0.521348,0,0,0
7.45241,1,1.63487,2.97144,4.22938,-0.00296111,-0.0248418,-0.0942073,0.313107,0,0,0
7.45241,2,-0.352698,2.51002,6.76301,-0.091618,0.13961,-0.0190431,0.533167,0,0,0
7.45241,3,0,0,0,0,0,0,0,0,0,0
7.45241,4,0,0,0,0,0,0,0,0,0,0
7.45241,5,0,0,0,0,0,0,0,0,0,0
7.51124,0,-1.46049,2.52796,3.70227,0.0488489,0.133193,0.0537171,0.521348,0,0,0
7.51124,1,1.63499,2.97109,4.22874,-0.00572023,-0.0232345,-0.0770181,0.313107,0,0,0
7.51124,2,-0.363436,2.51544,6.76316,-0.114655,0.127507,-0.0188608,0.533167,0,0,0
7.51124,3,0,0,0,0,0,0,0,0,0,0
7.51124,4,0,0,0,0,0,0,0,0,0,0
7.51124,5,0,0,0,0,0,0,0,0,0,0
7.58374,0,-1.46463,2.53565,3.70499,0.0284058,0.132313,0.0539522,0.512661,0,0,0
7.58374,1,1.63666,2.97035,4.2287,-0.00364845,-0.0235886,-0.0224955,0.314579,0,0,0
7.58374,2,-0.374372,2.52372,6.7614,-0.135254,0.127635,-0.0213839,0.522205,0,0,0
7.58374,3,0,0,0,0,0,0,0,0,0,0
7.58374,4,0,0,0,0,0,0,0,0,0,0
7.58374,5,0,0,0,0,0,0,0,0,0,0
7.63446,0,-1.47141,2.53876,3.70696,0.00169642,0.117589,0.0474135,0.512661,0,0,0
7.63446,1,1.6391,2.96837,4.23078,0.0010556,-0.0282118,0.0316705,0.314579,0,0,0
7.63446,2,-0.387718,2.52899,6.7605,-0.13882,0.092465,-0.0239145,0.522205,0,0,0
7.63446,3,0,0,0,0,0,0,0,0,0,0
7.63446,4,0,0,0,0,0,0,0,0,0,0
7.63446,5,0,0,0,0,0,0,0,0,0,0
7.69058,0,-1.47272,2.54314,3.70702,-0.00362993,0.10812,0.0457107,0.511172,0,0,0
7.69058,1,1.64025,2.96812,4.23369,0.00116389,-0.0259004,0.0572631,0.314633,0,0,0
7.69058,2,-0.402948,2.53874,6.75812,-0.166801,0.100948,-0.0274366,0.510524,0,0,0
7.69058,3,0,0,0,0,0,0,0,0,0,0
7.69058,4,0,0,0,0,0,0,0,0,0,0
7.69058,5,0,0,0,0,0,0,0,0,0,0
7.75094,0,-1.47595,2.54202,3.709,-0.0153,0.104474,0.0434554,0.511172,0,0,0
7.75094,1,1.64324,2.9675,4.23628,0.00836513,-0.0256329,0.0951146,0.314633,0,0,0
7.75094,2,-0.402948,2.53874,6.75812,-0.166801,0.100948,-0.0274366,0.510524,0,0,0
7.75094,3,0,0,0,0,0,0,0,0,0,0
7.75094,4,0,0,0,0,0,0,0,0,0,0
7.75094,5,0,0,0,0,0,0,0,0,0,0
7.81392,0,-1.4811,2.54862,3.71142,-0.0324642,0.102362,0.0421293,0.511466,0,0,0
7.81392,1,1.64768,2.9679,4.24382,0.0192505,-0.021665,0.111601,0.315837,0,0,0
7.81392,2,-0.420393,2.55054,6.757,-0.174915,0.0948785,-0.0203316,0.506734,0,0,0
7.81392,3,0,0,0,0,0,0,0,0,0,0
7.81392,4,0,0,0,0,0,0,0,0,0,0
7.81392,5,0,0,0,0,0,0,0,0,0,0
7.8641,0,-1.48792,2.55734,3.71397,-0.0528154,0.107158,0.0414546,0.511466,0,0,0
7.8641,1,1.65319,2.96509,4.25139,0.0332928,-0.0291867,0.120743,0.315837,0,0,0
7.8641,2,-0.429639,2.55889,6.75738,-0.178557,0.100702,-0.01017,0.506734,0,0,0
7.8641,3,0,0,0,0,0,0,0,0,0,0
7.8641,4,0,0,0,0,0,0,0,0,0,0
7.8641,5,0,0,0,0,0,0,0,0,0,0
7.92186,0,-1.49209,2.56277,3.71611,-0.0602622,0.100665,0.0406226,0.50848,0,0,0
7.92186,1,1.65953,2.96573,4.25638,0.0479053,-0.0238782,0.12111,0.317466,0,0,0
7.92186,2,-0.443764,2.56912,6.7573,-0.17417,0.0911565,-0.0053001,0.499123,0,0,0
7.92186,3,0,0,0,0,0,0,0,0,0,0
7.92186,4,0,0,0,0,0,0,0,0,0,0
7.92186,5,0,0,0,0,0,0,0,0,0,0
7.97594,0,-1.49209,2.56277,3.71611,-0.0602622,0.100665,0.0406226,0.50848,0,0,0
7.97594,1,1.66677,2.96346,4.26298,0.0645251,-0.0296885,0.117769,0.317466,0,0,0
7.97594,2,-0.44082,2.57197,6.75816,-0.164146,0.101111,-0.00181043,0.499123,0,0,0
7.97594,3,0,0,0,0,0,0,0,0,0,0
7.97594,4,0,0,0,0,0,0,0,0,0,0
7.97594,5,0,0,0,0,0,0,0,0,0,0
8.02838,0,-1.50032,2.57337,3.72239,-0.0724589,0.092594,0.0419074,0.505816,0,0,0
8.02838,1,1.67029,2.96458,4.269,0.0652751,-0.0217953,0.112166,0.324814,0,0,0
8.02838,2,-0.44082,2.57197,6.75816,-0.164146,0.101111,-0.00181043,0.49292,0,0,0
8.02838,3,0,0,0,0,0,0,0,0,0,0
8.02838,4,0,0,0,0,0,0,0,0,0,0
8.02838,5,0,0,0,0,0,0,0,0,0,0
8.0846,0,-1.50032,2.57337,3.72239,-0.0724589,0.092594,0.0419074,0.505816,0,0,0
8.0846,1,1.67786,2.96266,4.27426,0.080812,-0.0266896,0.103153,0.324814,0,0,0
8.0846,2,-0.443751,2.58,6.75819,-0.147898,0.10499,0.00432328,0.49292,0,0,0
8.0846,3,0,0,0,0,0,0,0,0,0,0
8.0846,4,0,0,0,0,0,0,0,0,0,0
8.0846,5,0,0,0,0,0,0,0,0,0,0
8.14578,0,-1.50514,2.57972,3.72214,-0.0693438,0.0729896,0.0385018,0.505032,0,0,0
8.14578,1,1.683,2.96213,4.27574,0.0850668,-0.0252861,0.0989862,0.33099,0,0,0
8.14578,2,-0.443392,2.58627,6.75851,-0.122872,0.103075,0.0104407,0.484896,0,0,0
8.14578,3,0,0,0,0,0,0,0,0,0,0
8.14578,4,0,0,0,0,0,0,0,0,0,0
8.14578,5,0,0,0,0,0,0,0,0,0,0
8.20966,0,-1.51664,2.59552,3.72649,-0.0893869,0.0899769,0.0249897,0.505032,0,0,0
8.20966,1,1.68818,2.96189,4.28247,0.0871032,-0.0227079,0.0909319,0.33099,0,0,0
8.20966,2,-0.447491,2.59885,6.75915,-0.0977744,0.0982331,0.01502,0.484896,0,0,0
8.20966,3,0,0,0,0,0,0,0,0,0,0
8.20966,4,0,0,0,0,0,0,0,0,0,0
8.20966,5,0,0,0,0,0,0,0,0,0,0
8.26243,0,-1.51836,2.60001,3.72758,-0.0830965,0.0847828,0.00739127,0.503533,0,0,0
8.26243,1,1.69332,2.96095,4.28778,0.090314,-0.0232884,0.0858412,0.337926,0,0,0
8.26243,2,-0.439573,2.60067,6.76164,-0.0694297,0.103721,0.0192969,0.478455,0,0,0
8.26243,3,0,0,0,0,0,0,0,0,0,0
8.26243,4,0,0,0,0,0,0,0,0,0,0
8.26243,5,0,0,0,0,0,0,0,0,0,0
8.32445,0,-1.52012,2.60494,3.72747,-0.0774189,0.0827589,-0.0172619,0.503533,0,0,0
8.32445,1,1.69759,2.96054,4.29334,0.088078,-0.0204829,0.0805965,0.337926,0,0,0
8.32445,2,-0.435525,2.60799,6.76302,-0.0401814,0.103221,0.0213095,0.478455,0,0,0
8.32445,3,0,0,0,0,0,0,0,0,0,0
8.32445,4,0,0,0,0,0,0,0,0,0,0
8.32445,5,0,0,0,0,0,0,0,0,0,0
8.38506,0,-1.51867,2.60952,3.72484,-0.0597688,0.0795479,-0.0548217,0.500817,0,0,0
8.38506,1,1.70001,2.9603,4.297,0.0799832,-0.0179116,0.0770575,0.343587,0,0,0
8.38506,2,-0.431441,2.61342,6.76409,-0.0164131,0.0971195,0.0205637,0.472229,0,0,0
8.38506,3,0,0,0,0,0,0,0,0,0,0
8.38506,4,0,0,0,0,0,0,0,0,0,0
8.38506,5,0,0,0,0,0,0,0,0,0,0
8.44096,0,-1.52039,2.6152,3.7212,-0.055654,0.0801183,-0.0792676,0.500817,0,0,0
8.44096,1,1.70436,2.95894,4.30156,0.0813982,-0.0204792,0.0742534,0.343587,0,0,0
8.44096,2,-0.424557,2.62089,6.76499,0.0127251,0.101053,0.021205,0.472229,0,0,0
8.44096,3,0,0,0,0,0,0,0,0,0,0
8.44096,4,0,0,0,0,0,0,0,0,0,0
8.44096,5,0,0,0,0,0,0,0,0,0,0
8.50252,0,-1.516,2.62137,3.71633,-0.0318378,0.0811112,-0.103453,0.497476,0,0,0
8.50252,1,1.70795,2.95814,4.30454,0.077682,-0.0200141,0.0717326,0.347729,0,0,0
8.50252,2,-0.414211,2.63493,6.76601,0.0467831,0.10572,0.0190015,0.460503,0,0,0
8.50252,3,0,0,0,0,0,0,0,0,0,0
8.50252,4,0,0,0,0,0,0,0,0,0,0
8.50252,5,0,0,0,0,0,0,0,0,0,0
8.55988,0,-1.51285,2.6261,3.71106,-0.0157262,0.0784363,-0.118979,0.497476,0,0,0
8.55988,1,1.71041,2.95725,4.30837,0.0728733,-0.0201775,0.0624068,0.347729,0,0,0
8.55988,2,-0.409762,2.63616,6.76715,0.062914,0.109744,0.0176082,0.460503,0,0,0
8.55988,3,0,0,0,0,0,0,0,0,0,0
8.55988,4,0,0,0,0,0,0,0,0,0,0
8.55988,5,0,0,0,0,0,0,0,0,0,0
8.61526,0,-1.51058,2.63347,3.70366,-0.00639957,0.0844912,-0.12938,0.489137,0,0,0
8.61526,1,1.71245,2.95684,4.31064,0.0670987,-0.0185556,0.0501982,0.351721,0,0,0
8.61526,2,-0.402655,2.64306,6.76773,0.0816861,0.111278,0.015686,0.456943,0,0,0
8.61526,3,0,0,0,0,0,0,0,0,0,0
8.61526,4,0,0,0,0,0,0,0,0,0,0
8.61526,5,0,0,0,0,0,0,0,0,0,0
8.6731,0,-1.50529,2.63877,3.69704,0.0106957,0.0839542,-0.134159,0.489137,0,0,0
8.6731,1,1.71325,2.95596,4.31289,0.0575925,-0.0185372,0.0280931,0.351721,0,0,0
8.6731,2,-0.391058,2.65469,6.76837,0.100946,0.105171,0.0138415,0.456943,0,0,0
8.6731,3,0,0,0,0,0,0,0,0,0,0
8.6731,4,0,0,0,0,0,0,0,0,0,0
8.6731,5,0,0,0,0,0,0,0,0,0,0
8.72886,0,-1.49748,2.64592,3.69295,0.0332666,0.088105,-0.133842,0.481764,0,0,0
8.72886,1,1.71521,2.95474,4.31324,0.0515155,-0.0196341,-0.00102632,0.353303,0,0,0
8.72886,2,-0.384124,2.66074,6.76944,0.11221,0.104502,0.0133404,0.448971,0,0,0
8.72886,3,0,0,0,0,0,0,0,0,0,0
8.72886,4,0,0,0,0,0,0,0,0,0,0
8.72886,5,0,0,0,0,0,0,0,0,0,0
8.7885,0,-1.49318,2.64626,3.68493,0.0473584,0.0886023,-0.130193,0.481764,0,0,0
8.7885,1,1.71594,2.95346,4.31189,0.0423715,-0.020661,-0.0367427,0.353303,0,0,0
8.7885,2,-0.383028,2.66161,6.7702,0.116083,0.107521,0.0103231,0.448971,0,0,0
8.7885,3,0,0,0,0,0,0,0,0,0,0
8.7885,4,0,0,0,0,0,0,0,0,0,0
8.7885,5,0,0,0,0,0,0,0,0,0,0
8.83872,0,-1.48449,2.65558,3.6784,0.0620313,0.0825558,-0.126031,0.473289,0,0,0
8.83872,1,1.7156,2.95261,4.30931,0.0317683,-0.0201355,-0.0637675,0.355501,0,0,0
8.83872,2,-0.376911,2.66748,6.77039,0.121991,0.10547,0.00511451,0.449205,0,0,0
8.83872,3,0,0,0,0,0,0,0,0,0,0
8.83872,4,0,0,0,0,0,0,0,0,0,0
8.83872,5,0,0,0,0,0,0,0,0,0,0
8.90242,0,-1.47935,2.65841,3.67117,0.079487,0.0920525,-0.117273,0.462632,0,0,0
8.90242,1,1.71457,2.95124,4.30464,0.0203821,-0.0212334,-0.0932494,0.355501,0,0,0
8.90242,2,-0.365285,2.67761,6.77018,0.129715,0.098242,-0.00484583,0.449205,0,0,0
8.90242,3,0,0,0,0,0,0,0,0,0,0
8.90242,4,0,0,0,0,0,0,0,0,0,0
8.90242,5,0,0,0,0,0,0,0,0,0,0
8.95873,0,-1.47083,2.66416,3.66546,0.0977563,0.0922705,-0.107287,0.462632,0,0,0
8.95873,1,1.71331,2.95037,4.29926,0.0103604,-0.0206542,-0.110218,0.355062,0,0,0
8.95873,2,-0.360149,2.68255,6.76992,0.130555,0.0955819,-0.0159766,0.441845,0,0,0
8.95873,3,0,0,0,0,0,0,0,0,0,0
8.95873,4,0,0,0,0,0,0,0,0,0,0
8.95873,5,0,0,0,0,0,0,0,0,0,0
9.01403,0,-1.4579,2.67489,3.66002,0.113513,0.092267,-0.0993262,0.44394,0,0,0
9.01403,1,1.71147,2.94955,4.29408,5.54622e-05,-0.0196972,-0.122011,0.355062,0,0,0
9.01403,2,-0.357576,2.68808,6.76983,0.121365,0.0954405,-0.0273128,0.441845,0,0,0
9.01403,3,0,0,0,0,0,0,0,0,0,0
9.01403,4,0,0,0,0,0,0,0,0,0,0
9.01403,5,0,0,0,0,0,0,0,0,0,0
9.06937,0,-1.44955,2.68074,3.65628,0.123848,0.0919956,-0.092797,0.44394,0,0,0
9.06937,1,1.70917,2.94817,4.28757,-0.00969322,-0.0208698,-0.131071,0.354002,0,0,0
9.06937,2,-0.351441,2.69258,6.76733,0.125017,0.0909676,-0.0324227,0.437189,0,0,0
9.06937,3,0,0,0,0,0,0,0,0,0,0
9.06937,4,0,0,0,0,0,0,0,0,0,0
9.06937,5,0,0,0,0,0,0,0,0,0,0
9.12745,0,-1.44268,2.68592,3.65137,0.128773,0.0906086,-0.0835436,0.43207,0,0,0
9.12745,1,1.70663,2.94697,4.2803,-0.0189643,-0.0214137,-0.134602,0.354002,0,0,0
9.12745,2,-0.34986,2.6965,6.76562,0.114476,0.0866349,-0.0367611,0.437189,0,0,0
9.12745,3,0,0,0,0,0,0,0,0,0,0
9.12745,4,0,0,0,0,0,0,0,0,0,0
9.12745,5,0,0,0,0,0,0,0,0,0,0
9.18897,0,-1.44347,2.68551,3.64774,0.125786,0.0891561,-0.0781758,0.43207,0,0,0
9.18897,1,1.70515,2.94636,4.27424,-0.0232613,-0.0200481,-0.135758,0.352318,0,0,0
9.18897,2,-0.357318,2.70565,6.76277,0.0610677,0.0839386,-0.0357058,0.428151,0,0,0
9.18897,3,0,0,0,0,0,0,0,0,0,0
9.18897,4,0,0,0,0,0,0,0,0,0,0
9.18897,5,0,0,0,0,0,0,0,0,0,0
9.24984,0,-1.43887,2.68946,3.64439,0.123305,0.0854579,-0.0627504,0.431418,0,0,0
9.24984,1,1.70389,2.94567,4.27009,-0.0260642,-0.0191556,-0.135647,0.352373,0,0,0
9.24984,2,-0.357168,2.70789,6.76095,0.0538932,0.0752479,-0.0342516,0.423507,0,0,0
9.24984,3,0,0,0,0,0,0,0,0,0,0
9.24984,4,0,0,0,0,0,0,0,0,0,0
9.24984,5,0,0,0,0,0,0,0,0,0,0
9.30361,0,-1.42663,2.69835,3.64216,0.127894,0.0812453,-0.0374731,0.431418,0,0,0
9.30361,1,1.70211,2.94478,4.26609,-0.0303036,-0.0192482,-0.130738,0.352373,0,0,0
9.30361,2,-0.364951,2.71275,6.75866,0.0260262,0.0738323,-0.0320655,0.423507,0,0,0
9.30361,3,0,0,0,0,0,0,0,0,0,0
9.30361,4,0,0,0,0,0,0,0,0,0,0
9.30361,5,0,0,0,0,0,0,0,0,0,0
9.35977,0,-1.4252,2.70199,3.64118,0.114394,0.0776088,-0.012389,0.418004,0,0,0
9.35977,1,1.69796,2.94374,4.25561,-0.0409155,-0.0187589,-0.122262,0.351119,0,0,0
9.35977,2,-0.369617,2.71265,6.75772,0.00810606,0.0592016,-0.0300301,0.415764,0,0,0
9.35977,3,0,0,0,0,0,0,0,0,0,0
9.35977,4,0,0,0,0,0,0,0,0,0,0
9.35977,5,0,0,0,0,0,0,0,0,0,0
9.41806,0,-1.42594,2.70124,3.64162,0.112809,0.0752439,0.00824437,0.418004,0,0,0
9.41806,1,1.69537,2.94239,4.24927,-0.0448888,-0.0204335,-0.109182,0.351119,0,0,0
9.41806,2,-0.382491,2.71722,6.75664,-0.0358223,0.0635092,-0.0275567,0.415764,0,0,0
9.41806,3,0,0,0,0,0,0,0,0,0,0
9.41806,4,0,0,0,0,0,0,0,0,0,0
9.41806,5,0,0,0,0,0,0,0,0,0,0
9.47467,0,-1.42392,2.70439,3.64312,0.102949,0.0706102,0.0298765,0.415006,0,0,0
9.47467,1,1.69311,2.94129,4.24365,-0.047396,-0.0208667,-0.0740831,0.350486,0,0,0
9.47467,2,-0.384878,2.71484,6.7568,-0.0438411,0.0553042,-0.025878,0.414153,0,0,0
9.47467,3,0,0,0,0,0,0,0,0,0,0
9.47467,4,0,0,0,0,0,0,0,0,0,0
9.47467,5,0,0,0,0,0,0,0,0,0,0
9.53564,0,-1.41877,2.71044,3.64586,0.0923507,0.0636936,0.0525787,0.415006,0,0,0
9.53564,1,1.69146,2.94012,4.24042,-0.0479441,-0.0218142,-0.0484682,0.350486,0,0,0
9.53564,2,-0.397087,2.71944,6.75433,-0.0714434,0.0475022,-0.0266091,0.414153,0,0,0
9.53564,3,0,0,0,0,0,0,0,0,0,0
9.53564,4,0,0,0,0,0,0,0,0,0,0
9.53564,5,0,0,0,0,0,0,0,0,0,0
9.58869,0,-1.42365,2.71069,3.6495,0.075098,0.0651567,0.0685033,0.408704,0,0,0
9.58869,1,1.69057,2.93895,4.23943,-0.046165,-0.0227294,-0.0112365,0.349357,0,0,0
9.58869,2,-0.402608,2.72121,6.75451,-0.0914642,0.0545512,-0.0259814,0.410418,0,0,0
9.58869,3,0,0,0,0,0,0,0,0,0,0
9.58869,4,0,0,0,0,0,0,0,0,0,0
9.58869,5,0,0,0,0,0,0,0,0,0,0
9.64392,0,-1.4274,2.71616,3.65674,0.041567,0.0577651,0.0766589,0.408704,0,0,0
9.64392,1,1.69101,2.93862,4.24042,-0.0401804,-0.0205633,0.0332697,0.349357,0,0,0
9.64392,2,-0.409743,2.7207,6.75327,-0.102487,0.0398672,-0.0266465,0.410418,0,0,0
9.64392,3,0,0,0,0,0,0,0,0,0,0
9.64392,4,0,0,0,0,0,0,0,0,0,0
9.64392,5,0,0,0,0,0,0,0,0,0,0
9.70421,0,-1.43103,2.7202,3.66077,0.0206144,0.0601418,0.077067,0.405351,0,0,0
9.70421,1,1.692,2.93838,4.24331,-0.0330722,-0.0187383,0.0640062,0.349064,0,0,0
9.70421,2,-0.421601,2.72621,6.75169,-0.128778,0.0488882,-0.0278856,0.407685,0,0,0
9.70421,3,0,0,0,0,0,0,0,0,0,0
9.70421,4,0,0,0,0,0,0,0,0,0,0
9.70421,5,0,0,0,0,0,0,0,0,0,0
9.75715,0,-1.43103,2.7202,3.66077,0.0206144,0.0601418,0.077067,0.405351,0,0,0
9.75715,1,1.69458,2.93713,4.24841,-0.0205464,-0.0207908,0.093198,0.349064,0,0,0
9.75715,2,-0.431723,2.73029,6.75045,-0.141748,0.049764,-0.0268045,0.407685,0,0,0
9.75715,3,0,0,0,0,0,0,0,0,0,0
9.75715,4,0,0,0,0,0,0,0,0,0,0
9.75715,5,0,0,0,0,0,0,0,0,0,0
9.81772,0,-1.44018,2.72339,3.66704,-0.0179324,0.0472741,0.0697287,0.405701,0,0,0
9.81772,1,1.69668,2.93671,4.25293,-0.011021,-0.0189514,0.105498,0.349556,0,0,0
9.81772,2,-0.436161,2.73025,6.74956,-0.136091,0.0375777,-0.0235318,0.406353,0,0,0
9.81772,3,0,0,0,0,0,0,0,0,0,0
9.81772,4,0,0,0,0,0,0,0,0,0,0
9.81772,5,0,0,0,0,0,0,0,0,0,0
9.86869,0,-1.44218,2.72465,3.67112,-0.0236446,0.0413866,0.0661786,0.405701,0,0,0
9.86869,1,1.70028,2.93555,4.25844,0.00336632,-0.0201677,0.114981,0.349556,0,0,0
9.86869,2,-0.449703,2.73402,6.74891,-0.141646,0.0310892,-0.017672,0.406353,0,0,0
9.86869,3,0,0,0,0,0,0,0,0,0,0
9.86869,4,0,0,0,0,0,0,0,0,0,0
9.86869,5,0,0,0,0,0,0,0,0,0,0
9.92827,0,-1.44835,2.72709,3.67498,-0.0412023,0.0390165,0.0676462,0.405928,0,0,0
9.92827,1,1.70328,2.93566,4.26426,0.01277,-0.0167196,0.118107,0.35173,0,0,0
9.92827,2,-0.448438,2.7347,6.7487,-0.137708,0.033758,-0.0113734,0.406533,0,0,0
9.92827,3,0,0,0,0,0,0,0,0,0,0
9.92827,4,0,0,0,0,0,0,0,0,0,0
9.92827,5,0,0,0,0,0,0,0,0,0,0
9.98219,0,-1.45759,2.73106,3.67785,-0.0679503,0.0441584,0.0587323,0.405928,0,0,0
9.98219,1,1.70762,2.93476,4.27143,0.0257337,-0.0175802,0.116654,0.35173,0,0,0
9.98219,2,-0.459494,2.73896,6.74953,-0.132815,0.0288077,0.000575886,0.406533,0,0,0
9.98219,3,0,0,0,0,0,0,0,0,0,0
9.98219,4,0,0,0,0,0,0,0,0,0,0
9.98219,5,0,0,0,0,0,0,0,0,0,0
10.0349,0,-1.45826,2.73039,3.68065,-0.0704074,0.0418403,0.0565541,0.412558,0,0,0
10.0349,1,1.71176,2.93434,4.27694,0.0362179,-0.0166947,0.112616,0.355732,0,0,0
10.0349,2,-0.457789,2.74066,6.74999,-0.127295,0.0346175,0.00533487,0.407331,0,0,0
10.0349,3,0,0,0,0,0,0,0,0,0,0
10.0349,4,0,0,0,0,0,0,0,0,0,0
10.0349,5,0,0,0,0,0,0,0,0,0,0
10.0879,0,-1.4627,2.73187,3.68399,-0.0759069,0.0360496,0.0575416,0.412558,0,0,0
10.0879,1,1.7157,2.93363,4.28191,0.0443516,-0.0166664,0.105761,0.355732,0,0,0
10.0879,2,-0.467454,2.74705,6.74994,-0.12413,0.0386876,0.00999897,0.407331,0,0,0
10.0879,3,0,0,0,0,0,0,0,0,0,0
10.0879,4,0,0,0,0,0,0,0,0,0,0
10.0879,5,0,0,0,0,0,0,0,0,0,0
10.1496,0,-1.46773,2.73415,3.687,-0.0834706,0.0350535,0.0522386,0.413536,0,0,0
10.1496,1,1.72091,2.93328,4.28791,0.0557056,-0.0158824,0.0975697,0.361438,0,0,0
10.1496,2,-0.466341,2.75015,6.75072,-0.104177,0.0393758,0.0151981,0.40681,0,0,0
10.1496,3,0,0,0,0,0,0,0,0,0,0
10.1496,4,0,0,0,0,0,0,0,0,0,0
10.1496,5,0,0,0,0,0,0,0,0,0,0
10.2052,0,-1.474,2.73774,3.68951,-0.0950032,0.0396764,0.0531934,0.413536,0,0,0
10.2052,1,1.72506,2.93291,4.2928,0.0612871,-0.0146738,0.091179,0.361438,0,0,0
10.2052,2,-0.464801,2.75229,6.75162,-0.0844919,0.0366381,0.0187177,0.40681,0,0,0
10.2052,3,0,0,0,0,0,0,0,0,0,0
10.2052,4,0,0,0,0,0,0,0,0,0,0
10.2052,5,0,0,0,0,0,0,0,0,0,0
10.2644,0,-1.474,2.73774,3.68951,-0.0950032,0.0396764,0.0531934,0.418385,0,0,0
10.2644,1,1.72948,2.93214,4.29765,0.0674486,-0.0152665,0.0860937,0.367287,0,0,0
10.2644,2,-0.464801,2.75229,6.75162,-0.0844919,0.0366381,0.0187177,0.406162,0,0,0
10.2644,3,0,0,0,0,0,0,0,0,0,0
10.2644,4,0,0,0,0,0,0,0,0,0,0
10.2644,5,0,0,0,0,0,0,0,0,0,0
10.3196,0,-1.47987,2.74113,3.69144,-0.104103,0.0437363,0.0459054,0.418385,0,0,0
10.3196,1,1.73318,2.93177,4.3019,0.0694628,-0.0140167,0.0802754,0.367287,0,0,0
10.3196,2,-0.456118,2.75397,6.7538,-0.0425752,0.0308937,0.0227567,0.406162,0,0,0
10.3196,3,0,0,0,0,0,0,0,0,0,0
10.3196,4,0,0,0,0,0,0,0,0,0,0
10.3196,5,0,0,0,0,0,0,0,0,0,0
10.3857,0,-1.48358,2.74259,3.69353,-0.103103,0.0390071,0.0377194,0.423138,0,0,0
10.3857,1,1.73595,2.93148,4.30535,0.0678584,-0.0124553,0.0767916,0.371921,0,0,0
10.3857,2,-0.452476,2.75761,6.75508,-0.029794,0.0434063,0.0234619,0.405274,0,0,0
10.3857,3,0,0,0,0,0,0,0,0,0,0
10.3857,4,0,0,0,0,0,0,0,0,0,0
10.3857,5,0,0,0,0,0,0,0,0,0,0
10.447,0,-1.48853,2.74496,3.69372,-0.0926667,0.0297457,0.000772348,0.423138,0,0,0
10.447,1,1.73935,2.93064,4.3093,0.0687405,-0.0131818,0.0735791,0.371921,0,0,0
10.447,2,-0.445728,2.7635,6.7565,0.00221685,0.0435259,0.0247102,0.405274,0,0,0
10.447,3,0,0,0,0,0,0,0,0,0,0
10.447,4,0,0,0,0,0,0,0,0,0,0
10.447,5,0,0,0,0,0,0,0,0,0,0
10.505,0,-1.49419,2.74994,3.69292,-0.0987991,0.0387562,-0.0139361,0.430222,0,0,0
10.505,1,1.74157,2.93026,4.31313,0.0651338,-0.0119232,0.0715724,0.375835,0,0,0
10.505,2,-0.438142,2.76605,6.75772,0.0277486,0.0423087,0.0224417,0.402907,0,0,0
10.505,3,0,0,0,0,0,0,0,0,0,0
10.505,4,0,0,0,0,0,0,0,0,0,0
10.505,5,0,0,0,0,0,0,0,0,0,0
10.5583,0,-1.49264,2.75188,3.69008,-0.0780185,0.0362416,-0.0577306,0.430222,0,0,0
10.5583,1,1.74479,2.92939,4.31649,0.0661757,-0.0129662,0.0700552,0.375835,0,0,0
10.5583,2,-0.427297,2.76868,6.7587,0.0611771,0.0400891,0.0206022,0.402907,0,0,0
10.5583,3,0,0,0,0,0,0,0,0,0,0
10.5583,4,0,0,0,0,0,0,0,0,0,0
10.5583,5,0,0,0,0,0,0,0,0,0,0
10.6222,0,-1.49033,2.75639,3.68255,-0.0472105,0.0336665,-0.0974229,0.42885,0,0,0
10.6222,1,1.74717,2.92868,4.32016,0.0635618,-0.0128871,0.0686487,0.380002,0,0,0
10.6222,2,-0.420741,2.7739,6.75975,0.0747626,0.0472406,0.0189809,0.400435,0,0,0
10.6222,3,0,0,0,0,0,0,0,0,0,0
10.6222,4,0,0,0,0,0,0,0,0,0,0
10.6222,5,0,0,0,0,0,0,0,0,0,0
10.675,0,-1.48646,2.75943,3.67613,-0.0268465,0.0348226,-0.110735,0.42885,0,0,0
10.675,1,1.74835,2.92846,4.32352,0.0576484,-0.0110128,0.0631882,0.380002,0,0,0
10.675,2,-0.411771,2.77704,6.76065,0.0935204,0.0464986,0.0170912,0.400435,0,0,0
10.675,3,0,0,0,0,0,0,0,0,0,0
10.675,4,0,0,0,0,0,0,0,0,0,0
10.675,5,0,0,0,0,0,0,0,0,0,0
10.7289,0,-1.48698,2.76221,3.67089,-0.0250657,0.0362686,-0.116064,0.428441,0,0,0
10.7289,1,1.74968,2.92732,4.32705,0.0524117,-0.0123891,0.0482545,0.381344,0,0,0
10.7289,2,-0.405759,2.77879,6.76121,0.101879,0.0429099,0.0151677,0.3992,0,0,0
10.7289,3,0,0,0,0,0,0,0,0,0,0
10.7289,4,0,0,0,0,0,0,0,0,0,0
10.7289,5,0,0,0,0,0,0,0,0,0,0
10.7891,0,-1.48044,2.76688,3.66425,-0.00206584,0.0425931,-0.122791,0.428441,0,0,0
10.7891,1,1.75,2.92694,4.3281,0.0442442,-0.0110176,0.0304846,0.381344,0,0,0
10.7891,2,-0.398815,2.78154,6.76213,0.11218,0.0426999,0.0132154,0.3992,0,0,0
10.7891,3,0,0,0,0,0,0,0,0,0,0
10.7891,4,0,0,0,0,0,0,0,0,0,0
10.7891,5,0,0,0,0,0,0,0,0,0,0
10.8454,0,-1.48044,2.76688,3.66425,-0.00206584,0.0425931,-0.122791,0.427134,0,0,0
10.8454,1,1.75117,2.92595,4.32917,0.0399603,-0.0121709,0.00113304,0.382358,0,0,0
10.8454,2,-0.392212,2.78451,6.76281,0.119801,0.0437444,0.0118128,0.398603,0,0,0
10.8454,3,0,0,0,0,0,0,0,0,0,0
10.8454,4,0,0,0,0,0,0,0,0,0,0
10.8454,5,0,0,0,0,0,0,0,0,0,0
10.8956,0,-1.46848,2.7695,3.65733,0.0363295,0.0420389,-0.115534,0.427134,0,0,0
10.8956,1,1.75261,2.92452,4.32845,0.0370159,-0.0144872,-0.0269866,0.382358,0,0,0
10.8956,2,-0.386734,2.78643,6.76331,0.122854,0.0415456,0.00760781,0.398603,0,0,0
10.8956,3,0,0,0,0,0,0,0,0,0,0
10.8956,4,0,0,0,0,0,0,0,0,0,0
10.8956,5,0,0,0,0,0,0,0,0,0,0
10.9536,0,-1.46178,2.77238,3.65215,0.0543984,0.042361,-0.110651,0.41667,0,0,0
10.9536,1,1.74996,2.92434,4.3262,0.0209121,-0.0121578,-0.0580237,0.383674,0,0,0
10.9536,2,-0.384121,2.78868,6.76347,0.114048,0.0403483,-0.001561,0.398051,0,0,0
10.9536,3,0,0,0,0,0,0,0,0,0,0
10.9536,4,0,0,0,0,0,0,0,0,0,0
10.9536,5,0,0,0,0,0,0,0,0,0,0
11.0121,0,-1.45532,2.77476,3.64616,0.0686485,0.0410778,-0.105374,0.41667,0,0,0
11.0121,1,1.74773,2.923,4.32063,0.00817189,-0.0138477,-0.0971432,0.383674,0,0,0
11.0121,2,-0.379884,2.79023,6.76316,0.112703,0.0375631,-0.0112084,0.398051,0,0,0
11.0121,3,0,0,0,0,0,0,0,0,0,0
11.0121,4,0,0,0,0,0,0,0,0,0,0
11.0121,5,0,0,0,0,0,0,0,0,0,0
11.0686,0,-1.44949,2.77807,3.64149,0.0788485,0.0437925,-0.0965107,0.41136,0,0,0
11.0686,1,1.74583,2.92232,4.31544,-0.00121705,-0.0134801,-0.115625,0.379716,0,0,0
11.0686,2,-0.373371,2.79345,6.76222,0.118029,0.0401479,-0.0254444,0.39572,0,0,0
11.0686,3,0,0,0,0,0,0,0,0,0,0
11.0686,4,0,0,0,0,0,0,0,0,0,0
11.0686,5,0,0,0,0,0,0,0,0,0,0
11.1239,0,-1.44181,2.78078,3.63677,0.0943449,0.0438595,-0.0839691,0.41136,0,0,0
11.1239,1,1.74401,2.92176,4.30947,-0.00848696,-0.0126941,-0.130702,0.379716,0,0,0
11.1239,2,-0.368966,2.79801,6.75955,0.0976307,0.0399918,-0.0352964,0.39572,0,0,0
11.1239,3,0,0,0,0,0,0,0,0,0,0
11.1239,4,0,0,0,0,0,0,0,0,0,0
11.1239,5,0,0,0,0,0,0,0,0,0,0
11.1817,0,-1.43594,2.7827,3.63352,0.101247,0.0415934,-0.0688715,0.404368,0,0,0
11.1817,1,1.74143,2.92064,4.30344,-0.0171152,-0.0139323,-0.139856,0.37769,0,0,0
11.1817,2,-0.368384,2.80069,6.7579,0.0846667,0.0420068,-0.0365383,0.392225,0,0,0
11.1817,3,0,0,0,0,0,0,0,0,0,0
11.1817,4,0,0,0,0,0,0,0,0,0,0
11.1817,5,0,0,0,0,0,0,0,0,0,0
11.233,0,-1.43031,2.78538,3.63052,0.106242,0.0425957,-0.0502552,0.404368,0,0,0
11.233,1,1.73782,2.92032,4.29644,-0.0281763,-0.0119193,-0.143006,0.37769,0,0,0
11.233,2,-0.369948,2.80114,6.75662,0.066256,0.0359345,-0.0350541,0.392225,0,0,0
11.233,3,0,0,0,0,0,0,0,0,0,0
11.233,4,0,0,0,0,0,0,0,0,0,0
11.233,5,0,0,0,0,0,0,0,0,0,0
11.2881,0,-1.42369,2.78773,3.62924,0.113701,0.0415275,-0.02445,0.396523,0,0,0
11.2881,1,1.73574,2.91911,4.28952,-0.0320327,-0.0138522,-0.142762,0.373981,0,0,0
11.2881,2,-0.369948,2.80114,6.75662,0.066256,0.0359345,-0.0350541,0.388739,0,0,0
11.2881,3,0,0,0,0,0,0,0,0,0,0
11.2881,4,0,0,0,0,0,0,0,0,0,0
11.2881,5,0,0,0,0,0,0,0,0,0,0
11.3434,0,-1.41893,2.79044,3.62935,0.1131,0.0420387,0.00438579,0.396523,0,0,0
11.3434,1,1.73172,2.91814,4.28,-0.0421666,-0.0145011,-0.139423,0.373981,0,0,0
11.3434,2,-0.368524,2.80087,6.75436,0.0622372,0.0284428,-0.034003,0.388739,0,0,0
11.3434,3,0,0,0,0,0,0,0,0,0,0
11.3434,4,0,0,0,0,0,0,0,0,0,0
11.3434,5,0,0,0,0,0,0,0,0,0,0
11.3997,0,-1.41423,2.79429,3.63364,0.0994613,0.0402609,0.0508353,0.389205,0,0,0
11.3997,1,1.72842,2.9174,4.2719,-0.048404,-0.0142591,-0.13402,0.371664,0,0,0
11.3997,2,-0.379166,2.80284,6.75187,0.0156081,0.0228758,-0.0303353,0.384891,0,0,0
11.3997,3,0,0,0,0,0,0,0,0,0,0
11.3997,4,0,0,0,0,0,0,0,0,0,0
11.3997,5,0,0,0,0,0,0,0,0,0,0
11.4533,0,-1.41386,2.7956,3.63728,0.0845585,0.0363253,0.0671694,0.389205,0,0,0
11.4533,1,1.72548,2.91649,4.26555,-0.0522394,-0.0147402,-0.127576,0.371664,0,0,0
11.4533,2,-0.379166,2.80284,6.75187,0.0156081,0.0228758,-0.0303353,0.384891,0,0,0
11.4533,3,0,0,0,0,0,0,0,0,0,0
11.4533,4,0,0,0,0,0,0,0,0,0,0
11.4533,5,0,0,0,0,0,0,0,0,0,0
11.5136,0,-1.41386,2.7956,3.63728,0.0845585,0.0363253,0.0671694,0.382427,0,0,0
11.5136,1,1.72384,2.91562,4.26063,-0.0504916,-0.0152847,-0.116286,0.369508,0,0,0
11.5136,2,-0.396991,2.8053,6.74969,-0.0424138,0.0209373,-0.0253618,0.382228,0,0,0
11.5136,3,0,0,0,0,0,0,0,0,0,0
11.5136,4,0,0,0,0,0,0,0,0,0,0
11.5136,5,0,0,0,0,0,0,0,0,0,0
11.5666,0,-1.41421,2.7985,3.64044,0.0694902,0.0393929,0.0751076,0.382427,0,0,0
11.5666,1,1.72021,2.91511,4.25448,-0.0556206,-0.013974,-0.0977433,0.367835,0,0,0
11.5666,2,-0.404061,2.80745,6.7484,-0.061734,0.0246103,-0.0241292,0.382228,0,0,0
11.5666,3,0,0,0,0,0,0,0,0,0,0
11.5666,4,0,0,0,0,0,0,0,0,0,0
11.5666,5,0,0,0,0,0,0,0,0,0,0
11.6219,0,-1.41634,2.79905,3.64463,0.0510886,0.0343803,0.0787515,0.379105,0,0,0
11.6219,1,1.7181,2.91406,4.25006,-0.0548582,-0.0151843,-0.0746606,0.367835,0,0,0
11.6219,2,-0.417771,2.80719,6.74714,-0.100983,0.0206602,-0.0239903,0.380567,0,0,0
11.6219,3,0,0,0,0,0,0,0,0,0,0
11.6219,4,0,0,0,0,0,0,0,0,0,0
11.6219,5,0,0,0,0,0,0,0,0,0,0
11.6746,0,-1.41908,2.80036,3.64887,0.0327258,0.0326353,0.0787324,0.379105,0,0,0
11.6746,1,1.71726,2.91381,4.24757,-0.0507344,-0.0137059,-0.0335469,0.367267,0,0,0
11.6746,2,-0.430917,2.80947,6.74545,-0.13353,0.0253815,-0.0253775,0.380567,0,0,0
11.6746,3,0,0,0,0,0,0,0,0,0,0
11.6746,4,0,0,0,0,0,0,0,0,0,0
11.6746,5,0,0,0,0,0,0,0,0,0,0
11.7298,0,-1.42329,2.80183,3.65388,0.0113147,0.0311351,0.076368,0.37841,0,0,0
11.7298,1,1.71603,2.91312,4.24683,-0.0487668,-0.013899,-0.00172967,0.367267,0,0,0
11.7298,2,-0.439846,2.80994,6.74474,-0.14608,0.0218525,-0.025392,0.380337,0,0,0
11.7298,3,0,0,0,0,0,0,0,0,0,0
11.7298,4,0,0,0,0,0,0,0,0,0,0
11.7298,5,0,0,0,0,0,0,0,0,0,0
11.7812,0,-1.42828,2.80314,3.65866,-0.00957696,0.0293638,0.0716238,0.37841,0,0,0
11.7812,1,1.71568,2.91231,4.24788,-0.0440998,-0.014653,0.0316975,0.365534,0,0,0
11.7812,2,-0.4487,2.81014,6.74371,-0.153972,0.0173405,-0.0259351,0.380337,0,0,0
11.7812,3,0,0,0,0,0,0,0,0,0,0
11.7812,4,0,0,0,0,0,0,0,0,0,0
11.7812,5,0,0,0,0,0,0,0,0,0,0
11.8341,0,-1.43295,2.80402,3.66153,-0.0262222,0.026876,0.0663752,0.379396,0,0,0
11.8341,1,1.71626,2.9117,4.25033,-0.0368862,-0.0147508,0.068038,0.365534,0,0,0
11.8341,2,-0.454961,2.81075,6.74352,-0.151615,0.0144188,-0.0252525,0.381558,0,0,0
11.8341,3,0,0,0,0,0,0,0,0,0,0
11.8341,4,0,0,0,0,0,0,0,0,0,0
11.8341,5,0,0,0,0,0,0,0,0,0,0
11.8857,0,-1.43786,2.8048,3.6654,-0.0412206,0.024248,0.0603512,0.379396,0,0,0
11.8857,1,1.7179,2.91146,4.25452,-0.0265771,-0.0137077,0.0885072,0.365271,0,0,0
11.8857,2,-0.463558,2.81264,6.74221,-0.160353,0.0178684,-0.0187281,0.381558,0,0,0
11.8857,3,0,0,0,0,0,0,0,0,0,0
11.8857,4,0,0,0,0,0,0,0,0,0,0
11.8857,5,0,0,0,0,0,0,0,0,0,0
11.9464,0,-1.44337,2.80616,3.66843,-0.055712,0.0238068,0.0557123,0.38307,0,0,0
11.9464,1,1.71932,2.91145,4.25835,-0.0178907,-0.0116722,0.100724,0.365271,0,0,0
11.9464,2,-0.463558,2.81264,6.74221,-0.160353,0.0178684,-0.0187281,0.38285,0,0,0
11.9464,3,0,0,0,0,0,0,0,0,0,0
11.9464,4,0,0,0,0,0,0,0,0,0,0
11.9464,5,0,0,0,0,0,0,0,0,0,0
12.0052,0,-1.45267,2.80797,3.67394,-0.0725561,0.0201175,0.0495983,0.387313,0,0,0
12.0052,1,1.72556,2.91022,4.2713,0.00803732,-0.0129045,0.114746,0.365901,0,0,0
12.0052,2,-0.469394,2.81303,6.74231,-0.157176,0.0146682,-0.0158734,0.38285,0,0,0
12.0052,3,0,0,0,0,0,0,0,0,0,0
12.0052,4,0,0,0,0,0,0,0,0,0,0
12.0052,5,0,0,0,0,0,0,0,0,0,0
12.0682,0,-1.45666,2.80824,3.67554,-0.0763251,0.0162146,0.0477679,0.387313,0,0,0
12.0682,1,1.72894,2.91067,4.27671,0.0190986,-0.00930581,0.11204,0.365901,0,0,0
12.0682,2,-0.474554,2.81393,6.7419,-0.1528,0.0136734,-0.00305924,0.385041,0,0,0
12.0682,3,0,0,0,0,0,0,0,0,0,0
12.0682,4,0,0,0,0,0,0,0,0,0,0
12.0682,5,0,0,0,0,0,0,0,0,0,0
12.1211,0,-1.46227,2.80979,3.67866,-0.0835637,0.0170474,0.0470221,0.392735,0,0,0
12.1211,1,1.73338,2.90972,4.28296,0.0309753,-0.0114374,0.105638,0.369066,0,0,0
12.1211,2,-0.479963,2.81519,6.74293,-0.14614,0.0136506,0.00157218,0.385041,0,0,0
12.1211,3,0,0,0,0,0,0,0,0,0,0
12.1211,4,0,0,0,0,0,0,0,0,0,0
12.1211,5,0,0,0,0,0,0,0,0,0,0
12.174,0,-1.46227,2.80979,3.67866,-0.0835637,0.0170474,0.0470221,0.392735,0,0,0
12.174,1,1.73659,2.90903,4.28782,0.038143,-0.01205,0.100961,0.369066,0,0,0
12.174,2,-0.481159,2.81571,6.74359,-0.125092,0.0100127,0.0107389,0.388125,0,0,0
12.174,3,0,0,0,0,0,0,0,0,0,0
12.174,4,0,0,0,0,0,0,0,0,0,0
12.174,5,0,0,0,0,0,0,0,0,0,0
12.2271,0,-1.47026,2.81127,3.68352,-0.0872045,0.0139885,0.0414411,0.398288,0,0,0
12.2271,1,1.74034,2.90893,4.2929,0.0457956,-0.0105302,0.0915173,0.373506,0,0,0
12.2271,2,-0.479813,2.81759,6.74441,-0.101298,0.0117424,0.0163349,0.388125,0,0,0
12.2271,3,0,0,0,0,0,0,0,0,0,0
12.2271,4,0,0,0,0,0,0,0,0,0,0
12.2271,5,0,0,0,0,0,0,0,0,0,0
12.2849,0,-1.47445,2.81224,3.68582,-0.0900635,0.0138088,0.0370837,0.398288,0,0,0
12.2849,1,1.74374,2.90861,4.29725,0.0512586,-0.00996011,0.084562,0.373506,0,0,0
12.2849,2,-0.47735,2.81835,6.74483,-0.0770258,0.00969439,0.0215111,0.387886,0,0,0
12.2849,3,0,0,0,0,0,0,0,0,0,0
12.2849,4,0,0,0,0,0,0,0,0,0,0
12.2849,5,0,0,0,0,0,0,0,0,0,0
12.3427,0,-1.47679,2.81299,3.68618,-0.0848027,0.0125829,0.00350666,0.402304,0,0,0
12.3427,1,1.74588,2.90862,4.3011,0.0510571,-0.00784415,0.0783899,0.378342,0,0,0
12.3427,2,-0.473865,2.82008,6.7453,-0.0514344,0.0113312,0.0242473,0.387886,0,0,0
12.3427,3,0,0,0,0,0,0,0,0,0,0
12.3427,4,0,0,0,0,0,0,0,0,0,0
12.3427,5,0,0,0,0,0,0,0,0,0,0
12.3979,0,-1.47909,2.81393,3.68551,-0.0795389,0.0123508,-0.0228873,0.402304,0,0,0
12.3979,1,1.75019,2.90766,4.3056,0.0588176,-0.0101672,0.0723968,0.378342,0,0,0
12.3979,2,-0.465018,2.82178,6.7474,-0.011387,0.0115889,0.0270502,0.386802,0,0,0
12.3979,3,0,0,0,0,0,0,0,0,0,0
12.3979,4,0,0,0,0,0,0,0,0,0,0
12.3979,5,0,0,0,0,0,0,0,0,0,0
12.4642,0,-1.48081,2.81531,3.68293,-0.0713641,0.0135519,-0.0541217,0.406223,0,0,0
12.4642,1,1.75293,2.90746,4.30925,0.0597629,-0.00900246,0.0683995,0.382948,0,0,0
12.4642,2,-0.464024,2.82386,6.74886,-0.00511544,0.0150067,0.0279487,0.386802,0,0,0
12.4642,3,0,0,0,0,0,0,0,0,0,0
12.4642,4,0,0,0,0,0,0,0,0,0,0
12.4642,5,0,0,0,0,0,0,0,0,0,0
12.5186,0,-1.48056,2.81612,3.67983,-0.0578957,0.0123239,-0.0756358,0.406223,0,0,0
12.5186,1,1.75527,2.90715,4.31262,0.0591489,-0.00832842,0.0652349,0.382948,0,0,0
12.5186,2,-0.449912,2.82446,6.7511,0.04419,0.0117086,0.0272025,0.386804,0,0,0
12.5186,3,0,0,0,0,0,0,0,0,0,0
12.5186,4,0,0,0,0,0,0,0,0,0,0
12.5186,5,0,0,0,0,0,0,0,0,0,0
12.5688,0,-1.48056,2.81612,3.67983,-0.0578957,0.0123239,-0.0756358,0.409857,0,0,0
12.5688,1,1.75699,2.9068,4.3156,0.0562086,-0.00760083,0.0634244,0.386689,0,0,0
12.5688,2,-0.443628,2.82659,6.75236,0.0607396,0.0150977,0.0260997,0.386804,0,0,0
12.5688,3,0,0,0,0,0,0,0,0,0,0
12.5688,4,0,0,0,0,0,0,0,0,0,0
12.5688,5,0,0,0,0,0,0,0,0,0,0
12.619,0,-1.47925,2.8174,3.67341,-0.0435929,0.0129668,-0.0899644,0.409857,0,0,0
12.619,1,1.75699,2.9068,4.3156,0.0562086,-0.00760083,0.0634244,0.386689,0,0,0
12.619,2,-0.432429,2.82782,6.75402,0.0926616,0.0138848,0.0234925,0.38659,0,0,0
12.619,3,0,0,0,0,0,0,0,0,0,0
12.619,4,0,0,0,0,0,0,0,0,0,0
12.619,5,0,0,0,0,0,0,0,0,0,0
12.6691,0,-1.47672,2.81847,3.66752,-0.0268996,0.0126856,-0.108064,0.412251,0,0,0
12.6691,1,1.75861,2.90647,4.31917,0.0521853,-0.00681223,0.0615787,0.388926,0,0,0
12.6691,2,-0.425031,2.83093,6.75537,0.105173,0.0202867,0.0222205,0.38659,0,0,0
12.6691,3,0,0,0,0,0,0,0,0,0,0
12.6691,4,0,0,0,0,0,0,0,0,0,0
12.6691,5,0,0,0,0,0,0,0,0,0,0
12.7271,0,-1.47349,2.81933,3.66228,-0.0109002,0.011465,-0.116166,0.412251,0,0,0
12.7271,1,1.76076,2.90545,4.3247,0.0431935,-0.00699968,0.0600524,0.388926,0,0,0
12.7271,2,-0.419474,2.83091,6.75579,0.110314,0.0159625,0.0208528,0.386165,0,0,0
12.7271,3,0,0,0,0,0,0,0,0,0,0
12.7271,4,0,0,0,0,0,0,0,0,0,0
12.7271,5,0,0,0,0,0,0,0,0,0,0
12.785,0,-1.4689,2.82066,3.6556,0.006842,0.011943,-0.121827,0.411529,0,0,0
12.785,1,1.76145,2.90535,4.32782,0.0387481,-0.00565342,0.0593321,0.390218,0,0,0
12.785,2,-0.413385,2.83161,6.75675,0.116815,0.0146334,0.0187611,0.386165,0,0,0
12.785,3,0,0,0,0,0,0,0,0,0,0
12.785,4,0,0,0,0,0,0,0,0,0,0
12.785,5,0,0,0,0,0,0,0,0,0,0
12.8439,0,-1.46292,2.82266,3.65022,0.0262837,0.0146223,-0.121936,0.411529,0,0,0
12.8439,1,1.76302,2.90462,4.33142,0.0378277,-0.00692684,0.0583575,0.390218,0,0,0
12.8439,2,-0.405946,2.83272,6.75784,0.12682,0.0146741,0.0175629,0.386124,0,0,0
12.8439,3,0,0,0,0,0,0,0,0,0,0
12.8439,4,0,0,0,0,0,0,0,0,0,0
12.8439,5,0,0,0,0,0,0,0,0,0,0
12.9143,0,-1.45587,2.82427,3.64324,0.0470298,0.0156685,-0.110585,0.407139,0,0,0
12.9143,1,1.7632,2.90426,4.33365,0.0321711,-0.00647399,0.0537366,0.391581,0,0,0
12.9143,2,-0.394104,2.83349,6.7594,0.148535,0.012264,0.0158543,0.386124,0,0,0
12.9143,3,0,0,0,0,0,0,0,0,0,0
12.9143,4,0,0,0,0,0,0,0,0,0,0
12.9143,5,0,0,0,0,0,0,0,0,0,0
12.9846,0,-1.45046,2.82678,3.63664,0.0593071,0.0206403,-0.103361,0.407139,0,0,0
12.9846,1,1.76378,2.90423,4.33584,0.0290068,-0.00508469,0.0415713,0.391581,0,0,0
12.9846,2,-0.387108,2.83539,6.76053,0.149714,0.0160548,0.0146263,0.387106,0,0,0
12.9846,3,0,0,0,0,0,0,0,0,0,0
12.9846,4,0,0,0,0,0,0,0,0,0,0
12.9846,5,0,0,0,0,0,0,0,0,0,0
13.0474,0,-1.44383,2.82743,3.63236,0.0746637,0.0182574,-0.103227,0.403478,0,0,0
13.0474,1,1.76483,2.90319,4.33827,0.0269125,-0.00692994,0.0179546,0.391839,0,0,0
13.0474,2,-0.380354,2.83686,6.76138,0.151918,0.0176887,0.0134709,0.387106,0,0,0
13.0474,3,0,0,0,0,0,0,0,0,0,0
13.0474,4,0,0,0,0,0,0,0,0,0,0
13.0474,5,0,0,0,0,0,0,0,0,0,0
13.1162,0,-1.43844,2.82879,3.62877,0.0831303,0.018984,-0.0961536,0.403478,0,0,0
13.1162,1,1.76427,2.90248,4.33822,0.0207142,-0.00771993,0.000369494,0.391839,0,0,0
13.1162,2,-0.37817,2.83762,6.76195,0.135551,0.0172142,0.0124975,0.388298,0,0,0
13.1162,3,0,0,0,0,0,0,0,0,0,0
13.1162,4,0,0,0,0,0,0,0,0,0,0
13.1162,5,0,0,0,0,0,0,0,0,0,0
13.1715,0,-1.43215,2.83007,3.62662,0.0933338,0.0192169,-0.0832336,0.397556,0,0,0
13.1715,1,1.76189,2.9026,4.33608,0.0080408,-0.00530973,-0.0461507,0.391971,0,0,0
13.1715,2,-0.37385,2.83816,6.7627,0.130008,0.0157345,0.0114455,0.388298,0,0,0
13.1715,3,0,0,0,0,0,0,0,0,0,0
13.1715,4,0,0,0,0,0,0,0,0,0,0
13.1715,5,0,0,0,0,0,0,0,0,0,0
13.2274,0,-1.42567,2.83163,3.62258,0.102203,0.0204993,-0.0657569,0.397556,0,0,0
13.2274,1,1.76148,2.90146,4.33206,0.00442486,-0.00767028,-0.0763821,0.391971,0,0,0
13.2274,2,-0.368048,2.83959,6.76379,0.127242,0.0167884,0.00921912,0.389444,0,0,0
13.2274,3,0,0,0,0,0,0,0,0,0,0
13.2274,4,0,0,0,0,0,0,0,0,0,0
13.2274,5,0,0,0,0,0,0,0,0,0,0
13.2827,0,-1.41953,2.83307,3.61953,0.109436,0.021447,-0.0379815,0.392133,0,0,0
13.2827,1,1.75945,2.90114,4.3282,-0.00356008,-0.00706388,-0.100445,0.389762,0,0,0
13.2827,2,-0.362115,2.8396,6.76449,0.128753,0.013584,0.00747674,0.389444,0,0,0
13.2827,3,0,0,0,0,0,0,0,0,0,0
13.2827,4,0,0,0,0,0,0,0,0,0,0
13.2827,5,0,0,0,0,0,0,0,0,0,0
13.3354,0,-1.41321,2.83362,3.61946,0.116544,0.0191197,-0.0159792,0.392133,0,0,0
13.3354,1,1.7553,2.90122,4.32396,-0.0176665,-0.00459802,-0.120308,0.389762,0,0,0
13.3354,2,-0.363363,2.84085,6.76481,0.106608,0.0158568,0.00586938,0.391307,0,0,0
13.3354,3,0,0,0,0,0,0,0,0,0,0
13.3354,4,0,0,0,0,0,0,0,0,0,0
13.3354,5,0,0,0,0,0,0,0,0,0,0
13.3908,0,-1.4099,2.83493,3.62036,0.112559,0.0203709,0.0161411,0.384206,0,0,0
13.3908,1,1.75239,2.90078,4.31616,-0.0253193,-0.00444494,-0.135573,0.384602,0,0,0
13.3908,2,-0.361926,2.84126,6.76501,0.0956409,0.0149075,0.00505619,0.391307,0,0,0
13.3908,3,0,0,0,0,0,0,0,0,0,0
13.3908,4,0,0,0,0,0,0,0,0,0,0
13.3908,5,0,0,0,0,0,0,0,0,0,0
13.4458,0,-1.40137,2.83697,3.6236,0.111546,0.0199581,0.0358052,0.384206,0,0,0
13.4458,1,1.75034,2.89978,4.30716,-0.0289243,-0.00657811,-0.147622,0.384602,0,0,0
13.4458,2,-0.361091,2.84106,6.76515,0.0833929,0.01183,-0.00179859,0.39168,0,0,0
13.4458,3,0,0,0,0,0,0,0,0,0,0
13.4458,4,0,0,0,0,0,0,0,0,0,0
13.4458,5,0,0,0,0,0,0,0,0,0,0
13.5036,0,-1.39865,2.83793,3.62613,0.106829,0.0197245,0.0565982,0.371741,0,0,0
13.5036,1,1.74518,2.89961,4.30309,-0.0421995,-0.00508092,-0.14606,0.382227,0,0,0
13.5036,2,-0.357301,2.84121,6.76493,0.0837308,0.00985775,-0.010921,0.39168,0,0,0
13.5036,3,0,0,0,0,0,0,0,0,0,0
13.5036,4,0,0,0,0,0,0,0,0,0,0
13.5036,5,0,0,0,0,0,0,0,0,0,0
13.5567,0,-1.40352,2.83722,3.62718,0.0897359,0.0178701,0.0671302,0.371741,0,0,0
13.5567,1,1.74119,2.8993,4.29328,-0.0500602,-0.00439921,-0.14349,0.382227,0,0,0
13.5567,2,-0.355738,2.84166,6.76407,0.0750842,0.0090109,-0.0169406,0.391789,0,0,0
13.5567,3,0,0,0,0,0,0,0,0,0,0
13.5567,4,0,0,0,0,0,0,0,0,0,0
13.5567,5,0,0,0,0,0,0,0,0,0,0
13.61,0,-1.40059,2.83914,3.63578,0.0757044,0.0179681,0.0826846,0.366693,0,0,0
13.61,1,1.73799,2.89849,4.28509,-0.0541254,-0.00608377,-0.139476,0.375984,0,0,0
13.61,2,-0.358829,2.84257,6.76299,0.0524795,0.0107498,-0.0287547,0.391789,0,0,0
13.61,3,0,0,0,0,0,0,0,0,0,0
13.61,4,0,0,0,0,0,0,0,0,0,0
13.61,5,0,0,0,0,0,0,0,0,0,0
13.6702,0,-1.40355,2.8395,3.63646,0.055588,0.0163711,0.082068,0.366693,0,0,0
13.6702,1,1.73545,2.89783,4.27774,-0.0551042,-0.00726248,-0.12958,0.375984,0,0,0
13.6702,2,-0.360362,2.84295,6.76145,0.0375051,0.0106771,-0.0333565,0.389683,0,0,0
13.6702,3,0,0,0,0,0,0,0,0,0,0
13.6702,4,0,0,0,0,0,0,0,0,0,0
13.6702,5,0,0,0,0,0,0,0,0,0,0
13.7205,0,-1.40655,2.84159,3.64482,0.0377274,0.0202888,0.0862848,0.365196,0,0,0
13.7205,1,1.73545,2.89783,4.27774,-0.0551042,-0.00726248,-0.12958,0.374035,0,0,0
13.7205,2,-0.35954,2.84225,6.75939,0.0334316,0.00630422,-0.0360497,0.389683,0,0,0
13.7205,3,0,0,0,0,0,0,0,0,0,0
13.7205,4,0,0,0,0,0,0,0,0,0,0
13.7205,5,0,0,0,0,0,0,0,0,0,0
13.7733,0,-1.41068,2.83945,3.64859,0.0189479,0.0106595,0.0846248,0.365196,0,0,0
13.7733,1,1.73289,2.89757,4.27179,-0.0563999,-0.00679721,-0.120478,0.374035,0,0,0
13.7733,2,-0.364505,2.84269,6.7577,0.0130168,0.00627134,-0.037029,0.386093,0,0,0
13.7733,3,0,0,0,0,0,0,0,0,0,0
13.7733,4,0,0,0,0,0,0,0,0,0,0
13.7733,5,0,0,0,0,0,0,0,0,0,0
13.8248,0,-1.41691,2.84073,3.65273,-0.00429378,0.0128173,0.0805476,0.368499,0,0,0
13.8248,1,1.73079,2.89715,4.2666,-0.0557903,-0.00702481,-0.111686,0.372599,0,0,0
13.8248,2,-0.368955,2.84176,6.75574,-0.00250539,0.00335003,-0.0342966,0.386093,0,0,0
13.8248,3,0,0,0,0,0,0,0,0,0,0
13.8248,4,0,0,0,0,0,0,0,0,0,0
13.8248,5,0,0,0,0,0,0,0,0,0,0
13.8826,0,-1.4241,2.83952,3.65517,-0.02897,0.00625187,0.0679957,0.368499,0,0,0
13.8826,1,1.72819,2.89679,4.26167,-0.0562434,-0.00683588,-0.100422,0.372599,0,0,0
13.8826,2,-0.37685,2.84101,6.75375,-0.0291985,-0.000717831,-0.0312631,0.382233,0,0,0
13.8826,3,0,0,0,0,0,0,0,0,0,0
13.8826,4,0,0,0,0,0,0,0,0,0,0
13.8826,5,0,0,0,0,0,0,0,0,0,0
13.9371,0,-1.4241,2.83952,3.65517,-0.02897,0.00625187,0.0679957,0.372887,0,0,0
13.9371,1,1.72597,2.89647,4.25707,-0.0549503,-0.00672642,-0.0819269,0.370873,0,0,0
13.9371,2,-0.386318,2.84351,6.75272,-0.0568282,0.00713307,-0.0284558,0.382233,0,0,0
13.9371,3,0,0,0,0,0,0,0,0,0,0
13.9371,4,0,0,0,0,0,0,0,0,0,0
13.9371,5,0,0,0,0,0,0,0,0,0,0
13.9873,0,-1.43131,2.84168,3.65901,-0.0520068,0.0129899,0.063798,0.372887,0,0,0
13.9873,1,1.72356,2.89577,4.25138,-0.0484821,-0.00696632,-0.0171547,0.370873,0,0,0
13.9873,2,-0.395651,2.84342,6.75104,-0.0796369,0.00622504,-0.0253647,0.3792,0,0,0
13.9873,3,0,0,0,0,0,0,0,0,0,0
13.9873,4,0,0,0,0,0,0,0,0,0,0
13.9873,5,0,0,0,0,0,0,0,0,0,0
14.05,0,-1.44022,2.84168,3.66594,-0.0670487,0.00794329,0.0642234,0.379711,0,0,0
14.05,1,1.72334,2.89547,4.25159,-0.0426455,-0.00701005,0.0192021,0.370415,0,0,0
14.05,2,-0.402059,2.84159,6.74995,-0.0899357,-0.000744447,-0.0231408,0.37741,0,0,0
14.05,3,0,0,0,0,0,0,0,0,0,0
14.05,4,0,0,0,0,0,0,0,0,0,0
14.05,5,0,0,0,0,0,0,0,0,0,0
14.1001,0,-1.44199,2.84243,3.66897,-0.0736827,0.0108953,0.0628593,0.379711,0,0,0
14.1001,1,1.72334,2.89547,4.25159,-0.0426455,-0.00701005,0.0192021,0.370415,0,0,0
14.1001,2,-0.408185,2.84052,6.74908,-0.11158,-0.00377079,-0.0211385,0.37741,0,0,0
14.1001,3,0,0,0,0,0,0,0,0,0,0
14.1001,4,0,0,0,0,0,0,0,0,0,0
14.1001,5,0,0,0,0,0,0,0,0,0,0
14.1573,0,-1.44672,2.84278,3.67178,-0.0805523,0.0100341,0.0605474,0.381893,0,0,0
14.1573,1,1.72387,2.89542,4.2536,-0.0347666,-0.00617062,0.0534279,0.370122,0,0,0
14.1573,2,-0.421238,2.84346,6.74823,-0.13979,0.00710084,-0.0201743,0.377402,0,0,0
14.1573,3,0,0,0,0,0,0,0,0,0,0
14.1573,4,0,0,0,0,0,0,0,0,0,0
14.1573,5,0,0,0,0,0,0,0,0,0,0
14.2075,0,-1.45032,2.84291,3.67173,-0.0815502,0.00785992,0.0569276,0.381893,0,0,0
14.2075,1,1.72521,2.89469,4.25793,-0.0253815,-0.00810558,0.087104,0.370122,0,0,0
14.2075,2,-0.428557,2.84214,6.74763,-0.146078,0.000749638,-0.0176213,0.377402,0,0,0
14.2075,3,0,0,0,0,0,0,0,0,0,0
14.2075,4,0,0,0,0,0,0,0,0,0,0
14.2075,5,0,0,0,0,0,0,0,0,0,0
14.2609,0,-1.4586,2.84331,3.67748,-0.0872762,0.00556808,0.0576471,0.388981,0,0,0
14.2609,1,1.7275,2.89478,4.26301,-0.0132447,-0.00679719,0.104477,0.369782,0,0,0
14.2609,2,-0.448271,2.84126,6.74679,-0.169019,-0.00305979,-0.0169611,0.380436,0,0,0
14.2609,3,0,0,0,0,0,0,0,0,0,0
14.2609,4,0,0,0,0,0,0,0,0,0,0
14.2609,5,0,0,0,0,0,0,0,0,0,0
14.3153,0,-1.46321,2.84428,3.68098,-0.0901751,0.00691126,0.0558493,0.388981,0,0,0
14.3153,1,1.73027,2.89425,4.26999,-0.000874855,-0.0078264,0.11994,0.369782,0,0,0
14.3153,2,-0.452461,2.84317,6.7461,-0.18426,0.00418165,-0.0162189,0.380436,0,0,0
14.3153,3,0,0,0,0,0,0,0,0,0,0
14.3153,4,0,0,0,0,0,0,0,0,0,0
14.3153,5,0,0,0,0,0,0,0,0,0,0
14.3682,0,-1.46331,2.84418,3.68079,-0.0905753,0.00656198,0.0550355,0.391307,0,0,0
14.3682,1,1.7339,2.89407,4.27603,0.0126422,-0.00790607,0.123574,0.370962,0,0,0
14.3682,2,-0.47297,2.84417,6.74586,-0.199944,0.00522816,-0.0164449,0.380431,0,0,0
14.3682,3,0,0,0,0,0,0,0,0,0,0
14.3682,4,0,0,0,0,0,0,0,0,0,0
14.3682,5,0,0,0,0,0,0,0,0,0,0
14.4264,0,-1.4732,2.84562,3.68623,-0.0984401,0.0081239,0.0556329,0.391307,0,0,0
14.4264,1,1.73636,2.89382,4.28118,0.0198275,-0.00754181,0.123082,0.373819,0,0,0
14.4264,2,-0.480977,2.8443,6.74523,-0.196432,0.0040288,-0.0152306,0.380431,0,0,0
14.4264,3,0,0,0,0,0,0,0,0,0,0
14.4264,4,0,0,0,0,0,0,0,0,0,0
14.4264,5,0,0,0,0,0,0,0,0,0,0
14.4773,0,-1.47626,2.84567,3.68898,-0.0957662,0.00638937,0.0554895,0.39856,0,0,0
14.4773,1,1.7404,2.89435,4.28815,0.0315404,-0.00511915,0.115132,0.373819,0,0,0
14.4773,2,-0.483725,2.8447,6.74467,-0.178568,0.00361573,-0.014869,0.386325,0,0,0
14.4773,3,0,0,0,0,0,0,0,0,0,0
14.4773,4,0,0,0,0,0,0,0,0,0,0
14.4773,5,0,0,0,0,0,0,0,0,0,0
14.5278,0,-1.48034,2.84649,3.69162,-0.0968551,0.00743219,0.0494809,0.39856,0,0,0
14.5278,1,1.74322,2.89436,4.29291,0.0377101,-0.00433756,0.105468,0.373819,0,0,0
14.5278,2,-0.483725,2.8447,6.74467,-0.178568,0.00361573,-0.014869,0.386325,0,0,0
14.5278,3,0,0,0,0,0,0,0,0,0,0
14.5278,4,0,0,0,0,0,0,0,0,0,0
14.5278,5,0,0,0,0,0,0,0,0,0,0
14.5866,0,-1.48381,2.84667,3.69348,-0.0958434,0.00629036,0.0427151,0.40311,0,0,0
14.5866,1,1.74768,2.89403,4.29866,0.0485162,-0.0052335,0.09363,0.377756,0,0,0
14.5866,2,-0.492143,2.84496,6.74368,-0.155075,0.000486237,-0.0145793,0.388516,0,0,0
14.5866,3,0,0,0,0,0,0,0,0,0,0
14.5866,4,0,0,0,0,0,0,0,0,0,0
14.5866,5,0,0,0,0,0,0,0,0,0,0
14.6395,0,-1.47978,2.84643,3.69275,-0.0814128,0.00466767,0.0242864,0.40311,0,0,0
14.6395,1,1.75137,2.89388,4.3035,0.0545257,-0.00504259,0.0830739,0.383567,0,0,0
14.6395,2,-0.498236,2.84676,6.74312,-0.154005,0.0054093,-0.0153154,0.388516,0,0,0
14.6395,3,0,0,0,0,0,0,0,0,0,0
14.6395,4,0,0,0,0,0,0,0,0,0,0
14.6395,5,0,0,0,0,0,0,0,0,0,0
14.7004,0,-1.48769,2.84805,3.69314,-0.0839004,0.00742616,-0.00805757,0.40662,0,0,0
14.7004,1,1.75491,2.89397,4.30752,0.0581904,-0.00379036,0.0743936,0.383567,0,0,0
14.7004,2,-0.501503,2.84793,6.74275,-0.143837,0.00760941,-0.0135024,0.389231,0,0,0
14.7004,3,0,0,0,0,0,0,0,0,0,0
14.7004,4,0,0,0,0,0,0,0,0,0,0
14.7004,5,0,0,0,0,0,0,0,0,0,0
14.7542,0,-1.48577,2.84877,3.68971,-0.0618102,0.00757636,-0.0640883,0.40662,0,0,0
14.7542,1,1.75742,2.89379,4.31066,0.0589812,-0.00377048,0.0648776,0.388245,0,0,0
14.7542,2,-0.502593,2.84856,6.7424,-0.127939,0.00763275,-0.0086436,0.389231,0,0,0
14.7542,3,0,0,0,0,0,0,0,0,0,0
14.7542,4,0,0,0,0,0,0,0,0,0,0
14.7542,5,0,0,0,0,0,0,0,0,0,0
14.8077,0,-1.48516,2.84924,3.68654,-0.0485023,0.00707646,-0.0827674,0.40642,0,0,0
14.8077,1,1.75889,2.89383,4.31364,0.0556504,-0.0025988,0.0571069,0.388245,0,0,0
14.8077,2,-0.504521,2.84749,6.74232,-0.116404,0.00243656,-0.00603051,0.389828,0,0,0
14.8077,3,0,0,0,0,0,0,0,0,0,0
14.8077,4,0,0,0,0,0,0,0,0,0,0
14.8077,5,0,0,0,0,0,0,0,0,0,0
14.8629,0,-1.48503,2.85073,3.67584,-0.0327052,0.00830414,-0.109343,0.40642,0,0,0
14.8629,1,1.76077,2.89358,4.31928,0.0538559,-0.00269134,0.0525015,0.390217,0,0,0
14.8629,2,-0.497418,2.84937,6.74258,-0.0771206,0.00563805,0.00473285,0.389828,0,0,0
14.8629,3,0,0,0,0,0,0,0,0,0,0
14.8629,4,0,0,0,0,0,0,0,0,0,0
14.8629,5,0,0,0,0,0,0,0,0,0,0
14.9196,0,-1.48079,2.85122,3.66949,-0.0140049,0.00761054,-0.123844,0.41216,0,0,0
14.9196,1,1.7631,2.89344,4.32116,0.0529899,-0.00240999,0.0478232,0.390217,0,0,0
14.9196,2,-0.499698,2.85079,6.74347,-0.073604,0.00872552,0.0118243,0.388275,0,0,0
14.9196,3,0,0,0,0,0,0,0,0,0,0
14.9196,4,0,0,0,0,0,0,0,0,0,0
14.9196,5,0,0,0,0,0,0,0,0,0,0
14.9755,0,-1.47479,2.85229,3.66378,0.00646792,0.0107356,-0.125356,0.41216,0,0,0
14.9755,1,1.76449,2.89316,4.32379,0.0497798,-0.00249387,0.0443722,0.393262,0,0,0
14.9755,2,-0.491062,2.85031,6.74453,-0.0332498,0.00417352,0.0206512,0.388275,0,0,0
14.9755,3,0,0,0,0,0,0,0,0,0,0
14.9755,4,0,0,0,0,0,0,0,0,0,0
14.9755,5,0,0,0,0,0,0,0,0,0,0
15.031,0,-1.46777,2.85186,3.65799,0.0284909,0.00489836,-0.125117,0.409246,0,0,0
15.031,1,1.76525,2.89302,4.32599,0.0451104,-0.00201712,0.0429307,0.393262,0,0,0
15.031,2,-0.484426,2.85094,6.74568,-0.00377968,0.00359174,0.02584,0.388118,0,0,0
15.031,3,0,0,0,0,0,0,0,0,0,0
15.031,4,0,0,0,0,0,0,0,0,0,0
15.031,5,0,0,0,0,0,0,0,0,0,0
15.0816,0,-1.46777,2.85186,3.65799,0.0284909,0.00489836,-0.125117,0.409246,0,0,0
15.0816,1,1.76589,2.89261,4.32811,0.0407282,-0.00253084,0.0423767,0.394088,0,0,0
15.0816,2,-0.476622,2.85101,6.7466,0.0261793,0.00181116,0.0290729,0.388118,0,0,0
15.0816,3,0,0,0,0,0,0,0,0,0,0
15.0816,4,0,0,0,0,0,0,0,0,0,0
15.0816,5,0,0,0,0,0,0,0,0,0,0
15.1353,0,-1.4636,2.85391,3.65083,0.0417071,0.0116656,-0.122005,0.406629,0,0,0
15.1353,1,1.76561,2.89219,4.33018,0.0335405,-0.00301714,0.043361,0.394088,0,0,0
15.1353,2,-0.476622,2.85101,6.7466,0.0261793,0.00181116,0.0290729,0.385987,0,0,0
15.1353,3,0,0,0,0,0,0,0,0,0,0
15.1353,4,0,0,0,0,0,0,0,0,0,0
15.1353,5,0,0,0,0,0,0,0,0,0,0
15.1855,0,-1.45517,2.85435,3.64386,0.0654354,0.0100821,-0.115526,0.406629,0,0,0
15.1855,1,1.76578,2.89169,4.33223,0.0289008,-0.00389668,0.0441904,0.393467,0,0,0
15.1855,2,-0.459997,2.85229,6.74973,0.0767077,0.00107253,0.0303525,0.385987,0,0,0
15.1855,3,0,0,0,0,0,0,0,0,0,0
15.1855,4,0,0,0,0,0,0,0,0,0,0
15.1855,5,0,0,0,0,0,0,0,0,0,0
15.2376,0,-1.4483,2.85403,3.64356,0.0806371,0.00636765,-0.112654,0.398153,0,0,0
15.2376,1,1.76604,2.89147,4.33532,0.0251604,-0.00374911,0.0452023,0.393467,0,0,0
15.2376,2,-0.459997,2.85229,6.74973,0.0767077,0.00107253,0.0303525,0.384923,0,0,0
15.2376,3,0,0,0,0,0,0,0,0,0,0
15.2376,4,0,0,0,0,0,0,0,0,0,0
15.2376,5,0,0,0,0,0,0,0,0,0,0
15.2904,0,-1.44352,2.8552,3.63851,0.0859654,0.00897311,-0.106111,0.398153,0,0,0
15.2904,1,1.76605,2.89138,4.33546,0.0207144,-0.0029901,0.0451678,0.393387,0,0,0
15.2904,2,-0.450768,2.85416,6.75117,0.0984358,0.00551098,0.028381,0.384923,0,0,0
15.2904,3,0,0,0,0,0,0,0,0,0,0
15.2904,4,0,0,0,0,0,0,0,0,0,0
15.2904,5,0,0,0,0,0,0,0,0,0,0
15.3406,0,-1.43673,2.85602,3.63374,0.0970896,0.00952994,-0.100456,0.39464,0,0,0
15.3406,1,1.76541,2.89072,4.33802,0.0148573,-0.00418437,0.0454761,0.393387,0,0,0
15.3406,2,-0.436443,2.85339,6.75294,0.136092,-0.00126088,0.0273923,0.38351,0,0,0
15.3406,3,0,0,0,0,0,0,0,0,0,0
15.3406,4,0,0,0,0,0,0,0,0,0,0
15.3406,5,0,0,0,0,0,0,0,0,0,0
15.3962,0,-1.43005,2.8569,3.62833,0.107125,0.0105177,-0.0941659,0.39464,0,0,0
15.3962,1,1.76503,2.89044,4.3426,0.0108647,-0.0041376,0.046991,0.391678,0,0,0
15.3962,2,-0.427178,2.85562,6.75452,0.149918,0.00530698,0.0255981,0.38351,0,0,0
15.3962,3,0,0,0,0,0,0,0,0,0,0
15.3962,4,0,0,0,0,0,0,0,0,0,0
15.3962,5,0,0,0,0,0,0,0,0,0,0
15.4539,0,-1.42262,2.85663,3.62334,0.11849,0.00724672,-0.0882341,0.390186,0,0,0
15.4539,1,1.76461,2.89015,4.34447,0.00704381,-0.00407221,0.047296,0.391678,0,0,0
15.4539,2,-0.417018,2.85663,6.75626,0.164865,0.00667764,0.0234814,0.384013,0,0,0
15.4539,3,0,0,0,0,0,0,0,0,0,0
15.4539,4,0,0,0,0,0,0,0,0,0,0
15.4539,5,0,0,0,0,0,0,0,0,0,0
15.5183,0,-1.41109,2.85805,3.61479,0.124039,0.00891454,-0.0856247,0.390186,0,0,0
15.5183,1,1.76396,2.88981,4.34684,0.0032316,-0.00414333,0.046919,0.390262,0,0,0
15.5183,2,-0.399513,2.85903,6.75849,0.178491,0.011304,0.0192707,0.384013,0,0,0
15.5183,3,0,0,0,0,0,0,0,0,0,0
15.5183,4,0,0,0,0,0,0,0,0,0,0
15.5183,5,0,0,0,0,0,0,0,0,0,0
15.5736,0,-1.40485,2.85874,3.61478,0.125774,0.00933699,-0.0775367,0.382489,0,0,0
15.5736,1,1.76336,2.88937,4.35005,0.000139636,-0.00471715,0.0467597,0.390262,0,0,0
15.5736,2,-0.392874,2.85891,6.7598,0.174341,0.00929056,0.0174725,0.384601,0,0,0
15.5736,3,0,0,0,0,0,0,0,0,0,0
15.5736,4,0,0,0,0,0,0,0,0,0,0
15.5736,5,0,0,0,0,0,0,0,0,0,0
15.6292,0,-1.40568,2.85815,3.61097,0.122897,0.00731671,-0.0713533,0.382489,0,0,0
15.6292,1,1.76297,2.88913,4.35217,-0.00181047,-0.00461132,0.0461231,0.388894,0,0,0
15.6292,2,-0.392874,2.85891,6.7598,0.174341,0.00929056,0.0174725,0.384601,0,0,0
15.6292,3,0,0,0,0,0,0,0,0,0,0
15.6292,4,0,0,0,0,0,0,0,0,0,0
15.6292,5,0,0,0,0,0,0,0,0,0,0
15.6802,0,-1.40082,2.85794,3.60772,0.122813,0.00534647,-0.0665988,0.384455,0,0,0
15.6802,1,1.76247,2.88884,4.35435,-0.00376596,-0.00466701,0.0451199,0.388894,0,0,0
15.6802,2,-0.38643,2.85984,6.76111,0.170785,0.0110898,0.0155681,0.386577,0,0,0
15.6802,3,0,0,0,0,0,0,0,0,0,0
15.6802,4,0,0,0,0,0,0,0,0,0,0
15.6802,5,0,0,0,0,0,0,0,0,0,0
15.7354,0,-1.39742,2.85916,3.6042,0.116363,0.00880994,-0.0586611,0.384455,0,0,0
15.7354,1,1.76214,2.88857,4.35444,-0.00473475,-0.00461483,0.0414938,0.387928,0,0,0
15.7354,2,-0.382543,2.85999,6.76219,0.158768,0.0104525,0.0138071,0.386577,0,0,0
15.7354,3,0,0,0,0,0,0,0,0,0,0
15.7354,4,0,0,0,0,0,0,0,0,0,0
15.7354,5,0,0,0,0,0,0,0,0,0,0
15.7907,0,-1.38705,2.85981,3.60163,0.118062,0.00783696,-0.0445382,0.378985,0,0,0
15.7907,1,1.76184,2.88833,4.35625,-0.00535089,-0.00458985,0.0324449,0.387928,0,0,0
15.7907,2,-0.378206,2.85978,6.76312,0.150974,0.00848507,0.0111302,0.38843,0,0,0
15.7907,3,0,0,0,0,0,0,0,0,0,0
15.7907,4,0,0,0,0,0,0,0,0,0,0
15.7907,5,0,0,0,0,0,0,0,0,0,0
15.8539,0,-1.38403,2.85994,3.59985,0.112291,0.00706436,-0.0223083,0.378985,0,0,0
15.8539,1,1.76142,2.88809,4.35789,-0.00644532,-0.0044623,0.0105565,0.387023,0,0,0
15.8539,2,-0.372922,2.86008,6.76453,0.125814,0.00786979,0.00648281,0.38843,0,0,0
15.8539,3,0,0,0,0,0,0,0,0,0,0
15.8539,4,0,0,0,0,0,0,0,0,0,0
15.8539,5,0,0,0,0,0,0,0,0,0,0
15.9153,0,-1.38506,2.86009,3.60035,0.094101,0.00696979,0.019307,0.376825,0,0,0
15.9153,1,1.76081,2.88791,4.35608,-0.00853001,-0.00419456,-0.0248317,0.387023,0,0,0
15.9153,2,-0.367107,2.85991,6.7651,0.127681,0.00603092,0.00659889,0.38982,0,0,0
15.9153,3,0,0,0,0,0,0,0,0,0,0
15.9153,4,0,0,0,0,0,0,0,0,0,0
15.9153,5,0,0,0,0,0,0,0,0,0,0
15.9655,0,-1.38477,2.85972,3.60251,0.0820096,0.00490511,0.0498559,0.376825,0,0,0
15.9655,1,1.75993,2.88779,4.353,-0.0113949,-0.00366551,-0.0617255,0.386494,0,0,0
15.9655,2,-0.36588,2.86064,6.76517,0.114563,0.00770671,0.00394634,0.38982,0,0,0
15.9655,3,0,0,0,0,0,0,0,0,0,0
15.9655,4,0,0,0,0,0,0,0,0,0,0
15.9655,5,0,0,0,0,0,0,0,0,0,0
16.0231,0,-1.38479,2.85996,3.6059,0.0696188,0.00503465,0.0703282,0.376785,0,0,0
16.0231,1,1.75886,2.88759,4.34939,-0.0143928,-0.00350626,-0.0900958,0.386494,0,0,0
16.0231,2,-0.370705,2.86041,6.7653,0.0810264,0.00703658,4.15983e-05,0.39054,0,0,0
16.0231,3,0,0,0,0,0,0,0,0,0,0
16.0231,4,0,0,0,0,0,0,0,0,0,0
16.0231,5,0,0,0,0,0,0,0,0,0,0
16.0787,0,-1.38634,2.86004,3.61004,0.0530943,0.00467495,0.0834592,0.376785,0,0,0
16.0787,1,1.75782,2.88705,4.34187,-0.016506,-0.00454968,-0.120118,0.384917,0,0,0
16.0787,2,-0.367624,2.85956,6.76541,0.0791751,0.00341819,-0.00190411,0.39054,0,0,0
16.0787,3,0,0,0,0,0,0,0,0,0,0
16.0787,4,0,0,0,0,0,0,0,0,0,0
16.0787,5,0,0,0,0,0,0,0,0,0,0
16.1315,0,-1.3887,2.86034,3.61436,0.0356161,0.00520697,0.0899214,0.372461,0,0,0
16.1315,1,1.75498,2.88723,4.33554,-0.0240045,-0.00286984,-0.138485,0.384917,0,0,0
16.1315,2,-0.370344,2.86011,6.7653,0.0577588,0.00555694,-0.00415312,0.390789,0,0,0
16.1315,3,0,0,0,0,0,0,0,0,0,0
16.1315,4,0,0,0,0,0,0,0,0,0,0
16.1315,5,0,0,0,0,0,0,0,0,0,0
16.1845,0,-1.39182,2.85998,3.61893,0.0176976,0.00337098,0.0927652,0.372461,0,0,0
16.1845,1,1.75349,2.88682,4.32718,-0.02563,-0.00355439,-0.151178,0.382217,0,0,0
16.1845,2,-0.368529,2.85929,6.765,0.0549078,0.00200192,-0.00951615,0.390789,0,0,0
16.1845,3,0,0,0,0,0,0,0,0,0,0
16.1845,4,0,0,0,0,0,0,0,0,0,0
16.1845,5,0,0,0,0,0,0,0,0,0,0
16.24,0,-1.39601,2.85994,3.62409,-0.00187687,0.00285508,0.0919885,0.370123,0,0,0
16.24,1,1.75031,2.88681,4.31916,-0.0326123,-0.00251377,-0.160283,0.382217,0,0,0
16.24,2,-0.371733,2.8599,6.76431,0.0345932,0.0041678,-0.0176586,0.390369,0,0,0
16.24,3,0,0,0,0,0,0,0,0,0,0
16.24,4,0,0,0,0,0,0,0,0,0,0
16.24,5,0,0,0,0,0,0,0,0,0,0
16.2977,0,-1.40102,2.85966,3.62929,-0.0215573,0.00165421,0.0869149,0.370123,0,0,0
16.2977,1,1.74732,2.88659,4.30987,-0.0377172,-0.00228238,-0.16335,0.378149,0,0,0
16.2977,2,-0.372991,2.8594,6.76314,0.0235457,0.00221692,-0.0256307,0.390369,0,0,0
16.2977,3,0,0,0,0,0,0,0,0,0,0
16.2977,4,0,0,0,0,0,0,0,0,0,0
16.2977,5,0,0,0,0,0,0,0,0,0,0
16.3536,0,-1.40747,2.85941,3.63379,-0.0430741,0.000614548,0.0791032,0.369861,0,0,0
16.3536,1,1.74478,2.88595,4.3105,-0.0404988,-0.00374118,-0.154039,0.378149,0,0,0
16.3536,2,-0.374584,2.85969,6.76158,0.0124416,0.00328853,-0.0312387,0.388456,0,0,0
16.3536,3,0,0,0,0,0,0,0,0,0,0
16.3536,4,0,0,0,0,0,0,0,0,0,0
16.3536,5,0,0,0,0,0,0,0,0,0,0
16.4038,0,-1.41668,2.86155,3.63704,-0.0634124,0.00681975,0.0748763,0.369861,0,0,0
16.4038,1,1.74203,2.88593,4.29567,-0.0435785,-0.00298427,-0.142741,0.375521,0,0,0
16.4038,2,-0.375007,2.85872,6.75991,0.00749752,-0.000350832,-0.034235,0.388456,0,0,0
16.4038,3,0,0,0,0,0,0,0,0,0,0
16.4038,4,0,0,0,0,0,0,0,0,0,0
16.4038,5,0,0,0,0,0,0,0,0,0,0
16.4617,0,-1.42161,2.85965,3.6405,-0.0721339,-3.26555e-05,0.0677501,0.376678,0,0,0
16.4617,1,1.73989,2.88551,4.29084,-0.0432528,-0.0037619,-0.123909,0.375521,0,0,0
16.4617,2,-0.378038,2.85892,6.75775,-0.00480508,0.000342587,-0.0360679,0.385253,0,0,0
16.4617,3,0,0,0,0,0,0,0,0,0,0
16.4617,4,0,0,0,0,0,0,0,0,0,0
16.4617,5,0,0,0,0,0,0,0,0,0,0
16.5175,0,-1.42858,2.85993,3.6441,-0.0864311,0.000870932,0.0620826,0.376678,0,0,0
16.5175,1,1.73727,2.88533,4.28561,-0.0457947,-0.00346712,-0.086918,0.37462,0,0,0
16.5175,2,-0.381991,2.85837,6.75659,-0.0180516,-0.00123801,-0.034322,0.385253,0,0,0
16.5175,3,0,0,0,0,0,0,0,0,0,0
16.5175,4,0,0,0,0,0,0,0,0,0,0
16.5175,5,0,0,0,0,0,0,0,0,0,0
16.5754,0,-1.43485,2.86075,3.64704,-0.0959711,0.00314165,0.0587369,0.381714,0,0,0
16.5754,1,1.73567,2.88485,4.2826,-0.0449703,-0.00458234,-0.0526743,0.37462,0,0,0
16.5754,2,-0.38611,2.85814,6.75439,-0.0325324,-0.00140477,-0.0317508,0.382017,0,0,0
16.5754,3,0,0,0,0,0,0,0,0,0,0
16.5754,4,0,0,0,0,0,0,0,0,0,0
16.5754,5,0,0,0,0,0,0,0,0,0,0
16.6329,0,-1.43395,2.86058,3.6493,-0.0927643,0.00241964,0.0568616,0.381714,0,0,0
16.6329,1,1.7348,2.88447,4.28146,-0.0420981,-0.00541179,-0.016772,0.37245,0,0,0
16.6329,2,-0.398283,2.85805,6.75273,-0.0635896,-0.000887044,-0.0275895,0.382017,0,0,0
16.6329,3,0,0,0,0,0,0,0,0,0,0
16.6329,4,0,0,0,0,0,0,0,0,0,0
16.6329,5,0,0,0,0,0,0,0,0,0,0
16.6831,0,-1.43716,2.86025,3.65193,-0.0901232,0.000328449,0.0550322,0.382886,0,0,0
16.6831,1,1.7349,2.88439,4.2823,-0.0364467,-0.00519791,0.0214822,0.37245,0,0,0
16.6831,2,-0.406548,2.85928,6.7512,-0.0826517,0.00321422,-0.0243333,0.378822,0,0,0
16.6831,3,0,0,0,0,0,0,0,0,0,0
16.6831,4,0,0,0,0,0,0,0,0,0,0
16.6831,5,0,0,0,0,0,0,0,0,0,0
16.7384,0,-1.44101,2.8601,3.65509,-0.090526,-0.000712079,0.05514,0.385284,0,0,0
16.7384,1,1.73519,2.88387,4.28446,-0.0303244,-0.00652496,0.049809,0.37177,0,0,0
16.7384,2,-0.415676,2.85768,6.75042,-0.100991,-0.00183879,-0.0209489,0.378822,0,0,0
16.7384,3,0,0,0,0,0,0,0,0,0,0
16.7384,4,0,0,0,0,0,0,0,0,0,0
16.7384,5,0,0,0,0,0,0,0,0,0,0
16.7998,0,-1.44738,2.86142,3.65802,-0.100616,0.00418766,0.0560858,0.385284,0,0,0
16.7998,1,1.73663,2.88363,4.28828,-0.0207945,-0.00693048,0.0722982,0.37177,0,0,0
16.7998,2,-0.420025,2.85883,6.74934,-0.116602,0.00279131,-0.0183397,0.378015,0,0,0
16.7998,3,0,0,0,0,0,0,0,0,0,0
16.7998,4,0,0,0,0,0,0,0,0,0,0
16.7998,5,0,0,0,0,0,0,0,0,0,0
16.8632,0,-1.45053,2.8607,3.66086,-0.0966644,0.000396148,0.0565284,0.389908,0,0,0
16.8632,1,1.73808,2.88361,4.29378,-0.0126218,-0.00652179,0.0851147,0.371981,0,0,0
16.8632,2,-0.429924,2.85804,6.74875,-0.133891,-0.000252765,-0.0164073,0.378015,0,0,0
16.8632,3,0,0,0,0,0,0,0,0,0,0
16.8632,4,0,0,0,0,0,0,0,0,0,0
16.8632,5,0,0,0,0,0,0,0,0,0,0
16.9235,0,-1.45581,2.86164,3.66436,-0.101705,0.00362635,0.0569547,0.389908,0,0,0
16.9235,1,1.74044,2.88383,4.29769,-0.00223603,-0.00539686,0.0941365,0.371981,0,0,0
16.9235,2,-0.439834,2.85906,6.74809,-0.149671,0.00360578,-0.0146504,0.378147,0,0,0
16.9235,3,0,0,0,0,0,0,0,0,0,0
16.9235,4,0,0,0,0,0,0,0,0,0,0
16.9235,5,0,0,0,0,0,0,0,0,0,0
16.9741,0,-1.4583,2.86139,3.6701,-0.095008,0.00151702,0.0574031,0.391477,0,0,0
16.9741,1,1.74278,2.88381,4.30394,0.00700339,-0.00504182,0.0956168,0.373632,0,0,0
16.9741,2,-0.448215,2.85959,6.74757,-0.158161,0.00508217,-0.0143089,0.380011,0,0,0
16.9741,3,0,0,0,0,0,0,0,0,0,0
16.9741,4,0,0,0,0,0,0,0,0,0,0
16.9741,5,0,0,0,0,0,0,0,0,0,0
17.0295,0,-1.46228,2.86175,3.67297,-0.0925284,0.0020721,0.0585957,0.391477,0,0,0
17.0295,1,1.74345,2.88385,4.30809,0.00881729,-0.0041773,0.100259,0.373632,0,0,0
17.0295,2,-0.453366,2.85791,6.74722,-0.153487,-0.0022816,-0.0135287,0.380011,0,0,0
17.0295,3,0,0,0,0,0,0,0,0,0,0
17.0295,4,0,0,0,0,0,0,0,0,0,0
17.0295,5,0,0,0,0,0,0,0,0,0,0
17.091,0,-1.4657,2.86217,3.67611,-0.0912476,0.00292855,0.0572049,0.394709,0,0,0
17.091,1,1.74575,2.88381,4.31118,0.0155876,-0.00372584,0.097937,0.374579,0,0,0
17.091,2,-0.46334,2.85949,6.74667,-0.167124,0.00388269,-0.0136291,0.380011,0,0,0
17.091,3,0,0,0,0,0,0,0,0,0,0
17.091,4,0,0,0,0,0,0,0,0,0,0
17.091,5,0,0,0,0,0,0,0,0,0,0
17.1498,0,-1.46858,2.86228,3.67581,-0.0871672,0.0024592,0.0546217,0.394709,0,0,0
17.1498,1,1.74812,2.88417,4.31553,0.0218392,-0.00218388,0.092307,0.374579,0,0,0
17.1498,2,-0.470814,2.85957,6.74615,-0.169328,0.00333963,-0.0137129,0.382343,0,0,0
17.1498,3,0,0,0,0,0,0,0,0,0,0
17.1498,4,0,0,0,0,0,0,0,0,0,0
17.1498,5,0,0,0,0,0,0,0,0,0,0
17.2058,0,-1.47157,2.86252,3.67819,-0.0842772,0.00251774,0.0503645,0.398749,0,0,0
17.2058,1,1.75196,2.88321,4.32051,0.0324942,-0.00575905,0.0806969,0.377937,0,0,0
17.2058,2,-0.48289,2.85942,6.74575,-0.161916,0.000505727,-0.0143037,0.382343,0,0,0
17.2058,3,0,0,0,0,0,0,0,0,0,0
17.2058,4,0,0,0,0,0,0,0,0,0,0
17.2058,5,0,0,0,0,0,0,0,0,0,0
17.2714,0,-1.47514,2.86303,3.68307,-0.0837936,0.00380259,0.0387414,0.398749,0,0,0
17.2714,1,1.75457,2.88389,4.32563,0.0370792,-0.00280413,0.0815224,0.377937,0,0,0
17.2714,2,-0.489525,2.8605,6.74514,-0.161563,0.00377758,-0.0155462,0.386441,0,0,0
17.2714,3,0,0,0,0,0,0,0,0,0,0
17.2714,4,0,0,0,0,0,0,0,0,0,0
17.2714,5,0,0,0,0,0,0,0,0,0,0
17.3216,0,-1.47514,2.86303,3.68307,-0.0837936,0.00380259,0.0387414,0.399472,0,0,0
17.3216,1,1.75742,2.88365,4.32964,0.0414458,-0.00309628,0.0753785,0.382868,0,0,0
17.3216,2,-0.497605,2.86126,6.74456,-0.165001,0.00547281,-0.0168299,0.386441,0,0,0
17.3216,3,0,0,0,0,0,0,0,0,0,0
17.3216,4,0,0,0,0,0,0,0,0,0,0
17.3216,5,0,0,0,0,0,0,0,0,0,0
17.3774,0,-1.47841,2.86293,3.68342,-0.0817376,0.00253794,0.0164372,0.399472,0,0,0
17.3774,1,1.75856,2.88372,4.33304,0.0396818,-0.00213572,0.0696238,0.382868,0,0,0
17.3774,2,-0.497605,2.86126,6.74456,-0.165001,0.00547281,-0.0168299,0.389609,0,0,0
17.3774,3,0,0,0,0,0,0,0,0,0,0
17.3774,4,0,0,0,0,0,0,0,0,0,0
17.3774,5,0,0,0,0,0,0,0,0,0,0
17.4352,0,-1.47957,2.8636,3.68253,-0.0715315,0.0038467,-0.0281222,0.4036,0,0,0
17.4352,1,1.76055,2.88348,4.33616,0.0408242,-0.00258082,0.0647376,0.38595,0,0,0
17.4352,2,-0.501875,2.86148,6.74394,-0.154908,0.0048166,-0.0159304,0.389609,0,0,0
17.4352,3,0,0,0,0,0,0,0,0,0,0
17.4352,4,0,0,0,0,0,0,0,0,0,0
17.4352,5,0,0,0,0,0,0,0,0,0,0
17.4929,0,-1.48028,2.86387,3.68045,-0.0606135,0.00363836,-0.0524152,0.4036,0,0,0
17.4929,1,1.76136,2.88346,4.33945,0.0377927,-0.00196699,0.061439,0.38595,0,0,0
17.4929,2,-0.503973,2.8617,6.74362,-0.139446,0.00407193,-0.0112499,0.39038,0,0,0
17.4929,3,0,0,0,0,0,0,0,0,0,0
17.4929,4,0,0,0,0,0,0,0,0,0,0
17.4929,5,0,0,0,0,0,0,0,0,0,0
17.5483,0,-1.4795,2.86423,3.6766,-0.0464187,0.00387767,-0.0771591,0.406391,0,0,0
17.5483,1,1.76329,2.8834,4.33907,0.0391995,-0.00177284,0.0577516,0.38808,0,0,0
17.5483,2,-0.50672,2.86333,6.74366,-0.129274,0.00822234,-0.00542022,0.39038,0,0,0
17.5483,3,0,0,0,0,0,0,0,0,0,0
17.5483,4,0,0,0,0,0,0,0,0,0,0
17.5483,5,0,0,0,0,0,0,0,0,0,0
17.6061,0,-1.47591,2.86411,3.66545,-0.0174834,0.000626698,-0.106649,0.406391,0,0,0
17.6061,1,1.76368,2.8834,4.34434,0.0350061,-0.00108848,0.0581439,0.38808,0,0,0
17.6061,2,-0.506887,2.86314,6.74424,-0.112521,0.00588695,0.00222708,0.391657,0,0,0
17.6061,3,0,0,0,0,0,0,0,0,0,0
17.6061,4,0,0,0,0,0,0,0,0,0,0
17.6061,5,0,0,0,0,0,0,0,0,0,0
17.6563,0,-1.47591,2.86411,3.66545,-0.0174834,0.000626698,-0.106649,0.408861,0,0,0
17.6563,1,1.76422,2.88303,4.34429,0.0321266,-0.00179441,0.0524826,0.38998,0,0,0
17.6563,2,-0.506561,2.86355,6.74495,-0.0956092,0.00573832,0.010094,0.391657,0,0,0
17.6563,3,0,0,0,0,0,0,0,0,0,0
17.6563,4,0,0,0,0,0,0,0,0,0,0
17.6563,5,0,0,0,0,0,0,0,0,0,0
17.713,0,-1.47244,2.86552,3.66092,-0.00156353,0.00451545,-0.118877,0.408861,0,0,0
17.713,1,1.76458,2.8829,4.34711,0.0287416,-0.00162836,0.0398315,0.38998,0,0,0
17.713,2,-0.500462,2.8634,6.74563,-0.0740056,0.00452903,0.0164037,0.392816,0,0,0
17.713,3,0,0,0,0,0,0,0,0,0,0
17.713,4,0,0,0,0,0,0,0,0,0,0
17.713,5,0,0,0,0,0,0,0,0,0,0
17.7686,0,-1.46651,2.86625,3.65868,0.0202922,0.00531082,-0.121,0.404354,0,0,0
17.7686,1,1.76458,2.88278,4.34892,0.0243303,-0.00144986,0.0214788,0.390656,0,0,0
17.7686,2,-0.499358,2.86528,6.74654,-0.047863,0.008004,0.0233537,0.392816,0,0,0
17.7686,3,0,0,0,0,0,0,0,0,0,0
17.7686,4,0,0,0,0,0,0,0,0,0,0
17.7686,5,0,0,0,0,0,0,0,0,0,0
17.8256,0,-1.46024,2.86502,3.65196,0.0403232,-0.000954037,-0.124381,0.404354,0,0,0
17.8256,1,1.76413,2.88246,4.34907,0.0185511,-0.00195334,-0.00522583,0.390656,0,0,0
17.8256,2,-0.492405,2.86369,6.74777,-0.0224628,0.00144084,0.0273312,0.391917,0,0,0
17.8256,3,0,0,0,0,0,0,0,0,0,0
17.8256,4,0,0,0,0,0,0,0,0,0,0
17.8256,5,0,0,0,0,0,0,0,0,0,0
17.8801,0,-1.45588,2.86702,3.64614,0.0500334,0.00569594,-0.124815,0.404354,0,0,0
17.8801,1,1.76321,2.88256,4.34664,0.0116367,-0.000863205,-0.0356369,0.390067,0,0,0
17.8801,2,-0.486026,2.86544,6.74955,0.00650219,0.00530362,0.0308684,0.391917,0,0,0
17.8801,3,0,0,0,0,0,0,0,0,0,0
17.8801,4,0,0,0,0,0,0,0,0,0,0
17.8801,5,0,0,0,0,0,0,0,0,0,0
17.9482,0,-1.43913,2.86723,3.63272,0.0930406,0.00266124,-0.116544,0.402399,0,0,0
17.9482,1,1.76186,2.88195,4.34198,0.00425537,-0.00242547,-0.0687297,0.390067,0,0,0
17.9482,2,-0.477961,2.86537,6.75091,0.0331764,0.00353186,0.0319355,0.390777,0,0,0
17.9482,3,0,0,0,0,0,0,0,0,0,0
17.9482,4,0,0,0,0,0,0,0,0,0,0
17.9482,5,0,0,0,0,0,0,0,0,0,0
18.002,0,-1.43348,2.86766,3.62792,0.100081,0.00342402,-0.111992,0.396785,0,0,0
18.002,1,1.76035,2.88209,4.33788,-0.00265281,-0.00124641,-0.0914504,0.388333,0,0,0
18.002,2,-0.464687,2.86419,6.75225,0.075181,-0.00337759,0.0316412,0.387919,0,0,0
18.002,3,0,0,0,0,0,0,0,0,0,0
18.002,4,0,0,0,0,0,0,0,0,0,0
18.002,5,0,0,0,0,0,0,0,0,0,0
18.06,0,-1.42878,2.86847,3.61726,0.102444,0.00570618,-0.109491,0.396785,0,0,0
18.06,1,1.75771,2.88203,4.33109,-0.011543,-0.00115881,-0.113245,0.388333,0,0,0
18.06,2,-0.462661,2.86622,6.75401,0.0826433,0.00371469,0.029691,0.387919,0,0,0
18.06,3,0,0,0,0,0,0,0,0,0,0
18.06,4,0,0,0,0,0,0,0,0,0,0
18.06,5,0,0,0,0,0,0,0,0,0,0
18.1164,0,-1.42878,2.86847,3.61726,0.102444,0.00570618,-0.109491,0.398441,0,0,0
18.1164,1,1.75496,2.8813,4.323,-0.0192928,-0.00297664,-0.129417,0.385284,0,0,0
18.1164,2,-0.452931,2.86743,6.75583,0.106641,0.0066014,0.0268004,0.388793,0,0,0
18.1164,3,0,0,0,0,0,0,0,0,0,0
18.1164,4,0,0,0,0,0,0,0,0,0,0
18.1164,5,0,0,0,0,0,0,0,0,0,0
18.1665,0,-1.42239,2.86976,3.61675,0.110714,0.00912446,-0.0965273,0.398441,0,0,0
18.1665,1,1.75147,2.88178,4.31723,-0.0283796,-0.000159535,-0.132304,0.385284,0,0,0
18.1665,2,-0.436314,2.8675,6.75716,0.134966,0.00428518,0.0236119,0.388793,0,0,0
18.1665,3,0,0,0,0,0,0,0,0,0,0
18.1665,4,0,0,0,0,0,0,0,0,0,0
18.1665,5,0,0,0,0,0,0,0,0,0,0
18.2193,0,-1.41255,2.8686,3.61203,0.129369,0.00272166,-0.0882152,0.389717,0,0,0
18.2193,1,1.74778,2.8811,4.31317,-0.0365594,-0.00190219,-0.11162,0.380937,0,0,0
18.2193,2,-0.427321,2.86762,6.7585,0.147818,0.00375469,0.0202298,0.387125,0,0,0
18.2193,3,0,0,0,0,0,0,0,0,0,0
18.2193,4,0,0,0,0,0,0,0,0,0,0
18.2193,5,0,0,0,0,0,0,0,0,0,0
18.2797,0,-1.40018,2.86964,3.60457,0.130983,0.00479095,-0.0685605,0.389717,0,0,0
18.2797,1,1.7445,2.88073,4.30781,-0.0422131,-0.00256512,-0.0841452,0.380937,0,0,0
18.2797,2,-0.419046,2.86773,6.75959,0.156819,0.00278019,0.0146717,0.387125,0,0,0
18.2797,3,0,0,0,0,0,0,0,0,0,0
18.2797,4,0,0,0,0,0,0,0,0,0,0
18.2797,5,0,0,0,0,0,0,0,0,0,0
18.3456,0,-1.39405,2.86965,3.60008,0.133428,0.00388401,-0.0421624,0.385858,0,0,0
18.3456,1,1.74165,2.88091,4.30472,-0.0461242,-0.00124939,-0.0766294,0.375607,0,0,0
18.3456,2,-0.41156,2.86847,6.7603,0.16103,0.00458914,0.0108139,0.387082,0,0,0
18.3456,3,0,0,0,0,0,0,0,0,0,0
18.3456,4,0,0,0,0,0,0,0,0,0,0
18.3456,5,0,0,0,0,0,0,0,0,0,0
18.3959,0,-1.39405,2.86965,3.60008,0.133428,0.00388401,-0.0421624,0.385858,0,0,0
18.3959,1,1.73928,2.88047,4.30224,-0.0480256,-0.00235134,-0.0478915,0.375607,0,0,0
18.3959,2,-0.402518,2.86873,6.76091,0.167991,0.00454127,0.0077965,0.387082,0,0,0
18.3959,3,0,0,0,0,0,0,0,0,0,0
18.3959,4,0,0,0,0,0,0,0,0,0,0
18.3959,5,0,0,0,0,0,0,0,0,0,0
18.4521,0,-1.38944,2.86992,3.60028,0.130724,0.00428047,-0.0141606,0.385858,0,0,0
18.4521,1,1.73796,2.88024,4.30299,-0.046571,-0.00286209,-0.00966687,0.371514,0,0,0
18.4521,2,-0.397923,2.86955,6.76126,0.161798,0.00668604,0.000966115,0.387082,0,0,0
18.4521,3,0,0,0,0,0,0,0,0,0,0
18.4521,4,0,0,0,0,0,0,0,0,0,0
18.4521,5,0,0,0,0,0,0,0,0,0,0
18.5048,0,-1.38612,2.87047,3.60153,0.122978,0.00585366,0.00631881,0.381351,0,0,0
18.5048,1,1.73674,2.87987,4.30396,-0.0442958,-0.00369797,0.0278683,0.371514,0,0,0
18.5048,2,-0.391176,2.86903,6.76146,0.161815,0.00414418,-0.00866552,0.386981,0,0,0
18.5048,3,0,0,0,0,0,0,0,0,0,0
18.5048,4,0,0,0,0,0,0,0,0,0,0
18.5048,5,0,0,0,0,0,0,0,0,0,0
18.566,0,-1.38386,2.87,3.60497,0.113535,0.00374699,0.03777,0.381351,0,0,0
18.566,1,1.73692,2.87993,4.30639,-0.037491,-0.00317299,0.0518956,0.368684,0,0,0
18.566,2,-0.388414,2.86981,6.76072,0.149705,0.00643336,-0.0202466,0.385992,0,0,0
18.566,3,0,0,0,0,0,0,0,0,0,0
18.566,4,0,0,0,0,0,0,0,0,0,0
18.566,5,0,0,0,0,0,0,0,0,0,0
18.6237,0,-1.38291,2.87016,3.60928,0.100539,0.00410277,0.0693817,0.374101,0,0,0
18.6237,1,1.73753,2.87985,4.30956,-0.030036,-0.00324131,0.0693849,0.368684,0,0,0
18.6237,2,-0.390997,2.86908,6.75972,0.139801,0.00412955,-0.0296394,0.385992,0,0,0
18.6237,3,0,0,0,0,0,0,0,0,0,0
18.6237,4,0,0,0,0,0,0,0,0,0,0
18.6237,5,0,0,0,0,0,0,0,0,0,0
18.679,0,-1.38373,2.86989,3.61316,0.0826976,0.0030813,0.0823355,0.374101,0,0,0
18.679,1,1.73827,2.87905,4.31286,-0.0227332,-0.00584284,0.0807538,0.368421,0,0,0
18.679,2,-0.387087,2.86929,6.75867,0.131266,0.00440803,-0.0335824,0.383906,0,0,0
18.679,3,0,0,0,0,0,0,0,0,0,0
18.679,4,0,0,0,0,0,0,0,0,0,0
18.679,5,0,0,0,0,0,0,0,0,0,0
18.7418,0,-1.3859,2.87006,3.61874,0.0601601,0.00372489,0.0912229,0.368139,0,0,0
18.7418,1,1.73992,2.88004,4.31699,-0.0136241,-0.00189902,0.0887434,0.368421,0,0,0
18.7418,2,-0.386099,2.86915,6.757,0.114542,0.00395394,-0.037632,0.383906,0,0,0
18.7418,3,0,0,0,0,0,0,0,0,0,0
18.7418,4,0,0,0,0,0,0,0,0,0,0
18.7418,5,0,0,0,0,0,0,0,0,0,0
18.792,0,-1.38913,2.87079,3.62192,0.0389181,0.00630563,0.0898319,0.368139,0,0,0
18.792,1,1.74191,2.87926,4.32224,-0.00403919,-0.00471532,0.0908474,0.369537,0,0,0
18.792,2,-0.381018,2.8687,6.75488,0.099597,0.00184894,-0.0383166,0.383906,0,0,0
18.792,3,0,0,0,0,0,0,0,0,0,0
18.792,4,0,0,0,0,0,0,0,0,0,0
18.792,5,0,0,0,0,0,0,0,0,0,0
18.8524,0,-1.39451,2.86971,3.62677,0.0123293,0.00258652,0.088075,0.365828,0,0,0
18.8524,1,1.74356,2.87907,4.32559,0.00267599,-0.00500551,0.090389,0.369537,0,0,0
18.8524,2,-0.387506,2.86925,6.75321,0.0761792,0.00451754,-0.036907,0.379982,0,0,0
18.8524,3,0,0,0,0,0,0,0,0,0,0
18.8524,4,0,0,0,0,0,0,0,0,0,0
18.8524,5,0,0,0,0,0,0,0,0,0,0
18.9154,0,-1.39979,2.8705,3.63052,-0.00999247,0.0059739,0.0849237,0.367836,0,0,0
18.9154,1,1.74652,2.87956,4.32918,0.0128549,-0.0030926,0.0877211,0.371876,0,0,0
18.9154,2,-0.39681,2.86905,6.74947,0.0208477,0.00419158,-0.0304076,0.376356,0,0,0
18.9154,3,0,0,0,0,0,0,0,0,0,0
18.9154,4,0,0,0,0,0,0,0,0,0,0
18.9154,5,0,0,0,0,0,0,0,0,0,0
18.9761,0,-1.40474,2.86977,3.63398,-0.0270629,0.00230493,0.0820452,0.367836,0,0,0
18.9761,1,1.74811,2.88027,4.33543,0.0165615,-0.00042342,0.0833981,0.371876,0,0,0
18.9761,2,-0.403093,2.86886,6.74783,-0.0056468,0.00391609,-0.027264,0.376356,0,0,0
18.9761,3,0,0,0,0,0,0,0,0,0,0
18.9761,4,0,0,0,0,0,0,0,0,0,0
18.9761,5,0,0,0,0,0,0,0,0,0,0
19.0263,0,-1.41163,2.87006,3.63884,-0.0489142,0.00422226,0.0774156,0.371421,0,0,0
19.0263,1,1.7523,2.87954,4.34044,0.0280527,-0.00277722,0.0790414,0.375242,0,0,0
19.0263,2,-0.403093,2.86886,6.74783,-0.0056468,0.00391609,-0.027264,0.373933,0,0,0
19.0263,3,0,0,0,0,0,0,0,0,0,0
19.0263,4,0,0,0,0,0,0,0,0,0,0
19.0263,5,0,0,0,0,0,0,0,0,0,0
19.0811,0,-1.41783,2.8686,3.642,-0.064603,-0.00106272,0.073804,0.371421,0,0,0
19.0811,1,1.75509,2.87963,4.34396,0.033767,-0.00202136,0.0730565,0.375242,0,0,0
19.0811,2,-0.411837,2.86994,6.74732,-0.0367272,0.00770071,-0.0240172,0.373933,0,0,0
19.0811,3,0,0,0,0,0,0,0,0,0,0
19.0811,4,0,0,0,0,0,0,0,0,0,0
19.0811,5,0,0,0,0,0,0,0,0,0,0
19.1339,0,-1.42544,2.86921,3.64624,-0.0831542,0.00200463,0.0702177,0.377662,0,0,0
19.1339,1,1.7584,2.8793,4.34776,0.0409118,-0.00325394,0.0687396,0.381381,0,0,0
19.1339,2,-0.416198,2.86878,6.74643,-0.0476784,0.00282946,-0.0219737,0.373758,0,0,0
19.1339,3,0,0,0,0,0,0,0,0,0,0
19.1339,4,0,0,0,0,0,0,0,0,0,0
19.1339,5,0,0,0,0,0,0,0,0,0,0
19.1875,0,-1.43073,2.86849,3.64911,-0.0903824,-0.000734127,0.0680867,0.377662,0,0,0
19.1875,1,1.76018,2.87957,4.35077,0.0412334,-0.00165626,0.0644612,0.381381,0,0,0
19.1875,2,-0.424378,2.86692,6.74536,-0.0704327,-0.00321524,-0.0199896,0.373758,0,0,0
19.1875,3,0,0,0,0,0,0,0,0,0,0
19.1875,4,0,0,0,0,0,0,0,0,0,0
19.1875,5,0,0,0,0,0,0,0,0,0,0
19.2438,0,-1.4365,2.86824,3.65292,-0.0987974,-0.00132539,0.065231,0.382624,0,0,0
19.2438,1,1.76357,2.87925,4.35422,0.0472378,-0.00283815,0.0538439,0.38597,0,0,0
19.2438,2,-0.436263,2.8706,6.74438,-0.104171,0.0102801,-0.0189979,0.374451,0,0,0
19.2438,3,0,0,0,0,0,0,0,0,0,0
19.2438,4,0,0,0,0,0,0,0,0,0,0
19.2438,5,0,0,0,0,0,0,0,0,0,0
19.3075,0,-1.44146,2.86852,3.65625,-0.103046,-0.000198279,0.0635688,0.382624,0,0,0
19.3075,1,1.76568,2.87938,4.35662,0.0476088,-0.00187083,0.0376412,0.38597,0,0,0
19.3075,2,-0.443988,2.86863,6.7435,-0.117264,0.00194421,-0.0187622,0.374451,0,0,0
19.3075,3,0,0,0,0,0,0,0,0,0,0
19.3075,4,0,0,0,0,0,0,0,0,0,0
19.3075,5,0,0,0,0,0,0,0,0,0,0
19.3686,0,-1.4473,2.86854,3.6598,-0.10953,0.000148727,0.0573554,0.387594,0,0,0
19.3686,1,1.76739,2.87955,4.35799,0.0460721,-0.000804215,0.01375,0.391141,0,0,0
19.3686,2,-0.451532,2.8676,6.74268,-0.127773,-0.00190577,-0.0190562,0.375629,0,0,0
19.3686,3,0,0,0,0,0,0,0,0,0,0
19.3686,4,0,0,0,0,0,0,0,0,0,0
19.3686,5,0,0,0,0,0,0,0,0,0,0
19.424,0,-1.45204,2.86826,3.66292,-0.10944,-0.00095821,0.0408417,0.387594,0,0,0
19.424,1,1.76831,2.87964,4.35811,0.0419286,0.000100878,-0.0069642,0.391141,0,0,0
19.424,2,-0.467959,2.86797,6.74184,-0.14818,0.000122483,-0.0197242,0.375629,0,0,0
19.424,3,0,0,0,0,0,0,0,0,0,0
19.424,4,0,0,0,0,0,0,0,0,0,0
19.424,5,0,0,0,0,0,0,0,0,0,0
19.4742,0,-1.45655,2.86838,3.66429,-0.108041,-0.000543892,0.018293,0.387594,0,0,0
19.4742,1,1.76872,2.87963,4.35692,0.036432,0.000544796,-0.0351131,0.393701,0,0,0
19.4742,2,-0.474828,2.86724,6.74097,-0.151621,-0.00226037,-0.0205133,0.379418,0,0,0
19.4742,3,0,0,0,0,0,0,0,0,0,0
19.4742,4,0,0,0,0,0,0,0,0,0,0
19.4742,5,0,0,0,0,0,0,0,0,0,0
19.5398,0,-1.45955,2.86834,3.66491,-0.102123,-0.000946055,-0.00583794,0.392892,0,0,0
19.5398,1,1.76811,2.87941,4.35325,0.0271589,0.000358251,-0.0779527,0.393733,0,0,0
19.5398,2,-0.481775,2.86787,6.7399,-0.154779,-0.000109421,-0.0214957,0.379418,0,0,0
19.5398,3,0,0,0,0,0,0,0,0,0,0
19.5398,4,0,0,0,0,0,0,0,0,0,0
19.5398,5,0,0,0,0,0,0,0,0,0,0
19.5951,0,-1.46146,2.86836,3.66382,-0.092484,-0.00125717,-0.0320164,0.397298,0,0,0
19.5951,1,1.76715,2.8798,4.34842,0.0187424,0.00230935,-0.103772,0.393733,0,0,0
19.5951,2,-0.486298,2.86791,6.73904,-0.149115,0.000285422,-0.0183785,0.38074,0,0,0
19.5951,3,0,0,0,0,0,0,0,0,0,0
19.5951,4,0,0,0,0,0,0,0,0,0,0
19.5951,5,0,0,0,0,0,0,0,0,0,0
19.6544,0,-1.46209,2.86832,3.66238,-0.0798018,-0.00191599,-0.0497576,0.397298,0,0,0
19.6544,1,1.76517,2.87959,4.34219,0.00884105,0.00219938,-0.124544,0.391578,0,0,0
19.6544,2,-0.495056,2.86715,6.73874,-0.156935,-0.00207161,-0.0117717,0.38074,0,0,0
19.6544,3,0,0,0,0,0,0,0,0,0,0
19.6544,4,0,0,0,0,0,0,0,0,0,0
19.6544,5,0,0,0,0,0,0,0,0,0,0
19.7062,0,-1.46124,2.86897,3.65782,-0.0629337,-0.000180367,-0.0783396,0.397298,0,0,0
19.7062,1,1.76465,2.87859,4.33508,0.00575561,-0.00102936,-0.137775,0.391578,0,0,0
19.7062,2,-0.499444,2.86723,6.73866,-0.149697,-0.00240405,-0.00393328,0.384439,0,0,0
19.7062,3,0,0,0,0,0,0,0,0,0,0
19.7062,4,0,0,0,0,0,0,0,0,0,0
19.7062,5,0,0,0,0,0,0,0,0,0,0
19.7589,0,-1.45901,2.86923,3.6538,-0.0442389,-5.25047e-06,-0.0928654,0.400324,0,0,0
19.7589,1,1.7595,2.87907,4.32707,-0.0120023,0.00143754,-0.144922,0.387495,0,0,0
19.7589,2,-0.503611,2.86728,6.73904,-0.142887,-0.00264794,0.00425483,0.384439,0,0,0
19.7589,3,0,0,0,0,0,0,0,0,0,0
19.7589,4,0,0,0,0,0,0,0,0,0,0
19.7589,5,0,0,0,0,0,0,0,0,0,0
19.8095,0,-1.45587,2.86879,3.64862,-0.0250966,-0.0023702,-0.101824,0.400952,0,0,0
19.8095,1,1.75691,2.87896,4.32012,-0.0191691,0.00163348,-0.145453,0.387495,0,0,0
19.8095,2,-0.509954,2.86803,6.74037,-0.144822,-6.79577e-05,0.00769717,0.389558,0,0,0
19.8095,3,0,0,0,0,0,0,0,0,0,0
19.8095,4,0,0,0,0,0,0,0,0,0,0
19.8095,5,0,0,0,0,0,0,0,0,0,0
19.8676,0,-1.45376,2.86779,3.64446,-0.0132161,-0.00615489,-0.105502,0.400952,0,0,0
19.8676,1,1.7529,2.87857,4.31242,-0.0299325,0.00102475,-0.141614,0.383065,0,0,0
19.8676,2,-0.512467,2.86828,6.74178,-0.134526,0.000256961,0.015879,0.389558,0,0,0
19.8676,3,0,0,0,0,0,0,0,0,0,0
19.8676,4,0,0,0,0,0,0,0,0,0,0
19.8676,5,0,0,0,0,0,0,0,0,0,0
19.9203,0,-1.44672,2.86932,3.63784,0.0128766,-0.00208374,-0.108534,0.399727,0,0,0
19.9203,1,1.74996,2.87809,4.30545,-0.0353729,-0.000336242,-0.132396,0.383065,0,0,0
19.9203,2,-0.507825,2.86691,6.74341,-0.100515,-0.00606884,0.0236098,0.391705,0,0,0
19.9203,3,0,0,0,0,0,0,0,0,0,0
19.9203,4,0,0,0,0,0,0,0,0,0,0
19.9203,5,0,0,0,0,0,0,0,0,0,0
19.9782,0,-1.44032,2.86946,3.63135,0.0341521,-0.0022805,-0.106831,0.399727,0,0,0
19.9782,1,1.74676,2.87794,4.29872,-0.0406011,-0.000421738,-0.110791,0.381366,0,0,0
19.9782,2,-0.510914,2.86874,6.74492,-0.0963803,0.000164994,0.0268101,0.391705,0,0,0
19.9782,3,0,0,0,0,0,0,0,0,0,0
19.9782,4,0,0,0,0,0,0,0,0,0,0
19.9782,5,0,0,0,0,0,0,0,0,0,0
20.0411,0,-1.43515,2.8703,3.62601,0.0476761,0.000575006,-0.103018,0.397756,0,0,0
20.0411,1,1.74361,2.87811,4.29448,-0.0455707,0.000639755,-0.0891796,0.381366,0,0,0
20.0411,2,-0.501089,2.86697,6.74463,-0.049452,-0.00816084,0.030207,0.390622,0,0,0
20.0411,3,0,0,0,0,0,0,0,0,0,0
20.0411,4,0,0,0,0,0,0,0,0,0,0
20.0411,5,0,0,0,0,0,0,0,0,0,0
20.0912,0,-1.42842,2.87032,3.62084,0.0648643,-0.000352042,-0.0978356,0.397756,0,0,0
20.0912,1,1.74087,2.87766,4.29071,-0.0489862,-0.000740668,-0.0466653,0.377314,0,0,0
20.0912,2,-0.494369,2.86838,6.74661,-0.0179236,-0.00438595,0.0313241,0.390622,0,0,0
20.0912,3,0,0,0,0,0,0,0,0,0,0
20.0912,4,0,0,0,0,0,0,0,0,0,0
20.0912,5,0,0,0,0,0,0,0,0,0,0
20.1494,0,-1.42211,2.87104,3.61667,0.0775728,0.00165639,-0.0924245,0.393734,0,0,0
20.1494,1,1.73979,2.87734,4.28953,-0.046395,-0.00193593,-0.011361,0.377314,0,0,0
20.1494,2,-0.493151,2.87017,6.74814,-0.0102184,0.0015876,0.0304096,0.391426,0,0,0
20.1494,3,0,0,0,0,0,0,0,0,0,0
20.1494,4,0,0,0,0,0,0,0,0,0,0
20.1494,5,0,0,0,0,0,0,0,0,0,0
20.2016,0,-1.41644,2.87122,3.61212,0.0859614,0.00161092,-0.0848335,0.393734,0,0,0
20.2016,1,1.73793,2.87738,4.29,-0.0470886,-0.00147948,0.024757,0.374674,0,0,0
20.2016,2,-0.483957,2.86996,6.7498,0.0219056,-0.000174988,0.0285414,0.391426,0,0,0
20.2016,3,0,0,0,0,0,0,0,0,0,0
20.2016,4,0,0,0,0,0,0,0,0,0,0
20.2016,5,0,0,0,0,0,0,0,0,0,0
20.2575,0,-1.4101,2.87138,3.6078,0.0952451,0.00105307,-0.066097,0.393734,0,0,0
20.2575,1,1.73693,2.87709,4.29512,-0.0440929,-0.00238479,0.0575599,0.374674,0,0,0
20.2575,2,-0.473116,2.87016,6.75116,0.0557613,-0.000451799,0.0265558,0.388772,0,0,0
20.2575,3,0,0,0,0,0,0,0,0,0,0
20.2575,4,0,0,0,0,0,0,0,0,0,0
20.2575,5,0,0,0,0,0,0,0,0,0,0
20.3076,0,-1.4042,2.8719,3.60435,0.100172,0.00243481,-0.0639627,0.390759,0,0,0
20.3076,1,1.73693,2.87709,4.29512,-0.0440929,-0.00238479,0.0575599,0.370648,0,0,0
20.3076,2,-0.462405,2.87007,6.75376,0.0861524,-0.00273967,0.0241648,0.388772,0,0,0
20.3076,3,0,0,0,0,0,0,0,0,0,0
20.3076,4,0,0,0,0,0,0,0,0,0,0
20.3076,5,0,0,0,0,0,0,0,0,0,0
20.368,0,-1.40227,2.87253,3.60405,0.0939545,0.00478345,-0.0174281,0.390759,0,0,0
20.368,1,1.73711,2.8771,4.29887,-0.0372054,-0.00233491,0.0828056,0.370648,0,0,0
20.368,2,-0.45388,2.87089,6.75492,0.104185,-0.000564681,0.0192043,0.38804,0,0,0
20.368,3,0,0,0,0,0,0,0,0,0,0
20.368,4,0,0,0,0,0,0,0,0,0,0
20.368,5,0,0,0,0,0,0,0,0,0,0
20.431,0,-1.39825,2.87224,3.60417,0.0955745,0.00302652,0.00391163,0.387685,0,0,0
20.431,1,1.73545,2.87713,4.30378,-0.0377043,-0.00189078,0.0909788,0.367426,0,0,0
20.431,2,-0.444617,2.87122,6.75573,0.122501,-0.000753645,0.0147302,0.38804,0,0,0
20.431,3,0,0,0,0,0,0,0,0,0,0
20.431,4,0,0,0,0,0,0,0,0,0,0
20.431,5,0,0,0,0,0,0,0,0,0,0
20.4812,0,-1.39519,2.87293,3.60511,0.0926844,0.00519528,0.0228816,0.387685,0,0,0
20.4812,1,1.73867,2.87686,4.30933,-0.0217062,-0.00315073,0.0961861,0.367426,0,0,0
20.4812,2,-0.437689,2.87247,6.75594,0.12801,0.00328061,0.00964815,0.386073,0,0,0
20.4812,3,0,0,0,0,0,0,0,0,0,0
20.4812,4,0,0,0,0,0,0,0,0,0,0
20.4812,5,0,0,0,0,0,0,0,0,0,0
20.539,0,-1.3945,2.87246,3.60905,0.0825364,0.00340329,0.0624884,0.381901,0,0,0
20.539,1,1.74039,2.8771,4.30989,-0.0119918,-0.00228154,0.0952408,0.371147,0,0,0
20.539,2,-0.429488,2.87264,6.75643,0.137999,0.00264444,0.0057667,0.386073,0,0,0
20.539,3,0,0,0,0,0,0,0,0,0,0
20.539,4,0,0,0,0,0,0,0,0,0,0
20.539,5,0,0,0,0,0,0,0,0,0,0
20.5955,0,-1.39044,2.87246,3.61298,0.0846982,0.00290697,0.0695512,0.381901,0,0,0
20.5955,1,1.74218,2.8775,4.31603,-0.00343121,-0.000848893,0.0919719,0.371147,0,0,0
20.5955,2,-0.421614,2.87307,6.75669,0.144146,0.00333925,-0.000528544,0.384532,0,0,0
20.5955,3,0,0,0,0,0,0,0,0,0,0
20.5955,4,0,0,0,0,0,0,0,0,0,0
20.5955,5,0,0,0,0,0,0,0,0,0,0
20.6465,0,-1.39662,2.87341,3.61791,0.0525763,0.00684718,0.0854214,0.372989,0,0,0
20.6465,1,1.74418,2.87713,4.32018,0.00469798,-0.00226518,0.0898968,0.37323,0,0,0
20.6465,2,-0.415496,2.87348,6.75652,0.14379,0.00420105,-0.0120454,0.384532,0,0,0
20.6465,3,0,0,0,0,0,0,0,0,0,0
20.6465,4,0,0,0,0,0,0,0,0,0,0
20.6465,5,0,0,0,0,0,0,0,0,0,0
20.6967,0,-1.39903,2.87411,3.62194,0.0369408,0.00898533,0.0882731,0.372989,0,0,0
20.6967,1,1.74587,2.87755,4.32371,0.0104635,-0.000547325,0.0859211,0.37323,0,0,0
20.6967,2,-0.409855,2.87402,6.75611,0.142431,0.00559063,-0.0220161,0.383671,0,0,0
20.6967,3,0,0,0,0,0,0,0,0,0,0
20.6967,4,0,0,0,0,0,0,0,0,0,0
20.6967,5,0,0,0,0,0,0,0,0,0,0
20.7523,0,-1.40376,2.87334,3.62646,0.0142261,0.00650372,0.0883099,0.372999,0,0,0
20.7523,1,1.7489,2.87747,4.32952,0.0201209,-0.00113012,0.0815121,0.376659,0,0,0
20.7523,2,-0.407321,2.87392,6.75451,0.129096,0.00516722,-0.0307014,0.383671,0,0,0
20.7523,3,0,0,0,0,0,0,0,0,0,0
20.7523,4,0,0,0,0,0,0,0,0,0,0
20.7523,5,0,0,0,0,0,0,0,0,0,0
20.8118,0,-1.40769,2.87303,3.63024,-0.00270093,0.00536758,0.0865372,0.373933,0,0,0
20.8118,1,1.75135,2.87717,4.33392,0.0261648,-0.00220819,0.0779382,0.376659,0,0,0
20.8118,2,-0.407321,2.87392,6.75451,0.129096,0.00516722,-0.0307014,0.380881,0,0,0
20.8118,3,0,0,0,0,0,0,0,0,0,0
20.8118,4,0,0,0,0,0,0,0,0,0,0
20.8118,5,0,0,0,0,0,0,0,0,0,0
20.8689,0,-1.41293,2.87169,3.63556,-0.0214546,0.000702316,0.0817154,0.373933,0,0,0
20.8689,1,1.75294,2.87784,4.33749,0.0280933,0.000510752,0.0742979,0.379811,0,0,0
20.8689,2,-0.401045,2.87405,6.75129,0.109814,0.00485179,-0.0381683,0.380881,0,0,0
20.8689,3,0,0,0,0,0,0,0,0,0,0
20.8689,4,0,0,0,0,0,0,0,0,0,0
20.8689,5,0,0,0,0,0,0,0,0,0,0
20.9192,0,-1.41894,2.87284,3.63919,-0.0406693,0.0054741,0.0786241,0.376841,0,0,0
20.9192,1,1.75549,2.87761,4.34111,0.0334541,-0.000463349,0.0714965,0.379811,0,0,0
20.9192,2,-0.400477,2.87457,6.74965,0.0948722,0.00674826,-0.0378635,0.377193,0,0,0
20.9192,3,0,0,0,0,0,0,0,0,0,0
20.9192,4,0,0,0,0,0,0,0,0,0,0
20.9192,5,0,0,0,0,0,0,0,0,0,0
20.9694,0,-1.42482,2.87317,3.64348,-0.0564141,0.00674298,0.0744325,0.376841,0,0,0
20.9694,1,1.75985,2.87771,4.3443,0.0388721,-1.80566e-05,0.0693298,0.379811,0,0,0
20.9694,2,-0.400477,2.87457,6.74965,0.0948722,0.00674826,-0.0378635,0.377193,0,0,0
20.9694,3,0,0,0,0,0,0,0,0,0,0
20.9694,4,0,0,0,0,0,0,0,0,0,0
20.9694,5,0,0,0,0,0,0,0,0,0,0
21.0208,0,-1.43061,2.87248,3.64721,-0.0693079,0.00403854,0.0702941,0.376841,0,0,0
21.0208,1,1.76038,2.87758,4.34851,0.040898,-0.00053569,0.0670724,0.38608,0,0,0
21.0208,2,-0.401901,2.87469,6.74737,0.074894,0.00715598,-0.0360628,0.37334,0,0,0
21.0208,3,0,0,0,0,0,0,0,0,0,0
21.0208,4,0,0,0,0,0,0,0,0,0,0
21.0208,5,0,0,0,0,0,0,0,0,0,0
21.0722,0,-1.43499,2.87204,3.65011,-0.0752241,0.00223386,0.0685249,0.381169,0,0,0
21.0722,1,1.76259,2.87766,4.35433,0.0427633,-0.000117603,0.0636955,0.38608,0,0,0
21.0722,2,-0.405651,2.87327,6.74528,0.0499293,0.00238039,-0.0330093,0.37334,0,0,0
21.0722,3,0,0,0,0,0,0,0,0,0,0
21.0722,4,0,0,0,0,0,0,0,0,0,0
21.0722,5,0,0,0,0,0,0,0,0,0,0
21.1223,0,-1.43929,2.87151,3.65385,-0.079874,0.000264187,0.0659164,0.384314,0,0,0
21.1223,1,1.76487,2.87753,4.3579,0.0443479,-0.000505854,0.0614801,0.388154,0,0,0
21.1223,2,-0.409545,2.87455,6.74347,0.0273471,0.00745768,-0.0319627,0.37009,0,0,0
21.1223,3,0,0,0,0,0,0,0,0,0,0
21.1223,4,0,0,0,0,0,0,0,0,0,0
21.1223,5,0,0,0,0,0,0,0,0,0,0
21.1779,0,-1.44516,2.8718,3.65752,-0.089392,0.00174365,0.0640425,0.384314,0,0,0
21.1779,1,1.76663,2.87747,4.36028,0.0441782,-0.000559859,0.0503433,0.391918,0,0,0
21.1779,2,-0.413141,2.87535,6.74275,0.00988297,0.0102277,-0.0288623,0.37009,0,0,0
21.1779,3,0,0,0,0,0,0,0,0,0,0
21.1779,4,0,0,0,0,0,0,0,0,0,0
21.1779,5,0,0,0,0,0,0,0,0,0,0
21.2456,0,-1.44966,2.87133,3.6608,-0.0918424,-0.000107141,0.0616723,0.388972,0,0,0
21.2456,1,1.76797,2.87752,4.36068,0.0416029,-0.000120429,0.0101414,0.391918,0,0,0
21.2456,2,-0.419782,2.87371,6.74324,-0.0142232,0.00491239,-0.0241191,0.370959,0,0,0
21.2456,3,0,0,0,0,0,0,0,0,0,0
21.2456,4,0,0,0,0,0,0,0,0,0,0
21.2456,5,0,0,0,0,0,0,0,0,0,0
21.2972,0,-1.45409,2.87133,3.66429,-0.0926426,-0.000193641,0.0529127,0.388972,0,0,0
21.2972,1,1.76948,2.87739,4.3603,0.0404218,-0.000457968,-0.00599054,0.39476,0,0,0
21.2972,2,-0.429153,2.87569,6.74159,-0.0460346,0.0132074,-0.0217145,0.370959,0,0,0
21.2972,3,0,0,0,0,0,0,0,0,0,0
21.2972,4,0,0,0,0,0,0,0,0,0,0
21.2972,5,0,0,0,0,0,0,0,0,0,0
21.3474,0,-1.45409,2.87133,3.66429,-0.0926426,-0.000193641,0.0529127,0.390781,0,0,0
21.3474,1,1.76961,2.87725,4.3595,0.0339703,-0.000560968,-0.0370066,0.39476,0,0,0
21.3474,2,-0.435199,2.87267,6.7404,-0.0605816,0.00131848,-0.0212602,0.370329,0,0,0
21.3474,3,0,0,0,0,0,0,0,0,0,0
21.3474,4,0,0,0,0,0,0,0,0,0,0
21.3474,5,0,0,0,0,0,0,0,0,0,0
21.4079,0,-1.45932,2.87122,3.66631,-0.096824,-0.000561523,0.0460205,0.390781,0,0,0
21.4079,1,1.76964,2.87707,4.35259,0.0276889,-0.000882334,-0.0774722,0.39476,0,0,0
21.4079,2,-0.443047,2.87259,6.73929,-0.080477,0.00163684,-0.0208245,0.370329,0,0,0
21.4079,3,0,0,0,0,0,0,0,0,0,0
21.4079,4,0,0,0,0,0,0,0,0,0,0
21.4079,5,0,0,0,0,0,0,0,0,0,0
21.4709,0,-1.46203,2.87138,3.66876,-0.0778246,-0.000629375,-0.00540088,0.3931,0,0,0
21.4709,1,1.77009,2.87717,4.3458,0.0204594,-4.10949e-05,-0.110679,0.395285,0,0,0
21.4709,2,-0.45558,2.87269,6.73816,-0.112411,0.0033497,-0.0205002,0.372002,0,0,0
21.4709,3,0,0,0,0,0,0,0,0,0,0
21.4709,4,0,0,0,0,0,0,0,0,0,0
21.4709,5,0,0,0,0,0,0,0,0,0,0
21.5309,0,-1.46309,2.87139,3.66782,-0.0673024,-0.00101085,-0.0326122,0.3931,0,0,0
21.5309,1,1.76827,2.87675,4.33901,0.0117764,-0.00104586,-0.13183,0.394921,0,0,0
21.5309,2,-0.464688,2.87344,6.73714,-0.130735,0.00439645,-0.0207154,0.372002,0,0,0
21.5309,3,0,0,0,0,0,0,0,0,0,0
21.5309,4,0,0,0,0,0,0,0,0,0,0
21.5309,5,0,0,0,0,0,0,0,0,0,0
21.5911,0,-1.4627,2.87142,3.66528,-0.0536238,-0.00145049,-0.058913,0.396536,0,0,0
21.5911,1,1.76568,2.87683,4.33171,0.00170984,-0.000353334,-0.145059,0.394921,0,0,0
21.5911,2,-0.47392,2.87275,6.73626,-0.145034,0.00180283,-0.0211018,0.374566,0,0,0
21.5911,3,0,0,0,0,0,0,0,0,0,0
21.5911,4,0,0,0,0,0,0,0,0,0,0
21.5911,5,0,0,0,0,0,0,0,0,0,0
21.6439,0,-1.46141,2.8712,3.66202,-0.039593,-0.00281253,-0.0778278,0.396536,0,0,0
21.6439,1,1.76125,2.87741,4.32514,-0.0129995,0.00231301,-0.145765,0.389464,0,0,0
21.6439,2,-0.481879,2.87201,6.73541,-0.152256,-0.000794001,-0.0174617,0.374566,0,0,0
21.6439,3,0,0,0,0,0,0,0,0,0,0
21.6439,4,0,0,0,0,0,0,0,0,0,0
21.6439,5,0,0,0,0,0,0,0,0,0,0
21.6941,0,-1.45821,2.87116,3.65741,-0.0212326,-0.00373096,-0.0920103,0.398178,0,0,0
21.6941,1,1.75963,2.87687,4.32037,-0.0164027,0.000424301,-0.14439,0.389464,0,0,0
21.6941,2,-0.48811,2.87125,6.73502,-0.151048,-0.00357641,-0.0146823,0.377384,0,0,0
21.6941,3,0,0,0,0,0,0,0,0,0,0
21.6941,4,0,0,0,0,0,0,0,0,0,0
21.6941,5,0,0,0,0,0,0,0,0,0,0
21.7573,0,-1.45486,2.87076,3.65233,-0.00556596,-0.00575545,-0.101541,0.398178,0,0,0
21.7573,1,1.75781,2.87593,4.31087,-0.0199038,-0.00239999,-0.149393,0.388147,0,0,0
21.7573,2,-0.493555,2.87088,6.73491,-0.147576,-0.00481978,-0.00594361,0.377384,0,0,0
21.7573,3,0,0,0,0,0,0,0,0,0,0
21.7573,4,0,0,0,0,0,0,0,0,0,0
21.7573,5,0,0,0,0,0,0,0,0,0,0
21.813,0,-1.44871,2.87145,3.64713,0.0165246,-0.00423405,-0.10777,0.398007,0,0,0
21.813,1,1.75392,2.87661,4.30288,-0.0298593,0.000373656,-0.14346,0.388147,0,0,0
21.813,2,-0.496974,2.87091,6.73552,-0.138923,-0.00488613,0.00456844,0.380614,0,0,0
21.813,3,0,0,0,0,0,0,0,0,0,0
21.813,4,0,0,0,0,0,0,0,0,0,0
21.813,5,0,0,0,0,0,0,0,0,0,0
21.8643,0,-1.44684,2.87219,3.64199,0.020337,-0.00147365,-0.109977,0.398007,0,0,0
21.8643,1,1.75056,2.87582,4.30273,-0.0366066,-0.00191414,-0.128592,0.382448,0,0,0
21.8643,2,-0.504147,2.87151,6.73759,-0.140342,-0.00188095,0.0133665,0.380614,0,0,0
21.8643,3,0,0,0,0,0,0,0,0,0,0
21.8643,4,0,0,0,0,0,0,0,0,0,0
21.8643,5,0,0,0,0,0,0,0,0,0,0
21.9152,0,-1.44684,2.87219,3.64199,0.020337,-0.00147365,-0.109977,0.397342,0,0,0
21.9152,1,1.74601,2.8766,4.29622,-0.0462095,0.00105129,-0.113303,0.382448,0,0,0
21.9152,2,-0.506572,2.87098,6.73886,-0.128538,-0.004261,0.0205436,0.384919,0,0,0
21.9152,3,0,0,0,0,0,0,0,0,0,0
21.9152,4,0,0,0,0,0,0,0,0,0,0
21.9152,5,0,0,0,0,0,0,0,0,0,0
21.9653,0,-1.44146,2.8725,3.63692,0.0345924,-0.00056628,-0.10973,0.397342,0,0,0
21.9653,1,1.74266,2.87629,4.29111,-0.0502628,0.000221755,-0.0851034,0.377112,0,0,0
21.9653,2,-0.506612,2.87171,6.73914,-0.109201,-0.00221394,0.026426,0.384919,0,0,0
21.9653,3,0,0,0,0,0,0,0,0,0,0
21.9653,4,0,0,0,0,0,0,0,0,0,0
21.9653,5,0,0,0,0,0,0,0,0,0,0
22.0258,0,-1.42929,2.87393,3.62563,0.0638703,0.00242475,-0.105478,0.393676,0,0,0
22.0258,1,1.73989,2.876,4.287,-0.0530402,-0.000610579,-0.0428129,0.377112,0,0,0
22.0258,2,-0.505623,2.8714,6.74052,-0.0881239,-0.00389946,0.030442,0.38721,0,0,0
22.0258,3,0,0,0,0,0,0,0,0,0,0
22.0258,4,0,0,0,0,0,0,0,0,0,0
22.0258,5,0,0,0,0,0,0,0,0,0,0
22.0786,0,-1.42091,2.87284,3.62029,0.0829501,-0.00183062,-0.100368,0.393676,0,0,0
22.0786,1,1.73875,2.8758,4.28568,-0.0499715,-0.00147089,-0.011867,0.374557,0,0,0
22.0786,2,-0.500705,2.87251,6.74302,-0.0563939,-0.00102738,0.0330707,0.38721,0,0,0
22.0786,3,0,0,0,0,0,0,0,0,0,0
22.0786,4,0,0,0,0,0,0,0,0,0,0
22.0786,5,0,0,0,0,0,0,0,0,0,0
22.1405,0,-1.41478,2.87462,3.61446,0.0920651,0.00373835,-0.0956644,0.390439,0,0,0
22.1405,1,1.73733,2.87559,4.28598,-0.0484044,-0.00212843,0.0179063,0.374557,0,0,0
22.1405,2,-0.495551,2.87283,6.74515,-0.0280507,-0.000689273,0.0336665,0.388903,0,0,0
22.1405,3,0,0,0,0,0,0,0,0,0,0
22.1405,4,0,0,0,0,0,0,0,0,0,0
22.1405,5,0,0,0,0,0,0,0,0,0,0
22.2008,0,-1.40773,2.87393,3.60585,0.10194,0.00125747,-0.089607,0.390439,0,0,0
22.2008,1,1.73674,2.87537,4.28797,-0.0434908,-0.00296511,0.048841,0.373102,0,0,0
22.2008,2,-0.489729,2.87132,6.74662,-0.00145882,-0.00709398,0.0326941,0.388903,0,0,0
22.2008,3,0,0,0,0,0,0,0,0,0,0
22.2008,4,0,0,0,0,0,0,0,0,0,0
22.2008,5,0,0,0,0,0,0,0,0,0,0
22.2586,0,-1.40409,2.87444,3.60262,0.0989726,0.00312216,-0.0704149,0.39036,0,0,0
22.2586,1,1.73676,2.87528,4.29114,-0.037541,-0.00334544,0.0720682,0.373102,0,0,0
22.2586,2,-0.481793,2.87224,6.74871,0.0284047,-0.00434038,0.0297246,0.388675,0,0,0
22.2586,3,0,0,0,0,0,0,0,0,0,0
22.2586,4,0,0,0,0,0,0,0,0,0,0
22.2586,5,0,0,0,0,0,0,0,0,0,0
22.3189,0,-1.40409,2.87444,3.60262,0.0989726,0.00312216,-0.0704149,0.39036,0,0,0
22.3189,1,1.73803,2.87558,4.29636,-0.027999,-0.00255814,0.0886293,0.371356,0,0,0
22.3189,2,-0.478925,2.87338,6.7502,0.0353269,-0.000424127,0.0269404,0.388675,0,0,0
22.3189,3,0,0,0,0,0,0,0,0,0,0
22.3189,4,0,0,0,0,0,0,0,0,0,0
22.3189,5,0,0,0,0,0,0,0,0,0,0
22.3818,0,-1.39943,2.87424,3.60156,0.101112,0.00196449,-0.0482927,0.387405,0,0,0
22.3818,1,1.73893,2.8753,4.30075,-0.0204297,-0.0036099,0.0952591,0.371356,0,0,0
22.3818,2,-0.469252,2.87571,6.75127,0.0633866,0.00760314,0.0226045,0.38933,0,0,0
22.3818,3,0,0,0,0,0,0,0,0,0,0
22.3818,4,0,0,0,0,0,0,0,0,0,0
22.3818,5,0,0,0,0,0,0,0,0,0,0
22.4345,0,-1.39402,2.87394,3.60143,0.106737,0.000434275,-0.00563318,0.387405,0,0,0
22.4345,1,1.74055,2.8754,4.30565,-0.0118146,-0.00326804,0.0970555,0.371431,0,0,0
22.4345,2,-0.457516,2.87348,6.75224,0.0977493,-0.00278839,0.0190687,0.38933,0,0,0
22.4345,3,0,0,0,0,0,0,0,0,0,0
22.4345,4,0,0,0,0,0,0,0,0,0,0
22.4345,5,0,0,0,0,0,0,0,0,0,0
22.4904,0,-1.39082,2.8742,3.60225,0.102895,0.00149055,0.00776853,0.380853,0,0,0
22.4904,1,1.74218,2.876,4.31011,-0.00409755,-0.00120862,0.0955682,0.371431,0,0,0
22.4904,2,-0.44886,2.87453,6.75321,0.115383,0.000724065,0.0146122,0.386159,0,0,0
22.4904,3,0,0,0,0,0,0,0,0,0,0
22.4904,4,0,0,0,0,0,0,0,0,0,0
22.4904,5,0,0,0,0,0,0,0,0,0,0
22.5467,0,-1.38862,2.87466,3.60472,0.0958418,0.00323263,0.0436388,0.380853,0,0,0
22.5467,1,1.74427,2.87581,4.31511,0.00436001,-0.00215931,0.0920345,0.372873,0,0,0
22.5467,2,-0.435048,2.87456,6.75392,0.131386,0.000351471,0.011429,0.386159,0,0,0
22.5467,3,0,0,0,0,0,0,0,0,0,0
22.5467,4,0,0,0,0,0,0,0,0,0,0
22.5467,5,0,0,0,0,0,0,0,0,0,0
22.5994,0,-1.38893,2.87389,3.60825,0.0813204,0.000856754,0.0677312,0.375252,0,0,0
22.5994,1,1.74645,2.87595,4.31919,0.011752,-0.00179171,0.0884422,0.372873,0,0,0
22.5994,2,-0.427659,2.87513,6.75459,0.138637,0.00190915,0.00678126,0.383645,0,0,0
22.5994,3,0,0,0,0,0,0,0,0,0,0
22.5994,4,0,0,0,0,0,0,0,0,0,0
22.5994,5,0,0,0,0,0,0,0,0,0,0
22.6546,0,-1.38999,2.87446,3.61269,0.0645751,0.00333888,0.0817574,0.375252,0,0,0
22.6546,1,1.74867,2.87602,4.32357,0.0182668,-0.00161668,0.0841003,0.375625,0,0,0
22.6546,2,-0.42008,2.87516,6.75485,0.145663,0.0016426,0.000920686,0.383645,0,0,0
22.6546,3,0,0,0,0,0,0,0,0,0,0
22.6546,4,0,0,0,0,0,0,0,0,0,0
22.6546,5,0,0,0,0,0,0,0,0,0,0
22.711,0,-1.3921,2.87559,3.61717,0.046882,0.00784103,0.0887093,0.371239,0,0,0
22.711,1,1.7513,2.87601,4.32857,0.0248452,-0.00182307,0.0796365,0.375625,0,0,0
22.711,2,-0.420949,2.87516,6.75501,0.142276,0.00171594,-0.00856481,0.382774,0,0,0
22.711,3,0,0,0,0,0,0,0,0,0,0
22.711,4,0,0,0,0,0,0,0,0,0,0
22.711,5,0,0,0,0,0,0,0,0,0,0
22.7665,0,-1.39593,2.87472,3.62183,0.0253686,0.00493261,0.0913319,0.371239,0,0,0
22.7665,1,1.75392,2.87607,4.33223,0.0302982,-0.00161367,0.0757821,0.379155,0,0,0
22.7665,2,-0.415351,2.87513,6.75427,0.141232,0.00150259,-0.0193973,0.382774,0,0,0
22.7665,3,0,0,0,0,0,0,0,0,0,0
22.7665,4,0,0,0,0,0,0,0,0,0,0
22.7665,5,0,0,0,0,0,0,0,0,0,0
22.8246,0,-1.3997,2.87353,3.62798,0.00769184,0.00104649,0.0956278,0.369436,0,0,0
22.8246,1,1.75599,2.87651,4.33596,0.0333815,-1.2078e-05,0.0722887,0.379155,0,0,0
22.8246,2,-0.408126,2.87521,6.75353,0.146089,0.00145938,-0.0225305,0.381406,0,0,0
22.8246,3,0,0,0,0,0,0,0,0,0,0
22.8246,4,0,0,0,0,0,0,0,0,0,0
22.8246,5,0,0,0,0,0,0,0,0,0,0
22.8751,0,-1.4065,2.87464,3.63325,-0.0191308,0.00636389,0.0912074,0.369436,0,0,0
22.8751,1,1.75841,2.87651,4.33988,0.037109,0.000226089,0.06999,0.38299,0,0,0
22.8751,2,-0.410735,2.8758,6.75257,0.114315,0.00411875,-0.0289257,0.381406,0,0,0
22.8751,3,0,0,0,0,0,0,0,0,0,0
22.8751,4,0,0,0,0,0,0,0,0,0,0
22.8751,5,0,0,0,0,0,0,0,0,0,0
22.9276,0,-1.41201,2.87347,3.63576,-0.0369695,0.00210544,0.0797254,0.373646,0,0,0
22.9276,1,1.76089,2.87644,4.34317,0.0406859,-0.0002279,0.0679283,0.38299,0,0,0
22.9276,2,-0.402092,2.87543,6.75241,0.110452,0.00233536,-0.035141,0.379256,0,0,0
22.9276,3,0,0,0,0,0,0,0,0,0,0
22.9276,4,0,0,0,0,0,0,0,0,0,0
22.9276,5,0,0,0,0,0,0,0,0,0,0
22.9816,0,-1.41672,2.87321,3.64036,-0.0496225,0.00130892,0.0806049,0.373646,0,0,0
22.9816,1,1.76239,2.8767,4.3467,0.039916,0.000812676,0.0671527,0.387206,0,0,0
22.9816,2,-0.400198,2.87521,6.75069,0.101155,0.00173674,-0.0374904,0.379256,0,0,0
22.9816,3,0,0,0,0,0,0,0,0,0,0
22.9816,4,0,0,0,0,0,0,0,0,0,0
22.9816,5,0,0,0,0,0,0,0,0,0,0
23.0419,0,-1.42452,2.8732,3.64307,-0.0701175,0.00223863,0.0696571,0.378824,0,0,0
23.0419,1,1.76486,2.8764,4.34957,0.0422788,0.000752139,0.0653785,0.387206,0,0,0
23.0419,2,-0.403589,2.87473,6.74892,0.0890296,0.00035926,-0.0373859,0.376538,0,0,0
23.0419,3,0,0,0,0,0,0,0,0,0,0
23.0419,4,0,0,0,0,0,0,0,0,0,0
23.0419,5,0,0,0,0,0,0,0,0,0,0
23.0979,0,-1.43075,2.87343,3.64748,-0.0828118,0.00350613,0.0703762,0.378824,0,0,0
23.0979,1,1.76715,2.8765,4.35345,0.0441341,0.000894788,0.0598816,0.390688,0,0,0
23.0979,2,-0.400076,2.87546,6.74736,0.0750792,0.00294211,-0.035653,0.376538,0,0,0
23.0979,3,0,0,0,0,0,0,0,0,0,0
23.0979,4,0,0,0,0,0,0,0,0,0,0
23.0979,5,0,0,0,0,0,0,0,0,0,0
23.1541,0,-1.43564,2.87266,3.65037,-0.0886233,0.000655255,0.0629155,0.383352,0,0,0
23.1541,1,1.76859,2.87663,4.35639,0.0427281,0.00132275,0.0460503,0.390688,0,0,0
23.1541,2,-0.407306,2.87646,6.74561,0.039891,0.00778101,-0.0320274,0.373208,0,0,0
23.1541,3,0,0,0,0,0,0,0,0,0,0
23.1541,4,0,0,0,0,0,0,0,0,0,0
23.1541,5,0,0,0,0,0,0,0,0,0,0
23.2146,0,-1.44149,2.8726,3.65369,-0.0970487,0.000861235,0.0626234,0.383352,0,0,0
23.2146,1,1.77023,2.87674,4.35822,0.0416185,0.00228724,0.0216892,0.394036,0,0,0
23.2146,2,-0.414895,2.87688,6.74366,0.00720524,0.0107671,-0.0286091,0.373208,0,0,0
23.2146,3,0,0,0,0,0,0,0,0,0,0
23.2146,4,0,0,0,0,0,0,0,0,0,0
23.2146,5,0,0,0,0,0,0,0,0,0,0
23.2785,0,-1.44626,2.87224,3.65702,-0.0994565,-0.000368267,0.060979,0.388241,0,0,0
23.2785,1,1.77104,2.87686,4.35852,0.0377344,0.00264616,-0.0057618,0.394036,0,0,0
23.2785,2,-0.419778,2.87217,6.74126,-0.00973673,-0.00522949,-0.0257411,0.37082,0,0,0
23.2785,3,0,0,0,0,0,0,0,0,0,0
23.2785,4,0,0,0,0,0,0,0,0,0,0
23.2785,5,0,0,0,0,0,0,0,0,0,0
23.3287,0,-1.45058,2.87197,3.66023,-0.100758,-0.00128935,0.0579979,0.388241,0,0,0
23.3287,1,1.77256,2.87659,4.35745,0.0366048,0.00149448,-0.0411837,0.396391,0,0,0
23.3287,2,-0.433748,2.87474,6.73945,-0.0529206,0.00415668,-0.0226908,0.37082,0,0,0
23.3287,3,0,0,0,0,0,0,0,0,0,0
23.3287,4,0,0,0,0,0,0,0,0,0,0
23.3287,5,0,0,0,0,0,0,0,0,0,0
23.3789,0,-1.45231,2.87174,3.66138,-0.0927055,-0.00253292,0.0416006,0.390861,0,0,0
23.3789,1,1.77231,2.87632,4.35483,0.0297507,0.00068557,-0.070089,0.396391,0,0,0
23.3789,2,-0.436916,2.87581,6.73895,-0.0640759,0.00826444,-0.0210091,0.369158,0,0,0
23.3789,3,0,0,0,0,0,0,0,0,0,0
23.3789,4,0,0,0,0,0,0,0,0,0,0
23.3789,5,0,0,0,0,0,0,0,0,0,0
23.4291,0,-1.45658,2.8721,3.66166,-0.0945378,-0.00079712,0.0298544,0.390861,0,0,0
23.4291,1,1.76988,2.87671,4.34535,0.0164476,0.00219884,-0.108839,0.397825,0,0,0
23.4291,2,-0.44297,2.87301,6.73813,-0.0745691,-0.00522126,-0.0181619,0.369158,0,0,0
23.4291,3,0,0,0,0,0,0,0,0,0,0
23.4291,4,0,0,0,0,0,0,0,0,0,0
23.4291,5,0,0,0,0,0,0,0,0,0,0
23.4864,0,-1.46129,2.8721,3.66331,-0.0970835,-0.000711821,0.0117115,0.397383,0,0,0
23.4864,1,1.76968,2.87622,4.3397,0.0133425,0.000320456,-0.124324,0.397825,0,0,0
23.4864,2,-0.452644,2.87258,6.73728,-0.0992457,-0.0053202,-0.0171438,0.369445,0,0,0
23.4864,3,0,0,0,0,0,0,0,0,0,0
23.4864,4,0,0,0,0,0,0,0,0,0,0
23.4864,5,0,0,0,0,0,0,0,0,0,0
23.5392,0,-1.45926,2.87186,3.66292,-0.0761528,-0.00196445,-0.00435242,0.397383,0,0,0
23.5392,1,1.76553,2.87616,4.33274,-0.0026109,0.000537554,-0.14351,0.396258,0,0,0
23.5392,2,-0.468051,2.8742,6.73675,-0.124336,0.00164353,-0.0171322,0.369445,0,0,0
23.5392,3,0,0,0,0,0,0,0,0,0,0
23.5392,4,0,0,0,0,0,0,0,0,0,0
23.5392,5,0,0,0,0,0,0,0,0,0,0
23.5948,0,-1.46079,2.87216,3.66115,-0.06802,-0.00101331,-0.0457389,0.398113,0,0,0
23.5948,1,1.76252,2.87657,4.32492,-0.0130952,0.00250085,-0.148861,0.396258,0,0,0
23.5948,2,-0.466992,2.8736,6.73592,-0.120363,-0.000664215,-0.0178453,0.37353,0,0,0
23.5948,3,0,0,0,0,0,0,0,0,0,0
23.5948,4,0,0,0,0,0,0,0,0,0,0
23.5948,5,0,0,0,0,0,0,0,0,0,0
23.645,0,-1.45988,2.87269,3.65748,-0.0530417,0.000412519,-0.070716,0.398113,0,0,0
23.645,1,1.76008,2.8763,4.31591,-0.0196194,0.00160478,-0.148966,0.390746,0,0,0
23.645,2,-0.477797,2.87028,6.73497,-0.122095,-0.0109273,-0.0184257,0.37353,0,0,0
23.645,3,0,0,0,0,0,0,0,0,0,0
23.645,4,0,0,0,0,0,0,0,0,0,0
23.645,5,0,0,0,0,0,0,0,0,0,0
23.7043,0,-1.45842,2.87209,3.65315,-0.038316,-0.00226334,-0.0834225,0.400491,0,0,0
23.7043,1,1.75727,2.87576,4.30851,-0.026672,-0.000139929,-0.145813,0.388013,0,0,0
23.7043,2,-0.488092,2.87378,6.73434,-0.139807,0.00179541,-0.0161593,0.374393,0,0,0
23.7043,3,0,0,0,0,0,0,0,0,0,0
23.7043,4,0,0,0,0,0,0,0,0,0,0
23.7043,5,0,0,0,0,0,0,0,0,0,0
23.7571,0,-1.45371,2.87165,3.64871,-0.0152581,-0.0048991,-0.0977466,0.400491,0,0,0
23.7571,1,1.75362,2.87621,4.3017,-0.0360372,0.0019441,-0.13952,0.388013,0,0,0
23.7571,2,-0.486044,2.87155,6.73377,-0.132095,-0.00651952,-0.014094,0.374393,0,0,0
23.7571,3,0,0,0,0,0,0,0,0,0,0
23.7571,4,0,0,0,0,0,0,0,0,0,0
23.7571,5,0,0,0,0,0,0,0,0,0,0
23.8072,0,-1.44965,2.87318,3.64356,0.00189346,0.000604572,-0.102814,0.398705,0,0,0
23.8072,1,1.74999,2.87554,4.29487,-0.0429865,-0.000284359,-0.130835,0.388013,0,0,0
23.8072,2,-0.505617,2.87313,6.73396,-0.15772,0.00073252,-0.00391925,0.375578,0,0,0
23.8072,3,0,0,0,0,0,0,0,0,0,0
23.8072,4,0,0,0,0,0,0,0,0,0,0
23.8072,5,0,0,0,0,0,0,0,0,0,0
23.8675,0,-1.44436,2.87265,3.63746,0.0207959,-0.00228215,-0.104871,0.398705,0,0,0
23.8675,1,1.74745,2.87537,4.28796,-0.0456108,-0.000792827,-0.118213,0.383454,0,0,0
23.8675,2,-0.510968,2.87276,6.73442,-0.154366,-0.000648945,0.00640698,0.375578,0,0,0
23.8675,3,0,0,0,0,0,0,0,0,0,0
23.8675,4,0,0,0,0,0,0,0,0,0,0
23.8675,5,0,0,0,0,0,0,0,0,0,0
23.9253,0,-1.43915,2.87247,3.63246,0.0366288,-0.00344076,-0.104449,0.39689,0,0,0
23.9253,1,1.74404,2.87544,4.28266,-0.0502496,-0.000142097,-0.0953828,0.383454,0,0,0
23.9253,2,-0.510555,2.8716,6.73541,-0.131961,-0.00568144,0.0141634,0.384288,0,0,0
23.9253,3,0,0,0,0,0,0,0,0,0,0
23.9253,4,0,0,0,0,0,0,0,0,0,0
23.9253,5,0,0,0,0,0,0,0,0,0,0
23.9864,0,-1.43329,2.87381,3.62692,0.051887,0.000992047,-0.10154,0.39689,0,0,0
23.9864,1,1.74124,2.87529,4.27955,-0.0523487,-0.000500662,-0.0678612,0.382488,0,0,0
23.9864,2,-0.515584,2.87324,6.73716,-0.130817,4.72902e-05,0.0210803,0.384288,0,0,0
23.9864,3,0,0,0,0,0,0,0,0,0,0
23.9864,4,0,0,0,0,0,0,0,0,0,0
23.9864,5,0,0,0,0,0,0,0,0,0,0
24.0497,0,-1.42833,2.873,3.62343,0.0624724,-0.00239497,-0.0997533,0.394078,0,0,0
24.0497,1,1.73886,2.87518,4.27715,-0.0531025,-0.000805957,-0.0336959,0.376789,0,0,0
24.0497,2,-0.509082,2.87219,6.73845,-0.0910142,-0.00482857,0.0275545,0.38849,0,0,0
24.0497,3,0,0,0,0,0,0,0,0,0,0
24.0497,4,0,0,0,0,0,0,0,0,0,0
24.0497,5,0,0,0,0,0,0,0,0,0,0
24.111,0,-1.42065,2.87374,3.61741,0.0804909,-0.000586584,-0.0937418,0.394078,0,0,0
24.111,1,1.7368,2.87513,4.27708,-0.0533917,-0.000868003,0.00462377,0.376789,0,0,0
24.111,2,-0.510858,2.87395,6.74003,-0.0848907,0.000774719,0.03044,0.38849,0,0,0
24.111,3,0,0,0,0,0,0,0,0,0,0
24.111,4,0,0,0,0,0,0,0,0,0,0
24.111,5,0,0,0,0,0,0,0,0,0,0
24.1663,0,-1.41296,2.87353,3.61205,0.0943287,-0.00197884,-0.0897532,0.389955,0,0,0
24.1663,1,1.73586,2.87506,4.27874,-0.0496098,-0.00122803,0.0362196,0.373481,0,0,0
24.1663,2,-0.505936,2.87329,6.74165,-0.0572617,-0.00200338,0.0323553,0.389493,0,0,0
24.1663,3,0,0,0,0,0,0,0,0,0,0
24.1663,4,0,0,0,0,0,0,0,0,0,0
24.1663,5,0,0,0,0,0,0,0,0,0,0
24.2166,0,-1.40801,2.87412,3.60807,0.0974302,0.000168393,-0.087114,0.389955,0,0,0
24.2166,1,1.73508,2.87482,4.28203,-0.045396,-0.00210289,0.0518654,0.373481,0,0,0
24.2166,2,-0.499761,2.8741,6.74326,-0.0292839,8.16592e-05,0.0327863,0.389493,0,0,0
24.2166,3,0,0,0,0,0,0,0,0,0,0
24.2166,4,0,0,0,0,0,0,0,0,0,0
24.2166,5,0,0,0,0,0,0,0,0,0,0
24.2708,0,-1.40532,2.87468,3.60605,0.0921958,0.00262128,-0.0842672,0.388471,0,0,0
24.2708,1,1.73523,2.87491,4.28573,-0.0385977,-0.00185903,0.0711199,0.371122,0,0,0
24.2708,2,-0.490292,2.87445,6.74519,0.00521628,4.26762e-05,0.0322155,0.388816,0,0,0
24.2708,3,0,0,0,0,0,0,0,0,0,0
24.2708,4,0,0,0,0,0,0,0,0,0,0
24.2708,5,0,0,0,0,0,0,0,0,0,0
24.3382,0,-1.40199,2.87489,3.60292,0.0900908,0.00316576,-0.0768312,0.388471,0,0,0
24.3382,1,1.73603,2.87519,4.28923,-0.0302044,-0.00103637,0.0877803,0.371122,0,0,0
24.3382,2,-0.482269,2.87493,6.74671,0.0347658,0.000881372,0.0297904,0.386875,0,0,0
24.3382,3,0,0,0,0,0,0,0,0,0,0
24.3382,4,0,0,0,0,0,0,0,0,0,0
24.3382,5,0,0,0,0,0,0,0,0,0,0
24.3935,0,-1.39333,2.8741,3.59868,0.107496,-0.00118297,-0.0482638,0.385167,0,0,0
24.3935,1,1.7371,2.8747,4.29389,-0.0211841,-0.00296448,0.0961111,0.371074,0,0,0
24.3935,2,-0.470836,2.87443,6.74828,0.0633605,-0.00153909,0.0291096,0.386875,0,0,0
24.3935,3,0,0,0,0,0,0,0,0,0,0
24.3935,4,0,0,0,0,0,0,0,0,0,0
24.3935,5,0,0,0,0,0,0,0,0,0,0
24.4603,0,-1.3882,2.87477,3.59683,0.108588,0.00129347,-0.0228342,0.385167,0,0,0
24.4603,1,1.73847,2.87448,4.29948,-0.0129455,-0.00388602,0.100213,0.371074,0,0,0
24.4603,2,-0.461525,2.87686,6.74933,0.0855345,0.00556255,0.0210497,0.384203,0,0,0
24.4603,3,0,0,0,0,0,0,0,0,0,0
24.4603,4,0,0,0,0,0,0,0,0,0,0
24.4603,5,0,0,0,0,0,0,0,0,0,0
24.5131,0,-1.3836,2.87532,3.59846,0.0968745,0.00361967,0.0335953,0.381974,0,0,0
24.5131,1,1.74123,2.87449,4.30453,-0.00109137,-0.00418459,0.101321,0.372951,0,0,0
24.5131,2,-0.454884,2.8756,6.7506,0.109688,4.1503e-05,0.0177436,0.384203,0,0,0
24.5131,3,0,0,0,0,0,0,0,0,0,0
24.5131,4,0,0,0,0,0,0,0,0,0,0
24.5131,5,0,0,0,0,0,0,0,0,0,0
24.5691,0,-1.3836,2.87532,3.59846,0.0968745,0.00361967,0.0335953,0.381974,0,0,0
24.5691,1,1.74325,2.8752,4.30906,0.00659437,-0.00155056,0.0924992,0.372951,0,0,0
24.5691,2,-0.440852,2.87536,6.75149,0.127896,-0.00101543,0.0141984,0.382209,0,0,0
24.5691,3,0,0,0,0,0,0,0,0,0,0
24.5691,4,0,0,0,0,0,0,0,0,0,0
24.5691,5,0,0,0,0,0,0,0,0,0,0
24.6217,0,-1.38437,2.8761,3.60626,0.0690879,0.0071441,0.0777134,0.375903,0,0,0
24.6217,1,1.74564,2.87481,4.31366,0.0145805,-0.00319986,0.0896444,0.375687,0,0,0
24.6217,2,-0.433299,2.87568,6.75219,0.134866,3.79232e-05,0.0123181,0.382209,0,0,0
24.6217,3,0,0,0,0,0,0,0,0,0,0
24.6217,4,0,0,0,0,0,0,0,0,0,0
24.6217,5,0,0,0,0,0,0,0,0,0,0
24.6824,0,-1.38709,2.87486,3.61051,0.0494586,0.00292982,0.0881249,0.375903,0,0,0
24.6824,1,1.74844,2.87519,4.31901,0.022449,-0.00191837,0.0864918,0.375687,0,0,0
24.6824,2,-0.428158,2.87701,6.75275,0.1339,0.0043598,0.00881357,0.381674,0,0,0
24.6824,3,0,0,0,0,0,0,0,0,0,0
24.6824,4,0,0,0,0,0,0,0,0,0,0
24.6824,5,0,0,0,0,0,0,0,0,0,0
24.7341,0,-1.39119,2.87489,3.61549,0.026731,0.00385341,0.0921515,0.372357,0,0,0
24.7341,1,1.75118,2.87546,4.32292,0.0290166,-0.00105159,0.0832744,0.377613,0,0,0
24.7341,2,-0.420535,2.87627,6.7535,0.14161,0.00139963,0.00677525,0.381674,0,0,0
24.7341,3,0,0,0,0,0,0,0,0,0,0
24.7341,4,0,0,0,0,0,0,0,0,0,0
24.7341,5,0,0,0,0,0,0,0,0,0,0
24.7845,0,-1.39119,2.87489,3.61549,0.026731,0.00385341,0.0921515,0.372357,0,0,0
24.7845,1,1.75375,2.87555,4.32688,0.0340705,-0.000786834,0.0801931,0.377613,0,0,0
24.7845,2,-0.414169,2.87646,6.75397,0.144119,0.00187523,0.00528172,0.381232,0,0,0
24.7845,3,0,0,0,0,0,0,0,0,0,0
24.7845,4,0,0,0,0,0,0,0,0,0,0
24.7845,5,0,0,0,0,0,0,0,0,0,0
24.8398,0,-1.39089,2.87419,3.62072,0.0231914,0.00124497,0.097498,0.367904,0,0,0
24.8398,1,1.7563,2.87563,4.33084,0.0381998,-0.000561465,0.0816231,0.381797,0,0,0
24.8398,2,-0.408478,2.87629,6.75443,0.143264,0.00132053,0.00362687,0.381232,0,0,0
24.8398,3,0,0,0,0,0,0,0,0,0,0
24.8398,4,0,0,0,0,0,0,0,0,0,0
24.8398,5,0,0,0,0,0,0,0,0,0,0
24.8925,0,-1.39989,2.87447,3.62445,-0.011544,0.00288936,0.0911061,0.367904,0,0,0
24.8925,1,1.75953,2.8755,4.33462,0.0437368,-0.00128946,0.0754915,0.381797,0,0,0
24.8925,2,-0.400511,2.87593,6.7548,0.147557,4.62666e-05,0.0021591,0.38091,0,0,0
24.8925,3,0,0,0,0,0,0,0,0,0,0
24.8925,4,0,0,0,0,0,0,0,0,0,0
24.8925,5,0,0,0,0,0,0,0,0,0,0
24.9499,0,-1.4048,2.87394,3.62882,-0.028787,0.00114214,0.086239,0.371942,0,0,0
24.9499,1,1.76203,2.87568,4.33957,0.0463454,-0.000655412,0.076821,0.386648,0,0,0
24.9499,2,-0.405019,2.87653,6.75501,0.131453,0.00264814,-0.000525834,0.38091,0,0,0
24.9499,3,0,0,0,0,0,0,0,0,0,0
24.9499,4,0,0,0,0,0,0,0,0,0,0
24.9499,5,0,0,0,0,0,0,0,0,0,0
25.0026,0,-1.40839,2.87482,3.63212,-0.0387837,0.00437505,0.0835197,0.371942,0,0,0
25.0026,1,1.76442,2.87584,4.34254,0.0478779,-8.86175e-05,0.0708789,0.386648,0,0,0
25.0026,2,-0.397707,2.87567,6.75494,0.119236,-0.000150063,-0.00902886,0.381201,0,0,0
25.0026,3,0,0,0,0,0,0,0,0,0,0
25.0026,4,0,0,0,0,0,0,0,0,0,0
25.0026,5,0,0,0,0,0,0,0,0,0,0
25.0558,0,-1.41565,2.87344,3.63697,-0.0582603,-0.00161438,0.0773931,0.37323,0,0,0
25.0558,1,1.76645,2.87575,4.34674,0.0483198,-0.000301997,0.0673304,0.390774,0,0,0
25.0558,2,-0.400705,2.87591,6.75443,0.108124,0.00110063,-0.0184444,0.381201,0,0,0
25.0558,3,0,0,0,0,0,0,0,0,0,0
25.0558,4,0,0,0,0,0,0,0,0,0,0
25.0558,5,0,0,0,0,0,0,0,0,0,0
25.1086,0,-1.42143,2.87443,3.64426,-0.0718129,0.00264387,0.0770203,0.37323,0,0,0
25.1086,1,1.76813,2.8757,4.34912,0.047744,-0.000486605,0.0604421,0.390774,0,0,0
25.1086,2,-0.396472,2.8753,6.75318,0.105979,-0.0011853,-0.027093,0.380301,0,0,0
25.1086,3,0,0,0,0,0,0,0,0,0,0
25.1086,4,0,0,0,0,0,0,0,0,0,0
25.1086,5,0,0,0,0,0,0,0,0,0,0
25.1613,0,-1.42476,2.87337,3.64314,-0.0735026,-0.00152019,0.0714752,0.37565,0,0,0
25.1613,1,1.76813,2.8757,4.34912,0.047744,-0.000486605,0.0604421,0.393979,0,0,0
25.1613,2,-0.396472,2.8753,6.75318,0.105979,-0.0011853,-0.027093,0.380301,0,0,0
25.1613,3,0,0,0,0,0,0,0,0,0,0
25.1613,4,0,0,0,0,0,0,0,0,0,0
25.1613,5,0,0,0,0,0,0,0,0,0,0
25.2129,0,-1.42848,2.873,3.64738,-0.0767622,-0.00252893,0.0666125,0.37565,0,0,0
25.2129,1,1.77017,2.8758,4.35183,0.0480742,-7.55644e-05,0.0409934,0.393979,0,0,0
25.2129,2,-0.389878,2.87495,6.75172,0.0958343,-0.00157247,-0.033352,0.37701,0,0,0
25.2129,3,0,0,0,0,0,0,0,0,0,0
25.2129,4,0,0,0,0,0,0,0,0,0,0
25.2129,5,0,0,0,0,0,0,0,0,0,0
25.2631,0,-1.43352,2.87229,3.65159,-0.0840356,-0.00444632,0.0632763,0.379362,0,0,0
25.2631,1,1.77137,2.87588,4.35315,0.0449794,0.000379558,0.0165276,0.396976,0,0,0
25.2631,2,-0.394741,2.87524,6.74993,0.0779882,-5.12881e-05,-0.0353143,0.37701,0,0,0
25.2631,3,0,0,0,0,0,0,0,0,0,0
25.2631,4,0,0,0,0,0,0,0,0,0,0
25.2631,5,0,0,0,0,0,0,0,0,0,0
25.3184,0,-1.441,2.87291,3.6546,-0.0991019,-0.00097892,0.0616002,0.379362,0,0,0
25.3184,1,1.77261,2.87601,4.35288,0.0412086,0.000930488,-0.0134868,0.396976,0,0,0
25.3184,2,-0.39332,2.87475,6.74847,0.0572211,-0.000845729,-0.0351701,0.373915,0,0,0
25.3184,3,0,0,0,0,0,0,0,0,0,0
25.3184,4,0,0,0,0,0,0,0,0,0,0
25.3184,5,0,0,0,0,0,0,0,0,0,0
25.3711,0,-1.44619,2.87325,3.65747,-0.103604,0.000486889,0.0599111,0.385274,0,0,0
25.3711,1,1.77292,2.87606,4.35113,0.0352947,0.00132131,-0.0395658,0.398638,0,0,0
25.3711,2,-0.398053,2.87412,6.74638,0.0340573,-0.00190576,-0.033363,0.373915,0,0,0
25.3711,3,0,0,0,0,0,0,0,0,0,0
25.3711,4,0,0,0,0,0,0,0,0,0,0
25.3711,5,0,0,0,0,0,0,0,0,0,0
25.4213,0,-1.45485,2.87212,3.66451,-0.104959,-0.00321602,0.0599661,0.385274,0,0,0
25.4213,1,1.77241,2.87581,4.34731,0.0267041,0.000630509,-0.0802561,0.398638,0,0,0
25.4213,2,-0.404868,2.87451,6.74472,0.00964883,0.000331786,-0.0306608,0.370929,0,0,0
25.4213,3,0,0,0,0,0,0,0,0,0,0
25.4213,4,0,0,0,0,0,0,0,0,0,0
25.4213,5,0,0,0,0,0,0,0,0,0,0
25.4767,0,-1.46059,2.87312,3.66367,-0.110052,0.000523099,0.0580153,0.391301,0,0,0
25.4767,1,1.77157,2.87612,4.3424,0.0185808,0.00204936,-0.0993179,0.397913,0,0,0
25.4767,2,-0.410894,2.87507,6.74331,-0.0143657,0.00278784,-0.0279803,0.370929,0,0,0
25.4767,3,0,0,0,0,0,0,0,0,0,0
25.4767,4,0,0,0,0,0,0,0,0,0,0
25.4767,5,0,0,0,0,0,0,0,0,0,0
25.5399,0,-1.46005,2.87246,3.66632,-0.0937033,-0.00121569,0.0567869,0.391301,0,0,0
25.5399,1,1.76936,2.87587,4.33518,0.00730908,0.00157836,-0.127066,0.397913,0,0,0
25.5399,2,-0.4223,2.87582,6.74199,-0.0512777,0.00705422,-0.0241934,0.370027,0,0,0
25.5399,3,0,0,0,0,0,0,0,0,0,0
25.5399,4,0,0,0,0,0,0,0,0,0,0
25.5399,5,0,0,0,0,0,0,0,0,0,0
25.591,0,-1.46389,2.8729,3.67326,-0.093977,0.000409742,0.0456268,0.394729,0,0,0
25.591,1,1.7669,2.87605,4.32773,-0.00277314,0.00257025,-0.140326,0.394744,0,0,0
25.591,2,-0.428162,2.87309,6.74102,-0.0636854,-0.00199934,-0.0216857,0.370027,0,0,0
25.591,3,0,0,0,0,0,0,0,0,0,0
25.591,4,0,0,0,0,0,0,0,0,0,0
25.591,5,0,0,0,0,0,0,0,0,0,0
25.6412,0,-1.46715,2.87317,3.67265,-0.0911654,0.00120815,0.0223756,0.394729,0,0,0
25.6412,1,1.76414,2.87584,4.31831,-0.0118605,0.00203456,-0.150861,0.394744,0,0,0
25.6412,2,-0.441089,2.87509,6.74018,-0.098846,0.00618224,-0.0191942,0.371112,0,0,0
25.6412,3,0,0,0,0,0,0,0,0,0,0
25.6412,4,0,0,0,0,0,0,0,0,0,0
25.6412,5,0,0,0,0,0,0,0,0,0,0
25.7025,0,-1.4697,2.87296,3.67321,-0.0855471,0.000112981,-0.00309618,0.39751,0,0,0
25.7025,1,1.76175,2.87567,4.31358,-0.018514,0.00161809,-0.154253,0.391601,0,0,0
25.7025,2,-0.448475,2.87336,6.7393,-0.110015,0.000203282,-0.0171726,0.371112,0,0,0
25.7025,3,0,0,0,0,0,0,0,0,0,0
25.7025,4,0,0,0,0,0,0,0,0,0,0
25.7025,5,0,0,0,0,0,0,0,0,0,0
25.7678,0,-1.47081,2.87234,3.67032,-0.0743258,-0.00262939,-0.0420553,0.39751,0,0,0
25.7678,1,1.75862,2.87542,4.30567,-0.0269396,0.00106781,-0.146173,0.391601,0,0,0
25.7678,2,-0.458022,2.87265,6.73859,-0.127145,-0.0016659,-0.0167942,0.372952,0,0,0
25.7678,3,0,0,0,0,0,0,0,0,0,0
25.7678,4,0,0,0,0,0,0,0,0,0,0
25.7678,5,0,0,0,0,0,0,0,0,0,0
25.8284,0,-1.46902,2.87357,3.66947,-0.0551055,0.00108953,-0.060237,0.40185,0,0,0
25.8284,1,1.7543,2.87583,4.29775,-0.0380366,0.00318105,-0.14051,0.387088,0,0,0
25.8284,2,-0.468171,2.8736,6.73802,-0.143279,0.0018895,-0.0172914,0.372952,0,0,0
25.8284,3,0,0,0,0,0,0,0,0,0,0
25.8284,4,0,0,0,0,0,0,0,0,0,0
25.8284,5,0,0,0,0,0,0,0,0,0,0
25.8838,0,-1.46701,2.87261,3.66555,-0.0368087,-0.00317317,-0.0765439,0.40185,0,0,0
25.8838,1,1.75177,2.87508,4.29181,-0.0413712,0.000285789,-0.132852,0.387088,0,0,0
25.8838,2,-0.474757,2.87321,6.73737,-0.145523,0.000603312,-0.0149817,0.375851,0,0,0
25.8838,3,0,0,0,0,0,0,0,0,0,0
25.8838,4,0,0,0,0,0,0,0,0,0,0
25.8838,5,0,0,0,0,0,0,0,0,0,0
25.9451,0,-1.46485,2.87209,3.66176,-0.022692,-0.00549835,-0.0885935,0.401059,0,0,0
25.9451,1,1.74939,2.87505,4.2863,-0.0438454,0.000243588,-0.126408,0.384759,0,0,0
25.9451,2,-0.482389,2.87237,6.73739,-0.147745,-0.00231091,-0.0020868,0.375851,0,0,0
25.9451,3,0,0,0,0,0,0,0,0,0,0
25.9451,4,0,0,0,0,0,0,0,0,0,0
25.9451,5,0,0,0,0,0,0,0,0,0,0
25.9983,0,-1.4603,2.87241,3.65789,-0.00309371,-0.00529396,-0.0988333,0.399463,0,0,0
25.9983,1,1.74658,2.87454,4.27914,-0.0469187,-0.0014116,-0.113695,0.384759,0,0,0
25.9983,2,-0.482389,2.87237,6.73739,-0.147745,-0.00231091,-0.0020868,0.377977,0,0,0
25.9983,3,0,0,0,0,0,0,0,0,0,0
25.9983,4,0,0,0,0,0,0,0,0,0,0
25.9983,5,0,0,0,0,0,0,0,0,0,0
26.057,0,-1.45348,2.87314,3.6514,0.0214488,-0.00374777,-0.108036,0.399463,0,0,0
26.057,1,1.74271,2.87507,4.27367,-0.0538438,0.00100784,-0.0953474,0.38142,0,0,0
26.057,2,-0.489591,2.87304,6.7387,-0.150451,0.000388362,0.00489074,0.377977,0,0,0
26.057,3,0,0,0,0,0,0,0,0,0,0
26.057,4,0,0,0,0,0,0,0,0,0,0
26.057,5,0,0,0,0,0,0,0,0,0,0
26.1071,0,-1.44639,2.87337,3.64526,0.0434824,-0.00388135,-0.109978,0.395061,0,0,0
26.1071,1,1.73959,2.87489,4.26908,-0.0564585,0.000392262,-0.065288,0.38142,0,0,0
26.1071,2,-0.494087,2.87318,6.73917,-0.141857,0.00046224,0.013575,0.383152,0,0,0
26.1071,3,0,0,0,0,0,0,0,0,0,0
26.1071,4,0,0,0,0,0,0,0,0,0,0
26.1071,5,0,0,0,0,0,0,0,0,0,0
26.1653,0,-1.44319,2.87418,3.63924,0.0483487,-0.000933803,-0.108682,0.395061,0,0,0
26.1653,1,1.73763,2.87462,4.26767,-0.0549863,-0.00078418,-0.0305149,0.378183,0,0,0
26.1653,2,-0.49602,2.87335,6.74038,-0.128135,0.000407807,0.019627,0.383152,0,0,0
26.1653,3,0,0,0,0,0,0,0,0,0,0
26.1653,4,0,0,0,0,0,0,0,0,0,0
26.1653,5,0,0,0,0,0,0,0,0,0,0
26.2188,0,-1.43341,2.87415,3.63379,0.0742907,-0.00226871,-0.104655,0.391534,0,0,0
26.2188,1,1.73596,2.8746,4.26729,-0.053493,-0.00086649,0.00613501,0.378183,0,0,0
26.2188,2,-0.496468,2.87329,6.74173,-0.110715,-0.000533605,0.0245628,0.386331,0,0,0
26.2188,3,0,0,0,0,0,0,0,0,0,0
26.2188,4,0,0,0,0,0,0,0,0,0,0
26.2188,5,0,0,0,0,0,0,0,0,0,0
26.2718,0,-1.4277,2.87498,3.62804,0.0832715,0.000458474,-0.0985952,0.391534,0,0,0
26.2718,1,1.73464,2.87453,4.26853,-0.0508309,-0.00113557,0.0352924,0.375066,0,0,0
26.2718,2,-0.499126,2.87413,6.74318,-0.0901149,0.00147274,0.0280846,0.386331,0,0,0
26.2718,3,0,0,0,0,0,0,0,0,0,0
26.2718,4,0,0,0,0,0,0,0,0,0,0
26.2718,5,0,0,0,0,0,0,0,0,0,0
26.3254,0,-1.42187,2.87632,3.62381,0.0909521,0.00442145,-0.0931482,0.38888,0,0,0
26.3254,1,1.73209,2.87447,4.27007,-0.0525872,-0.00116476,0.0470253,0.375066,0,0,0
26.3254,2,-0.494973,2.87355,6.74501,-0.0646502,-0.00125792,0.0300593,0.388975,0,0,0
26.3254,3,0,0,0,0,0,0,0,0,0,0
26.3254,4,0,0,0,0,0,0,0,0,0,0
26.3254,5,0,0,0,0,0,0,0,0,0,0
26.3784,0,-1.41754,2.87574,3.62035,0.0923816,0.00277508,-0.0889128,0.38888,0,0,0
26.3784,1,1.73439,2.8747,4.27458,-0.0379435,-0.000799399,0.0769603,0.373152,0,0,0
26.3784,2,-0.490698,2.87325,6.74654,-0.0419114,-0.00274203,0.0305138,0.388975,0,0,0
26.3784,3,0,0,0,0,0,0,0,0,0,0
26.3784,4,0,0,0,0,0,0,0,0,0,0
26.3784,5,0,0,0,0,0,0,0,0,0,0
26.4339,0,-1.41489,2.87614,3.61624,0.0887643,0.00422925,-0.0834406,0.388579,0,0,0
26.4339,1,1.73488,2.87463,4.28017,-0.0304837,-0.00122247,0.0936919,0.373152,0,0,0
26.4339,2,-0.477069,2.87204,6.74812,0.0105874,-0.0101965,0.0292028,0.389146,0,0,0
26.4339,3,0,0,0,0,0,0,0,0,0,0
26.4339,4,0,0,0,0,0,0,0,0,0,0
26.4339,5,0,0,0,0,0,0,0,0,0,0
26.4906,0,-1.40606,2.87555,3.61084,0.107397,0.000427345,-0.0766391,0.388579,0,0,0
26.4906,1,1.73594,2.87447,4.28476,-0.0216777,-0.00195782,0.0983524,0.372047,0,0,0
26.4906,2,-0.474501,2.87461,6.74968,0.0200079,-0.00156727,0.0271277,0.389146,0,0,0
26.4906,3,0,0,0,0,0,0,0,0,0,0
26.4906,4,0,0,0,0,0,0,0,0,0,0
26.4906,5,0,0,0,0,0,0,0,0,0,0
26.5407,0,-1.40044,2.8755,3.60727,0.111946,1.59282e-05,-0.0727981,0.38572,0,0,0
26.5407,1,1.73723,2.87402,4.29104,-0.0132352,-0.00373222,0.104723,0.372047,0,0,0
26.5407,2,-0.462908,2.87486,6.75099,0.0527267,-0.00111179,0.0239408,0.38613,0,0,0
26.5407,3,0,0,0,0,0,0,0,0,0,0
26.5407,4,0,0,0,0,0,0,0,0,0,0
26.5407,5,0,0,0,0,0,0,0,0,0,0
26.5946,0,-1.39361,2.87544,3.60365,0.119698,-0.000689229,-0.0682962,0.38572,0,0,0
26.5946,1,1.73889,2.87466,4.295,-0.00503085,-0.00141527,0.0995924,0.372583,0,0,0
26.5946,2,-0.455711,2.87394,6.75202,0.0699036,-0.00429743,0.0211987,0.38613,0,0,0
26.5946,3,0,0,0,0,0,0,0,0,0,0
26.5946,4,0,0,0,0,0,0,0,0,0,0
26.5946,5,0,0,0,0,0,0,0,0,0,0
26.6575,0,-1.39134,2.8761,3.60062,0.107545,0.00238516,-0.0631959,0.38181,0,0,0
26.6575,1,1.74159,2.87465,4.30035,0.00579386,-0.00194224,0.0953285,0.372583,0,0,0
26.6575,2,-0.450471,2.87577,6.75276,0.0775517,0.0017469,0.0182364,0.385562,0,0,0
26.6575,3,0,0,0,0,0,0,0,0,0,0
26.6575,4,0,0,0,0,0,0,0,0,0,0
26.6575,5,0,0,0,0,0,0,0,0,0,0
26.7105,0,-1.38345,2.87445,3.59759,0.116305,-0.00276475,-0.0553767,0.38181,0,0,0
26.7105,1,1.74408,2.87457,4.30599,0.0141273,-0.00229881,0.092537,0.375479,0,0,0
26.7105,2,-0.441677,2.87847,6.75399,0.0958289,0.00928549,0.0143979,0.385562,0,0,0
26.7105,3,0,0,0,0,0,0,0,0,0,0
26.7105,4,0,0,0,0,0,0,0,0,0,0
26.7105,5,0,0,0,0,0,0,0,0,0,0
26.7728,0,-1.38339,2.87565,3.59569,0.100769,0.00185601,-0.0276248,0.379148,0,0,0
26.7728,1,1.74658,2.87481,4.31001,0.0213631,-0.0015562,0.0887001,0.375479,0,0,0
26.7728,2,-0.434141,2.87458,6.75463,0.123647,-0.00557663,0.0118054,0.384824,0,0,0
26.7728,3,0,0,0,0,0,0,0,0,0,0
26.7728,4,0,0,0,0,0,0,0,0,0,0
26.7728,5,0,0,0,0,0,0,0,0,0,0
26.8255,0,-1.38021,2.87609,3.59504,0.097614,0.00339567,-0.0019721,0.379148,0,0,0
26.8255,1,1.74911,2.87503,4.31468,0.0272857,-2.70111e-06,0.0849816,0.378941,0,0,0
26.8255,2,-0.420863,2.87656,6.75534,0.131935,0.00207471,0.00764835,0.384824,0,0,0
26.8255,3,0,0,0,0,0,0,0,0,0,0
26.8255,4,0,0,0,0,0,0,0,0,0,0
26.8255,5,0,0,0,0,0,0,0,0,0,0
26.8784,0,-1.37545,2.87535,3.59606,0.0999185,0.000696005,0.0241773,0.378828,0,0,0
26.8784,1,1.75163,2.87468,4.31829,0.0325061,-0.00140573,0.0820385,0.378941,0,0,0
26.8784,2,-0.414709,2.87713,6.75567,0.135153,0.0036376,0.00195644,0.383102,0,0,0
26.8784,3,0,0,0,0,0,0,0,0,0,0
26.8784,4,0,0,0,0,0,0,0,0,0,0
26.8784,5,0,0,0,0,0,0,0,0,0,0
26.9386,0,-1.37904,2.87634,3.59898,0.0758316,0.00506656,0.0554645,0.378828,0,0,0
26.9386,1,1.75366,2.87492,4.32217,0.0353194,-0.000552519,0.0793049,0.382327,0,0,0
26.9386,2,-0.414134,2.87691,6.75571,0.137006,0.00276995,-0.00858994,0.383102,0,0,0
26.9386,3,0,0,0,0,0,0,0,0,0,0
26.9386,4,0,0,0,0,0,0,0,0,0,0
26.9386,5,0,0,0,0,0,0,0,0,0,0
26.9964,0,-1.38111,2.87575,3.60222,0.0583274,0.00359085,0.0751349,0.375132,0,0,0
26.9964,1,1.7563,2.87525,4.32603,0.0398634,0.000154418,0.0774106,0.382327,0,0,0
26.9964,2,-0.407897,2.87663,6.75514,0.138991,0.00140542,-0.0186423,0.38272,0,0,0
26.9964,3,0,0,0,0,0,0,0,0,0,0
26.9964,4,0,0,0,0,0,0,0,0,0,0
26.9964,5,0,0,0,0,0,0,0,0,0,0
27.0552,0,-1.38396,2.87638,3.60695,0.0397301,0.0065936,0.091394,0.375132,0,0,0
27.0552,1,1.75853,2.87546,4.33022,0.0421716,0.000761344,0.0799275,0.386138,0,0,0
27.0552,2,-0.403197,2.87674,6.75424,0.132628,0.00188877,-0.028373,0.38272,0,0,0
27.0552,3,0,0,0,0,0,0,0,0,0,0
27.0552,4,0,0,0,0,0,0,0,0,0,0
27.0552,5,0,0,0,0,0,0,0,0,0,0
27.1138,0,-1.38807,2.87548,3.61215,0.0190361,0.00384141,0.100028,0.372713,0,0,0
27.1138,1,1.76132,2.87536,4.3348,0.0452414,0.000250558,0.0748192,0.386138,0,0,0
27.1138,2,-0.393357,2.87673,6.75321,0.127779,0.00179512,-0.0341124,0.380289,0,0,0
27.1138,3,0,0,0,0,0,0,0,0,0,0
27.1138,4,0,0,0,0,0,0,0,0,0,0
27.1138,5,0,0,0,0,0,0,0,0,0,0
27.1719,0,-1.38966,2.87572,3.61648,0.00912734,0.00456518,0.10251,0.372713,0,0,0
27.1719,1,1.76358,2.87547,4.33824,0.0457411,0.00053863,0.0732775,0.390311,0,0,0
27.1719,2,-0.395321,2.87798,6.75132,0.102497,0.00700136,-0.0367674,0.380289,0,0,0
27.1719,3,0,0,0,0,0,0,0,0,0,0
27.1719,4,0,0,0,0,0,0,0,0,0,0
27.1719,5,0,0,0,0,0,0,0,0,0,0
27.2253,0,-1.397,2.87576,3.62092,-0.0187201,0.00637159,0.1012,0.372214,0,0,0
27.2253,1,1.76598,2.8754,4.34236,0.0476832,8.99769e-05,0.0716694,0.390311,0,0,0
27.2253,2,-0.391578,2.87677,6.74975,0.100589,0.00244692,-0.038003,0.376876,0,0,0
27.2253,3,0,0,0,0,0,0,0,0,0,0
27.2253,4,0,0,0,0,0,0,0,0,0,0
27.2253,5,0,0,0,0,0,0,0,0,0,0
27.2782,0,-1.40283,2.87465,3.62691,-0.0374646,0.00283965,0.093565,0.372214,0,0,0
27.2782,1,1.76838,2.87544,4.34634,0.0492231,0.000118495,0.0696357,0.392341,0,0,0
27.2782,2,-0.393956,2.87582,6.74836,0.0798934,-0.000121712,-0.0361814,0.376876,0,0,0
27.2782,3,0,0,0,0,0,0,0,0,0,0
27.2782,4,0,0,0,0,0,0,0,0,0,0
27.2782,5,0,0,0,0,0,0,0,0,0,0
27.3296,0,-1.40966,2.87399,3.63231,-0.0572076,0.00127212,0.084846,0.372475,0,0,0
27.3296,1,1.7698,2.87573,4.34897,0.0466931,0.00129558,0.0679978,0.392341,0,0,0
27.3296,2,-0.397286,2.87717,6.74665,0.0583109,0.0047862,-0.0339808,0.373839,0,0,0
27.3296,3,0,0,0,0,0,0,0,0,0,0
27.3296,4,0,0,0,0,0,0,0,0,0,0
27.3296,5,0,0,0,0,0,0,0,0,0,0
27.3824,0,-1.41959,2.87532,3.63629,-0.0852622,0.00763263,0.074823,0.372475,0,0,0
27.3824,1,1.77166,2.87545,4.35234,0.0465121,0.000177797,0.0656174,0.395657,0,0,0
27.3824,2,-0.402806,2.87671,6.74508,0.0388988,0.00389443,-0.0314257,0.373839,0,0,0
27.3824,3,0,0,0,0,0,0,0,0,0,0
27.3824,4,0,0,0,0,0,0,0,0,0,0
27.3824,5,0,0,0,0,0,0,0,0,0,0
27.4326,0,-1.42354,2.8738,3.63981,-0.0878395,0.00128316,0.0689889,0.379161,0,0,0
27.4326,1,1.77307,2.87552,4.35618,0.0438926,0.000509646,0.0634526,0.395657,0,0,0
27.4326,2,-0.408273,2.87506,6.74331,0.0127572,-0.00136275,-0.027743,0.371125,0,0,0
27.4326,3,0,0,0,0,0,0,0,0,0,0
27.4326,4,0,0,0,0,0,0,0,0,0,0
27.4326,5,0,0,0,0,0,0,0,0,0,0
27.4854,0,-1.43,2.87324,3.64157,-0.0978613,-8.82015e-05,0.0611434,0.379161,0,0,0
27.4854,1,1.77493,2.87553,4.35943,0.0440478,0.000447196,0.0556792,0.398513,0,0,0
27.4854,2,-0.418121,2.87572,6.74208,-0.0248624,0.00318003,-0.024986,0.371125,0,0,0
27.4854,3,0,0,0,0,0,0,0,0,0,0
27.4854,4,0,0,0,0,0,0,0,0,0,0
27.4854,5,0,0,0,0,0,0,0,0,0,0
27.5361,0,-1.43577,2.87296,3.64529,-0.10383,-0.00069808,0.0533115,0.384077,0,0,0
27.5361,1,1.77703,2.87544,4.36225,0.0452141,0.000107107,0.0478866,0.398513,0,0,0
27.5361,2,-0.424018,2.87745,6.74114,-0.0436499,0.0096679,-0.023499,0.369609,0,0,0
27.5361,3,0,0,0,0,0,0,0,0,0,0
27.5361,4,0,0,0,0,0,0,0,0,0,0
27.5361,5,0,0,0,0,0,0,0,0,0,0
27.5919,0,-1.44022,2.87256,3.65029,-0.103507,-0.00203186,0.0507856,0.384077,0,0,0
27.5919,1,1.77741,2.87567,4.3618,0.0397415,0.00114171,0.0215941,0.40263,0,0,0
27.5919,2,-0.430814,2.87514,6.73963,-0.0618347,0.000998992,-0.0221148,0.369609,0,0,0
27.5919,3,0,0,0,0,0,0,0,0,0,0
27.5919,4,0,0,0,0,0,0,0,0,0,0
27.5919,5,0,0,0,0,0,0,0,0,0,0
27.6447,0,-1.44527,2.87213,3.65302,-0.106592,-0.00311529,0.0460875,0.387122,0,0,0
27.6447,1,1.77796,2.87571,4.36217,0.035051,0.00144579,-0.00523305,0.40263,0,0,0
27.6447,2,-0.440507,2.87467,6.73868,-0.0880626,0.000440373,-0.0212899,0.368875,0,0,0
27.6447,3,0,0,0,0,0,0,0,0,0,0
27.6447,4,0,0,0,0,0,0,0,0,0,0
27.6447,5,0,0,0,0,0,0,0,0,0,0
27.7052,0,-1.45162,2.87289,3.65552,-0.113848,0.000422611,0.0424205,0.387122,0,0,0
27.7052,1,1.77772,2.87556,4.35924,0.0278091,0.00114794,-0.0411463,0.403168,0,0,0
27.7052,2,-0.448606,2.87433,6.73733,-0.104377,-0.000430429,-0.0218952,0.368875,0,0,0
27.7052,3,0,0,0,0,0,0,0,0,0,0
27.7052,4,0,0,0,0,0,0,0,0,0,0
27.7052,5,0,0,0,0,0,0,0,0,0,0
27.7673,0,-1.45523,2.87257,3.6556,-0.110037,-0.000962678,0.0401437,0.393515,0,0,0
27.7673,1,1.77885,2.87522,4.3552,0.0264001,-6.84122e-05,-0.0723686,0.403168,0,0,0
27.7673,2,-0.457946,2.87419,6.73657,-0.1224,-0.000262174,-0.0209786,0.369736,0,0,0
27.7673,3,0,0,0,0,0,0,0,0,0,0
27.7673,4,0,0,0,0,0,0,0,0,0,0
27.7673,5,0,0,0,0,0,0,0,0,0,0
27.8175,0,-1.45834,2.87231,3.65738,-0.10492,-0.00198868,0.0399009,0.393515,0,0,0
27.8175,1,1.77784,2.87528,4.35039,0.0185136,0.000370128,-0.101591,0.404333,0,0,0
27.8175,2,-0.465079,2.87452,6.73544,-0.130709,0.00110414,-0.0209856,0.369736,0,0,0
27.8175,3,0,0,0,0,0,0,0,0,0,0
27.8175,4,0,0,0,0,0,0,0,0,0,0
27.8175,5,0,0,0,0,0,0,0,0,0,0
27.869,0,-1.46116,2.87236,3.66141,-0.098021,-0.00190921,0.0408136,0.398097,0,0,0
27.869,1,1.77579,2.8747,4.34993,0.00905092,-0.00119819,-0.117947,0.404333,0,0,0
27.869,2,-0.478067,2.87278,6.73495,-0.138186,-0.00468606,-0.0176563,0.371531,0,0,0
27.869,3,0,0,0,0,0,0,0,0,0,0
27.869,4,0,0,0,0,0,0,0,0,0,0
27.869,5,0,0,0,0,0,0,0,0,0,0
27.9275,0,-1.46284,2.87263,3.66329,-0.088841,-0.00120994,0.0378992,0.398097,0,0,0
27.9275,1,1.77116,2.87575,4.34218,-0.00797031,0.00296233,-0.133041,0.401571,0,0,0
27.9275,2,-0.486913,2.87454,6.73447,-0.148247,0.00155035,-0.0123244,0.371531,0,0,0
27.9275,3,0,0,0,0,0,0,0,0,0,0
27.9275,4,0,0,0,0,0,0,0,0,0,0
27.9275,5,0,0,0,0,0,0,0,0,0,0
27.9817,0,-1.46466,2.87263,3.66528,-0.081253,-0.00143428,0.0252156,0.398704,0,0,0
27.9817,1,1.76902,2.87523,4.33488,-0.0144801,0.00118907,-0.145004,0.401571,0,0,0
27.9817,2,-0.491323,2.87278,6.73469,-0.143462,-0.00400556,-0.00408102,0.376486,0,0,0
27.9817,3,0,0,0,0,0,0,0,0,0,0
27.9817,4,0,0,0,0,0,0,0,0,0,0
27.9817,5,0,0,0,0,0,0,0,0,0,0
28.035,0,-1.46582,2.87228,3.66625,-0.0729062,-0.00301529,0.0135598,0.398704,0,0,0
28.035,1,1.76705,2.87404,4.32566,-0.0187306,-0.00257543,-0.151065,0.396054,0,0,0
28.035,2,-0.492707,2.87426,6.73493,-0.148806,0.0015169,-0.0015107,0.376486,0,0,0
28.035,3,0,0,0,0,0,0,0,0,0,0
28.035,4,0,0,0,0,0,0,0,0,0,0
28.035,5,0,0,0,0,0,0,0,0,0,0
28.0985,0,-1.46594,2.87249,3.66586,-0.0616973,-0.00271441,-0.00711916,0.399678,0,0,0
28.0985,1,1.75747,2.87501,4.30939,-0.043027,0.00145349,-0.143588,0.389971,0,0,0
28.0985,2,-0.497755,2.87377,6.73631,-0.14342,-0.000768654,0.0101414,0.378685,0,0,0
28.0985,3,0,0,0,0,0,0,0,0,0,0
28.0985,4,0,0,0,0,0,0,0,0,0,0
28.0985,5,0,0,0,0,0,0,0,0,0,0
28.1487,0,-1.4656,2.87251,3.66367,-0.0499032,-0.00305662,-0.0277429,0.399678,0,0,0
28.1487,1,1.75747,2.87501,4.30939,-0.043027,0.00145349,-0.143588,0.389971,0,0,0
28.1487,2,-0.501453,2.87322,6.73774,-0.133509,-0.00311022,0.0136183,0.384154,0,0,0
28.1487,3,0,0,0,0,0,0,0,0,0,0
28.1487,4,0,0,0,0,0,0,0,0,0,0
28.1487,5,0,0,0,0,0,0,0,0,0,0
28.1991,0,-1.46314,2.87315,3.66104,-0.0319208,-0.00161682,-0.0614516,0.400839,0,0,0
28.1991,1,1.75448,2.87467,4.30227,-0.0467899,0.000250994,-0.134254,0.386391,0,0,0
28.1991,2,-0.503095,2.87308,6.73879,-0.119193,-0.00408488,0.0209723,0.384154,0,0,0
28.1991,3,0,0,0,0,0,0,0,0,0,0
28.1991,4,0,0,0,0,0,0,0,0,0,0
28.1991,5,0,0,0,0,0,0,0,0,0,0
28.25,0,-1.45993,2.87366,3.65657,-0.0140833,-0.000541531,-0.0840289,0.400839,0,0,0
28.25,1,1.7518,2.87441,4.29663,-0.0494604,-0.000559347,-0.125847,0.386391,0,0,0
28.25,2,-0.502666,2.87301,6.73978,-0.100146,-0.005059,0.0261228,0.384154,0,0,0
28.25,3,0,0,0,0,0,0,0,0,0,0
28.25,4,0,0,0,0,0,0,0,0,0,0
28.25,5,0,0,0,0,0,0,0,0,0,0
28.3057,0,-1.45709,2.87278,3.65122,-0.000803382,-0.00432387,-0.0941181,0.399866,0,0,0
28.3057,1,1.74761,2.87476,4.29177,-0.0566295,0.00121214,-0.102619,0.38179,0,0,0
28.3057,2,-0.502982,2.87197,6.74157,-0.08519,-0.0087712,0.0298325,0.386476,0,0,0
28.3057,3,0,0,0,0,0,0,0,0,0,0
28.3057,4,0,0,0,0,0,0,0,0,0,0
28.3057,5,0,0,0,0,0,0,0,0,0,0
28.3578,0,-1.4548,2.87421,3.64703,0.00821144,0.000815141,-0.103122,0.399866,0,0,0
28.3578,1,1.74419,2.87436,4.28632,-0.0603467,-0.000171789,-0.0725734,0.38179,0,0,0
28.3578,2,-0.499637,2.87374,6.74261,-0.0599494,-0.00320158,0.0326606,0.386476,0,0,0
28.3578,3,0,0,0,0,0,0,0,0,0,0
28.3578,4,0,0,0,0,0,0,0,0,0,0
28.3578,5,0,0,0,0,0,0,0,0,0,0
28.4155,0,-1.45181,2.87443,3.64277,0.0180496,0.000959779,-0.108715,0.400925,0,0,0
28.4155,1,1.7402,2.87435,4.28346,-0.0645862,-0.000116777,-0.0402565,0.376502,0,0,0
28.4155,2,-0.494093,2.87546,6.74497,-0.030643,0.00172932,0.0346127,0.38817,0,0,0
28.4155,3,0,0,0,0,0,0,0,0,0,0
28.4155,4,0,0,0,0,0,0,0,0,0,0
28.4155,5,0,0,0,0,0,0,0,0,0,0
28.4691,0,-1.44795,2.87419,3.63968,0.029257,-0.000691323,-0.110236,0.400925,0,0,0
28.4691,1,1.73816,2.87413,4.28206,-0.0634565,-0.00091918,-3.65308e-05,0.376502,0,0,0
28.4691,2,-0.485089,2.87573,6.74661,0.00816524,0.0013944,0.0323929,0.38757,0,0,0
28.4691,3,0,0,0,0,0,0,0,0,0,0
28.4691,4,0,0,0,0,0,0,0,0,0,0
28.4691,5,0,0,0,0,0,0,0,0,0,0
28.5219,0,-1.44291,2.87475,3.63272,0.0425839,0.000529899,-0.116541,0.399584,0,0,0
28.5219,1,1.73622,2.87406,4.2827,-0.0614602,-0.00112991,0.00942261,0.372826,0,0,0
28.5219,2,-0.476127,2.87369,6.74852,0.0412777,-0.00706286,0.0314523,0.38757,0,0,0
28.5219,3,0,0,0,0,0,0,0,0,0,0
28.5219,4,0,0,0,0,0,0,0,0,0,0
28.5219,5,0,0,0,0,0,0,0,0,0,0
28.575,0,-1.4372,2.87448,3.62717,0.0564533,-0.00133566,-0.111881,0.399584,0,0,0
28.575,1,1.73615,2.87419,4.28542,-0.0543667,-0.000986686,0.0558695,0.372826,0,0,0
28.575,2,-0.470627,2.87469,6.7499,0.0562798,-0.00294109,0.031078,0.38757,0,0,0
28.575,3,0,0,0,0,0,0,0,0,0,0
28.575,4,0,0,0,0,0,0,0,0,0,0
28.575,5,0,0,0,0,0,0,0,0,0,0
28.6251,0,-1.43333,2.87462,3.62167,0.0620373,-0.000967408,-0.111039,0.39861,0,0,0
28.6251,1,1.7356,2.8741,4.2884,-0.0495343,-0.0012618,0.0740428,0.370853,0,0,0
28.6251,2,-0.465442,2.87525,6.7499,0.0679385,-0.00091933,0.0269691,0.386906,0,0,0
28.6251,3,0,0,0,0,0,0,0,0,0,0
28.6251,4,0,0,0,0,0,0,0,0,0,0
28.6251,5,0,0,0,0,0,0,0,0,0,0
28.6876,0,-1.42804,2.87665,3.61433,0.0710076,0.00525849,-0.113044,0.39861,0,0,0
28.6876,1,1.7362,2.87436,4.29304,-0.0411154,-0.000616377,0.0854645,0.370853,0,0,0
28.6876,2,-0.461001,2.875,6.75128,0.074216,-0.00177321,0.0264815,0.386906,0,0,0
28.6876,3,0,0,0,0,0,0,0,0,0,0
28.6876,4,0,0,0,0,0,0,0,0,0,0
28.6876,5,0,0,0,0,0,0,0,0,0,0
28.7378,0,-1.41888,2.87514,3.60883,0.0918247,-0.000719704,-0.105778,0.399729,0,0,0
28.7378,1,1.73758,2.87456,4.29811,-0.0313524,-0.000228926,0.0924136,0.370645,0,0,0
28.7378,2,-0.456855,2.87758,6.75185,0.0776218,0.00740345,0.0214488,0.38598,0,0,0
28.7378,3,0,0,0,0,0,0,0,0,0,0
28.7378,4,0,0,0,0,0,0,0,0,0,0
28.7378,5,0,0,0,0,0,0,0,0,0,0
28.7883,0,-1.4069,2.87494,3.60372,0.120274,-0.00319008,-0.0778654,0.399729,0,0,0
28.7883,1,1.74062,2.87385,4.30287,-0.0165236,-0.00312152,0.093784,0.370645,0,0,0
28.7883,2,-0.441092,2.87793,6.75464,0.121916,0.00563157,0.0183444,0.385366,0,0,0
28.7883,3,0,0,0,0,0,0,0,0,0,0
28.7883,4,0,0,0,0,0,0,0,0,0,0
28.7883,5,0,0,0,0,0,0,0,0,0,0
28.8492,0,-1.39552,2.87523,3.60036,0.142759,-0.00317083,-0.0760169,0.391227,0,0,0
28.8492,1,1.74166,2.87429,4.30608,-0.0100939,-0.00148155,0.0925867,0.373079,0,0,0
28.8492,2,-0.428315,2.87498,6.75564,0.150365,-0.00652185,0.0158863,0.385366,0,0,0
28.8492,3,0,0,0,0,0,0,0,0,0,0
28.8492,4,0,0,0,0,0,0,0,0,0,0
28.8492,5,0,0,0,0,0,0,0,0,0,0
28.9012,0,-1.39025,2.87645,3.59968,0.139474,0.00183096,-0.0677072,0.391227,0,0,0
28.9012,1,1.74441,2.87398,4.31128,0.00142152,-0.00331455,0.0897435,0.373079,0,0,0
28.9012,2,-0.422523,2.87676,6.75641,0.148388,0.00107353,0.0122885,0.385366,0,0,0
28.9012,3,0,0,0,0,0,0,0,0,0,0
28.9012,4,0,0,0,0,0,0,0,0,0,0
28.9012,5,0,0,0,0,0,0,0,0,0,0
28.9513,0,-1.38411,2.87618,3.59638,0.139993,0.000574628,-0.0550796,0.382315,0,0,0
28.9513,1,1.74566,2.87449,4.31593,0.00600135,-0.00127422,0.0864277,0.375336,0,0,0
28.9513,2,-0.415921,2.87693,6.75716,0.149616,0.00164378,0.00922963,0.384364,0,0,0
28.9513,3,0,0,0,0,0,0,0,0,0,0
28.9513,4,0,0,0,0,0,0,0,0,0,0
28.9513,5,0,0,0,0,0,0,0,0,0,0
29.0116,0,-1.38056,2.87649,3.59409,0.128144,0.00216212,-0.0502828,0.382315,0,0,0
29.0116,1,1.74856,2.87431,4.32046,0.0155704,-0.00245397,0.0830676,0.375336,0,0,0
29.0116,2,-0.40924,2.8764,6.75786,0.15192,-0.000437843,0.00880663,0.384387,0,0,0
29.0116,3,0,0,0,0,0,0,0,0,0,0
29.0116,4,0,0,0,0,0,0,0,0,0,0
29.0116,5,0,0,0,0,0,0,0,0,0,0
29.0746,0,-1.37485,2.87663,3.59129,0.126993,0.00425523,-0.0376685,0.379766,0,0,0
29.0746,1,1.75071,2.87448,4.32476,0.021182,-0.00187319,0.07941,0.379057,0,0,0
29.0746,2,-0.406162,2.87721,6.75807,0.140625,0.00328266,0.00227498,0.384387,0,0,0
29.0746,3,0,0,0,0,0,0,0,0,0,0
29.0746,4,0,0,0,0,0,0,0,0,0,0
29.0746,5,0,0,0,0,0,0,0,0,0,0
29.1312,0,-1.37226,2.87644,3.5898,0.115726,0.00371012,-0.0205499,0.379766,0,0,0
29.1312,1,1.75215,2.87512,4.32878,0.0234448,0.000532365,0.076224,0.379057,0,0,0
29.1312,2,-0.399748,2.87724,6.75819,0.140408,0.00297428,-0.010732,0.383994,0,0,0
29.1312,3,0,0,0,0,0,0,0,0,0,0
29.1312,4,0,0,0,0,0,0,0,0,0,0
29.1312,5,0,0,0,0,0,0,0,0,0,0
29.1944,0,-1.36696,2.87603,3.58961,0.117574,0.00193952,-0.010161,0.377462,0,0,0
29.1944,1,1.75473,2.87487,4.33232,0.0295083,-0.000807826,0.0737872,0.382125,0,0,0
29.1944,2,-0.392228,2.87636,6.75746,0.144815,-0.000812428,-0.020875,0.383994,0,0,0
29.1944,3,0,0,0,0,0,0,0,0,0,0
29.1944,4,0,0,0,0,0,0,0,0,0,0
29.1944,5,0,0,0,0,0,0,0,0,0,0
29.2549,0,-1.36928,2.8763,3.5916,0.0939594,0.00357649,0.0310042,0.377462,0,0,0
29.2549,1,1.75729,2.87497,4.33574,0.0344829,-0.000612504,0.0719727,0.382125,0,0,0
29.2549,2,-0.38844,2.87649,6.75665,0.135618,0.000107349,-0.0301328,0.382853,0,0,0
29.2549,3,0,0,0,0,0,0,0,0,0,0
29.2549,4,0,0,0,0,0,0,0,0,0,0
29.2549,5,0,0,0,0,0,0,0,0,0,0
29.3076,0,-1.36503,2.87606,3.59399,0.095597,0.00234533,0.0401217,0.374156,0,0,0
29.3076,1,1.75951,2.87515,4.33956,0.0370365,-5.91661e-05,0.0704945,0.386142,0,0,0
29.3076,2,-0.379276,2.87632,6.75492,0.127612,-0.000139315,-0.0356396,0.382853,0,0,0
29.3076,3,0,0,0,0,0,0,0,0,0,0
29.3076,4,0,0,0,0,0,0,0,0,0,0
29.3076,5,0,0,0,0,0,0,0,0,0,0
29.3679,0,-1.37059,2.87662,3.59713,0.0654552,0.00576732,0.0751055,0.374156,0,0,0
29.3679,1,1.76162,2.87523,4.34313,0.039299,7.58597e-05,0.0696624,0.386142,0,0,0
29.3679,2,-0.384687,2.87641,6.75365,0.107829,0.000829142,-0.0368376,0.379943,0,0,0
29.3679,3,0,0,0,0,0,0,0,0,0,0
29.3679,4,0,0,0,0,0,0,0,0,0,0
29.3679,5,0,0,0,0,0,0,0,0,0,0
29.4257,0,-1.37218,2.87658,3.60128,0.0498178,0.00581423,0.0851556,0.370855,0,0,0
29.4257,1,1.76369,2.87528,4.34695,0.0410459,0.000145886,0.0690198,0.3897,0,0,0
29.4257,2,-0.385265,2.87627,6.75171,0.087834,0.000985081,-0.036258,0.379943,0,0,0
29.4257,3,0,0,0,0,0,0,0,0,0,0
29.4257,4,0,0,0,0,0,0,0,0,0,0
29.4257,5,0,0,0,0,0,0,0,0,0,0
29.481,0,-1.3728,2.87397,3.60745,0.0413577,-0.00283253,0.0977006,0.370855,0,0,0
29.481,1,1.76606,2.87527,4.35061,0.0435643,-6.44272e-05,0.0687179,0.3897,0,0,0
29.481,2,-0.384014,2.87622,6.75031,0.0670197,0.00136139,-0.0342537,0.376848,0,0,0
29.481,3,0,0,0,0,0,0,0,0,0,0
29.481,4,0,0,0,0,0,0,0,0,0,0
29.481,5,0,0,0,0,0,0,0,0,0,0
29.5342,0,-1.38145,2.87566,3.61058,0.00495051,0.00340333,0.10135,0.364676,0,0,0
29.5342,1,1.7682,2.87546,4.35408,0.0441949,0.00056978,0.0682164,0.393756,0,0,0
29.5342,2,-0.384014,2.87622,6.75031,0.0670197,0.00136139,-0.0342537,0.376848,0,0,0
29.5342,3,0,0,0,0,0,0,0,0,0,0
29.5342,4,0,0,0,0,0,0,0,0,0,0
29.5342,5,0,0,0,0,0,0,0,0,0,0
29.5878,0,-1.38145,2.87566,3.61058,0.00495051,0.00340333,0.10135,0.364676,0,0,0
29.5878,1,1.7694,2.87551,4.35748,0.0414762,0.000862559,0.0673949,0.393756,0,0,0
29.5878,2,-0.38977,2.87427,6.74837,0.0394439,-0.00392664,-0.0302049,0.373661,0,0,0
29.5878,3,0,0,0,0,0,0,0,0,0,0
29.5878,4,0,0,0,0,0,0,0,0,0,0
29.5878,5,0,0,0,0,0,0,0,0,0,0
29.6469,0,-1.39019,2.8762,3.61723,-0.0273558,0.00745913,0.100926,0.369828,0,0,0
29.6469,1,1.77211,2.87533,4.36047,0.0452116,0.000162388,0.0665843,0.397371,0,0,0
29.6469,2,-0.401249,2.87733,6.74697,-0.00483189,0.00761246,-0.0259435,0.373661,0,0,0
29.6469,3,0,0,0,0,0,0,0,0,0,0
29.6469,4,0,0,0,0,0,0,0,0,0,0
29.6469,5,0,0,0,0,0,0,0,0,0,0
29.7021,0,-1.40288,2.87416,3.62695,-0.0628449,0.000679703,0.0886336,0.369828,0,0,0
29.7021,1,1.77372,2.87545,4.36597,0.0448002,0.000572801,0.0651307,0.397371,0,0,0
29.7021,2,-0.418687,2.87667,6.74542,-0.0591192,0.00316227,-0.0204311,0.37284,0,0,0
29.7021,3,0,0,0,0,0,0,0,0,0,0
29.7021,4,0,0,0,0,0,0,0,0,0,0
29.7021,5,0,0,0,0,0,0,0,0,0,0
29.7624,0,-1.41302,2.87498,3.63313,-0.0907542,0.00555668,0.0778421,0.372489,0,0,0
29.7624,1,1.77406,2.87548,4.36884,0.0397038,0.000858687,0.0517361,0.399107,0,0,0
29.7624,2,-0.418687,2.87667,6.74542,-0.0591192,0.00316227,-0.0204311,0.37284,0,0,0
29.7624,3,0,0,0,0,0,0,0,0,0,0
29.7624,4,0,0,0,0,0,0,0,0,0,0
29.7624,5,0,0,0,0,0,0,0,0,0,0
29.8227,0,-1.42045,2.87419,3.63654,-0.103683,0.00255532,0.066756,0.372489,0,0,0
29.8227,1,1.77656,2.87525,4.37007,0.0417705,-0.000306239,0.00992527,0.399107,0,0,0
29.8227,2,-0.429054,2.87632,6.74426,-0.0871097,0.00361275,-0.0191081,0.373193,0,0,0
29.8227,3,0,0,0,0,0,0,0,0,0,0
29.8227,4,0,0,0,0,0,0,0,0,0,0
29.8227,5,0,0,0,0,0,0,0,0,0,0
29.8831,0,-1.42711,2.87292,3.64025,-0.112918,-0.00150369,0.0651205,0.379673,0,0,0
29.8831,1,1.77767,2.87568,4.36974,0.0383711,0.00137113,-0.00424196,0.402706,0,0,0
29.8831,2,-0.446491,2.87308,6.74285,-0.118808,-0.00573953,-0.0175359,0.373193,0,0,0
29.8831,3,0,0,0,0,0,0,0,0,0,0
29.8831,4,0,0,0,0,0,0,0,0,0,0
29.8831,5,0,0,0,0,0,0,0,0,0,0
29.9358,0,-1.43297,2.87273,3.64225,-0.114606,-0.00210575,0.0516504,0.379673,0,0,0
29.9358,1,1.77782,2.8758,4.36845,0.0320493,0.00199654,-0.0405925,0.402706,0,0,0
29.9358,2,-0.446491,2.87308,6.74285,-0.118808,-0.00573953,-0.0175359,0.374741,0,0,0
29.9358,3,0,0,0,0,0,0,0,0,0,0
29.9358,4,0,0,0,0,0,0,0,0,0,0
29.9358,5,0,0,0,0,0,0,0,0,0,0
29.9885,0,-1.43939,2.87198,3.64519,-0.121227,-0.00411644,0.0500021,0.386033,0,0,0
29.9885,1,1.77894,2.87526,4.36566,0.0300926,5.94019e-05,-0.072457,0.404052,0,0,0
29.9885,2,-0.46471,2.87394,6.74123,-0.146075,-0.00132534,-0.0178956,0.374741,0,0,0
29.9885,3,0,0,0,0,0,0,0,0,0,0
29.9885,4,0,0,0,0,0,0,0,0,0,0
29.9885,5,0,0,0,0,0,0,0,0,0,0
30.0394,0,-1.43939,2.87198,3.64519,-0.121227,-0.00411644,0.0500021,0.386033,0,0,0
30.0394,1,1.77794,2.8753,4.36109,0.0217228,0.000361902,-0.0983716,0.404052,0,0,0
30.0394,2,-0.46471,2.87394,6.74123,-0.146075,-0.00132534,-0.0178956,0.37706,0,0,0
30.0394,3,0,0,0,0,0,0,0,0,0,0
30.0394,4,0,0,0,0,0,0,0,0,0,0
30.0394,5,0,0,0,0,0,0,0,0,0,0
30.0978,0,-1.44772,2.87188,3.6486,-0.1167,-0.00431562,0.037615,0.391049,0,0,0
30.0978,1,1.77491,2.87589,4.3561,0.00805473,0.00270809,-0.125919,0.400354,0,0,0
30.0978,2,-0.471065,2.8738,6.74045,-0.148656,-0.00104965,-0.018854,0.37706,0,0,0
30.0978,3,0,0,0,0,0,0,0,0,0,0
30.0978,4,0,0,0,0,0,0,0,0,0,0
30.0978,5,0,0,0,0,0,0,0,0,0,0
30.1492,0,-1.44772,2.87188,3.6486,-0.1167,-0.00431562,0.037615,0.391049,0,0,0
30.1492,1,1.77181,2.8759,4.34237,-0.00406298,0.0035017,-0.149114,0.400354,0,0,0
30.1492,2,-0.479935,2.87285,6.73977,-0.157426,-0.00372924,-0.0197028,0.379574,0,0,0
30.1492,3,0,0,0,0,0,0,0,0,0,0
30.1492,4,0,0,0,0,0,0,0,0,0,0
30.1492,5,0,0,0,0,0,0,0,0,0,0
30.203,0,-1.45348,2.87263,3.65096,-0.120513,-0.00139039,0.0378014,0.397614,0,0,0
30.203,1,1.76866,2.87544,4.33239,-0.0145546,0.00208323,-0.157822,0.395961,0,0,0
30.203,2,-0.483304,2.87224,6.739,-0.144685,-0.00638069,-0.0201819,0.379574,0,0,0
30.203,3,0,0,0,0,0,0,0,0,0,0
30.203,4,0,0,0,0,0,0,0,0,0,0
30.203,5,0,0,0,0,0,0,0,0,0,0
30.2557,0,-1.45461,2.87256,3.65279,-0.107544,-0.00207028,0.0345625,0.397614,0,0,0
30.2557,1,1.76535,2.87568,4.32651,-0.0238752,0.00327667,-0.157322,0.395961,0,0,0
30.2557,2,-0.491211,2.87175,6.73792,-0.15051,-0.00700827,-0.0191232,0.381083,0,0,0
30.2557,3,0,0,0,0,0,0,0,0,0,0
30.2557,4,0,0,0,0,0,0,0,0,0,0
30.2557,5,0,0,0,0,0,0,0,0,0,0
30.3112,0,-1.46006,2.87271,3.6549,-0.110445,-0.00133282,0.0349706,0.400885,0,0,0
30.3112,1,1.76291,2.87474,4.3181,-0.0282741,2.04373e-05,-0.15339,0.392065,0,0,0
30.3112,2,-0.501127,2.87298,6.73724,-0.159861,-0.00204985,-0.0140583,0.381083,0,0,0
30.3112,3,0,0,0,0,0,0,0,0,0,0
30.3112,4,0,0,0,0,0,0,0,0,0,0
30.3112,5,0,0,0,0,0,0,0,0,0,0
30.3652,0,-1.46124,2.87237,3.65793,-0.0851676,-0.00342574,0.0354373,0.400885,0,0,0
30.3652,1,1.76097,2.87444,4.31046,-0.0348637,-0.000855262,-0.148065,0.392065,0,0,0
30.3652,2,-0.501315,2.87325,6.73701,-0.136919,-0.00213408,-0.00559855,0.383421,0,0,0
30.3652,3,0,0,0,0,0,0,0,0,0,0
30.3652,4,0,0,0,0,0,0,0,0,0,0
30.3652,5,0,0,0,0,0,0,0,0,0,0
30.4213,0,-1.46227,2.87263,3.65986,-0.0745406,-0.00289974,0.0370261,0.400227,0,0,0
30.4213,1,1.75493,2.87444,4.30353,-0.0453981,-0.000359376,-0.139559,0.38659,0,0,0
30.4213,2,-0.505623,2.8737,6.73718,-0.132036,-0.000487369,0.00185152,0.383421,0,0,0
30.4213,3,0,0,0,0,0,0,0,0,0,0
30.4213,4,0,0,0,0,0,0,0,0,0,0
30.4213,5,0,0,0,0,0,0,0,0,0,0
30.4831,0,-1.46227,2.87263,3.65986,-0.0745406,-0.00289974,0.0370261,0.400227,0,0,0
30.4831,1,1.75394,2.87448,4.30428,-0.0484881,-9.80305e-05,-0.122337,0.38659,0,0,0
30.4831,2,-0.508682,2.87353,6.73811,-0.123368,-0.00142676,0.0101219,0.386941,0,0,0
30.4831,3,0,0,0,0,0,0,0,0,0,0
30.4831,4,0,0,0,0,0,0,0,0,0,0
30.4831,5,0,0,0,0,0,0,0,0,0,0
30.5412,0,-1.46471,2.87378,3.662,-0.0724317,0.00091903,0.0329667,0.400968,0,0,0
30.5412,1,1.75095,2.87406,4.29874,-0.0516105,-0.00152916,-0.103982,0.383613,0,0,0
30.5412,2,-0.50953,2.87339,6.73894,-0.108022,-0.0025465,0.0163673,0.386941,0,0,0
30.5412,3,0,0,0,0,0,0,0,0,0,0
30.5412,4,0,0,0,0,0,0,0,0,0,0
30.5412,5,0,0,0,0,0,0,0,0,0,0
30.5997,0,-1.46512,2.87431,3.66402,-0.0542751,0.00176146,0.00867652,0.400968,0,0,0
30.5997,1,1.74754,2.87432,4.28995,-0.0558865,-0.000295727,-0.084485,0.383613,0,0,0
30.5997,2,-0.509031,2.87258,6.74035,-0.0901699,-0.00624945,0.0228743,0.389163,0,0,0
30.5997,3,0,0,0,0,0,0,0,0,0,0
30.5997,4,0,0,0,0,0,0,0,0,0,0
30.5997,5,0,0,0,0,0,0,0,0,0,0
30.6605,0,-1.46492,2.87394,3.66349,-0.0450268,9.53885e-05,-0.00706188,0.400246,0,0,0
30.6605,1,1.74466,2.87417,4.28839,-0.0582115,-0.000738329,-0.0513386,0.379675,0,0,0
30.6605,2,-0.508133,2.8725,6.74153,-0.0720657,-0.0067472,0.0267847,0.389163,0,0,0
30.6605,3,0,0,0,0,0,0,0,0,0,0
30.6605,4,0,0,0,0,0,0,0,0,0,0
30.6605,5,0,0,0,0,0,0,0,0,0,0
30.7127,0,-1.46301,2.87517,3.66154,-0.0307259,0.00329589,-0.0402208,0.400357,0,0,0
30.7127,1,1.74237,2.87414,4.28861,-0.0582061,-0.000826989,-0.0119833,0.379675,0,0,0
30.7127,2,-0.505724,2.87295,6.74256,-0.0513233,-0.00587677,0.0298276,0.390118,0,0,0
30.7127,3,0,0,0,0,0,0,0,0,0,0
30.7127,4,0,0,0,0,0,0,0,0,0,0
30.7127,5,0,0,0,0,0,0,0,0,0,0
30.768,0,-1.46095,2.87424,3.65922,-0.0185814,-0.000367622,-0.0489754,0.400357,0,0,0
30.768,1,1.74026,2.87404,4.29028,-0.0569678,-0.00114384,0.0180255,0.377389,0,0,0
30.768,2,-0.499052,2.87297,6.74446,-0.0200082,-0.00792945,0.0316689,0.390118,0,0,0
30.768,3,0,0,0,0,0,0,0,0,0,0
30.768,4,0,0,0,0,0,0,0,0,0,0
30.768,5,0,0,0,0,0,0,0,0,0,0
30.8252,0,-1.45837,2.87547,3.6556,-0.00624608,0.00290884,-0.0747551,0.399276,0,0,0
30.8252,1,1.73851,2.87377,4.29323,-0.0481859,-0.00234493,0.0563184,0.377389,0,0,0
30.8252,2,-0.495698,2.87686,6.74637,-0.00547856,0.00496312,0.0318045,0.390493,0,0,0
30.8252,3,0,0,0,0,0,0,0,0,0,0
30.8252,4,0,0,0,0,0,0,0,0,0,0
30.8252,5,0,0,0,0,0,0,0,0,0,0
30.8811,0,-1.45489,2.87501,3.65133,0.00669111,0.000690465,-0.0840284,0.399276,0,0,0
30.8811,1,1.73907,2.87433,4.29428,-0.0463428,-0.000419679,0.0656692,0.372907,0,0,0
30.8811,2,-0.484231,2.87563,6.74814,0.0332625,-0.000271564,0.0313574,0.390493,0,0,0
30.8811,3,0,0,0,0,0,0,0,0,0,0
30.8811,4,0,0,0,0,0,0,0,0,0,0
30.8811,5,0,0,0,0,0,0,0,0,0,0
30.9392,0,-1.44953,2.87644,3.64481,0.0237107,0.0043339,-0.108987,0.398562,0,0,0
30.9392,1,1.73879,2.8741,4.29848,-0.0398009,-0.00139113,0.0793635,0.372907,0,0,0
30.9392,2,-0.472869,2.8762,6.74994,0.0663546,0.000816981,0.0298502,0.387502,0,0,0
30.9392,3,0,0,0,0,0,0,0,0,0,0
30.9392,4,0,0,0,0,0,0,0,0,0,0
30.9392,5,0,0,0,0,0,0,0,0,0,0
31.0027,0,-1.43544,2.87449,3.63678,0.0682281,-0.00483271,-0.115969,0.398562,0,0,0
31.0027,1,1.73909,2.87395,4.30192,-0.0326201,-0.00209051,0.0850943,0.37135,0,0,0
31.0027,2,-0.463686,2.87561,6.75129,0.0879823,-0.00122319,0.0276035,0.387502,0,0,0
31.0027,3,0,0,0,0,0,0,0,0,0,0
31.0027,4,0,0,0,0,0,0,0,0,0,0
31.0027,5,0,0,0,0,0,0,0,0,0,0
31.0534,0,-1.42942,2.87667,3.6301,0.0783002,0.00247211,-0.115508,0.391308,0,0,0
31.0534,1,1.73998,2.87456,4.3052,-0.0243997,-3.6849e-05,0.088538,0.37135,0,0,0
31.0534,2,-0.454617,2.87964,6.75252,0.105164,0.0107833,0.0246873,0.386597,0,0,0
31.0534,3,0,0,0,0,0,0,0,0,0,0
31.0534,4,0,0,0,0,0,0,0,0,0,0
31.0534,5,0,0,0,0,0,0,0,0,0,0
31.1036,0,-1.41997,2.87557,3.62434,0.0982995,-0.00169223,-0.112743,0.391308,0,0,0
31.1036,1,1.74067,2.87409,4.3097,-0.0174745,-0.00193559,0.0885789,0.371595,0,0,0
31.1036,2,-0.440163,2.87685,6.75388,0.137474,3.79535e-05,0.0224408,0.386597,0,0,0
31.1036,3,0,0,0,0,0,0,0,0,0,0
31.1036,4,0,0,0,0,0,0,0,0,0,0
31.1036,5,0,0,0,0,0,0,0,0,0,0
31.1563,0,-1.41358,2.87581,3.61972,0.106186,-0.00109207,-0.107384,0.387088,0,0,0
31.1563,1,1.74157,2.87452,4.31336,-0.0111989,-0.000407562,0.0862692,0.371595,0,0,0
31.1563,2,-0.430787,2.87746,6.75644,0.148241,0.0017863,0.0211068,0.38445,0,0,0
31.1563,3,0,0,0,0,0,0,0,0,0,0
31.1563,4,0,0,0,0,0,0,0,0,0,0
31.1563,5,0,0,0,0,0,0,0,0,0,0
31.2166,0,-1.40657,2.87729,3.61368,0.114808,0.00353461,-0.0989702,0.387088,0,0,0
31.2166,1,1.74361,2.87499,4.31999,-0.000585161,0.000996416,0.0802164,0.371712,0,0,0
31.2166,2,-0.422719,2.87716,6.75649,0.155974,0.000497176,0.017621,0.38445,0,0,0
31.2166,3,0,0,0,0,0,0,0,0,0,0
31.2166,4,0,0,0,0,0,0,0,0,0,0
31.2166,5,0,0,0,0,0,0,0,0,0,0
31.267,0,-1.39782,2.87586,3.60865,0.128424,-0.00171067,-0.0926105,0.384159,0,0,0
31.267,1,1.74361,2.87499,4.31999,-0.000585161,0.000996416,0.0802164,0.371712,0,0,0
31.267,2,-0.416042,2.87792,6.75845,0.157062,0.00296197,0.0157877,0.384468,0,0,0
31.267,3,0,0,0,0,0,0,0,0,0,0
31.267,4,0,0,0,0,0,0,0,0,0,0
31.267,5,0,0,0,0,0,0,0,0,0,0
31.3278,0,-1.39115,2.8762,3.60528,0.133329,-0.000531994,-0.0827334,0.384159,0,0,0
31.3278,1,1.74624,2.87521,4.32721,0.00939115,0.00131936,0.0751765,0.372695,0,0,0
31.3278,2,-0.417038,2.87712,6.75931,0.153511,0.00017545,0.0145591,0.384468,0,0,0
31.3278,3,0,0,0,0,0,0,0,0,0,0
31.3278,4,0,0,0,0,0,0,0,0,0,0
31.3278,5,0,0,0,0,0,0,0,0,0,0
31.378,0,-1.38498,2.87556,3.60114,0.135689,-0.00181795,-0.0739622,0.378924,0,0,0
31.378,1,1.75164,2.87474,4.33636,0.0253943,-0.000870361,0.068583,0.372695,0,0,0
31.378,2,-0.407008,2.87788,6.75985,0.143758,0.00320815,0.0129403,0.386609,0,0,0
31.378,3,0,0,0,0,0,0,0,0,0,0
31.378,4,0,0,0,0,0,0,0,0,0,0
31.378,5,0,0,0,0,0,0,0,0,0,0
31.4333,0,-1.38041,2.8763,3.59745,0.132772,0.000946474,-0.0745187,0.378924,0,0,0
31.4333,1,1.75164,2.87474,4.33636,0.0253943,-0.000870361,0.068583,0.376993,0,0,0
31.4333,2,-0.402152,2.87721,6.76033,0.140977,0.000942748,0.0101539,0.386609,0,0,0
31.4333,3,0,0,0,0,0,0,0,0,0,0
31.4333,4,0,0,0,0,0,0,0,0,0,0
31.4333,5,0,0,0,0,0,0,0,0,0,0
31.491,0,-1.38341,2.87624,3.59669,0.104531,0.00218711,-0.0615294,0.377185,0,0,0
31.491,1,1.75351,2.87494,4.33951,0.0287682,-0.000148551,0.0653922,0.380173,0,0,0
31.491,2,-0.398359,2.87728,6.76068,0.13498,0.00134964,0.00560077,0.386294,0,0,0
31.491,3,0,0,0,0,0,0,0,0,0,0
31.491,4,0,0,0,0,0,0,0,0,0,0
31.491,5,0,0,0,0,0,0,0,0,0,0
31.5411,0,-1.37881,2.87617,3.5938,0.103803,0.00168248,-0.0539042,0.377185,0,0,0
31.5411,1,1.75501,2.87511,4.34267,0.0302618,0.000475981,0.0633084,0.380173,0,0,0
31.5411,2,-0.393102,2.87665,6.76066,0.133291,-0.000677312,-0.00291837,0.386294,0,0,0
31.5411,3,0,0,0,0,0,0,0,0,0,0
31.5411,4,0,0,0,0,0,0,0,0,0,0
31.5411,5,0,0,0,0,0,0,0,0,0,0
31.5913,0,-1.37533,2.87534,3.59097,0.100973,-0.00119118,-0.0447465,0.378804,0,0,0
31.5913,1,1.75688,2.87501,4.34593,0.0325514,-3.89938e-05,0.0625903,0.380173,0,0,0
31.5913,2,-0.39172,2.87694,6.76033,0.11778,0.000774541,-0.0150419,0.386092,0,0,0
31.5913,3,0,0,0,0,0,0,0,0,0,0
31.5913,4,0,0,0,0,0,0,0,0,0,0
31.5913,5,0,0,0,0,0,0,0,0,0,0
31.6495,0,-1.37182,2.87522,3.58884,0.0981096,-0.00132599,-0.0321991,0.378804,0,0,0
31.6495,1,1.7598,2.87503,4.35142,0.0338409,3.51115e-05,0.0633807,0.382982,0,0,0
31.6495,2,-0.387118,2.87664,6.75968,0.114583,-0.000151916,-0.0277815,0.386092,0,0,0
31.6495,3,0,0,0,0,0,0,0,0,0,0
31.6495,4,0,0,0,0,0,0,0,0,0,0
31.6495,5,0,0,0,0,0,0,0,0,0,0
31.6996,0,-1.36961,2.8758,3.58781,0.0902113,0.00136784,-0.0181336,0.377896,0,0,0
31.6996,1,1.7598,2.87503,4.35142,0.0338409,3.51115e-05,0.0633807,0.382982,0,0,0
31.6996,2,-0.387829,2.87593,6.75906,0.11165,-0.00267372,-0.0316441,0.384874,0,0,0
31.6996,3,0,0,0,0,0,0,0,0,0,0
31.6996,4,0,0,0,0,0,0,0,0,0,0
31.6996,5,0,0,0,0,0,0,0,0,0,0
31.7586,0,-1.3687,2.87587,3.5877,0.08016,0.00217931,0.0027595,0.377896,0,0,0
31.7586,1,1.76307,2.87506,4.35863,0.0358596,-7.76244e-05,0.0645758,0.385527,0,0,0
31.7586,2,-0.381137,2.87625,6.75572,0.101415,-0.000630098,-0.0374003,0.384874,0,0,0
31.7586,3,0,0,0,0,0,0,0,0,0,0
31.7586,4,0,0,0,0,0,0,0,0,0,0
31.7586,5,0,0,0,0,0,0,0,0,0,0
31.814,0,-1.36889,2.87557,3.58912,0.0688381,0.00196292,0.0351017,0.376738,0,0,0
31.814,1,1.76477,2.87513,4.36182,0.0367318,0.000165576,0.0643502,0.388414,0,0,0
31.814,2,-0.386862,2.876,6.75547,0.0808822,-0.00073226,-0.0368535,0.380768,0,0,0
31.814,3,0,0,0,0,0,0,0,0,0,0
31.814,4,0,0,0,0,0,0,0,0,0,0
31.814,5,0,0,0,0,0,0,0,0,0,0
31.8793,0,-1.3703,2.87478,3.5919,0.0545839,-0.000241513,0.0599802,0.376738,0,0,0
31.8793,1,1.76673,2.87482,4.36522,0.038569,-0.000835006,0.0630311,0.388414,0,0,0
31.8793,2,-0.389109,2.87555,6.75375,0.0590077,-0.00131092,-0.0358117,0.380768,0,0,0
31.8793,3,0,0,0,0,0,0,0,0,0,0
31.8793,4,0,0,0,0,0,0,0,0,0,0
31.8793,5,0,0,0,0,0,0,0,0,0,0
31.9387,0,-1.36879,2.87368,3.59592,0.0530141,-0.00354509,0.0846148,0.374591,0,0,0
31.9387,1,1.76837,2.87515,4.36854,0.0387763,0.000471286,0.0617339,0.391849,0,0,0
31.9387,2,-0.393501,2.87537,6.75158,0.0329404,-0.00080103,-0.033506,0.379015,0,0,0
31.9387,3,0,0,0,0,0,0,0,0,0,0
31.9387,4,0,0,0,0,0,0,0,0,0,0
31.9387,5,0,0,0,0,0,0,0,0,0,0
31.9987,0,-1.37697,2.87493,3.60188,0.0182149,0.0023076,0.104319,0.374591,0,0,0
31.9987,1,1.77027,2.87512,4.37174,0.0396417,0.000264755,0.0579152,0.391849,0,0,0
31.9987,2,-0.399603,2.87555,6.75016,0.00466896,0.00105282,-0.0299483,0.375965,0,0,0
31.9987,3,0,0,0,0,0,0,0,0,0,0
31.9987,4,0,0,0,0,0,0,0,0,0,0
31.9987,5,0,0,0,0,0,0,0,0,0,0
32.049,0,-1.37697,2.87493,3.60188,0.0182149,0.0023076,0.104319,0.371599,0,0,0
32.049,1,1.77163,2.87524,4.37442,0.0386079,0.00073984,0.0474702,0.395281,0,0,0
32.049,2,-0.405871,2.87583,6.7489,-0.0195885,0.00298473,-0.0264673,0.375965,0,0,0
32.049,3,0,0,0,0,0,0,0,0,0,0
32.049,4,0,0,0,0,0,0,0,0,0,0
32.049,5,0,0,0,0,0,0,0,0,0,0
32.0996,0,-1.3815,2.87416,3.60782,-0.00129213,0.00018148,0.114475,0.371599,0,0,0
32.0996,1,1.77163,2.87524,4.37442,0.0386079,0.00073984,0.0474702,0.395281,0,0,0
32.0996,2,-0.411694,2.87438,6.74765,-0.0386633,-0.00187256,-0.0237045,0.375965,0,0,0
32.0996,3,0,0,0,0,0,0,0,0,0,0
32.0996,4,0,0,0,0,0,0,0,0,0,0
32.0996,5,0,0,0,0,0,0,0,0,0,0
32.1551,0,-1.38789,2.87457,3.6131,-0.0248528,0.00293936,0.118499,0.371086,0,0,0
32.1551,1,1.77279,2.87525,4.37625,0.0367253,0.00075623,0.0270911,0.397788,0,0,0
32.1551,2,-0.421514,2.87574,6.74669,-0.0693862,0.00455112,-0.020687,0.374454,0,0,0
32.1551,3,0,0,0,0,0,0,0,0,0,0
32.1551,4,0,0,0,0,0,0,0,0,0,0
32.1551,5,0,0,0,0,0,0,0,0,0,0
32.2081,0,-1.39466,2.8743,3.61977,-0.0472981,0.00279825,0.114706,0.371086,0,0,0
32.2081,1,1.77395,2.87521,4.37687,0.0345031,0.000581256,-0.00485638,0.397788,0,0,0
32.2081,2,-0.430248,2.87549,6.74591,-0.0895873,0.00404125,-0.0181717,0.374454,0,0,0
32.2081,3,0,0,0,0,0,0,0,0,0,0
32.2081,4,0,0,0,0,0,0,0,0,0,0
32.2081,5,0,0,0,0,0,0,0,0,0,0
32.2583,0,-1.39997,2.87454,3.62541,-0.0611646,0.00400972,0.110486,0.371353,0,0,0
32.2583,1,1.77613,2.87514,4.37362,0.0311066,0.000350608,-0.0441429,0.397788,0,0,0
32.2583,2,-0.434884,2.87431,6.74552,-0.0939151,-0.000683145,-0.0165434,0.374999,0,0,0
32.2583,3,0,0,0,0,0,0,0,0,0,0
32.2583,4,0,0,0,0,0,0,0,0,0,0
32.2583,5,0,0,0,0,0,0,0,0,0,0
32.313,0,-1.40362,2.87373,3.63036,-0.0667933,0.000903986,0.101048,0.371353,0,0,0
32.313,1,1.77629,2.87516,4.37,0.0264059,0.000461441,-0.0788443,0.401132,0,0,0
32.313,2,-0.440609,2.87337,6.74483,-0.101083,-0.00338195,-0.0144681,0.375604,0,0,0
32.313,3,0,0,0,0,0,0,0,0,0,0
32.313,4,0,0,0,0,0,0,0,0,0,0
32.313,5,0,0,0,0,0,0,0,0,0,0
32.3663,0,-1.41731,2.87436,3.63595,-0.103677,0.00567918,0.0862659,0.377614,0,0,0
32.3663,1,1.7754,2.87496,4.36315,0.0191436,-5.97697e-05,-0.10927,0.400572,0,0,0
32.3663,2,-0.4484,2.8729,6.74433,-0.112897,-0.00498831,-0.013565,0.375604,0,0,0
32.3663,3,0,0,0,0,0,0,0,0,0,0
32.3663,4,0,0,0,0,0,0,0,0,0,0
32.3663,5,0,0,0,0,0,0,0,0,0,0
32.422,0,-1.42406,2.87317,3.63949,-0.113295,0.00124881,0.0754603,0.377614,0,0,0
32.422,1,1.77221,2.87571,4.35678,0.00511122,0.00302474,-0.136589,0.400572,0,0,0
32.422,2,-0.462483,2.87373,6.74349,-0.147335,0.000369238,-0.0134693,0.375604,0,0,0
32.422,3,0,0,0,0,0,0,0,0,0,0
32.422,4,0,0,0,0,0,0,0,0,0,0
32.422,5,0,0,0,0,0,0,0,0,0,0
32.4752,0,-1.43174,2.87342,3.64339,-0.125091,0.00262672,0.0625555,0.384365,0,0,0
32.4752,1,1.77051,2.87561,4.34795,-0.00203149,0.00279216,-0.14982,0.39643,0,0,0
32.4752,2,-0.473939,2.87454,6.74286,-0.163781,0.00389692,-0.0138661,0.378737,0,0,0
32.4752,3,0,0,0,0,0,0,0,0,0,0
32.4752,4,0,0,0,0,0,0,0,0,0,0
32.4752,5,0,0,0,0,0,0,0,0,0,0
32.5337,0,-1.4373,2.87277,3.64642,-0.127067,8.55779e-05,0.0517378,0.384365,0,0,0
32.5337,1,1.76811,2.87506,4.34758,-0.00995725,0.000994109,-0.152351,0.39643,0,0,0
32.5337,2,-0.483081,2.87385,6.74228,-0.171034,0.00149149,-0.0145355,0.382851,0,0,0
32.5337,3,0,0,0,0,0,0,0,0,0,0
32.5337,4,0,0,0,0,0,0,0,0,0,0
32.5337,5,0,0,0,0,0,0,0,0,0,0
32.5915,0,-1.44381,2.87293,3.64872,-0.131984,0.000938636,0.0418825,0.390954,0,0,0
32.5915,1,1.7625,2.87536,4.33224,-0.0255504,0.00258525,-0.155791,0.392839,0,0,0
32.5915,2,-0.489944,2.87344,6.74182,-0.170404,-0.000156756,-0.0148291,0.382851,0,0,0
32.5915,3,0,0,0,0,0,0,0,0,0,0
32.5915,4,0,0,0,0,0,0,0,0,0,0
32.5915,5,0,0,0,0,0,0,0,0,0,0
32.6527,0,-1.44886,2.87273,3.65069,-0.130719,8.58587e-05,0.0329704,0.390954,0,0,0
32.6527,1,1.76006,2.8744,4.31738,-0.0297569,-0.000663778,-0.14632,0.392839,0,0,0
32.6527,2,-0.495874,2.87339,6.74109,-0.16646,-0.000514732,-0.0154667,0.385533,0,0,0
32.6527,3,0,0,0,0,0,0,0,0,0,0
32.6527,4,0,0,0,0,0,0,0,0,0,0
32.6527,5,0,0,0,0,0,0,0,0,0,0
32.7058,0,-1.4531,2.87269,3.65254,-0.125711,-0.000264756,0.0257333,0.396414,0,0,0
32.7058,1,1.75655,2.87503,4.31067,-0.0369016,0.0015202,-0.14896,0.38935,0,0,0
32.7058,2,-0.501782,2.87279,6.74048,-0.162778,-0.00280919,-0.0161715,0.385533,0,0,0
32.7058,3,0,0,0,0,0,0,0,0,0,0
32.7058,4,0,0,0,0,0,0,0,0,0,0
32.7058,5,0,0,0,0,0,0,0,0,0,0
32.7564,0,-1.45829,2.87229,3.65386,-0.12371,-0.00171198,0.021722,0.396414,0,0,0
32.7564,1,1.75401,2.87412,4.30646,-0.0396369,-0.00140606,-0.128918,0.38935,0,0,0
32.7564,2,-0.505068,2.87337,6.73978,-0.150533,-0.00121015,-0.0173528,0.387275,0,0,0
32.7564,3,0,0,0,0,0,0,0,0,0,0
32.7564,4,0,0,0,0,0,0,0,0,0,0
32.7564,5,0,0,0,0,0,0,0,0,0,0
32.8192,0,-1.46212,2.87242,3.65578,-0.102956,-0.00221505,0.0178117,0.400033,0,0,0
32.8192,1,1.7504,2.87459,4.30126,-0.0459339,0.000501896,-0.0960395,0.385161,0,0,0
32.8192,2,-0.509259,2.87358,6.73903,-0.142783,-0.000683293,-0.0186296,0.387275,0,0,0
32.8192,3,0,0,0,0,0,0,0,0,0,0
32.8192,4,0,0,0,0,0,0,0,0,0,0
32.8192,5,0,0,0,0,0,0,0,0,0,0
32.8724,0,-1.46414,2.87264,3.65689,-0.0941523,-0.00183516,0.0177802,0.400033,0,0,0
32.8724,1,1.74743,2.87407,4.30119,-0.0498504,-0.00117067,-0.0606089,0.385161,0,0,0
32.8724,2,-0.51484,2.87343,6.73808,-0.140913,-0.00121702,-0.01986,0.389079,0,0,0
32.8724,3,0,0,0,0,0,0,0,0,0,0
32.8724,4,0,0,0,0,0,0,0,0,0,0
32.8724,5,0,0,0,0,0,0,0,0,0,0
32.9225,0,-1.46442,2.87302,3.6577,-0.0809787,-0.00109853,0.0189245,0.403231,0,0,0
32.9225,1,1.74615,2.87415,4.29809,-0.0478431,-0.00113223,-0.0133779,0.379676,0,0,0
32.9225,2,-0.521999,2.87337,6.73715,-0.144896,-0.00122327,-0.0201296,0.389079,0,0,0
32.9225,3,0,0,0,0,0,0,0,0,0,0
32.9225,4,0,0,0,0,0,0,0,0,0,0
32.9225,5,0,0,0,0,0,0,0,0,0,0
32.9733,0,-1.46442,2.87302,3.6577,-0.0809787,-0.00109853,0.0189245,0.403231,0,0,0
32.9733,1,1.74461,2.87426,4.29889,-0.0470617,-0.000682328,0.0212772,0.379676,0,0,0
32.9733,2,-0.516189,2.87351,6.73721,-0.105347,-0.00252388,-0.0152236,0.388756,0,0,0
32.9733,3,0,0,0,0,0,0,0,0,0,0
32.9733,4,0,0,0,0,0,0,0,0,0,0
32.9733,5,0,0,0,0,0,0,0,0,0,0
33.0296,0,-1.4646,2.87367,3.65912,-0.0687703,0.000416598,0.0213957,0.403025,0,0,0
33.0296,1,1.74461,2.87426,4.29889,-0.0470617,-0.000682328,0.0212772,0.377361,0,0,0
33.0296,2,-0.518681,2.87368,6.73656,-0.0980036,-0.00211416,-0.00485429,0.388756,0,0,0
33.0296,3,0,0,0,0,0,0,0,0,0,0
33.0296,4,0,0,0,0,0,0,0,0,0,0
33.0296,5,0,0,0,0,0,0,0,0,0,0
33.0853,0,-1.46466,2.87391,3.66025,-0.0575733,0.00064774,0.0237474,0.403025,0,0,0
33.0853,1,1.74344,2.8742,4.30242,-0.0385309,-0.00115146,0.0585573,0.377361,0,0,0
33.0853,2,-0.523637,2.87473,6.73661,-0.0995515,0.00209654,0.00266856,0.390963,0,0,0
33.0853,3,0,0,0,0,0,0,0,0,0,0
33.0853,4,0,0,0,0,0,0,0,0,0,0
33.0853,5,0,0,0,0,0,0,0,0,0,0
33.1406,0,-1.46423,2.87419,3.66176,-0.0459607,0.000960945,0.0210941,0.401857,0,0,0
33.1406,1,1.74149,2.87439,4.30515,-0.0391142,-0.000440525,0.069591,0.375524,0,0,0
33.1406,2,-0.524321,2.87492,6.73749,-0.0858053,0.00193678,0.012511,0.390963,0,0,0
33.1406,3,0,0,0,0,0,0,0,0,0,0
33.1406,4,0,0,0,0,0,0,0,0,0,0
33.1406,5,0,0,0,0,0,0,0,0,0,0
33.1964,0,-1.46351,2.87445,3.66282,-0.0356983,0.00124045,0.010781,0.401857,0,0,0
33.1964,1,1.74374,2.87411,4.3087,-0.026285,-0.00175117,0.0785268,0.375524,0,0,0
33.1964,2,-0.523705,2.87486,6.73913,-0.069419,0.000892124,0.0220114,0.393325,0,0,0
33.1964,3,0,0,0,0,0,0,0,0,0,0
33.1964,4,0,0,0,0,0,0,0,0,0,0
33.1964,5,0,0,0,0,0,0,0,0,0,0
