time,uav_id,px,py,pz,vx,vy,vz,feedback,ref_x,ref_y,ref_z
6.0542e-05,0,3.26426,5.75497,3.82723,0.0228045,-0.0416024,-0.162004,0.397886,0,0,0
6.0542e-05,1,3.41452,2.48105,3.84999,-0.00758084,-0.000190088,0.00810736,0.396599,0,0,0
6.0542e-05,2,3.37762,4.06613,6.72579,0.00736593,-0.133761,-0.00766575,0.355066,0,0,0
6.0542e-05,3,0,0,0,0,0,0,0,0,0,0
6.0542e-05,4,0,0,0,0,0,0,0,0,0,0
6.0542e-05,5,0,0,0,0,0,0,0,0,0,0
0.0516952,0,3.27011,5.74489,3.81615,0.0407826,-0.0715773,-0.167709,0.397886,0,0,0
0.0516952,1,3.41395,2.48088,3.85055,-0.00800024,-0.00055823,0.00806697,0.396599,0,0,0
0.0516952,2,3.37847,4.05487,6.72619,0.00753817,-0.1336,-0.00834965,2.23569,0,0,0
0.0516952,3,0,0,0,0,0,0,0,0,0,0
0.0516952,4,0,0,0,0,0,0,0,0,0,0
0.0516952,5,0,0,0,0,0,0,0,0,0,0
0.106931,0,3.2706,5.7402,3.80495,0.0360118,-0.076886,-0.167168,2.13795,0,0,0
0.106931,1,3.41358,2.48064,3.8509,-0.00782464,-0.00114492,0.00814936,2.00042,0,0,0
0.106931,2,3.37852,4.05793,6.72586,0.00751692,-0.122698,-0.00814059,2.23569,0,0,0
0.106931,3,0,0,0,0,0,0,0,0,0,0
0.106931,4,0,0,0,0,0,0,0,0,0,0
0.106931,5,0,0,0,0,0,0,0,0,0,0
0.15799,0,3.27122,5.73512,3.79882,0.0321909,-0.0822711,-0.160572,2.13795,0,0,0
0.15799,1,3.4135,2.48039,3.85118,-0.00671516,-0.00176665,0.00810839,2.00042,0,0,0
0.15799,2,3.3785,4.05654,6.72581,0.00551308,-0.109237,-0.00662646,2.02818,0,0,0
0.15799,3,0,0,0,0,0,0,0,0,0,0
0.15799,4,0,0,0,0,0,0,0,0,0,0
0.15799,5,0,0,0,0,0,0,0,0,0,0
0.210903,0,3.27279,5.72943,3.7918,0.0314318,-0.0886362,-0.148313,2.13574,0,0,0
0.210903,1,3.41313,2.48026,3.85162,-0.00674502,-0.00184553,0.00806324,2.00094,0,0,0
0.210903,2,3.37912,4.05194,6.72562,0.00493386,-0.0937886,-0.00393283,2.02818,0,0,0
0.210903,3,0,0,0,0,0,0,0,0,0,0
0.210903,4,0,0,0,0,0,0,0,0,0,0
0.210903,5,0,0,0,0,0,0,0,0,0,0
0.276613,0,3.274,5.72442,3.78504,0.0303259,-0.0927201,-0.135696,2.13574,0,0,0
0.276613,1,3.41306,2.4801,3.85178,-0.00575468,-0.00208752,0.00818187,2.00094,0,0,0
0.276613,2,3.3781,4.05416,6.72557,0.0002535,-0.0739012,-0.00201475,2.02776,0,0,0
0.276613,3,0,0,0,0,0,0,0,0,0,0
0.276613,4,0,0,0,0,0,0,0,0,0,0
0.276613,5,0,0,0,0,0,0,0,0,0,0
0.332782,0,3.27599,5.71819,3.77885,0.032289,-0.10065,-0.122889,2.13176,0,0,0
0.332782,1,3.41264,2.4798,3.8524,-0.0059947,-0.00270945,0.00829634,2.00142,0,0,0
0.332782,2,3.37802,4.06027,6.72574,-0.000927905,-0.0520549,0.000290241,2.02776,0,0,0
0.332782,3,0,0,0,0,0,0,0,0,0,0
0.332782,4,0,0,0,0,0,0,0,0,0,0
0.332782,5,0,0,0,0,0,0,0,0,0,0
0.384059,0,3.27738,5.71277,3.77305,0.0315499,-0.10464,-0.105113,2.13176,0,0,0
0.384059,1,3.41194,2.47935,3.8529,-0.00722358,-0.003678,0.00839316,2.00142,0,0,0
0.384059,2,3.37855,4.06425,6.72572,-0.000270635,-0.0293437,0.00194168,2.02858,0,0,0
0.384059,3,0,0,0,0,0,0,0,0,0,0
0.384059,4,0,0,0,0,0,0,0,0,0,0
0.384059,5,0,0,0,0,0,0,0,0,0,0
0.436782,0,3.2777,5.71041,3.77388,0.0267973,-0.0973233,-0.0986623,2.12708,0,0,0
0.436782,1,3.41194,2.47935,3.8529,-0.00722358,-0.003678,0.00839316,2.00266,0,0,0
0.436782,2,3.37671,4.07556,6.72606,-0.00908084,0.0180627,0.00383794,2.02858,0,0,0
0.436782,3,0,0,0,0,0,0,0,0,0,0
0.436782,4,0,0,0,0,0,0,0,0,0,0
0.436782,5,0,0,0,0,0,0,0,0,0,0
0.494554,0,3.2791,5.70623,3.76901,0.0267228,-0.0973109,-0.0859341,2.12708,0,0,0
0.494554,1,3.41143,2.47893,3.85339,-0.00762612,-0.00450057,0.0083554,2.00266,0,0,0
0.494554,2,3.37847,4.07881,6.72666,-0.00297585,0.0270586,0.00497016,2.0295,0,0,0
0.494554,3,0,0,0,0,0,0,0,0,0,0
0.494554,4,0,0,0,0,0,0,0,0,0,0
0.494554,5,0,0,0,0,0,0,0,0,0,0
0.550343,0,3.2791,5.70623,3.76901,0.0267228,-0.0973109,-0.0859341,2.12456,0,0,0
0.550343,1,3.41104,2.47862,3.85387,-0.00759654,-0.00485712,0.00897606,2.00367,0,0,0
0.550343,2,3.37847,4.08994,6.72716,-0.00466198,0.0616482,0.00627293,2.0295,0,0,0
0.550343,3,0,0,0,0,0,0,0,0,0,0
0.550343,4,0,0,0,0,0,0,0,0,0,0
0.550343,5,0,0,0,0,0,0,0,0,0,0
0.606061,0,3.2798,5.70357,3.7609,0.0238918,-0.0916859,-0.077884,2.12456,0,0,0
0.606061,1,3.41067,2.47829,3.85441,-0.00753324,-0.00518189,0.0131305,2.00367,0,0,0
0.606061,2,3.38192,4.09784,6.72806,0.00587622,0.0804619,0.0088676,2.02765,0,0,0
0.606061,3,0,0,0,0,0,0,0,0,0,0
0.606061,4,0,0,0,0,0,0,0,0,0,0
0.606061,5,0,0,0,0,0,0,0,0,0,0
0.661512,0,3.28121,5.70045,3.7578,0.0240967,-0.0885082,-0.063405,2.12217,0,0,0
0.661512,1,3.4104,2.47799,3.8552,-0.00728047,-0.00536604,0.0180682,2.00442,0,0,0
0.661512,2,3.38726,4.105,6.72916,0.0212042,0.0929808,0.0141226,2.02765,0,0,0
0.661512,3,0,0,0,0,0,0,0,0,0,0
0.661512,4,0,0,0,0,0,0,0,0,0,0
0.661512,5,0,0,0,0,0,0,0,0,0,0
0.714378,0,3.28196,5.69854,3.75804,0.0217648,-0.0812465,-0.0462186,2.12217,0,0,0
0.714378,1,3.41046,2.4775,3.85648,-0.00609155,-0.00607759,0.0229063,2.00442,0,0,0
0.714378,2,3.39314,4.11466,6.72918,0.0351176,0.111672,0.018148,2.01915,0,0,0
0.714378,3,0,0,0,0,0,0,0,0,0,0
0.714378,4,0,0,0,0,0,0,0,0,0,0
0.714378,5,0,0,0,0,0,0,0,0,0,0
0.774722,0,3.28278,5.69658,3.75572,0.0199055,-0.0749945,-0.0209006,2.12015,0,0,0
0.774722,1,3.41027,2.47725,3.85824,-0.00628783,-0.00591495,0.0237969,2.00466,0,0,0
0.774722,2,3.40818,4.12075,6.72937,0.0787689,0.115822,0.0278161,2.01915,0,0,0
0.774722,3,0,0,0,0,0,0,0,0,0,0
0.774722,4,0,0,0,0,0,0,0,0,0,0
0.774722,5,0,0,0,0,0,0,0,0,0,0
0.834774,0,3.28397,5.69608,3.75668,0.0196249,-0.0658986,0.0122184,2.12015,0,0,0
0.834774,1,3.41346,2.4763,3.86143,0.00467319,-0.00870127,0.0258161,2.00466,0,0,0
0.834774,2,3.42929,4.12787,6.73173,0.135207,0.117997,0.0405647,1.9985,0,0,0
0.834774,3,0,0,0,0,0,0,0,0,0,0
0.834774,4,0,0,0,0,0,0,0,0,0,0
0.834774,5,0,0,0,0,0,0,0,0,0,0
0.88496,0,3.28476,5.69546,3.7605,0.0182354,-0.0587778,0.0487886,2.11776,0,0,0
0.88496,1,3.41793,2.47558,3.86151,0.0189138,-0.0107703,0.0277122,1.99746,0,0,0
0.88496,2,3.45214,4.13483,6.73163,0.191187,0.121309,0.0492024,1.9985,0,0,0
0.88496,3,0,0,0,0,0,0,0,0,0,0
0.88496,4,0,0,0,0,0,0,0,0,0,0
0.88496,5,0,0,0,0,0,0,0,0,0,0
0.942828,0,3.28518,5.69576,3.76068,0.0153322,-0.0484834,0.0690779,2.11776,0,0,0
0.942828,1,3.42462,2.47504,3.86213,0.039022,-0.0116614,0.0308171,1.99746,0,0,0
0.942828,2,3.47192,4.15055,6.7315,0.226291,0.154416,0.0526422,1.95567,0,0,0
0.942828,3,0,0,0,0,0,0,0,0,0,0
0.942828,4,0,0,0,0,0,0,0,0,0,0
0.942828,5,0,0,0,0,0,0,0,0,0,0
0.996264,0,3.28562,5.69762,3.76487,0.0122868,-0.0341354,0.0941231,2.11701,0,0,0
0.996264,1,3.43865,2.4732,3.86515,0.0801631,-0.0186317,0.0397098,1.97762,0,0,0
0.996264,2,3.50708,4.15602,6.73164,0.308364,0.150766,0.0587726,1.95567,0,0,0
0.996264,3,0,0,0,0,0,0,0,0,0,0
0.996264,4,0,0,0,0,0,0,0,0,0,0
0.996264,5,0,0,0,0,0,0,0,0,0,0
1.04748,0,3.28747,5.70068,3.77021,0.0149608,-0.0180511,0.112878,2.11701,0,0,0
1.04748,1,3.45381,2.4713,3.86515,0.11956,-0.0250806,0.0469129,1.97762,0,0,0
1.04748,2,3.5429,4.16069,6.7297,0.380798,0.144012,0.0582289,1.90192,0,0,0
1.04748,3,0,0,0,0,0,0,0,0,0,0
1.04748,4,0,0,0,0,0,0,0,0,0,0
1.04748,5,0,0,0,0,0,0,0,0,0,0
1.1002,0,3.28802,5.70397,3.77743,0.0130332,-0.00268727,0.127653,2.115,0,0,0
1.1002,1,3.46468,2.47407,3.86451,0.136882,-0.0134233,0.0491618,1.95197,0,0,0
1.1002,2,3.58697,4.17498,6.72991,0.460256,0.164624,0.0503764,1.90192,0,0,0
1.1002,3,0,0,0,0,0,0,0,0,0,0
1.1002,4,0,0,0,0,0,0,0,0,0,0
1.1002,5,0,0,0,0,0,0,0,0,0,0
1.15795,0,3.28952,5.70823,3.78432,0.014872,0.0143945,0.134142,2.115,0,0,0
1.15795,1,3.48672,2.4771,3.86547,0.186386,-0.00350537,0.0565246,1.95197,0,0,0
1.15795,2,3.63732,4.17243,6.72773,0.561292,0.133881,0.0403738,1.8236,0,0,0
1.15795,3,0,0,0,0,0,0,0,0,0,0
1.15795,4,0,0,0,0,0,0,0,0,0,0
1.15795,5,0,0,0,0,0,0,0,0,0,0
1.21455,0,3.28912,5.71542,3.79274,0.00893271,0.0400078,0.130911,2.11507,0,0,0
1.21455,1,3.52157,2.47626,3.86582,0.270163,-0.00749413,0.0669357,1.89586,0,0,0
1.21455,2,3.65505,4.16845,6.72875,0.627787,0.11929,0.0217333,1.8236,0,0,0
1.21455,3,0,0,0,0,0,0,0,0,0,0
1.21455,4,0,0,0,0,0,0,0,0,0,0
1.21455,5,0,0,0,0,0,0,0,0,0,0
1.27226,0,3.29075,5.72081,3.79888,0.0109989,0.0550845,0.123003,2.11507,0,0,0
1.27226,1,3.56212,2.47366,3.86499,0.363237,-0.0165335,0.0652084,1.89586,0,0,0
1.27226,2,3.69677,4.18056,6.72789,0.682654,0.142327,-0.000913,1.75649,0,0,0
1.27226,3,0,0,0,0,0,0,0,0,0,0
1.27226,4,0,0,0,0,0,0,0,0,0,0
1.27226,5,0,0,0,0,0,0,0,0,0,0
1.33428,0,3.29134,5.72714,3.80489,0.0086298,0.0711074,0.11049,2.11437,0,0,0
1.33428,1,3.6127,2.46699,3.86459,0.476775,-0.0406656,0.0636358,1.80894,0,0,0
1.33428,2,3.75124,4.18319,6.72785,0.770669,0.126242,-0.00520812,1.75649,0,0,0
1.33428,3,0,0,0,0,0,0,0,0,0,0
1.33428,4,0,0,0,0,0,0,0,0,0,0
1.33428,5,0,0,0,0,0,0,0,0,0,0
1.393,0,3.29326,5.73265,3.81087,0.0104765,0.0816421,0.0952987,2.11437,0,0,0
1.393,1,3.6921,2.47042,3.86581,0.598492,-0.0256924,0.0319431,1.80894,0,0,0
1.393,2,3.84657,4.19829,6.72678,0.86906,0.13763,-0.0253356,1.66268,0,0,0
1.393,3,0,0,0,0,0,0,0,0,0,0
1.393,4,0,0,0,0,0,0,0,0,0,0
1.393,5,0,0,0,0,0,0,0,0,0,0
1.45576,0,3.2944,5.73819,3.81603,0.00877739,0.0906145,0.0834312,2.11289,0,0,0
1.45576,1,3.70444,2.47838,3.86767,0.642288,0.00101752,0.0114287,1.73088,0,0,0
1.45576,2,3.90347,4.19699,6.72601,0.935802,0.113427,-0.0419225,1.66268,0,0,0
1.45576,3,0,0,0,0,0,0,0,0,0,0
1.45576,4,0,0,0,0,0,0,0,0,0,0
1.45576,5,0,0,0,0,0,0,0,0,0,0
1.50909,0,3.29731,5.74213,3.81814,0.015341,0.0921265,0.0690873,2.11289,0,0,0
1.50909,1,3.76544,2.47312,3.86767,0.766693,-0.0212461,-0.0129032,1.73088,0,0,0
1.50909,2,3.95067,4.20391,6.72583,0.947983,0.117694,-0.0789802,1.51453,0,0,0
1.50909,3,0,0,0,0,0,0,0,0,0,0
1.50909,4,0,0,0,0,0,0,0,0,0,0
1.50909,5,0,0,0,0,0,0,0,0,0,0
1.57022,0,3.30252,5.74824,3.82202,0.0294767,0.100293,0.0527329,2.10649,0,0,0
1.57022,1,3.76544,2.47312,3.86767,0.766693,-0.0212461,-0.0129032,1.65898,0,0,0
1.57022,2,3.93852,4.20137,6.72389,0.904791,0.110189,-0.0827841,1.51453,0,0,0
1.57022,3,0,0,0,0,0,0,0,0,0,0
1.57022,4,0,0,0,0,0,0,0,0,0,0
1.57022,5,0,0,0,0,0,0,0,0,0,0
1.62424,0,3.3098,5.75361,3.82399,0.0492078,0.104792,0.0460715,2.10649,0,0,0
1.62424,1,3.86589,2.46977,3.86775,0.86719,-0.0270106,-0.0323549,1.65898,0,0,0
1.62424,2,4.02786,4.21551,6.7229,0.942561,0.123223,-0.0878324,1.48021,0,0,0
1.62424,3,0,0,0,0,0,0,0,0,0,0
1.62424,4,0,0,0,0,0,0,0,0,0,0
1.62424,5,0,0,0,0,0,0,0,0,0,0
1.6853,0,3.32244,5.759,3.82847,0.0844419,0.106097,0.0419477,2.10023,0,0,0
1.6853,1,3.91171,2.46756,3.86768,0.895599,-0.0315554,-0.0828263,1.51674,0,0,0
1.6853,2,4.04182,4.20311,6.72164,0.995763,0.0770385,-0.0721748,1.37972,0,0,0
1.6853,3,0,0,0,0,0,0,0,0,0,0
1.6853,4,0,0,0,0,0,0,0,0,0,0
1.6853,5,0,0,0,0,0,0,0,0,0,0
1.73802,0,3.34136,5.76155,3.82885,0.137567,0.0970254,0.0423018,2.10023,0,0,0
1.73802,1,3.94531,2.47404,3.86779,0.878686,-0.00178325,-0.0752506,1.51674,0,0,0
1.73802,2,4.12954,4.22079,6.721,0.996551,0.110563,-0.056453,1.37972,0,0,0
1.73802,3,0,0,0,0,0,0,0,0,0,0
1.73802,4,0,0,0,0,0,0,0,0,0,0
1.73802,5,0,0,0,0,0,0,0,0,0,0
1.79804,0,3.36535,5.76712,3.82719,0.174925,0.0887293,0.0438182,2.07057,0,0,0
1.79804,1,3.99656,2.46547,3.86777,0.915404,-0.0320193,-0.0635887,1.48487,0,0,0
1.79804,2,4.18353,4.21691,6.72112,1.02693,0.0820778,-0.0436204,1.24413,0,0,0
1.79804,3,0,0,0,0,0,0,0,0,0,0
1.79804,4,0,0,0,0,0,0,0,0,0,0
1.79804,5,0,0,0,0,0,0,0,0,0,0
1.84845,0,3.38627,5.7795,3.82679,0.218659,0.114584,0.0328488,2.07057,0,0,0
1.84845,1,4.08895,2.45744,3.86864,0.961838,-0.0476605,-0.0629228,1.48487,0,0,0
1.84845,2,4.21277,4.22037,6.72171,0.97988,0.0826849,-0.0549866,1.24413,0,0,0
1.84845,3,0,0,0,0,0,0,0,0,0,0
1.84845,4,0,0,0,0,0,0,0,0,0,0
1.84845,5,0,0,0,0,0,0,0,0,0,0
1.89859,0,3.43534,5.77338,3.82535,0.344252,0.0775758,0.0446548,2.03002,0,0,0
1.89859,1,4.10854,2.46628,3.86916,0.882655,-0.0094905,-0.0587189,1.35215,0,0,0
1.89859,2,4.22776,4.22138,6.72191,0.882978,0.0762662,-0.0594281,1.20241,0,0,0
1.89859,3,0,0,0,0,0,0,0,0,0,0
1.89859,4,0,0,0,0,0,0,0,0,0,0
1.89859,5,0,0,0,0,0,0,0,0,0,0
1.95237,0,3.47805,5.77884,3.82389,0.43333,0.0823798,0.0371308,2.03002,0,0,0
1.95237,1,4.10854,2.46628,3.86916,0.882655,-0.0094905,-0.0587189,1.35215,0,0,0
1.95237,2,4.27301,4.22582,6.72207,0.902471,0.0784496,-0.0640151,1.20241,0,0,0
1.95237,3,0,0,0,0,0,0,0,0,0,0
1.95237,4,0,0,0,0,0,0,0,0,0,0
1.95237,5,0,0,0,0,0,0,0,0,0,0
2.00346,0,3.52012,5.77021,3.82149,0.512281,0.0426926,0.0318485,1.94014,0,0,0
2.00346,1,4.13903,2.46156,3.86959,0.861963,-0.0250608,-0.0647014,1.3033,0,0,0
2.00346,2,4.32914,4.21492,6.72152,0.952114,0.0409683,-0.0630499,1.10543,0,0,0
2.00346,3,0,0,0,0,0,0,0,0,0,0
2.00346,4,0,0,0,0,0,0,0,0,0,0
2.00346,5,0,0,0,0,0,0,0,0,0,0
2.06127,0,3.55913,5.77186,3.82094,0.576772,0.0361185,0.00169702,1.94014,0,0,0
2.06127,1,4.15606,2.46596,3.87008,0.787165,-0.000792476,-0.0433141,1.3033,0,0,0
2.06127,2,4.36208,4.22866,6.72175,0.9218,0.0777112,-0.0675117,1.10543,0,0,0
2.06127,3,0,0,0,0,0,0,0,0,0,0
2.06127,4,0,0,0,0,0,0,0,0,0,0
2.06127,5,0,0,0,0,0,0,0,0,0,0
2.12062,0,3.59767,5.78298,3.81823,0.622715,0.0645138,-0.0208244,1.85952,0,0,0
2.12062,1,4.20471,2.46209,3.87043,0.833441,-0.01716,-0.041052,1.241,0,0,0
2.12062,2,4.39797,4.22957,6.7217,0.905032,0.0689945,-0.0723533,1.04198,0,0,0
2.12062,3,0,0,0,0,0,0,0,0,0,0
2.12062,4,0,0,0,0,0,0,0,0,0,0
2.12062,5,0,0,0,0,0,0,0,0,0,0
2.17078,0,3.66936,5.76755,3.81676,0.772491,-7.36266e-06,-0.0391178,1.85952,0,0,0
2.17078,1,4.23541,2.46617,3.87069,0.807589,0.00218894,-0.0536734,1.241,0,0,0
2.17078,2,4.41028,4.23371,6.72146,0.810898,0.074256,-0.0653223,1.04198,0,0,0
2.17078,3,0,0,0,0,0,0,0,0,0,0
2.17078,4,0,0,0,0,0,0,0,0,0,0
2.17078,5,0,0,0,0,0,0,0,0,0,0
2.22241,0,3.71203,5.77074,3.81479,0.798465,0.0079112,-0.0652511,1.7512,0,0,0
2.22241,1,4.25899,2.46982,3.87036,0.759491,0.0192629,-0.0754478,1.18729,0,0,0
2.22241,2,4.42781,4.23402,6.72116,0.750428,0.0659085,-0.0602992,1.01434,0,0,0
2.22241,3,0,0,0,0,0,0,0,0,0,0
2.22241,4,0,0,0,0,0,0,0,0,0,0
2.22241,5,0,0,0,0,0,0,0,0,0,0
2.27783,0,3.73674,5.77571,3.81337,0.750993,0.0267981,-0.0874499,1.68768,0,0,0
2.27783,1,4.29521,2.46844,3.86775,0.764328,0.0144861,-0.101294,1.18729,0,0,0
2.27783,2,4.4452,4.23901,6.7206,0.696483,0.0732923,-0.0474143,1.01434,0,0,0
2.27783,3,0,0,0,0,0,0,0,0,0,0
2.27783,4,0,0,0,0,0,0,0,0,0,0
2.27783,5,0,0,0,0,0,0,0,0,0,0
2.33546,0,3.78608,5.78811,3.81171,0.803337,0.0595391,-0.10161,1.68768,0,0,0
2.33546,1,4.3271,2.46892,3.86517,0.739123,0.0164595,-0.114495,1.12387,0,0,0
2.33546,2,4.48506,4.2372,6.71963,0.714341,0.054979,-0.0433515,0.960914,0,0,0
2.33546,3,0,0,0,0,0,0,0,0,0,0
2.33546,4,0,0,0,0,0,0,0,0,0,0
2.33546,5,0,0,0,0,0,0,0,0,0,0
2.39076,0,3.87151,5.76271,3.81113,0.962171,-0.0330439,-0.112792,1.55399,0,0,0
2.39076,1,4.33414,2.47598,3.85878,0.64776,0.0432489,-0.138805,1.12387,0,0,0
2.39076,2,4.4819,4.2336,6.71866,0.70345,0.0422263,-0.0400697,0.960914,0,0,0
2.39076,3,0,0,0,0,0,0,0,0,0,0
2.39076,4,0,0,0,0,0,0,0,0,0,0
2.39076,5,0,0,0,0,0,0,0,0,0,0
2.44241,0,3.90608,5.76498,3.81041,0.942245,-0.0219271,-0.119881,1.55399,0,0,0
2.44241,1,4.3505,2.47971,3.85276,0.596038,0.053635,-0.153075,1.11484,0,0,0
2.44241,2,4.49829,4.23758,6.71817,0.64215,0.0503058,-0.0381145,0.94819,0,0,0
2.44241,3,0,0,0,0,0,0,0,0,0,0
2.44241,4,0,0,0,0,0,0,0,0,0,0
2.44241,5,0,0,0,0,0,0,0,0,0,0
2.49513,0,3.92306,5.76886,3.81047,0.868675,-0.00331515,-0.123452,1.5058,0,0,0
2.49513,1,4.38244,2.4825,3.84737,0.603794,0.0553259,-0.156376,1.11484,0,0,0
2.49513,2,4.55045,4.24151,6.71737,0.612066,0.0461222,-0.0277707,0.94819,0,0,0
2.49513,3,0,0,0,0,0,0,0,0,0,0
2.49513,4,0,0,0,0,0,0,0,0,0,0
2.49513,5,0,0,0,0,0,0,0,0,0,0
2.55104,0,3.95589,5.76643,3.8111,0.850154,-0.0095193,-0.113328,1.5058,0,0,0
2.55104,1,4.3828,2.49009,3.84127,0.508585,0.0770429,-0.157103,1.06771,0,0,0
2.55104,2,4.57365,4.2422,6.71696,0.591654,0.0403093,-0.0241459,0.879105,0,0,0
2.55104,3,0,0,0,0,0,0,0,0,0,0
2.55104,4,0,0,0,0,0,0,0,0,0,0
2.55104,5,0,0,0,0,0,0,0,0,0,0
2.60409,0,4.00184,5.75494,3.81259,0.884965,-0.0516996,-0.103242,1.42612,0,0,0
2.60409,1,4.40562,2.49107,3.837,0.502392,0.0701119,-0.156522,1.06771,0,0,0
2.60409,2,4.59544,4.24166,6.71755,0.568857,0.0311874,-0.0299987,0.879105,0,0,0
2.60409,3,0,0,0,0,0,0,0,0,0,0
2.60409,4,0,0,0,0,0,0,0,0,0,0
2.60409,5,0,0,0,0,0,0,0,0,0,0
2.65703,0,4.04182,5.754,3.81434,0.887057,-0.0487661,-0.094502,1.42612,0,0,0
2.65703,1,4.41401,2.49494,3.83187,0.453674,0.0738444,-0.137006,1.04333,0,0,0
2.65703,2,4.58394,4.2414,6.71798,0.527508,0.0316475,-0.0279268,0.870029,0,0,0
2.65703,3,0,0,0,0,0,0,0,0,0,0
2.65703,4,0,0,0,0,0,0,0,0,0,0
2.65703,5,0,0,0,0,0,0,0,0,0,0
2.70976,0,4.08658,5.75116,3.81607,0.906268,-0.0519121,-0.0962627,1.3435,0,0,0
2.70976,1,4.40726,2.49572,3.82649,0.358433,0.070576,-0.113056,1.04054,0,0,0
2.70976,2,4.60558,4.23927,6.71613,0.505959,0.0171806,-0.0225485,0.870029,0,0,0
2.70976,3,0,0,0,0,0,0,0,0,0,0
2.70976,4,0,0,0,0,0,0,0,0,0,0
2.70976,5,0,0,0,0,0,0,0,0,0,0
2.76002,0,4.09037,5.75627,3.81758,0.777921,-0.0217011,-0.072604,1.3435,0,0,0
2.76002,1,4.42222,2.49979,3.81779,0.344595,0.0748537,-0.0812412,1.04054,0,0,0
2.76002,2,4.62789,4.23701,6.71509,0.48099,0.0041635,-0.0133214,0.828481,0,0,0
2.76002,3,0,0,0,0,0,0,0,0,0,0
2.76002,4,0,0,0,0,0,0,0,0,0,0
2.76002,5,0,0,0,0,0,0,0,0,0,0
2.82302,0,4.09989,5.75138,3.81877,0.689708,-0.02965,-0.0553988,1.33069,0,0,0
2.82302,1,4.4467,2.50652,3.81159,0.365142,0.0861364,-0.0459697,1.00077,0,0,0
2.82302,2,4.63812,4.23457,6.7149,0.430347,-0.00501168,-0.012157,0.828481,0,0,0
2.82302,3,0,0,0,0,0,0,0,0,0,0
2.82302,4,0,0,0,0,0,0,0,0,0,0
2.82302,5,0,0,0,0,0,0,0,0,0,0
2.87386,0,4.11692,5.75103,3.82131,0.627794,-0.0227007,-0.0380404,1.33069,0,0,0
2.87386,1,4.4663,2.51154,3.80905,0.365519,0.091083,-0.0172538,1.00077,0,0,0
2.87386,2,4.6786,4.22622,6.71463,0.416474,-0.0340205,-0.0105461,0.781388,0,0,0
2.87386,3,0,0,0,0,0,0,0,0,0,0
2.87386,4,0,0,0,0,0,0,0,0,0,0
2.87386,5,0,0,0,0,0,0,0,0,0,0
2.92957,0,4.14201,5.74335,3.82144,0.616224,-0.0435021,-0.0295003,1.28795,0,0,0
2.92957,1,4.50309,2.51665,3.80848,0.414436,0.089875,0.0110291,0.945017,0,0,0
2.92957,2,4.67707,4.21978,6.71441,0.411644,-0.0570191,-0.0092923,0.781388,0,0,0
2.92957,3,0,0,0,0,0,0,0,0,0,0
2.92957,4,0,0,0,0,0,0,0,0,0,0
2.92957,5,0,0,0,0,0,0,0,0,0,0
2.9899,0,4.1243,5.74072,3.82426,0.46314,-0.0413911,-0.0107013,1.28795,0,0,0
2.9899,1,4.55076,2.52696,3.8116,0.423883,0.0968155,0.0385964,0.945017,0,0,0
2.9899,2,4.69641,4.21093,6.71429,0.392265,-0.0809327,-0.00953165,0.763534,0,0,0
2.9899,3,0,0,0,0,0,0,0,0,0,0
2.9899,4,0,0,0,0,0,0,0,0,0,0
2.9899,5,0,0,0,0,0,0,0,0,0,0
3.04027,0,4.14637,5.73756,3.82636,0.460885,-0.0460271,-0.00463585,1.28193,0,0,0
3.04027,1,4.55076,2.52696,3.8116,0.423883,0.0968155,0.0385964,0.896954,0,0,0
3.04027,2,4.69684,4.21136,6.71424,0.393804,-0.0793421,-0.00823144,0.763534,0,0,0
3.04027,3,0,0,0,0,0,0,0,0,0,0
3.04027,4,0,0,0,0,0,0,0,0,0,0
3.04027,5,0,0,0,0,0,0,0,0,0,0
3.0956,0,4.14884,5.73559,3.82816,0.395855,-0.0446752,0.00350553,1.28193,0,0,0
3.0956,1,4.56213,2.52303,3.81387,0.391306,0.0715716,0.0448484,0.896954,0,0,0
3.0956,2,4.72306,4.19499,6.71446,0.414453,-0.129726,-0.00782869,0.738349,0,0,0
3.0956,3,0,0,0,0,0,0,0,0,0,0
3.0956,4,0,0,0,0,0,0,0,0,0,0
3.0956,5,0,0,0,0,0,0,0,0,0,0
3.15562,0,4.13622,5.73963,3.82899,0.285355,-0.0209982,0.00866983,1.29215,0,0,0
3.15562,1,4.58315,2.52735,3.81953,0.391243,0.0751574,0.0511535,0.866583,0,0,0
3.15562,2,4.75949,4.17706,6.71458,0.379765,-0.14789,-0.00511347,0.738349,0,0,0
3.15562,3,0,0,0,0,0,0,0,0,0,0
3.15562,4,0,0,0,0,0,0,0,0,0,0
3.15562,5,0,0,0,0,0,0,0,0,0,0
3.20575,0,4.14494,5.73244,3.82918,0.260767,-0.0398896,0.00200388,1.29215,0,0,0
3.20575,1,4.59369,2.52057,3.8226,0.358752,0.0435616,0.0514432,0.866583,0,0,0
3.20575,2,4.75422,4.17542,6.71472,0.360778,-0.152929,-0.00731979,0.704899,0,0,0
3.20575,3,0,0,0,0,0,0,0,0,0,0
3.20575,4,0,0,0,0,0,0,0,0,0,0
3.20575,5,0,0,0,0,0,0,0,0,0,0
3.26109,0,4.14262,5.7307,3.82931,0.202491,-0.0383389,0.00300126,1.2835,0,0,0
3.26109,1,4.63326,2.51496,3.82762,0.362209,0.0104063,0.0373439,0.840837,0,0,0
3.26109,2,4.77309,4.16322,6.71487,0.348799,-0.172236,-0.0105397,0.704899,0,0,0
3.26109,3,0,0,0,0,0,0,0,0,0,0
3.26109,4,0,0,0,0,0,0,0,0,0,0
3.26109,5,0,0,0,0,0,0,0,0,0,0
3.32285,0,4.13818,5.73004,3.82991,0.149238,-0.0341782,0.00324984,1.2835,0,0,0
3.32285,1,4.64789,2.5114,3.82733,0.347803,-0.00439323,0.0262978,0.840837,0,0,0
3.32285,2,4.78317,4.15626,6.71446,0.307239,-0.178037,-0.00567518,0.692288,0,0,0
3.32285,3,0,0,0,0,0,0,0,0,0,0
3.32285,4,0,0,0,0,0,0,0,0,0,0
3.32285,5,0,0,0,0,0,0,0,0,0,0
3.37538,0,4.12794,5.72937,3.83004,0.0813939,-0.0294086,-0.0002042,1.29722,0,0,0
3.37538,1,4.66726,2.51152,3.83056,0.345237,-0.00453199,0.021828,0.814353,0,0,0
3.37538,2,4.81084,4.13871,6.71475,0.288277,-0.182845,-0.00835336,0.692288,0,0,0
3.37538,3,0,0,0,0,0,0,0,0,0,0
3.37538,4,0,0,0,0,0,0,0,0,0,0
3.37538,5,0,0,0,0,0,0,0,0,0,0
3.42816,0,4.13133,5.72726,3.82992,0.06733,-0.0317306,-0.0016479,1.29722,0,0,0
3.42816,1,4.68558,2.50543,3.83148,0.342991,-0.0240244,0.0169619,0.814353,0,0,0
3.42816,2,4.82388,4.12962,6.71486,0.277386,-0.188924,-0.0125076,0.658704,0,0,0
3.42816,3,0,0,0,0,0,0,0,0,0,0
3.42816,4,0,0,0,0,0,0,0,0,0,0
3.42816,5,0,0,0,0,0,0,0,0,0,0
3.48525,0,4.12718,5.72744,3.82994,0.0308207,-0.0254574,-0.00174223,1.29338,0,0,0
3.48525,1,4.69519,2.50379,3.83114,0.316354,-0.0263144,0.0123525,0.783441,0,0,0
3.48525,2,4.83502,4.12307,6.71526,0.261755,-0.185692,-0.0174714,0.658704,0,0,0
3.48525,3,0,0,0,0,0,0,0,0,0,0
3.48525,4,0,0,0,0,0,0,0,0,0,0
3.48525,5,0,0,0,0,0,0,0,0,0,0
3.54322,0,4.12838,5.72572,3.82979,0.0148881,-0.0265284,-0.00214041,1.29338,0,0,0
3.54322,1,4.70134,2.50407,3.83255,0.277344,-0.021337,0.00893134,0.783441,0,0,0
3.54322,2,4.83339,4.1266,6.71476,0.255457,-0.172584,-0.0183988,0.638243,0,0,0
3.54322,3,0,0,0,0,0,0,0,0,0,0
3.54322,4,0,0,0,0,0,0,0,0,0,0
3.54322,5,0,0,0,0,0,0,0,0,0,0
3.60682,0,4.12873,5.72656,3.82955,0.00125392,-0.020044,-0.00579725,1.2957,0,0,0
3.60682,1,4.7221,2.4953,3.83301,0.292135,-0.0472177,0.00616417,0.770199,0,0,0
3.60682,2,4.8562,4.11364,6.71428,0.233326,-0.16897,-0.0178062,0.638243,0,0,0
3.60682,3,0,0,0,0,0,0,0,0,0,0
3.60682,4,0,0,0,0,0,0,0,0,0,0
3.60682,5,0,0,0,0,0,0,0,0,0,0
3.66463,0,4.13343,5.72674,3.82925,0.00422879,-0.0168379,-0.00693304,1.2957,0,0,0
3.66463,1,4.7221,2.4953,3.83301,0.292135,-0.0472177,0.00616417,0.770199,0,0,0
3.66463,2,4.86524,4.11345,6.71372,0.216899,-0.147838,-0.0145254,0.619994,0,0,0
3.66463,3,0,0,0,0,0,0,0,0,0,0
3.66463,4,0,0,0,0,0,0,0,0,0,0
3.66463,5,0,0,0,0,0,0,0,0,0,0
3.71954,0,4.13816,5.72694,3.82903,0.0212021,-0.016705,-0.00398833,1.28675,0,0,0
3.71954,1,4.73434,2.49257,3.83339,0.275645,-0.0497433,0.00545718,0.747283,0,0,0
3.71954,2,4.87739,4.11213,6.71348,0.212819,-0.133017,-0.0129181,0.619994,0,0,0
3.71954,3,0,0,0,0,0,0,0,0,0,0
3.71954,4,0,0,0,0,0,0,0,0,0,0
3.71954,5,0,0,0,0,0,0,0,0,0,0
3.77346,0,4.14621,5.7274,3.82841,0.0355634,-0.0131545,-0.00136694,1.28675,0,0,0
3.77346,1,4.74027,2.49087,3.83364,0.243218,-0.048667,0.00520743,0.747283,0,0,0
3.77346,2,4.88337,4.11862,6.71326,0.187553,-0.0923507,-0.00851759,0.601951,0,0,0
3.77346,3,0,0,0,0,0,0,0,0,0,0
3.77346,4,0,0,0,0,0,0,0,0,0,0
3.77346,5,0,0,0,0,0,0,0,0,0,0
3.83119,0,4.15494,5.73025,3.82836,0.0482334,-0.00119806,0.00234044,1.27917,0,0,0
3.83119,1,4.75602,2.4878,3.83413,0.242707,-0.0528946,0.00898064,0.731249,0,0,0
3.83119,2,4.89079,4.12157,6.71245,0.170738,-0.0677929,-0.00596851,0.601951,0,0,0
3.83119,3,0,0,0,0,0,0,0,0,0,0
3.83119,4,0,0,0,0,0,0,0,0,0,0
3.83119,5,0,0,0,0,0,0,0,0,0,0
3.89391,0,4.16656,5.73187,3.82844,0.072021,0.0040486,0.00727959,1.27917,0,0,0
3.89391,1,4.76573,2.48712,3.83475,0.225869,-0.0474593,0.0116991,0.731249,0,0,0
3.89391,2,4.90537,4.12268,6.71257,0.175239,-0.054267,-0.00448519,0.590202,0,0,0
3.89391,3,0,0,0,0,0,0,0,0,0,0
3.89391,4,0,0,0,0,0,0,0,0,0,0
3.89391,5,0,0,0,0,0,0,0,0,0,0
3.95506,0,4.18329,5.73423,3.82845,0.109502,0.0104991,0.0133664,1.24555,0,0,0
3.95506,1,4.78058,2.48414,3.83545,0.232474,-0.0527489,0.014315,0.712509,0,0,0
3.95506,2,4.90783,4.12891,6.71293,0.183464,-0.0322935,-0.00303055,0.590202,0,0,0
3.95506,3,0,0,0,0,0,0,0,0,0,0
3.95506,4,0,0,0,0,0,0,0,0,0,0
3.95506,5,0,0,0,0,0,0,0,0,0,0
4.01768,0,4.20356,5.73459,3.829,0.154688,0.00855064,0.0182986,1.24555,0,0,0
4.01768,1,4.79373,2.48313,3.83625,0.231956,-0.0497635,0.0169278,0.712509,0,0,0
4.01768,2,4.92689,4.13889,6.71287,0.166978,0.0112623,-0.00209901,0.576598,0,0,0
4.01768,3,0,0,0,0,0,0,0,0,0,0
4.01768,4,0,0,0,0,0,0,0,0,0,0
4.01768,5,0,0,0,0,0,0,0,0,0,0
4.07054,0,4.21884,5.74031,3.82969,0.176519,0.0271305,0.0204695,1.21335,0,0,0
4.07054,1,4.80415,2.48273,3.83719,0.222675,-0.0446583,0.0188601,0.693669,0,0,0
4.07054,2,4.93768,4.14588,6.71306,0.164151,0.0341509,-0.00249828,0.576598,0,0,0
4.07054,3,0,0,0,0,0,0,0,0,0,0
4.07054,4,0,0,0,0,0,0,0,0,0,0
4.07054,5,0,0,0,0,0,0,0,0,0,0
4.12893,0,4.23514,5.73945,3.82967,0.200363,0.0194725,0.0203006,1.21335,0,0,0
4.12893,1,4.81035,2.48396,3.83762,0.197197,-0.0328484,0.0197167,0.693669,0,0,0
4.12893,2,4.94739,4.15198,6.71296,0.160359,0.0508515,-0.00386752,0.553142,0,0,0
4.12893,3,0,0,0,0,0,0,0,0,0,0
4.12893,4,0,0,0,0,0,0,0,0,0,0
4.12893,5,0,0,0,0,0,0,0,0,0,0
4.17965,0,4.25332,5.74291,3.8302,0.221656,0.026924,0.0201425,1.18133,0,0,0
4.17965,1,4.82358,2.48233,3.83864,0.200723,-0.0347542,0.0208595,0.687855,0,0,0
4.17965,2,4.9578,4.15719,6.71283,0.160321,0.0618206,-0.00482086,0.553142,0,0,0
4.17965,3,0,0,0,0,0,0,0,0,0,0
4.17965,4,0,0,0,0,0,0,0,0,0,0
4.17965,5,0,0,0,0,0,0,0,0,0,0
4.23827,0,4.29798,5.756,3.83162,0.292471,0.0607764,0.0183376,1.18133,0,0,0
4.23827,1,4.83351,2.48235,3.83968,0.19151,-0.0282714,0.0213617,0.687855,0,0,0
4.23827,2,4.96345,4.1632,6.71266,0.141262,0.0739527,-0.00569603,0.537792,0,0,0
4.23827,3,0,0,0,0,0,0,0,0,0,0
4.23827,4,0,0,0,0,0,0,0,0,0,0
4.23827,5,0,0,0,0,0,0,0,0,0,0
4.29101,0,4.29798,5.756,3.83162,0.292471,0.0607764,0.0183376,1.14325,0,0,0
4.29101,1,4.84323,2.48216,3.84085,0.185995,-0.025312,0.0204712,0.66202,0,0,0
4.29101,2,4.97025,4.16694,6.71242,0.133013,0.0774289,-0.00670019,0.537792,0,0,0
4.29101,3,0,0,0,0,0,0,0,0,0,0
4.29101,4,0,0,0,0,0,0,0,0,0,0
4.29101,5,0,0,0,0,0,0,0,0,0,0
4.34632,0,4.33705,5.75286,3.83359,0.375843,0.0370574,0.0173525,1.14325,0,0,0
4.34632,1,4.85259,2.48108,3.84199,0.180639,-0.0255399,0.0204904,0.66202,0,0,0
4.34632,2,4.97791,4.17205,6.71228,0.128232,0.0842486,-0.00739827,0.528616,0,0,0
4.34632,3,0,0,0,0,0,0,0,0,0,0
4.34632,4,0,0,0,0,0,0,0,0,0,0
4.34632,5,0,0,0,0,0,0,0,0,0,0
4.40511,0,4.36444,5.76289,3.83477,0.402393,0.0654761,0.0108756,1.10536,0,0,0
4.40511,1,4.86059,2.48208,3.84309,0.166482,-0.0138981,0.0195621,0.648092,0,0,0
4.40511,2,4.98992,4.17864,6.71184,0.139109,0.0941171,-0.0082649,0.528616,0,0,0
4.40511,3,0,0,0,0,0,0,0,0,0,0
4.40511,4,0,0,0,0,0,0,0,0,0,0
4.40511,5,0,0,0,0,0,0,0,0,0,0
4.46077,0,4.3989,5.76248,3.83556,0.454696,0.0514576,0.00202704,1.10536,0,0,0
4.46077,1,4.88046,2.47969,3.84398,0.200841,-0.0237689,0.0182009,0.648092,0,0,0
4.46077,2,5.00507,4.18863,6.71141,0.159464,0.11393,-0.00929968,0.514419,0,0,0
4.46077,3,0,0,0,0,0,0,0,0,0,0
4.46077,4,0,0,0,0,0,0,0,0,0,0
4.46077,5,0,0,0,0,0,0,0,0,0,0
4.51811,0,4.42381,5.76601,3.83624,0.463912,0.0551328,-0.00502138,1.05094,0,0,0
4.51811,1,4.90015,2.47991,3.84513,0.229441,-0.0224539,0.0162318,0.618443,0,0,0
4.51811,2,5.01762,4.19576,6.71089,0.169002,0.121494,-0.0105979,0.514419,0,0,0
4.51811,3,0,0,0,0,0,0,0,0,0,0
4.51811,4,0,0,0,0,0,0,0,0,0,0
4.51811,5,0,0,0,0,0,0,0,0,0,0
4.56826,0,4.44129,5.77097,3.83723,0.438032,0.0642807,-0.00735346,1.05094,0,0,0
4.56826,1,4.91026,2.48283,3.84577,0.220206,-0.00929824,0.0134267,0.618443,0,0,0
4.56826,2,5.02677,4.20172,6.71042,0.165831,0.124581,-0.0115291,0.495526,0,0,0
4.56826,3,0,0,0,0,0,0,0,0,0,0
4.56826,4,0,0,0,0,0,0,0,0,0,0
4.56826,5,0,0,0,0,0,0,0,0,0,0
4.6214,0,4.46022,5.77366,3.83825,0.428879,0.0644483,-0.00942041,1.0149,0,0,0
4.6214,1,4.9207,2.48381,3.84669,0.214146,-0.00489033,0.0120683,0.608794,0,0,0
4.6214,2,5.03676,4.20683,6.70991,0.166581,0.124004,-0.0120419,0.495526,0,0,0
4.6214,3,0,0,0,0,0,0,0,0,0,0
4.6214,4,0,0,0,0,0,0,0,0,0,0
4.6214,5,0,0,0,0,0,0,0,0,0,0
4.67267,0,4.49054,5.77346,3.83906,0.461466,0.0519942,-0.0143878,1.0149,0,0,0
4.67267,1,4.93765,2.48256,3.84737,0.232642,-0.010124,0.0105013,0.608794,0,0,0
4.67267,2,5.04619,4.21213,6.70939,0.165323,0.124006,-0.0120565,0.482979,0,0,0
4.67267,3,0,0,0,0,0,0,0,0,0,0
4.67267,4,0,0,0,0,0,0,0,0,0,0
4.67267,5,0,0,0,0,0,0,0,0,0,0
4.72578,0,4.51321,5.77521,3.83986,0.453535,0.0489657,-0.0146256,0.970743,0,0,0
4.72578,1,4.95185,2.48381,3.8481,0.235717,-0.00538209,0.00928001,0.588253,0,0,0
4.72578,2,5.05249,4.2159,6.709,0.154063,0.119313,-0.0122853,0.482979,0,0,0
4.72578,3,0,0,0,0,0,0,0,0,0,0
4.72578,4,0,0,0,0,0,0,0,0,0,0
4.72578,5,0,0,0,0,0,0,0,0,0,0
4.78707,0,4.52507,5.77726,3.84,0.419653,0.0503743,-0.0153676,0.970743,0,0,0
4.78707,1,4.96138,2.48502,3.84878,0.222486,-0.00017044,0.00810269,0.588253,0,0,0
4.78707,2,5.05697,4.21774,6.70878,0.138643,0.108676,-0.0122219,0.473108,0,0,0
4.78707,3,0,0,0,0,0,0,0,0,0,0
4.78707,4,0,0,0,0,0,0,0,0,0,0
4.78707,5,0,0,0,0,0,0,0,0,0,0
4.83723,0,4.53162,5.77753,3.84053,0.372456,0.0462709,-0.0125618,0.94097,0,0,0
4.83723,1,4.97319,2.48488,3.84879,0.219544,-0.0011266,0.00694249,0.569077,0,0,0
4.83723,2,5.06988,4.22126,6.70825,0.154004,0.102773,-0.010957,0.473108,0,0,0
4.83723,3,0,0,0,0,0,0,0,0,0,0
4.83723,4,0,0,0,0,0,0,0,0,0,0
4.83723,5,0,0,0,0,0,0,0,0,0,0
4.88782,0,4.54342,5.77742,3.8412,0.35043,0.0398075,-0.00991608,0.94097,0,0,0
4.88782,1,4.9834,2.48566,3.84994,0.209258,0.0016105,0.0069985,0.569077,0,0,0
4.88782,2,5.06988,4.22126,6.70825,0.154004,0.102773,-0.010957,0.461977,0,0,0
4.88782,3,0,0,0,0,0,0,0,0,0,0
4.88782,4,0,0,0,0,0,0,0,0,0,0
4.88782,5,0,0,0,0,0,0,0,0,0,0
4.94614,0,4.55305,5.77604,3.84207,0.324008,0.0299607,-0.00701817,0.924448,0,0,0
4.94614,1,4.99257,2.48585,3.85048,0.201204,0.00194536,0.00736596,0.552784,0,0,0
4.94614,2,5.07588,4.22335,6.70799,0.144454,0.0941815,-0.0097004,0.461977,0,0,0
4.94614,3,0,0,0,0,0,0,0,0,0,0
4.94614,4,0,0,0,0,0,0,0,0,0,0
4.94614,5,0,0,0,0,0,0,0,0,0,0
5.01767,0,4.57779,5.76939,3.84281,0.352432,-0.00571356,-0.00932609,0.890018,0,0,0
5.01767,1,5.00279,2.48585,3.85046,0.198091,0.00117717,0.00746954,0.539053,0,0,0
5.01767,2,5.08634,4.2245,6.70781,0.149941,0.0823326,-0.00711375,0.451653,0,0,0
5.01767,3,0,0,0,0,0,0,0,0,0,0
5.01767,4,0,0,0,0,0,0,0,0,0,0
5.01767,5,0,0,0,0,0,0,0,0,0,0
5.06986,0,4.58899,5.77103,3.84338,0.329517,0.000760529,-0.00852525,0.890018,0,0,0
5.06986,1,5.01165,2.48521,3.85096,0.190508,0.000511601,0.00790477,0.539053,0,0,0
5.06986,2,5.0984,4.2229,6.7077,0.159155,0.0616362,-0.0038114,0.451653,0,0,0
5.06986,3,0,0,0,0,0,0,0,0,0,0
5.06986,4,0,0,0,0,0,0,0,0,0,0
5.06986,5,0,0,0,0,0,0,0,0,0,0
5.13009,0,4.59335,5.77038,3.84381,0.28613,-0.000609297,-0.00687291,0.876517,0,0,0
5.13009,1,5.01851,2.48717,3.85145,0.173474,0.00762068,0.00863089,0.539053,0,0,0
5.13009,2,5.1072,4.22011,6.70762,0.159084,0.0413525,-0.00141025,0.437488,0,0,0
5.13009,3,0,0,0,0,0,0,0,0,0,0
5.13009,4,0,0,0,0,0,0,0,0,0,0
5.13009,5,0,0,0,0,0,0,0,0,0,0
5.18618,0,4.59867,5.76823,3.84392,0.252691,-0.00766779,-0.0036904,0.876517,0,0,0
5.18618,1,5.02576,2.48678,3.85192,0.16453,0.0052265,0.00910367,0.527303,0,0,0
5.18618,2,5.11377,4.21644,6.70779,0.149771,0.0210218,0.000464162,0.437488,0,0,0
5.18618,3,0,0,0,0,0,0,0,0,0,0
5.18618,4,0,0,0,0,0,0,0,0,0,0
5.18618,5,0,0,0,0,0,0,0,0,0,0
5.24511,0,4.60423,5.76618,3.84415,0.224918,-0.0135799,-0.00117424,0.864908,0,0,0
5.24511,1,5.03246,2.48752,3.85236,0.151604,0.00715763,0.00943854,0.527303,0,0,0
5.24511,2,5.12223,4.21105,6.70781,0.15032,-0.00272616,0.00239801,0.426684,0,0,0
5.24511,3,0,0,0,0,0,0,0,0,0,0
5.24511,4,0,0,0,0,0,0,0,0,0,0
5.24511,5,0,0,0,0,0,0,0,0,0,0
5.29784,0,4.60866,5.76621,3.84466,0.19715,-0.0109405,-0.00023851,0.864908,0,0,0
5.29784,1,5.04056,2.48683,3.85291,0.149123,0.00335415,0.0101015,0.517673,0,0,0
5.29784,2,5.12992,4.20701,6.70811,0.146397,-0.0178645,0.00375055,0.426684,0,0,0
5.29784,3,0,0,0,0,0,0,0,0,0,0
5.29784,4,0,0,0,0,0,0,0,0,0,0
5.29784,5,0,0,0,0,0,0,0,0,0,0
5.35613,0,4.60693,5.76344,3.84477,0.150785,-0.0171785,0.00233036,0.861236,0,0,0
5.35613,1,5.04817,2.48719,3.8535,0.145105,0.00373491,0.00998584,0.517673,0,0,0
5.35613,2,5.13159,4.20265,6.70839,0.123621,-0.03066,0.00481211,0.42161,0,0,0
5.35613,3,0,0,0,0,0,0,0,0,0,0
5.35613,4,0,0,0,0,0,0,0,0,0,0
5.35613,5,0,0,0,0,0,0,0,0,0,0
5.41892,0,4.60898,5.7597,3.84523,0.126132,-0.0274269,0.00316694,0.861236,0,0,0
5.41892,1,5.0556,2.48737,3.85409,0.140182,0.0053347,0.00964372,0.507617,0,0,0
5.41892,2,5.15451,4.17818,6.70908,0.150418,-0.106494,0.00476158,0.42161,0,0,0
5.41892,3,0,0,0,0,0,0,0,0,0,0
5.41892,4,0,0,0,0,0,0,0,0,0,0
5.41892,5,0,0,0,0,0,0,0,0,0,0
5.46921,0,4.61292,5.75674,3.84531,0.108712,-0.0337721,0.0042584,0.852859,0,0,0
5.46921,1,5.06417,2.489,3.85509,0.139442,0.00970115,0.00913807,0.495987,0,0,0
5.46921,2,5.15451,4.17818,6.70908,0.150418,-0.106494,0.00476158,0.403796,0,0,0
5.46921,3,0,0,0,0,0,0,0,0,0,0
5.46921,4,0,0,0,0,0,0,0,0,0,0
5.46921,5,0,0,0,0,0,0,0,0,0,0
5.52711,0,4.61545,5.75427,3.84554,0.0906699,-0.0372159,0.00443747,0.852859,0,0,0
5.52711,1,5.07021,2.48897,3.8555,0.127133,0.00932984,0.00866379,0.495987,0,0,0
5.52711,2,5.1692,4.16082,6.70963,0.142087,-0.135205,0.00112201,0.403796,0,0,0
5.52711,3,0,0,0,0,0,0,0,0,0,0
5.52711,4,0,0,0,0,0,0,0,0,0,0
5.52711,5,0,0,0,0,0,0,0,0,0,0
5.58992,0,4.61739,5.75281,3.8457,0.0744371,-0.0368325,0.00441107,0.847099,0,0,0
5.58992,1,5.08128,2.48713,3.8559,0.139704,0.000239573,0.00780545,0.486908,0,0,0
5.58992,2,5.17777,4.15073,6.70978,0.144805,-0.152445,-0.000709363,0.394476,0,0,0
5.58992,3,0,0,0,0,0,0,0,0,0,0
5.58992,4,0,0,0,0,0,0,0,0,0,0
5.58992,5,0,0,0,0,0,0,0,0,0,0
5.64953,0,4.61728,5.75184,3.8459,0.0534875,-0.0344275,0.00466753,0.847099,0,0,0
5.64953,1,5.08911,2.48782,3.85629,0.138549,0.00221608,0.00748543,0.486908,0,0,0
5.64953,2,5.18466,4.14264,6.70993,0.140745,-0.159569,-0.00258826,0.385642,0,0,0
5.64953,3,0,0,0,0,0,0,0,0,0,0
5.64953,4,0,0,0,0,0,0,0,0,0,0
5.64953,5,0,0,0,0,0,0,0,0,0,0
5.70234,0,4.62367,5.74817,3.8464,0.0583531,-0.0430112,0.00530937,0.839391,0,0,0
5.70234,1,5.09675,2.48838,3.85663,0.137066,0.00339505,0.00693213,0.481654,0,0,0
5.70234,2,5.18466,4.14264,6.70993,0.140745,-0.159569,-0.00258826,0.385642,0,0,0
5.70234,3,0,0,0,0,0,0,0,0,0,0
5.70234,4,0,0,0,0,0,0,0,0,0,0
5.70234,5,0,0,0,0,0,0,0,0,0,0
5.75514,0,4.62732,5.7468,3.84641,0.0536088,-0.0419237,0.00613557,0.839391,0,0,0
5.75514,1,5.10257,2.48859,3.85699,0.128447,0.00376864,0.00659574,0.481654,0,0,0
5.75514,2,5.19778,4.12791,6.71017,0.132038,-0.165165,-0.00831108,0.382351,0,0,0
5.75514,3,0,0,0,0,0,0,0,0,0,0
5.75514,4,0,0,0,0,0,0,0,0,0,0
5.75514,5,0,0,0,0,0,0,0,0,0,0
5.81289,0,4.62962,5.74588,3.84663,0.0441145,-0.0388199,0.00612804,0.833036,0,0,0
5.81289,1,5.11208,2.48843,3.85748,0.131265,0.00172337,0.00645772,0.467834,0,0,0
5.81289,2,5.20364,4.12149,6.71034,0.126137,-0.163711,-0.00975236,0.382351,0,0,0
5.81289,3,0,0,0,0,0,0,0,0,0,0
5.81289,4,0,0,0,0,0,0,0,0,0,0
5.81289,5,0,0,0,0,0,0,0,0,0,0
5.87085,0,4.63377,5.74666,3.84714,0.0423291,-0.0308221,0.00648761,0.833036,0,0,0
5.87085,1,5.11789,2.4888,3.85787,0.124976,0.00273822,0.0062853,0.467834,0,0,0
5.87085,2,5.20944,4.11661,6.71012,0.120718,-0.156929,-0.00943834,0.376607,0,0,0
5.87085,3,0,0,0,0,0,0,0,0,0,0
5.87085,4,0,0,0,0,0,0,0,0,0,0
5.87085,5,0,0,0,0,0,0,0,0,0,0
5.9288,0,4.6418,5.74617,3.84738,0.0563601,-0.0289557,0.005178,0.829654,0,0,0
5.9288,1,5.12547,2.4883,3.85822,0.126068,5.16116e-05,0.00601646,0.460529,0,0,0
5.9288,2,5.21441,4.11276,6.7107,0.113083,-0.147278,-0.00828581,0.376607,0,0,0
5.9288,3,0,0,0,0,0,0,0,0,0,0
5.9288,4,0,0,0,0,0,0,0,0,0,0
5.9288,5,0,0,0,0,0,0,0,0,0,0
5.9818,0,4.65425,5.74434,3.84684,0.0658777,-0.0276173,-0.00507246,0.829654,0,0,0
5.9818,1,5.13208,2.48829,3.85856,0.123628,-0.000306964,0.00591947,0.460529,0,0,0
5.9818,2,5.21907,4.11178,6.71042,0.105092,-0.128717,-0.00528688,0.372332,0,0,0
5.9818,3,0,0,0,0,0,0,0,0,0,0
5.9818,4,0,0,0,0,0,0,0,0,0,0
5.9818,5,0,0,0,0,0,0,0,0,0,0
6.03792,0,4.66005,5.74236,3.84651,0.06871,-0.0306852,-0.0144576,0.810366,0,0,0
6.03792,1,5.13663,2.48891,3.85889,0.111921,0.00217287,0.00590308,0.454033,0,0,0
6.03792,2,5.22803,4.10612,6.71066,0.0930712,-0.112209,-0.00224428,0.372332,0,0,0
6.03792,3,0,0,0,0,0,0,0,0,0,0
6.03792,4,0,0,0,0,0,0,0,0,0,0
6.03792,5,0,0,0,0,0,0,0,0,0,0
6.09262,0,4.65998,5.74574,3.84567,0.0680517,-0.0190016,-0.0262542,0.810366,0,0,0
6.09262,1,5.14543,2.48744,3.85916,0.118412,-0.00428369,0.00585931,0.454033,0,0,0
6.09262,2,5.22819,4.11289,6.71059,0.0927969,-0.0879207,0.000582816,0.366913,0,0,0
6.09262,3,0,0,0,0,0,0,0,0,0,0
6.09262,4,0,0,0,0,0,0,0,0,0,0
6.09262,5,0,0,0,0,0,0,0,0,0,0
6.14349,0,4.67292,5.74885,3.84016,0.0751517,-0.0064076,-0.0825452,0.805961,0,0,0
6.14349,1,5.15184,2.48759,3.85939,0.115375,-0.00351341,0.00215373,0.450732,0,0,0
6.14349,2,5.233,4.1156,6.71102,0.0890155,-0.0640425,0.00318869,0.366913,0,0,0
6.14349,3,0,0,0,0,0,0,0,0,0,0
6.14349,4,0,0,0,0,0,0,0,0,0,0
6.14349,5,0,0,0,0,0,0,0,0,0,0
6.19877,0,4.69316,5.74315,3.83255,0.123371,-0.0255006,-0.112682,0.805961,0,0,0
6.19877,1,5.15705,2.48789,3.85917,0.108696,-0.00182532,-0.0113513,0.450732,0,0,0
6.19877,2,5.233,4.1156,6.71102,0.0890155,-0.0640425,0.00318869,0.364914,0,0,0
6.19877,3,0,0,0,0,0,0,0,0,0,0
6.19877,4,0,0,0,0,0,0,0,0,0,0
6.19877,5,0,0,0,0,0,0,0,0,0,0
6.25184,0,4.70455,5.74214,3.82631,0.137348,-0.0265384,-0.128861,0.776041,0,0,0
6.25184,1,5.16284,2.48785,3.85821,0.105153,-0.00136013,-0.0296895,0.444527,0,0,0
6.25184,2,5.24522,4.12539,6.71223,0.0724769,-0.00779012,0.00740272,0.364914,0,0,0
6.25184,3,0,0,0,0,0,0,0,0,0,0
6.25184,4,0,0,0,0,0,0,0,0,0,0
6.25184,5,0,0,0,0,0,0,0,0,0,0
6.3079,0,4.72154,5.73754,3.81802,0.165129,-0.0390071,-0.145921,0.776041,0,0,0
6.3079,1,5.16884,2.48764,3.85596,0.102924,-0.00112689,-0.0557003,0.444527,0,0,0
6.3079,2,5.24839,4.1323,6.71283,0.0659027,0.0168193,0.00797611,0.361338,0,0,0
6.3079,3,0,0,0,0,0,0,0,0,0,0
6.3079,4,0,0,0,0,0,0,0,0,0,0
6.3079,5,0,0,0,0,0,0,0,0,0,0
6.36356,0,4.73166,5.7372,3.8109,0.167782,-0.0347318,-0.152709,0.749467,0,0,0
6.36356,1,5.17404,2.48858,3.85261,0.0979988,0.0035506,-0.0830988,0.436126,0,0,0
6.36356,2,5.25176,4.13917,6.71335,0.0617092,0.037721,0.00774453,0.361338,0,0,0
6.36356,3,0,0,0,0,0,0,0,0,0,0
6.36356,4,0,0,0,0,0,0,0,0,0,0
6.36356,5,0,0,0,0,0,0,0,0,0,0
6.4137,0,4.74547,5.73161,3.80208,0.182689,-0.0485332,-0.154844,0.749467,0,0,0
6.4137,1,5.17863,2.48989,3.84813,0.0928677,0.00866154,-0.103939,0.436126,0,0,0
6.4137,2,5.25496,4.14663,6.71338,0.0570141,0.0575969,0.00684616,0.360374,0,0,0
6.4137,3,0,0,0,0,0,0,0,0,0,0
6.4137,4,0,0,0,0,0,0,0,0,0,0
6.4137,5,0,0,0,0,0,0,0,0,0,0
6.46479,0,4.75298,5.72989,3.79383,0.175713,-0.0470041,-0.15401,0.727184,0,0,0
6.46479,1,5.18246,2.49186,3.84222,0.0853229,0.0146759,-0.127848,0.433119,0,0,0
6.46479,2,5.2578,4.15379,6.71372,0.0527109,0.0742034,0.00584614,0.360374,0,0,0
6.46479,3,0,0,0,0,0,0,0,0,0,0
6.46479,4,0,0,0,0,0,0,0,0,0,0
6.46479,5,0,0,0,0,0,0,0,0,0,0
6.52519,0,4.76811,5.72336,3.7856,0.197124,-0.0640506,-0.146956,0.727184,0,0,0
6.52519,1,5.18792,2.49548,3.83354,0.0830031,0.0237073,-0.136775,0.433119,0,0,0
6.52519,2,5.25778,4.15623,6.71416,0.0523308,0.0830294,0.00423442,0.359574,0,0,0
6.52519,3,0,0,0,0,0,0,0,0,0,0
6.52519,4,0,0,0,0,0,0,0,0,0,0
6.52519,5,0,0,0,0,0,0,0,0,0,0
6.58568,0,4.7819,5.71881,3.77793,0.208336,-0.070048,-0.128446,0.705449,0,0,0
6.58568,1,5.19109,2.49825,3.82837,0.075391,0.0284044,-0.132323,0.425152,0,0,0
6.58568,2,5.26321,4.16743,6.71421,0.0455166,0.0991626,0.00338663,0.359574,0,0,0
6.58568,3,0,0,0,0,0,0,0,0,0,0
6.58568,4,0,0,0,0,0,0,0,0,0,0
6.58568,5,0,0,0,0,0,0,0,0,0,0
6.63583,0,4.79286,5.71503,3.77319,0.210175,-0.0719691,-0.104266,0.705449,0,0,0
6.63583,1,5.19383,2.50071,3.82279,0.06662,0.0310872,-0.118267,0.425152,0,0,0
6.63583,2,5.26356,4.16911,6.71446,0.0465309,0.105165,0.00166105,0.359666,0,0,0
6.63583,3,0,0,0,0,0,0,0,0,0,0
6.63583,4,0,0,0,0,0,0,0,0,0,0
6.63583,5,0,0,0,0,0,0,0,0,0,0
6.6884,0,4.80383,5.71163,3.76911,0.211721,-0.07239,-0.0969463,0.681814,0,0,0
6.6884,1,5.19862,2.50473,3.8165,0.0671041,0.0390211,-0.0933156,0.419091,0,0,0
6.6884,2,5.26571,4.17367,6.7146,0.0422062,0.106951,-0.000324636,0.359666,0,0,0
6.6884,3,0,0,0,0,0,0,0,0,0,0
6.6884,4,0,0,0,0,0,0,0,0,0,0
6.6884,5,0,0,0,0,0,0,0,0,0,0
6.73977,0,4.8096,5.71031,3.76718,0.196605,-0.0668777,-0.0381961,0.681814,0,0,0
6.73977,1,5.20533,2.50969,3.81247,0.0734417,0.0492467,-0.0650681,0.419091,0,0,0
6.73977,2,5.26768,4.17623,6.7145,0.0384713,0.101278,-0.00220859,0.360058,0,0,0
6.73977,3,0,0,0,0,0,0,0,0,0,0
6.73977,4,0,0,0,0,0,0,0,0,0,0
6.73977,5,0,0,0,0,0,0,0,0,0,0
6.79254,0,4.82183,5.70677,3.76699,0.205408,-0.0711675,-0.00102953,0.666139,0,0,0
6.79254,1,5.20823,2.51179,3.8104,0.0674018,0.049628,-0.0454461,0.407616,0,0,0
6.79254,2,5.26914,4.18106,6.71433,0.0330815,0.104309,-0.00337832,0.360058,0,0,0
6.79254,3,0,0,0,0,0,0,0,0,0,0
6.79254,4,0,0,0,0,0,0,0,0,0,0
6.79254,5,0,0,0,0,0,0,0,0,0,0
6.84548,0,4.83066,5.70629,3.76864,0.200532,-0.0632877,0.0328392,0.666139,0,0,0
6.84548,1,5.21063,2.51324,3.81011,0.0607255,0.0480863,-0.0221517,0.407616,0,0,0
6.84548,2,5.27102,4.18401,6.71422,0.0300523,0.0993004,-0.00467501,0.359857,0,0,0
6.84548,3,0,0,0,0,0,0,0,0,0,0
6.84548,4,0,0,0,0,0,0,0,0,0,0
6.84548,5,0,0,0,0,0,0,0,0,0,0
6.89563,0,4.84227,5.70413,3.77242,0.204597,-0.0619125,0.0514384,0.64604,0,0,0
6.89563,1,5.21449,2.51475,3.80954,0.0596013,0.0468548,0.016065,0.402612,0,0,0
6.89563,2,5.27351,4.18855,6.71421,0.0293922,0.100302,-0.00722754,0.359857,0,0,0
6.89563,3,0,0,0,0,0,0,0,0,0,0
6.89563,4,0,0,0,0,0,0,0,0,0,0
6.89563,5,0,0,0,0,0,0,0,0,0,0
6.95111,0,4.84238,5.70771,3.77622,0.170551,-0.0401926,0.0794401,0.64604,0,0,0
6.95111,1,5.22218,2.5149,3.81084,0.0715435,0.0388819,0.029695,0.402612,0,0,0
6.95111,2,5.27707,4.19596,6.71369,0.0323837,0.111031,-0.00990217,0.359729,0,0,0
6.95111,3,0,0,0,0,0,0,0,0,0,0
6.95111,4,0,0,0,0,0,0,0,0,0,0
6.95111,5,0,0,0,0,0,0,0,0,0,0
7.00671,0,4.85085,5.70894,3.78074,0.169007,-0.0300587,0.0955319,0.63572,0,0,0
7.00671,1,5.23094,2.51457,3.81321,0.0871821,0.0303836,0.0391036,0.396414,0,0,0
7.00671,2,5.27928,4.20171,6.71261,0.0306937,0.114423,-0.0119928,0.359729,0,0,0
7.00671,3,0,0,0,0,0,0,0,0,0,0
7.00671,4,0,0,0,0,0,0,0,0,0,0
7.00671,5,0,0,0,0,0,0,0,0,0,0
7.06425,0,4.85803,5.71205,3.78652,0.16087,-0.0136118,0.106034,0.623448,0,0,0
7.06425,1,5.23606,2.51448,3.8153,0.0871756,0.0247245,0.0416145,0.396414,0,0,0
7.06425,2,5.28468,4.21296,6.71196,0.0311548,0.118598,-0.0132355,0.359206,0,0,0
7.06425,3,0,0,0,0,0,0,0,0,0,0
7.06425,4,0,0,0,0,0,0,0,0,0,0
7.06425,5,0,0,0,0,0,0,0,0,0,0
7.11442,0,4.86946,5.71246,3.79242,0.167424,-0.00945414,0.10973,0.623448,0,0,0
7.11442,1,5.238,2.51369,3.81646,0.0771782,0.0182832,0.0428386,0.390949,0,0,0
7.11442,2,5.28513,4.21269,6.71128,0.0327934,0.117543,-0.0133675,0.359206,0,0,0
7.11442,3,0,0,0,0,0,0,0,0,0,0
7.11442,4,0,0,0,0,0,0,0,0,0,0
7.11442,5,0,0,0,0,0,0,0,0,0,0
7.17159,0,4.86857,5.71924,3.79819,0.13501,0.0163225,0.110778,0.617148,0,0,0
7.17159,1,5.2467,2.50944,3.81982,0.0928518,-0.00116164,0.0418104,0.390949,0,0,0
7.17159,2,5.28961,4.22314,6.71077,0.029758,0.116472,-0.0135238,0.358962,0,0,0
7.17159,3,0,0,0,0,0,0,0,0,0,0
7.17159,4,0,0,0,0,0,0,0,0,0,0
7.17159,5,0,0,0,0,0,0,0,0,0,0
7.23808,0,4.87319,5.723,3.80363,0.124638,0.0286762,0.107342,0.617148,0,0,0
7.23808,1,5.25347,2.50582,3.82164,0.0992177,-0.0150431,0.0400686,0.391332,0,0,0
7.23808,2,5.29169,4.2268,6.71012,0.0289668,0.112578,-0.014111,0.358962,0,0,0
7.23808,3,0,0,0,0,0,0,0,0,0,0
7.23808,4,0,0,0,0,0,0,0,0,0,0
7.23808,5,0,0,0,0,0,0,0,0,0,0
7.2884,0,4.87734,5.72705,3.80957,0.113913,0.0403579,0.0998557,0.613097,0,0,0
7.2884,1,5.25815,2.50309,3.824,0.097136,-0.023355,0.0353923,0.391332,0,0,0
7.2884,2,5.29169,4.2268,6.71012,0.0289668,0.112578,-0.014111,0.360016,0,0,0
7.2884,3,0,0,0,0,0,0,0,0,0,0
7.2884,4,0,0,0,0,0,0,0,0,0,0
7.2884,5,0,0,0,0,0,0,0,0,0,0
7.35007,0,4.88097,5.73093,3.8138,0.10331,0.0495568,0.0922758,0.613097,0,0,0
7.35007,1,5.26244,2.50008,3.82589,0.0930423,-0.0311265,0.0308205,0.393159,0,0,0
7.35007,2,5.29468,4.22703,6.71023,0.0317331,0.0960838,-0.0112186,0.360016,0,0,0
7.35007,3,0,0,0,0,0,0,0,0,0,0
7.35007,4,0,0,0,0,0,0,0,0,0,0
7.35007,5,0,0,0,0,0,0,0,0,0,0
7.40884,0,4.88499,5.73546,3.81868,0.0954342,0.0592858,0.0828391,0.610911,0,0,0
7.40884,1,5.2665,2.49707,3.82736,0.0895916,-0.0378399,0.0275351,0.393159,0,0,0
7.40884,2,5.29648,4.22807,6.70977,0.0303394,0.0842768,-0.00893211,0.35897,0,0,0
7.40884,3,0,0,0,0,0,0,0,0,0,0
7.40884,4,0,0,0,0,0,0,0,0,0,0
7.40884,5,0,0,0,0,0,0,0,0,0,0
7.45903,0,4.89084,5.73944,3.82416,0.0927099,0.0642768,0.0804783,0.610911,0,0,0
7.45903,1,5.27136,2.49387,3.82876,0.0895909,-0.0443556,0.0247841,0.396068,0,0,0
7.45903,2,5.29674,4.23117,6.70945,0.0239829,0.0826062,-0.00736359,0.35897,0,0,0
7.45903,3,0,0,0,0,0,0,0,0,0,0
7.45903,4,0,0,0,0,0,0,0,0,0,0
7.45903,5,0,0,0,0,0,0,0,0,0,0
7.51088,0,4.89126,5.74248,3.82611,0.0754708,0.066756,0.0614722,0.609457,0,0,0
7.51088,1,5.27415,2.49154,3.8299,0.081314,-0.0459686,0.0222696,0.396068,0,0,0
7.51088,2,5.29987,4.22556,6.70926,0.0288456,0.0514432,-0.00262048,0.357054,0,0,0
7.51088,3,0,0,0,0,0,0,0,0,0,0
7.51088,4,0,0,0,0,0,0,0,0,0,0
7.51088,5,0,0,0,0,0,0,0,0,0,0
7.56616,0,4.89243,5.74373,3.82745,0.0630358,0.06265,0.0523903,0.609457,0,0,0
7.56616,1,5.27883,2.4878,3.83137,0.0802465,-0.0508674,0.0206987,0.399053,0,0,0
7.56616,2,5.30296,4.22212,6.70928,0.0336088,0.0305667,0.000637342,0.357054,0,0,0
7.56616,3,0,0,0,0,0,0,0,0,0,0
7.56616,4,0,0,0,0,0,0,0,0,0,0
7.56616,5,0,0,0,0,0,0,0,0,0,0
7.62566,0,4.89504,5.74633,3.83018,0.0563824,0.0627063,0.0423354,0.608488,0,0,0
7.62566,1,5.28144,2.48592,3.83229,0.0733946,-0.0502534,0.0199472,0.402439,0,0,0
7.62566,2,5.30411,4.21614,6.70912,0.031226,0.00408362,0.00433873,0.355477,0,0,0
7.62566,3,0,0,0,0,0,0,0,0,0,0
7.62566,4,0,0,0,0,0,0,0,0,0,0
7.62566,5,0,0,0,0,0,0,0,0,0,0
7.67916,0,4.9002,5.75205,3.8315,0.0571324,0.0711837,0.0223305,0.608488,0,0,0
7.67916,1,5.2852,2.48337,3.83342,0.0710346,-0.0519556,0.0193865,0.402439,0,0,0
7.67916,2,5.30736,4.2109,6.70952,0.0362069,-0.0165527,0.00691933,0.355477,0,0,0
7.67916,3,0,0,0,0,0,0,0,0,0,0
7.67916,4,0,0,0,0,0,0,0,0,0,0
7.67916,5,0,0,0,0,0,0,0,0,0,0
7.7409,0,4.90539,5.75543,3.83203,0.0609051,0.0729674,0.0107101,0.605893,0,0,0
7.7409,1,5.28827,2.48154,3.83457,0.067235,-0.0510307,0.0191723,0.404926,0,0,0
7.7409,2,5.30859,4.20257,6.7099,0.0331217,-0.0439944,0.00805307,0.351936,0,0,0
7.7409,3,0,0,0,0,0,0,0,0,0,0
7.7409,4,0,0,0,0,0,0,0,0,0,0
7.7409,5,0,0,0,0,0,0,0,0,0,0
7.80068,0,4.91067,5.75617,3.83216,0.0640501,0.0641731,-0.00327392,0.605893,0,0,0
7.80068,1,5.29075,2.48034,3.83531,0.0619187,-0.0478489,0.0191314,0.404926,0,0,0
7.80068,2,5.30958,4.19742,6.71034,0.0292856,-0.0571711,0.00896457,0.351936,0,0,0
7.80068,3,0,0,0,0,0,0,0,0,0,0
7.80068,4,0,0,0,0,0,0,0,0,0,0
7.80068,5,0,0,0,0,0,0,0,0,0,0
7.8575,0,4.91387,5.75761,3.83165,0.0612814,0.0598092,-0.0117305,0.60076,0,0,0
7.8575,1,5.29416,2.47858,3.83636,0.0601621,-0.0469118,0.0190352,0.406422,0,0,0
7.8575,2,5.31091,4.18805,6.71085,0.0280555,-0.0834083,0.00896461,0.349256,0,0,0
7.8575,3,0,0,0,0,0,0,0,0,0,0
7.8575,4,0,0,0,0,0,0,0,0,0,0
7.8575,5,0,0,0,0,0,0,0,0,0,0
7.90764,0,4.91776,5.76161,3.83098,0.0588091,0.0635976,-0.0154256,0.60076,0,0,0
7.90764,1,5.29691,2.47733,3.83742,0.0563556,-0.0441268,0.0190972,0.406422,0,0,0
7.90764,2,5.31583,4.17745,6.71147,0.0397803,-0.110752,0.00940614,0.349256,0,0,0
7.90764,3,0,0,0,0,0,0,0,0,0,0
7.90764,4,0,0,0,0,0,0,0,0,0,0
7.90764,5,0,0,0,0,0,0,0,0,0,0
7.96502,0,4.9238,5.7629,3.82967,0.0643545,0.0585615,-0.0227511,0.596743,0,0,0
7.96502,1,5.29862,2.47751,3.83808,0.0499006,-0.036764,0.0190764,0.406441,0,0,0
7.96502,2,5.31574,4.17065,6.71203,0.0312567,-0.119571,0.00860614,0.345636,0,0,0
7.96502,3,0,0,0,0,0,0,0,0,0,0
7.96502,4,0,0,0,0,0,0,0,0,0,0
7.96502,5,0,0,0,0,0,0,0,0,0,0
8.02292,0,4.92971,5.76139,3.82807,0.0696123,0.0452572,-0.0256784,0.596743,0,0,0
8.02292,1,5.30289,2.47538,3.83927,0.0539895,-0.0392057,0.0188497,0.406441,0,0,0
8.02292,2,5.31807,4.16188,6.71253,0.0315235,-0.131822,0.00771008,0.345636,0,0,0
8.02292,3,0,0,0,0,0,0,0,0,0,0
8.02292,4,0,0,0,0,0,0,0,0,0,0
8.02292,5,0,0,0,0,0,0,0,0,0,0
8.08424,0,4.9346,5.76519,3.82677,0.0713033,0.0509838,-0.0276133,0.590361,0,0,0
8.08424,1,5.30591,2.47514,3.84037,0.0527379,-0.0342566,0.0186311,0.407256,0,0,0
8.08424,2,5.32115,4.15196,6.71308,0.0359272,-0.148941,0.00645031,0.344276,0,0,0
8.08424,3,0,0,0,0,0,0,0,0,0,0
8.08424,4,0,0,0,0,0,0,0,0,0,0
8.08424,5,0,0,0,0,0,0,0,0,0,0
8.14236,0,4.94482,5.76237,3.82515,0.0905607,0.0343587,-0.026873,0.590361,0,0,0
8.14236,1,5.30821,2.47498,3.84125,0.0487218,-0.0293134,0.0181611,0.407256,0,0,0
8.14236,2,5.32409,4.14279,6.71365,0.0390348,-0.160838,0.00476229,0.344276,0,0,0
8.14236,3,0,0,0,0,0,0,0,0,0,0
8.14236,4,0,0,0,0,0,0,0,0,0,0
8.14236,5,0,0,0,0,0,0,0,0,0,0
8.20013,0,4.95145,5.76289,3.8239,0.0963541,0.0302106,-0.0240205,0.581027,0,0,0
8.20013,1,5.31118,2.4745,3.84219,0.048276,-0.0266789,0.0176775,0.406876,0,0,0
8.20013,2,5.3277,4.13372,6.71395,0.0431186,-0.170306,0.00316515,0.342917,0,0,0
8.20013,3,0,0,0,0,0,0,0,0,0,0
8.20013,4,0,0,0,0,0,0,0,0,0,0
8.20013,5,0,0,0,0,0,0,0,0,0,0
8.25762,0,4.95145,5.76289,3.8239,0.0963541,0.0302106,-0.0240205,0.581027,0,0,0
8.25762,1,5.31396,2.47423,3.84309,0.0468159,-0.0235783,0.0171585,0.406876,0,0,0
8.25762,2,5.33104,4.11784,6.71455,0.0379702,-0.175952,0.00133269,0.342917,0,0,0
8.25762,3,0,0,0,0,0,0,0,0,0,0
8.25762,4,0,0,0,0,0,0,0,0,0,0
8.25762,5,0,0,0,0,0,0,0,0,0,0
8.31113,0,4.95864,5.7624,3.82277,0.102692,0.0229962,-0.0204763,0.571108,0,0,0
8.31113,1,5.31598,2.47469,3.84386,0.0434063,-0.0182081,0.0166232,0.405837,0,0,0
8.31113,2,5.33301,4.11357,6.71463,0.0369811,-0.166747,-0.00120936,0.342463,0,0,0
8.31113,3,0,0,0,0,0,0,0,0,0,0
8.31113,4,0,0,0,0,0,0,0,0,0,0
8.31113,5,0,0,0,0,0,0,0,0,0,0
8.36635,0,4.966,5.76213,3.82171,0.107345,0.0177885,-0.0154209,0.571108,0,0,0
8.36635,1,5.31884,2.47435,3.84483,0.0436289,-0.0166022,0.0160822,0.405837,0,0,0
8.36635,2,5.33423,4.11019,6.71464,0.0328071,-0.153993,-0.00306663,0.342463,0,0,0
8.36635,3,0,0,0,0,0,0,0,0,0,0
8.36635,4,0,0,0,0,0,0,0,0,0,0
8.36635,5,0,0,0,0,0,0,0,0,0,0
8.43008,0,4.97308,5.76231,3.82107,0.11146,0.0147081,-0.00984833,0.560769,0,0,0
8.43008,1,5.32086,2.47511,3.84565,0.0393599,-0.0107986,0.0156053,0.404604,0,0,0
8.43008,2,5.33708,4.10316,6.71455,0.0358538,-0.156177,-0.00441789,0.342399,0,0,0
8.43008,3,0,0,0,0,0,0,0,0,0,0
8.43008,4,0,0,0,0,0,0,0,0,0,0
8.43008,5,0,0,0,0,0,0,0,0,0,0
8.48047,0,4.97836,5.76225,3.82079,0.109781,0.0117575,-0.00316234,0.560769,0,0,0
8.48047,1,5.32321,2.47509,3.84639,0.0384846,-0.00908514,0.0151375,0.404604,0,0,0
8.48047,2,5.33915,4.09883,6.71448,0.0351858,-0.148119,-0.00594919,0.342399,0,0,0
8.48047,3,0,0,0,0,0,0,0,0,0,0
8.48047,4,0,0,0,0,0,0,0,0,0,0
8.48047,5,0,0,0,0,0,0,0,0,0,0
8.54596,0,4.98563,5.76154,3.82086,0.115445,0.00641029,0.00357122,0.55132,0,0,0
8.54596,1,5.32522,2.47563,3.84723,0.0365158,-0.00559476,0.0147393,0.403422,0,0,0
8.54596,2,5.34079,4.09466,6.71438,0.0323994,-0.138188,-0.00768745,0.342368,0,0,0
8.54596,3,0,0,0,0,0,0,0,0,0,0
8.54596,4,0,0,0,0,0,0,0,0,0,0
8.54596,5,0,0,0,0,0,0,0,0,0,0
8.60028,0,4.99188,5.76121,3.82127,0.115596,0.00348218,0.00911867,0.55132,0,0,0
8.60028,1,5.32763,2.47596,3.84823,0.0364714,-0.00338164,0.0146244,0.403422,0,0,0
8.60028,2,5.34194,4.09081,6.71418,0.0287045,-0.12951,-0.00832051,0.342368,0,0,0
8.60028,3,0,0,0,0,0,0,0,0,0,0
8.60028,4,0,0,0,0,0,0,0,0,0,0
8.60028,5,0,0,0,0,0,0,0,0,0,0
8.65051,0,4.998,5.76085,3.82192,0.115253,0.000904069,0.0138749,0.54206,0,0,0
8.65051,1,5.3301,2.47648,3.84865,0.0347409,6.82238e-05,0.00860185,0.401911,0,0,0
8.65051,2,5.34338,4.08904,6.71395,0.0260557,-0.115369,-0.00854764,0.342499,0,0,0
8.65051,3,0,0,0,0,0,0,0,0,0,0
8.65051,4,0,0,0,0,0,0,0,0,0,0
8.65051,5,0,0,0,0,0,0,0,0,0,0
8.70593,0,5.00366,5.76018,3.82294,0.113476,-0.00224871,0.0198182,0.54206,0,0,0
8.70593,1,5.33225,2.47693,3.84878,0.0332632,0.0019873,-0.00402301,0.401911,0,0,0
8.70593,2,5.34558,4.08377,6.71382,0.0272919,-0.115505,-0.00727158,0.342499,0,0,0
8.70593,3,0,0,0,0,0,0,0,0,0,0
8.70593,4,0,0,0,0,0,0,0,0,0,0
8.70593,5,0,0,0,0,0,0,0,0,0,0
8.76118,0,5.00821,5.75981,3.82422,0.107963,-0.00119391,0.0239733,0.534033,0,0,0
8.76118,1,5.33473,2.47762,3.8478,0.032371,0.00452815,-0.015773,0.400344,0,0,0
8.76118,2,5.34601,4.08756,6.71385,0.0216599,-0.085496,-0.00387057,0.342587,0,0,0
8.76118,3,0,0,0,0,0,0,0,0,0,0
8.76118,4,0,0,0,0,0,0,0,0,0,0
8.76118,5,0,0,0,0,0,0,0,0,0,0
8.81638,0,5.01538,5.7587,3.82542,0.112653,-0.00577321,0.0241531,0.534033,0,0,0
8.81638,1,5.33659,2.47882,3.84555,0.0302148,0.00915493,-0.0514589,0.400344,0,0,0
8.81638,2,5.34811,4.0835,6.71396,0.0228029,-0.0841949,-0.00331283,0.342587,0,0,0
8.81638,3,0,0,0,0,0,0,0,0,0,0
8.81638,4,0,0,0,0,0,0,0,0,0,0
8.81638,5,0,0,0,0,0,0,0,0,0,0
8.87297,0,5.01989,5.75866,3.82673,0.108042,-0.00536394,0.0210064,0.524999,0,0,0
8.87297,1,5.33805,2.48058,3.84154,0.0274538,0.0151122,-0.0792938,0.397555,0,0,0
8.87297,2,5.349,4.08734,6.71395,0.0199011,-0.0598189,0.000373504,0.342551,0,0,0
8.87297,3,0,0,0,0,0,0,0,0,0,0
8.87297,4,0,0,0,0,0,0,0,0,0,0
8.87297,5,0,0,0,0,0,0,0,0,0,0
8.92869,0,5.02558,5.75867,3.82773,0.10829,-0.00511047,0.0194069,0.524999,0,0,0
8.92869,1,5.33807,2.48409,3.83584,0.0200248,0.0264522,-0.108162,0.397555,0,0,0
8.92869,2,5.34852,4.09587,6.71433,0.0125445,-0.0215854,0.00346953,0.342551,0,0,0
8.92869,3,0,0,0,0,0,0,0,0,0,0
8.92869,4,0,0,0,0,0,0,0,0,0,0
8.92869,5,0,0,0,0,0,0,0,0,0,0
8.97967,0,5.02971,5.75735,3.8287,0.100821,-0.00853513,0.0182953,0.517264,0,0,0
8.97967,1,5.33944,2.48612,3.82847,0.0189794,0.0304955,-0.121469,0.393264,0,0,0
8.97967,2,5.34752,4.10297,6.71437,0.00326998,0.00830119,0.00502533,0.341609,0,0,0
8.97967,3,0,0,0,0,0,0,0,0,0,0
8.97967,4,0,0,0,0,0,0,0,0,0,0
8.97967,5,0,0,0,0,0,0,0,0,0,0
9.03238,0,5.03492,5.7561,3.82966,0.0996818,-0.0122726,0.0187221,0.517264,0,0,0
9.03238,1,5.34086,2.48968,3.82273,0.0182829,0.0382084,-0.140083,0.393264,0,0,0
9.03238,2,5.34752,4.10297,6.71437,0.00326998,0.00830119,0.00502533,0.341609,0,0,0
9.03238,3,0,0,0,0,0,0,0,0,0,0
9.03238,4,0,0,0,0,0,0,0,0,0,0
9.03238,5,0,0,0,0,0,0,0,0,0,0
9.09095,0,5.03987,5.75546,3.83056,0.0987541,-0.0131647,0.0194245,0.508955,0,0,0
9.09095,1,5.34086,2.49462,3.81549,0.0131628,0.0494155,-0.149317,0.386519,0,0,0
9.09095,2,5.34903,4.11075,6.7146,0.00452685,0.0358964,0.00572842,0.341197,0,0,0
9.09095,3,0,0,0,0,0,0,0,0,0,0
9.09095,4,0,0,0,0,0,0,0,0,0,0
9.09095,5,0,0,0,0,0,0,0,0,0,0
9.14373,0,5.04022,5.75521,3.8315,0.0821868,-0.012144,0.0201214,0.508955,0,0,0
9.14373,1,5.34058,2.49973,3.80788,0.007709,0.0592396,-0.153852,0.386519,0,0,0
9.14373,2,5.34972,4.11826,6.71516,0.00318698,0.058772,0.00604964,0.341197,0,0,0
9.14373,3,0,0,0,0,0,0,0,0,0,0
9.14373,4,0,0,0,0,0,0,0,0,0,0
9.14373,5,0,0,0,0,0,0,0,0,0,0
9.20203,0,5.04625,5.75359,3.83277,0.0876891,-0.0169834,0.0205721,0.503179,0,0,0
9.20203,1,5.34256,2.50429,3.8,0.0107635,0.0650084,-0.158235,0.379609,0,0,0
9.20203,2,5.35049,4.12612,6.71556,0.00237169,0.0785518,0.00551046,0.341167,0,0,0
9.20203,3,0,0,0,0,0,0,0,0,0,0
9.20203,4,0,0,0,0,0,0,0,0,0,0
9.20203,5,0,0,0,0,0,0,0,0,0,0
9.26268,0,5.05089,5.75301,3.83401,0.0873081,-0.0170241,0.0202117,0.503179,0,0,0
9.26268,1,5.3414,2.5113,3.79384,0.00331931,0.0775203,-0.136825,0.379609,0,0,0
9.26268,2,5.35105,4.13381,6.71585,0.00128812,0.0956596,0.00403086,0.341802,0,0,0
9.26268,3,0,0,0,0,0,0,0,0,0,0
9.26268,4,0,0,0,0,0,0,0,0,0,0
9.26268,5,0,0,0,0,0,0,0,0,0,0
9.31296,0,5.05515,5.75249,3.83502,0.0856948,-0.0167892,0.0191144,0.496385,0,0,0
9.31296,1,5.34282,2.51193,3.78541,0.00860495,0.077617,-0.128427,0.375339,0,0,0
9.31296,2,5.35163,4.14278,6.71607,0.000283706,0.113874,0.00130335,0.341802,0,0,0
9.31296,3,0,0,0,0,0,0,0,0,0,0
9.31296,4,0,0,0,0,0,0,0,0,0,0
9.31296,5,0,0,0,0,0,0,0,0,0,0
9.37164,0,5.05701,5.75284,3.83588,0.0757486,-0.0129291,0.0181096,0.496385,0,0,0
9.37164,1,5.34311,2.52344,3.78159,0.00288307,0.0928064,-0.0920119,0.375339,0,0,0
9.37164,2,5.35245,4.15035,6.71617,0.000880026,0.124223,-0.00122815,0.341802,0,0,0
9.37164,3,0,0,0,0,0,0,0,0,0,0
9.37164,4,0,0,0,0,0,0,0,0,0,0
9.37164,5,0,0,0,0,0,0,0,0,0,0
9.42841,0,5.06065,5.7529,3.83673,0.0736453,-0.0110213,0.0164288,0.493043,0,0,0
9.42841,1,5.34358,2.52907,3.78199,0.00155305,0.0988203,-0.0531595,0.359589,0,0,0
9.42841,2,5.35332,4.15512,6.7161,0.00251301,0.124013,-0.00327934,0.342853,0,0,0
9.42841,3,0,0,0,0,0,0,0,0,0,0
9.42841,4,0,0,0,0,0,0,0,0,0,0
9.42841,5,0,0,0,0,0,0,0,0,0,0
9.48381,0,5.06552,5.75231,3.83751,0.0762997,-0.0118825,0.0141818,0.493043,0,0,0
9.48381,1,5.34446,2.53246,3.77931,0.00194711,0.097039,-0.0226944,0.359589,0,0,0
9.48381,2,5.35363,4.16168,6.71606,0.00166784,0.130078,-0.00587073,0.343696,0,0,0
9.48381,3,0,0,0,0,0,0,0,0,0,0
9.48381,4,0,0,0,0,0,0,0,0,0,0
9.48381,5,0,0,0,0,0,0,0,0,0,0
9.53856,0,5.06853,5.75316,3.83824,0.0718697,-0.00712031,0.011944,0.488143,0,0,0
9.53856,1,5.34533,2.52991,3.78066,0.00520603,0.0891157,0.00849373,0.358981,0,0,0
9.53856,2,5.35417,4.16331,6.71597,0.00306671,0.117838,-0.00787495,0.343696,0,0,0
9.53856,3,0,0,0,0,0,0,0,0,0,0
9.53856,4,0,0,0,0,0,0,0,0,0,0
9.53856,5,0,0,0,0,0,0,0,0,0,0
9.60131,0,5.0719,5.75363,3.83886,0.069512,-0.00451483,0.00993386,0.488143,0,0,0
9.60131,1,5.34659,2.53139,3.78109,0.00694747,0.0796573,0.0279842,0.358981,0,0,0
9.60131,2,5.3543,4.16678,6.71587,0.00224376,0.113553,-0.00894688,0.344048,0,0,0
9.60131,3,0,0,0,0,0,0,0,0,0,0
9.60131,4,0,0,0,0,0,0,0,0,0,0
9.60131,5,0,0,0,0,0,0,0,0,0,0
9.6591,0,5.07509,5.75406,3.83929,0.0669302,-0.00245904,0.00802154,0.484668,0,0,0
9.6591,1,5.34799,2.53148,3.78305,0.0092099,0.066316,0.0423834,0.356638,0,0,0
9.6591,2,5.35481,4.17722,6.71556,0.000618842,0.131617,-0.00992209,0.344048,0,0,0
9.6591,3,0,0,0,0,0,0,0,0,0,0
9.6591,4,0,0,0,0,0,0,0,0,0,0
9.6591,5,0,0,0,0,0,0,0,0,0,0
9.71499,0,5.08175,5.75546,3.83997,0.0634251,0.0025051,0.00541549,0.484668,0,0,0
9.71499,1,5.34921,2.53098,3.78851,0.0110227,0.0542595,0.0565616,0.356638,0,0,0
9.71499,2,5.35695,4.18043,6.71548,0.00734657,0.123617,-0.00878577,0.345435,0,0,0
9.71499,3,0,0,0,0,0,0,0,0,0,0
9.71499,4,0,0,0,0,0,0,0,0,0,0
9.71499,5,0,0,0,0,0,0,0,0,0,0
9.77171,0,5.08175,5.75546,3.83997,0.0634251,0.0025051,0.00541549,0.481635,0,0,0
9.77171,1,5.35015,2.52914,3.79173,0.0121495,0.0390536,0.0606918,0.356612,0,0,0
9.77171,2,5.35744,4.18091,6.71541,0.00781766,0.106742,-0.00657956,0.345435,0,0,0
9.77171,3,0,0,0,0,0,0,0,0,0,0
9.77171,4,0,0,0,0,0,0,0,0,0,0
9.77171,5,0,0,0,0,0,0,0,0,0,0
9.82814,0,5.08459,5.75677,3.84016,0.0599684,0.00677591,0.00464698,0.481635,0,0,0
9.82814,1,5.35248,2.52617,3.79483,0.0176894,0.0211325,0.053362,0.356612,0,0,0
9.82814,2,5.35934,4.18017,6.71499,0.0132357,0.0875846,-0.00385451,0.344793,0,0,0
9.82814,3,0,0,0,0,0,0,0,0,0,0
9.82814,4,0,0,0,0,0,0,0,0,0,0
9.82814,5,0,0,0,0,0,0,0,0,0,0
9.88098,0,5.0888,5.75693,3.8404,0.0628551,0.00618377,0.00419088,0.478519,0,0,0
9.88098,1,5.35411,2.52355,3.79735,0.0198349,0.00754017,0.0552387,0.36053,0,0,0
9.88098,2,5.36001,4.177,6.71492,0.0137751,0.0628224,-0.0013122,0.344793,0,0,0
9.88098,3,0,0,0,0,0,0,0,0,0,0
9.88098,4,0,0,0,0,0,0,0,0,0,0
9.88098,5,0,0,0,0,0,0,0,0,0,0
9.93912,0,5.09193,5.75753,3.84058,0.0607547,0.00730949,0.00425439,0.478519,0,0,0
9.93912,1,5.35577,2.51999,3.79926,0.0213752,-0.00798536,0.0501288,0.36053,0,0,0
9.93912,2,5.36152,4.17444,6.71529,0.0169939,0.0438683,0.000854119,0.344131,0,0,0
9.93912,3,0,0,0,0,0,0,0,0,0,0
9.93912,4,0,0,0,0,0,0,0,0,0,0
9.93912,5,0,0,0,0,0,0,0,0,0,0
9.98937,0,5.09485,5.75892,3.84083,0.0581256,0.0110271,0.00472313,0.47712,0,0,0
9.98937,1,5.35607,2.51825,3.80123,0.0177619,-0.0139418,0.0439959,0.364792,0,0,0
9.98937,2,5.36317,4.16719,6.71582,0.0209502,0.0111472,0.00319178,0.344131,0,0,0
9.98937,3,0,0,0,0,0,0,0,0,0,0
9.98937,4,0,0,0,0,0,0,0,0,0,0
9.98937,5,0,0,0,0,0,0,0,0,0,0
10.0508,0,5.09851,5.75946,3.84108,0.0588195,0.0110982,0.00536966,0.47712,0,0,0
10.0508,1,5.35743,2.51591,3.80082,0.0183517,-0.0211138,0.035928,0.364792,0,0,0
10.0508,2,5.36367,4.16035,6.71622,0.0162037,-0.0140217,0.00424541,0.343272,0,0,0
10.0508,3,0,0,0,0,0,0,0,0,0,0
10.0508,4,0,0,0,0,0,0,0,0,0,0
10.0508,5,0,0,0,0,0,0,0,0,0,0
10.106,0,5.1063,5.76101,3.84173,0.0616125,0.0126045,0.00616894,0.474766,0,0,0
10.106,1,5.35844,2.51326,3.80235,0.0180173,-0.0280904,0.0320226,0.369335,0,0,0
10.106,2,5.36654,4.14878,6.71641,0.0245569,-0.0514821,0.00430227,0.343272,0,0,0
10.106,3,0,0,0,0,0,0,0,0,0,0
10.106,4,0,0,0,0,0,0,0,0,0,0
10.106,5,0,0,0,0,0,0,0,0,0,0
10.1612,0,5.10986,5.76174,3.84212,0.0614041,0.0131207,0.00696101,0.474766,0,0,0
10.1612,1,5.35918,2.5104,3.80426,0.0169354,-0.0348818,0.0297702,0.369335,0,0,0
10.1612,2,5.36654,4.14878,6.71641,0.0245569,-0.0514821,0.00430227,0.342346,0,0,0
10.1612,3,0,0,0,0,0,0,0,0,0,0
10.1612,4,0,0,0,0,0,0,0,0,0,0
10.1612,5,0,0,0,0,0,0,0,0,0,0
10.2216,0,5.11321,5.76291,3.84257,0.0600628,0.0148606,0.00772027,0.470054,0,0,0
10.2216,1,5.36095,2.50699,3.80579,0.0197136,-0.0428552,0.028564,0.374723,0,0,0
10.2216,2,5.36834,4.13258,6.71691,0.0257164,-0.0920806,0.00309366,0.342346,0,0,0
10.2216,3,0,0,0,0,0,0,0,0,0,0
10.2216,4,0,0,0,0,0,0,0,0,0,0
10.2216,5,0,0,0,0,0,0,0,0,0,0
10.2717,0,5.11403,5.76291,3.8426,0.0629893,0.0147388,0.00878115,0.470054,0,0,0
10.2717,1,5.36147,2.50502,3.80837,0.0173274,-0.0442669,0.0292029,0.374723,0,0,0
10.2717,2,5.36834,4.13258,6.71691,0.0257164,-0.0920806,0.00309366,0.342064,0,0,0
10.2717,3,0,0,0,0,0,0,0,0,0,0
10.2717,4,0,0,0,0,0,0,0,0,0,0
10.2717,5,0,0,0,0,0,0,0,0,0,0
10.3236,0,5.11801,5.76357,3.84311,0.0643781,0.0146172,0.00980344,0.468644,0,0,0
10.3236,1,5.36276,2.50155,3.80996,0.0183025,-0.0508787,0.02859,0.379269,0,0,0
10.3236,2,5.36865,4.12335,6.71716,0.0235233,-0.111385,0.00162394,0.342064,0,0,0
10.3236,3,0,0,0,0,0,0,0,0,0,0
10.3236,4,0,0,0,0,0,0,0,0,0,0
10.3236,5,0,0,0,0,0,0,0,0,0,0
10.3738,0,5.1219,5.7642,3.84366,0.0645454,0.0142431,0.0109121,0.468644,0,0,0
10.3738,1,5.36552,2.49705,3.81154,0.024269,-0.0599496,0.0278292,0.379269,0,0,0
10.3738,2,5.36875,4.11732,6.71727,0.0196504,-0.115851,0.000823858,0.342413,0,0,0
10.3738,3,0,0,0,0,0,0,0,0,0,0
10.3738,4,0,0,0,0,0,0,0,0,0,0
10.3738,5,0,0,0,0,0,0,0,0,0,0
10.4292,0,5.1255,5.76515,3.84429,0.0642286,0.0150984,0.0118881,0.465318,0,0,0
10.4292,1,5.3667,2.49426,3.81292,0.0229996,-0.0602592,0.0273049,0.385855,0,0,0
10.4292,2,5.37015,4.10855,6.71736,0.021831,-0.130148,-0.000849645,0.342413,0,0,0
10.4292,3,0,0,0,0,0,0,0,0,0,0
10.4292,4,0,0,0,0,0,0,0,0,0,0
10.4292,5,0,0,0,0,0,0,0,0,0,0
10.4876,0,5.12885,5.76591,3.84491,0.0638147,0.0153252,0.0125179,0.465318,0,0,0
10.4876,1,5.36883,2.48988,3.81413,0.0211904,-0.0587005,0.0250305,0.385855,0,0,0
10.4876,2,5.37085,4.10112,6.71736,0.0201915,-0.135566,-0.00255058,0.343215,0,0,0
10.4876,3,0,0,0,0,0,0,0,0,0,0
10.4876,4,0,0,0,0,0,0,0,0,0,0
10.4876,5,0,0,0,0,0,0,0,0,0,0
10.545,0,5.13215,5.7667,3.84556,0.0633044,0.0156404,0.0129255,0.462928,0,0,0
10.545,1,5.36922,2.48974,3.81531,0.0178282,-0.0507525,0.0243971,0.389951,0,0,0
10.545,2,5.37105,4.09617,6.71729,0.0167224,-0.132147,-0.00367516,0.343215,0,0,0
10.545,3,0,0,0,0,0,0,0,0,0,0
10.545,4,0,0,0,0,0,0,0,0,0,0
10.545,5,0,0,0,0,0,0,0,0,0,0
10.6028,0,5.13537,5.76753,3.84622,0.0625978,0.0160375,0.0131963,0.462928,0,0,0
10.6028,1,5.36922,2.48974,3.81531,0.0178282,-0.0507525,0.0243971,0.389951,0,0,0
10.6028,2,5.37169,4.09068,6.71717,0.0153601,-0.131196,-0.00502764,0.343899,0,0,0
10.6028,3,0,0,0,0,0,0,0,0,0,0
10.6028,4,0,0,0,0,0,0,0,0,0,0
10.6028,5,0,0,0,0,0,0,0,0,0,0
10.6681,0,5.13797,5.76832,3.84683,0.0593015,0.0162606,0.0133603,0.460792,0,0,0
10.6681,1,5.37097,2.48706,3.81786,0.0203441,-0.0530994,0.0240872,0.392142,0,0,0
10.6681,2,5.37231,4.08662,6.71693,0.0138486,-0.12521,-0.00592077,0.343899,0,0,0
10.6681,3,0,0,0,0,0,0,0,0,0,0
10.6681,4,0,0,0,0,0,0,0,0,0,0
10.6681,5,0,0,0,0,0,0,0,0,0,0
10.7186,0,5.14179,5.76917,3.84761,0.06075,0.0163736,0.0133964,0.460792,0,0,0
10.7186,1,5.37162,2.48597,3.81895,0.0180677,-0.0488504,0.0246604,0.392142,0,0,0
10.7186,2,5.37354,4.08011,6.71665,0.0156089,-0.129552,-0.00669963,0.344588,0,0,0
10.7186,3,0,0,0,0,0,0,0,0,0,0
10.7186,4,0,0,0,0,0,0,0,0,0,0
10.7186,5,0,0,0,0,0,0,0,0,0,0
10.7698,0,5.14392,5.77011,3.84816,0.0566726,0.0172443,0.0133365,0.458814,0,0,0
10.7698,1,5.37266,2.48503,3.81991,0.0175764,-0.0447446,0.0237786,0.393849,0,0,0
10.7698,2,5.37447,4.07293,6.71641,0.015484,-0.133518,-0.00862106,0.344588,0,0,0
10.7698,3,0,0,0,0,0,0,0,0,0,0
10.7698,4,0,0,0,0,0,0,0,0,0,0
10.7698,5,0,0,0,0,0,0,0,0,0,0
10.8257,0,5.14615,5.77081,3.8488,0.053608,0.017062,0.0132612,0.458814,0,0,0
10.8257,1,5.37355,2.48346,3.82105,0.0167498,-0.0433757,0.0225245,0.393849,0,0,0
10.8257,2,5.37437,4.07119,6.71622,0.0119287,-0.121552,-0.00933614,0.345438,0,0,0
10.8257,3,0,0,0,0,0,0,0,0,0,0
10.8257,4,0,0,0,0,0,0,0,0,0,0
10.8257,5,0,0,0,0,0,0,0,0,0,0
10.886,0,5.14815,5.77169,3.84948,0.0501638,0.0175837,0.0128099,0.457955,0,0,0
10.886,1,5.37456,2.48292,3.82202,0.0164407,-0.0388773,0.0223418,0.395643,0,0,0
10.886,2,5.37497,4.07106,6.71633,0.0108457,-0.105013,-0.0090636,0.345438,0,0,0
10.886,3,0,0,0,0,0,0,0,0,0,0
10.886,4,0,0,0,0,0,0,0,0,0,0
10.886,5,0,0,0,0,0,0,0,0,0,0
10.9463,0,5.15164,5.77303,3.8502,0.0520668,0.0193191,0.0119763,0.457955,0,0,0
10.9463,1,5.37507,2.48258,3.82323,0.0145403,-0.0340991,0.0221467,0.395643,0,0,0
10.9463,2,5.37587,4.06672,6.71594,0.0116405,-0.103971,-0.00839428,0.345886,0,0,0
10.9463,3,0,0,0,0,0,0,0,0,0,0
10.9463,4,0,0,0,0,0,0,0,0,0,0
10.9463,5,0,0,0,0,0,0,0,0,0,0
10.9975,0,5.15544,5.77367,3.85084,0.0541746,0.0193329,0.011264,0.457092,0,0,0
10.9975,1,5.37601,2.48174,3.82451,0.0142371,-0.0313696,0.0217211,0.395816,0,0,0
10.9975,2,5.37565,4.06557,6.71571,0.00777995,-0.0916172,-0.00668308,0.345886,0,0,0
10.9975,3,0,0,0,0,0,0,0,0,0,0
10.9975,4,0,0,0,0,0,0,0,0,0,0
10.9975,5,0,0,0,0,0,0,0,0,0,0
11.0564,0,5.15994,5.77559,3.85173,0.0496833,0.0199684,0.0102923,0.455265,0,0,0
11.0564,1,5.37661,2.48121,3.82592,0.0129132,-0.0281163,0.0211161,0.395816,0,0,0
11.0564,2,5.37547,4.06603,6.71552,0.00440394,-0.0753372,-0.0046784,0.345593,0,0,0
11.0564,3,0,0,0,0,0,0,0,0,0,0
11.0564,4,0,0,0,0,0,0,0,0,0,0
11.0564,5,0,0,0,0,0,0,0,0,0,0
11.1105,0,5.16214,5.77643,3.85236,0.0478273,0.0198255,0.00981324,0.455265,0,0,0
11.1105,1,5.37706,2.48124,3.82671,0.011383,-0.0235176,0.0204834,0.396839,0,0,0
11.1105,2,5.37539,4.06879,6.71502,0.0013239,-0.053493,-0.00216097,0.345593,0,0,0
11.1105,3,0,0,0,0,0,0,0,0,0,0
11.1105,4,0,0,0,0,0,0,0,0,0,0
11.1105,5,0,0,0,0,0,0,0,0,0,0
11.1632,0,5.16416,5.77653,3.85287,0.0455013,0.0172583,0.00869298,0.454058,0,0,0
11.1632,1,5.37785,2.48085,3.82788,0.0114162,-0.02112,0.0197687,0.396839,0,0,0
11.1632,2,5.37445,4.07182,6.71501,-0.00413398,-0.0335959,-0.000193939,0.344149,0,0,0
11.1632,3,0,0,0,0,0,0,0,0,0,0
11.1632,4,0,0,0,0,0,0,0,0,0,0
11.1632,5,0,0,0,0,0,0,0,0,0,0
11.2167,0,5.16647,5.77688,3.85315,0.0446474,0.0155933,0.00797277,0.454058,0,0,0
11.2167,1,5.37849,2.48043,3.82902,0.0109983,-0.0190862,0.0198757,0.396968,0,0,0
11.2167,2,5.37457,4.07601,6.71556,-0.00536667,-0.0121491,0.00173637,0.344149,0,0,0
11.2167,3,0,0,0,0,0,0,0,0,0,0
11.2167,4,0,0,0,0,0,0,0,0,0,0
11.2167,5,0,0,0,0,0,0,0,0,0,0
11.2696,0,5.16977,5.77727,3.85343,0.0473387,0.0140246,0.00706008,0.452116,0,0,0
11.2696,1,5.37897,2.48011,3.82945,0.00991469,-0.0168647,0.0187734,0.396968,0,0,0
11.2696,2,5.37596,4.08213,6.71587,-0.00234218,0.0118569,0.00320568,0.344064,0,0,0
11.2696,3,0,0,0,0,0,0,0,0,0,0
11.2696,4,0,0,0,0,0,0,0,0,0,0
11.2696,5,0,0,0,0,0,0,0,0,0,0
11.3234,0,5.17273,5.77859,3.85388,0.0482828,0.0160168,0.00657168,0.452116,0,0,0
11.3234,1,5.37938,2.48008,3.83006,0.00886455,-0.0141044,0.017533,0.397529,0,0,0
11.3234,2,5.37593,4.09016,6.71604,-0.00416354,0.0402019,0.00372741,0.344064,0,0,0
11.3234,3,0,0,0,0,0,0,0,0,0,0
11.3234,4,0,0,0,0,0,0,0,0,0,0
11.3234,5,0,0,0,0,0,0,0,0,0,0
11.3839,0,5.17611,5.77814,3.85418,0.0495343,0.0118332,0.00590192,0.450014,0,0,0
11.3839,1,5.38017,2.47967,3.83111,0.00936795,-0.0132138,0.0142214,0.397529,0,0,0
11.3839,2,5.3759,4.09896,6.71633,-0.00555859,0.0670904,0.0039976,0.342814,0,0,0
11.3839,3,0,0,0,0,0,0,0,0,0,0
11.3839,4,0,0,0,0,0,0,0,0,0,0
11.3839,5,0,0,0,0,0,0,0,0,0,0
11.4442,0,5.17841,5.778,3.85438,0.048242,0.00923315,0.00548723,0.450014,0,0,0
11.4442,1,5.38059,2.47986,3.83173,0.00841496,-0.0101641,0.00288435,0.397796,0,0,0
11.4442,2,5.37603,4.10673,6.7166,-0.00565802,0.0864673,0.00359036,0.342814,0,0,0
11.4442,3,0,0,0,0,0,0,0,0,0,0
11.4442,4,0,0,0,0,0,0,0,0,0,0
11.4442,5,0,0,0,0,0,0,0,0,0,0
11.5052,0,5.17997,5.77807,3.85464,0.0440501,0.00779104,0.00518826,0.448872,0,0,0
11.5052,1,5.38086,2.48013,3.83116,0.00923065,-0.00867141,-0.0221296,0.397796,0,0,0
11.5052,2,5.3756,4.11556,6.71677,-0.00782148,0.105868,0.00268398,0.342094,0,0,0
11.5052,3,0,0,0,0,0,0,0,0,0,0
11.5052,4,0,0,0,0,0,0,0,0,0,0
11.5052,5,0,0,0,0,0,0,0,0,0,0
11.568,0,5.18307,5.77762,3.85499,0.0459415,0.00432634,0.00506237,0.448872,0,0,0
11.568,1,5.38144,2.48044,3.82944,0.00882507,-0.00468483,-0.0485765,0.397341,0,0,0
11.568,2,5.37527,4.12428,6.71699,-0.00936103,0.122405,0.00166742,0.342094,0,0,0
11.568,3,0,0,0,0,0,0,0,0,0,0
11.568,4,0,0,0,0,0,0,0,0,0,0
11.568,5,0,0,0,0,0,0,0,0,0,0
11.6272,0,5.18543,5.77739,3.85524,0.0453986,0.00240865,0.00507248,0.446474,0,0,0
11.6272,1,5.38168,2.48119,3.8273,0.00725454,0.000418498,-0.0729603,0.397341,0,0,0
11.6272,2,5.37618,4.13101,6.71713,-0.00558277,0.128324,0.000325478,0.341993,0,0,0
11.6272,3,0,0,0,0,0,0,0,0,0,0
11.6272,4,0,0,0,0,0,0,0,0,0,0
11.6272,5,0,0,0,0,0,0,0,0,0,0
11.685,0,5.18773,5.77707,3.85552,0.0447611,0.000430694,0.00508686,0.446474,0,0,0
11.685,1,5.38296,2.4831,3.8207,0.00738255,0.00883127,-0.104477,0.396749,0,0,0
11.685,2,5.37567,4.13884,6.71718,-0.00757348,0.138207,-0.00089312,0.341993,0,0,0
11.685,3,0,0,0,0,0,0,0,0,0,0
11.685,4,0,0,0,0,0,0,0,0,0,0
11.685,5,0,0,0,0,0,0,0,0,0,0
11.7429,0,5.19006,5.77674,3.8558,0.043022,-0.00127507,0.00523238,0.443966,0,0,0
11.7429,1,5.3817,2.4872,3.8143,0.00128617,0.0220948,-0.122829,0.392577,0,0,0
11.7429,2,5.37594,4.14437,6.71719,-0.00584807,0.137286,-0.00205623,0.342465,0,0,0
11.7429,3,0,0,0,0,0,0,0,0,0,0
11.7429,4,0,0,0,0,0,0,0,0,0,0
11.7429,5,0,0,0,0,0,0,0,0,0,0
11.7931,0,5.1923,5.7763,3.85607,0.0425598,-0.00309776,0.00530887,0.443966,0,0,0
11.7931,1,5.3813,2.48898,3.81038,-0.000214105,0.0277826,-0.133463,0.392577,0,0,0
11.7931,2,5.37554,4.15143,6.71716,-0.00719898,0.142669,-0.0034594,0.342465,0,0,0
11.7931,3,0,0,0,0,0,0,0,0,0,0
11.7931,4,0,0,0,0,0,0,0,0,0,0
11.7931,5,0,0,0,0,0,0,0,0,0,0
11.8509,0,5.19447,5.77579,3.85634,0.0415537,-0.00485339,0.00546918,0.441335,0,0,0
11.8509,1,5.38174,2.4935,3.80139,0.00064991,0.038995,-0.133641,0.388598,0,0,0
11.8509,2,5.37517,4.1595,6.71709,-0.00789667,0.148764,-0.00553434,0.343181,0,0,0
11.8509,3,0,0,0,0,0,0,0,0,0,0
11.8509,4,0,0,0,0,0,0,0,0,0,0
11.8509,5,0,0,0,0,0,0,0,0,0,0
11.9114,0,5.19784,5.77486,3.85673,0.0453395,-0.00815069,0.00562594,0.441335,0,0,0
11.9114,1,5.38134,2.49959,3.79403,-0.00194603,0.0532614,-0.120569,0.388598,0,0,0
11.9114,2,5.37578,4.16065,6.717,-0.00475551,0.132185,-0.00715448,0.343181,0,0,0
11.9114,3,0,0,0,0,0,0,0,0,0,0
11.9114,4,0,0,0,0,0,0,0,0,0,0
11.9114,5,0,0,0,0,0,0,0,0,0,0
11.9695,0,5.19947,5.7749,3.85695,0.0415121,-0.00700607,0.00567365,0.437732,0,0,0
11.9695,1,5.38049,2.50513,3.78926,-0.00571625,0.064595,-0.0993711,0.379722,0,0,0
11.9695,2,5.3754,4.1666,6.71692,-0.0058783,0.132777,-0.0083074,0.343856,0,0,0
11.9695,3,0,0,0,0,0,0,0,0,0,0
11.9695,4,0,0,0,0,0,0,0,0,0,0
11.9695,5,0,0,0,0,0,0,0,0,0,0
12.0222,0,5.20193,5.7742,3.85725,0.041325,-0.00877218,0.00571488,0.437732,0,0,0
12.0222,1,5.38139,2.50908,3.78497,-0.00250692,0.0690586,-0.0683412,0.379722,0,0,0
12.0222,2,5.37563,4.17043,6.7168,-0.00430537,0.126479,-0.00748759,0.343856,0,0,0
12.0222,3,0,0,0,0,0,0,0,0,0,0
12.0222,4,0,0,0,0,0,0,0,0,0,0
12.0222,5,0,0,0,0,0,0,0,0,0,0
12.0776,0,5.20404,5.77376,3.85762,0.0407372,-0.00946141,0.00574342,0.435469,0,0,0
12.0776,1,5.38084,2.51401,3.78279,-0.0049548,0.0759646,-0.0437986,0.372628,0,0,0
12.0776,2,5.37588,4.17169,6.71691,-0.00237924,0.111101,-0.00561587,0.344808,0,0,0
12.0776,3,0,0,0,0,0,0,0,0,0,0
12.0776,4,0,0,0,0,0,0,0,0,0,0
12.0776,5,0,0,0,0,0,0,0,0,0,0
12.139,0,5.20616,5.77337,3.8579,0.0402433,-0.00979958,0.00576229,0.435469,0,0,0
12.139,1,5.38071,2.52182,3.78203,-0.00541041,0.0819731,-0.00253808,0.372628,0,0,0
12.139,2,5.37717,4.17327,6.71705,0.00287543,0.0997634,-0.00362908,0.344808,0,0,0
12.139,3,0,0,0,0,0,0,0,0,0,0
12.139,4,0,0,0,0,0,0,0,0,0,0
12.139,5,0,0,0,0,0,0,0,0,0,0
12.2018,0,5.20821,5.77301,3.8582,0.0392576,-0.00990936,0.00574015,0.433014,0,0,0
12.2018,1,5.38064,2.52522,3.78315,-0.00556885,0.082326,0.0243037,0.36168,0,0,0
12.2018,2,5.37594,4.17094,6.71697,-0.000722735,0.0767672,-0.000814967,0.345449,0,0,0
12.2018,3,0,0,0,0,0,0,0,0,0,0
12.2018,4,0,0,0,0,0,0,0,0,0,0
12.2018,5,0,0,0,0,0,0,0,0,0,0
12.2519,0,5.21056,5.77266,3.85849,0.0390582,-0.0099354,0.0056455,0.433014,0,0,0
12.2519,1,5.38203,2.52385,3.78531,-9.75757e-05,0.0671136,0.0463003,0.36168,0,0,0
12.2519,2,5.37698,4.16765,6.71708,0.00391035,0.0527981,0.00193373,0.345449,0,0,0
12.2519,3,0,0,0,0,0,0,0,0,0,0
12.2519,4,0,0,0,0,0,0,0,0,0,0
12.2519,5,0,0,0,0,0,0,0,0,0,0
12.3121,0,5.21253,5.7723,3.85877,0.0379625,-0.00993023,0.0057266,0.430632,0,0,0
12.3121,1,5.38124,2.52306,3.78817,-0.00283603,0.064522,0.0581252,0.362549,0,0,0
12.3121,2,5.3775,4.16344,6.71726,0.00601769,0.0290371,0.00382519,0.34473,0,0,0
12.3121,3,0,0,0,0,0,0,0,0,0,0
12.3121,4,0,0,0,0,0,0,0,0,0,0
12.3121,5,0,0,0,0,0,0,0,0,0,0
12.371,0,5.21447,5.77209,3.85907,0.0372932,-0.00948503,0.00574284,0.430632,0,0,0
12.371,1,5.38167,2.52551,3.79189,-0.00136909,0.0553375,0.0636091,0.362549,0,0,0
12.371,2,5.37677,4.15933,6.71776,0.00310207,0.00916853,0.00518866,0.34473,0,0,0
12.371,3,0,0,0,0,0,0,0,0,0,0
12.371,4,0,0,0,0,0,0,0,0,0,0
12.371,5,0,0,0,0,0,0,0,0,0,0
12.4269,0,5.21634,5.77191,3.85941,0.0365332,-0.00897295,0.00575294,0.428609,0,0,0
12.4269,1,5.38309,2.52204,3.79484,0.00374878,0.0357529,0.0631821,0.362035,0,0,0
12.4269,2,5.37842,4.15464,6.71806,0.00907106,-0.0103135,0.00584272,0.344478,0,0,0
12.4269,3,0,0,0,0,0,0,0,0,0,0
12.4269,4,0,0,0,0,0,0,0,0,0,0
12.4269,5,0,0,0,0,0,0,0,0,0,0
12.4774,0,5.21838,5.77168,3.85971,0.0364863,-0.00874835,0.0057284,0.428609,0,0,0
12.4774,1,5.38337,2.52012,3.79865,0.00483097,0.0233876,0.0589407,0.362035,0,0,0
12.4774,2,5.3765,4.14716,6.71851,0.00211791,-0.0359443,0.00617845,0.344233,0,0,0
12.4774,3,0,0,0,0,0,0,0,0,0,0
12.4774,4,0,0,0,0,0,0,0,0,0,0
12.4774,5,0,0,0,0,0,0,0,0,0,0
12.538,0,5.21996,5.77167,3.86,0.0347933,-0.00766668,0.00565876,0.426756,0,0,0
12.538,1,5.38296,2.51765,3.80073,0.00320112,0.0107877,0.0520826,0.365072,0,0,0
12.538,2,5.37836,4.13862,6.71881,0.00902726,-0.0628857,0.00577844,0.344233,0,0,0
12.538,3,0,0,0,0,0,0,0,0,0,0
12.538,4,0,0,0,0,0,0,0,0,0,0
12.538,5,0,0,0,0,0,0,0,0,0,0
12.5945,0,5.22087,5.77183,3.86029,0.0310325,-0.00593589,0.00549246,0.426756,0,0,0
12.5945,1,5.38289,2.51795,3.80405,0.00220482,0.0097568,0.0517898,0.365072,0,0,0
12.5945,2,5.3783,4.13084,6.71914,0.00783562,-0.0826498,0.00492383,0.34421,0,0,0
12.5945,3,0,0,0,0,0,0,0,0,0,0
12.5945,4,0,0,0,0,0,0,0,0,0,0
12.5945,5,0,0,0,0,0,0,0,0,0,0
12.6575,0,5.22385,5.77162,3.86057,0.0351563,-0.00630995,0.00531519,0.425969,0,0,0
12.6575,1,5.3844,2.51212,3.80611,0.00781423,-0.0120028,0.0369159,0.364117,0,0,0
12.6575,2,5.38044,4.11767,6.71934,0.012708,-0.104376,0.00377953,0.34421,0,0,0
12.6575,3,0,0,0,0,0,0,0,0,0,0
12.6575,4,0,0,0,0,0,0,0,0,0,0
12.6575,5,0,0,0,0,0,0,0,0,0,0
12.7141,0,5.22525,5.77167,3.86081,0.03319,-0.00525254,0.00521671,0.425969,0,0,0
12.7141,1,5.3845,2.50922,3.80757,0.00725846,-0.0209306,0.0300548,0.364117,0,0,0
12.7141,2,5.37744,4.1176,6.71959,0.00205879,-0.104161,0.0025962,0.34468,0,0,0
12.7141,3,0,0,0,0,0,0,0,0,0,0
12.7141,4,0,0,0,0,0,0,0,0,0,0
12.7141,5,0,0,0,0,0,0,0,0,0,0
12.7675,0,5.22661,5.77204,3.86105,0.0307051,-0.00313878,0.00516296,0.424234,0,0,0
12.7675,1,5.38533,2.50601,3.80913,0.00838742,-0.0301336,0.0251461,0.372069,0,0,0
12.7675,2,5.37975,4.1079,6.71977,0.010293,-0.123915,0.00132669,0.34468,0,0,0
12.7675,3,0,0,0,0,0,0,0,0,0,0
12.7675,4,0,0,0,0,0,0,0,0,0,0
12.7675,5,0,0,0,0,0,0,0,0,0,0
12.8204,0,5.22819,5.77202,3.86131,0.0297977,-0.00281964,0.00519117,0.424234,0,0,0
12.8204,1,5.38462,2.50356,3.8097,0.0048313,-0.034746,0.0201563,0.372069,0,0,0
12.8204,2,5.38026,4.0942,6.71982,0.00894346,-0.134827,0.000308931,0.346234,0,0,0
12.8204,3,0,0,0,0,0,0,0,0,0,0
12.8204,4,0,0,0,0,0,0,0,0,0,0
12.8204,5,0,0,0,0,0,0,0,0,0,0
12.8705,0,5.23028,5.77226,3.86161,0.030478,-0.00170731,0.00534042,0.423513,0,0,0
12.8705,1,5.385,2.50078,3.81069,0.00541792,-0.0399845,0.0172956,0.377261,0,0,0
12.8705,2,5.38035,4.08722,6.71987,0.00794766,-0.140206,-0.00125014,0.346234,0,0,0
12.8705,3,0,0,0,0,0,0,0,0,0,0
12.8705,4,0,0,0,0,0,0,0,0,0,0
12.8705,5,0,0,0,0,0,0,0,0,0,0
12.9264,0,5.23274,5.77237,3.86196,0.0323887,-0.00133071,0.00565123,0.423513,0,0,0
12.9264,1,5.38478,2.49958,3.81117,0.00330399,-0.0385778,0.0161434,0.377261,0,0,0
12.9264,2,5.38063,4.08077,6.71984,0.007576,-0.143135,-0.00304409,0.347716,0,0,0
12.9264,3,0,0,0,0,0,0,0,0,0,0
12.9264,4,0,0,0,0,0,0,0,0,0,0
12.9264,5,0,0,0,0,0,0,0,0,0,0
12.9872,0,5.23414,5.77263,3.86224,0.0306064,-0.000243689,0.00582192,0.422263,0,0,0
12.9872,1,5.38478,2.49864,3.81161,0.00221849,-0.0364965,0.0149288,0.38179,0,0,0
12.9872,2,5.38148,4.07379,6.71977,0.00907923,-0.14724,-0.00402414,0.347716,0,0,0
12.9872,3,0,0,0,0,0,0,0,0,0,0
12.9872,4,0,0,0,0,0,0,0,0,0,0
12.9872,5,0,0,0,0,0,0,0,0,0,0
13.0404,0,5.23562,5.773,3.86252,0.0296855,0.0010439,0.00612722,0.422263,0,0,0
13.0404,1,5.38524,2.49604,3.81267,0.00329155,-0.0401326,0.0147984,0.38179,0,0,0
13.0404,2,5.38273,4.06763,6.71959,0.012785,-0.147834,-0.00508516,0.349417,0,0,0
13.0404,3,0,0,0,0,0,0,0,0,0,0
13.0404,4,0,0,0,0,0,0,0,0,0,0
13.0404,5,0,0,0,0,0,0,0,0,0,0
13.0906,0,5.23717,5.77323,3.86279,0.0292348,0.00164483,0.00634768,0.421884,0,0,0
13.0906,1,5.38501,2.49362,3.8137,0.00189752,-0.0429869,0.0155749,0.386404,0,0,0
13.0906,2,5.38136,4.06573,6.71938,0.0057479,-0.133001,-0.00590932,0.349417,0,0,0
13.0906,3,0,0,0,0,0,0,0,0,0,0
13.0906,4,0,0,0,0,0,0,0,0,0,0
13.0906,5,0,0,0,0,0,0,0,0,0,0
13.1441,0,5.23862,5.77332,3.86306,0.0285432,0.00166556,0.00651005,0.421884,0,0,0
13.1441,1,5.38584,2.49116,3.8148,0.00388569,-0.0452665,0.016949,0.386404,0,0,0
13.1441,2,5.38178,4.06127,6.71916,0.00568102,-0.12906,-0.00674764,0.350077,0,0,0
13.1441,3,0,0,0,0,0,0,0,0,0,0
13.1441,4,0,0,0,0,0,0,0,0,0,0
13.1441,5,0,0,0,0,0,0,0,0,0,0
13.197,0,5.23892,5.77374,3.86342,0.0240711,0.00297069,0.00671366,0.421189,0,0,0
13.197,1,5.386,2.4902,3.81566,0.0033591,-0.0422116,0.01813,0.388682,0,0,0
13.197,2,5.38184,4.06133,6.71912,0.00588823,-0.128793,-0.00762747,0.350077,0,0,0
13.197,3,0,0,0,0,0,0,0,0,0,0
13.197,4,0,0,0,0,0,0,0,0,0,0
13.197,5,0,0,0,0,0,0,0,0,0,0
13.2531,0,5.24014,5.77404,3.86374,0.0233294,0.00352889,0.00694153,0.421189,0,0,0
13.2531,1,5.38609,2.48904,3.81657,0.00277481,-0.0402568,0.019125,0.388682,0,0,0
13.2531,2,5.38276,4.04931,6.71897,0.00631276,-0.127333,-0.00840318,0.350032,0,0,0
13.2531,3,0,0,0,0,0,0,0,0,0,0
13.2531,4,0,0,0,0,0,0,0,0,0,0
13.2531,5,0,0,0,0,0,0,0,0,0,0
13.3111,0,5.24138,5.77441,3.86421,0.0227575,0.0042464,0.00712559,0.421366,0,0,0
13.3111,1,5.38622,2.48783,3.81767,0.00237953,-0.0386973,0.02037,0.390518,0,0,0
13.3111,2,5.38284,4.04653,6.71901,0.00512794,-0.118323,-0.00858823,0.350032,0,0,0
13.3111,3,0,0,0,0,0,0,0,0,0,0
13.3111,4,0,0,0,0,0,0,0,0,0,0
13.3111,5,0,0,0,0,0,0,0,0,0,0
13.3703,0,5.24468,5.77563,3.86463,0.0292845,0.00730235,0.00715078,0.421366,0,0,0
13.3703,1,5.38647,2.48788,3.81847,0.00224297,-0.0329364,0.021206,0.390518,0,0,0
13.3703,2,5.38301,4.04534,6.71859,0.00430473,-0.106212,-0.00729766,0.352938,0,0,0
13.3703,3,0,0,0,0,0,0,0,0,0,0
13.3703,4,0,0,0,0,0,0,0,0,0,0
13.3703,5,0,0,0,0,0,0,0,0,0,0
13.4299,0,5.24729,5.77683,3.865,0.0326058,0.0101447,0.00691864,0.421419,0,0,0
13.4299,1,5.38688,2.48697,3.8197,0.0029799,-0.0313093,0.0219169,0.391389,0,0,0
13.4299,2,5.38336,4.04557,6.71846,0.00402709,-0.0910283,-0.00559556,0.352938,0,0,0
13.4299,3,0,0,0,0,0,0,0,0,0,0
13.4299,4,0,0,0,0,0,0,0,0,0,0
13.4299,5,0,0,0,0,0,0,0,0,0,0
13.4865,0,5.2488,5.77778,3.86531,0.0313911,0.0119054,0.00669884,0.421419,0,0,0
13.4865,1,5.38702,2.48611,3.8208,0.00264123,-0.0294101,0.0222267,0.391389,0,0,0
13.4865,2,5.38139,4.04921,6.71846,-0.00414932,-0.0651368,-0.00285971,0.352622,0,0,0
13.4865,3,0,0,0,0,0,0,0,0,0,0
13.4865,4,0,0,0,0,0,0,0,0,0,0
13.4865,5,0,0,0,0,0,0,0,0,0,0
13.5499,0,5.25069,5.7789,3.86565,0.0318961,0.0139065,0.00620752,0.422196,0,0,0
13.5499,1,5.38726,2.4859,3.82187,0.00265426,-0.0257475,0.0221084,0.392829,0,0,0
13.5499,2,5.38067,4.05527,6.71848,-0.00910812,-0.0338075,-0.000312703,0.352622,0,0,0
13.5499,3,0,0,0,0,0,0,0,0,0,0
13.5499,4,0,0,0,0,0,0,0,0,0,0
13.5499,5,0,0,0,0,0,0,0,0,0,0
13.6126,0,5.25236,5.77997,3.86598,0.0310392,0.0153284,0.00575599,0.422196,0,0,0
13.6126,1,5.38744,2.48535,3.8228,0.00255896,-0.0237135,0.0217286,0.392829,0,0,0
13.6126,2,5.3828,4.0562,6.71848,-0.00166685,-0.0253157,0.000465452,0.350531,0,0,0
13.6126,3,0,0,0,0,0,0,0,0,0,0
13.6126,4,0,0,0,0,0,0,0,0,0,0
13.6126,5,0,0,0,0,0,0,0,0,0,0
13.6707,0,5.25361,5.78076,3.86625,0.0295526,0.0158427,0.00532235,0.423231,0,0,0
13.6707,1,5.38764,2.48513,3.8242,0.00240718,-0.0204495,0.0209978,0.393329,0,0,0
13.6707,2,5.38273,4.06305,6.71792,-0.00261539,0.00110822,0.00153101,0.350531,0,0,0
13.6707,3,0,0,0,0,0,0,0,0,0,0
13.6707,4,0,0,0,0,0,0,0,0,0,0
13.6707,5,0,0,0,0,0,0,0,0,0,0
13.7285,0,5.25535,5.78166,3.86654,0.0299534,0.0165058,0.00486292,0.423981,0,0,0
13.7285,1,5.388,2.48426,3.82528,0.00307989,-0.0201508,0.0204176,0.393329,0,0,0
13.7285,2,5.38124,4.07264,6.71861,-0.00687532,0.0344742,0.00299213,0.348558,0,0,0
13.7285,3,0,0,0,0,0,0,0,0,0,0
13.7285,4,0,0,0,0,0,0,0,0,0,0
13.7285,5,0,0,0,0,0,0,0,0,0,0
13.7915,0,5.25645,5.78237,3.86676,0.0278447,0.0164485,0.00453611,0.423981,0,0,0
13.7915,1,5.38808,2.484,3.82605,0.00254016,-0.0178244,0.0196442,0.394107,0,0,0
13.7915,2,5.38168,4.08109,6.71904,-0.00644758,0.0598334,0.00387127,0.348558,0,0,0
13.7915,3,0,0,0,0,0,0,0,0,0,0
13.7915,4,0,0,0,0,0,0,0,0,0,0
13.7915,5,0,0,0,0,0,0,0,0,0,0
13.8475,0,5.25816,5.7831,3.867,0.0284614,0.0163816,0.00405367,0.424574,0,0,0
13.8475,1,5.38823,2.48383,3.82703,0.00236453,-0.0155101,0.0187967,0.394321,0,0,0
13.8475,2,5.38097,4.09401,6.71949,-0.0107076,0.0965695,0.00355098,0.346895,0,0,0
13.8475,3,0,0,0,0,0,0,0,0,0,0
13.8475,4,0,0,0,0,0,0,0,0,0,0
13.8475,5,0,0,0,0,0,0,0,0,0,0
13.8983,0,5.25937,5.78368,3.86718,0.0272832,0.0158913,0.00376069,0.424574,0,0,0
13.8983,1,5.38843,2.48325,3.82817,0.00249651,-0.0149964,0.0179777,0.394321,0,0,0
13.8983,2,5.38216,4.1007,6.71969,-0.0060475,0.106829,0.00279253,0.346895,0,0,0
13.8983,3,0,0,0,0,0,0,0,0,0,0
13.8983,4,0,0,0,0,0,0,0,0,0,0
13.8983,5,0,0,0,0,0,0,0,0,0,0
13.9509,0,5.26087,5.78411,3.86738,0.0273466,0.0148662,0.00347894,0.424795,0,0,0
13.9509,1,5.38838,2.48302,3.829,0.00163504,-0.0132876,0.01727,0.394321,0,0,0
13.9509,2,5.38155,4.11165,6.71986,-0.00835663,0.129918,0.00160008,0.345622,0,0,0
13.9509,3,0,0,0,0,0,0,0,0,0,0
13.9509,4,0,0,0,0,0,0,0,0,0,0
13.9509,5,0,0,0,0,0,0,0,0,0,0
14.0069,0,5.26188,5.78435,3.86754,0.0256753,0.0133768,0.00328344,0.424795,0,0,0
14.0069,1,5.38854,2.48292,3.82983,0.00155404,-0.0112922,0.0133057,0.3949,0,0,0
14.0069,2,5.38245,4.11747,6.72006,-0.00417991,0.132385,0.00121848,0.345622,0,0,0
14.0069,3,0,0,0,0,0,0,0,0,0,0
14.0069,4,0,0,0,0,0,0,0,0,0,0
14.0069,5,0,0,0,0,0,0,0,0,0,0
14.0691,0,5.2635,5.78458,3.86772,0.0256606,0.0116814,0.00314363,0.424552,0,0,0
14.0691,1,5.38866,2.48279,3.83039,0.00139882,-0.00965384,0.00111132,0.39498,0,0,0
14.0691,2,5.3818,4.12623,6.72019,-0.00652355,0.142944,3.03258e-05,0.345224,0,0,0
14.0691,3,0,0,0,0,0,0,0,0,0,0
14.0691,4,0,0,0,0,0,0,0,0,0,0
14.0691,5,0,0,0,0,0,0,0,0,0,0
14.1193,0,5.26482,5.78466,3.86787,0.0251652,0.00990564,0.0030828,0.424552,0,0,0
14.1193,1,5.38895,2.48232,3.83029,0.00196192,-0.00911034,-0.0150813,0.39498,0,0,0
14.1193,2,5.38187,4.13221,6.72025,-0.0053953,0.142799,-0.000696905,0.345224,0,0,0
14.1193,3,0,0,0,0,0,0,0,0,0,0
14.1193,4,0,0,0,0,0,0,0,0,0,0
14.1193,5,0,0,0,0,0,0,0,0,0,0
14.1699,0,5.26587,5.78462,3.86803,0.0240343,0.00812213,0.00303588,0.423966,0,0,0
14.1699,1,5.38896,2.48264,3.82862,0.00129445,-0.00524078,-0.0421347,0.39498,0,0,0
14.1699,2,5.38201,4.13658,6.72019,-0.00388884,0.137835,-0.0016515,0.345397,0,0,0
14.1699,3,0,0,0,0,0,0,0,0,0,0
14.1699,4,0,0,0,0,0,0,0,0,0,0
14.1699,5,0,0,0,0,0,0,0,0,0,0
14.232,0,5.26708,5.78438,3.86821,0.0236893,0.00583637,0.00299727,0.423966,0,0,0
14.232,1,5.38859,2.48326,3.82579,-0.000662046,-0.000718784,-0.0632902,0.395334,0,0,0
14.232,2,5.38146,4.14274,6.72023,-0.00546679,0.13977,-0.00350164,0.345397,0,0,0
14.232,3,0,0,0,0,0,0,0,0,0,0
14.232,4,0,0,0,0,0,0,0,0,0,0
14.232,5,0,0,0,0,0,0,0,0,0,0
14.2902,0,5.26881,5.78393,3.86836,0.0252702,0.00300166,0.00297679,0.423422,0,0,0
14.2902,1,5.38912,2.48477,3.82154,0.000769867,0.00617717,-0.0951278,0.394126,0,0,0
14.2902,2,5.38158,4.14791,6.72012,-0.00402469,0.134632,-0.00548093,0.345746,0,0,0
14.2902,3,0,0,0,0,0,0,0,0,0,0
14.2902,4,0,0,0,0,0,0,0,0,0,0
14.2902,5,0,0,0,0,0,0,0,0,0,0
14.3443,0,5.26963,5.78376,3.86849,0.0233415,0.0017894,0.00296027,0.423422,0,0,0
14.3443,1,5.3882,2.48803,3.81591,-0.00317154,0.0171888,-0.109766,0.394126,0,0,0
14.3443,2,5.38116,4.15451,6.71996,-0.00515132,0.137039,-0.00819218,0.345746,0,0,0
14.3443,3,0,0,0,0,0,0,0,0,0,0
14.3443,4,0,0,0,0,0,0,0,0,0,0
14.3443,5,0,0,0,0,0,0,0,0,0,0
14.3987,0,5.27138,5.78313,3.86865,0.0247218,-0.00089586,0.00295262,0.422177,0,0,0
14.3987,1,5.38796,2.49061,3.81088,-0.00403792,0.0234086,-0.112357,0.389916,0,0,0
14.3987,2,5.38082,4.15933,6.71991,-0.00546027,0.133696,-0.00970435,0.346274,0,0,0
14.3987,3,0,0,0,0,0,0,0,0,0,0
14.3987,4,0,0,0,0,0,0,0,0,0,0
14.3987,5,0,0,0,0,0,0,0,0,0,0
14.4542,0,5.27293,5.78257,3.86882,0.024795,-0.00298382,0.00298476,0.422177,0,0,0
14.4542,1,5.3889,2.49309,3.80544,-0.000392194,0.0273547,-0.106333,0.389916,0,0,0
14.4542,2,5.38069,4.16636,6.71969,-0.00553049,0.137241,-0.011003,0.347213,0,0,0
14.4542,3,0,0,0,0,0,0,0,0,0,0
14.4542,4,0,0,0,0,0,0,0,0,0,0
14.4542,5,0,0,0,0,0,0,0,0,0,0
14.5087,0,5.27413,5.782,3.86897,0.0241786,-0.00471846,0.00302651,0.420202,0,0,0
14.5087,1,5.38799,2.49866,3.79524,-0.00435131,0.0428137,-0.0920295,0.384915,0,0,0
14.5087,2,5.37972,4.17303,6.71963,-0.00797653,0.139519,-0.0111927,0.347213,0,0,0
14.5087,3,0,0,0,0,0,0,0,0,0,0
14.5087,4,0,0,0,0,0,0,0,0,0,0
14.5087,5,0,0,0,0,0,0,0,0,0,0
14.5768,0,5.2748,5.7816,3.86912,0.0214876,-0.00546584,0.00304451,0.420202,0,0,0
14.5768,1,5.38809,2.50555,3.79251,-0.00347282,0.0537161,-0.0638243,0.384915,0,0,0
14.5768,2,5.38132,4.1684,6.71942,-0.000361507,0.102335,-0.00813344,0.347201,0,0,0
14.5768,3,0,0,0,0,0,0,0,0,0,0
14.5768,4,0,0,0,0,0,0,0,0,0,0
14.5768,5,0,0,0,0,0,0,0,0,0,0
14.636,0,5.27596,5.78136,3.86932,0.0211365,-0.00572859,0.00296232,0.418809,0,0,0
14.636,1,5.38759,2.50687,3.79147,-0.00547487,0.0592026,-0.0318002,0.377697,0,0,0
14.636,2,5.38132,4.16628,6.71929,0.00123349,0.0793057,-0.00545724,0.347201,0,0,0
14.636,3,0,0,0,0,0,0,0,0,0,0
14.636,4,0,0,0,0,0,0,0,0,0,0
14.636,5,0,0,0,0,0,0,0,0,0,0
14.6887,0,5.27732,5.78028,3.86943,0.021521,-0.00852482,0.00305068,0.418809,0,0,0
14.6887,1,5.38778,2.50919,3.7922,-0.00407753,0.059414,-0.00900995,0.377697,0,0,0
14.6887,2,5.37973,4.16865,6.71772,-0.00385156,0.0759055,-0.00385524,0.34681,0,0,0
14.6887,3,0,0,0,0,0,0,0,0,0,0
14.6887,4,0,0,0,0,0,0,0,0,0,0
14.6887,5,0,0,0,0,0,0,0,0,0,0
14.7389,0,5.27822,5.77982,3.86955,0.0204901,-0.00906936,0.00304062,0.41692,0,0,0
14.7389,1,5.38752,2.51402,3.79324,-0.00406517,0.0602818,0.0145987,0.370335,0,0,0
14.7389,2,5.38255,4.1566,6.71833,0.00826313,0.0232716,-0.000495393,0.34681,0,0,0
14.7389,3,0,0,0,0,0,0,0,0,0,0
14.7389,4,0,0,0,0,0,0,0,0,0,0
14.7389,5,0,0,0,0,0,0,0,0,0,0
14.792,0,5.27869,5.77961,3.86971,0.0178585,-0.00846148,0.00304391,0.41692,0,0,0
14.792,1,5.3875,2.51516,3.7954,-0.00348924,0.0559303,0.0404254,0.370335,0,0,0
14.792,2,5.38255,4.1566,6.71833,0.00826313,0.0232716,-0.000495393,0.34486,0,0,0
14.792,3,0,0,0,0,0,0,0,0,0,0
14.792,4,0,0,0,0,0,0,0,0,0,0
14.792,5,0,0,0,0,0,0,0,0,0,0
14.8439,0,5.2804,5.7787,3.86991,0.0203116,-0.0103334,0.00305735,0.415949,0,0,0
14.8439,1,5.38747,2.51496,3.79879,-0.00306803,0.0485356,0.0508281,0.368749,0,0,0
14.8439,2,5.38251,4.14859,6.71893,0.00953248,-0.00885925,0.00242826,0.34486,0,0,0
14.8439,3,0,0,0,0,0,0,0,0,0,0
14.8439,4,0,0,0,0,0,0,0,0,0,0
14.8439,5,0,0,0,0,0,0,0,0,0,0
14.8993,0,5.2815,5.77826,3.8701,0.02017,-0.0105404,0.00299303,0.415949,0,0,0
14.8993,1,5.38844,2.5125,3.80251,0.00116581,0.0336082,0.0608167,0.368749,0,0,0
14.8993,2,5.38146,4.1353,6.71964,0.00616316,-0.0503784,0.00506303,0.344672,0,0,0
14.8993,3,0,0,0,0,0,0,0,0,0,0
14.8993,4,0,0,0,0,0,0,0,0,0,0
14.8993,5,0,0,0,0,0,0,0,0,0,0
14.9571,0,5.28309,5.77764,3.87023,0.0215413,-0.0112018,0.00296583,0.413987,0,0,0
14.9571,1,5.38855,2.51134,3.80469,0.00177855,0.0241881,0.0593064,0.369925,0,0,0
14.9571,2,5.37993,4.12691,6.72014,0.000687808,-0.0716593,0.00545027,0.344672,0,0,0
14.9571,3,0,0,0,0,0,0,0,0,0,0
14.9571,4,0,0,0,0,0,0,0,0,0,0
14.9571,5,0,0,0,0,0,0,0,0,0,0
15.0072,0,5.28427,5.77717,3.8704,0.0215117,-0.0113733,0.00286919,0.413987,0,0,0
15.0072,1,5.38763,2.51151,3.80819,-0.00134628,0.0212824,0.0555288,0.369925,0,0,0
15.0072,2,5.382,4.11479,6.72053,0.0092762,-0.102402,0.00571378,0.345177,0,0,0
15.0072,3,0,0,0,0,0,0,0,0,0,0
15.0072,4,0,0,0,0,0,0,0,0,0,0
15.0072,5,0,0,0,0,0,0,0,0,0,0
15.0635,0,5.28533,5.77699,3.87058,0.0206526,-0.0103812,0.00278686,0.412307,0,0,0
15.0635,1,5.38764,2.50944,3.81082,-0.000936039,0.011601,0.0563563,0.369793,0,0,0
15.0635,2,5.37982,4.11303,6.72082,0.000138212,-0.0949093,0.00560146,0.345177,0,0,0
15.0635,3,0,0,0,0,0,0,0,0,0,0
15.0635,4,0,0,0,0,0,0,0,0,0,0
15.0635,5,0,0,0,0,0,0,0,0,0,0
15.1188,0,5.28656,5.77663,3.87068,0.0209569,-0.0103079,0.00244486,0.412307,0,0,0
15.1188,1,5.38842,2.50531,3.81272,0.00242933,-0.00427139,0.0427905,0.369793,0,0,0
15.1188,2,5.37982,4.11303,6.72082,0.000138212,-0.0949093,0.00560146,0.346056,0,0,0
15.1188,3,0,0,0,0,0,0,0,0,0,0
15.1188,4,0,0,0,0,0,0,0,0,0,0
15.1188,5,0,0,0,0,0,0,0,0,0,0
15.174,0,5.28738,5.77668,3.87071,0.0192869,-0.00850833,-0.000840381,0.411271,0,0,0
15.174,1,5.3882,2.50384,3.81427,0.00161492,-0.00915651,0.0352186,0.375143,0,0,0
15.174,2,5.38076,4.10494,6.72141,0.00444978,-0.110476,0.00503128,0.346056,0,0,0
15.174,3,0,0,0,0,0,0,0,0,0,0
15.174,4,0,0,0,0,0,0,0,0,0,0
15.174,5,0,0,0,0,0,0,0,0,0,0
15.2345,0,5.28881,5.77638,3.87023,0.020114,-0.00859009,-0.0174071,0.411271,0,0,0
15.2345,1,5.38821,2.50134,3.81579,0.00199668,-0.0168449,0.0291355,0.375143,0,0,0
15.2345,2,5.38074,4.08641,6.72219,0.00505793,-0.141803,0.00259052,0.347788,0,0,0
15.2345,3,0,0,0,0,0,0,0,0,0,0
15.2345,4,0,0,0,0,0,0,0,0,0,0
15.2345,5,0,0,0,0,0,0,0,0,0,0
15.2847,0,5.28993,5.77607,3.86867,0.0201282,-0.0087766,-0.0252615,0.410552,0,0,0
15.2847,1,5.38768,2.49984,3.81726,6.67885e-05,-0.0197778,0.0218681,0.378555,0,0,0
15.2847,2,5.38074,4.08641,6.72219,0.00505793,-0.141803,0.00259052,0.347788,0,0,0
15.2847,3,0,0,0,0,0,0,0,0,0,0
15.2847,4,0,0,0,0,0,0,0,0,0,0
15.2847,5,0,0,0,0,0,0,0,0,0,0
15.34,0,5.2912,5.77516,3.8657,0.0202081,-0.0118721,-0.0646588,0.410552,0,0,0
15.34,1,5.38794,2.49682,3.81797,0.00129612,-0.0267595,0.0169621,0.378555,0,0,0
15.34,2,5.38001,4.08106,6.72241,0.00153881,-0.13926,0.00124255,0.347788,0,0,0
15.34,3,0,0,0,0,0,0,0,0,0,0
15.34,4,0,0,0,0,0,0,0,0,0,0
15.34,5,0,0,0,0,0,0,0,0,0,0
15.3959,0,5.29204,5.77448,3.86082,0.0193954,-0.0133397,-0.0793486,0.408944,0,0,0
15.3959,1,5.38776,2.49526,3.81854,0.000501023,-0.028566,0.0138882,0.384128,0,0,0
15.3959,2,5.3799,4.07458,6.72244,0.000937165,-0.141016,-0.000395308,0.35021,0,0,0
15.3959,3,0,0,0,0,0,0,0,0,0,0
15.3959,4,0,0,0,0,0,0,0,0,0,0
15.3959,5,0,0,0,0,0,0,0,0,0,0
15.4473,0,5.293,5.77203,3.85604,0.0190385,-0.0210698,-0.116017,0.408944,0,0,0
15.4473,1,5.38771,2.49365,3.81915,0.000269027,-0.0303109,0.0121727,0.384128,0,0,0
15.4473,2,5.38017,4.06726,6.72239,0.00160885,-0.145654,-0.00150722,0.352197,0,0,0
15.4473,3,0,0,0,0,0,0,0,0,0,0
15.4473,4,0,0,0,0,0,0,0,0,0,0
15.4473,5,0,0,0,0,0,0,0,0,0,0
15.5077,0,5.2949,5.76855,3.84846,0.0224589,-0.0311313,-0.138052,0.405855,0,0,0
15.5077,1,5.38769,2.492,3.81981,0.000188617,-0.0318898,0.0119459,0.38563,0,0,0
15.5077,2,5.37981,4.06782,6.72229,-0.00103084,-0.122615,-0.00370275,0.352197,0,0,0
15.5077,3,0,0,0,0,0,0,0,0,0,0
15.5077,4,0,0,0,0,0,0,0,0,0,0
15.5077,5,0,0,0,0,0,0,0,0,0,0
15.5679,0,5.29588,5.76488,3.84055,0.0223787,-0.039782,-0.154648,0.405855,0,0,0
15.5679,1,5.38757,2.49072,3.82042,-0.000379589,-0.0314962,0.0128386,0.38563,0,0,0
15.5679,2,5.38066,4.06181,6.72224,0.00220146,-0.124843,-0.00429885,0.352988,0,0,0
15.5679,3,0,0,0,0,0,0,0,0,0,0
15.5679,4,0,0,0,0,0,0,0,0,0,0
15.5679,5,0,0,0,0,0,0,0,0,0,0
15.6283,0,5.29703,5.75973,3.83207,0.0229711,-0.0511486,-0.164342,0.399318,0,0,0
15.6283,1,5.38748,2.48981,3.82105,-0.000840233,-0.0302703,0.0139735,0.388341,0,0,0
15.6283,2,5.38056,4.05853,6.72202,0.00102187,-0.117715,-0.00563517,0.352988,0,0,0
15.6283,3,0,0,0,0,0,0,0,0,0,0
15.6283,4,0,0,0,0,0,0,0,0,0,0
15.6283,5,0,0,0,0,0,0,0,0,0,0
15.686,0,5.29753,5.75569,3.82381,0.0210341,-0.0562099,-0.163397,0.399318,0,0,0
15.686,1,5.38753,2.48878,3.82206,-0.000723205,-0.0296076,0.0157839,0.388341,0,0,0
15.686,2,5.38062,4.05226,6.72168,0.00103744,-0.121315,-0.00695912,0.354274,0,0,0
15.686,3,0,0,0,0,0,0,0,0,0,0
15.686,4,0,0,0,0,0,0,0,0,0,0
15.686,5,0,0,0,0,0,0,0,0,0,0
15.7503,0,5.29759,5.75189,3.81634,0.0178052,-0.0589606,-0.147679,0.391854,0,0,0
15.7503,1,5.38749,2.48798,3.82285,-0.000942023,-0.0282104,0.017638,0.390027,0,0,0
15.7503,2,5.38095,4.05182,6.72161,0.000823677,-0.103988,-0.00847156,0.354274,0,0,0
15.7503,3,0,0,0,0,0,0,0,0,0,0
15.7503,4,0,0,0,0,0,0,0,0,0,0
15.7503,5,0,0,0,0,0,0,0,0,0,0
15.8057,0,5.29889,5.74558,3.80964,0.0191339,-0.0697732,-0.123222,0.391854,0,0,0
15.8057,1,5.38759,2.48766,3.82376,-0.000747139,-0.0250346,0.018727,0.390027,0,0,0
15.8057,2,5.38117,4.04854,6.72175,0.00120341,-0.0994877,-0.00822832,0.355135,0,0,0
15.8057,3,0,0,0,0,0,0,0,0,0,0
15.8057,4,0,0,0,0,0,0,0,0,0,0
15.8057,5,0,0,0,0,0,0,0,0,0,0
15.866,0,5.29957,5.7411,3.80254,0.0180777,-0.073223,-0.113858,0.383921,0,0,0
15.866,1,5.38767,2.48697,3.82461,-0.000502074,-0.0236008,0.019938,0.39092,0,0,0
15.866,2,5.38131,4.04746,6.72142,0.00079688,-0.0878069,-0.0072704,0.355135,0,0,0
15.866,3,0,0,0,0,0,0,0,0,0,0
15.866,4,0,0,0,0,0,0,0,0,0,0
15.866,5,0,0,0,0,0,0,0,0,0,0
15.9213,0,5.30034,5.73671,3.79962,0.0176264,-0.0780165,-0.0705405,0.383921,0,0,0
15.9213,1,5.38765,2.48578,3.82592,-0.000529532,-0.0242649,0.0207817,0.39092,0,0,0
15.9213,2,5.38034,4.04683,6.72115,-0.00354161,-0.075423,-0.00566864,0.354903,0,0,0
15.9213,3,0,0,0,0,0,0,0,0,0,0
15.9213,4,0,0,0,0,0,0,0,0,0,0
15.9213,5,0,0,0,0,0,0,0,0,0,0
15.9716,0,5.30053,5.73426,3.79923,0.0147057,-0.0758399,-0.0316957,0.376949,0,0,0
15.9716,1,5.3875,2.48577,3.82653,-0.00123069,-0.020632,0.021378,0.392502,0,0,0
15.9716,2,5.38115,4.04906,6.72099,-0.00146823,-0.0552153,-0.00332051,0.354903,0,0,0
15.9716,3,0,0,0,0,0,0,0,0,0,0
15.9716,4,0,0,0,0,0,0,0,0,0,0
15.9716,5,0,0,0,0,0,0,0,0,0,0
16.0218,0,5.3009,5.73269,3.80037,0.0126024,-0.0715176,0.0112494,0.376949,0,0,0
16.0218,1,5.38765,2.48475,3.82819,-0.000652503,-0.0206077,0.0219959,0.392502,0,0,0
16.0218,2,5.38242,4.04723,6.72085,0.00243074,-0.0518421,-0.00212623,0.354563,0,0,0
16.0218,3,0,0,0,0,0,0,0,0,0,0
16.0218,4,0,0,0,0,0,0,0,0,0,0
16.0218,5,0,0,0,0,0,0,0,0,0,0
16.0822,0,5.30178,5.73185,3.80271,0.0123657,-0.0651222,0.0449156,0.372833,0,0,0
16.0822,1,5.38768,2.48453,3.82919,-0.000692128,-0.0183363,0.0216171,0.39325,0,0,0
16.0822,2,5.37986,4.05656,6.72083,-0.00771901,-0.0126761,0.000635586,0.354563,0,0,0
16.0822,3,0,0,0,0,0,0,0,0,0,0
16.0822,4,0,0,0,0,0,0,0,0,0,0
16.0822,5,0,0,0,0,0,0,0,0,0,0
16.1349,0,5.30297,5.73296,3.80692,0.013088,-0.0523023,0.0719826,0.372833,0,0,0
16.1349,1,5.38774,2.48357,3.83078,-0.000458346,-0.0185078,0.0219581,0.39325,0,0,0
16.1349,2,5.37959,4.06365,6.72077,-0.0098716,0.0149245,0.00219493,0.351197,0,0,0
16.1349,3,0,0,0,0,0,0,0,0,0,0
16.1349,4,0,0,0,0,0,0,0,0,0,0
16.1349,5,0,0,0,0,0,0,0,0,0,0
16.1878,0,5.30334,5.73402,3.81225,0.0110999,-0.0405422,0.0849906,0.371424,0,0,0
16.1878,1,5.38778,2.48309,3.83188,-0.000372219,-0.0174931,0.0212543,0.394124,0,0,0
16.1878,2,5.37965,4.07087,6.72116,-0.0101067,0.0391126,0.00311248,0.351197,0,0,0
16.1878,3,0,0,0,0,0,0,0,0,0,0
16.1878,4,0,0,0,0,0,0,0,0,0,0
16.1878,5,0,0,0,0,0,0,0,0,0,0
16.2434,0,5.30373,5.73585,3.81754,0.00914876,-0.0275295,0.0959776,0.371424,0,0,0
16.2434,1,5.38769,2.48311,3.83212,-0.000811519,-0.0148148,0.0209159,0.394124,0,0,0
16.2434,2,5.38103,4.07842,6.72143,-0.00522984,0.0609143,0.00339595,0.349599,0,0,0
16.2434,3,0,0,0,0,0,0,0,0,0,0
16.2434,4,0,0,0,0,0,0,0,0,0,0
16.2434,5,0,0,0,0,0,0,0,0,0,0
16.2988,0,5.30482,5.73523,3.82194,0.0105775,-0.0250304,0.100676,0.372284,0,0,0
16.2988,1,5.38776,2.48292,3.83286,-0.000613511,-0.013141,0.0204723,0.394435,0,0,0
16.2988,2,5.37979,4.08682,6.72165,-0.0102804,0.0830183,0.00323424,0.349599,0,0,0
16.2988,3,0,0,0,0,0,0,0,0,0,0
16.2988,4,0,0,0,0,0,0,0,0,0,0
16.2988,5,0,0,0,0,0,0,0,0,0,0
16.3516,0,5.30584,5.73956,3.82251,0.0111247,-0.00632849,0.0964944,0.372284,0,0,0
16.3516,1,5.38787,2.48174,3.83451,-5.47056e-05,-0.0149129,0.0204033,0.394435,0,0,0
16.3516,2,5.38143,4.09348,6.72187,-0.00407651,0.0942741,0.00290275,0.348359,0,0,0
16.3516,3,0,0,0,0,0,0,0,0,0,0
16.3516,4,0,0,0,0,0,0,0,0,0,0
16.3516,5,0,0,0,0,0,0,0,0,0,0
16.407,0,5.30669,5.74332,3.82942,0.0108777,0.00888528,0.0936029,0.374756,0,0,0
16.407,1,5.388,2.48038,3.83584,0.000551172,-0.0172697,0.0198587,0.395551,0,0,0
16.407,2,5.37973,4.10137,6.72204,-0.00904898,0.106822,0.0025399,0.348359,0,0,0
16.407,3,0,0,0,0,0,0,0,0,0,0
16.407,4,0,0,0,0,0,0,0,0,0,0
16.407,5,0,0,0,0,0,0,0,0,0,0
16.463,0,5.3078,5.74776,3.83553,0.0118858,0.0246378,0.0870153,0.374756,0,0,0
16.463,1,5.38785,2.47924,3.83704,-2.92007e-05,-0.0182106,0.0197223,0.395551,0,0,0
16.463,2,5.38316,4.10495,6.72218,0.00274706,0.105357,0.0022818,0.347858,0,0,0
16.463,3,0,0,0,0,0,0,0,0,0,0
16.463,4,0,0,0,0,0,0,0,0,0,0
16.463,5,0,0,0,0,0,0,0,0,0,0
16.5246,0,5.3091,5.75261,3.83945,0.0135521,0.0394309,0.078977,0.380825,0,0,0
16.5246,1,5.38784,2.47838,3.83799,-3.96025e-05,-0.0183721,0.0188189,0.397786,0,0,0
16.5246,2,5.38143,4.11543,6.72238,-0.00303472,0.125841,0.00135066,0.347858,0,0,0
16.5246,3,0,0,0,0,0,0,0,0,0,0
16.5246,4,0,0,0,0,0,0,0,0,0,0
16.5246,5,0,0,0,0,0,0,0,0,0,0
16.5825,0,5.30984,5.75756,3.84322,0.0130829,0.0523547,0.0694675,0.389364,0,0,0
16.5825,1,5.38773,2.47789,3.8384,-0.000538185,-0.0170225,0.0176707,0.397786,0,0,0
16.5825,2,5.38027,4.12575,6.72253,-0.00783962,0.144638,-0.000113951,0.347568,0,0,0
16.5825,3,0,0,0,0,0,0,0,0,0,0
16.5825,4,0,0,0,0,0,0,0,0,0,0
16.5825,5,0,0,0,0,0,0,0,0,0,0
16.6403,0,5.31149,5.76488,3.84705,0.0134338,0.0634874,0.0623561,0.389364,0,0,0
16.6403,1,5.38778,2.47659,3.83959,-0.000205986,-0.0188318,0.016924,0.398999,0,0,0
16.6403,2,5.38122,4.13206,6.72263,-0.00337186,0.145024,-0.00125732,0.347568,0,0,0
16.6403,3,0,0,0,0,0,0,0,0,0,0
16.6403,4,0,0,0,0,0,0,0,0,0,0
16.6403,5,0,0,0,0,0,0,0,0,0,0
16.693,0,5.31265,5.76856,3.85007,0.0146609,0.0677864,0.0513256,0.399243,0,0,0
16.693,1,5.38767,2.47545,3.84062,-0.000526383,-0.0194891,0.0163875,0.398999,0,0,0
16.693,2,5.38093,4.13935,6.72264,-0.00410085,0.149972,-0.00256814,0.347986,0,0,0
16.693,3,0,0,0,0,0,0,0,0,0,0
16.693,4,0,0,0,0,0,0,0,0,0,0
16.693,5,0,0,0,0,0,0,0,0,0,0
16.7433,0,5.3129,5.76881,3.85231,0.0155481,0.0686342,0.0420165,0.399243,0,0,0
16.7433,1,5.38756,2.47423,3.84133,-0.000808232,-0.0204478,0.0153082,0.401225,0,0,0
16.7433,2,5.38126,4.14555,6.7226,-0.00220756,0.148974,-0.00303352,0.347986,0,0,0
16.7433,3,0,0,0,0,0,0,0,0,0,0
16.7433,4,0,0,0,0,0,0,0,0,0,0
16.7433,5,0,0,0,0,0,0,0,0,0,0
16.7996,0,5.31374,5.77279,3.8535,0.0152822,0.072328,0.0321791,0.399243,0,0,0
16.7996,1,5.38772,2.47293,3.84211,-0.000196871,-0.0216823,0.0145696,0.401225,0,0,0
16.7996,2,5.381,4.15079,6.72248,-0.00246913,0.144665,-0.00448936,0.348491,0,0,0
16.7996,3,0,0,0,0,0,0,0,0,0,0
16.7996,4,0,0,0,0,0,0,0,0,0,0
16.7996,5,0,0,0,0,0,0,0,0,0,0
16.8724,0,5.31536,5.77947,3.85494,0.0150685,0.0747156,0.0233139,0.403054,0,0,0
16.8724,1,5.3876,2.47262,3.84284,-0.000691453,-0.0192914,0.013968,0.403611,0,0,0
16.8724,2,5.38067,4.15562,6.72227,-0.00292296,0.140484,-0.00562848,0.348491,0,0,0
16.8724,3,0,0,0,0,0,0,0,0,0,0
16.8724,4,0,0,0,0,0,0,0,0,0,0
16.8724,5,0,0,0,0,0,0,0,0,0,0
16.9382,0,5.31641,5.78131,3.85591,0.0159954,0.0714615,0.0226124,0.410954,0,0,0
16.9382,1,5.38756,2.47165,3.84327,-0.00074102,-0.0195894,0.0136817,0.404792,0,0,0
16.9382,2,5.38011,4.16621,6.72176,-0.00353055,0.134511,-0.00860598,0.349035,0,0,0
16.9382,3,0,0,0,0,0,0,0,0,0,0
16.9382,4,0,0,0,0,0,0,0,0,0,0
16.9382,5,0,0,0,0,0,0,0,0,0,0
16.9985,0,5.31538,5.7783,3.85616,0.0130802,0.0607433,0.0143529,0.410954,0,0,0
16.9985,1,5.38755,2.47167,3.84396,-0.000874442,-0.0164059,0.0131559,0.404792,0,0,0
16.9985,2,5.38011,4.16621,6.72176,-0.00353055,0.134511,-0.00860598,0.349035,0,0,0
16.9985,3,0,0,0,0,0,0,0,0,0,0
16.9985,4,0,0,0,0,0,0,0,0,0,0
16.9985,5,0,0,0,0,0,0,0,0,0,0
17.0523,0,5.31646,5.7802,3.85643,0.0145245,0.0584135,-0.00230113,0.409827,0,0,0
17.0523,1,5.38754,2.47078,3.84475,-0.000749295,-0.0164955,0.0128375,0.40554,0,0,0
17.0523,2,5.38001,4.16926,6.7219,-0.00285597,0.124724,-0.00971124,0.349748,0,0,0
17.0523,3,0,0,0,0,0,0,0,0,0,0
17.0523,4,0,0,0,0,0,0,0,0,0,0
17.0523,5,0,0,0,0,0,0,0,0,0,0
17.1058,0,5.31724,5.78254,3.85605,0.0143118,0.0572243,-0.0089588,0.409827,0,0,0
17.1058,1,5.38742,2.47042,3.84537,-0.00119312,-0.0148586,0.0126266,0.40554,0,0,0
17.1058,2,5.3802,4.17265,6.72148,-0.00124648,0.114632,-0.010568,0.349748,0,0,0
17.1058,3,0,0,0,0,0,0,0,0,0,0
17.1058,4,0,0,0,0,0,0,0,0,0,0
17.1058,5,0,0,0,0,0,0,0,0,0,0
17.166,0,5.31829,5.78375,3.85567,0.0155905,0.0529461,-0.0113397,0.413118,0,0,0
17.166,1,5.38736,2.47027,3.84609,-0.00137246,-0.0128731,0.0123835,0.405948,0,0,0
17.166,2,5.37965,4.17464,6.72138,-0.00230686,0.103119,-0.00884117,0.349953,0,0,0
17.166,3,0,0,0,0,0,0,0,0,0,0
17.166,4,0,0,0,0,0,0,0,0,0,0
17.166,5,0,0,0,0,0,0,0,0,0,0
17.2213,0,5.31816,5.78367,3.85441,0.0125595,0.0441953,-0.0217429,0.413118,0,0,0
17.2213,1,5.3873,2.47026,3.84662,-0.00154248,-0.0106887,0.0121531,0.405948,0,0,0
17.2213,2,5.37967,4.17489,6.72111,-0.00104323,0.0854898,-0.00584737,0.349953,0,0,0
17.2213,3,0,0,0,0,0,0,0,0,0,0
17.2213,4,0,0,0,0,0,0,0,0,0,0
17.2213,5,0,0,0,0,0,0,0,0,0,0
17.2844,0,5.31915,5.7842,3.85283,0.0138026,0.0391283,-0.0283911,0.413589,0,0,0
17.2844,1,5.38727,2.4704,3.84728,-0.00163334,-0.00829269,0.0118698,0.405924,0,0,0
17.2844,2,5.38071,4.17445,6.72104,0.00380739,0.0700124,-0.00419162,0.349597,0,0,0
17.2844,3,0,0,0,0,0,0,0,0,0,0
17.2844,4,0,0,0,0,0,0,0,0,0,0
17.2844,5,0,0,0,0,0,0,0,0,0,0
17.3447,0,5.31966,5.78407,3.85101,0.012901,0.0317634,-0.0310999,0.413589,0,0,0
17.3447,1,5.38735,2.47071,3.84783,-0.00126094,-0.00561789,0.0116245,0.405924,0,0,0
17.3447,2,5.38068,4.16819,6.7209,0.00564922,0.0286667,0.00072103,0.349597,0,0,0
17.3447,3,0,0,0,0,0,0,0,0,0,0
17.3447,4,0,0,0,0,0,0,0,0,0,0
17.3447,5,0,0,0,0,0,0,0,0,0,0
17.3975,0,5.32037,5.78388,3.84985,0.0132274,0.0260195,-0.0319341,0.413282,0,0,0
17.3975,1,5.38727,2.471,3.84837,-0.00150837,-0.00336278,0.0113699,0.405063,0,0,0
17.3975,2,5.3797,4.1642,6.72118,0.00275061,0.00919857,0.00241656,0.348633,0,0,0
17.3975,3,0,0,0,0,0,0,0,0,0,0
17.3975,4,0,0,0,0,0,0,0,0,0,0
17.3975,5,0,0,0,0,0,0,0,0,0,0
17.4548,0,5.32044,5.78306,3.84787,0.011343,0.0190279,-0.0299579,0.413282,0,0,0
17.4548,1,5.38714,2.47144,3.849,-0.00189258,-0.00091229,0.0111183,0.405063,0,0,0
17.4548,2,5.38033,4.15365,6.72132,0.00740639,-0.03036,0.00388178,0.348633,0,0,0
17.4548,3,0,0,0,0,0,0,0,0,0,0
17.4548,4,0,0,0,0,0,0,0,0,0,0
17.4548,5,0,0,0,0,0,0,0,0,0,0
17.5075,0,5.3214,5.78183,3.84626,0.0127778,0.01129,-0.0269496,0.411351,0,0,0
17.5075,1,5.3872,2.47182,3.84949,-0.00152263,0.000917284,0.0110336,0.404175,0,0,0
17.5075,2,5.37899,4.14805,6.72154,0.00234997,-0.046903,0.0040607,0.347539,0,0,0
17.5075,3,0,0,0,0,0,0,0,0,0,0
17.5075,4,0,0,0,0,0,0,0,0,0,0
17.5075,5,0,0,0,0,0,0,0,0,0,0
17.5607,0,5.32153,5.78037,3.84519,0.011185,0.0041157,-0.0221447,0.411351,0,0,0
17.5607,1,5.38704,2.47248,3.85013,-0.0020334,0.00350756,0.0109824,0.404175,0,0,0
17.5607,2,5.38051,4.13751,6.72155,0.00966686,-0.0786639,0.00310344,0.347539,0,0,0
17.5607,3,0,0,0,0,0,0,0,0,0,0
17.5607,4,0,0,0,0,0,0,0,0,0,0
17.5607,5,0,0,0,0,0,0,0,0,0,0
17.6159,0,5.32171,5.77917,3.844,0.00980638,-0.00118161,-0.0164943,0.408841,0,0,0
17.6159,1,5.38698,2.47318,3.85063,-0.00208613,0.00579967,0.011018,0.402731,0,0,0
17.6159,2,5.37866,4.12948,6.72196,0.00218816,-0.0959835,0.00247563,0.346816,0,0,0
17.6159,3,0,0,0,0,0,0,0,0,0,0
17.6159,4,0,0,0,0,0,0,0,0,0,0
17.6159,5,0,0,0,0,0,0,0,0,0,0
17.6726,0,5.32255,5.77818,3.84346,0.0109427,-0.00504353,-0.0149372,0.408841,0,0,0
17.6726,1,5.38695,2.47381,3.85123,-0.00194912,0.00744017,0.0110102,0.402731,0,0,0
17.6726,2,5.37839,4.12157,6.72234,0.00172029,-0.110501,0.00115403,0.347007,0,0,0
17.6726,3,0,0,0,0,0,0,0,0,0,0
17.6726,4,0,0,0,0,0,0,0,0,0,0
17.6726,5,0,0,0,0,0,0,0,0,0,0
17.7254,0,5.32196,5.77683,3.84285,0.00674113,-0.0092192,-0.00533948,0.406592,0,0,0
17.7254,1,5.38699,2.47424,3.85174,-0.00158021,0.00818717,0.0110149,0.402067,0,0,0
17.7254,2,5.3773,4.11415,6.72245,-0.00169359,-0.11982,-9.64035e-05,0.347007,0,0,0
17.7254,3,0,0,0,0,0,0,0,0,0,0
17.7254,4,0,0,0,0,0,0,0,0,0,0
17.7254,5,0,0,0,0,0,0,0,0,0,0
17.7867,0,5.32322,5.77461,3.84289,0.00979962,-0.0162162,-0.00323423,0.406592,0,0,0
17.7867,1,5.38692,2.4747,3.85224,-0.00159243,0.00894081,0.0109778,0.402067,0,0,0
17.7867,2,5.37826,4.10556,6.72238,0.00202424,-0.133006,-0.00180559,0.347627,0,0,0
17.7867,3,0,0,0,0,0,0,0,0,0,0
17.7867,4,0,0,0,0,0,0,0,0,0,0
17.7867,5,0,0,0,0,0,0,0,0,0,0
17.8426,0,5.32341,5.77284,3.84328,0.00872367,-0.0204922,0.00568492,0.402424,0,0,0
17.8426,1,5.38678,2.47543,3.85286,-0.00193071,0.0104869,0.0109106,0.401124,0,0,0
17.8426,2,5.37755,4.10215,6.72238,-0.00131866,-0.126449,-0.00314512,0.347627,0,0,0
17.8426,3,0,0,0,0,0,0,0,0,0,0
17.8426,4,0,0,0,0,0,0,0,0,0,0
17.8426,5,0,0,0,0,0,0,0,0,0,0
17.8954,0,5.32394,5.77107,3.84381,0.00879997,-0.0239201,0.00787058,0.402424,0,0,0
17.8954,1,5.38669,2.47605,3.85403,-0.00199635,0.0113423,0.0106651,0.401124,0,0,0
17.8954,2,5.37796,4.09485,6.72233,0.000830544,-0.134395,-0.00506603,0.34814,0,0,0
17.8954,3,0,0,0,0,0,0,0,0,0,0
17.8954,4,0,0,0,0,0,0,0,0,0,0
17.8954,5,0,0,0,0,0,0,0,0,0,0
17.9459,0,5.32433,5.7696,3.84454,0.00845411,-0.0260379,0.0137534,0.399004,0,0,0
17.9459,1,5.38664,2.47644,3.85457,-0.00182982,0.0112728,0.0104145,0.399673,0,0,0
17.9459,2,5.37816,4.08692,6.72236,0.00197631,-0.142036,-0.00789224,0.34814,0,0,0
17.9459,3,0,0,0,0,0,0,0,0,0,0
17.9459,4,0,0,0,0,0,0,0,0,0,0
17.9459,5,0,0,0,0,0,0,0,0,0,0
18.0136,0,5.32492,5.76842,3.84524,0.00871799,-0.0268851,0.0159189,0.399004,0,0,0
18.0136,1,5.38654,2.47695,3.8545,-0.00188841,0.0116004,0.0101858,0.399673,0,0,0
18.0136,2,5.37786,4.08075,6.72208,0.000720347,-0.142027,-0.01063,0.349455,0,0,0
18.0136,3,0,0,0,0,0,0,0,0,0,0
18.0136,4,0,0,0,0,0,0,0,0,0,0
18.0136,5,0,0,0,0,0,0,0,0,0,0
18.0681,0,5.32517,5.76738,3.84604,0.00782568,-0.0268223,0.0122401,0.397706,0,0,0
18.0681,1,5.3865,2.47719,3.85545,-0.00162562,0.0107555,0.00973641,0.398743,0,0,0
18.0681,2,5.37786,4.08075,6.72208,0.000720347,-0.142027,-0.01063,0.349455,0,0,0
18.0681,3,0,0,0,0,0,0,0,0,0,0
18.0681,4,0,0,0,0,0,0,0,0,0,0
18.0681,5,0,0,0,0,0,0,0,0,0,0
18.1359,0,5.3259,5.76595,3.84642,0.0087135,-0.0280671,0.00311648,0.397706,0,0,0
18.1359,1,5.38639,2.47777,3.85598,-0.00174715,0.0113265,0.00976095,0.398743,0,0,0
18.1359,2,5.37762,4.0768,6.72223,-0.000720796,-0.134264,-0.0112562,0.350566,0,0,0
18.1359,3,0,0,0,0,0,0,0,0,0,0
18.1359,4,0,0,0,0,0,0,0,0,0,0
18.1359,5,0,0,0,0,0,0,0,0,0,0
18.2177,0,5.32602,5.76545,3.84625,0.0071706,-0.0257307,-0.000185785,0.395052,0,0,0
18.2177,1,5.38622,2.47784,3.8563,-0.0019608,0.0101718,0.00530751,0.397846,0,0,0
18.2177,2,5.37749,4.07434,6.72205,-0.00184917,-0.123309,-0.0109336,0.350566,0,0,0
18.2177,3,0,0,0,0,0,0,0,0,0,0
18.2177,4,0,0,0,0,0,0,0,0,0,0
18.2177,5,0,0,0,0,0,0,0,0,0,0
18.2755,0,5.3266,5.76434,3.84453,0.00770082,-0.0269128,-0.0396512,0.39352,0,0,0
18.2755,1,5.38616,2.47808,3.85631,-0.00177682,0.00956351,-0.00902062,0.397514,0,0,0
18.2755,2,5.37765,4.07376,6.72138,-0.00204882,-0.107294,-0.00916175,0.350165,0,0,0
18.2755,3,0,0,0,0,0,0,0,0,0,0
18.2755,4,0,0,0,0,0,0,0,0,0,0
18.2755,5,0,0,0,0,0,0,0,0,0,0
18.3257,0,5.32737,5.76265,3.84193,0.00865501,-0.029267,-0.0584031,0.39352,0,0,0
18.3257,1,5.38599,2.47844,3.85512,-0.00208078,0.0100026,-0.0294608,0.397514,0,0,0
18.3257,2,5.37787,4.0741,6.72132,-0.0019185,-0.0901035,-0.00643499,0.350165,0,0,0
18.3257,3,0,0,0,0,0,0,0,0,0,0
18.3257,4,0,0,0,0,0,0,0,0,0,0
18.3257,5,0,0,0,0,0,0,0,0,0,0
18.3758,0,5.3279,5.76116,3.83821,0.00877113,-0.0308586,-0.0706725,0.39352,0,0,0
18.3758,1,5.38594,2.479,3.85294,-0.0020056,0.0114177,-0.0520655,0.396765,0,0,0
18.3758,2,5.37793,4.07675,6.72099,-0.00261967,-0.0670547,-0.00319342,0.350165,0,0,0
18.3758,3,0,0,0,0,0,0,0,0,0,0
18.3758,4,0,0,0,0,0,0,0,0,0,0
18.3758,5,0,0,0,0,0,0,0,0,0,0
18.4336,0,5.32861,5.7588,3.83298,0.00978964,-0.0355108,-0.0965394,0.390754,0,0,0
18.4336,1,5.38535,2.48079,3.84831,-0.00400361,0.0176728,-0.0853979,0.396765,0,0,0
18.4336,2,5.37784,4.08155,6.72106,-0.00388763,-0.0391648,2.98198e-05,0.349354,0,0,0
18.4336,3,0,0,0,0,0,0,0,0,0,0
18.4336,4,0,0,0,0,0,0,0,0,0,0
18.4336,5,0,0,0,0,0,0,0,0,0,0
18.4948,0,5.32867,5.75268,3.81598,0.00705839,-0.0457263,-0.142992,0.386352,0,0,0
18.4948,1,5.38542,2.48275,3.84201,-0.00347546,0.0233832,-0.115252,0.393774,0,0,0
18.4948,2,5.37848,4.08722,6.72124,-0.00189429,-0.0123755,0.00234685,0.348314,0,0,0
18.4948,3,0,0,0,0,0,0,0,0,0,0
18.4948,4,0,0,0,0,0,0,0,0,0,0
18.4948,5,0,0,0,0,0,0,0,0,0,0
18.5553,0,5.33101,5.74459,3.80814,0.0136726,-0.0658523,-0.148079,0.386352,0,0,0
18.5553,1,5.38516,2.48555,3.83601,-0.00416527,0.0305093,-0.13495,0.393774,0,0,0
18.5553,2,5.37816,4.0946,6.72134,-0.00358621,0.0168093,0.00377511,0.348314,0,0,0
18.5553,3,0,0,0,0,0,0,0,0,0,0
18.5553,4,0,0,0,0,0,0,0,0,0,0
18.5553,5,0,0,0,0,0,0,0,0,0,0
18.6107,0,5.33161,5.73998,3.79972,0.0132256,-0.0699331,-0.153505,0.378161,0,0,0
18.6107,1,5.38496,2.48913,3.82894,-0.00469662,0.0387223,-0.147499,0.388739,0,0,0
18.6107,2,5.37763,4.10275,6.72163,-0.00630415,0.0441637,0.00457225,0.347352,0,0,0
18.6107,3,0,0,0,0,0,0,0,0,0,0
18.6107,4,0,0,0,0,0,0,0,0,0,0
18.6107,5,0,0,0,0,0,0,0,0,0,0
18.6661,0,5.33162,5.73679,3.79262,0.0106578,-0.0692117,-0.152035,0.378161,0,0,0
18.6661,1,5.3845,2.49307,3.82248,-0.00606091,0.0462952,-0.151693,0.388739,0,0,0
18.6661,2,5.37796,4.10918,6.72229,-0.00501155,0.0615114,0.00529303,0.347352,0,0,0
18.6661,3,0,0,0,0,0,0,0,0,0,0
18.6661,4,0,0,0,0,0,0,0,0,0,0
18.6661,5,0,0,0,0,0,0,0,0,0,0
18.722,0,5.33162,5.73679,3.79262,0.0106578,-0.0692117,-0.152035,0.373576,0,0,0
18.722,1,5.38387,2.49931,3.81392,-0.00824185,0.0593,-0.140638,0.380731,0,0,0
18.722,2,5.37894,4.11637,6.72239,-0.00153688,0.0789075,0.00417811,0.34752,0,0,0
18.722,3,0,0,0,0,0,0,0,0,0,0
18.722,4,0,0,0,0,0,0,0,0,0,0
18.722,5,0,0,0,0,0,0,0,0,0,0
18.7935,0,5.33307,5.7297,3.78667,0.0146494,-0.0824237,-0.134419,0.373576,0,0,0
18.7935,1,5.38479,2.50223,3.80742,-0.00367581,0.0594359,-0.124878,0.380731,0,0,0
18.7935,2,5.37791,4.12617,6.72266,-0.00595562,0.101874,0.00305453,0.34752,0,0,0
18.7935,3,0,0,0,0,0,0,0,0,0,0
18.7935,4,0,0,0,0,0,0,0,0,0,0
18.7935,5,0,0,0,0,0,0,0,0,0,0
18.8514,0,5.33387,5.71962,3.77294,0.0129227,-0.0895623,-0.10949,0.36432,0,0,0
18.8514,1,5.38395,2.50804,3.80102,-0.00677996,0.0697233,-0.115603,0.374452,0,0,0
18.8514,2,5.37778,4.13502,6.72287,-0.00647938,0.118137,0.00138055,0.348027,0,0,0
18.8514,3,0,0,0,0,0,0,0,0,0,0
18.8514,4,0,0,0,0,0,0,0,0,0,0
18.8514,5,0,0,0,0,0,0,0,0,0,0
