time,uav_id,px,py,pz,vx,vy,vz,feedback,ref_x,ref_y,ref_z
6.3783e-05,0,5.10741,5.7746,3.95254,-1.23987,-0.00717793,0.00265949,8.3772,0,0,0
6.3783e-05,1,4.1057,2.55037,3.7228,-1.13943,0.104964,-0.197538,6.87375,0,0,0
6.3783e-05,2,4.05291,4.01284,6.72697,-1.06459,0.0932809,-0.0499791,1.81118,0,0,0
6.3783e-05,3,0,0,0,0,0,0,0,0,0,0
6.3783e-05,4,0,0,0,0,0,0,0,0,0,0
6.3783e-05,5,0,0,0,0,0,0,0,0,0,0
0.0555773,0,4.95099,5.7776,3.9544,-1.41003,0.00609229,-0.0456545,8.3772,0,0,0
0.0555773,1,4.08261,2.55712,3.71797,-1.03239,0.106864,-0.170886,6.87375,0,0,0
0.0555773,2,4.00949,4.01884,6.72679,-1.01944,0.099872,-0.0495235,7.8484,0,0,0
0.0555773,3,0,0,0,0,0,0,0,0,0,0
0.0555773,4,0,0,0,0,0,0,0,0,0,0
0.0555773,5,0,0,0,0,0,0,0,0,0,0
0.110812,0,4.88716,5.77652,3.95768,-1.41936,-0.000237424,-0.111927,8.26149,0,0,0
0.110812,1,4.04842,2.56465,3.71303,-0.978355,0.115987,-0.147509,4.85564,0,0,0
0.110812,2,3.97219,4.02111,6.72676,-0.950134,0.0904098,-0.0530404,7.8484,0,0,0
0.110812,3,0,0,0,0,0,0,0,0,0,0
0.110812,4,0,0,0,0,0,0,0,0,0,0
0.110812,5,0,0,0,0,0,0,0,0,0,0
0.178581,0,4.80311,5.76841,3.96192,-1.47795,-0.0249801,-0.210437,8.26149,0,0,0
0.178581,1,4.01908,2.56774,3.7096,-0.913922,0.10716,-0.125151,4.85564,0,0,0
0.178581,2,3.92152,4.02277,6.7266,-0.963706,0.0855772,-0.0577355,7.79276,0,0,0
0.178581,3,0,0,0,0,0,0,0,0,0,0
0.178581,4,0,0,0,0,0,0,0,0,0,0
0.178581,5,0,0,0,0,0,0,0,0,0,0
0.233837,0,4.75835,5.77217,3.96403,-1.40675,-0.0167665,-0.230197,8.19038,0,0,0
0.233837,1,3.99439,2.56784,3.70542,-0.841571,0.0877597,-0.110894,4.82024,0,0,0
0.233837,2,3.90532,4.02159,6.72634,-0.854076,0.0626569,-0.0538732,7.79276,0,0,0
0.233837,3,0,0,0,0,0,0,0,0,0,0
0.233837,4,0,0,0,0,0,0,0,0,0,0
0.233837,5,0,0,0,0,0,0,0,0,0,0
0.299096,0,4.67248,5.77377,3.96452,-1.46061,-0.00375515,-0.280972,8.19038,0,0,0
0.299096,1,3.98047,2.57196,3.70187,-0.742946,0.0833957,-0.0976319,4.82024,0,0,0
0.299096,2,3.88299,4.02752,6.72615,-0.783409,0.0705696,-0.0527237,7.74293,0,0,0
0.299096,3,0,0,0,0,0,0,0,0,0,0
0.299096,4,0,0,0,0,0,0,0,0,0,0
0.299096,5,0,0,0,0,0,0,0,0,0,0
0.34924,0,4.59311,5.76959,3.96559,-1.50616,-0.016947,-0.318716,8.10566,0,0,0
0.34924,1,3.9478,2.57999,3.69701,-0.725191,0.0987308,-0.0825147,4.79683,0,0,0
0.34924,2,3.83143,4.03563,6.72568,-0.824728,0.0938403,-0.0454543,7.74293,0,0,0
0.34924,3,0,0,0,0,0,0,0,0,0,0
0.34924,4,0,0,0,0,0,0,0,0,0,0
0.34924,5,0,0,0,0,0,0,0,0,0,0
0.404461,0,4.51874,5.77389,3.96599,-1.50085,-0.00294393,-0.335957,8.10566,0,0,0
0.404461,1,3.91203,2.58656,3.69339,-0.698021,0.104641,-0.073056,4.79683,0,0,0
0.404461,2,3.80904,4.03202,6.72533,-0.741737,0.0634719,-0.0323246,7.69675,0,0,0
0.404461,3,0,0,0,0,0,0,0,0,0,0
0.404461,4,0,0,0,0,0,0,0,0,0,0
0.404461,5,0,0,0,0,0,0,0,0,0,0
0.459649,0,4.49277,5.76507,3.96756,-1.36033,-0.0353485,-0.313771,8.0527,0,0,0
0.459649,1,3.88793,2.58783,3.68946,-0.648243,0.0898262,-0.0656189,4.77702,0,0,0
0.459649,2,3.78119,4.03449,6.72478,-0.705052,0.0614959,-0.0322927,7.69675,0,0,0
0.459649,3,0,0,0,0,0,0,0,0,0,0
0.459649,4,0,0,0,0,0,0,0,0,0,0
0.459649,5,0,0,0,0,0,0,0,0,0,0
0.514977,0,4.45278,5.76981,3.96953,-1.3003,-0.0199716,-0.291879,8.0527,0,0,0
0.514977,1,3.86657,2.58903,3.68571,-0.602292,0.0777116,-0.0550708,4.77702,0,0,0
0.514977,2,3.76321,4.03414,6.72424,-0.639379,0.0484124,-0.0194065,7.65864,0,0,0
0.514977,3,0,0,0,0,0,0,0,0,0,0
0.514977,4,0,0,0,0,0,0,0,0,0,0
0.514977,5,0,0,0,0,0,0,0,0,0,0
0.570221,0,4.43373,5.76747,3.97093,-1.18595,-0.0305651,-0.235349,8.02548,0,0,0
0.570221,1,3.84687,2.59196,3.6832,-0.557882,0.0735128,-0.0374332,4.74796,0,0,0
0.570221,2,3.74635,4.0345,6.72207,-0.580441,0.0395741,-0.0146593,7.63239,0,0,0
0.570221,3,0,0,0,0,0,0,0,0,0,0
0.570221,4,0,0,0,0,0,0,0,0,0,0
0.570221,5,0,0,0,0,0,0,0,0,0,0
0.630529,0,4.41318,5.76176,3.97178,-1.08695,-0.0502405,-0.195074,8.02548,0,0,0
0.630529,1,3.81286,2.59776,3.68396,-0.56985,0.0846006,0.0152994,4.74796,0,0,0
0.630529,2,3.71812,4.03411,6.7201,-0.55013,0.0290037,-0.0172943,7.63239,0,0,0
0.630529,3,0,0,0,0,0,0,0,0,0,0
0.630529,4,0,0,0,0,0,0,0,0,0,0
0.630529,5,0,0,0,0,0,0,0,0,0,0
0.685936,0,4.40376,5.76847,3.97323,-0.948853,-0.0295934,-0.140322,8.01144,0,0,0
0.685936,1,3.78196,2.59938,3.68284,-0.566611,0.0810892,0.0464602,4.71795,0,0,0
0.685936,2,3.68852,4.03314,6.71447,-0.549753,0.0221283,-0.0126479,7.53902,0,0,0
0.685936,3,0,0,0,0,0,0,0,0,0,0
0.685936,4,0,0,0,0,0,0,0,0,0,0
0.685936,5,0,0,0,0,0,0,0,0,0,0
0.736938,0,4.38492,5.76624,3.97555,-0.859089,-0.0376006,-0.106442,8.01144,0,0,0
0.736938,1,3.77575,2.5938,3.67985,-0.464517,0.0520767,0.0777817,4.71795,0,0,0
0.736938,2,3.65317,4.02802,6.70456,-0.581789,-0.010012,-0.0508291,7.53902,0,0,0
0.736938,3,0,0,0,0,0,0,0,0,0,0
0.736938,4,0,0,0,0,0,0,0,0,0,0
0.736938,5,0,0,0,0,0,0,0,0,0,0
0.790163,0,4.36789,5.75977,3.97637,-0.755826,-0.0596412,-0.0677837,7.98641,0,0,0
0.790163,1,3.7173,2.59515,3.6861,-0.5635,0.0721994,0.139562,4.69019,0,0,0
0.790163,2,3.59382,4.01083,6.68652,-0.681519,-0.0713722,-0.0455551,7.50786,0,0,0
0.790163,3,0,0,0,0,0,0,0,0,0,0
0.790163,4,0,0,0,0,0,0,0,0,0,0
0.790163,5,0,0,0,0,0,0,0,0,0,0
0.841181,0,4.36961,5.7658,3.97942,-0.623592,-0.0382005,-0.0318191,7.98641,0,0,0
0.841181,1,3.67721,2.58406,3.68945,-0.58089,0.0354403,0.184225,4.69019,0,0,0
0.841181,2,3.56161,4.00827,6.67164,-0.68323,-0.0768937,-0.0547962,7.50786,0,0,0
0.841181,3,0,0,0,0,0,0,0,0,0,0
0.841181,4,0,0,0,0,0,0,0,0,0,0
0.841181,5,0,0,0,0,0,0,0,0,0,0
0.902335,0,4.36161,5.76069,3.98115,-0.540267,-0.0555325,-0.0153537,7.9828,0,0,0
0.902335,1,3.63606,2.57159,3.6936,-0.609457,2.18084e-05,0.208894,4.61687,0,0,0
0.902335,2,3.54083,3.98435,6.65997,-0.651447,-0.168987,-0.101403,7.43644,0,0,0
0.902335,3,0,0,0,0,0,0,0,0,0,0
0.902335,4,0,0,0,0,0,0,0,0,0,0
0.902335,5,0,0,0,0,0,0,0,0,0,0
0.957656,0,4.36364,5.76348,3.98254,-0.431374,-0.0441869,0.015458,7.9828,0,0,0
0.957656,1,3.59034,2.5599,3.70032,-0.631055,-0.0231186,0.22714,4.61687,0,0,0
0.957656,2,3.48515,3.96088,6.64704,-0.730441,-0.220261,-0.0592528,7.43644,0,0,0
0.957656,3,0,0,0,0,0,0,0,0,0,0
0.957656,4,0,0,0,0,0,0,0,0,0,0
0.957656,5,0,0,0,0,0,0,0,0,0,0
1.01739,0,4.36195,5.76105,3.98562,-0.353312,-0.0512537,0.0331964,7.98192,0,0,0
1.01739,1,3.56941,2.54606,3.6998,-0.582188,-0.0597968,0.225659,4.54118,0,0,0
1.01739,2,3.42122,3.92972,6.62671,-0.839422,-0.295563,-0.0320284,7.37791,0,0,0
1.01739,3,0,0,0,0,0,0,0,0,0,0
1.01739,4,0,0,0,0,0,0,0,0,0,0
1.01739,5,0,0,0,0,0,0,0,0,0,0
1.07259,0,4.36384,5.76212,3.98826,-0.273606,-0.0437284,0.0538877,7.98192,0,0,0
1.07259,1,3.5188,2.51403,3.70691,-0.647358,-0.149792,0.243611,4.54118,0,0,0
1.07259,2,3.35832,3.90016,6.60841,-0.92663,-0.361624,-0.0317985,7.37791,0,0,0
1.07259,3,0,0,0,0,0,0,0,0,0,0
1.07259,4,0,0,0,0,0,0,0,0,0,0
1.07259,5,0,0,0,0,0,0,0,0,0,0
1.12884,0,4.36374,5.76177,3.99197,-0.210485,-0.0403866,0.0657444,7.98146,0,0,0
1.12884,1,3.43481,2.476,3.71538,-0.798325,-0.229884,0.270848,4.45957,0,0,0
1.12884,2,3.26172,3.82619,6.57712,-1.10046,-0.547758,0.0142193,7.23812,0,0,0
1.12884,3,0,0,0,0,0,0,0,0,0,0
1.12884,4,0,0,0,0,0,0,0,0,0,0
1.12884,5,0,0,0,0,0,0,0,0,0,0
1.18777,0,4.36167,5.76065,3.99739,-0.16164,-0.0386198,0.0949712,7.98146,0,0,0
1.18777,1,3.37156,2.43116,3.72108,-0.86818,-0.334076,0.281573,4.45957,0,0,0
1.18777,2,3.12334,3.74535,6.54923,-1.40448,-0.717942,0.108533,7.23812,0,0,0
1.18777,3,0,0,0,0,0,0,0,0,0,0
1.18777,4,0,0,0,0,0,0,0,0,0,0
1.18777,5,0,0,0,0,0,0,0,0,0,0
1.24576,0,4.35845,5.76008,4.00444,-0.11546,-0.0290321,0.163169,7.97794,0,0,0
1.24576,1,3.30009,2.37419,3.72501,-0.973517,-0.475324,0.253843,4.30093,0,0,0
1.24576,2,3.12334,3.74535,6.54923,-1.40448,-0.717942,0.108533,6.9541,0,0,0
1.24576,3,0,0,0,0,0,0,0,0,0,0
1.24576,4,0,0,0,0,0,0,0,0,0,0
1.24576,5,0,0,0,0,0,0,0,0,0,0
1.30287,0,4.35303,5.75722,4.01633,-0.0844682,-0.0264395,0.19551,7.97794,0,0,0
1.30287,1,3.23873,2.32251,3.72886,-1.02466,-0.584845,0.226268,4.30093,0,0,0
1.30287,2,2.98594,3.64738,6.51136,-1.66884,-0.940071,0.0985313,6.9541,0,0,0
1.30287,3,0,0,0,0,0,0,0,0,0,0
1.30287,4,0,0,0,0,0,0,0,0,0,0
1.30287,5,0,0,0,0,0,0,0,0,0,0
1.36117,0,4.33958,5.75277,4.02826,-0.0761696,-0.0208407,0.270938,7.96542,0,0,0
1.36117,1,3.16232,2.25024,3.73215,-1.10507,-0.740499,0.211389,4.13243,0,0,0
1.36117,2,2.88205,3.57375,6.50304,-1.75988,-1.06123,0.0330611,6.65732,0,0,0
1.36117,3,0,0,0,0,0,0,0,0,0,0
1.36117,4,0,0,0,0,0,0,0,0,0,0
1.36117,5,0,0,0,0,0,0,0,0,0,0
1.41661,0,4.32575,5.74802,4.02852,-0.0773736,-0.0188325,0.291855,7.96542,0,0,0
1.41661,1,3.09623,2.18018,3.73625,-1.14618,-0.881159,0.165334,4.13243,0,0,0
1.41661,2,2.77552,3.48797,6.47782,-1.83435,-1.21186,-0.076663,6.65732,0,0,0
1.41661,3,0,0,0,0,0,0,0,0,0,0
1.41661,4,0,0,0,0,0,0,0,0,0,0
1.41661,5,0,0,0,0,0,0,0,0,0,0
1.47485,0,4.29859,5.7321,4.06243,-0.102866,-0.0390734,0.392248,7.9414,0,0,0
1.47485,1,3.03229,2.10975,3.73772,-1.17193,-1.01071,0.0908015,3.93197,0,0,0
1.47485,2,2.68386,3.41369,6.45209,-1.82238,-1.29988,-0.23886,6.39822,0,0,0
1.47485,3,0,0,0,0,0,0,0,0,0,0
1.47485,4,0,0,0,0,0,0,0,0,0,0
1.47485,5,0,0,0,0,0,0,0,0,0,0
1.53008,0,4.27074,5.72035,4.07936,-0.136039,-0.0397925,0.460526,7.9414,0,0,0
1.53008,1,2.97967,2.04246,3.7392,-1.14358,-1.10157,0.00070314,3.93197,0,0,0
1.53008,2,2.56675,3.31845,6.43757,-1.89213,-1.41805,-0.291957,6.39822,0,0,0
1.53008,3,0,0,0,0,0,0,0,0,0,0
1.53008,4,0,0,0,0,0,0,0,0,0,0
1.53008,5,0,0,0,0,0,0,0,0,0,0
1.58547,0,4.2364,5.69808,4.10297,-0.186426,-0.0765576,0.535838,7.87782,0,0,0
1.58547,1,2.9075,1.94025,3.73943,-1.17172,-1.28671,-0.0861952,3.7516,0,0,0
1.58547,2,2.41654,3.18682,6.42439,-2.07207,-1.66527,-0.39228,6.05013,0,0,0
1.58547,3,0,0,0,0,0,0,0,0,0,0
1.58547,4,0,0,0,0,0,0,0,0,0,0
1.58547,5,0,0,0,0,0,0,0,0,0,0
1.64095,0,4.20564,5.68021,4.12448,-0.223638,-0.0880341,0.592303,7.87782,0,0,0
1.64095,1,2.85556,1.87259,3.73975,-1.12752,-1.3127,-0.190605,3.7516,0,0,0
1.64095,2,2.303,3.08215,6.4008,-2.10516,-1.78232,-0.581736,6.05013,0,0,0
1.64095,3,0,0,0,0,0,0,0,0,0,0
1.64095,4,0,0,0,0,0,0,0,0,0,0
1.64095,5,0,0,0,0,0,0,0,0,0,0
1.70033,0,4.14513,5.63996,4.14895,-0.33777,-0.15401,0.684971,7.80107,0,0,0
1.70033,1,2.7826,1.77532,3.73672,-1.17061,-1.42627,-0.268255,3.5416,0,0,0
1.70033,2,2.08911,2.89022,6.38444,-2.1424,-1.89583,-0.745124,5.61046,0,0,0
1.70033,3,0,0,0,0,0,0,0,0,0,0
1.70033,4,0,0,0,0,0,0,0,0,0,0
1.70033,5,0,0,0,0,0,0,0,0,0,0
1.75057,0,4.08714,5.60218,4.15157,-0.459646,-0.209233,0.749195,7.80107,0,0,0
1.75057,1,2.75081,1.71345,3.73447,-1.06847,-1.39938,-0.33862,3.5416,0,0,0
1.75057,2,1.98805,2.7883,6.36568,-2.14433,-1.95236,-0.758086,5.61046,0,0,0
1.75057,3,0,0,0,0,0,0,0,0,0,0
1.75057,4,0,0,0,0,0,0,0,0,0,0
1.75057,5,0,0,0,0,0,0,0,0,0,0
1.8016,0,4.035,5.56076,4.17854,-0.537353,-0.269717,0.804774,7.60733,0,0,0
1.8016,1,2.71042,1.62644,3.72932,-1.01507,-1.47499,-0.427692,3.35245,0,0,0
1.8016,2,1.87875,2.67789,6.34851,-2.13284,-1.99346,-0.835846,5.31137,0,0,0
1.8016,3,0,0,0,0,0,0,0,0,0,0
1.8016,4,0,0,0,0,0,0,0,0,0,0
1.8016,5,0,0,0,0,0,0,0,0,0,0
1.8654,0,3.97021,5.5084,4.2483,-0.655798,-0.342012,0.891635,7.60733,0,0,0
1.8654,1,2.65655,1.53207,3.72215,-1.01853,-1.55599,-0.500169,3.15349,0,0,0
1.8654,2,1.7947,2.58909,6.33278,-2.05835,-1.95221,-0.936305,5.31137,0,0,0
1.8654,3,0,0,0,0,0,0,0,0,0,0
1.8654,4,0,0,0,0,0,0,0,0,0,0
1.8654,5,0,0,0,0,0,0,0,0,0,0
1.92829,0,3.81672,5.37661,4.32474,-0.95786,-0.55488,0.994003,7.43548,0,0,0
1.92829,1,2.60467,1.44093,3.7139,-1.01071,-1.6037,-0.544293,3.15349,0,0,0
1.92829,2,1.7136,2.50354,6.31849,-2.00404,-1.92745,-0.989136,5.18896,0,0,0
1.92829,3,0,0,0,0,0,0,0,0,0,0
1.92829,4,0,0,0,0,0,0,0,0,0,0
1.92829,5,0,0,0,0,0,0,0,0,0,0
1.9869,0,3.71902,5.28809,4.32897,-1.15114,-0.721078,1.00094,7.19325,0,0,0
1.9869,1,2.56629,1.37779,3.70718,-0.946073,-1.52882,-0.557859,2.97856,0,0,0
1.9869,2,1.7328,2.51552,6.28586,-1.94713,-1.87356,-0.973834,5.18896,0,0,0
1.9869,3,0,0,0,0,0,0,0,0,0,0
1.9869,4,0,0,0,0,0,0,0,0,0,0
1.9869,5,0,0,0,0,0,0,0,0,0,0
2.04285,0,3.7152,5.27365,4.3655,-1.19094,-0.78307,0.977956,7.19325,0,0,0
2.04285,1,2.53457,1.31185,3.69764,-0.890403,-1.51418,-0.554425,2.97856,0,0,0
2.04285,2,1.54956,2.3288,6.28431,-1.93036,-1.90178,-0.951476,5.08522,0,0,0
2.04285,3,0,0,0,0,0,0,0,0,0,0
2.04285,4,0,0,0,0,0,0,0,0,0,0
2.04285,5,0,0,0,0,0,0,0,0,0,0
2.10308,0,3.55457,5.10803,4.40822,-1.39514,-1.04186,0.97383,6.94603,0,0,0
2.10308,1,2.49799,1.24498,3.68641,-0.854966,-1.49782,-0.522711,2.83513,0,0,0
2.10308,2,1.46281,2.23961,6.26602,-1.92161,-1.9123,-0.919321,5.08522,0,0,0
2.10308,3,0,0,0,0,0,0,0,0,0,0
2.10308,4,0,0,0,0,0,0,0,0,0,0
2.10308,5,0,0,0,0,0,0,0,0,0,0
2.16237,0,3.55087,5.08188,4.45664,-1.40813,-1.14225,0.977351,6.94603,0,0,0
2.16237,1,2.44908,1.15469,3.67621,-0.852377,-1.54101,-0.509911,2.83513,0,0,0
2.16237,2,1.38247,2.15744,6.25375,-1.85674,-1.86662,-0.913546,4.70571,0,0,0
2.16237,3,0,0,0,0,0,0,0,0,0,0
2.16237,4,0,0,0,0,0,0,0,0,0,0
2.16237,5,0,0,0,0,0,0,0,0,0,0
2.21792,0,3.49563,5.00736,4.49076,-1.37554,-1.19741,0.958786,6.94603,0,0,0
2.21792,1,2.43595,1.14171,3.66773,-0.761327,-1.36839,-0.449073,2.71839,0,0,0
2.21792,2,1.41908,2.19726,6.23943,-1.73586,-1.73623,-0.854461,4.70571,0,0,0
2.21792,3,0,0,0,0,0,0,0,0,0,0
2.21792,4,0,0,0,0,0,0,0,0,0,0
2.21792,5,0,0,0,0,0,0,0,0,0,0
2.26809,0,3.44755,4.95365,4.52659,-1.32602,-1.20893,0.87122,6.81124,0,0,0
2.26809,1,2.4081,1.09477,3.65774,-0.722533,-1.31639,-0.420844,2.71839,0,0,0
2.26809,2,1.30422,2.08698,6.21337,-1.54234,-1.55172,-0.71642,4.64023,0,0,0
2.26809,3,0,0,0,0,0,0,0,0,0,0
2.26809,4,0,0,0,0,0,0,0,0,0,0
2.26809,5,0,0,0,0,0,0,0,0,0,0
2.31901,0,3.39987,4.85031,4.59462,-1.28544,-1.39896,0.826652,6.81124,0,0,0
2.31901,1,2.38146,1.05527,3.64763,-0.687935,-1.24862,-0.376362,2.61969,0,0,0
2.31901,2,1.2845,2.06895,6.20435,-1.36746,-1.39061,-0.580035,4.64023,0,0,0
2.31901,3,0,0,0,0,0,0,0,0,0,0
2.31901,4,0,0,0,0,0,0,0,0,0,0
2.31901,5,0,0,0,0,0,0,0,0,0,0
2.37199,0,3.35474,4.79685,4.62624,-1.21713,-1.35741,0.72767,6.60672,0,0,0
2.37199,1,2.35331,0.995351,3.63843,-0.656451,-1.25397,-0.344017,2.61969,0,0,0
2.37199,2,1.19087,1.97188,6.18442,-1.42482,-1.47769,-0.521327,4.45132,0,0,0
2.37199,3,0,0,0,0,0,0,0,0,0,0
2.37199,4,0,0,0,0,0,0,0,0,0,0
2.37199,5,0,0,0,0,0,0,0,0,0,0
2.42814,0,3.28149,4.69681,4.62979,-1.27001,-1.53724,0.588437,6.60672,0,0,0
2.42814,1,2.33086,0.963738,3.63032,-0.608905,-1.16078,-0.306708,2.52008,0,0,0
2.42814,2,1.12816,1.93293,6.16392,-1.39836,-1.38674,-0.457901,4.45132,0,0,0
2.42814,3,0,0,0,0,0,0,0,0,0,0
2.42814,4,0,0,0,0,0,0,0,0,0,0
2.42814,5,0,0,0,0,0,0,0,0,0,0
2.48836,0,3.19553,4.49025,4.66069,-1.34147,-2.06024,0.488627,6.41465,0,0,0
2.48836,1,2.34304,0.998166,3.62387,-0.570712,-1.04599,-0.260695,2.52008,0,0,0
2.48836,2,1.06076,1.86529,6.1505,-1.38153,-1.39548,-0.397001,4.24061,0,0,0
2.48836,3,0,0,0,0,0,0,0,0,0,0
2.48836,4,0,0,0,0,0,0,0,0,0,0
2.48836,5,0,0,0,0,0,0,0,0,0,0
2.54565,0,3.12294,4.31152,4.71475,-1.35661,-2.39088,0.340764,6.41465,0,0,0
2.54565,1,2.31999,0.968643,3.6154,-0.53906,-0.970768,-0.209642,2.51782,0,0,0
2.54565,2,1.01959,1.83245,6.14007,-1.29834,-1.30629,-0.329948,4.09137,0,0,0
2.54565,3,0,0,0,0,0,0,0,0,0,0
2.54565,4,0,0,0,0,0,0,0,0,0,0
2.54565,5,0,0,0,0,0,0,0,0,0,0
2.60439,0,3.06564,4.16702,4.74287,-1.3262,-2.55677,0.115159,5.99133,0,0,0
2.60439,1,2.30066,0.945254,3.607,-0.505838,-0.893918,-0.16344,2.51782,0,0,0
2.60439,2,0.962592,1.79013,6.12593,-1.2607,-1.23969,-0.287943,4.09137,0,0,0
2.60439,3,0,0,0,0,0,0,0,0,0,0
2.60439,4,0,0,0,0,0,0,0,0,0,0
2.60439,5,0,0,0,0,0,0,0,0,0,0
2.66273,0,3.01373,4.05439,4.74404,-1.29345,-2.57014,-0.112662,5.99133,0,0,0
2.66273,1,2.2549,0.876077,3.59897,-0.470573,-0.839304,-0.13869,2.40812,0,0,0
2.66273,2,0.913063,1.75361,6.11366,-1.21615,-1.17422,-0.232981,3.95732,0,0,0
2.66273,3,0,0,0,0,0,0,0,0,0,0
2.66273,4,0,0,0,0,0,0,0,0,0,0
2.66273,5,0,0,0,0,0,0,0,0,0,0
2.71596,0,2.92124,3.79577,4.76228,-1.20945,-2.68991,-0.255091,5.71533,0,0,0
2.71596,1,2.26037,0.897549,3.59196,-0.454516,-0.765312,-0.121788,2.40812,0,0,0
2.71596,2,0.919715,1.77241,6.11381,-1.19439,-1.10927,-0.209694,3.95732,0,0,0
2.71596,3,0,0,0,0,0,0,0,0,0,0
2.71596,4,0,0,0,0,0,0,0,0,0,0
2.71596,5,0,0,0,0,0,0,0,0,0,0
2.76615,0,2.90868,3.68602,4.7992,-1.08689,-2.66576,-0.336729,5.71533,0,0,0
2.76615,1,2.21516,0.833922,3.59202,-0.431192,-0.723665,-0.109695,2.35141,0,0,0
2.76615,2,0.866025,1.73237,6.10242,-1.15461,-1.04856,-0.192338,3.9073,0,0,0
2.76615,3,0,0,0,0,0,0,0,0,0,0
2.76615,4,0,0,0,0,0,0,0,0,0,0
2.76615,5,0,0,0,0,0,0,0,0,0,0
2.82661,0,2.91346,3.7222,4.82146,-1.07567,-2.52397,-0.399844,5.33866,0,0,0
2.82661,1,2.1966,0.814478,3.58714,-0.411149,-0.670148,-0.0908676,2.35141,0,0,0
2.82661,2,0.814119,1.69451,6.09162,-1.10773,-0.982982,-0.161625,3.9073,0,0,0
2.82661,3,0,0,0,0,0,0,0,0,0,0
2.82661,4,0,0,0,0,0,0,0,0,0,0
2.82661,5,0,0,0,0,0,0,0,0,0,0
2.87913,0,2.84122,3.47608,4.83948,-0.975295,-2.57377,-0.49269,5.11873,0,0,0
2.87913,1,2.17722,0.793742,3.57598,-0.39656,-0.627495,-0.0762884,2.29859,0,0,0
2.87913,2,0.764147,1.65878,6.08188,-1.07839,-0.933491,-0.158414,3.78163,0,0,0
2.87913,3,0,0,0,0,0,0,0,0,0,0
2.87913,4,0,0,0,0,0,0,0,0,0,0
2.87913,5,0,0,0,0,0,0,0,0,0,0
2.93006,0,2.82256,3.42005,4.84975,-0.889033,-2.38827,-0.454612,5.11873,0,0,0
2.93006,1,2.15737,0.776452,3.57532,-0.385013,-0.575146,-0.0706109,2.29859,0,0,0
2.93006,2,0.719545,1.62559,6.07377,-1.024,-0.874175,-0.167902,3.78163,0,0,0
2.93006,3,0,0,0,0,0,0,0,0,0,0
2.93006,4,0,0,0,0,0,0,0,0,0,0
2.93006,5,0,0,0,0,0,0,0,0,0,0
2.98789,0,2.85256,3.47535,4.86613,-0.788832,-2.20534,-0.395119,5.1151,0,0,0
2.98789,1,2.13064,0.7416,3.56819,-0.391098,-0.581274,-0.0733041,2.23035,0,0,0
2.98789,2,0.655537,1.57854,6.06738,-1.03484,-0.861277,-0.166352,3.6485,0,0,0
2.98789,3,0,0,0,0,0,0,0,0,0,0
2.98789,4,0,0,0,0,0,0,0,0,0,0
2.98789,5,0,0,0,0,0,0,0,0,0,0
3.05096,0,2.78954,3.28625,4.88913,-0.732013,-2.15154,-0.368219,5.1151,0,0,0
3.05096,1,2.10585,0.709716,3.55673,-0.394467,-0.581956,-0.0775671,2.23035,0,0,0
3.05096,2,0.59451,1.53406,6.05516,-1.05421,-0.857844,-0.165328,3.6485,0,0,0
3.05096,3,0,0,0,0,0,0,0,0,0,0
3.05096,4,0,0,0,0,0,0,0,0,0,0
3.05096,5,0,0,0,0,0,0,0,0,0,0
3.10477,0,2.78954,3.28625,4.88913,-0.732013,-2.15154,-0.368219,5.1151,0,0,0
3.10477,1,2.08462,0.681999,3.55235,-0.38683,-0.567978,-0.0870095,2.15843,0,0,0
3.10477,2,0.535036,1.48795,6.04364,-1.05447,-0.853145,-0.180237,3.49795,0,0,0
3.10477,3,0,0,0,0,0,0,0,0,0,0
3.10477,4,0,0,0,0,0,0,0,0,0,0
3.10477,5,0,0,0,0,0,0,0,0,0,0
3.16457,0,2.76278,3.10098,4.89858,-0.577516,-2.10598,-0.324067,4.81489,0,0,0
3.16457,1,2.06163,0.64805,3.54877,-0.381817,-0.573469,-0.0909396,2.15843,0,0,0
3.16457,2,0.48033,1.44866,6.03507,-1.0489,-0.833374,-0.186505,3.49795,0,0,0
3.16457,3,0,0,0,0,0,0,0,0,0,0
3.16457,4,0,0,0,0,0,0,0,0,0,0
3.16457,5,0,0,0,0,0,0,0,0,0,0
3.21581,0,2.75625,3.08346,4.91338,-0.499573,-1.86803,-0.205361,4.72737,0,0,0
3.21581,1,2.03749,0.613809,3.54398,-0.381026,-0.578095,-0.0953887,2.07876,0,0,0
3.21581,2,0.44697,1.42027,6.02963,-0.971971,-0.78173,-0.19046,3.38795,0,0,0
3.21581,3,0,0,0,0,0,0,0,0,0,0
3.21581,4,0,0,0,0,0,0,0,0,0,0
3.21581,5,0,0,0,0,0,0,0,0,0,0
3.26662,0,2.74924,3.03953,4.93002,-0.429568,-1.75239,-0.0724896,4.72737,0,0,0
3.26662,1,2.01464,0.580194,3.54001,-0.377472,-0.580504,-0.0985818,2.07876,0,0,0
3.26662,2,0.406432,1.38942,6.02743,-0.904616,-0.724034,-0.19587,3.38795,0,0,0
3.26662,3,0,0,0,0,0,0,0,0,0,0
3.26662,4,0,0,0,0,0,0,0,0,0,0
3.26662,5,0,0,0,0,0,0,0,0,0,0
3.31746,0,2.73631,3.00922,4.94224,-0.386763,-1.60057,0.0470973,4.64732,0,0,0
3.31746,1,1.99326,0.547605,3.53513,-0.373265,-0.584648,-0.100829,2.00286,0,0,0
3.31746,2,0.361807,1.35642,6.02026,-0.887395,-0.701314,-0.189522,3.2839,0,0,0
3.31746,3,0,0,0,0,0,0,0,0,0,0
3.31746,4,0,0,0,0,0,0,0,0,0,0
3.31746,5,0,0,0,0,0,0,0,0,0,0
3.37039,0,2.72064,2.95649,4.9775,-0.350583,-1.50817,0.102677,4.64732,0,0,0
3.37039,1,1.97044,0.51106,3.53253,-0.370524,-0.596369,-0.0986109,2.00286,0,0,0
3.37039,2,0.308842,1.31456,6.01472,-0.891402,-0.704728,-0.190363,3.2839,0,0,0
3.37039,3,0,0,0,0,0,0,0,0,0,0
3.37039,4,0,0,0,0,0,0,0,0,0,0
3.37039,5,0,0,0,0,0,0,0,0,0,0
3.43196,0,2.72702,3.01359,4.97906,-0.330811,-1.30719,0.192642,4.58531,0,0,0
3.43196,1,1.95591,0.491948,3.52912,-0.348151,-0.553935,-0.0947452,1.9618,0,0,0
3.43196,2,0.262944,1.27934,6.00472,-0.871666,-0.686154,-0.190712,3.16005,0,0,0
3.43196,3,0,0,0,0,0,0,0,0,0,0
3.43196,4,0,0,0,0,0,0,0,0,0,0
3.43196,5,0,0,0,0,0,0,0,0,0,0
3.4848,0,2.69081,2.92168,4.99941,-0.306975,-1.19173,0.239833,4.58531,0,0,0
3.4848,1,1.9435,0.47268,3.52715,-0.312577,-0.504579,-0.089277,1.9618,0,0,0
3.4848,2,0.22183,1.2424,5.99001,-0.847359,-0.684313,-0.196664,3.16005,0,0,0
3.4848,3,0,0,0,0,0,0,0,0,0,0
3.4848,4,0,0,0,0,0,0,0,0,0,0
3.4848,5,0,0,0,0,0,0,0,0,0,0
3.54001,0,2.67394,2.90578,5.03763,-0.296577,-1.0506,0.304317,4.50344,0,0,0
3.54001,1,1.93116,0.449076,3.52513,-0.29018,-0.492185,-0.0764537,1.89252,0,0,0
3.54001,2,0.0848388,1.14431,5.98083,-0.957895,-0.740417,-0.202348,2.94126,0,0,0
3.54001,3,0,0,0,0,0,0,0,0,0,0
3.54001,4,0,0,0,0,0,0,0,0,0,0
3.54001,5,0,0,0,0,0,0,0,0,0,0
3.60224,0,2.64848,2.91531,5.05898,-0.324295,-0.833664,0.344205,4.50344,0,0,0
3.60224,1,1.91248,0.417307,3.5226,-0.290776,-0.508174,-0.0497795,1.89252,0,0,0
3.60224,2,0.073095,1.13078,5.97377,-0.999394,-0.788087,-0.202146,2.94126,0,0,0
3.60224,3,0,0,0,0,0,0,0,0,0,0
3.60224,4,0,0,0,0,0,0,0,0,0,0
3.60224,5,0,0,0,0,0,0,0,0,0,0
3.6602,0,2.63567,2.8796,5.07811,-0.298881,-0.795625,0.366901,4.45217,0,0,0
3.6602,1,1.88419,0.372437,3.52042,-0.322431,-0.565631,-0.0227492,1.85792,0,0,0
3.6602,2,0.0284225,1.09156,5.96871,-0.969989,-0.780731,-0.21317,2.86395,0,0,0
3.6602,3,0,0,0,0,0,0,0,0,0,0
3.6602,4,0,0,0,0,0,0,0,0,0,0
3.6602,5,0,0,0,0,0,0,0,0,0,0
3.71918,0,2.62877,2.90098,5.07719,-0.329558,-0.70035,0.396043,4.45217,0,0,0
3.71918,1,1.86243,0.339053,3.52021,-0.330405,-0.577157,-0.000867536,1.85792,0,0,0
3.71918,2,-0.109426,0.982327,5.95654,-0.908151,-0.729646,-0.205791,2.86395,0,0,0
3.71918,3,0,0,0,0,0,0,0,0,0,0
3.71918,4,0,0,0,0,0,0,0,0,0,0
3.71918,5,0,0,0,0,0,0,0,0,0,0
3.77459,0,2.60879,2.88587,5.0951,-0.331156,-0.60317,0.39701,4.44046,0,0,0
3.77459,1,1.82804,0.290559,3.52105,-0.316053,-0.53507,0.0111732,1.76948,0,0,0
3.77459,2,-0.109426,0.982327,5.95654,-0.908151,-0.729646,-0.205791,2.69414,0,0,0
3.77459,3,0,0,0,0,0,0,0,0,0,0
3.77459,4,0,0,0,0,0,0,0,0,0,0
3.77459,5,0,0,0,0,0,0,0,0,0,0
3.83214,0,2.58487,2.86996,5.12822,-0.345953,-0.510147,0.409505,4.44046,0,0,0
3.83214,1,1.82804,0.290559,3.52105,-0.316053,-0.53507,0.0111732,1.76948,0,0,0
3.83214,2,-0.0897982,0.996853,5.95429,-0.842305,-0.681059,-0.191732,2.69414,0,0,0
3.83214,3,0,0,0,0,0,0,0,0,0,0
3.83214,4,0,0,0,0,0,0,0,0,0,0
3.83214,5,0,0,0,0,0,0,0,0,0,0
3.88989,0,2.56281,2.85189,5.14999,-0.348184,-0.43974,0.407042,4.37555,0,0,0
3.88989,1,1.81666,0.274386,3.52209,-0.292926,-0.493143,0.0202511,1.69284,0,0,0
3.88989,2,-0.131828,0.962266,5.94916,-0.820296,-0.666592,-0.19281,2.66335,0,0,0
3.88989,3,0,0,0,0,0,0,0,0,0,0
3.88989,4,0,0,0,0,0,0,0,0,0,0
3.88989,5,0,0,0,0,0,0,0,0,0,0
3.94855,0,2.53269,2.82983,5.16912,-0.370501,-0.386178,0.405079,4.37555,0,0,0
3.94855,1,1.79319,0.242198,3.52362,-0.309023,-0.50608,0.0361829,1.65417,0,0,0
3.94855,2,-0.175808,0.927918,5.9425,-0.81034,-0.654542,-0.191671,2.66335,0,0,0
3.94855,3,0,0,0,0,0,0,0,0,0,0
3.94855,4,0,0,0,0,0,0,0,0,0,0
3.94855,5,0,0,0,0,0,0,0,0,0,0
4.0124,0,2.50419,2.80527,5.18298,-0.394993,-0.364978,0.416169,4.30077,0,0,0
4.0124,1,1.74301,0.176336,3.52781,-0.344364,-0.528374,0.0574799,1.65417,0,0,0
4.0124,2,-0.289756,0.834296,5.92979,-0.750759,-0.61454,-0.168825,2.50808,0,0,0
4.0124,3,0,0,0,0,0,0,0,0,0,0
4.0124,4,0,0,0,0,0,0,0,0,0,0
4.0124,5,0,0,0,0,0,0,0,0,0,0
4.06272,0,2.47697,2.78007,5.20362,-0.413043,-0.354537,0.418111,4.30077,0,0,0
4.06272,1,1.74301,0.176336,3.52781,-0.344364,-0.528374,0.0574799,1.57347,0,0,0
4.06272,2,-0.289756,0.834296,5.92979,-0.750759,-0.61454,-0.168825,2.50808,0,0,0
4.06272,3,0,0,0,0,0,0,0,0,0,0
4.06272,4,0,0,0,0,0,0,0,0,0,0
4.06272,5,0,0,0,0,0,0,0,0,0,0
4.11868,0,2.43021,2.73484,5.21217,-0.415475,-0.323175,0.42846,4.20022,0,0,0
4.11868,1,1.70238,0.128751,3.53208,-0.350085,-0.498017,0.0607722,1.57347,0,0,0
4.11868,2,-0.285483,0.837857,5.92458,-0.735956,-0.60226,-0.167253,2.46977,0,0,0
4.11868,3,0,0,0,0,0,0,0,0,0,0
4.11868,4,0,0,0,0,0,0,0,0,0,0
4.11868,5,0,0,0,0,0,0,0,0,0,0
4.16886,0,2.42775,2.72717,5.22851,-0.426211,-0.348329,0.446283,4.20022,0,0,0
4.16886,1,1.68274,0.1067,3.53469,-0.351385,-0.481291,0.0586217,1.57347,0,0,0
4.16886,2,-0.314477,0.813703,5.91932,-0.689403,-0.567593,-0.154182,2.46977,0,0,0
4.16886,3,0,0,0,0,0,0,0,0,0,0
4.16886,4,0,0,0,0,0,0,0,0,0,0
4.16886,5,0,0,0,0,0,0,0,0,0,0
4.22419,0,2.37476,2.67315,5.24819,-0.438791,-0.338544,0.455541,4.18808,0,0,0
4.22419,1,1.6553,0.0728224,3.5368,-0.37612,-0.505582,0.0532537,1.5119,0,0,0
4.22419,2,-0.375317,0.762518,5.9088,-0.613271,-0.512173,-0.115083,2.43267,0,0,0
4.22419,3,0,0,0,0,0,0,0,0,0,0
4.22419,4,0,0,0,0,0,0,0,0,0,0
4.22419,5,0,0,0,0,0,0,0,0,0,0
4.27957,0,2.34815,2.63542,5.27057,-0.442559,-0.366096,0.482163,4.18808,0,0,0
4.27957,1,1.6553,0.0728224,3.5368,-0.37612,-0.505582,0.0532537,1.5119,0,0,0
4.27957,2,-0.397275,0.743373,5.90266,-0.57121,-0.481838,-0.119233,2.43267,0,0,0
4.27957,3,0,0,0,0,0,0,0,0,0,0
4.27957,4,0,0,0,0,0,0,0,0,0,0
4.27957,5,0,0,0,0,0,0,0,0,0,0
4.34051,0,2.34237,2.61999,5.29489,-0.464009,-0.422175,0.505996,4.0635,0,0,0
4.34051,1,1.62037,0.0379886,3.53994,-0.34924,-0.432541,0.0352104,1.44023,0,0,0
4.34051,2,-0.401981,0.73947,5.89774,-0.587001,-0.494719,-0.132514,2.32542,0,0,0
4.34051,3,0,0,0,0,0,0,0,0,0,0
4.34051,4,0,0,0,0,0,0,0,0,0,0
4.34051,5,0,0,0,0,0,0,0,0,0,0
4.39093,0,2.29744,2.56101,5.32436,-0.537154,-0.534674,0.511482,4.0635,0,0,0
4.39093,1,1.58439,-0.00087117,3.54408,-0.396379,-0.471603,0.0279104,1.39161,0,0,0
4.39093,2,-0.4327,0.713102,5.89063,-0.571282,-0.485344,-0.125172,2.32542,0,0,0
4.39093,3,0,0,0,0,0,0,0,0,0,0
4.39093,4,0,0,0,0,0,0,0,0,0,0
4.39093,5,0,0,0,0,0,0,0,0,0,0
4.44132,0,2.25223,2.47517,5.34834,-0.509584,-0.606262,0.507284,3.86336,0,0,0
4.44132,1,1.58439,-0.00087117,3.54408,-0.396379,-0.471603,0.0279104,1.39161,0,0,0
4.44132,2,-0.457962,0.691226,5.88902,-0.545953,-0.467625,-0.113277,2.27782,0,0,0
4.44132,3,0,0,0,0,0,0,0,0,0,0
4.44132,4,0,0,0,0,0,0,0,0,0,0
4.44132,5,0,0,0,0,0,0,0,0,0,0
4.50459,0,2.20696,2.42143,5.37486,-0.571792,-0.673302,0.475292,3.86336,0,0,0
4.50459,1,1.54083,-0.0472941,3.54557,-0.396857,-0.451724,0.0124263,1.27764,0,0,0
4.50459,2,-0.479081,0.672697,5.88271,-0.503941,-0.435952,-0.114918,2.27782,0,0,0
4.50459,3,0,0,0,0,0,0,0,0,0,0
4.50459,4,0,0,0,0,0,0,0,0,0,0
4.50459,5,0,0,0,0,0,0,0,0,0,0
4.55475,0,2.18842,2.3497,5.39853,-0.542184,-0.805105,0.410305,3.79069,0,0,0
4.55475,1,1.51428,-0.0765727,3.54746,-0.410348,-0.462118,0.00443091,1.27764,0,0,0
4.55475,2,-0.504425,0.649872,5.87614,-0.482546,-0.423294,-0.120479,2.21767,0,0,0
4.55475,3,0,0,0,0,0,0,0,0,0,0
4.55475,4,0,0,0,0,0,0,0,0,0,0
4.55475,5,0,0,0,0,0,0,0,0,0,0
4.60895,0,2.16829,2.31824,5.41922,-0.524185,-0.779417,0.384489,3.79069,0,0,0
4.60895,1,1.48797,-0.105537,3.54911,-0.422447,-0.471369,-0.000929599,1.20125,0,0,0
4.60895,2,-0.532805,0.625174,5.86812,-0.471303,-0.415672,-0.123271,2.21767,0,0,0
4.60895,3,0,0,0,0,0,0,0,0,0,0
4.60895,4,0,0,0,0,0,0,0,0,0,0
4.60895,5,0,0,0,0,0,0,0,0,0,0
4.66174,0,2.14666,2.26711,5.44025,-0.498401,-0.817471,0.354123,3.67315,0,0,0
4.66174,1,1.48797,-0.105537,3.54911,-0.422447,-0.471369,-0.000929599,1.20125,0,0,0
4.66174,2,-0.56272,0.598855,5.86065,-0.466787,-0.414212,-0.124792,2.14575,0,0,0
4.66174,3,0,0,0,0,0,0,0,0,0,0
4.66174,4,0,0,0,0,0,0,0,0,0,0
4.66174,5,0,0,0,0,0,0,0,0,0,0
4.71878,0,2.12542,2.21503,5.47013,-0.474342,-0.84946,0.34632,3.67315,0,0,0
4.71878,1,1.44575,-0.151899,3.55361,-0.413541,-0.455177,-0.00845139,1.16795,0,0,0
4.71878,2,-0.588728,0.575809,5.85386,-0.454732,-0.40618,-0.126607,2.14575,0,0,0
4.71878,3,0,0,0,0,0,0,0,0,0,0
4.71878,4,0,0,0,0,0,0,0,0,0,0
4.71878,5,0,0,0,0,0,0,0,0,0,0
4.77202,0,2.08898,2.15854,5.48736,-0.505797,-0.889978,0.317207,3.55223,0,0,0
4.77202,1,1.44575,-0.151899,3.55361,-0.413541,-0.455177,-0.00845139,1.16795,0,0,0
4.77202,2,-0.624566,0.543523,5.84529,-0.477654,-0.43002,-0.12998,2.07137,0,0,0
4.77202,3,0,0,0,0,0,0,0,0,0,0
4.77202,4,0,0,0,0,0,0,0,0,0,0
4.77202,5,0,0,0,0,0,0,0,0,0,0
4.83016,0,2.09215,2.14368,5.48909,-0.492046,-0.948292,0.277768,3.55223,0,0,0
4.83016,1,1.41848,-0.183335,3.55512,-0.423262,-0.468867,-0.0105987,1.10015,0,0,0
4.83016,2,-0.651538,0.519525,5.83868,-0.469263,-0.42433,-0.131238,2.07137,0,0,0
4.83016,3,0,0,0,0,0,0,0,0,0,0
4.83016,4,0,0,0,0,0,0,0,0,0,0
4.83016,5,0,0,0,0,0,0,0,0,0,0
4.88556,0,2.06258,2.08195,5.50969,-0.501864,-0.99699,0.246031,3.47129,0,0,0
4.88556,1,1.39303,-0.211259,3.55641,-0.427949,-0.47088,-0.0126332,1.10015,0,0,0
4.88556,2,-0.682411,0.492285,5.83134,-0.478583,-0.432662,-0.135271,1.94696,0,0,0
4.88556,3,0,0,0,0,0,0,0,0,0,0
4.88556,4,0,0,0,0,0,0,0,0,0,0
4.88556,5,0,0,0,0,0,0,0,0,0,0
4.93826,0,2.01521,1.95369,5.52651,-0.485808,-1.09727,0.231371,3.47129,0,0,0
4.93826,1,1.37599,-0.230203,3.55745,-0.410141,-0.449387,-0.0148462,1.03951,0,0,0
4.93826,2,-0.708933,0.46825,5.82529,-0.473076,-0.430509,-0.135561,1.94696,0,0,0
4.93826,3,0,0,0,0,0,0,0,0,0,0
4.93826,4,0,0,0,0,0,0,0,0,0,0
4.93826,5,0,0,0,0,0,0,0,0,0,0
4.98881,0,1.99928,1.89219,5.54328,-0.456559,-1.12878,0.199904,3.26406,0,0,0
4.98881,1,1.38016,-0.227887,3.55729,-0.395095,-0.441223,-0.0206901,1.03951,0,0,0
4.98881,2,-0.756846,0.424752,5.81952,-0.450508,-0.41487,-0.137089,1.91166,0,0,0
4.98881,3,0,0,0,0,0,0,0,0,0,0
4.98881,4,0,0,0,0,0,0,0,0,0,0
4.98881,5,0,0,0,0,0,0,0,0,0,0
5.0423,0,2.00183,1.90259,5.55809,-0.449595,-1.09542,0.163606,3.26406,0,0,0
5.0423,1,1.36652,-0.243921,3.55808,-0.370943,-0.415426,-0.0240904,1.02399,0,0,0
5.0423,2,-0.786731,0.398194,5.81216,-0.459697,-0.422932,-0.138172,1.91166,0,0,0
5.0423,3,0,0,0,0,0,0,0,0,0,0
5.0423,4,0,0,0,0,0,0,0,0,0,0
5.0423,5,0,0,0,0,0,0,0,0,0,0
5.10001,0,1.96913,1.8366,5.57042,-0.412355,-0.98201,0.161392,3.20594,0,0,0
5.10001,1,1.3327,-0.283439,3.55765,-0.34326,-0.386255,-0.0163353,1.02399,0,0,0
5.10001,2,-0.788059,0.399053,5.80615,-0.463578,-0.41854,-0.141972,1.8104,0,0,0
5.10001,3,0,0,0,0,0,0,0,0,0,0
5.10001,4,0,0,0,0,0,0,0,0,0,0
5.10001,5,0,0,0,0,0,0,0,0,0,0
5.15157,0,1.95498,1.78678,5.58611,-0.387031,-0.987652,0.157288,3.20594,0,0,0
5.15157,1,1.32213,-0.298962,3.55844,-0.316123,-0.366284,-0.0187994,0.958137,0,0,0
5.15157,2,-0.814147,0.374372,5.80107,-0.461334,-0.422921,-0.138131,1.8104,0,0,0
5.15157,3,0,0,0,0,0,0,0,0,0,0
5.15157,4,0,0,0,0,0,0,0,0,0,0
5.15157,5,0,0,0,0,0,0,0,0,0,0
5.2068,0,1.94765,1.73178,5.60229,-0.342545,-1.00974,0.155917,3.07835,0,0,0
5.2068,1,1.31207,-0.312167,3.55854,-0.293531,-0.343915,-0.0207083,0.958137,0,0,0
5.2068,2,-0.868848,0.327832,5.79366,-0.463561,-0.418077,-0.125314,1.77297,0,0,0
5.2068,3,0,0,0,0,0,0,0,0,0,0
5.2068,4,0,0,0,0,0,0,0,0,0,0
5.2068,5,0,0,0,0,0,0,0,0,0,0
5.2646,0,1.9504,1.75146,5.61471,-0.333548,-0.939739,0.160447,3.07835,0,0,0
5.2646,1,1.30253,-0.324516,3.55843,-0.272424,-0.322163,-0.0179528,0.9286,0,0,0
5.2646,2,-0.89096,0.309526,5.7877,-0.449273,-0.401785,-0.128036,1.77297,0,0,0
5.2646,3,0,0,0,0,0,0,0,0,0,0
5.2646,4,0,0,0,0,0,0,0,0,0,0
5.2646,5,0,0,0,0,0,0,0,0,0,0
5.31983,0,1.93596,1.724,5.62975,-0.317572,-0.866194,0.160779,3.03859,0,0,0
5.31983,1,1.29686,-0.335336,3.55833,-0.240442,-0.297298,-0.0128822,0.9286,0,0,0
5.31983,2,-0.890147,0.309635,5.78297,-0.44491,-0.40022,-0.133249,1.67649,0,0,0
5.31983,3,0,0,0,0,0,0,0,0,0,0
5.31983,4,0,0,0,0,0,0,0,0,0,0
5.31983,5,0,0,0,0,0,0,0,0,0,0
5.37254,0,1.91245,1.63943,5.64251,-0.272486,-0.84589,0.174655,3.03859,0,0,0
5.37254,1,1.28877,-0.346709,3.55814,-0.218124,-0.274911,-0.00860856,0.9286,0,0,0
5.37254,2,-0.949059,0.259061,5.77582,-0.469745,-0.417701,-0.126957,1.67649,0,0,0
5.37254,3,0,0,0,0,0,0,0,0,0,0
5.37254,4,0,0,0,0,0,0,0,0,0,0
5.37254,5,0,0,0,0,0,0,0,0,0,0
5.43437,0,1.91009,1.6412,5.65353,-0.23537,-0.710024,0.187199,2.91829,0,0,0
5.43437,1,1.28132,-0.357272,3.55797,-0.199125,-0.255874,-0.0045594,0.90558,0,0,0
5.43437,2,-0.978868,0.235658,5.77156,-0.481269,-0.419208,-0.118303,1.60219,0,0,0
5.43437,3,0,0,0,0,0,0,0,0,0,0
5.43437,4,0,0,0,0,0,0,0,0,0,0
5.43437,5,0,0,0,0,0,0,0,0,0,0
5.49494,0,1.90458,1.62134,5.66704,-0.208044,-0.657492,0.184153,2.91829,0,0,0
5.49494,1,1.27297,-0.369143,3.55746,-0.185694,-0.243942,-0.00353238,0.881245,0,0,0
5.49494,2,-1.00472,0.213505,5.76577,-0.469798,-0.409058,-0.115691,1.60219,0,0,0
5.49494,3,0,0,0,0,0,0,0,0,0,0
5.49494,4,0,0,0,0,0,0,0,0,0,0
5.49494,5,0,0,0,0,0,0,0,0,0,0
5.54768,0,1.89741,1.60421,5.68059,-0.186392,-0.59442,0.195805,2.89313,0,0,0
5.54768,1,1.26397,-0.380901,3.55735,-0.176399,-0.233095,-0.00438418,0.881245,0,0,0
5.54768,2,-1.01749,0.204447,5.76061,-0.425699,-0.365341,-0.116113,1.53389,0,0,0
5.54768,3,0,0,0,0,0,0,0,0,0,0
5.54768,4,0,0,0,0,0,0,0,0,0,0
5.54768,5,0,0,0,0,0,0,0,0,0,0
5.60958,0,1.90006,1.61686,5.69358,-0.17309,-0.547074,0.205732,2.89313,0,0,0
5.60958,1,1.25528,-0.39222,3.55682,-0.16769,-0.222599,-0.00607659,0.855317,0,0,0
5.60958,2,-1.04618,0.182874,5.7552,-0.439327,-0.36587,-0.118418,1.53389,0,0,0
5.60958,3,0,0,0,0,0,0,0,0,0,0
5.60958,4,0,0,0,0,0,0,0,0,0,0
5.60958,5,0,0,0,0,0,0,0,0,0,0
5.66193,0,1.88708,1.59657,5.70809,-0.177964,-0.507319,0.211679,2.88088,0,0,0
5.66193,1,1.24614,-0.403871,3.55612,-0.1601,-0.212551,-0.00812463,0.855317,0,0,0
5.66193,2,-1.07395,0.158883,5.74998,-0.444754,-0.373422,-0.117719,1.48432,0,0,0
5.66193,3,0,0,0,0,0,0,0,0,0,0
5.66193,4,0,0,0,0,0,0,0,0,0,0
5.66193,5,0,0,0,0,0,0,0,0,0,0
5.71492,0,1.86133,1.54948,5.72005,-0.18347,-0.45885,0.230397,2.88088,0,0,0
5.71492,1,1.23619,-0.416242,3.55518,-0.153098,-0.20214,-0.0116957,0.828435,0,0,0
5.71492,2,-1.10096,0.136252,5.7432,-0.447067,-0.376303,-0.125487,1.48432,0,0,0
5.71492,3,0,0,0,0,0,0,0,0,0,0
5.71492,4,0,0,0,0,0,0,0,0,0,0
5.71492,5,0,0,0,0,0,0,0,0,0,0
5.77517,0,1.85188,1.52688,5.73098,-0.17389,-0.44185,0.239955,2.79921,0,0,0
5.77517,1,1.22671,-0.428083,3.55288,-0.150955,-0.198497,-0.0176793,0.828435,0,0,0
5.77517,2,-1.12488,0.117269,5.7375,-0.44352,-0.370901,-0.1405,1.4156,0,0,0
5.77517,3,0,0,0,0,0,0,0,0,0,0
5.77517,4,0,0,0,0,0,0,0,0,0,0
5.77517,5,0,0,0,0,0,0,0,0,0,0
5.83428,0,1.84954,1.53498,5.74164,-0.183681,-0.411593,0.245131,2.79921,0,0,0
5.83428,1,1.2159,-0.441693,3.55272,-0.153656,-0.201618,-0.0231067,0.800488,0,0,0
5.83428,2,-1.14411,0.101746,5.73056,-0.426278,-0.355781,-0.153458,1.4156,0,0,0
5.83428,3,0,0,0,0,0,0,0,0,0,0
5.83428,4,0,0,0,0,0,0,0,0,0,0
5.83428,5,0,0,0,0,0,0,0,0,0,0
5.88947,0,1.8358,1.51859,5.75571,-0.189111,-0.375757,0.254028,2.77644,0,0,0
5.88947,1,1.2059,-0.454185,3.5513,-0.152285,-0.199018,-0.0285014,0.800488,0,0,0
5.88947,2,-1.16348,0.0847938,5.72198,-0.41195,-0.347305,-0.165633,1.36196,0,0,0
5.88947,3,0,0,0,0,0,0,0,0,0,0
5.88947,4,0,0,0,0,0,0,0,0,0,0
5.88947,5,0,0,0,0,0,0,0,0,0,0
5.94971,0,1.82205,1.50219,5.76882,-0.191375,-0.339016,0.265295,2.77644,0,0,0
5.94971,1,1.19138,-0.469828,3.54943,-0.164992,-0.206273,-0.0352991,0.768725,0,0,0
5.94971,2,-1.1904,0.0616906,5.71253,-0.412915,-0.350843,-0.177524,1.36196,0,0,0
5.94971,3,0,0,0,0,0,0,0,0,0,0
5.94971,4,0,0,0,0,0,0,0,0,0,0
5.94971,5,0,0,0,0,0,0,0,0,0,0
6.00335,0,1.79829,1.47156,5.78081,-0.190774,-0.295076,0.271475,2.72972,0,0,0
6.00335,1,1.17981,-0.485434,3.54666,-0.167355,-0.213397,-0.0429751,0.768725,0,0,0
6.00335,2,-1.18862,0.0622365,5.70464,-0.407516,-0.350548,-0.186471,1.30048,0,0,0
6.00335,3,0,0,0,0,0,0,0,0,0,0
6.00335,4,0,0,0,0,0,0,0,0,0,0
6.00335,5,0,0,0,0,0,0,0,0,0,0
6.05509,0,1.78183,1.45768,5.79458,-0.204206,-0.26874,0.276464,2.72972,0,0,0
6.05509,1,1.17121,-0.494502,3.54402,-0.16038,-0.198788,-0.0509657,0.743421,0,0,0
6.05509,2,-1.23031,0.0247088,5.69287,-0.391549,-0.345093,-0.202758,1.30048,0,0,0
6.05509,3,0,0,0,0,0,0,0,0,0,0
6.05509,4,0,0,0,0,0,0,0,0,0,0
6.05509,5,0,0,0,0,0,0,0,0,0,0
6.10781,0,1.77992,1.45577,5.80664,-0.212455,-0.275175,0.279388,2.66768,0,0,0
6.10781,1,1.15527,-0.513965,3.54069,-0.178975,-0.222104,-0.0565248,0.743421,0,0,0
6.10781,2,-1.22909,0.0242131,5.68354,-0.388055,-0.347379,-0.206508,1.24402,0,0,0
6.10781,3,0,0,0,0,0,0,0,0,0,0
6.10781,4,0,0,0,0,0,0,0,0,0,0
6.10781,5,0,0,0,0,0,0,0,0,0,0
6.16327,0,1.76785,1.44221,5.82271,-0.211789,-0.254704,0.285696,2.66768,0,0,0
6.16327,1,1.13862,-0.534281,3.53727,-0.197529,-0.245242,-0.0617109,0.702818,0,0,0
6.16327,2,-1.24828,0.00532018,5.67019,-0.373825,-0.340451,-0.209156,1.24402,0,0,0
6.16327,3,0,0,0,0,0,0,0,0,0,0
6.16327,4,0,0,0,0,0,0,0,0,0,0
6.16327,5,0,0,0,0,0,0,0,0,0,0
6.22839,0,1.75137,1.42392,5.83641,-0.222948,-0.24921,0.299355,2.64208,0,0,0
6.22839,1,1.12343,-0.552156,3.53394,-0.209328,-0.257228,-0.065776,0.702818,0,0,0
6.22839,2,-1.26739,-0.0138562,5.65885,-0.367524,-0.34046,-0.194448,1.21036,0,0,0
6.22839,3,0,0,0,0,0,0,0,0,0,0
6.22839,4,0,0,0,0,0,0,0,0,0,0
6.22839,5,0,0,0,0,0,0,0,0,0,0
6.28858,0,1.73215,1.40042,5.85407,-0.241612,-0.262397,0.306612,2.64208,0,0,0
6.28858,1,1.10774,-0.570557,3.53041,-0.220718,-0.268786,-0.0684432,0.666679,0,0,0
6.28858,2,-1.2933,-0.0404064,5.65024,-0.38437,-0.364947,-0.178827,1.1449,0,0,0
6.28858,3,0,0,0,0,0,0,0,0,0,0
6.28858,4,0,0,0,0,0,0,0,0,0,0
6.28858,5,0,0,0,0,0,0,0,0,0,0
6.34893,0,1.69873,1.35913,5.87011,-0.262463,-0.278117,0.303796,2.58354,0,0,0
6.34893,1,1.09899,-0.580379,3.52776,-0.209373,-0.251592,-0.0672299,0.666679,0,0,0
6.34893,2,-1.31571,-0.0631234,5.64174,-0.380018,-0.367391,-0.160098,1.1449,0,0,0
6.34893,3,0,0,0,0,0,0,0,0,0,0
6.34893,4,0,0,0,0,0,0,0,0,0,0
6.34893,5,0,0,0,0,0,0,0,0,0,0
6.40211,0,1.68916,1.34303,5.88077,-0.24862,-0.27103,0.298982,2.50925,0,0,0
6.40211,1,1.0826,-0.600942,3.52499,-0.222769,-0.271633,-0.0656263,0.637972,0,0,0
6.40211,2,-1.33507,-0.0824398,5.63511,-0.369776,-0.361685,-0.142555,1.08622,0,0,0
6.40211,3,0,0,0,0,0,0,0,0,0,0
6.40211,4,0,0,0,0,0,0,0,0,0,0
6.40211,5,0,0,0,0,0,0,0,0,0,0
6.45497,0,1.67433,1.32079,5.89796,-0.243936,-0.27492,0.290958,2.50925,0,0,0
6.45497,1,1.06715,-0.618863,3.5219,-0.232743,-0.28094,-0.0622548,0.637972,0,0,0
6.45497,2,-1.37552,-0.1225,5.62945,-0.357197,-0.355428,-0.125488,1.08622,0,0,0
6.45497,3,0,0,0,0,0,0,0,0,0,0
6.45497,4,0,0,0,0,0,0,0,0,0,0
6.45497,5,0,0,0,0,0,0,0,0,0,0
6.51586,0,1.6639,1.31036,5.9132,-0.279132,-0.310373,0.289941,2.46341,0,0,0
6.51586,1,1.0569,-0.630538,3.51737,-0.225166,-0.268898,-0.0601379,0.611722,0,0,0
6.51586,2,-1.37954,-0.125007,5.6234,-0.371108,-0.364229,-0.111142,1.0278,0,0,0
6.51586,3,0,0,0,0,0,0,0,0,0,0
6.51586,4,0,0,0,0,0,0,0,0,0,0
6.51586,5,0,0,0,0,0,0,0,0,0,0
6.57387,0,1.63308,1.2587,5.92696,-0.280974,-0.349898,0.286852,2.46341,0,0,0
6.57387,1,1.04483,-0.645304,3.51756,-0.224005,-0.268717,-0.0555896,0.611722,0,0,0
6.57387,2,-1.39786,-0.141362,5.61984,-0.360068,-0.349755,-0.10436,1.0278,0,0,0
6.57387,3,0,0,0,0,0,0,0,0,0,0
6.57387,4,0,0,0,0,0,0,0,0,0,0
6.57387,5,0,0,0,0,0,0,0,0,0,0
6.62987,0,1.62753,1.24884,5.94413,-0.300878,-0.3867,0.279912,2.38777,0,0,0
6.62987,1,1.0316,-0.660987,3.51541,-0.226933,-0.271643,-0.0498329,0.583466,0,0,0
6.62987,2,-1.41513,-0.15753,5.61508,-0.351189,-0.34112,-0.0940477,0.983065,0,0,0
6.62987,3,0,0,0,0,0,0,0,0,0,0
6.62987,4,0,0,0,0,0,0,0,0,0,0
6.62987,5,0,0,0,0,0,0,0,0,0,0
6.68553,0,1.61243,1.21672,5.95707,-0.296933,-0.422641,0.269965,2.38777,0,0,0
6.68553,1,1.02128,-0.672805,3.51388,-0.220645,-0.261811,-0.045146,0.583466,0,0,0
6.68553,2,-1.43512,-0.173801,5.61188,-0.353292,-0.333496,-0.0916478,0.983065,0,0,0
6.68553,3,0,0,0,0,0,0,0,0,0,0
6.68553,4,0,0,0,0,0,0,0,0,0,0
6.68553,5,0,0,0,0,0,0,0,0,0,0
6.73892,0,1.6012,1.1975,5.96997,-0.283232,-0.410148,0.264676,2.32643,0,0,0
6.73892,1,1.01359,-0.681872,3.51226,-0.206716,-0.244484,-0.0399884,0.56558,0,0,0
6.73892,2,-1.45134,-0.187579,5.60836,-0.338445,-0.315531,-0.0905147,0.941102,0,0,0
6.73892,3,0,0,0,0,0,0,0,0,0,0
6.73892,4,0,0,0,0,0,0,0,0,0,0
6.73892,5,0,0,0,0,0,0,0,0,0,0
6.79198,0,1.56606,1.14936,5.98386,-0.290272,-0.403635,0.253569,2.32643,0,0,0
6.79198,1,1.00196,-0.695618,3.50954,-0.207193,-0.244848,-0.033833,0.56558,0,0,0
6.79198,2,-1.47298,-0.205255,5.60359,-0.340567,-0.309656,-0.0917829,0.941102,0,0,0
6.79198,3,0,0,0,0,0,0,0,0,0,0
6.79198,4,0,0,0,0,0,0,0,0,0,0
6.79198,5,0,0,0,0,0,0,0,0,0,0
6.84268,0,1.55093,1.10535,5.9982,-0.290461,-0.474772,0.236701,2.32643,0,0,0
6.84268,1,0.996212,-0.701892,3.50975,-0.188988,-0.220726,-0.0278047,0.54879,0,0,0
6.84268,2,-1.48912,-0.217931,5.60015,-0.331274,-0.294732,-0.0922519,0.898003,0,0,0
6.84268,3,0,0,0,0,0,0,0,0,0,0
6.84268,4,0,0,0,0,0,0,0,0,0,0
6.84268,5,0,0,0,0,0,0,0,0,0,0
6.8976,0,1.55093,1.10535,5.9982,-0.290461,-0.474772,0.236701,2.21835,0,0,0
6.8976,1,0.987283,-0.711999,3.50879,-0.183786,-0.21295,-0.0215946,0.54879,0,0,0
6.8976,2,-1.50603,-0.231336,5.59652,-0.322334,-0.281217,-0.0936818,0.898003,0,0,0
6.8976,3,0,0,0,0,0,0,0,0,0,0
6.8976,4,0,0,0,0,0,0,0,0,0,0
6.8976,5,0,0,0,0,0,0,0,0,0,0
6.95288,0,1.53003,1.04455,6.02209,-0.260786,-0.506188,0.204511,2.21835,0,0,0
6.95288,1,0.976515,-0.724356,3.50805,-0.181992,-0.209916,-0.0155693,0.530011,0,0,0
6.95288,2,-1.52023,-0.242763,5.59247,-0.309059,-0.266355,-0.0951205,0.862622,0,0,0
6.95288,3,0,0,0,0,0,0,0,0,0,0
6.95288,4,0,0,0,0,0,0,0,0,0,0
6.95288,5,0,0,0,0,0,0,0,0,0,0
7.00562,0,1.51746,1.01971,6.0314,-0.257043,-0.504567,0.198435,2.17468,0,0,0
7.00562,1,0.968337,-0.733028,3.50755,-0.175179,-0.198653,-0.0118495,0.530011,0,0,0
7.00562,2,-1.53479,-0.253948,5.58931,-0.296063,-0.250208,-0.0962608,0.862622,0,0,0
7.00562,3,0,0,0,0,0,0,0,0,0,0
7.00562,4,0,0,0,0,0,0,0,0,0,0
7.00562,5,0,0,0,0,0,0,0,0,0,0
7.0612,0,1.51746,1.01971,6.0314,-0.257043,-0.504567,0.198435,2.17468,0,0,0
7.0612,1,0.960902,-0.741021,3.50725,-0.166844,-0.186594,-0.0092627,0.515775,0,0,0
7.0612,2,-1.54705,-0.26362,5.58685,-0.274616,-0.229372,-0.0960347,0.833454,0,0,0
7.0612,3,0,0,0,0,0,0,0,0,0,0
7.0612,4,0,0,0,0,0,0,0,0,0,0
7.0612,5,0,0,0,0,0,0,0,0,0,0
7.11759,0,1.50058,0.983085,6.05673,-0.230424,-0.468283,0.182256,2.12238,0,0,0
7.11759,1,0.952632,-0.749506,3.50696,-0.16253,-0.178031,-0.00660576,0.515775,0,0,0
7.11759,2,-1.5631,-0.277807,5.58153,-0.274887,-0.231851,-0.0958522,0.833454,0,0,0
7.11759,3,0,0,0,0,0,0,0,0,0,0
7.11759,4,0,0,0,0,0,0,0,0,0,0
7.11759,5,0,0,0,0,0,0,0,0,0,0
7.17034,0,1.50058,0.983085,6.05673,-0.230424,-0.468283,0.182256,2.12238,0,0,0
7.17034,1,0.946054,-0.756179,3.50687,-0.151929,-0.163356,-0.00452131,0.502707,0,0,0
7.17034,2,-1.58272,-0.291766,5.57579,-0.286141,-0.231186,-0.0952165,0.792969,0,0,0
7.17034,3,0,0,0,0,0,0,0,0,0,0
7.17034,4,0,0,0,0,0,0,0,0,0,0
7.17034,5,0,0,0,0,0,0,0,0,0,0
7.2281,0,1.49533,0.944093,6.06606,-0.206804,-0.516684,0.1758,2.07856,0,0,0
7.2281,1,0.939469,-0.762765,3.50677,-0.144489,-0.152333,-0.00321305,0.502707,0,0,0
7.2281,2,-1.59944,-0.305983,5.56969,-0.287436,-0.233636,-0.0949784,0.792969,0,0,0
7.2281,3,0,0,0,0,0,0,0,0,0,0
7.2281,4,0,0,0,0,0,0,0,0,0,0
7.2281,5,0,0,0,0,0,0,0,0,0,0
7.28079,0,1.48415,0.917597,6.07717,-0.19923,-0.503715,0.166258,2.01003,0,0,0
7.28079,1,0.932672,-0.769453,3.50669,-0.137507,-0.141817,-0.00239419,0.491383,0,0,0
7.28079,2,-1.61345,-0.317707,5.56456,-0.279656,-0.22768,-0.0938136,0.756433,0,0,0
7.28079,3,0,0,0,0,0,0,0,0,0,0
7.28079,4,0,0,0,0,0,0,0,0,0,0
7.28079,5,0,0,0,0,0,0,0,0,0,0
7.33851,0,1.47533,0.892959,6.08565,-0.189897,-0.497403,0.160269,2.01003,0,0,0
7.33851,1,0.925602,-0.776319,3.50661,-0.134017,-0.135173,-0.00195769,0.491383,0,0,0
7.33851,2,-1.63924,-0.338954,5.5559,-0.258893,-0.210055,-0.0885809,0.756433,0,0,0
7.33851,3,0,0,0,0,0,0,0,0,0,0
7.33851,4,0,0,0,0,0,0,0,0,0,0
7.33851,5,0,0,0,0,0,0,0,0,0,0
7.38867,0,1.47389,0.88976,6.09129,-0.161783,-0.426042,0.160016,1.97876,0,0,0
7.38867,1,0.91822,-0.783361,3.50652,-0.132177,-0.130205,-0.00249959,0.479742,0,0,0
7.38867,2,-1.63877,-0.339422,5.55591,-0.257208,-0.211787,-0.0871568,0.726865,0,0,0
7.38867,3,0,0,0,0,0,0,0,0,0,0
7.38867,4,0,0,0,0,0,0,0,0,0,0
7.38867,5,0,0,0,0,0,0,0,0,0,0
7.44407,0,1.46478,0.865792,6.10638,-0.155456,-0.419527,0.150833,1.97876,0,0,0
7.44407,1,0.912255,-0.789056,3.50638,-0.123445,-0.119038,-0.00371507,0.479742,0,0,0
7.44407,2,-1.66663,-0.3627,5.54721,-0.247125,-0.203267,-0.0814655,0.726865,0,0,0
7.44407,3,0,0,0,0,0,0,0,0,0,0
7.44407,4,0,0,0,0,0,0,0,0,0,0
7.44407,5,0,0,0,0,0,0,0,0,0,0
7.50196,0,1.46306,0.857314,6.11437,-0.131239,-0.368467,0.150229,1.94195,0,0,0
7.50196,1,0.904917,-0.796023,3.50614,-0.123244,-0.116574,-0.00642508,0.475165,0,0,0
7.50196,2,-1.67894,-0.373227,5.54324,-0.238581,-0.196882,-0.0776172,0.695799,0,0,0
7.50196,3,0,0,0,0,0,0,0,0,0,0
7.50196,4,0,0,0,0,0,0,0,0,0,0
7.50196,5,0,0,0,0,0,0,0,0,0,0
7.56558,0,1.46062,0.847367,6.11931,-0.111952,-0.331033,0.147606,1.94195,0,0,0
7.56558,1,0.897177,-0.803297,3.5057,-0.124886,-0.116008,-0.010559,0.475165,0,0,0
7.56558,2,-1.67632,-0.371722,5.54379,-0.229132,-0.191581,-0.0780687,0.695799,0,0,0
7.56558,3,0,0,0,0,0,0,0,0,0,0
7.56558,4,0,0,0,0,0,0,0,0,0,0
7.56558,5,0,0,0,0,0,0,0,0,0,0
7.62084,0,1.45106,0.810862,6.1315,-0.109902,-0.382908,0.136586,1.89309,0,0,0
7.62084,1,0.884769,-0.81467,3.50511,-0.117771,-0.105238,-0.0145171,0.464331,0,0,0
7.62084,2,-1.68792,-0.381832,5.54031,-0.222482,-0.187039,-0.0751289,0.671335,0,0,0
7.62084,3,0,0,0,0,0,0,0,0,0,0
7.62084,4,0,0,0,0,0,0,0,0,0,0
7.62084,5,0,0,0,0,0,0,0,0,0,0
7.67919,0,1.43788,0.778718,6.14091,-0.125633,-0.419559,0.137711,1.89309,0,0,0
7.67919,1,0.879193,-0.820201,3.50337,-0.11171,-0.0994593,-0.0178941,0.464331,0,0,0
7.67919,2,-1.70637,-0.397854,5.53378,-0.196837,-0.166649,-0.0691676,0.671335,0,0,0
7.67919,3,0,0,0,0,0,0,0,0,0,0
7.67919,4,0,0,0,0,0,0,0,0,0,0
7.67919,5,0,0,0,0,0,0,0,0,0,0
7.73472,0,1.42597,0.751538,6.14294,-0.136772,-0.432871,0.134255,1.82785,0,0,0
7.73472,1,0.871239,-0.827466,3.50233,-0.1141,-0.0999622,-0.0206835,0.453571,0,0,0
7.73472,2,-1.70949,-0.401034,5.53165,-0.168629,-0.144603,-0.0702353,0.650542,0,0,0
7.73472,3,0,0,0,0,0,0,0,0,0,0
7.73472,4,0,0,0,0,0,0,0,0,0,0
7.73472,5,0,0,0,0,0,0,0,0,0,0
7.78545,0,1.41669,0.733935,6.15757,-0.140379,-0.417602,0.12541,1.82785,0,0,0
7.78545,1,0.871205,-0.827841,3.50243,-0.114188,-0.101312,-0.022136,0.453571,0,0,0
7.78545,2,-1.72392,-0.41375,5.52785,-0.177247,-0.15263,-0.0691246,0.650542,0,0,0
7.78545,3,0,0,0,0,0,0,0,0,0,0
7.78545,4,0,0,0,0,0,0,0,0,0,0
7.78545,5,0,0,0,0,0,0,0,0,0,0
7.84366,0,1.40989,0.720841,6.16374,-0.13593,-0.389673,0.127929,1.79092,0,0,0
7.84366,1,0.860121,-0.8381,3.50018,-0.106579,-0.0922586,-0.0241927,0.449057,0,0,0
7.84366,2,-1.73328,-0.4224,5.52377,-0.171136,-0.149405,-0.0664161,0.630769,0,0,0
7.84366,3,0,0,0,0,0,0,0,0,0,0
7.84366,4,0,0,0,0,0,0,0,0,0,0
7.84366,5,0,0,0,0,0,0,0,0,0,0
7.90612,0,1.40527,0.715346,6.16995,-0.126279,-0.341504,0.129695,1.79092,0,0,0
7.90612,1,0.853536,-0.844406,3.49886,-0.106919,-0.0924505,-0.0260149,0.449057,0,0,0
7.90612,2,-1.74286,-0.430962,5.52036,-0.166947,-0.146491,-0.0665503,0.630769,0,0,0
7.90612,3,0,0,0,0,0,0,0,0,0,0
7.90612,4,0,0,0,0,0,0,0,0,0,0
7.90612,5,0,0,0,0,0,0,0,0,0,0
7.96143,0,1.39731,0.702016,6.17029,-0.127104,-0.32324,0.136468,1.76787,0,0,0
7.96143,1,0.848173,-0.849529,3.49756,-0.103487,-0.089086,-0.0267481,0.44119,0,0,0
7.96143,2,-1.75251,-0.439637,5.51674,-0.163979,-0.144713,-0.0656247,0.609048,0,0,0
7.96143,3,0,0,0,0,0,0,0,0,0,0
7.96143,4,0,0,0,0,0,0,0,0,0,0
7.96143,5,0,0,0,0,0,0,0,0,0,0
8.01471,0,1.38708,0.688253,6.17909,-0.135539,-0.307288,0.140987,1.76787,0,0,0
8.01471,1,0.843292,-0.854368,3.49638,-0.099093,-0.0854382,-0.0268976,0.44119,0,0,0
8.01471,2,-1.75933,-0.445972,5.51423,-0.152584,-0.135847,-0.0646929,0.609048,0,0,0
8.01471,3,0,0,0,0,0,0,0,0,0,0
8.01471,4,0,0,0,0,0,0,0,0,0,0
8.01471,5,0,0,0,0,0,0,0,0,0,0
8.07248,0,1.37826,0.671024,6.19228,-0.137931,-0.306231,0.144257,1.72944,0,0,0
8.07248,1,0.836768,-0.86061,3.49503,-0.10045,-0.0867167,-0.0258741,0.43753,0,0,0
8.07248,2,-1.76828,-0.454131,5.51047,-0.149679,-0.134093,-0.0632075,0.590715,0,0,0
8.07248,3,0,0,0,0,0,0,0,0,0,0
8.07248,4,0,0,0,0,0,0,0,0,0,0
8.07248,5,0,0,0,0,0,0,0,0,0,0
8.13729,0,1.37003,0.663727,6.19396,-0.13932,-0.272258,0.152693,1.72944,0,0,0
8.13729,1,0.830513,-0.867053,3.49383,-0.100808,-0.0888079,-0.0249932,0.43753,0,0,0
8.13729,2,-1.77655,-0.461478,5.50694,-0.143665,-0.128816,-0.061099,0.590715,0,0,0
8.13729,3,0,0,0,0,0,0,0,0,0,0
8.13729,4,0,0,0,0,0,0,0,0,0,0
8.13729,5,0,0,0,0,0,0,0,0,0,0
8.19612,0,1.36179,0.651659,6.2093,-0.139973,-0.258058,0.154696,1.70323,0,0,0
8.19612,1,0.830513,-0.867053,3.49383,-0.100808,-0.0888079,-0.0249932,0.433117,0,0,0
8.19612,2,-1.78513,-0.469294,5.50391,-0.140923,-0.127053,-0.0602971,0.571463,0,0,0
8.19612,3,0,0,0,0,0,0,0,0,0,0
8.19612,4,0,0,0,0,0,0,0,0,0,0
8.19612,5,0,0,0,0,0,0,0,0,0,0
8.25174,0,1.35415,0.637955,6.21685,-0.137447,-0.249522,0.160279,1.70323,0,0,0
8.25174,1,0.817289,-0.879344,3.49112,-0.102277,-0.0890587,-0.0245539,0.433117,0,0,0
8.25174,2,-1.79392,-0.477405,5.50057,-0.138257,-0.125654,-0.0582358,0.571463,0,0,0
8.25174,3,0,0,0,0,0,0,0,0,0,0
8.25174,4,0,0,0,0,0,0,0,0,0,0
8.25174,5,0,0,0,0,0,0,0,0,0,0
8.30719,0,1.34708,0.630954,6.22404,-0.134818,-0.221277,0.164555,1.67693,0,0,0
8.30719,1,0.812541,-0.884037,3.49039,-0.0979208,-0.0856928,-0.0238088,0.429372,0,0,0
8.30719,2,-1.80114,-0.483867,5.49918,-0.128702,-0.117232,-0.0574844,0.552912,0,0,0
8.30719,3,0,0,0,0,0,0,0,0,0,0
8.30719,4,0,0,0,0,0,0,0,0,0,0
8.30719,5,0,0,0,0,0,0,0,0,0,0
8.35942,0,1.33494,0.612452,6.23428,-0.147951,-0.236306,0.164216,1.67693,0,0,0
8.35942,1,0.805871,-0.89004,3.48889,-0.0995207,-0.0861021,-0.0237396,0.429372,0,0,0
8.35942,2,-1.80923,-0.491549,5.49515,-0.127169,-0.117267,-0.056715,0.552912,0,0,0
8.35942,3,0,0,0,0,0,0,0,0,0,0
8.35942,4,0,0,0,0,0,0,0,0,0,0
8.35942,5,0,0,0,0,0,0,0,0,0,0
8.41359,0,1.32277,0.595891,6.24314,-0.160446,-0.243144,0.167004,1.63334,0,0,0
8.41359,1,0.8003,-0.895042,3.4879,-0.0976978,-0.0836076,-0.0227663,0.426644,0,0,0
8.41359,2,-1.81803,-0.499139,5.49473,-0.128392,-0.117259,-0.0580578,0.536998,0,0,0
8.41359,3,0,0,0,0,0,0,0,0,0,0
8.41359,4,0,0,0,0,0,0,0,0,0,0
8.41359,5,0,0,0,0,0,0,0,0,0,0
8.47255,0,1.31434,0.584787,6.24277,-0.158515,-0.229418,0.168306,1.63334,0,0,0
8.47255,1,0.794644,-0.90019,3.48675,-0.0938453,-0.0795993,-0.0215824,0.426644,0,0,0
8.47255,2,-1.82626,-0.506855,5.49171,-0.126552,-0.116684,-0.0576536,0.536998,0,0,0
8.47255,3,0,0,0,0,0,0,0,0,0,0
8.47255,4,0,0,0,0,0,0,0,0,0,0
8.47255,5,0,0,0,0,0,0,0,0,0,0
8.52687,0,1.30509,0.569598,6.25015,-0.16033,-0.234061,0.168454,1.60155,0,0,0
8.52687,1,0.789109,-0.905187,3.48582,-0.091121,-0.0766291,-0.0201784,0.424442,0,0,0
8.52687,2,-1.83395,-0.513781,5.48862,-0.124799,-0.115072,-0.0580342,0.521904,0,0,0
8.52687,3,0,0,0,0,0,0,0,0,0,0
8.52687,4,0,0,0,0,0,0,0,0,0,0
8.52687,5,0,0,0,0,0,0,0,0,0,0
8.58495,0,1.28919,0.549768,6.26014,-0.181379,-0.249577,0.17215,1.60155,0,0,0
8.58495,1,0.782745,-0.91067,3.48492,-0.0938595,-0.0778777,-0.0186318,0.424442,0,0,0
8.58495,2,-1.83973,-0.518962,5.48312,-0.117617,-0.108485,-0.0568456,0.521904,0,0,0
8.58495,3,0,0,0,0,0,0,0,0,0,0
8.58495,4,0,0,0,0,0,0,0,0,0,0
8.58495,5,0,0,0,0,0,0,0,0,0,0
8.644,0,1.28489,0.541579,6.26913,-0.165288,-0.22994,0.171273,1.56632,0,0,0
8.644,1,0.776007,-0.916543,3.4838,-0.0967844,-0.0797045,-0.0182294,0.422278,0,0,0
8.644,2,-1.84621,-0.525154,5.48022,-0.113608,-0.105968,-0.0560918,0.506218,0,0,0
8.644,3,0,0,0,0,0,0,0,0,0,0
8.644,4,0,0,0,0,0,0,0,0,0,0
8.644,5,0,0,0,0,0,0,0,0,0,0
8.69955,0,1.27275,0.517744,6.27895,-0.174044,-0.265365,0.168815,1.56632,0,0,0
8.69955,1,0.770455,-0.921226,3.4831,-0.0966583,-0.0785605,-0.0174533,0.422278,0,0,0
8.69955,2,-1.85436,-0.532608,5.48012,-0.115553,-0.107842,-0.0553036,0.506218,0,0,0
8.69955,3,0,0,0,0,0,0,0,0,0,0
8.69955,4,0,0,0,0,0,0,0,0,0,0
8.69955,5,0,0,0,0,0,0,0,0,0,0
8.75825,0,1.25829,0.498612,6.29524,-0.190876,-0.279121,0.163873,1.51467,0,0,0
8.75825,1,0.767012,-0.92421,3.48244,-0.089768,-0.0723042,-0.0160416,0.42057,0,0,0
8.75825,2,-1.86188,-0.539363,5.47439,-0.115448,-0.107361,-0.0530536,0.493729,0,0,0
8.75825,3,0,0,0,0,0,0,0,0,0,0
8.75825,4,0,0,0,0,0,0,0,0,0,0
8.75825,5,0,0,0,0,0,0,0,0,0,0
8.81097,0,1.25202,0.483549,6.2935,-0.180267,-0.278592,0.159181,1.51467,0,0,0
8.81097,1,0.761927,-0.928401,3.48162,-0.0890215,-0.0705774,-0.0148808,0.42057,0,0,0
8.81097,2,-1.86723,-0.544414,5.47459,-0.107346,-0.100628,-0.054162,0.493729,0,0,0
8.81097,3,0,0,0,0,0,0,0,0,0,0
8.81097,4,0,0,0,0,0,0,0,0,0,0
8.81097,5,0,0,0,0,0,0,0,0,0,0
8.86629,0,1.24378,0.467211,6.30147,-0.176172,-0.283399,0.149867,1.47981,0,0,0
8.86629,1,0.761927,-0.928401,3.48162,-0.0890215,-0.0705774,-0.0148808,0.419934,0,0,0
8.86629,2,-1.87434,-0.550947,5.46961,-0.106313,-0.0996409,-0.0518769,0.48121,0,0,0
8.86629,3,0,0,0,0,0,0,0,0,0,0
8.86629,4,0,0,0,0,0,0,0,0,0,0
8.86629,5,0,0,0,0,0,0,0,0,0,0
8.9242,0,1.23343,0.446729,6.31806,-0.17864,-0.301152,0.142763,1.47981,0,0,0
8.9242,1,0.754759,-0.934225,3.48039,-0.0794769,-0.0609962,-0.0129714,0.419934,0,0,0
8.9242,2,-1.88092,-0.557055,5.4667,-0.105003,-0.098644,-0.0520888,0.48121,0,0,0
8.9242,3,0,0,0,0,0,0,0,0,0,0
8.9242,4,0,0,0,0,0,0,0,0,0,0
8.9242,5,0,0,0,0,0,0,0,0,0,0
8.9821,0,1.22548,0.430027,6.31953,-0.172064,-0.301025,0.142324,1.43762,0,0,0
8.9821,1,0.752054,-0.936504,3.48036,-0.0730043,-0.0552854,-0.0125054,0.4196,0,0,0
8.9821,2,-1.88949,-0.56498,5.46632,-0.110399,-0.1036,-0.0522975,0.466777,0,0,0
8.9821,3,0,0,0,0,0,0,0,0,0,0
8.9821,4,0,0,0,0,0,0,0,0,0,0
8.9821,5,0,0,0,0,0,0,0,0,0,0
9.04075,0,1.21793,0.413491,6.32688,-0.166478,-0.303298,0.137099,1.43762,0,0,0
9.04075,1,0.746827,-0.940706,3.47968,-0.0737591,-0.0550016,-0.012074,0.4196,0,0,0
9.04075,2,-1.89719,-0.572215,5.46068,-0.111284,-0.104891,-0.0508269,0.466777,0,0,0
9.04075,3,0,0,0,0,0,0,0,0,0,0
9.04075,4,0,0,0,0,0,0,0,0,0,0
9.04075,5,0,0,0,0,0,0,0,0,0,0
9.10253,0,1.2097,0.396073,6.34168,-0.163554,-0.307976,0.131872,1.39951,0,0,0
9.10253,1,0.742189,-0.944337,3.47856,-0.073527,-0.053867,-0.0114593,0.418855,0,0,0
9.10253,2,-1.9032,-0.577854,5.45795,-0.106772,-0.101047,-0.0508728,0.452607,0,0,0
9.10253,3,0,0,0,0,0,0,0,0,0,0
9.10253,4,0,0,0,0,0,0,0,0,0,0
9.10253,5,0,0,0,0,0,0,0,0,0,0
9.16089,0,1.20375,0.377963,6.3419,-0.152844,-0.309552,0.130054,1.39951,0,0,0
9.16089,1,0.737622,-0.948181,3.47796,-0.0731427,-0.053648,-0.0111313,0.418855,0,0,0
9.16089,2,-1.90968,-0.584079,5.4559,-0.10579,-0.100916,-0.0497375,0.44196,0,0,0
9.16089,3,0,0,0,0,0,0,0,0,0,0
9.16089,4,0,0,0,0,0,0,0,0,0,0
9.16089,5,0,0,0,0,0,0,0,0,0,0
9.21387,0,1.1963,0.360009,6.34876,-0.14879,-0.315724,0.123302,1.361,0,0,0
9.21387,1,0.733892,-0.950891,3.47753,-0.0710668,-0.0506642,-0.0105864,0.41914,0,0,0
9.21387,2,-1.91574,-0.589486,5.45368,-0.10381,-0.0982676,-0.0483809,0.44196,0,0,0
9.21387,3,0,0,0,0,0,0,0,0,0,0
9.21387,4,0,0,0,0,0,0,0,0,0,0
9.21387,5,0,0,0,0,0,0,0,0,0,0
9.26947,0,1.18896,0.343125,6.35494,-0.144008,-0.314237,0.120274,1.361,0,0,0
9.26947,1,0.730595,-0.953638,3.47693,-0.0679428,-0.048311,-0.0100526,0.41914,0,0,0
9.26947,2,-1.92315,-0.596367,5.451,-0.104306,-0.0986672,-0.0473165,0.431545,0,0,0
9.26947,3,0,0,0,0,0,0,0,0,0,0
9.26947,4,0,0,0,0,0,0,0,0,0,0
9.26947,5,0,0,0,0,0,0,0,0,0,0
9.32361,0,1.18373,0.332178,6.36794,-0.135527,-0.295609,0.115739,1.34249,0,0,0
9.32361,1,0.727893,-0.955804,3.47655,-0.0631778,-0.0444705,-0.00982798,0.419273,0,0,0
9.32361,2,-1.92955,-0.602321,5.44862,-0.103761,-0.0981963,-0.0464609,0.431545,0,0,0
9.32361,3,0,0,0,0,0,0,0,0,0,0
9.32361,4,0,0,0,0,0,0,0,0,0,0
9.32361,5,0,0,0,0,0,0,0,0,0,0
9.38041,0,1.17949,0.318512,6.37367,-0.124142,-0.289457,0.114518,1.34249,0,0,0
9.38041,1,0.724306,-0.958459,3.47602,-0.0613736,-0.0421781,-0.00972789,0.419273,0,0,0
9.38041,2,-1.93588,-0.608228,5.44699,-0.102194,-0.0967845,-0.0455772,0.431545,0,0,0
9.38041,3,0,0,0,0,0,0,0,0,0,0
9.38041,4,0,0,0,0,0,0,0,0,0,0
9.38041,5,0,0,0,0,0,0,0,0,0,0
9.43719,0,1.17297,0.299064,6.37945,-0.120883,-0.303623,0.11107,1.31603,0,0,0
9.43719,1,0.721089,-0.960869,3.47553,-0.0590151,-0.0402675,-0.00994832,0.419534,0,0,0
9.43719,2,-1.94147,-0.613472,5.44462,-0.0979212,-0.093042,-0.04482,0.422552,0,0,0
9.43719,3,0,0,0,0,0,0,0,0,0,0
9.43719,4,0,0,0,0,0,0,0,0,0,0
9.43719,5,0,0,0,0,0,0,0,0,0,0
9.49264,0,1.16788,0.286765,6.38458,-0.11288,-0.286062,0.108407,1.31603,0,0,0
9.49264,1,0.717768,-0.963237,3.47496,-0.0577995,-0.0383645,-0.00979436,0.419534,0,0,0
9.49264,2,-1.94719,-0.618632,5.44272,-0.0969127,-0.0913311,-0.0445896,0.414584,0,0,0
9.49264,3,0,0,0,0,0,0,0,0,0,0
9.49264,4,0,0,0,0,0,0,0,0,0,0
9.49264,5,0,0,0,0,0,0,0,0,0,0
9.55462,0,1.16148,0.268131,6.39077,-0.110019,-0.295496,0.105658,1.28238,0,0,0
9.55462,1,0.714764,-0.965594,3.47443,-0.055804,-0.0368157,-0.0102692,0.420025,0,0,0
9.55462,2,-1.95347,-0.624599,5.44018,-0.0955318,-0.0905773,-0.0437526,0.414584,0,0,0
9.55462,3,0,0,0,0,0,0,0,0,0,0
9.55462,4,0,0,0,0,0,0,0,0,0,0
9.55462,5,0,0,0,0,0,0,0,0,0,0
9.60816,0,1.15609,0.256028,6.39549,-0.106951,-0.283677,0.104662,1.28238,0,0,0
9.60816,1,0.711621,-0.967495,3.47385,-0.0530115,-0.0328986,-0.0108252,0.420025,0,0,0
9.60816,2,-1.96056,-0.631159,5.43777,-0.0980629,-0.0926826,-0.0424814,0.405712,0,0,0
9.60816,3,0,0,0,0,0,0,0,0,0,0
9.60816,4,0,0,0,0,0,0,0,0,0,0
9.60816,5,0,0,0,0,0,0,0,0,0,0
9.66593,0,1.15034,0.240656,6.40144,-0.104804,-0.28496,0.102918,1.24968,0,0,0
9.66593,1,0.710709,-0.968452,3.47345,-0.0452491,-0.0279936,-0.0116316,0.420691,0,0,0
9.66593,2,-1.96646,-0.636703,5.43561,-0.0975858,-0.0923964,-0.0417843,0.405712,0,0,0
9.66593,3,0,0,0,0,0,0,0,0,0,0
9.66593,4,0,0,0,0,0,0,0,0,0,0
9.66593,5,0,0,0,0,0,0,0,0,0,0
9.72376,0,1.14478,0.227527,6.40628,-0.102912,-0.278205,0.102466,1.24968,0,0,0
9.72376,1,0.70726,-0.970757,3.47264,-0.046604,-0.0278427,-0.0123138,0.4217,0,0,0
9.72376,2,-1.97115,-0.641127,5.43409,-0.0934261,-0.0887057,-0.0409229,0.40203,0,0,0
9.72376,3,0,0,0,0,0,0,0,0,0,0
9.72376,4,0,0,0,0,0,0,0,0,0,0
9.72376,5,0,0,0,0,0,0,0,0,0,0
9.77741,0,1.13921,0.214792,6.41213,-0.100461,-0.268504,0.102941,1.21931,0,0,0
9.77741,1,0.703368,-0.973244,3.47195,-0.0492955,-0.0282976,-0.0125205,0.4217,0,0,0
9.77741,2,-1.97627,-0.645861,5.43194,-0.0914302,-0.0866792,-0.0399402,0.40203,0,0,0
9.77741,3,0,0,0,0,0,0,0,0,0,0
9.77741,4,0,0,0,0,0,0,0,0,0,0
9.77741,5,0,0,0,0,0,0,0,0,0,0
9.84525,0,1.13386,0.202679,6.41753,-0.0986974,-0.26062,0.103929,1.21931,0,0,0
9.84525,1,0.699819,-0.975739,3.47142,-0.0505354,-0.0289738,-0.0125389,0.422635,0,0,0
9.84525,2,-1.98155,-0.650858,5.42973,-0.0902344,-0.0857691,-0.0394168,0.3962,0,0,0
9.84525,3,0,0,0,0,0,0,0,0,0,0
9.84525,4,0,0,0,0,0,0,0,0,0,0
9.84525,5,0,0,0,0,0,0,0,0,0,0
9.90968,0,1.129,0.191427,6.42366,-0.0955876,-0.250816,0.103192,1.19253,0,0,0
9.90968,1,0.695825,-0.978531,3.47073,-0.0520058,-0.0297912,-0.0126755,0.422635,0,0,0
9.90968,2,-1.98664,-0.655679,5.42768,-0.0868748,-0.0828547,-0.0388968,0.3962,0,0,0
9.90968,3,0,0,0,0,0,0,0,0,0,0
9.90968,4,0,0,0,0,0,0,0,0,0,0
9.90968,5,0,0,0,0,0,0,0,0,0,0
9.96758,0,1.12403,0.183998,6.42819,-0.0943631,-0.229317,0.105939,1.17189,0,0,0
9.96758,1,0.691839,-0.980803,3.47,-0.0538738,-0.0292674,-0.01269,0.423891,0,0,0
9.96758,2,-1.99112,-0.659913,5.42584,-0.0821601,-0.078585,-0.038369,0.3901,0,0,0
9.96758,3,0,0,0,0,0,0,0,0,0,0
9.96758,4,0,0,0,0,0,0,0,0,0,0
9.96758,5,0,0,0,0,0,0,0,0,0,0
10.0211,0,1.11926,0.172146,6.43142,-0.0909679,-0.224487,0.106531,1.17189,0,0,0
10.0211,1,0.688349,-0.982984,3.46926,-0.0540398,-0.0287387,-0.0126084,0.423891,0,0,0
10.0211,2,-1.99627,-0.664897,5.42366,-0.0806189,-0.0776258,-0.0374471,0.3901,0,0,0
10.0211,3,0,0,0,0,0,0,0,0,0,0
10.0211,4,0,0,0,0,0,0,0,0,0,0
10.0211,5,0,0,0,0,0,0,0,0,0,0
10.0713,0,1.11338,0.161769,6.43849,-0.0914441,-0.213061,0.107033,1.17189,0,0,0
10.0713,1,0.686662,-0.984101,3.46882,-0.0488958,-0.0255109,-0.0124064,0.424619,0,0,0
10.0713,2,-1.99906,-0.667489,5.42199,-0.0726473,-0.0700333,-0.037866,0.384772,0,0,0
10.0713,3,0,0,0,0,0,0,0,0,0,0
10.0713,4,0,0,0,0,0,0,0,0,0,0
10.0713,5,0,0,0,0,0,0,0,0,0,0
10.1293,0,1.10303,0.140177,6.44405,-0.0906285,-0.206284,0.108342,1.1478,0,0,0
10.1293,1,0.684056,-0.985519,3.46824,-0.0474799,-0.0235092,-0.0121258,0.424619,0,0,0
10.1293,2,-2.00173,-0.670053,5.42132,-0.0660925,-0.0640295,-0.0374947,0.384772,0,0,0
10.1293,3,0,0,0,0,0,0,0,0,0,0
10.1293,4,0,0,0,0,0,0,0,0,0,0
10.1293,5,0,0,0,0,0,0,0,0,0,0
10.1886,0,1.09816,0.130259,6.44874,-0.0895358,-0.201049,0.10773,1.11349,0,0,0
10.1886,1,0.681197,-0.987185,3.46759,-0.046666,-0.022399,-0.0117497,0.42562,0,0,0
10.1886,2,-2.00799,-0.676029,5.41891,-0.0713012,-0.0690611,-0.0372293,0.38193,0,0,0
10.1886,3,0,0,0,0,0,0,0,0,0,0
10.1886,4,0,0,0,0,0,0,0,0,0,0
10.1886,5,0,0,0,0,0,0,0,0,0,0
10.2514,0,1.09205,0.121391,6.4539,-0.09203,-0.191781,0.105702,1.11349,0,0,0
10.2514,1,0.677923,-0.989108,3.46686,-0.0468886,-0.0220093,-0.0112857,0.42562,0,0,0
10.2514,2,-2.01323,-0.681107,5.41617,-0.0734684,-0.0714562,-0.0370503,0.38193,0,0,0
10.2514,3,0,0,0,0,0,0,0,0,0,0
10.2514,4,0,0,0,0,0,0,0,0,0,0
10.2514,5,0,0,0,0,0,0,0,0,0,0
10.3016,0,1.09148,0.121042,6.45942,-0.0941392,-0.192829,0.104983,1.1031,0,0,0
10.3016,1,0.674785,-0.990535,3.46636,-0.0472338,-0.0205215,-0.0109176,0.427563,0,0,0
10.3016,2,-2.01795,-0.685706,5.41403,-0.0737274,-0.072035,-0.0363746,0.376141,0,0,0
10.3016,3,0,0,0,0,0,0,0,0,0,0
10.3016,4,0,0,0,0,0,0,0,0,0,0
10.3016,5,0,0,0,0,0,0,0,0,0,0
10.3519,0,1.07837,0.0993556,6.46599,-0.10186,-0.192194,0.104347,1.1031,0,0,0
10.3519,1,0.672169,-0.992017,3.46596,-0.0463948,-0.0197833,-0.0100882,0.427563,0,0,0
10.3519,2,-2.02116,-0.688837,5.41262,-0.0684564,-0.0672651,-0.035434,0.376141,0,0,0
10.3519,3,0,0,0,0,0,0,0,0,0,0
10.3519,4,0,0,0,0,0,0,0,0,0,0
10.3519,5,0,0,0,0,0,0,0,0,0,0
10.4059,0,1.07245,0.0862944,6.4716,-0.102516,-0.198779,0.103463,1.06472,0,0,0
10.4059,1,0.669627,-0.993059,3.46547,-0.0455255,-0.0178317,-0.00966998,0.428056,0,0,0
10.4059,2,-2.02512,-0.692661,5.41068,-0.0670922,-0.0661001,-0.0342071,0.372481,0,0,0
10.4059,3,0,0,0,0,0,0,0,0,0,0
10.4059,4,0,0,0,0,0,0,0,0,0,0
10.4059,5,0,0,0,0,0,0,0,0,0,0
10.4661,0,1.06627,0.0765478,6.47763,-0.104726,-0.195077,0.100946,1.06472,0,0,0
10.4661,1,0.66818,-0.993953,3.46502,-0.0411797,-0.0158166,-0.0093208,0.428056,0,0,0
10.4661,2,-2.02936,-0.696797,5.40866,-0.0670223,-0.0662455,-0.0334138,0.372481,0,0,0
10.4661,3,0,0,0,0,0,0,0,0,0,0
10.4661,4,0,0,0,0,0,0,0,0,0,0
10.4661,5,0,0,0,0,0,0,0,0,0,0
10.5163,0,1.06215,0.0701729,6.4823,-0.100246,-0.18062,0.0967866,1.04688,0,0,0
10.5163,1,0.66571,-0.994982,3.46457,-0.0408052,-0.0143584,-0.0092154,0.42954,0,0,0
10.5163,2,-2.034,-0.701316,5.40705,-0.0662769,-0.0656782,-0.0326801,0.368842,0,0,0
10.5163,3,0,0,0,0,0,0,0,0,0,0
10.5163,4,0,0,0,0,0,0,0,0,0,0
10.5163,5,0,0,0,0,0,0,0,0,0,0
10.5689,0,1.05349,0.0575555,6.48577,-0.109887,-0.187671,0.0950008,1.04688,0,0,0
10.5689,1,0.66317,-0.996187,3.46402,-0.0407539,-0.0137963,-0.00895609,0.42954,0,0,0
10.5689,2,-2.03764,-0.704862,5.40557,-0.063877,-0.0634518,-0.0319667,0.368842,0,0,0
10.5689,3,0,0,0,0,0,0,0,0,0,0
10.5689,4,0,0,0,0,0,0,0,0,0,0
10.5689,5,0,0,0,0,0,0,0,0,0,0
10.6295,0,1.03744,0.0254698,6.49597,-0.120102,-0.216891,0.0877458,1.01465,0,0,0
10.6295,1,0.660604,-0.997053,3.46366,-0.0396981,-0.0117302,-0.00867366,0.430176,0,0,0
10.6295,2,-2.04165,-0.708766,5.4038,-0.0637109,-0.0633522,-0.0312887,0.366219,0,0,0
10.6295,3,0,0,0,0,0,0,0,0,0,0
10.6295,4,0,0,0,0,0,0,0,0,0,0
10.6295,5,0,0,0,0,0,0,0,0,0,0
10.6856,0,1.03744,0.0254698,6.49597,-0.120102,-0.216891,0.0877458,1.01465,0,0,0
10.6856,1,0.659232,-0.997687,3.4633,-0.0359167,-0.00976657,-0.00833614,0.430176,0,0,0
10.6856,2,-2.04544,-0.712485,5.40222,-0.0623481,-0.0621458,-0.0306084,0.366219,0,0,0
10.6856,3,0,0,0,0,0,0,0,0,0,0
10.6856,4,0,0,0,0,0,0,0,0,0,0
10.6856,5,0,0,0,0,0,0,0,0,0,0
10.7384,0,1.02923,0.00820393,6.5009,-0.124116,-0.234109,0.0842009,0.979439,0,0,0
10.7384,1,0.659447,-0.998104,3.46284,-0.0350849,-0.0112847,-0.0076841,0.43095,0,0,0
10.7384,2,-2.04794,-0.714935,5.40115,-0.0564508,-0.0565202,-0.0298667,0.363751,0,0,0
10.7384,3,0,0,0,0,0,0,0,0,0,0
10.7384,4,0,0,0,0,0,0,0,0,0,0
10.7384,5,0,0,0,0,0,0,0,0,0,0
10.7915,0,1.02121,-0.00483661,6.50611,-0.12902,-0.236288,0.0807107,0.979439,0,0,0
10.7915,1,0.654866,-0.999378,3.46245,-0.0355408,-0.00813343,-0.00714906,0.43095,0,0,0
10.7915,2,-2.05166,-0.71858,5.39934,-0.0566999,-0.0568475,-0.029179,0.363751,0,0,0
10.7915,3,0,0,0,0,0,0,0,0,0,0
10.7915,4,0,0,0,0,0,0,0,0,0,0
10.7915,5,0,0,0,0,0,0,0,0,0,0
10.8518,0,1.01249,-0.0194284,6.51077,-0.133741,-0.239796,0.077421,0.948992,0,0,0
10.8518,1,0.652224,-1.00029,3.46211,-0.0356976,-0.00733536,-0.00661819,0.431921,0,0,0
10.8518,2,-2.05542,-0.722257,5.39771,-0.0571939,-0.0573538,-0.0285305,0.361853,0,0,0
10.8518,3,0,0,0,0,0,0,0,0,0,0
10.8518,4,0,0,0,0,0,0,0,0,0,0
10.8518,5,0,0,0,0,0,0,0,0,0,0
10.9055,0,1.00956,-0.026386,6.51478,-0.121707,-0.221819,0.0753306,0.948992,0,0,0
10.9055,1,0.650506,-1.00103,3.46185,-0.0340483,-0.00664113,-0.00622947,0.431921,0,0,0
10.9055,2,-2.05806,-0.724873,5.39661,-0.0534546,-0.0538256,-0.0280609,0.361853,0,0,0
10.9055,3,0,0,0,0,0,0,0,0,0,0
10.9055,4,0,0,0,0,0,0,0,0,0,0
10.9055,5,0,0,0,0,0,0,0,0,0,0
10.9673,0,1.00571,-0.0341174,6.51858,-0.112879,-0.206543,0.0743024,0.934152,0,0,0
10.9673,1,0.65024,-1.00139,3.46153,-0.0349571,-0.00790721,-0.00593036,0.432701,0,0,0
10.9673,2,-2.06127,-0.728032,5.395,-0.0527985,-0.0533213,-0.0325101,0.360308,0,0,0
10.9673,3,0,0,0,0,0,0,0,0,0,0
10.9673,4,0,0,0,0,0,0,0,0,0,0
10.9673,5,0,0,0,0,0,0,0,0,0,0
11.025,0,1.0003,-0.0441759,6.52306,-0.111252,-0.203295,0.0729134,0.934152,0,0,0
11.025,1,0.646439,-1.00226,3.46122,-0.0330566,-0.00482448,-0.00592022,0.432701,0,0,0
11.025,2,-2.06369,-0.730453,5.39329,-0.0493333,-0.0502961,-0.0434803,0.360308,0,0,0
11.025,3,0,0,0,0,0,0,0,0,0,0
11.025,4,0,0,0,0,0,0,0,0,0,0
11.025,5,0,0,0,0,0,0,0,0,0,0
11.0803,0,0.995186,-0.0554453,6.52685,-0.107927,-0.202657,0.0730798,0.912012,0,0,0
11.0803,1,0.646206,-1.00264,3.46091,-0.0338518,-0.00614199,-0.00607245,0.433439,0,0,0
11.0803,2,-2.06779,-0.734608,5.38978,-0.0505466,-0.0522013,-0.0637207,0.358442,0,0,0
11.0803,3,0,0,0,0,0,0,0,0,0,0
11.0803,4,0,0,0,0,0,0,0,0,0,0
11.0803,5,0,0,0,0,0,0,0,0,0,0
11.1407,0,0.991638,-0.0657268,6.53071,-0.101143,-0.201054,0.0713987,0.912012,0,0,0
11.1407,1,0.642685,-1.00321,3.46062,-0.0315577,-0.00283606,-0.00615458,0.433439,0,0,0
11.1407,2,-2.07073,-0.738038,5.38534,-0.0489619,-0.0527596,-0.0884661,0.358442,0,0,0
11.1407,3,0,0,0,0,0,0,0,0,0,0
11.1407,4,0,0,0,0,0,0,0,0,0,0
11.1407,5,0,0,0,0,0,0,0,0,0,0
11.1961,0,0.989695,-0.0703421,6.53434,-0.0895535,-0.179067,0.0698835,0.8977,0,0,0
11.1961,1,0.641391,-1.00366,3.4603,-0.0292887,-0.00214697,-0.00612827,0.434126,0,0,0
11.1961,2,-2.07334,-0.74081,5.37981,-0.047107,-0.0512079,-0.105247,0.353337,0,0,0
11.1961,3,0,0,0,0,0,0,0,0,0,0
11.1961,4,0,0,0,0,0,0,0,0,0,0
11.1961,5,0,0,0,0,0,0,0,0,0,0
11.2567,0,0.987775,-0.0761009,6.53756,-0.0797923,-0.165642,0.0680803,0.8977,0,0,0
11.2567,1,0.63964,-1.00397,3.46001,-0.0285546,-0.0010673,-0.00601017,0.434126,0,0,0
11.2567,2,-2.07339,-0.741034,5.37891,-0.0374255,-0.041683,-0.120838,0.353337,0,0,0
11.2567,3,0,0,0,0,0,0,0,0,0,0
11.2567,4,0,0,0,0,0,0,0,0,0,0
11.2567,5,0,0,0,0,0,0,0,0,0,0
11.3091,0,0.981914,-0.094178,6.54434,-0.0688207,-0.164807,0.06541,0.884862,0,0,0
11.3091,1,0.638203,-1.00424,3.45969,-0.0272699,-0.00013265,-0.00569681,0.434815,0,0,0
11.3091,2,-2.07794,-0.747807,5.36865,-0.0429235,-0.0539861,-0.134978,0.348967,0,0,0
11.3091,3,0,0,0,0,0,0,0,0,0,0
11.3091,4,0,0,0,0,0,0,0,0,0,0
11.3091,5,0,0,0,0,0,0,0,0,0,0
11.3762,0,0.981914,-0.094178,6.54434,-0.0688207,-0.164807,0.06541,0.884862,0,0,0
11.3762,1,0.636957,-1.00424,3.45956,-0.0256078,0.00142497,-0.00548288,0.434815,0,0,0
11.3762,2,-2.08285,-0.753733,5.3581,-0.0497542,-0.0632887,-0.159457,0.348967,0,0,0
11.3762,3,0,0,0,0,0,0,0,0,0,0
11.3762,4,0,0,0,0,0,0,0,0,0,0
11.3762,5,0,0,0,0,0,0,0,0,0,0
11.4584,0,0.978879,-0.100888,6.54713,-0.0652818,-0.156132,0.0648372,0.868394,0,0,0
11.4584,1,0.636215,-1.00458,3.45919,-0.0223213,0.00171653,-0.00507229,0.43524,0,0,0
11.4584,2,-2.08696,-0.759162,5.34932,-0.0519484,-0.0682293,-0.162921,0.335022,0,0,0
11.4584,3,0,0,0,0,0,0,0,0,0,0
11.4584,4,0,0,0,0,0,0,0,0,0,0
11.4584,5,0,0,0,0,0,0,0,0,0,0
11.5346,0,0.975675,-0.11041,6.55176,-0.062118,-0.158511,0.0634282,0.868394,0,0,0
11.5346,1,0.634722,-1.0049,3.45892,-0.0220991,0.00199432,-0.00467624,0.43524,0,0,0
11.5346,2,-2.08994,-0.763059,5.34222,-0.0503102,-0.0671249,-0.158968,0.325446,0,0,0
11.5346,3,0,0,0,0,0,0,0,0,0,0
11.5346,4,0,0,0,0,0,0,0,0,0,0
11.5346,5,0,0,0,0,0,0,0,0,0,0
11.5974,0,0.970196,-0.12375,6.55832,-0.0555716,-0.144535,0.0616704,0.85151,0,0,0
11.5974,1,0.632951,-1.00457,3.45866,-0.0229177,0.00423734,-0.00445053,0.435991,0,0,0
11.5974,2,-2.09324,-0.767491,5.33531,-0.0496948,-0.0676168,-0.137433,0.325446,0,0,0
11.5974,3,0,0,0,0,0,0,0,0,0,0
11.5974,4,0,0,0,0,0,0,0,0,0,0
11.5974,5,0,0,0,0,0,0,0,0,0,0
11.6558,0,0.968178,-0.126622,6.55989,-0.0514811,-0.12601,0.0616395,0.85151,0,0,0
11.6558,1,0.632198,-1.00471,3.45849,-0.0203992,0.00460716,-0.00415912,0.436298,0,0,0
11.6558,2,-2.09581,-0.770892,5.32968,-0.0482375,-0.0664287,-0.115644,0.318576,0,0,0
11.6558,3,0,0,0,0,0,0,0,0,0,0
11.6558,4,0,0,0,0,0,0,0,0,0,0
11.6558,5,0,0,0,0,0,0,0,0,0,0
11.7163,0,0.966548,-0.134918,6.56431,-0.0458466,-0.128748,0.0601276,0.843816,0,0,0
11.7163,1,0.63161,-1.00495,3.4584,-0.0177029,0.0045328,-0.00351817,0.436298,0,0,0
11.7163,2,-2.09862,-0.774759,5.32455,-0.0474878,-0.0664794,-0.0856839,0.318576,0,0,0
11.7163,3,0,0,0,0,0,0,0,0,0,0
11.7163,4,0,0,0,0,0,0,0,0,0,0
11.7163,5,0,0,0,0,0,0,0,0,0,0
11.7687,0,0.963181,-0.14232,6.5675,-0.0466295,-0.127875,0.0630407,0.843816,0,0,0
11.7687,1,0.629649,-1.0049,3.45813,-0.0199973,0.00560167,-0.00307393,0.436659,0,0,0
11.7687,2,-2.10217,-0.779157,5.31997,-0.0491744,-0.0684653,-0.0551031,0.314335,0,0,0
11.7687,3,0,0,0,0,0,0,0,0,0,0
11.7687,4,0,0,0,0,0,0,0,0,0,0
11.7687,5,0,0,0,0,0,0,0,0,0,0
11.8295,0,0.96074,-0.147945,6.571,-0.0446671,-0.121463,0.0617851,0.829604,0,0,0
11.8295,1,0.628106,-1.00503,3.45794,-0.0203626,0.00567335,-0.00270733,0.436659,0,0,0
11.8295,2,-2.10505,-0.782353,5.31815,-0.0491522,-0.0668915,-0.0292857,0.314335,0,0,0
11.8295,3,0,0,0,0,0,0,0,0,0,0
11.8295,4,0,0,0,0,0,0,0,0,0,0
11.8295,5,0,0,0,0,0,0,0,0,0,0
11.889,0,0.956921,-0.155563,6.57413,-0.0472112,-0.122522,0.061951,0.829604,0,0,0
11.889,1,0.626772,-1.00497,3.45783,-0.0202718,0.00630343,-0.00242193,0.436953,0,0,0
11.889,2,-2.10768,-0.785061,5.31761,-0.0474554,-0.0627311,-0.00834256,0.315162,0,0,0
11.889,3,0,0,0,0,0,0,0,0,0,0
11.889,4,0,0,0,0,0,0,0,0,0,0
11.889,5,0,0,0,0,0,0,0,0,0,0
11.9482,0,0.954114,-0.163109,6.57742,-0.046141,-0.1215,0.0636387,0.816953,0,0,0
11.9482,1,0.625539,-1.00486,3.4577,-0.0198488,0.00694677,-0.00210364,0.436953,0,0,0
11.9482,2,-2.10977,-0.787015,5.31794,-0.045276,-0.0578,0.00550472,0.315162,0,0,0
11.9482,3,0,0,0,0,0,0,0,0,0,0
11.9482,4,0,0,0,0,0,0,0,0,0,0
11.9482,5,0,0,0,0,0,0,0,0,0,0
12.0017,0,0.951475,-0.16879,6.58107,-0.04504,-0.116333,0.063999,0.816953,0,0,0
12.0017,1,0.62434,-1.00491,3.4576,-0.0191394,0.00689692,-0.00180659,0.437147,0,0,0
12.0017,2,-2.11188,-0.789767,5.31883,-0.0433763,-0.0563906,0.0143726,0.31636,0,0,0
12.0017,3,0,0,0,0,0,0,0,0,0,0
12.0017,4,0,0,0,0,0,0,0,0,0,0
12.0017,5,0,0,0,0,0,0,0,0,0,0
12.0566,0,0.948132,-0.175932,6.58376,-0.0462579,-0.116987,0.0643158,0.804851,0,0,0
12.0566,1,0.62335,-1.00481,3.4575,-0.0178991,0.00728049,-0.00141955,0.437147,0,0,0
12.0566,2,-2.11306,-0.789712,5.31954,-0.0384229,-0.0453193,0.0186116,0.31636,0,0,0
12.0566,3,0,0,0,0,0,0,0,0,0,0
12.0566,4,0,0,0,0,0,0,0,0,0,0
12.0566,5,0,0,0,0,0,0,0,0,0,0
12.1245,0,0.94375,-0.18382,6.58677,-0.0506606,-0.119848,0.0635595,0.790049,0,0,0
12.1245,1,0.622385,-1.00471,3.45743,-0.0167861,0.00758119,-0.0011596,0.437256,0,0,0
12.1245,2,-2.1157,-0.791426,5.32081,-0.0389376,-0.0412198,0.0202189,0.319052,0,0,0
12.1245,3,0,0,0,0,0,0,0,0,0,0
12.1245,4,0,0,0,0,0,0,0,0,0,0
12.1245,5,0,0,0,0,0,0,0,0,0,0
12.1784,0,0.940187,-0.19076,6.58951,-0.0530418,-0.119061,0.06399,0.790049,0,0,0
12.1784,1,0.621597,-1.00466,3.45741,-0.0152634,0.00757384,-0.000967153,0.437256,0,0,0
12.1784,2,-2.11748,-0.792656,5.3219,-0.0369172,-0.0367091,0.0198427,0.319052,0,0,0
12.1784,3,0,0,0,0,0,0,0,0,0,0
12.1784,4,0,0,0,0,0,0,0,0,0,0
12.1784,5,0,0,0,0,0,0,0,0,0,0
12.232,0,0.936602,-0.199783,6.59218,-0.0529285,-0.124023,0.0633781,0.790049,0,0,0
12.232,1,0.621459,-1.0048,3.45735,-0.0157393,0.00709792,-0.000715031,0.437364,0,0,0
12.232,2,-2.11938,-0.793821,5.32287,-0.0352549,-0.0322635,0.0180703,0.323033,0,0,0
12.232,3,0,0,0,0,0,0,0,0,0,0
12.232,4,0,0,0,0,0,0,0,0,0,0
12.232,5,0,0,0,0,0,0,0,0,0,0
12.2904,0,0.930725,-0.209368,6.59604,-0.0608319,-0.130569,0.0626196,0.774715,0,0,0
12.2904,1,0.619455,-1.00413,3.45732,-0.014288,0.00897763,-0.000459894,0.437364,0,0,0
12.2904,2,-2.12183,-0.795209,5.3236,-0.0360796,-0.0295119,0.0154607,0.323033,0,0,0
12.2904,3,0,0,0,0,0,0,0,0,0,0
12.2904,4,0,0,0,0,0,0,0,0,0,0
12.2904,5,0,0,0,0,0,0,0,0,0,0
12.3432,0,0.930725,-0.209368,6.59604,-0.0608319,-0.130569,0.0626196,0.774715,0,0,0
12.3432,1,0.618609,-1.00375,3.45731,-0.0135246,0.00979981,-0.000178056,0.437131,0,0,0
12.3432,2,-2.12347,-0.796252,5.32426,-0.034144,-0.0262558,0.0128523,0.326702,0,0,0
12.3432,3,0,0,0,0,0,0,0,0,0,0
12.3432,4,0,0,0,0,0,0,0,0,0,0
12.3432,5,0,0,0,0,0,0,0,0,0,0
12.4018,0,0.925973,-0.218328,6.5998,-0.0656774,-0.135876,0.0611102,0.76511,0,0,0
12.4018,1,0.617592,-1.00348,3.45731,-0.0132494,0.0102787,7.54952e-05,0.437131,0,0,0
12.4018,2,-2.12533,-0.797377,5.32487,-0.0331893,-0.0237047,0.0112856,0.326702,0,0,0
12.4018,3,0,0,0,0,0,0,0,0,0,0
12.4018,4,0,0,0,0,0,0,0,0,0,0
12.4018,5,0,0,0,0,0,0,0,0,0,0
12.4603,0,0.921943,-0.227165,6.60247,-0.0663766,-0.13954,0.0599449,0.74807,0,0,0
12.4603,1,0.616974,-1.00351,3.45732,-0.0120486,0.00947538,0.000309865,0.43708,0,0,0
12.4603,2,-2.12718,-0.798523,5.32537,-0.031988,-0.0213776,0.00980251,0.329605,0,0,0
12.4603,3,0,0,0,0,0,0,0,0,0,0
12.4603,4,0,0,0,0,0,0,0,0,0,0
12.4603,5,0,0,0,0,0,0,0,0,0,0
12.513,0,0.916269,-0.237665,6.60582,-0.0731077,-0.149666,0.0573713,0.74807,0,0,0
12.513,1,0.616351,-1.00306,3.45734,-0.01113,0.0103772,0.000590967,0.43708,0,0,0
12.513,2,-2.12839,-0.799335,5.32568,-0.0288897,-0.0184628,0.00884897,0.329605,0,0,0
12.513,3,0,0,0,0,0,0,0,0,0,0
12.513,4,0,0,0,0,0,0,0,0,0,0
12.513,5,0,0,0,0,0,0,0,0,0,0
12.5675,0,0.911302,-0.246658,6.6088,-0.0735964,-0.146426,0.0559578,0.74807,0,0,0
12.5675,1,0.616059,-1.00339,3.45735,-0.00920837,0.00850807,0.000552121,0.436937,0,0,0
12.5675,2,-2.13051,-0.8006,5.32617,-0.0292985,-0.0173387,0.00792138,0.331964,0,0,0
12.5675,3,0,0,0,0,0,0,0,0,0,0
12.5675,4,0,0,0,0,0,0,0,0,0,0
12.5675,5,0,0,0,0,0,0,0,0,0,0
12.6233,0,0.906766,-0.256005,6.61147,-0.075205,-0.151526,0.0535466,0.729002,0,0,0
12.6233,1,0.614925,-1.00264,3.45738,-0.0106245,0.0106736,0.000667934,0.436937,0,0,0
12.6233,2,-2.13245,-0.801887,5.32662,-0.0293835,-0.0168107,0.00763708,0.331964,0,0,0
12.6233,3,0,0,0,0,0,0,0,0,0,0
12.6233,4,0,0,0,0,0,0,0,0,0,0
12.6233,5,0,0,0,0,0,0,0,0,0,0
12.6866,0,0.901944,-0.265,6.61424,-0.0768676,-0.152284,0.0515016,0.711359,0,0,0
12.6866,1,0.613972,-1.00232,3.45744,-0.0108404,0.0108031,0.000766001,0.436804,0,0,0
12.6866,2,-2.13428,-0.80323,5.32695,-0.0291346,-0.0166724,0.00709788,0.335073,0,0,0
12.6866,3,0,0,0,0,0,0,0,0,0,0
12.6866,4,0,0,0,0,0,0,0,0,0,0
12.6866,5,0,0,0,0,0,0,0,0,0,0
12.7419,0,0.89803,-0.271068,6.61726,-0.0763065,-0.144832,0.0496031,0.711359,0,0,0
12.7419,1,0.613145,-1.00186,3.45747,-0.0107965,0.0114031,0.000772294,0.436804,0,0,0
12.7419,2,-2.13576,-0.804278,5.32732,-0.0278404,-0.0156775,0.0069991,0.335073,0,0,0
12.7419,3,0,0,0,0,0,0,0,0,0,0
12.7419,4,0,0,0,0,0,0,0,0,0,0
12.7419,5,0,0,0,0,0,0,0,0,0,0
12.8002,0,0.8941,-0.281764,6.62008,-0.0755506,-0.152653,0.0480864,0.711359,0,0,0
12.8002,1,0.612432,-1.00149,3.45751,-0.0105052,0.0116056,0.000779965,0.436536,0,0,0
12.8002,2,-2.13723,-0.805355,5.32768,-0.0266744,-0.0149669,0.00684469,0.337539,0,0,0
12.8002,3,0,0,0,0,0,0,0,0,0,0
12.8002,4,0,0,0,0,0,0,0,0,0,0
12.8002,5,0,0,0,0,0,0,0,0,0,0
12.8534,0,0.885223,-0.298361,6.62421,-0.0763589,-0.153207,0.0452835,0.695995,0,0,0
12.8534,1,0.611953,-1.00133,3.45755,-0.00944589,0.0109749,0.000762586,0.436536,0,0,0
12.8534,2,-2.13852,-0.806376,5.32799,-0.0251705,-0.0142787,0.00674031,0.337539,0,0,0
12.8534,3,0,0,0,0,0,0,0,0,0,0
12.8534,4,0,0,0,0,0,0,0,0,0,0
12.8534,5,0,0,0,0,0,0,0,0,0,0
12.9036,0,0.885223,-0.298361,6.62421,-0.0763589,-0.153207,0.0452835,0.679952,0,0,0
12.9036,1,0.61143,-1.00078,3.45758,-0.00866206,0.0117073,0.000743467,0.436167,0,0,0
12.9036,2,-2.13965,-0.807194,5.32829,-0.0233568,-0.0130597,0.00672157,0.339642,0,0,0
12.9036,3,0,0,0,0,0,0,0,0,0,0
12.9036,4,0,0,0,0,0,0,0,0,0,0
12.9036,5,0,0,0,0,0,0,0,0,0,0
12.9589,0,0.881224,-0.305311,6.62698,-0.0764155,-0.149382,0.044456,0.679952,0,0,0
12.9589,1,0.610715,-1.00032,3.45762,-0.00837512,0.0119605,0.000690622,0.436167,0,0,0
12.9589,2,-2.14057,-0.808012,5.32851,-0.0211842,-0.0121294,0.00653565,0.339642,0,0,0
12.9589,3,0,0,0,0,0,0,0,0,0,0
12.9589,4,0,0,0,0,0,0,0,0,0,0
12.9589,5,0,0,0,0,0,0,0,0,0,0
13.0143,0,0.876001,-0.314344,6.62931,-0.079745,-0.151959,0.0429289,0.66484,0,0,0
13.0143,1,0.609882,-0.999647,3.45764,-0.00865723,0.0128439,0.00060496,0.436019,0,0,0
13.0143,2,-2.14216,-0.809171,5.32894,-0.0210108,-0.0119919,0.0060036,0.341224,0,0,0
13.0143,3,0,0,0,0,0,0,0,0,0,0
13.0143,4,0,0,0,0,0,0,0,0,0,0
13.0143,5,0,0,0,0,0,0,0,0,0,0
13.0731,0,0.874108,-0.320301,6.63198,-0.0726969,-0.145631,0.041263,0.66484,0,0,0
13.0731,1,0.609283,-0.999224,3.45767,-0.0081896,0.0127957,0.00047111,0.436019,0,0,0
13.0731,2,-2.14354,-0.810366,5.3292,-0.0202217,-0.0121251,0.00194451,0.341224,0,0,0
13.0731,3,0,0,0,0,0,0,0,0,0,0
13.0731,4,0,0,0,0,0,0,0,0,0,0
13.0731,5,0,0,0,0,0,0,0,0,0,0
13.1318,0,0.870854,-0.327001,6.63409,-0.069444,-0.139638,0.0400582,0.654122,0,0,0
13.1318,1,0.60857,-0.998648,3.4577,-0.00803801,0.0130876,0.00036064,0.435708,0,0,0
13.1318,2,-2.14447,-0.811193,5.32915,-0.0179566,-0.011034,-0.00674986,0.343494,0,0,0
13.1318,3,0,0,0,0,0,0,0,0,0,0
13.1318,4,0,0,0,0,0,0,0,0,0,0
13.1318,5,0,0,0,0,0,0,0,0,0,0
13.1821,0,0.868276,-0.33294,6.63602,-0.0656008,-0.134559,0.0393485,0.654122,0,0,0
13.1821,1,0.608077,-0.998087,3.45771,-0.00759557,0.0135027,0.000284138,0.435708,0,0,0
13.1821,2,-2.14589,-0.812614,5.32803,-0.018258,-0.0127506,-0.0304422,0.343494,0,0,0
13.1821,3,0,0,0,0,0,0,0,0,0,0
13.1821,4,0,0,0,0,0,0,0,0,0,0
13.1821,5,0,0,0,0,0,0,0,0,0,0
13.2354,0,0.865291,-0.339839,6.63815,-0.064278,-0.132296,0.0385845,0.642951,0,0,0
13.2354,1,0.607568,-0.997725,3.45773,-0.007128,0.0130082,0.000215407,0.435391,0,0,0
13.2354,2,-2.14734,-0.814297,5.32571,-0.0188386,-0.0154552,-0.0589897,0.344229,0,0,0
13.2354,3,0,0,0,0,0,0,0,0,0,0
13.2354,4,0,0,0,0,0,0,0,0,0,0
13.2354,5,0,0,0,0,0,0,0,0,0,0
13.3036,0,0.862979,-0.345314,6.64077,-0.0603104,-0.126698,0.0378403,0.642951,0,0,0
13.3036,1,0.607161,-0.997076,3.45773,-0.00650111,0.013579,0.000135483,0.435391,0,0,0
13.3036,2,-2.14871,-0.816086,5.32146,-0.0188785,-0.0180512,-0.0882132,0.344229,0,0,0
13.3036,3,0,0,0,0,0,0,0,0,0,0
13.3036,4,0,0,0,0,0,0,0,0,0,0
13.3036,5,0,0,0,0,0,0,0,0,0,0
13.3667,0,0.860809,-0.350563,6.64283,-0.0564302,-0.121149,0.0374988,0.634331,0,0,0
13.3667,1,0.60677,-0.996697,3.45774,-0.00580468,0.0130321,6.08007e-05,0.435122,0,0,0
13.3667,2,-2.14987,-0.817594,5.31683,-0.0185275,-0.019495,-0.111593,0.342029,0,0,0
13.3667,3,0,0,0,0,0,0,0,0,0,0
13.3667,4,0,0,0,0,0,0,0,0,0,0
13.3667,5,0,0,0,0,0,0,0,0,0,0
13.4305,0,0.858852,-0.355519,6.64482,-0.0524015,-0.115428,0.0369778,0.634331,0,0,0
13.4305,1,0.606409,-0.99612,3.45774,-0.00533339,0.0134033,-2.55421e-06,0.435122,0,0,0
13.4305,2,-2.15175,-0.820547,5.30917,-0.0204178,-0.0254071,-0.138219,0.342029,0,0,0
13.4305,3,0,0,0,0,0,0,0,0,0,0
13.4305,4,0,0,0,0,0,0,0,0,0,0
13.4305,5,0,0,0,0,0,0,0,0,0,0
13.4961,0,0.857062,-0.360227,6.64668,-0.0486425,-0.108972,0.036512,0.626621,0,0,0
13.4961,1,0.605874,-0.995376,3.45774,-0.00551338,0.0142462,-1.51009e-05,0.434881,0,0,0
13.4961,2,-2.15348,-0.823017,5.30231,-0.0217222,-0.02879,-0.154109,0.336862,0,0,0
13.4961,3,0,0,0,0,0,0,0,0,0,0
13.4961,4,0,0,0,0,0,0,0,0,0,0
13.4961,5,0,0,0,0,0,0,0,0,0,0
13.5521,0,0.855452,-0.364117,6.64803,-0.0447395,-0.101428,0.0361652,0.626621,0,0,0
13.5521,1,0.605538,-0.994828,3.45774,-0.00496199,0.0142444,6.39059e-06,0.434881,0,0,0
13.5521,2,-2.15525,-0.826042,5.29419,-0.0228545,-0.0334938,-0.163088,0.336862,0,0,0
13.5521,3,0,0,0,0,0,0,0,0,0,0
13.5521,4,0,0,0,0,0,0,0,0,0,0
13.5521,5,0,0,0,0,0,0,0,0,0,0
13.6023,0,0.853864,-0.368487,6.65027,-0.0411503,-0.0966333,0.036032,0.620247,0,0,0
13.6023,1,0.605269,-0.994558,3.45774,-0.00415866,0.0132567,7.42908e-05,0.434564,0,0,0
13.6023,2,-2.15691,-0.828372,5.28656,-0.023419,-0.0348175,-0.168151,0.330999,0,0,0
13.6023,3,0,0,0,0,0,0,0,0,0,0
13.6023,4,0,0,0,0,0,0,0,0,0,0
13.6023,5,0,0,0,0,0,0,0,0,0,0
13.6635,0,0.851896,-0.373169,6.65224,-0.0390368,-0.0927123,0.0364322,0.620247,0,0,0
13.6635,1,0.605037,-0.993924,3.45774,-0.0035922,0.0136892,0.000174418,0.434564,0,0,0
13.6635,2,-2.15896,-0.831808,5.27694,-0.0250857,-0.0391287,-0.170022,0.330999,0,0,0
13.6635,3,0,0,0,0,0,0,0,0,0,0
13.6635,4,0,0,0,0,0,0,0,0,0,0
13.6635,5,0,0,0,0,0,0,0,0,0,0
13.717,0,0.850097,-0.378161,6.65426,-0.0362316,-0.0896568,0.0368203,0.612786,0,0,0
13.717,1,0.604664,-0.993227,3.45775,-0.00356636,0.0142589,0.000282641,0.434333,0,0,0
13.717,2,-2.16099,-0.835467,5.26755,-0.026184,-0.0438253,-0.165001,0.32494,0,0,0
13.717,3,0,0,0,0,0,0,0,0,0,0
13.717,4,0,0,0,0,0,0,0,0,0,0
13.717,5,0,0,0,0,0,0,0,0,0,0
13.77,0,0.848339,-0.382554,6.65624,-0.0342143,-0.0859522,0.0372192,0.612786,0,0,0
13.77,1,0.604389,-0.992789,3.45777,-0.00322768,0.0138382,0.000441387,0.434333,0,0,0
13.77,2,-2.16306,-0.838452,5.25947,-0.0274568,-0.045213,-0.147098,0.32494,0,0,0
13.77,3,0,0,0,0,0,0,0,0,0,0
13.77,4,0,0,0,0,0,0,0,0,0,0
13.77,5,0,0,0,0,0,0,0,0,0,0
13.8329,0,0.846539,-0.386982,6.65809,-0.032328,-0.0821483,0.0375715,0.606119,0,0,0
13.8329,1,0.604231,-0.992395,3.45779,-0.00254367,0.0132719,0.000566477,0.434026,0,0,0
13.8329,2,-2.16488,-0.84131,5.25287,-0.027548,-0.0459226,-0.119775,0.319998,0,0,0
13.8329,3,0,0,0,0,0,0,0,0,0,0
13.8329,4,0,0,0,0,0,0,0,0,0,0
13.8329,5,0,0,0,0,0,0,0,0,0,0
13.8831,0,0.84476,-0.391925,6.65998,-0.0311868,-0.0824722,0.037741,0.606119,0,0,0
13.8831,1,0.603843,-0.99166,3.45782,-0.00280726,0.0139238,0.000694113,0.434026,0,0,0
13.8831,2,-2.16691,-0.844342,5.24801,-0.0287882,-0.0479899,-0.0832047,0.319998,0,0,0
13.8831,3,0,0,0,0,0,0,0,0,0,0
13.8831,4,0,0,0,0,0,0,0,0,0,0
13.8831,5,0,0,0,0,0,0,0,0,0,0
13.9364,0,0.842479,-0.397395,6.66184,-0.0319055,-0.0845648,0.0378836,0.598064,0,0,0
13.9364,1,0.603678,-0.990951,3.45786,-0.00225839,0.0143285,0.00083223,0.433703,0,0,0
13.9364,2,-2.16829,-0.846102,5.24474,-0.0280927,-0.0457754,-0.0510757,0.318249,0,0,0
13.9364,3,0,0,0,0,0,0,0,0,0,0
13.9364,4,0,0,0,0,0,0,0,0,0,0
13.9364,5,0,0,0,0,0,0,0,0,0,0
13.9867,0,0.840549,-0.401468,6.66401,-0.0317244,-0.0817095,0.0376342,0.598064,0,0,0
13.9867,1,0.60339,-0.990575,3.45796,-0.00224665,0.0136627,0.0010968,0.433703,0,0,0
13.9867,2,-2.16998,-0.848364,5.2429,-0.0283753,-0.0455811,-0.0149937,0.318249,0,0,0
13.9867,3,0,0,0,0,0,0,0,0,0,0
13.9867,4,0,0,0,0,0,0,0,0,0,0
13.9867,5,0,0,0,0,0,0,0,0,0,0
14.0441,0,0.838509,-0.406746,6.66583,-0.0314087,-0.0827147,0.0372269,0.595164,0,0,0
14.0441,1,0.602849,-0.989338,3.45804,-0.0032927,0.0159627,0.00130413,0.433298,0,0,0
14.0441,2,-2.17127,-0.849692,5.24289,-0.0276231,-0.0424922,0.0114647,0.318784,0,0,0
14.0441,3,0,0,0,0,0,0,0,0,0,0
14.0441,4,0,0,0,0,0,0,0,0,0,0
14.0441,5,0,0,0,0,0,0,0,0,0,0
14.097,0,0.835566,-0.411852,6.66801,-0.0341278,-0.0820844,0.0366557,0.595164,0,0,0
14.097,1,0.602682,-0.988706,3.45804,-0.00274051,0.0157084,0.0013261,0.433298,0,0,0
14.097,2,-2.17231,-0.850604,5.24396,-0.0258963,-0.0379612,0.0301644,0.318784,0,0,0
14.097,3,0,0,0,0,0,0,0,0,0,0
14.097,4,0,0,0,0,0,0,0,0,0,0
14.097,5,0,0,0,0,0,0,0,0,0,0
14.1527,0,0.833503,-0.417164,6.66983,-0.0336911,-0.0834005,0.0360335,0.587111,0,0,0
14.1527,1,0.602565,-0.987902,3.4581,-0.00218673,0.01621,0.00142079,0.432766,0,0,0
14.1527,2,-2.17292,-0.851034,5.24549,-0.0232459,-0.0327531,0.0442703,0.321155,0,0,0
14.1527,3,0,0,0,0,0,0,0,0,0,0
14.1527,4,0,0,0,0,0,0,0,0,0,0
14.1527,5,0,0,0,0,0,0,0,0,0,0
14.2067,0,0.830687,-0.42215,6.67141,-0.0358032,-0.0825256,0.0354004,0.587111,0,0,0
14.2067,1,0.602072,-0.986925,3.45826,-0.00306109,0.0172972,0.00165038,0.432766,0,0,0
14.2067,2,-2.17332,-0.851179,5.24716,-0.0200073,-0.0269766,0.0552879,0.321155,0,0,0
14.2067,3,0,0,0,0,0,0,0,0,0,0
14.2067,4,0,0,0,0,0,0,0,0,0,0
14.2067,5,0,0,0,0,0,0,0,0,0,0
14.2672,0,0.828242,-0.428398,6.67328,-0.0366517,-0.0879637,0.0348651,0.579,0,0,0
14.2672,1,0.60193,-0.986049,3.45826,-0.00258236,0.0178001,0.00164783,0.432119,0,0,0
14.2672,2,-2.17462,-0.851406,5.251,-0.0203536,-0.0220692,0.0593772,0.32324,0,0,0
14.2672,3,0,0,0,0,0,0,0,0,0,0
14.2672,4,0,0,0,0,0,0,0,0,0,0
14.2672,5,0,0,0,0,0,0,0,0,0,0
14.3249,0,0.826069,-0.433296,6.67501,-0.0368015,-0.088004,0.0341571,0.579,0,0,0
14.3249,1,0.601709,-0.985303,3.45843,-0.00241996,0.0178167,0.00179922,0.432119,0,0,0
14.3249,2,-2.17569,-0.852549,5.25484,-0.0196699,-0.0211905,0.0591015,0.328294,0,0,0
14.3249,3,0,0,0,0,0,0,0,0,0,0
14.3249,4,0,0,0,0,0,0,0,0,0,0
14.3249,5,0,0,0,0,0,0,0,0,0,0
14.3827,0,0.823042,-0.438511,6.67656,-0.039742,-0.088886,0.0339779,0.570558,0,0,0
14.3827,1,0.601677,-0.98539,3.45843,-0.0015147,0.014895,0.00179376,0.431559,0,0,0
14.3827,2,-2.17603,-0.851576,5.25759,-0.0170106,-0.0137597,0.0553681,0.328294,0,0,0
14.3827,3,0,0,0,0,0,0,0,0,0,0
14.3827,4,0,0,0,0,0,0,0,0,0,0
14.3827,5,0,0,0,0,0,0,0,0,0,0
14.4342,0,0.820974,-0.442769,6.67818,-0.0392293,-0.0866515,0.0336394,0.570558,0,0,0
14.4342,1,0.601271,-0.98432,3.45853,-0.00232465,0.0164145,0.00184383,0.431559,0,0,0
14.4342,2,-2.17735,-0.851525,5.26077,-0.0180794,-0.0100547,0.0535191,0.328294,0,0,0
14.4342,3,0,0,0,0,0,0,0,0,0,0
14.4342,4,0,0,0,0,0,0,0,0,0,0
14.4342,5,0,0,0,0,0,0,0,0,0,0
14.4995,0,0.81772,-0.447666,6.68007,-0.0422675,-0.0852971,0.0330881,0.559304,0,0,0
14.4995,1,0.601005,-0.983341,3.45864,-0.00250953,0.0173497,0.00194172,0.431233,0,0,0
14.4995,2,-2.17801,-0.851487,5.26288,-0.0165065,-0.00699958,0.0488077,0.332265,0,0,0
14.4995,3,0,0,0,0,0,0,0,0,0,0
14.4995,4,0,0,0,0,0,0,0,0,0,0
14.4995,5,0,0,0,0,0,0,0,0,0,0
14.5559,0,0.815624,-0.4547,6.68202,-0.0407759,-0.0928177,0.0323818,0.559304,0,0,0
14.5559,1,0.600882,-0.982471,3.45872,-0.00212084,0.017749,0.00200222,0.431233,0,0,0
14.5559,2,-2.17907,-0.851357,5.26597,-0.0166134,-0.00403585,0.0437559,0.335992,0,0,0
14.5559,3,0,0,0,0,0,0,0,0,0,0
14.5559,4,0,0,0,0,0,0,0,0,0,0
14.5559,5,0,0,0,0,0,0,0,0,0,0
14.6061,0,0.812091,-0.460991,6.68417,-0.0441648,-0.0952362,0.0317379,0.554301,0,0,0
14.6061,1,0.600803,-0.982317,3.45881,-0.00155953,0.0156486,0.00202399,0.430602,0,0,0
14.6061,2,-2.17978,-0.851411,5.26798,-0.0155848,-0.00236959,0.0401971,0.335992,0,0,0
14.6061,3,0,0,0,0,0,0,0,0,0,0
14.6061,4,0,0,0,0,0,0,0,0,0,0
14.6061,5,0,0,0,0,0,0,0,0,0,0
14.6563,0,0.809506,-0.465794,6.68547,-0.0441818,-0.0925124,0.0310766,0.554301,0,0,0
14.6563,1,0.600668,-0.981762,3.45903,-0.00134846,0.0151427,0.00212845,0.430602,0,0,0
14.6563,2,-2.18075,-0.851321,5.27015,-0.0156548,-0.000413049,0.0371476,0.339278,0,0,0
14.6563,3,0,0,0,0,0,0,0,0,0,0
14.6563,4,0,0,0,0,0,0,0,0,0,0
14.6563,5,0,0,0,0,0,0,0,0,0,0
14.7116,0,0.806597,-0.471477,6.68675,-0.0457008,-0.0947656,0.0304466,0.545787,0,0,0
14.7116,1,0.600336,-0.980581,3.45912,-0.00146695,0.0162578,0.00206105,0.430143,0,0,0
14.7116,2,-2.18156,-0.851328,5.27152,-0.0150234,0.000880082,0.0357979,0.339278,0,0,0
14.7116,3,0,0,0,0,0,0,0,0,0,0
14.7116,4,0,0,0,0,0,0,0,0,0,0
14.7116,5,0,0,0,0,0,0,0,0,0,0
14.7623,0,0.803976,-0.477408,6.68854,-0.0460118,-0.097707,0.0294755,0.545787,0,0,0
14.7623,1,0.600271,-0.979985,3.45923,-0.000993112,0.015492,0.00201658,0.430143,0,0,0
14.7623,2,-2.18215,-0.851443,5.2736,-0.013852,0.00152461,0.033616,0.342026,0,0,0
14.7623,3,0,0,0,0,0,0,0,0,0,0
14.7623,4,0,0,0,0,0,0,0,0,0,0
14.7623,5,0,0,0,0,0,0,0,0,0,0
14.815,0,0.800679,-0.483441,6.69015,-0.0482109,-0.0995234,0.0286027,0.537048,0,0,0
14.815,1,0.600095,-0.979177,3.45935,-0.00107766,0.0157234,0.00207154,0.429533,0,0,0
14.815,2,-2.18277,-0.851518,5.27506,-0.0129026,0.00215977,0.0328569,0.342026,0,0,0
14.815,3,0,0,0,0,0,0,0,0,0,0
14.815,4,0,0,0,0,0,0,0,0,0,0
14.815,5,0,0,0,0,0,0,0,0,0,0
14.8728,0,0.798373,-0.487921,6.69115,-0.0471411,-0.0960788,0.0282364,0.537048,0,0,0
14.8728,1,0.599976,-0.978488,3.45943,-0.000968479,0.0156125,0.00200733,0.429533,0,0,0
14.8728,2,-2.18332,-0.851608,5.27685,-0.0119035,0.00259925,0.0318657,0.344484,0,0,0
14.8728,3,0,0,0,0,0,0,0,0,0,0
14.8728,4,0,0,0,0,0,0,0,0,0,0
14.8728,5,0,0,0,0,0,0,0,0,0,0
14.9288,0,0.795915,-0.493602,6.6926,-0.0467486,-0.0980851,0.0270998,0.528997,0,0,0
14.9288,1,0.599853,-0.977656,3.45953,-0.000736019,0.015351,0.00202737,0.42899,0,0,0
14.9288,2,-2.18375,-0.851711,5.2785,-0.010617,0.00286467,0.0313022,0.344484,0,0,0
14.9288,3,0,0,0,0,0,0,0,0,0,0
14.9288,4,0,0,0,0,0,0,0,0,0,0
14.9288,5,0,0,0,0,0,0,0,0,0,0
14.9841,0,0.79282,-0.500376,6.69402,-0.0483889,-0.103474,0.0263124,0.528997,0,0,0
14.9841,1,0.599746,-0.976982,3.45967,-0.000628268,0.0151011,0.002099,0.42899,0,0,0
14.9841,2,-2.18431,-0.851589,5.27958,-0.0100381,0.00388678,0.0309027,0.346577,0,0,0
14.9841,3,0,0,0,0,0,0,0,0,0,0
14.9841,4,0,0,0,0,0,0,0,0,0,0
14.9841,5,0,0,0,0,0,0,0,0,0,0
15.0397,0,0.789925,-0.506346,6.6954,-0.0490351,-0.104528,0.0255993,0.519884,0,0,0
15.0397,1,0.599685,-0.976425,3.45979,-0.000365111,0.0144596,0.00219155,0.428417,0,0,0
15.0397,2,-2.18452,-0.851891,5.2814,-0.00831691,0.00328918,0.0275822,0.346577,0,0,0
15.0397,3,0,0,0,0,0,0,0,0,0,0
15.0397,4,0,0,0,0,0,0,0,0,0,0
15.0397,5,0,0,0,0,0,0,0,0,0,0
15.0899,0,0.78786,-0.509418,6.69675,-0.0478272,-0.0964981,0.0252972,0.519884,0,0,0
15.0899,1,0.599741,-0.975631,3.4599,0.000185029,0.0148382,0.00224543,0.427872,0,0,0
15.0899,2,-2.18489,-0.851973,5.28252,-0.00738509,0.00345387,0.0113955,0.348394,0,0,0
15.0899,3,0,0,0,0,0,0,0,0,0,0
15.0899,4,0,0,0,0,0,0,0,0,0,0
15.0899,5,0,0,0,0,0,0,0,0,0,0
15.14,0,0.786706,-0.512556,6.69815,-0.0431999,-0.089278,0.0248027,0.513513,0,0,0
15.14,1,0.599609,-0.975139,3.45994,0.000158339,0.0140681,0.0022004,0.427872,0,0,0
15.14,2,-2.18526,-0.852164,5.28272,-0.0066164,0.0030185,-0.010229,0.348394,0,0,0
15.14,3,0,0,0,0,0,0,0,0,0,0
15.14,4,0,0,0,0,0,0,0,0,0,0
15.14,5,0,0,0,0,0,0,0,0,0,0
15.1953,0,0.785093,-0.515631,6.69948,-0.0407361,-0.0826992,0.0242856,0.513513,0,0,0
15.1953,1,0.599452,-0.974416,3.46008,-0.000118912,0.0143042,0.00216099,0.427872,0,0,0
15.1953,2,-2.18562,-0.852519,5.28158,-0.0060459,0.00192662,-0.0337176,0.348585,0,0,0
15.1953,3,0,0,0,0,0,0,0,0,0,0
15.1953,4,0,0,0,0,0,0,0,0,0,0
15.1953,5,0,0,0,0,0,0,0,0,0,0
15.253,0,0.784275,-0.516931,6.69934,-0.0366401,-0.0719177,0.0245811,0.509966,0,0,0
15.253,1,0.599341,-0.973523,3.46021,-0.00025991,0.0150622,0.00211545,0.427427,0,0,0
15.253,2,-2.1861,-0.853044,5.27894,-0.00601882,0.000244345,-0.0645595,0.348585,0,0,0
15.253,3,0,0,0,0,0,0,0,0,0,0
15.253,4,0,0,0,0,0,0,0,0,0,0
15.253,5,0,0,0,0,0,0,0,0,0,0
15.3077,0,0.781558,-0.524334,6.70164,-0.0383849,-0.0836944,0.0233879,0.509966,0,0,0
15.3077,1,0.599323,-0.972838,3.46031,1.245e-06,0.0149749,0.00200297,0.426845,0,0,0
15.3077,2,-2.18669,-0.85394,5.27455,-0.00613759,-0.00234325,-0.0943502,0.34635,0,0,0
15.3077,3,0,0,0,0,0,0,0,0,0,0
15.3077,4,0,0,0,0,0,0,0,0,0,0
15.3077,5,0,0,0,0,0,0,0,0,0,0
15.3634,0,0.779058,-0.530437,6.70329,-0.0397081,-0.089518,0.0232872,0.504152,0,0,0
15.3634,1,0.599323,-0.972838,3.46031,1.245e-06,0.0149749,0.00200297,0.426845,0,0,0
15.3634,2,-2.18738,-0.854991,5.26903,-0.00670819,-0.00502696,-0.115967,0.34635,0,0,0
15.3634,3,0,0,0,0,0,0,0,0,0,0
15.3634,4,0,0,0,0,0,0,0,0,0,0
15.3634,5,0,0,0,0,0,0,0,0,0,0
15.4153,0,0.777288,-0.534838,6.70464,-0.0385073,-0.0885486,0.022485,0.504152,0,0,0
15.4153,1,0.599324,-0.972144,3.46041,0.000278558,0.014923,0.00189812,0.426589,0,0,0
15.4153,2,-2.18804,-0.856102,5.26427,-0.00700727,-0.00735005,-0.131181,0.344566,0,0,0
15.4153,3,0,0,0,0,0,0,0,0,0,0
15.4153,4,0,0,0,0,0,0,0,0,0,0
15.4153,5,0,0,0,0,0,0,0,0,0,0
15.4682,0,0.775434,-0.538839,6.70583,-0.0377646,-0.0862048,0.0219063,0.49756,0,0,0
15.4682,1,0.599315,-0.971472,3.4605,0.000480629,0.0146662,0.00182937,0.426589,0,0,0
15.4682,2,-2.18924,-0.857929,5.25571,-0.00889142,-0.011589,-0.148589,0.344566,0,0,0
15.4682,3,0,0,0,0,0,0,0,0,0,0
15.4682,4,0,0,0,0,0,0,0,0,0,0
15.4682,5,0,0,0,0,0,0,0,0,0,0
15.5265,0,0.773784,-0.542988,6.70704,-0.0356888,-0.0831531,0.0216287,0.492564,0,0,0
15.5265,1,0.599353,-0.970896,3.4606,0.000830151,0.0140987,0.0017974,0.426589,0,0,0
15.5265,2,-2.18998,-0.858804,5.24644,-0.00934652,-0.0122279,-0.15448,0.337968,0,0,0
15.5265,3,0,0,0,0,0,0,0,0,0,0
15.5265,4,0,0,0,0,0,0,0,0,0,0
15.5265,5,0,0,0,0,0,0,0,0,0,0
15.5855,0,0.772212,-0.546968,6.70811,-0.0336224,-0.0799552,0.0215257,0.492564,0,0,0
15.5855,1,0.599321,-0.970135,3.4607,0.000833903,0.0141594,0.00181065,0.426128,0,0,0
15.5855,2,-2.19121,-0.861069,5.2382,-0.0110636,-0.0170339,-0.157039,0.337968,0,0,0
15.5855,3,0,0,0,0,0,0,0,0,0,0
15.5855,4,0,0,0,0,0,0,0,0,0,0
15.5855,5,0,0,0,0,0,0,0,0,0,0
15.6419,0,0.770965,-0.550366,6.70913,-0.0315625,-0.0769592,0.0214231,0.488197,0,0,0
15.6419,1,0.599357,-0.969574,3.46079,0.00109332,0.0137311,0.0018643,0.425641,0,0,0
15.6419,2,-2.19219,-0.862645,5.2304,-0.0118257,-0.0191484,-0.155138,0.33447,0,0,0
15.6419,3,0,0,0,0,0,0,0,0,0,0
15.6419,4,0,0,0,0,0,0,0,0,0,0
15.6419,5,0,0,0,0,0,0,0,0,0,0
15.6986,0,0.769739,-0.552922,6.71012,-0.0298631,-0.0712901,0.0214794,0.488197,0,0,0
15.6986,1,0.599285,-0.968628,3.46089,0.000812348,0.014649,0.00192542,0.425641,0,0,0
15.6986,2,-2.19306,-0.86387,5.22636,-0.0121931,-0.0197126,-0.15052,0.33447,0,0,0
15.6986,3,0,0,0,0,0,0,0,0,0,0
15.6986,4,0,0,0,0,0,0,0,0,0,0
15.6986,5,0,0,0,0,0,0,0,0,0,0
15.7488,0,0.768443,-0.556096,6.71111,-0.0281932,-0.0679662,0.0216528,0.485024,0,0,0
15.7488,1,0.599433,-0.968195,3.461,0.00148415,0.0136727,0.00202488,0.425128,0,0,0
15.7488,2,-2.19383,-0.864986,5.22209,-0.0120285,-0.0195594,-0.141187,0.333435,0,0,0
15.7488,3,0,0,0,0,0,0,0,0,0,0
15.7488,4,0,0,0,0,0,0,0,0,0,0
15.7488,5,0,0,0,0,0,0,0,0,0,0
15.8025,0,0.767521,-0.557761,6.71207,-0.0261049,-0.0606436,0.0218186,0.485024,0,0,0
15.8025,1,0.599347,-0.96737,3.46111,0.0011442,0.0142756,0.00211456,0.425128,0,0,0
15.8025,2,-2.19456,-0.866123,5.21707,-0.0119688,-0.0197507,-0.124702,0.333435,0,0,0
15.8025,3,0,0,0,0,0,0,0,0,0,0
15.8025,4,0,0,0,0,0,0,0,0,0,0
15.8025,5,0,0,0,0,0,0,0,0,0,0
15.8553,0,0.767042,-0.558979,6.71305,-0.0222191,-0.0513677,0.0222118,0.484068,0,0,0
15.8553,1,0.599317,-0.966681,3.46122,0.00107207,0.0142409,0.00218868,0.424593,0,0,0
15.8553,2,-2.19519,-0.867009,5.21262,-0.0117485,-0.0193208,-0.0987953,0.332058,0,0,0
15.8553,3,0,0,0,0,0,0,0,0,0,0
15.8553,4,0,0,0,0,0,0,0,0,0,0
15.8553,5,0,0,0,0,0,0,0,0,0,0
15.9129,0,0.76584,-0.563483,6.71454,-0.0210668,-0.0562203,0.0220296,0.484068,0,0,0
15.9129,1,0.599558,-0.965534,3.46135,0.00192212,0.013522,0.00223713,0.424593,0,0,0
15.9129,2,-2.19604,-0.868434,5.20695,-0.0122725,-0.0208871,-0.0680965,0.332058,0,0,0
15.9129,3,0,0,0,0,0,0,0,0,0,0
15.9129,4,0,0,0,0,0,0,0,0,0,0
15.9129,5,0,0,0,0,0,0,0,0,0,0
15.9642,0,0.763435,-0.569234,6.71574,-0.0240562,-0.0640958,0.0229832,0.481834,0,0,0
15.9642,1,0.599485,-0.96567,3.46139,0.00167728,0.013046,0.00225812,0.424204,0,0,0
15.9642,2,-2.1968,-0.869427,5.20393,-0.0125848,-0.020906,-0.0361847,0.331385,0,0,0
15.9642,3,0,0,0,0,0,0,0,0,0,0
15.9642,4,0,0,0,0,0,0,0,0,0,0
15.9642,5,0,0,0,0,0,0,0,0,0,0
16.0246,0,0.761394,-0.57319,6.71706,-0.0260254,-0.0653031,0.0228034,0.481834,0,0,0
16.0246,1,0.59958,-0.964007,3.46167,0.00171135,0.0145346,0.00234908,0.424204,0,0,0
16.0246,2,-2.19778,-0.870848,5.20168,-0.0134889,-0.0222422,-0.0189373,0.331385,0,0,0
16.0246,3,0,0,0,0,0,0,0,0,0,0
16.0246,4,0,0,0,0,0,0,0,0,0,0
16.0246,5,0,0,0,0,0,0,0,0,0,0
16.08,0,0.75984,-0.577154,6.71824,-0.0259456,-0.0665165,0.0224273,0.476129,0,0,0
16.08,1,0.59958,-0.964007,3.46167,0.00171135,0.0145346,0.00234908,0.423566,0,0,0
16.08,2,-2.1986,-0.871728,5.19956,-0.0139182,-0.0218632,0.0335667,0.331793,0,0,0
16.08,3,0,0,0,0,0,0,0,0,0,0
16.08,4,0,0,0,0,0,0,0,0,0,0
16.08,5,0,0,0,0,0,0,0,0,0,0
16.133,0,0.758017,-0.580892,6.71953,-0.0269809,-0.0667854,0.0219923,0.476129,0,0,0
16.133,1,0.599708,-0.962441,3.46181,0.00194726,0.0150688,0.00235741,0.423566,0,0,0
16.133,2,-2.19952,-0.873043,5.20208,-0.0144633,-0.0227719,0.0528144,0.331793,0,0,0
16.133,3,0,0,0,0,0,0,0,0,0,0
16.133,4,0,0,0,0,0,0,0,0,0,0
16.133,5,0,0,0,0,0,0,0,0,0,0
16.1848,0,0.755703,-0.585201,6.72075,-0.0286987,-0.0669814,0.0212049,0.472115,0,0,0
16.1848,1,0.599805,-0.961728,3.4619,0.00214054,0.0146061,0.00235434,0.422855,0,0,0
16.1848,2,-2.2003,-0.872704,5.20561,-0.0145925,-0.017949,0.0691139,0.333553,0,0,0
16.1848,3,0,0,0,0,0,0,0,0,0,0
16.1848,4,0,0,0,0,0,0,0,0,0,0
16.1848,5,0,0,0,0,0,0,0,0,0,0
16.2401,0,0.754069,-0.588435,6.72166,-0.0278763,-0.0630873,0.0206501,0.472115,0,0,0
16.2401,1,0.600038,-0.961272,3.46206,0.0027505,0.013731,0.00241229,0.422855,0,0,0
16.2401,2,-2.20041,-0.872351,5.20916,-0.0124923,-0.0136244,0.0786338,0.333553,0,0,0
16.2401,3,0,0,0,0,0,0,0,0,0,0
16.2401,4,0,0,0,0,0,0,0,0,0,0
16.2401,5,0,0,0,0,0,0,0,0,0,0
16.2954,0,0.752179,-0.59192,6.72264,-0.0291005,-0.0631638,0.0198094,0.467926,0,0,0
16.2954,1,0.599984,-0.959751,3.46229,0.00223248,0.0140637,0.00255871,0.422435,0,0,0
16.2954,2,-2.20034,-0.87196,5.21271,-0.00995846,-0.0096606,0.0823696,0.336124,0,0,0
16.2954,3,0,0,0,0,0,0,0,0,0,0
16.2954,4,0,0,0,0,0,0,0,0,0,0
16.2954,5,0,0,0,0,0,0,0,0,0,0
16.3542,0,0.750685,-0.595784,6.72359,-0.0287693,-0.0647641,0.0191603,0.467926,0,0,0
16.3542,1,0.600059,-0.959761,3.46241,0.00250349,0.0140181,0.00263223,0.422435,0,0,0
16.3542,2,-2.20085,-0.871636,5.21764,-0.00974904,-0.00632343,0.081558,0.336124,0,0,0
16.3542,3,0,0,0,0,0,0,0,0,0,0
16.3542,4,0,0,0,0,0,0,0,0,0,0
16.3542,5,0,0,0,0,0,0,0,0,0,0
16.4096,0,0.749072,-0.59895,6.72483,-0.0290166,-0.0636189,0.0183315,0.463977,0,0,0
16.4096,1,0.600059,-0.959761,3.46241,0.00250349,0.0140181,0.00263223,0.42194,0,0,0
16.4096,2,-2.2007,-0.870957,5.22209,-0.0071866,-0.00233553,0.0775998,0.338785,0,0,0
16.4096,3,0,0,0,0,0,0,0,0,0,0
16.4096,4,0,0,0,0,0,0,0,0,0,0
16.4096,5,0,0,0,0,0,0,0,0,0,0
16.4598,0,0.747362,-0.60219,6.72574,-0.0293114,-0.0623249,0.0177871,0.463977,0,0,0
16.4598,1,0.600081,-0.957979,3.46261,0.00206676,0.0149619,0.0027125,0.42194,0,0,0
16.4598,2,-2.20119,-0.870346,5.22619,-0.00736618,0.000891316,0.0705881,0.338785,0,0,0
16.4598,3,0,0,0,0,0,0,0,0,0,0
16.4598,4,0,0,0,0,0,0,0,0,0,0
16.4598,5,0,0,0,0,0,0,0,0,0,0
16.5125,0,0.745375,-0.606427,6.72665,-0.0300744,-0.0640978,0.0170272,0.460885,0,0,0
16.5125,1,0.600261,-0.957125,3.46277,0.00245055,0.0152582,0.00275762,0.421059,0,0,0
16.5125,2,-2.20117,-0.869896,5.22926,-0.00571202,0.00292979,0.063263,0.34156,0,0,0
16.5125,3,0,0,0,0,0,0,0,0,0,0
16.5125,4,0,0,0,0,0,0,0,0,0,0
16.5125,5,0,0,0,0,0,0,0,0,0,0
16.5627,0,0.743386,-0.610615,6.72739,-0.0313068,-0.0666974,0.0166542,0.460885,0,0,0
16.5627,1,0.600175,-0.957145,3.4629,0.00214609,0.0151973,0.00277675,0.421059,0,0,0
16.5627,2,-2.20139,-0.869421,5.23198,-0.00519309,0.00481002,0.0559645,0.34156,0,0,0
16.5627,3,0,0,0,0,0,0,0,0,0,0
16.5627,4,0,0,0,0,0,0,0,0,0,0
16.5627,5,0,0,0,0,0,0,0,0,0,0
16.6143,0,0.74128,-0.61523,6.72828,-0.0322108,-0.0692217,0.0161617,0.456174,0,0,0
16.6143,1,0.600413,-0.955603,3.46304,0.00248118,0.0150852,0.00278161,0.420492,0,0,0
16.6143,2,-2.20168,-0.869026,5.2348,-0.00494188,0.00609445,0.0496396,0.343525,0,0,0
16.6143,3,0,0,0,0,0,0,0,0,0,0
16.6143,4,0,0,0,0,0,0,0,0,0,0
16.6143,5,0,0,0,0,0,0,0,0,0,0
16.6725,0,0.739151,-0.619823,6.72914,-0.0330851,-0.0716734,0.0157191,0.456174,0,0,0
16.6725,1,0.600459,-0.955305,3.46319,0.00244946,0.013628,0.00278138,0.420492,0,0,0
16.6725,2,-2.20205,-0.868627,5.23767,-0.00483938,0.00711677,0.0444184,0.343525,0,0,0
16.6725,3,0,0,0,0,0,0,0,0,0,0
16.6725,4,0,0,0,0,0,0,0,0,0,0
16.6725,5,0,0,0,0,0,0,0,0,0,0
16.7236,0,0.737541,-0.622127,6.72998,-0.0329676,-0.0666749,0.0152299,0.451181,0,0,0
16.7236,1,0.600465,-0.955298,3.46332,0.00247084,0.0136501,0.00274166,0.420155,0,0,0
16.7236,2,-2.20231,-0.868414,5.23938,-0.00453818,0.00734995,0.0412205,0.345969,0,0,0
16.7236,3,0,0,0,0,0,0,0,0,0,0
16.7236,4,0,0,0,0,0,0,0,0,0,0
16.7236,5,0,0,0,0,0,0,0,0,0,0
16.7827,0,0.736038,-0.625686,6.73071,-0.0316901,-0.0656711,0.014718,0.451181,0,0,0
16.7827,1,0.600524,-0.953858,3.46347,0.00205964,0.0137825,0.00269531,0.420155,0,0,0
16.7827,2,-2.20268,-0.868147,5.24169,-0.00463666,0.0077086,0.0383065,0.345969,0,0,0
16.7827,3,0,0,0,0,0,0,0,0,0,0
16.7827,4,0,0,0,0,0,0,0,0,0,0
16.7827,5,0,0,0,0,0,0,0,0,0,0
16.8386,0,0.734436,-0.629613,6.73146,-0.0307253,-0.0659488,0.0141909,0.44835,0,0,0
16.8386,1,0.600747,-0.953052,3.46363,0.00255135,0.0141703,0.00266201,0.419728,0,0,0
16.8386,2,-2.20287,-0.868139,5.24345,-0.00408007,0.0070587,0.0370601,0.347905,0,0,0
16.8386,3,0,0,0,0,0,0,0,0,0,0
16.8386,4,0,0,0,0,0,0,0,0,0,0
16.8386,5,0,0,0,0,0,0,0,0,0,0
16.9,0,0.732956,-0.631742,6.73217,-0.0304841,-0.0612094,0.0137315,0.44835,0,0,0
16.9,1,0.600767,-0.952503,3.46378,0.00236028,0.0136432,0.0026013,0.419728,0,0,0
16.9,2,-2.20319,-0.867946,5.24495,-0.004144,0.00716164,0.0365162,0.347905,0,0,0
16.9,3,0,0,0,0,0,0,0,0,0,0
16.9,4,0,0,0,0,0,0,0,0,0,0
16.9,5,0,0,0,0,0,0,0,0,0,0
16.9565,0,0.731544,-0.635999,6.73297,-0.0296215,-0.0647519,0.0130662,0.445416,0,0,0
16.9565,1,0.600883,-0.951848,3.4639,0.00245525,0.013545,0.0025517,0.419164,0,0,0
16.9565,2,-2.2036,-0.86794,5.24723,-0.00436507,0.00653074,0.035927,0.349495,0,0,0
16.9565,3,0,0,0,0,0,0,0,0,0,0
16.9565,4,0,0,0,0,0,0,0,0,0,0
16.9565,5,0,0,0,0,0,0,0,0,0,0
17.0153,0,0.730144,-0.638614,6.73359,-0.0288914,-0.0613547,0.0127786,0.442178,0,0,0
17.0153,1,0.601027,-0.951097,3.46401,0.00261838,0.01358,0.0025062,0.419164,0,0,0
17.0153,2,-2.20386,-0.867929,5.249,-0.00414652,0.00603971,0.0309067,0.349495,0,0,0
17.0153,3,0,0,0,0,0,0,0,0,0,0
17.0153,4,0,0,0,0,0,0,0,0,0,0
17.0153,5,0,0,0,0,0,0,0,0,0,0
17.073,0,0.728848,-0.641667,6.73433,-0.0277013,-0.0599526,0.0124131,0.442178,0,0,0
17.073,1,0.60108,-0.950469,3.46414,0.00207445,0.0132591,0.00247125,0.418664,0,0,0
17.073,2,-2.20408,-0.867859,5.25045,-0.00370608,0.00571603,0.0172451,0.351535,0,0,0
17.073,3,0,0,0,0,0,0,0,0,0,0
17.073,4,0,0,0,0,0,0,0,0,0,0
17.073,5,0,0,0,0,0,0,0,0,0,0
17.1291,0,0.727668,-0.644256,6.73496,-0.0266806,-0.0577805,0.0122144,0.442178,0,0,0
17.1291,1,0.60119,-0.949774,3.46425,0.00216657,0.0132578,0.00246508,0.418174,0,0,0
17.1291,2,-2.20429,-0.868022,5.25068,-0.00340938,0.00455336,-0.00284824,0.351535,0,0,0
17.1291,3,0,0,0,0,0,0,0,0,0,0
17.1291,4,0,0,0,0,0,0,0,0,0,0
17.1291,5,0,0,0,0,0,0,0,0,0,0
17.1863,0,0.726758,-0.646258,6.73544,-0.0249576,-0.0539159,0.0121353,0.439725,0,0,0
17.1863,1,0.601337,-0.949423,3.46436,0.00246968,0.0121584,0.00247055,0.418174,0,0,0
17.1863,2,-2.20445,-0.868201,5.24985,-0.00303671,0.00337539,-0.0286964,0.352528,0,0,0
17.1863,3,0,0,0,0,0,0,0,0,0,0
17.1863,4,0,0,0,0,0,0,0,0,0,0
17.1863,5,0,0,0,0,0,0,0,0,0,0
17.2418,0,0.725976,-0.647841,6.73598,-0.0230959,-0.0491667,0.0121718,0.438297,0,0,0
17.2418,1,0.601404,-0.948843,3.46453,0.00239847,0.0120504,0.00248103,0.41773,0,0,0
17.2418,2,-2.20463,-0.868568,5.2469,-0.00285285,0.00160514,-0.0661383,0.352528,0,0,0
17.2418,3,0,0,0,0,0,0,0,0,0,0
17.2418,4,0,0,0,0,0,0,0,0,0,0
17.2418,5,0,0,0,0,0,0,0,0,0,0
17.2978,0,0.725174,-0.65021,6.73668,-0.0213517,-0.0478441,0.0123323,0.438297,0,0,0
17.2978,1,0.601464,-0.94806,3.46464,0.00223056,0.0125367,0.00248579,0.41773,0,0,0
17.2978,2,-2.20499,-0.869192,5.24213,-0.00327045,-0.000692137,-0.0942615,0.351507,0,0,0
17.2978,3,0,0,0,0,0,0,0,0,0,0
17.2978,4,0,0,0,0,0,0,0,0,0,0
17.2978,5,0,0,0,0,0,0,0,0,0,0
17.3556,0,0.724338,-0.651816,6.73727,-0.0201579,-0.0440608,0.0125719,0.43694,0,0,0
17.3556,1,0.60164,-0.947676,3.46476,0.00260771,0.0114819,0.00246628,0.417278,0,0,0
17.3556,2,-2.20525,-0.869936,5.23657,-0.00326517,-0.00302891,-0.116976,0.348626,0,0,0
17.3556,3,0,0,0,0,0,0,0,0,0,0
17.3556,4,0,0,0,0,0,0,0,0,0,0
17.3556,5,0,0,0,0,0,0,0,0,0,0
17.4059,0,0.723622,-0.653808,6.73797,-0.0186377,-0.0422514,0.0127194,0.43694,0,0,0
17.4059,1,0.601687,-0.94668,3.4649,0.00227341,0.0128913,0.00246239,0.417278,0,0,0
17.4059,2,-2.20574,-0.870706,5.23021,-0.00403863,-0.00491036,-0.133248,0.348626,0,0,0
17.4059,3,0,0,0,0,0,0,0,0,0,0
17.4059,4,0,0,0,0,0,0,0,0,0,0
17.4059,5,0,0,0,0,0,0,0,0,0,0
17.4562,0,0.722881,-0.655569,6.73864,-0.0174706,-0.0399097,0.0127469,0.435849,0,0,0
17.4562,1,0.601886,-0.946054,3.46502,0.00264291,0.0127863,0.00246165,0.416734,0,0,0
17.4562,2,-2.20618,-0.871504,5.22503,-0.00450803,-0.00654056,-0.141851,0.348626,0,0,0
17.4562,3,0,0,0,0,0,0,0,0,0,0
17.4562,4,0,0,0,0,0,0,0,0,0,0
17.4562,5,0,0,0,0,0,0,0,0,0,0
17.5145,0,0.720419,-0.660113,6.73943,-0.0186484,-0.0394638,0.0125714,0.435849,0,0,0
17.5145,1,0.602014,-0.945389,3.46515,0.00268185,0.0126425,0.00244933,0.416734,0,0,0
17.5145,2,-2.20668,-0.872115,5.21688,-0.00508373,-0.00720923,-0.149787,0.345979,0,0,0
17.5145,3,0,0,0,0,0,0,0,0,0,0
17.5145,4,0,0,0,0,0,0,0,0,0,0
17.5145,5,0,0,0,0,0,0,0,0,0,0
17.5738,0,0.719974,-0.663393,6.74001,-0.0165308,-0.0425708,0.0123981,0.432469,0,0,0
17.5738,1,0.602175,-0.94458,3.46529,0.00277166,0.0129914,0.00242667,0.416206,0,0,0
17.5738,2,-2.20743,-0.873713,5.21023,-0.00632818,-0.0110161,-0.146784,0.345979,0,0,0
17.5738,3,0,0,0,0,0,0,0,0,0,0
17.5738,4,0,0,0,0,0,0,0,0,0,0
17.5738,5,0,0,0,0,0,0,0,0,0,0
17.6372,0,0.719181,-0.664429,6.74051,-0.0159928,-0.0379834,0.012172,0.432469,0,0,0
17.6372,1,0.60235,-0.943866,3.4654,0.00292615,0.0129597,0.00239663,0.416206,0,0,0
17.6372,2,-2.20824,-0.875054,5.20024,-0.0075431,-0.0134533,-0.141735,0.343183,0,0,0
17.6372,3,0,0,0,0,0,0,0,0,0,0
17.6372,4,0,0,0,0,0,0,0,0,0,0
17.6372,5,0,0,0,0,0,0,0,0,0,0
17.6924,0,0.71749,-0.667205,6.74118,-0.018155,-0.0395703,0.0117915,0.431074,0,0,0
17.6924,1,0.602492,-0.943085,3.46553,0.00293306,0.013289,0.0023524,0.415706,0,0,0
17.6924,2,-2.20902,-0.876153,5.19286,-0.00867847,-0.0149002,-0.133943,0.340843,0,0,0
17.6924,3,0,0,0,0,0,0,0,0,0,0
17.6924,4,0,0,0,0,0,0,0,0,0,0
17.6924,5,0,0,0,0,0,0,0,0,0,0
17.7477,0,0.71689,-0.670033,6.74182,-0.016601,-0.0407121,0.0115762,0.431074,0,0,0
17.7477,1,0.60272,-0.942316,3.46563,0.0032587,0.0135253,0.00233755,0.415706,0,0,0
17.7477,2,-2.20975,-0.877139,5.18623,-0.00951379,-0.0157989,-0.126329,0.340843,0,0,0
17.7477,3,0,0,0,0,0,0,0,0,0,0
17.7477,4,0,0,0,0,0,0,0,0,0,0
17.7477,5,0,0,0,0,0,0,0,0,0,0
17.8055,0,0.715813,-0.672831,6.74247,-0.0165326,-0.0418874,0.0113196,0.429133,0,0,0
17.8055,1,0.6028,-0.941635,3.46577,0.00305126,0.0135796,0.00233774,0.415218,0,0,0
17.8055,2,-2.21053,-0.878115,5.18129,-0.0103856,-0.0165392,-0.11617,0.340234,0,0,0
17.8055,3,0,0,0,0,0,0,0,0,0,0
17.8055,4,0,0,0,0,0,0,0,0,0,0
17.8055,5,0,0,0,0,0,0,0,0,0,0
17.8563,0,0.714962,-0.674941,6.74296,-0.0161506,-0.0411103,0.0111632,0.429133,0,0,0
17.8563,1,0.602942,-0.94119,3.46588,0.00313446,0.0127663,0.00234959,0.415218,0,0,0
17.8563,2,-2.21131,-0.879036,5.17492,-0.0110751,-0.0168839,-0.108827,0.340234,0,0,0
17.8563,3,0,0,0,0,0,0,0,0,0,0
17.8563,4,0,0,0,0,0,0,0,0,0,0
17.8563,5,0,0,0,0,0,0,0,0,0,0
17.9127,0,0.713891,-0.67644,6.74372,-0.0163132,-0.0378328,0.0107545,0.428115,0,0,0
17.9127,1,0.603074,-0.940361,3.466,0.00304481,0.013286,0.00235606,0.414767,0,0,0
17.9127,2,-2.21196,-0.880026,5.1688,-0.0111571,-0.0173605,-0.103994,0.339837,0,0,0
17.9127,3,0,0,0,0,0,0,0,0,0,0
17.9127,4,0,0,0,0,0,0,0,0,0,0
17.9127,5,0,0,0,0,0,0,0,0,0,0
17.9663,0,0.713397,-0.678564,6.74434,-0.0148527,-0.0376904,0.0105853,0.428115,0,0,0
17.9663,1,0.603273,-0.939628,3.46612,0.00325076,0.0134123,0.00236404,0.414767,0,0,0
17.9663,2,-2.21278,-0.880935,5.16432,-0.0114892,-0.0170813,-0.102442,0.339837,0,0,0
17.9663,3,0,0,0,0,0,0,0,0,0,0
17.9663,4,0,0,0,0,0,0,0,0,0,0
17.9663,5,0,0,0,0,0,0,0,0,0,0
18.0165,0,0.712393,-0.679987,6.745,-0.0150086,-0.0347042,0.0104201,0.42728,0,0,0
18.0165,1,0.603391,-0.939556,3.46619,0.00328988,0.0113961,0.00236403,0.414441,0,0,0
18.0165,2,-2.21322,-0.881174,5.16169,-0.0110658,-0.0152082,-0.0829082,0.340256,0,0,0
18.0165,3,0,0,0,0,0,0,0,0,0,0
18.0165,4,0,0,0,0,0,0,0,0,0,0
18.0165,5,0,0,0,0,0,0,0,0,0,0
18.0698,0,0.711365,-0.682388,6.74553,-0.0152375,-0.0355032,0.0102129,0.42728,0,0,0
18.0698,1,0.603413,-0.938671,3.46632,0.00278981,0.0123771,0.00236956,0.414441,0,0,0
18.0698,2,-2.21388,-0.882057,5.15661,-0.0114464,-0.0157461,-0.0672872,0.340256,0,0,0
18.0698,3,0,0,0,0,0,0,0,0,0,0
18.0698,4,0,0,0,0,0,0,0,0,0,0
18.0698,5,0,0,0,0,0,0,0,0,0,0
18.1199,0,0.711527,-0.682526,6.74604,-0.0146388,-0.0360125,0.00992928,0.42644,0,0,0
18.1199,1,0.603663,-0.937943,3.46647,0.00319606,0.0126952,0.00238895,0.413898,0,0,0
18.1199,2,-2.21438,-0.882585,5.15478,-0.0114411,-0.0153622,-0.0209542,0.340769,0,0,0
18.1199,3,0,0,0,0,0,0,0,0,0,0
18.1199,4,0,0,0,0,0,0,0,0,0,0
18.1199,5,0,0,0,0,0,0,0,0,0,0
18.1806,0,0.71064,-0.68387,6.74646,-0.0146987,-0.0331656,0.00987999,0.42644,0,0,0
18.1806,1,0.603777,-0.937743,3.46657,0.00314879,0.0112264,0.0024643,0.413898,0,0,0
18.1806,2,-2.2146,-0.882753,5.1551,-0.0105251,-0.013892,0.0127277,0.340769,0,0,0
18.1806,3,0,0,0,0,0,0,0,0,0,0
18.1806,4,0,0,0,0,0,0,0,0,0,0
18.1806,5,0,0,0,0,0,0,0,0,0,0
18.2412,0,0.708802,-0.687068,6.74705,-0.0178528,-0.0372451,0.00947007,0.426439,0,0,0
18.2412,1,0.603788,-0.937267,3.46697,0.00267963,0.0108629,0.00795161,0.413298,0,0,0
18.2412,2,-2.21469,-0.882493,5.15554,-0.00917766,-0.0108923,0.0288909,0.341142,0,0,0
18.2412,3,0,0,0,0,0,0,0,0,0,0
18.2412,4,0,0,0,0,0,0,0,0,0,0
18.2412,5,0,0,0,0,0,0,0,0,0,0
18.2914,0,0.707002,-0.692712,6.7476,-0.0169694,-0.0413209,0.00916439,0.426439,0,0,0
18.2914,1,0.604087,-0.936126,3.46797,0.00275784,0.0124685,0.0219421,0.413298,0,0,0
18.2914,2,-2.21483,-0.882725,5.16076,-0.00800908,-0.00989175,0.0601029,0.341142,0,0,0
18.2914,3,0,0,0,0,0,0,0,0,0,0
18.2914,4,0,0,0,0,0,0,0,0,0,0
18.2914,5,0,0,0,0,0,0,0,0,0,0
18.3445,0,0.705304,-0.695167,6.748,-0.019165,-0.041584,0.00900374,0.422833,0,0,0
18.3445,1,0.604548,-0.93551,3.46919,0.00346509,0.0121826,0.0316854,0.410806,0,0,0
18.3445,2,-2.21459,-0.882012,5.16288,-0.00718996,-0.00735615,0.0806793,0.341772,0,0,0
18.3445,3,0,0,0,0,0,0,0,0,0,0
18.3445,4,0,0,0,0,0,0,0,0,0,0
18.3445,5,0,0,0,0,0,0,0,0,0,0
18.3998,0,0.704184,-0.697927,6.74842,-0.0194199,-0.0432222,0.00871527,0.422833,0,0,0
18.3998,1,0.605765,-0.934804,3.47179,0.00575495,0.0121103,0.0515173,0.410806,0,0,0
18.3998,2,-2.21503,-0.881443,5.17384,-0.00510815,-0.00214526,0.100554,0.341772,0,0,0
18.3998,3,0,0,0,0,0,0,0,0,0,0
18.3998,4,0,0,0,0,0,0,0,0,0,0
18.3998,5,0,0,0,0,0,0,0,0,0,0
18.4525,0,0.704184,-0.697927,6.74842,-0.0194199,-0.0432222,0.00871527,0.420797,0,0,0
18.4525,1,0.60697,-0.933379,3.47588,0.00717601,0.0145183,0.0704662,0.40377,0,0,0
18.4525,2,-2.21503,-0.881443,5.17384,-0.00510815,-0.00214526,0.100554,0.343575,0,0,0
18.4525,3,0,0,0,0,0,0,0,0,0,0
18.4525,4,0,0,0,0,0,0,0,0,0,0
18.4525,5,0,0,0,0,0,0,0,0,0,0
18.5103,0,0.701961,-0.702423,6.74938,-0.0199067,-0.0428132,0.00819628,0.420797,0,0,0
18.5103,1,0.611256,-0.933027,3.47925,0.0191925,0.0128133,0.0831205,0.40377,0,0,0
18.5103,2,-2.21467,-0.880889,5.17828,-0.00306611,0.000173908,0.103313,0.343575,0,0,0
18.5103,3,0,0,0,0,0,0,0,0,0,0
18.5103,4,0,0,0,0,0,0,0,0,0,0
18.5103,5,0,0,0,0,0,0,0,0,0,0
18.568,0,0.701042,-0.704453,6.74975,-0.0195135,-0.042051,0.00793931,0.41936,0,0,0
18.568,1,0.615693,-0.932149,3.48344,0.030997,0.012869,0.09019,0.395821,0,0,0
18.568,2,-2.21464,-0.880141,5.18411,-0.002271,0.00288578,0.100572,0.344785,0,0,0
18.568,3,0,0,0,0,0,0,0,0,0,0
18.568,4,0,0,0,0,0,0,0,0,0,0
18.568,5,0,0,0,0,0,0,0,0,0,0
18.6216,0,0.700355,-0.706223,6.75011,-0.0184618,-0.0405924,0.00770464,0.41936,0,0,0
18.6216,1,0.620148,-0.9314,3.48658,0.0412953,0.012374,0.0906469,0.395821,0,0,0
18.6216,2,-2.21473,-0.879618,5.18812,-0.00261962,0.00483036,0.0949802,0.344785,0,0,0
18.6216,3,0,0,0,0,0,0,0,0,0,0
18.6216,4,0,0,0,0,0,0,0,0,0,0
18.6216,5,0,0,0,0,0,0,0,0,0,0
18.6871,0,0.699602,-0.707972,6.75057,-0.0176059,-0.0393253,0.00753307,0.418181,0,0,0
18.6871,1,0.628823,-0.930294,3.49207,0.0662355,0.0127666,0.0805983,0.386925,0,0,0
18.6871,2,-2.21476,-0.878838,5.19153,-0.00139902,0.00659243,0.0811237,0.346231,0,0,0
18.6871,3,0,0,0,0,0,0,0,0,0,0
18.6871,4,0,0,0,0,0,0,0,0,0,0
18.6871,5,0,0,0,0,0,0,0,0,0,0
18.7458,0,0.698566,-0.710016,6.75096,-0.0178062,-0.0389675,0.00739497,0.418181,0,0,0
18.7458,1,0.635568,-0.929387,3.4961,0.0814427,0.0126924,0.0658418,0.386925,0,0,0
18.7458,2,-2.21492,-0.878545,5.19617,-0.0020616,0.00767757,0.0737329,0.346231,0,0,0
18.7458,3,0,0,0,0,0,0,0,0,0,0
18.7458,4,0,0,0,0,0,0,0,0,0,0
18.7458,5,0,0,0,0,0,0,0,0,0,0
18.8071,0,0.69766,-0.7119,6.75138,-0.0175783,-0.0381653,0.00726877,0.417107,0,0,0
18.8071,1,0.643096,-0.925424,3.49899,0.0960413,0.0227896,0.0431289,0.379811,0,0,0
18.8071,2,-2.21522,-0.877674,5.19987,-0.00195966,0.00901958,0.0669761,0.348372,0,0,0
18.8071,3,0,0,0,0,0,0,0,0,0,0
18.8071,4,0,0,0,0,0,0,0,0,0,0
18.8071,5,0,0,0,0,0,0,0,0,0,0
18.8572,0,0.696951,-0.713372,6.75172,-0.0167931,-0.0361052,0.00722235,0.417107,0,0,0
18.8572,1,0.6528,-0.925976,3.50033,0.114593,0.0174299,0.0254105,0.379811,0,0,0
18.8572,2,-2.21549,-0.877368,5.20309,-0.00229931,0.00906991,0.0610147,0.348372,0,0,0
18.8572,3,0,0,0,0,0,0,0,0,0,0
18.8572,4,0,0,0,0,0,0,0,0,0,0
18.8572,5,0,0,0,0,0,0,0,0,0,0
18.91,0,0.696202,-0.715056,6.75213,-0.0160404,-0.0347279,0.00716326,0.416193,0,0,0
18.91,1,0.659059,-0.924886,3.50154,0.119416,0.0180899,0.0202389,0.378314,0,0,0
18.91,2,-2.21575,-0.877055,5.20594,-0.00263174,0.00913471,0.0566808,0.350236,0,0,0
18.91,3,0,0,0,0,0,0,0,0,0,0
18.91,4,0,0,0,0,0,0,0,0,0,0
18.91,5,0,0,0,0,0,0,0,0,0,0
18.9727,0,0.695384,-0.716977,6.75249,-0.0157098,-0.0346939,0.00716996,0.416193,0,0,0
18.9727,1,0.663457,-0.923903,3.50053,0.115755,0.0185662,-0.0122956,0.378314,0,0,0
18.9727,2,-2.21594,-0.876923,5.20816,-0.00264124,0.0084974,0.0531253,0.350236,0,0,0
18.9727,3,0,0,0,0,0,0,0,0,0,0
18.9727,4,0,0,0,0,0,0,0,0,0,0
18.9727,5,0,0,0,0,0,0,0,0,0,0
19.0286,0,0.69458,-0.718692,6.75285,-0.015441,-0.0339753,0.00713119,0.415239,0,0,0
19.0286,1,0.672115,-0.923248,3.49941,0.127585,0.0165381,-0.0276985,0.379605,0,0,0
19.0286,2,-2.21616,-0.876581,5.21127,-0.0027689,0.00870316,0.0507651,0.3519,0,0,0
19.0286,3,0,0,0,0,0,0,0,0,0,0
19.0286,4,0,0,0,0,0,0,0,0,0,0
19.0286,5,0,0,0,0,0,0,0,0,0,0
19.0817,0,0.693848,-0.720185,6.75312,-0.0146796,-0.0319863,0.00709763,0.415239,0,0,0
19.0817,1,0.676132,-0.921851,3.49807,0.120898,0.0186533,-0.0332753,0.379605,0,0,0
19.0817,2,-2.21646,-0.876522,5.21315,-0.00306954,0.00784796,0.0446822,0.3519,0,0,0
19.0817,3,0,0,0,0,0,0,0,0,0,0
19.0817,4,0,0,0,0,0,0,0,0,0,0
19.0817,5,0,0,0,0,0,0,0,0,0,0
19.1403,0,0.692913,-0.722054,6.75348,-0.0147462,-0.0316571,0.0069819,0.414349,0,0,0
19.1403,1,0.678997,-0.920452,3.49627,0.112236,0.0209521,-0.036867,0.383255,0,0,0
19.1403,2,-2.21664,-0.876351,5.215,-0.00291075,0.00745117,0.0284369,0.353301,0,0,0
19.1403,3,0,0,0,0,0,0,0,0,0,0
19.1403,4,0,0,0,0,0,0,0,0,0,0
19.1403,5,0,0,0,0,0,0,0,0,0,0
19.1968,0,0.692343,-0.723655,6.75388,-0.0133997,-0.0299899,0.0069142,0.414349,0,0,0
19.1968,1,0.679508,-0.919532,3.494,0.0947628,0.0214266,-0.036694,0.383255,0,0,0
19.1968,2,-2.21689,-0.876276,5.21622,-0.00295438,0.00661338,-0.000586587,0.353301,0,0,0
19.1968,3,0,0,0,0,0,0,0,0,0,0
19.1968,4,0,0,0,0,0,0,0,0,0,0
19.1968,5,0,0,0,0,0,0,0,0,0,0
19.2493,0,0.691389,-0.72547,6.7542,-0.0138531,-0.0300605,0.00682866,0.413512,0,0,0
19.2493,1,0.677229,-0.92074,3.49287,0.0728214,0.0152526,-0.0342087,0.388384,0,0,0
19.2493,2,-2.21693,-0.876225,5.21517,-0.00225649,0.00563445,-0.0310126,0.353618,0,0,0
19.2493,3,0,0,0,0,0,0,0,0,0,0
19.2493,4,0,0,0,0,0,0,0,0,0,0
19.2493,5,0,0,0,0,0,0,0,0,0,0
19.3065,0,0.69078,-0.727228,6.75458,-0.0130815,-0.029742,0.00672073,0.413512,0,0,0
19.3065,1,0.675202,-0.920691,3.49134,0.0541571,0.013763,-0.0312799,0.388384,0,0,0
19.3065,2,-2.21704,-0.876437,5.21221,-0.00193264,0.00400261,-0.0603601,0.353618,0,0,0
19.3065,3,0,0,0,0,0,0,0,0,0,0
19.3065,4,0,0,0,0,0,0,0,0,0,0
19.3065,5,0,0,0,0,0,0,0,0,0,0
19.3567,0,0.690305,-0.728552,6.75491,-0.0121425,-0.0286858,0.0066388,0.412603,0,0,0
19.3567,1,0.673107,-0.919525,3.48997,0.0378604,0.0164885,-0.0288427,0.389615,0,0,0
19.3567,2,-2.21731,-0.876381,5.20758,-0.00232526,0.00368469,-0.0767896,0.352134,0,0,0
19.3567,3,0,0,0,0,0,0,0,0,0,0
19.3567,4,0,0,0,0,0,0,0,0,0,0
19.3567,5,0,0,0,0,0,0,0,0,0,0
19.4147,0,0.689266,-0.73041,6.7553,-0.0131784,-0.0293916,0.00658046,0.412603,0,0,0
19.4147,1,0.673718,-0.919992,3.48855,0.033925,0.0125761,-0.0265115,0.389615,0,0,0
19.4147,2,-2.21725,-0.877032,5.20252,-0.00154673,0.000998736,-0.109264,0.352134,0,0,0
19.4147,3,0,0,0,0,0,0,0,0,0,0
19.4147,4,0,0,0,0,0,0,0,0,0,0
19.4147,5,0,0,0,0,0,0,0,0,0,0
19.4659,0,0.688863,-0.732081,6.75562,-0.0120942,-0.0294943,0.00642105,0.411906,0,0,0
19.4659,1,0.669932,-0.921391,3.48746,0.0167686,0.00671659,-0.0263872,0.392882,0,0,0
19.4659,2,-2.21739,-0.877469,5.19624,-0.0014912,-0.000585241,-0.125442,0.349729,0,0,0
19.4659,3,0,0,0,0,0,0,0,0,0,0
19.4659,4,0,0,0,0,0,0,0,0,0,0
19.4659,5,0,0,0,0,0,0,0,0,0,0
19.5179,0,0.688751,-0.731655,6.75597,-0.0125612,-0.0279524,0.00660519,0.411906,0,0,0
19.5179,1,0.664458,-0.920619,3.48693,-0.00467761,0.0080851,-0.0212575,0.392882,0,0,0
19.5179,2,-2.21774,-0.877773,5.18776,-0.00223605,-0.00132959,-0.137105,0.349729,0,0,0
19.5179,3,0,0,0,0,0,0,0,0,0,0
19.5179,4,0,0,0,0,0,0,0,0,0,0
19.5179,5,0,0,0,0,0,0,0,0,0,0
19.5691,0,0.687476,-0.734719,6.75633,-0.0121064,-0.0277206,0.00669758,0.412011,0,0,0
19.5691,1,0.662116,-0.920449,3.486,-0.0133464,0.0075778,-0.0192655,0.393398,0,0,0
19.5691,2,-2.21784,-0.878659,5.18312,-0.00200475,-0.00391188,-0.143736,0.347749,0,0,0
19.5691,3,0,0,0,0,0,0,0,0,0,0
19.5691,4,0,0,0,0,0,0,0,0,0,0
19.5691,5,0,0,0,0,0,0,0,0,0,0
19.6248,0,0.687585,-0.734956,6.75661,-0.0116791,-0.0285806,0.00685588,0.412011,0,0,0
19.6248,1,0.659567,-0.920565,3.48501,-0.0212762,0.0061552,-0.0176869,0.393398,0,0,0
19.6248,2,-2.21821,-0.87914,5.17454,-0.00270222,-0.00476552,-0.143152,0.347749,0,0,0
19.6248,3,0,0,0,0,0,0,0,0,0,0
19.6248,4,0,0,0,0,0,0,0,0,0,0
19.6248,5,0,0,0,0,0,0,0,0,0,0
19.6835,0,0.686934,-0.736405,6.75696,-0.0115279,-0.0274087,0.00718241,0.411289,0,0,0
19.6835,1,0.657748,-0.920626,3.48443,-0.0257155,0.00484929,-0.0169355,0.394163,0,0,0
19.6835,2,-2.21845,-0.879882,5.16879,-0.00284426,-0.00640617,-0.132346,0.346263,0,0,0
19.6835,3,0,0,0,0,0,0,0,0,0,0
19.6835,4,0,0,0,0,0,0,0,0,0,0
19.6835,5,0,0,0,0,0,0,0,0,0,0
19.7387,0,0.686188,-0.738109,6.75738,-0.0117921,-0.0280003,0.00781598,0.411289,0,0,0
19.7387,1,0.655355,-0.920787,3.48379,-0.0312689,0.00345755,-0.0154468,0.394163,0,0,0
19.7387,2,-2.21886,-0.880597,5.1614,-0.00341579,-0.00755721,-0.123362,0.346263,0,0,0
19.7387,3,0,0,0,0,0,0,0,0,0,0
19.7387,4,0,0,0,0,0,0,0,0,0,0
19.7387,5,0,0,0,0,0,0,0,0,0,0
19.7919,0,0.685499,-0.739438,6.75788,-0.0117924,-0.0269631,0.00874358,0.410729,0,0,0
19.7919,1,0.653656,-0.920909,3.48298,-0.0338355,0.00211882,-0.0147689,0.395052,0,0,0
19.7919,2,-2.21921,-0.881171,5.15435,-0.00384948,-0.00828338,-0.122711,0.345517,0,0,0
19.7919,3,0,0,0,0,0,0,0,0,0,0
19.7919,4,0,0,0,0,0,0,0,0,0,0
19.7919,5,0,0,0,0,0,0,0,0,0,0
19.8529,0,0.684966,-0.740772,6.75831,-0.0113427,-0.0264064,0.0100299,0.410729,0,0,0
19.8529,1,0.650332,-0.919981,3.48187,-0.0411231,0.00487202,-0.0137688,0.395052,0,0,0
19.8529,2,-2.21957,-0.881648,5.15205,-0.00429354,-0.00860897,-0.112918,0.345517,0,0,0
19.8529,3,0,0,0,0,0,0,0,0,0,0
19.8529,4,0,0,0,0,0,0,0,0,0,0
19.8529,5,0,0,0,0,0,0,0,0,0,0
19.9058,0,0.684427,-0.741953,6.75882,-0.0110073,-0.0253926,0.0108382,0.410538,0,0,0
19.9058,1,0.648004,-0.919828,3.48101,-0.0440935,0.00432307,-0.013145,0.396506,0,0,0
19.9058,2,-2.21993,-0.882237,5.14558,-0.00463423,-0.00929194,-0.0980407,0.345699,0,0,0
19.9058,3,0,0,0,0,0,0,0,0,0,0
19.9058,4,0,0,0,0,0,0,0,0,0,0
19.9058,5,0,0,0,0,0,0,0,0,0,0
19.9738,0,0.683747,-0.743274,6.75944,-0.0112101,-0.0250266,0.0128514,0.410538,0,0,0
19.9738,1,0.646374,-0.919811,3.4804,-0.0443665,0.00334887,-0.0133189,0.397709,0,0,0
19.9738,2,-2.22041,-0.882938,5.13816,-0.00512809,-0.00989959,-0.0982714,0.345699,0,0,0
19.9738,3,0,0,0,0,0,0,0,0,0,0
19.9738,4,0,0,0,0,0,0,0,0,0,0
19.9738,5,0,0,0,0,0,0,0,0,0,0
20.0316,0,0.682262,-0.746436,6.76025,-0.0118637,-0.0261142,0.0145812,0.410603,0,0,0
20.0316,1,0.646351,-0.919825,3.48015,-0.0398189,0.00218815,-0.0116994,0.397709,0,0,0
20.0316,2,-2.22078,-0.883372,5.13835,-0.00538322,-0.00986636,-0.0887444,0.345755,0,0,0
20.0316,3,0,0,0,0,0,0,0,0,0,0
20.0316,4,0,0,0,0,0,0,0,0,0,0
20.0316,5,0,0,0,0,0,0,0,0,0,0
20.0844,0,0.68164,-0.748069,6.76104,-0.0117284,-0.026625,0.0156555,0.410603,0,0,0
20.0844,1,0.644525,-0.919375,3.47925,-0.0399279,0.00260099,-0.0116853,0.398705,0,0,0
20.0844,2,-2.2208,-0.883271,5.13403,-0.00541972,-0.00951244,-0.0828101,0.346014,0,0,0
20.0844,3,0,0,0,0,0,0,0,0,0,0
20.0844,4,0,0,0,0,0,0,0,0,0,0
20.0844,5,0,0,0,0,0,0,0,0,0,0
20.1355,0,0.680921,-0.749526,6.76183,-0.0119398,-0.0266033,0.0160822,0.410304,0,0,0
20.1355,1,0.643213,-0.918127,3.47876,-0.0401891,0.00674937,-0.0101806,0.398705,0,0,0
20.1355,2,-2.22103,-0.883607,5.13021,-0.00517688,-0.0090702,-0.0806754,0.346014,0,0,0
20.1355,3,0,0,0,0,0,0,0,0,0,0
20.1355,4,0,0,0,0,0,0,0,0,0,0
20.1355,5,0,0,0,0,0,0,0,0,0,0
20.1927,0,0.680557,-0.749765,6.7628,-0.0132039,-0.0274067,0.0163634,0.410304,0,0,0
20.1927,1,0.640352,-0.917051,3.47814,-0.0450968,0.00942161,-0.00900296,0.399379,0,0,0
20.1927,2,-2.22132,-0.884158,5.12194,-0.00428888,-0.00802067,-0.0659583,0.346323,0,0,0
20.1927,3,0,0,0,0,0,0,0,0,0,0
20.1927,4,0,0,0,0,0,0,0,0,0,0
20.1927,5,0,0,0,0,0,0,0,0,0,0
20.2429,0,0.678958,-0.753297,6.76366,-0.013399,-0.0284389,0.0160516,0.411288,0,0,0
20.2429,1,0.638171,-0.916455,3.47775,-0.0467916,0.00973766,-0.00822711,0.399379,0,0,0
20.2429,2,-2.22132,-0.884158,5.12194,-0.00428888,-0.00802067,-0.0659583,0.346323,0,0,0
20.2429,3,0,0,0,0,0,0,0,0,0,0
20.2429,4,0,0,0,0,0,0,0,0,0,0
20.2429,5,0,0,0,0,0,0,0,0,0,0
20.2939,0,0.678189,-0.754403,6.76443,-0.013497,-0.0267742,0.0152825,0.411288,0,0,0
20.2939,1,0.637448,-0.91637,3.47745,-0.0435265,0.00826123,-0.00763322,0.399888,0,0,0
20.2939,2,-2.22145,-0.884418,5.11939,-0.0039864,-0.00766157,-0.0449819,0.346323,0,0,0
20.2939,3,0,0,0,0,0,0,0,0,0,0
20.2939,4,0,0,0,0,0,0,0,0,0,0
20.2939,5,0,0,0,0,0,0,0,0,0,0
20.3495,0,0.67789,-0.754858,6.76515,-0.0145688,-0.0283369,0.0139786,0.411128,0,0,0
20.3495,1,0.637222,-0.916096,3.47717,-0.0391026,0.00749261,-0.00678319,0.399888,0,0,0
20.3495,2,-2.22134,-0.884351,5.11877,-0.00301191,-0.00626672,-0.0173044,0.34662,0,0,0
20.3495,3,0,0,0,0,0,0,0,0,0,0
20.3495,4,0,0,0,0,0,0,0,0,0,0
20.3495,5,0,0,0,0,0,0,0,0,0,0
20.4031,0,0.677127,-0.756336,6.76592,-0.0144877,-0.028002,0.0141265,0.411128,0,0,0
20.4031,1,0.636863,-0.91564,3.4769,-0.0353229,0.00730346,-0.00544191,0.400343,0,0,0
20.4031,2,-2.22123,-0.884463,5.11777,-0.00208147,-0.00570577,0.0178729,0.34662,0,0,0
20.4031,3,0,0,0,0,0,0,0,0,0,0
20.4031,4,0,0,0,0,0,0,0,0,0,0
20.4031,5,0,0,0,0,0,0,0,0,0,0
20.4636,0,0.676543,-0.756948,6.76607,-0.0137619,-0.0245838,0.012434,0.411848,0,0,0
20.4636,1,0.636448,-0.915283,3.47668,-0.0318615,0.00687173,-0.00489564,0.400343,0,0,0
20.4636,2,-2.22108,-0.884553,5.11896,-0.00109987,-0.0051495,0.0436314,0.34644,0,0,0
20.4636,3,0,0,0,0,0,0,0,0,0,0
20.4636,4,0,0,0,0,0,0,0,0,0,0
20.4636,5,0,0,0,0,0,0,0,0,0,0
20.5194,0,0.675169,-0.759165,6.76691,-0.0158142,-0.0273422,0.00986145,0.411848,0,0,0
20.5194,1,0.635807,-0.914842,3.47643,-0.0296609,0.00687321,-0.00428231,0.400698,0,0,0
20.5194,2,-2.22068,-0.88426,5.12199,0.000621987,-0.00332761,0.0721631,0.345816,0,0,0
20.5194,3,0,0,0,0,0,0,0,0,0,0
20.5194,4,0,0,0,0,0,0,0,0,0,0
20.5194,5,0,0,0,0,0,0,0,0,0,0
20.5796,0,0.674112,-0.761257,6.76744,-0.0167053,-0.029682,0.00844658,0.411738,0,0,0
20.5796,1,0.6353,-0.914519,3.47624,-0.0272205,0.00647432,-0.00377771,0.400698,0,0,0
20.5796,2,-2.22033,-0.884073,5.1269,0.00197845,-0.00200112,0.0933732,0.345816,0,0,0
20.5796,3,0,0,0,0,0,0,0,0,0,0
20.5796,4,0,0,0,0,0,0,0,0,0,0
20.5796,5,0,0,0,0,0,0,0,0,0,0
20.635,0,0.67312,-0.762817,6.76788,-0.0172798,-0.0297523,0.00702115,0.411738,0,0,0
20.635,1,0.635091,-0.914263,3.47605,-0.024026,0.00586499,-0.00334051,0.401005,0,0,0
20.635,2,-2.21999,-0.883734,5.13197,0.00309543,-0.00035921,0.105036,0.345167,0,0,0
20.635,3,0,0,0,0,0,0,0,0,0,0
20.635,4,0,0,0,0,0,0,0,0,0,0
20.635,5,0,0,0,0,0,0,0,0,0,0
20.6853,0,0.672216,-0.764291,6.76825,-0.0171649,-0.0289795,0.00617647,0.411407,0,0,0
20.6853,1,0.63449,-0.914012,3.47593,-0.0226633,0.00541262,-0.00296766,0.401005,0,0,0
20.6853,2,-2.21968,-0.883379,5.13811,0.00393611,0.0011191,0.113448,0.345167,0,0,0
20.6853,3,0,0,0,0,0,0,0,0,0,0
20.6853,4,0,0,0,0,0,0,0,0,0,0
20.6853,5,0,0,0,0,0,0,0,0,0,0
20.7489,0,0.671361,-0.765603,6.76842,-0.0171996,-0.0282847,0.00476316,0.411407,0,0,0
20.7489,1,0.634209,-0.913781,3.47578,-0.0203657,0.00488284,-0.00270075,0.4012,0,0,0
20.7489,2,-2.2191,-0.88261,5.1488,0.00511525,0.00368082,0.11032,0.344997,0,0,0
20.7489,3,0,0,0,0,0,0,0,0,0,0
20.7489,4,0,0,0,0,0,0,0,0,0,0
20.7489,5,0,0,0,0,0,0,0,0,0,0
20.7991,0,0.67055,-0.767211,6.76867,-0.0168325,-0.0284605,0.00406575,0.410967,0,0,0
20.7991,1,0.633979,-0.913536,3.47569,-0.0180645,0.00443285,-0.00219298,0.4012,0,0,0
20.7991,2,-2.2191,-0.88261,5.1488,0.00511525,0.00368082,0.11032,0.344997,0,0,0
20.7991,3,0,0,0,0,0,0,0,0,0,0
20.7991,4,0,0,0,0,0,0,0,0,0,0
20.7991,5,0,0,0,0,0,0,0,0,0,0
20.8543,0,0.668975,-0.769778,6.76881,-0.0163874,-0.0269595,0.00312178,0.409991,0,0,0
20.8543,1,0.633565,-0.912971,3.4756,-0.01682,0.00521065,-0.00160802,0.401293,0,0,0
20.8543,2,-2.21894,-0.882169,5.15408,0.00508531,0.00492603,0.106077,0.34524,0,0,0
20.8543,3,0,0,0,0,0,0,0,0,0,0
20.8543,4,0,0,0,0,0,0,0,0,0,0
20.8543,5,0,0,0,0,0,0,0,0,0,0
20.9072,0,0.668266,-0.770917,6.76892,-0.0160566,-0.0260707,0.00235595,0.409991,0,0,0
20.9072,1,0.633578,-0.912854,3.47554,-0.0139519,0.00425775,-0.00133853,0.401293,0,0,0
20.9072,2,-2.21879,-0.881809,5.15933,0.00498921,0.00566114,0.0971685,0.34524,0,0,0
20.9072,3,0,0,0,0,0,0,0,0,0,0
20.9072,4,0,0,0,0,0,0,0,0,0,0
20.9072,5,0,0,0,0,0,0,0,0,0,0
20.9651,0,0.667609,-0.772427,6.76904,-0.0155585,-0.0264712,0.00163083,0.409399,0,0,0
20.9651,1,0.633297,-0.912332,3.47548,-0.0128825,0.00502093,-0.000941311,0.401349,0,0,0
20.9651,2,-2.21847,-0.881078,5.16527,0.00491273,0.00675913,0.0863165,0.34524,0,0,0
20.9651,3,0,0,0,0,0,0,0,0,0,0
20.9651,4,0,0,0,0,0,0,0,0,0,0
20.9651,5,0,0,0,0,0,0,0,0,0,0
21.0254,0,0.667798,-0.77227,6.76911,-0.0148931,-0.0259278,0.00123721,0.409399,0,0,0
21.0254,1,0.633112,-0.911943,3.47543,-0.0115523,0.00523541,-0.000580948,0.401349,0,0,0
21.0254,2,-2.21876,-0.88096,5.1696,0.00378091,0.0072202,0.0778293,0.345871,0,0,0
21.0254,3,0,0,0,0,0,0,0,0,0,0
21.0254,4,0,0,0,0,0,0,0,0,0,0
21.0254,5,0,0,0,0,0,0,0,0,0,0
21.0794,0,0.667278,-0.773263,6.76916,-0.0140687,-0.0246081,0.000678155,0.409399,0,0,0
21.0794,1,0.632982,-0.911611,3.47541,-0.0101849,0.00523684,-0.000305581,0.401339,0,0,0
21.0794,2,-2.21882,-0.880615,5.1731,0.00301848,0.0073941,0.0704649,0.347211,0,0,0
21.0794,3,0,0,0,0,0,0,0,0,0,0
21.0794,4,0,0,0,0,0,0,0,0,0,0
21.0794,5,0,0,0,0,0,0,0,0,0,0
21.1321,0,0.666829,-0.774312,6.76919,-0.0130909,-0.0236922,0.00035686,0.40927,0,0,0
21.1321,1,0.632872,-0.911274,3.47541,-0.00893805,0.00526697,-3.33222e-05,0.401339,0,0,0
21.1321,2,-2.2189,-0.88045,5.17601,0.00232577,0.00701939,0.0645248,0.347211,0,0,0
21.1321,3,0,0,0,0,0,0,0,0,0,0
21.1321,4,0,0,0,0,0,0,0,0,0,0
21.1321,5,0,0,0,0,0,0,0,0,0,0
21.1825,0,0.665662,-0.776369,6.7692,-0.0121879,-0.0215978,0.000368439,0.40927,0,0,0
21.1825,1,0.632724,-0.910991,3.47541,-0.00791809,0.00506702,0.00018142,0.401277,0,0,0
21.1825,2,-2.21917,-0.88012,5.17966,0.00106501,0.00729536,0.0596863,0.347211,0,0,0
21.1825,3,0,0,0,0,0,0,0,0,0,0
21.1825,4,0,0,0,0,0,0,0,0,0,0
21.1825,5,0,0,0,0,0,0,0,0,0,0
21.2352,0,0.665483,-0.777565,6.76922,-0.0106905,-0.0216316,1.23774e-05,0.408384,0,0,0
21.2352,1,0.632743,-0.910722,3.47543,-0.00653382,0.00487325,0.000347843,0.401277,0,0,0
21.2352,2,-2.21933,-0.87987,5.1827,0.000358772,0.00720376,0.0571447,0.348518,0,0,0
21.2352,3,0,0,0,0,0,0,0,0,0,0
21.2352,4,0,0,0,0,0,0,0,0,0,0
21.2352,5,0,0,0,0,0,0,0,0,0,0
21.2932,0,0.665215,-0.778018,6.76924,-0.00975339,-0.0193492,0.000290834,0.408384,0,0,0
21.2932,1,0.632626,-0.910433,3.47545,-0.00576512,0.00477601,0.00054324,0.401192,0,0,0
21.2932,2,-2.21955,-0.879711,5.18532,-0.00042029,0.00678609,0.0515814,0.348518,0,0,0
21.2932,3,0,0,0,0,0,0,0,0,0,0
21.2932,4,0,0,0,0,0,0,0,0,0,0
21.2932,5,0,0,0,0,0,0,0,0,0,0
21.3512,0,0.665009,-0.778724,6.76926,-0.00869392,-0.0181496,0.000272717,0.407979,0,0,0
21.3512,1,0.632647,-0.909945,3.47549,-0.00463328,0.00531047,0.000675056,0.401192,0,0,0
21.3512,2,-2.21974,-0.879511,5.18765,-0.000973981,0.00659042,0.0396639,0.349818,0,0,0
21.3512,3,0,0,0,0,0,0,0,0,0,0
21.3512,4,0,0,0,0,0,0,0,0,0,0
21.3512,5,0,0,0,0,0,0,0,0,0,0
21.4115,0,0.664685,-0.779577,6.76928,-0.00804604,-0.0173967,0.000381472,0.407979,0,0,0
21.4115,1,0.632535,-0.909536,3.47553,-0.0041885,0.00566577,0.000736399,0.401033,0,0,0
21.4115,2,-2.21977,-0.879343,5.18905,-0.000866287,0.00625009,0.0255442,0.350696,0,0,0
21.4115,3,0,0,0,0,0,0,0,0,0,0
21.4115,4,0,0,0,0,0,0,0,0,0,0
21.4115,5,0,0,0,0,0,0,0,0,0,0
21.4693,0,0.664599,-0.779935,6.7693,-0.00831285,-0.0186681,0.000149495,0.407597,0,0,0
21.4693,1,0.63251,-0.909202,3.47557,-0.0034825,0.00569982,0.000753277,0.401033,0,0,0
21.4693,2,-2.21992,-0.879414,5.18965,-0.00111005,0.00501863,-0.00698749,0.350696,0,0,0
21.4693,3,0,0,0,0,0,0,0,0,0,0
21.4693,4,0,0,0,0,0,0,0,0,0,0
21.4693,5,0,0,0,0,0,0,0,0,0,0
21.5198,0,0.663904,-0.782402,6.76934,-0.00740929,-0.019865,0.000638025,0.407597,0,0,0
21.5198,1,0.63252,-0.90891,3.4756,-0.00274547,0.00558039,0.000742545,0.400966,0,0,0
21.5198,2,-2.22001,-0.87933,5.18901,-0.00118594,0.00450303,-0.0252689,0.350925,0,0,0
21.5198,3,0,0,0,0,0,0,0,0,0,0
21.5198,4,0,0,0,0,0,0,0,0,0,0
21.5198,5,0,0,0,0,0,0,0,0,0,0
21.5819,0,0.663746,-0.783595,6.76938,-0.00645223,-0.01991,0.000469491,0.406926,0,0,0
21.5819,1,0.632467,-0.908551,3.47563,-0.0023306,0.00567614,0.000709401,0.400966,0,0,0
21.5819,2,-2.22012,-0.879577,5.18202,-0.0010652,0.00225125,-0.0905412,0.350925,0,0,0
21.5819,3,0,0,0,0,0,0,0,0,0,0
21.5819,4,0,0,0,0,0,0,0,0,0,0
21.5819,5,0,0,0,0,0,0,0,0,0,0
21.6395,0,0.663263,-0.784191,6.76942,-0.00659712,-0.018006,0.000966588,0.406545,0,0,0
21.6395,1,0.632488,-0.908274,3.47567,-0.00172277,0.00553618,0.000660057,0.400842,0,0,0
21.6395,2,-2.2202,-0.879818,5.17532,-0.00117881,0.00103876,-0.113653,0.349828,0,0,0
21.6395,3,0,0,0,0,0,0,0,0,0,0
21.6395,4,0,0,0,0,0,0,0,0,0,0
21.6395,5,0,0,0,0,0,0,0,0,0,0
21.6899,0,0.663048,-0.78512,6.76949,-0.00597988,-0.0177404,0.00085792,0.406545,0,0,0
21.6899,1,0.632417,-0.907933,3.4757,-0.00151676,0.00560597,0.000605981,0.400842,0,0,0
21.6899,2,-2.22028,-0.88004,5.17112,-0.00122753,8.79143e-05,-0.123344,0.349828,0,0,0
21.6899,3,0,0,0,0,0,0,0,0,0,0
21.6899,4,0,0,0,0,0,0,0,0,0,0
21.6899,5,0,0,0,0,0,0,0,0,0,0
21.7479,0,0.662684,-0.786094,6.76957,-0.00590911,-0.0176502,0.00143639,0.406211,0,0,0
21.7479,1,0.632414,-0.907736,3.47573,-0.00106293,0.0050995,0.000532408,0.400721,0,0,0
21.7479,2,-2.22028,-0.88004,5.17112,-0.00122753,8.79143e-05,-0.123344,0.348379,0,0,0
21.7479,3,0,0,0,0,0,0,0,0,0,0
21.7479,4,0,0,0,0,0,0,0,0,0,0
21.7479,5,0,0,0,0,0,0,0,0,0,0
21.8032,0,0.662559,-0.787081,6.76965,-0.00509823,-0.0176446,0.00158894,0.406211,0,0,0
21.8032,1,0.632346,-0.907403,3.47576,-0.000991966,0.00526424,0.000432909,0.400721,0,0,0
21.8032,2,-2.22042,-0.880346,5.16431,-0.00154646,-0.000979099,-0.130649,0.348379,0,0,0
21.8032,3,0,0,0,0,0,0,0,0,0,0
21.8032,4,0,0,0,0,0,0,0,0,0,0
21.8032,5,0,0,0,0,0,0,0,0,0,0
21.859,0,0.662129,-0.787852,6.76974,-0.00528052,-0.0166406,0.00178599,0.405945,0,0,0
21.859,1,0.632327,-0.907219,3.47577,-0.000723092,0.00488226,0.000351347,0.400625,0,0,0
21.859,2,-2.22072,-0.881093,5.14829,-0.00199539,-0.00311171,-0.129029,0.346973,0,0,0
21.859,3,0,0,0,0,0,0,0,0,0,0
21.859,4,0,0,0,0,0,0,0,0,0,0
21.859,5,0,0,0,0,0,0,0,0,0,0
21.9118,0,0.661872,-0.788908,6.76984,-0.00488138,-0.0166884,0.00193818,0.405945,0,0,0
21.9118,1,0.632337,-0.907003,3.47579,-0.00040324,0.00466783,0.000270462,0.400625,0,0,0
21.9118,2,-2.22072,-0.881093,5.14829,-0.00199539,-0.00311171,-0.129029,0.346973,0,0,0
21.9118,3,0,0,0,0,0,0,0,0,0,0
21.9118,4,0,0,0,0,0,0,0,0,0,0
21.9118,5,0,0,0,0,0,0,0,0,0,0
21.9697,0,0.661659,-0.789595,6.76995,-0.00448917,-0.015747,0.00186875,0.405734,0,0,0
21.9697,1,0.632095,-0.906468,3.4758,-0.00109506,0.00566577,0.000190103,0.400563,0,0,0
21.9697,2,-2.22103,-0.881597,5.14282,-0.00235006,-0.00387392,-0.122555,0.346551,0,0,0
21.9697,3,0,0,0,0,0,0,0,0,0,0
21.9697,4,0,0,0,0,0,0,0,0,0,0
21.9697,5,0,0,0,0,0,0,0,0,0,0
22.0209,0,0.661468,-0.789887,6.76998,-0.00418359,-0.0138504,0.00207258,0.405734,0,0,0
22.0209,1,0.632058,-0.906211,3.47581,-0.000902778,0.00549615,0.000111171,0.400563,0,0,0
22.0209,2,-2.22117,-0.881702,5.13686,-0.00278915,-0.00420889,-0.114101,0.346551,0,0,0
22.0209,3,0,0,0,0,0,0,0,0,0,0
22.0209,4,0,0,0,0,0,0,0,0,0,0
22.0209,5,0,0,0,0,0,0,0,0,0,0
22.0829,0,0.661511,-0.789663,6.77011,-0.00407093,-0.0130619,0.00202563,0.405862,0,0,0
22.0829,1,0.631945,-0.905872,3.47581,-0.000982197,0.00549786,6.00736e-05,0.400472,0,0,0
22.0829,2,-2.22166,-0.882316,5.13024,-0.00347645,-0.00504254,-0.10535,0.34678,0,0,0
22.0829,3,0,0,0,0,0,0,0,0,0,0
22.0829,4,0,0,0,0,0,0,0,0,0,0
22.0829,5,0,0,0,0,0,0,0,0,0,0
22.1331,0,0.660997,-0.790887,6.77025,-0.00391563,-0.0119821,0.00221986,0.405862,0,0,0
22.1331,1,0.631955,-0.905786,3.47581,-0.000615742,0.00475108,-3.16264e-06,0.400472,0,0,0
22.1331,2,-2.22199,-0.882624,5.12564,-0.00399321,-0.00536568,-0.0981299,0.34678,0,0,0
22.1331,3,0,0,0,0,0,0,0,0,0,0
22.1331,4,0,0,0,0,0,0,0,0,0,0
22.1331,5,0,0,0,0,0,0,0,0,0,0
22.1885,0,0.660793,-0.791838,6.77039,-0.00421635,-0.0158089,0.00226828,0.405628,0,0,0
22.1885,1,0.63187,-0.905639,3.47581,-0.000650431,0.00435878,-5.73177e-05,0.400432,0,0,0
22.1885,2,-2.22208,-0.88259,5.12061,-0.00425295,-0.00523502,-0.0907871,0.347187,0,0,0
22.1885,3,0,0,0,0,0,0,0,0,0,0
22.1885,4,0,0,0,0,0,0,0,0,0,0
22.1885,5,0,0,0,0,0,0,0,0,0,0
22.2419,0,0.660019,-0.793163,6.77049,-0.00588553,-0.0170804,0.00223461,0.405628,0,0,0
22.2419,1,0.63181,-0.905544,3.47581,-0.000595311,0.00383543,-0.000112942,0.400432,0,0,0
22.2419,2,-2.22236,-0.882826,5.11615,-0.0044469,-0.00518135,-0.0840538,0.347187,0,0,0
22.2419,3,0,0,0,0,0,0,0,0,0,0
22.2419,4,0,0,0,0,0,0,0,0,0,0
22.2419,5,0,0,0,0,0,0,0,0,0,0
22.3071,0,0.658962,-0.795212,6.77062,-0.00696148,-0.017496,0.00212478,0.405012,0,0,0
22.3071,1,0.631619,-0.905184,3.4758,-0.00108098,0.00434228,-0.000155587,0.400416,0,0,0
22.3071,2,-2.22265,-0.883022,5.11221,-0.00472582,-0.00507216,-0.0796151,0.347982,0,0,0
22.3071,3,0,0,0,0,0,0,0,0,0,0
22.3071,4,0,0,0,0,0,0,0,0,0,0
22.3071,5,0,0,0,0,0,0,0,0,0,0
22.3773,0,0.658952,-0.795244,6.77073,-0.00699725,-0.017611,0.0019402,0.405012,0,0,0
22.3773,1,0.631241,-0.904593,3.47579,-0.00218404,0.0055739,-0.000187216,0.400416,0,0,0
22.3773,2,-2.22305,-0.883337,5.10516,-0.00461589,-0.00464695,-0.0558899,0.347982,0,0,0
22.3773,3,0,0,0,0,0,0,0,0,0,0
22.3773,4,0,0,0,0,0,0,0,0,0,0
22.3773,5,0,0,0,0,0,0,0,0,0,0
22.4274,0,0.65844,-0.796063,6.77067,-0.00751337,-0.0171657,-0.00413474,0.404849,0,0,0
22.4274,1,0.631053,-0.90428,3.47577,-0.00241951,0.00565577,-0.000185719,0.400354,0,0,0
22.4274,2,-2.22305,-0.883337,5.10516,-0.00461589,-0.00464695,-0.0558899,0.348713,0,0,0
22.4274,3,0,0,0,0,0,0,0,0,0,0
22.4274,4,0,0,0,0,0,0,0,0,0,0
22.4274,5,0,0,0,0,0,0,0,0,0,0
22.4838,0,0.657426,-0.798086,6.77032,-0.00785173,-0.0175509,-0.0145665,0.404849,0,0,0
22.4838,1,0.630958,-0.904122,3.47576,-0.0022663,0.00516106,-0.000207597,0.400354,0,0,0
22.4838,2,-2.2232,-0.88348,5.10276,-0.00444931,-0.00445621,-0.0400064,0.348713,0,0,0
22.4838,3,0,0,0,0,0,0,0,0,0,0
22.4838,4,0,0,0,0,0,0,0,0,0,0
22.4838,5,0,0,0,0,0,0,0,0,0,0
22.5339,0,0.657263,-0.799102,6.76925,-0.00650934,-0.0178198,-0.0286873,0.402784,0,0,0
22.5339,1,0.630779,-0.903878,3.47575,-0.00245277,0.00506171,-0.000246191,0.400346,0,0,0
22.5339,2,-2.22339,-0.883682,5.10157,-0.00389055,-0.00397425,-0.00869617,0.349289,0,0,0
22.5339,3,0,0,0,0,0,0,0,0,0,0
22.5339,4,0,0,0,0,0,0,0,0,0,0
22.5339,5,0,0,0,0,0,0,0,0,0,0
22.5867,0,0.657553,-0.798894,6.76756,-0.00431345,-0.0170968,-0.0479007,0.402784,0,0,0
22.5867,1,0.630522,-0.903548,3.47573,-0.00290796,0.00529252,-0.000245517,0.400346,0,0,0
22.5867,2,-2.22318,-0.883472,5.10205,-0.00320494,-0.00333031,0.0276083,0.349289,0,0,0
22.5867,3,0,0,0,0,0,0,0,0,0,0
22.5867,4,0,0,0,0,0,0,0,0,0,0
22.5867,5,0,0,0,0,0,0,0,0,0,0
22.6497,0,0.658923,-0.800394,6.76505,0.00318659,-0.0190515,-0.062543,0.398569,0,0,0
22.6497,1,0.630335,-0.903325,3.47572,-0.00300294,0.00515986,-0.000239821,0.400326,0,0,0
22.6497,2,-2.22312,-0.883397,5.10434,-0.00246499,-0.00260767,0.056969,0.348834,0,0,0
22.6497,3,0,0,0,0,0,0,0,0,0,0
22.6497,4,0,0,0,0,0,0,0,0,0,0
22.6497,5,0,0,0,0,0,0,0,0,0,0
22.7154,0,0.660654,-0.801029,6.76081,0.0107301,-0.0178462,-0.0769868,0.398569,0,0,0
22.7154,1,0.630149,-0.903091,3.47572,-0.00311189,0.00502375,0.000597252,0.400303,0,0,0
22.7154,2,-2.22292,-0.883073,5.11281,-0.000922128,-0.000787237,0.101046,0.348834,0,0,0
22.7154,3,0,0,0,0,0,0,0,0,0,0
22.7154,4,0,0,0,0,0,0,0,0,0,0
22.7154,5,0,0,0,0,0,0,0,0,0,0
22.7812,0,0.664232,-0.802448,6.75643,0.0234473,-0.019823,-0.0876016,0.390242,0,0,0
22.7812,1,0.63,-0.902908,3.47594,-0.00307973,0.00471972,0.00296837,0.400303,0,0,0
22.7812,2,-2.22278,-0.8828,5.11814,-4.75847e-05,0.000342843,0.11169,0.348227,0,0,0
22.7812,3,0,0,0,0,0,0,0,0,0,0
22.7812,4,0,0,0,0,0,0,0,0,0,0
22.7812,5,0,0,0,0,0,0,0,0,0,0
22.839,0,0.668323,-0.802708,6.75012,0.034887,-0.0170117,-0.0945136,0.390242,0,0,0
22.839,1,0.629688,-0.902442,3.47686,-0.00325023,0.00457055,0.0124479,0.399113,0,0,0
22.839,2,-2.22267,-0.882447,5.12393,0.000436092,0.00147215,0.118007,0.348227,0,0,0
22.839,3,0,0,0,0,0,0,0,0,0,0
22.839,4,0,0,0,0,0,0,0,0,0,0
22.839,5,0,0,0,0,0,0,0,0,0,0
22.8902,0,0.676052,-0.804485,6.74447,0.0570801,-0.0210006,-0.0927381,0.379591,0,0,0
22.8902,1,0.629942,-0.902357,3.47725,-0.0023993,0.00386755,0.0275255,0.399113,0,0,0
22.8902,2,-2.22259,-0.882109,5.13043,0.000745402,0.0024419,0.118908,0.34775,0,0,0
22.8902,3,0,0,0,0,0,0,0,0,0,0
22.8902,4,0,0,0,0,0,0,0,0,0,0
22.8902,5,0,0,0,0,0,0,0,0,0,0
22.951,0,0.681138,-0.805787,6.73991,0.0660959,-0.022199,-0.0855697,0.379591,0,0,0
22.951,1,0.630282,-0.902017,3.47907,-0.00211261,0.00499604,0.0453204,0.396883,0,0,0
22.951,2,-2.22257,-0.881767,5.13584,0.000802622,0.0033036,0.115662,0.34775,0,0,0
22.951,3,0,0,0,0,0,0,0,0,0,0
22.951,4,0,0,0,0,0,0,0,0,0,0
22.951,5,0,0,0,0,0,0,0,0,0,0
23.0011,0,0.687126,-0.80494,6.73629,0.076397,-0.0157832,-0.0697217,0.373223,0,0,0
23.0011,1,0.632096,-0.901254,3.48558,0.00242587,0.00536161,0.0671862,0.396883,0,0,0
23.0011,2,-2.22264,-0.881456,5.14105,0.000545785,0.003942,0.112973,0.347805,0,0,0
23.0011,3,0,0,0,0,0,0,0,0,0,0
23.0011,4,0,0,0,0,0,0,0,0,0,0
23.0011,5,0,0,0,0,0,0,0,0,0,0
23.0564,0,0.69575,-0.805276,6.73449,0.0924898,-0.0138557,-0.0457608,0.373223,0,0,0
23.0564,1,0.634113,-0.901579,3.4878,0.00868595,0.00396252,0.0815938,0.388222,0,0,0
23.0564,2,-2.22269,-0.881317,5.14393,0.000340132,0.00395884,0.105777,0.347805,0,0,0
23.0564,3,0,0,0,0,0,0,0,0,0,0
23.0564,4,0,0,0,0,0,0,0,0,0,0
23.0564,5,0,0,0,0,0,0,0,0,0,0
23.1136,0,0.706792,-0.808411,6.73307,0.11888,-0.0235336,-0.0261,0.373285,0,0,0
23.1136,1,0.638394,-0.899797,3.49275,0.0183566,0.0077247,0.0910214,0.388222,0,0,0
23.1136,2,-2.2229,-0.880943,5.14958,-0.000455283,0.00475543,0.0945423,0.348265,0,0,0
23.1136,3,0,0,0,0,0,0,0,0,0,0
23.1136,4,0,0,0,0,0,0,0,0,0,0
23.1136,5,0,0,0,0,0,0,0,0,0,0
23.1705,0,0.714943,-0.808265,6.73321,0.131007,-0.0194635,-0.00483938,0.373285,0,0,0
23.1705,1,0.648762,-0.901345,3.49818,0.0508825,1.29759e-05,0.0892368,0.378486,0,0,0
23.1705,2,-2.22302,-0.88072,5.1547,-0.000804541,0.0048766,0.088151,0.348265,0,0,0
23.1705,3,0,0,0,0,0,0,0,0,0,0
23.1705,4,0,0,0,0,0,0,0,0,0,0
23.1705,5,0,0,0,0,0,0,0,0,0,0
23.2207,0,0.720979,-0.80912,6.73342,0.134263,-0.0189523,0.0103008,0.376851,0,0,0
23.2207,1,0.654916,-0.900501,3.50168,0.0658449,0.00181626,0.0792986,0.378486,0,0,0
23.2207,2,-2.22312,-0.880525,5.1595,-0.000959746,0.00491561,0.0841458,0.349335,0,0,0
23.2207,3,0,0,0,0,0,0,0,0,0,0
23.2207,4,0,0,0,0,0,0,0,0,0,0
23.2207,5,0,0,0,0,0,0,0,0,0,0
23.2809,0,0.725076,-0.809525,6.73454,0.129979,-0.016613,0.0242938,0.376851,0,0,0
23.2809,1,0.660816,-0.89797,3.50562,0.0775517,0.00912378,0.060285,0.371819,0,0,0
23.2809,2,-2.22343,-0.880239,5.1645,-0.0018228,0.0052094,0.0776277,0.349335,0,0,0
23.2809,3,0,0,0,0,0,0,0,0,0,0
23.2809,4,0,0,0,0,0,0,0,0,0,0
23.2809,5,0,0,0,0,0,0,0,0,0,0
23.3372,0,0.728966,-0.810459,6.73673,0.125189,-0.0165754,0.0345578,0.378907,0,0,0
23.3372,1,0.670985,-0.898844,3.50762,0.100061,0.00428239,0.0317909,0.371819,0,0,0
23.3372,2,-2.22389,-0.879778,5.16885,-0.00304736,0.00604573,0.0722195,0.350701,0,0,0
23.3372,3,0,0,0,0,0,0,0,0,0,0
23.3372,4,0,0,0,0,0,0,0,0,0,0
23.3372,5,0,0,0,0,0,0,0,0,0,0
23.3963,0,0.729589,-0.811357,6.73931,0.10904,-0.0158987,0.042517,0.378907,0,0,0
23.3963,1,0.678024,-0.897145,3.50905,0.108061,0.00855678,0.0108257,0.370437,0,0,0
23.3963,2,-2.22405,-0.87964,5.17236,-0.00312568,0.00572543,0.0680898,0.350701,0,0,0
23.3963,3,0,0,0,0,0,0,0,0,0,0
23.3963,4,0,0,0,0,0,0,0,0,0,0
23.3963,5,0,0,0,0,0,0,0,0,0,0
23.4552,0,0.735079,-0.81255,6.74217,0.0975558,-0.0139337,0.0467485,0.388373,0,0,0
23.4552,1,0.685973,-0.896094,3.50894,0.118288,0.0102779,-0.013831,0.370437,0,0,0
23.4552,2,-2.22415,-0.879626,5.17367,-0.0029952,0.00502396,0.0639976,0.352275,0,0,0
23.4552,3,0,0,0,0,0,0,0,0,0,0
23.4552,4,0,0,0,0,0,0,0,0,0,0
23.4552,5,0,0,0,0,0,0,0,0,0,0
23.5109,0,0.728186,-0.813578,6.74533,0.0726083,-0.0166498,0.0477576,0.388373,0,0,0
23.5109,1,0.694471,-0.89693,3.50801,0.128101,0.00581857,-0.0316807,0.374153,0,0,0
23.5109,2,-2.22422,-0.879713,5.17858,-0.00323248,0.00471764,0.0621586,0.352275,0,0,0
23.5109,3,0,0,0,0,0,0,0,0,0,0
23.5109,4,0,0,0,0,0,0,0,0,0,0
23.5109,5,0,0,0,0,0,0,0,0,0,0
23.5611,0,0.727936,-0.814416,6.74752,0.0506642,-0.012951,0.0473861,0.389316,0,0,0
23.5611,1,0.699027,-0.896035,3.50595,0.123224,0.00775203,-0.0441821,0.374153,0,0,0
23.5611,2,-2.22443,-0.879425,5.18263,-0.002949,0.0042991,0.0614067,0.353338,0,0,0
23.5611,3,0,0,0,0,0,0,0,0,0,0
23.5611,4,0,0,0,0,0,0,0,0,0,0
23.5611,5,0,0,0,0,0,0,0,0,0,0
23.6216,0,0.722588,-0.815826,6.7499,0.0261867,-0.0143886,0.0447873,0.389316,0,0,0
23.6216,1,0.698796,-0.895122,3.50376,0.104307,0.0105772,-0.0510073,0.376991,0,0,0
23.6216,2,-2.22443,-0.879423,5.18584,-0.00295858,0.0042987,0.0596452,0.353338,0,0,0
23.6216,3,0,0,0,0,0,0,0,0,0,0
23.6216,4,0,0,0,0,0,0,0,0,0,0
23.6216,5,0,0,0,0,0,0,0,0,0,0
23.6798,0,0.716281,-0.815349,6.75237,0.00311514,-0.0118368,0.0427976,0.391884,0,0,0
23.6798,1,0.70304,-0.895784,3.50085,0.103846,0.00703408,-0.0544664,0.376991,0,0,0
23.6798,2,-2.22446,-0.879285,5.18891,-0.00255961,0.00408518,0.0579142,0.354716,0,0,0
23.6798,3,0,0,0,0,0,0,0,0,0,0
23.6798,4,0,0,0,0,0,0,0,0,0,0
23.6798,5,0,0,0,0,0,0,0,0,0,0
23.7302,0,0.71,-0.817704,6.75458,-0.0196816,-0.0142317,0.0389496,0.391884,0,0,0
23.7302,1,0.697968,-0.894477,3.49798,0.0715994,0.0118048,-0.0531967,0.382763,0,0,0
23.7302,2,-2.2244,-0.879196,5.19199,-0.00190331,0.00371789,0.0566501,0.354716,0,0,0
23.7302,3,0,0,0,0,0,0,0,0,0,0
23.7302,4,0,0,0,0,0,0,0,0,0,0
23.7302,5,0,0,0,0,0,0,0,0,0,0
23.7807,0,0.701937,-0.818449,6.75639,-0.0439423,-0.0133975,0.0351601,0.393175,0,0,0
23.7807,1,0.699227,-0.896353,3.49591,0.0661158,0.00446965,-0.0511345,0.382763,0,0,0
23.7807,2,-2.2243,-0.879108,5.19452,-0.00122643,0.0033959,0.0548749,0.355786,0,0,0
23.7807,3,0,0,0,0,0,0,0,0,0,0
23.7807,4,0,0,0,0,0,0,0,0,0,0
23.7807,5,0,0,0,0,0,0,0,0,0,0
23.8312,0,0.698027,-0.81751,6.75834,-0.0582784,-0.00962538,0.0353089,0.393175,0,0,0
23.8312,1,0.696595,-0.894712,3.49317,0.0485686,0.00942115,-0.0517301,0.388982,0,0,0
23.8312,2,-2.22416,-0.879022,5.196,-0.000472738,0.00315335,0.0510934,0.355786,0,0,0
23.8312,3,0,0,0,0,0,0,0,0,0,0
23.8312,4,0,0,0,0,0,0,0,0,0,0
23.8312,5,0,0,0,0,0,0,0,0,0,0
23.8822,0,0.693552,-0.818754,6.76007,-0.0665451,-0.0116897,0.0308764,0.394446,0,0,0
23.8822,1,0.693408,-0.896084,3.49262,0.0315288,0.0044123,-0.0422103,0.388982,0,0,0
23.8822,2,-2.22384,-0.878825,5.19864,0.000798891,0.00331824,0.0392445,0.356325,0,0,0
23.8822,3,0,0,0,0,0,0,0,0,0,0
23.8822,4,0,0,0,0,0,0,0,0,0,0
23.8822,5,0,0,0,0,0,0,0,0,0,0
23.9433,0,0.687373,-0.819571,6.76097,-0.0794352,-0.0117362,0.0237214,0.394446,0,0,0
23.9433,1,0.687282,-0.895854,3.49056,0.00825061,0.00486131,-0.0371294,0.389018,0,0,0
23.9433,2,-2.22305,-0.878594,5.20069,0.00334145,0.00306203,0.0101385,0.356325,0,0,0
23.9433,3,0,0,0,0,0,0,0,0,0,0
23.9433,4,0,0,0,0,0,0,0,0,0,0
23.9433,5,0,0,0,0,0,0,0,0,0,0
24.0036,0,0.678764,-0.819926,6.76241,-0.0988013,-0.00970053,0.0190612,0.394887,0,0,0
24.0036,1,0.681584,-0.897783,3.48822,-0.011584,-0.00148872,-0.0316947,0.389018,0,0,0
24.0036,2,-2.22232,-0.878495,5.20058,0.00531394,0.00283961,-0.0155989,0.3562,0,0,0
24.0036,3,0,0,0,0,0,0,0,0,0,0
24.0036,4,0,0,0,0,0,0,0,0,0,0
24.0036,5,0,0,0,0,0,0,0,0,0,0
24.0567,0,0.6731,-0.820761,6.76343,-0.105323,-0.0104107,0.0175686,0.394887,0,0,0
24.0567,1,0.672051,-0.895923,3.48685,-0.0418292,0.00497913,-0.0273878,0.391565,0,0,0
24.0567,2,-2.22232,-0.878495,5.20058,0.00531394,0.00283961,-0.0155989,0.3562,0,0,0
24.0567,3,0,0,0,0,0,0,0,0,0,0
24.0567,4,0,0,0,0,0,0,0,0,0,0
24.0567,5,0,0,0,0,0,0,0,0,0,0
24.1095,0,0.668464,-0.821768,6.76404,-0.106258,-0.0117761,0.0142349,0.395133,0,0,0
24.1095,1,0.668152,-0.897402,3.48559,-0.0497337,-0.000293779,-0.0231843,0.391565,0,0,0
24.1095,2,-2.22138,-0.878555,5.19577,0.00752484,0.00197903,-0.0725692,0.354764,0,0,0
24.1095,3,0,0,0,0,0,0,0,0,0,0
24.1095,4,0,0,0,0,0,0,0,0,0,0
24.1095,5,0,0,0,0,0,0,0,0,0,0
24.1655,0,0.659297,-0.822774,6.76458,-0.109038,-0.0109851,0.0112906,0.395133,0,0,0
24.1655,1,0.66423,-0.897046,3.4845,-0.056565,0.000500245,-0.0207921,0.392435,0,0,0
24.1655,2,-2.22072,-0.878637,5.19146,0.00867021,0.00124156,-0.0960468,0.354764,0,0,0
24.1655,3,0,0,0,0,0,0,0,0,0,0
24.1655,4,0,0,0,0,0,0,0,0,0,0
24.1655,5,0,0,0,0,0,0,0,0,0,0
24.2258,0,0.656549,-0.824325,6.76509,-0.104198,-0.0142373,0.00608969,0.394561,0,0,0
24.2258,1,0.659459,-0.89685,3.48345,-0.0659893,0.00161065,-0.0174854,0.392435,0,0,0
24.2258,2,-2.22019,-0.878719,5.18688,0.00919536,0.000666578,-0.112822,0.352071,0,0,0
24.2258,3,0,0,0,0,0,0,0,0,0,0
24.2258,4,0,0,0,0,0,0,0,0,0,0
24.2258,5,0,0,0,0,0,0,0,0,0,0
24.2812,0,0.649778,-0.823692,6.76547,-0.112721,-0.00971989,0.00278541,0.394561,0,0,0
24.2812,1,0.655602,-0.897229,3.48269,-0.0707786,0.000103672,-0.0155207,0.393666,0,0,0
24.2812,2,-2.21985,-0.878742,5.17914,0.00878372,0.000451147,-0.127474,0.352071,0,0,0
24.2812,3,0,0,0,0,0,0,0,0,0,0
24.2812,4,0,0,0,0,0,0,0,0,0,0
24.2812,5,0,0,0,0,0,0,0,0,0,0
24.3346,0,0.643171,-0.824242,6.76567,-0.117282,-0.00937469,0.00236645,0.394605,0,0,0
24.3346,1,0.652103,-0.896908,3.48226,-0.073366,0.00093158,-0.0140124,0.393666,0,0,0
24.3346,2,-2.21946,-0.878907,5.17339,0.00868146,-0.000231557,-0.133427,0.349096,0,0,0
24.3346,3,0,0,0,0,0,0,0,0,0,0
24.3346,4,0,0,0,0,0,0,0,0,0,0
24.3346,5,0,0,0,0,0,0,0,0,0,0
24.3917,0,0.646748,-0.825136,6.7657,-0.0931155,-0.0109384,0.00096072,0.394605,0,0,0
24.3917,1,0.650463,-0.897011,3.48181,-0.070073,0.000164253,-0.0122649,0.394282,0,0,0
24.3917,2,-2.21905,-0.879139,5.16698,0.00868503,-0.0010612,-0.134351,0.349096,0,0,0
24.3917,3,0,0,0,0,0,0,0,0,0,0
24.3917,4,0,0,0,0,0,0,0,0,0,0
24.3917,5,0,0,0,0,0,0,0,0,0,0
24.4419,0,0.644039,-0.825084,6.76586,-0.0892156,-0.00902576,0.000360252,0.394468,0,0,0
24.4419,1,0.649637,-0.89688,3.48099,-0.0645639,9.41295e-05,-0.0108801,0.394282,0,0,0
24.4419,2,-2.21881,-0.879288,5.1581,0.00808615,-0.00141762,-0.132425,0.346624,0,0,0
24.4419,3,0,0,0,0,0,0,0,0,0,0
24.4419,4,0,0,0,0,0,0,0,0,0,0
24.4419,5,0,0,0,0,0,0,0,0,0,0
24.5021,0,0.647345,-0.824935,6.766,-0.0774216,-0.00894793,0.00124416,0.394468,0,0,0
24.5021,1,0.649502,-0.896653,3.48047,-0.0568278,0.000252179,-0.00972823,0.395384,0,0,0
24.5021,2,-2.21881,-0.879288,5.1581,0.00808615,-0.00141762,-0.132425,0.346624,0,0,0
24.5021,3,0,0,0,0,0,0,0,0,0,0
24.5021,4,0,0,0,0,0,0,0,0,0,0
24.5021,5,0,0,0,0,0,0,0,0,0,0
24.5653,0,0.642543,-0.825973,6.76626,-0.0699534,-0.00882352,0.00292778,0.394829,0,0,0
24.5653,1,0.647013,-0.895929,3.48002,-0.0573082,0.00229673,-0.00896466,0.395384,0,0,0
24.5653,2,-2.21889,-0.879529,5.15159,0.00656615,-0.00200888,-0.126424,0.345427,0,0,0
24.5653,3,0,0,0,0,0,0,0,0,0,0
24.5653,4,0,0,0,0,0,0,0,0,0,0
24.5653,5,0,0,0,0,0,0,0,0,0,0
24.6205,0,0.643227,-0.827275,6.76655,-0.0583713,-0.0115962,0.00407699,0.394829,0,0,0
24.6205,1,0.646703,-0.895877,3.47961,-0.0514062,0.00186492,-0.00832058,0.396149,0,0,0
24.6205,2,-2.21873,-0.879849,5.14581,0.00522669,-0.00250927,-0.120289,0.345427,0,0,0
24.6205,3,0,0,0,0,0,0,0,0,0,0
24.6205,4,0,0,0,0,0,0,0,0,0,0
24.6205,5,0,0,0,0,0,0,0,0,0,0
24.6858,0,0.646783,-0.827502,6.76687,-0.0383526,-0.0113476,0.00569845,0.39487,0,0,0
24.6858,1,0.646842,-0.895287,3.47922,-0.0442707,0.00297445,-0.0077752,0.396149,0,0,0
24.6858,2,-2.21912,-0.880106,5.13931,0.00334496,-0.00293019,-0.110985,0.344393,0,0,0
24.6858,3,0,0,0,0,0,0,0,0,0,0
24.6858,4,0,0,0,0,0,0,0,0,0,0
24.6858,5,0,0,0,0,0,0,0,0,0,0
24.7393,0,0.646783,-0.827502,6.76687,-0.0383526,-0.0113476,0.00569845,0.39487,0,0,0
24.7393,1,0.647028,-0.894939,3.47884,-0.03831,0.00337104,-0.00722855,0.396903,0,0,0
24.7393,2,-2.21964,-0.880304,5.13436,0.00128218,-0.00313208,-0.105591,0.344806,0,0,0
24.7393,3,0,0,0,0,0,0,0,0,0,0
24.7393,4,0,0,0,0,0,0,0,0,0,0
24.7393,5,0,0,0,0,0,0,0,0,0,0
24.7963,0,0.648448,-0.826992,6.76727,-0.026723,-0.00846398,0.00715033,0.395894,0,0,0
24.7963,1,0.648383,-0.894782,3.47844,-0.0286654,0.00290714,-0.00672499,0.396903,0,0,0
24.7963,2,-2.22024,-0.880487,5.12917,-0.000717923,-0.00327587,-0.0999951,0.344806,0,0,0
24.7963,3,0,0,0,0,0,0,0,0,0,0
24.7963,4,0,0,0,0,0,0,0,0,0,0
24.7963,5,0,0,0,0,0,0,0,0,0,0
24.8534,0,0.650575,-0.827718,6.76771,-0.0150154,-0.00934183,0.00833206,0.395894,0,0,0
24.8534,1,0.648094,-0.894586,3.47812,-0.0255695,0.00278538,-0.00639932,0.397736,0,0,0
24.8534,2,-2.221,-0.880641,5.12421,-0.00299517,-0.00330829,-0.0955181,0.346042,0,0,0
24.8534,3,0,0,0,0,0,0,0,0,0,0
24.8534,4,0,0,0,0,0,0,0,0,0,0
24.8534,5,0,0,0,0,0,0,0,0,0,0
24.9114,0,0.653195,-0.827345,6.76863,-0.00323088,-0.00644259,0.00927852,0.397502,0,0,0
24.9114,1,0.647238,-0.894005,3.4778,-0.0250409,0.00410133,-0.00590235,0.397736,0,0,0
24.9114,2,-2.22186,-0.880627,5.11908,-0.00533636,-0.00270996,-0.0922011,0.346042,0,0,0
24.9114,3,0,0,0,0,0,0,0,0,0,0
24.9114,4,0,0,0,0,0,0,0,0,0,0
24.9114,5,0,0,0,0,0,0,0,0,0,0
24.9623,0,0.657813,-0.827784,6.76919,0.0143058,-0.0075661,0.00973363,0.397502,0,0,0
24.9623,1,0.647593,-0.893933,3.47749,-0.0203659,0.00343844,-0.0055194,0.398274,0,0,0
24.9623,2,-2.22245,-0.880744,5.11421,-0.0065189,-0.00261418,-0.0898807,0.347667,0,0,0
24.9623,3,0,0,0,0,0,0,0,0,0,0
24.9623,4,0,0,0,0,0,0,0,0,0,0
24.9623,5,0,0,0,0,0,0,0,0,0,0
25.0124,0,0.661744,-0.828636,6.76948,0.0264245,-0.00738199,0.00942772,0.398361,0,0,0
25.0124,1,0.64719,-0.893507,3.47719,-0.018649,0.0041199,-0.00500416,0.398274,0,0,0
25.0124,2,-2.22293,-0.880863,5.1103,-0.00719844,-0.00261253,-0.0878493,0.347667,0,0,0
25.0124,3,0,0,0,0,0,0,0,0,0,0
25.0124,4,0,0,0,0,0,0,0,0,0,0
25.0124,5,0,0,0,0,0,0,0,0,0,0
25.0626,0,0.666733,-0.829169,6.77004,0.0409595,-0.00866266,0.00895347,0.398361,0,0,0
25.0626,1,0.646301,-0.893245,3.47695,-0.018964,0.00429432,-0.00460813,0.398859,0,0,0
25.0626,2,-2.22344,-0.881125,5.10521,-0.00783521,-0.00309586,-0.0860158,0.349057,0,0,0
25.0626,3,0,0,0,0,0,0,0,0,0,0
25.0626,4,0,0,0,0,0,0,0,0,0,0
25.0626,5,0,0,0,0,0,0,0,0,0,0
25.1257,0,0.670184,-0.829409,6.7703,0.0477764,-0.00845302,0.00798406,0.400479,0,0,0
25.1257,1,0.64632,-0.893156,3.47681,-0.0160416,0.00372796,-0.0041557,0.398859,0,0,0
25.1257,2,-2.22402,-0.88109,5.10141,-0.00863899,-0.00254209,-0.0819424,0.349057,0,0,0
25.1257,3,0,0,0,0,0,0,0,0,0,0
25.1257,4,0,0,0,0,0,0,0,0,0,0
25.1257,5,0,0,0,0,0,0,0,0,0,0
25.1867,0,0.672792,-0.829454,6.77077,0.0506928,-0.00713061,0.00692487,0.400479,0,0,0
25.1867,1,0.645357,-0.892816,3.47656,-0.0166777,0.00422074,-0.00367421,0.399176,0,0,0
25.1867,2,-2.22446,-0.881209,5.09721,-0.00898279,-0.00257173,-0.0687537,0.35062,0,0,0
25.1867,3,0,0,0,0,0,0,0,0,0,0
25.1867,4,0,0,0,0,0,0,0,0,0,0
25.1867,5,0,0,0,0,0,0,0,0,0,0
25.2501,0,0.675243,-0.829723,6.77118,0.0515352,-0.00645667,0.00609776,0.401243,0,0,0
25.2501,1,0.644509,-0.892609,3.47633,-0.0170525,0.00421374,-0.00334054,0.399176,0,0,0
25.2501,2,-2.2248,-0.881261,5.09281,-0.00779759,-0.00212255,-0.0238232,0.35062,0,0,0
25.2501,3,0,0,0,0,0,0,0,0,0,0
25.2501,4,0,0,0,0,0,0,0,0,0,0
25.2501,5,0,0,0,0,0,0,0,0,0,0
25.3037,0,0.677406,-0.830309,6.77147,0.0522344,-0.0072005,0.0052411,0.401243,0,0,0
25.3037,1,0.644145,-0.892567,3.47623,-0.0154507,0.003498,-0.00288723,0.399531,0,0,0
25.3037,2,-2.2248,-0.881261,5.09281,-0.00779759,-0.00212255,-0.0238232,0.351329,0,0,0
25.3037,3,0,0,0,0,0,0,0,0,0,0
25.3037,4,0,0,0,0,0,0,0,0,0,0
25.3037,5,0,0,0,0,0,0,0,0,0,0
25.3564,0,0.680113,-0.830776,6.77177,0.0543798,-0.00732781,0.00471163,0.402405,0,0,0
25.3564,1,0.643321,-0.892389,3.47607,-0.0157662,0.00346187,-0.00239745,0.399531,0,0,0
25.3564,2,-2.22448,-0.881127,5.09213,-0.00678152,-0.00172424,0.00995743,0.351329,0,0,0
25.3564,3,0,0,0,0,0,0,0,0,0,0
25.3564,4,0,0,0,0,0,0,0,0,0,0
25.3564,5,0,0,0,0,0,0,0,0,0,0
25.4098,0,0.679311,-0.830838,6.77181,0.0446073,-0.00571057,0.000989846,0.402405,0,0,0
25.4098,1,0.643382,-0.892266,3.47608,-0.0155619,0.00389752,-0.00214359,0.399727,0,0,0
25.4098,2,-2.22448,-0.881121,5.09324,-0.0057441,-0.00149454,0.0428296,0.350977,0,0,0
25.4098,3,0,0,0,0,0,0,0,0,0,0
25.4098,4,0,0,0,0,0,0,0,0,0,0
25.4098,5,0,0,0,0,0,0,0,0,0,0
25.4664,0,0.679572,-0.831589,6.77153,0.038453,-0.00656731,-0.00792138,0.402618,0,0,0
25.4664,1,0.642209,-0.891968,3.4759,-0.0147059,0.00352256,-0.00154664,0.399727,0,0,0
25.4664,2,-2.22429,-0.88094,5.09657,-0.00420958,-0.000717116,0.0730296,0.350977,0,0,0
25.4664,3,0,0,0,0,0,0,0,0,0,0
25.4664,4,0,0,0,0,0,0,0,0,0,0
25.4664,5,0,0,0,0,0,0,0,0,0,0
25.5206,0,0.680219,-0.832415,6.7706,0.0353641,-0.00801606,-0.0211111,0.402618,0,0,0
25.5206,1,0.641866,-0.891846,3.47585,-0.0136763,0.00329149,-0.00106098,0.399826,0,0,0
25.5206,2,-2.22412,-0.880824,5.10073,-0.00283395,-0.000224632,0.0985566,0.350013,0,0,0
25.5206,3,0,0,0,0,0,0,0,0,0,0
25.5206,4,0,0,0,0,0,0,0,0,0,0
25.5206,5,0,0,0,0,0,0,0,0,0,0
25.5784,0,0.679961,-0.833616,6.7671,0.0257619,-0.00850036,-0.0523956,0.400455,0,0,0
25.5784,1,0.641628,-0.891668,3.47581,-0.0123332,0.00323188,-0.000521516,0.399826,0,0,0
25.5784,2,-2.22406,-0.880775,5.10492,-0.00207512,-2.48466e-05,0.107851,0.350013,0,0,0
25.5784,3,0,0,0,0,0,0,0,0,0,0
25.5784,4,0,0,0,0,0,0,0,0,0,0
25.5784,5,0,0,0,0,0,0,0,0,0,0
25.6286,0,0.680717,-0.834474,6.76351,0.0258038,-0.00986578,-0.0642612,0.400455,0,0,0
25.6286,1,0.640956,-0.891402,3.47585,-0.0122785,0.00341265,0.00144017,0.399881,0,0,0
25.6286,2,-2.22385,-0.880559,5.10721,-0.000935507,0.000706893,0.117321,0.349345,0,0,0
25.6286,3,0,0,0,0,0,0,0,0,0,0
25.6286,4,0,0,0,0,0,0,0,0,0,0
25.6286,5,0,0,0,0,0,0,0,0,0,0
25.6897,0,0.681739,-0.835277,6.75895,0.0263848,-0.0108647,-0.0690273,0.394572,0,0,0
25.6897,1,0.640749,-0.891373,3.47596,-0.0112006,0.00291509,0.00587131,0.399881,0,0,0
25.6897,2,-2.22366,-0.88026,5.12136,7.48287e-05,0.00146942,0.130462,0.349345,0,0,0
25.6897,3,0,0,0,0,0,0,0,0,0,0
25.6897,4,0,0,0,0,0,0,0,0,0,0
25.6897,5,0,0,0,0,0,0,0,0,0,0
25.7452,0,0.683554,-0.836081,6.75578,0.0288241,-0.0118901,-0.0639818,0.394572,0,0,0
25.7452,1,0.640971,-0.891185,3.4777,-0.00940439,0.00286221,0.0227946,0.399683,0,0,0
25.7452,2,-2.22355,-0.880106,5.1243,0.000434714,0.00204784,0.123694,0.348591,0,0,0
25.7452,3,0,0,0,0,0,0,0,0,0,0
25.7452,4,0,0,0,0,0,0,0,0,0,0
25.7452,5,0,0,0,0,0,0,0,0,0,0
25.8005,0,0.684707,-0.836188,6.75303,0.0277384,-0.010036,-0.0574242,0.387216,0,0,0
25.8005,1,0.641292,-0.890637,3.48098,-0.00818143,0.00399772,0.0471309,0.399683,0,0,0
25.8005,2,-2.2235,-0.879596,5.13868,0.000503298,0.00313094,0.112803,0.348591,0,0,0
25.8005,3,0,0,0,0,0,0,0,0,0,0
25.8005,4,0,0,0,0,0,0,0,0,0,0
25.8005,5,0,0,0,0,0,0,0,0,0,0
25.8571,0,0.687853,-0.837364,6.75037,0.0335015,-0.0125974,-0.0501798,0.387216,0,0,0
25.8571,1,0.642789,-0.890563,3.48514,-0.00346372,0.0033907,0.0639635,0.394665,0,0,0
25.8571,2,-2.22346,-0.879414,5.14525,0.000599557,0.00333331,0.114367,0.349072,0,0,0
25.8571,3,0,0,0,0,0,0,0,0,0,0
25.8571,4,0,0,0,0,0,0,0,0,0,0
25.8571,5,0,0,0,0,0,0,0,0,0,0
25.9079,0,0.691072,-0.83725,6.7498,0.0393891,-0.0104324,-0.0178511,0.382448,0,0,0
25.9079,1,0.6447,-0.890464,3.48705,0.00181764,0.00293635,0.0815831,0.394665,0,0,0
25.9079,2,-2.22353,-0.879387,5.14979,0.000283421,0.00345076,0.104345,0.349072,0,0,0
25.9079,3,0,0,0,0,0,0,0,0,0,0
25.9079,4,0,0,0,0,0,0,0,0,0,0
25.9079,5,0,0,0,0,0,0,0,0,0,0
25.9657,0,0.695641,-0.83854,6.7498,0.0499494,-0.0137303,-0.00355089,0.382448,0,0,0
25.9657,1,0.649608,-0.890533,3.49227,0.0179797,0.00127086,0.0883082,0.388753,0,0,0
25.9657,2,-2.22355,-0.879102,5.15424,0.000171307,0.0034773,0.0951208,0.349433,0,0,0
25.9657,3,0,0,0,0,0,0,0,0,0,0
25.9657,4,0,0,0,0,0,0,0,0,0,0
25.9657,5,0,0,0,0,0,0,0,0,0,0
26.0221,0,0.698238,-0.838886,6.75005,0.0518158,-0.0127229,0.0030023,0.383135,0,0,0
26.0221,1,0.65142,-0.889783,3.49695,0.0220224,0.00329228,0.0881528,0.388753,0,0,0
26.0221,2,-2.22371,-0.878854,5.15891,-0.000392844,0.00381321,0.0869427,0.349433,0,0,0
26.0221,3,0,0,0,0,0,0,0,0,0,0
26.0221,4,0,0,0,0,0,0,0,0,0,0
26.0221,5,0,0,0,0,0,0,0,0,0,0
26.0753,0,0.700596,-0.839182,6.75138,0.0520385,-0.0114175,0.0153849,0.383135,0,0,0
26.0753,1,0.661123,-0.890812,3.50035,0.0537719,-0.00249362,0.0666822,0.379262,0,0,0
26.0753,2,-2.2238,-0.878866,5.15891,-0.000738783,0.00377549,0.078369,0.350377,0,0,0
26.0753,3,0,0,0,0,0,0,0,0,0,0
26.0753,4,0,0,0,0,0,0,0,0,0,0
26.0753,5,0,0,0,0,0,0,0,0,0,0
26.1313,0,0.703207,-0.840231,6.75249,0.0528363,-0.0126468,0.0220768,0.385568,0,0,0
26.1313,1,0.667404,-0.887895,3.50412,0.0667669,0.00652303,0.04169,0.379262,0,0,0
26.1313,2,-2.22385,-0.878752,5.16278,-0.000823101,0.00357192,0.0744243,0.350377,0,0,0
26.1313,3,0,0,0,0,0,0,0,0,0,0
26.1313,4,0,0,0,0,0,0,0,0,0,0
26.1313,5,0,0,0,0,0,0,0,0,0,0
26.1841,0,0.703123,-0.840046,6.75219,0.0457282,-0.00994547,0.0239431,0.386779,0,0,0
26.1841,1,0.68089,-0.88958,3.50496,0.102865,-0.00157228,0.0155638,0.373519,0,0,0
26.1841,2,-2.22389,-0.878601,5.17016,-0.00086805,0.00354608,0.0756089,0.35091,0,0,0
26.1841,3,0,0,0,0,0,0,0,0,0,0
26.1841,4,0,0,0,0,0,0,0,0,0,0
26.1841,5,0,0,0,0,0,0,0,0,0,0
26.2358,0,0.702323,-0.840368,6.75315,0.0372385,-0.00895535,0.0265378,0.386779,0,0,0
26.2358,1,0.686822,-0.888474,3.50505,0.108562,0.00201594,0.00498561,0.373519,0,0,0
26.2358,2,-2.22388,-0.878502,5.16946,-0.000666934,0.00332543,0.0728085,0.35091,0,0,0
26.2358,3,0,0,0,0,0,0,0,0,0,0
26.2358,4,0,0,0,0,0,0,0,0,0,0
26.2358,5,0,0,0,0,0,0,0,0,0,0
26.2885,0,0.699498,-0.839983,6.75393,0.0223524,-0.00530393,0.0283667,0.387769,0,0,0
26.2885,1,0.693628,-0.88776,3.50454,0.11528,0.00340644,-0.0209511,0.375323,0,0,0
26.2885,2,-2.2238,-0.878378,5.1734,-0.000272225,0.00324807,0.0719563,0.351716,0,0,0
26.2885,3,0,0,0,0,0,0,0,0,0,0
26.2885,4,0,0,0,0,0,0,0,0,0,0
26.2885,5,0,0,0,0,0,0,0,0,0,0
26.3416,0,0.693933,-0.840189,6.75766,-0.000472246,-0.00278784,0.0318243,0.387769,0,0,0
26.3416,1,0.698209,-0.886873,3.50316,0.113503,0.00594014,-0.0322651,0.375323,0,0,0
26.3416,2,-2.22364,-0.878279,5.17748,0.000335925,0.00306064,0.0725426,0.351716,0,0,0
26.3416,3,0,0,0,0,0,0,0,0,0,0
26.3416,4,0,0,0,0,0,0,0,0,0,0
26.3416,5,0,0,0,0,0,0,0,0,0,0
26.4019,0,0.689929,-0.841071,6.76,-0.014905,-0.00400178,0.0310232,0.391913,0,0,0
26.4019,1,0.700493,-0.886133,3.50179,0.10419,0.00822629,-0.0393257,0.379166,0,0,0
26.4019,2,-2.22323,-0.878135,5.18382,0.00170317,0.00260562,0.0612991,0.352587,0,0,0
26.4019,3,0,0,0,0,0,0,0,0,0,0
26.4019,4,0,0,0,0,0,0,0,0,0,0
26.4019,5,0,0,0,0,0,0,0,0,0,0
26.455,0,0.685865,-0.841765,6.76154,-0.0274634,-0.00455286,0.028094,0.391913,0,0,0
26.455,1,0.701861,-0.885793,3.49975,0.0933634,0.00903659,-0.0443552,0.379166,0,0,0
26.455,2,-2.22301,-0.877948,5.1863,0.00221548,0.00282399,0.054824,0.352587,0,0,0
26.455,3,0,0,0,0,0,0,0,0,0,0
26.455,4,0,0,0,0,0,0,0,0,0,0
26.455,5,0,0,0,0,0,0,0,0,0,0
26.5057,0,0.681757,-0.842427,6.76244,-0.0380892,-0.00501457,0.0233298,0.392923,0,0,0
26.5057,1,0.701849,-0.886397,3.4974,0.0797943,0.00676526,-0.0451371,0.383198,0,0,0
26.5057,2,-2.22279,-0.877939,5.18653,0.00308425,0.0028225,0.0326971,0.353384,0,0,0
26.5057,3,0,0,0,0,0,0,0,0,0,0
26.5057,4,0,0,0,0,0,0,0,0,0,0
26.5057,5,0,0,0,0,0,0,0,0,0,0
26.561,0,0.677275,-0.842848,6.76362,-0.048729,-0.00463735,0.0205377,0.392923,0,0,0
26.561,1,0.701448,-0.886326,3.49578,0.066545,0.00688116,-0.0435826,0.383198,0,0,0
26.561,2,-2.22238,-0.877904,5.18772,0.00418922,0.00244919,0.0072998,0.353384,0,0,0
26.561,3,0,0,0,0,0,0,0,0,0,0
26.561,4,0,0,0,0,0,0,0,0,0,0
26.561,5,0,0,0,0,0,0,0,0,0,0
26.6223,0,0.674531,-0.843642,6.76439,-0.0516416,-0.00620067,0.0191526,0.39378,0,0,0
26.6223,1,0.698734,-0.885468,3.49336,0.0471874,0.0102451,-0.0402602,0.387019,0,0,0
26.6223,2,-2.2216,-0.877806,5.18606,0.0055086,0.00202638,-0.0255244,0.351946,0,0,0
26.6223,3,0,0,0,0,0,0,0,0,0,0
26.6223,4,0,0,0,0,0,0,0,0,0,0
26.6223,5,0,0,0,0,0,0,0,0,0,0
26.6929,0,0.670509,-0.844009,6.76542,-0.0585768,-0.00573129,0.0164051,0.39378,0,0,0
26.6929,1,0.695015,-0.88675,3.49166,0.0270621,0.00530105,-0.0359615,0.387019,0,0,0
26.6929,2,-2.2212,-0.877701,5.18232,0.00604437,0.00201171,-0.0593883,0.351946,0,0,0
26.6929,3,0,0,0,0,0,0,0,0,0,0
26.6929,4,0,0,0,0,0,0,0,0,0,0
26.6929,5,0,0,0,0,0,0,0,0,0,0
26.7432,0,0.66695,-0.844871,6.76644,-0.0627828,-0.00732225,0.0160066,0.39378,0,0,0
26.7432,1,0.690565,-0.88691,3.49004,0.00683147,0.00492375,-0.0315994,0.389855,0,0,0
26.7432,2,-2.22107,-0.877804,5.18165,0.00643071,0.00161193,-0.0802572,0.350923,0,0,0
26.7432,3,0,0,0,0,0,0,0,0,0,0
26.7432,4,0,0,0,0,0,0,0,0,0,0
26.7432,5,0,0,0,0,0,0,0,0,0,0
26.8033,0,0.663286,-0.845039,6.76711,-0.0667609,-0.0065341,0.0140385,0.394834,0,0,0
26.8033,1,0.686763,-0.886806,3.48845,-0.00830152,0.00526852,-0.0275637,0.389855,0,0,0
26.8033,2,-2.22031,-0.877769,5.17189,0.0070486,0.00119071,-0.106507,0.350923,0,0,0
26.8033,3,0,0,0,0,0,0,0,0,0,0
26.8033,4,0,0,0,0,0,0,0,0,0,0
26.8033,5,0,0,0,0,0,0,0,0,0,0
26.8565,0,0.662317,-0.84527,6.76739,-0.0609076,-0.00641347,0.0109773,0.395281,0,0,0
26.8565,1,0.682427,-0.887153,3.48737,-0.0229048,0.00408565,-0.0237084,0.391633,0,0,0
26.8565,2,-2.21999,-0.877914,5.16676,0.00706241,0.000513578,-0.117637,0.348492,0,0,0
26.8565,3,0,0,0,0,0,0,0,0,0,0
26.8565,4,0,0,0,0,0,0,0,0,0,0
26.8565,5,0,0,0,0,0,0,0,0,0,0
26.9124,0,0.659513,-0.845514,6.76809,-0.0620282,-0.00597792,0.0103905,0.395281,0,0,0
26.9124,1,0.679902,-0.888273,3.48585,-0.0287437,4.43512e-05,-0.0210335,0.391633,0,0,0
26.9124,2,-2.21976,-0.877977,5.1607,0.00678408,0.000210147,-0.121543,0.348492,0,0,0
26.9124,3,0,0,0,0,0,0,0,0,0,0
26.9124,4,0,0,0,0,0,0,0,0,0,0
26.9124,5,0,0,0,0,0,0,0,0,0,0
26.9749,0,0.657577,-0.845989,6.76864,-0.0598078,-0.00664347,0.00818353,0.396053,0,0,0
26.9749,1,0.676414,-0.887776,3.48581,-0.0368013,0.00129032,-0.0177403,0.393228,0,0,0
26.9749,2,-2.21968,-0.87809,5.15542,0.00600792,-0.000193343,-0.122154,0.346611,0,0,0
26.9749,3,0,0,0,0,0,0,0,0,0,0
26.9749,4,0,0,0,0,0,0,0,0,0,0
26.9749,5,0,0,0,0,0,0,0,0,0,0
27.0301,0,0.656719,-0.84611,6.76895,-0.0541388,-0.00619347,0.00654898,0.396053,0,0,0
27.0301,1,0.673393,-0.888639,3.48476,-0.0418492,-0.00172671,-0.0169941,0.393228,0,0,0
27.0301,2,-2.21955,-0.878139,5.14972,0.00559108,-0.000335461,-0.120911,0.346611,0,0,0
27.0301,3,0,0,0,0,0,0,0,0,0,0
27.0301,4,0,0,0,0,0,0,0,0,0,0
27.0301,5,0,0,0,0,0,0,0,0,0,0
27.0838,0,0.655236,-0.846276,6.7691,-0.0509592,-0.00570748,0.00393488,0.396303,0,0,0
27.0838,1,0.66738,-0.887857,3.48389,-0.0577817,0.00217952,-0.013151,0.393462,0,0,0
27.0838,2,-2.21956,-0.878226,5.14293,0.00474151,-0.000549999,-0.118471,0.345445,0,0,0
27.0838,3,0,0,0,0,0,0,0,0,0,0
27.0838,4,0,0,0,0,0,0,0,0,0,0
27.0838,5,0,0,0,0,0,0,0,0,0,0
27.1428,0,0.654474,-0.846539,6.76928,-0.0460027,-0.00580618,0.00323274,0.396303,0,0,0
27.1428,1,0.66405,-0.888266,3.48326,-0.0612603,0.000505365,-0.0117705,0.393462,0,0,0
27.1428,2,-2.21969,-0.878361,5.13855,0.00362807,-0.000906466,-0.115342,0.345445,0,0,0
27.1428,3,0,0,0,0,0,0,0,0,0,0
27.1428,4,0,0,0,0,0,0,0,0,0,0
27.1428,5,0,0,0,0,0,0,0,0,0,0
27.1982,0,0.652223,-0.846644,6.76951,-0.0467574,-0.00506674,0.00300718,0.3964,0,0,0
27.1982,1,0.662151,-0.888515,3.48274,-0.0595666,-0.000690529,-0.010752,0.393902,0,0,0
27.1982,2,-2.2198,-0.878441,5.13253,0.00268786,-0.0010294,-0.111549,0.344968,0,0,0
27.1982,3,0,0,0,0,0,0,0,0,0,0
27.1982,4,0,0,0,0,0,0,0,0,0,0
27.1982,5,0,0,0,0,0,0,0,0,0,0
27.2484,0,0.653408,-0.847184,6.76969,-0.0356385,-0.00628149,0.00344417,0.3964,0,0,0
27.2484,1,0.66021,-0.888715,3.4822,-0.0578466,-0.00157151,-0.00964305,0.393902,0,0,0
27.2484,2,-2.22001,-0.878547,5.12613,0.00159395,-0.00121071,-0.108038,0.344968,0,0,0
27.2484,3,0,0,0,0,0,0,0,0,0,0
27.2484,4,0,0,0,0,0,0,0,0,0,0
27.2484,5,0,0,0,0,0,0,0,0,0,0
27.3118,0,0.653941,-0.846815,6.76991,-0.0285248,-0.00442798,0.00461111,0.396683,0,0,0
27.3118,1,0.658455,-0.888575,3.48184,-0.0553907,-0.00122552,-0.00884796,0.394612,0,0,0
27.3118,2,-2.22017,-0.878623,5.1216,0.000769497,-0.00129346,-0.104831,0.345031,0,0,0
27.3118,3,0,0,0,0,0,0,0,0,0,0
27.3118,4,0,0,0,0,0,0,0,0,0,0
27.3118,5,0,0,0,0,0,0,0,0,0,0
27.362,0,0.65407,-0.847583,6.77015,-0.0233608,-0.0065002,0.00539691,0.396683,0,0,0
27.362,1,0.657515,-0.888467,3.48139,-0.0507559,-0.00121146,-0.00819174,0.394612,0,0,0
27.362,2,-2.22039,-0.878699,5.11576,-8.21506e-05,-0.00133608,-0.100064,0.345031,0,0,0
27.362,3,0,0,0,0,0,0,0,0,0,0
27.362,4,0,0,0,0,0,0,0,0,0,0
27.362,5,0,0,0,0,0,0,0,0,0,0
27.4181,0,0.65407,-0.847583,6.77015,-0.0233608,-0.0065002,0.00539691,0.397169,0,0,0
27.4181,1,0.657104,-0.888018,3.48102,-0.0445952,-5.46517e-05,-0.00757422,0.395183,0,0,0
27.4181,2,-2.22061,-0.878802,5.11136,-0.000804401,-0.00146314,-0.0971634,0.345535,0,0,0
27.4181,3,0,0,0,0,0,0,0,0,0,0
27.4181,4,0,0,0,0,0,0,0,0,0,0
27.4181,5,0,0,0,0,0,0,0,0,0,0
27.4758,0,0.654221,-0.847766,6.77027,-0.0189884,-0.00618897,0.00573722,0.397169,0,0,0
27.4758,1,0.656473,-0.888064,3.4807,-0.0402254,-0.000663692,-0.0071617,0.395183,0,0,0
27.4758,2,-2.2208,-0.878905,5.10594,-0.00136298,-0.0015967,-0.0935585,0.346349,0,0,0
27.4758,3,0,0,0,0,0,0,0,0,0,0
27.4758,4,0,0,0,0,0,0,0,0,0,0
27.4758,5,0,0,0,0,0,0,0,0,0,0
27.531,0,0.656309,-0.847608,6.77113,-0.00631466,-0.00425347,0.00729775,0.397833,0,0,0
27.531,1,0.656388,-0.887508,3.48039,-0.0346714,0.000762519,-0.00671979,0.395766,0,0,0
27.531,2,-2.2209,-0.879008,5.10064,-0.00153054,-0.00173232,-0.0897484,0.346349,0,0,0
27.531,3,0,0,0,0,0,0,0,0,0,0
27.531,4,0,0,0,0,0,0,0,0,0,0
27.531,5,0,0,0,0,0,0,0,0,0,0
27.5917,0,0.657684,-0.84808,6.7716,0.000130446,-0.0052959,0.00760005,0.397833,0,0,0
27.5917,1,0.656019,-0.887184,3.48001,-0.030994,0.00142406,-0.00624999,0.396389,0,0,0
27.5917,2,-2.22099,-0.879016,5.09915,-0.00163743,-0.00152719,-0.084936,0.346972,0,0,0
27.5917,3,0,0,0,0,0,0,0,0,0,0
27.5917,4,0,0,0,0,0,0,0,0,0,0
27.5917,5,0,0,0,0,0,0,0,0,0,0
27.646,0,0.65886,-0.848305,6.772,0.00486982,-0.00524391,0.00774108,0.398858,0,0,0
27.646,1,0.654656,-0.886817,3.4797,-0.0311764,0.00227819,-0.00590801,0.396389,0,0,0
27.646,2,-2.22103,-0.879039,5.09706,-0.0016599,-0.00141517,-0.054634,0.346972,0,0,0
27.646,3,0,0,0,0,0,0,0,0,0,0
27.646,4,0,0,0,0,0,0,0,0,0,0
27.646,5,0,0,0,0,0,0,0,0,0,0
27.7067,0,0.660426,-0.848691,6.77238,0.0102845,-0.00583683,0.00763701,0.398858,0,0,0
27.7067,1,0.655154,-0.886798,3.47942,-0.025049,0.00167261,-0.005459,0.396903,0,0,0
27.7067,2,-2.22105,-0.879079,5.09444,-0.00159922,-0.00137908,-0.0180662,0.347424,0,0,0
27.7067,3,0,0,0,0,0,0,0,0,0,0
27.7067,4,0,0,0,0,0,0,0,0,0,0
27.7067,5,0,0,0,0,0,0,0,0,0,0
27.762,0,0.660426,-0.848691,6.77238,0.0102845,-0.00583683,0.00763701,0.399826,0,0,0
27.762,1,0.654821,-0.886514,3.47915,-0.0220922,0.00195514,-0.00508888,0.396903,0,0,0
27.762,2,-2.22104,-0.879109,5.09323,-0.00139071,-0.00132814,0.0130892,0.347424,0,0,0
27.762,3,0,0,0,0,0,0,0,0,0,0
27.762,4,0,0,0,0,0,0,0,0,0,0
27.762,5,0,0,0,0,0,0,0,0,0,0
27.8178,0,0.661324,-0.848855,6.77275,0.0125075,-0.00536693,0.00738482,0.399826,0,0,0
27.8178,1,0.653965,-0.886154,3.47897,-0.0218768,0.0027394,-0.00471713,0.397248,0,0,0
27.8178,2,-2.22096,-0.879109,5.09479,-0.000961307,-0.00119362,0.0423322,0.3473,0,0,0
27.8178,3,0,0,0,0,0,0,0,0,0,0
27.8178,4,0,0,0,0,0,0,0,0,0,0
27.8178,5,0,0,0,0,0,0,0,0,0,0
27.8686,0,0.662401,-0.849229,6.77306,0.0150282,-0.0057562,0.00700113,0.400647,0,0,0
27.8686,1,0.653431,-0.885938,3.4787,-0.0206163,0.00294944,-0.00437199,0.397248,0,0,0
27.8686,2,-2.22086,-0.879034,5.0977,-0.000490959,-0.000818879,0.0723519,0.3473,0,0,0
27.8686,3,0,0,0,0,0,0,0,0,0,0
27.8686,4,0,0,0,0,0,0,0,0,0,0
27.8686,5,0,0,0,0,0,0,0,0,0,0
27.9187,0,0.664157,-0.849841,6.77338,0.0175699,-0.00580579,0.00631529,0.400647,0,0,0
27.9187,1,0.652773,-0.88574,3.47848,-0.0198801,0.00308876,-0.00404077,0.397639,0,0,0
27.9187,2,-2.22081,-0.879002,5.10302,-0.000279321,-0.00063424,0.0900165,0.346533,0,0,0
27.9187,3,0,0,0,0,0,0,0,0,0,0
27.9187,4,0,0,0,0,0,0,0,0,0,0
27.9187,5,0,0,0,0,0,0,0,0,0,0
27.9754,0,0.664586,-0.849856,6.77374,0.0171052,-0.004845,0.00617161,0.401485,0,0,0
27.9754,1,0.652285,-0.885673,3.47831,-0.0186764,0.00278064,-0.00367453,0.397639,0,0,0
27.9754,2,-2.2207,-0.878892,5.10479,0.000137924,-0.000193945,0.105492,0.346533,0,0,0
27.9754,3,0,0,0,0,0,0,0,0,0,0
27.9754,4,0,0,0,0,0,0,0,0,0,0
27.9754,5,0,0,0,0,0,0,0,0,0,0
28.0333,0,0.66378,-0.849746,6.77397,0.0142409,-0.00428607,0.00500909,0.401485,0,0,0
28.0333,1,0.651572,-0.885545,3.47812,-0.0181957,0.00270628,-0.0032762,0.397908,0,0,0
28.0333,2,-2.22061,-0.87877,5.10937,0.000411467,0.000239745,0.112547,0.345987,0,0,0
28.0333,3,0,0,0,0,0,0,0,0,0,0
28.0333,4,0,0,0,0,0,0,0,0,0,0
28.0333,5,0,0,0,0,0,0,0,0,0,0
28.0967,0,0.664259,-0.850544,6.77438,0.0123837,-0.00508691,0.00377989,0.401916,0,0,0
28.0967,1,0.651175,-0.885522,3.47796,-0.0166327,0.00223557,-0.00295714,0.397908,0,0,0
28.0967,2,-2.22059,-0.878615,5.11849,0.000415392,0.000750927,0.115549,0.345987,0,0,0
28.0967,3,0,0,0,0,0,0,0,0,0,0
28.0967,4,0,0,0,0,0,0,0,0,0,0
28.0967,5,0,0,0,0,0,0,0,0,0,0
28.1546,0,0.663813,-0.851037,6.77458,0.00915572,-0.00561364,0.00260564,0.401916,0,0,0
28.1546,1,0.65025,-0.885401,3.47784,-0.016938,0.00221507,-0.00262779,0.398095,0,0,0
28.1546,2,-2.2206,-0.878506,5.12464,0.000267091,0.00103888,0.114909,0.34562,0,0,0
28.1546,3,0,0,0,0,0,0,0,0,0,0
28.1546,4,0,0,0,0,0,0,0,0,0,0
28.1546,5,0,0,0,0,0,0,0,0,0,0
28.208,0,0.663509,-0.851673,6.77467,0.00628066,-0.00559345,0.00209385,0.402176,0,0,0
28.208,1,0.650325,-0.885374,3.47772,-0.0166758,0.00230255,-0.00223571,0.398095,0,0,0
28.208,2,-2.22064,-0.878353,5.13214,2.0528e-05,0.00142533,0.10866,0.34562,0,0,0
28.208,3,0,0,0,0,0,0,0,0,0,0
28.208,4,0,0,0,0,0,0,0,0,0,0
28.208,5,0,0,0,0,0,0,0,0,0,0
28.2635,0,0.663509,-0.851673,6.77467,0.00628066,-0.00559345,0.00209385,0.402176,0,0,0
28.2635,1,0.649709,-0.88534,3.47763,-0.0161223,0.00196613,-0.00193285,0.39827,0,0,0
28.2635,2,-2.2207,-0.878233,5.13885,-0.000254362,0.00164275,0.10371,0.345989,0,0,0
28.2635,3,0,0,0,0,0,0,0,0,0,0
28.2635,4,0,0,0,0,0,0,0,0,0,0
28.2635,5,0,0,0,0,0,0,0,0,0,0
28.3215,0,0.662531,-0.851725,6.77477,0.0027705,-0.0056671,0.00152136,0.402203,0,0,0
28.3215,1,0.64812,-0.885065,3.47753,-0.0164471,0.00217193,-0.00153447,0.39827,0,0,0
28.3215,2,-2.22079,-0.878104,5.14455,-0.000633695,0.0018681,0.104416,0.345989,0,0,0
28.3215,3,0,0,0,0,0,0,0,0,0,0
28.3215,4,0,0,0,0,0,0,0,0,0,0
28.3215,5,0,0,0,0,0,0,0,0,0,0
28.3846,0,0.661794,-0.852323,6.77484,9.82796e-05,-0.00558027,0.00111086,0.402203,0,0,0
28.3846,1,0.647673,-0.884989,3.47745,-0.0152982,0.0020249,-0.0012248,0.39832,0,0,0
28.3846,2,-2.22087,-0.878032,5.14832,-0.00088725,0.00185724,0.0899259,0.346668,0,0,0
28.3846,3,0,0,0,0,0,0,0,0,0,0
28.3846,4,0,0,0,0,0,0,0,0,0,0
28.3846,5,0,0,0,0,0,0,0,0,0,0
28.4449,0,0.658788,-0.853045,6.77492,-0.00865504,-0.0054146,0.000332037,0.402088,0,0,0
28.4449,1,0.646798,-0.884906,3.4774,-0.0155798,0.00191697,-0.000984803,0.39832,0,0,0
28.4449,2,-2.22092,-0.877942,5.15297,-0.001002,0.00190515,0.0907298,0.346668,0,0,0
28.4449,3,0,0,0,0,0,0,0,0,0,0
28.4449,4,0,0,0,0,0,0,0,0,0,0
28.4449,5,0,0,0,0,0,0,0,0,0,0
28.4972,0,0.658788,-0.853045,6.77492,-0.00865504,-0.0054146,0.000332037,0.402088,0,0,0
28.4972,1,0.646196,-0.88478,3.47736,-0.0150802,0.00195904,-0.000768593,0.398319,0,0,0
28.4972,2,-2.22096,-0.877897,5.15582,-0.00107085,0.00176113,0.0863129,0.347346,0,0,0
28.4972,3,0,0,0,0,0,0,0,0,0,0
28.4972,4,0,0,0,0,0,0,0,0,0,0
28.4972,5,0,0,0,0,0,0,0,0,0,0
28.5585,0,0.655516,-0.853784,6.77493,-0.0159773,-0.00556422,-0.000206124,0.401846,0,0,0
28.5585,1,0.64589,-0.884701,3.47732,-0.0136631,0.0017822,-0.000554956,0.398319,0,0,0
28.5585,2,-2.22102,-0.877785,5.15937,-0.00112099,0.00189039,0.0709484,0.347346,0,0,0
28.5585,3,0,0,0,0,0,0,0,0,0,0
28.5585,4,0,0,0,0,0,0,0,0,0,0
28.5585,5,0,0,0,0,0,0,0,0,0,0
28.6165,0,0.655516,-0.853784,6.77493,-0.0159773,-0.00556422,-0.000206124,0.401846,0,0,0
28.6165,1,0.645284,-0.884533,3.4773,-0.0135165,0.00199779,-0.000438243,0.398343,0,0,0
28.6165,2,-2.22099,-0.87769,5.16325,-0.000886331,0.0019092,0.0681301,0.34811,0,0,0
28.6165,3,0,0,0,0,0,0,0,0,0,0
28.6165,4,0,0,0,0,0,0,0,0,0,0
28.6165,5,0,0,0,0,0,0,0,0,0,0
28.6744,0,0.654111,-0.85463,6.77492,-0.0180769,-0.00719852,-0.00042667,0.401649,0,0,0
28.6744,1,0.645226,-0.884486,3.47729,-0.0115528,0.00172997,-0.000271801,0.398343,0,0,0
28.6744,2,-2.2209,-0.877615,5.1654,-0.000370619,0.0018285,0.0278942,0.34811,0,0,0
28.6744,3,0,0,0,0,0,0,0,0,0,0
28.6744,4,0,0,0,0,0,0,0,0,0,0
28.6744,5,0,0,0,0,0,0,0,0,0,0
28.7357,0,0.652233,-0.854565,6.7749,-0.0214784,-0.00576024,-0.00055993,0.401649,0,0,0
28.7357,1,0.644872,-0.884322,3.47727,-0.0107984,0.00191856,-0.000164996,0.39834,0,0,0
28.7357,2,-2.22087,-0.87747,5.16605,-0.000242125,0.00200249,0.0142854,0.348308,0,0,0
28.7357,3,0,0,0,0,0,0,0,0,0,0
28.7357,4,0,0,0,0,0,0,0,0,0,0
28.7357,5,0,0,0,0,0,0,0,0,0,0
28.7859,0,0.650943,-0.85498,6.77487,-0.0225244,-0.00606454,-0.000668974,0.401215,0,0,0
28.7859,1,0.644683,-0.884192,3.47726,-0.00945761,0.00193433,-0.000102574,0.39834,0,0,0
28.7859,2,-2.22068,-0.877506,5.16463,0.000448206,0.00153412,-0.0321502,0.348308,0,0,0
28.7859,3,0,0,0,0,0,0,0,0,0,0
28.7859,4,0,0,0,0,0,0,0,0,0,0
28.7859,5,0,0,0,0,0,0,0,0,0,0
28.8462,0,0.649991,-0.855377,6.77483,-0.0223114,-0.00640519,-0.000700946,0.401215,0,0,0
28.8462,1,0.644413,-0.884081,3.47726,-0.00867185,0.00193506,-5.2736e-05,0.398328,0,0,0
28.8462,2,-2.22049,-0.877518,5.16243,0.00101601,0.00118162,-0.0602134,0.347952,0,0,0
28.8462,3,0,0,0,0,0,0,0,0,0,0
28.8462,4,0,0,0,0,0,0,0,0,0,0
28.8462,5,0,0,0,0,0,0,0,0,0,0
28.899,0,0.648334,-0.855431,6.77479,-0.024811,-0.00537868,-0.000685119,0.401086,0,0,0
28.899,1,0.644211,-0.88399,3.47726,-0.00768413,0.00183686,-2.74087e-05,0.398328,0,0,0
28.899,2,-2.2203,-0.877498,5.15801,0.00144903,0.00100938,-0.0861879,0.347952,0,0,0
28.899,3,0,0,0,0,0,0,0,0,0,0
28.899,4,0,0,0,0,0,0,0,0,0,0
28.899,5,0,0,0,0,0,0,0,0,0,0
28.9546,0,0.647337,-0.855669,6.77476,-0.0245046,-0.00524901,-0.000836732,0.401086,0,0,0
28.9546,1,0.643898,-0.883807,3.47725,-0.00725833,0.00210318,-2.15488e-05,0.398308,0,0,0
28.9546,2,-2.22021,-0.877487,5.15354,0.00146375,0.000864877,-0.102466,0.346883,0,0,0
28.9546,3,0,0,0,0,0,0,0,0,0,0
28.9546,4,0,0,0,0,0,0,0,0,0,0
28.9546,5,0,0,0,0,0,0,0,0,0,0
29.0151,0,0.645372,-0.856172,6.77475,-0.0239653,-0.0051439,-0.000576063,0.400854,0,0,0
29.0151,1,0.6436,-0.88369,3.47725,-0.00675834,0.00208847,-3.41923e-05,0.398308,0,0,0
29.0151,2,-2.22015,-0.8775,5.14695,0.001377,0.000674777,-0.116367,0.345851,0,0,0
29.0151,3,0,0,0,0,0,0,0,0,0,0
29.0151,4,0,0,0,0,0,0,0,0,0,0
29.0151,5,0,0,0,0,0,0,0,0,0,0
29.0731,0,0.64463,-0.856379,6.77473,-0.0230164,-0.00498267,-0.000495447,0.400645,0,0,0
29.0731,1,0.643389,-0.883623,3.47725,-0.00615763,0.00192107,-4.5326e-05,0.398277,0,0,0
29.0731,2,-2.22006,-0.877561,5.13995,0.00143389,0.000331863,-0.121227,0.345851,0,0,0
29.0731,3,0,0,0,0,0,0,0,0,0,0
29.0731,4,0,0,0,0,0,0,0,0,0,0
29.0731,5,0,0,0,0,0,0,0,0,0,0
29.1324,0,0.643926,-0.856545,6.77471,-0.0218992,-0.004677,-0.000428593,0.400645,0,0,0
29.1324,1,0.643145,-0.88352,3.47725,-0.00571654,0.00189884,-8.59061e-05,0.398277,0,0,0
29.1324,2,-2.22006,-0.877572,5.1345,0.00118951,0.000211288,-0.122113,0.345197,0,0,0
29.1324,3,0,0,0,0,0,0,0,0,0,0
29.1324,4,0,0,0,0,0,0,0,0,0,0
29.1324,5,0,0,0,0,0,0,0,0,0,0
29.1826,0,0.644614,-0.856441,6.7747,-0.0194528,-0.00438964,-0.000339702,0.400645,0,0,0
29.1826,1,0.642846,-0.883425,3.47724,-0.00554046,0.00186693,-0.000117418,0.398258,0,0,0
29.1826,2,-2.22014,-0.877653,5.13043,0.000727548,-7.95584e-05,-0.118176,0.345197,0,0,0
29.1826,3,0,0,0,0,0,0,0,0,0,0
29.1826,4,0,0,0,0,0,0,0,0,0,0
29.1826,5,0,0,0,0,0,0,0,0,0,0
29.2404,0,0.644354,-0.856548,6.77469,-0.0169167,-0.00395215,-0.000368078,0.400614,0,0,0
29.2404,1,0.642541,-0.883287,3.47723,-0.00535977,0.00195582,-0.000164185,0.398258,0,0,0
29.2404,2,-2.22029,-0.87768,5.12243,0.00010215,-0.000167315,-0.11354,0.345311,0,0,0
29.2404,3,0,0,0,0,0,0,0,0,0,0
29.2404,4,0,0,0,0,0,0,0,0,0,0
29.2404,5,0,0,0,0,0,0,0,0,0,0
29.2991,0,0.643408,-0.856829,6.77469,-0.014823,-0.00349834,-9.42109e-05,0.400524,0,0,0
29.2991,1,0.642263,-0.883204,3.47722,-0.00522682,0.00189476,-0.000201854,0.398241,0,0,0
29.2991,2,-2.22046,-0.877754,5.11652,-0.000481171,-0.000404493,-0.107871,0.345311,0,0,0
29.2991,3,0,0,0,0,0,0,0,0,0,0
29.2991,4,0,0,0,0,0,0,0,0,0,0
29.2991,5,0,0,0,0,0,0,0,0,0,0
29.3522,0,0.643476,-0.856966,6.77469,-0.0123833,-0.00335592,2.16205e-05,0.400524,0,0,0
29.3522,1,0.642058,-0.883142,3.47721,-0.00486296,0.00175965,-0.000252216,0.398241,0,0,0
29.3522,2,-2.22064,-0.877788,5.11105,-0.00102745,-0.000466854,-0.101366,0.345928,0,0,0
29.3522,3,0,0,0,0,0,0,0,0,0,0
29.3522,4,0,0,0,0,0,0,0,0,0,0
29.3522,5,0,0,0,0,0,0,0,0,0,0
29.4113,0,0.64414,-0.857234,6.77469,-0.00812615,-0.00377863,0.000130977,0.400545,0,0,0
29.4113,1,0.641792,-0.883081,3.4772,-0.00476129,0.00165566,-0.000292603,0.398237,0,0,0
29.4113,2,-2.22088,-0.877836,5.10566,-0.00171159,-0.000556478,-0.0942512,0.345928,0,0,0
29.4113,3,0,0,0,0,0,0,0,0,0,0
29.4113,4,0,0,0,0,0,0,0,0,0,0
29.4113,5,0,0,0,0,0,0,0,0,0,0
29.469,0,0.643932,-0.857226,6.7747,-0.00739616,-0.00310563,0.000177233,0.400545,0,0,0
29.469,1,0.641519,-0.882989,3.47718,-0.00468991,0.00165455,-0.000327658,0.398239,0,0,0
29.469,2,-2.22108,-0.877871,5.10102,-0.00213755,-0.00058985,-0.0854482,0.346922,0,0,0
29.469,3,0,0,0,0,0,0,0,0,0,0
29.469,4,0,0,0,0,0,0,0,0,0,0
29.469,5,0,0,0,0,0,0,0,0,0,0
29.5192,0,0.644265,-0.857268,6.77471,-0.00504982,-0.00272996,0.000235997,0.400542,0,0,0
29.5192,1,0.641203,-0.882894,3.47716,-0.00480823,0.00170461,-0.000372569,0.398239,0,0,0
29.5192,2,-2.22123,-0.877895,5.09759,-0.00234154,-0.000587474,-0.0744731,0.346922,0,0,0
29.5192,3,0,0,0,0,0,0,0,0,0,0
29.5192,4,0,0,0,0,0,0,0,0,0,0
29.5192,5,0,0,0,0,0,0,0,0,0,0
29.5721,0,0.644664,-0.857383,6.77472,-0.00274302,-0.0025977,0.000275348,0.400542,0,0,0
29.5721,1,0.640953,-0.882823,3.47715,-0.00468565,0.00164034,-0.000386571,0.398251,0,0,0
29.5721,2,-2.22137,-0.877947,5.09449,-0.00253066,-0.000707086,-0.0424118,0.347721,0,0,0
29.5721,3,0,0,0,0,0,0,0,0,0,0
29.5721,4,0,0,0,0,0,0,0,0,0,0
29.5721,5,0,0,0,0,0,0,0,0,0,0
29.6276,0,0.64544,-0.85756,6.77473,0.000607519,-0.00271375,0.000306913,0.400588,0,0,0
29.6276,1,0.640759,-0.882828,3.47714,-0.00435298,0.00132965,0.000601355,0.398251,0,0,0
29.6276,2,-2.22152,-0.877952,5.09333,-0.00274484,-0.000646744,-0.00669827,0.347721,0,0,0
29.6276,3,0,0,0,0,0,0,0,0,0,0
29.6276,4,0,0,0,0,0,0,0,0,0,0
29.6276,5,0,0,0,0,0,0,0,0,0,0
29.6854,0,0.645535,-0.857465,6.77474,0.000935084,-0.00238643,0.000318203,0.400588,0,0,0
29.6854,1,0.640273,-0.882655,3.47799,-0.00446661,0.00135249,0.0199663,0.398036,0,0,0
29.6854,2,-2.22163,-0.877954,5.09376,-0.00272554,-0.000592815,0.0229803,0.348043,0,0,0
29.6854,3,0,0,0,0,0,0,0,0,0,0
29.6854,4,0,0,0,0,0,0,0,0,0,0
29.6854,5,0,0,0,0,0,0,0,0,0,0
29.7358,0,0.645964,-0.857643,6.77476,0.00272084,-0.00251475,2.81633e-05,0.400654,0,0,0
29.7358,1,0.640537,-0.882556,3.48002,-0.00454798,0.00166714,0.0407444,0.398036,0,0,0
29.7358,2,-2.2217,-0.877935,5.09619,-0.00256754,-0.000471016,0.054236,0.348043,0,0,0
29.7358,3,0,0,0,0,0,0,0,0,0,0
29.7358,4,0,0,0,0,0,0,0,0,0,0
29.7358,5,0,0,0,0,0,0,0,0,0,0
29.7937,0,0.646357,-0.857852,6.7747,0.00410654,-0.00275817,-0.00261065,0.400654,0,0,0
29.7937,1,0.640537,-0.882556,3.48002,-0.00454798,0.00166714,0.0407444,0.39536,0,0,0
29.7937,2,-2.22177,-0.877897,5.09935,-0.0024321,-0.000291148,0.0723847,0.347734,0,0,0
29.7937,3,0,0,0,0,0,0,0,0,0,0
29.7937,4,0,0,0,0,0,0,0,0,0,0
29.7937,5,0,0,0,0,0,0,0,0,0,0
29.8527,0,0.646872,-0.858001,6.7744,0.00541529,-0.00222733,-0.0107027,0.400639,0,0,0
29.8527,1,0.642686,-0.882683,3.48462,0.00167183,0.000223673,0.070915,0.39536,0,0,0
29.8527,2,-2.22188,-0.877818,5.10464,-0.00239964,2.03932e-05,0.0991359,0.347734,0,0,0
29.8527,3,0,0,0,0,0,0,0,0,0,0
29.8527,4,0,0,0,0,0,0,0,0,0,0
29.8527,5,0,0,0,0,0,0,0,0,0,0
29.908,0,0.647439,-0.858194,6.77345,0.0074275,-0.00243115,-0.0272551,0.400639,0,0,0
29.908,1,0.642686,-0.882683,3.48462,0.00167183,0.000223673,0.070915,0.390861,0,0,0
29.908,2,-2.22195,-0.877774,5.10921,-0.00225475,0.000162365,0.110482,0.347321,0,0,0
29.908,3,0,0,0,0,0,0,0,0,0,0
29.908,4,0,0,0,0,0,0,0,0,0,0
29.908,5,0,0,0,0,0,0,0,0,0,0
29.9632,0,0.648858,-0.858693,6.77184,0.0125152,-0.0038366,-0.0415539,0.399432,0,0,0
29.9632,1,0.646138,-0.882926,3.48883,0.0120491,-0.00153458,0.0848465,0.390861,0,0,0
29.9632,2,-2.22206,-0.877675,5.11603,-0.00229467,0.000484348,0.115676,0.347321,0,0,0
29.9632,3,0,0,0,0,0,0,0,0,0,0
29.9632,4,0,0,0,0,0,0,0,0,0,0
29.9632,5,0,0,0,0,0,0,0,0,0,0
30.0188,0,0.648945,-0.858606,6.76923,0.013285,-0.00353623,-0.0472279,0.399432,0,0,0
30.0188,1,0.649089,-0.880891,3.49458,0.0192903,0.004728,0.0923372,0.381224,0,0,0
30.0188,2,-2.22216,-0.877612,5.12275,-0.00230433,0.000633398,0.116926,0.347176,0,0,0
30.0188,3,0,0,0,0,0,0,0,0,0,0
30.0188,4,0,0,0,0,0,0,0,0,0,0
30.0188,5,0,0,0,0,0,0,0,0,0,0
30.0821,0,0.6502,-0.858179,6.76516,0.0176441,-0.00140707,-0.0708545,0.391333,0,0,0
30.0821,1,0.664392,-0.881309,3.50557,0.060826,0.00192841,0.0946015,0.381224,0,0,0
30.0821,2,-2.22231,-0.877533,5.12805,-0.00249124,0.000820727,0.114606,0.347176,0,0,0
30.0821,3,0,0,0,0,0,0,0,0,0,0
30.0821,4,0,0,0,0,0,0,0,0,0,0
30.0821,5,0,0,0,0,0,0,0,0,0,0
30.1404,0,0.654005,-0.857849,6.75975,0.0301615,-0.000244201,-0.0882974,0.391333,0,0,0
30.1404,1,0.664392,-0.881309,3.50557,0.060826,0.00192841,0.0946015,0.371579,0,0,0
30.1404,2,-2.22265,-0.877375,5.13961,-0.00297186,0.00111089,0.106701,0.347609,0,0,0
30.1404,3,0,0,0,0,0,0,0,0,0,0
30.1404,4,0,0,0,0,0,0,0,0,0,0
30.1404,5,0,0,0,0,0,0,0,0,0,0
30.1958,0,0.663162,-0.859703,6.75486,0.052639,-0.00618255,-0.092306,0.386227,0,0,0
30.1958,1,0.676854,-0.882538,3.50973,0.0945537,-0.00372912,0.0864845,0.371579,0,0,0
30.1958,2,-2.22283,-0.877296,5.14448,-0.0032076,0.00122836,0.102652,0.347609,0,0,0
30.1958,3,0,0,0,0,0,0,0,0,0,0
30.1958,4,0,0,0,0,0,0,0,0,0,0
30.1958,5,0,0,0,0,0,0,0,0,0,0
30.2554,0,0.667791,-0.858689,6.74911,0.0681378,-0.00311565,-0.0941515,0.386227,0,0,0
30.2554,1,0.68418,-0.880806,3.51359,0.10596,0.00192657,0.069893,0.366268,0,0,0
30.2554,2,-2.22283,-0.877296,5.14448,-0.0032076,0.00122836,0.102652,0.348381,0,0,0
30.2554,3,0,0,0,0,0,0,0,0,0,0
30.2554,4,0,0,0,0,0,0,0,0,0,0
30.2554,5,0,0,0,0,0,0,0,0,0,0
30.3056,0,0.680122,-0.859841,6.74416,0.0884459,-0.00604209,-0.0900458,0.376904,0,0,0
30.3056,1,0.696137,-0.881586,3.51711,0.132521,-0.00246326,0.0421043,0.366268,0,0,0
30.3056,2,-2.22303,-0.877215,5.15007,-0.00348289,0.00135699,0.089634,0.348381,0,0,0
30.3056,3,0,0,0,0,0,0,0,0,0,0
30.3056,4,0,0,0,0,0,0,0,0,0,0
30.3056,5,0,0,0,0,0,0,0,0,0,0
30.3674,0,0.688113,-0.859249,6.74077,0.10046,-0.0036172,-0.0785606,0.376904,0,0,0
30.3674,1,0.704542,-0.88103,3.51908,0.13993,-0.000569078,0.0271526,0.364747,0,0,0
30.3674,2,-2.22312,-0.877183,5.15492,-0.00329176,0.00126232,0.0842763,0.349406,0,0,0
30.3674,3,0,0,0,0,0,0,0,0,0,0
30.3674,4,0,0,0,0,0,0,0,0,0,0
30.3674,5,0,0,0,0,0,0,0,0,0,0
30.4206,0,0.696606,-0.859902,6.73726,0.113479,-0.0053792,-0.063986,0.37151,0,0,0
30.4206,1,0.702939,-0.879437,3.51966,0.133172,0.00523741,0.00322045,0.364747,0,0,0
30.4206,2,-2.22324,-0.877113,5.15704,-0.00317589,0.00130982,0.0464975,0.349406,0,0,0
30.4206,3,0,0,0,0,0,0,0,0,0,0
30.4206,4,0,0,0,0,0,0,0,0,0,0
30.4206,5,0,0,0,0,0,0,0,0,0,0
30.4837,0,0.707546,-0.86117,6.73478,0.134906,-0.0102276,-0.0348658,0.37151,0,0,0
30.4837,1,0.71646,-0.880565,3.5189,0.138255,-0.00031746,-0.0241592,0.367701,0,0,0
30.4837,2,-2.22329,-0.877077,5.15835,-0.00283019,0.00121383,0.0294997,0.349887,0,0,0
30.4837,3,0,0,0,0,0,0,0,0,0,0
30.4837,4,0,0,0,0,0,0,0,0,0,0
30.4837,5,0,0,0,0,0,0,0,0,0,0
30.5414,0,0.714073,-0.860238,6.7339,0.138006,-0.0055974,-0.0176781,0.36939,0,0,0
30.5414,1,0.72192,-0.879057,3.51735,0.132311,0.00502168,-0.0384295,0.367701,0,0,0
30.5414,2,-2.22328,-0.877031,5.15713,-0.00227956,0.00113446,-0.0230176,0.349887,0,0,0
30.5414,3,0,0,0,0,0,0,0,0,0,0
30.5414,4,0,0,0,0,0,0,0,0,0,0
30.5414,5,0,0,0,0,0,0,0,0,0,0
30.5977,0,0.72089,-0.860198,6.73418,0.142738,-0.00476591,0.0051561,0.36939,0,0,0
30.5977,1,0.728066,-0.879814,3.5154,0.132709,0.00202615,-0.0484752,0.374111,0,0,0
30.5977,2,-2.22318,-0.877013,5.15151,-0.00110205,0.000758458,-0.075085,0.349542,0,0,0
30.5977,3,0,0,0,0,0,0,0,0,0,0
30.5977,4,0,0,0,0,0,0,0,0,0,0
30.5977,5,0,0,0,0,0,0,0,0,0,0
30.6509,0,0.724706,-0.859607,6.73506,0.136004,-0.00129562,0.0199365,0.372049,0,0,0
30.6509,1,0.728759,-0.87979,3.51312,0.116999,0.00232506,-0.0536696,0.374111,0,0,0
30.6509,2,-2.22318,-0.877013,5.15151,-0.00110205,0.000758458,-0.075085,0.349542,0,0,0
30.6509,3,0,0,0,0,0,0,0,0,0,0
30.6509,4,0,0,0,0,0,0,0,0,0,0
30.6509,5,0,0,0,0,0,0,0,0,0,0
30.7162,0,0.727483,-0.859573,6.73693,0.126708,-1.08257e-05,0.0336454,0.372049,0,0,0
30.7162,1,0.72258,-0.878853,3.51033,0.0792483,0.00644576,-0.0552377,0.377522,0,0,0
30.7162,2,-2.22306,-0.877003,5.14561,-0.000398831,0.000623997,-0.0940088,0.34867,0,0,0
30.7162,3,0,0,0,0,0,0,0,0,0,0
30.7162,4,0,0,0,0,0,0,0,0,0,0
30.7162,5,0,0,0,0,0,0,0,0,0,0
30.773,0,0.728063,-0.859385,6.73915,0.110471,0.00208328,0.0424386,0.376476,0,0,0
30.773,1,0.720122,-0.878262,3.50736,0.0584719,0.00917217,-0.0553907,0.377522,0,0,0
30.773,2,-2.22293,-0.876998,5.14119,0.000229074,0.000509935,-0.102081,0.34867,0,0,0
30.773,3,0,0,0,0,0,0,0,0,0,0
30.773,4,0,0,0,0,0,0,0,0,0,0
30.773,5,0,0,0,0,0,0,0,0,0,0
30.8326,0,0.726343,-0.860265,6.74154,0.0881263,0.000465265,0.047891,0.376476,0,0,0
30.8326,1,0.717765,-0.880619,3.50518,0.0509633,0.000918345,-0.0542145,0.38132,0,0,0
30.8326,2,-2.22272,-0.877021,5.13477,0.00107556,0.000305664,-0.106016,0.347858,0,0,0
30.8326,3,0,0,0,0,0,0,0,0,0,0
30.8326,4,0,0,0,0,0,0,0,0,0,0
30.8326,5,0,0,0,0,0,0,0,0,0,0
30.8908,0,0.723727,-0.860543,6.74429,0.0651917,0.00102821,0.0506094,0.38058,0,0,0
30.8908,1,0.714383,-0.87978,3.50302,0.0287771,0.00426756,-0.0527971,0.38132,0,0,0
30.8908,2,-2.22253,-0.877026,5.13007,0.00171354,0.00020864,-0.106425,0.347858,0,0,0
30.8908,3,0,0,0,0,0,0,0,0,0,0
30.8908,4,0,0,0,0,0,0,0,0,0,0
30.8908,5,0,0,0,0,0,0,0,0,0,0
30.9461,0,0.725453,-0.862078,6.74731,0.0607783,-0.00361847,0.0505571,0.38058,0,0,0
30.9461,1,0.709778,-0.881185,3.50031,0.00731809,-0.000361774,-0.0494586,0.384214,0,0,0
30.9461,2,-2.22228,-0.877071,5.12693,0.00246723,-1.92717e-05,-0.103148,0.34729,0,0,0
30.9461,3,0,0,0,0,0,0,0,0,0,0
30.9461,4,0,0,0,0,0,0,0,0,0,0
30.9461,5,0,0,0,0,0,0,0,0,0,0
30.9979,0,0.715809,-0.861355,6.75003,0.0190231,0.000888065,0.0500331,0.385841,0,0,0
30.9979,1,0.704862,-0.881042,3.49754,-0.0127604,0.000730164,-0.0464352,0.384214,0,0,0
30.9979,2,-2.22194,-0.87701,5.12169,0.00340335,0.000145017,-0.099234,0.34729,0,0,0
30.9979,3,0,0,0,0,0,0,0,0,0,0
30.9979,4,0,0,0,0,0,0,0,0,0,0
30.9979,5,0,0,0,0,0,0,0,0,0,0
31.048,0,0.711214,-0.861902,6.75277,-0.00160138,0.000170388,0.0481022,0.385841,0,0,0
31.048,1,0.698227,-0.880932,3.49317,-0.0326223,0.00139007,-0.0456909,0.385861,0,0,0
31.048,2,-2.22143,-0.877087,5.11666,0.0048504,-0.000205639,-0.0944004,0.346535,0,0,0
31.048,3,0,0,0,0,0,0,0,0,0,0
31.048,4,0,0,0,0,0,0,0,0,0,0
31.048,5,0,0,0,0,0,0,0,0,0,0
31.1037,0,0.705247,-0.862263,6.75507,-0.023809,0.000550846,0.0450754,0.387703,0,0,0
31.1037,1,0.695538,-0.88118,3.49337,-0.0422555,0.000843052,-0.040448,0.385861,0,0,0
31.1037,2,-2.22091,-0.877082,5.11157,0.00591143,-0.000191789,-0.0851799,0.346535,0,0,0
31.1037,3,0,0,0,0,0,0,0,0,0,0
31.1037,4,0,0,0,0,0,0,0,0,0,0
31.1037,5,0,0,0,0,0,0,0,0,0,0
31.159,0,0.694823,-0.861645,6.75729,-0.0582546,0.00538942,0.0418567,0.387703,0,0,0
31.159,1,0.691376,-0.881465,3.4914,-0.0521765,-7.61522e-05,-0.0365823,0.389351,0,0,0
31.159,2,-2.22033,-0.877081,5.1068,0.00708379,-0.000207616,-0.0657192,0.345812,0,0,0
31.159,3,0,0,0,0,0,0,0,0,0,0
31.159,4,0,0,0,0,0,0,0,0,0,0
31.159,5,0,0,0,0,0,0,0,0,0,0
31.2197,0,0.689156,-0.863854,6.75902,-0.0699772,-0.00194064,0.038906,0.388846,0,0,0
31.2197,1,0.68478,-0.881423,3.4895,-0.0618489,0.000116078,-0.0340999,0.389351,0,0,0
31.2197,2,-2.21956,-0.877115,5.10427,0.00875203,-0.000370201,-0.0429701,0.345812,0,0,0
31.2197,3,0,0,0,0,0,0,0,0,0,0
31.2197,4,0,0,0,0,0,0,0,0,0,0
31.2197,5,0,0,0,0,0,0,0,0,0,0
31.2753,0,0.6803,-0.863613,6.76128,-0.0908138,2.04819e-05,0.0357572,0.388846,0,0,0
31.2753,1,0.684774,-0.881798,3.48805,-0.0618895,-0.0012364,-0.0306914,0.391597,0,0,0
31.2753,2,-2.21882,-0.877095,5.10267,0.0100321,-0.000300099,-0.0103727,0.34455,0,0,0
31.2753,3,0,0,0,0,0,0,0,0,0,0
31.2753,4,0,0,0,0,0,0,0,0,0,0
31.2753,5,0,0,0,0,0,0,0,0,0,0
31.3273,0,0.674498,-0.864533,6.76314,-0.0984393,-0.00259824,0.0337552,0.390382,0,0,0
31.3273,1,0.679381,-0.881847,3.48667,-0.0641537,-0.00161885,-0.0277909,0.391597,0,0,0
31.3273,2,-2.21805,-0.877077,5.10316,0.0112657,-0.000243382,0.0207562,0.34455,0,0,0
31.3273,3,0,0,0,0,0,0,0,0,0,0
31.3273,4,0,0,0,0,0,0,0,0,0,0
31.3273,5,0,0,0,0,0,0,0,0,0,0
31.3833,0,0.669424,-0.864741,6.76471,-0.10328,-0.00273268,0.0324228,0.390382,0,0,0
31.3833,1,0.679422,-0.881806,3.4854,-0.0641136,-0.0014803,-0.0248928,0.392177,0,0,0
31.3833,2,-2.21659,-0.877189,5.10529,0.0129823,-0.000607451,0.0457488,0.343748,0,0,0
31.3833,3,0,0,0,0,0,0,0,0,0,0
31.3833,4,0,0,0,0,0,0,0,0,0,0
31.3833,5,0,0,0,0,0,0,0,0,0,0
31.4388,0,0.670366,-0.866311,6.76592,-0.0872256,-0.00829077,0.0314461,0.39237,0,0,0
31.4388,1,0.676875,-0.881751,3.48448,-0.0646483,-0.00121151,-0.0225911,0.392177,0,0,0
31.4388,2,-2.21661,-0.876987,5.10908,0.0129664,0.00011111,0.0716542,0.343748,0,0,0
31.4388,3,0,0,0,0,0,0,0,0,0,0
31.4388,4,0,0,0,0,0,0,0,0,0,0
31.4388,5,0,0,0,0,0,0,0,0,0,0
31.4963,0,0.665782,-0.866681,6.76702,-0.0910388,-0.0082329,0.0290343,0.39237,0,0,0
31.4963,1,0.670175,-0.881715,3.48272,-0.0624373,-0.00129892,-0.0178657,0.394727,0,0,0
31.4963,2,-2.21581,-0.876998,5.11372,0.0139676,2.12375e-05,0.0885606,0.341003,0,0,0
31.4963,3,0,0,0,0,0,0,0,0,0,0
31.4963,4,0,0,0,0,0,0,0,0,0,0
31.4963,5,0,0,0,0,0,0,0,0,0,0
31.5572,0,0.659918,-0.865245,6.76829,-0.0989371,-0.00243786,0.0282184,0.39422,0,0,0
31.5572,1,0.671836,-0.881757,3.48166,-0.05655,-0.00175097,-0.0157835,0.394727,0,0,0
31.5572,2,-2.21517,-0.876949,5.1179,0.0141645,0.000201634,0.0995634,0.341003,0,0,0
31.5572,3,0,0,0,0,0,0,0,0,0,0
31.5572,4,0,0,0,0,0,0,0,0,0,0
31.5572,5,0,0,0,0,0,0,0,0,0,0
31.6162,0,0.652899,-0.865131,6.77038,-0.109784,-0.000297977,0.0221305,0.396481,0,0,0
31.6162,1,0.668439,-0.881131,3.48071,-0.0608757,0.000802401,-0.0136426,0.396173,0,0,0
31.6162,2,-2.2139,-0.876838,5.12387,0.014297,0.000493249,0.104707,0.340248,0,0,0
31.6162,3,0,0,0,0,0,0,0,0,0,0
31.6162,4,0,0,0,0,0,0,0,0,0,0
31.6162,5,0,0,0,0,0,0,0,0,0,0
31.6664,0,0.646158,-0.865563,6.77157,-0.117687,-0.00105138,0.0166013,0.396481,0,0,0
31.6664,1,0.6632,-0.881025,3.48005,-0.0623667,0.000807281,-0.0119071,0.396173,0,0,0
31.6664,2,-2.21336,-0.87684,5.12974,0.0141582,0.00043147,0.105476,0.340248,0,0,0
31.6664,3,0,0,0,0,0,0,0,0,0,0
31.6664,4,0,0,0,0,0,0,0,0,0,0
31.6664,5,0,0,0,0,0,0,0,0,0,0
31.7266,0,0.640942,-0.865923,6.77243,-0.118048,-0.0018333,0.0124676,0.397849,0,0,0
31.7266,1,0.662876,-0.881258,3.47944,-0.0552265,-0.000421098,-0.0102403,0.396843,0,0,0
31.7266,2,-2.21339,-0.876665,5.13518,0.011979,0.00103733,0.102321,0.338399,0,0,0
31.7266,3,0,0,0,0,0,0,0,0,0,0
31.7266,4,0,0,0,0,0,0,0,0,0,0
31.7266,5,0,0,0,0,0,0,0,0,0,0
31.7825,0,0.638095,-0.866969,6.77311,-0.110721,-0.00556051,0.00984402,0.397849,0,0,0
31.7825,1,0.66181,-0.880972,3.47898,-0.0510987,0.000292697,-0.00869682,0.396843,0,0,0
31.7825,2,-2.21347,-0.87675,5.13968,0.0116288,0.000743252,0.0990455,0.338399,0,0,0
31.7825,3,0,0,0,0,0,0,0,0,0,0
31.7825,4,0,0,0,0,0,0,0,0,0,0
31.7825,5,0,0,0,0,0,0,0,0,0,0
31.8333,0,0.632825,-0.865985,6.77362,-0.11207,-0.001694,0.00649034,0.398797,0,0,0
31.8333,1,0.660099,-0.881086,3.47865,-0.0492961,-0.000321405,-0.00720619,0.397768,0,0,0
31.8333,2,-2.21276,-0.876651,5.14495,0.0104498,0.000882634,0.0922756,0.338793,0,0,0
31.8333,3,0,0,0,0,0,0,0,0,0,0
31.8333,4,0,0,0,0,0,0,0,0,0,0
31.8333,5,0,0,0,0,0,0,0,0,0,0
31.8893,0,0.635759,-0.86658,6.774,-0.0866484,-0.00416207,0.00402954,0.398797,0,0,0
31.8893,1,0.660099,-0.881086,3.47865,-0.0492961,-0.000321405,-0.00720619,0.397768,0,0,0
31.8893,2,-2.21281,-0.876614,5.14992,0.0088284,0.000928744,0.0806177,0.338793,0,0,0
31.8893,3,0,0,0,0,0,0,0,0,0,0
31.8893,4,0,0,0,0,0,0,0,0,0,0
31.8893,5,0,0,0,0,0,0,0,0,0,0
31.9594,0,0.632196,-0.865962,6.77428,-0.0866327,-0.00162088,0.00207867,0.399448,0,0,0
31.9594,1,0.656088,-0.880563,3.47803,-0.0489678,0.00114154,-0.00500902,0.398202,0,0,0
31.9594,2,-2.21317,-0.876491,5.15327,0.00631296,0.00132306,0.0608163,0.338733,0,0,0
31.9594,3,0,0,0,0,0,0,0,0,0,0
31.9594,4,0,0,0,0,0,0,0,0,0,0
31.9594,5,0,0,0,0,0,0,0,0,0,0
32.0274,0,0.63328,-0.865611,6.77438,-0.0717854,-0.000668609,0.000870137,0.399448,0,0,0
32.0274,1,0.656088,-0.880563,3.47803,-0.0489678,0.00114154,-0.00500902,0.398202,0,0,0
32.0274,2,-2.21326,-0.876474,5.15583,0.00489847,0.00127987,0.0324105,0.338733,0,0,0
32.0274,3,0,0,0,0,0,0,0,0,0,0
32.0274,4,0,0,0,0,0,0,0,0,0,0
32.0274,5,0,0,0,0,0,0,0,0,0,0
32.0826,0,0.637004,-0.86687,6.77447,-0.0489593,-0.00540661,-0.000294239,0.399448,0,0,0
32.0826,1,0.656448,-0.88079,3.47792,-0.0410417,-0.000171783,-0.00398915,0.39837,0,0,0
32.0826,2,-2.21338,-0.876468,5.15669,0.00359058,0.00118616,0.00493863,0.339666,0,0,0
32.0826,3,0,0,0,0,0,0,0,0,0,0
32.0826,4,0,0,0,0,0,0,0,0,0,0
32.0826,5,0,0,0,0,0,0,0,0,0,0
32.1402,0,0.636296,-0.865379,6.77441,-0.0445613,-0.000157406,-0.00116548,0.39973,0,0,0
32.1402,1,0.655893,-0.880593,3.47776,-0.036321,0.000129539,-0.00281665,0.39837,0,0,0
32.1402,2,-2.21358,-0.876515,5.15593,0.00213547,0.000908678,-0.0244954,0.339666,0,0,0
32.1402,3,0,0,0,0,0,0,0,0,0,0
32.1402,4,0,0,0,0,0,0,0,0,0,0
32.1402,5,0,0,0,0,0,0,0,0,0,0
32.2087,0,0.64239,-0.866421,6.77422,-0.0171939,-0.00484504,-0.00252243,0.399693,0,0,0
32.2087,1,0.654966,-0.880578,3.47766,-0.0337738,-8.40852e-05,-0.00227868,0.398476,0,0,0
32.2087,2,-2.21378,-0.876529,5.15384,0.000865228,0.000768825,-0.0545489,0.339995,0,0,0
32.2087,3,0,0,0,0,0,0,0,0,0,0
32.2087,4,0,0,0,0,0,0,0,0,0,0
32.2087,5,0,0,0,0,0,0,0,0,0,0
32.2689,0,0.644995,-0.866011,6.77418,-0.0048363,-0.00344423,-0.00275947,0.399693,0,0,0
32.2689,1,0.65434,-0.880543,3.47758,-0.0300722,-0.000289702,-0.00170129,0.398476,0,0,0
32.2689,2,-2.21419,-0.876524,5.15014,-0.000939769,0.000759154,-0.083484,0.339995,0,0,0
32.2689,3,0,0,0,0,0,0,0,0,0,0
32.2689,4,0,0,0,0,0,0,0,0,0,0
32.2689,5,0,0,0,0,0,0,0,0,0,0
32.3247,0,0.649605,-0.865678,6.77388,0.0100746,-0.00220216,-0.00335188,0.399751,0,0,0
32.3247,1,0.653141,-0.880237,3.47751,-0.0297332,0.000615408,-0.00111967,0.398544,0,0,0
32.3247,2,-2.21437,-0.876565,5.14652,-0.00166509,0.000511593,-0.103345,0.340122,0,0,0
32.3247,3,0,0,0,0,0,0,0,0,0,0
32.3247,4,0,0,0,0,0,0,0,0,0,0
32.3247,5,0,0,0,0,0,0,0,0,0,0
32.3804,0,0.653793,-0.865416,6.77359,0.0238811,-0.00183104,-0.00417316,0.399751,0,0,0
32.3804,1,0.651828,-0.879958,3.4774,-0.0256492,0.000960359,-0.000184035,0.398579,0,0,0
32.3804,2,-2.21473,-0.876599,5.14108,-0.00270148,0.000241419,-0.115057,0.340122,0,0,0
32.3804,3,0,0,0,0,0,0,0,0,0,0
32.3804,4,0,0,0,0,0,0,0,0,0,0
32.3804,5,0,0,0,0,0,0,0,0,0,0
32.441,0,0.656394,-0.864145,6.77339,0.0298399,0.0023505,-0.00412301,0.399772,0,0,0
32.441,1,0.651532,-0.879912,3.47739,-0.0222699,0.000753498,0.000109973,0.398579,0,0,0
32.441,2,-2.21565,-0.876611,5.1328,-0.00551129,0.000253381,-0.122064,0.340112,0,0,0
32.441,3,0,0,0,0,0,0,0,0,0,0
32.441,4,0,0,0,0,0,0,0,0,0,0
32.441,5,0,0,0,0,0,0,0,0,0,0
32.4912,0,0.661528,-0.864221,6.77321,0.0434216,0.00150229,-0.00395563,0.399772,0,0,0
32.4912,1,0.651532,-0.879912,3.47739,-0.0222699,0.000753498,0.000109973,0.398527,0,0,0
32.4912,2,-2.21628,-0.876703,5.12618,-0.0069763,-1.76823e-05,-0.122131,0.341282,0,0,0
32.4912,3,0,0,0,0,0,0,0,0,0,0
32.4912,4,0,0,0,0,0,0,0,0,0,0
32.4912,5,0,0,0,0,0,0,0,0,0,0
32.5441,0,0.664987,-0.864122,6.77315,0.0497605,0.00129593,-0.00323316,0.400299,0,0,0
32.5441,1,0.650179,-0.879432,3.47742,-0.0194858,0.00179023,0.000461543,0.398527,0,0,0
32.5441,2,-2.21674,-0.876817,5.12019,-0.00760576,-0.000363977,-0.118251,0.341282,0,0,0
32.5441,3,0,0,0,0,0,0,0,0,0,0
32.5441,4,0,0,0,0,0,0,0,0,0,0
32.5441,5,0,0,0,0,0,0,0,0,0,0
32.5943,0,0.667344,-0.863709,6.77304,0.0513858,0.00255386,-0.00368848,0.400299,0,0,0
32.5943,1,0.650179,-0.879432,3.47742,-0.0194858,0.00179023,0.000461543,0.398399,0,0,0
32.5943,2,-2.21762,-0.876775,5.11397,-0.009454,-0.000126522,-0.110632,0.3428,0,0,0
32.5943,3,0,0,0,0,0,0,0,0,0,0
32.5943,4,0,0,0,0,0,0,0,0,0,0
32.5943,5,0,0,0,0,0,0,0,0,0,0
32.6502,0,0.66993,-0.86362,6.77291,0.0535891,0.00243666,-0.00319249,0.400299,0,0,0
32.6502,1,0.649282,-0.879247,3.47745,-0.0193235,0.00215736,0.000550524,0.398399,0,0,0
32.6502,2,-2.21806,-0.876795,5.10853,-0.00959853,-0.000223053,-0.102745,0.3428,0,0,0
32.6502,3,0,0,0,0,0,0,0,0,0,0
32.6502,4,0,0,0,0,0,0,0,0,0,0
32.6502,5,0,0,0,0,0,0,0,0,0,0
32.7067,0,0.672047,-0.863567,6.77281,0.0534093,0.00232834,-0.00267155,0.4006,0,0,0
32.7067,1,0.648948,-0.879177,3.47748,-0.017168,0.00195055,0.000582955,0.398264,0,0,0
32.7067,2,-2.2188,-0.876833,5.10337,-0.0106473,-0.000254188,-0.0945963,0.344483,0,0,0
32.7067,3,0,0,0,0,0,0,0,0,0,0
32.7067,4,0,0,0,0,0,0,0,0,0,0
32.7067,5,0,0,0,0,0,0,0,0,0,0
32.7649,0,0.675245,-0.863383,6.77277,0.0562765,0.00259871,-0.00230153,0.401099,0,0,0
32.7649,1,0.648603,-0.879165,3.47751,-0.0153585,0.00157901,0.000590179,0.398264,0,0,0
32.7649,2,-2.21944,-0.876888,5.09872,-0.0113351,-0.00035657,-0.0835272,0.344483,0,0,0
32.7649,3,0,0,0,0,0,0,0,0,0,0
32.7649,4,0,0,0,0,0,0,0,0,0,0
32.7649,5,0,0,0,0,0,0,0,0,0,0
32.821,0,0.674576,-0.863375,6.77275,0.0466753,0.00287911,-0.00129755,0.401099,0,0,0
32.821,1,0.647965,-0.878957,3.47754,-0.0149242,0.00198553,0.00053683,0.398144,0,0,0
32.821,2,-2.2199,-0.876939,5.09472,-0.0113617,-0.000498343,-0.0625146,0.346232,0,0,0
32.821,3,0,0,0,0,0,0,0,0,0,0
32.821,4,0,0,0,0,0,0,0,0,0,0
32.821,5,0,0,0,0,0,0,0,0,0,0
32.8787,0,0.674957,-0.863972,6.77275,0.0410614,0.000808715,-0.00138972,0.401099,0,0,0
32.8787,1,0.647813,-0.878825,3.47757,-0.013008,0.00204991,0.000475148,0.398144,0,0,0
32.8787,2,-2.22025,-0.876968,5.09225,-0.0110606,-0.000564276,-0.0365494,0.346232,0,0,0
32.8787,3,0,0,0,0,0,0,0,0,0,0
32.8787,4,0,0,0,0,0,0,0,0,0,0
32.8787,5,0,0,0,0,0,0,0,0,0,0
32.9329,0,0.675298,-0.863947,6.77263,0.0363425,0.00105161,-0.00485168,0.401028,0,0,0
32.9329,1,0.648042,-0.878824,3.47758,-0.00995517,0.00162698,0.000362376,0.398103,0,0,0
32.9329,2,-2.22051,-0.876981,5.09122,-0.0104687,-0.000586925,-0.00523266,0.34716,0,0,0
32.9329,3,0,0,0,0,0,0,0,0,0,0
32.9329,4,0,0,0,0,0,0,0,0,0,0
32.9329,5,0,0,0,0,0,0,0,0,0,0
32.9877,0,0.674903,-0.864137,6.77236,0.0295673,0.00064414,-0.0116785,0.400633,0,0,0
32.9877,1,0.647898,-0.878735,3.4776,-0.00849034,0.00160044,0.000270394,0.398103,0,0,0
32.9877,2,-2.22065,-0.876986,5.09167,-0.0095353,-0.000595495,0.0272622,0.34716,0,0,0
32.9877,3,0,0,0,0,0,0,0,0,0,0
32.9877,4,0,0,0,0,0,0,0,0,0,0
32.9877,5,0,0,0,0,0,0,0,0,0,0
33.0454,0,0.67392,-0.864881,6.77143,0.0221426,-0.00162119,-0.0260811,0.400633,0,0,0
33.0454,1,0.647767,-0.878688,3.47761,-0.00718641,0.00144277,0.000188294,0.398057,0,0,0
33.0454,2,-2.22075,-0.876951,5.09377,-0.00857293,-0.000485265,0.0561186,0.347163,0,0,0
33.0454,3,0,0,0,0,0,0,0,0,0,0
33.0454,4,0,0,0,0,0,0,0,0,0,0
33.0454,5,0,0,0,0,0,0,0,0,0,0
33.1043,0,0.673271,-0.865074,6.76942,0.017494,-0.00182586,-0.0451331,0.39749,0,0,0
33.1043,1,0.6476,-0.878678,3.47763,-0.00612877,0.00117675,0.000305071,0.398057,0,0,0
33.1043,2,-2.22078,-0.876935,5.09721,-0.0073325,-0.000425387,0.0787256,0.347163,0,0,0
33.1043,3,0,0,0,0,0,0,0,0,0,0
33.1043,4,0,0,0,0,0,0,0,0,0,0
33.1043,5,0,0,0,0,0,0,0,0,0,0
33.1564,0,0.673441,-0.865519,6.76627,0.0166328,-0.00284224,-0.0616982,0.39749,0,0,0
33.1564,1,0.647465,-0.878588,3.47765,-0.00522929,0.00123626,0.00180364,0.397999,0,0,0
33.1564,2,-2.22107,-0.876855,5.10174,-0.00719518,-0.000128912,0.0983265,0.346857,0,0,0
33.1564,3,0,0,0,0,0,0,0,0,0,0
33.1564,4,0,0,0,0,0,0,0,0,0,0
33.1564,5,0,0,0,0,0,0,0,0,0,0
33.2143,0,0.673936,-0.866122,6.76278,0.0174298,-0.00441264,-0.0751917,0.394369,0,0,0
33.2143,1,0.647254,-0.878524,3.47802,-0.00473407,0.00121001,0.0112294,0.397999,0,0,0
33.2143,2,-2.22084,-0.876798,5.1075,-0.00532205,2.00489e-05,0.111132,0.346857,0,0,0
33.2143,3,0,0,0,0,0,0,0,0,0,0
33.2143,4,0,0,0,0,0,0,0,0,0,0
33.2143,5,0,0,0,0,0,0,0,0,0,0
33.272,0,0.676103,-0.866856,6.75808,0.0234159,-0.0065759,-0.0843699,0.394369,0,0,0
33.272,1,0.647407,-0.878547,3.47938,-0.00361984,0.000840896,0.0285686,0.396267,0,0,0
33.272,2,-2.22089,-0.876732,5.11369,-0.00460219,0.000188998,0.117021,0.346291,0,0,0
33.272,3,0,0,0,0,0,0,0,0,0,0
33.272,4,0,0,0,0,0,0,0,0,0,0
33.272,5,0,0,0,0,0,0,0,0,0,0
33.3273,0,0.677581,-0.866704,6.75399,0.0254276,-0.0052583,-0.0883765,0.386555,0,0,0
33.3273,1,0.648083,-0.878714,3.48127,-0.00117381,-9.40768e-05,0.0451543,0.396267,0,0,0
33.3273,2,-2.22098,-0.876695,5.11927,-0.00418135,0.000270046,0.118335,0.346291,0,0,0
33.3273,3,0,0,0,0,0,0,0,0,0,0
33.3273,4,0,0,0,0,0,0,0,0,0,0
33.3273,5,0,0,0,0,0,0,0,0,0,0
33.3854,0,0.682648,-0.867601,6.74876,0.038733,-0.00772287,-0.0911907,0.386555,0,0,0
33.3854,1,0.649681,-0.878875,3.48727,0.00324712,-0.0010969,0.0704912,0.38853,0,0,0
33.3854,2,-2.22119,-0.876599,5.12653,-0.00415804,0.000512104,0.11619,0.346033,0,0,0
33.3854,3,0,0,0,0,0,0,0,0,0,0
33.3854,4,0,0,0,0,0,0,0,0,0,0
33.3854,5,0,0,0,0,0,0,0,0,0,0
33.4408,0,0.688766,-0.868106,6.74315,0.052536,-0.00906752,-0.0897376,0.378247,0,0,0
33.4408,1,0.651517,-0.878047,3.49049,0.0082468,0.00163289,0.0828171,0.38853,0,0,0
33.4408,2,-2.22128,-0.876566,5.13244,-0.00388457,0.000547043,0.112103,0.346033,0,0,0
33.4408,3,0,0,0,0,0,0,0,0,0,0
33.4408,4,0,0,0,0,0,0,0,0,0,0
33.4408,5,0,0,0,0,0,0,0,0,0,0
33.4909,0,0.693992,-0.867919,6.73807,0.0620593,-0.00770024,-0.0821877,0.378247,0,0,0
33.4909,1,0.655761,-0.878843,3.49127,0.0219238,-0.00216166,0.0871409,0.384984,0,0,0
33.4909,2,-2.22127,-0.876493,5.13581,-0.00336703,0.000700279,0.107234,0.346361,0,0,0
33.4909,3,0,0,0,0,0,0,0,0,0,0
33.4909,4,0,0,0,0,0,0,0,0,0,0
33.4909,5,0,0,0,0,0,0,0,0,0,0
33.5465,0,0.700151,-0.868513,6.73502,0.073161,-0.00927612,-0.0684464,0.36963,0,0,0
33.5465,1,0.659413,-0.879148,3.49649,0.0310846,-0.00340058,0.0940191,0.384984,0,0,0
33.5465,2,-2.22143,-0.876434,5.14309,-0.00343691,0.000809545,0.101048,0.346361,0,0,0
33.5465,3,0,0,0,0,0,0,0,0,0,0
33.5465,4,0,0,0,0,0,0,0,0,0,0
33.5465,5,0,0,0,0,0,0,0,0,0,0
33.5996,0,0.706149,-0.867133,6.73117,0.0802311,-0.00385434,-0.0633481,0.36963,0,0,0
33.5996,1,0.667364,-0.878525,3.50115,0.055333,-0.0024392,0.094024,0.376259,0,0,0
33.5996,2,-2.2216,-0.876397,5.15297,-0.00354832,0.000824831,0.100331,0.346904,0,0,0
33.5996,3,0,0,0,0,0,0,0,0,0,0
33.5996,4,0,0,0,0,0,0,0,0,0,0
33.5996,5,0,0,0,0,0,0,0,0,0,0
33.6498,0,0.712585,-0.868308,6.73058,0.0887279,-0.00648833,-0.0358714,0.365381,0,0,0
33.6498,1,0.676059,-0.878492,3.50572,0.0798264,-0.0032496,0.0807353,0.376259,0,0,0
33.6498,2,-2.22165,-0.87638,5.15701,-0.0031657,0.000733987,0.0953815,0.346904,0,0,0
33.6498,3,0,0,0,0,0,0,0,0,0,0
33.6498,4,0,0,0,0,0,0,0,0,0,0
33.6498,5,0,0,0,0,0,0,0,0,0,0
33.7027,0,0.718229,-0.867562,6.72979,0.0950618,-0.00345502,-0.0213081,0.365381,0,0,0
33.7027,1,0.682709,-0.87802,3.50959,0.0933734,-0.00164081,0.0601549,0.369956,0,0,0
33.7027,2,-2.22168,-0.87632,5.16087,-0.00276702,0.000809041,0.0838079,0.348128,0,0,0
33.7027,3,0,0,0,0,0,0,0,0,0,0
33.7027,4,0,0,0,0,0,0,0,0,0,0
33.7027,5,0,0,0,0,0,0,0,0,0,0
33.7547,0,0.721463,-0.867671,6.72998,0.0901924,-0.00212661,-0.00491675,0.366911,0,0,0
33.7547,1,0.69319,-0.878334,3.51207,0.115741,-0.00545533,0.0383068,0.369956,0,0,0
33.7547,2,-2.22172,-0.876277,5.16441,-0.00241427,0.000810566,0.0793578,0.348128,0,0,0
33.7547,3,0,0,0,0,0,0,0,0,0,0
33.7547,4,0,0,0,0,0,0,0,0,0,0
33.7547,5,0,0,0,0,0,0,0,0,0,0
33.8051,0,0.721372,-0.867762,6.73052,0.0905283,-0.00243688,0.00568425,0.366911,0,0,0
33.8051,1,0.699681,-0.87795,3.51513,0.121806,-0.00350989,0.0230594,0.367549,0,0,0
33.8051,2,-2.22168,-0.876268,5.16824,-0.0019066,0.00069215,0.077074,0.34895,0,0,0
33.8051,3,0,0,0,0,0,0,0,0,0,0
33.8051,4,0,0,0,0,0,0,0,0,0,0
33.8051,5,0,0,0,0,0,0,0,0,0,0
33.857,0,0.729077,-0.868264,6.73255,0.0906794,-0.00299674,0.024587,0.368424,0,0,0
33.857,1,0.706096,-0.877536,3.51417,0.125956,-0.00222704,-0.0010754,0.367549,0,0,0
33.857,2,-2.22158,-0.87622,5.17175,-0.00119194,0.000711873,0.0696267,0.34895,0,0,0
33.857,3,0,0,0,0,0,0,0,0,0,0
33.857,4,0,0,0,0,0,0,0,0,0,0
33.857,5,0,0,0,0,0,0,0,0,0,0
33.9099,0,0.733197,-0.868806,6.73816,0.0927683,-0.00424446,0.0480884,0.368424,0,0,0
33.9099,1,0.709089,-0.876746,3.51265,0.116098,0.00155749,-0.0271063,0.371987,0,0,0
33.9099,2,-2.22149,-0.87618,5.17435,-0.000615276,0.0007163,0.0535656,0.349716,0,0,0
33.9099,3,0,0,0,0,0,0,0,0,0,0
33.9099,4,0,0,0,0,0,0,0,0,0,0
33.9099,5,0,0,0,0,0,0,0,0,0,0
33.9701,0,0.730135,-0.868465,6.74216,0.0692788,-0.00156794,0.05704,0.378988,0,0,0
33.9701,1,0.714063,-0.876988,3.51023,0.114907,0.00055246,-0.0436392,0.371987,0,0,0
33.9701,2,-2.22137,-0.876141,5.17674,3.46481e-05,0.000715109,0.0318401,0.349716,0,0,0
33.9701,3,0,0,0,0,0,0,0,0,0,0
33.9701,4,0,0,0,0,0,0,0,0,0,0
33.9701,5,0,0,0,0,0,0,0,0,0,0
34.0317,0,0.731697,-0.869816,6.74551,0.064566,-0.00519078,0.0597886,0.378988,0,0,0
34.0317,1,0.717837,-0.876643,3.50734,0.109743,0.00191987,-0.0546256,0.379208,0,0,0
34.0317,2,-2.22118,-0.876149,5.1767,0.000839773,0.00053299,0.000952329,0.35021,0,0,0
34.0317,3,0,0,0,0,0,0,0,0,0,0
34.0317,4,0,0,0,0,0,0,0,0,0,0
34.0317,5,0,0,0,0,0,0,0,0,0,0
34.0819,0,0.731697,-0.869816,6.74551,0.064566,-0.00519078,0.0597886,0.385605,0,0,0
34.0819,1,0.717782,-0.876735,3.50546,0.0922222,0.00225081,-0.0580434,0.379208,0,0,0
34.0819,2,-2.22073,-0.876015,5.17679,0.00241099,0.000827474,-0.0276195,0.35021,0,0,0
34.0819,3,0,0,0,0,0,0,0,0,0,0
34.0819,4,0,0,0,0,0,0,0,0,0,0
34.0819,5,0,0,0,0,0,0,0,0,0,0
34.1446,0,0.716505,-0.867886,6.74841,-0.00293033,0.00437351,0.052625,0.385605,0,0,0
34.1446,1,0.716861,-0.877164,3.50288,0.0747187,0.00123022,-0.0573891,0.383302,0,0,0
34.1446,2,-2.22001,-0.876101,5.17383,0.00477534,0.000282602,-0.0613113,0.349587,0,0,0
34.1446,3,0,0,0,0,0,0,0,0,0,0
34.1446,4,0,0,0,0,0,0,0,0,0,0
34.1446,5,0,0,0,0,0,0,0,0,0,0
34.1958,0,0.716505,-0.867886,6.74841,-0.00293033,0.00437351,0.052625,0.384522,0,0,0
34.1958,1,0.716088,-0.875446,3.49989,0.0599478,0.00801743,-0.0590885,0.383302,0,0,0
34.1958,2,-2.22001,-0.876101,5.17383,0.00477534,0.000282602,-0.0613113,0.349587,0,0,0
34.1958,3,0,0,0,0,0,0,0,0,0,0
34.1958,4,0,0,0,0,0,0,0,0,0,0
34.1958,5,0,0,0,0,0,0,0,0,0,0
34.2518,0,0.711386,-0.868827,6.75413,-0.0219138,0.00151308,0.0507623,0.384522,0,0,0
34.2518,1,0.706735,-0.877002,3.49646,0.0124105,0.00387069,-0.0483129,0.388003,0,0,0
34.2518,2,-2.21891,-0.876047,5.16554,0.00716955,0.000261739,-0.0986462,0.347566,0,0,0
34.2518,3,0,0,0,0,0,0,0,0,0,0
34.2518,4,0,0,0,0,0,0,0,0,0,0
34.2518,5,0,0,0,0,0,0,0,0,0,0
34.3021,0,0.704706,-0.868862,6.75677,-0.043842,0.00240607,0.0466579,0.390046,0,0,0
34.3021,1,0.706735,-0.877002,3.49646,0.0124105,0.00387069,-0.0483129,0.388003,0,0,0
34.3021,2,-2.21891,-0.876047,5.16554,0.00716955,0.000261739,-0.0986462,0.347566,0,0,0
34.3021,3,0,0,0,0,0,0,0,0,0,0
34.3021,4,0,0,0,0,0,0,0,0,0,0
34.3021,5,0,0,0,0,0,0,0,0,0,0
34.3623,0,0.699154,-0.868756,6.75835,-0.0577619,0.00309423,0.0418404,0.390046,0,0,0
34.3623,1,0.70211,-0.877347,3.49187,-0.00661621,0.00323406,-0.045597,0.39082,0,0,0
34.3623,2,-2.2184,-0.875949,5.15933,0.00796374,0.000525366,-0.112054,0.345111,0,0,0
34.3623,3,0,0,0,0,0,0,0,0,0,0
34.3623,4,0,0,0,0,0,0,0,0,0,0
34.3623,5,0,0,0,0,0,0,0,0,0,0
34.4177,0,0.694182,-0.869221,6.75997,-0.0679185,0.00174932,0.0376126,0.391181,0,0,0
34.4177,1,0.698555,-0.878267,3.49015,-0.0191346,6.33202e-05,-0.0409764,0.39082,0,0,0
34.4177,2,-2.21724,-0.875987,5.14698,0.00948974,0.000173297,-0.116831,0.345111,0,0,0
34.4177,3,0,0,0,0,0,0,0,0,0,0
34.4177,4,0,0,0,0,0,0,0,0,0,0
34.4177,5,0,0,0,0,0,0,0,0,0,0
34.474,0,0.681079,-0.869453,6.76263,-0.0913106,0.00233228,0.0271395,0.391181,0,0,0
34.474,1,0.692876,-0.877866,3.48867,-0.0375848,0.00249917,-0.0324409,0.392256,0,0,0
34.474,2,-2.21666,-0.875947,5.1412,0.00985962,0.000255843,-0.113023,0.342945,0,0,0
34.474,3,0,0,0,0,0,0,0,0,0,0
34.474,4,0,0,0,0,0,0,0,0,0,0
34.474,5,0,0,0,0,0,0,0,0,0,0
34.5344,0,0.677549,-0.870007,6.76375,-0.0911629,2.49103e-05,0.0238748,0.391706,0,0,0
34.5344,1,0.688117,-0.878524,3.48766,-0.049638,0.000455641,-0.0277096,0.392256,0,0,0
34.5344,2,-2.21617,-0.875982,5.13615,0.0100301,8.53858e-05,-0.109338,0.342945,0,0,0
34.5344,3,0,0,0,0,0,0,0,0,0,0
34.5344,4,0,0,0,0,0,0,0,0,0,0
34.5344,5,0,0,0,0,0,0,0,0,0,0
34.5901,0,0.672584,-0.870331,6.76438,-0.0960354,-0.000845592,0.0206679,0.391706,0,0,0
34.5901,1,0.684093,-0.878765,3.4865,-0.0573727,-0.000111775,-0.0244407,0.39299,0,0,0
34.5901,2,-2.21568,-0.876036,5.1303,0.0102903,-0.000137881,-0.104191,0.341357,0,0,0
34.5901,3,0,0,0,0,0,0,0,0,0,0
34.5901,4,0,0,0,0,0,0,0,0,0,0
34.5901,5,0,0,0,0,0,0,0,0,0,0
34.646,0,0.672584,-0.870331,6.76438,-0.0960354,-0.000845592,0.0206679,0.392308,0,0,0
34.646,1,0.680192,-0.878647,3.48565,-0.0638131,0.000711526,-0.0217423,0.39299,0,0,0
34.646,2,-2.21529,-0.876003,5.12573,0.0101355,-1.38592e-06,-0.10035,0.341357,0,0,0
34.646,3,0,0,0,0,0,0,0,0,0,0
34.646,4,0,0,0,0,0,0,0,0,0,0
34.646,5,0,0,0,0,0,0,0,0,0,0
34.6963,0,0.669063,-0.870338,6.76536,-0.0814251,-0.00157655,0.014652,0.392308,0,0,0
34.6963,1,0.677419,-0.879081,3.48458,-0.06472,-0.000838249,-0.019407,0.393263,0,0,0
34.6963,2,-2.2148,-0.876017,5.11976,0.0103538,-7.56664e-05,-0.0958077,0.340292,0,0,0
34.6963,3,0,0,0,0,0,0,0,0,0,0
34.6963,4,0,0,0,0,0,0,0,0,0,0
34.6963,5,0,0,0,0,0,0,0,0,0,0
34.7547,0,0.665875,-0.870336,6.76607,-0.080503,-0.00142566,0.0121873,0.392863,0,0,0
34.7547,1,0.674751,-0.879202,3.48374,-0.0651392,-0.00111592,-0.0168075,0.393263,0,0,0
34.7547,2,-2.21451,-0.876062,5.11526,0.00969641,-0.000198774,-0.0928872,0.340292,0,0,0
34.7547,3,0,0,0,0,0,0,0,0,0,0
34.7547,4,0,0,0,0,0,0,0,0,0,0
34.7547,5,0,0,0,0,0,0,0,0,0,0
34.8051,0,0.663751,-0.870257,6.76658,-0.0764813,-0.00127169,0.00957054,0.392863,0,0,0
34.8051,1,0.671918,-0.879106,3.48301,-0.0646126,-0.000547481,-0.0152804,0.394811,0,0,0
34.8051,2,-2.21431,-0.876024,5.11032,0.00891329,-9.41378e-06,-0.0907307,0.339648,0,0,0
34.8051,3,0,0,0,0,0,0,0,0,0,0
34.8051,4,0,0,0,0,0,0,0,0,0,0
34.8051,5,0,0,0,0,0,0,0,0,0,0
34.8564,0,0.659177,-0.869786,6.76721,-0.0814678,0.000969768,0.00706167,0.393525,0,0,0
34.8564,1,0.670774,-0.879191,3.48215,-0.0598021,-0.00103259,-0.0147141,0.394811,0,0,0
34.8564,2,-2.2141,-0.876024,5.10466,0.00827974,1.13886e-05,-0.0899789,0.339648,0,0,0
34.8564,3,0,0,0,0,0,0,0,0,0,0
34.8564,4,0,0,0,0,0,0,0,0,0,0
34.8564,5,0,0,0,0,0,0,0,0,0,0
34.9136,0,0.655024,-0.869754,6.76767,-0.0842623,0.00103847,0.00676951,0.393525,0,0,0
34.9136,1,0.66967,-0.879031,3.48168,-0.0554981,-0.000543606,-0.0125135,0.395528,0,0,0
34.9136,2,-2.21394,-0.876051,5.10022,0.00755594,-6.35439e-05,-0.0882342,0.339716,0,0,0
34.9136,3,0,0,0,0,0,0,0,0,0,0
34.9136,4,0,0,0,0,0,0,0,0,0,0
34.9136,5,0,0,0,0,0,0,0,0,0,0
34.9638,0,0.650316,-0.869692,6.76792,-0.0872619,0.00117918,0.00574858,0.393846,0,0,0
34.9638,1,0.667741,-0.878825,3.48103,-0.0546171,0.000275993,-0.0112344,0.395528,0,0,0
34.9638,2,-2.21379,-0.876036,5.09595,0.00688176,2.61191e-05,-0.0850119,0.340035,0,0,0
34.9638,3,0,0,0,0,0,0,0,0,0,0
34.9638,4,0,0,0,0,0,0,0,0,0,0
34.9638,5,0,0,0,0,0,0,0,0,0,0
35.014,0,0.650316,-0.869692,6.76792,-0.0872619,0.00117918,0.00574858,0.393846,0,0,0
35.014,1,0.666866,-0.87877,3.48059,-0.0499996,0.000253273,-0.010093,0.396648,0,0,0
35.014,2,-2.21376,-0.876069,5.09281,0.00586543,-4.26833e-05,-0.0719888,0.340035,0,0,0
35.014,3,0,0,0,0,0,0,0,0,0,0
35.014,4,0,0,0,0,0,0,0,0,0,0
35.014,5,0,0,0,0,0,0,0,0,0,0
35.0671,0,0.655437,-0.87011,6.76827,-0.060374,-0.000829323,0.00467727,0.39448,0,0,0
35.0671,1,0.665858,-0.878685,3.48007,-0.0464359,0.000403471,-0.00927337,0.396648,0,0,0
35.0671,2,-2.21365,-0.876088,5.08911,0.00528864,-8.33988e-05,-0.0454594,0.340035,0,0,0
35.0671,3,0,0,0,0,0,0,0,0,0,0
35.0671,4,0,0,0,0,0,0,0,0,0,0
35.0671,5,0,0,0,0,0,0,0,0,0,0
35.1301,0,0.651983,-0.869789,6.76859,-0.0627572,0.000812412,0.00397868,0.39448,0,0,0
35.1301,1,0.664918,-0.878572,3.47964,-0.043091,0.00063374,-0.00837858,0.397057,0,0,0
35.1301,2,-2.21365,-0.876088,5.08911,0.00528864,-8.33988e-05,-0.0454594,0.340551,0,0,0
35.1301,3,0,0,0,0,0,0,0,0,0,0
35.1301,4,0,0,0,0,0,0,0,0,0,0
35.1301,5,0,0,0,0,0,0,0,0,0,0
35.1805,0,0.65142,-0.870485,6.76871,-0.0547983,-0.00198933,0.0036719,0.394549,0,0,0
35.1805,1,0.664162,-0.878493,3.47913,-0.0395046,0.000693886,-0.00738425,0.397057,0,0,0
35.1805,2,-2.21359,-0.876111,5.08789,0.00383809,-9.082e-05,0.0167667,0.340621,0,0,0
35.1805,3,0,0,0,0,0,0,0,0,0,0
35.1805,4,0,0,0,0,0,0,0,0,0,0
35.1805,5,0,0,0,0,0,0,0,0,0,0
35.2411,0,0.653545,-0.870238,6.76918,-0.0317046,-0.00150122,0.00436688,0.394549,0,0,0
35.2411,1,0.66084,-0.878206,3.47883,-0.0387928,0.00139678,-0.00670783,0.397816,0,0,0
35.2411,2,-2.21359,-0.876111,5.08789,0.00383809,-9.082e-05,0.0167667,0.340621,0,0,0
35.2411,3,0,0,0,0,0,0,0,0,0,0
35.2411,4,0,0,0,0,0,0,0,0,0,0
35.2411,5,0,0,0,0,0,0,0,0,0,0
35.303,0,0.653545,-0.870238,6.76918,-0.0317046,-0.00150122,0.00436688,0.395238,0,0,0
35.303,1,0.661641,-0.878225,3.47848,-0.0359179,0.00124273,-0.00601812,0.398226,0,0,0
35.303,2,-2.2136,-0.876115,5.08998,0.0031072,-7.01866e-05,0.0472533,0.340412,0,0,0
35.303,3,0,0,0,0,0,0,0,0,0,0
35.303,4,0,0,0,0,0,0,0,0,0,0
35.303,5,0,0,0,0,0,0,0,0,0,0
35.3612,0,0.655052,-0.870414,6.76949,-0.0210522,-0.00243999,0.00452273,0.395238,0,0,0
35.3612,1,0.658846,-0.878092,3.47819,-0.0353101,0.00134715,-0.00548677,0.398226,0,0,0
35.3612,2,-2.21374,-0.876109,5.0966,0.00166746,4.90726e-06,0.0934609,0.340412,0,0,0
35.3612,3,0,0,0,0,0,0,0,0,0,0
35.3612,4,0,0,0,0,0,0,0,0,0,0
35.3612,5,0,0,0,0,0,0,0,0,0,0
35.4183,0,0.657794,-0.86932,6.76991,-0.00601149,0.00100605,0.00487435,0.395655,0,0,0
35.4183,1,0.659526,-0.878085,3.47794,-0.0328571,0.00128963,-0.00492815,0.398567,0,0,0
35.4183,2,-2.21392,-0.876052,5.10327,0.000682292,0.000250079,0.109515,0.339929,0,0,0
35.4183,3,0,0,0,0,0,0,0,0,0,0
35.4183,4,0,0,0,0,0,0,0,0,0,0
35.4183,5,0,0,0,0,0,0,0,0,0,0
35.4755,0,0.663172,-0.869824,6.7702,0.0132164,-0.00103733,0.00495685,0.396307,0,0,0
35.4755,1,0.658645,-0.878069,3.47772,-0.0309565,0.00109739,-0.0044931,0.398567,0,0,0
35.4755,2,-2.21412,-0.876081,5.10862,-0.00015153,0.000153023,0.116315,0.339929,0,0,0
35.4755,3,0,0,0,0,0,0,0,0,0,0
35.4755,4,0,0,0,0,0,0,0,0,0,0
35.4755,5,0,0,0,0,0,0,0,0,0,0
35.5309,0,0.665751,-0.87005,6.77049,0.0209657,-0.0021539,0.00474422,0.396307,0,0,0
35.5309,1,0.656076,-0.877962,3.47753,-0.0306842,0.00116658,-0.0040151,0.398693,0,0,0
35.5309,2,-2.21431,-0.876075,5.115,-0.000911971,0.00017083,0.118227,0.339515,0,0,0
35.5309,3,0,0,0,0,0,0,0,0,0,0
35.5309,4,0,0,0,0,0,0,0,0,0,0
35.5309,5,0,0,0,0,0,0,0,0,0,0
35.5904,0,0.668315,-0.869729,6.7707,0.0275042,-0.00111816,0.00458281,0.397619,0,0,0
35.5904,1,0.656282,-0.877841,3.47732,-0.0299515,0.00158254,-0.00356591,0.398693,0,0,0
35.5904,2,-2.21464,-0.876002,5.1214,-0.00207316,0.000463916,0.117032,0.339515,0,0,0
35.5904,3,0,0,0,0,0,0,0,0,0,0
35.5904,4,0,0,0,0,0,0,0,0,0,0
35.5904,5,0,0,0,0,0,0,0,0,0,0
35.6407,0,0.670318,-0.869393,6.7709,0.0311707,8.72001e-05,0.00429972,0.397619,0,0,0
35.6407,1,0.654172,-0.877881,3.47716,-0.0283701,0.001012,-0.00318043,0.398915,0,0,0
35.6407,2,-2.21492,-0.876023,5.12742,-0.00288048,0.000352228,0.113802,0.339657,0,0,0
35.6407,3,0,0,0,0,0,0,0,0,0,0
35.6407,4,0,0,0,0,0,0,0,0,0,0
35.6407,5,0,0,0,0,0,0,0,0,0,0
35.7013,0,0.670318,-0.869393,6.7709,0.0311707,8.72001e-05,0.00429972,0.39852,0,0,0
35.7013,1,0.654505,-0.877811,3.47701,-0.0271755,0.00122496,-0.00280037,0.398915,0,0,0
35.7013,2,-2.21492,-0.876023,5.12742,-0.00288048,0.000352228,0.113802,0.339657,0,0,0
35.7013,3,0,0,0,0,0,0,0,0,0,0
35.7013,4,0,0,0,0,0,0,0,0,0,0
35.7013,5,0,0,0,0,0,0,0,0,0,0
35.7566,0,0.672079,-0.869483,6.77107,0.0335073,-0.000284306,0.00412722,0.39852,0,0,0
35.7566,1,0.653198,-0.877834,3.47679,-0.023302,0.000635083,-0.00210527,0.399033,0,0,0
35.7566,2,-2.21571,-0.875971,5.13887,-0.00500586,0.000522927,0.101244,0.340329,0,0,0
35.7566,3,0,0,0,0,0,0,0,0,0,0
35.7566,4,0,0,0,0,0,0,0,0,0,0
35.7566,5,0,0,0,0,0,0,0,0,0,0
35.8147,0,0.673534,-0.869286,6.77131,0.0342908,0.000482857,0.00383716,0.399314,0,0,0
35.8147,1,0.652107,-0.877601,3.4767,-0.0234031,0.00139284,-0.00183229,0.399033,0,0,0
35.8147,2,-2.21604,-0.875959,5.14405,-0.00552247,0.000499816,0.0964284,0.340329,0,0,0
35.8147,3,0,0,0,0,0,0,0,0,0,0
35.8147,4,0,0,0,0,0,0,0,0,0,0
35.8147,5,0,0,0,0,0,0,0,0,0,0
35.87,0,0.675097,-0.869396,6.77156,0.035328,2.24069e-05,0.00357456,0.399314,0,0,0
35.87,1,0.652107,-0.877601,3.4767,-0.0234031,0.00139284,-0.00183229,0.399232,0,0,0
35.87,2,-2.21604,-0.875959,5.14405,-0.00552247,0.000499816,0.0964284,0.341578,0,0,0
35.87,3,0,0,0,0,0,0,0,0,0,0
35.87,4,0,0,0,0,0,0,0,0,0,0
35.87,5,0,0,0,0,0,0,0,0,0,0
35.9254,0,0.675798,-0.869461,6.77176,0.0331045,-2.71184e-05,0.00317939,0.400039,0,0,0
35.9254,1,0.650608,-0.877507,3.47656,-0.0208676,0.00126063,-0.00126992,0.399232,0,0,0
35.9254,2,-2.21669,-0.875954,5.1538,-0.00635937,0.00040778,0.0872609,0.341578,0,0,0
35.9254,3,0,0,0,0,0,0,0,0,0,0
35.9254,4,0,0,0,0,0,0,0,0,0,0
35.9254,5,0,0,0,0,0,0,0,0,0,0
35.9807,0,0.676154,-0.869512,6.77192,0.0296848,9.4916e-06,0.00278987,0.400039,0,0,0
35.9807,1,0.650211,-0.877507,3.47649,-0.018772,0.00098964,-0.00101214,0.399274,0,0,0
35.9807,2,-2.21691,-0.875954,5.15731,-0.00630348,0.000344016,0.0830917,0.342902,0,0,0
35.9807,3,0,0,0,0,0,0,0,0,0,0
35.9807,4,0,0,0,0,0,0,0,0,0,0
35.9807,5,0,0,0,0,0,0,0,0,0,0
36.0416,0,0.676197,-0.869523,6.77208,0.0257815,0.00020301,0.00241023,0.400401,0,0,0
36.0416,1,0.650211,-0.877507,3.47649,-0.018772,0.00098964,-0.00101214,0.399274,0,0,0
36.0416,2,-2.2171,-0.875942,5.16066,-0.00611024,0.000307244,0.0802582,0.342902,0,0,0
36.0416,3,0,0,0,0,0,0,0,0,0,0
36.0416,4,0,0,0,0,0,0,0,0,0,0
36.0416,5,0,0,0,0,0,0,0,0,0,0
36.1034,0,0.675695,-0.869743,6.7722,0.0205068,-0.000296484,0.0020106,0.400401,0,0,0
36.1034,1,0.648211,-0.877264,3.47641,-0.0167116,0.00128818,-0.000612805,0.39927,0,0,0
36.1034,2,-2.21722,-0.875921,5.16512,-0.00571155,0.000307174,0.0747613,0.343956,0,0,0
36.1034,3,0,0,0,0,0,0,0,0,0,0
36.1034,4,0,0,0,0,0,0,0,0,0,0
36.1034,5,0,0,0,0,0,0,0,0,0,0
36.1535,0,0.674833,-0.870007,6.77232,0.0145151,-0.000902073,0.0016965,0.400464,0,0,0
36.1535,1,0.647815,-0.877244,3.47638,-0.0152635,0.00113762,-0.000441213,0.39927,0,0,0
36.1535,2,-2.21722,-0.875921,5.16512,-0.00571155,0.000307174,0.0747613,0.343956,0,0,0
36.1535,3,0,0,0,0,0,0,0,0,0,0
36.1535,4,0,0,0,0,0,0,0,0,0,0
36.1535,5,0,0,0,0,0,0,0,0,0,0
36.2093,0,0.673769,-0.869955,6.77241,0.00869171,-0.000305816,0.00146468,0.400464,0,0,0
36.2093,1,0.647336,-0.877156,3.47636,-0.0143859,0.00124946,-0.000268037,0.399279,0,0,0
36.2093,2,-2.21729,-0.875883,5.17132,-0.00424717,0.000270846,0.034783,0.345125,0,0,0
36.2093,3,0,0,0,0,0,0,0,0,0,0
36.2093,4,0,0,0,0,0,0,0,0,0,0
36.2093,5,0,0,0,0,0,0,0,0,0,0
36.2594,0,0.67219,-0.870316,6.77248,0.0019226,-0.00112329,0.00122618,0.400299,0,0,0
36.2594,1,0.64747,-0.877089,3.47635,-0.0138969,0.00157513,-0.00016078,0.399279,0,0,0
36.2594,2,-2.21729,-0.875883,5.17132,-0.00424717,0.000270846,0.034783,0.345125,0,0,0
36.2594,3,0,0,0,0,0,0,0,0,0,0
36.2594,4,0,0,0,0,0,0,0,0,0,0
36.2594,5,0,0,0,0,0,0,0,0,0,0
36.3123,0,0.670941,-0.870383,6.77254,-0.00283768,-0.00106873,0.00110253,0.400299,0,0,0
36.3123,1,0.647173,-0.877121,3.47635,-0.0122955,0.00116972,-6.22008e-05,0.399287,0,0,0
36.3123,2,-2.21726,-0.875873,5.17206,-0.00345501,0.000215148,0.00292762,0.345477,0,0,0
36.3123,3,0,0,0,0,0,0,0,0,0,0
36.3123,4,0,0,0,0,0,0,0,0,0,0
36.3123,5,0,0,0,0,0,0,0,0,0,0
36.3708,0,0.668518,-0.870811,6.7726,-0.0108741,-0.00203986,0.0008427,0.399992,0,0,0
36.3708,1,0.646337,-0.877089,3.47635,-0.0108852,0.000916189,4.6775e-05,0.399287,0,0,0
36.3708,2,-2.21716,-0.875842,5.17108,-0.00259286,0.00023542,-0.0303899,0.345477,0,0,0
36.3708,3,0,0,0,0,0,0,0,0,0,0
36.3708,4,0,0,0,0,0,0,0,0,0,0
36.3708,5,0,0,0,0,0,0,0,0,0,0
36.421,0,0.666459,-0.871023,6.77264,-0.0166261,-0.00228781,0.000669262,0.399992,0,0,0
36.421,1,0.645986,-0.876993,3.47635,-0.0100578,0.00103679,7.08408e-05,0.399231,0,0,0
36.421,2,-2.21708,-0.875828,5.16893,-0.00193969,0.000209646,-0.0607402,0.344893,0,0,0
36.421,3,0,0,0,0,0,0,0,0,0,0
36.421,4,0,0,0,0,0,0,0,0,0,0
36.421,5,0,0,0,0,0,0,0,0,0,0
36.4846,0,0.664628,-0.87089,6.77268,-0.0203097,-0.00130046,0.000394765,0.399668,0,0,0
36.4846,1,0.645989,-0.87699,3.47635,-0.0100496,0.00104506,0.000133472,0.399231,0,0,0
36.4846,2,-2.21697,-0.875829,5.16414,-0.00128032,0.000124034,-0.0862007,0.344893,0,0,0
36.4846,3,0,0,0,0,0,0,0,0,0,0
36.4846,4,0,0,0,0,0,0,0,0,0,0
36.4846,5,0,0,0,0,0,0,0,0,0,0
36.5398,0,0.662657,-0.871648,6.77273,-0.0241475,-0.00357011,0.000386557,0.399668,0,0,0
36.5398,1,0.645075,-0.876876,3.47636,-0.00947865,0.00111084,0.000152068,0.399203,0,0,0
36.5398,2,-2.21688,-0.875817,5.15883,-0.000861646,0.000114309,-0.10402,0.343553,0,0,0
36.5398,3,0,0,0,0,0,0,0,0,0,0
36.5398,4,0,0,0,0,0,0,0,0,0,0
36.5398,5,0,0,0,0,0,0,0,0,0,0
36.599,0,0.659647,-0.871389,6.77277,-0.031148,-0.00180369,0.000249863,0.399291,0,0,0
36.599,1,0.644727,-0.876835,3.47636,-0.00883563,0.00106825,0.000143226,0.399203,0,0,0
36.599,2,-2.21682,-0.875804,5.15325,-0.00058694,0.000124291,-0.115522,0.343553,0,0,0
36.599,3,0,0,0,0,0,0,0,0,0,0
36.599,4,0,0,0,0,0,0,0,0,0,0
36.599,5,0,0,0,0,0,0,0,0,0,0
36.6618,0,0.657773,-0.871656,6.77279,-0.032937,-0.0024069,0.000173273,0.399291,0,0,0
36.6618,1,0.644471,-0.876856,3.47637,-0.00806891,0.000836103,0.000150706,0.399127,0,0,0
36.6618,2,-2.21682,-0.875805,5.14734,-0.000492951,9.14636e-05,-0.120701,0.342546,0,0,0
36.6618,3,0,0,0,0,0,0,0,0,0,0
36.6618,4,0,0,0,0,0,0,0,0,0,0
36.6618,5,0,0,0,0,0,0,0,0,0,0
36.717,0,0.653621,-0.872103,6.77283,-0.0370885,-0.00299511,6.88103e-05,0.398865,0,0,0
36.717,1,0.644095,-0.876789,3.47638,-0.00778509,0.000926718,0.000135792,0.399127,0,0,0
36.717,2,-2.21685,-0.875798,5.14122,-0.00054702,9.71196e-05,-0.122689,0.342546,0,0,0
36.717,3,0,0,0,0,0,0,0,0,0,0
36.717,4,0,0,0,0,0,0,0,0,0,0
36.717,5,0,0,0,0,0,0,0,0,0,0
36.778,0,0.651248,-0.871965,6.77285,-0.0390158,-0.00207536,2.19307e-05,0.398865,0,0,0
36.778,1,0.643834,-0.876797,3.47639,-0.00717475,0.000758606,0.00026612,0.399081,0,0,0
36.778,2,-2.21694,-0.875809,5.13434,-0.000751895,5.09568e-05,-0.121073,0.342069,0,0,0
36.778,3,0,0,0,0,0,0,0,0,0,0
36.778,4,0,0,0,0,0,0,0,0,0,0
36.778,5,0,0,0,0,0,0,0,0,0,0
36.8317,0,0.652218,-0.872073,6.77287,-0.0355781,-0.00258492,1.15986e-05,0.398724,0,0,0
36.8317,1,0.643465,-0.876732,3.47639,-0.00693108,0.000843463,8.44985e-05,0.399081,0,0,0
36.8317,2,-2.21705,-0.875827,5.12809,-0.000984439,-1.89792e-05,-0.118198,0.342069,0,0,0
36.8317,3,0,0,0,0,0,0,0,0,0,0
36.8317,4,0,0,0,0,0,0,0,0,0,0
36.8317,5,0,0,0,0,0,0,0,0,0,0
36.8951,0,0.648873,-0.872532,6.7729,-0.0365685,-0.00331871,5.12082e-05,0.398724,0,0,0
36.8951,1,0.643595,-0.876812,3.47639,-0.00645609,0.000542249,0.000201832,0.399044,0,0,0
36.8951,2,-2.21722,-0.875793,5.12231,-0.00137958,0.000121509,-0.112946,0.342228,0,0,0
36.8951,3,0,0,0,0,0,0,0,0,0,0
36.8951,4,0,0,0,0,0,0,0,0,0,0
36.8951,5,0,0,0,0,0,0,0,0,0,0
36.9485,0,0.646748,-0.872177,6.77292,-0.0384386,-0.00169656,8.38053e-05,0.398624,0,0,0
36.9485,1,0.64325,-0.876759,3.47639,-0.00624433,0.000632921,0.000166955,0.399044,0,0,0
36.9485,2,-2.21734,-0.875849,5.11762,-0.00152937,-9.32566e-05,-0.108182,0.342228,0,0,0
36.9485,3,0,0,0,0,0,0,0,0,0,0
36.9485,4,0,0,0,0,0,0,0,0,0,0
36.9485,5,0,0,0,0,0,0,0,0,0,0
37.0088,0,0.645654,-0.872326,6.77296,-0.0364757,-0.00196441,9.35776e-05,0.398624,0,0,0
37.0088,1,0.642533,-0.876665,3.47639,-0.0059962,0.000780169,-2.56287e-05,0.399029,0,0,0
37.0088,2,-2.21758,-0.875823,5.11142,-0.00204853,3.46923e-05,-0.100462,0.342851,0,0,0
37.0088,3,0,0,0,0,0,0,0,0,0,0
37.0088,4,0,0,0,0,0,0,0,0,0,0
37.0088,5,0,0,0,0,0,0,0,0,0,0
37.0701,0,0.646684,-0.872204,6.77297,-0.0327864,-0.00164133,0.000151233,0.398575,0,0,0
37.0701,1,0.642532,-0.876712,3.47638,-0.00599506,0.000611941,5.7562e-05,0.399029,0,0,0
37.0701,2,-2.21778,-0.875827,5.10643,-0.00239903,3.28439e-05,-0.0873294,0.342851,0,0,0
37.0701,3,0,0,0,0,0,0,0,0,0,0
37.0701,4,0,0,0,0,0,0,0,0,0,0
37.0701,5,0,0,0,0,0,0,0,0,0,0
37.1354,0,0.644621,-0.872301,6.77299,-0.0299908,-0.00154119,0.000201481,0.398575,0,0,0
37.1354,1,0.642253,-0.876741,3.47638,-0.00557137,0.000387197,1.06967e-05,0.399005,0,0,0
37.1354,2,-2.21793,-0.875837,5.10264,-0.00251729,-5.06343e-06,-0.0759926,0.34366,0,0,0
37.1354,3,0,0,0,0,0,0,0,0,0,0
37.1354,4,0,0,0,0,0,0,0,0,0,0
37.1354,5,0,0,0,0,0,0,0,0,0,0
37.1907,0,0.644633,-0.872272,6.77301,-0.025615,-0.00134753,0.000283224,0.398486,0,0,0
37.1907,1,0.64175,-0.876693,3.47637,-0.00495659,0.000388972,3.22238e-05,0.399005,0,0,0
37.1907,2,-2.21806,-0.875848,5.0998,-0.00257885,-4.67573e-05,-0.0557012,0.34366,0,0,0
37.1907,3,0,0,0,0,0,0,0,0,0,0
37.1907,4,0,0,0,0,0,0,0,0,0,0
37.1907,5,0,0,0,0,0,0,0,0,0,0
37.2599,0,0.646017,-0.872048,6.77304,-0.020701,-0.000734744,0.000369012,0.398486,0,0,0
37.2599,1,0.641711,-0.876731,3.47651,-0.00510878,0.000255864,0.00498445,0.398983,0,0,0
37.2599,2,-2.21813,-0.875844,5.09754,-0.00248316,-4.33963e-05,-0.0205684,0.344232,0,0,0
37.2599,3,0,0,0,0,0,0,0,0,0,0
37.2599,4,0,0,0,0,0,0,0,0,0,0
37.2599,5,0,0,0,0,0,0,0,0,0,0
37.3274,0,0.64618,-0.871988,6.77306,-0.0164268,-0.000493503,0.000451154,0.398601,0,0,0
37.3274,1,0.641386,-0.876667,3.47731,-0.00527053,0.000442788,0.0111732,0.398983,0,0,0
37.3274,2,-2.21824,-0.875845,5.09705,-0.00246313,-5.01827e-05,0.00901877,0.344232,0,0,0
37.3274,3,0,0,0,0,0,0,0,0,0,0
37.3274,4,0,0,0,0,0,0,0,0,0,0
37.3274,5,0,0,0,0,0,0,0,0,0,0
37.404,0,0.646829,-0.871946,6.7731,-0.00886106,-0.000356141,0.000563748,0.398601,0,0,0
37.404,1,0.641312,-0.876614,3.479,-0.00505084,0.000513686,0.0347055,0.398028,0,0,0
37.404,2,-2.21835,-0.875815,5.10105,-0.00203271,2.75227e-05,0.0638759,0.344382,0,0,0
37.404,3,0,0,0,0,0,0,0,0,0,0
37.404,4,0,0,0,0,0,0,0,0,0,0
37.404,5,0,0,0,0,0,0,0,0,0,0
37.4598,0,0.646829,-0.871946,6.7731,-0.00886106,-0.000356141,0.000563748,0.398714,0,0,0
37.4598,1,0.641744,-0.876649,3.48172,-0.00311664,0.000202846,0.0446182,0.398028,0,0,0
37.4598,2,-2.21835,-0.875815,5.10105,-0.00203271,2.75227e-05,0.0638759,0.344382,0,0,0
37.4598,3,0,0,0,0,0,0,0,0,0,0
37.4598,4,0,0,0,0,0,0,0,0,0,0
37.4598,5,0,0,0,0,0,0,0,0,0,0
37.5205,0,0.6482,-0.871687,6.77316,-0.000938685,0.000321776,0.000667961,0.398714,0,0,0
37.5205,1,0.642759,-0.876374,3.48504,-0.000482849,0.00103579,0.0679005,0.393642,0,0,0
37.5205,2,-2.2186,-0.875754,5.11004,-0.0021404,0.000228221,0.101196,0.344185,0,0,0
37.5205,3,0,0,0,0,0,0,0,0,0,0
37.5205,4,0,0,0,0,0,0,0,0,0,0
37.5205,5,0,0,0,0,0,0,0,0,0,0
37.5758,0,0.649008,-0.871544,6.77319,0.00258662,0.000718616,0.000704247,0.398848,0,0,0
37.5758,1,0.645134,-0.876406,3.48872,0.0072089,0.000515768,0.0807384,0.386808,0,0,0
37.5758,2,-2.21864,-0.875765,5.11472,-0.00191915,0.000139864,0.108572,0.343924,0,0,0
37.5758,3,0,0,0,0,0,0,0,0,0,0
37.5758,4,0,0,0,0,0,0,0,0,0,0
37.5758,5,0,0,0,0,0,0,0,0,0,0
37.6335,0,0.649695,-0.871697,6.77322,0.00517127,9.2457e-06,0.000715447,0.398929,0,0,0
37.6335,1,0.648771,-0.876045,3.49375,0.0184851,0.00137132,0.0915274,0.386808,0,0,0
37.6335,2,-2.21889,-0.875708,5.12101,-0.0024722,0.000357956,0.113758,0.343924,0,0,0
37.6335,3,0,0,0,0,0,0,0,0,0,0
37.6335,4,0,0,0,0,0,0,0,0,0,0
37.6335,5,0,0,0,0,0,0,0,0,0,0
37.6888,0,0.649695,-0.871697,6.77322,0.00517127,9.2457e-06,0.000715447,0.398929,0,0,0
37.6888,1,0.654136,-0.876256,3.49841,0.034358,-1.33763e-05,0.0965163,0.377717,0,0,0
37.6888,2,-2.21889,-0.875708,5.12101,-0.0024722,0.000357956,0.113758,0.343912,0,0,0
37.6888,3,0,0,0,0,0,0,0,0,0,0
37.6888,4,0,0,0,0,0,0,0,0,0,0
37.6888,5,0,0,0,0,0,0,0,0,0,0
37.7523,0,0.65021,-0.871552,6.77324,0.00666247,0.0006402,0.000733919,0.399052,0,0,0
37.7523,1,0.660383,-0.877324,3.50279,0.052167,-0.00463098,0.100588,0.377717,0,0,0
37.7523,2,-2.21911,-0.875703,5.1277,-0.00286569,0.000343482,0.113498,0.343912,0,0,0
37.7523,3,0,0,0,0,0,0,0,0,0,0
37.7523,4,0,0,0,0,0,0,0,0,0,0
37.7523,5,0,0,0,0,0,0,0,0,0,0
37.8075,0,0.651312,-0.871134,6.77329,0.00918862,0.00178008,0.000752331,0.399052,0,0,0
37.8075,1,0.666852,-0.876581,3.50826,0.0678863,-0.00219848,0.0974462,0.369124,0,0,0
37.8075,2,-2.21935,-0.87569,5.13443,-0.00325418,0.000354248,0.11001,0.344479,0,0,0
37.8075,3,0,0,0,0,0,0,0,0,0,0
37.8075,4,0,0,0,0,0,0,0,0,0,0
37.8075,5,0,0,0,0,0,0,0,0,0,0
37.8678,0,0.652641,-0.871323,6.77337,0.0127571,0.000856557,0.000696309,0.399052,0,0,0
37.8678,1,0.671697,-0.876387,3.51051,0.0774478,-0.00144871,0.0861889,0.369124,0,0,0
37.8678,2,-2.21957,-0.875692,5.13957,-0.00354931,0.00030155,0.105283,0.344479,0,0,0
37.8678,3,0,0,0,0,0,0,0,0,0,0
37.8678,4,0,0,0,0,0,0,0,0,0,0
37.8678,5,0,0,0,0,0,0,0,0,0,0
37.9198,0,0.652641,-0.871323,6.77337,0.0127571,0.000856557,0.000696309,0.399296,0,0,0
37.9198,1,0.682408,-0.875552,3.51402,0.103855,0.000224544,0.0503446,0.365519,0,0,0
37.9198,2,-2.21986,-0.875655,5.14461,-0.004013,0.000273785,0.0992857,0.345416,0,0,0
37.9198,3,0,0,0,0,0,0,0,0,0,0
37.9198,4,0,0,0,0,0,0,0,0,0,0
37.9198,5,0,0,0,0,0,0,0,0,0,0
37.9708,0,0.653094,-0.871265,6.7734,0.0128806,0.000991646,0.000741563,0.399296,0,0,0
37.9708,1,0.693206,-0.876401,3.51601,0.124162,-0.0036099,0.0261047,0.365519,0,0,0
37.9708,2,-2.22013,-0.875658,5.14963,-0.00441227,0.000239878,0.0891971,0.345416,0,0,0
37.9708,3,0,0,0,0,0,0,0,0,0,0
37.9708,4,0,0,0,0,0,0,0,0,0,0
37.9708,5,0,0,0,0,0,0,0,0,0,0
38.0339,0,0.65344,-0.871254,6.77344,0.0125065,0.000951795,0.000742674,0.39941,0,0,0
38.0339,1,0.70192,-0.875429,3.5172,0.135992,-0.000351894,0.000525016,0.365519,0,0,0
38.0339,2,-2.22034,-0.875662,5.15381,-0.00449337,0.00018743,0.07499,0.346536,0,0,0
38.0339,3,0,0,0,0,0,0,0,0,0,0
38.0339,4,0,0,0,0,0,0,0,0,0,0
38.0339,5,0,0,0,0,0,0,0,0,0,0
38.0841,0,0.653651,-0.871304,6.77348,0.0117566,0.000715575,0.000746234,0.399527,0,0,0
38.0841,1,0.709707,-0.875639,3.51669,0.142637,-0.00136468,-0.0186351,0.365977,0,0,0
38.0841,2,-2.22058,-0.875643,5.15709,-0.00455411,0.000223386,0.0443176,0.346536,0,0,0
38.0841,3,0,0,0,0,0,0,0,0,0,0
38.0841,4,0,0,0,0,0,0,0,0,0,0
38.0841,5,0,0,0,0,0,0,0,0,0,0
38.1357,0,0.653815,-0.871413,6.77352,0.010768,0.000278336,0.000747208,0.399527,0,0,0
38.1357,1,0.715157,-0.87538,3.51557,0.139677,-0.000160233,-0.0321984,0.365977,0,0,0
38.1357,2,-2.22073,-0.875632,5.15889,-0.00430724,0.00021421,0.0125407,0.347384,0,0,0
38.1357,3,0,0,0,0,0,0,0,0,0,0
38.1357,4,0,0,0,0,0,0,0,0,0,0
38.1357,5,0,0,0,0,0,0,0,0,0,0
38.1858,0,0.653764,-0.871413,6.77357,0.00924477,0.000328184,0.000738807,0.399527,0,0,0
38.1858,1,0.718913,-0.875257,3.51374,0.131297,0.000635001,-0.0403539,0.370566,0,0,0
38.1858,2,-2.22085,-0.875629,5.15849,-0.00389079,0.000170978,-0.0253236,0.347384,0,0,0
38.1858,3,0,0,0,0,0,0,0,0,0,0
38.1858,4,0,0,0,0,0,0,0,0,0,0
38.1858,5,0,0,0,0,0,0,0,0,0,0
38.2479,0,0.653238,-0.871401,6.77361,0.00538534,0.000590962,0.000739095,0.39962,0,0,0
38.2479,1,0.721193,-0.875015,3.51162,0.119153,0.00196369,-0.0444593,0.375899,0,0,0
38.2479,2,-2.22088,-0.87563,5.15648,-0.00332087,0.000108613,-0.0548317,0.347313,0,0,0
38.2479,3,0,0,0,0,0,0,0,0,0,0
38.2479,4,0,0,0,0,0,0,0,0,0,0
38.2479,5,0,0,0,0,0,0,0,0,0,0
38.3084,0,0.653291,-0.871609,6.77365,0.00506459,-0.000101319,0.000706811,0.399668,0,0,0
38.3084,1,0.721507,-0.875261,3.51008,0.102199,0.00166292,-0.0450494,0.375899,0,0,0
38.3084,2,-2.22086,-0.875619,5.15264,-0.00269631,9.66036e-05,-0.0798916,0.347313,0,0,0
38.3084,3,0,0,0,0,0,0,0,0,0,0
38.3084,4,0,0,0,0,0,0,0,0,0,0
38.3084,5,0,0,0,0,0,0,0,0,0,0
38.3712,0,0.651313,-0.872074,6.77374,-0.00166023,-0.00114424,0.000656525,0.399668,0,0,0
38.3712,1,0.720677,-0.87561,3.50792,0.0827413,0.000991552,-0.0438206,0.379343,0,0,0
38.3712,2,-2.22081,-0.875618,5.14774,-0.00208925,5.32003e-05,-0.0987082,0.346562,0,0,0
38.3712,3,0,0,0,0,0,0,0,0,0,0
38.3712,4,0,0,0,0,0,0,0,0,0,0
38.3712,5,0,0,0,0,0,0,0,0,0,0
38.4301,0,0.650491,-0.872191,6.77378,-0.00462173,-0.00147474,0.000609911,0.399616,0,0,0
38.4301,1,0.717728,-0.875192,3.50622,0.0591786,0.00325141,-0.0408065,0.379343,0,0,0
38.4301,2,-2.22076,-0.875607,5.14286,-0.00153405,5.61398e-05,-0.109431,0.346562,0,0,0
38.4301,3,0,0,0,0,0,0,0,0,0,0
38.4301,4,0,0,0,0,0,0,0,0,0,0
38.4301,5,0,0,0,0,0,0,0,0,0,0
38.4843,0,0.649505,-0.872354,6.77381,-0.00734694,-0.00173919,0.000583682,0.399616,0,0,0
38.4843,1,0.715817,-0.876035,3.50401,0.0422342,0.000321157,-0.0380636,0.381943,0,0,0
38.4843,2,-2.22071,-0.875621,5.13774,-0.00109576,-2.03324e-05,-0.113754,0.345944,0,0,0
38.4843,3,0,0,0,0,0,0,0,0,0,0
38.4843,4,0,0,0,0,0,0,0,0,0,0
38.4843,5,0,0,0,0,0,0,0,0,0,0
38.5421,0,0.648197,-0.872373,6.77384,-0.00936828,-0.0012676,0.000540118,0.399573,0,0,0
38.5421,1,0.712658,-0.875584,3.50216,0.0229873,0.00259607,-0.0356738,0.381943,0,0,0
38.5421,2,-2.22065,-0.875621,5.13142,-0.000674931,-4.30318e-05,-0.114773,0.345944,0,0,0
38.5421,3,0,0,0,0,0,0,0,0,0,0
38.5421,4,0,0,0,0,0,0,0,0,0,0
38.5421,5,0,0,0,0,0,0,0,0,0,0
38.5922,0,0.647526,-0.872675,6.77387,-0.010141,-0.00200787,0.000624035,0.399573,0,0,0
38.5922,1,0.709501,-0.875452,3.50032,0.0085725,0.00322559,-0.0324576,0.384086,0,0,0
38.5922,2,-2.22061,-0.875614,5.12521,-0.000380737,-2.429e-05,-0.111963,0.34561,0,0,0
38.5922,3,0,0,0,0,0,0,0,0,0,0
38.5922,4,0,0,0,0,0,0,0,0,0,0
38.5922,5,0,0,0,0,0,0,0,0,0,0
38.6475,0,0.646483,-0.872895,6.77392,-0.0119942,-0.00236451,0.000708071,0.399512,0,0,0
38.6475,1,0.707109,-0.875927,3.49907,-0.00274262,0.00107415,-0.0296829,0.384086,0,0,0
38.6475,2,-2.22059,-0.875615,5.1204,-0.000161463,-3.53073e-05,-0.108465,0.34561,0,0,0
38.6475,3,0,0,0,0,0,0,0,0,0,0
38.6475,4,0,0,0,0,0,0,0,0,0,0
38.6475,5,0,0,0,0,0,0,0,0,0,0
38.6977,0,0.645838,-0.872881,6.77402,-0.0143249,-0.0022378,0.00159791,0.399512,0,0,0
38.6977,1,0.705316,-0.876275,3.4983,-0.00989161,8.52935e-05,-0.0297624,0.38517,0,0,0
38.6977,2,-2.22059,-0.875617,5.11477,-4.23419e-05,-4.21739e-05,-0.101957,0.345743,0,0,0
38.6977,3,0,0,0,0,0,0,0,0,0,0
38.6977,4,0,0,0,0,0,0,0,0,0,0
38.6977,5,0,0,0,0,0,0,0,0,0,0
38.7551,0,0.644282,-0.872962,6.77418,-0.0174091,-0.00203984,0.00214656,0.39957,0,0,0
38.7551,1,0.702782,-0.87681,3.49713,-0.0185649,-0.00136437,-0.0244592,0.38517,0,0,0
38.7551,2,-2.2206,-0.875616,5.11071,4.00265e-05,-3.41453e-05,-0.0971865,0.345743,0,0,0
38.7551,3,0,0,0,0,0,0,0,0,0,0
38.7551,4,0,0,0,0,0,0,0,0,0,0
38.7551,5,0,0,0,0,0,0,0,0,0,0
38.8053,0,0.643255,-0.873112,6.77442,-0.0183874,-0.0022343,0.00348149,0.39957,0,0,0
38.8053,1,0.697778,-0.87795,3.49556,-0.0347195,-0.00449225,-0.0227921,0.386369,0,0,0
38.8053,2,-2.22062,-0.875621,5.10484,6.69726e-05,-4.11044e-05,-0.0933084,0.34621,0,0,0
38.8053,3,0,0,0,0,0,0,0,0,0,0
38.8053,4,0,0,0,0,0,0,0,0,0,0
38.8053,5,0,0,0,0,0,0,0,0,0,0
38.8679,0,0.642287,-0.873249,6.77473,-0.0188503,-0.00235346,0.0048424,0.399844,0,0,0
38.8679,1,0.692156,-0.876608,3.49457,-0.0503893,0.00144294,-0.0215763,0.386369,0,0,0
38.8679,2,-2.22064,-0.875624,5.10136,0.000115673,-4.51432e-05,-0.0895053,0.34621,0,0,0
38.8679,3,0,0,0,0,0,0,0,0,0,0
38.8679,4,0,0,0,0,0,0,0,0,0,0
38.8679,5,0,0,0,0,0,0,0,0,0,0
38.9279,0,0.641358,-0.873262,6.77473,-0.0190998,-0.00200969,0.00591772,0.399844,0,0,0
38.9279,1,0.68896,-0.877189,3.49341,-0.054727,-0.000686513,-0.020152,0.386924,0,0,0
38.9279,2,-2.22064,-0.875629,5.09915,0.000191155,-5.8057e-05,-0.0857789,0.346606,0,0,0
38.9279,3,0,0,0,0,0,0,0,0,0,0
38.9279,4,0,0,0,0,0,0,0,0,0,0
38.9279,5,0,0,0,0,0,0,0,0,0,0
38.9884,0,0.640606,-0.873329,6.77547,-0.0186439,-0.00192387,0.00760911,0.400073,0,0,0
38.9884,1,0.685885,-0.877478,3.4923,-0.0585872,-0.00146167,-0.01945,0.386924,0,0,0
38.9884,2,-2.22064,-0.875631,5.09596,0.000262329,-5.74946e-05,-0.0825473,0.346606,0,0,0
38.9884,3,0,0,0,0,0,0,0,0,0,0
38.9884,4,0,0,0,0,0,0,0,0,0,0
38.9884,5,0,0,0,0,0,0,0,0,0,0
39.0503,0,0.639967,-0.873358,6.77595,-0.0179854,-0.00174084,0.00919011,0.400073,0,0,0
39.0503,1,0.6839,-0.87746,3.49172,-0.0572581,-0.0013797,-0.0179344,0.38752,0,0,0
39.0503,2,-2.22056,-0.875643,5.09028,0.000586615,-0.00011046,-0.0806146,0.347296,0,0,0
39.0503,3,0,0,0,0,0,0,0,0,0,0
39.0503,4,0,0,0,0,0,0,0,0,0,0
39.0503,5,0,0,0,0,0,0,0,0,0,0
39.1031,0,0.639493,-0.873399,6.77661,-0.0166818,-0.00164515,0.0106606,0.401236,0,0,0
39.1031,1,0.682448,-0.877594,3.49072,-0.0548774,-0.00187651,-0.0167652,0.38752,0,0,0
39.1031,2,-2.2204,-0.875662,5.08389,0.00111698,-0.0001884,-0.0788975,0.347296,0,0,0
39.1031,3,0,0,0,0,0,0,0,0,0,0
39.1031,4,0,0,0,0,0,0,0,0,0,0
39.1031,5,0,0,0,0,0,0,0,0,0,0
39.1609,0,0.638086,-0.87342,6.77729,-0.0162954,-0.00123603,0.0117208,0.401236,0,0,0
39.1609,1,0.680484,-0.877467,3.49023,-0.0535123,-0.00126325,-0.0159902,0.388758,0,0,0
39.1609,2,-2.22033,-0.87566,5.07953,0.001243,-0.000162867,-0.0770072,0.348315,0,0,0
39.1609,3,0,0,0,0,0,0,0,0,0,0
39.1609,4,0,0,0,0,0,0,0,0,0,0
39.1609,5,0,0,0,0,0,0,0,0,0,0
39.2187,0,0.637773,-0.873413,6.77735,-0.0149756,-0.00106731,0.0117945,0.402508,0,0,0
39.2187,1,0.678263,-0.877334,3.48942,-0.0538136,-0.000604935,-0.0149001,0.388758,0,0,0
39.2187,2,-2.22005,-0.875689,5.07661,0.00209119,-0.000281635,-0.0747001,0.348315,0,0,0
39.2187,3,0,0,0,0,0,0,0,0,0,0
39.2187,4,0,0,0,0,0,0,0,0,0,0
39.2187,5,0,0,0,0,0,0,0,0,0,0
39.2742,0,0.637702,-0.873368,6.77791,-0.0130652,-0.000834293,0.0117333,0.402508,0,0,0
39.2742,1,0.676377,-0.877368,3.48847,-0.0531268,-0.000697492,-0.0139483,0.389936,0,0,0
39.2742,2,-2.21988,-0.875639,5.07223,0.00239308,-9.68305e-05,-0.0699316,0.348894,0,0,0
39.2742,3,0,0,0,0,0,0,0,0,0,0
39.2742,4,0,0,0,0,0,0,0,0,0,0
39.2742,5,0,0,0,0,0,0,0,0,0,0
39.327,0,0.637494,-0.873283,6.77901,-0.0118067,-0.000465357,0.0116864,0.403109,0,0,0
39.327,1,0.67376,-0.877179,3.48775,-0.0543031,0.000154883,-0.0131309,0.389936,0,0,0
39.327,2,-2.21969,-0.875574,5.06574,0.00269468,0.000131555,-0.0570214,0.348894,0,0,0
39.327,3,0,0,0,0,0,0,0,0,0,0
39.327,4,0,0,0,0,0,0,0,0,0,0
39.327,5,0,0,0,0,0,0,0,0,0,0
39.3827,0,0.637712,-0.873219,6.77952,-0.00919483,-0.000248585,0.00974958,0.403109,0,0,0
39.3827,1,0.672085,-0.877511,3.48719,-0.0522037,-0.00118128,-0.0124806,0.390312,0,0,0
39.3827,2,-2.21921,-0.87567,5.0645,0.00397832,-0.000306703,-0.0286324,0.349747,0,0,0
39.3827,3,0,0,0,0,0,0,0,0,0,0
39.3827,4,0,0,0,0,0,0,0,0,0,0
39.3827,5,0,0,0,0,0,0,0,0,0,0
39.4379,0,0.637653,-0.873129,6.77954,-0.00778385,7.10383e-05,0.00877971,0.404721,0,0,0
39.4379,1,0.670781,-0.877188,3.48649,-0.0492209,-0.000120392,-0.0111444,0.390312,0,0,0
39.4379,2,-2.21898,-0.875602,5.06499,0.00418315,-2.96667e-05,0.0107092,0.349747,0,0,0
39.4379,3,0,0,0,0,0,0,0,0,0,0
39.4379,4,0,0,0,0,0,0,0,0,0,0
39.4379,5,0,0,0,0,0,0,0,0,0,0
39.4962,0,0.637302,-0.873089,6.78033,-0.00761196,0.0002226,0.00770375,0.404721,0,0,0
39.4962,1,0.66874,-0.877051,3.48596,-0.0485023,-0.000466662,-0.0103677,0.391206,0,0,0
39.4962,2,-2.21875,-0.875566,5.06718,0.00447304,9.61283e-05,0.0312766,0.349178,0,0,0
39.4962,3,0,0,0,0,0,0,0,0,0,0
39.4962,4,0,0,0,0,0,0,0,0,0,0
39.4962,5,0,0,0,0,0,0,0,0,0,0
39.5497,0,0.637539,-0.873013,6.78022,-0.00549365,0.000409927,0.0061263,0.405523,0,0,0
39.5497,1,0.667532,-0.877072,3.48547,-0.0457569,-0.00057126,-0.00941268,0.391206,0,0,0
39.5497,2,-2.21852,-0.875581,5.07133,0.00479772,2.49591e-05,0.0739218,0.349178,0,0,0
39.5497,3,0,0,0,0,0,0,0,0,0,0
39.5497,4,0,0,0,0,0,0,0,0,0,0
39.5497,5,0,0,0,0,0,0,0,0,0,0
39.6024,0,0.637494,-0.872963,6.78075,-0.00455101,0.000525725,0.00421188,0.405523,0,0,0
39.6024,1,0.665782,-0.877125,3.48501,-0.0452907,-0.000677234,-0.00868148,0.391852,0,0,0
39.6024,2,-2.21824,-0.875553,5.07593,0.00515607,0.000105314,0.0921121,0.347691,0,0,0
39.6024,3,0,0,0,0,0,0,0,0,0,0
39.6024,4,0,0,0,0,0,0,0,0,0,0
39.6024,5,0,0,0,0,0,0,0,0,0,0
39.6576,0,0.637408,-0.872943,6.78088,-0.00389417,0.00052241,0.00306977,0.40595,0,0,0
39.6576,1,0.665116,-0.876983,3.48458,-0.0410801,-0.000325172,-0.00778926,0.391852,0,0,0
39.6576,2,-2.21822,-0.875495,5.08212,0.00456164,0.000321392,0.108008,0.347691,0,0,0
39.6576,3,0,0,0,0,0,0,0,0,0,0
39.6576,4,0,0,0,0,0,0,0,0,0,0
39.6576,5,0,0,0,0,0,0,0,0,0,0
39.7155,0,0.63736,-0.872904,6.78094,-0.00321476,0.000578974,0.0019165,0.40595,0,0,0
39.7155,1,0.663498,-0.876831,3.48422,-0.0404136,0.000287493,-0.00705318,0.392477,0,0,0
39.7155,2,-2.21821,-0.875469,5.08726,0.00397391,0.000414078,0.120662,0.34589,0,0,0
39.7155,3,0,0,0,0,0,0,0,0,0,0
39.7155,4,0,0,0,0,0,0,0,0,0,0
39.7155,5,0,0,0,0,0,0,0,0,0,0
39.7742,0,0.637323,-0.872867,6.78095,-0.00259316,0.00062418,0.000740295,0.40613,0,0,0
39.7742,1,0.662366,-0.876798,3.48389,-0.0383549,0.000305325,-0.00622628,0.392477,0,0,0
39.7742,2,-2.21833,-0.875539,5.08996,0.00302882,0.000179035,0.128127,0.34589,0,0,0
39.7742,3,0,0,0,0,0,0,0,0,0,0
39.7742,4,0,0,0,0,0,0,0,0,0,0
39.7742,5,0,0,0,0,0,0,0,0,0,0
39.8309,0,0.637253,-0.872859,6.78092,-0.00217429,0.000577249,-0.000233298,0.40613,0,0,0
39.8309,1,0.661266,-0.876815,3.48368,-0.0364465,0.000138181,-0.00198121,0.392897,0,0,0
39.8309,2,-2.21854,-0.875504,5.09934,0.00178018,0.000276925,0.125976,0.345115,0,0,0
39.8309,3,0,0,0,0,0,0,0,0,0,0
39.8309,4,0,0,0,0,0,0,0,0,0,0
39.8309,5,0,0,0,0,0,0,0,0,0,0
39.8862,0,0.637253,-0.872859,6.78092,-0.00217429,0.000577249,-0.000233298,0.406109,0,0,0
39.8862,1,0.660239,-0.876726,3.48407,-0.0345045,0.000349678,0.0115444,0.392897,0,0,0
39.8862,2,-2.21881,-0.875496,5.1084,0.000458882,0.000308232,0.123821,0.345115,0,0,0
39.8862,3,0,0,0,0,0,0,0,0,0,0
39.8862,4,0,0,0,0,0,0,0,0,0,0
39.8862,5,0,0,0,0,0,0,0,0,0,0
39.944,0,0.637078,-0.87286,6.7808,-0.00162024,0.000447638,-0.00132367,0.406109,0,0,0
39.944,1,0.659904,-0.876578,3.48535,-0.0305654,0.000616146,0.0277101,0.39252,0,0,0
39.944,2,-2.21906,-0.875474,5.11337,-0.000572564,0.000381988,0.126715,0.344212,0,0,0
39.944,3,0,0,0,0,0,0,0,0,0,0
39.944,4,0,0,0,0,0,0,0,0,0,0
39.944,5,0,0,0,0,0,0,0,0,0,0
40.0042,0,0.637078,-0.87286,6.7808,-0.00162024,0.000447638,-0.00132367,0.405982,0,0,0
40.0042,1,0.659916,-0.876701,3.48739,-0.0268908,-0.000122424,0.0472348,0.39252,0,0,0
40.0042,2,-2.21941,-0.875411,5.12098,-0.00178879,0.000614566,0.121581,0.344212,0,0,0
40.0042,3,0,0,0,0,0,0,0,0,0,0
40.0042,4,0,0,0,0,0,0,0,0,0,0
40.0042,5,0,0,0,0,0,0,0,0,0,0
40.0615,0,0.636705,-0.872908,6.78066,-0.00190202,0.000231421,-0.00218519,0.405982,0,0,0
40.0615,1,0.660494,-0.877004,3.49006,-0.0218513,-0.00151308,0.0614135,0.389183,0,0,0
40.0615,2,-2.21964,-0.875465,5.12626,-0.00242754,0.000372048,0.108722,0.344431,0,0,0
40.0615,3,0,0,0,0,0,0,0,0,0,0
40.0615,4,0,0,0,0,0,0,0,0,0,0
40.0615,5,0,0,0,0,0,0,0,0,0,0
40.1217,0,0.636423,-0.872957,6.78053,-0.0023638,7.97097e-05,-0.00245193,0.405838,0,0,0
40.1217,1,0.662518,-0.877113,3.49373,-0.012654,-0.00240379,0.0771712,0.389183,0,0,0
40.1217,2,-2.21994,-0.875494,5.13146,-0.00319,0.000255834,0.109477,0.344431,0,0,0
40.1217,3,0,0,0,0,0,0,0,0,0,0
40.1217,4,0,0,0,0,0,0,0,0,0,0
40.1217,5,0,0,0,0,0,0,0,0,0,0
40.1795,0,0.636185,-0.873007,6.78041,-0.00252031,-6.609e-05,-0.00258339,0.405838,0,0,0
40.1795,1,0.663595,-0.875726,3.49929,-0.00807036,0.00213914,0.0850674,0.383119,0,0,0
40.1795,2,-2.22016,-0.875472,5.13341,-0.00355005,0.000302799,0.101362,0.345002,0,0,0
40.1795,3,0,0,0,0,0,0,0,0,0,0
40.1795,4,0,0,0,0,0,0,0,0,0,0
40.1795,5,0,0,0,0,0,0,0,0,0,0
40.2398,0,0.635905,-0.87308,6.78025,-0.00288872,-0.000260275,-0.00262838,0.405569,0,0,0
40.2398,1,0.669992,-0.876623,3.50375,0.01494,-0.00168222,0.0880712,0.373971,0,0,0
40.2398,2,-2.22041,-0.875459,5.13963,-0.00392297,0.000376657,0.100668,0.345002,0,0,0
40.2398,3,0,0,0,0,0,0,0,0,0,0
40.2398,4,0,0,0,0,0,0,0,0,0,0
40.2398,5,0,0,0,0,0,0,0,0,0,0
40.29,0,0.635905,-0.87308,6.78025,-0.00288872,-0.000260275,-0.00262838,0.405569,0,0,0
40.29,1,0.67437,-0.875406,3.50453,0.0297765,0.00223428,0.0692761,0.373971,0,0,0
40.29,2,-2.22054,-0.87546,5.14526,-0.00380014,0.00029492,0.0853165,0.345723,0,0,0
40.29,3,0,0,0,0,0,0,0,0,0,0
40.29,4,0,0,0,0,0,0,0,0,0,0
40.29,5,0,0,0,0,0,0,0,0,0,0
40.3401,0,0.635597,-0.873166,6.78011,-0.00324998,-0.000471186,-0.00263301,0.405256,0,0,0
40.3401,1,0.681883,-0.876383,3.50853,0.0540863,-0.00266248,0.0488025,0.370857,0,0,0
40.3401,2,-2.22073,-0.875448,5.14779,-0.00388769,0.000289339,0.0650857,0.345723,0,0,0
40.3401,3,0,0,0,0,0,0,0,0,0,0
40.3401,4,0,0,0,0,0,0,0,0,0,0
40.3401,5,0,0,0,0,0,0,0,0,0,0
40.391,0,0.635225,-0.873201,6.77996,-0.00375622,-0.000462003,-0.00259305,0.405256,0,0,0
40.391,1,0.687539,-0.875946,3.51019,0.067086,-0.0012458,0.0314929,0.370857,0,0,0
40.391,2,-2.22069,-0.875514,5.14745,-0.00307398,-1.1684e-05,0.0398937,0.346481,0,0,0
40.391,3,0,0,0,0,0,0,0,0,0,0
40.391,4,0,0,0,0,0,0,0,0,0,0
40.391,5,0,0,0,0,0,0,0,0,0,0
40.444,0,0.634992,-0.873283,6.77982,-0.003814,-0.000663992,-0.00252375,0.404943,0,0,0
40.444,1,0.698462,-0.877116,3.51193,0.0959523,-0.00621288,0.00571896,0.370857,0,0,0
40.444,2,-2.22065,-0.875464,5.14746,-0.00244669,0.000106267,-0.0215155,0.346481,0,0,0
40.444,3,0,0,0,0,0,0,0,0,0,0
40.444,4,0,0,0,0,0,0,0,0,0,0
40.444,5,0,0,0,0,0,0,0,0,0,0
40.5048,0,0.63474,-0.873328,6.77959,-0.00393376,-0.000695406,-0.00263652,0.404943,0,0,0
40.5048,1,0.70363,-0.875473,3.51182,0.0996832,0.000309762,-0.00893504,0.370436,0,0,0
40.5048,2,-2.22065,-0.875495,5.14544,-0.00206643,-5.22298e-05,-0.0348619,0.346384,0,0,0
40.5048,3,0,0,0,0,0,0,0,0,0,0
40.5048,4,0,0,0,0,0,0,0,0,0,0
40.5048,5,0,0,0,0,0,0,0,0,0,0
40.5601,0,0.634261,-0.873386,6.77949,-0.00482592,-0.000705687,-0.00247244,0.404602,0,0,0
40.5601,1,0.707054,-0.874864,3.51131,0.0967271,0.00269114,-0.0208318,0.370436,0,0,0
40.5601,2,-2.22059,-0.875491,5.1412,-0.0015703,-8.01798e-05,-0.076054,0.346384,0,0,0
40.5601,3,0,0,0,0,0,0,0,0,0,0
40.5601,4,0,0,0,0,0,0,0,0,0,0
40.5601,5,0,0,0,0,0,0,0,0,0,0
40.6158,0,0.633953,-0.873463,6.7794,-0.00494886,-0.000835314,-0.00224889,0.404602,0,0,0
40.6158,1,0.711279,-0.874955,3.51003,0.0963491,0.00202011,-0.0296875,0.37283,0,0,0
40.6158,2,-2.22053,-0.875448,5.13751,-0.00118067,4.78398e-05,-0.0954747,0.345972,0,0,0
40.6158,3,0,0,0,0,0,0,0,0,0,0
40.6158,4,0,0,0,0,0,0,0,0,0,0
40.6158,5,0,0,0,0,0,0,0,0,0,0
40.6716,0,0.63352,-0.873552,6.77931,-0.00553696,-0.000949739,-0.00205719,0.404397,0,0,0
40.6716,1,0.714351,-0.874523,3.50838,0.0919527,0.00341061,-0.0346054,0.37283,0,0,0
40.6716,2,-2.2205,-0.875455,5.13132,-0.00090396,-8.43697e-06,-0.104833,0.345972,0,0,0
40.6716,3,0,0,0,0,0,0,0,0,0,0
40.6716,4,0,0,0,0,0,0,0,0,0,0
40.6716,5,0,0,0,0,0,0,0,0,0,0
40.727,0,0.633224,-0.873647,6.7793,-0.00546615,-0.00110715,-0.00171622,0.404397,0,0,0
40.727,1,0.715111,-0.874155,3.50623,0.0796574,0.00487385,-0.0361133,0.377348,0,0,0
40.727,2,-2.22049,-0.875445,5.12574,-0.000787074,7.23117e-06,-0.112113,0.345556,0,0,0
40.727,3,0,0,0,0,0,0,0,0,0,0
40.727,4,0,0,0,0,0,0,0,0,0,0
40.727,5,0,0,0,0,0,0,0,0,0,0
40.7907,0,0.632938,-0.873716,6.77922,-0.00548266,-0.00116889,-0.00165326,0.404303,0,0,0
40.7907,1,0.714454,-0.874131,3.50486,0.0656541,0.00521558,-0.034955,0.377348,0,0,0
40.7907,2,-2.22051,-0.875441,5.12072,-0.000747842,1.12956e-05,-0.112472,0.345536,0,0,0
40.7907,3,0,0,0,0,0,0,0,0,0,0
40.7907,4,0,0,0,0,0,0,0,0,0,0
40.7907,5,0,0,0,0,0,0,0,0,0,0
40.8517,0,0.632751,-0.873744,6.77907,-0.00516076,-0.00110824,-0.00160725,0.404303,0,0,0
40.8517,1,0.712876,-0.874535,3.50271,0.0495462,0.00386766,-0.0350561,0.380798,0,0,0
40.8517,2,-2.22059,-0.875418,5.1145,-0.000926668,9.60758e-05,-0.110591,0.345536,0,0,0
40.8517,3,0,0,0,0,0,0,0,0,0,0
40.8517,4,0,0,0,0,0,0,0,0,0,0
40.8517,5,0,0,0,0,0,0,0,0,0,0
40.9019,0,0.632452,-0.873744,6.77908,-0.00527896,-0.00091838,-0.00132548,0.404146,0,0,0
40.9019,1,0.710178,-0.874712,3.50139,0.0326429,0.0037717,-0.0297017,0.380798,0,0,0
40.9019,2,-2.22072,-0.875423,5.10837,-0.00118368,7.92898e-05,-0.105086,0.346119,0,0,0
40.9019,3,0,0,0,0,0,0,0,0,0,0
40.9019,4,0,0,0,0,0,0,0,0,0,0
40.9019,5,0,0,0,0,0,0,0,0,0,0
40.9627,0,0.63228,-0.873798,6.77897,-0.00487712,-0.000965293,-0.00120541,0.404146,0,0,0
40.9627,1,0.707866,-0.875008,3.50032,0.0190496,0.00281504,-0.0269626,0.383194,0,0,0
40.9627,2,-2.22085,-0.875422,5.10451,-0.00135953,9.37793e-05,-0.0994106,0.346119,0,0,0
40.9627,3,0,0,0,0,0,0,0,0,0,0
40.9627,4,0,0,0,0,0,0,0,0,0,0
40.9627,5,0,0,0,0,0,0,0,0,0,0
41.0132,0,0.632168,-0.873797,6.77895,-0.00434564,-0.000831712,-0.000805778,0.404016,0,0,0
41.0132,1,0.704738,-0.874301,3.49874,0.00465715,0.00585726,-0.0268602,0.383194,0,0,0
41.0132,2,-2.22102,-0.875413,5.09833,-0.00167813,0.000128081,-0.1009,0.347047,0,0,0
41.0132,3,0,0,0,0,0,0,0,0,0,0
41.0132,4,0,0,0,0,0,0,0,0,0,0
41.0132,5,0,0,0,0,0,0,0,0,0,0
41.0684,0,0.631841,-0.873791,6.779,-0.00467392,-0.00063112,0.000986486,0.404016,0,0,0
41.0684,1,0.701383,-0.875429,3.49782,-0.0080447,0.00193255,-0.0222683,0.384619,0,0,0
41.0684,2,-2.22124,-0.875435,5.09451,-0.00205597,5.8893e-05,-0.0883905,0.347047,0,0,0
41.0684,3,0,0,0,0,0,0,0,0,0,0
41.0684,4,0,0,0,0,0,0,0,0,0,0
41.0684,5,0,0,0,0,0,0,0,0,0,0
41.1266,0,0.631671,-0.873814,6.77912,-0.00435829,-0.00060109,0.00160882,0.40418,0,0,0
41.1266,1,0.698773,-0.875859,3.49686,-0.0167102,0.000520732,-0.020399,0.385267,0,0,0
41.1266,2,-2.2214,-0.875445,5.08978,-0.0022248,2.53118e-05,-0.0841305,0.348187,0,0,0
41.1266,3,0,0,0,0,0,0,0,0,0,0
41.1266,4,0,0,0,0,0,0,0,0,0,0
41.1266,5,0,0,0,0,0,0,0,0,0,0
41.1817,0,0.631502,-0.873818,6.77932,-0.00409198,-0.000503213,0.003418,0.40418,0,0,0
41.1817,1,0.69539,-0.875654,3.49568,-0.0264256,0.0016847,-0.0203776,0.385267,0,0,0
41.1817,2,-2.22155,-0.875453,5.08619,-0.00234827,1.09905e-06,-0.0810428,0.348187,0,0,0
41.1817,3,0,0,0,0,0,0,0,0,0,0
41.1817,4,0,0,0,0,0,0,0,0,0,0
41.1817,5,0,0,0,0,0,0,0,0,0,0
41.2379,0,0.631358,-0.873827,6.7795,-0.00303542,-0.000389122,0.004534,0.404371,0,0,0
41.2379,1,0.692484,-0.875781,3.49473,-0.0329415,0.00142574,-0.01886,0.386209,0,0,0
41.2379,2,-2.22163,-0.875476,5.08196,-0.00220043,-9.08849e-05,-0.0787085,0.349296,0,0,0
41.2379,3,0,0,0,0,0,0,0,0,0,0
41.2379,4,0,0,0,0,0,0,0,0,0,0
41.2379,5,0,0,0,0,0,0,0,0,0,0
41.2931,0,0.631266,-0.873814,6.77983,-0.00268183,-0.000269628,0.00550345,0.404371,0,0,0
41.2931,1,0.690043,-0.876118,3.49404,-0.0370729,0.000254262,-0.016657,0.386209,0,0,0
41.2931,2,-2.22165,-0.875467,5.07811,-0.00187716,-7.64437e-05,-0.0770049,0.349296,0,0,0
41.2931,3,0,0,0,0,0,0,0,0,0,0
41.2931,4,0,0,0,0,0,0,0,0,0,0
41.2931,5,0,0,0,0,0,0,0,0,0,0
41.3485,0,0.631074,-0.873782,6.78022,-0.00278821,-8.32397e-05,0.00706187,0.404876,0,0,0
41.3485,1,0.6875,-0.876365,3.49301,-0.0402976,-0.000405008,-0.0167444,0.387076,0,0,0
41.3485,2,-2.22163,-0.875488,5.07362,-0.00146216,-0.000165217,-0.0757291,0.350421,0,0,0
41.3485,3,0,0,0,0,0,0,0,0,0,0
41.3485,4,0,0,0,0,0,0,0,0,0,0
41.3485,5,0,0,0,0,0,0,0,0,0,0
41.4092,0,0.630811,-0.873762,6.78061,-0.0031288,5.70143e-05,0.00767004,0.404876,0,0,0
41.4092,1,0.685901,-0.87655,3.4931,-0.0405346,-0.00102812,-0.015436,0.387076,0,0,0
41.4092,2,-2.22152,-0.875479,5.06964,-0.000797217,-0.000150073,-0.0734537,0.350421,0,0,0
41.4092,3,0,0,0,0,0,0,0,0,0,0
41.4092,4,0,0,0,0,0,0,0,0,0,0
41.4092,5,0,0,0,0,0,0,0,0,0,0
41.467,0,0.630615,-0.873777,6.78107,-0.003182,2.95414e-05,0.00789215,0.405657,0,0,0
41.467,1,0.684185,-0.876599,3.49163,-0.0411259,-0.00105972,-0.0151757,0.387919,0,0,0
41.467,2,-2.22137,-0.875497,5.06603,-0.000123556,-0.000232995,-0.0673386,0.351351,0,0,0
41.467,3,0,0,0,0,0,0,0,0,0,0
41.467,4,0,0,0,0,0,0,0,0,0,0
41.467,5,0,0,0,0,0,0,0,0,0,0
41.5173,0,0.630473,-0.873803,6.78141,-0.00301113,-4.50608e-05,0.00783897,0.405657,0,0,0
41.5173,1,0.682611,-0.876585,3.49092,-0.040527,-0.000922043,-0.0148518,0.387919,0,0,0
41.5173,2,-2.22117,-0.875521,5.06281,0.000589062,-0.000337978,-0.053398,0.351351,0,0,0
41.5173,3,0,0,0,0,0,0,0,0,0,0
41.5173,4,0,0,0,0,0,0,0,0,0,0
41.5173,5,0,0,0,0,0,0,0,0,0,0
41.5702,0,0.630245,-0.87378,6.78181,-0.00320884,7.97744e-05,0.00751293,0.406444,0,0,0
41.5702,1,0.681006,-0.876652,3.49025,-0.0405833,-0.0010595,-0.014105,0.388804,0,0,0
41.5702,2,-2.22093,-0.875438,5.0617,0.00129187,-4.9986e-05,-0.0273095,0.351673,0,0,0
41.5702,3,0,0,0,0,0,0,0,0,0,0
41.5702,4,0,0,0,0,0,0,0,0,0,0
41.5702,5,0,0,0,0,0,0,0,0,0,0
41.623,0,0.630245,-0.87378,6.78181,-0.00320884,7.97744e-05,0.00751293,0.406444,0,0,0
41.623,1,0.678841,-0.876799,3.49024,-0.0425563,-0.0013649,-0.0128338,0.388804,0,0,0
41.623,2,-2.22063,-0.875459,5.06104,0.00221366,-0.000163216,0.00306551,0.351673,0,0,0
41.623,3,0,0,0,0,0,0,0,0,0,0
41.623,4,0,0,0,0,0,0,0,0,0,0
41.623,5,0,0,0,0,0,0,0,0,0,0
41.6785,0,0.629917,-0.87379,6.78226,-0.00368542,9.67687e-05,0.00671326,0.407291,0,0,0
41.6785,1,0.677632,-0.876714,3.4896,-0.0408752,-0.00109143,-0.012148,0.388984,0,0,0
41.6785,2,-2.22037,-0.875472,5.06176,0.00283467,-0.000227376,0.0225629,0.351118,0,0,0
41.6785,3,0,0,0,0,0,0,0,0,0,0
41.6785,4,0,0,0,0,0,0,0,0,0,0
41.6785,5,0,0,0,0,0,0,0,0,0,0
41.7337,0,0.629739,-0.873823,6.78257,-0.00357836,-2.00565e-05,0.0059852,0.407291,0,0,0
41.7337,1,0.676213,-0.876639,3.4884,-0.0399491,-0.000932161,-0.0119022,0.388984,0,0,0
41.7337,2,-2.22021,-0.875462,5.0636,0.00308956,-0.000174073,0.0460064,0.351118,0,0,0
41.7337,3,0,0,0,0,0,0,0,0,0,0
41.7337,4,0,0,0,0,0,0,0,0,0,0
41.7337,5,0,0,0,0,0,0,0,0,0,0
41.7839,0,0.629433,-0.873824,6.78285,-0.00397722,2.14281e-05,0.00499737,0.407877,0,0,0
41.7839,1,0.674084,-0.876678,3.48789,-0.0414579,-0.000919104,-0.0105207,0.390208,0,0,0
41.7839,2,-2.22006,-0.875397,5.06569,0.00329677,5.13141e-05,0.0808932,0.350119,0,0,0
41.7839,3,0,0,0,0,0,0,0,0,0,0
41.7839,4,0,0,0,0,0,0,0,0,0,0
41.7839,5,0,0,0,0,0,0,0,0,0,0
41.8474,0,0.62919,-0.873856,6.78308,-0.00410008,-7.53913e-05,0.00408329,0.407877,0,0,0
41.8474,1,0.673622,-0.876864,3.48739,-0.0369537,-0.00172177,-0.0102005,0.390208,0,0,0
41.8474,2,-2.21975,-0.87539,5.07188,0.00395475,8.5325e-05,0.106631,0.350119,0,0,0
41.8474,3,0,0,0,0,0,0,0,0,0,0
41.8474,4,0,0,0,0,0,0,0,0,0,0
41.8474,5,0,0,0,0,0,0,0,0,0,0
41.9052,0,0.628851,-0.873816,6.78328,-0.00451189,0.000124212,0.00315736,0.408104,0,0,0
41.9052,1,0.672467,-0.876565,3.48697,-0.0357499,-0.000586222,-0.00930156,0.390929,0,0,0
41.9052,2,-2.21959,-0.875362,5.07739,0.00400994,0.000166264,0.120466,0.347866,0,0,0
41.9052,3,0,0,0,0,0,0,0,0,0,0
41.9052,4,0,0,0,0,0,0,0,0,0,0
41.9052,5,0,0,0,0,0,0,0,0,0,0
41.9605,0,0.628635,-0.873866,6.78338,-0.00444618,-4.89131e-05,0.00245012,0.408104,0,0,0
41.9605,1,0.670594,-0.876445,3.48659,-0.0371683,-0.000279215,-0.00804838,0.390929,0,0,0
41.9605,2,-2.21952,-0.875341,5.08445,0.00370625,0.000225429,0.129037,0.347866,0,0,0
41.9605,3,0,0,0,0,0,0,0,0,0,0
41.9605,4,0,0,0,0,0,0,0,0,0,0
41.9605,5,0,0,0,0,0,0,0,0,0,0
42.0107,0,0.628377,-0.873903,6.78348,-0.0045469,-0.000145511,0.00125924,0.408398,0,0,0
42.0107,1,0.668853,-0.87652,3.48624,-0.0377265,-0.000466314,-0.00747163,0.391225,0,0,0
42.0107,2,-2.21954,-0.875321,5.09065,0.00312009,0.000286309,0.130041,0.346903,0,0,0
42.0107,3,0,0,0,0,0,0,0,0,0,0
42.0107,4,0,0,0,0,0,0,0,0,0,0
42.0107,5,0,0,0,0,0,0,0,0,0,0
42.0609,0,0.628162,-0.873899,6.78352,-0.00449631,-9.7424e-05,0.000640808,0.408398,0,0,0
42.0609,1,0.666949,-0.876532,3.48583,-0.0388145,-0.000436031,-0.00710511,0.391225,0,0,0
42.0609,2,-2.21962,-0.875307,5.09905,0.00235474,0.000322475,0.127509,0.346903,0,0,0
42.0609,3,0,0,0,0,0,0,0,0,0,0
42.0609,4,0,0,0,0,0,0,0,0,0,0
42.0609,5,0,0,0,0,0,0,0,0,0,0
42.1152,0,0.628074,-0.873933,6.78351,-0.00399656,-0.000215601,0.000169364,0.408537,0,0,0
42.1152,1,0.665396,-0.876597,3.48552,-0.0381151,-0.000617704,-0.00674978,0.391569,0,0,0
42.1152,2,-2.21974,-0.87532,5.10705,0.00156561,0.00026174,0.122893,0.345596,0,0,0
42.1152,3,0,0,0,0,0,0,0,0,0,0
42.1152,4,0,0,0,0,0,0,0,0,0,0
42.1152,5,0,0,0,0,0,0,0,0,0,0
42.1768,0,0.627825,-0.874021,6.78346,-0.00412582,-0.000471577,-0.000856086,0.408537,0,0,0
42.1768,1,0.664713,-0.876533,3.48521,-0.0344429,-0.00047139,-0.00604555,0.391569,0,0,0
42.1768,2,-2.21994,-0.875312,5.11342,0.000595555,0.000290586,0.114181,0.345596,0,0,0
42.1768,3,0,0,0,0,0,0,0,0,0,0
42.1768,4,0,0,0,0,0,0,0,0,0,0
42.1768,5,0,0,0,0,0,0,0,0,0,0
42.2347,0,0.627316,-0.87402,6.78336,-0.00519395,-0.000347624,-0.00175472,0.408474,0,0,0
42.2347,1,0.663777,-0.876533,3.48502,-0.0321783,-0.000541639,-0.00542213,0.391909,0,0,0
42.2347,2,-2.22016,-0.875288,5.11977,-0.000346897,0.000361197,0.105889,0.345132,0,0,0
42.2347,3,0,0,0,0,0,0,0,0,0,0
42.2347,4,0,0,0,0,0,0,0,0,0,0
42.2347,5,0,0,0,0,0,0,0,0,0,0
42.2901,0,0.626871,-0.87401,6.78324,-0.00582715,-0.00022161,-0.00227952,0.408474,0,0,0
42.2901,1,0.661951,-0.876514,3.48471,-0.0328975,-0.000404324,-0.00518388,0.391909,0,0,0
42.2901,2,-2.22041,-0.875275,5.12475,-0.00124455,0.000398959,0.0980786,0.345132,0,0,0
42.2901,3,0,0,0,0,0,0,0,0,0,0
42.2901,4,0,0,0,0,0,0,0,0,0,0
42.2901,5,0,0,0,0,0,0,0,0,0,0
42.3433,0,0.626614,-0.874061,6.78311,-0.00568031,-0.000359517,-0.00256112,0.408242,0,0,0
42.3433,1,0.662758,-0.876447,3.48448,-0.0300444,-0.000258634,-0.00476742,0.39234,0,0,0
42.3433,2,-2.22064,-0.875285,5.12944,-0.00186094,0.000355821,0.0908184,0.345411,0,0,0
42.3433,3,0,0,0,0,0,0,0,0,0,0
42.3433,4,0,0,0,0,0,0,0,0,0,0
42.3433,5,0,0,0,0,0,0,0,0,0,0
42.3975,0,0.626351,-0.8741,6.78296,-0.00552112,-0.000420642,-0.00276713,0.407967,0,0,0
42.3975,1,0.661306,-0.876098,3.48422,-0.0296793,0.000764635,-0.00436365,0.39234,0,0,0
42.3975,2,-2.22084,-0.87532,5.13477,-0.00235938,0.000195739,0.0825696,0.345411,0,0,0
42.3975,3,0,0,0,0,0,0,0,0,0,0
42.3975,4,0,0,0,0,0,0,0,0,0,0
42.3975,5,0,0,0,0,0,0,0,0,0,0
42.4531,0,0.62612,-0.874138,6.78264,-0.00509157,-0.000461347,-0.00317614,0.407967,0,0,0
42.4531,1,0.660371,-0.876242,3.48399,-0.0288277,0.000125934,-0.00410303,0.392612,0,0,0
42.4531,2,-2.22105,-0.875301,5.13921,-0.00279778,0.000251604,0.0807456,0.345982,0,0,0
42.4531,3,0,0,0,0,0,0,0,0,0,0
42.4531,4,0,0,0,0,0,0,0,0,0,0
42.4531,5,0,0,0,0,0,0,0,0,0,0
42.5041,0,0.625944,-0.874153,6.78248,-0.00477045,-0.000440282,-0.00327864,0.407477,0,0,0
42.5041,1,0.658034,-0.876281,3.48383,-0.0267972,-8.05472e-05,-0.00380569,0.392612,0,0,0
42.5041,2,-2.2212,-0.875313,5.14216,-0.00296009,0.000173233,0.06457,0.345982,0,0,0
42.5041,3,0,0,0,0,0,0,0,0,0,0
42.5041,4,0,0,0,0,0,0,0,0,0,0
42.5041,5,0,0,0,0,0,0,0,0,0,0
42.5602,0,0.625826,-0.874179,6.78234,-0.00428653,-0.000471229,-0.00329998,0.407477,0,0,0
42.5602,1,0.657194,-0.876189,3.48366,-0.0256386,0.000182707,-0.00356549,0.392668,0,0,0
42.5602,2,-2.22128,-0.875326,5.14371,-0.00270978,8.13297e-05,0.0400301,0.346626,0,0,0
42.5602,3,0,0,0,0,0,0,0,0,0,0
42.5602,4,0,0,0,0,0,0,0,0,0,0
42.5602,5,0,0,0,0,0,0,0,0,0,0
42.6131,0,0.625712,-0.874181,6.78235,-0.00387232,-0.000409265,-0.00312176,0.407347,0,0,0
42.6131,1,0.656565,-0.87633,3.48349,-0.0235842,-0.000367065,-0.00335478,0.392668,0,0,0
42.6131,2,-2.22133,-0.87532,5.14352,-0.00242142,6.87202e-05,-0.00322355,0.346626,0,0,0
42.6131,3,0,0,0,0,0,0,0,0,0,0
42.6131,4,0,0,0,0,0,0,0,0,0,0
42.6131,5,0,0,0,0,0,0,0,0,0,0
42.6733,0,0.625641,-0.874193,6.78217,-0.00336735,-0.000394855,-0.00310453,0.407347,0,0,0
42.6733,1,0.656783,-0.876209,3.48347,-0.019463,-0.000179589,-0.0032099,0.392824,0,0,0
42.6733,2,-2.22136,-0.875348,5.14211,-0.00213581,-6.39051e-05,-0.0202538,0.346829,0,0,0
42.6733,3,0,0,0,0,0,0,0,0,0,0
42.6733,4,0,0,0,0,0,0,0,0,0,0
42.6733,5,0,0,0,0,0,0,0,0,0,0
42.7339,0,0.625557,-0.874207,6.78187,-0.00298161,-0.000383991,-0.00324512,0.407347,0,0,0
42.7339,1,0.656032,-0.87625,3.48319,-0.0188814,-0.000299885,-0.00304025,0.392824,0,0,0
42.7339,2,-2.22129,-0.875308,5.13847,-0.0015712,4.68043e-05,-0.0668259,0.346829,0,0,0
42.7339,3,0,0,0,0,0,0,0,0,0,0
42.7339,4,0,0,0,0,0,0,0,0,0,0
42.7339,5,0,0,0,0,0,0,0,0,0,0
42.784,0,0.625491,-0.874225,6.78171,-0.00262786,-0.000395181,-0.00316699,0.406869,0,0,0
42.784,1,0.655018,-0.875982,3.48301,-0.018875,0.000504714,-0.00295877,0.393141,0,0,0
42.784,2,-2.22123,-0.875336,5.13318,-0.00114755,-8.88305e-05,-0.0801801,0.346556,0,0,0
42.784,3,0,0,0,0,0,0,0,0,0,0
42.784,4,0,0,0,0,0,0,0,0,0,0
42.784,5,0,0,0,0,0,0,0,0,0,0
42.8446,0,0.625501,-0.874203,6.78173,-0.00199486,-0.000268651,-0.00282203,0.406727,0,0,0
42.8446,1,0.654118,-0.87591,3.48284,-0.0188286,0.000678211,-0.00281604,0.393141,0,0,0
42.8446,2,-2.22115,-0.875301,5.12949,-0.000780454,1.70427e-05,-0.0999778,0.346556,0,0,0
42.8446,3,0,0,0,0,0,0,0,0,0,0
42.8446,4,0,0,0,0,0,0,0,0,0,0
42.8446,5,0,0,0,0,0,0,0,0,0,0
42.9036,0,0.625455,-0.874213,6.78143,-0.00166878,-0.000257212,-0.00277592,0.406727,0,0,0
42.9036,1,0.653629,-0.875858,3.48272,-0.0174849,0.000722391,-0.00267996,0.393327,0,0,0
42.9036,2,-2.22107,-0.875302,5.12515,-0.000442802,-6.73373e-06,-0.108719,0.346175,0,0,0
42.9036,3,0,0,0,0,0,0,0,0,0,0
42.9036,4,0,0,0,0,0,0,0,0,0,0
42.9036,5,0,0,0,0,0,0,0,0,0,0
42.9614,0,0.625445,-0.874216,6.78134,-0.00131248,-0.000229014,-0.00251755,0.406342,0,0,0
42.9614,1,0.653417,-0.875877,3.48256,-0.0152571,0.000469938,-0.00256198,0.393327,0,0,0
42.9614,2,-2.22103,-0.875298,5.11812,-0.000275136,-6.69984e-06,-0.113556,0.346175,0,0,0
42.9614,3,0,0,0,0,0,0,0,0,0,0
42.9614,4,0,0,0,0,0,0,0,0,0,0
42.9614,5,0,0,0,0,0,0,0,0,0,0
43.0128,0,0.625442,-0.874212,6.78121,-0.000989512,-0.000184909,-0.00251523,0.406342,0,0,0
43.0128,1,0.652911,-0.875787,3.48242,-0.014198,0.000654624,-0.00249343,0.393569,0,0,0
43.0128,2,-2.22103,-0.875293,5.1129,-0.000244633,-9.15474e-07,-0.113253,0.346096,0,0,0
43.0128,3,0,0,0,0,0,0,0,0,0,0
43.0128,4,0,0,0,0,0,0,0,0,0,0
43.0128,5,0,0,0,0,0,0,0,0,0,0
43.065,0,0.625434,-0.874218,6.78109,-0.000705901,-0.000171471,-0.00237341,0.406088,0,0,0
43.065,1,0.652558,-0.875764,3.48233,-0.0128688,0.000570089,-0.00241921,0.393569,0,0,0
43.065,2,-2.22103,-0.875293,5.1129,-0.000244633,-9.15474e-07,-0.113253,0.346096,0,0,0
43.065,3,0,0,0,0,0,0,0,0,0,0
43.065,4,0,0,0,0,0,0,0,0,0,0
43.065,5,0,0,0,0,0,0,0,0,0,0
43.1259,0,0.62544,-0.874208,6.7811,-0.000423997,-0.000107576,-0.00214663,0.406088,0,0,0
43.1259,1,0.652042,-0.875643,3.48218,-0.0123231,0.000884977,-0.00234949,0.393745,0,0,0
43.1259,2,-2.22112,-0.875319,5.10194,-0.000397052,-8.52151e-05,-0.102382,0.346455,0,0,0
43.1259,3,0,0,0,0,0,0,0,0,0,0
43.1259,4,0,0,0,0,0,0,0,0,0,0
43.1259,5,0,0,0,0,0,0,0,0,0,0
43.1853,0,0.625439,-0.874205,6.78098,-0.00023242,-7.50996e-05,-0.00202074,0.405984,0,0,0
43.1853,1,0.651704,-0.875627,3.48207,-0.0111913,0.000771929,-0.00230331,0.393745,0,0,0
43.1853,2,-2.22132,-0.875316,5.09572,-0.00093931,-5.705e-05,-0.0959824,0.346455,0,0,0
43.1853,3,0,0,0,0,0,0,0,0,0,0
43.1853,4,0,0,0,0,0,0,0,0,0,0
43.1853,5,0,0,0,0,0,0,0,0,0,0
43.2382,0,0.625436,-0.874205,6.78079,-7.70961e-05,-5.35731e-05,-0.00205185,0.405984,0,0,0
43.2382,1,0.651376,-0.875607,3.48196,-0.0100894,0.000689538,-0.00225416,0.393925,0,0,0
43.2382,2,-2.22157,-0.875296,5.09141,-0.00153886,2.51527e-05,-0.0890312,0.347558,0,0,0
43.2382,3,0,0,0,0,0,0,0,0,0,0
43.2382,4,0,0,0,0,0,0,0,0,0,0
43.2382,5,0,0,0,0,0,0,0,0,0,0
43.2887,0,0.625436,-0.874204,6.78061,7.66977e-05,-3.08254e-05,-0.00292494,0.405606,0,0,0
43.2887,1,0.650995,-0.875561,3.48185,-0.00934901,0.000732397,-0.00221331,0.393925,0,0,0
43.2887,2,-2.22179,-0.875306,5.0865,-0.00199872,-3.91205e-06,-0.0838703,0.347558,0,0,0
43.2887,3,0,0,0,0,0,0,0,0,0,0
43.2887,4,0,0,0,0,0,0,0,0,0,0
43.2887,5,0,0,0,0,0,0,0,0,0,0
43.3492,0,0.625447,-0.874201,6.78001,0.000385105,-8.46823e-06,-0.0109322,0.405606,0,0,0
43.3492,1,0.650493,-0.875564,3.48172,-0.00923595,0.000632291,-0.00216985,0.394101,0,0,0
43.3492,2,-2.22179,-0.875306,5.0865,-0.00199872,-3.91205e-06,-0.0838703,0.348925,0,0,0
43.3492,3,0,0,0,0,0,0,0,0,0,0
43.3492,4,0,0,0,0,0,0,0,0,0,0
43.3492,5,0,0,0,0,0,0,0,0,0,0
43.4058,0,0.625743,-0.874208,6.77828,0.00211238,-3.48299e-05,-0.0282754,0.403282,0,0,0
43.4058,1,0.650069,-0.875494,3.48168,-0.00887132,0.000761306,0.00168363,0.394101,0,0,0
43.4058,2,-2.2223,-0.87531,5.07804,-0.00286607,4.03006e-06,-0.073075,0.350458,0,0,0
43.4058,3,0,0,0,0,0,0,0,0,0,0
43.4058,4,0,0,0,0,0,0,0,0,0,0
43.4058,5,0,0,0,0,0,0,0,0,0,0
43.4642,0,0.626836,-0.874398,6.77778,0.00693359,-0.000906881,-0.04476,0.403282,0,0,0
43.4642,1,0.649791,-0.87551,3.48206,-0.00826457,0.000569881,0.0132821,0.394122,0,0,0
43.4642,2,-2.22248,-0.875321,5.07474,-0.0030215,-3.28503e-05,-0.0616657,0.350458,0,0,0
43.4642,3,0,0,0,0,0,0,0,0,0,0
43.4642,4,0,0,0,0,0,0,0,0,0,0
43.4642,5,0,0,0,0,0,0,0,0,0,0
43.5245,0,0.628271,-0.874444,6.77521,0.0125243,-0.00116361,-0.060142,0.400225,0,0,0
43.5245,1,0.649749,-0.875472,3.48303,-0.00725611,0.000548576,0.0275349,0.394122,0,0,0
43.5245,2,-2.22255,-0.875332,5.07231,-0.00287457,-7.9239e-05,-0.0428339,0.350458,0,0,0
43.5245,3,0,0,0,0,0,0,0,0,0,0
43.5245,4,0,0,0,0,0,0,0,0,0,0
43.5245,5,0,0,0,0,0,0,0,0,0,0
43.58,0,0.631279,-0.874991,6.77127,0.0224248,-0.00338235,-0.0723097,0.400225,0,0,0
43.58,1,0.650293,-0.87572,3.48556,-0.0049378,-0.000594114,0.0476697,0.392746,0,0,0
43.58,2,-2.22261,-0.875344,5.0711,-0.00266664,-0.000134241,-0.0184873,0.351092,0,0,0
43.58,3,0,0,0,0,0,0,0,0,0,0
43.58,4,0,0,0,0,0,0,0,0,0,0
43.58,5,0,0,0,0,0,0,0,0,0,0
43.6367,0,0.640952,-0.875232,6.7631,0.049007,-0.00492703,-0.0891316,0.392541,0,0,0
43.6367,1,0.651951,-0.875717,3.48872,0.000657761,-0.000893918,0.0658366,0.392746,0,0,0
43.6367,2,-2.22259,-0.875318,5.07101,-0.0025997,-4.64521e-05,0.0122911,0.351758,0,0,0
43.6367,3,0,0,0,0,0,0,0,0,0,0
43.6367,4,0,0,0,0,0,0,0,0,0,0
43.6367,5,0,0,0,0,0,0,0,0,0,0
43.6874,0,0.647225,-0.874273,6.75817,0.0639233,-0.00192059,-0.0926247,0.392541,0,0,0
43.6874,1,0.654272,-0.875527,3.49235,0.00784596,-0.000519529,0.0796112,0.383767,0,0,0
43.6874,2,-2.22264,-0.875317,5.0728,-0.00235145,-4.85323e-05,0.0426332,0.351758,0,0,0
43.6874,3,0,0,0,0,0,0,0,0,0,0
43.6874,4,0,0,0,0,0,0,0,0,0,0
43.6874,5,0,0,0,0,0,0,0,0,0,0
43.7376,0,0.647225,-0.874273,6.75817,0.0639233,-0.00192059,-0.0926247,0.383811,0,0,0
43.7376,1,0.658177,-0.876293,3.49669,0.019661,-0.00444732,0.0902331,0.383767,0,0,0
43.7376,2,-2.22266,-0.875312,5.07621,-0.00196791,-3.95189e-05,0.0703054,0.351758,0,0,0
43.7376,3,0,0,0,0,0,0,0,0,0,0
43.7376,4,0,0,0,0,0,0,0,0,0,0
43.7376,5,0,0,0,0,0,0,0,0,0,0
43.7958,0,0.661377,-0.871851,6.74331,0.0886732,0.0059198,-0.0948728,0.383811,0,0,0
43.7958,1,0.661264,-0.876214,3.50068,0.0271041,-0.00392204,0.0954976,0.379759,0,0,0
43.7958,2,-2.2227,-0.875307,5.08076,-0.00169156,-2.48068e-05,0.0930282,0.351068,0,0,0
43.7958,3,0,0,0,0,0,0,0,0,0,0
43.7958,4,0,0,0,0,0,0,0,0,0,0
43.7958,5,0,0,0,0,0,0,0,0,0,0
43.8522,0,0.661377,-0.871851,6.74331,0.0886732,0.0059198,-0.0948728,0.370119,0,0,0
43.8522,1,0.666161,-0.876,3.50447,0.0398109,-0.00415707,0.0933544,0.379759,0,0,0
43.8522,2,-2.2227,-0.875307,5.08076,-0.00169156,-2.48068e-05,0.0930282,0.350508,0,0,0
43.8522,3,0,0,0,0,0,0,0,0,0,0
43.8522,4,0,0,0,0,0,0,0,0,0,0
43.8522,5,0,0,0,0,0,0,0,0,0,0
43.9162,0,0.682115,-0.873598,6.73482,0.127403,-0.000787275,-0.0834487,0.370119,0,0,0
43.9162,1,0.674728,-0.874242,3.51019,0.0647365,0.00143387,0.0800445,0.37281,0,0,0
43.9162,2,-2.22286,-0.875284,5.09125,-0.00158658,5.53851e-05,0.119654,0.350508,0,0,0
43.9162,3,0,0,0,0,0,0,0,0,0,0
43.9162,4,0,0,0,0,0,0,0,0,0,0
43.9162,5,0,0,0,0,0,0,0,0,0,0
43.9739,0,0.69445,-0.874451,6.7321,0.151427,-0.00524732,-0.072158,0.364325,0,0,0
43.9739,1,0.686395,-0.876522,3.51476,0.0981029,-0.00843457,0.0579435,0.37281,0,0,0
43.9739,2,-2.22316,-0.87524,5.09811,-0.00204469,0.000219879,0.124497,0.349494,0,0,0
43.9739,3,0,0,0,0,0,0,0,0,0,0
43.9739,4,0,0,0,0,0,0,0,0,0,0
43.9739,5,0,0,0,0,0,0,0,0,0,0
44.0345,0,0.701189,-0.873278,6.72974,0.149604,-0.000229865,-0.0689202,0.364325,0,0,0
44.0345,1,0.69557,-0.875273,3.51747,0.116732,-0.00381279,0.0304499,0.365436,0,0,0
44.0345,2,-2.22319,-0.87527,5.10499,-0.00217415,0.000115085,0.12563,0.349494,0,0,0
44.0345,3,0,0,0,0,0,0,0,0,0,0
44.0345,4,0,0,0,0,0,0,0,0,0,0
44.0345,5,0,0,0,0,0,0,0,0,0,0
44.0899,0,0.71162,-0.873525,6.72708,0.160945,-0.00194451,-0.0541006,0.362833,0,0,0
44.0899,1,0.701913,-0.874943,3.51847,0.122183,-0.002275,0.0102724,0.365436,0,0,0
44.0899,2,-2.22354,-0.875228,5.10961,-0.00261819,0.000220406,0.124294,0.348767,0,0,0
44.0899,3,0,0,0,0,0,0,0,0,0,0
44.0899,4,0,0,0,0,0,0,0,0,0,0
44.0899,5,0,0,0,0,0,0,0,0,0,0
44.1465,0,0.72274,-0.871623,6.72527,0.172566,0.00399603,-0.0407792,0.362833,0,0,0
44.1465,1,0.707829,-0.874488,3.51833,0.124425,-0.000464737,-0.00864547,0.364728,0,0,0
44.1465,2,-2.22367,-0.875277,5.11291,-0.00279259,4.11549e-05,0.119485,0.348767,0,0,0
44.1465,3,0,0,0,0,0,0,0,0,0,0
44.1465,4,0,0,0,0,0,0,0,0,0,0
44.1465,5,0,0,0,0,0,0,0,0,0,0
44.2039,0,0.73298,-0.87384,6.72502,0.183174,-0.00361465,-0.0218971,0.363668,0,0,0
44.2039,1,0.712965,-0.874054,3.51685,0.122626,0.00123781,-0.0348857,0.364728,0,0,0
44.2039,2,-2.22391,-0.875281,5.12007,-0.00325639,3.42522e-05,0.11269,0.348884,0,0,0
44.2039,3,0,0,0,0,0,0,0,0,0,0
44.2039,4,0,0,0,0,0,0,0,0,0,0
44.2039,5,0,0,0,0,0,0,0,0,0,0
44.2591,0,0.728471,-0.872947,6.72556,0.168179,0.000335422,-0.00268307,0.363668,0,0,0
44.2591,1,0.719302,-0.874372,3.51484,0.125982,-0.000329334,-0.0461333,0.368791,0,0,0
44.2591,2,-2.22425,-0.875311,5.12724,-0.00394679,-5.02941e-05,0.10677,0.348884,0,0,0
44.2591,3,0,0,0,0,0,0,0,0,0,0
44.2591,4,0,0,0,0,0,0,0,0,0,0
44.2591,5,0,0,0,0,0,0,0,0,0,0
44.3194,0,0.741561,-0.873399,6.728,0.164149,-0.000849404,0.0183586,0.365515,0,0,0
44.3194,1,0.721858,-0.873707,3.51215,0.114733,0.00267552,-0.0533878,0.368791,0,0,0
44.3194,2,-2.22464,-0.875239,5.13207,-0.00479865,0.000192362,0.0996394,0.349253,0,0,0
44.3194,3,0,0,0,0,0,0,0,0,0,0
44.3194,4,0,0,0,0,0,0,0,0,0,0
44.3194,5,0,0,0,0,0,0,0,0,0,0
44.3702,0,0.735907,-0.872907,6.73056,0.145039,0.00166019,0.0364381,0.365515,0,0,0
44.3702,1,0.723094,-0.873623,3.50914,0.100899,0.00348051,-0.05745,0.375562,0,0,0
44.3702,2,-2.22488,-0.875257,5.13828,-0.00497649,0.000109365,0.091612,0.349253,0,0,0
44.3702,3,0,0,0,0,0,0,0,0,0,0
44.3702,4,0,0,0,0,0,0,0,0,0,0
44.3702,5,0,0,0,0,0,0,0,0,0,0
44.4316,0,0.73706,-0.873937,6.73459,0.127089,-0.00145924,0.0531075,0.372462,0,0,0
44.4316,1,0.722165,-0.87429,3.50645,0.0817575,0.00166704,-0.0573624,0.381141,0,0,0
44.4316,2,-2.22502,-0.875247,5.14414,-0.00485505,0.000118609,0.0925202,0.35013,0,0,0
44.4316,3,0,0,0,0,0,0,0,0,0,0
44.4316,4,0,0,0,0,0,0,0,0,0,0
44.4316,5,0,0,0,0,0,0,0,0,0,0
44.4895,0,0.741244,-0.87384,6.73853,0.105121,-0.000222539,0.0636527,0.372462,0,0,0
44.4895,1,0.72175,-0.873053,3.50322,0.0674676,0.00675289,-0.0590931,0.381141,0,0,0
44.4895,2,-2.22476,-0.875334,5.14744,-0.00333491,-0.000274684,0.0791331,0.35013,0,0,0
44.4895,3,0,0,0,0,0,0,0,0,0,0
44.4895,4,0,0,0,0,0,0,0,0,0,0
44.4895,5,0,0,0,0,0,0,0,0,0,0
44.5473,0,0.736788,-0.874115,6.74177,0.0746693,-0.000269676,0.0686994,0.381662,0,0,0
44.5473,1,0.718139,-0.874376,3.50176,0.0446354,0.00272818,-0.0529655,0.384684,0,0,0
44.5473,2,-2.22482,-0.875251,5.15146,-0.00308328,8.73293e-06,0.0775015,0.350483,0,0,0
44.5473,3,0,0,0,0,0,0,0,0,0,0
44.5473,4,0,0,0,0,0,0,0,0,0,0
44.5473,5,0,0,0,0,0,0,0,0,0,0
44.5975,0,0.727372,-0.874947,6.74602,0.0402923,-0.00223582,0.0690186,0.381662,0,0,0
44.5975,1,0.71484,-0.874173,3.49838,0.0257972,0.00421708,-0.0535867,0.384684,0,0,0
44.5975,2,-2.22423,-0.87535,5.15461,-0.000611,-0.000433728,0.0574242,0.350483,0,0,0
44.5975,3,0,0,0,0,0,0,0,0,0,0
44.5975,4,0,0,0,0,0,0,0,0,0,0
44.5975,5,0,0,0,0,0,0,0,0,0,0
44.664,0,0.72037,-0.874716,6.74921,0.00298114,-4.40325e-05,0.0659193,0.384885,0,0,0
44.664,1,0.710806,-0.875205,3.49613,0.00740089,0.000553341,-0.0496952,0.384684,0,0,0
44.664,2,-2.22403,-0.875156,5.15722,0.000201262,0.000204325,0.0445216,0.350484,0,0,0
44.664,3,0,0,0,0,0,0,0,0,0,0
44.664,4,0,0,0,0,0,0,0,0,0,0
44.664,5,0,0,0,0,0,0,0,0,0,0
44.7167,0,0.710405,-0.875929,6.75196,-0.0313746,-0.00281566,0.0559032,0.386512,0,0,0
44.7167,1,0.707087,-0.875186,3.49349,-0.00779061,0.00129883,-0.0451764,0.388468,0,0,0
44.7167,2,-2.22331,-0.875187,5.15854,0.00260048,1.95606e-05,0.0211738,0.350484,0,0,0
44.7167,3,0,0,0,0,0,0,0,0,0,0
44.7167,4,0,0,0,0,0,0,0,0,0,0
44.7167,5,0,0,0,0,0,0,0,0,0,0
44.7719,0,0.702699,-0.875473,6.75545,-0.0597401,-0.000256926,0.0558889,0.386512,0,0,0
44.7719,1,0.703297,-0.875528,3.49159,-0.0209778,0.000595536,-0.0411901,0.391324,0,0,0
44.7719,2,-2.22248,-0.875101,5.1586,0.00503326,0.000229641,-0.00349031,0.349923,0,0,0
44.7719,3,0,0,0,0,0,0,0,0,0,0
44.7719,4,0,0,0,0,0,0,0,0,0,0
44.7719,5,0,0,0,0,0,0,0,0,0,0
44.8298,0,0.692739,-0.87546,6.75796,-0.0880099,0.000727286,0.0478183,0.386512,0,0,0
44.8298,1,0.700751,-0.875376,3.49195,-0.0279393,0.00142127,-0.036597,0.391324,0,0,0
44.8298,2,-2.22162,-0.875263,5.15753,0.00726231,-0.000343944,-0.0309041,0.349923,0,0,0
44.8298,3,0,0,0,0,0,0,0,0,0,0
44.8298,4,0,0,0,0,0,0,0,0,0,0
44.8298,5,0,0,0,0,0,0,0,0,0,0
44.8877,0,0.683616,-0.876291,6.75944,-0.109066,-0.00154075,0.0350044,0.3889,0,0,0
44.8877,1,0.698152,-0.876659,3.48869,-0.0337838,-0.00298141,-0.0314857,0.393182,0,0,0
44.8877,2,-2.22087,-0.874913,5.15483,0.00869532,0.000739001,-0.0550974,0.348148,0,0,0
44.8877,3,0,0,0,0,0,0,0,0,0,0
44.8877,4,0,0,0,0,0,0,0,0,0,0
44.8877,5,0,0,0,0,0,0,0,0,0,0
44.942,0,0.683616,-0.876291,6.75944,-0.109066,-0.00154075,0.0350044,0.3889,0,0,0
44.942,1,0.69362,-0.8762,3.48698,-0.0459829,-0.000330195,-0.0312683,0.393182,0,0,0
44.942,2,-2.21925,-0.875267,5.15105,0.0127932,-0.0006293,-0.0768935,0.348148,0,0,0
44.942,3,0,0,0,0,0,0,0,0,0,0
44.942,4,0,0,0,0,0,0,0,0,0,0
44.942,5,0,0,0,0,0,0,0,0,0,0
44.9922,0,0.66941,-0.876364,6.76059,-0.127495,-0.00109729,0.0303077,0.388888,0,0,0
44.9922,1,0.69006,-0.87632,3.4871,-0.0524687,-0.000364076,-0.0269815,0.393322,0,0,0
44.9922,2,-2.21903,-0.875043,5.14656,0.0134448,0.000148259,-0.0909349,0.345239,0,0,0
44.9922,3,0,0,0,0,0,0,0,0,0,0
44.9922,4,0,0,0,0,0,0,0,0,0,0
44.9922,5,0,0,0,0,0,0,0,0,0,0
45.0423,0,0.66284,-0.876608,6.76221,-0.133644,-0.00166867,0.0244826,0.388888,0,0,0
45.0423,1,0.687584,-0.876625,3.48575,-0.0540137,-0.00132443,-0.0237668,0.393322,0,0,0
45.0423,2,-2.21794,-0.875189,5.14087,0.0148999,-0.000426506,-0.0999411,0.345239,0,0,0
45.0423,3,0,0,0,0,0,0,0,0,0,0
45.0423,4,0,0,0,0,0,0,0,0,0,0
45.0423,5,0,0,0,0,0,0,0,0,0,0
45.1002,0,0.65562,-0.877377,6.76363,-0.13925,-0.0038083,0.0183726,0.389061,0,0,0
45.1002,1,0.685381,-0.876742,3.48353,-0.0546659,-0.00154553,-0.0219882,0.396102,0,0,0
45.1002,2,-2.2165,-0.874945,5.13636,0.0152207,0.000460469,-0.105911,0.34331,0,0,0
45.1002,3,0,0,0,0,0,0,0,0,0,0
45.1002,4,0,0,0,0,0,0,0,0,0,0
45.1002,5,0,0,0,0,0,0,0,0,0,0
45.166,0,0.648653,-0.876863,6.76491,-0.143241,-0.00175046,0.0138813,0.389061,0,0,0
45.166,1,0.682317,-0.876838,3.48258,-0.0574461,-0.00151311,-0.0183739,0.396102,0,0,0
45.166,2,-2.21638,-0.875022,5.13103,0.0155817,0.000172413,-0.107506,0.34331,0,0,0
45.166,3,0,0,0,0,0,0,0,0,0,0
45.166,4,0,0,0,0,0,0,0,0,0,0
45.166,5,0,0,0,0,0,0,0,0,0,0
45.2161,0,0.639879,-0.876605,6.76571,-0.149344,-0.000654051,0.0106879,0.390627,0,0,0
45.2161,1,0.67928,-0.876635,3.48185,-0.0604203,-0.000426276,-0.0175157,0.396881,0,0,0
45.2161,2,-2.21559,-0.875059,5.12538,0.0158598,7.67975e-06,-0.106697,0.341436,0,0,0
45.2161,3,0,0,0,0,0,0,0,0,0,0
45.2161,4,0,0,0,0,0,0,0,0,0,0
45.2161,5,0,0,0,0,0,0,0,0,0,0
45.2666,0,0.644815,-0.876721,6.76637,-0.131919,-0.00159879,0.00878689,0.390627,0,0,0
45.2666,1,0.677002,-0.876712,3.48117,-0.0597252,-0.000687007,-0.0142564,0.396881,0,0,0
45.2666,2,-2.21502,-0.875046,5.11974,0.0153553,8.95006e-05,-0.104698,0.341436,0,0,0
45.2666,3,0,0,0,0,0,0,0,0,0,0
45.2666,4,0,0,0,0,0,0,0,0,0,0
45.2666,5,0,0,0,0,0,0,0,0,0,0
45.3251,0,0.635098,-0.876735,6.76699,-0.128778,-0.00153623,0.00680857,0.391876,0,0,0
45.3251,1,0.674871,-0.876721,3.4811,-0.0588956,-0.000649562,-0.0134792,0.397044,0,0,0
45.3251,2,-2.21456,-0.875069,5.11398,0.0145303,3.01374e-05,-0.101775,0.340058,0,0,0
45.3251,3,0,0,0,0,0,0,0,0,0,0
45.3251,4,0,0,0,0,0,0,0,0,0,0
45.3251,5,0,0,0,0,0,0,0,0,0,0
45.3853,0,0.635142,-0.876225,6.7674,-0.112628,-0.000445259,0.00538472,0.392535,0,0,0
45.3853,1,0.672767,-0.876788,3.48046,-0.0575865,-0.000828742,-0.0117628,0.397044,0,0,0
45.3853,2,-2.21424,-0.87504,5.1097,0.0132111,0.000180447,-0.0992135,0.340058,0,0,0
45.3853,3,0,0,0,0,0,0,0,0,0,0
45.3853,4,0,0,0,0,0,0,0,0,0,0
45.3853,5,0,0,0,0,0,0,0,0,0,0
45.4381,0,0.639083,-0.876273,6.76793,-0.098259,-0.00104123,0.00425223,0.392535,0,0,0
45.4381,1,0.671242,-0.876749,3.47999,-0.0547871,-0.000726056,-0.0106932,0.39771,0,0,0
45.4381,2,-2.2142,-0.875085,5.10447,0.0113575,8.99429e-05,-0.0970089,0.339581,0,0,0
45.4381,3,0,0,0,0,0,0,0,0,0,0
45.4381,4,0,0,0,0,0,0,0,0,0,0
45.4381,5,0,0,0,0,0,0,0,0,0,0
45.4913,0,0.635248,-0.876273,6.76824,-0.0850489,-0.00139734,0.00316834,0.392535,0,0,0
45.4913,1,0.669108,-0.876643,3.47946,-0.0540528,-0.000235294,-0.00966039,0.39771,0,0,0
45.4913,2,-2.21421,-0.875127,5.09897,0.00940437,8.54317e-06,-0.0942769,0.339581,0,0,0
45.4913,3,0,0,0,0,0,0,0,0,0,0
45.4913,4,0,0,0,0,0,0,0,0,0,0
45.4913,5,0,0,0,0,0,0,0,0,0,0
45.5519,0,0.636672,-0.875239,6.76849,-0.0680016,0.00127187,0.00264777,0.393378,0,0,0
45.5519,1,0.667506,-0.87645,3.47897,-0.0519978,0.000389544,-0.00849037,0.398309,0,0,0
45.5519,2,-2.21433,-0.875133,5.09472,0.00737399,6.03498e-05,-0.0918058,0.34021,0,0,0
45.5519,3,0,0,0,0,0,0,0,0,0,0
45.5519,4,0,0,0,0,0,0,0,0,0,0
45.5519,5,0,0,0,0,0,0,0,0,0,0
45.6132,0,0.642813,-0.874934,6.76864,-0.0463744,0.00165409,0.00253133,0.394048,0,0,0
45.6132,1,0.66531,-0.876637,3.47813,-0.050904,-0.000299376,-0.00753672,0.398309,0,0,0
45.6132,2,-2.21453,-0.875128,5.08988,0.0054097,0.000143388,-0.0898013,0.34021,0,0,0
45.6132,3,0,0,0,0,0,0,0,0,0,0
45.6132,4,0,0,0,0,0,0,0,0,0,0
45.6132,5,0,0,0,0,0,0,0,0,0,0
45.671,0,0.644372,-0.874502,6.76877,-0.0281265,0.00198678,0.00233602,0.394048,0,0,0
45.671,1,0.66375,-0.876595,3.47817,-0.0488655,-0.000196956,-0.00701735,0.398725,0,0,0
45.671,2,-2.21474,-0.875148,5.0852,0.00376064,0.000128499,-0.0882249,0.341341,0,0,0
45.671,3,0,0,0,0,0,0,0,0,0,0
45.671,4,0,0,0,0,0,0,0,0,0,0
45.671,5,0,0,0,0,0,0,0,0,0,0
45.7321,0,0.648648,-0.873652,6.76883,-0.0102863,0.00383778,0.00229547,0.394544,0,0,0
45.7321,1,0.662348,-0.876475,3.47751,-0.0465132,0.000153133,-0.00578702,0.398725,0,0,0
45.7321,2,-2.21502,-0.875174,5.0809,0.00211582,7.60875e-05,-0.0850933,0.341341,0,0,0
45.7321,3,0,0,0,0,0,0,0,0,0,0
45.7321,4,0,0,0,0,0,0,0,0,0,0
45.7321,5,0,0,0,0,0,0,0,0,0,0
45.8009,0,0.653506,-0.873914,6.76895,0.00718646,0.00241243,0.0024041,0.394544,0,0,0
45.8009,1,0.660716,-0.876394,3.47728,-0.0452232,0.00041419,-0.00497434,0.399323,0,0,0
45.8009,2,-2.21522,-0.875184,5.07682,0.000954651,6.42251e-05,-0.0801985,0.342869,0,0,0
45.8009,3,0,0,0,0,0,0,0,0,0,0
45.8009,4,0,0,0,0,0,0,0,0,0,0
45.8009,5,0,0,0,0,0,0,0,0,0,0
45.8562,0,0.656877,-0.873811,6.76906,0.0190146,0.00206121,0.00252424,0.39535,0,0,0
45.8562,1,0.659628,-0.876406,3.47729,-0.0421361,0.000196664,-0.00458563,0.399323,0,0,0
45.8562,2,-2.21543,-0.875168,5.07354,-9.61194e-05,0.000152697,-0.0674086,0.344301,0,0,0
45.8562,3,0,0,0,0,0,0,0,0,0,0
45.8562,4,0,0,0,0,0,0,0,0,0,0
45.8562,5,0,0,0,0,0,0,0,0,0,0
45.9089,0,0.660183,-0.873119,6.76919,0.0287272,0.00393352,0.00266112,0.39535,0,0,0
45.9089,1,0.657405,-0.876373,3.47712,-0.0432203,0.000317385,-0.00412304,0.399204,0,0,0
45.9089,2,-2.21575,-0.875258,5.07175,-0.00134486,-0.000119487,-0.0421531,0.344301,0,0,0
45.9089,3,0,0,0,0,0,0,0,0,0,0
45.9089,4,0,0,0,0,0,0,0,0,0,0
45.9089,5,0,0,0,0,0,0,0,0,0,0
45.9672,0,0.663556,-0.873501,6.76931,0.0371539,0.00172903,0.00273742,0.396194,0,0,0
45.9672,1,0.658333,-0.876316,3.47684,-0.0337007,0.000440228,-0.00319914,0.399204,0,0,0
45.9672,2,-2.21605,-0.875276,5.07017,-0.00227329,-0.000140494,-0.00669854,0.344301,0,0,0
45.9672,3,0,0,0,0,0,0,0,0,0,0
45.9672,4,0,0,0,0,0,0,0,0,0,0
45.9672,5,0,0,0,0,0,0,0,0,0,0
46.0256,0,0.666076,-0.87272,6.76948,0.040984,0.00414953,0.00276306,0.396194,0,0,0
46.0256,1,0.656589,-0.876097,3.4769,-0.033973,0.00122812,0.000904096,0.399351,0,0,0
46.0256,2,-2.21631,-0.875261,5.07053,-0.00294414,-7.13368e-05,0.0273892,0.345427,0,0,0
46.0256,3,0,0,0,0,0,0,0,0,0,0
46.0256,4,0,0,0,0,0,0,0,0,0,0
46.0256,5,0,0,0,0,0,0,0,0,0,0
46.0884,0,0.669499,-0.873265,6.76965,0.0478615,0.00132719,0.0026388,0.397159,0,0,0
46.0884,1,0.655077,-0.876118,3.4776,-0.0337386,0.00100405,0.00998982,0.399351,0,0,0
46.0884,2,-2.21654,-0.875291,5.07277,-0.00337351,-0.000151218,0.0557239,0.345507,0,0,0
46.0884,3,0,0,0,0,0,0,0,0,0,0
46.0884,4,0,0,0,0,0,0,0,0,0,0
46.0884,5,0,0,0,0,0,0,0,0,0,0
46.1507,0,0.671071,-0.872874,6.76985,0.0462753,0.00261336,0.00265937,0.397159,0,0,0
46.1507,1,0.654789,-0.875968,3.47922,-0.0302644,0.00118017,0.0344062,0.396904,0,0,0
46.1507,2,-2.21679,-0.8753,5.0762,-0.00378304,-0.000154622,0.0821575,0.345507,0,0,0
46.1507,3,0,0,0,0,0,0,0,0,0,0
46.1507,4,0,0,0,0,0,0,0,0,0,0
46.1507,5,0,0,0,0,0,0,0,0,0,0
46.2059,0,0.672906,-0.872811,6.77002,0.0464501,0.00249003,0.00263933,0.397917,0,0,0
46.2059,1,0.654894,-0.875982,3.48242,-0.0259108,0.000758509,0.0468725,0.396904,0,0,0
46.2059,2,-2.21707,-0.875265,5.08159,-0.00427219,1.21133e-06,0.103702,0.345253,0,0,0
46.2059,3,0,0,0,0,0,0,0,0,0,0
46.2059,4,0,0,0,0,0,0,0,0,0,0
46.2059,5,0,0,0,0,0,0,0,0,0,0
46.2561,0,0.673349,-0.873089,6.77017,0.0416629,0.00144488,0.00267749,0.397917,0,0,0
46.2561,1,0.655555,-0.876445,3.48574,-0.0203167,-0.00132282,0.0628446,0.393723,0,0,0
46.2561,2,-2.21709,-0.875289,5.08789,-0.00432738,-8.05219e-05,0.115418,0.345253,0,0,0
46.2561,3,0,0,0,0,0,0,0,0,0,0
46.2561,4,0,0,0,0,0,0,0,0,0,0
46.2561,5,0,0,0,0,0,0,0,0,0,0
46.3063,0,0.673594,-0.873208,6.77036,0.0366438,0.00100029,0.00268775,0.39834,0,0,0
46.3063,1,0.657054,-0.876169,3.48884,-0.0129349,-0.000645182,0.0766706,0.393723,0,0,0
46.3063,2,-2.21742,-0.875305,5.09399,-0.00485267,-0.000112529,0.123821,0.344102,0,0,0
46.3063,3,0,0,0,0,0,0,0,0,0,0
46.3063,4,0,0,0,0,0,0,0,0,0,0
46.3063,5,0,0,0,0,0,0,0,0,0,0
46.3604,0,0.672868,-0.873464,6.77049,0.0287684,0.000221943,0.00267271,0.39834,0,0,0
46.3604,1,0.659735,-0.875825,3.49187,-0.00218282,-3.61721e-05,0.0887036,0.387492,0,0,0
46.3604,2,-2.21777,-0.8753,5.09998,-0.00548711,-6.56865e-05,0.126026,0.344102,0,0,0
46.3604,3,0,0,0,0,0,0,0,0,0,0
46.3604,4,0,0,0,0,0,0,0,0,0,0
46.3604,5,0,0,0,0,0,0,0,0,0,0
46.4105,0,0.671613,-0.873501,6.7707,0.0201657,0.000170036,0.00260681,0.398439,0,0,0
46.4105,1,0.663532,-0.876121,3.49486,0.0112434,-0.00185574,0.0980835,0.387492,0,0,0
46.4105,2,-2.21851,-0.875325,5.10531,-0.00659917,-0.000111392,0.12502,0.343685,0,0,0
46.4105,3,0,0,0,0,0,0,0,0,0,0
46.4105,4,0,0,0,0,0,0,0,0,0,0
46.4105,5,0,0,0,0,0,0,0,0,0,0
46.4712,0,0.670226,-0.873932,6.77087,0.0121857,-0.00115948,0.00256814,0.398439,0,0,0
46.4712,1,0.670374,-0.874654,3.5031,0.0349325,0.00249099,0.0950986,0.382085,0,0,0
46.4712,2,-2.21902,-0.875269,5.11249,-0.00752701,9.65903e-05,0.121589,0.343685,0,0,0
46.4712,3,0,0,0,0,0,0,0,0,0,0
46.4712,4,0,0,0,0,0,0,0,0,0,0
46.4712,5,0,0,0,0,0,0,0,0,0,0
46.5264,0,0.668062,-0.874026,6.77103,0.00258464,-0.000973981,0.00231743,0.398363,0,0,0
46.5264,1,0.680851,-0.875155,3.50839,0.06967,-0.000841281,0.0819525,0.382085,0,0,0
46.5264,2,-2.21937,-0.875271,5.1178,-0.0078027,7.9745e-05,0.118371,0.344251,0,0,0
46.5264,3,0,0,0,0,0,0,0,0,0,0
46.5264,4,0,0,0,0,0,0,0,0,0,0
46.5264,5,0,0,0,0,0,0,0,0,0,0
46.5817,0,0.66635,-0.874138,6.77117,-0.00399253,-0.0010173,0.00216004,0.398363,0,0,0
46.5817,1,0.690982,-0.876208,3.51227,0.096489,-0.00550917,0.0644303,0.370839,0,0,0
46.5817,2,-2.21997,-0.875243,5.126,-0.00883819,0.000231101,0.111561,0.344251,0,0,0
46.5817,3,0,0,0,0,0,0,0,0,0,0
46.5817,4,0,0,0,0,0,0,0,0,0,0
46.5817,5,0,0,0,0,0,0,0,0,0,0
46.6319,0,0.663801,-0.875027,6.77133,-0.0109998,-0.00331876,0.00189811,0.398225,0,0,0
46.6319,1,0.699219,-0.874519,3.51465,0.111719,0.000478582,0.0378801,0.370839,0,0,0
46.6319,2,-2.22052,-0.875273,5.1318,-0.00943429,0.0001123,0.106767,0.344967,0,0,0
46.6319,3,0,0,0,0,0,0,0,0,0,0
46.6319,4,0,0,0,0,0,0,0,0,0,0
46.6319,5,0,0,0,0,0,0,0,0,0,0
46.6846,0,0.66158,-0.874914,6.77143,-0.0190336,-0.00264605,0.00160171,0.398225,0,0,0
46.6846,1,0.709656,-0.87632,3.515,0.133465,-0.00711405,0.0219679,0.367911,0,0,0
46.6846,2,-2.22043,-0.875299,5.13532,-0.00916107,9.68689e-06,0.101432,0.344967,0,0,0
46.6846,3,0,0,0,0,0,0,0,0,0,0
46.6846,4,0,0,0,0,0,0,0,0,0,0
46.6846,5,0,0,0,0,0,0,0,0,0,0
46.739,0,0.657412,-0.875069,6.77153,-0.0271686,-0.00226357,0.00136522,0.397848,0,0,0
46.739,1,0.718557,-0.873825,3.51649,0.136025,0.00203627,-0.00531085,0.367911,0,0,0
46.739,2,-2.22083,-0.875278,5.14122,-0.009126,7.04017e-05,0.0909903,0.345583,0,0,0
46.739,3,0,0,0,0,0,0,0,0,0,0
46.739,4,0,0,0,0,0,0,0,0,0,0
46.739,5,0,0,0,0,0,0,0,0,0,0
46.7892,0,0.654645,-0.875281,6.77162,-0.0325201,-0.00250234,0.00102564,0.397848,0,0,0
46.7892,1,0.722829,-0.873709,3.51583,0.130368,0.00260224,-0.0215386,0.370516,0,0,0
46.7892,2,-2.2211,-0.875263,5.14477,-0.00877826,9.08964e-05,0.0769138,0.345583,0,0,0
46.7892,3,0,0,0,0,0,0,0,0,0,0
46.7892,4,0,0,0,0,0,0,0,0,0,0
46.7892,5,0,0,0,0,0,0,0,0,0,0
46.8445,0,0.652254,-0.875771,6.77173,-0.0359549,-0.00364968,0.000781122,0.397661,0,0,0
46.8445,1,0.727175,-0.87374,3.51453,0.125698,0.00242508,-0.033487,0.370516,0,0,0
46.8445,2,-2.22128,-0.875245,5.14853,-0.00805218,0.000112037,0.0444971,0.346662,0,0,0
46.8445,3,0,0,0,0,0,0,0,0,0,0
46.8445,4,0,0,0,0,0,0,0,0,0,0
46.8445,5,0,0,0,0,0,0,0,0,0,0
46.9029,0,0.650977,-0.875343,6.77176,-0.0406201,-0.00195563,0.000556923,0.397661,0,0,0
46.9029,1,0.728941,-0.873611,3.51269,0.112684,0.00325663,-0.0413711,0.374678,0,0,0
46.9029,2,-2.22139,-0.875243,5.1501,-0.00709231,7.38451e-05,0.0173528,0.346662,0,0,0
46.9029,3,0,0,0,0,0,0,0,0,0,0
46.9029,4,0,0,0,0,0,0,0,0,0,0
46.9029,5,0,0,0,0,0,0,0,0,0,0
46.9582,0,0.647203,-0.875755,6.77181,-0.0418055,-0.00276151,0.000406724,0.397428,0,0,0
46.9582,1,0.73441,-0.873816,3.51072,0.115304,0.00221798,-0.0449941,0.374678,0,0,0
46.9582,2,-2.22166,-0.875206,5.1498,-0.0059745,0.000126048,-0.0172138,0.347298,0,0,0
46.9582,3,0,0,0,0,0,0,0,0,0,0
46.9582,4,0,0,0,0,0,0,0,0,0,0
46.9582,5,0,0,0,0,0,0,0,0,0,0
47.0142,0,0.645715,-0.875927,6.77184,-0.0408909,-0.00299853,0.00037363,0.397428,0,0,0
47.0142,1,0.729458,-0.873133,3.50855,0.0819337,0.00557337,-0.0439492,0.380357,0,0,0
47.0142,2,-2.22121,-0.875208,5.14758,-0.00432893,4.56464e-05,-0.0520509,0.347298,0,0,0
47.0142,3,0,0,0,0,0,0,0,0,0,0
47.0142,4,0,0,0,0,0,0,0,0,0,0
47.0142,5,0,0,0,0,0,0,0,0,0,0
47.067,0,0.646467,-0.87577,6.7719,-0.0382301,-0.00254058,0.000466398,0.397485,0,0,0
47.067,1,0.727043,-0.873227,3.50668,0.0602743,0.00596548,-0.0416001,0.380357,0,0,0
47.067,2,-2.22122,-0.875198,5.14422,-0.00314125,2.55474e-05,-0.0732178,0.346946,0,0,0
47.067,3,0,0,0,0,0,0,0,0,0,0
47.067,4,0,0,0,0,0,0,0,0,0,0
47.067,5,0,0,0,0,0,0,0,0,0,0
47.1213,0,0.645158,-0.875636,6.77195,-0.036569,-0.00170805,0.000717097,0.397485,0,0,0
47.1213,1,0.725119,-0.872609,3.5048,0.044661,0.00824117,-0.0384825,0.382203,0,0,0
47.1213,2,-2.22105,-0.875238,5.14127,-0.00219956,-0.000136004,-0.0844926,0.346946,0,0,0
47.1213,3,0,0,0,0,0,0,0,0,0,0
47.1213,4,0,0,0,0,0,0,0,0,0,0
47.1213,5,0,0,0,0,0,0,0,0,0,0
47.1768,0,0.644667,-0.87555,6.77201,-0.032739,-0.00130991,0.00125724,0.397496,0,0,0
47.1768,1,0.725478,-0.874311,3.50304,0.0392387,0.00191687,-0.0358138,0.382203,0,0,0
47.1768,2,-2.22078,-0.875085,5.1349,-0.00116369,0.000306776,-0.104055,0.346427,0,0,0
47.1768,3,0,0,0,0,0,0,0,0,0,0
47.1768,4,0,0,0,0,0,0,0,0,0,0
47.1768,5,0,0,0,0,0,0,0,0,0,0
47.2271,0,0.644229,-0.875434,6.77212,-0.0292147,-0.000810377,0.00212629,0.397496,0,0,0
47.2271,1,0.717358,-0.87383,3.50148,0.00646906,0.00448208,-0.0325349,0.385297,0,0,0
47.2271,2,-2.22049,-0.875192,5.12971,-0.000146733,-0.000111732,-0.110013,0.346427,0,0,0
47.2271,3,0,0,0,0,0,0,0,0,0,0
47.2271,4,0,0,0,0,0,0,0,0,0,0
47.2271,5,0,0,0,0,0,0,0,0,0,0
47.2855,0,0.644084,-0.875373,6.77224,-0.0251146,-0.000596633,0.00293775,0.397583,0,0,0
47.2855,1,0.716217,-0.875051,3.49995,0.001198,0.000203139,-0.0294841,0.385985,0,0,0
47.2855,2,-2.2203,-0.875095,5.12434,0.000537373,0.000214867,-0.111164,0.345519,0,0,0
47.2855,3,0,0,0,0,0,0,0,0,0,0
47.2855,4,0,0,0,0,0,0,0,0,0,0
47.2855,5,0,0,0,0,0,0,0,0,0,0
47.3371,0,0.643272,-0.875136,6.77243,-0.0206567,0.000176771,0.00410533,0.397583,0,0,0
47.3371,1,0.710998,-0.875227,3.49845,-0.0161989,1.91587e-05,-0.0271746,0.385985,0,0,0
47.3371,2,-2.22015,-0.875094,5.11817,0.00105383,0.000172511,-0.109035,0.345519,0,0,0
47.3371,3,0,0,0,0,0,0,0,0,0,0
47.3371,4,0,0,0,0,0,0,0,0,0,0
47.3371,5,0,0,0,0,0,0,0,0,0,0
47.3973,0,0.643463,-0.875311,6.7727,-0.0169284,-0.000477591,0.0044636,0.397852,0,0,0
47.3973,1,0.706321,-0.875136,3.49718,-0.029768,0.000611366,-0.0252734,0.386472,0,0,0
47.3973,2,-2.22004,-0.875052,5.11283,0.00122004,0.00026363,-0.105443,0.345216,0,0,0
47.3973,3,0,0,0,0,0,0,0,0,0,0
47.3973,4,0,0,0,0,0,0,0,0,0,0
47.3973,5,0,0,0,0,0,0,0,0,0,0
47.452,0,0.644041,-0.875073,6.77297,-0.01248,0.000172231,0.00661122,0.397852,0,0,0
47.452,1,0.702439,-0.875009,3.49597,-0.0393528,0.00123034,-0.0235102,0.386472,0,0,0
47.452,2,-2.21998,-0.875051,5.10758,0.00134538,0.000233931,-0.101912,0.345216,0,0,0
47.452,3,0,0,0,0,0,0,0,0,0,0
47.452,4,0,0,0,0,0,0,0,0,0,0
47.452,5,0,0,0,0,0,0,0,0,0,0
47.5066,0,0.645429,-0.874598,6.77351,-0.00766578,0.00161926,0.00920961,0.398428,0,0,0
47.5066,1,0.699398,-0.875253,3.49484,-0.0450366,0.00054768,-0.0222864,0.387372,0,0,0
47.5066,2,-2.22005,-0.875023,5.1023,0.00103402,0.00031218,-0.0969763,0.345419,0,0,0
47.5066,3,0,0,0,0,0,0,0,0,0,0
47.5066,4,0,0,0,0,0,0,0,0,0,0
47.5066,5,0,0,0,0,0,0,0,0,0,0
47.5675,0,0.646276,-0.874586,6.77405,-0.0029472,0.00131527,0.0109029,0.398428,0,0,0
47.5675,1,0.696596,-0.875583,3.49373,-0.0487622,-0.000524544,-0.0212425,0.387372,0,0,0
47.5675,2,-2.22003,-0.875033,5.09716,0.00106234,0.000245362,-0.0933444,0.345419,0,0,0
47.5675,3,0,0,0,0,0,0,0,0,0,0
47.5675,4,0,0,0,0,0,0,0,0,0,0
47.5675,5,0,0,0,0,0,0,0,0,0,0
47.6347,0,0.647005,-0.874477,6.77462,0.000567961,0.00143922,0.0120203,0.399621,0,0,0
47.6347,1,0.693819,-0.87576,3.49259,-0.0521478,-0.000992103,-0.0203141,0.388556,0,0,0
47.6347,2,-2.22009,-0.875016,5.09258,0.000821599,0.000277194,-0.0895004,0.346151,0,0,0
47.6347,3,0,0,0,0,0,0,0,0,0,0
47.6347,4,0,0,0,0,0,0,0,0,0,0
47.6347,5,0,0,0,0,0,0,0,0,0,0
47.6953,0,0.647609,-0.874368,6.77519,0.00309126,0.00156103,0.0127466,0.399621,0,0,0
47.6953,1,0.690964,-0.875476,3.49175,-0.0550117,4.22819e-05,-0.0195484,0.388556,0,0,0
47.6953,2,-2.22012,-0.875039,5.0888,0.000780052,0.000199491,-0.0861088,0.346151,0,0,0
47.6953,3,0,0,0,0,0,0,0,0,0,0
47.6953,4,0,0,0,0,0,0,0,0,0,0
47.6953,5,0,0,0,0,0,0,0,0,0,0
47.7506,0,0.648837,-0.87411,6.77659,0.00659116,0.00170367,0.0130514,0.400834,0,0,0
47.7506,1,0.687222,-0.875908,3.48981,-0.0540176,-0.00135821,-0.0179574,0.389793,0,0,0
47.7506,2,-2.2201,-0.875029,5.08379,0.000811233,0.000201764,-0.0825424,0.34701,0,0,0
47.7506,3,0,0,0,0,0,0,0,0,0,0
47.7506,4,0,0,0,0,0,0,0,0,0,0
47.7506,5,0,0,0,0,0,0,0,0,0,0
47.8029,0,0.648837,-0.87411,6.77659,0.00659116,0.00170367,0.0130514,0.400834,0,0,0
47.8029,1,0.687222,-0.875908,3.48981,-0.0540176,-0.00135821,-0.0179574,0.389793,0,0,0
47.8029,2,-2.22001,-0.875033,5.08032,0.00108621,0.00014633,-0.080163,0.34701,0,0,0
47.8029,3,0,0,0,0,0,0,0,0,0,0
47.8029,4,0,0,0,0,0,0,0,0,0,0
47.8029,5,0,0,0,0,0,0,0,0,0,0
47.8584,0,0.648954,-0.874108,6.77792,0.00636314,0.00147799,0.0117562,0.402293,0,0,0
47.8584,1,0.684674,-0.875627,3.48883,-0.0557238,-0.000310353,-0.0171405,0.39075,0,0,0
47.8584,2,-2.21987,-0.875022,5.07597,0.00146084,0.000147048,-0.0718919,0.347889,0,0,0
47.8584,3,0,0,0,0,0,0,0,0,0,0
47.8584,4,0,0,0,0,0,0,0,0,0,0
47.8584,5,0,0,0,0,0,0,0,0,0,0
47.9165,0,0.648847,-0.87411,6.77855,0.00538117,0.00131617,0.0104348,0.403634,0,0,0
47.9165,1,0.682396,-0.875543,3.48797,-0.0556228,-5.87198e-06,-0.0161345,0.39075,0,0,0
47.9165,2,-2.21968,-0.87503,5.0727,0.00189404,7.95578e-05,-0.0568808,0.347889,0,0,0
47.9165,3,0,0,0,0,0,0,0,0,0,0
47.9165,4,0,0,0,0,0,0,0,0,0,0
47.9165,5,0,0,0,0,0,0,0,0,0,0
47.9744,0,0.648553,-0.874142,6.77905,0.00380254,0.00105806,0.0090368,0.403634,0,0,0
47.9744,1,0.677891,-0.875633,3.48647,-0.0560492,-0.000213232,-0.0140748,0.391748,0,0,0
47.9744,2,-2.21944,-0.875029,5.07034,0.00247469,4.65805e-05,-0.0374771,0.348628,0,0,0
47.9744,3,0,0,0,0,0,0,0,0,0,0
47.9744,4,0,0,0,0,0,0,0,0,0,0
47.9744,5,0,0,0,0,0,0,0,0,0,0
48.0272,0,0.648086,-0.874195,6.77944,0.00185649,0.000815722,0.00758243,0.404734,0,0,0
48.0272,1,0.679361,-0.875886,3.48578,-0.0507778,-0.00133848,-0.0129076,0.391748,0,0,0
48.0272,2,-2.21904,-0.875001,5.06945,0.00311956,0.000103598,-0.0105553,0.348628,0,0,0
48.0272,3,0,0,0,0,0,0,0,0,0,0
48.0272,4,0,0,0,0,0,0,0,0,0,0
48.0272,5,0,0,0,0,0,0,0,0,0,0
48.0854,0,0.648086,-0.874195,6.77944,0.00185649,0.000815722,0.00758243,0.404734,0,0,0
48.0854,1,0.677123,-0.875846,3.48513,-0.0510194,-0.00104727,-0.0118289,0.392997,0,0,0
48.0854,2,-2.21871,-0.875072,5.06963,0.00382796,-0.000152734,0.0256141,0.348498,0,0,0
48.0854,3,0,0,0,0,0,0,0,0,0,0
48.0854,4,0,0,0,0,0,0,0,0,0,0
48.0854,5,0,0,0,0,0,0,0,0,0,0
48.1367,0,0.647512,-0.874334,6.7798,-0.000190053,0.000267416,0.00587354,0.405425,0,0,0
48.1367,1,0.677123,-0.875846,3.48513,-0.0510194,-0.00104727,-0.0118289,0.392997,0,0,0
48.1367,2,-2.21846,-0.87494,5.07125,0.00418307,0.000268701,0.0523785,0.348498,0,0,0
48.1367,3,0,0,0,0,0,0,0,0,0,0
48.1367,4,0,0,0,0,0,0,0,0,0,0
48.1367,5,0,0,0,0,0,0,0,0,0,0
48.1921,0,0.646705,-0.874341,6.78002,-0.00280658,0.000295759,0.0047219,0.405425,0,0,0
48.1921,1,0.674939,-0.875802,3.48445,-0.0505607,-0.000770347,-0.0115456,0.393728,0,0,0
48.1921,2,-2.21804,-0.875042,5.07471,0.00508441,-0.000108101,0.0752747,0.347638,0,0,0
48.1921,3,0,0,0,0,0,0,0,0,0,0
48.1921,4,0,0,0,0,0,0,0,0,0,0
48.1921,5,0,0,0,0,0,0,0,0,0,0
48.2422,0,0.645597,-0.874502,6.78019,-0.00611873,-0.000181509,0.00311309,0.405711,0,0,0
48.2422,1,0.673409,-0.875879,3.48413,-0.0478055,-0.00110663,-0.00968499,0.393728,0,0,0
48.2422,2,-2.21788,-0.875004,5.08028,0.00501289,3.87626e-05,0.0994765,0.347638,0,0,0
48.2422,3,0,0,0,0,0,0,0,0,0,0
48.2422,4,0,0,0,0,0,0,0,0,0,0
48.2422,5,0,0,0,0,0,0,0,0,0,0
48.2928,0,0.644724,-0.874501,6.78031,-0.00815618,-8.91576e-05,0.00217383,0.405711,0,0,0
48.2928,1,0.671668,-0.875833,3.48369,-0.0465252,-0.000892577,-0.00885278,0.394088,0,0,0
48.2928,2,-2.2176,-0.874985,5.08588,0.005303,8.52297e-05,0.112425,0.345787,0,0,0
48.2928,3,0,0,0,0,0,0,0,0,0,0
48.2928,4,0,0,0,0,0,0,0,0,0,0
48.2928,5,0,0,0,0,0,0,0,0,0,0
48.3533,0,0.643741,-0.874558,6.78037,-0.0102224,-0.000155028,0.00125775,0.405808,0,0,0
48.3533,1,0.669801,-0.875957,3.48322,-0.0461441,-0.00127315,-0.00777287,0.394088,0,0,0
48.3533,2,-2.21744,-0.875007,5.09111,0.00519294,8.73034e-06,0.119602,0.345787,0,0,0
48.3533,3,0,0,0,0,0,0,0,0,0,0
48.3533,4,0,0,0,0,0,0,0,0,0,0
48.3533,5,0,0,0,0,0,0,0,0,0,0
48.4118,0,0.642095,-0.874867,6.78038,-0.0124893,-0.0010218,-0.000518753,0.405808,0,0,0
48.4118,1,0.667625,-0.875794,3.48282,-0.0462033,-0.000523168,-0.00696806,0.394495,0,0,0
48.4118,2,-2.21737,-0.875015,5.09842,0.00474751,-4.63787e-06,0.122414,0.344109,0,0,0
48.4118,3,0,0,0,0,0,0,0,0,0,0
48.4118,4,0,0,0,0,0,0,0,0,0,0
48.4118,5,0,0,0,0,0,0,0,0,0,0
48.4696,0,0.642095,-0.874867,6.78038,-0.0124893,-0.0010218,-0.000518753,0.405741,0,0,0
48.4696,1,0.66601,-0.875825,3.48244,-0.0441833,-0.000667557,-0.00609608,0.394495,0,0,0
48.4696,2,-2.21759,-0.87502,5.10615,0.00390101,2.52545e-06,0.121415,0.344109,0,0,0
48.4696,3,0,0,0,0,0,0,0,0,0,0
48.4696,4,0,0,0,0,0,0,0,0,0,0
48.4696,5,0,0,0,0,0,0,0,0,0,0
48.5308,0,0.640926,-0.875084,6.78033,-0.0145875,-0.00155792,-0.00132317,0.405741,0,0,0
48.5308,1,0.66435,-0.875696,3.48218,-0.0432689,-0.000168497,-0.00548734,0.394786,0,0,0
48.5308,2,-2.21761,-0.874995,5.1133,0.00314168,0.000109948,0.125695,0.34311,0,0,0
48.5308,3,0,0,0,0,0,0,0,0,0,0
48.5308,4,0,0,0,0,0,0,0,0,0,0
48.5308,5,0,0,0,0,0,0,0,0,0,0
48.581,0,0.638797,-0.875073,6.78015,-0.0171267,-0.00106974,-0.00213865,0.405511,0,0,0
48.581,1,0.661943,-0.875939,3.48196,-0.0380395,-0.00120712,-0.00488349,0.394786,0,0,0
48.581,2,-2.21771,-0.874966,5.11626,0.00187319,0.000241666,0.113625,0.34311,0,0,0
48.581,3,0,0,0,0,0,0,0,0,0,0
48.581,4,0,0,0,0,0,0,0,0,0,0
48.581,5,0,0,0,0,0,0,0,0,0,0
48.6381,0,0.638266,-0.875278,6.78002,-0.0162602,-0.00169762,-0.00241055,0.405511,0,0,0
48.6381,1,0.660216,-0.875804,3.48174,-0.0382563,-0.000655041,-0.00425389,0.394834,0,0,0
48.6381,2,-2.21778,-0.875041,5.1224,0.00155534,-1.46632e-05,0.108004,0.342821,0,0,0
48.6381,3,0,0,0,0,0,0,0,0,0,0
48.6381,4,0,0,0,0,0,0,0,0,0,0
48.6381,5,0,0,0,0,0,0,0,0,0,0
48.6909,0,0.637269,-0.875228,6.7799,-0.0172172,-0.00124276,-0.00251124,0.405242,0,0,0
48.6909,1,0.658807,-0.875622,3.48151,-0.0369069,-7.57276e-05,-0.00375808,0.394834,0,0,0
48.6909,2,-2.21794,-0.875027,5.12675,0.00068722,6.2347e-05,0.105984,0.34294,0,0,0
48.6909,3,0,0,0,0,0,0,0,0,0,0
48.6909,4,0,0,0,0,0,0,0,0,0,0
48.6909,5,0,0,0,0,0,0,0,0,0,0
48.7463,0,0.635543,-0.875233,6.77978,-0.0177932,-0.000928216,-0.00252617,0.405242,0,0,0
48.7463,1,0.659528,-0.875603,3.48133,-0.0343318,-8.41776e-05,-0.00332683,0.394944,0,0,0
48.7463,2,-2.21808,-0.875049,5.1331,-2.81621e-05,-5.43075e-06,0.0948976,0.34294,0,0,0
48.7463,3,0,0,0,0,0,0,0,0,0,0
48.7463,4,0,0,0,0,0,0,0,0,0,0
48.7463,5,0,0,0,0,0,0,0,0,0,0
48.7965,0,0.635028,-0.875265,6.77965,-0.0169112,-0.000943075,-0.00249322,0.404914,0,0,0
48.7965,1,0.658412,-0.87555,3.48118,-0.032721,4.45237e-05,-0.00300809,0.394944,0,0,0
48.7965,2,-2.21823,-0.875035,5.13772,-0.000622535,7.00087e-05,0.0774343,0.343466,0,0,0
48.7965,3,0,0,0,0,0,0,0,0,0,0
48.7965,4,0,0,0,0,0,0,0,0,0,0
48.7965,5,0,0,0,0,0,0,0,0,0,0
48.8543,0,0.634822,-0.875285,6.77953,-0.0151677,-0.000951238,-0.00234081,0.404914,0,0,0
48.8543,1,0.657632,-0.87545,3.48098,-0.0301421,0.000267933,-0.0026134,0.39524,0,0,0
48.8543,2,-2.21834,-0.875061,5.14104,-0.000861162,-2.34713e-05,0.0521901,0.343466,0,0,0
48.8543,3,0,0,0,0,0,0,0,0,0,0
48.8543,4,0,0,0,0,0,0,0,0,0,0
48.8543,5,0,0,0,0,0,0,0,0,0,0
48.9132,0,0.634419,-0.875212,6.77943,-0.0142469,-0.000623447,-0.00219142,0.40465,0,0,0
48.9132,1,0.65555,-0.875383,3.48088,-0.0279024,0.000280599,-0.00236217,0.39524,0,0,0
48.9132,2,-2.21841,-0.875077,5.14251,-0.000955594,-6.88808e-05,0.015867,0.343853,0,0,0
48.9132,3,0,0,0,0,0,0,0,0,0,0
48.9132,4,0,0,0,0,0,0,0,0,0,0
48.9132,5,0,0,0,0,0,0,0,0,0,0
48.9686,0,0.634284,-0.875174,6.77936,-0.0125853,-0.000471524,-0.00207014,0.40465,0,0,0
48.9686,1,0.654905,-0.875311,3.48076,-0.0258041,0.000424713,-0.00211849,0.395305,0,0,0
48.9686,2,-2.2184,-0.875073,5.14255,-0.000925261,-5.55883e-05,-0.0119558,0.343853,0,0,0
48.9686,3,0,0,0,0,0,0,0,0,0,0
48.9686,4,0,0,0,0,0,0,0,0,0,0
48.9686,5,0,0,0,0,0,0,0,0,0,0
49.0214,0,0.634243,-0.875165,6.77924,-0.0108307,-0.000434987,-0.00193178,0.404466,0,0,0
49.0214,1,0.65477,-0.875377,3.48064,-0.022086,-2.7166e-05,-0.00190939,0.395305,0,0,0
49.0214,2,-2.21842,-0.87508,5.14043,-0.000887727,-7.47957e-05,-0.0454383,0.343766,0,0,0
49.0214,3,0,0,0,0,0,0,0,0,0,0
49.0214,4,0,0,0,0,0,0,0,0,0,0
49.0214,5,0,0,0,0,0,0,0,0,0,0
49.0843,0,0.634326,-0.875078,6.77914,-0.0089165,-0.000170275,-0.00179991,0.404466,0,0,0
49.0843,1,0.654373,-0.875206,3.48056,-0.0197746,0.000411011,-0.00174263,0.395478,0,0,0
49.0843,2,-2.21843,-0.875082,5.13723,-0.000860497,-7.71442e-05,-0.0707587,0.343766,0,0,0
49.0843,3,0,0,0,0,0,0,0,0,0,0
49.0843,4,0,0,0,0,0,0,0,0,0,0
49.0843,5,0,0,0,0,0,0,0,0,0,0
49.1455,0,0.634831,-0.874992,6.77907,-0.00567946,7.25033e-06,-0.00165617,0.404251,0,0,0
49.1455,1,0.653914,-0.875274,3.48048,-0.0178311,1.73055e-05,-0.00162521,0.395478,0,0,0
49.1455,2,-2.21845,-0.875083,5.13287,-0.000909033,-7.34826e-05,-0.089395,0.343545,0,0,0
49.1455,3,0,0,0,0,0,0,0,0,0,0
49.1455,4,0,0,0,0,0,0,0,0,0,0
49.1455,5,0,0,0,0,0,0,0,0,0,0
49.2008,0,0.634682,-0.874846,6.77896,-0.00507102,0.000462909,-0.00156544,0.404251,0,0,0
49.2008,1,0.653424,-0.87511,3.4804,-0.0163568,0.000500172,-0.00150624,0.395575,0,0,0
49.2008,2,-2.2185,-0.87508,5.12752,-0.00100354,-5.06383e-05,-0.100696,0.343545,0,0,0
49.2008,3,0,0,0,0,0,0,0,0,0,0
49.2008,4,0,0,0,0,0,0,0,0,0,0
49.2008,5,0,0,0,0,0,0,0,0,0,0
49.2513,0,0.63478,-0.874956,6.7789,-0.00378916,4.30506e-05,-0.0015113,0.404081,0,0,0
49.2513,1,0.65246,-0.875067,3.48032,-0.0161418,0.000548439,-0.00141919,0.395575,0,0,0
49.2513,2,-2.21858,-0.875079,5.12258,-0.0011824,-3.35749e-05,-0.107937,0.343508,0,0,0
49.2513,3,0,0,0,0,0,0,0,0,0,0
49.2513,4,0,0,0,0,0,0,0,0,0,0
49.2513,5,0,0,0,0,0,0,0,0,0,0
49.3098,0,0.635117,-0.874711,6.77882,-0.00195743,0.000733497,-0.00146825,0.404081,0,0,0
49.3098,1,0.652131,-0.875032,3.48025,-0.0145134,0.000551273,-0.00134138,0.395634,0,0,0
49.3098,2,-2.21864,-0.875082,5.11866,-0.00127048,-3.77394e-05,-0.109855,0.343508,0,0,0
49.3098,3,0,0,0,0,0,0,0,0,0,0
49.3098,4,0,0,0,0,0,0,0,0,0,0
49.3098,5,0,0,0,0,0,0,0,0,0,0
49.3676,0,0.635326,-0.874748,6.77875,-0.00073136,0.000504628,-0.00158918,0.403943,0,0,0
49.3676,1,0.651985,-0.874995,3.48018,-0.0123862,0.000525637,-0.00128288,0.395634,0,0,0
49.3676,2,-2.21876,-0.875119,5.11208,-0.00148415,-0.000153841,-0.109797,0.344,0,0,0
49.3676,3,0,0,0,0,0,0,0,0,0,0
49.3676,4,0,0,0,0,0,0,0,0,0,0
49.3676,5,0,0,0,0,0,0,0,0,0,0
49.4254,0,0.635326,-0.874748,6.77875,-0.00073136,0.000504628,-0.00158918,0.403943,0,0,0
49.4254,1,0.651583,-0.874967,3.48013,-0.0112381,0.000504263,-0.00122206,0.395739,0,0,0
49.4254,2,-2.21911,-0.875066,5.10631,-0.00222937,7.17601e-05,-0.107892,0.344,0,0,0
49.4254,3,0,0,0,0,0,0,0,0,0,0
49.4254,4,0,0,0,0,0,0,0,0,0,0
49.4254,5,0,0,0,0,0,0,0,0,0,0
49.4817,0,0.635597,-0.8747,6.77868,0.000555548,0.000543399,-0.00142992,0.403824,0,0,0
49.4817,1,0.651144,-0.87492,3.48005,-0.0105123,0.000574559,-0.0011436,0.395739,0,0,0
49.4817,2,-2.21935,-0.875092,5.09999,-0.00264368,-5.35137e-06,-0.102356,0.345252,0,0,0
49.4817,3,0,0,0,0,0,0,0,0,0,0
49.4817,4,0,0,0,0,0,0,0,0,0,0
49.4817,5,0,0,0,0,0,0,0,0,0,0
49.5371,0,0.63569,-0.874619,6.77861,0.00110487,0.00070945,-0.00143584,0.403824,0,0,0
49.5371,1,0.650866,-0.874967,3.48,-0.00921877,0.000270052,-0.00110846,0.395819,0,0,0
49.5371,2,-2.21957,-0.8751,5.09489,-0.00297025,-2.30268e-05,-0.0971882,0.345252,0,0,0
49.5371,3,0,0,0,0,0,0,0,0,0,0
49.5371,4,0,0,0,0,0,0,0,0,0,0
49.5371,5,0,0,0,0,0,0,0,0,0,0
49.5929,0,0.635897,-0.874583,6.77854,0.00191787,0.000709792,-0.00142226,0.403686,0,0,0
49.5929,1,0.650426,-0.874888,3.47994,-0.00872671,0.000490089,-0.000740284,0.395819,0,0,0
49.5929,2,-2.21978,-0.875086,5.09061,-0.00320373,2.69064e-05,-0.0897912,0.346495,0,0,0
49.5929,3,0,0,0,0,0,0,0,0,0,0
49.5929,4,0,0,0,0,0,0,0,0,0,0
49.5929,5,0,0,0,0,0,0,0,0,0,0
49.6482,0,0.636029,-0.87452,6.77845,0.00236532,0.000818474,-0.00143681,0.403686,0,0,0
49.6482,1,0.649959,-0.874882,3.47999,-0.00842379,0.00043483,0.00380668,0.395881,0,0,0
49.6482,2,-2.21984,-0.875103,5.08888,-0.00299347,-3.87635e-05,-0.0734466,0.346495,0,0,0
49.6482,3,0,0,0,0,0,0,0,0,0,0
49.6482,4,0,0,0,0,0,0,0,0,0,0
49.6482,5,0,0,0,0,0,0,0,0,0,0
49.7041,0,0.636138,-0.874505,6.77832,0.00265798,0.000762245,-0.00231386,0.403475,0,0,0
49.7041,1,0.649655,-0.874838,3.48041,-0.00779742,0.000497862,0.00627445,0.395357,0,0,0
49.7041,2,-2.22004,-0.875098,5.08446,-0.00323759,-1.89633e-06,-0.0432985,0.346731,0,0,0
49.7041,3,0,0,0,0,0,0,0,0,0,0
49.7041,4,0,0,0,0,0,0,0,0,0,0
49.7041,5,0,0,0,0,0,0,0,0,0,0
49.7656,0,0.636172,-0.874479,6.77812,0.0027002,0.000762015,-0.00609609,0.403475,0,0,0
49.7656,1,0.649553,-0.87483,3.48161,-0.00698991,0.000418712,0.0218237,0.395357,0,0,0
49.7656,2,-2.22017,-0.87511,5.08289,-0.00324084,-4.6498e-05,-0.00995371,0.346731,0,0,0
49.7656,3,0,0,0,0,0,0,0,0,0,0
49.7656,4,0,0,0,0,0,0,0,0,0,0
49.7656,5,0,0,0,0,0,0,0,0,0,0
49.8183,0,0.63699,-0.874568,6.77557,0.00694445,0.000175982,-0.043289,0.402427,0,0,0
49.8183,1,0.650413,-0.875093,3.48405,-0.00370299,-0.000771399,0.0487212,0.391774,0,0,0
49.8183,2,-2.22033,-0.875102,5.08282,-0.00331729,-1.54575e-05,0.0157822,0.347893,0,0,0
49.8183,3,0,0,0,0,0,0,0,0,0,0
49.8183,4,0,0,0,0,0,0,0,0,0,0
49.8183,5,0,0,0,0,0,0,0,0,0,0
49.8736,0,0.637536,-0.874317,6.77302,0.00922773,0.000924162,-0.059062,0.402427,0,0,0
49.8736,1,0.651803,-0.875257,3.48714,0.000679355,-0.00125607,0.0633864,0.391774,0,0,0
49.8736,2,-2.2204,-0.875112,5.08356,-0.00304655,-5.87114e-05,0.0375071,0.347893,0,0,0
49.8736,3,0,0,0,0,0,0,0,0,0,0
49.8736,4,0,0,0,0,0,0,0,0,0,0
49.8736,5,0,0,0,0,0,0,0,0,0,0
49.9383,0,0.640496,-0.874749,6.76899,0.019535,-0.000778677,-0.074106,0.398216,0,0,0
49.9383,1,0.654808,-0.875569,3.49151,0.0102288,-0.00288018,0.0797743,0.384646,0,0,0
49.9383,2,-2.2203,-0.87511,5.08681,-0.00265318,-6.56112e-05,0.0777821,0.347401,0,0,0
49.9383,3,0,0,0,0,0,0,0,0,0,0
49.9383,4,0,0,0,0,0,0,0,0,0,0
49.9383,5,0,0,0,0,0,0,0,0,0,0
49.9985,0,0.644945,-0.875572,6.76443,0.0332799,-0.00441413,-0.0834551,0.398216,0,0,0
49.9985,1,0.659117,-0.87536,3.49595,0.0232793,-0.00261501,0.0901069,0.384646,0,0,0
49.9985,2,-2.22045,-0.875096,5.09302,-0.00273186,8.97884e-07,0.101138,0.347401,0,0,0
49.9985,3,0,0,0,0,0,0,0,0,0,0
49.9985,4,0,0,0,0,0,0,0,0,0,0
49.9985,5,0,0,0,0,0,0,0,0,0,0
50.0487,0,0.650116,-0.875648,6.76001,0.0470668,-0.00515176,-0.0890769,0.394296,0,0,0
50.0487,1,0.66385,-0.875942,3.50052,0.0366725,-0.00509927,0.0955186,0.376493,0,0,0
50.0487,2,-2.22072,-0.875099,5.0993,-0.00275158,-1.14368e-05,0.116448,0.34667,0,0,0
50.0487,3,0,0,0,0,0,0,0,0,0,0
50.0487,4,0,0,0,0,0,0,0,0,0,0
50.0487,5,0,0,0,0,0,0,0,0,0,0
50.104,0,0.657341,-0.876195,6.75463,0.0655537,-0.00770802,-0.0918889,0.394296,0,0,0
50.104,1,0.668025,-0.874212,3.50391,0.0462828,0.0012281,0.0961051,0.376493,0,0,0
50.104,2,-2.22087,-0.87511,5.10567,-0.00280518,-4.63436e-05,0.121654,0.34667,0,0,0
50.104,3,0,0,0,0,0,0,0,0,0,0
50.104,4,0,0,0,0,0,0,0,0,0,0
50.104,5,0,0,0,0,0,0,0,0,0,0
50.1567,0,0.664231,-0.875232,6.7506,0.0796283,-0.00428993,-0.0916796,0.385834,0,0,0
50.1567,1,0.675513,-0.875025,3.5081,0.0672444,-0.00281218,0.0907156,0.370362,0,0,0
50.1567,2,-2.22106,-0.875087,5.11239,-0.00300173,3.49565e-05,0.123036,0.346285,0,0,0
50.1567,3,0,0,0,0,0,0,0,0,0,0
50.1567,4,0,0,0,0,0,0,0,0,0,0
50.1567,5,0,0,0,0,0,0,0,0,0,0
50.2184,0,0.672321,-0.875193,6.74571,0.0959281,-0.00464098,-0.0898972,0.377648,0,0,0
50.2184,1,0.683755,-0.874561,3.51315,0.0885506,-0.00155471,0.0779298,0.370362,0,0,0
50.2184,2,-2.22122,-0.8751,5.11859,-0.00313178,-8.6052e-06,0.120312,0.346285,0,0,0
50.2184,3,0,0,0,0,0,0,0,0,0,0
50.2184,4,0,0,0,0,0,0,0,0,0,0
50.2184,5,0,0,0,0,0,0,0,0,0,0
50.2695,0,0.672321,-0.875193,6.74571,0.0959281,-0.00464098,-0.0898972,0.377648,0,0,0
50.2695,1,0.693843,-0.875982,3.5172,0.112743,-0.00780833,0.0588934,0.36436,0,0,0
50.2695,2,-2.22147,-0.875105,5.12366,-0.0035048,-1.52558e-05,0.115726,0.346472,0,0,0
50.2695,3,0,0,0,0,0,0,0,0,0,0
50.2695,4,0,0,0,0,0,0,0,0,0,0
50.2695,5,0,0,0,0,0,0,0,0,0,0
50.3265,0,0.682212,-0.875591,6.7406,0.1151,-0.00677594,-0.0855718,0.370053,0,0,0
50.3265,1,0.701424,-0.874882,3.51919,0.124239,-0.00360015,0.0452912,0.36436,0,0,0
50.3265,2,-2.22155,-0.875099,5.13001,-0.00392506,1.23807e-05,0.109424,0.346472,0,0,0
50.3265,3,0,0,0,0,0,0,0,0,0,0
50.3265,4,0,0,0,0,0,0,0,0,0,0
50.3265,5,0,0,0,0,0,0,0,0,0,0
50.3868,0,0.692071,-0.874524,6.73622,0.130779,-0.0032156,-0.0701224,0.370053,0,0,0
50.3868,1,0.706811,-0.874114,3.52006,0.124869,-0.000410118,0.0199825,0.364248,0,0,0
50.3868,2,-2.22203,-0.875079,5.13586,-0.00442246,7.63558e-05,0.102409,0.347198,0,0,0
50.3868,3,0,0,0,0,0,0,0,0,0,0
50.3868,4,0,0,0,0,0,0,0,0,0,0
50.3868,5,0,0,0,0,0,0,0,0,0,0
50.4472,0,0.699716,-0.873762,6.73366,0.137519,-0.00052562,-0.0582155,0.366357,0,0,0
50.4472,1,0.716252,-0.874063,3.51993,0.13771,-0.00129981,-0.0192183,0.364248,0,0,0
50.4472,2,-2.22221,-0.875074,5.14522,-0.00450096,8.19051e-05,0.0949268,0.347198,0,0,0
50.4472,3,0,0,0,0,0,0,0,0,0,0
50.4472,4,0,0,0,0,0,0,0,0,0,0
50.4472,5,0,0,0,0,0,0,0,0,0,0
50.4999,0,0.709716,-0.874593,6.7322,0.151903,-0.00385257,-0.0401048,0.366357,0,0,0
50.4999,1,0.722624,-0.873657,3.51872,0.138646,0.000186458,-0.0361511,0.369417,0,0,0
50.4999,2,-2.22214,-0.875084,5.14836,-0.00422774,3.56769e-05,0.0746382,0.347802,0,0,0
50.4999,3,0,0,0,0,0,0,0,0,0,0
50.4999,4,0,0,0,0,0,0,0,0,0,0
50.4999,5,0,0,0,0,0,0,0,0,0,0
50.5552,0,0.714677,-0.873582,6.73078,0.147644,0.000637126,-0.0135842,0.366907,0,0,0
50.5552,1,0.725235,-0.873208,3.51765,0.12667,0.0024831,-0.0425062,0.369417,0,0,0
50.5552,2,-2.22223,-0.875069,5.14802,-0.00382733,7.09162e-05,0.0471454,0.347802,0,0,0
50.5552,3,0,0,0,0,0,0,0,0,0,0
50.5552,4,0,0,0,0,0,0,0,0,0,0
50.5552,5,0,0,0,0,0,0,0,0,0,0
50.6054,0,0.719414,-0.873301,6.73178,0.141356,0.00197451,0.00584432,0.366907,0,0,0
50.6054,1,0.726521,-0.87352,3.51526,0.111723,0.00197265,-0.0523503,0.373796,0,0,0
50.6054,2,-2.22223,-0.875062,5.14987,-0.00308554,6.0401e-05,0.0141578,0.348121,0,0,0
50.6054,3,0,0,0,0,0,0,0,0,0,0
50.6054,4,0,0,0,0,0,0,0,0,0,0
50.6054,5,0,0,0,0,0,0,0,0,0,0
50.6699,0,0.722103,-0.873275,6.73407,0.129936,0.00255772,0.0246239,0.371975,0,0,0
50.6699,1,0.727561,-0.874031,3.51205,0.0981876,0.00047515,-0.057958,0.373796,0,0,0
50.6699,2,-2.22213,-0.875041,5.14962,-0.00209738,9.8207e-05,-0.0184367,0.348121,0,0,0
50.6699,3,0,0,0,0,0,0,0,0,0,0
50.6699,4,0,0,0,0,0,0,0,0,0,0
50.6699,5,0,0,0,0,0,0,0,0,0,0
50.729,0,0.725848,-0.87382,6.73648,0.122785,0.000412307,0.0470543,0.371975,0,0,0
50.729,1,0.726931,-0.8735,3.50947,0.0798886,0.00298604,-0.0585536,0.379476,0,0,0
50.729,2,-2.22192,-0.875045,5.14793,-0.000880925,3.34797e-05,-0.0457949,0.347681,0,0,0
50.729,3,0,0,0,0,0,0,0,0,0,0
50.729,4,0,0,0,0,0,0,0,0,0,0
50.729,5,0,0,0,0,0,0,0,0,0,0
50.7817,0,0.72572,-0.873496,6.74058,0.102561,0.00222214,0.0529471,0.379207,0,0,0
50.7817,1,0.724982,-0.873773,3.50652,0.0609394,0.00252561,-0.0568936,0.379476,0,0,0
50.7817,2,-2.22169,-0.87508,5.14551,0.00023145,-0.000131245,-0.0657723,0.347681,0,0,0
50.7817,3,0,0,0,0,0,0,0,0,0,0
50.7817,4,0,0,0,0,0,0,0,0,0,0
50.7817,5,0,0,0,0,0,0,0,0,0,0
50.8319,0,0.724043,-0.873145,6.74358,0.0796144,0.00407908,0.0595388,0.379207,0,0,0
50.8319,1,0.720626,-0.874604,3.50356,0.0349139,0.000371746,-0.0543921,0.381809,0,0,0
50.8319,2,-2.2214,-0.874991,5.14211,0.00132582,0.000164442,-0.0816712,0.347297,0,0,0
50.8319,3,0,0,0,0,0,0,0,0,0,0
50.8319,4,0,0,0,0,0,0,0,0,0,0
50.8319,5,0,0,0,0,0,0,0,0,0,0
50.8929,0,0.720688,-0.874599,6.74706,0.0542767,-0.000622889,0.056442,0.38417,0,0,0
50.8929,1,0.717211,-0.87369,3.49971,0.0163141,0.00439486,-0.0516189,0.381809,0,0,0
50.8929,2,-2.22097,-0.875034,5.13778,0.00279225,-6.24145e-05,-0.0930168,0.347297,0,0,0
50.8929,3,0,0,0,0,0,0,0,0,0,0
50.8929,4,0,0,0,0,0,0,0,0,0,0
50.8929,5,0,0,0,0,0,0,0,0,0,0
50.9517,0,0.713928,-0.874202,6.74917,0.0200339,0.00213216,0.0550687,0.38417,0,0,0
50.9517,1,0.712567,-0.875202,3.49846,-0.00309958,-0.000491054,-0.0476048,0.386451,0,0,0
50.9517,2,-2.22032,-0.875126,5.13344,0.00420029,-0.000384518,-0.0994153,0.346201,0,0,0
50.9517,3,0,0,0,0,0,0,0,0,0,0
50.9517,4,0,0,0,0,0,0,0,0,0,0
50.9517,5,0,0,0,0,0,0,0,0,0,0
51.0096,0,0.707072,-0.87417,6.75239,-0.00968196,0.00286465,0.0515351,0.384592,0,0,0
51.0096,1,0.707813,-0.875131,3.49586,-0.0205715,0.000483705,-0.0436746,0.386451,0,0,0
51.0096,2,-2.21981,-0.87478,5.12752,0.00525319,0.000717251,-0.102383,0.346201,0,0,0
51.0096,3,0,0,0,0,0,0,0,0,0,0
51.0096,4,0,0,0,0,0,0,0,0,0,0
51.0096,5,0,0,0,0,0,0,0,0,0,0
51.0625,0,0.70019,-0.874647,6.75526,-0.034548,0.00165695,0.0477756,0.384592,0,0,0
51.0625,1,0.703123,-0.875084,3.49385,-0.0352591,0.00130691,-0.0404475,0.38808,0,0,0
51.0625,2,-2.21875,-0.875078,5.12128,0.0079602,-0.000365066,-0.101625,0.344819,0,0,0
51.0625,3,0,0,0,0,0,0,0,0,0,0
51.0625,4,0,0,0,0,0,0,0,0,0,0
51.0625,5,0,0,0,0,0,0,0,0,0,0
51.1161,0,0.694634,-0.873444,6.75769,-0.0512295,0.00647915,0.0489843,0.387622,0,0,0
51.1161,1,0.698823,-0.875629,3.49183,-0.0463488,-0.000310152,-0.036303,0.38808,0,0,0
51.1161,2,-2.21805,-0.874905,5.11593,0.00917918,0.000179389,-0.0979161,0.344819,0,0,0
51.1161,3,0,0,0,0,0,0,0,0,0,0
51.1161,4,0,0,0,0,0,0,0,0,0,0
51.1161,5,0,0,0,0,0,0,0,0,0,0
51.1688,0,0.691039,-0.875664,6.75928,-0.0579293,-0.00210104,0.0420953,0.387622,0,0,0
51.1688,1,0.695211,-0.875715,3.49012,-0.0531434,-0.000328097,-0.0330964,0.390217,0,0,0
51.1688,2,-2.21718,-0.874945,5.1106,0.0107609,-2.29006e-06,-0.0927833,0.343165,0,0,0
51.1688,3,0,0,0,0,0,0,0,0,0,0
51.1688,4,0,0,0,0,0,0,0,0,0,0
51.1688,5,0,0,0,0,0,0,0,0,0,0
51.2245,0,0.682976,-0.876822,6.76149,-0.0796215,-0.00506931,0.0374365,0.38991,0,0,0
51.2245,1,0.692409,-0.875879,3.48866,-0.0559171,-0.000775601,-0.0309399,0.390217,0,0,0
51.2245,2,-2.21632,-0.875014,5.10545,0.0121181,-0.000253,-0.0876115,0.343165,0,0,0
51.2245,3,0,0,0,0,0,0,0,0,0,0
51.2245,4,0,0,0,0,0,0,0,0,0,0
51.2245,5,0,0,0,0,0,0,0,0,0,0
51.2848,0,0.672018,-0.875586,6.76358,-0.107572,0.000958068,0.0321691,0.38991,0,0,0
51.2848,1,0.691037,-0.876617,3.4875,-0.0534768,-0.00355759,-0.0269393,0.392174,0,0,0
51.2848,2,-2.21585,-0.874946,5.09684,0.011954,2.95415e-05,-0.085121,0.341876,0,0,0
51.2848,3,0,0,0,0,0,0,0,0,0,0
51.2848,4,0,0,0,0,0,0,0,0,0,0
51.2848,5,0,0,0,0,0,0,0,0,0,0
51.3401,0,0.664457,-0.875463,6.76539,-0.118769,0.00145554,0.0286058,0.391413,0,0,0
51.3401,1,0.685426,-0.875879,3.48595,-0.0660121,0.000282173,-0.024194,0.392174,0,0,0
51.3401,2,-2.21508,-0.874816,5.09362,0.0127561,0.000418491,-0.0696031,0.341876,0,0,0
51.3401,3,0,0,0,0,0,0,0,0,0,0
51.3401,4,0,0,0,0,0,0,0,0,0,0
51.3401,5,0,0,0,0,0,0,0,0,0,0
51.3978,0,0.658918,-0.876162,6.76646,-0.120527,-0.00121272,0.0265022,0.391413,0,0,0
51.3978,1,0.682976,-0.876261,3.4845,-0.0657447,-0.00121913,-0.0213922,0.393715,0,0,0
51.3978,2,-2.21406,-0.874942,5.09429,0.0140893,-5.27765e-05,-0.0615568,0.341524,0,0,0
51.3978,3,0,0,0,0,0,0,0,0,0,0
51.3978,4,0,0,0,0,0,0,0,0,0,0
51.3978,5,0,0,0,0,0,0,0,0,0,0
51.4561,0,0.654913,-0.876726,6.76807,-0.117201,-0.00338994,0.0213195,0.392924,0,0,0
51.4561,1,0.68007,-0.876233,3.4837,-0.0665843,-0.000929537,-0.0194544,0.393715,0,0,0
51.4561,2,-2.21342,-0.874928,5.08988,0.0143519,-2.59345e-05,-0.0369889,0.341524,0,0,0
51.4561,3,0,0,0,0,0,0,0,0,0,0
51.4561,4,0,0,0,0,0,0,0,0,0,0
51.4561,5,0,0,0,0,0,0,0,0,0,0
51.5164,0,0.648211,-0.8762,6.76913,-0.124654,-0.000669303,0.0197511,0.392924,0,0,0
51.5164,1,0.677728,-0.876272,3.48258,-0.0656454,-0.0010048,-0.0166868,0.395161,0,0,0
51.5164,2,-2.21287,-0.874923,5.09048,0.0141475,2.69917e-05,0.010054,0.340234,0,0,0
51.5164,3,0,0,0,0,0,0,0,0,0,0
51.5164,4,0,0,0,0,0,0,0,0,0,0
51.5164,5,0,0,0,0,0,0,0,0,0,0
51.5724,0,0.644237,-0.876601,6.76999,-0.121057,-0.0023379,0.0165425,0.394818,0,0,0
51.5724,1,0.675489,-0.876333,3.48181,-0.0643699,-0.00116126,-0.0150725,0.395161,0,0,0
51.5724,2,-2.21218,-0.874952,5.09173,0.0145207,-7.05395e-05,0.0230502,0.340234,0,0,0
51.5724,3,0,0,0,0,0,0,0,0,0,0
51.5724,4,0,0,0,0,0,0,0,0,0,0
51.5724,5,0,0,0,0,0,0,0,0,0,0
51.6394,0,0.637613,-0.87689,6.77083,-0.126474,-0.00289294,0.0162138,0.394818,0,0,0
51.6394,1,0.673488,-0.876261,3.48123,-0.0623754,-0.000869073,-0.0134043,0.396416,0,0,0
51.6394,2,-2.212,-0.874951,5.09497,0.0132591,-2.80551e-05,0.0643836,0.33882,0,0,0
51.6394,3,0,0,0,0,0,0,0,0,0,0
51.6394,4,0,0,0,0,0,0,0,0,0,0
51.6394,5,0,0,0,0,0,0,0,0,0,0
51.6954,0,0.636704,-0.876534,6.77184,-0.112072,-0.002067,0.0103224,0.39604,0,0,0
51.6954,1,0.671489,-0.876278,3.48062,-0.0605622,-0.000932051,-0.0116524,0.397112,0,0,0
51.6954,2,-2.21138,-0.874989,5.09537,0.0135443,-0.000146849,0.0727896,0.33882,0,0,0
51.6954,3,0,0,0,0,0,0,0,0,0,0
51.6954,4,0,0,0,0,0,0,0,0,0,0
51.6954,5,0,0,0,0,0,0,0,0,0,0
51.7482,0,0.633448,-0.876776,6.7725,-0.107095,-0.00285707,0.00688715,0.397595,0,0,0
51.7482,1,0.669649,-0.876218,3.48008,-0.058373,-0.000725386,-0.0102948,0.397112,0,0,0
51.7482,2,-2.2111,-0.874992,5.0999,0.0126946,-0.000102802,0.0907891,0.337678,0,0,0
51.7482,3,0,0,0,0,0,0,0,0,0,0
51.7482,4,0,0,0,0,0,0,0,0,0,0
51.7482,5,0,0,0,0,0,0,0,0,0,0
51.8075,0,0.632392,-0.876616,6.77311,-0.0950758,-0.00251929,0.00602158,0.397595,0,0,0
51.8075,1,0.664654,-0.876222,3.47951,-0.0577429,-0.000595867,-0.00872622,0.397479,0,0,0
51.8075,2,-2.21149,-0.874996,5.11082,0.0113588,-7.19056e-05,0.109024,0.337678,0,0,0
51.8075,3,0,0,0,0,0,0,0,0,0,0
51.8075,4,0,0,0,0,0,0,0,0,0,0
51.8075,5,0,0,0,0,0,0,0,0,0,0
51.8672,0,0.631722,-0.876843,6.77336,-0.0832019,-0.00361033,0.00362514,0.398419,0,0,0
51.8672,1,0.663422,-0.876241,3.47909,-0.0542778,-0.000743601,-0.00760351,0.397479,0,0,0
51.8672,2,-2.21137,-0.875017,5.11567,0.00986426,-8.27954e-05,0.112482,0.336791,0,0,0
51.8672,3,0,0,0,0,0,0,0,0,0,0
51.8672,4,0,0,0,0,0,0,0,0,0,0
51.8672,5,0,0,0,0,0,0,0,0,0,0
51.925,0,0.63262,-0.87648,6.77345,-0.0675704,-0.00218663,0.00141738,0.398419,0,0,0
51.925,1,0.661442,-0.876141,3.47875,-0.0531872,-0.000387891,-0.0065809,0.397921,0,0,0
51.925,2,-2.21132,-0.875012,5.1226,0.00845433,-6.65312e-06,0.116124,0.336791,0,0,0
51.925,3,0,0,0,0,0,0,0,0,0,0
51.925,4,0,0,0,0,0,0,0,0,0,0
51.925,5,0,0,0,0,0,0,0,0,0,0
51.9848,0,0.634002,-0.875847,6.77343,-0.0522117,-0.000868338,-0.000520008,0.398528,0,0,0
51.9848,1,0.660238,-0.876059,3.47846,-0.0500955,-0.000199465,-0.00561149,0.397921,0,0,0
51.9848,2,-2.21102,-0.874985,5.12768,0.00687001,0.00013006,0.109699,0.33633,0,0,0
51.9848,3,0,0,0,0,0,0,0,0,0,0
51.9848,4,0,0,0,0,0,0,0,0,0,0
51.9848,5,0,0,0,0,0,0,0,0,0,0
52.0511,0,0.635724,-0.875363,6.77333,-0.0377103,0.000345146,-0.00114254,0.398528,0,0,0
52.0511,1,0.659826,-0.87614,3.47823,-0.0444055,-0.000700479,-0.00465211,0.398294,0,0,0
52.0511,2,-2.21126,-0.875097,5.13166,0.00507997,-0.000164252,0.0928193,0.33633,0,0,0
52.0511,3,0,0,0,0,0,0,0,0,0,0
52.0511,4,0,0,0,0,0,0,0,0,0,0
52.0511,5,0,0,0,0,0,0,0,0,0,0
52.1291,0,0.639472,-0.8761,6.77324,-0.0136043,-0.00330336,-0.00169819,0.398505,0,0,0
52.1291,1,0.657812,-0.875938,3.47803,-0.0448503,1.96409e-05,-0.00411483,0.398294,0,0,0
52.1291,2,-2.21149,-0.875012,5.13488,0.0035107,0.000164714,0.0729588,0.33633,0,0,0
52.1291,3,0,0,0,0,0,0,0,0,0,0
52.1291,4,0,0,0,0,0,0,0,0,0,0
52.1291,5,0,0,0,0,0,0,0,0,0,0
52.1919,0,0.640326,-0.875246,6.77314,-0.0106285,-0.000323499,-0.00222794,0.398505,0,0,0
52.1919,1,0.657963,-0.875844,3.47786,-0.0380686,0.000102248,-0.00340959,0.398511,0,0,0
52.1919,2,-2.21186,-0.875081,5.13578,0.00167203,-1.85044e-05,0.0345833,0.33633,0,0,0
52.1919,3,0,0,0,0,0,0,0,0,0,0
52.1919,4,0,0,0,0,0,0,0,0,0,0
52.1919,5,0,0,0,0,0,0,0,0,0,0
52.2601,0,0.643637,-0.874162,6.77306,0.00384322,0.00267907,-0.0019606,0.398495,0,0,0
52.2601,1,0.657105,-0.875835,3.4777,-0.0351086,-3.52639e-05,-0.00274743,0.398511,0,0,0
52.2601,2,-2.21222,-0.875103,5.13481,0.000110775,-4.1084e-05,-0.00317775,0.337034,0,0,0
52.2601,3,0,0,0,0,0,0,0,0,0,0
52.2601,4,0,0,0,0,0,0,0,0,0,0
52.2601,5,0,0,0,0,0,0,0,0,0,0
52.3179,0,0.646975,-0.8743,6.77293,0.0158321,0.00181596,-0.00201531,0.398495,0,0,0
52.3179,1,0.655395,-0.875772,3.4776,-0.0356207,0.000170381,-0.00229078,0.398566,0,0,0
52.3179,2,-2.21255,-0.875116,5.13411,-0.0011113,-4.90719e-05,-0.0331664,0.337672,0,0,0
52.3179,3,0,0,0,0,0,0,0,0,0,0
52.3179,4,0,0,0,0,0,0,0,0,0,0
52.3179,5,0,0,0,0,0,0,0,0,0,0
52.3757,0,0.649359,-0.874898,6.77282,0.0229544,-0.000816321,-0.00243442,0.398563,0,0,0
52.3757,1,0.655354,-0.876012,3.47752,-0.0297293,-0.000984986,-0.00194265,0.398566,0,0,0
52.3757,2,-2.2129,-0.87513,5.12867,-0.00239605,-5.44875e-05,-0.061617,0.337672,0,0,0
52.3757,3,0,0,0,0,0,0,0,0,0,0
52.3757,4,0,0,0,0,0,0,0,0,0,0
52.3757,5,0,0,0,0,0,0,0,0,0,0
52.4259,0,0.653925,-0.8728,6.77273,0.0320522,0.00553393,-0.00151429,0.398563,0,0,0
52.4259,1,0.655637,-0.875728,3.47746,-0.0287876,-4.23223e-05,-0.00156705,0.398716,0,0,0
52.4259,2,-2.21356,-0.875124,5.12267,-0.00409622,1.31438e-05,-0.087635,0.338565,0,0,0
52.4259,3,0,0,0,0,0,0,0,0,0,0
52.4259,4,0,0,0,0,0,0,0,0,0,0
52.4259,5,0,0,0,0,0,0,0,0,0,0
52.4862,0,0.658946,-0.873589,6.77268,0.0447027,0.00202736,-0.00139687,0.399124,0,0,0
52.4862,1,0.655165,-0.87566,3.47744,-0.0253118,1.1256e-05,-0.00143446,0.398716,0,0,0
52.4862,2,-2.21403,-0.875164,5.11656,-0.00512573,-8.71769e-05,-0.10228,0.338565,0,0,0
52.4862,3,0,0,0,0,0,0,0,0,0,0
52.4862,4,0,0,0,0,0,0,0,0,0,0
52.4862,5,0,0,0,0,0,0,0,0,0,0
52.5372,0,0.659856,-0.87345,6.77267,0.0479743,0.00242588,-0.00162133,0.399124,0,0,0
52.5372,1,0.654605,-0.875537,3.47735,-0.0228643,0.000307533,-0.000989967,0.398747,0,0,0
52.5372,2,-2.21444,-0.875163,5.11712,-0.00589872,-5.71915e-05,-0.103917,0.339536,0,0,0
52.5372,3,0,0,0,0,0,0,0,0,0,0
52.5372,4,0,0,0,0,0,0,0,0,0,0
52.5372,5,0,0,0,0,0,0,0,0,0,0
52.593,0,0.662294,-0.873328,6.77266,0.0502271,0.00243306,-0.00123183,0.399404,0,0,0
52.593,1,0.653698,-0.875365,3.4773,-0.0221692,0.000862472,-0.000858458,0.398747,0,0,0
52.593,2,-2.21457,-0.875167,5.11232,-0.00628282,-5.45924e-05,-0.105941,0.339536,0,0,0
52.593,3,0,0,0,0,0,0,0,0,0,0
52.593,4,0,0,0,0,0,0,0,0,0,0
52.593,5,0,0,0,0,0,0,0,0,0,0
52.6431,0,0.663498,-0.873056,6.77265,0.0467266,0.00319482,-0.000816821,0.399404,0,0,0
52.6431,1,0.653093,-0.875413,3.47723,-0.0202729,0.000490936,-0.000674958,0.398762,0,0,0
52.6431,2,-2.21508,-0.875193,5.10579,-0.00705325,-0.000120638,-0.105419,0.340618,0,0,0
52.6431,3,0,0,0,0,0,0,0,0,0,0
52.6431,4,0,0,0,0,0,0,0,0,0,0
52.6431,5,0,0,0,0,0,0,0,0,0,0
52.6985,0,0.66445,-0.873087,6.77269,0.0434481,0.00280576,-0.000370872,0.399649,0,0,0
52.6985,1,0.652073,-0.87519,3.4772,-0.020175,0.00122358,-0.000590379,0.398762,0,0,0
52.6985,2,-2.21549,-0.875151,5.1005,-0.00755746,5.76319e-05,-0.101425,0.340618,0,0,0
52.6985,3,0,0,0,0,0,0,0,0,0,0
52.6985,4,0,0,0,0,0,0,0,0,0,0
52.6985,5,0,0,0,0,0,0,0,0,0,0
52.7516,0,0.665441,-0.873171,6.77274,0.0409509,0.00219471,0.000227873,0.399649,0,0,0
52.7516,1,0.650937,-0.875185,3.47717,-0.0174608,0.000831091,-0.000443371,0.398678,0,0,0
52.7516,2,-2.21586,-0.87518,5.09481,-0.00771485,-4.39268e-05,-0.0928332,0.342193,0,0,0
52.7516,3,0,0,0,0,0,0,0,0,0,0
52.7516,4,0,0,0,0,0,0,0,0,0,0
52.7516,5,0,0,0,0,0,0,0,0,0,0
52.8017,0,0.667293,-0.873107,6.77278,0.0368276,0.00201274,6.59782e-06,0.40003,0,0,0
52.8017,1,0.650895,-0.87514,3.47714,-0.0143259,0.000740426,-0.000370299,0.398678,0,0,0
52.8017,2,-2.21616,-0.875182,5.09095,-0.00770058,-5.4498e-05,-0.0762316,0.342193,0,0,0
52.8017,3,0,0,0,0,0,0,0,0,0,0
52.8017,4,0,0,0,0,0,0,0,0,0,0
52.8017,5,0,0,0,0,0,0,0,0,0,0
52.8519,0,0.666548,-0.873333,6.7726,0.02966,0.00127468,-0.0042317,0.40003,0,0,0
52.8519,1,0.650905,-0.875129,3.47712,-0.0142891,0.000777388,-0.000327424,0.398724,0,0,0
52.8519,2,-2.21642,-0.87518,5.08793,-0.00758135,-5.10693e-05,-0.0497428,0.343426,0,0,0
52.8519,3,0,0,0,0,0,0,0,0,0,0
52.8519,4,0,0,0,0,0,0,0,0,0,0
52.8519,5,0,0,0,0,0,0,0,0,0,0
52.913,0,0.665334,-0.873185,6.7721,0.0221778,0.00177674,-0.0086658,0.399143,0,0,0
52.913,1,0.649447,-0.874861,3.4771,-0.0139819,0.0014175,-0.000277776,0.398724,0,0,0
52.913,2,-2.21663,-0.875182,5.08631,-0.00732494,-7.13419e-05,-0.0176482,0.343426,0,0,0
52.913,3,0,0,0,0,0,0,0,0,0,0
52.913,4,0,0,0,0,0,0,0,0,0,0
52.913,5,0,0,0,0,0,0,0,0,0,0
52.9631,0,0.662459,-0.873323,6.77087,0.0103949,0.00176012,-0.0310749,0.399143,0,0,0
52.9631,1,0.649259,-0.874894,3.47709,-0.012193,0.00108471,-0.000233535,0.398651,0,0,0
52.9631,2,-2.21677,-0.875171,5.08651,-0.00683724,-5.73614e-05,0.0197158,0.343926,0,0,0
52.9631,3,0,0,0,0,0,0,0,0,0,0
52.9631,4,0,0,0,0,0,0,0,0,0,0
52.9631,5,0,0,0,0,0,0,0,0,0,0
53.0186,0,0.661487,-0.873723,6.76901,0.00676664,0.000508968,-0.0479839,0.39764,0,0,0
53.0186,1,0.649125,-0.874885,3.47717,-0.0104942,0.000925541,0.00365966,0.398651,0,0,0
53.0186,2,-2.21691,-0.87516,5.08841,-0.00637334,-3.23896e-05,0.0523744,0.343926,0,0,0
53.0186,3,0,0,0,0,0,0,0,0,0,0
53.0186,4,0,0,0,0,0,0,0,0,0,0
53.0186,5,0,0,0,0,0,0,0,0,0,0
53.0751,0,0.661373,-0.874082,6.76531,0.00676166,-0.000670248,-0.057876,0.39764,0,0,0
53.0751,1,0.648862,-0.874869,3.47748,-0.00952552,0.00083281,0.0105897,0.398235,0,0,0
53.0751,2,-2.21704,-0.875172,5.09172,-0.00579848,-9.41132e-05,0.0787545,0.343656,0,0,0
53.0751,3,0,0,0,0,0,0,0,0,0,0
53.0751,4,0,0,0,0,0,0,0,0,0,0
53.0751,5,0,0,0,0,0,0,0,0,0,0
53.1253,0,0.661763,-0.874735,6.76113,0.0090518,-0.00286264,-0.07623,0.392002,0,0,0
53.1253,1,0.649289,-0.874895,3.47851,-0.00827909,0.000674774,0.0164291,0.398235,0,0,0
53.1253,2,-2.21711,-0.875147,5.09664,-0.00513851,-2.69999e-05,0.104005,0.343656,0,0,0
53.1253,3,0,0,0,0,0,0,0,0,0,0
53.1253,4,0,0,0,0,0,0,0,0,0,0
53.1253,5,0,0,0,0,0,0,0,0,0,0
53.1789,0,0.66251,-0.874424,6.75622,0.011257,-0.00155085,-0.0847116,0.392002,0,0,0
53.1789,1,0.649411,-0.874812,3.47975,-0.00717427,0.000776002,0.0402798,0.395999,0,0,0
53.1789,2,-2.2174,-0.875149,5.10192,-0.00529718,-2.7994e-05,0.113732,0.343178,0,0,0
53.1789,3,0,0,0,0,0,0,0,0,0,0
53.1789,4,0,0,0,0,0,0,0,0,0,0
53.1789,5,0,0,0,0,0,0,0,0,0,0
53.2317,0,0.666702,-0.875659,6.75204,0.0240521,-0.00590233,-0.0856715,0.383059,0,0,0
53.2317,1,0.649745,-0.874952,3.48189,-0.00552729,6.36598e-05,0.0565778,0.395999,0,0,0
53.2317,2,-2.21735,-0.875153,5.10635,-0.00426991,-8.33225e-05,0.122441,0.343178,0,0,0
53.2317,3,0,0,0,0,0,0,0,0,0,0
53.2317,4,0,0,0,0,0,0,0,0,0,0
53.2317,5,0,0,0,0,0,0,0,0,0,0
53.2941,0,0.67185,-0.876252,6.74758,0.037622,-0.00777747,-0.0769586,0.383059,0,0,0
53.2941,1,0.651384,-0.874338,3.48645,-7.63231e-05,0.00167515,0.0801563,0.389447,0,0,0
53.2941,2,-2.21749,-0.875133,5.11366,-0.00410943,-2.33544e-05,0.124651,0.342682,0,0,0
53.2941,3,0,0,0,0,0,0,0,0,0,0
53.2941,4,0,0,0,0,0,0,0,0,0,0
53.2941,5,0,0,0,0,0,0,0,0,0,0
53.3516,0,0.676346,-0.876266,6.74342,0.0463867,-0.0073888,-0.0738526,0.375513,0,0,0
53.3516,1,0.657957,-0.875424,3.4927,0.0189197,-0.00171065,0.092887,0.389447,0,0,0
53.3516,2,-2.21778,-0.875082,5.12149,-0.00450168,0.000173389,0.122146,0.342682,0,0,0
53.3516,3,0,0,0,0,0,0,0,0,0,0
53.3516,4,0,0,0,0,0,0,0,0,0,0
53.3516,5,0,0,0,0,0,0,0,0,0,0
53.4095,0,0.679951,-0.875362,6.74162,0.0510239,-0.00377198,-0.0597064,0.37072,0,0,0
53.4095,1,0.664235,-0.874178,3.49764,0.0362132,0.00202261,0.0980158,0.3794,0,0,0
53.4095,2,-2.21802,-0.875074,5.1274,-0.00468615,0.000183724,0.116966,0.343028,0,0,0
53.4095,3,0,0,0,0,0,0,0,0,0,0
53.4095,4,0,0,0,0,0,0,0,0,0,0
53.4095,5,0,0,0,0,0,0,0,0,0,0
53.4672,0,0.684456,-0.87537,6.74173,0.05771,-0.00328872,-0.0406647,0.37072,0,0,0
53.4672,1,0.671419,-0.875275,3.50219,0.0549546,-0.00210089,0.098871,0.3794,0,0,0
53.4672,2,-2.2184,-0.87506,5.13423,-0.00534407,0.000233877,0.105928,0.343028,0,0,0
53.4672,3,0,0,0,0,0,0,0,0,0,0
53.4672,4,0,0,0,0,0,0,0,0,0,0
53.4672,5,0,0,0,0,0,0,0,0,0,0
53.5339,0,0.692793,-0.875129,6.74081,0.0790425,-0.00336937,-0.00351054,0.372042,0,0,0
53.5339,1,0.674234,-0.873563,3.50691,0.0659093,0.00363245,0.0936,0.371372,0,0,0
53.5339,2,-2.21872,-0.875065,5.13963,-0.0056872,0.000190501,0.098338,0.343527,0,0,0
53.5339,3,0,0,0,0,0,0,0,0,0,0
53.5339,4,0,0,0,0,0,0,0,0,0,0
53.5339,5,0,0,0,0,0,0,0,0,0,0
53.5856,0,0.699496,-0.875956,6.74152,0.0914311,-0.00652676,0.00420805,0.372042,0,0,0
53.5856,1,0.684448,-0.874298,3.51172,0.0948105,-0.00039253,0.0747486,0.371372,0,0,0
53.5856,2,-2.21902,-0.875058,5.14937,-0.00591506,0.000195964,0.0937386,0.343527,0,0,0
53.5856,3,0,0,0,0,0,0,0,0,0,0
53.5856,4,0,0,0,0,0,0,0,0,0,0
53.5856,5,0,0,0,0,0,0,0,0,0,0
53.6482,0,0.7037,-0.875072,6.74307,0.0934995,-0.00266496,0.02508,0.376393,0,0,0
53.6482,1,0.699167,-0.873932,3.51503,0.117704,0.000395719,0.0517045,0.367534,0,0,0
53.6482,2,-2.21933,-0.875054,5.14844,-0.00614471,0.000190659,0.0833783,0.344884,0,0,0
53.6482,3,0,0,0,0,0,0,0,0,0,0
53.6482,4,0,0,0,0,0,0,0,0,0,0
53.6482,5,0,0,0,0,0,0,0,0,0,0
53.7038,0,0.706224,-0.874634,6.7448,0.0888557,-0.000487699,0.0327645,0.376393,0,0,0
53.7038,1,0.70131,-0.87414,3.5168,0.125478,-0.000622394,0.0282733,0.367534,0,0,0
53.7038,2,-2.21957,-0.875061,5.15603,-0.00606364,0.00012782,0.0790913,0.344884,0,0,0
53.7038,3,0,0,0,0,0,0,0,0,0,0
53.7038,4,0,0,0,0,0,0,0,0,0,0
53.7038,5,0,0,0,0,0,0,0,0,0,0
53.7616,0,0.706698,-0.874806,6.7464,0.076857,-0.00036402,0.0374151,0.38028,0,0,0
53.7616,1,0.71514,-0.873195,3.51824,0.135828,0.00232085,-0.000495136,0.367977,0,0,0
53.7616,2,-2.21975,-0.875068,5.1589,-0.00574864,6.16896e-05,0.0756225,0.345968,0,0,0
53.7616,3,0,0,0,0,0,0,0,0,0,0
53.7616,4,0,0,0,0,0,0,0,0,0,0
53.7616,5,0,0,0,0,0,0,0,0,0,0
53.8193,0,0.706962,-0.874543,6.7485,0.0659777,0.00113289,0.0400272,0.38028,0,0,0
53.8193,1,0.723984,-0.87367,3.51753,0.144295,0.000310209,-0.0246331,0.367977,0,0,0
53.8193,2,-2.21995,-0.87507,5.16233,-0.00563226,3.4133e-05,0.0695559,0.345968,0,0,0
53.8193,3,0,0,0,0,0,0,0,0,0,0
53.8193,4,0,0,0,0,0,0,0,0,0,0
53.8193,5,0,0,0,0,0,0,0,0,0,0
53.8709,0,0.705313,-0.874661,6.75089,0.0492823,0.00132365,0.0407939,0.384373,0,0,0
53.8709,1,0.72256,-0.874012,3.51645,0.137973,-0.000795544,-0.040181,0.371588,0,0,0
53.8709,2,-2.22023,-0.875038,5.16575,-0.00569197,0.000150471,0.0431002,0.346965,0,0,0
53.8709,3,0,0,0,0,0,0,0,0,0,0
53.8709,4,0,0,0,0,0,0,0,0,0,0
53.8709,5,0,0,0,0,0,0,0,0,0,0
53.9285,0,0.702851,-0.874346,6.75311,0.0321702,0.003038,0.0398144,0.384373,0,0,0
53.9285,1,0.725181,-0.87373,3.51467,0.123789,0.000990102,-0.0503518,0.371588,0,0,0
53.9285,2,-2.22035,-0.875037,5.16732,-0.00515423,0.00010868,0.0333277,0.346965,0,0,0
53.9285,3,0,0,0,0,0,0,0,0,0,0
53.9285,4,0,0,0,0,0,0,0,0,0,0
53.9285,5,0,0,0,0,0,0,0,0,0,0
53.9845,0,0.700338,-0.874457,6.75525,0.0175188,0.00290234,0.038181,0.387643,0,0,0
53.9845,1,0.733736,-0.874178,3.51109,0.117418,-0.000370435,-0.0582127,0.374002,0,0,0
53.9845,2,-2.22039,-0.875049,5.1672,-0.0043262,2.28277e-05,0.000255999,0.347934,0,0,0
53.9845,3,0,0,0,0,0,0,0,0,0,0
53.9845,4,0,0,0,0,0,0,0,0,0,0
53.9845,5,0,0,0,0,0,0,0,0,0,0
54.0401,0,0.697469,-0.874583,6.75696,0.00364794,0.00268403,0.0356456,0.387643,0,0,0
54.0401,1,0.727957,-0.87403,3.50888,0.0968622,0.000831143,-0.0592773,0.374002,0,0,0
54.0401,2,-2.22033,-0.875024,5.16602,-0.00331576,6.86359e-05,-0.0189832,0.347934,0,0,0
54.0401,3,0,0,0,0,0,0,0,0,0,0
54.0401,4,0,0,0,0,0,0,0,0,0,0
54.0401,5,0,0,0,0,0,0,0,0,0,0
54.0964,0,0.692952,-0.874523,6.759,-0.0138084,0.00344475,0.0313894,0.389968,0,0,0
54.0964,1,0.727118,-0.873763,3.50691,0.0781835,0.00240354,-0.0580627,0.380322,0,0,0
54.0964,2,-2.22012,-0.875022,5.16504,-0.00185066,2.50808e-06,-0.0473861,0.347757,0,0,0
54.0964,3,0,0,0,0,0,0,0,0,0,0
54.0964,4,0,0,0,0,0,0,0,0,0,0
54.0964,5,0,0,0,0,0,0,0,0,0,0
54.1499,0,0.688692,-0.874694,6.76055,-0.0276308,0.00304864,0.0285284,0.389968,0,0,0
54.1499,1,0.726095,-0.873439,3.50516,0.0626238,0.00399337,-0.055825,0.380322,0,0,0
54.1499,2,-2.2198,-0.87508,5.15808,-0.000254736,-0.000270458,-0.0766477,0.347757,0,0,0
54.1499,3,0,0,0,0,0,0,0,0,0,0
54.1499,4,0,0,0,0,0,0,0,0,0,0
54.1499,5,0,0,0,0,0,0,0,0,0,0
54.2035,0,0.683631,-0.874684,6.76185,-0.0424486,0.00344371,0.0239921,0.391267,0,0,0
54.2035,1,0.724432,-0.87627,3.50183,0.040596,-0.00469933,-0.051281,0.383412,0,0,0
54.2035,2,-2.21948,-0.875099,5.15342,0.00101525,-0.000380584,-0.0945872,0.346388,0,0,0
54.2035,3,0,0,0,0,0,0,0,0,0,0
54.2035,4,0,0,0,0,0,0,0,0,0,0
54.2035,5,0,0,0,0,0,0,0,0,0,0
54.2537,0,0.680694,-0.875067,6.76266,-0.0472685,0.00168345,0.0215665,0.391267,0,0,0
54.2537,1,0.716273,-0.874589,3.49856,0.0112974,0.0022245,-0.0453751,0.383412,0,0,0
54.2537,2,-2.21909,-0.875023,5.14878,0.00221518,-0.000158003,-0.105938,0.346388,0,0,0
54.2537,3,0,0,0,0,0,0,0,0,0,0
54.2537,4,0,0,0,0,0,0,0,0,0,0
54.2537,5,0,0,0,0,0,0,0,0,0,0
54.3038,0,0.675512,-0.87521,6.76382,-0.0590214,0.00158905,0.0169727,0.392091,0,0,0
54.3038,1,0.708996,-0.875744,3.49616,-0.0162145,-0.00113384,-0.0398813,0.387343,0,0,0
54.3038,2,-2.21883,-0.874879,5.14804,0.00276597,0.000291605,-0.107409,0.344912,0,0,0
54.3038,3,0,0,0,0,0,0,0,0,0,0
54.3038,4,0,0,0,0,0,0,0,0,0,0
54.3038,5,0,0,0,0,0,0,0,0,0,0
54.3621,0,0.670076,-0.875039,6.76469,-0.06988,0.00253231,0.0136936,0.392091,0,0,0
54.3621,1,0.70265,-0.874396,3.49436,-0.0351314,0.00342373,-0.0356523,0.387343,0,0,0
54.3621,2,-2.21819,-0.874977,5.14175,0.00446468,-8.99807e-05,-0.109334,0.344912,0,0,0
54.3621,3,0,0,0,0,0,0,0,0,0,0
54.3621,4,0,0,0,0,0,0,0,0,0,0
54.3621,5,0,0,0,0,0,0,0,0,0,0
54.4192,0,0.666629,-0.875469,6.76536,-0.0724488,0.000699913,0.0113904,0.39257,0,0,0
54.4192,1,0.698434,-0.876827,3.49277,-0.044672,-0.00424436,-0.0309514,0.388483,0,0,0
54.4192,2,-2.21783,-0.874956,5.13752,0.00510796,-5.12756e-05,-0.108761,0.343602,0,0,0
54.4192,3,0,0,0,0,0,0,0,0,0,0
54.4192,4,0,0,0,0,0,0,0,0,0,0
54.4192,5,0,0,0,0,0,0,0,0,0,0
54.476,0,0.662391,-0.875503,6.76594,-0.0757952,0.000634086,0.00936708,0.39257,0,0,0
54.476,1,0.695308,-0.875972,3.49139,-0.0560758,-0.000761877,-0.0274349,0.388483,0,0,0
54.476,2,-2.21721,-0.874993,5.1323,0.00654938,-0.000284063,-0.10561,0.343602,0,0,0
54.476,3,0,0,0,0,0,0,0,0,0,0
54.476,4,0,0,0,0,0,0,0,0,0,0
54.476,5,0,0,0,0,0,0,0,0,0,0
54.5315,0,0.660816,-0.875779,6.76632,-0.0707214,-0.00084852,0.00814322,0.392955,0,0,0
54.5315,1,0.687958,-0.876344,3.48895,-0.0664484,-0.00155832,-0.0251762,0.389999,0,0,0
54.5315,2,-2.2168,-0.874944,5.12636,0.00702943,-0.000100348,-0.101131,0.342284,0,0,0
54.5315,3,0,0,0,0,0,0,0,0,0,0
54.5315,4,0,0,0,0,0,0,0,0,0,0
54.5315,5,0,0,0,0,0,0,0,0,0,0
54.5925,0,0.657883,-0.875722,6.76681,-0.0711028,-0.000560526,0.00743937,0.392955,0,0,0
54.5925,1,0.684599,-0.876144,3.48812,-0.0696554,-0.000728933,-0.0226604,0.389999,0,0,0
54.5925,2,-2.2164,-0.874863,5.12235,0.00739768,0.00015881,-0.0970042,0.342284,0,0,0
54.5925,3,0,0,0,0,0,0,0,0,0,0
54.5925,4,0,0,0,0,0,0,0,0,0,0
54.5925,5,0,0,0,0,0,0,0,0,0,0
54.648,0,0.654457,-0.875629,6.76729,-0.073039,-5.17929e-05,0.00732497,0.3934,0,0,0
54.648,1,0.682605,-0.876064,3.48741,-0.0688407,-0.00139771,-0.0203512,0.39144,0,0,0
54.648,2,-2.21605,-0.874868,5.1158,0.00752044,0.000123111,-0.0895681,0.341406,0,0,0
54.648,3,0,0,0,0,0,0,0,0,0,0
54.648,4,0,0,0,0,0,0,0,0,0,0
54.648,5,0,0,0,0,0,0,0,0,0,0
54.6989,0,0.651443,-0.875965,6.7678,-0.0725546,-0.00125512,0.0075512,0.3934,0,0,0
54.6989,1,0.680062,-0.876411,3.4864,-0.0682921,-0.00231797,-0.0180013,0.39144,0,0,0
54.6989,2,-2.21586,-0.874866,5.11096,0.00705428,0.000139643,-0.0848313,0.341406,0,0,0
54.6989,3,0,0,0,0,0,0,0,0,0,0
54.6989,4,0,0,0,0,0,0,0,0,0,0
54.6989,5,0,0,0,0,0,0,0,0,0,0
54.7588,0,0.649999,-0.87603,6.76823,-0.0666361,-0.00167686,0.00825677,0.394029,0,0,0
54.7588,1,0.678159,-0.876812,3.48638,-0.065156,-0.00365184,-0.0160094,0.392488,0,0,0
54.7588,2,-2.2155,-0.874863,5.1073,0.00733307,0.000131129,-0.0809883,0.341151,0,0,0
54.7588,3,0,0,0,0,0,0,0,0,0,0
54.7588,4,0,0,0,0,0,0,0,0,0,0
54.7588,5,0,0,0,0,0,0,0,0,0,0
54.8253,0,0.648937,-0.876172,6.7688,-0.0588159,-0.00231956,0.00919479,0.394029,0,0,0
54.8253,1,0.676423,-0.876587,3.48565,-0.0619652,-0.00251734,-0.0148456,0.392488,0,0,0
54.8253,2,-2.21548,-0.874846,5.10416,0.00642014,0.000215091,-0.0762924,0.341122,0,0,0
54.8253,3,0,0,0,0,0,0,0,0,0,0
54.8253,4,0,0,0,0,0,0,0,0,0,0
54.8253,5,0,0,0,0,0,0,0,0,0,0
54.8807,0,0.64823,-0.876543,6.76935,-0.0521467,-0.00375941,0.0100878,0.395041,0,0,0
54.8807,1,0.673558,-0.876413,3.48422,-0.0636205,-0.00167769,-0.0143515,0.392731,0,0,0
54.8807,2,-2.21541,-0.874863,5.09928,0.00577332,0.000167528,-0.0736598,0.341122,0,0,0
54.8807,3,0,0,0,0,0,0,0,0,0,0
54.8807,4,0,0,0,0,0,0,0,0,0,0
54.8807,5,0,0,0,0,0,0,0,0,0,0
54.9309,0,0.648229,-0.876329,6.76991,-0.044621,-0.00322256,0.0110228,0.395041,0,0,0
54.9309,1,0.672352,-0.876358,3.48361,-0.0597331,-0.00150199,-0.0137465,0.392731,0,0,0
54.9309,2,-2.21533,-0.87483,5.0921,0.00518812,0.000298088,-0.0741203,0.341911,0,0,0
54.9309,3,0,0,0,0,0,0,0,0,0,0
54.9309,4,0,0,0,0,0,0,0,0,0,0
54.9309,5,0,0,0,0,0,0,0,0,0,0
54.9861,0,0.648539,-0.876272,6.77051,-0.0366053,-0.00321265,0.0114466,0.395595,0,0,0
54.9861,1,0.672586,-0.876615,3.48364,-0.0510234,-0.00259598,-0.012783,0.394248,0,0,0
54.9861,2,-2.21534,-0.874881,5.08896,0.00439494,0.000138072,-0.0719506,0.341911,0,0,0
54.9861,3,0,0,0,0,0,0,0,0,0,0
54.9861,4,0,0,0,0,0,0,0,0,0,0
54.9861,5,0,0,0,0,0,0,0,0,0,0
55.0389,0,0.649786,-0.875902,6.77119,-0.0266814,-0.00216459,0.011537,0.395595,0,0,0
55.0389,1,0.670393,-0.876342,3.48285,-0.051651,-0.00143164,-0.0120084,0.394248,0,0,0
55.0389,2,-2.21531,-0.87487,5.08859,0.00385493,0.000201564,-0.0682627,0.342251,0,0,0
55.0389,3,0,0,0,0,0,0,0,0,0,0
55.0389,4,0,0,0,0,0,0,0,0,0,0
55.0389,5,0,0,0,0,0,0,0,0,0,0
55.1017,0,0.650804,-0.875226,6.77156,-0.0187413,0.000208557,0.0113097,0.397395,0,0,0
55.1017,1,0.668911,-0.876097,3.48229,-0.0498601,-0.000550839,-0.0116787,0.39477,0,0,0
55.1017,2,-2.21537,-0.874929,5.08114,0.00309942,1.06817e-05,-0.0692395,0.342251,0,0,0
55.1017,3,0,0,0,0,0,0,0,0,0,0
55.1017,4,0,0,0,0,0,0,0,0,0,0
55.1017,5,0,0,0,0,0,0,0,0,0,0
55.1579,0,0.652227,-0.875465,6.77222,-0.0103282,-0.00103011,0.0107357,0.397395,0,0,0
55.1579,1,0.669062,-0.876054,3.48168,-0.0426199,-0.000595528,-0.0109869,0.395778,0,0,0
55.1579,2,-2.21536,-0.874934,5.07776,0.00260963,2.29194e-05,-0.0667466,0.342251,0,0,0
55.1579,3,0,0,0,0,0,0,0,0,0,0
55.1579,4,0,0,0,0,0,0,0,0,0,0
55.1579,5,0,0,0,0,0,0,0,0,0,0
55.2081,0,0.653652,-0.87523,6.77275,-0.00299573,-0.000344408,0.0101992,0.398153,0,0,0
55.2081,1,0.667524,-0.876015,3.48111,-0.0417278,-0.000449486,-0.00997778,0.395778,0,0,0
55.2081,2,-2.21536,-0.874947,5.07618,0.00216225,-9.80535e-07,-0.0497118,0.343623,0,0,0
55.2081,3,0,0,0,0,0,0,0,0,0,0
55.2081,4,0,0,0,0,0,0,0,0,0,0
55.2081,5,0,0,0,0,0,0,0,0,0,0
55.2588,0,0.654442,-0.875181,6.77319,0.000826263,-0.000268121,0.00963314,0.398153,0,0,0
55.2588,1,0.666581,-0.875909,3.48062,-0.0388463,-0.00020768,-0.00906207,0.396569,0,0,0
55.2588,2,-2.21537,-0.874972,5.07461,0.00178719,-7.03373e-05,-0.023405,0.344076,0,0,0
55.2588,3,0,0,0,0,0,0,0,0,0,0
55.2588,4,0,0,0,0,0,0,0,0,0,0
55.2588,5,0,0,0,0,0,0,0,0,0,0
55.3115,0,0.655354,-0.875012,6.77355,0.00442257,0.00016839,0.0088346,0.399706,0,0,0
55.3115,1,0.665655,-0.876051,3.48023,-0.0362173,-0.000857264,-0.00821989,0.396569,0,0,0
55.3115,2,-2.21537,-0.874989,5.07436,0.00148561,-0.00010633,0.010339,0.344076,0,0,0
55.3115,3,0,0,0,0,0,0,0,0,0,0
55.3115,4,0,0,0,0,0,0,0,0,0,0
55.3115,5,0,0,0,0,0,0,0,0,0,0
55.3745,0,0.656822,-0.874996,6.77403,0.00934657,-0.000159088,0.00748418,0.399706,0,0,0
55.3745,1,0.663783,-0.875949,3.47979,-0.0368263,-0.000431176,-0.00726779,0.39711,0,0,0
55.3745,2,-2.21536,-0.874992,5.07606,0.00127999,-9.58086e-05,0.0400655,0.343859,0,0,0
55.3745,3,0,0,0,0,0,0,0,0,0,0
55.3745,4,0,0,0,0,0,0,0,0,0,0
55.3745,5,0,0,0,0,0,0,0,0,0,0
55.4273,0,0.657335,-0.875005,6.77431,0.0102826,-0.000171029,0.00741443,0.4003,0,0,0
55.4273,1,0.662003,-0.875606,3.47952,-0.0370355,0.000688605,-0.00658389,0.39711,0,0,0
55.4273,2,-2.21536,-0.87498,5.07834,0.00105976,-2.84383e-05,0.0627789,0.343859,0,0,0
55.4273,3,0,0,0,0,0,0,0,0,0,0
55.4273,4,0,0,0,0,0,0,0,0,0,0
55.4273,5,0,0,0,0,0,0,0,0,0,0
55.4836,0,0.658291,-0.874644,6.77466,0.012535,0.000822479,0.00661939,0.4003,0,0,0
55.4836,1,0.66129,-0.875666,3.47924,-0.0343016,0.000322891,-0.00568212,0.397425,0,0,0
55.4836,2,-2.21542,-0.874997,5.0831,0.000732061,-6.13253e-05,0.0892657,0.342985,0,0,0
55.4836,3,0,0,0,0,0,0,0,0,0,0
55.4836,4,0,0,0,0,0,0,0,0,0,0
55.4836,5,0,0,0,0,0,0,0,0,0,0
55.5389,0,0.65984,-0.873891,6.77498,0.0157416,0.00286105,0.00475188,0.401494,0,0,0
55.5389,1,0.661893,-0.875588,3.47895,-0.0321344,0.000526651,-0.00495392,0.397425,0,0,0
55.5389,2,-2.21547,-0.874978,5.08877,0.000436015,3.1482e-05,0.106635,0.342985,0,0,0
55.5389,3,0,0,0,0,0,0,0,0,0,0
55.5389,4,0,0,0,0,0,0,0,0,0,0
55.5389,5,0,0,0,0,0,0,0,0,0,0
55.5894,0,0.66155,-0.874159,6.7751,0.0194896,0.00162098,0.00272187,0.401494,0,0,0
55.5894,1,0.65942,-0.875548,3.47883,-0.0305423,0.000435365,-0.00430132,0.397425,0,0,0
55.5894,2,-2.21561,-0.874967,5.09533,-7.76659e-05,0.00010617,0.117155,0.341896,0,0,0
55.5894,3,0,0,0,0,0,0,0,0,0,0
55.5894,4,0,0,0,0,0,0,0,0,0,0
55.5894,5,0,0,0,0,0,0,0,0,0,0
55.6403,0,0.662551,-0.874077,6.77518,0.0205897,0.00166534,0.00201696,0.401771,0,0,0
55.6403,1,0.658906,-0.875579,3.47862,-0.0277195,0.000167133,-0.00349517,0.397661,0,0,0
55.6403,2,-2.2158,-0.874985,5.10084,-0.000731982,7.53276e-05,0.121902,0.341896,0,0,0
55.6403,3,0,0,0,0,0,0,0,0,0,0
55.6403,4,0,0,0,0,0,0,0,0,0,0
55.6403,5,0,0,0,0,0,0,0,0,0,0
55.6905,0,0.662393,-0.873806,6.77522,0.017559,0.00249615,0.000975669,0.401771,0,0,0
55.6905,1,0.658228,-0.87544,3.47844,-0.0257384,0.000476387,0.000371211,0.397661,0,0,0
55.6905,2,-2.21601,-0.874985,5.10693,-0.00142064,0.000101892,0.122733,0.341896,0,0,0
55.6905,3,0,0,0,0,0,0,0,0,0,0
55.6905,4,0,0,0,0,0,0,0,0,0,0
55.6905,5,0,0,0,0,0,0,0,0,0,0
55.7514,0,0.662458,-0.873711,6.77519,0.0153814,0.00261858,0.000604457,0.401964,0,0,0
55.7514,1,0.656932,-0.875349,3.47859,-0.0261112,0.000699687,0.00980059,0.39795,0,0,0
55.7514,2,-2.21625,-0.874969,5.11225,-0.00213813,0.000188175,0.121162,0.341493,0,0,0
55.7514,3,0,0,0,0,0,0,0,0,0,0
55.7514,4,0,0,0,0,0,0,0,0,0,0
55.7514,5,0,0,0,0,0,0,0,0,0,0
55.8043,0,0.662679,-0.874034,6.7752,0.0143008,0.00126122,-0.000343857,0.401964,0,0,0
55.8043,1,0.656857,-0.87546,3.48085,-0.0227544,5.55678e-06,0.0258086,0.39544,0,0,0
55.8043,2,-2.21662,-0.874987,5.11869,-0.00315979,0.000162487,0.117209,0.341676,0,0,0
55.8043,3,0,0,0,0,0,0,0,0,0,0
55.8043,4,0,0,0,0,0,0,0,0,0,0
55.8043,5,0,0,0,0,0,0,0,0,0,0
55.8584,0,0.661962,-0.873873,6.77517,0.0104486,0.00167428,-0.000729318,0.401974,0,0,0
55.8584,1,0.657388,-0.875624,3.4839,-0.0182159,-0.000949098,0.0464397,0.39544,0,0,0
55.8584,2,-2.21694,-0.875002,5.12456,-0.00378872,6.1089e-05,0.111531,0.341676,0,0,0
55.8584,3,0,0,0,0,0,0,0,0,0,0
55.8584,4,0,0,0,0,0,0,0,0,0,0
55.8584,5,0,0,0,0,0,0,0,0,0,0
55.9193,0,0.660876,-0.874029,6.77513,0.00654199,0.00124348,-0.000959618,0.401974,0,0,0
55.9193,1,0.657206,-0.874963,3.48758,-0.0172725,0.00117926,0.0659953,0.39544,0,0,0
55.9193,2,-2.21727,-0.875025,5.13018,-0.00448684,7.22731e-06,0.106292,0.342307,0,0,0
55.9193,3,0,0,0,0,0,0,0,0,0,0
55.9193,4,0,0,0,0,0,0,0,0,0,0
55.9193,5,0,0,0,0,0,0,0,0,0,0
55.9753,0,0.660115,-0.874177,6.77515,0.00299372,0.000632812,-0.000845409,0.401741,0,0,0
55.9753,1,0.659588,-0.874817,3.48773,-0.00804167,0.00123277,0.0760838,0.388753,0,0,0
55.9753,2,-2.21754,-0.875056,5.13557,-0.00476898,-9.61876e-05,0.101625,0.342307,0,0,0
55.9753,3,0,0,0,0,0,0,0,0,0,0
55.9753,4,0,0,0,0,0,0,0,0,0,0
55.9753,5,0,0,0,0,0,0,0,0,0,0
56.0255,0,0.659006,-0.874376,6.77504,-0.00123431,-1.80898e-06,-0.0010803,0.401741,0,0,0
56.0255,1,0.662652,-0.87528,3.49117,0.0030383,-0.000667909,0.0792583,0.388753,0,0,0
56.0255,2,-2.21788,-0.875024,5.1409,-0.00538092,6.09552e-05,0.0967972,0.343247,0,0,0
56.0255,3,0,0,0,0,0,0,0,0,0,0
56.0255,4,0,0,0,0,0,0,0,0,0,0
56.0255,5,0,0,0,0,0,0,0,0,0,0
56.0773,0,0.657466,-0.874185,6.77499,-0.00644967,0.000897967,-0.00138843,0.401485,0,0,0
56.0773,1,0.670607,-0.876251,3.49861,0.0308609,-0.00567221,0.0779194,0.385669,0,0,0
56.0773,2,-2.21788,-0.875024,5.1409,-0.00538092,6.09552e-05,0.0967972,0.343247,0,0,0
56.0773,3,0,0,0,0,0,0,0,0,0,0
56.0773,4,0,0,0,0,0,0,0,0,0,0
56.0773,5,0,0,0,0,0,0,0,0,0,0
56.1331,0,0.656044,-0.874647,6.77495,-0.0103027,-0.000728066,-0.00111116,0.401485,0,0,0
56.1331,1,0.674366,-0.874487,3.50192,0.0406644,0.000423266,0.0596167,0.376333,0,0,0
56.1331,2,-2.21828,-0.875056,5.15072,-0.00537926,-4.63095e-05,0.0912018,0.343672,0,0,0
56.1331,3,0,0,0,0,0,0,0,0,0,0
56.1331,4,0,0,0,0,0,0,0,0,0,0
56.1331,5,0,0,0,0,0,0,0,0,0,0
56.1833,0,0.65486,-0.874308,6.7749,-0.0129724,0.00066804,-0.00137772,0.401149,0,0,0
56.1833,1,0.68305,-0.875419,3.50366,0.0646637,-0.00322493,0.0382616,0.376333,0,0,0
56.1833,2,-2.21843,-0.875076,5.15453,-0.00508471,-0.000125097,0.0847511,0.343672,0,0,0
56.1833,3,0,0,0,0,0,0,0,0,0,0
56.1833,4,0,0,0,0,0,0,0,0,0,0
56.1833,5,0,0,0,0,0,0,0,0,0,0
56.2411,0,0.654078,-0.87483,6.77494,-0.013634,-0.00126714,-0.00106851,0.401149,0,0,0
56.2411,1,0.68881,-0.875,3.50455,0.0753279,-0.00180918,0.0240911,0.37591,0,0,0
56.2411,2,-2.2185,-0.875063,5.15848,-0.00455276,-8.85581e-05,0.0702325,0.343672,0,0,0
56.2411,3,0,0,0,0,0,0,0,0,0,0
56.2411,4,0,0,0,0,0,0,0,0,0,0
56.2411,5,0,0,0,0,0,0,0,0,0,0
56.3067,0,0.652166,-0.875163,6.77489,-0.0180988,-0.00203619,-0.00101089,0.400999,0,0,0
56.3067,1,0.692791,-0.874206,3.50394,0.0781,0.000957104,-0.00126834,0.37591,0,0,0
56.3067,2,-2.21853,-0.875062,5.16159,-0.00391689,-9.40839e-05,0.0462827,0.345129,0,0,0
56.3067,3,0,0,0,0,0,0,0,0,0,0
56.3067,4,0,0,0,0,0,0,0,0,0,0
56.3067,5,0,0,0,0,0,0,0,0,0,0
56.3654,0,0.648685,-0.875126,6.77483,-0.0239093,-0.00125157,-0.000979031,0.400999,0,0,0
56.3654,1,0.70055,-0.874726,3.50325,0.0932919,-0.00222868,-0.0196251,0.379352,0,0,0
56.3654,2,-2.21853,-0.875086,5.1633,-0.00322961,-0.000195745,0.0137764,0.345657,0,0,0
56.3654,3,0,0,0,0,0,0,0,0,0,0
56.3654,4,0,0,0,0,0,0,0,0,0,0
56.3654,5,0,0,0,0,0,0,0,0,0,0
56.429,0,0.647196,-0.875372,6.77474,-0.0254284,-0.00185418,-0.00115279,0.400527,0,0,0
56.429,1,0.706242,-0.874197,3.5018,0.0985872,-0.00035484,-0.0279748,0.379352,0,0,0
56.429,2,-2.21848,-0.87508,5.16292,-0.00254585,-0.000184234,-0.0223106,0.345657,0,0,0
56.429,3,0,0,0,0,0,0,0,0,0,0
56.429,4,0,0,0,0,0,0,0,0,0,0
56.429,5,0,0,0,0,0,0,0,0,0,0
56.4791,0,0.645812,-0.875467,6.77471,-0.0262514,-0.00191172,-0.00110232,0.400527,0,0,0
56.4791,1,0.709732,-0.874038,3.50056,0.0964276,0.000280907,-0.0315901,0.383904,0,0,0
56.4791,2,-2.21842,-0.875067,5.16091,-0.00199711,-0.000151149,-0.0488544,0.345296,0,0,0
56.4791,3,0,0,0,0,0,0,0,0,0,0
56.4791,4,0,0,0,0,0,0,0,0,0,0
56.4791,5,0,0,0,0,0,0,0,0,0,0
56.5349,0,0.644646,-0.875662,6.7747,-0.0259139,-0.00228073,-0.00100706,0.400251,0,0,0
56.5349,1,0.707217,-0.873318,3.4992,0.0746883,0.00350056,-0.0335793,0.383904,0,0,0
56.5349,2,-2.21837,-0.875037,5.15716,-0.00156802,-4.84626e-05,-0.0788718,0.345296,0,0,0
56.5349,3,0,0,0,0,0,0,0,0,0,0
56.5349,4,0,0,0,0,0,0,0,0,0,0
56.5349,5,0,0,0,0,0,0,0,0,0,0
56.5881,0,0.643679,-0.87582,6.77467,-0.0254889,-0.00252154,-0.000838352,0.400251,0,0,0
56.5881,1,0.706507,-0.87322,3.49684,0.0610715,0.00435168,-0.0315739,0.386848,0,0,0
56.5881,2,-2.21836,-0.875036,5.1529,-0.00137758,-5.11158e-05,-0.0953929,0.34487,0,0,0
56.5881,3,0,0,0,0,0,0,0,0,0,0
56.5881,4,0,0,0,0,0,0,0,0,0,0
56.5881,5,0,0,0,0,0,0,0,0,0,0
56.6409,0,0.642399,-0.875731,6.77466,-0.0257477,-0.00190824,-0.000530886,0.400105,0,0,0
56.6409,1,0.704626,-0.873217,3.49607,0.044789,0.00452722,-0.0290692,0.386848,0,0,0
56.6409,2,-2.21837,-0.875023,5.1477,-0.00124533,-4.97291e-06,-0.109055,0.34487,0,0,0
56.6409,3,0,0,0,0,0,0,0,0,0,0
56.6409,4,0,0,0,0,0,0,0,0,0,0
56.6409,5,0,0,0,0,0,0,0,0,0,0
56.6911,0,0.642399,-0.875731,6.77466,-0.0257477,-0.00190824,-0.000530886,0.400105,0,0,0
56.6911,1,0.702564,-0.872797,3.49424,0.0304248,0.00630613,-0.0290095,0.387208,0,0,0
56.6911,2,-2.21843,-0.875008,5.14228,-0.00128741,4.86252e-05,-0.115974,0.343866,0,0,0
56.6911,3,0,0,0,0,0,0,0,0,0,0
56.6911,4,0,0,0,0,0,0,0,0,0,0
56.6911,5,0,0,0,0,0,0,0,0,0,0
56.7412,0,0.64148,-0.875922,6.77464,-0.0240107,-0.00223712,-0.000589877,0.40004,0,0,0
56.7412,1,0.700195,-0.874034,3.49396,0.0176198,0.00189285,-0.0238056,0.387208,0,0,0
56.7412,2,-2.21859,-0.874971,5.13625,-0.00162074,0.000197731,-0.119118,0.343866,0,0,0
56.7412,3,0,0,0,0,0,0,0,0,0,0
56.7412,4,0,0,0,0,0,0,0,0,0,0
56.7412,5,0,0,0,0,0,0,0,0,0,0
56.8012,0,0.641065,-0.875785,6.77465,-0.0190751,-0.00147304,-0.000219349,0.40004,0,0,0
56.8012,1,0.696682,-0.874488,3.49286,0.00220405,0.000869689,-0.0195828,0.388388,0,0,0
56.8012,2,-2.21869,-0.875033,5.13114,-0.00166657,-4.57265e-05,-0.118081,0.34374,0,0,0
56.8012,3,0,0,0,0,0,0,0,0,0,0
56.8012,4,0,0,0,0,0,0,0,0,0,0
56.8012,5,0,0,0,0,0,0,0,0,0,0
56.8539,0,0.641065,-0.875785,6.77465,-0.0190751,-0.00147304,-0.000219349,0.399973,0,0,0
56.8539,1,0.691148,-0.874217,3.49163,-0.018046,0.00292956,-0.0170063,0.388388,0,0,0
56.8539,2,-2.21898,-0.874923,5.12431,-0.0024221,0.000399015,-0.123625,0.34374,0,0,0
56.8539,3,0,0,0,0,0,0,0,0,0,0
56.8539,4,0,0,0,0,0,0,0,0,0,0
56.8539,5,0,0,0,0,0,0,0,0,0,0
56.9107,0,0.641342,-0.875923,6.77465,-0.0147863,-0.00186914,2.80389e-05,0.399973,0,0,0
56.9107,1,0.691148,-0.874217,3.49163,-0.018046,0.00292956,-0.0170063,0.388388,0,0,0
56.9107,2,-2.21898,-0.874923,5.12431,-0.0024221,0.000399015,-0.123625,0.34374,0,0,0
56.9107,3,0,0,0,0,0,0,0,0,0,0
56.9107,4,0,0,0,0,0,0,0,0,0,0
56.9107,5,0,0,0,0,0,0,0,0,0,0
56.9737,0,0.640993,-0.875624,6.77466,-0.0137219,-0.000734237,3.98497e-06,0.399988,0,0,0
56.9737,1,0.684639,-0.87469,3.4899,-0.0349475,0.00143977,-0.015186,0.389033,0,0,0
56.9737,2,-2.21955,-0.874977,5.11025,-0.00341597,0.000193564,-0.107911,0.34436,0,0,0
56.9737,3,0,0,0,0,0,0,0,0,0,0
56.9737,4,0,0,0,0,0,0,0,0,0,0
56.9737,5,0,0,0,0,0,0,0,0,0,0
57.0338,0,0.641175,-0.875563,6.77467,-0.0109531,-0.000505841,0.000172835,0.400002,0,0,0
57.0338,1,0.681133,-0.875092,3.48938,-0.0425114,0.000352829,-0.0123369,0.389688,0,0,0
57.0338,2,-2.21994,-0.874948,5.10709,-0.00418794,0.000341067,-0.09611,0.34436,0,0,0
57.0338,3,0,0,0,0,0,0,0,0,0,0
57.0338,4,0,0,0,0,0,0,0,0,0,0
57.0338,5,0,0,0,0,0,0,0,0,0,0
57.0865,0,0.64182,-0.875609,6.77469,-0.00862671,-0.00074431,0.000446595,0.400002,0,0,0
57.0865,1,0.678931,-0.875495,3.48882,-0.0444427,-0.00101606,-0.0123416,0.389688,0,0,0
57.0865,2,-2.22024,-0.875011,5.10103,-0.00444658,9.24144e-05,-0.0954701,0.345403,0,0,0
57.0865,3,0,0,0,0,0,0,0,0,0,0
57.0865,4,0,0,0,0,0,0,0,0,0,0
57.0865,5,0,0,0,0,0,0,0,0,0,0
57.1418,0,0.642168,-0.875342,6.77474,-0.00566106,0.000200188,0.000906612,0.400106,0,0,0
57.1418,1,0.676736,-0.875732,3.48829,-0.0454717,-0.00165126,-0.0110498,0.389927,0,0,0
57.1418,2,-2.22045,-0.875004,5.09782,-0.00447513,9.97725e-05,-0.0865656,0.345403,0,0,0
57.1418,3,0,0,0,0,0,0,0,0,0,0
57.1418,4,0,0,0,0,0,0,0,0,0,0
57.1418,5,0,0,0,0,0,0,0,0,0,0
57.1977,0,0.64271,-0.875119,6.77482,-0.00242423,0.000876123,0.00169054,0.400106,0,0,0
57.1977,1,0.674347,-0.875871,3.48765,-0.046927,-0.00179819,-0.0111703,0.389927,0,0,0
57.1977,2,-2.22069,-0.875001,5.0936,-0.0045952,0.000109516,-0.0804902,0.346517,0,0,0
57.1977,3,0,0,0,0,0,0,0,0,0,0
57.1977,4,0,0,0,0,0,0,0,0,0,0
57.1977,5,0,0,0,0,0,0,0,0,0,0
57.267,0,0.643441,-0.87517,6.77489,0.00126535,0.000466663,0.00222815,0.400318,0,0,0
57.267,1,0.672579,-0.876068,3.48718,-0.0456631,-0.00232247,-0.0105405,0.390477,0,0,0
57.267,2,-2.22088,-0.875022,5.08867,-0.00449303,1.59925e-05,-0.078051,0.347785,0,0,0
57.267,3,0,0,0,0,0,0,0,0,0,0
57.267,4,0,0,0,0,0,0,0,0,0,0
57.267,5,0,0,0,0,0,0,0,0,0,0
57.3172,0,0.644157,-0.874998,6.77507,0.00378802,0.00087392,0.00344712,0.400318,0,0,0
57.3172,1,0.671738,-0.875987,3.48667,-0.0419665,-0.00199798,-0.0103364,0.390477,0,0,0
57.3172,2,-2.22111,-0.875001,5.08435,-0.00452096,9.28973e-05,-0.0755608,0.347785,0,0,0
57.3172,3,0,0,0,0,0,0,0,0,0,0
57.3172,4,0,0,0,0,0,0,0,0,0,0
57.3172,5,0,0,0,0,0,0,0,0,0,0
57.3758,0,0.644694,-0.874833,6.77528,0.00543111,0.00122887,0.00464619,0.400767,0,0,0
57.3758,1,0.669633,-0.875948,3.48608,-0.0432321,-0.00162294,-0.010167,0.391137,0,0,0
57.3758,2,-2.22116,-0.875001,5.07954,-0.00383667,4.98814e-05,-0.073514,0.348493,0,0,0
57.3758,3,0,0,0,0,0,0,0,0,0,0
57.3758,4,0,0,0,0,0,0,0,0,0,0
57.3758,5,0,0,0,0,0,0,0,0,0,0
57.4346,0,0.645116,-0.874646,6.77556,0.00639813,0.00165345,0.00572326,0.400767,0,0,0
57.4346,1,0.668643,-0.875857,3.48558,-0.0410193,-0.00122563,-0.0102418,0.391137,0,0,0
57.4346,2,-2.22118,-0.875023,5.07644,-0.00327865,-6.44947e-05,-0.0710515,0.348493,0,0,0
57.4346,3,0,0,0,0,0,0,0,0,0,0
57.4346,4,0,0,0,0,0,0,0,0,0,0
57.4346,5,0,0,0,0,0,0,0,0,0,0
