time,uav_id,px,py,pz,vx,vy,vz,feedback,ref_x,ref_y,ref_z
9.0213e-05,0,-7.98107,-7.1327,2.52559,0.000278413,0.000244541,-4.00402e-05,2.57536,0,0,0
9.0213e-05,1,7.96194,-3.80218,2.71332,-9.15481e-05,6.88689e-05,-2.54458e-05,2.33147,0,0,0
9.0213e-05,2,-1.41499,7.97237,1.31396,9.62942e-05,-0.000104522,1.93187e-05,2.40568,0,0,0
9.0213e-05,3,0,0,0,0,0,0,0,0,0,0
9.0213e-05,4,0,0,0,0,0,0,0,0,0,0
9.0213e-05,5,0,0,0,0,0,0,0,0,0,0
0.0527068,0,-7.98105,-7.13269,2.52559,0.000276535,0.000244301,-4.00367e-05,2.57536,0,0,0
0.0527068,1,7.96193,-3.80218,2.71332,-9.13389e-05,6.88256e-05,-2.55424e-05,2.33147,0,0,0
0.0527068,2,-1.41499,7.97237,1.31396,9.54613e-05,-0.000103454,1.90831e-05,2.40568,0,0,0
0.0527068,3,0,0,0,0,0,0,0,0,0,0
0.0527068,4,0,0,0,0,0,0,0,0,0,0
0.0527068,5,0,0,0,0,0,0,0,0,0,0
0.112217,0,-7.98104,-7.13268,2.52558,0.00027629,0.000243215,-3.98671e-05,9.97833,0,0,0
0.112217,1,7.96193,-3.80218,2.71332,-9.37834e-05,7.08449e-05,-2.54698e-05,7.74623,0,0,0
0.112217,2,-1.41498,7.97236,1.31397,9.45725e-05,-0.000102493,1.88966e-05,2.40568,0,0,0
0.112217,3,0,0,0,0,0,0,0,0,0,0
0.112217,4,0,0,0,0,0,0,0,0,0,0
0.112217,5,0,0,0,0,0,0,0,0,0,0
0.175703,0,-7.98102,-7.13266,2.52558,0.000271233,0.000238436,-3.97425e-05,9.97833,0,0,0
0.175703,1,7.96192,-3.80217,2.71332,-9.3342e-05,7.05663e-05,-2.54031e-05,7.74623,0,0,0
0.175703,2,-1.41498,7.97236,1.31397,9.37997e-05,-0.000101811,1.88118e-05,2.40568,0,0,0
0.175703,3,0,0,0,0,0,0,0,0,0,0
0.175703,4,0,0,0,0,0,0,0,0,0,0
0.175703,5,0,0,0,0,0,0,0,0,0,0
0.245943,0,-7.98101,-7.13265,2.52558,0.000262249,0.000230025,0.000268566,9.9783,0,0,0
0.245943,1,7.96192,-3.80217,2.71332,-9.26777e-05,7.01322e-05,0.000287212,7.74621,0,0,0
0.245943,2,-1.41498,7.97236,1.31397,9.37997e-05,-0.000101811,1.88118e-05,2.40568,0,0,0
0.245943,3,0,0,0,0,0,0,0,0,0,0
0.245943,4,0,0,0,0,0,0,0,0,0,0
0.245943,5,0,0,0,0,0,0,0,0,0,0
0.29972,0,-7.981,-7.13264,2.52564,0.000246231,0.000217992,0.00343365,9.9783,0,0,0
0.29972,1,7.96191,-3.80216,2.71341,-6.98591e-05,4.78138e-05,0.0041894,7.74618,0,0,0
0.29972,2,-1.41497,7.97235,1.31397,9.24876e-05,-0.000100306,1.87284e-05,2.40568,0,0,0
0.29972,3,0,0,0,0,0,0,0,0,0,0
0.29972,4,0,0,0,0,0,0,0,0,0,0
0.29972,5,0,0,0,0,0,0,0,0,0,0
0.355697,0,-7.98093,-7.13257,2.52602,0.00031298,0.000282449,0.0125763,9.97807,0,0,0
0.355697,1,7.96155,-3.8018,2.71551,7.19113e-05,-9.66058e-05,0.0416104,7.74618,0,0,0
0.355697,2,-1.41497,7.97234,1.31397,9.05875e-05,-9.828e-05,1.86775e-05,2.40568,0,0,0
0.355697,3,0,0,0,0,0,0,0,0,0,0
0.355697,4,0,0,0,0,0,0,0,0,0,0
0.355697,5,0,0,0,0,0,0,0,0,0,0
0.408564,0,-7.98074,-7.13238,2.52776,8.02227e-05,4.61413e-05,0.035285,9.97807,0,0,0
0.408564,1,7.96072,-3.80098,2.71853,0.000339661,-0.000374164,0.0742215,7.7451,0,0,0
0.408564,2,-1.41496,7.97234,1.31397,8.97803e-05,-9.74369e-05,1.85945e-05,2.40568,0,0,0
0.408564,3,0,0,0,0,0,0,0,0,0,0
0.408564,4,0,0,0,0,0,0,0,0,0,0
0.408564,5,0,0,0,0,0,0,0,0,0,0
0.458748,0,-7.97967,-7.13132,2.53069,-0.000353093,-0.000396915,0.0720501,9.97518,0,0,0
0.458748,1,7.95883,-3.79908,2.72949,0.000148204,-0.000191873,0.120706,7.7451,0,0,0
0.458748,2,-1.41496,7.97233,1.31397,8.89537e-05,-9.67258e-05,1.84982e-05,2.40568,0,0,0
0.458748,3,0,0,0,0,0,0,0,0,0,0
0.458748,4,0,0,0,0,0,0,0,0,0,0
0.458748,5,0,0,0,0,0,0,0,0,0,0
0.508932,0,-7.97779,-7.12944,2.53527,-0.000489722,-0.000546887,0.10944,9.97518,0,0,0
0.508932,1,7.95883,-3.79908,2.72949,0.000148204,-0.000191873,0.120706,7.73752,0,0,0
0.508932,2,-1.41495,7.97233,1.31397,8.82839e-05,-9.58932e-05,1.84436e-05,2.40568,0,0,0
0.508932,3,0,0,0,0,0,0,0,0,0,0
0.508932,4,0,0,0,0,0,0,0,0,0,0
0.508932,5,0,0,0,0,0,0,0,0,0,0
0.55911,0,-7.97438,-7.12602,2.54376,0.00128299,0.00121172,0.170304,9.96469,0,0,0
0.55911,1,7.95038,-3.79062,2.73797,-0.0174145,0.0173094,0.17414,7.73752,0,0,0
0.55911,2,-1.41495,7.97232,1.31397,8.76107e-05,-9.52048e-05,1.83234e-05,2.40568,0,0,0
0.55911,3,0,0,0,0,0,0,0,0,0,0
0.55911,4,0,0,0,0,0,0,0,0,0,0
0.55911,5,0,0,0,0,0,0,0,0,0,0
0.614786,0,-7.96853,-7.12015,2.55344,0.00797595,0.00789484,0.220453,9.96469,0,0,0
0.614786,1,7.9485,-3.78873,2.74975,-0.0037838,0.00371035,0.245389,7.71787,0,0,0
0.614786,2,-1.41494,7.97232,1.31397,8.69953e-05,-9.4581e-05,1.8236e-05,2.40568,0,0,0
0.614786,3,0,0,0,0,0,0,0,0,0,0
0.614786,4,0,0,0,0,0,0,0,0,0,0
0.614786,5,0,0,0,0,0,0,0,0,0,0
0.667519,0,-7.95623,-7.10782,2.56553,0.0284444,0.0281083,0.294966,9.9347,0,0,0
0.667519,1,7.926,-3.76619,2.76191,-0.0620279,0.0612611,0.32083,7.71787,0,0,0
0.667519,2,-1.41494,7.97231,1.31397,8.64443e-05,-9.40218e-05,1.81455e-05,2.40568,0,0,0
0.667519,3,0,0,0,0,0,0,0,0,0,0
0.667519,4,0,0,0,0,0,0,0,0,0,0
0.667519,5,0,0,0,0,0,0,0,0,0,0
0.725716,0,-7.93463,-7.08616,2.58092,0.0592098,0.0582618,0.367663,9.9347,0,0,0
0.725716,1,7.90816,-3.7483,2.77924,-0.0948897,0.0932548,0.393754,7.65488,0,0,0
0.725716,2,-1.41493,7.97231,1.31398,8.59532e-05,-9.35317e-05,1.79916e-05,2.40568,0,0,0
0.725716,3,0,0,0,0,0,0,0,0,0,0
0.725716,4,0,0,0,0,0,0,0,0,0,0
0.725716,5,0,0,0,0,0,0,0,0,0,0
0.776154,0,-7.92329,-7.07479,2.59816,0.0824001,0.0807166,0.438341,9.8821,0,0,0
0.776154,1,7.88538,-3.72546,2.79873,-0.138709,0.13563,0.471277,7.65488,0,0,0
0.776154,2,-1.41493,7.9723,1.31398,8.95829e-05,-9.81414e-05,1.78079e-05,2.40568,0,0,0
0.776154,3,0,0,0,0,0,0,0,0,0,0
0.776154,4,0,0,0,0,0,0,0,0,0,0
0.776154,5,0,0,0,0,0,0,0,0,0,0
0.82776,0,-7.88113,-7.03249,2.62259,0.151362,0.147213,0.538262,9.8821,0,0,0
0.82776,1,7.85731,-3.69732,2.81892,-0.189414,0.184044,0.558432,7.57482,0,0,0
0.82776,2,-1.41493,7.9723,1.31398,8.54284e-05,-9.3327e-05,1.77134e-05,2.40568,0,0,0
0.82776,3,0,0,0,0,0,0,0,0,0,0
0.82776,4,0,0,0,0,0,0,0,0,0,0
0.82776,5,0,0,0,0,0,0,0,0,0,0
0.878617,0,-7.85395,-7.00527,2.64335,0.186399,0.180416,0.607592,9.77748,0,0,0
0.878617,1,7.83779,-3.67774,2.83534,-0.203424,0.196787,0.609386,7.57482,0,0,0
0.878617,2,-1.41492,7.97229,1.31398,8.51271e-05,-9.27899e-05,1.76099e-05,2.40568,0,0,0
0.878617,3,0,0,0,0,0,0,0,0,0,0
0.878617,4,0,0,0,0,0,0,0,0,0,0
0.878617,5,0,0,0,0,0,0,0,0,0,0
0.928856,0,-7.8062,-6.95741,2.6686,0.282392,0.271892,0.706927,9.77748,0,0,0
0.928856,1,7.78401,-3.62388,2.86825,-0.332008,0.319526,0.738455,7.46165,0,0,0
0.928856,2,-1.41492,7.97229,1.31398,8.4811e-05,-9.2383e-05,1.75097e-05,2.40568,0,0,0
0.928856,3,0,0,0,0,0,0,0,0,0,0
0.928856,4,0,0,0,0,0,0,0,0,0,0
0.928856,5,0,0,0,0,0,0,0,0,0,0
0.979047,0,-7.76029,-6.91144,2.69932,0.358862,0.344204,0.798339,9.70697,0,0,0
0.979047,1,7.7479,-3.5877,2.89594,-0.372603,0.356747,0.829727,7.46165,0,0,0
0.979047,2,-1.41491,7.97228,1.31398,8.45461e-05,-9.20786e-05,1.74496e-05,2.40568,0,0,0
0.979047,3,0,0,0,0,0,0,0,0,0,0
0.979047,4,0,0,0,0,0,0,0,0,0,0
0.979047,5,0,0,0,0,0,0,0,0,0,0
1.03732,0,-7.70502,-6.85609,2.73149,0.44863,0.429093,0.894458,9.70697,0,0,0
1.03732,1,7.68621,-3.52592,2.93156,-0.501361,0.478537,0.936075,7.3114,0,0,0
1.03732,2,-1.41491,7.97228,1.31398,8.43539e-05,-9.18682e-05,1.74253e-05,2.40568,0,0,0
1.03732,3,0,0,0,0,0,0,0,0,0,0
1.03732,4,0,0,0,0,0,0,0,0,0,0
1.03732,5,0,0,0,0,0,0,0,0,0,0
1.08748,0,-7.64342,-6.79443,2.76556,0.546791,0.520806,0.997379,9.55538,0,0,0
1.08748,1,7.62794,-3.46758,2.96737,-0.593659,0.563906,1.02878,7.3114,0,0,0
1.08748,2,-1.41491,7.97228,1.31398,8.43539e-05,-9.18682e-05,1.74253e-05,2.40568,0,0,0
1.08748,3,0,0,0,0,0,0,0,0,0,0
1.08748,4,0,0,0,0,0,0,0,0,0,0
1.08748,5,0,0,0,0,0,0,0,0,0,0
1.14694,0,-7.56974,-6.72069,2.80205,0.665448,0.629323,1.10165,9.55538,0,0,0
1.14694,1,7.54987,-3.38941,3.00997,-0.751944,0.710981,1.14348,7.10472,0,0,0
1.14694,2,-1.4149,7.97227,1.31398,8.42291e-05,-9.17357e-05,1.73178e-05,2.40568,0,0,0
1.14694,3,0,0,0,0,0,0,0,0,0,0
1.14694,4,0,0,0,0,0,0,0,0,0,0
1.14694,5,0,0,0,0,0,0,0,0,0,0
1.19785,0,-7.49046,-6.64128,2.8403,0.799675,0.748292,1.19676,9.24051,0,0,0
1.19785,1,7.50759,-3.34701,3.04357,-0.76132,0.716769,1.16489,7.10472,0,0,0
1.19785,2,-1.4149,7.97227,1.31398,8.41397e-05,-9.16464e-05,1.70919e-05,2.40568,0,0,0
1.19785,3,0,0,0,0,0,0,0,0,0,0
1.19785,4,0,0,0,0,0,0,0,0,0,0
1.19785,5,0,0,0,0,0,0,0,0,0,0
1.25122,0,-7.41921,-6.56938,2.88068,0.906754,0.831829,1.25469,9.24051,0,0,0
1.25122,1,7.41678,-3.25592,3.08265,-0.951662,0.894778,1.25354,6.90389,0,0,0
1.25122,2,-1.41489,7.97226,1.31398,8.41145e-05,-9.17116e-05,1.69594e-05,2.40568,0,0,0
1.25122,3,0,0,0,0,0,0,0,0,0,0
1.25122,4,0,0,0,0,0,0,0,0,0,0
1.25122,5,0,0,0,0,0,0,0,0,0,0
1.30985,0,-7.40332,-6.55349,2.91857,0.970377,0.878891,1.2948,9.10402,0,0,0
1.30985,1,7.35198,-3.19062,3.12379,-1.00896,0.948431,1.27974,6.90389,0,0,0
1.30985,2,-1.41489,7.97226,1.31399,8.08776e-05,-8.82596e-05,1.68321e-05,2.40568,0,0,0
1.30985,3,0,0,0,0,0,0,0,0,0,0
1.30985,4,0,0,0,0,0,0,0,0,0,0
1.30985,5,0,0,0,0,0,0,0,0,0,0
1.36097,0,-7.24008,-6.38636,2.97241,1.21408,1.07259,1.37355,9.10402,0,0,0
1.36097,1,7.2487,-3.08627,3.16573,-1.2355,1.16698,1.30018,6.65184,0,0,0
1.36097,2,-1.41489,7.97226,1.31399,8.08776e-05,-8.82596e-05,1.68321e-05,2.40568,0,0,0
1.36097,3,0,0,0,0,0,0,0,0,0,0
1.36097,4,0,0,0,0,0,0,0,0,0,0
1.36097,5,0,0,0,0,0,0,0,0,0,0
1.41726,0,-7.125,-6.26549,3.03831,1.31758,1.14914,1.42646,8.86905,0,0,0
1.41726,1,7.13928,-2.97483,3.21873,-1.44626,1.3773,1.27694,6.65184,0,0,0
1.41726,2,-1.41488,7.97225,1.31399,8.05999e-05,-8.80697e-05,1.68041e-05,2.40568,0,0,0
1.41726,3,0,0,0,0,0,0,0,0,0,0
1.41726,4,0,0,0,0,0,0,0,0,0,0
1.41726,5,0,0,0,0,0,0,0,0,0,0
1.47271,0,-6.98711,-6.12573,3.08721,1.53759,1.35126,1.46107,8.86905,0,0,0
1.47271,1,7.04388,-2.87751,3.25382,-1.59,1.52746,1.17886,6.48735,0,0,0
1.47271,2,-1.41488,7.97224,1.31399,7.12524e-05,-7.80918e-05,1.66961e-05,2.40568,0,0,0
1.47271,3,0,0,0,0,0,0,0,0,0,0
1.47271,4,0,0,0,0,0,0,0,0,0,0
1.47271,5,0,0,0,0,0,0,0,0,0,0
1.53156,0,-6.92333,-6.04522,3.136,1.58162,1.42456,1.34398,8.49652,0,0,0
1.53156,1,6.92578,-2.75605,3.29727,-1.79701,1.75226,1.05016,6.48735,0,0,0
1.53156,2,-1.41487,7.97224,1.31399,8.53054e-05,-9.24617e-05,1.66397e-05,2.40568,0,0,0
1.53156,3,0,0,0,0,0,0,0,0,0,0
1.53156,4,0,0,0,0,0,0,0,0,0,0
1.53156,5,0,0,0,0,0,0,0,0,0,0
1.58362,0,-6.81377,-5.91384,3.18273,1.7706,1.65305,1.23262,8.49652,0,0,0
1.58362,1,6.84605,-2.67258,3.34016,-1.82919,1.81269,0.9008,6.17185,0,0,0
1.58362,2,-1.41486,7.97223,1.31399,9.02538e-05,-9.79178e-05,1.64845e-05,2.40568,0,0,0
1.58362,3,0,0,0,0,0,0,0,0,0,0
1.58362,4,0,0,0,0,0,0,0,0,0,0
1.58362,5,0,0,0,0,0,0,0,0,0,0
1.63385,0,-6.81377,-5.91384,3.18273,1.7706,1.65305,1.23262,8.21015,0,0,0
1.63385,1,6.74529,-2.56695,3.38027,-1.88896,1.89917,0.776136,6.17185,0,0,0
1.63385,2,-1.41486,7.97223,1.31399,9.02538e-05,-9.79178e-05,1.64845e-05,2.40568,0,0,0
1.63385,3,0,0,0,0,0,0,0,0,0,0
1.63385,4,0,0,0,0,0,0,0,0,0,0
1.63385,5,0,0,0,0,0,0,0,0,0,0
1.68771,0,-6.60171,-5.65252,3.27797,2.00226,2.02936,1.08387,8.21015,0,0,0
1.68771,1,6.62389,-2.43962,3.4215,-2.0313,2.07495,0.649314,5.71734,0,0,0
1.68771,2,-1.41486,7.97222,1.31399,8.62458e-05,-9.38694e-05,1.64485e-05,2.40568,0,0,0
1.68771,3,0,0,0,0,0,0,0,0,0,0
1.68771,4,0,0,0,0,0,0,0,0,0,0
1.68771,5,0,0,0,0,0,0,0,0,0,0
1.74554,0,-6.48697,-5.49706,3.33706,2.0975,2.26514,0.922856,7.86348,0,0,0
1.74554,1,6.54446,-2.35389,3.45552,-1.97798,2.04687,0.534537,5.71734,0,0,0
1.74554,2,-1.41485,7.97222,1.31399,8.62873e-05,-9.39001e-05,1.63433e-05,2.40568,0,0,0
1.74554,3,0,0,0,0,0,0,0,0,0,0
1.74554,4,0,0,0,0,0,0,0,0,0,0
1.74554,5,0,0,0,0,0,0,0,0,0,0
1.80568,0,-6.38501,-5.35521,3.37594,2.11825,2.41531,0.84565,7.86348,0,0,0
1.80568,1,6.42601,-2.22717,3.50252,-2.0912,2.18764,0.377748,5.41596,0,0,0
1.80568,2,-1.41485,7.97221,1.31399,8.95049e-05,-9.73438e-05,1.62489e-05,2.40568,0,0,0
1.80568,3,0,0,0,0,0,0,0,0,0,0
1.80568,4,0,0,0,0,0,0,0,0,0,0
1.80568,5,0,0,0,0,0,0,0,0,0,0
1.85653,0,-6.29309,-5.21862,3.42217,2.09873,2.52611,0.723866,7.48415,0,0,0
1.85653,1,6.32923,-2.12325,3.52922,-2.11696,2.22813,0.346682,5.41596,0,0,0
1.85653,2,-1.41485,7.97221,1.31399,8.46672e-05,-9.23305e-05,1.6171e-05,2.40568,0,0,0
1.85653,3,0,0,0,0,0,0,0,0,0,0
1.85653,4,0,0,0,0,0,0,0,0,0,0
1.85653,5,0,0,0,0,0,0,0,0,0,0
1.9125,0,-6.19701,-5.06375,3.47133,2.08322,2.68982,0.573001,7.48415,0,0,0
1.9125,1,6.23506,-2.02093,3.56536,-2.12871,2.25359,0.283025,5.12815,0,0,0
1.9125,2,-1.41484,7.97221,1.31399,8.70995e-05,-9.47786e-05,1.60853e-05,2.40568,0,0,0
1.9125,3,0,0,0,0,0,0,0,0,0,0
1.9125,4,0,0,0,0,0,0,0,0,0,0
1.9125,5,0,0,0,0,0,0,0,0,0,0
1.97329,0,-6.19701,-5.06375,3.47133,2.08322,2.68982,0.573001,7.12479,0,0,0
1.97329,1,6.10639,-1.88247,3.60363,-2.24673,2.38594,0.202562,5.12815,0,0,0
1.97329,2,-1.41484,7.9722,1.31399,8.65634e-05,-9.41702e-05,1.60251e-05,2.40568,0,0,0
1.97329,3,0,0,0,0,0,0,0,0,0,0
1.97329,4,0,0,0,0,0,0,0,0,0,0
1.97329,5,0,0,0,0,0,0,0,0,0,0
2.02995,0,-6.03077,-4.79115,3.54891,2.01415,2.85067,0.312744,7.12479,0,0,0
2.02995,1,6.03681,-1.80399,3.63529,-2.14656,2.29212,0.128017,4.82616,0,0,0
2.02995,2,-1.41483,7.9722,1.314,8.59442e-05,-9.35479e-05,1.59362e-05,2.40568,0,0,0
2.02995,3,0,0,0,0,0,0,0,0,0,0
2.02995,4,0,0,0,0,0,0,0,0,0,0
2.02995,5,0,0,0,0,0,0,0,0,0,0
2.08266,0,-5.96358,-4.66888,3.58959,1.93425,2.85502,0.266797,6.79622,0,0,0
2.08266,1,5.95056,-1.7104,3.66298,-2.11978,2.26737,0.0934989,4.82616,0,0,0
2.08266,2,-1.41483,7.97219,1.314,8.20819e-05,-8.95766e-05,1.58641e-05,2.40568,0,0,0
2.08266,3,0,0,0,0,0,0,0,0,0,0
2.08266,4,0,0,0,0,0,0,0,0,0,0
2.08266,5,0,0,0,0,0,0,0,0,0,0
2.14064,0,-5.96358,-4.66888,3.58959,1.93425,2.85502,0.266797,6.79622,0,0,0
2.14064,1,5.84953,-1.61194,3.6933,-2.15204,2.30138,0.137053,4.69606,0,0,0
2.14064,2,-1.41482,7.97219,1.314,8.51004e-05,-9.26394e-05,1.5792e-05,2.40568,0,0,0
2.14064,3,0,0,0,0,0,0,0,0,0,0
2.14064,4,0,0,0,0,0,0,0,0,0,0
2.14064,5,0,0,0,0,0,0,0,0,0,0
2.2045,0,-5.82139,-4.41671,3.66167,1.81734,2.86635,0.265626,6.65118,0,0,0
2.2045,1,5.75471,-1.50115,3.73196,-2.15165,2.33035,0.13057,4.69606,0,0,0
2.2045,2,-1.41482,7.97218,1.314,8.42639e-05,-9.18641e-05,1.57354e-05,2.40568,0,0,0
2.2045,3,0,0,0,0,0,0,0,0,0,0
2.2045,4,0,0,0,0,0,0,0,0,0,0
2.2045,5,0,0,0,0,0,0,0,0,0,0
2.27728,0,-5.77351,-4.33641,3.6963,1.70131,2.71408,0.278184,6.35299,0,0,0
2.27728,1,5.72699,-1.4648,3.75367,-1.86987,2.04812,0.177343,4.35179,0,0,0
2.27728,2,-1.41482,7.97218,1.314,8.33882e-05,-9.08524e-05,1.5686e-05,2.40568,0,0,0
2.27728,3,0,0,0,0,0,0,0,0,0,0
2.27728,4,0,0,0,0,0,0,0,0,0,0
2.27728,5,0,0,0,0,0,0,0,0,0,0
2.34343,0,-5.71025,-4.20954,3.76642,1.63974,2.73662,0.304183,6.35299,0,0,0
2.34343,1,5.6238,-1.35119,3.79133,-1.93782,2.12237,0.133621,4.35179,0,0,0
2.34343,2,-1.41481,7.97217,1.314,8.49238e-05,-9.23788e-05,1.5589e-05,2.40568,0,0,0
2.34343,3,0,0,0,0,0,0,0,0,0,0
2.34343,4,0,0,0,0,0,0,0,0,0,0
2.34343,5,0,0,0,0,0,0,0,0,0,0
2.39672,0,-5.63271,-4.07033,3.7997,1.63164,2.78998,0.357476,6.10058,0,0,0
2.39672,1,5.55395,-1.27327,3.82039,-1.83847,2.01988,0.14508,4.1938,0,0,0
2.39672,2,-1.41481,7.97217,1.314,8.14185e-05,-8.86707e-05,1.5516e-05,2.40568,0,0,0
2.39672,3,0,0,0,0,0,0,0,0,0,0
2.39672,4,0,0,0,0,0,0,0,0,0,0
2.39672,5,0,0,0,0,0,0,0,0,0,0
2.45605,0,-5.60062,-4.00936,3.79375,1.48821,2.57266,0.363671,6.10058,0,0,0
2.45605,1,5.49946,-1.21365,3.85451,-1.72597,1.89736,0.143575,4.1938,0,0,0
2.45605,2,-1.4148,7.97216,1.314,8.0743e-05,-8.78788e-05,1.54244e-05,2.40568,0,0,0
2.45605,3,0,0,0,0,0,0,0,0,0,0
2.45605,4,0,0,0,0,0,0,0,0,0,0
2.45605,5,0,0,0,0,0,0,0,0,0,0
2.5089,0,-5.54723,-3.93488,3.82693,1.43503,2.4322,0.32833,5.87226,0,0,0
2.5089,1,5.43363,-1.14188,3.87312,-1.65565,1.82051,0.178182,3.99839,0,0,0
2.5089,2,-1.4148,7.97216,1.314,7.92098e-05,-8.62831e-05,1.53462e-05,2.40568,0,0,0
2.5089,3,0,0,0,0,0,0,0,0,0,0
2.5089,4,0,0,0,0,0,0,0,0,0,0
2.5089,5,0,0,0,0,0,0,0,0,0,0
2.56431,0,-5.47444,-3.76637,3.86429,1.43216,2.62599,0.335289,5.87226,0,0,0
2.56431,1,5.35795,-1.05952,3.90201,-1.62981,1.79275,0.227981,3.99839,0,0,0
2.56431,2,-1.41479,7.97215,1.314,8.07204e-05,-8.78599e-05,1.52413e-05,2.40568,0,0,0
2.56431,3,0,0,0,0,0,0,0,0,0,0
2.56431,4,0,0,0,0,0,0,0,0,0,0
2.56431,5,0,0,0,0,0,0,0,0,0,0
2.61967,0,-5.40099,-3.64723,3.8956,1.44337,2.61527,0.374152,5.59026,0,0,0
2.61967,1,5.29318,-0.986918,3.93209,-1.57746,1.74019,0.225702,3.78397,0,0,0
2.61967,2,-1.41479,7.97215,1.314,7.74127e-05,-8.43648e-05,1.52251e-05,2.40568,0,0,0
2.61967,3,0,0,0,0,0,0,0,0,0,0
2.61967,4,0,0,0,0,0,0,0,0,0,0
2.61967,5,0,0,0,0,0,0,0,0,0,0
2.67404,0,-5.33726,-3.539,3.92579,1.42311,2.57149,0.38233,5.59026,0,0,0
2.67404,1,5.2274,-0.917087,3.95784,-1.54265,1.69537,0.201326,3.78397,0,0,0
2.67404,2,-1.41479,7.97215,1.314,7.68234e-05,-8.36804e-05,1.4917e-05,2.40568,0,0,0
2.67404,3,0,0,0,0,0,0,0,0,0,0
2.67404,4,0,0,0,0,0,0,0,0,0,0
2.67404,5,0,0,0,0,0,0,0,0,0,0
2.72924,0,-5.28092,-3.43916,3.95822,1.3838,2.50951,0.331579,5.31769,0,0,0
2.72924,1,5.18141,-0.868581,3.98035,-1.42657,1.56398,0.204213,3.5829,0,0,0
2.72924,2,-1.41478,7.97214,1.31401,7.68467e-05,-8.36293e-05,1.50037e-05,2.40568,0,0,0
2.72924,3,0,0,0,0,0,0,0,0,0,0
2.72924,4,0,0,0,0,0,0,0,0,0,0
2.72924,5,0,0,0,0,0,0,0,0,0,0
2.78464,0,-5.28092,-3.43916,3.95822,1.3838,2.50951,0.331579,5.31769,0,0,0
2.78464,1,5.13769,-0.820361,3.99957,-1.33241,1.46359,0.2094,3.5829,0,0,0
2.78464,2,-1.41478,7.97214,1.31401,7.61355e-05,-8.28166e-05,1.50048e-05,2.40568,0,0,0
2.78464,3,0,0,0,0,0,0,0,0,0,0
2.78464,4,0,0,0,0,0,0,0,0,0,0
2.78464,5,0,0,0,0,0,0,0,0,0,0
2.8584,0,-5.19425,-3.29323,4.02961,1.22824,2.20616,0.300154,5.06833,0,0,0
2.8584,1,5.12684,-0.808624,4.02114,-1.11723,1.23066,0.247565,3.44469,0,0,0
2.8584,2,-1.41477,7.97213,1.31401,7.25664e-05,-7.90993e-05,1.49518e-05,2.40568,0,0,0
2.8584,3,0,0,0,0,0,0,0,0,0,0
2.8584,4,0,0,0,0,0,0,0,0,0,0
2.8584,5,0,0,0,0,0,0,0,0,0,0
2.92024,0,-5.13438,-3.16844,4.05025,1.21432,2.27147,0.272579,5.06833,0,0,0
2.92024,1,5.02083,-0.697444,4.03864,-1.30008,1.41254,0.224866,3.44469,0,0,0
2.92024,2,-1.41477,7.97213,1.31401,7.23527e-05,-7.87615e-05,1.48741e-05,2.40568,0,0,0
2.92024,3,0,0,0,0,0,0,0,0,0,0
2.92024,4,0,0,0,0,0,0,0,0,0,0
2.92024,5,0,0,0,0,0,0,0,0,0,0
2.98986,0,-5.0824,-3.08525,4.07744,1.17493,2.16413,0.310099,4.87868,0,0,0
2.98986,1,4.98142,-0.654071,4.05449,-1.2043,1.31257,0.302358,3.27075,0,0,0
2.98986,2,-1.41477,7.97213,1.31401,6.64793e-05,-7.2549e-05,1.47969e-05,2.40568,0,0,0
2.98986,3,0,0,0,0,0,0,0,0,0,0
2.98986,4,0,0,0,0,0,0,0,0,0,0
2.98986,5,0,0,0,0,0,0,0,0,0,0
3.04525,0,-5.02637,-2.98396,4.07794,1.14123,2.11748,0.320547,4.87868,0,0,0
3.04525,1,4.91379,-0.581524,4.08236,-1.21795,1.32474,0.319647,3.27075,0,0,0
3.04525,2,-1.41477,7.97213,1.31401,5.59752e-05,-6.13855e-05,1.48152e-05,2.40568,0,0,0
3.04525,3,0,0,0,0,0,0,0,0,0,0
3.04525,4,0,0,0,0,0,0,0,0,0,0
3.04525,5,0,0,0,0,0,0,0,0,0,0
3.11584,0,-4.98112,-2.90239,4.10539,1.09936,2.04556,0.340727,4.66417,0,0,0
3.11584,1,4.86706,-0.530883,4.10602,-1.15533,1.25735,0.304451,3.10704,0,0,0
3.11584,2,-1.41476,7.97212,1.31401,6.64393e-05,-7.22126e-05,1.47408e-05,2.40568,0,0,0
3.11584,3,0,0,0,0,0,0,0,0,0,0
3.11584,4,0,0,0,0,0,0,0,0,0,0
3.11584,5,0,0,0,0,0,0,0,0,0,0
3.17608,0,-4.93198,-2.82509,4.1303,1.07792,1.97022,0.331127,4.66417,0,0,0
3.17608,1,4.82107,-0.481426,4.13015,-1.11205,1.20881,0.238804,2.96294,0,0,0
3.17608,2,-1.41476,7.97211,1.31401,6.96443e-05,-7.55759e-05,1.46975e-05,2.40568,0,0,0
3.17608,3,0,0,0,0,0,0,0,0,0,0
3.17608,4,0,0,0,0,0,0,0,0,0,0
3.17608,5,0,0,0,0,0,0,0,0,0,0
3.22625,0,-4.90508,-2.77757,4.15414,0.988427,1.80592,0.344,4.47239,0,0,0
3.22625,1,4.76766,-0.423282,4.15438,-1.06253,1.15508,0.196776,2.96294,0,0,0
3.22625,2,-1.41476,7.97211,1.31401,6.13502e-05,-6.69898e-05,1.45982e-05,2.40568,0,0,0
3.22625,3,0,0,0,0,0,0,0,0,0,0
3.22625,4,0,0,0,0,0,0,0,0,0,0
3.22625,5,0,0,0,0,0,0,0,0,0,0
3.28199,0,-4.85868,-2.69783,4.18107,0.971582,1.77042,0.336236,4.47239,0,0,0
3.28199,1,4.71577,-0.367805,4.16678,-1.05537,1.14413,0.206032,2.96294,0,0,0
3.28199,2,-1.41475,7.97211,1.31401,6.2719e-05,-6.82475e-05,1.46076e-05,2.40568,0,0,0
3.28199,3,0,0,0,0,0,0,0,0,0,0
3.28199,4,0,0,0,0,0,0,0,0,0,0
3.28199,5,0,0,0,0,0,0,0,0,0,0
3.35323,0,-4.80572,-2.60034,4.20791,0.973833,1.79837,0.329145,4.31804,0,0,0
3.35323,1,4.69958,-0.349217,4.17031,-0.897829,0.977745,0.209867,2.8038,0,0,0
3.35323,2,-1.41475,7.97211,1.31401,6.10479e-05,-6.66768e-05,1.44666e-05,2.40568,0,0,0
3.35323,3,0,0,0,0,0,0,0,0,0,0
3.35323,4,0,0,0,0,0,0,0,0,0,0
3.35323,5,0,0,0,0,0,0,0,0,0,0
3.40851,0,-4.74862,-2.51884,4.22941,0.998976,1.76921,0.299975,4.31804,0,0,0
3.40851,1,4.63767,-0.277233,4.19878,-0.910688,1.02798,0.182831,2.8038,0,0,0
3.40851,2,-1.41475,7.9721,1.31401,6.19778e-05,-6.74371e-05,1.43576e-05,2.40568,0,0,0
3.40851,3,0,0,0,0,0,0,0,0,0,0
3.40851,4,0,0,0,0,0,0,0,0,0,0
3.40851,5,0,0,0,0,0,0,0,0,0,0
3.4843,0,-4.67975,-2.40662,4.25343,1.02942,1.80472,0.253368,4.10243,0,0,0
3.4843,1,4.60572,-0.245506,4.21033,-0.849763,0.945495,0.22085,2.68007,0,0,0
3.4843,2,-1.41474,7.9721,1.31401,5.7136e-05,-6.25016e-05,1.42483e-05,2.40568,0,0,0
3.4843,3,0,0,0,0,0,0,0,0,0,0
3.4843,4,0,0,0,0,0,0,0,0,0,0
3.4843,5,0,0,0,0,0,0,0,0,0,0
3.54455,0,-4.65555,-2.36777,4.27013,0.93886,1.62209,0.231796,4.10243,0,0,0
3.54455,1,4.56084,-0.198668,4.22061,-0.830548,0.913837,0.249055,2.56828,0,0,0
3.54455,2,-1.41474,7.97209,1.31402,6.17882e-05,-6.78082e-05,1.40149e-05,2.40568,0,0,0
3.54455,3,0,0,0,0,0,0,0,0,0,0
3.54455,4,0,0,0,0,0,0,0,0,0,0
3.54455,5,0,0,0,0,0,0,0,0,0,0
3.60478,0,-4.60937,-2.28823,4.28996,0.935126,1.61597,0.170524,3.9204,0,0,0
3.60478,1,4.54644,-0.183364,4.22937,-0.716813,0.787348,0.242009,2.56828,0,0,0
3.60478,2,-1.41473,7.97209,1.31402,7.70566e-05,-8.4162e-05,1.3811e-05,2.40568,0,0,0
3.60478,3,0,0,0,0,0,0,0,0,0,0
3.60478,4,0,0,0,0,0,0,0,0,0,0
3.60478,5,0,0,0,0,0,0,0,0,0,0
3.66896,0,-4.59758,-2.26663,4.29756,0.823827,1.42132,0.168897,3.9204,0,0,0
3.66896,1,4.51139,-0.145841,4.24729,-0.699732,0.764185,0.221899,2.49152,0,0,0
3.66896,2,-1.41473,7.97208,1.31402,8.41862e-05,-9.13919e-05,1.35159e-05,2.40568,0,0,0
3.66896,3,0,0,0,0,0,0,0,0,0,0
3.66896,4,0,0,0,0,0,0,0,0,0,0
3.66896,5,0,0,0,0,0,0,0,0,0,0
3.74439,0,-4.56198,-2.20559,4.31807,0.794551,1.3737,0.13641,3.80073,0,0,0
3.74439,1,4.4573,-0.0885647,4.26584,-0.755805,0.817737,0.221949,2.49152,0,0,0
3.74439,2,-1.41472,7.97208,1.31402,8.44136e-05,-9.16105e-05,1.35145e-05,2.40568,0,0,0
3.74439,3,0,0,0,0,0,0,0,0,0,0
3.74439,4,0,0,0,0,0,0,0,0,0,0
3.74439,5,0,0,0,0,0,0,0,0,0,0
3.79967,0,-4.51219,-2.12222,4.33165,0.810013,1.40551,0.147909,3.80073,0,0,0
3.79967,1,4.43836,-0.0672032,4.27567,-0.673671,0.730974,0.220749,2.38051,0,0,0
3.79967,2,-1.41473,7.97208,1.31402,5.96814e-05,-6.55183e-05,1.35259e-05,2.40568,0,0,0
3.79967,3,0,0,0,0,0,0,0,0,0,0
3.79967,4,0,0,0,0,0,0,0,0,0,0
3.79967,5,0,0,0,0,0,0,0,0,0,0
3.86294,0,-4.46339,-2.05976,4.34714,0.832645,1.36255,0.13306,3.62963,0,0,0
3.86294,1,4.4005,-0.0265986,4.30201,-0.676366,0.730577,0.181357,2.38051,0,0,0
3.86294,2,-1.41472,7.97208,1.31402,5.85442e-05,-6.40309e-05,1.33641e-05,2.40568,0,0,0
3.86294,3,0,0,0,0,0,0,0,0,0,0
3.86294,4,0,0,0,0,0,0,0,0,0,0
3.86294,5,0,0,0,0,0,0,0,0,0,0
3.92892,0,-4.42618,-1.98389,4.37722,0.806,1.377,0.101893,3.62963,0,0,0
3.92892,1,4.3629,0.0143165,4.31845,-0.65596,0.708097,0.174798,2.26227,0,0,0
3.92892,2,-1.41472,7.97207,1.31402,6.03898e-05,-6.58155e-05,1.3306e-05,2.40568,0,0,0
3.92892,3,0,0,0,0,0,0,0,0,0,0
3.92892,4,0,0,0,0,0,0,0,0,0,0
3.92892,5,0,0,0,0,0,0,0,0,0,0
3.99425,0,-4.38379,-1.92935,4.37818,0.808457,1.31571,0.107946,3.46073,0,0,0
3.99425,1,4.3629,0.0143165,4.31845,-0.65596,0.708097,0.174798,2.26227,0,0,0
3.99425,2,-1.41471,7.97207,1.31402,5.17297e-05,-5.65036e-05,1.30572e-05,2.40568,0,0,0
3.99425,3,0,0,0,0,0,0,0,0,0,0
3.99425,4,0,0,0,0,0,0,0,0,0,0
3.99425,5,0,0,0,0,0,0,0,0,0,0
4.05465,0,-4.34082,-1.84853,4.39767,0.778457,1.30902,0.102318,3.46073,0,0,0
4.05465,1,4.34098,0.0377755,4.33521,-0.594222,0.640059,0.16068,2.22705,0,0,0
4.05465,2,-1.41471,7.97207,1.31402,5.17297e-05,-5.65036e-05,1.30572e-05,2.40568,0,0,0
4.05465,3,0,0,0,0,0,0,0,0,0,0
4.05465,4,0,0,0,0,0,0,0,0,0,0
4.05465,5,0,0,0,0,0,0,0,0,0,0
4.12785,0,-4.27666,-1.75476,4.40829,0.726031,1.17509,0.126513,3.3001,0,0,0
4.12785,1,4.26472,0.119476,4.34883,-0.555715,0.593649,0.136513,2.22705,0,0,0
4.12785,2,-1.41471,7.97206,1.31402,6.05513e-05,-6.56646e-05,1.3034e-05,2.40568,0,0,0
4.12785,3,0,0,0,0,0,0,0,0,0,0
4.12785,4,0,0,0,0,0,0,0,0,0,0
4.12785,5,0,0,0,0,0,0,0,0,0,0
4.20068,0,-4.24727,-1.71765,4.42595,0.69785,1.09405,0.13338,3.3001,0,0,0
4.20068,1,4.26472,0.119476,4.34883,-0.555715,0.593649,0.136513,2.11537,0,0,0
4.20068,2,-1.41471,7.97206,1.31402,5.65523e-05,-6.21905e-05,1.2896e-05,2.40568,0,0,0
4.20068,3,0,0,0,0,0,0,0,0,0,0
4.20068,4,0,0,0,0,0,0,0,0,0,0
4.20068,5,0,0,0,0,0,0,0,0,0,0
4.26704,0,-4.21971,-1.66348,4.43786,0.66574,1.07647,0.119837,3.13723,0,0,0
4.26704,1,4.23968,0.146372,4.35729,-0.531229,0.566031,0.124515,2.11537,0,0,0
4.26704,2,-1.4147,7.97205,1.31402,7.33784e-05,-7.9596e-05,1.29641e-05,2.40568,0,0,0
4.26704,3,0,0,0,0,0,0,0,0,0,0
4.26704,4,0,0,0,0,0,0,0,0,0,0
4.26704,5,0,0,0,0,0,0,0,0,0,0
4.32756,0,-4.21865,-1.67399,4.44724,0.669367,1.03745,0.135932,3.13723,0,0,0
4.32756,1,4.20681,0.181915,4.37931,-0.415169,0.441862,0.133502,2.03511,0,0,0
4.32756,2,-1.4147,7.97205,1.31402,6.85287e-05,-7.50219e-05,1.3059e-05,2.40568,0,0,0
4.32756,3,0,0,0,0,0,0,0,0,0,0
4.32756,4,0,0,0,0,0,0,0,0,0,0
4.32756,5,0,0,0,0,0,0,0,0,0,0
4.40112,0,-4.15326,-1.56752,4.46552,0.64432,1.01195,0.142675,3.08163,0,0,0
4.40112,1,4.19335,0.196268,4.38255,-0.369522,0.392008,0.135455,2.03511,0,0,0
4.40112,2,-1.41468,7.97203,1.31402,9.85577e-05,-0.000106743,1.29393e-05,2.40568,0,0,0
4.40112,3,0,0,0,0,0,0,0,0,0,0
4.40112,4,0,0,0,0,0,0,0,0,0,0
4.40112,5,0,0,0,0,0,0,0,0,0,0
4.47135,0,-4.15497,-1.57217,4.48687,0.637028,0.993069,0.160777,3.08163,0,0,0
4.47135,1,4.1805,0.210454,4.3772,-0.324545,0.34488,0.144648,2.00545,0,0,0
4.47135,2,-1.41468,7.97203,1.31402,0.000100677,-0.000109559,1.26299e-05,2.40568,0,0,0
4.47135,3,0,0,0,0,0,0,0,0,0,0
4.47135,4,0,0,0,0,0,0,0,0,0,0
4.47135,5,0,0,0,0,0,0,0,0,0,0
4.5398,0,-4.13241,-1.53735,4.5029,0.594611,0.922252,0.159821,2.95579,0,0,0
4.5398,1,4.14732,0.245897,4.38714,-0.362951,0.384209,0.138569,2.00545,0,0,0
4.5398,2,-1.41467,7.97202,1.31403,9.64912e-05,-0.000105333,1.25888e-05,2.40568,0,0,0
4.5398,3,0,0,0,0,0,0,0,0,0,0
4.5398,4,0,0,0,0,0,0,0,0,0,0
4.5398,5,0,0,0,0,0,0,0,0,0,0
4.62972,0,-4.08083,-1.46192,4.5178,0.54876,0.832122,0.150894,2.95579,0,0,0
4.62972,1,4.11257,0.283135,4.3962,-0.397828,0.420463,0.138915,1.93874,0,0,0
4.62972,2,-1.41467,7.97202,1.31403,8.82511e-05,-9.66518e-05,1.26405e-05,2.40568,0,0,0
4.62972,3,0,0,0,0,0,0,0,0,0,0
4.62972,4,0,0,0,0,0,0,0,0,0,0
4.62972,5,0,0,0,0,0,0,0,0,0,0
4.70769,0,-4.0848,-1.4667,4.52961,0.535047,0.815076,0.13812,2.81946,0,0,0
4.70769,1,4.08355,0.314702,4.40568,-0.416654,0.441476,0.127875,1.93874,0,0,0
4.70769,2,-1.41467,7.97202,1.31403,8.5332e-05,-9.33198e-05,1.27853e-05,2.40568,0,0,0
4.70769,3,0,0,0,0,0,0,0,0,0,0
4.70769,4,0,0,0,0,0,0,0,0,0,0
4.70769,5,0,0,0,0,0,0,0,0,0,0
4.77165,0,-4.06387,-1.43488,4.53828,0.492654,0.745959,0.129655,2.81946,0,0,0
4.77165,1,4.08355,0.314702,4.40568,-0.416654,0.441476,0.127875,1.84329,0,0,0
4.77165,2,-1.41466,7.97201,1.31403,8.48311e-05,-9.27215e-05,1.2382e-05,2.40568,0,0,0
4.77165,3,0,0,0,0,0,0,0,0,0,0
4.77165,4,0,0,0,0,0,0,0,0,0,0
4.77165,5,0,0,0,0,0,0,0,0,0,0
4.84076,0,-4.05271,-1.41947,4.54311,0.430037,0.639731,0.133854,2.7839,0,0,0
4.84076,1,4.05264,0.348571,4.42252,-0.352067,0.374241,0.116123,1.84329,0,0,0
4.84076,2,-1.41466,7.97201,1.31403,7.99038e-05,-8.73624e-05,1.24146e-05,2.40568,0,0,0
4.84076,3,0,0,0,0,0,0,0,0,0,0
4.84076,4,0,0,0,0,0,0,0,0,0,0
4.84076,5,0,0,0,0,0,0,0,0,0,0
4.95357,0,-4.02379,-1.37545,4.54794,0.359147,0.529623,0.14636,2.71185,0,0,0
4.95357,1,4.04609,0.355875,4.42772,-0.294251,0.313215,0.120062,1.79467,0,0,0
4.95357,2,-1.41466,7.972,1.31403,7.9158e-05,-8.64216e-05,1.20708e-05,2.40568,0,0,0
4.95357,3,0,0,0,0,0,0,0,0,0,0
4.95357,4,0,0,0,0,0,0,0,0,0,0
4.95357,5,0,0,0,0,0,0,0,0,0,0
5.02975,0,-4.01677,-1.36586,4.55329,0.30796,0.446721,0.159714,2.71185,0,0,0
5.02975,1,4.03628,0.366491,4.4325,-0.257873,0.274201,0.125484,1.79467,0,0,0
5.02975,2,-1.41466,7.972,1.31403,7.11547e-05,-7.78535e-05,1.19496e-05,2.40568,0,0,0
5.02975,3,0,0,0,0,0,0,0,0,0,0
5.02975,4,0,0,0,0,0,0,0,0,0,0
5.02975,5,0,0,0,0,0,0,0,0,0,0
5.09546,0,-4.00677,-1.34601,4.55963,0.272125,0.407756,0.161691,2.67615,0,0,0
5.09546,1,4.03628,0.366491,4.4325,-0.257873,0.274201,0.125484,1.76868,0,0,0
5.09546,2,-1.41465,7.972,1.31403,7.3041e-05,-7.96651e-05,1.18418e-05,2.40568,0,0,0
5.09546,3,0,0,0,0,0,0,0,0,0,0
5.09546,4,0,0,0,0,0,0,0,0,0,0
5.09546,5,0,0,0,0,0,0,0,0,0,0
5.16329,0,-4.00677,-1.34601,4.55963,0.272125,0.407756,0.161691,2.67615,0,0,0
5.16329,1,4.01402,0.390483,4.44339,-0.212895,0.2255,0.143492,1.76868,0,0,0
5.16329,2,-1.41465,7.972,1.31403,6.54451e-05,-7.17114e-05,1.16926e-05,2.40568,0,0,0
5.16329,3,0,0,0,0,0,0,0,0,0,0
5.16329,4,0,0,0,0,0,0,0,0,0,0
5.16329,5,0,0,0,0,0,0,0,0,0,0
5.22395,0,-4.00202,-1.34063,4.56253,0.211689,0.306021,0.163765,2.66863,0,0,0
5.22395,1,3.99526,0.410382,4.44909,-0.209813,0.22082,0.147119,1.73427,0,0,0
5.22395,2,-1.41465,7.97199,1.31403,6.50018e-05,-7.12539e-05,1.16177e-05,2.40568,0,0,0
5.22395,3,0,0,0,0,0,0,0,0,0,0
5.22395,4,0,0,0,0,0,0,0,0,0,0
5.22395,5,0,0,0,0,0,0,0,0,0,0
5.28956,0,-3.99294,-1.3239,4.57449,0.182087,0.272792,0.159616,2.66863,0,0,0
5.28956,1,3.99239,0.413909,4.45113,-0.160508,0.169586,0.149883,1.73427,0,0,0
5.28956,2,-1.41465,7.97199,1.31403,5.63159e-05,-6.17189e-05,1.15511e-05,2.40568,0,0,0
5.28956,3,0,0,0,0,0,0,0,0,0,0
5.28956,4,0,0,0,0,0,0,0,0,0,0
5.28956,5,0,0,0,0,0,0,0,0,0,0
5.34493,0,-3.98072,-1.30217,4.57176,0.168469,0.264585,0.169572,2.62376,0,0,0
5.34493,1,3.98318,0.423844,4.45448,-0.146443,0.154264,0.152767,1.70146,0,0,0
5.34493,2,-1.41464,7.97199,1.31403,5.70371e-05,-6.22602e-05,1.14561e-05,2.40568,0,0,0
5.34493,3,0,0,0,0,0,0,0,0,0,0
5.34493,4,0,0,0,0,0,0,0,0,0,0
5.34493,5,0,0,0,0,0,0,0,0,0,0
5.42038,0,-3.97017,-1.28782,4.58389,0.154478,0.23483,0.160356,2.62376,0,0,0
5.42038,1,3.9709,0.437033,4.45967,-0.146664,0.154067,0.153699,1.70146,0,0,0
5.42038,2,-1.41464,7.97199,1.31403,5.33899e-05,-5.84132e-05,1.15236e-05,2.40568,0,0,0
5.42038,3,0,0,0,0,0,0,0,0,0,0
5.42038,4,0,0,0,0,0,0,0,0,0,0
5.42038,5,0,0,0,0,0,0,0,0,0,0
5.49686,0,-3.9146,-1.20538,4.59936,0.230659,0.349877,0.156232,2.56661,0,0,0
5.49686,1,3.96209,0.447341,4.46769,-0.130007,0.138845,0.14849,1.66876,0,0,0
5.49686,2,-1.41464,7.97198,1.31403,5.13565e-05,-5.62406e-05,1.14606e-05,2.40568,0,0,0
5.49686,3,0,0,0,0,0,0,0,0,0,0
5.49686,4,0,0,0,0,0,0,0,0,0,0
5.49686,5,0,0,0,0,0,0,0,0,0,0
5.56022,0,-3.89224,-1.16496,4.60329,0.247199,0.400282,0.154301,2.56661,0,0,0
5.56022,1,3.9275,0.483722,4.48213,-0.218061,0.229267,0.141111,1.66876,0,0,0
5.56022,2,-1.41463,7.97198,1.31403,5.59961e-05,-6.09757e-05,1.13853e-05,2.40568,0,0,0
5.56022,3,0,0,0,0,0,0,0,0,0,0
5.56022,4,0,0,0,0,0,0,0,0,0,0
5.56022,5,0,0,0,0,0,0,0,0,0,0
5.64393,0,-3.85293,-1.10657,4.62189,0.314626,0.498837,0.133057,2.45755,0,0,0
5.64393,1,3.89474,0.517007,4.49536,-0.277935,0.292063,0.129726,1.60144,0,0,0
5.64393,2,-1.41463,7.97197,1.31403,5.60289e-05,-6.09389e-05,1.13948e-05,2.40568,0,0,0
5.64393,3,0,0,0,0,0,0,0,0,0,0
5.64393,4,0,0,0,0,0,0,0,0,0,0
5.64393,5,0,0,0,0,0,0,0,0,0,0
5.72311,0,-3.85293,-1.10657,4.62189,0.314626,0.498837,0.133057,2.45755,0,0,0
5.72311,1,3.88328,0.532442,4.50452,-0.259808,0.282954,0.106038,1.53217,0,0,0
5.72311,2,-1.41463,7.97197,1.31404,5.35836e-05,-5.84369e-05,1.14141e-05,2.40568,0,0,0
5.72311,3,0,0,0,0,0,0,0,0,0,0
5.72311,4,0,0,0,0,0,0,0,0,0,0
5.72311,5,0,0,0,0,0,0,0,0,0,0
5.78839,0,-3.7798,-0.987786,4.64716,0.41126,0.670518,0.106147,2.30391,0,0,0
5.78839,1,3.84703,0.57121,4.51335,-0.33651,0.362367,0.08982,1.53217,0,0,0
5.78839,2,-1.41462,7.97197,1.31404,5.13809e-05,-5.60249e-05,1.13351e-05,2.40568,0,0,0
5.78839,3,0,0,0,0,0,0,0,0,0,0
5.78839,4,0,0,0,0,0,0,0,0,0,0
5.78839,5,0,0,0,0,0,0,0,0,0,0
5.86362,0,-3.76268,-0.965663,4.6555,0.394443,0.621307,0.0910934,2.30391,0,0,0
5.86362,1,3.83072,0.589219,4.52053,-0.326698,0.352621,0.080696,1.45324,0,0,0
5.86362,2,-1.41462,7.97196,1.31404,4.96276e-05,-5.41291e-05,1.1279e-05,2.40568,0,0,0
5.86362,3,0,0,0,0,0,0,0,0,0,0
5.86362,4,0,0,0,0,0,0,0,0,0,0
5.86362,5,0,0,0,0,0,0,0,0,0,0
5.93032,0,-3.75288,-0.948865,4.66075,0.35471,0.561164,0.0833204,2.21422,0,0,0
5.93032,1,3.82499,0.596302,4.52734,-0.283888,0.30878,0.0811915,1.45324,0,0,0
5.93032,2,-1.41462,7.97196,1.31404,4.82128e-05,-5.24864e-05,1.12616e-05,2.40568,0,0,0
5.93032,3,0,0,0,0,0,0,0,0,0,0
5.93032,4,0,0,0,0,0,0,0,0,0,0
5.93032,5,0,0,0,0,0,0,0,0,0,0
5.9962,0,-3.7352,-0.917491,4.65994,0.339698,0.551567,0.0963094,2.21422,0,0,0
5.9962,1,3.80291,0.619899,4.53355,-0.304571,0.328988,0.0727915,1.4099,0,0,0
5.9962,2,-1.41462,7.97196,1.31404,4.73906e-05,-5.16796e-05,1.1217e-05,2.40568,0,0,0
5.9962,3,0,0,0,0,0,0,0,0,0,0
5.9962,4,0,0,0,0,0,0,0,0,0,0
5.9962,5,0,0,0,0,0,0,0,0,0,0
6.06664,0,-3.70847,-0.871009,4.66942,0.350919,0.583695,0.107252,2.15913,0,0,0
6.06664,1,3.78785,0.63631,4.53918,-0.295856,0.319352,0.0668063,1.4099,0,0,0
6.06664,2,-1.41461,7.97196,1.31404,4.98037e-05,-5.40922e-05,1.1195e-05,2.40568,0,0,0
6.06664,3,0,0,0,0,0,0,0,0,0,0
6.06664,4,0,0,0,0,0,0,0,0,0,0
6.06664,5,0,0,0,0,0,0,0,0,0,0
6.14499,0,-3.68729,-0.839173,4.6873,0.349594,0.573265,0.104409,2.15913,0,0,0
6.14499,1,3.77941,0.646157,4.54467,-0.261383,0.284178,0.0635573,1.37303,0,0,0
6.14499,2,-1.41461,7.97195,1.31404,4.7124e-05,-5.13185e-05,1.11879e-05,2.40568,0,0,0
6.14499,3,0,0,0,0,0,0,0,0,0,0
6.14499,4,0,0,0,0,0,0,0,0,0,0
6.14499,5,0,0,0,0,0,0,0,0,0,0
6.22073,0,-3.67121,-0.814733,4.69416,0.336863,0.546622,0.100601,2.0636,0,0,0
6.22073,1,3.75123,0.675879,4.54734,-0.308981,0.33179,0.0610249,1.37303,0,0,0
6.22073,2,-1.41461,7.97195,1.31404,4.67885e-05,-5.09177e-05,1.12181e-05,2.40568,0,0,0
6.22073,3,0,0,0,0,0,0,0,0,0,0
6.22073,4,0,0,0,0,0,0,0,0,0,0
6.22073,5,0,0,0,0,0,0,0,0,0,0
6.27851,0,-3.65856,-0.795942,4.69623,0.309419,0.495111,0.100357,2.0636,0,0,0
6.27851,1,3.73837,0.690197,4.55147,-0.292449,0.315113,0.0575927,1.31299,0,0,0
6.27851,2,-1.4146,7.97195,1.31404,4.76496e-05,-5.16781e-05,1.11911e-05,2.40568,0,0,0
6.27851,3,0,0,0,0,0,0,0,0,0,0
6.27851,4,0,0,0,0,0,0,0,0,0,0
6.27851,5,0,0,0,0,0,0,0,0,0,0
6.35149,0,-3.64241,-0.770202,4.69559,0.299897,0.480082,0.100736,2.01101,0,0,0
6.35149,1,3.72582,0.703727,4.55475,-0.277697,0.298662,0.0540378,1.31299,0,0,0
6.35149,2,-1.4146,7.97194,1.31404,4.50592e-05,-4.88561e-05,1.11755e-05,2.40568,0,0,0
6.35149,3,0,0,0,0,0,0,0,0,0,0
6.35149,4,0,0,0,0,0,0,0,0,0,0
6.35149,5,0,0,0,0,0,0,0,0,0,0
6.42792,0,-3.63057,-0.746352,4.70049,0.279935,0.465296,0.09993,2.01101,0,0,0
6.42792,1,3.71384,0.71675,4.55755,-0.254589,0.2737,0.0535116,1.27646,0,0,0
6.42792,2,-1.4146,7.97194,1.31404,4.61015e-05,-4.70106e-05,1.1154e-05,2.40568,0,0,0
6.42792,3,0,0,0,0,0,0,0,0,0,0
6.42792,4,0,0,0,0,0,0,0,0,0,0
6.42792,5,0,0,0,0,0,0,0,0,0,0
6.4882,0,-3.61002,-0.710873,4.70738,0.288835,0.491022,0.0961397,1.95452,0,0,0
6.4882,1,3.7001,0.73154,4.56118,-0.242245,0.259805,0.0525611,1.27646,0,0,0
6.4882,2,-1.4146,7.97194,1.31404,4.628e-05,-4.76388e-05,1.11224e-05,2.40568,0,0,0
6.4882,3,0,0,0,0,0,0,0,0,0,0
6.4882,4,0,0,0,0,0,0,0,0,0,0
6.4882,5,0,0,0,0,0,0,0,0,0,0
6.57032,0,-3.59236,-0.683209,4.71331,0.290587,0.489102,0.0906479,1.95452,0,0,0
6.57032,1,3.69354,0.738695,4.56332,-0.213431,0.228899,0.0528638,1.24607,0,0,0
6.57032,2,-1.41459,7.97194,1.31404,4.53808e-05,-4.72201e-05,1.11066e-05,2.40568,0,0,0
6.57032,3,0,0,0,0,0,0,0,0,0,0
6.57032,4,0,0,0,0,0,0,0,0,0,0
6.57032,5,0,0,0,0,0,0,0,0,0,0
6.64063,0,-3.58147,-0.668034,4.72434,0.268537,0.442386,0.0810428,1.87971,0,0,0
6.64063,1,3.68287,0.750175,4.56706,-0.202442,0.216654,0.0505433,1.24607,0,0,0
6.64063,2,-1.41459,7.97193,1.31404,4.70938e-05,-4.94554e-05,1.10427e-05,2.40568,0,0,0
6.64063,3,0,0,0,0,0,0,0,0,0,0
6.64063,4,0,0,0,0,0,0,0,0,0,0
6.64063,5,0,0,0,0,0,0,0,0,0,0
6.70591,0,-3.568,-0.645593,4.7285,0.258007,0.426948,0.0741239,1.87971,0,0,0
6.70591,1,3.66858,0.765421,4.57027,-0.204648,0.218083,0.0491319,1.20893,0,0,0
6.70591,2,-1.41459,7.97193,1.31404,4.61256e-05,-4.88916e-05,1.10203e-05,2.40568,0,0,0
6.70591,3,0,0,0,0,0,0,0,0,0,0
6.70591,4,0,0,0,0,0,0,0,0,0,0
6.70591,5,0,0,0,0,0,0,0,0,0,0
6.75913,0,-3.568,-0.645593,4.7285,0.258007,0.426948,0.0741239,1.83266,0,0,0
6.75913,1,3.6609,0.773817,4.57247,-0.186968,0.199354,0.0488872,1.20893,0,0,0
6.75913,2,-1.41459,7.97193,1.31404,4.61256e-05,-4.88916e-05,1.10203e-05,2.40568,0,0,0
6.75913,3,0,0,0,0,0,0,0,0,0,0
6.75913,4,0,0,0,0,0,0,0,0,0,0
6.75913,5,0,0,0,0,0,0,0,0,0,0
6.81985,0,-3.55996,-0.62997,4.72981,0.23125,0.392385,0.0718237,1.83266,0,0,0
6.81985,1,3.65158,0.783809,4.57513,-0.178421,0.189798,0.0468733,1.18347,0,0,0
6.81985,2,-1.41459,7.97193,1.31404,4.62916e-05,-4.94726e-05,1.09616e-05,2.40568,0,0,0
6.81985,3,0,0,0,0,0,0,0,0,0,0
6.81985,4,0,0,0,0,0,0,0,0,0,0
6.81985,5,0,0,0,0,0,0,0,0,0,0
6.88772,0,-3.54805,-0.614946,4.73381,0.224088,0.362443,0.0658678,1.81529,0,0,0
6.88772,1,3.64624,0.789631,4.57716,-0.15644,0.166433,0.047425,1.18347,0,0,0
6.88772,2,-1.41458,7.97192,1.31404,4.57527e-05,-4.90205e-05,1.09163e-05,2.40568,0,0,0
6.88772,3,0,0,0,0,0,0,0,0,0,0
6.88772,4,0,0,0,0,0,0,0,0,0,0
6.88772,5,0,0,0,0,0,0,0,0,0,0
6.953,0,-3.53399,-0.584896,4.74121,0.220714,0.387935,0.0610271,1.81529,0,0,0
6.953,1,3.63881,0.79772,4.57988,-0.145997,0.155324,0.044394,1.164,0,0,0
6.953,2,-1.41458,7.97192,1.31404,4.2175e-05,-4.55322e-05,1.08944e-05,2.40568,0,0,0
6.953,3,0,0,0,0,0,0,0,0,0,0
6.953,4,0,0,0,0,0,0,0,0,0,0
6.953,5,0,0,0,0,0,0,0,0,0,0
7.00529,0,-3.5215,-0.565783,4.74561,0.216111,0.373055,0.0575192,1.76206,0,0,0
7.00529,1,3.63603,0.800692,4.58031,-0.121186,0.128534,0.0506261,1.164,0,0,0
7.00529,2,-1.41458,7.97192,1.31405,4.11071e-05,-4.48646e-05,1.08287e-05,2.40568,0,0,0
7.00529,3,0,0,0,0,0,0,0,0,0,0
7.00529,4,0,0,0,0,0,0,0,0,0,0
7.00529,5,0,0,0,0,0,0,0,0,0,0
7.08314,0,-3.51059,-0.551086,4.75173,0.205835,0.342349,0.05884,1.76206,0,0,0
7.08314,1,3.62957,0.807696,4.58265,-0.113169,0.119963,0.0515742,1.15015,0,0,0
7.08314,2,-1.41458,7.97192,1.31405,4.13497e-05,-4.50487e-05,1.07839e-05,2.40568,0,0,0
7.08314,3,0,0,0,0,0,0,0,0,0,0
7.08314,4,0,0,0,0,0,0,0,0,0,0
7.08314,5,0,0,0,0,0,0,0,0,0,0
7.161,0,-3.50118,-0.532263,4.76007,0.192957,0.334636,0.0607136,1.71969,0,0,0
7.161,1,3.61273,0.825527,4.5849,-0.142057,0.149543,0.0531596,1.15015,0,0,0
7.161,2,-1.41457,7.97191,1.31405,5.2281e-05,-5.66258e-05,1.07024e-05,2.40568,0,0,0
7.161,3,0,0,0,0,0,0,0,0,0,0
7.161,4,0,0,0,0,0,0,0,0,0,0
7.161,5,0,0,0,0,0,0,0,0,0,0
7.21944,0,-3.49271,-0.518431,4.76456,0.179532,0.310511,0.0632838,1.71969,0,0,0
7.21944,1,3.60424,0.834857,4.58881,-0.139147,0.147115,0.0586104,1.11267,0,0,0
7.21944,2,-1.41457,7.97191,1.31405,5.21587e-05,-5.68717e-05,1.06484e-05,2.40568,0,0,0
7.21944,3,0,0,0,0,0,0,0,0,0,0
7.21944,4,0,0,0,0,0,0,0,0,0,0
7.21944,5,0,0,0,0,0,0,0,0,0,0
7.2795,0,-3.48655,-0.508233,4.76835,0.157064,0.271636,0.0670168,1.68062,0,0,0
7.2795,1,3.59306,0.846742,4.58968,-0.147155,0.15511,0.0601633,1.11267,0,0,0
7.2795,2,-1.41457,7.97191,1.31405,5.12279e-05,-5.60718e-05,1.05657e-05,2.40568,0,0,0
7.2795,3,0,0,0,0,0,0,0,0,0,0
7.2795,4,0,0,0,0,0,0,0,0,0,0
7.2795,5,0,0,0,0,0,0,0,0,0,0
7.34496,0,-3.48155,-0.50032,4.77191,0.137797,0.237004,0.0714374,1.68062,0,0,0
7.34496,1,3.58766,0.852736,4.59356,-0.132436,0.140077,0.0653355,1.08788,0,0,0
7.34496,2,-1.41456,7.9719,1.31405,4.96016e-05,-5.45051e-05,1.04265e-05,2.40568,0,0,0
7.34496,3,0,0,0,0,0,0,0,0,0,0
7.34496,4,0,0,0,0,0,0,0,0,0,0
7.34496,5,0,0,0,0,0,0,0,0,0,0
7.41576,0,-3.47371,-0.487806,4.77576,0.128681,0.220205,0.0806755,1.65827,0,0,0
7.41576,1,3.57948,0.861597,4.59886,-0.130455,0.138099,0.072505,1.08788,0,0,0
7.41576,2,-1.41456,7.9719,1.31405,4.96016e-05,-5.45051e-05,1.04265e-05,2.40568,0,0,0
7.41576,3,0,0,0,0,0,0,0,0,0,0
7.41576,4,0,0,0,0,0,0,0,0,0,0
7.41576,5,0,0,0,0,0,0,0,0,0,0
7.47445,0,-3.46145,-0.465606,4.77998,0.108164,0.191443,0.086128,1.65827,0,0,0
7.47445,1,3.57109,0.870498,4.60557,-0.129899,0.137036,0.0753543,1.06132,0,0,0
7.47445,2,-1.41456,7.9719,1.31405,4.53569e-05,-5.00969e-05,1.03276e-05,2.40568,0,0,0
7.47445,3,0,0,0,0,0,0,0,0,0,0
7.47445,4,0,0,0,0,0,0,0,0,0,0
7.47445,5,0,0,0,0,0,0,0,0,0,0
7.54078,0,-3.45234,-0.449096,4.78895,0.108599,0.1986,0.0879762,1.61738,0,0,0
7.54078,1,3.56549,0.876727,4.61063,-0.119298,0.126402,0.0787095,1.06132,0,0,0
7.54078,2,-1.41455,7.97189,1.31405,5.05329e-05,-5.37521e-05,1.0241e-05,2.40568,0,0,0
7.54078,3,0,0,0,0,0,0,0,0,0,0
7.54078,4,0,0,0,0,0,0,0,0,0,0
7.54078,5,0,0,0,0,0,0,0,0,0,0
7.6194,0,-3.44206,-0.434959,4.79505,0.113477,0.195234,0.0883539,1.57875,0,0,0
7.6194,1,3.55808,0.884573,4.61407,-0.117437,0.123929,0.0790602,1.04063,0,0,0
7.6194,2,-1.41455,7.97189,1.31405,4.8867e-05,-5.22101e-05,1.00483e-05,2.40568,0,0,0
7.6194,3,0,0,0,0,0,0,0,0,0,0
7.6194,4,0,0,0,0,0,0,0,0,0,0
7.6194,5,0,0,0,0,0,0,0,0,0,0
7.6898,0,-3.43412,-0.422057,4.79471,0.111086,0.191179,0.0887577,1.57875,0,0,0
7.6898,1,3.55048,0.892794,4.61767,-0.116771,0.123386,0.0806827,1.04063,0,0,0
7.6898,2,-1.41455,7.97188,1.31405,5.36212e-05,-5.73104e-05,9.9669e-06,2.40568,0,0,0
7.6898,3,0,0,0,0,0,0,0,0,0,0
7.6898,4,0,0,0,0,0,0,0,0,0,0
7.6898,5,0,0,0,0,0,0,0,0,0,0
7.74798,0,-3.42232,-0.405767,4.79775,0.117398,0.191573,0.0867951,1.54375,0,0,0
7.74798,1,3.54418,0.899571,4.61982,-0.107565,0.113562,0.0808229,1.0194,0,0,0
7.74798,2,-1.41455,7.97188,1.31405,5.35231e-05,-5.74742e-05,9.8543e-06,2.40568,0,0,0
7.74798,3,0,0,0,0,0,0,0,0,0,0
7.74798,4,0,0,0,0,0,0,0,0,0,0
7.74798,5,0,0,0,0,0,0,0,0,0,0
7.8108,0,-3.41425,-0.391668,4.80536,0.115637,0.192587,0.0848855,1.54375,0,0,0
7.8108,1,3.5394,0.90485,4.6222,-0.0959983,0.101628,0.0809011,1.0194,0,0,0
7.8108,2,-1.41454,7.97188,1.31405,5.32855e-05,-5.74728e-05,9.76049e-06,2.40568,0,0,0
7.8108,3,0,0,0,0,0,0,0,0,0,0
7.8108,4,0,0,0,0,0,0,0,0,0,0
7.8108,5,0,0,0,0,0,0,0,0,0,0
7.8671,0,-3.40269,-0.373364,4.81076,0.122821,0.204096,0.0859648,1.52628,0,0,0
7.8671,1,3.52929,0.915535,4.62586,-0.106324,0.111908,0.0809871,0.996749,0,0,0
7.8671,2,-1.41454,7.97187,1.31405,5.32018e-05,-5.74398e-05,9.72454e-06,2.40568,0,0,0
7.8671,3,0,0,0,0,0,0,0,0,0,0
7.8671,4,0,0,0,0,0,0,0,0,0,0
7.8671,5,0,0,0,0,0,0,0,0,0,0
7.93238,0,-3.39069,-0.355482,4.81301,0.131776,0.213712,0.0863743,1.52628,0,0,0
7.93238,1,3.5242,0.921155,4.62885,-0.0967298,0.102163,0.0807787,0.996749,0,0,0
7.93238,2,-1.41454,7.97187,1.31405,5.16284e-05,-5.58394e-05,9.62583e-06,2.40568,0,0,0
7.93238,3,0,0,0,0,0,0,0,0,0,0
7.93238,4,0,0,0,0,0,0,0,0,0,0
7.93238,5,0,0,0,0,0,0,0,0,0,0
8.00782,0,-3.38125,-0.339931,4.81806,0.133162,0.21872,0.0836177,1.48246,0,0,0
8.00782,1,3.51548,0.93076,4.63164,-0.104023,0.110648,0.0796778,0.975399,0,0,0
8.00782,2,-1.41454,7.97187,1.31405,5.16284e-05,-5.58394e-05,9.62583e-06,2.40568,0,0,0
8.00782,3,0,0,0,0,0,0,0,0,0,0
8.00782,4,0,0,0,0,0,0,0,0,0,0
8.00782,5,0,0,0,0,0,0,0,0,0,0
8.0781,0,-3.36481,-0.319061,4.8189,0.155433,0.237029,0.0824524,1.48246,0,0,0
8.0781,1,3.50442,0.942462,4.63612,-0.11888,0.12575,0.0782946,0.975399,0,0,0
8.0781,2,-1.41453,7.97187,1.31405,5.34716e-05,-5.81119e-05,9.46315e-06,2.40568,0,0,0
8.0781,3,0,0,0,0,0,0,0,0,0,0
8.0781,4,0,0,0,0,0,0,0,0,0,0
8.0781,5,0,0,0,0,0,0,0,0,0,0
8.14454,0,-3.35498,-0.299489,4.82291,0.156029,0.25254,0.0802012,1.41547,0,0,0
8.14454,1,3.49536,0.952929,4.6389,-0.124459,0.134147,0.0749056,0.944602,0,0,0
8.14454,2,-1.41453,7.97187,1.31405,5.34716e-05,-5.81119e-05,9.46315e-06,2.40568,0,0,0
8.14454,3,0,0,0,0,0,0,0,0,0,0
8.14454,4,0,0,0,0,0,0,0,0,0,0
8.14454,5,0,0,0,0,0,0,0,0,0,0
8.21234,0,-3.34387,-0.283039,4.83025,0.160937,0.256497,0.0769658,1.41547,0,0,0
8.21234,1,3.47187,0.97773,4.64539,-0.184872,0.196716,0.0703995,0.944602,0,0,0
8.21234,2,-1.41453,7.97187,1.31406,5.23859e-05,-5.72891e-05,9.35265e-06,2.40568,0,0,0
8.21234,3,0,0,0,0,0,0,0,0,0,0
8.21234,4,0,0,0,0,0,0,0,0,0,0
8.21234,5,0,0,0,0,0,0,0,0,0,0
8.26783,0,-3.33116,-0.260819,4.83431,0.169247,0.279837,0.0736988,1.36867,0,0,0
8.26783,1,3.4643,0.986496,4.65239,-0.176528,0.190003,0.0682918,0.896951,0,0,0
8.26783,2,-1.41453,7.97186,1.31406,5.38091e-05,-5.86971e-05,9.2403e-06,2.40568,0,0,0
8.26783,3,0,0,0,0,0,0,0,0,0,0
8.26783,4,0,0,0,0,0,0,0,0,0,0
8.26783,5,0,0,0,0,0,0,0,0,0,0
8.32059,0,-3.31885,-0.243047,4.83871,0.176604,0.284771,0.0708444,1.36867,0,0,0
8.32059,1,3.45258,0.999241,4.65715,-0.179868,0.193745,0.0632102,0.896951,0,0,0
8.32059,2,-1.41452,7.97186,1.31406,5.27473e-05,-5.75366e-05,9.13816e-06,2.40568,0,0,0
8.32059,3,0,0,0,0,0,0,0,0,0,0
8.32059,4,0,0,0,0,0,0,0,0,0,0
8.32059,5,0,0,0,0,0,0,0,0,0,0
8.3951,0,-3.30961,-0.228452,4.84189,0.174066,0.279929,0.0674212,1.32908,0,0,0
8.3951,1,3.441,1.0118,4.66122,-0.185667,0.199953,0.0584002,0.861431,0,0,0
8.3951,2,-1.41452,7.97186,1.31406,4.98444e-05,-5.45569e-05,9.0368e-06,2.40568,0,0,0
8.3951,3,0,0,0,0,0,0,0,0,0,0
8.3951,4,0,0,0,0,0,0,0,0,0,0
8.3951,5,0,0,0,0,0,0,0,0,0,0
8.45227,0,-3.30368,-0.219723,4.83987,0.161462,0.257374,0.0680691,1.32908,0,0,0
8.45227,1,3.43352,1.02008,4.66416,-0.177112,0.191317,0.055771,0.861431,0,0,0
8.45227,2,-1.41452,7.97185,1.31406,5.16312e-05,-5.64775e-05,8.98822e-06,2.40568,0,0,0
8.45227,3,0,0,0,0,0,0,0,0,0,0
8.45227,4,0,0,0,0,0,0,0,0,0,0
8.45227,5,0,0,0,0,0,0,0,0,0,0
8.51029,0,-3.29193,-0.20528,4.84386,0.168581,0.25332,0.0648528,1.30033,0,0,0
8.51029,1,3.42226,1.03186,4.66755,-0.177219,0.195678,0.0502796,0.849895,0,0,0
8.51029,2,-1.41451,7.97185,1.31406,5.31966e-05,-5.81082e-05,8.90636e-06,2.40568,0,0,0
8.51029,3,0,0,0,0,0,0,0,0,0,0
8.51029,4,0,0,0,0,0,0,0,0,0,0
8.51029,5,0,0,0,0,0,0,0,0,0,0
8.5624,0,-3.27404,-0.182827,4.84953,0.189769,0.271124,0.0648468,1.30033,0,0,0
8.5624,1,3.41355,1.04174,4.67129,-0.171194,0.189895,0.047956,0.849895,0,0,0
8.5624,2,-1.41451,7.97185,1.31406,4.86926e-05,-5.32744e-05,8.8315e-06,2.40568,0,0,0
8.5624,3,0,0,0,0,0,0,0,0,0,0
8.5624,4,0,0,0,0,0,0,0,0,0,0
8.5624,5,0,0,0,0,0,0,0,0,0,0
8.62804,0,-3.26353,-0.154622,4.85377,0.187875,0.308423,0.0636683,1.24153,0,0,0
8.62804,1,3.40675,1.0494,4.67214,-0.162496,0.180708,0.0467424,0.819591,0,0,0
8.62804,2,-1.41451,7.97184,1.31406,4.61629e-05,-5.08235e-05,8.79265e-06,2.40568,0,0,0
8.62804,3,0,0,0,0,0,0,0,0,0,0
8.62804,4,0,0,0,0,0,0,0,0,0,0
8.62804,5,0,0,0,0,0,0,0,0,0,0
8.70225,0,-3.25249,-0.137265,4.85726,0.187954,0.307077,0.0617704,1.24153,0,0,0
8.70225,1,3.39663,1.06031,4.67466,-0.165864,0.183298,0.043269,0.819591,0,0,0
8.70225,2,-1.41451,7.97184,1.31406,4.91374e-05,-5.47613e-05,8.75068e-06,2.40568,0,0,0
8.70225,3,0,0,0,0,0,0,0,0,0,0
8.70225,4,0,0,0,0,0,0,0,0,0,0
8.70225,5,0,0,0,0,0,0,0,0,0,0
8.75879,0,-3.24021,-0.116323,4.86078,0.192751,0.320943,0.0587342,1.19625,0,0,0
8.75879,1,3.38694,1.07084,4.67801,-0.165592,0.18235,0.0409066,0.794424,0,0,0
8.75879,2,-1.41451,7.97184,1.31406,4.34593e-05,-4.81581e-05,8.70811e-06,2.40568,0,0,0
8.75879,3,0,0,0,0,0,0,0,0,0,0
8.75879,4,0,0,0,0,0,0,0,0,0,0
8.75879,5,0,0,0,0,0,0,0,0,0,0
8.8478,0,-3.22999,-0.0994187,4.86403,0.190514,0.317578,0.0585788,1.19625,0,0,0
8.8478,1,3.37875,1.07988,4.68055,-0.163216,0.179827,0.0382343,0.794424,0,0,0
8.8478,2,-1.4145,7.97184,1.31406,4.44513e-05,-4.86122e-05,8.62978e-06,2.40568,0,0,0
8.8478,3,0,0,0,0,0,0,0,0,0,0
8.8478,4,0,0,0,0,0,0,0,0,0,0
8.8478,5,0,0,0,0,0,0,0,0,0,0
8.94834,0,-3.22422,-0.0920611,4.86609,0.17196,0.279605,0.0593867,1.16675,0,0,0
8.94834,1,3.36725,1.09213,4.68485,-0.145505,0.159043,0.034314,0.763289,0,0,0
8.94834,2,-1.4145,7.97183,1.31406,4.98988e-05,-5.4112e-05,8.52805e-06,2.40568,0,0,0
8.94834,3,0,0,0,0,0,0,0,0,0,0
8.94834,4,0,0,0,0,0,0,0,0,0,0
8.94834,5,0,0,0,0,0,0,0,0,0,0
9.02761,0,-3.21181,-0.0743285,4.86936,0.18056,0.286459,0.0581061,1.16675,0,0,0
9.02761,1,3.35752,1.10258,4.68691,-0.152211,0.165507,0.0343145,0.763289,0,0,0
9.02761,2,-1.4145,7.97183,1.31406,4.73449e-05,-5.13828e-05,8.45189e-06,2.40568,0,0,0
9.02761,3,0,0,0,0,0,0,0,0,0,0
9.02761,4,0,0,0,0,0,0,0,0,0,0
9.02761,5,0,0,0,0,0,0,0,0,0,0
9.12588,0,-3.20292,-0.0534133,4.87719,0.175542,0.300509,0.0574256,1.14495,0,0,0
9.12588,1,3.35752,1.10258,4.68691,-0.152211,0.165507,0.0343145,0.735611,0,0,0
9.12588,2,-1.4145,7.97183,1.31406,4.60791e-05,-4.98771e-05,8.45757e-06,2.40568,0,0,0
9.12588,3,0,0,0,0,0,0,0,0,0,0
9.12588,4,0,0,0,0,0,0,0,0,0,0
9.12588,5,0,0,0,0,0,0,0,0,0,0
9.21064,0,-3.19197,-0.0400437,4.88171,0.179925,0.291601,0.0577255,1.14495,0,0,0
9.21064,1,3.3523,1.10828,4.68897,-0.141148,0.153537,0.033249,0.735611,0,0,0
9.21064,2,-1.41449,7.97182,1.31406,4.33345e-05,-4.68969e-05,8.36002e-06,2.40568,0,0,0
9.21064,3,0,0,0,0,0,0,0,0,0,0
9.21064,4,0,0,0,0,0,0,0,0,0,0
9.21064,5,0,0,0,0,0,0,0,0,0,0
9.28092,0,-3.18412,-0.0249964,4.88264,0.173829,0.289546,0.0573738,1.10361,0,0,0
9.28092,1,3.34485,1.11634,4.69047,-0.138746,0.150609,0.0315206,0.727616,0,0,0
9.28092,2,-1.41449,7.97182,1.31406,4.71263e-05,-5.08338e-05,8.34982e-06,2.40568,0,0,0
9.28092,3,0,0,0,0,0,0,0,0,0,0
9.28092,4,0,0,0,0,0,0,0,0,0,0
9.28092,5,0,0,0,0,0,0,0,0,0,0
9.35228,0,-3.1771,-0.0132054,4.88571,0.164817,0.275138,0.0569368,1.10361,0,0,0
9.35228,1,3.34132,1.12014,4.69214,-0.122175,0.132552,0.0319717,0.727616,0,0,0
9.35228,2,-1.41449,7.97182,1.31406,4.63956e-05,-4.99465e-05,8.28522e-06,2.40568,0,0,0
9.35228,3,0,0,0,0,0,0,0,0,0,0
9.35228,4,0,0,0,0,0,0,0,0,0,0
9.35228,5,0,0,0,0,0,0,0,0,0,0
9.41977,0,-3.17076,-0.00371408,4.88886,0.155108,0.255625,0.0585242,1.07284,0,0,0
9.41977,1,3.33463,1.1273,4.69424,-0.121384,0.131205,0.0326839,0.711177,0,0,0
9.41977,2,-1.41448,7.97182,1.31406,4.58711e-05,-4.92799e-05,8.27468e-06,2.40568,0,0,0
9.41977,3,0,0,0,0,0,0,0,0,0,0
9.41977,4,0,0,0,0,0,0,0,0,0,0
9.41977,5,0,0,0,0,0,0,0,0,0,0
9.48051,0,-3.16365,0.00926192,4.89612,0.144857,0.243024,0.0593497,1.07284,0,0,0
9.48051,1,3.32943,1.1329,4.6961,-0.113976,0.123045,0.0334819,0.711177,0,0,0
9.48051,2,-1.41448,7.97181,1.31406,4.15922e-05,-4.50063e-05,8.30025e-06,2.40568,0,0,0
9.48051,3,0,0,0,0,0,0,0,0,0,0
9.48051,4,0,0,0,0,0,0,0,0,0,0
9.48051,5,0,0,0,0,0,0,0,0,0,0
9.56004,0,-3.15813,0.0175466,4.89625,0.136414,0.226086,0.0631825,1.045,0,0,0
9.56004,1,3.32648,1.13614,4.69601,-0.100674,0.108795,0.0362554,0.689098,0,0,0
9.56004,2,-1.41448,7.97181,1.31406,4.50044e-05,-4.83415e-05,8.30063e-06,2.40568,0,0,0
9.56004,3,0,0,0,0,0,0,0,0,0,0
9.56004,4,0,0,0,0,0,0,0,0,0,0
9.56004,5,0,0,0,0,0,0,0,0,0,0
9.62923,0,-3.15426,0.0256146,4.90014,0.123324,0.20998,0.0635135,1.045,0,0,0
9.62923,1,3.31403,1.14867,4.69996,-0.101809,0.106769,0.0382442,0.689098,0,0,0
9.62923,2,-1.41448,7.97181,1.31406,4.2576e-05,-4.58175e-05,8.28087e-06,2.40568,0,0,0
9.62923,3,0,0,0,0,0,0,0,0,0,0
9.62923,4,0,0,0,0,0,0,0,0,0,0
9.62923,5,0,0,0,0,0,0,0,0,0,0
9.71523,0,-3.14814,0.036018,4.90647,0.119383,0.203998,0.0639821,1.02574,0,0,0
9.71523,1,3.31076,1.15264,4.70186,-0.0920877,0.0979919,0.0386421,0.679109,0,0,0
9.71523,2,-1.41448,7.97181,1.31406,4.20641e-05,-4.52455e-05,8.27111e-06,2.40568,0,0,0
9.71523,3,0,0,0,0,0,0,0,0,0,0
9.71523,4,0,0,0,0,0,0,0,0,0,0
9.71523,5,0,0,0,0,0,0,0,0,0,0
9.79738,0,-3.14394,0.0428198,4.90649,0.109755,0.186646,0.0672885,1.02574,0,0,0
9.79738,1,3.30825,1.15548,4.70383,-0.0809964,0.0865231,0.038932,0.665568,0,0,0
9.79738,2,-1.41447,7.9718,1.31407,4.18953e-05,-4.50929e-05,8.26708e-06,2.40568,0,0,0
9.79738,3,0,0,0,0,0,0,0,0,0,0
9.79738,4,0,0,0,0,0,0,0,0,0,0
9.79738,5,0,0,0,0,0,0,0,0,0,0
9.87434,0,-3.13815,0.0531852,4.91376,0.106051,0.183557,0.0670076,1.00477,0,0,0
9.87434,1,3.30493,1.15917,4.70766,-0.0728635,0.0780938,0.0397748,0.665568,0,0,0
9.87434,2,-1.41447,7.9718,1.31407,4.28035e-05,-4.60964e-05,8.2667e-06,2.40568,0,0,0
9.87434,3,0,0,0,0,0,0,0,0,0,0
9.87434,4,0,0,0,0,0,0,0,0,0,0
9.87434,5,0,0,0,0,0,0,0,0,0,0
9.9298,0,-3.13237,0.062026,4.91742,0.103338,0.175828,0.0679959,1.00477,0,0,0
9.9298,1,3.29655,1.16803,4.71041,-0.0839359,0.0891641,0.0426407,0.643129,0,0,0
9.9298,2,-1.41447,7.9718,1.31407,4.10329e-05,-4.42605e-05,8.27097e-06,2.40568,0,0,0
9.9298,3,0,0,0,0,0,0,0,0,0,0
9.9298,4,0,0,0,0,0,0,0,0,0,0
9.9298,5,0,0,0,0,0,0,0,0,0,0
9.99124,0,-3.12723,0.0694809,4.91699,0.0933569,0.154642,0.0683538,0.98053,0,0,0
9.99124,1,3.29148,1.17351,4.7111,-0.0821175,0.0872041,0.044269,0.643129,0,0,0
9.99124,2,-1.41447,7.9718,1.31407,4.07135e-05,-4.38747e-05,8.2266e-06,2.40568,0,0,0
9.99124,3,0,0,0,0,0,0,0,0,0,0
9.99124,4,0,0,0,0,0,0,0,0,0,0
9.99124,5,0,0,0,0,0,0,0,0,0,0
10.062,0,-3.12274,0.077883,4.9226,0.0863801,0.147018,0.066347,0.98053,0,0,0
10.062,1,3.2871,1.17824,4.71331,-0.079201,0.0840576,0.0442534,0.635738,0,0,0
10.062,2,-1.41447,7.9718,1.31407,3.48024e-05,-3.76404e-05,8.23439e-06,2.40568,0,0,0
10.062,3,0,0,0,0,0,0,0,0,0,0
10.062,4,0,0,0,0,0,0,0,0,0,0
10.062,5,0,0,0,0,0,0,0,0,0,0
10.1213,0,-3.11701,0.0875912,4.92516,0.0851279,0.146237,0.0671478,0.961303,0,0,0
10.1213,1,3.28255,1.18315,4.71535,-0.0774493,0.0821526,0.0458233,0.635738,0,0,0
10.1213,2,-1.41447,7.9718,1.31407,3.47348e-05,-3.77079e-05,8.19983e-06,2.40568,0,0,0
10.1213,3,0,0,0,0,0,0,0,0,0,0
10.1213,4,0,0,0,0,0,0,0,0,0,0
10.1213,5,0,0,0,0,0,0,0,0,0,0
10.2074,0,-3.11465,0.0899509,4.92698,0.093305,0.154383,0.0672992,0.961303,0,0,0
10.2074,1,3.27864,1.18747,4.71756,-0.0737306,0.0784839,0.0467178,0.615751,0,0,0
10.2074,2,-1.41446,7.97179,1.31407,3.59952e-05,-3.9014e-05,8.19079e-06,2.40568,0,0,0
10.2074,3,0,0,0,0,0,0,0,0,0,0
10.2074,4,0,0,0,0,0,0,0,0,0,0
10.2074,5,0,0,0,0,0,0,0,0,0,0
10.2652,0,-3.09906,0.108858,4.92861,0.120869,0.179394,0.0669209,0.946188,0,0,0
10.2652,1,3.2769,1.18932,4.7195,-0.0802223,0.0853651,0.0472278,0.615751,0,0,0
10.2652,2,-1.41446,7.97179,1.31407,3.54564e-05,-3.85248e-05,8.15115e-06,2.40568,0,0,0
10.2652,3,0,0,0,0,0,0,0,0,0,0
10.2652,4,0,0,0,0,0,0,0,0,0,0
10.2652,5,0,0,0,0,0,0,0,0,0,0
10.3431,0,-3.09121,0.133582,4.93249,0.122484,0.221983,0.0657469,0.896723,0,0,0
10.3431,1,3.27294,1.19356,4.72348,-0.0755142,0.0802031,0.0467713,0.606181,0,0,0
10.3431,2,-1.41446,7.97179,1.31407,3.83756e-05,-4.16517e-05,8.13121e-06,2.40568,0,0,0
10.3431,3,0,0,0,0,0,0,0,0,0,0
10.3431,4,0,0,0,0,0,0,0,0,0,0
10.3431,5,0,0,0,0,0,0,0,0,0,0
10.4124,0,-3.0838,0.138028,4.93622,0.148788,0.237799,0.0618951,0.896723,0,0,0
10.4124,1,3.272,1.19471,4.72237,-0.0612501,0.065439,0.0470524,0.606181,0,0,0
10.4124,2,-1.41446,7.97178,1.31407,3.94766e-05,-4.28558e-05,8.05415e-06,2.40568,0,0,0
10.4124,3,0,0,0,0,0,0,0,0,0,0
10.4124,4,0,0,0,0,0,0,0,0,0,0
10.4124,5,0,0,0,0,0,0,0,0,0,0
10.4625,0,-3.06716,0.165078,4.9398,0.148972,0.239533,0.0588457,0.856617,0,0,0
10.4625,1,3.26793,1.19913,4.72611,-0.0603539,0.0645121,0.0467724,0.598266,0,0,0
10.4625,2,-1.41446,7.97178,1.31407,3.88742e-05,-4.22801e-05,8.00136e-06,2.40568,0,0,0
10.4625,3,0,0,0,0,0,0,0,0,0,0
10.4625,4,0,0,0,0,0,0,0,0,0,0
10.4625,5,0,0,0,0,0,0,0,0,0,0
10.5336,0,-3.06468,0.166579,4.9459,0.157853,0.244742,0.0555575,0.856617,0,0,0
10.5336,1,3.26483,1.20244,4.72611,-0.0567994,0.0605454,0.0466997,0.598266,0,0,0
10.5336,2,-1.41445,7.97178,1.31407,3.59446e-05,-3.92859e-05,7.97343e-06,2.40568,0,0,0
10.5336,3,0,0,0,0,0,0,0,0,0,0
10.5336,4,0,0,0,0,0,0,0,0,0,0
10.5336,5,0,0,0,0,0,0,0,0,0,0
10.6026,0,-3.05718,0.180698,4.94853,0.154045,0.24758,0.0514488,0.836648,0,0,0
10.6026,1,3.26048,1.20714,4.72774,-0.0580548,0.0619334,0.0459566,0.587265,0,0,0
10.6026,2,-1.41445,7.97178,1.31407,3.93222e-05,-4.27175e-05,7.93829e-06,2.40568,0,0,0
10.6026,3,0,0,0,0,0,0,0,0,0,0
10.6026,4,0,0,0,0,0,0,0,0,0,0
10.6026,5,0,0,0,0,0,0,0,0,0,0
10.6692,0,-3.04897,0.19174,4.95091,0.155021,0.240869,0.0495461,0.836648,0,0,0
10.6692,1,3.25618,1.21203,4.73145,-0.0604438,0.0652776,0.0451567,0.587265,0,0,0
10.6692,2,-1.41445,7.97178,1.31407,3.56266e-05,-3.88784e-05,7.88902e-06,2.40568,0,0,0
10.6692,3,0,0,0,0,0,0,0,0,0,0
10.6692,4,0,0,0,0,0,0,0,0,0,0
10.6692,5,0,0,0,0,0,0,0,0,0,0
10.7361,0,-3.03953,0.206765,4.95375,0.159691,0.249366,0.0456516,0.804796,0,0,0
10.7361,1,3.24707,1.22203,4.73539,-0.0805428,0.0873535,0.0435602,0.565958,0,0,0
10.7361,2,-1.41445,7.97177,1.31407,3.5763e-05,-3.90641e-05,7.83038e-06,2.40568,0,0,0
10.7361,3,0,0,0,0,0,0,0,0,0,0
10.7361,4,0,0,0,0,0,0,0,0,0,0
10.7361,5,0,0,0,0,0,0,0,0,0,0
10.8174,0,-3.02397,0.232349,4.95605,0.155631,0.246375,0.0433521,0.804796,0,0,0
10.8174,1,3.22642,1.24411,4.73879,-0.118079,0.126736,0.0417772,0.565958,0,0,0
10.8174,2,-1.41445,7.97177,1.31407,3.77388e-05,-4.10938e-05,7.77696e-06,2.40568,0,0,0
10.8174,3,0,0,0,0,0,0,0,0,0,0
10.8174,4,0,0,0,0,0,0,0,0,0,0
10.8174,5,0,0,0,0,0,0,0,0,0,0
10.8885,0,-3.01432,0.246599,4.95813,0.159271,0.248759,0.0396695,0.75783,0,0,0
10.8885,1,3.21647,1.25501,4.7415,-0.128826,0.138769,0.0369118,0.535843,0,0,0
10.8885,2,-1.41444,7.97177,1.31407,3.54194e-05,-3.88233e-05,7.69888e-06,2.40568,0,0,0
10.8885,3,0,0,0,0,0,0,0,0,0,0
10.8885,4,0,0,0,0,0,0,0,0,0,0
10.8885,5,0,0,0,0,0,0,0,0,0,0
10.9413,0,-3.01454,0.246863,4.96068,0.158563,0.249912,0.036339,0.75783,0,0,0
10.9413,1,3.21726,1.25434,4.74402,-0.126145,0.13653,0.0325393,0.535843,0,0,0
10.9413,2,-1.41444,7.97177,1.31407,3.93826e-05,-4.32804e-05,7.64291e-06,2.40568,0,0,0
10.9413,3,0,0,0,0,0,0,0,0,0,0
10.9413,4,0,0,0,0,0,0,0,0,0,0
10.9413,5,0,0,0,0,0,0,0,0,0,0
10.9966,0,-3.00808,0.257494,4.96212,0.151406,0.239734,0.0359564,0.744712,0,0,0
10.9966,1,3.20484,1.26793,4.74618,-0.118222,0.128248,0.0292036,0.521231,0,0,0
10.9966,2,-1.41444,7.97177,1.31407,3.85926e-05,-4.22518e-05,7.59599e-06,2.40568,0,0,0
10.9966,3,0,0,0,0,0,0,0,0,0,0
10.9966,4,0,0,0,0,0,0,0,0,0,0
10.9966,5,0,0,0,0,0,0,0,0,0,0
11.0546,0,-2.99557,0.276343,4.96362,0.140765,0.218847,0.0365612,0.744712,0,0,0
11.0546,1,3.19803,1.27538,4.74719,-0.116689,0.126726,0.0297789,0.521231,0,0,0
11.0546,2,-1.41444,7.97177,1.31407,3.2321e-05,-3.54e-05,7.61894e-06,2.40568,0,0,0
11.0546,3,0,0,0,0,0,0,0,0,0,0
11.0546,4,0,0,0,0,0,0,0,0,0,0
11.0546,5,0,0,0,0,0,0,0,0,0,0
11.1121,0,-2.98828,0.287808,4.96656,0.13796,0.214445,0.0369152,0.708429,0,0,0
11.1121,1,3.19095,1.28289,4.74873,-0.120214,0.129919,0.0292392,0.492868,0,0,0
11.1121,2,-1.41444,7.97176,1.31407,3.18335e-05,-3.46949e-05,7.59757e-06,2.40568,0,0,0
11.1121,3,0,0,0,0,0,0,0,0,0,0
11.1121,4,0,0,0,0,0,0,0,0,0,0
11.1121,5,0,0,0,0,0,0,0,0,0,0
11.1788,0,-2.98281,0.298137,4.96964,0.132285,0.211025,0.0359113,0.708429,0,0,0
11.1788,1,3.19595,1.2777,4.74873,-0.101434,0.110538,0.0276677,0.492868,0,0,0
11.1788,2,-1.41444,7.97176,1.31407,2.98022e-05,-3.27122e-05,7.55057e-06,2.40568,0,0,0
11.1788,3,0,0,0,0,0,0,0,0,0,0
11.1788,4,0,0,0,0,0,0,0,0,0,0
11.1788,5,0,0,0,0,0,0,0,0,0,0
11.2462,0,-2.98431,0.296164,4.96945,0.127171,0.204189,0.0366287,0.698822,0,0,0
11.2462,1,3.18839,1.28587,4.75153,-0.108682,0.118127,0.0258348,0.48946,0,0,0
11.2462,2,-1.41443,7.97176,1.31407,3.57492e-05,-3.87765e-05,7.54798e-06,2.40568,0,0,0
11.2462,3,0,0,0,0,0,0,0,0,0,0
11.2462,4,0,0,0,0,0,0,0,0,0,0
11.2462,5,0,0,0,0,0,0,0,0,0,0
11.2978,0,-2.97464,0.311269,4.97095,0.115247,0.183069,0.0366297,0.698822,0,0,0
11.2978,1,3.18839,1.28587,4.75153,-0.108682,0.118127,0.0258348,0.48946,0,0,0
11.2978,2,-1.41443,7.97176,1.31407,3.36003e-05,-3.67995e-05,7.53766e-06,2.40568,0,0,0
11.2978,3,0,0,0,0,0,0,0,0,0,0
11.2978,4,0,0,0,0,0,0,0,0,0,0
11.2978,5,0,0,0,0,0,0,0,0,0,0
11.375,0,-2.97121,0.316305,4.97447,0.106426,0.167167,0.0364781,0.674287,0,0,0
11.375,1,3.17297,1.30229,4.75497,-0.121764,0.128396,0.0254292,0.457009,0,0,0
11.375,2,-1.41443,7.97175,1.31408,3.82455e-05,-4.15951e-05,7.53252e-06,2.40568,0,0,0
11.375,3,0,0,0,0,0,0,0,0,0,0
11.375,4,0,0,0,0,0,0,0,0,0,0
11.375,5,0,0,0,0,0,0,0,0,0,0
11.4524,0,-2.96805,0.323587,4.97697,0.0962389,0.158936,0.0354952,0.674287,0,0,0
11.4524,1,3.16485,1.31113,4.75642,-0.108248,0.114741,0.0246192,0.457009,0,0,0
11.4524,2,-1.41442,7.97175,1.31408,4.33164e-05,-4.68499e-05,7.44528e-06,2.40568,0,0,0
11.4524,3,0,0,0,0,0,0,0,0,0,0
11.4524,4,0,0,0,0,0,0,0,0,0,0
11.4524,5,0,0,0,0,0,0,0,0,0,0
11.5105,0,-2.96173,0.333156,4.97997,0.0976301,0.158788,0.0336349,0.654229,0,0,0
11.5105,1,3.16082,1.31544,4.75765,-0.103093,0.109283,0.024804,0.443386,0,0,0
11.5105,2,-1.41442,7.97175,1.31408,4.35726e-05,-4.72364e-05,7.39974e-06,2.40568,0,0,0
11.5105,3,0,0,0,0,0,0,0,0,0,0
11.5105,4,0,0,0,0,0,0,0,0,0,0
11.5105,5,0,0,0,0,0,0,0,0,0,0
11.5814,0,-2.96254,0.332845,4.98005,0.0946649,0.157693,0.0335707,0.654229,0,0,0
11.5814,1,3.16092,1.31546,4.75838,-0.0851339,0.0906118,0.0252134,0.443386,0,0,0
11.5814,2,-1.41442,7.97174,1.31408,4.40615e-05,-4.69614e-05,7.36165e-06,2.40568,0,0,0
11.5814,3,0,0,0,0,0,0,0,0,0,0
11.5814,4,0,0,0,0,0,0,0,0,0,0
11.5814,5,0,0,0,0,0,0,0,0,0,0
11.6444,0,-2.95819,0.339665,4.98204,0.0909236,0.150144,0.0314624,0.646557,0,0,0
11.6444,1,3.15799,1.31859,4.75924,-0.0794441,0.0844965,0.0253085,0.437222,0,0,0
11.6444,2,-1.41442,7.97174,1.31408,3.82057e-05,-4.14223e-05,7.33768e-06,2.40568,0,0,0
11.6444,3,0,0,0,0,0,0,0,0,0,0
11.6444,4,0,0,0,0,0,0,0,0,0,0
11.6444,5,0,0,0,0,0,0,0,0,0,0
11.7151,0,-2.95457,0.346011,4.98571,0.0826526,0.137865,0.0298648,0.646557,0,0,0
11.7151,1,3.15406,1.32274,4.76075,-0.0770284,0.0817483,0.0247725,0.426953,0,0,0
11.7151,2,-1.41442,7.97174,1.31408,3.79508e-05,-4.14064e-05,7.28538e-06,2.40568,0,0,0
11.7151,3,0,0,0,0,0,0,0,0,0,0
11.7151,4,0,0,0,0,0,0,0,0,0,0
11.7151,5,0,0,0,0,0,0,0,0,0,0
11.7782,0,-2.94806,0.357078,4.98526,0.0711439,0.119622,0.0312336,0.626209,0,0,0
11.7782,1,3.15313,1.32377,4.76095,-0.0665627,0.0706858,0.0265126,0.426953,0,0,0
11.7782,2,-1.41441,7.97174,1.31408,4.00704e-05,-4.35899e-05,7.23013e-06,2.40568,0,0,0
11.7782,3,0,0,0,0,0,0,0,0,0,0
11.7782,4,0,0,0,0,0,0,0,0,0,0
11.7782,5,0,0,0,0,0,0,0,0,0,0
11.8419,0,-2.94586,0.361047,4.98671,0.0641699,0.108941,0.0305369,0.626209,0,0,0
11.8419,1,3.15044,1.32669,4.76235,-0.0624276,0.0663697,0.0269439,0.426953,0,0,0
11.8419,2,-1.41441,7.97174,1.31408,3.92047e-05,-4.26915e-05,7.20264e-06,2.40568,0,0,0
11.8419,3,0,0,0,0,0,0,0,0,0,0
11.8419,4,0,0,0,0,0,0,0,0,0,0
11.8419,5,0,0,0,0,0,0,0,0,0,0
11.8921,0,-2.94443,0.36358,4.98789,0.0542905,0.092484,0.0299088,0.621469,0,0,0
11.8921,1,3.14652,1.33087,4.76339,-0.0635527,0.0674744,0.0273367,0.421363,0,0,0
11.8921,2,-1.41441,7.97173,1.31408,3.59434e-05,-3.92519e-05,7.18565e-06,2.40568,0,0,0
11.8921,3,0,0,0,0,0,0,0,0,0,0
11.8921,4,0,0,0,0,0,0,0,0,0,0
11.8921,5,0,0,0,0,0,0,0,0,0,0
11.9519,0,-2.9459,0.3613,4.98924,0.0493968,0.0846265,0.0295202,0.621469,0,0,0
11.9519,1,3.14345,1.33423,4.76516,-0.0614122,0.0654232,0.0268734,0.421363,0,0,0
11.9519,2,-1.41441,7.97173,1.31408,3.79971e-05,-4.13818e-05,7.16526e-06,2.40568,0,0,0
11.9519,3,0,0,0,0,0,0,0,0,0,0
11.9519,4,0,0,0,0,0,0,0,0,0,0
11.9519,5,0,0,0,0,0,0,0,0,0,0
12.0148,0,-2.94203,0.36787,4.99068,0.0391449,0.0675427,0.02985,0.620723,0,0,0
12.0148,1,3.14104,1.3368,4.76556,-0.0564884,0.0601562,0.0271346,0.410705,0,0,0
12.0148,2,-1.41441,7.97173,1.31408,3.75148e-05,-4.0919e-05,7.15119e-06,2.40568,0,0,0
12.0148,3,0,0,0,0,0,0,0,0,0,0
12.0148,4,0,0,0,0,0,0,0,0,0,0
12.0148,5,0,0,0,0,0,0,0,0,0,0
12.0652,0,-2.94055,0.371339,4.99183,0.033687,0.0615908,0.0304074,0.620723,0,0,0
12.0652,1,3.13873,1.33929,4.76667,-0.0509011,0.0542324,0.0269347,0.410705,0,0,0
12.0652,2,-1.4144,7.97173,1.31408,3.84133e-05,-4.28461e-05,7.08685e-06,2.40568,0,0,0
12.0652,3,0,0,0,0,0,0,0,0,0,0
12.0652,4,0,0,0,0,0,0,0,0,0,0
12.0652,5,0,0,0,0,0,0,0,0,0,0
12.1241,0,-2.93896,0.374285,4.9933,0.0299418,0.0557895,0.0294574,0.609081,0,0,0
12.1241,1,3.13873,1.33929,4.76667,-0.0509011,0.0542324,0.0269347,0.403637,0,0,0
12.1241,2,-1.4144,7.97172,1.31408,4.0381e-05,-4.45931e-05,7.07478e-06,2.40568,0,0,0
12.1241,3,0,0,0,0,0,0,0,0,0,0
12.1241,4,0,0,0,0,0,0,0,0,0,0
12.1241,5,0,0,0,0,0,0,0,0,0,0
12.192,0,-2.93889,0.37347,4.99307,0.0222269,0.0393416,0.0309354,0.609081,0,0,0
12.192,1,3.13595,1.34226,4.76792,-0.0497641,0.0529538,0.0267914,0.403637,0,0,0
12.192,2,-1.4144,7.97172,1.31408,3.48972e-05,-3.84718e-05,7.01531e-06,2.40568,0,0,0
12.192,3,0,0,0,0,0,0,0,0,0,0
12.192,4,0,0,0,0,0,0,0,0,0,0
12.192,5,0,0,0,0,0,0,0,0,0,0
12.2694,0,-2.93786,0.376294,4.99417,0.0175805,0.0351078,0.0312472,0.606191,0,0,0
12.2694,1,3.12982,1.34886,4.77177,-0.0496212,0.0528621,0.0281014,0.399383,0,0,0
12.2694,2,-1.4144,7.97172,1.31408,3.63904e-05,-3.997e-05,6.87973e-06,2.40568,0,0,0
12.2694,3,0,0,0,0,0,0,0,0,0,0
12.2694,4,0,0,0,0,0,0,0,0,0,0
12.2694,5,0,0,0,0,0,0,0,0,0,0
12.343,0,-2.93774,0.376435,4.99458,0.0179426,0.0354681,0.0314321,0.606191,0,0,0
12.343,1,3.12364,1.35545,4.77356,-0.0616208,0.0654659,0.0291241,0.399383,0,0,0
12.343,2,-1.4144,7.97172,1.31408,3.62159e-05,-3.98042e-05,6.85074e-06,2.40568,0,0,0
12.343,3,0,0,0,0,0,0,0,0,0,0
12.343,4,0,0,0,0,0,0,0,0,0,0
12.343,5,0,0,0,0,0,0,0,0,0,0
12.406,0,-2.93645,0.378428,4.9957,0.0152913,0.0298696,0.0314612,0.60281,0,0,0
12.406,1,3.12364,1.35545,4.77356,-0.0616208,0.0654659,0.0291241,0.389665,0,0,0
12.406,2,-1.41439,7.97172,1.31408,3.70623e-05,-4.05117e-05,6.81197e-06,2.40568,0,0,0
12.406,3,0,0,0,0,0,0,0,0,0,0
12.406,4,0,0,0,0,0,0,0,0,0,0
12.406,5,0,0,0,0,0,0,0,0,0,0
12.4711,0,-2.93417,0.382417,4.99727,0.0108376,0.0224826,0.0322892,0.60281,0,0,0
12.4711,1,3.12079,1.35856,4.77621,-0.0568894,0.0606482,0.0297164,0.389665,0,0,0
12.4711,2,-1.41439,7.97171,1.31408,3.69406e-05,-4.03905e-05,6.81204e-06,2.40568,0,0,0
12.4711,3,0,0,0,0,0,0,0,0,0,0
12.4711,4,0,0,0,0,0,0,0,0,0,0
12.4711,5,0,0,0,0,0,0,0,0,0,0
12.5329,0,-2.93176,0.386388,4.99801,0.0123728,0.0247307,0.034543,0.595434,0,0,0
12.5329,1,3.11801,1.36158,4.77788,-0.0552077,0.0589435,0.0300582,0.371314,0,0,0
12.5329,2,-1.41439,7.97171,1.31408,3.40935e-05,-3.58405e-05,6.79014e-06,2.40568,0,0,0
12.5329,3,0,0,0,0,0,0,0,0,0,0
12.5329,4,0,0,0,0,0,0,0,0,0,0
12.5329,5,0,0,0,0,0,0,0,0,0,0
12.6091,0,-2.93051,0.389494,4.99897,0.0108785,0.0253136,0.0356904,0.595434,0,0,0
12.6091,1,3.1154,1.36437,4.77903,-0.0521942,0.0556798,0.0299863,0.371314,0,0,0
12.6091,2,-1.41439,7.97171,1.31408,3.26092e-05,-3.44806e-05,6.58201e-06,2.40568,0,0,0
12.6091,3,0,0,0,0,0,0,0,0,0,0
12.6091,4,0,0,0,0,0,0,0,0,0,0
12.6091,5,0,0,0,0,0,0,0,0,0,0
12.6853,0,-2.92604,0.395054,4.99975,0.0193397,0.0331546,0.0372447,0.587314,0,0,0
12.6853,1,3.11629,1.36349,4.77969,-0.0387341,0.0415813,0.0296357,0.368365,0,0,0
12.6853,2,-1.41439,7.97171,1.31408,3.57778e-05,-3.72908e-05,6.5599e-06,2.40568,0,0,0
12.6853,3,0,0,0,0,0,0,0,0,0,0
12.6853,4,0,0,0,0,0,0,0,0,0,0
12.6853,5,0,0,0,0,0,0,0,0,0,0
12.7697,0,-2.92198,0.402144,5.00158,0.0255305,0.0449722,0.0392531,0.587314,0,0,0
12.7697,1,3.11248,1.3676,4.78191,-0.0429169,0.0460229,0.0290124,0.368365,0,0,0
12.7697,2,-1.41439,7.97171,1.31408,3.16588e-05,-3.38745e-05,6.41868e-06,2.40568,0,0,0
12.7697,3,0,0,0,0,0,0,0,0,0,0
12.7697,4,0,0,0,0,0,0,0,0,0,0
12.7697,5,0,0,0,0,0,0,0,0,0,0
12.838,0,-2.91988,0.40564,5.00321,0.0328464,0.0574501,0.0407112,0.571858,0,0,0
12.838,1,3.1059,1.37456,4.78427,-0.0573176,0.0609389,0.0284804,0.352515,0,0,0
12.838,2,-1.41438,7.97171,1.31408,3.04078e-05,-3.28101e-05,6.32138e-06,2.40568,0,0,0
12.838,3,0,0,0,0,0,0,0,0,0,0
12.838,4,0,0,0,0,0,0,0,0,0,0
12.838,5,0,0,0,0,0,0,0,0,0,0
12.8983,0,-2.91542,0.412284,5.00505,0.0398916,0.0664971,0.041958,0.571858,0,0,0
12.8983,1,3.10473,1.37598,4.78562,-0.048297,0.0519176,0.0274452,0.352515,0,0,0
12.8983,2,-1.41438,7.97171,1.31408,2.99412e-05,-3.25078e-05,6.18151e-06,2.40568,0,0,0
12.8983,3,0,0,0,0,0,0,0,0,0,0
12.8983,4,0,0,0,0,0,0,0,0,0,0
12.8983,5,0,0,0,0,0,0,0,0,0,0
12.9873,0,-2.90998,0.420044,5.00647,0.0498969,0.0790297,0.0417332,0.559321,0,0,0
12.9873,1,3.10206,1.37897,4.78663,-0.0464427,0.0502392,0.0263972,0.346257,0,0,0
12.9873,2,-1.41438,7.9717,1.31408,3.00831e-05,-3.27015e-05,6.20212e-06,2.40568,0,0,0
12.9873,3,0,0,0,0,0,0,0,0,0,0
12.9873,4,0,0,0,0,0,0,0,0,0,0
12.9873,5,0,0,0,0,0,0,0,0,0,0
13.0506,0,-2.90739,0.424149,5.00794,0.0483047,0.0763165,0.0413513,0.559321,0,0,0
13.0506,1,3.09371,1.38793,4.78873,-0.0621469,0.0667671,0.0243775,0.333887,0,0,0
13.0506,2,-1.41438,7.9717,1.31408,2.95203e-05,-3.22346e-05,6.10163e-06,2.40568,0,0,0
13.0506,3,0,0,0,0,0,0,0,0,0,0
13.0506,4,0,0,0,0,0,0,0,0,0,0
13.0506,5,0,0,0,0,0,0,0,0,0,0
13.1166,0,-2.90759,0.425909,5.00891,0.0474843,0.0828066,0.0418017,0.544714,0,0,0
13.1166,1,3.09067,1.3913,4.79174,-0.0611742,0.066025,0.0231815,0.333887,0,0,0
13.1166,2,-1.41438,7.9717,1.31408,2.59741e-05,-2.84675e-05,6.02468e-06,2.40568,0,0,0
13.1166,3,0,0,0,0,0,0,0,0,0,0
13.1166,4,0,0,0,0,0,0,0,0,0,0
13.1166,5,0,0,0,0,0,0,0,0,0,0
13.1747,0,-2.90414,0.429883,5.00958,0.0498974,0.0798206,0.0421953,0.544714,0,0,0
13.1747,1,3.08838,1.39383,4.79171,-0.0578257,0.062617,0.0222606,0.333887,0,0,0
13.1747,2,-1.41438,7.9717,1.31408,2.54897e-05,-2.79329e-05,5.96589e-06,2.40568,0,0,0
13.1747,3,0,0,0,0,0,0,0,0,0,0
13.1747,4,0,0,0,0,0,0,0,0,0,0
13.1747,5,0,0,0,0,0,0,0,0,0,0
13.2262,0,-2.90115,0.434471,5.01074,0.0501825,0.0795941,0.0422155,0.537932,0,0,0
13.2262,1,3.08638,1.39607,4.79421,-0.0536824,0.0583729,0.0197369,0.325432,0,0,0
13.2262,2,-1.41438,7.9717,1.31409,2.30282e-05,-2.42786e-05,5.99859e-06,2.40568,0,0,0
13.2262,3,0,0,0,0,0,0,0,0,0,0
13.2262,4,0,0,0,0,0,0,0,0,0,0
13.2262,5,0,0,0,0,0,0,0,0,0,0
13.2841,0,-2.89815,0.43911,5.01213,0.0505255,0.0797022,0.0421017,0.537932,0,0,0
13.2841,1,3.08028,1.40258,4.79434,-0.0655427,0.0707136,0.0193841,0.325432,0,0,0
13.2841,2,-1.41438,7.9717,1.31409,2.30282e-05,-2.42786e-05,5.99859e-06,2.40568,0,0,0
13.2841,3,0,0,0,0,0,0,0,0,0,0
13.2841,4,0,0,0,0,0,0,0,0,0,0
13.2841,5,0,0,0,0,0,0,0,0,0,0
13.3431,0,-2.88888,0.45148,5.01479,0.0595297,0.0868483,0.0427196,0.526643,0,0,0
13.3431,1,3.07834,1.40478,4.79536,-0.0600678,0.0651863,0.0187831,0.313241,0,0,0
13.3431,2,-1.41438,7.9717,1.31409,1.96607e-05,-2.15558e-05,5.989e-06,2.40568,0,0,0
13.3431,3,0,0,0,0,0,0,0,0,0,0
13.3431,4,0,0,0,0,0,0,0,0,0,0
13.3431,5,0,0,0,0,0,0,0,0,0,0
13.3961,0,-2.88143,0.465118,5.01756,0.0716141,0.113441,0.0430021,0.526643,0,0,0
13.3961,1,3.0744,1.40905,4.79709,-0.0629361,0.0682281,0.0165669,0.313241,0,0,0
13.3961,2,-1.41438,7.9717,1.31409,1.85516e-05,-2.0582e-05,5.94394e-06,2.40568,0,0,0
13.3961,3,0,0,0,0,0,0,0,0,0,0
13.3961,4,0,0,0,0,0,0,0,0,0,0
13.3961,5,0,0,0,0,0,0,0,0,0,0
13.4615,0,-2.87372,0.476804,5.01973,0.0839057,0.131489,0.0428289,0.495284,0,0,0
13.4615,1,3.07119,1.41257,4.79702,-0.0626832,0.0680324,0.01644,0.304081,0,0,0
13.4615,2,-1.41437,7.9717,1.31409,1.64411e-05,-1.82525e-05,5.9941e-06,2.40568,0,0,0
13.4615,3,0,0,0,0,0,0,0,0,0,0
13.4615,4,0,0,0,0,0,0,0,0,0,0
13.4615,5,0,0,0,0,0,0,0,0,0,0
13.5284,0,-2.86545,0.488638,5.0222,0.0958231,0.146782,0.041662,0.495284,0,0,0
13.5284,1,3.06741,1.41667,4.79803,-0.0646005,0.0700635,0.0153277,0.304081,0,0,0
13.5284,2,-1.41437,7.9717,1.31409,1.56601e-05,-1.76137e-05,5.97638e-06,2.40568,0,0,0
13.5284,3,0,0,0,0,0,0,0,0,0,0
13.5284,4,0,0,0,0,0,0,0,0,0,0
13.5284,5,0,0,0,0,0,0,0,0,0,0
13.5842,0,-2.85837,0.501203,5.02491,0.102101,0.162677,0.0394641,0.466543,0,0,0
13.5842,1,3.06623,1.41806,4.79877,-0.0537174,0.0587275,0.0150232,0.293849,0,0,0
13.5842,2,-1.41437,7.97169,1.31409,2.15067e-05,-2.39374e-05,5.89589e-06,2.40568,0,0,0
13.5842,3,0,0,0,0,0,0,0,0,0,0
13.5842,4,0,0,0,0,0,0,0,0,0,0
13.5842,5,0,0,0,0,0,0,0,0,0,0
13.6452,0,-2.8503,0.513434,5.02743,0.109872,0.173898,0.0370619,0.466543,0,0,0
13.6452,1,3.06259,1.42193,4.80003,-0.0548303,0.0595602,0.0138996,0.293849,0,0,0
13.6452,2,-1.41437,7.97169,1.31409,2.87436e-05,-3.16757e-05,5.93274e-06,2.40568,0,0,0
13.6452,3,0,0,0,0,0,0,0,0,0,0
13.6452,4,0,0,0,0,0,0,0,0,0,0
13.6452,5,0,0,0,0,0,0,0,0,0,0
13.7137,0,-2.83766,0.535236,5.03112,0.131361,0.218086,0.0330697,0.437049,0,0,0
13.7137,1,3.05915,1.42565,4.80058,-0.0556343,0.0603341,0.0132961,0.286446,0,0,0
13.7137,2,-1.41437,7.97169,1.31409,2.9827e-05,-3.28366e-05,5.92953e-06,2.40568,0,0,0
13.7137,3,0,0,0,0,0,0,0,0,0,0
13.7137,4,0,0,0,0,0,0,0,0,0,0
13.7137,5,0,0,0,0,0,0,0,0,0,0
13.7646,0,-2.82364,0.55489,5.03536,0.152747,0.243168,0.0286149,0.437049,0,0,0
13.7646,1,3.05481,1.43031,4.80161,-0.060848,0.0657416,0.0127027,0.286446,0,0,0
13.7646,2,-1.41437,7.97169,1.31409,2.9827e-05,-3.28366e-05,5.92953e-06,2.40568,0,0,0
13.7646,3,0,0,0,0,0,0,0,0,0,0
13.7646,4,0,0,0,0,0,0,0,0,0,0
13.7646,5,0,0,0,0,0,0,0,0,0,0
13.8311,0,-2.81505,0.568039,5.03742,0.158015,0.249845,0.0239811,0.387251,0,0,0
13.8311,1,3.05135,1.43408,4.80241,-0.0602182,0.0651215,0.0124763,0.274997,0,0,0
13.8311,2,-1.41436,7.97168,1.31409,3.28622e-05,-3.60554e-05,6.0104e-06,2.40568,0,0,0
13.8311,3,0,0,0,0,0,0,0,0,0,0
13.8311,4,0,0,0,0,0,0,0,0,0,0
13.8311,5,0,0,0,0,0,0,0,0,0,0
13.9086,0,-2.80941,0.576152,5.03882,0.153683,0.239902,0.020639,0.387251,0,0,0
13.9086,1,3.05034,1.43521,4.80263,-0.0531773,0.0576435,0.0130386,0.274997,0,0,0
13.9086,2,-1.41436,7.97168,1.31409,3.22268e-05,-3.55318e-05,6.08127e-06,2.40568,0,0,0
13.9086,3,0,0,0,0,0,0,0,0,0,0
13.9086,4,0,0,0,0,0,0,0,0,0,0
13.9086,5,0,0,0,0,0,0,0,0,0,0
13.9691,0,-2.80566,0.580955,5.04029,0.143481,0.219497,0.016964,0.361586,0,0,0
13.9691,1,3.04847,1.43724,4.80345,-0.0485331,0.0526528,0.0133179,0.268332,0,0,0
13.9691,2,-1.41436,7.97168,1.31409,4.06429e-05,-4.44195e-05,5.95781e-06,2.40568,0,0,0
13.9691,3,0,0,0,0,0,0,0,0,0,0
13.9691,4,0,0,0,0,0,0,0,0,0,0
13.9691,5,0,0,0,0,0,0,0,0,0,0
14.0294,0,-2.80089,0.589534,5.0418,0.137779,0.21448,0.0151661,0.345471,0,0,0
14.0294,1,3.04622,1.43965,4.8049,-0.0470355,0.0509317,0.0133295,0.268332,0,0,0
14.0294,2,-1.41435,7.97167,1.31409,4.11631e-05,-4.50371e-05,5.97499e-06,2.40568,0,0,0
14.0294,3,0,0,0,0,0,0,0,0,0,0
14.0294,4,0,0,0,0,0,0,0,0,0,0
14.0294,5,0,0,0,0,0,0,0,0,0,0
14.1001,0,-2.79226,0.601229,5.04436,0.144558,0.219397,0.0129728,0.345471,0,0,0
14.1001,1,3.04408,1.44196,4.80478,-0.0444616,0.0481122,0.0142739,0.261882,0,0,0
14.1001,2,-1.41435,7.97167,1.31409,4.11631e-05,-4.50371e-05,5.97499e-06,2.40568,0,0,0
14.1001,3,0,0,0,0,0,0,0,0,0,0
14.1001,4,0,0,0,0,0,0,0,0,0,0
14.1001,5,0,0,0,0,0,0,0,0,0,0
14.1563,0,-2.78341,0.61913,5.04855,0.149935,0.243695,0.009767,0.310494,0,0,0
14.1563,1,3.04408,1.44196,4.80478,-0.0444616,0.0481122,0.0142739,0.261882,0,0,0
14.1563,2,-1.41435,7.97167,1.31409,4.02704e-05,-4.41126e-05,5.9238e-06,2.40568,0,0,0
14.1563,3,0,0,0,0,0,0,0,0,0,0
14.1563,4,0,0,0,0,0,0,0,0,0,0
14.1563,5,0,0,0,0,0,0,0,0,0,0
14.2118,0,-2.77424,0.633497,5.05096,0.154687,0.249852,0.00761466,0.310494,0,0,0
14.2118,1,3.03925,1.44718,4.80643,-0.0426446,0.0461085,0.0155983,0.253528,0,0,0
14.2118,2,-1.41435,7.97167,1.31409,4.07823e-05,-4.46214e-05,5.89859e-06,2.40568,0,0,0
14.2118,3,0,0,0,0,0,0,0,0,0,0
14.2118,4,0,0,0,0,0,0,0,0,0,0
14.2118,5,0,0,0,0,0,0,0,0,0,0
14.2702,0,-2.77423,0.632226,5.05267,0.130444,0.205204,0.00662394,0.294006,0,0,0
14.2702,1,3.03732,1.44924,4.80726,-0.0405662,0.043781,0.0160962,0.253528,0,0,0
14.2702,2,-1.41435,7.97167,1.31409,3.79125e-05,-4.15906e-05,5.88568e-06,2.40568,0,0,0
14.2702,3,0,0,0,0,0,0,0,0,0,0
14.2702,4,0,0,0,0,0,0,0,0,0,0
14.2702,5,0,0,0,0,0,0,0,0,0,0
14.3283,0,-2.77197,0.635683,5.05424,0.117752,0.18347,0.00428234,0.294006,0,0,0
14.3283,1,3.03427,1.45239,4.80825,-0.043223,0.0459506,0.0166315,0.24865,0,0,0
14.3283,2,-1.41434,7.97166,1.31409,3.65398e-05,-3.99713e-05,5.78411e-06,2.40568,0,0,0
14.3283,3,0,0,0,0,0,0,0,0,0,0
14.3283,4,0,0,0,0,0,0,0,0,0,0
14.3283,5,0,0,0,0,0,0,0,0,0,0
14.386,0,-2.77055,0.640397,5.05576,0.104285,0.17014,0.00437788,0.284637,0,0,0
14.386,1,3.03284,1.454,4.80941,-0.0396984,0.0424743,0.0170777,0.24865,0,0,0
14.386,2,-1.41434,7.97166,1.31409,3.65398e-05,-3.99713e-05,5.78411e-06,2.40568,0,0,0
14.386,3,0,0,0,0,0,0,0,0,0,0
14.386,4,0,0,0,0,0,0,0,0,0,0
14.386,5,0,0,0,0,0,0,0,0,0,0
14.4414,0,-2.77094,0.640187,5.05723,0.0870111,0.142818,0.00401153,0.284637,0,0,0
14.4414,1,3.03072,1.45634,4.81041,-0.0385078,0.0413936,0.0172072,0.241775,0,0,0
14.4414,2,-1.41434,7.97166,1.31409,3.56874e-05,-3.9086e-05,5.75655e-06,2.40568,0,0,0
14.4414,3,0,0,0,0,0,0,0,0,0,0
14.4414,4,0,0,0,0,0,0,0,0,0,0
14.4414,5,0,0,0,0,0,0,0,0,0,0
14.5016,0,-2.77518,0.633364,5.05879,0.0592776,0.0962877,0.00344785,0.284655,0,0,0
14.5016,1,3.02887,1.45831,4.81124,-0.036654,0.0393681,0.0170828,0.235645,0,0,0
14.5016,2,-1.41434,7.97166,1.31409,3.47664e-05,-3.80071e-05,5.74005e-06,2.40568,0,0,0
14.5016,3,0,0,0,0,0,0,0,0,0,0
14.5016,4,0,0,0,0,0,0,0,0,0,0
14.5016,5,0,0,0,0,0,0,0,0,0,0
14.5543,0,-2.77352,0.637119,5.05931,0.0522017,0.0881228,0.00228982,0.284655,0,0,0
14.5543,1,3.02744,1.45985,4.812,-0.0338601,0.0363957,0.0170321,0.235645,0,0,0
14.5543,2,-1.41434,7.97166,1.31409,3.39153e-05,-3.69822e-05,5.68863e-06,2.40568,0,0,0
14.5543,3,0,0,0,0,0,0,0,0,0,0
14.5543,4,0,0,0,0,0,0,0,0,0,0
14.5543,5,0,0,0,0,0,0,0,0,0,0
14.6096,0,-2.77914,0.629228,5.05972,0.024421,0.0456976,0.00184395,0.28803,0,0,0
14.6096,1,3.0257,1.46174,4.81267,-0.032693,0.0351766,0.0169955,0.230759,0,0,0
14.6096,2,-1.41434,7.97166,1.31409,3.39153e-05,-3.69822e-05,5.68863e-06,2.40568,0,0,0
14.6096,3,0,0,0,0,0,0,0,0,0,0
14.6096,4,0,0,0,0,0,0,0,0,0,0
14.6096,5,0,0,0,0,0,0,0,0,0,0
14.6675,0,-2.77834,0.631058,5.05984,0.0205744,0.0403889,0.000693673,0.28803,0,0,0
14.6675,1,3.02315,1.46444,4.81374,-0.034494,0.0369669,0.0169456,0.230759,0,0,0
14.6675,2,-1.41434,7.97165,1.31409,3.28625e-05,-3.58393e-05,5.66199e-06,2.40568,0,0,0
14.6675,3,0,0,0,0,0,0,0,0,0,0
14.6675,4,0,0,0,0,0,0,0,0,0,0
14.6675,5,0,0,0,0,0,0,0,0,0,0
14.7186,0,-2.78185,0.625377,5.06008,0.00361389,0.0110493,9.75916e-05,0.295407,0,0,0
14.7186,1,3.02131,1.46646,4.81471,-0.0333475,0.0358609,0.0167961,0.224,0,0,0
14.7186,2,-1.41433,7.97165,1.31409,2.90693e-05,-3.17061e-05,5.56893e-06,2.40568,0,0,0
14.7186,3,0,0,0,0,0,0,0,0,0,0
14.7186,4,0,0,0,0,0,0,0,0,0,0
14.7186,5,0,0,0,0,0,0,0,0,0,0
14.7752,0,-2.78375,0.623117,5.0601,-0.00632045,-0.00330351,-0.00203971,0.295407,0,0,0
14.7752,1,3.01935,1.46856,4.81548,-0.0333648,0.0358946,0.0165545,0.224,0,0,0
14.7752,2,-1.41433,7.97165,1.31409,2.90693e-05,-3.17061e-05,5.56893e-06,2.40568,0,0,0
14.7752,3,0,0,0,0,0,0,0,0,0,0
14.7752,4,0,0,0,0,0,0,0,0,0,0
14.7752,5,0,0,0,0,0,0,0,0,0,0
14.8333,0,-2.78584,0.620124,5.06021,-0.0151077,-0.017816,-0.00111805,0.304729,0,0,0
14.8333,1,3.01762,1.47044,4.81636,-0.0327054,0.0352314,0.0161672,0.218328,0,0,0
14.8333,2,-1.41433,7.97165,1.31409,2.88735e-05,-3.14925e-05,5.52964e-06,2.40568,0,0,0
14.8333,3,0,0,0,0,0,0,0,0,0,0
14.8333,4,0,0,0,0,0,0,0,0,0,0
14.8333,5,0,0,0,0,0,0,0,0,0,0
14.887,0,-2.78786,0.61743,5.06024,-0.0225838,-0.029176,-0.0012911,0.304729,0,0,0
14.887,1,3.01588,1.47233,4.81809,-0.0321853,0.0347113,0.0157572,0.218328,0,0,0
14.887,2,-1.41433,7.97165,1.31409,2.81324e-05,-3.05947e-05,5.4428e-06,2.40568,0,0,0
14.887,3,0,0,0,0,0,0,0,0,0,0
14.887,4,0,0,0,0,0,0,0,0,0,0
14.887,5,0,0,0,0,0,0,0,0,0,0
14.9423,0,-2.79018,0.614245,5.06024,-0.0298242,-0.0403926,-0.00115168,0.311547,0,0,0
14.9423,1,3.01395,1.47441,4.81887,-0.0322683,0.0347845,0.0154608,0.215393,0,0,0
14.9423,2,-1.41433,7.97165,1.31409,2.74211e-05,-2.98209e-05,5.39593e-06,2.40568,0,0,0
14.9423,3,0,0,0,0,0,0,0,0,0,0
14.9423,4,0,0,0,0,0,0,0,0,0,0
14.9423,5,0,0,0,0,0,0,0,0,0,0
14.9948,0,-2.79168,0.612221,5.0602,-0.0334263,-0.0460324,-0.000675485,0.311547,0,0,0
14.9948,1,3.01325,1.4752,4.81956,-0.0280454,0.0303984,0.0149118,0.215393,0,0,0
14.9948,2,-1.41433,7.97164,1.31409,2.63026e-05,-2.85948e-05,5.35894e-06,2.40568,0,0,0
14.9948,3,0,0,0,0,0,0,0,0,0,0
14.9948,4,0,0,0,0,0,0,0,0,0,0
14.9948,5,0,0,0,0,0,0,0,0,0,0
15.0475,0,-2.79277,0.610788,5.06024,-0.035128,-0.0486763,-0.00106872,0.317856,0,0,0
15.0475,1,3.01029,1.47833,4.82027,-0.0329266,0.0353737,0.0146222,0.20691,0,0,0
15.0475,2,-1.41433,7.97164,1.31409,2.55062e-05,-2.77027e-05,5.30926e-06,2.40568,0,0,0
15.0475,3,0,0,0,0,0,0,0,0,0,0
15.0475,4,0,0,0,0,0,0,0,0,0,0
15.0475,5,0,0,0,0,0,0,0,0,0,0
15.0988,0,-2.79289,0.610531,5.06035,-0.0333434,-0.0468676,0.000667687,0.317856,0,0,0
15.0988,1,3.00882,1.47997,4.82101,-0.0315665,0.0341121,0.014297,0.20691,0,0,0
15.0988,2,-1.41432,7.97164,1.31409,2.37798e-05,-2.59416e-05,5.26127e-06,2.40568,0,0,0
15.0988,3,0,0,0,0,0,0,0,0,0,0
15.0988,4,0,0,0,0,0,0,0,0,0,0
15.0988,5,0,0,0,0,0,0,0,0,0,0
15.1566,0,-2.79415,0.609024,5.0605,-0.0354402,-0.049289,0.00331075,0.319858,0,0,0
15.1566,1,3.00653,1.48246,4.82103,-0.0328346,0.0355084,0.0140632,0.204588,0,0,0
15.1566,2,-1.41432,7.97164,1.3141,2.45857e-05,-2.67065e-05,5.21337e-06,2.40568,0,0,0
15.1566,3,0,0,0,0,0,0,0,0,0,0
15.1566,4,0,0,0,0,0,0,0,0,0,0
15.1566,5,0,0,0,0,0,0,0,0,0,0
15.2197,0,-2.79292,0.610293,5.06063,-0.0288,-0.0417872,0.00408464,0.319858,0,0,0
15.2197,1,3.00419,1.48501,4.82246,-0.0341008,0.0368934,0.0134018,0.204588,0,0,0
15.2197,2,-1.41432,7.97164,1.3141,2.39268e-05,-2.60401e-05,5.17918e-06,2.40568,0,0,0
15.2197,3,0,0,0,0,0,0,0,0,0,0
15.2197,4,0,0,0,0,0,0,0,0,0,0
15.2197,5,0,0,0,0,0,0,0,0,0,0
15.293,0,-2.79244,0.611402,5.06127,-0.0254323,-0.0354411,0.00704808,0.320016,0,0,0
15.293,1,3.00223,1.48715,4.82247,-0.033788,0.0366387,0.0133484,0.194807,0,0,0
15.293,2,-1.41432,7.97164,1.3141,2.34656e-05,-2.54948e-05,5.14881e-06,2.40568,0,0,0
15.293,3,0,0,0,0,0,0,0,0,0,0
15.293,4,0,0,0,0,0,0,0,0,0,0
15.293,5,0,0,0,0,0,0,0,0,0,0
15.354,0,-2.79096,0.613553,5.06203,-0.019067,-0.0262792,0.00788369,0.320016,0,0,0
15.354,1,3.00027,1.4893,4.82313,-0.033932,0.0368306,0.0127313,0.194807,0,0,0
15.354,2,-1.41432,7.97164,1.3141,2.20448e-05,-2.4022e-05,5.11539e-06,2.40568,0,0,0
15.354,3,0,0,0,0,0,0,0,0,0,0
15.354,4,0,0,0,0,0,0,0,0,0,0
15.354,5,0,0,0,0,0,0,0,0,0,0
15.4155,0,-2.78971,0.615707,5.06268,-0.0142925,-0.0182396,0.0101852,0.316011,0,0,0
15.4155,1,2.99861,1.49116,4.82376,-0.0332439,0.0362888,0.0124648,0.189262,0,0,0
15.4155,2,-1.41432,7.97164,1.3141,2.25226e-05,-2.44945e-05,5.0854e-06,2.40568,0,0,0
15.4155,3,0,0,0,0,0,0,0,0,0,0
15.4155,4,0,0,0,0,0,0,0,0,0,0
15.4155,5,0,0,0,0,0,0,0,0,0,0
15.4696,0,-2.78604,0.619802,5.06319,-0.00181635,-0.00473916,0.0122392,0.316011,0,0,0
15.4696,1,2.99793,1.49188,4.82438,-0.0358148,0.0389844,0.0123512,0.189262,0,0,0
15.4696,2,-1.41432,7.97163,1.3141,2.25534e-05,-2.46428e-05,5.04263e-06,2.40568,0,0,0
15.4696,3,0,0,0,0,0,0,0,0,0,0
15.4696,4,0,0,0,0,0,0,0,0,0,0
15.4696,5,0,0,0,0,0,0,0,0,0,0
15.5313,0,-2.78397,0.623898,5.064,0.00356082,0.00755748,0.0141065,0.308026,0,0,0
15.5313,1,2.99405,1.49612,4.8257,-0.0349936,0.0381897,0.01216,0.18225,0,0,0
15.5313,2,-1.41432,7.97163,1.3141,2.19196e-05,-2.3606e-05,5.01554e-06,2.40568,0,0,0
15.5313,3,0,0,0,0,0,0,0,0,0,0
15.5313,4,0,0,0,0,0,0,0,0,0,0
15.5313,5,0,0,0,0,0,0,0,0,0,0
15.5949,0,-2.77996,0.629795,5.06492,0.0146596,0.0238631,0.0153458,0.308026,0,0,0
15.5949,1,2.99159,1.4987,4.82637,-0.0366056,0.0399486,0.0125623,0.18225,0,0,0
15.5949,2,-1.41432,7.97163,1.3141,2.14126e-05,-2.29434e-05,4.9654e-06,2.40568,0,0,0
15.5949,3,0,0,0,0,0,0,0,0,0,0
15.5949,4,0,0,0,0,0,0,0,0,0,0
15.5949,5,0,0,0,0,0,0,0,0,0,0
15.6454,0,-2.77653,0.634623,5.06585,0.0228067,0.0348162,0.0168593,0.296222,0,0,0
15.6454,1,2.99175,1.49859,4.82638,-0.0359962,0.0395369,0.0126344,0.178814,0,0,0
15.6454,2,-1.41431,7.97163,1.3141,2.12251e-05,-2.27615e-05,4.94137e-06,2.40568,0,0,0
15.6454,3,0,0,0,0,0,0,0,0,0,0
15.6454,4,0,0,0,0,0,0,0,0,0,0
15.6454,5,0,0,0,0,0,0,0,0,0,0
15.6984,0,-2.77207,0.641001,5.06672,0.033178,0.0495565,0.017913,0.296222,0,0,0
15.6984,1,2.98984,1.50067,4.82695,-0.0353057,0.0387429,0.0129814,0.178814,0,0,0
15.6984,2,-1.41431,7.97163,1.3141,2.08932e-05,-2.24341e-05,4.92443e-06,2.40568,0,0,0
15.6984,3,0,0,0,0,0,0,0,0,0,0
15.6984,4,0,0,0,0,0,0,0,0,0,0
15.6984,5,0,0,0,0,0,0,0,0,0,0
15.7488,0,-2.76678,0.647932,5.06677,0.0453556,0.064454,0.0181706,0.282457,0,0,0
15.7488,1,2.98756,1.50314,4.82759,-0.0367862,0.0400315,0.0138999,0.175942,0,0,0
15.7488,2,-1.41431,7.97163,1.3141,1.99146e-05,-2.15066e-05,4.899e-06,2.40568,0,0,0
15.7488,3,0,0,0,0,0,0,0,0,0,0
15.7488,4,0,0,0,0,0,0,0,0,0,0
15.7488,5,0,0,0,0,0,0,0,0,0,0
15.7994,0,-2.76237,0.655841,5.06786,0.0525352,0.0808448,0.0184027,0.282457,0,0,0
15.7994,1,2.98566,1.50522,4.82849,-0.0355909,0.0388256,0.0146352,0.175942,0,0,0
15.7994,2,-1.41431,7.97163,1.3141,2.10347e-05,-2.26965e-05,4.87833e-06,2.40568,0,0,0
15.7994,3,0,0,0,0,0,0,0,0,0,0
15.7994,4,0,0,0,0,0,0,0,0,0,0
15.7994,5,0,0,0,0,0,0,0,0,0,0
15.8502,0,-2.75862,0.661404,5.06895,0.0533095,0.0811394,0.0185137,0.26489,0,0,0
15.8502,1,2.98373,1.50732,4.8292,-0.0354329,0.038648,0.0150961,0.169572,0,0,0
15.8502,2,-1.41431,7.97163,1.3141,2.16659e-05,-2.34327e-05,4.85739e-06,2.40568,0,0,0
15.8502,3,0,0,0,0,0,0,0,0,0,0
15.8502,4,0,0,0,0,0,0,0,0,0,0
15.8502,5,0,0,0,0,0,0,0,0,0,0
15.9054,0,-2.75581,0.665762,5.07042,0.0543518,0.082777,0.0182333,0.26489,0,0,0
15.9054,1,2.98177,1.50943,4.82994,-0.0357426,0.0389607,0.0154343,0.169572,0,0,0
15.9054,2,-1.41431,7.97163,1.3141,2.0311e-05,-2.20771e-05,4.83766e-06,2.40568,0,0,0
15.9054,3,0,0,0,0,0,0,0,0,0,0
15.9054,4,0,0,0,0,0,0,0,0,0,0
15.9054,5,0,0,0,0,0,0,0,0,0,0
15.9606,0,-2.75581,0.665762,5.07042,0.0543518,0.082777,0.0182333,0.252724,0,0,0
15.9606,1,2.97942,1.51198,4.83091,-0.0371759,0.040481,0.0155507,0.160064,0,0,0
15.9606,2,-1.41431,7.97162,1.3141,2.0952e-05,-2.27932e-05,4.81218e-06,2.40568,0,0,0
15.9606,3,0,0,0,0,0,0,0,0,0,0
15.9606,4,0,0,0,0,0,0,0,0,0,0
15.9606,5,0,0,0,0,0,0,0,0,0,0
16.017,0,-2.74595,0.679132,5.0705,0.069586,0.100679,0.0159941,0.252724,0,0,0
16.017,1,2.97785,1.51369,4.83161,-0.0351065,0.0382862,0.0154395,0.160064,0,0,0
16.017,2,-1.41431,7.97162,1.3141,2.07288e-05,-2.25396e-05,4.79717e-06,2.40568,0,0,0
16.017,3,0,0,0,0,0,0,0,0,0,0
16.017,4,0,0,0,0,0,0,0,0,0,0
16.017,5,0,0,0,0,0,0,0,0,0,0
16.0747,0,-2.74142,0.687656,5.07267,0.0740085,0.114364,0.0151656,0.236567,0,0,0
16.0747,1,2.97549,1.51621,4.83219,-0.0370509,0.0402358,0.0150717,0.157645,0,0,0
16.0747,2,-1.41431,7.97162,1.3141,2.16815e-05,-2.35827e-05,4.7822e-06,2.40568,0,0,0
16.0747,3,0,0,0,0,0,0,0,0,0,0
16.0747,4,0,0,0,0,0,0,0,0,0,0
16.0747,5,0,0,0,0,0,0,0,0,0,0
16.1428,0,-2.73761,0.693558,5.07376,0.0742463,0.114649,0.0145758,0.236567,0,0,0
16.1428,1,2.97173,1.52032,4.834,-0.0367723,0.0400375,0.0145909,0.157645,0,0,0
16.1428,2,-1.4143,7.97162,1.3141,2.16359e-05,-2.36053e-05,4.76382e-06,2.40568,0,0,0
16.1428,3,0,0,0,0,0,0,0,0,0,0
16.1428,4,0,0,0,0,0,0,0,0,0,0
16.1428,5,0,0,0,0,0,0,0,0,0,0
16.2023,0,-2.73015,0.704099,5.07395,0.0757631,0.113595,0.0132736,0.219608,0,0,0
16.2023,1,2.97168,1.52037,4.83402,-0.0369773,0.0402045,0.0142752,0.148309,0,0,0
16.2023,2,-1.4143,7.97162,1.3141,2.07773e-05,-2.26762e-05,4.73232e-06,2.40568,0,0,0
16.2023,3,0,0,0,0,0,0,0,0,0,0
16.2023,4,0,0,0,0,0,0,0,0,0,0
16.2023,5,0,0,0,0,0,0,0,0,0,0
16.2752,0,-2.73015,0.704099,5.07395,0.0757631,0.113595,0.0132736,0.219608,0,0,0
16.2752,1,2.96981,1.52237,4.83544,-0.036792,0.0399644,0.0135307,0.148309,0,0,0
16.2752,2,-1.4143,7.97162,1.3141,2.19008e-05,-2.38723e-05,4.69581e-06,2.40568,0,0,0
16.2752,3,0,0,0,0,0,0,0,0,0,0
16.2752,4,0,0,0,0,0,0,0,0,0,0
16.2752,5,0,0,0,0,0,0,0,0,0,0
16.3386,0,-2.72617,0.710764,5.07604,0.0700317,0.106291,0.011418,0.207049,0,0,0
16.3386,1,2.968,1.52433,4.83607,-0.035736,0.0388266,0.0132521,0.145214,0,0,0
16.3386,2,-1.4143,7.97162,1.3141,2.28667e-05,-2.49579e-05,4.71054e-06,2.40568,0,0,0
16.3386,3,0,0,0,0,0,0,0,0,0,0
16.3386,4,0,0,0,0,0,0,0,0,0,0
16.3386,5,0,0,0,0,0,0,0,0,0,0
16.3887,0,-2.72348,0.715277,5.07695,0.0683711,0.104896,0.0110938,0.207049,0,0,0
16.3887,1,2.96624,1.52623,4.83678,-0.0346888,0.0376804,0.0126864,0.145214,0,0,0
16.3887,2,-1.4143,7.97161,1.3141,2.35132e-05,-2.56681e-05,4.70154e-06,2.40568,0,0,0
16.3887,3,0,0,0,0,0,0,0,0,0,0
16.3887,4,0,0,0,0,0,0,0,0,0,0
16.3887,5,0,0,0,0,0,0,0,0,0,0
16.4445,0,-2.72479,0.714809,5.07786,0.063482,0.103339,0.0101002,0.193695,0,0,0
16.4445,1,2.96452,1.52809,4.83672,-0.0343603,0.0372945,0.0123038,0.139789,0,0,0
16.4445,2,-1.4143,7.97161,1.3141,2.2668e-05,-2.48129e-05,4.65117e-06,2.40568,0,0,0
16.4445,3,0,0,0,0,0,0,0,0,0,0
16.4445,4,0,0,0,0,0,0,0,0,0,0
16.4445,5,0,0,0,0,0,0,0,0,0,0
16.5022,0,-2.72007,0.722291,5.07854,0.0593506,0.0958243,0.00959956,0.193695,0,0,0
16.5022,1,2.9623,1.53041,4.83737,-0.0349901,0.0380453,0.0117425,0.139789,0,0,0
16.5022,2,-1.4143,7.97161,1.3141,2.40394e-05,-2.61566e-05,4.60116e-06,2.40568,0,0,0
16.5022,3,0,0,0,0,0,0,0,0,0,0
16.5022,4,0,0,0,0,0,0,0,0,0,0
16.5022,5,0,0,0,0,0,0,0,0,0,0
16.5549,0,-2.71948,0.724118,5.07888,0.0522878,0.0869059,0.00925487,0.185785,0,0,0
16.5549,1,2.96118,1.53168,4.83797,-0.0323818,0.0353927,0.0115652,0.134104,0,0,0
16.5549,2,-1.4143,7.97161,1.3141,2.35364e-05,-2.57935e-05,4.56717e-06,2.40568,0,0,0
16.5549,3,0,0,0,0,0,0,0,0,0,0
16.5549,4,0,0,0,0,0,0,0,0,0,0
16.5549,5,0,0,0,0,0,0,0,0,0,0
16.6077,0,-2.71896,0.724822,5.07958,0.0458385,0.0757583,0.00926548,0.182879,0,0,0
16.6077,1,2.95981,1.53327,4.83854,-0.0313781,0.0344329,0.0113357,0.134104,0,0,0
16.6077,2,-1.41429,7.97161,1.3141,2.3589e-05,-2.59216e-05,4.5326e-06,2.40568,0,0,0
16.6077,3,0,0,0,0,0,0,0,0,0,0
16.6077,4,0,0,0,0,0,0,0,0,0,0
16.6077,5,0,0,0,0,0,0,0,0,0,0
16.6669,0,-2.71962,0.72381,5.08022,0.036416,0.0599318,0.00970463,0.182879,0,0,0
16.6669,1,2.95773,1.53545,4.83916,-0.0325889,0.0354249,0.0112099,0.130139,0,0,0
16.6669,2,-1.41429,7.97161,1.3141,2.36535e-05,-2.59786e-05,4.50825e-06,2.40568,0,0,0
16.6669,3,0,0,0,0,0,0,0,0,0,0
16.6669,4,0,0,0,0,0,0,0,0,0,0
16.6669,5,0,0,0,0,0,0,0,0,0,0
16.7198,0,-2.71963,0.724184,5.0807,0.0295389,0.0494556,0.0101178,0.183477,0,0,0
16.7198,1,2.95621,1.53708,4.83972,-0.0318637,0.0345737,0.0111527,0.124775,0,0,0
16.7198,2,-1.41429,7.97161,1.3141,2.36852e-05,-2.60143e-05,4.48014e-06,2.40568,0,0,0
16.7198,3,0,0,0,0,0,0,0,0,0,0
16.7198,4,0,0,0,0,0,0,0,0,0,0
16.7198,5,0,0,0,0,0,0,0,0,0,0
16.7754,0,-2.72074,0.723075,5.08118,0.0256728,0.0455801,0.010514,0.183477,0,0,0
16.7754,1,2.95317,1.54037,4.84091,-0.0307581,0.0333848,0.0110413,0.124775,0,0,0
16.7754,2,-1.41429,7.9716,1.3141,2.36884e-05,-2.60353e-05,4.4619e-06,2.40568,0,0,0
16.7754,3,0,0,0,0,0,0,0,0,0,0
16.7754,4,0,0,0,0,0,0,0,0,0,0
16.7754,5,0,0,0,0,0,0,0,0,0,0
16.8295,0,-2.72086,0.723326,5.08171,0.0199997,0.0372043,0.0112214,0.184577,0,0,0
16.8295,1,2.95123,1.54246,4.84157,-0.0311972,0.0337884,0.0111438,0.117227,0,0,0
16.8295,2,-1.41429,7.9716,1.3141,2.36831e-05,-2.60227e-05,4.43636e-06,2.40568,0,0,0
16.8295,3,0,0,0,0,0,0,0,0,0,0
16.8295,4,0,0,0,0,0,0,0,0,0,0
16.8295,5,0,0,0,0,0,0,0,0,0,0
16.8803,0,-2.72085,0.72362,5.08238,0.0154019,0.0298108,0.0117588,0.184577,0,0,0
16.8803,1,2.95006,1.54371,4.84201,-0.0296023,0.0320331,0.0112663,0.117227,0,0,0
16.8803,2,-1.41429,7.9716,1.3141,2.36583e-05,-2.59874e-05,4.40618e-06,2.40568,0,0,0
16.8803,3,0,0,0,0,0,0,0,0,0,0
16.8803,4,0,0,0,0,0,0,0,0,0,0
16.8803,5,0,0,0,0,0,0,0,0,0,0
16.9306,0,-2.72081,0.723942,5.083,0.0116331,0.0237265,0.0117494,0.183742,0,0,0
16.9306,1,2.95006,1.54372,4.84209,-0.0295814,0.0320513,0.0113281,0.117227,0,0,0
16.9306,2,-1.41429,7.9716,1.3141,2.27084e-05,-2.49872e-05,4.38981e-06,2.40568,0,0,0
16.9306,3,0,0,0,0,0,0,0,0,0,0
16.9306,4,0,0,0,0,0,0,0,0,0,0
16.9306,5,0,0,0,0,0,0,0,0,0,0
16.9824,0,-2.72035,0.725222,5.08329,0.00645856,0.0154425,0.0122012,0.183742,0,0,0
16.9824,1,2.95006,1.54372,4.84209,-0.0295814,0.0320513,0.0113281,0.115429,0,0,0
16.9824,2,-1.41429,7.9716,1.3141,2.27971e-05,-2.50571e-05,4.36076e-06,2.40568,0,0,0
16.9824,3,0,0,0,0,0,0,0,0,0,0
16.9824,4,0,0,0,0,0,0,0,0,0,0
16.9824,5,0,0,0,0,0,0,0,0,0,0
17.0367,0,-2.72019,0.725405,5.08381,0.00449731,0.0113157,0.0125863,0.182035,0,0,0
17.0367,1,2.94694,1.54712,4.84337,-0.0279466,0.0303499,0.0120908,0.113245,0,0,0
17.0367,2,-1.41429,7.9716,1.3141,2.24353e-05,-2.46076e-05,4.34112e-06,2.40568,0,0,0
17.0367,3,0,0,0,0,0,0,0,0,0,0
17.0367,4,0,0,0,0,0,0,0,0,0,0
17.0367,5,0,0,0,0,0,0,0,0,0,0
17.0877,0,-2.72019,0.725405,5.08381,0.00449731,0.0113157,0.0125863,0.182035,0,0,0
17.0877,1,2.94694,1.54712,4.84337,-0.0279466,0.0303499,0.0120908,0.113245,0,0,0
17.0877,2,-1.41428,7.9716,1.3141,1.96875e-05,-2.18046e-05,4.34277e-06,2.40568,0,0,0
17.0877,3,0,0,0,0,0,0,0,0,0,0
17.0877,4,0,0,0,0,0,0,0,0,0,0
17.0877,5,0,0,0,0,0,0,0,0,0,0
17.148,0,-2.71969,0.726729,5.08483,0.00341587,0.0105535,0.0126549,0.180458,0,0,0
17.148,1,2.94492,1.54928,4.84409,-0.0284707,0.0308003,0.0123785,0.107603,0,0,0
17.148,2,-1.41428,7.9716,1.3141,2.3788e-05,-2.60085e-05,4.33788e-06,2.40568,0,0,0
17.148,3,0,0,0,0,0,0,0,0,0,0
17.148,4,0,0,0,0,0,0,0,0,0,0
17.148,5,0,0,0,0,0,0,0,0,0,0
17.2007,0,-2.71705,0.730778,5.08636,0.00749455,0.0156682,0.0128277,0.180458,0,0,0
17.2007,1,2.94376,1.55055,4.84471,-0.0271506,0.0294249,0.0125468,0.107603,0,0,0
17.2007,2,-1.41428,7.97159,1.3141,2.3601e-05,-2.58734e-05,4.32865e-06,2.40568,0,0,0
17.2007,3,0,0,0,0,0,0,0,0,0,0
17.2007,4,0,0,0,0,0,0,0,0,0,0
17.2007,5,0,0,0,0,0,0,0,0,0,0
17.2581,0,-2.71705,0.730778,5.08636,0.00749455,0.0156682,0.0128277,0.175399,0,0,0
17.2581,1,2.94093,1.55362,4.84599,-0.0265944,0.0288269,0.0125909,0.101411,0,0,0
17.2581,2,-1.41428,7.97159,1.3141,2.41216e-05,-2.64023e-05,4.28444e-06,2.40568,0,0,0
17.2581,3,0,0,0,0,0,0,0,0,0,0
17.2581,4,0,0,0,0,0,0,0,0,0,0
17.2581,5,0,0,0,0,0,0,0,0,0,0
17.3082,0,-2.71557,0.732984,5.08714,0.00982952,0.0184812,0.0126761,0.175399,0,0,0
17.3082,1,2.93896,1.55574,4.84667,-0.0280906,0.0303891,0.0125374,0.101411,0,0,0
17.3082,2,-1.41428,7.97159,1.3141,2.41216e-05,-2.64023e-05,4.28444e-06,2.40568,0,0,0
17.3082,3,0,0,0,0,0,0,0,0,0,0
17.3082,4,0,0,0,0,0,0,0,0,0,0
17.3082,5,0,0,0,0,0,0,0,0,0,0
17.3767,0,-2.71176,0.738287,5.08832,0.0162955,0.0259443,0.012617,0.169304,0,0,0
17.3767,1,2.93857,1.55613,4.84656,-0.0295579,0.031848,0.0121234,0.0979394,0,0,0
17.3767,2,-1.41428,7.97159,1.3141,2.36414e-05,-2.58746e-05,4.24355e-06,2.40568,0,0,0
17.3767,3,0,0,0,0,0,0,0,0,0,0
17.3767,4,0,0,0,0,0,0,0,0,0,0
17.3767,5,0,0,0,0,0,0,0,0,0,0
17.433,0,-2.71004,0.741343,5.08897,0.0184604,0.0305189,0.012629,0.169304,0,0,0
17.433,1,2.93396,1.56113,4.84794,-0.0301051,0.0324688,0.0117032,0.0979394,0,0,0
17.433,2,-1.41428,7.97159,1.3141,2.34745e-05,-2.56555e-05,4.22235e-06,2.40568,0,0,0
17.433,3,0,0,0,0,0,0,0,0,0,0
17.433,4,0,0,0,0,0,0,0,0,0,0
17.433,5,0,0,0,0,0,0,0,0,0,0
17.4857,0,-2.7076,0.744977,5.08949,0.0224395,0.0363588,0.0125534,0.16246,0,0,0
17.4857,1,2.93426,1.56084,4.84849,-0.0289877,0.0313893,0.0114405,0.0910406,0,0,0
17.4857,2,-1.41427,7.97159,1.3141,2.22943e-05,-2.44282e-05,4.18817e-06,2.40568,0,0,0
17.4857,3,0,0,0,0,0,0,0,0,0,0
17.4857,4,0,0,0,0,0,0,0,0,0,0
17.4857,5,0,0,0,0,0,0,0,0,0,0
17.5385,0,-2.70528,0.748339,5.09021,0.0256909,0.040628,0.0124342,0.16246,0,0,0
17.5385,1,2.93097,1.56438,4.84911,-0.0293345,0.0316978,0.0110331,0.0910406,0,0,0
17.5385,2,-1.41427,7.97159,1.31411,2.30651e-05,-2.51699e-05,4.16809e-06,2.40568,0,0,0
17.5385,3,0,0,0,0,0,0,0,0,0,0
17.5385,4,0,0,0,0,0,0,0,0,0,0
17.5385,5,0,0,0,0,0,0,0,0,0,0
17.589,0,-2.70341,0.750627,5.09068,0.0273758,0.040889,0.01231,0.153943,0,0,0
17.589,1,2.92988,1.5656,4.84972,-0.0279186,0.0302866,0.0107889,0.0864762,0,0,0
17.589,2,-1.41427,7.97158,1.31411,2.24504e-05,-2.44592e-05,4.12976e-06,2.40568,0,0,0
17.589,3,0,0,0,0,0,0,0,0,0,0
17.589,4,0,0,0,0,0,0,0,0,0,0
17.589,5,0,0,0,0,0,0,0,0,0,0
17.6448,0,-2.7015,0.753608,5.09134,0.0288913,0.043612,0.0120732,0.153943,0,0,0
17.6448,1,2.9281,1.5675,4.85024,-0.0289259,0.0312917,0.0105235,0.0864762,0,0,0
17.6448,2,-1.41427,7.97158,1.31411,2.243e-05,-2.44796e-05,4.1047e-06,2.40568,0,0,0
17.6448,3,0,0,0,0,0,0,0,0,0,0
17.6448,4,0,0,0,0,0,0,0,0,0,0
17.6448,5,0,0,0,0,0,0,0,0,0,0
17.7066,0,-2.69926,0.757565,5.09205,0.0309691,0.0491076,0.0118673,0.147384,0,0,0
17.7066,1,2.92815,1.56744,4.8508,-0.0287199,0.0310465,0.0103472,0.0820841,0,0,0
17.7066,2,-1.41427,7.97158,1.31411,2.16579e-05,-2.36731e-05,4.07048e-06,2.40568,0,0,0
17.7066,3,0,0,0,0,0,0,0,0,0,0
17.7066,4,0,0,0,0,0,0,0,0,0,0
17.7066,5,0,0,0,0,0,0,0,0,0,0
17.7643,0,-2.69673,0.761138,5.09269,0.0338635,0.0524604,0.011455,0.147384,0,0,0
17.7643,1,2.92606,1.56975,4.85132,-0.0257917,0.0280438,0.0102181,0.0820841,0,0,0
17.7643,2,-1.41427,7.97158,1.31411,2.19298e-05,-2.39205e-05,4.05706e-06,2.40568,0,0,0
17.7643,3,0,0,0,0,0,0,0,0,0,0
17.7643,4,0,0,0,0,0,0,0,0,0,0
17.7643,5,0,0,0,0,0,0,0,0,0,0
17.8172,0,-2.69459,0.764304,5.09329,0.035173,0.0540485,0.0111246,0.1384,0,0,0
17.8172,1,2.92411,1.57182,4.85186,-0.0276222,0.0298891,0.0100865,0.078871,0,0,0
17.8172,2,-1.41427,7.97158,1.31411,2.20008e-05,-2.39861e-05,4.06771e-06,2.40568,0,0,0
17.8172,3,0,0,0,0,0,0,0,0,0,0
17.8172,4,0,0,0,0,0,0,0,0,0,0
17.8172,5,0,0,0,0,0,0,0,0,0,0
17.8674,0,-2.6927,0.767169,5.09392,0.0352007,0.0539695,0.010946,0.1384,0,0,0
17.8674,1,2.92298,1.57305,4.85236,-0.0262968,0.0284647,0.00993171,0.078871,0,0,0
17.8674,2,-1.41427,7.97158,1.31411,2.153e-05,-2.34788e-05,4.0468e-06,2.40568,0,0,0
17.8674,3,0,0,0,0,0,0,0,0,0,0
17.8674,4,0,0,0,0,0,0,0,0,0,0
17.8674,5,0,0,0,0,0,0,0,0,0,0
17.9213,0,-2.69044,0.770364,5.09449,0.0367896,0.0554931,0.0109109,0.13106,0,0,0
17.9213,1,2.92168,1.57447,4.8529,-0.0259856,0.0281857,0.00976781,0.074251,0,0,0
17.9213,2,-1.41427,7.97158,1.31411,2.09081e-05,-2.27864e-05,4.01985e-06,2.40568,0,0,0
17.9213,3,0,0,0,0,0,0,0,0,0,0
17.9213,4,0,0,0,0,0,0,0,0,0,0
17.9213,5,0,0,0,0,0,0,0,0,0,0
17.979,0,-2.68942,0.772266,5.09503,0.0339155,0.0520808,0.0110244,0.13106,0,0,0
17.979,1,2.92019,1.57606,4.85336,-0.0263525,0.0284861,0.00961613,0.074251,0,0,0
17.979,2,-1.41426,7.97158,1.31411,1.97446e-05,-2.15714e-05,3.99897e-06,2.40568,0,0,0
17.979,3,0,0,0,0,0,0,0,0,0,0
17.979,4,0,0,0,0,0,0,0,0,0,0
17.979,5,0,0,0,0,0,0,0,0,0,0
18.0317,0,-2.68781,0.77489,5.09564,0.0332011,0.051504,0.0112074,0.124911,0,0,0
18.0317,1,2.9194,1.57692,4.85387,-0.0242537,0.0262347,0.00939643,0.0700378,0,0,0
18.0317,2,-1.41426,7.97157,1.31411,1.99538e-05,-2.1382e-05,3.97231e-06,2.40568,0,0,0
18.0317,3,0,0,0,0,0,0,0,0,0,0
18.0317,4,0,0,0,0,0,0,0,0,0,0
18.0317,5,0,0,0,0,0,0,0,0,0,0
18.0819,0,-2.68678,0.776573,5.0961,0.031063,0.0483083,0.0114112,0.124911,0,0,0
18.0819,1,2.9182,1.57823,4.85435,-0.0238955,0.0259095,0.00918683,0.0700378,0,0,0
18.0819,2,-1.41426,7.97157,1.31411,1.93743e-05,-2.08034e-05,3.92951e-06,2.40568,0,0,0
18.0819,3,0,0,0,0,0,0,0,0,0,0
18.0819,4,0,0,0,0,0,0,0,0,0,0
18.0819,5,0,0,0,0,0,0,0,0,0,0
18.1335,0,-2.6854,0.778896,5.09681,0.0302355,0.0476972,0.0116261,0.119749,0,0,0
18.1335,1,2.91683,1.57971,4.85485,-0.0241838,0.0261776,0.00893761,0.0669324,0,0,0
18.1335,2,-1.41426,7.97157,1.31411,1.88507e-05,-2.02829e-05,3.92848e-06,2.40568,0,0,0
18.1335,3,0,0,0,0,0,0,0,0,0,0
18.1335,4,0,0,0,0,0,0,0,0,0,0
18.1335,5,0,0,0,0,0,0,0,0,0,0
18.1836,0,-2.68422,0.780701,5.09749,0.0287639,0.0450285,0.0118225,0.119749,0,0,0
18.1836,1,2.9157,1.58092,4.85526,-0.0234179,0.0253272,0.00874479,0.0669324,0,0,0
18.1836,2,-1.41426,7.97157,1.31411,1.81937e-05,-1.96223e-05,3.83365e-06,2.40568,0,0,0
18.1836,3,0,0,0,0,0,0,0,0,0,0
18.1836,4,0,0,0,0,0,0,0,0,0,0
18.1836,5,0,0,0,0,0,0,0,0,0,0
18.2439,0,-2.6831,0.782741,5.09814,0.0274376,0.0439851,0.0119939,0.114699,0,0,0
18.2439,1,2.91567,1.58098,4.85544,-0.0192373,0.0208835,0.00853291,0.0631627,0,0,0
18.2439,2,-1.41426,7.97157,1.31411,1.79513e-05,-1.94307e-05,3.8185e-06,2.40568,0,0,0
18.2439,3,0,0,0,0,0,0,0,0,0,0
18.2439,4,0,0,0,0,0,0,0,0,0,0
18.2439,5,0,0,0,0,0,0,0,0,0,0
18.2971,0,-2.68188,0.784742,5.09875,0.0266704,0.0428994,0.0120912,0.114699,0,0,0
18.2971,1,2.91474,1.58203,4.85607,-0.0187112,0.0204365,0.00826008,0.0631627,0,0,0
18.2971,2,-1.41426,7.97157,1.31411,1.82587e-05,-1.97624e-05,3.82028e-06,2.40568,0,0,0
18.2971,3,0,0,0,0,0,0,0,0,0,0
18.2971,4,0,0,0,0,0,0,0,0,0,0
18.2971,5,0,0,0,0,0,0,0,0,0,0
18.3496,0,-2.68067,0.786726,5.09944,0.0259283,0.041928,0.0121189,0.109867,0,0,0
18.3496,1,2.91284,1.58403,4.85653,-0.0211517,0.0228651,0.00810134,0.0615125,0,0,0
18.3496,2,-1.41426,7.97157,1.31411,1.77729e-05,-1.92536e-05,3.71767e-06,2.40568,0,0,0
18.3496,3,0,0,0,0,0,0,0,0,0,0
18.3496,4,0,0,0,0,0,0,0,0,0,0
18.3496,5,0,0,0,0,0,0,0,0,0,0
18.4024,0,-2.67981,0.788065,5.09989,0.0242564,0.0389207,0.0120817,0.109867,0,0,0
18.4024,1,2.91266,1.58425,4.85694,-0.0175417,0.0190884,0.00784553,0.0615125,0,0,0
18.4024,2,-1.41426,7.97157,1.31411,1.77367e-05,-1.92898e-05,3.73146e-06,2.40568,0,0,0
18.4024,3,0,0,0,0,0,0,0,0,0,0
18.4024,4,0,0,0,0,0,0,0,0,0,0
18.4024,5,0,0,0,0,0,0,0,0,0,0
18.4555,0,-2.67856,0.790279,5.10054,0.0239229,0.0392829,0.0119825,0.105795,0,0,0
18.4555,1,2.91093,1.58607,4.85737,-0.0200659,0.0216208,0.00757071,0.0583471,0,0,0
18.4555,2,-1.41426,7.97157,1.31411,1.78522e-05,-1.93946e-05,3.63642e-06,2.40568,0,0,0
18.4555,3,0,0,0,0,0,0,0,0,0,0
18.4555,4,0,0,0,0,0,0,0,0,0,0
18.4555,5,0,0,0,0,0,0,0,0,0,0
18.5083,0,-2.67703,0.792792,5.10122,0.0245641,0.0405833,0.0118788,0.105795,0,0,0
18.5083,1,2.9099,1.58721,4.85775,-0.0196318,0.0212396,0.00735067,0.0583471,0,0,0
18.5083,2,-1.41426,7.97157,1.31411,1.74265e-05,-1.89809e-05,3.57669e-06,2.40568,0,0,0
18.5083,3,0,0,0,0,0,0,0,0,0,0
18.5083,4,0,0,0,0,0,0,0,0,0,0
18.5083,5,0,0,0,0,0,0,0,0,0,0
18.5584,0,-2.67562,0.794859,5.10182,0.024844,0.0402426,0.0115838,0.100153,0,0,0
18.5584,1,2.90916,1.58802,4.85816,-0.0183814,0.019899,0.00712615,0.054258,0,0,0
18.5584,2,-1.41425,7.97156,1.31411,1.70641e-05,-1.86144e-05,3.55873e-06,2.40568,0,0,0
18.5584,3,0,0,0,0,0,0,0,0,0,0
18.5584,4,0,0,0,0,0,0,0,0,0,0
18.5584,5,0,0,0,0,0,0,0,0,0,0
18.6086,0,-2.67435,0.796797,5.10236,0.0247272,0.0396167,0.0112871,0.100153,0,0,0
18.6086,1,2.90825,1.589,4.85848,-0.0179675,0.0194674,0.00695071,0.054258,0,0,0
18.6086,2,-1.41425,7.97156,1.31411,1.69338e-05,-1.84918e-05,3.53289e-06,2.40568,0,0,0
18.6086,3,0,0,0,0,0,0,0,0,0,0
18.6086,4,0,0,0,0,0,0,0,0,0,0
18.6086,5,0,0,0,0,0,0,0,0,0,0
18.6718,0,-2.67266,0.799813,5.10303,0.0250842,0.0415401,0.0109096,0.0952053,0,0,0
18.6718,1,2.90766,1.58964,4.85921,-0.0164993,0.0178644,0.00654974,0.0517159,0,0,0
18.6718,2,-1.41425,7.97156,1.31411,1.66918e-05,-1.82487e-05,3.5364e-06,2.40568,0,0,0
18.6718,3,0,0,0,0,0,0,0,0,0,0
18.6718,4,0,0,0,0,0,0,0,0,0,0
18.6718,5,0,0,0,0,0,0,0,0,0,0
18.7298,0,-2.67111,0.802186,5.1036,0.0255074,0.0417161,0.0105754,0.0952053,0,0,0
18.7298,1,2.90671,1.59066,4.85945,-0.0163927,0.0177194,0.00642684,0.0492566,0,0,0
18.7298,2,-1.41425,7.97156,1.31411,1.68418e-05,-1.83749e-05,3.55023e-06,2.40568,0,0,0
18.7298,3,0,0,0,0,0,0,0,0,0,0
18.7298,4,0,0,0,0,0,0,0,0,0,0
18.7298,5,0,0,0,0,0,0,0,0,0,0
18.785,0,-2.66991,0.80403,5.10414,0.0249776,0.0404356,0.0102357,0.0888017,0,0,0
18.785,1,2.90595,1.59149,4.85975,-0.0157849,0.0170674,0.00611137,0.0492566,0,0,0
18.785,2,-1.41425,7.97156,1.31411,1.66308e-05,-1.82256e-05,3.48141e-06,2.40568,0,0,0
18.785,3,0,0,0,0,0,0,0,0,0,0
18.785,4,0,0,0,0,0,0,0,0,0,0
18.785,5,0,0,0,0,0,0,0,0,0,0
18.8353,0,-2.66825,0.806458,5.10471,0.0260111,0.0413707,0.00988262,0.0888017,0,0,0
18.8353,1,2.90521,1.59229,4.86011,-0.0152035,0.0164467,0.00591939,0.0469466,0,0,0
18.8353,2,-1.41425,7.97156,1.31411,1.65216e-05,-1.80757e-05,3.47618e-06,2.40568,0,0,0
18.8353,3,0,0,0,0,0,0,0,0,0,0
18.8353,4,0,0,0,0,0,0,0,0,0,0
18.8353,5,0,0,0,0,0,0,0,0,0,0
18.8859,0,-2.66746,0.807951,5.10499,0.0241838,0.0391824,0.00954737,0.0835475,0,0,0
18.8859,1,2.90463,1.59292,4.86017,-0.0141132,0.0152877,0.00594827,0.0469466,0,0,0
18.8859,2,-1.41425,7.97156,1.31411,1.70647e-05,-1.86355e-05,3.4553e-06,2.40568,0,0,0
18.8859,3,0,0,0,0,0,0,0,0,0,0
18.8859,4,0,0,0,0,0,0,0,0,0,0
18.8859,5,0,0,0,0,0,0,0,0,0,0
18.9393,0,-2.66606,0.810319,5.10561,0.0241976,0.0397962,0.00929918,0.0790283,0,0,0
18.9393,1,2.90406,1.59353,4.86048,-0.013169,0.0142629,0.00569523,0.0452293,0,0,0
18.9393,2,-1.41425,7.97156,1.31411,1.68545e-05,-1.84283e-05,3.46589e-06,2.40568,0,0,0
18.9393,3,0,0,0,0,0,0,0,0,0,0
18.9393,4,0,0,0,0,0,0,0,0,0,0
18.9393,5,0,0,0,0,0,0,0,0,0,0
18.9977,0,-2.6647,0.812388,5.10615,0.0241586,0.0392807,0.00909134,0.0790283,0,0,0
18.9977,1,2.90309,1.59458,4.86091,-0.0138894,0.0150015,0.00570399,0.0452293,0,0,0
18.9977,2,-1.41425,7.97156,1.31411,1.68567e-05,-1.84255e-05,3.48999e-06,2.40568,0,0,0
18.9977,3,0,0,0,0,0,0,0,0,0,0
18.9977,4,0,0,0,0,0,0,0,0,0,0
18.9977,5,0,0,0,0,0,0,0,0,0,0
19.048,0,-2.66359,0.814188,5.10652,0.0233409,0.0379688,0.00877475,0.0743556,0,0,0
19.048,1,2.90242,1.59531,4.86124,-0.0133998,0.0144903,0.00556434,0.0426997,0,0,0
19.048,2,-1.41425,7.97156,1.31411,1.68547e-05,-1.84274e-05,3.47047e-06,2.40568,0,0,0
19.048,3,0,0,0,0,0,0,0,0,0,0
19.048,4,0,0,0,0,0,0,0,0,0,0
19.048,5,0,0,0,0,0,0,0,0,0,0
19.0987,0,-2.66254,0.815905,5.10702,0.0226497,0.03691,0.00849159,0.0743556,0,0,0
19.0987,1,2.9019,1.59588,4.8616,-0.0124589,0.0135007,0.00531057,0.0426997,0,0,0
19.0987,2,-1.41425,7.97155,1.31411,1.68564e-05,-1.84278e-05,3.46577e-06,2.40568,0,0,0
19.0987,3,0,0,0,0,0,0,0,0,0,0
19.0987,4,0,0,0,0,0,0,0,0,0,0
19.0987,5,0,0,0,0,0,0,0,0,0,0
19.1489,0,-2.66129,0.817908,5.10757,0.0224419,0.0366287,0.00825679,0.0698618,0,0,0
19.1489,1,2.90099,1.59685,4.86189,-0.0130996,0.0141518,0.00517055,0.040494,0,0,0
19.1489,2,-1.41424,7.97155,1.31411,1.68573e-05,-1.84335e-05,3.45342e-06,2.40568,0,0,0
19.1489,3,0,0,0,0,0,0,0,0,0,0
19.1489,4,0,0,0,0,0,0,0,0,0,0
19.1489,5,0,0,0,0,0,0,0,0,0,0
19.1993,0,-2.66031,0.8195,5.108,0.0216637,0.0353626,0.00794404,0.0698618,0,0,0
19.1993,1,2.90032,1.59759,4.86202,-0.0126447,0.013687,0.0050142,0.040494,0,0,0
19.1993,2,-1.41424,7.97155,1.31411,1.73531e-05,-1.89658e-05,3.44089e-06,2.40568,0,0,0
19.1993,3,0,0,0,0,0,0,0,0,0,0
19.1993,4,0,0,0,0,0,0,0,0,0,0
19.1993,5,0,0,0,0,0,0,0,0,0,0
19.2548,0,-2.65935,0.821048,5.10828,0.020919,0.0341271,0.00770151,0.0661086,0,0,0
19.2548,1,2.8997,1.59828,4.86238,-0.0122348,0.0133754,0.00478662,0.038515,0,0,0
19.2548,2,-1.41424,7.97155,1.31411,1.64547e-05,-1.80234e-05,3.42817e-06,2.40568,0,0,0
19.2548,3,0,0,0,0,0,0,0,0,0,0
19.2548,4,0,0,0,0,0,0,0,0,0,0
19.2548,5,0,0,0,0,0,0,0,0,0,0
19.3076,0,-2.65844,0.822529,5.10869,0.0201306,0.0328478,0.00748351,0.0661086,0,0,0
19.3076,1,2.89912,1.59892,4.86259,-0.0115514,0.0127407,0.00467336,0.038515,0,0,0
19.3076,2,-1.41424,7.97155,1.31411,1.65321e-05,-1.80898e-05,3.42068e-06,2.40568,0,0,0
19.3076,3,0,0,0,0,0,0,0,0,0,0
19.3076,4,0,0,0,0,0,0,0,0,0,0
19.3076,5,0,0,0,0,0,0,0,0,0,0
19.3577,0,-2.65756,0.823952,5.10908,0.019336,0.0315674,0.00730345,0.0626061,0,0,0
19.3577,1,2.89859,1.59948,4.8629,-0.0109546,0.0120165,0.00452718,0.0368036,0,0,0
19.3577,2,-1.41424,7.97155,1.31411,1.65976e-05,-1.81452e-05,3.39934e-06,2.40568,0,0,0
19.3577,3,0,0,0,0,0,0,0,0,0,0
19.3577,4,0,0,0,0,0,0,0,0,0,0
19.3577,5,0,0,0,0,0,0,0,0,0,0
19.4104,0,-2.65682,0.825114,5.10949,0.0182302,0.0295978,0.00714297,0.0626061,0,0,0
19.4104,1,2.89802,1.60009,4.86313,-0.0105184,0.0115015,0.00443797,0.0368036,0,0,0
19.4104,2,-1.41424,7.97155,1.31411,1.71443e-05,-1.87254e-05,3.3918e-06,2.40568,0,0,0
19.4104,3,0,0,0,0,0,0,0,0,0,0
19.4104,4,0,0,0,0,0,0,0,0,0,0
19.4104,5,0,0,0,0,0,0,0,0,0,0
19.4636,0,-2.65617,0.826183,5.10976,0.0170184,0.0276178,0.0069618,0.0598883,0,0,0
19.4636,1,2.89747,1.60069,4.86335,-0.010235,0.011167,0.00430273,0.0359389,0,0,0
19.4636,2,-1.41424,7.97155,1.31411,1.71131e-05,-1.87014e-05,3.37496e-06,2.40568,0,0,0
19.4636,3,0,0,0,0,0,0,0,0,0,0
19.4636,4,0,0,0,0,0,0,0,0,0,0
19.4636,5,0,0,0,0,0,0,0,0,0,0
19.5138,0,-2.65532,0.827632,5.11002,0.0165536,0.0272048,0.00676292,0.0598883,0,0,0
19.5138,1,2.89692,1.60128,4.86357,-0.00985018,0.0107393,0.00419908,0.0359389,0,0,0
19.5138,2,-1.41424,7.97155,1.31411,1.70892e-05,-1.86778e-05,3.36274e-06,2.40568,0,0,0
19.5138,3,0,0,0,0,0,0,0,0,0,0
19.5138,4,0,0,0,0,0,0,0,0,0,0
19.5138,5,0,0,0,0,0,0,0,0,0,0
19.5641,0,-2.6544,0.829128,5.11041,0.0163933,0.0270178,0.00661668,0.056404,0,0,0
19.5641,1,2.89639,1.60185,4.86382,-0.00961898,0.0104752,0.00408326,0.0342623,0,0,0
19.5641,2,-1.41424,7.97155,1.31411,1.72245e-05,-1.88157e-05,3.34232e-06,2.40568,0,0,0
19.5641,3,0,0,0,0,0,0,0,0,0,0
19.5641,4,0,0,0,0,0,0,0,0,0,0
19.5641,5,0,0,0,0,0,0,0,0,0,0
19.6168,0,-2.6537,0.8302,5.11064,0.0156,0.0254528,0.00651368,0.056404,0,0,0
19.6168,1,2.89576,1.60253,4.86402,-0.00968278,0.010528,0.00398828,0.0342623,0,0,0
19.6168,2,-1.41424,7.97155,1.31411,1.71686e-05,-1.87665e-05,3.31759e-06,2.40568,0,0,0
19.6168,3,0,0,0,0,0,0,0,0,0,0
19.6168,4,0,0,0,0,0,0,0,0,0,0
19.6168,5,0,0,0,0,0,0,0,0,0,0
19.667,0,-2.65289,0.831565,5.11108,0.0152641,0.0251108,0.00631312,0.0534591,0,0,0
19.667,1,2.89524,1.60309,4.86402,-0.00931974,0.0101364,0.0040194,0.0324978,0,0,0
19.667,2,-1.41424,7.97154,1.31411,1.71171e-05,-1.87113e-05,3.30755e-06,2.40568,0,0,0
19.667,3,0,0,0,0,0,0,0,0,0,0
19.667,4,0,0,0,0,0,0,0,0,0,0
19.667,5,0,0,0,0,0,0,0,0,0,0
19.7171,0,-2.65214,0.832755,5.11138,0.0146446,0.0239983,0.00621841,0.0534591,0,0,0
19.7171,1,2.89484,1.60353,4.86443,-0.00872081,0.00949867,0.00379579,0.0324978,0,0,0
19.7171,2,-1.41424,7.97154,1.31411,1.71171e-05,-1.87113e-05,3.30755e-06,2.40568,0,0,0
19.7171,3,0,0,0,0,0,0,0,0,0,0
19.7171,4,0,0,0,0,0,0,0,0,0,0
19.7171,5,0,0,0,0,0,0,0,0,0,0
19.7673,0,-2.65143,0.833803,5.11175,0.0140209,0.0226051,0.00598977,0.0507083,0,0,0
19.7673,1,2.89424,1.60418,4.8646,-0.00896211,0.00972277,0.00390799,0.0310844,0,0,0
19.7673,2,-1.41423,7.97154,1.31411,1.60927e-05,-1.76226e-05,3.29095e-06,2.40568,0,0,0
19.7673,3,0,0,0,0,0,0,0,0,0,0
19.7673,4,0,0,0,0,0,0,0,0,0,0
19.7673,5,0,0,0,0,0,0,0,0,0,0
19.8225,0,-2.65075,0.834984,5.11205,0.0135243,0.0221377,0.00579925,0.0507083,0,0,0
19.8225,1,2.89376,1.6047,4.8648,-0.00874638,0.00950718,0.00370857,0.0310844,0,0,0
19.8225,2,-1.41423,7.97154,1.31411,1.61964e-05,-1.77014e-05,3.27338e-06,2.40568,0,0,0
19.8225,3,0,0,0,0,0,0,0,0,0,0
19.8225,4,0,0,0,0,0,0,0,0,0,0
19.8225,5,0,0,0,0,0,0,0,0,0,0
19.8758,0,-2.65004,0.836177,5.11233,0.0130606,0.021546,0.00562216,0.0479014,0,0,0
19.8758,1,2.89328,1.60522,4.865,-0.00855553,0.00929044,0.00359511,0.0294578,0,0,0
19.8758,2,-1.41423,7.97154,1.31411,1.61025e-05,-1.76018e-05,3.26371e-06,2.40568,0,0,0
19.8758,3,0,0,0,0,0,0,0,0,0,0
19.8758,4,0,0,0,0,0,0,0,0,0,0
19.8758,5,0,0,0,0,0,0,0,0,0,0
19.929,0,-2.64936,0.837239,5.11258,0.0127885,0.0207384,0.00548075,0.0479014,0,0,0
19.929,1,2.89291,1.60563,4.86516,-0.00782462,0.00852636,0.00350095,0.0294578,0,0,0
19.929,2,-1.41423,7.97154,1.31411,1.6664e-05,-1.81815e-05,3.25315e-06,2.40568,0,0,0
19.929,3,0,0,0,0,0,0,0,0,0,0
19.929,4,0,0,0,0,0,0,0,0,0,0
19.929,5,0,0,0,0,0,0,0,0,0,0
19.9792,0,-2.64878,0.838116,5.11288,0.0120685,0.0193498,0.00533866,0.0479014,0,0,0
19.9792,1,2.89226,1.60632,4.86517,-0.00834334,0.00903498,0.00354075,0.0281559,0,0,0
19.9792,2,-1.41423,7.97154,1.31411,1.71184e-05,-1.86703e-05,3.25033e-06,2.40568,0,0,0
19.9792,3,0,0,0,0,0,0,0,0,0,0
19.9792,4,0,0,0,0,0,0,0,0,0,0
19.9792,5,0,0,0,0,0,0,0,0,0,0
20.0294,0,-2.64821,0.839055,5.11313,0.0115397,0.0185895,0.00523792,0.0455282,0,0,0
20.0294,1,2.89181,1.60681,4.86552,-0.00814205,0.00881926,0.00335909,0.0281559,0,0,0
20.0294,2,-1.41423,7.97154,1.31411,1.70144e-05,-1.85681e-05,3.24268e-06,2.40568,0,0,0
20.0294,3,0,0,0,0,0,0,0,0,0,0
20.0294,4,0,0,0,0,0,0,0,0,0,0
20.0294,5,0,0,0,0,0,0,0,0,0,0
20.0856,0,-2.64763,0.839983,5.11344,0.0111036,0.0179218,0.00509355,0.0432681,0,0,0
20.0856,1,2.89138,1.60728,4.86569,-0.007854,0.00852204,0.00334131,0.0265267,0,0,0
20.0856,2,-1.41423,7.97154,1.31411,1.69142e-05,-1.84612e-05,3.22692e-06,2.40568,0,0,0
20.0856,3,0,0,0,0,0,0,0,0,0,0
20.0856,4,0,0,0,0,0,0,0,0,0,0
20.0856,5,0,0,0,0,0,0,0,0,0,0
20.1413,0,-2.64698,0.841045,5.11372,0.0109764,0.0178202,0.00498449,0.0432681,0,0,0
20.1413,1,2.89095,1.60775,4.86586,-0.00759409,0.00824001,0.00322872,0.0265267,0,0,0
20.1413,2,-1.41423,7.97154,1.31411,1.66497e-05,-1.81787e-05,3.21155e-06,2.40568,0,0,0
20.1413,3,0,0,0,0,0,0,0,0,0,0
20.1413,4,0,0,0,0,0,0,0,0,0,0
20.1413,5,0,0,0,0,0,0,0,0,0,0
20.1917,0,-2.64644,0.841915,5.11393,0.0105204,0.0171026,0.00485177,0.0432681,0,0,0
20.1917,1,2.89061,1.60811,4.86605,-0.00712057,0.00773753,0.00314889,0.0252095,0,0,0
20.1917,2,-1.41423,7.97154,1.31411,1.65714e-05,-1.80858e-05,3.19229e-06,2.40568,0,0,0
20.1917,3,0,0,0,0,0,0,0,0,0,0
20.1917,4,0,0,0,0,0,0,0,0,0,0
20.1917,5,0,0,0,0,0,0,0,0,0,0
20.2474,0,-2.64587,0.842814,5.11416,0.0101492,0.0164151,0.00471597,0.0409517,0,0,0
20.2474,1,2.89004,1.60873,4.8662,-0.00755209,0.00816499,0.00308106,0.0252095,0,0,0
20.2474,2,-1.41423,7.97153,1.31411,1.63254e-05,-1.78202e-05,3.16778e-06,2.40568,0,0,0
20.2474,3,0,0,0,0,0,0,0,0,0,0
20.2474,4,0,0,0,0,0,0,0,0,0,0
20.2474,5,0,0,0,0,0,0,0,0,0,0
20.3001,0,-2.64529,0.84377,5.11442,0.0098217,0.0160285,0.00463026,0.0387156,0,0,0
20.3001,1,2.88964,1.60916,4.86632,-0.00734241,0.00794972,0.00307492,0.0238399,0,0,0
20.3001,2,-1.41422,7.97153,1.31411,1.62097e-05,-1.77096e-05,3.13459e-06,2.40568,0,0,0
20.3001,3,0,0,0,0,0,0,0,0,0,0
20.3001,4,0,0,0,0,0,0,0,0,0,0
20.3001,5,0,0,0,0,0,0,0,0,0,0
20.3504,0,-2.64474,0.844622,5.11466,0.00937086,0.015204,0.00453409,0.0387156,0,0,0
20.3504,1,2.88925,1.60959,4.86644,-0.00698152,0.00756984,0.00302384,0.0238399,0,0,0
20.3504,2,-1.41422,7.97153,1.31411,1.49039e-05,-1.63008e-05,3.11478e-06,2.40568,0,0,0
20.3504,3,0,0,0,0,0,0,0,0,0,0
20.3504,4,0,0,0,0,0,0,0,0,0,0
20.3504,5,0,0,0,0,0,0,0,0,0,0
20.4019,0,-2.64424,0.845418,5.11489,0.00903917,0.014669,0.00442171,0.0367113,0,0,0
20.4019,1,2.88895,1.60992,4.86662,-0.00653749,0.00708847,0.00298697,0.0226717,0,0,0
20.4019,2,-1.41422,7.97153,1.31411,1.49039e-05,-1.63008e-05,3.11478e-06,2.40568,0,0,0
20.4019,3,0,0,0,0,0,0,0,0,0,0
20.4019,4,0,0,0,0,0,0,0,0,0,0
20.4019,5,0,0,0,0,0,0,0,0,0,0
20.4522,0,-2.64379,0.846164,5.11508,0.00863317,0.0140696,0.00432253,0.0367113,0,0,0
20.4522,1,2.88858,1.61032,4.86678,-0.00642348,0.00696641,0.00293552,0.0226717,0,0,0
20.4522,2,-1.41422,7.97153,1.31412,1.6051e-05,-1.74773e-05,3.06731e-06,2.40568,0,0,0
20.4522,3,0,0,0,0,0,0,0,0,0,0
20.4522,4,0,0,0,0,0,0,0,0,0,0
20.4522,5,0,0,0,0,0,0,0,0,0,0
20.5023,0,-2.64329,0.846944,5.11532,0.0084297,0.0136824,0.00423042,0.0348597,0,0,0
20.5023,1,2.88821,1.61071,4.86696,-0.00630204,0.00683967,0.00286743,0.0216207,0,0,0
20.5023,2,-1.41422,7.97153,1.31412,1.59211e-05,-1.73518e-05,3.07449e-06,2.40568,0,0,0
20.5023,3,0,0,0,0,0,0,0,0,0,0
20.5023,4,0,0,0,0,0,0,0,0,0,0
20.5023,5,0,0,0,0,0,0,0,0,0,0
20.5599,0,-2.64285,0.84766,5.11553,0.00807893,0.0131581,0.00415229,0.0348597,0,0,0
20.5599,1,2.88779,1.61117,4.86713,-0.00645381,0.00698069,0.0027464,0.0216207,0,0,0
20.5599,2,-1.41422,7.97153,1.31412,1.57961e-05,-1.72202e-05,3.03334e-06,2.40568,0,0,0
20.5599,3,0,0,0,0,0,0,0,0,0,0
20.5599,4,0,0,0,0,0,0,0,0,0,0
20.5599,5,0,0,0,0,0,0,0,0,0,0
20.6152,0,-2.64236,0.84841,5.11572,0.00792251,0.0128389,0.00405918,0.0330846,0,0,0
20.6152,1,2.88744,1.61155,4.86727,-0.00621282,0.00672636,0.00268161,0.0204106,0,0,0
20.6152,2,-1.41422,7.97153,1.31412,1.59386e-05,-1.73764e-05,3.01635e-06,2.40568,0,0,0
20.6152,3,0,0,0,0,0,0,0,0,0,0
20.6152,4,0,0,0,0,0,0,0,0,0,0
20.6152,5,0,0,0,0,0,0,0,0,0,0
20.6707,0,-2.64193,0.849101,5.11594,0.00764794,0.0124123,0.00397098,0.0330846,0,0,0
20.6707,1,2.88712,1.61193,4.86738,-0.00595943,0.0062856,0.00266083,0.0204106,0,0,0
20.6707,2,-1.41422,7.97153,1.31412,1.56085e-05,-1.70223e-05,3.00975e-06,2.40568,0,0,0
20.6707,3,0,0,0,0,0,0,0,0,0,0
20.6707,4,0,0,0,0,0,0,0,0,0,0
20.6707,5,0,0,0,0,0,0,0,0,0,0
20.7218,0,-2.64148,0.849811,5.11615,0.00748917,0.0121117,0.00388217,0.0313744,0,0,0
20.7218,1,2.88678,1.61228,4.86747,-0.00573341,0.00599172,0.00261764,0.0193843,0,0,0
20.7218,2,-1.41422,7.97153,1.31412,1.54589e-05,-1.6861e-05,2.99892e-06,2.40568,0,0,0
20.7218,3,0,0,0,0,0,0,0,0,0,0
20.7218,4,0,0,0,0,0,0,0,0,0,0
20.7218,5,0,0,0,0,0,0,0,0,0,0
20.7774,0,-2.64104,0.850498,5.11633,0.00730662,0.0117965,0.00378975,0.0313744,0,0,0
20.7774,1,2.88639,1.61269,4.86761,-0.00573811,0.00600014,0.00257455,0.0193843,0,0,0
20.7774,2,-1.41422,7.97153,1.31412,1.53147e-05,-1.66954e-05,3.00633e-06,2.40568,0,0,0
20.7774,3,0,0,0,0,0,0,0,0,0,0
20.7774,4,0,0,0,0,0,0,0,0,0,0
20.7774,5,0,0,0,0,0,0,0,0,0,0
20.8311,0,-2.64064,0.851098,5.11649,0.0069956,0.0111294,0.00369829,0.0298049,0,0,0
20.8311,1,2.88607,1.61303,4.86776,-0.00559696,0.00587895,0.00253892,0.0183246,0,0,0
20.8311,2,-1.41422,7.97153,1.31412,1.49235e-05,-1.62504e-05,2.98495e-06,2.40568,0,0,0
20.8311,3,0,0,0,0,0,0,0,0,0,0
20.8311,4,0,0,0,0,0,0,0,0,0,0
20.8311,5,0,0,0,0,0,0,0,0,0,0
20.8848,0,-2.64021,0.851772,5.11666,0.0069115,0.0109679,0.00361318,0.0298049,0,0,0
20.8848,1,2.88571,1.61342,4.8679,-0.00555701,0.00585282,0.00249077,0.0172987,0,0,0
20.8848,2,-1.41422,7.97152,1.31412,1.4661e-05,-1.60114e-05,2.97658e-06,2.40568,0,0,0
20.8848,3,0,0,0,0,0,0,0,0,0,0
20.8848,4,0,0,0,0,0,0,0,0,0,0
20.8848,5,0,0,0,0,0,0,0,0,0,0
20.9355,0,-2.63978,0.852487,5.1169,0.00676995,0.0108754,0.00354013,0.0281215,0,0,0
20.9355,1,2.88541,1.61374,4.86804,-0.00532599,0.00564065,0.0023918,0.0172987,0,0,0
20.9355,2,-1.41422,7.97152,1.31412,1.45819e-05,-1.59271e-05,2.96986e-06,2.40568,0,0,0
20.9355,3,0,0,0,0,0,0,0,0,0,0
20.9355,4,0,0,0,0,0,0,0,0,0,0
20.9355,5,0,0,0,0,0,0,0,0,0,0
20.9872,0,-2.63937,0.853128,5.11709,0.00666849,0.0106777,0.00347621,0.0281215,0,0,0
20.9872,1,2.88519,1.61399,4.86817,-0.00495731,0.00527538,0.00232974,0.0164837,0,0,0
20.9872,2,-1.41422,7.97152,1.31412,1.47698e-05,-1.61134e-05,2.95636e-06,2.40568,0,0,0
20.9872,3,0,0,0,0,0,0,0,0,0,0
20.9872,4,0,0,0,0,0,0,0,0,0,0
20.9872,5,0,0,0,0,0,0,0,0,0,0
21.0402,0,-2.63896,0.853758,5.11725,0.00649734,0.0103698,0.00338227,0.0265755,0,0,0
21.0402,1,2.88485,1.61435,4.86828,-0.00505161,0.00538768,0.00228025,0.0164837,0,0,0
21.0402,2,-1.41421,7.97152,1.31412,1.40959e-05,-1.5398e-05,2.94208e-06,2.40568,0,0,0
21.0402,3,0,0,0,0,0,0,0,0,0,0
21.0402,4,0,0,0,0,0,0,0,0,0,0
21.0402,5,0,0,0,0,0,0,0,0,0,0
21.0905,0,-2.63853,0.854461,5.11744,0.00653118,0.0104882,0.00327923,0.0265755,0,0,0
21.0905,1,2.88458,1.61464,4.8684,-0.00483214,0.00518105,0.00221901,0.0155819,0,0,0
21.0905,2,-1.41421,7.97152,1.31412,1.46239e-05,-1.59266e-05,2.93224e-06,2.40568,0,0,0
21.0905,3,0,0,0,0,0,0,0,0,0,0
21.0905,4,0,0,0,0,0,0,0,0,0,0
21.0905,5,0,0,0,0,0,0,0,0,0,0
21.1407,0,-2.63813,0.855074,5.11761,0.00645413,0.0103045,0.00319733,0.0257283,0,0,0
21.1407,1,2.88427,1.61498,4.86852,-0.00477144,0.00512876,0.00216568,0.0155819,0,0,0
21.1407,2,-1.41421,7.97152,1.31412,1.4494e-05,-1.57953e-05,2.9235e-06,2.40568,0,0,0
21.1407,3,0,0,0,0,0,0,0,0,0,0
21.1407,4,0,0,0,0,0,0,0,0,0,0
21.1407,5,0,0,0,0,0,0,0,0,0,0
21.1908,0,-2.63777,0.855645,5.11777,0.00626696,0.0100158,0.00312297,0.0257283,0,0,0
21.1908,1,2.88408,1.61521,4.86864,-0.00422472,0.00475944,0.00211401,0.0155819,0,0,0
21.1908,2,-1.41421,7.97152,1.31412,1.36941e-05,-1.49607e-05,2.90458e-06,2.40568,0,0,0
21.1908,3,0,0,0,0,0,0,0,0,0,0
21.1908,4,0,0,0,0,0,0,0,0,0,0
21.1908,5,0,0,0,0,0,0,0,0,0,0
21.2436,0,-2.63743,0.856188,5.11794,0.00603747,0.00968831,0.0030464,0.0242904,0,0,0
21.2436,1,2.88378,1.61552,4.86874,-0.00433884,0.00482146,0.00206711,0.0147919,0,0,0
21.2436,2,-1.41421,7.97152,1.31412,1.42415e-05,-1.55041e-05,2.87827e-06,2.40568,0,0,0
21.2436,3,0,0,0,0,0,0,0,0,0,0
21.2436,4,0,0,0,0,0,0,0,0,0,0
21.2436,5,0,0,0,0,0,0,0,0,0,0
21.2937,0,-2.63705,0.85677,5.11807,0.00598884,0.00954476,0.00297364,0.0242904,0,0,0
21.2937,1,2.88354,1.61578,4.86874,-0.00421941,0.00466195,0.00210092,0.0140384,0,0,0
21.2937,2,-1.41421,7.97152,1.31412,1.41369e-05,-1.54048e-05,2.86928e-06,2.40568,0,0,0
21.2937,3,0,0,0,0,0,0,0,0,0,0
21.2937,4,0,0,0,0,0,0,0,0,0,0
21.2937,5,0,0,0,0,0,0,0,0,0,0
21.3499,0,-2.63671,0.857308,5.11822,0.00583936,0.00930367,0.00291292,0.0229281,0,0,0
21.3499,1,2.8833,1.61603,4.86886,-0.00410135,0.00450784,0.00206052,0.0140384,0,0,0
21.3499,2,-1.41421,7.97152,1.31412,1.37145e-05,-1.50581e-05,2.85588e-06,2.40568,0,0,0
21.3499,3,0,0,0,0,0,0,0,0,0,0
21.3499,4,0,0,0,0,0,0,0,0,0,0
21.3499,5,0,0,0,0,0,0,0,0,0,0
21.4001,0,-2.63642,0.857751,5.11835,0.00549627,0.0086914,0.00285686,0.0229281,0,0,0
21.4001,1,2.88308,1.61627,4.86897,-0.00398038,0.00436252,0.00205943,0.0133342,0,0,0
21.4001,2,-1.41421,7.97152,1.31412,1.41074e-05,-1.56579e-05,2.82968e-06,2.40568,0,0,0
21.4001,3,0,0,0,0,0,0,0,0,0,0
21.4001,4,0,0,0,0,0,0,0,0,0,0
21.4001,5,0,0,0,0,0,0,0,0,0,0
21.4529,0,-2.63608,0.858248,5.11851,0.00542438,0.00843918,0.00279423,0.0211088,0,0,0
21.4529,1,2.88286,1.61651,4.86917,-0.00386366,0.00421878,0.00196238,0.0133342,0,0,0
21.4529,2,-1.41421,7.97152,1.31412,1.25217e-05,-1.40014e-05,2.8226e-06,2.40568,0,0,0
21.4529,3,0,0,0,0,0,0,0,0,0,0
21.4529,4,0,0,0,0,0,0,0,0,0,0
21.4529,5,0,0,0,0,0,0,0,0,0,0
21.5031,0,-2.63576,0.858716,5.11861,0.00535512,0.00814757,0.00271997,0.0211088,0,0,0
21.5031,1,2.88265,1.61674,4.86927,-0.00374703,0.00408187,0.00191683,0.0133342,0,0,0
21.5031,2,-1.41421,7.97151,1.31412,1.23488e-05,-1.38689e-05,2.80473e-06,2.40568,0,0,0
21.5031,3,0,0,0,0,0,0,0,0,0,0
21.5031,4,0,0,0,0,0,0,0,0,0,0
21.5031,5,0,0,0,0,0,0,0,0,0,0
21.5583,0,-2.63553,0.859232,5.11877,0.004933,0.00812386,0.00267459,0.0199599,0,0,0
21.5583,1,2.88244,1.61696,4.86935,-0.00359031,0.00390173,0.00183578,0.0126308,0,0,0
21.5583,2,-1.41421,7.97151,1.31412,1.37121e-05,-1.52019e-05,2.79118e-06,2.40568,0,0,0
21.5583,3,0,0,0,0,0,0,0,0,0,0
21.5583,4,0,0,0,0,0,0,0,0,0,0
21.5583,5,0,0,0,0,0,0,0,0,0,0
21.6186,0,-2.63515,0.859761,5.11894,0.00513402,0.00811571,0.00261612,0.0199599,0,0,0
21.6186,1,2.8822,1.61722,4.86944,-0.00363976,0.00393759,0.00177664,0.0119646,0,0,0
21.6186,2,-1.41421,7.97151,1.31412,1.36368e-05,-1.50946e-05,2.78032e-06,2.40568,0,0,0
21.6186,3,0,0,0,0,0,0,0,0,0,0
21.6186,4,0,0,0,0,0,0,0,0,0,0
21.6186,5,0,0,0,0,0,0,0,0,0,0
21.6689,0,-2.63483,0.860286,5.11906,0.00506876,0.00813017,0.00254334,0.0186658,0,0,0
21.6689,1,2.88204,1.61739,4.86954,-0.00332325,0.00359854,0.00176957,0.0119646,0,0,0
21.6689,2,-1.41421,7.97151,1.31412,1.35639e-05,-1.50047e-05,2.76904e-06,2.40568,0,0,0
21.6689,3,0,0,0,0,0,0,0,0,0,0
21.6689,4,0,0,0,0,0,0,0,0,0,0
21.6689,5,0,0,0,0,0,0,0,0,0,0
21.72,0,-2.63454,0.860712,5.1192,0.00495707,0.00782086,0.00246633,0.0186658,0,0,0
21.72,1,2.88185,1.6176,4.86962,-0.00319502,0.00345449,0.00169192,0.0114271,0,0,0
21.72,2,-1.41421,7.97151,1.31412,1.37401e-05,-1.5167e-05,2.78966e-06,2.40568,0,0,0
21.72,3,0,0,0,0,0,0,0,0,0,0
21.72,4,0,0,0,0,0,0,0,0,0,0
21.72,5,0,0,0,0,0,0,0,0,0,0
21.7737,0,-2.63426,0.861198,5.11933,0.00484471,0.00778351,0.00240086,0.017561,0,0,0
21.7737,1,2.88163,1.61784,4.86971,-0.00325205,0.00350462,0.00165175,0.0114271,0,0,0
21.7737,2,-1.41421,7.97151,1.31412,1.20774e-05,-1.34041e-05,2.78193e-06,2.40568,0,0,0
21.7737,3,0,0,0,0,0,0,0,0,0,0
21.7737,4,0,0,0,0,0,0,0,0,0,0
21.7737,5,0,0,0,0,0,0,0,0,0,0
21.8289,0,-2.63398,0.86161,5.11944,0.00475469,0.00750115,0.0023384,0.017561,0,0,0
21.8289,1,2.88149,1.618,4.8697,-0.00300969,0.00324721,0.00168038,0.0109167,0,0,0
21.8289,2,-1.4142,7.97151,1.31412,1.17246e-05,-1.29646e-05,2.77512e-06,2.40568,0,0,0
21.8289,3,0,0,0,0,0,0,0,0,0,0
21.8289,4,0,0,0,0,0,0,0,0,0,0
21.8289,5,0,0,0,0,0,0,0,0,0,0
21.8791,0,-2.63376,0.861988,5.11958,0.00446111,0.00715773,0.00228916,0.0165938,0,0,0
21.8791,1,2.88135,1.61815,4.86987,-0.00272908,0.00294667,0.00159143,0.0109167,0,0,0
21.8791,2,-1.4142,7.97151,1.31412,1.34516e-05,-1.47298e-05,2.76133e-06,2.40568,0,0,0
21.8791,3,0,0,0,0,0,0,0,0,0,0
21.8791,4,0,0,0,0,0,0,0,0,0,0
21.8791,5,0,0,0,0,0,0,0,0,0,0
21.9293,0,-2.63352,0.862318,5.11969,0.0042369,0.00662161,0.00223026,0.0165938,0,0,0
21.9293,1,2.88122,1.61829,4.86996,-0.00253141,0.00274346,0.0015898,0.0104447,0,0,0
21.9293,2,-1.4142,7.97151,1.31412,1.25901e-05,-1.38397e-05,2.75784e-06,2.40568,0,0,0
21.9293,3,0,0,0,0,0,0,0,0,0,0
21.9293,4,0,0,0,0,0,0,0,0,0,0
21.9293,5,0,0,0,0,0,0,0,0,0,0
21.9795,0,-2.63319,0.862805,5.1198,0.00442574,0.00680293,0.0021609,0.0155809,0,0,0
21.9795,1,2.88097,1.61855,4.87002,-0.00272563,0.00292922,0.00155945,0.0104447,0,0,0
21.9795,2,-1.4142,7.97151,1.31412,1.35148e-05,-1.47975e-05,2.72953e-06,2.40568,0,0,0
21.9795,3,0,0,0,0,0,0,0,0,0,0
21.9795,4,0,0,0,0,0,0,0,0,0,0
21.9795,5,0,0,0,0,0,0,0,0,0,0
22.0349,0,-2.63294,0.863291,5.11991,0.00429803,0.00698785,0.00210867,0.0155809,0,0,0
22.0349,1,2.88081,1.61872,4.8701,-0.00262213,0.0028218,0.00149781,0.00986127,0,0,0
22.0349,2,-1.4142,7.97151,1.31412,1.32637e-05,-1.4543e-05,2.68341e-06,2.40568,0,0,0
22.0349,3,0,0,0,0,0,0,0,0,0,0
22.0349,4,0,0,0,0,0,0,0,0,0,0
22.0349,5,0,0,0,0,0,0,0,0,0,0
22.0889,0,-2.63265,0.863697,5.12001,0.00426188,0.00670798,0.00203836,0.0145301,0,0,0
22.0889,1,2.8806,1.61896,4.87019,-0.00274422,0.00290604,0.00145857,0.00986127,0,0,0
22.0889,2,-1.4142,7.97151,1.31412,1.3172e-05,-1.44855e-05,2.63932e-06,2.40568,0,0,0
22.0889,3,0,0,0,0,0,0,0,0,0,0
22.0889,4,0,0,0,0,0,0,0,0,0,0
22.0889,5,0,0,0,0,0,0,0,0,0,0
22.1469,0,-2.6324,0.864142,5.12012,0.00411171,0.00669116,0.00198566,0.0145301,0,0,0
22.1469,1,2.8805,1.61906,4.87019,-0.00238767,0.00253771,0.00148882,0.00942155,0,0,0
22.1469,2,-1.4142,7.97151,1.31412,1.35077e-05,-1.47825e-05,2.61057e-06,2.40568,0,0,0
22.1469,3,0,0,0,0,0,0,0,0,0,0
22.1469,4,0,0,0,0,0,0,0,0,0,0
22.1469,5,0,0,0,0,0,0,0,0,0,0
22.2023,0,-2.63218,0.864442,5.12019,0.00396296,0.00626022,0.0019305,0.0136471,0,0,0
22.2023,1,2.8803,1.61928,4.87026,-0.00256398,0.00272082,0.00145801,0.00942155,0,0,0
22.2023,2,-1.4142,7.9715,1.31412,1.34358e-05,-1.47335e-05,2.59234e-06,2.40568,0,0,0
22.2023,3,0,0,0,0,0,0,0,0,0,0
22.2023,4,0,0,0,0,0,0,0,0,0,0
22.2023,5,0,0,0,0,0,0,0,0,0,0
22.2601,0,-2.63194,0.864851,5.1203,0.0039253,0.00627814,0.0018865,0.0136471,0,0,0
22.2601,1,2.88015,1.61943,4.87035,-0.00243729,0.00260203,0.00144477,0.0088999,0,0,0
22.2601,2,-1.4142,7.9715,1.31412,1.32811e-05,-1.45474e-05,2.59144e-06,2.40568,0,0,0
22.2601,3,0,0,0,0,0,0,0,0,0,0
22.2601,4,0,0,0,0,0,0,0,0,0,0
22.2601,5,0,0,0,0,0,0,0,0,0,0
22.3129,0,-2.63169,0.865245,5.12039,0.003834,0.00618721,0.00185914,0.0131596,0,0,0
22.3129,1,2.88002,1.61958,4.87042,-0.00229403,0.00246036,0.0014239,0.0088999,0,0,0
22.3129,2,-1.4142,7.9715,1.31412,1.31322e-05,-1.43457e-05,2.57799e-06,2.40568,0,0,0
22.3129,3,0,0,0,0,0,0,0,0,0,0
22.3129,4,0,0,0,0,0,0,0,0,0,0
22.3129,5,0,0,0,0,0,0,0,0,0,0
22.3656,0,-2.63145,0.865612,5.1205,0.00377703,0.00602373,0.00181622,0.0131596,0,0,0
22.3656,1,2.87991,1.6197,4.87054,-0.00213117,0.00229692,0.0013788,0.00848509,0,0,0
22.3656,2,-1.4142,7.9715,1.31412,1.27212e-05,-1.39156e-05,2.53216e-06,2.40568,0,0,0
22.3656,3,0,0,0,0,0,0,0,0,0,0
22.3656,4,0,0,0,0,0,0,0,0,0,0
22.3656,5,0,0,0,0,0,0,0,0,0,0
22.4185,0,-2.63127,0.865917,5.1206,0.00358141,0.0057556,0.00177384,0.012248,0,0,0
22.4185,1,2.87973,1.6199,4.87062,-0.00222672,0.00239778,0.00132774,0.00848509,0,0,0
22.4185,2,-1.4142,7.9715,1.31412,1.31565e-05,-1.44697e-05,2.50648e-06,2.40568,0,0,0
22.4185,3,0,0,0,0,0,0,0,0,0,0
22.4185,4,0,0,0,0,0,0,0,0,0,0
22.4185,5,0,0,0,0,0,0,0,0,0,0
22.4749,0,-2.63105,0.866255,5.12069,0.00349723,0.00557612,0.0017285,0.012248,0,0,0
22.4749,1,2.87962,1.62001,4.8707,-0.00205415,0.00222212,0.00125513,0.00805028,0,0,0
22.4749,2,-1.4142,7.9715,1.31412,1.20518e-05,-1.328e-05,2.47261e-06,2.40568,0,0,0
22.4749,3,0,0,0,0,0,0,0,0,0,0
22.4749,4,0,0,0,0,0,0,0,0,0,0
22.4749,5,0,0,0,0,0,0,0,0,0,0
22.5251,0,-2.63085,0.866591,5.12078,0.00339894,0.00549683,0.00168402,0.0114722,0,0,0
22.5251,1,2.8795,1.62015,4.87077,-0.00197555,0.00214041,0.00120226,0.00805028,0,0,0
22.5251,2,-1.4142,7.9715,1.31412,1.2377e-05,-1.35429e-05,2.48677e-06,2.40568,0,0,0
22.5251,3,0,0,0,0,0,0,0,0,0,0
22.5251,4,0,0,0,0,0,0,0,0,0,0
22.5251,5,0,0,0,0,0,0,0,0,0,0
22.5765,0,-2.63047,0.86715,5.12086,0.00314787,0.00497268,0.00164051,0.0114722,0,0,0
22.5765,1,2.87935,1.6203,4.87083,-0.00202072,0.00218724,0.00116375,0.00764457,0,0,0
22.5765,2,-1.41419,7.9715,1.31412,1.22779e-05,-1.34682e-05,2.4473e-06,2.40568,0,0,0
22.5765,3,0,0,0,0,0,0,0,0,0,0
22.5765,4,0,0,0,0,0,0,0,0,0,0
22.5765,5,0,0,0,0,0,0,0,0,0,0
22.6318,0,-2.63032,0.867429,5.12093,0.00296954,0.00480112,0.00160267,0.0104259,0,0,0
22.6318,1,2.87924,1.62043,4.87088,-0.00193468,0.00209833,0.0011302,0.00764457,0,0,0
22.6318,2,-1.41419,7.9715,1.31412,1.26007e-05,-1.3773e-05,2.45381e-06,2.40568,0,0,0
22.6318,3,0,0,0,0,0,0,0,0,0,0
22.6318,4,0,0,0,0,0,0,0,0,0,0
22.6318,5,0,0,0,0,0,0,0,0,0,0
22.6853,0,-2.63029,0.867453,5.12101,0.00308862,0.00488089,0.00157055,0.0104259,0,0,0
22.6853,1,2.87913,1.62054,4.87093,-0.00178038,0.0019431,0.00110983,0.00731869,0,0,0
22.6853,2,-1.41419,7.9715,1.31412,1.17374e-05,-1.2836e-05,2.43171e-06,2.40568,0,0,0
22.6853,3,0,0,0,0,0,0,0,0,0,0
22.6853,4,0,0,0,0,0,0,0,0,0,0
22.6853,5,0,0,0,0,0,0,0,0,0,0
22.738,0,-2.63013,0.867731,5.1211,0.00293323,0.004748,0.0015402,0.0100393,0,0,0
22.738,1,2.87901,1.62068,4.87099,-0.00179463,0.0019524,0.00112835,0.00731869,0,0,0
22.738,2,-1.41419,7.9715,1.31412,1.16257e-05,-1.27392e-05,2.45675e-06,2.40568,0,0,0
22.738,3,0,0,0,0,0,0,0,0,0,0
22.738,4,0,0,0,0,0,0,0,0,0,0
22.738,5,0,0,0,0,0,0,0,0,0,0
22.7957,0,-2.62983,0.868186,5.12117,0.00264174,0.00421485,0.00150692,0.0100393,0,0,0
22.7957,1,2.87887,1.62082,4.87105,-0.00181652,0.00197558,0.00111409,0.0069335,0,0,0
22.7957,2,-1.41419,7.9715,1.31412,1.19477e-05,-1.30531e-05,2.46318e-06,2.40568,0,0,0
22.7957,3,0,0,0,0,0,0,0,0,0,0
22.7957,4,0,0,0,0,0,0,0,0,0,0
22.7957,5,0,0,0,0,0,0,0,0,0,0
22.8538,0,-2.62965,0.868463,5.12125,0.00259772,0.00411534,0.00146958,0.00919114,0,0,0
22.8538,1,2.87879,1.62092,4.87111,-0.00168793,0.00184093,0.00106606,0.0069335,0,0,0
22.8538,2,-1.41419,7.9715,1.31412,1.23332e-05,-1.34415e-05,2.4521e-06,2.40568,0,0,0
22.8538,3,0,0,0,0,0,0,0,0,0,0
22.8538,4,0,0,0,0,0,0,0,0,0,0
22.8538,5,0,0,0,0,0,0,0,0,0,0
22.9067,0,-2.6295,0.868724,5.12132,0.00251397,0.00403867,0.00143087,0.00919114,0,0,0
22.9067,1,2.87868,1.62104,4.87117,-0.00163711,0.00180628,0.00105197,0.00663011,0,0,0
22.9067,2,-1.41419,7.9715,1.31412,1.1773e-05,-1.28826e-05,2.44771e-06,2.40568,0,0,0
22.9067,3,0,0,0,0,0,0,0,0,0,0
22.9067,4,0,0,0,0,0,0,0,0,0,0
22.9067,5,0,0,0,0,0,0,0,0,0,0
22.9578,0,-2.62935,0.868961,5.1214,0.00243715,0.00390589,0.0013943,0.00855307,0,0,0
22.9578,1,2.87855,1.62117,4.87121,-0.00169397,0.00185264,0.00104819,0.00663011,0,0,0
22.9578,2,-1.41419,7.9715,1.31412,1.2035e-05,-1.31378e-05,2.43859e-06,2.40568,0,0,0
22.9578,3,0,0,0,0,0,0,0,0,0,0
22.9578,4,0,0,0,0,0,0,0,0,0,0
22.9578,5,0,0,0,0,0,0,0,0,0,0
23.008,0,-2.6292,0.869188,5.12146,0.00235192,0.00376507,0.00136614,0.00855307,0,0,0
23.008,1,2.87847,1.62127,4.87127,-0.00157168,0.0017257,0.00100246,0.00631413,0,0,0
23.008,2,-1.41419,7.97149,1.31412,1.19072e-05,-1.29995e-05,2.43011e-06,2.40568,0,0,0
23.008,3,0,0,0,0,0,0,0,0,0,0
23.008,4,0,0,0,0,0,0,0,0,0,0
23.008,5,0,0,0,0,0,0,0,0,0,0
23.0634,0,-2.62909,0.869393,5.12152,0.00216275,0.0035395,0.00133074,0.00799828,0,0,0
23.0634,1,2.8784,1.62134,4.87132,-0.00143942,0.00158465,0.000984193,0.00631413,0,0,0
23.0634,2,-1.41419,7.97149,1.31412,1.15789e-05,-1.26352e-05,2.41565e-06,2.40568,0,0,0
23.0634,3,0,0,0,0,0,0,0,0,0,0
23.0634,4,0,0,0,0,0,0,0,0,0,0
23.0634,5,0,0,0,0,0,0,0,0,0,0
23.1161,0,-2.62903,0.869449,5.1216,0.00235694,0.0037339,0.00129833,0.00765621,0,0,0
23.1161,1,2.87829,1.62146,4.87132,-0.00141047,0.00155238,0.000999102,0.00607902,0,0,0
23.1161,2,-1.41419,7.97149,1.31412,1.14088e-05,-1.2454e-05,2.39569e-06,2.40568,0,0,0
23.1161,3,0,0,0,0,0,0,0,0,0,0
23.1161,4,0,0,0,0,0,0,0,0,0,0
23.1161,5,0,0,0,0,0,0,0,0,0,0
23.1664,0,-2.62892,0.869688,5.12167,0.00215697,0.00365554,0.0012719,0.00765621,0,0,0
23.1664,1,2.87816,1.6216,4.87137,-0.00148744,0.00161818,0.000974845,0.00607902,0,0,0
23.1664,2,-1.41419,7.97149,1.31412,1.14048e-05,-1.24488e-05,2.38868e-06,2.40568,0,0,0
23.1664,3,0,0,0,0,0,0,0,0,0,0
23.1664,4,0,0,0,0,0,0,0,0,0,0
23.1664,5,0,0,0,0,0,0,0,0,0,0
23.2232,0,-2.62877,0.869863,5.12175,0.00216604,0.0034053,0.00123252,0.00715377,0,0,0
23.2232,1,2.87809,1.62168,4.87142,-0.00138097,0.00151297,0.000971198,0.00577654,0,0,0
23.2232,2,-1.41419,7.97149,1.31412,1.14081e-05,-1.2453e-05,2.38171e-06,2.40568,0,0,0
23.2232,3,0,0,0,0,0,0,0,0,0,0
23.2232,4,0,0,0,0,0,0,0,0,0,0
23.2232,5,0,0,0,0,0,0,0,0,0,0
23.2733,0,-2.62865,0.870066,5.12181,0.00205702,0.0033051,0.0012,0.00715377,0,0,0
23.2733,1,2.87792,1.62185,4.87152,-0.00160635,0.00170682,0.000923338,0.00577654,0,0,0
23.2733,2,-1.41419,7.97149,1.31412,1.18738e-05,-1.29335e-05,2.37388e-06,2.40568,0,0,0
23.2733,3,0,0,0,0,0,0,0,0,0,0
23.2733,4,0,0,0,0,0,0,0,0,0,0
23.2733,5,0,0,0,0,0,0,0,0,0,0
23.3235,0,-2.62843,0.870393,5.12186,0.00181824,0.0028618,0.00116626,0.00654789,0,0,0
23.3235,1,2.87788,1.6219,4.87156,-0.00137519,0.00148211,0.00090439,0.00552661,0,0,0
23.3235,2,-1.41419,7.97149,1.31412,1.13613e-05,-1.24137e-05,2.36943e-06,2.40568,0,0,0
23.3235,3,0,0,0,0,0,0,0,0,0,0
23.3235,4,0,0,0,0,0,0,0,0,0,0
23.3235,5,0,0,0,0,0,0,0,0,0,0
23.3737,0,-2.62831,0.870585,5.1219,0.00178923,0.00279872,0.00113669,0.00654789,0,0,0
23.3737,1,2.87778,1.62201,4.87157,-0.00141289,0.00152204,0.000897881,0.00552661,0,0,0
23.3737,2,-1.41419,7.97149,1.31412,1.13902e-05,-1.24431e-05,2.36217e-06,2.40568,0,0,0
23.3737,3,0,0,0,0,0,0,0,0,0,0
23.3737,4,0,0,0,0,0,0,0,0,0,0
23.3737,5,0,0,0,0,0,0,0,0,0,0
23.4241,0,-2.62821,0.870811,5.12198,0.00168512,0.00286161,0.00111628,0.00608092,0,0,0
23.4241,1,2.87769,1.6221,4.87163,-0.00136752,0.00145236,0.000873183,0.00519993,0,0,0
23.4241,2,-1.41418,7.97149,1.31412,1.13044e-05,-1.23533e-05,2.33651e-06,2.40568,0,0,0
23.4241,3,0,0,0,0,0,0,0,0,0,0
23.4241,4,0,0,0,0,0,0,0,0,0,0
23.4241,5,0,0,0,0,0,0,0,0,0,0
23.4795,0,-2.62807,0.870961,5.12204,0.00171549,0.00267926,0.00109467,0.00608092,0,0,0
23.4795,1,2.87761,1.62219,4.87167,-0.00129438,0.0013982,0.000863159,0.00519993,0,0,0
23.4795,2,-1.41418,7.97149,1.31412,1.12325e-05,-1.22769e-05,2.32863e-06,2.40568,0,0,0
23.4795,3,0,0,0,0,0,0,0,0,0,0
23.4795,4,0,0,0,0,0,0,0,0,0,0
23.4795,5,0,0,0,0,0,0,0,0,0,0
23.5323,0,-2.62797,0.871127,5.1221,0.001655,0.00258129,0.0010632,0.00567537,0,0,0
23.5323,1,2.87751,1.62229,4.87176,-0.00131212,0.00142199,0.000813387,0.00507666,0,0,0
23.5323,2,-1.41418,7.97149,1.31412,1.173e-05,-1.28078e-05,2.28005e-06,2.40568,0,0,0
23.5323,3,0,0,0,0,0,0,0,0,0,0
23.5323,4,0,0,0,0,0,0,0,0,0,0
23.5323,5,0,0,0,0,0,0,0,0,0,0
23.584,0,-2.6279,0.871239,5.12214,0.00148592,0.00232812,0.0010463,0.00567537,0,0,0
23.584,1,2.87744,1.62238,4.87176,-0.00127831,0.00139046,0.000823405,0.00507666,0,0,0
23.584,2,-1.41418,7.97149,1.31412,1.15949e-05,-1.26591e-05,2.28629e-06,2.40568,0,0,0
23.584,3,0,0,0,0,0,0,0,0,0,0
23.584,4,0,0,0,0,0,0,0,0,0,0
23.584,5,0,0,0,0,0,0,0,0,0,0
23.6363,0,-2.6278,0.871399,5.1222,0.00141428,0.00227298,0.00101539,0.00535612,0,0,0
23.6363,1,2.87737,1.62245,4.8718,-0.00118858,0.00129889,0.000795216,0.00482718,0,0,0
23.6363,2,-1.41418,7.97149,1.31412,1.1581e-05,-1.26593e-05,2.26307e-06,2.40568,0,0,0
23.6363,3,0,0,0,0,0,0,0,0,0,0
23.6363,4,0,0,0,0,0,0,0,0,0,0
23.6363,5,0,0,0,0,0,0,0,0,0,0
23.6897,0,-2.62769,0.871566,5.12226,0.00143183,0.00224459,0.000990378,0.00535612,0,0,0
23.6897,1,2.87728,1.62254,4.87184,-0.00122408,0.00133571,0.000786671,0.00482718,0,0,0
23.6897,2,-1.41418,7.97149,1.31412,1.1581e-05,-1.26593e-05,2.26307e-06,2.40568,0,0,0
23.6897,3,0,0,0,0,0,0,0,0,0,0
23.6897,4,0,0,0,0,0,0,0,0,0,0
23.6897,5,0,0,0,0,0,0,0,0,0,0
23.7449,0,-2.62758,0.871725,5.1223,0.00142902,0.00220768,0.000966125,0.00496859,0,0,0
23.7449,1,2.87721,1.62262,4.87188,-0.0011922,0.00130377,0.000775987,0.00461217,0,0,0
23.7449,2,-1.41418,7.97148,1.31412,1.19656e-05,-1.30536e-05,2.22801e-06,2.40568,0,0,0
23.7449,3,0,0,0,0,0,0,0,0,0,0
23.7449,4,0,0,0,0,0,0,0,0,0,0
23.7449,5,0,0,0,0,0,0,0,0,0,0
23.8008,0,-2.6275,0.871855,5.12235,0.00133835,0.0020876,0.000942847,0.00496859,0,0,0
23.8008,1,2.87714,1.6227,4.87192,-0.00116231,0.00127207,0.000764964,0.00461217,0,0,0
23.8008,2,-1.41418,7.97148,1.31412,1.13958e-05,-1.24712e-05,2.21015e-06,2.40568,0,0,0
23.8008,3,0,0,0,0,0,0,0,0,0,0
23.8008,4,0,0,0,0,0,0,0,0,0,0
23.8008,5,0,0,0,0,0,0,0,0,0,0
23.852,0,-2.6274,0.872006,5.12239,0.00131758,0.00203011,0.000925514,0.00464478,0,0,0
23.852,1,2.87707,1.62277,4.87196,-0.00113292,0.00124132,0.000754173,0.00440108,0,0,0
23.852,2,-1.41418,7.97148,1.31412,1.13958e-05,-1.24712e-05,2.21015e-06,2.40568,0,0,0
23.852,3,0,0,0,0,0,0,0,0,0,0
23.852,4,0,0,0,0,0,0,0,0,0,0
23.852,5,0,0,0,0,0,0,0,0,0,0
23.9107,0,-2.62732,0.872146,5.12245,0.0012646,0.00197766,0.000904591,0.00464478,0,0,0
23.9107,1,2.877,1.62285,4.87199,-0.00110457,0.00121079,0.000739363,0.00440108,0,0,0
23.9107,2,-1.41418,7.97148,1.31412,1.0829e-05,-1.18721e-05,2.21864e-06,2.40568,0,0,0
23.9107,3,0,0,0,0,0,0,0,0,0,0
23.9107,4,0,0,0,0,0,0,0,0,0,0
23.9107,5,0,0,0,0,0,0,0,0,0,0
23.9636,0,-2.62722,0.8723,5.1225,0.00124875,0.00196469,0.000880031,0.00429686,0,0,0
23.9636,1,2.87695,1.6229,4.87203,-0.00102914,0.00113558,0.000724404,0.00420641,0,0,0
23.9636,2,-1.41418,7.97148,1.31412,1.12532e-05,-1.23037e-05,2.20578e-06,2.40568,0,0,0
23.9636,3,0,0,0,0,0,0,0,0,0,0
23.9636,4,0,0,0,0,0,0,0,0,0,0
23.9636,5,0,0,0,0,0,0,0,0,0,0
24.0138,0,-2.62713,0.872436,5.12254,0.00121582,0.00189783,0.000854963,0.00429686,0,0,0
24.0138,1,2.87687,1.62299,4.87207,-0.00103659,0.00113753,0.000711703,0.00420641,0,0,0
24.0138,2,-1.41418,7.97148,1.31412,1.12532e-05,-1.23037e-05,2.20578e-06,2.40568,0,0,0
24.0138,3,0,0,0,0,0,0,0,0,0,0
24.0138,4,0,0,0,0,0,0,0,0,0,0
24.0138,5,0,0,0,0,0,0,0,0,0,0
24.0718,0,-2.62705,0.872561,5.12259,0.00117425,0.00183484,0.000833609,0.00399583,0,0,0
24.0718,1,2.8768,1.62307,4.87211,-0.00105977,0.00115995,0.000694714,0.00401775,0,0,0
24.0718,2,-1.41418,7.97148,1.31412,1.10422e-05,-1.20825e-05,2.1934e-06,2.40568,0,0,0
24.0718,3,0,0,0,0,0,0,0,0,0,0
24.0718,4,0,0,0,0,0,0,0,0,0,0
24.0718,5,0,0,0,0,0,0,0,0,0,0
24.1264,0,-2.62697,0.872682,5.12262,0.00113654,0.00177667,0.000810759,0.00399583,0,0,0
24.1264,1,2.87675,1.62313,4.87214,-0.000987683,0.00108812,0.000681621,0.00401775,0,0,0
24.1264,2,-1.41418,7.97148,1.31412,1.09898e-05,-1.20236e-05,2.14623e-06,2.40568,0,0,0
24.1264,3,0,0,0,0,0,0,0,0,0,0
24.1264,4,0,0,0,0,0,0,0,0,0,0
24.1264,5,0,0,0,0,0,0,0,0,0,0
24.1791,0,-2.62689,0.872801,5.12267,0.00110228,0.00172297,0.000793959,0.00371874,0,0,0
24.1791,1,2.87668,1.6232,4.87218,-0.000974344,0.00106797,0.000665962,0.00383749,0,0,0
24.1791,2,-1.41418,7.97148,1.31412,1.13086e-05,-1.23457e-05,2.12175e-06,2.40568,0,0,0
24.1791,3,0,0,0,0,0,0,0,0,0,0
24.1791,4,0,0,0,0,0,0,0,0,0,0
24.1791,5,0,0,0,0,0,0,0,0,0,0
24.232,0,-2.6268,0.872918,5.12272,0.00109121,0.00165065,0.000778223,0.00371874,0,0,0
24.232,1,2.87664,1.62323,4.87222,-0.000862208,0.000948385,0.000653957,0.00383749,0,0,0
24.232,2,-1.41418,7.97148,1.31412,1.06663e-05,-1.16807e-05,2.09312e-06,2.40568,0,0,0
24.232,3,0,0,0,0,0,0,0,0,0,0
24.232,4,0,0,0,0,0,0,0,0,0,0
24.232,5,0,0,0,0,0,0,0,0,0,0
