time,uav_id,px,py,pz,vx,vy,vz,feedback,ref_x,ref_y,ref_z
5.3972e-05,0,-2.62673,0.873036,5.12275,0.00104324,0.00162146,0.000758364,8.31017,0,0,0
5.3972e-05,1,2.87657,1.62332,4.87228,-0.000937175,0.00102403,0.000616793,0.00368464,0,0,0
5.3972e-05,2,-1.41418,7.97148,1.31412,1.0479e-05,-1.14721e-05,2.06634e-06,2.40568,0,0,0
5.3972e-05,3,0,0,0,0,0,0,0,0,0,0
5.3972e-05,4,0,0,0,0,0,0,0,0,0,0
5.3972e-05,5,0,0,0,0,0,0,0,0,0,0
0.050464,0,-2.62667,0.873134,5.12279,0.0010041,0.00153912,0.000742614,8.31017,0,0,0
0.050464,1,2.87651,1.62338,4.87231,-0.000875252,0.000959108,0.00060265,0.00368464,0,0,0
0.050464,2,-1.41418,7.97148,1.31412,1.02868e-05,-1.12599e-05,2.08001e-06,2.40568,0,0,0
0.050464,3,0,0,0,0,0,0,0,0,0,0
0.050464,4,0,0,0,0,0,0,0,0,0,0
0.050464,5,0,0,0,0,0,0,0,0,0,0
0.103169,0,-2.6266,0.873245,5.12282,0.000960313,0.00151422,0.000728826,8.31023,0,0,0
0.103169,1,2.87646,1.62344,4.87232,-0.000855399,0.000936531,0.000599209,2.70242,0,0,0
0.103169,2,-1.41417,7.97148,1.31412,1.02064e-05,-1.11678e-05,2.07173e-06,2.40568,0,0,0
0.103169,3,0,0,0,0,0,0,0,0,0,0
0.103169,4,0,0,0,0,0,0,0,0,0,0
0.103169,5,0,0,0,0,0,0,0,0,0,0
0.159307,0,-2.62653,0.873349,5.12286,0.000957804,0.00147233,0.000748662,8.31023,0,0,0
0.159307,1,2.87641,1.62349,4.87235,-0.00083643,0.000915204,0.00118337,2.70242,0,0,0
0.159307,2,-1.41417,7.97148,1.31413,1.01335e-05,-1.10859e-05,2.06075e-06,2.40568,0,0,0
0.159307,3,0,0,0,0,0,0,0,0,0,0
0.159307,4,0,0,0,0,0,0,0,0,0,0
0.159307,5,0,0,0,0,0,0,0,0,0,0
0.212064,0,-2.62645,0.873441,5.12293,0.000965615,0.0014065,0.000953225,8.31026,0,0,0
0.212064,1,2.87637,1.62354,4.87252,-0.000799277,0.000875363,0.00500045,2.70255,0,0,0
0.212064,2,-1.41417,7.97148,1.31413,1.00658e-05,-1.10104e-05,2.05009e-06,2.40568,0,0,0
0.212064,3,0,0,0,0,0,0,0,0,0,0
0.212064,4,0,0,0,0,0,0,0,0,0,0
0.212064,5,0,0,0,0,0,0,0,0,0,0
0.262944,0,-2.62623,0.873401,5.1231,0.00148974,0.000859657,0.00142218,8.31026,0,0,0
0.262944,1,2.87642,1.62348,4.87301,-0.000666033,0.00073479,0.0160818,2.70255,0,0,0
0.262944,2,-1.41417,7.97148,1.31413,1.00006e-05,-1.0938e-05,2.03939e-06,2.40568,0,0,0
0.262944,3,0,0,0,0,0,0,0,0,0,0
0.262944,4,0,0,0,0,0,0,0,0,0,0
0.262944,5,0,0,0,0,0,0,0,0,0,0
0.318257,0,-2.62563,0.872978,5.12444,0.00325871,-0.000934101,0.0029192,8.30936,0,0,0
0.318257,1,2.87699,1.62292,4.87426,0.00067549,-0.000654659,0.0338569,2.70247,0,0,0
0.318257,2,-1.41417,7.97148,1.31413,9.85131e-06,-1.07571e-05,2.0322e-06,2.40568,0,0,0
0.318257,3,0,0,0,0,0,0,0,0,0,0
0.318257,4,0,0,0,0,0,0,0,0,0,0
0.318257,5,0,0,0,0,0,0,0,0,0,0
0.37609,0,-2.6238,0.87133,5.12478,0.00920844,-0.00683499,0.00614677,8.30936,0,0,0
0.37609,1,2.87844,1.62151,4.87815,0.00320333,-0.00355283,0.0564964,2.70247,0,0,0
0.37609,2,-1.41417,7.97148,1.31413,9.71033e-06,-1.06109e-05,2.01801e-06,2.40568,0,0,0
0.37609,3,0,0,0,0,0,0,0,0,0,0
0.37609,4,0,0,0,0,0,0,0,0,0,0
0.37609,5,0,0,0,0,0,0,0,0,0,0
0.430633,0,-2.62138,0.869064,5.12623,0.0161146,-0.013787,0.0110855,8.3036,0,0,0
0.430633,1,2.88148,1.61864,4.88087,0.00989701,-0.0105769,0.0806893,2.6994,0,0,0
0.430633,2,-1.41417,7.97147,1.31413,9.96485e-06,-1.08777e-05,1.99135e-06,2.40568,0,0,0
0.430633,3,0,0,0,0,0,0,0,0,0,0
0.430633,4,0,0,0,0,0,0,0,0,0,0
0.430633,5,0,0,0,0,0,0,0,0,0,0
0.483935,0,-2.61645,0.864271,5.1253,0.0304696,-0.0280787,0.0206621,8.3036,0,0,0
0.483935,1,2.88683,1.61381,4.88614,0.0210929,-0.0221342,0.107446,2.6994,0,0,0
0.483935,2,-1.41417,7.97147,1.31413,9.88944e-06,-1.08096e-05,1.97191e-06,2.40568,0,0,0
0.483935,3,0,0,0,0,0,0,0,0,0,0
0.483935,4,0,0,0,0,0,0,0,0,0,0
0.483935,5,0,0,0,0,0,0,0,0,0,0
0.534097,0,-2.60867,0.856636,5.12885,0.0520293,-0.0493095,0.0380326,8.28583,0,0,0
0.534097,1,2.8952,1.60658,4.89175,0.0412698,-0.0411271,0.131713,2.68809,0,0,0
0.534097,2,-1.41417,7.97147,1.31413,1.01061e-05,-1.10294e-05,1.96924e-06,2.40568,0,0,0
0.534097,3,0,0,0,0,0,0,0,0,0,0
0.534097,4,0,0,0,0,0,0,0,0,0,0
0.534097,5,0,0,0,0,0,0,0,0,0,0
0.589397,0,-2.59459,0.842677,5.12707,0.0919367,-0.0883133,0.0633402,8.28583,0,0,0
0.589397,1,2.89921,1.60445,4.90101,0.0412458,-0.0385269,0.146897,2.68809,0,0,0
0.589397,2,-1.41417,7.97147,1.31413,1.00315e-05,-1.07704e-05,1.98751e-06,2.40568,0,0,0
0.589397,3,0,0,0,0,0,0,0,0,0,0
0.589397,4,0,0,0,0,0,0,0,0,0,0
0.589397,5,0,0,0,0,0,0,0,0,0,0
0.64215,0,-2.57813,0.826328,5.12808,0.134012,-0.128877,0.0879908,8.24282,0,0,0
0.64215,1,2.91713,1.59028,4.90543,0.0826657,-0.0741936,0.169568,2.6719,0,0,0
0.64215,2,-1.41417,7.97147,1.31413,9.95087e-06,-1.06655e-05,1.97459e-06,2.40568,0,0,0
0.64215,3,0,0,0,0,0,0,0,0,0,0
0.64215,4,0,0,0,0,0,0,0,0,0,0
0.64215,5,0,0,0,0,0,0,0,0,0,0
0.697451,0,-2.56149,0.809763,5.13386,0.169771,-0.16281,0.117039,8.24282,0,0,0
0.697451,1,2.94934,1.56485,4.91673,0.172411,-0.149035,0.201399,2.6719,0,0,0
0.697451,2,-1.41417,7.97147,1.31413,9.48176e-06,-1.02034e-05,1.96661e-06,2.40568,0,0,0
0.697451,3,0,0,0,0,0,0,0,0,0,0
0.697451,4,0,0,0,0,0,0,0,0,0,0
0.697451,5,0,0,0,0,0,0,0,0,0,0
0.747593,0,-2.5302,0.778546,5.13333,0.24971,-0.23871,0.161637,8.17516,0,0,0
0.747593,1,2.97652,1.54596,4.91847,0.239124,-0.197224,0.212914,2.6097,0,0,0
0.747593,2,-1.41417,7.97147,1.31413,9.71233e-06,-1.04828e-05,1.95535e-06,2.40568,0,0,0
0.747593,3,0,0,0,0,0,0,0,0,0,0
0.747593,4,0,0,0,0,0,0,0,0,0,0
0.747593,5,0,0,0,0,0,0,0,0,0,0
0.806078,0,-2.49791,0.746317,5.13538,0.319701,-0.304066,0.203,8.17516,0,0,0
0.806078,1,3.00897,1.52485,4.92455,0.317008,-0.248477,0.217213,2.6097,0,0,0
0.806078,2,-1.41417,7.97147,1.31413,9.53768e-06,-1.03196e-05,1.94374e-06,2.40568,0,0,0
0.806078,3,0,0,0,0,0,0,0,0,0,0
0.806078,4,0,0,0,0,0,0,0,0,0,0
0.806078,5,0,0,0,0,0,0,0,0,0,0
0.861317,0,-2.45128,0.69975,5.13707,0.435775,-0.41302,0.265726,8.06367,0,0,0
0.861317,1,3.04604,1.50147,4.93062,0.400028,-0.300465,0.222565,2.53929,0,0,0
0.861317,2,-1.41417,7.97147,1.31413,9.37248e-06,-1.01895e-05,1.92176e-06,2.40568,0,0,0
0.861317,3,0,0,0,0,0,0,0,0,0,0
0.861317,4,0,0,0,0,0,0,0,0,0,0
0.861317,5,0,0,0,0,0,0,0,0,0,0
0.911482,0,-2.40562,0.654143,5.13712,0.530741,-0.500157,0.317939,8.06367,0,0,0
0.911482,1,3.08188,1.48447,4.93533,0.467318,-0.322769,0.212251,2.53929,0,0,0
0.911482,2,-1.41417,7.97147,1.31413,9.23553e-06,-1.00679e-05,1.90027e-06,2.40568,0,0,0
0.911482,3,0,0,0,0,0,0,0,0,0,0
0.911482,4,0,0,0,0,0,0,0,0,0,0
0.911482,5,0,0,0,0,0,0,0,0,0,0
0.964244,0,-2.36455,0.613127,5.13824,0.595194,-0.55891,0.350211,7.94112,0,0,0
0.964244,1,3.11233,1.4729,4.94085,0.505424,-0.321666,0.192786,2.45623,0,0,0
0.964244,2,-1.41417,7.97147,1.31413,9.11445e-06,-9.9584e-06,1.85197e-06,2.40568,0,0,0
0.964244,3,0,0,0,0,0,0,0,0,0,0
0.964244,4,0,0,0,0,0,0,0,0,0,0
0.964244,5,0,0,0,0,0,0,0,0,0,0
1.01705,0,-2.29533,0.543969,5.14103,0.749602,-0.701896,0.43353,7.94112,0,0,0
1.01705,1,3.17373,1.43896,4.94595,0.639035,-0.392678,0.179589,2.45623,0,0,0
1.01705,2,-1.41417,7.97147,1.31413,9.36511e-06,-1.02308e-05,1.82443e-06,2.40568,0,0,0
1.01705,3,0,0,0,0,0,0,0,0,0,0
1.01705,4,0,0,0,0,0,0,0,0,0,0
1.01705,5,0,0,0,0,0,0,0,0,0,0
1.06733,0,-2.23059,0.479302,5.14139,0.864943,-0.807776,0.492277,7.75183,0,0,0
1.06733,1,3.24332,1.40455,4.95152,0.770707,-0.450041,0.154556,2.35376,0,0,0
1.06733,2,-1.41417,7.97147,1.31413,9.3005e-06,-1.01786e-05,1.80131e-06,2.40568,0,0,0
1.06733,3,0,0,0,0,0,0,0,0,0,0
1.06733,4,0,0,0,0,0,0,0,0,0,0
1.06733,5,0,0,0,0,0,0,0,0,0,0
1.1204,0,-2.15944,0.408226,5.14185,0.989782,-0.923311,0.536466,7.75183,0,0,0
1.1204,1,3.31086,1.37371,4.9556,0.899107,-0.502882,0.111397,2.20225,0,0,0
1.1204,2,-1.41417,7.97147,1.31413,9.24509e-06,-1.01232e-05,1.78038e-06,2.40568,0,0,0
1.1204,3,0,0,0,0,0,0,0,0,0,0
1.1204,4,0,0,0,0,0,0,0,0,0,0
1.1204,5,0,0,0,0,0,0,0,0,0,0
1.1706,0,-2.082,0.33085,5.14244,1.11801,-1.04199,0.582645,7.54185,0,0,0
1.1706,1,3.37095,1.35085,4.95944,0.972089,-0.510641,0.0631907,2.20225,0,0,0
1.1706,2,-1.41416,7.97147,1.31413,9.55582e-06,-9.96811e-06,1.76212e-06,2.40568,0,0,0
1.1706,3,0,0,0,0,0,0,0,0,0,0
1.1706,4,0,0,0,0,0,0,0,0,0,0
1.1706,5,0,0,0,0,0,0,0,0,0,0
1.2214,0,-1.9985,0.247341,5.1437,1.25018,-1.16875,0.614727,7.54185,0,0,0
1.2214,1,3.41127,1.34155,4.96338,0.967526,-0.467155,0.0368945,2.20225,0,0,0
1.2214,2,-1.41416,7.97147,1.31413,9.27296e-06,-1.0095e-05,1.74415e-06,2.40568,0,0,0
1.2214,3,0,0,0,0,0,0,0,0,0,0
1.2214,4,0,0,0,0,0,0,0,0,0,0
1.2214,5,0,0,0,0,0,0,0,0,0,0
1.27305,0,-1.90927,0.157954,5.13718,1.39133,-1.3041,0.610906,7.29751,0,0,0
1.27305,1,3.4888,1.30503,4.96715,1.09783,-0.533668,0.0114619,2.09662,0,0,0
1.27305,2,-1.41416,7.97147,1.31413,9.02419e-06,-1.00116e-05,1.74001e-06,2.40568,0,0,0
1.27305,3,0,0,0,0,0,0,0,0,0,0
1.27305,4,0,0,0,0,0,0,0,0,0,0
1.27305,5,0,0,0,0,0,0,0,0,0,0
1.32325,0,-1.79524,0.0435699,5.13267,1.60496,-1.51486,0.603693,7.29751,0,0,0
1.32325,1,3.55442,1.28388,4.97063,1.15432,-0.52705,-0.00419925,2.09662,0,0,0
1.32325,2,-1.41416,7.97147,1.31413,8.86021e-06,-9.88049e-06,1.72856e-06,2.40568,0,0,0
1.32325,3,0,0,0,0,0,0,0,0,0,0
1.32325,4,0,0,0,0,0,0,0,0,0,0
1.32325,5,0,0,0,0,0,0,0,0,0,0
1.3737,0,-1.69525,-0.0571619,5.13465,1.73404,-1.6506,0.543632,6.99413,0,0,0
1.3737,1,3.6085,1.26811,4.97456,1.16202,-0.500531,-0.0287628,1.94228,0,0,0
1.3737,2,-1.41416,7.97146,1.31413,8.815e-06,-9.84338e-06,1.71433e-06,2.40568,0,0,0
1.3737,3,0,0,0,0,0,0,0,0,0,0
1.3737,4,0,0,0,0,0,0,0,0,0,0
1.3737,5,0,0,0,0,0,0,0,0,0,0
1.42421,0,-1.61271,-0.140887,5.1347,1.75074,-1.68937,0.395296,6.99413,0,0,0
1.42421,1,3.67575,1.24698,4.97769,1.2122,-0.496689,-0.0481217,1.94228,0,0,0
1.42421,2,-1.41416,7.97146,1.31413,8.69503e-06,-9.74465e-06,1.70102e-06,2.40568,0,0,0
1.42421,3,0,0,0,0,0,0,0,0,0,0
1.42421,4,0,0,0,0,0,0,0,0,0,0
1.42421,5,0,0,0,0,0,0,0,0,0,0
1.4795,0,-1.50667,-0.248105,5.13676,1.87082,-1.82635,0.30847,6.72582,0,0,0
1.4795,1,3.74061,1.22003,4.98,1.24783,-0.510942,-0.0545853,1.81549,0,0,0
1.4795,2,-1.41416,7.97146,1.31413,8.64866e-06,-9.70429e-06,1.69329e-06,2.40568,0,0,0
1.4795,3,0,0,0,0,0,0,0,0,0,0
1.4795,4,0,0,0,0,0,0,0,0,0,0
1.4795,5,0,0,0,0,0,0,0,0,0,0
1.53034,0,-1.37748,-0.380405,5.136,2.05301,-2.03824,0.20467,6.72582,0,0,0
1.53034,1,3.78134,1.21209,4.98392,1.20856,-0.464235,-0.0578307,1.81549,0,0,0
1.53034,2,-1.41416,7.97146,1.31413,8.94554e-06,-9.98054e-06,1.70754e-06,2.40568,0,0,0
1.53034,3,0,0,0,0,0,0,0,0,0,0
1.53034,4,0,0,0,0,0,0,0,0,0,0
1.53034,5,0,0,0,0,0,0,0,0,0,0
1.58306,0,-1.29087,-0.470278,5.13579,2.04159,-2.05841,0.0599046,6.41611,0,0,0
1.58306,1,3.81876,1.19781,4.98763,1.15348,-0.437276,-0.0539704,1.70421,0,0,0
1.58306,2,-1.41416,7.97146,1.31413,8.79837e-06,-9.84366e-06,1.70692e-06,2.40568,0,0,0
1.58306,3,0,0,0,0,0,0,0,0,0,0
1.58306,4,0,0,0,0,0,0,0,0,0,0
1.58306,5,0,0,0,0,0,0,0,0,0,0
1.63463,0,-1.1601,-0.605232,5.1335,2.17317,-2.21702,-0.146342,6.41611,0,0,0
1.63463,1,3.88211,1.17442,4.99043,1.18817,-0.448897,-0.0429878,1.70421,0,0,0
1.63463,2,-1.41416,7.97146,1.31413,8.7154e-06,-9.74651e-06,1.71042e-06,2.40568,0,0,0
1.63463,3,0,0,0,0,0,0,0,0,0,0
1.63463,4,0,0,0,0,0,0,0,0,0,0
1.63463,5,0,0,0,0,0,0,0,0,0,0
1.68798,0,-1.0742,-0.69571,5.13198,2.13349,-2.19764,-0.207412,6.10344,0,0,0
1.68798,1,3.92062,1.1658,4.99366,1.11815,-0.396989,-0.0322013,1.59646,0,0,0
1.68798,2,-1.41416,7.97146,1.31413,8.63649e-06,-9.65177e-06,1.69506e-06,2.40568,0,0,0
1.68798,3,0,0,0,0,0,0,0,0,0,0
1.68798,4,0,0,0,0,0,0,0,0,0,0
1.68798,5,0,0,0,0,0,0,0,0,0,0
1.74431,0,-0.94637,-0.829594,5.13044,2.23478,-2.31769,-0.303668,6.10344,0,0,0
1.74431,1,3.96795,1.14548,4.99704,1.10919,-0.402759,-0.0327403,1.50568,0,0,0
1.74431,2,-1.41416,7.97146,1.31413,8.62945e-06,-9.61205e-06,1.69642e-06,2.40568,0,0,0
1.74431,3,0,0,0,0,0,0,0,0,0,0
1.74431,4,0,0,0,0,0,0,0,0,0,0
1.74431,5,0,0,0,0,0,0,0,0,0,0
1.79448,0,-0.842138,-0.939723,5.13002,2.23192,-2.32496,-0.37905,5.76669,0,0,0
1.79448,1,4.00122,1.13566,4.99989,1.04909,-0.368063,-0.0209068,1.50568,0,0,0
1.79448,2,-1.41416,7.97146,1.31413,8.38044e-06,-9.33398e-06,1.69991e-06,2.40568,0,0,0
1.79448,3,0,0,0,0,0,0,0,0,0,0
1.79448,4,0,0,0,0,0,0,0,0,0,0
1.79448,5,0,0,0,0,0,0,0,0,0,0
1.84719,0,-0.719659,-1.06882,5.12887,2.27555,-2.37599,-0.460935,5.76669,0,0,0
1.84719,1,4.04442,1.11701,5.00329,1.0257,-0.367886,-0.0161726,1.42385,0,0,0
1.84719,2,-1.41416,7.97146,1.31413,8.15116e-06,-9.08031e-06,1.71447e-06,2.40568,0,0,0
1.84719,3,0,0,0,0,0,0,0,0,0,0
1.84719,4,0,0,0,0,0,0,0,0,0,0
1.84719,5,0,0,0,0,0,0,0,0,0,0
1.89733,0,-0.620868,-1.17399,5.127,2.24337,-2.34688,-0.503132,5.44445,0,0,0
1.89733,1,4.08113,1.10457,5.00631,0.988674,-0.348612,-0.0083837,1.42385,0,0,0
1.89733,2,-1.41416,7.97146,1.31413,8.43234e-06,-9.35668e-06,1.71895e-06,2.40568,0,0,0
1.89733,3,0,0,0,0,0,0,0,0,0,0
1.89733,4,0,0,0,0,0,0,0,0,0,0
1.89733,5,0,0,0,0,0,0,0,0,0,0
1.95357,0,-0.543964,-1.25606,5.12535,2.15122,-2.25229,-0.53139,5.44445,0,0,0
1.95357,1,4.11378,1.09008,5.00954,0.942728,-0.338537,-0.0049952,1.34919,0,0,0
1.95357,2,-1.41416,7.97146,1.31413,8.28634e-06,-9.19782e-06,1.68649e-06,2.40568,0,0,0
1.95357,3,0,0,0,0,0,0,0,0,0,0
1.95357,4,0,0,0,0,0,0,0,0,0,0
1.95357,5,0,0,0,0,0,0,0,0,0,0
2.00372,0,-0.431937,-1.37481,5.12371,2.20759,-2.31136,-0.531671,5.16873,0,0,0
2.00372,1,4.1478,1.0789,5.01205,0.906824,-0.31909,-0.00095997,1.34919,0,0,0
2.00372,2,-1.41416,7.97146,1.31413,7.96236e-06,-8.84074e-06,1.67938e-06,2.40568,0,0,0
2.00372,3,0,0,0,0,0,0,0,0,0,0
2.00372,4,0,0,0,0,0,0,0,0,0,0
2.00372,5,0,0,0,0,0,0,0,0,0,0
2.05919,0,-0.342445,-1.47053,5.12331,2.15259,-2.25777,-0.500966,5.16873,0,0,0
2.05919,1,4.17903,1.06676,5.01707,0.866468,-0.305036,0.00340173,1.27951,0,0,0
2.05919,2,-1.41416,7.97146,1.31413,8.11735e-06,-8.99363e-06,1.66871e-06,2.40568,0,0,0
2.05919,3,0,0,0,0,0,0,0,0,0,0
2.05919,4,0,0,0,0,0,0,0,0,0,0
2.05919,5,0,0,0,0,0,0,0,0,0,0
2.10935,0,-0.255824,-1.56293,5.12305,2.09092,-2.19645,-0.494861,4.91104,0,0,0
2.10935,1,4.20716,1.05324,5.0194,0.82092,-0.297583,0.00697375,1.27951,0,0,0
2.10935,2,-1.41416,7.97146,1.31413,8.05703e-06,-8.91808e-06,1.68089e-06,2.40568,0,0,0
2.10935,3,0,0,0,0,0,0,0,0,0,0
2.10935,4,0,0,0,0,0,0,0,0,0,0
2.10935,5,0,0,0,0,0,0,0,0,0,0
2.15972,0,-0.172051,-1.65202,5.12261,2.04649,-2.15292,-0.464245,4.91104,0,0,0
2.15972,1,4.23627,1.04231,5.02157,0.783845,-0.283275,0.00974749,1.21719,0,0,0
2.15972,2,-1.41416,7.97146,1.31413,8.06706e-06,-8.90571e-06,1.65314e-06,2.40568,0,0,0
2.15972,3,0,0,0,0,0,0,0,0,0,0
2.15972,4,0,0,0,0,0,0,0,0,0,0
2.15972,5,0,0,0,0,0,0,0,0,0,0
2.21047,0,-0.0912167,-1.73807,5.12189,1.97974,-2.08681,-0.424859,4.67069,0,0,0
2.21047,1,4.26491,1.03244,5.02418,0.750226,-0.267329,0.0125354,1.21719,0,0,0
2.21047,2,-1.41416,7.97146,1.31413,8.01927e-06,-8.83639e-06,1.67155e-06,2.40568,0,0,0
2.21047,3,0,0,0,0,0,0,0,0,0,0
2.21047,4,0,0,0,0,0,0,0,0,0,0
2.21047,5,0,0,0,0,0,0,0,0,0,0
2.26575,0,0.00237131,-1.83731,5.1215,1.98553,-2.09587,-0.406233,4.67069,0,0,0
2.26575,1,4.29123,1.02167,5.02622,0.713323,-0.256656,0.015002,1.1583,0,0,0
2.26575,2,-1.41415,7.97146,1.31413,7.97202e-06,-8.69066e-06,1.66235e-06,2.40568,0,0,0
2.26575,3,0,0,0,0,0,0,0,0,0,0
2.26575,4,0,0,0,0,0,0,0,0,0,0
2.26575,5,0,0,0,0,0,0,0,0,0,0
2.32106,0,0.0623634,-1.90162,5.12067,1.86436,-1.9737,-0.367013,4.44634,0,0,0
2.32106,1,4.31724,1.01193,5.02871,0.67418,-0.241731,0.017491,1.1583,0,0,0
2.32106,2,-1.41415,7.97146,1.31413,7.77278e-06,-8.57782e-06,1.64687e-06,2.40568,0,0,0
2.32106,3,0,0,0,0,0,0,0,0,0,0
2.32106,4,0,0,0,0,0,0,0,0,0,0
2.32106,5,0,0,0,0,0,0,0,0,0,0
2.37123,0,0.150189,-1.99414,5.12084,1.84715,-1.95583,-0.352882,4.44634,0,0,0
2.37123,1,4.34229,1.0025,5.03097,0.637461,-0.228106,0.0196968,1.10356,0,0,0
2.37123,2,-1.41415,7.97146,1.31413,7.77278e-06,-8.57782e-06,1.64687e-06,2.40568,0,0,0
2.37123,3,0,0,0,0,0,0,0,0,0,0
2.37123,4,0,0,0,0,0,0,0,0,0,0
2.37123,5,0,0,0,0,0,0,0,0,0,0
2.42137,0,0.220825,-2.06842,5.12048,1.78654,-1.89272,-0.297315,4.31878,0,0,0
2.42137,1,4.37202,0.992417,5.03324,0.617258,-0.217728,0.0207206,1.10356,0,0,0
2.42137,2,-1.41415,7.97146,1.31413,7.38949e-06,-8.22514e-06,1.63781e-06,2.40568,0,0,0
2.42137,3,0,0,0,0,0,0,0,0,0,0
2.42137,4,0,0,0,0,0,0,0,0,0,0
2.42137,5,0,0,0,0,0,0,0,0,0,0
2.47676,0,0.288956,-2.14077,5.12019,1.72257,-1.82763,-0.284368,4.31878,0,0,0
2.47676,1,4.39524,0.983693,5.03587,0.588539,-0.207112,0.0213336,1.04715,0,0,0
2.47676,2,-1.41415,7.97145,1.31413,7.9361e-06,-8.75069e-06,1.6655e-06,2.40568,0,0,0
2.47676,3,0,0,0,0,0,0,0,0,0,0
2.47676,4,0,0,0,0,0,0,0,0,0,0
2.47676,5,0,0,0,0,0,0,0,0,0,0
2.52707,0,0.355547,-2.21043,5.11953,1.66309,-1.76358,-0.252278,4.11689,0,0,0
2.52707,1,4.41706,0.974634,5.0375,0.559059,-0.199401,0.0214348,1.04715,0,0,0
2.52707,2,-1.41415,7.97145,1.31413,7.87795e-06,-8.69948e-06,1.68499e-06,2.40568,0,0,0
2.52707,3,0,0,0,0,0,0,0,0,0,0
2.52707,4,0,0,0,0,0,0,0,0,0,0
2.52707,5,0,0,0,0,0,0,0,0,0,0
2.57792,0,0.417994,-2.28025,5.11949,1.60792,-1.6593,-0.221072,4.11689,0,0,0
2.57792,1,4.43882,0.966581,5.03978,0.533304,-0.189787,0.022236,1.04715,0,0,0
2.57792,2,-1.41415,7.97145,1.31413,7.65306e-06,-8.4188e-06,1.67679e-06,2.40568,0,0,0
2.57792,3,0,0,0,0,0,0,0,0,0,0
2.57792,4,0,0,0,0,0,0,0,0,0,0
2.57792,5,0,0,0,0,0,0,0,0,0,0
2.62916,0,0.482734,-2.34412,5.11932,1.55772,-1.5992,-0.195966,3.836,0,0,0
2.62916,1,4.45605,0.960698,5.03973,0.495116,-0.173227,0.0246383,1.00019,0,0,0
2.62916,2,-1.41415,7.97145,1.31413,7.59318e-06,-8.35965e-06,1.65975e-06,2.40568,0,0,0
2.62916,3,0,0,0,0,0,0,0,0,0,0
2.62916,4,0,0,0,0,0,0,0,0,0,0
2.62916,5,0,0,0,0,0,0,0,0,0,0
2.68346,0,0.544464,-2.40765,5.1188,1.50409,-1.54557,-0.177014,3.836,0,0,0
2.68346,1,4.47333,0.955474,5.04199,0.458295,-0.155225,0.025998,0.963906,0,0,0
2.68346,2,-1.41415,7.97145,1.31413,7.5354e-06,-8.29525e-06,1.64944e-06,2.40568,0,0,0
2.68346,3,0,0,0,0,0,0,0,0,0,0
2.68346,4,0,0,0,0,0,0,0,0,0,0
2.68346,5,0,0,0,0,0,0,0,0,0,0
2.73869,0,0.604164,-2.47008,5.11877,1.45074,-1.49538,-0.162661,3.74742,0,0,0
2.73869,1,4.50266,0.94149,5.04424,0.475743,-0.175453,0.0270075,0.963906,0,0,0
2.73869,2,-1.41415,7.97145,1.31413,7.26266e-06,-7.96345e-06,1.64397e-06,2.40568,0,0,0
2.73869,3,0,0,0,0,0,0,0,0,0,0
2.73869,4,0,0,0,0,0,0,0,0,0,0
2.73869,5,0,0,0,0,0,0,0,0,0,0
2.78889,0,0.650557,-2.51925,5.11865,1.33076,-1.37715,-0.142549,3.74742,0,0,0
2.78889,1,4.51902,0.93692,5.04602,0.443017,-0.156998,0.0285515,0.914454,0,0,0
2.78889,2,-1.41415,7.97145,1.31413,7.19131e-06,-7.89727e-06,1.63128e-06,2.40568,0,0,0
2.78889,3,0,0,0,0,0,0,0,0,0,0
2.78889,4,0,0,0,0,0,0,0,0,0,0
2.78889,5,0,0,0,0,0,0,0,0,0,0
2.83902,0,0.730242,-2.60242,5.11839,1.37818,-1.42917,-0.137388,3.59344,0,0,0
2.83902,1,4.53764,0.92996,5.04791,0.423862,-0.150529,0.0274073,0.914454,0,0,0
2.83902,2,-1.41415,7.97145,1.31413,7.47807e-06,-8.17894e-06,1.62181e-06,2.40568,0,0,0
2.83902,3,0,0,0,0,0,0,0,0,0,0
2.83902,4,0,0,0,0,0,0,0,0,0,0
2.83902,5,0,0,0,0,0,0,0,0,0,0
2.88925,0,0.774133,-2.6492,5.11842,1.27282,-1.32498,-0.12288,3.59344,0,0,0
2.88925,1,4.55986,0.922405,5.04988,0.408206,-0.143219,0.0277965,0.870943,0,0,0
2.88925,2,-1.41415,7.97145,1.31413,7.34103e-06,-8.0281e-06,1.61766e-06,2.40568,0,0,0
2.88925,3,0,0,0,0,0,0,0,0,0,0
2.88925,4,0,0,0,0,0,0,0,0,0,0
2.88925,5,0,0,0,0,0,0,0,0,0,0
2.93944,0,0.817338,-2.69502,5.11872,1.18082,-1.23259,-0.128561,3.41412,0,0,0
2.93944,1,4.57729,0.915741,5.05158,0.390511,-0.13775,0.0278189,0.870943,0,0,0
2.93944,2,-1.41415,7.97145,1.31413,7.29217e-06,-7.96921e-06,1.60361e-06,2.40568,0,0,0
2.93944,3,0,0,0,0,0,0,0,0,0,0
2.93944,4,0,0,0,0,0,0,0,0,0,0
2.93944,5,0,0,0,0,0,0,0,0,0,0
2.99089,0,0.859816,-2.73981,5.11858,1.11276,-1.16414,-0.106163,3.41412,0,0,0
2.99089,1,4.59434,0.909302,5.05353,0.374258,-0.132535,0.0272692,0.833888,0,0,0
2.99089,2,-1.41415,7.97145,1.31413,6.93033e-06,-7.56425e-06,1.58392e-06,2.40568,0,0,0
2.99089,3,0,0,0,0,0,0,0,0,0,0
2.99089,4,0,0,0,0,0,0,0,0,0,0
2.99089,5,0,0,0,0,0,0,0,0,0,0
3.0477,0,0.942681,-2.82616,5.1188,1.20607,-1.2606,-0.101171,3.28941,0,0,0
3.0477,1,4.60472,0.905874,5.05524,0.336532,-0.116301,0.0279152,0.833888,0,0,0
3.0477,2,-1.41415,7.97145,1.31413,7.15116e-06,-7.78404e-06,1.58513e-06,2.40568,0,0,0
3.0477,3,0,0,0,0,0,0,0,0,0,0
3.0477,4,0,0,0,0,0,0,0,0,0,0
3.0477,5,0,0,0,0,0,0,0,0,0,0
3.09808,0,0.992491,-2.87889,5.11918,1.16164,-1.21703,-0.100739,3.28941,0,0,0
3.09808,1,4.62642,0.896144,5.05705,0.345583,-0.127652,0.0275089,0.799066,0,0,0
3.09808,2,-1.41415,7.97145,1.31413,7.1234e-06,-7.75515e-06,1.57312e-06,2.40568,0,0,0
3.09808,3,0,0,0,0,0,0,0,0,0,0
3.09808,4,0,0,0,0,0,0,0,0,0,0
3.09808,5,0,0,0,0,0,0,0,0,0,0
3.1518,0,1.03148,-2.92028,5.11935,1.07297,-1.12661,-0.1037,3.0972,0,0,0
3.1518,1,4.6427,0.890559,5.05872,0.333601,-0.121688,0.0279797,0.799066,0,0,0
3.1518,2,-1.41415,7.97145,1.31413,7.30446e-06,-7.94431e-06,1.55496e-06,2.40568,0,0,0
3.1518,3,0,0,0,0,0,0,0,0,0,0
3.1518,4,0,0,0,0,0,0,0,0,0,0
3.1518,5,0,0,0,0,0,0,0,0,0,0
3.20591,0,1.09968,-2.99773,5.11963,1.128,-1.19124,-0.104532,3.0972,0,0,0
3.20591,1,4.65847,0.884863,5.06053,0.321968,-0.117121,0.0271063,0.799066,0,0,0
3.20591,2,-1.41415,7.97145,1.31413,7.24843e-06,-7.89159e-06,1.54888e-06,2.40568,0,0,0
3.20591,3,0,0,0,0,0,0,0,0,0,0
3.20591,4,0,0,0,0,0,0,0,0,0,0
3.20591,5,0,0,0,0,0,0,0,0,0,0
3.26375,0,1.14329,-3.03975,5.12,1.05151,-1.09861,-0.0976866,2.93721,0,0,0
3.26375,1,4.674,0.879347,5.06192,0.311494,-0.112708,0.0270051,0.764921,0,0,0
3.26375,2,-1.41415,7.97145,1.31413,7.20039e-06,-7.84277e-06,1.54294e-06,2.40568,0,0,0
3.26375,3,0,0,0,0,0,0,0,0,0,0
3.26375,4,0,0,0,0,0,0,0,0,0,0
3.26375,5,0,0,0,0,0,0,0,0,0,0
3.31391,0,1.18899,-3.08607,5.12058,1.00579,-1.04657,-0.0978359,2.93721,0,0,0
3.31391,1,4.68896,0.873653,5.06341,0.300967,-0.109542,0.0267131,0.732309,0,0,0
3.31391,2,-1.41415,7.97145,1.31413,7.08652e-06,-7.72486e-06,1.53062e-06,2.40568,0,0,0
3.31391,3,0,0,0,0,0,0,0,0,0,0
3.31391,4,0,0,0,0,0,0,0,0,0,0
3.31391,5,0,0,0,0,0,0,0,0,0,0
3.36665,0,1.22416,-3.12255,5.12105,0.938805,-0.977043,-0.0825763,2.81166,0,0,0
3.36665,1,4.69832,0.870799,5.06501,0.27203,-0.0958791,0.026691,0.732309,0,0,0
3.36665,2,-1.41415,7.97145,1.31413,7.05923e-06,-7.69409e-06,1.5231e-06,2.40568,0,0,0
3.36665,3,0,0,0,0,0,0,0,0,0,0
3.36665,4,0,0,0,0,0,0,0,0,0,0
3.36665,5,0,0,0,0,0,0,0,0,0,0
3.42289,0,1.27528,-3.17579,5.1212,0.942227,-0.980997,-0.0685905,2.81166,0,0,0
3.42289,1,4.71803,0.862481,5.06664,0.284949,-0.106157,0.0264855,0.701013,0,0,0
3.42289,2,-1.41415,7.97145,1.31413,6.96423e-06,-7.59552e-06,1.51456e-06,2.40568,0,0,0
3.42289,3,0,0,0,0,0,0,0,0,0,0
3.42289,4,0,0,0,0,0,0,0,0,0,0
3.42289,5,0,0,0,0,0,0,0,0,0,0
3.47822,0,1.31647,-3.21902,5.12182,0.899191,-0.93794,-0.0568286,2.68718,0,0,0
3.47822,1,4.73576,0.855328,5.0681,0.290428,-0.110727,0.0263437,0.701013,0,0,0
3.47822,2,-1.41415,7.97145,1.31413,6.89881e-06,-7.55078e-06,1.50274e-06,2.40568,0,0,0
3.47822,3,0,0,0,0,0,0,0,0,0,0
3.47822,4,0,0,0,0,0,0,0,0,0,0
3.47822,5,0,0,0,0,0,0,0,0,0,0
3.52837,0,1.35674,-3.26119,5.12242,0.868581,-0.907192,-0.0552741,2.68718,0,0,0
3.52837,1,4.74715,0.852526,5.06942,0.270986,-0.0977609,0.0252436,0.670118,0,0,0
3.52837,2,-1.41415,7.97145,1.31413,7.10759e-06,-7.75188e-06,1.4988e-06,2.40568,0,0,0
3.52837,3,0,0,0,0,0,0,0,0,0,0
3.52837,4,0,0,0,0,0,0,0,0,0,0
3.52837,5,0,0,0,0,0,0,0,0,0,0
3.58614,0,1.39607,-3.30243,5.12274,0.83118,-0.869393,-0.0483366,2.56915,0,0,0
3.58614,1,4.75873,0.848757,5.07221,0.255675,-0.0902734,0.023807,0.670118,0,0,0
3.58614,2,-1.41415,7.97145,1.31413,6.73092e-06,-7.35923e-06,1.48978e-06,2.40568,0,0,0
3.58614,3,0,0,0,0,0,0,0,0,0,0
3.58614,4,0,0,0,0,0,0,0,0,0,0
3.58614,5,0,0,0,0,0,0,0,0,0,0
3.64408,0,1.44213,-3.35069,5.12305,0.816926,-0.855355,-0.0431536,2.44545,0,0,0
3.64408,1,4.77462,0.841996,5.07362,0.258668,-0.0954726,0.0235822,0.640453,0,0,0
3.64408,2,-1.41415,7.97145,1.31413,7.02205e-06,-7.65703e-06,1.478e-06,2.40568,0,0,0
3.64408,3,0,0,0,0,0,0,0,0,0,0
3.64408,4,0,0,0,0,0,0,0,0,0,0
3.64408,5,0,0,0,0,0,0,0,0,0,0
3.70069,0,1.47966,-3.38997,5.12341,0.79023,-0.828048,-0.0414444,2.44545,0,0,0
3.70069,1,4.79065,0.835796,5.07346,0.26167,-0.0983272,0.0234568,0.640453,0,0,0
3.70069,2,-1.41415,7.97145,1.31413,6.99126e-06,-7.63025e-06,1.47827e-06,2.40568,0,0,0
3.70069,3,0,0,0,0,0,0,0,0,0,0
3.70069,4,0,0,0,0,0,0,0,0,0,0
3.70069,5,0,0,0,0,0,0,0,0,0,0
3.75343,0,1.50906,-3.42091,5.12366,0.737784,-0.774313,-0.0397053,2.34845,0,0,0
3.75343,1,4.79526,0.836735,5.0759,0.220638,-0.0721795,0.0220302,0.619144,0,0,0
3.75343,2,-1.41414,7.97145,1.31413,6.96816e-06,-7.60454e-06,1.50915e-06,2.40568,0,0,0
3.75343,3,0,0,0,0,0,0,0,0,0,0
3.75343,4,0,0,0,0,0,0,0,0,0,0
3.75343,5,0,0,0,0,0,0,0,0,0,0
3.8036,0,1.55244,-3.46618,5.12378,0.746236,-0.782809,-0.0363675,2.34845,0,0,0
3.8036,1,4.81456,0.827038,5.07598,0.24228,-0.0918349,0.0223672,0.619144,0,0,0
3.8036,2,-1.41414,7.97144,1.31413,6.87703e-06,-7.51408e-06,1.51969e-06,2.40568,0,0,0
3.8036,3,0,0,0,0,0,0,0,0,0,0
3.8036,4,0,0,0,0,0,0,0,0,0,0
3.8036,5,0,0,0,0,0,0,0,0,0,0
3.85973,0,1.5877,-3.50319,5.12403,0.723661,-0.759874,-0.0309726,2.23463,0,0,0
3.85973,1,4.82813,0.822844,5.07724,0.237,-0.0870213,0.0224661,0.583512,0,0,0
3.85973,2,-1.41414,7.97144,1.31413,6.86854e-06,-7.50504e-06,1.52022e-06,2.40568,0,0,0
3.85973,3,0,0,0,0,0,0,0,0,0,0
3.85973,4,0,0,0,0,0,0,0,0,0,0
3.85973,5,0,0,0,0,0,0,0,0,0,0
3.91252,0,1.62236,-3.5395,5.12433,0.702733,-0.738288,-0.0316041,2.23463,0,0,0
3.91252,1,4.84122,0.818369,5.07864,0.228841,-0.0830552,0.021762,0.583512,0,0,0
3.91252,2,-1.41414,7.97144,1.31413,6.59301e-06,-7.21639e-06,1.51469e-06,2.40568,0,0,0
3.91252,3,0,0,0,0,0,0,0,0,0,0
3.91252,4,0,0,0,0,0,0,0,0,0,0
3.91252,5,0,0,0,0,0,0,0,0,0,0
3.96523,0,1.65635,-3.57519,5.1245,0.683186,-0.71825,-0.0295219,2.13514,0,0,0
3.96523,1,4.85592,0.812306,5.07977,0.233108,-0.0878627,0.0210972,0.553689,0,0,0
3.96523,2,-1.41414,7.97144,1.31413,6.89537e-06,-7.52876e-06,1.49066e-06,2.40568,0,0,0
3.96523,3,0,0,0,0,0,0,0,0,0,0
3.96523,4,0,0,0,0,0,0,0,0,0,0
3.96523,5,0,0,0,0,0,0,0,0,0,0
4.0219,0,1.683,-3.60338,5.12469,0.639774,-0.673949,-0.0254128,2.13514,0,0,0
4.0219,1,4.86674,0.809495,5.08099,0.222707,-0.0796505,0.0205442,0.553689,0,0,0
4.0219,2,-1.41414,7.97144,1.31413,6.87975e-06,-7.51775e-06,1.47575e-06,2.40568,0,0,0
4.0219,3,0,0,0,0,0,0,0,0,0,0
4.0219,4,0,0,0,0,0,0,0,0,0,0
4.0219,5,0,0,0,0,0,0,0,0,0,0
4.0721,0,1.72251,-3.64466,5.12486,0.651542,-0.685695,-0.0239029,2.03921,0,0,0
4.0721,1,4.87896,0.804953,5.0821,0.21957,-0.0791089,0.0199284,0.542502,0,0,0
4.0721,2,-1.41414,7.97144,1.31413,6.92964e-06,-7.5771e-06,1.45864e-06,2.40568,0,0,0
4.0721,3,0,0,0,0,0,0,0,0,0,0
4.0721,4,0,0,0,0,0,0,0,0,0,0
4.0721,5,0,0,0,0,0,0,0,0,0,0
4.12839,0,1.74827,-3.67185,5.12499,0.610803,-0.64385,-0.021818,2.03921,0,0,0
4.12839,1,4.89311,0.799376,5.0834,0.221656,-0.0819324,0.0194172,0.542502,0,0,0
4.12839,2,-1.41414,7.97144,1.31413,6.9115e-06,-7.55569e-06,1.43748e-06,2.40568,0,0,0
4.12839,3,0,0,0,0,0,0,0,0,0,0
4.12839,4,0,0,0,0,0,0,0,0,0,0
4.12839,5,0,0,0,0,0,0,0,0,0,0
4.17948,0,1.78653,-3.71178,5.12508,0.623451,-0.656294,-0.0227199,1.94646,0,0,0
4.17948,1,4.90739,0.794357,5.08447,0.221672,-0.0816689,0.018664,0.514159,0,0,0
4.17948,2,-1.41414,7.97144,1.31413,6.89155e-06,-7.53393e-06,1.42803e-06,2.40568,0,0,0
4.17948,3,0,0,0,0,0,0,0,0,0,0
4.17948,4,0,0,0,0,0,0,0,0,0,0
4.17948,5,0,0,0,0,0,0,0,0,0,0
4.23016,0,1.81771,-3.74461,5.12519,0.608449,-0.641121,-0.0198904,1.94646,0,0,0
4.23016,1,4.91895,0.790123,5.08562,0.217052,-0.0799641,0.0178574,0.514159,0,0,0
4.23016,2,-1.41414,7.97144,1.31413,6.86896e-06,-7.50916e-06,1.40783e-06,2.40568,0,0,0
4.23016,3,0,0,0,0,0,0,0,0,0,0
4.23016,4,0,0,0,0,0,0,0,0,0,0
4.23016,5,0,0,0,0,0,0,0,0,0,0
4.28259,0,1.84847,-3.77688,5.12527,0.594633,-0.626678,-0.0219147,1.8566,0,0,0
4.28259,1,4.92879,0.78754,5.08657,0.206932,-0.0724679,0.0172015,0.486621,0,0,0
4.28259,2,-1.41414,7.97144,1.31413,6.51891e-06,-7.13925e-06,1.3912e-06,2.40568,0,0,0
4.28259,3,0,0,0,0,0,0,0,0,0,0
4.28259,4,0,0,0,0,0,0,0,0,0,0
4.28259,5,0,0,0,0,0,0,0,0,0,0
4.33617,0,1.87884,-3.80859,5.12533,0.582064,-0.612932,-0.022262,1.8566,0,0,0
4.33617,1,4.94179,0.782295,5.08851,0.208064,-0.0753476,0.016031,0.486621,0,0,0
4.33617,2,-1.41414,7.97144,1.31413,6.7408e-06,-7.36776e-06,1.37872e-06,2.40568,0,0,0
4.33617,3,0,0,0,0,0,0,0,0,0,0
4.33617,4,0,0,0,0,0,0,0,0,0,0
4.33617,5,0,0,0,0,0,0,0,0,0,0
4.38914,0,1.90257,-3.83379,5.12536,0.54726,-0.577617,-0.0208852,1.77807,0,0,0
4.38914,1,4.94179,0.782295,5.08851,0.208064,-0.0753476,0.016031,0.462325,0,0,0
4.38914,2,-1.41414,7.97144,1.31413,6.7269e-06,-7.35305e-06,1.35905e-06,2.40568,0,0,0
4.38914,3,0,0,0,0,0,0,0,0,0,0
4.38914,4,0,0,0,0,0,0,0,0,0,0
4.38914,5,0,0,0,0,0,0,0,0,0,0
4.44212,0,1.94752,-3.88318,5.12539,0.601459,-0.626986,-0.022058,1.77807,0,0,0
4.44212,1,4.95282,0.778468,5.08942,0.202043,-0.0725602,0.0157416,0.462325,0,0,0
4.44212,2,-1.41414,7.97144,1.31413,6.45265e-06,-7.0657e-06,1.35304e-06,2.40568,0,0,0
4.44212,3,0,0,0,0,0,0,0,0,0,0
4.44212,4,0,0,0,0,0,0,0,0,0,0
4.44212,5,0,0,0,0,0,0,0,0,0,0
4.49509,0,1.9932,-3.92909,5.12545,0.529688,-0.548485,-0.0192993,1.64656,0,0,0
4.49509,1,4.96535,0.773535,5.09028,0.198335,-0.0729699,0.0148974,0.437124,0,0,0
4.49509,2,-1.41414,7.97144,1.31413,6.60822e-06,-7.22036e-06,1.33943e-06,2.40568,0,0,0
4.49509,3,0,0,0,0,0,0,0,0,0,0
4.49509,4,0,0,0,0,0,0,0,0,0,0
4.49509,5,0,0,0,0,0,0,0,0,0,0
4.54578,0,2.01746,-3.95386,5.12547,0.500009,-0.517188,-0.0254403,1.64656,0,0,0
4.54578,1,4.97621,0.770138,5.09099,0.19145,-0.0686102,0.0144947,0.437124,0,0,0
4.54578,2,-1.41414,7.97144,1.31413,6.79266e-06,-7.41548e-06,1.3296e-06,2.40568,0,0,0
4.54578,3,0,0,0,0,0,0,0,0,0,0
4.54578,4,0,0,0,0,0,0,0,0,0,0
4.54578,5,0,0,0,0,0,0,0,0,0,0
4.5988,0,2.04186,-3.97952,5.12564,0.482636,-0.500869,-0.0297682,1.57649,0,0,0
4.5988,1,4.98815,0.765351,5.09182,0.192042,-0.0709822,0.0139594,0.412858,0,0,0
4.5988,2,-1.41414,7.97144,1.31413,6.75472e-06,-7.3762e-06,1.31889e-06,2.40568,0,0,0
4.5988,3,0,0,0,0,0,0,0,0,0,0
4.5988,4,0,0,0,0,0,0,0,0,0,0
4.5988,5,0,0,0,0,0,0,0,0,0,0
4.64937,0,2.07527,-4.01455,5.12555,0.497695,-0.517934,-0.0253778,1.57649,0,0,0
4.64937,1,4.99673,0.763021,5.09269,0.182523,-0.0644377,0.0136514,0.412858,0,0,0
4.64937,2,-1.41414,7.97144,1.31413,6.7183e-06,-7.33612e-06,1.3017e-06,2.40568,0,0,0
4.64937,3,0,0,0,0,0,0,0,0,0,0
4.64937,4,0,0,0,0,0,0,0,0,0,0
4.64937,5,0,0,0,0,0,0,0,0,0,0
4.70215,0,2.10742,-4.04809,5.12556,0.507096,-0.5285,-0.0243562,1.52808,0,0,0
4.70215,1,5.00785,0.758154,5.09347,0.184137,-0.0684916,0.0133012,0.391817,0,0,0
4.70215,2,-1.41414,7.97144,1.31413,6.61608e-06,-7.22566e-06,1.30334e-06,2.40568,0,0,0
4.70215,3,0,0,0,0,0,0,0,0,0,0
4.70215,4,0,0,0,0,0,0,0,0,0,0
4.70215,5,0,0,0,0,0,0,0,0,0,0
4.76089,0,2.12727,-4.0693,5.12564,0.471158,-0.49329,-0.0243619,1.52808,0,0,0
4.76089,1,5.01602,0.755913,5.09438,0.172822,-0.0614258,0.012801,0.391817,0,0,0
4.76089,2,-1.41414,7.97144,1.31413,6.70816e-06,-7.31715e-06,1.28866e-06,2.40568,0,0,0
4.76089,3,0,0,0,0,0,0,0,0,0,0
4.76089,4,0,0,0,0,0,0,0,0,0,0
4.76089,5,0,0,0,0,0,0,0,0,0,0
4.81184,0,2.15258,-4.09612,5.12567,0.453821,-0.476907,-0.0229394,1.45257,0,0,0
4.81184,1,5.02665,0.751302,5.09515,0.174498,-0.0651524,0.0126842,0.371739,0,0,0
4.81184,2,-1.41414,7.97144,1.31413,6.59252e-06,-7.19327e-06,1.28364e-06,2.40568,0,0,0
4.81184,3,0,0,0,0,0,0,0,0,0,0
4.81184,4,0,0,0,0,0,0,0,0,0,0
4.81184,5,0,0,0,0,0,0,0,0,0,0
4.86759,0,2.16037,-4.10393,5.12556,0.480698,-0.503863,-0.0211537,1.45257,0,0,0
4.86759,1,5.03453,0.749257,5.09585,0.165847,-0.0588038,0.0121292,0.371739,0,0,0
4.86759,2,-1.41414,7.97144,1.31413,6.55212e-06,-7.14578e-06,1.2707e-06,2.40568,0,0,0
4.86759,3,0,0,0,0,0,0,0,0,0,0
4.86759,4,0,0,0,0,0,0,0,0,0,0
4.86759,5,0,0,0,0,0,0,0,0,0,0
4.92408,0,2.17545,-4.12021,5.12556,0.434306,-0.457723,-0.0172947,1.40467,0,0,0
4.92408,1,5.05176,0.742495,5.097,0.157255,-0.057583,0.0114494,0.352589,0,0,0
4.92408,2,-1.41414,7.97144,1.31413,6.38225e-06,-6.96359e-06,1.26438e-06,2.40568,0,0,0
4.92408,3,0,0,0,0,0,0,0,0,0,0
4.92408,4,0,0,0,0,0,0,0,0,0,0
4.92408,5,0,0,0,0,0,0,0,0,0,0
4.97468,0,2.20341,-4.14951,5.12546,0.44362,-0.467794,-0.00952185,1.40467,0,0,0
4.97468,1,5.05658,0.742657,5.09763,0.140597,-0.0442621,0.011625,0.352589,0,0,0
4.97468,2,-1.41414,7.97144,1.31413,6.59556e-06,-7.18312e-06,1.25286e-06,2.40568,0,0,0
4.97468,3,0,0,0,0,0,0,0,0,0,0
4.97468,4,0,0,0,0,0,0,0,0,0,0
4.97468,5,0,0,0,0,0,0,0,0,0,0
5.02779,0,2.24741,-4.19601,5.1256,0.418044,-0.442721,-0.00893019,1.34198,0,0,0
5.02779,1,5.05658,0.742657,5.09763,0.140597,-0.0442621,0.011625,0.340564,0,0,0
5.02779,2,-1.41414,7.97144,1.31413,6.28174e-06,-6.85208e-06,1.2353e-06,2.40568,0,0,0
5.02779,3,0,0,0,0,0,0,0,0,0,0
5.02779,4,0,0,0,0,0,0,0,0,0,0
5.02779,5,0,0,0,0,0,0,0,0,0,0
5.07794,0,2.26948,-4.21914,5.12561,0.4085,-0.432734,-0.0137272,1.34198,0,0,0
5.07794,1,5.07005,0.735719,5.09839,0.158724,-0.0596503,0.0113345,0.340564,0,0,0
5.07794,2,-1.41414,7.97144,1.31413,6.12886e-06,-6.68462e-06,1.23262e-06,2.40568,0,0,0
5.07794,3,0,0,0,0,0,0,0,0,0,0
5.07794,4,0,0,0,0,0,0,0,0,0,0
5.07794,5,0,0,0,0,0,0,0,0,0,0
5.13093,0,2.28055,-4.23118,5.12594,0.364755,-0.388403,-0.0204622,1.24599,0,0,0
5.13093,1,5.07784,0.732562,5.09908,0.153341,-0.0584948,0.0109139,0.317093,0,0,0
5.13093,2,-1.41414,7.97144,1.31413,6.07991e-06,-6.65129e-06,1.22049e-06,2.40568,0,0,0
5.13093,3,0,0,0,0,0,0,0,0,0,0
5.13093,4,0,0,0,0,0,0,0,0,0,0
5.13093,5,0,0,0,0,0,0,0,0,0,0
5.18128,0,2.30495,-4.25741,5.12594,0.361659,-0.377894,-0.0198346,1.24599,0,0,0
5.18128,1,5.08216,0.732577,5.09969,0.136116,-0.045765,0.0102766,0.317093,0,0,0
5.18128,2,-1.41414,7.97144,1.31413,6.0434e-06,-6.59231e-06,1.21946e-06,2.40568,0,0,0
5.18128,3,0,0,0,0,0,0,0,0,0,0
5.18128,4,0,0,0,0,0,0,0,0,0,0
5.18128,5,0,0,0,0,0,0,0,0,0,0
5.24121,0,2.30517,-4.25719,5.12559,0.362549,-0.377264,-0.0145124,1.19382,0,0,0
5.24121,1,5.09329,0.726856,5.10038,0.146848,-0.0565747,0.00971867,0.30057,0,0,0
5.24121,2,-1.41414,7.97143,1.31413,6.13887e-06,-6.78141e-06,1.20207e-06,2.40568,0,0,0
5.24121,3,0,0,0,0,0,0,0,0,0,0
5.24121,4,0,0,0,0,0,0,0,0,0,0
5.24121,5,0,0,0,0,0,0,0,0,0,0
5.29163,0,2.32615,-4.27883,5.12532,0.355685,-0.370001,-0.0100381,1.19382,0,0,0
5.29163,1,5.10102,0.724456,5.10098,0.143373,-0.0535593,0.00962961,0.30057,0,0,0
5.29163,2,-1.41413,7.97143,1.31413,6.22543e-06,-6.91009e-06,1.19764e-06,2.40568,0,0,0
5.29163,3,0,0,0,0,0,0,0,0,0,0
5.29163,4,0,0,0,0,0,0,0,0,0,0
5.29163,5,0,0,0,0,0,0,0,0,0,0
5.34699,0,2.35868,-4.31331,5.12568,0.321429,-0.337295,-0.00744484,1.16368,0,0,0
5.34699,1,5.1137,0.72027,5.10095,0.129476,-0.046611,0.00983677,0.279163,0,0,0
5.34699,2,-1.41413,7.97143,1.31413,5.78877e-06,-6.46254e-06,1.18619e-06,2.40568,0,0,0
5.34699,3,0,0,0,0,0,0,0,0,0,0
5.34699,4,0,0,0,0,0,0,0,0,0,0
5.34699,5,0,0,0,0,0,0,0,0,0,0
5.40231,0,2.39358,-4.34967,5.12594,0.365545,-0.383297,-0.0118724,1.16368,0,0,0
5.40231,1,5.12798,0.714604,5.1026,0.124304,-0.0461749,0.00869322,0.279163,0,0,0
5.40231,2,-1.41413,7.97143,1.31413,5.99687e-06,-6.65721e-06,1.18484e-06,2.40568,0,0,0
5.40231,3,0,0,0,0,0,0,0,0,0,0
5.40231,4,0,0,0,0,0,0,0,0,0,0
5.40231,5,0,0,0,0,0,0,0,0,0,0
5.45751,0,2.41111,-4.36849,5.12583,0.351411,-0.370467,-0.0205537,1.06589,0,0,0
5.45751,1,5.13476,0.712276,5.10316,0.121466,-0.0445604,0.0086481,0.263721,0,0,0
5.45751,2,-1.41413,7.97143,1.31413,5.71506e-06,-6.33988e-06,1.17376e-06,2.40568,0,0,0
5.45751,3,0,0,0,0,0,0,0,0,0,0
5.45751,4,0,0,0,0,0,0,0,0,0,0
5.45751,5,0,0,0,0,0,0,0,0,0,0
5.50767,0,2.43483,-4.39339,5.12596,0.356243,-0.375874,-0.0245998,1.06589,0,0,0
5.50767,1,5.14083,0.71016,5.10317,0.116887,-0.0425015,0.00884806,0.263721,0,0,0
5.50767,2,-1.41413,7.97143,1.31413,5.85645e-06,-6.46833e-06,1.17499e-06,2.40568,0,0,0
5.50767,3,0,0,0,0,0,0,0,0,0,0
5.50767,4,0,0,0,0,0,0,0,0,0,0
5.50767,5,0,0,0,0,0,0,0,0,0,0
5.5594,0,2.45193,-4.41184,5.12593,0.333539,-0.364158,-0.0224975,1.00578,0,0,0
5.5594,1,5.14083,0.71016,5.10317,0.116887,-0.0425015,0.00884806,0.250131,0,0,0
5.5594,2,-1.41413,7.97143,1.31413,5.74264e-06,-6.34112e-06,1.15691e-06,2.40568,0,0,0
5.5594,3,0,0,0,0,0,0,0,0,0,0
5.5594,4,0,0,0,0,0,0,0,0,0,0
5.5594,5,0,0,0,0,0,0,0,0,0,0
5.61215,0,2.47442,-4.43394,5.12593,0.347451,-0.359513,-0.023576,1.00578,0,0,0
5.61215,1,5.1521,0.706045,5.10462,0.107255,-0.0389282,0.0082659,0.250131,0,0,0
5.61215,2,-1.41413,7.97143,1.31413,5.92044e-06,-6.51122e-06,1.18949e-06,2.40568,0,0,0
5.61215,3,0,0,0,0,0,0,0,0,0,0
5.61215,4,0,0,0,0,0,0,0,0,0,0
5.61215,5,0,0,0,0,0,0,0,0,0,0
5.66525,0,2.48383,-4.4448,5.12597,0.307405,-0.322685,-0.0193198,0.949115,0,0,0
5.66525,1,5.1521,0.706045,5.10462,0.107255,-0.0389282,0.0082659,0.238048,0,0,0
5.66525,2,-1.41413,7.97143,1.31413,5.57102e-06,-6.13809e-06,1.20788e-06,2.40568,0,0,0
5.66525,3,0,0,0,0,0,0,0,0,0,0
5.66525,4,0,0,0,0,0,0,0,0,0,0
5.66525,5,0,0,0,0,0,0,0,0,0,0
5.71826,0,2.49739,-4.45952,5.12579,0.28814,-0.305206,-0.0142783,0.949115,0,0,0
5.71826,1,5.15779,0.703755,5.10507,0.101672,-0.0375179,0.00809101,0.238048,0,0,0
5.71826,2,-1.41413,7.97143,1.31413,5.33652e-06,-5.86751e-06,1.21473e-06,2.40568,0,0,0
5.71826,3,0,0,0,0,0,0,0,0,0,0
5.71826,4,0,0,0,0,0,0,0,0,0,0
5.71826,5,0,0,0,0,0,0,0,0,0,0
5.77127,0,2.49728,-4.45963,5.12583,0.287794,-0.30573,-0.0097897,0.914746,0,0,0
5.77127,1,5.16206,0.70293,5.10557,0.092516,-0.0317381,0.00794453,0.227581,0,0,0
5.77127,2,-1.41413,7.97143,1.31413,5.34251e-06,-5.8641e-06,1.20981e-06,2.40568,0,0,0
5.77127,3,0,0,0,0,0,0,0,0,0,0
5.77127,4,0,0,0,0,0,0,0,0,0,0
5.77127,5,0,0,0,0,0,0,0,0,0,0
5.82143,0,2.52775,-4.492,5.12592,0.265544,-0.285064,-0.00428506,0.914746,0,0,0
5.82143,1,5.16854,0.699853,5.10599,0.0938038,-0.034755,0.00804117,0.227581,0,0,0
5.82143,2,-1.41413,7.97143,1.31413,5.76958e-06,-6.30097e-06,1.20867e-06,2.40568,0,0,0
5.82143,3,0,0,0,0,0,0,0,0,0,0
5.82143,4,0,0,0,0,0,0,0,0,0,0
5.82143,5,0,0,0,0,0,0,0,0,0,0
5.87415,0,2.53741,-4.50247,5.12606,0.241734,-0.261592,-0.00161531,0.870284,0,0,0
5.87415,1,5.1735,0.697728,5.10641,0.0902741,-0.0345328,0.00790873,0.215029,0,0,0
5.87415,2,-1.41413,7.97143,1.31413,5.69887e-06,-6.22935e-06,1.19282e-06,2.40568,0,0,0
5.87415,3,0,0,0,0,0,0,0,0,0,0
5.87415,4,0,0,0,0,0,0,0,0,0,0
5.87415,5,0,0,0,0,0,0,0,0,0,0
5.92938,0,2.5412,-4.50612,5.1261,0.255864,-0.275264,-0.00308031,0.870284,0,0,0
5.92938,1,5.17842,0.696275,5.10689,0.0862065,-0.0317612,0.00773743,0.215029,0,0,0
5.92938,2,-1.41413,7.97143,1.31413,5.42935e-06,-5.94264e-06,1.1738e-06,2.40568,0,0,0
5.92938,3,0,0,0,0,0,0,0,0,0,0
5.92938,4,0,0,0,0,0,0,0,0,0,0
5.92938,5,0,0,0,0,0,0,0,0,0,0
5.97951,0,2.55454,-4.52025,5.12611,0.246204,-0.265689,-0.00101253,0.850782,0,0,0
5.97951,1,5.18322,0.694532,5.1073,0.081636,-0.0299924,0.00759748,0.20476,0,0,0
5.97951,2,-1.41413,7.97143,1.31413,5.41138e-06,-5.91564e-06,1.16899e-06,2.40568,0,0,0
5.97951,3,0,0,0,0,0,0,0,0,0,0
5.97951,4,0,0,0,0,0,0,0,0,0,0
5.97951,5,0,0,0,0,0,0,0,0,0,0
6.02968,0,2.57037,-4.53698,5.12614,0.244886,-0.26465,0.000234181,0.850782,0,0,0
6.02968,1,5.18753,0.692544,5.10766,0.0782025,-0.0301913,0.0074506,0.20476,0,0,0
6.02968,2,-1.41413,7.97143,1.31413,5.54583e-06,-6.05111e-06,1.15691e-06,2.40568,0,0,0
6.02968,3,0,0,0,0,0,0,0,0,0,0
6.02968,4,0,0,0,0,0,0,0,0,0,0
6.02968,5,0,0,0,0,0,0,0,0,0,0
6.08255,0,2.58351,-4.55087,5.12614,0.231451,-0.250818,-0.00109355,0.808318,0,0,0
6.08255,1,5.19195,0.690917,5.10804,0.0756677,-0.0293099,0.00732037,0.19529,0,0,0
6.08255,2,-1.41413,7.97143,1.31413,5.44605e-06,-5.94743e-06,1.14939e-06,2.40568,0,0,0
6.08255,3,0,0,0,0,0,0,0,0,0,0
6.08255,4,0,0,0,0,0,0,0,0,0,0
6.08255,5,0,0,0,0,0,0,0,0,0,0
6.13893,0,2.59664,-4.56473,5.12611,0.223415,-0.242443,-0.0031141,0.808318,0,0,0
6.13893,1,5.19594,0.68981,5.10848,0.0720365,-0.0266873,0.00699957,0.19529,0,0,0
6.13893,2,-1.41413,7.97143,1.31413,5.41716e-06,-5.91116e-06,1.14273e-06,2.40568,0,0,0
6.13893,3,0,0,0,0,0,0,0,0,0,0
6.13893,4,0,0,0,0,0,0,0,0,0,0
6.13893,5,0,0,0,0,0,0,0,0,0,0
6.19227,0,2.62041,-4.59014,5.12608,0.207748,-0.2271,-0.00423179,0.770108,0,0,0
6.19227,1,5.2004,0.688327,5.10854,0.0698025,-0.0253959,0.00720286,0.186455,0,0,0
6.19227,2,-1.41413,7.97143,1.31413,5.38871e-06,-5.87775e-06,1.13123e-06,2.40568,0,0,0
6.19227,3,0,0,0,0,0,0,0,0,0,0
6.19227,4,0,0,0,0,0,0,0,0,0,0
6.19227,5,0,0,0,0,0,0,0,0,0,0
6.24539,0,2.63006,-4.60041,5.12601,0.19447,-0.213365,-0.00486314,0.770108,0,0,0
6.24539,1,5.20505,0.686403,5.10899,0.0694114,-0.0260232,0.00705726,0.186455,0,0,0
6.24539,2,-1.41413,7.97143,1.31413,5.30799e-06,-5.79137e-06,1.11926e-06,2.40568,0,0,0
6.24539,3,0,0,0,0,0,0,0,0,0,0
6.24539,4,0,0,0,0,0,0,0,0,0,0
6.24539,5,0,0,0,0,0,0,0,0,0,0
6.29554,0,2.6458,-4.61693,5.12599,0.203138,-0.222043,-0.00677675,0.72122,0,0,0
6.29554,1,5.20554,0.686295,5.10935,0.0711725,-0.0264701,0.00698739,0.180885,0,0,0
6.29554,2,-1.41413,7.97143,1.31413,4.87663e-06,-5.34141e-06,1.11569e-06,2.40568,0,0,0
6.29554,3,0,0,0,0,0,0,0,0,0,0
6.29554,4,0,0,0,0,0,0,0,0,0,0
6.29554,5,0,0,0,0,0,0,0,0,0,0
6.34583,0,2.65804,-4.62988,5.12594,0.199707,-0.218403,-0.0066771,0.72122,0,0,0
6.34583,1,5.2128,0.683633,5.10971,0.0644905,-0.0239329,0.00691485,0.180885,0,0,0
6.34583,2,-1.41413,7.97143,1.31413,4.87663e-06,-5.34141e-06,1.11569e-06,2.40568,0,0,0
6.34583,3,0,0,0,0,0,0,0,0,0,0
6.34583,4,0,0,0,0,0,0,0,0,0,0
6.34583,5,0,0,0,0,0,0,0,0,0,0
6.40114,0,2.66992,-4.64243,5.1259,0.195911,-0.214282,-0.00692505,0.680585,0,0,0
6.40114,1,5.2165,0.682285,5.11008,0.0621583,-0.0230396,0.00686077,0.169194,0,0,0
6.40114,2,-1.41413,7.97143,1.31413,5.46732e-06,-5.8115e-06,1.09699e-06,2.40568,0,0,0
6.40114,3,0,0,0,0,0,0,0,0,0,0
6.40114,4,0,0,0,0,0,0,0,0,0,0
6.40114,5,0,0,0,0,0,0,0,0,0,0
6.45399,0,2.68143,-4.65457,5.12585,0.191751,-0.209729,-0.00670546,0.680585,0,0,0
6.45399,1,5.21911,0.68122,5.11039,0.0564442,-0.0210999,0.00668822,0.169194,0,0,0
6.45399,2,-1.41413,7.97143,1.31413,5.35566e-06,-5.74262e-06,1.09331e-06,2.40568,0,0,0
6.45399,3,0,0,0,0,0,0,0,0,0,0
6.45399,4,0,0,0,0,0,0,0,0,0,0
6.45399,5,0,0,0,0,0,0,0,0,0,0
6.51441,0,2.69346,-4.66735,5.12579,0.186175,-0.203883,-0.0061524,0.646576,0,0,0
6.51441,1,5.2264,0.678807,5.1111,0.0545257,-0.0197715,0.00642054,0.163273,0,0,0
6.51441,2,-1.41413,7.97143,1.31413,5.31687e-06,-5.72754e-06,1.08644e-06,2.40568,0,0,0
6.51441,3,0,0,0,0,0,0,0,0,0,0
6.51441,4,0,0,0,0,0,0,0,0,0,0
6.51441,5,0,0,0,0,0,0,0,0,0,0
6.56933,0,2.70565,-4.68013,5.12576,0.186125,-0.203331,-0.00597909,0.646576,0,0,0
6.56933,1,5.22742,0.678012,5.11141,0.0582986,-0.022759,0.00628027,0.157401,0,0,0
6.56933,2,-1.41413,7.97143,1.31413,5.28037e-06,-5.70747e-06,1.08383e-06,2.40568,0,0,0
6.56933,3,0,0,0,0,0,0,0,0,0,0
6.56933,4,0,0,0,0,0,0,0,0,0,0
6.56933,5,0,0,0,0,0,0,0,0,0,0
6.62244,0,2.71643,-4.69152,5.1257,0.180027,-0.196733,-0.00573688,0.611364,0,0,0
6.62244,1,5.23252,0.676989,5.11177,0.0483274,-0.0160624,0.00613534,0.157401,0,0,0
6.62244,2,-1.41413,7.97143,1.31413,5.24666e-06,-5.68324e-06,1.06983e-06,2.40568,0,0,0
6.62244,3,0,0,0,0,0,0,0,0,0,0
6.62244,4,0,0,0,0,0,0,0,0,0,0
6.62244,5,0,0,0,0,0,0,0,0,0,0
6.67978,0,2.72593,-4.7015,5.12561,0.172778,-0.188759,-0.00554475,0.611364,0,0,0
6.67978,1,5.23733,0.674406,5.1123,0.0517787,-0.0202126,0.00592848,0.152243,0,0,0
6.67978,2,-1.41413,7.97143,1.31413,5.21181e-06,-5.65929e-06,1.06889e-06,2.40568,0,0,0
6.67978,3,0,0,0,0,0,0,0,0,0,0
6.67978,4,0,0,0,0,0,0,0,0,0,0
6.67978,5,0,0,0,0,0,0,0,0,0,0
6.73104,0,2.73371,-4.7098,5.12553,0.159464,-0.174778,-0.00506055,0.581904,0,0,0
6.73104,1,5.23756,0.674636,5.11234,0.0525808,-0.0194118,0.00587032,0.152243,0,0,0
6.73104,2,-1.41413,7.97143,1.31413,5.07608e-06,-5.52939e-06,1.05144e-06,2.40568,0,0,0
6.73104,3,0,0,0,0,0,0,0,0,0,0
6.73104,4,0,0,0,0,0,0,0,0,0,0
6.73104,5,0,0,0,0,0,0,0,0,0,0
6.78657,0,2.73687,-4.71273,5.12548,0.171136,-0.185669,-0.00498103,0.581904,0,0,0
6.78657,1,5.24085,0.673592,5.11265,0.0510884,-0.0183238,0.00568088,0.146673,0,0,0
6.78657,2,-1.41413,7.97143,1.31413,5.05943e-06,-5.51706e-06,1.05056e-06,2.40568,0,0,0
6.78657,3,0,0,0,0,0,0,0,0,0,0
6.78657,4,0,0,0,0,0,0,0,0,0,0
6.78657,5,0,0,0,0,0,0,0,0,0,0
6.83671,0,2.74638,-4.72277,5.12538,0.16638,-0.180452,-0.00426715,0.56623,0,0,0
6.83671,1,5.24442,0.672089,5.11297,0.0516684,-0.0193929,0.00567672,0.146673,0,0,0
6.83671,2,-1.41413,7.97143,1.31413,5.23537e-06,-5.7083e-06,1.03802e-06,2.40568,0,0,0
6.83671,3,0,0,0,0,0,0,0,0,0,0
6.83671,4,0,0,0,0,0,0,0,0,0,0
6.83671,5,0,0,0,0,0,0,0,0,0,0
6.88972,0,2.76354,-4.74113,5.12535,0.152999,-0.166848,-0.00333909,0.56623,0,0,0
6.88972,1,5.24747,0.671002,5.11326,0.0503474,-0.0187747,0.00557321,0.139328,0,0,0
6.88972,2,-1.41413,7.97143,1.31413,5.18163e-06,-5.66223e-06,1.03434e-06,2.40568,0,0,0
6.88972,3,0,0,0,0,0,0,0,0,0,0
6.88972,4,0,0,0,0,0,0,0,0,0,0
6.88972,5,0,0,0,0,0,0,0,0,0,0
6.94011,0,2.77377,-4.75169,5.12525,0.150168,-0.162863,-0.00330927,0.527265,0,0,0
6.94011,1,5.25285,0.669036,5.11382,0.045961,-0.0171126,0.00522643,0.139328,0,0,0
6.94011,2,-1.41413,7.97142,1.31413,5.0835e-06,-5.56275e-06,1.04255e-06,2.40568,0,0,0
6.94011,3,0,0,0,0,0,0,0,0,0,0
6.94011,4,0,0,0,0,0,0,0,0,0,0
6.94011,5,0,0,0,0,0,0,0,0,0,0
6.99593,0,2.78106,-4.75962,5.12519,0.14159,-0.154435,-0.00427326,0.527265,0,0,0
6.99593,1,5.25608,0.667575,5.11405,0.0462418,-0.0182408,0.00514577,0.13033,0,0,0
6.99593,2,-1.41413,7.97142,1.31413,4.99618e-06,-5.47175e-06,1.03658e-06,2.40568,0,0,0
6.99593,3,0,0,0,0,0,0,0,0,0,0
6.99593,4,0,0,0,0,0,0,0,0,0,0
6.99593,5,0,0,0,0,0,0,0,0,0,0
7.04609,0,2.78438,-4.76281,5.12509,0.153956,-0.166376,-0.00465841,0.501794,0,0,0
7.04609,1,5.25869,0.666913,5.11435,0.0438602,-0.0162975,0.00494604,0.13033,0,0,0
7.04609,2,-1.41413,7.97142,1.31413,4.96666e-06,-5.43978e-06,1.0297e-06,2.40568,0,0,0
7.04609,3,0,0,0,0,0,0,0,0,0,0
7.04609,4,0,0,0,0,0,0,0,0,0,0
7.04609,5,0,0,0,0,0,0,0,0,0,0
7.0966,0,2.79295,-4.77186,5.12501,0.148083,-0.159999,-0.00421766,0.501794,0,0,0
7.0966,1,5.26171,0.665585,5.11455,0.0433677,-0.0169469,0.00480231,0.124086,0,0,0
7.0966,2,-1.41413,7.97142,1.31414,4.88679e-06,-5.35742e-06,1.02393e-06,2.40568,0,0,0
7.0966,3,0,0,0,0,0,0,0,0,0,0
7.0966,4,0,0,0,0,0,0,0,0,0,0
7.0966,5,0,0,0,0,0,0,0,0,0,0
7.1579,0,2.79962,-4.77892,5.12502,0.138075,-0.149411,-0.00334238,0.484734,0,0,0
7.1579,1,5.26171,0.665585,5.11455,0.0433677,-0.0169469,0.00480231,0.124086,0,0,0
7.1579,2,-1.41413,7.97142,1.31414,4.81626e-06,-5.28139e-06,1.02338e-06,2.40568,0,0,0
7.1579,3,0,0,0,0,0,0,0,0,0,0
7.1579,4,0,0,0,0,0,0,0,0,0,0
7.1579,5,0,0,0,0,0,0,0,0,0,0
7.20807,0,2.80944,-4.78923,5.1249,0.13994,-0.150969,-0.00330884,0.484734,0,0,0
7.20807,1,5.26748,0.663689,5.11514,0.041957,-0.0157423,0.00444863,0.118328,0,0,0
7.20807,2,-1.41412,7.97142,1.31414,4.93838e-06,-5.40713e-06,1.0151e-06,2.40568,0,0,0
7.20807,3,0,0,0,0,0,0,0,0,0,0
7.20807,4,0,0,0,0,0,0,0,0,0,0
7.20807,5,0,0,0,0,0,0,0,0,0,0
7.26386,0,2.81581,-4.79601,5.12488,0.128995,-0.139539,-0.00307541,0.460782,0,0,0
7.26386,1,5.26966,0.662805,5.11536,0.0396326,-0.0151518,0.00435417,0.118328,0,0,0
7.26386,2,-1.41412,7.97142,1.31414,4.89751e-06,-5.36498e-06,1.01619e-06,2.40568,0,0,0
7.26386,3,0,0,0,0,0,0,0,0,0,0
7.26386,4,0,0,0,0,0,0,0,0,0,0
7.26386,5,0,0,0,0,0,0,0,0,0,0
7.31592,0,2.82524,-4.8059,5.12481,0.131473,-0.14174,-0.00320024,0.437814,0,0,0
7.31592,1,5.27267,0.661715,5.1156,0.0399394,-0.0148889,0.00422947,0.112336,0,0,0
7.31592,2,-1.41412,7.97142,1.31414,4.67558e-06,-5.13018e-06,1.00939e-06,2.40568,0,0,0
7.31592,3,0,0,0,0,0,0,0,0,0,0
7.31592,4,0,0,0,0,0,0,0,0,0,0
7.31592,5,0,0,0,0,0,0,0,0,0,0
7.37101,0,2.83443,-4.81557,5.12474,0.132978,-0.143038,-0.00322894,0.437814,0,0,0
7.37101,1,5.2751,0.660806,5.11583,0.0385919,-0.0145828,0.00412614,0.112336,0,0,0
7.37101,2,-1.41412,7.97142,1.31414,4.67009e-06,-5.11927e-06,1.05789e-06,2.40568,0,0,0
7.37101,3,0,0,0,0,0,0,0,0,0,0
7.37101,4,0,0,0,0,0,0,0,0,0,0
7.37101,5,0,0,0,0,0,0,0,0,0,0
7.42177,0,2.8419,-4.82345,5.12468,0.12811,-0.137797,-0.00331163,0.413618,0,0,0
7.42177,1,5.2771,0.660236,5.11602,0.0364225,-0.0132682,0.00403728,0.106515,0,0,0
7.42177,2,-1.41412,7.97142,1.31414,4.74948e-06,-5.19943e-06,1.07051e-06,2.40568,0,0,0
7.42177,3,0,0,0,0,0,0,0,0,0,0
7.42177,4,0,0,0,0,0,0,0,0,0,0
7.42177,5,0,0,0,0,0,0,0,0,0,0
7.4721,0,2.8492,-4.83114,5.12462,0.12517,-0.134528,-0.00336514,0.413618,0,0,0
7.4721,1,5.27942,0.659256,5.11614,0.0358294,-0.0136778,0.00406216,0.106515,0,0,0
7.4721,2,-1.41412,7.97142,1.31414,4.8582e-06,-5.3136e-06,1.07348e-06,2.40568,0,0,0
7.4721,3,0,0,0,0,0,0,0,0,0,0
7.4721,4,0,0,0,0,0,0,0,0,0,0
7.4721,5,0,0,0,0,0,0,0,0,0,0
7.52483,0,2.85487,-4.83719,5.12455,0.116821,-0.125858,-0.00312298,0.394723,0,0,0
7.52483,1,5.28149,0.658939,5.11642,0.034391,-0.0117591,0.00385598,0.101923,0,0,0
7.52483,2,-1.41412,7.97142,1.31414,4.63291e-06,-5.07557e-06,1.07373e-06,2.40568,0,0,0
7.52483,3,0,0,0,0,0,0,0,0,0,0
7.52483,4,0,0,0,0,0,0,0,0,0,0
7.52483,5,0,0,0,0,0,0,0,0,0,0
7.57533,0,2.86322,-4.84593,5.12449,0.119993,-0.128799,-0.00296922,0.394723,0,0,0
7.57533,1,5.28489,0.657216,5.11668,0.0368029,-0.0144075,0.00375088,0.101923,0,0,0
7.57533,2,-1.41412,7.97142,1.31414,4.75418e-06,-5.19852e-06,1.06972e-06,2.40568,0,0,0
7.57533,3,0,0,0,0,0,0,0,0,0,0
7.57533,4,0,0,0,0,0,0,0,0,0,0
7.57533,5,0,0,0,0,0,0,0,0,0,0
7.62821,0,2.86994,-4.85304,5.12442,0.116818,-0.125432,-0.00271594,0.37285,0,0,0
7.62821,1,5.28718,0.656457,5.11688,0.0362435,-0.0140221,0.00361519,0.0960544,0,0,0
7.62821,2,-1.41412,7.97142,1.31414,4.71662e-06,-5.16008e-06,1.06622e-06,2.40568,0,0,0
7.62821,3,0,0,0,0,0,0,0,0,0,0
7.62821,4,0,0,0,0,0,0,0,0,0,0
7.62821,5,0,0,0,0,0,0,0,0,0,0
7.67998,0,2.87651,-4.85995,5.12437,0.113788,-0.12207,-0.00265314,0.37285,0,0,0
7.67998,1,5.28862,0.656099,5.11706,0.0324215,-0.0119334,0.00348826,0.0960544,0,0,0
7.67998,2,-1.41412,7.97142,1.31414,4.4619e-06,-4.88742e-06,1.03345e-06,2.40568,0,0,0
7.67998,3,0,0,0,0,0,0,0,0,0,0
7.67998,4,0,0,0,0,0,0,0,0,0,0
7.67998,5,0,0,0,0,0,0,0,0,0,0
7.73137,0,2.88162,-4.8654,5.12426,0.105981,-0.11396,-0.00242907,0.355851,0,0,0
7.73137,1,5.29048,0.655825,5.11705,0.0310729,-0.0102217,0.00354551,0.0921527,0,0,0
7.73137,2,-1.41412,7.97142,1.31414,4.55299e-06,-4.97613e-06,1.02017e-06,2.40568,0,0,0
7.73137,3,0,0,0,0,0,0,0,0,0,0
7.73137,4,0,0,0,0,0,0,0,0,0,0
7.73137,5,0,0,0,0,0,0,0,0,0,0
7.78152,0,2.88916,-4.87329,5.12422,0.108654,-0.116414,-0.00226981,0.355851,0,0,0
7.78152,1,5.2929,0.654573,5.11725,0.0312516,-0.0115866,0.00345866,0.0921527,0,0,0
7.78152,2,-1.41412,7.97142,1.31414,4.53716e-06,-4.95682e-06,1.00009e-06,2.40568,0,0,0
7.78152,3,0,0,0,0,0,0,0,0,0,0
7.78152,4,0,0,0,0,0,0,0,0,0,0
7.78152,5,0,0,0,0,0,0,0,0,0,0
7.83168,0,2.89401,-4.87847,5.12422,0.101114,-0.108634,-0.00203819,0.337837,0,0,0
7.83168,1,5.2929,0.654573,5.11725,0.0312516,-0.0115866,0.00345866,0.0876112,0,0,0
7.83168,2,-1.41412,7.97142,1.31414,4.5203e-06,-4.93873e-06,9.89824e-07,2.40568,0,0,0
7.83168,3,0,0,0,0,0,0,0,0,0,0
7.83168,4,0,0,0,0,0,0,0,0,0,0
7.83168,5,0,0,0,0,0,0,0,0,0,0
7.8869,0,2.90169,-4.88689,5.12414,0.104036,-0.112551,-0.00206269,0.337837,0,0,0
7.8869,1,5.29795,0.652738,5.11776,0.0326429,-0.0123643,0.00318336,0.0876112,0,0,0
7.8869,2,-1.41412,7.97142,1.31414,4.63301e-06,-5.05444e-06,9.74493e-07,2.40568,0,0,0
7.8869,3,0,0,0,0,0,0,0,0,0,0
7.8869,4,0,0,0,0,0,0,0,0,0,0
7.8869,5,0,0,0,0,0,0,0,0,0,0
7.93713,0,2.90694,-4.89222,5.1241,0.0990782,-0.106349,-0.00196307,0.318966,0,0,0
7.93713,1,5.29795,0.652738,5.11776,0.0326429,-0.0123643,0.00318336,0.0822105,0,0,0
7.93713,2,-1.41412,7.97142,1.31414,4.59492e-06,-5.01451e-06,9.64062e-07,2.40568,0,0,0
7.93713,3,0,0,0,0,0,0,0,0,0,0
7.93713,4,0,0,0,0,0,0,0,0,0,0
7.93713,5,0,0,0,0,0,0,0,0,0,0
7.98728,0,2.91153,-4.897,5.12409,0.091509,-0.0980234,-0.00184028,0.318966,0,0,0
7.98728,1,5.30002,0.651895,5.11793,0.0323666,-0.0126205,0.0030861,0.0822105,0,0,0
7.98728,2,-1.41412,7.97142,1.31414,4.56051e-06,-4.97669e-06,9.51147e-07,2.40568,0,0,0
7.98728,3,0,0,0,0,0,0,0,0,0,0
7.98728,4,0,0,0,0,0,0,0,0,0,0
7.98728,5,0,0,0,0,0,0,0,0,0,0
8.0375,0,2.91934,-4.90516,5.12404,0.0984804,-0.104939,-0.00179481,0.301046,0,0,0
8.0375,1,5.30176,0.651447,5.1181,0.0310197,-0.0114825,0.00293058,0.0781757,0,0,0
8.0375,2,-1.41412,7.97142,1.31414,4.35525e-06,-4.76196e-06,9.38266e-07,2.40568,0,0,0
8.0375,3,0,0,0,0,0,0,0,0,0,0
8.0375,4,0,0,0,0,0,0,0,0,0,0
8.0375,5,0,0,0,0,0,0,0,0,0,0
8.09021,0,2.92365,-4.90972,5.12401,0.0915092,-0.0976114,-0.00159636,0.301046,0,0,0
8.09021,1,5.30546,0.65014,5.11825,0.0290574,-0.0106793,0.00289171,0.0781757,0,0,0
8.09021,2,-1.41412,7.97142,1.31414,4.3097e-06,-4.70872e-06,9.3696e-07,2.40568,0,0,0
8.09021,3,0,0,0,0,0,0,0,0,0,0
8.09021,4,0,0,0,0,0,0,0,0,0,0
8.09021,5,0,0,0,0,0,0,0,0,0,0
8.14317,0,2.92786,-4.91422,5.12397,0.0843318,-0.090226,-0.0015845,0.288611,0,0,0
8.14317,1,5.30546,0.65014,5.11825,0.0290574,-0.0106793,0.00289171,0.0742537,0,0,0
8.14317,2,-1.41412,7.97142,1.31414,4.48052e-06,-4.88385e-06,9.15181e-07,2.40568,0,0,0
8.14317,3,0,0,0,0,0,0,0,0,0,0
8.14317,4,0,0,0,0,0,0,0,0,0,0
8.14317,5,0,0,0,0,0,0,0,0,0,0
8.19621,0,2.9351,-4.9218,5.12394,0.0897829,-0.0956418,-0.00155299,0.288611,0,0,0
8.19621,1,5.30723,0.649582,5.11855,0.0281362,-0.0100966,0.00266822,0.0742537,0,0,0
8.19621,2,-1.41412,7.97142,1.31414,4.45249e-06,-4.85304e-06,9.0572e-07,2.40568,0,0,0
8.19621,3,0,0,0,0,0,0,0,0,0,0
8.19621,4,0,0,0,0,0,0,0,0,0,0
8.19621,5,0,0,0,0,0,0,0,0,0,0
8.24894,0,2.94008,-4.92709,5.12392,0.0861636,-0.091882,-0.00139969,0.270858,0,0,0
8.24894,1,5.30899,0.648765,5.11869,0.0275934,-0.0105211,0.00265627,0.0704434,0,0,0
8.24894,2,-1.41412,7.97142,1.31414,4.54957e-06,-4.95573e-06,8.90834e-07,2.40568,0,0,0
8.24894,3,0,0,0,0,0,0,0,0,0,0
8.24894,4,0,0,0,0,0,0,0,0,0,0
8.24894,5,0,0,0,0,0,0,0,0,0,0
8.29909,0,2.94495,-4.93223,5.1239,0.0828776,-0.0883737,-0.00141452,0.270858,0,0,0
8.29909,1,5.31089,0.647997,5.11881,0.0279158,-0.0110067,0.00264481,0.0704434,0,0,0
8.29909,2,-1.41412,7.97142,1.31414,4.29333e-06,-4.68711e-06,8.87521e-07,2.40568,0,0,0
8.29909,3,0,0,0,0,0,0,0,0,0,0
8.29909,4,0,0,0,0,0,0,0,0,0,0
8.29909,5,0,0,0,0,0,0,0,0,0,0
8.35209,0,2.94968,-4.93725,5.12387,0.080782,-0.0861876,-0.00132047,0.256883,0,0,0
8.35209,1,5.31254,0.647566,5.11895,0.0266157,-0.00993284,0.00258177,0.0666887,0,0,0
8.35209,2,-1.41412,7.97142,1.31414,4.24314e-06,-4.6303e-06,8.92777e-07,2.40568,0,0,0
8.35209,3,0,0,0,0,0,0,0,0,0,0
8.35209,4,0,0,0,0,0,0,0,0,0,0
8.35209,5,0,0,0,0,0,0,0,0,0,0
8.41142,0,2.9552,-4.94308,5.12385,0.0811208,-0.0864928,-0.00121038,0.256883,0,0,0
8.41142,1,5.31402,0.647076,5.1191,0.0253421,-0.00930643,0.00244037,0.0666887,0,0,0
8.41142,2,-1.41412,7.97142,1.31414,4.36221e-06,-4.75143e-06,8.7556e-07,2.40568,0,0,0
8.41142,3,0,0,0,0,0,0,0,0,0,0
8.41142,4,0,0,0,0,0,0,0,0,0,0
8.41142,5,0,0,0,0,0,0,0,0,0,0
8.46664,0,2.95875,-4.94688,5.12383,0.075216,-0.0803999,-0.0011083,0.243654,0,0,0
8.46664,1,5.31563,0.64656,5.11924,0.0244274,-0.0087823,0.00237981,0.0634219,0,0,0
8.46664,2,-1.41412,7.97142,1.31414,4.16842e-06,-4.55164e-06,8.78905e-07,2.40568,0,0,0
8.46664,3,0,0,0,0,0,0,0,0,0,0
8.46664,4,0,0,0,0,0,0,0,0,0,0
8.46664,5,0,0,0,0,0,0,0,0,0,0
8.52138,0,2.96399,-4.95238,5.12382,0.0766566,-0.0817264,-0.00108483,0.243654,0,0,0
8.52138,1,5.31746,0.645815,5.11949,0.0250217,-0.00933509,0.00227265,0.0634219,0,0,0
8.52138,2,-1.41412,7.97142,1.31414,4.33534e-06,-4.72245e-06,8.79709e-07,2.40568,0,0,0
8.52138,3,0,0,0,0,0,0,0,0,0,0
8.52138,4,0,0,0,0,0,0,0,0,0,0
8.52138,5,0,0,0,0,0,0,0,0,0,0
8.57157,0,2.96649,-4.95511,5.1238,0.0652897,-0.070028,-0.000876112,0.23235,0,0,0
8.57157,1,5.31891,0.645311,5.11949,0.0243838,-0.00903315,0.00234293,0.0614349,0,0,0
8.57157,2,-1.41412,7.97142,1.31414,4.30427e-06,-4.69552e-06,8.71453e-07,2.40568,0,0,0
8.57157,3,0,0,0,0,0,0,0,0,0,0
8.57157,4,0,0,0,0,0,0,0,0,0,0
8.57157,5,0,0,0,0,0,0,0,0,0,0
8.62181,0,2.97314,-4.96204,5.12379,0.072966,-0.0776805,-0.000890647,0.23235,0,0,0
8.62181,1,5.32028,0.644773,5.1196,0.0236255,-0.00890929,0.00230069,0.0614349,0,0,0
8.62181,2,-1.41412,7.97142,1.31414,4.27795e-06,-4.66799e-06,8.75248e-07,2.40568,0,0,0
8.62181,3,0,0,0,0,0,0,0,0,0,0
8.62181,4,0,0,0,0,0,0,0,0,0,0
8.62181,5,0,0,0,0,0,0,0,0,0,0
8.67201,0,2.9771,-4.96628,5.12378,0.0696442,-0.0743092,-0.000772108,0.21695,0,0,0
8.67201,1,5.32255,0.644072,5.11971,0.0209325,-0.00749023,0.00229752,0.0584357,0,0,0
8.67201,2,-1.41412,7.97142,1.31414,4.25372e-06,-4.64223e-06,8.65832e-07,2.40568,0,0,0
8.67201,3,0,0,0,0,0,0,0,0,0,0
8.67201,4,0,0,0,0,0,0,0,0,0,0
8.67201,5,0,0,0,0,0,0,0,0,0,0
8.72839,0,2.98098,-4.97041,5.12377,0.0675154,-0.0721016,-0.000824369,0.21695,0,0,0
8.72839,1,5.32413,0.643395,5.11985,0.0213512,-0.00803129,0.0022577,0.0584357,0,0,0
8.72839,2,-1.41412,7.97142,1.31414,4.23082e-06,-4.6178e-06,8.66763e-07,2.40568,0,0,0
8.72839,3,0,0,0,0,0,0,0,0,0,0
8.72839,4,0,0,0,0,0,0,0,0,0,0
8.72839,5,0,0,0,0,0,0,0,0,0,0
8.77859,0,2.98401,-4.97365,5.12376,0.0626467,-0.067035,-0.000738244,0.206852,0,0,0
8.77859,1,5.32532,0.642899,5.11997,0.0205031,-0.00790997,0.00220462,0.0543407,0,0,0
8.77859,2,-1.41412,7.97142,1.31414,4.20922e-06,-4.59472e-06,8.69251e-07,2.40568,0,0,0
8.77859,3,0,0,0,0,0,0,0,0,0,0
8.77859,4,0,0,0,0,0,0,0,0,0,0
8.77859,5,0,0,0,0,0,0,0,0,0,0
8.83132,0,2.98845,-4.97833,5.12375,0.0639498,-0.0682679,-0.000668689,0.206852,0,0,0
8.83132,1,5.32641,0.642611,5.12007,0.0194671,-0.00716392,0.00215846,0.0543407,0,0,0
8.83132,2,-1.41412,7.97142,1.31414,4.19055e-06,-4.57104e-06,8.53102e-07,2.40568,0,0,0
8.83132,3,0,0,0,0,0,0,0,0,0,0
8.83132,4,0,0,0,0,0,0,0,0,0,0
8.83132,5,0,0,0,0,0,0,0,0,0,0
8.88399,0,2.99203,-4.98212,5.12375,0.0619376,-0.0661504,-0.000611454,0.200398,0,0,0
8.88399,1,5.3279,0.642015,5.12017,0.0198897,-0.00753675,0.00209866,0.0519159,0,0,0
8.88399,2,-1.41412,7.97142,1.31414,4.16915e-06,-4.55195e-06,8.52553e-07,2.40568,0,0,0
8.88399,3,0,0,0,0,0,0,0,0,0,0
8.88399,4,0,0,0,0,0,0,0,0,0,0
8.88399,5,0,0,0,0,0,0,0,0,0,0
8.93944,0,2.9948,-4.9851,5.12374,0.0573749,-0.0614564,-0.000575209,0.200398,0,0,0
8.93944,1,5.32909,0.641609,5.12029,0.0193616,-0.00724849,0.00204307,0.0519159,0,0,0
8.93944,2,-1.41412,7.97142,1.31414,4.14836e-06,-4.53443e-06,8.40264e-07,2.40568,0,0,0
8.93944,3,0,0,0,0,0,0,0,0,0,0
8.93944,4,0,0,0,0,0,0,0,0,0,0
8.93944,5,0,0,0,0,0,0,0,0,0,0
8.98955,0,2.99889,-4.98941,5.12374,0.0585582,-0.0625703,-0.00056489,0.185171,0,0,0
8.98955,1,5.32971,0.641393,5.12039,0.0169281,-0.0062214,0.00199551,0.0490518,0,0,0
8.98955,2,-1.41412,7.97141,1.31414,4.13291e-06,-4.51338e-06,8.37132e-07,2.40568,0,0,0
8.98955,3,0,0,0,0,0,0,0,0,0,0
8.98955,4,0,0,0,0,0,0,0,0,0,0
8.98955,5,0,0,0,0,0,0,0,0,0,0
9.04232,0,3.00508,-4.99599,5.12373,0.0530843,-0.056827,-0.000458802,0.185171,0,0,0
9.04232,1,5.33067,0.641245,5.1205,0.01611,-0.00531386,0.00194676,0.0490518,0,0,0
9.04232,2,-1.41412,7.97141,1.31414,4.11347e-06,-4.49733e-06,8.3993e-07,2.40568,0,0,0
9.04232,3,0,0,0,0,0,0,0,0,0,0
9.04232,4,0,0,0,0,0,0,0,0,0,0
9.04232,5,0,0,0,0,0,0,0,0,0,0
9.09247,0,3.00737,-4.99849,5.12373,0.0481557,-0.0517991,-0.000506123,0.176142,0,0,0
9.09247,1,5.33227,0.640367,5.12059,0.01747,-0.00687275,0.00190421,0.0474236,0,0,0
9.09247,2,-1.41412,7.97141,1.31414,4.09659e-06,-4.47936e-06,8.09647e-07,2.40568,0,0,0
9.09247,3,0,0,0,0,0,0,0,0,0,0
9.09247,4,0,0,0,0,0,0,0,0,0,0
9.09247,5,0,0,0,0,0,0,0,0,0,0
9.14261,0,3.01183,-5.00312,5.12372,0.0515461,-0.0550579,-0.000561877,0.176142,0,0,0
9.14261,1,5.33351,0.639885,5.12069,0.0176959,-0.00711385,0.00185569,0.0474236,0,0,0
9.14261,2,-1.41412,7.97141,1.31414,4.05719e-06,-4.43744e-06,8.03081e-07,2.40568,0,0,0
9.14261,3,0,0,0,0,0,0,0,0,0,0
9.14261,4,0,0,0,0,0,0,0,0,0,0
9.14261,5,0,0,0,0,0,0,0,0,0,0
9.19543,0,3.01351,-5.005,5.12372,0.0445584,-0.0479474,-0.000443125,0.166323,0,0,0
9.19543,1,5.33445,0.639624,5.12078,0.0168524,-0.00648137,0.00181142,0.0442941,0,0,0
9.19543,2,-1.41412,7.97141,1.31414,4.06383e-06,-4.44438e-06,8.14704e-07,2.40568,0,0,0
9.19543,3,0,0,0,0,0,0,0,0,0,0
9.19543,4,0,0,0,0,0,0,0,0,0,0
9.19543,5,0,0,0,0,0,0,0,0,0,0
9.24629,0,3.01509,-5.00659,5.12371,0.0503649,-0.0537984,-0.000467674,0.166323,0,0,0
9.24629,1,5.33548,0.639285,5.12089,0.016428,-0.00619982,0.00177467,0.0442941,0,0,0
9.24629,2,-1.41412,7.97141,1.31414,4.10178e-06,-4.48544e-06,8.00161e-07,2.40568,0,0,0
9.24629,3,0,0,0,0,0,0,0,0,0,0
9.24629,4,0,0,0,0,0,0,0,0,0,0
9.24629,5,0,0,0,0,0,0,0,0,0,0
9.29706,0,3.0179,-5.00957,5.12371,0.0485806,-0.0519116,-0.000340132,0.161567,0,0,0
9.29706,1,5.33656,0.638838,5.12104,0.015924,-0.0062042,0.00165864,0.0422277,0,0,0
9.29706,2,-1.41412,7.97141,1.31414,4.10178e-06,-4.48544e-06,8.00161e-07,2.40568,0,0,0
9.29706,3,0,0,0,0,0,0,0,0,0,0
9.29706,4,0,0,0,0,0,0,0,0,0,0
9.29706,5,0,0,0,0,0,0,0,0,0,0
9.34772,0,3.02289,-5.01488,5.12371,0.0437782,-0.0468647,-0.000233533,0.161567,0,0,0
9.34772,1,5.33737,0.638584,5.12113,0.0150178,-0.00570294,0.00163364,0.0422277,0,0,0
9.34772,2,-1.41412,7.97141,1.31414,4.34034e-06,-4.79809e-06,8.0485e-07,2.40568,0,0,0
9.34772,3,0,0,0,0,0,0,0,0,0,0
9.34772,4,0,0,0,0,0,0,0,0,0,0
9.34772,5,0,0,0,0,0,0,0,0,0,0
9.39806,0,3.02545,-5.01761,5.12371,0.0421971,-0.0451906,-0.000244006,0.150186,0,0,0
9.39806,1,5.33842,0.638147,5.1212,0.0147821,-0.0058486,0.00157219,0.0401902,0,0,0
9.39806,2,-1.41412,7.97141,1.31414,4.00135e-06,-4.37813e-06,7.93588e-07,2.40568,0,0,0
9.39806,3,0,0,0,0,0,0,0,0,0,0
9.39806,4,0,0,0,0,0,0,0,0,0,0
9.39806,5,0,0,0,0,0,0,0,0,0,0
9.45141,0,3.02797,-5.02028,5.12371,0.0407692,-0.0436653,-0.000293974,0.150186,0,0,0
9.45141,1,5.33842,0.638147,5.1212,0.0147821,-0.0058486,0.00157219,0.0401902,0,0,0
9.45141,2,-1.41412,7.97141,1.31414,3.82487e-06,-4.16903e-06,7.86349e-07,2.40568,0,0,0
9.45141,3,0,0,0,0,0,0,0,0,0,0
9.45141,4,0,0,0,0,0,0,0,0,0,0
9.45141,5,0,0,0,0,0,0,0,0,0,0
9.50344,0,3.03043,-5.0229,5.12371,0.0394267,-0.0422442,-0.000273664,0.142763,0,0,0
9.50344,1,5.33918,0.637913,5.12131,0.0138932,-0.00534953,0.00156618,0.0382567,0,0,0
9.50344,2,-1.41411,7.97141,1.31414,3.96862e-06,-4.3095e-06,8.3787e-07,2.40568,0,0,0
9.50344,3,0,0,0,0,0,0,0,0,0,0
9.50344,4,0,0,0,0,0,0,0,0,0,0
9.50344,5,0,0,0,0,0,0,0,0,0,0
9.55865,0,3.03324,-5.02582,5.12371,0.0396717,-0.0423188,-0.000269619,0.142763,0,0,0
9.55865,1,5.34122,0.637171,5.12139,0.0139389,-0.00540171,0.00151624,0.0382567,0,0,0
9.55865,2,-1.41411,7.97141,1.31414,3.5779e-06,-3.8931e-06,8.35158e-07,2.40568,0,0,0
9.55865,3,0,0,0,0,0,0,0,0,0,0
9.55865,4,0,0,0,0,0,0,0,0,0,0
9.55865,5,0,0,0,0,0,0,0,0,0,0
9.60961,0,3.03509,-5.0278,5.12371,0.036667,-0.0391528,-0.000242827,0.135122,0,0,0
9.60961,1,5.34209,0.636842,5.12147,0.0136417,-0.0053303,0.00149063,0.0360865,0,0,0
9.60961,2,-1.41411,7.97141,1.31414,3.87031e-06,-4.19187e-06,8.24708e-07,2.40568,0,0,0
9.60961,3,0,0,0,0,0,0,0,0,0,0
9.60961,4,0,0,0,0,0,0,0,0,0,0
9.60961,5,0,0,0,0,0,0,0,0,0,0
9.6629,0,3.0378,-5.03066,5.1237,0.0374396,-0.0398819,-0.0002437,0.135122,0,0,0
9.6629,1,5.34261,0.636683,5.12153,0.0120584,-0.00458194,0.00149045,0.0360865,0,0,0
9.6629,2,-1.41411,7.97141,1.31414,3.67746e-06,-3.99528e-06,8.21117e-07,2.40568,0,0,0
9.6629,3,0,0,0,0,0,0,0,0,0,0
9.6629,4,0,0,0,0,0,0,0,0,0,0
9.6629,5,0,0,0,0,0,0,0,0,0,0
9.72101,0,3.03999,-5.03298,5.1237,0.0362148,-0.0385974,-0.000212011,0.128471,0,0,0
9.72101,1,5.34332,0.63659,5.1216,0.0115107,-0.00387462,0.00147326,0.0346071,0,0,0
9.72101,2,-1.41411,7.97141,1.31414,3.79282e-06,-4.11672e-06,8.12061e-07,2.40568,0,0,0
9.72101,3,0,0,0,0,0,0,0,0,0,0
9.72101,4,0,0,0,0,0,0,0,0,0,0
9.72101,5,0,0,0,0,0,0,0,0,0,0
9.7718,0,3.04212,-5.03525,5.1237,0.0350616,-0.0373724,-0.000205404,0.128471,0,0,0
9.7718,1,5.34461,0.635894,5.12175,0.0130123,-0.00524906,0.00143061,0.0346071,0,0,0
9.7718,2,-1.41411,7.97141,1.31414,3.74368e-06,-4.06895e-06,8.101e-07,2.40568,0,0,0
9.7718,3,0,0,0,0,0,0,0,0,0,0
9.7718,4,0,0,0,0,0,0,0,0,0,0
9.7718,5,0,0,0,0,0,0,0,0,0,0
9.82335,0,3.04419,-5.03745,5.1237,0.0330908,-0.0352958,-0.000188464,0.122174,0,0,0
9.82335,1,5.34461,0.635894,5.12175,0.0130123,-0.00524906,0.00143061,0.0324492,0,0,0
9.82335,2,-1.41411,7.97141,1.31414,3.69813e-06,-4.02323e-06,8.08962e-07,2.40568,0,0,0
9.82335,3,0,0,0,0,0,0,0,0,0,0
9.82335,4,0,0,0,0,0,0,0,0,0,0
9.82335,5,0,0,0,0,0,0,0,0,0,0
9.87453,0,3.04577,-5.03916,5.12369,0.0305456,-0.0327141,-0.00018187,0.122174,0,0,0
9.87453,1,5.34525,0.635707,5.12182,0.0121887,-0.00474734,0.0013791,0.0324492,0,0,0
9.87453,2,-1.41411,7.97141,1.31414,3.67018e-06,-3.99717e-06,8.0567e-07,2.40568,0,0,0
9.87453,3,0,0,0,0,0,0,0,0,0,0
9.87453,4,0,0,0,0,0,0,0,0,0,0
9.87453,5,0,0,0,0,0,0,0,0,0,0
9.93062,0,3.04819,-5.04169,5.12369,0.0313619,-0.0334176,-0.00017453,0.116818,0,0,0
9.93062,1,5.34584,0.635495,5.12187,0.0113845,-0.0044138,0.001332,0.031145,0,0,0
9.93062,2,-1.41411,7.97141,1.31414,3.52753e-06,-3.82015e-06,7.9735e-07,2.40568,0,0,0
9.93062,3,0,0,0,0,0,0,0,0,0,0
9.93062,4,0,0,0,0,0,0,0,0,0,0
9.93062,5,0,0,0,0,0,0,0,0,0,0
9.986,0,3.05033,-5.04353,5.12369,0.0303711,-0.0325031,-0.000163403,0.116818,0,0,0
9.986,1,5.34753,0.634848,5.12201,0.0116107,-0.00466032,0.00124283,0.031145,0,0,0
9.986,2,-1.41411,7.97141,1.31414,3.62576e-06,-3.94463e-06,7.91101e-07,2.40568,0,0,0
9.986,3,0,0,0,0,0,0,0,0,0,0
9.986,4,0,0,0,0,0,0,0,0,0,0
9.986,5,0,0,0,0,0,0,0,0,0,0
10.0414,0,3.05162,-5.04527,5.12369,0.0275037,-0.0305772,-0.000152526,0.11052,0,0,0
10.0414,1,5.34822,0.634608,5.12208,0.0112935,-0.00449674,0.00120693,0.0293376,0,0,0
10.0414,2,-1.41411,7.97141,1.31414,3.5798e-06,-3.90881e-06,7.78216e-07,2.40568,0,0,0
10.0414,3,0,0,0,0,0,0,0,0,0,0
10.0414,4,0,0,0,0,0,0,0,0,0,0
10.0414,5,0,0,0,0,0,0,0,0,0,0
10.0916,0,3.05346,-5.04733,5.12368,0.0252628,-0.0283218,-0.000147232,0.11052,0,0,0
10.0916,1,5.34889,0.634376,5.12214,0.010854,-0.0042823,0.00117881,0.0293376,0,0,0
10.0916,2,-1.41411,7.97141,1.31414,3.27676e-06,-3.59164e-06,7.74412e-07,2.40568,0,0,0
10.0916,3,0,0,0,0,0,0,0,0,0,0
10.0916,4,0,0,0,0,0,0,0,0,0,0
10.0916,5,0,0,0,0,0,0,0,0,0,0
10.1476,0,3.05477,-5.04883,5.12368,0.022651,-0.0256932,-0.000120742,0.105599,0,0,0
10.1476,1,5.34889,0.634376,5.12214,0.010854,-0.0042823,0.00117881,0.0278903,0,0,0
10.1476,2,-1.41411,7.97141,1.31414,3.4883e-06,-3.80817e-06,7.76146e-07,2.40568,0,0,0
10.1476,3,0,0,0,0,0,0,0,0,0,0
10.1476,4,0,0,0,0,0,0,0,0,0,0
10.1476,5,0,0,0,0,0,0,0,0,0,0
10.2061,0,3.05778,-5.05198,5.12368,0.0262566,-0.0291196,-0.000127813,0.0992602,0,0,0
10.2061,1,5.34966,0.634089,5.1222,0.0109812,-0.00438103,0.00114921,0.0278903,0,0,0
10.2061,2,-1.41411,7.97141,1.31414,3.44884e-06,-3.78272e-06,7.63217e-07,2.40568,0,0,0
10.2061,3,0,0,0,0,0,0,0,0,0,0
10.2061,4,0,0,0,0,0,0,0,0,0,0
10.2061,5,0,0,0,0,0,0,0,0,0,0
10.2654,0,3.05941,-5.05371,5.12368,0.0253264,-0.0279899,-0.000125409,0.0992602,0,0,0
10.2654,1,5.35007,0.633992,5.12224,0.00973226,-0.00366927,0.00112309,0.0270701,0,0,0
10.2654,2,-1.41411,7.97141,1.31414,3.43667e-06,-3.75995e-06,7.46882e-07,2.40568,0,0,0
10.2654,3,0,0,0,0,0,0,0,0,0,0
10.2654,4,0,0,0,0,0,0,0,0,0,0
10.2654,5,0,0,0,0,0,0,0,0,0,0
10.3259,0,3.06116,-5.05557,5.12367,0.0246937,-0.0271806,-0.00014272,0.0992602,0,0,0
10.3259,1,5.35078,0.63369,5.12231,0.00985808,-0.00392014,0.00109749,0.0270701,0,0,0
10.3259,2,-1.41411,7.97141,1.31414,3.49662e-06,-3.83005e-06,7.34852e-07,2.40568,0,0,0
10.3259,3,0,0,0,0,0,0,0,0,0,0
10.3259,4,0,0,0,0,0,0,0,0,0,0
10.3259,5,0,0,0,0,0,0,0,0,0,0
10.3786,0,3.06313,-5.05765,5.12367,0.0252507,-0.0275689,-0.000136925,0.0943322,0,0,0
10.3786,1,5.3514,0.633495,5.12237,0.00943956,-0.0036457,0.00107802,0.0258761,0,0,0
10.3786,2,-1.41411,7.97141,1.31414,3.49662e-06,-3.83005e-06,7.34852e-07,2.40568,0,0,0
10.3786,3,0,0,0,0,0,0,0,0,0,0
10.3786,4,0,0,0,0,0,0,0,0,0,0
10.3786,5,0,0,0,0,0,0,0,0,0,0
10.4288,0,3.0648,-5.0594,5.12367,0.0244907,-0.0266147,-0.000140628,0.0943322,0,0,0
10.4288,1,5.35209,0.633234,5.12243,0.00961261,-0.00377404,0.00104109,0.0258761,0,0,0
10.4288,2,-1.41411,7.97141,1.31414,3.07566e-06,-3.37498e-06,7.24673e-07,2.40568,0,0,0
10.4288,3,0,0,0,0,0,0,0,0,0,0
10.4288,4,0,0,0,0,0,0,0,0,0,0
10.4288,5,0,0,0,0,0,0,0,0,0,0
10.4827,0,3.06589,-5.06056,5.12366,0.0223575,-0.0242732,-0.000133829,0.0890513,0,0,0
10.4827,1,5.35258,0.633101,5.12249,0.0088213,-0.00329631,0.00101019,0.0244818,0,0,0
10.4827,2,-1.41411,7.97141,1.31414,3.3408e-06,-3.64765e-06,7.18722e-07,2.40568,0,0,0
10.4827,3,0,0,0,0,0,0,0,0,0,0
10.4827,4,0,0,0,0,0,0,0,0,0,0
10.4827,5,0,0,0,0,0,0,0,0,0,0
10.5364,0,3.0678,-5.0625,5.12366,0.0233138,-0.0248025,-0.000127135,0.0847341,0,0,0
10.5364,1,5.35323,0.632846,5.12254,0.00900444,-0.00345741,0.000972948,0.0244818,0,0,0
10.5364,2,-1.41411,7.97141,1.31414,3.3408e-06,-3.64765e-06,7.18722e-07,2.40568,0,0,0
10.5364,3,0,0,0,0,0,0,0,0,0,0
10.5364,4,0,0,0,0,0,0,0,0,0,0
10.5364,5,0,0,0,0,0,0,0,0,0,0
10.5942,0,3.0681,-5.06284,5.12366,0.0244438,-0.0260882,-0.000105709,0.0847341,0,0,0
10.5942,1,5.35385,0.63259,5.12259,0.0089904,-0.00331862,0.00094142,0.0232721,0,0,0
10.5942,2,-1.41411,7.97141,1.31414,3.30868e-06,-3.62728e-06,7.07976e-07,2.40568,0,0,0
10.5942,3,0,0,0,0,0,0,0,0,0,0
10.5942,4,0,0,0,0,0,0,0,0,0,0
10.5942,5,0,0,0,0,0,0,0,0,0,0
10.6477,0,3.0707,-5.06562,5.12366,0.0220022,-0.0235313,-8.54333e-05,0.0804804,0,0,0
10.6477,1,5.3543,0.632465,5.12263,0.00832689,-0.0029557,0.000921381,0.0221355,0,0,0
10.6477,2,-1.41411,7.97141,1.31414,3.3788e-06,-3.7039e-06,7.05954e-07,2.40568,0,0,0
10.6477,3,0,0,0,0,0,0,0,0,0,0
10.6477,4,0,0,0,0,0,0,0,0,0,0
10.6477,5,0,0,0,0,0,0,0,0,0,0
10.7033,0,3.07208,-5.06709,5.12366,0.0213731,-0.0228481,-5.80261e-05,0.0804804,0,0,0
10.7033,1,5.35491,0.63225,5.12268,0.00840686,-0.00301275,0.000898762,0.0221355,0,0,0
10.7033,2,-1.41411,7.97141,1.31414,3.46386e-06,-3.78912e-06,7.00278e-07,2.40568,0,0,0
10.7033,3,0,0,0,0,0,0,0,0,0,0
10.7033,4,0,0,0,0,0,0,0,0,0,0
10.7033,5,0,0,0,0,0,0,0,0,0,0
10.7535,0,3.07376,-5.06885,5.12366,0.0219708,-0.0233671,-7.42868e-05,0.0760265,0,0,0
10.7535,1,5.3554,0.632064,5.12273,0.00813897,-0.00297596,0.000879294,0.020958,0,0,0
10.7535,2,-1.41411,7.97141,1.31414,3.43234e-06,-3.75156e-06,7.00773e-07,2.40568,0,0,0
10.7535,3,0,0,0,0,0,0,0,0,0,0
10.7535,4,0,0,0,0,0,0,0,0,0,0
10.7535,5,0,0,0,0,0,0,0,0,0,0
10.8036,0,3.07484,-5.07001,5.12366,0.0204859,-0.0217999,-6.97281e-05,0.0760265,0,0,0
10.8036,1,5.35589,0.631903,5.12278,0.00795147,-0.00287014,0.00086195,0.020958,0,0,0
10.8036,2,-1.41411,7.97141,1.31414,3.35466e-06,-3.66033e-06,7.62002e-07,2.40568,0,0,0
10.8036,3,0,0,0,0,0,0,0,0,0,0
10.8036,4,0,0,0,0,0,0,0,0,0,0
10.8036,5,0,0,0,0,0,0,0,0,0,0
10.8538,0,3.07582,-5.07107,5.12366,0.0188679,-0.0201676,-6.88248e-05,0.073003,0,0,0
10.8538,1,5.35637,0.631736,5.12282,0.00764722,-0.00276311,0.000843014,0.0199313,0,0,0
10.8538,2,-1.41411,7.97141,1.31414,3.33169e-06,-3.63557e-06,7.68534e-07,2.40568,0,0,0
10.8538,3,0,0,0,0,0,0,0,0,0,0
10.8538,4,0,0,0,0,0,0,0,0,0,0
10.8538,5,0,0,0,0,0,0,0,0,0,0
10.9039,0,3.07775,-5.07309,5.12366,0.0207825,-0.0220514,-6.20831e-05,0.073003,0,0,0
10.9039,1,5.35683,0.631571,5.12286,0.00736531,-0.00267439,0.000824581,0.0199313,0,0,0
10.9039,2,-1.41411,7.97141,1.31414,3.33169e-06,-3.63557e-06,7.68534e-07,2.40568,0,0,0
10.9039,3,0,0,0,0,0,0,0,0,0,0
10.9039,4,0,0,0,0,0,0,0,0,0,0
10.9039,5,0,0,0,0,0,0,0,0,0,0
10.9552,0,3.07874,-5.07416,5.12365,0.0192978,-0.0205492,-5.3571e-05,0.0687459,0,0,0
10.9552,1,5.35728,0.631407,5.1229,0.00719227,-0.00263826,0.000806659,0.0189587,0,0,0
10.9552,2,-1.41411,7.97141,1.31414,3.30841e-06,-3.60989e-06,7.72026e-07,2.40568,0,0,0
10.9552,3,0,0,0,0,0,0,0,0,0,0
10.9552,4,0,0,0,0,0,0,0,0,0,0
10.9552,5,0,0,0,0,0,0,0,0,0,0
11.0054,0,3.08029,-5.0758,5.12365,0.0193611,-0.0205588,-5.8347e-05,0.0687459,0,0,0
11.0054,1,5.35779,0.6312,5.12294,0.00729311,-0.00278164,0.000789098,0.0189587,0,0,0
11.0054,2,-1.41411,7.97141,1.31414,3.28538e-06,-3.5841e-06,7.79013e-07,2.40568,0,0,0
11.0054,3,0,0,0,0,0,0,0,0,0,0
11.0054,4,0,0,0,0,0,0,0,0,0,0
11.0054,5,0,0,0,0,0,0,0,0,0,0
11.0561,0,3.08153,-5.07711,5.12365,0.0188869,-0.0200307,-5.39453e-05,0.0646866,0,0,0
11.0561,1,5.35824,0.631063,5.12299,0.00707145,-0.00261571,0.000768785,0.0179318,0,0,0
11.0561,2,-1.41411,7.97141,1.31414,3.13948e-06,-3.42867e-06,7.65324e-07,2.40568,0,0,0
11.0561,3,0,0,0,0,0,0,0,0,0,0
11.0561,4,0,0,0,0,0,0,0,0,0,0
11.0561,5,0,0,0,0,0,0,0,0,0,0
11.1082,0,3.083,-5.07865,5.12365,0.0193621,-0.0204799,-5.58063e-05,0.0646866,0,0,0
11.1082,1,5.35866,0.630901,5.12303,0.00686556,-0.00259457,0.000752494,0.0179318,0,0,0
11.1082,2,-1.41411,7.97141,1.31414,3.31947e-06,-3.61495e-06,7.62419e-07,2.40568,0,0,0
11.1082,3,0,0,0,0,0,0,0,0,0,0
11.1082,4,0,0,0,0,0,0,0,0,0,0
11.1082,5,0,0,0,0,0,0,0,0,0,0
11.1671,0,3.08392,-5.07966,5.12365,0.0180411,-0.0191609,-5.04409e-05,0.0611997,0,0,0
11.1671,1,5.35901,0.6308,5.12306,0.00638964,-0.00232447,0.000730739,0.0171196,0,0,0
11.1671,2,-1.41411,7.97141,1.31414,3.10074e-06,-3.38797e-06,7.37173e-07,2.40568,0,0,0
11.1671,3,0,0,0,0,0,0,0,0,0,0
11.1671,4,0,0,0,0,0,0,0,0,0,0
11.1671,5,0,0,0,0,0,0,0,0,0,0
11.22,0,3.08509,-5.0809,5.12365,0.0177375,-0.0188407,-4.80383e-05,0.0611997,0,0,0
11.22,1,5.35948,0.630606,5.1231,0.0064323,-0.00245863,0.000714073,0.0171196,0,0,0
11.22,2,-1.41411,7.97141,1.31414,3.28326e-06,-3.57595e-06,7.21757e-07,2.40568,0,0,0
11.22,3,0,0,0,0,0,0,0,0,0,0
11.22,4,0,0,0,0,0,0,0,0,0,0
11.22,5,0,0,0,0,0,0,0,0,0,0
11.2703,0,3.08647,-5.08235,5.12365,0.0183257,-0.0193962,-4.24329e-05,0.0574898,0,0,0
11.2703,1,5.35988,0.630466,5.12314,0.00622722,-0.00237586,0.000699525,0.0161883,0,0,0
11.2703,2,-1.41411,7.97141,1.31414,3.13031e-06,-3.41584e-06,7.17037e-07,2.40568,0,0,0
11.2703,3,0,0,0,0,0,0,0,0,0,0
11.2703,4,0,0,0,0,0,0,0,0,0,0
11.2703,5,0,0,0,0,0,0,0,0,0,0
11.323,0,3.08735,-5.0833,5.12365,0.0171489,-0.0181675,-3.5634e-05,0.0574898,0,0,0
11.323,1,5.36035,0.630305,5.12317,0.00632336,-0.00240291,0.000682785,0.0161883,0,0,0
11.323,2,-1.41411,7.97141,1.31414,3.09207e-06,-3.37193e-06,7.11057e-07,2.40568,0,0,0
11.323,3,0,0,0,0,0,0,0,0,0,0
11.323,4,0,0,0,0,0,0,0,0,0,0
11.323,5,0,0,0,0,0,0,0,0,0,0
11.3732,0,3.08821,-5.08423,5.12365,0.0158779,-0.0168915,-3.25876e-05,0.0549304,0,0,0
11.3732,1,5.36073,0.630173,5.12321,0.00611115,-0.00230213,0.000666619,0.0152858,0,0,0
11.3732,2,-1.41411,7.97141,1.31414,3.06498e-06,-3.35217e-06,6.92078e-07,2.40568,0,0,0
11.3732,3,0,0,0,0,0,0,0,0,0,0
11.3732,4,0,0,0,0,0,0,0,0,0,0
11.3732,5,0,0,0,0,0,0,0,0,0,0
11.4315,0,3.0895,-5.08559,5.12365,0.016406,-0.0173885,-2.59014e-05,0.0549304,0,0,0
11.4315,1,5.3611,0.630046,5.12325,0.00570403,-0.00212295,0.000651591,0.0152858,0,0,0
11.4315,2,-1.41411,7.97141,1.31414,3.18013e-06,-3.46352e-06,6.89539e-07,2.40568,0,0,0
11.4315,3,0,0,0,0,0,0,0,0,0,0
11.4315,4,0,0,0,0,0,0,0,0,0,0
11.4315,5,0,0,0,0,0,0,0,0,0,0
11.483,0,3.09028,-5.08644,5.12365,0.0152527,-0.0162423,-1.38864e-05,0.0519068,0,0,0
11.483,1,5.36151,0.629867,5.12328,0.0056351,-0.00223523,0.000636322,0.0144477,0,0,0
11.483,2,-1.41411,7.97141,1.31414,3.15609e-06,-3.4383e-06,6.81566e-07,2.40568,0,0,0
11.483,3,0,0,0,0,0,0,0,0,0,0
11.483,4,0,0,0,0,0,0,0,0,0,0
11.483,5,0,0,0,0,0,0,0,0,0,0
11.5342,0,3.09175,-5.08798,5.12365,0.0165227,-0.0174897,-1.86001e-05,0.0519068,0,0,0
11.5342,1,5.36168,0.629849,5.12331,0.00488483,-0.00176562,0.000619899,0.0144477,0,0,0
11.5342,2,-1.41411,7.97141,1.31414,3.01586e-06,-3.28949e-06,6.68876e-07,2.40568,0,0,0
11.5342,3,0,0,0,0,0,0,0,0,0,0
11.5342,4,0,0,0,0,0,0,0,0,0,0
11.5342,5,0,0,0,0,0,0,0,0,0,0
11.5906,0,3.09274,-5.08903,5.12365,0.0162023,-0.0171462,-1.08821e-05,0.0483365,0,0,0
11.5906,1,5.36214,0.629651,5.12334,0.00529248,-0.00207237,0.000606404,0.0137802,0,0,0
11.5906,2,-1.41411,7.97141,1.31414,3.10181e-06,-3.37637e-06,6.69735e-07,2.40568,0,0,0
11.5906,3,0,0,0,0,0,0,0,0,0,0
11.5906,4,0,0,0,0,0,0,0,0,0,0
11.5906,5,0,0,0,0,0,0,0,0,0,0
11.6434,0,3.09356,-5.0899,5.12365,0.0151335,-0.0160466,-1.35494e-05,0.0483365,0,0,0
11.6434,1,5.36259,0.629474,5.12337,0.0056366,-0.00226761,0.000595124,0.0137802,0,0,0
11.6434,2,-1.41411,7.9714,1.31414,3.08341e-06,-3.35727e-06,6.72505e-07,2.40568,0,0,0
11.6434,3,0,0,0,0,0,0,0,0,0,0
11.6434,4,0,0,0,0,0,0,0,0,0,0
11.6434,5,0,0,0,0,0,0,0,0,0,0
11.699,0,3.0937,-5.09006,5.12365,0.0117783,-0.0125332,-5.90713e-06,0.0469287,0,0,0
11.699,1,5.36281,0.629429,5.1234,0.0050953,-0.00191321,0.000582417,0.0137802,0,0,0
11.699,2,-1.41411,7.9714,1.31414,2.83248e-06,-3.09424e-06,6.63872e-07,2.40568,0,0,0
11.699,3,0,0,0,0,0,0,0,0,0,0
11.699,4,0,0,0,0,0,0,0,0,0,0
11.699,5,0,0,0,0,0,0,0,0,0,0
11.7544,0,3.09424,-5.09068,5.12366,0.0106407,-0.0114259,4.42933e-06,0.0469287,0,0,0
11.7544,1,5.36317,0.629271,5.12343,0.00503552,-0.00199816,0.000569924,0.0130699,0,0,0
11.7544,2,-1.41411,7.9714,1.31414,3.09061e-06,-3.35886e-06,6.56965e-07,2.40568,0,0,0
11.7544,3,0,0,0,0,0,0,0,0,0,0
11.7544,4,0,0,0,0,0,0,0,0,0,0
11.7544,5,0,0,0,0,0,0,0,0,0,0
11.8048,0,3.0959,-5.09239,5.12366,0.0131194,-0.0138997,9.99228e-06,0.0437224,0,0,0
11.8048,1,5.36338,0.629227,5.12345,0.0045652,-0.00169453,0.000561061,0.0124652,0,0,0
11.8048,2,-1.41411,7.9714,1.31414,2.95321e-06,-3.2186e-06,6.6385e-07,2.40568,0,0,0
11.8048,3,0,0,0,0,0,0,0,0,0,0
11.8048,4,0,0,0,0,0,0,0,0,0,0
11.8048,5,0,0,0,0,0,0,0,0,0,0
11.8603,0,3.09746,-5.09404,5.12366,0.0154378,-0.0163094,1.318e-05,0.0437224,0,0,0
11.8603,1,5.36382,0.629021,5.12348,0.00504549,-0.00207169,0.000545253,0.0124652,0,0,0
11.8603,2,-1.41411,7.9714,1.31414,3.07151e-06,-3.34095e-06,6.62072e-07,2.40568,0,0,0
11.8603,3,0,0,0,0,0,0,0,0,0,0
11.8603,4,0,0,0,0,0,0,0,0,0,0
11.8603,5,0,0,0,0,0,0,0,0,0,0
11.9133,0,3.09829,-5.09493,5.12366,0.0149028,-0.0157872,7.05103e-06,0.0414594,0,0,0
11.9133,1,5.36382,0.629021,5.12348,0.00504549,-0.00207169,0.000545253,0.0124652,0,0,0
11.9133,2,-1.41411,7.9714,1.31414,3.05276e-06,-3.32226e-06,6.4371e-07,2.40568,0,0,0
11.9133,3,0,0,0,0,0,0,0,0,0,0
11.9133,4,0,0,0,0,0,0,0,0,0,0
11.9133,5,0,0,0,0,0,0,0,0,0,0
11.9695,0,3.09909,-5.0958,5.12366,0.0143909,-0.0152646,3.4426e-06,0.0414594,0,0,0
11.9695,1,5.36413,0.628933,5.12354,0.00495634,-0.00194131,0.000511686,0.0119746,0,0,0
11.9695,2,-1.41411,7.9714,1.31414,2.91713e-06,-3.17058e-06,6.40163e-07,2.40568,0,0,0
11.9695,3,0,0,0,0,0,0,0,0,0,0
11.9695,4,0,0,0,0,0,0,0,0,0,0
11.9695,5,0,0,0,0,0,0,0,0,0,0
12.0197,0,3.09987,-5.09663,5.12367,0.0138738,-0.0147281,9.61653e-06,0.0390611,0,0,0
12.0197,1,5.36437,0.628865,5.12357,0.0046573,-0.00174981,0.000512316,0.0113975,0,0,0
12.0197,2,-1.41411,7.9714,1.31414,3.03046e-06,-3.29849e-06,6.56313e-07,2.40568,0,0,0
12.0197,3,0,0,0,0,0,0,0,0,0,0
12.0197,4,0,0,0,0,0,0,0,0,0,0
12.0197,5,0,0,0,0,0,0,0,0,0,0
12.0725,0,3.10032,-5.09711,5.12367,0.0122289,-0.0130281,2.0164e-05,0.0390611,0,0,0
12.0725,1,5.36466,0.628774,5.12359,0.00436263,-0.00159651,0.00048062,0.0113975,0,0,0
12.0725,2,-1.41411,7.9714,1.31414,3.01055e-06,-3.28325e-06,6.60631e-07,2.40568,0,0,0
12.0725,3,0,0,0,0,0,0,0,0,0,0
12.0725,4,0,0,0,0,0,0,0,0,0,0
12.0725,5,0,0,0,0,0,0,0,0,0,0
12.1288,0,3.10134,-5.09819,5.12367,0.0130062,-0.0138024,2.47612e-05,0.037265,0,0,0
12.1288,1,5.36497,0.628643,5.12362,0.00443193,-0.00170314,0.000462573,0.0113975,0,0,0
12.1288,2,-1.41411,7.9714,1.31414,2.99494e-06,-3.26688e-06,6.49392e-07,2.40568,0,0,0
12.1288,3,0,0,0,0,0,0,0,0,0,0
12.1288,4,0,0,0,0,0,0,0,0,0,0
12.1288,5,0,0,0,0,0,0,0,0,0,0
12.1882,0,3.10203,-5.09893,5.12367,0.0124631,-0.0132483,2.81123e-05,0.037265,0,0,0
12.1882,1,5.36553,0.628423,5.12366,0.00427635,-0.00170639,0.000440028,0.0107563,0,0,0
12.1882,2,-1.41411,7.9714,1.31414,3.0357e-06,-3.30845e-06,6.50661e-07,2.40568,0,0,0
12.1882,3,0,0,0,0,0,0,0,0,0,0
12.1882,4,0,0,0,0,0,0,0,0,0,0
12.1882,5,0,0,0,0,0,0,0,0,0,0
12.2495,0,3.1027,-5.09965,5.12368,0.0119516,-0.0127147,3.08115e-05,0.0337918,0,0,0
12.2495,1,5.36553,0.628423,5.12366,0.00427635,-0.00170639,0.000440028,0.0107563,0,0,0
12.2495,2,-1.41411,7.9714,1.31414,2.98404e-06,-3.25378e-06,6.52291e-07,2.40568,0,0,0
12.2495,3,0,0,0,0,0,0,0,0,0,0
12.2495,4,0,0,0,0,0,0,0,0,0,0
12.2495,5,0,0,0,0,0,0,0,0,0,0
12.3014,0,3.10335,-5.10034,5.12368,0.0113199,-0.0120565,3.64481e-05,0.0337918,0,0,0
12.3014,1,5.36563,0.62845,5.12368,0.00354713,-0.00118729,0.000437996,0.0101559,0,0,0
12.3014,2,-1.41411,7.9714,1.31414,2.93931e-06,-3.205e-06,6.33533e-07,2.40568,0,0,0
12.3014,3,0,0,0,0,0,0,0,0,0,0
12.3014,4,0,0,0,0,0,0,0,0,0,0
12.3014,5,0,0,0,0,0,0,0,0,0,0
12.3547,0,3.10397,-5.10102,5.12368,0.0107463,-0.0114543,4.20867e-05,0.0328426,0,0,0
12.3547,1,5.36607,0.628224,5.12371,0.00419975,-0.00172233,0.000440901,0.00958201,0,0,0
12.3547,2,-1.41411,7.9714,1.31414,2.92776e-06,-3.19087e-06,6.30599e-07,2.40568,0,0,0
12.3547,3,0,0,0,0,0,0,0,0,0,0
12.3547,4,0,0,0,0,0,0,0,0,0,0
12.3547,5,0,0,0,0,0,0,0,0,0,0
12.4075,0,3.10446,-5.10154,5.12369,0.0098977,-0.0105778,5.17505e-05,0.0328426,0,0,0
12.4075,1,5.36651,0.628095,5.12375,0.00380099,-0.00143245,0.000421845,0.00958201,0,0,0
12.4075,2,-1.41411,7.9714,1.31414,2.91468e-06,-3.17609e-06,6.35208e-07,2.40568,0,0,0
12.4075,3,0,0,0,0,0,0,0,0,0,0
12.4075,4,0,0,0,0,0,0,0,0,0,0
12.4075,5,0,0,0,0,0,0,0,0,0,0
12.4576,0,3.10507,-5.10219,5.12369,0.00950548,-0.0101493,5.33378e-05,0.0312029,0,0,0
12.4576,1,5.36671,0.628039,5.12377,0.0035972,-0.00130637,0.000414347,0.00911772,0,0,0
12.4576,2,-1.41411,7.9714,1.31414,2.8718e-06,-3.13137e-06,6.34525e-07,2.40568,0,0,0
12.4576,3,0,0,0,0,0,0,0,0,0,0
12.4576,4,0,0,0,0,0,0,0,0,0,0
12.4576,5,0,0,0,0,0,0,0,0,0,0
12.5103,0,3.10589,-5.10306,5.12369,0.0101624,-0.0108207,5.66713e-05,0.0312029,0,0,0
12.5103,1,5.36688,0.627973,5.12379,0.00327308,-0.00118102,0.00039231,0.00911772,0,0,0
12.5103,2,-1.41411,7.9714,1.31414,2.75194e-06,-3.0032e-06,6.22538e-07,2.40568,0,0,0
12.5103,3,0,0,0,0,0,0,0,0,0,0
12.5103,4,0,0,0,0,0,0,0,0,0,0
12.5103,5,0,0,0,0,0,0,0,0,0,0
12.5711,0,3.10647,-5.10368,5.1237,0.00968309,-0.0103335,6.0351e-05,0.0291218,0,0,0
12.5711,1,5.3672,0.62782,5.12382,0.0036106,-0.00146784,0.000393761,0.00872718,0,0,0
12.5711,2,-1.41411,7.9714,1.31414,2.86758e-06,-3.12126e-06,6.07724e-07,2.40568,0,0,0
12.5711,3,0,0,0,0,0,0,0,0,0,0
12.5711,4,0,0,0,0,0,0,0,0,0,0
12.5711,5,0,0,0,0,0,0,0,0,0,0
12.6271,0,3.10681,-5.10406,5.1237,0.00831152,-0.00891369,6.12238e-05,0.0291218,0,0,0
12.6271,1,5.36739,0.627778,5.12384,0.00329737,-0.00124345,0.000374665,0.00872718,0,0,0
12.6271,2,-1.41411,7.9714,1.31414,2.85096e-06,-3.10551e-06,6.11071e-07,2.40568,0,0,0
12.6271,3,0,0,0,0,0,0,0,0,0,0
12.6271,4,0,0,0,0,0,0,0,0,0,0
12.6271,5,0,0,0,0,0,0,0,0,0,0
12.6823,0,3.1076,-5.1049,5.12371,0.00899035,-0.0096008,6.13195e-05,0.0277739,0,0,0
12.6823,1,5.36763,0.627679,5.12385,0.00335034,-0.00132123,0.000375944,0.00792895,0,0,0
12.6823,2,-1.41411,7.9714,1.31414,2.91386e-06,-3.17308e-06,5.94328e-07,2.40568,0,0,0
12.6823,3,0,0,0,0,0,0,0,0,0,0
12.6823,4,0,0,0,0,0,0,0,0,0,0
12.6823,5,0,0,0,0,0,0,0,0,0,0
12.7356,0,3.10826,-5.1056,5.12371,0.00922268,-0.0098331,6.4863e-05,0.0277739,0,0,0
12.7356,1,5.36786,0.627586,5.12388,0.00338821,-0.00136861,0.000355784,0.00792895,0,0,0
12.7356,2,-1.4141,7.9714,1.31414,2.82818e-06,-3.08535e-06,5.88545e-07,2.40568,0,0,0
12.7356,3,0,0,0,0,0,0,0,0,0,0
12.7356,4,0,0,0,0,0,0,0,0,0,0
12.7356,5,0,0,0,0,0,0,0,0,0,0
12.7878,0,3.10858,-5.10596,5.12371,0.00815194,-0.00874578,6.36331e-05,0.0256514,0,0,0
12.7878,1,5.36796,0.627575,5.12389,0.00292855,-0.00108939,0.000359013,0.00758288,0,0,0
12.7878,2,-1.4141,7.9714,1.31414,2.80984e-06,-3.06273e-06,6.07617e-07,2.40568,0,0,0
12.7878,3,0,0,0,0,0,0,0,0,0,0
12.7878,4,0,0,0,0,0,0,0,0,0,0
12.7878,5,0,0,0,0,0,0,0,0,0,0
12.8381,0,3.10934,-5.10676,5.12372,0.00877296,-0.0093626,6.54447e-05,0.0256514,0,0,0
12.8381,1,5.36821,0.627418,5.12391,0.00313724,-0.00134635,0.000340269,0.00758288,0,0,0
12.8381,2,-1.4141,7.9714,1.31414,2.78921e-06,-3.03987e-06,6.41977e-07,2.40568,0,0,0
12.8381,3,0,0,0,0,0,0,0,0,0,0
12.8381,4,0,0,0,0,0,0,0,0,0,0
12.8381,5,0,0,0,0,0,0,0,0,0,0
12.8938,0,3.10985,-5.10731,5.12372,0.00855349,-0.00914303,6.76029e-05,0.0240809,0,0,0
12.8938,1,5.36837,0.627421,5.12393,0.00292703,-0.00104129,0.000332369,0.00728818,0,0,0
12.8938,2,-1.4141,7.9714,1.31414,2.76757e-06,-3.01623e-06,6.30886e-07,2.40568,0,0,0
12.8938,3,0,0,0,0,0,0,0,0,0,0
12.8938,4,0,0,0,0,0,0,0,0,0,0
12.8938,5,0,0,0,0,0,0,0,0,0,0
12.9543,0,3.11036,-5.10786,5.12372,0.00834425,-0.00893352,6.74467e-05,0.0240809,0,0,0
12.9543,1,5.3686,0.627318,5.12394,0.00307734,-0.00117617,0.000333423,0.00728818,0,0,0
12.9543,2,-1.4141,7.9714,1.31414,2.74534e-06,-2.99206e-06,6.26299e-07,2.40568,0,0,0
12.9543,3,0,0,0,0,0,0,0,0,0,0
12.9543,4,0,0,0,0,0,0,0,0,0,0
12.9543,5,0,0,0,0,0,0,0,0,0,0
13.0095,0,3.11085,-5.10839,5.12373,0.00814531,-0.00872281,6.98545e-05,0.0225786,0,0,0
13.0095,1,5.36879,0.627266,5.12396,0.0029702,-0.00109097,0.000325873,0.00688451,0,0,0
13.0095,2,-1.4141,7.9714,1.31414,2.72267e-06,-2.96743e-06,6.32964e-07,2.40568,0,0,0
13.0095,3,0,0,0,0,0,0,0,0,0,0
13.0095,4,0,0,0,0,0,0,0,0,0,0
13.0095,5,0,0,0,0,0,0,0,0,0,0
13.0652,0,3.11124,-5.10881,5.12373,0.00758294,-0.00813644,7.00431e-05,0.0225786,0,0,0
13.0652,1,5.36898,0.627208,5.12398,0.0029033,-0.00101082,0.000320054,0.00688451,0,0,0
13.0652,2,-1.4141,7.9714,1.31414,2.69977e-06,-2.94253e-06,6.29639e-07,2.40568,0,0,0
13.0652,3,0,0,0,0,0,0,0,0,0,0
13.0652,4,0,0,0,0,0,0,0,0,0,0
13.0652,5,0,0,0,0,0,0,0,0,0,0
13.1229,0,3.1118,-5.10941,5.12373,0.00779969,-0.00835233,7.16091e-05,0.0212879,0,0,0
13.1229,1,5.36912,0.627148,5.12399,0.00270845,-0.000975906,0.0003037,0.00649701,0,0,0
13.1229,2,-1.4141,7.9714,1.31414,2.66974e-06,-2.90874e-06,5.93362e-07,2.40568,0,0,0
13.1229,3,0,0,0,0,0,0,0,0,0,0
13.1229,4,0,0,0,0,0,0,0,0,0,0
13.1229,5,0,0,0,0,0,0,0,0,0,0
13.173,0,3.11226,-5.1099,5.12374,0.00758162,-0.00813949,7.3156e-05,0.0212879,0,0,0
13.173,1,5.36926,0.627107,5.12401,0.00250263,-0.000877817,0.000305066,0.00649701,0,0,0
13.173,2,-1.4141,7.9714,1.31414,2.66974e-06,-2.90874e-06,5.93362e-07,2.40568,0,0,0
13.173,3,0,0,0,0,0,0,0,0,0,0
13.173,4,0,0,0,0,0,0,0,0,0,0
13.173,5,0,0,0,0,0,0,0,0,0,0
13.2309,0,3.11261,-5.11029,5.12374,0.00703956,-0.00758045,7.40522e-05,0.0197965,0,0,0
13.2309,1,5.36943,0.627028,5.12403,0.00248563,-0.000944394,0.000298405,0.00619757,0,0,0
13.2309,2,-1.4141,7.9714,1.31414,2.63288e-06,-2.83159e-06,5.94137e-07,2.40568,0,0,0
13.2309,3,0,0,0,0,0,0,0,0,0,0
13.2309,4,0,0,0,0,0,0,0,0,0,0
13.2309,5,0,0,0,0,0,0,0,0,0,0
13.287,0,3.11322,-5.11097,5.12375,0.00734886,-0.00807294,7.35253e-05,0.0197965,0,0,0
13.287,1,5.36961,0.626962,5.12404,0.00246125,-0.000947061,0.000291956,0.00619757,0,0,0
13.287,2,-1.4141,7.9714,1.31414,2.61581e-06,-2.82552e-06,5.73625e-07,2.40568,0,0,0
13.287,3,0,0,0,0,0,0,0,0,0,0
13.287,4,0,0,0,0,0,0,0,0,0,0
13.287,5,0,0,0,0,0,0,0,0,0,0
13.3374,0,3.11362,-5.11139,5.12375,0.00706769,-0.0076737,7.42687e-05,0.0183608,0,0,0
13.3374,1,5.36976,0.626913,5.12406,0.0024008,-0.000910681,0.000284201,0.00581464,0,0,0
13.3374,2,-1.4141,7.9714,1.31414,2.59541e-06,-2.80571e-06,5.6693e-07,2.40568,0,0,0
13.3374,3,0,0,0,0,0,0,0,0,0,0
13.3374,4,0,0,0,0,0,0,0,0,0,0
13.3374,5,0,0,0,0,0,0,0,0,0,0
13.3875,0,3.11403,-5.11182,5.12376,0.00685844,-0.00740733,7.48799e-05,0.0183608,0,0,0
13.3875,1,5.3699,0.626861,5.12407,0.00233051,-0.000888127,0.000278698,0.00581464,0,0,0
13.3875,2,-1.4141,7.9714,1.31414,2.59541e-06,-2.80571e-06,5.6693e-07,2.40568,0,0,0
13.3875,3,0,0,0,0,0,0,0,0,0,0
13.3875,4,0,0,0,0,0,0,0,0,0,0
13.3875,5,0,0,0,0,0,0,0,0,0,0
13.4376,0,3.11442,-5.11224,5.12376,0.00663863,-0.00715851,7.65924e-05,0.0171944,0,0,0
13.4376,1,5.37004,0.626805,5.12409,0.00221716,-0.000871457,0.000271513,0.00550451,0,0,0
13.4376,2,-1.4141,7.9714,1.31414,2.57485e-06,-2.78872e-06,5.6907e-07,2.40568,0,0,0
13.4376,3,0,0,0,0,0,0,0,0,0,0
13.4376,4,0,0,0,0,0,0,0,0,0,0
13.4376,5,0,0,0,0,0,0,0,0,0,0
13.4879,0,3.11473,-5.11256,5.12376,0.00605561,-0.00653899,7.8255e-05,0.0171944,0,0,0
13.4879,1,5.37017,0.626758,5.1241,0.00216154,-0.000844713,0.000266972,0.00550451,0,0,0
13.4879,2,-1.4141,7.9714,1.31414,2.55737e-06,-2.77071e-06,5.66546e-07,2.40568,0,0,0
13.4879,3,0,0,0,0,0,0,0,0,0,0
13.4879,4,0,0,0,0,0,0,0,0,0,0
13.4879,5,0,0,0,0,0,0,0,0,0,0
13.5432,0,3.11502,-5.11288,5.12377,0.00562974,-0.00608561,7.96953e-05,0.016178,0,0,0
13.5432,1,5.37031,0.626713,5.12411,0.00211121,-0.000813791,0.000261622,0.0052149,0,0,0
13.5432,2,-1.4141,7.9714,1.31414,2.4679e-06,-2.74799e-06,5.40865e-07,2.40568,0,0,0
13.5432,3,0,0,0,0,0,0,0,0,0,0
13.5432,4,0,0,0,0,0,0,0,0,0,0
13.5432,5,0,0,0,0,0,0,0,0,0,0
13.596,0,3.11553,-5.11342,5.12377,0.00592144,-0.00636854,8.02338e-05,0.016178,0,0,0
13.596,1,5.37045,0.626651,5.12413,0.00211694,-0.000856299,0.000249126,0.0052149,0,0,0
13.596,2,-1.4141,7.9714,1.31414,2.46517e-06,-2.73133e-06,5.32526e-07,2.40568,0,0,0
13.596,3,0,0,0,0,0,0,0,0,0,0
13.596,4,0,0,0,0,0,0,0,0,0,0
13.596,5,0,0,0,0,0,0,0,0,0,0
13.6462,0,3.11588,-5.1138,5.12378,0.00574414,-0.0061821,8.11473e-05,0.0150084,0,0,0
13.6462,1,5.37056,0.626623,5.12414,0.00198784,-0.000760498,0.000244,0.00491457,0,0,0
13.6462,2,-1.4141,7.9714,1.31414,2.36245e-06,-2.61848e-06,5.40442e-07,2.40568,0,0,0
13.6462,3,0,0,0,0,0,0,0,0,0,0
13.6462,4,0,0,0,0,0,0,0,0,0,0
13.6462,5,0,0,0,0,0,0,0,0,0,0
13.7001,0,3.11622,-5.11417,5.12378,0.00550199,-0.00593233,8.1444e-05,0.0150084,0,0,0
13.7001,1,5.3707,0.626566,5.12415,0.00197866,-0.000783059,0.000237719,0.00491457,0,0,0
13.7001,2,-1.4141,7.9714,1.31414,2.56192e-06,-2.82092e-06,5.34493e-07,2.40568,0,0,0
13.7001,3,0,0,0,0,0,0,0,0,0,0
13.7001,4,0,0,0,0,0,0,0,0,0,0
13.7001,5,0,0,0,0,0,0,0,0,0,0
13.753,0,3.11648,-5.11445,5.12379,0.00510898,-0.00550948,8.23867e-05,0.0140015,0,0,0
13.753,1,5.3708,0.626538,5.12416,0.00182673,-0.000696008,0.000241888,0.00465149,0,0,0
13.753,2,-1.4141,7.9714,1.31414,2.44122e-06,-2.69425e-06,5.19339e-07,2.40568,0,0,0
13.753,3,0,0,0,0,0,0,0,0,0,0
13.753,4,0,0,0,0,0,0,0,0,0,0
13.753,5,0,0,0,0,0,0,0,0,0,0
13.8061,0,3.11687,-5.11487,5.12379,0.00517786,-0.0055835,8.32588e-05,0.0140015,0,0,0
13.8061,1,5.37093,0.626481,5.12418,0.00181455,-0.000731389,0.000226973,0.00465149,0,0,0
13.8061,2,-1.4141,7.9714,1.31414,2.41928e-06,-2.67682e-06,5.13593e-07,2.40568,0,0,0
13.8061,3,0,0,0,0,0,0,0,0,0,0
13.8061,4,0,0,0,0,0,0,0,0,0,0
13.8061,5,0,0,0,0,0,0,0,0,0,0
13.8571,0,3.11712,-5.11514,5.1238,0.00480221,-0.0051947,8.42176e-05,0.0130469,0,0,0
13.8571,1,5.37105,0.626444,5.12419,0.00177084,-0.000700063,0.000225386,0.0044064,0,0,0
13.8571,2,-1.4141,7.9714,1.31414,2.4389e-06,-2.68256e-06,5.16974e-07,2.40568,0,0,0
13.8571,3,0,0,0,0,0,0,0,0,0,0
13.8571,4,0,0,0,0,0,0,0,0,0,0
13.8571,5,0,0,0,0,0,0,0,0,0,0
13.9073,0,3.11755,-5.1156,5.1238,0.00510995,-0.00550328,8.47105e-05,0.0130469,0,0,0
13.9073,1,5.37117,0.626393,5.12419,0.00175686,-0.000717852,0.000229167,0.0044064,0,0,0
13.9073,2,-1.4141,7.9714,1.31414,2.42884e-06,-2.66942e-06,5.34399e-07,2.40568,0,0,0
13.9073,3,0,0,0,0,0,0,0,0,0,0
13.9073,4,0,0,0,0,0,0,0,0,0,0
13.9073,5,0,0,0,0,0,0,0,0,0,0
13.963,0,3.11773,-5.1158,5.1238,0.00449794,-0.00486838,8.59394e-05,0.0120542,0,0,0
13.963,1,5.37121,0.626405,5.1242,0.00146508,-0.000502507,0.000223714,0.00415493,0,0,0
13.963,2,-1.4141,7.9714,1.31414,2.41837e-06,-2.65627e-06,5.58441e-07,2.40568,0,0,0
13.963,3,0,0,0,0,0,0,0,0,0,0
13.963,4,0,0,0,0,0,0,0,0,0,0
13.963,5,0,0,0,0,0,0,0,0,0,0
14.0141,0,3.11814,-5.11623,5.12381,0.00486534,-0.00524382,8.6805e-05,0.0120542,0,0,0
14.0141,1,5.37136,0.626329,5.12421,0.00162081,-0.000652517,0.00022233,0.00415493,0,0,0
14.0141,2,-1.4141,7.9714,1.31414,2.40773e-06,-2.6429e-06,5.74823e-07,2.40568,0,0,0
14.0141,3,0,0,0,0,0,0,0,0,0,0
14.0141,4,0,0,0,0,0,0,0,0,0,0
14.0141,5,0,0,0,0,0,0,0,0,0,0
14.0745,0,3.11842,-5.11654,5.12381,0.00470926,-0.00508597,8.81368e-05,0.011197,0,0,0
14.0745,1,5.37147,0.626282,5.12423,0.00160406,-0.000663084,0.000212655,0.00395604,0,0,0
14.0745,2,-1.4141,7.9714,1.31414,2.29503e-06,-2.51929e-06,5.86459e-07,2.40568,0,0,0
14.0745,3,0,0,0,0,0,0,0,0,0,0
14.0745,4,0,0,0,0,0,0,0,0,0,0
14.0745,5,0,0,0,0,0,0,0,0,0,0
14.1324,0,3.11864,-5.11678,5.12382,0.0043399,-0.004648,8.80914e-05,0.0104604,0,0,0
14.1324,1,5.37156,0.626266,5.12425,0.00148264,-0.000549425,0.000213946,0.00395604,0,0,0
14.1324,2,-1.4141,7.9714,1.31414,2.32076e-06,-2.54398e-06,6.03498e-07,2.40568,0,0,0
14.1324,3,0,0,0,0,0,0,0,0,0,0
14.1324,4,0,0,0,0,0,0,0,0,0,0
14.1324,5,0,0,0,0,0,0,0,0,0,0
14.1846,0,3.11896,-5.11713,5.12382,0.00439292,-0.00470563,8.82169e-05,0.0104604,0,0,0
14.1846,1,5.37169,0.626208,5.12426,0.00153321,-0.000622013,0.000202634,0.00373874,0,0,0
14.1846,2,-1.4141,7.9714,1.31414,2.38497e-06,-2.61033e-06,5.79155e-07,2.40568,0,0,0
14.1846,3,0,0,0,0,0,0,0,0,0,0
14.1846,4,0,0,0,0,0,0,0,0,0,0
14.1846,5,0,0,0,0,0,0,0,0,0,0
14.2348,0,3.11922,-5.11742,5.12383,0.00415904,-0.00447101,8.86643e-05,0.00960557,0,0,0
14.2348,1,5.37177,0.626189,5.12427,0.00144294,-0.000549442,0.0001925,0.00373874,0,0,0
14.2348,2,-1.4141,7.9714,1.31414,2.37012e-06,-2.5942e-06,5.68102e-07,2.40568,0,0,0
14.2348,3,0,0,0,0,0,0,0,0,0,0
14.2348,4,0,0,0,0,0,0,0,0,0,0
14.2348,5,0,0,0,0,0,0,0,0,0,0
14.2853,0,3.11953,-5.11775,5.12383,0.00419551,-0.00451686,8.80899e-05,0.00960557,0,0,0
14.2853,1,5.37184,0.626164,5.12428,0.00131203,-0.000490833,0.000193441,0.00352085,0,0,0
14.2853,2,-1.4141,7.9714,1.31414,2.33331e-06,-2.55345e-06,5.64823e-07,2.40568,0,0,0
14.2853,3,0,0,0,0,0,0,0,0,0,0
14.2853,4,0,0,0,0,0,0,0,0,0,0
14.2853,5,0,0,0,0,0,0,0,0,0,0
14.3408,0,3.11978,-5.11802,5.12384,0.00407143,-0.00439452,8.80331e-05,0.00879884,0,0,0
14.3408,1,5.37196,0.626112,5.12429,0.00138675,-0.000566809,0.000186926,0.00352085,0,0,0
14.3408,2,-1.4141,7.9714,1.31414,2.29966e-06,-2.51638e-06,5.54867e-07,2.40568,0,0,0
14.3408,3,0,0,0,0,0,0,0,0,0,0
14.3408,4,0,0,0,0,0,0,0,0,0,0
14.3408,5,0,0,0,0,0,0,0,0,0,0
14.3935,0,3.12002,-5.11828,5.12384,0.00395256,-0.00427561,8.82271e-05,0.00879884,0,0,0
14.3935,1,5.37206,0.626077,5.1243,0.00139301,-0.000561914,0.00017872,0.00331928,0,0,0
14.3935,2,-1.4141,7.9714,1.31414,2.2914e-06,-2.50592e-06,5.33221e-07,2.40568,0,0,0
14.3935,3,0,0,0,0,0,0,0,0,0,0
14.3935,4,0,0,0,0,0,0,0,0,0,0
14.3935,5,0,0,0,0,0,0,0,0,0,0
14.4522,0,3.12021,-5.11848,5.12385,0.00365934,-0.00397578,8.89382e-05,0.00817271,0,0,0
14.4522,1,5.3721,0.626075,5.12431,0.00120319,-0.000435518,0.000176496,0.00331928,0,0,0
14.4522,2,-1.4141,7.9714,1.31414,2.32359e-06,-2.53915e-06,5.28321e-07,2.40568,0,0,0
14.4522,3,0,0,0,0,0,0,0,0,0,0
14.4522,4,0,0,0,0,0,0,0,0,0,0
14.4522,5,0,0,0,0,0,0,0,0,0,0
14.5118,0,3.12039,-5.11868,5.12385,0.00340302,-0.00371714,8.96629e-05,0.00817271,0,0,0
14.5118,1,5.37222,0.626018,5.12432,0.00132797,-0.00053803,0.000178422,0.00316803,0,0,0
14.5118,2,-1.4141,7.9714,1.31414,2.30577e-06,-2.51967e-06,5.32456e-07,2.40568,0,0,0
14.5118,3,0,0,0,0,0,0,0,0,0,0
14.5118,4,0,0,0,0,0,0,0,0,0,0
14.5118,5,0,0,0,0,0,0,0,0,0,0
14.5678,0,3.1207,-5.11902,5.12386,0.00369159,-0.00401294,9.00034e-05,0.00745042,0,0,0
14.5678,1,5.37229,0.626001,5.12433,0.00124686,-0.000477264,0.000170346,0.00316803,0,0,0
14.5678,2,-1.4141,7.9714,1.31414,2.28748e-06,-2.50045e-06,5.34951e-07,2.40568,0,0,0
14.5678,3,0,0,0,0,0,0,0,0,0,0
14.5678,4,0,0,0,0,0,0,0,0,0,0
14.5678,5,0,0,0,0,0,0,0,0,0,0
14.6281,0,3.12088,-5.11921,5.12386,0.00341556,-0.00372343,9.04179e-05,0.00745042,0,0,0
14.6281,1,5.37237,0.625971,5.12433,0.00120837,-0.000472248,0.000174875,0.00296625,0,0,0
14.6281,2,-1.4141,7.9714,1.31414,2.18433e-06,-2.38989e-06,5.04673e-07,2.40568,0,0,0
14.6281,3,0,0,0,0,0,0,0,0,0,0
14.6281,4,0,0,0,0,0,0,0,0,0,0
14.6281,5,0,0,0,0,0,0,0,0,0,0
14.6895,0,3.12109,-5.11944,5.12387,0.00333352,-0.00364799,9.0411e-05,0.00688909,0,0,0
14.6895,1,5.37246,0.625938,5.12434,0.00122916,-0.000487062,0.000172035,0.00279231,0,0,0
14.6895,2,-1.4141,7.9714,1.31414,2.422e-06,-2.60697e-06,4.96334e-07,2.40568,0,0,0
14.6895,3,0,0,0,0,0,0,0,0,0,0
14.6895,4,0,0,0,0,0,0,0,0,0,0
14.6895,5,0,0,0,0,0,0,0,0,0,0
14.7507,0,3.12134,-5.11971,5.12387,0.00341464,-0.00373195,9.07635e-05,0.00688909,0,0,0
14.7507,1,5.37253,0.625912,5.12435,0.00119585,-0.000468586,0.000172623,0.00279231,0,0,0
14.7507,2,-1.4141,7.9714,1.31414,2.31104e-06,-2.53878e-06,4.97141e-07,2.40568,0,0,0
14.7507,3,0,0,0,0,0,0,0,0,0,0
14.7507,4,0,0,0,0,0,0,0,0,0,0
14.7507,5,0,0,0,0,0,0,0,0,0,0
14.8035,0,3.12154,-5.11993,5.12388,0.00331075,-0.00362664,9.0341e-05,0.00623795,0,0,0
14.8035,1,5.3726,0.625885,5.12435,0.00115724,-0.00045867,0.000170591,0.00263736,0,0,0
14.8035,2,-1.4141,7.9714,1.31414,2.16954e-06,-2.42779e-06,5.01391e-07,2.40568,0,0,0
14.8035,3,0,0,0,0,0,0,0,0,0,0
14.8035,4,0,0,0,0,0,0,0,0,0,0
14.8035,5,0,0,0,0,0,0,0,0,0,0
14.8564,0,3.12169,-5.12011,5.12388,0.0030612,-0.00337362,8.98534e-05,0.00623795,0,0,0
14.8564,1,5.37266,0.625869,5.12436,0.00108778,-0.000411551,0.000167699,0.00263736,0,0,0
14.8564,2,-1.4141,7.9714,1.31414,2.07725e-06,-2.31789e-06,4.89316e-07,2.40568,0,0,0
14.8564,3,0,0,0,0,0,0,0,0,0,0
14.8564,4,0,0,0,0,0,0,0,0,0,0
14.8564,5,0,0,0,0,0,0,0,0,0,0
14.9068,0,3.12192,-5.12036,5.12388,0.00313963,-0.00344701,8.9835e-05,0.00568022,0,0,0
14.9068,1,5.37274,0.625836,5.12437,0.00110134,-0.000435281,0.000163735,0.00263736,0,0,0
14.9068,2,-1.4141,7.9714,1.31414,2.19893e-06,-2.4397e-06,4.73425e-07,2.40568,0,0,0
14.9068,3,0,0,0,0,0,0,0,0,0,0
14.9068,4,0,0,0,0,0,0,0,0,0,0
14.9068,5,0,0,0,0,0,0,0,0,0,0
14.9685,0,3.12207,-5.12052,5.12389,0.00286371,-0.00315673,9.02478e-05,0.00568022,0,0,0
14.9685,1,5.37281,0.625812,5.12438,0.00107264,-0.00042051,0.000159223,0.00248966,0,0,0
14.9685,2,-1.4141,7.9714,1.31414,2.17931e-06,-2.41168e-06,4.72715e-07,2.40568,0,0,0
14.9685,3,0,0,0,0,0,0,0,0,0,0
14.9685,4,0,0,0,0,0,0,0,0,0,0
14.9685,5,0,0,0,0,0,0,0,0,0,0
15.0187,0,3.12221,-5.12068,5.12389,0.00265982,-0.00294889,9.04203e-05,0.00525854,0,0,0
15.0187,1,5.37286,0.625796,5.12439,0.00100547,-0.000381066,0.000155151,0.00248966,0,0,0
15.0187,2,-1.4141,7.9714,1.31414,2.13882e-06,-2.36525e-06,4.77642e-07,2.40568,0,0,0
15.0187,3,0,0,0,0,0,0,0,0,0,0
15.0187,4,0,0,0,0,0,0,0,0,0,0
15.0187,5,0,0,0,0,0,0,0,0,0,0
15.0688,0,3.12246,-5.12094,5.1239,0.00289054,-0.00317238,9.04538e-05,0.00525854,0,0,0
15.0688,1,5.37293,0.625771,5.12439,0.000965917,-0.000375866,0.000152483,0.00236094,0,0,0
15.0688,2,-1.4141,7.9714,1.31414,2.12407e-06,-2.34479e-06,4.79758e-07,2.40568,0,0,0
15.0688,3,0,0,0,0,0,0,0,0,0,0
15.0688,4,0,0,0,0,0,0,0,0,0,0
15.0688,5,0,0,0,0,0,0,0,0,0,0
15.1216,0,3.12253,-5.12102,5.1239,0.00239999,-0.0026823,9.11607e-05,0.00480937,0,0,0
15.1216,1,5.37298,0.625755,5.1244,0.000909346,-0.00034516,0.000148427,0.00224081,0,0,0
15.1216,2,-1.4141,7.9714,1.31414,2.08857e-06,-2.3026e-06,4.61727e-07,2.40568,0,0,0
15.1216,3,0,0,0,0,0,0,0,0,0,0
15.1216,4,0,0,0,0,0,0,0,0,0,0
15.1216,5,0,0,0,0,0,0,0,0,0,0
15.1802,0,3.1228,-5.12131,5.12391,0.00272952,-0.00301268,9.16506e-05,0.00480937,0,0,0
15.1802,1,5.37306,0.625721,5.12441,0.000965146,-0.000381506,0.000145311,0.00224081,0,0,0
15.1802,2,-1.4141,7.9714,1.31414,1.97696e-06,-2.1819e-06,4.51999e-07,2.40568,0,0,0
15.1802,3,0,0,0,0,0,0,0,0,0,0
15.1802,4,0,0,0,0,0,0,0,0,0,0
15.1802,5,0,0,0,0,0,0,0,0,0,0
15.2303,0,3.12305,-5.12159,5.12391,0.00232614,-0.00259073,9.20599e-05,0.00443179,0,0,0
15.2303,1,5.37313,0.625693,5.12442,0.000964655,-0.000391245,0.000143205,0.00224081,0,0,0
15.2303,2,-1.4141,7.9714,1.31414,1.97696e-06,-2.1819e-06,4.51999e-07,2.40568,0,0,0
15.2303,3,0,0,0,0,0,0,0,0,0,0
15.2303,4,0,0,0,0,0,0,0,0,0,0
15.2303,5,0,0,0,0,0,0,0,0,0,0
15.2866,0,3.12316,-5.12172,5.12392,0.00214376,-0.0024097,9.15626e-05,0.00443179,0,0,0
15.2866,1,5.37319,0.625673,5.12443,0.000928236,-0.000371785,0.000139457,0.00207785,0,0,0
15.2866,2,-1.4141,7.9714,1.31414,2.06164e-06,-2.26641e-06,4.51172e-07,2.40568,0,0,0
15.2866,3,0,0,0,0,0,0,0,0,0,0
15.2866,4,0,0,0,0,0,0,0,0,0,0
15.2866,5,0,0,0,0,0,0,0,0,0,0
15.3395,0,3.1233,-5.12186,5.12392,0.00265565,-0.0029379,9.1513e-05,0.00391072,0,0,0
15.3395,1,5.37325,0.625655,5.12443,0.000898197,-0.00035033,0.000135666,0.00207785,0,0,0
15.3395,2,-1.4141,7.9714,1.31414,2.052e-06,-2.25342e-06,4.58493e-07,2.40568,0,0,0
15.3395,3,0,0,0,0,0,0,0,0,0,0
15.3395,4,0,0,0,0,0,0,0,0,0,0
15.3395,5,0,0,0,0,0,0,0,0,0,0
15.3934,0,3.12342,-5.122,5.12393,0.00237343,-0.00264802,9.25e-05,0.00391072,0,0,0
15.3934,1,5.3733,0.625635,5.12444,0.000873313,-0.000341784,0.000132259,0.00195566,0,0,0
15.3934,2,-1.4141,7.9714,1.31414,2.08224e-06,-2.24015e-06,4.66297e-07,2.40568,0,0,0
15.3934,3,0,0,0,0,0,0,0,0,0,0
15.3934,4,0,0,0,0,0,0,0,0,0,0
15.3934,5,0,0,0,0,0,0,0,0,0,0
15.4436,0,3.12356,-5.12216,5.12393,0.00230523,-0.0025743,9.21084e-05,0.00356023,0,0,0
15.4436,1,5.37335,0.625616,5.12445,0.000848487,-0.000332551,0.000129727,0.00195566,0,0,0
15.4436,2,-1.4141,7.97139,1.31414,2.06187e-06,-2.23102e-06,4.41971e-07,2.40568,0,0,0
15.4436,3,0,0,0,0,0,0,0,0,0,0
15.4436,4,0,0,0,0,0,0,0,0,0,0
15.4436,5,0,0,0,0,0,0,0,0,0,0
15.4994,0,3.1237,-5.12231,5.12394,0.00220523,-0.00247124,9.16411e-05,0.00356023,0,0,0
15.4994,1,5.37341,0.625597,5.12445,0.000824004,-0.000323139,0.00012727,0.00184237,0,0,0
15.4994,2,-1.4141,7.97139,1.31414,2.02674e-06,-2.20278e-06,4.31931e-07,2.40568,0,0,0
15.4994,3,0,0,0,0,0,0,0,0,0,0
15.4994,4,0,0,0,0,0,0,0,0,0,0
15.4994,5,0,0,0,0,0,0,0,0,0,0
15.5549,0,3.12397,-5.12262,5.12394,0.00204271,-0.00230098,9.12849e-05,0.00317123,0,0,0
15.5549,1,5.37346,0.625581,5.12446,0.000804103,-0.000309905,0.000124854,0.00184237,0,0,0
15.5549,2,-1.4141,7.97139,1.31414,2.04279e-06,-2.21356e-06,4.34233e-07,2.40568,0,0,0
15.5549,3,0,0,0,0,0,0,0,0,0,0
15.5549,4,0,0,0,0,0,0,0,0,0,0
15.5549,5,0,0,0,0,0,0,0,0,0,0
15.6082,0,3.12413,-5.12279,5.12395,0.00205163,-0.00230045,9.14127e-05,0.00317123,0,0,0
15.6082,1,5.37351,0.625563,5.12447,0.000780877,-0.000301182,0.000122644,0.00173508,0,0,0
15.6082,2,-1.4141,7.97139,1.31414,1.94178e-06,-2.12649e-06,4.38817e-07,2.40568,0,0,0
15.6082,3,0,0,0,0,0,0,0,0,0,0
15.6082,4,0,0,0,0,0,0,0,0,0,0
15.6082,5,0,0,0,0,0,0,0,0,0,0
15.6584,0,3.12418,-5.12285,5.12395,0.00174771,-0.00198939,9.04923e-05,0.00259916,0,0,0
15.6584,1,5.37355,0.625544,5.12447,0.000743005,-0.000295167,0.000120886,0.00173508,0,0,0
15.6584,2,-1.4141,7.97139,1.31414,1.9973e-06,-2.19109e-06,4.54102e-07,2.40568,0,0,0
15.6584,3,0,0,0,0,0,0,0,0,0,0
15.6584,4,0,0,0,0,0,0,0,0,0,0
15.6584,5,0,0,0,0,0,0,0,0,0,0
15.7115,0,3.12439,-5.12307,5.12395,0.00198622,-0.00222505,9.09487e-05,0.00259916,0,0,0
15.7115,1,5.37359,0.625533,5.12448,0.000695265,-0.000263752,0.000119021,0.00163557,0,0,0
15.7115,2,-1.4141,7.97139,1.31414,1.97914e-06,-2.18157e-06,4.52609e-07,2.40568,0,0,0
15.7115,3,0,0,0,0,0,0,0,0,0,0
15.7115,4,0,0,0,0,0,0,0,0,0,0
15.7115,5,0,0,0,0,0,0,0,0,0,0
15.7643,0,3.12439,-5.12307,5.12395,0.00198622,-0.00222505,9.09487e-05,0.00227711,0,0,0
15.7643,1,5.37364,0.625511,5.12448,0.000699164,-0.000276304,0.000117112,0.00163557,0,0,0
15.7643,2,-1.4141,7.97139,1.31414,1.86491e-06,-2.08398e-06,4.42986e-07,2.40568,0,0,0
15.7643,3,0,0,0,0,0,0,0,0,0,0
15.7643,4,0,0,0,0,0,0,0,0,0,0
15.7643,5,0,0,0,0,0,0,0,0,0,0
15.8201,0,3.1245,-5.1232,5.12396,0.00187748,-0.00211763,9.19499e-05,0.00227711,0,0,0
15.8201,1,5.37369,0.625495,5.12449,0.000674561,-0.000266465,0.000115586,0.00153943,0,0,0
15.8201,2,-1.4141,7.97139,1.31414,1.87426e-06,-2.04489e-06,4.38665e-07,2.40568,0,0,0
15.8201,3,0,0,0,0,0,0,0,0,0,0
15.8201,4,0,0,0,0,0,0,0,0,0,0
15.8201,5,0,0,0,0,0,0,0,0,0,0
15.8756,0,3.12461,-5.12332,5.12397,0.00175569,-0.00198939,9.16744e-05,0.00213551,0,0,0
15.8756,1,5.37373,0.625478,5.12449,0.000654956,-0.000266923,0.000113106,0.00153943,0,0,0
15.8756,2,-1.4141,7.97139,1.31414,1.85886e-06,-2.02391e-06,4.43001e-07,2.40568,0,0,0
15.8756,3,0,0,0,0,0,0,0,0,0,0
15.8756,4,0,0,0,0,0,0,0,0,0,0
15.8756,5,0,0,0,0,0,0,0,0,0,0
15.9283,0,3.12474,-5.12346,5.12397,0.00174967,-0.00197887,9.14474e-05,0.00213551,0,0,0
15.9283,1,5.37377,0.625465,5.1245,0.000649463,-0.00025359,0.000110637,0.00144897,0,0,0
15.9283,2,-1.4141,7.97139,1.31414,1.92466e-06,-2.09055e-06,4.55306e-07,2.40568,0,0,0
15.9283,3,0,0,0,0,0,0,0,0,0,0
15.9283,4,0,0,0,0,0,0,0,0,0,0
15.9283,5,0,0,0,0,0,0,0,0,0,0
15.9862,0,3.12484,-5.12358,5.12398,0.00163235,-0.00185323,9.10251e-05,0.00186529,0,0,0
15.9862,1,5.37382,0.625444,5.12451,0.0006537,-0.000271874,0.000108629,0.00144897,0,0,0
15.9862,2,-1.4141,7.97139,1.31414,1.99774e-06,-2.16496e-06,4.60382e-07,2.40568,0,0,0
15.9862,3,0,0,0,0,0,0,0,0,0,0
15.9862,4,0,0,0,0,0,0,0,0,0,0
15.9862,5,0,0,0,0,0,0,0,0,0,0
16.0416,0,3.12494,-5.12369,5.12398,0.00155358,-0.0017676,9.06457e-05,0.00186529,0,0,0
16.0416,1,5.37384,0.625442,5.12451,0.000565491,-0.000212405,0.000106166,0.00135403,0,0,0
16.0416,2,-1.4141,7.97139,1.31414,1.9856e-06,-2.15247e-06,4.71862e-07,2.40568,0,0,0
16.0416,3,0,0,0,0,0,0,0,0,0,0
16.0416,4,0,0,0,0,0,0,0,0,0,0
16.0416,5,0,0,0,0,0,0,0,0,0,0
16.0919,0,3.12504,-5.1238,5.12399,0.00150667,-0.00171256,9.03977e-05,0.0016591,0,0,0
16.0919,1,5.3739,0.625415,5.12452,0.00062845,-0.000264253,0.000103521,0.00127195,0,0,0
16.0919,2,-1.4141,7.97139,1.31414,1.96685e-06,-2.13644e-06,4.95139e-07,2.40568,0,0,0
16.0919,3,0,0,0,0,0,0,0,0,0,0
16.0919,4,0,0,0,0,0,0,0,0,0,0
16.0919,5,0,0,0,0,0,0,0,0,0,0
16.1452,0,3.12515,-5.12393,5.12399,0.00153051,-0.00173996,9.00236e-05,0.0016591,0,0,0
16.1452,1,5.37394,0.625399,5.12452,0.000639926,-0.000263875,0.000101711,0.00127195,0,0,0
16.1452,2,-1.4141,7.97139,1.31414,1.9127e-06,-2.08074e-06,5.06143e-07,2.40568,0,0,0
16.1452,3,0,0,0,0,0,0,0,0,0,0
16.1452,4,0,0,0,0,0,0,0,0,0,0
16.1452,5,0,0,0,0,0,0,0,0,0,0
16.1986,0,3.12522,-5.12401,5.124,0.00138233,-0.00158413,8.96917e-05,0.0014799,0,0,0
16.1986,1,5.37396,0.625398,5.12453,0.000538218,-0.000201351,9.97427e-05,0.00127195,0,0,0
16.1986,2,-1.4141,7.97139,1.31414,1.93905e-06,-2.10848e-06,5.1644e-07,2.40568,0,0,0
16.1986,3,0,0,0,0,0,0,0,0,0,0
16.1986,4,0,0,0,0,0,0,0,0,0,0
16.1986,5,0,0,0,0,0,0,0,0,0,0
16.2488,0,3.12533,-5.12413,5.124,0.00137366,-0.00157144,8.94262e-05,0.0014799,0,0,0
16.2488,1,5.37401,0.625377,5.12453,0.000553917,-0.000222144,9.63462e-05,0.00120624,0,0,0
16.2488,2,-1.4141,7.97139,1.31414,1.77975e-06,-1.94047e-06,5.07919e-07,2.40568,0,0,0
16.2488,3,0,0,0,0,0,0,0,0,0,0
16.2488,4,0,0,0,0,0,0,0,0,0,0
16.2488,5,0,0,0,0,0,0,0,0,0,0
16.2989,0,3.12542,-5.12423,5.12401,0.00132949,-0.00152169,8.93119e-05,0.00136489,0,0,0
16.2989,1,5.37405,0.625359,5.12454,0.00055189,-0.000232605,9.4678e-05,0.00111293,0,0,0
16.2989,2,-1.4141,7.97139,1.31414,1.89951e-06,-2.06486e-06,4.88657e-07,2.40568,0,0,0
16.2989,3,0,0,0,0,0,0,0,0,0,0
16.2989,4,0,0,0,0,0,0,0,0,0,0
16.2989,5,0,0,0,0,0,0,0,0,0,0
16.3601,0,3.12547,-5.12428,5.12401,0.00112161,-0.00130372,8.91223e-05,0.00136489,0,0,0
16.3601,1,5.37409,0.625351,5.12455,0.000521764,-0.000203436,9.06623e-05,0.00111293,0,0,0
16.3601,2,-1.4141,7.97139,1.31414,1.78245e-06,-1.94307e-06,4.74783e-07,2.40568,0,0,0
16.3601,3,0,0,0,0,0,0,0,0,0,0
16.3601,4,0,0,0,0,0,0,0,0,0,0
16.3601,5,0,0,0,0,0,0,0,0,0,0
16.4146,0,3.1256,-5.12443,5.12402,0.00129328,-0.00147848,8.88658e-05,0.00130576,0,0,0
16.4146,1,5.37413,0.625334,5.12455,0.000528759,-0.000214617,8.92256e-05,0.00103701,0,0,0
16.4146,2,-1.4141,7.97139,1.31414,1.91917e-06,-2.08563e-06,4.73396e-07,2.40568,0,0,0
16.4146,3,0,0,0,0,0,0,0,0,0,0
16.4146,4,0,0,0,0,0,0,0,0,0,0
16.4146,5,0,0,0,0,0,0,0,0,0,0
16.465,0,3.12567,-5.12451,5.12402,0.00123824,-0.00142273,8.8456e-05,0.00130576,0,0,0
16.465,1,5.37416,0.625326,5.12455,0.000499727,-0.000192526,8.51655e-05,0.00103701,0,0,0
16.465,2,-1.4141,7.97139,1.31414,1.90556e-06,-2.07428e-06,4.69385e-07,2.40568,0,0,0
16.465,3,0,0,0,0,0,0,0,0,0,0
16.465,4,0,0,0,0,0,0,0,0,0,0
16.465,5,0,0,0,0,0,0,0,0,0,0
16.5154,0,3.12575,-5.1246,5.12403,0.0011847,-0.00137129,8.83127e-05,0.00128357,0,0,0
16.5154,1,5.37419,0.625314,5.12456,0.000471933,-0.000186871,8.48545e-05,0.000978805,0,0,0
16.5154,2,-1.4141,7.97139,1.31414,1.87533e-06,-2.04311e-06,4.48512e-07,2.40568,0,0,0
16.5154,3,0,0,0,0,0,0,0,0,0,0
16.5154,4,0,0,0,0,0,0,0,0,0,0
16.5154,5,0,0,0,0,0,0,0,0,0,0
16.5663,0,3.12582,-5.12468,5.12403,0.0011351,-0.00132081,8.83168e-05,0.00128357,0,0,0
16.5663,1,5.37422,0.6253,5.12456,0.000477855,-0.000195774,8.34178e-05,0.000978805,0,0,0
16.5663,2,-1.4141,7.97139,1.31414,1.86623e-06,-2.03376e-06,4.36147e-07,2.40568,0,0,0
16.5663,3,0,0,0,0,0,0,0,0,0,0
16.5663,4,0,0,0,0,0,0,0,0,0,0
16.5663,5,0,0,0,0,0,0,0,0,0,0
16.6218,0,3.12589,-5.12476,5.12404,0.0010884,-0.00127048,8.81747e-05,0.00130808,0,0,0
16.6218,1,5.37425,0.62529,5.12457,0.000452854,-0.000182563,8.24112e-05,0.000913878,0,0,0
16.6218,2,-1.4141,7.97139,1.31414,1.92741e-06,-2.09766e-06,4.29477e-07,2.40568,0,0,0
16.6218,3,0,0,0,0,0,0,0,0,0,0
16.6218,4,0,0,0,0,0,0,0,0,0,0
16.6218,5,0,0,0,0,0,0,0,0,0,0
16.672,0,3.12596,-5.12484,5.12404,0.00104459,-0.00122069,8.79852e-05,0.00130808,0,0,0
16.672,1,5.37428,0.625276,5.12457,0.00045579,-0.000189567,8.13003e-05,0.000913878,0,0,0
16.672,2,-1.4141,7.97139,1.31414,1.76561e-06,-1.92803e-06,4.30968e-07,2.40568,0,0,0
16.672,3,0,0,0,0,0,0,0,0,0,0
16.672,4,0,0,0,0,0,0,0,0,0,0
16.672,5,0,0,0,0,0,0,0,0,0,0
16.7323,0,3.12602,-5.12491,5.12404,0.00100169,-0.00117434,8.76642e-05,0.00136435,0,0,0
16.7323,1,5.37431,0.625267,5.12457,0.000441262,-0.000181042,8.01695e-05,0.000853767,0,0,0
16.7323,2,-1.4141,7.97139,1.31414,1.82108e-06,-1.98366e-06,4.35725e-07,2.40568,0,0,0
16.7323,3,0,0,0,0,0,0,0,0,0,0
16.7323,4,0,0,0,0,0,0,0,0,0,0
16.7323,5,0,0,0,0,0,0,0,0,0,0
16.7863,0,3.12608,-5.12499,5.12405,0.000960565,-0.00113098,8.73762e-05,0.00136435,0,0,0
16.7863,1,5.37434,0.625258,5.12458,0.000427333,-0.000173077,7.85397e-05,0.000853767,0,0,0
16.7863,2,-1.4141,7.97139,1.31414,1.88172e-06,-2.04712e-06,4.07057e-07,2.40568,0,0,0
16.7863,3,0,0,0,0,0,0,0,0,0,0
16.7863,4,0,0,0,0,0,0,0,0,0,0
16.7863,5,0,0,0,0,0,0,0,0,0,0
16.8417,0,3.12614,-5.12506,5.12405,0.000895176,-0.00106088,8.72369e-05,0.00144206,0,0,0
16.8417,1,5.37436,0.625249,5.12458,0.000412687,-0.000166902,7.72039e-05,0.000801385,0,0,0
16.8417,2,-1.4141,7.97139,1.31414,1.77494e-06,-1.93679e-06,3.8796e-07,2.40568,0,0,0
16.8417,3,0,0,0,0,0,0,0,0,0,0
16.8417,4,0,0,0,0,0,0,0,0,0,0
16.8417,5,0,0,0,0,0,0,0,0,0,0
16.8927,0,3.12622,-5.12514,5.12406,0.000883323,-0.0010461,8.70881e-05,0.00144206,0,0,0
16.8927,1,5.37438,0.625242,5.12459,0.000383771,-0.000150979,7.53967e-05,0.000801385,0,0,0
16.8927,2,-1.4141,7.97139,1.31414,1.84014e-06,-2.00456e-06,3.7577e-07,2.40568,0,0,0
16.8927,3,0,0,0,0,0,0,0,0,0,0
16.8927,4,0,0,0,0,0,0,0,0,0,0
16.8927,5,0,0,0,0,0,0,0,0,0,0
16.9478,0,3.12627,-5.1252,5.12406,0.000849599,-0.00100983,8.68729e-05,0.00154366,0,0,0
16.9478,1,5.37441,0.625231,5.12459,0.000377652,-0.000153476,7.39226e-05,0.000752559,0,0,0
16.9478,2,-1.4141,7.97139,1.31414,1.8246e-06,-1.98879e-06,3.65448e-07,2.40568,0,0,0
16.9478,3,0,0,0,0,0,0,0,0,0,0
16.9478,4,0,0,0,0,0,0,0,0,0,0
16.9478,5,0,0,0,0,0,0,0,0,0,0
17.003,0,3.12633,-5.12527,5.12407,0.000817839,-0.000975613,8.6458e-05,0.00154366,0,0,0
17.003,1,5.37444,0.625222,5.1246,0.00036638,-0.000149107,7.23228e-05,0.000752559,0,0,0
17.003,2,-1.4141,7.97139,1.31414,1.70762e-06,-1.86761e-06,3.76202e-07,2.40568,0,0,0
17.003,3,0,0,0,0,0,0,0,0,0,0
17.003,4,0,0,0,0,0,0,0,0,0,0
17.003,5,0,0,0,0,0,0,0,0,0,0
17.0538,0,3.12638,-5.12533,5.12407,0.00078924,-0.0009413,8.63108e-05,0.00164417,0,0,0
17.0538,1,5.37446,0.625214,5.1246,0.000357619,-0.000143144,7.06146e-05,0.000706527,0,0,0
17.0538,2,-1.4141,7.97139,1.31414,1.76334e-06,-1.92178e-06,3.70758e-07,2.40568,0,0,0
17.0538,3,0,0,0,0,0,0,0,0,0,0
17.0538,4,0,0,0,0,0,0,0,0,0,0
17.0538,5,0,0,0,0,0,0,0,0,0,0
17.1065,0,3.12643,-5.12539,5.12408,0.000758353,-0.000911569,8.54183e-05,0.00164417,0,0,0
17.1065,1,5.37448,0.625208,5.1246,0.000330326,-0.000127492,6.77214e-05,0.000706527,0,0,0
17.1065,2,-1.4141,7.97139,1.31414,1.87431e-06,-2.0383e-06,3.54652e-07,2.40568,0,0,0
17.1065,3,0,0,0,0,0,0,0,0,0,0
17.1065,4,0,0,0,0,0,0,0,0,0,0
17.1065,5,0,0,0,0,0,0,0,0,0,0
17.1618,0,3.12648,-5.12545,5.12408,0.000731102,-0.000880344,8.50753e-05,0.00174899,0,0,0
17.1618,1,5.3745,0.625197,5.1246,0.000331105,-0.000134351,6.86542e-05,0.000687784,0,0,0
17.1618,2,-1.4141,7.97139,1.31414,1.7865e-06,-1.94433e-06,3.44921e-07,2.40568,0,0,0
17.1618,3,0,0,0,0,0,0,0,0,0,0
17.1618,4,0,0,0,0,0,0,0,0,0,0
17.1618,5,0,0,0,0,0,0,0,0,0,0
17.2119,0,3.12651,-5.12548,5.12408,0.000627558,-0.000771799,8.47832e-05,0.00174899,0,0,0
17.2119,1,5.37453,0.625188,5.12461,0.000334189,-0.000135099,6.47047e-05,0.000687784,0,0,0
17.2119,2,-1.4141,7.97139,1.31414,1.82881e-06,-1.97935e-06,3.53779e-07,2.40568,0,0,0
17.2119,3,0,0,0,0,0,0,0,0,0,0
17.2119,4,0,0,0,0,0,0,0,0,0,0
17.2119,5,0,0,0,0,0,0,0,0,0,0
17.2647,0,3.12658,-5.12556,5.12409,0.000659717,-0.000800845,8.44506e-05,0.00183219,0,0,0
17.2647,1,5.37455,0.62518,5.12461,0.00032326,-0.000131994,6.50017e-05,0.000619885,0,0,0
17.2647,2,-1.4141,7.97139,1.31414,1.8092e-06,-1.95749e-06,3.59816e-07,2.40568,0,0,0
17.2647,3,0,0,0,0,0,0,0,0,0,0
17.2647,4,0,0,0,0,0,0,0,0,0,0
17.2647,5,0,0,0,0,0,0,0,0,0,0
17.3149,0,3.12663,-5.12562,5.12409,0.000672972,-0.000815752,8.4558e-05,0.00183219,0,0,0
17.3149,1,5.37457,0.625171,5.12462,0.000317359,-0.000135208,6.34076e-05,0.000619885,0,0,0
17.3149,2,-1.4141,7.97139,1.31414,1.70624e-06,-1.85101e-06,3.70273e-07,2.40568,0,0,0
17.3149,3,0,0,0,0,0,0,0,0,0,0
17.3149,4,0,0,0,0,0,0,0,0,0,0
17.3149,5,0,0,0,0,0,0,0,0,0,0
17.3721,0,3.12668,-5.12568,5.1241,0.000634683,-0.000777531,8.43744e-05,0.00196994,0,0,0
17.3721,1,5.37459,0.625166,5.12462,0.000297255,-0.00011847,6.1733e-05,0.000582909,0,0,0
17.3721,2,-1.4141,7.97139,1.31414,1.76644e-06,-1.91408e-06,3.80385e-07,2.40568,0,0,0
17.3721,3,0,0,0,0,0,0,0,0,0,0
17.3721,4,0,0,0,0,0,0,0,0,0,0
17.3721,5,0,0,0,0,0,0,0,0,0,0
17.4274,0,3.12672,-5.12573,5.1241,0.00061095,-0.000752023,8.42955e-05,0.00196994,0,0,0
17.4274,1,5.37461,0.625157,5.12462,0.000300039,-0.000123723,6.06658e-05,0.000582909,0,0,0
17.4274,2,-1.4141,7.97139,1.31414,1.74861e-06,-1.89684e-06,3.63339e-07,2.40568,0,0,0
17.4274,3,0,0,0,0,0,0,0,0,0,0
17.4274,4,0,0,0,0,0,0,0,0,0,0
17.4274,5,0,0,0,0,0,0,0,0,0,0
17.4879,0,3.12676,-5.12578,5.12411,0.00058773,-0.000727022,8.40971e-05,0.00207089,0,0,0
17.4879,1,5.37463,0.625151,5.12463,0.000290777,-0.000118451,5.95673e-05,0.000546071,0,0,0
17.4879,2,-1.4141,7.97139,1.31414,1.73166e-06,-1.88018e-06,3.56357e-07,2.40568,0,0,0
17.4879,3,0,0,0,0,0,0,0,0,0,0
17.4879,4,0,0,0,0,0,0,0,0,0,0
17.4879,5,0,0,0,0,0,0,0,0,0,0
17.5431,0,3.1268,-5.12582,5.12411,0.000556067,-0.000692624,8.33607e-05,0.00207089,0,0,0
17.5431,1,5.37465,0.625144,5.12463,0.000277252,-0.000112896,6.08126e-05,0.000546071,0,0,0
17.5431,2,-1.41409,7.97139,1.31414,1.68216e-06,-1.82896e-06,3.57814e-07,2.40568,0,0,0
17.5431,3,0,0,0,0,0,0,0,0,0,0
17.5431,4,0,0,0,0,0,0,0,0,0,0
17.5431,5,0,0,0,0,0,0,0,0,0,0
17.5959,0,3.12684,-5.12587,5.12411,0.00053524,-0.000669773,8.31401e-05,0.00216933,0,0,0
17.5959,1,5.37467,0.625138,5.12463,0.000268718,-0.000108938,6.01949e-05,0.000517244,0,0,0
17.5959,2,-1.41409,7.97139,1.31414,1.67142e-06,-1.81764e-06,3.66832e-07,2.40568,0,0,0
17.5959,3,0,0,0,0,0,0,0,0,0,0
17.5959,4,0,0,0,0,0,0,0,0,0,0
17.5959,5,0,0,0,0,0,0,0,0,0,0
17.6476,0,3.12688,-5.12592,5.12412,0.000534762,-0.000668809,8.27179e-05,0.00216933,0,0,0
17.6476,1,5.37468,0.625134,5.12464,0.00024995,-9.86884e-05,5.8954e-05,0.000517244,0,0,0
17.6476,2,-1.41409,7.97139,1.31414,1.59661e-06,-1.74006e-06,3.79066e-07,2.40568,0,0,0
17.6476,3,0,0,0,0,0,0,0,0,0,0
17.6476,4,0,0,0,0,0,0,0,0,0,0
17.6476,5,0,0,0,0,0,0,0,0,0,0
17.6978,0,3.12691,-5.12596,5.12412,0.000482336,-0.000613869,8.31189e-05,0.00227348,0,0,0
17.6978,1,5.3747,0.625126,5.12464,0.000252338,-0.000104196,5.95187e-05,0.000487258,0,0,0
17.6978,2,-1.41409,7.97139,1.31414,1.64262e-06,-1.78617e-06,3.87986e-07,2.40568,0,0,0
17.6978,3,0,0,0,0,0,0,0,0,0,0
17.6978,4,0,0,0,0,0,0,0,0,0,0
17.6978,5,0,0,0,0,0,0,0,0,0,0
17.7479,0,3.12694,-5.126,5.12413,0.000457826,-0.000585053,8.28401e-05,0.00227348,0,0,0
17.7479,1,5.37471,0.62512,5.12464,0.000244861,-0.000100279,5.70376e-05,0.000487258,0,0,0
17.7479,2,-1.41409,7.97139,1.31414,1.61512e-06,-1.75921e-06,3.77673e-07,2.40568,0,0,0
17.7479,3,0,0,0,0,0,0,0,0,0,0
17.7479,4,0,0,0,0,0,0,0,0,0,0
17.7479,5,0,0,0,0,0,0,0,0,0,0
17.8043,0,3.12697,-5.12603,5.12413,0.00041491,-0.000539763,8.23448e-05,0.00235226,0,0,0
17.8043,1,5.37473,0.625114,5.12465,0.000237418,-9.70337e-05,5.56388e-05,0.000487258,0,0,0
17.8043,2,-1.41409,7.97139,1.31414,1.5915e-06,-1.73431e-06,3.657e-07,2.40568,0,0,0
17.8043,3,0,0,0,0,0,0,0,0,0,0
17.8043,4,0,0,0,0,0,0,0,0,0,0
17.8043,5,0,0,0,0,0,0,0,0,0,0
17.8578,0,3.12701,-5.12608,5.12414,0.000421404,-0.000545699,8.14274e-05,0.00235226,0,0,0
17.8578,1,5.37475,0.625107,5.12465,0.000239344,-0.000100021,5.49941e-05,0.000460363,0,0,0
17.8578,2,-1.41409,7.97139,1.31414,1.63129e-06,-1.77613e-06,3.63443e-07,2.40568,0,0,0
17.8578,3,0,0,0,0,0,0,0,0,0,0
17.8578,4,0,0,0,0,0,0,0,0,0,0
17.8578,5,0,0,0,0,0,0,0,0,0,0
17.9182,0,3.12704,-5.12612,5.12414,0.000429366,-0.000554879,8.06088e-05,0.00243602,0,0,0
17.9182,1,5.37476,0.625105,5.12465,0.000212599,-8.47214e-05,5.31435e-05,0.000438535,0,0,0
17.9182,2,-1.41409,7.97139,1.31414,1.5947e-06,-1.75713e-06,3.66598e-07,2.40568,0,0,0
17.9182,3,0,0,0,0,0,0,0,0,0,0
17.9182,4,0,0,0,0,0,0,0,0,0,0
17.9182,5,0,0,0,0,0,0,0,0,0,0
17.9683,0,3.12707,-5.12616,5.12414,0.000402458,-0.000526644,7.98983e-05,0.00243602,0,0,0
17.9683,1,5.37477,0.625098,5.12465,0.000217065,-8.80305e-05,5.3486e-05,0.000438535,0,0,0
17.9683,2,-1.41409,7.97139,1.31414,1.58718e-06,-1.74069e-06,3.73002e-07,2.40568,0,0,0
17.9683,3,0,0,0,0,0,0,0,0,0,0
17.9683,4,0,0,0,0,0,0,0,0,0,0
17.9683,5,0,0,0,0,0,0,0,0,0,0
18.0272,0,3.1271,-5.12619,5.12415,0.000378912,-0.000499836,8.0021e-05,0.00252386,0,0,0
18.0272,1,5.37479,0.625095,5.12466,0.000200028,-7.79542e-05,5.29331e-05,0.00041654,0,0,0
18.0272,2,-1.41409,7.97139,1.31414,1.56124e-06,-1.71131e-06,3.86289e-07,2.40568,0,0,0
18.0272,3,0,0,0,0,0,0,0,0,0,0
18.0272,4,0,0,0,0,0,0,0,0,0,0
18.0272,5,0,0,0,0,0,0,0,0,0,0
18.0818,0,3.12713,-5.12623,5.12415,0.000371045,-0.000491793,7.97332e-05,0.00252386,0,0,0
18.0818,1,5.3748,0.625089,5.12466,0.000204136,-8.17908e-05,5.24926e-05,0.00041654,0,0,0
18.0818,2,-1.41409,7.97139,1.31414,1.59775e-06,-1.74643e-06,3.82983e-07,2.40568,0,0,0
18.0818,3,0,0,0,0,0,0,0,0,0,0
18.0818,4,0,0,0,0,0,0,0,0,0,0
18.0818,5,0,0,0,0,0,0,0,0,0,0
18.132,0,3.12717,-5.12627,5.12416,0.000348849,-0.000467882,8.019e-05,0.00260604,0,0,0
18.132,1,5.37482,0.625084,5.12466,0.000193845,-7.6671e-05,5.2022e-05,0.000395261,0,0,0
18.132,2,-1.41409,7.97139,1.31414,1.5665e-06,-1.71198e-06,3.57013e-07,2.40568,0,0,0
18.132,3,0,0,0,0,0,0,0,0,0,0
18.132,4,0,0,0,0,0,0,0,0,0,0
18.132,5,0,0,0,0,0,0,0,0,0,0
18.1898,0,3.12719,-5.1263,5.12416,0.000331663,-0.000448642,8.01699e-05,0.00260604,0,0,0
18.1898,1,5.37483,0.625079,5.12466,0.000186608,-7.40422e-05,5.15311e-05,0.000395261,0,0,0
18.1898,2,-1.41409,7.97139,1.31414,1.55404e-06,-1.6976e-06,3.50282e-07,2.40568,0,0,0
18.1898,3,0,0,0,0,0,0,0,0,0,0
18.1898,4,0,0,0,0,0,0,0,0,0,0
18.1898,5,0,0,0,0,0,0,0,0,0,0
18.2432,0,3.12721,-5.12633,5.12417,0.000314333,-0.00043004,7.98728e-05,0.00268164,0,0,0
18.2432,1,5.37484,0.625073,5.12467,0.000190663,-7.71371e-05,5.09945e-05,0.00038618,0,0,0
18.2432,2,-1.41409,7.97139,1.31414,1.54243e-06,-1.68403e-06,3.55951e-07,2.40568,0,0,0
18.2432,3,0,0,0,0,0,0,0,0,0,0
18.2432,4,0,0,0,0,0,0,0,0,0,0
18.2432,5,0,0,0,0,0,0,0,0,0,0
18.2943,0,3.12723,-5.12635,5.12417,0.000259738,-0.000368957,7.94944e-05,0.00268164,0,0,0
18.2943,1,5.37485,0.62507,5.12467,0.00017742,-7.04049e-05,5.04827e-05,0.00038618,0,0,0
18.2943,2,-1.41409,7.97139,1.31414,1.53133e-06,-1.67129e-06,3.64939e-07,2.40568,0,0,0
18.2943,3,0,0,0,0,0,0,0,0,0,0
18.2943,4,0,0,0,0,0,0,0,0,0,0
18.2943,5,0,0,0,0,0,0,0,0,0,0
18.35,0,3.12724,-5.12637,5.12417,0.000211976,-0.000321644,7.89538e-05,0.00273811,0,0,0
18.35,1,5.37487,0.625064,5.12467,0.000180166,-7.45895e-05,5.00789e-05,0.000369483,0,0,0
18.35,2,-1.41409,7.97139,1.31414,1.46248e-06,-1.5985e-06,4.05559e-07,2.40568,0,0,0
18.35,3,0,0,0,0,0,0,0,0,0,0
18.35,4,0,0,0,0,0,0,0,0,0,0
18.35,5,0,0,0,0,0,0,0,0,0,0
18.403,0,3.12728,-5.12641,5.12417,0.000249134,-0.000356656,7.86349e-05,0.00280401,0,0,0
18.403,1,5.37488,0.625062,5.12467,0.000169728,-6.61295e-05,4.95233e-05,0.000369483,0,0,0
18.403,2,-1.41409,7.97139,1.31414,1.46262e-06,-1.59567e-06,4.40833e-07,2.40568,0,0,0
18.403,3,0,0,0,0,0,0,0,0,0,0
18.403,4,0,0,0,0,0,0,0,0,0,0
18.403,5,0,0,0,0,0,0,0,0,0,0
18.4585,0,3.1273,-5.12644,5.12418,0.000247618,-0.000355281,7.83332e-05,0.00280401,0,0,0
18.4585,1,5.37489,0.625056,5.12468,0.000170264,-6.90069e-05,4.90835e-05,0.000354441,0,0,0
18.4585,2,-1.41409,7.97139,1.31414,1.30465e-06,-1.43089e-06,4.25131e-07,2.40568,0,0,0
18.4585,3,0,0,0,0,0,0,0,0,0,0
18.4585,4,0,0,0,0,0,0,0,0,0,0
18.4585,5,0,0,0,0,0,0,0,0,0,0
18.5092,0,3.12732,-5.12647,5.12418,0.000218057,-0.000326518,7.92379e-05,0.00280401,0,0,0
18.5092,1,5.3749,0.625052,5.12468,0.000161932,-6.49071e-05,4.83971e-05,0.000354441,0,0,0
18.5092,2,-1.41409,7.97139,1.31414,1.5596e-06,-1.69379e-06,4.13802e-07,2.40568,0,0,0
18.5092,3,0,0,0,0,0,0,0,0,0,0
18.5092,4,0,0,0,0,0,0,0,0,0,0
18.5092,5,0,0,0,0,0,0,0,0,0,0
18.5619,0,3.12733,-5.12649,5.12419,0.000193499,-0.000300437,7.81534e-05,0.00286197,0,0,0
18.5619,1,5.37491,0.625047,5.12468,0.00016125,-6.53548e-05,4.7778e-05,0.000340211,0,0,0
18.5619,2,-1.41409,7.97139,1.31414,1.52638e-06,-1.66258e-06,4.13144e-07,2.40568,0,0,0
18.5619,3,0,0,0,0,0,0,0,0,0,0
18.5619,4,0,0,0,0,0,0,0,0,0,0
18.5619,5,0,0,0,0,0,0,0,0,0,0
18.6121,0,3.12736,-5.12652,5.12419,0.000201289,-0.000303636,7.84869e-05,0.00286197,0,0,0
18.6121,1,5.37492,0.625043,5.12468,0.000156917,-6.3806e-05,4.69857e-05,0.000340211,0,0,0
18.6121,2,-1.41409,7.97139,1.31414,1.49952e-06,-1.63613e-06,4.16233e-07,2.40568,0,0,0
18.6121,3,0,0,0,0,0,0,0,0,0,0
18.6121,4,0,0,0,0,0,0,0,0,0,0
18.6121,5,0,0,0,0,0,0,0,0,0,0
18.6719,0,3.12737,-5.12654,5.1242,0.000189168,-0.000289858,7.84141e-05,0.0029166,0,0,0
18.6719,1,5.37493,0.62504,5.12469,0.000151208,-6.08979e-05,4.62847e-05,0.000327901,0,0,0
18.6719,2,-1.41409,7.97139,1.31414,1.53456e-06,-1.67165e-06,4.16457e-07,2.40568,0,0,0
18.6719,3,0,0,0,0,0,0,0,0,0,0
18.6719,4,0,0,0,0,0,0,0,0,0,0
18.6719,5,0,0,0,0,0,0,0,0,0,0
18.7271,0,3.12738,-5.12656,5.1242,0.000146807,-0.000247944,7.70036e-05,0.00295362,0,0,0
18.7271,1,5.37494,0.625036,5.12469,0.000146092,-5.80786e-05,4.56405e-05,0.000327901,0,0,0
18.7271,2,-1.41409,7.97139,1.31414,1.51997e-06,-1.65636e-06,3.97286e-07,2.40568,0,0,0
18.7271,3,0,0,0,0,0,0,0,0,0,0
18.7271,4,0,0,0,0,0,0,0,0,0,0
18.7271,5,0,0,0,0,0,0,0,0,0,0
18.7773,0,3.1274,-5.12658,5.12421,0.000167862,-0.000267659,7.58823e-05,0.00295362,0,0,0
18.7773,1,5.37495,0.625033,5.12469,0.000143357,-5.61117e-05,4.5091e-05,0.000318567,0,0,0
18.7773,2,-1.41409,7.97139,1.31414,1.39317e-06,-1.52367e-06,3.78423e-07,2.40568,0,0,0
18.7773,3,0,0,0,0,0,0,0,0,0,0
18.7773,4,0,0,0,0,0,0,0,0,0,0
18.7773,5,0,0,0,0,0,0,0,0,0,0
18.8275,0,3.12741,-5.1266,5.12421,0.000129501,-0.000230189,7.55301e-05,0.00295362,0,0,0
18.8275,1,5.37495,0.625033,5.12469,0.000143357,-5.61117e-05,4.5091e-05,0.000318567,0,0,0
18.8275,2,-1.41409,7.97139,1.31414,1.51247e-06,-1.64535e-06,3.69905e-07,2.40568,0,0,0
18.8275,3,0,0,0,0,0,0,0,0,0,0
18.8275,4,0,0,0,0,0,0,0,0,0,0
18.8275,5,0,0,0,0,0,0,0,0,0,0
18.8801,0,3.12742,-5.12662,5.12421,0.000114197,-0.000212926,7.51726e-05,0.00299868,0,0,0
18.8801,1,5.37496,0.625028,5.12469,0.000144253,-5.98761e-05,4.46023e-05,0.000309949,0,0,0
18.8801,2,-1.41409,7.97139,1.31414,1.42635e-06,-1.55773e-06,3.67738e-07,2.40568,0,0,0
18.8801,3,0,0,0,0,0,0,0,0,0,0
18.8801,4,0,0,0,0,0,0,0,0,0,0
18.8801,5,0,0,0,0,0,0,0,0,0,0
18.9354,0,3.12745,-5.12664,5.12422,0.000137418,-0.000218658,7.48935e-05,0.0030482,0,0,0
18.9354,1,5.37498,0.625023,5.1247,0.000121281,-4.8788e-05,4.41254e-05,0.000309949,0,0,0
18.9354,2,-1.41409,7.97139,1.31414,1.48032e-06,-1.61238e-06,3.69306e-07,2.40568,0,0,0
18.9354,3,0,0,0,0,0,0,0,0,0,0
18.9354,4,0,0,0,0,0,0,0,0,0,0
18.9354,5,0,0,0,0,0,0,0,0,0,0
18.9906,0,3.12745,-5.12665,5.12422,8.62563e-05,-0.000168701,7.48631e-05,0.0030482,0,0,0
18.9906,1,5.37499,0.625017,5.1247,0.000126968,-5.99015e-05,4.26914e-05,0.000301481,0,0,0
18.9906,2,-1.41409,7.97139,1.31414,1.45462e-06,-1.584e-06,3.69215e-07,2.40568,0,0,0
18.9906,3,0,0,0,0,0,0,0,0,0,0
18.9906,4,0,0,0,0,0,0,0,0,0,0
18.9906,5,0,0,0,0,0,0,0,0,0,0
19.0408,0,3.12746,-5.12667,5.12423,8.66316e-05,-0.000169732,7.45605e-05,0.00307155,0,0,0
19.0408,1,5.375,0.625014,5.1247,0.000124301,-5.53069e-05,4.26739e-05,0.000301481,0,0,0
19.0408,2,-1.41409,7.97139,1.31414,1.45462e-06,-1.584e-06,3.69215e-07,2.40568,0,0,0
19.0408,3,0,0,0,0,0,0,0,0,0,0
19.0408,4,0,0,0,0,0,0,0,0,0,0
19.0408,5,0,0,0,0,0,0,0,0,0,0
19.091,0,3.12747,-5.12669,5.12423,8.83648e-05,-0.000170152,7.43731e-05,0.00307155,0,0,0
19.091,1,5.375,0.625012,5.1247,0.00011563,-5.00818e-05,4.15716e-05,0.000296756,0,0,0
19.091,2,-1.41409,7.97139,1.31414,1.38797e-06,-1.51864e-06,3.39159e-07,2.40568,0,0,0
19.091,3,0,0,0,0,0,0,0,0,0,0
19.091,4,0,0,0,0,0,0,0,0,0,0
19.091,5,0,0,0,0,0,0,0,0,0,0
19.1549,0,3.12748,-5.1267,5.12423,8.02497e-05,-0.000162241,7.41177e-05,0.00310574,0,0,0
19.1549,1,5.37502,0.625006,5.12471,0.000111859,-4.87872e-05,4.03852e-05,0.000296756,0,0,0
19.1549,2,-1.41409,7.97139,1.31414,1.432e-06,-1.56065e-06,3.22404e-07,2.40568,0,0,0
19.1549,3,0,0,0,0,0,0,0,0,0,0
19.1549,4,0,0,0,0,0,0,0,0,0,0
19.1549,5,0,0,0,0,0,0,0,0,0,0
19.2051,0,3.12749,-5.12671,5.12424,4.32931e-05,-0.000129063,7.39016e-05,0.00310574,0,0,0
19.2051,1,5.37502,0.625006,5.12471,0.000111859,-4.87872e-05,4.03852e-05,0.000292917,0,0,0
19.2051,2,-1.41409,7.97139,1.31414,1.432e-06,-1.56065e-06,3.22404e-07,2.40568,0,0,0
19.2051,3,0,0,0,0,0,0,0,0,0,0
19.2051,4,0,0,0,0,0,0,0,0,0,0
19.2051,5,0,0,0,0,0,0,0,0,0,0
19.2587,0,3.1275,-5.12672,5.12424,4.10936e-05,-0.000127681,7.33954e-05,0.00312747,0,0,0
19.2587,1,5.37504,0.625,5.12471,0.000103594,-4.4323e-05,3.9846e-05,0.000292917,0,0,0
19.2587,2,-1.41409,7.97139,1.31414,1.41353e-06,-1.53893e-06,3.21719e-07,2.40568,0,0,0
19.2587,3,0,0,0,0,0,0,0,0,0,0
19.2587,4,0,0,0,0,0,0,0,0,0,0
19.2587,5,0,0,0,0,0,0,0,0,0,0
19.3089,0,3.1275,-5.12674,5.12424,3.24572e-05,-0.00012111,7.33135e-05,0.00312747,0,0,0
19.3089,1,5.37504,0.624999,5.12471,9.18789e-05,-3.95129e-05,3.92218e-05,0.000292005,0,0,0
19.3089,2,-1.41409,7.97139,1.31414,1.40546e-06,-1.52996e-06,3.28992e-07,2.40568,0,0,0
19.3089,3,0,0,0,0,0,0,0,0,0,0
19.3089,4,0,0,0,0,0,0,0,0,0,0
19.3089,5,0,0,0,0,0,0,0,0,0,0
19.359,0,3.12751,-5.12675,5.12425,3.21945e-05,-0.00012122,7.27262e-05,0.00315411,0,0,0
19.359,1,5.37504,0.625001,5.12472,8.77246e-05,-3.18996e-05,3.87895e-05,0.000292005,0,0,0
19.359,2,-1.41409,7.97139,1.31414,1.39759e-06,-1.52046e-06,3.28289e-07,2.40568,0,0,0
19.359,3,0,0,0,0,0,0,0,0,0,0
19.359,4,0,0,0,0,0,0,0,0,0,0
19.359,5,0,0,0,0,0,0,0,0,0,0
19.413,0,3.12752,-5.12677,5.12425,4.0416e-05,-0.000128231,7.34996e-05,0.00315411,0,0,0
19.413,1,5.37505,0.624994,5.12472,8.71458e-05,-3.53241e-05,3.85786e-05,0.000286785,0,0,0
19.413,2,-1.41409,7.97139,1.31414,1.42773e-06,-1.55198e-06,3.08808e-07,2.40568,0,0,0
19.413,3,0,0,0,0,0,0,0,0,0,0
19.413,4,0,0,0,0,0,0,0,0,0,0
19.413,5,0,0,0,0,0,0,0,0,0,0
19.4631,0,3.12752,-5.12677,5.12426,1.3297e-05,-0.000102973,7.2398e-05,0.00317431,0,0,0
19.4631,1,5.37505,0.624994,5.12472,8.71458e-05,-3.53241e-05,3.85786e-05,0.000286785,0,0,0
19.4631,2,-1.41409,7.97139,1.31414,1.42773e-06,-1.55198e-06,3.08808e-07,2.40568,0,0,0
19.4631,3,0,0,0,0,0,0,0,0,0,0
19.4631,4,0,0,0,0,0,0,0,0,0,0
19.4631,5,0,0,0,0,0,0,0,0,0,0
19.5209,0,3.12753,-5.12679,5.12426,1.87709e-05,-0.000103944,7.17898e-05,0.00317431,0,0,0
19.5209,1,5.37506,0.62499,5.12472,8.98821e-05,-4.0498e-05,3.74713e-05,0.000286505,0,0,0
19.5209,2,-1.41409,7.97139,1.31414,1.41256e-06,-1.53958e-06,3.00246e-07,2.40568,0,0,0
19.5209,3,0,0,0,0,0,0,0,0,0,0
19.5209,4,0,0,0,0,0,0,0,0,0,0
19.5209,5,0,0,0,0,0,0,0,0,0,0
19.5737,0,3.12754,-5.1268,5.12426,1.20443e-05,-9.6113e-05,7.11433e-05,0.00319619,0,0,0
19.5737,1,5.37507,0.62499,5.12472,7.90926e-05,-3.17115e-05,3.64637e-05,0.000286505,0,0,0
19.5737,2,-1.41409,7.97139,1.31414,1.31731e-06,-1.43028e-06,2.98533e-07,2.40568,0,0,0
19.5737,3,0,0,0,0,0,0,0,0,0,0
19.5737,4,0,0,0,0,0,0,0,0,0,0
19.5737,5,0,0,0,0,0,0,0,0,0,0
19.6289,0,3.12754,-5.12681,5.12427,8.91849e-06,-9.4361e-05,7.10024e-05,0.00319619,0,0,0
19.6289,1,5.37507,0.624986,5.12472,8.03907e-05,-3.42634e-05,3.60006e-05,0.000285563,0,0,0
19.6289,2,-1.41409,7.97139,1.31414,1.35771e-06,-1.46581e-06,2.95712e-07,2.40568,0,0,0
19.6289,3,0,0,0,0,0,0,0,0,0,0
19.6289,4,0,0,0,0,0,0,0,0,0,0
19.6289,5,0,0,0,0,0,0,0,0,0,0
19.6791,0,3.12755,-5.12682,5.12427,-2.08892e-06,-8.29218e-05,7.06072e-05,0.00321268,0,0,0
19.6791,1,5.37507,0.624986,5.12473,8.54837e-05,-3.57125e-05,3.50285e-05,0.000285563,0,0,0
19.6791,2,-1.41409,7.97139,1.31414,1.23403e-06,-1.33349e-06,2.98658e-07,2.40568,0,0,0
19.6791,3,0,0,0,0,0,0,0,0,0,0
19.6791,4,0,0,0,0,0,0,0,0,0,0
19.6791,5,0,0,0,0,0,0,0,0,0,0
19.7334,0,3.12755,-5.12682,5.12427,-8.84683e-06,-7.51095e-05,7.03216e-05,0.00321268,0,0,0
19.7334,1,5.37508,0.624983,5.12473,7.93157e-05,-3.49737e-05,3.54127e-05,0.000284466,0,0,0
19.7334,2,-1.41409,7.97139,1.31414,1.13333e-06,-1.23313e-06,3.03932e-07,2.40568,0,0,0
19.7334,3,0,0,0,0,0,0,0,0,0,0
19.7334,4,0,0,0,0,0,0,0,0,0,0
19.7334,5,0,0,0,0,0,0,0,0,0,0
19.7899,0,3.12755,-5.12683,5.12428,-1.66381e-05,-6.61198e-05,7.06494e-05,0.00322473,0,0,0
19.7899,1,5.37509,0.624982,5.12473,6.33071e-05,-2.35162e-05,3.50485e-05,0.000284466,0,0,0
19.7899,2,-1.41409,7.97139,1.31414,1.31485e-06,-1.42032e-06,3.06954e-07,2.40568,0,0,0
19.7899,3,0,0,0,0,0,0,0,0,0,0
19.7899,4,0,0,0,0,0,0,0,0,0,0
19.7899,5,0,0,0,0,0,0,0,0,0,0
19.8509,0,3.12756,-5.12684,5.12428,-2.04492e-05,-6.35351e-05,7.039e-05,0.00322473,0,0,0
19.8509,1,5.37509,0.624979,5.12473,8.14761e-05,-3.57398e-05,3.47757e-05,0.000287174,0,0,0
19.8509,2,-1.41409,7.97139,1.31414,1.29434e-06,-1.40004e-06,3.12001e-07,2.40568,0,0,0
19.8509,3,0,0,0,0,0,0,0,0,0,0
19.8509,4,0,0,0,0,0,0,0,0,0,0
19.8509,5,0,0,0,0,0,0,0,0,0,0
19.9087,0,3.12756,-5.12685,5.12428,-2.76534e-05,-5.64359e-05,7.03468e-05,0.00323564,0,0,0
19.9087,1,5.3751,0.624977,5.12473,7.85474e-05,-3.3668e-05,3.52735e-05,0.000287174,0,0,0
19.9087,2,-1.41409,7.97139,1.31414,1.23388e-06,-1.34219e-06,2.80954e-07,2.40568,0,0,0
19.9087,3,0,0,0,0,0,0,0,0,0,0
19.9087,4,0,0,0,0,0,0,0,0,0,0
19.9087,5,0,0,0,0,0,0,0,0,0,0
19.9588,0,3.12756,-5.12685,5.12429,-3.61134e-05,-4.57319e-05,7.02222e-05,0.00323564,0,0,0
19.9588,1,5.3751,0.624975,5.12474,7.42782e-05,-3.16779e-05,3.35425e-05,0.000286628,0,0,0
19.9588,2,-1.41409,7.97139,1.31414,1.33917e-06,-1.45121e-06,2.65996e-07,2.40568,0,0,0
19.9588,3,0,0,0,0,0,0,0,0,0,0
19.9588,4,0,0,0,0,0,0,0,0,0,0
19.9588,5,0,0,0,0,0,0,0,0,0,0
20.0141,0,3.12756,-5.12686,5.12429,-4.03838e-05,-4.158e-05,7.01137e-05,0.00324327,0,0,0
20.0141,1,5.37511,0.624973,5.12474,7.27783e-05,-3.19204e-05,3.3208e-05,0.000286628,0,0,0
20.0141,2,-1.41409,7.97139,1.31414,1.3212e-06,-1.43475e-06,2.67388e-07,2.40568,0,0,0
20.0141,3,0,0,0,0,0,0,0,0,0,0
20.0141,4,0,0,0,0,0,0,0,0,0,0
20.0141,5,0,0,0,0,0,0,0,0,0,0
20.0697,0,3.12756,-5.12686,5.12429,-4.64776e-05,-3.56696e-05,6.99881e-05,0.00324327,0,0,0
20.0697,1,5.37511,0.62497,5.12474,5.95617e-05,-2.6179e-05,3.17642e-05,0.000285844,0,0,0
20.0697,2,-1.41409,7.97139,1.31414,1.29122e-06,-1.40505e-06,2.79446e-07,2.40568,0,0,0
20.0697,3,0,0,0,0,0,0,0,0,0,0
20.0697,4,0,0,0,0,0,0,0,0,0,0
20.0697,5,0,0,0,0,0,0,0,0,0,0
20.1205,0,3.12756,-5.12687,5.1243,-5.16702e-05,-2.94092e-05,6.96499e-05,0.00324327,0,0,0
20.1205,1,5.37512,0.624968,5.12474,5.61282e-05,-2.56834e-05,3.11827e-05,0.000285844,0,0,0
20.1205,2,-1.41409,7.97139,1.31414,1.32721e-06,-1.44041e-06,2.8051e-07,2.40568,0,0,0
20.1205,3,0,0,0,0,0,0,0,0,0,0
20.1205,4,0,0,0,0,0,0,0,0,0,0
20.1205,5,0,0,0,0,0,0,0,0,0,0
20.1758,0,3.12756,-5.12687,5.1243,-5.73769e-05,-2.26661e-05,6.93557e-05,0.00324889,0,0,0
20.1758,1,5.37512,0.624967,5.12474,5.10027e-05,-2.17579e-05,3.02668e-05,0.000287936,0,0,0
20.1758,2,-1.41409,7.97139,1.31414,1.24049e-06,-1.35196e-06,3.5147e-07,2.40568,0,0,0
20.1758,3,0,0,0,0,0,0,0,0,0,0
20.1758,4,0,0,0,0,0,0,0,0,0,0
20.1758,5,0,0,0,0,0,0,0,0,0,0
20.2286,0,3.12756,-5.12688,5.12431,-6.37851e-05,-1.79754e-05,6.89996e-05,0.00325316,0,0,0
20.2286,1,5.37512,0.624967,5.12474,5.72822e-05,-2.50475e-05,3.05583e-05,0.000288335,0,0,0
20.2286,2,-1.41409,7.97139,1.31414,1.26382e-06,-1.37494e-06,3.67859e-07,2.40568,0,0,0
20.2286,3,0,0,0,0,0,0,0,0,0,0
20.2286,4,0,0,0,0,0,0,0,0,0,0
20.2286,5,0,0,0,0,0,0,0,0,0,0
20.2874,0,3.12756,-5.12688,5.12431,-6.88966e-05,-6.79838e-06,6.87418e-05,0.00325316,0,0,0
20.2874,1,5.37513,0.624964,5.12474,4.69895e-05,-2.13469e-05,3.03555e-05,0.000288335,0,0,0
20.2874,2,-1.41409,7.97139,1.31414,1.18928e-06,-1.29472e-06,3.52925e-07,2.40568,0,0,0
20.2874,3,0,0,0,0,0,0,0,0,0,0
20.2874,4,0,0,0,0,0,0,0,0,0,0
20.2874,5,0,0,0,0,0,0,0,0,0,0
20.3375,0,3.12756,-5.12688,5.12431,-7.19525e-05,-5.63878e-06,6.83211e-05,0.00325486,0,0,0
20.3375,1,5.37513,0.624963,5.12474,4.49231e-05,-1.96525e-05,3.0812e-05,0.000290187,0,0,0
20.3375,2,-1.41409,7.97139,1.31414,1.18773e-06,-1.29627e-06,3.49127e-07,2.40568,0,0,0
20.3375,3,0,0,0,0,0,0,0,0,0,0
20.3375,4,0,0,0,0,0,0,0,0,0,0
20.3375,5,0,0,0,0,0,0,0,0,0,0
20.3928,0,3.12756,-5.12689,5.12432,-7.72594e-05,-4.27537e-07,6.78319e-05,0.00325486,0,0,0
20.3928,1,5.37513,0.624962,5.12475,4.95621e-05,-2.3256e-05,3.10451e-05,0.000290187,0,0,0
20.3928,2,-1.41409,7.97139,1.31414,1.19969e-06,-1.30847e-06,3.39792e-07,2.40568,0,0,0
20.3928,3,0,0,0,0,0,0,0,0,0,0
20.3928,4,0,0,0,0,0,0,0,0,0,0
20.3928,5,0,0,0,0,0,0,0,0,0,0
20.444,0,3.12756,-5.12689,5.12432,-8.16373e-05,4.36545e-06,6.71006e-05,0.00325498,0,0,0
20.444,1,5.37514,0.624961,5.12475,4.34818e-05,-1.87566e-05,3.05831e-05,0.000288439,0,0,0
20.444,2,-1.41409,7.97139,1.31414,1.22942e-06,-1.33647e-06,3.35862e-07,2.40568,0,0,0
20.444,3,0,0,0,0,0,0,0,0,0,0
20.444,4,0,0,0,0,0,0,0,0,0,0
20.444,5,0,0,0,0,0,0,0,0,0,0
20.4945,0,3.12756,-5.12689,5.12432,-8.55812e-05,9.40102e-06,6.66912e-05,0.00325498,0,0,0
20.4945,1,5.37514,0.62496,5.12475,4.16536e-05,-1.74567e-05,3.05545e-05,0.000288439,0,0,0
20.4945,2,-1.41409,7.97139,1.31414,1.11427e-06,-1.22011e-06,3.40228e-07,2.40568,0,0,0
20.4945,3,0,0,0,0,0,0,0,0,0,0
20.4945,4,0,0,0,0,0,0,0,0,0,0
20.4945,5,0,0,0,0,0,0,0,0,0,0
20.5539,0,3.12756,-5.1269,5.12433,-8.99516e-05,1.38313e-05,6.65635e-05,0.00325363,0,0,0
20.5539,1,5.37515,0.624957,5.12475,3.81026e-05,-1.78491e-05,2.99618e-05,0.000290676,0,0,0
20.5539,2,-1.41409,7.97139,1.31414,1.19972e-06,-1.30587e-06,3.42399e-07,2.40568,0,0,0
20.5539,3,0,0,0,0,0,0,0,0,0,0
20.5539,4,0,0,0,0,0,0,0,0,0,0
20.5539,5,0,0,0,0,0,0,0,0,0,0
20.6107,0,3.12756,-5.1269,5.12433,-9.42859e-05,1.81005e-05,6.66326e-05,0.00325363,0,0,0
20.6107,1,5.37515,0.624955,5.12475,3.52697e-05,-1.7129e-05,2.8797e-05,0.000290676,0,0,0
20.6107,2,-1.41409,7.97139,1.31414,1.11404e-06,-1.21691e-06,3.37809e-07,2.40568,0,0,0
20.6107,3,0,0,0,0,0,0,0,0,0,0
20.6107,4,0,0,0,0,0,0,0,0,0,0
20.6107,5,0,0,0,0,0,0,0,0,0,0
20.6646,0,3.12755,-5.1269,5.12433,-9.82103e-05,2.25543e-05,6.63985e-05,0.00325041,0,0,0
20.6646,1,5.37515,0.624955,5.12475,3.52697e-05,-1.7129e-05,2.8797e-05,0.000292141,0,0,0
20.6646,2,-1.41409,7.97139,1.31414,1.05707e-06,-1.15894e-06,2.89286e-07,2.40568,0,0,0
20.6646,3,0,0,0,0,0,0,0,0,0,0
20.6646,4,0,0,0,0,0,0,0,0,0,0
20.6646,5,0,0,0,0,0,0,0,0,0,0
20.716,0,3.12755,-5.1269,5.12434,-0.000113297,3.68347e-05,6.62212e-05,0.00325041,0,0,0
20.716,1,5.37516,0.624953,5.12476,3.59605e-05,-1.81438e-05,2.82644e-05,0.000292141,0,0,0
20.716,2,-1.41409,7.97139,1.31414,1.23249e-06,-1.28655e-06,2.81455e-07,2.40568,0,0,0
20.716,3,0,0,0,0,0,0,0,0,0,0
20.716,4,0,0,0,0,0,0,0,0,0,0
20.716,5,0,0,0,0,0,0,0,0,0,0
20.7681,0,3.12755,-5.1269,5.12434,-0.000106805,3.18349e-05,6.55742e-05,0.00324575,0,0,0
20.7681,1,5.37516,0.624953,5.12476,3.21818e-05,-1.48949e-05,2.8065e-05,0.000292651,0,0,0
20.7681,2,-1.41409,7.97139,1.31414,1.11015e-06,-1.18149e-06,2.84173e-07,2.40568,0,0,0
20.7681,3,0,0,0,0,0,0,0,0,0,0
20.7681,4,0,0,0,0,0,0,0,0,0,0
20.7681,5,0,0,0,0,0,0,0,0,0,0
20.8183,0,3.12754,-5.1269,5.12434,-0.00010469,3.55234e-05,6.5313e-05,0.00324575,0,0,0
20.8183,1,5.37516,0.624951,5.12476,3.25455e-05,-1.51154e-05,2.78193e-05,0.000292651,0,0,0
20.8183,2,-1.41409,7.97139,1.31414,1.11249e-06,-1.19737e-06,2.87553e-07,2.40568,0,0,0
20.8183,3,0,0,0,0,0,0,0,0,0,0
20.8183,4,0,0,0,0,0,0,0,0,0,0
20.8183,5,0,0,0,0,0,0,0,0,0,0
20.8684,0,3.12754,-5.1269,5.12435,-0.000113098,4.11648e-05,6.53414e-05,0.00323991,0,0,0
20.8684,1,5.37516,0.62495,5.12476,3.20797e-05,-1.54069e-05,2.75734e-05,0.000294271,0,0,0
20.8684,2,-1.41409,7.97139,1.31414,1.11249e-06,-1.19737e-06,2.87553e-07,2.40568,0,0,0
20.8684,3,0,0,0,0,0,0,0,0,0,0
20.8684,4,0,0,0,0,0,0,0,0,0,0
20.8684,5,0,0,0,0,0,0,0,0,0,0
20.9265,0,3.12754,-5.1269,5.12435,-0.000114367,4.36724e-05,6.52397e-05,0.00323991,0,0,0
20.9265,1,5.37517,0.624949,5.12476,2.87831e-05,-1.4636e-05,2.70547e-05,0.000294271,0,0,0
20.9265,2,-1.41409,7.97139,1.31414,1.05496e-06,-1.14117e-06,2.91492e-07,2.40568,0,0,0
20.9265,3,0,0,0,0,0,0,0,0,0,0
20.9265,4,0,0,0,0,0,0,0,0,0,0
20.9265,5,0,0,0,0,0,0,0,0,0,0
20.9897,0,3.12753,-5.1269,5.12435,-0.000119723,4.81917e-05,6.49182e-05,0.00323694,0,0,0
20.9897,1,5.37517,0.624948,5.12477,3.05525e-05,-1.47221e-05,2.71132e-05,0.0002929,0,0,0
20.9897,2,-1.41409,7.97139,1.31414,1.12397e-06,-1.21959e-06,2.99887e-07,2.40568,0,0,0
20.9897,3,0,0,0,0,0,0,0,0,0,0
20.9897,4,0,0,0,0,0,0,0,0,0,0
20.9897,5,0,0,0,0,0,0,0,0,0,0
21.0399,0,3.12753,-5.1269,5.12436,-0.000120331,5.02404e-05,6.44771e-05,0.00323694,0,0,0
21.0399,1,5.37517,0.624948,5.12477,3.05525e-05,-1.47221e-05,2.71132e-05,0.0002929,0,0,0
21.0399,2,-1.41409,7.97139,1.31414,1.12397e-06,-1.21959e-06,2.99887e-07,2.40568,0,0,0
21.0399,3,0,0,0,0,0,0,0,0,0,0
21.0399,4,0,0,0,0,0,0,0,0,0,0
21.0399,5,0,0,0,0,0,0,0,0,0,0
21.1001,0,3.12752,-5.1269,5.12436,-0.000128633,5.627e-05,6.39523e-05,0.0032292,0,0,0
21.1001,1,5.37517,0.624946,5.12477,2.28547e-05,-1.14436e-05,2.65733e-05,0.000294246,0,0,0
21.1001,2,-1.41409,7.97139,1.31414,1.11983e-06,-1.2195e-06,2.6266e-07,2.40568,0,0,0
21.1001,3,0,0,0,0,0,0,0,0,0,0
21.1001,4,0,0,0,0,0,0,0,0,0,0
21.1001,5,0,0,0,0,0,0,0,0,0,0
21.1506,0,3.12752,-5.1269,5.12436,-0.000128641,5.81241e-05,6.36988e-05,0.0032292,0,0,0
21.1506,1,5.37517,0.624946,5.12477,2.28547e-05,-1.14436e-05,2.65733e-05,0.000294246,0,0,0
21.1506,2,-1.41409,7.97139,1.31414,1.1191e-06,-1.2184e-06,2.601e-07,2.40568,0,0,0
21.1506,3,0,0,0,0,0,0,0,0,0,0
21.1506,4,0,0,0,0,0,0,0,0,0,0
21.1506,5,0,0,0,0,0,0,0,0,0,0
21.2058,0,3.12751,-5.1269,5.12437,-0.000134344,6.65128e-05,6.32813e-05,0.00321956,0,0,0
21.2058,1,5.37518,0.624944,5.12477,2.31421e-05,-1.24032e-05,2.62742e-05,0.000296053,0,0,0
21.2058,2,-1.41409,7.97139,1.31414,1.11781e-06,-1.21776e-06,2.64016e-07,2.40568,0,0,0
21.2058,3,0,0,0,0,0,0,0,0,0,0
21.2058,4,0,0,0,0,0,0,0,0,0,0
21.2058,5,0,0,0,0,0,0,0,0,0,0
21.2612,0,3.12751,-5.1269,5.12437,-0.000133318,6.56662e-05,6.3089e-05,0.00321956,0,0,0
21.2612,1,5.37518,0.624944,5.12477,1.95907e-05,-1.04231e-05,2.57444e-05,0.000296053,0,0,0
21.2612,2,-1.41409,7.97139,1.31414,1.11584e-06,-1.21734e-06,2.69141e-07,2.40568,0,0,0
21.2612,3,0,0,0,0,0,0,0,0,0,0
21.2612,4,0,0,0,0,0,0,0,0,0,0
21.2612,5,0,0,0,0,0,0,0,0,0,0
21.3139,0,3.1275,-5.1269,5.12437,-0.000136385,6.87955e-05,6.2688e-05,0.00320838,0,0,0
21.3139,1,5.37518,0.624944,5.12477,1.72401e-05,-8.49053e-06,2.57826e-05,0.000295945,0,0,0
21.3139,2,-1.41409,7.97139,1.31414,1.11455e-06,-1.21537e-06,2.72741e-07,2.40568,0,0,0
21.3139,3,0,0,0,0,0,0,0,0,0,0
21.3139,4,0,0,0,0,0,0,0,0,0,0
21.3139,5,0,0,0,0,0,0,0,0,0,0
21.3675,0,3.1275,-5.12689,5.12438,-0.000139322,7.17987e-05,6.19945e-05,0.00320838,0,0,0
21.3675,1,5.37518,0.624942,5.12477,2.32279e-05,-1.27065e-05,2.55715e-05,0.000295945,0,0,0
21.3675,2,-1.41409,7.97139,1.31414,1.11229e-06,-1.21333e-06,2.82812e-07,2.40568,0,0,0
21.3675,3,0,0,0,0,0,0,0,0,0,0
21.3675,4,0,0,0,0,0,0,0,0,0,0
21.3675,5,0,0,0,0,0,0,0,0,0,0
21.4176,0,3.12749,-5.12689,5.12438,-0.00014184,7.50046e-05,6.15207e-05,0.00319708,0,0,0
21.4176,1,5.37518,0.624942,5.12477,2.12697e-05,-1.16177e-05,2.5329e-05,0.000295767,0,0,0
21.4176,2,-1.41409,7.97139,1.31414,1.06657e-06,-1.16589e-06,2.93552e-07,2.40568,0,0,0
21.4176,3,0,0,0,0,0,0,0,0,0,0
21.4176,4,0,0,0,0,0,0,0,0,0,0
21.4176,5,0,0,0,0,0,0,0,0,0,0
21.4692,0,3.12749,-5.12689,5.12438,-0.000141035,7.54523e-05,6.12885e-05,0.00319708,0,0,0
21.4692,1,5.37518,0.624941,5.12478,1.43974e-05,-7.58322e-06,2.49529e-05,0.000295767,0,0,0
21.4692,2,-1.41409,7.97139,1.31414,1.11323e-06,-1.21392e-06,2.75054e-07,2.40568,0,0,0
21.4692,3,0,0,0,0,0,0,0,0,0,0
21.4692,4,0,0,0,0,0,0,0,0,0,0
21.4692,5,0,0,0,0,0,0,0,0,0,0
21.5245,0,3.12748,-5.12689,5.12439,-0.000146419,7.9793e-05,6.11365e-05,0.00318594,0,0,0
21.5245,1,5.37519,0.62494,5.12478,1.44045e-05,-7.94891e-06,2.4703e-05,0.00029669,0,0,0
21.5245,2,-1.41409,7.97139,1.31414,1.15058e-06,-1.25387e-06,2.55354e-07,2.40568,0,0,0
21.5245,3,0,0,0,0,0,0,0,0,0,0
21.5245,4,0,0,0,0,0,0,0,0,0,0
21.5245,5,0,0,0,0,0,0,0,0,0,0
21.5807,0,3.12748,-5.12689,5.12439,-0.000148016,8.23093e-05,6.0948e-05,0.00318594,0,0,0
21.5807,1,5.37519,0.624939,5.12478,1.4987e-05,-8.87394e-06,2.45294e-05,0.00029669,0,0,0
21.5807,2,-1.41409,7.97139,1.31414,1.13875e-06,-1.24279e-06,2.50049e-07,2.40568,0,0,0
21.5807,3,0,0,0,0,0,0,0,0,0,0
21.5807,4,0,0,0,0,0,0,0,0,0,0
21.5807,5,0,0,0,0,0,0,0,0,0,0
21.6334,0,3.12747,-5.12688,5.12439,-0.000149584,8.48544e-05,6.05978e-05,0.00317141,0,0,0
21.6334,1,5.37519,0.624939,5.12478,1.40304e-05,-8.47873e-06,2.42944e-05,0.000296924,0,0,0
21.6334,2,-1.41409,7.97139,1.31414,1.08649e-06,-1.18837e-06,2.49357e-07,2.40568,0,0,0
21.6334,3,0,0,0,0,0,0,0,0,0,0
21.6334,4,0,0,0,0,0,0,0,0,0,0
21.6334,5,0,0,0,0,0,0,0,0,0,0
21.6898,0,3.12746,-5.12688,5.12439,-0.000151705,8.82639e-05,6.04415e-05,0.00317141,0,0,0
21.6898,1,5.37519,0.624939,5.12478,1.11294e-05,-6.47734e-06,2.40574e-05,0.000296924,0,0,0
21.6898,2,-1.41409,7.97139,1.31414,1.10423e-06,-1.20616e-06,2.53473e-07,2.40568,0,0,0
21.6898,3,0,0,0,0,0,0,0,0,0,0
21.6898,4,0,0,0,0,0,0,0,0,0,0
21.6898,5,0,0,0,0,0,0,0,0,0,0
21.7431,0,3.12746,-5.12688,5.1244,-0.00014991,8.82168e-05,6.04516e-05,0.00315729,0,0,0
21.7431,1,5.37519,0.624938,5.12478,1.21218e-05,-7.70885e-06,2.37587e-05,0.000297166,0,0,0
21.7431,2,-1.41409,7.97138,1.31414,1.09752e-06,-1.19858e-06,2.63484e-07,2.40568,0,0,0
21.7431,3,0,0,0,0,0,0,0,0,0,0
21.7431,4,0,0,0,0,0,0,0,0,0,0
21.7431,5,0,0,0,0,0,0,0,0,0,0
21.7946,0,3.12745,-5.12687,5.1244,-0.000161492,9.75797e-05,6.02676e-05,0.00315729,0,0,0
21.7946,1,5.37519,0.624937,5.12478,1.11168e-05,-7.31875e-06,2.35799e-05,0.000297166,0,0,0
21.7946,2,-1.41409,7.97138,1.31414,1.09449e-06,-1.2016e-06,2.69798e-07,2.40568,0,0,0
21.7946,3,0,0,0,0,0,0,0,0,0,0
21.7946,4,0,0,0,0,0,0,0,0,0,0
21.7946,5,0,0,0,0,0,0,0,0,0,0
21.8519,0,3.12744,-5.12687,5.1244,-0.000159264,9.71376e-05,6.01378e-05,0.00314083,0,0,0
21.8519,1,5.37519,0.624937,5.12478,1.014e-05,-6.94059e-06,2.34267e-05,0.000297245,0,0,0
21.8519,2,-1.41409,7.97138,1.31414,1.2834e-06,-1.39383e-06,2.74775e-07,2.40568,0,0,0
21.8519,3,0,0,0,0,0,0,0,0,0,0
21.8519,4,0,0,0,0,0,0,0,0,0,0
21.8519,5,0,0,0,0,0,0,0,0,0,0
21.9023,0,3.12744,-5.12687,5.12441,-0.000146966,9.04945e-05,5.99289e-05,0.00314083,0,0,0
21.9023,1,5.3752,0.624936,5.12479,8.97713e-06,-6.44878e-06,2.327e-05,0.000297245,0,0,0
21.9023,2,-1.41409,7.97138,1.31414,1.16817e-06,-1.2772e-06,2.85543e-07,2.40568,0,0,0
21.9023,3,0,0,0,0,0,0,0,0,0,0
21.9023,4,0,0,0,0,0,0,0,0,0,0
21.9023,5,0,0,0,0,0,0,0,0,0,0
21.9564,0,3.12743,-5.12686,5.12441,-0.000160732,0.000100555,5.99274e-05,0.00312965,0,0,0
21.9564,1,5.3752,0.624936,5.12479,6.52626e-06,-4.98263e-06,2.32168e-05,0.00029642,0,0,0
21.9564,2,-1.41409,7.97138,1.31414,1.20563e-06,-1.31524e-06,2.637e-07,2.40568,0,0,0
21.9564,3,0,0,0,0,0,0,0,0,0,0
21.9564,4,0,0,0,0,0,0,0,0,0,0
21.9564,5,0,0,0,0,0,0,0,0,0,0
22.0117,0,3.12742,-5.12686,5.12441,-0.000172296,0.000110657,6.01483e-05,0.00312965,0,0,0
22.0117,1,5.3752,0.624936,5.12479,5.48016e-06,-4.57924e-06,2.29708e-05,0.00029642,0,0,0
22.0117,2,-1.41409,7.97138,1.31414,1.17726e-06,-1.28536e-06,2.48845e-07,2.40568,0,0,0
22.0117,3,0,0,0,0,0,0,0,0,0,0
22.0117,4,0,0,0,0,0,0,0,0,0,0
22.0117,5,0,0,0,0,0,0,0,0,0,0
22.0694,0,3.12741,-5.12685,5.12442,-0.000169098,0.00010792,5.95226e-05,0.00310646,0,0,0
22.0694,1,5.3752,0.624935,5.12479,4.45934e-06,-4.08058e-06,2.26852e-05,0.000295978,0,0,0
22.0694,2,-1.41409,7.97138,1.31414,1.1858e-06,-1.2949e-06,2.59319e-07,2.40568,0,0,0
22.0694,3,0,0,0,0,0,0,0,0,0,0
22.0694,4,0,0,0,0,0,0,0,0,0,0
22.0694,5,0,0,0,0,0,0,0,0,0,0
22.1248,0,3.12741,-5.12685,5.12442,-0.00017599,0.00011369,5.87301e-05,0.00310646,0,0,0
22.1248,1,5.3752,0.624935,5.12479,6.62185e-06,-5.07656e-06,2.24684e-05,0.000295978,0,0,0
22.1248,2,-1.41409,7.97138,1.31414,1.14554e-06,-1.25211e-06,2.80673e-07,2.40568,0,0,0
22.1248,3,0,0,0,0,0,0,0,0,0,0
22.1248,4,0,0,0,0,0,0,0,0,0,0
22.1248,5,0,0,0,0,0,0,0,0,0,0
22.1851,0,3.1274,-5.12684,5.12442,-0.000177083,0.000115038,5.80749e-05,0.00308874,0,0,0
22.1851,1,5.3752,0.624934,5.12479,3.16422e-06,-3.67589e-06,2.22245e-05,0.000295596,0,0,0
22.1851,2,-1.41409,7.97138,1.31414,1.11006e-06,-1.2135e-06,3.00143e-07,2.40568,0,0,0
22.1851,3,0,0,0,0,0,0,0,0,0,0
22.1851,4,0,0,0,0,0,0,0,0,0,0
22.1851,5,0,0,0,0,0,0,0,0,0,0
22.2382,0,3.12739,-5.12684,5.12443,-0.000178215,0.00011621,5.74317e-05,0.00308874,0,0,0
22.2382,1,5.3752,0.624934,5.12479,2.86867e-06,-3.78501e-06,2.20526e-05,0.000295596,0,0,0
22.2382,2,-1.41409,7.97138,1.31414,1.08917e-06,-1.18865e-06,3.07175e-07,2.40568,0,0,0
22.2382,3,0,0,0,0,0,0,0,0,0,0
22.2382,4,0,0,0,0,0,0,0,0,0,0
22.2382,5,0,0,0,0,0,0,0,0,0,0
22.2893,0,3.12738,-5.12683,5.12443,-0.000180227,0.000119062,5.6948e-05,0.00307053,0,0,0
22.2893,1,5.3752,0.624933,5.12479,2.02061e-06,-3.65436e-06,2.18785e-05,0.00029505,0,0,0
22.2893,2,-1.41409,7.97138,1.31414,1.06813e-06,-1.16596e-06,3.12183e-07,2.40568,0,0,0
22.2893,3,0,0,0,0,0,0,0,0,0,0
22.2893,4,0,0,0,0,0,0,0,0,0,0
22.2893,5,0,0,0,0,0,0,0,0,0,0
22.3405,0,3.12738,-5.12683,5.12443,-0.000170239,0.000112057,5.66112e-05,0.00307053,0,0,0
22.3405,1,5.3752,0.624933,5.12479,6.1641e-07,-2.70881e-06,2.17795e-05,0.00029505,0,0,0
22.3405,2,-1.41409,7.97138,1.31414,1.02768e-06,-1.12355e-06,3.10592e-07,2.40568,0,0,0
22.3405,3,0,0,0,0,0,0,0,0,0,0
22.3405,4,0,0,0,0,0,0,0,0,0,0
22.3405,5,0,0,0,0,0,0,0,0,0,0
22.3959,0,3.12737,-5.12683,5.12443,-0.000176258,0.000118972,5.626e-05,0.00305373,0,0,0
22.3959,1,5.3752,0.624933,5.1248,2.18589e-06,-3.43536e-06,2.15086e-05,0.000294232,0,0,0
22.3959,2,-1.41409,7.97138,1.31414,1.05002e-06,-1.14528e-06,2.80061e-07,2.40568,0,0,0
22.3959,3,0,0,0,0,0,0,0,0,0,0
22.3959,4,0,0,0,0,0,0,0,0,0,0
22.3959,5,0,0,0,0,0,0,0,0,0,0
22.4489,0,3.12736,-5.12682,5.12444,-0.00018049,0.000124101,5.62473e-05,0.00305373,0,0,0
22.4489,1,5.3752,0.624933,5.1248,2.18589e-06,-3.43536e-06,2.15086e-05,0.000294232,0,0,0
22.4489,2,-1.41409,7.97138,1.31414,1.01924e-06,-1.1127e-06,2.64649e-07,2.40568,0,0,0
22.4489,3,0,0,0,0,0,0,0,0,0,0
22.4489,4,0,0,0,0,0,0,0,0,0,0
22.4489,5,0,0,0,0,0,0,0,0,0,0
22.5045,0,3.12735,-5.12681,5.12444,-0.000182445,0.000125433,5.63932e-05,0.00303164,0,0,0
22.5045,1,5.3752,0.624932,5.1248,1.43077e-06,-3.30035e-06,2.12339e-05,0.000293601,0,0,0
22.5045,2,-1.41409,7.97138,1.31414,9.72432e-07,-1.06322e-06,2.59907e-07,2.40568,0,0,0
22.5045,3,0,0,0,0,0,0,0,0,0,0
22.5045,4,0,0,0,0,0,0,0,0,0,0
22.5045,5,0,0,0,0,0,0,0,0,0,0
22.5597,0,3.12734,-5.12681,5.12444,-0.00018345,0.000125824,5.63514e-05,0.00303164,0,0,0
22.5597,1,5.3752,0.624932,5.1248,6.44316e-07,-2.72123e-06,2.11059e-05,0.000293601,0,0,0
22.5597,2,-1.41409,7.97138,1.31414,9.77909e-07,-1.0665e-06,2.50651e-07,2.40568,0,0,0
22.5597,3,0,0,0,0,0,0,0,0,0,0
22.5597,4,0,0,0,0,0,0,0,0,0,0
22.5597,5,0,0,0,0,0,0,0,0,0,0
22.6202,0,3.12734,-5.12681,5.12445,-0.000178435,0.000122255,5.57681e-05,0.0030114,0,0,0
22.6202,1,5.3752,0.624932,5.1248,3.89137e-07,-2.9896e-06,2.08416e-05,0.000292892,0,0,0
22.6202,2,-1.41409,7.97138,1.31414,9.63257e-07,-1.05094e-06,2.48781e-07,2.40568,0,0,0
22.6202,3,0,0,0,0,0,0,0,0,0,0
22.6202,4,0,0,0,0,0,0,0,0,0,0
22.6202,5,0,0,0,0,0,0,0,0,0,0
22.6796,0,3.12733,-5.1268,5.12445,-0.000184884,0.000128599,5.51561e-05,0.0030114,0,0,0
22.6796,1,5.3752,0.624932,5.1248,-3.41672e-08,-2.90244e-06,2.06904e-05,0.000292892,0,0,0
22.6796,2,-1.41409,7.97138,1.31414,9.49526e-07,-1.03596e-06,2.51901e-07,2.40568,0,0,0
22.6796,3,0,0,0,0,0,0,0,0,0,0
22.6796,4,0,0,0,0,0,0,0,0,0,0
22.6796,5,0,0,0,0,0,0,0,0,0,0
22.7378,0,3.12732,-5.12679,5.12445,-0.000179127,0.000125234,5.49361e-05,0.00299145,0,0,0
22.7378,1,5.3752,0.624931,5.1248,-7.17424e-07,-2.60653e-06,2.04802e-05,0.000292554,0,0,0
22.7378,2,-1.41409,7.97138,1.31414,9.3641e-07,-1.02153e-06,2.5914e-07,2.40568,0,0,0
22.7378,3,0,0,0,0,0,0,0,0,0,0
22.7378,4,0,0,0,0,0,0,0,0,0,0
22.7378,5,0,0,0,0,0,0,0,0,0,0
22.7903,0,3.12731,-5.12679,5.12445,-0.000169677,0.000116734,5.45629e-05,0.00299145,0,0,0
22.7903,1,5.3752,0.624931,5.1248,-1.74127e-06,-1.99214e-06,2.03399e-05,0.000292554,0,0,0
22.7903,2,-1.41409,7.97138,1.31414,9.24094e-07,-1.00793e-06,2.61188e-07,2.40568,0,0,0
22.7903,3,0,0,0,0,0,0,0,0,0,0
22.7903,4,0,0,0,0,0,0,0,0,0,0
22.7903,5,0,0,0,0,0,0,0,0,0,0
22.8455,0,3.1273,-5.12678,5.12446,-0.000183109,0.000129367,5.44122e-05,0.00297698,0,0,0
22.8455,1,5.3752,0.624931,5.1248,-2.28558e-06,-1.96002e-06,2.02216e-05,0.000291603,0,0,0
22.8455,2,-1.41409,7.97138,1.31414,9.55616e-07,-1.01675e-06,2.59941e-07,2.40568,0,0,0
22.8455,3,0,0,0,0,0,0,0,0,0,0
22.8455,4,0,0,0,0,0,0,0,0,0,0
22.8455,5,0,0,0,0,0,0,0,0,0,0
22.8959,0,3.12729,-5.12678,5.12446,-0.000180561,0.000128853,5.43704e-05,0.00297698,0,0,0
22.8959,1,5.3752,0.624931,5.12481,-2.90237e-06,-1.53482e-06,2.00877e-05,0.000291603,0,0,0
22.8959,2,-1.41409,7.97138,1.31414,9.0362e-07,-9.75429e-07,2.55742e-07,2.40568,0,0,0
22.8959,3,0,0,0,0,0,0,0,0,0,0
22.8959,4,0,0,0,0,0,0,0,0,0,0
22.8959,5,0,0,0,0,0,0,0,0,0,0
22.9625,0,3.12729,-5.12678,5.12446,-0.000162442,0.000115472,5.41022e-05,0.00295242,0,0,0
22.9625,1,5.3752,0.624931,5.12481,-3.35332e-06,-1.60159e-06,1.99643e-05,0.000290524,0,0,0
22.9625,2,-1.41409,7.97138,1.31414,8.92726e-07,-9.69435e-07,2.24134e-07,2.40568,0,0,0
22.9625,3,0,0,0,0,0,0,0,0,0,0
22.9625,4,0,0,0,0,0,0,0,0,0,0
22.9625,5,0,0,0,0,0,0,0,0,0,0
23.0187,0,3.12728,-5.12677,5.12447,-0.000183719,0.000131504,5.36728e-05,0.00295242,0,0,0
23.0187,1,5.3752,0.62493,5.12481,-4.00711e-06,-1.11039e-06,1.97817e-05,0.000290524,0,0,0
23.0187,2,-1.41409,7.97138,1.31414,8.65935e-07,-9.63591e-07,2.15486e-07,2.40568,0,0,0
23.0187,3,0,0,0,0,0,0,0,0,0,0
23.0187,4,0,0,0,0,0,0,0,0,0,0
23.0187,5,0,0,0,0,0,0,0,0,0,0
23.087,0,3.12727,-5.12676,5.12447,-0.000196915,0.000142758,5.39345e-05,0.00293105,0,0,0
23.087,1,5.37521,0.62493,5.12481,-4.48282e-06,-1.00869e-06,1.96796e-05,0.000289573,0,0,0
23.087,2,-1.41409,7.97138,1.31414,8.29018e-07,-9.18656e-07,2.15731e-07,2.40568,0,0,0
23.087,3,0,0,0,0,0,0,0,0,0,0
23.087,4,0,0,0,0,0,0,0,0,0,0
23.087,5,0,0,0,0,0,0,0,0,0,0
23.1384,0,3.12726,-5.12675,5.12447,-0.000196752,0.000142319,5.30813e-05,0.00293105,0,0,0
23.1384,1,5.37521,0.62493,5.12481,-5.02505e-06,-8.59436e-07,1.95117e-05,0.000289573,0,0,0
23.1384,2,-1.41409,7.97138,1.31414,7.97065e-07,-8.81101e-07,2.13959e-07,2.40568,0,0,0
23.1384,3,0,0,0,0,0,0,0,0,0,0
23.1384,4,0,0,0,0,0,0,0,0,0,0
23.1384,5,0,0,0,0,0,0,0,0,0,0
23.2099,0,3.12725,-5.12675,5.12447,-0.000196822,0.000142088,5.20822e-05,0.00290518,0,0,0
23.2099,1,5.3752,0.62493,5.12481,-7.08332e-06,5.52007e-08,1.9285e-05,0.000288348,0,0,0
23.2099,2,-1.41409,7.97138,1.31414,8.7112e-07,-9.56008e-07,2.34557e-07,2.40568,0,0,0
23.2099,3,0,0,0,0,0,0,0,0,0,0
23.2099,4,0,0,0,0,0,0,0,0,0,0
23.2099,5,0,0,0,0,0,0,0,0,0,0
23.2691,0,3.12724,-5.12674,5.12448,-0.000196137,0.000142575,5.13439e-05,0.00290518,0,0,0
23.2691,1,5.3752,0.62493,5.12481,-6.59455e-06,-3.89007e-07,1.91515e-05,0.000287117,0,0,0
23.2691,2,-1.41409,7.97138,1.31414,8.31968e-07,-9.1501e-07,2.65481e-07,2.40568,0,0,0
23.2691,3,0,0,0,0,0,0,0,0,0,0
23.2691,4,0,0,0,0,0,0,0,0,0,0
23.2691,5,0,0,0,0,0,0,0,0,0,0
23.3293,0,3.12722,-5.12673,5.12448,-0.000199245,0.000146175,5.08134e-05,0.00288309,0,0,0
23.3293,1,5.3752,0.62493,5.12481,-7.00115e-06,-2.04912e-07,1.9036e-05,0.000287117,0,0,0
23.3293,2,-1.41409,7.97138,1.31414,8.67641e-07,-9.5102e-07,2.74154e-07,2.40568,0,0,0
23.3293,3,0,0,0,0,0,0,0,0,0,0
23.3293,4,0,0,0,0,0,0,0,0,0,0
23.3293,5,0,0,0,0,0,0,0,0,0,0
23.3854,0,3.12721,-5.12672,5.12448,-0.00020403,0.000152037,5.07314e-05,0.00288309,0,0,0
23.3854,1,5.3752,0.62493,5.12481,-8.32238e-06,4.20136e-07,1.90975e-05,0.000285341,0,0,0
23.3854,2,-1.41409,7.97138,1.31414,8.63648e-07,-9.46574e-07,2.72366e-07,2.40568,0,0,0
23.3854,3,0,0,0,0,0,0,0,0,0,0
23.3854,4,0,0,0,0,0,0,0,0,0,0
23.3854,5,0,0,0,0,0,0,0,0,0,0
23.4515,0,3.12721,-5.12672,5.12448,-0.000184292,0.000134144,5.07259e-05,0.00284656,0,0,0
23.4515,1,5.3752,0.62493,5.12482,-8.65835e-06,5.33811e-07,1.83541e-05,0.000285341,0,0,0
23.4515,2,-1.41409,7.97138,1.31414,8.60107e-07,-9.43048e-07,2.4398e-07,2.40568,0,0,0
23.4515,3,0,0,0,0,0,0,0,0,0,0
23.4515,4,0,0,0,0,0,0,0,0,0,0
23.4515,5,0,0,0,0,0,0,0,0,0,0
23.5118,0,3.12719,-5.12671,5.12449,-0.000197216,0.000147137,5.06919e-05,0.00284656,0,0,0
23.5118,1,5.3752,0.624929,5.12482,-8.20749e-06,2.32989e-07,1.83332e-05,0.00028341,0,0,0
23.5118,2,-1.41409,7.97138,1.31414,8.57138e-07,-9.40266e-07,2.27597e-07,2.40568,0,0,0
23.5118,3,0,0,0,0,0,0,0,0,0,0
23.5118,4,0,0,0,0,0,0,0,0,0,0
23.5118,5,0,0,0,0,0,0,0,0,0,0
23.5775,0,3.1272,-5.12671,5.12449,-0.000187754,0.000137457,5.0633e-05,0.002827,0,0,0
23.5775,1,5.3752,0.624929,5.12482,-8.52916e-06,4.12681e-07,1.79677e-05,0.00028341,0,0,0
23.5775,2,-1.41409,7.97138,1.31414,8.55838e-07,-9.37361e-07,2.22577e-07,2.40568,0,0,0
23.5775,3,0,0,0,0,0,0,0,0,0,0
23.5775,4,0,0,0,0,0,0,0,0,0,0
23.5775,5,0,0,0,0,0,0,0,0,0,0
23.6303,0,3.12719,-5.1267,5.12449,-0.000191622,0.000141711,5.04385e-05,0.002827,0,0,0
23.6303,1,5.3752,0.624929,5.12482,-8.36838e-06,6.54587e-07,1.76068e-05,0.00028211,0,0,0
23.6303,2,-1.41409,7.97138,1.31414,8.54272e-07,-9.36144e-07,2.13187e-07,2.40568,0,0,0
23.6303,3,0,0,0,0,0,0,0,0,0,0
23.6303,4,0,0,0,0,0,0,0,0,0,0
23.6303,5,0,0,0,0,0,0,0,0,0,0
23.6856,0,3.12717,-5.12669,5.12449,-0.000199188,0.000150681,5.00431e-05,0.00281704,0,0,0
23.6856,1,5.3752,0.624929,5.12482,-9.11066e-06,8.34037e-07,1.74415e-05,0.00028211,0,0,0
23.6856,2,-1.41409,7.97138,1.31414,8.46712e-07,-9.27558e-07,2.11877e-07,2.40568,0,0,0
23.6856,3,0,0,0,0,0,0,0,0,0,0
23.6856,4,0,0,0,0,0,0,0,0,0,0
23.6856,5,0,0,0,0,0,0,0,0,0,0
23.7409,0,3.12716,-5.12668,5.1245,-0.000185519,0.000136925,4.97885e-05,0.00281704,0,0,0
23.7409,1,5.3752,0.624929,5.12482,-9.0752e-06,9.40279e-07,1.73803e-05,0.000281195,0,0,0
23.7409,2,-1.41409,7.97138,1.31414,8.47199e-07,-9.2761e-07,2.13444e-07,2.40568,0,0,0
23.7409,3,0,0,0,0,0,0,0,0,0,0
23.7409,4,0,0,0,0,0,0,0,0,0,0
23.7409,5,0,0,0,0,0,0,0,0,0,0
23.8037,0,3.12715,-5.12667,5.1245,-0.00019304,0.00014426,4.94581e-05,0.00278593,0,0,0
23.8037,1,5.3752,0.624929,5.12482,-9.78876e-06,1.11478e-06,1.74381e-05,0.000281195,0,0,0
23.8037,2,-1.41409,7.97138,1.31414,8.49092e-07,-9.27349e-07,2.15913e-07,2.40568,0,0,0
23.8037,3,0,0,0,0,0,0,0,0,0,0
23.8037,4,0,0,0,0,0,0,0,0,0,0
23.8037,5,0,0,0,0,0,0,0,0,0,0
23.8974,0,3.12714,-5.12667,5.1245,-0.000184932,0.000137289,4.91673e-05,0.00278593,0,0,0
23.8974,1,5.3752,0.624929,5.12482,-9.78876e-06,1.11478e-06,1.74381e-05,0.000280172,0,0,0
23.8974,2,-1.41409,7.97138,1.31414,8.49092e-07,-9.27349e-07,2.15913e-07,2.40568,0,0,0
23.8974,3,0,0,0,0,0,0,0,0,0,0
23.8974,4,0,0,0,0,0,0,0,0,0,0
23.8974,5,0,0,0,0,0,0,0,0,0,0
23.9909,0,3.12713,-5.12666,5.12451,-0.000190678,0.000142953,4.88565e-05,0.00276071,0,0,0
23.9909,1,5.3752,0.624929,5.12482,-1.06481e-05,1.41156e-06,1.75906e-05,0.000280172,0,0,0
23.9909,2,-1.41409,7.97138,1.31414,8.94254e-07,-9.74362e-07,2.33914e-07,2.40568,0,0,0
23.9909,3,0,0,0,0,0,0,0,0,0,0
23.9909,4,0,0,0,0,0,0,0,0,0,0
23.9909,5,0,0,0,0,0,0,0,0,0,0
24.0535,0,3.12711,-5.12665,5.12451,-0.00020798,0.000159182,4.82402e-05,0.0027467,0,0,0
24.0535,1,5.3752,0.624929,5.12482,-1.10076e-05,1.47106e-06,1.7419e-05,0.000278147,0,0,0
24.0535,2,-1.41409,7.97138,1.31414,8.33667e-07,-9.11181e-07,2.41156e-07,2.40568,0,0,0
24.0535,3,0,0,0,0,0,0,0,0,0,0
24.0535,4,0,0,0,0,0,0,0,0,0,0
24.0535,5,0,0,0,0,0,0,0,0,0,0
24.1066,0,3.12711,-5.12665,5.12451,-0.000189522,0.00014231,4.77049e-05,0.0027467,0,0,0
24.1066,1,5.3752,0.624929,5.12482,-1.121e-05,1.62231e-06,1.70596e-05,0.000278147,0,0,0
24.1066,2,-1.41409,7.97138,1.31414,8.33667e-07,-9.11181e-07,2.41156e-07,2.40568,0,0,0
24.1066,3,0,0,0,0,0,0,0,0,0,0
24.1066,4,0,0,0,0,0,0,0,0,0,0
24.1066,5,0,0,0,0,0,0,0,0,0,0
24.1568,0,3.1271,-5.12664,5.12451,-0.000183136,0.000138503,4.71295e-05,0.00272143,0,0,0
24.1568,1,5.3752,0.624929,5.12483,-1.11974e-05,1.59654e-06,1.69541e-05,0.000276482,0,0,0
24.1568,2,-1.41409,7.97138,1.31414,8.6787e-07,-9.44739e-07,2.2564e-07,2.40568,0,0,0
24.1568,3,0,0,0,0,0,0,0,0,0,0
24.1568,4,0,0,0,0,0,0,0,0,0,0
24.1568,5,0,0,0,0,0,0,0,0,0,0
24.2113,0,3.12709,-5.12663,5.12452,-0.000188573,0.000143634,4.68654e-05,0.00272143,0,0,0
24.2113,1,5.3752,0.624929,5.12483,-1.19849e-05,1.91747e-06,1.6676e-05,0.000276482,0,0,0
24.2113,2,-1.41409,7.97138,1.31414,6.92958e-07,-7.61132e-07,1.90792e-07,2.40568,0,0,0
24.2113,3,0,0,0,0,0,0,0,0,0,0
24.2113,4,0,0,0,0,0,0,0,0,0,0
24.2113,5,0,0,0,0,0,0,0,0,0,0
24.2675,0,3.12708,-5.12663,5.12452,-0.000190643,0.000145372,4.6438e-05,0.00269902,0,0,0
24.2675,1,5.3752,0.624929,5.12483,-1.11128e-05,1.63506e-06,1.65648e-05,0.000274841,0,0,0
24.2675,2,-1.41409,7.97138,1.31414,7.78749e-07,-8.52371e-07,1.85662e-07,2.40568,0,0,0
24.2675,3,0,0,0,0,0,0,0,0,0,0
24.2675,4,0,0,0,0,0,0,0,0,0,0
24.2675,5,0,0,0,0,0,0,0,0,0,0
24.3278,0,3.12708,-5.12662,5.12452,-0.000183261,0.000138192,4.5948e-05,0.00269902,0,0,0
24.3278,1,5.3752,0.62493,5.12483,-1.26612e-05,2.45313e-06,1.65049e-05,0.000274841,0,0,0
24.3278,2,-1.41409,7.97138,1.31414,8.06681e-07,-8.78732e-07,1.87433e-07,2.40568,0,0,0
24.3278,3,0,0,0,0,0,0,0,0,0,0
24.3278,4,0,0,0,0,0,0,0,0,0,0
24.3278,5,0,0,0,0,0,0,0,0,0,0
24.3906,0,3.12707,-5.12661,5.12452,-0.000188463,0.000143642,4.57022e-05,0.00267849,0,0,0
24.3906,1,5.3752,0.62493,5.12483,-1.26857e-05,2.28596e-06,1.64673e-05,0.000273056,0,0,0
24.3906,2,-1.41409,7.97138,1.31414,7.98881e-07,-8.73941e-07,1.92401e-07,2.40568,0,0,0
24.3906,3,0,0,0,0,0,0,0,0,0,0
24.3906,4,0,0,0,0,0,0,0,0,0,0
24.3906,5,0,0,0,0,0,0,0,0,0,0
24.4407,0,3.12707,-5.12661,5.12452,-0.000188463,0.000143642,4.57022e-05,0.00267849,0,0,0
24.4407,1,5.3752,0.62493,5.12483,-1.25886e-05,2.27782e-06,1.62513e-05,0.000273056,0,0,0
24.4407,2,-1.41409,7.97138,1.31414,7.98881e-07,-8.73941e-07,1.92401e-07,2.40568,0,0,0
24.4407,3,0,0,0,0,0,0,0,0,0,0
24.4407,4,0,0,0,0,0,0,0,0,0,0
24.4407,5,0,0,0,0,0,0,0,0,0,0
24.4909,0,3.12706,-5.12661,5.12452,-0.000176565,0.000134456,4.55583e-05,0.00265749,0,0,0
24.4909,1,5.3752,0.62493,5.12483,-1.31458e-05,2.50247e-06,1.62036e-05,0.000271253,0,0,0
24.4909,2,-1.41409,7.97138,1.31414,8.65961e-07,-9.43863e-07,2.24333e-07,2.40568,0,0,0
24.4909,3,0,0,0,0,0,0,0,0,0,0
24.4909,4,0,0,0,0,0,0,0,0,0,0
24.4909,5,0,0,0,0,0,0,0,0,0,0
24.5436,0,3.12704,-5.1266,5.12453,-0.000173928,0.000133054,4.55954e-05,0.00265749,0,0,0
24.5436,1,5.3752,0.62493,5.12483,-1.31458e-05,2.50247e-06,1.62036e-05,0.000271253,0,0,0
24.5436,2,-1.41409,7.97138,1.31414,8.63731e-07,-9.41129e-07,2.68312e-07,2.40568,0,0,0
24.5436,3,0,0,0,0,0,0,0,0,0,0
24.5436,4,0,0,0,0,0,0,0,0,0,0
24.5436,5,0,0,0,0,0,0,0,0,0,0
24.5963,0,3.12704,-5.1266,5.12453,-0.000173928,0.000133054,4.55954e-05,0.00263558,0,0,0
24.5963,1,5.3752,0.62493,5.12483,-1.3367e-05,2.56615e-06,1.59987e-05,0.000269379,0,0,0
24.5963,2,-1.41409,7.97138,1.31414,8.52729e-07,-9.2926e-07,2.73854e-07,2.40568,0,0,0
24.5963,3,0,0,0,0,0,0,0,0,0,0
24.5963,4,0,0,0,0,0,0,0,0,0,0
24.5963,5,0,0,0,0,0,0,0,0,0,0
24.6465,0,3.12703,-5.12659,5.12453,-0.000178985,0.000139114,4.56433e-05,0.00263558,0,0,0
24.6465,1,5.3752,0.62493,5.12483,-1.36012e-05,2.61084e-06,1.58958e-05,0.000269379,0,0,0
24.6465,2,-1.41409,7.97138,1.31414,8.42039e-07,-9.1759e-07,2.81446e-07,2.40568,0,0,0
24.6465,3,0,0,0,0,0,0,0,0,0,0
24.6465,4,0,0,0,0,0,0,0,0,0,0
24.6465,5,0,0,0,0,0,0,0,0,0,0
24.7019,0,3.12702,-5.12658,5.12453,-0.000177345,0.000137443,4.55698e-05,0.00261136,0,0,0
24.7019,1,5.3752,0.62493,5.12483,-1.37992e-05,2.68591e-06,1.5837e-05,0.000267582,0,0,0
24.7019,2,-1.41409,7.97138,1.31414,8.31229e-07,-9.05813e-07,2.74765e-07,2.40568,0,0,0
24.7019,3,0,0,0,0,0,0,0,0,0,0
24.7019,4,0,0,0,0,0,0,0,0,0,0
24.7019,5,0,0,0,0,0,0,0,0,0,0
24.7521,0,3.12701,-5.12658,5.12454,-0.00018209,0.000141504,4.53265e-05,0.00261136,0,0,0
24.7521,1,5.3752,0.62493,5.12483,-1.3923e-05,2.82745e-06,1.57919e-05,0.000267582,0,0,0
24.7521,2,-1.41409,7.97138,1.31414,8.19797e-07,-8.93288e-07,2.52078e-07,2.40568,0,0,0
24.7521,3,0,0,0,0,0,0,0,0,0,0
24.7521,4,0,0,0,0,0,0,0,0,0,0
24.7521,5,0,0,0,0,0,0,0,0,0,0
24.8078,0,3.127,-5.12657,5.12454,-0.000181777,0.00014098,4.52436e-05,0.00258685,0,0,0
24.8078,1,5.3752,0.62493,5.12483,-1.44459e-05,3.00173e-06,1.57394e-05,0.000265493,0,0,0
24.8078,2,-1.41409,7.97138,1.31414,8.00185e-07,-8.72119e-07,2.43436e-07,2.40568,0,0,0
24.8078,3,0,0,0,0,0,0,0,0,0,0
24.8078,4,0,0,0,0,0,0,0,0,0,0
24.8078,5,0,0,0,0,0,0,0,0,0,0
24.8611,0,3.12699,-5.12656,5.12454,-0.000179742,0.000139382,4.48086e-05,0.00258685,0,0,0
24.8611,1,5.3752,0.62493,5.12484,-1.39981e-05,2.82358e-06,1.5673e-05,0.000265493,0,0,0
24.8611,2,-1.41409,7.97138,1.31414,7.89497e-07,-8.60238e-07,2.3657e-07,2.40568,0,0,0
24.8611,3,0,0,0,0,0,0,0,0,0,0
24.8611,4,0,0,0,0,0,0,0,0,0,0
24.8611,5,0,0,0,0,0,0,0,0,0,0
24.916,0,3.12699,-5.12656,5.12454,-0.000179742,0.000139382,4.48086e-05,0.00256443,0,0,0
24.916,1,5.37519,0.624931,5.12484,-1.55591e-05,3.63176e-06,1.55778e-05,0.000263194,0,0,0
24.916,2,-1.41409,7.97138,1.31414,7.72618e-07,-8.40424e-07,2.3072e-07,2.40568,0,0,0
24.916,3,0,0,0,0,0,0,0,0,0,0
24.916,4,0,0,0,0,0,0,0,0,0,0
24.916,5,0,0,0,0,0,0,0,0,0,0
24.9743,0,3.12698,-5.12655,5.12455,-0.000173459,0.000134011,4.45045e-05,0.00256443,0,0,0
24.9743,1,5.37519,0.624931,5.12484,-1.41091e-05,2.81633e-06,1.53488e-05,0.000263194,0,0,0
24.9743,2,-1.41409,7.97138,1.31414,7.61274e-07,-8.27991e-07,2.27057e-07,2.40568,0,0,0
24.9743,3,0,0,0,0,0,0,0,0,0,0
24.9743,4,0,0,0,0,0,0,0,0,0,0
24.9743,5,0,0,0,0,0,0,0,0,0,0
25.028,0,3.12697,-5.12654,5.12455,-0.000178729,0.000138998,4.44403e-05,0.00254188,0,0,0
25.028,1,5.37519,0.624931,5.12484,-1.47437e-05,2.96539e-06,1.51589e-05,0.000261421,0,0,0
25.028,2,-1.41409,7.97138,1.31414,7.23069e-07,-7.86892e-07,2.27155e-07,2.40568,0,0,0
25.028,3,0,0,0,0,0,0,0,0,0,0
25.028,4,0,0,0,0,0,0,0,0,0,0
25.028,5,0,0,0,0,0,0,0,0,0,0
25.08,0,3.12696,-5.12654,5.12455,-0.000178881,0.000138927,4.41849e-05,0.00254188,0,0,0
25.08,1,5.37519,0.624931,5.12484,-1.35282e-05,2.71558e-06,1.49305e-05,0.000261421,0,0,0
25.08,2,-1.41409,7.97138,1.31414,7.4503e-07,-8.09125e-07,2.33726e-07,2.40568,0,0,0
25.08,3,0,0,0,0,0,0,0,0,0,0
25.08,4,0,0,0,0,0,0,0,0,0,0
25.08,5,0,0,0,0,0,0,0,0,0,0
25.1413,0,3.12695,-5.12653,5.12455,-0.000178859,0.000139089,4.3893e-05,0.00251934,0,0,0
25.1413,1,5.37519,0.624931,5.12484,-1.485e-05,3.55001e-06,1.48217e-05,0.000259754,0,0,0
25.1413,2,-1.41409,7.97138,1.31414,7.00506e-07,-7.62147e-07,2.36662e-07,2.40568,0,0,0
25.1413,3,0,0,0,0,0,0,0,0,0,0
25.1413,4,0,0,0,0,0,0,0,0,0,0
25.1413,5,0,0,0,0,0,0,0,0,0,0
25.2011,0,3.12693,-5.12652,5.12456,-0.000173943,0.000135082,4.34594e-05,0.00251934,0,0,0
25.2011,1,5.37519,0.624931,5.12484,-1.41946e-05,3.20388e-06,1.47647e-05,0.000259754,0,0,0
25.2011,2,-1.41409,7.97138,1.31414,7.16742e-07,-7.78501e-07,2.37998e-07,2.40568,0,0,0
25.2011,3,0,0,0,0,0,0,0,0,0,0
25.2011,4,0,0,0,0,0,0,0,0,0,0
25.2011,5,0,0,0,0,0,0,0,0,0,0
25.2518,0,3.12692,-5.12651,5.12456,-0.000179255,0.000139976,4.32632e-05,0.00249676,0,0,0
25.2518,1,5.37519,0.624932,5.12484,-1.55265e-05,3.86479e-06,1.47297e-05,0.000257791,0,0,0
25.2518,2,-1.41409,7.97138,1.31414,7.02748e-07,-7.63852e-07,2.26274e-07,2.40568,0,0,0
25.2518,3,0,0,0,0,0,0,0,0,0,0
25.2518,4,0,0,0,0,0,0,0,0,0,0
25.2518,5,0,0,0,0,0,0,0,0,0,0
25.3019,0,3.12692,-5.12651,5.12456,-0.000179255,0.000139976,4.32632e-05,0.00249676,0,0,0
25.3019,1,5.37519,0.624932,5.12484,-1.55265e-05,3.86479e-06,1.47297e-05,0.000257791,0,0,0
25.3019,2,-1.41409,7.97138,1.31414,7.17577e-07,-7.79079e-07,1.9892e-07,2.40568,0,0,0
25.3019,3,0,0,0,0,0,0,0,0,0,0
25.3019,4,0,0,0,0,0,0,0,0,0,0
25.3019,5,0,0,0,0,0,0,0,0,0,0
25.358,0,3.12691,-5.1265,5.12456,-0.000180394,0.000140486,4.28656e-05,0.00247086,0,0,0
25.358,1,5.37519,0.624932,5.12484,-1.61658e-05,3.99644e-06,1.45935e-05,0.000255314,0,0,0
25.358,2,-1.41409,7.97138,1.31414,7.02552e-07,-7.63628e-07,1.87851e-07,2.40568,0,0,0
25.358,3,0,0,0,0,0,0,0,0,0,0
25.358,4,0,0,0,0,0,0,0,0,0,0
25.358,5,0,0,0,0,0,0,0,0,0,0
25.4082,0,3.1269,-5.12649,5.12457,-0.00018532,0.0001408,4.24862e-05,0.00247086,0,0,0
25.4082,1,5.37519,0.624932,5.12484,-1.55493e-05,3.70553e-06,1.45921e-05,0.000255314,0,0,0
25.4082,2,-1.41409,7.97138,1.31414,6.96553e-07,-7.57018e-07,1.83305e-07,2.40568,0,0,0
25.4082,3,0,0,0,0,0,0,0,0,0,0
25.4082,4,0,0,0,0,0,0,0,0,0,0
25.4082,5,0,0,0,0,0,0,0,0,0,0
25.4584,0,3.12689,-5.12649,5.12457,-0.000185503,0.000142218,4.2058e-05,0.00244654,0,0,0
25.4584,1,5.37519,0.624932,5.12484,-1.62073e-05,3.78528e-06,1.45403e-05,0.000253332,0,0,0
25.4584,2,-1.41409,7.97138,1.31414,6.89099e-07,-7.51334e-07,1.82251e-07,2.40568,0,0,0
25.4584,3,0,0,0,0,0,0,0,0,0,0
25.4584,4,0,0,0,0,0,0,0,0,0,0
25.4584,5,0,0,0,0,0,0,0,0,0,0
25.5197,0,3.12689,-5.12648,5.12457,-0.000183842,0.000142704,4.14277e-05,0.00244654,0,0,0
25.5197,1,5.37519,0.624932,5.12484,-1.59401e-05,3.77001e-06,1.44284e-05,0.000253332,0,0,0
25.5197,2,-1.41409,7.97138,1.31414,7.10291e-07,-7.73961e-07,1.82401e-07,2.40568,0,0,0
25.5197,3,0,0,0,0,0,0,0,0,0,0
25.5197,4,0,0,0,0,0,0,0,0,0,0
25.5197,5,0,0,0,0,0,0,0,0,0,0
25.5775,0,3.12688,-5.12647,5.12457,-0.000171396,0.000132811,4.15875e-05,0.00242655,0,0,0
25.5775,1,5.37519,0.624932,5.12485,-1.58207e-05,3.79727e-06,1.42996e-05,0.000251827,0,0,0
25.5775,2,-1.41409,7.97138,1.31414,6.75353e-07,-7.36034e-07,1.79852e-07,2.40568,0,0,0
25.5775,3,0,0,0,0,0,0,0,0,0,0
25.5775,4,0,0,0,0,0,0,0,0,0,0
25.5775,5,0,0,0,0,0,0,0,0,0,0
25.6346,0,3.12688,-5.12647,5.12457,-0.000151431,0.000116688,4.15327e-05,0.00242655,0,0,0
25.6346,1,5.37519,0.624932,5.12485,-1.53366e-05,3.57119e-06,1.43051e-05,0.000251827,0,0,0
25.6346,2,-1.41409,7.97138,1.31414,6.19894e-07,-6.77185e-07,1.82252e-07,2.40568,0,0,0
25.6346,3,0,0,0,0,0,0,0,0,0,0
25.6346,4,0,0,0,0,0,0,0,0,0,0
25.6346,5,0,0,0,0,0,0,0,0,0,0
25.6972,0,3.12686,-5.12646,5.12457,-0.000178479,0.000143109,4.17629e-05,0.00240204,0,0,0
25.6972,1,5.37519,0.624932,5.12485,-1.44757e-05,2.99906e-06,1.41202e-05,0.000250142,0,0,0
25.6972,2,-1.41409,7.97138,1.31414,6.45966e-07,-7.03354e-07,1.8533e-07,2.40568,0,0,0
25.6972,3,0,0,0,0,0,0,0,0,0,0
25.6972,4,0,0,0,0,0,0,0,0,0,0
25.6972,5,0,0,0,0,0,0,0,0,0,0
25.7526,0,3.12685,-5.12645,5.12458,-0.000181786,0.000144804,4.11534e-05,0.00240204,0,0,0
25.7526,1,5.37518,0.624933,5.12485,-1.6226e-05,4.17152e-06,1.40784e-05,0.000250142,0,0,0
25.7526,2,-1.41409,7.97138,1.31414,6.68755e-07,-7.2657e-07,1.90007e-07,2.40568,0,0,0
25.7526,3,0,0,0,0,0,0,0,0,0,0
25.7526,4,0,0,0,0,0,0,0,0,0,0
25.7526,5,0,0,0,0,0,0,0,0,0,0
25.8132,0,3.12684,-5.12644,5.12458,-0.000175127,0.000138689,4.09577e-05,0.00237937,0,0,0
25.8132,1,5.37518,0.624933,5.12485,-1.64559e-05,4.19892e-06,1.4087e-05,0.000247365,0,0,0
25.8132,2,-1.41409,7.97138,1.31414,6.685e-07,-7.27434e-07,2.02723e-07,2.40568,0,0,0
25.8132,3,0,0,0,0,0,0,0,0,0,0
25.8132,4,0,0,0,0,0,0,0,0,0,0
25.8132,5,0,0,0,0,0,0,0,0,0,0
25.8704,0,3.12683,-5.12644,5.12458,-0.000175607,0.00013915,4.0532e-05,0.00237937,0,0,0
25.8704,1,5.37518,0.624933,5.12485,-1.75305e-05,4.77732e-06,1.39302e-05,0.000247365,0,0,0
25.8704,2,-1.41409,7.97138,1.31414,6.8929e-07,-7.4945e-07,2.05097e-07,2.40568,0,0,0
25.8704,3,0,0,0,0,0,0,0,0,0,0
25.8704,4,0,0,0,0,0,0,0,0,0,0
25.8704,5,0,0,0,0,0,0,0,0,0,0
25.9307,0,3.12683,-5.12643,5.12458,-0.00017576,0.000139578,4.02905e-05,0.00235626,0,0,0
25.9307,1,5.37518,0.624933,5.12485,-1.66806e-05,4.10713e-06,1.3751e-05,0.000245117,0,0,0
25.9307,2,-1.41409,7.97138,1.31414,6.82205e-07,-7.54505e-07,1.91029e-07,2.40568,0,0,0
25.9307,3,0,0,0,0,0,0,0,0,0,0
25.9307,4,0,0,0,0,0,0,0,0,0,0
25.9307,5,0,0,0,0,0,0,0,0,0,0
25.9837,0,3.12682,-5.12642,5.12459,-0.000174305,0.00013837,3.94155e-05,0.00235626,0,0,0
25.9837,1,5.37518,0.624933,5.12485,-1.64695e-05,4.01536e-06,1.35654e-05,0.000245117,0,0,0
25.9837,2,-1.41409,7.97138,1.31414,6.24684e-07,-6.90916e-07,1.72819e-07,2.40568,0,0,0
25.9837,3,0,0,0,0,0,0,0,0,0,0
25.9837,4,0,0,0,0,0,0,0,0,0,0
25.9837,5,0,0,0,0,0,0,0,0,0,0
26.0374,0,3.12681,-5.12642,5.12459,-0.000175674,0.000137826,3.84565e-05,0.00233245,0,0,0
26.0374,1,5.37518,0.624934,5.12485,-1.69736e-05,4.32549e-06,1.3445e-05,0.000243041,0,0,0
26.0374,2,-1.41409,7.97138,1.31414,6.60422e-07,-7.23827e-07,1.68518e-07,2.40568,0,0,0
26.0374,3,0,0,0,0,0,0,0,0,0,0
26.0374,4,0,0,0,0,0,0,0,0,0,0
26.0374,5,0,0,0,0,0,0,0,0,0,0
26.0951,0,3.12679,-5.12641,5.12459,-0.000184574,0.000147009,3.8277e-05,0.00233245,0,0,0
26.0951,1,5.37518,0.624934,5.12485,-1.64611e-05,3.94093e-06,1.34143e-05,0.000243041,0,0,0
26.0951,2,-1.41409,7.97138,1.31414,6.61847e-07,-7.24625e-07,1.72681e-07,2.40568,0,0,0
26.0951,3,0,0,0,0,0,0,0,0,0,0
26.0951,4,0,0,0,0,0,0,0,0,0,0
26.0951,5,0,0,0,0,0,0,0,0,0,0
26.1529,0,3.12679,-5.1264,5.12459,-0.000180447,0.000143606,3.80986e-05,0.00230496,0,0,0
26.1529,1,5.37518,0.624934,5.12485,-1.63523e-05,3.97024e-06,1.33861e-05,0.000241049,0,0,0
26.1529,2,-1.41409,7.97138,1.31414,6.81757e-07,-7.45015e-07,2.24707e-07,2.40568,0,0,0
26.1529,3,0,0,0,0,0,0,0,0,0,0
26.1529,4,0,0,0,0,0,0,0,0,0,0
26.1529,5,0,0,0,0,0,0,0,0,0,0
26.2159,0,3.12678,-5.12639,5.12459,-0.000177629,0.000141081,3.80539e-05,0.00230496,0,0,0
26.2159,1,5.37518,0.624934,5.12485,-1.58122e-05,3.74189e-06,1.33336e-05,0.000241049,0,0,0
26.2159,2,-1.41409,7.97138,1.31414,6.0073e-07,-6.59067e-07,2.387e-07,2.40568,0,0,0
26.2159,3,0,0,0,0,0,0,0,0,0,0
26.2159,4,0,0,0,0,0,0,0,0,0,0
26.2159,5,0,0,0,0,0,0,0,0,0,0
26.2823,0,3.12677,-5.12639,5.1246,-0.00017646,0.000140329,3.7918e-05,0.00228285,0,0,0
26.2823,1,5.37518,0.624934,5.12485,-1.61787e-05,4.11487e-06,1.32793e-05,0.000239068,0,0,0
26.2823,2,-1.41409,7.97138,1.31414,6.86891e-07,-7.47809e-07,2.4714e-07,2.40568,0,0,0
26.2823,3,0,0,0,0,0,0,0,0,0,0
26.2823,4,0,0,0,0,0,0,0,0,0,0
26.2823,5,0,0,0,0,0,0,0,0,0,0
26.3427,0,3.12676,-5.12638,5.1246,-0.000172183,0.000136863,3.78274e-05,0.00228285,0,0,0
26.3427,1,5.37518,0.624935,5.12485,-1.72182e-05,4.60207e-06,1.32126e-05,0.000239068,0,0,0
26.3427,2,-1.41409,7.97138,1.31414,6.80194e-07,-7.42234e-07,2.61573e-07,2.40568,0,0,0
26.3427,3,0,0,0,0,0,0,0,0,0,0
26.3427,4,0,0,0,0,0,0,0,0,0,0
26.3427,5,0,0,0,0,0,0,0,0,0,0
26.3929,0,3.12675,-5.12637,5.1246,-0.000172599,0.00013686,3.75693e-05,0.00226016,0,0,0
26.3929,1,5.37518,0.624935,5.12486,-1.61255e-05,3.99762e-06,1.31496e-05,0.000237741,0,0,0
26.3929,2,-1.41409,7.97138,1.31414,6.67955e-07,-7.2952e-07,2.66609e-07,2.40568,0,0,0
26.3929,3,0,0,0,0,0,0,0,0,0,0
26.3929,4,0,0,0,0,0,0,0,0,0,0
26.3929,5,0,0,0,0,0,0,0,0,0,0
26.4563,0,3.12674,-5.12637,5.1246,-0.000169423,0.000135092,3.78494e-05,0.00226016,0,0,0
26.4563,1,5.37517,0.624935,5.12486,-1.71701e-05,4.55808e-06,1.30031e-05,0.000237741,0,0,0
26.4563,2,-1.41409,7.97138,1.31414,6.56904e-07,-7.17827e-07,2.66673e-07,2.40568,0,0,0
26.4563,3,0,0,0,0,0,0,0,0,0,0
26.4563,4,0,0,0,0,0,0,0,0,0,0
26.4563,5,0,0,0,0,0,0,0,0,0,0
26.5065,0,3.12674,-5.12637,5.1246,-0.000170487,0.000134026,3.76011e-05,0.00224974,0,0,0
26.5065,1,5.37517,0.624935,5.12486,-1.69009e-05,4.39855e-06,1.29036e-05,0.00023563,0,0,0
26.5065,2,-1.41409,7.97138,1.31414,6.22215e-07,-6.80922e-07,2.63321e-07,2.40568,0,0,0
26.5065,3,0,0,0,0,0,0,0,0,0,0
26.5065,4,0,0,0,0,0,0,0,0,0,0
26.5065,5,0,0,0,0,0,0,0,0,0,0
26.5669,0,3.12672,-5.12635,5.12461,-0.00017672,0.000141737,3.79177e-05,0.00224974,0,0,0
26.5669,1,5.37517,0.624935,5.12486,-1.69133e-05,4.38722e-06,1.27669e-05,0.00023563,0,0,0
26.5669,2,-1.41409,7.97138,1.31414,6.24064e-07,-6.8134e-07,2.46324e-07,2.40568,0,0,0
26.5669,3,0,0,0,0,0,0,0,0,0,0
26.5669,4,0,0,0,0,0,0,0,0,0,0
26.5669,5,0,0,0,0,0,0,0,0,0,0
26.6199,0,3.12673,-5.12635,5.12461,-0.000157983,0.000123515,3.76291e-05,0.00222999,0,0,0
26.6199,1,5.37517,0.624936,5.12486,-1.6587e-05,4.1852e-06,1.27006e-05,0.000233646,0,0,0
26.6199,2,-1.41409,7.97138,1.31414,6.24831e-07,-6.81361e-07,2.24905e-07,2.40568,0,0,0
26.6199,3,0,0,0,0,0,0,0,0,0,0
26.6199,4,0,0,0,0,0,0,0,0,0,0
26.6199,5,0,0,0,0,0,0,0,0,0,0
26.6801,0,3.12671,-5.12634,5.12461,-0.000175463,0.000140553,3.73505e-05,0.00222999,0,0,0
26.6801,1,5.37517,0.624936,5.12486,-1.64159e-05,4.25723e-06,1.26751e-05,0.000231418,0,0,0
26.6801,2,-1.41409,7.97138,1.31414,6.43008e-07,-7.00282e-07,2.04921e-07,2.40568,0,0,0
26.6801,3,0,0,0,0,0,0,0,0,0,0
26.6801,4,0,0,0,0,0,0,0,0,0,0
26.6801,5,0,0,0,0,0,0,0,0,0,0
26.7429,0,3.1267,-5.12633,5.12461,-0.000175067,0.000140179,3.7325e-05,0.00219091,0,0,0
26.7429,1,5.37517,0.624936,5.12486,-1.68871e-05,4.42835e-06,1.25353e-05,0.000231418,0,0,0
26.7429,2,-1.41409,7.97138,1.31414,6.57473e-07,-7.15683e-07,1.89334e-07,2.40568,0,0,0
26.7429,3,0,0,0,0,0,0,0,0,0,0
26.7429,4,0,0,0,0,0,0,0,0,0,0
26.7429,5,0,0,0,0,0,0,0,0,0,0
26.793,0,3.12669,-5.12632,5.12461,-0.000168302,0.000134781,3.68521e-05,0.00219091,0,0,0
26.793,1,5.37517,0.624936,5.12486,-1.68368e-05,4.46565e-06,1.2324e-05,0.000231418,0,0,0
26.793,2,-1.41409,7.97138,1.31414,6.51066e-07,-7.09051e-07,1.84092e-07,2.40568,0,0,0
26.793,3,0,0,0,0,0,0,0,0,0,0
26.793,4,0,0,0,0,0,0,0,0,0,0
26.793,5,0,0,0,0,0,0,0,0,0,0
26.847,0,3.12668,-5.12632,5.12462,-0.000168666,0.00013451,3.72122e-05,0.00217095,0,0,0
26.847,1,5.37517,0.624936,5.12486,-1.62921e-05,4.25369e-06,1.22489e-05,0.000229265,0,0,0
26.847,2,-1.41409,7.97138,1.31414,6.38533e-07,-6.95606e-07,1.8245e-07,2.40568,0,0,0
26.847,3,0,0,0,0,0,0,0,0,0,0
26.847,4,0,0,0,0,0,0,0,0,0,0
26.847,5,0,0,0,0,0,0,0,0,0,0
26.9139,0,3.12667,-5.12631,5.12462,-0.000168513,0.000135451,3.66246e-05,0.00217095,0,0,0
26.9139,1,5.37517,0.624936,5.12486,-1.48488e-05,3.41175e-06,1.21706e-05,0.000227773,0,0,0
26.9139,2,-1.41409,7.97138,1.31414,6.27071e-07,-6.82868e-07,1.80717e-07,2.40568,0,0,0
26.9139,3,0,0,0,0,0,0,0,0,0,0
26.9139,4,0,0,0,0,0,0,0,0,0,0
26.9139,5,0,0,0,0,0,0,0,0,0,0
26.9798,0,3.12667,-5.12631,5.12462,-0.000149156,0.000117005,3.6237e-05,0.00215695,0,0,0
26.9798,1,5.37517,0.624937,5.12486,-1.66845e-05,4.73372e-06,1.20931e-05,0.000227773,0,0,0
26.9798,2,-1.41409,7.97138,1.31414,6.2286e-07,-6.79029e-07,1.80621e-07,2.40568,0,0,0
26.9798,3,0,0,0,0,0,0,0,0,0,0
26.9798,4,0,0,0,0,0,0,0,0,0,0
26.9798,5,0,0,0,0,0,0,0,0,0,0
27.0359,0,3.12666,-5.1263,5.12462,-0.000170471,0.000136372,3.57919e-05,0.00215695,0,0,0
27.0359,1,5.37517,0.624937,5.12486,-1.72593e-05,4.82229e-06,1.2091e-05,0.000225172,0,0,0
27.0359,2,-1.41409,7.97138,1.31414,6.18001e-07,-6.739e-07,1.87321e-07,2.40568,0,0,0
27.0359,3,0,0,0,0,0,0,0,0,0,0
27.0359,4,0,0,0,0,0,0,0,0,0,0
27.0359,5,0,0,0,0,0,0,0,0,0,0
27.0912,0,3.12665,-5.1263,5.12462,-0.000175906,0.000140722,3.63213e-05,0.00213576,0,0,0
27.0912,1,5.37517,0.624937,5.12486,-1.67757e-05,4.4107e-06,1.20503e-05,0.000225172,0,0,0
27.0912,2,-1.41409,7.97138,1.31414,6.03e-07,-6.5616e-07,1.93554e-07,2.40568,0,0,0
27.0912,3,0,0,0,0,0,0,0,0,0,0
27.0912,4,0,0,0,0,0,0,0,0,0,0
27.0912,5,0,0,0,0,0,0,0,0,0,0
27.1541,0,3.12664,-5.12628,5.12463,-0.000170138,0.00013528,3.54789e-05,0.00213576,0,0,0
27.1541,1,5.37517,0.624937,5.12486,-1.71669e-05,4.74543e-06,1.20103e-05,0.000223137,0,0,0
27.1541,2,-1.41409,7.97138,1.31414,6.2219e-07,-6.74967e-07,1.97353e-07,2.40568,0,0,0
27.1541,3,0,0,0,0,0,0,0,0,0,0
27.1541,4,0,0,0,0,0,0,0,0,0,0
27.1541,5,0,0,0,0,0,0,0,0,0,0
27.207,0,3.12663,-5.12627,5.12463,-0.000182692,0.000144731,3.49989e-05,0.00209848,0,0,0
27.207,1,5.37516,0.624938,5.12486,-1.71497e-05,4.62602e-06,1.19333e-05,0.000223137,0,0,0
27.207,2,-1.41409,7.97138,1.31414,6.1811e-07,-6.70997e-07,1.81607e-07,2.40568,0,0,0
27.207,3,0,0,0,0,0,0,0,0,0,0
27.207,4,0,0,0,0,0,0,0,0,0,0
27.207,5,0,0,0,0,0,0,0,0,0,0
27.2586,0,3.12662,-5.12627,5.12463,-0.000173024,0.000136621,3.44812e-05,0.00209848,0,0,0
27.2586,1,5.37516,0.624938,5.12487,-1.70701e-05,4.57885e-06,1.18204e-05,0.000221007,0,0,0
27.2586,2,-1.41409,7.97138,1.31414,5.56009e-07,-6.04238e-07,1.63575e-07,2.40568,0,0,0
27.2586,3,0,0,0,0,0,0,0,0,0,0
27.2586,4,0,0,0,0,0,0,0,0,0,0
27.2586,5,0,0,0,0,0,0,0,0,0,0
27.3188,0,3.12661,-5.12626,5.12463,-0.000169661,0.000134055,3.40088e-05,0.00207972,0,0,0
27.3188,1,5.37516,0.624938,5.12487,-1.71118e-05,4.64027e-06,1.16974e-05,0.000221007,0,0,0
27.3188,2,-1.41409,7.97138,1.31414,5.30013e-07,-5.75547e-07,1.43299e-07,2.40568,0,0,0
27.3188,3,0,0,0,0,0,0,0,0,0,0
27.3188,4,0,0,0,0,0,0,0,0,0,0
27.3188,5,0,0,0,0,0,0,0,0,0,0
27.377,0,3.1266,-5.12625,5.12463,-0.000171968,0.00013689,3.38032e-05,0.00207972,0,0,0
27.377,1,5.37516,0.624938,5.12487,-1.77212e-05,5.25152e-06,1.15936e-05,0.000218774,0,0,0
27.377,2,-1.41409,7.97138,1.31414,5.51722e-07,-5.97668e-07,1.28753e-07,2.40568,0,0,0
27.377,3,0,0,0,0,0,0,0,0,0,0
27.377,4,0,0,0,0,0,0,0,0,0,0
27.377,5,0,0,0,0,0,0,0,0,0,0
27.4362,0,3.1266,-5.12626,5.12463,-0.000167635,0.000133397,3.38517e-05,0.00206855,0,0,0
27.4362,1,5.37516,0.624938,5.12487,-1.68443e-05,4.28099e-06,1.14874e-05,0.000218774,0,0,0
27.4362,2,-1.41409,7.97138,1.31414,5.44681e-07,-5.93443e-07,1.19341e-07,2.40568,0,0,0
27.4362,3,0,0,0,0,0,0,0,0,0,0
27.4362,4,0,0,0,0,0,0,0,0,0,0
27.4362,5,0,0,0,0,0,0,0,0,0,0
27.4964,0,3.12659,-5.12625,5.12463,-0.000167791,0.000133117,3.3752e-05,0.00206855,0,0,0
27.4964,1,5.37516,0.624939,5.12487,-1.68075e-05,4.26446e-06,1.13934e-05,0.000216943,0,0,0
27.4964,2,-1.41409,7.97138,1.31414,5.13068e-07,-5.57608e-07,1.19806e-07,2.40568,0,0,0
27.4964,3,0,0,0,0,0,0,0,0,0,0
27.4964,4,0,0,0,0,0,0,0,0,0,0
27.4964,5,0,0,0,0,0,0,0,0,0,0
27.5566,0,3.12658,-5.12624,5.12464,-0.000157826,0.000124497,3.4293e-05,0.00203833,0,0,0
27.5566,1,5.37516,0.624939,5.12487,-1.67515e-05,4.26321e-06,1.12211e-05,0.000216943,0,0,0
27.5566,2,-1.41409,7.97138,1.31414,6.10894e-07,-6.58402e-07,1.20652e-07,2.40568,0,0,0
27.5566,3,0,0,0,0,0,0,0,0,0,0
27.5566,4,0,0,0,0,0,0,0,0,0,0
27.5566,5,0,0,0,0,0,0,0,0,0,0
27.6165,0,3.12657,-5.12623,5.12464,-0.000154612,0.000123112,3.4784e-05,0.00203833,0,0,0
27.6165,1,5.37516,0.624939,5.12487,-1.68162e-05,4.31662e-06,1.1131e-05,0.000213981,0,0,0
27.6165,2,-1.41409,7.97138,1.31414,6.1982e-07,-6.69648e-07,1.26652e-07,2.40568,0,0,0
27.6165,3,0,0,0,0,0,0,0,0,0,0
27.6165,4,0,0,0,0,0,0,0,0,0,0
27.6165,5,0,0,0,0,0,0,0,0,0,0
27.6717,0,3.12656,-5.12622,5.12464,-0.000165874,0.000134441,3.43395e-05,0.002014,0,0,0
27.6717,1,5.37516,0.624939,5.12487,-1.6571e-05,4.33391e-06,1.09855e-05,0.000213981,0,0,0
27.6717,2,-1.41409,7.97138,1.31414,5.77993e-07,-6.26446e-07,1.28786e-07,2.40568,0,0,0
27.6717,3,0,0,0,0,0,0,0,0,0,0
27.6717,4,0,0,0,0,0,0,0,0,0,0
27.6717,5,0,0,0,0,0,0,0,0,0,0
27.7246,0,3.12656,-5.12622,5.12464,-0.000152808,0.000120132,3.45156e-05,0.002014,0,0,0
27.7246,1,5.37516,0.62494,5.12487,-1.61506e-05,4.11055e-06,1.08424e-05,0.000212526,0,0,0
27.7246,2,-1.41409,7.97138,1.31414,5.73584e-07,-6.23505e-07,1.32429e-07,2.40568,0,0,0
27.7246,3,0,0,0,0,0,0,0,0,0,0
27.7246,4,0,0,0,0,0,0,0,0,0,0
27.7246,5,0,0,0,0,0,0,0,0,0,0
27.7829,0,3.12655,-5.12621,5.12464,-0.000157084,0.000124175,3.46922e-05,0.00200845,0,0,0
27.7829,1,5.37516,0.62494,5.12487,-1.59765e-05,4.23143e-06,1.0849e-05,0.000212526,0,0,0
27.7829,2,-1.41409,7.97138,1.31414,6.0922e-07,-6.59696e-07,1.37928e-07,2.40568,0,0,0
27.7829,3,0,0,0,0,0,0,0,0,0,0
27.7829,4,0,0,0,0,0,0,0,0,0,0
27.7829,5,0,0,0,0,0,0,0,0,0,0
27.8432,0,3.12654,-5.1262,5.12465,-0.000156206,0.000123889,3.46857e-05,0.00200845,0,0,0
27.8432,1,5.37516,0.62494,5.12487,-1.48349e-05,3.77486e-06,1.09081e-05,0.000211312,0,0,0
27.8432,2,-1.41409,7.97138,1.31414,5.96006e-07,-6.4666e-07,1.4848e-07,2.40568,0,0,0
27.8432,3,0,0,0,0,0,0,0,0,0,0
27.8432,4,0,0,0,0,0,0,0,0,0,0
27.8432,5,0,0,0,0,0,0,0,0,0,0
27.8936,0,3.12653,-5.1262,5.12465,-0.000150047,0.000118167,3.4564e-05,0.00198662,0,0,0
27.8936,1,5.37516,0.62494,5.12487,-1.50298e-05,3.69886e-06,1.08303e-05,0.000211312,0,0,0
27.8936,2,-1.41409,7.97138,1.31414,5.8484e-07,-6.35168e-07,1.56863e-07,2.40568,0,0,0
27.8936,3,0,0,0,0,0,0,0,0,0,0
27.8936,4,0,0,0,0,0,0,0,0,0,0
27.8936,5,0,0,0,0,0,0,0,0,0,0
27.9473,0,3.12653,-5.12619,5.12465,-0.000149624,0.000119171,3.44605e-05,0.00198662,0,0,0
27.9473,1,5.37515,0.62494,5.12487,-1.64366e-05,4.40174e-06,1.07116e-05,0.000208837,0,0,0
27.9473,2,-1.41409,7.97138,1.31414,5.53282e-07,-6.01729e-07,1.65796e-07,2.40568,0,0,0
27.9473,3,0,0,0,0,0,0,0,0,0,0
27.9473,4,0,0,0,0,0,0,0,0,0,0
27.9473,5,0,0,0,0,0,0,0,0,0,0
28.0074,0,3.12652,-5.12619,5.12465,-0.0001496,0.000118225,3.43146e-05,0.00196857,0,0,0
28.0074,1,5.37515,0.624941,5.12487,-1.70279e-05,4.6801e-06,1.05491e-05,0.000208837,0,0,0
28.0074,2,-1.41409,7.97138,1.31414,5.93967e-07,-6.36127e-07,1.74024e-07,2.40568,0,0,0
28.0074,3,0,0,0,0,0,0,0,0,0,0
28.0074,4,0,0,0,0,0,0,0,0,0,0
28.0074,5,0,0,0,0,0,0,0,0,0,0
28.0662,0,3.12652,-5.12619,5.12465,-0.000155579,0.000124241,3.4086e-05,0.00196857,0,0,0
28.0662,1,5.37515,0.624941,5.12487,-1.67892e-05,4.62637e-06,1.03768e-05,0.000206731,0,0,0
28.0662,2,-1.41409,7.97138,1.31414,5.89828e-07,-6.35145e-07,1.82777e-07,2.40568,0,0,0
28.0662,3,0,0,0,0,0,0,0,0,0,0
28.0662,4,0,0,0,0,0,0,0,0,0,0
28.0662,5,0,0,0,0,0,0,0,0,0,0
28.1267,0,3.1265,-5.12617,5.12465,-0.000150803,0.000117875,3.38132e-05,0.00195633,0,0,0
28.1267,1,5.37515,0.624941,5.12487,-1.61952e-05,4.18165e-06,1.01911e-05,0.000206731,0,0,0
28.1267,2,-1.41409,7.97138,1.31414,5.53409e-07,-6.00492e-07,1.79631e-07,2.40568,0,0,0
28.1267,3,0,0,0,0,0,0,0,0,0,0
28.1267,4,0,0,0,0,0,0,0,0,0,0
28.1267,5,0,0,0,0,0,0,0,0,0,0
28.187,0,3.12649,-5.12617,5.12466,-0.000153768,0.000121949,3.36093e-05,0.0019243,0,0,0
28.187,1,5.37515,0.624941,5.12487,-1.67138e-05,4.57603e-06,1.00656e-05,0.0002042,0,0,0
28.187,2,-1.41409,7.97138,1.31414,5.70323e-07,-6.18623e-07,1.56692e-07,2.40568,0,0,0
28.187,3,0,0,0,0,0,0,0,0,0,0
28.187,4,0,0,0,0,0,0,0,0,0,0
28.187,5,0,0,0,0,0,0,0,0,0,0
28.2449,0,3.12649,-5.12617,5.12466,-0.000160859,0.000128123,3.34457e-05,0.0019243,0,0,0
28.2449,1,5.37515,0.624942,5.12488,-1.66325e-05,4.52562e-06,9.93083e-06,0.0002042,0,0,0
28.2449,2,-1.41409,7.97138,1.31414,5.66723e-07,-6.1628e-07,1.5255e-07,2.40568,0,0,0
28.2449,3,0,0,0,0,0,0,0,0,0,0
28.2449,4,0,0,0,0,0,0,0,0,0,0
28.2449,5,0,0,0,0,0,0,0,0,0,0
28.3039,0,3.12648,-5.12616,5.12466,-0.000153482,0.000122323,3.27719e-05,0.00191216,0,0,0
28.3039,1,5.37515,0.624942,5.12488,-1.59994e-05,4.41445e-06,9.96228e-06,0.000202362,0,0,0
28.3039,2,-1.41409,7.97138,1.31414,5.33688e-07,-5.81763e-07,1.46644e-07,2.40568,0,0,0
28.3039,3,0,0,0,0,0,0,0,0,0,0
28.3039,4,0,0,0,0,0,0,0,0,0,0
28.3039,5,0,0,0,0,0,0,0,0,0,0
28.3591,0,3.12647,-5.12615,5.12466,-0.000153202,0.000122216,3.27401e-05,0.00191216,0,0,0
28.3591,1,5.37515,0.624942,5.12488,-1.5751e-05,4.35202e-06,9.87956e-06,0.000202362,0,0,0
28.3591,2,-1.41409,7.97138,1.31414,4.56996e-07,-5.00244e-07,1.45377e-07,2.40568,0,0,0
28.3591,3,0,0,0,0,0,0,0,0,0,0
28.3591,4,0,0,0,0,0,0,0,0,0,0
28.3591,5,0,0,0,0,0,0,0,0,0,0
28.4136,0,3.12647,-5.12615,5.12466,-0.000158094,0.000126912,3.24758e-05,0.00189033,0,0,0
28.4136,1,5.37515,0.624942,5.12488,-1.58259e-05,4.27729e-06,9.80821e-06,0.000201051,0,0,0
28.4136,2,-1.41409,7.97138,1.31414,4.47096e-07,-4.95318e-07,1.43712e-07,2.40568,0,0,0
28.4136,3,0,0,0,0,0,0,0,0,0,0
28.4136,4,0,0,0,0,0,0,0,0,0,0
28.4136,5,0,0,0,0,0,0,0,0,0,0
28.4924,0,3.12646,-5.12614,5.12466,-0.000156862,0.000125801,3.21845e-05,0.00189033,0,0,0
28.4924,1,5.37515,0.624942,5.12488,-1.56391e-05,4.1501e-06,9.86913e-06,0.000201051,0,0,0
28.4924,2,-1.41408,7.97138,1.31414,5.76449e-07,-6.28899e-07,1.50333e-07,2.40568,0,0,0
28.4924,3,0,0,0,0,0,0,0,0,0,0
28.4924,4,0,0,0,0,0,0,0,0,0,0
28.4924,5,0,0,0,0,0,0,0,0,0,0
28.554,0,3.12645,-5.12613,5.12467,-0.000158012,0.000127196,3.18645e-05,0.00186877,0,0,0
28.554,1,5.37515,0.624942,5.12488,-1.58328e-05,4.35707e-06,9.80936e-06,0.000199087,0,0,0
28.554,2,-1.41408,7.97138,1.31414,5.59879e-07,-6.13566e-07,1.9902e-07,2.40568,0,0,0
28.554,3,0,0,0,0,0,0,0,0,0,0
28.554,4,0,0,0,0,0,0,0,0,0,0
28.554,5,0,0,0,0,0,0,0,0,0,0
28.622,0,3.12644,-5.12613,5.12467,-0.00015462,0.000123121,3.16957e-05,0.00186877,0,0,0
28.622,1,5.37515,0.624943,5.12488,-1.56447e-05,4.17866e-06,9.83698e-06,0.000199087,0,0,0
28.622,2,-1.41408,7.97138,1.31414,5.55335e-07,-6.08449e-07,2.31555e-07,2.40568,0,0,0
28.622,3,0,0,0,0,0,0,0,0,0,0
28.622,4,0,0,0,0,0,0,0,0,0,0
28.622,5,0,0,0,0,0,0,0,0,0,0
28.6788,0,3.12644,-5.12612,5.12467,-0.000137129,0.000109689,3.1397e-05,0.00185501,0,0,0
28.6788,1,5.37514,0.624943,5.12488,-1.58037e-05,4.45185e-06,9.85379e-06,0.000197151,0,0,0
28.6788,2,-1.41408,7.97138,1.31414,5.47027e-07,-5.99286e-07,2.40096e-07,2.40568,0,0,0
28.6788,3,0,0,0,0,0,0,0,0,0,0
28.6788,4,0,0,0,0,0,0,0,0,0,0
28.6788,5,0,0,0,0,0,0,0,0,0,0
28.7316,0,3.12643,-5.12612,5.12467,-0.00013849,0.00011049,3.07634e-05,0.00185501,0,0,0
28.7316,1,5.37514,0.624943,5.12488,-1.53679e-05,4.08348e-06,9.83195e-06,0.000197151,0,0,0
28.7316,2,-1.41408,7.97138,1.31414,5.43394e-07,-5.97376e-07,2.58913e-07,2.40568,0,0,0
28.7316,3,0,0,0,0,0,0,0,0,0,0
28.7316,4,0,0,0,0,0,0,0,0,0,0
28.7316,5,0,0,0,0,0,0,0,0,0,0
28.7868,0,3.12642,-5.12611,5.12467,-0.000150336,0.000121631,3.01127e-05,0.00183005,0,0,0
28.7868,1,5.37514,0.624943,5.12488,-1.57535e-05,4.49301e-06,9.75088e-06,0.000194621,0,0,0
28.7868,2,-1.41408,7.97138,1.31414,5.43896e-07,-5.9757e-07,2.63018e-07,8.2018,0,0,0
28.7868,3,0,0,0,0,0,0,0,0,0,0
28.7868,4,0,0,0,0,0,0,0,0,0,0
28.7868,5,0,0,0,0,0,0,0,0,0,0
28.837,0,3.12641,-5.1261,5.12468,-0.000152482,0.000123641,2.91923e-05,0.00183005,0,0,0
28.837,1,5.37514,0.624943,5.12488,-1.53253e-05,4.07664e-06,9.76701e-06,0.000194621,0,0,0
28.837,2,-1.41408,7.97138,1.31414,5.23022e-07,-5.75292e-07,2.4272e-07,8.2018,0,0,0
28.837,3,0,0,0,0,0,0,0,0,0,0
28.837,4,0,0,0,0,0,0,0,0,0,0
28.837,5,0,0,0,0,0,0,0,0,0,0
28.8923,0,3.1264,-5.1261,5.12468,-0.000148905,0.000120766,2.8642e-05,0.00180964,0,0,0
28.8923,1,5.37514,0.624944,5.12488,-1.57953e-05,4.41103e-06,9.61991e-06,0.000193347,0,0,0
28.8923,2,-1.41408,7.97138,1.31414,5.04934e-07,-5.55501e-07,2.22827e-07,8.2018,0,0,0
28.8923,3,0,0,0,0,0,0,0,0,0,0
28.8923,4,0,0,0,0,0,0,0,0,0,0
28.8923,5,0,0,0,0,0,0,0,0,0,0
28.9502,0,3.1264,-5.12609,5.12468,-0.000142468,0.000114413,2.8092e-05,0.00180964,0,0,0
28.9502,1,5.37514,0.624944,5.12488,-1.57656e-05,4.36435e-06,9.77836e-06,0.000193347,0,0,0
28.9502,2,-1.41408,7.97138,1.31414,4.93538e-07,-5.4314e-07,2.03824e-07,8.2018,0,0,0
28.9502,3,0,0,0,0,0,0,0,0,0,0
28.9502,4,0,0,0,0,0,0,0,0,0,0
28.9502,5,0,0,0,0,0,0,0,0,0,0
29.0006,0,3.12638,-5.12608,5.12468,-0.000150651,0.000122758,2.75786e-05,0.00177911,0,0,0
29.0006,1,5.37514,0.624944,5.12488,-1.53473e-05,4.18711e-06,9.62341e-06,0.000192717,0,0,0
29.0006,2,-1.41408,7.97138,1.31414,5.06901e-07,-5.55673e-07,1.95678e-07,8.2018,0,0,0
29.0006,3,0,0,0,0,0,0,0,0,0,0
29.0006,4,0,0,0,0,0,0,0,0,0,0
29.0006,5,0,0,0,0,0,0,0,0,0,0
29.0534,0,3.12638,-5.12608,5.12468,-0.000128326,0.00010327,2.73519e-05,0.00177911,0,0,0
29.0534,1,5.37514,0.624945,5.12488,-1.56639e-05,4.65186e-06,9.69213e-06,0.000192717,0,0,0
29.0534,2,-1.41408,7.97138,1.31414,4.77851e-07,-5.25228e-07,1.86695e-07,8.2018,0,0,0
29.0534,3,0,0,0,0,0,0,0,0,0,0
29.0534,4,0,0,0,0,0,0,0,0,0,0
29.0534,5,0,0,0,0,0,0,0,0,0,0
29.109,0,3.12637,-5.12607,5.12468,-0.000141433,0.000115841,2.69753e-05,0.00177733,0,0,0
29.109,1,5.37514,0.624945,5.12488,-1.55872e-05,4.68665e-06,9.78105e-06,0.000190159,0,0,0
29.109,2,-1.41408,7.97138,1.31414,4.8147e-07,-5.27169e-07,1.84211e-07,8.2018,0,0,0
29.109,3,0,0,0,0,0,0,0,0,0,0
29.109,4,0,0,0,0,0,0,0,0,0,0
29.109,5,0,0,0,0,0,0,0,0,0,0
29.1636,0,3.12636,-5.12606,5.12468,-0.000139352,0.000113507,2.72509e-05,0.00177733,0,0,0
29.1636,1,5.37514,0.624945,5.12488,-1.57192e-05,4.55485e-06,9.74289e-06,0.000190159,0,0,0
29.1636,2,-1.41408,7.97138,1.31414,4.69912e-07,-5.14485e-07,1.78287e-07,8.2018,0,0,0
29.1636,3,0,0,0,0,0,0,0,0,0,0
29.1636,4,0,0,0,0,0,0,0,0,0,0
29.1636,5,0,0,0,0,0,0,0,0,0,0
29.2138,0,3.12635,-5.12606,5.12469,-0.000137017,0.000111352,2.73288e-05,0.00175478,0,0,0
29.2138,1,5.37514,0.624945,5.12488,-1.49633e-05,3.95735e-06,9.58078e-06,0.000187766,0,0,0
29.2138,2,-1.41408,7.97138,1.31414,4.77682e-07,-5.21397e-07,1.79501e-07,8.2018,0,0,0
29.2138,3,0,0,0,0,0,0,0,0,0,0
29.2138,4,0,0,0,0,0,0,0,0,0,0
29.2138,5,0,0,0,0,0,0,0,0,0,0
29.2696,0,3.12635,-5.12605,5.12469,-0.000133433,0.000108208,2.73823e-05,0.00175478,0,0,0
29.2696,1,5.37514,0.624945,5.12488,-1.57346e-05,4.53013e-06,9.44414e-06,0.000187766,0,0,0
29.2696,2,-1.41408,7.97138,1.31414,4.71498e-07,-5.14134e-07,1.7977e-07,8.2018,0,0,0
29.2696,3,0,0,0,0,0,0,0,0,0,0
29.2696,4,0,0,0,0,0,0,0,0,0,0
29.2696,5,0,0,0,0,0,0,0,0,0,0
29.3233,0,3.12634,-5.12605,5.12469,-0.000126795,0.000102533,2.74617e-05,0.00173794,0,0,0
29.3233,1,5.37513,0.624945,5.12488,-1.56291e-05,4.50412e-06,9.38105e-06,0.000186041,0,0,0
29.3233,2,-1.41408,7.97138,1.31414,4.48468e-07,-4.89772e-07,1.80505e-07,8.2018,0,0,0
29.3233,3,0,0,0,0,0,0,0,0,0,0
29.3233,4,0,0,0,0,0,0,0,0,0,0
29.3233,5,0,0,0,0,0,0,0,0,0,0
29.3797,0,3.12634,-5.12604,5.12469,-0.000127546,0.00010357,2.7437e-05,0.00173794,0,0,0
29.3797,1,5.37513,0.624946,5.12489,-1.54888e-05,4.36329e-06,9.47119e-06,0.000186041,0,0,0
29.3797,2,-1.41408,7.97138,1.31414,4.61035e-07,-5.00709e-07,1.80726e-07,8.2018,0,0,0
29.3797,3,0,0,0,0,0,0,0,0,0,0
29.3797,4,0,0,0,0,0,0,0,0,0,0
29.3797,5,0,0,0,0,0,0,0,0,0,0
29.4428,0,3.12633,-5.12604,5.12469,-0.000130683,0.000106442,2.75076e-05,0.00172163,0,0,0
29.4428,1,5.37513,0.624946,5.12489,-1.55133e-05,4.46446e-06,9.57372e-06,0.000183792,0,0,0
29.4428,2,-1.41408,7.97138,1.31414,4.19935e-07,-4.58374e-07,1.83325e-07,8.2018,0,0,0
29.4428,3,0,0,0,0,0,0,0,0,0,0
29.4428,4,0,0,0,0,0,0,0,0,0,0
29.4428,5,0,0,0,0,0,0,0,0,0,0
29.5007,0,3.12632,-5.12603,5.12469,-0.000118997,9.5917e-05,2.75073e-05,0.00172163,0,0,0
29.5007,1,5.37513,0.624946,5.12489,-1.50152e-05,4.16802e-06,9.47092e-06,0.000183792,0,0,0
29.5007,2,-1.41408,7.97138,1.31414,4.63193e-07,-5.02323e-07,1.50609e-07,8.2018,0,0,0
29.5007,3,0,0,0,0,0,0,0,0,0,0
29.5007,4,0,0,0,0,0,0,0,0,0,0
29.5007,5,0,0,0,0,0,0,0,0,0,0
29.5535,0,3.12632,-5.12603,5.12469,-0.000118997,9.5917e-05,2.75073e-05,0.00170692,0,0,0
29.5535,1,5.37513,0.624946,5.12489,-1.53965e-05,4.38193e-06,9.4191e-06,0.000182248,0,0,0
29.5535,2,-1.41408,7.97138,1.31414,4.60231e-07,-4.98556e-07,1.41668e-07,8.2018,0,0,0
29.5535,3,0,0,0,0,0,0,0,0,0,0
29.5535,4,0,0,0,0,0,0,0,0,0,0
29.5535,5,0,0,0,0,0,0,0,0,0,0
29.607,0,3.12632,-5.12603,5.12469,-0.000122341,9.94392e-05,2.75068e-05,0.00170692,0,0,0
29.607,1,5.37513,0.624946,5.12489,-1.5178e-05,4.37417e-06,9.29899e-06,0.000182248,0,0,0
29.607,2,-1.41408,7.97138,1.31414,4.39445e-07,-4.77079e-07,1.23624e-07,8.2018,0,0,0
29.607,3,0,0,0,0,0,0,0,0,0,0
29.607,4,0,0,0,0,0,0,0,0,0,0
29.607,5,0,0,0,0,0,0,0,0,0,0
29.6657,0,3.12631,-5.12602,5.1247,-0.000117602,9.53904e-05,2.75758e-05,0.00169037,0,0,0
29.6657,1,5.37513,0.624947,5.12489,-1.52328e-05,4.3035e-06,9.41965e-06,0.00018102,0,0,0
29.6657,2,-1.41408,7.97138,1.31414,4.53758e-07,-4.90966e-07,1.17097e-07,8.2018,0,0,0
29.6657,3,0,0,0,0,0,0,0,0,0,0
29.6657,4,0,0,0,0,0,0,0,0,0,0
29.6657,5,0,0,0,0,0,0,0,0,0,0
29.7208,0,3.1263,-5.12601,5.1247,-0.000121641,9.87753e-05,2.75984e-05,0.00169037,0,0,0
29.7208,1,5.37513,0.624947,5.12489,-1.52421e-05,4.27345e-06,9.26526e-06,0.00018102,0,0,0
29.7208,2,-1.41408,7.97138,1.31414,4.51219e-07,-4.88141e-07,1.09934e-07,8.2018,0,0,0
29.7208,3,0,0,0,0,0,0,0,0,0,0
29.7208,4,0,0,0,0,0,0,0,0,0,0
29.7208,5,0,0,0,0,0,0,0,0,0,0
29.7761,0,3.1263,-5.12601,5.1247,-0.000121641,9.87753e-05,2.75984e-05,0.00167204,0,0,0
29.7761,1,5.37513,0.624947,5.12489,-1.55315e-05,4.48883e-06,9.26363e-06,0.000179383,0,0,0
29.7761,2,-1.41408,7.97138,1.31414,4.44759e-07,-4.81665e-07,1.06384e-07,8.2018,0,0,0
29.7761,3,0,0,0,0,0,0,0,0,0,0
29.7761,4,0,0,0,0,0,0,0,0,0,0
29.7761,5,0,0,0,0,0,0,0,0,0,0
29.8304,0,3.12629,-5.126,5.1247,-0.000127093,0.000103456,2.78641e-05,0.00167204,0,0,0
29.8304,1,5.37513,0.624947,5.12489,-1.58108e-05,4.61502e-06,9.17324e-06,0.000179383,0,0,0
29.8304,2,-1.41408,7.97138,1.31414,4.3052e-07,-4.72233e-07,1.03639e-07,8.2018,0,0,0
29.8304,3,0,0,0,0,0,0,0,0,0,0
29.8304,4,0,0,0,0,0,0,0,0,0,0
29.8304,5,0,0,0,0,0,0,0,0,0,0
29.8833,0,3.12628,-5.126,5.1247,-0.000127202,0.00010354,2.78568e-05,0.00165327,0,0,0
29.8833,1,5.37513,0.624948,5.12489,-1.5257e-05,3.97418e-06,9.0492e-06,0.000177295,0,0,0
29.8833,2,-1.41408,7.97138,1.31414,4.28724e-07,-4.65589e-07,1.03908e-07,8.2018,0,0,0
29.8833,3,0,0,0,0,0,0,0,0,0,0
29.8833,4,0,0,0,0,0,0,0,0,0,0
29.8833,5,0,0,0,0,0,0,0,0,0,0
29.9362,0,3.12628,-5.12599,5.1247,-0.000131075,0.000106819,2.77638e-05,0.00165327,0,0,0
29.9362,1,5.37513,0.624948,5.12489,-1.52162e-05,3.94227e-06,8.94147e-06,0.000177295,0,0,0
29.9362,2,-1.41408,7.97138,1.31414,4.28295e-07,-4.60907e-07,1.06603e-07,8.2018,0,0,0
29.9362,3,0,0,0,0,0,0,0,0,0,0
29.9362,4,0,0,0,0,0,0,0,0,0,0
29.9362,5,0,0,0,0,0,0,0,0,0,0
29.9864,0,3.12627,-5.12599,5.1247,-0.000126205,0.000102363,2.77242e-05,0.00163604,0,0,0
29.9864,1,5.37513,0.624948,5.12489,-1.50705e-05,3.98735e-06,8.88585e-06,0.000175502,0,0,0
29.9864,2,-1.41408,7.97138,1.31414,4.24066e-07,-4.57249e-07,1.08448e-07,8.2018,0,0,0
29.9864,3,0,0,0,0,0,0,0,0,0,0
29.9864,4,0,0,0,0,0,0,0,0,0,0
29.9864,5,0,0,0,0,0,0,0,0,0,0
30.0382,0,3.12626,-5.12598,5.12471,-0.000125809,0.000101494,2.7669e-05,0.00163604,0,0,0
30.0382,1,5.37512,0.624948,5.12489,-1.51665e-05,4.10287e-06,8.84344e-06,0.000175502,0,0,0
30.0382,2,-1.41408,7.97138,1.31414,4.4442e-07,-4.77738e-07,1.13903e-07,8.2018,0,0,0
30.0382,3,0,0,0,0,0,0,0,0,0,0
30.0382,4,0,0,0,0,0,0,0,0,0,0
30.0382,5,0,0,0,0,0,0,0,0,0,0
30.0944,0,3.12625,-5.12598,5.12471,-0.000129135,0.000104112,2.76724e-05,0.00161641,0,0,0
30.0944,1,5.37512,0.624948,5.12489,-1.44759e-05,3.76258e-06,8.82263e-06,0.000173645,0,0,0
30.0944,2,-1.41408,7.97138,1.31414,4.25063e-07,-4.58023e-07,1.16269e-07,8.2018,0,0,0
30.0944,3,0,0,0,0,0,0,0,0,0,0
30.0944,4,0,0,0,0,0,0,0,0,0,0
30.0944,5,0,0,0,0,0,0,0,0,0,0
30.1445,0,3.12625,-5.12597,5.12471,-0.000129282,0.000104751,2.77706e-05,0.00161641,0,0,0
30.1445,1,5.37512,0.624949,5.12489,-1.44423e-05,3.93809e-06,8.80599e-06,0.000173645,0,0,0
30.1445,2,-1.41408,7.97138,1.31414,4.42523e-07,-4.76445e-07,1.17431e-07,8.2018,0,0,0
30.1445,3,0,0,0,0,0,0,0,0,0,0
30.1445,4,0,0,0,0,0,0,0,0,0,0
30.1445,5,0,0,0,0,0,0,0,0,0,0
30.1997,0,3.12624,-5.12597,5.12471,-0.000115148,9.23096e-05,2.78376e-05,0.00160316,0,0,0
30.1997,1,5.37512,0.624949,5.12489,-1.48201e-05,4.19613e-06,8.81399e-06,0.000171947,0,0,0
30.1997,2,-1.41408,7.97138,1.31414,4.40198e-07,-4.74928e-07,1.23506e-07,8.2018,0,0,0
30.1997,3,0,0,0,0,0,0,0,0,0,0
30.1997,4,0,0,0,0,0,0,0,0,0,0
30.1997,5,0,0,0,0,0,0,0,0,0,0
30.2504,0,3.12623,-5.12596,5.12471,-0.000129984,0.000106628,2.78472e-05,0.00160316,0,0,0
30.2504,1,5.37512,0.624949,5.12489,-1.43164e-05,3.87228e-06,8.7522e-06,0.000171947,0,0,0
30.2504,2,-1.41408,7.97138,1.31414,4.36663e-07,-4.72558e-07,1.36721e-07,8.2018,0,0,0
30.2504,3,0,0,0,0,0,0,0,0,0,0
30.2504,4,0,0,0,0,0,0,0,0,0,0
30.2504,5,0,0,0,0,0,0,0,0,0,0
30.3012,0,3.12623,-5.12596,5.12471,-0.000125552,0.000102137,2.79776e-05,0.00158247,0,0,0
30.3012,1,5.37512,0.624949,5.12489,-1.42672e-05,3.90386e-06,8.66153e-06,0.00017021,0,0,0
30.3012,2,-1.41408,7.97138,1.31414,4.32004e-07,-4.67627e-07,1.48268e-07,8.2018,0,0,0
30.3012,3,0,0,0,0,0,0,0,0,0,0
30.3012,4,0,0,0,0,0,0,0,0,0,0
30.3012,5,0,0,0,0,0,0,0,0,0,0
30.3547,0,3.12622,-5.12595,5.12471,-0.000126385,0.000102781,2.78381e-05,0.00158247,0,0,0
30.3547,1,5.37512,0.624949,5.12489,-1.35546e-05,3.58238e-06,8.63671e-06,0.00017021,0,0,0
30.3547,2,-1.41408,7.97138,1.31414,4.29636e-07,-4.65707e-07,1.5812e-07,8.2018,0,0,0
30.3547,3,0,0,0,0,0,0,0,0,0,0
30.3547,4,0,0,0,0,0,0,0,0,0,0
30.3547,5,0,0,0,0,0,0,0,0,0,0
30.4065,0,3.12622,-5.12594,5.12472,-0.00012627,0.000102049,2.78019e-05,0.00156566,0,0,0
30.4065,1,5.37512,0.62495,5.12489,-1.39329e-05,4.00119e-06,8.61335e-06,0.000168599,0,0,0
30.4065,2,-1.41408,7.97138,1.31414,4.26836e-07,-4.63366e-07,1.6143e-07,8.2018,0,0,0
30.4065,3,0,0,0,0,0,0,0,0,0,0
30.4065,4,0,0,0,0,0,0,0,0,0,0
30.4065,5,0,0,0,0,0,0,0,0,0,0
30.4604,0,3.12621,-5.12594,5.12472,-0.000126541,0.000102765,2.78003e-05,0.00156566,0,0,0
30.4604,1,5.37512,0.62495,5.12489,-1.41632e-05,4.09288e-06,8.58034e-06,0.000168599,0,0,0
30.4604,2,-1.41408,7.97138,1.31414,4.27317e-07,-4.6456e-07,1.37277e-07,8.2018,0,0,0
30.4604,3,0,0,0,0,0,0,0,0,0,0
30.4604,4,0,0,0,0,0,0,0,0,0,0
30.4604,5,0,0,0,0,0,0,0,0,0,0
30.5156,0,3.1262,-5.12593,5.12472,-0.000132042,0.000107436,2.79383e-05,0.00154617,0,0,0
30.5156,1,5.37512,0.62495,5.12489,-1.30984e-05,3.5852e-06,8.65269e-06,0.000166932,0,0,0
30.5156,2,-1.41408,7.97138,1.31414,4.24166e-07,-4.61535e-07,1.21949e-07,8.2018,0,0,0
30.5156,3,0,0,0,0,0,0,0,0,0,0
30.5156,4,0,0,0,0,0,0,0,0,0,0
30.5156,5,0,0,0,0,0,0,0,0,0,0
30.5683,0,3.12619,-5.12593,5.12472,-0.000136642,0.000111468,2.78782e-05,0.00154617,0,0,0
30.5683,1,5.37512,0.62495,5.1249,-1.4437e-05,4.2865e-06,8.67793e-06,0.000166932,0,0,0
30.5683,2,-1.41408,7.97138,1.31414,3.78773e-07,-4.16579e-07,1.12148e-07,8.2018,0,0,0
30.5683,3,0,0,0,0,0,0,0,0,0,0
30.5683,4,0,0,0,0,0,0,0,0,0,0
30.5683,5,0,0,0,0,0,0,0,0,0,0
30.6243,0,3.12619,-5.12592,5.12472,-0.000131259,0.000106263,2.73246e-05,0.0015289,0,0,0
30.6243,1,5.37512,0.62495,5.1249,-1.36298e-05,3.61501e-06,8.59489e-06,0.000164826,0,0,0
30.6243,2,-1.41408,7.97138,1.31414,4.2019e-07,-4.59154e-07,1.10629e-07,8.2018,0,0,0
30.6243,3,0,0,0,0,0,0,0,0,0,0
30.6243,4,0,0,0,0,0,0,0,0,0,0
30.6243,5,0,0,0,0,0,0,0,0,0,0
30.6845,0,3.12618,-5.12591,5.12472,-0.000137862,0.000112433,2.69148e-05,0.0015289,0,0,0
30.6845,1,5.37512,0.624951,5.1249,-1.41898e-05,4.16014e-06,8.43735e-06,0.000164826,0,0,0
30.6845,2,-1.41408,7.97138,1.31414,4.32423e-07,-4.72814e-07,1.08605e-07,8.2018,0,0,0
30.6845,3,0,0,0,0,0,0,0,0,0,0
30.6845,4,0,0,0,0,0,0,0,0,0,0
30.6845,5,0,0,0,0,0,0,0,0,0,0
30.7427,0,3.12617,-5.12591,5.12472,-0.000134515,0.000108868,2.63913e-05,0.00150854,0,0,0
30.7427,1,5.37512,0.624951,5.1249,-1.35008e-05,3.77195e-06,8.39726e-06,0.000163127,0,0,0
30.7427,2,-1.41408,7.97138,1.31414,4.002e-07,-4.38412e-07,1.08947e-07,8.2018,0,0,0
30.7427,3,0,0,0,0,0,0,0,0,0,0
30.7427,4,0,0,0,0,0,0,0,0,0,0
30.7427,5,0,0,0,0,0,0,0,0,0,0
30.7983,0,3.12617,-5.1259,5.12473,-0.000132233,0.000106677,2.60932e-05,0.00150854,0,0,0
30.7983,1,5.37511,0.624951,5.1249,-1.41767e-05,4.18841e-06,8.27781e-06,0.00016143,0,0,0
30.7983,2,-1.41408,7.97138,1.31414,4.03827e-07,-4.33667e-07,1.11018e-07,8.2018,0,0,0
30.7983,3,0,0,0,0,0,0,0,0,0,0
30.7983,4,0,0,0,0,0,0,0,0,0,0
30.7983,5,0,0,0,0,0,0,0,0,0,0
30.849,0,3.12616,-5.1259,5.12473,-0.000131085,0.000105773,2.595e-05,0.00149186,0,0,0
30.849,1,5.37511,0.624951,5.1249,-1.44703e-05,4.30478e-06,8.27399e-06,0.00016143,0,0,0
30.849,2,-1.41408,7.97138,1.31414,4.01244e-07,-4.30556e-07,1.13102e-07,8.2018,0,0,0
30.849,3,0,0,0,0,0,0,0,0,0,0
30.849,4,0,0,0,0,0,0,0,0,0,0
30.849,5,0,0,0,0,0,0,0,0,0,0
30.9017,0,3.12615,-5.12589,5.12473,-0.000129769,0.000104913,2.59838e-05,0.00149186,0,0,0
30.9017,1,5.37511,0.624951,5.1249,-1.34108e-05,3.70055e-06,8.23647e-06,0.00016143,0,0,0
30.9017,2,-1.41408,7.97138,1.31414,3.90423e-07,-4.19604e-07,1.1776e-07,8.2018,0,0,0
30.9017,3,0,0,0,0,0,0,0,0,0,0
30.9017,4,0,0,0,0,0,0,0,0,0,0
30.9017,5,0,0,0,0,0,0,0,0,0,0
30.9572,0,3.12615,-5.12589,5.12473,-0.000128555,0.000103978,2.59341e-05,0.0014837,0,0,0
30.9572,1,5.37511,0.624951,5.1249,-1.34108e-05,3.70055e-06,8.23647e-06,0.000159867,0,0,0
30.9572,2,-1.41408,7.97138,1.31414,3.89783e-07,-4.20244e-07,1.21283e-07,8.2018,0,0,0
30.9572,3,0,0,0,0,0,0,0,0,0,0
30.9572,4,0,0,0,0,0,0,0,0,0,0
30.9572,5,0,0,0,0,0,0,0,0,0,0
31.0164,0,3.12614,-5.12588,5.12473,-0.000127388,0.000103142,2.5969e-05,0.0014837,0,0,0
31.0164,1,5.37511,0.624952,5.1249,-1.41615e-05,4.21043e-06,8.19365e-06,0.000157985,0,0,0
31.0164,2,-1.41408,7.97138,1.31414,3.95718e-07,-4.27778e-07,1.83349e-07,8.2018,0,0,0
31.0164,3,0,0,0,0,0,0,0,0,0,0
31.0164,4,0,0,0,0,0,0,0,0,0,0
31.0164,5,0,0,0,0,0,0,0,0,0,0
31.0784,0,3.12613,-5.12588,5.12473,-0.000127981,0.000104165,2.59382e-05,0.0014586,0,0,0
31.0784,1,5.37511,0.624952,5.1249,-1.43413e-05,4.1948e-06,8.14174e-06,0.000157985,0,0,0
31.0784,2,-1.41408,7.97138,1.31414,4.00913e-07,-4.34658e-07,2.11832e-07,8.2018,0,0,0
31.0784,3,0,0,0,0,0,0,0,0,0,0
31.0784,4,0,0,0,0,0,0,0,0,0,0
31.0784,5,0,0,0,0,0,0,0,0,0,0
31.1343,0,3.12613,-5.12587,5.12473,-0.000125306,0.000100461,2.5854e-05,0.0014586,0,0,0
31.1343,1,5.37511,0.624952,5.1249,-1.41004e-05,4.07858e-06,8.05871e-06,0.000156193,0,0,0
31.1343,2,-1.41408,7.97138,1.31414,3.98415e-07,-4.32588e-07,2.22626e-07,8.2018,0,0,0
31.1343,3,0,0,0,0,0,0,0,0,0,0
31.1343,4,0,0,0,0,0,0,0,0,0,0
31.1343,5,0,0,0,0,0,0,0,0,0,0
31.1904,0,3.12612,-5.12587,5.12474,-0.000119349,9.50048e-05,2.57502e-05,0.00144482,0,0,0
31.1904,1,5.37511,0.624952,5.1249,-1.35293e-05,3.84815e-06,7.99191e-06,0.000156193,0,0,0
31.1904,2,-1.41408,7.97138,1.31414,3.7543e-07,-4.09931e-07,2.37192e-07,8.2018,0,0,0
31.1904,3,0,0,0,0,0,0,0,0,0,0
31.1904,4,0,0,0,0,0,0,0,0,0,0
31.1904,5,0,0,0,0,0,0,0,0,0,0
31.2496,0,3.12611,-5.12586,5.12474,-0.000124941,0.000100351,2.55955e-05,0.00144482,0,0,0
31.2496,1,5.37511,0.624953,5.1249,-1.2969e-05,3.55635e-06,7.95541e-06,0.000154846,0,0,0
31.2496,2,-1.41408,7.97138,1.31414,3.89271e-07,-4.24622e-07,2.45443e-07,8.2018,0,0,0
31.2496,3,0,0,0,0,0,0,0,0,0,0
31.2496,4,0,0,0,0,0,0,0,0,0,0
31.2496,5,0,0,0,0,0,0,0,0,0,0
31.3058,0,3.12611,-5.12586,5.12474,-0.000119833,9.60865e-05,2.54635e-05,0.00142722,0,0,0
31.3058,1,5.37511,0.624953,5.1249,-1.30909e-05,3.35596e-06,7.96115e-06,0.000154846,0,0,0
31.3058,2,-1.41408,7.97138,1.31414,3.77994e-07,-4.12877e-07,2.47585e-07,8.2018,0,0,0
31.3058,3,0,0,0,0,0,0,0,0,0,0
31.3058,4,0,0,0,0,0,0,0,0,0,0
31.3058,5,0,0,0,0,0,0,0,0,0,0
31.3562,0,3.1261,-5.12585,5.12474,-0.000119812,9.64724e-05,2.53215e-05,0.00142722,0,0,0
31.3562,1,5.37511,0.624953,5.1249,-1.23646e-05,3.43563e-06,7.94143e-06,0.000153447,0,0,0
31.3562,2,-1.41408,7.97138,1.31414,3.75629e-07,-4.11043e-07,2.16028e-07,8.2018,0,0,0
31.3562,3,0,0,0,0,0,0,0,0,0,0
31.3562,4,0,0,0,0,0,0,0,0,0,0
31.3562,5,0,0,0,0,0,0,0,0,0,0
31.4091,0,3.1261,-5.12585,5.12474,-0.000118838,9.56261e-05,2.51824e-05,0.0014112,0,0,0
31.4091,1,5.37511,0.624953,5.1249,-1.28152e-05,3.78146e-06,7.90983e-06,0.000153447,0,0,0
31.4091,2,-1.41408,7.97138,1.31414,3.73906e-07,-4.09864e-07,1.88956e-07,8.2018,0,0,0
31.4091,3,0,0,0,0,0,0,0,0,0,0
31.4091,4,0,0,0,0,0,0,0,0,0,0
31.4091,5,0,0,0,0,0,0,0,0,0,0
31.4618,0,3.12609,-5.12584,5.12474,-0.000127514,0.000103736,2.50013e-05,0.0014112,0,0,0
31.4618,1,5.37511,0.624953,5.1249,-1.32903e-05,3.98156e-06,7.88212e-06,0.000152765,0,0,0
31.4618,2,-1.41408,7.97138,1.31414,3.83951e-07,-4.19753e-07,1.77058e-07,8.2018,0,0,0
31.4618,3,0,0,0,0,0,0,0,0,0,0
31.4618,4,0,0,0,0,0,0,0,0,0,0
31.4618,5,0,0,0,0,0,0,0,0,0,0
31.5181,0,3.12608,-5.12584,5.12474,-0.000121994,9.86405e-05,2.4805e-05,0.00139379,0,0,0
31.5181,1,5.3751,0.624954,5.1249,-1.36867e-05,4.15823e-06,7.95435e-06,0.000152765,0,0,0
31.5181,2,-1.41408,7.97138,1.31414,3.6315e-07,-3.98061e-07,1.64054e-07,8.2018,0,0,0
31.5181,3,0,0,0,0,0,0,0,0,0,0
31.5181,4,0,0,0,0,0,0,0,0,0,0
31.5181,5,0,0,0,0,0,0,0,0,0,0
31.5683,0,3.12608,-5.12583,5.12474,-0.000118053,9.54411e-05,2.47023e-05,0.00139379,0,0,0
31.5683,1,5.3751,0.624954,5.1249,-1.32562e-05,3.79583e-06,7.95314e-06,0.00015097,0,0,0
31.5683,2,-1.41408,7.97138,1.31414,3.78409e-07,-4.13471e-07,1.54329e-07,8.2018,0,0,0
31.5683,3,0,0,0,0,0,0,0,0,0,0
31.5683,4,0,0,0,0,0,0,0,0,0,0
31.5683,5,0,0,0,0,0,0,0,0,0,0
31.6235,0,3.12607,-5.12583,5.12475,-0.000117733,9.54998e-05,2.44505e-05,0.0013782,0,0,0
31.6235,1,5.3751,0.624954,5.1249,-1.28041e-05,3.56634e-06,7.91298e-06,0.00015097,0,0,0
31.6235,2,-1.41408,7.97138,1.31414,3.76595e-07,-4.11431e-07,1.50705e-07,8.2018,0,0,0
31.6235,3,0,0,0,0,0,0,0,0,0,0
31.6235,4,0,0,0,0,0,0,0,0,0,0
31.6235,5,0,0,0,0,0,0,0,0,0,0
31.6799,0,3.12606,-5.12582,5.12475,-0.00012159,9.90185e-05,2.41831e-05,0.0013782,0,0,0
31.6799,1,5.3751,0.624954,5.1249,-1.35343e-05,4.1229e-06,7.7058e-06,0.000149445,0,0,0
31.6799,2,-1.41408,7.97138,1.31414,3.71276e-07,-4.05483e-07,1.4688e-07,8.2018,0,0,0
31.6799,3,0,0,0,0,0,0,0,0,0,0
31.6799,4,0,0,0,0,0,0,0,0,0,0
31.6799,5,0,0,0,0,0,0,0,0,0,0
31.7334,0,3.12606,-5.12582,5.12475,-0.000120416,9.80534e-05,2.38961e-05,0.00136135,0,0,0
31.7334,1,5.3751,0.624954,5.1249,-1.34466e-05,4.00988e-06,7.53074e-06,0.000149445,0,0,0
31.7334,2,-1.41408,7.97138,1.31414,3.70136e-07,-4.03437e-07,1.44531e-07,8.2018,0,0,0
31.7334,3,0,0,0,0,0,0,0,0,0,0
31.7334,4,0,0,0,0,0,0,0,0,0,0
31.7334,5,0,0,0,0,0,0,0,0,0,0
31.7867,0,3.12605,-5.12581,5.12475,-0.000119237,9.7004e-05,2.35788e-05,0.00136135,0,0,0
31.7867,1,5.3751,0.624955,5.1249,-1.33529e-05,3.90222e-06,7.32999e-06,0.000147644,0,0,0
31.7867,2,-1.41408,7.97138,1.31414,3.50662e-07,-3.82977e-07,1.44341e-07,8.2018,0,0,0
31.7867,3,0,0,0,0,0,0,0,0,0,0
31.7867,4,0,0,0,0,0,0,0,0,0,0
31.7867,5,0,0,0,0,0,0,0,0,0,0
31.837,0,3.12605,-5.12581,5.12475,-0.00011391,9.231e-05,2.33995e-05,0.00134776,0,0,0
31.837,1,5.3751,0.624955,5.1249,-1.32023e-05,3.84315e-06,7.15806e-06,0.000147644,0,0,0
31.837,2,-1.41408,7.97138,1.31414,3.6571e-07,-3.97849e-07,1.4312e-07,8.2018,0,0,0
31.837,3,0,0,0,0,0,0,0,0,0,0
31.837,4,0,0,0,0,0,0,0,0,0,0
31.837,5,0,0,0,0,0,0,0,0,0,0
31.8942,0,3.12604,-5.1258,5.12475,-0.000117166,9.55337e-05,2.31555e-05,0.00134776,0,0,0
31.8942,1,5.3751,0.624955,5.1249,-1.3423e-05,3.99699e-06,6.99751e-06,0.000146137,0,0,0
31.8942,2,-1.41408,7.97138,1.31414,3.63627e-07,-3.95316e-07,1.48164e-07,8.2018,0,0,0
31.8942,3,0,0,0,0,0,0,0,0,0,0
31.8942,4,0,0,0,0,0,0,0,0,0,0
31.8942,5,0,0,0,0,0,0,0,0,0,0
31.9444,0,3.12604,-5.1258,5.12475,-0.000111898,9.07986e-05,2.30851e-05,0.00133309,0,0,0
31.9444,1,5.3751,0.624955,5.12491,-1.20698e-05,3.26646e-06,6.93605e-06,0.000146137,0,0,0
31.9444,2,-1.41408,7.97138,1.31414,3.61301e-07,-3.92433e-07,1.50899e-07,8.2018,0,0,0
31.9444,3,0,0,0,0,0,0,0,0,0,0
31.9444,4,0,0,0,0,0,0,0,0,0,0
31.9444,5,0,0,0,0,0,0,0,0,0,0
31.9973,0,3.12603,-5.12579,5.12475,-0.000113187,9.20733e-05,2.30163e-05,0.00133309,0,0,0
31.9973,1,5.3751,0.624955,5.12491,-1.28048e-05,3.68042e-06,6.91074e-06,0.000144896,0,0,0
31.9973,2,-1.41408,7.97138,1.31414,3.58777e-07,-3.89323e-07,1.46111e-07,8.2018,0,0,0
31.9973,3,0,0,0,0,0,0,0,0,0,0
31.9973,4,0,0,0,0,0,0,0,0,0,0
31.9973,5,0,0,0,0,0,0,0,0,0,0
32.0543,0,3.12603,-5.12579,5.12476,-0.000107256,8.70371e-05,2.29944e-05,0.00131855,0,0,0
32.0543,1,5.3751,0.624955,5.12491,-1.26163e-05,3.64213e-06,6.93866e-06,0.000144896,0,0,0
32.0543,2,-1.41408,7.97138,1.31414,3.52463e-07,-3.82527e-07,1.25031e-07,8.2018,0,0,0
32.0543,3,0,0,0,0,0,0,0,0,0,0
32.0543,4,0,0,0,0,0,0,0,0,0,0
32.0543,5,0,0,0,0,0,0,0,0,0,0
32.1121,0,3.12602,-5.12579,5.12476,-0.000110205,8.97227e-05,2.28909e-05,0.00131855,0,0,0
32.1121,1,5.3751,0.624956,5.12491,-1.19486e-05,3.44804e-06,6.95472e-06,0.000143224,0,0,0
32.1121,2,-1.41408,7.97138,1.31414,3.50169e-07,-3.79681e-07,9.30603e-08,8.2018,0,0,0
32.1121,3,0,0,0,0,0,0,0,0,0,0
32.1121,4,0,0,0,0,0,0,0,0,0,0
32.1121,5,0,0,0,0,0,0,0,0,0,0
32.1622,0,3.12601,-5.12578,5.12476,-0.000116703,9.58201e-05,2.28057e-05,0.00130019,0,0,0
32.1622,1,5.3751,0.624956,5.12491,-1.16802e-05,3.35806e-06,6.99829e-06,0.000143224,0,0,0
32.1622,2,-1.41408,7.97138,1.31414,3.61012e-07,-3.90478e-07,8.29007e-08,8.2018,0,0,0
32.1622,3,0,0,0,0,0,0,0,0,0,0
32.1622,4,0,0,0,0,0,0,0,0,0,0
32.1622,5,0,0,0,0,0,0,0,0,0,0
32.2124,0,3.12601,-5.12578,5.12476,-0.000114159,9.31306e-05,2.26456e-05,0.00130019,0,0,0
32.2124,1,5.3751,0.624956,5.12491,-1.17022e-05,3.23318e-06,7.10384e-06,0.000141504,0,0,0
32.2124,2,-1.41408,7.97138,1.31414,3.51704e-07,-3.7787e-07,7.08273e-08,8.2018,0,0,0
32.2124,3,0,0,0,0,0,0,0,0,0,0
32.2124,4,0,0,0,0,0,0,0,0,0,0
32.2124,5,0,0,0,0,0,0,0,0,0,0
32.2625,0,3.126,-5.12577,5.12476,-0.000111931,9.11948e-05,2.24509e-05,0.00129267,0,0,0
32.2625,1,5.3751,0.624956,5.12491,-1.16718e-05,3.20599e-06,7.15821e-06,0.000141504,0,0,0
32.2625,2,-1.41408,7.97138,1.31414,3.72258e-07,-4.32363e-07,6.5331e-08,8.2018,0,0,0
32.2625,3,0,0,0,0,0,0,0,0,0,0
32.2625,4,0,0,0,0,0,0,0,0,0,0
32.2625,5,0,0,0,0,0,0,0,0,0,0
32.3128,0,3.126,-5.12577,5.12476,-0.000110918,9.04375e-05,2.23033e-05,0.00129267,0,0,0
32.3128,1,5.3751,0.624956,5.12491,-1.22817e-05,3.58443e-06,7.16047e-06,0.000140489,0,0,0
32.3128,2,-1.41408,7.97138,1.31414,3.24154e-07,-3.77579e-07,6.13941e-08,8.2018,0,0,0
32.3128,3,0,0,0,0,0,0,0,0,0,0
32.3128,4,0,0,0,0,0,0,0,0,0,0
32.3128,5,0,0,0,0,0,0,0,0,0,0
32.3631,0,3.12599,-5.12576,5.12476,-0.000106221,8.60879e-05,2.2143e-05,0.00127839,0,0,0
32.3631,1,5.37509,0.624957,5.12491,-1.21075e-05,3.53411e-06,7.12309e-06,0.000140489,0,0,0
32.3631,2,-1.41408,7.97138,1.31414,3.23968e-07,-3.71926e-07,5.77061e-08,8.2018,0,0,0
32.3631,3,0,0,0,0,0,0,0,0,0,0
32.3631,4,0,0,0,0,0,0,0,0,0,0
32.3631,5,0,0,0,0,0,0,0,0,0,0
32.4135,0,3.12598,-5.12576,5.12476,-0.000111845,9.25568e-05,2.20113e-05,0.00127839,0,0,0
32.4135,1,5.37509,0.624957,5.12491,-1.17155e-05,3.19783e-06,7.07914e-06,0.000138555,0,0,0
32.4135,2,-1.41408,7.97138,1.31414,3.16363e-07,-3.59027e-07,5.83447e-08,8.2018,0,0,0
32.4135,3,0,0,0,0,0,0,0,0,0,0
32.4135,4,0,0,0,0,0,0,0,0,0,0
32.4135,5,0,0,0,0,0,0,0,0,0,0
32.4708,0,3.12598,-5.12575,5.12476,-0.000107576,8.84412e-05,2.18992e-05,0.0012632,0,0,0
32.4708,1,5.37509,0.624957,5.12491,-1.17646e-05,3.46706e-06,7.0954e-06,0.000138555,0,0,0
32.4708,2,-1.41408,7.97138,1.31414,3.09036e-07,-3.4555e-07,6.11536e-08,8.2018,0,0,0
32.4708,3,0,0,0,0,0,0,0,0,0,0
32.4708,4,0,0,0,0,0,0,0,0,0,0
32.4708,5,0,0,0,0,0,0,0,0,0,0
32.521,0,3.12597,-5.12575,5.12477,-0.000103288,8.41914e-05,2.1768e-05,0.0012632,0,0,0
32.521,1,5.37509,0.624957,5.12491,-1.11082e-05,2.89642e-06,7.03957e-06,0.000137128,0,0,0
32.521,2,-1.41408,7.97138,1.31414,3.07707e-07,-3.40948e-07,6.16648e-08,8.2018,0,0,0
32.521,3,0,0,0,0,0,0,0,0,0,0
32.521,4,0,0,0,0,0,0,0,0,0,0
32.521,5,0,0,0,0,0,0,0,0,0,0
32.5711,0,3.12597,-5.12575,5.12477,-0.000103161,8.41289e-05,2.16566e-05,0.00125167,0,0,0
32.5711,1,5.37509,0.624957,5.12491,-1.18863e-05,3.46249e-06,6.978e-06,0.000137128,0,0,0
32.5711,2,-1.41408,7.97138,1.31414,3.05856e-07,-3.36553e-07,6.29441e-08,8.2018,0,0,0
32.5711,3,0,0,0,0,0,0,0,0,0,0
32.5711,4,0,0,0,0,0,0,0,0,0,0
32.5711,5,0,0,0,0,0,0,0,0,0,0
32.6241,0,3.12596,-5.12574,5.12477,-0.000102997,8.39701e-05,2.15084e-05,0.00125167,0,0,0
32.6241,1,5.37509,0.624957,5.12491,-1.19323e-05,3.33448e-06,6.88163e-06,0.000135644,0,0,0
32.6241,2,-1.41408,7.97138,1.31414,3.03903e-07,-3.32548e-07,6.81376e-08,8.2018,0,0,0
32.6241,3,0,0,0,0,0,0,0,0,0,0
32.6241,4,0,0,0,0,0,0,0,0,0,0
32.6241,5,0,0,0,0,0,0,0,0,0,0
32.675,0,3.12596,-5.12574,5.12477,-0.000102701,8.39072e-05,2.13779e-05,0.00123786,0,0,0
32.675,1,5.37509,0.624957,5.12491,-1.19323e-05,3.33448e-06,6.88163e-06,0.000135644,0,0,0
32.675,2,-1.41408,7.97138,1.31414,3.00749e-07,-3.2718e-07,7.35579e-08,8.2018,0,0,0
32.675,3,0,0,0,0,0,0,0,0,0,0
32.675,4,0,0,0,0,0,0,0,0,0,0
32.675,5,0,0,0,0,0,0,0,0,0,0
32.7251,0,3.12595,-5.12573,5.12477,-9.88342e-05,8.0342e-05,2.12582e-05,0.00123786,0,0,0
32.7251,1,5.37509,0.624958,5.12491,-1.19121e-05,3.50876e-06,6.75606e-06,0.000133956,0,0,0
32.7251,2,-1.41408,7.97138,1.31414,2.97798e-07,-3.23087e-07,7.73165e-08,8.2018,0,0,0
32.7251,3,0,0,0,0,0,0,0,0,0,0
32.7251,4,0,0,0,0,0,0,0,0,0,0
32.7251,5,0,0,0,0,0,0,0,0,0,0
32.7753,0,3.12595,-5.12573,5.12477,-0.000102704,8.42619e-05,2.11869e-05,0.00122552,0,0,0
32.7753,1,5.37509,0.624958,5.12491,-1.24697e-05,3.94146e-06,6.71865e-06,0.000133956,0,0,0
32.7753,2,-1.41408,7.97138,1.31414,3.00987e-07,-3.25315e-07,8.797e-08,8.2018,0,0,0
32.7753,3,0,0,0,0,0,0,0,0,0,0
32.7753,4,0,0,0,0,0,0,0,0,0,0
32.7753,5,0,0,0,0,0,0,0,0,0,0
32.8272,0,3.12594,-5.12572,5.12477,-0.000105278,8.63438e-05,2.11067e-05,0.00122552,0,0,0
32.8272,1,5.37509,0.624958,5.12491,-1.17331e-05,3.48299e-06,6.53027e-06,0.000132554,0,0,0
32.8272,2,-1.41408,7.97138,1.31414,3.03123e-07,-3.27321e-07,9.34517e-08,8.2018,0,0,0
32.8272,3,0,0,0,0,0,0,0,0,0,0
32.8272,4,0,0,0,0,0,0,0,0,0,0
32.8272,5,0,0,0,0,0,0,0,0,0,0
32.8781,0,3.12594,-5.12572,5.12477,-0.000104779,8.54899e-05,2.09883e-05,0.00120926,0,0,0
32.8781,1,5.37509,0.624958,5.12491,-1.17719e-05,3.38528e-06,6.39837e-06,0.000132554,0,0,0
32.8781,2,-1.41408,7.97138,1.31414,2.99494e-07,-3.23281e-07,1.01955e-07,8.2018,0,0,0
32.8781,3,0,0,0,0,0,0,0,0,0,0
32.8781,4,0,0,0,0,0,0,0,0,0,0
32.8781,5,0,0,0,0,0,0,0,0,0,0
32.9309,0,3.12593,-5.12571,5.12477,-0.000101822,8.31244e-05,2.07904e-05,0.00120926,0,0,0
32.9309,1,5.37509,0.624958,5.12491,-1.16034e-05,3.26733e-06,6.37556e-06,0.00013122,0,0,0
32.9309,2,-1.41408,7.97138,1.31414,2.93103e-07,-3.1671e-07,1.09227e-07,8.2018,0,0,0
32.9309,3,0,0,0,0,0,0,0,0,0,0
32.9309,4,0,0,0,0,0,0,0,0,0,0
32.9309,5,0,0,0,0,0,0,0,0,0,0
32.9811,0,3.12593,-5.12571,5.12478,-9.88126e-05,7.9876e-05,2.06618e-05,0.001196,0,0,0
32.9811,1,5.37509,0.624959,5.12491,-1.15558e-05,3.32855e-06,6.387e-06,0.00013122,0,0,0
32.9811,2,-1.41408,7.97138,1.31414,2.93326e-07,-3.16595e-07,1.17124e-07,8.2018,0,0,0
32.9811,3,0,0,0,0,0,0,0,0,0,0
32.9811,4,0,0,0,0,0,0,0,0,0,0
32.9811,5,0,0,0,0,0,0,0,0,0,0
33.0313,0,3.12592,-5.12571,5.12478,-0.000105038,8.56638e-05,2.05641e-05,0.001196,0,0,0
33.0313,1,5.37509,0.624959,5.12491,-1.11151e-05,3.06723e-06,6.35417e-06,0.000129962,0,0,0
33.0313,2,-1.41408,7.97138,1.31414,2.85662e-07,-3.0857e-07,1.285e-07,8.2018,0,0,0
33.0313,3,0,0,0,0,0,0,0,0,0,0
33.0313,4,0,0,0,0,0,0,0,0,0,0
33.0313,5,0,0,0,0,0,0,0,0,0,0
33.0816,0,3.12592,-5.1257,5.12478,-0.000104088,8.45877e-05,2.0468e-05,0.00118115,0,0,0
33.0816,1,5.37509,0.624959,5.12491,-1.02025e-05,2.77437e-06,6.36083e-06,0.000129962,0,0,0
33.0816,2,-1.41408,7.97138,1.31414,2.8524e-07,-3.08225e-07,1.37206e-07,8.2018,0,0,0
33.0816,3,0,0,0,0,0,0,0,0,0,0
33.0816,4,0,0,0,0,0,0,0,0,0,0
33.0816,5,0,0,0,0,0,0,0,0,0,0
33.141,0,3.12591,-5.1257,5.12478,-0.000103091,8.37082e-05,2.03625e-05,0.00118115,0,0,0
33.141,1,5.37509,0.624959,5.12491,-1.03845e-05,2.59266e-06,6.31191e-06,0.000129235,0,0,0
33.141,2,-1.41408,7.97138,1.31414,2.77555e-07,-2.99033e-07,1.47567e-07,8.2018,0,0,0
33.141,3,0,0,0,0,0,0,0,0,0,0
33.141,4,0,0,0,0,0,0,0,0,0,0
33.141,5,0,0,0,0,0,0,0,0,0,0
33.194,0,3.12591,-5.1257,5.12478,-9.50397e-05,7.65121e-05,2.02388e-05,0.001168,0,0,0
33.194,1,5.37509,0.624959,5.12491,-1.13899e-05,3.32594e-06,6.34975e-06,0.000129235,0,0,0
33.194,2,-1.41408,7.97138,1.31414,2.92624e-07,-3.13682e-07,1.51693e-07,8.2018,0,0,0
33.194,3,0,0,0,0,0,0,0,0,0,0
33.194,4,0,0,0,0,0,0,0,0,0,0
33.194,5,0,0,0,0,0,0,0,0,0,0
33.2472,0,3.1259,-5.12569,5.12478,-9.50904e-05,7.68299e-05,2.01138e-05,0.001168,0,0,0
33.2472,1,5.37508,0.624959,5.12491,-1.13056e-05,3.22246e-06,6.3456e-06,0.000127525,0,0,0
33.2472,2,-1.41408,7.97138,1.31414,2.80085e-07,-3.01128e-07,1.63739e-07,8.2018,0,0,0
33.2472,3,0,0,0,0,0,0,0,0,0,0
33.2472,4,0,0,0,0,0,0,0,0,0,0
33.2472,5,0,0,0,0,0,0,0,0,0,0
33.3024,0,3.1259,-5.12569,5.12478,-9.66579e-05,7.8636e-05,2.00441e-05,0.00115756,0,0,0
33.3024,1,5.37508,0.624959,5.12491,-1.15716e-05,3.46549e-06,6.45807e-06,0.000127525,0,0,0
33.3024,2,-1.41408,7.97138,1.31414,2.89025e-07,-3.11604e-07,1.76421e-07,8.2018,0,0,0
33.3024,3,0,0,0,0,0,0,0,0,0,0
33.3024,4,0,0,0,0,0,0,0,0,0,0
33.3024,5,0,0,0,0,0,0,0,0,0,0
33.3561,0,3.12589,-5.12568,5.12478,-9.99063e-05,8.14874e-05,1.99264e-05,0.00115756,0,0,0
33.3561,1,5.37508,0.62496,5.12491,-1.11788e-05,3.11865e-06,6.45076e-06,0.000126189,0,0,0
33.3561,2,-1.41408,7.97138,1.31414,2.85431e-07,-3.08528e-07,1.91921e-07,8.2018,0,0,0
33.3561,3,0,0,0,0,0,0,0,0,0,0
33.3561,4,0,0,0,0,0,0,0,0,0,0
33.3561,5,0,0,0,0,0,0,0,0,0,0
33.4113,0,3.12589,-5.12568,5.12478,-9.9151e-05,8.07506e-05,1.98101e-05,0.00114229,0,0,0
33.4113,1,5.37508,0.62496,5.12492,-9.93676e-06,2.73373e-06,6.35745e-06,0.000126189,0,0,0
33.4113,2,-1.41408,7.97138,1.31414,2.85149e-07,-3.08796e-07,1.9877e-07,8.2018,0,0,0
33.4113,3,0,0,0,0,0,0,0,0,0,0
33.4113,4,0,0,0,0,0,0,0,0,0,0
33.4113,5,0,0,0,0,0,0,0,0,0,0
33.4699,0,3.12588,-5.12567,5.12478,-9.8411e-05,8.01253e-05,1.96572e-05,0.00114229,0,0,0
33.4699,1,5.37508,0.62496,5.12492,-1.01187e-05,2.41538e-06,6.2637e-06,0.000124924,0,0,0
33.4699,2,-1.41408,7.97138,1.31414,2.73268e-07,-2.97462e-07,1.95853e-07,8.2018,0,0,0
33.4699,3,0,0,0,0,0,0,0,0,0,0
33.4699,4,0,0,0,0,0,0,0,0,0,0
33.4699,5,0,0,0,0,0,0,0,0,0,0
33.5268,0,3.12588,-5.12567,5.12479,-9.7671e-05,7.95285e-05,1.95147e-05,0.00112956,0,0,0
33.5268,1,5.37508,0.62496,5.12492,-1.13757e-05,3.34705e-06,6.04244e-06,0.000124924,0,0,0
33.5268,2,-1.41408,7.97138,1.31414,2.85649e-07,-3.10641e-07,1.94717e-07,8.2018,0,0,0
33.5268,3,0,0,0,0,0,0,0,0,0,0
33.5268,4,0,0,0,0,0,0,0,0,0,0
33.5268,5,0,0,0,0,0,0,0,0,0,0
33.5794,0,3.12587,-5.12567,5.12479,-9.68873e-05,7.89794e-05,1.9391e-05,0.00112956,0,0,0
33.5794,1,5.37508,0.62496,5.12492,-1.10038e-05,3.17206e-06,5.95286e-06,0.000123752,0,0,0
33.5794,2,-1.41408,7.97138,1.31414,2.84574e-07,-3.10049e-07,1.90924e-07,8.2018,0,0,0
33.5794,3,0,0,0,0,0,0,0,0,0,0
33.5794,4,0,0,0,0,0,0,0,0,0,0
33.5794,5,0,0,0,0,0,0,0,0,0,0
33.6321,0,3.12587,-5.12566,5.12479,-9.61975e-05,7.83519e-05,1.92505e-05,0.001117,0,0,0
33.6321,1,5.37508,0.62496,5.12492,-1.09865e-05,3.12337e-06,5.93793e-06,0.000123752,0,0,0
33.6321,2,-1.41408,7.97138,1.31414,2.8366e-07,-3.0943e-07,1.84916e-07,8.2018,0,0,0
33.6321,3,0,0,0,0,0,0,0,0,0,0
33.6321,4,0,0,0,0,0,0,0,0,0,0
33.6321,5,0,0,0,0,0,0,0,0,0,0
33.6866,0,3.12586,-5.12566,5.12479,-9.37233e-05,7.53229e-05,1.91962e-05,0.001105,0,0,0
33.6866,1,5.37508,0.62496,5.12492,-1.0935e-05,3.11551e-06,5.90098e-06,0.000122792,0,0,0
33.6866,2,-1.41408,7.97138,1.31414,2.81189e-07,-3.06659e-07,1.79598e-07,8.2018,0,0,0
33.6866,3,0,0,0,0,0,0,0,0,0,0
33.6866,4,0,0,0,0,0,0,0,0,0,0
33.6866,5,0,0,0,0,0,0,0,0,0,0
33.7376,0,3.12586,-5.12565,5.12479,-9.34645e-05,7.76782e-05,1.90732e-05,0.001105,0,0,0
33.7376,1,5.37508,0.624961,5.12492,-1.08523e-05,3.01484e-06,6.02002e-06,0.000122792,0,0,0
33.7376,2,-1.41408,7.97138,1.31414,2.80232e-07,-3.06141e-07,1.73699e-07,8.2018,0,0,0
33.7376,3,0,0,0,0,0,0,0,0,0,0
33.7376,4,0,0,0,0,0,0,0,0,0,0
33.7376,5,0,0,0,0,0,0,0,0,0,0
33.788,0,3.12585,-5.12565,5.12479,-8.93037e-05,7.44724e-05,1.89639e-05,0.00109346,0,0,0
33.788,1,5.37508,0.624961,5.12492,-1.11416e-05,3.22616e-06,6.08127e-06,0.000121389,0,0,0
33.788,2,-1.41408,7.97138,1.31414,2.85581e-07,-3.11492e-07,1.65232e-07,8.2018,0,0,0
33.788,3,0,0,0,0,0,0,0,0,0,0
33.788,4,0,0,0,0,0,0,0,0,0,0
33.788,5,0,0,0,0,0,0,0,0,0,0
33.8432,0,3.12585,-5.12565,5.12479,-8.92941e-05,7.44667e-05,1.8818e-05,0.00109346,0,0,0
33.8432,1,5.37508,0.624961,5.12492,-1.10407e-05,3.22469e-06,6.06263e-06,0.000121389,0,0,0
33.8432,2,-1.41408,7.97138,1.31414,2.88027e-07,-3.1224e-07,1.6115e-07,8.2018,0,0,0
33.8432,3,0,0,0,0,0,0,0,0,0,0
33.8432,4,0,0,0,0,0,0,0,0,0,0
33.8432,5,0,0,0,0,0,0,0,0,0,0
33.8975,0,3.12584,-5.12564,5.12479,-9.31986e-05,7.80837e-05,1.86806e-05,0.00107904,0,0,0
33.8975,1,5.37508,0.624961,5.12492,-1.05564e-05,2.89165e-06,6.04386e-06,0.000120831,0,0,0
33.8975,2,-1.41408,7.97138,1.31415,2.81844e-07,-3.05349e-07,1.63215e-07,8.2018,0,0,0
33.8975,3,0,0,0,0,0,0,0,0,0,0
33.8975,4,0,0,0,0,0,0,0,0,0,0
33.8975,5,0,0,0,0,0,0,0,0,0,0
33.9486,0,3.12584,-5.12564,5.12479,-8.93283e-05,7.4315e-05,1.85735e-05,0.00107904,0,0,0
33.9486,1,5.37508,0.624961,5.12492,-1.07745e-05,3.10016e-06,6.02924e-06,0.000120831,0,0,0
33.9486,2,-1.41408,7.97138,1.31415,2.76064e-07,-2.98593e-07,1.65179e-07,8.2018,0,0,0
33.9486,3,0,0,0,0,0,0,0,0,0,0
33.9486,4,0,0,0,0,0,0,0,0,0,0
33.9486,5,0,0,0,0,0,0,0,0,0,0
34.0068,0,3.12583,-5.12563,5.12479,-9.00197e-05,7.48191e-05,1.85514e-05,0.00106701,0,0,0
34.0068,1,5.37508,0.624962,5.12492,-1.07383e-05,3.08026e-06,5.95747e-06,0.000119113,0,0,0
34.0068,2,-1.41408,7.97138,1.31415,2.7438e-07,-2.96634e-07,1.50433e-07,8.2018,0,0,0
34.0068,3,0,0,0,0,0,0,0,0,0,0
34.0068,4,0,0,0,0,0,0,0,0,0,0
34.0068,5,0,0,0,0,0,0,0,0,0,0
34.0624,0,3.12583,-5.12563,5.1248,-8.97862e-05,7.44171e-05,1.84899e-05,0.00106701,0,0,0
34.0624,1,5.37508,0.624962,5.12492,-1.06424e-05,3.10927e-06,5.87046e-06,0.000119113,0,0,0
34.0624,2,-1.41408,7.97138,1.31415,2.72383e-07,-2.94378e-07,1.23243e-07,8.2018,0,0,0
34.0624,3,0,0,0,0,0,0,0,0,0,0
34.0624,4,0,0,0,0,0,0,0,0,0,0
34.0624,5,0,0,0,0,0,0,0,0,0,0
34.1179,0,3.12582,-5.12563,5.1248,-8.93917e-05,7.40896e-05,1.84715e-05,0.0010551,0,0,0
34.1179,1,5.37508,0.624962,5.12492,-1.03302e-05,2.80882e-06,5.87394e-06,0.00011768,0,0,0
34.1179,2,-1.41408,7.97138,1.31415,2.70115e-07,-2.91793e-07,1.06069e-07,8.2018,0,0,0
34.1179,3,0,0,0,0,0,0,0,0,0,0
34.1179,4,0,0,0,0,0,0,0,0,0,0
34.1179,5,0,0,0,0,0,0,0,0,0,0
34.1681,0,3.12582,-5.12562,5.1248,-8.58679e-05,7.07366e-05,1.83664e-05,0.0010551,0,0,0
34.1681,1,5.37508,0.624962,5.12492,-1.05721e-05,3.0577e-06,5.72365e-06,0.00011768,0,0,0
34.1681,2,-1.41408,7.97138,1.31415,2.67172e-07,-2.88741e-07,9.24191e-08,8.2018,0,0,0
34.1681,3,0,0,0,0,0,0,0,0,0,0
34.1681,4,0,0,0,0,0,0,0,0,0,0
34.1681,5,0,0,0,0,0,0,0,0,0,0
34.2234,0,3.12581,-5.12562,5.1248,-9.05532e-05,7.51315e-05,1.82293e-05,0.00104225,0,0,0
34.2234,1,5.37507,0.624962,5.12492,-1.0354e-05,2.88933e-06,5.77498e-06,0.000116716,0,0,0
34.2234,2,-1.41408,7.97138,1.31415,2.61088e-07,-2.81569e-07,8.09578e-08,8.2018,0,0,0
34.2234,3,0,0,0,0,0,0,0,0,0,0
34.2234,4,0,0,0,0,0,0,0,0,0,0
34.2234,5,0,0,0,0,0,0,0,0,0,0
34.2765,0,3.12581,-5.12562,5.1248,-8.91949e-05,7.34597e-05,1.81155e-05,0.00104225,0,0,0
34.2765,1,5.37507,0.624962,5.12492,-1.05357e-05,3.13108e-06,5.7824e-06,0.000116716,0,0,0
34.2765,2,-1.41408,7.97138,1.31415,2.5826e-07,-2.78095e-07,7.35647e-08,8.2018,0,0,0
34.2765,3,0,0,0,0,0,0,0,0,0,0
34.2765,4,0,0,0,0,0,0,0,0,0,0
34.2765,5,0,0,0,0,0,0,0,0,0,0
34.3267,0,3.1258,-5.12561,5.1248,-8.87282e-05,7.27977e-05,1.79954e-05,0.00103062,0,0,0
34.3267,1,5.37507,0.624962,5.12492,-1.01624e-05,2.82884e-06,5.77412e-06,0.00011557,0,0,0
34.3267,2,-1.41408,7.97138,1.31415,2.55539e-07,-2.74872e-07,6.99804e-08,8.2018,0,0,0
34.3267,3,0,0,0,0,0,0,0,0,0,0
34.3267,4,0,0,0,0,0,0,0,0,0,0
34.3267,5,0,0,0,0,0,0,0,0,0,0
34.3773,0,3.1258,-5.12561,5.1248,-8.81508e-05,7.22283e-05,1.7828e-05,0.00103062,0,0,0
34.3773,1,5.37507,0.624963,5.12492,-1.03035e-05,2.98837e-06,5.80727e-06,0.00011557,0,0,0
34.3773,2,-1.41408,7.97138,1.31415,2.53393e-07,-2.72744e-07,6.78936e-08,8.2018,0,0,0
34.3773,3,0,0,0,0,0,0,0,0,0,0
34.3773,4,0,0,0,0,0,0,0,0,0,0
34.3773,5,0,0,0,0,0,0,0,0,0,0
34.4327,0,3.1258,-5.12561,5.1248,-8.27407e-05,6.76227e-05,1.7701e-05,0.00102035,0,0,0
34.4327,1,5.37507,0.624963,5.12492,-9.94207e-06,2.91245e-06,5.74438e-06,0.000114363,0,0,0
34.4327,2,-1.41408,7.97138,1.31415,2.35574e-07,-2.53516e-07,6.56425e-08,8.2018,0,0,0
34.4327,3,0,0,0,0,0,0,0,0,0,0
34.4327,4,0,0,0,0,0,0,0,0,0,0
34.4327,5,0,0,0,0,0,0,0,0,0,0
34.4931,0,3.12579,-5.1256,5.1248,-8.28803e-05,6.76733e-05,1.75761e-05,0.00102035,0,0,0
34.4931,1,5.37507,0.624963,5.12492,-9.8944e-06,2.8783e-06,5.7433e-06,0.000113111,0,0,0
34.4931,2,-1.41408,7.97138,1.31415,2.12292e-07,-2.28619e-07,6.26208e-08,8.2018,0,0,0
34.4931,3,0,0,0,0,0,0,0,0,0,0
34.4931,4,0,0,0,0,0,0,0,0,0,0
34.4931,5,0,0,0,0,0,0,0,0,0,0
34.5484,0,3.12579,-5.1256,5.1248,-8.89927e-05,7.32103e-05,1.75706e-05,0.00100689,0,0,0
34.5484,1,5.37507,0.624963,5.12492,-9.35738e-06,2.4953e-06,5.61783e-06,0.000113111,0,0,0
34.5484,2,-1.41408,7.97138,1.31415,2.12341e-07,-2.2857e-07,5.97107e-08,8.2018,0,0,0
34.5484,3,0,0,0,0,0,0,0,0,0,0
34.5484,4,0,0,0,0,0,0,0,0,0,0
34.5484,5,0,0,0,0,0,0,0,0,0,0
34.6045,0,3.12578,-5.12559,5.1248,-8.42256e-05,6.88246e-05,1.74686e-05,0.00100689,0,0,0
34.6045,1,5.37507,0.624963,5.12492,-9.72347e-06,2.90944e-06,5.62209e-06,0.000113111,0,0,0
34.6045,2,-1.41408,7.97138,1.31415,1.98182e-07,-2.13588e-07,5.56851e-08,8.2018,0,0,0
34.6045,3,0,0,0,0,0,0,0,0,0,0
34.6045,4,0,0,0,0,0,0,0,0,0,0
34.6045,5,0,0,0,0,0,0,0,0,0,0
34.6675,0,3.12578,-5.12559,5.12481,-8.69891e-05,7.12946e-05,1.73691e-05,0.000995707,0,0,0
34.6675,1,5.37507,0.624963,5.12492,-9.66651e-06,2.89255e-06,5.60044e-06,0.000112012,0,0,0
34.6675,2,-1.41408,7.97138,1.31415,2.66113e-07,-2.83755e-07,6.18509e-08,8.2018,0,0,0
34.6675,3,0,0,0,0,0,0,0,0,0,0
34.6675,4,0,0,0,0,0,0,0,0,0,0
34.6675,5,0,0,0,0,0,0,0,0,0,0
34.723,0,3.12577,-5.12559,5.12481,-8.54136e-05,6.99016e-05,1.73042e-05,0.000995707,0,0,0
34.723,1,5.37507,0.624963,5.12492,-9.16217e-06,2.22276e-06,5.54419e-06,0.000112012,0,0,0
34.723,2,-1.41408,7.97138,1.31415,2.66113e-07,-2.83755e-07,6.18509e-08,8.2018,0,0,0
34.723,3,0,0,0,0,0,0,0,0,0,0
34.723,4,0,0,0,0,0,0,0,0,0,0
34.723,5,0,0,0,0,0,0,0,0,0,0
34.7834,0,3.12577,-5.12558,5.12481,-8.02436e-05,6.53551e-05,1.71517e-05,0.00098573,0,0,0
34.7834,1,5.37507,0.624964,5.12492,-1.03173e-05,3.12536e-06,5.43708e-06,0.000111029,0,0,0
34.7834,2,-1.41408,7.97138,1.31415,2.49528e-07,-2.68416e-07,6.50744e-08,8.2018,0,0,0
34.7834,3,0,0,0,0,0,0,0,0,0,0
34.7834,4,0,0,0,0,0,0,0,0,0,0
34.7834,5,0,0,0,0,0,0,0,0,0,0
34.8371,0,3.12576,-5.12558,5.12481,-8.31562e-05,6.8151e-05,1.68005e-05,0.00098573,0,0,0
34.8371,1,5.37507,0.624964,5.12492,-1.01951e-05,3.04761e-06,5.42353e-06,0.000110063,0,0,0
34.8371,2,-1.41408,7.97138,1.31415,2.54187e-07,-2.72922e-07,6.7366e-08,8.2018,0,0,0
34.8371,3,0,0,0,0,0,0,0,0,0,0
34.8371,4,0,0,0,0,0,0,0,0,0,0
34.8371,5,0,0,0,0,0,0,0,0,0,0
34.8874,0,3.12576,-5.12558,5.12481,-7.89648e-05,6.434e-05,1.66493e-05,0.000973714,0,0,0
34.8874,1,5.37507,0.624964,5.12492,-1.01951e-05,3.04761e-06,5.42353e-06,0.000110063,0,0,0
34.8874,2,-1.41408,7.97138,1.31415,2.46821e-07,-2.65141e-07,6.90183e-08,8.2018,0,0,0
34.8874,3,0,0,0,0,0,0,0,0,0,0
34.8874,4,0,0,0,0,0,0,0,0,0,0
34.8874,5,0,0,0,0,0,0,0,0,0,0
34.9405,0,3.12576,-5.12557,5.12481,-7.29946e-05,5.92209e-05,1.63832e-05,0.000973714,0,0,0
34.9405,1,5.37507,0.624964,5.12492,-9.28002e-06,2.79928e-06,5.24547e-06,0.000108851,0,0,0
34.9405,2,-1.41408,7.97138,1.31415,2.37771e-07,-2.5678e-07,6.91895e-08,8.2018,0,0,0
34.9405,3,0,0,0,0,0,0,0,0,0,0
34.9405,4,0,0,0,0,0,0,0,0,0,0
34.9405,5,0,0,0,0,0,0,0,0,0,0
35.0008,0,3.12575,-5.12557,5.12481,-7.26287e-05,5.97102e-05,1.61078e-05,0.00096528,0,0,0
35.0008,1,5.37507,0.624964,5.12492,-8.47415e-06,2.44903e-06,5.17785e-06,0.000108851,0,0,0
35.0008,2,-1.41408,7.97138,1.31415,2.67391e-07,-2.87136e-07,7.3569e-08,8.2018,0,0,0
35.0008,3,0,0,0,0,0,0,0,0,0,0
35.0008,4,0,0,0,0,0,0,0,0,0,0
35.0008,5,0,0,0,0,0,0,0,0,0,0
35.0556,0,3.12575,-5.12557,5.12481,-6.73182e-05,5.54412e-05,1.58706e-05,0.00096528,0,0,0
35.0556,1,5.37507,0.624964,5.12492,-7.93453e-06,2.11085e-06,5.1071e-06,0.000108083,0,0,0
35.0556,2,-1.41408,7.97138,1.31415,2.62276e-07,-2.82728e-07,8.06413e-08,8.2018,0,0,0
35.0556,3,0,0,0,0,0,0,0,0,0,0
35.0556,4,0,0,0,0,0,0,0,0,0,0
35.0556,5,0,0,0,0,0,0,0,0,0,0
35.1133,0,3.12575,-5.12557,5.12481,-7.16418e-05,5.91109e-05,1.5817e-05,0.000955937,0,0,0
35.1133,1,5.37507,0.624964,5.12492,-7.93453e-06,2.11085e-06,5.1071e-06,0.000108083,0,0,0
35.1133,2,-1.41408,7.97138,1.31415,2.48214e-07,-2.68412e-07,8.65393e-08,8.2018,0,0,0
35.1133,3,0,0,0,0,0,0,0,0,0,0
35.1133,4,0,0,0,0,0,0,0,0,0,0
35.1133,5,0,0,0,0,0,0,0,0,0,0
35.189,0,3.12574,-5.12556,5.12481,-8.62899e-05,7.1993e-05,1.59455e-05,0.000955937,0,0,0
35.189,1,5.37507,0.624964,5.12492,-8.31447e-06,2.36411e-06,5.04773e-06,0.000107443,0,0,0
35.189,2,-1.41408,7.97138,1.31415,2.57317e-07,-2.77878e-07,9.31179e-08,8.2018,0,0,0
35.189,3,0,0,0,0,0,0,0,0,0,0
35.189,4,0,0,0,0,0,0,0,0,0,0
35.189,5,0,0,0,0,0,0,0,0,0,0
35.2496,0,3.12574,-5.12556,5.12481,-8.20286e-05,6.74492e-05,1.58705e-05,0.000941572,0,0,0
35.2496,1,5.37507,0.624964,5.12492,-8.47568e-06,2.24198e-06,4.97965e-06,0.000107443,0,0,0
35.2496,2,-1.41408,7.97138,1.31415,2.55734e-07,-2.77495e-07,1.00537e-07,8.2018,0,0,0
35.2496,3,0,0,0,0,0,0,0,0,0,0
35.2496,4,0,0,0,0,0,0,0,0,0,0
35.2496,5,0,0,0,0,0,0,0,0,0,0
35.3023,0,3.12573,-5.12555,5.12481,-8.9587e-05,7.69276e-05,1.57063e-05,0.000941572,0,0,0
35.3023,1,5.37507,0.624965,5.12492,-8.77189e-06,2.61237e-06,4.81073e-06,0.000105521,0,0,0
35.3023,2,-1.41408,7.97138,1.31415,2.76887e-07,-2.99359e-07,1.09179e-07,8.2018,0,0,0
35.3023,3,0,0,0,0,0,0,0,0,0,0
35.3023,4,0,0,0,0,0,0,0,0,0,0
35.3023,5,0,0,0,0,0,0,0,0,0,0
35.3553,0,3.12573,-5.12555,5.12482,-6.89046e-05,5.66424e-05,1.55005e-05,0.000934554,0,0,0
35.3553,1,5.37506,0.624965,5.12493,-8.6831e-06,2.65049e-06,4.64335e-06,0.000105521,0,0,0
35.3553,2,-1.41408,7.97138,1.31415,2.66298e-07,-2.89039e-07,1.14714e-07,8.2018,0,0,0
35.3553,3,0,0,0,0,0,0,0,0,0,0
35.3553,4,0,0,0,0,0,0,0,0,0,0
35.3553,5,0,0,0,0,0,0,0,0,0,0
35.408,0,3.12573,-5.12555,5.12482,-7.18932e-05,5.91134e-05,1.50984e-05,0.000934554,0,0,0
35.408,1,5.37506,0.624965,5.12493,-8.84111e-06,2.69338e-06,4.45759e-06,0.000104527,0,0,0
35.408,2,-1.41408,7.97138,1.31415,2.655e-07,-2.88749e-07,1.21643e-07,8.2018,0,0,0
35.408,3,0,0,0,0,0,0,0,0,0,0
35.408,4,0,0,0,0,0,0,0,0,0,0
35.408,5,0,0,0,0,0,0,0,0,0,0
35.4598,0,3.12572,-5.12555,5.12482,-6.92986e-05,5.5828e-05,1.48887e-05,0.00092487,0,0,0
35.4598,1,5.37506,0.624965,5.12493,-8.8309e-06,2.62923e-06,4.38109e-06,0.000104527,0,0,0
35.4598,2,-1.41408,7.97138,1.31415,2.28057e-07,-2.49334e-07,1.37535e-07,8.2018,0,0,0
35.4598,3,0,0,0,0,0,0,0,0,0,0
35.4598,4,0,0,0,0,0,0,0,0,0,0
35.4598,5,0,0,0,0,0,0,0,0,0,0
35.515,0,3.12572,-5.12554,5.12482,-7.40387e-05,6.0795e-05,1.46973e-05,0.00092487,0,0,0
35.515,1,5.37506,0.624965,5.12493,-8.44029e-06,2.53933e-06,4.31528e-06,0.000103626,0,0,0
35.515,2,-1.41408,7.97138,1.31415,2.42069e-07,-2.63726e-07,1.84101e-07,8.2018,0,0,0
35.515,3,0,0,0,0,0,0,0,0,0,0
35.515,4,0,0,0,0,0,0,0,0,0,0
35.515,5,0,0,0,0,0,0,0,0,0,0
35.5929,0,3.12572,-5.12554,5.12482,-6.52832e-05,5.28323e-05,1.4408e-05,0.00091485,0,0,0
35.5929,1,5.37506,0.624965,5.12493,-8.38757e-06,2.50661e-06,4.24928e-06,0.000103626,0,0,0
35.5929,2,-1.41408,7.97138,1.31415,2.23852e-07,-2.44953e-07,2.02687e-07,8.2018,0,0,0
35.5929,3,0,0,0,0,0,0,0,0,0,0
35.5929,4,0,0,0,0,0,0,0,0,0,0
35.5929,5,0,0,0,0,0,0,0,0,0,0
35.6457,0,3.12571,-5.12553,5.12482,-7.73988e-05,6.39246e-05,1.40317e-05,0.00091485,0,0,0
35.6457,1,5.37506,0.624966,5.12493,-7.66386e-06,2.21551e-06,4.17325e-06,0.000102914,0,0,0
35.6457,2,-1.41408,7.97138,1.31415,2.37084e-07,-2.59337e-07,2.07482e-07,8.2018,0,0,0
35.6457,3,0,0,0,0,0,0,0,0,0,0
35.6457,4,0,0,0,0,0,0,0,0,0,0
35.6457,5,0,0,0,0,0,0,0,0,0,0
35.6966,0,3.12571,-5.12553,5.12482,-7.06928e-05,5.74074e-05,1.38047e-05,0.000906028,0,0,0
35.6966,1,5.37506,0.624966,5.12493,-7.65197e-06,2.10783e-06,4.06274e-06,0.000102914,0,0,0
35.6966,2,-1.41408,7.97138,1.31415,2.57614e-07,-2.80696e-07,1.88106e-07,8.2018,0,0,0
35.6966,3,0,0,0,0,0,0,0,0,0,0
35.6966,4,0,0,0,0,0,0,0,0,0,0
35.6966,5,0,0,0,0,0,0,0,0,0,0
35.7698,0,3.1257,-5.12553,5.12482,-7.02487e-05,5.66756e-05,1.35345e-05,0.000906028,0,0,0
35.7698,1,5.37506,0.624966,5.12493,-7.43221e-06,2.0903e-06,3.98884e-06,0.000102058,0,0,0
35.7698,2,-1.41408,7.97138,1.31415,2.26061e-07,-2.49672e-07,1.80039e-07,8.2018,0,0,0
35.7698,3,0,0,0,0,0,0,0,0,0,0
35.7698,4,0,0,0,0,0,0,0,0,0,0
35.7698,5,0,0,0,0,0,0,0,0,0,0
35.8265,0,3.1257,-5.12553,5.12482,-6.29742e-05,5.07564e-05,1.3167e-05,0.000896283,0,0,0
35.8265,1,5.37506,0.624966,5.12493,-7.75556e-06,2.33728e-06,3.88709e-06,0.000102058,0,0,0
35.8265,2,-1.41408,7.97138,1.31415,2.67893e-07,-2.92664e-07,1.73821e-07,8.2018,0,0,0
35.8265,3,0,0,0,0,0,0,0,0,0,0
35.8265,4,0,0,0,0,0,0,0,0,0,0
35.8265,5,0,0,0,0,0,0,0,0,0,0
35.9019,0,3.1257,-5.12553,5.12482,-6.01971e-05,4.85194e-05,1.2718e-05,0.000896283,0,0,0
35.9019,1,5.37506,0.624966,5.12493,-7.76593e-06,2.22841e-06,3.80522e-06,0.000101127,0,0,0
35.9019,2,-1.41408,7.97138,1.31415,2.35288e-07,-2.58987e-07,1.76183e-07,8.2018,0,0,0
35.9019,3,0,0,0,0,0,0,0,0,0,0
35.9019,4,0,0,0,0,0,0,0,0,0,0
35.9019,5,0,0,0,0,0,0,0,0,0,0
35.9733,0,3.12569,-5.12552,5.12482,-6.6276e-05,5.3683e-05,1.24356e-05,0.00089289,0,0,0
35.9733,1,5.37506,0.624966,5.12493,-7.4367e-06,2.15856e-06,3.86661e-06,0.000101127,0,0,0
35.9733,2,-1.41408,7.97138,1.31415,2.71053e-07,-2.95965e-07,1.48945e-07,8.2018,0,0,0
35.9733,3,0,0,0,0,0,0,0,0,0,0
35.9733,4,0,0,0,0,0,0,0,0,0,0
35.9733,5,0,0,0,0,0,0,0,0,0,0
36.0443,0,3.12569,-5.12552,5.12482,-6.79158e-05,5.52549e-05,1.23714e-05,0.00089289,0,0,0
36.0443,1,5.37506,0.624966,5.12493,-6.9668e-06,1.82883e-06,3.87896e-06,0.000100325,0,0,0
36.0443,2,-1.41408,7.97138,1.31415,2.47151e-07,-2.71304e-07,1.21644e-07,8.2018,0,0,0
36.0443,3,0,0,0,0,0,0,0,0,0,0
36.0443,4,0,0,0,0,0,0,0,0,0,0
36.0443,5,0,0,0,0,0,0,0,0,0,0
36.1045,0,3.12569,-5.12552,5.12482,-6.765e-05,5.4929e-05,1.21464e-05,0.000875985,0,0,0
36.1045,1,5.37506,0.624966,5.12493,-6.88007e-06,1.7795e-06,3.84016e-06,0.000100325,0,0,0
36.1045,2,-1.41408,7.97138,1.31415,2.54235e-07,-2.78332e-07,1.10493e-07,8.2018,0,0,0
36.1045,3,0,0,0,0,0,0,0,0,0,0
36.1045,4,0,0,0,0,0,0,0,0,0,0
36.1045,5,0,0,0,0,0,0,0,0,0,0
36.1849,0,3.12568,-5.12551,5.12482,-6.35663e-05,5.13364e-05,1.19917e-05,0.000875985,0,0,0
36.1849,1,5.37506,0.624966,5.12493,-6.91591e-06,1.96443e-06,3.90425e-06,9.9578e-05,0,0,0
36.1849,2,-1.41408,7.97138,1.31415,2.67845e-07,-2.92142e-07,1.09704e-07,8.2018,0,0,0
36.1849,3,0,0,0,0,0,0,0,0,0,0
36.1849,4,0,0,0,0,0,0,0,0,0,0
36.1849,5,0,0,0,0,0,0,0,0,0,0
36.2431,0,3.12568,-5.12551,5.12483,-6.00365e-05,4.81543e-05,1.18116e-05,0.000872863,0,0,0
36.2431,1,5.37506,0.624967,5.12493,-7.02738e-06,2.03839e-06,3.92934e-06,9.9578e-05,0,0,0
36.2431,2,-1.41408,7.97138,1.31415,2.67845e-07,-2.92142e-07,1.09704e-07,8.2018,0,0,0
36.2431,3,0,0,0,0,0,0,0,0,0,0
36.2431,4,0,0,0,0,0,0,0,0,0,0
36.2431,5,0,0,0,0,0,0,0,0,0,0
36.3195,0,3.12568,-5.12551,5.12483,-6.28559e-05,5.0957e-05,1.17795e-05,0.000872863,0,0,0
36.3195,1,5.37506,0.624967,5.12493,-6.28992e-06,1.63585e-06,3.96403e-06,9.88604e-05,0,0,0
36.3195,2,-1.41408,7.97138,1.31415,2.21541e-07,-2.48638e-07,1.05378e-07,8.2018,0,0,0
36.3195,3,0,0,0,0,0,0,0,0,0,0
36.3195,4,0,0,0,0,0,0,0,0,0,0
36.3195,5,0,0,0,0,0,0,0,0,0,0
36.3901,0,3.12567,-5.12551,5.12483,-6.0446e-05,4.89106e-05,1.18223e-05,0.000864564,0,0,0
36.3901,1,5.37506,0.624967,5.12493,-6.7073e-06,1.9789e-06,3.98202e-06,9.88604e-05,0,0,0
36.3901,2,-1.41408,7.97138,1.31415,2.24288e-07,-2.51091e-07,1.04995e-07,8.2018,0,0,0
36.3901,3,0,0,0,0,0,0,0,0,0,0
36.3901,4,0,0,0,0,0,0,0,0,0,0
36.3901,5,0,0,0,0,0,0,0,0,0,0
36.456,0,3.12567,-5.1255,5.12483,-6.00608e-05,4.87541e-05,1.17896e-05,0.000864564,0,0,0
36.456,1,5.37506,0.624967,5.12493,-6.39487e-06,1.81217e-06,4.01451e-06,9.82698e-05,0,0,0
36.456,2,-1.41408,7.97138,1.31415,2.22658e-07,-2.4919e-07,1.04361e-07,8.2018,0,0,0
36.456,3,0,0,0,0,0,0,0,0,0,0
36.456,4,0,0,0,0,0,0,0,0,0,0
36.456,5,0,0,0,0,0,0,0,0,0,0
36.522,0,3.12567,-5.1255,5.12483,-5.5522e-05,4.48979e-05,1.17858e-05,0.000852211,0,0,0
36.522,1,5.37506,0.624967,5.12493,-6.37993e-06,1.69917e-06,3.98648e-06,9.82698e-05,0,0,0
36.522,2,-1.41408,7.97138,1.31415,1.92233e-07,-2.13597e-07,1.07574e-07,8.2018,0,0,0
36.522,3,0,0,0,0,0,0,0,0,0,0
36.522,4,0,0,0,0,0,0,0,0,0,0
36.522,5,0,0,0,0,0,0,0,0,0,0
36.5924,0,3.12566,-5.1255,5.12483,-5.1798e-05,4.16759e-05,1.18338e-05,0.000852211,0,0,0
36.5924,1,5.37506,0.624967,5.12493,-6.57252e-06,1.99249e-06,4.03703e-06,9.7627e-05,0,0,0
36.5924,2,-1.41408,7.97138,1.31415,2.0143e-07,-2.21028e-07,1.09804e-07,8.2018,0,0,0
36.5924,3,0,0,0,0,0,0,0,0,0,0
36.5924,4,0,0,0,0,0,0,0,0,0,0
36.5924,5,0,0,0,0,0,0,0,0,0,0
36.6757,0,3.12566,-5.1255,5.12483,-5.1798e-05,4.16759e-05,1.18338e-05,0.000847495,0,0,0
36.6757,1,5.37506,0.624967,5.12493,-6.57252e-06,1.99249e-06,4.03703e-06,9.7627e-05,0,0,0
36.6757,2,-1.41408,7.97138,1.31415,2.0143e-07,-2.21028e-07,1.09804e-07,8.2018,0,0,0
36.6757,3,0,0,0,0,0,0,0,0,0,0
36.6757,4,0,0,0,0,0,0,0,0,0,0
36.6757,5,0,0,0,0,0,0,0,0,0,0
36.7449,0,3.12566,-5.1255,5.12483,-3.96551e-05,3.18411e-05,1.20372e-05,0.000847495,0,0,0
36.7449,1,5.37506,0.624967,5.12493,-6.59546e-06,1.97828e-06,4.03587e-06,9.65857e-05,0,0,0
36.7449,2,-1.41408,7.97138,1.31415,1.99568e-07,-2.18508e-07,1.16873e-07,8.2018,0,0,0
36.7449,3,0,0,0,0,0,0,0,0,0,0
36.7449,4,0,0,0,0,0,0,0,0,0,0
36.7449,5,0,0,0,0,0,0,0,0,0,0
36.806,0,3.12566,-5.12549,5.12483,-4.26255e-05,3.6466e-05,1.2062e-05,0.000843645,0,0,0
36.806,1,5.37506,0.624967,5.12493,-6.53126e-06,1.90978e-06,3.94939e-06,9.65857e-05,0,0,0
36.806,2,-1.41408,7.97138,1.31415,1.87948e-07,-2.03827e-07,1.09075e-07,8.2018,0,0,0
36.806,3,0,0,0,0,0,0,0,0,0,0
36.806,4,0,0,0,0,0,0,0,0,0,0
36.806,5,0,0,0,0,0,0,0,0,0,0
36.8737,0,3.12566,-5.12549,5.12483,-4.26255e-05,3.6466e-05,1.2062e-05,0.000843645,0,0,0
36.8737,1,5.37506,0.624967,5.12493,-6.30524e-06,1.83893e-06,3.88136e-06,9.5789e-05,0,0,0
36.8737,2,-1.41408,7.97138,1.31415,1.83659e-07,-1.97858e-07,8.6815e-08,2.72636,0,0,0
36.8737,3,0,0,0,0,0,0,0,0,0,0
36.8737,4,0,0,0,0,0,0,0,0,0,0
36.8737,5,0,0,0,0,0,0,0,0,0,0
36.9523,0,3.12565,-5.12549,5.12483,-5.40487e-05,4.68811e-05,1.21273e-05,0.000838633,0,0,0
36.9523,1,5.37506,0.624967,5.12493,-5.59889e-06,1.53128e-06,3.83862e-06,9.5789e-05,0,0,0
36.9523,2,-1.41408,7.97138,1.31415,1.6488e-07,-1.76426e-07,6.86622e-08,2.72636,0,0,0
36.9523,3,0,0,0,0,0,0,0,0,0,0
36.9523,4,0,0,0,0,0,0,0,0,0,0
36.9523,5,0,0,0,0,0,0,0,0,0,0
37.0128,0,3.12565,-5.12548,5.12483,-5.35984e-05,4.62978e-05,1.20266e-05,0.000838633,0,0,0
37.0128,1,5.37506,0.624967,5.12493,-4.94033e-06,1.2796e-06,3.80951e-06,9.55302e-05,0,0,0
37.0128,2,-1.41408,7.97138,1.31415,1.5867e-07,-1.70239e-07,4.28165e-08,2.72636,0,0,0
37.0128,3,0,0,0,0,0,0,0,0,0,0
37.0128,4,0,0,0,0,0,0,0,0,0,0
37.0128,5,0,0,0,0,0,0,0,0,0,0
37.0781,0,3.12564,-5.12548,5.12483,-5.60744e-05,4.74612e-05,1.19568e-05,0.000826887,0,0,0
37.0781,1,5.37506,0.624967,5.12493,-4.83325e-06,1.17397e-06,3.79185e-06,9.55302e-05,0,0,0
37.0781,2,-1.41408,7.97138,1.31415,2.23586e-07,-2.35564e-07,2.14311e-08,2.72636,0,0,0
37.0781,3,0,0,0,0,0,0,0,0,0,0
37.0781,4,0,0,0,0,0,0,0,0,0,0
37.0781,5,0,0,0,0,0,0,0,0,0,0
37.1384,0,3.12565,-5.12548,5.12483,-5.54049e-05,4.63248e-05,1.18091e-05,0.000826887,0,0,0
37.1384,1,5.37506,0.624968,5.12493,-5.63267e-06,1.48066e-06,3.79021e-06,9.50896e-05,0,0,0
37.1384,2,-1.41408,7.97138,1.31415,2.23292e-07,-2.35458e-07,1.20089e-08,2.72636,0,0,0
37.1384,3,0,0,0,0,0,0,0,0,0,0
37.1384,4,0,0,0,0,0,0,0,0,0,0
37.1384,5,0,0,0,0,0,0,0,0,0,0
37.2137,0,3.12564,-5.12548,5.12483,-5.18e-05,4.29031e-05,1.152e-05,0.000822199,0,0,0
37.2137,1,5.37505,0.624968,5.12493,-6.68365e-06,1.89029e-06,3.87671e-06,9.50896e-05,0,0,0
37.2137,2,-1.41408,7.97138,1.31415,2.08697e-07,-2.19927e-07,1.18002e-08,2.72636,0,0,0
37.2137,3,0,0,0,0,0,0,0,0,0,0
37.2137,4,0,0,0,0,0,0,0,0,0,0
37.2137,5,0,0,0,0,0,0,0,0,0,0
37.2689,0,3.12564,-5.12548,5.12483,-5.80591e-05,4.88563e-05,1.13191e-05,0.000822199,0,0,0
37.2689,1,5.37505,0.624968,5.12493,-7.61999e-06,2.40384e-06,3.86941e-06,9.37482e-05,0,0,0
37.2689,2,-1.41408,7.97138,1.31415,1.8104e-07,-1.91539e-07,1.42819e-08,2.72636,0,0,0
37.2689,3,0,0,0,0,0,0,0,0,0,0
37.2689,4,0,0,0,0,0,0,0,0,0,0
37.2689,5,0,0,0,0,0,0,0,0,0,0
37.3295,0,3.12563,-5.12547,5.12483,-5.79348e-05,4.83369e-05,1.11886e-05,0.000812586,0,0,0
37.3295,1,5.37505,0.624968,5.12493,-7.61232e-06,2.25672e-06,3.80375e-06,9.37482e-05,0,0,0
37.3295,2,-1.41408,7.97138,1.31415,1.95517e-07,-2.06407e-07,1.27348e-08,2.72636,0,0,0
37.3295,3,0,0,0,0,0,0,0,0,0,0
37.3295,4,0,0,0,0,0,0,0,0,0,0
37.3295,5,0,0,0,0,0,0,0,0,0,0
37.3888,0,3.12564,-5.12547,5.12483,-4.56432e-05,3.73019e-05,1.12207e-05,0.000809548,0,0,0
37.3888,1,5.37505,0.624968,5.12493,-7.75451e-06,2.35118e-06,3.81554e-06,9.26452e-05,0,0,0
37.3888,2,-1.41408,7.97138,1.31415,1.70185e-07,-1.79917e-07,2.00006e-08,2.72636,0,0,0
37.3888,3,0,0,0,0,0,0,0,0,0,0
37.3888,4,0,0,0,0,0,0,0,0,0,0
37.3888,5,0,0,0,0,0,0,0,0,0,0
37.4491,0,3.12563,-5.12547,5.12484,-4.01351e-05,3.22014e-05,1.10381e-05,0.000809548,0,0,0
37.4491,1,5.37505,0.624968,5.12493,-7.45348e-06,2.1421e-06,3.73435e-06,9.26452e-05,0,0,0
37.4491,2,-1.41408,7.97138,1.31415,1.73739e-07,-1.82011e-07,2.15094e-08,2.72636,0,0,0
37.4491,3,0,0,0,0,0,0,0,0,0,0
37.4491,4,0,0,0,0,0,0,0,0,0,0
37.4491,5,0,0,0,0,0,0,0,0,0,0
37.5119,0,3.12563,-5.12547,5.12484,-4.98601e-05,4.09609e-05,1.08536e-05,0.000796842,0,0,0
37.5119,1,5.37505,0.624968,5.12493,-7.25054e-06,1.97163e-06,3.71734e-06,9.18426e-05,0,0,0
37.5119,2,-1.41408,7.97138,1.31415,1.89388e-07,-1.99327e-07,2.32977e-08,2.72636,0,0,0
37.5119,3,0,0,0,0,0,0,0,0,0,0
37.5119,4,0,0,0,0,0,0,0,0,0,0
37.5119,5,0,0,0,0,0,0,0,0,0,0
37.5708,0,3.12562,-5.12546,5.12484,-5.19851e-05,4.20995e-05,1.07295e-05,0.000796842,0,0,0
37.5708,1,5.37505,0.624968,5.12493,-7.25054e-06,1.97163e-06,3.71734e-06,9.18426e-05,0,0,0
37.5708,2,-1.41408,7.97138,1.31415,1.868e-07,-1.90727e-07,2.85638e-08,2.72636,0,0,0
37.5708,3,0,0,0,0,0,0,0,0,0,0
37.5708,4,0,0,0,0,0,0,0,0,0,0
37.5708,5,0,0,0,0,0,0,0,0,0,0
37.6263,0,3.12562,-5.12546,5.12484,-5.92554e-05,4.85982e-05,1.05801e-05,0.000785806,0,0,0
37.6263,1,5.37505,0.624969,5.12493,-7.52829e-06,2.18452e-06,3.59509e-06,9.15171e-05,0,0,0
37.6263,2,-1.41408,7.97138,1.31415,1.8194e-07,-1.8569e-07,3.60712e-08,2.72636,0,0,0
37.6263,3,0,0,0,0,0,0,0,0,0,0
37.6263,4,0,0,0,0,0,0,0,0,0,0
37.6263,5,0,0,0,0,0,0,0,0,0,0
37.6929,0,3.12561,-5.12546,5.12484,-5.79558e-05,4.72854e-05,1.02838e-05,0.000785806,0,0,0
37.6929,1,5.37505,0.624969,5.12493,-7.1753e-06,1.99123e-06,3.54463e-06,9.15171e-05,0,0,0
37.6929,2,-1.41408,7.97138,1.31415,1.7392e-07,-1.78098e-07,4.28401e-08,2.72636,0,0,0
37.6929,3,0,0,0,0,0,0,0,0,0,0
37.6929,4,0,0,0,0,0,0,0,0,0,0
37.6929,5,0,0,0,0,0,0,0,0,0,0
37.7561,0,3.12561,-5.12546,5.12484,-5.44186e-05,4.36771e-05,9.76284e-06,0.000779688,0,0,0
37.7561,1,5.37505,0.624969,5.12493,-7.19445e-06,2.12606e-06,3.46296e-06,9.06295e-05,0,0,0
37.7561,2,-1.41408,7.97138,1.31415,1.74767e-07,-1.80763e-07,5.19857e-08,2.72636,0,0,0
37.7561,3,0,0,0,0,0,0,0,0,0,0
37.7561,4,0,0,0,0,0,0,0,0,0,0
37.7561,5,0,0,0,0,0,0,0,0,0,0
37.8114,0,3.12561,-5.12545,5.12484,-5.49948e-05,4.45535e-05,9.34982e-06,0.000779688,0,0,0
37.8114,1,5.37505,0.624969,5.12493,-6.81955e-06,1.96999e-06,3.42522e-06,9.06295e-05,0,0,0
37.8114,2,-1.41408,7.97138,1.31415,1.58238e-07,-1.64657e-07,5.90776e-08,2.72636,0,0,0
37.8114,3,0,0,0,0,0,0,0,0,0,0
37.8114,4,0,0,0,0,0,0,0,0,0,0
37.8114,5,0,0,0,0,0,0,0,0,0,0
37.8697,0,3.12561,-5.12545,5.12484,-5.47345e-05,4.42415e-05,9.12268e-06,0.000772046,0,0,0
37.8697,1,5.37505,0.624969,5.12493,-6.94992e-06,2.0416e-06,3.39533e-06,8.95243e-05,0,0,0
37.8697,2,-1.41408,7.97138,1.31415,1.53897e-07,-1.62045e-07,6.96738e-08,2.72636,0,0,0
37.8697,3,0,0,0,0,0,0,0,0,0,0
37.8697,4,0,0,0,0,0,0,0,0,0,0
37.8697,5,0,0,0,0,0,0,0,0,0,0
37.9267,0,3.1256,-5.12545,5.12484,-5.12647e-05,4.13505e-05,9.07029e-06,0.000772046,0,0,0
37.9267,1,5.37505,0.624969,5.12493,-6.72545e-06,1.9714e-06,3.3145e-06,8.95243e-05,0,0,0
37.9267,2,-1.41408,7.97138,1.31415,1.50709e-07,-1.59415e-07,7.64199e-08,2.72636,0,0,0
37.9267,3,0,0,0,0,0,0,0,0,0,0
37.9267,4,0,0,0,0,0,0,0,0,0,0
37.9267,5,0,0,0,0,0,0,0,0,0,0
37.9854,0,3.1256,-5.12545,5.12484,-4.66033e-05,3.73849e-05,9.04142e-06,0.000769406,0,0,0
37.9854,1,5.37505,0.624969,5.12493,-5.85443e-06,1.62217e-06,3.32186e-06,8.93248e-05,0,0,0
37.9854,2,-1.41408,7.97138,1.31415,1.48612e-07,-1.58483e-07,8.63869e-08,2.72636,0,0,0
37.9854,3,0,0,0,0,0,0,0,0,0,0
37.9854,4,0,0,0,0,0,0,0,0,0,0
37.9854,5,0,0,0,0,0,0,0,0,0,0
38.0357,0,3.1256,-5.12544,5.12484,-4.96445e-05,4.03934e-05,9.0983e-06,0.000769406,0,0,0
38.0357,1,5.37505,0.624969,5.12493,-5.77773e-06,1.61091e-06,3.3716e-06,8.93248e-05,0,0,0
38.0357,2,-1.41408,7.97138,1.31415,1.42322e-07,-1.52977e-07,9.61176e-08,2.72636,0,0,0
38.0357,3,0,0,0,0,0,0,0,0,0,0
38.0357,4,0,0,0,0,0,0,0,0,0,0
38.0357,5,0,0,0,0,0,0,0,0,0,0
38.0934,0,3.1256,-5.12544,5.12484,-4.62755e-05,3.7434e-05,9.41803e-06,0.000762934,0,0,0
38.0934,1,5.37505,0.624969,5.12493,-6.08165e-06,1.90241e-06,3.34286e-06,8.85306e-05,0,0,0
38.0934,2,-1.41408,7.97138,1.31415,1.45435e-07,-1.56404e-07,1.04191e-07,2.72636,0,0,0
38.0934,3,0,0,0,0,0,0,0,0,0,0
38.0934,4,0,0,0,0,0,0,0,0,0,0
38.0934,5,0,0,0,0,0,0,0,0,0,0
38.1528,0,3.12559,-5.12544,5.12484,-4.81393e-05,3.92752e-05,9.5436e-06,0.000762934,0,0,0
38.1528,1,5.37505,0.624969,5.12493,-6.1251e-06,1.79722e-06,3.30245e-06,8.85306e-05,0,0,0
38.1528,2,-1.41408,7.97138,1.31415,1.31837e-07,-1.43393e-07,1.15415e-07,2.72636,0,0,0
38.1528,3,0,0,0,0,0,0,0,0,0,0
38.1528,4,0,0,0,0,0,0,0,0,0,0
38.1528,5,0,0,0,0,0,0,0,0,0,0
38.2114,0,3.12559,-5.12544,5.12484,-4.54766e-05,3.69621e-05,9.68202e-06,0.000756559,0,0,0
38.2114,1,5.37505,0.62497,5.12493,-5.86088e-06,1.73184e-06,3.35028e-06,8.75656e-05,0,0,0
38.2114,2,-1.41408,7.97138,1.31415,1.3396e-07,-1.46034e-07,1.55922e-07,2.72636,0,0,0
38.2114,3,0,0,0,0,0,0,0,0,0,0
38.2114,4,0,0,0,0,0,0,0,0,0,0
38.2114,5,0,0,0,0,0,0,0,0,0,0
38.2642,0,3.12559,-5.12544,5.12484,-4.60097e-05,3.7571e-05,9.8291e-06,0.000756559,0,0,0
38.2642,1,5.37505,0.62497,5.12493,-5.90954e-06,1.81161e-06,3.34187e-06,8.75656e-05,0,0,0
38.2642,2,-1.41408,7.97138,1.31415,1.29158e-07,-1.41734e-07,1.92388e-07,2.72636,0,0,0
38.2642,3,0,0,0,0,0,0,0,0,0,0
38.2642,4,0,0,0,0,0,0,0,0,0,0
38.2642,5,0,0,0,0,0,0,0,0,0,0
38.3169,0,3.12559,-5.12544,5.12484,-4.21518e-05,3.41798e-05,9.90117e-06,0.000750697,0,0,0
38.3169,1,5.37505,0.62497,5.12493,-5.94133e-06,1.71203e-06,3.45874e-06,8.70327e-05,0,0,0
38.3169,2,-1.41408,7.97138,1.31415,1.26427e-07,-1.39278e-07,2.04306e-07,2.72636,0,0,0
38.3169,3,0,0,0,0,0,0,0,0,0,0
38.3169,4,0,0,0,0,0,0,0,0,0,0
38.3169,5,0,0,0,0,0,0,0,0,0,0
38.3682,0,3.12559,-5.12543,5.12484,-4.53587e-05,3.7314e-05,9.95915e-06,0.000750697,0,0,0
38.3682,1,5.37505,0.62497,5.12493,-5.32477e-06,1.54528e-06,3.47995e-06,8.70327e-05,0,0,0
38.3682,2,-1.41408,7.97138,1.31415,1.24029e-07,-1.37098e-07,2.15646e-07,2.72636,0,0,0
38.3682,3,0,0,0,0,0,0,0,0,0,0
38.3682,4,0,0,0,0,0,0,0,0,0,0
38.3682,5,0,0,0,0,0,0,0,0,0,0
38.4209,0,3.12559,-5.12543,5.12484,-4.53587e-05,3.7314e-05,9.95915e-06,0.000744786,0,0,0
38.4209,1,5.37505,0.62497,5.12493,-5.33223e-06,1.44574e-06,3.45612e-06,8.63827e-05,0,0,0
38.4209,2,-1.41408,7.97138,1.31415,1.18557e-07,-1.32651e-07,2.23097e-07,2.72636,0,0,0
38.4209,3,0,0,0,0,0,0,0,0,0,0
38.4209,4,0,0,0,0,0,0,0,0,0,0
38.4209,5,0,0,0,0,0,0,0,0,0,0
38.4802,0,3.12558,-5.12543,5.12485,-4.51346e-05,3.69582e-05,1.00265e-05,0.000744786,0,0,0
38.4802,1,5.37505,0.62497,5.12493,-5.6095e-06,1.74885e-06,3.50008e-06,8.56199e-05,0,0,0
38.4802,2,-1.41408,7.97138,1.31415,1.13587e-07,-1.27873e-07,2.21311e-07,2.72636,0,0,0
38.4802,3,0,0,0,0,0,0,0,0,0,0
38.4802,4,0,0,0,0,0,0,0,0,0,0
38.4802,5,0,0,0,0,0,0,0,0,0,0
38.5337,0,3.12558,-5.12543,5.12485,-4.331e-05,3.53119e-05,1.00621e-05,0.000739274,0,0,0
38.5337,1,5.37505,0.62497,5.12494,-5.41848e-06,1.5431e-06,3.56388e-06,8.56199e-05,0,0,0
38.5337,2,-1.41408,7.97138,1.31415,1.13525e-07,-1.27636e-07,1.91574e-07,2.72636,0,0,0
38.5337,3,0,0,0,0,0,0,0,0,0,0
38.5337,4,0,0,0,0,0,0,0,0,0,0
38.5337,5,0,0,0,0,0,0,0,0,0,0
38.5864,0,3.12558,-5.12543,5.12485,-4.51311e-05,3.70622e-05,1.01223e-05,0.000739274,0,0,0
38.5864,1,5.37505,0.62497,5.12494,-5.79355e-06,1.89244e-06,3.6047e-06,8.56199e-05,0,0,0
38.5864,2,-1.41408,7.97138,1.31415,1.1369e-07,-1.27684e-07,1.63605e-07,2.72636,0,0,0
38.5864,3,0,0,0,0,0,0,0,0,0,0
38.5864,4,0,0,0,0,0,0,0,0,0,0
38.5864,5,0,0,0,0,0,0,0,0,0,0
38.6478,0,3.12558,-5.12543,5.12485,-4.52064e-05,3.7061e-05,1.02657e-05,0.000732487,0,0,0
38.6478,1,5.37505,0.62497,5.12494,-5.73572e-06,1.73831e-06,3.67838e-06,8.48584e-05,0,0,0
38.6478,2,-1.41408,7.97138,1.31415,1.19326e-07,-1.33453e-07,1.48057e-07,2.72636,0,0,0
38.6478,3,0,0,0,0,0,0,0,0,0,0
38.6478,4,0,0,0,0,0,0,0,0,0,0
38.6478,5,0,0,0,0,0,0,0,0,0,0
38.7138,0,3.12557,-5.12542,5.12485,-4.55739e-05,3.7379e-05,1.06677e-05,0.000732487,0,0,0
38.7138,1,5.37505,0.62497,5.12494,-5.84173e-06,1.67799e-06,3.6472e-06,8.48584e-05,0,0,0
38.7138,2,-1.41408,7.97138,1.31415,1.09406e-07,-1.22877e-07,1.3973e-07,2.72636,0,0,0
38.7138,3,0,0,0,0,0,0,0,0,0,0
38.7138,4,0,0,0,0,0,0,0,0,0,0
38.7138,5,0,0,0,0,0,0,0,0,0,0
38.7784,0,3.12557,-5.12542,5.12485,-4.61444e-05,3.77957e-05,1.0896e-05,0.000726116,0,0,0
38.7784,1,5.37505,0.62497,5.12494,-6.05531e-06,1.83008e-06,3.64644e-06,8.41728e-05,0,0,0
38.7784,2,-1.41408,7.97138,1.31415,1.29185e-07,-1.40644e-07,1.30214e-07,2.72636,0,0,0
38.7784,3,0,0,0,0,0,0,0,0,0,0
38.7784,4,0,0,0,0,0,0,0,0,0,0
38.7784,5,0,0,0,0,0,0,0,0,0,0
38.8422,0,3.12557,-5.12542,5.12485,-4.68692e-05,3.83567e-05,1.10571e-05,0.000726116,0,0,0
38.8422,1,5.37505,0.62497,5.12494,-5.86893e-06,1.75907e-06,3.60743e-06,8.41728e-05,0,0,0
38.8422,2,-1.41408,7.97138,1.31415,1.18976e-07,-1.28383e-07,1.26496e-07,2.72636,0,0,0
38.8422,3,0,0,0,0,0,0,0,0,0,0
38.8422,4,0,0,0,0,0,0,0,0,0,0
38.8422,5,0,0,0,0,0,0,0,0,0,0
38.8976,0,3.12556,-5.12542,5.12485,-4.77352e-05,3.90346e-05,1.11818e-05,0.000719483,0,0,0
38.8976,1,5.37504,0.624971,5.12494,-5.49926e-06,1.54257e-06,3.63725e-06,8.38436e-05,0,0,0
38.8976,2,-1.41408,7.97138,1.31415,1.26226e-07,-1.35353e-07,1.2211e-07,2.72636,0,0,0
38.8976,3,0,0,0,0,0,0,0,0,0,0
38.8976,4,0,0,0,0,0,0,0,0,0,0
38.8976,5,0,0,0,0,0,0,0,0,0,0
38.9509,0,3.12556,-5.12541,5.12485,-4.73945e-05,3.86354e-05,1.14135e-05,0.000719483,0,0,0
38.9509,1,5.37504,0.624971,5.12494,-5.68817e-06,1.557e-06,3.6625e-06,8.30223e-05,0,0,0
38.9509,2,-1.41408,7.97138,1.31415,1.21623e-07,-1.30694e-07,1.19471e-07,2.72636,0,0,0
38.9509,3,0,0,0,0,0,0,0,0,0,0
38.9509,4,0,0,0,0,0,0,0,0,0,0
38.9509,5,0,0,0,0,0,0,0,0,0,0
39.0087,0,3.12556,-5.12541,5.12485,-5.11775e-05,4.34586e-05,1.15514e-05,0.000712476,0,0,0
39.0087,1,5.37504,0.624971,5.12494,-6.07704e-06,1.75335e-06,3.67322e-06,8.30223e-05,0,0,0
39.0087,2,-1.41408,7.97138,1.31415,1.28478e-07,-1.3791e-07,1.17582e-07,2.72636,0,0,0
39.0087,3,0,0,0,0,0,0,0,0,0,0
39.0087,4,0,0,0,0,0,0,0,0,0,0
39.0087,5,0,0,0,0,0,0,0,0,0,0
39.0696,0,3.12556,-5.12541,5.12485,-5.11775e-05,4.34586e-05,1.15514e-05,0.000712476,0,0,0
39.0696,1,5.37504,0.624971,5.12494,-6.41505e-06,1.92067e-06,3.70273e-06,8.23664e-05,0,0,0
39.0696,2,-1.41408,7.97138,1.31415,1.29259e-07,-1.38683e-07,1.18119e-07,2.72636,0,0,0
39.0696,3,0,0,0,0,0,0,0,0,0,0
39.0696,4,0,0,0,0,0,0,0,0,0,0
39.0696,5,0,0,0,0,0,0,0,0,0,0
39.1274,0,3.12555,-5.12541,5.12485,-5.29447e-05,4.24602e-05,1.16488e-05,0.000704506,0,0,0
39.1274,1,5.37504,0.624971,5.12494,-6.22186e-06,1.8726e-06,3.60453e-06,8.23664e-05,0,0,0
39.1274,2,-1.41408,7.97138,1.31415,1.28671e-07,-1.38165e-07,1.18946e-07,2.72636,0,0,0
39.1274,3,0,0,0,0,0,0,0,0,0,0
39.1274,4,0,0,0,0,0,0,0,0,0,0
39.1274,5,0,0,0,0,0,0,0,0,0,0
39.1904,0,3.12555,-5.1254,5.12485,-5.37411e-05,4.26779e-05,1.17185e-05,0.000704506,0,0,0
39.1904,1,5.37504,0.624971,5.12494,-6.23405e-06,1.9046e-06,3.65054e-06,8.1332e-05,0,0,0
39.1904,2,-1.41408,7.97138,1.31415,1.33669e-07,-1.43261e-07,1.19018e-07,2.72636,0,0,0
39.1904,3,0,0,0,0,0,0,0,0,0,0
39.1904,4,0,0,0,0,0,0,0,0,0,0
39.1904,5,0,0,0,0,0,0,0,0,0,0
39.2631,0,3.12555,-5.1254,5.12485,-5.68906e-05,4.54867e-05,1.1733e-05,0.000696863,0,0,0
39.2631,1,5.37504,0.624971,5.12494,-6.44463e-06,2.05928e-06,3.56671e-06,8.1332e-05,0,0,0
39.2631,2,-1.41408,7.97138,1.31415,1.32734e-07,-1.42266e-07,1.20444e-07,2.72636,0,0,0
39.2631,3,0,0,0,0,0,0,0,0,0,0
39.2631,4,0,0,0,0,0,0,0,0,0,0
39.2631,5,0,0,0,0,0,0,0,0,0,0
39.3133,0,3.12554,-5.1254,5.12485,-5.50036e-05,4.36471e-05,1.16951e-05,0.000696863,0,0,0
39.3133,1,5.37504,0.624971,5.12494,-6.48165e-06,1.98939e-06,3.57852e-06,8.05531e-05,0,0,0
39.3133,2,-1.41408,7.97138,1.31415,1.37604e-07,-1.47219e-07,1.2334e-07,2.72636,0,0,0
39.3133,3,0,0,0,0,0,0,0,0,0,0
39.3133,4,0,0,0,0,0,0,0,0,0,0
39.3133,5,0,0,0,0,0,0,0,0,0,0
39.3635,0,3.12554,-5.1254,5.12485,-5.50036e-05,4.36471e-05,1.16951e-05,0.000689153,0,0,0
39.3635,1,5.37504,0.624972,5.12494,-6.50103e-06,2.00552e-06,3.60118e-06,8.05531e-05,0,0,0
39.3635,2,-1.41408,7.97138,1.31415,1.37604e-07,-1.47219e-07,1.2334e-07,2.72636,0,0,0
39.3635,3,0,0,0,0,0,0,0,0,0,0
39.3635,4,0,0,0,0,0,0,0,0,0,0
39.3635,5,0,0,0,0,0,0,0,0,0,0
39.4164,0,3.12554,-5.1254,5.12485,-5.76653e-05,4.59632e-05,1.16721e-05,0.000689153,0,0,0
39.4164,1,5.37504,0.624972,5.12494,-6.5872e-06,1.91713e-06,3.5969e-06,7.98196e-05,0,0,0
39.4164,2,-1.41408,7.97138,1.31415,1.34839e-07,-1.43171e-07,1.25498e-07,2.72636,0,0,0
39.4164,3,0,0,0,0,0,0,0,0,0,0
39.4164,4,0,0,0,0,0,0,0,0,0,0
39.4164,5,0,0,0,0,0,0,0,0,0,0
39.4747,0,3.12554,-5.12539,5.12486,-5.80435e-05,4.7405e-05,1.16774e-05,0.000679782,0,0,0
39.4747,1,5.37504,0.624972,5.12494,-6.81141e-06,2.02606e-06,3.66126e-06,7.98196e-05,0,0,0
39.4747,2,-1.41408,7.97138,1.31415,1.34839e-07,-1.43171e-07,1.25498e-07,2.72636,0,0,0
39.4747,3,0,0,0,0,0,0,0,0,0,0
39.4747,4,0,0,0,0,0,0,0,0,0,0
39.4747,5,0,0,0,0,0,0,0,0,0,0
39.5283,0,3.12553,-5.12539,5.12486,-5.42667e-05,4.34247e-05,1.17108e-05,0.000679782,0,0,0
39.5283,1,5.37504,0.624972,5.12494,-6.78071e-06,1.98508e-06,3.6155e-06,7.94258e-05,0,0,0
39.5283,2,-1.41408,7.97138,1.31415,1.35553e-07,-1.43993e-07,8.13036e-08,2.72636,0,0,0
39.5283,3,0,0,0,0,0,0,0,0,0,0
39.5283,4,0,0,0,0,0,0,0,0,0,0
39.5283,5,0,0,0,0,0,0,0,0,0,0
39.5892,0,3.12553,-5.12539,5.12486,-5.75234e-05,4.62104e-05,1.17922e-05,0.000672828,0,0,0
39.5892,1,5.37504,0.624972,5.12494,-6.55779e-06,1.96782e-06,3.60556e-06,7.94258e-05,0,0,0
39.5892,2,-1.41408,7.97138,1.31415,1.35553e-07,-1.43993e-07,8.13036e-08,2.72636,0,0,0
39.5892,3,0,0,0,0,0,0,0,0,0,0
39.5892,4,0,0,0,0,0,0,0,0,0,0
39.5892,5,0,0,0,0,0,0,0,0,0,0
39.6405,0,3.12552,-5.12538,5.12486,-6.09257e-05,4.92479e-05,1.19476e-05,0.000672828,0,0,0
39.6405,1,5.37504,0.624972,5.12494,-6.50752e-06,1.93815e-06,3.60363e-06,7.87224e-05,0,0,0
39.6405,2,-1.41408,7.97138,1.31415,1.40766e-07,-1.49906e-07,5.80504e-08,2.72636,0,0,0
39.6405,3,0,0,0,0,0,0,0,0,0,0
39.6405,4,0,0,0,0,0,0,0,0,0,0
39.6405,5,0,0,0,0,0,0,0,0,0,0
39.6958,0,3.12552,-5.12538,5.12486,-5.88833e-05,4.73955e-05,1.19646e-05,0.000663537,0,0,0
39.6958,1,5.37504,0.624972,5.12494,-6.44563e-06,1.9193e-06,3.60892e-06,7.87224e-05,0,0,0
39.6958,2,-1.41408,7.97138,1.31415,1.40766e-07,-1.49906e-07,5.80504e-08,2.72636,0,0,0
39.6958,3,0,0,0,0,0,0,0,0,0,0
39.6958,4,0,0,0,0,0,0,0,0,0,0
39.6958,5,0,0,0,0,0,0,0,0,0,0
39.7497,0,3.12552,-5.12538,5.12486,-5.88833e-05,4.73955e-05,1.19646e-05,0.000663537,0,0,0
39.7497,1,5.37504,0.624972,5.12494,-6.32807e-06,1.88569e-06,3.6174e-06,7.79978e-05,0,0,0
39.7497,2,-1.41408,7.97138,1.31415,1.3558e-07,-1.4464e-07,5.20851e-08,2.72636,0,0,0
39.7497,3,0,0,0,0,0,0,0,0,0,0
39.7497,4,0,0,0,0,0,0,0,0,0,0
39.7497,5,0,0,0,0,0,0,0,0,0,0
39.8035,0,3.12552,-5.12538,5.12486,-6.03798e-05,4.87808e-05,1.19413e-05,0.000655739,0,0,0
39.8035,1,5.37504,0.624972,5.12494,-6.48143e-06,1.983e-06,3.64759e-06,7.79978e-05,0,0,0
39.8035,2,-1.41408,7.97138,1.31415,1.34649e-07,-1.44712e-07,4.02878e-08,2.72636,0,0,0
39.8035,3,0,0,0,0,0,0,0,0,0,0
39.8035,4,0,0,0,0,0,0,0,0,0,0
39.8035,5,0,0,0,0,0,0,0,0,0,0
39.8544,0,3.12551,-5.12538,5.12486,-6.07419e-05,4.8847e-05,1.19808e-05,0.000655739,0,0,0
39.8544,1,5.37504,0.624972,5.12494,-6.17819e-06,1.83188e-06,3.699e-06,7.73802e-05,0,0,0
39.8544,2,-1.41408,7.97138,1.31415,1.45959e-07,-1.56659e-07,3.23998e-08,2.72636,0,0,0
39.8544,3,0,0,0,0,0,0,0,0,0,0
39.8544,4,0,0,0,0,0,0,0,0,0,0
39.8544,5,0,0,0,0,0,0,0,0,0,0
39.9122,0,3.12551,-5.12537,5.12486,-5.81954e-05,4.68866e-05,1.18906e-05,0.000648706,0,0,0
39.9122,1,5.37504,0.624972,5.12494,-5.97075e-06,1.73941e-06,3.71869e-06,7.73802e-05,0,0,0
39.9122,2,-1.41408,7.97138,1.31415,1.44524e-07,-1.55592e-07,2.86001e-08,2.72636,0,0,0
39.9122,3,0,0,0,0,0,0,0,0,0,0
39.9122,4,0,0,0,0,0,0,0,0,0,0
39.9122,5,0,0,0,0,0,0,0,0,0,0
39.9678,0,3.12551,-5.12537,5.12486,-5.65394e-05,4.53508e-05,1.17826e-05,0.000648706,0,0,0
39.9678,1,5.37504,0.624973,5.12494,-5.98785e-06,1.78807e-06,3.71712e-06,7.68254e-05,0,0,0
39.9678,2,-1.41408,7.97138,1.31415,1.42276e-07,-1.53706e-07,2.65173e-08,2.72636,0,0,0
39.9678,3,0,0,0,0,0,0,0,0,0,0
39.9678,4,0,0,0,0,0,0,0,0,0,0
39.9678,5,0,0,0,0,0,0,0,0,0,0
40.0206,0,3.12551,-5.12537,5.12486,-5.77459e-05,4.6529e-05,1.17479e-05,0.000640912,0,0,0
40.0206,1,5.37504,0.624973,5.12494,-6.25042e-06,1.91917e-06,3.7587e-06,7.68254e-05,0,0,0
40.0206,2,-1.41408,7.97138,1.31415,1.48222e-07,-1.60088e-07,2.25893e-08,2.72636,0,0,0
40.0206,3,0,0,0,0,0,0,0,0,0,0
40.0206,4,0,0,0,0,0,0,0,0,0,0
40.0206,5,0,0,0,0,0,0,0,0,0,0
40.0733,0,3.1255,-5.12537,5.12486,-6.10257e-05,5.06358e-05,1.16137e-05,0.000640912,0,0,0
40.0733,1,5.37504,0.624973,5.12494,-6.32201e-06,1.90242e-06,3.77284e-06,7.5954e-05,0,0,0
40.0733,2,-1.41408,7.97138,1.31415,1.43907e-07,-1.55935e-07,2.59663e-08,2.72636,0,0,0
40.0733,3,0,0,0,0,0,0,0,0,0,0
40.0733,4,0,0,0,0,0,0,0,0,0,0
40.0733,5,0,0,0,0,0,0,0,0,0,0
40.1235,0,3.1255,-5.12536,5.12486,-6.09813e-05,5.05431e-05,1.15767e-05,0.000631761,0,0,0
40.1235,1,5.37504,0.624973,5.12494,-6.58057e-06,2.04557e-06,3.76126e-06,7.5954e-05,0,0,0
40.1235,2,-1.41408,7.97138,1.31415,1.42906e-07,-1.55125e-07,6.08601e-08,2.72636,0,0,0
40.1235,3,0,0,0,0,0,0,0,0,0,0
40.1235,4,0,0,0,0,0,0,0,0,0,0
40.1235,5,0,0,0,0,0,0,0,0,0,0
40.1788,0,3.1255,-5.12536,5.12486,-5.43825e-05,4.46586e-05,1.15416e-05,0.000631761,0,0,0
40.1788,1,5.37504,0.624973,5.12494,-6.46415e-06,2.01212e-06,3.77947e-06,7.5174e-05,0,0,0
40.1788,2,-1.41408,7.97138,1.31415,1.42379e-07,-1.5446e-07,8.97272e-08,2.72636,0,0,0
40.1788,3,0,0,0,0,0,0,0,0,0,0
40.1788,4,0,0,0,0,0,0,0,0,0,0
40.1788,5,0,0,0,0,0,0,0,0,0,0
40.2346,0,3.1255,-5.12536,5.12486,-5.08876e-05,4.14705e-05,1.1321e-05,0.00062788,0,0,0
40.2346,1,5.37504,0.624973,5.12494,-6.53577e-06,1.93939e-06,3.74621e-06,7.5174e-05,0,0,0
40.2346,2,-1.41408,7.97138,1.31415,1.30546e-07,-1.42544e-07,9.52544e-08,2.72636,0,0,0
40.2346,3,0,0,0,0,0,0,0,0,0,0
40.2346,4,0,0,0,0,0,0,0,0,0,0
40.2346,5,0,0,0,0,0,0,0,0,0,0
40.2873,0,3.12549,-5.12536,5.12486,-5.99139e-05,4.99241e-05,1.11362e-05,0.00062788,0,0,0
40.2873,1,5.37504,0.624973,5.12494,-6.54805e-06,2.01001e-06,3.72234e-06,7.47425e-05,0,0,0
40.2873,2,-1.41408,7.97138,1.31415,1.35707e-07,-1.48371e-07,1.03338e-07,2.72636,0,0,0
40.2873,3,0,0,0,0,0,0,0,0,0,0
40.2873,4,0,0,0,0,0,0,0,0,0,0
40.2873,5,0,0,0,0,0,0,0,0,0,0
40.3427,0,3.12548,-5.12535,5.12487,-6.10888e-05,5.03668e-05,1.09841e-05,0.000617571,0,0,0
40.3427,1,5.37504,0.624973,5.12494,-6.24966e-06,1.8779e-06,3.75003e-06,7.47425e-05,0,0,0
40.3427,2,-1.41408,7.97138,1.31415,1.39054e-07,-1.51942e-07,1.0758e-07,2.72636,0,0,0
40.3427,3,0,0,0,0,0,0,0,0,0,0
40.3427,4,0,0,0,0,0,0,0,0,0,0
40.3427,5,0,0,0,0,0,0,0,0,0,0
40.3967,0,3.12548,-5.12535,5.12487,-6.10888e-05,5.03668e-05,1.09841e-05,0.000617571,0,0,0
40.3967,1,5.37504,0.624973,5.12494,-6.34096e-06,1.77331e-06,3.67784e-06,7.39346e-05,0,0,0
40.3967,2,-1.41408,7.97138,1.31415,1.4008e-07,-1.52118e-07,1.05886e-07,2.72636,0,0,0
40.3967,3,0,0,0,0,0,0,0,0,0,0
40.3967,4,0,0,0,0,0,0,0,0,0,0
40.3967,5,0,0,0,0,0,0,0,0,0,0
40.4632,0,3.12548,-5.12535,5.12487,-6.02468e-05,4.9424e-05,1.07463e-05,0.000609642,0,0,0
40.4632,1,5.37504,0.624973,5.12494,-6.62417e-06,2.00862e-06,3.63046e-06,7.39346e-05,0,0,0
40.4632,2,-1.41408,7.97138,1.31415,1.33357e-07,-1.45258e-07,1.01926e-07,2.72636,0,0,0
40.4632,3,0,0,0,0,0,0,0,0,0,0
40.4632,4,0,0,0,0,0,0,0,0,0,0
40.4632,5,0,0,0,0,0,0,0,0,0,0
40.514,0,3.12548,-5.12535,5.12487,-5.9269e-05,4.85385e-05,1.05833e-05,0.000609642,0,0,0
40.514,1,5.37504,0.624973,5.12494,-6.21845e-06,1.7859e-06,3.63062e-06,7.3164e-05,0,0,0
40.514,2,-1.41408,7.97138,1.31415,1.31308e-07,-1.43355e-07,1.01018e-07,2.72636,0,0,0
40.514,3,0,0,0,0,0,0,0,0,0,0
40.514,4,0,0,0,0,0,0,0,0,0,0
40.514,5,0,0,0,0,0,0,0,0,0,0
40.574,0,3.12548,-5.12534,5.12487,-5.09652e-05,4.11768e-05,1.02576e-05,0.000603369,0,0,0
40.574,1,5.37503,0.624974,5.12494,-5.9872e-06,1.72315e-06,3.58586e-06,7.3164e-05,0,0,0
40.574,2,-1.41408,7.97138,1.31415,1.24736e-07,-1.36774e-07,9.98981e-08,2.72636,0,0,0
40.574,3,0,0,0,0,0,0,0,0,0,0
40.574,4,0,0,0,0,0,0,0,0,0,0
40.574,5,0,0,0,0,0,0,0,0,0,0
40.6241,0,3.12547,-5.12534,5.12487,-5.61796e-05,4.62536e-05,1.01885e-05,0.000603369,0,0,0
40.6241,1,5.37503,0.624974,5.12494,-5.29429e-06,1.4565e-06,3.52627e-06,7.26012e-05,0,0,0
40.6241,2,-1.41408,7.97138,1.31415,1.27607e-07,-1.39538e-07,9.69916e-08,2.72636,0,0,0
40.6241,3,0,0,0,0,0,0,0,0,0,0
40.6241,4,0,0,0,0,0,0,0,0,0,0
40.6241,5,0,0,0,0,0,0,0,0,0,0
40.6743,0,3.12547,-5.12534,5.12487,-5.51663e-05,4.51293e-05,1.00817e-05,0.000595988,0,0,0
40.6743,1,5.37503,0.624974,5.12494,-4.93515e-06,1.38347e-06,3.45534e-06,7.26012e-05,0,0,0
40.6743,2,-1.41408,7.97138,1.31415,1.24504e-07,-1.36377e-07,9.76181e-08,2.72636,0,0,0
40.6743,3,0,0,0,0,0,0,0,0,0,0
40.6743,4,0,0,0,0,0,0,0,0,0,0
40.6743,5,0,0,0,0,0,0,0,0,0,0
40.7308,0,3.12547,-5.12534,5.12487,-5.43989e-05,4.4049e-05,9.97766e-06,0.000595988,0,0,0
40.7308,1,5.37503,0.624974,5.12494,-5.59854e-06,1.33407e-06,3.32028e-06,7.23872e-05,0,0,0
40.7308,2,-1.41408,7.97138,1.31415,1.29287e-07,-1.41139e-07,9.65538e-08,2.72636,0,0,0
40.7308,3,0,0,0,0,0,0,0,0,0,0
40.7308,4,0,0,0,0,0,0,0,0,0,0
40.7308,5,0,0,0,0,0,0,0,0,0,0
40.7873,0,3.12546,-5.12534,5.12487,-4.65413e-05,3.75255e-05,9.93273e-06,0.000588853,0,0,0
40.7873,1,5.37503,0.624974,5.12494,-7.28174e-06,2.50337e-06,3.38063e-06,7.23872e-05,0,0,0
40.7873,2,-1.41408,7.97138,1.31415,1.27773e-07,-1.39407e-07,9.79258e-08,2.72636,0,0,0
40.7873,3,0,0,0,0,0,0,0,0,0,0
40.7873,4,0,0,0,0,0,0,0,0,0,0
40.7873,5,0,0,0,0,0,0,0,0,0,0
40.8526,0,3.12546,-5.12533,5.12487,-4.76358e-05,3.87873e-05,9.7843e-06,0.000588853,0,0,0
40.8526,1,5.37503,0.624974,5.12494,-7.00305e-06,2.18211e-06,3.35022e-06,7.13135e-05,0,0,0
40.8526,2,-1.41408,7.97138,1.31415,1.23276e-07,-1.34565e-07,1.03817e-07,2.72636,0,0,0
40.8526,3,0,0,0,0,0,0,0,0,0,0
40.8526,4,0,0,0,0,0,0,0,0,0,0
40.8526,5,0,0,0,0,0,0,0,0,0,0
40.9187,0,3.12546,-5.12533,5.12487,-5.05983e-05,4.14782e-05,9.73079e-06,0.000583845,0,0,0
40.9187,1,5.37503,0.624974,5.12494,-6.90566e-06,2.05069e-06,3.23687e-06,7.13135e-05,0,0,0
40.9187,2,-1.41408,7.97138,1.31415,1.2245e-07,-1.33414e-07,1.05528e-07,2.72636,0,0,0
40.9187,3,0,0,0,0,0,0,0,0,0,0
40.9187,4,0,0,0,0,0,0,0,0,0,0
40.9187,5,0,0,0,0,0,0,0,0,0,0
40.9765,0,3.12546,-5.12533,5.12487,-5.1134e-05,4.18722e-05,9.5905e-06,0.000583845,0,0,0
40.9765,1,5.37503,0.624974,5.12494,-6.93848e-06,2.0807e-06,3.13167e-06,7.06067e-05,0,0,0
40.9765,2,-1.41408,7.97138,1.31415,1.22274e-07,-1.32899e-07,1.0971e-07,2.72636,0,0,0
40.9765,3,0,0,0,0,0,0,0,0,0,0
40.9765,4,0,0,0,0,0,0,0,0,0,0
40.9765,5,0,0,0,0,0,0,0,0,0,0
41.0343,0,3.12545,-5.12533,5.12487,-4.84174e-05,3.93533e-05,9.48905e-06,0.000575411,0,0,0
41.0343,1,5.37503,0.624974,5.12494,-6.71789e-06,1.95077e-06,3.02017e-06,7.06067e-05,0,0,0
41.0343,2,-1.41408,7.97138,1.31415,1.23378e-07,-1.33778e-07,1.12126e-07,2.72636,0,0,0
41.0343,3,0,0,0,0,0,0,0,0,0,0
41.0343,4,0,0,0,0,0,0,0,0,0,0
41.0343,5,0,0,0,0,0,0,0,0,0,0
41.0905,0,3.12545,-5.12533,5.12487,-4.84174e-05,3.93533e-05,9.48905e-06,0.000575411,0,0,0
41.0905,1,5.37503,0.624974,5.12494,-6.52415e-06,1.89468e-06,2.92769e-06,6.98755e-05,0,0,0
41.0905,2,-1.41408,7.97138,1.31415,1.21744e-07,-1.31792e-07,9.83689e-08,2.72636,0,0,0
41.0905,3,0,0,0,0,0,0,0,0,0,0
41.0905,4,0,0,0,0,0,0,0,0,0,0
41.0905,5,0,0,0,0,0,0,0,0,0,0
41.1477,0,3.12545,-5.12532,5.12487,-4.64735e-05,3.77807e-05,9.33851e-06,0.000573048,0,0,0
41.1477,1,5.37503,0.624974,5.12494,-6.52415e-06,1.89468e-06,2.92769e-06,6.98755e-05,0,0,0
41.1477,2,-1.41408,7.97138,1.31415,1.19971e-07,-1.2959e-07,8.63587e-08,2.72636,0,0,0
41.1477,3,0,0,0,0,0,0,0,0,0,0
41.1477,4,0,0,0,0,0,0,0,0,0,0
41.1477,5,0,0,0,0,0,0,0,0,0,0
41.214,0,3.12545,-5.12532,5.12487,-4.56857e-05,3.71845e-05,9.29589e-06,0.000573048,0,0,0
41.214,1,5.37503,0.624975,5.12494,-6.24462e-06,1.8406e-06,2.87184e-06,6.91581e-05,0,0,0
41.214,2,-1.41408,7.97138,1.31415,1.13811e-07,-1.22934e-07,6.24303e-08,2.72636,0,0,0
41.214,3,0,0,0,0,0,0,0,0,0,0
41.214,4,0,0,0,0,0,0,0,0,0,0
41.214,5,0,0,0,0,0,0,0,0,0,0
41.2694,0,3.12544,-5.12532,5.12487,-4.76072e-05,3.90083e-05,9.28817e-06,0.00056439,0,0,0
41.2694,1,5.37503,0.624975,5.12494,-5.55704e-06,1.41806e-06,2.87337e-06,6.91581e-05,0,0,0
41.2694,2,-1.41408,7.97138,1.31415,1.10296e-07,-1.19131e-07,4.34436e-08,2.72636,0,0,0
41.2694,3,0,0,0,0,0,0,0,0,0,0
41.2694,4,0,0,0,0,0,0,0,0,0,0
41.2694,5,0,0,0,0,0,0,0,0,0,0
41.3248,0,3.12544,-5.12532,5.12487,-4.76072e-05,3.90083e-05,9.28817e-06,0.00056439,0,0,0
41.3248,1,5.37503,0.624975,5.12494,-5.66576e-06,1.68417e-06,2.84519e-06,6.86445e-05,0,0,0
41.3248,2,-1.41408,7.97138,1.31415,1.17595e-07,-1.26368e-07,3.2257e-08,2.72636,0,0,0
41.3248,3,0,0,0,0,0,0,0,0,0,0
41.3248,4,0,0,0,0,0,0,0,0,0,0
41.3248,5,0,0,0,0,0,0,0,0,0,0
41.3752,0,3.12544,-5.12531,5.12487,-4.49723e-05,3.66513e-05,9.25344e-06,0.000557626,0,0,0
41.3752,1,5.37503,0.624975,5.12494,-5.70561e-06,1.64434e-06,2.85292e-06,6.86445e-05,0,0,0
41.3752,2,-1.41408,7.97138,1.31415,1.14723e-07,-1.23189e-07,2.70469e-08,2.72636,0,0,0
41.3752,3,0,0,0,0,0,0,0,0,0,0
41.3752,4,0,0,0,0,0,0,0,0,0,0
41.3752,5,0,0,0,0,0,0,0,0,0,0
41.4402,0,3.12544,-5.12531,5.12487,-4.27705e-05,3.46826e-05,9.20642e-06,0.000554826,0,0,0
41.4402,1,5.37503,0.624975,5.12494,-5.49403e-06,1.62319e-06,2.83556e-06,6.82141e-05,0,0,0
41.4402,2,-1.41408,7.97138,1.31415,1.07992e-07,-1.16007e-07,2.3384e-08,2.72636,0,0,0
41.4402,3,0,0,0,0,0,0,0,0,0,0
41.4402,4,0,0,0,0,0,0,0,0,0,0
41.4402,5,0,0,0,0,0,0,0,0,0,0
41.4955,0,3.12544,-5.12531,5.12488,-4.23256e-05,3.44467e-05,9.18333e-06,0.000554826,0,0,0
41.4955,1,5.37503,0.624975,5.12494,-5.49403e-06,1.62319e-06,2.83556e-06,6.82141e-05,0,0,0
41.4955,2,-1.41408,7.97138,1.31415,1.0612e-07,-1.13956e-07,2.02954e-08,2.72636,0,0,0
41.4955,3,0,0,0,0,0,0,0,0,0,0
41.4955,4,0,0,0,0,0,0,0,0,0,0
41.4955,5,0,0,0,0,0,0,0,0,0,0
41.556,0,3.12543,-5.12531,5.12488,-4.01187e-05,3.24844e-05,9.33781e-06,0.000549851,0,0,0
41.556,1,5.37503,0.624975,5.12494,-5.28697e-06,1.55246e-06,2.8102e-06,6.76519e-05,0,0,0
41.556,2,-1.41408,7.97138,1.31415,1.03251e-07,-1.108e-07,1.63503e-08,2.72636,0,0,0
41.556,3,0,0,0,0,0,0,0,0,0,0
41.556,4,0,0,0,0,0,0,0,0,0,0
41.556,5,0,0,0,0,0,0,0,0,0,0
41.614,0,3.12543,-5.12531,5.12488,-4.31802e-05,3.53471e-05,9.52416e-06,0.000549851,0,0,0
41.614,1,5.37503,0.624975,5.12494,-4.70106e-06,1.36263e-06,2.83941e-06,6.76519e-05,0,0,0
41.614,2,-1.41408,7.97138,1.31415,1.03251e-07,-1.108e-07,1.63503e-08,2.72636,0,0,0
41.614,3,0,0,0,0,0,0,0,0,0,0
41.614,4,0,0,0,0,0,0,0,0,0,0
41.614,5,0,0,0,0,0,0,0,0,0,0
41.6644,0,3.12543,-5.12531,5.12488,-4.25521e-05,3.47019e-05,9.71911e-06,0.000543776,0,0,0
41.6644,1,5.37503,0.624975,5.12494,-4.74514e-06,1.4614e-06,2.84477e-06,6.71745e-05,0,0,0
41.6644,2,-1.41408,7.97138,1.31415,9.57751e-08,-1.03203e-07,1.89356e-08,2.72636,0,0,0
41.6644,3,0,0,0,0,0,0,0,0,0,0
41.6644,4,0,0,0,0,0,0,0,0,0,0
41.6644,5,0,0,0,0,0,0,0,0,0,0
41.7259,0,3.12543,-5.1253,5.12488,-4.12637e-05,3.37304e-05,9.86013e-06,0.000543776,0,0,0
41.7259,1,5.37503,0.624975,5.12494,-4.38794e-06,1.26968e-06,2.82637e-06,6.71745e-05,0,0,0
41.7259,2,-1.41408,7.97138,1.31415,9.5349e-08,-1.0256e-07,1.95196e-08,2.72636,0,0,0
41.7259,3,0,0,0,0,0,0,0,0,0,0
41.7259,4,0,0,0,0,0,0,0,0,0,0
41.7259,5,0,0,0,0,0,0,0,0,0,0
41.7869,0,3.12542,-5.1253,5.12488,-4.10403e-05,3.37376e-05,9.98838e-06,0.000538183,0,0,0
41.7869,1,5.37503,0.624975,5.12495,-4.62558e-06,1.47069e-06,2.8607e-06,6.70576e-05,0,0,0
41.7869,2,-1.41408,7.97138,1.31415,9.52131e-08,-1.02695e-07,2.25933e-08,2.72636,0,0,0
41.7869,3,0,0,0,0,0,0,0,0,0,0
41.7869,4,0,0,0,0,0,0,0,0,0,0
41.7869,5,0,0,0,0,0,0,0,0,0,0
41.8424,0,3.12542,-5.1253,5.12488,-4.28122e-05,3.52831e-05,1.00967e-05,0.000538183,0,0,0
41.8424,1,5.37503,0.624975,5.12495,-4.73977e-06,1.51144e-06,2.92843e-06,6.70576e-05,0,0,0
41.8424,2,-1.41408,7.97138,1.31415,9.57358e-08,-1.03253e-07,2.65287e-08,2.72636,0,0,0
41.8424,3,0,0,0,0,0,0,0,0,0,0
41.8424,4,0,0,0,0,0,0,0,0,0,0
41.8424,5,0,0,0,0,0,0,0,0,0,0
41.9032,0,3.12542,-5.1253,5.12488,-4.15896e-05,3.41067e-05,1.00932e-05,0.000529075,0,0,0
41.9032,1,5.37503,0.624975,5.12495,-4.26346e-06,1.1436e-06,2.94325e-06,6.63129e-05,0,0,0
41.9032,2,-1.41408,7.97138,1.31415,8.99429e-08,-9.7286e-08,3.10043e-08,2.72636,0,0,0
41.9032,3,0,0,0,0,0,0,0,0,0,0
41.9032,4,0,0,0,0,0,0,0,0,0,0
41.9032,5,0,0,0,0,0,0,0,0,0,0
41.956,0,3.12542,-5.1253,5.12488,-4.14723e-05,3.36332e-05,1.00464e-05,0.000529075,0,0,0
41.956,1,5.37503,0.624976,5.12495,-4.42234e-06,1.33098e-06,2.99303e-06,6.59288e-05,0,0,0
41.956,2,-1.41408,7.97138,1.31415,8.89658e-08,-9.63662e-08,3.46997e-08,2.72636,0,0,0
41.956,3,0,0,0,0,0,0,0,0,0,0
41.956,4,0,0,0,0,0,0,0,0,0,0
41.956,5,0,0,0,0,0,0,0,0,0,0
42.0174,0,3.12541,-5.12529,5.12488,-4.36622e-05,3.54488e-05,9.95468e-06,0.000522386,0,0,0
42.0174,1,5.37503,0.624976,5.12495,-4.5707e-06,1.42043e-06,2.9696e-06,6.59288e-05,0,0,0
42.0174,2,-1.41408,7.97138,1.31415,8.70475e-08,-9.43444e-08,3.47991e-08,2.72636,0,0,0
42.0174,3,0,0,0,0,0,0,0,0,0,0
42.0174,4,0,0,0,0,0,0,0,0,0,0
42.0174,5,0,0,0,0,0,0,0,0,0,0
42.0781,0,3.12541,-5.12529,5.12488,-4.55013e-05,3.72629e-05,9.82054e-06,0.000522386,0,0,0
42.0781,1,5.37503,0.624976,5.12495,-4.6855e-06,1.49826e-06,2.936e-06,6.50232e-05,0,0,0
42.0781,2,-1.41408,7.97138,1.31415,8.60943e-08,-9.35954e-08,4.26316e-08,2.72636,0,0,0
42.0781,3,0,0,0,0,0,0,0,0,0,0
42.0781,4,0,0,0,0,0,0,0,0,0,0
42.0781,5,0,0,0,0,0,0,0,0,0,0
42.1396,0,3.12541,-5.12529,5.12488,-4.59548e-05,3.76551e-05,9.53962e-06,0.000518703,0,0,0
42.1396,1,5.37503,0.624976,5.12495,-4.74181e-06,1.3885e-06,2.94426e-06,6.50232e-05,0,0,0
42.1396,2,-1.41408,7.97138,1.31415,7.9938e-08,-8.73914e-08,4.60738e-08,2.72636,0,0,0
42.1396,3,0,0,0,0,0,0,0,0,0,0
42.1396,4,0,0,0,0,0,0,0,0,0,0
42.1396,5,0,0,0,0,0,0,0,0,0,0
42.1953,0,3.12541,-5.12529,5.12488,-4.38006e-05,3.55258e-05,9.34845e-06,0.000518703,0,0,0
42.1953,1,5.37503,0.624976,5.12495,-4.67091e-06,1.36514e-06,2.90466e-06,6.46688e-05,0,0,0
42.1953,2,-1.41408,7.97138,1.31415,7.73131e-08,-8.49138e-08,6.02781e-08,2.72636,0,0,0
42.1953,3,0,0,0,0,0,0,0,0,0,0
42.1953,4,0,0,0,0,0,0,0,0,0,0
42.1953,5,0,0,0,0,0,0,0,0,0,0
42.2645,0,3.1254,-5.12529,5.12488,-4.7669e-05,3.90665e-05,9.23024e-06,0.000512899,0,0,0
42.2645,1,5.37503,0.624976,5.12495,-4.77314e-06,1.31874e-06,2.88039e-06,6.46688e-05,0,0,0
42.2645,2,-1.41408,7.97138,1.31415,7.62719e-08,-8.38552e-08,1.13428e-07,2.72636,0,0,0
42.2645,3,0,0,0,0,0,0,0,0,0,0
42.2645,4,0,0,0,0,0,0,0,0,0,0
42.2645,5,0,0,0,0,0,0,0,0,0,0
42.3172,0,3.1254,-5.12528,5.12488,-4.71338e-05,3.84014e-05,9.13118e-06,0.000512899,0,0,0
42.3172,1,5.37503,0.624976,5.12495,-4.91076e-06,1.47254e-06,2.86434e-06,6.40621e-05,0,0,0
42.3172,2,-1.41408,7.97138,1.31415,7.5057e-08,-8.29113e-08,1.19742e-07,2.72636,0,0,0
42.3172,3,0,0,0,0,0,0,0,0,0,0
42.3172,4,0,0,0,0,0,0,0,0,0,0
42.3172,5,0,0,0,0,0,0,0,0,0,0
42.3775,0,3.1254,-5.12528,5.12488,-4.69381e-05,3.81832e-05,9.01168e-06,0.000505599,0,0,0
42.3775,1,5.37503,0.624976,5.12495,-4.62741e-06,1.26943e-06,2.80942e-06,6.40621e-05,0,0,0
42.3775,2,-1.41408,7.97138,1.31415,7.5057e-08,-8.29113e-08,1.19742e-07,2.72636,0,0,0
42.3775,3,0,0,0,0,0,0,0,0,0,0
42.3775,4,0,0,0,0,0,0,0,0,0,0
42.3775,5,0,0,0,0,0,0,0,0,0,0
42.4277,0,3.1254,-5.12528,5.12488,-4.17018e-05,3.36233e-05,9.03674e-06,0.000505599,0,0,0
42.4277,1,5.37503,0.624976,5.12495,-4.72287e-06,1.2576e-06,2.76794e-06,6.37378e-05,0,0,0
42.4277,2,-1.41408,7.97138,1.31415,7.00682e-08,-7.77492e-08,1.25636e-07,2.72636,0,0,0
42.4277,3,0,0,0,0,0,0,0,0,0,0
42.4277,4,0,0,0,0,0,0,0,0,0,0
42.4277,5,0,0,0,0,0,0,0,0,0,0
42.481,0,3.12539,-5.12528,5.12488,-4.83737e-05,3.98692e-05,9.15269e-06,0.000501351,0,0,0
42.481,1,5.37503,0.624976,5.12495,-4.95077e-06,1.42146e-06,2.81344e-06,6.37378e-05,0,0,0
42.481,2,-1.41408,7.97138,1.31415,6.81453e-08,-7.62817e-08,1.29929e-07,2.72636,0,0,0
42.481,3,0,0,0,0,0,0,0,0,0,0
42.481,4,0,0,0,0,0,0,0,0,0,0
42.481,5,0,0,0,0,0,0,0,0,0,0
42.5443,0,3.12539,-5.12528,5.12488,-4.62562e-05,3.76019e-05,9.28211e-06,0.000501351,0,0,0
42.5443,1,5.37503,0.624976,5.12495,-4.96091e-06,1.41022e-06,2.80823e-06,6.30224e-05,0,0,0
42.5443,2,-1.41408,7.97138,1.31415,7.73267e-08,-8.57292e-08,1.31368e-07,2.72636,0,0,0
42.5443,3,0,0,0,0,0,0,0,0,0,0
42.5443,4,0,0,0,0,0,0,0,0,0,0
42.5443,5,0,0,0,0,0,0,0,0,0,0
42.6054,0,3.12539,-5.12527,5.12488,-4.59053e-05,3.7245e-05,9.35396e-06,0.000493819,0,0,0
42.6054,1,5.37503,0.624976,5.12495,-5.21058e-06,1.69181e-06,2.79526e-06,6.30224e-05,0,0,0
42.6054,2,-1.41408,7.97138,1.31415,7.17096e-08,-8.01905e-08,1.34593e-07,2.72636,0,0,0
42.6054,3,0,0,0,0,0,0,0,0,0,0
42.6054,4,0,0,0,0,0,0,0,0,0,0
42.6054,5,0,0,0,0,0,0,0,0,0,0
42.6556,0,3.12539,-5.12527,5.12489,-4.23698e-05,3.41641e-05,9.42381e-06,0.000493819,0,0,0
42.6556,1,5.37502,0.624976,5.12495,-5.15546e-06,1.46505e-06,2.83143e-06,6.25583e-05,0,0,0
42.6556,2,-1.41408,7.97138,1.31415,7.129e-08,-7.97473e-08,1.34685e-07,2.72636,0,0,0
42.6556,3,0,0,0,0,0,0,0,0,0,0
42.6556,4,0,0,0,0,0,0,0,0,0,0
42.6556,5,0,0,0,0,0,0,0,0,0,0
42.7135,0,3.12539,-5.12527,5.12489,-4.3771e-05,3.54242e-05,9.47361e-06,0.00048916,0,0,0
42.7135,1,5.37502,0.624977,5.12495,-4.80018e-06,1.32079e-06,2.8637e-06,6.25583e-05,0,0,0
42.7135,2,-1.41408,7.97138,1.31415,7.0997e-08,-7.93629e-08,1.38698e-07,2.72636,0,0,0
42.7135,3,0,0,0,0,0,0,0,0,0,0
42.7135,4,0,0,0,0,0,0,0,0,0,0
42.7135,5,0,0,0,0,0,0,0,0,0,0
42.7773,0,3.12538,-5.12527,5.12489,-4.53279e-05,3.6933e-05,9.52601e-06,0.00048916,0,0,0
42.7773,1,5.37502,0.624977,5.12495,-5.24603e-06,1.79774e-06,2.83702e-06,6.20139e-05,0,0,0
42.7773,2,-1.41408,7.97138,1.31415,7.28545e-08,-8.08517e-08,1.40445e-07,2.72636,0,0,0
42.7773,3,0,0,0,0,0,0,0,0,0,0
42.7773,4,0,0,0,0,0,0,0,0,0,0
42.7773,5,0,0,0,0,0,0,0,0,0,0
42.8344,0,3.12538,-5.12527,5.12489,-4.52366e-05,3.67066e-05,9.57117e-06,0.000482267,0,0,0
42.8344,1,5.37502,0.624977,5.12495,-5.08643e-06,1.60828e-06,2.8274e-06,6.20139e-05,0,0,0
42.8344,2,-1.41408,7.97138,1.31415,7.34685e-08,-8.13263e-08,1.46194e-07,2.72636,0,0,0
42.8344,3,0,0,0,0,0,0,0,0,0,0
42.8344,4,0,0,0,0,0,0,0,0,0,0
42.8344,5,0,0,0,0,0,0,0,0,0,0
42.8853,0,3.12538,-5.12527,5.12489,-4.35915e-05,3.51935e-05,9.59333e-06,0.000482267,0,0,0
42.8853,1,5.37502,0.624977,5.12495,-4.72522e-06,1.39839e-06,2.88499e-06,6.17675e-05,0,0,0
42.8853,2,-1.41408,7.97138,1.31415,7.24114e-08,-8.00256e-08,1.49849e-07,2.72636,0,0,0
42.8853,3,0,0,0,0,0,0,0,0,0,0
42.8853,4,0,0,0,0,0,0,0,0,0,0
42.8853,5,0,0,0,0,0,0,0,0,0,0
42.9536,0,3.12538,-5.12526,5.12489,-4.66325e-05,3.79879e-05,9.62644e-06,0.000476419,0,0,0
42.9536,1,5.37502,0.624977,5.12495,-4.79373e-06,1.29318e-06,2.8688e-06,6.17675e-05,0,0,0
42.9536,2,-1.41408,7.97138,1.31415,7.12767e-08,-7.89395e-08,1.40687e-07,2.72636,0,0,0
42.9536,3,0,0,0,0,0,0,0,0,0,0
42.9536,4,0,0,0,0,0,0,0,0,0,0
42.9536,5,0,0,0,0,0,0,0,0,0,0
43.0064,0,3.12537,-5.12526,5.12489,-4.48321e-05,3.63458e-05,9.63889e-06,0.000476419,0,0,0
43.0064,1,5.37502,0.624977,5.12495,-4.67933e-06,1.37328e-06,2.81042e-06,6.13191e-05,0,0,0
43.0064,2,-1.41408,7.97138,1.31415,7.50475e-08,-8.25388e-08,1.2547e-07,2.72636,0,0,0
43.0064,3,0,0,0,0,0,0,0,0,0,0
43.0064,4,0,0,0,0,0,0,0,0,0,0
43.0064,5,0,0,0,0,0,0,0,0,0,0
43.0591,0,3.12537,-5.12526,5.12489,-4.49576e-05,3.64889e-05,9.61785e-06,0.000469891,0,0,0
43.0591,1,5.37502,0.624977,5.12495,-4.73706e-06,1.27989e-06,2.77309e-06,6.13191e-05,0,0,0
43.0591,2,-1.41408,7.97138,1.31415,7.49115e-08,-8.21167e-08,1.00831e-07,2.72636,0,0,0
43.0591,3,0,0,0,0,0,0,0,0,0,0
43.0591,4,0,0,0,0,0,0,0,0,0,0
43.0591,5,0,0,0,0,0,0,0,0,0,0
43.1101,0,3.12537,-5.12526,5.12489,-4.30339e-05,3.48296e-05,9.60413e-06,0.000469891,0,0,0
43.1101,1,5.37502,0.624977,5.12495,-4.91546e-06,1.46986e-06,2.73549e-06,6.0729e-05,0,0,0
43.1101,2,-1.41408,7.97138,1.31415,7.45622e-08,-8.14317e-08,7.94178e-08,2.72636,0,0,0
43.1101,3,0,0,0,0,0,0,0,0,0,0
43.1101,4,0,0,0,0,0,0,0,0,0,0
43.1101,5,0,0,0,0,0,0,0,0,0,0
43.168,0,3.12537,-5.12526,5.12489,-4.47412e-05,3.63861e-05,9.57498e-06,0.000464503,0,0,0
43.168,1,5.37502,0.624977,5.12495,-5.00776e-06,1.51873e-06,2.6993e-06,6.0729e-05,0,0,0
43.168,2,-1.41408,7.97138,1.31415,7.4297e-08,-8.07818e-08,7.57726e-08,2.72636,0,0,0
43.168,3,0,0,0,0,0,0,0,0,0,0
43.168,4,0,0,0,0,0,0,0,0,0,0
43.168,5,0,0,0,0,0,0,0,0,0,0
43.2228,0,3.12536,-5.12525,5.12489,-4.45912e-05,3.62264e-05,9.59449e-06,0.000464503,0,0,0
43.2228,1,5.37502,0.624977,5.12495,-4.79433e-06,1.38473e-06,2.69935e-06,6.02793e-05,0,0,0
43.2228,2,-1.41408,7.97138,1.31415,7.75765e-08,-8.35193e-08,5.7549e-08,2.72636,0,0,0
43.2228,3,0,0,0,0,0,0,0,0,0,0
43.2228,4,0,0,0,0,0,0,0,0,0,0
43.2228,5,0,0,0,0,0,0,0,0,0,0
43.278,0,3.12536,-5.12525,5.12489,-4.65326e-05,3.79803e-05,9.56078e-06,0.000457881,0,0,0
43.278,1,5.37502,0.624977,5.12495,-4.69367e-06,1.39031e-06,2.63451e-06,6.02793e-05,0,0,0
43.278,2,-1.41408,7.97138,1.31415,7.09389e-08,-7.65613e-08,5.26718e-08,2.72636,0,0,0
43.278,3,0,0,0,0,0,0,0,0,0,0
43.278,4,0,0,0,0,0,0,0,0,0,0
43.278,5,0,0,0,0,0,0,0,0,0,0
43.3413,0,3.12536,-5.12525,5.12489,-4.78088e-05,3.9005e-05,9.45175e-06,0.000457881,0,0,0
43.3413,1,5.37502,0.624977,5.12495,-4.61938e-06,1.36131e-06,2.54365e-06,5.98139e-05,0,0,0
43.3413,2,-1.41408,7.97138,1.31415,7.44768e-08,-7.9688e-08,4.86874e-08,2.72636,0,0,0
43.3413,3,0,0,0,0,0,0,0,0,0,0
43.3413,4,0,0,0,0,0,0,0,0,0,0
43.3413,5,0,0,0,0,0,0,0,0,0,0
43.4001,0,3.12536,-5.12525,5.12489,-4.75725e-05,3.87619e-05,9.28419e-06,0.00045066,0,0,0
43.4001,1,5.37502,0.624977,5.12495,-4.64303e-06,1.37949e-06,2.51782e-06,5.98139e-05,0,0,0
43.4001,2,-1.41408,7.97138,1.31415,7.44312e-08,-7.97336e-08,4.75787e-08,2.72636,0,0,0
43.4001,3,0,0,0,0,0,0,0,0,0,0
43.4001,4,0,0,0,0,0,0,0,0,0,0
43.4001,5,0,0,0,0,0,0,0,0,0,0
43.456,0,3.12536,-5.12525,5.12489,-4.56502e-05,3.70442e-05,9.1797e-06,0.00045066,0,0,0
43.456,1,5.37502,0.624978,5.12495,-4.64858e-06,1.33946e-06,2.49614e-06,5.9306e-05,0,0,0
43.456,2,-1.41408,7.97138,1.31415,7.37617e-08,-7.88863e-08,4.71959e-08,2.72636,0,0,0
43.456,3,0,0,0,0,0,0,0,0,0,0
43.456,4,0,0,0,0,0,0,0,0,0,0
43.456,5,0,0,0,0,0,0,0,0,0,0
43.5061,0,3.12535,-5.12524,5.12489,-4.56524e-05,3.77681e-05,9.01285e-06,0.000445283,0,0,0
43.5061,1,5.37502,0.624978,5.12495,-4.48958e-06,1.32315e-06,2.38553e-06,5.9306e-05,0,0,0
43.5061,2,-1.41408,7.97138,1.31415,7.37964e-08,-7.88016e-08,4.80204e-08,2.72636,0,0,0
43.5061,3,0,0,0,0,0,0,0,0,0,0
43.5061,4,0,0,0,0,0,0,0,0,0,0
43.5061,5,0,0,0,0,0,0,0,0,0,0
43.5579,0,3.12535,-5.12524,5.12489,-4.20061e-05,3.48248e-05,8.93754e-06,0.000445283,0,0,0
43.5579,1,5.37502,0.624978,5.12495,-4.44783e-06,1.328e-06,2.35616e-06,5.89427e-05,0,0,0
43.5579,2,-1.41408,7.97138,1.31415,7.28506e-08,-7.77281e-08,4.83964e-08,2.72636,0,0,0
43.5579,3,0,0,0,0,0,0,0,0,0,0
43.5579,4,0,0,0,0,0,0,0,0,0,0
43.5579,5,0,0,0,0,0,0,0,0,0,0
43.6091,0,3.12535,-5.12524,5.12489,-4.24718e-05,3.53566e-05,8.79828e-06,0.000439968,0,0,0
43.6091,1,5.37502,0.624978,5.12495,-4.08231e-06,1.24144e-06,2.34793e-06,5.89427e-05,0,0,0
43.6091,2,-1.41408,7.97138,1.31415,7.28506e-08,-7.77281e-08,4.83964e-08,2.72636,0,0,0
43.6091,3,0,0,0,0,0,0,0,0,0,0
43.6091,4,0,0,0,0,0,0,0,0,0,0
43.6091,5,0,0,0,0,0,0,0,0,0,0
43.6619,0,3.12535,-5.12524,5.12489,-4.09007e-05,3.38469e-05,8.67667e-06,0.000439968,0,0,0
43.6619,1,5.37502,0.624978,5.12495,-4.11471e-06,1.15868e-06,2.34334e-06,5.85095e-05,0,0,0
43.6619,2,-1.41408,7.97138,1.31415,7.25742e-08,-7.73797e-08,4.96949e-08,2.72636,0,0,0
43.6619,3,0,0,0,0,0,0,0,0,0,0
43.6619,4,0,0,0,0,0,0,0,0,0,0
43.6619,5,0,0,0,0,0,0,0,0,0,0
43.7122,0,3.12534,-5.12524,5.12489,-4.50282e-05,3.76165e-05,8.55741e-06,0.00043435,0,0,0
43.7122,1,5.37502,0.624978,5.12495,-4.05468e-06,1.20676e-06,2.30215e-06,5.85095e-05,0,0,0
43.7122,2,-1.41408,7.97138,1.31415,7.08181e-08,-7.5524e-08,5.24243e-08,2.72636,0,0,0
43.7122,3,0,0,0,0,0,0,0,0,0,0
43.7122,4,0,0,0,0,0,0,0,0,0,0
43.7122,5,0,0,0,0,0,0,0,0,0,0
43.7624,0,3.12534,-5.12523,5.12489,-4.44555e-05,3.674e-05,8.4446e-06,0.00043435,0,0,0
43.7624,1,5.37502,0.624978,5.12495,-4.03331e-06,1.17875e-06,2.28927e-06,5.81179e-05,0,0,0
43.7624,2,-1.41408,7.97138,1.31415,7.33978e-08,-7.80939e-08,5.41074e-08,2.72636,0,0,0
43.7624,3,0,0,0,0,0,0,0,0,0,0
43.7624,4,0,0,0,0,0,0,0,0,0,0
43.7624,5,0,0,0,0,0,0,0,0,0,0
43.8229,0,3.12534,-5.12523,5.1249,-4.08493e-05,3.33831e-05,8.376e-06,0.000427321,0,0,0
43.8229,1,5.37502,0.624978,5.12495,-3.98826e-06,1.15054e-06,2.27164e-06,5.81179e-05,0,0,0
43.8229,2,-1.41408,7.97138,1.31415,6.95009e-08,-7.40523e-08,5.42688e-08,2.72636,0,0,0
43.8229,3,0,0,0,0,0,0,0,0,0,0
43.8229,4,0,0,0,0,0,0,0,0,0,0
43.8229,5,0,0,0,0,0,0,0,0,0,0
43.8733,0,3.12534,-5.12523,5.1249,-4.33331e-05,3.56724e-05,8.30618e-06,0.000427321,0,0,0
43.8733,1,5.37502,0.624978,5.12495,-3.97547e-06,1.23022e-06,2.31418e-06,5.7703e-05,0,0,0
43.8733,2,-1.41408,7.97138,1.31415,7.20109e-08,-7.67486e-08,5.97901e-08,2.72636,0,0,0
43.8733,3,0,0,0,0,0,0,0,0,0,0
43.8733,4,0,0,0,0,0,0,0,0,0,0
43.8733,5,0,0,0,0,0,0,0,0,0,0
43.9238,0,3.12534,-5.12523,5.1249,-4.08369e-05,3.39979e-05,8.25432e-06,0.00042208,0,0,0
43.9238,1,5.37502,0.624978,5.12495,-3.97547e-06,1.23022e-06,2.31418e-06,5.7703e-05,0,0,0
43.9238,2,-1.41408,7.97138,1.31415,7.13026e-08,-7.62027e-08,6.12959e-08,2.72636,0,0,0
43.9238,3,0,0,0,0,0,0,0,0,0,0
43.9238,4,0,0,0,0,0,0,0,0,0,0
43.9238,5,0,0,0,0,0,0,0,0,0,0
43.977,0,3.12533,-5.12523,5.1249,-4.11958e-05,3.35524e-05,8.23914e-06,0.00042208,0,0,0
43.977,1,5.37502,0.624978,5.12495,-3.65523e-06,1.06459e-06,2.25756e-06,5.74144e-05,0,0,0
43.977,2,-1.41408,7.97138,1.31415,7.05149e-08,-7.57068e-08,9.30868e-08,2.72636,0,0,0
43.977,3,0,0,0,0,0,0,0,0,0,0
43.977,4,0,0,0,0,0,0,0,0,0,0
43.977,5,0,0,0,0,0,0,0,0,0,0
44.0372,0,3.12533,-5.12523,5.1249,-4.21027e-05,3.40762e-05,8.26574e-06,0.000417485,0,0,0
44.0372,1,5.37502,0.624978,5.12495,-3.74653e-06,1.1872e-06,2.25667e-06,5.74144e-05,0,0,0
44.0372,2,-1.41408,7.97138,1.31415,6.78008e-08,-7.29838e-08,1.2411e-07,2.72636,0,0,0
44.0372,3,0,0,0,0,0,0,0,0,0,0
44.0372,4,0,0,0,0,0,0,0,0,0,0
44.0372,5,0,0,0,0,0,0,0,0,0,0
44.0905,0,3.12533,-5.12523,5.1249,-4.14201e-05,3.33335e-05,8.25385e-06,0.000417485,0,0,0
44.0905,1,5.37502,0.624978,5.12495,-3.64198e-06,1.09347e-06,2.30404e-06,5.69594e-05,0,0,0
44.0905,2,-1.41408,7.97138,1.31415,7.01873e-08,-7.55915e-08,1.37519e-07,2.72636,0,0,0
44.0905,3,0,0,0,0,0,0,0,0,0,0
44.0905,4,0,0,0,0,0,0,0,0,0,0
44.0905,5,0,0,0,0,0,0,0,0,0,0
44.1511,0,3.12533,-5.12522,5.1249,-3.94197e-05,3.1552e-05,8.2416e-06,0.000411992,0,0,0
44.1511,1,5.37502,0.624978,5.12495,-3.88128e-06,1.26958e-06,2.41913e-06,5.69594e-05,0,0,0
44.1511,2,-1.41408,7.97138,1.31415,6.94069e-08,-7.50578e-08,1.46414e-07,2.72636,0,0,0
44.1511,3,0,0,0,0,0,0,0,0,0,0
44.1511,4,0,0,0,0,0,0,0,0,0,0
44.1511,5,0,0,0,0,0,0,0,0,0,0
44.2051,0,3.12533,-5.12522,5.1249,-3.42451e-05,2.70963e-05,8.22796e-06,0.000411992,0,0,0
44.2051,1,5.37502,0.624978,5.12495,-3.85707e-06,1.21769e-06,2.40842e-06,5.66328e-05,0,0,0
44.2051,2,-1.41408,7.97138,1.31415,6.64529e-08,-7.20658e-08,1.49598e-07,2.72636,0,0,0
44.2051,3,0,0,0,0,0,0,0,0,0,0
44.2051,4,0,0,0,0,0,0,0,0,0,0
44.2051,5,0,0,0,0,0,0,0,0,0,0
44.2604,0,3.12533,-5.12522,5.1249,-3.44648e-05,2.72067e-05,8.23406e-06,0.000408929,0,0,0
44.2604,1,5.37502,0.624978,5.12495,-3.86308e-06,1.20198e-06,2.41643e-06,5.66328e-05,0,0,0
44.2604,2,-1.41408,7.97138,1.31415,6.00468e-08,-6.54502e-08,1.49267e-07,2.72636,0,0,0
44.2604,3,0,0,0,0,0,0,0,0,0,0
44.2604,4,0,0,0,0,0,0,0,0,0,0
44.2604,5,0,0,0,0,0,0,0,0,0,0
44.3131,0,3.12532,-5.12522,5.1249,-3.91053e-05,3.14419e-05,8.25085e-06,0.000408929,0,0,0
44.3131,1,5.37502,0.624978,5.12495,-3.72864e-06,1.1408e-06,2.43232e-06,5.61057e-05,0,0,0
44.3131,2,-1.41408,7.97138,1.31415,6.44164e-08,-6.75068e-08,1.44824e-07,2.72636,0,0,0
44.3131,3,0,0,0,0,0,0,0,0,0,0
44.3131,4,0,0,0,0,0,0,0,0,0,0
44.3131,5,0,0,0,0,0,0,0,0,0,0
44.3719,0,3.12532,-5.12522,5.1249,-3.91053e-05,3.14419e-05,8.25085e-06,0.000402421,0,0,0
44.3719,1,5.37502,0.624979,5.12495,-3.98954e-06,1.30048e-06,2.40284e-06,5.61057e-05,0,0,0
44.3719,2,-1.41408,7.97138,1.31415,6.71687e-08,-7.17911e-08,1.46181e-07,2.72636,0,0,0
44.3719,3,0,0,0,0,0,0,0,0,0,0
44.3719,4,0,0,0,0,0,0,0,0,0,0
44.3719,5,0,0,0,0,0,0,0,0,0,0
44.4229,0,3.12532,-5.12522,5.1249,-4.27027e-05,3.46973e-05,8.22491e-06,0.000402421,0,0,0
44.4229,1,5.37502,0.624979,5.12495,-3.76741e-06,1.14727e-06,2.34815e-06,5.58218e-05,0,0,0
44.4229,2,-1.41408,7.97138,1.31415,6.562e-08,-7.05729e-08,1.5019e-07,2.72636,0,0,0
44.4229,3,0,0,0,0,0,0,0,0,0,0
44.4229,4,0,0,0,0,0,0,0,0,0,0
44.4229,5,0,0,0,0,0,0,0,0,0,0
44.4782,0,3.12532,-5.12522,5.1249,-4.12132e-05,3.31947e-05,8.12408e-06,0.000398564,0,0,0
44.4782,1,5.37502,0.624979,5.12495,-3.65749e-06,1.08341e-06,2.31134e-06,5.58218e-05,0,0,0
44.4782,2,-1.41408,7.97138,1.31415,6.20145e-08,-6.72368e-08,1.15404e-07,2.72636,0,0,0
44.4782,3,0,0,0,0,0,0,0,0,0,0
44.4782,4,0,0,0,0,0,0,0,0,0,0
44.4782,5,0,0,0,0,0,0,0,0,0,0
44.5284,0,3.12532,-5.12521,5.1249,-3.93935e-05,3.16943e-05,8.06021e-06,0.000398564,0,0,0
44.5284,1,5.37502,0.624979,5.12495,-4.00662e-06,1.3107e-06,2.33042e-06,5.53161e-05,0,0,0
44.5284,2,-1.41408,7.97138,1.31415,6.48162e-08,-7.00647e-08,8.10659e-08,2.72636,0,0,0
44.5284,3,0,0,0,0,0,0,0,0,0,0
44.5284,4,0,0,0,0,0,0,0,0,0,0
44.5284,5,0,0,0,0,0,0,0,0,0,0
44.579,0,3.12531,-5.12521,5.1249,-3.77979e-05,3.04462e-05,7.88013e-06,0.000394134,0,0,0
44.579,1,5.37502,0.624979,5.12495,-4.05308e-06,1.24124e-06,2.30662e-06,5.53161e-05,0,0,0
44.579,2,-1.41408,7.97138,1.31415,6.14911e-08,-6.64092e-08,5.21124e-08,2.72636,0,0,0
44.579,3,0,0,0,0,0,0,0,0,0,0
44.579,4,0,0,0,0,0,0,0,0,0,0
44.579,5,0,0,0,0,0,0,0,0,0,0
44.6342,0,3.12531,-5.12521,5.1249,-3.6117e-05,2.90348e-05,7.70192e-06,0.000394134,0,0,0
44.6342,1,5.37502,0.624979,5.12495,-4.05424e-06,1.27233e-06,2.25006e-06,5.50455e-05,0,0,0
44.6342,2,-1.41408,7.97138,1.31415,6.1015e-08,-6.56989e-08,4.50435e-08,2.72636,0,0,0
44.6342,3,0,0,0,0,0,0,0,0,0,0
44.6342,4,0,0,0,0,0,0,0,0,0,0
44.6342,5,0,0,0,0,0,0,0,0,0,0
44.6973,0,3.12531,-5.12521,5.1249,-3.58546e-05,2.86583e-05,7.58419e-06,0.000390076,0,0,0
44.6973,1,5.37502,0.624979,5.12495,-3.64796e-06,1.04847e-06,2.21733e-06,5.50455e-05,0,0,0
44.6973,2,-1.41408,7.97138,1.31415,6.03021e-08,-6.50589e-08,3.0769e-08,2.72636,0,0,0
44.6973,3,0,0,0,0,0,0,0,0,0,0
44.6973,4,0,0,0,0,0,0,0,0,0,0
44.6973,5,0,0,0,0,0,0,0,0,0,0
44.7556,0,3.12531,-5.12521,5.1249,-3.85099e-05,3.12526e-05,7.56262e-06,0.000390076,0,0,0
44.7556,1,5.37502,0.624979,5.12495,-3.89258e-06,1.21675e-06,2.22445e-06,5.4546e-05,0,0,0
44.7556,2,-1.41408,7.97138,1.31415,6.44787e-08,-6.90737e-08,2.35454e-08,2.72636,0,0,0
44.7556,3,0,0,0,0,0,0,0,0,0,0
44.7556,4,0,0,0,0,0,0,0,0,0,0
44.7556,5,0,0,0,0,0,0,0,0,0,0
44.8063,0,3.12531,-5.12521,5.1249,-4.11567e-05,3.35655e-05,7.44026e-06,0.000384114,0,0,0
44.8063,1,5.37502,0.624979,5.12495,-3.61299e-06,1.03864e-06,2.19273e-06,5.4546e-05,0,0,0
44.8063,2,-1.41408,7.97138,1.31415,6.47684e-08,-6.92604e-08,1.89373e-08,2.72636,0,0,0
44.8063,3,0,0,0,0,0,0,0,0,0,0
44.8063,4,0,0,0,0,0,0,0,0,0,0
44.8063,5,0,0,0,0,0,0,0,0,0,0
44.8647,0,3.1253,-5.1252,5.1249,-3.71714e-05,2.99743e-05,7.40102e-06,0.000384114,0,0,0
44.8647,1,5.37502,0.624979,5.12495,-3.85395e-06,1.20192e-06,2.08562e-06,5.43291e-05,0,0,0
44.8647,2,-1.41408,7.97138,1.31415,6.48382e-08,-6.92043e-08,1.36039e-08,2.72636,0,0,0
44.8647,3,0,0,0,0,0,0,0,0,0,0
44.8647,4,0,0,0,0,0,0,0,0,0,0
44.8647,5,0,0,0,0,0,0,0,0,0,0
44.9172,0,3.1253,-5.1252,5.1249,-4.0766e-05,3.32899e-05,7.36673e-06,0.000379075,0,0,0
44.9172,1,5.37502,0.624979,5.12495,-3.87669e-06,1.18059e-06,2.09307e-06,5.43291e-05,0,0,0
44.9172,2,-1.41408,7.97138,1.31415,6.44328e-08,-6.87042e-08,1.04659e-08,2.72636,0,0,0
44.9172,3,0,0,0,0,0,0,0,0,0,0
44.9172,4,0,0,0,0,0,0,0,0,0,0
44.9172,5,0,0,0,0,0,0,0,0,0,0
44.98,0,3.1253,-5.1252,5.1249,-3.84356e-05,3.11031e-05,7.30598e-06,0.000379075,0,0,0
44.98,1,5.37502,0.624979,5.12495,-3.78665e-06,1.13023e-06,2.16638e-06,5.38513e-05,0,0,0
44.98,2,-1.41408,7.97138,1.31415,5.80792e-08,-6.23097e-08,1.07035e-08,2.72636,0,0,0
44.98,3,0,0,0,0,0,0,0,0,0,0
44.98,4,0,0,0,0,0,0,0,0,0,0
44.98,5,0,0,0,0,0,0,0,0,0,0
45.0681,0,3.1253,-5.1252,5.1249,-3.67348e-05,2.95324e-05,7.19508e-06,0.000373339,0,0,0
45.0681,1,5.37502,0.624979,5.12495,-3.81627e-06,1.07233e-06,2.25093e-06,5.38513e-05,0,0,0
45.0681,2,-1.41408,7.97138,1.31415,5.9021e-08,-6.25741e-08,7.13397e-09,2.72636,0,0,0
45.0681,3,0,0,0,0,0,0,0,0,0,0
45.0681,4,0,0,0,0,0,0,0,0,0,0
45.0681,5,0,0,0,0,0,0,0,0,0,0
45.1258,0,3.1253,-5.1252,5.1249,-3.8975e-05,3.17252e-05,7.15383e-06,0.000373339,0,0,0
45.1258,1,5.37502,0.624979,5.12495,-3.8743e-06,1.17228e-06,2.21639e-06,5.3697e-05,0,0,0
45.1258,2,-1.41408,7.97138,1.31415,6.38747e-08,-6.7411e-08,8.88901e-09,2.72636,0,0,0
45.1258,3,0,0,0,0,0,0,0,0,0,0
45.1258,4,0,0,0,0,0,0,0,0,0,0
45.1258,5,0,0,0,0,0,0,0,0,0,0
45.176,0,3.12529,-5.1252,5.1249,-3.6977e-05,2.9956e-05,7.04979e-06,0.000368111,0,0,0
45.176,1,5.37501,0.624979,5.12495,-3.69166e-06,1.05661e-06,2.22816e-06,5.3697e-05,0,0,0
45.176,2,-1.41408,7.97138,1.31415,6.05086e-08,-6.39001e-08,9.86682e-09,2.72636,0,0,0
45.176,3,0,0,0,0,0,0,0,0,0,0
45.176,4,0,0,0,0,0,0,0,0,0,0
45.176,5,0,0,0,0,0,0,0,0,0,0
45.2337,0,3.12529,-5.1252,5.12491,-3.53301e-05,2.82864e-05,6.88843e-06,0.000368111,0,0,0
45.2337,1,5.37501,0.624979,5.12495,-3.74939e-06,1.11883e-06,2.25487e-06,5.34872e-05,0,0,0
45.2337,2,-1.41408,7.97138,1.31415,6.41157e-08,-6.75388e-08,7.25121e-09,2.72636,0,0,0
45.2337,3,0,0,0,0,0,0,0,0,0,0
45.2337,4,0,0,0,0,0,0,0,0,0,0
45.2337,5,0,0,0,0,0,0,0,0,0,0
45.2839,0,3.12529,-5.12519,5.12491,-3.73076e-05,3.03342e-05,6.78894e-06,0.000364433,0,0,0
45.2839,1,5.37501,0.624979,5.12495,-3.31781e-06,9.18358e-07,2.26903e-06,5.34872e-05,0,0,0
45.2839,2,-1.41408,7.97138,1.31415,5.82957e-08,-6.15211e-08,8.89029e-09,2.72636,0,0,0
45.2839,3,0,0,0,0,0,0,0,0,0,0
45.2839,4,0,0,0,0,0,0,0,0,0,0
45.2839,5,0,0,0,0,0,0,0,0,0,0
45.3391,0,3.12529,-5.12519,5.12491,-3.3843e-05,2.72563e-05,6.69662e-06,0.000364433,0,0,0
45.3391,1,5.37501,0.624979,5.12495,-3.28022e-06,9.044e-07,2.21102e-06,5.30255e-05,0,0,0
45.3391,2,-1.41408,7.97138,1.31415,5.9844e-08,-6.30789e-08,1.07139e-08,2.72636,0,0,0
45.3391,3,0,0,0,0,0,0,0,0,0,0
45.3391,4,0,0,0,0,0,0,0,0,0,0
45.3391,5,0,0,0,0,0,0,0,0,0,0
45.4053,0,3.12529,-5.12519,5.12491,-3.16955e-05,2.52901e-05,6.56695e-06,0.000357717,0,0,0
45.4053,1,5.37501,0.62498,5.12495,-3.2005e-06,9.76739e-07,2.13605e-06,5.30255e-05,0,0,0
45.4053,2,-1.41408,7.97138,1.31415,5.85472e-08,-6.18014e-08,1.81427e-08,2.72636,0,0,0
45.4053,3,0,0,0,0,0,0,0,0,0,0
45.4053,4,0,0,0,0,0,0,0,0,0,0
45.4053,5,0,0,0,0,0,0,0,0,0,0
45.4687,0,3.12528,-5.12519,5.12491,-3.40693e-05,2.74067e-05,6.48619e-06,0.000357717,0,0,0
45.4687,1,5.37501,0.62498,5.12495,-3.56714e-06,1.1429e-06,2.12763e-06,5.28349e-05,0,0,0
45.4687,2,-1.41408,7.97138,1.31415,5.65394e-08,-5.97315e-08,2.29268e-08,2.72636,0,0,0
45.4687,3,0,0,0,0,0,0,0,0,0,0
45.4687,4,0,0,0,0,0,0,0,0,0,0
45.4687,5,0,0,0,0,0,0,0,0,0,0
45.5215,0,3.12528,-5.12519,5.12491,-3.584e-05,2.90602e-05,6.41936e-06,0.000353202,0,0,0
45.5215,1,5.37501,0.62498,5.12495,-3.53347e-06,1.10041e-06,2.08769e-06,5.28349e-05,0,0,0
45.5215,2,-1.41408,7.97138,1.31415,5.45033e-08,-5.76599e-08,2.76432e-08,2.72636,0,0,0
45.5215,3,0,0,0,0,0,0,0,0,0,0
45.5215,4,0,0,0,0,0,0,0,0,0,0
45.5215,5,0,0,0,0,0,0,0,0,0,0
45.5809,0,3.12528,-5.12519,5.12491,-3.45415e-05,2.78922e-05,6.30661e-06,0.000348286,0,0,0
45.5809,1,5.37501,0.62498,5.12495,-3.60076e-06,1.1424e-06,2.02346e-06,5.22659e-05,0,0,0
45.5809,2,-1.41408,7.97138,1.31415,5.09936e-08,-5.41017e-08,3.09137e-08,2.72636,0,0,0
45.5809,3,0,0,0,0,0,0,0,0,0,0
45.5809,4,0,0,0,0,0,0,0,0,0,0
45.5809,5,0,0,0,0,0,0,0,0,0,0
45.6378,0,3.12528,-5.12519,5.12491,-3.38592e-05,2.73451e-05,6.27264e-06,0.000348286,0,0,0
45.6378,1,5.37501,0.62498,5.12495,-3.63321e-06,1.08531e-06,1.95319e-06,5.22659e-05,0,0,0
45.6378,2,-1.41408,7.97138,1.31415,5.11218e-08,-5.42608e-08,3.56438e-08,2.72636,0,0,0
45.6378,3,0,0,0,0,0,0,0,0,0,0
45.6378,4,0,0,0,0,0,0,0,0,0,0
45.6378,5,0,0,0,0,0,0,0,0,0,0
45.6967,0,3.12528,-5.12518,5.12491,-3.23678e-05,2.61987e-05,6.20851e-06,0.000344442,0,0,0
45.6967,1,5.37501,0.62498,5.12495,-3.50999e-06,1.08734e-06,1.93075e-06,5.20247e-05,0,0,0
45.6967,2,-1.41408,7.97138,1.31415,4.90683e-08,-5.22782e-08,4.1673e-08,2.72636,0,0,0
45.6967,3,0,0,0,0,0,0,0,0,0,0
45.6967,4,0,0,0,0,0,0,0,0,0,0
45.6967,5,0,0,0,0,0,0,0,0,0,0
45.7497,0,3.12528,-5.12518,5.12491,-2.83006e-05,2.24872e-05,6.32169e-06,0.000344442,0,0,0
45.7497,1,5.37501,0.62498,5.12495,-3.56526e-06,1.12884e-06,1.95448e-06,5.15633e-05,0,0,0
45.7497,2,-1.41408,7.97138,1.31415,4.80771e-08,-5.13333e-08,4.59298e-08,2.72636,0,0,0
45.7497,3,0,0,0,0,0,0,0,0,0,0
45.7497,4,0,0,0,0,0,0,0,0,0,0
45.7497,5,0,0,0,0,0,0,0,0,0,0
45.7999,0,3.12527,-5.12518,5.12491,-3.06452e-05,2.48893e-05,6.4019e-06,0.00034064,0,0,0
45.7999,1,5.37501,0.62498,5.12495,-3.52983e-06,1.11608e-06,1.93972e-06,5.15633e-05,0,0,0
45.7999,2,-1.41408,7.97138,1.31415,4.5838e-08,-4.91819e-08,6.67421e-08,2.72636,0,0,0
45.7999,3,0,0,0,0,0,0,0,0,0,0
45.7999,4,0,0,0,0,0,0,0,0,0,0
45.7999,5,0,0,0,0,0,0,0,0,0,0
45.8563,0,3.12527,-5.12518,5.12491,-3.11036e-05,2.50716e-05,6.59698e-06,0.00034064,0,0,0
45.8563,1,5.37501,0.62498,5.12495,-3.49766e-06,1.10445e-06,1.86745e-06,5.1382e-05,0,0,0
45.8563,2,-1.41408,7.97138,1.31415,4.33675e-08,-4.66802e-08,9.30138e-08,2.72636,0,0,0
45.8563,3,0,0,0,0,0,0,0,0,0,0
45.8563,4,0,0,0,0,0,0,0,0,0,0
45.8563,5,0,0,0,0,0,0,0,0,0,0
45.9209,0,3.12527,-5.12518,5.12491,-2.99842e-05,2.41263e-05,6.69734e-06,0.000338449,0,0,0
45.9209,1,5.37501,0.62498,5.12495,-3.46719e-06,1.09405e-06,1.86664e-06,5.1382e-05,0,0,0
45.9209,2,-1.41408,7.97138,1.31415,4.10836e-08,-4.44142e-08,9.66401e-08,2.72636,0,0,0
45.9209,3,0,0,0,0,0,0,0,0,0,0
45.9209,4,0,0,0,0,0,0,0,0,0,0
45.9209,5,0,0,0,0,0,0,0,0,0,0
45.9814,0,3.12527,-5.12518,5.12491,-2.93525e-05,2.36247e-05,6.71063e-06,0.000338449,0,0,0
45.9814,1,5.37501,0.62498,5.12495,-3.43861e-06,1.08404e-06,1.87685e-06,5.1382e-05,0,0,0
45.9814,2,-1.41408,7.97138,1.31415,4.09392e-08,-4.29294e-08,1.0218e-07,2.72636,0,0,0
45.9814,3,0,0,0,0,0,0,0,0,0,0
45.9814,4,0,0,0,0,0,0,0,0,0,0
45.9814,5,0,0,0,0,0,0,0,0,0,0
46.0372,0,3.12527,-5.12518,5.12491,-2.89292e-05,2.32292e-05,6.73716e-06,0.000338449,0,0,0
46.0372,1,5.37501,0.62498,5.12495,-3.43647e-06,1.06069e-06,1.87757e-06,5.10377e-05,0,0,0
46.0372,2,-1.41408,7.97138,1.31415,3.73181e-08,-3.95877e-08,1.06497e-07,2.72636,0,0,0
46.0372,3,0,0,0,0,0,0,0,0,0,0
46.0372,4,0,0,0,0,0,0,0,0,0,0
46.0372,5,0,0,0,0,0,0,0,0,0,0
46.0888,0,3.12527,-5.12517,5.12491,-3.04267e-05,2.42939e-05,6.74036e-06,0.000334583,0,0,0
46.0888,1,5.37501,0.62498,5.12495,-3.02882e-06,8.76202e-07,1.92992e-06,5.10377e-05,0,0,0
46.0888,2,-1.41408,7.97138,1.31415,3.48363e-08,-3.71887e-08,1.09457e-07,2.72636,0,0,0
46.0888,3,0,0,0,0,0,0,0,0,0,0
46.0888,4,0,0,0,0,0,0,0,0,0,0
46.0888,5,0,0,0,0,0,0,0,0,0,0
46.1542,0,3.12527,-5.12517,5.12491,-3.04267e-05,2.42939e-05,6.74036e-06,0.000329923,0,0,0
46.1542,1,5.37501,0.62498,5.12495,-3.0849e-06,9.59355e-07,1.90043e-06,5.07713e-05,0,0,0
46.1542,2,-1.41408,7.97138,1.31415,3.54111e-08,-3.808e-08,1.08267e-07,2.72636,0,0,0
46.1542,3,0,0,0,0,0,0,0,0,0,0
46.1542,4,0,0,0,0,0,0,0,0,0,0
46.1542,5,0,0,0,0,0,0,0,0,0,0
46.2093,0,3.12526,-5.12517,5.12491,-2.90818e-05,2.29567e-05,6.73507e-06,0.000329923,0,0,0
46.2093,1,5.37501,0.62498,5.12495,-3.16524e-06,1.02963e-06,1.901e-06,5.06035e-05,0,0,0
46.2093,2,-1.41408,7.97138,1.31415,3.4337e-08,-3.74288e-08,1.11665e-07,2.72636,0,0,0
46.2093,3,0,0,0,0,0,0,0,0,0,0
46.2093,4,0,0,0,0,0,0,0,0,0,0
46.2093,5,0,0,0,0,0,0,0,0,0,0
46.2712,0,3.12526,-5.12517,5.12491,-3.06183e-05,2.462e-05,6.71464e-06,0.000324852,0,0,0
46.2712,1,5.37501,0.62498,5.12496,-3.25571e-06,1.01908e-06,1.93822e-06,5.06035e-05,0,0,0
46.2712,2,-1.41408,7.97138,1.31415,3.36018e-08,-3.68358e-08,1.1436e-07,2.72636,0,0,0
46.2712,3,0,0,0,0,0,0,0,0,0,0
46.2712,4,0,0,0,0,0,0,0,0,0,0
46.2712,5,0,0,0,0,0,0,0,0,0,0
46.3291,0,3.12526,-5.12517,5.12491,-2.66091e-05,2.07784e-05,6.73769e-06,0.000324852,0,0,0
46.3291,1,5.37501,0.62498,5.12496,-3.25233e-06,1.00477e-06,1.95016e-06,5.01199e-05,0,0,0
46.3291,2,-1.41408,7.97138,1.31415,3.2888e-08,-3.63121e-08,1.18829e-07,2.72636,0,0,0
46.3291,3,0,0,0,0,0,0,0,0,0,0
46.3291,4,0,0,0,0,0,0,0,0,0,0
46.3291,5,0,0,0,0,0,0,0,0,0,0
46.3899,0,3.12526,-5.12517,5.12491,-3.0443e-05,2.45968e-05,6.80363e-06,0.000320867,0,0,0
46.3899,1,5.37501,0.62498,5.12496,-3.31304e-06,1.03609e-06,1.94351e-06,5.01199e-05,0,0,0
46.3899,2,-1.41408,7.97138,1.31415,3.10526e-08,-3.44729e-08,1.22694e-07,2.72636,0,0,0
46.3899,3,0,0,0,0,0,0,0,0,0,0
46.3899,4,0,0,0,0,0,0,0,0,0,0
46.3899,5,0,0,0,0,0,0,0,0,0,0
46.4452,0,3.12526,-5.12517,5.12491,-3.03156e-05,2.43569e-05,6.82618e-06,0.000320867,0,0,0
46.4452,1,5.37501,0.624981,5.12496,-3.39424e-06,1.05752e-06,1.8583e-06,4.98749e-05,0,0,0
46.4452,2,-1.41408,7.97138,1.31415,3.23352e-08,-3.5826e-08,1.25777e-07,2.72636,0,0,0
46.4452,3,0,0,0,0,0,0,0,0,0,0
46.4452,4,0,0,0,0,0,0,0,0,0,0
46.4452,5,0,0,0,0,0,0,0,0,0,0
46.5062,0,3.12526,-5.12517,5.12491,-3.03879e-05,2.44481e-05,6.84914e-06,0.000316889,0,0,0
46.5062,1,5.37501,0.624981,5.12496,-3.21035e-06,9.22687e-07,1.85294e-06,4.98749e-05,0,0,0
46.5062,2,-1.41408,7.97138,1.31415,3.21077e-08,-3.56109e-08,1.33614e-07,2.72636,0,0,0
46.5062,3,0,0,0,0,0,0,0,0,0,0
46.5062,4,0,0,0,0,0,0,0,0,0,0
46.5062,5,0,0,0,0,0,0,0,0,0,0
46.5691,0,3.12525,-5.12516,5.12491,-3.04512e-05,2.45201e-05,6.92122e-06,0.000316889,0,0,0
46.5691,1,5.37501,0.624981,5.12496,-3.17578e-06,9.17474e-07,1.8835e-06,4.95325e-05,0,0,0
46.5691,2,-1.41408,7.97138,1.31415,3.19224e-08,-3.53949e-08,1.33115e-07,2.72636,0,0,0
46.5691,3,0,0,0,0,0,0,0,0,0,0
46.5691,4,0,0,0,0,0,0,0,0,0,0
46.5691,5,0,0,0,0,0,0,0,0,0,0
46.6192,0,3.12525,-5.12516,5.12491,-2.99191e-05,2.41388e-05,7.00686e-06,0.000312567,0,0,0
46.6192,1,5.37501,0.624981,5.12496,-2.97167e-06,8.17318e-07,1.91448e-06,4.95325e-05,0,0,0
46.6192,2,-1.41408,7.97138,1.31415,3.16671e-08,-3.51037e-08,1.05157e-07,2.72636,0,0,0
46.6192,3,0,0,0,0,0,0,0,0,0,0
46.6192,4,0,0,0,0,0,0,0,0,0,0
46.6192,5,0,0,0,0,0,0,0,0,0,0
46.681,0,3.12525,-5.12516,5.12491,-2.83661e-05,2.27996e-05,7.03301e-06,0.000312567,0,0,0
46.681,1,5.37501,0.624981,5.12496,-3.12145e-06,9.40802e-07,1.89212e-06,4.92289e-05,0,0,0
46.681,2,-1.41408,7.97138,1.31415,3.12875e-08,-3.45872e-08,8.66239e-08,2.72636,0,0,0
46.681,3,0,0,0,0,0,0,0,0,0,0
46.681,4,0,0,0,0,0,0,0,0,0,0
46.681,5,0,0,0,0,0,0,0,0,0,0
46.7361,0,3.12525,-5.12516,5.12491,-2.88412e-05,2.31818e-05,7.0153e-06,0.000308927,0,0,0
46.7361,1,5.37501,0.624981,5.12496,-3.14607e-06,8.90112e-07,1.83133e-06,4.92289e-05,0,0,0
46.7361,2,-1.41408,7.97138,1.31415,3.06306e-08,-3.37868e-08,7.69944e-08,2.72636,0,0,0
46.7361,3,0,0,0,0,0,0,0,0,0,0
46.7361,4,0,0,0,0,0,0,0,0,0,0
46.7361,5,0,0,0,0,0,0,0,0,0,0
46.7889,0,3.12525,-5.12516,5.12491,-3.05501e-05,2.44587e-05,6.99817e-06,0.000308927,0,0,0
46.7889,1,5.37501,0.624981,5.12496,-2.71048e-06,6.67909e-07,1.81007e-06,4.91829e-05,0,0,0
46.7889,2,-1.41408,7.97138,1.31415,2.91962e-08,-3.21592e-08,6.34037e-08,2.72636,0,0,0
46.7889,3,0,0,0,0,0,0,0,0,0,0
46.7889,4,0,0,0,0,0,0,0,0,0,0
46.7889,5,0,0,0,0,0,0,0,0,0,0
46.839,0,3.12525,-5.12516,5.12491,-3.00763e-05,2.43217e-05,7.00313e-06,0.000304249,0,0,0
46.839,1,5.37501,0.624981,5.12496,-2.46823e-06,6.12166e-07,1.80566e-06,4.91829e-05,0,0,0
46.839,2,-1.41408,7.97138,1.31415,2.93744e-08,-3.21829e-08,5.57622e-08,2.72636,0,0,0
46.839,3,0,0,0,0,0,0,0,0,0,0
46.839,4,0,0,0,0,0,0,0,0,0,0
46.839,5,0,0,0,0,0,0,0,0,0,0
46.9017,0,3.12524,-5.12516,5.12492,-3.00295e-05,2.40472e-05,6.97119e-06,0.000304249,0,0,0
46.9017,1,5.37501,0.624981,5.12496,-2.67553e-06,8.05689e-07,1.84784e-06,4.87552e-05,0,0,0
46.9017,2,-1.41408,7.97138,1.31415,2.86377e-08,-3.12864e-08,8.32787e-08,2.72636,0,0,0
46.9017,3,0,0,0,0,0,0,0,0,0,0
46.9017,4,0,0,0,0,0,0,0,0,0,0
46.9017,5,0,0,0,0,0,0,0,0,0,0
46.957,0,3.12524,-5.12516,5.12492,-3.23062e-05,2.61532e-05,6.8531e-06,0.000301136,0,0,0
46.957,1,5.37501,0.624981,5.12496,-3.1056e-06,1.00945e-06,1.82227e-06,4.87552e-05,0,0,0
46.957,2,-1.41408,7.97138,1.31415,2.7841e-08,-3.03258e-08,1.01188e-07,2.72636,0,0,0
46.957,3,0,0,0,0,0,0,0,0,0,0
46.957,4,0,0,0,0,0,0,0,0,0,0
46.957,5,0,0,0,0,0,0,0,0,0,0
47.0135,0,3.12524,-5.12515,5.12492,-3.25893e-05,2.64705e-05,6.8083e-06,0.000301136,0,0,0
47.0135,1,5.37501,0.624981,5.12496,-3.16221e-06,9.52895e-07,1.78247e-06,4.85603e-05,0,0,0
47.0135,2,-1.41408,7.97138,1.31415,2.76032e-08,-2.99748e-08,1.00254e-07,2.72636,0,0,0
47.0135,3,0,0,0,0,0,0,0,0,0,0
47.0135,4,0,0,0,0,0,0,0,0,0,0
47.0135,5,0,0,0,0,0,0,0,0,0,0
47.0742,0,3.12524,-5.12515,5.12492,-3.18284e-05,2.64763e-05,6.6527e-06,0.000296502,0,0,0
47.0742,1,5.37501,0.624981,5.12496,-3.16304e-06,9.17708e-07,1.81136e-06,4.85603e-05,0,0,0
47.0742,2,-1.41408,7.97138,1.31415,2.53132e-08,-2.75253e-08,9.77142e-08,2.72636,0,0,0
47.0742,3,0,0,0,0,0,0,0,0,0,0
47.0742,4,0,0,0,0,0,0,0,0,0,0
47.0742,5,0,0,0,0,0,0,0,0,0,0
47.1295,0,3.12524,-5.12515,5.12492,-3.15449e-05,2.68051e-05,6.66577e-06,0.000296502,0,0,0
47.1295,1,5.37501,0.624981,5.12496,-3.16893e-06,9.55332e-07,1.81307e-06,4.82424e-05,0,0,0
47.1295,2,-1.41408,7.97138,1.31415,2.74192e-08,-2.95424e-08,9.02438e-08,2.72636,0,0,0
47.1295,3,0,0,0,0,0,0,0,0,0,0
47.1295,4,0,0,0,0,0,0,0,0,0,0
47.1295,5,0,0,0,0,0,0,0,0,0,0
47.1924,0,3.12524,-5.12515,5.12492,-2.90979e-05,2.47809e-05,6.52254e-06,0.000293279,0,0,0
47.1924,1,5.37501,0.624981,5.12496,-3.11492e-06,9.3118e-07,1.83828e-06,4.82424e-05,0,0,0
47.1924,2,-1.41408,7.97138,1.31415,2.56369e-08,-2.76217e-08,8.08908e-08,2.72636,0,0,0
47.1924,3,0,0,0,0,0,0,0,0,0,0
47.1924,4,0,0,0,0,0,0,0,0,0,0
47.1924,5,0,0,0,0,0,0,0,0,0,0
47.2457,0,3.12524,-5.12515,5.12492,-2.93599e-05,2.45182e-05,6.50883e-06,0.000293279,0,0,0
47.2457,1,5.37501,0.624981,5.12496,-3.0876e-06,9.31055e-07,1.82104e-06,4.79302e-05,0,0,0
47.2457,2,-1.41408,7.97138,1.31415,2.62039e-08,-2.80561e-08,7.83652e-08,2.72636,0,0,0
47.2457,3,0,0,0,0,0,0,0,0,0,0
47.2457,4,0,0,0,0,0,0,0,0,0,0
47.2457,5,0,0,0,0,0,0,0,0,0,0
47.2986,0,3.12523,-5.12515,5.12492,-3.62216e-05,3.06583e-05,6.43404e-06,0.000286428,0,0,0
47.2986,1,5.37501,0.624981,5.12496,-3.02643e-06,9.32449e-07,1.73424e-06,4.79302e-05,0,0,0
47.2986,2,-1.41408,7.97138,1.31415,2.8134e-08,-2.9915e-08,7.56496e-08,2.72636,0,0,0
47.2986,3,0,0,0,0,0,0,0,0,0,0
47.2986,4,0,0,0,0,0,0,0,0,0,0
47.2986,5,0,0,0,0,0,0,0,0,0,0
47.3541,0,3.12523,-5.12515,5.12492,-3.71613e-05,3.15167e-05,6.38228e-06,0.000286428,0,0,0
47.3541,1,5.37501,0.624981,5.12496,-3.10476e-06,9.8872e-07,1.69582e-06,4.79028e-05,0,0,0
47.3541,2,-1.41408,7.97138,1.31415,2.80102e-08,-2.95997e-08,7.51345e-08,2.72636,0,0,0
47.3541,3,0,0,0,0,0,0,0,0,0,0
47.3541,4,0,0,0,0,0,0,0,0,0,0
47.3541,5,0,0,0,0,0,0,0,0,0,0
47.4043,0,3.12523,-5.12515,5.12492,-3.27108e-05,2.70945e-05,6.39696e-06,0.000285136,0,0,0
47.4043,1,5.37501,0.624981,5.12496,-2.89614e-06,8.29163e-07,1.72428e-06,4.79028e-05,0,0,0
47.4043,2,-1.41408,7.97138,1.31415,2.31882e-08,-2.4485e-08,7.53159e-08,2.72636,0,0,0
47.4043,3,0,0,0,0,0,0,0,0,0,0
47.4043,4,0,0,0,0,0,0,0,0,0,0
47.4043,5,0,0,0,0,0,0,0,0,0,0
47.4649,0,3.12523,-5.12514,5.12492,-3.4348e-05,2.85115e-05,6.47377e-06,0.000285136,0,0,0
47.4649,1,5.37501,0.624981,5.12496,-3.03905e-06,9.22635e-07,1.75965e-06,4.747e-05,0,0,0
47.4649,2,-1.41408,7.97138,1.31415,2.78771e-08,-2.89068e-08,7.58508e-08,2.72636,0,0,0
47.4649,3,0,0,0,0,0,0,0,0,0,0
47.4649,4,0,0,0,0,0,0,0,0,0,0
47.4649,5,0,0,0,0,0,0,0,0,0,0
47.5227,0,3.12523,-5.12514,5.12492,-3.47664e-05,2.88068e-05,6.44059e-06,0.000279981,0,0,0
47.5227,1,5.37501,0.624981,5.12496,-3.09742e-06,9.86338e-07,1.75025e-06,4.747e-05,0,0,0
47.5227,2,-1.41408,7.97138,1.31415,2.69227e-08,-2.76336e-08,7.25086e-08,2.72636,0,0,0
47.5227,3,0,0,0,0,0,0,0,0,0,0
47.5227,4,0,0,0,0,0,0,0,0,0,0
47.5227,5,0,0,0,0,0,0,0,0,0,0
47.5831,0,3.12523,-5.12514,5.12492,-3.39412e-05,2.79683e-05,6.31179e-06,0.000279981,0,0,0
47.5831,1,5.37501,0.624981,5.12496,-3.05084e-06,9.46421e-07,1.65289e-06,4.72929e-05,0,0,0
47.5831,2,-1.41408,7.97138,1.31415,2.64104e-08,-2.69561e-08,7.23946e-08,2.72636,0,0,0
47.5831,3,0,0,0,0,0,0,0,0,0,0
47.5831,4,0,0,0,0,0,0,0,0,0,0
47.5831,5,0,0,0,0,0,0,0,0,0,0
47.6384,0,3.12522,-5.12514,5.12492,-3.31473e-05,2.72641e-05,6.23747e-06,0.000276161,0,0,0
47.6384,1,5.37501,0.624981,5.12496,-2.9247e-06,8.87635e-07,1.59132e-06,4.72929e-05,0,0,0
47.6384,2,-1.41408,7.97138,1.31415,2.58755e-08,-2.61225e-08,7.3645e-08,2.72636,0,0,0
47.6384,3,0,0,0,0,0,0,0,0,0,0
47.6384,4,0,0,0,0,0,0,0,0,0,0
47.6384,5,0,0,0,0,0,0,0,0,0,0
47.6961,0,3.12522,-5.12514,5.12492,-3.11589e-05,2.53742e-05,6.17918e-06,0.000276161,0,0,0
47.6961,1,5.37501,0.624982,5.12496,-2.8101e-06,8.13423e-07,1.59456e-06,4.72247e-05,0,0,0
47.6961,2,-1.41408,7.97138,1.31415,2.65941e-08,-2.6566e-08,7.76248e-08,2.72636,0,0,0
47.6961,3,0,0,0,0,0,0,0,0,0,0
47.6961,4,0,0,0,0,0,0,0,0,0,0
47.6961,5,0,0,0,0,0,0,0,0,0,0
47.7568,0,3.12522,-5.12514,5.12492,-3.17357e-05,2.5922e-05,6.12443e-06,0.000272394,0,0,0
47.7568,1,5.37501,0.624982,5.12496,-2.96297e-06,9.38398e-07,1.5914e-06,4.72247e-05,0,0,0
47.7568,2,-1.41408,7.97138,1.31415,2.61089e-08,-2.57515e-08,8.13817e-08,2.72636,0,0,0
47.7568,3,0,0,0,0,0,0,0,0,0,0
47.7568,4,0,0,0,0,0,0,0,0,0,0
47.7568,5,0,0,0,0,0,0,0,0,0,0
47.8173,0,3.12522,-5.12514,5.12492,-3.03316e-05,2.46496e-05,6.07832e-06,0.000272394,0,0,0
47.8173,1,5.37501,0.624982,5.12496,-2.93679e-06,9.14257e-07,1.60141e-06,4.67755e-05,0,0,0
47.8173,2,-1.41408,7.97138,1.31415,2.50502e-08,-2.44515e-08,8.3884e-08,2.72636,0,0,0
47.8173,3,0,0,0,0,0,0,0,0,0,0
47.8173,4,0,0,0,0,0,0,0,0,0,0
47.8173,5,0,0,0,0,0,0,0,0,0,0
47.8726,0,3.12522,-5.12514,5.12492,-2.96618e-05,2.40692e-05,6.01813e-06,0.000268646,0,0,0
47.8726,1,5.37501,0.624982,5.12496,-2.95651e-06,9.60255e-07,1.51434e-06,4.67755e-05,0,0,0
47.8726,2,-1.41408,7.97138,1.31415,2.45845e-08,-2.38047e-08,8.56561e-08,2.72636,0,0,0
47.8726,3,0,0,0,0,0,0,0,0,0,0
47.8726,4,0,0,0,0,0,0,0,0,0,0
47.8726,5,0,0,0,0,0,0,0,0,0,0
47.9282,0,3.12522,-5.12513,5.12492,-3.0802e-05,2.51755e-05,5.91624e-06,0.000268646,0,0,0
47.9282,1,5.37501,0.624982,5.12496,-2.79245e-06,8.67658e-07,1.47518e-06,4.66253e-05,0,0,0
47.9282,2,-1.41408,7.97138,1.31415,2.2764e-08,-2.18058e-08,8.77323e-08,2.72636,0,0,0
47.9282,3,0,0,0,0,0,0,0,0,0,0
47.9282,4,0,0,0,0,0,0,0,0,0,0
47.9282,5,0,0,0,0,0,0,0,0,0,0
47.993,0,3.12521,-5.12513,5.12492,-2.70282e-05,2.18296e-05,5.76219e-06,0.000265351,0,0,0
47.993,1,5.37501,0.624982,5.12496,-2.72092e-06,8.53192e-07,1.48551e-06,4.66253e-05,0,0,0
47.993,2,-1.41408,7.97138,1.31415,2.2171e-08,-2.10673e-08,8.87624e-08,2.72636,0,0,0
47.993,3,0,0,0,0,0,0,0,0,0,0
47.993,4,0,0,0,0,0,0,0,0,0,0
47.993,5,0,0,0,0,0,0,0,0,0,0
48.0431,0,3.12521,-5.12513,5.12492,-2.97849e-05,2.43219e-05,5.72428e-06,0.000265351,0,0,0
48.0431,1,5.37501,0.624982,5.12496,-2.45893e-06,6.90109e-07,1.49431e-06,4.65896e-05,0,0,0
48.0431,2,-1.41408,7.97138,1.31415,2.20713e-08,-2.0905e-08,9.2982e-08,2.72636,0,0,0
48.0431,3,0,0,0,0,0,0,0,0,0,0
48.0431,4,0,0,0,0,0,0,0,0,0,0
48.0431,5,0,0,0,0,0,0,0,0,0,0
48.1072,0,3.12521,-5.12513,5.12492,-2.88519e-05,2.33999e-05,5.69702e-06,0.000260678,0,0,0
48.1072,1,5.37501,0.624982,5.12496,-2.46062e-06,6.76577e-07,1.6567e-06,4.65896e-05,0,0,0
48.1072,2,-1.41408,7.97138,1.31415,1.96921e-08,-1.88843e-08,9.25931e-08,2.72636,0,0,0
48.1072,3,0,0,0,0,0,0,0,0,0,0
48.1072,4,0,0,0,0,0,0,0,0,0,0
48.1072,5,0,0,0,0,0,0,0,0,0,0
48.1641,0,3.12521,-5.12513,5.12492,-2.88519e-05,2.33999e-05,5.69702e-06,0.000260678,0,0,0
48.1641,1,5.37501,0.624982,5.12496,-2.76375e-06,9.12496e-07,1.68006e-06,4.619e-05,0,0,0
48.1641,2,-1.41408,7.97138,1.31415,2.21303e-08,-2.12478e-08,5.87185e-08,2.72636,0,0,0
48.1641,3,0,0,0,0,0,0,0,0,0,0
48.1641,4,0,0,0,0,0,0,0,0,0,0
48.1641,5,0,0,0,0,0,0,0,0,0,0
48.218,0,3.12521,-5.12513,5.12492,-2.89349e-05,2.35073e-05,5.48295e-06,0.000257112,0,0,0
48.218,1,5.37501,0.624982,5.12496,-2.73046e-06,8.59215e-07,1.65521e-06,4.619e-05,0,0,0
48.218,2,-1.41408,7.97138,1.31415,2.10016e-08,-2.02779e-08,4.8878e-08,2.72636,0,0,0
48.218,3,0,0,0,0,0,0,0,0,0,0
48.218,4,0,0,0,0,0,0,0,0,0,0
48.218,5,0,0,0,0,0,0,0,0,0,0
48.2782,0,3.12521,-5.12513,5.12492,-2.8482e-05,2.30776e-05,5.43703e-06,0.000257112,0,0,0
48.2782,1,5.37501,0.624982,5.12496,-2.67748e-06,8.46348e-07,1.64585e-06,4.59747e-05,0,0,0
48.2782,2,-1.41408,7.97138,1.31415,2.35517e-08,-2.30664e-08,2.93393e-08,2.72636,0,0,0
48.2782,3,0,0,0,0,0,0,0,0,0,0
48.2782,4,0,0,0,0,0,0,0,0,0,0
48.2782,5,0,0,0,0,0,0,0,0,0,0
48.3286,0,3.12521,-5.12512,5.12492,-2.70913e-05,2.18205e-05,5.40016e-06,0.000253331,0,0,0
48.3286,1,5.37501,0.624982,5.12496,-2.55403e-06,7.94255e-07,1.65759e-06,4.59747e-05,0,0,0
48.3286,2,-1.41408,7.97138,1.31415,2.38506e-08,-2.36997e-08,1.48492e-08,2.72636,0,0,0
48.3286,3,0,0,0,0,0,0,0,0,0,0
48.3286,4,0,0,0,0,0,0,0,0,0,0
48.3286,5,0,0,0,0,0,0,0,0,0,0
48.3954,0,3.1252,-5.12512,5.12492,-2.77149e-05,2.24405e-05,5.4047e-06,0.000253331,0,0,0
48.3954,1,5.37501,0.624982,5.12496,-2.45951e-06,7.5967e-07,1.67291e-06,4.59103e-05,0,0,0
48.3954,2,-1.41408,7.97138,1.31415,2.40935e-08,-2.41508e-08,6.53075e-09,2.72636,0,0,0
48.3954,3,0,0,0,0,0,0,0,0,0,0
48.3954,4,0,0,0,0,0,0,0,0,0,0
48.3954,5,0,0,0,0,0,0,0,0,0,0
48.4619,0,3.1252,-5.12512,5.12492,-2.82248e-05,2.28667e-05,5.39561e-06,0.000249918,0,0,0
48.4619,1,5.37501,0.624982,5.12496,-2.43989e-06,7.04638e-07,1.72316e-06,4.59103e-05,0,0,0
48.4619,2,-1.41408,7.97138,1.31415,2.39497e-08,-2.43003e-08,6.28189e-12,2.72636,0,0,0
48.4619,3,0,0,0,0,0,0,0,0,0,0
48.4619,4,0,0,0,0,0,0,0,0,0,0
48.4619,5,0,0,0,0,0,0,0,0,0,0
48.5249,0,3.1252,-5.12512,5.12492,-2.67471e-05,2.15775e-05,5.40021e-06,0.000249918,0,0,0
48.5249,1,5.37501,0.624982,5.12496,-2.62235e-06,8.34191e-07,1.689e-06,4.55197e-05,0,0,0
48.5249,2,-1.41408,7.97138,1.31415,2.37843e-08,-2.44336e-08,-5.36863e-09,2.72636,0,0,0
48.5249,3,0,0,0,0,0,0,0,0,0,0
48.5249,4,0,0,0,0,0,0,0,0,0,0
48.5249,5,0,0,0,0,0,0,0,0,0,0
48.5764,0,3.1252,-5.12512,5.12492,-2.68047e-05,2.16577e-05,5.34572e-06,0.000246572,0,0,0
48.5764,1,5.37501,0.624982,5.12496,-2.63623e-06,8.03107e-07,1.64856e-06,4.53487e-05,0,0,0
48.5764,2,-1.41408,7.97138,1.31415,2.17806e-08,-2.2759e-08,-3.48478e-09,2.72636,0,0,0
48.5764,3,0,0,0,0,0,0,0,0,0,0
48.5764,4,0,0,0,0,0,0,0,0,0,0
48.5764,5,0,0,0,0,0,0,0,0,0,0
48.6292,0,3.1252,-5.12512,5.12492,-2.52589e-05,2.02948e-05,5.30078e-06,0.000246572,0,0,0
48.6292,1,5.37501,0.624982,5.12496,-2.70329e-06,8.80871e-07,1.62384e-06,4.53487e-05,0,0,0
48.6292,2,-1.41408,7.97138,1.31415,2.32657e-08,-2.45304e-08,2.50058e-08,2.72636,0,0,0
48.6292,3,0,0,0,0,0,0,0,0,0,0
48.6292,4,0,0,0,0,0,0,0,0,0,0
48.6292,5,0,0,0,0,0,0,0,0,0,0
48.6795,0,3.1252,-5.12512,5.12492,-2.47872e-05,1.99872e-05,5.26211e-06,0.000243292,0,0,0
48.6795,1,5.37501,0.624982,5.12496,-2.53795e-06,7.25191e-07,1.63948e-06,4.53487e-05,0,0,0
48.6795,2,-1.41408,7.97138,1.31415,2.32657e-08,-2.45304e-08,2.50058e-08,2.72636,0,0,0
48.6795,3,0,0,0,0,0,0,0,0,0,0
48.6795,4,0,0,0,0,0,0,0,0,0,0
48.6795,5,0,0,0,0,0,0,0,0,0,0
48.7373,0,3.1252,-5.12512,5.12493,-2.3762e-05,1.90574e-05,5.18752e-06,0.000243292,0,0,0
48.7373,1,5.37501,0.624982,5.12496,-2.71211e-06,8.72317e-07,1.64649e-06,4.52915e-05,0,0,0
48.7373,2,-1.41408,7.97138,1.31415,2.20542e-08,-2.36401e-08,5.09852e-08,2.72636,0,0,0
48.7373,3,0,0,0,0,0,0,0,0,0,0
48.7373,4,0,0,0,0,0,0,0,0,0,0
48.7373,5,0,0,0,0,0,0,0,0,0,0
48.7957,0,3.12519,-5.12512,5.12493,-2.52482e-05,2.05086e-05,5.15445e-06,0.000240386,0,0,0
48.7957,1,5.37501,0.624982,5.12496,-2.63332e-06,7.85469e-07,1.70604e-06,4.52915e-05,0,0,0
48.7957,2,-1.41408,7.97138,1.31415,2.32623e-08,-2.51894e-08,5.69592e-08,2.72636,0,0,0
48.7957,3,0,0,0,0,0,0,0,0,0,0
48.7957,4,0,0,0,0,0,0,0,0,0,0
48.7957,5,0,0,0,0,0,0,0,0,0,0
48.8545,0,3.12519,-5.12512,5.12493,-2.41514e-05,1.94523e-05,5.09427e-06,0.000240386,0,0,0
48.8545,1,5.375,0.624982,5.12496,-2.77424e-06,8.9284e-07,1.68255e-06,4.48586e-05,0,0,0
48.8545,2,-1.41408,7.97138,1.31415,2.37326e-08,-2.59213e-08,6.2636e-08,2.72636,0,0,0
48.8545,3,0,0,0,0,0,0,0,0,0,0
48.8545,4,0,0,0,0,0,0,0,0,0,0
48.8545,5,0,0,0,0,0,0,0,0,0,0
48.9092,0,3.12519,-5.12511,5.12493,-2.49016e-05,2.0198e-05,5.05384e-06,0.000236904,0,0,0
48.9092,1,5.375,0.624982,5.12496,-2.67e-06,7.94667e-07,1.62824e-06,4.48586e-05,0,0,0
48.9092,2,-1.41408,7.97138,1.31415,2.52152e-08,-2.78429e-08,6.76877e-08,2.72636,0,0,0
48.9092,3,0,0,0,0,0,0,0,0,0,0
48.9092,4,0,0,0,0,0,0,0,0,0,0
48.9092,5,0,0,0,0,0,0,0,0,0,0
48.9694,0,3.12519,-5.12511,5.12493,-2.49016e-05,2.0198e-05,5.05384e-06,0.000236904,0,0,0
48.9694,1,5.375,0.624983,5.12496,-2.75862e-06,8.58157e-07,1.60284e-06,4.46341e-05,0,0,0
48.9694,2,-1.41408,7.97138,1.31415,2.53971e-08,-2.81916e-08,6.51975e-08,2.72636,0,0,0
48.9694,3,0,0,0,0,0,0,0,0,0,0
48.9694,4,0,0,0,0,0,0,0,0,0,0
48.9694,5,0,0,0,0,0,0,0,0,0,0
49.0247,0,3.12519,-5.12511,5.12493,-2.44675e-05,1.97343e-05,4.88405e-06,0.000233462,0,0,0
49.0247,1,5.375,0.624983,5.12496,-2.65025e-06,8.25348e-07,1.57805e-06,4.46341e-05,0,0,0
49.0247,2,-1.41408,7.97138,1.31415,2.62006e-08,-2.91934e-08,5.9954e-08,2.72636,0,0,0
49.0247,3,0,0,0,0,0,0,0,0,0,0
49.0247,4,0,0,0,0,0,0,0,0,0,0
49.0247,5,0,0,0,0,0,0,0,0,0,0
49.0774,0,3.12519,-5.12511,5.12493,-2.44675e-05,1.97343e-05,4.88405e-06,0.000233462,0,0,0
49.0774,1,5.375,0.624983,5.12496,-2.64811e-06,8.35038e-07,1.67151e-06,4.44583e-05,0,0,0
49.0774,2,-1.41408,7.97138,1.31415,2.55495e-08,-2.85399e-08,5.50067e-08,2.72636,0,0,0
49.0774,3,0,0,0,0,0,0,0,0,0,0
49.0774,4,0,0,0,0,0,0,0,0,0,0
49.0774,5,0,0,0,0,0,0,0,0,0,0
49.1356,0,3.12519,-5.12511,5.12493,-2.62129e-05,2.10495e-05,4.85863e-06,0.000229795,0,0,0
49.1356,1,5.375,0.624983,5.12496,-2.66428e-06,8.06448e-07,1.67972e-06,4.40845e-05,0,0,0
49.1356,2,-1.41408,7.97138,1.31415,2.34442e-08,-2.62402e-08,5.02737e-08,2.72636,0,0,0
49.1356,3,0,0,0,0,0,0,0,0,0,0
49.1356,4,0,0,0,0,0,0,0,0,0,0
49.1356,5,0,0,0,0,0,0,0,0,0,0
49.1911,0,3.12519,-5.12511,5.12493,-2.35835e-05,1.89454e-05,4.82412e-06,0.000229795,0,0,0
49.1911,1,5.375,0.624983,5.12496,-2.60806e-06,8.27571e-07,1.60979e-06,4.40845e-05,0,0,0
49.1911,2,-1.41408,7.97138,1.31415,2.31298e-08,-2.56343e-08,4.63142e-08,2.72636,0,0,0
49.1911,3,0,0,0,0,0,0,0,0,0,0
49.1911,4,0,0,0,0,0,0,0,0,0,0
49.1911,5,0,0,0,0,0,0,0,0,0,0
49.2519,0,3.12519,-5.12511,5.12493,-2.33301e-05,1.8859e-05,4.80727e-06,0.000227379,0,0,0
49.2519,1,5.375,0.624983,5.12496,-2.66023e-06,8.56119e-07,1.55483e-06,4.40915e-05,0,0,0
49.2519,2,-1.41408,7.97138,1.31415,2.11343e-08,-2.3169e-08,4.49499e-08,2.72636,0,0,0
49.2519,3,0,0,0,0,0,0,0,0,0,0
49.2519,4,0,0,0,0,0,0,0,0,0,0
49.2519,5,0,0,0,0,0,0,0,0,0,0
49.3165,0,3.12518,-5.12511,5.12493,-2.20659e-05,1.75214e-05,4.70598e-06,0.000227379,0,0,0
49.3165,1,5.375,0.624983,5.12496,-2.67554e-06,8.30699e-07,1.5621e-06,4.40915e-05,0,0,0
49.3165,2,-1.41408,7.97138,1.31415,2.01019e-08,-2.18035e-08,4.28783e-08,2.72636,0,0,0
49.3165,3,0,0,0,0,0,0,0,0,0,0
49.3165,4,0,0,0,0,0,0,0,0,0,0
49.3165,5,0,0,0,0,0,0,0,0,0,0
49.3767,0,3.12518,-5.12511,5.12493,-2.20659e-05,1.75214e-05,4.70598e-06,0.000224725,0,0,0
49.3767,1,5.375,0.624983,5.12496,-2.62973e-06,8.07073e-07,1.58273e-06,4.38371e-05,0,0,0
49.3767,2,-1.41408,7.97138,1.31415,1.91325e-08,-2.02632e-08,4.10755e-08,2.72636,0,0,0
49.3767,3,0,0,0,0,0,0,0,0,0,0
49.3767,4,0,0,0,0,0,0,0,0,0,0
49.3767,5,0,0,0,0,0,0,0,0,0,0
49.4445,0,3.12518,-5.1251,5.12493,-2.3437e-05,1.95019e-05,4.62971e-06,0.000224725,0,0,0
49.4445,1,5.375,0.624983,5.12496,-2.59007e-06,7.82107e-07,1.61452e-06,4.38371e-05,0,0,0
49.4445,2,-1.41408,7.97138,1.31415,1.8917e-08,-1.97504e-08,4.1445e-08,2.72636,0,0,0
49.4445,3,0,0,0,0,0,0,0,0,0,0
49.4445,4,0,0,0,0,0,0,0,0,0,0
49.4445,5,0,0,0,0,0,0,0,0,0,0
49.4981,0,3.12518,-5.1251,5.12493,-2.3437e-05,1.95019e-05,4.62971e-06,0.000221083,0,0,0
49.4981,1,5.375,0.624983,5.12496,-2.56994e-06,7.73282e-07,1.57293e-06,4.38371e-05,0,0,0
49.4981,2,-1.41408,7.97138,1.31415,1.90801e-08,-1.93777e-08,4.12417e-08,2.72636,0,0,0
49.4981,3,0,0,0,0,0,0,0,0,0,0
49.4981,4,0,0,0,0,0,0,0,0,0,0
49.4981,5,0,0,0,0,0,0,0,0,0,0
49.5482,0,3.12518,-5.1251,5.12493,-2.25774e-05,1.85789e-05,4.59132e-06,0.000221083,0,0,0
49.5482,1,5.375,0.624983,5.12496,-2.61931e-06,8.18184e-07,1.52278e-06,4.3564e-05,0,0,0
49.5482,2,-1.41408,7.97138,1.31415,1.76058e-08,-1.7427e-08,4.12546e-08,2.72636,0,0,0
49.5482,3,0,0,0,0,0,0,0,0,0,0
49.5482,4,0,0,0,0,0,0,0,0,0,0
49.5482,5,0,0,0,0,0,0,0,0,0,0
49.6038,0,3.12518,-5.1251,5.12493,-1.93116e-05,1.53723e-05,4.57958e-06,0.000219462,0,0,0
49.6038,1,5.375,0.624983,5.12496,-2.54322e-06,7.80143e-07,1.49157e-06,4.3564e-05,0,0,0
49.6038,2,-1.41408,7.97138,1.31415,1.37511e-08,-1.26335e-08,4.30415e-08,2.72636,0,0,0
49.6038,3,0,0,0,0,0,0,0,0,0,0
49.6038,4,0,0,0,0,0,0,0,0,0,0
49.6038,5,0,0,0,0,0,0,0,0,0,0
49.654,0,3.12518,-5.1251,5.12493,-2.10985e-05,1.71155e-05,4.52667e-06,0.000219462,0,0,0
49.654,1,5.375,0.624983,5.12496,-2.32453e-06,7.14247e-07,1.52035e-06,4.34379e-05,0,0,0
49.654,2,-1.41408,7.97138,1.31415,1.42612e-08,-1.26693e-08,4.54253e-08,2.72636,0,0,0
49.654,3,0,0,0,0,0,0,0,0,0,0
49.654,4,0,0,0,0,0,0,0,0,0,0
49.654,5,0,0,0,0,0,0,0,0,0,0
49.7205,0,3.12518,-5.1251,5.12493,-2.22151e-05,1.80506e-05,4.52416e-06,0.000215348,0,0,0
49.7205,1,5.375,0.624983,5.12496,-2.35933e-06,6.79485e-07,1.52703e-06,4.34379e-05,0,0,0
49.7205,2,-1.41408,7.97138,1.31415,1.39306e-08,-1.18678e-08,4.53921e-08,2.72636,0,0,0
49.7205,3,0,0,0,0,0,0,0,0,0,0
49.7205,4,0,0,0,0,0,0,0,0,0,0
49.7205,5,0,0,0,0,0,0,0,0,0,0
49.7851,0,3.12518,-5.1251,5.12493,-2.20288e-05,1.77634e-05,4.52747e-06,0.000215348,0,0,0
49.7851,1,5.375,0.624983,5.12496,-2.53175e-06,8.0877e-07,1.57304e-06,4.33571e-05,0,0,0
49.7851,2,-1.41408,7.97138,1.31415,1.22423e-08,-9.74807e-09,4.71256e-08,2.72636,0,0,0
49.7851,3,0,0,0,0,0,0,0,0,0,0
49.7851,4,0,0,0,0,0,0,0,0,0,0
49.7851,5,0,0,0,0,0,0,0,0,0,0
49.8432,0,3.12517,-5.1251,5.12493,-2.18182e-05,1.75483e-05,4.46178e-06,0.000212569,0,0,0
49.8432,1,5.375,0.624983,5.12496,-2.5042e-06,8.15607e-07,1.57584e-06,4.33571e-05,0,0,0
49.8432,2,-1.41408,7.97138,1.31415,1.12655e-08,-8.60495e-09,4.99094e-08,2.72636,0,0,0
49.8432,3,0,0,0,0,0,0,0,0,0,0
49.8432,4,0,0,0,0,0,0,0,0,0,0
49.8432,5,0,0,0,0,0,0,0,0,0,0
49.8989,0,3.12517,-5.1251,5.12493,-2.15901e-05,1.73489e-05,4.34906e-06,0.000212569,0,0,0
49.8989,1,5.375,0.624983,5.12496,-2.31007e-06,6.21948e-07,1.50171e-06,4.30038e-05,0,0,0
49.8989,2,-1.41408,7.97138,1.31415,1.12478e-08,-8.3514e-09,4.86201e-08,2.72636,0,0,0
49.8989,3,0,0,0,0,0,0,0,0,0,0
49.8989,4,0,0,0,0,0,0,0,0,0,0
49.8989,5,0,0,0,0,0,0,0,0,0,0
49.9491,0,3.12517,-5.1251,5.12493,-2.06101e-05,1.64652e-05,4.31093e-06,0.000210121,0,0,0
49.9491,1,5.375,0.624983,5.12496,-2.50959e-06,8.31486e-07,1.46035e-06,4.30038e-05,0,0,0
49.9491,2,-1.41408,7.97138,1.31415,1.08018e-08,-7.66516e-09,5.5405e-08,2.72636,0,0,0
49.9491,3,0,0,0,0,0,0,0,0,0,0
49.9491,4,0,0,0,0,0,0,0,0,0,0
49.9491,5,0,0,0,0,0,0,0,0,0,0
50.0097,0,3.12517,-5.1251,5.12493,-2.12241e-05,1.702e-05,4.24467e-06,0.000210121,0,0,0
50.0097,1,5.375,0.624983,5.12496,-2.35003e-06,7.07351e-07,1.46753e-06,4.28752e-05,0,0,0
50.0097,2,-1.41408,7.97138,1.31415,1.19316e-08,-8.70952e-09,6.10238e-08,2.72636,0,0,0
50.0097,3,0,0,0,0,0,0,0,0,0,0
50.0097,4,0,0,0,0,0,0,0,0,0,0
50.0097,5,0,0,0,0,0,0,0,0,0,0
50.0676,0,3.12517,-5.1251,5.12493,-2.02331e-05,1.61269e-05,4.24799e-06,0.000207481,0,0,0
50.0676,1,5.375,0.624983,5.12496,-2.44989e-06,7.61531e-07,1.51676e-06,4.28752e-05,0,0,0
50.0676,2,-1.41408,7.97138,1.31415,1.13516e-08,-8.36108e-09,6.56041e-08,2.72636,0,0,0
50.0676,3,0,0,0,0,0,0,0,0,0,0
50.0676,4,0,0,0,0,0,0,0,0,0,0
50.0676,5,0,0,0,0,0,0,0,0,0,0
50.1179,0,3.12517,-5.1251,5.12493,-2.02212e-05,1.61557e-05,4.24003e-06,0.000207481,0,0,0
50.1179,1,5.375,0.624983,5.12496,-2.52124e-06,8.30749e-07,1.61334e-06,4.28209e-05,0,0,0
50.1179,2,-1.41408,7.97138,1.31415,1.09159e-08,-8.04373e-09,7.13695e-08,2.72636,0,0,0
50.1179,3,0,0,0,0,0,0,0,0,0,0
50.1179,4,0,0,0,0,0,0,0,0,0,0
50.1179,5,0,0,0,0,0,0,0,0,0,0
50.1783,0,3.12517,-5.12509,5.12493,-2.07061e-05,1.66824e-05,4.22638e-06,0.000204431,0,0,0
50.1783,1,5.375,0.624983,5.12496,-2.43943e-06,7.79969e-07,1.64307e-06,4.28209e-05,0,0,0
50.1783,2,-1.41408,7.97138,1.31415,1.04191e-08,-7.54727e-09,7.61909e-08,2.72636,0,0,0
50.1783,3,0,0,0,0,0,0,0,0,0,0
50.1783,4,0,0,0,0,0,0,0,0,0,0
50.1783,5,0,0,0,0,0,0,0,0,0,0
50.2312,0,3.12517,-5.12509,5.12493,-2.0248e-05,1.62328e-05,4.18681e-06,0.000204431,0,0,0
50.2312,1,5.375,0.624983,5.12496,-2.44106e-06,8.09096e-07,1.57108e-06,4.24209e-05,0,0,0
50.2312,2,-1.41408,7.97138,1.31415,9.88947e-09,-7.19293e-09,8.17667e-08,2.72636,0,0,0
50.2312,3,0,0,0,0,0,0,0,0,0,0
50.2312,4,0,0,0,0,0,0,0,0,0,0
50.2312,5,0,0,0,0,0,0,0,0,0,0
50.2908,0,3.12517,-5.12509,5.12493,-1.99761e-05,1.60544e-05,4.16603e-06,0.000201906,0,0,0
50.2908,1,5.375,0.624983,5.12496,-2.4565e-06,7.83845e-07,1.5364e-06,4.24209e-05,0,0,0
50.2908,2,-1.41408,7.97138,1.31415,9.37587e-09,-6.87195e-09,8.75754e-08,2.72636,0,0,0
50.2908,3,0,0,0,0,0,0,0,0,0,0
50.2908,4,0,0,0,0,0,0,0,0,0,0
50.2908,5,0,0,0,0,0,0,0,0,0,0
50.3435,0,3.12516,-5.12509,5.12493,-1.97242e-05,1.58794e-05,4.17459e-06,0.000201906,0,0,0
50.3435,1,5.375,0.624983,5.12496,-2.45271e-06,7.7046e-07,1.53393e-06,4.2364e-05,0,0,0
50.3435,2,-1.41408,7.97138,1.31415,8.77837e-09,-6.61343e-09,9.19725e-08,2.72636,0,0,0
50.3435,3,0,0,0,0,0,0,0,0,0,0
50.3435,4,0,0,0,0,0,0,0,0,0,0
50.3435,5,0,0,0,0,0,0,0,0,0,0
50.4013,0,3.12516,-5.12509,5.12493,-1.96083e-05,1.51678e-05,4.14536e-06,0.000200706,0,0,0
50.4013,1,5.375,0.624984,5.12496,-2.5115e-06,8.35011e-07,1.56467e-06,4.2364e-05,0,0,0
50.4013,2,-1.41408,7.97138,1.31415,7.90241e-09,-6.01575e-09,9.80645e-08,2.72636,0,0,0
50.4013,3,0,0,0,0,0,0,0,0,0,0
50.4013,4,0,0,0,0,0,0,0,0,0,0
50.4013,5,0,0,0,0,0,0,0,0,0,0
50.4603,0,3.12516,-5.12509,5.12493,-1.87732e-05,1.5125e-05,4.14767e-06,0.000200706,0,0,0
50.4603,1,5.375,0.624984,5.12496,-2.34913e-06,6.93943e-07,1.59609e-06,4.22318e-05,0,0,0
50.4603,2,-1.41408,7.97138,1.31415,6.92104e-09,-5.32568e-09,1.04733e-07,2.72636,0,0,0
50.4603,3,0,0,0,0,0,0,0,0,0,0
50.4603,4,0,0,0,0,0,0,0,0,0,0
50.4603,5,0,0,0,0,0,0,0,0,0,0
50.5133,0,3.12516,-5.12509,5.12493,-1.87711e-05,1.51271e-05,4.13895e-06,0.000197051,0,0,0
50.5133,1,5.375,0.624984,5.12496,-2.4733e-06,7.94206e-07,1.58092e-06,4.18546e-05,0,0,0
50.5133,2,-1.41408,7.97138,1.31415,5.71e-09,-4.31011e-09,1.09877e-07,2.72636,0,0,0
50.5133,3,0,0,0,0,0,0,0,0,0,0
50.5133,4,0,0,0,0,0,0,0,0,0,0
50.5133,5,0,0,0,0,0,0,0,0,0,0
50.5674,0,3.12516,-5.12509,5.12493,-1.82719e-05,1.47375e-05,4.07211e-06,0.000197051,0,0,0
50.5674,1,5.375,0.624984,5.12496,-2.45562e-06,7.77904e-07,1.48671e-06,4.18546e-05,0,0,0
50.5674,2,-1.41408,7.97138,1.31415,4.89269e-09,-3.8874e-09,1.15617e-07,2.72636,0,0,0
50.5674,3,0,0,0,0,0,0,0,0,0,0
50.5674,4,0,0,0,0,0,0,0,0,0,0
50.5674,5,0,0,0,0,0,0,0,0,0,0
50.6352,0,3.12516,-5.12509,5.12493,-1.95381e-05,1.5267e-05,4.00159e-06,0.000195811,0,0,0
50.6352,1,5.375,0.624984,5.12496,-2.46595e-06,7.64688e-07,1.46518e-06,4.18068e-05,0,0,0
50.6352,2,-1.41408,7.97138,1.31415,3.82458e-09,-3.09171e-09,1.21057e-07,2.72636,0,0,0
50.6352,3,0,0,0,0,0,0,0,0,0,0
50.6352,4,0,0,0,0,0,0,0,0,0,0
50.6352,5,0,0,0,0,0,0,0,0,0,0
50.6904,0,3.12516,-5.12509,5.12493,-1.85518e-05,1.44734e-05,4.00143e-06,0.000195811,0,0,0
50.6904,1,5.375,0.624984,5.12496,-2.46553e-06,7.97368e-07,1.49618e-06,4.18068e-05,0,0,0
50.6904,2,-1.41408,7.97138,1.31415,2.51833e-09,-2.01319e-09,1.00384e-07,2.72636,0,0,0
50.6904,3,0,0,0,0,0,0,0,0,0,0
50.6904,4,0,0,0,0,0,0,0,0,0,0
50.6904,5,0,0,0,0,0,0,0,0,0,0
50.7457,0,3.12516,-5.12509,5.12493,-1.79405e-05,1.40541e-05,3.82318e-06,0.000193168,0,0,0
50.7457,1,5.375,0.624984,5.12496,-2.48299e-06,7.79927e-07,1.50768e-06,4.18068e-05,0,0,0
50.7457,2,-1.41408,7.97138,1.31415,1.25475e-09,-1.07493e-09,8.45302e-08,2.72636,0,0,0
50.7457,3,0,0,0,0,0,0,0,0,0,0
50.7457,4,0,0,0,0,0,0,0,0,0,0
50.7457,5,0,0,0,0,0,0,0,0,0,0
50.8063,0,3.12516,-5.12508,5.12493,-1.84657e-05,1.46608e-05,3.84461e-06,0.000193168,0,0,0
50.8063,1,5.375,0.624984,5.12496,-2.41409e-06,7.52466e-07,1.52057e-06,4.15864e-05,0,0,0
50.8063,2,-1.41408,7.97138,1.31415,-3.77934e-11,-7.69159e-11,6.46109e-08,2.72636,0,0,0
50.8063,3,0,0,0,0,0,0,0,0,0,0
50.8063,4,0,0,0,0,0,0,0,0,0,0
50.8063,5,0,0,0,0,0,0,0,0,0,0
50.8591,0,3.12515,-5.12508,5.12493,-1.80596e-05,1.43851e-05,3.82999e-06,0.000189356,0,0,0
50.8591,1,5.375,0.624984,5.12496,-2.40463e-06,7.39895e-07,1.45763e-06,4.12529e-05,0,0,0
50.8591,2,-1.41408,7.97138,1.31415,-1.35988e-09,1.05759e-09,5.43548e-08,2.72636,0,0,0
50.8591,3,0,0,0,0,0,0,0,0,0,0
50.8591,4,0,0,0,0,0,0,0,0,0,0
50.8591,5,0,0,0,0,0,0,0,0,0,0
50.9221,0,3.12515,-5.12508,5.12493,-1.80744e-05,1.44869e-05,3.8363e-06,0.00018823,0,0,0
50.9221,1,5.375,0.624984,5.12496,-2.45508e-06,7.8078e-07,1.31905e-06,4.12529e-05,0,0,0
50.9221,2,-1.41408,7.97138,1.31415,-2.34534e-09,1.83925e-09,5.01277e-08,2.72636,0,0,0
50.9221,3,0,0,0,0,0,0,0,0,0,0
50.9221,4,0,0,0,0,0,0,0,0,0,0
50.9221,5,0,0,0,0,0,0,0,0,0,0
50.983,0,3.12515,-5.12508,5.12493,-1.70412e-05,1.37238e-05,3.95528e-06,0.00018823,0,0,0
50.983,1,5.375,0.624984,5.12496,-2.42426e-06,7.62735e-07,1.24532e-06,4.12477e-05,0,0,0
50.983,2,-1.41408,7.97138,1.31415,-3.73267e-09,2.95978e-09,4.65007e-08,2.72636,0,0,0
50.983,3,0,0,0,0,0,0,0,0,0,0
50.983,4,0,0,0,0,0,0,0,0,0,0
50.983,5,0,0,0,0,0,0,0,0,0,0
51.0492,0,3.12515,-5.12508,5.12493,-1.7085e-05,1.368e-05,3.98061e-06,0.000186158,0,0,0
51.0492,1,5.375,0.624984,5.12496,-2.38708e-06,7.47869e-07,1.23715e-06,4.12477e-05,0,0,0
51.0492,2,-1.41408,7.97138,1.31415,-3.96632e-09,2.90029e-09,3.12803e-08,2.72636,0,0,0
51.0492,3,0,0,0,0,0,0,0,0,0,0
51.0492,4,0,0,0,0,0,0,0,0,0,0
51.0492,5,0,0,0,0,0,0,0,0,0,0
51.112,0,3.12515,-5.12508,5.12493,-1.76737e-05,1.43037e-05,4.04363e-06,0.000186158,0,0,0
51.112,1,5.375,0.624984,5.12496,-2.33468e-06,7.16675e-07,1.26748e-06,4.11937e-05,0,0,0
51.112,2,-1.41408,7.97138,1.31415,-4.78481e-09,3.25363e-09,2.40439e-08,2.72636,0,0,0
51.112,3,0,0,0,0,0,0,0,0,0,0
51.112,4,0,0,0,0,0,0,0,0,0,0
51.112,5,0,0,0,0,0,0,0,0,0,0
51.163,0,3.12515,-5.12508,5.12493,-1.87051e-05,1.53168e-05,4.01884e-06,0.000183211,0,0,0
51.163,1,5.375,0.624984,5.12496,-2.34688e-06,7.65139e-07,1.29398e-06,4.11937e-05,0,0,0
51.163,2,-1.41408,7.97138,1.31415,-6.21438e-09,4.42307e-09,2.22301e-08,2.72636,0,0,0
51.163,3,0,0,0,0,0,0,0,0,0,0
51.163,4,0,0,0,0,0,0,0,0,0,0
51.163,5,0,0,0,0,0,0,0,0,0,0
51.2157,0,3.12515,-5.12508,5.12493,-1.6421e-05,1.31956e-05,4.01031e-06,0.000183211,0,0,0
51.2157,1,5.375,0.624984,5.12496,-1.99357e-06,5.93339e-07,1.32508e-06,4.08843e-05,0,0,0
51.2157,2,-1.41408,7.97138,1.31415,-6.71746e-09,4.77619e-09,1.97134e-08,2.72636,0,0,0
51.2157,3,0,0,0,0,0,0,0,0,0,0
51.2157,4,0,0,0,0,0,0,0,0,0,0
51.2157,5,0,0,0,0,0,0,0,0,0,0
51.2658,0,3.12515,-5.12508,5.12493,-1.72523e-05,1.40349e-05,3.98079e-06,0.000181357,0,0,0
51.2658,1,5.375,0.624984,5.12496,-2.21788e-06,7.66375e-07,1.33196e-06,4.08843e-05,0,0,0
51.2658,2,-1.41408,7.97138,1.31415,-6.71746e-09,4.77619e-09,1.97134e-08,2.72636,0,0,0
51.2658,3,0,0,0,0,0,0,0,0,0,0
51.2658,4,0,0,0,0,0,0,0,0,0,0
51.2658,5,0,0,0,0,0,0,0,0,0,0
51.3235,0,3.12515,-5.12508,5.12494,-1.65794e-05,1.33656e-05,3.91403e-06,0.000181357,0,0,0
51.3235,1,5.375,0.624984,5.12496,-2.04844e-06,6.51403e-07,1.28957e-06,4.0742e-05,0,0,0
51.3235,2,-1.41408,7.97138,1.31415,-7.57883e-09,5.57327e-09,1.8494e-08,2.72636,0,0,0
51.3235,3,0,0,0,0,0,0,0,0,0,0
51.3235,4,0,0,0,0,0,0,0,0,0,0
51.3235,5,0,0,0,0,0,0,0,0,0,0
51.3737,0,3.12515,-5.12508,5.12494,-1.78623e-05,1.45312e-05,3.87228e-06,0.000178706,0,0,0
51.3737,1,5.375,0.624984,5.12496,-2.0531e-06,6.20263e-07,1.25479e-06,4.0742e-05,0,0,0
51.3737,2,-1.41408,7.97138,1.31415,-7.82957e-09,5.79668e-09,2.02555e-08,2.72636,0,0,0
51.3737,3,0,0,0,0,0,0,0,0,0,0
51.3737,4,0,0,0,0,0,0,0,0,0,0
51.3737,5,0,0,0,0,0,0,0,0,0,0
51.4314,0,3.12515,-5.12508,5.12494,-1.79343e-05,1.46213e-05,3.79984e-06,0.000178706,0,0,0
51.4314,1,5.375,0.624984,5.12496,-2.11767e-06,7.05299e-07,1.31028e-06,4.07418e-05,0,0,0
51.4314,2,-1.41408,7.97138,1.31415,-7.86381e-09,5.76179e-09,2.18066e-08,2.72636,0,0,0
51.4314,3,0,0,0,0,0,0,0,0,0,0
51.4314,4,0,0,0,0,0,0,0,0,0,0
51.4314,5,0,0,0,0,0,0,0,0,0,0
51.4899,0,3.12515,-5.12508,5.12494,-1.84813e-05,1.51601e-05,3.78138e-06,0.000176072,0,0,0
51.4899,1,5.375,0.624984,5.12496,-1.86594e-06,5.67568e-07,1.33574e-06,4.07418e-05,0,0,0
51.4899,2,-1.41408,7.97138,1.31415,-8.31181e-09,6.1833e-09,5.24155e-08,2.72636,0,0,0
51.4899,3,0,0,0,0,0,0,0,0,0,0
51.4899,4,0,0,0,0,0,0,0,0,0,0
51.4899,5,0,0,0,0,0,0,0,0,0,0
51.5479,0,3.12514,-5.12508,5.12494,-1.8115e-05,1.47823e-05,3.73597e-06,0.000176072,0,0,0
51.5479,1,5.375,0.624984,5.12496,-1.84008e-06,6.03532e-07,1.39351e-06,4.0668e-05,0,0,0
51.5479,2,-1.41408,7.97138,1.31415,-8.22118e-09,6.11159e-09,7.59896e-08,2.72636,0,0,0
51.5479,3,0,0,0,0,0,0,0,0,0,0
51.5479,4,0,0,0,0,0,0,0,0,0,0
51.5479,5,0,0,0,0,0,0,0,0,0,0
51.6067,0,3.12514,-5.12507,5.12494,-1.80866e-05,1.4744e-05,3.75577e-06,0.000173717,0,0,0
51.6067,1,5.375,0.624984,5.12496,-2.01877e-06,6.81239e-07,1.41082e-06,4.0668e-05,0,0,0
51.6067,2,-1.41408,7.97138,1.31415,-8.73926e-09,6.57829e-09,9.73338e-08,2.72636,0,0,0
51.6067,3,0,0,0,0,0,0,0,0,0,0
51.6067,4,0,0,0,0,0,0,0,0,0,0
51.6067,5,0,0,0,0,0,0,0,0,0,0
51.6587,0,3.12514,-5.12507,5.12494,-1.79941e-05,1.47031e-05,3.79747e-06,0.000173717,0,0,0
51.6587,1,5.375,0.624984,5.12496,-2.11237e-06,7.0571e-07,1.47348e-06,4.0498e-05,0,0,0
51.6587,2,-1.41408,7.97138,1.31415,-8.94689e-09,6.78678e-09,1.01158e-07,2.72636,0,0,0
51.6587,3,0,0,0,0,0,0,0,0,0,0
51.6587,4,0,0,0,0,0,0,0,0,0,0
51.6587,5,0,0,0,0,0,0,0,0,0,0
51.7115,0,3.12514,-5.12507,5.12494,-1.75481e-05,1.43208e-05,3.72884e-06,0.000171218,0,0,0
51.7115,1,5.375,0.624984,5.12496,-2.18379e-06,7.36642e-07,1.45541e-06,4.0498e-05,0,0,0
51.7115,2,-1.41408,7.97138,1.31415,-8.88223e-09,6.83381e-09,9.84143e-08,2.72636,0,0,0
51.7115,3,0,0,0,0,0,0,0,0,0,0
51.7115,4,0,0,0,0,0,0,0,0,0,0
51.7115,5,0,0,0,0,0,0,0,0,0,0
51.7618,0,3.12514,-5.12507,5.12494,-1.6031e-05,1.29978e-05,3.73002e-06,0.000171218,0,0,0
51.7618,1,5.375,0.624984,5.12496,-2.16003e-06,6.7148e-07,1.40288e-06,4.02253e-05,0,0,0
51.7618,2,-1.41408,7.97138,1.31415,-9.38427e-09,7.37498e-09,9.45328e-08,2.72636,0,0,0
51.7618,3,0,0,0,0,0,0,0,0,0,0
51.7618,4,0,0,0,0,0,0,0,0,0,0
51.7618,5,0,0,0,0,0,0,0,0,0,0
51.8254,0,3.12514,-5.12507,5.12494,-1.72665e-05,1.41096e-05,3.67499e-06,0.000168818,0,0,0
51.8254,1,5.375,0.624984,5.12496,-2.28123e-06,7.50699e-07,1.396e-06,4.02253e-05,0,0,0
51.8254,2,-1.41408,7.97138,1.31415,-7.87992e-09,6.17674e-09,9.04495e-08,2.72636,0,0,0
51.8254,3,0,0,0,0,0,0,0,0,0,0
51.8254,4,0,0,0,0,0,0,0,0,0,0
51.8254,5,0,0,0,0,0,0,0,0,0,0
51.8781,0,3.12514,-5.12507,5.12494,-1.72665e-05,1.41096e-05,3.67499e-06,0.000168818,0,0,0
51.8781,1,5.375,0.624984,5.12496,-2.20841e-06,6.74187e-07,1.40328e-06,4.02098e-05,0,0,0
51.8781,2,-1.41408,7.97138,1.31415,-6.92528e-09,5.51206e-09,8.87384e-08,2.72636,0,0,0
51.8781,3,0,0,0,0,0,0,0,0,0,0
51.8781,4,0,0,0,0,0,0,0,0,0,0
51.8781,5,0,0,0,0,0,0,0,0,0,0
51.9351,0,3.12514,-5.12507,5.12494,-1.71954e-05,1.39311e-05,3.63568e-06,0.000166757,0,0,0
51.9351,1,5.375,0.624985,5.12496,-2.11467e-06,6.38464e-07,1.40348e-06,4.02098e-05,0,0,0
51.9351,2,-1.41408,7.97138,1.31415,-5.96987e-09,4.76778e-09,8.77303e-08,2.72636,0,0,0
51.9351,3,0,0,0,0,0,0,0,0,0,0
51.9351,4,0,0,0,0,0,0,0,0,0,0
51.9351,5,0,0,0,0,0,0,0,0,0,0
51.9884,0,3.12514,-5.12507,5.12494,-1.75004e-05,1.42853e-05,3.56363e-06,0.000166757,0,0,0
51.9884,1,5.375,0.624985,5.12496,-2.16508e-06,6.79673e-07,1.29506e-06,3.982e-05,0,0,0
51.9884,2,-1.41408,7.97138,1.31415,-4.9865e-09,4.19097e-09,8.76162e-08,2.72636,0,0,0
51.9884,3,0,0,0,0,0,0,0,0,0,0
51.9884,4,0,0,0,0,0,0,0,0,0,0
51.9884,5,0,0,0,0,0,0,0,0,0,0
52.0387,0,3.12514,-5.12507,5.12494,-1.73373e-05,1.41222e-05,3.53184e-06,0.000164451,0,0,0
52.0387,1,5.375,0.624985,5.12496,-2.14687e-06,6.68764e-07,1.20573e-06,3.982e-05,0,0,0
52.0387,2,-1.41408,7.97138,1.31415,-4.11786e-09,3.70243e-09,8.63365e-08,2.72636,0,0,0
52.0387,3,0,0,0,0,0,0,0,0,0,0
52.0387,4,0,0,0,0,0,0,0,0,0,0
52.0387,5,0,0,0,0,0,0,0,0,0,0
52.0891,0,3.12514,-5.12507,5.12494,-1.71606e-05,1.39758e-05,3.51055e-06,0.000164451,0,0,0
52.0891,1,5.375,0.624985,5.12496,-2.12985e-06,6.58731e-07,1.17783e-06,3.97532e-05,0,0,0
52.0891,2,-1.41408,7.97138,1.31415,-3.23821e-09,3.2407e-09,8.8123e-08,2.72636,0,0,0
52.0891,3,0,0,0,0,0,0,0,0,0,0
52.0891,4,0,0,0,0,0,0,0,0,0,0
52.0891,5,0,0,0,0,0,0,0,0,0,0
52.1393,0,3.12513,-5.12507,5.12494,-1.70046e-05,1.38175e-05,3.53114e-06,0.000162329,0,0,0
52.1393,1,5.375,0.624985,5.12496,-1.98046e-06,5.81552e-07,1.17827e-06,3.97532e-05,0,0,0
52.1393,2,-1.41408,7.97138,1.31415,-2.44761e-09,2.95339e-09,8.9121e-08,2.72636,0,0,0
52.1393,3,0,0,0,0,0,0,0,0,0,0
52.1393,4,0,0,0,0,0,0,0,0,0,0
52.1393,5,0,0,0,0,0,0,0,0,0,0
52.2057,0,3.12513,-5.12507,5.12494,-1.68447e-05,1.36763e-05,3.54968e-06,0.000162329,0,0,0
52.2057,1,5.375,0.624985,5.12496,-2.03718e-06,6.31647e-07,1.19226e-06,3.9732e-05,0,0,0
52.2057,2,-1.41408,7.97138,1.31415,-1.86142e-09,2.82318e-09,9.15908e-08,2.72636,0,0,0
52.2057,3,0,0,0,0,0,0,0,0,0,0
52.2057,4,0,0,0,0,0,0,0,0,0,0
52.2057,5,0,0,0,0,0,0,0,0,0,0
52.2588,0,3.12513,-5.12507,5.12494,-1.60861e-05,1.3033e-05,3.50717e-06,0.000160523,0,0,0
52.2588,1,5.375,0.624985,5.12496,-2.07928e-06,6.71118e-07,1.20656e-06,3.9732e-05,0,0,0
52.2588,2,-1.41408,7.97138,1.31415,-1.94953e-09,3.21542e-09,9.29073e-08,2.72636,0,0,0
52.2588,3,0,0,0,0,0,0,0,0,0,0
52.2588,4,0,0,0,0,0,0,0,0,0,0
52.2588,5,0,0,0,0,0,0,0,0,0,0
52.3151,0,3.12513,-5.12507,5.12494,-1.54353e-05,1.24828e-05,3.49485e-06,0.000160523,0,0,0
52.3151,1,5.375,0.624985,5.12496,-2.07928e-06,6.71118e-07,1.20656e-06,3.97097e-05,0,0,0
52.3151,2,-1.41408,7.97138,1.31415,-1.0658e-09,2.81354e-09,9.37579e-08,2.72636,0,0,0
52.3151,3,0,0,0,0,0,0,0,0,0,0
52.3151,4,0,0,0,0,0,0,0,0,0,0
52.3151,5,0,0,0,0,0,0,0,0,0,0
52.3653,0,3.12513,-5.12506,5.12494,-1.49494e-05,1.19418e-05,3.54635e-06,0.000158805,0,0,0
52.3653,1,5.375,0.624985,5.12496,-1.94934e-06,6.00683e-07,1.23353e-06,3.97097e-05,0,0,0
52.3653,2,-1.41408,7.97138,1.31415,-7.40247e-10,2.8853e-09,9.50642e-08,2.72636,0,0,0
52.3653,3,0,0,0,0,0,0,0,0,0,0
52.3653,4,0,0,0,0,0,0,0,0,0,0
52.3653,5,0,0,0,0,0,0,0,0,0,0
52.4335,0,3.12513,-5.12506,5.12494,-1.67488e-05,1.36935e-05,3.50676e-06,0.000158805,0,0,0
52.4335,1,5.375,0.624985,5.12496,-1.93394e-06,6.13681e-07,1.12022e-06,3.92936e-05,0,0,0
52.4335,2,-1.41408,7.97138,1.31415,-6.67008e-10,3.24437e-09,9.78471e-08,2.72636,0,0,0
52.4335,3,0,0,0,0,0,0,0,0,0,0
52.4335,4,0,0,0,0,0,0,0,0,0,0
52.4335,5,0,0,0,0,0,0,0,0,0,0
52.4864,0,3.12513,-5.12506,5.12494,-1.55076e-05,1.24142e-05,3.47897e-06,0.000156499,0,0,0
52.4864,1,5.375,0.624985,5.12496,-2.01855e-06,6.63271e-07,1.02778e-06,3.92936e-05,0,0,0
52.4864,2,-1.41408,7.97138,1.31415,1.52439e-11,2.99775e-09,8.32667e-08,2.72636,0,0,0
52.4864,3,0,0,0,0,0,0,0,0,0,0
52.4864,4,0,0,0,0,0,0,0,0,0,0
52.4864,5,0,0,0,0,0,0,0,0,0,0
52.5448,0,3.12513,-5.12506,5.12494,-1.66862e-05,1.3513e-05,3.41427e-06,0.000156499,0,0,0
52.5448,1,5.375,0.624985,5.12496,-1.92884e-06,6.16708e-07,1.01762e-06,3.92554e-05,0,0,0
52.5448,2,-1.41408,7.97138,1.31415,3.8278e-10,2.87082e-09,5.48109e-08,2.72636,0,0,0
52.5448,3,0,0,0,0,0,0,0,0,0,0
52.5448,4,0,0,0,0,0,0,0,0,0,0
52.5448,5,0,0,0,0,0,0,0,0,0,0
52.6051,0,3.12513,-5.12506,5.12494,-1.59586e-05,1.28401e-05,3.30256e-06,0.000154335,0,0,0
52.6051,1,5.375,0.624985,5.12496,-1.97868e-06,6.45483e-07,1.05404e-06,3.92554e-05,0,0,0
52.6051,2,-1.41408,7.97138,1.31415,7.88458e-10,2.61623e-09,2.97976e-08,2.72636,0,0,0
52.6051,3,0,0,0,0,0,0,0,0,0,0
52.6051,4,0,0,0,0,0,0,0,0,0,0
52.6051,5,0,0,0,0,0,0,0,0,0,0
52.6694,0,3.12513,-5.12506,5.12494,-1.64459e-05,1.32826e-05,3.21076e-06,0.000154335,0,0,0
52.6694,1,5.375,0.624985,5.12496,-1.95815e-06,6.33412e-07,1.12677e-06,3.92241e-05,0,0,0
52.6694,2,-1.41408,7.97138,1.31415,8.01516e-10,2.81553e-09,2.03693e-08,2.72636,0,0,0
52.6694,3,0,0,0,0,0,0,0,0,0,0
52.6694,4,0,0,0,0,0,0,0,0,0,0
52.6694,5,0,0,0,0,0,0,0,0,0,0
52.7265,0,3.12513,-5.12506,5.12494,-1.57266e-05,1.25809e-05,3.12538e-06,0.000152406,0,0,0
52.7265,1,5.375,0.624985,5.12496,-1.93646e-06,6.22529e-07,1.13785e-06,3.92241e-05,0,0,0
52.7265,2,-1.41408,7.97138,1.31415,2.20209e-09,1.36495e-09,4.50852e-09,2.72636,0,0,0
52.7265,3,0,0,0,0,0,0,0,0,0,0
52.7265,4,0,0,0,0,0,0,0,0,0,0
52.7265,5,0,0,0,0,0,0,0,0,0,0
52.7878,0,3.12513,-5.12506,5.12494,-1.6141e-05,1.30205e-05,3.10952e-06,0.000152406,0,0,0
52.7878,1,5.375,0.624985,5.12496,-1.90683e-06,6.1989e-07,1.21265e-06,3.92132e-05,0,0,0
52.7878,2,-1.41408,7.97138,1.31415,2.23111e-09,1.46018e-09,-2.42445e-09,2.72636,0,0,0
52.7878,3,0,0,0,0,0,0,0,0,0,0
52.7878,4,0,0,0,0,0,0,0,0,0,0
52.7878,5,0,0,0,0,0,0,0,0,0,0
52.8431,0,3.12512,-5.12506,5.12494,-1.52467e-05,1.22395e-05,3.09532e-06,0.000150475,0,0,0
52.8431,1,5.375,0.624985,5.12496,-1.88305e-06,6.1258e-07,1.25903e-06,3.92132e-05,0,0,0
52.8431,2,-1.41408,7.97138,1.31415,2.75245e-09,8.46977e-10,-1.04375e-08,2.72636,0,0,0
52.8431,3,0,0,0,0,0,0,0,0,0,0
52.8431,4,0,0,0,0,0,0,0,0,0,0
52.8431,5,0,0,0,0,0,0,0,0,0,0
52.9111,0,3.12512,-5.12506,5.12494,-1.56174e-05,1.262e-05,3.09216e-06,0.000150475,0,0,0
52.9111,1,5.375,0.624985,5.12496,-1.85584e-06,6.10605e-07,1.26133e-06,3.88191e-05,0,0,0
52.9111,2,-1.41408,7.97138,1.31415,3.13086e-09,1.47447e-10,-1.53411e-08,2.72636,0,0,0
52.9111,3,0,0,0,0,0,0,0,0,0,0
52.9111,4,0,0,0,0,0,0,0,0,0,0
52.9111,5,0,0,0,0,0,0,0,0,0,0
52.9641,0,3.12512,-5.12506,5.12494,-1.54044e-05,1.24021e-05,3.12933e-06,0.000148431,0,0,0
52.9641,1,5.375,0.624985,5.12496,-1.77411e-06,5.76534e-07,1.20839e-06,3.88191e-05,0,0,0
52.9641,2,-1.41408,7.97138,1.31415,3.3932e-09,-1.89433e-10,-1.83933e-08,2.72636,0,0,0
52.9641,3,0,0,0,0,0,0,0,0,0,0
52.9641,4,0,0,0,0,0,0,0,0,0,0
52.9641,5,0,0,0,0,0,0,0,0,0,0
53.0194,0,3.12512,-5.12506,5.12494,-1.54044e-05,1.24021e-05,3.12933e-06,0.000148431,0,0,0
53.0194,1,5.375,0.624985,5.12496,-1.81471e-06,6.15526e-07,1.18513e-06,3.87591e-05,0,0,0
53.0194,2,-1.41408,7.97138,1.31415,3.4048e-09,-3.10454e-10,-2.11524e-08,2.72636,0,0,0
53.0194,3,0,0,0,0,0,0,0,0,0,0
53.0194,4,0,0,0,0,0,0,0,0,0,0
53.0194,5,0,0,0,0,0,0,0,0,0,0
53.0774,0,3.12512,-5.12506,5.12494,-1.54656e-05,1.22941e-05,3.08162e-06,0.000145745,0,0,0
53.0774,1,5.375,0.624985,5.12496,-1.80592e-06,6.0298e-07,1.16486e-06,3.87591e-05,0,0,0
53.0774,2,-1.41408,7.97138,1.31415,3.03202e-09,-1.42886e-10,-2.60211e-08,2.72636,0,0,0
53.0774,3,0,0,0,0,0,0,0,0,0,0
53.0774,4,0,0,0,0,0,0,0,0,0,0
53.0774,5,0,0,0,0,0,0,0,0,0,0
53.1301,0,3.12512,-5.12506,5.12494,-1.42046e-05,1.12735e-05,3.00285e-06,0.000145745,0,0,0
53.1301,1,5.375,0.624985,5.12496,-1.76062e-06,5.85305e-07,1.15356e-06,3.87856e-05,0,0,0
53.1301,2,-1.41408,7.97138,1.31415,2.41097e-09,2.24229e-10,-2.8497e-08,2.72636,0,0,0
53.1301,3,0,0,0,0,0,0,0,0,0,0
53.1301,4,0,0,0,0,0,0,0,0,0,0
53.1301,5,0,0,0,0,0,0,0,0,0,0
53.1842,0,3.12512,-5.12506,5.12494,-1.42046e-05,1.12735e-05,3.00285e-06,0.000144941,0,0,0
53.1842,1,5.375,0.624985,5.12496,-1.58528e-06,4.85502e-07,1.15112e-06,3.87856e-05,0,0,0
53.1842,2,-1.41408,7.97138,1.31415,1.52233e-09,8.61293e-10,-3.14295e-08,2.72636,0,0,0
53.1842,3,0,0,0,0,0,0,0,0,0,0
53.1842,4,0,0,0,0,0,0,0,0,0,0
53.1842,5,0,0,0,0,0,0,0,0,0,0
53.2458,0,3.12512,-5.12505,5.12494,-1.43151e-05,1.15928e-05,2.90142e-06,0.000144941,0,0,0
53.2458,1,5.375,0.624985,5.12496,-1.73688e-06,6.11574e-07,1.1467e-06,3.87847e-05,0,0,0
53.2458,2,-1.41408,7.97138,1.31415,-8.78038e-12,1.98916e-09,-2.96117e-08,2.72636,0,0,0
53.2458,3,0,0,0,0,0,0,0,0,0,0
53.2458,4,0,0,0,0,0,0,0,0,0,0
53.2458,5,0,0,0,0,0,0,0,0,0,0
53.298,0,3.12512,-5.12505,5.12494,-1.19465e-05,9.46033e-06,2.83058e-06,0.000143123,0,0,0
53.298,1,5.375,0.624985,5.12496,-1.74545e-06,5.93493e-07,1.16257e-06,3.87847e-05,0,0,0
53.298,2,-1.41408,7.97138,1.31415,-6.9071e-10,2.25892e-09,-2.97414e-08,2.72636,0,0,0
53.298,3,0,0,0,0,0,0,0,0,0,0
53.298,4,0,0,0,0,0,0,0,0,0,0
53.298,5,0,0,0,0,0,0,0,0,0,0
53.3508,0,3.12512,-5.12505,5.12494,-1.30282e-05,1.04342e-05,2.82543e-06,0.000143123,0,0,0
53.3508,1,5.375,0.624985,5.12496,-1.79712e-06,6.21601e-07,1.13479e-06,3.83608e-05,0,0,0
53.3508,2,-1.41408,7.97138,1.31415,-8.57417e-10,2.28725e-09,-3.08618e-08,2.72636,0,0,0
53.3508,3,0,0,0,0,0,0,0,0,0,0
53.3508,4,0,0,0,0,0,0,0,0,0,0
53.3508,5,0,0,0,0,0,0,0,0,0,0
53.4036,0,3.12512,-5.12505,5.12494,-1.30282e-05,1.04342e-05,2.82603e-06,0.000141026,0,0,0
53.4036,1,5.375,0.624985,5.12496,-1.72111e-06,5.65349e-07,1.07302e-06,3.83608e-05,0,0,0
53.4036,2,-1.41408,7.97138,1.31415,-1.95126e-09,2.99145e-09,-3.10029e-08,2.72636,0,0,0
53.4036,3,0,0,0,0,0,0,0,0,0,0
53.4036,4,0,0,0,0,0,0,0,0,0,0
53.4036,5,0,0,0,0,0,0,0,0,0,0
53.4643,0,3.12512,-5.12505,5.12494,-1.30282e-05,1.04342e-05,2.82603e-06,0.000141026,0,0,0
53.4643,1,5.375,0.624985,5.12496,-1.72111e-06,5.65349e-07,1.07302e-06,3.83178e-05,0,0,0
53.4643,2,-1.41408,7.97138,1.31415,-2.61755e-09,3.25705e-09,-2.99277e-08,2.72636,0,0,0
53.4643,3,0,0,0,0,0,0,0,0,0,0
53.4643,4,0,0,0,0,0,0,0,0,0,0
53.4643,5,0,0,0,0,0,0,0,0,0,0
53.5205,0,3.12511,-5.12505,5.12494,-1.3679e-05,1.11587e-05,2.85732e-06,0.000140439,0,0,0
53.5205,1,5.375,0.624985,5.12496,-1.76135e-06,5.85019e-07,1.0646e-06,3.83178e-05,0,0,0
53.5205,2,-1.41408,7.97138,1.31415,-2.82454e-09,3.1749e-09,-2.95555e-08,2.72636,0,0,0
53.5205,3,0,0,0,0,0,0,0,0,0,0
53.5205,4,0,0,0,0,0,0,0,0,0,0
53.5205,5,0,0,0,0,0,0,0,0,0,0
53.5764,0,3.12511,-5.12505,5.12494,-1.2887e-05,1.04476e-05,2.89125e-06,0.000140439,0,0,0
53.5764,1,5.375,0.624985,5.12496,-1.70634e-06,5.70146e-07,1.11529e-06,3.83461e-05,0,0,0
53.5764,2,-1.41408,7.97138,1.31415,-3.22486e-09,3.22138e-09,5.46018e-09,2.72636,0,0,0
53.5764,3,0,0,0,0,0,0,0,0,0,0
53.5764,4,0,0,0,0,0,0,0,0,0,0
53.5764,5,0,0,0,0,0,0,0,0,0,0
53.6391,0,3.12511,-5.12505,5.12494,-1.13954e-05,8.99369e-06,2.85357e-06,0.000137615,0,0,0
53.6391,1,5.375,0.624985,5.12496,-1.59953e-06,4.96503e-07,1.13302e-06,3.83461e-05,0,0,0
53.6391,2,-1.41408,7.97138,1.31415,-3.40355e-09,3.07559e-09,4.19366e-08,2.72636,0,0,0
53.6391,3,0,0,0,0,0,0,0,0,0,0
53.6391,4,0,0,0,0,0,0,0,0,0,0
53.6391,5,0,0,0,0,0,0,0,0,0,0
53.7036,0,3.12511,-5.12505,5.12494,-1.2916e-05,1.05263e-05,2.85018e-06,0.000137615,0,0,0
53.7036,1,5.375,0.624985,5.12497,-1.75437e-06,6.16186e-07,1.17475e-06,3.8347e-05,0,0,0
53.7036,2,-1.41408,7.97138,1.31415,-3.35321e-09,2.75981e-09,4.91537e-08,2.72636,0,0,0
53.7036,3,0,0,0,0,0,0,0,0,0,0
53.7036,4,0,0,0,0,0,0,0,0,0,0
53.7036,5,0,0,0,0,0,0,0,0,0,0
53.7544,0,3.12511,-5.12505,5.12494,-1.13584e-05,9.10322e-06,2.8217e-06,0.000136725,0,0,0
53.7544,1,5.37499,0.624985,5.12497,-1.68013e-06,5.59716e-07,1.19876e-06,3.8347e-05,0,0,0
53.7544,2,-1.41408,7.97138,1.31415,-3.87172e-09,2.9842e-09,5.66337e-08,2.72636,0,0,0
53.7544,3,0,0,0,0,0,0,0,0,0,0
53.7544,4,0,0,0,0,0,0,0,0,0,0
53.7544,5,0,0,0,0,0,0,0,0,0,0
53.8121,0,3.12511,-5.12505,5.12494,-1.28025e-05,1.02574e-05,2.81943e-06,0.000136725,0,0,0
53.8121,1,5.37499,0.624985,5.12497,-1.68013e-06,5.59716e-07,1.19876e-06,3.79351e-05,0,0,0
53.8121,2,-1.41408,7.97138,1.31415,-4.72042e-09,3.61603e-09,6.19819e-08,2.72636,0,0,0
53.8121,3,0,0,0,0,0,0,0,0,0,0
53.8121,4,0,0,0,0,0,0,0,0,0,0
53.8121,5,0,0,0,0,0,0,0,0,0,0
53.8696,0,3.12511,-5.12505,5.12494,-1.3551e-05,1.09371e-05,2.8355e-06,0.000135039,0,0,0
53.8696,1,5.37499,0.624986,5.12497,-1.67633e-06,5.32463e-07,1.09503e-06,3.79351e-05,0,0,0
53.8696,2,-1.41408,7.97138,1.31415,-5.12056e-09,3.97977e-09,6.04802e-08,2.72636,0,0,0
53.8696,3,0,0,0,0,0,0,0,0,0,0
53.8696,4,0,0,0,0,0,0,0,0,0,0
53.8696,5,0,0,0,0,0,0,0,0,0,0
53.9335,0,3.12511,-5.12505,5.12494,-1.33769e-05,1.07595e-05,2.78931e-06,0.000135039,0,0,0
53.9335,1,5.37499,0.624986,5.12497,-1.67633e-06,5.32463e-07,1.09503e-06,3.79263e-05,0,0,0
53.9335,2,-1.41408,7.97138,1.31415,-7.38433e-09,6.22452e-09,6.08081e-08,2.72636,0,0,0
53.9335,3,0,0,0,0,0,0,0,0,0,0
53.9335,4,0,0,0,0,0,0,0,0,0,0
53.9335,5,0,0,0,0,0,0,0,0,0,0
53.9993,0,3.12511,-5.12505,5.12494,-1.36539e-05,1.10173e-05,2.79234e-06,0.000133245,0,0,0
53.9993,1,5.37499,0.624986,5.12497,-1.72264e-06,5.822e-07,1.08216e-06,3.79263e-05,0,0,0
53.9993,2,-1.41408,7.97138,1.31415,-8.96391e-09,7.91922e-09,5.98187e-08,2.72636,0,0,0
53.9993,3,0,0,0,0,0,0,0,0,0,0
53.9993,4,0,0,0,0,0,0,0,0,0,0
53.9993,5,0,0,0,0,0,0,0,0,0,0
54.0596,0,3.12511,-5.12505,5.12494,-1.31722e-05,1.05651e-05,2.80217e-06,0.000133245,0,0,0
54.0596,1,5.37499,0.624986,5.12497,-1.67931e-06,5.35512e-07,1.06949e-06,3.79343e-05,0,0,0
54.0596,2,-1.41408,7.97138,1.31415,-1.08063e-08,1.00015e-08,5.90321e-08,2.72636,0,0,0
54.0596,3,0,0,0,0,0,0,0,0,0,0
54.0596,4,0,0,0,0,0,0,0,0,0,0
54.0596,5,0,0,0,0,0,0,0,0,0,0
54.1179,0,3.12511,-5.12505,5.12494,-1.27161e-05,1.01878e-05,2.74291e-06,0.00013141,0,0,0
54.1179,1,5.37499,0.624986,5.12497,-1.59071e-06,4.94865e-07,1.09485e-06,3.79291e-05,0,0,0
54.1179,2,-1.41408,7.97138,1.31415,-1.26576e-08,1.22898e-08,5.71328e-08,2.72636,0,0,0
54.1179,3,0,0,0,0,0,0,0,0,0,0
54.1179,4,0,0,0,0,0,0,0,0,0,0
54.1179,5,0,0,0,0,0,0,0,0,0,0
54.1691,0,3.12511,-5.12505,5.12494,-1.25353e-05,1.00766e-05,2.6984e-06,0.00013141,0,0,0
54.1691,1,5.37499,0.624986,5.12497,-1.59071e-06,4.94865e-07,1.09485e-06,3.79291e-05,0,0,0
54.1691,2,-1.41408,7.97138,1.31415,-1.53639e-08,1.54037e-08,5.65684e-08,2.72636,0,0,0
54.1691,3,0,0,0,0,0,0,0,0,0,0
54.1691,4,0,0,0,0,0,0,0,0,0,0
54.1691,5,0,0,0,0,0,0,0,0,0,0
54.2293,0,3.12511,-5.12505,5.12494,-1.28263e-05,1.03472e-05,2.72829e-06,0.000129944,0,0,0
54.2293,1,5.37499,0.624986,5.12497,-1.70156e-06,5.73851e-07,1.17593e-06,3.75824e-05,0,0,0
54.2293,2,-1.41408,7.97138,1.31415,-1.60454e-08,1.66154e-08,5.65388e-08,2.72636,0,0,0
54.2293,3,0,0,0,0,0,0,0,0,0,0
54.2293,4,0,0,0,0,0,0,0,0,0,0
54.2293,5,0,0,0,0,0,0,0,0,0,0
54.2847,0,3.12511,-5.12504,5.12494,-1.29553e-05,1.04685e-05,2.73135e-06,0.000128189,0,0,0
54.2847,1,5.37499,0.624986,5.12497,-1.61371e-06,5.22828e-07,1.17649e-06,3.75824e-05,0,0,0
54.2847,2,-1.41408,7.97138,1.31415,-1.86592e-08,1.97071e-08,5.91627e-08,2.72636,0,0,0
54.2847,3,0,0,0,0,0,0,0,0,0,0
54.2847,4,0,0,0,0,0,0,0,0,0,0
54.2847,5,0,0,0,0,0,0,0,0,0,0
54.3452,0,3.12511,-5.12504,5.12494,-1.22077e-05,9.80136e-06,2.74134e-06,0.000128189,0,0,0
54.3452,1,5.37499,0.624986,5.12497,-1.69814e-06,5.88145e-07,1.07621e-06,3.74966e-05,0,0,0
54.3452,2,-1.41408,7.97138,1.31415,-1.90746e-08,2.05402e-08,6.08647e-08,2.72636,0,0,0
54.3452,3,0,0,0,0,0,0,0,0,0,0
54.3452,4,0,0,0,0,0,0,0,0,0,0
54.3452,5,0,0,0,0,0,0,0,0,0,0
54.4016,0,3.12511,-5.12504,5.12494,-1.21367e-05,9.74356e-06,2.80819e-06,0.000126799,0,0,0
54.4016,1,5.37499,0.624986,5.12497,-1.71483e-06,5.85156e-07,1.0302e-06,3.74966e-05,0,0,0
54.4016,2,-1.41408,7.97138,1.31415,-2.17076e-08,2.38757e-08,6.38572e-08,2.72636,0,0,0
54.4016,3,0,0,0,0,0,0,0,0,0,0
54.4016,4,0,0,0,0,0,0,0,0,0,0
54.4016,5,0,0,0,0,0,0,0,0,0,0
54.4579,0,3.1251,-5.12504,5.12494,-1.15687e-05,9.19228e-06,2.88297e-06,0.000126799,0,0,0
54.4579,1,5.37499,0.624986,5.12497,-1.81096e-06,6.3476e-07,1.04128e-06,3.75165e-05,0,0,0
54.4579,2,-1.41408,7.97138,1.31415,-2.30727e-08,2.58875e-08,6.49683e-08,2.72636,0,0,0
54.4579,3,0,0,0,0,0,0,0,0,0,0
54.4579,4,0,0,0,0,0,0,0,0,0,0
54.4579,5,0,0,0,0,0,0,0,0,0,0
54.5156,0,3.1251,-5.12504,5.12494,-1.24073e-05,9.99405e-06,2.89096e-06,0.000125253,0,0,0
54.5156,1,5.37499,0.624986,5.12497,-1.79098e-06,6.19963e-07,1.1017e-06,3.75165e-05,0,0,0
54.5156,2,-1.41408,7.97138,1.31415,-2.32803e-08,2.6472e-08,6.58442e-08,2.72636,0,0,0
54.5156,3,0,0,0,0,0,0,0,0,0,0
54.5156,4,0,0,0,0,0,0,0,0,0,0
54.5156,5,0,0,0,0,0,0,0,0,0,0
54.5759,0,3.1251,-5.12504,5.12494,-1.23013e-05,9.88545e-06,2.95857e-06,0.000125253,0,0,0
54.5759,1,5.37499,0.624986,5.12497,-1.77528e-06,6.03274e-07,1.1559e-06,3.75169e-05,0,0,0
54.5759,2,-1.41408,7.97138,1.31415,-2.42613e-08,2.80057e-08,6.69336e-08,2.72636,0,0,0
54.5759,3,0,0,0,0,0,0,0,0,0,0
54.5759,4,0,0,0,0,0,0,0,0,0,0
54.5759,5,0,0,0,0,0,0,0,0,0,0
54.6449,0,3.1251,-5.12504,5.12494,-1.18067e-05,9.4008e-06,3.01086e-06,0.000124377,0,0,0
54.6449,1,5.37499,0.624986,5.12497,-1.82516e-06,6.3031e-07,1.20308e-06,3.75169e-05,0,0,0
54.6449,2,-1.41408,7.97138,1.31415,-2.56985e-08,2.99252e-08,6.80143e-08,2.72636,0,0,0
54.6449,3,0,0,0,0,0,0,0,0,0,0
54.6449,4,0,0,0,0,0,0,0,0,0,0
54.6449,5,0,0,0,0,0,0,0,0,0,0
54.6956,0,3.1251,-5.12504,5.12494,-1.24199e-05,1.00116e-05,2.94769e-06,0.000124377,0,0,0
54.6956,1,5.37499,0.624986,5.12497,-1.80663e-06,6.19323e-07,1.24593e-06,3.72006e-05,0,0,0
54.6956,2,-1.41408,7.97138,1.31415,-2.55198e-08,3.0045e-08,7.05978e-08,2.72636,0,0,0
54.6956,3,0,0,0,0,0,0,0,0,0,0
54.6956,4,0,0,0,0,0,0,0,0,0,0
54.6956,5,0,0,0,0,0,0,0,0,0,0
54.761,0,3.1251,-5.12504,5.12495,-1.21963e-05,9.79579e-06,2.9452e-06,0.000122879,0,0,0
54.761,1,5.37499,0.624986,5.12497,-1.75183e-06,5.63161e-07,1.22069e-06,3.72006e-05,0,0,0
54.761,2,-1.41408,7.97138,1.31415,-2.50247e-08,2.9784e-08,7.50352e-08,2.72636,0,0,0
54.761,3,0,0,0,0,0,0,0,0,0,0
54.761,4,0,0,0,0,0,0,0,0,0,0
54.761,5,0,0,0,0,0,0,0,0,0,0
54.8181,0,3.1251,-5.12504,5.12495,-1.28599e-05,1.03557e-05,2.95638e-06,0.000122879,0,0,0
54.8181,1,5.37499,0.624986,5.12497,-1.72217e-06,5.68576e-07,1.10661e-06,3.71158e-05,0,0,0
54.8181,2,-1.41408,7.97138,1.31415,-2.42383e-08,2.91152e-08,8.05787e-08,2.72636,0,0,0
54.8181,3,0,0,0,0,0,0,0,0,0,0
54.8181,4,0,0,0,0,0,0,0,0,0,0
54.8181,5,0,0,0,0,0,0,0,0,0,0
54.8797,0,3.1251,-5.12504,5.12495,-1.29608e-05,1.04109e-05,2.9131e-06,0.000121053,0,0,0
54.8797,1,5.37499,0.624986,5.12497,-1.71674e-06,5.68256e-07,1.07286e-06,3.71158e-05,0,0,0
54.8797,2,-1.41408,7.97138,1.31415,-2.2916e-08,2.77682e-08,8.45711e-08,2.72636,0,0,0
54.8797,3,0,0,0,0,0,0,0,0,0,0
54.8797,4,0,0,0,0,0,0,0,0,0,0
54.8797,5,0,0,0,0,0,0,0,0,0,0
54.9545,0,3.1251,-5.12504,5.12495,-1.29368e-05,1.0352e-05,2.88479e-06,0.000121053,0,0,0
54.9545,1,5.37499,0.624986,5.12497,-1.5796e-06,4.84863e-07,1.01498e-06,3.70709e-05,0,0,0
54.9545,2,-1.41408,7.97138,1.31415,-2.27381e-08,2.76264e-08,8.68479e-08,2.72636,0,0,0
54.9545,3,0,0,0,0,0,0,0,0,0,0
54.9545,4,0,0,0,0,0,0,0,0,0,0
54.9545,5,0,0,0,0,0,0,0,0,0,0
55.014,0,3.1251,-5.12504,5.12495,-1.3364e-05,1.07447e-05,2.84056e-06,0.000119398,0,0,0
55.014,1,5.37499,0.624986,5.12497,-1.65976e-06,5.90348e-07,1.01422e-06,3.70709e-05,0,0,0
55.014,2,-1.41408,7.97138,1.31415,-2.27493e-08,2.77151e-08,9.24655e-08,2.72636,0,0,0
55.014,3,0,0,0,0,0,0,0,0,0,0
55.014,4,0,0,0,0,0,0,0,0,0,0
55.014,5,0,0,0,0,0,0,0,0,0,0
