time,uav_id,px,py,pz,vx,vy,vz,feedback,ref_x,ref_y,ref_z
4.0121e-05,0,-0.000259725,-0.0442824,2.05999,0,0,4.07597e-08,2.06047,0,0,0
4.0121e-05,1,2.99974,-0.0442824,2.05999,-2.74897e-15,-3.76796e-17,1.35202e-07,3.63922,0,0,0
4.0121e-05,2,2.99974,2.95572,2.05999,-1.5407e-24,5.26735e-26,3.90425e-08,4.6881,0,0,0
4.0121e-05,3,0,0,0,0,0,0,0,0,0,0
4.0121e-05,4,0,0,0,0,0,0,0,0,0,0
4.0121e-05,5,0,0,0,0,0,0,0,0,0,0
0.0552992,0,-0.000259725,-0.0442824,2.05999,0,0,3.9173e-08,2.06047,0,0,0
0.0552992,1,2.99974,-0.0442824,2.05999,-2.74414e-15,-4.07572e-17,1.38356e-07,3.63923,0,0,0
0.0552992,2,2.99974,2.95572,2.05999,-3.74301e-24,-2.3958e-24,4.11783e-08,4.6881,0,0,0
0.0552992,3,0,0,0,0,0,0,0,0,0,0
0.0552992,4,0,0,0,0,0,0,0,0,0,0
0.0552992,5,0,0,0,0,0,0,0,0,0,0
0.105459,0,-0.000259725,-0.0442824,2.05999,0,0,4.0771e-08,2.06047,0,0,0
0.105459,1,2.99974,-0.0442824,2.05999,-2.74009e-15,-4.33424e-17,1.40154e-07,3.63923,0,0,0
0.105459,2,2.99974,2.95572,2.05999,-4.40419e-24,-2.14602e-24,4.43391e-08,4.6881,0,0,0
0.105459,3,0,0,0,0,0,0,0,0,0,0
0.105459,4,0,0,0,0,0,0,0,0,0,0
0.105459,5,0,0,0,0,0,0,0,0,0,0
0.155897,0,-0.000259725,-0.0442824,2.05999,0,0,4.40197e-08,2.06047,0,0,0
0.155897,1,2.99974,-0.0442824,2.05999,-2.73622e-15,-4.58045e-17,1.45063e-07,3.63922,0,0,0
0.155897,2,2.99974,2.95572,2.05999,-5.59525e-24,3.16116e-25,4.68622e-08,4.6881,0,0,0
0.155897,3,0,0,0,0,0,0,0,0,0,0
0.155897,4,0,0,0,0,0,0,0,0,0,0
0.155897,5,0,0,0,0,0,0,0,0,0,0
0.206048,0,-0.000259725,-0.0442824,2.05999,0,0,4.72421e-08,2.06047,0,0,0
0.206048,1,2.99974,-0.0442824,2.05999,-2.73236e-15,-4.82665e-17,1.51571e-07,3.63922,0,0,0
0.206048,2,2.99974,2.95572,2.05999,-9.11094e-24,9.11946e-25,5.05384e-08,4.6881,0,0,0
0.206048,3,0,0,0,0,0,0,0,0,0,0
0.206048,4,0,0,0,0,0,0,0,0,0,0
0.206048,5,0,0,0,0,0,0,0,0,0,0
0.256189,0,-0.000259725,-0.0442824,2.05999,0,0,5.22638e-08,2.06047,0,0,0
0.256189,1,2.99974,-0.0442824,2.05999,-2.7285e-15,-5.07286e-17,1.58468e-07,3.63922,0,0,0
0.256189,2,2.99974,2.95572,2.05999,-1.20251e-23,1.60713e-24,5.60579e-08,4.6881,0,0,0
0.256189,3,0,0,0,0,0,0,0,0,0,0
0.256189,4,0,0,0,0,0,0,0,0,0,0
0.256189,5,0,0,0,0,0,0,0,0,0,0
0.306329,0,-0.000259725,-0.0442824,2.05999,0,0,5.74655e-08,2.06047,0,0,0
0.306329,1,2.99974,-0.0442824,2.05999,-2.72464e-15,-5.31907e-17,1.66265e-07,3.63922,0,0,0
0.306329,2,2.99974,2.95572,2.05999,-9.12776e-24,7.7997e-25,6.25002e-08,4.6881,0,0,0
0.306329,3,0,0,0,0,0,0,0,0,0,0
0.306329,4,0,0,0,0,0,0,0,0,0,0
0.306329,5,0,0,0,0,0,0,0,0,0,0
0.35645,0,-0.000259725,-0.0442824,2.05999,0,0,6.22716e-08,2.06047,0,0,0
0.35645,1,2.99974,-0.0442824,2.05999,-2.72078e-15,-5.56528e-17,1.72761e-07,3.63922,0,0,0
0.35645,2,2.99974,2.95572,2.05999,-4.34372e-24,4.56618e-25,6.94263e-08,4.6881,0,0,0
0.35645,3,0,0,0,0,0,0,0,0,0,0
0.35645,4,0,0,0,0,0,0,0,0,0,0
0.35645,5,0,0,0,0,0,0,0,0,0,0
0.406744,0,-0.000259725,-0.0442824,2.05999,0,0,6.85856e-08,2.06047,0,0,0
0.406744,1,2.99974,-0.0442824,2.05999,-2.71692e-15,-5.81148e-17,1.80122e-07,3.63922,0,0,0
0.406744,2,2.99974,2.95572,2.05999,-7.66212e-26,-1.30256e-24,7.5724e-08,4.6881,0,0,0
0.406744,3,0,0,0,0,0,0,0,0,0,0
0.406744,4,0,0,0,0,0,0,0,0,0,0
0.406744,5,0,0,0,0,0,0,0,0,0,0
0.456897,0,-0.000259725,-0.0442824,2.05999,0,0,7.49886e-08,2.06047,0,0,0
0.456897,1,2.99974,-0.0442824,2.05999,-2.71306e-15,-6.05769e-17,1.86885e-07,3.63922,0,0,0
0.456897,2,2.99974,2.95572,2.05999,4.10185e-24,-3.71514e-24,8.18952e-08,4.6881,0,0,0
0.456897,3,0,0,0,0,0,0,0,0,0,0
0.456897,4,0,0,0,0,0,0,0,0,0,0
0.456897,5,0,0,0,0,0,0,0,0,0,0
0.5087,0,-0.000259725,-0.0442824,2.05999,0,0,8.10716e-08,2.06047,0,0,0
0.5087,1,2.99974,-0.0442824,2.05999,-2.7092e-15,-6.3039e-17,1.92993e-07,3.63922,0,0,0
0.5087,2,2.99974,2.95572,2.05999,6.82444e-24,-6.85411e-24,8.7972e-08,4.6881,0,0,0
0.5087,3,0,0,0,0,0,0,0,0,0,0
0.5087,4,0,0,0,0,0,0,0,0,0,0
0.5087,5,0,0,0,0,0,0,0,0,0,0
0.558848,0,-0.000259725,-0.0442824,2.05999,0,0,8.54495e-08,2.06047,0,0,0
0.558848,1,2.99974,-0.0442824,2.05999,-2.70534e-15,-6.55011e-17,1.98651e-07,3.63922,0,0,0
0.558848,2,2.99974,2.95572,2.05999,8.60801e-24,-8.19584e-24,9.40024e-08,4.6881,0,0,0
0.558848,3,0,0,0,0,0,0,0,0,0,0
0.558848,4,0,0,0,0,0,0,0,0,0,0
0.558848,5,0,0,0,0,0,0,0,0,0,0
0.609458,0,-0.000259725,-0.0442824,2.05999,0,0,9.19524e-08,2.06047,0,0,0
0.609458,1,2.99974,-0.0442824,2.05999,-2.69651e-15,-8.88547e-17,2.03667e-07,3.63922,0,0,0
0.609458,2,2.99974,2.95572,2.05999,9.55598e-24,-5.02947e-24,9.94114e-08,4.6881,0,0,0
0.609458,3,0,0,0,0,0,0,0,0,0,0
0.609458,4,0,0,0,0,0,0,0,0,0,0
0.609458,5,0,0,0,0,0,0,0,0,0,0
0.659812,0,-0.000259725,-0.0442824,2.05999,0,0,9.84479e-08,2.06047,0,0,0
0.659812,1,2.99974,-0.0442824,2.05999,-2.70132e-15,-7.51153e-17,2.0841e-07,3.63922,0,0,0
0.659812,2,2.99974,2.95572,2.05999,8.7679e-24,8.92861e-26,1.05889e-07,4.6881,0,0,0
0.659812,3,0,0,0,0,0,0,0,0,0,0
0.659812,4,0,0,0,0,0,0,0,0,0,0
0.659812,5,0,0,0,0,0,0,0,0,0,0
0.710048,0,-0.000259725,-0.0442824,2.05999,0,0,1.03119e-07,2.06047,0,0,0
0.710048,1,2.99974,-0.0442824,2.05999,-2.70647e-15,-6.07273e-17,2.15267e-07,3.63922,0,0,0
0.710048,2,2.99974,2.95572,2.05999,6.20352e-24,1.37646e-24,1.11809e-07,4.6881,0,0,0
0.710048,3,0,0,0,0,0,0,0,0,0,0
0.710048,4,0,0,0,0,0,0,0,0,0,0
0.710048,5,0,0,0,0,0,0,0,0,0,0
0.760243,0,-0.000259725,-0.0442824,2.05999,0,0,1.08047e-07,2.06047,0,0,0
0.760243,1,2.99974,-0.0442824,2.05999,-2.69422e-15,-7.96735e-17,2.20562e-07,3.63922,0,0,0
0.760243,2,2.99974,2.95572,2.05999,4.74266e-24,2.08359e-24,1.17668e-07,4.6881,0,0,0
0.760243,3,0,0,0,0,0,0,0,0,0,0
0.760243,4,0,0,0,0,0,0,0,0,0,0
0.760243,5,0,0,0,0,0,0,0,0,0,0
0.810456,0,-0.000259725,-0.0442824,2.05999,0,0,1.13221e-07,2.06047,0,0,0
0.810456,1,2.99974,-0.0442824,2.05999,-2.69937e-15,-6.52853e-17,2.25654e-07,3.63922,0,0,0
0.810456,2,2.99974,2.95572,2.05999,1.6453e-24,1.27042e-24,1.23496e-07,4.6881,0,0,0
0.810456,3,0,0,0,0,0,0,0,0,0,0
0.810456,4,0,0,0,0,0,0,0,0,0,0
0.810456,5,0,0,0,0,0,0,0,0,0,0
0.862759,0,-0.000259725,-0.0442824,2.05999,0,0,1.1872e-07,2.06047,0,0,0
0.862759,1,2.99974,-0.0442824,2.05999,-2.69599e-15,-6.72398e-17,1.88993e-07,3.63923,0,0,0
0.862759,2,2.99974,2.95572,2.05999,-9.00579e-24,-4.29574e-24,1.29303e-07,4.6881,0,0,0
0.862759,3,0,0,0,0,0,0,0,0,0,0
0.862759,4,0,0,0,0,0,0,0,0,0,0
0.862759,5,0,0,0,0,0,0,0,0,0,0
0.912904,0,-0.000259725,-0.0442824,2.05999,0,0,1.24239e-07,2.06047,0,0,0
0.912904,1,2.99974,-0.0442824,2.05999,-2.69652e-15,-7.30935e-17,1.2622e-07,3.63923,0,0,0
0.912904,2,2.99974,2.95572,2.05999,-2.0414e-23,-6.28998e-24,1.3465e-07,4.6881,0,0,0
0.912904,3,0,0,0,0,0,0,0,0,0,0
0.912904,4,0,0,0,0,0,0,0,0,0,0
0.912904,5,0,0,0,0,0,0,0,0,0,0
0.96307,0,-0.000259725,-0.0442824,2.05999,0,0,1.29719e-07,2.06047,0,0,0
0.96307,1,2.99974,-0.0442824,2.05999,-2.69328e-15,-7.51896e-17,8.84718e-08,3.63923,0,0,0
0.96307,2,2.99974,2.95572,2.05999,-2.20052e-23,-1.28881e-24,1.41524e-07,4.6881,0,0,0
0.96307,3,0,0,0,0,0,0,0,0,0,0
0.96307,4,0,0,0,0,0,0,0,0,0,0
0.96307,5,0,0,0,0,0,0,0,0,0,0
1.01339,0,-0.000259725,-0.0442824,2.05999,0,0,1.35207e-07,2.06047,0,0,0
1.01339,1,2.99974,-0.0442824,2.05999,-2.69005e-15,-7.72858e-17,6.08971e-08,3.63923,0,0,0
1.01339,2,2.99974,2.95572,2.05999,-1.66373e-23,2.4694e-24,1.47908e-07,4.6881,0,0,0
1.01339,3,0,0,0,0,0,0,0,0,0,0
1.01339,4,0,0,0,0,0,0,0,0,0,0
1.01339,5,0,0,0,0,0,0,0,0,0,0
1.06864,0,-0.000259725,-0.0442824,2.05999,0,0,1.40708e-07,2.06047,0,0,0
1.06864,1,2.99974,-0.0442824,2.05999,-2.69358e-15,-8.51539e-17,3.59351e-08,3.63923,0,0,0
1.06864,2,2.99974,2.95572,2.05999,-5.87266e-25,1.81286e-24,1.51406e-07,4.6881,0,0,0
1.06864,3,0,0,0,0,0,0,0,0,0,0
1.06864,4,0,0,0,0,0,0,0,0,0,0
1.06864,5,0,0,0,0,0,0,0,0,0,0
1.11885,0,-0.000259725,-0.0442824,2.05999,0,0,1.44301e-07,2.06047,0,0,0
1.11885,1,2.99974,-0.0442824,2.05999,-2.69238e-15,-8.92824e-17,1.60373e-08,3.63923,0,0,0
1.11885,2,2.99974,2.95572,2.05999,6.15699e-24,6.05129e-24,1.56692e-07,4.6881,0,0,0
1.11885,3,0,0,0,0,0,0,0,0,0,0
1.11885,4,0,0,0,0,0,0,0,0,0,0
1.11885,5,0,0,0,0,0,0,0,0,0,0
1.17204,0,-0.000259725,-0.0442824,2.05999,0,0,1.49849e-07,2.06047,0,0,0
1.17204,1,2.99974,-0.0442824,2.05999,-2.68944e-15,-9.16771e-17,-2.97944e-09,3.63923,0,0,0
1.17204,2,2.99974,2.95572,2.05999,4.46708e-24,9.43049e-24,1.6351e-07,4.6881,0,0,0
1.17204,3,0,0,0,0,0,0,0,0,0,0
1.17204,4,0,0,0,0,0,0,0,0,0,0
1.17204,5,0,0,0,0,0,0,0,0,0,0
1.22221,0,-0.000259725,-0.0442824,2.05999,0,0,1.55535e-07,2.06047,0,0,0
1.22221,1,2.99974,-0.0442824,2.05999,-2.69505e-15,-7.71877e-17,-1.7507e-08,3.63923,0,0,0
1.22221,2,2.99974,2.95572,2.05999,6.4107e-24,7.09451e-24,1.6895e-07,4.6881,0,0,0
1.22221,3,0,0,0,0,0,0,0,0,0,0
1.22221,4,0,0,0,0,0,0,0,0,0,0
1.22221,5,0,0,0,0,0,0,0,0,0,0
1.27276,0,-0.000259725,-0.0442824,2.05999,0,0,1.61223e-07,2.06047,0,0,0
1.27276,1,2.99974,-0.0442824,2.05999,-2.69584e-15,-8.23274e-17,-3.16409e-08,3.63923,0,0,0
1.27276,2,2.99974,2.95572,2.05999,1.16772e-23,5.00032e-25,1.74415e-07,4.6881,0,0,0
1.27276,3,0,0,0,0,0,0,0,0,0,0
1.27276,4,0,0,0,0,0,0,0,0,0,0
1.27276,5,0,0,0,0,0,0,0,0,0,0
1.32579,0,-0.000259725,-0.0442824,2.05999,0,0,1.66878e-07,2.06047,0,0,0
1.32579,1,2.99974,-0.0442824,2.05999,-2.70211e-15,-6.70576e-17,-4.35849e-08,3.63923,0,0,0
1.32579,2,2.99974,2.95572,2.05999,1.06911e-23,-1.11428e-24,1.78579e-07,4.6881,0,0,0
1.32579,3,0,0,0,0,0,0,0,0,0,0
1.32579,4,0,0,0,0,0,0,0,0,0,0
1.32579,5,0,0,0,0,0,0,0,0,0,0
1.37705,0,-0.000259725,-0.0442824,2.05999,0,0,1.72568e-07,2.06047,0,0,0
1.37705,1,2.99974,-0.0442824,2.05999,-2.70301e-15,-7.13155e-17,-5.36084e-08,3.63923,0,0,0
1.37705,2,2.99974,2.95572,2.05999,1.40003e-24,2.8934e-24,1.84485e-07,4.6881,0,0,0
1.37705,3,0,0,0,0,0,0,0,0,0,0
1.37705,4,0,0,0,0,0,0,0,0,0,0
1.37705,5,0,0,0,0,0,0,0,0,0,0
1.42721,0,-0.000259725,-0.0442824,2.05999,0,0,1.76332e-07,2.06047,0,0,0
1.42721,1,2.99974,-0.0442824,2.05999,-2.7089e-15,-8.07196e-17,-6.21901e-08,3.63923,0,0,0
1.42721,2,2.99974,2.95572,2.05999,-3.49309e-24,9.22702e-25,1.95407e-07,4.6881,0,0,0
1.42721,3,0,0,0,0,0,0,0,0,0,0
1.42721,4,0,0,0,0,0,0,0,0,0,0
1.42721,5,0,0,0,0,0,0,0,0,0,0
1.47735,0,-0.000259725,-0.0442824,2.05999,0,0,1.82554e-07,2.06047,0,0,0
1.47735,1,2.99974,-0.0442824,2.05999,-2.7159e-15,-6.51865e-17,-6.94921e-08,3.63923,0,0,0
1.47735,2,2.99974,2.95572,2.05999,2.32531e-24,-7.38035e-24,1.99833e-07,4.6881,0,0,0
1.47735,3,0,0,0,0,0,0,0,0,0,0
1.47735,4,0,0,0,0,0,0,0,0,0,0
1.47735,5,0,0,0,0,0,0,0,0,0,0
1.52763,0,-0.000259725,-0.0442824,2.05999,0,0,1.88565e-07,2.06047,0,0,0
1.52763,1,2.99974,-0.0442824,2.05999,-2.71451e-15,-6.61505e-17,-7.5645e-08,3.63923,0,0,0
1.52763,2,2.99974,2.95572,2.05999,1.47078e-23,-6.13681e-24,2.03294e-07,4.6881,0,0,0
1.52763,3,0,0,0,0,0,0,0,0,0,0
1.52763,4,0,0,0,0,0,0,0,0,0,0
1.52763,5,0,0,0,0,0,0,0,0,0,0
1.57784,0,-0.000259725,-0.0442824,2.05999,0,0,1.94876e-07,2.06047,0,0,0
1.57784,1,2.99974,-0.0442824,2.05999,-2.71311e-15,-6.71146e-17,-8.05762e-08,3.63923,0,0,0
1.57784,2,2.99974,2.95572,2.05999,2.12148e-23,4.483e-24,2.09315e-07,4.6881,0,0,0
1.57784,3,0,0,0,0,0,0,0,0,0,0
1.57784,4,0,0,0,0,0,0,0,0,0,0
1.57784,5,0,0,0,0,0,0,0,0,0,0
1.62826,0,-0.000259725,-0.0442824,2.05999,0,0,2.00086e-07,2.06047,0,0,0
1.62826,1,2.99974,-0.0442824,2.05999,-2.71589e-15,-4.63817e-17,-8.42086e-08,3.63923,0,0,0
1.62826,2,2.99974,2.95572,2.05999,1.57147e-23,6.87972e-24,2.1471e-07,4.6881,0,0,0
1.62826,3,0,0,0,0,0,0,0,0,0,0
1.62826,4,0,0,0,0,0,0,0,0,0,0
1.62826,5,0,0,0,0,0,0,0,0,0,0
1.67843,0,-0.000259725,-0.0442824,2.05999,0,0,2.06612e-07,2.06047,0,0,0
1.67843,1,2.99974,-0.0442824,2.05999,-2.71467e-15,-4.65261e-17,-8.73408e-08,3.63923,0,0,0
1.67843,2,2.99974,2.95572,2.05999,6.89029e-24,-6.71362e-25,2.09526e-07,4.6881,0,0,0
1.67843,3,0,0,0,0,0,0,0,0,0,0
1.67843,4,0,0,0,0,0,0,0,0,0,0
1.67843,5,0,0,0,0,0,0,0,0,0,0
1.72858,0,-0.000259725,-0.0442824,2.05999,0,0,2.10659e-07,2.06047,0,0,0
1.72858,1,2.99974,-0.0442824,2.05999,-2.72277e-15,-2.9136e-17,-8.90603e-08,3.63923,0,0,0
1.72858,2,2.99974,2.95572,2.05999,3.96249e-25,-3.67191e-24,1.56644e-07,4.6881,0,0,0
1.72858,3,0,0,0,0,0,0,0,0,0,0
1.72858,4,0,0,0,0,0,0,0,0,0,0
1.72858,5,0,0,0,0,0,0,0,0,0,0
1.77878,0,-0.000259725,-0.0442824,2.05999,0,0,1.9101e-07,2.06047,0,0,0
1.77878,1,2.99974,-0.0442824,2.05999,-2.72292e-15,-3.68931e-18,-9.04142e-08,3.63923,0,0,0
1.77878,2,2.99974,2.95572,2.05999,-1.05631e-24,-2.7112e-24,1.04394e-07,4.6881,0,0,0
1.77878,3,0,0,0,0,0,0,0,0,0,0
1.77878,4,0,0,0,0,0,0,0,0,0,0
1.77878,5,0,0,0,0,0,0,0,0,0,0
1.82893,0,-0.000259725,-0.0442824,2.05999,0,0,1.24106e-07,2.06047,0,0,0
1.82893,1,2.99974,-0.0442824,2.05999,-2.72132e-15,2.42835e-17,-9.14843e-08,3.63923,0,0,0
1.82893,2,2.99974,2.95572,2.05999,2.10391e-25,-4.308e-25,5.94077e-08,4.6881,0,0,0
1.82893,3,0,0,0,0,0,0,0,0,0,0
1.82893,4,0,0,0,0,0,0,0,0,0,0
1.82893,5,0,0,0,0,0,0,0,0,0,0
1.87906,0,-0.000259725,-0.0442824,2.05999,0,0,8.25543e-08,2.06047,0,0,0
1.87906,1,2.99974,-0.0442824,2.05999,-2.72288e-15,5.02164e-17,-4.87815e-08,3.63923,0,0,0
1.87906,2,2.99974,2.95572,2.05999,6.00032e-25,4.81107e-25,3.20544e-08,4.6881,0,0,0
1.87906,3,0,0,0,0,0,0,0,0,0,0
1.87906,4,0,0,0,0,0,0,0,0,0,0
1.87906,5,0,0,0,0,0,0,0,0,0,0
1.9294,0,-0.000259725,-0.0442824,2.05999,0,0,5.08566e-08,2.06047,0,0,0
1.9294,1,2.99974,-0.0442824,2.05999,-2.72426e-15,7.73434e-17,2.00316e-08,3.63923,0,0,0
1.9294,2,2.99974,2.95572,2.05999,3.99973e-25,7.69539e-25,1.38698e-08,4.6881,0,0,0
1.9294,3,0,0,0,0,0,0,0,0,0,0
1.9294,4,0,0,0,0,0,0,0,0,0,0
1.9294,5,0,0,0,0,0,0,0,0,0,0
1.97952,0,-0.000259725,-0.0442824,2.05999,0,0,2.69545e-08,2.06047,0,0,0
1.97952,1,2.99974,-0.0442824,2.05999,-2.71715e-15,8.80871e-17,6.29355e-08,3.63922,0,0,0
1.97952,2,2.99974,2.95572,2.05999,-1.49668e-25,-5.69568e-25,-6.16312e-09,4.6881,0,0,0
1.97952,3,0,0,0,0,0,0,0,0,0,0
1.97952,4,0,0,0,0,0,0,0,0,0,0
1.97952,5,0,0,0,0,0,0,0,0,0,0
2.02967,0,-0.000259725,-0.0442824,2.05999,0,0,6.81046e-09,2.06047,0,0,0
2.02967,1,2.99974,-0.0442824,2.05999,-2.71558e-15,1.1917e-16,1.00396e-07,3.63922,0,0,0
2.02967,2,2.99974,2.95572,2.05999,1.46542e-25,-1.81211e-24,-2.1194e-08,4.6881,0,0,0
2.02967,3,0,0,0,0,0,0,0,0,0,0
2.02967,4,0,0,0,0,0,0,0,0,0,0
2.02967,5,0,0,0,0,0,0,0,0,0,0
2.08499,0,-0.000259725,-0.0442824,2.05999,0,0,-1.07913e-08,2.06047,0,0,0
2.08499,1,2.99974,-0.0442824,2.05999,-2.71294e-15,1.26434e-16,1.15416e-07,3.63923,0,0,0
2.08499,2,2.99974,2.95572,2.05999,-7.468e-25,-2.65861e-24,-3.54267e-08,4.6881,0,0,0
2.08499,3,0,0,0,0,0,0,0,0,0,0
2.08499,4,0,0,0,0,0,0,0,0,0,0
2.08499,5,0,0,0,0,0,0,0,0,0,0
2.13515,0,-0.000259725,-0.0442824,2.05999,0,0,-2.61688e-08,2.06047,0,0,0
2.13515,1,2.99974,-0.0442824,2.05999,-2.70258e-15,1.41424e-16,9.49851e-08,3.63923,0,0,0
2.13515,2,2.99974,2.95572,2.05999,-3.34748e-24,-2.27693e-24,-4.7374e-08,4.6881,0,0,0
2.13515,3,0,0,0,0,0,0,0,0,0,0
2.13515,4,0,0,0,0,0,0,0,0,0,0
2.13515,5,0,0,0,0,0,0,0,0,0,0
2.18528,0,-0.000259725,-0.0442824,2.05999,0,0,-3.96243e-08,2.06047,0,0,0
2.18528,1,2.99974,-0.0442824,2.05999,-2.70378e-15,1.70711e-16,6.58127e-08,3.63923,0,0,0
2.18528,2,2.99974,2.95572,2.05999,-4.78009e-24,-2.02383e-24,-5.71465e-08,4.6881,0,0,0
2.18528,3,0,0,0,0,0,0,0,0,0,0
2.18528,4,0,0,0,0,0,0,0,0,0,0
2.18528,5,0,0,0,0,0,0,0,0,0,0
2.23576,0,-0.000259725,-0.0442824,2.05999,0,0,-5.13211e-08,2.06047,0,0,0
2.23576,1,2.99974,-0.0442824,2.05999,-2.70085e-15,1.79268e-16,3.95456e-08,3.63923,0,0,0
2.23576,2,2.99974,2.95572,2.05999,-3.69621e-24,-9.90056e-25,-6.52308e-08,4.6881,0,0,0
2.23576,3,0,0,0,0,0,0,0,0,0,0
2.23576,4,0,0,0,0,0,0,0,0,0,0
2.23576,5,0,0,0,0,0,0,0,0,0,0
2.28594,0,-0.000259725,-0.0442824,2.05999,0,0,-6.14319e-08,2.06047,0,0,0
2.28594,1,2.99974,-0.0442824,2.05999,-2.69778e-15,1.88234e-16,2.773e-08,3.63923,0,0,0
2.28594,2,2.99974,2.95572,2.05999,-4.3208e-25,-3.12058e-25,-7.11701e-08,4.6881,0,0,0
2.28594,3,0,0,0,0,0,0,0,0,0,0
2.28594,4,0,0,0,0,0,0,0,0,0,0
2.28594,5,0,0,0,0,0,0,0,0,0,0
2.33875,0,-0.000259725,-0.0442824,2.05999,0,0,-7.01833e-08,2.06047,0,0,0
2.33875,1,2.99974,-0.0442824,2.05999,-2.69184e-15,1.99793e-16,1.69851e-08,3.63923,0,0,0
2.33875,2,2.99974,2.95572,2.05999,3.61376e-24,-2.98528e-24,-7.76401e-08,4.6881,0,0,0
2.33875,3,0,0,0,0,0,0,0,0,0,0
2.33875,4,0,0,0,0,0,0,0,0,0,0
2.33875,5,0,0,0,0,0,0,0,0,0,0
2.3889,0,-0.000259725,-0.0442824,2.05999,0,0,-7.75436e-08,2.06047,0,0,0
2.3889,1,2.99974,-0.0442824,2.05999,-2.68085e-15,2.16405e-16,1.01705e-08,3.63923,0,0,0
2.3889,2,2.99974,2.95572,2.05999,6.91841e-24,-5.14018e-24,-8.23782e-08,4.6881,0,0,0
2.3889,3,0,0,0,0,0,0,0,0,0,0
2.3889,4,0,0,0,0,0,0,0,0,0,0
2.3889,5,0,0,0,0,0,0,0,0,0,0
2.43902,0,-0.000259725,-0.0442824,2.05999,0,0,-8.37648e-08,2.06047,0,0,0
2.43902,1,2.99974,-0.0442824,2.05999,-2.67264e-15,2.3023e-16,5.23923e-09,3.63923,0,0,0
2.43902,2,2.99974,2.95572,2.05999,1.07523e-23,-5.25312e-24,-8.58117e-08,4.6881,0,0,0
2.43902,3,0,0,0,0,0,0,0,0,0,0
2.43902,4,0,0,0,0,0,0,0,0,0,0
2.43902,5,0,0,0,0,0,0,0,0,0,0
2.48943,0,-0.000259725,-0.0442824,2.05999,0,0,-8.89721e-08,2.06047,0,0,0
2.48943,1,2.99974,-0.0442824,2.05999,-2.66175e-15,2.20875e-16,1.30731e-09,3.63923,0,0,0
2.48943,2,2.99974,2.95572,2.05999,1.66209e-23,-1.49335e-26,-8.85515e-08,4.6881,0,0,0
2.48943,3,0,0,0,0,0,0,0,0,0,0
2.48943,4,0,0,0,0,0,0,0,0,0,0
2.48943,5,0,0,0,0,0,0,0,0,0,0
2.53963,0,-0.000259725,-0.0442824,2.05999,0,0,-9.33721e-08,2.06047,0,0,0
2.53963,1,2.99974,-0.0442824,2.05999,-2.65051e-15,2.10871e-16,-1.77148e-09,3.63923,0,0,0
2.53963,2,2.99974,2.95572,2.05999,1.56436e-23,4.26921e-24,-9.04117e-08,4.6881,0,0,0
2.53963,3,0,0,0,0,0,0,0,0,0,0
2.53963,4,0,0,0,0,0,0,0,0,0,0
2.53963,5,0,0,0,0,0,0,0,0,0,0
2.59049,0,-0.000259725,-0.0442824,2.05999,0,0,-9.82026e-08,2.06047,0,0,0
2.59049,1,2.99974,-0.0442824,2.05999,-2.63311e-15,1.80183e-16,-4.08216e-09,3.63923,0,0,0
2.59049,2,2.99974,2.95572,2.05999,2.56343e-24,2.37669e-24,-5.03327e-08,4.6881,0,0,0
2.59049,3,0,0,0,0,0,0,0,0,0,0
2.59049,4,0,0,0,0,0,0,0,0,0,0
2.59049,5,0,0,0,0,0,0,0,0,0,0
2.64293,0,-0.000259725,-0.0442824,2.05999,0,0,-9.65466e-08,2.06047,0,0,0
2.64293,1,2.99974,-0.0442824,2.05999,-2.62349e-15,1.65598e-16,-5.69996e-09,3.63923,0,0,0
2.64293,2,2.99974,2.95572,2.05999,4.57591e-26,-3.98274e-25,1.00496e-08,4.6881,0,0,0
2.64293,3,0,0,0,0,0,0,0,0,0,0
2.64293,4,0,0,0,0,0,0,0,0,0,0
2.64293,5,0,0,0,0,0,0,0,0,0,0
2.69309,0,-0.000259725,-0.0442824,2.05999,0,0,-6.3372e-08,2.06047,0,0,0
2.69309,1,2.99974,-0.0442824,2.05999,-2.61109e-15,1.52795e-16,-6.6936e-09,3.63923,0,0,0
2.69309,2,2.99974,2.95572,2.05999,2.81629e-24,-1.35528e-24,5.69961e-08,4.6881,0,0,0
2.69309,3,0,0,0,0,0,0,0,0,0,0
2.69309,4,0,0,0,0,0,0,0,0,0,0
2.69309,5,0,0,0,0,0,0,0,0,0,0
2.74369,0,-0.000259725,-0.0442824,2.05999,0,0,5.83769e-09,2.06047,0,0,0
2.74369,1,2.99974,-0.0442824,2.05999,-2.59835e-15,1.39344e-16,-7.1252e-09,3.63923,0,0,0
2.74369,2,2.99974,2.95572,2.05999,6.87846e-24,-9.5193e-25,9.10435e-08,4.6881,0,0,0
2.74369,3,0,0,0,0,0,0,0,0,0,0
2.74369,4,0,0,0,0,0,0,0,0,0,0
2.74369,5,0,0,0,0,0,0,0,0,0,0
2.79646,0,-0.000259725,-0.0442824,2.05999,0,0,4.3357e-08,2.06047,0,0,0
2.79646,1,2.99974,-0.0442824,2.05999,-2.58526e-15,1.25244e-16,-7.05054e-09,3.63923,0,0,0
2.79646,2,2.99974,2.95572,2.05999,6.47147e-24,-4.51634e-24,1.15934e-07,4.6881,0,0,0
2.79646,3,0,0,0,0,0,0,0,0,0,0
2.79646,4,0,0,0,0,0,0,0,0,0,0
2.79646,5,0,0,0,0,0,0,0,0,0,0
2.84992,0,-0.000259725,-0.0442824,2.05999,0,0,8.0603e-08,2.06047,0,0,0
2.84992,1,2.99974,-0.0442824,2.05999,-2.57168e-15,1.10801e-16,-8.361e-09,3.63923,0,0,0
2.84992,2,2.99974,2.95572,2.05999,1.73325e-24,-1.1555e-23,1.22354e-07,4.6881,0,0,0
2.84992,3,0,0,0,0,0,0,0,0,0,0
2.84992,4,0,0,0,0,0,0,0,0,0,0
2.84992,5,0,0,0,0,0,0,0,0,0,0
2.90007,0,-0.000259725,-0.0442824,2.05999,0,0,8.0603e-08,2.06047,0,0,0
2.90007,1,2.99974,-0.0442824,2.05999,-2.55779e-15,9.546e-17,-9.08337e-09,3.63923,0,0,0
2.90007,2,2.99974,2.95572,2.05999,-8.75869e-25,-1.26228e-23,1.01837e-07,4.6881,0,0,0
2.90007,3,0,0,0,0,0,0,0,0,0,0
2.90007,4,0,0,0,0,0,0,0,0,0,0
2.90007,5,0,0,0,0,0,0,0,0,0,0
2.9555,0,-0.000259725,-0.0442824,2.05999,0,0,1.23738e-07,2.06047,0,0,0
2.9555,1,2.99974,-0.0442824,2.05999,-2.53666e-15,6.06078e-17,-8.83821e-09,3.63923,0,0,0
2.9555,2,2.99974,2.95572,2.05999,-1.88092e-25,-5.72338e-24,5.31113e-08,4.6881,0,0,0
2.9555,3,0,0,0,0,0,0,0,0,0,0
2.9555,4,0,0,0,0,0,0,0,0,0,0
2.9555,5,0,0,0,0,0,0,0,0,0,0
3.01231,0,-0.000259725,-0.0442824,2.05999,0,0,1.23738e-07,2.06047,0,0,0
3.01231,1,2.99974,-0.0442824,2.05999,-2.53164e-15,3.34516e-17,-5.83412e-09,3.63923,0,0,0
3.01231,2,2.99974,2.95572,2.05999,-8.23634e-25,-3.34299e-24,3.59113e-08,4.6881,0,0,0
3.01231,3,0,0,0,0,0,0,0,0,0,0
3.01231,4,0,0,0,0,0,0,0,0,0,0
3.01231,5,0,0,0,0,0,0,0,0,0,0
3.06248,0,-0.000259725,-0.0442824,2.05999,0,0,6.13428e-08,2.06047,0,0,0
3.06248,1,2.99974,-0.0442824,2.05999,-2.51873e-15,1.32116e-17,-4.13722e-09,3.63923,0,0,0
3.06248,2,2.99974,2.95572,2.05999,-1.30736e-24,-2.36781e-24,2.40009e-08,4.6881,0,0,0
3.06248,3,0,0,0,0,0,0,0,0,0,0
3.06248,4,0,0,0,0,0,0,0,0,0,0
3.06248,5,0,0,0,0,0,0,0,0,0,0
3.11288,0,-0.000259725,-0.0442824,2.05999,0,0,3.94944e-08,2.06047,0,0,0
3.11288,1,2.99974,-0.0442824,2.05999,-2.51567e-15,8.03157e-18,-2.46947e-09,3.63923,0,0,0
3.11288,2,2.99974,2.95572,2.05999,-1.43164e-25,-8.24163e-25,1.1472e-08,4.6881,0,0,0
3.11288,3,0,0,0,0,0,0,0,0,0,0
3.11288,4,0,0,0,0,0,0,0,0,0,0
3.11288,5,0,0,0,0,0,0,0,0,0,0
3.16566,0,-0.000259725,-0.0442824,2.05999,0,0,2.57166e-08,2.06047,0,0,0
3.16566,1,2.99974,-0.0442824,2.05999,-2.50723e-15,-1.76482e-17,-2.00648e-09,3.63923,0,0,0
3.16566,2,2.99974,2.95572,2.05999,2.41338e-25,-4.77775e-26,3.63216e-09,4.6881,0,0,0
3.16566,3,0,0,0,0,0,0,0,0,0,0
3.16566,4,0,0,0,0,0,0,0,0,0,0
3.16566,5,0,0,0,0,0,0,0,0,0,0
3.21582,0,-0.000259725,-0.0442824,2.05999,0,0,1.44926e-08,2.06047,0,0,0
3.21582,1,2.99974,-0.0442824,2.05999,-2.49616e-15,-4.16805e-17,-4.67233e-10,3.63923,0,0,0
3.21582,2,2.99974,2.95572,2.05999,-1.19692e-25,-6.79332e-26,-1.47555e-09,4.6881,0,0,0
3.21582,3,0,0,0,0,0,0,0,0,0,0
3.21582,4,0,0,0,0,0,0,0,0,0,0
3.21582,5,0,0,0,0,0,0,0,0,0,0
3.26605,0,-0.000259725,-0.0442824,2.05999,0,0,6.83502e-09,2.06047,0,0,0
3.26605,1,2.99974,-0.0442824,2.05999,-2.48279e-15,-6.43983e-17,4.15278e-09,3.63923,0,0,0
3.26605,2,2.99974,2.95572,2.05999,-4.88305e-25,-5.57481e-25,-6.03233e-09,4.6881,0,0,0
3.26605,3,0,0,0,0,0,0,0,0,0,0
3.26605,4,0,0,0,0,0,0,0,0,0,0
3.26605,5,0,0,0,0,0,0,0,0,0,0
3.31621,0,-0.000259725,-0.0442824,2.05999,0,0,5.2119e-10,2.06047,0,0,0
3.31621,1,2.99974,-0.0442824,2.05999,-2.46734e-15,-8.60285e-17,8.93348e-09,3.63923,0,0,0
3.31621,2,2.99974,2.95572,2.05999,-9.01748e-25,-9.55086e-25,-9.88379e-09,4.6881,0,0,0
3.31621,3,0,0,0,0,0,0,0,0,0,0
3.31621,4,0,0,0,0,0,0,0,0,0,0
3.31621,5,0,0,0,0,0,0,0,0,0,0
3.36641,0,-0.000259725,-0.0442824,2.05999,0,0,-5.15841e-09,2.06047,0,0,0
3.36641,1,2.99974,-0.0442824,2.05999,-2.46041e-15,-9.13136e-17,1.37133e-08,3.63923,0,0,0
3.36641,2,2.99974,2.95572,2.05999,-5.38347e-25,-1.09508e-24,-1.5572e-08,4.6881,0,0,0
3.36641,3,0,0,0,0,0,0,0,0,0,0
3.36641,4,0,0,0,0,0,0,0,0,0,0
3.36641,5,0,0,0,0,0,0,0,0,0,0
3.41934,0,-0.000259725,-0.0442824,2.05999,0,0,-1.07185e-08,2.06047,0,0,0
3.41934,1,2.99974,-0.0442824,2.05999,-2.45349e-15,-9.65986e-17,1.66296e-08,3.63923,0,0,0
3.41934,2,2.99974,2.95572,2.05999,4.09181e-25,-4.1453e-25,-1.58584e-08,4.6881,0,0,0
3.41934,3,0,0,0,0,0,0,0,0,0,0
3.41934,4,0,0,0,0,0,0,0,0,0,0
3.41934,5,0,0,0,0,0,0,0,0,0,0
3.4703,0,-0.000259725,-0.0442824,2.05999,0,0,-1.52638e-08,2.06047,0,0,0
3.4703,1,2.99974,-0.0442824,2.05999,-2.44657e-15,-1.01884e-16,1.98196e-08,3.63923,0,0,0
3.4703,2,2.99974,2.95572,2.05999,-2.97197e-27,8.02433e-26,-1.7623e-08,4.6881,0,0,0
3.4703,3,0,0,0,0,0,0,0,0,0,0
3.4703,4,0,0,0,0,0,0,0,0,0,0
3.4703,5,0,0,0,0,0,0,0,0,0,0
3.52044,0,-0.000259725,-0.0442824,2.05999,0,0,-1.52638e-08,2.06047,0,0,0
3.52044,1,2.99974,-0.0442824,2.05999,-2.45399e-15,-9.56478e-17,2.34635e-08,3.63923,0,0,0
3.52044,2,2.99974,2.95572,2.05999,2.82238e-25,1.10441e-25,-1.81913e-08,4.6881,0,0,0
3.52044,3,0,0,0,0,0,0,0,0,0,0
3.52044,4,0,0,0,0,0,0,0,0,0,0
3.52044,5,0,0,0,0,0,0,0,0,0,0
3.57334,0,-0.000259725,-0.0442824,2.05999,0,0,-1.85517e-08,2.06047,0,0,0
3.57334,1,2.99974,-0.0442824,2.05999,-2.45151e-15,-1.04389e-16,2.72492e-08,3.63923,0,0,0
3.57334,2,2.99974,2.95572,2.05999,1.35953e-24,2.69483e-25,-1.79547e-08,4.6881,0,0,0
3.57334,3,0,0,0,0,0,0,0,0,0,0
3.57334,4,0,0,0,0,0,0,0,0,0,0
3.57334,5,0,0,0,0,0,0,0,0,0,0
3.62377,0,-0.000259725,-0.0442824,2.05999,0,0,-2.0893e-08,2.06047,0,0,0
3.62377,1,2.99974,-0.0442824,2.05999,-2.44918e-15,-1.13272e-16,3.11477e-08,3.63923,0,0,0
3.62377,2,2.99974,2.95572,2.05999,1.9441e-24,-6.57649e-25,-1.71039e-08,4.6881,0,0,0
3.62377,3,0,0,0,0,0,0,0,0,0,0
3.62377,4,0,0,0,0,0,0,0,0,0,0
3.62377,5,0,0,0,0,0,0,0,0,0,0
3.67647,0,-0.000259725,-0.0442824,2.05999,0,0,-2.2103e-08,2.06047,0,0,0
3.67647,1,2.99974,-0.0442824,2.05999,-2.44309e-15,-1.18397e-16,3.39965e-08,3.63923,0,0,0
3.67647,2,2.99974,2.95572,2.05999,1.79079e-24,-4.38069e-25,-1.42727e-08,4.6881,0,0,0
3.67647,3,0,0,0,0,0,0,0,0,0,0
3.67647,4,0,0,0,0,0,0,0,0,0,0
3.67647,5,0,0,0,0,0,0,0,0,0,0
3.73267,0,-0.000259725,-0.0442824,2.05999,0,0,-2.23773e-08,2.06047,0,0,0
3.73267,1,2.99974,-0.0442824,2.05999,-2.44309e-15,-1.18397e-16,3.39965e-08,3.63923,0,0,0
3.73267,2,2.99974,2.95572,2.05999,2.14011e-24,5.46704e-25,-1.62905e-08,4.6881,0,0,0
3.73267,3,0,0,0,0,0,0,0,0,0,0
3.73267,4,0,0,0,0,0,0,0,0,0,0
3.73267,5,0,0,0,0,0,0,0,0,0,0
3.79294,0,-0.000259725,-0.0442824,2.05999,0,0,-2.35598e-08,2.06047,0,0,0
3.79294,1,2.99974,-0.0442824,2.05999,-2.44738e-15,-1.09503e-16,3.68325e-08,3.63923,0,0,0
3.79294,2,2.99974,2.95572,2.05999,1.82518e-24,1.31212e-24,-1.74844e-08,4.6881,0,0,0
3.79294,3,0,0,0,0,0,0,0,0,0,0
3.79294,4,0,0,0,0,0,0,0,0,0,0
3.79294,5,0,0,0,0,0,0,0,0,0,0
3.84603,0,-0.000259725,-0.0442824,2.05999,0,0,-2.43453e-08,2.06047,0,0,0
3.84603,1,2.99974,-0.0442824,2.05999,-2.44715e-15,-1.2001e-16,3.93078e-08,3.63923,0,0,0
3.84603,2,2.99974,2.95572,2.05999,7.12823e-25,1.49392e-24,-1.61948e-08,4.6881,0,0,0
3.84603,3,0,0,0,0,0,0,0,0,0,0
3.84603,4,0,0,0,0,0,0,0,0,0,0
3.84603,5,0,0,0,0,0,0,0,0,0,0
3.8962,0,-0.000259725,-0.0442824,2.05999,0,0,-2.66342e-08,2.06047,0,0,0
3.8962,1,2.99974,-0.0442824,2.05999,-2.44327e-15,-1.26369e-16,4.21803e-08,3.63923,0,0,0
3.8962,2,2.99974,2.95572,2.05999,3.25233e-25,1.18748e-24,-1.12125e-08,4.6881,0,0,0
3.8962,3,0,0,0,0,0,0,0,0,0,0
3.8962,4,0,0,0,0,0,0,0,0,0,0
3.8962,5,0,0,0,0,0,0,0,0,0,0
3.94635,0,-0.000259725,-0.0442824,2.05999,0,0,-2.66464e-08,2.06047,0,0,0
3.94635,1,2.99974,-0.0442824,2.05999,-2.43966e-15,-1.32988e-16,4.64585e-08,3.63923,0,0,0
3.94635,2,2.99974,2.95572,2.05999,-4.30878e-26,8.12285e-25,-9.46294e-09,4.6881,0,0,0
3.94635,3,0,0,0,0,0,0,0,0,0,0
3.94635,4,0,0,0,0,0,0,0,0,0,0
3.94635,5,0,0,0,0,0,0,0,0,0,0
3.99647,0,-0.000259725,-0.0442824,2.05999,0,0,-2.53853e-08,2.06047,0,0,0
3.99647,1,2.99974,-0.0442824,2.05999,-2.43406e-15,-1.38133e-16,5.28767e-08,3.63923,0,0,0
3.99647,2,2.99974,2.95572,2.05999,-2.45766e-25,1.04837e-25,-5.09556e-09,4.6881,0,0,0
3.99647,3,0,0,0,0,0,0,0,0,0,0
3.99647,4,0,0,0,0,0,0,0,0,0,0
3.99647,5,0,0,0,0,0,0,0,0,0,0
4.04658,0,-0.000259725,-0.0442824,2.05999,0,0,-2.37658e-08,2.06047,0,0,0
4.04658,1,2.99974,-0.0442824,2.05999,-2.44004e-15,-1.28449e-16,5.65721e-08,3.63923,0,0,0
4.04658,2,2.99974,2.95572,2.05999,-5.49564e-27,-1.22278e-26,-4.07347e-10,4.6881,0,0,0
4.04658,3,0,0,0,0,0,0,0,0,0,0
4.04658,4,0,0,0,0,0,0,0,0,0,0
4.04658,5,0,0,0,0,0,0,0,0,0,0
4.0967,0,-0.000259725,-0.0442824,2.05999,0,0,-2.15196e-08,2.06047,0,0,0
4.0967,1,2.99974,-0.0442824,2.05999,-2.43423e-15,-1.40142e-16,6.17297e-08,3.63923,0,0,0
4.0967,2,2.99974,2.95572,2.05999,-2.58836e-26,1.4236e-25,2.01951e-09,4.6881,0,0,0
4.0967,3,0,0,0,0,0,0,0,0,0,0
4.0967,4,0,0,0,0,0,0,0,0,0,0
4.0967,5,0,0,0,0,0,0,0,0,0,0
4.14683,0,-0.000259725,-0.0442824,2.05999,0,0,-1.74699e-08,2.06047,0,0,0
4.14683,1,2.99974,-0.0442824,2.05999,-2.44564e-15,-1.35408e-16,6.82751e-08,3.63923,0,0,0
4.14683,2,2.99974,2.95572,2.05999,-9.88369e-26,6.49321e-25,7.4187e-09,4.6881,0,0,0
4.14683,3,0,0,0,0,0,0,0,0,0,0
4.14683,4,0,0,0,0,0,0,0,0,0,0
4.14683,5,0,0,0,0,0,0,0,0,0,0
4.19695,0,-0.000259725,-0.0442824,2.05999,0,0,-1.44292e-08,2.06047,0,0,0
4.19695,1,2.99974,-0.0442824,2.05999,-2.44312e-15,-1.41604e-16,7.37301e-08,3.63923,0,0,0
4.19695,2,2.99974,2.95572,2.05999,2.18252e-26,1.01388e-24,1.17652e-08,4.6881,0,0,0
4.19695,3,0,0,0,0,0,0,0,0,0,0
4.19695,4,0,0,0,0,0,0,0,0,0,0
4.19695,5,0,0,0,0,0,0,0,0,0,0
4.24964,0,-0.000259725,-0.0442824,2.05999,0,0,-1.16317e-08,2.06047,0,0,0
4.24964,1,2.99974,-0.0442824,2.05999,-2.44773e-15,-1.29062e-16,8.04665e-08,3.63923,0,0,0
4.24964,2,2.99974,2.95572,2.05999,2.86183e-25,1.35725e-24,1.68019e-08,4.6881,0,0,0
4.24964,3,0,0,0,0,0,0,0,0,0,0
4.24964,4,0,0,0,0,0,0,0,0,0,0
4.24964,5,0,0,0,0,0,0,0,0,0,0
4.29977,0,-0.000259725,-0.0442824,2.05999,0,0,-8.66989e-09,2.06047,0,0,0
4.29977,1,2.99974,-0.0442824,2.05999,-2.44562e-15,-1.34666e-16,8.67619e-08,3.63923,0,0,0
4.29977,2,2.99974,2.95572,2.05999,6.00568e-25,1.25059e-24,2.09483e-08,4.6881,0,0,0
4.29977,3,0,0,0,0,0,0,0,0,0,0
4.29977,4,0,0,0,0,0,0,0,0,0,0
4.29977,5,0,0,0,0,0,0,0,0,0,0
4.35022,0,-0.000259725,-0.0442824,2.05999,0,0,-5.40405e-09,2.06047,0,0,0
4.35022,1,2.99974,-0.0442824,2.05999,-2.45065e-15,-1.21543e-16,9.29554e-08,3.63923,0,0,0
4.35022,2,2.99974,2.95572,2.05999,9.46894e-25,9.46894e-25,2.44123e-08,4.6881,0,0,0
4.35022,3,0,0,0,0,0,0,0,0,0,0
4.35022,4,0,0,0,0,0,0,0,0,0,0
4.35022,5,0,0,0,0,0,0,0,0,0,0
4.40041,0,-0.000259725,-0.0442824,2.05999,0,0,-1.27822e-09,2.06047,0,0,0
4.40041,1,2.99974,-0.0442824,2.05999,-2.45601e-15,-1.07772e-16,9.90505e-08,3.63923,0,0,0
4.40041,2,2.99974,2.95572,2.05999,1.34521e-24,1.01011e-24,2.83871e-08,4.6881,0,0,0
4.40041,3,0,0,0,0,0,0,0,0,0,0
4.40041,4,0,0,0,0,0,0,0,0,0,0
4.40041,5,0,0,0,0,0,0,0,0,0,0
4.45079,0,-0.000259725,-0.0442824,2.05999,0,0,2.65016e-09,2.06047,0,0,0
4.45079,1,2.99974,-0.0442824,2.05999,-2.46617e-15,-9.7806e-17,1.05059e-07,3.63923,0,0,0
4.45079,2,2.99974,2.95572,2.05999,1.88484e-24,2.23859e-24,3.2776e-08,4.6881,0,0,0
4.45079,3,0,0,0,0,0,0,0,0,0,0
4.45079,4,0,0,0,0,0,0,0,0,0,0
4.45079,5,0,0,0,0,0,0,0,0,0,0
4.50616,0,-0.000259725,-0.0442824,2.05999,0,0,6.27954e-09,2.06047,0,0,0
4.50616,1,2.99974,-0.0442824,2.05999,-2.46532e-15,-1.01696e-16,1.0912e-07,3.63923,0,0,0
4.50616,2,2.99974,2.95572,2.05999,1.88484e-24,2.23859e-24,3.2776e-08,4.6881,0,0,0
4.50616,3,0,0,0,0,0,0,0,0,0,0
4.50616,4,0,0,0,0,0,0,0,0,0,0
4.50616,5,0,0,0,0,0,0,0,0,0,0
4.56778,0,-0.000259725,-0.0442824,2.05999,0,0,9.40391e-09,2.06047,0,0,0
4.56778,1,2.99974,-0.0442824,2.05999,-2.47161e-15,-8.68607e-17,1.13196e-07,3.63923,0,0,0
4.56778,2,2.99974,2.95572,2.05999,2.61457e-24,6.93662e-25,3.95503e-08,4.6881,0,0,0
4.56778,3,0,0,0,0,0,0,0,0,0,0
4.56778,4,0,0,0,0,0,0,0,0,0,0
4.56778,5,0,0,0,0,0,0,0,0,0,0
4.61793,0,-0.000259725,-0.0442824,2.05999,0,0,1.19717e-08,2.06047,0,0,0
4.61793,1,2.99974,-0.0442824,2.05999,-2.47809e-15,-7.12337e-17,1.16946e-07,3.63923,0,0,0
4.61793,2,2.99974,2.95572,2.05999,1.19523e-24,-1.64786e-24,4.19372e-08,4.6881,0,0,0
4.61793,3,0,0,0,0,0,0,0,0,0,0
4.61793,4,0,0,0,0,0,0,0,0,0,0
4.61793,5,0,0,0,0,0,0,0,0,0,0
4.67812,0,-0.000259725,-0.0442824,2.05999,0,0,1.37381e-08,2.06047,0,0,0
4.67812,1,2.99974,-0.0442824,2.05999,-2.48505e-15,-5.509e-17,1.2031e-07,3.63923,0,0,0
4.67812,2,2.99974,2.95572,2.05999,-1.91715e-24,-2.4353e-24,4.38928e-08,4.6881,0,0,0
4.67812,3,0,0,0,0,0,0,0,0,0,0
4.67812,4,0,0,0,0,0,0,0,0,0,0
4.67812,5,0,0,0,0,0,0,0,0,0,0
4.73334,0,-0.000259725,-0.0442824,2.05999,0,0,1.61696e-08,2.06047,0,0,0
4.73334,1,2.99974,-0.0442824,2.05999,-2.48341e-15,-5.53044e-17,1.25297e-07,3.63923,0,0,0
4.73334,2,2.99974,2.95572,2.05999,-3.51408e-24,-2.98279e-24,4.50055e-08,4.6881,0,0,0
4.73334,3,0,0,0,0,0,0,0,0,0,0
4.73334,4,0,0,0,0,0,0,0,0,0,0
4.73334,5,0,0,0,0,0,0,0,0,0,0
4.7835,0,-0.000259725,-0.0442824,2.05999,0,0,1.92146e-08,2.06047,0,0,0
4.7835,1,2.99974,-0.0442824,2.05999,-2.49073e-15,-3.85023e-17,1.30803e-07,3.63923,0,0,0
4.7835,2,2.99974,2.95572,2.05999,-1.94131e-24,-2.63819e-24,4.91943e-08,4.6881,0,0,0
4.7835,3,0,0,0,0,0,0,0,0,0,0
4.7835,4,0,0,0,0,0,0,0,0,0,0
4.7835,5,0,0,0,0,0,0,0,0,0,0
4.83872,0,-0.000259725,-0.0442824,2.05999,0,0,2.27318e-08,2.06047,0,0,0
4.83872,1,2.99974,-0.0442824,2.05999,-2.48951e-15,-3.80572e-17,1.34159e-07,3.63923,0,0,0
4.83872,2,2.99974,2.95572,2.05999,2.28069e-24,-4.52519e-25,5.36664e-08,4.6881,0,0,0
4.83872,3,0,0,0,0,0,0,0,0,0,0
4.83872,4,0,0,0,0,0,0,0,0,0,0
4.83872,5,0,0,0,0,0,0,0,0,0,0
4.89434,0,-0.000259725,-0.0442824,2.05999,0,0,2.83421e-08,2.06047,0,0,0
4.89434,1,2.99974,-0.0442824,2.05999,-2.48829e-15,-3.76121e-17,1.36537e-07,3.63923,0,0,0
4.89434,2,2.99974,2.95572,2.05999,5.75788e-24,1.49062e-24,5.77711e-08,4.6881,0,0,0
4.89434,3,0,0,0,0,0,0,0,0,0,0
4.89434,4,0,0,0,0,0,0,0,0,0,0
4.89434,5,0,0,0,0,0,0,0,0,0,0
4.95213,0,-0.000259725,-0.0442824,2.05999,0,0,3.26513e-08,2.06047,0,0,0
4.95213,1,2.99974,-0.0442824,2.05999,-2.49474e-15,-1.89604e-17,1.41136e-07,3.63923,0,0,0
4.95213,2,2.99974,2.95572,2.05999,2.48589e-24,3.33216e-24,6.27264e-08,4.6881,0,0,0
4.95213,3,0,0,0,0,0,0,0,0,0,0
4.95213,4,0,0,0,0,0,0,0,0,0,0
4.95213,5,0,0,0,0,0,0,0,0,0,0
5.00485,0,-0.000259725,-0.0442824,2.05999,0,0,3.7576e-08,2.06047,0,0,0
5.00485,1,2.99974,-0.0442824,2.05999,-2.49377e-15,-1.77655e-17,1.45171e-07,3.63923,0,0,0
5.00485,2,2.99974,2.95572,2.05999,-6.87371e-25,3.91012e-24,6.68185e-08,4.6881,0,0,0
5.00485,3,0,0,0,0,0,0,0,0,0,0
5.00485,4,0,0,0,0,0,0,0,0,0,0
5.00485,5,0,0,0,0,0,0,0,0,0,0
5.05758,0,-0.000259725,-0.0442824,2.05999,0,0,4.01716e-08,2.06047,0,0,0
5.05758,1,2.99974,-0.0442824,2.05999,-2.48737e-15,-1.11296e-17,1.48797e-07,3.63923,0,0,0
5.05758,2,2.99974,2.95572,2.05999,-3.59588e-24,4.55816e-25,7.50798e-08,4.6881,0,0,0
5.05758,3,0,0,0,0,0,0,0,0,0,0
5.05758,4,0,0,0,0,0,0,0,0,0,0
5.05758,5,0,0,0,0,0,0,0,0,0,0
5.10773,0,-0.000259725,-0.0442824,2.05999,0,0,4.39593e-08,2.06047,0,0,0
5.10773,1,2.99974,-0.0442824,2.05999,-2.4939e-15,8.45735e-18,1.54056e-07,3.63923,0,0,0
5.10773,2,2.99974,2.95572,2.05999,-3.59588e-24,4.55816e-25,7.50798e-08,4.6881,0,0,0
5.10773,3,0,0,0,0,0,0,0,0,0,0
5.10773,4,0,0,0,0,0,0,0,0,0,0
5.10773,5,0,0,0,0,0,0,0,0,0,0
5.1592,0,-0.000259725,-0.0442824,2.05999,0,0,5.12726e-08,2.06047,0,0,0
5.1592,1,2.99974,-0.0442824,2.05999,-2.49303e-15,1.05949e-17,1.58311e-07,3.63923,0,0,0
5.1592,2,2.99974,2.95572,2.05999,-7.33248e-24,-2.19975e-24,7.76424e-08,4.6881,0,0,0
5.1592,3,0,0,0,0,0,0,0,0,0,0
5.1592,4,0,0,0,0,0,0,0,0,0,0
5.1592,5,0,0,0,0,0,0,0,0,0,0
5.21192,0,-0.000259725,-0.0442824,2.05999,0,0,5.33624e-08,2.06047,0,0,0
5.21192,1,2.99974,-0.0442824,2.05999,-2.49777e-15,3.29728e-17,1.63261e-07,3.63923,0,0,0
5.21192,2,2.99974,2.95572,2.05999,-9.30805e-24,-6.45645e-24,7.97606e-08,4.6881,0,0,0
5.21192,3,0,0,0,0,0,0,0,0,0,0
5.21192,4,0,0,0,0,0,0,0,0,0,0
5.21192,5,0,0,0,0,0,0,0,0,0,0
5.26722,0,-0.000259725,-0.0442824,2.05999,0,0,5.72225e-08,2.06047,0,0,0
5.26722,1,2.99974,-0.0442824,2.05999,-2.49716e-15,3.57781e-17,1.66864e-07,3.63923,0,0,0
5.26722,2,2.99974,2.95572,2.05999,-5.26296e-24,-1.29433e-23,8.19107e-08,4.6881,0,0,0
5.26722,3,0,0,0,0,0,0,0,0,0,0
5.26722,4,0,0,0,0,0,0,0,0,0,0
5.26722,5,0,0,0,0,0,0,0,0,0,0
5.33494,0,-0.000259725,-0.0442824,2.05999,0,0,6.20024e-08,2.06047,0,0,0
5.33494,1,2.99974,-0.0442824,2.05999,-2.50502e-15,5.58951e-17,1.71416e-07,3.63923,0,0,0
5.33494,2,2.99974,2.95572,2.05999,-1.53891e-24,-1.14473e-23,8.00469e-08,4.6881,0,0,0
5.33494,3,0,0,0,0,0,0,0,0,0,0
5.33494,4,0,0,0,0,0,0,0,0,0,0
5.33494,5,0,0,0,0,0,0,0,0,0,0
5.39262,0,-0.000259725,-0.0442824,2.05999,0,0,6.745e-08,2.06047,0,0,0
5.39262,1,2.99974,-0.0442824,2.05999,-2.50474e-15,5.93521e-17,1.77517e-07,3.63923,0,0,0
5.39262,2,2.99974,2.95572,2.05999,2.04461e-24,-2.35698e-24,8.41943e-08,4.6881,0,0,0
5.39262,3,0,0,0,0,0,0,0,0,0,0
5.39262,4,0,0,0,0,0,0,0,0,0,0
5.39262,5,0,0,0,0,0,0,0,0,0,0
5.44832,0,-0.000259725,-0.0442824,2.05999,0,0,7.25916e-08,2.06047,0,0,0
5.44832,1,2.99974,-0.0442824,2.05999,-2.51303e-15,8.01462e-17,1.82145e-07,3.63923,0,0,0
5.44832,2,2.99974,2.95572,2.05999,-6.35215e-25,1.39142e-24,8.96824e-08,4.6881,0,0,0
5.44832,3,0,0,0,0,0,0,0,0,0,0
5.44832,4,0,0,0,0,0,0,0,0,0,0
5.44832,5,0,0,0,0,0,0,0,0,0,0
5.49846,0,-0.000259725,-0.0442824,2.05999,0,0,7.61798e-08,2.06047,0,0,0
5.49846,1,2.99974,-0.0442824,2.05999,-2.49794e-15,7.3216e-17,1.85425e-07,3.63923,0,0,0
5.49846,2,2.99974,2.95572,2.05999,-8.97288e-25,1.49548e-24,9.85312e-08,4.6881,0,0,0
5.49846,3,0,0,0,0,0,0,0,0,0,0
5.49846,4,0,0,0,0,0,0,0,0,0,0
5.49846,5,0,0,0,0,0,0,0,0,0,0
5.55702,0,-0.000259725,-0.0442824,2.05999,0,0,7.99418e-08,2.06047,0,0,0
5.55702,1,2.99974,-0.0442824,2.05999,-2.49577e-15,7.86562e-17,1.90049e-07,3.63923,0,0,0
5.55702,2,2.99974,2.95572,2.05999,1.11082e-23,7.5455e-24,9.965e-08,4.6881,0,0,0
5.55702,3,0,0,0,0,0,0,0,0,0,0
5.55702,4,0,0,0,0,0,0,0,0,0,0
5.55702,5,0,0,0,0,0,0,0,0,0,0
5.60986,0,-0.000259725,-0.0442824,2.05999,0,0,8.43902e-08,2.06047,0,0,0
5.60986,1,2.99974,-0.0442824,2.05999,-2.48695e-15,6.48059e-17,1.9524e-07,3.63923,0,0,0
5.60986,2,2.99974,2.95572,2.05999,1.51395e-23,1.03366e-23,1.03188e-07,4.6881,0,0,0
5.60986,3,0,0,0,0,0,0,0,0,0,0
5.60986,4,0,0,0,0,0,0,0,0,0,0
5.60986,5,0,0,0,0,0,0,0,0,0,0
5.66002,0,-0.000259725,-0.0442824,2.05999,0,0,8.82367e-08,2.06047,0,0,0
5.66002,1,2.99974,-0.0442824,2.05999,-2.48256e-15,8.78471e-17,1.99856e-07,3.63923,0,0,0
5.66002,2,2.99974,2.95572,2.05999,9.37553e-24,4.09462e-24,1.13458e-07,4.6881,0,0,0
5.66002,3,0,0,0,0,0,0,0,0,0,0
5.66002,4,0,0,0,0,0,0,0,0,0,0
5.66002,5,0,0,0,0,0,0,0,0,0,0
5.71023,0,-0.000259725,-0.0442824,2.05999,0,0,9.40215e-08,2.06047,0,0,0
5.71023,1,2.99974,-0.0442824,2.05999,-2.48151e-15,9.16383e-17,2.03236e-07,3.63923,0,0,0
5.71023,2,2.99974,2.95572,2.05999,2.68613e-24,-2.80552e-24,1.17986e-07,4.6881,0,0,0
5.71023,3,0,0,0,0,0,0,0,0,0,0
5.71023,4,0,0,0,0,0,0,0,0,0,0
5.71023,5,0,0,0,0,0,0,0,0,0,0
5.76806,0,-0.000259725,-0.0442824,2.05999,0,0,9.98036e-08,2.06047,0,0,0
5.76806,1,2.99974,-0.0442824,2.05999,-2.46133e-15,6.4855e-17,1.72689e-07,3.63923,0,0,0
5.76806,2,2.99974,2.95572,2.05999,2.56278e-24,-1.02511e-24,1.16897e-07,4.6881,0,0,0
5.76806,3,0,0,0,0,0,0,0,0,0,0
5.76806,4,0,0,0,0,0,0,0,0,0,0
5.76806,5,0,0,0,0,0,0,0,0,0,0
5.82375,0,-0.000259725,-0.0442824,2.05999,0,0,1.04925e-07,2.06047,0,0,0
5.82375,1,2.99974,-0.0442824,2.05999,-2.45411e-15,7.28365e-17,9.87613e-08,3.63923,0,0,0
5.82375,2,2.99974,2.95572,2.05999,3.6259e-24,5.42905e-24,1.1622e-07,4.6881,0,0,0
5.82375,3,0,0,0,0,0,0,0,0,0,0
5.82375,4,0,0,0,0,0,0,0,0,0,0
5.82375,5,0,0,0,0,0,0,0,0,0,0
5.88897,0,-0.000259725,-0.0442824,2.05999,0,0,1.08796e-07,2.06047,0,0,0
5.88897,1,2.99974,-0.0442824,2.05999,-2.45179e-15,7.60711e-17,5.71573e-08,3.63923,0,0,0
5.88897,2,2.99974,2.95572,2.05999,2.82855e-24,6.9798e-24,1.20666e-07,4.6881,0,0,0
5.88897,3,0,0,0,0,0,0,0,0,0,0
5.88897,4,0,0,0,0,0,0,0,0,0,0
5.88897,5,0,0,0,0,0,0,0,0,0,0
5.94672,0,-0.000259725,-0.0442824,2.05999,0,0,1.12816e-07,2.06047,0,0,0
5.94672,1,2.99974,-0.0442824,2.05999,-2.44135e-15,6.10759e-17,2.60897e-08,3.63923,0,0,0
5.94672,2,2.99974,2.95572,2.05999,2.12862e-24,2.73981e-25,1.24972e-07,4.6881,0,0,0
5.94672,3,0,0,0,0,0,0,0,0,0,0
5.94672,4,0,0,0,0,0,0,0,0,0,0
5.94672,5,0,0,0,0,0,0,0,0,0,0
6.00701,0,-0.000259725,-0.0442824,2.05999,0,0,1.17211e-07,2.06047,0,0,0
6.00701,1,2.99974,-0.0442824,2.05999,-2.44614e-15,8.18263e-17,4.33634e-09,3.63923,0,0,0
6.00701,2,2.99974,2.95572,2.05999,-3.58787e-24,-7.70727e-24,1.31328e-07,4.6881,0,0,0
6.00701,3,0,0,0,0,0,0,0,0,0,0
6.00701,4,0,0,0,0,0,0,0,0,0,0
6.00701,5,0,0,0,0,0,0,0,0,0,0
6.06234,0,-0.000259725,-0.0442824,2.05999,0,0,1.23709e-07,2.06047,0,0,0
6.06234,1,2.99974,-0.0442824,2.05999,-2.43527e-15,6.75452e-17,-2.46181e-08,3.63923,0,0,0
6.06234,2,2.99974,2.95572,2.05999,-1.06278e-23,-1.22734e-23,1.35527e-07,4.6881,0,0,0
6.06234,3,0,0,0,0,0,0,0,0,0,0
6.06234,4,0,0,0,0,0,0,0,0,0,0
6.06234,5,0,0,0,0,0,0,0,0,0,0
6.13342,0,-0.000259725,-0.0442824,2.05999,0,0,1.23157e-07,2.06047,0,0,0
6.13342,1,2.99974,-0.0442824,2.05999,-2.44064e-15,8.78673e-17,-4.24185e-08,3.63923,0,0,0
6.13342,2,2.99974,2.95572,2.05999,-1.00948e-23,-1.10361e-23,1.39533e-07,4.6881,0,0,0
6.13342,3,0,0,0,0,0,0,0,0,0,0
6.13342,4,0,0,0,0,0,0,0,0,0,0
6.13342,5,0,0,0,0,0,0,0,0,0,0
6.20162,0,-0.000259725,-0.0442824,2.05999,0,0,1.29477e-07,2.06047,0,0,0
6.20162,1,2.99974,-0.0442824,2.05999,-2.43852e-15,9.07979e-17,-6.05279e-08,3.63923,0,0,0
6.20162,2,2.99974,2.95572,2.05999,-1.06958e-23,-5.49246e-24,1.42846e-07,4.6881,0,0,0
6.20162,3,0,0,0,0,0,0,0,0,0,0
6.20162,4,0,0,0,0,0,0,0,0,0,0
6.20162,5,0,0,0,0,0,0,0,0,0,0
6.27457,0,-0.000259725,-0.0442824,2.05999,0,0,1.29477e-07,2.06047,0,0,0
6.27457,1,2.99974,-0.0442824,2.05999,-2.43852e-15,9.07979e-17,-6.05279e-08,3.63923,0,0,0
6.27457,2,2.99974,2.95572,2.05999,-1.21223e-23,-1.87057e-24,1.44052e-07,4.6881,0,0,0
6.27457,3,0,0,0,0,0,0,0,0,0,0
6.27457,4,0,0,0,0,0,0,0,0,0,0
6.27457,5,0,0,0,0,0,0,0,0,0,0
6.33486,0,-0.000259725,-0.0442824,2.05999,0,0,1.38585e-07,2.06047,0,0,0
6.33486,1,2.99974,-0.0442824,2.05999,-2.41413e-15,6.30801e-17,-9.61225e-08,3.63923,0,0,0
6.33486,2,2.99974,2.95572,2.05999,-1.52178e-24,1.22241e-24,1.47931e-07,4.6881,0,0,0
6.33486,3,0,0,0,0,0,0,0,0,0,0
6.33486,4,0,0,0,0,0,0,0,0,0,0
6.33486,5,0,0,0,0,0,0,0,0,0,0
6.3888,0,-0.000259725,-0.0442824,2.05999,0,0,1.39918e-07,2.06047,0,0,0
6.3888,1,2.99974,-0.0442824,2.05999,-2.40444e-15,7.14542e-17,-1.05497e-07,3.63923,0,0,0
6.3888,2,2.99974,2.95572,2.05999,5.14508e-24,6.0154e-24,1.51786e-07,4.6881,0,0,0
6.3888,3,0,0,0,0,0,0,0,0,0,0
6.3888,4,0,0,0,0,0,0,0,0,0,0
6.3888,5,0,0,0,0,0,0,0,0,0,0
6.43998,0,-0.000259725,-0.0442824,2.05999,0,0,1.46929e-07,2.06047,0,0,0
6.43998,1,2.99974,-0.0442824,2.05999,-2.38965e-15,5.92103e-17,-1.10808e-07,3.63923,0,0,0
6.43998,2,2.99974,2.95572,2.05999,7.47871e-24,9.63805e-24,1.56151e-07,4.6881,0,0,0
6.43998,3,0,0,0,0,0,0,0,0,0,0
6.43998,4,0,0,0,0,0,0,0,0,0,0
6.43998,5,0,0,0,0,0,0,0,0,0,0
6.49778,0,-0.000259725,-0.0442824,2.05999,0,0,1.53081e-07,2.06047,0,0,0
6.49778,1,2.99974,-0.0442824,2.05999,-2.38975e-15,8.25774e-17,-1.07255e-07,3.63923,0,0,0
6.49778,2,2.99974,2.95572,2.05999,4.54774e-24,9.74515e-24,1.60517e-07,4.6881,0,0,0
6.49778,3,0,0,0,0,0,0,0,0,0,0
6.49778,4,0,0,0,0,0,0,0,0,0,0
6.49778,5,0,0,0,0,0,0,0,0,0,0
6.5553,0,-0.000259725,-0.0442824,2.05999,0,0,1.53081e-07,2.06047,0,0,0
6.5553,1,2.99974,-0.0442824,2.05999,-2.3809e-15,9.02235e-17,-1.10195e-07,3.63923,0,0,0
6.5553,2,2.99974,2.95572,2.05999,-5.24727e-24,4.69201e-24,1.64629e-07,4.6881,0,0,0
6.5553,3,0,0,0,0,0,0,0,0,0,0
6.5553,4,0,0,0,0,0,0,0,0,0,0
6.5553,5,0,0,0,0,0,0,0,0,0,0
6.6406,0,-0.000259725,-0.0442824,2.05999,0,0,1.65116e-07,2.06047,0,0,0
6.6406,1,2.99974,-0.0442824,2.05999,-2.37741e-15,9.251e-17,-1.14709e-07,3.63923,0,0,0
6.6406,2,2.99974,2.95572,2.05999,1.79489e-24,-1.68092e-24,1.6894e-07,4.6881,0,0,0
6.6406,3,0,0,0,0,0,0,0,0,0,0
6.6406,4,0,0,0,0,0,0,0,0,0,0
6.6406,5,0,0,0,0,0,0,0,0,0,0
6.70088,0,-0.000259725,-0.0442824,2.05999,0,0,1.71583e-07,2.06047,0,0,0
6.70088,1,2.99974,-0.0442824,2.05999,-2.36519e-15,7.76352e-17,-1.1876e-07,4.25153,0,0,0
6.70088,2,2.99974,2.95572,2.05999,1.79489e-24,-1.68092e-24,1.6894e-07,4.6881,0,0,0
6.70088,3,0,0,0,0,0,0,0,0,0,0
6.70088,4,0,0,0,0,0,0,0,0,0,0
6.70088,5,0,0,0,0,0,0,0,0,0,0
6.7762,0,-0.000259725,-0.0442824,2.05999,0,0,1.71583e-07,2.06047,0,0,0
6.7762,1,2.99974,-0.0442824,2.05999,-2.36519e-15,7.76352e-17,-1.1876e-07,4.25153,0,0,0
6.7762,2,2.99974,2.95572,2.05999,8.96979e-24,-9.32503e-24,1.7554e-07,4.6881,0,0,0
6.7762,3,0,0,0,0,0,0,0,0,0,0
6.7762,4,0,0,0,0,0,0,0,0,0,0
6.7762,5,0,0,0,0,0,0,0,0,0,0
6.87505,0,-0.000259725,-0.0442824,2.05999,0,0,1.81795e-07,1.86101,0,0,0
6.87505,1,2.99974,-0.0442824,2.05999,-8.5552e-11,-7.56424e-11,-8.93607e-08,3.41888,0,0,0
6.87505,2,2.99974,2.95572,2.05999,8.412e-24,-1.16194e-23,1.79428e-07,4.32286,0,0,0
6.87505,3,0,0,0,0,0,0,0,0,0,0
6.87505,4,0,0,0,0,0,0,0,0,0,0
6.87505,5,0,0,0,0,0,0,0,0,0,0
6.94053,0,-0.000259725,-0.0442824,2.05999,0,0,1.85903e-07,1.86101,0,0,0
6.94053,1,2.99974,-0.0442836,2.06007,2.62229e-06,1.55866e-06,0.00143983,3.41888,0,0,0
6.94053,2,2.99974,2.95572,2.05999,1.02166e-23,-1.50351e-23,1.8084e-07,4.32286,0,0,0
6.94053,3,0,0,0,0,0,0,0,0,0,0
6.94053,4,0,0,0,0,0,0,0,0,0,0
6.94053,5,0,0,0,0,0,0,0,0,0,0
6.99465,0,-0.000259725,-0.0442824,2.05999,0,0,1.85903e-07,2.25887,0,0,0
6.99465,1,2.99972,-0.0442997,2.06075,0.000134242,4.903e-05,0.0124488,3.19491,0,0,0
6.99465,2,2.99974,2.95572,2.05999,5.19177e-24,-1.70315e-23,1.87719e-07,4.15456,0,0,0
6.99465,3,0,0,0,0,0,0,0,0,0,0
6.99465,4,0,0,0,0,0,0,0,0,0,0
6.99465,5,0,0,0,0,0,0,0,0,0,0
7.06602,0,-0.000259725,-0.0442824,2.05999,0,0,1.94458e-07,2.25887,0,0,0
7.06602,1,2.99945,-0.04451,2.06295,0.000233797,-0.000362211,0.0343881,3.19491,0,0,0
7.06602,2,2.99974,2.95572,2.05999,5.22555e-10,5.2264e-10,1.89543e-07,4.15456,0,0,0
7.06602,3,0,0,0,0,0,0,0,0,0,0
7.06602,4,0,0,0,0,0,0,0,0,0,0
7.06602,5,0,0,0,0,0,0,0,0,0,0
7.12886,0,-0.000259725,-0.0442824,2.05999,0,0,1.9343e-07,2.25887,0,0,0
7.12886,1,2.9986,-0.0448354,2.06443,-0.000770198,-0.000760474,0.0606819,3.1914,0,0,0
7.12886,2,2.99974,2.95572,2.06036,3.11528e-09,3.04818e-09,2.04309e-07,4.15428,0,0,0
7.12886,3,0,0,0,0,0,0,0,0,0,0
7.12886,4,0,0,0,0,0,0,0,0,0,0
7.12886,5,0,0,0,0,0,0,0,0,0,0
7.18905,0,-0.000261994,-0.0442846,2.06004,-1.19039e-06,-1.19154e-06,0.00283776,2.25887,0,0,0
7.18905,1,2.99701,-0.0460331,2.07661,0.0015259,-0.00187591,0.117774,3.1914,0,0,0
7.18905,2,2.99974,2.95572,2.06233,7.42277e-05,6.91303e-05,0.00224585,4.15428,0,0,0
7.18905,3,0,0,0,0,0,0,0,0,0,0
7.18905,4,0,0,0,0,0,0,0,0,0,0
7.18905,5,0,0,0,0,0,0,0,0,0,0
7.2509,0,-0.000322907,-0.0443338,2.06075,5.08253e-05,-4.27004e-05,0.0188481,2.25817,0,0,0
7.2509,1,2.99291,-0.0472638,2.07555,-0.00548533,-0.00191538,0.157517,3.17912,0,0,0
7.2509,2,2.99969,2.95567,2.06975,0.00138446,0.00122113,0.0227086,4.14731,0,0,0
7.2509,3,0,0,0,0,0,0,0,0,0,0
7.2509,4,0,0,0,0,0,0,0,0,0,0
7.2509,5,0,0,0,0,0,0,0,0,0,0
7.33188,0,-0.000677717,-0.0444292,2.06245,7.35225e-05,-0.000152186,0.0439913,2.25817,0,0,0
7.33188,1,2.98526,-0.0496572,2.08796,-0.0177963,-0.000451206,0.218841,3.17912,0,0,0
7.33188,2,2.99898,2.95502,2.0811,0.00477192,0.00404238,0.0737585,4.14731,0,0,0
7.33188,3,0,0,0,0,0,0,0,0,0,0
7.33188,4,0,0,0,0,0,0,0,0,0,0
7.33188,5,0,0,0,0,0,0,0,0,0,0
7.39712,0,-0.00184461,-0.0445668,2.06602,-0.00063919,-0.000990417,0.0762845,2.25301,0,0,0
7.39712,1,2.97389,-0.0554319,2.11393,-0.0333119,-0.00690169,0.294456,3.13723,0,0,0
7.39712,2,2.99555,2.95159,2.09795,0.0106666,0.00700786,0.186664,4.12264,0,0,0
7.39712,3,0,0,0,0,0,0,0,0,0,0
7.39712,4,0,0,0,0,0,0,0,0,0,0
7.39712,5,0,0,0,0,0,0,0,0,0,0
7.44741,0,-0.00394225,-0.0446192,2.07182,-0.00218786,-0.00251014,0.119342,2.25301,0,0,0
7.44741,1,2.96086,-0.0605726,2.11413,-0.0586037,-0.0127773,0.343772,3.13723,0,0,0
7.44741,2,2.98491,2.94211,2.11433,-0.00994489,-0.0129819,0.256529,4.12264,0,0,0
7.44741,3,0,0,0,0,0,0,0,0,0,0
7.44741,4,0,0,0,0,0,0,0,0,0,0
7.44741,5,0,0,0,0,0,0,0,0,0,0
7.50456,0,-0.00833082,-0.0439865,2.08089,-0.00895412,-0.00291822,0.167609,2.23746,0,0,0
7.50456,1,2.94247,-0.0691881,2.1506,-0.0950026,-0.0273023,0.411896,3.08728,0,0,0
7.50456,2,2.97224,2.93249,2.13195,-0.0277118,-0.0267438,0.327872,4.07722,0,0,0
7.50456,3,0,0,0,0,0,0,0,0,0,0
7.50456,4,0,0,0,0,0,0,0,0,0,0
7.50456,5,0,0,0,0,0,0,0,0,0,0
7.55956,0,-0.0172,-0.0419291,2.08992,-0.0259823,-0.000787774,0.229483,2.23746,0,0,0
7.55956,1,2.9146,-0.0829205,2.17072,-0.164136,-0.0591744,0.476903,3.08728,0,0,0
7.55956,2,2.95779,2.91879,2.14726,-0.0490965,-0.05389,0.38336,4.07722,0,0,0
7.55956,3,0,0,0,0,0,0,0,0,0,0
7.55956,4,0,0,0,0,0,0,0,0,0,0
7.55956,5,0,0,0,0,0,0,0,0,0,0
7.60973,0,-0.0244749,-0.0412852,2.10451,-0.0357469,-0.00541352,0.275212,2.21064,0,0,0
7.60973,1,2.89952,-0.0909835,2.16868,-0.183819,-0.0738421,0.50978,3.04165,0,0,0
7.60973,2,2.9321,2.8968,2.15472,-0.103992,-0.105094,0.433548,4.02411,0,0,0
7.60973,3,0,0,0,0,0,0,0,0,0,0
7.60973,4,0,0,0,0,0,0,0,0,0,0
7.60973,5,0,0,0,0,0,0,0,0,0,0
7.65987,0,-0.0424626,-0.033356,2.1207,-0.0796666,0.015739,0.353263,2.21064,0,0,0
7.65987,1,2.86565,-0.112276,2.19167,-0.2664,-0.135898,0.547373,3.04165,0,0,0
7.65987,2,2.90865,2.87998,2.16195,-0.148788,-0.138757,0.474166,4.02411,0,0,0
7.65987,3,0,0,0,0,0,0,0,0,0,0
7.65987,4,0,0,0,0,0,0,0,0,0,0
7.65987,5,0,0,0,0,0,0,0,0,0,0
7.71397,0,-0.0612962,-0.0268784,2.13955,-0.122784,0.029689,0.416161,2.16442,0,0,0
7.71397,1,2.81734,-0.131153,2.22643,-0.399163,-0.183707,0.614811,2.93819,0,0,0
7.71397,2,2.87444,2.85005,2.17277,-0.226815,-0.21448,0.513223,3.99942,0,0,0
7.71397,3,0,0,0,0,0,0,0,0,0,0
7.71397,4,0,0,0,0,0,0,0,0,0,0
7.71397,5,0,0,0,0,0,0,0,0,0,0
7.76463,0,-0.0838624,-0.0185301,2.16043,-0.171061,0.0511705,0.465735,2.16442,0,0,0
7.76463,1,2.77658,-0.153846,2.26013,-0.49414,-0.24583,0.654826,2.93819,0,0,0
7.76463,2,2.85885,2.83708,2.19532,-0.240574,-0.231349,0.55159,3.99942,0,0,0
7.76463,3,0,0,0,0,0,0,0,0,0,0
7.76463,4,0,0,0,0,0,0,0,0,0,0
7.76463,5,0,0,0,0,0,0,0,0,0,0
7.81481,0,-0.108571,-0.00717977,2.18538,-0.227757,0.0808982,0.530426,2.1044,0,0,0
7.81481,1,2.73598,-0.175436,2.29824,-0.581906,-0.297765,0.690319,2.82458,0,0,0
7.81481,2,2.82234,2.81641,2.22947,-0.320086,-0.271806,0.625907,3.87776,0,0,0
7.81481,3,0,0,0,0,0,0,0,0,0,0
7.81481,4,0,0,0,0,0,0,0,0,0,0
7.81481,5,0,0,0,0,0,0,0,0,0,0
7.86515,0,-0.136734,0.00522307,2.21353,-0.293502,0.114171,0.591769,2.1044,0,0,0
7.86515,1,2.69565,-0.196131,2.33575,-0.657706,-0.340063,0.719093,2.82458,0,0,0
7.86515,2,2.74897,2.77211,2.2661,-0.513304,-0.375018,0.714435,3.87776,0,0,0
7.86515,3,0,0,0,0,0,0,0,0,0,0
7.86515,4,0,0,0,0,0,0,0,0,0,0
7.86515,5,0,0,0,0,0,0,0,0,0,0
7.91789,0,-0.157899,0.00999099,2.24251,-0.321431,0.114367,0.626245,2.06791,0,0,0
7.91789,1,2.65613,-0.215754,2.37173,-0.719345,-0.370203,0.744603,2.71164,0,0,0
7.91789,2,2.68782,2.73271,2.3013,-0.66285,-0.463455,0.737604,3.72079,0,0,0
7.91789,3,0,0,0,0,0,0,0,0,0,0
7.91789,4,0,0,0,0,0,0,0,0,0,0
7.91789,5,0,0,0,0,0,0,0,0,0,0
7.96862,0,-0.20403,0.0391425,2.27739,-0.431931,0.19824,0.679052,2.06791,0,0,0
7.96862,1,2.62204,-0.233933,2.41206,-0.75435,-0.389614,0.763896,2.71164,0,0,0
7.96862,2,2.63746,2.69829,2.3404,-0.748284,-0.521177,0.757995,3.72079,0,0,0
7.96862,3,0,0,0,0,0,0,0,0,0,0
7.96862,4,0,0,0,0,0,0,0,0,0,0
7.96862,5,0,0,0,0,0,0,0,0,0,0
8.02668,0,-0.2312,0.0482068,2.31702,-0.465895,0.20447,0.712996,1.93818,0,0,0
8.02668,1,2.5807,-0.251816,2.45802,-0.79781,-0.396011,0.78626,2.59297,0,0,0
8.02668,2,2.5839,2.66578,2.38344,-0.850656,-0.571412,0.778244,3.57918,0,0,0
8.02668,3,0,0,0,0,0,0,0,0,0,0
8.02668,4,0,0,0,0,0,0,0,0,0,0
8.02668,5,0,0,0,0,0,0,0,0,0,0
8.07791,0,-0.264608,0.0685615,2.34883,-0.524199,0.252435,0.733462,1.93818,0,0,0
8.07791,1,2.54597,-0.267661,2.50091,-0.812028,-0.394378,0.806431,2.59297,0,0,0
8.07791,2,2.56488,2.64676,2.42283,-0.933313,-0.645025,0.813015,3.57918,0,0,0
8.07791,3,0,0,0,0,0,0,0,0,0,0
8.07791,4,0,0,0,0,0,0,0,0,0,0
8.07791,5,0,0,0,0,0,0,0,0,0,0
8.13338,0,-0.297582,0.0864484,2.3916,-0.572101,0.285265,0.762469,1.89586,0,0,0
8.13338,1,2.51481,-0.280737,2.54271,-0.80465,-0.378738,0.818599,2.4829,0,0,0
8.13338,2,2.49083,2.61245,2.46739,-1.05812,-0.667728,0.860682,3.53174,0,0,0
8.13338,3,0,0,0,0,0,0,0,0,0,0
8.13338,4,0,0,0,0,0,0,0,0,0,0
8.13338,5,0,0,0,0,0,0,0,0,0,0
8.18369,0,-0.333022,0.0985682,2.43222,-0.611498,0.289517,0.772918,1.89586,0,0,0
8.18369,1,2.486,-0.292425,2.59031,-0.791237,-0.360918,0.825125,2.4829,0,0,0
8.18369,2,2.42312,2.56494,2.51989,-1.14477,-0.736652,0.900467,3.53174,0,0,0
8.18369,3,0,0,0,0,0,0,0,0,0,0
8.18369,4,0,0,0,0,0,0,0,0,0,0
8.18369,5,0,0,0,0,0,0,0,0,0,0
8.23706,0,-0.376482,0.127977,2.46854,-0.66716,0.343228,0.771328,1.79664,0,0,0
8.23706,1,2.45812,-0.304247,2.68178,-0.768184,-0.342827,0.853294,2.34012,0,0,0
8.23706,2,2.35044,2.53184,2.58025,-1.24486,-0.751831,0.916095,3.3551,0,0,0
8.23706,3,0,0,0,0,0,0,0,0,0,0
8.23706,4,0,0,0,0,0,0,0,0,0,0
8.23706,5,0,0,0,0,0,0,0,0,0,0
8.28761,0,-0.410323,0.14401,2.51079,-0.696429,0.351334,0.765574,1.79664,0,0,0
8.28761,1,2.42916,-0.315451,2.72441,-0.754812,-0.326638,0.846548,2.34012,0,0,0
8.28761,2,2.31862,2.51619,2.63059,-1.19098,-0.707035,0.941905,3.3551,0,0,0
8.28761,3,0,0,0,0,0,0,0,0,0,0
8.28761,4,0,0,0,0,0,0,0,0,0,0
8.28761,5,0,0,0,0,0,0,0,0,0,0
8.33835,0,-0.44202,0.162198,2.5454,-0.714216,0.367187,0.755555,1.69797,0,0,0
8.33835,1,2.40009,-0.328362,2.76526,-0.722682,-0.308393,0.821833,2.23723,0,0,0
8.33835,2,2.25862,2.4894,2.68647,-1.24018,-0.70843,0.94815,3.11808,0,0,0
8.33835,3,0,0,0,0,0,0,0,0,0,0
8.33835,4,0,0,0,0,0,0,0,0,0,0
8.33835,5,0,0,0,0,0,0,0,0,0,0
8.39358,0,-0.469256,0.177322,2.5905,-0.70014,0.36129,0.737074,1.69797,0,0,0
8.39358,1,2.37566,-0.340541,2.79638,-0.688299,-0.298208,0.767399,2.23723,0,0,0
8.39358,2,2.22211,2.46096,2.74007,-1.18854,-0.701557,0.982841,3.11808,0,0,0
8.39358,3,0,0,0,0,0,0,0,0,0,0
8.39358,4,0,0,0,0,0,0,0,0,0,0
8.39358,5,0,0,0,0,0,0,0,0,0,0
8.44634,0,-0.50281,0.196902,2.62955,-0.711747,0.373731,0.71789,1.60603,0,0,0
8.44634,1,2.36284,-0.344362,2.83855,-0.621452,-0.261554,0.76271,2.1571,0,0,0
8.44634,2,2.18394,2.44834,2.79483,-1.14558,-0.645381,0.993068,2.98232,0,0,0
8.44634,3,0,0,0,0,0,0,0,0,0,0
8.44634,4,0,0,0,0,0,0,0,0,0,0
8.44634,5,0,0,0,0,0,0,0,0,0,0
8.49661,0,-0.540735,0.21689,2.66694,-0.731142,0.383129,0.694258,1.60603,0,0,0
8.49661,1,2.34073,-0.354196,2.87306,-0.58116,-0.238351,0.783977,2.1571,0,0,0
8.49661,2,2.13397,2.42258,2.85,-1.15135,-0.643124,0.99147,2.98232,0,0,0
8.49661,3,0,0,0,0,0,0,0,0,0,0
8.49661,4,0,0,0,0,0,0,0,0,0,0
8.49661,5,0,0,0,0,0,0,0,0,0,0
8.55195,0,-0.571215,0.23724,2.70389,-0.734622,0.395753,0.670376,1.51644,0,0,0
8.55195,1,2.32508,-0.362397,2.92157,-0.528177,-0.215515,0.782302,2.06982,0,0,0
8.55195,2,2.0941,2.4046,2.90403,-1.11149,-0.6082,0.994408,2.90591,0,0,0
8.55195,3,0,0,0,0,0,0,0,0,0,0
8.55195,4,0,0,0,0,0,0,0,0,0,0
8.55195,5,0,0,0,0,0,0,0,0,0,0
8.6059,0,-0.580975,0.241579,2.73847,-0.664291,0.351433,0.653598,1.51644,0,0,0
8.6059,1,2.30405,-0.37317,2.95326,-0.496525,-0.200164,0.758643,2.06982,0,0,0
8.6059,2,2.09219,2.40307,2.95705,-0.967286,-0.536907,0.990937,2.90591,0,0,0
8.6059,3,0,0,0,0,0,0,0,0,0,0
8.6059,4,0,0,0,0,0,0,0,0,0,0
8.6059,5,0,0,0,0,0,0,0,0,0,0
8.66888,0,-0.603958,0.256182,2.77225,-0.639258,0.344362,0.638544,1.43925,0,0,0
8.66888,1,2.28449,-0.384919,2.97801,-0.466614,-0.192749,0.753509,1.99897,0,0,0
8.66888,2,2.05064,2.39129,3.01612,-0.962671,-0.495812,0.974781,2.79553,0,0,0
8.66888,3,0,0,0,0,0,0,0,0,0,0
8.66888,4,0,0,0,0,0,0,0,0,0,0
8.66888,5,0,0,0,0,0,0,0,0,0,0
8.72426,0,-0.633059,0.274448,2.80158,-0.641784,0.352574,0.632312,1.43925,0,0,0
8.72426,1,2.26604,-0.397527,3.00672,-0.438688,-0.191733,0.741933,1.99897,0,0,0
8.72426,2,2.05055,2.3912,3.06854,-0.951223,-0.490679,0.967173,2.79553,0,0,0
8.72426,3,0,0,0,0,0,0,0,0,0,0
8.72426,4,0,0,0,0,0,0,0,0,0,0
8.72426,5,0,0,0,0,0,0,0,0,0,0
8.77745,0,-0.650812,0.285201,2.83848,-0.606106,0.334555,0.613234,1.36908,0,0,0
8.77745,1,2.2436,-0.411792,3.05486,-0.430883,-0.202439,0.74666,1.91345,0,0,0
8.77745,2,1.97137,2.34946,3.11668,-0.914755,-0.47525,0.94963,2.68592,0,0,0
8.77745,3,0,0,0,0,0,0,0,0,0,0
8.77745,4,0,0,0,0,0,0,0,0,0,0
8.77745,5,0,0,0,0,0,0,0,0,0,0
8.83289,0,-0.669574,0.300293,2.87063,-0.577037,0.331653,0.593729,1.36908,0,0,0
8.83289,1,2.22084,-0.428177,3.09628,-0.4296,-0.220127,0.719336,1.91345,0,0,0
8.83289,2,1.93705,2.3405,3.16676,-0.889297,-0.435391,0.939978,2.68592,0,0,0
8.83289,3,0,0,0,0,0,0,0,0,0,0
8.83289,4,0,0,0,0,0,0,0,0,0,0
8.83289,5,0,0,0,0,0,0,0,0,0,0
8.8858,0,-0.696998,0.319046,2.89962,-0.579372,0.342394,0.581568,1.29648,0,0,0
8.8858,1,2.19315,-0.449781,3.12649,-0.446437,-0.255215,0.6878,1.82401,0,0,0
8.8858,2,1.9116,2.32849,3.21598,-0.846446,-0.414684,0.927582,2.53773,0,0,0
8.8858,3,0,0,0,0,0,0,0,0,0,0
8.8858,4,0,0,0,0,0,0,0,0,0,0
8.8858,5,0,0,0,0,0,0,0,0,0,0
8.93642,0,-0.712136,0.330886,2.92849,-0.545667,0.331914,0.570208,1.29648,0,0,0
8.93642,1,2.16639,-0.470669,3.15066,-0.461413,-0.286464,0.658309,1.82401,0,0,0
8.93642,2,1.89539,2.32352,3.26742,-0.772079,-0.370611,0.907816,2.53773,0,0,0
8.93642,3,0,0,0,0,0,0,0,0,0,0
8.93642,4,0,0,0,0,0,0,0,0,0,0
8.93642,5,0,0,0,0,0,0,0,0,0,0
8.99184,0,-0.731521,0.346578,2.95727,-0.530651,0.335371,0.553831,1.23521,0,0,0
8.99184,1,2.13831,-0.493055,3.18622,-0.482295,-0.321178,0.626761,1.7397,0,0,0
8.99184,2,1.85904,2.30736,3.31558,-0.77976,-0.368634,0.875934,2.4348,0,0,0
8.99184,3,0,0,0,0,0,0,0,0,0,0
8.99184,4,0,0,0,0,0,0,0,0,0,0
8.99184,5,0,0,0,0,0,0,0,0,0,0
9.04459,0,-0.747387,0.358896,2.98842,-0.500424,0.323784,0.544827,1.23521,0,0,0
9.04459,1,2.10755,-0.517154,3.21868,-0.515404,-0.360471,0.593103,1.7397,0,0,0
9.04459,2,1.85847,2.31579,3.35975,-0.781659,-0.335364,0.858571,2.4348,0,0,0
9.04459,3,0,0,0,0,0,0,0,0,0,0
9.04459,4,0,0,0,0,0,0,0,0,0,0
9.04459,5,0,0,0,0,0,0,0,0,0,0
9.09752,0,-0.755396,0.367116,3.01716,-0.452747,0.302483,0.534087,1.17371,0,0,0
9.09752,1,2.07588,-0.543419,3.24017,-0.547673,-0.403213,0.54887,1.65427,0,0,0
9.09752,2,1.83214,2.30395,3.404,-0.747013,-0.318752,0.837658,2.34549,0,0,0
9.09752,3,0,0,0,0,0,0,0,0,0,0
9.09752,4,0,0,0,0,0,0,0,0,0,0
9.09752,5,0,0,0,0,0,0,0,0,0,0
9.14771,0,-0.772018,0.382097,3.04465,-0.434387,0.303145,0.522169,1.17371,0,0,0
9.14771,1,2.04279,-0.571243,3.27205,-0.572675,-0.43947,0.519293,1.65427,0,0,0
9.14771,2,1.76691,2.28178,3.44059,-0.731955,-0.286712,0.831329,2.34549,0,0,0
9.14771,3,0,0,0,0,0,0,0,0,0,0
9.14771,4,0,0,0,0,0,0,0,0,0,0
9.14771,5,0,0,0,0,0,0,0,0,0,0
9.20063,0,-0.772018,0.382097,3.04465,-0.434387,0.303145,0.522169,1.11704,0,0,0
9.20063,1,2.01282,-0.596063,3.29407,-0.587319,-0.46313,0.493679,1.60721,0,0,0
9.20063,2,1.75186,2.27141,3.48175,-0.678595,-0.276807,0.820094,2.22955,0,0,0
9.20063,3,0,0,0,0,0,0,0,0,0,0
9.20063,4,0,0,0,0,0,0,0,0,0,0
9.20063,5,0,0,0,0,0,0,0,0,0,0
9.25919,0,-0.786828,0.398743,3.121,-0.348967,0.264395,0.497985,1.11704,0,0,0
9.25919,1,1.98514,-0.61968,3.31938,-0.578015,-0.469402,0.472984,1.60721,0,0,0
9.25919,2,1.75509,2.27543,3.53693,-0.585985,-0.229683,0.796872,2.22955,0,0,0
9.25919,3,0,0,0,0,0,0,0,0,0,0
9.25919,4,0,0,0,0,0,0,0,0,0,0
9.25919,5,0,0,0,0,0,0,0,0,0,0
9.31035,0,-0.795106,0.407182,3.14962,-0.315622,0.247644,0.475438,1.04182,0,0,0
9.31035,1,1.95214,-0.645588,3.34519,-0.594117,-0.484939,0.458826,1.49036,0,0,0
9.31035,2,1.73327,2.27137,3.57699,-0.563533,-0.201284,0.795259,2.14943,0,0,0
9.31035,3,0,0,0,0,0,0,0,0,0,0
9.31035,4,0,0,0,0,0,0,0,0,0,0
9.31035,5,0,0,0,0,0,0,0,0,0,0
9.3605,0,-0.795106,0.407182,3.14962,-0.315622,0.247644,0.475438,1.04182,0,0,0
9.3605,1,1.92479,-0.668819,3.37356,-0.593845,-0.493947,0.441451,1.49036,0,0,0
9.3605,2,1.71061,2.26589,3.61408,-0.542473,-0.179372,0.772917,2.14943,0,0,0
9.3605,3,0,0,0,0,0,0,0,0,0,0
9.3605,4,0,0,0,0,0,0,0,0,0,0
9.3605,5,0,0,0,0,0,0,0,0,0,0
9.41064,0,-0.806431,0.419945,3.1763,-0.296334,0.247898,0.457333,0.987424,0,0,0
9.41064,1,1.89404,-0.693197,3.39766,-0.604327,-0.502824,0.42279,1.4515,0,0,0
9.41064,2,1.68846,2.25621,3.65319,-0.526566,-0.175521,0.739994,2.06948,0,0,0
9.41064,3,0,0,0,0,0,0,0,0,0,0
9.41064,4,0,0,0,0,0,0,0,0,0,0
9.41064,5,0,0,0,0,0,0,0,0,0,0
9.46919,0,-0.815517,0.430237,3.19439,-0.272942,0.240211,0.436137,0.987424,0,0,0
9.46919,1,1.86835,-0.713373,3.42491,-0.595555,-0.496259,0.410031,1.4515,0,0,0
9.46919,2,1.65388,2.24717,3.69549,-0.550834,-0.168905,0.706858,1.97722,0,0,0
9.46919,3,0,0,0,0,0,0,0,0,0,0
9.46919,4,0,0,0,0,0,0,0,0,0,0
9.46919,5,0,0,0,0,0,0,0,0,0,0
9.527,0,-0.822534,0.438366,3.22065,-0.24623,0.226622,0.427296,0.944296,0,0,0
9.527,1,1.84228,-0.733706,3.44881,-0.590571,-0.492329,0.395658,1.3774,0,0,0
9.527,2,1.61757,2.23062,3.72663,-0.573691,-0.186346,0.68175,1.97722,0,0,0
9.527,3,0,0,0,0,0,0,0,0,0,0
9.527,4,0,0,0,0,0,0,0,0,0,0
9.527,5,0,0,0,0,0,0,0,0,0,0
9.58234,0,-0.833055,0.450023,3.22218,-0.236097,0.227696,0.420649,0.944296,0,0,0
9.58234,1,1.8188,-0.751167,3.47148,-0.579699,-0.481011,0.38053,1.3774,0,0,0
9.58234,2,1.58412,2.22393,3.75943,-0.591749,-0.172815,0.657765,1.89084,0,0,0
9.58234,3,0,0,0,0,0,0,0,0,0,0
9.58234,4,0,0,0,0,0,0,0,0,0,0
9.58234,5,0,0,0,0,0,0,0,0,0,0
9.63762,0,-0.841477,0.459642,3.24329,-0.219635,0.22085,0.412136,0.922829,0,0,0
9.63762,1,1.79545,-0.768193,3.49447,-0.573337,-0.471006,0.362968,1.31264,0,0,0
9.63762,2,1.56536,2.21454,3.79235,-0.566898,-0.173379,0.635015,1.89084,0,0,0
9.63762,3,0,0,0,0,0,0,0,0,0,0
9.63762,4,0,0,0,0,0,0,0,0,0,0
9.63762,5,0,0,0,0,0,0,0,0,0,0
9.69319,0,-0.844242,0.464006,3.26415,-0.185169,0.195847,0.409575,0.922829,0,0,0
9.69319,1,1.77412,-0.78287,3.51289,-0.560018,-0.452512,0.353435,1.31264,0,0,0
9.69319,2,1.56013,2.2078,3.82914,-0.495444,-0.165521,0.620173,1.82239,0,0,0
9.69319,3,0,0,0,0,0,0,0,0,0,0
9.69319,4,0,0,0,0,0,0,0,0,0,0
9.69319,5,0,0,0,0,0,0,0,0,0,0
9.7438,0,-0.855588,0.477279,3.28643,-0.187568,0.207436,0.402546,0.882154,0,0,0
9.7438,1,1.7567,-0.79478,3.54003,-0.537421,-0.426921,0.344277,1.25562,0,0,0
9.7438,2,1.54412,2.20041,3.86166,-0.452993,-0.155848,0.611569,1.82239,0,0,0
9.7438,3,0,0,0,0,0,0,0,0,0,0
9.7438,4,0,0,0,0,0,0,0,0,0,0
9.7438,5,0,0,0,0,0,0,0,0,0,0
9.79915,0,-0.864941,0.488691,3.30877,-0.182168,0.210268,0.393538,0.882154,0,0,0
9.79915,1,1.73781,-0.805318,3.55929,-0.520829,-0.396768,0.343851,1.25562,0,0,0
9.79915,2,1.52466,2.19429,3.88816,-0.434792,-0.145545,0.606936,1.75932,0,0,0
9.79915,3,0,0,0,0,0,0,0,0,0,0
9.79915,4,0,0,0,0,0,0,0,0,0,0
9.79915,5,0,0,0,0,0,0,0,0,0,0
9.85027,0,-0.870935,0.496442,3.32806,-0.166253,0.200338,0.385208,0.843874,0,0,0
9.85027,1,1.70254,-0.829529,3.58263,-0.4797,-0.35733,0.347877,1.20097,0,0,0
9.85027,2,1.52135,2.18899,3.91614,-0.367159,-0.135832,0.598387,1.75932,0,0,0
9.85027,3,0,0,0,0,0,0,0,0,0,0
9.85027,4,0,0,0,0,0,0,0,0,0,0
9.85027,5,0,0,0,0,0,0,0,0,0,0
9.90676,0,-0.87684,0.504233,3.3458,-0.152517,0.192095,0.374554,0.843874,0,0,0
9.90676,1,1.71032,-0.819118,3.60498,-0.451277,-0.315671,0.351357,1.20097,0,0,0
9.90676,2,1.50211,2.18032,3.94617,-0.362004,-0.136158,0.590058,1.70194,0,0,0
9.90676,3,0,0,0,0,0,0,0,0,0,0
9.90676,4,0,0,0,0,0,0,0,0,0,0
9.90676,5,0,0,0,0,0,0,0,0,0,0
9.9623,0,-0.887457,0.517363,3.36479,-0.1582,0.204427,0.359044,0.811411,0,0,0
9.9623,1,1.68029,-0.836826,3.62539,-0.404864,-0.272516,0.357709,1.15255,0,0,0
9.9623,2,1.48727,2.17217,3.97951,-0.340391,-0.134368,0.586571,1.70194,0,0,0
9.9623,3,0,0,0,0,0,0,0,0,0,0
9.9623,4,0,0,0,0,0,0,0,0,0,0
9.9623,5,0,0,0,0,0,0,0,0,0,0
10.0125,0,-0.891448,0.523443,3.38211,-0.138366,0.188741,0.348391,0.811411,0,0,0
10.0125,1,1.6936,-0.825448,3.64478,-0.352449,-0.228053,0.370988,1.15255,0,0,0
10.0125,2,1.47447,2.16281,4.0099,-0.323419,-0.137439,0.572339,1.63703,0,0,0
10.0125,3,0,0,0,0,0,0,0,0,0,0
10.0125,4,0,0,0,0,0,0,0,0,0,0
10.0125,5,0,0,0,0,0,0,0,0,0,0
10.0677,0,-0.900166,0.534696,3.39947,-0.139894,0.195248,0.335179,0.781197,0,0,0
10.0677,1,1.68881,-0.826032,3.66348,-0.294832,-0.180563,0.377144,1.11512,0,0,0
10.0677,2,1.45733,2.15054,4.03492,-0.325575,-0.144757,0.5534,1.63703,0,0,0
10.0677,3,0,0,0,0,0,0,0,0,0,0
10.0677,4,0,0,0,0,0,0,0,0,0,0
10.0677,5,0,0,0,0,0,0,0,0,0,0
10.121,0,-0.908536,0.546052,3.41676,-0.138181,0.198755,0.326669,0.781197,0,0,0
10.121,1,1.68529,-0.82557,3.68371,-0.244426,-0.139437,0.377049,1.11512,0,0,0
10.121,2,1.44097,2.13896,4.06533,-0.326311,-0.14929,0.541735,1.57204,0,0,0
10.121,3,0,0,0,0,0,0,0,0,0,0
10.121,4,0,0,0,0,0,0,0,0,0,0
10.121,5,0,0,0,0,0,0,0,0,0,0
10.1743,0,-0.915253,0.555558,3.43509,-0.131066,0.195438,0.31526,0.751698,0,0,0
10.1743,1,1.68464,-0.823693,3.70836,-0.190877,-0.0998009,0.37073,1.08382,0,0,0
10.1743,2,1.43186,2.13009,4.09591,-0.307323,-0.146144,0.535132,1.57204,0,0,0
10.1743,3,0,0,0,0,0,0,0,0,0,0
10.1743,4,0,0,0,0,0,0,0,0,0,0
10.1743,5,0,0,0,0,0,0,0,0,0,0
10.2298,0,-0.92203,0.564801,3.44967,-0.126933,0.193692,0.304759,0.751698,0,0,0
10.2298,1,1.68057,-0.824162,3.72919,-0.12208,-0.0554627,0.36009,1.08382,0,0,0
10.2298,2,1.42224,2.11966,4.12671,-0.292594,-0.149319,0.520803,1.51175,0,0,0
10.2298,3,0,0,0,0,0,0,0,0,0,0
10.2298,4,0,0,0,0,0,0,0,0,0,0
10.2298,5,0,0,0,0,0,0,0,0,0,0
10.28,0,-0.927931,0.574172,3.4644,-0.119485,0.190849,0.289871,0.728521,0,0,0
10.28,1,1.6795,-0.822174,3.74593,-0.0937768,-0.0323707,0.349655,1.05151,0,0,0
10.28,2,1.41178,2.10399,4.15271,-0.278384,-0.169622,0.513366,1.51175,0,0,0
10.28,3,0,0,0,0,0,0,0,0,0,0
10.28,4,0,0,0,0,0,0,0,0,0,0
10.28,5,0,0,0,0,0,0,0,0,0,0
10.3377,0,-0.936207,0.584851,3.48009,-0.122011,0.196857,0.27155,0.728521,0,0,0
10.3377,1,1.67968,-0.820406,3.76471,-0.064672,-0.0129465,0.338935,1.05151,0,0,0
10.3377,2,1.40647,2.09271,4.17865,-0.2511,-0.17713,0.509823,1.45413,0,0,0
10.3377,3,0,0,0,0,0,0,0,0,0,0
10.3377,4,0,0,0,0,0,0,0,0,0,0
10.3377,5,0,0,0,0,0,0,0,0,0,0
10.3933,0,-0.945982,0.598112,3.50648,-0.104866,0.184608,0.247526,0.707422,0,0,0
10.3933,1,1.68182,-0.818141,3.78509,-0.0340749,0.00493934,0.328497,1.02867,0,0,0
10.3933,2,1.41226,2.08976,4.20386,-0.228396,-0.192369,0.501758,1.45413,0,0,0
10.3933,3,0,0,0,0,0,0,0,0,0,0
10.3933,4,0,0,0,0,0,0,0,0,0,0
10.3933,5,0,0,0,0,0,0,0,0,0,0
10.4461,0,-0.945982,0.598112,3.50648,-0.104866,0.184608,0.247526,0.707422,0,0,0
10.4461,1,1.6834,-0.816115,3.79823,-0.00861742,0.0206931,0.310575,1.02867,0,0,0
10.4461,2,1.40967,2.07129,4.22964,-0.188444,-0.22337,0.497852,1.40819,0,0,0
10.4461,3,0,0,0,0,0,0,0,0,0,0
10.4461,4,0,0,0,0,0,0,0,0,0,0
10.4461,5,0,0,0,0,0,0,0,0,0,0
10.5066,0,-0.95295,0.606284,3.52031,-0.103815,0.185382,0.22685,0.68815,0,0,0
10.5066,1,1.68279,-0.815063,3.81348,0.00914445,0.0332245,0.290591,1.01129,0,0,0
10.5066,2,1.40268,2.0471,4.25384,-0.136053,-0.230116,0.494065,1.40819,0,0,0
10.5066,3,0,0,0,0,0,0,0,0,0,0
10.5066,4,0,0,0,0,0,0,0,0,0,0
10.5066,5,0,0,0,0,0,0,0,0,0,0
10.5571,0,-0.95773,0.610157,3.53048,-0.0952654,0.167696,0.210749,0.68815,0,0,0
10.5571,1,1.68243,-0.814134,3.82714,0.0242669,0.0439591,0.271334,0.993917,0,0,0
10.5571,2,1.41282,2.02984,4.30505,-0.0602083,-0.254387,0.478706,1.35525,0,0,0
10.5571,3,0,0,0,0,0,0,0,0,0,0
10.5571,4,0,0,0,0,0,0,0,0,0,0
10.5571,5,0,0,0,0,0,0,0,0,0,0
10.6135,0,-0.970525,0.613937,3.56112,-0.093236,0.123166,0.178168,0.668693,0,0,0
10.6135,1,1.67925,-0.815083,3.8408,0.0259128,0.0459574,0.250833,0.993917,0,0,0
10.6135,2,1.4175,2.01562,4.33159,-0.0162628,-0.262868,0.471139,1.35525,0,0,0
10.6135,3,0,0,0,0,0,0,0,0,0,0
10.6135,4,0,0,0,0,0,0,0,0,0,0
10.6135,5,0,0,0,0,0,0,0,0,0,0
10.6712,0,-0.975696,0.612897,3.56805,-0.0883865,0.0945381,0.173808,0.668693,0,0,0
10.6712,1,1.67612,-0.818206,3.85265,0.0165909,0.0365999,0.23116,0.975693,0,0,0
10.6712,2,1.42587,1.98671,4.35603,0.0434443,-0.272956,0.465377,1.31035,0,0,0
10.6712,3,0,0,0,0,0,0,0,0,0,0
10.6712,4,0,0,0,0,0,0,0,0,0,0
10.6712,5,0,0,0,0,0,0,0,0,0,0
10.7214,0,-0.98243,0.606895,3.57592,-0.088586,0.0507508,0.167566,0.661413,0,0,0
10.7214,1,1.66977,-0.820944,3.86331,0.00587708,0.0313129,0.215408,0.975693,0,0,0
10.7214,2,1.42892,1.98732,4.37926,0.0591228,-0.272538,0.453508,1.31035,0,0,0
10.7214,3,0,0,0,0,0,0,0,0,0,0
10.7214,4,0,0,0,0,0,0,0,0,0,0
10.7214,5,0,0,0,0,0,0,0,0,0,0
10.7719,0,-0.988098,0.599471,3.58643,-0.087242,0.0104773,0.158815,0.661413,0,0,0
10.7719,1,1.66212,-0.825494,3.87211,-0.00983476,0.0188964,0.202772,0.955334,0,0,0
10.7719,2,1.4351,1.97334,4.40165,0.089418,-0.278444,0.442515,1.2675,0,0,0
10.7719,3,0,0,0,0,0,0,0,0,0,0
10.7719,4,0,0,0,0,0,0,0,0,0,0
10.7719,5,0,0,0,0,0,0,0,0,0,0
10.8297,0,-0.988098,0.599471,3.58643,-0.087242,0.0104773,0.158815,0.650041,0,0,0
10.8297,1,1.65244,-0.831626,3.88209,-0.0311778,0.00222148,0.191883,0.955334,0,0,0
10.8297,2,1.44961,1.94367,4.42345,0.139107,-0.28891,0.429805,1.2675,0,0,0
10.8297,3,0,0,0,0,0,0,0,0,0,0
10.8297,4,0,0,0,0,0,0,0,0,0,0
10.8297,5,0,0,0,0,0,0,0,0,0,0
10.8825,0,-0.99387,0.590208,3.59285,-0.0855996,-0.0325066,0.154096,0.650041,0,0,0
10.8825,1,1.64093,-0.839118,3.8914,-0.0579104,-0.0178679,0.183197,0.930789,0,0,0
10.8825,2,1.44961,1.94367,4.42345,0.139107,-0.28891,0.429805,1.22171,0,0,0
10.8825,3,0,0,0,0,0,0,0,0,0,0
10.8825,4,0,0,0,0,0,0,0,0,0,0
10.8825,5,0,0,0,0,0,0,0,0,0,0
10.9382,0,-1.00562,0.567921,3.61102,-0.0835769,-0.11104,0.142368,0.648427,0,0,0
10.9382,1,1.62758,-0.848055,3.89995,-0.0882463,-0.0407421,0.174633,0.930789,0,0,0
10.9382,2,1.46274,1.91806,4.47042,0.18586,-0.296484,0.383824,1.22171,0,0,0
10.9382,3,0,0,0,0,0,0,0,0,0,0
10.9382,4,0,0,0,0,0,0,0,0,0,0
10.9382,5,0,0,0,0,0,0,0,0,0,0
10.9889,0,-1.01221,0.555129,3.61863,-0.0873499,-0.14798,0.137042,0.642109,0,0,0
10.9889,1,1.60808,-0.860137,3.90839,-0.108826,-0.0561554,0.167305,0.900238,0,0,0
10.9889,2,1.4634,1.91202,4.48704,0.179568,-0.27083,0.361685,1.18443,0,0,0
10.9889,3,0,0,0,0,0,0,0,0,0,0
10.9889,4,0,0,0,0,0,0,0,0,0,0
10.9889,5,0,0,0,0,0,0,0,0,0,0
11.039,0,-1.01817,0.541585,3.6264,-0.087698,-0.180429,0.131146,0.642109,0,0,0
11.039,1,1.58636,-0.874705,3.91658,-0.157472,-0.0893668,0.157372,0.900238,0,0,0
11.039,2,1.47043,1.89772,4.50795,0.195803,-0.276663,0.347067,1.18443,0,0,0
11.039,3,0,0,0,0,0,0,0,0,0,0
11.039,4,0,0,0,0,0,0,0,0,0,0
11.039,5,0,0,0,0,0,0,0,0,0,0
11.0943,0,-1.0247,0.530124,3.63283,-0.0920124,-0.201469,0.130487,0.640421,0,0,0
11.0943,1,1.56798,-0.888183,3.92496,-0.188151,-0.11571,0.147402,0.867188,0,0,0
11.0943,2,1.46546,1.89319,4.52773,0.169198,-0.24772,0.337272,1.15429,0,0,0
11.0943,3,0,0,0,0,0,0,0,0,0,0
11.0943,4,0,0,0,0,0,0,0,0,0,0
11.0943,5,0,0,0,0,0,0,0,0,0,0
11.1496,0,-1.0247,0.530124,3.63283,-0.0920124,-0.201469,0.130487,0.640421,0,0,0
11.1496,1,1.5513,-0.901307,3.93258,-0.209651,-0.138033,0.139178,0.867188,0,0,0
11.1496,2,1.4622,1.88821,4.54528,0.146694,-0.221737,0.332294,1.15429,0,0,0
11.1496,3,0,0,0,0,0,0,0,0,0,0
11.1496,4,0,0,0,0,0,0,0,0,0,0
11.1496,5,0,0,0,0,0,0,0,0,0,0
11.2087,0,-1.03604,0.505467,3.64786,-0.0902577,-0.232838,0.117707,0.640701,0,0,0
11.2087,1,1.53211,-0.915554,3.93953,-0.235932,-0.160846,0.131732,0.840149,0,0,0
11.2087,2,1.45824,1.88528,4.56215,0.121156,-0.188756,0.333505,1.124,0,0,0
11.2087,3,0,0,0,0,0,0,0,0,0,0
11.2087,4,0,0,0,0,0,0,0,0,0,0
11.2087,5,0,0,0,0,0,0,0,0,0,0
11.2589,0,-1.03604,0.505467,3.64786,-0.0902577,-0.232838,0.117707,0.640701,0,0,0
11.2589,1,1.5092,-0.930398,3.94652,-0.267936,-0.180888,0.125176,0.840149,0,0,0
11.2589,2,1.45824,1.88528,4.56215,0.121156,-0.188756,0.333505,1.124,0,0,0
11.2589,3,0,0,0,0,0,0,0,0,0,0
11.2589,4,0,0,0,0,0,0,0,0,0,0
11.2589,5,0,0,0,0,0,0,0,0,0,0
11.3127,0,-1.04151,0.4944,3.65477,-0.0904375,-0.242942,0.11746,0.748808,0,0,0
11.3127,1,1.49011,-0.947332,3.95271,-0.284317,-0.205554,0.118789,0.812769,0,0,0
11.3127,2,1.4481,1.88314,4.57932,0.0755213,-0.156457,0.330444,1.0959,0,0,0
11.3127,3,0,0,0,0,0,0,0,0,0,0
11.3127,4,0,0,0,0,0,0,0,0,0,0
11.3127,5,0,0,0,0,0,0,0,0,0,0
11.3628,0,-1.04607,0.486585,3.66036,-0.0872864,-0.239,0.121132,0.748808,0,0,0
11.3628,1,1.48103,-0.954653,3.95797,-0.268293,-0.198368,0.114429,0.812769,0,0,0
11.3628,2,1.43894,1.88165,4.59777,0.0377706,-0.126989,0.32789,1.0959,0,0,0
11.3628,3,0,0,0,0,0,0,0,0,0,0
11.3628,4,0,0,0,0,0,0,0,0,0,0
11.3628,5,0,0,0,0,0,0,0,0,0,0
11.4156,0,-1.05124,0.47806,3.66786,-0.0865528,-0.238419,0.124087,0.736023,0,0,0
11.4156,1,1.46113,-0.968754,3.96409,-0.289209,-0.212058,0.110589,0.806133,0,0,0
11.4156,2,1.41931,1.87977,4.63292,-0.0292592,-0.0773503,0.321045,1.06602,0,0,0
11.4156,3,0,0,0,0,0,0,0,0,0,0
11.4156,4,0,0,0,0,0,0,0,0,0,0
11.4156,5,0,0,0,0,0,0,0,0,0,0
11.4676,0,-1.05433,0.47271,3.6774,-0.0789678,-0.227773,0.136315,0.736023,0,0,0
11.4676,1,1.44138,-0.983498,3.97134,-0.306781,-0.226315,0.108632,0.806133,0,0,0
11.4676,2,1.41931,1.87977,4.63292,-0.0292592,-0.0773503,0.321045,1.06602,0,0,0
11.4676,3,0,0,0,0,0,0,0,0,0,0
11.4676,4,0,0,0,0,0,0,0,0,0,0
11.4676,5,0,0,0,0,0,0,0,0,0,0
11.5228,0,-1.05794,0.46836,3.68876,-0.0739807,-0.217627,0.172431,0.71632,0,0,0
11.5228,1,1.42438,-0.996177,3.97733,-0.313234,-0.232335,0.105262,0.782461,0,0,0
11.5228,2,1.39793,1.88336,4.65075,-0.099242,-0.0379832,0.310474,1.03608,0,0,0
11.5228,3,0,0,0,0,0,0,0,0,0,0
11.5228,4,0,0,0,0,0,0,0,0,0,0
11.5228,5,0,0,0,0,0,0,0,0,0,0
11.5755,0,-1.0633,0.465441,3.69723,-0.0740123,-0.199319,0.18477,0.71632,0,0,0
11.5755,1,1.40883,-1.00723,3.988,-0.314569,-0.232497,0.0939456,0.782461,0,0,0
11.5755,2,1.38911,1.87858,4.6644,-0.108978,-0.0376136,0.303929,1.03608,0,0,0
11.5755,3,0,0,0,0,0,0,0,0,0,0
11.5755,4,0,0,0,0,0,0,0,0,0,0
11.5755,5,0,0,0,0,0,0,0,0,0,0
11.6337,0,-1.06689,0.465427,3.70824,-0.0665502,-0.171106,0.213588,0.699697,0,0,0
11.6337,1,1.39269,-1.01866,3.99352,-0.312461,-0.230187,0.0925146,0.76213,0,0,0
11.6337,2,1.36243,1.88589,4.68072,-0.181885,0.00449422,0.293449,1.00694,0,0,0
11.6337,3,0,0,0,0,0,0,0,0,0,0
11.6337,4,0,0,0,0,0,0,0,0,0,0
11.6337,5,0,0,0,0,0,0,0,0,0,0
11.688,0,-1.07281,0.468069,3.72062,-0.0712131,-0.138826,0.245456,0.699697,0,0,0
11.688,1,1.37566,-1.02977,3.99447,-0.320046,-0.23121,0.0986124,0.76213,0,0,0
11.688,2,1.34482,1.88569,4.6957,-0.212846,0.0142083,0.284047,1.00694,0,0,0
11.688,3,0,0,0,0,0,0,0,0,0,0
11.688,4,0,0,0,0,0,0,0,0,0,0
11.688,5,0,0,0,0,0,0,0,0,0,0
11.7482,0,-1.07706,0.471593,3.73191,-0.0690327,-0.105047,0.260395,0.680969,0,0,0
11.7482,1,1.36268,-1.03866,4.00037,-0.309142,-0.222798,0.104771,0.741144,0,0,0
11.7482,2,1.313,1.88411,4.72373,-0.245985,0.0238929,0.264317,0.978295,0,0,0
11.7482,3,0,0,0,0,0,0,0,0,0,0
11.7482,4,0,0,0,0,0,0,0,0,0,0
11.7482,5,0,0,0,0,0,0,0,0,0,0
11.8063,0,-1.08556,0.477551,3.74698,-0.0845058,-0.0675815,0.269404,0.680969,0,0,0
11.8063,1,1.34921,-1.04597,4.01603,-0.307643,-0.213369,0.110827,0.741144,0,0,0
11.8063,2,1.2938,1.88533,4.73743,-0.272571,0.0336779,0.258985,0.978295,0,0,0
11.8063,3,0,0,0,0,0,0,0,0,0,0
11.8063,4,0,0,0,0,0,0,0,0,0,0
11.8063,5,0,0,0,0,0,0,0,0,0,0
11.8598,0,-1.09246,0.484926,3.76138,-0.0922562,-0.0312878,0.278324,0.660231,0,0,0
11.8598,1,1.33729,-1.05297,4.02429,-0.301683,-0.204377,0.125817,0.728669,0,0,0
11.8598,2,1.2758,1.88711,4.75112,-0.291112,0.0442862,0.254544,0.95063,0,0,0
11.8598,3,0,0,0,0,0,0,0,0,0,0
11.8598,4,0,0,0,0,0,0,0,0,0,0
11.8598,5,0,0,0,0,0,0,0,0,0,0
11.91,0,-1.10056,0.492715,3.77544,-0.105274,0.00345508,0.276293,0.660231,0,0,0
11.91,1,1.32937,-1.05642,4.03054,-0.284006,-0.184553,0.146983,0.728669,0,0,0
11.91,2,1.2758,1.88711,4.75112,-0.291112,0.0442862,0.254544,0.95063,0,0,0
11.91,3,0,0,0,0,0,0,0,0,0,0
11.91,4,0,0,0,0,0,0,0,0,0,0
11.91,5,0,0,0,0,0,0,0,0,0,0
11.9638,0,-1.11003,0.500347,3.79015,-0.120853,0.032089,0.276679,0.64265,0,0,0
11.9638,1,1.32125,-1.06086,4.04175,-0.26724,-0.169476,0.156373,0.715008,0,0,0
11.9638,2,1.2681,1.88333,4.76566,-0.277853,0.0353222,0.250239,0.926676,0,0,0
11.9638,3,0,0,0,0,0,0,0,0,0,0
11.9638,4,0,0,0,0,0,0,0,0,0,0
11.9638,5,0,0,0,0,0,0,0,0,0,0
12.0219,0,-1.12918,0.517431,3.81635,-0.150219,0.0849048,0.256623,0.64265,0,0,0
12.0219,1,1.31897,-1.06045,4.05067,-0.232626,-0.140314,0.168536,0.715008,0,0,0
12.0219,2,1.25306,1.88276,4.77914,-0.290232,0.0379803,0.246781,0.926676,0,0,0
12.0219,3,0,0,0,0,0,0,0,0,0,0
12.0219,4,0,0,0,0,0,0,0,0,0,0
12.0219,5,0,0,0,0,0,0,0,0,0,0
12.0724,0,-1.12918,0.517431,3.81635,-0.150219,0.0849048,0.256623,0.630071,0,0,0
12.0724,1,1.31752,-1.06035,4.06109,-0.19543,-0.113774,0.175938,0.701364,0,0,0
12.0724,2,1.23662,1.87957,4.79396,-0.298453,0.0311203,0.245414,0.899849,0,0,0
12.0724,3,0,0,0,0,0,0,0,0,0,0
12.0724,4,0,0,0,0,0,0,0,0,0,0
12.0724,5,0,0,0,0,0,0,0,0,0,0
12.1276,0,-1.13947,0.525644,3.83053,-0.158169,0.100687,0.24715,0.630071,0,0,0
12.1276,1,1.31051,-1.06357,4.07059,-0.182585,-0.102449,0.176975,0.701364,0,0,0
12.1276,2,1.22776,1.87464,4.80573,-0.287377,0.0181359,0.245343,0.899849,0,0,0
12.1276,3,0,0,0,0,0,0,0,0,0,0
12.1276,4,0,0,0,0,0,0,0,0,0,0
12.1276,5,0,0,0,0,0,0,0,0,0,0
12.1781,0,-1.14773,0.532173,3.84294,-0.162128,0.110421,0.237628,0.618203,0,0,0
12.1781,1,1.32307,-1.05488,4.07933,-0.10738,-0.0554609,0.179555,0.68897,0,0,0
12.1781,2,1.22149,1.86815,4.81886,-0.266857,-3.91774e-05,0.244961,0.875248,0,0,0
12.1781,3,0,0,0,0,0,0,0,0,0,0
12.1781,4,0,0,0,0,0,0,0,0,0,0
12.1781,5,0,0,0,0,0,0,0,0,0,0
12.2282,0,-1.16174,0.543642,3.85461,-0.186378,0.137644,0.223158,0.618203,0,0,0
12.2282,1,1.32727,-1.05251,4.08892,-0.0662327,-0.0333233,0.176671,0.68897,0,0,0
12.2282,2,1.21872,1.85962,4.83277,-0.237071,-0.0237725,0.245869,0.875248,0,0,0
12.2282,3,0,0,0,0,0,0,0,0,0,0
12.2282,4,0,0,0,0,0,0,0,0,0,0
12.2282,5,0,0,0,0,0,0,0,0,0,0
12.2868,0,-1.16977,0.549717,3.86728,-0.184121,0.140975,0.212873,0.612533,0,0,0
12.2868,1,1.33293,-1.04973,4.09809,-0.0266696,-0.0138342,0.172975,0.68495,0,0,0
12.2868,2,1.22696,1.84547,4.84651,-0.170296,-0.066564,0.249646,0.848832,0,0,0
12.2868,3,0,0,0,0,0,0,0,0,0,0
12.2868,4,0,0,0,0,0,0,0,0,0,0
12.2868,5,0,0,0,0,0,0,0,0,0,0
12.3376,0,-1.18113,0.558503,3.87574,-0.194161,0.155944,0.178798,0.612533,0,0,0
12.3376,1,1.33293,-1.04973,4.09809,-0.0266696,-0.0138342,0.172975,0.68495,0,0,0
12.3376,2,1.21995,1.84218,4.85931,-0.163518,-0.0661418,0.245872,0.848832,0,0,0
12.3376,3,0,0,0,0,0,0,0,0,0,0
12.3376,4,0,0,0,0,0,0,0,0,0,0
12.3376,5,0,0,0,0,0,0,0,0,0,0
12.3892,0,-1.18846,0.563594,3.88425,-0.187284,0.154873,0.162925,0.612095,0,0,0
12.3892,1,1.33926,-1.04623,4.10776,0.00907809,0.00548826,0.166895,0.681463,0,0,0
12.3892,2,1.22508,1.82968,4.87207,-0.11643,-0.0953166,0.243652,0.826502,0,0,0
12.3892,3,0,0,0,0,0,0,0,0,0,0
12.3892,4,0,0,0,0,0,0,0,0,0,0
12.3892,5,0,0,0,0,0,0,0,0,0,0
12.4458,0,-1.19575,0.567636,3.89362,-0.180851,0.148388,0.141723,0.612095,0,0,0
12.4458,1,1.35389,-1.03786,4.12407,0.070241,0.0390803,0.153108,0.681463,0,0,0
12.4458,2,1.22957,1.82064,4.88313,-0.0795296,-0.109665,0.239383,0.826502,0,0,0
12.4458,3,0,0,0,0,0,0,0,0,0,0
12.4458,4,0,0,0,0,0,0,0,0,0,0
12.4458,5,0,0,0,0,0,0,0,0,0,0
12.5015,0,-1.20443,0.571266,3.90113,-0.1771,0.138828,0.127343,0.609588,0,0,0
12.5015,1,1.36025,-1.03436,4.13169,0.0914577,0.0505632,0.138754,0.680258,0,0,0
12.5015,2,1.24016,1.80566,4.90911,-0.0123065,-0.12489,0.230731,0.810398,0,0,0
12.5015,3,0,0,0,0,0,0,0,0,0,0
12.5015,4,0,0,0,0,0,0,0,0,0,0
12.5015,5,0,0,0,0,0,0,0,0,0,0
12.5638,0,-1.21543,0.574835,3.90553,-0.183489,0.130612,0.109624,0.609588,0,0,0
12.5638,1,1.3659,-1.03117,4.13734,0.10715,0.0599447,0.120761,0.680258,0,0,0
12.5638,2,1.25791,1.78326,4.92073,0.0548307,-0.178134,0.223197,0.788451,0,0,0
12.5638,3,0,0,0,0,0,0,0,0,0,0
12.5638,4,0,0,0,0,0,0,0,0,0,0
12.5638,5,0,0,0,0,0,0,0,0,0,0
12.6153,0,-1.23093,0.567973,3.91588,-0.166873,0.067289,0.0985277,0.612523,0,0,0
12.6153,1,1.37138,-1.0279,4.1438,0.119392,0.0691236,0.0915454,0.680028,0,0,0
12.6153,2,1.26631,1.77226,4.93274,0.0817831,-0.187465,0.217571,0.788451,0,0,0
12.6153,3,0,0,0,0,0,0,0,0,0,0
12.6153,4,0,0,0,0,0,0,0,0,0,0
12.6153,5,0,0,0,0,0,0,0,0,0,0
12.6671,0,-1.23093,0.567973,3.91588,-0.166873,0.067289,0.0985277,0.612523,0,0,0
12.6671,1,1.37447,-1.02572,4.14812,0.119606,0.0714927,0.0696777,0.680028,0,0,0
12.6671,2,1.26631,1.77226,4.93274,0.0817831,-0.187465,0.217571,0.780401,0,0,0
12.6671,3,0,0,0,0,0,0,0,0,0,0
12.6671,4,0,0,0,0,0,0,0,0,0,0
12.6671,5,0,0,0,0,0,0,0,0,0,0
12.7249,0,-1.24329,0.553198,3.92596,-0.149015,-0.00407558,0.0977064,0.610019,0,0,0
12.7249,1,1.37692,-1.02366,4.15199,0.11569,0.0720497,0.0466528,0.679354,0,0,0
12.7249,2,1.27306,1.76744,4.9547,0.0932732,-0.148083,0.209065,0.780401,0,0,0
12.7249,3,0,0,0,0,0,0,0,0,0,0
12.7249,4,0,0,0,0,0,0,0,0,0,0
12.7249,5,0,0,0,0,0,0,0,0,0,0
12.7804,0,-1.25019,0.540893,3.93138,-0.144368,-0.0498511,0.0983013,0.610019,0,0,0
12.7804,1,1.37808,-1.02205,4.15451,0.108196,0.071395,0.0271618,0.679354,0,0,0
12.7804,2,1.27768,1.76164,4.96493,0.102136,-0.143564,0.204101,0.774712,0,0,0
12.7804,3,0,0,0,0,0,0,0,0,0,0
12.7804,4,0,0,0,0,0,0,0,0,0,0
12.7804,5,0,0,0,0,0,0,0,0,0,0
12.8343,0,-1.2562,0.527318,3.93621,-0.132453,-0.0909296,0.096622,0.604223,0,0,0
12.8343,1,1.37498,-1.02297,4.15517,0.0874788,0.0631029,0.0166625,0.677761,0,0,0
12.8343,2,1.28705,1.75069,4.97527,0.127288,-0.157876,0.190821,0.774712,0,0,0
12.8343,3,0,0,0,0,0,0,0,0,0,0
12.8343,4,0,0,0,0,0,0,0,0,0,0
12.8343,5,0,0,0,0,0,0,0,0,0,0
12.8877,0,-1.2562,0.527318,3.93621,-0.132453,-0.0909296,0.096622,0.604223,0,0,0
12.8877,1,1.36834,-1.02699,4.15635,0.0571335,0.0449911,0.00767246,0.677761,0,0,0
12.8877,2,1.29806,1.73599,4.98545,0.157606,-0.186684,0.169946,0.764002,0,0,0
12.8877,3,0,0,0,0,0,0,0,0,0,0
12.8877,4,0,0,0,0,0,0,0,0,0,0
12.8877,5,0,0,0,0,0,0,0,0,0,0
12.9379,0,-1.26349,0.512595,3.94208,-0.131434,-0.131553,0.09584,0.597729,0,0,0
12.9379,1,1.36236,-1.03032,4.15675,0.0331209,0.03142,0.00419984,0.672894,0,0,0
12.9379,2,1.29806,1.73599,4.98545,0.157606,-0.186684,0.169946,0.764002,0,0,0
12.9379,3,0,0,0,0,0,0,0,0,0,0
12.9379,4,0,0,0,0,0,0,0,0,0,0
12.9379,5,0,0,0,0,0,0,0,0,0,0
12.9965,0,-1.26828,0.501396,3.9466,-0.123533,-0.154609,0.0946549,0.597729,0,0,0
12.9965,1,1.35387,-1.03405,4.15703,0.00414189,0.0192044,-0.00242438,0.672894,0,0,0
12.9965,2,1.30972,1.71937,4.99477,0.18587,-0.21825,0.151522,0.747808,0,0,0
12.9965,3,0,0,0,0,0,0,0,0,0,0
12.9965,4,0,0,0,0,0,0,0,0,0,0
12.9965,5,0,0,0,0,0,0,0,0,0,0
13.0521,0,-1.27384,0.485818,3.95249,-0.117521,-0.187925,0.0922992,0.591499,0,0,0
13.0521,1,1.34244,-1.04284,4.1572,-0.0306551,-0.00935366,-9.74826e-05,0.666449,0,0,0
13.0521,2,1.31447,1.70971,5.00397,0.180013,-0.213212,0.139739,0.747808,0,0,0
13.0521,3,0,0,0,0,0,0,0,0,0,0
13.0521,4,0,0,0,0,0,0,0,0,0,0
13.0521,5,0,0,0,0,0,0,0,0,0,0
13.1075,0,-1.27902,0.472188,3.95808,-0.11084,-0.207723,0.0863505,0.591499,0,0,0
13.1075,1,1.33731,-1.04693,4.15689,-0.0387852,-0.0181564,-0.00208631,0.666449,0,0,0
13.1075,2,1.32234,1.69546,5.01827,0.169482,-0.197766,0.131232,0.736108,0,0,0
13.1075,3,0,0,0,0,0,0,0,0,0,0
13.1075,4,0,0,0,0,0,0,0,0,0,0
13.1075,5,0,0,0,0,0,0,0,0,0,0
13.1577,0,-1.2831,0.461381,3.96306,-0.104283,-0.217434,0.0897893,0.586263,0,0,0
13.1577,1,1.31721,-1.05644,4.1568,-0.0954731,-0.0430408,-0.0036518,0.662814,0,0,0
13.1577,2,1.32021,1.69255,5.02582,0.144748,-0.176437,0.133203,0.736108,0,0,0
13.1577,3,0,0,0,0,0,0,0,0,0,0
13.1577,4,0,0,0,0,0,0,0,0,0,0
13.1577,5,0,0,0,0,0,0,0,0,0,0
13.2108,0,-1.29092,0.434139,3.97264,-0.0890048,-0.244488,0.0940199,0.586263,0,0,0
13.2108,1,1.30378,-1.06483,4.15665,-0.122566,-0.0611907,-0.0102662,0.662814,0,0,0
13.2108,2,1.30755,1.69935,5.02881,0.0845635,-0.123505,0.14014,0.728121,0,0,0
13.2108,3,0,0,0,0,0,0,0,0,0,0
13.2108,4,0,0,0,0,0,0,0,0,0,0
13.2108,5,0,0,0,0,0,0,0,0,0,0
13.2609,0,-1.29092,0.434139,3.97264,-0.0890048,-0.244488,0.0940199,0.581705,0,0,0
13.2609,1,1.28974,-1.07284,4.15648,-0.148745,-0.0756282,-0.0118632,0.651905,0,0,0
13.2609,2,1.30755,1.69935,5.02881,0.0845635,-0.123505,0.14014,0.728121,0,0,0
13.2609,3,0,0,0,0,0,0,0,0,0,0
13.2609,4,0,0,0,0,0,0,0,0,0,0
13.2609,5,0,0,0,0,0,0,0,0,0,0
13.3186,0,-1.29503,0.421007,3.97845,-0.0836636,-0.253406,0.0995835,0.579477,0,0,0
13.3186,1,1.27571,-1.08197,4.15676,-0.169767,-0.0915546,-0.00717369,0.651905,0,0,0
13.3186,2,1.30396,1.69128,5.0433,0.0531426,-0.105299,0.141586,0.721966,0,0,0
13.3186,3,0,0,0,0,0,0,0,0,0,0
13.3186,4,0,0,0,0,0,0,0,0,0,0
13.3186,5,0,0,0,0,0,0,0,0,0,0
13.3688,0,-1.29704,0.412204,3.98481,-0.0745337,-0.25008,0.112259,0.579477,0,0,0
13.3688,1,1.26482,-1.08999,4.15654,-0.179103,-0.10355,-0.0081443,0.645769,0,0,0
13.3688,2,1.28715,1.70134,5.05402,-0.00754991,-0.0530941,0.148034,0.721966,0,0,0
13.3688,3,0,0,0,0,0,0,0,0,0,0
13.3688,4,0,0,0,0,0,0,0,0,0,0
13.3688,5,0,0,0,0,0,0,0,0,0,0
13.4296,0,-1.30005,0.40347,3.99232,-0.0693939,-0.245876,0.119051,0.572643,0,0,0
13.4296,1,1.25301,-1.09624,4.15634,-0.190631,-0.107275,-0.00884684,0.642473,0,0,0
13.4296,2,1.26798,1.71063,5.06423,-0.0728646,-0.00538806,0.145871,0.712095,0,0,0
13.4296,3,0,0,0,0,0,0,0,0,0,0
13.4296,4,0,0,0,0,0,0,0,0,0,0
13.4296,5,0,0,0,0,0,0,0,0,0,0
13.4797,0,-1.30124,0.398038,3.99936,-0.0593698,-0.231205,0.132061,0.572643,0,0,0
13.4797,1,1.24154,-1.10409,4.15609,-0.197355,-0.115369,-0.00840785,0.642473,0,0,0
13.4797,2,1.25793,1.71358,5.07252,-0.0982152,0.0130122,0.138439,0.712095,0,0,0
13.4797,3,0,0,0,0,0,0,0,0,0,0
13.4797,4,0,0,0,0,0,0,0,0,0,0
13.4797,5,0,0,0,0,0,0,0,0,0,0
13.5394,0,-1.3031,0.393563,4.00796,-0.0534706,-0.215894,0.14158,0.56421,0,0,0
13.5394,1,1.22959,-1.11156,4.15585,-0.206654,-0.122002,-0.00796643,0.640705,0,0,0
13.5394,2,1.24231,1.72125,5.07919,-0.139551,0.0465149,0.129723,0.704143,0,0,0
13.5394,3,0,0,0,0,0,0,0,0,0,0
13.5394,4,0,0,0,0,0,0,0,0,0,0
13.5394,5,0,0,0,0,0,0,0,0,0,0
13.5977,0,-1.30415,0.392491,4.01608,-0.0454625,-0.188042,0.148262,0.56421,0,0,0
13.5977,1,1.2158,-1.11908,4.15569,-0.220671,-0.127123,-0.00763435,0.640705,0,0,0
13.5977,2,1.22952,1.72481,5.08603,-0.162693,0.0582702,0.121202,0.704143,0,0,0
13.5977,3,0,0,0,0,0,0,0,0,0,0
13.5977,4,0,0,0,0,0,0,0,0,0,0
13.5977,5,0,0,0,0,0,0,0,0,0,0
13.6515,0,-1.30556,0.393076,4.02384,-0.0406369,-0.158327,0.152664,0.5559,0,0,0
13.6515,1,1.20385,-1.12649,4.15555,-0.224504,-0.130706,-0.00682644,0.63859,0,0,0
13.6515,2,1.21798,1.729,5.09171,-0.179114,0.0703577,0.1162,0.697835,0,0,0
13.6515,3,0,0,0,0,0,0,0,0,0,0
13.6515,4,0,0,0,0,0,0,0,0,0,0
13.6515,5,0,0,0,0,0,0,0,0,0,0
13.7065,0,-1.30887,0.391284,4.03888,-0.0334948,-0.119502,0.155426,0.5559,0,0,0
13.7065,1,1.19339,-1.13233,4.15563,-0.224667,-0.129617,-0.00361936,0.63859,0,0,0
13.7065,2,1.20651,1.73243,5.09838,-0.190775,0.0772572,0.11075,0.697835,0,0,0
13.7065,3,0,0,0,0,0,0,0,0,0,0
13.7065,4,0,0,0,0,0,0,0,0,0,0
13.7065,5,0,0,0,0,0,0,0,0,0,0
13.7566,0,-1.31058,0.40669,4.04707,-0.0334174,-0.0490132,0.155749,0.549076,0,0,0
13.7566,1,1.18345,-1.13755,4.15624,-0.223231,-0.126818,0.00460487,0.636952,0,0,0
13.7566,2,1.19759,1.73477,5.10404,-0.191214,0.0781918,0.108274,0.692519,0,0,0
13.7566,3,0,0,0,0,0,0,0,0,0,0
13.7566,4,0,0,0,0,0,0,0,0,0,0
13.7566,5,0,0,0,0,0,0,0,0,0,0
13.8094,0,-1.31058,0.40669,4.04707,-0.0334174,-0.0490132,0.155749,0.549076,0,0,0
13.8094,1,1.17407,-1.14215,4.15762,-0.218845,-0.121757,0.0186597,0.636952,0,0,0
13.8094,2,1.1888,1.73663,5.10981,-0.192266,0.0772327,0.104324,0.692519,0,0,0
13.8094,3,0,0,0,0,0,0,0,0,0,0
13.8094,4,0,0,0,0,0,0,0,0,0,0
13.8094,5,0,0,0,0,0,0,0,0,0,0
13.8656,0,-1.31602,0.421807,4.06333,-0.037768,0.0201551,0.150336,0.544057,0,0,0
13.8656,1,1.16691,-1.14464,4.16048,-0.208366,-0.110838,0.0342465,0.633448,0,0,0
13.8656,2,1.17333,1.74222,5.11511,-0.216253,0.0911129,0.0998616,0.687598,0,0,0
13.8656,3,0,0,0,0,0,0,0,0,0,0
13.8656,4,0,0,0,0,0,0,0,0,0,0
13.8656,5,0,0,0,0,0,0,0,0,0,0
13.921,0,-1.31733,0.434727,4.07121,-0.0364026,0.0661471,0.144307,0.544057,0,0,0
13.921,1,1.15896,-1.148,4.1637,-0.202525,-0.104266,0.053618,0.633448,0,0,0
13.921,2,1.16413,1.74266,5.11979,-0.214533,0.0827583,0.0972258,0.687598,0,0,0
13.921,3,0,0,0,0,0,0,0,0,0,0
13.921,4,0,0,0,0,0,0,0,0,0,0
13.921,5,0,0,0,0,0,0,0,0,0,0
13.9801,0,-1.32007,0.444386,4.07845,-0.0387149,0.0938939,0.1398,0.539918,0,0,0
13.9801,1,1.15198,-1.15021,4.16758,-0.196776,-0.0957932,0.0721389,0.628957,0,0,0
13.9801,2,1.15615,1.74307,5.12602,-0.209066,0.0753001,0.0938788,0.682004,0,0,0
13.9801,3,0,0,0,0,0,0,0,0,0,0
13.9801,4,0,0,0,0,0,0,0,0,0,0
13.9801,5,0,0,0,0,0,0,0,0,0,0
14.0383,0,-1.32189,0.455192,4.08536,-0.0366704,0.12017,0.134598,0.539918,0,0,0
14.0383,1,1.14912,-1.15109,4.17208,-0.17589,-0.083858,0.0870696,0.628957,0,0,0
14.0383,2,1.14592,1.74435,5.13127,-0.209432,0.0719342,0.0904764,0.676041,0,0,0
14.0383,3,0,0,0,0,0,0,0,0,0,0
14.0383,4,0,0,0,0,0,0,0,0,0,0
14.0383,5,0,0,0,0,0,0,0,0,0,0
14.091,0,-1.32552,0.466712,4.09135,-0.0414531,0.14437,0.131253,0.538552,0,0,0
14.091,1,1.14995,-1.14702,4.1769,-0.145897,-0.0570039,0.0991516,0.623541,0,0,0
14.091,2,1.13761,1.7443,5.13664,-0.206302,0.0648885,0.0874329,0.676041,0,0,0
14.091,3,0,0,0,0,0,0,0,0,0,0
14.091,4,0,0,0,0,0,0,0,0,0,0
14.091,5,0,0,0,0,0,0,0,0,0,0
14.1488,0,-1.32772,0.47696,4.0984,-0.0399583,0.159673,0.12805,0.538552,0,0,0
14.1488,1,1.15189,-1.1441,4.18263,-0.115107,-0.0372267,0.106519,0.623541,0,0,0
14.1488,2,1.13007,1.74326,5.14177,-0.199488,0.0547623,0.0854112,0.669014,0,0,0
14.1488,3,0,0,0,0,0,0,0,0,0,0
14.1488,4,0,0,0,0,0,0,0,0,0,0
14.1488,5,0,0,0,0,0,0,0,0,0,0
14.1989,0,-1.33046,0.488794,4.10507,-0.03876,0.174447,0.125331,0.540236,0,0,0
14.1989,1,1.1561,-1.14007,4.18938,-0.0790419,-0.0159469,0.110256,0.621924,0,0,0
14.1989,2,1.12382,1.74117,5.14751,-0.190802,0.0421391,0.0836137,0.669014,0,0,0
14.1989,3,0,0,0,0,0,0,0,0,0,0
14.1989,4,0,0,0,0,0,0,0,0,0,0
14.1989,5,0,0,0,0,0,0,0,0,0,0
14.2493,0,-1.33188,0.498087,4.1111,-0.0355703,0.183544,0.12233,0.540236,0,0,0
14.2493,1,1.16174,-1.1361,4.19437,-0.0428133,0.00207411,0.10978,0.621924,0,0,0
14.2493,2,1.11937,1.73806,5.15194,-0.176293,0.0269062,0.0846919,0.669014,0,0,0
14.2493,3,0,0,0,0,0,0,0,0,0,0
14.2493,4,0,0,0,0,0,0,0,0,0,0
14.2493,5,0,0,0,0,0,0,0,0,0,0
14.3055,0,-1.33577,0.508854,4.11856,-0.0398368,0.193157,0.11886,0.541785,0,0,0
14.3055,1,1.16854,-1.13119,4.19942,-0.00722955,0.0210426,0.106839,0.626022,0,0,0
14.3055,2,1.1174,1.73575,5.15625,-0.154103,0.0156098,0.0865264,0.660517,0,0,0
14.3055,3,0,0,0,0,0,0,0,0,0,0
14.3055,4,0,0,0,0,0,0,0,0,0,0
14.3055,5,0,0,0,0,0,0,0,0,0,0
14.3567,0,-1.33818,0.517294,4.12437,-0.0396036,0.196475,0.111201,0.541785,0,0,0
14.3567,1,1.17834,-1.12448,4.20539,0.0331854,0.0429406,0.10116,0.626022,0,0,0
14.3567,2,1.11618,1.73039,5.16099,-0.132291,-0.00496445,0.0886864,0.65266,0,0,0
14.3567,3,0,0,0,0,0,0,0,0,0,0
14.3567,4,0,0,0,0,0,0,0,0,0,0
14.3567,5,0,0,0,0,0,0,0,0,0,0
14.4103,0,-1.3409,0.524849,4.1306,-0.0383051,0.196581,0.0949648,0.545523,0,0,0
14.4103,1,1.18768,-1.11888,4.21096,0.0667886,0.058553,0.0959689,0.630237,0,0,0
14.4103,2,1.10915,1.72949,5.16501,-0.133651,-0.00582932,0.088529,0.65266,0,0,0
14.4103,3,0,0,0,0,0,0,0,0,0,0
14.4103,4,0,0,0,0,0,0,0,0,0,0
14.4103,5,0,0,0,0,0,0,0,0,0,0
14.4634,0,-1.3409,0.524849,4.1306,-0.0383051,0.196581,0.0949648,0.545523,0,0,0
14.4634,1,1.19679,-1.11486,4.21655,0.0944683,0.0659511,0.0895484,0.630237,0,0,0
14.4634,2,1.11858,1.71812,5.16879,-0.0799517,-0.0428495,0.0918673,0.64268,0,0,0
14.4634,3,0,0,0,0,0,0,0,0,0,0
14.4634,4,0,0,0,0,0,0,0,0,0,0
14.4634,5,0,0,0,0,0,0,0,0,0,0
14.5161,0,-1.34266,0.53254,4.13546,-0.0352923,0.19069,0.0704812,0.548544,0,0,0
14.5161,1,1.20455,-1.11159,4.22105,0.113446,0.069775,0.0845616,0.639985,0,0,0
14.5161,2,1.1148,1.71585,5.17213,-0.0765883,-0.0430893,0.0915102,0.64268,0,0,0
14.5161,3,0,0,0,0,0,0,0,0,0,0
14.5161,4,0,0,0,0,0,0,0,0,0,0
14.5161,5,0,0,0,0,0,0,0,0,0,0
14.5663,0,-1.3449,0.538544,4.13951,-0.0343761,0.183329,0.0479374,0.548544,0,0,0
14.5663,1,1.21301,-1.10768,4.22539,0.130239,0.0752438,0.0804875,0.639985,0,0,0
14.5663,2,1.12909,1.70234,5.17836,-0.0123782,-0.084629,0.0937653,0.633029,0,0,0
14.5663,3,0,0,0,0,0,0,0,0,0,0
14.5663,4,0,0,0,0,0,0,0,0,0,0
14.5663,5,0,0,0,0,0,0,0,0,0,0
14.6221,0,-1.34739,0.543826,4.14144,-0.0340162,0.172197,0.0261972,0.553359,0,0,0
14.6221,1,1.21778,-1.10789,4.22985,0.132696,0.0663372,0.074622,0.653222,0,0,0
14.6221,2,1.13276,1.69655,5.18475,0.00687511,-0.0927272,0.0936715,0.633029,0,0,0
14.6221,3,0,0,0,0,0,0,0,0,0,0
14.6221,4,0,0,0,0,0,0,0,0,0,0
14.6221,5,0,0,0,0,0,0,0,0,0,0
14.6748,0,-1.3481,0.546755,4.14261,-0.0278742,0.156082,0.00864259,0.553359,0,0,0
14.6748,1,1.22097,-1.10844,4.23774,0.129955,0.0575954,0.0617912,0.653222,0,0,0
14.6748,2,1.13461,1.6931,5.18947,0.0160607,-0.0913065,0.0909237,0.627932,0,0,0
14.6748,3,0,0,0,0,0,0,0,0,0,0
14.6748,4,0,0,0,0,0,0,0,0,0,0
14.6748,5,0,0,0,0,0,0,0,0,0,0
14.7327,0,-1.3504,0.547315,4.14262,-0.0275155,0.134517,-0.00282224,0.785417,0,0,0
14.7327,1,1.22522,-1.10802,4.24029,0.129848,0.0531113,0.0446911,0.654613,0,0,0
14.7327,2,1.15422,1.67597,5.19481,0.0838165,-0.135239,0.0891474,0.627932,0,0,0
14.7327,3,0,0,0,0,0,0,0,0,0,0
14.7327,4,0,0,0,0,0,0,0,0,0,0
14.7327,5,0,0,0,0,0,0,0,0,0,0
14.7861,0,-1.3533,0.544244,4.142,-0.0291287,0.102882,-0.0116694,0.785417,0,0,0
14.7861,1,1.22219,-1.1127,4.2415,0.105086,0.0327586,0.0212263,0.654613,0,0,0
14.7861,2,1.17371,1.662,5.19919,0.145041,-0.162724,0.0838533,0.618954,0,0,0
14.7861,3,0,0,0,0,0,0,0,0,0,0
14.7861,4,0,0,0,0,0,0,0,0,0,0
14.7861,5,0,0,0,0,0,0,0,0,0,0
14.8428,0,-1.35435,0.540731,4.14045,-0.0238787,0.0729248,-0.0220121,0.787171,0,0,0
14.8428,1,1.2231,-1.11601,4.24104,0.0950036,0.0189538,0.000145633,0.656474,0,0,0
14.8428,2,1.18481,1.65077,5.20346,0.167771,-0.178952,0.0790565,0.618954,0,0,0
14.8428,3,0,0,0,0,0,0,0,0,0,0
14.8428,4,0,0,0,0,0,0,0,0,0,0
14.8428,5,0,0,0,0,0,0,0,0,0,0
14.893,0,-1.35992,0.540557,4.13918,-0.034943,0.0617004,-0.0180055,0.787171,0,0,0
14.893,1,1.21749,-1.12239,4.23986,0.0669976,-0.00215708,-0.0157236,0.656474,0,0,0
14.893,2,1.19274,1.64412,5.20729,0.173664,-0.174401,0.0743316,0.614182,0,0,0
14.893,3,0,0,0,0,0,0,0,0,0,0
14.893,4,0,0,0,0,0,0,0,0,0,0
14.893,5,0,0,0,0,0,0,0,0,0,0
14.951,0,-1.36066,0.523395,4.13782,-0.0280125,-0.00448894,-0.0174694,0.788032,0,0,0
14.951,1,1.21243,-1.12722,4.2386,0.043902,-0.01579,-0.0274536,0.653678,0,0,0
14.951,2,1.19898,1.63968,5.21158,0.172905,-0.16355,0.0704577,0.614182,0,0,0
14.951,3,0,0,0,0,0,0,0,0,0,0
14.951,4,0,0,0,0,0,0,0,0,0,0
14.951,5,0,0,0,0,0,0,0,0,0,0
15.0012,0,-1.36782,0.507597,4.13974,-0.0362013,-0.053239,0.0147606,0.788032,0,0,0
15.0012,1,1.19751,-1.13688,4.23656,-0.0086727,-0.0416414,-0.0353028,0.653678,0,0,0
15.0012,2,1.21206,1.62907,5.21613,0.197761,-0.177619,0.0622199,0.613195,0,0,0
15.0012,3,0,0,0,0,0,0,0,0,0,0
15.0012,4,0,0,0,0,0,0,0,0,0,0
15.0012,5,0,0,0,0,0,0,0,0,0,0
15.0541,0,-1.36782,0.507597,4.13974,-0.0362013,-0.053239,0.0147606,0.785592,0,0,0
15.0541,1,1.19057,-1.14569,4.23399,-0.0272717,-0.0622934,-0.0436301,0.644601,0,0,0
15.0541,2,1.21922,1.62376,5.22005,0.197094,-0.169558,0.0535717,0.613195,0,0,0
15.0541,3,0,0,0,0,0,0,0,0,0,0
15.0541,4,0,0,0,0,0,0,0,0,0,0
15.0541,5,0,0,0,0,0,0,0,0,0,0
15.1143,0,-1.36919,0.487283,4.14415,-0.0313738,-0.111679,0.048594,0.785592,0,0,0
15.1143,1,1.16978,-1.15769,4.23156,-0.088205,-0.0886348,-0.0443807,0.644601,0,0,0
15.1143,2,1.22826,1.61642,5.22447,0.201851,-0.168557,0.04564,0.613338,0,0,0
15.1143,3,0,0,0,0,0,0,0,0,0,0
15.1143,4,0,0,0,0,0,0,0,0,0,0
15.1143,5,0,0,0,0,0,0,0,0,0,0
15.1644,0,-1.3751,0.472773,4.15181,-0.0409741,-0.145874,0.0919901,0.771436,0,0,0
15.1644,1,1.15891,-1.16868,4.22948,-0.107431,-0.108745,-0.0508435,0.626483,0,0,0
15.1644,2,1.23428,1.61177,5.22856,0.195686,-0.158538,0.0415578,0.613338,0,0,0
15.1644,3,0,0,0,0,0,0,0,0,0,0
15.1644,4,0,0,0,0,0,0,0,0,0,0
15.1644,5,0,0,0,0,0,0,0,0,0,0
15.2172,0,-1.37975,0.459209,4.16019,-0.0463288,-0.175292,0.131125,0.771436,0,0,0
15.2172,1,1.13821,-1.18032,4.22726,-0.157635,-0.127906,-0.048529,0.626483,0,0,0
15.2172,2,1.23551,1.61126,5.23164,0.172546,-0.134233,0.0417531,0.613804,0,0,0
15.2172,3,0,0,0,0,0,0,0,0,0,0
15.2172,4,0,0,0,0,0,0,0,0,0,0
15.2172,5,0,0,0,0,0,0,0,0,0,0
15.2676,0,-1.38625,0.447002,4.16959,-0.0577749,-0.194725,0.175328,0.755674,0,0,0
15.2676,1,1.13285,-1.18568,4.22712,-0.175911,-0.146425,-0.0495115,0.613436,0,0,0
15.2676,2,1.23994,1.60686,5.23282,0.163078,-0.126168,0.0398805,0.613804,0,0,0
15.2676,3,0,0,0,0,0,0,0,0,0,0
15.2676,4,0,0,0,0,0,0,0,0,0,0
15.2676,5,0,0,0,0,0,0,0,0,0,0
15.3204,0,-1.39284,0.434757,4.17723,-0.0694568,-0.212098,0.194595,0.755674,0,0,0
15.3204,1,1.10627,-1.20508,4.22465,-0.211067,-0.166986,-0.0506329,0.613436,0,0,0
15.3204,2,1.23901,1.60667,5.23462,0.135021,-0.103502,0.0425037,0.613999,0,0,0
15.3204,3,0,0,0,0,0,0,0,0,0,0
15.3204,4,0,0,0,0,0,0,0,0,0,0
15.3204,5,0,0,0,0,0,0,0,0,0,0
15.3784,0,-1.3997,0.423472,4.17908,-0.0811957,-0.225291,0.21625,0.749739,0,0,0
15.3784,1,1.08872,-1.21679,4.22239,-0.237824,-0.180942,-0.0490718,0.595944,0,0,0
15.3784,2,1.23632,1.60775,5.23703,0.105235,-0.0802792,0.0457065,0.613999,0,0,0
15.3784,3,0,0,0,0,0,0,0,0,0,0
15.3784,4,0,0,0,0,0,0,0,0,0,0
15.3784,5,0,0,0,0,0,0,0,0,0,0
15.4341,0,-1.40663,0.414009,4.20624,-0.092258,-0.232422,0.250062,0.749739,0,0,0
15.4341,1,1.06655,-1.2299,4.21808,-0.276851,-0.196905,-0.0491606,0.595944,0,0,0
15.4341,2,1.24016,1.60254,5.23953,0.103869,-0.0836222,0.0448009,0.613311,0,0,0
15.4341,3,0,0,0,0,0,0,0,0,0,0
15.4341,4,0,0,0,0,0,0,0,0,0,0
15.4341,5,0,0,0,0,0,0,0,0,0,0
15.4852,0,-1.41495,0.403858,4.22241,-0.105085,-0.238537,0.276526,0.714686,0,0,0
15.4852,1,1.06655,-1.2299,4.21808,-0.276851,-0.196905,-0.0491606,0.587832,0,0,0
15.4852,2,1.22851,1.6112,5.24338,0.0492513,-0.0388228,0.0479489,0.613311,0,0,0
15.4852,3,0,0,0,0,0,0,0,0,0,0
15.4852,4,0,0,0,0,0,0,0,0,0,0
15.4852,5,0,0,0,0,0,0,0,0,0,0
15.5365,0,-1.42261,0.396736,4.23955,-0.116279,-0.236352,0.289184,0.714686,0,0,0
15.5365,1,1.05118,-1.23973,4.21628,-0.28899,-0.201159,-0.0442513,0.587832,0,0,0
15.5365,2,1.22888,1.60734,5.246,0.0437663,-0.0428191,0.046636,0.612678,0,0,0
15.5365,3,0,0,0,0,0,0,0,0,0,0
15.5365,4,0,0,0,0,0,0,0,0,0,0
15.5365,5,0,0,0,0,0,0,0,0,0,0
15.5868,0,-1.4322,0.390586,4.25662,-0.131593,-0.227436,0.29756,0.690653,0,0,0
15.5868,1,1.02153,-1.25901,4.21408,-0.302098,-0.205464,-0.0381789,0.57497,0,0,0
15.5868,2,1.21275,1.61637,5.24875,-0.0167433,-0.00349252,0.0458034,0.612678,0,0,0
15.5868,3,0,0,0,0,0,0,0,0,0,0
15.5868,4,0,0,0,0,0,0,0,0,0,0
15.5868,5,0,0,0,0,0,0,0,0,0,0
15.6406,0,-1.43751,0.389345,4.27154,-0.131534,-0.202928,0.302202,0.690653,0,0,0
15.6406,1,1.00694,-1.26736,4.21457,-0.305733,-0.202791,-0.0262823,0.57497,0,0,0
15.6406,2,1.19902,1.62486,5.2512,-0.0648436,0.0320616,0.0423588,0.608963,0,0,0
15.6406,3,0,0,0,0,0,0,0,0,0,0
15.6406,4,0,0,0,0,0,0,0,0,0,0
15.6406,5,0,0,0,0,0,0,0,0,0,0
15.6908,0,-1.44597,0.387993,4.2855,-0.142016,-0.17861,0.304362,0.67973,0,0,0
15.6908,1,0.994528,-1.27389,4.21654,-0.30301,-0.195446,-0.0105233,0.566365,0,0,0
15.6908,2,1.19525,1.62613,5.25332,-0.0697575,0.0351467,0.0399917,0.608963,0,0,0
15.6908,3,0,0,0,0,0,0,0,0,0,0
15.6908,4,0,0,0,0,0,0,0,0,0,0
15.6908,5,0,0,0,0,0,0,0,0,0,0
15.7464,0,-1.45177,0.391417,4.30112,-0.141151,-0.139941,0.305114,0.67973,0,0,0
15.7464,1,0.983138,-1.27968,4.21918,-0.298141,-0.187048,0.0103856,0.566365,0,0,0
15.7464,2,1.18297,1.62928,5.2558,-0.102114,0.0441206,0.03508,0.608404,0,0,0
15.7464,3,0,0,0,0,0,0,0,0,0,0
15.7464,4,0,0,0,0,0,0,0,0,0,0
15.7464,5,0,0,0,0,0,0,0,0,0,0
15.797,0,-1.45864,0.398071,4.3185,-0.145198,-0.0927746,0.302167,0.660593,0,0,0
15.797,1,0.972313,-1.28387,4.22317,-0.288637,-0.172116,0.0310058,0.562414,0,0,0
15.797,2,1.16869,1.63799,5.25751,-0.139988,0.0727025,0.0296217,0.608404,0,0,0
15.797,3,0,0,0,0,0,0,0,0,0,0
15.797,4,0,0,0,0,0,0,0,0,0,0
15.797,5,0,0,0,0,0,0,0,0,0,0
15.8474,0,-1.46304,0.403944,4.3294,-0.138718,-0.0543808,0.287352,0.660593,0,0,0
15.8474,1,0.968533,-1.28477,4.22278,-0.262768,-0.15191,0.0386903,0.562414,0,0,0
15.8474,2,1.15911,1.64186,5.26053,-0.153422,0.078511,0.0235353,0.605786,0,0,0
15.8474,3,0,0,0,0,0,0,0,0,0,0
15.8474,4,0,0,0,0,0,0,0,0,0,0
15.8474,5,0,0,0,0,0,0,0,0,0,0
15.9029,0,-1.46942,0.402485,4.34265,-0.139244,-0.0481371,0.292122,0.642489,0,0,0
15.9029,1,0.972089,-1.28219,4.22638,-0.21473,-0.122912,0.05279,0.555966,0,0,0
15.9029,2,1.14693,1.64432,5.2628,-0.172215,0.0782745,0.0151219,0.605786,0,0,0
15.9029,3,0,0,0,0,0,0,0,0,0,0
15.9029,4,0,0,0,0,0,0,0,0,0,0
15.9029,5,0,0,0,0,0,0,0,0,0,0
15.9582,0,-1.47131,0.418474,4.36172,-0.125202,0.0153162,0.286756,0.642489,0,0,0
15.9582,1,0.972276,-1.28155,4.23084,-0.181496,-0.102716,0.0621738,0.555966,0,0,0
15.9582,2,1.13681,1.64777,5.26377,-0.181859,0.080783,0.00806355,0.602189,0,0,0
15.9582,3,0,0,0,0,0,0,0,0,0,0
15.9582,4,0,0,0,0,0,0,0,0,0,0
15.9582,5,0,0,0,0,0,0,0,0,0,0
16.0161,0,-1.47967,0.431613,4.37334,-0.135935,0.0645877,0.26839,0.620703,0,0,0
16.0161,1,0.975853,-1.27875,4.23507,-0.139805,-0.0773277,0.0675578,0.553777,0,0,0
16.0161,2,1.13118,1.64742,5.2647,-0.174657,0.0689714,0.00561599,0.602189,0,0,0
16.0161,3,0,0,0,0,0,0,0,0,0,0
16.0161,4,0,0,0,0,0,0,0,0,0,0
16.0161,5,0,0,0,0,0,0,0,0,0,0
16.0726,0,-1.48521,0.441894,4.38645,-0.134086,0.0960007,0.259641,0.620703,0,0,0
16.0726,1,0.979022,-1.27816,4.24306,-0.104579,-0.0631151,0.0699206,0.553777,0,0,0
16.0726,2,1.12588,1.64626,5.26528,-0.165595,0.0556234,0.00547261,0.598389,0,0,0
16.0726,3,0,0,0,0,0,0,0,0,0,0
16.0726,4,0,0,0,0,0,0,0,0,0,0
16.0726,5,0,0,0,0,0,0,0,0,0,0
16.1229,0,-1.49179,0.4544,4.39959,-0.13725,0.131035,0.250173,0.610661,0,0,0
16.1229,1,0.9864,-1.27401,4.24619,-0.0600612,-0.038998,0.0670055,0.552524,0,0,0
16.1229,2,1.12371,1.6429,5.26488,-0.147428,0.0360585,0.00706204,0.598389,0,0,0
16.1229,3,0,0,0,0,0,0,0,0,0,0
16.1229,4,0,0,0,0,0,0,0,0,0,0
16.1229,5,0,0,0,0,0,0,0,0,0,0
16.1846,0,-1.49714,0.464705,4.41169,-0.134796,0.151703,0.242846,0.610661,0,0,0
16.1846,1,0.992815,-1.27239,4.24642,-0.0241976,-0.0264363,0.0600029,0.55654,0,0,0
16.1846,2,1.12354,1.63936,5.26574,-0.123839,0.0181942,0.00974957,0.591306,0,0,0
16.1846,3,0,0,0,0,0,0,0,0,0,0
16.1846,4,0,0,0,0,0,0,0,0,0,0
16.1846,5,0,0,0,0,0,0,0,0,0,0
16.2625,0,-1.50154,0.475494,4.42357,-0.129336,0.17044,0.23351,0.600989,0,0,0
16.2625,1,0.996482,-1.26893,4.24934,-0.00466618,-0.00937386,0.0553285,0.55654,0,0,0
16.2625,2,1.12608,1.6332,5.26658,-0.0943788,-0.0066674,0.0125236,0.591306,0,0,0
16.2625,3,0,0,0,0,0,0,0,0,0,0
16.2625,4,0,0,0,0,0,0,0,0,0,0
16.2625,5,0,0,0,0,0,0,0,0,0,0
16.3202,0,-1.50638,0.485206,4.43513,-0.125504,0.183112,0.229986,0.600989,0,0,0
16.3202,1,1.0083,-1.26609,4.25468,0.0394429,0.00252012,0.05155,0.56066,0,0,0
16.3202,2,1.12871,1.62795,5.26649,-0.0684818,-0.024422,0.0136732,0.584255,0,0,0
16.3202,3,0,0,0,0,0,0,0,0,0,0
16.3202,4,0,0,0,0,0,0,0,0,0,0
16.3202,5,0,0,0,0,0,0,0,0,0,0
16.3792,0,-1.51038,0.495007,4.44706,-0.116454,0.191641,0.203152,0.592522,0,0,0
16.3792,1,1.01597,-1.26309,4.25466,0.0642761,0.0137775,0.0472374,0.56066,0,0,0
16.3792,2,1.13147,1.62391,5.26483,-0.0467125,-0.0355912,0.0136919,0.584255,0,0,0
16.3792,3,0,0,0,0,0,0,0,0,0,0
16.3792,4,0,0,0,0,0,0,0,0,0,0
16.3792,5,0,0,0,0,0,0,0,0,0,0
16.4378,0,-1.51588,0.504665,4.45796,-0.116344,0.200869,0.199102,0.592522,0,0,0
16.4378,1,1.02109,-1.25981,4.25905,0.0770875,0.025669,0.0433108,0.564278,0,0,0
16.4378,2,1.12957,1.62254,5.26701,-0.0450085,-0.0344656,0.0121952,0.578133,0,0,0
16.4378,3,0,0,0,0,0,0,0,0,0,0
16.4378,4,0,0,0,0,0,0,0,0,0,0
16.4378,5,0,0,0,0,0,0,0,0,0,0
16.4905,0,-1.51753,0.510209,4.46881,-0.100768,0.195279,0.17179,0.586108,0,0,0
16.4905,1,1.02966,-1.25807,4.26135,0.10011,0.0295585,0.0404174,0.564278,0,0,0
16.4905,2,1.14096,1.60887,5.26794,-0.000904816,-0.0735941,0.0109256,0.578133,0,0,0
16.4905,3,0,0,0,0,0,0,0,0,0,0
16.4905,4,0,0,0,0,0,0,0,0,0,0
16.4905,5,0,0,0,0,0,0,0,0,0,0
16.5407,0,-1.52196,0.518232,4.47449,-0.0982992,0.198279,0.1428,0.581808,0,0,0
16.5407,1,1.03534,-1.25597,4.26304,0.10952,0.0350871,0.0356976,0.57101,0,0,0
16.5407,2,1.15131,1.60229,5.26989,0.0369735,-0.0887474,0.0153922,0.570352,0,0,0
16.5407,3,0,0,0,0,0,0,0,0,0,0
16.5407,4,0,0,0,0,0,0,0,0,0,0
16.5407,5,0,0,0,0,0,0,0,0,0,0
16.5908,0,-1.52395,0.519836,4.4805,-0.0863049,0.17498,0.11083,0.581808,0,0,0
16.5908,1,1.03839,-1.25364,4.26364,0.108484,0.0409075,0.0246249,0.57101,0,0,0
16.5908,2,1.15242,1.6034,5.27182,0.040916,-0.0850073,0.014684,0.570352,0,0,0
16.5908,3,0,0,0,0,0,0,0,0,0,0
16.5908,4,0,0,0,0,0,0,0,0,0,0
16.5908,5,0,0,0,0,0,0,0,0,0,0
16.641,0,-1.53061,0.52607,4.48801,-0.0906776,0.167725,0.0987911,0.581808,0,0,0
16.641,1,1.0453,-1.25107,4.26449,0.119645,0.045584,0.00819719,0.574713,0,0,0
16.641,2,1.17436,1.58215,5.27323,0.117542,-0.150857,0.0111895,0.572177,0,0,0
16.641,3,0,0,0,0,0,0,0,0,0,0
16.641,4,0,0,0,0,0,0,0,0,0,0
16.641,5,0,0,0,0,0,0,0,0,0,0
16.6916,0,-1.53436,0.525669,4.4921,-0.0852487,0.140115,0.0888359,0.580607,0,0,0
16.6916,1,1.04989,-1.24843,4.26473,0.119377,0.0497502,-0.0137143,0.574713,0,0,0
16.6916,2,1.18171,1.57727,5.27391,0.127812,-0.145717,0.00916049,0.572177,0,0,0
16.6916,3,0,0,0,0,0,0,0,0,0,0
16.6916,4,0,0,0,0,0,0,0,0,0,0
16.6916,5,0,0,0,0,0,0,0,0,0,0
16.7474,0,-1.53831,0.522002,4.49565,-0.0824361,0.10538,0.0820563,0.580607,0,0,0
16.7474,1,1.05109,-1.24778,4.26376,0.107798,0.0468548,-0.0290243,0.576967,0,0,0
16.7474,2,1.1914,1.56899,5.27452,0.14527,-0.153672,0.00654881,0.566392,0,0,0
16.7474,3,0,0,0,0,0,0,0,0,0,0
16.7474,4,0,0,0,0,0,0,0,0,0,0
16.7474,5,0,0,0,0,0,0,0,0,0,0
16.8012,0,-1.54207,0.517171,4.49916,-0.0795133,0.0713,0.085217,0.579951,0,0,0
16.8012,1,1.05181,-1.24661,4.26247,0.0961492,0.0462233,-0.0371703,0.576967,0,0,0
16.8012,2,1.19945,1.56106,5.27491,0.152873,-0.157443,0.00409916,0.566392,0,0,0
16.8012,3,0,0,0,0,0,0,0,0,0,0
16.8012,4,0,0,0,0,0,0,0,0,0,0
16.8012,5,0,0,0,0,0,0,0,0,0,0
16.8587,0,-1.54506,0.510219,4.50423,-0.073308,0.0334916,0.0821128,0.57637,0,0,0
16.8587,1,1.04883,-1.24797,4.26015,0.0734963,0.037403,-0.04429,0.576132,0,0,0
16.8587,2,1.20759,1.55698,5.27539,0.160487,-0.149346,0.00317087,0.563813,0,0,0
16.8587,3,0,0,0,0,0,0,0,0,0,0
16.8587,4,0,0,0,0,0,0,0,0,0,0
16.8587,5,0,0,0,0,0,0,0,0,0,0
16.9144,0,-1.55018,0.500039,4.50942,-0.0752873,-0.00962894,0.0876722,0.57637,0,0,0
16.9144,1,1.0467,-1.24733,4.25781,0.056347,0.0364108,-0.0486086,0.576132,0,0,0
16.9144,2,1.2124,1.5538,5.27591,0.154341,-0.137,0.00288754,0.563813,0,0,0
16.9144,3,0,0,0,0,0,0,0,0,0,0
16.9144,4,0,0,0,0,0,0,0,0,0,0
16.9144,5,0,0,0,0,0,0,0,0,0,0
16.9722,0,-1.55227,0.491704,4.51523,-0.0677251,-0.040242,0.0842462,0.570629,0,0,0
16.9722,1,1.03891,-1.25214,4.25619,0.0239505,0.018195,-0.0503152,0.572422,0,0,0
16.9722,2,1.22204,1.54581,5.27662,0.166985,-0.14443,0.00214137,0.566111,0,0,0
16.9722,3,0,0,0,0,0,0,0,0,0,0
16.9722,4,0,0,0,0,0,0,0,0,0,0
16.9722,5,0,0,0,0,0,0,0,0,0,0
17.0225,0,-1.55641,0.479585,4.52012,-0.0678671,-0.0796394,0.0857442,0.570629,0,0,0
17.0225,1,1.03064,-1.25377,4.25375,-0.00580078,0.0137861,-0.0514104,0.572422,0,0,0
17.0225,2,1.22609,1.54286,5.27774,0.155829,-0.130576,0.00240769,0.566111,0,0,0
17.0225,3,0,0,0,0,0,0,0,0,0,0
17.0225,4,0,0,0,0,0,0,0,0,0,0
17.0225,5,0,0,0,0,0,0,0,0,0,0
17.0731,0,-1.56011,0.46932,4.52497,-0.0673798,-0.106497,0.0856352,0.566339,0,0,0
17.0731,1,1.02058,-1.25823,4.25104,-0.0369729,0.000186925,-0.0522187,0.564552,0,0,0
17.0731,2,1.23306,1.53744,5.28081,0.157035,-0.128276,0.00361327,0.56675,0,0,0
17.0731,3,0,0,0,0,0,0,0,0,0,0
17.0731,4,0,0,0,0,0,0,0,0,0,0
17.0731,5,0,0,0,0,0,0,0,0,0,0
17.1233,0,-1.56414,0.457583,4.52966,-0.0668829,-0.132969,0.0850086,0.566339,0,0,0
17.1233,1,1.01079,-1.26564,4.24934,-0.0617017,-0.0224276,-0.0494954,0.564552,0,0,0
17.1233,2,1.2351,1.53601,5.28001,0.141061,-0.112167,0.00834288,0.56675,0,0,0
17.1233,3,0,0,0,0,0,0,0,0,0,0
17.1233,4,0,0,0,0,0,0,0,0,0,0
17.1233,5,0,0,0,0,0,0,0,0,0,0
17.1764,0,-1.56645,0.447563,4.53397,-0.0620589,-0.151097,0.085302,0.562531,0,0,0
17.1764,1,0.995388,-1.27099,4.24589,-0.103168,-0.0332596,-0.0496652,0.557375,0,0,0
17.1764,2,1.24106,1.5312,5.2807,0.140819,-0.110201,0.0117434,0.568004,0,0,0
17.1764,3,0,0,0,0,0,0,0,0,0,0
17.1764,4,0,0,0,0,0,0,0,0,0,0
17.1764,5,0,0,0,0,0,0,0,0,0,0
17.2291,0,-1.56946,0.435467,4.53931,-0.0598787,-0.173195,0.0846246,0.562531,0,0,0
17.2291,1,0.982826,-1.27837,4.24372,-0.130019,-0.0517909,-0.0489248,0.557375,0,0,0
17.2291,2,1.24139,1.53087,5.28166,0.120712,-0.0922394,0.0166737,0.568004,0,0,0
17.2291,3,0,0,0,0,0,0,0,0,0,0
17.2291,4,0,0,0,0,0,0,0,0,0,0
17.2291,5,0,0,0,0,0,0,0,0,0,0
17.2902,0,-1.57223,0.425358,4.54418,-0.0572222,-0.183527,0.0846798,0.558559,0,0,0
17.2902,1,0.967904,-1.28546,4.24109,-0.159061,-0.0655135,-0.0485319,0.551354,0,0,0
17.2902,2,1.24006,1.53148,5.28295,0.0973314,-0.0736396,0.0215842,0.568787,0,0,0
17.2902,3,0,0,0,0,0,0,0,0,0,0
17.2902,4,0,0,0,0,0,0,0,0,0,0
17.2902,5,0,0,0,0,0,0,0,0,0,0
17.3418,0,-1.57413,0.416338,4.54862,-0.0526638,-0.18958,0.0845752,0.558559,0,0,0
17.3418,1,0.954055,-1.29155,4.23902,-0.182705,-0.0749615,-0.0479742,0.551354,0,0,0
17.3418,2,1.23538,1.53506,5.28409,0.0645369,-0.0463978,0.0260256,0.568787,0,0,0
17.3418,3,0,0,0,0,0,0,0,0,0,0
17.3418,4,0,0,0,0,0,0,0,0,0,0
17.3418,5,0,0,0,0,0,0,0,0,0,0
17.3926,0,-1.57659,0.406995,4.55279,-0.0496925,-0.192036,0.0932231,0.555678,0,0,0
17.3926,1,0.941222,-1.29805,4.23662,-0.19772,-0.0842054,-0.0472858,0.547978,0,0,0
17.3926,2,1.23073,1.53765,5.28559,0.0366651,-0.026672,0.0276134,0.568626,0,0,0
17.3926,3,0,0,0,0,0,0,0,0,0,0
17.3926,4,0,0,0,0,0,0,0,0,0,0
17.3926,5,0,0,0,0,0,0,0,0,0,0
17.4529,0,-1.57787,0.39908,4.55822,-0.0446968,-0.193699,0.102565,0.555678,0,0,0
17.4529,1,0.929221,-1.30385,4.23441,-0.209147,-0.0904567,-0.0462642,0.547978,0,0,0
17.4529,2,1.22401,1.54203,5.28619,0.00508352,-0.0032126,0.0271178,0.568626,0,0,0
17.4529,3,0,0,0,0,0,0,0,0,0,0
17.4529,4,0,0,0,0,0,0,0,0,0,0
17.4529,5,0,0,0,0,0,0,0,0,0,0
17.5107,0,-1.57873,0.390731,4.56478,-0.0385198,-0.196932,0.10501,0.549865,0,0,0
17.5107,1,0.915949,-1.30986,4.23233,-0.221431,-0.0954525,-0.0447985,0.542316,0,0,0
17.5107,2,1.21618,1.547,5.28924,-0.025629,0.0188936,0.0275961,0.567191,0,0,0
17.5107,3,0,0,0,0,0,0,0,0,0,0
17.5107,4,0,0,0,0,0,0,0,0,0,0
17.5107,5,0,0,0,0,0,0,0,0,0,0
17.5637,0,-1.57963,0.38424,4.57166,-0.0338178,-0.194266,0.126603,0.549865,0,0,0
17.5637,1,0.903984,-1.31589,4.23027,-0.225487,-0.0994063,-0.042669,0.542316,0,0,0
17.5637,2,1.20647,1.5531,5.29104,-0.057892,0.0426368,0.0259652,0.567191,0,0,0
17.5637,3,0,0,0,0,0,0,0,0,0,0
17.5637,4,0,0,0,0,0,0,0,0,0,0
17.5637,5,0,0,0,0,0,0,0,0,0,0
17.6139,0,-1.58004,0.379232,4.58073,-0.0280007,-0.186162,0.133363,0.541912,0,0,0
17.6139,1,0.894928,-1.32025,4.22841,-0.222514,-0.0991072,-0.0402507,0.541443,0,0,0
17.6139,2,1.20647,1.5531,5.29104,-0.057892,0.0426368,0.0259652,0.566314,0,0,0
17.6139,3,0,0,0,0,0,0,0,0,0,0
17.6139,4,0,0,0,0,0,0,0,0,0,0
17.6139,5,0,0,0,0,0,0,0,0,0,0
17.6692,0,-1.58041,0.375619,4.58884,-0.0231353,-0.174125,0.145486,0.541912,0,0,0
17.6692,1,0.885249,-1.32409,4.22704,-0.221988,-0.0967065,-0.0340314,0.541443,0,0,0
17.6692,2,1.18799,1.56478,5.29373,-0.105988,0.0756787,0.0186044,0.566314,0,0,0
17.6692,3,0,0,0,0,0,0,0,0,0,0
17.6692,4,0,0,0,0,0,0,0,0,0,0
17.6692,5,0,0,0,0,0,0,0,0,0,0
17.7213,0,-1.58001,0.374455,4.59801,-0.0163326,-0.15496,0.155141,0.532692,0,0,0
17.7213,1,0.877948,-1.32789,4.2263,-0.213021,-0.0950574,-0.0262906,0.539725,0,0,0
17.7213,2,1.18044,1.56872,5.29479,-0.118428,0.0813463,0.0150787,0.565541,0,0,0
17.7213,3,0,0,0,0,0,0,0,0,0,0
17.7213,4,0,0,0,0,0,0,0,0,0,0
17.7213,5,0,0,0,0,0,0,0,0,0,0
17.7755,0,-1.5798,0.374766,4.59713,-0.0113251,-0.131849,0.16014,0.532692,0,0,0
17.7755,1,0.865112,-1.33137,4.22532,-0.224722,-0.0912677,-0.0152375,0.539725,0,0,0
17.7755,2,1.18044,1.56872,5.29479,-0.118428,0.0813463,0.0150787,0.565541,0,0,0
17.7755,3,0,0,0,0,0,0,0,0,0,0
17.7755,4,0,0,0,0,0,0,0,0,0,0
17.7755,5,0,0,0,0,0,0,0,0,0,0
17.8267,0,-1.57946,0.377594,4.60676,-0.00666228,-0.101337,0.164633,0.527726,0,0,0
17.8267,1,0.855721,-1.33501,4.2255,-0.222811,-0.0895392,-0.00539088,0.53697,0,0,0
17.8267,2,1.16146,1.57939,5.29634,-0.15013,0.0988682,0.00986187,0.563896,0,0,0
17.8267,3,0,0,0,0,0,0,0,0,0,0
17.8267,4,0,0,0,0,0,0,0,0,0,0
17.8267,5,0,0,0,0,0,0,0,0,0,0
17.8769,0,-1.57854,0.381725,4.61465,-0.000589258,-0.0699009,0.169678,0.527726,0,0,0
17.8769,1,0.848375,-1.33694,4.22652,-0.214474,-0.0823902,0.00510231,0.53697,0,0,0
17.8769,2,1.1531,1.58335,5.29686,-0.158227,0.100512,0.00537035,0.563896,0,0,0
17.8769,3,0,0,0,0,0,0,0,0,0,0
17.8769,4,0,0,0,0,0,0,0,0,0,0
17.8769,5,0,0,0,0,0,0,0,0,0,0
17.9324,0,-1.57877,0.387113,4.62282,0.000252751,-0.0380383,0.171165,0.519271,0,0,0
17.9324,1,0.842782,-1.33778,4.22816,-0.199534,-0.0718821,0.0150007,0.534164,0,0,0
17.9324,2,1.14511,1.58679,5.2977,-0.163443,0.0995888,-0.00288073,0.562988,0,0,0
17.9324,3,0,0,0,0,0,0,0,0,0,0
17.9324,4,0,0,0,0,0,0,0,0,0,0
17.9324,5,0,0,0,0,0,0,0,0,0,0
17.9889,0,-1.5774,0.394112,4.63178,0.00650638,-0.00441573,0.170946,0.519271,0,0,0
17.9889,1,0.840127,-1.33733,4.22997,-0.176354,-0.0585472,0.0229422,0.534164,0,0,0
17.9889,2,1.14014,1.5881,5.29865,-0.156567,0.0900665,-0.0131134,0.562988,0,0,0
17.9889,3,0,0,0,0,0,0,0,0,0,0
17.9889,4,0,0,0,0,0,0,0,0,0,0
17.9889,5,0,0,0,0,0,0,0,0,0,0
18.0441,0,-1.57882,0.404577,4.6411,0.00135826,0.0374538,0.169427,0.511411,0,0,0
18.0441,1,0.837534,-1.33666,4.23189,-0.15587,-0.0460353,0.0276864,0.53015,0,0,0
18.0441,2,1.13292,1.59162,5.29802,-0.158764,0.0900565,-0.0199499,0.561179,0,0,0
18.0441,3,0,0,0,0,0,0,0,0,0,0
18.0441,4,0,0,0,0,0,0,0,0,0,0
18.0441,5,0,0,0,0,0,0,0,0,0,0
18.0952,0,-1.57883,0.416314,4.65132,0.00189852,0.0762276,0.163084,0.511411,0,0,0
18.0952,1,0.83867,-1.33422,4.23432,-0.125296,-0.0298062,0.031038,0.53015,0,0,0
18.0952,2,1.12964,1.59124,5.29732,-0.145701,0.0752769,-0.024729,0.561179,0,0,0
18.0952,3,0,0,0,0,0,0,0,0,0,0
18.0952,4,0,0,0,0,0,0,0,0,0,0
18.0952,5,0,0,0,0,0,0,0,0,0,0
18.1563,0,-1.579,0.426658,4.65938,0.00177074,0.105113,0.155915,0.505245,0,0,0
18.1563,1,0.842177,-1.33084,4.23578,-0.0911732,-0.0127177,0.0326968,0.525666,0,0,0
18.1563,2,1.12412,1.59191,5.29622,-0.14258,0.0666341,-0.0296128,0.558492,0,0,0
18.1563,3,0,0,0,0,0,0,0,0,0,0
18.1563,4,0,0,0,0,0,0,0,0,0,0
18.1563,5,0,0,0,0,0,0,0,0,0,0
18.2117,0,-1.58018,0.438552,4.66792,-0.00227101,0.134955,0.149267,0.505245,0,0,0
18.2117,1,0.847118,-1.32817,4.23808,-0.0566,-0.000776358,0.0326216,0.525666,0,0,0
18.2117,2,1.12102,1.59047,5.2948,-0.129941,0.0511413,-0.0306164,0.558492,0,0,0
18.2117,3,0,0,0,0,0,0,0,0,0,0
18.2117,4,0,0,0,0,0,0,0,0,0,0
18.2117,5,0,0,0,0,0,0,0,0,0,0
18.2649,0,-1.58042,0.449311,4.6748,-0.00193193,0.154816,0.144958,0.503005,0,0,0
18.2649,1,0.852983,-1.32543,4.23989,-0.0239336,0.00943136,0.0313967,0.52292,0,0,0
18.2649,2,1.12097,1.58647,5.2933,-0.107986,0.0286119,-0.0291676,0.553192,0,0,0
18.2649,3,0,0,0,0,0,0,0,0,0,0
18.2649,4,0,0,0,0,0,0,0,0,0,0
18.2649,5,0,0,0,0,0,0,0,0,0,0
18.315,0,-1.5804,0.458086,4.68185,3.60253e-06,0.166213,0.136608,0.503005,0,0,0
18.315,1,0.859655,-1.32288,4.2413,0.00643846,0.0170217,0.0299653,0.52292,0,0,0
18.315,2,1.12097,1.58647,5.2933,-0.107986,0.0286119,-0.0291676,0.553192,0,0,0
18.315,3,0,0,0,0,0,0,0,0,0,0
18.315,4,0,0,0,0,0,0,0,0,0,0
18.315,5,0,0,0,0,0,0,0,0,0,0
18.3665,0,-1.58132,0.467883,4.6891,-0.00165781,0.180139,0.11909,0.501411,0,0,0
18.3665,1,0.870095,-1.31627,4.24243,0.0450022,0.0371898,0.0265826,0.523003,0,0,0
18.3665,2,1.12496,1.57876,5.29083,-0.0607762,-0.00659835,-0.0247932,0.547092,0,0,0
18.3665,3,0,0,0,0,0,0,0,0,0,0
18.3665,4,0,0,0,0,0,0,0,0,0,0
18.3665,5,0,0,0,0,0,0,0,0,0,0
18.4167,0,-1.58178,0.475712,4.69474,-0.00109115,0.18434,0.102093,0.501411,0,0,0
18.4167,1,0.878351,-1.31326,4.24372,0.071494,0.0430577,0.0247936,0.523003,0,0,0
18.4167,2,1.12496,1.57876,5.29083,-0.0607762,-0.00659835,-0.0247932,0.547092,0,0,0
18.4167,3,0,0,0,0,0,0,0,0,0,0
18.4167,4,0,0,0,0,0,0,0,0,0,0
18.4167,5,0,0,0,0,0,0,0,0,0,0
18.4796,0,-1.58329,0.484865,4.6982,-0.00375879,0.1904,0.0766253,0.503344,0,0,0
18.4796,1,0.889148,-1.30909,4.24518,0.10243,0.0514643,0.0224626,0.522967,0,0,0
18.4796,2,1.13542,1.56896,5.28894,-0.00540295,-0.0391734,-0.0210056,0.541564,0,0,0
18.4796,3,0,0,0,0,0,0,0,0,0,0
18.4796,4,0,0,0,0,0,0,0,0,0,0
18.4796,5,0,0,0,0,0,0,0,0,0,0
18.5339,0,-1.58477,0.492782,4.70323,-0.00675888,0.188458,0.0486693,0.503344,0,0,0
18.5339,1,0.898668,-1.30512,4.24631,0.123747,0.0581867,0.0209467,0.522967,0,0,0
18.5339,2,1.14703,1.55832,5.28796,0.039679,-0.0730891,-0.0193698,0.541564,0,0,0
18.5339,3,0,0,0,0,0,0,0,0,0,0
18.5339,4,0,0,0,0,0,0,0,0,0,0
18.5339,5,0,0,0,0,0,0,0,0,0,0
18.5917,0,-1.58677,0.49902,4.70626,-0.0112481,0.181681,0.0307132,0.504743,0,0,0
18.5917,1,0.907578,-1.3016,4.24748,0.140324,0.0627673,0.0190327,0.525795,0,0,0
18.5917,2,1.15681,1.54992,5.28619,0.0705057,-0.0928746,-0.020808,0.536954,0,0,0
18.5917,3,0,0,0,0,0,0,0,0,0,0
18.5917,4,0,0,0,0,0,0,0,0,0,0
18.5917,5,0,0,0,0,0,0,0,0,0,0
18.6471,0,-1.58867,0.502013,4.70796,-0.0140062,0.162772,0.0194451,0.504743,0,0,0
18.6471,1,0.915637,-1.29861,4.24839,0.151406,0.065084,0.0139855,0.525795,0,0,0
18.6471,2,1.166,1.54351,5.28534,0.0943935,-0.103168,-0.0211339,0.536954,0,0,0
18.6471,3,0,0,0,0,0,0,0,0,0,0
18.6471,4,0,0,0,0,0,0,0,0,0,0
18.6471,5,0,0,0,0,0,0,0,0,0,0
18.7,0,-1.59021,0.503634,4.70981,-0.0153403,0.143463,0.00757507,0.51015,0,0,0
18.7,1,0.923824,-1.29506,4.24928,0.160609,0.0687782,0.00383055,0.529101,0,0,0
18.7,2,1.1743,1.53928,5.28443,0.111171,-0.103696,-0.020514,0.534357,0,0,0
18.7,3,0,0,0,0,0,0,0,0,0,0
18.7,4,0,0,0,0,0,0,0,0,0,0
18.7,5,0,0,0,0,0,0,0,0,0,0
18.7512,0,-1.59117,0.502984,4.70898,-0.013401,0.119122,0.00859083,0.51015,0,0,0
18.7512,1,0.932091,-1.29163,4.25013,0.16506,0.0701208,-0.011886,0.529101,0,0,0
18.7512,2,1.18324,1.53273,5.28339,0.128238,-0.112112,-0.0220186,0.534357,0,0,0
18.7512,3,0,0,0,0,0,0,0,0,0,0
18.7512,4,0,0,0,0,0,0,0,0,0,0
18.7512,5,0,0,0,0,0,0,0,0,0,0
18.802,0,-1.59403,0.498473,4.70877,-0.0171947,0.0852239,0.00231776,0.511137,0,0,0
18.802,1,0.93799,-1.28901,4.24987,0.161,0.0689072,-0.0233683,0.532428,0,0,0
18.802,2,1.19455,1.52593,5.28356,0.147832,-0.117834,-0.021138,0.535111,0,0,0
18.802,3,0,0,0,0,0,0,0,0,0,0
18.802,4,0,0,0,0,0,0,0,0,0,0
18.802,5,0,0,0,0,0,0,0,0,0,0
18.8566,0,-1.59938,0.489748,4.70793,-0.0289802,0.0420704,0.00303246,0.511137,0,0,0
18.8566,1,0.942975,-1.28681,4.24867,0.154895,0.0667014,-0.0333258,0.532428,0,0,0
18.8566,2,1.20299,1.52062,5.28256,0.155859,-0.119182,-0.0217077,0.535111,0,0,0
18.8566,3,0,0,0,0,0,0,0,0,0,0
18.8566,4,0,0,0,0,0,0,0,0,0,0
18.8566,5,0,0,0,0,0,0,0,0,0,0
18.9068,0,-1.60361,0.489241,4.70862,-0.0369285,0.0342627,0.00827907,0.519421,0,0,0
18.9068,1,0.945148,-1.28583,4.24724,0.139923,0.0611138,-0.0402815,0.535403,0,0,0
18.9068,2,1.21035,1.51567,5.28058,0.159855,-0.118702,-0.0235665,0.537512,0,0,0
18.9068,3,0,0,0,0,0,0,0,0,0,0
18.9068,4,0,0,0,0,0,0,0,0,0,0
18.9068,5,0,0,0,0,0,0,0,0,0,0
18.9576,0,-1.60611,0.472352,4.70927,-0.0373773,-0.027732,0.00597635,0.519421,0,0,0
18.9576,1,0.94497,-1.28607,4.24542,0.120091,0.0529393,-0.0437235,0.535403,0,0,0
18.9576,2,1.21926,1.51073,5.28069,0.16844,-0.118446,-0.0214072,0.537512,0,0,0
18.9576,3,0,0,0,0,0,0,0,0,0,0
18.9576,4,0,0,0,0,0,0,0,0,0,0
18.9576,5,0,0,0,0,0,0,0,0,0,0
19.0138,0,-1.60894,0.461528,4.71176,-0.0385178,-0.0625664,0.00962557,0.518012,0,0,0
19.0138,1,0.942646,-1.28729,4.24309,0.0957907,0.0428319,-0.0449147,0.536797,0,0,0
19.0138,2,1.22736,1.5055,5.27996,0.172871,-0.118761,-0.0168539,0.53995,0,0,0
19.0138,3,0,0,0,0,0,0,0,0,0,0
19.0138,4,0,0,0,0,0,0,0,0,0,0
19.0138,5,0,0,0,0,0,0,0,0,0,0
19.0745,0,-1.61277,0.450557,4.71418,-0.0426699,-0.0916889,0.0123446,0.518012,0,0,0
19.0745,1,0.937205,-1.29104,4.24168,0.0643321,0.0254703,-0.044018,0.536797,0,0,0
19.0745,2,1.23485,1.50045,5.28008,0.174311,-0.118245,-0.013059,0.53995,0,0,0
19.0745,3,0,0,0,0,0,0,0,0,0,0
19.0745,4,0,0,0,0,0,0,0,0,0,0
19.0745,5,0,0,0,0,0,0,0,0,0,0
19.1246,0,-1.6166,0.439443,4.7157,-0.0471439,-0.118276,0.0162821,0.520765,0,0,0
19.1246,1,0.931609,-1.29362,4.23926,0.0360763,0.0141468,-0.0439924,0.536969,0,0,0
19.1246,2,1.24397,1.49354,5.28086,0.18277,-0.123951,-0.0069116,0.542681,0,0,0
19.1246,3,0,0,0,0,0,0,0,0,0,0
19.1246,4,0,0,0,0,0,0,0,0,0,0
19.1246,5,0,0,0,0,0,0,0,0,0,0
19.1813,0,-1.61935,0.430899,4.71688,-0.0478684,-0.131419,0.0128343,0.520765,0,0,0
19.1813,1,0.922958,-1.29754,4.23704,0.00163977,0.000423161,-0.0432,0.536969,0,0,0
19.1813,2,1.24712,1.49228,5.28291,0.166743,-0.108659,0.00069067,0.542681,0,0,0
19.1813,3,0,0,0,0,0,0,0,0,0,0
19.1813,4,0,0,0,0,0,0,0,0,0,0
19.1813,5,0,0,0,0,0,0,0,0,0,0
19.2398,0,-1.62169,0.418685,4.71782,-0.0461839,-0.155141,0.0156627,0.52202,0,0,0
19.2398,1,0.912878,-1.3019,4.2354,-0.031859,-0.0138609,-0.0421628,0.535116,0,0,0
19.2398,2,1.25958,1.48418,5.28383,0.163113,-0.104281,0.00943973,0.546168,0,0,0
19.2398,3,0,0,0,0,0,0,0,0,0,0
19.2398,4,0,0,0,0,0,0,0,0,0,0
19.2398,5,0,0,0,0,0,0,0,0,0,0
19.2926,0,-1.6246,0.409008,4.71877,-0.0476379,-0.167011,0.013229,0.52202,0,0,0
19.2926,1,0.904608,-1.30507,4.23347,-0.0551946,-0.0210346,-0.0422241,0.535116,0,0,0
19.2926,2,1.26046,1.48398,5.28326,0.144575,-0.0900443,0.0142014,0.546168,0,0,0
19.2926,3,0,0,0,0,0,0,0,0,0,0
19.2926,4,0,0,0,0,0,0,0,0,0,0
19.2926,5,0,0,0,0,0,0,0,0,0,0
19.3454,0,-1.62685,0.400194,4.71994,-0.047982,-0.175577,0.0181733,0.524556,0,0,0
19.3454,1,0.894768,-1.31168,4.2315,-0.0800451,-0.0391919,-0.0415585,0.532141,0,0,0
19.3454,2,1.25943,1.48524,5.28453,0.122074,-0.0728125,0.0201498,0.549998,0,0,0
19.3454,3,0,0,0,0,0,0,0,0,0,0
19.3454,4,0,0,0,0,0,0,0,0,0,0
19.3454,5,0,0,0,0,0,0,0,0,0,0
19.3964,0,-1.62844,0.393518,4.72164,-0.0456616,-0.174222,0.0243769,0.524556,0,0,0
19.3964,1,0.881623,-1.31711,4.22975,-0.112329,-0.0496372,-0.0415436,0.532141,0,0,0
19.3964,2,1.25743,1.48687,5.28539,0.098938,-0.0562685,0.0257502,0.549998,0,0,0
19.3964,3,0,0,0,0,0,0,0,0,0,0
19.3964,4,0,0,0,0,0,0,0,0,0,0
19.3964,5,0,0,0,0,0,0,0,0,0,0
19.4524,0,-1.62948,0.385146,4.72418,-0.0412847,-0.179,0.0276279,0.526607,0,0,0
19.4524,1,0.870333,-1.32286,4.22747,-0.134407,-0.0608552,-0.0412519,0.531427,0,0,0
19.4524,2,1.25397,1.48823,5.28692,0.0738898,-0.0422649,0.0288555,0.550382,0,0,0
19.4524,3,0,0,0,0,0,0,0,0,0,0
19.4524,4,0,0,0,0,0,0,0,0,0,0
19.4524,5,0,0,0,0,0,0,0,0,0,0
19.5031,0,-1.63045,0.379586,4.72736,-0.0381715,-0.173777,0.0409321,0.526607,0,0,0
19.5031,1,0.859867,-1.32781,4.22556,-0.150504,-0.0679317,-0.0410506,0.531427,0,0,0
19.5031,2,1.24198,1.49726,5.28699,0.028936,-0.00805148,0.0293934,0.550382,0,0,0
19.5031,3,0,0,0,0,0,0,0,0,0,0
19.5031,4,0,0,0,0,0,0,0,0,0,0
19.5031,5,0,0,0,0,0,0,0,0,0,0
19.5586,0,-1.63215,0.370685,4.72817,-0.0373613,-0.180245,0.0526727,0.52799,0,0,0
19.5586,1,0.850115,-1.3332,4.22353,-0.161828,-0.0759446,-0.0398822,0.531535,0,0,0
19.5586,2,1.24319,1.49679,5.29101,0.0273494,-0.00657406,0.0305084,0.547254,0,0,0
19.5586,3,0,0,0,0,0,0,0,0,0,0
19.5586,4,0,0,0,0,0,0,0,0,0,0
19.5586,5,0,0,0,0,0,0,0,0,0,0
19.6091,0,-1.63171,0.369036,4.73238,-0.0309528,-0.161486,0.0678887,0.52799,0,0,0
19.6091,1,0.839112,-1.33776,4.22175,-0.176082,-0.0797037,-0.0385379,0.531535,0,0,0
19.6091,2,1.22873,1.50803,5.29389,-0.0253229,0.033793,0.0308411,0.547254,0,0,0
19.6091,3,0,0,0,0,0,0,0,0,0,0
19.6091,4,0,0,0,0,0,0,0,0,0,0
19.6091,5,0,0,0,0,0,0,0,0,0,0
19.6624,0,-1.63071,0.363266,4.73623,-0.0227678,-0.160107,0.0808115,0.524533,0,0,0
19.6624,1,0.82881,-1.34278,4.22017,-0.18418,-0.0840441,-0.0366006,0.532429,0,0,0
19.6624,2,1.22873,1.50803,5.29389,-0.0253229,0.033793,0.0308411,0.548053,0,0,0
19.6624,3,0,0,0,0,0,0,0,0,0,0
19.6624,4,0,0,0,0,0,0,0,0,0,0
19.6624,5,0,0,0,0,0,0,0,0,0,0
19.7201,0,-1.62985,0.366773,4.74585,-0.0171056,-0.127217,0.0973918,0.524533,0,0,0
19.7201,1,0.819465,-1.34689,4.21825,-0.189399,-0.0855851,-0.0344503,0.532429,0,0,0
19.7201,2,1.21366,1.51934,5.29602,-0.07261,0.0684078,0.0268291,0.547215,0,0,0
19.7201,3,0,0,0,0,0,0,0,0,0,0
19.7201,4,0,0,0,0,0,0,0,0,0,0
19.7201,5,0,0,0,0,0,0,0,0,0,0
19.7735,0,-1.62747,0.369951,4.75064,-0.00697823,-0.0990818,0.108895,0.521167,0,0,0
19.7735,1,0.810082,-1.35105,4.21688,-0.193631,-0.0868658,-0.0307591,0.533913,0,0,0
19.7735,2,1.18976,1.53666,5.29842,-0.130161,0.11068,0.016507,0.547215,0,0,0
19.7735,3,0,0,0,0,0,0,0,0,0,0
19.7735,4,0,0,0,0,0,0,0,0,0,0
19.7735,5,0,0,0,0,0,0,0,0,0,0
19.8314,0,-1.62519,0.374778,4.75685,0.0019232,-0.0669733,0.112395,0.521167,0,0,0
19.8314,1,0.801415,-1.35449,4.21595,-0.193263,-0.0849872,-0.0229426,0.533913,0,0,0
19.8314,2,1.18536,1.53928,5.29843,-0.128941,0.106374,0.0137444,0.546456,0,0,0
19.8314,3,0,0,0,0,0,0,0,0,0,0
19.8314,4,0,0,0,0,0,0,0,0,0,0
19.8314,5,0,0,0,0,0,0,0,0,0,0
19.8971,0,-1.62424,0.380916,4.7624,0.00476291,-0.0339914,0.113168,0.513956,0,0,0
19.8971,1,0.794801,-1.35691,4.2151,-0.187284,-0.0808937,-0.0152903,0.535093,0,0,0
19.8971,2,1.17815,1.54251,5.29914,-0.134557,0.103538,0.0110906,0.546456,0,0,0
19.8971,3,0,0,0,0,0,0,0,0,0,0
19.8971,4,0,0,0,0,0,0,0,0,0,0
19.8971,5,0,0,0,0,0,0,0,0,0,0
19.9477,0,-1.62168,0.388077,4.76958,0.012938,-0.00183891,0.112515,0.513956,0,0,0
19.9477,1,0.785352,-1.35921,4.21603,-0.192155,-0.0762594,-0.0062287,0.535093,0,0,0
19.9477,2,1.17815,1.54251,5.29914,-0.134557,0.103538,0.0110906,0.54455,0,0,0
19.9477,3,0,0,0,0,0,0,0,0,0,0
19.9477,4,0,0,0,0,0,0,0,0,0,0
19.9477,5,0,0,0,0,0,0,0,0,0,0
20.0004,0,-1.62057,0.395992,4.77617,0.0145993,0.0283413,0.112887,0.50791,0,0,0
20.0004,1,0.778831,-1.36194,4.21622,-0.184662,-0.0740595,-0.000379906,0.534272,0,0,0
20.0004,2,1.16617,1.55088,5.3005,-0.156706,0.11829,0.0088589,0.54455,0,0,0
20.0004,3,0,0,0,0,0,0,0,0,0,0
20.0004,4,0,0,0,0,0,0,0,0,0,0
20.0004,5,0,0,0,0,0,0,0,0,0,0
20.0534,0,-1.61927,0.408348,4.78037,0.0154359,0.0697832,0.105918,0.50791,0,0,0
20.0534,1,0.777787,-1.36038,4.21657,-0.160335,-0.0584354,0.00825005,0.532953,0,0,0
20.0534,2,1.16125,1.55303,5.30076,-0.148699,0.106869,0.00314892,0.544099,0,0,0
20.0534,3,0,0,0,0,0,0,0,0,0,0
20.0534,4,0,0,0,0,0,0,0,0,0,0
20.0534,5,0,0,0,0,0,0,0,0,0,0
20.1062,0,-1.61807,0.418213,4.78514,0.0167106,0.0957211,0.105263,0.504353,0,0,0
20.1062,1,0.773623,-1.35917,4.2196,-0.1509,-0.0451779,0.0167432,0.532953,0,0,0
20.1062,2,1.15518,1.55643,5.30083,-0.146543,0.102111,-0.00422897,0.544099,0,0,0
20.1062,3,0,0,0,0,0,0,0,0,0,0
20.1062,4,0,0,0,0,0,0,0,0,0,0
20.1062,5,0,0,0,0,0,0,0,0,0,0
20.1614,0,-1.61608,0.429249,4.79048,0.0203683,0.122231,0.0994395,0.504353,0,0,0
20.1614,1,0.773564,-1.35737,4.21984,-0.127608,-0.0321298,0.0197476,0.532953,0,0,0
20.1614,2,1.14544,1.56172,5.30044,-0.157112,0.10489,-0.0208788,0.542807,0,0,0
20.1614,3,0,0,0,0,0,0,0,0,0,0
20.1614,4,0,0,0,0,0,0,0,0,0,0
20.1614,5,0,0,0,0,0,0,0,0,0,0
20.2141,0,-1.61444,0.440084,4.79498,0.0226751,0.143367,0.0966111,0.501242,0,0,0
20.2141,1,0.775398,-1.35509,4.22127,-0.0975216,-0.0188794,0.0228775,0.528044,0,0,0
20.2141,2,1.14123,1.56313,5.3004,-0.147081,0.0930797,-0.0261371,0.542807,0,0,0
20.2141,3,0,0,0,0,0,0,0,0,0,0
20.2141,4,0,0,0,0,0,0,0,0,0,0
20.2141,5,0,0,0,0,0,0,0,0,0,0
20.2681,0,-1.61281,0.449076,4.80055,0.0255549,0.155069,0.0940693,0.501242,0,0,0
20.2681,1,0.781368,-1.35028,4.22418,-0.0611055,-0.000265851,0.026505,0.522578,0,0,0
20.2681,2,1.13702,1.56392,5.29832,-0.137516,0.0802491,-0.0392936,0.539763,0,0,0
20.2681,3,0,0,0,0,0,0,0,0,0,0
20.2681,4,0,0,0,0,0,0,0,0,0,0
20.2681,5,0,0,0,0,0,0,0,0,0,0
20.3283,0,-1.6126,0.45839,4.80455,0.0230052,0.167095,0.0918761,0.498986,0,0,0
20.3283,1,0.786107,-1.34863,4.22528,-0.0330413,0.00520306,0.0262015,0.522578,0,0,0
20.3283,2,1.12949,1.56666,5.29624,-0.142427,0.0779493,-0.0471787,0.539763,0,0,0
20.3283,3,0,0,0,0,0,0,0,0,0,0
20.3283,4,0,0,0,0,0,0,0,0,0,0
20.3283,5,0,0,0,0,0,0,0,0,0,0
20.3785,0,-1.6122,0.469449,4.81046,0.0212015,0.183276,0.087651,0.498986,0,0,0
20.3785,1,0.794559,-1.34234,4.22571,0.00308261,0.0255432,0.0238225,0.519077,0,0,0
20.3785,2,1.12681,1.56548,5.29372,-0.127016,0.0602553,-0.0481178,0.534689,0,0,0
20.3785,3,0,0,0,0,0,0,0,0,0,0
20.3785,4,0,0,0,0,0,0,0,0,0,0
20.3785,5,0,0,0,0,0,0,0,0,0,0
20.4319,0,-1.61144,0.478783,4.81501,0.0213612,0.190632,0.0795005,0.500447,0,0,0
20.4319,1,0.803889,-1.3383,4.22808,0.0375851,0.0350357,0.0235733,0.519077,0,0,0
20.4319,2,1.12499,1.56288,5.29112,-0.112546,0.0412661,-0.0478143,0.534689,0,0,0
20.4319,3,0,0,0,0,0,0,0,0,0,0
20.4319,4,0,0,0,0,0,0,0,0,0,0
20.4319,5,0,0,0,0,0,0,0,0,0,0
20.4851,0,-1.61019,0.486658,4.81896,0.0237239,0.191863,0.0629956,0.500447,0,0,0
20.4851,1,0.812813,-1.33241,4.22918,0.0662245,0.050876,0.0209149,0.515523,0,0,0
20.4851,2,1.11913,1.56506,5.28927,-0.115919,0.0427293,-0.0489097,0.529375,0,0,0
20.4851,3,0,0,0,0,0,0,0,0,0,0
20.4851,4,0,0,0,0,0,0,0,0,0,0
20.4851,5,0,0,0,0,0,0,0,0,0,0
20.5355,0,-1.6107,0.497069,4.82223,0.0186351,0.198721,0.0385407,0.501017,0,0,0
20.5355,1,0.82356,-1.32823,4.22906,0.0973094,0.0580795,0.0174987,0.515523,0,0,0
20.5355,2,1.12579,1.55823,5.28781,-0.0770576,0.0120666,-0.0410115,0.529375,0,0,0
20.5355,3,0,0,0,0,0,0,0,0,0,0
20.5355,4,0,0,0,0,0,0,0,0,0,0
20.5355,5,0,0,0,0,0,0,0,0,0,0
20.5868,0,-1.61011,0.504661,4.82435,0.0185667,0.196241,0.0171269,0.501017,0,0,0
20.5868,1,0.834864,-1.3238,4.23002,0.125423,0.0649126,0.0158352,0.515523,0,0,0
20.5868,2,1.13698,1.54447,5.28603,-0.0224611,-0.0412312,-0.0341528,0.520113,0,0,0
20.5868,3,0,0,0,0,0,0,0,0,0,0
20.5868,4,0,0,0,0,0,0,0,0,0,0
20.5868,5,0,0,0,0,0,0,0,0,0,0
20.6407,0,-1.6106,0.510098,4.82435,0.014784,0.18411,-0.00548397,0.504682,0,0,0
20.6407,1,0.845232,-1.31914,4.23089,0.14587,0.0717746,0.0152378,0.516218,0,0,0
20.6407,2,1.14363,1.53788,5.28452,0.00648136,-0.060316,-0.0311471,0.520113,0,0,0
20.6407,3,0,0,0,0,0,0,0,0,0,0
20.6407,4,0,0,0,0,0,0,0,0,0,0
20.6407,5,0,0,0,0,0,0,0,0,0,0
20.691,0,-1.61144,0.51377,4.82435,0.0105445,0.168344,-0.0217471,0.504682,0,0,0
20.691,1,0.855149,-1.31473,4.23175,0.160605,0.0764146,0.0112233,0.516218,0,0,0
20.691,2,1.15187,1.53154,5.2822,0.0363,-0.0751605,-0.0311419,0.51637,0,0,0
20.691,3,0,0,0,0,0,0,0,0,0,0
20.691,4,0,0,0,0,0,0,0,0,0,0
20.691,5,0,0,0,0,0,0,0,0,0,0
20.7518,0,-1.61223,0.516159,4.82282,0.00730534,0.148067,-0.0309391,0.508376,0,0,0
20.7518,1,0.865724,-1.3103,4.23256,0.173732,0.0795931,0.00246342,0.516573,0,0,0
20.7518,2,1.16127,1.52399,5.28126,0.0655939,-0.0925788,-0.0282562,0.51637,0,0,0
20.7518,3,0,0,0,0,0,0,0,0,0,0
20.7518,4,0,0,0,0,0,0,0,0,0,0
20.7518,5,0,0,0,0,0,0,0,0,0,0
20.8073,0,-1.61486,0.514149,4.82106,-0.00101708,0.118175,-0.0359181,0.508376,0,0,0
20.8073,1,0.87457,-1.30602,4.23303,0.179492,0.082493,-0.00868149,0.517898,0,0,0
20.8073,2,1.16994,1.51871,5.28018,0.0878924,-0.0988566,-0.0271887,0.515822,0,0,0
20.8073,3,0,0,0,0,0,0,0,0,0,0
20.8073,4,0,0,0,0,0,0,0,0,0,0
20.8073,5,0,0,0,0,0,0,0,0,0,0
20.8675,0,-1.61821,0.509967,4.81899,-0.0108675,0.0841907,-0.035801,0.512093,0,0,0
20.8675,1,0.878943,-1.30408,4.23298,0.170037,0.0781973,-0.0179763,0.517898,0,0,0
20.8675,2,1.18256,1.50969,5.27902,0.121546,-0.118264,-0.0278506,0.515822,0,0,0
20.8675,3,0,0,0,0,0,0,0,0,0,0
20.8675,4,0,0,0,0,0,0,0,0,0,0
20.8675,5,0,0,0,0,0,0,0,0,0,0
20.9177,0,-1.61986,0.504984,4.81771,-0.0134901,0.0527014,-0.0346342,0.512093,0,0,0
20.9177,1,0.886287,-1.30125,4.23255,0.170083,0.0758467,-0.0280593,0.519856,0,0,0
20.9177,2,1.19052,1.50564,5.27778,0.130891,-0.114418,-0.0277856,0.517473,0,0,0
20.9177,3,0,0,0,0,0,0,0,0,0,0
20.9177,4,0,0,0,0,0,0,0,0,0,0
20.9177,5,0,0,0,0,0,0,0,0,0,0
20.9704,0,-1.62347,0.497919,4.81559,-0.0224027,0.018491,-0.0322307,0.51484,0,0,0
20.9704,1,0.890068,-1.29949,4.23041,0.158849,0.071374,-0.0345682,0.519856,0,0,0
20.9704,2,1.1999,1.50053,5.27652,0.144681,-0.115862,-0.0282146,0.517473,0,0,0
20.9704,3,0,0,0,0,0,0,0,0,0,0
20.9704,4,0,0,0,0,0,0,0,0,0,0
20.9704,5,0,0,0,0,0,0,0,0,0,0
21.0257,0,-1.62723,0.487507,4.81493,-0.0320071,-0.0205004,-0.0298959,0.51484,0,0,0
21.0257,1,0.893038,-1.29743,4.22932,0.143364,0.0675934,-0.0390516,0.521072,0,0,0
21.0257,2,1.21079,1.49491,5.27506,0.161517,-0.119082,-0.0284316,0.52164,0,0,0
21.0257,3,0,0,0,0,0,0,0,0,0,0
21.0257,4,0,0,0,0,0,0,0,0,0,0
21.0257,5,0,0,0,0,0,0,0,0,0,0
21.0795,0,-1.631,0.475761,4.81381,-0.0385181,-0.060359,-0.0276557,0.518174,0,0,0
21.0795,1,0.890405,-1.29951,4.22739,0.114717,0.052594,-0.038607,0.521072,0,0,0
21.0795,2,1.21962,1.49069,5.27378,0.168192,-0.116094,-0.0286864,0.52164,0,0,0
21.0795,3,0,0,0,0,0,0,0,0,0,0
21.0795,4,0,0,0,0,0,0,0,0,0,0
21.0795,5,0,0,0,0,0,0,0,0,0,0
21.1372,0,-1.63487,0.46606,4.81267,-0.0454779,-0.087515,-0.0267724,0.518174,0,0,0
21.1372,1,0.886837,-1.30138,4.22616,0.0864302,0.04016,-0.0377445,0.522024,0,0,0
21.1372,2,1.22646,1.48749,5.27265,0.167658,-0.110079,-0.0273546,0.526046,0,0,0
21.1372,3,0,0,0,0,0,0,0,0,0,0
21.1372,4,0,0,0,0,0,0,0,0,0,0
21.1372,5,0,0,0,0,0,0,0,0,0,0
21.1874,0,-1.63663,0.455123,4.81167,-0.0432398,-0.11452,-0.0256036,0.521673,0,0,0
21.1874,1,0.888684,-1.3022,4.22445,0.0807481,0.0322165,-0.0374435,0.522024,0,0,0
21.1874,2,1.2372,1.48169,5.27196,0.180035,-0.113933,-0.019392,0.526046,0,0,0
21.1874,3,0,0,0,0,0,0,0,0,0,0
21.1874,4,0,0,0,0,0,0,0,0,0,0
21.1874,5,0,0,0,0,0,0,0,0,0,0
21.2383,0,-1.63663,0.455123,4.81167,-0.0432398,-0.11452,-0.0256036,0.521673,0,0,0
21.2383,1,0.874732,-1.30647,4.22352,0.0246169,0.0164644,-0.0361179,0.521039,0,0,0
21.2383,2,1.24428,1.47819,5.27152,0.178615,-0.10901,-0.0120553,0.526046,0,0,0
21.2383,3,0,0,0,0,0,0,0,0,0,0
21.2383,4,0,0,0,0,0,0,0,0,0,0
21.2383,5,0,0,0,0,0,0,0,0,0,0
21.2886,0,-1.64345,0.434188,4.80971,-0.0513658,-0.155611,-0.0231384,0.525075,0,0,0
21.2886,1,0.865862,-1.31197,4.22174,-0.00866047,-0.00301951,-0.0356162,0.521039,0,0,0
21.2886,2,1.25037,1.47544,5.27285,0.173868,-0.102061,-0.00452258,0.531585,0,0,0
21.2886,3,0,0,0,0,0,0,0,0,0,0
21.2886,4,0,0,0,0,0,0,0,0,0,0
21.2886,5,0,0,0,0,0,0,0,0,0,0
21.3433,0,-1.64596,0.423884,4.80888,-0.0515867,-0.169699,-0.0215496,0.525075,0,0,0
21.3433,1,0.855943,-1.31724,4.21991,-0.0410925,-0.018992,-0.0340555,0.522461,0,0,0
21.3433,2,1.25314,1.47403,5.27482,0.158183,-0.0908893,0.00627705,0.535965,0,0,0
21.3433,3,0,0,0,0,0,0,0,0,0,0
21.3433,4,0,0,0,0,0,0,0,0,0,0
21.3433,5,0,0,0,0,0,0,0,0,0,0
21.3935,0,-1.64744,0.414711,4.80821,-0.0486606,-0.17871,-0.0202595,0.527406,0,0,0
21.3935,1,0.845709,-1.32153,4.21802,-0.0702062,-0.0295759,-0.0342611,0.522461,0,0,0
21.3935,2,1.25649,1.47263,5.27506,0.146579,-0.0814662,0.0130937,0.535965,0,0,0
21.3935,3,0,0,0,0,0,0,0,0,0,0
21.3935,4,0,0,0,0,0,0,0,0,0,0
21.3935,5,0,0,0,0,0,0,0,0,0,0
21.4436,0,-1.6498,0.404813,4.80735,-0.0490294,-0.188505,-0.017769,0.527406,0,0,0
21.4436,1,0.836307,-1.32586,4.21631,-0.0918256,-0.038868,-0.0339997,0.522602,0,0,0
21.4436,2,1.25799,1.4727,5.27586,0.128798,-0.0673597,0.022601,0.538825,0,0,0
21.4436,3,0,0,0,0,0,0,0,0,0,0
21.4436,4,0,0,0,0,0,0,0,0,0,0
21.4436,5,0,0,0,0,0,0,0,0,0,0
21.4989,0,-1.65294,0.385081,4.8066,-0.0451362,-0.203638,-0.0159416,0.529977,0,0,0
21.4989,1,0.824605,-1.3315,4.21468,-0.118343,-0.0509167,-0.0337006,0.522602,0,0,0
21.4989,2,1.25717,1.47478,5.27654,0.104714,-0.0475973,0.0283844,0.538825,0,0,0
21.4989,3,0,0,0,0,0,0,0,0,0,0
21.4989,4,0,0,0,0,0,0,0,0,0,0
21.4989,5,0,0,0,0,0,0,0,0,0,0
21.5493,0,-1.65375,0.376498,4.80627,-0.0412341,-0.204199,-0.0108099,0.529977,0,0,0
21.5493,1,0.814308,-1.33686,4.21255,-0.136573,-0.0610865,-0.0325406,0.524925,0,0,0
21.5493,2,1.25502,1.47589,5.27646,0.0794831,-0.0338213,0.032186,0.538964,0,0,0
21.5493,3,0,0,0,0,0,0,0,0,0,0
21.5493,4,0,0,0,0,0,0,0,0,0,0
21.5493,5,0,0,0,0,0,0,0,0,0,0
21.6072,0,-1.65201,0.379627,4.80655,-0.0355725,-0.193467,-0.000997044,0.532448,0,0,0
21.6072,1,0.804369,-1.34201,4.21141,-0.151078,-0.0693684,-0.0317205,0.524925,0,0,0
21.6072,2,1.24984,1.48029,5.27983,0.0470799,-0.0103926,0.0355929,0.538964,0,0,0
21.6072,3,0,0,0,0,0,0,0,0,0,0
21.6072,4,0,0,0,0,0,0,0,0,0,0
21.6072,5,0,0,0,0,0,0,0,0,0,0
21.6602,0,-1.65181,0.373129,4.80789,-0.0295255,-0.18905,0.0128444,0.532448,0,0,0
21.6602,1,0.795352,-1.3464,4.21007,-0.160506,-0.0741492,-0.0316005,0.526343,0,0,0
21.6602,2,1.24152,1.48748,5.28322,0.00733711,0.0200585,0.0364987,0.539224,0,0,0
21.6602,3,0,0,0,0,0,0,0,0,0,0
21.6602,4,0,0,0,0,0,0,0,0,0,0
21.6602,5,0,0,0,0,0,0,0,0,0,0
21.7161,0,-1.65116,0.367649,4.8096,-0.0227331,-0.181795,0.0277277,0.531075,0,0,0
21.7161,1,0.786779,-1.35047,4.20882,-0.167027,-0.0772504,-0.0296186,0.526343,0,0,0
21.7161,2,1.23515,1.49155,5.28484,-0.0189077,0.0344702,0.0337331,0.539224,0,0,0
21.7161,3,0,0,0,0,0,0,0,0,0,0
21.7161,4,0,0,0,0,0,0,0,0,0,0
21.7161,5,0,0,0,0,0,0,0,0,0,0
21.7694,0,-1.65065,0.355162,4.81227,-0.0144772,-0.17467,0.0458504,0.531075,0,0,0
21.7694,1,0.778606,-1.35421,4.20745,-0.171116,-0.078821,-0.0277217,0.529015,0,0,0
21.7694,2,1.22707,1.49765,5.28738,-0.047695,0.0539722,0.0296957,0.537766,0,0,0
21.7694,3,0,0,0,0,0,0,0,0,0,0
21.7694,4,0,0,0,0,0,0,0,0,0,0
21.7694,5,0,0,0,0,0,0,0,0,0,0
21.82,0,-1.64851,0.360298,4.81506,-0.00728165,-0.157434,0.0570822,0.530257,0,0,0
21.82,1,0.770768,-1.35763,4.20652,-0.173337,-0.0790872,-0.0193122,0.529015,0,0,0
21.82,2,1.21581,1.50734,5.28905,-0.0843818,0.0823181,0.0261923,0.537766,0,0,0
21.82,3,0,0,0,0,0,0,0,0,0,0
21.82,4,0,0,0,0,0,0,0,0,0,0
21.82,5,0,0,0,0,0,0,0,0,0,0
21.874,0,-1.64851,0.360298,4.81506,-0.00728165,-0.157434,0.0570822,0.530257,0,0,0
21.874,1,0.763367,-1.36058,4.20624,-0.173606,-0.0777048,-0.0121788,0.531569,0,0,0
21.874,2,1.20808,1.51174,5.29054,-0.100762,0.0873494,0.021291,0.536579,0,0,0
21.874,3,0,0,0,0,0,0,0,0,0,0
21.874,4,0,0,0,0,0,0,0,0,0,0
21.874,5,0,0,0,0,0,0,0,0,0,0
21.9269,0,-1.64492,0.361179,4.82261,0.00643836,-0.1099,0.0789837,0.524689,0,0,0
21.9269,1,0.758715,-1.36253,4.20664,-0.164412,-0.0737269,-0.00537686,0.531569,0,0,0
21.9269,2,1.19927,1.51794,5.29158,-0.116205,0.0958668,0.0182239,0.536579,0,0,0
21.9269,3,0,0,0,0,0,0,0,0,0,0
21.9269,4,0,0,0,0,0,0,0,0,0,0
21.9269,5,0,0,0,0,0,0,0,0,0,0
21.9777,0,-1.64276,0.364207,4.82645,0.0130597,-0.0817084,0.0843029,0.520148,0,0,0
21.9777,1,0.751476,-1.36376,4.20715,-0.16567,-0.0669835,0.0013254,0.532835,0,0,0
21.9777,2,1.19059,1.52383,5.29261,-0.130687,0.103761,0.0152224,0.535998,0,0,0
21.9777,3,0,0,0,0,0,0,0,0,0,0
21.9777,4,0,0,0,0,0,0,0,0,0,0
21.9777,5,0,0,0,0,0,0,0,0,0,0
22.0331,0,-1.63918,0.370547,4.8311,0.0235509,-0.0454948,0.0872486,0.520148,0,0,0
22.0331,1,0.747031,-1.36549,4.2081,-0.156683,-0.0634956,0.00453516,0.532835,0,0,0
22.0331,2,1.17947,1.53127,5.29347,-0.150796,0.114537,0.0123494,0.535998,0,0,0
22.0331,3,0,0,0,0,0,0,0,0,0,0
22.0331,4,0,0,0,0,0,0,0,0,0,0
22.0331,5,0,0,0,0,0,0,0,0,0,0
22.0909,0,-1.63824,0.378044,4.83632,0.0232288,-0.00930797,0.0888132,0.514708,0,0,0
22.0909,1,0.742632,-1.36476,4.20866,-0.14691,-0.0508268,0.0100844,0.532288,0,0,0
22.0909,2,1.17116,1.53671,5.2942,-0.159168,0.118193,0.0102449,0.534641,0,0,0
22.0909,3,0,0,0,0,0,0,0,0,0,0
22.0909,4,0,0,0,0,0,0,0,0,0,0
22.0909,5,0,0,0,0,0,0,0,0,0,0
22.1464,0,-1.63556,0.385706,4.84088,0.0292222,0.0216457,0.0873832,0.514708,0,0,0
22.1464,1,0.740599,-1.36372,4.20997,-0.131127,-0.0395256,0.0146799,0.532288,0,0,0
22.1464,2,1.16469,1.54007,5.29503,-0.159165,0.113237,0.00256145,0.534641,0,0,0
22.1464,3,0,0,0,0,0,0,0,0,0,0
22.1464,4,0,0,0,0,0,0,0,0,0,0
22.1464,5,0,0,0,0,0,0,0,0,0,0
22.197,0,-1.6336,0.394908,4.84555,0.0314794,0.0537642,0.0849029,0.509846,0,0,0
22.197,1,0.74153,-1.36155,4.2126,-0.10726,-0.0263143,0.0201641,0.528629,0,0,0
22.197,2,1.15738,1.54424,5.29551,-0.16196,0.111744,-0.00791081,0.533457,0,0,0
22.197,3,0,0,0,0,0,0,0,0,0,0
22.197,4,0,0,0,0,0,0,0,0,0,0
22.197,5,0,0,0,0,0,0,0,0,0,0
22.2511,0,-1.63276,0.405594,4.84984,0.0290535,0.0861555,0.0831638,0.509846,0,0,0
22.2511,1,0.744702,-1.35853,4.21361,-0.0793747,-0.0123842,0.0221633,0.528629,0,0,0
22.2511,2,1.14936,1.54835,5.29526,-0.166187,0.109854,-0.022404,0.533457,0,0,0
22.2511,3,0,0,0,0,0,0,0,0,0,0
22.2511,4,0,0,0,0,0,0,0,0,0,0
22.2511,5,0,0,0,0,0,0,0,0,0,0
22.302,0,-1.62777,0.421547,4.85395,0.0372896,0.117147,0.0785925,0.509303,0,0,0
22.302,1,0.750791,-1.35404,4.21471,-0.044876,0.00465305,0.0228161,0.523623,0,0,0
22.302,2,1.14057,1.55368,5.29448,-0.17262,0.112497,-0.0300905,0.531993,0,0,0
22.302,3,0,0,0,0,0,0,0,0,0,0
22.302,4,0,0,0,0,0,0,0,0,0,0
22.302,5,0,0,0,0,0,0,0,0,0,0
22.3573,0,-1.62882,0.427581,4.85787,0.0326842,0.139575,0.0754,0.509303,0,0,0
22.3573,1,0.757999,-1.34979,4.21641,-0.0103055,0.0185785,0.0219481,0.523623,0,0,0
22.3573,2,1.14294,1.55006,5.29376,-0.137417,0.0817674,-0.0393598,0.531993,0,0,0
22.3573,3,0,0,0,0,0,0,0,0,0,0
22.3573,4,0,0,0,0,0,0,0,0,0,0
22.3573,5,0,0,0,0,0,0,0,0,0,0
22.4075,0,-1.62823,0.441234,4.86195,0.0286903,0.165604,0.0720574,0.506841,0,0,0
22.4075,1,0.76752,-1.34541,4.21694,0.0268181,0.0303757,0.0202439,0.517942,0,0,0
22.4075,2,1.13702,1.55208,5.29142,-0.13643,0.0762096,-0.046544,0.527966,0,0,0
22.4075,3,0,0,0,0,0,0,0,0,0,0
22.4075,4,0,0,0,0,0,0,0,0,0,0
22.4075,5,0,0,0,0,0,0,0,0,0,0
22.4608,0,-1.62446,0.459765,4.86902,0.033666,0.184479,0.0650071,0.506841,0,0,0
22.4608,1,0.778213,-1.34009,4.21698,0.0624121,0.0438538,0.0171163,0.517942,0,0,0
22.4608,2,1.13474,1.55098,5.28858,-0.120578,0.0588557,-0.0486291,0.527966,0,0,0
22.4608,3,0,0,0,0,0,0,0,0,0,0
22.4608,4,0,0,0,0,0,0,0,0,0,0
22.4608,5,0,0,0,0,0,0,0,0,0,0
22.5199,0,-1.62517,0.460799,4.869,0.0311116,0.188853,0.0499654,0.506642,0,0,0
22.5199,1,0.7866,-1.33654,4.2179,0.0849368,0.04988,0.01542,0.514545,0,0,0
22.5199,2,1.13411,1.54956,5.28608,-0.103309,0.0438137,-0.0482825,0.52282,0,0,0
22.5199,3,0,0,0,0,0,0,0,0,0,0
22.5199,4,0,0,0,0,0,0,0,0,0,0
22.5199,5,0,0,0,0,0,0,0,0,0,0
22.57,0,-1.62517,0.460799,4.869,0.0311116,0.188853,0.0499654,0.506642,0,0,0
22.57,1,0.801019,-1.33128,4.21874,0.123247,0.058708,0.0138513,0.514545,0,0,0
22.57,2,1.13702,1.54389,5.28331,-0.075357,0.0155795,-0.0453968,0.52282,0,0,0
22.57,3,0,0,0,0,0,0,0,0,0,0
22.57,4,0,0,0,0,0,0,0,0,0,0
22.57,5,0,0,0,0,0,0,0,0,0,0
22.6207,0,-1.62391,0.478918,4.87339,0.0270972,0.198714,0.0175646,0.509622,0,0,0
22.6207,1,0.81192,-1.32716,4.2196,0.144406,0.0636717,0.0129379,0.513416,0,0,0
22.6207,2,1.14007,1.53949,5.28067,-0.0512245,-0.00385388,-0.0429019,0.516043,0,0,0
22.6207,3,0,0,0,0,0,0,0,0,0,0
22.6207,4,0,0,0,0,0,0,0,0,0,0
22.6207,5,0,0,0,0,0,0,0,0,0,0
22.6737,0,-1.62269,0.488828,4.87439,0.0275645,0.205117,0.00416137,0.509622,0,0,0
22.6737,1,0.822005,-1.32246,4.22034,0.160488,0.0707806,0.0116608,0.513416,0,0,0
22.6737,2,1.14696,1.53269,5.27833,-0.0169908,-0.0295553,-0.0385735,0.516043,0,0,0
22.6737,3,0,0,0,0,0,0,0,0,0,0
22.6737,4,0,0,0,0,0,0,0,0,0,0
22.6737,5,0,0,0,0,0,0,0,0,0,0
22.7305,0,-1.62352,0.50231,4.87343,0.0185882,0.192637,-0.0343761,0.512261,0,0,0
22.7305,1,0.833594,-1.31865,4.22184,0.179397,0.0733198,0.011893,0.512786,0,0,0
22.7305,2,1.15393,1.52731,5.2771,0.0120056,-0.0459542,-0.0358734,0.5135,0,0,0
22.7305,3,0,0,0,0,0,0,0,0,0,0
22.7305,4,0,0,0,0,0,0,0,0,0,0
22.7305,5,0,0,0,0,0,0,0,0,0,0
22.7899,0,-1.62366,0.4985,4.87142,0.0174353,0.152794,-0.042196,0.512261,0,0,0
22.7899,1,0.84375,-1.31453,4.22245,0.190192,0.0769344,0.00780328,0.512786,0,0,0
22.7899,2,1.16165,1.52159,5.27597,0.0393985,-0.0614456,-0.0344274,0.5135,0,0,0
22.7899,3,0,0,0,0,0,0,0,0,0,0
22.7899,4,0,0,0,0,0,0,0,0,0,0
22.7899,5,0,0,0,0,0,0,0,0,0,0
22.8401,0,-1.62366,0.4985,4.87142,0.0174353,0.152794,-0.042196,0.513736,0,0,0
22.8401,1,0.854118,-1.31075,4.22278,0.19991,0.0788062,-0.000209122,0.514111,0,0,0
22.8401,2,1.1686,1.51727,5.2743,0.0596895,-0.0692366,-0.0344062,0.512097,0,0,0
22.8401,3,0,0,0,0,0,0,0,0,0,0
22.8401,4,0,0,0,0,0,0,0,0,0,0
22.8401,5,0,0,0,0,0,0,0,0,0,0
22.8903,0,-1.62612,0.495131,4.86663,0.00860891,0.0986527,-0.048599,0.513736,0,0,0
22.8903,1,0.854118,-1.31075,4.22278,0.19991,0.0788062,-0.000209122,0.514111,0,0,0
22.8903,2,1.17563,1.51278,5.27254,0.0763864,-0.0751918,-0.0340619,0.512097,0,0,0
22.8903,3,0,0,0,0,0,0,0,0,0,0
22.8903,4,0,0,0,0,0,0,0,0,0,0
22.8903,5,0,0,0,0,0,0,0,0,0,0
22.9435,0,-1.63051,0.495449,4.86443,-0.00580115,0.0867648,-0.0497611,0.51539,0,0,0
22.9435,1,0.860233,-1.30665,4.22348,0.192533,0.0822778,-0.0167185,0.514406,0,0,0
22.9435,2,1.18776,1.50454,5.27127,0.110118,-0.0956351,-0.0337253,0.513094,0,0,0
22.9435,3,0,0,0,0,0,0,0,0,0,0
22.9435,4,0,0,0,0,0,0,0,0,0,0
22.9435,5,0,0,0,0,0,0,0,0,0,0
23.0004,0,-1.63213,0.488103,4.86191,-0.00889462,0.0517284,-0.0477598,0.51539,0,0,0
23.0004,1,0.868682,-1.30437,4.22289,0.194577,0.0781056,-0.0236143,0.514406,0,0,0
23.0004,2,1.19466,1.49984,5.26969,0.119501,-0.0991232,-0.0351574,0.513094,0,0,0
23.0004,3,0,0,0,0,0,0,0,0,0,0
23.0004,4,0,0,0,0,0,0,0,0,0,0
23.0004,5,0,0,0,0,0,0,0,0,0,0
23.0616,0,-1.63559,0.477296,4.86005,-0.0202067,0.0144202,-0.045191,0.519755,0,0,0
23.0616,1,0.874339,-1.3021,4.22193,0.18563,0.0745595,-0.0321656,0.517704,0,0,0
23.0616,2,1.20233,1.49603,5.26791,0.129762,-0.0990798,-0.0342697,0.513443,0,0,0
23.0616,3,0,0,0,0,0,0,0,0,0,0
23.0616,4,0,0,0,0,0,0,0,0,0,0
23.0616,5,0,0,0,0,0,0,0,0,0,0
23.1172,0,-1.63738,0.468509,4.85806,-0.0224074,-0.0202914,-0.043024,0.519755,0,0,0
23.1172,1,0.886895,-1.29795,4.21914,0.154407,0.05987,-0.036807,0.517704,0,0,0
23.1172,2,1.21186,1.49147,5.26622,0.14417,-0.101023,-0.0340043,0.513443,0,0,0
23.1172,3,0,0,0,0,0,0,0,0,0,0
23.1172,4,0,0,0,0,0,0,0,0,0,0
23.1172,5,0,0,0,0,0,0,0,0,0,0
23.1786,0,-1.64299,0.456603,4.85632,-0.0333235,-0.0545455,-0.0408311,0.521122,0,0,0
23.1786,1,0.884865,-1.29937,4.21787,0.127934,0.0481176,-0.0368193,0.521311,0,0,0
23.1786,2,1.22524,1.4831,5.26485,0.171763,-0.117302,-0.0337968,0.517416,0,0,0
23.1786,3,0,0,0,0,0,0,0,0,0,0
23.1786,4,0,0,0,0,0,0,0,0,0,0
23.1786,5,0,0,0,0,0,0,0,0,0,0
23.2364,0,-1.64532,0.444143,4.85457,-0.0355848,-0.0882103,-0.0389467,0.521122,0,0,0
23.2364,1,0.875544,-1.30362,4.21622,0.0950835,0.0340536,-0.0352837,0.52125,0,0,0
23.2364,2,1.23366,1.47849,5.26329,0.176703,-0.116444,-0.0308128,0.517416,0,0,0
23.2364,3,0,0,0,0,0,0,0,0,0,0
23.2364,4,0,0,0,0,0,0,0,0,0,0
23.2364,5,0,0,0,0,0,0,0,0,0,0
23.2891,0,-1.64607,0.432466,4.85251,-0.0322966,-0.115908,-0.0377456,0.525292,0,0,0
23.2891,1,0.871412,-1.30556,4.2146,0.0650153,0.0223847,-0.0339967,0.52125,0,0,0
23.2891,2,1.2415,1.47387,5.26275,0.177277,-0.114484,-0.027418,0.522221,0,0,0
23.2891,3,0,0,0,0,0,0,0,0,0,0
23.2891,4,0,0,0,0,0,0,0,0,0,0
23.2891,5,0,0,0,0,0,0,0,0,0,0
23.3394,0,-1.64887,0.420687,4.85081,-0.0351745,-0.140478,-0.0360493,0.525292,0,0,0
23.3394,1,0.866235,-1.3097,4.21312,0.0303667,0.00364467,-0.0331544,0.522846,0,0,0
23.3394,2,1.24621,1.4715,5.26232,0.165168,-0.103453,-0.0188502,0.522221,0,0,0
23.3394,3,0,0,0,0,0,0,0,0,0,0
23.3394,4,0,0,0,0,0,0,0,0,0,0
23.3394,5,0,0,0,0,0,0,0,0,0,0
23.3905,0,-1.65236,0.411792,4.84921,-0.0414432,-0.151687,-0.0352497,0.526411,0,0,0
23.3905,1,0.856251,-1.31365,4.21129,-0.00470823,-0.00928053,-0.0331528,0.522846,0,0,0
23.3905,2,1.25393,1.46663,5.26343,0.167781,-0.104817,-0.0044793,0.526034,0,0,0
23.3905,3,0,0,0,0,0,0,0,0,0,0
23.3905,4,0,0,0,0,0,0,0,0,0,0
23.3905,5,0,0,0,0,0,0,0,0,0,0
23.4406,0,-1.65343,0.401623,4.84779,-0.0386097,-0.165645,-0.033446,0.526411,0,0,0
23.4406,1,0.845324,-1.31948,4.21063,-0.0396749,-0.0253672,-0.0308203,0.522202,0,0,0
23.4406,2,1.25981,1.46304,5.26433,0.164529,-0.102033,0.00756403,0.526034,0,0,0
23.4406,3,0,0,0,0,0,0,0,0,0,0
23.4406,4,0,0,0,0,0,0,0,0,0,0
23.4406,5,0,0,0,0,0,0,0,0,0,0
23.4915,0,-1.65503,0.393066,4.84626,-0.0379987,-0.172287,-0.0313307,0.529804,0,0,0
23.4915,1,0.845324,-1.31948,4.21063,-0.0396749,-0.0253672,-0.0308203,0.522202,0,0,0
23.4915,2,1.26333,1.46124,5.26632,0.151713,-0.0921396,0.018022,0.530818,0,0,0
23.4915,3,0,0,0,0,0,0,0,0,0,0
23.4915,4,0,0,0,0,0,0,0,0,0,0
23.4915,5,0,0,0,0,0,0,0,0,0,0
23.5503,0,-1.65729,0.383592,4.84508,-0.0397779,-0.179867,-0.027112,0.529804,0,0,0
23.5503,1,0.826302,-1.32843,4.207,-0.096146,-0.0503842,-0.0322796,0.522219,0,0,0
23.5503,2,1.26435,1.46146,5.26681,0.130246,-0.0753654,0.026447,0.530818,0,0,0
23.5503,3,0,0,0,0,0,0,0,0,0,0
23.5503,4,0,0,0,0,0,0,0,0,0,0
23.5503,5,0,0,0,0,0,0,0,0,0,0
23.6031,0,-1.65676,0.377887,4.84444,-0.0328028,-0.175239,-0.0147664,0.533202,0,0,0
23.6031,1,0.816084,-1.33361,4.20559,-0.117993,-0.0608215,-0.0305524,0.522219,0,0,0
23.6031,2,1.26363,1.46258,5.26761,0.106363,-0.0580509,0.0335027,0.533769,0,0,0
23.6031,3,0,0,0,0,0,0,0,0,0,0
23.6031,4,0,0,0,0,0,0,0,0,0,0
23.6031,5,0,0,0,0,0,0,0,0,0,0
23.6532,0,-1.65707,0.371267,4.84463,-0.0292423,-0.171585,0.000919037,0.533202,0,0,0
23.6532,1,0.798643,-1.34258,4.20446,-0.144568,-0.0740611,-0.0297758,0.524914,0,0,0
23.6532,2,1.25924,1.46649,5.26986,0.0722017,-0.0327052,0.039419,0.533769,0,0,0
23.6532,3,0,0,0,0,0,0,0,0,0,0
23.6532,4,0,0,0,0,0,0,0,0,0,0
23.6532,5,0,0,0,0,0,0,0,0,0,0
23.7033,0,-1.6574,0.362967,4.84561,-0.0262729,-0.174904,0.0139158,0.532954,0,0,0
23.7033,1,0.78788,-1.34682,4.20314,-0.161176,-0.0782355,-0.0303069,0.524914,0,0,0
23.7033,2,1.25455,1.47127,5.27197,0.0421471,-0.00826289,0.0415828,0.534077,0,0,0
23.7033,3,0,0,0,0,0,0,0,0,0,0
23.7033,4,0,0,0,0,0,0,0,0,0,0
23.7033,5,0,0,0,0,0,0,0,0,0,0
23.7591,0,-1.65616,0.358198,4.84801,-0.0193229,-0.169085,0.0293027,0.532954,0,0,0
23.7591,1,0.786819,-1.34807,4.20188,-0.164761,-0.0825497,-0.0284606,0.5279,0,0,0
23.7591,2,1.25135,1.47257,5.27472,0.022315,-5.8801e-05,0.0408449,0.534077,0,0,0
23.7591,3,0,0,0,0,0,0,0,0,0,0
23.7591,4,0,0,0,0,0,0,0,0,0,0
23.7591,5,0,0,0,0,0,0,0,0,0,0
23.8106,0,-1.65385,0.35597,4.85091,-0.0100672,-0.15553,0.044908,0.532113,0,0,0
23.8106,1,0.77685,-1.3523,4.20024,-0.175655,-0.0850898,-0.0281517,0.5279,0,0,0
23.8106,2,1.24017,1.48247,5.2768,-0.024513,0.0387429,0.0381656,0.53372,0,0,0
23.8106,3,0,0,0,0,0,0,0,0,0,0
23.8106,4,0,0,0,0,0,0,0,0,0,0
23.8106,5,0,0,0,0,0,0,0,0,0,0
23.8607,0,-1.6519,0.360504,4.85388,-0.00356517,-0.118166,0.0588507,0.532113,0,0,0
23.8607,1,0.768198,-1.35626,4.19965,-0.181348,-0.0869717,-0.0241818,0.530486,0,0,0
23.8607,2,1.23016,1.49048,5.2799,-0.0596854,0.0646205,0.0358446,0.53372,0,0,0
23.8607,3,0,0,0,0,0,0,0,0,0,0
23.8607,4,0,0,0,0,0,0,0,0,0,0
23.8607,5,0,0,0,0,0,0,0,0,0,0
23.9135,0,-1.64957,0.363392,4.85704,0.00336766,-0.0918295,0.066242,0.52752,0,0,0
23.9135,1,0.750525,-1.36432,4.19832,-0.191027,-0.0902872,-0.0235539,0.530486,0,0,0
23.9135,2,1.22156,1.49764,5.28196,-0.0831214,0.0820889,0.0315669,0.532639,0,0,0
23.9135,3,0,0,0,0,0,0,0,0,0,0
23.9135,4,0,0,0,0,0,0,0,0,0,0
23.9135,5,0,0,0,0,0,0,0,0,0,0
23.9665,0,-1.645,0.363162,4.86053,0.0175583,-0.0798306,0.0702113,0.52752,0,0,0
23.9665,1,0.742012,-1.36777,4.19769,-0.192539,-0.0892454,-0.0194625,0.535164,0,0,0
23.9665,2,1.21382,1.50266,5.28367,-0.100371,0.0899949,0.0265839,0.532639,0,0,0
23.9665,3,0,0,0,0,0,0,0,0,0,0
23.9665,4,0,0,0,0,0,0,0,0,0,0
23.9665,5,0,0,0,0,0,0,0,0,0,0
24.0253,0,-1.6445,0.374672,4.86441,0.0153757,-0.0294933,0.0747122,0.520332,0,0,0
24.0253,1,0.745271,-1.36606,4.19769,-0.181079,-0.0836041,-0.0152381,0.535164,0,0,0
24.0253,2,1.20323,1.51094,5.28511,-0.125624,0.108437,0.0224375,0.531601,0,0,0
24.0253,3,0,0,0,0,0,0,0,0,0,0
24.0253,4,0,0,0,0,0,0,0,0,0,0
24.0253,5,0,0,0,0,0,0,0,0,0,0
24.0812,0,-1.64169,0.382825,4.86844,0.0201509,0.00365553,0.0756552,0.520332,0,0,0
24.0812,1,0.7371,-1.36857,4.19817,-0.182452,-0.0798575,-0.00454596,0.535768,0,0,0
24.0812,2,1.19425,1.51714,5.28635,-0.138856,0.114442,0.0187585,0.53078,0,0,0
24.0812,3,0,0,0,0,0,0,0,0,0,0
24.0812,4,0,0,0,0,0,0,0,0,0,0
24.0812,5,0,0,0,0,0,0,0,0,0,0
24.1315,0,-1.63639,0.387495,4.87248,0.0345665,0.0197926,0.0734596,0.516787,0,0,0
24.1315,1,0.729943,-1.37027,4.19876,-0.178307,-0.073071,-0.00114636,0.535768,0,0,0
24.1315,2,1.18447,1.52471,5.28735,-0.153788,0.125114,0.0155972,0.53078,0,0,0
24.1315,3,0,0,0,0,0,0,0,0,0,0
24.1315,4,0,0,0,0,0,0,0,0,0,0
24.1315,5,0,0,0,0,0,0,0,0,0,0
24.1868,0,-1.6368,0.403311,4.87637,0.0270092,0.0715435,0.0718636,0.516787,0,0,0
24.1868,1,0.725771,-1.37106,4.19977,-0.167099,-0.065592,0.00523474,0.536065,0,0,0
24.1868,2,1.17612,1.52999,5.28843,-0.161743,0.126464,0.00750607,0.53047,0,0,0
24.1868,3,0,0,0,0,0,0,0,0,0,0
24.1868,4,0,0,0,0,0,0,0,0,0,0
24.1868,5,0,0,0,0,0,0,0,0,0,0
24.2433,0,-1.63215,0.410342,4.87961,0.0383438,0.0864228,0.0695155,0.512581,0,0,0
24.2433,1,0.722712,-1.37062,4.20071,-0.152851,-0.054777,0.00929706,0.536065,0,0,0
24.2433,2,1.171,1.53263,5.28925,-0.156364,0.117131,-0.00282612,0.53047,0,0,0
24.2433,3,0,0,0,0,0,0,0,0,0,0
24.2433,4,0,0,0,0,0,0,0,0,0,0
24.2433,5,0,0,0,0,0,0,0,0,0,0
24.2965,0,-1.63219,0.424734,4.88321,0.0320175,0.123331,0.0662751,0.512581,0,0,0
24.2965,1,0.720813,-1.36901,4.20192,-0.137186,-0.0410484,0.0137682,0.534384,0,0,0
24.2965,2,1.16379,1.53746,5.28963,-0.159195,0.116926,-0.013976,0.529747,0,0,0
24.2965,3,0,0,0,0,0,0,0,0,0,0
24.2965,4,0,0,0,0,0,0,0,0,0,0
24.2965,5,0,0,0,0,0,0,0,0,0,0
24.3543,0,-1.62817,0.433679,4.88667,0.0404873,0.136629,0.0640098,0.509692,0,0,0
24.3543,1,0.719965,-1.36819,4.20339,-0.100901,-0.027793,0.0179122,0.534384,0,0,0
24.3543,2,1.15532,1.54139,5.28817,-0.163773,0.11225,-0.030892,0.529747,0,0,0
24.3543,3,0,0,0,0,0,0,0,0,0,0
24.3543,4,0,0,0,0,0,0,0,0,0,0
24.3543,5,0,0,0,0,0,0,0,0,0,0
24.4116,0,-1.62712,0.444462,4.89012,0.0383562,0.153906,0.0618564,0.509692,0,0,0
24.4116,1,0.720288,-1.36425,4.20433,-0.085986,-0.0115339,0.0188375,0.530761,0,0,0
24.4116,2,1.14891,1.54425,5.28745,-0.161159,0.104636,-0.0434119,0.526486,0,0,0
24.4116,3,0,0,0,0,0,0,0,0,0,0
24.4116,4,0,0,0,0,0,0,0,0,0,0
24.4116,5,0,0,0,0,0,0,0,0,0,0
24.4646,0,-1.62472,0.454327,4.89196,0.0408276,0.16567,0.059701,0.50713,0,0,0
24.4646,1,0.731999,-1.36022,4.20563,-0.0342363,0.00186683,0.0206312,0.530761,0,0,0
24.4646,2,1.14511,1.54521,5.28582,-0.149415,0.091235,-0.0478219,0.526486,0,0,0
24.4646,3,0,0,0,0,0,0,0,0,0,0
24.4646,4,0,0,0,0,0,0,0,0,0,0
24.4646,5,0,0,0,0,0,0,0,0,0,0
24.5175,0,-1.62549,0.467516,4.89591,0.0319828,0.185748,0.0508422,0.50713,0,0,0
24.5175,1,0.740142,-1.35599,4.20664,-4.28532e-05,0.0146638,0.020748,0.524954,0,0,0
24.5175,2,1.14275,1.54446,5.28343,-0.132818,0.073081,-0.0507459,0.524783,0,0,0
24.5175,3,0,0,0,0,0,0,0,0,0,0
24.5175,4,0,0,0,0,0,0,0,0,0,0
24.5175,5,0,0,0,0,0,0,0,0,0,0
24.5778,0,-1.62301,0.477793,4.89921,0.0358241,0.195484,0.0384724,0.509396,0,0,0
24.5778,1,0.750359,-1.35069,4.20775,0.0361217,0.0288036,0.0194493,0.524954,0,0,0
24.5778,2,1.14222,1.54257,5.2807,-0.110596,0.0526518,-0.0500376,0.524783,0,0,0
24.5778,3,0,0,0,0,0,0,0,0,0,0
24.5778,4,0,0,0,0,0,0,0,0,0,0
24.5778,5,0,0,0,0,0,0,0,0,0,0
24.633,0,-1.62244,0.486712,4.9013,0.0331484,0.199379,0.0175746,0.510506,0,0,0
24.633,1,0.76131,-1.34541,4.20888,0.0695268,0.0409843,0.0185407,0.519588,0,0,0
24.633,2,1.14422,1.53886,5.27864,-0.0844423,0.0296252,-0.047614,0.517068,0,0,0
24.633,3,0,0,0,0,0,0,0,0,0,0
24.633,4,0,0,0,0,0,0,0,0,0,0
24.633,5,0,0,0,0,0,0,0,0,0,0
24.6891,0,-1.62287,0.49104,4.90215,0.0275284,0.186529,-0.00215649,0.510506,0,0,0
24.6891,1,0.769779,-1.33844,4.20997,0.0891682,0.0580425,0.0174253,0.519588,0,0,0
24.6891,2,1.1477,1.53466,5.27638,-0.0571196,0.008407,-0.0445782,0.517068,0,0,0
24.6891,3,0,0,0,0,0,0,0,0,0,0
24.6891,4,0,0,0,0,0,0,0,0,0,0
24.6891,5,0,0,0,0,0,0,0,0,0,0
24.7393,0,-1.62269,0.496928,4.90181,0.0240985,0.178181,-0.0260417,0.513113,0,0,0
24.7393,1,0.784462,-1.33479,4.21062,0.12742,0.0619899,0.0144519,0.512811,0,0,0
24.7393,2,1.15375,1.52862,5.27452,-0.0244943,-0.0163513,-0.0413629,0.5128,0,0,0
24.7393,3,0,0,0,0,0,0,0,0,0,0
24.7393,4,0,0,0,0,0,0,0,0,0,0
24.7393,5,0,0,0,0,0,0,0,0,0,0
24.7895,0,-1.62209,0.501798,4.90019,0.0230389,0.167365,-0.0410368,0.513113,0,0,0
24.7895,1,0.795887,-1.32978,4.21151,0.149088,0.0691182,0.0136154,0.512811,0,0,0
24.7895,2,1.16027,1.52323,5.27253,0.00417404,-0.0351713,-0.0391391,0.5128,0,0,0
24.7895,3,0,0,0,0,0,0,0,0,0,0
24.7895,4,0,0,0,0,0,0,0,0,0,0
24.7895,5,0,0,0,0,0,0,0,0,0,0
24.8398,0,-1.62227,0.503833,4.89782,0.0200622,0.147328,-0.0516348,0.514195,0,0,0
24.8398,1,0.807963,-1.32521,4.21236,0.170746,0.0739673,0.0122356,0.5126,0,0,0
24.8398,2,1.16775,1.51765,5.27072,0.0319159,-0.0518972,-0.0373859,0.510992,0,0,0
24.8398,3,0,0,0,0,0,0,0,0,0,0
24.8398,4,0,0,0,0,0,0,0,0,0,0
24.8398,5,0,0,0,0,0,0,0,0,0,0
24.8955,0,-1.62489,0.507835,4.89519,0.0093298,0.13953,-0.060928,0.514195,0,0,0
24.8955,1,0.819148,-1.31993,4.21289,0.183503,0.0801144,0.00756327,0.5126,0,0,0
24.8955,2,1.17456,1.51347,5.26891,0.0522946,-0.0600095,-0.0364134,0.510992,0,0,0
24.8955,3,0,0,0,0,0,0,0,0,0,0
24.8955,4,0,0,0,0,0,0,0,0,0,0
24.8955,5,0,0,0,0,0,0,0,0,0,0
24.946,0,-1.6259,0.499387,4.8916,0.00686338,0.0895814,-0.0601268,0.516383,0,0,0
24.946,1,0.82866,-1.31588,4.2138,0.19106,0.0825034,-0.000662641,0.511798,0,0,0
24.946,2,1.18432,1.50627,5.26716,0.0811793,-0.0789388,-0.0359066,0.51113,0,0,0
24.946,3,0,0,0,0,0,0,0,0,0,0
24.946,4,0,0,0,0,0,0,0,0,0,0
24.946,5,0,0,0,0,0,0,0,0,0,0
25.0019,0,-1.62857,0.493298,4.88878,-0.00104485,0.055993,-0.0591555,0.516383,0,0,0
25.0019,1,0.83618,-1.31316,4.2139,0.189929,0.0800416,-0.012129,0.511798,0,0,0
25.0019,2,1.19193,1.50245,5.26555,0.0973929,-0.082351,-0.0356581,0.51113,0,0,0
25.0019,3,0,0,0,0,0,0,0,0,0,0
25.0019,4,0,0,0,0,0,0,0,0,0,0
25.0019,5,0,0,0,0,0,0,0,0,0,0
25.0575,0,-1.63312,0.49195,4.88584,-0.0149709,0.0437246,-0.0573948,0.521514,0,0,0
25.0575,1,0.846125,-1.30885,4.21383,0.197289,0.0832315,-0.0215783,0.512384,0,0,0
25.0575,2,1.20039,1.49668,5.26387,0.114498,-0.0921476,-0.0356004,0.512517,0,0,0
25.0575,3,0,0,0,0,0,0,0,0,0,0
25.0575,4,0,0,0,0,0,0,0,0,0,0
25.0575,5,0,0,0,0,0,0,0,0,0,0
25.108,0,-1.63544,0.483311,4.88357,-0.019341,0.0096458,-0.0549637,0.521514,0,0,0
25.108,1,0.849247,-1.3076,4.21309,0.181158,0.0761001,-0.0266832,0.512384,0,0,0
25.108,2,1.20647,1.4943,5.26225,0.119853,-0.0878161,-0.0350851,0.512517,0,0,0
25.108,3,0,0,0,0,0,0,0,0,0,0
25.108,4,0,0,0,0,0,0,0,0,0,0
25.108,5,0,0,0,0,0,0,0,0,0,0
25.163,0,-1.63747,0.466891,4.88109,-0.0201247,-0.0464728,-0.0507314,0.520682,0,0,0
25.163,1,0.852943,-1.30608,4.21232,0.167501,0.0706149,-0.0307167,0.513462,0,0,0
25.163,2,1.21529,1.48925,5.26061,0.134659,-0.0938014,-0.034514,0.51659,0,0,0
25.163,3,0,0,0,0,0,0,0,0,0,0
25.163,4,0,0,0,0,0,0,0,0,0,0
25.163,5,0,0,0,0,0,0,0,0,0,0
25.2157,0,-1.64102,0.46334,4.87881,-0.0323685,-0.0581603,-0.0491909,0.520682,0,0,0
25.2157,1,0.855504,-1.30452,4.21119,0.152095,0.0666355,-0.0324328,0.513462,0,0,0
25.2157,2,1.22843,1.48091,5.25889,0.161759,-0.110268,-0.0320008,0.51659,0,0,0
25.2157,3,0,0,0,0,0,0,0,0,0,0
25.2157,4,0,0,0,0,0,0,0,0,0,0
25.2157,5,0,0,0,0,0,0,0,0,0,0
25.271,0,-1.64406,0.452964,4.87619,-0.0374116,-0.087623,-0.0482436,0.52488,0,0,0
25.271,1,0.853336,-1.30648,4.20986,0.121205,0.0511176,-0.0317601,0.514251,0,0,0
25.271,2,1.23685,1.47647,5.25802,0.168302,-0.109967,-0.0246388,0.51915,0,0,0
25.271,3,0,0,0,0,0,0,0,0,0,0
25.271,4,0,0,0,0,0,0,0,0,0,0
25.271,5,0,0,0,0,0,0,0,0,0,0
25.329,0,-1.64622,0.441561,4.87433,-0.0387451,-0.117073,-0.0455851,0.52488,0,0,0
25.329,1,0.850106,-1.30837,4.20857,0.0925228,0.0386355,-0.0304506,0.514251,0,0,0
25.329,2,1.24637,1.47097,5.25775,0.176697,-0.113831,-0.0177287,0.51915,0,0,0
25.329,3,0,0,0,0,0,0,0,0,0,0
25.329,4,0,0,0,0,0,0,0,0,0,0
25.329,5,0,0,0,0,0,0,0,0,0,0
25.3792,0,-1.64977,0.421704,4.87219,-0.0382014,-0.147661,-0.0442085,0.526853,0,0,0
25.3792,1,0.84511,-1.31102,4.20746,0.0611725,0.0250847,-0.0290998,0.515927,0,0,0
25.3792,2,1.25243,1.46752,5.25812,0.167608,-0.105965,-0.00650549,0.524626,0,0,0
25.3792,3,0,0,0,0,0,0,0,0,0,0
25.3792,4,0,0,0,0,0,0,0,0,0,0
25.3792,5,0,0,0,0,0,0,0,0,0,0
25.439,0,-1.65317,0.413472,4.87008,-0.0439592,-0.156036,-0.0438358,0.526853,0,0,0
25.439,1,0.840255,-1.31272,4.2064,0.0349508,0.0168367,-0.028215,0.515927,0,0,0
25.439,2,1.25739,1.46452,5.2595,0.161082,-0.100924,0.00508865,0.524626,0,0,0
25.439,3,0,0,0,0,0,0,0,0,0,0
25.439,4,0,0,0,0,0,0,0,0,0,0
25.439,5,0,0,0,0,0,0,0,0,0,0
25.4892,0,-1.65423,0.402574,4.86817,-0.0400066,-0.172839,-0.041758,0.529994,0,0,0
25.4892,1,0.829388,-1.31899,4.20543,-0.00686616,-0.00451616,-0.0274833,0.516099,0,0,0
25.4892,2,1.26118,1.46254,5.26139,0.151287,-0.0929922,0.0176136,0.528761,0,0,0
25.4892,3,0,0,0,0,0,0,0,0,0,0
25.4892,4,0,0,0,0,0,0,0,0,0,0
25.4892,5,0,0,0,0,0,0,0,0,0,0
25.5399,0,-1.65751,0.39249,4.86635,-0.0450273,-0.183676,-0.040354,0.529994,0,0,0
25.5399,1,0.819562,-1.32453,4.20409,-0.0403388,-0.021829,-0.0271414,0.516099,0,0,0
25.5399,2,1.2623,1.46242,5.26207,0.132676,-0.078954,0.0266795,0.528761,0,0,0
25.5399,3,0,0,0,0,0,0,0,0,0,0
25.5399,4,0,0,0,0,0,0,0,0,0,0
25.5399,5,0,0,0,0,0,0,0,0,0,0
25.5963,0,-1.65862,0.383665,4.86481,-0.0425643,-0.189005,-0.0400502,0.533786,0,0,0
25.5963,1,0.811176,-1.3293,4.20277,-0.0647085,-0.0350542,-0.0274009,0.518785,0,0,0
25.5963,2,1.26197,1.46304,5.26321,0.111176,-0.0638562,0.0336162,0.531638,0,0,0
25.5963,3,0,0,0,0,0,0,0,0,0,0
25.5963,4,0,0,0,0,0,0,0,0,0,0
25.5963,5,0,0,0,0,0,0,0,0,0,0
25.6503,0,-1.65827,0.377297,4.86411,-0.0356599,-0.185961,-0.0215454,0.533786,0,0,0
25.6503,1,0.803607,-1.33224,4.20169,-0.0829205,-0.0400478,-0.0276478,0.518785,0,0,0
25.6503,2,1.25867,1.46654,5.26491,0.0812091,-0.0400588,0.0401702,0.531638,0,0,0
25.6503,3,0,0,0,0,0,0,0,0,0,0
25.6503,4,0,0,0,0,0,0,0,0,0,0
25.6503,5,0,0,0,0,0,0,0,0,0,0
25.7056,0,-1.659,0.371442,4.86421,-0.0336204,-0.180299,-0.0116787,0.534116,0,0,0
25.7056,1,0.791969,-1.33828,4.20008,-0.111045,-0.0537926,-0.0273025,0.52058,0,0,0
25.7056,2,1.25494,1.46937,5.26788,0.0539472,-0.0219457,0.0431703,0.532378,0,0,0
25.7056,3,0,0,0,0,0,0,0,0,0,0
25.7056,4,0,0,0,0,0,0,0,0,0,0
25.7056,5,0,0,0,0,0,0,0,0,0,0
25.7626,0,-1.65831,0.365338,4.86479,-0.027103,-0.177418,0.0090429,0.534116,0,0,0
25.7626,1,0.782992,-1.34355,4.19894,-0.126376,-0.0640861,-0.0266305,0.524884,0,0,0
25.7626,2,1.24807,1.47535,5.2707,0.0182634,0.00531826,0.0440495,0.532378,0,0,0
25.7626,3,0,0,0,0,0,0,0,0,0,0
25.7626,4,0,0,0,0,0,0,0,0,0,0
25.7626,5,0,0,0,0,0,0,0,0,0,0
25.8203,0,-1.65755,0.361606,4.86628,-0.021675,-0.166666,0.0247625,0.532791,0,0,0
25.8203,1,0.772799,-1.34736,4.19754,-0.143587,-0.0671767,-0.0256463,0.524884,0,0,0
25.8203,2,1.2401,1.483,5.27307,-0.0158722,0.0347198,0.0426932,0.532125,0,0,0
25.8203,3,0,0,0,0,0,0,0,0,0,0
25.8203,4,0,0,0,0,0,0,0,0,0,0
25.8203,5,0,0,0,0,0,0,0,0,0,0
25.8757,0,-1.65626,0.3598,4.86867,-0.0153527,-0.150777,0.0383883,0.532791,0,0,0
25.8757,1,0.763627,-1.35205,4.1964,-0.154866,-0.073624,-0.0243387,0.527917,0,0,0
25.8757,2,1.2364,1.48494,5.27514,-0.0282816,0.0382396,0.0394126,0.532125,0,0,0
25.8757,3,0,0,0,0,0,0,0,0,0,0
25.8757,4,0,0,0,0,0,0,0,0,0,0
25.8757,5,0,0,0,0,0,0,0,0,0,0
25.9309,0,-1.65399,0.355328,4.87131,-0.00616455,-0.146672,0.0477429,0.529368,0,0,0
25.9309,1,0.754871,-1.35639,4.19533,-0.163431,-0.077945,-0.0220834,0.527917,0,0,0
25.9309,2,1.23435,1.48656,5.27752,-0.032739,0.0397663,0.0368384,0.531705,0,0,0
25.9309,3,0,0,0,0,0,0,0,0,0,0
25.9309,4,0,0,0,0,0,0,0,0,0,0
25.9309,5,0,0,0,0,0,0,0,0,0,0
25.9836,0,-1.65202,0.356433,4.87393,0.000790445,-0.124732,0.0553143,0.529368,0,0,0
25.9836,1,0.747886,-1.35986,4.19452,-0.162481,-0.0781738,-0.0173079,0.531758,0,0,0
25.9836,2,1.22025,1.49631,5.2793,-0.0761135,0.0707231,0.0326934,0.531705,0,0,0
25.9836,3,0,0,0,0,0,0,0,0,0,0
25.9836,4,0,0,0,0,0,0,0,0,0,0
25.9836,5,0,0,0,0,0,0,0,0,0,0
26.0337,0,-1.64666,0.372926,4.88143,0.0142912,-0.041019,0.0674032,0.525196,0,0,0
26.0337,1,0.738547,-1.36308,4.19409,-0.1718,-0.077637,-0.0122541,0.531758,0,0,0
26.0337,2,1.20571,1.50872,5.28087,-0.119711,0.107333,0.0267453,0.529975,0,0,0
26.0337,3,0,0,0,0,0,0,0,0,0,0
26.0337,4,0,0,0,0,0,0,0,0,0,0
26.0337,5,0,0,0,0,0,0,0,0,0,0
26.0882,0,-1.64473,0.377604,4.885,0.0181215,-0.0168799,0.0680988,0.525196,0,0,0
26.0882,1,0.731527,-1.36576,4.19455,-0.170614,-0.0755014,-0.0057575,0.532774,0,0,0
26.0882,2,1.19884,1.51388,5.28246,-0.128113,0.111041,0.0225515,0.529975,0,0,0
26.0882,3,0,0,0,0,0,0,0,0,0,0
26.0882,4,0,0,0,0,0,0,0,0,0,0
26.0882,5,0,0,0,0,0,0,0,0,0,0
26.1461,0,-1.64188,0.389927,4.88864,0.0223155,0.029664,0.066726,0.519828,0,0,0
26.1461,1,0.725484,-1.36762,4.19517,-0.163815,-0.0698917,0.000990788,0.532774,0,0,0
26.1461,2,1.19371,1.51759,5.28397,-0.127673,0.107783,0.0206592,0.529992,0,0,0
26.1461,3,0,0,0,0,0,0,0,0,0,0
26.1461,4,0,0,0,0,0,0,0,0,0,0
26.1461,5,0,0,0,0,0,0,0,0,0,0
26.1982,0,-1.64188,0.389927,4.88864,0.0223155,0.029664,0.066726,0.519828,0,0,0
26.1982,1,0.720292,-1.36836,4.1962,-0.157372,-0.062013,0.00614845,0.533954,0,0,0
26.1982,2,1.18859,1.5211,5.28483,-0.126892,0.104118,0.01985,0.529992,0,0,0
26.1982,3,0,0,0,0,0,0,0,0,0,0
26.1982,4,0,0,0,0,0,0,0,0,0,0
26.1982,5,0,0,0,0,0,0,0,0,0,0
26.2563,0,-1.63987,0.40063,4.89239,0.0240634,0.0642589,0.0646915,0.515798,0,0,0
26.2563,1,0.717746,-1.36798,4.19685,-0.143647,-0.0520732,0.0101885,0.533954,0,0,0
26.2563,2,1.18393,1.52205,5.28577,-0.12488,0.0923814,0.014979,0.529889,0,0,0
26.2563,3,0,0,0,0,0,0,0,0,0,0
26.2563,4,0,0,0,0,0,0,0,0,0,0
26.2563,5,0,0,0,0,0,0,0,0,0,0
26.3074,0,-1.6363,0.410519,4.89638,0.0314716,0.0903564,0.0628058,0.515798,0,0,0
26.3074,1,0.71725,-1.36657,4.1981,-0.124519,-0.0400351,0.0140901,0.532323,0,0,0
26.3074,2,1.16539,1.53684,5.28702,-0.173715,0.132391,-9.16688e-05,0.529889,0,0,0
26.3074,3,0,0,0,0,0,0,0,0,0,0
26.3074,4,0,0,0,0,0,0,0,0,0,0
26.3074,5,0,0,0,0,0,0,0,0,0,0
26.3578,0,-1.63495,0.421819,4.89892,0.0298993,0.118512,0.0594222,0.512975,0,0,0
26.3578,1,0.71894,-1.36424,4.19919,-0.100132,-0.0265822,0.0173872,0.532323,0,0,0
26.3578,2,1.15805,1.54067,5.2872,-0.174065,0.125896,-0.0179482,0.529331,0,0,0
26.3578,3,0,0,0,0,0,0,0,0,0,0
26.3578,4,0,0,0,0,0,0,0,0,0,0
26.3578,5,0,0,0,0,0,0,0,0,0,0
26.4159,0,-1.63208,0.433182,4.90183,0.0340694,0.142119,0.0567852,0.512975,0,0,0
26.4159,1,0.722831,-1.36084,4.20037,-0.0710659,-0.0112788,0.0194769,0.528292,0,0,0
26.4159,2,1.15286,1.54341,5.28708,-0.164993,0.115187,-0.0238663,0.529331,0,0,0
26.4159,3,0,0,0,0,0,0,0,0,0,0
26.4159,4,0,0,0,0,0,0,0,0,0,0
26.4159,5,0,0,0,0,0,0,0,0,0,0
26.468,0,-1.63021,0.443573,4.90466,0.0344591,0.15807,0.0551662,0.511111,0,0,0
26.468,1,0.729158,-1.35638,4.20144,-0.0371696,0.0055993,0.0202286,0.528292,0,0,0
26.468,2,1.14857,1.54428,5.28502,-0.152951,0.0988362,-0.0366267,0.52777,0,0,0
26.468,3,0,0,0,0,0,0,0,0,0,0
26.468,4,0,0,0,0,0,0,0,0,0,0
26.468,5,0,0,0,0,0,0,0,0,0,0
26.5181,0,-1.62846,0.452085,4.90743,0.0351856,0.166028,0.0538134,0.511111,0,0,0
26.5181,1,0.736576,-1.35213,4.20242,-0.00348362,0.0196412,0.0200203,0.522203,0,0,0
26.5181,2,1.1425,1.54681,5.28261,-0.150284,0.0917672,-0.0481109,0.52777,0,0,0
26.5181,3,0,0,0,0,0,0,0,0,0,0
26.5181,4,0,0,0,0,0,0,0,0,0,0
26.5181,5,0,0,0,0,0,0,0,0,0,0
26.5683,0,-1.62741,0.463058,4.91019,0.0329874,0.181562,0.0451432,0.510358,0,0,0
26.5683,1,0.736576,-1.35213,4.20242,-0.00348362,0.0196412,0.0200203,0.522203,0,0,0
26.5683,2,1.13971,1.54681,5.28078,-0.136241,0.0767773,-0.0500855,0.523753,0,0,0
26.5683,3,0,0,0,0,0,0,0,0,0,0
26.5683,4,0,0,0,0,0,0,0,0,0,0
26.5683,5,0,0,0,0,0,0,0,0,0,0
26.6223,0,-1.62543,0.471454,4.91248,0.0351231,0.185502,0.0314716,0.510358,0,0,0
26.6223,1,0.755163,-1.34421,4.20465,0.0619752,0.0392983,0.0182833,0.518255,0,0,0
26.6223,2,1.13883,1.54527,5.27808,-0.11636,0.0578632,-0.0496495,0.523753,0,0,0
26.6223,3,0,0,0,0,0,0,0,0,0,0
26.6223,4,0,0,0,0,0,0,0,0,0,0
26.6223,5,0,0,0,0,0,0,0,0,0,0
26.6804,0,-1.62472,0.482794,4.91435,0.0314339,0.197278,0.0108826,0.511019,0,0,0
26.6804,1,0.766829,-1.33855,4.20559,0.0953439,0.0526188,0.0169568,0.518255,0,0,0
26.6804,2,1.13979,1.54268,5.2744,-0.093024,0.0378936,-0.0490916,0.519298,0,0,0
26.6804,3,0,0,0,0,0,0,0,0,0,0
26.6804,4,0,0,0,0,0,0,0,0,0,0
26.6804,5,0,0,0,0,0,0,0,0,0,0
26.7382,0,-1.62367,0.489361,4.9149,0.0304813,0.190766,-0.0138512,0.511019,0,0,0
26.7382,1,0.777905,-1.33385,4.20656,0.121457,0.0608068,0.0156107,0.513509,0,0,0
26.7382,2,1.14503,1.53643,5.27428,-0.058365,0.00791365,-0.0432336,0.514277,0,0,0
26.7382,3,0,0,0,0,0,0,0,0,0,0
26.7382,4,0,0,0,0,0,0,0,0,0,0
26.7382,5,0,0,0,0,0,0,0,0,0,0
26.7914,0,-1.62318,0.496932,4.91405,0.0271211,0.186578,-0.0327062,0.513172,0,0,0
26.7914,1,0.788277,-1.33,4.20733,0.14099,0.0648407,0.0142659,0.513509,0,0,0
26.7914,2,1.1503,1.53151,5.273,-0.0286587,-0.0127951,-0.0395637,0.514277,0,0,0
26.7914,3,0,0,0,0,0,0,0,0,0,0
26.7914,4,0,0,0,0,0,0,0,0,0,0
26.7914,5,0,0,0,0,0,0,0,0,0,0
26.8441,0,-1.62346,0.500322,4.91244,0.0225344,0.169139,-0.0487758,0.513172,0,0,0
26.8441,1,0.799673,-1.32508,4.20811,0.16064,0.0717211,0.0133006,0.511666,0,0,0
26.8441,2,1.15573,1.52749,5.26877,-0.00298847,-0.0268496,-0.0394332,0.511351,0,0,0
26.8441,3,0,0,0,0,0,0,0,0,0,0
26.8441,4,0,0,0,0,0,0,0,0,0,0
26.8441,5,0,0,0,0,0,0,0,0,0,0
26.8944,0,-1.62489,0.501364,4.9096,0.0146956,0.146167,-0.0562654,0.515332,0,0,0
26.8944,1,0.811175,-1.32105,4.20905,0.178802,0.07488,0.00915701,0.511666,0,0,0
26.8944,2,1.16484,1.52082,5.26729,0.0320071,-0.0490062,-0.0383402,0.511351,0,0,0
26.8944,3,0,0,0,0,0,0,0,0,0,0
26.8944,4,0,0,0,0,0,0,0,0,0,0
26.8944,5,0,0,0,0,0,0,0,0,0,0
26.9547,0,-1.62473,0.503575,4.90615,0.0131909,0.128385,-0.0625698,0.516947,0,0,0
26.9547,1,0.821229,-1.31684,4.20956,0.188858,0.0785043,0.000759808,0.511044,0,0,0
26.9547,2,1.17333,1.5152,5.26615,0.0591426,-0.063333,-0.0347819,0.511062,0,0,0
26.9547,3,0,0,0,0,0,0,0,0,0,0
26.9547,4,0,0,0,0,0,0,0,0,0,0
26.9547,5,0,0,0,0,0,0,0,0,0,0
27.0076,0,-1.62807,0.499509,4.90231,0.00100066,0.0934788,-0.0657871,0.516947,0,0,0
27.0076,1,0.830521,-1.31292,4.20992,0.194285,0.0805513,-0.00955416,0.511044,0,0,0
27.0076,2,1.18384,1.50819,5.26598,0.0893108,-0.0805704,-0.0345313,0.511062,0,0,0
27.0076,3,0,0,0,0,0,0,0,0,0,0
27.0076,4,0,0,0,0,0,0,0,0,0,0
27.0076,5,0,0,0,0,0,0,0,0,0,0
27.059,0,-1.63007,0.494324,4.8995,-0.00480109,0.0598462,-0.0643744,0.519548,0,0,0
27.059,1,0.83816,-1.31001,4.21004,0.192889,0.0788953,-0.0176117,0.511138,0,0,0
27.059,2,1.19287,1.50249,5.26436,0.109907,-0.0907,-0.0346189,0.512801,0,0,0
27.059,3,0,0,0,0,0,0,0,0,0,0
27.059,4,0,0,0,0,0,0,0,0,0,0
27.059,5,0,0,0,0,0,0,0,0,0,0
27.1092,0,-1.63297,0.48714,4.89659,-0.0125424,0.0240366,-0.0613489,0.519548,0,0,0
27.1092,1,0.844312,-1.30775,4.20974,0.186118,0.0751977,-0.0235279,0.511138,0,0,0
27.1092,2,1.20195,1.49696,5.26272,0.127286,-0.0986391,-0.0354737,0.512801,0,0,0
27.1092,3,0,0,0,0,0,0,0,0,0,0
27.1092,4,0,0,0,0,0,0,0,0,0,0
27.1092,5,0,0,0,0,0,0,0,0,0,0
27.1612,0,-1.63374,0.480894,4.89375,-0.0117443,-0.00258462,-0.0591939,0.519978,0,0,0
27.1612,1,0.844312,-1.30775,4.20974,0.186118,0.0751977,-0.0235279,0.512528,0,0,0
27.1612,2,1.20853,1.4949,5.2609,0.132559,-0.0923067,-0.0356316,0.516274,0,0,0
27.1612,3,0,0,0,0,0,0,0,0,0,0
27.1612,4,0,0,0,0,0,0,0,0,0,0
27.1612,5,0,0,0,0,0,0,0,0,0,0
27.2142,0,-1.63743,0.469474,4.89147,-0.0194092,-0.0413863,-0.0561057,0.519978,0,0,0
27.2142,1,0.851104,-1.30559,4.20815,0.154144,0.0611337,-0.02942,0.512528,0,0,0
27.2142,2,1.21898,1.48848,5.25918,0.151599,-0.102755,-0.0356355,0.516274,0,0,0
27.2142,3,0,0,0,0,0,0,0,0,0,0
27.2142,4,0,0,0,0,0,0,0,0,0,0
27.2142,5,0,0,0,0,0,0,0,0,0,0
27.2675,0,-1.64125,0.457121,4.8886,-0.0266744,-0.0779185,-0.0536614,0.519978,0,0,0
27.2675,1,0.850474,-1.30675,4.20708,0.129078,0.0488622,-0.0289556,0.514169,0,0,0
27.2675,2,1.22771,1.48363,5.25763,0.161175,-0.105544,-0.0329606,0.520199,0,0,0
27.2675,3,0,0,0,0,0,0,0,0,0,0
27.2675,4,0,0,0,0,0,0,0,0,0,0
27.2675,5,0,0,0,0,0,0,0,0,0,0
27.3188,0,-1.64555,0.446867,4.88617,-0.0362029,-0.102801,-0.0520545,0.522914,0,0,0
27.3188,1,0.850474,-1.30675,4.20708,0.129078,0.0488622,-0.0289556,0.514169,0,0,0
27.3188,2,1.23592,1.47875,5.25648,0.167176,-0.107558,-0.0285562,0.520199,0,0,0
27.3188,3,0,0,0,0,0,0,0,0,0,0
27.3188,4,0,0,0,0,0,0,0,0,0,0
27.3188,5,0,0,0,0,0,0,0,0,0,0
27.3697,0,-1.64961,0.438871,4.88397,-0.0434894,-0.114249,-0.0508658,0.522914,0,0,0
27.3697,1,0.848141,-1.30863,4.20644,0.100385,0.0352874,-0.028554,0.51598,0,0,0
27.3697,2,1.24253,1.47537,5.25594,0.16636,-0.103632,-0.0193805,0.524387,0,0,0
27.3697,3,0,0,0,0,0,0,0,0,0,0
27.3697,4,0,0,0,0,0,0,0,0,0,0
27.3697,5,0,0,0,0,0,0,0,0,0,0
27.427,0,-1.65059,0.423761,4.88171,-0.038452,-0.148396,-0.049601,0.528555,0,0,0
27.427,1,0.843422,-1.31133,4.20544,0.0675093,0.0208964,-0.0270078,0.51598,0,0,0
27.427,2,1.25301,1.46834,5.25663,0.180322,-0.114154,-0.00857522,0.524387,0,0,0
27.427,3,0,0,0,0,0,0,0,0,0,0
27.427,4,0,0,0,0,0,0,0,0,0,0
27.427,5,0,0,0,0,0,0,0,0,0,0
27.485,0,-1.65376,0.413196,4.87922,-0.0426155,-0.164294,-0.0468145,0.530154,0,0,0
27.485,1,0.839166,-1.31285,4.20393,0.0413328,0.0127105,-0.0267602,0.516575,0,0,0
27.485,2,1.2576,1.46615,5.25746,0.170613,-0.105102,0.00382946,0.529445,0,0,0
27.485,3,0,0,0,0,0,0,0,0,0,0
27.485,4,0,0,0,0,0,0,0,0,0,0
27.485,5,0,0,0,0,0,0,0,0,0,0
27.5393,0,-1.65586,0.405266,4.87697,-0.0434777,-0.168963,-0.0452933,0.530154,0,0,0
27.5393,1,0.830917,-1.31837,4.20302,0.00566896,-0.00774568,-0.025717,0.516575,0,0,0
27.5393,2,1.26095,1.4645,5.25844,0.156451,-0.0944006,0.0117731,0.529445,0,0,0
27.5393,3,0,0,0,0,0,0,0,0,0,0
27.5393,4,0,0,0,0,0,0,0,0,0,0
27.5393,5,0,0,0,0,0,0,0,0,0,0
27.5953,0,-1.65933,0.395055,4.87491,-0.0483507,-0.179447,-0.0436689,0.534703,0,0,0
27.5953,1,0.820727,-1.32293,4.20174,-0.0323196,-0.0220289,-0.0251202,0.518617,0,0,0
27.5953,2,1.26254,1.46363,5.26125,0.138245,-0.082389,0.0245763,0.532378,0,0,0
27.5953,3,0,0,0,0,0,0,0,0,0,0
27.5953,4,0,0,0,0,0,0,0,0,0,0
27.5953,5,0,0,0,0,0,0,0,0,0,0
27.6547,0,-1.65884,0.386847,4.87318,-0.0401378,-0.182996,-0.0378334,0.534703,0,0,0
27.6547,1,0.811091,-1.32719,4.20058,-0.0629447,-0.0334505,-0.0252758,0.518617,0,0,0
27.6547,2,1.26383,1.46374,5.26255,0.121722,-0.0688696,0.0329491,0.532378,0,0,0
27.6547,3,0,0,0,0,0,0,0,0,0,0
27.6547,4,0,0,0,0,0,0,0,0,0,0
27.6547,5,0,0,0,0,0,0,0,0,0,0
27.7124,0,-1.66088,0.377515,4.87162,-0.0413991,-0.189738,-0.0270462,0.535894,0,0,0
27.7124,1,0.80402,-1.33053,4.19938,-0.0801528,-0.040587,-0.0254312,0.519995,0,0,0
27.7124,2,1.26816,1.4609,5.26496,0.102617,-0.0585307,0.0365907,0.535716,0,0,0
27.7124,3,0,0,0,0,0,0,0,0,0,0
27.7124,4,0,0,0,0,0,0,0,0,0,0
27.7124,5,0,0,0,0,0,0,0,0,0,0
27.7651,0,-1.66074,0.368453,4.87169,-0.0354343,-0.192722,-0.0127022,0.535894,0,0,0
27.7651,1,0.796057,-1.33566,4.19845,-0.0976438,-0.0529238,-0.0250993,0.519995,0,0,0
27.7651,2,1.2617,1.467,5.26766,0.0671202,-0.0300554,0.039675,0.535716,0,0,0
27.7651,3,0,0,0,0,0,0,0,0,0,0
27.7651,4,0,0,0,0,0,0,0,0,0,0
27.7651,5,0,0,0,0,0,0,0,0,0,0
27.8155,0,-1.65944,0.366709,4.87227,-0.0274921,-0.174025,0.00654371,0.534511,0,0,0
27.8155,1,0.783376,-1.34081,4.19692,-0.128629,-0.0625161,-0.0243905,0.523233,0,0,0
27.8155,2,1.25334,1.47253,5.2683,0.0359158,-0.00889145,0.0422365,0.533346,0,0,0
27.8155,3,0,0,0,0,0,0,0,0,0,0
27.8155,4,0,0,0,0,0,0,0,0,0,0
27.8155,5,0,0,0,0,0,0,0,0,0,0
27.8765,0,-1.65897,0.363739,4.87364,-0.0229848,-0.159468,0.0189724,0.534511,0,0,0
27.8765,1,0.773983,-1.34558,4.19567,-0.14338,-0.0700903,-0.0237559,0.523233,0,0,0
27.8765,2,1.24581,1.47903,5.27139,0.00068663,0.0181031,0.041902,0.533346,0,0,0
27.8765,3,0,0,0,0,0,0,0,0,0,0
27.8765,4,0,0,0,0,0,0,0,0,0,0
27.8765,5,0,0,0,0,0,0,0,0,0,0
27.9269,0,-1.65731,0.362398,4.87514,-0.0154301,-0.142951,0.0329829,0.532455,0,0,0
27.9269,1,0.765679,-1.34932,4.19472,-0.151907,-0.0729304,-0.0227617,0.526565,0,0,0
27.9269,2,1.238,1.48475,5.2737,-0.0301262,0.0384454,0.0366341,0.532259,0,0,0
27.9269,3,0,0,0,0,0,0,0,0,0,0
27.9269,4,0,0,0,0,0,0,0,0,0,0
27.9269,5,0,0,0,0,0,0,0,0,0,0
27.9784,0,-1.6547,0.358655,4.87773,-0.00517869,-0.137623,0.045917,0.532455,0,0,0
27.9784,1,0.748328,-1.35686,4.19287,-0.167858,-0.077103,-0.0188461,0.526565,0,0,0
27.9784,2,1.22874,1.49304,5.27548,-0.0611533,0.0643793,0.0367704,0.532259,0,0,0
27.9784,3,0,0,0,0,0,0,0,0,0,0
27.9784,4,0,0,0,0,0,0,0,0,0,0
27.9784,5,0,0,0,0,0,0,0,0,0,0
28.0286,0,-1.65311,0.365782,4.88048,-0.000748896,-0.0953539,0.0566662,0.528219,0,0,0
28.0286,1,0.748328,-1.35686,4.19287,-0.167858,-0.077103,-0.0188461,0.529685,0,0,0
28.0286,2,1.21967,1.49909,5.27742,-0.086623,0.0788059,0.0323726,0.53101,0,0,0
28.0286,3,0,0,0,0,0,0,0,0,0,0
28.0286,4,0,0,0,0,0,0,0,0,0,0
28.0286,5,0,0,0,0,0,0,0,0,0,0
28.0838,0,-1.6507,0.370536,4.88408,0.00590239,-0.0651814,0.0621002,0.528219,0,0,0
28.0838,1,0.741195,-1.36047,4.19246,-0.166557,-0.0777898,-0.0122538,0.529685,0,0,0
28.0838,2,1.21111,1.50565,5.27894,-0.105777,0.0917321,0.0250261,0.53101,0,0,0
28.0838,3,0,0,0,0,0,0,0,0,0,0
28.0838,4,0,0,0,0,0,0,0,0,0,0
28.0838,5,0,0,0,0,0,0,0,0,0,0
28.139,0,-1.64725,0.37702,4.88741,0.0153484,-0.0322252,0.0653294,0.522398,0,0,0
28.139,1,0.732282,-1.36331,4.19273,-0.172775,-0.075611,-0.00629933,0.531516,0,0,0
28.139,2,1.20251,1.51187,5.28025,-0.120986,0.100455,0.0221494,0.530126,0,0,0
28.139,3,0,0,0,0,0,0,0,0,0,0
28.139,4,0,0,0,0,0,0,0,0,0,0
28.139,5,0,0,0,0,0,0,0,0,0,0
28.1973,0,-1.64566,0.384798,4.89089,0.0166947,0.000797903,0.0660747,0.522398,0,0,0
28.1973,1,0.725554,-1.36588,4.19344,-0.170472,-0.0733302,-0.000396176,0.531516,0,0,0
28.1973,2,1.19273,1.51915,5.28117,-0.138728,0.112307,0.0193217,0.530126,0,0,0
28.1973,3,0,0,0,0,0,0,0,0,0,0
28.1973,4,0,0,0,0,0,0,0,0,0,0
28.1973,5,0,0,0,0,0,0,0,0,0,0
28.2475,0,-1.6424,0.387367,4.89428,0.0248345,0.0105924,0.0655906,0.51791,0,0,0
28.2475,1,0.720529,-1.36712,4.19419,-0.164005,-0.0675127,0.00456535,0.532912,0,0,0
28.2475,2,1.18782,1.52242,5.28232,-0.136534,0.10781,0.0181989,0.529669,0,0,0
28.2475,3,0,0,0,0,0,0,0,0,0,0
28.2475,4,0,0,0,0,0,0,0,0,0,0
28.2475,5,0,0,0,0,0,0,0,0,0,0
28.3052,0,-1.63791,0.396507,4.89747,0.0351995,0.0393357,0.063376,0.51791,0,0,0
28.3052,1,0.718717,-1.36634,4.19502,-0.146089,-0.0553567,0.00928734,0.531599,0,0,0
28.3052,2,1.1841,1.52402,5.28355,-0.12993,0.0975665,0.0108391,0.529669,0,0,0
28.3052,3,0,0,0,0,0,0,0,0,0,0
28.3052,4,0,0,0,0,0,0,0,0,0,0
28.3052,5,0,0,0,0,0,0,0,0,0,0
28.3579,0,-1.63469,0.40985,4.90061,0.0399501,0.0778239,0.0608993,0.511522,0,0,0
28.3579,1,0.71648,-1.36581,4.19607,-0.132746,-0.0455764,0.0133354,0.531599,0,0,0
28.3579,2,1.17323,1.53086,5.28376,-0.150436,0.108341,-0.00345764,0.528074,0,0,0
28.3579,3,0,0,0,0,0,0,0,0,0,0
28.3579,4,0,0,0,0,0,0,0,0,0,0
28.3579,5,0,0,0,0,0,0,0,0,0,0
28.4081,0,-1.63535,0.4182,4.90408,0.0367613,0.108539,0.0586044,0.511522,0,0,0
28.4081,1,0.717646,-1.36372,4.19715,-0.109138,-0.0320785,0.0168899,0.531599,0,0,0
28.4081,2,1.16258,1.53838,5.2844,-0.16701,0.119593,-0.0119872,0.528074,0,0,0
28.4081,3,0,0,0,0,0,0,0,0,0,0
28.4081,4,0,0,0,0,0,0,0,0,0,0
28.4081,5,0,0,0,0,0,0,0,0,0,0
28.4584,0,-1.6331,0.42881,4.90666,0.0387659,0.131665,0.0561692,0.511921,0,0,0
28.4584,1,0.721011,-1.36027,4.19815,-0.0806941,-0.0155715,0.0194686,0.528259,0,0,0
28.4584,2,1.15674,1.54039,5.28379,-0.160741,0.106882,-0.0326702,0.526445,0,0,0
28.4584,3,0,0,0,0,0,0,0,0,0,0
28.4584,4,0,0,0,0,0,0,0,0,0,0
28.4584,5,0,0,0,0,0,0,0,0,0,0
28.5085,0,-1.63232,0.438168,4.90943,0.0355519,0.147548,0.0548918,0.511921,0,0,0
28.5085,1,0.724625,-1.35817,4.19931,-0.0546862,-0.00589331,0.0198251,0.528259,0,0,0
28.5085,2,1.15067,1.54376,5.2822,-0.157729,0.102055,-0.0399724,0.526445,0,0,0
28.5085,3,0,0,0,0,0,0,0,0,0,0
28.5085,4,0,0,0,0,0,0,0,0,0,0
28.5085,5,0,0,0,0,0,0,0,0,0,0
28.5689,0,-1.63036,0.448745,4.91248,0.0366377,0.163928,0.0484889,0.512083,0,0,0
28.5689,1,0.732033,-1.3542,4.20087,-0.0194525,0.00815981,0.0205216,0.523685,0,0,0
28.5689,2,1.14862,1.54296,5.28062,-0.138468,0.0814651,-0.0484607,0.52324,0,0,0
28.5689,3,0,0,0,0,0,0,0,0,0,0
28.5689,4,0,0,0,0,0,0,0,0,0,0
28.5689,5,0,0,0,0,0,0,0,0,0,0
28.6252,0,-1.62805,0.457878,4.91529,0.0390372,0.171405,0.0345504,0.512083,0,0,0
28.6252,1,0.741104,-1.34837,4.20183,0.0164352,0.026724,0.0200174,0.523685,0,0,0
28.6252,2,1.14371,1.54413,5.27771,-0.132928,0.0717958,-0.0522015,0.52324,0,0,0
28.6252,3,0,0,0,0,0,0,0,0,0,0
28.6252,4,0,0,0,0,0,0,0,0,0,0
28.6252,5,0,0,0,0,0,0,0,0,0,0
28.6808,0,-1.62787,0.469643,4.91662,0.0331589,0.189103,0.0138938,0.513388,0,0,0
28.6808,1,0.751339,-1.34417,4.20289,0.051931,0.0371296,0.0186567,0.517252,0,0,0
28.6808,2,1.143,1.542,5.27489,-0.113918,0.0521167,-0.0511621,0.517857,0,0,0
28.6808,3,0,0,0,0,0,0,0,0,0,0
28.6808,4,0,0,0,0,0,0,0,0,0,0
28.6808,5,0,0,0,0,0,0,0,0,0,0
28.7377,0,-1.62654,0.478669,4.91745,0.0318314,0.187789,-0.00641722,0.513388,0,0,0
28.7377,1,0.762144,-1.3398,4.20381,0.084169,0.0470474,0.0165521,0.513956,0,0,0
28.7377,2,1.14344,1.54009,5.27217,-0.0930936,0.0357476,-0.0490699,0.517857,0,0,0
28.7377,3,0,0,0,0,0,0,0,0,0,0
28.7377,4,0,0,0,0,0,0,0,0,0,0
28.7377,5,0,0,0,0,0,0,0,0,0,0
28.7933,0,-1.6261,0.487128,4.91719,0.0276533,0.185814,-0.0318121,0.51522,0,0,0
28.7933,1,0.782565,-1.33023,4.20553,0.131013,0.0651085,0.0143892,0.513956,0,0,0
28.7933,2,1.14668,1.53567,5.26954,-0.0658731,0.0129238,-0.0451472,0.513175,0,0,0
28.7933,3,0,0,0,0,0,0,0,0,0,0
28.7933,4,0,0,0,0,0,0,0,0,0,0
28.7933,5,0,0,0,0,0,0,0,0,0,0
28.8495,0,-1.62604,0.492425,4.91507,0.0238192,0.175608,-0.0457048,0.51522,0,0,0
28.8495,1,0.793713,-1.32689,4.20634,0.152785,0.067067,0.013756,0.510991,0,0,0
28.8495,2,1.15159,1.53051,5.26813,-0.0358721,-0.00938203,-0.0416583,0.513175,0,0,0
28.8495,3,0,0,0,0,0,0,0,0,0,0
28.8495,4,0,0,0,0,0,0,0,0,0,0
28.8495,5,0,0,0,0,0,0,0,0,0,0
28.9054,0,-1.62515,0.49736,4.91236,0.0236238,0.165433,-0.0568858,0.516259,0,0,0
28.9054,1,0.804981,-1.32194,4.20695,0.171175,0.0742622,0.00972681,0.510991,0,0,0
28.9054,2,1.15556,1.52683,5.26659,-0.0146943,-0.0228788,-0.0393604,0.510124,0,0,0
28.9054,3,0,0,0,0,0,0,0,0,0,0
28.9054,4,0,0,0,0,0,0,0,0,0,0
28.9054,5,0,0,0,0,0,0,0,0,0,0
28.9556,0,-1.62722,0.496487,4.90894,0.0142859,0.137174,-0.0627952,0.516259,0,0,0
28.9556,1,0.815991,-1.31811,4.20793,0.18457,0.0759624,0.00256914,0.510627,0,0,0
28.9556,2,1.16276,1.52183,5.26482,0.01493,-0.0394631,-0.037129,0.510124,0,0,0
28.9556,3,0,0,0,0,0,0,0,0,0,0
28.9556,4,0,0,0,0,0,0,0,0,0,0
28.9556,5,0,0,0,0,0,0,0,0,0,0
29.0114,0,-1.62861,0.49488,4.90498,0.00834865,0.110238,-0.0653498,0.518549,0,0,0
29.0114,1,0.825745,-1.31383,4.20804,0.192127,0.079434,-0.00696333,0.510627,0,0,0
29.0114,2,1.17334,1.51362,5.26317,0.0523943,-0.0648912,-0.03576,0.509036,0,0,0
29.0114,3,0,0,0,0,0,0,0,0,0,0
29.0114,4,0,0,0,0,0,0,0,0,0,0
29.0114,5,0,0,0,0,0,0,0,0,0,0
29.0615,0,-1.62834,0.492489,4.9024,0.00955717,0.0845977,-0.0627722,0.518549,0,0,0
29.0615,1,0.832726,-1.31078,4.20801,0.186239,0.0777108,-0.0142969,0.510627,0,0,0
29.0615,2,1.18333,1.50661,5.26175,0.081624,-0.0818299,-0.0351664,0.509036,0,0,0
29.0615,3,0,0,0,0,0,0,0,0,0,0
29.0615,4,0,0,0,0,0,0,0,0,0,0
29.0615,5,0,0,0,0,0,0,0,0,0,0
29.1129,0,-1.63231,0.484569,4.89918,-0.00312017,0.043479,-0.0627055,0.519574,0,0,0
29.1129,1,0.839007,-1.30866,4.20803,0.180972,0.0737272,-0.0213857,0.510819,0,0,0
29.1129,2,1.19079,1.50255,5.25986,0.0974258,-0.0856315,-0.0349577,0.510353,0,0,0
29.1129,3,0,0,0,0,0,0,0,0,0,0
29.1129,4,0,0,0,0,0,0,0,0,0,0
29.1129,5,0,0,0,0,0,0,0,0,0,0
29.1631,0,-1.63311,0.4774,4.89899,-0.00333786,0.0114897,-0.0575995,0.519574,0,0,0
29.1631,1,0.843654,-1.30719,4.20753,0.170502,0.0681892,-0.0253266,0.510819,0,0,0
29.1631,2,1.19975,1.49715,5.25816,0.116299,-0.0936847,-0.0351148,0.510353,0,0,0
29.1631,3,0,0,0,0,0,0,0,0,0,0
29.1631,4,0,0,0,0,0,0,0,0,0,0
29.1631,5,0,0,0,0,0,0,0,0,0,0
29.2135,0,-1.63843,0.467095,4.89628,-0.0188389,-0.0255656,-0.0553921,0.522056,0,0,0
29.2135,1,0.846924,-1.3062,4.2068,0.156529,0.0618174,-0.0274046,0.512489,0,0,0
29.2135,2,1.21104,1.48978,5.25649,0.13976,-0.108599,-0.0362113,0.513101,0,0,0
29.2135,3,0,0,0,0,0,0,0,0,0,0
29.2135,4,0,0,0,0,0,0,0,0,0,0
29.2135,5,0,0,0,0,0,0,0,0,0,0
29.268,0,-1.64141,0.457315,4.89366,-0.024754,-0.0564921,-0.053878,0.522056,0,0,0
29.268,1,0.84728,-1.30639,4.20568,0.13339,0.0522914,-0.0275486,0.513983,0,0,0
29.268,2,1.21786,1.48741,5.25479,0.141853,-0.100103,-0.0333314,0.513101,0,0,0
29.268,3,0,0,0,0,0,0,0,0,0,0
29.268,4,0,0,0,0,0,0,0,0,0,0
29.268,5,0,0,0,0,0,0,0,0,0,0
29.3232,0,-1.64357,0.449425,4.89099,-0.0278363,-0.0770491,-0.0527377,0.524132,0,0,0
29.3232,1,0.845327,-1.30769,4.20479,0.105763,0.0406412,-0.026793,0.513983,0,0,0
29.3232,2,1.22866,1.47968,5.25379,0.158272,-0.112205,-0.0324951,0.517171,0,0,0
29.3232,3,0,0,0,0,0,0,0,0,0,0
29.3232,4,0,0,0,0,0,0,0,0,0,0
29.3232,5,0,0,0,0,0,0,0,0,0,0
29.3763,0,-1.64691,0.437264,4.88858,-0.0334075,-0.108807,-0.0512246,0.524132,0,0,0
29.3763,1,0.842463,-1.30881,4.20389,0.0798456,0.0318144,-0.0258491,0.514552,0,0,0
29.3763,2,1.23242,1.47833,5.25367,0.147944,-0.0998971,-0.0331798,0.517171,0,0,0
29.3763,3,0,0,0,0,0,0,0,0,0,0
29.3763,4,0,0,0,0,0,0,0,0,0,0
29.3763,5,0,0,0,0,0,0,0,0,0,0
29.4331,0,-1.64959,0.425697,4.88627,-0.036036,-0.132668,-0.0495652,0.527157,0,0,0
29.4331,1,0.835011,-1.31359,4.20299,0.0420541,0.0120304,-0.0245473,0.514552,0,0,0
29.4331,2,1.23431,1.47772,5.25566,0.130461,-0.0847692,-0.0283212,0.520179,0,0,0
29.4331,3,0,0,0,0,0,0,0,0,0,0
29.4331,4,0,0,0,0,0,0,0,0,0,0
29.4331,5,0,0,0,0,0,0,0,0,0,0
29.491,0,-1.65461,0.406124,4.88157,-0.0401013,-0.158739,-0.0463685,0.527157,0,0,0
29.491,1,0.829014,-1.31541,4.20157,0.0135226,0.00448479,-0.0241913,0.515802,0,0,0
29.491,2,1.23899,1.47505,5.25859,0.126188,-0.080143,-0.0180891,0.520179,0,0,0
29.491,3,0,0,0,0,0,0,0,0,0,0
29.491,4,0,0,0,0,0,0,0,0,0,0
29.491,5,0,0,0,0,0,0,0,0,0,0
29.5424,0,-1.65787,0.39618,4.88012,-0.0445435,-0.168744,-0.0452695,0.530567,0,0,0
29.5424,1,0.820117,-1.32109,4.20106,-0.0198525,-0.014825,-0.0240228,0.515802,0,0,0
29.5424,2,1.24845,1.46894,5.25684,0.143352,-0.0916277,0.00736845,0.522372,0,0,0
29.5424,3,0,0,0,0,0,0,0,0,0,0
29.5424,4,0,0,0,0,0,0,0,0,0,0
29.5424,5,0,0,0,0,0,0,0,0,0,0
29.5986,0,-1.65767,0.386415,4.87824,-0.0374282,-0.179161,-0.0433458,0.530567,0,0,0
29.5986,1,0.812497,-1.32437,4.20012,-0.0449331,-0.0238188,-0.02399,0.51703,0,0,0
29.5986,2,1.25836,1.463,5.25634,0.157483,-0.0995096,0.0161582,0.522372,0,0,0
29.5986,3,0,0,0,0,0,0,0,0,0,0
29.5986,4,0,0,0,0,0,0,0,0,0,0
29.5986,5,0,0,0,0,0,0,0,0,0,0
29.6538,0,-1.65967,0.379053,4.87573,-0.0385098,-0.176707,-0.0386663,0.532804,0,0,0
29.6538,1,0.802855,-1.32949,4.19882,-0.0728195,-0.0380086,-0.0241558,0.51703,0,0,0
29.6538,2,1.26197,1.46183,5.25782,0.145143,-0.0874745,0.0264465,0.527687,0,0,0
29.6538,3,0,0,0,0,0,0,0,0,0,0
29.6538,4,0,0,0,0,0,0,0,0,0,0
29.6538,5,0,0,0,0,0,0,0,0,0,0
29.7115,0,-1.65936,0.372799,4.87419,-0.0321998,-0.173623,-0.0255321,0.532804,0,0,0
29.7115,1,0.79234,-1.33448,4.19772,-0.100128,-0.0495769,-0.0242635,0.518873,0,0,0
29.7115,2,1.26192,1.46251,5.25956,0.122039,-0.0704483,0.0335348,0.527687,0,0,0
29.7115,3,0,0,0,0,0,0,0,0,0,0
29.7115,4,0,0,0,0,0,0,0,0,0,0
29.7115,5,0,0,0,0,0,0,0,0,0,0
29.7643,0,-1.661,0.363941,4.87394,-0.033341,-0.179894,-0.012187,0.534361,0,0,0
29.7643,1,0.785723,-1.33743,4.1965,-0.109497,-0.052828,-0.0239357,0.518873,0,0,0
29.7643,2,1.2589,1.46584,5.26092,0.0917953,-0.0463481,0.0390249,0.530776,0,0,0
29.7643,3,0,0,0,0,0,0,0,0,0,0
29.7643,4,0,0,0,0,0,0,0,0,0,0
29.7643,5,0,0,0,0,0,0,0,0,0,0
29.8252,0,-1.65929,0.361964,4.87478,-0.0242005,-0.162036,0.00195785,0.534361,0,0,0
29.8252,1,0.777418,-1.34302,4.19576,-0.123413,-0.0647702,-0.0233581,0.521093,0,0,0
29.8252,2,1.25556,1.46885,5.26311,0.0642939,-0.0266286,0.0420438,0.530776,0,0,0
29.8252,3,0,0,0,0,0,0,0,0,0,0
29.8252,4,0,0,0,0,0,0,0,0,0,0
29.8252,5,0,0,0,0,0,0,0,0,0,0
29.8759,0,-1.65812,0.359055,4.87602,-0.0180397,-0.148297,0.0124267,0.534444,0,0,0
29.8759,1,0.766585,-1.34675,4.19429,-0.144794,-0.0682,-0.0223853,0.521093,0,0,0
29.8759,2,1.24876,1.4746,5.2659,0.0280112,0.000548572,0.0428387,0.531158,0,0,0
29.8759,3,0,0,0,0,0,0,0,0,0,0
29.8759,4,0,0,0,0,0,0,0,0,0,0
29.8759,5,0,0,0,0,0,0,0,0,0,0
29.9312,0,-1.65626,0.355137,4.87802,-0.00904652,-0.139151,0.0355531,0.531644,0,0,0
29.9312,1,0.758339,-1.35153,4.19324,-0.152599,-0.0750008,-0.0214866,0.524641,0,0,0
29.9312,2,1.24072,1.48121,5.26856,-0.00771568,0.0258774,0.0415343,0.530327,0,0,0
29.9312,3,0,0,0,0,0,0,0,0,0,0
29.9312,4,0,0,0,0,0,0,0,0,0,0
29.9312,5,0,0,0,0,0,0,0,0,0,0
29.9872,0,-1.65505,0.349876,4.88062,-0.00382578,-0.138701,0.045535,0.531644,0,0,0
29.9872,1,0.749606,-1.35515,4.1923,-0.162044,-0.076976,-0.0200209,0.524641,0,0,0
29.9872,2,1.23729,1.48386,5.27091,-0.0209243,0.0334589,0.03861,0.530327,0,0,0
29.9872,3,0,0,0,0,0,0,0,0,0,0
29.9872,4,0,0,0,0,0,0,0,0,0,0
29.9872,5,0,0,0,0,0,0,0,0,0,0
30.0404,0,-1.65344,0.356732,4.88361,0.000442911,-0.0973546,0.0568403,0.531644,0,0,0
30.0404,1,0.741798,-1.35873,4.19157,-0.165401,-0.0780946,-0.0165802,0.528627,0,0,0
30.0404,2,1.22631,1.49304,5.2727,-0.0585457,0.0631956,0.0344893,0.530327,0,0,0
30.0404,3,0,0,0,0,0,0,0,0,0,0
30.0404,4,0,0,0,0,0,0,0,0,0,0
30.0404,5,0,0,0,0,0,0,0,0,0,0
30.091,0,-1.6494,0.356597,4.88665,0.0132803,-0.0843142,0.0615288,0.528821,0,0,0
30.091,1,0.734175,-1.36216,4.19083,-0.166155,-0.0778687,-0.0113353,0.528627,0,0,0
30.091,2,1.21746,1.49894,5.27469,-0.0833196,0.077485,0.0305518,0.529801,0,0,0
30.091,3,0,0,0,0,0,0,0,0,0,0
30.091,4,0,0,0,0,0,0,0,0,0,0
30.091,5,0,0,0,0,0,0,0,0,0,0
30.1498,0,-1.64729,0.364849,4.8897,0.0176093,-0.0452751,0.0655112,0.528821,0,0,0
30.1498,1,0.727702,-1.36445,4.19126,-0.164085,-0.0744385,-0.0047662,0.53213,0,0,0
30.1498,2,1.20615,1.50807,5.27645,-0.112089,0.0997806,0.0262336,0.529801,0,0,0
30.1498,3,0,0,0,0,0,0,0,0,0,0
30.1498,4,0,0,0,0,0,0,0,0,0,0
30.1498,5,0,0,0,0,0,0,0,0,0,0
