time,uav_id,px,py,pz,vx,vy,vz,feedback,ref_x,ref_y,ref_z
0.000340236,0,-3.85185,-6.14666,4.87333,-0.00662886,-0.09156,0.000207025,0.243954,0,0,0
0.000340236,1,1.27679,1.36704,4.39889,0.0355862,0.00171985,-0.0121082,0.101386,0,0,0
0.000340236,2,-6.93344,1.84123,7.76517,-0.0803524,0.0154814,-0.0662568,0.245609,0,0,0
0.000340236,3,0,0,0,0,0,0,0,0,0,0
0.000340236,4,0,0,0,0,0,0,0,0,0,0
0.000340236,5,0,0,0,0,0,0,0,0,0,0
0.06458,0,-3.85227,-6.1542,4.87337,-0.0054574,-0.0956557,7.44867e-05,0.368786,0,0,0
0.06458,1,1.27864,1.3674,4.39847,0.0337278,0.00241674,-0.011494,0.101386,0,0,0
0.06458,2,-6.93734,1.84194,7.76194,-0.0749021,0.0144144,-0.065063,6.45163,0,0,0
0.06458,3,0,0,0,0,0,0,0,0,0,0
0.06458,4,0,0,0,0,0,0,0,0,0,0
0.06458,5,0,0,0,0,0,0,0,0,0,0
0.122593,0,-3.85302,-6.15987,4.87341,-0.00615714,-0.0928362,5.55794e-05,0.368786,0,0,0
0.122593,1,1.28031,1.36759,4.39798,0.0316211,0.00246871,-0.0112764,1.63192,0,0,0
0.122593,2,-6.93995,1.84207,7.75874,-0.0667345,0.0114151,-0.0643765,6.45163,0,0,0
0.122593,3,0,0,0,0,0,0,0,0,0,0
0.122593,4,0,0,0,0,0,0,0,0,0,0
0.122593,5,0,0,0,0,0,0,0,0,0,0
0.179836,0,-3.85352,-6.16608,4.87343,-0.0062433,-0.0931479,-0.000607317,3.81583,0,0,0
0.179836,1,1.28229,1.36774,4.3976,0.0302221,0.00224709,-0.0116123,1.63192,0,0,0
0.179836,2,-6.94508,1.84323,7.75535,-0.0682496,0.0128671,-0.0633509,5.98783,0,0,0
0.179836,3,0,0,0,0,0,0,0,0,0,0
0.179836,4,0,0,0,0,0,0,0,0,0,0
0.179836,5,0,0,0,0,0,0,0,0,0,0
0.232549,0,-3.85428,-6.17051,4.87339,-0.00724031,-0.0877426,-0.00457089,3.81583,0,0,0
0.232549,1,1.28676,1.36791,4.39608,0.0311641,0.00133996,-0.0111351,1.69862,0,0,0
0.232549,2,-6.94933,1.84418,7.75182,-0.0665448,0.0133018,-0.062419,5.98783,0,0,0
0.232549,3,0,0,0,0,0,0,0,0,0,0
0.232549,4,0,0,0,0,0,0,0,0,0,0
0.232549,5,0,0,0,0,0,0,0,0,0,0
0.282697,0,-3.85472,-6.17529,4.87323,-0.00684204,-0.0843727,-0.0118168,3.8154,0,0,0
0.282697,1,1.28676,1.36791,4.39608,0.0311641,0.00133996,-0.0111351,1.69862,0,0,0
0.282697,2,-6.95249,1.84441,7.74874,-0.0612234,0.0109353,-0.0612561,5.9825,0,0,0
0.282697,3,0,0,0,0,0,0,0,0,0,0
0.282697,4,0,0,0,0,0,0,0,0,0,0
0.282697,5,0,0,0,0,0,0,0,0,0,0
0.337962,0,-3.85527,-6.17961,4.87265,-0.00713033,-0.0799822,-0.0143791,3.8154,0,0,0
0.337962,1,1.29079,1.36854,4.39436,0.0300831,0.00269243,-0.0272995,1.69484,0,0,0
0.337962,2,-6.95574,1.84466,7.74524,-0.057926,0.00928853,-0.0588367,5.9825,0,0,0
0.337962,3,0,0,0,0,0,0,0,0,0,0
0.337962,4,0,0,0,0,0,0,0,0,0,0
0.337962,5,0,0,0,0,0,0,0,0,0,0
0.398842,0,-3.85643,-6.1837,4.8727,-0.00931346,-0.0748241,-0.0086251,3.81523,0,0,0
0.398842,1,1.29334,1.36887,4.39218,0.0329088,0.00394532,-0.0359501,1.69484,0,0,0
0.398842,2,-6.95999,1.84579,7.7422,-0.0585589,0.010877,-0.0581079,5.97698,0,0,0
0.398842,3,0,0,0,0,0,0,0,0,0,0
0.398842,4,0,0,0,0,0,0,0,0,0,0
0.398842,5,0,0,0,0,0,0,0,0,0,0
0.454142,0,-3.85849,-6.18595,4.87427,-0.0136263,-0.0651134,0.011535,3.81523,0,0,0
0.454142,1,1.29617,1.36998,4.39001,0.0379924,0.00932679,-0.0595769,1.69027,0,0,0
0.454142,2,-6.9631,1.8465,7.73985,-0.0555198,0.0108956,-0.0562568,5.97698,0,0,0
0.454142,3,0,0,0,0,0,0,0,0,0,0
0.454142,4,0,0,0,0,0,0,0,0,0,0
0.454142,5,0,0,0,0,0,0,0,0,0,0
0.504346,0,-3.8627,-6.18623,4.87667,-0.0224234,-0.0503348,0.0452652,3.81235,0,0,0
0.504346,1,1.29965,1.37172,4.38628,0.0441135,0.0157726,-0.0678123,1.69027,0,0,0
0.504346,2,-6.96486,1.84624,7.73684,-0.0474354,0.00708182,-0.0530204,5.97698,0,0,0
0.504346,3,0,0,0,0,0,0,0,0,0,0
0.504346,4,0,0,0,0,0,0,0,0,0,0
0.504346,5,0,0,0,0,0,0,0,0,0,0
0.55736,0,-3.86413,-6.18854,4.87717,-0.020635,-0.0467325,0.0670677,3.81235,0,0,0
0.55736,1,1.30613,1.37597,4.38021,0.0603385,0.0306969,-0.0819359,1.68267,0,0,0
0.55736,2,-6.9693,1.8475,7.73464,-0.0498623,0.0096985,-0.0494709,5.97364,0,0,0
0.55736,3,0,0,0,0,0,0,0,0,0,0
0.55736,4,0,0,0,0,0,0,0,0,0,0
0.55736,5,0,0,0,0,0,0,0,0,0,0
0.607498,0,-3.871,-6.1845,4.88637,-0.031427,-0.02237,0.106627,3.80661,0,0,0
0.607498,1,1.31407,1.38183,4.38022,0.0795673,0.0482434,-0.0846913,1.68267,0,0,0
0.607498,2,-6.97216,1.84795,7.73211,-0.0477145,0.00903038,-0.0455475,5.97364,0,0,0
0.607498,3,0,0,0,0,0,0,0,0,0,0
0.607498,4,0,0,0,0,0,0,0,0,0,0
0.607498,5,0,0,0,0,0,0,0,0,0,0
0.658459,0,-3.871,-6.1845,4.88637,-0.031427,-0.02237,0.106627,3.80661,0,0,0
0.658459,1,1.32474,1.39066,4.37452,0.105282,0.0729979,-0.0856395,1.66435,0,0,0
0.658459,2,-6.97529,1.84857,7.72993,-0.0462613,0.00901788,-0.0418958,5.9682,0,0,0
0.658459,3,0,0,0,0,0,0,0,0,0,0
0.658459,4,0,0,0,0,0,0,0,0,0,0
0.658459,5,0,0,0,0,0,0,0,0,0,0
0.718946,0,-3.90793,-6.16771,4.90327,-0.114651,0.050642,0.230559,3.79829,0,0,0
0.718946,1,1.33591,1.40028,4.36845,0.126308,0.0945657,-0.0863172,1.66435,0,0,0
0.718946,2,-6.97692,1.84869,7.72803,-0.0404063,0.00717833,-0.0388495,5.9682,0,0,0
0.718946,3,0,0,0,0,0,0,0,0,0,0
0.718946,4,0,0,0,0,0,0,0,0,0,0
0.718946,5,0,0,0,0,0,0,0,0,0,0
0.772329,0,-3.90793,-6.16771,4.90327,-0.114651,0.050642,0.230559,3.79829,0,0,0
0.772329,1,1.35852,1.41806,4.36151,0.18141,0.1385,-0.0809863,1.63435,0,0,0
0.772329,2,-6.97802,1.84873,7.7262,-0.0336271,0.00522719,-0.0380799,5.96485,0,0,0
0.772329,3,0,0,0,0,0,0,0,0,0,0
0.772329,4,0,0,0,0,0,0,0,0,0,0
0.772329,5,0,0,0,0,0,0,0,0,0,0
0.832237,0,-3.93066,-6.1598,4.91337,-0.163195,0.0807576,0.267205,3.73394,0,0,0
0.832237,1,1.38102,1.43601,4.35437,0.227894,0.175604,-0.0788942,1.63435,0,0,0
0.832237,2,-6.97858,1.84872,7.72467,-0.0261247,0.00336696,-0.0354207,5.96485,0,0,0
0.832237,3,0,0,0,0,0,0,0,0,0,0
0.832237,4,0,0,0,0,0,0,0,0,0,0
0.832237,5,0,0,0,0,0,0,0,0,0,0
0.887482,0,-3.99054,-6.13989,4.9387,-0.278704,0.144408,0.329919,3.73394,0,0,0
0.887482,1,1.40528,1.45674,4.34969,0.274681,0.218114,-0.0807899,1.57537,0,0,0
0.887482,2,-6.97899,1.84885,7.72303,-0.0193539,0.00230809,-0.035401,5.96361,0,0,0
0.887482,3,0,0,0,0,0,0,0,0,0,0
0.887482,4,0,0,0,0,0,0,0,0,0,0
0.887482,5,0,0,0,0,0,0,0,0,0,0
0.943863,0,-4.01537,-6.13939,4.95042,-0.308195,0.13529,0.341023,3.67013,0,0,0
0.943863,1,1.43244,1.47892,4.34106,0.324291,0.259152,-0.0866253,1.57537,0,0,0
0.943863,2,-6.98052,1.8494,7.72164,-0.0177174,0.00324969,-0.0319166,5.96171,0,0,0
0.943863,3,0,0,0,0,0,0,0,0,0,0
0.943863,4,0,0,0,0,0,0,0,0,0,0
0.943863,5,0,0,0,0,0,0,0,0,0,0
0.99691,0,-4.08355,-6.11676,4.95931,-0.475862,0.207293,0.380516,3.64411,0,0,0
0.99691,1,1.46025,1.50113,4.3356,0.368266,0.294127,-0.0948842,1.50727,0,0,0
0.99691,2,-6.98247,1.84986,7.72064,-0.0178688,0.00386832,-0.0299371,5.96171,0,0,0
0.99691,3,0,0,0,0,0,0,0,0,0,0
0.99691,4,0,0,0,0,0,0,0,0,0,0
0.99691,5,0,0,0,0,0,0,0,0,0,0
1.04733,0,-4.12253,-6.11692,4.97202,-0.527911,0.187872,0.386448,3.64411,0,0,0
1.04733,1,1.49337,1.53076,4.32876,0.421487,0.347801,-0.0990541,1.50727,0,0,0
1.04733,2,-6.98377,1.8499,7.71951,-0.0154687,0.00272297,-0.027942,5.96171,0,0,0
1.04733,3,0,0,0,0,0,0,0,0,0,0
1.04733,4,0,0,0,0,0,0,0,0,0,0
1.04733,5,0,0,0,0,0,0,0,0,0,0
1.10006,0,-4.19618,-6.09879,4.98197,-0.697602,0.237516,0.393252,3.53387,0,0,0
1.10006,1,1.53365,1.5603,4.32264,0.483845,0.38823,-0.116488,1.42648,0,0,0
1.10006,2,-6.98553,1.85023,7.71833,-0.0152664,0.00288075,-0.0234034,5.95953,0,0,0
1.10006,3,0,0,0,0,0,0,0,0,0,0
1.10006,4,0,0,0,0,0,0,0,0,0,0
1.10006,5,0,0,0,0,0,0,0,0,0,0
1.15024,0,-4.19618,-6.09879,4.98197,-0.697602,0.237516,0.393252,3.53387,0,0,0
1.15024,1,1.56468,1.58565,4.3171,0.509942,0.411958,-0.125784,1.42648,0,0,0
1.15024,2,-6.98709,1.85022,7.71745,-0.0148056,0.00184838,-0.0181012,5.95953,0,0,0
1.15024,3,0,0,0,0,0,0,0,0,0,0
1.15024,4,0,0,0,0,0,0,0,0,0,0
1.15024,5,0,0,0,0,0,0,0,0,0,0
1.20693,0,-4.26356,-6.09289,4.99285,-0.826618,0.236391,0.391806,3.3901,0,0,0
1.20693,1,1.6019,1.61404,4.31263,0.553054,0.441104,-0.133172,1.33576,0,0,0
1.20693,2,-6.98942,1.85073,7.71647,-0.0170479,0.00289994,-0.0154052,5.95748,0,0,0
1.20693,3,0,0,0,0,0,0,0,0,0,0
1.20693,4,0,0,0,0,0,0,0,0,0,0
1.20693,5,0,0,0,0,0,0,0,0,0,0
1.26112,0,-4.40931,-6.07895,5.00877,-1.08019,0.239082,0.337767,3.3901,0,0,0
1.26112,1,1.6429,1.64877,4.30761,0.598364,0.485065,-0.141648,1.33576,0,0,0
1.26112,2,-6.99101,1.85107,7.71602,-0.0164656,0.00307887,-0.0139971,5.95479,0,0,0
1.26112,3,0,0,0,0,0,0,0,0,0,0
1.26112,4,0,0,0,0,0,0,0,0,0,0
1.26112,5,0,0,0,0,0,0,0,0,0,0
1.31208,0,-4.50042,-6.06776,5.02254,-1.23376,0.254318,0.310781,3.2429,0,0,0
1.31208,1,1.66296,1.66309,4.3029,0.577609,0.464618,-0.14377,1.23502,0,0,0
1.31208,2,-6.99217,1.85112,7.71541,-0.0147578,0.00223725,-0.0122783,5.95479,0,0,0
1.31208,3,0,0,0,0,0,0,0,0,0,0
1.31208,4,0,0,0,0,0,0,0,0,0,0
1.31208,5,0,0,0,0,0,0,0,0,0,0
1.374,0,-4.58538,-6.06493,5.03207,-1.3442,0.235841,0.246849,3.2429,0,0,0
1.374,1,1.70293,1.69118,4.29731,0.616246,0.481055,-0.148003,1.16082,0,0,0
1.374,2,-6.99445,1.85162,7.71486,-0.0174196,0.00339199,-0.0109555,5.95262,0,0,0
1.374,3,0,0,0,0,0,0,0,0,0,0
1.374,4,0,0,0,0,0,0,0,0,0,0
1.374,5,0,0,0,0,0,0,0,0,0,0
1.42421,0,-4.65592,-6.06436,5.04204,-1.38536,0.206231,0.191101,3.0648,0,0,0
1.42421,1,1.74106,1.72064,4.29132,0.6514,0.507159,-0.144763,1.16082,0,0,0
1.42421,2,-6.99559,1.8515,7.71427,-0.0157188,0.00192742,-0.00990936,5.95262,0,0,0
1.42421,3,0,0,0,0,0,0,0,0,0,0
1.42421,4,0,0,0,0,0,0,0,0,0,0
1.42421,5,0,0,0,0,0,0,0,0,0,0
1.48278,0,-4.75417,-6.0557,5.05174,-1.51434,0.215125,0.128344,3.0648,0,0,0
1.48278,1,1.76881,1.74279,4.2864,0.647113,0.506724,-0.145257,1.07647,0,0,0
1.48278,2,-6.99868,1.85227,7.71371,-0.0160322,0.00319139,-0.00866861,5.95002,0,0,0
1.48278,3,0,0,0,0,0,0,0,0,0,0
1.48278,4,0,0,0,0,0,0,0,0,0,0
1.48278,5,0,0,0,0,0,0,0,0,0,0
1.53739,0,-4.80183,-6.06788,5.06107,-1.45284,0.136011,0.0951725,2.89462,0,0,0
1.53739,1,1.80502,1.77144,4.28277,0.667586,0.524309,-0.146784,1.07647,0,0,0
1.53739,2,-6.99962,1.85221,7.71329,-0.0140302,0.00209929,-0.00640985,5.95002,0,0,0
1.53739,3,0,0,0,0,0,0,0,0,0,0
1.53739,4,0,0,0,0,0,0,0,0,0,0
1.53739,5,0,0,0,0,0,0,0,0,0,0
1.58788,0,-4.80183,-6.06788,5.06107,-1.45284,0.136011,0.0951725,2.89462,0,0,0
1.58788,1,1.8265,1.78606,4.27801,0.641984,0.497695,-0.138301,1.00393,0,0,0
1.58788,2,-7.00067,1.85246,7.71291,-0.0127286,0.00216172,-0.00788615,5.94885,0,0,0
1.58788,3,0,0,0,0,0,0,0,0,0,0
1.58788,4,0,0,0,0,0,0,0,0,0,0
1.58788,5,0,0,0,0,0,0,0,0,0,0
1.64497,0,-4.9903,-6.04749,5.07602,-1.62302,0.166824,0.0389405,2.72688,0,0,0
1.64497,1,1.85748,1.80969,4.27373,0.650837,0.503881,-0.1359,1.00393,0,0,0
1.64497,2,-7.00123,1.85249,7.7126,-0.0101704,0.001533,-0.00688573,5.94885,0,0,0
1.64497,3,0,0,0,0,0,0,0,0,0,0
1.64497,4,0,0,0,0,0,0,0,0,0,0
1.64497,5,0,0,0,0,0,0,0,0,0,0
1.69514,0,-4.9903,-6.04749,5.07602,-1.62302,0.166824,0.0389405,2.72688,0,0,0
1.69514,1,1.86476,1.8148,4.27033,0.580257,0.449603,-0.123561,1.00393,0,0,0
1.69514,2,-7.0018,1.85255,7.7123,-0.00743274,0.001,-0.0061166,5.94819,0,0,0
1.69514,3,0,0,0,0,0,0,0,0,0,0
1.69514,4,0,0,0,0,0,0,0,0,0,0
1.69514,5,0,0,0,0,0,0,0,0,0,0
1.75287,0,-5.18196,-6.03871,5.09182,-1.77308,0.155798,-0.00122654,2.56507,0,0,0
1.75287,1,1.89543,1.83884,4.26643,0.594879,0.462286,-0.119315,0.955465,0,0,0
1.75287,2,-7.0022,1.8525,7.71202,-0.00515245,0.000259182,-0.00419208,5.94819,0,0,0
1.75287,3,0,0,0,0,0,0,0,0,0,0
1.75287,4,0,0,0,0,0,0,0,0,0,0
1.75287,5,0,0,0,0,0,0,0,0,0,0
1.80847,0,-5.25264,-6.03219,5.10217,-1.74982,0.153218,-0.0462394,2.56507,0,0,0
1.80847,1,1.91907,1.85451,4.26266,0.586711,0.448045,-0.108144,0.955465,0,0,0
1.80847,2,-7.00274,1.85274,7.71168,-0.00354329,0.000556252,-0.0056377,5.94752,0,0,0
1.80847,3,0,0,0,0,0,0,0,0,0,0
1.80847,4,0,0,0,0,0,0,0,0,0,0
1.80847,5,0,0,0,0,0,0,0,0,0,0
1.86122,0,-5.31115,-6.02951,5.10863,-1.68356,0.135828,-0.0650057,2.39316,0,0,0
1.86122,1,1.93095,1.8633,4.2589,0.539053,0.412046,-0.10049,0.887803,0,0,0
1.86122,2,-7.00331,1.85292,7.7114,-0.00262733,0.000794459,-0.00495888,5.94752,0,0,0
1.86122,3,0,0,0,0,0,0,0,0,0,0
1.86122,4,0,0,0,0,0,0,0,0,0,0
1.86122,5,0,0,0,0,0,0,0,0,0,0
1.91139,0,-5.3788,-6.02354,5.11288,-1.65829,0.135497,-0.059746,2.39316,0,0,0
1.91139,1,1.94445,1.87399,4.25548,0.501045,0.386059,-0.092459,0.887803,0,0,0
1.91139,2,-7.00407,1.85312,7.71117,-0.00262765,0.00116541,-0.00421814,5.94707,0,0,0
1.91139,3,0,0,0,0,0,0,0,0,0,0
1.91139,4,0,0,0,0,0,0,0,0,0,0
1.91139,5,0,0,0,0,0,0,0,0,0,0
1.96717,0,-5.45738,-6.018,5.11977,-1.67342,0.136105,-0.0505915,2.26632,0,0,0
1.96717,1,1.95037,1.87719,4.25294,0.443398,0.338793,-0.0817705,0.855098,0,0,0
1.96717,2,-7.00436,1.85296,7.71096,-0.000819861,8.84643e-05,-0.0040147,5.94707,0,0,0
1.96717,3,0,0,0,0,0,0,0,0,0,0
1.96717,4,0,0,0,0,0,0,0,0,0,0
1.96717,5,0,0,0,0,0,0,0,0,0,0
2.02078,0,-5.52213,-6.01596,5.12671,-1.63652,0.120446,-0.0434645,2.26632,0,0,0
2.02078,1,1.97293,1.89284,4.24991,0.447009,0.335681,-0.0776295,0.820535,0,0,0
2.02078,2,-7.00486,1.85316,7.71076,-0.000147422,0.000370773,-0.00243683,5.94651,0,0,0
2.02078,3,0,0,0,0,0,0,0,0,0,0
2.02078,4,0,0,0,0,0,0,0,0,0,0
2.02078,5,0,0,0,0,0,0,0,0,0,0
2.07607,0,-5.58345,-6.01344,5.13406,-1.57937,0.106451,-0.0423105,2.12217,0,0,0
2.07607,1,1.98758,1.90417,4.24645,0.423143,0.319603,-0.0741145,0.820535,0,0,0
2.07607,2,-7.00536,1.85328,7.71056,0.000288391,0.000436656,-0.00344683,5.94651,0,0,0
2.07607,3,0,0,0,0,0,0,0,0,0,0
2.07607,4,0,0,0,0,0,0,0,0,0,0
2.07607,5,0,0,0,0,0,0,0,0,0,0
2.13205,0,-5.65999,-6.00501,5.13991,-1.59888,0.118283,-0.0376303,2.12217,0,0,0
2.13205,1,2.00343,1.91597,4.24314,0.406491,0.306912,-0.0731498,0.781672,0,0,0
2.13205,2,-7.00567,1.85331,7.71039,0.00124785,0.000187392,-0.00323313,5.94574,0,0,0
2.13205,3,0,0,0,0,0,0,0,0,0,0
2.13205,4,0,0,0,0,0,0,0,0,0,0
2.13205,5,0,0,0,0,0,0,0,0,0,0
2.18766,0,-5.67074,-6.00457,5.14634,-1.38905,0.0929463,-0.0190359,1.98329,0,0,0
2.18766,1,2.02249,1.92953,4.23931,0.402777,0.301061,-0.0717472,0.781672,0,0,0
2.18766,2,-7.00557,1.85327,7.71023,0.00340664,-0.000295786,-0.00294797,5.94574,0,0,0
2.18766,3,0,0,0,0,0,0,0,0,0,0
2.18766,4,0,0,0,0,0,0,0,0,0,0
2.18766,5,0,0,0,0,0,0,0,0,0,0
2.24319,0,-5.72988,-5.99619,5.15068,-1.36966,0.107712,-0.0120525,1.98329,0,0,0
2.24319,1,2.03836,1.94158,4.23557,0.388482,0.291287,-0.0701455,0.757973,0,0,0
2.24319,2,-7.00612,1.85349,7.71008,0.00303338,0.000212578,-0.00286934,5.9456,0,0,0
2.24319,3,0,0,0,0,0,0,0,0,0,0
2.24319,4,0,0,0,0,0,0,0,0,0,0
2.24319,5,0,0,0,0,0,0,0,0,0,0
2.29598,0,-5.79075,-5.99334,5.15618,-1.3574,0.101187,0.0164851,1.91219,0,0,0
2.29598,1,2.05269,1.95219,4.23244,0.371017,0.278063,-0.0685039,0.757973,0,0,0
2.29598,2,-7.00631,1.8536,7.70993,0.00369202,0.000335438,-0.00267196,5.9456,0,0,0
2.29598,3,0,0,0,0,0,0,0,0,0,0
2.29598,4,0,0,0,0,0,0,0,0,0,0
2.29598,5,0,0,0,0,0,0,0,0,0,0
2.34922,0,-5.81977,-5.99171,5.16216,-1.23148,0.0834086,0.0225029,1.91219,0,0,0
2.34922,1,2.06645,1.96235,4.23026,0.351042,0.262917,-0.065768,0.719615,0,0,0
2.34922,2,-7.00649,1.85357,7.70978,0.00423789,-4.27288e-05,-0.00260911,5.94494,0,0,0
2.34922,3,0,0,0,0,0,0,0,0,0,0
2.34922,4,0,0,0,0,0,0,0,0,0,0
2.34922,5,0,0,0,0,0,0,0,0,0,0
2.41026,0,-5.88034,-5.98357,5.16905,-1.23726,0.100301,0.0189208,1.82148,0,0,0
2.41026,1,2.07672,1.96984,4.22483,0.325471,0.243594,-0.0604815,0.719615,0,0,0
2.41026,2,-7.00657,1.85364,7.70964,0.00494557,-1.63513e-05,-0.00248816,5.94494,0,0,0
2.41026,3,0,0,0,0,0,0,0,0,0,0
2.41026,4,0,0,0,0,0,0,0,0,0,0
2.41026,5,0,0,0,0,0,0,0,0,0,0
2.46797,0,-5.92858,-5.97924,5.17313,-1.1869,0.0970521,0.0328451,1.82148,0,0,0
2.46797,1,2.08705,1.97746,4.22238,0.300786,0.225254,-0.0572806,0.689003,0,0,0
2.46797,2,-7.00661,1.85372,7.70951,0.00564981,6.39574e-05,-0.00224147,5.94475,0,0,0
2.46797,3,0,0,0,0,0,0,0,0,0,0
2.46797,4,0,0,0,0,0,0,0,0,0,0
2.46797,5,0,0,0,0,0,0,0,0,0,0
2.51813,0,-5.96797,-5.97951,5.17957,-1.1223,0.0778627,0.0281151,1.71156,0,0,0
2.51813,1,2.10181,1.98765,4.22221,0.297262,0.219392,-0.0542684,0.689003,0,0,0
2.51813,2,-7.0069,1.85372,7.70941,0.00535588,-5.02125e-05,-0.00217528,5.94475,0,0,0
2.51813,3,0,0,0,0,0,0,0,0,0,0
2.51813,4,0,0,0,0,0,0,0,0,0,0
2.51813,5,0,0,0,0,0,0,0,0,0,0
2.57112,0,-6.02754,-5.97606,5.18459,-1.13027,0.0764625,0.0255535,1.71156,0,0,0
2.57112,1,2.11573,1.99779,4.21963,0.281006,0.207059,-0.0516614,0.658193,0,0,0
2.57112,2,-7.00661,1.85369,7.70929,0.0070544,-0.000400885,-0.00120563,5.9445,0,0,0
2.57112,3,0,0,0,0,0,0,0,0,0,0
2.57112,4,0,0,0,0,0,0,0,0,0,0
2.57112,5,0,0,0,0,0,0,0,0,0,0
2.63686,0,-6.04,-5.97499,5.18903,-0.987323,0.06293,0.0349491,1.61194,0,0,0
2.63686,1,2.12698,2.00597,4.21731,0.265618,0.195472,-0.0508747,0.658193,0,0,0
2.63686,2,-7.00689,1.85389,7.70918,0.00654264,0.000138256,-0.00208633,5.9445,0,0,0
2.63686,3,0,0,0,0,0,0,0,0,0,0
2.63686,4,0,0,0,0,0,0,0,0,0,0
2.63686,5,0,0,0,0,0,0,0,0,0,0
2.68961,0,-6.0919,-5.97108,5.19359,-0.977992,0.0659112,0.0347645,1.61194,0,0,0
2.68961,1,2.13934,2.01479,4.21507,0.256277,0.187433,-0.0498267,0.626682,0,0,0
2.68961,2,-7.00674,1.85366,7.70908,0.00764255,-0.00078799,-0.001118,5.94432,0,0,0
2.68961,3,0,0,0,0,0,0,0,0,0,0
2.68961,4,0,0,0,0,0,0,0,0,0,0
2.68961,5,0,0,0,0,0,0,0,0,0,0
2.73981,0,-6.12895,-5.97009,5.19799,-0.918034,0.0578382,0.0464835,1.54678,0,0,0
2.73981,1,2.14996,2.02254,4.21283,0.242581,0.177376,-0.0485078,0.626682,0,0,0
2.73981,2,-7.00707,1.85395,7.70897,0.00672754,0.000128833,-0.00181357,5.94432,0,0,0
2.73981,3,0,0,0,0,0,0,0,0,0,0
2.73981,4,0,0,0,0,0,0,0,0,0,0
2.73981,5,0,0,0,0,0,0,0,0,0,0
2.79274,0,-6.16111,-5.96552,5.20349,-0.867606,0.0618159,0.0438224,1.54678,0,0,0
2.79274,1,2.1606,2.03041,4.21065,0.231152,0.169331,-0.0473152,0.597998,0,0,0
2.79274,2,-7.00683,1.85382,7.70888,0.00789103,-0.00049244,-0.00103307,5.94415,0,0,0
2.79274,3,0,0,0,0,0,0,0,0,0,0
2.79274,4,0,0,0,0,0,0,0,0,0,0
2.79274,5,0,0,0,0,0,0,0,0,0,0
2.84304,0,-6.20649,-5.96234,5.20849,-0.863434,0.0617923,0.0431007,1.47668,0,0,0
2.84304,1,2.16976,2.0369,4.20843,0.218992,0.15972,-0.0454326,0.597998,0,0,0
2.84304,2,-7.00742,1.85388,7.7088,0.00603122,-0.000250624,-0.00169783,5.94415,0,0,0
2.84304,3,0,0,0,0,0,0,0,0,0,0
2.84304,4,0,0,0,0,0,0,0,0,0,0
2.84304,5,0,0,0,0,0,0,0,0,0,0
2.89345,0,-6.19806,-5.97399,5.21062,-0.673256,0.00729399,0.0547318,1.47668,0,0,0
2.89345,1,2.17875,2.04332,4.20631,0.203841,0.148214,-0.0433857,0.57316,0,0,0
2.89345,2,-7.00743,1.854,7.70873,0.00620246,8.58909e-05,-0.00154553,5.94404,0,0,0
2.89345,3,0,0,0,0,0,0,0,0,0,0
2.89345,4,0,0,0,0,0,0,0,0,0,0
2.89345,5,0,0,0,0,0,0,0,0,0,0
2.94853,0,-6.23715,-5.95851,5.21536,-0.688747,0.0572049,0.0530865,1.43978,0,0,0
2.94853,1,2.18755,2.04964,4.20421,0.194058,0.141057,-0.0410735,0.57316,0,0,0
2.94853,2,-7.00756,1.85398,7.70863,0.00590553,-9.09766e-05,-0.00152877,5.94404,0,0,0
2.94853,3,0,0,0,0,0,0,0,0,0,0
2.94853,4,0,0,0,0,0,0,0,0,0,0
2.94853,5,0,0,0,0,0,0,0,0,0,0
2.99882,0,-6.28142,-5.95114,5.21974,-0.714014,0.0759973,0.0595683,1.43978,0,0,0
2.99882,1,2.18755,2.04964,4.20421,0.194058,0.141057,-0.0410735,0.550903,0,0,0
2.99882,2,-7.00762,1.854,7.70854,0.00584324,-0.000127597,-0.0013838,5.94387,0,0,0
2.99882,3,0,0,0,0,0,0,0,0,0,0
2.99882,4,0,0,0,0,0,0,0,0,0,0
2.99882,5,0,0,0,0,0,0,0,0,0,0
3.05468,0,-6.31977,-5.95206,5.22027,-0.713286,0.0624354,0.0596834,1.35466,0,0,0
3.05468,1,2.20814,2.06457,4.20019,0.184558,0.133592,-0.0377398,0.550903,0,0,0
3.05468,2,-7.00778,1.854,7.70846,0.00541241,-0.00017404,-0.00128177,5.94387,0,0,0
3.05468,3,0,0,0,0,0,0,0,0,0,0
3.05468,4,0,0,0,0,0,0,0,0,0,0
3.05468,5,0,0,0,0,0,0,0,0,0,0
3.10626,0,-6.35088,-5.9528,5.22469,-0.681842,0.0485856,0.0529442,1.35466,0,0,0
3.10626,1,2.2156,2.07022,4.19851,0.171711,0.125155,-0.0366979,0.525166,0,0,0
3.10626,2,-7.00793,1.85404,7.70839,0.00497778,-9.42072e-05,-0.00118799,5.94373,0,0,0
3.10626,3,0,0,0,0,0,0,0,0,0,0
3.10626,4,0,0,0,0,0,0,0,0,0,0
3.10626,5,0,0,0,0,0,0,0,0,0,0
3.15908,0,-6.37311,-5.95142,5.22887,-0.631232,0.0427587,0.052804,1.28531,0,0,0
3.15908,1,2.22364,2.07575,4.19648,0.164444,0.118796,-0.0357811,0.525166,0,0,0
3.15908,2,-7.00817,1.85418,7.70834,0.00425302,0.000384835,-0.00112844,5.94373,0,0,0
3.15908,3,0,0,0,0,0,0,0,0,0,0
3.15908,4,0,0,0,0,0,0,0,0,0,0
3.15908,5,0,0,0,0,0,0,0,0,0,0
3.21293,0,-6.40784,-5.95117,5.23242,-0.625807,0.036114,0.0528725,1.28531,0,0,0
3.21293,1,2.23286,2.08265,4.19467,0.162031,0.117854,-0.0346452,0.505716,0,0,0
3.21293,2,-7.00837,1.85414,7.70828,0.00373995,0.000112142,-0.00104833,5.94338,0,0,0
3.21293,3,0,0,0,0,0,0,0,0,0,0
3.21293,4,0,0,0,0,0,0,0,0,0,0
3.21293,5,0,0,0,0,0,0,0,0,0,0
3.26691,0,-6.42632,-5.94824,5.23565,-0.565882,0.0363605,0.0553176,1.22785,0,0,0
3.26691,1,2.23756,2.08648,4.19356,0.145387,0.107425,-0.0336825,0.505716,0,0,0
3.26691,2,-7.00845,1.85422,7.70822,0.00371012,0.000289385,-0.00101201,5.94338,0,0,0
3.26691,3,0,0,0,0,0,0,0,0,0,0
3.26691,4,0,0,0,0,0,0,0,0,0,0
3.26691,5,0,0,0,0,0,0,0,0,0,0
3.3247,0,-6.46048,-5.94481,5.23998,-0.56884,0.0432706,0.0538505,1.22785,0,0,0
3.3247,1,2.23756,2.08648,4.19356,0.145387,0.107425,-0.0336825,0.487907,0,0,0
3.3247,2,-7.00858,1.85424,7.70817,0.00346659,0.000255669,-0.000915949,5.94321,0,0,0
3.3247,3,0,0,0,0,0,0,0,0,0,0
3.3247,4,0,0,0,0,0,0,0,0,0,0
3.3247,5,0,0,0,0,0,0,0,0,0,0
3.38609,0,-6.49013,-5.94422,5.24669,-0.561632,0.0380929,0.0526302,1.17439,0,0,0
3.38609,1,2.25678,2.1003,4.18987,0.147943,0.107549,-0.0321423,0.487907,0,0,0
3.38609,2,-7.0087,1.85416,7.70812,0.00325667,-0.000129065,-0.000911516,5.94321,0,0,0
3.38609,3,0,0,0,0,0,0,0,0,0,0
3.38609,4,0,0,0,0,0,0,0,0,0,0
3.38609,5,0,0,0,0,0,0,0,0,0,0
3.44456,0,-6.50969,-5.9425,5.24982,-0.522119,0.036558,0.0518724,1.17439,0,0,0
3.44456,1,2.26439,2.10629,4.18818,0.143344,0.10569,-0.0316294,0.463949,0,0,0
3.44456,2,-7.00881,1.85421,7.70808,0.00308028,-8.44729e-06,-0.000818543,5.94314,0,0,0
3.44456,3,0,0,0,0,0,0,0,0,0,0
3.44456,4,0,0,0,0,0,0,0,0,0,0
3.44456,5,0,0,0,0,0,0,0,0,0,0
3.50113,0,-6.537,-5.94226,5.24983,-0.51431,0.0311022,0.0500904,1.12434,0,0,0
3.50113,1,2.27335,2.11286,4.18668,0.141129,0.103727,-0.0309828,0.463949,0,0,0
3.50113,2,-7.00888,1.85424,7.70804,0.00300982,2.87985e-05,-0.000756204,5.94314,0,0,0
3.50113,3,0,0,0,0,0,0,0,0,0,0
3.50113,4,0,0,0,0,0,0,0,0,0,0
3.50113,5,0,0,0,0,0,0,0,0,0,0
3.55165,0,-6.56047,-5.94197,5.25307,-0.495555,0.026227,0.049623,1.12434,0,0,0
3.55165,1,2.282,2.11968,4.18532,0.141332,0.105274,-0.0302206,0.442923,0,0,0
3.55165,2,-7.00895,1.85421,7.70799,0.00295065,-0.000147686,-0.000725566,5.94297,0,0,0
3.55165,3,0,0,0,0,0,0,0,0,0,0
3.55165,4,0,0,0,0,0,0,0,0,0,0
3.55165,5,0,0,0,0,0,0,0,0,0,0
3.60739,0,-6.57994,-5.93954,5.25588,-0.454922,0.0268391,0.0500718,1.07358,0,0,0
3.60739,1,2.28807,2.12412,4.18375,0.131952,0.0982307,-0.0295377,0.442923,0,0,0
3.60739,2,-7.00906,1.85422,7.70796,0.00273047,-0.000161814,-0.000657495,5.94297,0,0,0
3.60739,3,0,0,0,0,0,0,0,0,0,0
3.60739,4,0,0,0,0,0,0,0,0,0,0
3.60739,5,0,0,0,0,0,0,0,0,0,0
3.65771,0,-6.60191,-5.93805,5.25942,-0.430002,0.0262532,0.0490253,1.07358,0,0,0
3.65771,1,2.29514,2.12933,4.18244,0.127215,0.0944391,-0.028872,0.42416,0,0,0
3.65771,2,-7.0091,1.85429,7.70793,0.00272037,5.7842e-05,-0.000235411,5.9429,0,0,0
3.65771,3,0,0,0,0,0,0,0,0,0,0
3.65771,4,0,0,0,0,0,0,0,0,0,0
3.65771,5,0,0,0,0,0,0,0,0,0,0
3.71461,0,-6.62673,-5.93525,5.26462,-0.428413,0.0322648,0.047112,1.03153,0,0,0
3.71461,1,2.30396,2.13594,4.18083,0.129052,0.095808,-0.028027,0.42416,0,0,0
3.71461,2,-7.00921,1.85428,7.7079,0.00251741,-4.8305e-05,-0.000527145,5.9429,0,0,0
3.71461,3,0,0,0,0,0,0,0,0,0,0
3.71461,4,0,0,0,0,0,0,0,0,0,0
3.71461,5,0,0,0,0,0,0,0,0,0,0
3.76982,0,-6.64496,-5.93538,5.26725,-0.403885,0.0255536,0.0459276,1.03153,0,0,0
3.76982,1,2.3106,2.14114,4.17936,0.125096,0.093873,-0.0274273,0.404147,0,0,0
3.76982,2,-7.00928,1.85427,7.70787,0.00239259,-0.0001193,-0.00045357,5.94277,0,0,0
3.76982,3,0,0,0,0,0,0,0,0,0,0
3.76982,4,0,0,0,0,0,0,0,0,0,0
3.76982,5,0,0,0,0,0,0,0,0,0,0
3.82815,0,-6.66977,-5.93347,5.26713,-0.402845,0.0311928,0.0454292,0.987788,0,0,0
3.82815,1,2.31909,2.14716,4.1781,0.126556,0.093522,-0.0268697,0.404147,0,0,0
3.82815,2,-7.00932,1.85429,7.70785,0.00241803,-0.000102821,-0.000432539,5.94277,0,0,0
3.82815,3,0,0,0,0,0,0,0,0,0,0
3.82815,4,0,0,0,0,0,0,0,0,0,0
3.82815,5,0,0,0,0,0,0,0,0,0,0
3.8783,0,-6.69037,-5.9322,5.2718,-0.391518,0.0300635,0.0433573,0.987788,0,0,0
3.8783,1,2.32773,2.15374,4.17703,0.127139,0.0943831,-0.0263446,0.385115,0,0,0
3.8783,2,-7.00934,1.85432,7.70783,0.00245905,-5.6388e-05,-8.69513e-05,5.94271,0,0,0
3.8783,3,0,0,0,0,0,0,0,0,0,0
3.8783,4,0,0,0,0,0,0,0,0,0,0
3.8783,5,0,0,0,0,0,0,0,0,0,0
3.93355,0,-6.71056,-5.93082,5.27435,-0.38099,0.0295072,0.0427328,0.942045,0,0,0
3.93355,1,2.33463,2.15929,4.17559,0.121919,0.0919868,-0.0257897,0.385115,0,0,0
3.93355,2,-7.00936,1.85432,7.70781,0.00249239,-7.75615e-05,-0.000355083,5.94271,0,0,0
3.93355,3,0,0,0,0,0,0,0,0,0,0
3.93355,4,0,0,0,0,0,0,0,0,0,0
3.93355,5,0,0,0,0,0,0,0,0,0,0
3.98898,0,-6.73103,-5.93002,5.2769,-0.373068,0.0274323,0.0415051,0.901023,0,0,0
3.98898,1,2.34269,2.16581,4.17439,0.122727,0.0940754,-0.0253185,0.365253,0,0,0
3.98898,2,-7.00945,1.85425,7.70779,0.00225335,-0.00034384,-0.000323317,5.94266,0,0,0
3.98898,3,0,0,0,0,0,0,0,0,0,0
3.98898,4,0,0,0,0,0,0,0,0,0,0
3.98898,5,0,0,0,0,0,0,0,0,0,0
4.04934,0,-6.74754,-5.92974,5.27904,-0.352918,0.0229114,0.0406538,0.901023,0,0,0
4.04934,1,2.34915,2.17022,4.17328,0.118525,0.0892622,-0.0247369,0.346931,0,0,0
4.04934,2,-7.0095,1.85431,7.70777,0.00213757,-0.000142788,-0.000257445,5.94266,0,0,0
4.04934,3,0,0,0,0,0,0,0,0,0,0
4.04934,4,0,0,0,0,0,0,0,0,0,0
4.04934,5,0,0,0,0,0,0,0,0,0,0
4.10743,0,-6.77361,-5.92687,5.28132,-0.365945,0.0303433,0.0394376,0.858101,0,0,0
4.10743,1,2.35683,2.17601,4.17189,0.117706,0.088553,-0.0241841,0.346931,0,0,0
4.10743,2,-7.00954,1.85431,7.70776,0.0020519,-0.000178953,-0.000188217,5.9426,0,0,0
4.10743,3,0,0,0,0,0,0,0,0,0,0
4.10743,4,0,0,0,0,0,0,0,0,0,0
4.10743,5,0,0,0,0,0,0,0,0,0,0
4.15767,0,-6.79082,-5.92779,5.2814,-0.342366,0.0208349,0.04042,0.858101,0,0,0
4.15767,1,2.36297,2.18061,4.17058,0.11464,0.086176,-0.0236672,0.329435,0,0,0
4.15767,2,-7.00957,1.85432,7.70776,0.00202212,-0.000161408,-0.000160421,5.9426,0,0,0
4.15767,3,0,0,0,0,0,0,0,0,0,0
4.15767,4,0,0,0,0,0,0,0,0,0,0
4.15767,5,0,0,0,0,0,0,0,0,0,0
4.20786,0,-6.8097,-5.92653,5.28361,-0.33292,0.021368,0.0390098,0.822024,0,0,0
4.20786,1,2.36965,2.18577,4.16931,0.112535,0.0850316,-0.023128,0.329435,0,0,0
4.20786,2,-7.00958,1.85433,7.70775,0.0020309,-0.000138909,-0.000116298,5.94256,0,0,0
4.20786,3,0,0,0,0,0,0,0,0,0,0
4.20786,4,0,0,0,0,0,0,0,0,0,0
4.20786,5,0,0,0,0,0,0,0,0,0,0
4.26193,0,-6.83113,-5.92418,5.28581,-0.337964,0.0267519,0.0390211,0.822024,0,0,0
4.26193,1,2.37589,2.19052,4.16816,0.109496,0.0828608,-0.0224703,0.329435,0,0,0
4.26193,2,-7.00961,1.85432,7.70774,0.00199246,-0.000203882,0.000140081,5.94256,0,0,0
4.26193,3,0,0,0,0,0,0,0,0,0,0
4.26193,4,0,0,0,0,0,0,0,0,0,0
4.26193,5,0,0,0,0,0,0,0,0,0,0
4.31253,0,-6.8503,-5.92384,5.28791,-0.334205,0.0238563,0.0385191,0.781111,0,0,0
4.31253,1,2.37589,2.19052,4.16816,0.109496,0.0828608,-0.0224703,0.312973,0,0,0
4.31253,2,-7.00961,1.85432,7.70774,0.00199246,-0.000203882,0.000140081,5.94254,0,0,0
4.31253,3,0,0,0,0,0,0,0,0,0,0
4.31253,4,0,0,0,0,0,0,0,0,0,0
4.31253,5,0,0,0,0,0,0,0,0,0,0
4.36804,0,-6.86826,-5.92258,5.29001,-0.327718,0.0241231,0.0373922,0.781111,0,0,0
4.36804,1,2.38915,2.2006,4.16492,0.10808,0.0819052,-0.0206949,0.30429,0,0,0
4.36804,2,-7.00963,1.85432,7.70774,0.00195343,-0.000212789,-6.35405e-05,5.94254,0,0,0
4.36804,3,0,0,0,0,0,0,0,0,0,0
4.36804,4,0,0,0,0,0,0,0,0,0,0
4.36804,5,0,0,0,0,0,0,0,0,0,0
4.42076,0,-6.88822,-5.92357,5.29222,-0.322081,0.0163859,0.0364233,0.743009,0,0,0
4.42076,1,2.38915,2.2006,4.16492,0.10808,0.0819052,-0.0206949,0.30429,0,0,0
4.42076,2,-7.00964,1.85433,7.70773,0.00192286,-0.000205444,-4.37562e-05,5.94252,0,0,0
4.42076,3,0,0,0,0,0,0,0,0,0,0
4.42076,4,0,0,0,0,0,0,0,0,0,0
4.42076,5,0,0,0,0,0,0,0,0,0,0
4.4767,0,-6.90674,-5.92394,5.29427,-0.313264,0.0115864,0.0355355,0.743009,0,0,0
4.4767,1,2.394,2.20432,4.16395,0.102586,0.078001,-0.0198832,0.30429,0,0,0
4.4767,2,-7.00964,1.85434,7.70773,0.00190432,-0.000158366,2.27935e-06,5.94252,0,0,0
4.4767,3,0,0,0,0,0,0,0,0,0,0
4.4767,4,0,0,0,0,0,0,0,0,0,0
4.4767,5,0,0,0,0,0,0,0,0,0,0
4.53769,0,-6.92567,-5.92213,5.29621,-0.313499,0.0146802,0.0342186,0.705329,0,0,0
4.53769,1,2.40106,2.20944,4.16298,0.10324,0.0775324,-0.0192189,0.289849,0,0,0
4.53769,2,-7.00966,1.85434,7.70773,0.00183574,-0.00019797,3.32116e-05,5.94249,0,0,0
4.53769,3,0,0,0,0,0,0,0,0,0,0
4.53769,4,0,0,0,0,0,0,0,0,0,0
4.53769,5,0,0,0,0,0,0,0,0,0,0
4.59291,0,-6.94184,-5.92037,5.29811,-0.305425,0.0171243,0.0332365,0.705329,0,0,0
4.59291,1,2.40638,2.21368,4.16238,0.100125,0.076021,-0.019281,0.274255,0,0,0
4.59291,2,-7.00966,1.85434,7.70773,0.00183574,-0.00019797,3.32116e-05,5.94249,0,0,0
4.59291,3,0,0,0,0,0,0,0,0,0,0
4.59291,4,0,0,0,0,0,0,0,0,0,0
4.59291,5,0,0,0,0,0,0,0,0,0,0
4.64804,0,-6.95731,-5.92168,5.3,-0.293296,0.00940986,0.0321616,0.673509,0,0,0
4.64804,1,2.41243,2.21812,4.16138,0.099073,0.0746465,-0.0185402,0.274255,0,0,0
4.64804,2,-7.00964,1.85436,7.70774,0.00185365,-0.000124199,6.97938e-05,5.94249,0,0,0
4.64804,3,0,0,0,0,0,0,0,0,0,0
4.64804,4,0,0,0,0,0,0,0,0,0,0
4.64804,5,0,0,0,0,0,0,0,0,0,0
4.70845,0,-6.97741,-5.91717,5.30165,-0.300886,0.0217763,0.0314745,0.673509,0,0,0
4.70845,1,2.4181,2.22248,4.16035,0.0979132,0.0740098,-0.0187199,0.259459,0,0,0
4.70845,2,-7.00965,1.85435,7.70774,0.0017963,-0.000151212,8.07739e-05,5.94249,0,0,0
4.70845,3,0,0,0,0,0,0,0,0,0,0
4.70845,4,0,0,0,0,0,0,0,0,0,0
4.70845,5,0,0,0,0,0,0,0,0,0,0
4.77643,0,-6.99291,-5.91738,5.30339,-0.284795,0.0164095,0.0310125,0.637539,0,0,0
4.77643,1,2.42349,2.2266,4.15944,0.0951883,0.0720577,-0.0184011,0.259459,0,0,0
4.77643,2,-7.00963,1.85438,7.70774,0.00183435,-7.55156e-05,0.000110793,5.94248,0,0,0
4.77643,3,0,0,0,0,0,0,0,0,0,0
4.77643,4,0,0,0,0,0,0,0,0,0,0
4.77643,5,0,0,0,0,0,0,0,0,0,0
4.84698,0,-7.00417,-5.91869,5.30661,-0.266049,0.00881213,0.0290623,0.637539,0,0,0
4.84698,1,2.42927,2.23088,4.15836,0.0952013,0.0716083,-0.0176444,0.245344,0,0,0
4.84698,2,-7.00965,1.85435,7.70775,0.00170212,-0.000166681,0.000102785,5.94248,0,0,0
4.84698,3,0,0,0,0,0,0,0,0,0,0
4.84698,4,0,0,0,0,0,0,0,0,0,0
4.84698,5,0,0,0,0,0,0,0,0,0,0
4.90635,0,-7.02274,-5.91666,5.30832,-0.273305,0.0133481,0.0284419,0.607367,0,0,0
4.90635,1,2.43519,2.23558,4.15746,0.0949162,0.0722085,-0.0176362,0.245344,0,0,0
4.90635,2,-7.00963,1.85437,7.70775,0.00171901,-0.000111165,0.000124926,5.94249,0,0,0
4.90635,3,0,0,0,0,0,0,0,0,0,0
4.90635,4,0,0,0,0,0,0,0,0,0,0
4.90635,5,0,0,0,0,0,0,0,0,0,0
4.96418,0,-7.03895,-5.91293,5.3099,-0.272626,0.022483,0.0277401,0.607367,0,0,0
4.96418,1,2.4394,2.23859,4.15668,0.0902134,0.0680526,-0.0171667,0.232507,0,0,0
4.96418,2,-7.00963,1.85437,7.70776,0.00165602,-0.000127438,0.000135758,5.94249,0,0,0
4.96418,3,0,0,0,0,0,0,0,0,0,0
4.96418,4,0,0,0,0,0,0,0,0,0,0
4.96418,5,0,0,0,0,0,0,0,0,0,0
5.01947,0,-7.03457,-5.91715,5.31144,-0.256358,0.00674035,0.0264624,0.595333,0,0,0
5.01947,1,2.44417,2.24221,4.15575,0.0878962,0.0662798,-0.0162517,0.232507,0,0,0
5.01947,2,-7.00962,1.85437,7.70777,0.00157397,-0.000115118,0.000149306,5.94249,0,0,0
5.01947,3,0,0,0,0,0,0,0,0,0,0
5.01947,4,0,0,0,0,0,0,0,0,0,0
5.01947,5,0,0,0,0,0,0,0,0,0,0
5.06962,0,-7.05592,-5.91339,5.31147,-0.278187,0.0194045,0.0266915,0.595333,0,0,0
5.06962,1,2.44877,2.24566,4.15516,0.0820382,0.0618835,-0.0160917,0.220671,0,0,0
5.06962,2,-7.00962,1.85437,7.70777,0.00157397,-0.000115118,0.000149306,5.94249,0,0,0
5.06962,3,0,0,0,0,0,0,0,0,0,0
5.06962,4,0,0,0,0,0,0,0,0,0,0
5.06962,5,0,0,0,0,0,0,0,0,0,0
5.12083,0,-7.07002,-5.91224,5.31287,-0.26785,0.0192509,0.0276417,0.559692,0,0,0
5.12083,1,2.45307,2.24885,4.15417,0.0786432,0.0590889,-0.015231,0.220671,0,0,0
5.12083,2,-7.0096,1.85439,7.70779,0.00150767,-7.52548e-05,0.000165692,5.94249,0,0,0
5.12083,3,0,0,0,0,0,0,0,0,0,0
5.12083,4,0,0,0,0,0,0,0,0,0,0
5.12083,5,0,0,0,0,0,0,0,0,0,0
5.17097,0,-7.09479,-5.91197,5.31471,-0.243927,0.0130186,0.0270664,0.559692,0,0,0
5.17097,1,2.45676,2.25168,4.15378,0.0738927,0.055707,-0.0149186,0.210572,0,0,0
5.17097,2,-7.0096,1.85439,7.70779,0.00150767,-7.52548e-05,0.000165692,5.94249,0,0,0
5.17097,3,0,0,0,0,0,0,0,0,0,0
5.17097,4,0,0,0,0,0,0,0,0,0,0
5.17097,5,0,0,0,0,0,0,0,0,0,0
5.22957,0,-7.11025,-5.91219,5.31779,-0.24344,0.00978586,0.0248096,0.51925,0,0,0
5.22957,1,2.46056,2.2544,4.1537,0.0710522,0.053051,-0.0150987,0.210572,0,0,0
5.22957,2,-7.00952,1.85437,7.7078,0.00170778,-0.000138479,0.000276441,5.94249,0,0,0
5.22957,3,0,0,0,0,0,0,0,0,0,0
5.22957,4,0,0,0,0,0,0,0,0,0,0
5.22957,5,0,0,0,0,0,0,0,0,0,0
5.28291,0,-7.12293,-5.9098,5.31883,-0.23304,0.0138802,0.0240237,0.51925,0,0,0
5.28291,1,2.46578,2.25817,4.15245,0.0725835,0.053477,-0.0142821,0.199386,0,0,0
5.28291,2,-7.0096,1.85438,7.7078,0.0013468,-0.000109476,0.000164161,5.94249,0,0,0
5.28291,3,0,0,0,0,0,0,0,0,0,0
5.28291,4,0,0,0,0,0,0,0,0,0,0
5.28291,5,0,0,0,0,0,0,0,0,0,0
5.3342,0,-7.12445,-5.91132,5.32044,-0.238229,0.00867318,0.0219037,0.504825,0,0,0
5.3342,1,2.46957,2.26115,4.15157,0.0692957,0.0516159,-0.0145056,0.199386,0,0,0
5.3342,2,-7.00958,1.85439,7.70781,0.00133944,-6.69827e-05,0.000173442,5.9425,0,0,0
5.3342,3,0,0,0,0,0,0,0,0,0,0
5.3342,4,0,0,0,0,0,0,0,0,0,0
5.3342,5,0,0,0,0,0,0,0,0,0,0
5.38692,0,-7.14068,-5.90852,5.32177,-0.246304,0.0169774,0.0210399,0.504825,0,0,0
5.38692,1,2.4739,2.2643,4.15073,0.0691258,0.0510196,-0.0139814,0.18907,0,0,0
5.38692,2,-7.00958,1.85439,7.70782,0.00126042,-7.96042e-05,0.000170657,5.9425,0,0,0
5.38692,3,0,0,0,0,0,0,0,0,0,0
5.38692,4,0,0,0,0,0,0,0,0,0,0
5.38692,5,0,0,0,0,0,0,0,0,0,0
5.44224,0,-7.1532,-5.908,5.32174,-0.239676,0.015349,0.0222719,0.475943,0,0,0
5.44224,1,2.47838,2.26763,4.15001,0.0688198,0.0506768,-0.0134824,0.18907,0,0,0
5.44224,2,-7.00957,1.8544,7.70783,0.00122346,-5.08968e-05,0.000175716,5.9425,0,0,0
5.44224,3,0,0,0,0,0,0,0,0,0,0
5.44224,4,0,0,0,0,0,0,0,0,0,0
5.44224,5,0,0,0,0,0,0,0,0,0,0
5.49995,0,-7.16512,-5.9073,5.32302,-0.232219,0.0146459,0.0217216,0.475943,0,0,0
5.49995,1,2.48226,2.27059,4.14937,0.0667145,0.0493315,-0.0130207,0.178519,0,0,0
5.49995,2,-7.00958,1.85439,7.70784,0.00113413,-7.47368e-05,0.000173103,5.9425,0,0,0
5.49995,3,0,0,0,0,0,0,0,0,0,0
5.49995,4,0,0,0,0,0,0,0,0,0,0
5.49995,5,0,0,0,0,0,0,0,0,0,0
5.5501,0,-7.18895,-5.90595,5.32527,-0.216587,0.0131147,0.0211093,0.439966,0,0,0
5.5501,1,2.4859,2.27332,4.14873,0.063516,0.0470321,-0.0126315,0.178519,0,0,0
5.5501,2,-7.00957,1.85441,7.70785,0.00109713,-4.17604e-05,0.000172014,5.9425,0,0,0
5.5501,3,0,0,0,0,0,0,0,0,0,0
5.5501,4,0,0,0,0,0,0,0,0,0,0
5.5501,5,0,0,0,0,0,0,0,0,0,0
5.60273,0,-7.19847,-5.90527,5.32687,-0.205243,0.0125932,0.0208507,0.439966,0,0,0
5.60273,1,2.48959,2.27617,4.14804,0.061858,0.0461123,-0.0120216,0.169217,0,0,0
5.60273,2,-7.00958,1.8544,7.70786,0.00102536,-5.30116e-05,0.000167088,5.9425,0,0,0
5.60273,3,0,0,0,0,0,0,0,0,0,0
5.60273,4,0,0,0,0,0,0,0,0,0,0
5.60273,5,0,0,0,0,0,0,0,0,0,0
5.65288,0,-7.207,-5.90402,5.32776,-0.189722,0.0135734,0.0206187,0.42166,0,0,0
5.65288,1,2.49216,2.27786,4.14759,0.0576186,0.0421916,-0.011981,0.169217,0,0,0
5.65288,2,-7.00957,1.85441,7.70787,0.000992299,-1.67052e-05,0.000175214,5.9425,0,0,0
5.65288,3,0,0,0,0,0,0,0,0,0,0
5.65288,4,0,0,0,0,0,0,0,0,0,0
5.65288,5,0,0,0,0,0,0,0,0,0,0
5.71465,0,-7.21797,-5.90457,5.32913,-0.184727,0.00927372,0.0199283,0.42166,0,0,0
5.71465,1,2.49601,2.28072,4.14706,0.0567235,0.0414528,-0.0116978,0.161286,0,0,0
5.71465,2,-7.00958,1.8544,7.70788,0.000886007,-6.12029e-05,0.00016267,5.9425,0,0,0
5.71465,3,0,0,0,0,0,0,0,0,0,0
5.71465,4,0,0,0,0,0,0,0,0,0,0
5.71465,5,0,0,0,0,0,0,0,0,0,0
5.76743,0,-7.22944,-5.90309,5.3303,-0.184304,0.0120844,0.0198582,0.399071,0,0,0
5.76743,1,2.49938,2.28334,4.14634,0.055782,0.0411755,-0.0114473,0.161286,0,0,0
5.76743,2,-7.00957,1.85442,7.70788,0.000871497,-6.89315e-06,0.000229424,5.9425,0,0,0
5.76743,3,0,0,0,0,0,0,0,0,0,0
5.76743,4,0,0,0,0,0,0,0,0,0,0
5.76743,5,0,0,0,0,0,0,0,0,0,0
5.81759,0,-7.24092,-5.90154,5.33134,-0.184331,0.0148274,0.0193711,0.399071,0,0,0
5.81759,1,2.50249,2.28564,4.14568,0.053753,0.0396248,-0.0112529,0.153039,0,0,0
5.81759,2,-7.00957,1.85442,7.70789,0.000830085,-7.04137e-07,0.000166044,5.9425,0,0,0
5.81759,3,0,0,0,0,0,0,0,0,0,0
5.81759,4,0,0,0,0,0,0,0,0,0,0
5.81759,5,0,0,0,0,0,0,0,0,0,0
5.87287,0,-7.24872,-5.90074,5.33135,-0.172278,0.0144249,0.019679,0.379673,0,0,0
5.87287,1,2.50575,2.28811,4.14504,0.0519612,0.0384596,-0.0106712,0.153039,0,0,0
5.87287,2,-7.00958,1.85441,7.7079,0.000746859,-3.82498e-05,0.000162393,5.94249,0,0,0
5.87287,3,0,0,0,0,0,0,0,0,0,0
5.87287,4,0,0,0,0,0,0,0,0,0,0
5.87287,5,0,0,0,0,0,0,0,0,0,0
5.92593,0,-7.2582,-5.90108,5.33239,-0.167756,0.0108056,0.0192455,0.379673,0,0,0
5.92593,1,2.508,2.2896,4.14464,0.0482868,0.0351963,-0.010667,0.14618,0,0,0
5.92593,2,-7.00958,1.85442,7.70791,0.000709398,-2.88088e-05,0.000160275,5.94249,0,0,0
5.92593,3,0,0,0,0,0,0,0,0,0,0
5.92593,4,0,0,0,0,0,0,0,0,0,0
5.92593,5,0,0,0,0,0,0,0,0,0,0
5.97709,0,-7.27173,-5.89728,5.33341,-0.176564,0.0208089,0.0192289,0.35641,0,0,0
5.97709,1,2.51101,2.29198,4.144,0.047645,0.0351997,-0.0101186,0.14618,0,0,0
5.97709,2,-7.00959,1.85441,7.70791,0.000646381,-4.26474e-05,0.000152086,5.94249,0,0,0
5.97709,3,0,0,0,0,0,0,0,0,0,0
5.97709,4,0,0,0,0,0,0,0,0,0,0
5.97709,5,0,0,0,0,0,0,0,0,0,0
6.02811,0,-7.27829,-5.8991,5.33549,-0.16099,0.0114051,0.0178959,0.35641,0,0,0
6.02811,1,2.51371,2.29379,4.14344,0.0462528,0.0335459,-0.009867,0.138997,0,0,0
6.02811,2,-7.00959,1.85442,7.70792,0.000616828,-2.5346e-05,0.000200958,5.94249,0,0,0
6.02811,3,0,0,0,0,0,0,0,0,0,0
6.02811,4,0,0,0,0,0,0,0,0,0,0
6.02811,5,0,0,0,0,0,0,0,0,0,0
6.07826,0,-7.27861,-5.89907,5.33548,-0.162204,0.0115468,0.0179034,0.349463,0,0,0
6.07826,1,2.51637,2.29571,4.14344,0.0449252,0.0323863,-0.00994604,0.138997,0,0,0
6.07826,2,-7.0096,1.85442,7.70793,0.000573083,-3.46099e-05,0.000146745,5.94249,0,0,0
6.07826,3,0,0,0,0,0,0,0,0,0,0
6.07826,4,0,0,0,0,0,0,0,0,0,0
6.07826,5,0,0,0,0,0,0,0,0,0,0
6.13099,0,-7.28737,-5.89849,5.33643,-0.154316,0.0109607,0.0175125,0.349463,0,0,0
6.13099,1,2.51895,2.29761,4.14246,0.0435584,0.0313889,-0.00922463,0.132442,0,0,0
6.13099,2,-7.0096,1.85441,7.70794,0.000519879,-4.9567e-05,0.000146609,5.94249,0,0,0
6.13099,3,0,0,0,0,0,0,0,0,0,0
6.13099,4,0,0,0,0,0,0,0,0,0,0
6.13099,5,0,0,0,0,0,0,0,0,0,0
6.18118,0,-7.29675,-5.89708,5.33739,-0.151885,0.0139062,0.0179821,0.331132,0,0,0
6.18118,1,2.52142,2.29943,4.142,0.0421347,0.0303304,-0.00909698,0.132442,0,0,0
6.18118,2,-7.00961,1.85442,7.70794,0.000479225,-3.18348e-05,0.00013858,5.94249,0,0,0
6.18118,3,0,0,0,0,0,0,0,0,0,0
6.18118,4,0,0,0,0,0,0,0,0,0,0
6.18118,5,0,0,0,0,0,0,0,0,0,0
6.2314,0,-7.30496,-5.89654,5.33817,-0.145627,0.0133183,0.0178606,0.331132,0,0,0
6.2314,1,2.52382,2.30119,4.14156,0.040721,0.029282,-0.00871169,0.126332,0,0,0
6.2314,2,-7.00962,1.85442,7.70795,0.000436582,-3.65679e-05,0.000131494,5.94249,0,0,0
6.2314,3,0,0,0,0,0,0,0,0,0,0
6.2314,4,0,0,0,0,0,0,0,0,0,0
6.2314,5,0,0,0,0,0,0,0,0,0,0
6.28293,0,-7.30748,-5.89734,5.3391,-0.119155,0.00670292,0.0174567,0.320326,0,0,0
6.28293,1,2.52572,2.30261,4.14113,0.0380147,0.0273925,-0.00837947,0.126332,0,0,0
6.28293,2,-7.00962,1.85442,7.70795,0.000406804,-1.20044e-05,0.000128442,5.94248,0,0,0
6.28293,3,0,0,0,0,0,0,0,0,0,0
6.28293,4,0,0,0,0,0,0,0,0,0,0
6.28293,5,0,0,0,0,0,0,0,0,0,0
6.34075,0,-7.31563,-5.89611,5.34026,-0.119393,0.00967409,0.0164851,0.320326,0,0,0
6.34075,1,2.52819,2.30456,4.14075,0.0375274,0.0274842,-0.00812191,0.123927,0,0,0
6.34075,2,-7.00963,1.85442,7.70796,0.000368969,-2.40868e-05,0.000126689,5.94248,0,0,0
6.34075,3,0,0,0,0,0,0,0,0,0,0
6.34075,4,0,0,0,0,0,0,0,0,0,0
6.34075,5,0,0,0,0,0,0,0,0,0,0
6.39557,0,-7.32313,-5.89609,5.34098,-0.117993,0.0078111,0.0161465,0.304516,0,0,0
6.39557,1,2.53063,2.30623,4.14045,0.0362575,0.0260901,-0.00815292,0.123927,0,0,0
6.39557,2,-7.00964,1.85442,7.70797,0.000325151,-2.32459e-05,0.000159354,5.94247,0,0,0
6.39557,3,0,0,0,0,0,0,0,0,0,0
6.39557,4,0,0,0,0,0,0,0,0,0,0
6.39557,5,0,0,0,0,0,0,0,0,0,0
6.45205,0,-7.33563,-5.8941,5.34188,-0.13496,0.0144108,0.0149999,0.304516,0,0,0
6.45205,1,2.53297,2.3079,4.14,0.0358448,0.0255681,-0.0080414,0.117788,0,0,0
6.45205,2,-7.00963,1.85442,7.70798,0.000323372,-4.79488e-05,0.000123004,5.94247,0,0,0
6.45205,3,0,0,0,0,0,0,0,0,0,0
6.45205,4,0,0,0,0,0,0,0,0,0,0
6.45205,5,0,0,0,0,0,0,0,0,0,0
6.50775,0,-7.34368,-5.89438,5.34274,-0.133679,0.0109691,0.014098,0.28383,0,0,0
6.50775,1,2.53526,2.30964,4.13959,0.0345113,0.024825,-0.00793428,0.117788,0,0,0
6.50775,2,-7.00966,1.85444,7.70798,0.00023886,4.1508e-06,0.000116622,5.94248,0,0,0
6.50775,3,0,0,0,0,0,0,0,0,0,0
6.50775,4,0,0,0,0,0,0,0,0,0,0
6.50775,5,0,0,0,0,0,0,0,0,0,0
6.55805,0,-7.35151,-5.89318,5.34347,-0.132241,0.0133342,0.0133885,0.28383,0,0,0
6.55805,1,2.53731,2.31115,4.13925,0.0330786,0.0237971,-0.00780864,0.111975,0,0,0
6.55805,2,-7.00967,1.85444,7.70799,0.000215815,3.93595e-06,0.00011494,5.94248,0,0,0
6.55805,3,0,0,0,0,0,0,0,0,0,0
6.55805,4,0,0,0,0,0,0,0,0,0,0
6.55805,5,0,0,0,0,0,0,0,0,0,0
6.61506,0,-7.3563,-5.8936,5.34411,-0.118671,0.00899023,0.0131206,0.271112,0,0,0
6.61506,1,2.53871,2.31224,4.13893,0.0298056,0.0216596,-0.00765088,0.111975,0,0,0
6.61506,2,-7.00969,1.85444,7.70799,0.000157862,2.27227e-05,0.000113062,5.94244,0,0,0
6.61506,3,0,0,0,0,0,0,0,0,0,0
6.61506,4,0,0,0,0,0,0,0,0,0,0
6.61506,5,0,0,0,0,0,0,0,0,0,0
6.66884,0,-7.36522,-5.89276,5.34494,-0.123388,0.0109141,0.012784,0.271112,0,0,0
6.66884,1,2.54101,2.31382,4.13852,0.0296586,0.0210581,-0.00745735,0.107607,0,0,0
6.66884,2,-7.00969,1.85445,7.708,0.0001443,2.2044e-05,0.000110726,5.94244,0,0,0
6.66884,3,0,0,0,0,0,0,0,0,0,0
6.66884,4,0,0,0,0,0,0,0,0,0,0
6.66884,5,0,0,0,0,0,0,0,0,0,0
6.71921,0,-7.37191,-5.89283,5.34563,-0.119795,0.00866713,0.0127959,0.271112,0,0,0
6.71921,1,2.54327,2.31549,4.13806,0.0301825,0.0214416,-0.0073065,0.107607,0,0,0
6.71921,2,-7.0097,1.85445,7.708,0.000133132,2.17905e-05,0.000109776,5.94243,0,0,0
6.71921,3,0,0,0,0,0,0,0,0,0,0
6.71921,4,0,0,0,0,0,0,0,0,0,0
6.71921,5,0,0,0,0,0,0,0,0,0,0
6.77738,0,-7.37758,-5.89209,5.34626,-0.113447,0.00945575,0.0127069,0.255407,0,0,0
6.77738,1,2.54509,2.31691,4.13771,0.0289561,0.0209223,-0.00710356,0.101935,0,0,0
6.77738,2,-7.00971,1.85445,7.70801,0.000125152,1.49295e-05,0.000108098,5.94243,0,0,0
6.77738,3,0,0,0,0,0,0,0,0,0,0
6.77738,4,0,0,0,0,0,0,0,0,0,0
6.77738,5,0,0,0,0,0,0,0,0,0,0
6.82844,0,-7.38446,-5.89107,5.34697,-0.112177,0.012246,0.0126617,0.255407,0,0,0
6.82844,1,2.54712,2.31837,4.13735,0.0283049,0.0202625,-0.00687561,0.101935,0,0,0
6.82844,2,-7.0097,1.85445,7.70801,0.000152929,-2.46124e-06,0.00010847,5.94242,0,0,0
6.82844,3,0,0,0,0,0,0,0,0,0,0
6.82844,4,0,0,0,0,0,0,0,0,0,0
6.82844,5,0,0,0,0,0,0,0,0,0,0
6.88023,0,-7.38835,-5.89178,5.34763,-0.100752,0.00712242,0.0126786,0.2427,0,0,0
6.88023,1,2.54878,2.31965,4.13698,0.027267,0.0197537,-0.00665629,0.0970801,0,0,0
6.88023,2,-7.00972,1.85445,7.70802,0.000108808,2.06702e-05,0.000105649,5.94242,0,0,0
6.88023,3,0,0,0,0,0,0,0,0,0,0
6.88023,4,0,0,0,0,0,0,0,0,0,0
6.88023,5,0,0,0,0,0,0,0,0,0,0
6.93591,0,-7.39355,-5.89104,5.34831,-0.0961026,0.00824016,0.0125964,0.2427,0,0,0
6.93591,1,2.55091,2.32115,4.1366,0.0276391,0.0196775,-0.00634841,0.0970801,0,0,0
6.93591,2,-7.00971,1.85445,7.70803,0.000133355,4.38011e-06,0.000106187,5.94241,0,0,0
6.93591,3,0,0,0,0,0,0,0,0,0,0
6.93591,4,0,0,0,0,0,0,0,0,0,0
6.93591,5,0,0,0,0,0,0,0,0,0,0
6.99122,0,-7.39745,-5.89143,5.34896,-0.0875214,0.00494195,0.0126156,0.233538,0,0,0
6.99122,1,2.55262,2.32251,4.13635,0.0269725,0.0195779,-0.00611376,0.0923256,0,0,0
6.99122,2,-7.00972,1.85446,7.70803,0.000132397,9.55861e-06,0.000103101,5.94241,0,0,0
6.99122,3,0,0,0,0,0,0,0,0,0,0
6.99122,4,0,0,0,0,0,0,0,0,0,0
6.99122,5,0,0,0,0,0,0,0,0,0,0
7.04971,0,-7.40865,-5.89091,5.34956,-0.0844335,0.00454341,0.0122389,0.218423,0,0,0
7.04971,1,2.55443,2.32381,4.13601,0.0268362,0.0193109,-0.00592337,0.0923256,0,0,0
7.04971,2,-7.00973,1.85446,7.70804,0.000107258,1.32469e-05,0.000102995,5.94241,0,0,0
7.04971,3,0,0,0,0,0,0,0,0,0,0
7.04971,4,0,0,0,0,0,0,0,0,0,0
7.04971,5,0,0,0,0,0,0,0,0,0,0
7.105,0,-7.415,-5.88911,5.35023,-0.0852795,0.00918562,0.011867,0.218423,0,0,0
7.105,1,2.55585,2.3249,4.13578,0.0254542,0.0184798,-0.00579678,0.0878697,0,0,0
7.105,2,-7.00972,1.85445,7.70804,0.00012734,-3.14907e-06,0.000102105,5.94241,0,0,0
7.105,3,0,0,0,0,0,0,0,0,0,0
7.105,4,0,0,0,0,0,0,0,0,0,0
7.105,5,0,0,0,0,0,0,0,0,0,0
7.15537,0,-7.41709,-5.88967,5.35094,-0.0735235,0.00578134,0.0116374,0.218423,0,0,0
7.15537,1,2.55757,2.32614,4.13545,0.0252742,0.0181939,-0.00561755,0.0878697,0,0,0
7.15537,2,-7.00974,1.85446,7.70805,9.28837e-05,1.9589e-05,0.000101934,5.94241,0,0,0
7.15537,3,0,0,0,0,0,0,0,0,0,0
7.15537,4,0,0,0,0,0,0,0,0,0,0
7.15537,5,0,0,0,0,0,0,0,0,0,0
7.21598,0,-7.423,-5.88978,5.35151,-0.0748843,0.00429874,0.0112516,0.209811,0,0,0
7.21598,1,2.55919,2.32737,4.13521,0.0248721,0.0180334,-0.00549896,0.0839275,0,0,0
7.21598,2,-7.00974,1.85446,7.70805,9.46334e-05,1.7418e-05,0.000101729,5.9424,0,0,0
7.21598,3,0,0,0,0,0,0,0,0,0,0
7.21598,4,0,0,0,0,0,0,0,0,0,0
7.21598,5,0,0,0,0,0,0,0,0,0,0
7.26613,0,-7.43066,-5.88879,5.35211,-0.0816154,0.00659883,0.0108724,0.209811,0,0,0
7.26613,1,2.56027,2.32823,4.13497,0.0228122,0.0167605,-0.00536868,0.0839275,0,0,0
7.26613,2,-7.00974,1.85446,7.70805,9.46334e-05,1.7418e-05,0.000101729,5.9424,0,0,0
7.26613,3,0,0,0,0,0,0,0,0,0,0
7.26613,4,0,0,0,0,0,0,0,0,0,0
7.26613,5,0,0,0,0,0,0,0,0,0,0
7.32135,0,-7.43592,-5.88928,5.35266,-0.0808633,0.00383143,0.0103695,0.196169,0,0,0
7.32135,1,2.56221,2.32957,4.13458,0.0233196,0.0167321,-0.00524825,0.0804764,0,0,0
7.32135,2,-7.00974,1.85446,7.70806,0.000113879,6.17389e-06,0.000103179,5.9424,0,0,0
7.32135,3,0,0,0,0,0,0,0,0,0,0
7.32135,4,0,0,0,0,0,0,0,0,0,0
7.32135,5,0,0,0,0,0,0,0,0,0,0
7.37151,0,-7.44146,-5.8887,5.35321,-0.0813787,0.00487194,0.0099865,0.185332,0,0,0
7.37151,1,2.56351,2.33059,4.13436,0.0222927,0.0162567,-0.00514392,0.0804764,0,0,0
7.37151,2,-7.00974,1.85447,7.70807,0.000117748,8.64176e-06,0.000115749,5.9424,0,0,0
7.37151,3,0,0,0,0,0,0,0,0,0,0
7.37151,4,0,0,0,0,0,0,0,0,0,0
7.37151,5,0,0,0,0,0,0,0,0,0,0
7.42167,0,-7.44606,-5.88834,5.3538,-0.078124,0.00490068,0.00976586,0.185332,0,0,0
7.42167,1,2.56496,2.33168,4.13409,0.0213952,0.015663,-0.00504324,0.0764221,0,0,0
7.42167,2,-7.00974,1.85447,7.70807,0.000118216,4.17104e-06,0.000103082,5.9424,0,0,0
7.42167,3,0,0,0,0,0,0,0,0,0,0
7.42167,4,0,0,0,0,0,0,0,0,0,0
7.42167,5,0,0,0,0,0,0,0,0,0,0
7.47198,0,-7.44964,-5.88799,5.35431,-0.07314,0.00518122,0.00957447,0.185332,0,0,0
7.47198,1,2.56605,2.3325,4.13388,0.0200661,0.0147112,-0.00496382,0.0764221,0,0,0
7.47198,2,-7.00974,1.85447,7.70807,0.000118216,4.17104e-06,0.000103082,5.9424,0,0,0
7.47198,3,0,0,0,0,0,0,0,0,0,0
7.47198,4,0,0,0,0,0,0,0,0,0,0
7.47198,5,0,0,0,0,0,0,0,0,0,0
7.53229,0,-7.4546,-5.8876,5.35483,-0.0735489,0.00584106,0.00934834,0.177052,0,0,0
7.53229,1,2.56763,2.3338,4.13355,0.0199954,0.0150529,-0.0046954,0.0732081,0,0,0
7.53229,2,-7.00974,1.85447,7.70808,0.000103975,8.26488e-06,0.000102165,5.9424,0,0,0
7.53229,3,0,0,0,0,0,0,0,0,0,0
7.53229,4,0,0,0,0,0,0,0,0,0,0
7.53229,5,0,0,0,0,0,0,0,0,0,0
7.5825,0,-7.45735,-5.88775,5.35533,-0.0662515,0.00397195,0.00918255,0.177052,0,0,0
7.5825,1,2.56915,2.33479,4.1333,0.0202798,0.0147957,-0.00477009,0.0732081,0,0,0
7.5825,2,-7.00974,1.85447,7.70808,9.53317e-05,6.9683e-06,0.000101159,5.9424,0,0,0
7.5825,3,0,0,0,0,0,0,0,0,0,0
7.5825,4,0,0,0,0,0,0,0,0,0,0
7.5825,5,0,0,0,0,0,0,0,0,0,0
7.63553,0,-7.46268,-5.88716,5.35583,-0.0668534,0.00544856,0.00892286,0.169279,0,0,0
7.63553,1,2.57068,2.33593,4.13305,0.0204143,0.0148529,-0.00463784,0.0693184,0,0,0
7.63553,2,-7.00974,1.85447,7.70809,9.55143e-05,1.28499e-05,0.000102029,5.94239,0,0,0
7.63553,3,0,0,0,0,0,0,0,0,0,0
7.63553,4,0,0,0,0,0,0,0,0,0,0
7.63553,5,0,0,0,0,0,0,0,0,0,0
7.68568,0,-7.46662,-5.88699,5.3563,-0.065003,0.00516338,0.00877075,0.169279,0,0,0
7.68568,1,2.57185,2.33683,4.13284,0.019615,0.0144118,-0.00451703,0.0693184,0,0,0
7.68568,2,-7.00974,1.85447,7.70809,9.93422e-05,1.33911e-05,0.000103145,5.94239,0,0,0
7.68568,3,0,0,0,0,0,0,0,0,0,0
7.68568,4,0,0,0,0,0,0,0,0,0,0
7.68568,5,0,0,0,0,0,0,0,0,0,0
7.74426,0,-7.47117,-5.88671,5.35671,-0.0649131,0.00540325,0.00849627,0.159927,0,0,0
7.74426,1,2.57305,2.33771,4.13263,0.0190053,0.0139768,-0.00441917,0.0659058,0,0,0
7.74426,2,-7.00974,1.85447,7.7081,0.000113026,3.32294e-06,0.000103051,5.94239,0,0,0
7.74426,3,0,0,0,0,0,0,0,0,0,0
7.74426,4,0,0,0,0,0,0,0,0,0,0
7.74426,5,0,0,0,0,0,0,0,0,0,0
7.80218,0,-7.47428,-5.88668,5.35724,-0.06078,0.0044299,0.0081458,0.152208,0,0,0
7.80218,1,2.57426,2.33861,4.13241,0.0186682,0.0136988,-0.00431424,0.0659058,0,0,0
7.80218,2,-7.00974,1.85448,7.70811,9.63226e-05,1.14281e-05,0.000102608,5.94239,0,0,0
7.80218,3,0,0,0,0,0,0,0,0,0,0
7.80218,4,0,0,0,0,0,0,0,0,0,0
7.80218,5,0,0,0,0,0,0,0,0,0,0
7.86307,0,-7.4785,-5.88628,5.35768,-0.0612348,0.00525174,0.0078947,0.152208,0,0,0
7.86307,1,2.57565,2.33963,4.13217,0.0189671,0.013832,-0.00419369,0.062873,0,0,0
7.86307,2,-7.00974,1.85448,7.70811,0.000108838,4.51956e-06,0.000102667,5.94239,0,0,0
7.86307,3,0,0,0,0,0,0,0,0,0,0
7.86307,4,0,0,0,0,0,0,0,0,0,0
7.86307,5,0,0,0,0,0,0,0,0,0,0
7.92367,0,-7.48228,-5.88633,5.35812,-0.0601769,0.00395533,0.00753394,0.144158,0,0,0
7.92367,1,2.57696,2.34065,4.13196,0.0188139,0.0138419,-0.00408425,0.062873,0,0,0
7.92367,2,-7.00974,1.85448,7.70812,0.000107542,9.97838e-06,0.000103833,5.94239,0,0,0
7.92367,3,0,0,0,0,0,0,0,0,0,0
7.92367,4,0,0,0,0,0,0,0,0,0,0
7.92367,5,0,0,0,0,0,0,0,0,0,0
7.98589,0,-7.48569,-5.88612,5.35848,-0.0574637,0.00391186,0.00730276,0.144158,0,0,0
7.98589,1,2.57795,2.34139,4.13175,0.017865,0.0132018,-0.00397415,0.0594646,0,0,0
7.98589,2,-7.00974,1.85448,7.70812,9.23313e-05,1.60011e-05,0.00010296,5.9424,0,0,0
7.98589,3,0,0,0,0,0,0,0,0,0,0
7.98589,4,0,0,0,0,0,0,0,0,0,0
7.98589,5,0,0,0,0,0,0,0,0,0,0
8.04578,0,-7.48892,-5.88584,5.35887,-0.0547194,0.00408679,0.00711453,0.137458,0,0,0
8.04578,1,2.57917,2.34227,4.13156,0.0178681,0.0130493,-0.00387101,0.0594646,0,0,0
8.04578,2,-7.00974,1.85448,7.70813,9.04517e-05,1.4954e-05,0.000102982,5.9424,0,0,0
8.04578,3,0,0,0,0,0,0,0,0,0,0
8.04578,4,0,0,0,0,0,0,0,0,0,0
8.04578,5,0,0,0,0,0,0,0,0,0,0
8.0989,0,-7.49164,-5.88582,5.35928,-0.0512704,0.0033412,0.00705486,0.137458,0,0,0
8.0989,1,2.58035,2.34318,4.13137,0.0177703,0.0130509,-0.0037693,0.0566953,0,0,0
8.0989,2,-7.00974,1.85448,7.70813,9.94461e-05,8.35715e-06,0.00010312,5.94239,0,0,0
8.0989,3,0,0,0,0,0,0,0,0,0,0
8.0989,4,0,0,0,0,0,0,0,0,0,0
8.0989,5,0,0,0,0,0,0,0,0,0,0
8.14932,0,-7.49579,-5.88531,5.35952,-0.0528528,0.00477847,0.0069401,0.134714,0,0,0
8.14932,1,2.5815,2.34405,4.13118,0.0176236,0.0130016,-0.00367017,0.0566953,0,0,0
8.14932,2,-7.00974,1.85448,7.70814,8.22246e-05,1.24386e-05,0.000102801,5.94239,0,0,0
8.14932,3,0,0,0,0,0,0,0,0,0,0
8.14932,4,0,0,0,0,0,0,0,0,0,0
8.14932,5,0,0,0,0,0,0,0,0,0,0
8.21506,0,-7.49745,-5.88566,5.35989,-0.0455364,0.00234518,0.0068032,0.134714,0,0,0
8.21506,1,2.58256,2.34484,4.131,0.0172544,0.0127287,-0.00358088,0.0537438,0,0,0
8.21506,2,-7.00974,1.85449,7.70815,7.72338e-05,1.18334e-05,0.00010256,5.94239,0,0,0
8.21506,3,0,0,0,0,0,0,0,0,0,0
8.21506,4,0,0,0,0,0,0,0,0,0,0
8.21506,5,0,0,0,0,0,0,0,0,0,0
8.2676,0,-7.49997,-5.88562,5.3603,-0.0431828,0.00194305,0.00671333,0.128887,0,0,0
8.2676,1,2.58356,2.34558,4.13083,0.0165748,0.0121979,-0.00349445,0.0511559,0,0,0
8.2676,2,-7.00974,1.85449,7.70815,7.31227e-05,1.07235e-05,0.000102462,5.94239,0,0,0
8.2676,3,0,0,0,0,0,0,0,0,0,0
8.2676,4,0,0,0,0,0,0,0,0,0,0
8.2676,5,0,0,0,0,0,0,0,0,0,0
8.32284,0,-7.50438,-5.88501,5.36066,-0.047422,0.0039678,0.00649919,0.128887,0,0,0
8.32284,1,2.58476,2.34647,4.13065,0.0162795,0.0119568,-0.00340075,0.0511559,0,0,0
8.32284,2,-7.00974,1.85449,7.70816,6.94166e-05,1.34958e-05,0.000102539,5.94239,0,0,0
8.32284,3,0,0,0,0,0,0,0,0,0,0
8.32284,4,0,0,0,0,0,0,0,0,0,0
8.32284,5,0,0,0,0,0,0,0,0,0,0
8.37804,0,-7.50766,-5.88464,5.36097,-0.0465714,0.00455972,0.0063303,0.121884,0,0,0
8.37804,1,2.58572,2.34719,4.13049,0.015873,0.0116435,-0.00330254,0.0511559,0,0,0
8.37804,2,-7.00974,1.85449,7.70816,6.7945e-05,1.42059e-05,0.000102544,5.94239,0,0,0
8.37804,3,0,0,0,0,0,0,0,0,0,0
8.37804,4,0,0,0,0,0,0,0,0,0,0
8.37804,5,0,0,0,0,0,0,0,0,0,0
8.43492,0,-7.51062,-5.885,5.3613,-0.0451653,0.00259881,0.00609932,0.121884,0,0,0
8.43492,1,2.58663,2.3479,4.13031,0.0153512,0.0113936,-0.00321687,0.0484363,0,0,0
8.43492,2,-7.00974,1.85449,7.70817,6.25308e-05,1.12386e-05,0.00010202,5.94239,0,0,0
8.43492,3,0,0,0,0,0,0,0,0,0,0
8.43492,4,0,0,0,0,0,0,0,0,0,0
8.43492,5,0,0,0,0,0,0,0,0,0,0
8.49067,0,-7.51385,-5.88435,5.36165,-0.0455973,0.00425447,0.00595554,0.115636,0,0,0
8.49067,1,2.5877,2.34864,4.13014,0.015161,0.0110121,-0.00312785,0.0484363,0,0,0
8.49067,2,-7.00974,1.85449,7.70817,6.94369e-05,6.57547e-06,0.00010165,5.94239,0,0,0
8.49067,3,0,0,0,0,0,0,0,0,0,0
8.49067,4,0,0,0,0,0,0,0,0,0,0
8.49067,5,0,0,0,0,0,0,0,0,0,0
8.54117,0,-7.5157,-5.8845,5.36193,-0.0413395,0.00283293,0.00571368,0.115636,0,0,0
8.54117,1,2.58858,2.34933,4.12998,0.0143621,0.0105868,-0.00303996,0.045961,0,0,0
8.54117,2,-7.00975,1.85449,7.70818,5.27954e-05,1.53318e-05,0.000101367,5.94239,0,0,0
8.54117,3,0,0,0,0,0,0,0,0,0,0
8.54117,4,0,0,0,0,0,0,0,0,0,0
8.54117,5,0,0,0,0,0,0,0,0,0,0
8.59132,0,-7.51869,-5.88417,5.36221,-0.0418878,0.003606,0.00551698,0.11049,0,0,0
8.59132,1,2.58944,2.34992,4.12982,0.0140002,0.0101186,-0.00294927,0.0437814,0,0,0
8.59132,2,-7.00974,1.85449,7.70818,5.77566e-05,1.01081e-05,0.000101472,5.94239,0,0,0
8.59132,3,0,0,0,0,0,0,0,0,0,0
8.59132,4,0,0,0,0,0,0,0,0,0,0
8.59132,5,0,0,0,0,0,0,0,0,0,0
8.64529,0,-7.52133,-5.88413,5.36254,-0.0411645,0.0031402,0.00534013,0.11049,0,0,0
8.64529,1,2.59023,2.35058,4.12968,0.0134746,0.010025,-0.00285663,0.0437814,0,0,0
8.64529,2,-7.00975,1.85449,7.70819,4.12154e-05,1.30665e-05,0.00010075,5.94239,0,0,0
8.64529,3,0,0,0,0,0,0,0,0,0,0
8.64529,4,0,0,0,0,0,0,0,0,0,0
8.64529,5,0,0,0,0,0,0,0,0,0,0
8.70084,0,-7.52378,-5.88399,5.36281,-0.0400386,0.00306002,0.0052,0.104819,0,0,0
8.70084,1,2.59105,2.35115,4.12955,0.0132064,0.00963116,-0.00278453,0.0437814,0,0,0
8.70084,2,-7.00975,1.85449,7.70819,3.84736e-05,1.26832e-05,0.000100703,5.94239,0,0,0
8.70084,3,0,0,0,0,0,0,0,0,0,0
8.70084,4,0,0,0,0,0,0,0,0,0,0
8.70084,5,0,0,0,0,0,0,0,0,0,0
8.75617,0,-7.52686,-5.88357,5.36308,-0.0414672,0.00411752,0.00505407,0.104819,0,0,0
8.75617,1,2.59191,2.35179,4.12939,0.0126296,0.00924829,-0.00271481,0.0417371,0,0,0
8.75617,2,-7.00975,1.8545,7.7082,3.05831e-05,1.77104e-05,0.000100293,5.94239,0,0,0
8.75617,3,0,0,0,0,0,0,0,0,0,0
8.75617,4,0,0,0,0,0,0,0,0,0,0
8.75617,5,0,0,0,0,0,0,0,0,0,0
8.81549,0,-7.52843,-5.88367,5.36332,-0.0373298,0.00284574,0.00498244,0.0992289,0,0,0
8.81549,1,2.59276,2.3524,4.12925,0.0125827,0.00909868,-0.00262514,0.0396013,0,0,0
8.81549,2,-7.00975,1.8545,7.7082,2.58001e-05,1.79537e-05,0.000100051,5.94239,0,0,0
8.81549,3,0,0,0,0,0,0,0,0,0,0
8.81549,4,0,0,0,0,0,0,0,0,0,0
8.81549,5,0,0,0,0,0,0,0,0,0,0
8.87085,0,-7.53066,-5.88351,5.36355,-0.0357544,0.00289177,0.00491638,0.0992289,0,0,0
8.87085,1,2.59363,2.35303,4.12911,0.0124775,0.00896895,-0.00252917,0.0396013,0,0,0
8.87085,2,-7.00975,1.8545,7.70821,2.13377e-05,1.40968e-05,9.94338e-05,5.94239,0,0,0
8.87085,3,0,0,0,0,0,0,0,0,0,0
8.87085,4,0,0,0,0,0,0,0,0,0,0
8.87085,5,0,0,0,0,0,0,0,0,0,0
8.92746,0,-7.53329,-5.88334,5.36385,-0.0363921,0.00306148,0.00487161,0.0954143,0,0,0
8.92746,1,2.59424,2.35352,4.12901,0.0114304,0.00838489,-0.0024671,0.0377274,0,0,0
8.92746,2,-7.00976,1.8545,7.70821,1.52458e-05,1.75141e-05,9.9023e-05,5.94239,0,0,0
8.92746,3,0,0,0,0,0,0,0,0,0,0
8.92746,4,0,0,0,0,0,0,0,0,0,0
8.92746,5,0,0,0,0,0,0,0,0,0,0
8.98017,0,-7.53581,-5.88313,5.36408,-0.0357752,0.0032556,0.00481961,0.0954143,0,0,0
8.98017,1,2.59512,2.35414,4.12887,0.0115341,0.00844564,-0.00239637,0.0377274,0,0,0
8.98017,2,-7.00976,1.8545,7.70822,1.452e-05,1.70152e-05,9.91006e-05,5.94238,0,0,0
8.98017,3,0,0,0,0,0,0,0,0,0,0
8.98017,4,0,0,0,0,0,0,0,0,0,0
8.98017,5,0,0,0,0,0,0,0,0,0,0
9.03038,0,-7.53758,-5.88309,5.3643,-0.0330886,0.00270122,0.00470166,0.0902191,0,0,0
9.03038,1,2.59591,2.35471,4.12875,0.0115133,0.00835305,-0.00233709,0.0356704,0,0,0
9.03038,2,-7.00976,1.8545,7.70822,9.71379e-06,1.42499e-05,9.8192e-05,5.94238,0,0,0
9.03038,3,0,0,0,0,0,0,0,0,0,0
9.03038,4,0,0,0,0,0,0,0,0,0,0
9.03038,5,0,0,0,0,0,0,0,0,0,0
9.08423,0,-7.53992,-5.88278,5.36457,-0.0333631,0.00344305,0.00457221,0.0902191,0,0,0
9.08423,1,2.59676,2.35538,4.12863,0.0113437,0.00838298,-0.00229218,0.0356704,0,0,0
9.08423,2,-7.00976,1.8545,7.70823,2.55901e-06,1.88693e-05,9.77081e-05,5.94238,0,0,0
9.08423,3,0,0,0,0,0,0,0,0,0,0
9.08423,4,0,0,0,0,0,0,0,0,0,0
9.08423,5,0,0,0,0,0,0,0,0,0,0
9.1409,0,-7.54201,-5.88269,5.36504,-0.0323188,0.0031759,0.00428133,0.0860656,0,0,0
9.1409,1,2.59736,2.35581,4.12853,0.0106932,0.00782846,-0.00224319,0.0338313,0,0,0
9.1409,2,-7.00976,1.8545,7.70823,-1.37222e-06,1.83077e-05,9.71459e-05,5.94238,0,0,0
9.1409,3,0,0,0,0,0,0,0,0,0,0
9.1409,4,0,0,0,0,0,0,0,0,0,0
9.1409,5,0,0,0,0,0,0,0,0,0,0
9.19661,0,-7.54356,-5.88296,5.36527,-0.0296238,0.00155877,0.00416007,0.0860656,0,0,0
9.19661,1,2.59788,2.3562,4.12842,0.00999813,0.00731753,-0.00219275,0.0338313,0,0,0
9.19661,2,-7.00977,1.8545,7.70824,-4.3924e-06,1.89438e-05,9.66305e-05,5.94238,0,0,0
9.19661,3,0,0,0,0,0,0,0,0,0,0
9.19661,4,0,0,0,0,0,0,0,0,0,0
9.19661,5,0,0,0,0,0,0,0,0,0,0
9.25015,0,-7.54576,-5.88262,5.3655,-0.0302073,0.00244957,0.00394422,0.0823998,0,0,0
9.25015,1,2.59852,2.35671,4.12832,0.00979735,0.00728702,-0.00214387,0.0323501,0,0,0
9.25015,2,-7.00977,1.85451,7.70824,-8.5729e-06,2.00436e-05,9.59355e-05,5.94238,0,0,0
9.25015,3,0,0,0,0,0,0,0,0,0,0
9.25015,4,0,0,0,0,0,0,0,0,0,0
9.25015,5,0,0,0,0,0,0,0,0,0,0
9.30832,0,-7.54576,-5.88262,5.3655,-0.0302073,0.00244957,0.00394422,0.0823998,0,0,0
9.30832,1,2.59909,2.35708,4.12821,0.00940825,0.00682268,-0.00208687,0.0323501,0,0,0
9.30832,2,-7.00977,1.85451,7.70825,-1.07933e-05,1.97112e-05,9.53852e-05,5.94238,0,0,0
9.30832,3,0,0,0,0,0,0,0,0,0,0
9.30832,4,0,0,0,0,0,0,0,0,0,0
9.30832,5,0,0,0,0,0,0,0,0,0,0
9.36505,0,-7.54866,-5.88205,5.36551,-0.0327702,0.00424546,0.00401399,0.0772462,0,0,0
9.36505,1,2.59975,2.35754,4.12809,0.00928632,0.00665203,-0.00204776,0.0308548,0,0,0
9.36505,2,-7.00977,1.85451,7.70825,-1.28109e-05,2.04282e-05,9.4908e-05,5.94238,0,0,0
9.36505,3,0,0,0,0,0,0,0,0,0,0
9.36505,4,0,0,0,0,0,0,0,0,0,0
9.36505,5,0,0,0,0,0,0,0,0,0,0
9.41845,0,-7.5502,-5.88219,5.36589,-0.0305606,0.0029308,0.00370217,0.0772462,0,0,0
9.41845,1,2.60042,2.35808,4.128,0.00924282,0.00676916,-0.00199541,0.0308548,0,0,0
9.41845,2,-7.00977,1.85451,7.70826,-1.44e-05,1.89057e-05,9.41915e-05,5.94237,0,0,0
9.41845,3,0,0,0,0,0,0,0,0,0,0
9.41845,4,0,0,0,0,0,0,0,0,0,0
9.41845,5,0,0,0,0,0,0,0,0,0,0
9.47616,0,-7.5521,-5.88211,5.3661,-0.0300714,0.0026782,0.0036532,0.0737862,0,0,0
9.47616,1,2.60108,2.35855,4.12789,0.00909807,0.00659206,-0.00193159,0.0291729,0,0,0
9.47616,2,-7.00978,1.85451,7.70826,-1.55525e-05,1.977e-05,9.35328e-05,5.94237,0,0,0
9.47616,3,0,0,0,0,0,0,0,0,0,0
9.47616,4,0,0,0,0,0,0,0,0,0,0
9.47616,5,0,0,0,0,0,0,0,0,0,0
9.52997,0,-7.55387,-5.88194,5.3663,-0.0292651,0.00278139,0.00359859,0.0737862,0,0,0
9.52997,1,2.60167,2.359,4.12778,0.00886126,0.00647278,-0.00188213,0.0291729,0,0,0
9.52997,2,-7.00978,1.85451,7.70827,-2.03953e-05,2.18964e-05,9.24583e-05,5.94237,0,0,0
9.52997,3,0,0,0,0,0,0,0,0,0,0
9.52997,4,0,0,0,0,0,0,0,0,0,0
9.52997,5,0,0,0,0,0,0,0,0,0,0
9.58768,0,-7.55735,-5.88168,5.36648,-0.0281091,0.00283915,0.00366084,0.0703661,0,0,0
9.58768,1,2.60179,2.35907,4.1277,0.00928509,0.00671881,-0.00183665,0.0282795,0,0,0
9.58768,2,-7.00978,1.85451,7.70827,-2.03506e-05,2.07432e-05,9.17395e-05,5.94237,0,0,0
9.58768,3,0,0,0,0,0,0,0,0,0,0
9.58768,4,0,0,0,0,0,0,0,0,0,0
9.58768,5,0,0,0,0,0,0,0,0,0,0
9.64328,0,-7.56018,-5.88163,5.36666,-0.0251782,0.00196437,0.00361758,0.0703661,0,0,0
9.64328,1,2.60233,2.35947,4.12759,0.0089475,0.00647728,-0.00177373,0.0282795,0,0,0
9.64328,2,-7.00978,1.85451,7.70828,-1.79407e-05,1.75674e-05,9.10372e-05,5.94237,0,0,0
9.64328,3,0,0,0,0,0,0,0,0,0,0
9.64328,4,0,0,0,0,0,0,0,0,0,0
9.64328,5,0,0,0,0,0,0,0,0,0,0
9.69445,0,-7.56018,-5.88163,5.36666,-0.0251782,0.00196437,0.00361758,0.065692,0,0,0
9.69445,1,2.60285,2.35985,4.12751,0.00859681,0.00621516,-0.00171499,0.0269491,0,0,0
9.69445,2,-7.00978,1.85452,7.70828,-2.19201e-05,2.04553e-05,9.06363e-05,5.94237,0,0,0
9.69445,3,0,0,0,0,0,0,0,0,0,0
9.69445,4,0,0,0,0,0,0,0,0,0,0
9.69445,5,0,0,0,0,0,0,0,0,0,0
9.75249,0,-7.5619,-5.8815,5.367,-0.0247819,0.00200488,0.00346338,0.065692,0,0,0
9.75249,1,2.60335,2.36021,4.12742,0.008346,0.00601689,-0.00166718,0.0269491,0,0,0
9.75249,2,-7.00979,1.85452,7.70828,-2.42332e-05,2.14345e-05,8.99255e-05,5.94237,0,0,0
9.75249,3,0,0,0,0,0,0,0,0,0,0
9.75249,4,0,0,0,0,0,0,0,0,0,0
9.75249,5,0,0,0,0,0,0,0,0,0,0
9.80335,0,-7.56229,-5.88156,5.36704,-0.0261723,0.001833,0.00358515,0.0635482,0,0,0
9.80335,1,2.60394,2.36064,4.12734,0.0082589,0.00593484,-0.00163156,0.0255934,0,0,0
9.80335,2,-7.00979,1.85452,7.70829,-2.36763e-05,2.0308e-05,8.9276e-05,5.94236,0,0,0
9.80335,3,0,0,0,0,0,0,0,0,0,0
9.80335,4,0,0,0,0,0,0,0,0,0,0
9.80335,5,0,0,0,0,0,0,0,0,0,0
9.85665,0,-7.56544,-5.88122,5.36743,-0.0248601,0.00219013,0.00334071,0.0635482,0,0,0
9.85665,1,2.60482,2.36128,4.12725,0.00754915,0.00540176,-0.00158644,0.0255934,0,0,0
9.85665,2,-7.00979,1.85452,7.70829,-2.4771e-05,2.10922e-05,8.8652e-05,5.94236,0,0,0
9.85665,3,0,0,0,0,0,0,0,0,0,0
9.85665,4,0,0,0,0,0,0,0,0,0,0
9.85665,5,0,0,0,0,0,0,0,0,0,0
9.9068,0,-7.56703,-5.88111,5.36761,-0.0244981,0.00211682,0.00329528,0.0587632,0,0,0
9.9068,1,2.60491,2.36134,4.12717,0.00784944,0.005631,-0.00155239,0.024393,0,0,0
9.9068,2,-7.00979,1.85452,7.7083,-2.38352e-05,2.02225e-05,8.82429e-05,5.94236,0,0,0
9.9068,3,0,0,0,0,0,0,0,0,0,0
9.9068,4,0,0,0,0,0,0,0,0,0,0
9.9068,5,0,0,0,0,0,0,0,0,0,0
9.96455,0,-7.56868,-5.88083,5.36773,-0.024543,0.00272034,0.00320021,0.0587632,0,0,0
9.96455,1,2.6058,2.36197,4.12709,0.00703105,0.00494916,-0.00150545,0.024393,0,0,0
9.96455,2,-7.00979,1.85452,7.7083,-2.27114e-05,1.92714e-05,8.78676e-05,5.94236,0,0,0
9.96455,3,0,0,0,0,0,0,0,0,0,0
9.96455,4,0,0,0,0,0,0,0,0,0,0
9.96455,5,0,0,0,0,0,0,0,0,0,0
10.0201,0,-7.57014,-5.88096,5.36777,-0.023906,0.0018468,0.00315353,0.0556592,0,0,0
10.0201,1,2.60579,2.362,4.12705,0.00699859,0.00507982,-0.00147278,0.0232806,0,0,0
10.0201,2,-7.00979,1.85452,7.70831,-1.98601e-05,1.69022e-05,8.7538e-05,5.94236,0,0,0
10.0201,3,0,0,0,0,0,0,0,0,0,0
10.0201,4,0,0,0,0,0,0,0,0,0,0
10.0201,5,0,0,0,0,0,0,0,0,0,0
10.0781,0,-7.5706,-5.88084,5.36794,-0.0256097,0.00232758,0.00306517,0.0556592,0,0,0
10.0781,1,2.60666,2.3626,4.12694,0.0066877,0.00472552,-0.0014264,0.0232806,0,0,0
10.0781,2,-7.00979,1.85452,7.70832,-2.12179e-05,1.78289e-05,8.70059e-05,5.94236,0,0,0
10.0781,3,0,0,0,0,0,0,0,0,0,0
10.0781,4,0,0,0,0,0,0,0,0,0,0
10.0781,5,0,0,0,0,0,0,0,0,0,0
10.1358,0,-7.57316,-5.88056,5.36809,-0.0228111,0.00231778,0.00304911,0.0525949,0,0,0
10.1358,1,2.60709,2.36292,4.12687,0.00657992,0.00467413,-0.00140196,0.0216805,0,0,0
10.1358,2,-7.0098,1.85452,7.70832,-2.66051e-05,2.24944e-05,8.69883e-05,5.94236,0,0,0
10.1358,3,0,0,0,0,0,0,0,0,0,0
10.1358,4,0,0,0,0,0,0,0,0,0,0
10.1358,5,0,0,0,0,0,0,0,0,0,0
10.194,0,-7.57594,-5.88042,5.36854,-0.022132,0.00213941,0.00288971,0.0525949,0,0,0
10.194,1,2.60747,2.36319,4.12679,0.00632265,0.00447211,-0.00135425,0.0216805,0,0,0
10.194,2,-7.0098,1.85453,7.70833,-2.73659e-05,2.30724e-05,8.43935e-05,5.94236,0,0,0
10.194,3,0,0,0,0,0,0,0,0,0,0
10.194,4,0,0,0,0,0,0,0,0,0,0
10.194,5,0,0,0,0,0,0,0,0,0,0
10.2495,0,-7.57726,-5.88035,5.36868,-0.0216458,0.00199698,0.00271528,0.0497826,0,0,0
10.2495,1,2.60786,2.3635,4.12672,0.00614319,0.00442887,-0.00131375,0.0207086,0,0,0
10.2495,2,-7.0098,1.85453,7.70833,-2.66543e-05,2.34798e-05,8.28345e-05,5.94236,0,0,0
10.2495,3,0,0,0,0,0,0,0,0,0,0
10.2495,4,0,0,0,0,0,0,0,0,0,0
10.2495,5,0,0,0,0,0,0,0,0,0,0
10.3053,0,-7.57848,-5.88021,5.36878,-0.0209339,0.00207809,0.00261338,0.0497826,0,0,0
10.3053,1,2.60822,2.36373,4.12667,0.00584359,0.00409015,-0.00127194,0.0207086,0,0,0
10.3053,2,-7.0098,1.85453,7.70833,-2.47409e-05,2.13717e-05,8.14457e-05,5.94236,0,0,0
10.3053,3,0,0,0,0,0,0,0,0,0,0
10.3053,4,0,0,0,0,0,0,0,0,0,0
10.3053,5,0,0,0,0,0,0,0,0,0,0
10.3561,0,-7.57852,-5.88034,5.3688,-0.0210353,0.00161777,0.00266086,0.047218,0,0,0
10.3561,1,2.6086,2.364,4.12659,0.00566664,0.00392838,-0.00123093,0.0198116,0,0,0
10.3561,2,-7.0098,1.85453,7.70833,-2.47409e-05,2.13717e-05,8.14457e-05,5.94235,0,0,0
10.3561,3,0,0,0,0,0,0,0,0,0,0
10.3561,4,0,0,0,0,0,0,0,0,0,0
10.3561,5,0,0,0,0,0,0,0,0,0,0
10.4124,0,-7.58011,-5.88009,5.36896,-0.0208982,0.00210707,0.00261717,0.047218,0,0,0
10.4124,1,2.60904,2.36435,4.12652,0.00568784,0.00405317,-0.00119761,0.0198116,0,0,0
10.4124,2,-7.00981,1.85453,7.70834,-2.349e-05,2.11072e-05,8.03399e-05,5.94235,0,0,0
10.4124,3,0,0,0,0,0,0,0,0,0,0
10.4124,4,0,0,0,0,0,0,0,0,0,0
10.4124,5,0,0,0,0,0,0,0,0,0,0
10.4654,0,-7.58127,-5.87998,5.3691,-0.0202263,0.00210357,0.0026238,0.0455793,0,0,0
10.4654,1,2.60943,2.36462,4.12645,0.00558713,0.00394243,-0.00115745,0.0187721,0,0,0
10.4654,2,-7.00981,1.85453,7.70834,-2.17693e-05,1.99254e-05,8.02347e-05,5.94235,0,0,0
10.4654,3,0,0,0,0,0,0,0,0,0,0
10.4654,4,0,0,0,0,0,0,0,0,0,0
10.4654,5,0,0,0,0,0,0,0,0,0,0
10.5182,0,-7.58213,-5.88009,5.36923,-0.01858,0.0012727,0.00258426,0.0455793,0,0,0
10.5182,1,2.60971,2.36482,4.1264,0.00523406,0.00367933,-0.00113027,0.0187721,0,0,0
10.5182,2,-7.00981,1.85453,7.70835,-1.85073e-05,1.73091e-05,7.95982e-05,5.94235,0,0,0
10.5182,3,0,0,0,0,0,0,0,0,0,0
10.5182,4,0,0,0,0,0,0,0,0,0,0
10.5182,5,0,0,0,0,0,0,0,0,0,0
10.569,0,-7.58349,-5.87974,5.36936,-0.0190775,0.00231694,0.00252702,0.043557,0,0,0
10.569,1,2.61006,2.36506,4.12634,0.00515146,0.00356009,-0.00108678,0.0184203,0,0,0
10.569,2,-7.00981,1.85453,7.70835,-1.64898e-05,1.56629e-05,7.93968e-05,5.94235,0,0,0
10.569,3,0,0,0,0,0,0,0,0,0,0
10.569,4,0,0,0,0,0,0,0,0,0,0
10.569,5,0,0,0,0,0,0,0,0,0,0
10.6201,0,-7.58454,-5.87984,5.36948,-0.0181519,0.00152148,0.00247376,0.043557,0,0,0
10.6201,1,2.61031,2.36525,4.1263,0.00476835,0.00335271,-0.00106872,0.0184203,0,0,0
10.6201,2,-7.00981,1.85453,7.70835,-1.54867e-05,1.49582e-05,7.848e-05,5.94235,0,0,0
10.6201,3,0,0,0,0,0,0,0,0,0,0
10.6201,4,0,0,0,0,0,0,0,0,0,0
10.6201,5,0,0,0,0,0,0,0,0,0,0
10.6778,0,-7.58572,-5.87961,5.3696,-0.017883,0.0020324,0.0024072,0.041116,0,0,0
10.6778,1,2.61071,2.36549,4.12624,0.0048899,0.00327524,-0.00103776,0.0176798,0,0,0
10.6778,2,-7.00981,1.85453,7.70836,-1.93274e-05,1.84073e-05,7.7495e-05,5.94235,0,0,0
10.6778,3,0,0,0,0,0,0,0,0,0,0
10.6778,4,0,0,0,0,0,0,0,0,0,0
10.6778,5,0,0,0,0,0,0,0,0,0,0
10.7308,0,-7.58651,-5.87973,5.36971,-0.0165064,0.00123131,0.00235351,0.041116,0,0,0
10.7308,1,2.61101,2.36577,4.12618,0.00467562,0.00332103,-0.00101274,0.0176798,0,0,0
10.7308,2,-7.00981,1.85454,7.70836,-1.87574e-05,1.75415e-05,7.71422e-05,5.94235,0,0,0
10.7308,3,0,0,0,0,0,0,0,0,0,0
10.7308,4,0,0,0,0,0,0,0,0,0,0
10.7308,5,0,0,0,0,0,0,0,0,0,0
10.7814,0,-7.58753,-5.87963,5.36985,-0.0160235,0.00129627,0.0022981,0.0391369,0,0,0
10.7814,1,2.61135,2.36604,4.12616,0.00466294,0.0033948,-0.000985624,0.0168009,0,0,0
10.7814,2,-7.00981,1.85454,7.70837,-2.18881e-05,2.05146e-05,7.66099e-05,5.94235,0,0,0
10.7814,3,0,0,0,0,0,0,0,0,0,0
10.7814,4,0,0,0,0,0,0,0,0,0,0
10.7814,5,0,0,0,0,0,0,0,0,0,0
10.8443,0,-7.58897,-5.87935,5.36997,-0.0173328,0.00213979,0.00223319,0.0391369,0,0,0
10.8443,1,2.6117,2.36629,4.12613,0.00472264,0.00340221,-0.000949476,0.0168009,0,0,0
10.8443,2,-7.00982,1.85454,7.70837,-2.41021e-05,2.25103e-05,7.62044e-05,5.94235,0,0,0
10.8443,3,0,0,0,0,0,0,0,0,0,0
10.8443,4,0,0,0,0,0,0,0,0,0,0
10.8443,5,0,0,0,0,0,0,0,0,0,0
10.9033,0,-7.58996,-5.87931,5.37008,-0.0168551,0.00193483,0.00217041,0.0366422,0,0,0
10.9033,1,2.61199,2.36647,4.12607,0.0045745,0.0032184,-0.00092946,0.0159371,0,0,0
10.9033,2,-7.00982,1.85454,7.70837,-2.14437e-05,1.96761e-05,7.58712e-05,5.94234,0,0,0
10.9033,3,0,0,0,0,0,0,0,0,0,0
10.9033,4,0,0,0,0,0,0,0,0,0,0
10.9033,5,0,0,0,0,0,0,0,0,0,0
10.9535,0,-7.59093,-5.87927,5.37019,-0.0162054,0.0017205,0.00211689,0.034674,0,0,0
10.9535,1,2.61225,2.36666,4.12604,0.00440273,0.00308675,-0.000907292,0.0159371,0,0,0
10.9535,2,-7.00982,1.85454,7.70838,-1.86706e-05,1.72488e-05,7.55947e-05,5.94234,0,0,0
10.9535,3,0,0,0,0,0,0,0,0,0,0
10.9535,4,0,0,0,0,0,0,0,0,0,0
10.9535,5,0,0,0,0,0,0,0,0,0,0
11.0089,0,-7.59201,-5.87919,5.3703,-0.0158811,0.00173365,0.00205422,0.034674,0,0,0
11.0089,1,2.61249,2.36683,4.12599,0.00411413,0.00287718,-0.000884856,0.0152652,0,0,0
11.0089,2,-7.00982,1.85454,7.70838,-2.25828e-05,2.12669e-05,7.54816e-05,5.94234,0,0,0
11.0089,3,0,0,0,0,0,0,0,0,0,0
11.0089,4,0,0,0,0,0,0,0,0,0,0
11.0089,5,0,0,0,0,0,0,0,0,0,0
11.0591,0,-7.59278,-5.87921,5.3704,-0.0149331,0.0013287,0.00200474,0.034674,0,0,0
11.0591,1,2.61258,2.36692,4.12598,0.00343349,0.00245349,-0.000861326,0.0152652,0,0,0
11.0591,2,-7.00982,1.85454,7.70838,-2.04279e-05,1.90721e-05,7.5182e-05,5.94234,0,0,0
11.0591,3,0,0,0,0,0,0,0,0,0,0
11.0591,4,0,0,0,0,0,0,0,0,0,0
11.0591,5,0,0,0,0,0,0,0,0,0,0
11.1158,0,-7.59357,-5.87909,5.3705,-0.0142414,0.00150338,0.00196943,0.0328172,0,0,0
11.1158,1,2.61286,2.36711,4.12595,0.00342283,0.00238388,-0.000838037,0.0148459,0,0,0
11.1158,2,-7.00982,1.85454,7.70839,-2.16564e-05,2.02307e-05,7.4996e-05,5.94234,0,0,0
11.1158,3,0,0,0,0,0,0,0,0,0,0
11.1158,4,0,0,0,0,0,0,0,0,0,0
11.1158,5,0,0,0,0,0,0,0,0,0,0
11.1791,0,-7.59458,-5.87905,5.37061,-0.0139348,0.00137541,0.00191325,0.0309992,0,0,0
11.1791,1,2.61328,2.36743,4.12589,0.00398498,0.00283942,-0.000821827,0.0148459,0,0,0
11.1791,2,-7.00982,1.85454,7.70839,-2.03116e-05,1.89729e-05,7.49136e-05,5.94234,0,0,0
11.1791,3,0,0,0,0,0,0,0,0,0,0
11.1791,4,0,0,0,0,0,0,0,0,0,0
11.1791,5,0,0,0,0,0,0,0,0,0,0
11.231,0,-7.59536,-5.87897,5.37069,-0.013388,0.00140239,0.00187623,0.0309992,0,0,0
11.231,1,2.61357,2.36763,4.12579,0.0040485,0.00282284,-0.000801402,0.0139766,0,0,0
11.231,2,-7.00982,1.85455,7.7084,-1.99493e-05,1.85732e-05,7.478e-05,5.94234,0,0,0
11.231,3,0,0,0,0,0,0,0,0,0,0
11.231,4,0,0,0,0,0,0,0,0,0,0
11.231,5,0,0,0,0,0,0,0,0,0,0
11.2828,0,-7.59617,-5.87895,5.37079,-0.0130685,0.0012299,0.00181894,0.0294049,0,0,0
11.2828,1,2.61388,2.36785,4.12574,0.0040347,0.00282729,-0.000769388,0.0139766,0,0,0
11.2828,2,-7.00982,1.85455,7.7084,-2.03269e-05,1.89545e-05,7.47165e-05,5.94234,0,0,0
11.2828,3,0,0,0,0,0,0,0,0,0,0
11.2828,4,0,0,0,0,0,0,0,0,0,0
11.2828,5,0,0,0,0,0,0,0,0,0,0
11.3337,0,-7.59706,-5.87879,5.37088,-0.012994,0.00160756,0.00177929,0.0294049,0,0,0
11.3337,1,2.61413,2.36804,4.1257,0.00394536,0.00277903,-0.000723451,0.0132433,0,0,0
11.3337,2,-7.00983,1.85455,7.7084,-1.92608e-05,1.77117e-05,7.47425e-05,5.94234,0,0,0
11.3337,3,0,0,0,0,0,0,0,0,0,0
11.3337,4,0,0,0,0,0,0,0,0,0,0
11.3337,5,0,0,0,0,0,0,0,0,0,0
11.3839,0,-7.59751,-5.87886,5.37097,-0.0113725,0.000978784,0.00175143,0.0294049,0,0,0
11.3839,1,2.61439,2.36822,4.12566,0.00391797,0.00274548,-0.000687577,0.0132433,0,0,0
11.3839,2,-7.00983,1.85455,7.70841,-1.96032e-05,1.78812e-05,7.46574e-05,5.94234,0,0,0
11.3839,3,0,0,0,0,0,0,0,0,0,0
11.3839,4,0,0,0,0,0,0,0,0,0,0
11.3839,5,0,0,0,0,0,0,0,0,0,0
11.4366,0,-7.59842,-5.8787,5.37107,-0.0117711,0.00144928,0.0017253,0.028047,0,0,0
11.4366,1,2.61463,2.36841,4.12563,0.00374957,0.00265724,-0.000663627,0.0126084,0,0,0
11.4366,2,-7.00983,1.85455,7.70841,-1.95986e-05,1.7892e-05,7.45351e-05,5.94234,0,0,0
11.4366,3,0,0,0,0,0,0,0,0,0,0
11.4366,4,0,0,0,0,0,0,0,0,0,0
11.4366,5,0,0,0,0,0,0,0,0,0,0
11.4871,0,-7.5989,-5.87874,5.37115,-0.0106475,0.00101992,0.00170182,0.028047,0,0,0
11.4871,1,2.61485,2.36857,4.12559,0.00354445,0.00251469,-0.000650806,0.0126084,0,0,0
11.4871,2,-7.00983,1.85455,7.70842,-1.6171e-05,1.46419e-05,7.45149e-05,5.94234,0,0,0
11.4871,3,0,0,0,0,0,0,0,0,0,0
11.4871,4,0,0,0,0,0,0,0,0,0,0
11.4871,5,0,0,0,0,0,0,0,0,0,0
11.5402,0,-7.59943,-5.87882,5.37123,-0.00974423,0.00047227,0.00165886,0.0266433,0,0,0
11.5402,1,2.61507,2.36873,4.12556,0.00344159,0.00247076,-0.000643911,0.0120279,0,0,0
11.5402,2,-7.00983,1.85455,7.70842,-1.77186e-05,1.59698e-05,7.42131e-05,5.94233,0,0,0
11.5402,3,0,0,0,0,0,0,0,0,0,0
11.5402,4,0,0,0,0,0,0,0,0,0,0
11.5402,5,0,0,0,0,0,0,0,0,0,0
11.5966,0,-7.60039,-5.87864,5.37131,-0.0107215,0.00107071,0.00160144,0.0266433,0,0,0
11.5966,1,2.61526,2.36886,4.12552,0.00327897,0.00231191,-0.000638979,0.0120279,0,0,0
11.5966,2,-7.00983,1.85455,7.70842,-1.73018e-05,1.5351e-05,7.3925e-05,5.94233,0,0,0
11.5966,3,0,0,0,0,0,0,0,0,0,0
11.5966,4,0,0,0,0,0,0,0,0,0,0
11.5966,5,0,0,0,0,0,0,0,0,0,0
11.6474,0,-7.60115,-5.87857,5.3714,-0.010857,0.0011276,0.00153922,0.0251486,0,0,0
11.6474,1,2.6155,2.36905,4.1255,0.00322219,0.00231784,-0.000635163,0.0115276,0,0,0
11.6474,2,-7.00983,1.85455,7.70843,-1.79949e-05,1.54911e-05,7.36644e-05,5.94233,0,0,0
11.6474,3,0,0,0,0,0,0,0,0,0,0
11.6474,4,0,0,0,0,0,0,0,0,0,0
11.6474,5,0,0,0,0,0,0,0,0,0,0
11.708,0,-7.60186,-5.87846,5.37147,-0.0107942,0.00129972,0.00147845,0.0251486,0,0,0
11.708,1,2.6157,2.36918,4.12547,0.0031463,0.00220274,-0.000626318,0.0115276,0,0,0
11.708,2,-7.00983,1.85455,7.70843,-1.9903e-05,1.72194e-05,7.35101e-05,5.94233,0,0,0
11.708,3,0,0,0,0,0,0,0,0,0,0
11.708,4,0,0,0,0,0,0,0,0,0,0
11.708,5,0,0,0,0,0,0,0,0,0,0
11.7582,0,-7.60244,-5.87846,5.37162,-0.0103155,0.00107262,0.00137018,0.0236627,0,0,0
11.7582,1,2.61591,2.36933,4.12543,0.0029978,0.00211556,-0.000616015,0.0109831,0,0,0
11.7582,2,-7.00984,1.85455,7.70843,-1.95047e-05,1.64873e-05,7.34158e-05,5.94233,0,0,0
11.7582,3,0,0,0,0,0,0,0,0,0,0
11.7582,4,0,0,0,0,0,0,0,0,0,0
11.7582,5,0,0,0,0,0,0,0,0,0,0
11.8083,0,-7.60303,-5.87847,5.37162,-0.00969606,0.000797998,0.00138514,0.0236627,0,0,0
11.8083,1,2.61593,2.36935,4.1254,0.00309071,0.00216631,-0.000604789,0.0109831,0,0,0
11.8083,2,-7.00984,1.85455,7.70844,-1.79803e-05,1.49663e-05,7.31989e-05,5.94233,0,0,0
11.8083,3,0,0,0,0,0,0,0,0,0,0
11.8083,4,0,0,0,0,0,0,0,0,0,0
11.8083,5,0,0,0,0,0,0,0,0,0,0
11.8686,0,-7.60352,-5.87847,5.37175,-0.00886288,0.000615448,0.00124999,0.0224973,0,0,0
11.8686,1,2.61631,2.36963,4.12537,0.00289652,0.00206504,-0.000584162,0.0106901,0,0,0
11.8686,2,-7.00984,1.85456,7.70844,-1.98508e-05,1.62701e-05,7.30299e-05,5.94233,0,0,0
11.8686,3,0,0,0,0,0,0,0,0,0,0
11.8686,4,0,0,0,0,0,0,0,0,0,0
11.8686,5,0,0,0,0,0,0,0,0,0,0
11.9213,0,-7.60422,-5.87834,5.37176,-0.00917449,0.000980514,0.0012927,0.0224973,0,0,0
11.9213,1,2.61637,2.36967,4.12534,0.00311981,0.00221298,-0.000562734,0.0106901,0,0,0
11.9213,2,-7.00984,1.85456,7.70845,-1.90767e-05,1.54548e-05,7.27945e-05,5.94233,0,0,0
11.9213,3,0,0,0,0,0,0,0,0,0,0
11.9213,4,0,0,0,0,0,0,0,0,0,0
11.9213,5,0,0,0,0,0,0,0,0,0,0
11.9715,0,-7.60477,-5.87831,5.37182,-0.00888338,0.000893327,0.00125315,0.0212912,0,0,0
11.9715,1,2.61671,2.3699,4.12531,0.00289625,0.00200699,-0.000545108,0.0101498,0,0,0
11.9715,2,-7.00984,1.85456,7.70845,-2.00304e-05,1.60434e-05,7.24037e-05,5.94233,0,0,0
11.9715,3,0,0,0,0,0,0,0,0,0,0
11.9715,4,0,0,0,0,0,0,0,0,0,0
11.9715,5,0,0,0,0,0,0,0,0,0,0
12.0268,0,-7.60531,-5.8783,5.37195,-0.00863114,0.000789857,0.0011845,0.0212912,0,0,0
12.0268,1,2.61689,2.37005,4.12528,0.0028142,0.0020238,-0.000525254,0.0101498,0,0,0
12.0268,2,-7.00984,1.85456,7.70845,-1.93483e-05,1.51996e-05,7.21616e-05,5.94233,0,0,0
12.0268,3,0,0,0,0,0,0,0,0,0,0
12.0268,4,0,0,0,0,0,0,0,0,0,0
12.0268,5,0,0,0,0,0,0,0,0,0,0
12.0796,0,-7.60581,-5.87826,5.37201,-0.00832755,0.000763575,0.00117763,0.0201979,0,0,0
12.0796,1,2.61705,2.37015,4.12526,0.00271928,0.00189164,-0.000491697,0.0095054,0,0,0
12.0796,2,-7.00984,1.85456,7.70846,-2.00712e-05,1.55774e-05,7.17971e-05,5.94233,0,0,0
12.0796,3,0,0,0,0,0,0,0,0,0,0
12.0796,4,0,0,0,0,0,0,0,0,0,0
12.0796,5,0,0,0,0,0,0,0,0,0,0
12.1363,0,-7.60631,-5.87822,5.37206,-0.008045,0.000743378,0.00114393,0.0201979,0,0,0
12.1363,1,2.61709,2.3702,4.12523,0.0028402,0.00205648,-0.000487637,0.0095054,0,0,0
12.1363,2,-7.00984,1.85456,7.70846,-2.00872e-05,1.53119e-05,7.1413e-05,5.94233,0,0,0
12.1363,3,0,0,0,0,0,0,0,0,0,0
12.1363,4,0,0,0,0,0,0,0,0,0,0
12.1363,5,0,0,0,0,0,0,0,0,0,0
12.1864,0,-7.60685,-5.87815,5.37213,-0.00793111,0.000855649,0.00111602,0.0191965,0,0,0
12.1864,1,2.61744,2.37044,4.12521,0.00269736,0.00188645,-0.000472058,0.00925691,0,0,0
12.1864,2,-7.00984,1.85456,7.70846,-1.92652e-05,1.444e-05,7.11533e-05,5.94233,0,0,0
12.1864,3,0,0,0,0,0,0,0,0,0,0
12.1864,4,0,0,0,0,0,0,0,0,0,0
12.1864,5,0,0,0,0,0,0,0,0,0,0
12.2467,0,-7.60727,-5.87816,5.37218,-0.00737169,0.000644841,0.0010933,0.0191965,0,0,0
12.2467,1,2.61762,2.37057,4.12518,0.00265873,0.00188121,-0.000455178,0.00925691,0,0,0
12.2467,2,-7.00985,1.85456,7.70847,-2.00356e-05,1.51224e-05,7.06783e-05,5.94233,0,0,0
12.2467,3,0,0,0,0,0,0,0,0,0,0
12.2467,4,0,0,0,0,0,0,0,0,0,0
12.2467,5,0,0,0,0,0,0,0,0,0,0
12.2994,0,-7.60775,-5.87814,5.37225,-0.00715042,0.000591961,0.00109855,0.0182286,0,0,0
12.2994,1,2.61765,2.37059,4.12515,0.00277298,0.00193951,-0.000438438,0.00860634,0,0,0
12.2994,2,-7.00985,1.85456,7.70847,-2.10022e-05,1.57663e-05,7.02753e-05,5.94232,0,0,0
12.2994,3,0,0,0,0,0,0,0,0,0,0
12.2994,4,0,0,0,0,0,0,0,0,0,0
12.2994,5,0,0,0,0,0,0,0,0,0,0
12.3572,0,-7.6082,-5.8781,5.3723,-0.00699453,0.00060905,0.00107484,0.0172909,0,0,0
12.3572,1,2.61783,2.3707,4.12514,0.00271296,0.00187166,-0.000425972,0.00860634,0,0,0
12.3572,2,-7.00985,1.85456,7.70847,-2.02252e-05,1.50629e-05,7.01029e-05,5.94232,0,0,0
12.3572,3,0,0,0,0,0,0,0,0,0,0
12.3572,4,0,0,0,0,0,0,0,0,0,0
12.3572,5,0,0,0,0,0,0,0,0,0,0
12.4099,0,-7.6087,-5.87801,5.37234,-0.00703257,0.000801396,0.00101843,0.0172909,0,0,0
12.4099,1,2.61796,2.37081,4.12512,0.0025342,0.00179068,-0.000413602,0.00836292,0,0,0
12.4099,2,-7.00985,1.85456,7.70848,-1.95708e-05,1.44829e-05,6.97223e-05,5.94232,0,0,0
12.4099,3,0,0,0,0,0,0,0,0,0,0
12.4099,4,0,0,0,0,0,0,0,0,0,0
12.4099,5,0,0,0,0,0,0,0,0,0,0
12.4638,0,-7.60907,-5.878,5.37238,-0.00654059,0.000666667,0.00103926,0.0167871,0,0,0
12.4638,1,2.61812,2.37092,4.1251,0.00250156,0.00176593,-0.000399563,0.00836292,0,0,0
12.4638,2,-7.00985,1.85456,7.70848,-1.98299e-05,1.46275e-05,6.93485e-05,5.94232,0,0,0
12.4638,3,0,0,0,0,0,0,0,0,0,0
12.4638,4,0,0,0,0,0,0,0,0,0,0
12.4638,5,0,0,0,0,0,0,0,0,0,0
12.5166,0,-7.60945,-5.87801,5.37245,-0.00624662,0.000523893,0.000980332,0.0167871,0,0,0
12.5166,1,2.61828,2.37104,4.12507,0.00245563,0.00171343,-0.000390368,0.00799992,0,0,0
12.5166,2,-7.00985,1.85457,7.70849,-2.06071e-05,1.52867e-05,6.88862e-05,5.94232,0,0,0
12.5166,3,0,0,0,0,0,0,0,0,0,0
12.5166,4,0,0,0,0,0,0,0,0,0,0
12.5166,5,0,0,0,0,0,0,0,0,0,0
12.5794,0,-7.60994,-5.87795,5.37251,-0.00642561,0.000595319,0.000988537,0.0160392,0,0,0
12.5794,1,2.61855,2.37123,4.12505,0.00224658,0.00155944,-0.000381087,0.00799992,0,0,0
12.5794,2,-7.00985,1.85457,7.70849,-2.23266e-05,1.66064e-05,6.83537e-05,5.94232,0,0,0
12.5794,3,0,0,0,0,0,0,0,0,0,0
12.5794,4,0,0,0,0,0,0,0,0,0,0
12.5794,5,0,0,0,0,0,0,0,0,0,0
12.6351,0,-7.61076,-5.87787,5.37255,-0.00618137,0.000619944,0.000949826,0.0160392,0,0,0
12.6351,1,2.6186,2.37126,4.12503,0.00241954,0.00167445,-0.000362795,0.00747448,0,0,0
12.6351,2,-7.00985,1.85457,7.70849,-2.12936e-05,1.55571e-05,6.79545e-05,5.94232,0,0,0
12.6351,3,0,0,0,0,0,0,0,0,0,0
12.6351,4,0,0,0,0,0,0,0,0,0,0
12.6351,5,0,0,0,0,0,0,0,0,0,0
12.6853,0,-7.61076,-5.87787,5.37255,-0.00618137,0.000619944,0.000949826,0.0147322,0,0,0
12.6853,1,2.61887,2.37145,4.12501,0.00222524,0.00153703,-0.000347457,0.00747448,0,0,0
12.6853,2,-7.00985,1.85457,7.7085,-2.11254e-05,1.5401e-05,6.73117e-05,5.94232,0,0,0
12.6853,3,0,0,0,0,0,0,0,0,0,0
12.6853,4,0,0,0,0,0,0,0,0,0,0
12.6853,5,0,0,0,0,0,0,0,0,0,0
12.7431,0,-7.61116,-5.87783,5.37261,-0.00604365,0.000614245,0.000887957,0.0147322,0,0,0
12.7431,1,2.61888,2.37146,4.12499,0.00228932,0.00158793,-0.000333423,0.00708755,0,0,0
12.7431,2,-7.00986,1.85457,7.7085,-2.15235e-05,1.57641e-05,6.66976e-05,5.94232,0,0,0
12.7431,3,0,0,0,0,0,0,0,0,0,0
12.7431,4,0,0,0,0,0,0,0,0,0,0
12.7431,5,0,0,0,0,0,0,0,0,0,0
12.7983,0,-7.61161,-5.87782,5.37266,-0.00590655,0.000543427,0.000850425,0.0138804,0,0,0
12.7983,1,2.61902,2.37156,4.12498,0.00218946,0.00151669,-0.000323601,0.00708755,0,0,0
12.7983,2,-7.00986,1.85457,7.7085,-1.99711e-05,1.43794e-05,6.61602e-05,5.94232,0,0,0
12.7983,3,0,0,0,0,0,0,0,0,0,0
12.7983,4,0,0,0,0,0,0,0,0,0,0
12.7983,5,0,0,0,0,0,0,0,0,0,0
12.8535,0,-7.61164,-5.87781,5.37271,-0.00600572,0.000555129,0.000817199,0.0138804,0,0,0
12.8535,1,2.61916,2.37165,4.12496,0.00217202,0.00148218,-0.000311695,0.00690062,0,0,0
12.8535,2,-7.00986,1.85457,7.70851,-2.00478e-05,1.4651e-05,6.58924e-05,5.94232,0,0,0
12.8535,3,0,0,0,0,0,0,0,0,0,0
12.8535,4,0,0,0,0,0,0,0,0,0,0
12.8535,5,0,0,0,0,0,0,0,0,0,0
12.9088,0,-7.61232,-5.87778,5.37274,-0.00536105,0.000430063,0.000790974,0.0131721,0,0,0
12.9088,1,2.6193,2.37175,4.12495,0.00215723,0.00146512,-0.000304356,0.00656049,0,0,0
12.9088,2,-7.00986,1.85457,7.70851,-1.85075e-05,1.33211e-05,6.54688e-05,5.94232,0,0,0
12.9088,3,0,0,0,0,0,0,0,0,0,0
12.9088,4,0,0,0,0,0,0,0,0,0,0
12.9088,5,0,0,0,0,0,0,0,0,0,0
12.9665,0,-7.61275,-5.87766,5.37278,-0.00546636,0.000723814,0.000764946,0.0131721,0,0,0
12.9665,1,2.61942,2.37184,4.12493,0.00203294,0.00140237,-0.000295589,0.00656049,0,0,0
12.9665,2,-7.00986,1.85457,7.70851,-2.16841e-05,1.60883e-05,6.50155e-05,5.94232,0,0,0
12.9665,3,0,0,0,0,0,0,0,0,0,0
12.9665,4,0,0,0,0,0,0,0,0,0,0
12.9665,5,0,0,0,0,0,0,0,0,0,0
13.0167,0,-7.61301,-5.87773,5.37279,-0.00498608,0.00039069,0.000798945,0.0124982,0,0,0
13.0167,1,2.61964,2.37199,4.12492,0.00189552,0.00127785,-0.000286959,0.0064149,0,0,0
13.0167,2,-7.00986,1.85457,7.70852,-2.16759e-05,1.5899e-05,6.47809e-05,5.94232,0,0,0
13.0167,3,0,0,0,0,0,0,0,0,0,0
13.0167,4,0,0,0,0,0,0,0,0,0,0
13.0167,5,0,0,0,0,0,0,0,0,0,0
13.0694,0,-7.61311,-5.87769,5.37283,-0.00537454,0.000531202,0.000788688,0.0124982,0,0,0
13.0694,1,2.61964,2.37199,4.12492,0.00189552,0.00127785,-0.000286959,0.0064149,0,0,0
13.0694,2,-7.00986,1.85457,7.70852,-1.91324e-05,1.38057e-05,6.44182e-05,5.94231,0,0,0
13.0694,3,0,0,0,0,0,0,0,0,0,0
13.0694,4,0,0,0,0,0,0,0,0,0,0
13.0694,5,0,0,0,0,0,0,0,0,0,0
13.1196,0,-7.61344,-5.87767,5.37287,-0.00511154,0.000500385,0.000788124,0.0120513,0,0,0
13.1196,1,2.61966,2.37201,4.1249,0.00194947,0.001345,-0.000278253,0.00612221,0,0,0
13.1196,2,-7.00986,1.85457,7.70852,-2.15723e-05,1.60445e-05,6.38454e-05,5.94231,0,0,0
13.1196,3,0,0,0,0,0,0,0,0,0,0
13.1196,4,0,0,0,0,0,0,0,0,0,0
13.1196,5,0,0,0,0,0,0,0,0,0,0
13.1723,0,-7.61378,-5.8776,5.37292,-0.00501303,0.000661168,0.000782718,0.0120513,0,0,0
13.1723,1,2.61977,2.37208,4.12489,0.00186633,0.00125388,-0.000272063,0.00612221,0,0,0
13.1723,2,-7.00986,1.85458,7.70853,-2.12638e-05,1.57318e-05,6.35324e-05,5.94231,0,0,0
13.1723,3,0,0,0,0,0,0,0,0,0,0
13.1723,4,0,0,0,0,0,0,0,0,0,0
13.1723,5,0,0,0,0,0,0,0,0,0,0
13.2312,0,-7.61413,-5.8776,5.37296,-0.00494041,0.000521976,0.000769175,0.0113624,0,0,0
13.2312,1,2.61997,2.37221,4.12487,0.0017042,0.00113075,-0.000261213,0.00575277,0,0,0
13.2312,2,-7.00986,1.85458,7.70853,-1.79386e-05,1.30422e-05,6.33109e-05,5.94231,0,0,0
13.2312,3,0,0,0,0,0,0,0,0,0,0
13.2312,4,0,0,0,0,0,0,0,0,0,0
13.2312,5,0,0,0,0,0,0,0,0,0,0
13.2846,0,-7.61448,-5.87755,5.373,-0.00493367,0.000600488,0.000746996,0.0113624,0,0,0
13.2846,1,2.62008,2.3723,4.12486,0.00169052,0.00114377,-0.000253852,0.00575277,0,0,0
13.2846,2,-7.00987,1.85458,7.70853,-1.71408e-05,1.25838e-05,6.30801e-05,5.94231,0,0,0
13.2846,3,0,0,0,0,0,0,0,0,0,0
13.2846,4,0,0,0,0,0,0,0,0,0,0
13.2846,5,0,0,0,0,0,0,0,0,0,0
13.3378,0,-7.61472,-5.87753,5.37303,-0.00459573,0.000568463,0.000729605,0.0107656,0,0,0
13.3378,1,2.62017,2.37236,4.12485,0.00160979,0.00108027,-0.000245184,0.00550336,0,0,0
13.3378,2,-7.00987,1.85458,7.70853,-1.71408e-05,1.25838e-05,6.30801e-05,5.94231,0,0,0
13.3378,3,0,0,0,0,0,0,0,0,0,0
13.3378,4,0,0,0,0,0,0,0,0,0,0
13.3378,5,0,0,0,0,0,0,0,0,0,0
13.3903,0,-7.61502,-5.8775,5.37307,-0.00450364,0.000585694,0.000708651,0.0107656,0,0,0
13.3903,1,2.62029,2.37243,4.12484,0.00158607,0.00106511,-0.000237171,0.00550336,0,0,0
13.3903,2,-7.00987,1.85458,7.70854,-2.14077e-05,1.63592e-05,6.19862e-05,5.94231,0,0,0
13.3903,3,0,0,0,0,0,0,0,0,0,0
13.3903,4,0,0,0,0,0,0,0,0,0,0
13.3903,5,0,0,0,0,0,0,0,0,0,0
13.454,0,-7.61527,-5.8775,5.3731,-0.00430651,0.000469047,0.000689145,0.0102211,0,0,0
13.454,1,2.62039,2.3725,4.12482,0.00155469,0.0010415,-0.000228742,0.00524696,0,0,0
13.454,2,-7.00987,1.85458,7.70854,-2.14077e-05,1.63592e-05,6.19862e-05,5.94231,0,0,0
13.454,3,0,0,0,0,0,0,0,0,0,0
13.454,4,0,0,0,0,0,0,0,0,0,0
13.454,5,0,0,0,0,0,0,0,0,0,0
13.5117,0,-7.61563,-5.87743,5.37314,-0.00453046,0.000658812,0.000666977,0.0102211,0,0,0
13.5117,1,2.62046,2.37256,4.12481,0.00143716,0.000975362,-0.000222335,0.00524696,0,0,0
13.5117,2,-7.00987,1.85458,7.70855,-2.05126e-05,1.52385e-05,6.11253e-05,5.94231,0,0,0
13.5117,3,0,0,0,0,0,0,0,0,0,0
13.5117,4,0,0,0,0,0,0,0,0,0,0
13.5117,5,0,0,0,0,0,0,0,0,0,0
13.572,0,-7.61593,-5.87742,5.37318,-0.00448192,0.000573927,0.000649159,0.00956463,0,0,0
13.572,1,2.62057,2.37265,4.1248,0.00143489,0.00100025,-0.000214682,0.00501999,0,0,0
13.572,2,-7.00987,1.85458,7.70855,-2.18653e-05,1.65532e-05,6.03754e-05,5.94231,0,0,0
13.572,3,0,0,0,0,0,0,0,0,0,0
13.572,4,0,0,0,0,0,0,0,0,0,0
13.572,5,0,0,0,0,0,0,0,0,0,0
13.6222,0,-7.61619,-5.87739,5.37321,-0.00434247,0.000582508,0.000632616,0.00956463,0,0,0
13.6222,1,2.62067,2.3727,4.12479,0.00141815,0.0009435,-0.000206858,0.00501999,0,0,0
13.6222,2,-7.00987,1.85458,7.70855,-2.15982e-05,1.62684e-05,5.96849e-05,5.94231,0,0,0
13.6222,3,0,0,0,0,0,0,0,0,0,0
13.6222,4,0,0,0,0,0,0,0,0,0,0
13.6222,5,0,0,0,0,0,0,0,0,0,0
13.6805,0,-7.61663,-5.87738,5.37324,-0.0038647,0.000413741,0.000614767,0.00887664,0,0,0
13.6805,1,2.62076,2.37276,4.12478,0.00136561,0.00090308,-0.0001993,0.00480063,0,0,0
13.6805,2,-7.00987,1.85458,7.70856,-2.07294e-05,1.59845e-05,5.87659e-05,5.94231,0,0,0
13.6805,3,0,0,0,0,0,0,0,0,0,0
13.6805,4,0,0,0,0,0,0,0,0,0,0
13.6805,5,0,0,0,0,0,0,0,0,0,0
13.7307,0,-7.61694,-5.87733,5.37328,-0.00387058,0.000498952,0.00059885,0.00887664,0,0,0
13.7307,1,2.62082,2.3728,4.12477,0.00124067,0.000824071,-0.000191217,0.00480063,0,0,0
13.7307,2,-7.00988,1.85458,7.70856,-2.06226e-05,1.59552e-05,5.85906e-05,5.94231,0,0,0
13.7307,3,0,0,0,0,0,0,0,0,0,0
13.7307,4,0,0,0,0,0,0,0,0,0,0
13.7307,5,0,0,0,0,0,0,0,0,0,0
13.7821,0,-7.61717,-5.87732,5.37331,-0.00371018,0.000420681,0.000586986,0.00833619,0,0,0
13.7821,1,2.62091,2.37287,4.12476,0.00125177,0.000812202,-0.000182046,0.00461732,0,0,0
13.7821,2,-7.00987,1.85458,7.70856,-1.5025e-05,1.12175e-05,5.79344e-05,5.94231,0,0,0
13.7821,3,0,0,0,0,0,0,0,0,0,0
13.7821,4,0,0,0,0,0,0,0,0,0,0
13.7821,5,0,0,0,0,0,0,0,0,0,0
13.8334,0,-7.61723,-5.8773,5.37333,-0.00391389,0.00052168,0.000580457,0.00833619,0,0,0
13.8334,1,2.62103,2.37295,4.12475,0.00131426,0.000852322,-0.000173765,0.00461732,0,0,0
13.8334,2,-7.00988,1.85458,7.70856,-1.82339e-05,1.42811e-05,5.7271e-05,5.9423,0,0,0
13.8334,3,0,0,0,0,0,0,0,0,0,0
13.8334,4,0,0,0,0,0,0,0,0,0,0
13.8334,5,0,0,0,0,0,0,0,0,0,0
13.8836,0,-7.61745,-5.87727,5.37337,-0.00372344,0.000497415,0.000570842,0.00804931,0,0,0
13.8836,1,2.62112,2.37301,4.12474,0.00129725,0.000854768,-0.000168675,0.00437245,0,0,0
13.8836,2,-7.00988,1.85458,7.70856,-1.82339e-05,1.42811e-05,5.7271e-05,5.9423,0,0,0
13.8836,3,0,0,0,0,0,0,0,0,0,0
13.8836,4,0,0,0,0,0,0,0,0,0,0
13.8836,5,0,0,0,0,0,0,0,0,0,0
13.9363,0,-7.61764,-5.87727,5.3734,-0.00347397,0.000421218,0.000563282,0.00804931,0,0,0
13.9363,1,2.62118,2.37305,4.12473,0.00122625,0.000796393,-0.000160864,0.00437245,0,0,0
13.9363,2,-7.00988,1.85458,7.70857,-1.69708e-05,1.30594e-05,5.73642e-05,5.9423,0,0,0
13.9363,3,0,0,0,0,0,0,0,0,0,0
13.9363,4,0,0,0,0,0,0,0,0,0,0
13.9363,5,0,0,0,0,0,0,0,0,0,0
13.9868,0,-7.61788,-5.87723,5.37343,-0.00344772,0.000457027,0.000552249,0.00762541,0,0,0
13.9868,1,2.62124,2.37309,4.12473,0.00113552,0.000741389,-0.00015616,0.00422758,0,0,0
13.9868,2,-7.00988,1.85459,7.70857,-1.58093e-05,1.20935e-05,5.76819e-05,5.9423,0,0,0
13.9868,3,0,0,0,0,0,0,0,0,0,0
13.9868,4,0,0,0,0,0,0,0,0,0,0
13.9868,5,0,0,0,0,0,0,0,0,0,0
14.0461,0,-7.61808,-5.87721,5.37346,-0.00323154,0.000455269,0.000540906,0.00762541,0,0,0
14.0461,1,2.62131,2.37314,4.12472,0.00112504,0.000722288,-0.000151977,0.00422758,0,0,0
14.0461,2,-7.00988,1.85459,7.70858,-1.80331e-05,1.39428e-05,5.65865e-05,5.9423,0,0,0
14.0461,3,0,0,0,0,0,0,0,0,0,0
14.0461,4,0,0,0,0,0,0,0,0,0,0
14.0461,5,0,0,0,0,0,0,0,0,0,0
14.0963,0,-7.61826,-5.87721,5.37348,-0.00307548,0.000352876,0.000530137,0.00725329,0,0,0
14.0963,1,2.6214,2.3732,4.12471,0.00110569,0.000723412,-0.000147659,0.00403884,0,0,0
14.0963,2,-7.00988,1.85459,7.70858,-1.80331e-05,1.39428e-05,5.65865e-05,5.9423,0,0,0
14.0963,3,0,0,0,0,0,0,0,0,0,0
14.0963,4,0,0,0,0,0,0,0,0,0,0
14.0963,5,0,0,0,0,0,0,0,0,0,0
14.1543,0,-7.61851,-5.87715,5.37351,-0.00312976,0.000478982,0.000522008,0.00725329,0,0,0
14.1543,1,2.62147,2.37325,4.1247,0.00106907,0.000686902,-0.000142573,0.00403884,0,0,0
14.1543,2,-7.00988,1.85459,7.70858,-1.99965e-05,1.41941e-05,5.63383e-05,5.9423,0,0,0
14.1543,3,0,0,0,0,0,0,0,0,0,0
14.1543,4,0,0,0,0,0,0,0,0,0,0
14.1543,5,0,0,0,0,0,0,0,0,0,0
14.2179,0,-7.61869,-5.87716,5.37354,-0.0029518,0.000365805,0.000514111,0.00682716,0,0,0
14.2179,1,2.62153,2.37329,4.12469,0.00103674,0.000664854,-0.000138081,0.00387925,0,0,0
14.2179,2,-7.00988,1.85459,7.70858,-2.25127e-05,1.60841e-05,5.61264e-05,5.9423,0,0,0
14.2179,3,0,0,0,0,0,0,0,0,0,0
14.2179,4,0,0,0,0,0,0,0,0,0,0
14.2179,5,0,0,0,0,0,0,0,0,0,0
14.2681,0,-7.61891,-5.87712,5.37357,-0.00299771,0.000435051,0.000499296,0.00682716,0,0,0
14.2681,1,2.62159,2.37333,4.12469,0.000998828,0.000636505,-0.000134276,0.00387925,0,0,0
14.2681,2,-7.00988,1.85459,7.70858,-2.27339e-05,1.6217e-05,5.59994e-05,5.9423,0,0,0
14.2681,3,0,0,0,0,0,0,0,0,0,0
14.2681,4,0,0,0,0,0,0,0,0,0,0
14.2681,5,0,0,0,0,0,0,0,0,0,0
14.3267,0,-7.61912,-5.87708,5.37359,-0.00298219,0.000494145,0.000485485,0.00639585,0,0,0
14.3267,1,2.62167,2.37338,4.12468,0.000993733,0.000629703,-0.000130135,0.00372058,0,0,0
14.3267,2,-7.00989,1.85459,7.70859,-2.22514e-05,1.57005e-05,5.55131e-05,5.9423,0,0,0
14.3267,3,0,0,0,0,0,0,0,0,0,0
14.3267,4,0,0,0,0,0,0,0,0,0,0
14.3267,5,0,0,0,0,0,0,0,0,0,0
14.3825,0,-7.61931,-5.87707,5.37362,-0.00287082,0.000436586,0.000472119,0.00639585,0,0,0
14.3825,1,2.62173,2.37343,4.12467,0.000951686,0.000605628,-0.000126127,0.00372058,0,0,0
14.3825,2,-7.00989,1.85459,7.70859,-2.23252e-05,1.59491e-05,5.56769e-05,5.9423,0,0,0
14.3825,3,0,0,0,0,0,0,0,0,0,0
14.3825,4,0,0,0,0,0,0,0,0,0,0
14.3825,5,0,0,0,0,0,0,0,0,0,0
14.4327,0,-7.6195,-5.87706,5.37364,-0.00282734,0.000410447,0.000461238,0.00603026,0,0,0
14.4327,1,2.6218,2.37347,4.12467,0.000946932,0.000594123,-0.000121771,0.00356717,0,0,0
14.4327,2,-7.00989,1.85459,7.7086,-2.04835e-05,1.45026e-05,5.41269e-05,5.9423,0,0,0
14.4327,3,0,0,0,0,0,0,0,0,0,0
14.4327,4,0,0,0,0,0,0,0,0,0,0
14.4327,5,0,0,0,0,0,0,0,0,0,0
14.4882,0,-7.61966,-5.87703,5.37366,-0.0026387,0.000409772,0.000452013,0.00603026,0,0,0
14.4882,1,2.62186,2.37351,4.12466,0.00092709,0.000583481,-0.000119044,0.00356717,0,0,0
14.4882,2,-7.00989,1.85459,7.7086,-2.10038e-05,1.50644e-05,5.44109e-05,5.9423,0,0,0
14.4882,3,0,0,0,0,0,0,0,0,0,0
14.4882,4,0,0,0,0,0,0,0,0,0,0
14.4882,5,0,0,0,0,0,0,0,0,0,0
14.5435,0,-7.61986,-5.877,5.37369,-0.00269287,0.000438798,0.00044529,0.00566724,0,0,0
14.5435,1,2.62191,2.37355,4.12465,0.000879026,0.000557489,-0.000114209,0.00343578,0,0,0
14.5435,2,-7.00989,1.85459,7.7086,-1.87952e-05,1.33621e-05,5.35669e-05,5.9423,0,0,0
14.5435,3,0,0,0,0,0,0,0,0,0,0
14.5435,4,0,0,0,0,0,0,0,0,0,0
14.5435,5,0,0,0,0,0,0,0,0,0,0
14.6045,0,-7.62003,-5.87699,5.37371,-0.00262551,0.000423467,0.000436544,0.00566724,0,0,0
14.6045,1,2.62196,2.37358,4.12465,0.000853247,0.000536674,-0.000111035,0.00343578,0,0,0
14.6045,2,-7.00989,1.85459,7.7086,-1.98136e-05,1.43224e-05,5.28001e-05,5.9423,0,0,0
14.6045,3,0,0,0,0,0,0,0,0,0,0
14.6045,4,0,0,0,0,0,0,0,0,0,0
14.6045,5,0,0,0,0,0,0,0,0,0,0
14.6647,0,-7.62019,-5.87697,5.37374,-0.00257681,0.000392903,0.000428304,0.00534733,0,0,0
14.6647,1,2.62202,2.37362,4.12464,0.000827687,0.000519194,-0.00010718,0.00330689,0,0,0
14.6647,2,-7.00989,1.8546,7.70861,-1.98211e-05,1.43722e-05,5.19505e-05,5.94229,0,0,0
14.6647,3,0,0,0,0,0,0,0,0,0,0
14.6647,4,0,0,0,0,0,0,0,0,0,0
14.6647,5,0,0,0,0,0,0,0,0,0,0
14.7174,0,-7.62047,-5.87693,5.37376,-0.00233415,0.000375845,0.000419035,0.00534733,0,0,0
14.7174,1,2.62208,2.37366,4.12464,0.000840864,0.00052224,-0.000103052,0.00330689,0,0,0
14.7174,2,-7.00989,1.8546,7.70861,-1.87115e-05,1.34972e-05,5.14132e-05,5.94229,0,0,0
14.7174,3,0,0,0,0,0,0,0,0,0,0
14.7174,4,0,0,0,0,0,0,0,0,0,0
14.7174,5,0,0,0,0,0,0,0,0,0,0
14.7676,0,-7.62049,-5.87693,5.37378,-0.0024091,0.000413379,0.000399646,0.00508036,0,0,0
14.7676,1,2.62213,2.3737,4.12463,0.000825503,0.00051202,-9.96223e-05,0.00317052,0,0,0
14.7676,2,-7.00989,1.8546,7.70861,-1.69963e-05,1.20772e-05,5.12429e-05,5.94229,0,0,0
14.7676,3,0,0,0,0,0,0,0,0,0,0
14.7676,4,0,0,0,0,0,0,0,0,0,0
14.7676,5,0,0,0,0,0,0,0,0,0,0
14.8253,0,-7.6206,-5.87694,5.3738,-0.00215555,0.000287342,0.000402048,0.00508036,0,0,0
14.8253,1,2.62218,2.37373,4.12463,0.000792053,0.000501882,-9.51955e-05,0.00317052,0,0,0
14.8253,2,-7.00989,1.8546,7.70861,-1.43455e-05,1.01071e-05,5.14271e-05,5.94229,0,0,0
14.8253,3,0,0,0,0,0,0,0,0,0,0
14.8253,4,0,0,0,0,0,0,0,0,0,0
14.8253,5,0,0,0,0,0,0,0,0,0,0
14.8755,0,-7.62078,-5.87691,5.37382,-0.00221177,0.000308495,0.000395585,0.00495387,0,0,0
14.8755,1,2.62224,2.37377,4.12462,0.000793094,0.000492134,-9.11238e-05,0.00310959,0,0,0
14.8755,2,-7.00989,1.8546,7.70862,-1.4526e-05,1.04524e-05,5.13723e-05,5.94229,0,0,0
14.8755,3,0,0,0,0,0,0,0,0,0,0
14.8755,4,0,0,0,0,0,0,0,0,0,0
14.8755,5,0,0,0,0,0,0,0,0,0,0
14.9307,0,-7.62106,-5.87685,5.37384,-0.00214444,0.000412843,0.000386351,0.00495387,0,0,0
14.9307,1,2.62229,2.3738,4.12462,0.000777777,0.00049341,-8.71439e-05,0.00310959,0,0,0
14.9307,2,-7.00989,1.8546,7.70862,-1.46624e-05,1.04386e-05,5.09795e-05,5.94229,0,0,0
14.9307,3,0,0,0,0,0,0,0,0,0,0
14.9307,4,0,0,0,0,0,0,0,0,0,0
14.9307,5,0,0,0,0,0,0,0,0,0,0
14.9818,0,-7.62121,-5.87684,5.37386,-0.00212064,0.000364263,0.000375926,0.00450055,0,0,0
14.9818,1,2.62234,2.37383,4.12461,0.000764831,0.000469266,-8.27591e-05,0.00298628,0,0,0
14.9818,2,-7.0099,1.8546,7.70862,-1.649e-05,1.18803e-05,5.08142e-05,5.94229,0,0,0
14.9818,3,0,0,0,0,0,0,0,0,0,0
14.9818,4,0,0,0,0,0,0,0,0,0,0
14.9818,5,0,0,0,0,0,0,0,0,0,0
15.0321,0,-7.62134,-5.87682,5.37388,-0.00204794,0.000365309,0.000368725,0.00450055,0,0,0
15.0321,1,2.62238,2.37386,4.12461,0.000714076,0.000450298,-7.89694e-05,0.00298628,0,0,0
15.0321,2,-7.0099,1.8546,7.70862,-1.85086e-05,1.36914e-05,5.06126e-05,5.94229,0,0,0
15.0321,3,0,0,0,0,0,0,0,0,0,0
15.0321,4,0,0,0,0,0,0,0,0,0,0
15.0321,5,0,0,0,0,0,0,0,0,0,0
15.0882,0,-7.62145,-5.87682,5.3739,-0.00191615,0.000290445,0.00035797,0.00423546,0,0,0
15.0882,1,2.62244,2.3739,4.1246,0.000740883,0.000458048,-7.55304e-05,0.00288221,0,0,0
15.0882,2,-7.0099,1.8546,7.70863,-1.87055e-05,1.38323e-05,5.01786e-05,5.94229,0,0,0
15.0882,3,0,0,0,0,0,0,0,0,0,0
15.0882,4,0,0,0,0,0,0,0,0,0,0
15.0882,5,0,0,0,0,0,0,0,0,0,0
15.1387,0,-7.62161,-5.87678,5.37392,-0.00196224,0.000377081,0.000351983,0.00423546,0,0,0
15.1387,1,2.6225,2.37394,4.1246,0.000728134,0.000445587,-7.30298e-05,0.00288221,0,0,0
15.1387,2,-7.0099,1.8546,7.70863,-1.82946e-05,1.3433e-05,5.01139e-05,5.94229,0,0,0
15.1387,3,0,0,0,0,0,0,0,0,0,0
15.1387,4,0,0,0,0,0,0,0,0,0,0
15.1387,5,0,0,0,0,0,0,0,0,0,0
15.1993,0,-7.62173,-5.87678,5.37393,-0.00188186,0.00030407,0.000342216,0.00398335,0,0,0
15.1993,1,2.62255,2.37397,4.1246,0.000724917,0.000445542,-6.90101e-05,0.00274682,0,0,0
15.1993,2,-7.0099,1.8546,7.70863,-1.59639e-05,1.15687e-05,4.9951e-05,5.94229,0,0,0
15.1993,3,0,0,0,0,0,0,0,0,0,0
15.1993,4,0,0,0,0,0,0,0,0,0,0
15.1993,5,0,0,0,0,0,0,0,0,0,0
15.257,0,-7.62185,-5.87676,5.37395,-0.00183179,0.000337421,0.000335215,0.00398335,0,0,0
15.257,1,2.6226,2.374,4.12459,0.000732035,0.000444191,-6.58442e-05,0.00274682,0,0,0
15.257,2,-7.0099,1.8546,7.70863,-1.52517e-05,1.11088e-05,4.98672e-05,5.94229,0,0,0
15.257,3,0,0,0,0,0,0,0,0,0,0
15.257,4,0,0,0,0,0,0,0,0,0,0
15.257,5,0,0,0,0,0,0,0,0,0,0
15.3139,0,-7.62195,-5.87675,5.37397,-0.00172967,0.000291143,0.000327343,0.00375818,0,0,0
15.3139,1,2.62264,2.37403,4.12459,0.000705808,0.000437825,-6.22835e-05,0.00263156,0,0,0
15.3139,2,-7.0099,1.8546,7.70864,-1.57834e-05,1.16409e-05,4.94701e-05,5.94229,0,0,0
15.3139,3,0,0,0,0,0,0,0,0,0,0
15.3139,4,0,0,0,0,0,0,0,0,0,0
15.3139,5,0,0,0,0,0,0,0,0,0,0
15.3691,0,-7.62209,-5.87672,5.37399,-0.00174711,0.000349869,0.000318438,0.00375818,0,0,0
15.3691,1,2.62267,2.37406,4.12459,0.000642674,0.000402933,-5.96064e-05,0.00263156,0,0,0
15.3691,2,-7.0099,1.8546,7.70864,-1.34271e-05,9.66419e-06,4.92413e-05,5.94229,0,0,0
15.3691,3,0,0,0,0,0,0,0,0,0,0
15.3691,4,0,0,0,0,0,0,0,0,0,0
15.3691,5,0,0,0,0,0,0,0,0,0,0
15.4244,0,-7.62218,-5.87672,5.374,-0.00166646,0.000297698,0.000311914,0.00353284,0,0,0
15.4244,1,2.62272,2.37408,4.12459,0.000640144,0.000382836,-5.60467e-05,0.00254532,0,0,0
15.4244,2,-7.0099,1.8546,7.70864,-1.4723e-05,1.08964e-05,4.91012e-05,5.94229,0,0,0
15.4244,3,0,0,0,0,0,0,0,0,0,0
15.4244,4,0,0,0,0,0,0,0,0,0,0
15.4244,5,0,0,0,0,0,0,0,0,0,0
15.4796,0,-7.62228,-5.8767,5.37402,-0.00158659,0.000298009,0.000307371,0.00353284,0,0,0
15.4796,1,2.62277,2.37412,4.12458,0.000658218,0.000395317,-5.34891e-05,0.00254532,0,0,0
15.4796,2,-7.0099,1.8546,7.70865,-1.35832e-05,9.81052e-06,4.84957e-05,5.94229,0,0,0
15.4796,3,0,0,0,0,0,0,0,0,0,0
15.4796,4,0,0,0,0,0,0,0,0,0,0
15.4796,5,0,0,0,0,0,0,0,0,0,0
15.5326,0,-7.62238,-5.87669,5.37403,-0.00154888,0.000291463,0.000297254,0.00335456,0,0,0
15.5326,1,2.62281,2.37415,4.12458,0.000646276,0.000389892,-4.9907e-05,0.00243255,0,0,0
15.5326,2,-7.0099,1.85461,7.70865,-1.71535e-05,1.27945e-05,4.79832e-05,5.94229,0,0,0
15.5326,3,0,0,0,0,0,0,0,0,0,0
15.5326,4,0,0,0,0,0,0,0,0,0,0
15.5326,5,0,0,0,0,0,0,0,0,0,0
15.5863,0,-7.62248,-5.87669,5.37405,-0.00147354,0.00023285,0.00029094,0.00335456,0,0,0
15.5863,1,2.62286,2.37417,4.12458,0.000629879,0.000379314,-4.71151e-05,0.00243255,0,0,0
15.5863,2,-7.00991,1.85461,7.70865,-1.75262e-05,1.30215e-05,4.77857e-05,5.94229,0,0,0
15.5863,3,0,0,0,0,0,0,0,0,0,0
15.5863,4,0,0,0,0,0,0,0,0,0,0
15.5863,5,0,0,0,0,0,0,0,0,0,0
15.6415,0,-7.62256,-5.87667,5.37406,-0.00136586,0.000240363,0.000284916,0.00318251,0,0,0
15.6415,1,2.6229,2.3742,4.12457,0.000638317,0.000379996,-4.43638e-05,0.00233771,0,0,0
15.6415,2,-7.00991,1.85461,7.70865,-1.74363e-05,1.28935e-05,4.76068e-05,5.94228,0,0,0
15.6415,3,0,0,0,0,0,0,0,0,0,0
15.6415,4,0,0,0,0,0,0,0,0,0,0
15.6415,5,0,0,0,0,0,0,0,0,0,0
15.6919,0,-7.62268,-5.87664,5.37408,-0.00142058,0.000301649,0.000277391,0.00318251,0,0,0
15.6919,1,2.62294,2.37422,4.12457,0.000621929,0.000370894,-4.09057e-05,0.00233771,0,0,0
15.6919,2,-7.00991,1.85461,7.70866,-1.65273e-05,1.21204e-05,4.73838e-05,5.94228,0,0,0
15.6919,3,0,0,0,0,0,0,0,0,0,0
15.6919,4,0,0,0,0,0,0,0,0,0,0
15.6919,5,0,0,0,0,0,0,0,0,0,0
15.7533,0,-7.62276,-5.87663,5.37409,-0.0013332,0.000268374,0.000269677,0.00298716,0,0,0
15.7533,1,2.62298,2.37425,4.12457,0.000622342,0.000367985,-3.83018e-05,0.00224274,0,0,0
15.7533,2,-7.00991,1.85461,7.70866,-1.61084e-05,1.18218e-05,4.7187e-05,5.94228,0,0,0
15.7533,3,0,0,0,0,0,0,0,0,0,0
15.7533,4,0,0,0,0,0,0,0,0,0,0
15.7533,5,0,0,0,0,0,0,0,0,0,0
15.8044,0,-7.62286,-5.87662,5.37411,-0.00133801,0.000285583,0.000262435,0.00298716,0,0,0
15.8044,1,2.62302,2.37428,4.12457,0.000614002,0.000368016,-3.49969e-05,0.00224274,0,0,0
15.8044,2,-7.00991,1.85461,7.70866,-1.58606e-05,1.16833e-05,4.70626e-05,5.94228,0,0,0
15.8044,3,0,0,0,0,0,0,0,0,0,0
15.8044,4,0,0,0,0,0,0,0,0,0,0
15.8044,5,0,0,0,0,0,0,0,0,0,0
15.8598,0,-7.62294,-5.87662,5.37412,-0.00127344,0.000232921,0.000257663,0.00282802,0,0,0
15.8598,1,2.62306,2.3743,4.12457,0.00058767,0.000349208,-2.95117e-05,0.00214796,0,0,0
15.8598,2,-7.00991,1.85461,7.70866,-1.54991e-05,1.14168e-05,4.7176e-05,5.94228,0,0,0
15.8598,3,0,0,0,0,0,0,0,0,0,0
15.8598,4,0,0,0,0,0,0,0,0,0,0
15.8598,5,0,0,0,0,0,0,0,0,0,0
15.9194,0,-7.62303,-5.8766,5.37413,-0.00125393,0.000253644,0.000250595,0.00282802,0,0,0
15.9194,1,2.62307,2.37431,4.12456,0.000507781,0.000308807,-3.03844e-05,0.00214796,0,0,0
15.9194,2,-7.00991,1.85461,7.70866,-1.53631e-05,1.12539e-05,4.72266e-05,5.94228,0,0,0
15.9194,3,0,0,0,0,0,0,0,0,0,0
15.9194,4,0,0,0,0,0,0,0,0,0,0
15.9194,5,0,0,0,0,0,0,0,0,0,0
15.9721,0,-7.6231,-5.87659,5.37414,-0.00118414,0.00021056,0.000245695,0.0026807,0,0,0
15.9721,1,2.6231,2.37433,4.12456,0.000502648,0.00028945,-2.79495e-05,0.0020956,0,0,0
15.9721,2,-7.00991,1.85461,7.70867,-1.57178e-05,1.15921e-05,4.71432e-05,5.94228,0,0,0
15.9721,3,0,0,0,0,0,0,0,0,0,0
15.9721,4,0,0,0,0,0,0,0,0,0,0
15.9721,5,0,0,0,0,0,0,0,0,0,0
16.0274,0,-7.6232,-5.87657,5.37416,-0.00119415,0.000254461,0.000241632,0.0026807,0,0,0
16.0274,1,2.62315,2.37435,4.12456,0.0005199,0.000290463,-2.58357e-05,0.0020956,0,0,0
16.0274,2,-7.00991,1.85461,7.70867,-1.59991e-05,1.19628e-05,4.70846e-05,5.94228,0,0,0
16.0274,3,0,0,0,0,0,0,0,0,0,0
16.0274,4,0,0,0,0,0,0,0,0,0,0
16.0274,5,0,0,0,0,0,0,0,0,0,0
16.0856,0,-7.62327,-5.87656,5.37417,-0.00115459,0.000251652,0.000240552,0.00253354,0,0,0
16.0856,1,2.62319,2.37438,4.12456,0.000529282,0.000299499,-2.40651e-05,0.00201023,0,0,0
16.0856,2,-7.00991,1.85461,7.70867,-1.47569e-05,1.08409e-05,4.69957e-05,5.94228,0,0,0
16.0856,3,0,0,0,0,0,0,0,0,0,0
16.0856,4,0,0,0,0,0,0,0,0,0,0
16.0856,5,0,0,0,0,0,0,0,0,0,0
16.1359,0,-7.62335,-5.87655,5.37418,-0.00110546,0.000243286,0.000235004,0.00253354,0,0,0
16.1359,1,2.62322,2.3744,4.12456,0.000525709,0.000302034,-2.19834e-05,0.00201023,0,0,0
16.1359,2,-7.00991,1.85461,7.70867,-1.41414e-05,1.03031e-05,4.66982e-05,5.94228,0,0,0
16.1359,3,0,0,0,0,0,0,0,0,0,0
16.1359,4,0,0,0,0,0,0,0,0,0,0
16.1359,5,0,0,0,0,0,0,0,0,0,0
16.1892,0,-7.62335,-5.87655,5.37419,-0.00113236,0.00021635,0.000230115,0.00240801,0,0,0
16.1892,1,2.62326,2.37443,4.12456,0.00051893,0.000302722,-1.98498e-05,0.00192584,0,0,0
16.1892,2,-7.00991,1.85461,7.70868,-1.43602e-05,1.05023e-05,4.65743e-05,5.94228,0,0,0
16.1892,3,0,0,0,0,0,0,0,0,0,0
16.1892,4,0,0,0,0,0,0,0,0,0,0
16.1892,5,0,0,0,0,0,0,0,0,0,0
16.2451,0,-7.62345,-5.87654,5.37421,-0.00114064,0.000240208,0.000224371,0.00240801,0,0,0
16.2451,1,2.62329,2.37444,4.12456,0.000504425,0.000294879,-1.79168e-05,0.00192584,0,0,0
16.2451,2,-7.00991,1.85461,7.70868,-1.47522e-05,1.09213e-05,4.65382e-05,5.94228,0,0,0
16.2451,3,0,0,0,0,0,0,0,0,0,0
16.2451,4,0,0,0,0,0,0,0,0,0,0
16.2451,5,0,0,0,0,0,0,0,0,0,0
16.3081,0,-7.62357,-5.87651,5.37422,-0.000975351,0.000213512,0.000220764,0.00232331,0,0,0
16.3081,1,2.62332,2.37446,4.12456,0.000492371,0.00028868,-1.57189e-05,0.0018531,0,0,0
16.3081,2,-7.00992,1.85461,7.70868,-1.41395e-05,1.03299e-05,4.62403e-05,5.94228,0,0,0
16.3081,3,0,0,0,0,0,0,0,0,0,0
16.3081,4,0,0,0,0,0,0,0,0,0,0
16.3081,5,0,0,0,0,0,0,0,0,0,0
16.3687,0,-7.62363,-5.87652,5.37423,-0.000914275,0.000168041,0.000216023,0.00218506,0,0,0
16.3687,1,2.62332,2.37446,4.12455,0.000505219,0.000289949,-1.10677e-05,0.00181744,0,0,0
16.3687,2,-7.00992,1.85461,7.70868,-1.38337e-05,1.00827e-05,4.59994e-05,5.94228,0,0,0
16.3687,3,0,0,0,0,0,0,0,0,0,0
16.3687,4,0,0,0,0,0,0,0,0,0,0
16.3687,5,0,0,0,0,0,0,0,0,0,0
16.4277,0,-7.62372,-5.87649,5.37424,-0.000956261,0.000215572,0.000211641,0.00218506,0,0,0
16.4277,1,2.62335,2.37448,4.12455,0.000474822,0.000277042,-1.25828e-05,0.00181744,0,0,0
16.4277,2,-7.00992,1.85461,7.70869,-1.43031e-05,1.05393e-05,4.55872e-05,5.94228,0,0,0
16.4277,3,0,0,0,0,0,0,0,0,0,0
16.4277,4,0,0,0,0,0,0,0,0,0,0
16.4277,5,0,0,0,0,0,0,0,0,0,0
16.4796,0,-7.62378,-5.87648,5.37425,-0.000920381,0.000205059,0.000207928,0.00206162,0,0,0
16.4796,1,2.62337,2.3745,4.12455,0.000461101,0.000265881,-8.35245e-06,0.00175902,0,0,0
16.4796,2,-7.00992,1.85461,7.70869,-1.37303e-05,1.00176e-05,4.5668e-05,5.94228,0,0,0
16.4796,3,0,0,0,0,0,0,0,0,0,0
16.4796,4,0,0,0,0,0,0,0,0,0,0
16.4796,5,0,0,0,0,0,0,0,0,0,0
16.5324,0,-7.62379,-5.87648,5.37426,-0.000956056,0.000212505,0.000204925,0.00206162,0,0,0
16.5324,1,2.6234,2.37451,4.12455,0.000446146,0.000255471,-9.22113e-06,0.00175902,0,0,0
16.5324,2,-7.00992,1.85462,7.70869,-1.45722e-05,1.07875e-05,4.52132e-05,5.94228,0,0,0
16.5324,3,0,0,0,0,0,0,0,0,0,0
16.5324,4,0,0,0,0,0,0,0,0,0,0
16.5324,5,0,0,0,0,0,0,0,0,0,0
16.5882,0,-7.6239,-5.87646,5.37427,-0.000836117,0.00019278,0.000201153,0.00197132,0,0,0
16.5882,1,2.62343,2.37453,4.12455,0.000428883,0.000244054,-7.72155e-06,0.0017007,0,0,0
16.5882,2,-7.00992,1.85462,7.70869,-1.39373e-05,1.02434e-05,4.49086e-05,5.94228,0,0,0
16.5882,3,0,0,0,0,0,0,0,0,0,0
16.5882,4,0,0,0,0,0,0,0,0,0,0
16.5882,5,0,0,0,0,0,0,0,0,0,0
16.6447,0,-7.62391,-5.87646,5.37428,-0.000887827,0.000189611,0.000197855,0.00197132,0,0,0
16.6447,1,2.62346,2.37455,4.12455,0.000423467,0.000241398,-4.06691e-06,0.0017007,0,0,0
16.6447,2,-7.00992,1.85462,7.7087,-1.34298e-05,9.74961e-06,4.46686e-05,5.94228,0,0,0
16.6447,3,0,0,0,0,0,0,0,0,0,0
16.6447,4,0,0,0,0,0,0,0,0,0,0
16.6447,5,0,0,0,0,0,0,0,0,0,0
16.6974,0,-7.62403,-5.87644,5.37429,-0.000806565,0.000201966,0.000193489,0.00196017,0,0,0
16.6974,1,2.62348,2.37456,4.12455,0.000423131,0.000235566,-2.58578e-06,0.00164013,0,0,0
16.6974,2,-7.00992,1.85462,7.7087,-1.43466e-05,1.05974e-05,4.41511e-05,5.94227,0,0,0
16.6974,3,0,0,0,0,0,0,0,0,0,0
16.6974,4,0,0,0,0,0,0,0,0,0,0
16.6974,5,0,0,0,0,0,0,0,0,0,0
16.7554,0,-7.62408,-5.87643,5.3743,-0.000780519,0.000175428,0.000189662,0.00196017,0,0,0
16.7554,1,2.62352,2.37458,4.12455,0.000439124,0.000223957,-3.01673e-06,0.00164013,0,0,0
16.7554,2,-7.00992,1.85462,7.7087,-1.37539e-05,1.00148e-05,4.38943e-05,5.94227,0,0,0
16.7554,3,0,0,0,0,0,0,0,0,0,0
16.7554,4,0,0,0,0,0,0,0,0,0,0
16.7554,5,0,0,0,0,0,0,0,0,0,0
16.8084,0,-7.62411,-5.87642,5.37431,-0.000888614,0.00022119,0.000184985,0.00184101,0,0,0
16.8084,1,2.62354,2.3746,4.12455,0.000417644,0.000229232,-1.46176e-06,0.00157973,0,0,0
16.8084,2,-7.00992,1.85462,7.7087,-1.42911e-05,1.05466e-05,4.35409e-05,5.94227,0,0,0
16.8084,3,0,0,0,0,0,0,0,0,0,0
16.8084,4,0,0,0,0,0,0,0,0,0,0
16.8084,5,0,0,0,0,0,0,0,0,0,0
16.8613,0,-7.62416,-5.87641,5.37432,-0.000848285,0.000215765,0.000180919,0.00184101,0,0,0
16.8613,1,2.62357,2.37461,4.12455,0.000418955,0.000222671,6.07759e-08,0.00157973,0,0,0
16.8613,2,-7.00992,1.85462,7.70871,-1.34704e-05,9.83326e-06,4.3389e-05,5.94227,0,0,0
16.8613,3,0,0,0,0,0,0,0,0,0,0
16.8613,4,0,0,0,0,0,0,0,0,0,0
16.8613,5,0,0,0,0,0,0,0,0,0,0
16.9124,0,-7.62425,-5.8764,5.37433,-0.000734597,0.000184192,0.000177588,0.00177651,0,0,0
16.9124,1,2.6236,2.37463,4.12455,0.00041372,0.000222608,1.47876e-06,0.00152111,0,0,0
16.9124,2,-7.00992,1.85462,7.70871,-1.38505e-05,1.01302e-05,4.30987e-05,5.94227,0,0,0
16.9124,3,0,0,0,0,0,0,0,0,0,0
16.9124,4,0,0,0,0,0,0,0,0,0,0
16.9124,5,0,0,0,0,0,0,0,0,0,0
16.9652,0,-7.62431,-5.87638,5.37434,-0.000734468,0.000200261,0.000174006,0.00177651,0,0,0
16.9652,1,2.62362,2.37464,4.12455,0.000392936,0.00021602,2.76836e-06,0.00152111,0,0,0
16.9652,2,-7.00993,1.85462,7.70871,-1.39578e-05,1.03362e-05,4.28876e-05,5.94227,0,0,0
16.9652,3,0,0,0,0,0,0,0,0,0,0
16.9652,4,0,0,0,0,0,0,0,0,0,0
16.9652,5,0,0,0,0,0,0,0,0,0,0
17.0328,0,-7.62431,-5.87638,5.37436,-0.000766625,0.00019882,0.000165089,0.00168189,0,0,0
17.0328,1,2.62366,2.37466,4.12455,0.000357592,0.000183359,4.10064e-06,0.00145664,0,0,0
17.0328,2,-7.00992,1.85462,7.70871,-1.20591e-05,8.58108e-06,4.28222e-05,5.94227,0,0,0
17.0328,3,0,0,0,0,0,0,0,0,0,0
17.0328,4,0,0,0,0,0,0,0,0,0,0
17.0328,5,0,0,0,0,0,0,0,0,0,0
17.088,0,-7.62436,-5.87637,5.37435,-0.000740116,0.000204081,0.000168467,0.00168189,0,0,0
17.088,1,2.62367,2.37467,4.12455,0.000324203,0.000169182,5.14591e-06,0.00145664,0,0,0
17.088,2,-7.00993,1.85462,7.70871,-1.39262e-05,1.04911e-05,4.23124e-05,5.94227,0,0,0
17.088,3,0,0,0,0,0,0,0,0,0,0
17.088,4,0,0,0,0,0,0,0,0,0,0
17.088,5,0,0,0,0,0,0,0,0,0,0
17.1537,0,-7.62441,-5.87636,5.37436,-0.000734907,0.000205632,0.000163112,0.00164409,0,0,0
17.1537,1,2.62369,2.37468,4.12455,0.000321852,0.000172357,6.44048e-06,0.00141899,0,0,0
17.1537,2,-7.00993,1.85462,7.70872,-1.16972e-05,8.5562e-06,4.22396e-05,5.94227,0,0,0
17.1537,3,0,0,0,0,0,0,0,0,0,0
17.1537,4,0,0,0,0,0,0,0,0,0,0
17.1537,5,0,0,0,0,0,0,0,0,0,0
17.2069,0,-7.62445,-5.87635,5.37437,-0.000692535,0.000197305,0.000160913,0.00164409,0,0,0
17.2069,1,2.62371,2.37469,4.12455,0.000318726,0.000160862,7.51977e-06,0.00141899,0,0,0
17.2069,2,-7.00993,1.85462,7.70872,-1.08516e-05,7.90559e-06,4.21647e-05,5.94227,0,0,0
17.2069,3,0,0,0,0,0,0,0,0,0,0
17.2069,4,0,0,0,0,0,0,0,0,0,0
17.2069,5,0,0,0,0,0,0,0,0,0,0
17.2652,0,-7.62445,-5.87635,5.37437,-0.000692535,0.000197305,0.000160913,0.00158733,0,0,0
17.2652,1,2.62373,2.3747,4.12455,0.000305053,0.000152516,8.47206e-06,0.00139749,0,0,0
17.2652,2,-7.00993,1.85462,7.70872,-9.13103e-06,6.54876e-06,4.26587e-05,5.94227,0,0,0
17.2652,3,0,0,0,0,0,0,0,0,0,0
17.2652,4,0,0,0,0,0,0,0,0,0,0
17.2652,5,0,0,0,0,0,0,0,0,0,0
17.3327,0,-7.62454,-5.87633,5.37439,-0.0006422,0.000183783,0.000156965,0.00158733,0,0,0
17.3327,1,2.62374,2.37471,4.12455,0.000276227,0.000139664,9.37793e-06,0.00139749,0,0,0
17.3327,2,-7.00993,1.85462,7.70872,-9.59841e-06,7.07315e-06,4.24454e-05,5.94227,0,0,0
17.3327,3,0,0,0,0,0,0,0,0,0,0
17.3327,4,0,0,0,0,0,0,0,0,0,0
17.3327,5,0,0,0,0,0,0,0,0,0,0
17.393,0,-7.62462,-5.87631,5.3744,-0.000604182,0.000195308,0.000154245,0.00153671,0,0,0
17.393,1,2.62376,2.37472,4.12455,0.000277644,0.000133735,1.03725e-05,0.00136646,0,0,0
17.393,2,-7.00993,1.85462,7.70873,-9.45251e-06,7.02121e-06,4.19933e-05,5.94227,0,0,0
17.393,3,0,0,0,0,0,0,0,0,0,0
17.393,4,0,0,0,0,0,0,0,0,0,0
17.393,5,0,0,0,0,0,0,0,0,0,0
