time,uav_id,px,py,pz,vx,vy,vz,feedback,ref_x,ref_y,ref_z
1.8588e-05,0,1.23771,0.97616,8.31837,0.0522607,0.0538162,0.025772,5.11197,0,0,0
1.8588e-05,1,1.44716,0.968247,1.9595,0.0669977,0.0600567,-0.0427245,0.2589,0,0,0
1.8588e-05,2,-3.40927,0.602033,4.86828,-0.0883767,0.325012,-0.00715677,1.54483,0,0,0
1.8588e-05,3,0,0,0,0,0,0,0,0,0,0
1.8588e-05,4,0,0,0,0,0,0,0,0,0,0
1.8588e-05,5,0,0,0,0,0,0,0,0,0,0
0.0572028,0,1.24073,0.979513,8.31977,0.0497936,0.0518227,0.0253447,5.11197,0,0,0
0.0572028,1,1.45242,0.972947,1.95709,0.0699485,0.0626788,-0.0425961,0.2589,0,0,0
0.0572028,2,-3.40481,0.599971,4.86807,-0.0721385,0.316983,-0.00424075,1.54483,0,0,0
0.0572028,3,0,0,0,0,0,0,0,0,0,0
0.0572028,4,0,0,0,0,0,0,0,0,0,0
0.0572028,5,0,0,0,0,0,0,0,0,0,0
0.108264,0,1.2447,0.983569,8.32126,0.0507251,0.0523716,0.0249844,5.11384,0,0,0
0.108264,1,1.45646,0.976528,1.95512,0.0678942,0.060799,-0.0418174,5.14314,0,0,0
0.108264,2,-3.42006,0.631664,4.86806,-0.112203,0.363759,-0.00256048,1.51595,0,0,0
0.108264,3,0,0,0,0,0,0,0,0,0,0
0.108264,4,0,0,0,0,0,0,0,0,0,0
0.108264,5,0,0,0,0,0,0,0,0,0,0
0.16352,0,1.24806,0.987324,8.3232,0.0493122,0.0514168,0.0271319,5.11384,0,0,0
0.16352,1,1.46055,0.980245,1.95325,0.0663451,0.0598067,-0.0396631,5.14314,0,0,0
0.16352,2,-3.42447,0.661797,4.86825,-0.0853614,0.325685,-0.000647088,1.51595,0,0,0
0.16352,3,0,0,0,0,0,0,0,0,0,0
0.16352,4,0,0,0,0,0,0,0,0,0,0
0.16352,5,0,0,0,0,0,0,0,0,0,0
0.215232,0,1.2508,0.990185,8.32535,0.0472829,0.0482958,0.0334071,5.11586,0,0,0
0.215232,1,1.46484,0.983924,1.95141,0.0664569,0.0595343,-0.0337746,5.14586,0,0,0
0.215232,2,-3.43138,0.682127,4.86852,-0.0907476,0.328457,-0.00206545,1.46658,0,0,0
0.215232,3,0,0,0,0,0,0,0,0,0,0
0.215232,4,0,0,0,0,0,0,0,0,0,0
0.215232,5,0,0,0,0,0,0,0,0,0,0
0.265673,0,1.25327,0.992889,8.33028,0.0455077,0.0444449,0.0463346,5.11586,0,0,0
0.265673,1,1.46924,0.988009,1.95014,0.0668796,0.0607574,-0.0197763,5.14586,0,0,0
0.265673,2,-3.4364,0.698505,4.86878,-0.0892752,0.3186,0.000496728,1.46658,0,0,0
0.265673,3,0,0,0,0,0,0,0,0,0,0
0.265673,4,0,0,0,0,0,0,0,0,0,0
0.265673,5,0,0,0,0,0,0,0,0,0,0
0.318389,0,1.25368,0.994371,8.33395,0.0490683,0.0474597,0.0692986,5.11704,0,0,0
0.318389,1,1.47234,0.99114,1.94972,0.0631964,0.0587648,-0.00732575,5.14822,0,0,0
0.318389,2,-3.4358,0.695555,4.86915,-0.0868863,0.307917,0.0116137,1.45343,0,0,0
0.318389,3,0,0,0,0,0,0,0,0,0,0
0.318389,4,0,0,0,0,0,0,0,0,0,0
0.318389,5,0,0,0,0,0,0,0,0,0,0
0.374169,0,1.25466,1.00361,8.34555,0.0361594,0.0514012,0.091354,5.11704,0,0,0
0.374169,1,1.4757,0.995395,1.95164,0.0623077,0.0571796,0.0430494,5.14822,0,0,0
0.374169,2,-3.44011,0.716256,4.87114,-0.0670112,0.256814,0.0312861,1.45343,0,0,0
0.374169,3,0,0,0,0,0,0,0,0,0,0
0.374169,4,0,0,0,0,0,0,0,0,0,0
0.374169,5,0,0,0,0,0,0,0,0,0,0
0.426965,0,1.25749,1.00806,8.35435,0.0435389,0.0470881,0.123324,5.11187,0,0,0
0.426965,1,1.47714,1.00167,1.95601,0.058554,0.0617579,0.0885335,5.14673,0,0,0
0.426965,2,-3.44341,0.729553,4.8756,-0.0631315,0.243641,0.0426788,1.41921,0,0,0
0.426965,3,0,0,0,0,0,0,0,0,0,0
0.426965,4,0,0,0,0,0,0,0,0,0,0
0.426965,5,0,0,0,0,0,0,0,0,0,0
0.478873,0,1.24628,1.02535,8.36127,0.00316002,0.0866273,0.155382,5.11187,0,0,0
0.478873,1,1.4771,1.00972,1.9611,0.0536299,0.0657536,0.145107,5.14673,0,0,0
0.478873,2,-3.44044,0.736311,4.88166,-0.0557201,0.26354,0.0986828,1.41921,0,0,0
0.478873,3,0,0,0,0,0,0,0,0,0,0
0.478873,4,0,0,0,0,0,0,0,0,0,0
0.478873,5,0,0,0,0,0,0,0,0,0,0
0.531999,0,1.24151,1.03448,8.36444,-0.00971041,0.093364,0.172473,5.09272,0,0,0
0.531999,1,1.47332,1.01966,1.97026,0.0395129,0.0756357,0.201484,5.13367,0,0,0
0.531999,2,-3.45419,0.76707,4.88423,-0.0932413,0.312749,0.110254,1.38138,0,0,0
0.531999,3,0,0,0,0,0,0,0,0,0,0
0.531999,4,0,0,0,0,0,0,0,0,0,0
0.531999,5,0,0,0,0,0,0,0,0,0,0
0.58215,0,1.24151,1.03448,8.36444,-0.00971041,0.093364,0.172473,5.09272,0,0,0
0.58215,1,1.46408,1.03617,1.98504,0.00758303,0.10587,0.249991,5.13367,0,0,0
0.58215,2,-3.45191,0.78595,4.88689,-0.0486263,0.247217,0.121993,1.38138,0,0,0
0.58215,3,0,0,0,0,0,0,0,0,0,0
0.58215,4,0,0,0,0,0,0,0,0,0,0
0.58215,5,0,0,0,0,0,0,0,0,0,0
0.635104,0,1.24115,1.04216,8.37069,-0.00631927,0.0942325,0.182804,5.07927,0,0,0
0.635104,1,1.45531,1.05116,1.99805,-0.00407348,0.111838,0.339688,5.09693,0,0,0
0.635104,2,-3.45479,0.808909,4.89185,-0.0504644,0.26862,0.132713,1.33896,0,0,0
0.635104,3,0,0,0,0,0,0,0,0,0,0
0.635104,4,0,0,0,0,0,0,0,0,0,0
0.635104,5,0,0,0,0,0,0,0,0,0,0
0.698662,0,1.20504,1.08502,8.38075,-0.116038,0.204101,0.248046,5.07927,0,0,0
0.698662,1,1.43515,1.078,2.01653,-0.0564354,0.16271,0.423882,5.09693,0,0,0
0.698662,2,-3.44923,0.830338,4.89822,-0.0225945,0.282456,0.14246,1.33896,0,0,0
0.698662,3,0,0,0,0,0,0,0,0,0,0
0.698662,4,0,0,0,0,0,0,0,0,0,0
0.698662,5,0,0,0,0,0,0,0,0,0,0
0.764546,0,1.17593,1.12103,8.3948,-0.197318,0.286182,0.298093,4.98206,0,0,0
0.764546,1,1.41292,1.10642,2.02998,-0.108051,0.210708,0.490653,5.03813,0,0,0
0.764546,2,-3.44879,0.865012,4.90433,-0.0147861,0.339041,0.145629,1.28129,0,0,0
0.764546,3,0,0,0,0,0,0,0,0,0,0
0.764546,4,0,0,0,0,0,0,0,0,0,0
0.764546,5,0,0,0,0,0,0,0,0,0,0
0.814693,0,1.16373,1.1387,8.39635,-0.206314,0.29667,0.299976,4.98206,0,0,0
0.814693,1,1.39143,1.13349,2.05565,-0.144631,0.245316,0.57298,5.03813,0,0,0
0.814693,2,-3.44862,0.901323,4.91172,-0.00831385,0.395323,0.142838,1.28129,0,0,0
0.814693,3,0,0,0,0,0,0,0,0,0,0
0.814693,4,0,0,0,0,0,0,0,0,0,0
0.814693,5,0,0,0,0,0,0,0,0,0,0
0.876592,0,1.14537,1.16308,8.40249,-0.233282,0.325881,0.302692,4.93423,0,0,0
0.876592,1,1.35119,1.17975,2.07823,-0.248963,0.347193,0.662759,4.95883,0,0,0
0.876592,2,-3.44471,0.930952,4.91732,0.00922405,0.42346,0.137722,1.21398,0,0,0
0.876592,3,0,0,0,0,0,0,0,0,0,0
0.876592,4,0,0,0,0,0,0,0,0,0,0
0.876592,5,0,0,0,0,0,0,0,0,0,0
0.92677,0,1.07711,1.23517,8.40963,-0.409619,0.500354,0.371743,4.93423,0,0,0
0.92677,1,1.312,1.22501,2.10541,-0.334925,0.433252,0.739385,4.95883,0,0,0
0.92677,2,-3.43386,0.964231,4.92379,0.0461944,0.452988,0.117401,1.21398,0,0,0
0.92677,3,0,0,0,0,0,0,0,0,0,0
0.92677,4,0,0,0,0,0,0,0,0,0,0
0.92677,5,0,0,0,0,0,0,0,0,0,0
0.980009,0,1.00975,1.30634,8.40533,-0.582529,0.667536,0.405029,4.74558,0,0,0
0.980009,1,1.26368,1.27954,2.13898,-0.449985,0.552501,0.806454,4.83325,0,0,0
0.980009,2,-3.43511,0.999266,4.9288,0.0405756,0.486989,0.105713,1.14428,0,0,0
0.980009,3,0,0,0,0,0,0,0,0,0,0
0.980009,4,0,0,0,0,0,0,0,0,0,0
0.980009,5,0,0,0,0,0,0,0,0,0,0
1.03324,0,0.976236,1.34213,8.3967,-0.615936,0.704642,0.366466,4.74558,0,0,0
1.03324,1,1.21675,1.33023,2.17132,-0.540894,0.637808,0.83621,4.83325,0,0,0
1.03324,2,-3.43211,1.02937,4.9346,0.0471312,0.506408,0.0896747,1.14428,0,0,0
1.03324,3,0,0,0,0,0,0,0,0,0,0
1.03324,4,0,0,0,0,0,0,0,0,0,0
1.03324,5,0,0,0,0,0,0,0,0,0,0
1.0875,0,0.8953,1.42341,8.40883,-0.799425,0.870271,0.388812,4.58874,0,0,0
1.0875,1,1.17265,1.37671,2.19848,-0.618175,0.708351,0.84771,4.68158,0,0,0
1.0875,2,-3.42363,1.06065,4.93995,0.0713562,0.525937,0.0803639,1.08141,0,0,0
1.0875,3,0,0,0,0,0,0,0,0,0,0
1.0875,4,0,0,0,0,0,0,0,0,0,0
1.0875,5,0,0,0,0,0,0,0,0,0,0
1.14027,0,0.823912,1.48002,8.42619,-0.904914,0.923857,0.368211,4.58874,0,0,0
1.14027,1,1.10166,1.45042,2.22214,-0.785406,0.870154,0.879769,4.68158,0,0,0
1.14027,2,-3.42169,1.09657,4.94475,0.0715006,0.55828,0.0742063,1.08141,0,0,0
1.14027,3,0,0,0,0,0,0,0,0,0,0
1.14027,4,0,0,0,0,0,0,0,0,0,0
1.14027,5,0,0,0,0,0,0,0,0,0,0
1.19301,0,0.771111,1.52347,8.42837,-0.960232,0.950086,0.31176,4.43111,0,0,0
1.19301,1,1.01309,1.54075,2.27481,-1.00631,1.06139,0.925923,4.52096,0,0,0
1.19301,2,-3.4172,1.12797,4.95,0.0800456,0.571902,0.06721,1.01315,0,0,0
1.19301,3,0,0,0,0,0,0,0,0,0,0
1.19301,4,0,0,0,0,0,0,0,0,0,0
1.19301,5,0,0,0,0,0,0,0,0,0,0
1.24706,0,0.636072,1.63571,8.41848,-1.27204,1.18664,0.293236,4.43111,0,0,0
1.24706,1,0.973858,1.5804,2.31582,-1.0197,1.07027,0.876359,4.52096,0,0,0
1.24706,2,-3.41945,1.16377,4.95371,0.0659437,0.593516,0.0620243,1.01315,0,0,0
1.24706,3,0,0,0,0,0,0,0,0,0,0
1.24706,4,0,0,0,0,0,0,0,0,0,0
1.24706,5,0,0,0,0,0,0,0,0,0,0
1.30509,0,0.587793,1.66537,8.40324,-1.27161,1.12425,0.187692,4.20407,0,0,0
1.30509,1,0.893402,1.66,2.36827,-1.18524,1.22673,0.857299,4.32132,0,0,0
1.30509,2,-3.41245,1.16497,4.95825,0.0871973,0.501915,0.0631066,0.975121,0,0,0
1.30509,3,0,0,0,0,0,0,0,0,0,0
1.30509,4,0,0,0,0,0,0,0,0,0,0
1.30509,5,0,0,0,0,0,0,0,0,0,0
1.35657,0,0.484881,1.7347,8.42256,-1.44583,1.21596,0.17601,4.20407,0,0,0
1.35657,1,0.778104,1.77386,2.41927,-1.25219,1.27479,0.882179,4.32132,0,0,0
1.35657,2,-3.41674,1.20451,4.96212,0.0578547,0.553326,0.0581614,0.975121,0,0,0
1.35657,3,0,0,0,0,0,0,0,0,0,0
1.35657,4,0,0,0,0,0,0,0,0,0,0
1.35657,5,0,0,0,0,0,0,0,0,0,0
1.41844,0,0.391716,1.78943,8.44459,-1.56427,1.2321,0.085177,3.97104,0,0,0
1.41844,1,0.745641,1.80449,2.46795,-1.39537,1.40904,0.854934,4.04619,0,0,0
1.41844,2,-3.41014,1.23568,4.96677,0.0736212,0.56556,0.0605574,0.903975,0,0,0
1.41844,3,0,0,0,0,0,0,0,0,0,0
1.41844,4,0,0,0,0,0,0,0,0,0,0
1.41844,5,0,0,0,0,0,0,0,0,0,0
1.47375,0,0.298565,1.84402,8.45382,-1.66197,1.23962,0.00268443,3.97104,0,0,0
1.47375,1,0.69224,1.85517,2.51986,-1.39657,1.39106,0.825002,4.04619,0,0,0
1.47375,2,-3.40938,1.26187,4.97103,0.0674974,0.561149,0.0564496,0.903975,0,0,0
1.47375,3,0,0,0,0,0,0,0,0,0,0
1.47375,4,0,0,0,0,0,0,0,0,0,0
1.47375,5,0,0,0,0,0,0,0,0,0,0
1.5239,0,0.205257,1.89698,8.46016,-1.71581,1.21761,-0.0481403,3.75551,0,0,0
1.5239,1,0.539678,2.00314,2.57835,-1.52767,1.49948,0.816349,3.891,0,0,0
1.5239,2,-3.40655,1.28615,4.97432,0.0770646,0.545852,0.054161,0.852862,0,0,0
1.5239,3,0,0,0,0,0,0,0,0,0,0
1.5239,4,0,0,0,0,0,0,0,0,0,0
1.5239,5,0,0,0,0,0,0,0,0,0,0
1.57854,0,0.109595,1.94514,8.47174,-1.76476,1.17838,-0.116262,3.75551,0,0,0
1.57854,1,0.491945,2.0475,2.63632,-1.48136,1.43809,0.838646,3.891,0,0,0
1.57854,2,-3.40304,1.3152,4.97796,0.0796569,0.544322,0.0537127,0.852862,0,0,0
1.57854,3,0,0,0,0,0,0,0,0,0,0
1.57854,4,0,0,0,0,0,0,0,0,0,0
1.57854,5,0,0,0,0,0,0,0,0,0,0
1.64377,0,-0.000360451,2.00332,8.47496,-1.8544,1.17919,-0.188134,3.5236,0,0,0
1.64377,1,0.492344,2.04645,2.68208,-1.49127,1.44015,0.816981,3.60815,0,0,0
1.64377,2,-3.40143,1.31986,4.9818,0.0802277,0.46948,0.0552336,0.8182,0,0,0
1.64377,3,0,0,0,0,0,0,0,0,0,0
1.64377,4,0,0,0,0,0,0,0,0,0,0
1.64377,5,0,0,0,0,0,0,0,0,0,0
1.69713,0,-0.103528,2.05421,8.4781,-1.93156,1.17314,-0.230741,3.5236,0,0,0
1.69713,1,0.445633,2.09008,2.73507,-1.45387,1.38885,0.782433,3.60815,0,0,0
1.69713,2,-3.40582,1.34992,4.98521,0.0530344,0.492495,0.054613,0.8182,0,0,0
1.69713,3,0,0,0,0,0,0,0,0,0,0
1.69713,4,0,0,0,0,0,0,0,0,0,0
1.69713,5,0,0,0,0,0,0,0,0,0,0
1.74727,0,-0.181318,2.08886,8.48225,-1.9006,1.09956,-0.267682,3.32346,0,0,0
1.74727,1,0.445633,2.09008,2.73507,-1.45387,1.38885,0.782433,3.49463,0,0,0
1.74727,2,-3.40244,1.36428,4.98845,0.0598678,0.450415,0.0584038,0.773363,0,0,0
1.74727,3,0,0,0,0,0,0,0,0,0,0
1.74727,4,0,0,0,0,0,0,0,0,0,0
1.74727,5,0,0,0,0,0,0,0,0,0,0
1.80563,0,-0.266181,2.12965,8.48415,-1.90331,1.06291,-0.279232,3.32346,0,0,0
1.80563,1,0.327286,2.20249,2.84824,-1.40993,1.32889,0.82305,3.49463,0,0,0
1.80563,2,-3.40214,1.37894,4.9922,0.0544945,0.42079,0.0569292,0.773363,0,0,0
1.80563,3,0,0,0,0,0,0,0,0,0,0
1.80563,4,0,0,0,0,0,0,0,0,0,0
1.80563,5,0,0,0,0,0,0,0,0,0,0
1.86606,0,-0.378566,2.18377,8.48419,-1.97457,1.06461,-0.279587,3.10481,0,0,0
1.86606,1,0.27779,2.2493,2.90417,-1.35793,1.2736,0.832418,3.29828,0,0,0
1.86606,2,-3.40286,1.40261,4.99603,0.0437692,0.426828,0.0567989,0.734337,0,0,0
1.86606,3,0,0,0,0,0,0,0,0,0,0
1.86606,4,0,0,0,0,0,0,0,0,0,0
1.86606,5,0,0,0,0,0,0,0,0,0,0
1.92281,0,-0.442779,2.21064,8.48816,-1.88207,0.975509,-0.266698,3.10481,0,0,0
1.92281,1,0.230822,2.29398,2.95767,-1.31163,1.22728,0.838042,3.29828,0,0,0
1.92281,2,-3.39986,1.41913,4.99966,0.0492295,0.402627,0.0560443,0.734337,0,0,0
1.92281,3,0,0,0,0,0,0,0,0,0,0
1.92281,4,0,0,0,0,0,0,0,0,0,0
1.92281,5,0,0,0,0,0,0,0,0,0,0
1.98058,0,-0.516471,2.24558,8.48988,-1.84526,0.933169,-0.253607,2.95389,0,0,0
1.98058,1,0.177387,2.345,3.01334,-1.28724,1.2034,0.824576,3.12659,0,0,0
1.98058,2,-3.39745,1.439,5.00235,0.0516211,0.398441,0.0543311,0.717341,0,0,0
1.98058,3,0,0,0,0,0,0,0,0,0,0
1.98058,4,0,0,0,0,0,0,0,0,0,0
1.98058,5,0,0,0,0,0,0,0,0,0,0
2.04081,0,-0.587302,2.27819,8.4917,-1.79027,0.881973,-0.207238,2.95389,0,0,0
2.04081,1,0.0941074,2.42387,3.0656,-1.18932,1.10684,0.814461,3.12659,0,0,0
2.04081,2,-3.40009,1.45164,5.0051,0.0390241,0.369154,0.0521656,0.717341,0,0,0
2.04081,3,0,0,0,0,0,0,0,0,0,0
2.04081,4,0,0,0,0,0,0,0,0,0,0
2.04081,5,0,0,0,0,0,0,0,0,0,0
2.10034,0,-0.748989,2.35934,8.49595,-1.77266,0.857561,-0.161426,2.7753,0,0,0
2.10034,1,0.0945863,2.42435,3.11117,-1.18818,1.10956,0.780965,2.91637,0,0,0
2.10034,2,-3.39905,1.46532,5.00845,0.038496,0.348025,0.050775,0.684413,0,0,0
2.10034,3,0,0,0,0,0,0,0,0,0,0
2.10034,4,0,0,0,0,0,0,0,0,0,0
2.10034,5,0,0,0,0,0,0,0,0,0,0
2.1557,0,-0.748989,2.35934,8.49595,-1.77266,0.857561,-0.161426,2.7753,0,0,0
2.1557,1,0.0635272,2.45421,3.14711,-1.10781,1.03251,0.753984,2.91637,0,0,0
2.1557,2,-3.40071,1.4882,5.01129,0.026114,0.362733,0.0493357,0.684413,0,0,0
2.1557,3,0,0,0,0,0,0,0,0,0,0
2.1557,4,0,0,0,0,0,0,0,0,0,0
2.1557,5,0,0,0,0,0,0,0,0,0,0
2.20586,0,-0.805574,2.3835,8.5021,-1.6888,0.79558,-0.14912,2.63366,0,0,0
2.20586,1,0.0123763,2.50394,3.19791,-1.11649,1.04356,0.726143,2.82843,0,0,0
2.20586,2,-3.39868,1.50213,5.01358,0.0304197,0.34314,0.0483553,0.647388,0,0,0
2.20586,3,0,0,0,0,0,0,0,0,0,0
2.20586,4,0,0,0,0,0,0,0,0,0,0
2.20586,5,0,0,0,0,0,0,0,0,0,0
2.26111,0,-0.816922,2.38591,8.50332,-1.4463,0.651079,-0.102865,2.63366,0,0,0
2.26111,1,-0.0150894,2.53063,3.25119,-1.02015,0.952781,0.743446,2.82843,0,0,0
2.26111,2,-3.39854,1.51681,5.01621,0.0269836,0.329716,0.0462829,0.647388,0,0,0
2.26111,3,0,0,0,0,0,0,0,0,0,0
2.26111,4,0,0,0,0,0,0,0,0,0,0
2.26111,5,0,0,0,0,0,0,0,0,0,0
2.31662,0,-0.814821,2.38801,8.49854,-1.44108,0.659738,-0.0583517,2.62356,0,0,0
2.31662,1,-0.0150894,2.53063,3.25119,-1.02015,0.952781,0.743446,2.67728,0,0,0
2.31662,2,-3.39819,1.5341,5.01937,0.0239871,0.327209,0.0454593,0.618286,0,0,0
2.31662,3,0,0,0,0,0,0,0,0,0,0
2.31662,4,0,0,0,0,0,0,0,0,0,0
2.31662,5,0,0,0,0,0,0,0,0,0,0
2.36942,0,-0.983534,2.48449,8.5071,-1.54239,0.750577,-0.000100524,2.62356,0,0,0
2.36942,1,-0.107955,2.62055,3.33985,-0.85562,0.799863,0.758399,2.52306,0,0,0
2.36942,2,-3.39745,1.54849,5.02388,0.0235197,0.31511,0.0444907,0.618286,0,0,0
2.36942,3,0,0,0,0,0,0,0,0,0,0
2.36942,4,0,0,0,0,0,0,0,0,0,0
2.36942,5,0,0,0,0,0,0,0,0,0,0
2.42348,0,-1.00116,2.48482,8.51195,-1.36902,0.629095,0.02573,2.41319,0,0,0
2.42348,1,-0.135635,2.64836,3.38874,-0.800399,0.751486,0.742425,2.52306,0,0,0
2.42348,2,-3.39653,1.55209,5.02612,0.0259655,0.267109,0.0447095,0.585739,0,0,0
2.42348,3,0,0,0,0,0,0,0,0,0,0
2.42348,4,0,0,0,0,0,0,0,0,0,0
2.42348,5,0,0,0,0,0,0,0,0,0,0
2.47858,0,-1.08188,2.53691,8.51751,-1.42211,0.693671,0.0154199,2.41319,0,0,0
2.47858,1,-0.162429,2.67484,3.42732,-0.74918,0.704676,0.731324,2.46075,0,0,0
2.47858,2,-3.39571,1.56086,5.02648,0.0263247,0.244422,0.0443229,0.585739,0,0,0
2.47858,3,0,0,0,0,0,0,0,0,0,0
2.47858,4,0,0,0,0,0,0,0,0,0,0
2.47858,5,0,0,0,0,0,0,0,0,0,0
2.5338,0,-1.10522,2.54815,8.52251,-1.2759,0.612137,-0.0120147,2.29121,0,0,0
2.5338,1,-0.197899,2.70888,3.47565,-0.746038,0.70034,0.710066,2.46075,0,0,0
2.5338,2,-3.39534,1.57927,5.02947,0.0234545,0.259644,0.0449219,0.573048,0,0,0
2.5338,3,0,0,0,0,0,0,0,0,0,0
2.5338,4,0,0,0,0,0,0,0,0,0,0
2.5338,5,0,0,0,0,0,0,0,0,0,0
2.59162,0,-1.12446,2.55936,8.526,-1.12349,0.532523,-0.00758646,2.29121,0,0,0
2.59162,1,-0.217893,2.72955,3.51226,-0.68943,0.648804,0.692878,2.3379,0,0,0
2.59162,2,-3.39724,1.61287,5.03476,0.0114055,0.272737,0.0458691,0.573048,0,0,0
2.59162,3,0,0,0,0,0,0,0,0,0,0
2.59162,4,0,0,0,0,0,0,0,0,0,0
2.59162,5,0,0,0,0,0,0,0,0,0,0
2.64436,0,-1.19905,2.60325,8.52855,-1.1831,0.586518,-0.00712251,2.18233,0,0,0
2.64436,1,-0.217893,2.72955,3.51226,-0.68943,0.648804,0.692878,2.3379,0,0,0
2.64436,2,-3.39706,1.62172,5.03756,0.0112704,0.248454,0.046745,0.520498,0,0,0
2.64436,3,0,0,0,0,0,0,0,0,0,0
2.64436,4,0,0,0,0,0,0,0,0,0,0
2.64436,5,0,0,0,0,0,0,0,0,0,0
2.7024,0,-1.26332,2.63797,8.53174,-1.1961,0.595999,-0.0145054,2.18233,0,0,0
2.7024,1,-0.26389,2.77576,3.58306,-0.61356,0.577311,0.656369,2.24318,0,0,0
2.7024,2,-3.39769,1.63311,5.04017,0.0075416,0.23669,0.0476984,0.520498,0,0,0
2.7024,3,0,0,0,0,0,0,0,0,0,0
2.7024,4,0,0,0,0,0,0,0,0,0,0
2.7024,5,0,0,0,0,0,0,0,0,0,0
2.75265,0,-1.26332,2.63797,8.53174,-1.1961,0.595999,-0.0145054,2.10922,0,0,0
2.75265,1,-0.26389,2.77576,3.58306,-0.61356,0.577311,0.656369,2.24318,0,0,0
2.75265,2,-3.39796,1.64462,5.04046,0.00557762,0.22453,0.0497917,0.499663,0,0,0
2.75265,3,0,0,0,0,0,0,0,0,0,0
2.75265,4,0,0,0,0,0,0,0,0,0,0
2.75265,5,0,0,0,0,0,0,0,0,0,0
2.80835,0,-1.30116,2.65566,8.53782,-1.12037,0.546827,-0.00865411,2.10922,0,0,0
2.80835,1,-0.306115,2.81914,3.64834,-0.545274,0.514371,0.631505,2.14755,0,0,0
2.80835,2,-3.40061,1.6581,5.04642,-0.00505016,0.226568,0.0528368,0.499663,0,0,0
2.80835,3,0,0,0,0,0,0,0,0,0,0
2.80835,4,0,0,0,0,0,0,0,0,0,0
2.80835,5,0,0,0,0,0,0,0,0,0,0
2.86637,0,-1.34601,2.67784,8.54053,-1.07182,0.516648,-0.0113495,2.01719,0,0,0
2.86637,1,-0.325671,2.84039,3.68793,-0.513147,0.486766,0.616581,2.14755,0,0,0
2.86637,2,-3.40145,1.66861,5.04963,-0.0072169,0.21767,0.055981,0.474161,0,0,0
2.86637,3,0,0,0,0,0,0,0,0,0,0
2.86637,4,0,0,0,0,0,0,0,0,0,0
2.86637,5,0,0,0,0,0,0,0,0,0,0
2.91652,0,-1.4627,2.74344,8.54265,-1.07296,0.533215,-0.00912206,2.01719,0,0,0
2.91652,1,-0.34491,2.86083,3.71833,-0.485731,0.463232,0.606095,2.05832,0,0,0
2.91652,2,-3.40316,1.67817,5.05276,-0.0119402,0.207102,0.0578032,0.474161,0,0,0
2.91652,3,0,0,0,0,0,0,0,0,0,0
2.91652,4,0,0,0,0,0,0,0,0,0,0
2.91652,5,0,0,0,0,0,0,0,0,0,0
2.96979,0,-1.43673,2.72741,8.54669,-0.978201,0.472999,-0.00787008,1.88339,0,0,0
2.96979,1,-0.34491,2.86083,3.71833,-0.485731,0.463232,0.606095,2.05832,0,0,0
2.96979,2,-3.40526,1.68724,5.05552,-0.0141024,0.196474,0.0601695,0.453509,0,0,0
2.96979,3,0,0,0,0,0,0,0,0,0,0
2.96979,4,0,0,0,0,0,0,0,0,0,0
2.96979,5,0,0,0,0,0,0,0,0,0,0
3.02387,0,-1.47598,2.74889,8.55061,-0.930916,0.452414,-0.0167048,1.88339,0,0,0
3.02387,1,-0.358972,2.87776,3.74766,-0.43479,0.421694,0.58819,1.98088,0,0,0
3.02387,2,-3.40761,1.69601,5.05625,-0.0192459,0.178741,0.0624213,0.453509,0,0,0
3.02387,3,0,0,0,0,0,0,0,0,0,0
3.02387,4,0,0,0,0,0,0,0,0,0,0
3.02387,5,0,0,0,0,0,0,0,0,0,0
3.07857,0,-1.53838,2.77504,8.55232,-0.803016,0.364737,-0.0128527,1.86879,0,0,0
3.07857,1,-0.397056,2.92162,3.8084,-0.403551,0.407166,0.558487,1.98088,0,0,0
3.07857,2,-3.41129,1.70349,5.05966,-0.0288342,0.16759,0.0648574,0.435683,0,0,0
3.07857,3,0,0,0,0,0,0,0,0,0,0
3.07857,4,0,0,0,0,0,0,0,0,0,0
3.07857,5,0,0,0,0,0,0,0,0,0,0
3.13944,0,-1.5926,2.81052,8.55388,-0.839785,0.410232,-0.0166608,1.86879,0,0,0
3.13944,1,-0.412508,2.94195,3.8386,-0.380066,0.397258,0.544473,1.89704,0,0,0
3.13944,2,-3.41489,1.7111,5.06334,-0.0370378,0.158529,0.0683626,0.435683,0,0,0
3.13944,3,0,0,0,0,0,0,0,0,0,0
3.13944,4,0,0,0,0,0,0,0,0,0,0
3.13944,5,0,0,0,0,0,0,0,0,0,0
3.19468,0,-1.58612,2.80829,8.55586,-0.815948,0.40136,-0.0152069,1.73686,0,0,0
3.19468,1,-0.430885,2.96535,3.86898,-0.366523,0.395996,0.530699,1.89704,0,0,0
3.19468,2,-3.41878,1.71851,5.06699,-0.0452825,0.150181,0.0705709,0.420367,0,0,0
3.19468,3,0,0,0,0,0,0,0,0,0,0
3.19468,4,0,0,0,0,0,0,0,0,0,0
3.19468,5,0,0,0,0,0,0,0,0,0,0
3.2474,0,-1.67296,2.85399,8.55737,-0.804586,0.397551,-0.0112138,1.73686,0,0,0
3.2474,1,-0.442049,2.98137,3.89464,-0.331817,0.371893,0.518923,1.8156,0,0,0
3.2474,2,-3.4217,1.72617,5.07051,-0.0480998,0.140775,0.0716921,0.420367,0,0,0
3.2474,3,0,0,0,0,0,0,0,0,0,0
3.2474,4,0,0,0,0,0,0,0,0,0,0
3.2474,5,0,0,0,0,0,0,0,0,0,0
3.29754,0,-1.66484,2.85045,8.55965,-0.774781,0.383904,0.000734887,1.64543,0,0,0
3.29754,1,-0.442049,2.98137,3.89464,-0.331817,0.371893,0.518923,1.8156,0,0,0
3.29754,2,-3.4217,1.72617,5.07051,-0.0480998,0.140775,0.0716921,0.405239,0,0,0
3.29754,3,0,0,0,0,0,0,0,0,0,0
3.29754,4,0,0,0,0,0,0,0,0,0,0
3.29754,5,0,0,0,0,0,0,0,0,0,0
3.35026,0,-1.70086,2.87055,8.56218,-0.741464,0.371221,0.00413262,1.64543,0,0,0
3.35026,1,-0.455084,3.00163,3.92467,-0.306522,0.363463,0.505021,1.74637,0,0,0
3.35026,2,-3.42857,1.73387,5.07817,-0.0642289,0.136465,0.0727602,0.405239,0,0,0
3.35026,3,0,0,0,0,0,0,0,0,0,0
3.35026,4,0,0,0,0,0,0,0,0,0,0
3.35026,5,0,0,0,0,0,0,0,0,0,0
3.40041,0,-1.72461,2.88291,8.56439,-0.669431,0.331711,0.00776988,1.61286,0,0,0
3.40041,1,-0.47119,3.02456,3.94941,-0.299198,0.369994,0.497212,1.74637,0,0,0
3.40041,2,-3.4324,1.74042,5.08159,-0.0676868,0.127443,0.072565,0.397546,0,0,0
3.40041,3,0,0,0,0,0,0,0,0,0,0
3.40041,4,0,0,0,0,0,0,0,0,0,0
3.40041,5,0,0,0,0,0,0,0,0,0,0
3.45572,0,-1.77569,2.90651,8.56576,-0.586171,0.277317,0.0132595,1.61286,0,0,0
3.45572,1,-0.483477,3.04417,3.97659,-0.279329,0.3642,0.485976,1.6745,0,0,0
3.45572,2,-3.43757,1.74551,5.08515,-0.0759882,0.117074,0.0706188,0.397546,0,0,0
3.45572,3,0,0,0,0,0,0,0,0,0,0
3.45572,4,0,0,0,0,0,0,0,0,0,0
3.45572,5,0,0,0,0,0,0,0,0,0,0
3.50848,0,-1.78012,2.9135,8.56529,-0.60261,0.30274,0.0265845,1.52983,0,0,0
3.50848,1,-0.496787,3.06306,4.00091,-0.265643,0.356732,0.475593,1.6745,0,0,0
3.50848,2,-3.44398,1.75272,5.08841,-0.0877555,0.115459,0.0658453,0.386676,0,0,0
3.50848,3,0,0,0,0,0,0,0,0,0,0
3.50848,4,0,0,0,0,0,0,0,0,0,0
3.50848,5,0,0,0,0,0,0,0,0,0,0
3.56876,0,-1.84021,2.94702,8.56867,-0.578424,0.295924,0.024271,1.52983,0,0,0
3.56876,1,-0.507015,3.08304,4.02035,-0.244805,0.354979,0.465235,1.61272,0,0,0
3.56876,2,-3.4502,1.7599,5.09253,-0.0958078,0.111703,0.0650178,0.374174,0,0,0
3.56876,3,0,0,0,0,0,0,0,0,0,0
3.56876,4,0,0,0,0,0,0,0,0,0,0
3.56876,5,0,0,0,0,0,0,0,0,0,0
3.61892,0,-1.85992,2.95607,8.57119,-0.535432,0.267968,0.0302035,1.45379,0,0,0
3.61892,1,-0.51531,3.09922,4.04872,-0.219387,0.340392,0.454951,1.61272,0,0,0
3.61892,2,-3.45563,1.76542,5.09584,-0.100864,0.105023,0.0630691,0.374174,0,0,0
3.61892,3,0,0,0,0,0,0,0,0,0,0
3.61892,4,0,0,0,0,0,0,0,0,0,0
3.61892,5,0,0,0,0,0,0,0,0,0,0
3.67171,0,-1.89107,2.97469,8.57318,-0.530964,0.272676,0.0243108,1.45379,0,0,0
3.67171,1,-0.529279,3.12148,4.07096,-0.219424,0.350985,0.447358,1.54727,0,0,0
3.67171,2,-3.45895,1.76857,5.09905,-0.0971868,0.090684,0.0615877,0.374174,0,0,0
3.67171,3,0,0,0,0,0,0,0,0,0,0
3.67171,4,0,0,0,0,0,0,0,0,0,0
3.67171,5,0,0,0,0,0,0,0,0,0,0
3.72983,0,-1.91453,2.9867,8.57466,-0.507469,0.258275,0.0238119,1.39577,0,0,0
3.72983,1,-0.537228,3.1374,4.09072,-0.196966,0.336746,0.435972,1.54727,0,0,0
3.72983,2,-3.46647,1.77578,5.10118,-0.109671,0.0937959,0.0598714,0.367101,0,0,0
3.72983,3,0,0,0,0,0,0,0,0,0,0
3.72983,4,0,0,0,0,0,0,0,0,0,0
3.72983,5,0,0,0,0,0,0,0,0,0,0
3.77999,0,-1.94529,3.00485,8.57608,-0.506347,0.263452,0.0221064,1.39577,0,0,0
3.77999,1,-0.542731,3.14967,4.12517,-0.166885,0.308323,0.423673,1.48944,0,0,0
3.77999,2,-3.47194,1.78052,5.10482,-0.110744,0.085138,0.058603,0.358426,0,0,0
3.77999,3,0,0,0,0,0,0,0,0,0,0
3.77999,4,0,0,0,0,0,0,0,0,0,0
3.77999,5,0,0,0,0,0,0,0,0,0,0
3.83909,0,-1.95339,3.00947,8.57738,-0.431553,0.221922,0.0225923,1.33368,0,0,0
3.83909,1,-0.560899,3.17841,4.15281,-0.191469,0.347426,0.414378,1.48944,0,0,0
3.83909,2,-3.47939,1.78698,5.10785,-0.101929,0.0637618,0.0572315,0.358426,0,0,0
3.83909,3,0,0,0,0,0,0,0,0,0,0
3.83909,4,0,0,0,0,0,0,0,0,0,0
3.83909,5,0,0,0,0,0,0,0,0,0,0
3.89209,0,-1.99063,3.03291,8.57861,-0.473384,0.259578,0.0215008,1.33368,0,0,0
3.89209,1,-0.570157,3.19819,4.17591,-0.179429,0.348348,0.403446,1.41655,0,0,0
3.89209,2,-3.47939,1.78698,5.10785,-0.101929,0.0637618,0.0572315,0.354188,0,0,0
3.89209,3,0,0,0,0,0,0,0,0,0,0
3.89209,4,0,0,0,0,0,0,0,0,0,0
3.89209,5,0,0,0,0,0,0,0,0,0,0
3.95486,0,-2.0156,3.04552,8.57963,-0.462891,0.248298,0.0216363,1.28044,0,0,0
3.95486,1,-0.580136,3.21718,4.19672,-0.173562,0.34924,0.38762,1.41655,0,0,0
3.95486,2,-3.49392,1.79902,5.11332,-0.121259,0.0705916,0.0559407,0.354188,0,0,0
3.95486,3,0,0,0,0,0,0,0,0,0,0
3.95486,4,0,0,0,0,0,0,0,0,0,0
3.95486,5,0,0,0,0,0,0,0,0,0,0
4.01968,0,-2.04022,3.0583,8.58104,-0.454745,0.242356,0.014279,1.22468,0,0,0
4.01968,1,-0.590145,3.23604,4.21298,-0.166083,0.345628,0.374073,1.36237,0,0,0
4.01968,2,-3.4991,1.80303,5.11635,-0.121106,0.0659219,0.0545472,0.347189,0,0,0
4.01968,3,0,0,0,0,0,0,0,0,0,0
4.01968,4,0,0,0,0,0,0,0,0,0,0
4.01968,5,0,0,0,0,0,0,0,0,0,0
4.07086,0,-2.06459,3.07091,8.58227,-0.437921,0.231553,0.0131954,1.22468,0,0,0
4.07086,1,-0.601884,3.25654,4.23087,-0.167953,0.35192,0.364578,1.36237,0,0,0
4.07086,2,-3.50484,1.80654,5.11935,-0.122881,0.0606083,0.0531544,0.347189,0,0,0
4.07086,3,0,0,0,0,0,0,0,0,0,0
4.07086,4,0,0,0,0,0,0,0,0,0,0
4.07086,5,0,0,0,0,0,0,0,0,0,0
4.12101,0,-2.08396,3.08073,8.58316,-0.410914,0.214623,0.0138014,1.22468,0,0,0
4.12101,1,-0.621458,3.29586,4.25159,-0.154314,0.349253,0.35744,1.33404,0,0,0
4.12101,2,-3.50484,1.80654,5.11935,-0.122881,0.0606083,0.0531544,0.343957,0,0,0
4.12101,3,0,0,0,0,0,0,0,0,0,0
4.12101,4,0,0,0,0,0,0,0,0,0,0
4.12101,5,0,0,0,0,0,0,0,0,0,0
4.17191,0,-2.10684,3.09003,8.58423,-0.400624,0.199881,0.0140986,1.17548,0,0,0
4.17191,1,-0.62735,3.30597,4.26797,-0.137071,0.317972,0.352717,1.33404,0,0,0
4.17191,2,-3.50553,1.80743,5.12205,-0.106648,0.0464074,0.0521683,0.343957,0,0,0
4.17191,3,0,0,0,0,0,0,0,0,0,0
4.17191,4,0,0,0,0,0,0,0,0,0,0
4.17191,5,0,0,0,0,0,0,0,0,0,0
4.22715,0,-2.14524,3.11217,8.58511,-0.422008,0.217831,0.014609,1.17548,0,0,0
4.22715,1,-0.634477,3.32093,4.29116,-0.128627,0.310116,0.344883,1.27172,0,0,0
4.22715,2,-3.50788,1.81037,5.12692,-0.098381,0.0416161,0.0503362,0.341548,0,0,0
4.22715,3,0,0,0,0,0,0,0,0,0,0
4.22715,4,0,0,0,0,0,0,0,0,0,0
4.22715,5,0,0,0,0,0,0,0,0,0,0
4.28322,0,-2.16606,3.12254,8.58731,-0.409123,0.20869,0.0131702,1.10658,0,0,0
4.28322,1,-0.638991,3.33192,4.30438,-0.110346,0.286017,0.342516,1.27172,0,0,0
4.28322,2,-3.5223,1.82103,5.13165,-0.11603,0.0513855,0.0432799,0.341548,0,0,0
4.28322,3,0,0,0,0,0,0,0,0,0,0
4.28322,4,0,0,0,0,0,0,0,0,0,0
4.28322,5,0,0,0,0,0,0,0,0,0,0
4.33571,0,-2.18946,3.13669,8.58879,-0.396886,0.207524,0.0130223,1.10658,0,0,0
4.33571,1,-0.653679,3.35634,4.31127,-0.129471,0.311235,0.336039,1.22884,0,0,0
4.33571,2,-3.5223,1.82103,5.13165,-0.11603,0.0513855,0.0432799,0.337842,0,0,0
4.33571,3,0,0,0,0,0,0,0,0,0,0
4.33571,4,0,0,0,0,0,0,0,0,0,0
4.33571,5,0,0,0,0,0,0,0,0,0,0
4.38589,0,-2.2091,3.14673,8.58969,-0.38426,0.199173,0.0131343,1.05593,0,0,0
4.38589,1,-0.669139,3.38007,4.33367,-0.149674,0.332317,0.330043,1.22884,0,0,0
4.38589,2,-3.52655,1.82473,5.13168,-0.112959,0.0497584,0.0423258,0.337842,0,0,0
4.38589,3,0,0,0,0,0,0,0,0,0,0
4.38589,4,0,0,0,0,0,0,0,0,0,0
4.38589,5,0,0,0,0,0,0,0,0,0,0
4.44122,0,-2.21204,3.14767,8.58955,-0.394942,0.20303,0.0153021,1.03082,0,0,0
4.44122,1,-0.672632,3.39108,4.35098,-0.12791,0.307908,0.323565,1.17021,0,0,0
4.44122,2,-3.53129,1.82772,5.13397,-0.110679,0.0425906,0.0398406,0.335978,0,0,0
4.44122,3,0,0,0,0,0,0,0,0,0,0
4.44122,4,0,0,0,0,0,0,0,0,0,0
4.44122,5,0,0,0,0,0,0,0,0,0,0
4.50237,0,-2.25682,3.17261,8.59192,-0.390989,0.205138,0.0166498,1.03082,0,0,0
4.50237,1,-0.68897,3.4137,4.37316,-0.152982,0.326956,0.312813,1.17021,0,0,0
4.50237,2,-3.53814,1.83412,5.13974,-0.100652,0.0396332,0.0361951,0.335978,0,0,0
4.50237,3,0,0,0,0,0,0,0,0,0,0
4.50237,4,0,0,0,0,0,0,0,0,0,0
4.50237,5,0,0,0,0,0,0,0,0,0,0
4.56308,0,-2.27772,3.18482,8.59321,-0.38084,0.202809,0.0213069,0.955329,0,0,0
4.56308,1,-0.69607,3.42994,4.39042,-0.144011,0.322005,0.304159,1.11745,0,0,0
4.56308,2,-3.54359,1.83838,5.14139,-0.103752,0.0429234,0.0342401,0.33383,0,0,0
4.56308,3,0,0,0,0,0,0,0,0,0,0
4.56308,4,0,0,0,0,0,0,0,0,0,0
4.56308,5,0,0,0,0,0,0,0,0,0,0
4.61832,0,-2.2877,3.18926,8.59477,-0.34124,0.177719,0.0177635,0.955329,0,0,0
4.61832,1,-0.704663,3.44273,4.40844,-0.138459,0.30262,0.289904,1.11745,0,0,0
4.61832,2,-3.54572,1.84026,5.14304,-0.0933601,0.0362244,0.0324015,0.33383,0,0,0
4.61832,3,0,0,0,0,0,0,0,0,0,0
4.61832,4,0,0,0,0,0,0,0,0,0,0
4.61832,5,0,0,0,0,0,0,0,0,0,0
4.6756,0,-2.31382,3.20576,8.59621,-0.357565,0.19741,0.0189367,0.91357,0,0,0
4.6756,1,-0.716231,3.45989,4.42069,-0.141943,0.303737,0.276424,1.07223,0,0,0
4.6756,2,-3.54874,1.84247,5.14495,-0.0869523,0.0315644,0.0311457,0.332485,0,0,0
4.6756,3,0,0,0,0,0,0,0,0,0,0
4.6756,4,0,0,0,0,0,0,0,0,0,0
4.6756,5,0,0,0,0,0,0,0,0,0,0
4.73186,0,-2.33365,3.2132,8.59744,-0.352833,0.18389,0.0212453,0.91357,0,0,0
4.73186,1,-0.723104,3.47562,4.43643,-0.133407,0.297941,0.267883,1.07223,0,0,0
4.73186,2,-3.54874,1.84247,5.14495,-0.0869523,0.0315644,0.0311457,0.332485,0,0,0
4.73186,3,0,0,0,0,0,0,0,0,0,0
4.73186,4,0,0,0,0,0,0,0,0,0,0
4.73186,5,0,0,0,0,0,0,0,0,0,0
4.78566,0,-2.35761,3.22837,8.59899,-0.361569,0.196146,0.0189797,0.864221,0,0,0
4.78566,1,-0.73275,3.48898,4.44855,-0.135524,0.286802,0.261659,1.02888,0,0,0
4.78566,2,-3.55065,1.8444,5.1468,-0.0769203,0.0261185,0.0309538,0.33176,0,0,0
4.78566,3,0,0,0,0,0,0,0,0,0,0
4.78566,4,0,0,0,0,0,0,0,0,0,0
4.78566,5,0,0,0,0,0,0,0,0,0,0
4.84341,0,-2.37652,3.23692,8.60048,-0.354402,0.186657,0.0174874,0.864221,0,0,0
4.84341,1,-0.742991,3.50485,4.46388,-0.141642,0.287455,0.258568,0.986674,0,0,0
4.84341,2,-3.55407,1.84719,5.14665,-0.0752991,0.0261666,0.030602,0.33176,0,0,0
4.84341,3,0,0,0,0,0,0,0,0,0,0
4.84341,4,0,0,0,0,0,0,0,0,0,0
4.84341,5,0,0,0,0,0,0,0,0,0,0
4.89484,0,-2.39987,3.25064,8.60173,-0.359718,0.193448,0.0173297,0.816397,0,0,0
4.89484,1,-0.75432,3.52125,4.47783,-0.150131,0.290909,0.257444,0.986674,0,0,0
4.89484,2,-3.55516,1.84852,5.14811,-0.0659914,0.0213517,0.0294618,0.330801,0,0,0
4.89484,3,0,0,0,0,0,0,0,0,0,0
4.89484,4,0,0,0,0,0,0,0,0,0,0
4.89484,5,0,0,0,0,0,0,0,0,0,0
4.95806,0,-2.41662,3.25998,8.6029,-0.346739,0.187058,0.0183991,0.816397,0,0,0
4.95806,1,-0.75863,3.53121,4.4887,-0.13015,0.264493,0.256417,0.95025,0,0,0
4.95806,2,-3.55507,1.84861,5.15099,-0.0656837,0.0216576,0.0274854,0.330801,0,0,0
4.95806,3,0,0,0,0,0,0,0,0,0,0
4.95806,4,0,0,0,0,0,0,0,0,0,0
4.95806,5,0,0,0,0,0,0,0,0,0,0
5.00888,0,-2.4307,3.26646,8.60422,-0.327045,0.17245,0.0187519,0.797204,0,0,0
5.00888,1,-0.765082,3.54116,4.50258,-0.123425,0.247537,0.255326,0.95025,0,0,0
5.00888,2,-3.56012,1.85299,5.15207,-0.0704146,0.0279108,0.0273233,0.330137,0,0,0
5.00888,3,0,0,0,0,0,0,0,0,0,0
5.00888,4,0,0,0,0,0,0,0,0,0,0
5.00888,5,0,0,0,0,0,0,0,0,0,0
5.05964,0,-2.45692,3.28238,8.60537,-0.342998,0.18719,0.0193135,0.797204,0,0,0
5.05964,1,-0.772622,3.55383,4.51384,-0.120862,0.240527,0.252729,0.916255,0,0,0
5.05964,2,-3.56483,1.85622,5.15346,-0.0736519,0.0296633,0.0263348,0.330137,0,0,0
5.05964,3,0,0,0,0,0,0,0,0,0,0
5.05964,4,0,0,0,0,0,0,0,0,0,0
5.05964,5,0,0,0,0,0,0,0,0,0,0
5.11101,0,-2.46832,3.2883,8.60668,-0.311167,0.168155,0.0205606,0.751067,0,0,0
5.11101,1,-0.783754,3.57055,4.5309,-0.132642,0.25003,0.247551,0.916255,0,0,0
5.11101,2,-3.5676,1.85895,5.15488,-0.0708746,0.0300864,0.0253004,0.329802,0,0,0
5.11101,3,0,0,0,0,0,0,0,0,0,0
5.11101,4,0,0,0,0,0,0,0,0,0,0
5.11101,5,0,0,0,0,0,0,0,0,0,0
5.17073,0,-2.48493,3.29639,8.60809,-0.302253,0.160365,0.0200145,0.751067,0,0,0
5.17073,1,-0.789197,3.58079,4.53992,-0.123217,0.236906,0.244961,0.87866,0,0,0
5.17073,2,-3.56974,1.86111,5.15602,-0.066064,0.0285873,0.0229853,0.329802,0,0,0
5.17073,3,0,0,0,0,0,0,0,0,0,0
5.17073,4,0,0,0,0,0,0,0,0,0,0
5.17073,5,0,0,0,0,0,0,0,0,0,0
5.22108,0,-2.50389,3.30786,8.6093,-0.30249,0.164564,0.0210988,0.719697,0,0,0
5.22108,1,-0.793292,3.58832,4.55077,-0.108934,0.214354,0.237773,0.87866,0,0,0
5.22108,2,-3.57318,1.86402,5.15716,-0.0666308,0.0303844,0.0215553,0.329424,0,0,0
5.22108,3,0,0,0,0,0,0,0,0,0,0
5.22108,4,0,0,0,0,0,0,0,0,0,0
5.22108,5,0,0,0,0,0,0,0,0,0,0
5.27634,0,-2.5184,3.31581,8.6106,-0.291629,0.158616,0.0214813,0.719697,0,0,0
5.27634,1,-0.798635,3.60015,4.5644,-0.100925,0.208094,0.23276,0.849715,0,0,0
5.27634,2,-3.57719,1.86724,5.15789,-0.0667022,0.0313948,0.0192762,0.329424,0,0,0
5.27634,3,0,0,0,0,0,0,0,0,0,0
5.27634,4,0,0,0,0,0,0,0,0,0,0
5.27634,5,0,0,0,0,0,0,0,0,0,0
5.32925,0,-2.53513,3.3247,8.61193,-0.284044,0.153741,0.0208168,0.681002,0,0,0
5.32925,1,-0.805047,3.6069,4.57841,-0.124474,0.232876,0.226266,0.849715,0,0,0
5.32925,2,-3.58265,1.87157,5.15876,-0.0746579,0.0385514,0.0173043,0.329247,0,0,0
5.32925,3,0,0,0,0,0,0,0,0,0,0
5.32925,4,0,0,0,0,0,0,0,0,0,0
5.32925,5,0,0,0,0,0,0,0,0,0,0
5.38594,0,-2.55131,3.33428,8.61322,-0.281587,0.154834,0.0206359,0.681002,0,0,0
5.38594,1,-0.815004,3.6226,4.59025,-0.132419,0.240774,0.219754,0.814403,0,0,0
5.38594,2,-3.58729,1.87516,5.15968,-0.0783312,0.0419184,0.0161276,0.329247,0,0,0
5.38594,3,0,0,0,0,0,0,0,0,0,0
5.38594,4,0,0,0,0,0,0,0,0,0,0
5.38594,5,0,0,0,0,0,0,0,0,0,0
5.43682,0,-2.56533,3.34248,8.61435,-0.272892,0.151523,0.0204147,0.643258,0,0,0
5.43682,1,-0.820029,3.63188,4.60004,-0.122259,0.226074,0.214449,0.814403,0,0,0
5.43682,2,-3.59029,1.87729,5.1605,-0.0753565,0.0393757,0.0149886,0.32968,0,0,0
5.43682,3,0,0,0,0,0,0,0,0,0,0
5.43682,4,0,0,0,0,0,0,0,0,0,0
5.43682,5,0,0,0,0,0,0,0,0,0,0
5.49179,0,-2.57719,3.34807,8.61573,-0.255942,0.138955,0.0201797,0.643258,0,0,0
5.49179,1,-0.826636,3.64276,4.61027,-0.11986,0.220079,0.209441,0.814403,0,0,0
5.49179,2,-3.59263,1.87895,5.16127,-0.0703908,0.0355482,0.014033,0.32968,0,0,0
5.49179,3,0,0,0,0,0,0,0,0,0,0
5.49179,4,0,0,0,0,0,0,0,0,0,0
5.49179,5,0,0,0,0,0,0,0,0,0,0
5.54194,0,-2.57969,3.3506,8.61701,-0.265235,0.148346,0.0196825,0.613905,0,0,0
5.54194,1,-0.8386,3.66379,4.62258,-0.110665,0.206268,0.205544,0.787139,0,0,0
5.54194,2,-3.59487,1.88045,5.16216,-0.0651459,0.0313178,0.0134181,0.330482,0,0,0
5.54194,3,0,0,0,0,0,0,0,0,0,0
5.54194,4,0,0,0,0,0,0,0,0,0,0
5.54194,5,0,0,0,0,0,0,0,0,0,0
5.5921,0,-2.60335,3.3629,8.61841,-0.240476,0.131664,0.0198766,0.613905,0,0,0
5.5921,1,-0.849116,3.67691,4.63041,-0.119577,0.208578,0.202136,0.787139,0,0,0
5.5921,2,-3.59607,1.88135,5.16266,-0.0575469,0.0259544,0.0128613,0.330482,0,0,0
5.5921,3,0,0,0,0,0,0,0,0,0,0
5.5921,4,0,0,0,0,0,0,0,0,0,0
5.5921,5,0,0,0,0,0,0,0,0,0,0
5.64852,0,-2.6168,3.37146,8.61939,-0.235514,0.1326,0.0203171,0.583833,0,0,0
5.64852,1,-0.845665,3.67358,4.64158,-0.107191,0.196785,0.198584,0.74861,0,0,0
5.64852,2,-3.59802,1.88269,5.16323,-0.053808,0.0232452,0.0122445,0.331146,0,0,0
5.64852,3,0,0,0,0,0,0,0,0,0,0
5.64852,4,0,0,0,0,0,0,0,0,0,0
5.64852,5,0,0,0,0,0,0,0,0,0,0
5.70626,0,-2.62902,3.37726,8.62064,-0.228385,0.125444,0.0187892,0.583833,0,0,0
5.70626,1,-0.857403,3.695,4.65172,-0.101432,0.189175,0.198437,0.724084,0,0,0
5.70626,2,-3.59988,1.88388,5.16387,-0.0493081,0.0198513,0.0111144,0.331146,0,0,0
5.70626,3,0,0,0,0,0,0,0,0,0,0
5.70626,4,0,0,0,0,0,0,0,0,0,0
5.70626,5,0,0,0,0,0,0,0,0,0,0
5.76003,0,-2.6439,3.38635,8.62201,-0.23116,0.129984,0.0176012,0.554423,0,0,0
5.76003,1,-0.861354,3.70238,4.66272,-0.0930847,0.177025,0.196944,0.724084,0,0,0
5.76003,2,-3.59988,1.88388,5.16387,-0.0493081,0.0198513,0.0111144,0.331995,0,0,0
5.76003,3,0,0,0,0,0,0,0,0,0,0
5.76003,4,0,0,0,0,0,0,0,0,0,0
5.76003,5,0,0,0,0,0,0,0,0,0,0
5.82138,0,-2.65585,3.39288,8.62311,-0.224325,0.125746,0.017092,0.554423,0,0,0
5.82138,1,-0.866507,3.71158,4.67308,-0.090536,0.173413,0.193931,0.699643,0,0,0
5.82138,2,-3.60404,1.88642,5.16492,-0.0454011,0.0165051,0.00968528,0.331995,0,0,0
5.82138,3,0,0,0,0,0,0,0,0,0,0
5.82138,4,0,0,0,0,0,0,0,0,0,0
5.82138,5,0,0,0,0,0,0,0,0,0,0
5.87911,0,-2.66728,3.39924,8.6242,-0.217037,0.12165,0.0168383,0.523436,0,0,0
5.87911,1,-0.87325,3.72223,4.68297,-0.0933871,0.174605,0.190369,0.699643,0,0,0
5.87911,2,-3.60543,1.88715,5.1654,-0.0410281,0.0131503,0.00906697,0.33313,0,0,0
5.87911,3,0,0,0,0,0,0,0,0,0,0
5.87911,4,0,0,0,0,0,0,0,0,0,0
5.87911,5,0,0,0,0,0,0,0,0,0,0
5.937,0,-2.67877,3.40569,8.62513,-0.208992,0.117309,0.017294,0.523436,0,0,0
5.937,1,-0.878582,3.73087,4.6934,-0.0923973,0.170182,0.186016,0.67341,0,0,0
5.937,2,-3.60903,1.88855,5.16588,-0.0378845,0.00845035,0.00787111,0.33313,0,0,0
5.937,3,0,0,0,0,0,0,0,0,0,0
5.937,4,0,0,0,0,0,0,0,0,0,0
5.937,5,0,0,0,0,0,0,0,0,0,0
5.98981,0,-2.69081,3.41292,8.62619,-0.201207,0.115731,0.0174244,0.497208,0,0,0
5.98981,1,-0.883244,3.7395,4.70348,-0.0889539,0.165767,0.182032,0.67341,0,0,0
5.98981,2,-3.61095,1.88958,5.16623,-0.0370833,0.00771761,0.00778538,0.33519,0,0,0
5.98981,3,0,0,0,0,0,0,0,0,0,0
5.98981,4,0,0,0,0,0,0,0,0,0,0
5.98981,5,0,0,0,0,0,0,0,0,0,0
6.0476,0,-2.70146,3.41856,8.62733,-0.193193,0.109959,0.0176716,0.497208,0,0,0
6.0476,1,-0.886875,3.74627,4.71279,-0.0820989,0.155457,0.178073,0.651731,0,0,0
6.0476,2,-3.61256,1.89027,5.16659,-0.0354514,0.00610821,0.00716327,0.33519,0,0,0
6.0476,3,0,0,0,0,0,0,0,0,0,0
6.0476,4,0,0,0,0,0,0,0,0,0,0
6.0476,5,0,0,0,0,0,0,0,0,0,0
6.10586,0,-2.70909,3.42296,8.62846,-0.178145,0.101635,0.0176702,0.471177,0,0,0
6.10586,1,-0.891443,3.75444,4.72171,-0.07999,0.151875,0.173922,0.651731,0,0,0
6.10586,2,-3.61458,1.89124,5.16692,-0.0350286,0.00550717,0.00640639,0.336544,0,0,0
6.10586,3,0,0,0,0,0,0,0,0,0,0
6.10586,4,0,0,0,0,0,0,0,0,0,0
6.10586,5,0,0,0,0,0,0,0,0,0,0
6.16123,0,-2.71829,3.4274,8.62936,-0.170923,0.0952589,0.0177973,0.471177,0,0,0
6.16123,1,-0.89583,3.76251,4.73007,-0.0777218,0.148602,0.170509,0.631054,0,0,0
6.16123,2,-3.61542,1.89194,5.16724,-0.0310459,0.00401387,0.00571873,0.336544,0,0,0
6.16123,3,0,0,0,0,0,0,0,0,0,0
6.16123,4,0,0,0,0,0,0,0,0,0,0
6.16123,5,0,0,0,0,0,0,0,0,0,0
6.21928,0,-2.72819,3.43379,8.63042,-0.166757,0.0957008,0.0176128,0.452195,0,0,0
6.21928,1,-0.899205,3.7689,4.73728,-0.0720662,0.140052,0.166921,0.631054,0,0,0
6.21928,2,-3.61728,1.89281,5.16756,-0.0308968,0.0038894,0.00507481,0.337495,0,0,0
6.21928,3,0,0,0,0,0,0,0,0,0,0
6.21928,4,0,0,0,0,0,0,0,0,0,0
6.21928,5,0,0,0,0,0,0,0,0,0,0
6.27749,0,-2.73671,3.43805,8.63142,-0.159426,0.0898104,0.0173324,0.452195,0,0,0
6.27749,1,-0.904357,3.77811,4.74743,-0.0724709,0.140134,0.163482,0.622869,0,0,0
6.27749,2,-3.61878,1.89296,5.16781,-0.02977,0.00142161,0.00461498,0.337495,0,0,0
6.27749,3,0,0,0,0,0,0,0,0,0,0
6.27749,4,0,0,0,0,0,0,0,0,0,0
6.27749,5,0,0,0,0,0,0,0,0,0,0
6.33345,0,-2.7482,3.44529,8.63245,-0.164043,0.0956691,0.0166521,0.431001,0,0,0
6.33345,1,-0.910165,3.78858,4.75579,-0.0756335,0.144876,0.160577,0.622869,0,0,0
6.33345,2,-3.61977,1.89376,5.16804,-0.0270772,0.00145576,0.00412914,0.339267,0,0,0
6.33345,3,0,0,0,0,0,0,0,0,0,0
6.33345,4,0,0,0,0,0,0,0,0,0,0
6.33345,5,0,0,0,0,0,0,0,0,0,0
6.39215,0,-2.75726,3.45012,8.63344,-0.157826,0.0911989,0.0160631,0.431001,0,0,0
6.39215,1,-0.912987,3.79485,4.76251,-0.0680399,0.1355,0.156684,0.592686,0,0,0
6.39215,2,-3.62201,1.89471,5.16821,-0.0293362,0.0025609,0.00305854,0.339267,0,0,0
6.39215,3,0,0,0,0,0,0,0,0,0,0
6.39215,4,0,0,0,0,0,0,0,0,0,0
6.39215,5,0,0,0,0,0,0,0,0,0,0
6.44986,0,-2.76591,3.45506,8.6343,-0.151542,0.0878901,0.0152998,0.407294,0,0,0
6.44986,1,-0.91635,3.80183,4.76954,-0.0637594,0.130496,0.153445,0.592686,0,0,0
6.44986,2,-3.62378,1.89517,5.16834,-0.0295439,0.00176866,0.00245142,0.340465,0,0,0
6.44986,3,0,0,0,0,0,0,0,0,0,0
6.44986,4,0,0,0,0,0,0,0,0,0,0
6.44986,5,0,0,0,0,0,0,0,0,0,0
6.5,0,-2.77134,3.45763,8.63512,-0.136385,0.0772901,0.0149727,0.407294,0,0,0
6.5,1,-0.918546,3.80732,4.77556,-0.0569318,0.122611,0.150565,0.578823,0,0,0
6.5,2,-3.62493,1.89545,5.16844,-0.0274856,-0.000131278,0.00191496,0.340465,0,0,0
6.5,3,0,0,0,0,0,0,0,0,0,0
6.5,4,0,0,0,0,0,0,0,0,0,0
6.5,5,0,0,0,0,0,0,0,0,0,0
6.5554,0,-2.77862,3.46071,8.63591,-0.130268,0.0707737,0.0146545,0.391398,0,0,0
6.5554,1,-0.92438,3.8173,4.78471,-0.0630162,0.130415,0.147886,0.578823,0,0,0
6.5554,2,-3.62574,1.89567,5.16853,-0.0246366,-0.00144046,0.0013802,0.342117,0,0,0
6.5554,3,0,0,0,0,0,0,0,0,0,0
6.5554,4,0,0,0,0,0,0,0,0,0,0
6.5554,5,0,0,0,0,0,0,0,0,0,0
6.60559,0,-2.79075,3.46815,8.63668,-0.139506,0.0785878,0.0142797,0.391398,0,0,0
6.60559,1,-0.928387,3.82415,4.79252,-0.0620962,0.126798,0.145244,0.559099,0,0,0
6.60559,2,-3.6269,1.89559,5.16858,-0.0234604,-0.00350407,0.00107454,0.342117,0,0,0
6.60559,3,0,0,0,0,0,0,0,0,0,0
6.60559,4,0,0,0,0,0,0,0,0,0,0
6.60559,5,0,0,0,0,0,0,0,0,0,0
6.65574,0,-2.80035,3.47364,8.63743,-0.139637,0.0791123,0.013738,0.369405,0,0,0
6.65574,1,-0.931513,3.83109,4.8007,-0.0578107,0.12235,0.141314,0.559099,0,0,0
6.65574,2,-3.6269,1.89559,5.16858,-0.0234604,-0.00350407,0.00107454,0.343488,0,0,0
6.65574,3,0,0,0,0,0,0,0,0,0,0
6.65574,4,0,0,0,0,0,0,0,0,0,0
6.65574,5,0,0,0,0,0,0,0,0,0,0
6.70854,0,-2.80821,3.47822,8.6382,-0.134628,0.0769897,0.0127669,0.369405,0,0,0
6.70854,1,-0.934278,3.83692,4.80831,-0.0542323,0.117411,0.136453,0.544037,0,0,0
6.70854,2,-3.62772,1.89629,5.16862,-0.0214357,-0.00262915,0.000470686,0.343488,0,0,0
6.70854,3,0,0,0,0,0,0,0,0,0,0
6.70854,4,0,0,0,0,0,0,0,0,0,0
6.70854,5,0,0,0,0,0,0,0,0,0,0
6.75866,0,-2.81624,3.48313,8.6389,-0.129234,0.0762848,0.0125409,0.349391,0,0,0
6.75866,1,-0.938772,3.84457,4.81582,-0.0561634,0.117945,0.13123,0.544037,0,0,0
6.75866,2,-3.62914,1.89668,5.16862,-0.021749,-0.00257613,-5.07255e-05,0.344414,0,0,0
6.75866,3,0,0,0,0,0,0,0,0,0,0
6.75866,4,0,0,0,0,0,0,0,0,0,0
6.75866,5,0,0,0,0,0,0,0,0,0,0
6.81647,0,-2.82176,3.48536,8.63957,-0.116927,0.0612799,0.0123235,0.349391,0,0,0
6.81647,1,-0.942733,3.85126,4.82228,-0.0567857,0.116522,0.127446,0.528258,0,0,0
6.81647,2,-3.63248,1.89703,5.16855,-0.0226049,-0.00416289,-0.00152407,0.344414,0,0,0
6.81647,3,0,0,0,0,0,0,0,0,0,0
6.81647,4,0,0,0,0,0,0,0,0,0,0
6.81647,5,0,0,0,0,0,0,0,0,0,0
6.87439,0,-2.83125,3.49118,8.64025,-0.123763,0.0683878,0.0118021,0.334166,0,0,0
6.87439,1,-0.945332,3.85579,4.82865,-0.0537247,0.109103,0.123114,0.528258,0,0,0
6.87439,2,-3.63248,1.89703,5.16855,-0.0226049,-0.00416289,-0.00152407,0.346646,0,0,0
6.87439,3,0,0,0,0,0,0,0,0,0,0
6.87439,4,0,0,0,0,0,0,0,0,0,0
6.87439,5,0,0,0,0,0,0,0,0,0,0
6.92558,0,-2.83772,3.49405,8.64084,-0.118593,0.0634842,0.0113275,0.334166,0,0,0
6.92558,1,-0.947982,3.86179,4.83423,-0.0495817,0.104658,0.120516,0.522309,0,0,0
6.92558,2,-3.63351,1.89776,5.16848,-0.0214993,-0.00279088,-0.00154761,0.346646,0,0,0
6.92558,3,0,0,0,0,0,0,0,0,0,0
6.92558,4,0,0,0,0,0,0,0,0,0,0
6.92558,5,0,0,0,0,0,0,0,0,0,0
6.97805,0,-2.84368,3.49752,8.64147,-0.112464,0.0610444,0.0107331,0.316112,0,0,0
6.97805,1,-0.950703,3.86702,4.84081,-0.0462646,0.0985894,0.118228,0.522309,0,0,0
6.97805,2,-3.63411,1.8979,5.16841,-0.0190166,-0.00343847,-0.00182636,0.347268,0,0,0
6.97805,3,0,0,0,0,0,0,0,0,0,0
6.97805,4,0,0,0,0,0,0,0,0,0,0
6.97805,5,0,0,0,0,0,0,0,0,0,0
7.02821,0,-2.84981,3.50022,8.64215,-0.106853,0.0561418,0.0103035,0.316112,0,0,0
7.02821,1,-0.953533,3.87229,4.84611,-0.0433564,0.092744,0.116658,0.510739,0,0,0
7.02821,2,-3.63526,1.89827,5.1683,-0.0187002,-0.00305692,-0.00228841,0.347268,0,0,0
7.02821,3,0,0,0,0,0,0,0,0,0,0
7.02821,4,0,0,0,0,0,0,0,0,0,0
7.02821,5,0,0,0,0,0,0,0,0,0,0
7.08353,0,-2.85908,3.50577,8.64274,-0.111151,0.0605463,0.00961632,0.302645,0,0,0
7.08353,1,-0.956606,3.87764,4.85296,-0.0432828,0.0909521,0.11511,0.510739,0,0,0
7.08353,2,-3.63647,1.89858,5.16817,-0.0188982,-0.0028323,-0.00258724,0.348565,0,0,0
7.08353,3,0,0,0,0,0,0,0,0,0,0
7.08353,4,0,0,0,0,0,0,0,0,0,0
7.08353,5,0,0,0,0,0,0,0,0,0,0
7.14072,0,-2.86694,3.51158,8.6433,-0.111803,0.0676832,0.00903085,0.302645,0,0,0
7.14072,1,-0.959213,3.88267,4.85883,-0.0419025,0.0884923,0.113588,0.499063,0,0,0
7.14072,2,-3.63713,1.89858,5.16802,-0.0166714,-0.00389472,-0.00305863,0.348565,0,0,0
7.14072,3,0,0,0,0,0,0,0,0,0,0
7.14072,4,0,0,0,0,0,0,0,0,0,0
7.14072,5,0,0,0,0,0,0,0,0,0,0
7.19601,0,-2.86694,3.51158,8.6433,-0.111803,0.0676832,0.00903085,0.282477,0,0,0
7.19601,1,-0.961972,3.887,4.86416,-0.040264,0.0827366,0.111655,0.499063,0,0,0
7.19601,2,-3.63816,1.89903,5.16786,-0.0166409,-0.00299498,-0.00339672,0.349498,0,0,0
7.19601,3,0,0,0,0,0,0,0,0,0,0
7.19601,4,0,0,0,0,0,0,0,0,0,0
7.19601,5,0,0,0,0,0,0,0,0,0,0
7.24616,0,-2.87068,3.51248,8.64385,-0.100631,0.057368,0.00837278,0.282477,0,0,0
7.24616,1,-0.964157,3.89083,4.86828,-0.0371308,0.0759383,0.109766,0.488644,0,0,0
7.24616,2,-3.63864,1.89916,5.16767,-0.0146245,-0.00340144,-0.00360319,0.349498,0,0,0
7.24616,3,0,0,0,0,0,0,0,0,0,0
7.24616,4,0,0,0,0,0,0,0,0,0,0
7.24616,5,0,0,0,0,0,0,0,0,0,0
7.29935,0,-2.87616,3.51505,8.64433,-0.095414,0.0529777,0.00781202,0.272735,0,0,0
7.29935,1,-0.964041,3.89095,4.87076,-0.0367361,0.0762957,0.108129,0.488644,0,0,0
7.29935,2,-3.63897,1.89923,5.16752,-0.0123815,-0.00391645,-0.00375865,0.349947,0,0,0
7.29935,3,0,0,0,0,0,0,0,0,0,0
7.29935,4,0,0,0,0,0,0,0,0,0,0
7.29935,5,0,0,0,0,0,0,0,0,0,0
7.35709,0,-2.88718,3.52144,8.64513,-0.0906509,0.051121,0.00749648,0.272735,0,0,0
7.35709,1,-0.967907,3.89748,4.87842,-0.0412124,0.0813707,0.106965,0.483509,0,0,0
7.35709,2,-3.63946,1.89932,5.16729,-0.0109316,-0.00420019,-0.00398349,0.349947,0,0,0
7.35709,3,0,0,0,0,0,0,0,0,0,0
7.35709,4,0,0,0,0,0,0,0,0,0,0
7.35709,5,0,0,0,0,0,0,0,0,0,0
7.40723,0,-2.88718,3.52144,8.64513,-0.0906509,0.051121,0.00749648,0.260172,0,0,0
7.40723,1,-0.973181,3.90715,4.89167,-0.0405329,0.0796151,0.102351,0.483509,0,0,0
7.40723,2,-3.6399,1.89964,5.16705,-0.00976499,-0.00357697,-0.00418051,0.350325,0,0,0
7.40723,3,0,0,0,0,0,0,0,0,0,0
7.40723,4,0,0,0,0,0,0,0,0,0,0
7.40723,5,0,0,0,0,0,0,0,0,0,0
7.46368,0,-2.89239,3.52422,8.64553,-0.0867324,0.0488077,0.00721309,0.260172,0,0,0
7.46368,1,-0.974313,3.90858,4.89267,-0.0449017,0.0851037,0.101706,0.465764,0,0,0
7.46368,2,-3.6406,1.89988,5.16684,-0.00961479,-0.00320001,-0.00447136,0.350325,0,0,0
7.46368,3,0,0,0,0,0,0,0,0,0,0
7.46368,4,0,0,0,0,0,0,0,0,0,0
7.46368,5,0,0,0,0,0,0,0,0,0,0
7.52148,0,-2.89569,3.52561,8.64593,-0.0757037,0.0411897,0.00714241,0.250796,0,0,0
7.52148,1,-0.979738,3.91834,4.90372,-0.0423752,0.0801689,0.0909469,0.465764,0,0,0
7.52148,2,-3.64149,1.90024,5.1666,-0.0102516,-0.0023324,-0.00470715,0.351086,0,0,0
7.52148,3,0,0,0,0,0,0,0,0,0,0
7.52148,4,0,0,0,0,0,0,0,0,0,0
7.52148,5,0,0,0,0,0,0,0,0,0,0
7.58458,0,-2.90725,3.53222,8.64662,-0.0778574,0.0441415,0.00650754,0.250796,0,0,0
7.58458,1,-0.982204,3.9224,4.90329,-0.0414261,0.0771613,0.0919674,0.455055,0,0,0
7.58458,2,-3.64264,1.90066,5.16631,-0.0114605,-0.00139789,-0.00493147,0.351086,0,0,0
7.58458,3,0,0,0,0,0,0,0,0,0,0
7.58458,4,0,0,0,0,0,0,0,0,0,0
7.58458,5,0,0,0,0,0,0,0,0,0,0
7.64244,0,-2.91297,3.53528,8.647,-0.0794948,0.0450958,0.00604821,0.237675,0,0,0
7.64244,1,-0.983944,3.92575,4.91206,-0.0383621,0.0724376,0.0850516,0.455055,0,0,0
7.64244,2,-3.64343,1.90089,5.16608,-0.0113446,-0.00125787,-0.00504603,0.352088,0,0,0
7.64244,3,0,0,0,0,0,0,0,0,0,0
7.64244,4,0,0,0,0,0,0,0,0,0,0
7.64244,5,0,0,0,0,0,0,0,0,0,0
7.69536,0,-2.91774,3.53766,8.64732,-0.0776464,0.0434149,0.00571822,0.237675,0,0,0
7.69536,1,-0.986505,3.92942,4.9159,-0.0379895,0.0689244,0.0841707,0.448156,0,0,0
7.69536,2,-3.64389,1.90108,5.16583,-0.0102872,-0.00125873,-0.00516952,0.352088,0,0,0
7.69536,3,0,0,0,0,0,0,0,0,0,0
7.69536,4,0,0,0,0,0,0,0,0,0,0
7.69536,5,0,0,0,0,0,0,0,0,0,0
7.7531,0,-2.92202,3.53954,8.64763,-0.0734824,0.0396309,0.00545606,0.22601,0,0,0
7.7531,1,-0.986373,3.92955,4.91501,-0.0374981,0.0693299,0.0842607,0.448156,0,0,0
7.7531,2,-3.64424,1.90122,5.16553,-0.00895858,-0.0014248,-0.00547985,0.352429,0,0,0
7.7531,3,0,0,0,0,0,0,0,0,0,0
7.7531,4,0,0,0,0,0,0,0,0,0,0
7.7531,5,0,0,0,0,0,0,0,0,0,0
7.80636,0,-2.92649,3.54184,8.64791,-0.0706907,0.0378104,0.00495429,0.22601,0,0,0
7.80636,1,-0.989471,3.93403,4.91873,-0.0400427,0.0699098,0.0826977,0.445088,0,0,0
7.80636,2,-3.64515,1.90168,5.16525,-0.00980452,-0.000332364,-0.00579603,0.352429,0,0,0
7.80636,3,0,0,0,0,0,0,0,0,0,0
7.80636,4,0,0,0,0,0,0,0,0,0,0
7.80636,5,0,0,0,0,0,0,0,0,0,0
7.85665,0,-2.93132,3.54466,8.64816,-0.0698681,0.0382814,0.00487485,0.216446,0,0,0
7.85665,1,-0.990804,3.93639,4.9215,-0.0356146,0.0626431,0.0832216,0.445088,0,0,0
7.85665,2,-3.64566,1.90187,5.16496,-0.00920307,-0.000325372,-0.00601424,0.353045,0,0,0
7.85665,3,0,0,0,0,0,0,0,0,0,0
7.85665,4,0,0,0,0,0,0,0,0,0,0
7.85665,5,0,0,0,0,0,0,0,0,0,0
7.91022,0,-2.93555,3.54699,8.64842,-0.0682842,0.0376659,0.00459751,0.216446,0,0,0
7.91022,1,-0.993431,3.94189,4.9261,-0.0287814,0.0536836,0.0835969,0.439078,0,0,0
7.91022,2,-3.64622,1.90212,5.16459,-0.00875596,-0.0001242,-0.00630374,0.353045,0,0,0
7.91022,3,0,0,0,0,0,0,0,0,0,0
7.91022,4,0,0,0,0,0,0,0,0,0,0
7.91022,5,0,0,0,0,0,0,0,0,0,0
7.96049,0,-2.9398,3.54916,8.64865,-0.0662753,0.0362511,0.00437909,0.20622,0,0,0
7.96049,1,-0.999079,3.9496,4.93277,-0.0396115,0.0652567,0.0804397,0.439078,0,0,0
7.96049,2,-3.64642,1.90217,5.1643,-0.00694338,-0.000757352,-0.00643384,0.353364,0,0,0
7.96049,3,0,0,0,0,0,0,0,0,0,0
7.96049,4,0,0,0,0,0,0,0,0,0,0
7.96049,5,0,0,0,0,0,0,0,0,0,0
8.01995,0,-2.94464,3.55186,8.64892,-0.0677107,0.0376307,0.00414481,0.20622,0,0,0
8.01995,1,-1.00118,3.95285,4.93808,-0.0380985,0.061987,0.0797328,0.428756,0,0,0
8.01995,2,-3.6474,1.90274,5.16367,-0.00665,0.000153424,-0.00660402,0.353364,0,0,0
8.01995,3,0,0,0,0,0,0,0,0,0,0
8.01995,4,0,0,0,0,0,0,0,0,0,0
8.01995,5,0,0,0,0,0,0,0,0,0,0
8.07591,0,-2.94814,3.55346,8.64912,-0.0641816,0.0347,0.00378519,0.196092,0,0,0
8.07591,1,-1.00063,3.95329,4.94424,-0.0286829,0.0507762,0.0770645,0.423035,0,0,0
8.07591,2,-3.6474,1.90274,5.16367,-0.00665,0.000153424,-0.00660402,0.353691,0,0,0
8.07591,3,0,0,0,0,0,0,0,0,0,0
8.07591,4,0,0,0,0,0,0,0,0,0,0
8.07591,5,0,0,0,0,0,0,0,0,0,0
8.12869,0,-2.95196,3.55556,8.6493,-0.0622291,0.0338331,0.00379292,0.196092,0,0,0
8.12869,1,-1.00553,3.96,4.94879,-0.0378526,0.0606602,0.0748299,0.423035,0,0,0
8.12869,2,-3.6477,1.90289,5.16331,-0.00568062,-2.40828e-05,-0.00658032,0.353691,0,0,0
8.12869,3,0,0,0,0,0,0,0,0,0,0
8.12869,4,0,0,0,0,0,0,0,0,0,0
8.12869,5,0,0,0,0,0,0,0,0,0,0
8.18142,0,-2.95665,3.55805,8.64952,-0.0633286,0.0346636,0.00360042,0.188033,0,0,0
8.18142,1,-1.00885,3.96473,4.95318,-0.040602,0.0628687,0.0706616,0.423035,0,0,0
8.18142,2,-3.64818,1.90315,5.16296,-0.0056686,0.000322216,-0.00658885,0.353957,0,0,0
8.18142,3,0,0,0,0,0,0,0,0,0,0
8.18142,4,0,0,0,0,0,0,0,0,0,0
8.18142,5,0,0,0,0,0,0,0,0,0,0
8.23569,0,-2.96054,3.56006,8.6497,-0.0623082,0.0339718,0.00336183,0.188033,0,0,0
8.23569,1,-1.00828,3.9641,4.95484,-0.0385395,0.060613,0.0680508,0.414293,0,0,0
8.23569,2,-3.64839,1.90325,5.16264,-0.00477044,4.34213e-05,-0.00655762,0.353957,0,0,0
8.23569,3,0,0,0,0,0,0,0,0,0,0
8.23569,4,0,0,0,0,0,0,0,0,0,0
8.23569,5,0,0,0,0,0,0,0,0,0,0
8.29102,0,-2.9644,3.56202,8.64991,-0.0593263,0.0319984,0.00310117,0.178537,0,0,0
8.29102,1,-1.01157,3.96955,4.95893,-0.0339344,0.0535654,0.0655545,0.414293,0,0,0
8.29102,2,-3.64867,1.90333,5.1623,-0.00421013,-0.000306083,-0.00685795,0.354152,0,0,0
8.29102,3,0,0,0,0,0,0,0,0,0,0
8.29102,4,0,0,0,0,0,0,0,0,0,0
8.29102,5,0,0,0,0,0,0,0,0,0,0
8.34378,0,-2.96885,3.56444,8.65007,-0.060496,0.0330769,0.00282957,0.178537,0,0,0
8.34378,1,-1.01417,3.97353,4.96299,-0.0351373,0.0546469,0.0640238,0.410614,0,0,0
8.34378,2,-3.64886,1.90355,5.162,-0.00354479,-4.31736e-05,-0.00651237,0.354152,0,0,0
8.34378,3,0,0,0,0,0,0,0,0,0,0
8.34378,4,0,0,0,0,0,0,0,0,0,0
8.34378,5,0,0,0,0,0,0,0,0,0,0
8.39761,0,-2.97192,3.56587,8.65024,-0.0566371,0.0302524,0.00240636,0.169349,0,0,0
8.39761,1,-1.01659,3.97718,4.96634,-0.0356625,0.0546791,0.0624252,0.410614,0,0,0
8.39761,2,-3.64917,1.90379,5.16165,-0.00340254,0.000318522,-0.00653682,0.354185,0,0,0
8.39761,3,0,0,0,0,0,0,0,0,0,0
8.39761,4,0,0,0,0,0,0,0,0,0,0
8.39761,5,0,0,0,0,0,0,0,0,0,0
8.45916,0,-2.97617,3.56825,8.65035,-0.0585088,0.0319521,0.00238511,0.161286,0,0,0
8.45916,1,-1.01903,3.981,4.96945,-0.0362781,0.0551888,0.0611979,0.405058,0,0,0
8.45916,2,-3.64958,1.90404,5.16132,-0.00361071,0.00071709,-0.00660218,0.354185,0,0,0
8.45916,3,0,0,0,0,0,0,0,0,0,0
8.45916,4,0,0,0,0,0,0,0,0,0,0
8.45916,5,0,0,0,0,0,0,0,0,0,0
8.50951,0,-2.97978,3.57005,8.65051,-0.0578251,0.0312667,0.00196071,0.161286,0,0,0
8.50951,1,-1.02128,3.98412,4.97252,-0.0363155,0.0524501,0.060524,0.405058,0,0,0
8.50951,2,-3.64987,1.90422,5.16097,-0.00340592,0.000813586,-0.00662652,0.354312,0,0,0
8.50951,3,0,0,0,0,0,0,0,0,0,0
8.50951,4,0,0,0,0,0,0,0,0,0,0
8.50951,5,0,0,0,0,0,0,0,0,0,0
8.56365,0,-2.97978,3.57005,8.65051,-0.0578251,0.0312667,0.00196071,0.161286,0,0,0
8.56365,1,-1.02238,3.98593,4.97518,-0.0328858,0.0476845,0.0599037,0.400342,0,0,0
8.56365,2,-3.6501,1.90435,5.16063,-0.00287606,0.000645484,-0.00662564,0.354312,0,0,0
8.56365,3,0,0,0,0,0,0,0,0,0,0
8.56365,4,0,0,0,0,0,0,0,0,0,0
8.56365,5,0,0,0,0,0,0,0,0,0,0
8.6138,0,-2.98286,3.57172,8.65056,-0.0542478,0.0293535,0.00163246,0.157355,0,0,0
8.6138,1,-1.02238,3.98593,4.97518,-0.0328858,0.0476845,0.0599037,0.400342,0,0,0
8.6138,2,-3.65027,1.90449,5.16032,-0.00245512,0.000594839,-0.00659667,0.354469,0,0,0
8.6138,3,0,0,0,0,0,0,0,0,0,0
8.6138,4,0,0,0,0,0,0,0,0,0,0
8.6138,5,0,0,0,0,0,0,0,0,0,0
8.66993,0,-2.98304,3.57137,8.65071,-0.0427043,0.0215505,0.00190442,0.157355,0,0,0
8.66993,1,-1.02437,3.98875,4.9785,-0.0331838,0.0472238,0.0589468,0.396663,0,0,0
8.66993,2,-3.65045,1.90458,5.15998,-0.00208908,0.000441666,-0.00661914,0.354469,0,0,0
8.66993,3,0,0,0,0,0,0,0,0,0,0
8.66993,4,0,0,0,0,0,0,0,0,0,0
8.66993,5,0,0,0,0,0,0,0,0,0,0
8.72517,0,-2.99004,3.5753,8.6508,-0.0532241,0.0279386,0.00186882,0.15391,0,0,0
8.72517,1,-1.02601,3.99141,4.98142,-0.0313586,0.0450212,0.0583034,0.396663,0,0,0
8.72517,2,-3.6507,1.90473,5.15964,-0.00195837,0.000496258,-0.0067044,0.354578,0,0,0
8.72517,3,0,0,0,0,0,0,0,0,0,0
8.72517,4,0,0,0,0,0,0,0,0,0,0
8.72517,5,0,0,0,0,0,0,0,0,0,0
8.7831,0,-2.99327,3.57701,8.65091,-0.0524868,0.0278164,0.00158925,0.142571,0,0,0
8.7831,1,-1.02772,3.99392,4.98394,-0.0308025,0.0438061,0.0572207,0.394915,0,0,0
8.7831,2,-3.65078,1.90474,5.1593,-0.00138033,8.34239e-05,-0.00677548,0.354578,0,0,0
8.7831,3,0,0,0,0,0,0,0,0,0,0
8.7831,4,0,0,0,0,0,0,0,0,0,0
8.7831,5,0,0,0,0,0,0,0,0,0,0
8.84466,0,-2.99619,3.57818,8.651,-0.0501207,0.0254816,0.00132848,0.142571,0,0,0
8.84466,1,-1.02918,3.99628,4.9875,-0.0291325,0.0417481,0.0561181,0.394915,0,0,0
8.84466,2,-3.65101,1.90491,5.15891,-0.00130926,0.000246789,-0.00684942,0.354641,0,0,0
8.84466,3,0,0,0,0,0,0,0,0,0,0
8.84466,4,0,0,0,0,0,0,0,0,0,0
8.84466,5,0,0,0,0,0,0,0,0,0,0
8.89743,0,-3.0033,3.58172,8.65118,-0.0510579,0.025845,0.00115134,0.134948,0,0,0
8.89743,1,-1.03126,3.99941,4.99323,-0.0299903,0.0428987,0.0533151,0.391412,0,0,0
8.89743,2,-3.65116,1.905,5.1586,-0.00106503,0.000157414,-0.00689385,0.354641,0,0,0
8.89743,3,0,0,0,0,0,0,0,0,0,0
8.89743,4,0,0,0,0,0,0,0,0,0,0
8.89743,5,0,0,0,0,0,0,0,0,0,0
8.95534,0,-3.00411,3.58225,8.65119,-0.054035,0.0278611,0.00106652,0.134948,0,0,0
8.95534,1,-1.03126,3.99941,4.99323,-0.0299903,0.0428987,0.0533151,0.391412,0,0,0
8.95534,2,-3.65129,1.90506,5.15826,-0.000764496,-5.03475e-06,-0.00693247,0.354708,0,0,0
8.95534,3,0,0,0,0,0,0,0,0,0,0
8.95534,4,0,0,0,0,0,0,0,0,0,0
8.95534,5,0,0,0,0,0,0,0,0,0,0
9.0136,0,-3.00705,3.58373,8.65125,-0.0519552,0.0266757,0.000943953,0.130871,0,0,0
9.0136,1,-1.03584,4.00611,4.9977,-0.0275769,0.0385262,0.0508898,0.388589,0,0,0
9.0136,2,-3.65133,1.90504,5.15788,-0.000261155,-0.000401759,-0.00703247,0.354708,0,0,0
9.0136,3,0,0,0,0,0,0,0,0,0,0
9.0136,4,0,0,0,0,0,0,0,0,0,0
9.0136,5,0,0,0,0,0,0,0,0,0,0
9.06376,0,-3.00705,3.58373,8.65125,-0.0519552,0.0266757,0.000943953,0.130871,0,0,0
9.06376,1,-1.03519,4.0057,4.99973,-0.0252197,0.0369745,0.0499387,0.388589,0,0,0
9.06376,2,-3.65145,1.90511,5.15756,-7.79588e-05,-0.000440791,-0.00709863,0.354734,0,0,0
9.06376,3,0,0,0,0,0,0,0,0,0,0
9.06376,4,0,0,0,0,0,0,0,0,0,0
9.06376,5,0,0,0,0,0,0,0,0,0,0
9.11905,0,-3.0126,3.58657,8.65135,-0.0477917,0.02453,0.000829284,0.121714,0,0,0
9.11905,1,-1.03747,4.00876,5.0024,-0.0279374,0.0395505,0.0495506,0.385022,0,0,0
9.11905,2,-3.65151,1.90511,5.15717,0.00023398,-0.00067309,-0.00716644,0.354734,0,0,0
9.11905,3,0,0,0,0,0,0,0,0,0,0
9.11905,4,0,0,0,0,0,0,0,0,0,0
9.11905,5,0,0,0,0,0,0,0,0,0,0
9.17429,0,-3.01527,3.58793,8.6514,-0.0459977,0.0235903,0.000688612,0.121714,0,0,0
9.17429,1,-1.03893,4.01102,5.00531,-0.0269138,0.0383191,0.049105,0.381801,0,0,0
9.17429,2,-3.65163,1.90518,5.15674,0.000293168,-0.000655769,-0.00723418,0.354754,0,0,0
9.17429,3,0,0,0,0,0,0,0,0,0,0
9.17429,4,0,0,0,0,0,0,0,0,0,0
9.17429,5,0,0,0,0,0,0,0,0,0,0
9.23208,0,-3.02054,3.59079,8.65146,-0.0435289,0.0228521,0.000398541,0.118789,0,0,0
9.23208,1,-1.04126,4.0145,5.00824,-0.0238268,0.0337363,0.0483643,0.381801,0,0,0
9.23208,2,-3.65167,1.9052,5.15642,0.00060011,-0.000794477,-0.00740774,0.354748,0,0,0
9.23208,3,0,0,0,0,0,0,0,0,0,0
9.23208,4,0,0,0,0,0,0,0,0,0,0
9.23208,5,0,0,0,0,0,0,0,0,0,0
9.2908,0,-3.02093,3.59083,8.65147,-0.04491,0.0230407,0.000501975,0.118789,0,0,0
9.2908,1,-1.04227,4.01629,5.01076,-0.0222632,0.0322664,0.0472876,0.380097,0,0,0
9.2908,2,-3.65168,1.90519,5.15603,0.000944552,-0.00102167,-0.00741199,0.354748,0,0,0
9.2908,3,0,0,0,0,0,0,0,0,0,0
9.2908,4,0,0,0,0,0,0,0,0,0,0
9.2908,5,0,0,0,0,0,0,0,0,0,0
9.34609,0,-3.02379,3.59248,8.6515,-0.0435257,0.0230013,0.000330248,0.112693,0,0,0
9.34609,1,-1.04446,4.01935,5.01325,-0.0247912,0.0352014,0.0460198,0.380097,0,0,0
9.34609,2,-3.65174,1.9052,5.15568,0.00107017,-0.00110746,-0.00724233,0.354741,0,0,0
9.34609,3,0,0,0,0,0,0,0,0,0,0
9.34609,4,0,0,0,0,0,0,0,0,0,0
9.34609,5,0,0,0,0,0,0,0,0,0,0
9.40132,0,-3.02626,3.59368,8.65152,-0.0424958,0.0222304,0.000273916,0.112693,0,0,0
9.40132,1,-1.04622,4.02183,5.01581,-0.0256136,0.0359052,0.0449445,0.377604,0,0,0
9.40132,2,-3.65181,1.90525,5.15533,0.00113173,-0.00105258,-0.00725884,0.354741,0,0,0
9.40132,3,0,0,0,0,0,0,0,0,0,0
9.40132,4,0,0,0,0,0,0,0,0,0,0
9.40132,5,0,0,0,0,0,0,0,0,0,0
9.46231,0,-3.02865,3.59489,8.65153,-0.0413977,0.0216252,0.000152663,0.106927,0,0,0
9.46231,1,-1.04735,4.02359,5.01796,-0.0244045,0.0343744,0.0441374,0.377604,0,0,0
9.46231,2,-3.65183,1.9052,5.15492,0.00131362,-0.00128374,-0.00718715,0.354743,0,0,0
9.46231,3,0,0,0,0,0,0,0,0,0,0
9.46231,4,0,0,0,0,0,0,0,0,0,0
9.46231,5,0,0,0,0,0,0,0,0,0,0
9.52011,0,-3.03059,3.59578,8.65154,-0.038925,0.0199138,2.04564e-05,0.106927,0,0,0
9.52011,1,-1.04892,4.02589,5.02054,-0.0246928,0.0345499,0.043188,0.375357,0,0,0
9.52011,2,-3.65194,1.90523,5.15454,0.00119752,-0.00124745,-0.0070681,0.354743,0,0,0
9.52011,3,0,0,0,0,0,0,0,0,0,0
9.52011,4,0,0,0,0,0,0,0,0,0,0
9.52011,5,0,0,0,0,0,0,0,0,0,0
9.5704,0,-3.03328,3.59726,8.65155,-0.0396425,0.0207537,-8.3565e-05,0.102328,0,0,0
9.5704,1,-1.05018,4.02781,5.02261,-0.0235113,0.0330027,0.0426732,0.375357,0,0,0
9.5704,2,-3.65209,1.9053,5.15417,0.000882631,-0.00105132,-0.00694306,0.354819,0,0,0
9.5704,3,0,0,0,0,0,0,0,0,0,0
9.5704,4,0,0,0,0,0,0,0,0,0,0
9.5704,5,0,0,0,0,0,0,0,0,0,0
9.62061,0,-3.03559,3.59872,8.65154,-0.0380676,0.0210109,-0.00016343,0.102328,0,0,0
9.62061,1,-1.05113,4.02927,5.0244,-0.0215864,0.0303376,0.0417771,0.373285,0,0,0
9.62061,2,-3.65204,1.90522,5.15383,0.00126715,-0.0013567,-0.00683511,0.354819,0,0,0
9.62061,3,0,0,0,0,0,0,0,0,0,0
9.62061,4,0,0,0,0,0,0,0,0,0,0
9.62061,5,0,0,0,0,0,0,0,0,0,0
9.67447,0,-3.03773,3.59953,8.65154,-0.0369723,0.0192913,-0.000285184,0.0968961,0,0,0
9.67447,1,-1.05204,4.03088,5.02688,-0.0202566,0.0291279,0.0411447,0.373285,0,0,0
9.67447,2,-3.65206,1.90522,5.15347,0.00136536,-0.00139676,-0.00677728,0.354791,0,0,0
9.67447,3,0,0,0,0,0,0,0,0,0,0
9.67447,4,0,0,0,0,0,0,0,0,0,0
9.67447,5,0,0,0,0,0,0,0,0,0,0
9.72729,0,-3.03998,3.60052,8.65153,-0.0361355,0.0183129,-0.000397399,0.0968961,0,0,0
9.72729,1,-1.05277,4.03181,5.02906,-0.0230006,0.032591,0.0403728,0.371785,0,0,0
9.72729,2,-3.65217,1.90525,5.15313,0.0011087,-0.00126038,-0.00664844,0.354791,0,0,0
9.72729,3,0,0,0,0,0,0,0,0,0,0
9.72729,4,0,0,0,0,0,0,0,0,0,0
9.72729,5,0,0,0,0,0,0,0,0,0,0
9.78125,0,-3.04239,3.6019,8.65151,-0.0361274,0.0189145,-0.000466093,0.0923608,0,0,0
9.78125,1,-1.05394,4.03356,5.03079,-0.0216054,0.0306336,0.0394965,0.371785,0,0,0
9.78125,2,-3.65219,1.9052,5.15277,0.00115783,-0.00138488,-0.00653405,0.354849,0,0,0
9.78125,3,0,0,0,0,0,0,0,0,0,0
9.78125,4,0,0,0,0,0,0,0,0,0,0
9.78125,5,0,0,0,0,0,0,0,0,0,0
9.83171,0,-3.04419,3.60256,8.65149,-0.0338826,0.0168383,-0.000535656,0.0923608,0,0,0
9.83171,1,-1.0548,4.035,5.03245,-0.0195665,0.028262,0.0383809,0.370262,0,0,0
9.83171,2,-3.65222,1.90515,5.15245,0.00118616,-0.00151125,-0.0064812,0.354849,0,0,0
9.83171,3,0,0,0,0,0,0,0,0,0,0
9.83171,4,0,0,0,0,0,0,0,0,0,0
9.83171,5,0,0,0,0,0,0,0,0,0,0
9.88482,0,-3.04815,3.60471,8.65147,-0.0325437,0.016694,-0.000610224,0.0879518,0,0,0
9.88482,1,-1.05646,4.03728,5.0348,-0.0213565,0.0301232,0.0372403,0.370262,0,0,0
9.88482,2,-3.65222,1.9051,5.15213,0.00127895,-0.00160355,-0.00642002,0.354883,0,0,0
9.88482,3,0,0,0,0,0,0,0,0,0,0
9.88482,4,0,0,0,0,0,0,0,0,0,0
9.88482,5,0,0,0,0,0,0,0,0,0,0
9.94292,0,-3.04975,3.60525,8.65141,-0.0307505,0.0149063,-0.000832741,0.0879518,0,0,0
9.94292,1,-1.05863,4.04032,5.03669,-0.0201734,0.0279253,0.0362747,0.368695,0,0,0
9.94292,2,-3.65221,1.90505,5.15181,0.00138407,-0.00168234,-0.00637375,0.354883,0,0,0
9.94292,3,0,0,0,0,0,0,0,0,0,0
9.94292,4,0,0,0,0,0,0,0,0,0,0
9.94292,5,0,0,0,0,0,0,0,0,0,0
9.99573,0,-3.05033,3.60569,8.65138,-0.0328942,0.0165478,-0.000908791,0.0821534,0,0,0
9.99573,1,-1.05906,4.04126,5.03861,-0.0176108,0.0251875,0.0352537,0.368695,0,0,0
9.99573,2,-3.6522,1.905,5.15146,0.00144821,-0.00175369,-0.00633975,0.354883,0,0,0
9.99573,3,0,0,0,0,0,0,0,0,0,0
9.99573,4,0,0,0,0,0,0,0,0,0,0
9.99573,5,0,0,0,0,0,0,0,0,0,0
10.0572,0,-3.05186,3.60633,8.65138,-0.030862,0.0150622,-0.000768579,0.0821534,0,0,0
10.0572,1,-1.06073,4.04348,5.04036,-0.019446,0.0270467,0.0343708,0.367318,0,0,0
10.0572,2,-3.65218,1.90493,5.15114,0.00155714,-0.00187708,-0.00629938,0.354883,0,0,0
10.0572,3,0,0,0,0,0,0,0,0,0,0
10.0572,4,0,0,0,0,0,0,0,0,0,0
10.0572,5,0,0,0,0,0,0,0,0,0,0
10.112,0,-3.05391,3.60742,8.65134,-0.0311181,0.0154985,-0.000809683,0.0799616,0,0,0
10.112,1,-1.06193,4.04512,5.042,-0.0194256,0.0267068,0.0335863,0.367318,0,0,0
10.112,2,-3.65216,1.90487,5.15081,0.00162575,-0.00191194,-0.00626197,0.354877,0,0,0
10.112,3,0,0,0,0,0,0,0,0,0,0
10.112,4,0,0,0,0,0,0,0,0,0,0
10.112,5,0,0,0,0,0,0,0,0,0,0
10.1724,0,-3.05678,3.60866,8.6513,-0.0275157,0.0130414,-0.000859004,0.0799616,0,0,0
10.1724,1,-1.06261,4.04617,5.04354,-0.0178815,0.0246589,0.0330821,0.365848,0,0,0
10.1724,2,-3.65207,1.90477,5.15049,0.00190762,-0.00212173,-0.00624346,0.354877,0,0,0
10.1724,3,0,0,0,0,0,0,0,0,0,0
10.1724,4,0,0,0,0,0,0,0,0,0,0
10.1724,5,0,0,0,0,0,0,0,0,0,0
10.2226,0,-3.05867,3.60973,8.65125,-0.0276601,0.013611,-0.000917276,0.0749228,0,0,0
10.2226,1,-1.06344,4.0475,5.04533,-0.0168414,0.0235455,0.0326004,0.365848,0,0,0
10.2226,2,-3.65206,1.90473,5.1502,0.0019169,-0.00208186,-0.00621188,0.354844,0,0,0
10.2226,3,0,0,0,0,0,0,0,0,0,0
10.2226,4,0,0,0,0,0,0,0,0,0,0
10.2226,5,0,0,0,0,0,0,0,0,0,0
10.278,0,-3.05993,3.61023,8.65121,-0.0257469,0.0122544,-0.000960597,0.0749228,0,0,0
10.278,1,-1.06454,4.04907,5.04709,-0.0170103,0.0235987,0.0323748,0.364934,0,0,0
10.278,2,-3.65211,1.90476,5.1499,0.00166968,-0.00178361,-0.00618921,0.354844,0,0,0
10.278,3,0,0,0,0,0,0,0,0,0,0
10.278,4,0,0,0,0,0,0,0,0,0,0
10.278,5,0,0,0,0,0,0,0,0,0,0
10.331,0,-3.06142,3.61102,8.65116,-0.0249257,0.0120368,-0.00100085,0.0716915,0,0,0
10.331,1,-1.06551,4.05044,5.04871,-0.0165871,0.0228583,0.0320096,0.364934,0,0,0
10.331,2,-3.65209,1.90472,5.14959,0.00165699,-0.00171997,-0.00617729,0.354829,0,0,0
10.331,3,0,0,0,0,0,0,0,0,0,0
10.331,4,0,0,0,0,0,0,0,0,0,0
10.331,5,0,0,0,0,0,0,0,0,0,0
10.3867,0,-3.06257,3.61154,8.6511,-0.0231531,0.0109781,-0.00104009,0.0716915,0,0,0
10.3867,1,-1.06635,4.05175,5.05042,-0.016066,0.0221571,0.0315634,0.363847,0,0,0
10.3867,2,-3.65205,1.90467,5.14928,0.00171652,-0.00174346,-0.00616936,0.354829,0,0,0
10.3867,3,0,0,0,0,0,0,0,0,0,0
10.3867,4,0,0,0,0,0,0,0,0,0,0
10.3867,5,0,0,0,0,0,0,0,0,0,0
10.4441,0,-3.0645,3.61256,8.65099,-0.024494,0.0120714,-0.00122889,0.0689902,0,0,0
10.4441,1,-1.06725,4.05297,5.05359,-0.0158353,0.0214775,0.0299831,0.363847,0,0,0
10.4441,2,-3.65195,1.90453,5.14865,0.00198684,-0.00206876,-0.00615591,0.354781,0,0,0
10.4441,3,0,0,0,0,0,0,0,0,0,0
10.4441,4,0,0,0,0,0,0,0,0,0,0
10.4441,5,0,0,0,0,0,0,0,0,0,0
10.4994,0,-3.06611,3.61337,8.65098,-0.0239313,0.0118824,-0.00115612,0.0654081,0,0,0
10.4994,1,-1.06813,4.0542,5.05532,-0.0155524,0.0209531,0.0293065,0.362602,0,0,0
10.4994,2,-3.65192,1.90446,5.14864,0.00197428,-0.00207941,-0.00604779,0.354781,0,0,0
10.4994,3,0,0,0,0,0,0,0,0,0,0
10.4994,4,0,0,0,0,0,0,0,0,0,0
10.4994,5,0,0,0,0,0,0,0,0,0,0
10.5571,0,-3.06772,3.61408,8.65086,-0.0237547,0.0115939,-0.00129412,0.0654081,0,0,0
10.5571,1,-1.06917,4.05564,5.05674,-0.015806,0.0210901,0.0282441,0.362602,0,0,0
10.5571,2,-3.65186,1.90438,5.14834,0.00203405,-0.00211249,-0.00586516,0.354779,0,0,0
10.5571,3,0,0,0,0,0,0,0,0,0,0
10.5571,4,0,0,0,0,0,0,0,0,0,0
10.5571,5,0,0,0,0,0,0,0,0,0,0
10.6124,0,-3.0688,3.61448,8.65082,-0.0215246,0.0100427,-0.00120151,0.0627327,0,0,0
10.6124,1,-1.07,4.05684,5.05655,-0.015459,0.0206206,0.0284883,0.361697,0,0,0
10.6124,2,-3.65168,1.90417,5.14771,0.00231758,-0.00231903,-0.00573621,0.354779,0,0,0
10.6124,3,0,0,0,0,0,0,0,0,0,0
10.6124,4,0,0,0,0,0,0,0,0,0,0
10.6124,5,0,0,0,0,0,0,0,0,0,0
10.6651,0,-3.07023,3.61521,8.65076,-0.0212124,0.0101095,-0.00129625,0.0627327,0,0,0
10.6651,1,-1.07082,4.05803,5.05951,-0.0149559,0.0199787,0.026618,0.361697,0,0,0
10.6651,2,-3.65161,1.90409,5.14742,0.00235781,-0.00232025,-0.00564832,0.354727,0,0,0
10.6651,3,0,0,0,0,0,0,0,0,0,0
10.6651,4,0,0,0,0,0,0,0,0,0,0
10.6651,5,0,0,0,0,0,0,0,0,0,0
10.7261,0,-3.07142,3.61573,8.6507,-0.020154,0.0094398,-0.00124724,0.0601444,0,0,0
10.7261,1,-1.07164,4.05919,5.0609,-0.014712,0.0195758,0.0264262,0.360992,0,0,0
10.7261,2,-3.65161,1.90408,5.14714,0.00214625,-0.0020858,-0.00556849,0.354727,0,0,0
10.7261,3,0,0,0,0,0,0,0,0,0,0
10.7261,4,0,0,0,0,0,0,0,0,0,0
10.7261,5,0,0,0,0,0,0,0,0,0,0
10.8016,0,-3.07276,3.61637,8.65063,-0.0198565,0.00934983,-0.0012892,0.0601444,0,0,0
10.8016,1,-1.07228,4.0601,5.06073,-0.0138356,0.0183673,0.0265797,0.360992,0,0,0
10.8016,2,-3.65149,1.90396,5.14689,0.00234467,-0.00222607,-0.00552996,0.354694,0,0,0
10.8016,3,0,0,0,0,0,0,0,0,0,0
10.8016,4,0,0,0,0,0,0,0,0,0,0
10.8016,5,0,0,0,0,0,0,0,0,0,0
10.9001,0,-3.07276,3.61637,8.65063,-0.0198565,0.00934983,-0.0012892,0.0588259,0,0,0
10.9001,1,-1.07228,4.0601,5.06073,-0.0138356,0.0183673,0.0265797,0.360598,0,0,0
10.9001,2,-3.65149,1.90396,5.14689,0.00234467,-0.00222607,-0.00552996,0.354694,0,0,0
10.9001,3,0,0,0,0,0,0,0,0,0,0
10.9001,4,0,0,0,0,0,0,0,0,0,0
10.9001,5,0,0,0,0,0,0,0,0,0,0
10.9604,0,-3.07395,3.61686,8.65056,-0.0183968,0.00839314,-0.00138843,0.0588259,0,0,0
10.9604,1,-1.07292,4.06102,5.06291,-0.013145,0.0174178,0.0250777,0.360598,0,0,0
10.9604,2,-3.65157,1.90404,5.14668,0.0020431,-0.00195589,-0.0054997,0.354659,0,0,0
10.9604,3,0,0,0,0,0,0,0,0,0,0
10.9604,4,0,0,0,0,0,0,0,0,0,0
10.9604,5,0,0,0,0,0,0,0,0,0,0
11.0106,0,-3.07395,3.61686,8.65056,-0.0183968,0.00839314,-0.00138843,0.0576713,0,0,0
11.0106,1,-1.07292,4.06102,5.06291,-0.013145,0.0174178,0.0250777,0.360149,0,0,0
11.0106,2,-3.65143,1.9039,5.14651,0.00229033,-0.00211466,-0.0054839,0.354659,0,0,0
11.0106,3,0,0,0,0,0,0,0,0,0,0
11.0106,4,0,0,0,0,0,0,0,0,0,0
11.0106,5,0,0,0,0,0,0,0,0,0,0
11.0686,0,-3.07419,3.61684,8.65054,-0.0133673,0.00541993,-0.00132313,0.0576713,0,0,0
11.0686,1,-1.07302,4.06124,5.06394,-0.0099749,0.013371,0.0256088,0.360149,0,0,0
11.0686,2,-3.65152,1.90398,5.14614,0.00174779,-0.00157105,-0.00545158,0.354626,0,0,0
11.0686,3,0,0,0,0,0,0,0,0,0,0
11.0686,4,0,0,0,0,0,0,0,0,0,0
11.0686,5,0,0,0,0,0,0,0,0,0,0
11.1187,0,-3.07561,3.61757,8.65046,-0.0105746,0.00445655,-0.00136207,0.0560617,0,0,0
11.1187,1,-1.07401,4.06281,5.06559,-0.00885825,0.0121663,0.0240952,0.359712,0,0,0
11.1187,2,-3.65149,1.90394,5.14571,0.00169667,-0.00151051,-0.0053905,0.354626,0,0,0
11.1187,3,0,0,0,0,0,0,0,0,0,0
11.1187,4,0,0,0,0,0,0,0,0,0,0
11.1187,5,0,0,0,0,0,0,0,0,0,0
11.1716,0,-3.07709,3.61844,8.65034,-0.0128393,0.00644761,-0.00141199,0.0560617,0,0,0
11.1716,1,-1.07699,4.06669,5.06951,-0.0147597,0.0191382,0.0227466,0.358899,0,0,0
11.1716,2,-3.65138,1.90385,5.14541,0.00190444,-0.00167462,-0.00537632,0.354599,0,0,0
11.1716,3,0,0,0,0,0,0,0,0,0,0
11.1716,4,0,0,0,0,0,0,0,0,0,0
11.1716,5,0,0,0,0,0,0,0,0,0,0
11.2243,0,-3.07775,3.61864,8.65022,-0.0115121,0.00536327,-0.00143854,0.0539373,0,0,0
11.2243,1,-1.07781,4.06783,5.07072,-0.014726,0.0191038,0.0217283,0.358899,0,0,0
11.2243,2,-3.65135,1.9038,5.14514,0.00180384,-0.00161606,-0.00537636,0.354599,0,0,0
11.2243,3,0,0,0,0,0,0,0,0,0,0
11.2243,4,0,0,0,0,0,0,0,0,0,0
11.2243,5,0,0,0,0,0,0,0,0,0,0
11.2747,0,-3.07942,3.6195,8.65011,-0.0143428,0.0071717,-0.00150937,0.0539373,0,0,0
11.2747,1,-1.07781,4.06783,5.07072,-0.014726,0.0191038,0.0217283,0.358899,0,0,0
11.2747,2,-3.65129,1.90374,5.14488,0.0018326,-0.0016295,-0.00527265,0.35452,0,0,0
11.2747,3,0,0,0,0,0,0,0,0,0,0
11.2747,4,0,0,0,0,0,0,0,0,0,0
11.2747,5,0,0,0,0,0,0,0,0,0,0
11.3279,0,-3.081,3.62012,8.65001,-0.0163933,0.0078165,-0.00151685,0.0508499,0,0,0
11.3279,1,-1.0791,4.06963,5.07284,-0.0130709,0.0169733,0.020283,0.358396,0,0,0
11.3279,2,-3.6512,1.90366,5.1446,0.0019143,-0.00168458,-0.00523083,0.35452,0,0,0
11.3279,3,0,0,0,0,0,0,0,0,0,0
11.3279,4,0,0,0,0,0,0,0,0,0,0
11.3279,5,0,0,0,0,0,0,0,0,0,0
11.3806,0,-3.08197,3.62032,8.64994,-0.0159462,0.00672454,-0.00143233,0.0508499,0,0,0
11.3806,1,-1.0791,4.06963,5.07284,-0.0130709,0.0169733,0.020283,0.358396,0,0,0
11.3806,2,-3.65118,1.90363,5.14431,0.0017763,-0.00154673,-0.00513298,0.354472,0,0,0
11.3806,3,0,0,0,0,0,0,0,0,0,0
11.3806,4,0,0,0,0,0,0,0,0,0,0
11.3806,5,0,0,0,0,0,0,0,0,0,0
11.4365,0,-3.08346,3.62107,8.64988,-0.0172535,0.0076209,-0.00136033,0.0485798,0,0,0
11.4365,1,-1.0803,4.07127,5.07505,-0.0119082,0.0153534,0.019766,0.357799,0,0,0
11.4365,2,-3.651,1.90347,5.14411,0.00200229,-0.0017014,-0.00502771,0.354472,0,0,0
11.4365,3,0,0,0,0,0,0,0,0,0,0
11.4365,4,0,0,0,0,0,0,0,0,0,0
11.4365,5,0,0,0,0,0,0,0,0,0,0
11.4919,0,-3.08435,3.62141,8.64981,-0.0164811,0.00705043,-0.0013148,0.0485798,0,0,0
11.4919,1,-1.0803,4.07127,5.07505,-0.0119082,0.0153534,0.019766,0.357799,0,0,0
11.4919,2,-3.65105,1.90351,5.14381,0.0018053,-0.0015526,-0.00492736,0.354423,0,0,0
11.4919,3,0,0,0,0,0,0,0,0,0,0
11.4919,4,0,0,0,0,0,0,0,0,0,0
11.4919,5,0,0,0,0,0,0,0,0,0,0
11.5472,0,-3.08502,3.62167,8.64975,-0.0150952,0.00627482,-0.00128892,0.0471387,0,0,0
11.5472,1,-1.08088,4.07207,5.07589,-0.0114262,0.0147369,0.019694,0.357428,0,0,0
11.5472,2,-3.65093,1.90339,5.14356,0.00203656,-0.00176427,-0.00493038,0.354423,0,0,0
11.5472,3,0,0,0,0,0,0,0,0,0,0
11.5472,4,0,0,0,0,0,0,0,0,0,0
11.5472,5,0,0,0,0,0,0,0,0,0,0
11.5973,0,-3.08565,3.62194,8.64969,-0.0137958,0.00564319,-0.00128836,0.0471387,0,0,0
11.5973,1,-1.08145,4.07283,5.07697,-0.0110444,0.0141403,0.019533,0.357428,0,0,0
11.5973,2,-3.65086,1.90333,5.14331,0.00200919,-0.00172499,-0.00492054,0.354362,0,0,0
11.5973,3,0,0,0,0,0,0,0,0,0,0
11.5973,4,0,0,0,0,0,0,0,0,0,0
11.5973,5,0,0,0,0,0,0,0,0,0,0
11.6478,0,-3.08652,3.62235,8.64962,-0.0135869,0.0056869,-0.00131221,0.0457582,0,0,0
11.6478,1,-1.08188,4.07346,5.07798,-0.0102022,0.0131556,0.0194201,0.35723,0,0,0
11.6478,2,-3.65071,1.9032,5.14306,0.00201334,-0.00168652,-0.00490201,0.354362,0,0,0
11.6478,3,0,0,0,0,0,0,0,0,0,0
11.6478,4,0,0,0,0,0,0,0,0,0,0
11.6478,5,0,0,0,0,0,0,0,0,0,0
11.698,0,-3.08725,3.62264,8.64956,-0.0129198,0.00529515,-0.00134196,0.0457582,0,0,0
11.698,1,-1.08258,4.07434,5.07881,-0.0104932,0.0132939,0.0191831,0.35723,0,0,0
11.698,2,-3.65062,1.90311,5.14282,0.00204407,-0.00172492,-0.00490286,0.35429,0,0,0
11.698,3,0,0,0,0,0,0,0,0,0,0
11.698,4,0,0,0,0,0,0,0,0,0,0
11.698,5,0,0,0,0,0,0,0,0,0,0
11.7562,0,-3.08806,3.62302,8.64949,-0.0126798,0.005311,-0.00137829,0.0443628,0,0,0
11.7562,1,-1.08338,4.07538,5.07987,-0.0111397,0.0139922,0.0188537,0.356901,0,0,0
11.7562,2,-3.65052,1.90302,5.14254,0.00214228,-0.00179669,-0.00491221,0.35429,0,0,0
11.7562,3,0,0,0,0,0,0,0,0,0,0
11.7562,4,0,0,0,0,0,0,0,0,0,0
11.7562,5,0,0,0,0,0,0,0,0,0,0
11.8146,0,-3.08876,3.62329,8.64942,-0.0120853,0.00495221,-0.00141118,0.0443628,0,0,0
11.8146,1,-1.08367,4.07586,5.08074,-0.00971449,0.0124263,0.0186018,0.356901,0,0,0
11.8146,2,-3.65043,1.90293,5.14231,0.00217169,-0.00184471,-0.00492506,0.354229,0,0,0
11.8146,3,0,0,0,0,0,0,0,0,0,0
11.8146,4,0,0,0,0,0,0,0,0,0,0
11.8146,5,0,0,0,0,0,0,0,0,0,0
11.8674,0,-3.08944,3.62357,8.64933,-0.0114104,0.00461353,-0.00145071,0.0431137,0,0,0
11.8674,1,-1.08423,4.0766,5.08184,-0.00960317,0.0122255,0.0181423,0.356617,0,0,0
11.8674,2,-3.65027,1.90278,5.14203,0.00243604,-0.00209672,-0.00491454,0.354229,0,0,0
11.8674,3,0,0,0,0,0,0,0,0,0,0
11.8674,4,0,0,0,0,0,0,0,0,0,0
11.8674,5,0,0,0,0,0,0,0,0,0,0
11.9203,0,-3.09011,3.62386,8.64925,-0.0107105,0.00429255,-0.00147214,0.0431137,0,0,0
11.9203,1,-1.08477,4.07735,5.08273,-0.00923799,0.0118057,0.0176745,0.356617,0,0,0
11.9203,2,-3.65004,1.90256,5.14178,0.00293555,-0.00255868,-0.00492191,0.354185,0,0,0
11.9203,3,0,0,0,0,0,0,0,0,0,0
11.9203,4,0,0,0,0,0,0,0,0,0,0
11.9203,5,0,0,0,0,0,0,0,0,0,0
11.9756,0,-3.09089,3.62422,8.64918,-0.0108167,0.00450006,-0.00151065,0.0418154,0,0,0
11.9756,1,-1.08543,4.07821,5.08368,-0.00950449,0.0120398,0.0171306,0.356324,0,0,0
11.9756,2,-3.64998,1.90252,5.14155,0.00267517,-0.00229361,-0.00492075,0.354185,0,0,0
11.9756,3,0,0,0,0,0,0,0,0,0,0
11.9756,4,0,0,0,0,0,0,0,0,0,0
11.9756,5,0,0,0,0,0,0,0,0,0,0
12.0285,0,-3.09146,3.62443,8.6491,-0.01001,0.00400664,-0.00153255,0.0418154,0,0,0
12.0285,1,-1.08596,4.07891,5.08455,-0.00939143,0.011842,0.0166727,0.356034,0,0,0
12.0285,2,-3.64985,1.9024,5.14129,0.00276896,-0.00237339,-0.00492374,0.354101,0,0,0
12.0285,3,0,0,0,0,0,0,0,0,0,0
12.0285,4,0,0,0,0,0,0,0,0,0,0
12.0285,5,0,0,0,0,0,0,0,0,0,0
12.0787,0,-3.09201,3.62465,8.64903,-0.00944917,0.00371618,-0.00156994,0.0408206,0,0,0
12.0787,1,-1.08648,4.07961,5.08538,-0.00924893,0.0116645,0.0162371,0.356034,0,0,0
12.0787,2,-3.64967,1.90223,5.14105,0.00298082,-0.00258175,-0.00492783,0.354101,0,0,0
12.0787,3,0,0,0,0,0,0,0,0,0,0
12.0787,4,0,0,0,0,0,0,0,0,0,0
12.0787,5,0,0,0,0,0,0,0,0,0,0
12.1341,0,-3.09293,3.62509,8.64895,-0.0103285,0.00434591,-0.00161219,0.0408206,0,0,0
12.1341,1,-1.08686,4.08018,5.08622,-0.00862948,0.0110612,0.0158456,0.355848,0,0,0
12.1341,2,-3.64961,1.90217,5.14078,0.00280383,-0.00242115,-0.00490875,0.353995,0,0,0
12.1341,3,0,0,0,0,0,0,0,0,0,0
12.1341,4,0,0,0,0,0,0,0,0,0,0
12.1341,5,0,0,0,0,0,0,0,0,0,0
12.1911,0,-3.09363,3.62536,8.64886,-0.0103021,0.00426102,-0.00163816,0.0394176,0,0,0
12.1911,1,-1.08747,4.08097,5.08701,-0.00895183,0.0113828,0.0155405,0.355848,0,0,0
12.1911,2,-3.64953,1.90209,5.14054,0.00271492,-0.0023508,-0.00487603,0.353995,0,0,0
12.1911,3,0,0,0,0,0,0,0,0,0,0
12.1911,4,0,0,0,0,0,0,0,0,0,0
12.1911,5,0,0,0,0,0,0,0,0,0,0
12.2463,0,-3.09421,3.62557,8.64878,-0.00986471,0.00391846,-0.00164827,0.0394176,0,0,0
12.2463,1,-1.08795,4.08162,5.08778,-0.0087667,0.0111683,0.0152269,0.355636,0,0,0
12.2463,2,-3.6494,1.90197,5.14027,0.00277206,-0.00241995,-0.00482142,0.353936,0,0,0
12.2463,3,0,0,0,0,0,0,0,0,0,0
12.2463,4,0,0,0,0,0,0,0,0,0,0
12.2463,5,0,0,0,0,0,0,0,0,0,0
12.2965,0,-3.09499,3.62594,8.6487,-0.0102903,0.00430168,-0.00166051,0.0382495,0,0,0
12.2965,1,-1.08843,4.08225,5.0885,-0.0086135,0.0109247,0.0150102,0.355636,0,0,0
12.2965,2,-3.64936,1.90192,5.14004,0.00250661,-0.00219751,-0.00476783,0.353936,0,0,0
12.2965,3,0,0,0,0,0,0,0,0,0,0
12.2965,4,0,0,0,0,0,0,0,0,0,0
12.2965,5,0,0,0,0,0,0,0,0,0,0
12.3479,0,-3.09569,3.6262,8.64862,-0.0102162,0.0041539,-0.00166412,0.0382495,0,0,0
12.3479,1,-1.0893,4.0834,5.08935,-0.0080874,0.0101994,0.0147441,0.355428,0,0,0
12.3479,2,-3.64927,1.90184,5.13979,0.00243719,-0.00214933,-0.00468587,0.353922,0,0,0
12.3479,3,0,0,0,0,0,0,0,0,0,0
12.3479,4,0,0,0,0,0,0,0,0,0,0
12.3479,5,0,0,0,0,0,0,0,0,0,0
12.3982,0,-3.09642,3.62652,8.64852,-0.0104708,0.0042618,-0.00166441,0.0370424,0,0,0
12.3982,1,-1.0898,4.08406,5.09007,-0.00815786,0.0102279,0.0144848,0.355428,0,0,0
12.3982,2,-3.64923,1.9018,5.13955,0.00218299,-0.00191244,-0.00462779,0.353922,0,0,0
12.3982,3,0,0,0,0,0,0,0,0,0,0
12.3982,4,0,0,0,0,0,0,0,0,0,0
12.3982,5,0,0,0,0,0,0,0,0,0,0
12.4483,0,-3.09714,3.62683,8.64845,-0.0105864,0.00436098,-0.0016631,0.0370424,0,0,0
12.4483,1,-1.09018,4.08459,5.09081,-0.00776822,0.00979668,0.0142301,0.355272,0,0,0
12.4483,2,-3.64913,1.9017,5.13932,0.00222568,-0.00196359,-0.00456651,0.353882,0,0,0
12.4483,3,0,0,0,0,0,0,0,0,0,0
12.4483,4,0,0,0,0,0,0,0,0,0,0
12.4483,5,0,0,0,0,0,0,0,0,0,0
12.5042,0,-3.09771,3.62699,8.64836,-0.0100651,0.00385571,-0.00164789,0.0359771,0,0,0
12.5042,1,-1.09066,4.08521,5.09154,-0.00781189,0.0097943,0.0139769,0.355272,0,0,0
12.5042,2,-3.64901,1.90158,5.13908,0.00230144,-0.0020816,-0.00449326,0.353882,0,0,0
12.5042,3,0,0,0,0,0,0,0,0,0,0
12.5042,4,0,0,0,0,0,0,0,0,0,0
12.5042,5,0,0,0,0,0,0,0,0,0,0
12.5543,0,-3.09847,3.62739,8.64827,-0.0104498,0.00443321,-0.00164346,0.0359771,0,0,0
12.5543,1,-1.09107,4.08576,5.09219,-0.00762758,0.00956351,0.0137194,0.355123,0,0,0
12.5543,2,-3.64892,1.90149,5.1387,0.00221894,-0.0020162,-0.00439718,0.353833,0,0,0
12.5543,3,0,0,0,0,0,0,0,0,0,0
12.5543,4,0,0,0,0,0,0,0,0,0,0
12.5543,5,0,0,0,0,0,0,0,0,0,0
12.6205,0,-3.09907,3.62757,8.64819,-0.0100762,0.00402349,-0.0016337,0.0353709,0,0,0
12.6205,1,-1.09145,4.08632,5.09292,-0.00731909,0.00944917,0.0134486,0.355123,0,0,0
12.6205,2,-3.64889,1.90145,5.13845,0.00198109,-0.00180368,-0.00430947,0.353833,0,0,0
12.6205,3,0,0,0,0,0,0,0,0,0,0
12.6205,4,0,0,0,0,0,0,0,0,0,0
12.6205,5,0,0,0,0,0,0,0,0,0,0
12.674,0,-3.09957,3.62774,8.64811,-0.00947082,0.00364711,-0.00163158,0.0353709,0,0,0
12.674,1,-1.09177,4.08673,5.0936,-0.0068125,0.00869326,0.0132451,0.355013,0,0,0
12.674,2,-3.64875,1.90132,5.1384,0.00217325,-0.00200386,-0.00423756,0.353792,0,0,0
12.674,3,0,0,0,0,0,0,0,0,0,0
12.674,4,0,0,0,0,0,0,0,0,0,0
12.674,5,0,0,0,0,0,0,0,0,0,0
12.7279,0,-3.10006,3.62792,8.64802,-0.00904412,0.00338416,-0.00162329,0.0344687,0,0,0
12.7279,1,-1.09224,4.08735,5.09435,-0.0067098,0.00850542,0.0129648,0.355013,0,0,0
12.7279,2,-3.6487,1.90126,5.13817,0.0020055,-0.00184887,-0.00412564,0.353792,0,0,0
12.7279,3,0,0,0,0,0,0,0,0,0,0
12.7279,4,0,0,0,0,0,0,0,0,0,0
12.7279,5,0,0,0,0,0,0,0,0,0,0
12.7909,0,-3.10074,3.62822,8.64794,-0.00926499,0.00360162,-0.00161917,0.0344687,0,0,0
12.7909,1,-1.09262,4.08785,5.09524,-0.0066237,0.00835781,0.0126153,0.355013,0,0,0
12.7909,2,-3.64861,1.90118,5.13794,0.00198533,-0.00184232,-0.00403906,0.353753,0,0,0
12.7909,3,0,0,0,0,0,0,0,0,0,0
12.7909,4,0,0,0,0,0,0,0,0,0,0
12.7909,5,0,0,0,0,0,0,0,0,0,0
12.8467,0,-3.10143,3.62848,8.64786,-0.00928032,0.0035774,-0.00160884,0.0335417,0,0,0
12.8467,1,-1.09315,4.08853,5.09606,-0.00689695,0.00860439,0.0120501,0.354862,0,0,0
12.8467,2,-3.64849,1.90106,5.13774,0.00207373,-0.00193848,-0.00398075,0.353753,0,0,0
12.8467,3,0,0,0,0,0,0,0,0,0,0
12.8467,4,0,0,0,0,0,0,0,0,0,0
12.8467,5,0,0,0,0,0,0,0,0,0,0
12.8984,0,-3.10206,3.62877,8.64777,-0.00947825,0.0037861,-0.00159638,0.0335417,0,0,0
12.8984,1,-1.09351,4.08901,5.09687,-0.00672813,0.00841339,0.0116751,0.354862,0,0,0
12.8984,2,-3.6484,1.90096,5.13752,0.00207267,-0.00195535,-0.00387537,0.353709,0,0,0
12.8984,3,0,0,0,0,0,0,0,0,0,0
12.8984,4,0,0,0,0,0,0,0,0,0,0
12.8984,5,0,0,0,0,0,0,0,0,0,0
12.9486,0,-3.10272,3.62901,8.64767,-0.00928787,0.00363523,-0.0015739,0.0325352,0,0,0
12.9486,1,-1.09371,4.08932,5.0973,-0.00596654,0.00759378,0.0112072,0.354721,0,0,0
12.9486,2,-3.64832,1.90088,5.13733,0.00200411,-0.00189884,-0.00377268,0.353709,0,0,0
12.9486,3,0,0,0,0,0,0,0,0,0,0
12.9486,4,0,0,0,0,0,0,0,0,0,0
12.9486,5,0,0,0,0,0,0,0,0,0,0
13.0062,0,-3.10333,3.62927,8.64759,-0.00941626,0.00375133,-0.00152602,0.0325352,0,0,0
13.0062,1,-1.09414,4.08985,5.09794,-0.00623101,0.00777137,0.0106623,0.354721,0,0,0
13.0062,2,-3.64827,1.90083,5.13714,0.00180834,-0.00170807,-0.00370446,0.353671,0,0,0
13.0062,3,0,0,0,0,0,0,0,0,0,0
13.0062,4,0,0,0,0,0,0,0,0,0,0
13.0062,5,0,0,0,0,0,0,0,0,0,0
13.0665,0,-3.10376,3.6294,8.64753,-0.00887296,0.00336237,-0.0014799,0.0315933,0,0,0
13.0665,1,-1.09454,4.09038,5.09852,-0.00633826,0.00793175,0.0107196,0.354644,0,0,0
13.0665,2,-3.64816,1.90072,5.13696,0.00188785,-0.00180647,-0.00360707,0.353671,0,0,0
13.0665,3,0,0,0,0,0,0,0,0,0,0
13.0665,4,0,0,0,0,0,0,0,0,0,0
13.0665,5,0,0,0,0,0,0,0,0,0,0
13.1243,0,-3.10417,3.62954,8.64746,-0.00833455,0.00306513,-0.0014348,0.0315933,0,0,0
13.1243,1,-1.09488,4.09081,5.09906,-0.00617743,0.00768463,0.0103074,0.354609,0,0,0
13.1243,2,-3.64808,1.90064,5.13678,0.00186966,-0.00180024,-0.00352268,0.353639,0,0,0
13.1243,3,0,0,0,0,0,0,0,0,0,0
13.1243,4,0,0,0,0,0,0,0,0,0,0
13.1243,5,0,0,0,0,0,0,0,0,0,0
13.182,0,-3.10479,3.62982,8.64739,-0.00859944,0.00332064,-0.00140158,0.0309716,0,0,0
13.182,1,-1.09488,4.09081,5.09906,-0.00617743,0.00768463,0.0103074,0.354609,0,0,0
13.182,2,-3.64797,1.90053,5.13658,0.00189461,-0.00182284,-0.0034879,0.353639,0,0,0
13.182,3,0,0,0,0,0,0,0,0,0,0
13.182,4,0,0,0,0,0,0,0,0,0,0
13.182,5,0,0,0,0,0,0,0,0,0,0
13.2383,0,-3.10525,3.62998,8.64732,-0.00821811,0.00308185,-0.00138854,0.0309716,0,0,0
13.2383,1,-1.0955,4.09165,5.10008,-0.00581642,0.00729254,0.0103491,0.354538,0,0,0
13.2383,2,-3.64795,1.90051,5.13642,0.00164508,-0.00159212,-0.00346103,0.3536,0,0,0
13.2383,3,0,0,0,0,0,0,0,0,0,0
13.2383,4,0,0,0,0,0,0,0,0,0,0
13.2383,5,0,0,0,0,0,0,0,0,0,0
13.2884,0,-3.10568,3.63014,8.64725,-0.00770229,0.00282526,-0.00138531,0.0302141,0,0,0
13.2884,1,-1.0955,4.09165,5.10008,-0.00581642,0.00729254,0.0103491,0.354538,0,0,0
13.2884,2,-3.64787,1.90042,5.13625,0.00165345,-0.00160542,-0.00344689,0.353579,0,0,0
13.2884,3,0,0,0,0,0,0,0,0,0,0
13.2884,4,0,0,0,0,0,0,0,0,0,0
13.2884,5,0,0,0,0,0,0,0,0,0,0
13.3411,0,-3.10608,3.6303,8.64718,-0.00739647,0.00273192,-0.0013931,0.0302141,0,0,0
13.3411,1,-1.0961,4.09245,5.1011,-0.00554956,0.00695882,0.0101209,0.354493,0,0,0
13.3411,2,-3.64779,1.90034,5.13608,0.00167015,-0.00162785,-0.00339672,0.353579,0,0,0
13.3411,3,0,0,0,0,0,0,0,0,0,0
13.3411,4,0,0,0,0,0,0,0,0,0,0
13.3411,5,0,0,0,0,0,0,0,0,0,0
13.4049,0,-3.10647,3.63045,8.64711,-0.00711928,0.00262442,-0.00140592,0.0296301,0,0,0
13.4049,1,-1.0964,4.09284,5.10169,-0.00540572,0.0067836,0.0099285,0.354493,0,0,0
13.4049,2,-3.64777,1.90032,5.13589,0.00144,-0.0014147,-0.00343683,0.353559,0,0,0
13.4049,3,0,0,0,0,0,0,0,0,0,0
13.4049,4,0,0,0,0,0,0,0,0,0,0
13.4049,5,0,0,0,0,0,0,0,0,0,0
13.4574,0,-3.10685,3.63061,8.64703,-0.00684904,0.00253529,-0.00142151,0.0296301,0,0,0
13.4574,1,-1.0964,4.09284,5.10169,-0.00540572,0.0067836,0.0099285,0.354425,0,0,0
13.4574,2,-3.6477,1.90025,5.13574,0.0014425,-0.00141716,-0.00343178,0.353559,0,0,0
13.4574,3,0,0,0,0,0,0,0,0,0,0
13.4574,4,0,0,0,0,0,0,0,0,0,0
13.4574,5,0,0,0,0,0,0,0,0,0,0
13.5203,0,-3.10723,3.63075,8.64695,-0.00662905,0.00242912,-0.00143248,0.0290846,0,0,0
13.5203,1,-1.09697,4.09359,5.10265,-0.00508129,0.00634526,0.00955333,0.354425,0,0,0
13.5203,2,-3.64763,1.90018,5.13542,0.00143607,-0.00141032,-0.00337802,0.353527,0,0,0
13.5203,3,0,0,0,0,0,0,0,0,0,0
13.5203,4,0,0,0,0,0,0,0,0,0,0
13.5203,5,0,0,0,0,0,0,0,0,0,0
13.5757,0,-3.10761,3.63089,8.64688,-0.00642985,0.0023404,-0.00144017,0.0290846,0,0,0
13.5757,1,-1.09697,4.09359,5.10265,-0.00508129,0.00634526,0.00955333,0.354372,0,0,0
13.5757,2,-3.64767,1.90021,5.13542,0.00108784,-0.00107694,-0.00340635,0.353527,0,0,0
13.5757,3,0,0,0,0,0,0,0,0,0,0
13.5757,4,0,0,0,0,0,0,0,0,0,0
13.5757,5,0,0,0,0,0,0,0,0,0,0
13.636,0,-3.10791,3.63099,8.6468,-0.00601133,0.00213327,-0.00143973,0.0285613,0,0,0
13.636,1,-1.09725,4.09395,5.10308,-0.00497692,0.00622015,0.00937737,0.354372,0,0,0
13.636,2,-3.64754,1.90008,5.13505,0.00133031,-0.00133148,-0.00329226,0.353509,0,0,0
13.636,3,0,0,0,0,0,0,0,0,0,0
13.636,4,0,0,0,0,0,0,0,0,0,0
13.636,5,0,0,0,0,0,0,0,0,0,0
13.6894,0,-3.10834,3.63116,8.64673,-0.00614362,0.00221864,-0.00142484,0.0285613,0,0,0
13.6894,1,-1.09753,4.0943,5.10358,-0.00484472,0.0060052,0.00915986,0.354322,0,0,0
13.6894,2,-3.64737,1.8999,5.13506,0.00172512,-0.00173655,-0.00327478,0.353509,0,0,0
13.6894,3,0,0,0,0,0,0,0,0,0,0
13.6894,4,0,0,0,0,0,0,0,0,0,0
13.6894,5,0,0,0,0,0,0,0,0,0,0
13.7396,0,-3.10871,3.63129,8.64666,-0.00602063,0.002142,-0.00141411,0.0280639,0,0,0
13.7396,1,-1.09773,4.0946,5.10402,-0.0044584,0.00561868,0.00891162,0.354322,0,0,0
13.7396,2,-3.64728,1.89981,5.13472,0.00171348,-0.00173325,-0.00311907,0.353471,0,0,0
13.7396,3,0,0,0,0,0,0,0,0,0,0
13.7396,4,0,0,0,0,0,0,0,0,0,0
13.7396,5,0,0,0,0,0,0,0,0,0,0
13.7898,0,-3.10906,3.63142,8.64659,-0.00588333,0.00209942,-0.00140849,0.0280639,0,0,0
13.7898,1,-1.09812,4.09507,5.10449,-0.00481239,0.00594278,0.00869671,0.354281,0,0,0
13.7898,2,-3.64722,1.89975,5.13473,0.00158236,-0.00160424,-0.00314636,0.353471,0,0,0
13.7898,3,0,0,0,0,0,0,0,0,0,0
13.7898,4,0,0,0,0,0,0,0,0,0,0
13.7898,5,0,0,0,0,0,0,0,0,0,0
13.8475,0,-3.10941,3.63155,8.64652,-0.00578307,0.00203285,-0.00140467,0.0275959,0,0,0
13.8475,1,-1.09837,4.0954,5.10493,-0.00463106,0.00575653,0.00847253,0.354281,0,0,0
13.8475,2,-3.64712,1.89965,5.13456,0.00167518,-0.00170028,-0.00305601,0.353449,0,0,0
13.8475,3,0,0,0,0,0,0,0,0,0,0
13.8475,4,0,0,0,0,0,0,0,0,0,0
13.8475,5,0,0,0,0,0,0,0,0,0,0
13.8978,0,-3.10976,3.63167,8.64645,-0.00568692,0.00196949,-0.00140114,0.0275959,0,0,0
13.8978,1,-1.09862,4.09573,5.10535,-0.00453569,0.00563262,0.00825473,0.354253,0,0,0
13.8978,2,-3.64704,1.89956,5.13426,0.00168583,-0.00171244,-0.00300979,0.353449,0,0,0
13.8978,3,0,0,0,0,0,0,0,0,0,0
13.8978,4,0,0,0,0,0,0,0,0,0,0
13.8978,5,0,0,0,0,0,0,0,0,0,0
13.9479,0,-3.1101,3.63179,8.64638,-0.00558576,0.00191473,-0.00139656,0.0271453,0,0,0
13.9479,1,-1.09887,4.09605,5.10575,-0.00443928,0.00550685,0.00806676,0.354253,0,0,0
13.9479,2,-3.64704,1.89956,5.13425,0.00137869,-0.00140285,-0.00304025,0.353432,0,0,0
13.9479,3,0,0,0,0,0,0,0,0,0,0
13.9479,4,0,0,0,0,0,0,0,0,0,0
13.9479,5,0,0,0,0,0,0,0,0,0,0
14.0011,0,-3.11038,3.63187,8.64631,-0.00528584,0.00172938,-0.0013895,0.0271453,0,0,0
14.0011,1,-1.0991,4.09636,5.10616,-0.00428891,0.00531658,0.00790363,0.354222,0,0,0
14.0011,2,-3.64697,1.89949,5.1341,0.0013776,-0.00140249,-0.00298539,0.353432,0,0,0
14.0011,3,0,0,0,0,0,0,0,0,0,0
14.0011,4,0,0,0,0,0,0,0,0,0,0
14.0011,5,0,0,0,0,0,0,0,0,0,0
14.0566,0,-3.11075,3.63202,8.64624,-0.00539621,0.00184246,-0.00137499,0.0267443,0,0,0
14.0566,1,-1.09934,4.09666,5.10655,-0.0041991,0.00519535,0.0077526,0.354222,0,0,0
14.0566,2,-3.64685,1.89936,5.1338,0.00155938,-0.00158763,-0.00290951,0.353399,0,0,0
14.0566,3,0,0,0,0,0,0,0,0,0,0
14.0566,4,0,0,0,0,0,0,0,0,0,0
14.0566,5,0,0,0,0,0,0,0,0,0,0
14.1117,0,-3.11108,3.63212,8.64617,-0.00532204,0.00175083,-0.0013593,0.0267443,0,0,0
14.1117,1,-1.09957,4.09695,5.10694,-0.00406863,0.00500931,0.00758489,0.354191,0,0,0
14.1117,2,-3.6468,1.89931,5.13368,0.00147335,-0.00150239,-0.00290663,0.353399,0,0,0
14.1117,3,0,0,0,0,0,0,0,0,0,0
14.1117,4,0,0,0,0,0,0,0,0,0,0
14.1117,5,0,0,0,0,0,0,0,0,0,0
14.1695,0,-3.11139,3.63222,8.6461,-0.00521359,0.00169355,-0.00134048,0.0263208,0,0,0
14.1695,1,-1.09984,4.0973,5.10738,-0.00411309,0.00504852,0.00744648,0.354191,0,0,0
14.1695,2,-3.64672,1.89923,5.13353,0.00147554,-0.00150531,-0.0028354,0.353379,0,0,0
14.1695,3,0,0,0,0,0,0,0,0,0,0
14.1695,4,0,0,0,0,0,0,0,0,0,0
14.1695,5,0,0,0,0,0,0,0,0,0,0
14.2206,0,-3.11169,3.63233,8.64604,-0.00510089,0.00163906,-0.00131855,0.0259522,0,0,0
14.2206,1,-1.10022,4.0978,5.10812,-0.0037333,0.00461875,0.00714113,0.354164,0,0,0
14.2206,2,-3.64664,1.89914,5.13336,0.00150547,-0.00153695,-0.00279751,0.353379,0,0,0
14.2206,3,0,0,0,0,0,0,0,0,0,0
14.2206,4,0,0,0,0,0,0,0,0,0,0
14.2206,5,0,0,0,0,0,0,0,0,0,0
14.2729,0,-3.11197,3.63243,8.64597,-0.00496357,0.00160644,-0.0013022,0.0259522,0,0,0
14.2729,1,-1.10053,4.09817,5.10848,-0.00401561,0.00489967,0.00699628,0.354164,0,0,0
14.2729,2,-3.64657,1.89907,5.13335,0.00145847,-0.00149029,-0.00279934,0.353358,0,0,0
14.2729,3,0,0,0,0,0,0,0,0,0,0
14.2729,4,0,0,0,0,0,0,0,0,0,0
14.2729,5,0,0,0,0,0,0,0,0,0,0
14.3247,0,-3.11227,3.63251,8.64591,-0.0048904,0.00150774,-0.00128396,0.0256056,0,0,0
14.3247,1,-1.10069,4.09839,5.10881,-0.00368041,0.00452491,0.00686008,0.35414,0,0,0
14.3247,2,-3.64651,1.89902,5.1332,0.00138886,-0.00142067,-0.00276067,0.353358,0,0,0
14.3247,3,0,0,0,0,0,0,0,0,0,0
14.3247,4,0,0,0,0,0,0,0,0,0,0
14.3247,5,0,0,0,0,0,0,0,0,0,0
14.3749,0,-3.11254,3.63261,8.64584,-0.00474698,0.00147861,-0.00127106,0.0256056,0,0,0
14.3749,1,-1.10089,4.09865,5.1092,-0.00356635,0.00437383,0.00670295,0.35414,0,0,0
14.3749,2,-3.64646,1.89896,5.13307,0.0013172,-0.00134851,-0.0027718,0.35334,0,0,0
14.3749,3,0,0,0,0,0,0,0,0,0,0
14.3749,4,0,0,0,0,0,0,0,0,0,0
14.3749,5,0,0,0,0,0,0,0,0,0,0
14.4285,0,-3.11282,3.6327,8.64578,-0.00465012,0.00140325,-0.00125571,0.0252853,0,0,0
14.4285,1,-1.10109,4.0989,5.10961,-0.00351048,0.00427812,0.00659353,0.354126,0,0,0
14.4285,2,-3.64638,1.89888,5.13293,0.00131297,-0.00134404,-0.00275744,0.35334,0,0,0
14.4285,3,0,0,0,0,0,0,0,0,0,0
14.4285,4,0,0,0,0,0,0,0,0,0,0
14.4285,5,0,0,0,0,0,0,0,0,0,0
14.4802,0,-3.11307,3.63279,8.64571,-0.00445972,0.00135014,-0.00124117,0.0252853,0,0,0
14.4802,1,-1.10109,4.0989,5.10961,-0.00351048,0.00427812,0.00659353,0.354126,0,0,0
14.4802,2,-3.64635,1.89884,5.13266,0.0012251,-0.00125711,-0.00270193,0.353319,0,0,0
14.4802,3,0,0,0,0,0,0,0,0,0,0
14.4802,4,0,0,0,0,0,0,0,0,0,0
14.4802,5,0,0,0,0,0,0,0,0,0,0
14.5332,0,-3.11334,3.63286,8.64565,-0.0043199,0.00126313,-0.0012201,0.0249829,0,0,0
14.5332,1,-1.10151,4.09943,5.11019,-0.00355578,0.00430413,0.00625457,0.354113,0,0,0
14.5332,2,-3.64626,1.89875,5.13252,0.00129132,-0.00132757,-0.00264958,0.353319,0,0,0
14.5332,3,0,0,0,0,0,0,0,0,0,0
14.5332,4,0,0,0,0,0,0,0,0,0,0
14.5332,5,0,0,0,0,0,0,0,0,0,0
14.5862,0,-3.11362,3.63297,8.64558,-0.0043115,0.00130014,-0.00119914,0.0249829,0,0,0
14.5862,1,-1.10166,4.09963,5.11051,-0.00326154,0.00399339,0.00613523,0.354113,0,0,0
14.5862,2,-3.64617,1.89866,5.1324,0.00137617,-0.00141644,-0.00253328,0.353295,0,0,0
14.5862,3,0,0,0,0,0,0,0,0,0,0
14.5862,4,0,0,0,0,0,0,0,0,0,0
14.5862,5,0,0,0,0,0,0,0,0,0,0
14.6367,0,-3.11382,3.63303,8.64553,-0.00403338,0.00116845,-0.00118231,0.0247109,0,0,0
14.6367,1,-1.10166,4.09963,5.11051,-0.00326154,0.00399339,0.00613523,0.354096,0,0,0
14.6367,2,-3.6461,1.89859,5.13227,0.00137505,-0.00141596,-0.00246628,0.353295,0,0,0
14.6367,3,0,0,0,0,0,0,0,0,0,0
14.6367,4,0,0,0,0,0,0,0,0,0,0
14.6367,5,0,0,0,0,0,0,0,0,0,0
14.6888,0,-3.11405,3.63311,8.64547,-0.00393036,0.00114535,-0.00116539,0.0247109,0,0,0
14.6888,1,-1.10188,4.0999,5.11081,-0.00335656,0.00407796,0.00599512,0.354096,0,0,0
14.6888,2,-3.64609,1.89857,5.13219,0.00115317,-0.00119288,-0.00244262,0.353284,0,0,0
14.6888,3,0,0,0,0,0,0,0,0,0,0
14.6888,4,0,0,0,0,0,0,0,0,0,0
14.6888,5,0,0,0,0,0,0,0,0,0,0
14.7482,0,-3.11429,3.63317,8.64541,-0.00380628,0.000986242,-0.00115137,0.0244498,0,0,0
14.7482,1,-1.10206,4.10013,5.1111,-0.0032736,0.00397832,0.00590227,0.354081,0,0,0
14.7482,2,-3.64603,1.89851,5.13206,0.00114236,-0.00118537,-0.00238244,0.353284,0,0,0
14.7482,3,0,0,0,0,0,0,0,0,0,0
14.7482,4,0,0,0,0,0,0,0,0,0,0
14.7482,5,0,0,0,0,0,0,0,0,0,0
14.8034,0,-3.11455,3.63327,8.64535,-0.00383425,0.00106915,-0.00114006,0.0244498,0,0,0
14.8034,1,-1.10241,4.10056,5.11171,-0.00314222,0.0038033,0.0056679,0.354081,0,0,0
14.8034,2,-3.64593,1.89841,5.13194,0.00126143,-0.001308,-0.00237932,0.353277,0,0,0
14.8034,3,0,0,0,0,0,0,0,0,0,0
14.8034,4,0,0,0,0,0,0,0,0,0,0
14.8034,5,0,0,0,0,0,0,0,0,0,0
14.8565,0,-3.11478,3.63332,8.64529,-0.00365093,0.00093021,-0.00112729,0.0241928,0,0,0
14.8565,1,-1.10268,4.10091,5.11201,-0.00278734,0.00337959,0.00556602,0.354067,0,0,0
14.8565,2,-3.64583,1.89831,5.1318,0.0014006,-0.0014545,-0.00234346,0.353277,0,0,0
14.8565,3,0,0,0,0,0,0,0,0,0,0
14.8565,4,0,0,0,0,0,0,0,0,0,0
14.8565,5,0,0,0,0,0,0,0,0,0,0
14.9128,0,-3.11499,3.63339,8.64524,-0.00355835,0.000911995,-0.0011119,0.0241928,0,0,0
14.9128,1,-1.10288,4.10116,5.1123,-0.00288168,0.00345368,0.00543604,0.354067,0,0,0
14.9128,2,-3.64582,1.89829,5.1317,0.00118464,-0.00123646,-0.00233173,0.353252,0,0,0
14.9128,3,0,0,0,0,0,0,0,0,0,0
14.9128,4,0,0,0,0,0,0,0,0,0,0
14.9128,5,0,0,0,0,0,0,0,0,0,0
14.963,0,-3.11525,3.63349,8.64513,-0.00354789,0.000950362,-0.00108995,0.0239276,0,0,0
14.963,1,-1.103,4.10132,5.1126,-0.00266613,0.00321165,0.00531434,0.354057,0,0,0
14.963,2,-3.64577,1.89824,5.13157,0.0011441,-0.00119601,-0.00228029,0.353252,0,0,0
14.963,3,0,0,0,0,0,0,0,0,0,0
14.963,4,0,0,0,0,0,0,0,0,0,0
14.963,5,0,0,0,0,0,0,0,0,0,0
15.0165,0,-3.11544,3.63352,8.64512,-0.00339967,0.000809641,-0.00108249,0.0239276,0,0,0
15.0165,1,-1.10315,4.10151,5.11282,-0.00257096,0.00311823,0.0051801,0.354057,0,0,0
15.0165,2,-3.64575,1.89821,5.13145,0.00101424,-0.00106484,-0.00227866,0.353243,0,0,0
15.0165,3,0,0,0,0,0,0,0,0,0,0
15.0165,4,0,0,0,0,0,0,0,0,0,0
15.0165,5,0,0,0,0,0,0,0,0,0,0
15.0693,0,-3.11563,3.63358,8.64507,-0.00326816,0.000781608,-0.00105345,0.0237506,0,0,0
15.0693,1,-1.10337,4.10177,5.11306,-0.0027429,0.00328953,0.00506707,0.354059,0,0,0
15.0693,2,-3.64562,1.89808,5.13134,0.00125834,-0.00132054,-0.00221516,0.353243,0,0,0
15.0693,3,0,0,0,0,0,0,0,0,0,0
15.0693,4,0,0,0,0,0,0,0,0,0,0
15.0693,5,0,0,0,0,0,0,0,0,0,0
15.1235,0,-3.11583,3.63363,8.64495,-0.00320386,0.000745509,-0.00103787,0.0237506,0,0,0
15.1235,1,-1.10337,4.10179,5.11332,-0.00276024,0.00334235,0.0049828,0.354059,0,0,0
15.1235,2,-3.64552,1.89797,5.13121,0.00142128,-0.00147781,-0.00217041,0.353226,0,0,0
15.1235,3,0,0,0,0,0,0,0,0,0,0
15.1235,4,0,0,0,0,0,0,0,0,0,0
15.1235,5,0,0,0,0,0,0,0,0,0,0
15.1737,0,-3.11601,3.63369,8.64496,-0.00310553,0.000741212,-0.00103677,0.0235523,0,0,0
15.1737,1,-1.10352,4.10196,5.11354,-0.00261615,0.0031488,0.00489409,0.354048,0,0,0
15.1737,2,-3.64547,1.89792,5.13111,0.00133952,-0.00141373,-0.0021242,0.353226,0,0,0
15.1737,3,0,0,0,0,0,0,0,0,0,0
15.1737,4,0,0,0,0,0,0,0,0,0,0
15.1737,5,0,0,0,0,0,0,0,0,0,0
15.2241,0,-3.11619,3.63374,8.64486,-0.0030414,0.000702782,-0.00100361,0.0235523,0,0,0
15.2241,1,-1.10365,4.10214,5.11382,-0.00253241,0.00306067,0.00478608,0.354048,0,0,0
15.2241,2,-3.64542,1.89787,5.13102,0.00123879,-0.00131666,-0.00209565,0.35321,0,0,0
15.2241,3,0,0,0,0,0,0,0,0,0,0
15.2241,4,0,0,0,0,0,0,0,0,0,0
15.2241,5,0,0,0,0,0,0,0,0,0,0
15.276,0,-3.11637,3.63379,8.64486,-0.00292985,0.000666685,-0.000997051,0.0233653,0,0,0
15.276,1,-1.10379,4.10231,5.11406,-0.00240217,0.00290348,0.00470982,0.354042,0,0,0
15.276,2,-3.64537,1.8978,5.13092,0.00121836,-0.00130084,-0.00205963,0.35321,0,0,0
15.276,3,0,0,0,0,0,0,0,0,0,0
15.276,4,0,0,0,0,0,0,0,0,0,0
15.276,5,0,0,0,0,0,0,0,0,0,0
15.3262,0,-3.11654,3.63383,8.64481,-0.00282425,0.000636159,-0.00097002,0.0233653,0,0,0
15.3262,1,-1.10392,4.10247,5.11433,-0.00232034,0.0027999,0.00459264,0.354042,0,0,0
15.3262,2,-3.6453,1.89773,5.1308,0.00123928,-0.00132625,-0.0020289,0.353201,0,0,0
15.3262,3,0,0,0,0,0,0,0,0,0,0
15.3262,4,0,0,0,0,0,0,0,0,0,0
15.3262,5,0,0,0,0,0,0,0,0,0,0
15.3789,0,-3.11674,3.6339,8.64475,-0.00285162,0.000683562,-0.000970482,0.0231869,0,0,0
15.3789,1,-1.10405,4.10263,5.11452,-0.00228069,0.00273668,0.00450385,0.354036,0,0,0
15.3789,2,-3.64527,1.89769,5.13071,0.00112619,-0.0012131,-0.00200486,0.353201,0,0,0
15.3789,3,0,0,0,0,0,0,0,0,0,0
15.3789,4,0,0,0,0,0,0,0,0,0,0
15.3789,5,0,0,0,0,0,0,0,0,0,0
15.4298,0,-3.11687,3.63393,8.64471,-0.00266782,0.000604767,-0.000965295,0.0231869,0,0,0
15.4298,1,-1.10416,4.10276,5.11474,-0.0021393,0.00256715,0.00439161,0.354036,0,0,0
15.4298,2,-3.64519,1.89761,5.13061,0.0011953,-0.00128815,-0.00197419,0.353191,0,0,0
15.4298,3,0,0,0,0,0,0,0,0,0,0
15.4298,4,0,0,0,0,0,0,0,0,0,0
15.4298,5,0,0,0,0,0,0,0,0,0,0
15.4827,0,-3.11703,3.63397,8.64466,-0.00261706,0.00057787,-0.000956483,0.0230333,0,0,0
15.4827,1,-1.10425,4.10289,5.11499,-0.00198541,0.00239958,0.00430551,0.354031,0,0,0
15.4827,2,-3.64516,1.89758,5.1305,0.0010865,-0.00117743,-0.0019529,0.353191,0,0,0
15.4827,3,0,0,0,0,0,0,0,0,0,0
15.4827,4,0,0,0,0,0,0,0,0,0,0
15.4827,5,0,0,0,0,0,0,0,0,0,0
15.5329,0,-3.11721,3.63403,8.64461,-0.00262976,0.000631818,-0.000943788,0.0230333,0,0,0
15.5329,1,-1.10444,4.1031,5.11508,-0.00211473,0.00250341,0.00424475,0.354031,0,0,0
15.5329,2,-3.64511,1.89753,5.1304,0.00102417,-0.00111396,-0.00193061,0.353181,0,0,0
15.5329,3,0,0,0,0,0,0,0,0,0,0
15.5329,4,0,0,0,0,0,0,0,0,0,0
15.5329,5,0,0,0,0,0,0,0,0,0,0
15.5923,0,-3.11734,3.63405,8.64451,-0.00247358,0.000543422,-0.00092143,0.0228334,0,0,0
15.5923,1,-1.10455,4.10326,5.11527,-0.00206852,0.00248083,0.00413388,0.354026,0,0,0
15.5923,2,-3.64506,1.89747,5.13028,0.00101365,-0.00110382,-0.0018947,0.353181,0,0,0
15.5923,3,0,0,0,0,0,0,0,0,0,0
15.5923,4,0,0,0,0,0,0,0,0,0,0
15.5923,5,0,0,0,0,0,0,0,0,0,0
15.649,0,-3.11751,3.6341,8.64452,-0.00248047,0.000560018,-0.000914183,0.0228334,0,0,0
15.649,1,-1.1047,4.10343,5.11557,-0.00211457,0.0025065,0.00410015,0.354024,0,0,0
15.649,2,-3.64505,1.89746,5.13021,0.000876558,-0.000959172,-0.00188012,0.353172,0,0,0
15.649,3,0,0,0,0,0,0,0,0,0,0
15.649,4,0,0,0,0,0,0,0,0,0,0
15.649,5,0,0,0,0,0,0,0,0,0,0
15.7033,0,-3.11763,3.63413,8.64447,-0.00233568,0.000479445,-0.000888477,0.0227304,0,0,0
15.7033,1,-1.10477,4.10352,5.11572,-0.00188531,0.00225065,0.00405148,0.354024,0,0,0
15.7033,2,-3.64501,1.89741,5.13011,0.000845667,-0.000927409,-0.0018589,0.353172,0,0,0
15.7033,3,0,0,0,0,0,0,0,0,0,0
15.7033,4,0,0,0,0,0,0,0,0,0,0
15.7033,5,0,0,0,0,0,0,0,0,0,0
15.7586,0,-3.1178,3.63417,8.64443,-0.00235985,0.000518452,-0.00087961,0.0227304,0,0,0
15.7586,1,-1.10477,4.10352,5.11572,-0.00188531,0.00225065,0.00405148,0.354024,0,0,0
15.7586,2,-3.64497,1.89737,5.13002,0.000827269,-0.000909507,-0.00181686,0.353167,0,0,0
15.7586,3,0,0,0,0,0,0,0,0,0,0
15.7586,4,0,0,0,0,0,0,0,0,0,0
15.7586,5,0,0,0,0,0,0,0,0,0,0
15.8182,0,-3.11805,3.63423,8.64438,-0.00216382,0.000410582,-0.000866895,0.022556,0,0,0
15.8182,1,-1.10506,4.10388,5.1162,-0.00202531,0.0024099,0.00383389,0.354026,0,0,0
15.8182,2,-3.64495,1.89735,5.12993,0.000733077,-0.000811796,-0.00180486,0.353167,0,0,0
15.8182,3,0,0,0,0,0,0,0,0,0,0
15.8182,4,0,0,0,0,0,0,0,0,0,0
15.8182,5,0,0,0,0,0,0,0,0,0,0
15.8785,0,-3.11807,3.63423,8.64433,-0.00222902,0.00043685,-0.00085719,0.022556,0,0,0
15.8785,1,-1.10514,4.10398,5.11642,-0.00186299,0.00221903,0.00372624,0.354022,0,0,0
15.8785,2,-3.64489,1.89728,5.12985,0.000794999,-0.00088997,-0.00175986,0.353161,0,0,0
15.8785,3,0,0,0,0,0,0,0,0,0,0
15.8785,4,0,0,0,0,0,0,0,0,0,0
15.8785,5,0,0,0,0,0,0,0,0,0,0
15.9294,0,-3.11822,3.63428,8.64429,-0.00218912,0.000447668,-0.000841363,0.0224492,0,0,0
15.9294,1,-1.10522,4.10409,5.11656,-0.00173071,0.00209377,0.00359134,0.354022,0,0,0
15.9294,2,-3.64479,1.89717,5.12976,0.00101725,-0.00112012,-0.00172012,0.353161,0,0,0
15.9294,3,0,0,0,0,0,0,0,0,0,0
15.9294,4,0,0,0,0,0,0,0,0,0,0
15.9294,5,0,0,0,0,0,0,0,0,0,0
15.9825,0,-3.11842,3.63432,8.6442,-0.00186594,0.000341193,-0.000820537,0.0224492,0,0,0
15.9825,1,-1.10522,4.10409,5.11656,-0.00173071,0.00209377,0.00359134,0.354028,0,0,0
15.9825,2,-3.64477,1.89714,5.12967,0.000882443,-0.000985068,-0.00170536,0.35315,0,0,0
15.9825,3,0,0,0,0,0,0,0,0,0,0
15.9825,4,0,0,0,0,0,0,0,0,0,0
15.9825,5,0,0,0,0,0,0,0,0,0,0
16.0377,0,-3.11848,3.6343,8.6442,-0.00163406,0.000167865,-0.000817647,0.0223116,0,0,0
16.0377,1,-1.10534,4.10424,5.11676,-0.00176166,0.0021242,0.00348622,0.354028,0,0,0
16.0377,2,-3.64477,1.89714,5.12967,0.000882443,-0.000985068,-0.00170536,0.35315,0,0,0
16.0377,3,0,0,0,0,0,0,0,0,0,0
16.0377,4,0,0,0,0,0,0,0,0,0,0
16.0377,5,0,0,0,0,0,0,0,0,0,0
16.0966,0,-3.11873,3.63441,8.64416,-0.00200434,0.000450728,-0.000788626,0.0223116,0,0,0
16.0966,1,-1.10548,4.10441,5.11697,-0.00187639,0.00224102,0.00342381,0.354024,0,0,0
16.0966,2,-3.64474,1.89711,5.12957,0.000815553,-0.000921565,-0.00167352,0.353148,0,0,0
16.0966,3,0,0,0,0,0,0,0,0,0,0
16.0966,4,0,0,0,0,0,0,0,0,0,0
16.0966,5,0,0,0,0,0,0,0,0,0,0
16.1553,0,-3.1188,3.6344,8.64409,-0.00178054,0.000293602,-0.000772334,0.0221605,0,0,0
16.1553,1,-1.10558,4.10453,5.11716,-0.00178583,0.00213964,0.00335646,0.354024,0,0,0
16.1553,2,-3.64464,1.897,5.12941,0.000826832,-0.000944068,-0.00159957,0.353148,0,0,0
16.1553,3,0,0,0,0,0,0,0,0,0,0
16.1553,4,0,0,0,0,0,0,0,0,0,0
16.1553,5,0,0,0,0,0,0,0,0,0,0
16.2148,0,-3.11882,3.63441,8.64409,-0.00184943,0.00033488,-0.000770236,0.0221605,0,0,0
16.2148,1,-1.10569,4.10467,5.11733,-0.00176027,0.00210103,0.00329007,0.354025,0,0,0
16.2148,2,-3.64455,1.8969,5.12933,0.00100085,-0.00112413,-0.0015702,0.353144,0,0,0
16.2148,3,0,0,0,0,0,0,0,0,0,0
16.2148,4,0,0,0,0,0,0,0,0,0,0
16.2148,5,0,0,0,0,0,0,0,0,0,0
16.2665,0,-3.11893,3.63444,8.64405,-0.00179667,0.000320822,-0.000743304,0.022108,0,0,0
16.2665,1,-1.10578,4.10478,5.11748,-0.00170277,0.00202646,0.00322973,0.354025,0,0,0
16.2665,2,-3.64455,1.8969,5.12933,0.00100085,-0.00112413,-0.0015702,0.353144,0,0,0
16.2665,3,0,0,0,0,0,0,0,0,0,0
16.2665,4,0,0,0,0,0,0,0,0,0,0
16.2665,5,0,0,0,0,0,0,0,0,0,0
16.3201,0,-3.11913,3.63448,8.64397,-0.00164574,0.000277209,-0.00072408,0.022108,0,0,0
16.3201,1,-1.10595,4.10499,5.1178,-0.00157786,0.0018769,0.00313199,0.354025,0,0,0
16.3201,2,-3.64447,1.89681,5.12916,0.000887464,-0.00101039,-0.00150159,0.353136,0,0,0
16.3201,3,0,0,0,0,0,0,0,0,0,0
16.3201,4,0,0,0,0,0,0,0,0,0,0
16.3201,5,0,0,0,0,0,0,0,0,0,0
16.3778,0,-3.11922,3.63449,8.64394,-0.00154325,0.000211902,-0.000709813,0.0219549,0,0,0
16.3778,1,-1.10595,4.10499,5.1178,-0.00157786,0.0018769,0.00313199,0.354025,0,0,0
16.3778,2,-3.64444,1.89676,5.12909,0.000848863,-0.000980799,-0.00148726,0.353136,0,0,0
16.3778,3,0,0,0,0,0,0,0,0,0,0
16.3778,4,0,0,0,0,0,0,0,0,0,0
16.3778,5,0,0,0,0,0,0,0,0,0,0
16.428,0,-3.11925,3.63451,8.6439,-0.0016681,0.000285808,-0.000681047,0.0219549,0,0,0
16.428,1,-1.10604,4.1051,5.11796,-0.00153013,0.00182288,0.00306315,0.354027,0,0,0
16.428,2,-3.64432,1.89664,5.12903,0.00107338,-0.00121711,-0.00146728,0.353134,0,0,0
16.428,3,0,0,0,0,0,0,0,0,0,0
16.428,4,0,0,0,0,0,0,0,0,0,0
16.428,5,0,0,0,0,0,0,0,0,0,0
16.4833,0,-3.11942,3.63455,8.64387,-0.0014536,0.000238624,-0.00067194,0.0219226,0,0,0
16.4833,1,-1.10612,4.1052,5.11812,-0.001488,0.00177028,0.00301455,0.354027,0,0,0
16.4833,2,-3.64428,1.8966,5.12894,0.00103127,-0.00114092,-0.00144197,0.353134,0,0,0
16.4833,3,0,0,0,0,0,0,0,0,0,0
16.4833,4,0,0,0,0,0,0,0,0,0,0
16.4833,5,0,0,0,0,0,0,0,0,0,0
16.5412,0,-3.11943,3.63454,8.64383,-0.00147338,0.000218869,-0.000656958,0.0219226,0,0,0
16.5412,1,-1.1062,4.1053,5.11828,-0.00144896,0.00172148,0.0029504,0.354026,0,0,0
16.5412,2,-3.64424,1.89654,5.12887,0.000991174,-0.00114906,-0.00141227,0.353118,0,0,0
16.5412,3,0,0,0,0,0,0,0,0,0,0
16.5412,4,0,0,0,0,0,0,0,0,0,0
16.5412,5,0,0,0,0,0,0,0,0,0,0
16.599,0,-3.11952,3.63456,8.64383,-0.00144481,0.000204882,-0.000665194,0.021818,0,0,0
16.599,1,-1.10628,4.10539,5.11843,-0.00139319,0.00165686,0.00289129,0.354026,0,0,0
16.599,2,-3.64415,1.89644,5.1288,0.00112456,-0.00130236,-0.00139204,0.353118,0,0,0
16.599,3,0,0,0,0,0,0,0,0,0,0
16.599,4,0,0,0,0,0,0,0,0,0,0
16.599,5,0,0,0,0,0,0,0,0,0,0
16.6498,0,-3.11962,3.63458,8.6438,-0.00146112,0.000227145,-0.000663463,0.021818,0,0,0
16.6498,1,-1.10636,4.10549,5.11857,-0.00137837,0.00163448,0.00282172,0.354025,0,0,0
16.6498,2,-3.64415,1.89644,5.1288,0.00112456,-0.00130236,-0.00139204,0.353123,0,0,0
16.6498,3,0,0,0,0,0,0,0,0,0,0
16.6498,4,0,0,0,0,0,0,0,0,0,0
16.6498,5,0,0,0,0,0,0,0,0,0,0
16.7156,0,-3.11972,3.63461,8.64376,-0.00146435,0.000248308,-0.000672516,0.0217743,0,0,0
16.7156,1,-1.1064,4.10555,5.11868,-0.00122253,0.00146629,0.00276761,0.354025,0,0,0
16.7156,2,-3.6441,1.89638,5.12873,0.00110118,-0.00128126,-0.00137677,0.353123,0,0,0
16.7156,3,0,0,0,0,0,0,0,0,0,0
16.7156,4,0,0,0,0,0,0,0,0,0,0
16.7156,5,0,0,0,0,0,0,0,0,0,0
16.7709,0,-3.11984,3.63462,8.64373,-0.00118968,0.000129305,-0.000676185,0.0217743,0,0,0
16.7709,1,-1.10654,4.10571,5.11884,-0.00114283,0.00136061,0.00269601,0.35403,0,0,0
16.7709,2,-3.64402,1.89629,5.12859,0.000982745,-0.00115581,-0.00133645,0.353123,0,0,0
16.7709,3,0,0,0,0,0,0,0,0,0,0
16.7709,4,0,0,0,0,0,0,0,0,0,0
16.7709,5,0,0,0,0,0,0,0,0,0,0
16.8348,0,-3.11992,3.63463,8.64369,-0.00112737,9.00117e-05,-0.000672972,0.0216773,0,0,0
16.8348,1,-1.10663,4.10582,5.11899,-0.00119325,0.00141466,0.00265493,0.35403,0,0,0
16.8348,2,-3.64402,1.89629,5.12859,0.000982745,-0.00115581,-0.00133645,0.353122,0,0,0
16.8348,3,0,0,0,0,0,0,0,0,0,0
16.8348,4,0,0,0,0,0,0,0,0,0,0
16.8348,5,0,0,0,0,0,0,0,0,0,0
16.89,0,-3.12002,3.63465,8.64362,-0.00116853,0.000100941,-0.00065663,0.0216773,0,0,0
16.89,1,-1.10668,4.10587,5.11911,-0.00135983,0.00158701,0.0026018,0.354024,0,0,0
16.89,2,-3.64397,1.89623,5.12854,0.000989723,-0.00114931,-0.00132114,0.353122,0,0,0
16.89,3,0,0,0,0,0,0,0,0,0,0
16.89,4,0,0,0,0,0,0,0,0,0,0
16.89,5,0,0,0,0,0,0,0,0,0,0
16.9607,0,-3.12006,3.63467,8.64359,-0.00131268,0.000192045,-0.000647805,0.0215576,0,0,0
16.9607,1,-1.10675,4.10598,5.11921,-0.000995538,0.00118601,0.00254386,0.354024,0,0,0
16.9607,2,-3.64392,1.89617,5.12847,0.000984885,-0.00114729,-0.00129159,0.35312,0,0,0
16.9607,3,0,0,0,0,0,0,0,0,0,0
16.9607,4,0,0,0,0,0,0,0,0,0,0
16.9607,5,0,0,0,0,0,0,0,0,0,0
17.0109,0,-3.1202,3.63468,8.64359,-0.00115932,8.99816e-05,-0.00063425,0.0215576,0,0,0
17.0109,1,-1.1069,4.10614,5.11954,-0.00118219,0.00137595,0.00235272,0.354026,0,0,0
17.0109,2,-3.64393,1.89618,5.1284,0.000726015,-0.000858028,-0.00129488,0.35312,0,0,0
17.0109,3,0,0,0,0,0,0,0,0,0,0
17.0109,4,0,0,0,0,0,0,0,0,0,0
17.0109,5,0,0,0,0,0,0,0,0,0,0
