time,uav_id,px,py,pz,vx,vy,vz,feedback,ref_x,ref_y,ref_z
7.9175e-05,0,-0.000259725,-0.0442824,2.0611,0,0,-0.000121329,2.06158,0,0,0
7.9175e-05,1,2.99974,-0.0442824,2.06126,-4.59132e-16,-1.77354e-16,-0.000137081,3.63995,0,0,0
7.9175e-05,2,2.99974,2.95572,2.06099,-6.28305e-21,5.35634e-21,-0.000109902,4.68854,0,0,0
7.9175e-05,3,0,0,0,0,0,0,0,0,0,0
7.9175e-05,4,0,0,0,0,0,0,0,0,0,0
7.9175e-05,5,0,0,0,0,0,0,0,0,0,0
0.0586572,0,-0.000259725,-0.0442824,2.06109,0,0,-0.00011887,2.06157,0,0,0
0.0586572,1,2.99974,-0.0442824,2.06126,-4.72858e-16,-1.44163e-16,-0.000134713,3.63994,0,0,0
0.0586572,2,2.99974,2.95572,2.06098,-1.50424e-21,4.96401e-21,-0.000111497,4.68853,0,0,0
0.0586572,3,0,0,0,0,0,0,0,0,0,0
0.0586572,4,0,0,0,0,0,0,0,0,0,0
0.0586572,5,0,0,0,0,0,0,0,0,0,0
0.122026,0,-0.000259725,-0.0442824,2.06109,0,0,-0.000117841,2.06157,0,0,0
0.122026,1,2.99974,-0.0442824,2.06124,-4.98768e-16,-7.60157e-17,-0.000130815,3.63994,0,0,0
0.122026,2,2.99974,2.95572,2.06097,5.60508e-21,-4.48406e-22,-0.000110789,4.68853,0,0,0
0.122026,3,0,0,0,0,0,0,0,0,0,0
0.122026,4,0,0,0,0,0,0,0,0,0,0
0.122026,5,0,0,0,0,0,0,0,0,0,0
0.172228,0,-0.000259725,-0.0442824,2.06108,0,0,-0.000116656,2.06155,0,0,0
0.172228,1,2.99974,-0.0442824,2.06124,-4.98762e-16,-7.60151e-17,-0.000130206,3.63994,0,0,0
0.172228,2,2.99974,2.95572,2.06096,1.0078e-20,-1.2227e-21,-0.000109853,4.68853,0,0,0
0.172228,3,0,0,0,0,0,0,0,0,0,0
0.172228,4,0,0,0,0,0,0,0,0,0,0
0.172228,5,0,0,0,0,0,0,0,0,0,0
0.223089,0,-0.000259725,-0.0442824,2.06107,0,0,-0.000115525,2.06155,0,0,0
0.223089,1,2.99974,-0.0442824,2.06123,-5.10652e-16,-6.08208e-17,-0.000129484,3.63994,0,0,0
0.223089,2,2.99974,2.95572,2.06096,1.64892e-20,-8.33683e-21,-0.00010937,4.68853,0,0,0
0.223089,3,0,0,0,0,0,0,0,0,0,0
0.223089,4,0,0,0,0,0,0,0,0,0,0
0.223089,5,0,0,0,0,0,0,0,0,0,0
0.273253,0,-0.000259725,-0.0442824,2.06107,0,0,-0.000114578,2.06154,0,0,0
0.273253,1,2.99974,-0.0442824,2.06122,-5.1224e-16,-6.12778e-17,-0.000129711,3.63993,0,0,0
0.273253,2,2.99974,2.95572,2.06095,1.55778e-20,-1.37107e-20,-0.000108546,4.68852,0,0,0
0.273253,3,0,0,0,0,0,0,0,0,0,0
0.273253,4,0,0,0,0,0,0,0,0,0,0
0.273253,5,0,0,0,0,0,0,0,0,0,0
0.323448,0,-0.000259725,-0.0442824,2.06106,0,0,-0.000113406,2.06154,0,0,0
0.323448,1,2.99974,-0.0442824,2.06121,-5.12241e-16,-6.12779e-17,-0.000126465,3.63993,0,0,0
0.323448,2,2.99974,2.95572,2.06095,6.66345e-21,-1.5366e-20,-0.000107958,4.68852,0,0,0
0.323448,3,0,0,0,0,0,0,0,0,0,0
0.323448,4,0,0,0,0,0,0,0,0,0,0
0.323448,5,0,0,0,0,0,0,0,0,0,0
0.373887,0,-0.000259725,-0.0442824,2.06105,0,0,-0.000112502,2.06153,0,0,0
0.373887,1,2.99974,-0.0442824,2.06121,-5.13751e-16,-6.17154e-17,-0.000125327,3.63992,0,0,0
0.373887,2,2.99974,2.95572,2.06094,-2.71879e-21,-1.3954e-20,-0.000106766,4.68852,0,0,0
0.373887,3,0,0,0,0,0,0,0,0,0,0
0.373887,4,0,0,0,0,0,0,0,0,0,0
0.373887,5,0,0,0,0,0,0,0,0,0,0
0.424029,0,-0.000259725,-0.0442824,2.06105,0,0,-0.000111631,2.06153,0,0,0
0.424029,1,2.99974,-0.0442824,2.0612,-5.15411e-16,-6.21966e-17,-0.000124545,3.63991,0,0,0
0.424029,2,2.99974,2.95572,2.06094,-5.89546e-21,-1.18444e-20,-0.000105615,4.68852,0,0,0
0.424029,3,0,0,0,0,0,0,0,0,0,0
0.424029,4,0,0,0,0,0,0,0,0,0,0
0.424029,5,0,0,0,0,0,0,0,0,0,0
0.474171,0,-0.000259725,-0.0442824,2.06104,0,0,-0.000110912,2.06152,0,0,0
0.474171,1,2.99974,-0.0442824,2.0612,-5.15411e-16,-6.21966e-17,-0.000124545,3.63991,0,0,0
0.474171,2,2.99974,2.95572,2.06093,-1.05749e-20,-8.38939e-21,-0.00010451,4.68851,0,0,0
0.474171,3,0,0,0,0,0,0,0,0,0,0
0.474171,4,0,0,0,0,0,0,0,0,0,0
0.474171,5,0,0,0,0,0,0,0,0,0,0
0.524338,0,-0.000259725,-0.0442824,2.06104,0,0,-0.000110339,2.06152,0,0,0
0.524338,1,2.99974,-0.0442824,2.0612,-5.18428e-16,-6.3071e-17,-0.000124155,3.63991,0,0,0
0.524338,2,2.99974,2.95572,2.06093,-9.35596e-21,-1.67569e-21,-0.000103504,4.68851,0,0,0
0.524338,3,0,0,0,0,0,0,0,0,0,0
0.524338,4,0,0,0,0,0,0,0,0,0,0
0.524338,5,0,0,0,0,0,0,0,0,0,0
0.577074,0,-0.000259725,-0.0442824,2.06103,0,0,-0.000109474,2.06151,0,0,0
0.577074,1,2.99974,-0.0442824,2.06118,-5.21533e-16,-6.39645e-17,-0.000123552,3.6399,0,0,0
0.577074,2,2.99974,2.95572,2.06092,-2.631e-21,4.84658e-21,-0.000102639,4.68851,0,0,0
0.577074,3,0,0,0,0,0,0,0,0,0,0
0.577074,4,0,0,0,0,0,0,0,0,0,0
0.577074,5,0,0,0,0,0,0,0,0,0,0
0.628321,0,-0.000259725,-0.0442824,2.06103,0,0,-0.000108819,2.06151,0,0,0
0.628321,1,2.99974,-0.0442824,2.06118,-5.21533e-16,-6.39645e-17,-0.000123552,3.6399,0,0,0
0.628321,2,2.99974,2.95572,2.06092,4.62059e-21,1.45145e-20,-0.000101855,4.68851,0,0,0
0.628321,3,0,0,0,0,0,0,0,0,0,0
0.628321,4,0,0,0,0,0,0,0,0,0,0
0.628321,5,0,0,0,0,0,0,0,0,0,0
0.678693,0,-0.000259725,-0.0442824,2.06102,0,0,-0.000108586,2.0615,0,0,0
0.678693,1,2.99974,-0.0442824,2.06118,-5.14977e-16,-5.63272e-17,-0.00012241,3.6399,0,0,0
0.678693,2,2.99974,2.95572,2.06091,8.12717e-21,1.81325e-20,-0.000101244,4.68851,0,0,0
0.678693,3,0,0,0,0,0,0,0,0,0,0
0.678693,4,0,0,0,0,0,0,0,0,0,0
0.678693,5,0,0,0,0,0,0,0,0,0,0
0.729203,0,-0.000259725,-0.0442824,2.06101,0,0,-0.000108146,2.0615,0,0,0
0.729203,1,2.99974,-0.0442824,2.06116,-5.1734e-16,-2.86702e-17,-0.000120743,3.6399,0,0,0
0.729203,2,2.99974,2.95572,2.06091,9.28786e-21,1.69486e-20,-0.000100501,4.68851,0,0,0
0.729203,3,0,0,0,0,0,0,0,0,0,0
0.729203,4,0,0,0,0,0,0,0,0,0,0
0.729203,5,0,0,0,0,0,0,0,0,0,0
0.781984,0,-0.000259725,-0.0442824,2.06101,0,0,-0.000107599,2.06149,0,0,0
0.781984,1,2.99974,-0.0442824,2.06116,-5.1734e-16,-2.86702e-17,-0.000120743,3.63989,0,0,0
0.781984,2,2.99974,2.95572,2.0609,9.21322e-21,1.56356e-20,-9.96934e-05,4.6885,0,0,0
0.781984,3,0,0,0,0,0,0,0,0,0,0
0.781984,4,0,0,0,0,0,0,0,0,0,0
0.781984,5,0,0,0,0,0,0,0,0,0,0
0.832169,0,-0.000259725,-0.0442824,2.061,0,0,-0.000107006,2.06149,0,0,0
0.832169,1,2.99974,-0.0442824,2.06116,-5.3273e-16,1.07354e-17,-0.000120612,3.63989,0,0,0
0.832169,2,2.99974,2.95572,2.0609,8.68058e-21,1.33791e-20,-9.87977e-05,4.6885,0,0,0
0.832169,3,0,0,0,0,0,0,0,0,0,0
0.832169,4,0,0,0,0,0,0,0,0,0,0
0.832169,5,0,0,0,0,0,0,0,0,0,0
0.882407,0,-0.000259725,-0.0442824,2.061,0,0,-0.000106503,2.06147,0,0,0
0.882407,1,2.99974,-0.0442824,2.06115,-5.41553e-16,3.18197e-17,-0.000120391,3.63988,0,0,0
0.882407,2,2.99974,2.95572,2.06089,7.39709e-21,8.65476e-21,-9.81271e-05,4.6885,0,0,0
0.882407,3,0,0,0,0,0,0,0,0,0,0
0.882407,4,0,0,0,0,0,0,0,0,0,0
0.882407,5,0,0,0,0,0,0,0,0,0,0
0.932741,0,-0.000259725,-0.0442824,2.06099,0,0,-0.000106029,2.06147,0,0,0
0.932741,1,2.99974,-0.0442824,2.06115,-5.52462e-16,5.18059e-17,-0.000120316,3.63988,0,0,0
0.932741,2,2.99974,2.95572,2.06089,2.83774e-21,-1.0334e-21,-9.72663e-05,4.6885,0,0,0
0.932741,3,0,0,0,0,0,0,0,0,0,0
0.932741,4,0,0,0,0,0,0,0,0,0,0
0.932741,5,0,0,0,0,0,0,0,0,0,0
0.983861,0,-0.000259725,-0.0442824,2.06099,0,0,-0.000105571,2.06146,0,0,0
0.983861,1,2.99974,-0.0442824,2.06114,-5.54956e-16,5.56414e-17,-0.000120195,3.63988,0,0,0
0.983861,2,2.99974,2.95572,2.06088,-1.28459e-21,-1.34963e-21,-9.64211e-05,4.68849,0,0,0
0.983861,3,0,0,0,0,0,0,0,0,0,0
0.983861,4,0,0,0,0,0,0,0,0,0,0
0.983861,5,0,0,0,0,0,0,0,0,0,0
1.03401,0,-0.000259725,-0.0442824,2.06098,0,0,-0.00010521,2.06146,0,0,0
1.03401,1,2.99974,-0.0442824,2.06113,-5.59644e-16,8.30056e-17,-0.000120093,3.63988,0,0,0
1.03401,2,2.99974,2.95572,2.06088,-1.67505e-21,1.48178e-21,-9.55061e-05,4.68849,0,0,0
1.03401,3,0,0,0,0,0,0,0,0,0,0
1.03401,4,0,0,0,0,0,0,0,0,0,0
1.03401,5,0,0,0,0,0,0,0,0,0,0
1.08456,0,-0.000259725,-0.0442824,2.06098,0,0,-0.00010475,2.06145,0,0,0
1.08456,1,2.99974,-0.0442824,2.06113,-5.62118e-16,8.75454e-17,-0.000119905,3.63987,0,0,0
1.08456,2,2.99974,2.95572,2.06087,-2.43009e-21,-1.47084e-21,-9.48012e-05,4.68849,0,0,0
1.08456,3,0,0,0,0,0,0,0,0,0,0
1.08456,4,0,0,0,0,0,0,0,0,0,0
1.08456,5,0,0,0,0,0,0,0,0,0,0
1.13822,0,-0.000259725,-0.0442824,2.06097,0,0,-0.000104419,2.06145,0,0,0
1.13822,1,2.99974,-0.0442824,2.06111,-5.57953e-16,7.91689e-17,-0.000118671,3.63987,0,0,0
1.13822,2,2.99974,2.95572,2.06087,4.28385e-22,-1.18996e-21,-9.40819e-05,4.68849,0,0,0
1.13822,3,0,0,0,0,0,0,0,0,0,0
1.13822,4,0,0,0,0,0,0,0,0,0,0
1.13822,5,0,0,0,0,0,0,0,0,0,0
1.18911,0,-0.000259725,-0.0442824,2.06097,0,0,-0.000104173,2.06145,0,0,0
1.18911,1,2.99974,-0.0442824,2.06111,-5.5115e-16,6.55557e-17,-0.000117731,3.63987,0,0,0
1.18911,2,2.99974,2.95572,2.06086,4.95053e-21,4.09917e-22,-9.34884e-05,4.68848,0,0,0
1.18911,3,0,0,0,0,0,0,0,0,0,0
1.18911,4,0,0,0,0,0,0,0,0,0,0
1.18911,5,0,0,0,0,0,0,0,0,0,0
1.2397,0,-0.000259725,-0.0442824,2.06096,0,0,-0.000103989,2.06145,0,0,0
1.2397,1,2.99974,-0.0442824,2.0611,-5.52953e-16,6.8797e-17,-0.000116852,3.63986,0,0,0
1.2397,2,2.99974,2.95572,2.06086,5.3209e-21,4.60102e-21,-9.27987e-05,4.68848,0,0,0
1.2397,3,0,0,0,0,0,0,0,0,0,0
1.2397,4,0,0,0,0,0,0,0,0,0,0
1.2397,5,0,0,0,0,0,0,0,0,0,0
1.2899,0,-0.000259725,-0.0442824,2.06096,0,0,-0.000103726,2.06144,0,0,0
1.2899,1,2.99974,-0.0442824,2.0611,-5.58656e-16,6.81368e-17,-0.000116369,3.63986,0,0,0
1.2899,2,2.99974,2.95572,2.06085,2.37758e-21,8.00296e-21,-9.21465e-05,4.68848,0,0,0
1.2899,3,0,0,0,0,0,0,0,0,0,0
1.2899,4,0,0,0,0,0,0,0,0,0,0
1.2899,5,0,0,0,0,0,0,0,0,0,0
1.34172,0,-0.000259725,-0.0442824,2.06095,0,0,-0.000103565,2.06144,0,0,0
1.34172,1,2.99974,-0.0442824,2.06109,-5.51374e-16,5.35772e-17,-0.000115787,3.63985,0,0,0
1.34172,2,2.99974,2.95572,2.06085,-3.81294e-21,4.18343e-21,-9.15375e-05,4.68848,0,0,0
1.34172,3,0,0,0,0,0,0,0,0,0,0
1.34172,4,0,0,0,0,0,0,0,0,0,0
1.34172,5,0,0,0,0,0,0,0,0,0,0
1.3944,0,-0.000259725,-0.0442824,2.06095,0,0,-0.000103307,2.06143,0,0,0
1.3944,1,2.99974,-0.0442824,2.06108,-5.58972e-16,5.00221e-17,-0.000115355,3.63985,0,0,0
1.3944,2,2.99974,2.95572,2.06084,-1.29861e-20,-5.99477e-21,-9.09141e-05,4.68848,0,0,0
1.3944,3,0,0,0,0,0,0,0,0,0,0
1.3944,4,0,0,0,0,0,0,0,0,0,0
1.3944,5,0,0,0,0,0,0,0,0,0,0
1.44461,0,-0.000259725,-0.0442824,2.06094,0,0,-0.000102834,2.06143,0,0,0
1.44461,1,2.99974,-0.0442824,2.06108,-5.58972e-16,5.00221e-17,-0.000115355,3.63984,0,0,0
1.44461,2,2.99974,2.95572,2.06084,-1.58806e-20,-7.86411e-21,-9.03724e-05,4.68848,0,0,0
1.44461,3,0,0,0,0,0,0,0,0,0,0
1.44461,4,0,0,0,0,0,0,0,0,0,0
1.44461,5,0,0,0,0,0,0,0,0,0,0
1.49478,0,-0.000259725,-0.0442824,2.06093,0,0,-0.000102333,2.06142,0,0,0
1.49478,1,2.99974,-0.0442824,2.06107,-5.5161e-16,1.05779e-17,-0.000114457,3.63984,0,0,0
1.49478,2,2.99974,2.95572,2.06083,-1.62713e-20,-7.05997e-21,-8.98364e-05,4.68847,0,0,0
1.49478,3,0,0,0,0,0,0,0,0,0,0
1.49478,4,0,0,0,0,0,0,0,0,0,0
1.49478,5,0,0,0,0,0,0,0,0,0,0
1.55566,0,-0.000259725,-0.0442824,2.06093,0,0,-0.000101623,2.06142,0,0,0
1.55566,1,2.99974,-0.0442824,2.06107,-5.41344e-16,-2.98353e-17,-0.000114396,3.63984,0,0,0
1.55566,2,2.99974,2.95572,2.06083,-1.28819e-20,-3.13018e-21,-8.92362e-05,4.68847,0,0,0
1.55566,3,0,0,0,0,0,0,0,0,0,0
1.55566,4,0,0,0,0,0,0,0,0,0,0
1.55566,5,0,0,0,0,0,0,0,0,0,0
1.61099,0,-0.000259725,-0.0442824,2.06093,0,0,-0.000101266,2.06141,0,0,0
1.61099,1,2.99974,-0.0442824,2.06106,-5.50077e-16,-3.84875e-17,-0.000114303,3.63984,0,0,0
1.61099,2,2.99974,2.95572,2.06082,-7.40737e-21,2.09926e-21,-8.89146e-05,4.68847,0,0,0
1.61099,3,0,0,0,0,0,0,0,0,0,0
1.61099,4,0,0,0,0,0,0,0,0,0,0
1.61099,5,0,0,0,0,0,0,0,0,0,0
1.66113,0,-0.000259725,-0.0442824,2.06092,0,0,-0.00010095,2.06141,0,0,0
1.66113,1,2.99974,-0.0442824,2.06106,-5.44741e-16,-8.67833e-17,-0.0001139,3.63983,0,0,0
1.66113,2,2.99974,2.95572,2.06082,-1.84824e-21,4.11382e-21,-8.83837e-05,4.68847,0,0,0
1.66113,3,0,0,0,0,0,0,0,0,0,0
1.66113,4,0,0,0,0,0,0,0,0,0,0
1.66113,5,0,0,0,0,0,0,0,0,0,0
1.71185,0,-0.000259725,-0.0442824,2.06091,0,0,-0.000100613,2.0614,0,0,0
1.71185,1,2.99974,-0.0442824,2.06105,-5.386e-16,-1.0941e-16,-0.000113491,3.63983,0,0,0
1.71185,2,2.99974,2.95572,2.06082,5.04685e-21,2.70155e-21,-8.80191e-05,4.68847,0,0,0
1.71185,3,0,0,0,0,0,0,0,0,0,0
1.71185,4,0,0,0,0,0,0,0,0,0,0
1.71185,5,0,0,0,0,0,0,0,0,0,0
1.76201,0,-0.000259725,-0.0442824,2.06091,0,0,-0.000100086,2.0614,0,0,0
1.76201,1,2.99974,-0.0442824,2.06105,-5.4271e-16,-1.16422e-16,-0.000113423,3.63983,0,0,0
1.76201,2,2.99974,2.95572,2.06081,7.5805e-21,-2.51206e-22,-8.76226e-05,4.68846,0,0,0
1.76201,3,0,0,0,0,0,0,0,0,0,0
1.76201,4,0,0,0,0,0,0,0,0,0,0
1.76201,5,0,0,0,0,0,0,0,0,0,0
1.81731,0,-0.000259725,-0.0442824,2.0609,0,0,-9.96469e-05,2.06139,0,0,0
1.81731,1,2.99974,-0.0442824,2.06104,-5.5246e-16,-1.03113e-16,-0.000113353,3.63983,0,0,0
1.81731,2,2.99974,2.95572,2.06081,9.59814e-21,-7.36054e-22,-8.72921e-05,4.68846,0,0,0
1.81731,3,0,0,0,0,0,0,0,0,0,0
1.81731,4,0,0,0,0,0,0,0,0,0,0
1.81731,5,0,0,0,0,0,0,0,0,0,0
1.86749,0,-0.000259725,-0.0442824,2.0609,0,0,-9.9235e-05,2.06139,0,0,0
1.86749,1,2.99974,-0.0442824,2.06103,-5.5541e-16,-1.08024e-16,-0.000113103,3.63982,0,0,0
1.86749,2,2.99974,2.95572,2.0608,9.08836e-21,-5.57028e-22,-8.69219e-05,4.68846,0,0,0
1.86749,3,0,0,0,0,0,0,0,0,0,0
1.86749,4,0,0,0,0,0,0,0,0,0,0
1.86749,5,0,0,0,0,0,0,0,0,0,0
1.91767,0,-0.000259725,-0.0442824,2.06089,0,0,-9.85042e-05,2.06138,0,0,0
1.91767,1,2.99974,-0.0442824,2.06103,-5.56654e-16,-1.11175e-16,-0.000112867,3.63982,0,0,0
1.91767,2,2.99974,2.95572,2.0608,8.75238e-21,-1.37121e-21,-8.64988e-05,4.68846,0,0,0
1.91767,3,0,0,0,0,0,0,0,0,0,0
1.91767,4,0,0,0,0,0,0,0,0,0,0
1.91767,5,0,0,0,0,0,0,0,0,0,0
1.96784,0,-0.000259725,-0.0442824,2.06089,0,0,-9.76968e-05,2.06138,0,0,0
1.96784,1,2.99974,-0.0442824,2.06103,-5.64046e-16,-9.36536e-17,-0.000112605,3.63982,0,0,0
1.96784,2,2.99974,2.95572,2.06079,7.07632e-21,-5.59726e-21,-8.59852e-05,4.68845,0,0,0
1.96784,3,0,0,0,0,0,0,0,0,0,0
1.96784,4,0,0,0,0,0,0,0,0,0,0
1.96784,5,0,0,0,0,0,0,0,0,0,0
2.01807,0,-0.000259725,-0.0442824,2.06088,0,0,-9.70323e-05,2.06136,0,0,0
2.01807,1,2.99974,-0.0442824,2.06102,-5.74597e-16,-5.17146e-17,-0.000113942,3.63982,0,0,0
2.01807,2,2.99974,2.95572,2.06079,3.37781e-21,-6.64013e-21,-8.55962e-05,4.68845,0,0,0
2.01807,3,0,0,0,0,0,0,0,0,0,0
2.01807,4,0,0,0,0,0,0,0,0,0,0
2.01807,5,0,0,0,0,0,0,0,0,0,0
2.06826,0,-0.000259725,-0.0442824,2.06088,0,0,-9.6477e-05,2.06136,0,0,0
2.06826,1,2.99974,-0.0442824,2.06101,-5.85557e-16,-3.48126e-17,-0.000114135,3.63981,0,0,0
2.06826,2,2.99974,2.95572,2.06078,2.3295e-21,-1.98439e-21,-8.52675e-05,4.68845,0,0,0
2.06826,3,0,0,0,0,0,0,0,0,0,0
2.06826,4,0,0,0,0,0,0,0,0,0,0
2.06826,5,0,0,0,0,0,0,0,0,0,0
2.11997,0,-0.000259725,-0.0442824,2.06087,0,0,-9.59812e-05,2.06136,0,0,0
2.11997,1,2.99974,-0.0442824,2.06101,-5.79509e-16,-2.66103e-17,-0.000114226,3.63981,0,0,0
2.11997,2,2.99974,2.95572,2.06078,-2.22022e-21,2.76453e-21,-8.49376e-05,4.68845,0,0,0
2.11997,3,0,0,0,0,0,0,0,0,0,0
2.11997,4,0,0,0,0,0,0,0,0,0,0
2.11997,5,0,0,0,0,0,0,0,0,0,0
2.17195,0,-0.000259725,-0.0442824,2.06087,0,0,-9.53136e-05,2.06136,0,0,0
2.17195,1,2.99974,-0.0442824,2.061,-5.97609e-16,9.98079e-18,-0.000114169,3.6398,0,0,0
2.17195,2,2.99974,2.95572,2.06078,-3.66524e-21,1.06962e-21,-8.45678e-05,4.68845,0,0,0
2.17195,3,0,0,0,0,0,0,0,0,0,0
2.17195,4,0,0,0,0,0,0,0,0,0,0
2.17195,5,0,0,0,0,0,0,0,0,0,0
2.22215,0,-0.000259725,-0.0442824,2.06086,0,0,-9.46667e-05,2.06135,0,0,0
2.22215,1,2.99974,-0.0442824,2.061,-6.00075e-16,1.15371e-17,-0.000114,3.6398,0,0,0
2.22215,2,2.99974,2.95572,2.06077,9.64772e-22,-2.49706e-21,-8.41301e-05,4.68845,0,0,0
2.22215,3,0,0,0,0,0,0,0,0,0,0
2.22215,4,0,0,0,0,0,0,0,0,0,0
2.22215,5,0,0,0,0,0,0,0,0,0,0
2.27531,0,-0.000259725,-0.0442824,2.06086,0,0,-9.41748e-05,2.06135,0,0,0
2.27531,1,2.99974,-0.0442824,2.06099,-5.92948e-16,2.26831e-17,-0.000113584,3.6398,0,0,0
2.27531,2,2.99974,2.95572,2.06077,3.93903e-21,-3.06369e-21,-8.37183e-05,4.68844,0,0,0
2.27531,3,0,0,0,0,0,0,0,0,0,0
2.27531,4,0,0,0,0,0,0,0,0,0,0
2.27531,5,0,0,0,0,0,0,0,0,0,0
2.327,0,-0.000259725,-0.0442824,2.06086,0,0,-9.37304e-05,2.06134,0,0,0
2.327,1,2.99974,-0.0442824,2.06099,-6.08382e-16,6.40201e-17,-0.000112931,3.6398,0,0,0
2.327,2,2.99974,2.95572,2.06076,2.76977e-21,-1.27944e-21,-8.33706e-05,4.68844,0,0,0
2.327,3,0,0,0,0,0,0,0,0,0,0
2.327,4,0,0,0,0,0,0,0,0,0,0
2.327,5,0,0,0,0,0,0,0,0,0,0
2.37972,0,-0.000259725,-0.0442824,2.06085,0,0,-9.32552e-05,2.06134,0,0,0
2.37972,1,2.99974,-0.0442824,2.06098,-6.16581e-16,8.76935e-17,-0.000112507,3.63979,0,0,0
2.37972,2,2.99974,2.95572,2.06076,5.60236e-23,1.03644e-21,-8.30514e-05,4.68844,0,0,0
2.37972,3,0,0,0,0,0,0,0,0,0,0
2.37972,4,0,0,0,0,0,0,0,0,0,0
2.37972,5,0,0,0,0,0,0,0,0,0,0
2.43302,0,-0.000259725,-0.0442824,2.06085,0,0,-9.27929e-05,2.06133,0,0,0
2.43302,1,2.99974,-0.0442824,2.06097,-6.17648e-16,9.36198e-17,-0.000111542,3.63979,0,0,0
2.43302,2,2.99974,2.95572,2.06075,-5.99506e-21,-3.62492e-22,-8.26724e-05,4.68844,0,0,0
2.43302,3,0,0,0,0,0,0,0,0,0,0
2.43302,4,0,0,0,0,0,0,0,0,0,0
2.43302,5,0,0,0,0,0,0,0,0,0,0
2.48316,0,-0.000259725,-0.0442824,2.06084,0,0,-9.23448e-05,2.06133,0,0,0
2.48316,1,2.99974,-0.0442824,2.06096,-6.08599e-16,8.38087e-17,-0.000110357,3.63978,0,0,0
2.48316,2,2.99974,2.95572,2.06075,-1.21969e-20,-2.86169e-21,-8.23741e-05,4.68843,0,0,0
2.48316,3,0,0,0,0,0,0,0,0,0,0
2.48316,4,0,0,0,0,0,0,0,0,0,0
2.48316,5,0,0,0,0,0,0,0,0,0,0
2.53331,0,-0.000259725,-0.0442824,2.06084,0,0,-9.1912e-05,2.06132,0,0,0
2.53331,1,2.99974,-0.0442824,2.06096,-6.11653e-16,1.12893e-16,-0.000107643,3.63978,0,0,0
2.53331,2,2.99974,2.95572,2.06075,-1.11828e-20,-4.54777e-21,-8.19669e-05,4.68843,0,0,0
2.53331,3,0,0,0,0,0,0,0,0,0,0
2.53331,4,0,0,0,0,0,0,0,0,0,0
2.53331,5,0,0,0,0,0,0,0,0,0,0
2.58358,0,-0.000259725,-0.0442824,2.06083,0,0,-9.14982e-05,2.06132,0,0,0
2.58358,1,2.99974,-0.0442824,2.06095,-6.12444e-16,1.19084e-16,-0.000106071,3.63977,0,0,0
2.58358,2,2.99974,2.95572,2.06074,-8.18959e-21,-1.16994e-21,-8.1617e-05,4.68843,0,0,0
2.58358,3,0,0,0,0,0,0,0,0,0,0
2.58358,4,0,0,0,0,0,0,0,0,0,0
2.58358,5,0,0,0,0,0,0,0,0,0,0
2.6339,0,-0.000259725,-0.0442824,2.06083,0,0,-9.10374e-05,2.06131,0,0,0
2.6339,1,2.99974,-0.0442824,2.06095,-6.14757e-16,1.23753e-16,-0.000104699,3.63977,0,0,0
2.6339,2,2.99974,2.95572,2.06074,-3.71738e-21,2.97665e-21,-8.13398e-05,4.68843,0,0,0
2.6339,3,0,0,0,0,0,0,0,0,0,0
2.6339,4,0,0,0,0,0,0,0,0,0,0
2.6339,5,0,0,0,0,0,0,0,0,0,0
2.68913,0,-0.000259725,-0.0442824,2.06082,0,0,-9.05838e-05,2.06131,0,0,0
2.68913,1,2.99974,-0.0442824,2.06094,-6.1548e-16,1.30011e-16,-0.000103401,3.63977,0,0,0
2.68913,2,2.99974,2.95572,2.06073,3.2716e-22,2.97171e-21,-8.08323e-05,4.68843,0,0,0
2.68913,3,0,0,0,0,0,0,0,0,0,0
2.68913,4,0,0,0,0,0,0,0,0,0,0
2.68913,5,0,0,0,0,0,0,0,0,0,0
2.74208,0,-0.000259725,-0.0442824,2.06082,0,0,-9.02417e-05,2.0613,0,0,0
2.74208,1,2.99974,-0.0442824,2.06094,-6.17737e-16,1.34739e-16,-0.000102356,3.63977,0,0,0
2.74208,2,2.99974,2.95572,2.06073,5.28949e-22,-1.99373e-21,-8.04238e-05,4.68843,0,0,0
2.74208,3,0,0,0,0,0,0,0,0,0,0
2.74208,4,0,0,0,0,0,0,0,0,0,0
2.74208,5,0,0,0,0,0,0,0,0,0,0
2.79222,0,-0.000259725,-0.0442824,2.06081,0,0,-8.98835e-05,2.0613,0,0,0
2.79222,1,2.99974,-0.0442824,2.06093,-6.08333e-16,1.25782e-16,-0.00010181,3.63976,0,0,0
2.79222,2,2.99974,2.95572,2.06073,8.37099e-22,-3.86145e-21,-8.00609e-05,4.68842,0,0,0
2.79222,3,0,0,0,0,0,0,0,0,0,0
2.79222,4,0,0,0,0,0,0,0,0,0,0
2.79222,5,0,0,0,0,0,0,0,0,0,0
2.84237,0,-0.000259725,-0.0442824,2.06081,0,0,-8.93952e-05,2.06129,0,0,0
2.84237,1,2.99974,-0.0442824,2.06093,-6.02079e-16,1.38042e-16,-0.000100475,3.63976,0,0,0
2.84237,2,2.99974,2.95572,2.06072,4.89816e-21,-3.08651e-22,-7.95748e-05,4.68842,0,0,0
2.84237,3,0,0,0,0,0,0,0,0,0,0
2.84237,4,0,0,0,0,0,0,0,0,0,0
2.84237,5,0,0,0,0,0,0,0,0,0,0
2.89328,0,-0.000259725,-0.0442824,2.0608,0,0,-8.8736e-05,2.06129,0,0,0
2.89328,1,2.99974,-0.0442824,2.06092,-5.94153e-16,1.51976e-16,-9.89433e-05,3.63976,0,0,0
2.89328,2,2.99974,2.95572,2.06072,8.60006e-21,3.36524e-21,-7.91865e-05,4.68842,0,0,0
2.89328,3,0,0,0,0,0,0,0,0,0,0
2.89328,4,0,0,0,0,0,0,0,0,0,0
2.89328,5,0,0,0,0,0,0,0,0,0,0
2.94868,0,-0.000259725,-0.0442824,2.0608,0,0,-8.81198e-05,2.06128,0,0,0
2.94868,1,2.99974,-0.0442824,2.06092,-5.93225e-16,1.58909e-16,-9.78298e-05,3.63976,0,0,0
2.94868,2,2.99974,2.95572,2.06071,5.91523e-21,3.04402e-21,-7.8822e-05,4.68842,0,0,0
2.94868,3,0,0,0,0,0,0,0,0,0,0
2.94868,4,0,0,0,0,0,0,0,0,0,0
2.94868,5,0,0,0,0,0,0,0,0,0,0
2.9993,0,-0.000259725,-0.0442824,2.0608,0,0,-8.75918e-05,2.06128,0,0,0
2.9993,1,2.99974,-0.0442824,2.06091,-5.85575e-16,1.47156e-16,-9.69574e-05,3.63975,0,0,0
2.9993,2,2.99974,2.95572,2.06071,-1.18972e-22,-3.30478e-22,-7.83859e-05,4.68842,0,0,0
2.9993,3,0,0,0,0,0,0,0,0,0,0
2.9993,4,0,0,0,0,0,0,0,0,0,0
2.9993,5,0,0,0,0,0,0,0,0,0,0
3.04969,0,-0.000259725,-0.0442824,2.06079,0,0,-8.70824e-05,2.06127,0,0,0
3.04969,1,2.99974,-0.0442824,2.06091,-5.76784e-16,1.6121e-16,-9.61421e-05,3.63975,0,0,0
3.04969,2,2.99974,2.95572,2.06071,4.34304e-22,4.86947e-22,-7.80398e-05,4.68842,0,0,0
3.04969,3,0,0,0,0,0,0,0,0,0,0
3.04969,4,0,0,0,0,0,0,0,0,0,0
3.04969,5,0,0,0,0,0,0,0,0,0,0
3.10041,0,-0.000259725,-0.0442824,2.06079,0,0,-8.64019e-05,2.06127,0,0,0
3.10041,1,2.99974,-0.0442824,2.0609,-5.75407e-16,1.68099e-16,-9.53967e-05,3.63974,0,0,0
3.10041,2,2.99974,2.95572,2.0607,4.88722e-21,1.92606e-21,-7.76943e-05,4.68841,0,0,0
3.10041,3,0,0,0,0,0,0,0,0,0,0
3.10041,4,0,0,0,0,0,0,0,0,0,0
3.10041,5,0,0,0,0,0,0,0,0,0,0
3.15333,0,-0.000259725,-0.0442824,2.06078,0,0,-8.56656e-05,2.06126,0,0,0
3.15333,1,2.99974,-0.0442824,2.0609,-5.75747e-16,1.72771e-16,-9.47714e-05,3.63974,0,0,0
3.15333,2,2.99974,2.95572,2.0607,8.1272e-21,1.86547e-21,-7.7355e-05,4.68841,0,0,0
3.15333,3,0,0,0,0,0,0,0,0,0,0
3.15333,4,0,0,0,0,0,0,0,0,0,0
3.15333,5,0,0,0,0,0,0,0,0,0,0
3.20388,0,-0.000259725,-0.0442824,2.06078,0,0,-8.50199e-05,2.06125,0,0,0
3.20388,1,2.99974,-0.0442824,2.06089,-5.6674e-16,1.59868e-16,-9.42375e-05,3.63974,0,0,0
3.20388,2,2.99974,2.95572,2.06069,5.16315e-21,1.73835e-21,-7.69249e-05,4.68841,0,0,0
3.20388,3,0,0,0,0,0,0,0,0,0,0
3.20388,4,0,0,0,0,0,0,0,0,0,0
3.20388,5,0,0,0,0,0,0,0,0,0,0
3.25406,0,-0.000259725,-0.0442824,2.06077,0,0,-8.46595e-05,2.06125,0,0,0
3.25406,1,2.99974,-0.0442824,2.06089,-5.5107e-16,1.52661e-16,-9.40902e-05,3.63974,0,0,0
3.25406,2,2.99974,2.95572,2.06069,9.16455e-22,6.28611e-21,-7.654e-05,4.68841,0,0,0
3.25406,3,0,0,0,0,0,0,0,0,0,0
3.25406,4,0,0,0,0,0,0,0,0,0,0
3.25406,5,0,0,0,0,0,0,0,0,0,0
3.30422,0,-0.000259725,-0.0442824,2.06077,0,0,-8.41061e-05,2.06125,0,0,0
3.30422,1,2.99974,-0.0442824,2.06088,-5.50487e-16,1.56277e-16,-9.3813e-05,3.63973,0,0,0
3.30422,2,2.99974,2.95572,2.06069,-2.56736e-23,6.82917e-21,-7.61187e-05,4.68841,0,0,0
3.30422,3,0,0,0,0,0,0,0,0,0,0
3.30422,4,0,0,0,0,0,0,0,0,0,0
3.30422,5,0,0,0,0,0,0,0,0,0,0
3.35713,0,-0.000259725,-0.0442824,2.06076,0,0,-8.35145e-05,2.06124,0,0,0
3.35713,1,2.99974,-0.0442824,2.06088,-5.2685e-16,1.04331e-16,-9.32491e-05,3.63973,0,0,0
3.35713,2,2.99974,2.95572,2.06068,-2.55221e-23,4.49188e-21,-7.56696e-05,4.68841,0,0,0
3.35713,3,0,0,0,0,0,0,0,0,0,0
3.35713,4,0,0,0,0,0,0,0,0,0,0
3.35713,5,0,0,0,0,0,0,0,0,0,0
3.40762,0,-0.000259725,-0.0442824,2.06076,0,0,-8.3037e-05,2.06124,0,0,0
3.40762,1,2.99974,-0.0442824,2.06087,-5.17222e-16,6.22792e-17,-9.29333e-05,3.63973,0,0,0
3.40762,2,2.99974,2.95572,2.06068,3.93371e-22,1.30701e-21,-7.52448e-05,4.6884,0,0,0
3.40762,3,0,0,0,0,0,0,0,0,0,0
3.40762,4,0,0,0,0,0,0,0,0,0,0
3.40762,5,0,0,0,0,0,0,0,0,0,0
3.45779,0,-0.000259725,-0.0442824,2.06076,0,0,-8.25779e-05,2.06124,0,0,0
3.45779,1,2.99974,-0.0442824,2.06087,-5.16121e-16,3.55859e-17,-9.27343e-05,3.63973,0,0,0
3.45779,2,2.99974,2.95572,2.06067,1.52752e-21,-3.40851e-22,-7.48577e-05,4.6884,0,0,0
3.45779,3,0,0,0,0,0,0,0,0,0,0
3.45779,4,0,0,0,0,0,0,0,0,0,0
3.45779,5,0,0,0,0,0,0,0,0,0,0
3.50794,0,-0.000259725,-0.0442824,2.06075,0,0,-8.2179e-05,2.06123,0,0,0
3.50794,1,2.99974,-0.0442824,2.06086,-5.14225e-16,3.44153e-17,-9.25491e-05,3.63972,0,0,0
3.50794,2,2.99974,2.95572,2.06067,2.98747e-21,-5.52305e-22,-7.44324e-05,4.6884,0,0,0
3.50794,3,0,0,0,0,0,0,0,0,0,0
3.50794,4,0,0,0,0,0,0,0,0,0,0
3.50794,5,0,0,0,0,0,0,0,0,0,0
3.55826,0,-0.000259725,-0.0442824,2.06075,0,0,-8.17957e-05,2.06123,0,0,0
3.55826,1,2.99974,-0.0442824,2.06086,-5.12424e-16,3.32992e-17,-9.18917e-05,3.63972,0,0,0
3.55826,2,2.99974,2.95572,2.06067,4.38882e-21,-2.38822e-21,-7.41441e-05,4.6884,0,0,0
3.55826,3,0,0,0,0,0,0,0,0,0,0
3.55826,4,0,0,0,0,0,0,0,0,0,0
3.55826,5,0,0,0,0,0,0,0,0,0,0
3.61357,0,-0.000259725,-0.0442824,2.06074,0,0,-8.14028e-05,2.06122,0,0,0
3.61357,1,2.99974,-0.0442824,2.06086,-5.10625e-16,3.21822e-17,-9.21228e-05,3.63972,0,0,0
3.61357,2,2.99974,2.95572,2.06066,4.61072e-21,-6.10206e-21,-7.36937e-05,4.6884,0,0,0
3.61357,3,0,0,0,0,0,0,0,0,0,0
3.61357,4,0,0,0,0,0,0,0,0,0,0
3.61357,5,0,0,0,0,0,0,0,0,0,0
3.66376,0,-0.000259725,-0.0442824,2.06074,0,0,-8.10209e-05,2.06122,0,0,0
3.66376,1,2.99974,-0.0442824,2.06085,-5.08826e-16,3.10665e-17,-9.13395e-05,3.63972,0,0,0
3.66376,2,2.99974,2.95572,2.06066,4.21035e-21,-9.69244e-21,-7.32149e-05,4.6884,0,0,0
3.66376,3,0,0,0,0,0,0,0,0,0,0
3.66376,4,0,0,0,0,0,0,0,0,0,0
3.66376,5,0,0,0,0,0,0,0,0,0,0
3.7142,0,-0.000259725,-0.0442824,2.06074,0,0,-8.04857e-05,2.06121,0,0,0
3.7142,1,2.99974,-0.0442824,2.06084,-5.07028e-16,2.99509e-17,-9.2051e-05,3.63971,0,0,0
3.7142,2,2.99974,2.95572,2.06066,1.80464e-21,-9.24415e-21,-7.2796e-05,4.68839,0,0,0
3.7142,3,0,0,0,0,0,0,0,0,0,0
3.7142,4,0,0,0,0,0,0,0,0,0,0
3.7142,5,0,0,0,0,0,0,0,0,0,0
3.76587,0,-0.000259725,-0.0442824,2.06073,0,0,-8.02077e-05,2.06121,0,0,0
3.76587,1,2.99974,-0.0442824,2.06084,-5.05228e-16,2.88353e-17,-9.05576e-05,3.63971,0,0,0
3.76587,2,2.99974,2.95572,2.06065,-1.88411e-21,-7.51197e-21,-7.25473e-05,4.68839,0,0,0
3.76587,3,0,0,0,0,0,0,0,0,0,0
3.76587,4,0,0,0,0,0,0,0,0,0,0
3.76587,5,0,0,0,0,0,0,0,0,0,0
3.8161,0,-0.000259725,-0.0442824,2.06073,0,0,-7.98945e-05,2.0612,0,0,0
3.8161,1,2.99974,-0.0442824,2.06084,-5.03422e-16,2.77196e-17,-8.99231e-05,3.63971,0,0,0
3.8161,2,2.99974,2.95572,2.06065,-3.83219e-21,-5.36022e-21,-7.19111e-05,4.68839,0,0,0
3.8161,3,0,0,0,0,0,0,0,0,0,0
3.8161,4,0,0,0,0,0,0,0,0,0,0
3.8161,5,0,0,0,0,0,0,0,0,0,0
3.86671,0,-0.000259725,-0.0442824,2.06072,0,0,-7.95541e-05,2.0612,0,0,0
3.86671,1,2.99974,-0.0442824,2.06083,-5.02318e-16,3.24705e-20,-8.94117e-05,3.63971,0,0,0
3.86671,2,2.99974,2.95572,2.06064,-4.65076e-21,-5.95201e-21,-7.14451e-05,4.68839,0,0,0
3.86671,3,0,0,0,0,0,0,0,0,0,0
3.86671,4,0,0,0,0,0,0,0,0,0,0
3.86671,5,0,0,0,0,0,0,0,0,0,0
3.91848,0,-0.000259725,-0.0442824,2.06072,0,0,-7.91347e-05,2.0612,0,0,0
3.91848,1,2.99974,-0.0442824,2.06083,-5.00518e-16,-2.08026e-18,-8.8931e-05,3.6397,0,0,0
3.91848,2,2.99974,2.95572,2.06064,-6.01242e-21,-5.8687e-21,-7.10201e-05,4.68839,0,0,0
3.91848,3,0,0,0,0,0,0,0,0,0,0
3.91848,4,0,0,0,0,0,0,0,0,0,0
3.91848,5,0,0,0,0,0,0,0,0,0,0
3.96865,0,-0.000259725,-0.0442824,2.06072,0,0,-7.87159e-05,2.0612,0,0,0
3.96865,1,2.99974,-0.0442824,2.06082,-4.98727e-16,-4.1927e-18,-8.84887e-05,3.6397,0,0,0
3.96865,2,2.99974,2.95572,2.06064,-5.29874e-21,-3.4412e-21,-7.06071e-05,4.68839,0,0,0
3.96865,3,0,0,0,0,0,0,0,0,0,0
3.96865,4,0,0,0,0,0,0,0,0,0,0
3.96865,5,0,0,0,0,0,0,0,0,0,0
4.01929,0,-0.000259725,-0.0442824,2.06071,0,0,-7.83433e-05,2.06119,0,0,0
4.01929,1,2.99974,-0.0442824,2.06082,-4.92062e-16,-2.73201e-17,-8.83526e-05,3.6397,0,0,0
4.01929,2,2.99974,2.95572,2.06063,-5.06943e-21,-1.72929e-21,-7.02346e-05,4.68838,0,0,0
4.01929,3,0,0,0,0,0,0,0,0,0,0
4.01929,4,0,0,0,0,0,0,0,0,0,0
4.01929,5,0,0,0,0,0,0,0,0,0,0
4.06989,0,-0.000259725,-0.0442824,2.06071,0,0,-7.80364e-05,2.06119,0,0,0
4.06989,1,2.99974,-0.0442824,2.06081,-4.90069e-16,-3.02238e-17,-8.77867e-05,3.6397,0,0,0
4.06989,2,2.99974,2.95572,2.06063,-6.38504e-21,9.66003e-22,-6.98554e-05,4.68838,0,0,0
4.06989,3,0,0,0,0,0,0,0,0,0,0
4.06989,4,0,0,0,0,0,0,0,0,0,0
4.06989,5,0,0,0,0,0,0,0,0,0,0
4.12261,0,-0.000259725,-0.0442824,2.0607,0,0,-7.7544e-05,2.06118,0,0,0
4.12261,1,2.99974,-0.0442824,2.06081,-4.792e-16,-5.01293e-17,-8.77877e-05,3.63969,0,0,0
4.12261,2,2.99974,2.95572,2.06063,-7.93167e-21,2.36312e-21,-6.93699e-05,4.68838,0,0,0
4.12261,3,0,0,0,0,0,0,0,0,0,0
4.12261,4,0,0,0,0,0,0,0,0,0,0
4.12261,5,0,0,0,0,0,0,0,0,0,0
4.17282,0,-0.000259725,-0.0442824,2.0607,0,0,-7.71457e-05,2.06118,0,0,0
4.17282,1,2.99974,-0.0442824,2.06081,-4.76743e-16,-5.38609e-17,-8.75905e-05,3.63969,0,0,0
4.17282,2,2.99974,2.95572,2.06062,-8.38672e-21,1.80297e-21,-6.89751e-05,4.68838,0,0,0
4.17282,3,0,0,0,0,0,0,0,0,0,0
4.17282,4,0,0,0,0,0,0,0,0,0,0
4.17282,5,0,0,0,0,0,0,0,0,0,0
4.22303,0,-0.000259725,-0.0442824,2.0607,0,0,-7.67707e-05,2.06117,0,0,0
4.22303,1,2.99974,-0.0442824,2.0608,-4.67337e-16,-7.62409e-17,-8.7384e-05,3.63969,0,0,0
4.22303,2,2.99974,2.95572,2.06062,-6.30029e-21,9.26513e-22,-6.86747e-05,4.68838,0,0,0
4.22303,3,0,0,0,0,0,0,0,0,0,0
4.22303,4,0,0,0,0,0,0,0,0,0,0
4.22303,5,0,0,0,0,0,0,0,0,0,0
4.27324,0,-0.000259725,-0.0442824,2.06069,0,0,-7.64997e-05,2.06117,0,0,0
4.27324,1,2.99974,-0.0442824,2.0608,-4.73286e-16,-6.37067e-17,-8.71623e-05,3.63969,0,0,0
4.27324,2,2.99974,2.95572,2.06062,-6.30029e-21,9.26513e-22,-6.86747e-05,4.68838,0,0,0
4.27324,3,0,0,0,0,0,0,0,0,0,0
4.27324,4,0,0,0,0,0,0,0,0,0,0
4.27324,5,0,0,0,0,0,0,0,0,0,0
4.32348,0,-0.000259725,-0.0442824,2.06069,0,0,-7.60691e-05,2.06116,0,0,0
4.32348,1,2.99974,-0.0442824,2.06079,-4.71012e-16,-6.73246e-17,-8.69504e-05,3.63968,0,0,0
4.32348,2,2.99974,2.95572,2.06062,-5.90427e-21,-1.95658e-22,-6.82472e-05,4.68837,0,0,0
4.32348,3,0,0,0,0,0,0,0,0,0,0
4.32348,4,0,0,0,0,0,0,0,0,0,0
4.32348,5,0,0,0,0,0,0,0,0,0,0
4.37705,0,-0.000259725,-0.0442824,2.06068,0,0,-7.573e-05,2.06116,0,0,0
4.37705,1,2.99974,-0.0442824,2.06079,-4.68253e-16,-7.14605e-17,-8.67074e-05,3.63968,0,0,0
4.37705,2,2.99974,2.95572,2.06061,-4.64129e-21,1.72911e-21,-6.74551e-05,4.68837,0,0,0
4.37705,3,0,0,0,0,0,0,0,0,0,0
4.37705,4,0,0,0,0,0,0,0,0,0,0
4.37705,5,0,0,0,0,0,0,0,0,0,0
4.42983,0,-0.000259725,-0.0442824,2.06068,0,0,-7.5326e-05,2.06116,0,0,0
4.42983,1,2.99974,-0.0442824,2.06078,-4.74957e-16,-5.81793e-17,-8.64174e-05,3.63968,0,0,0
4.42983,2,2.99974,2.95572,2.06061,2.37262e-21,6.34539e-21,-6.54374e-05,4.68837,0,0,0
4.42983,3,0,0,0,0,0,0,0,0,0,0
4.42983,4,0,0,0,0,0,0,0,0,0,0
4.42983,5,0,0,0,0,0,0,0,0,0,0
4.47998,0,-0.000259725,-0.0442824,2.06068,0,0,-7.49804e-05,2.06116,0,0,0
4.47998,1,2.99974,-0.0442824,2.06078,-4.73028e-16,-6.11484e-17,-8.61028e-05,3.63968,0,0,0
4.47998,2,2.99974,2.95572,2.0606,4.22401e-21,6.61907e-21,-6.45548e-05,4.68837,0,0,0
4.47998,3,0,0,0,0,0,0,0,0,0,0
4.47998,4,0,0,0,0,0,0,0,0,0,0
4.47998,5,0,0,0,0,0,0,0,0,0,0
4.53098,0,-0.000259725,-0.0442824,2.06067,0,0,-7.46151e-05,2.06115,0,0,0
4.53098,1,2.99974,-0.0442824,2.06077,-4.62228e-16,-8.1114e-17,-8.57777e-05,3.63967,0,0,0
4.53098,2,2.99974,2.95572,2.0606,6.13053e-21,3.90916e-21,-6.45691e-05,4.68837,0,0,0
4.53098,3,0,0,0,0,0,0,0,0,0,0
4.53098,4,0,0,0,0,0,0,0,0,0,0
4.53098,5,0,0,0,0,0,0,0,0,0,0
4.58114,0,-0.000259725,-0.0442824,2.06067,0,0,-7.42194e-05,2.06115,0,0,0
4.58114,1,2.99974,-0.0442824,2.06077,-4.68823e-16,-6.77346e-17,-8.54336e-05,3.63967,0,0,0
4.58114,2,2.99974,2.95572,2.0606,8.17355e-21,1.20487e-21,-6.43652e-05,4.68837,0,0,0
4.58114,3,0,0,0,0,0,0,0,0,0,0
4.58114,4,0,0,0,0,0,0,0,0,0,0
4.58114,5,0,0,0,0,0,0,0,0,0,0
4.63127,0,-0.000259725,-0.0442824,2.06067,0,0,-7.38683e-05,2.06114,0,0,0
4.63127,1,2.99974,-0.0442824,2.06077,-4.69336e-16,-4.72868e-17,-8.5068e-05,3.63967,0,0,0
4.63127,2,2.99974,2.95572,2.06059,8.69539e-21,-7.65364e-22,-6.30335e-05,4.68836,0,0,0
4.63127,3,0,0,0,0,0,0,0,0,0,0
4.63127,4,0,0,0,0,0,0,0,0,0,0
4.63127,5,0,0,0,0,0,0,0,0,0,0
4.68142,0,-0.000259725,-0.0442824,2.06066,0,0,-7.35157e-05,2.06114,0,0,0
4.68142,1,2.99974,-0.0442824,2.06076,-4.67512e-16,-4.93747e-17,-8.46513e-05,3.63967,0,0,0
4.68142,2,2.99974,2.95572,2.06059,7.50676e-21,-9.22259e-22,-6.35902e-05,4.68836,0,0,0
4.68142,3,0,0,0,0,0,0,0,0,0,0
4.68142,4,0,0,0,0,0,0,0,0,0,0
4.68142,5,0,0,0,0,0,0,0,0,0,0
4.73419,0,-0.000259725,-0.0442824,2.06066,0,0,-7.31734e-05,2.06113,0,0,0
4.73419,1,2.99974,-0.0442824,2.06076,-4.65688e-16,-5.14622e-17,-8.40401e-05,3.63966,0,0,0
4.73419,2,2.99974,2.95572,2.06059,7.35603e-21,-6.64831e-22,-6.35851e-05,4.68836,0,0,0
4.73419,3,0,0,0,0,0,0,0,0,0,0
4.73419,4,0,0,0,0,0,0,0,0,0,0
4.73419,5,0,0,0,0,0,0,0,0,0,0
4.78433,0,-0.000259725,-0.0442824,2.06065,0,0,-7.27759e-05,2.06113,0,0,0
4.78433,1,2.99974,-0.0442824,2.06075,-4.70936e-16,-3.47579e-17,-8.3473e-05,3.63966,0,0,0
4.78433,2,2.99974,2.95572,2.06059,7.35603e-21,-6.64831e-22,-6.35851e-05,4.68836,0,0,0
4.78433,3,0,0,0,0,0,0,0,0,0,0
4.78433,4,0,0,0,0,0,0,0,0,0,0
4.78433,5,0,0,0,0,0,0,0,0,0,0
4.83487,0,-0.000259725,-0.0442824,2.06065,0,0,-7.23712e-05,2.06113,0,0,0
4.83487,1,2.99974,-0.0442824,2.06075,-4.69391e-16,-3.61318e-17,-8.25784e-05,3.63966,0,0,0
4.83487,2,2.99974,2.95572,2.06058,5.73782e-21,9.98806e-22,-6.3007e-05,4.68836,0,0,0
4.83487,3,0,0,0,0,0,0,0,0,0,0
4.83487,4,0,0,0,0,0,0,0,0,0,0
4.83487,5,0,0,0,0,0,0,0,0,0,0
4.89193,0,-0.000259725,-0.0442824,2.06065,0,0,-7.20255e-05,2.06113,0,0,0
4.89193,1,2.99974,-0.0442824,2.06074,-4.67766e-16,-3.75728e-17,-8.18044e-05,3.63966,0,0,0
4.89193,2,2.99974,2.95572,2.06058,1.99807e-21,-3.95451e-22,-6.17085e-05,4.68836,0,0,0
4.89193,3,0,0,0,0,0,0,0,0,0,0
4.89193,4,0,0,0,0,0,0,0,0,0,0
4.89193,5,0,0,0,0,0,0,0,0,0,0
4.94212,0,-0.000259725,-0.0442824,2.06064,0,0,-7.16459e-05,2.06112,0,0,0
4.94212,1,2.99974,-0.0442824,2.06074,-4.75091e-16,-2.19306e-17,-8.09507e-05,3.63965,0,0,0
4.94212,2,2.99974,2.95572,2.06057,9.0862e-22,-1.61074e-21,-6.12259e-05,4.68836,0,0,0
4.94212,3,0,0,0,0,0,0,0,0,0,0
4.94212,4,0,0,0,0,0,0,0,0,0,0
4.94212,5,0,0,0,0,0,0,0,0,0,0
4.99254,0,-0.000259725,-0.0442824,2.06064,0,0,-7.13376e-05,2.06112,0,0,0
4.99254,1,2.99974,-0.0442824,2.06074,-4.73885e-16,-2.26538e-17,-8.08436e-05,3.63965,0,0,0
4.99254,2,2.99974,2.95572,2.06057,9.0862e-22,-1.61074e-21,-6.12259e-05,4.68836,0,0,0
4.99254,3,0,0,0,0,0,0,0,0,0,0
4.99254,4,0,0,0,0,0,0,0,0,0,0
4.99254,5,0,0,0,0,0,0,0,0,0,0
5.0508,0,-0.000259725,-0.0442824,2.06064,0,0,-7.10878e-05,2.06111,0,0,0
5.0508,1,2.99974,-0.0442824,2.06073,-4.72682e-16,-2.33771e-17,-8.03153e-05,3.63965,0,0,0
5.0508,2,2.99974,2.95572,2.06056,2.51488e-21,-2.70194e-21,-6.16222e-05,4.68835,0,0,0
5.0508,3,0,0,0,0,0,0,0,0,0,0
5.0508,4,0,0,0,0,0,0,0,0,0,0
5.0508,5,0,0,0,0,0,0,0,0,0,0
5.10395,0,-0.000259725,-0.0442824,2.06063,0,0,-7.06664e-05,2.06111,0,0,0
5.10395,1,2.99974,-0.0442824,2.06073,-4.71475e-16,-2.41e-17,-8.11895e-05,3.63965,0,0,0
5.10395,2,2.99974,2.95572,2.06056,2.51488e-21,-2.70194e-21,-6.16222e-05,4.68835,0,0,0
5.10395,3,0,0,0,0,0,0,0,0,0,0
5.10395,4,0,0,0,0,0,0,0,0,0,0
5.10395,5,0,0,0,0,0,0,0,0,0,0
5.15707,0,-0.000259725,-0.0442824,2.06063,0,0,-7.03037e-05,2.06111,0,0,0
5.15707,1,2.99974,-0.0442824,2.06072,-4.70264e-16,-2.48228e-17,-8.07627e-05,3.63964,0,0,0
5.15707,2,2.99974,2.95572,2.06056,1.33387e-21,-1.96517e-21,-6.0378e-05,4.68835,0,0,0
5.15707,3,0,0,0,0,0,0,0,0,0,0
5.15707,4,0,0,0,0,0,0,0,0,0,0
5.15707,5,0,0,0,0,0,0,0,0,0,0
5.2096,0,-0.000259725,-0.0442824,2.06063,0,0,-6.97787e-05,2.06111,0,0,0
5.2096,1,2.99974,-0.0442824,2.06072,-4.69057e-16,-2.55448e-17,-7.99581e-05,3.63964,0,0,0
5.2096,2,2.99974,2.95572,2.06056,-1.24849e-21,-1.67136e-21,-5.97033e-05,4.68835,0,0,0
5.2096,3,0,0,0,0,0,0,0,0,0,0
5.2096,4,0,0,0,0,0,0,0,0,0,0
5.2096,5,0,0,0,0,0,0,0,0,0,0
5.25979,0,-0.000259725,-0.0442824,2.06062,0,0,-6.94083e-05,2.0611,0,0,0
5.25979,1,2.99974,-0.0442824,2.06072,-4.67859e-16,-2.62675e-17,-7.93609e-05,3.63964,0,0,0
5.25979,2,2.99974,2.95572,2.06056,1.104e-22,-3.70343e-21,-5.95132e-05,4.68835,0,0,0
5.25979,3,0,0,0,0,0,0,0,0,0,0
5.25979,4,0,0,0,0,0,0,0,0,0,0
5.25979,5,0,0,0,0,0,0,0,0,0,0
5.31069,0,-0.000259725,-0.0442824,2.06062,0,0,-6.88678e-05,2.0611,0,0,0
5.31069,1,2.99974,-0.0442824,2.06071,-4.66597e-16,-2.70269e-17,-7.89628e-05,3.63964,0,0,0
5.31069,2,2.99974,2.95572,2.06055,2.68118e-21,-5.42239e-21,-5.93236e-05,4.68835,0,0,0
5.31069,3,0,0,0,0,0,0,0,0,0,0
5.31069,4,0,0,0,0,0,0,0,0,0,0
5.31069,5,0,0,0,0,0,0,0,0,0,0
5.36667,0,-0.000259725,-0.0442824,2.06061,0,0,-6.84984e-05,2.06109,0,0,0
5.36667,1,2.99974,-0.0442824,2.06071,-4.65399e-16,-2.77502e-17,-7.85249e-05,3.63963,0,0,0
5.36667,2,2.99974,2.95572,2.06055,5.05339e-21,-2.14296e-21,-5.91031e-05,4.68835,0,0,0
5.36667,3,0,0,0,0,0,0,0,0,0,0
5.36667,4,0,0,0,0,0,0,0,0,0,0
5.36667,5,0,0,0,0,0,0,0,0,0,0
5.41683,0,-0.000259725,-0.0442824,2.06061,0,0,-6.80757e-05,2.06109,0,0,0
5.41683,1,2.99974,-0.0442824,2.0607,-4.64077e-16,-2.85458e-17,-7.81294e-05,3.63963,0,0,0
5.41683,2,2.99974,2.95572,2.06055,3.76398e-21,-7.84576e-22,-5.88903e-05,4.68834,0,0,0
5.41683,3,0,0,0,0,0,0,0,0,0,0
5.41683,4,0,0,0,0,0,0,0,0,0,0
5.41683,5,0,0,0,0,0,0,0,0,0,0
5.46746,0,-0.000259725,-0.0442824,2.06061,0,0,-6.77368e-05,2.06109,0,0,0
5.46746,1,2.99974,-0.0442824,2.0607,-4.62875e-16,-2.92695e-17,-7.77545e-05,3.63963,0,0,0
5.46746,2,2.99974,2.95572,2.06054,-8.32111e-22,-2.89258e-21,-5.87405e-05,4.68834,0,0,0
5.46746,3,0,0,0,0,0,0,0,0,0,0
5.46746,4,0,0,0,0,0,0,0,0,0,0
5.46746,5,0,0,0,0,0,0,0,0,0,0
5.51763,0,-0.000259725,-0.0442824,2.0606,0,0,-6.73521e-05,2.06109,0,0,0
5.51763,1,2.99974,-0.0442824,2.0607,-4.66116e-16,-3.45334e-17,-7.73515e-05,3.63963,0,0,0
5.51763,2,2.99974,2.95572,2.06054,-4.36274e-21,-2.6216e-21,-5.86619e-05,4.68834,0,0,0
5.51763,3,0,0,0,0,0,0,0,0,0,0
5.51763,4,0,0,0,0,0,0,0,0,0,0
5.51763,5,0,0,0,0,0,0,0,0,0,0
5.57121,0,-0.000259725,-0.0442824,2.0606,0,0,-6.69869e-05,2.06108,0,0,0
5.57121,1,2.99974,-0.0442824,2.06069,-4.59477e-16,-5.57331e-17,-7.70511e-05,3.63963,0,0,0
5.57121,2,2.99974,2.95572,2.06054,-4.25154e-21,-1.23304e-21,-5.84931e-05,4.68834,0,0,0
5.57121,3,0,0,0,0,0,0,0,0,0,0
5.57121,4,0,0,0,0,0,0,0,0,0,0
5.57121,5,0,0,0,0,0,0,0,0,0,0
5.62141,0,-0.000259725,-0.0442824,2.0606,0,0,-6.66218e-05,2.06108,0,0,0
5.62141,1,2.99974,-0.0442824,2.06069,-4.58213e-16,-5.7395e-17,-7.67617e-05,3.63963,0,0,0
5.62141,2,2.99974,2.95572,2.06054,-3.87552e-21,-7.86909e-22,-5.8327e-05,4.68834,0,0,0
5.62141,3,0,0,0,0,0,0,0,0,0,0
5.62141,4,0,0,0,0,0,0,0,0,0,0
5.62141,5,0,0,0,0,0,0,0,0,0,0
5.67227,0,-0.000259725,-0.0442824,2.06059,0,0,-6.62473e-05,2.06107,0,0,0
5.67227,1,2.99974,-0.0442824,2.06068,-4.56957e-16,-5.90562e-17,-7.64352e-05,3.63962,0,0,0
5.67227,2,2.99974,2.95572,2.06053,-3.10044e-21,1.09889e-21,-5.81797e-05,4.68834,0,0,0
5.67227,3,0,0,0,0,0,0,0,0,0,0
5.67227,4,0,0,0,0,0,0,0,0,0,0
5.67227,5,0,0,0,0,0,0,0,0,0,0
5.72824,0,-0.000259725,-0.0442824,2.06059,0,0,-6.56816e-05,2.06107,0,0,0
5.72824,1,2.99974,-0.0442824,2.06068,-4.64988e-16,-7.00009e-17,-7.61034e-05,3.63962,0,0,0
5.72824,2,2.99974,2.95572,2.06053,-1.68738e-21,4.35989e-21,-5.78366e-05,4.68834,0,0,0
5.72824,3,0,0,0,0,0,0,0,0,0,0
5.72824,4,0,0,0,0,0,0,0,0,0,0
5.72824,5,0,0,0,0,0,0,0,0,0,0
5.77996,0,-0.000259725,-0.0442824,2.06059,0,0,-6.52623e-05,2.06107,0,0,0
5.77996,1,2.99974,-0.0442824,2.06068,-4.65616e-16,-7.36922e-17,-7.57703e-05,3.63962,0,0,0
5.77996,2,2.99974,2.95572,2.06052,-3.1725e-21,1.83365e-21,-5.75294e-05,4.68834,0,0,0
5.77996,3,0,0,0,0,0,0,0,0,0,0
5.77996,4,0,0,0,0,0,0,0,0,0,0
5.77996,5,0,0,0,0,0,0,0,0,0,0
5.83142,0,-0.000259725,-0.0442824,2.06058,0,0,-6.49035e-05,2.06107,0,0,0
5.83142,1,2.99974,-0.0442824,2.06067,-4.78125e-16,-6.32323e-17,-7.52288e-05,3.63961,0,0,0
5.83142,2,2.99974,2.95572,2.06052,-7.61784e-22,-4.72499e-22,-5.71795e-05,4.68833,0,0,0
5.83142,3,0,0,0,0,0,0,0,0,0,0
5.83142,4,0,0,0,0,0,0,0,0,0,0
5.83142,5,0,0,0,0,0,0,0,0,0,0
5.88276,0,-0.000259725,-0.0442824,2.06058,0,0,-6.44829e-05,2.06106,0,0,0
5.88276,1,2.99974,-0.0442824,2.06067,-4.70714e-16,-8.36739e-17,-7.47197e-05,3.63961,0,0,0
5.88276,2,2.99974,2.95572,2.06052,-7.61784e-22,-4.72499e-22,-5.71795e-05,4.68833,0,0,0
5.88276,3,0,0,0,0,0,0,0,0,0,0
5.88276,4,0,0,0,0,0,0,0,0,0,0
5.88276,5,0,0,0,0,0,0,0,0,0,0
5.93291,0,-0.000259725,-0.0442824,2.06058,0,0,-6.40891e-05,2.06106,0,0,0
5.93291,1,2.99974,-0.0442824,2.06066,-4.70094e-16,-8.59604e-17,-7.4295e-05,3.63961,0,0,0
5.93291,2,2.99974,2.95572,2.06052,1.42042e-21,9.59744e-22,-5.69103e-05,4.68833,0,0,0
5.93291,3,0,0,0,0,0,0,0,0,0,0
5.93291,4,0,0,0,0,0,0,0,0,0,0
5.93291,5,0,0,0,0,0,0,0,0,0,0
5.98486,0,-0.000259725,-0.0442824,2.06057,0,0,-6.37176e-05,2.06105,0,0,0
5.98486,1,2.99974,-0.0442824,2.06066,-4.78344e-16,-7.12471e-17,-7.39004e-05,3.63961,0,0,0
5.98486,2,2.99974,2.95572,2.06051,5.61621e-22,8.59566e-21,-5.64452e-05,4.68833,0,0,0
5.98486,3,0,0,0,0,0,0,0,0,0,0
5.98486,4,0,0,0,0,0,0,0,0,0,0
5.98486,5,0,0,0,0,0,0,0,0,0,0
6.03756,0,-0.000259725,-0.0442824,2.06057,0,0,-6.34743e-05,2.06105,0,0,0
6.03756,1,2.99974,-0.0442824,2.06066,-4.79862e-16,-7.47715e-17,-7.35145e-05,3.6396,0,0,0
6.03756,2,2.99974,2.95572,2.06051,-2.28381e-21,8.14022e-21,-5.61925e-05,4.68833,0,0,0
6.03756,3,0,0,0,0,0,0,0,0,0,0
6.03756,4,0,0,0,0,0,0,0,0,0,0
6.03756,5,0,0,0,0,0,0,0,0,0,0
6.08772,0,-0.000259725,-0.0442824,2.06057,0,0,-6.30823e-05,2.06105,0,0,0
6.08772,1,2.99974,-0.0442824,2.06065,-4.8845e-16,-5.96492e-17,-7.31369e-05,3.6396,0,0,0
6.08772,2,2.99974,2.95572,2.06051,-3.54557e-21,5.95957e-21,-5.59157e-05,4.68833,0,0,0
6.08772,3,0,0,0,0,0,0,0,0,0,0
6.08772,4,0,0,0,0,0,0,0,0,0,0
6.08772,5,0,0,0,0,0,0,0,0,0,0
6.13791,0,-0.000259725,-0.0442824,2.06056,0,0,-6.26244e-05,2.06105,0,0,0
6.13791,1,2.99974,-0.0442824,2.06065,-4.84461e-16,-8.24824e-17,-7.27176e-05,3.6396,0,0,0
6.13791,2,2.99974,2.95572,2.06051,-3.54557e-21,5.95957e-21,-5.59157e-05,4.68832,0,0,0
6.13791,3,0,0,0,0,0,0,0,0,0,0
6.13791,4,0,0,0,0,0,0,0,0,0,0
6.13791,5,0,0,0,0,0,0,0,0,0,0
6.18923,0,-0.000259725,-0.0442824,2.06056,0,0,-6.21121e-05,2.06104,0,0,0
6.18923,1,2.99974,-0.0442824,2.06065,-4.93415e-16,-6.74614e-17,-7.22649e-05,3.6396,0,0,0
6.18923,2,2.99974,2.95572,2.0605,-4.62003e-21,1.0246e-21,-5.5233e-05,4.68832,0,0,0
6.18923,3,0,0,0,0,0,0,0,0,0,0
6.18923,4,0,0,0,0,0,0,0,0,0,0
6.18923,5,0,0,0,0,0,0,0,0,0,0
6.2421,0,-0.000259725,-0.0442824,2.06056,0,0,-6.17271e-05,2.06104,0,0,0
6.2421,1,2.99974,-0.0442824,2.06064,-5.03327e-16,-7.82933e-17,-7.18376e-05,3.63959,0,0,0
6.2421,2,2.99974,2.95572,2.0605,-5.12247e-21,1.8804e-21,-5.49275e-05,4.68832,0,0,0
6.2421,3,0,0,0,0,0,0,0,0,0,0
6.2421,4,0,0,0,0,0,0,0,0,0,0
6.2421,5,0,0,0,0,0,0,0,0,0,0
6.29278,0,-0.000259725,-0.0442824,2.06056,0,0,-6.13466e-05,2.06103,0,0,0
6.29278,1,2.99974,-0.0442824,2.06064,-5.0564e-16,-8.15752e-17,-7.14492e-05,3.63959,0,0,0
6.29278,2,2.99974,2.95572,2.06049,-4.41672e-21,1.74271e-21,-5.46764e-05,4.68832,0,0,0
6.29278,3,0,0,0,0,0,0,0,0,0,0
6.29278,4,0,0,0,0,0,0,0,0,0,0
6.29278,5,0,0,0,0,0,0,0,0,0,0
6.34764,0,-0.000259725,-0.0442824,2.06055,0,0,-6.10892e-05,2.06103,0,0,0
6.34764,1,2.99974,-0.0442824,2.06064,-5.15108e-16,-6.62913e-17,-7.11125e-05,3.63959,0,0,0
6.34764,2,2.99974,2.95572,2.06049,-1.53288e-21,-5.78273e-22,-5.44287e-05,4.68832,0,0,0
6.34764,3,0,0,0,0,0,0,0,0,0,0
6.34764,4,0,0,0,0,0,0,0,0,0,0
6.34764,5,0,0,0,0,0,0,0,0,0,0
6.40286,0,-0.000259725,-0.0442824,2.06055,0,0,-6.0667e-05,2.06103,0,0,0
6.40286,1,2.99974,-0.0442824,2.06063,-5.07292e-16,-8.43159e-17,-7.07747e-05,3.63959,0,0,0
6.40286,2,2.99974,2.95572,2.06049,9.2274e-22,-2.47587e-21,-5.41744e-05,4.68832,0,0,0
6.40286,3,0,0,0,0,0,0,0,0,0,0
6.40286,4,0,0,0,0,0,0,0,0,0,0
6.40286,5,0,0,0,0,0,0,0,0,0,0
6.45556,0,-0.000259725,-0.0442824,2.06055,0,0,-6.03218e-05,2.06103,0,0,0
6.45556,1,2.99974,-0.0442824,2.06063,-5.1689e-16,-6.89563e-17,-7.03988e-05,3.63959,0,0,0
6.45556,2,2.99974,2.95572,2.06049,8.18394e-22,-4.0556e-21,-5.39207e-05,4.68832,0,0,0
6.45556,3,0,0,0,0,0,0,0,0,0,0
6.45556,4,0,0,0,0,0,0,0,0,0,0
6.45556,5,0,0,0,0,0,0,0,0,0,0
6.50572,0,-0.000259725,-0.0442824,2.06054,0,0,-6.00159e-05,2.06102,0,0,0
6.50572,1,2.99974,-0.0442824,2.06062,-5.2864e-16,-5.50959e-17,-7.0018e-05,3.63959,0,0,0
6.50572,2,2.99974,2.95572,2.06048,-1.38519e-21,-4.84364e-21,-5.36851e-05,4.68832,0,0,0
6.50572,3,0,0,0,0,0,0,0,0,0,0
6.50572,4,0,0,0,0,0,0,0,0,0,0
6.50572,5,0,0,0,0,0,0,0,0,0,0
6.55845,0,-0.000259725,-0.0442824,2.06054,0,0,-5.95943e-05,2.06102,0,0,0
6.55845,1,2.99974,-0.0442824,2.06062,-5.24795e-16,-7.59087e-17,-6.96707e-05,3.63958,0,0,0
6.55845,2,2.99974,2.95572,2.06048,-8.75542e-22,-4.93733e-21,-5.3523e-05,4.68832,0,0,0
6.55845,3,0,0,0,0,0,0,0,0,0,0
6.55845,4,0,0,0,0,0,0,0,0,0,0
6.55845,5,0,0,0,0,0,0,0,0,0,0
6.6112,0,-0.000259725,-0.0442824,2.06054,0,0,-5.92264e-05,2.06102,0,0,0
6.6112,1,2.99974,-0.0442824,2.06062,-5.34944e-16,-6.00785e-17,-6.9296e-05,3.63958,0,0,0
6.6112,2,2.99974,2.95572,2.06048,-8.73029e-22,-5.39118e-21,-5.33694e-05,4.68832,0,0,0
6.6112,3,0,0,0,0,0,0,0,0,0,0
6.6112,4,0,0,0,0,0,0,0,0,0,0
6.6112,5,0,0,0,0,0,0,0,0,0,0
6.66136,0,-0.000259725,-0.0442824,2.06053,0,0,-5.88959e-05,2.06101,0,0,0
6.66136,1,2.99974,-0.0442824,2.06061,-5.2947e-16,-7.94479e-17,-6.88846e-05,3.63958,0,0,0
6.66136,2,2.99974,2.95572,2.06048,-3.2459e-21,-6.96573e-21,-5.3023e-05,4.68831,0,0,0
6.66136,3,0,0,0,0,0,0,0,0,0,0
6.66136,4,0,0,0,0,0,0,0,0,0,0
6.66136,5,0,0,0,0,0,0,0,0,0,0
6.71175,0,-0.000259725,-0.0442824,2.06053,0,0,-5.85627e-05,2.06101,0,0,0
6.71175,1,2.99974,-0.0442824,2.06061,-5.39675e-16,-6.37027e-17,-6.8525e-05,3.63958,0,0,0
6.71175,2,2.99974,2.95572,2.06047,-5.77593e-21,-6.79363e-21,-5.29362e-05,4.68831,0,0,0
6.71175,3,0,0,0,0,0,0,0,0,0,0
6.71175,4,0,0,0,0,0,0,0,0,0,0
6.71175,5,0,0,0,0,0,0,0,0,0,0
6.7626,0,-0.000259725,-0.0442824,2.06053,0,0,-5.82994e-05,2.061,0,0,0
6.7626,1,2.99974,-0.0442824,2.06061,-5.34271e-16,-8.31241e-17,-6.81227e-05,3.63958,0,0,0
6.7626,2,2.99974,2.95572,2.06047,-1.66941e-21,-3.81832e-21,-5.2655e-05,4.68831,0,0,0
6.7626,3,0,0,0,0,0,0,0,0,0,0
6.7626,4,0,0,0,0,0,0,0,0,0,0
6.7626,5,0,0,0,0,0,0,0,0,0,0
6.81539,0,-0.000259725,-0.0442824,2.06053,0,0,-5.80738e-05,2.061,0,0,0
6.81539,1,2.99974,-0.0442824,2.0606,-5.44534e-16,-6.7455e-17,-6.77896e-05,3.63958,0,0,0
6.81539,2,2.99974,2.95572,2.06047,2.78394e-21,-2.43042e-21,-5.24064e-05,4.68831,0,0,0
6.81539,3,0,0,0,0,0,0,0,0,0,0
6.81539,4,0,0,0,0,0,0,0,0,0,0
6.81539,5,0,0,0,0,0,0,0,0,0,0
6.86555,0,-0.000259725,-0.0442824,2.06052,0,0,-5.78618e-05,2.061,0,0,0
6.86555,1,2.99974,-0.0442824,2.0606,-5.46263e-16,-6.81366e-17,-6.73479e-05,3.63957,0,0,0
6.86555,2,2.99974,2.95572,2.06046,3.10946e-21,-1.67365e-22,-5.22331e-05,4.68831,0,0,0
6.86555,3,0,0,0,0,0,0,0,0,0,0
6.86555,4,0,0,0,0,0,0,0,0,0,0
6.86555,5,0,0,0,0,0,0,0,0,0,0
6.91843,0,-0.000259725,-0.0442824,2.06052,0,0,-5.75329e-05,2.061,0,0,0
6.91843,1,2.99974,-0.0442824,2.0606,-5.47985e-16,-6.88184e-17,-6.69625e-05,3.63957,0,0,0
6.91843,2,2.99974,2.95572,2.06046,1.62947e-21,3.25894e-21,-5.19481e-05,4.68831,0,0,0
6.91843,3,0,0,0,0,0,0,0,0,0,0
6.91843,4,0,0,0,0,0,0,0,0,0,0
6.91843,5,0,0,0,0,0,0,0,0,0,0
6.96959,0,-0.000259725,-0.0442824,2.06052,0,0,-5.72667e-05,2.06099,0,0,0
6.96959,1,2.99974,-0.0442824,2.06059,-5.49708e-16,-6.95011e-17,-6.65957e-05,3.63957,0,0,0
6.96959,2,2.99974,2.95572,2.06046,8.36818e-22,3.06833e-21,-5.16887e-05,4.68831,0,0,0
6.96959,3,0,0,0,0,0,0,0,0,0,0
6.96959,4,0,0,0,0,0,0,0,0,0,0
6.96959,5,0,0,0,0,0,0,0,0,0,0
7.01986,0,-0.000259725,-0.0442824,2.06051,0,0,-5.6896e-05,2.06099,0,0,0
7.01986,1,2.99974,-0.0442824,2.06059,-5.60307e-16,-5.31898e-17,-6.62255e-05,3.63957,0,0,0
7.01986,2,2.99974,2.95572,2.06046,3.89794e-21,2.31793e-21,-5.14783e-05,4.68831,0,0,0
7.01986,3,0,0,0,0,0,0,0,0,0,0
7.01986,4,0,0,0,0,0,0,0,0,0,0
7.01986,5,0,0,0,0,0,0,0,0,0,0
7.08131,0,-0.000259725,-0.0442824,2.06051,0,0,-5.66724e-05,2.06099,0,0,0
7.08131,1,2.99974,-0.0442824,2.06059,-5.62385e-16,-5.32232e-17,-6.58919e-05,3.63957,0,0,0
7.08131,2,2.99974,2.95572,2.06045,9.10884e-21,1.93584e-21,-5.12458e-05,4.6883,0,0,0
7.08131,3,0,0,0,0,0,0,0,0,0,0
7.08131,4,0,0,0,0,0,0,0,0,0,0
7.08131,5,0,0,0,0,0,0,0,0,0,0
7.13904,0,-0.000259725,-0.0442824,2.06051,0,0,-5.63038e-05,2.06099,0,0,0
7.13904,1,2.99974,-0.0442824,2.06058,-5.71851e-16,-3.47871e-17,-6.55195e-05,3.63957,0,0,0
7.13904,2,2.99974,2.95572,2.06045,1.04161e-20,4.24041e-21,-5.10031e-05,4.6883,0,0,0
7.13904,3,0,0,0,0,0,0,0,0,0,0
7.13904,4,0,0,0,0,0,0,0,0,0,0
7.13904,5,0,0,0,0,0,0,0,0,0,0
7.19284,0,-0.000259725,-0.0442824,2.0605,0,0,-5.61635e-05,2.06098,0,0,0
7.19284,1,2.99974,-0.0442824,2.06058,-5.74334e-16,-3.40839e-17,-6.51652e-05,3.63956,0,0,0
7.19284,2,2.99974,2.95572,2.06045,1.04161e-20,4.24041e-21,-5.10031e-05,4.6883,0,0,0
7.19284,3,0,0,0,0,0,0,0,0,0,0
7.19284,4,0,0,0,0,0,0,0,0,0,0
7.19284,5,0,0,0,0,0,0,0,0,0,0
7.24301,0,-0.000259725,-0.0442824,2.0605,0,0,-5.60897e-05,2.06098,0,0,0
7.24301,1,2.99974,-0.0442824,2.06058,-5.729e-16,-2.96119e-17,-6.48162e-05,3.63956,0,0,0
7.24301,2,2.99974,2.95572,2.06045,5.20109e-21,4.60129e-21,-5.08091e-05,4.6883,0,0,0
7.24301,3,0,0,0,0,0,0,0,0,0,0
7.24301,4,0,0,0,0,0,0,0,0,0,0
7.24301,5,0,0,0,0,0,0,0,0,0,0
7.29845,0,-0.000259725,-0.0442824,2.0605,0,0,-5.56645e-05,2.06098,0,0,0
7.29845,1,2.99974,-0.0442824,2.06057,-5.8238e-16,-1.02113e-17,-6.45933e-05,3.63956,0,0,0
7.29845,2,2.99974,2.95572,2.06045,-1.51147e-21,3.16811e-21,-5.06363e-05,4.6883,0,0,0
7.29845,3,0,0,0,0,0,0,0,0,0,0
7.29845,4,0,0,0,0,0,0,0,0,0,0
7.29845,5,0,0,0,0,0,0,0,0,0,0
7.35562,0,-0.000259725,-0.0442824,2.0605,0,0,-5.52926e-05,2.06098,0,0,0
7.35562,1,2.99974,-0.0442824,2.06057,-5.82878e-16,-6.69864e-18,-6.43383e-05,3.63956,0,0,0
7.35562,2,2.99974,2.95572,2.06044,-3.19201e-21,3.71976e-21,-5.04741e-05,4.6883,0,0,0
7.35562,3,0,0,0,0,0,0,0,0,0,0
7.35562,4,0,0,0,0,0,0,0,0,0,0
7.35562,5,0,0,0,0,0,0,0,0,0,0
7.40577,0,-0.000259725,-0.0442824,2.06049,0,0,-5.50572e-05,2.06097,0,0,0
7.40577,1,2.99974,-0.0442824,2.06057,-5.92346e-16,1.37782e-17,-6.40298e-05,3.63955,0,0,0
7.40577,2,2.99974,2.95572,2.06044,-5.24678e-22,2.99574e-21,-5.01807e-05,4.6883,0,0,0
7.40577,3,0,0,0,0,0,0,0,0,0,0
7.40577,4,0,0,0,0,0,0,0,0,0,0
7.40577,5,0,0,0,0,0,0,0,0,0,0
7.46416,0,-0.000259725,-0.0442824,2.06049,0,0,-5.47757e-05,2.06097,0,0,0
7.46416,1,2.99974,-0.0442824,2.06056,-5.95036e-16,1.60873e-17,-6.35396e-05,3.63955,0,0,0
7.46416,2,2.99974,2.95572,2.06044,9.91178e-22,1.46157e-21,-4.98087e-05,4.6883,0,0,0
7.46416,3,0,0,0,0,0,0,0,0,0,0
7.46416,4,0,0,0,0,0,0,0,0,0,0
7.46416,5,0,0,0,0,0,0,0,0,0,0
7.52493,0,-0.000259725,-0.0442824,2.06049,0,0,-5.45168e-05,2.06096,0,0,0
7.52493,1,2.99974,-0.0442824,2.06056,-6.00424e-16,2.07071e-17,-6.26364e-05,3.63955,0,0,0
7.52493,2,2.99974,2.95572,2.06044,2.59069e-21,-1.23246e-21,-4.97156e-05,4.6883,0,0,0
7.52493,3,0,0,0,0,0,0,0,0,0,0
7.52493,4,0,0,0,0,0,0,0,0,0,0
7.52493,5,0,0,0,0,0,0,0,0,0,0
7.59101,0,-0.000259725,-0.0442824,2.06048,0,0,-5.37281e-05,2.06096,0,0,0
7.59101,1,2.99974,-0.0442824,2.06055,-5.9405e-16,5.21253e-18,-6.2123e-05,3.63955,0,0,0
7.59101,2,2.99974,2.95572,2.06043,2.81455e-21,-1.10926e-21,-4.90869e-05,4.68829,0,0,0
7.59101,3,0,0,0,0,0,0,0,0,0,0
7.59101,4,0,0,0,0,0,0,0,0,0,0
7.59101,5,0,0,0,0,0,0,0,0,0,0
7.65878,0,-0.000259725,-0.0442824,2.06048,0,0,-5.32978e-05,2.06096,0,0,0
7.65878,1,2.99974,-0.0442824,2.06055,-5.9405e-16,5.21167e-18,-6.08493e-05,3.63955,0,0,0
7.65878,2,2.99974,2.95572,2.06043,2.58245e-21,9.86925e-23,-4.87684e-05,4.68829,0,0,0
7.65878,3,0,0,0,0,0,0,0,0,0,0
7.65878,4,0,0,0,0,0,0,0,0,0,0
7.65878,5,0,0,0,0,0,0,0,0,0,0
7.71694,0,-0.000259725,-0.0442824,2.06048,0,0,-5.29834e-05,2.06096,0,0,0
7.71694,1,2.99974,-0.0442824,2.06055,-5.96411e-16,6.8665e-18,-6.008e-05,3.63955,0,0,0
7.71694,2,2.99974,2.95572,2.06043,3.99904e-21,-5.71292e-22,-4.83945e-05,4.68829,0,0,0
7.71694,3,0,0,0,0,0,0,0,0,0,0
7.71694,4,0,0,0,0,0,0,0,0,0,0
7.71694,5,0,0,0,0,0,0,0,0,0,0
7.7723,0,-0.000259725,-0.0442824,2.06047,0,0,-5.25359e-05,2.06095,0,0,0
7.7723,1,2.99974,-0.0442824,2.06055,-5.99241e-16,8.8521e-18,-5.92748e-05,3.63954,0,0,0
7.7723,2,2.99974,2.95572,2.06042,3.11602e-21,-1.40463e-21,-4.78684e-05,4.68829,0,0,0
7.7723,3,0,0,0,0,0,0,0,0,0,0
7.7723,4,0,0,0,0,0,0,0,0,0,0
7.7723,5,0,0,0,0,0,0,0,0,0,0
7.82592,0,-0.000259725,-0.0442824,2.06047,0,0,-5.21762e-05,2.06095,0,0,0
7.82592,1,2.99974,-0.0442824,2.06054,-6.03951e-16,1.21603e-17,-5.86995e-05,3.63954,0,0,0
7.82592,2,2.99974,2.95572,2.06042,3.11602e-21,-1.40463e-21,-4.78684e-05,4.68829,0,0,0
7.82592,3,0,0,0,0,0,0,0,0,0,0
7.82592,4,0,0,0,0,0,0,0,0,0,0
7.82592,5,0,0,0,0,0,0,0,0,0,0
7.88132,0,-0.000259725,-0.0442824,2.06047,0,0,-5.17706e-05,2.06095,0,0,0
7.88132,1,2.99974,-0.0442824,2.06054,-6.06304e-16,1.38149e-17,-5.83544e-05,3.63954,0,0,0
7.88132,2,2.99974,2.95572,2.06042,6.35097e-22,-1.66411e-21,-4.76704e-05,4.68829,0,0,0
7.88132,3,0,0,0,0,0,0,0,0,0,0
7.88132,4,0,0,0,0,0,0,0,0,0,0
7.88132,5,0,0,0,0,0,0,0,0,0,0
7.93409,0,-0.000259725,-0.0442824,2.06047,0,0,-5.17696e-05,2.06095,0,0,0
7.93409,1,2.99974,-0.0442824,2.06054,-6.08775e-16,1.55523e-17,-5.8293e-05,3.63954,0,0,0
7.93409,2,2.99974,2.95572,2.06042,9.44771e-22,-9.44771e-22,-4.70777e-05,4.68829,0,0,0
7.93409,3,0,0,0,0,0,0,0,0,0,0
7.93409,4,0,0,0,0,0,0,0,0,0,0
7.93409,5,0,0,0,0,0,0,0,0,0,0
7.99415,0,-0.000259725,-0.0442824,2.06046,0,0,-5.13916e-05,2.06094,0,0,0
7.99415,1,2.99974,-0.0442824,2.06053,-6.11129e-16,1.72069e-17,-5.81579e-05,3.63954,0,0,0
7.99415,2,2.99974,2.95572,2.06041,1.01318e-21,-2.53294e-22,-4.69365e-05,4.68829,0,0,0
7.99415,3,0,0,0,0,0,0,0,0,0,0
7.99415,4,0,0,0,0,0,0,0,0,0,0
7.99415,5,0,0,0,0,0,0,0,0,0,0
8.04521,0,-0.000259725,-0.0442824,2.06046,0,0,-5.13916e-05,2.06094,0,0,0
8.04521,1,2.99974,-0.0442824,2.06053,-6.11106e-16,2.14419e-17,-5.78542e-05,3.63954,0,0,0
8.04521,2,2.99974,2.95572,2.06041,1.01318e-21,-2.53294e-22,-4.69365e-05,4.68828,0,0,0
8.04521,3,0,0,0,0,0,0,0,0,0,0
8.04521,4,0,0,0,0,0,0,0,0,0,0
8.04521,5,0,0,0,0,0,0,0,0,0,0
8.10094,0,-0.000259725,-0.0442824,2.06046,0,0,-5.11908e-05,2.06094,0,0,0
8.10094,1,2.99974,-0.0442824,2.06053,-6.09612e-16,2.73491e-17,-5.78033e-05,3.63953,0,0,0
8.10094,2,2.99974,2.95572,2.06041,9.1197e-22,4.08814e-22,-4.66185e-05,4.68828,0,0,0
8.10094,3,0,0,0,0,0,0,0,0,0,0
8.10094,4,0,0,0,0,0,0,0,0,0,0
8.10094,5,0,0,0,0,0,0,0,0,0,0
8.15174,0,-0.000259725,-0.0442824,2.06046,0,0,-5.08363e-05,2.06094,0,0,0
8.15174,1,2.99974,-0.0442824,2.06053,-6.2956e-16,6.40607e-17,-5.7824e-05,3.63953,0,0,0
8.15174,2,2.99974,2.95572,2.06041,4.29135e-22,-7.0222e-23,-4.62665e-05,4.68828,0,0,0
8.15174,3,0,0,0,0,0,0,0,0,0,0
8.15174,4,0,0,0,0,0,0,0,0,0,0
8.15174,5,0,0,0,0,0,0,0,0,0,0
8.23413,0,-0.000259725,-0.0442824,2.06045,0,0,-5.03996e-05,2.06093,0,0,0
8.23413,1,2.99974,-0.0442824,2.06052,-6.32348e-16,6.7249e-17,-5.7906e-05,3.63953,0,0,0
8.23413,2,2.99974,2.95572,2.06041,-7.52579e-22,-1.43533e-21,-4.60062e-05,4.68828,0,0,0
8.23413,3,0,0,0,0,0,0,0,0,0,0
8.23413,4,0,0,0,0,0,0,0,0,0,0
8.23413,5,0,0,0,0,0,0,0,0,0,0
8.29457,0,-0.000259725,-0.0442824,2.06045,0,0,-5.0204e-05,2.06093,0,0,0
8.29457,1,2.99974,-0.0442824,2.06052,-6.32348e-16,6.7249e-17,-5.7906e-05,3.63953,0,0,0
8.29457,2,2.99974,2.95572,2.0604,3.8668e-23,-4.06014e-21,-4.58583e-05,4.68828,0,0,0
8.29457,3,0,0,0,0,0,0,0,0,0,0
8.29457,4,0,0,0,0,0,0,0,0,0,0
8.29457,5,0,0,0,0,0,0,0,0,0,0
8.35773,0,-0.000259725,-0.0442824,2.06045,0,0,-5.0204e-05,2.06093,0,0,0
8.35773,1,2.99974,-0.0442824,2.06052,-6.34271e-16,7.33807e-17,-5.73049e-05,3.63953,0,0,0
8.35773,2,2.99974,2.95572,2.0604,1.46054e-22,-2.55979e-21,-4.55823e-05,4.68828,0,0,0
8.35773,3,0,0,0,0,0,0,0,0,0,0
8.35773,4,0,0,0,0,0,0,0,0,0,0
8.35773,5,0,0,0,0,0,0,0,0,0,0
8.42405,0,-0.000259725,-0.0442824,2.06045,0,0,-4.95204e-05,2.06093,0,0,0
8.42405,1,2.99974,-0.0442824,2.06051,-6.35899e-16,7.89214e-17,-5.70882e-05,3.63953,0,0,0
8.42405,2,2.99974,2.95572,2.0604,-2.74806e-22,7.93884e-22,-4.52647e-05,4.68828,0,0,0
8.42405,3,0,0,0,0,0,0,0,0,0,0
8.42405,4,0,0,0,0,0,0,0,0,0,0
8.42405,5,0,0,0,0,0,0,0,0,0,0
8.47929,0,-0.000259725,-0.0442824,2.06044,0,0,-4.9152e-05,2.06092,0,0,0
8.47929,1,2.99974,-0.0442824,2.06051,-6.30867e-16,6.52292e-17,-5.67819e-05,3.63952,0,0,0
8.47929,2,2.99974,2.95572,2.06039,-2.41449e-21,-7.14568e-22,-4.46021e-05,4.68828,0,0,0
8.47929,3,0,0,0,0,0,0,0,0,0,0
8.47929,4,0,0,0,0,0,0,0,0,0,0
8.47929,5,0,0,0,0,0,0,0,0,0,0
8.5446,0,-0.000259725,-0.0442824,2.06044,0,0,-4.88326e-05,2.06092,0,0,0
8.5446,1,2.99974,-0.0442824,2.06051,-6.29976e-16,7.11205e-17,-5.65935e-05,3.63952,0,0,0
8.5446,2,2.99974,2.95572,2.06039,-2.24938e-21,-4.64873e-22,-4.44609e-05,4.68828,0,0,0
8.5446,3,0,0,0,0,0,0,0,0,0,0
8.5446,4,0,0,0,0,0,0,0,0,0,0
8.5446,5,0,0,0,0,0,0,0,0,0,0
8.62423,0,-0.000259725,-0.0442824,2.06044,0,0,-4.86552e-05,2.06092,0,0,0
8.62423,1,2.99974,-0.0442824,2.06051,-6.32205e-16,7.38892e-17,-5.63483e-05,3.63952,0,0,0
8.62423,2,2.99974,2.95572,2.06039,-2.31887e-21,1.56579e-22,-4.42131e-05,4.68828,0,0,0
8.62423,3,0,0,0,0,0,0,0,0,0,0
8.62423,4,0,0,0,0,0,0,0,0,0,0
8.62423,5,0,0,0,0,0,0,0,0,0,0
8.68199,0,-0.000259725,-0.0442824,2.06043,0,0,-4.83475e-05,2.06091,0,0,0
8.68199,1,2.99974,-0.0442824,2.0605,-6.25259e-16,5.98757e-17,-5.64668e-05,3.63952,0,0,0
8.68199,2,2.99974,2.95572,2.06039,-1.97481e-21,1.08392e-21,-4.4023e-05,4.68827,0,0,0
8.68199,3,0,0,0,0,0,0,0,0,0,0
8.68199,4,0,0,0,0,0,0,0,0,0,0
8.68199,5,0,0,0,0,0,0,0,0,0,0
8.75643,0,-0.000259725,-0.0442824,2.06043,0,0,-4.80656e-05,2.06091,0,0,0
8.75643,1,2.99974,-0.0442824,2.0605,-6.28336e-16,8.67296e-17,-5.63725e-05,3.63952,0,0,0
8.75643,2,2.99974,2.95572,2.06039,-1.51944e-21,1.90298e-21,-4.37372e-05,4.68827,0,0,0
8.75643,3,0,0,0,0,0,0,0,0,0,0
8.75643,4,0,0,0,0,0,0,0,0,0,0
8.75643,5,0,0,0,0,0,0,0,0,0,0
8.81669,0,-0.000259725,-0.0442824,2.06043,0,0,-4.77105e-05,2.06091,0,0,0
8.81669,1,2.99974,-0.0442824,2.0605,-6.21398e-16,7.27687e-17,-5.58062e-05,3.63951,0,0,0
8.81669,2,2.99974,2.95572,2.06038,-1.08513e-21,4.1059e-22,-4.34767e-05,4.68827,0,0,0
8.81669,3,0,0,0,0,0,0,0,0,0,0
8.81669,4,0,0,0,0,0,0,0,0,0,0
8.81669,5,0,0,0,0,0,0,0,0,0,0
8.87947,0,-0.000259725,-0.0442824,2.06043,0,0,-4.75054e-05,2.06091,0,0,0
8.87947,1,2.99974,-0.0442824,2.0605,-6.21398e-16,7.27687e-17,-5.58062e-05,3.63951,0,0,0
8.87947,2,2.99974,2.95572,2.06038,-1.08513e-21,4.1059e-22,-4.34767e-05,4.68827,0,0,0
8.87947,3,0,0,0,0,0,0,0,0,0,0
8.87947,4,0,0,0,0,0,0,0,0,0,0
8.87947,5,0,0,0,0,0,0,0,0,0,0
8.94975,0,-0.000259725,-0.0442824,2.06042,0,0,-4.71618e-05,2.0609,0,0,0
8.94975,1,2.99974,-0.0442824,2.06049,-6.14132e-16,5.81599e-17,-5.51959e-05,3.69519,0,0,0
8.94975,2,2.99974,2.95572,2.06038,-3.21649e-22,-3.81592e-21,-4.33475e-05,4.68827,0,0,0
8.94975,3,0,0,0,0,0,0,0,0,0,0
8.94975,4,0,0,0,0,0,0,0,0,0,0
8.94975,5,0,0,0,0,0,0,0,0,0,0
9.02284,0,-0.000259725,-0.0442824,2.06043,0,0,-4.73472e-05,2.0609,0,0,0
9.02284,1,2.99974,-0.0442824,2.06049,-6.16894e-16,6.2036e-17,-5.47175e-05,3.69519,0,0,0
9.02284,2,2.99974,2.95572,2.06038,-1.02289e-21,-5.09985e-21,-4.33249e-05,4.68827,0,0,0
9.02284,3,0,0,0,0,0,0,0,0,0,0
9.02284,4,0,0,0,0,0,0,0,0,0,0
9.02284,5,0,0,0,0,0,0,0,0,0,0
9.10013,0,-0.000259725,-0.0442824,2.06042,0,0,-4.72233e-05,2.0609,0,0,0
9.10013,1,2.99974,-0.0442824,2.06049,-6.18152e-16,6.3798e-17,-5.4407e-05,3.69519,0,0,0
9.10013,2,2.99974,2.95572,2.06037,-2.81076e-21,-4.57835e-21,-4.29564e-05,4.68827,0,0,0
9.10013,3,0,0,0,0,0,0,0,0,0,0
9.10013,4,0,0,0,0,0,0,0,0,0,0
9.10013,5,0,0,0,0,0,0,0,0,0,0
9.15788,0,-0.000259725,-0.0442824,2.06042,0,0,-4.71371e-05,2.0609,0,0,0
9.15788,1,2.99974,-0.0442824,2.06049,-6.18152e-16,6.3798e-17,-5.4407e-05,3.69519,0,0,0
9.15788,2,2.99974,2.95572,2.06037,-2.81076e-21,-4.57835e-21,-4.29564e-05,4.68827,0,0,0
9.15788,3,0,0,0,0,0,0,0,0,0,0
9.15788,4,0,0,0,0,0,0,0,0,0,0
9.15788,5,0,0,0,0,0,0,0,0,0,0
9.21556,0,-0.000259725,-0.0442824,2.06042,0,0,-4.76958e-05,2.06089,0,0,0
9.21556,1,2.99974,-0.0442824,2.06048,-2.49958e-08,2.49979e-08,-5.40373e-05,3.69519,0,0,0
9.21556,2,2.99974,2.95572,2.06037,-4.71999e-21,8.34633e-22,-4.26651e-05,4.68827,0,0,0
9.21556,3,0,0,0,0,0,0,0,0,0,0
9.21556,4,0,0,0,0,0,0,0,0,0,0
9.21556,5,0,0,0,0,0,0,0,0,0,0
9.28255,0,-0.000259725,-0.0442824,2.06042,0,0,-4.76958e-05,2.06089,0,0,0
9.28255,1,2.99974,-0.0442824,2.0605,3.00275e-05,-2.49626e-05,0.00298299,3.69519,0,0,0
9.28255,2,2.99974,2.95572,2.06037,-1.07476e-21,2.48452e-21,-4.13836e-05,4.68827,0,0,0
9.28255,3,0,0,0,0,0,0,0,0,0,0
9.28255,4,0,0,0,0,0,0,0,0,0,0
9.28255,5,0,0,0,0,0,0,0,0,0,0
9.35105,0,-0.000259725,-0.0442824,2.06041,0,0,-4.76733e-05,2.06089,0,0,0
9.35105,1,2.99974,-0.0442824,2.0605,3.00275e-05,-2.49626e-05,0.00298299,3.1951,0,0,0
9.35105,2,2.99974,2.95572,2.06037,1.98847e-22,2.91414e-21,-4.06591e-05,3.94947,0,0,0
9.35105,3,0,0,0,0,0,0,0,0,0,0
9.35105,4,0,0,0,0,0,0,0,0,0,0
9.35105,5,0,0,0,0,0,0,0,0,0,0
9.41396,0,-0.000259725,-0.0442824,2.06041,0,0,-4.72008e-05,2.06089,0,0,0
9.41396,1,2.99974,-0.0442824,2.06065,0.000764789,-0.000453397,0.0279641,3.1951,0,0,0
9.41396,2,2.99974,2.95572,2.06036,-3.25372e-22,5.13816e-21,-4.01952e-05,3.94947,0,0,0
9.41396,3,0,0,0,0,0,0,0,0,0,0
9.41396,4,0,0,0,0,0,0,0,0,0,0
9.41396,5,0,0,0,0,0,0,0,0,0,0
9.47417,0,-0.000259725,-0.0442824,2.06041,0,0,-4.65964e-05,2.06088,0,0,0
9.47417,1,2.99974,-0.0442791,2.06136,0.00278851,-0.00132435,0.061057,3.19447,0,0,0
9.47417,2,2.99974,2.95572,2.06036,-1.22661e-21,5.15445e-21,-3.97458e-05,3.94947,0,0,0
9.47417,3,0,0,0,0,0,0,0,0,0,0
9.47417,4,0,0,0,0,0,0,0,0,0,0
9.47417,5,0,0,0,0,0,0,0,0,0,0
9.53986,0,-0.000259725,-0.0442824,2.0604,0,0,-4.5832e-05,2.06088,0,0,0
9.53986,1,2.99973,-0.0442769,2.06357,0.00700175,-0.00250463,0.0993727,3.19447,0,0,0
9.53986,2,2.99973,2.95571,2.06046,-1.98311e-05,-1.98387e-05,-3.85701e-05,3.94947,0,0,0
9.53986,3,0,0,0,0,0,0,0,0,0,0
9.53986,4,0,0,0,0,0,0,0,0,0,0
9.53986,5,0,0,0,0,0,0,0,0,0,0
9.59657,0,-0.000259725,-0.0442824,2.0604,0,0,-4.54658e-05,2.06088,0,0,0
9.59657,1,2.99972,-0.0442659,2.06621,0.0129127,-0.00344142,0.14267,3.19095,0,0,0
9.59657,2,2.99961,2.95558,2.06195,0.000235694,0.000229711,0.0297976,3.94941,0,0,0
9.59657,3,0,0,0,0,0,0,0,0,0,0
9.59657,4,0,0,0,0,0,0,0,0,0,0
9.59657,5,0,0,0,0,0,0,0,0,0,0
9.67091,0,-0.000259725,-0.0442824,2.0604,0,0,-4.47563e-05,2.06088,0,0,0
9.67091,1,2.99927,-0.0438614,2.0728,0.0194694,-0.00262417,0.203088,3.19095,0,0,0
9.67091,2,2.99908,2.95506,2.06444,0.00053377,0.000404526,0.0592752,3.94941,0,0,0
9.67091,3,0,0,0,0,0,0,0,0,0,0
9.67091,4,0,0,0,0,0,0,0,0,0,0
9.67091,5,0,0,0,0,0,0,0,0,0,0
9.74455,0,-0.000259725,-0.0442824,2.0604,0,0,-4.44446e-05,2.06087,0,0,0
9.74455,1,2.99895,-0.0436299,2.07804,0.027077,-0.00246029,0.273716,3.18201,0,0,0
9.74455,2,2.99827,2.95426,2.06943,0.000534559,0.000119084,0.076935,3.94634,0,0,0
9.74455,3,0,0,0,0,0,0,0,0,0,0
9.74455,4,0,0,0,0,0,0,0,0,0,0
9.74455,5,0,0,0,0,0,0,0,0,0,0
9.81348,0,-0.000259725,-0.0442824,2.0604,0,0,-4.44446e-05,2.06087,0,0,0
9.81348,1,2.99813,-0.0432522,2.10477,0.0332786,-0.00252962,0.34451,3.18201,0,0,0
9.81348,2,2.99622,2.95237,2.07447,-0.000274784,-0.00115767,0.105364,3.93732,0,0,0
9.81348,3,0,0,0,0,0,0,0,0,0,0
9.81348,4,0,0,0,0,0,0,0,0,0,0
9.81348,5,0,0,0,0,0,0,0,0,0,0
9.87121,0,-0.000259725,-0.0442824,2.06039,0,0,-4.40885e-05,1.85465,0,0,0
9.87121,1,2.99524,-0.0423843,2.13013,0.0307156,0.00157352,0.430887,3.15757,0,0,0
9.87121,2,2.98694,2.94451,2.0942,-0.0152408,-0.0144108,0.16687,3.93732,0,0,0
9.87121,3,0,0,0,0,0,0,0,0,0,0
9.87121,4,0,0,0,0,0,0,0,0,0,0
9.87121,5,0,0,0,0,0,0,0,0,0,0
9.93931,0,-0.000259725,-0.0442824,2.06039,0,0,-4.46995e-05,1.85465,0,0,0
9.93931,1,2.98541,-0.0390123,2.16475,0.000618147,0.0142074,0.512647,3.15757,0,0,0
9.93931,2,2.97529,2.93422,2.10264,-0.0251766,-0.027153,0.286389,3.91598,0,0,0
9.93931,3,0,0,0,0,0,0,0,0,0,0
9.93931,4,0,0,0,0,0,0,0,0,0,0
9.93931,5,0,0,0,0,0,0,0,0,0,0
9.99875,0,-0.000259725,-0.0442824,2.06039,0,0,-4.45228e-05,1.85466,0,0,0
9.99875,1,2.96914,-0.027856,2.19714,-0.051232,0.0526539,0.549055,3.10272,0,0,0
9.99875,2,2.96054,2.92219,2.11678,-0.0483777,-0.0502399,0.347398,3.91598,0,0,0
9.99875,3,0,0,0,0,0,0,0,0,0,0
9.99875,4,0,0,0,0,0,0,0,0,0,0
9.99875,5,0,0,0,0,0,0,0,0,0,0
10.0591,0,-0.000259725,-0.0442824,2.06039,0,0,-4.48627e-05,1.85466,0,0,0
10.0591,1,2.96152,-0.0273033,2.22697,-0.0638254,0.0552943,0.593945,3.10272,0,0,0
10.0591,2,2.94325,2.90919,2.13041,-0.0772763,-0.0739005,0.402421,3.87485,0,0,0
10.0591,3,0,0,0,0,0,0,0,0,0,0
10.0591,4,0,0,0,0,0,0,0,0,0,0
10.0591,5,0,0,0,0,0,0,0,0,0,0
10.1121,0,-0.000259725,-0.0442824,2.06039,-5.50345e-08,-4.66774e-08,-4.45748e-05,1.85466,0,0,0
10.1121,1,2.94915,-0.0304748,2.26276,-0.0906739,0.0557546,0.648293,3.04044,0,0,0
10.1121,2,2.94325,2.90919,2.13041,-0.0772763,-0.0739005,0.402421,3.87485,0,0,0
10.1121,3,0,0,0,0,0,0,0,0,0,0
10.1121,4,0,0,0,0,0,0,0,0,0,0
10.1121,5,0,0,0,0,0,0,0,0,0,0
10.1749,0,-0.000259725,-0.0442824,2.06039,-3.32947e-07,-2.06052e-07,-4.42582e-05,1.85466,0,0,0
10.1749,1,2.91278,-0.0162853,2.31863,-0.187064,0.114517,0.702987,3.04044,0,0,0
10.1749,2,2.9151,2.88738,2.15525,-0.128611,-0.122271,0.493543,3.80596,0,0,0
10.1749,3,0,0,0,0,0,0,0,0,0,0
10.1749,4,0,0,0,0,0,0,0,0,0,0
10.1749,5,0,0,0,0,0,0,0,0,0,0
10.2414,0,-0.000259822,-0.0442824,2.06038,-2.18257e-06,-7.35502e-07,-4.43152e-05,1.85466,0,0,0
10.2414,1,2.8871,-0.0190408,2.32741,-0.27888,0.126364,0.745215,2.9401,0,0,0
10.2414,2,2.88359,2.86481,2.17716,-0.189346,-0.173054,0.564535,3.80596,0,0,0
10.2414,3,0,0,0,0,0,0,0,0,0,0
10.2414,4,0,0,0,0,0,0,0,0,0,0
10.2414,5,0,0,0,0,0,0,0,0,0,0
10.3024,0,-0.000462061,-0.0443677,2.06053,-0.000709195,-0.000273266,5.88897e-05,1.85466,0,0,0
10.3024,1,2.78561,8.24977e-05,2.37551,-0.524732,0.19041,0.799866,2.9401,0,0,0
10.3024,2,2.84279,2.83606,2.20449,-0.278385,-0.245643,0.634512,3.70524,0,0,0
10.3024,3,0,0,0,0,0,0,0,0,0,0
10.3024,4,0,0,0,0,0,0,0,0,0,0
10.3024,5,0,0,0,0,0,0,0,0,0,0
10.3601,0,-0.00237949,-0.0445217,2.0625,-0.00689815,-0.000312622,0.00495341,1.85215,0,0,0
10.3601,1,2.71398,0.0134338,2.44984,-0.692561,0.227941,0.826894,2.82108,0,0,0
10.3601,2,2.79957,2.80501,2.23238,-0.374786,-0.325835,0.691456,3.70524,0,0,0
10.3601,3,0,0,0,0,0,0,0,0,0,0
10.3601,4,0,0,0,0,0,0,0,0,0,0
10.3601,5,0,0,0,0,0,0,0,0,0,0
10.4208,0,-0.00898851,-0.0456979,2.07008,-0.0256701,-0.00276773,0.0387328,1.85215,0,0,0
10.4208,1,2.70229,0.00174406,2.45125,-0.748348,0.189428,0.81524,2.82108,0,0,0
10.4208,2,2.75658,2.7806,2.26124,-0.466558,-0.373594,0.727533,3.589,0,0,0
10.4208,3,0,0,0,0,0,0,0,0,0,0
10.4208,4,0,0,0,0,0,0,0,0,0,0
10.4208,5,0,0,0,0,0,0,0,0,0,0
10.484,0,-0.0169052,-0.0473819,2.08675,-0.0404893,-0.00627699,0.109831,1.8254,0,0,0
10.484,1,2.60435,0.000729295,2.53865,-0.894133,0.163947,0.782562,2.712,0,0,0
10.484,2,2.69949,2.74588,2.29627,-0.593902,-0.449948,0.780626,3.589,0,0,0
10.484,3,0,0,0,0,0,0,0,0,0,0
10.484,4,0,0,0,0,0,0,0,0,0,0
10.484,5,0,0,0,0,0,0,0,0,0,0
10.5408,0,-0.0268884,-0.049682,2.10468,-0.0582158,-0.0103068,0.189003,1.8254,0,0,0
10.5408,1,2.55781,-0.0090412,2.58051,-0.933359,0.110209,0.762988,2.712,0,0,0
10.5408,2,2.6471,2.71952,2.32905,-0.692647,-0.486751,0.811141,3.45004,0,0,0
10.5408,3,0,0,0,0,0,0,0,0,0,0
10.5408,4,0,0,0,0,0,0,0,0,0,0
10.5408,5,0,0,0,0,0,0,0,0,0,0
10.5999,0,-0.0432811,-0.0503911,2.12501,-0.0897113,-0.00917039,0.313133,1.80579,0,0,0
10.5999,1,2.52277,-0.0249351,2.62018,-0.941859,0.032027,0.69358,2.52326,0,0,0
10.5999,2,2.58907,2.69088,2.37158,-0.813526,-0.533089,0.807623,3.45004,0,0,0
10.5999,3,0,0,0,0,0,0,0,0,0,0
10.5999,4,0,0,0,0,0,0,0,0,0,0
10.5999,5,0,0,0,0,0,0,0,0,0,0
10.6606,0,-0.0581944,-0.0532914,2.14547,-0.122171,-0.0163253,0.342298,1.80579,0,0,0
10.6606,1,2.5357,-0.0371626,2.6541,-0.913156,-0.0343926,0.62428,2.52326,0,0,0
10.6606,2,2.51821,2.65235,2.4189,-0.962014,-0.601404,0.811984,3.28389,0,0,0
10.6606,3,0,0,0,0,0,0,0,0,0,0
10.6606,4,0,0,0,0,0,0,0,0,0,0
10.6606,5,0,0,0,0,0,0,0,0,0,0
10.7188,0,-0.0789488,-0.0564234,2.17659,-0.164501,-0.0217221,0.429956,1.75976,0,0,0
10.7188,1,2.50479,-0.0523204,2.65326,-0.893368,-0.0951975,0.573375,2.44717,0,0,0
10.7188,2,2.44327,2.61936,2.46867,-1.10022,-0.632254,0.807974,3.28389,0,0,0
10.7188,3,0,0,0,0,0,0,0,0,0,0
10.7188,4,0,0,0,0,0,0,0,0,0,0
10.7188,5,0,0,0,0,0,0,0,0,0,0
10.7778,0,-0.102694,-0.0598274,2.20058,-0.212446,-0.027701,0.538203,1.75976,0,0,0
10.7778,1,2.47495,-0.0683228,2.72507,-0.876651,-0.161315,0.565561,2.44717,0,0,0
10.7778,2,2.32366,2.57446,2.52179,-1.21444,-0.617815,0.783459,3.06755,0,0,0
10.7778,3,0,0,0,0,0,0,0,0,0,0
10.7778,4,0,0,0,0,0,0,0,0,0,0
10.7778,5,0,0,0,0,0,0,0,0,0,0
10.8367,0,-0.13261,-0.062137,2.23198,-0.280902,-0.0281981,0.579747,1.69767,0,0,0
10.8367,1,2.45029,-0.0854385,2.72611,-0.844209,-0.214397,0.543779,2.35078,0,0,0
10.8367,2,2.25641,2.53826,2.61322,-1.30358,-0.659203,0.764929,3.06755,0,0,0
10.8367,3,0,0,0,0,0,0,0,0,0,0
10.8367,4,0,0,0,0,0,0,0,0,0,0
10.8367,5,0,0,0,0,0,0,0,0,0,0
10.902,0,-0.155312,-0.0647984,2.26884,-0.314359,-0.0321414,0.620839,1.69767,0,0,0
10.902,1,2.43058,-0.100804,2.79444,-0.802698,-0.254732,0.541857,2.35078,0,0,0
10.902,2,2.1895,2.52064,2.60789,-1.3807,-0.632011,0.685531,2.90933,0,0,0
10.902,3,0,0,0,0,0,0,0,0,0,0
10.902,4,0,0,0,0,0,0,0,0,0,0
10.902,5,0,0,0,0,0,0,0,0,0,0
10.9609,0,-0.192875,-0.0648961,2.29283,-0.405579,-0.0225364,0.643137,1.59375,0,0,0
10.9609,1,2.41461,-0.115392,2.82852,-0.741292,-0.284423,0.546589,2.2651,0,0,0
10.9609,2,2.20359,2.52976,2.64523,-1.34401,-0.599716,0.654175,2.90933,0,0,0
10.9609,3,0,0,0,0,0,0,0,0,0,0
10.9609,4,0,0,0,0,0,0,0,0,0,0
10.9609,5,0,0,0,0,0,0,0,0,0,0
11.0216,0,-0.258569,-0.0738317,2.37144,-0.52362,-0.0404863,0.665205,1.59375,0,0,0
11.0216,1,2.40019,-0.131501,2.86009,-0.677337,-0.308302,0.540076,2.19096,0,0,0
11.0216,2,2.09166,2.48128,2.69169,-1.36295,-0.594206,0.658226,2.77998,0,0,0
11.0216,3,0,0,0,0,0,0,0,0,0,0
11.0216,4,0,0,0,0,0,0,0,0,0,0
11.0216,5,0,0,0,0,0,0,0,0,0,0
11.0723,0,-0.258569,-0.0738317,2.37144,-0.52362,-0.0404863,0.665205,1.50893,0,0,0
11.0723,1,2.39273,-0.141877,2.88349,-0.591798,-0.308612,0.540517,2.19096,0,0,0
11.0723,2,2.05978,2.4815,2.77304,-1.28822,-0.51187,0.71344,2.77998,0,0,0
11.0723,3,0,0,0,0,0,0,0,0,0,0
11.0723,4,0,0,0,0,0,0,0,0,0,0
11.0723,5,0,0,0,0,0,0,0,0,0,0
11.1311,0,-0.290346,-0.07672,2.40532,-0.567933,-0.0439789,0.653807,1.50893,0,0,0
11.1311,1,2.38732,-0.153803,2.91918,-0.51221,-0.313163,0.556187,2.19096,0,0,0
11.1311,2,1.99683,2.45421,2.77774,-1.32199,-0.52757,0.68125,2.65727,0,0,0
11.1311,3,0,0,0,0,0,0,0,0,0,0
11.1311,4,0,0,0,0,0,0,0,0,0,0
11.1311,5,0,0,0,0,0,0,0,0,0,0
11.1914,0,-0.347491,-0.0825317,2.46513,-0.600316,-0.0501281,0.596673,1.44871,0,0,0
11.1914,1,2.38706,-0.159505,2.93986,-0.420181,-0.293435,0.582459,2.13359,0,0,0
11.1914,2,1.96759,2.45292,2.87883,-1.23881,-0.462277,0.709215,2.65727,0,0,0
11.1914,3,0,0,0,0,0,0,0,0,0,0
11.1914,4,0,0,0,0,0,0,0,0,0,0
11.1914,5,0,0,0,0,0,0,0,0,0,0
11.2424,0,-0.383054,-0.0882578,2.46436,-0.631225,-0.0610194,0.588316,1.44871,0,0,0
11.2424,1,2.38485,-0.170829,2.97442,-0.35039,-0.294677,0.601811,2.08646,0,0,0
11.2424,2,1.93184,2.44287,2.88002,-1.17302,-0.426438,0.692458,2.57197,0,0,0
11.2424,3,0,0,0,0,0,0,0,0,0,0
11.2424,4,0,0,0,0,0,0,0,0,0,0
11.2424,5,0,0,0,0,0,0,0,0,0,0
11.2996,0,-0.411236,-0.0862647,2.52525,-0.635181,-0.0465496,0.591515,1.41115,0,0,0
11.2996,1,2.39071,-0.16813,3.00284,-0.257245,-0.242952,0.630296,2.08646,0,0,0
11.2996,2,1.89476,2.42972,2.96145,-1.11801,-0.402617,0.723478,2.57197,0,0,0
11.2996,3,0,0,0,0,0,0,0,0,0,0
11.2996,4,0,0,0,0,0,0,0,0,0,0
11.2996,5,0,0,0,0,0,0,0,0,0,0
11.366,0,-0.443054,-0.0870416,2.55694,-0.657142,-0.0411499,0.581566,1.41115,0,0,0
11.366,1,2.39592,-0.182776,3.04523,-0.142248,-0.227809,0.649374,2.03663,0,0,0
11.366,2,1.86281,2.42457,3.00829,-1.04025,-0.351841,0.724967,2.46617,0,0,0
11.366,3,0,0,0,0,0,0,0,0,0,0
11.366,4,0,0,0,0,0,0,0,0,0,0
11.366,5,0,0,0,0,0,0,0,0,0,0
11.4241,0,-0.476626,-0.0906093,2.58605,-0.681739,-0.0457265,0.558792,1.32036,0,0,0
11.4241,1,2.39639,-0.18601,3.07764,-0.0922722,-0.197056,0.665177,2.03663,0,0,0
11.4241,2,1.83018,2.41301,3.04558,-0.98251,-0.335697,0.699435,2.46617,0,0,0
11.4241,3,0,0,0,0,0,0,0,0,0,0
11.4241,4,0,0,0,0,0,0,0,0,0,0
11.4241,5,0,0,0,0,0,0,0,0,0,0
11.4905,0,-0.49535,-0.0909184,2.61381,-0.650537,-0.0420856,0.538354,1.32036,0,0,0
11.4905,1,2.40794,-0.183019,3.11033,-0.0088937,-0.145033,0.663691,1.99425,0,0,0
11.4905,2,1.81122,2.41029,3.07897,-0.887919,-0.292684,0.681147,2.3677,0,0,0
11.4905,3,0,0,0,0,0,0,0,0,0,0
11.4905,4,0,0,0,0,0,0,0,0,0,0
11.4905,5,0,0,0,0,0,0,0,0,0,0
11.5488,0,-0.514994,-0.0926235,2.61102,-0.615317,-0.0434546,0.516175,1.26738,0,0,0
11.5488,1,2.41102,-0.187053,3.14456,0.0327192,-0.120783,0.658482,1.99425,0,0,0
11.5488,2,1.78199,2.4047,3.07945,-0.836661,-0.261582,0.660986,2.3677,0,0,0
11.5488,3,0,0,0,0,0,0,0,0,0,0
11.5488,4,0,0,0,0,0,0,0,0,0,0
11.5488,5,0,0,0,0,0,0,0,0,0,0
11.618,0,-0.542989,-0.0932783,2.66756,-0.623039,-0.0393098,0.515838,1.21948,0,0,0
11.618,1,2.41541,-0.183686,3.17862,0.0784327,-0.0680649,0.642815,1.94776,0,0,0
11.618,2,1.76207,2.40023,3.11613,-0.758069,-0.231655,0.660309,2.31624,0,0,0
11.618,3,0,0,0,0,0,0,0,0,0,0
11.618,4,0,0,0,0,0,0,0,0,0,0
11.618,5,0,0,0,0,0,0,0,0,0,0
11.6728,0,-0.559251,-0.0922565,2.69275,-0.58379,-0.0328337,0.519393,1.21948,0,0,0
11.6728,1,2.41701,-0.188278,3.21807,0.103808,-0.0529721,0.628619,1.94776,0,0,0
11.6728,2,1.73258,2.39377,3.14991,-0.727473,-0.210986,0.66816,2.31624,0,0,0
11.6728,3,0,0,0,0,0,0,0,0,0,0
11.6728,4,0,0,0,0,0,0,0,0,0,0
11.6728,5,0,0,0,0,0,0,0,0,0,0
11.7281,0,-0.571498,-0.0899868,2.70488,-0.540204,-0.0220185,0.496004,1.18702,0,0,0
11.7281,1,2.41229,-0.190681,3.24443,0.102388,-0.0307251,0.614155,1.89659,0,0,0
11.7281,2,1.71205,2.38864,3.18152,-0.668379,-0.190263,0.674875,2.23884,0,0,0
11.7281,3,0,0,0,0,0,0,0,0,0,0
11.7281,4,0,0,0,0,0,0,0,0,0,0
11.7281,5,0,0,0,0,0,0,0,0,0,0
11.7833,0,-0.597481,-0.0914456,2.73671,-0.548525,-0.02258,0.498781,1.18702,0,0,0
11.7833,1,2.40519,-0.198322,3.27377,0.0881945,-0.0303228,0.602353,1.89659,0,0,0
11.7833,2,1.68707,2.38312,3.21096,-0.636526,-0.173474,0.676433,2.23884,0,0,0
11.7833,3,0,0,0,0,0,0,0,0,0,0
11.7833,4,0,0,0,0,0,0,0,0,0,0
11.7833,5,0,0,0,0,0,0,0,0,0,0
11.8368,0,-0.609934,-0.0906065,2.76567,-0.507464,-0.0179145,0.493145,1.13446,0,0,0
11.8368,1,2.39471,-0.208723,3.30168,0.0568718,-0.044223,0.595364,1.84146,0,0,0
11.8368,2,1.65758,2.37743,3.24084,-0.624482,-0.158553,0.677047,2.17034,0,0,0
11.8368,3,0,0,0,0,0,0,0,0,0,0
11.8368,4,0,0,0,0,0,0,0,0,0,0
11.8368,5,0,0,0,0,0,0,0,0,0,0
11.8981,0,-0.622264,-0.0896312,2.7921,-0.472618,-0.0134922,0.477054,1.13446,0,0,0
11.8981,1,2.39167,-0.211763,3.32521,0.0383011,-0.0563719,0.590426,1.84146,0,0,0
11.8981,2,1.62538,2.36956,3.28441,-0.614603,-0.150551,0.671853,2.17034,0,0,0
11.8981,3,0,0,0,0,0,0,0,0,0,0
11.8981,4,0,0,0,0,0,0,0,0,0,0
11.8981,5,0,0,0,0,0,0,0,0,0,0
11.9534,0,-0.633889,-0.0916206,2.81966,-0.438781,-0.0196816,0.481493,1.08715,0,0,0
11.9534,1,2.36814,-0.239168,3.36038,-0.0254541,-0.108208,0.589839,1.77852,0,0,0
11.9534,2,1.60298,2.3637,3.32079,-0.585988,-0.14232,0.663405,2.08491,0,0,0
11.9534,3,0,0,0,0,0,0,0,0,0,0
11.9534,4,0,0,0,0,0,0,0,0,0,0
11.9534,5,0,0,0,0,0,0,0,0,0,0
12.0121,0,-0.638176,-0.0892556,2.83,-0.382015,-0.0113798,0.467756,1.08715,0,0,0
12.0121,1,2.35083,-0.255312,3.39344,-0.070749,-0.137796,0.577716,1.77852,0,0,0
12.0121,2,1.57616,2.35782,3.3531,-0.582142,-0.135838,0.643852,2.01054,0,0,0
12.0121,3,0,0,0,0,0,0,0,0,0,0
12.0121,4,0,0,0,0,0,0,0,0,0,0
12.0121,5,0,0,0,0,0,0,0,0,0,0
12.0657,0,-0.654678,-0.088544,2.86507,-0.368397,-0.00655253,0.444654,1.07823,0,0,0
12.0657,1,2.32651,-0.278876,3.4249,-0.144802,-0.200226,0.559808,1.70091,0,0,0
12.0657,2,1.54877,2.35151,3.38351,-0.572999,-0.1294,0.633176,2.01054,0,0,0
12.0657,3,0,0,0,0,0,0,0,0,0,0
12.0657,4,0,0,0,0,0,0,0,0,0,0
12.0657,5,0,0,0,0,0,0,0,0,0,0
12.1261,0,-0.671539,-0.0882692,2.89073,-0.365067,-0.00422555,0.437744,1.07823,0,0,0
12.1261,1,2.30106,-0.303977,3.4486,-0.204686,-0.253171,0.54848,1.70091,0,0,0
12.1261,2,1.53253,2.34371,3.4478,-0.531891,-0.132732,0.619527,2.25639,0,0,0
12.1261,3,0,0,0,0,0,0,0,0,0,0
12.1261,4,0,0,0,0,0,0,0,0,0,0
12.1261,5,0,0,0,0,0,0,0,0,0,0
12.1791,0,-0.671539,-0.0882692,2.89073,-0.365067,-0.00422555,0.437744,1.02862,0,0,0
12.1791,1,2.28094,-0.321212,3.44459,-0.286706,-0.325984,0.524095,1.65302,0,0,0
12.1791,2,1.49584,2.34053,3.47917,-0.569009,-0.114623,0.56816,2.25639,0,0,0
12.1791,3,0,0,0,0,0,0,0,0,0,0
12.1791,4,0,0,0,0,0,0,0,0,0,0
12.1791,5,0,0,0,0,0,0,0,0,0,0
12.2292,0,-0.670378,-0.0892183,2.9103,-0.301096,-0.00832487,0.419958,1.02862,0,0,0
12.2292,1,2.2311,-0.376847,3.50386,-0.362566,-0.418162,0.486043,1.65302,0,0,0
12.2292,2,1.46335,2.33267,3.50832,-0.578165,-0.115492,0.546849,2.17148,0,0,0
12.2292,3,0,0,0,0,0,0,0,0,0,0
12.2292,4,0,0,0,0,0,0,0,0,0,0
12.2292,5,0,0,0,0,0,0,0,0,0,0
12.2847,0,-0.673774,-0.0887997,2.93003,-0.256975,-0.00728518,0.407113,0.991737,0,0,0
12.2847,1,2.20549,-0.402868,3.53294,-0.395033,-0.450438,0.469888,1.5365,0,0,0
12.2847,2,1.43539,2.32475,3.53254,-0.567624,-0.115207,0.507099,2.17148,0,0,0
12.2847,3,0,0,0,0,0,0,0,0,0,0
12.2847,4,0,0,0,0,0,0,0,0,0,0
12.2847,5,0,0,0,0,0,0,0,0,0,0
12.3354,0,-0.681202,-0.0884006,2.95291,-0.230165,-0.00546745,0.397537,0.991737,0,0,0
12.3354,1,2.17488,-0.436696,3.53276,-0.438012,-0.502954,0.450772,1.5365,0,0,0
12.3354,2,1.41341,2.31835,3.55692,-0.542725,-0.11231,0.483948,2.10407,0,0,0
12.3354,3,0,0,0,0,0,0,0,0,0,0
12.3354,4,0,0,0,0,0,0,0,0,0,0
12.3354,5,0,0,0,0,0,0,0,0,0,0
12.3889,0,-0.685133,-0.0883875,2.97168,-0.196904,-0.00572806,0.390778,0.955773,0,0,0
12.3889,1,2.15113,-0.465261,3.55335,-0.454968,-0.533438,0.424315,1.48644,0,0,0
12.3889,2,1.38508,2.31237,3.58222,-0.534141,-0.106747,0.473769,2.10407,0,0,0
12.3889,3,0,0,0,0,0,0,0,0,0,0
12.3889,4,0,0,0,0,0,0,0,0,0,0
12.3889,5,0,0,0,0,0,0,0,0,0,0
12.4466,0,-0.686961,-0.0874128,2.98707,-0.163476,-0.00347021,0.380066,0.955773,0,0,0
12.4466,1,2.13402,-0.484363,3.5748,-0.450315,-0.531351,0.404694,1.48644,0,0,0
12.4466,2,1.35668,2.305,3.60122,-0.528933,-0.109736,0.474686,2.03728,0,0,0
12.4466,3,0,0,0,0,0,0,0,0,0,0
12.4466,4,0,0,0,0,0,0,0,0,0,0
12.4466,5,0,0,0,0,0,0,0,0,0,0
12.4967,0,-0.693196,-0.086501,3.01178,-0.147483,0.000188,0.366576,0.920806,0,0,0
12.4967,1,2.12229,-0.497308,3.59366,-0.428192,-0.510573,0.389418,1.43986,0,0,0
12.4967,2,1.33303,2.29813,3.6314,-0.513369,-0.114699,0.476228,2.03728,0,0,0
12.4967,3,0,0,0,0,0,0,0,0,0,0
12.4967,4,0,0,0,0,0,0,0,0,0,0
12.4967,5,0,0,0,0,0,0,0,0,0,0
12.5616,0,-0.697337,-0.086208,3.02985,-0.125442,0.000789975,0.358552,0.920806,0,0,0
12.5616,1,2.1017,-0.520963,3.62422,-0.428705,-0.516793,0.382681,1.43986,0,0,0
12.5616,2,1.30908,2.29068,3.65658,-0.492492,-0.119488,0.491008,1.96653,0,0,0
12.5616,3,0,0,0,0,0,0,0,0,0,0
12.5616,4,0,0,0,0,0,0,0,0,0,0
12.5616,5,0,0,0,0,0,0,0,0,0,0
12.6194,0,-0.701287,-0.0855375,3.04698,-0.110453,0.00299278,0.347549,0.890864,0,0,0
12.6194,1,2.0731,-0.554588,3.64544,-0.453856,-0.550814,0.373293,1.37502,0,0,0
12.6194,2,1.25631,2.27763,3.67884,-0.4853,-0.120096,0.532313,1.96653,0,0,0
12.6194,3,0,0,0,0,0,0,0,0,0,0
12.6194,4,0,0,0,0,0,0,0,0,0,0
12.6194,5,0,0,0,0,0,0,0,0,0,0
12.6772,0,-0.70626,-0.084565,3.06805,-0.100065,0.00611632,0.329831,0.890864,0,0,0
12.6772,1,2.05808,-0.57074,3.66808,-0.435323,-0.526264,0.358575,1.37502,0,0,0
12.6772,2,1.25631,2.27763,3.67884,-0.4853,-0.120096,0.532313,1.91907,0,0,0
12.6772,3,0,0,0,0,0,0,0,0,0,0
12.6772,4,0,0,0,0,0,0,0,0,0,0
12.6772,5,0,0,0,0,0,0,0,0,0,0
12.7361,0,-0.710649,-0.0836091,3.08317,-0.0907104,0.00864147,0.321374,0.861024,0,0,0
12.7361,1,2.03814,-0.592681,3.70864,-0.435144,-0.523377,0.332965,1.31184,0,0,0
12.7361,2,1.24185,2.27438,3.70321,-0.44844,-0.110088,0.545975,1.91907,0,0,0
12.7361,3,0,0,0,0,0,0,0,0,0,0
12.7361,4,0,0,0,0,0,0,0,0,0,0
12.7361,5,0,0,0,0,0,0,0,0,0,0
12.789,0,-0.716288,-0.0822713,3.0986,-0.0853432,0.0123346,0.309642,0.861024,0,0,0
12.789,1,2.01639,-0.618324,3.72972,-0.438986,-0.532238,0.316925,1.31184,0,0,0
12.789,2,1.21734,2.27144,3.7349,-0.443469,-0.094889,0.559222,1.85621,0,0,0
12.789,3,0,0,0,0,0,0,0,0,0,0
12.789,4,0,0,0,0,0,0,0,0,0,0
12.789,5,0,0,0,0,0,0,0,0,0,0
12.8469,0,-0.721345,-0.0809955,3.11515,-0.0804294,0.0152727,0.300359,0.836218,0,0,0
12.8469,1,1.99925,-0.635566,3.74235,-0.422295,-0.506542,0.299437,1.26936,0,0,0
12.8469,2,1.19123,2.26745,3.77131,-0.452134,-0.0852549,0.58744,1.85621,0,0,0
12.8469,3,0,0,0,0,0,0,0,0,0,0
12.8469,4,0,0,0,0,0,0,0,0,0,0
12.8469,5,0,0,0,0,0,0,0,0,0,0
12.8971,0,-0.726709,-0.0795453,3.13044,-0.0787463,0.0186598,0.293266,0.836218,0,0,0
12.8971,1,1.99415,-0.634477,3.76267,-0.374354,-0.428227,0.288735,1.26936,0,0,0
12.8971,2,1.17245,2.26355,3.80404,-0.437191,-0.0783017,0.604386,1.78056,0,0,0
12.8971,3,0,0,0,0,0,0,0,0,0,0
12.8971,4,0,0,0,0,0,0,0,0,0,0
12.8971,5,0,0,0,0,0,0,0,0,0,0
12.9549,0,-0.73228,-0.0778289,3.14438,-0.077209,0.0223054,0.287382,0.814667,0,0,0
12.9549,1,1.98432,-0.642298,3.78105,-0.347473,-0.388035,0.28257,1.23375,0,0,0
12.9549,2,1.1481,2.26143,3.86427,-0.445461,-0.0648678,0.603207,1.78056,0,0,0
12.9549,3,0,0,0,0,0,0,0,0,0,0
12.9549,4,0,0,0,0,0,0,0,0,0,0
12.9549,5,0,0,0,0,0,0,0,0,0,0
13.0177,0,-0.738508,-0.0763072,3.15997,-0.078662,0.0248772,0.279857,0.814667,0,0,0
13.0177,1,1.97058,-0.657666,3.79695,-0.330553,-0.372169,0.278285,1.23375,0,0,0
13.0177,2,1.12936,2.25727,3.90333,-0.431904,-0.0596649,0.593738,1.68521,0,0,0
13.0177,3,0,0,0,0,0,0,0,0,0,0
13.0177,4,0,0,0,0,0,0,0,0,0,0
13.0177,5,0,0,0,0,0,0,0,0,0,0
13.0693,0,-0.745016,-0.0746208,3.17384,-0.0790945,0.0279731,0.273392,0.8036,0,0,0
13.0693,1,1.97818,-0.645098,3.795,-0.304128,-0.326712,0.278255,1.22056,0,0,0
13.0693,2,1.10457,2.25371,3.92976,-0.436048,-0.0518482,0.564232,1.68521,0,0,0
13.0693,3,0,0,0,0,0,0,0,0,0,0
13.0693,4,0,0,0,0,0,0,0,0,0,0
13.0693,5,0,0,0,0,0,0,0,0,0,0
13.1245,0,-0.751136,-0.0721385,3.18815,-0.0818167,0.0333765,0.265219,0.8036,0,0,0
13.1245,1,1.94985,-0.666838,3.82643,-0.295337,-0.294645,0.262212,1.22056,0,0,0
13.1245,2,1.08349,2.24953,3.95873,-0.418545,-0.0489737,0.535079,1.62079,0,0,0
13.1245,3,0,0,0,0,0,0,0,0,0,0
13.1245,4,0,0,0,0,0,0,0,0,0,0
13.1245,5,0,0,0,0,0,0,0,0,0,0
13.1889,0,-0.758103,-0.0701501,3.2027,-0.0862641,0.0361812,0.25754,0.775737,0,0,0
13.1889,1,1.94077,-0.669698,3.8389,-0.277893,-0.258618,0.268406,1.17059,0,0,0
13.1889,2,1.06343,2.24551,3.98568,-0.403909,-0.047098,0.507476,1.62079,0,0,0
13.1889,3,0,0,0,0,0,0,0,0,0,0
13.1889,4,0,0,0,0,0,0,0,0,0,0
13.1889,5,0,0,0,0,0,0,0,0,0,0
13.2447,0,-0.765247,-0.0680448,3.21443,-0.0919199,0.0392357,0.249796,0.775737,0,0,0
13.2447,1,1.93311,-0.669898,3.8552,-0.261471,-0.223377,0.273832,1.17059,0,0,0
13.2447,2,1.04033,2.24003,4.01061,-0.404963,-0.0507003,0.50046,1.55974,0,0,0
13.2447,3,0,0,0,0,0,0,0,0,0,0
13.2447,4,0,0,0,0,0,0,0,0,0,0
13.2447,5,0,0,0,0,0,0,0,0,0,0
13.3093,0,-0.773402,-0.0648029,3.22848,-0.100853,0.0459262,0.241277,0.761797,0,0,0
13.3093,1,1.92351,-0.665432,3.87106,-0.257067,-0.175535,0.287041,1.13596,0,0,0
13.3093,2,1.01673,2.23611,4.03038,-0.410508,-0.0507087,0.478934,1.55974,0,0,0
13.3093,3,0,0,0,0,0,0,0,0,0,0
13.3093,4,0,0,0,0,0,0,0,0,0,0
13.3093,5,0,0,0,0,0,0,0,0,0,0
13.362,0,-0.780406,-0.0621377,3.2403,-0.104391,0.0493429,0.235126,0.761797,0,0,0
13.362,1,1.91486,-0.669721,3.88689,-0.248253,-0.162626,0.290819,1.13596,0,0,0
13.362,2,0.999911,2.22951,4.05512,-0.393054,-0.0614357,0.462493,1.53347,0,0,0
13.362,3,0,0,0,0,0,0,0,0,0,0
13.362,4,0,0,0,0,0,0,0,0,0,0
13.362,5,0,0,0,0,0,0,0,0,0,0
13.4175,0,-0.786739,-0.0606734,3.2516,-0.102735,0.0471338,0.226524,0.749865,0,0,0
13.4175,1,1.9158,-0.66066,3.90294,-0.206479,-0.104687,0.301772,1.12051,0,0,0
13.4175,2,0.981685,2.22327,4.07842,-0.379303,-0.0687319,0.45467,1.53347,0,0,0
13.4175,3,0,0,0,0,0,0,0,0,0,0
13.4175,4,0,0,0,0,0,0,0,0,0,0
13.4175,5,0,0,0,0,0,0,0,0,0,0
13.4822,0,-0.795014,-0.0572441,3.26339,-0.108396,0.0522678,0.219777,0.749865,0,0,0
13.4822,1,1.91036,-0.655071,3.91952,-0.19099,-0.0622094,0.311898,1.12051,0,0,0
13.4822,2,0.966896,2.21748,4.09957,-0.358598,-0.075255,0.450894,1.47748,0,0,0
13.4822,3,0,0,0,0,0,0,0,0,0,0
13.4822,4,0,0,0,0,0,0,0,0,0,0
13.4822,5,0,0,0,0,0,0,0,0,0,0
13.5424,0,-0.803068,-0.0536425,3.27391,-0.114745,0.0580559,0.214875,0.741379,0,0,0
13.5424,1,1.90483,-0.653572,3.93767,-0.172364,-0.0377851,0.31939,1.09221,0,0,0
13.5424,2,0.947853,2.21108,4.12405,-0.356935,-0.0802519,0.455272,1.47748,0,0,0
13.5424,3,0,0,0,0,0,0,0,0,0,0
13.5424,4,0,0,0,0,0,0,0,0,0,0
13.5424,5,0,0,0,0,0,0,0,0,0,0
13.5976,0,-0.810484,-0.0513942,3.28613,-0.117861,0.0581622,0.20932,0.741379,0,0,0
13.5976,1,1.90951,-0.643792,3.95072,-0.121798,0.0094155,0.326752,1.09221,0,0,0
13.5976,2,0.932146,2.20519,4.1478,-0.346366,-0.0826992,0.460137,1.42446,0,0,0
13.5976,3,0,0,0,0,0,0,0,0,0,0
13.5976,4,0,0,0,0,0,0,0,0,0,0
13.5976,5,0,0,0,0,0,0,0,0,0,0
13.6528,0,-0.81779,-0.0491097,3.29639,-0.12044,0.0582371,0.20394,0.736092,0,0,0
13.6528,1,1.91134,-0.632265,3.96745,-0.091033,0.0570834,0.329179,1.06881,0,0,0
13.6528,2,0.915255,2.19736,4.1708,-0.34304,-0.0902556,0.463461,1.42446,0,0,0
13.6528,3,0,0,0,0,0,0,0,0,0,0
13.6528,4,0,0,0,0,0,0,0,0,0,0
13.6528,5,0,0,0,0,0,0,0,0,0,0
13.7109,0,-0.824812,-0.0466624,3.30631,-0.121738,0.0585369,0.198664,0.736092,0,0,0
13.7109,1,1.91091,-0.625613,3.98462,-0.0702308,0.0817122,0.329318,1.06881,0,0,0
13.7109,2,0.900011,2.1901,4.20045,-0.341434,-0.0971922,0.465203,1.37064,0,0,0
13.7109,3,0,0,0,0,0,0,0,0,0,0
13.7109,4,0,0,0,0,0,0,0,0,0,0
13.7109,5,0,0,0,0,0,0,0,0,0,0
13.7687,0,-0.831742,-0.0442822,3.31612,-0.12261,0.0584563,0.193867,0.860026,0,0,0
13.7687,1,1.91747,-0.614327,4.00289,-0.0282209,0.118824,0.32661,1.04429,0,0,0
13.7687,2,0.887223,2.18264,4.22476,-0.323371,-0.103413,0.46885,1.37064,0,0,0
13.7687,3,0,0,0,0,0,0,0,0,0,0
13.7687,4,0,0,0,0,0,0,0,0,0,0
13.7687,5,0,0,0,0,0,0,0,0,0,0
13.8215,0,-0.838555,-0.0416287,3.3262,-0.122427,0.0579969,0.189136,0.860026,0,0,0
13.8215,1,1.9225,-0.603489,4.02112,0.00381534,0.149187,0.320096,1.04429,0,0,0
13.8215,2,0.871922,2.17316,4.24962,-0.321981,-0.1176,0.468408,1.31342,0,0,0
13.8215,3,0,0,0,0,0,0,0,0,0,0
13.8215,4,0,0,0,0,0,0,0,0,0,0
13.8215,5,0,0,0,0,0,0,0,0,0,0
13.8819,0,-0.845258,-0.0397374,3.33627,-0.121262,0.0556779,0.184663,0.843474,0,0,0
13.8819,1,1.92738,-0.596052,4.03604,0.0317021,0.162519,0.311639,1.0261,0,0,0
13.8819,2,0.859567,2.16374,4.27287,-0.304374,-0.128932,0.470537,1.31342,0,0,0
13.8819,3,0,0,0,0,0,0,0,0,0,0
13.8819,4,0,0,0,0,0,0,0,0,0,0
13.8819,5,0,0,0,0,0,0,0,0,0,0
13.9449,0,-0.851903,-0.0376833,3.34553,-0.118519,0.0532614,0.18404,0.843474,0,0,0
13.9449,1,1.9317,-0.58723,4.05228,0.0532487,0.178305,0.303151,1.0261,0,0,0
13.9449,2,0.849982,2.15403,4.29821,-0.28065,-0.141627,0.470461,1.25819,0,0,0
13.9449,3,0,0,0,0,0,0,0,0,0,0
13.9449,4,0,0,0,0,0,0,0,0,0,0
13.9449,5,0,0,0,0,0,0,0,0,0,0
14.0053,0,-0.859359,-0.0349445,3.35391,-0.119508,0.0532716,0.189098,0.821633,0,0,0
14.0053,1,1.93538,-0.579732,4.06684,0.0687878,0.186091,0.297301,1.01184,0,0,0
14.0053,2,0.842685,2.1444,4.32377,-0.248966,-0.152638,0.470793,1.25819,0,0,0
14.0053,3,0,0,0,0,0,0,0,0,0,0
14.0053,4,0,0,0,0,0,0,0,0,0,0
14.0053,5,0,0,0,0,0,0,0,0,0,0
14.0615,0,-0.865865,-0.0328864,3.36444,-0.116124,0.0496673,0.20348,0.813259,0,0,0
14.0615,1,1.93816,-0.574952,4.08551,0.0784413,0.182573,0.290306,1.01184,0,0,0
14.0615,2,0.838122,2.13466,4.35002,-0.209173,-0.16082,0.467917,1.20526,0,0,0
14.0615,3,0,0,0,0,0,0,0,0,0,0
14.0615,4,0,0,0,0,0,0,0,0,0,0
14.0615,5,0,0,0,0,0,0,0,0,0,0
14.1203,0,-0.880807,-0.0265498,3.3864,-0.119431,0.0524395,0.235806,0.813259,0,0,0
14.1203,1,1.94111,-0.569086,4.10179,0.0865266,0.182488,0.283149,0.99612,0,0,0
14.1203,2,0.835898,2.12652,4.37104,-0.168418,-0.163552,0.465678,1.20526,0,0,0
14.1203,3,0,0,0,0,0,0,0,0,0,0
14.1203,4,0,0,0,0,0,0,0,0,0,0
14.1203,5,0,0,0,0,0,0,0,0,0,0
14.1878,0,-0.88864,-0.0228623,3.39928,-0.122527,0.056104,0.24784,0.813259,0,0,0
14.1878,1,1.94304,-0.56417,4.11581,0.0892195,0.177722,0.274926,0.99612,0,0,0
14.1878,2,0.835267,2.11885,4.39879,-0.125745,-0.16401,0.461092,1.16003,0,0,0
14.1878,3,0,0,0,0,0,0,0,0,0,0
14.1878,4,0,0,0,0,0,0,0,0,0,0
14.1878,5,0,0,0,0,0,0,0,0,0,0
14.2482,0,-0.896898,-0.0183845,3.41206,-0.128322,0.0635463,0.251766,0.796205,0,0,0
14.2482,1,1.9434,-0.561824,4.12804,0.0856399,0.164638,0.268127,0.981957,0,0,0
14.2482,2,0.835697,2.11147,4.42523,-0.086621,-0.16356,0.45733,1.16003,0,0,0
14.2482,3,0,0,0,0,0,0,0,0,0,0
14.2482,4,0,0,0,0,0,0,0,0,0,0
14.2482,5,0,0,0,0,0,0,0,0,0,0
14.3009,0,-0.904144,-0.0150877,3.4223,-0.132026,0.0688406,0.248976,0.776386,0,0,0
14.3009,1,1.94392,-0.55877,4.14113,0.0821839,0.155586,0.261311,0.981957,0,0,0
14.3009,2,0.836829,2.10438,4.44523,-0.0541184,-0.161834,0.451304,1.11549,0,0,0
14.3009,3,0,0,0,0,0,0,0,0,0,0
14.3009,4,0,0,0,0,0,0,0,0,0,0
14.3009,5,0,0,0,0,0,0,0,0,0,0
14.3573,0,-0.904144,-0.0150877,3.4223,-0.132026,0.0688406,0.248976,0.776386,0,0,0
14.3573,1,1.94207,-0.559034,4.15626,0.0709148,0.13586,0.255962,0.968777,0,0,0
14.3573,2,0.838669,2.09621,4.46833,-0.0175714,-0.162611,0.440026,1.11549,0,0,0
14.3573,3,0,0,0,0,0,0,0,0,0,0
14.3573,4,0,0,0,0,0,0,0,0,0,0
14.3573,5,0,0,0,0,0,0,0,0,0,0
14.4152,0,-0.923619,-0.00230165,3.45157,-0.154097,0.0993759,0.232546,0.758589,0,0,0
14.4152,1,1.94038,-0.556174,4.1695,0.0602418,0.128756,0.250657,0.968777,0,0,0
14.4152,2,0.840797,2.09027,4.49181,0.0149777,-0.156608,0.421563,1.07998,0,0,0
14.4152,3,0,0,0,0,0,0,0,0,0,0
14.4152,4,0,0,0,0,0,0,0,0,0,0
14.4152,5,0,0,0,0,0,0,0,0,0,0
14.4655,0,-0.928478,-0.000201403,3.46054,-0.14638,0.0974079,0.224222,0.758589,0,0,0
14.4655,1,1.94077,-0.553287,4.18013,0.0585853,0.122874,0.245868,0.951391,0,0,0
14.4655,2,0.842544,2.08474,4.51219,0.0417609,-0.152645,0.401064,1.07998,0,0,0
14.4655,3,0,0,0,0,0,0,0,0,0,0
14.4655,4,0,0,0,0,0,0,0,0,0,0
14.4655,5,0,0,0,0,0,0,0,0,0,0
14.5183,0,-0.936355,0.00352958,3.47423,-0.146694,0.0984852,0.214044,0.741138,0,0,0
14.5183,1,1.93564,-0.555732,4.19384,0.0392268,0.100946,0.236025,0.951391,0,0,0
14.5183,2,0.843157,2.08052,4.53407,0.0591922,-0.142992,0.372792,1.04779,0,0,0
14.5183,3,0,0,0,0,0,0,0,0,0,0
14.5183,4,0,0,0,0,0,0,0,0,0,0
14.5183,5,0,0,0,0,0,0,0,0,0,0
14.5706,0,-0.936355,0.00352958,3.47423,-0.146694,0.0984852,0.214044,0.741138,0,0,0
14.5706,1,1.93235,-0.553838,4.2057,0.0283235,0.0971706,0.22119,0.935787,0,0,0
14.5706,2,0.843023,2.07559,4.55767,0.0695463,-0.136116,0.347604,1.04779,0,0,0
14.5706,3,0,0,0,0,0,0,0,0,0,0
14.5706,4,0,0,0,0,0,0,0,0,0,0
14.5706,5,0,0,0,0,0,0,0,0,0,0
14.6289,0,-0.950787,0.00714305,3.49754,-0.14297,0.0865927,0.189189,0.723773,0,0,0
14.6289,1,1.92857,-0.55355,4.21731,0.0184362,0.0883455,0.19958,0.935787,0,0,0
14.6289,2,0.840342,2.0717,4.57695,0.0680284,-0.12524,0.325126,1.01574,0,0,0
14.6289,3,0,0,0,0,0,0,0,0,0,0
14.6289,4,0,0,0,0,0,0,0,0,0,0
14.6289,5,0,0,0,0,0,0,0,0,0,0
14.6897,0,-0.951175,-0.000336697,3.50682,-0.118103,0.0490508,0.185594,0.723773,0,0,0
14.6897,1,1.92382,-0.553033,4.22719,0.00688049,0.083024,0.177259,0.918593,0,0,0
14.6897,2,0.83623,2.0693,4.59142,0.058721,-0.110243,0.310124,1.01574,0,0,0
14.6897,3,0,0,0,0,0,0,0,0,0,0
14.6897,4,0,0,0,0,0,0,0,0,0,0
14.6897,5,0,0,0,0,0,0,0,0,0,0
14.7502,0,-0.953934,-0.00627464,3.51449,-0.103365,0.019567,0.178229,0.710101,0,0,0
14.7502,1,1.91762,-0.553715,4.23541,-0.00995606,0.073827,0.154176,0.918593,0,0,0
14.7502,2,0.829966,2.06663,4.60707,0.0418615,-0.0961024,0.298143,0.989695,0,0,0
14.7502,3,0,0,0,0,0,0,0,0,0,0
14.7502,4,0,0,0,0,0,0,0,0,0,0
14.7502,5,0,0,0,0,0,0,0,0,0,0
14.808,0,-0.956228,-0.0129447,3.52367,-0.0887133,-0.00996359,0.164716,0.710101,0,0,0
14.808,1,1.91308,-0.555491,4.2413,-0.0192871,0.0607845,0.135146,0.901091,0,0,0
14.808,2,0.829652,2.06059,4.61757,0.0464475,-0.0961329,0.288953,0.966552,0,0,0
14.808,3,0,0,0,0,0,0,0,0,0,0
14.808,4,0,0,0,0,0,0,0,0,0,0
14.808,5,0,0,0,0,0,0,0,0,0,0
14.8677,0,-0.956987,-0.0227118,3.53146,-0.0683983,-0.0456715,0.159552,0.700239,0,0,0
14.8677,1,1.90579,-0.560054,4.24756,-0.0372708,0.0394982,0.121463,0.901091,0,0,0
14.8677,2,0.810526,2.06254,4.63649,-0.0150317,-0.0708022,0.286433,0.966552,0,0,0
14.8677,3,0,0,0,0,0,0,0,0,0,0
14.8677,4,0,0,0,0,0,0,0,0,0,0
14.8677,5,0,0,0,0,0,0,0,0,0,0
14.9205,0,-0.958797,-0.0280266,3.53775,-0.0576776,-0.0610255,0.154883,0.700239,0,0,0
14.9205,1,1.89371,-0.567016,4.25934,-0.0713664,0.0112592,0.102415,0.88676,0,0,0
14.9205,2,0.793071,2.06621,4.65211,-0.0680391,-0.039977,0.282598,0.93605,0,0,0
14.9205,3,0,0,0,0,0,0,0,0,0,0
14.9205,4,0,0,0,0,0,0,0,0,0,0
14.9205,5,0,0,0,0,0,0,0,0,0,0
14.9805,0,-0.958318,-0.0431673,3.54571,-0.0384811,-0.108089,0.149428,0.692602,0,0,0
14.9805,1,1.8824,-0.573301,4.26234,-0.0981249,-0.0109116,0.100084,0.88676,0,0,0
14.9805,2,0.777331,2.0632,4.66492,-0.106948,-0.0369889,0.277698,0.93605,0,0,0
14.9805,3,0,0,0,0,0,0,0,0,0,0
14.9805,4,0,0,0,0,0,0,0,0,0,0
14.9805,5,0,0,0,0,0,0,0,0,0,0
15.0382,0,-0.959659,-0.0570741,3.55507,-0.0291133,-0.141984,0.144845,0.692602,0,0,0
15.0382,1,1.87113,-0.582325,4.26794,-0.120397,-0.0399618,0.0962968,0.862846,0,0,0
15.0382,2,0.768385,2.05851,4.67957,-0.116924,-0.0414599,0.265372,0.905729,0,0,0
15.0382,3,0,0,0,0,0,0,0,0,0,0
15.0382,4,0,0,0,0,0,0,0,0,0,0
15.0382,5,0,0,0,0,0,0,0,0,0,0
15.0986,0,-0.961707,-0.0675175,3.56248,-0.0253896,-0.159466,0.140061,0.685542,0,0,0
15.0986,1,1.86006,-0.591307,4.27268,-0.139146,-0.0652669,0.0938854,0.950914,0,0,0
15.0986,2,0.736942,2.06643,4.69466,-0.197291,-0.00215615,0.26113,0.905729,0,0,0
15.0986,3,0,0,0,0,0,0,0,0,0,0
15.0986,4,0,0,0,0,0,0,0,0,0,0
15.0986,5,0,0,0,0,0,0,0,0,0,0
15.1589,0,-0.963748,-0.0764265,3.56831,-0.0236364,-0.169724,0.136464,0.685542,0,0,0
15.1589,1,1.84628,-0.603863,4.27788,-0.164225,-0.099688,0.0841295,0.950914,0,0,0
15.1589,2,0.719702,2.06467,4.70952,-0.222831,-0.00143191,0.259242,0.875834,0,0,0
15.1589,3,0,0,0,0,0,0,0,0,0,0
15.1589,4,0,0,0,0,0,0,0,0,0,0
15.1589,5,0,0,0,0,0,0,0,0,0,0
15.212,0,-0.96569,-0.0877522,3.57562,-0.0215456,-0.184442,0.132797,0.653459,0,0,0
15.212,1,1.83012,-0.619645,4.28326,-0.192094,-0.139123,0.0825681,0.920535,0,0,0
15.212,2,0.697442,2.0659,4.71931,-0.263304,0.0113179,0.246023,0.875834,0,0,0
15.212,3,0,0,0,0,0,0,0,0,0,0
15.212,4,0,0,0,0,0,0,0,0,0,0
15.212,5,0,0,0,0,0,0,0,0,0,0
15.2738,0,-0.96401,-0.103908,3.58359,-0.00816352,-0.210959,0.129561,0.653459,0,0,0
15.2738,1,1.81623,-0.634042,4.28381,-0.207176,-0.167622,0.0875363,0.920535,0,0,0
15.2738,2,0.678337,2.06611,4.73439,-0.284469,0.0164374,0.237302,0.849838,0,0,0
15.2738,3,0,0,0,0,0,0,0,0,0,0
15.2738,4,0,0,0,0,0,0,0,0,0,0
15.2738,5,0,0,0,0,0,0,0,0,0,0
15.324,0,-0.966117,-0.112017,3.58967,-0.00983121,-0.210646,0.127078,0.639136,0,0,0
15.324,1,1.80333,-0.648069,4.29362,-0.219486,-0.193168,0.0765086,0.893676,0,0,0
15.324,2,0.660031,2.06656,4.74991,-0.301526,0.0212621,0.225141,0.849838,0,0,0
15.324,3,0,0,0,0,0,0,0,0,0,0
15.324,4,0,0,0,0,0,0,0,0,0,0
15.324,5,0,0,0,0,0,0,0,0,0,0
15.3776,0,-0.966642,-0.111127,3.5962,-0.011854,-0.207449,0.123499,0.639136,0,0,0
15.3776,1,1.79148,-0.661517,4.29829,-0.224535,-0.211341,0.0774136,0.893676,0,0,0
15.3776,2,0.642761,2.0673,4.76201,-0.312082,0.0262057,0.217585,0.826275,0,0,0
15.3776,3,0,0,0,0,0,0,0,0,0,0
15.3776,4,0,0,0,0,0,0,0,0,0,0
15.3776,5,0,0,0,0,0,0,0,0,0,0
15.4286,0,-0.967894,-0.128147,3.60405,-0.00547797,-0.20624,0.124108,0.629719,0,0,0
15.4286,1,1.77488,-0.680837,4.29857,-0.235867,-0.238542,0.0810271,0.870478,0,0,0
15.4286,2,0.618912,2.06519,4.77168,-0.327727,0.0220223,0.213436,0.826275,0,0,0
15.4286,3,0,0,0,0,0,0,0,0,0,0
15.4286,4,0,0,0,0,0,0,0,0,0,0
15.4286,5,0,0,0,0,0,0,0,0,0,0
15.4844,0,-0.968198,-0.139101,3.60931,-0.00074587,-0.213917,0.126265,0.629719,0,0,0
15.4844,1,1.76357,-0.694178,4.3035,-0.237744,-0.250567,0.080035,0.870478,0,0,0
15.4844,2,0.608148,2.06591,4.78201,-0.310423,0.0246006,0.2091,0.812825,0,0,0
15.4844,3,0,0,0,0,0,0,0,0,0,0
15.4844,4,0,0,0,0,0,0,0,0,0,0
15.4844,5,0,0,0,0,0,0,0,0,0,0
15.5349,0,-0.968562,-0.13487,3.61745,-0.00116783,-0.200726,0.129276,0.619614,0,0,0
15.5349,1,1.75276,-0.706898,4.31444,-0.238524,-0.259291,0.0832474,0.84559,0,0,0
15.5349,2,0.588958,2.06682,4.79658,-0.329293,0.0305766,0.204256,0.812825,0,0,0
15.5349,3,0,0,0,0,0,0,0,0,0,0
15.5349,4,0,0,0,0,0,0,0,0,0,0
15.5349,5,0,0,0,0,0,0,0,0,0,0
15.5858,0,-0.970112,-0.150305,3.62554,0.00288309,-0.198561,0.13093,0.619614,0,0,0
15.5858,1,1.74321,-0.71778,4.32219,-0.234646,-0.259606,0.102841,0.84559,0,0,0
15.5858,2,0.571137,2.06624,4.81236,-0.340691,0.0292642,0.207151,0.783597,0,0,0
15.5858,3,0,0,0,0,0,0,0,0,0,0
15.5858,4,0,0,0,0,0,0,0,0,0,0
15.5858,5,0,0,0,0,0,0,0,0,0,0
15.6435,0,-0.971614,-0.156751,3.63229,0.00321079,-0.192053,0.135687,0.607621,0,0,0
15.6435,1,1.73378,-0.728799,4.33151,-0.232705,-0.261395,0.146368,0.822663,0,0,0
15.6435,2,0.564038,2.06167,4.81073,-0.313043,0.0129289,0.225418,0.783597,0,0,0
15.6435,3,0,0,0,0,0,0,0,0,0,0
15.6435,4,0,0,0,0,0,0,0,0,0,0
15.6435,5,0,0,0,0,0,0,0,0,0,0
15.7084,0,-0.974625,-0.158706,3.6394,-0.00259491,-0.174718,0.137999,0.607621,0,0,0
15.7084,1,1.72667,-0.736923,4.33975,-0.223549,-0.252262,0.161684,0.822663,0,0,0
15.7084,2,0.551126,2.05795,4.82695,-0.304295,0.00125383,0.230106,0.765689,0,0,0
15.7084,3,0,0,0,0,0,0,0,0,0,0
15.7084,4,0,0,0,0,0,0,0,0,0,0
15.7084,5,0,0,0,0,0,0,0,0,0,0
15.7637,0,-0.978958,-0.159589,3.6461,-0.0125838,-0.154957,0.138626,0.599316,0,0,0
15.7637,1,1.72079,-0.743694,4.35317,-0.21069,-0.238279,0.19877,0.800846,0,0,0
15.7637,2,0.545108,2.05443,4.83869,-0.277575,-0.0106901,0.239417,0.765689,0,0,0
15.7637,3,0,0,0,0,0,0,0,0,0,0
15.7637,4,0,0,0,0,0,0,0,0,0,0
15.7637,5,0,0,0,0,0,0,0,0,0,0
15.8196,0,-0.984087,-0.158437,3.65267,-0.0244969,-0.130136,0.13894,0.599316,0,0,0
15.8196,1,1.71566,-0.749789,4.3664,-0.197852,-0.224238,0.233812,0.800846,0,0,0
15.8196,2,0.53266,2.05439,4.85265,-0.27494,-0.00748072,0.240571,0.75666,0,0,0
15.8196,3,0,0,0,0,0,0,0,0,0,0
15.8196,4,0,0,0,0,0,0,0,0,0,0
15.8196,5,0,0,0,0,0,0,0,0,0,0
15.8787,0,-0.991084,-0.150257,3.6596,-0.0427281,-0.0819976,0.13935,0.594268,0,0,0
15.8787,1,1.71577,-0.750404,4.38223,-0.167554,-0.191432,0.270899,0.779459,0,0,0
15.8787,2,0.529426,2.04934,4.86763,-0.239176,-0.0215455,0.244328,0.75666,0,0,0
15.8787,3,0,0,0,0,0,0,0,0,0,0
15.8787,4,0,0,0,0,0,0,0,0,0,0
15.8787,5,0,0,0,0,0,0,0,0,0,0
15.9289,0,-1.00201,-0.143497,3.66627,-0.0749934,-0.0415301,0.136309,0.594268,0,0,0
15.9289,1,1.7131,-0.756228,4.38235,-0.148101,-0.179371,0.291034,0.779459,0,0,0
15.9289,2,0.531847,2.04403,4.8813,-0.192685,-0.0350267,0.246049,0.729105,0,0,0
15.9289,3,0,0,0,0,0,0,0,0,0,0
15.9289,4,0,0,0,0,0,0,0,0,0,0
15.9289,5,0,0,0,0,0,0,0,0,0,0
15.9791,0,-1.01021,-0.138439,3.67492,-0.0926945,-0.0130866,0.130377,0.594064,0,0,0
15.9791,1,1.71513,-0.756725,4.41637,-0.115612,-0.151476,0.315656,0.758913,0,0,0
15.9791,2,0.541663,2.03633,4.89262,-0.12449,-0.0564579,0.248334,0.729105,0,0,0
15.9791,3,0,0,0,0,0,0,0,0,0,0
15.9791,4,0,0,0,0,0,0,0,0,0,0
15.9791,5,0,0,0,0,0,0,0,0,0,0
16.0344,0,-1.01827,-0.132128,3.68216,-0.107244,0.0150451,0.124798,0.594064,0,0,0
16.0344,1,1.71858,-0.756408,4.43657,-0.0797091,-0.12251,0.330226,0.758913,0,0,0
16.0344,2,0.548778,2.03248,4.90804,-0.0690018,-0.0642474,0.245904,0.713823,0,0,0
16.0344,3,0,0,0,0,0,0,0,0,0,0
16.0344,4,0,0,0,0,0,0,0,0,0,0
16.0344,5,0,0,0,0,0,0,0,0,0,0
16.095,0,-1.02671,-0.125569,3.68884,-0.119901,0.0398165,0.118436,0.592303,0,0,0
16.095,1,1.72165,-0.756981,4.44543,-0.0502172,-0.101697,0.324466,0.74955,0,0,0
16.095,2,0.555235,2.02647,4.92052,-0.0239438,-0.0763782,0.242304,0.713823,0,0,0
16.095,3,0,0,0,0,0,0,0,0,0,0
16.095,4,0,0,0,0,0,0,0,0,0,0
16.095,5,0,0,0,0,0,0,0,0,0,0
16.1473,0,-1.03573,-0.119352,3.69437,-0.131934,0.0591212,0.112262,0.592303,0,0,0
16.1473,1,1.7268,-0.756744,4.46316,-0.0178252,-0.0824504,0.309628,0.74955,0,0,0
16.1473,2,0.562122,2.02467,4.93372,0.0144197,-0.0718394,0.236399,0.706197,0,0,0
16.1473,3,0,0,0,0,0,0,0,0,0,0
16.1473,4,0,0,0,0,0,0,0,0,0,0
16.1473,5,0,0,0,0,0,0,0,0,0,0
16.205,0,-1.04241,-0.113896,3.7002,-0.134958,0.0726651,0.108511,0.595124,0,0,0
16.205,1,1.73112,-0.75503,4.4778,0.00573737,-0.0609338,0.304924,0.741033,0,0,0
16.205,2,0.568839,2.02042,4.94463,0.0457652,-0.0745042,0.231579,0.706197,0,0,0
16.205,3,0,0,0,0,0,0,0,0,0,0
16.205,4,0,0,0,0,0,0,0,0,0,0
16.205,5,0,0,0,0,0,0,0,0,0,0
16.2568,0,-1.04927,-0.110298,3.70546,-0.13731,0.0771899,0.105586,0.595124,0,0,0
16.2568,1,1.73671,-0.754816,4.49448,0.0316199,-0.047934,0.294034,0.741033,0,0,0
16.2568,2,0.578322,2.01477,4.95607,0.0818203,-0.0824252,0.225535,0.697615,0,0,0
16.2568,3,0,0,0,0,0,0,0,0,0,0
16.2568,4,0,0,0,0,0,0,0,0,0,0
16.2568,5,0,0,0,0,0,0,0,0,0,0
16.3172,0,-1.05927,-0.101477,3.7164,-0.148812,0.0970429,0.101564,0.596854,0,0,0
16.3172,1,1.7416,-0.754406,4.5069,0.0505018,-0.0360365,0.284881,0.732009,0,0,0
16.3172,2,0.585783,2.01173,4.96697,0.10419,-0.0786345,0.219762,0.697615,0,0,0
16.3172,3,0,0,0,0,0,0,0,0,0,0
16.3172,4,0,0,0,0,0,0,0,0,0,0
16.3172,5,0,0,0,0,0,0,0,0,0,0
16.3676,0,-1.06727,-0.0965149,3.72093,-0.151949,0.101862,0.0980444,0.596854,0,0,0
16.3676,1,1.74624,-0.754912,4.52353,0.0650132,-0.0287212,0.275295,0.732009,0,0,0
16.3676,2,0.589067,2.01091,4.97887,0.106721,-0.0659496,0.2144,0.68908,0,0,0
16.3676,3,0,0,0,0,0,0,0,0,0,0
16.3676,4,0,0,0,0,0,0,0,0,0,0
16.3676,5,0,0,0,0,0,0,0,0,0,0
16.4257,0,-1.07348,-0.0914405,3.72566,-0.148522,0.105452,0.0950776,0.599739,0,0,0
16.4257,1,1.75051,-0.753843,4.53624,0.0756377,-0.0178577,0.266914,0.725503,0,0,0
16.4257,2,0.59917,2.0052,4.99142,0.133458,-0.0748257,0.207817,0.68908,0,0,0
16.4257,3,0,0,0,0,0,0,0,0,0,0
16.4257,4,0,0,0,0,0,0,0,0,0,0
16.4257,5,0,0,0,0,0,0,0,0,0,0
16.486,0,-1.08455,-0.0830719,3.73128,-0.164178,0.122095,0.0910267,0.599739,0,0,0
16.486,1,1.7545,-0.753466,4.54903,0.0833352,-0.0107186,0.256962,0.725503,0,0,0
16.486,2,0.60642,2.00188,5.00091,0.14589,-0.0736224,0.200892,0.682091,0,0,0
16.486,3,0,0,0,0,0,0,0,0,0,0
16.486,4,0,0,0,0,0,0,0,0,0,0
16.486,5,0,0,0,0,0,0,0,0,0,0
16.5538,0,-1.09108,-0.0786131,3.73467,-0.160727,0.121449,0.0854609,0.606596,0,0,0
16.5538,1,1.75802,-0.753594,4.56199,0.0877709,-0.00627163,0.2494,0.720436,0,0,0
16.5538,2,0.614433,1.99732,5.01091,0.158465,-0.0761226,0.19485,0.682091,0,0,0
16.5538,3,0,0,0,0,0,0,0,0,0,0
16.5538,4,0,0,0,0,0,0,0,0,0,0
16.5538,5,0,0,0,0,0,0,0,0,0,0
16.604,0,-1.09587,-0.075367,3.73901,-0.150615,0.115946,0.0784544,0.606596,0,0,0
16.604,1,1.76072,-0.753277,4.57575,0.0881418,-0.000881929,0.243078,0.720436,0,0,0
16.604,2,0.612212,1.99788,5.0206,0.150259,-0.0737771,0.189961,0.676477,0,0,0
16.604,3,0,0,0,0,0,0,0,0,0,0
16.604,4,0,0,0,0,0,0,0,0,0,0
16.604,5,0,0,0,0,0,0,0,0,0,0
16.6602,0,-1.09587,-0.075367,3.73901,-0.150615,0.115946,0.0784544,0.610882,0,0,0
16.6602,1,1.76279,-0.752955,4.587,0.085963,0.00390132,0.233816,0.714245,0,0,0
16.6602,2,0.618555,1.99362,5.03082,0.153665,-0.0737675,0.185571,0.676477,0,0,0
16.6602,3,0,0,0,0,0,0,0,0,0,0
16.6602,4,0,0,0,0,0,0,0,0,0,0
16.6602,5,0,0,0,0,0,0,0,0,0,0
16.7129,0,-1.10184,-0.070941,3.74333,-0.14564,0.115307,0.0611447,0.610882,0,0,0
16.7129,1,1.76404,-0.752623,4.59785,0.0812571,0.00853426,0.223307,0.714245,0,0,0
16.7129,2,0.63138,1.98634,5.04029,0.162994,-0.0727213,0.182825,0.671479,0,0,0
16.7129,3,0,0,0,0,0,0,0,0,0,0
16.7129,4,0,0,0,0,0,0,0,0,0,0
16.7129,5,0,0,0,0,0,0,0,0,0,0
16.7631,0,-1.10571,-0.0682456,3.74745,-0.134702,0.108845,0.0518697,0.673341,0,0,0
16.7631,1,1.76518,-0.752079,4.60871,0.0777268,0.0141373,0.206799,0.708146,0,0,0
16.7631,2,0.636094,1.98262,5.04895,0.161859,-0.0728622,0.179406,0.671479,0,0,0
16.7631,3,0,0,0,0,0,0,0,0,0,0
16.7631,4,0,0,0,0,0,0,0,0,0,0
16.7631,5,0,0,0,0,0,0,0,0,0,0
16.8235,0,-1.10867,-0.0666543,3.75253,-0.119601,0.0978445,0.0434373,0.673341,0,0,0
16.8235,1,1.76518,-0.751976,4.61992,0.0712464,0.0188694,0.177452,0.708146,0,0,0
16.8235,2,0.64184,1.97821,5.05567,0.161972,-0.0737061,0.176189,0.665699,0,0,0
16.8235,3,0,0,0,0,0,0,0,0,0,0
16.8235,4,0,0,0,0,0,0,0,0,0,0
16.8235,5,0,0,0,0,0,0,0,0,0,0
16.8814,0,-1.10963,-0.0669331,3.75259,-0.100329,0.0821109,0.0423244,0.667434,0,0,0
16.8814,1,1.76497,-0.751166,4.62762,0.0635361,0.0237856,0.158505,0.700728,0,0,0
16.8814,2,0.645276,1.97476,5.06784,0.155669,-0.0723195,0.172643,0.665699,0,0,0
16.8814,3,0,0,0,0,0,0,0,0,0,0
16.8814,4,0,0,0,0,0,0,0,0,0,0
16.8814,5,0,0,0,0,0,0,0,0,0,0
16.9368,0,-1.10934,-0.0695326,3.7552,-0.0792291,0.0609151,0.0521595,0.667434,0,0,0
16.9368,1,1.76275,-0.75241,4.63586,0.0488266,0.0211365,0.124052,0.700728,0,0,0
16.9368,2,0.64168,1.97455,5.0781,0.142795,-0.0727182,0.169664,0.66032,0,0,0
16.9368,3,0,0,0,0,0,0,0,0,0,0
16.9368,4,0,0,0,0,0,0,0,0,0,0
16.9368,5,0,0,0,0,0,0,0,0,0,0
16.9973,0,-1.10786,-0.0738626,3.75901,-0.0569362,0.0364892,0.0584464,0.664944,0,0,0
16.9973,1,1.76017,-0.752846,4.64125,0.0344434,0.0203681,0.105114,0.692923,0,0,0
16.9973,2,0.646656,1.9698,5.08705,0.14323,-0.0769029,0.160256,0.66032,0,0,0
16.9973,3,0,0,0,0,0,0,0,0,0,0
16.9973,4,0,0,0,0,0,0,0,0,0,0
16.9973,5,0,0,0,0,0,0,0,0,0,0
17.0507,0,-1.10584,-0.0804201,3.76318,-0.0354327,0.00833638,0.0771315,0.664944,0,0,0
17.0507,1,1.75515,-0.756565,4.64684,0.0133973,0.0077325,0.0847564,0.692923,0,0,0
17.0507,2,0.651122,1.96482,5.09374,0.139749,-0.0801822,0.149362,0.654999,0,0,0
17.0507,3,0,0,0,0,0,0,0,0,0,0
17.0507,4,0,0,0,0,0,0,0,0,0,0
17.0507,5,0,0,0,0,0,0,0,0,0,0
17.1059,0,-1.10412,-0.0894332,3.76787,-0.017004,-0.0239455,0.106741,0.655436,0,0,0
17.1059,1,1.7477,-0.762433,4.64868,-0.00959411,-0.00697342,0.0729327,0.682974,0,0,0
17.1059,2,0.654635,1.96079,5.1028,0.134423,-0.0804028,0.133366,0.654999,0,0,0
17.1059,3,0,0,0,0,0,0,0,0,0,0
17.1059,4,0,0,0,0,0,0,0,0,0,0
17.1059,5,0,0,0,0,0,0,0,0,0,0
17.1618,0,-1.10012,-0.110681,3.78043,0.0138678,-0.0897436,0.136097,0.642269,0,0,0
17.1618,1,1.73815,-0.770468,4.65251,-0.0371579,-0.0291312,0.0648776,0.682974,0,0,0
17.1618,2,0.657997,1.95705,5.10886,0.12964,-0.0796414,0.115466,0.649491,0,0,0
17.1618,3,0,0,0,0,0,0,0,0,0,0
17.1618,4,0,0,0,0,0,0,0,0,0,0
17.1618,5,0,0,0,0,0,0,0,0,0,0
17.2172,0,-1.09932,-0.123149,3.7878,0.0209139,-0.122225,0.139646,0.642269,0,0,0
17.2172,1,1.73096,-0.777012,4.65524,-0.0632932,-0.0528837,0.0603504,0.668294,0,0,0
17.2172,2,0.666463,1.94973,5.11463,0.12869,-0.0779722,0.0920602,0.649491,0,0,0
17.2172,3,0,0,0,0,0,0,0,0,0,0
17.2172,4,0,0,0,0,0,0,0,0,0,0
17.2172,5,0,0,0,0,0,0,0,0,0,0
17.2809,0,-1.09932,-0.123149,3.7878,0.0209139,-0.122225,0.139646,0.628587,0,0,0
17.2809,1,1.72226,-0.785439,4.65818,-0.083775,-0.0733434,0.0560895,0.668294,0,0,0
17.2809,2,0.66812,1.94652,5.11936,0.120142,-0.0758147,0.0730939,0.644498,0,0,0
17.2809,3,0,0,0,0,0,0,0,0,0,0
17.2809,4,0,0,0,0,0,0,0,0,0,0
17.2809,5,0,0,0,0,0,0,0,0,0,0
17.3321,0,-1.09992,-0.136808,3.7966,0.0217867,-0.151392,0.149074,0.628587,0,0,0
17.3321,1,1.71475,-0.793084,4.66101,-0.0968607,-0.0880542,0.0531717,0.65534,0,0,0
17.3321,2,0.66316,1.94762,5.12251,0.102035,-0.0709438,0.0567962,0.644498,0,0,0
17.3321,3,0,0,0,0,0,0,0,0,0,0
17.3321,4,0,0,0,0,0,0,0,0,0,0
17.3321,5,0,0,0,0,0,0,0,0,0,0
17.3884,0,-1.10071,-0.150089,3.8022,0.0206118,-0.177504,0.14883,0.616174,0,0,0
17.3884,1,1.69471,-0.813513,4.66365,-0.131408,-0.12544,0.0521148,0.65534,0,0,0
17.3884,2,0.662532,1.94597,5.12642,0.0861497,-0.0634547,0.0477396,0.641041,0,0,0
17.3884,3,0,0,0,0,0,0,0,0,0,0
17.3884,4,0,0,0,0,0,0,0,0,0,0
17.3884,5,0,0,0,0,0,0,0,0,0,0
17.4399,0,-1.10135,-0.164688,3.81157,0.0196809,-0.204179,0.146316,0.616174,0,0,0
17.4399,1,1.68157,-0.828516,4.66619,-0.152414,-0.153007,0.0503784,0.63622,0,0,0
17.4399,2,0.662563,1.94162,5.12896,0.065662,-0.0544726,0.0416766,0.641041,0,0,0
17.4399,3,0,0,0,0,0,0,0,0,0,0
17.4399,4,0,0,0,0,0,0,0,0,0,0
17.4399,5,0,0,0,0,0,0,0,0,0,0
17.5027,0,-1.10735,-0.179274,3.81908,-0.000273583,-0.226432,0.144628,0.604962,0,0,0
17.5027,1,1.67043,-0.841249,4.66911,-0.166581,-0.172023,0.045757,0.621808,0,0,0
17.5027,2,0.655742,1.9411,5.13007,0.0363358,-0.0455629,0.0390989,0.635425,0,0,0
17.5027,3,0,0,0,0,0,0,0,0,0,0
17.5027,4,0,0,0,0,0,0,0,0,0,0
17.5027,5,0,0,0,0,0,0,0,0,0,0
17.5544,0,-1.10929,-0.192927,3.82707,-0.00299982,-0.244097,0.14372,0.604962,0,0,0
17.5544,1,1.66053,-0.852985,4.67207,-0.174969,-0.185687,0.0362986,0.621808,0,0,0
17.5544,2,0.646944,1.94368,5.1315,0.00384241,-0.0284167,0.0346926,0.635425,0,0,0
17.5544,3,0,0,0,0,0,0,0,0,0,0
17.5544,4,0,0,0,0,0,0,0,0,0,0
17.5544,5,0,0,0,0,0,0,0,0,0,0
17.6101,0,-1.11378,-0.205788,3.83685,-0.0140733,-0.254566,0.143341,0.594263,0,0,0
17.6101,1,1.64766,-0.867629,4.67288,-0.190285,-0.205183,0.0400899,0.621808,0,0,0
17.6101,2,0.63019,1.94806,5.13363,-0.0530223,-0.00412165,0.042878,0.630395,0,0,0
17.6101,3,0,0,0,0,0,0,0,0,0,0
17.6101,4,0,0,0,0,0,0,0,0,0,0
17.6101,5,0,0,0,0,0,0,0,0,0,0
17.6694,0,-1.1178,-0.217456,3.84431,-0.0218414,-0.259491,0.145341,0.594263,0,0,0
17.6694,1,1.63799,-0.880477,4.6755,-0.195001,-0.218093,0.0396611,0.610646,0,0,0
17.6694,2,0.626254,1.94593,5.13526,-0.0681348,-0.00957188,0.0411058,0.630395,0,0,0
17.6694,3,0,0,0,0,0,0,0,0,0,0
17.6694,4,0,0,0,0,0,0,0,0,0,0
17.6694,5,0,0,0,0,0,0,0,0,0,0
17.7277,0,-1.12294,-0.226345,3.85346,-0.0337006,-0.255185,0.14668,0.586304,0,0,0
17.7277,1,1.63821,-0.880747,4.67849,-0.194766,-0.219805,0.0433096,0.610646,0,0,0
17.7277,2,0.611684,1.94598,5.13777,-0.108711,-0.00414341,0.0384201,0.623852,0,0,0
17.7277,3,0,0,0,0,0,0,0,0,0,0
17.7277,4,0,0,0,0,0,0,0,0,0,0
17.7277,5,0,0,0,0,0,0,0,0,0,0
17.7933,0,-1.13505,-0.237116,3.86957,-0.0602121,-0.2188,0.150283,0.586304,0,0,0
17.7933,1,1.61911,-0.903623,4.68344,-0.201549,-0.231704,0.0500524,0.606138,0,0,0
17.7933,2,0.596902,1.94925,5.14009,-0.145435,0.011603,0.038179,0.623852,0,0,0
17.7933,3,0,0,0,0,0,0,0,0,0,0
17.7933,4,0,0,0,0,0,0,0,0,0,0
17.7933,5,0,0,0,0,0,0,0,0,0,0
17.8538,0,-1.1423,-0.239001,3.87807,-0.0759977,-0.191834,0.152646,0.579355,0,0,0
17.8538,1,1.6111,-0.913549,4.69125,-0.200027,-0.232169,0.0644546,0.594401,0,0,0
17.8538,2,0.574455,1.94861,5.14226,-0.178468,0.0114772,0.035186,0.615821,0,0,0
17.8538,3,0,0,0,0,0,0,0,0,0,0
17.8538,4,0,0,0,0,0,0,0,0,0,0
17.8538,5,0,0,0,0,0,0,0,0,0,0
17.9117,0,-1.1423,-0.239001,3.87807,-0.0759977,-0.191834,0.152646,0.579355,0,0,0
17.9117,1,1.60513,-0.921044,4.6983,-0.193281,-0.225932,0.0844771,0.594401,0,0,0
17.9117,2,0.564006,1.95107,5.14454,-0.216952,0.0217085,0.0299764,0.615821,0,0,0
17.9117,3,0,0,0,0,0,0,0,0,0,0
17.9117,4,0,0,0,0,0,0,0,0,0,0
17.9117,5,0,0,0,0,0,0,0,0,0,0
17.9669,0,-1.14851,-0.238772,3.88513,-0.0863894,-0.160533,0.155311,0.572467,0,0,0
17.9669,1,1.60153,-0.925732,4.70551,-0.181074,-0.212874,0.108116,0.588429,0,0,0
17.9669,2,0.548611,1.95124,5.14629,-0.234816,0.0212962,0.0275067,0.606596,0,0,0
17.9669,3,0,0,0,0,0,0,0,0,0,0
17.9669,4,0,0,0,0,0,0,0,0,0,0
17.9669,5,0,0,0,0,0,0,0,0,0,0
18.0251,0,-1.15812,-0.235587,3.89334,-0.10802,-0.121408,0.154903,0.572467,0,0,0
18.0251,1,1.59845,-0.929849,4.71289,-0.166444,-0.197005,0.126786,0.588429,0,0,0
18.0251,2,0.519795,1.95329,5.14813,-0.258061,0.0259721,0.0271059,0.606596,0,0,0
18.0251,3,0,0,0,0,0,0,0,0,0,0
18.0251,4,0,0,0,0,0,0,0,0,0,0
18.0251,5,0,0,0,0,0,0,0,0,0,0
18.0803,0,-1.17632,-0.2259,3.90867,-0.135308,-0.0457906,0.153438,0.566902,0,0,0
18.0803,1,1.60624,-0.920948,4.71217,-0.139186,-0.165544,0.1428,0.587958,0,0,0
18.0803,2,0.507478,1.95392,5.15078,-0.262208,0.0265343,0.030832,0.596589,0,0,0
18.0803,3,0,0,0,0,0,0,0,0,0,0
18.0803,4,0,0,0,0,0,0,0,0,0,0
18.0803,5,0,0,0,0,0,0,0,0,0,0
18.1331,0,-1.18262,-0.219447,3.91236,-0.138125,-0.0121365,0.150463,0.566902,0,0,0
18.1331,1,1.60415,-0.923337,4.72114,-0.123891,-0.146963,0.154169,0.587958,0,0,0
18.1331,2,0.4946,1.95186,5.15417,-0.265997,0.0184915,0.0344885,0.589845,0,0,0
18.1331,3,0,0,0,0,0,0,0,0,0,0
18.1331,4,0,0,0,0,0,0,0,0,0,0
18.1331,5,0,0,0,0,0,0,0,0,0,0
18.1909,0,-1.18262,-0.219447,3.91236,-0.138125,-0.0121365,0.150463,0.563546,0,0,0
18.1909,1,1.60493,-0.923529,4.7298,-0.0840662,-0.102901,0.165106,0.585035,0,0,0
18.1909,2,0.480343,1.95246,5.15722,-0.278242,0.0202348,0.0492394,0.589845,0,0,0
18.1909,3,0,0,0,0,0,0,0,0,0,0
18.1909,4,0,0,0,0,0,0,0,0,0,0
18.1909,5,0,0,0,0,0,0,0,0,0,0
18.2537,0,-1.19179,-0.211931,3.92143,-0.150253,0.0210262,0.144713,0.563546,0,0,0
18.2537,1,1.61175,-0.915482,4.73909,-0.0587504,-0.0729084,0.167865,0.585035,0,0,0
18.2537,2,0.483198,1.95084,5.1612,-0.269384,0.0141463,0.0598035,0.587037,0,0,0
18.2537,3,0,0,0,0,0,0,0,0,0,0
18.2537,4,0,0,0,0,0,0,0,0,0,0
18.2537,5,0,0,0,0,0,0,0,0,0,0
18.3108,0,-1.20088,-0.203919,3.93135,-0.15873,0.0507043,0.136865,0.556105,0,0,0
18.3108,1,1.6153,-0.911588,4.75634,-0.03335,-0.0435268,0.167899,0.582905,0,0,0
18.3108,2,0.476703,1.94881,5.16561,-0.252618,0.00548101,0.0697222,0.587037,0,0,0
18.3108,3,0,0,0,0,0,0,0,0,0,0
18.3108,4,0,0,0,0,0,0,0,0,0,0
18.3108,5,0,0,0,0,0,0,0,0,0,0
18.3642,0,-1.21355,-0.192561,3.93821,-0.17606,0.0868873,0.130645,0.556105,0,0,0
18.3642,1,1.62107,-0.905573,4.76382,-0.0044921,-0.0117712,0.162646,0.582905,0,0,0
18.3642,2,0.470666,1.94603,5.17027,-0.235568,-0.00494599,0.0798439,0.580755,0,0,0
18.3642,3,0,0,0,0,0,0,0,0,0,0
18.3642,4,0,0,0,0,0,0,0,0,0,0
18.3642,5,0,0,0,0,0,0,0,0,0,0
18.4249,0,-1.22359,-0.182434,3.94609,-0.1837,0.113145,0.122745,0.555681,0,0,0
18.4249,1,1.62664,-0.899294,4.77257,0.0198071,0.0167794,0.150782,0.580661,0,0,0
18.4249,2,0.467555,1.94255,5.17476,-0.210027,-0.0166825,0.0866775,0.580755,0,0,0
18.4249,3,0,0,0,0,0,0,0,0,0,0
18.4249,4,0,0,0,0,0,0,0,0,0,0
18.4249,5,0,0,0,0,0,0,0,0,0,0
18.4795,0,-1.2335,-0.17294,3.95208,-0.189358,0.132879,0.117537,0.555681,0,0,0
18.4795,1,1.63127,-0.894055,4.77278,0.0367444,0.0368595,0.142208,0.580661,0,0,0
18.4795,2,0.458844,1.93811,5.1803,-0.178468,-0.025578,0.0918552,0.577198,0,0,0
18.4795,3,0,0,0,0,0,0,0,0,0,0
18.4795,4,0,0,0,0,0,0,0,0,0,0
18.4795,5,0,0,0,0,0,0,0,0,0,0
18.5358,0,-1.23956,-0.166637,3.95927,-0.179758,0.137427,0.108301,0.554497,0,0,0
18.5358,1,1.63622,-0.888381,4.78678,0.0521743,0.0551571,0.132638,0.582364,0,0,0
18.5358,2,0.461649,1.93384,5.18554,-0.142367,-0.0361223,0.0953662,0.577198,0,0,0
18.5358,3,0,0,0,0,0,0,0,0,0,0
18.5358,4,0,0,0,0,0,0,0,0,0,0
18.5358,5,0,0,0,0,0,0,0,0,0,0
18.5965,0,-1.24683,-0.159287,3.96453,-0.176349,0.145581,0.0970642,0.554497,0,0,0
18.5965,1,1.64168,-0.881871,4.78638,0.0660953,0.0725891,0.127654,0.582364,0,0,0
18.5965,2,0.471728,1.93171,5.1894,-0.105336,-0.0453446,0.0980278,0.568711,0,0,0
18.5965,3,0,0,0,0,0,0,0,0,0,0
18.5965,4,0,0,0,0,0,0,0,0,0,0
18.5965,5,0,0,0,0,0,0,0,0,0,0
18.6473,0,-1.25583,-0.149436,3.97139,-0.18011,0.161479,0.0789534,0.555457,0,0,0
18.6473,1,1.6453,-0.877413,4.79267,0.0723385,0.0811181,0.121081,0.58378,0,0,0
18.6473,2,0.475862,1.93092,5.19626,-0.0703647,-0.0419753,0.0972094,0.568711,0,0,0
18.6473,3,0,0,0,0,0,0,0,0,0,0
18.6473,4,0,0,0,0,0,0,0,0,0,0
18.6473,5,0,0,0,0,0,0,0,0,0,0
18.6989,0,-1.25922,-0.146664,3.97407,-0.162923,0.150109,0.0708255,0.555457,0,0,0
18.6989,1,1.64841,-0.873297,4.7987,0.0758025,0.0870887,0.118132,0.58378,0,0,0
18.6989,2,0.483422,1.92536,5.20093,-0.0273004,-0.0554533,0.0976393,0.569475,0,0,0
18.6989,3,0,0,0,0,0,0,0,0,0,0
18.6989,4,0,0,0,0,0,0,0,0,0,0
18.6989,5,0,0,0,0,0,0,0,0,0,0
18.7574,0,-1.26307,-0.142934,3.9783,-0.149297,0.142978,0.057687,0.555235,0,0,0
18.7574,1,1.65105,-0.86949,4.80452,0.076646,0.0906861,0.110977,0.584324,0,0,0
18.7574,2,0.489592,1.92332,5.20608,0.00318476,-0.0542775,0.0962381,0.569475,0,0,0
18.7574,3,0,0,0,0,0,0,0,0,0,0
18.7574,4,0,0,0,0,0,0,0,0,0,0
18.7574,5,0,0,0,0,0,0,0,0,0,0
18.8157,0,-1.26788,-0.139094,3.9823,-0.140823,0.137034,0.0497302,0.555235,0,0,0
18.8157,1,1.65475,-0.862797,4.8161,0.0808315,0.104548,0.093135,0.584324,0,0,0
18.8157,2,0.489592,1.92332,5.20608,0.00318476,-0.0542775,0.0962381,0.569475,0,0,0
18.8157,3,0,0,0,0,0,0,0,0,0,0
18.8157,4,0,0,0,0,0,0,0,0,0,0
18.8157,5,0,0,0,0,0,0,0,0,0,0
18.8762,0,-1.2698,-0.138754,3.98558,-0.117166,0.11457,0.0461108,0.554711,0,0,0
18.8762,1,1.65707,-0.858036,4.81607,0.079033,0.108716,0.0732652,0.583658,0,0,0
18.8762,2,0.507116,1.9172,5.21659,0.0676106,-0.0588745,0.0905515,0.566005,0,0,0
18.8762,3,0,0,0,0,0,0,0,0,0,0
18.8762,4,0,0,0,0,0,0,0,0,0,0
18.8762,5,0,0,0,0,0,0,0,0,0,0
18.9364,0,-1.27078,-0.140909,3.98772,-0.0984516,0.0902195,0.0453184,0.554711,0,0,0
18.9364,1,1.65846,-0.853875,4.82196,0.0735686,0.109242,0.0440474,0.583658,0,0,0
18.9364,2,0.516529,1.91363,5.22146,0.0954107,-0.0626921,0.0866416,0.565532,0,0,0
18.9364,3,0,0,0,0,0,0,0,0,0,0
18.9364,4,0,0,0,0,0,0,0,0,0,0
18.9364,5,0,0,0,0,0,0,0,0,0,0
18.9905,0,-1.26977,-0.145495,3.99046,-0.0742755,0.059666,0.0456418,0.551482,0,0,0
18.9905,1,1.65831,-0.851248,4.82327,0.0635157,0.104395,0.0210367,0.582899,0,0,0
18.9905,2,0.524501,1.91094,5.22563,0.113437,-0.0623538,0.0839819,0.565532,0,0,0
18.9905,3,0,0,0,0,0,0,0,0,0,0
18.9905,4,0,0,0,0,0,0,0,0,0,0
18.9905,5,0,0,0,0,0,0,0,0,0,0
19.0509,0,-1.27059,-0.150695,3.99261,-0.0598337,0.0314699,0.0473369,0.551482,0,0,0
19.0509,1,1.6615,-0.845965,4.82256,0.0660479,0.108632,-0.00158555,0.582899,0,0,0
19.0509,2,0.531527,1.9096,5.23042,0.124879,-0.0569565,0.0809027,0.565425,0,0,0
19.0509,3,0,0,0,0,0,0,0,0,0,0
19.0509,4,0,0,0,0,0,0,0,0,0,0
19.0509,5,0,0,0,0,0,0,0,0,0,0
19.1042,0,-1.26741,-0.161057,3.99562,-0.033658,-0.0115287,0.0483633,0.547008,0,0,0
19.1042,1,1.65429,-0.85022,4.82225,0.0344955,0.0814197,-0.0128513,0.582589,0,0,0
19.1042,2,0.531527,1.9096,5.23042,0.124879,-0.0569565,0.0809027,0.565425,0,0,0
19.1042,3,0,0,0,0,0,0,0,0,0,0
19.1042,4,0,0,0,0,0,0,0,0,0,0
19.1042,5,0,0,0,0,0,0,0,0,0,0
19.1682,0,-1.26634,-0.171843,3.99722,-0.0193263,-0.0493097,0.047883,0.547008,0,0,0
19.1682,1,1.65082,-0.851148,4.82137,0.0185343,0.0676751,-0.0190928,0.582589,0,0,0
19.1682,2,0.547635,1.90554,5.23798,0.146823,-0.0512006,0.0760618,0.566544,0,0,0
19.1682,3,0,0,0,0,0,0,0,0,0,0
19.1682,4,0,0,0,0,0,0,0,0,0,0
19.1682,5,0,0,0,0,0,0,0,0,0,0
19.2183,0,-1.26406,-0.182606,4.0003,-0.00330429,-0.0816253,0.048984,0.54322,0,0,0
19.2183,1,1.64385,-0.855587,4.82105,-0.00635832,0.0446479,-0.0188493,0.574892,0,0,0
19.2183,2,0.547635,1.90554,5.23798,0.146823,-0.0512006,0.0760618,0.566544,0,0,0
19.2183,3,0,0,0,0,0,0,0,0,0,0
19.2183,4,0,0,0,0,0,0,0,0,0,0
19.2183,5,0,0,0,0,0,0,0,0,0,0
19.2762,0,-1.26175,-0.19677,4.00345,0.0110154,-0.120399,0.0483208,0.54322,0,0,0
19.2762,1,1.63689,-0.860757,4.82005,-0.0280138,0.0217255,-0.0214786,0.574892,0,0,0
19.2762,2,0.557481,1.90181,5.24213,0.161139,-0.0551484,0.0731792,0.569692,0,0,0
19.2762,3,0,0,0,0,0,0,0,0,0,0
19.2762,4,0,0,0,0,0,0,0,0,0,0
19.2762,5,0,0,0,0,0,0,0,0,0,0
19.3347,0,-1.26142,-0.207526,4.00586,0.0149468,-0.140726,0.0466074,0.540736,0,0,0
19.3347,1,1.62626,-0.868527,4.81715,-0.051628,-0.00613365,-0.0286074,0.566244,0,0,0
19.3347,2,0.571735,1.89741,5.24656,0.165951,-0.0514076,0.066212,0.569692,0,0,0
19.3347,3,0,0,0,0,0,0,0,0,0,0
19.3347,4,0,0,0,0,0,0,0,0,0,0
19.3347,5,0,0,0,0,0,0,0,0,0,0
19.3888,0,-1.25761,-0.222735,4.00836,0.0311009,-0.173912,0.0419869,0.540736,0,0,0
19.3888,1,1.61963,-0.874855,4.81651,-0.0645724,-0.0241919,-0.028131,0.566244,0,0,0
19.3888,2,0.578713,1.89552,5.2498,0.165159,-0.0481872,0.0534125,0.57273,0,0,0
19.3888,3,0,0,0,0,0,0,0,0,0,0
19.3888,4,0,0,0,0,0,0,0,0,0,0
19.3888,5,0,0,0,0,0,0,0,0,0,0
19.4412,0,-1.2571,-0.235173,4.01112,0.0325679,-0.191094,0.0429568,0.539024,0,0,0
19.4412,1,1.60913,-0.885785,4.81637,-0.0869766,-0.0533654,-0.0208383,0.557228,0,0,0
19.4412,2,0.585758,1.89304,5.25215,0.16677,-0.0483507,0.0328849,0.57273,0,0,0
19.4412,3,0,0,0,0,0,0,0,0,0,0
19.4412,4,0,0,0,0,0,0,0,0,0,0
19.4412,5,0,0,0,0,0,0,0,0,0,0
19.5015,0,-1.2569,-0.24483,4.01347,0.0318152,-0.197209,0.0424301,0.539024,0,0,0
19.5015,1,1.59991,-0.895968,4.81525,-0.10335,-0.0775946,-0.0248275,0.557228,0,0,0
19.5015,2,0.589517,1.89166,5.25545,0.156486,-0.0439611,0.0170908,0.574431,0,0,0
19.5015,3,0,0,0,0,0,0,0,0,0,0
19.5015,4,0,0,0,0,0,0,0,0,0,0
19.5015,5,0,0,0,0,0,0,0,0,0,0
19.5576,0,-1.25425,-0.258215,4.01586,0.0403509,-0.215696,0.041601,0.539035,0,0,0
19.5576,1,1.5918,-0.905841,4.81482,-0.11439,-0.0979189,-0.0196396,0.550033,0,0,0
19.5576,2,0.597559,1.88911,5.25594,0.161243,-0.044468,8.90797e-05,0.574431,0,0,0
19.5576,3,0,0,0,0,0,0,0,0,0,0
19.5576,4,0,0,0,0,0,0,0,0,0,0
19.5576,5,0,0,0,0,0,0,0,0,0,0
19.6146,0,-1.25253,-0.270843,4.01868,0.0431849,-0.225125,0.0396445,0.539035,0,0,0
19.6146,1,1.58145,-0.917358,4.81374,-0.130817,-0.120633,-0.0199017,0.550033,0,0,0
19.6146,2,0.595361,1.89099,5.25533,0.13126,-0.0289725,-0.00360949,0.576013,0,0,0
19.6146,3,0,0,0,0,0,0,0,0,0,0
19.6146,4,0,0,0,0,0,0,0,0,0,0
19.6146,5,0,0,0,0,0,0,0,0,0,0
19.6698,0,-1.25402,-0.274423,4.01991,0.0348702,-0.206576,0.0427577,0.540436,0,0,0
19.6698,1,1.57319,-0.928527,4.81271,-0.138859,-0.139817,-0.024578,0.545502,0,0,0
19.6698,2,0.594612,1.89104,5.25444,0.108145,-0.0207221,-0.0142438,0.576013,0,0,0
19.6698,3,0,0,0,0,0,0,0,0,0,0
19.6698,4,0,0,0,0,0,0,0,0,0,0
19.6698,5,0,0,0,0,0,0,0,0,0,0
19.7273,0,-1.25281,-0.284331,4.02273,0.0367932,-0.210534,0.044431,0.540436,0,0,0
19.7273,1,1.56949,-0.934483,4.81216,-0.131241,-0.139933,-0.0206247,0.545502,0,0,0
19.7273,2,0.590975,1.89138,5.25315,0.078881,-0.013063,-0.0186353,0.574203,0,0,0
19.7273,3,0,0,0,0,0,0,0,0,0,0
19.7273,4,0,0,0,0,0,0,0,0,0,0
19.7273,5,0,0,0,0,0,0,0,0,0,0
19.7884,0,-1.25279,-0.291098,4.02571,0.0332721,-0.201264,0.0505035,0.540662,0,0,0
19.7884,1,1.56043,-0.946298,4.81113,-0.141279,-0.159237,-0.0206038,0.545254,0,0,0
19.7884,2,0.593166,1.88885,5.25199,0.075238,-0.0177496,-0.0246323,0.574203,0,0,0
19.7884,3,0,0,0,0,0,0,0,0,0,0
19.7884,4,0,0,0,0,0,0,0,0,0,0
19.7884,5,0,0,0,0,0,0,0,0,0,0
19.8555,0,-1.25141,-0.298678,4.03019,0.0357702,-0.198686,0.0553531,0.540662,0,0,0
19.8555,1,1.55214,-0.95724,4.81035,-0.147468,-0.172913,-0.019922,0.545254,0,0,0
19.8555,2,0.578344,1.89433,5.24947,0.0147177,0.0061077,-0.0221755,0.57144,0,0,0
19.8555,3,0,0,0,0,0,0,0,0,0,0
19.8555,4,0,0,0,0,0,0,0,0,0,0
19.8555,5,0,0,0,0,0,0,0,0,0,0
19.9133,0,-1.25106,-0.305058,4.03399,0.0337364,-0.190428,0.0570856,0.538634,0,0,0
19.9133,1,1.54395,-0.967174,4.80984,-0.152561,-0.180927,-0.0152442,0.544989,0,0,0
19.9133,2,0.568313,1.8976,5.2488,-0.0230812,0.0204669,-0.0208347,0.57144,0,0,0
19.9133,3,0,0,0,0,0,0,0,0,0,0
19.9133,4,0,0,0,0,0,0,0,0,0,0
19.9133,5,0,0,0,0,0,0,0,0,0,0
19.966,0,-1.2513,-0.30854,4.03794,0.0296226,-0.173629,0.0668707,0.538634,0,0,0
19.966,1,1.53699,-0.97569,4.80998,-0.152952,-0.183015,-0.0164868,0.544989,0,0,0
19.966,2,0.563238,1.89485,5.24807,-0.0359716,0.0109286,-0.0202187,0.56641,0,0,0
19.966,3,0,0,0,0,0,0,0,0,0,0
19.966,4,0,0,0,0,0,0,0,0,0,0
19.966,5,0,0,0,0,0,0,0,0,0,0
20.0197,0,-1.2529,-0.310789,4.04294,0.0208314,-0.155122,0.0698828,0.536273,0,0,0
20.0197,1,1.5314,-0.982612,4.8109,-0.149737,-0.180418,0.00892578,0.544929,0,0,0
20.0197,2,0.545988,1.90142,5.24778,-0.0886923,0.0339083,-0.0188342,0.56641,0,0,0
20.0197,3,0,0,0,0,0,0,0,0,0,0
20.0197,4,0,0,0,0,0,0,0,0,0,0
20.0197,5,0,0,0,0,0,0,0,0,0,0
20.0778,0,-1.25061,-0.318274,4.04766,0.0271174,-0.154825,0.0710101,0.536273,0,0,0
20.0778,1,1.52595,-0.988943,4.81249,-0.146653,-0.176302,0.02496,0.544929,0,0,0
20.0778,2,0.533073,1.9024,5.24698,-0.120272,0.0359065,-0.0189757,0.563932,0,0,0
20.0778,3,0,0,0,0,0,0,0,0,0,0
20.0778,4,0,0,0,0,0,0,0,0,0,0
20.0778,5,0,0,0,0,0,0,0,0,0,0
20.1363,0,-1.25676,-0.307496,4.04826,0.00269402,-0.097309,0.0768215,0.534407,0,0,0
20.1363,1,1.51981,-0.996586,4.81662,-0.147532,-0.17849,0.0439663,0.545091,0,0,0
20.1363,2,0.51905,1.90515,5.24551,-0.14921,0.0428513,-0.0207386,0.563932,0,0,0
20.1363,3,0,0,0,0,0,0,0,0,0,0
20.1363,4,0,0,0,0,0,0,0,0,0,0
20.1363,5,0,0,0,0,0,0,0,0,0,0
20.1866,0,-1.26018,-0.303212,4.05328,-0.0100683,-0.0648741,0.0764127,0.534407,0,0,0
20.1866,1,1.52133,-0.994952,4.82062,-0.122605,-0.148804,0.0682271,0.545091,0,0,0
20.1866,2,0.508414,1.90434,5.24474,-0.163908,0.0363165,-0.0253853,0.558871,0,0,0
20.1866,3,0,0,0,0,0,0,0,0,0,0
20.1866,4,0,0,0,0,0,0,0,0,0,0
20.1866,5,0,0,0,0,0,0,0,0,0,0
20.2459,0,-1.25967,-0.305176,4.05781,-0.00598281,-0.0594349,0.0750924,0.532568,0,0,0
20.2459,1,1.51983,-0.997029,4.82611,-0.110242,-0.134501,0.0866736,0.544888,0,0,0
20.2459,2,0.493617,1.90806,5.24356,-0.189241,0.0448655,-0.0266755,0.558871,0,0,0
20.2459,3,0,0,0,0,0,0,0,0,0,0
20.2459,4,0,0,0,0,0,0,0,0,0,0
20.2459,5,0,0,0,0,0,0,0,0,0,0
20.2961,0,-1.27169,-0.286879,4.06204,-0.0474265,0.0152291,0.0737619,0.532568,0,0,0
20.2961,1,1.5202,-0.996832,4.83266,-0.0907364,-0.11149,0.0984111,0.544888,0,0,0
20.2961,2,0.483159,1.90754,5.24255,-0.198107,0.0386012,-0.0276438,0.555987,0,0,0
20.2961,3,0,0,0,0,0,0,0,0,0,0
20.2961,4,0,0,0,0,0,0,0,0,0,0
20.2961,5,0,0,0,0,0,0,0,0,0,0
20.3523,0,-1.27226,-0.283998,4.06554,-0.0423976,0.0254106,0.0717726,0.530575,0,0,0
20.3523,1,1.5202,-0.996832,4.83266,-0.0907364,-0.11149,0.0984111,0.544273,0,0,0
20.3523,2,0.469094,1.91038,5.24331,-0.214425,0.0431825,-0.0309854,0.555987,0,0,0
20.3523,3,0,0,0,0,0,0,0,0,0,0
20.3523,4,0,0,0,0,0,0,0,0,0,0
20.3523,5,0,0,0,0,0,0,0,0,0,0
20.4079,0,-1.28113,-0.266498,4.0669,-0.0674841,0.084913,0.0645726,0.530575,0,0,0
20.4079,1,1.52708,-0.990125,4.84259,-0.0410931,-0.0559166,0.107083,0.544273,0,0,0
20.4079,2,0.458694,1.91034,5.24346,-0.21811,0.0381423,-0.0278445,0.554644,0,0,0
20.4079,3,0,0,0,0,0,0,0,0,0,0
20.4079,4,0,0,0,0,0,0,0,0,0,0
20.4079,5,0,0,0,0,0,0,0,0,0,0
20.4584,0,-1.28523,-0.257818,4.07184,-0.0722477,0.106547,0.0607926,0.529048,0,0,0
20.4584,1,1.52708,-0.990125,4.84259,-0.0410931,-0.0559166,0.107083,0.544089,0,0,0
20.4584,2,0.452443,1.9089,5.24451,-0.210016,0.0290933,-0.000384029,0.554644,0,0,0
20.4584,3,0,0,0,0,0,0,0,0,0,0
20.4584,4,0,0,0,0,0,0,0,0,0,0
20.4584,5,0,0,0,0,0,0,0,0,0,0
20.5199,0,-1.29259,-0.245729,4.07526,-0.0869822,0.135855,0.0571504,0.529048,0,0,0
20.5199,1,1.53679,-0.980431,4.85409,0.0057384,-0.00526328,0.105377,0.544089,0,0,0
20.5199,2,0.441782,1.91036,5.24597,-0.217075,0.0308492,0.00480806,0.552568,0,0,0
20.5199,3,0,0,0,0,0,0,0,0,0,0
20.5199,4,0,0,0,0,0,0,0,0,0,0
20.5199,5,0,0,0,0,0,0,0,0,0,0
20.5702,0,-1.2959,-0.237688,4.07817,-0.0856591,0.146774,0.0543528,0.528022,0,0,0
20.5702,1,1.54565,-0.971556,4.85985,0.0375859,0.0284363,0.0994482,0.54437,0,0,0
20.5702,2,0.442819,1.90546,5.24876,-0.184536,0.00978604,0.0281261,0.552568,0,0,0
20.5702,3,0,0,0,0,0,0,0,0,0,0
20.5702,4,0,0,0,0,0,0,0,0,0,0
20.5702,5,0,0,0,0,0,0,0,0,0,0
20.6326,0,-1.30359,-0.224141,4.08158,-0.098867,0.17407,0.0500816,0.528022,0,0,0
20.6326,1,1.55385,-0.963309,4.86414,0.0633531,0.0557774,0.093764,0.54437,0,0,0
20.6326,2,0.441113,1.90275,5.25049,-0.163033,-0.00210962,0.0364441,0.548909,0,0,0
20.6326,3,0,0,0,0,0,0,0,0,0,0
20.6326,4,0,0,0,0,0,0,0,0,0,0
20.6326,5,0,0,0,0,0,0,0,0,0,0
20.6928,0,-1.30976,-0.213269,4.08431,-0.105309,0.188886,0.04796,0.528783,0,0,0
20.6928,1,1.55995,-0.957137,4.86896,0.0780066,0.0719357,0.0886206,0.545235,0,0,0
20.6928,2,0.442535,1.90056,5.25274,-0.132943,-0.0112339,0.0431732,0.548909,0,0,0
20.6928,3,0,0,0,0,0,0,0,0,0,0
20.6928,4,0,0,0,0,0,0,0,0,0,0
20.6928,5,0,0,0,0,0,0,0,0,0,0
20.749,0,-1.31382,-0.206048,4.08716,-0.102999,0.188668,0.0465772,0.528783,0,0,0
20.749,1,1.5663,-0.95055,4.87305,0.0903595,0.086128,0.0866517,0.545235,0,0,0
20.749,2,0.44454,1.89668,5.25527,-0.104359,-0.0248392,0.0478538,0.545058,0,0,0
20.749,3,0,0,0,0,0,0,0,0,0,0
20.749,4,0,0,0,0,0,0,0,0,0,0
20.749,5,0,0,0,0,0,0,0,0,0,0
20.8073,0,-1.31883,-0.197763,4.08957,-0.101603,0.190914,0.0421716,0.531024,0,0,0
20.8073,1,1.57413,-0.942343,4.87769,0.105991,0.103797,0.0780921,0.548389,0,0,0
20.8073,2,0.450676,1.8951,5.25793,-0.0649224,-0.0282996,0.0504366,0.545058,0,0,0
20.8073,3,0,0,0,0,0,0,0,0,0,0
20.8073,4,0,0,0,0,0,0,0,0,0,0
20.8073,5,0,0,0,0,0,0,0,0,0,0
20.86,0,-1.32435,-0.188777,4.09242,-0.104545,0.195006,0.0336711,0.531024,0,0,0
20.86,1,1.57413,-0.942343,4.87769,0.105991,0.103797,0.0780921,0.548389,0,0,0
20.86,2,0.455077,1.8923,5.25986,-0.0371588,-0.0350095,0.0515598,0.542126,0,0,0
20.86,3,0,0,0,0,0,0,0,0,0,0
20.86,4,0,0,0,0,0,0,0,0,0,0
20.86,5,0,0,0,0,0,0,0,0,0,0
20.9204,0,-1.32839,-0.182359,4.09504,-0.102033,0.190296,0.0228232,0.572234,0,0,0
20.9204,1,1.5806,-0.935123,4.88242,0.115014,0.115915,0.0759484,0.549935,0,0,0
20.9204,2,0.465554,1.88645,5.26402,0.00782942,-0.0504585,0.051687,0.542126,0,0,0
20.9204,3,0,0,0,0,0,0,0,0,0,0
20.9204,4,0,0,0,0,0,0,0,0,0,0
20.9204,5,0,0,0,0,0,0,0,0,0,0
20.9713,0,-1.33044,-0.177491,4.09612,-0.0923201,0.180057,0.0162077,0.572234,0,0,0
20.9713,1,1.58613,-0.928866,4.88656,0.118182,0.121612,0.0689945,0.549935,0,0,0
20.9713,2,0.474498,1.88447,5.26704,0.0391684,-0.0510138,0.0502958,0.537687,0,0,0
20.9713,3,0,0,0,0,0,0,0,0,0,0
20.9713,4,0,0,0,0,0,0,0,0,0,0
20.9713,5,0,0,0,0,0,0,0,0,0,0
21.027,0,-1.3333,-0.173006,4.09812,-0.0863552,0.16971,0.00857957,0.569807,0,0,0
21.027,1,1.58797,-0.926415,4.8886,0.110369,0.115089,0.0574738,0.552368,0,0,0
21.027,2,0.483681,1.8826,5.26977,0.0672894,-0.0518615,0.0500011,0.537687,0,0,0
21.027,3,0,0,0,0,0,0,0,0,0,0
21.027,4,0,0,0,0,0,0,0,0,0,0
21.027,5,0,0,0,0,0,0,0,0,0,0
21.0772,0,-1.33469,-0.171467,4.10029,-0.0757533,0.150287,0.00865094,0.569807,0,0,0
21.0772,1,1.59932,-0.914135,4.89243,0.120467,0.127281,0.0433883,0.555769,0,0,0
21.0772,2,0.489287,1.8821,5.27255,0.0788773,-0.0469036,0.0492096,0.538909,0,0,0
21.0772,3,0,0,0,0,0,0,0,0,0,0
21.0772,4,0,0,0,0,0,0,0,0,0,0
21.0772,5,0,0,0,0,0,0,0,0,0,0
21.1274,0,-1.33488,-0.171494,4.10115,-0.0622789,0.128236,0.0170139,0.566964,0,0,0
21.1274,1,1.60457,-0.905362,4.89448,0.122476,0.140234,0.019351,0.555769,0,0,0
21.1274,2,0.498654,1.87934,5.27402,0.100825,-0.0499521,0.0482262,0.538909,0,0,0
21.1274,3,0,0,0,0,0,0,0,0,0,0
21.1274,4,0,0,0,0,0,0,0,0,0,0
21.1274,5,0,0,0,0,0,0,0,0,0,0
21.1879,0,-1.33522,-0.172454,4.10039,-0.0503285,0.104391,0.0256091,0.566964,0,0,0
21.1879,1,1.60748,-0.898926,4.89635,0.116301,0.143521,-0.00368117,0.555227,0,0,0
21.1879,2,0.510374,1.87767,5.27671,0.128783,-0.0507312,0.0452314,0.540242,0,0,0
21.1879,3,0,0,0,0,0,0,0,0,0,0
21.1879,4,0,0,0,0,0,0,0,0,0,0
21.1879,5,0,0,0,0,0,0,0,0,0,0
21.2407,0,-1.3347,-0.175449,4.09967,-0.0368854,0.0760076,0.0401642,0.567147,0,0,0
21.2407,1,1.60923,-0.894209,4.89579,0.105585,0.13854,-0.0250856,0.555227,0,0,0
21.2407,2,0.51873,1.8769,5.27954,0.140733,-0.0465243,0.0448483,0.540242,0,0,0
21.2407,3,0,0,0,0,0,0,0,0,0,0
21.2407,4,0,0,0,0,0,0,0,0,0,0
21.2407,5,0,0,0,0,0,0,0,0,0,0
21.3084,0,-1.33544,-0.184891,4.10399,-0.0286241,0.0317274,0.0735905,0.567147,0,0,0
21.3084,1,1.60346,-0.896466,4.89346,0.0714752,0.111303,-0.0413255,0.555227,0,0,0
21.3084,2,0.527574,1.87587,5.2815,0.15242,-0.0435325,0.0427931,0.54648,0,0,0
21.3084,3,0,0,0,0,0,0,0,0,0,0
21.3084,4,0,0,0,0,0,0,0,0,0,0
21.3084,5,0,0,0,0,0,0,0,0,0,0
21.3652,0,-1.33174,-0.194954,4.11061,-0.00641054,-0.0103582,0.0945742,0.565081,0,0,0
21.3652,1,1.6048,-0.893064,4.89152,0.0667753,0.107757,-0.04971,0.550415,0,0,0
21.3652,2,0.534165,1.87535,5.28336,0.154438,-0.038521,0.0420563,0.54648,0,0,0
21.3652,3,0,0,0,0,0,0,0,0,0,0
21.3652,4,0,0,0,0,0,0,0,0,0,0
21.3652,5,0,0,0,0,0,0,0,0,0,0
21.424,0,-1.33209,-0.201035,4.1149,-0.002449,-0.0316714,0.0965536,0.555761,0,0,0
21.424,1,1.59857,-0.897237,4.88901,0.0386313,0.0803647,-0.0533066,0.546425,0,0,0
21.424,2,0.54033,1.87465,5.28523,0.154529,-0.0346573,0.0419607,0.548419,0,0,0
21.424,3,0,0,0,0,0,0,0,0,0,0
21.424,4,0,0,0,0,0,0,0,0,0,0
21.424,5,0,0,0,0,0,0,0,0,0,0
21.4815,0,-1.3351,-0.217691,4.12085,-0.00545812,-0.0853897,0.114237,0.555761,0,0,0
21.4815,1,1.59153,-0.902083,4.8861,0.0111789,0.0543568,-0.0546744,0.546425,0,0,0
21.4815,2,0.549574,1.87233,5.28768,0.165527,-0.0378236,0.0382986,0.548419,0,0,0
21.4815,3,0,0,0,0,0,0,0,0,0,0
21.4815,4,0,0,0,0,0,0,0,0,0,0
21.4815,5,0,0,0,0,0,0,0,0,0,0
21.5317,0,-1.33703,-0.232777,4.13023,-0.00598182,-0.126127,0.129317,0.555761,0,0,0
21.5317,1,1.58719,-0.903702,4.88358,-0.0034525,0.0415072,-0.0555056,0.546425,0,0,0
21.5317,2,0.556927,1.87173,5.28963,0.168282,-0.0337275,0.0280231,0.551612,0,0,0
21.5317,3,0,0,0,0,0,0,0,0,0,0
21.5317,4,0,0,0,0,0,0,0,0,0,0
21.5317,5,0,0,0,0,0,0,0,0,0,0
21.5838,0,-1.33703,-0.232777,4.13023,-0.00598182,-0.126127,0.129317,0.548971,0,0,0
21.5838,1,1.57651,-0.915886,4.88106,-0.0352317,-0.00188617,-0.0538768,0.539785,0,0,0
21.5838,2,0.556927,1.87173,5.28963,0.168282,-0.0337275,0.0280231,0.551612,0,0,0
21.5838,3,0,0,0,0,0,0,0,0,0,0
21.5838,4,0,0,0,0,0,0,0,0,0,0
21.5838,5,0,0,0,0,0,0,0,0,0,0
21.639,0,-1.34003,-0.244457,4.13669,-0.01221,-0.150333,0.129856,0.548971,0,0,0
21.639,1,1.56793,-0.924819,4.87897,-0.05696,-0.0305519,-0.0520435,0.539785,0,0,0
21.639,2,0.563087,1.87041,5.29151,0.165837,-0.0326032,0.0114533,0.555454,0,0,0
21.639,3,0,0,0,0,0,0,0,0,0,0
21.639,4,0,0,0,0,0,0,0,0,0,0
21.639,5,0,0,0,0,0,0,0,0,0,0
21.7043,0,-1.34514,-0.257434,4.14502,-0.025243,-0.174185,0.125158,0.54677,0,0,0
21.7043,1,1.56793,-0.924819,4.87897,-0.05696,-0.0305519,-0.0520435,0.534876,0,0,0
21.7043,2,0.568613,1.8694,5.29245,0.160638,-0.0301876,-0.00718487,0.555454,0,0,0
21.7043,3,0,0,0,0,0,0,0,0,0,0
21.7043,4,0,0,0,0,0,0,0,0,0,0
21.7043,5,0,0,0,0,0,0,0,0,0,0
21.7595,0,-1.35449,-0.279847,4.15678,-0.0450288,-0.19874,0.114978,0.54677,0,0,0
21.7595,1,1.55133,-0.942966,4.87397,-0.0894214,-0.0764628,-0.0500342,0.534876,0,0,0
21.7595,2,0.572351,1.86898,5.29237,0.149818,-0.0257841,-0.0120231,0.55765,0,0,0
21.7595,3,0,0,0,0,0,0,0,0,0,0
21.7595,4,0,0,0,0,0,0,0,0,0,0
21.7595,5,0,0,0,0,0,0,0,0,0,0
21.8136,0,-1.35901,-0.29039,4.16406,-0.0520245,-0.20572,0.108893,0.543318,0,0,0
21.8136,1,1.54868,-0.945618,4.87137,-0.098222,-0.0850558,-0.0493354,0.531849,0,0,0
21.8136,2,0.575121,1.8688,5.2914,0.133009,-0.0201448,-0.0238765,0.55765,0,0,0
21.8136,3,0,0,0,0,0,0,0,0,0,0
21.8136,4,0,0,0,0,0,0,0,0,0,0
21.8136,5,0,0,0,0,0,0,0,0,0,0
21.8734,0,-1.35901,-0.29039,4.16406,-0.0520245,-0.20572,0.108893,0.543318,0,0,0
21.8734,1,1.54868,-0.945618,4.87137,-0.098222,-0.0850558,-0.0493354,0.531849,0,0,0
21.8734,2,0.57743,1.86968,5.29035,0.118659,-0.0122081,-0.0332448,0.559486,0,0,0
21.8734,3,0,0,0,0,0,0,0,0,0,0
21.8734,4,0,0,0,0,0,0,0,0,0,0
21.8734,5,0,0,0,0,0,0,0,0,0,0
21.9291,0,-1.3647,-0.300789,4.1702,-0.0629994,-0.21077,0.102347,0.54275,0,0,0
21.9291,1,1.53376,-0.962443,4.86887,-0.115287,-0.112613,-0.0481398,0.530083,0,0,0
21.9291,2,0.575675,1.87042,5.2857,0.0922487,-0.00540385,-0.046954,0.559486,0,0,0
21.9291,3,0,0,0,0,0,0,0,0,0,0
21.9291,4,0,0,0,0,0,0,0,0,0,0
21.9291,5,0,0,0,0,0,0,0,0,0,0
21.9874,0,-1.3709,-0.311582,4.17552,-0.0725538,-0.212698,0.0973332,0.54275,0,0,0
21.9874,1,1.53047,-0.967283,4.8662,-0.126416,-0.129363,-0.0459624,0.530083,0,0,0
21.9874,2,0.571919,1.87186,5.2823,0.0628594,0.00256416,-0.0484198,0.557124,0,0,0
21.9874,3,0,0,0,0,0,0,0,0,0,0
21.9874,4,0,0,0,0,0,0,0,0,0,0
21.9874,5,0,0,0,0,0,0,0,0,0,0
22.0412,0,-1.37525,-0.319231,4.18066,-0.0765475,-0.208108,0.0925347,0.545264,0,0,0
22.0412,1,1.50907,-0.994496,4.86184,-0.142518,-0.162651,-0.0446525,0.531879,0,0,0
22.0412,2,0.565906,1.87362,5.27936,0.0307528,0.0105069,-0.0451941,0.557124,0,0,0
22.0412,3,0,0,0,0,0,0,0,0,0,0
22.0412,4,0,0,0,0,0,0,0,0,0,0
22.0412,5,0,0,0,0,0,0,0,0,0,0
22.1065,0,-1.37884,-0.329472,4.18596,-0.0769774,-0.213674,0.0893851,0.545264,0,0,0
22.1065,1,1.50907,-0.994496,4.86184,-0.142518,-0.162651,-0.0446525,0.531879,0,0,0
22.1065,2,0.558043,1.87584,5.27755,-0.00348202,0.0185781,-0.0413414,0.55463,0,0,0
22.1065,3,0,0,0,0,0,0,0,0,0,0
22.1065,4,0,0,0,0,0,0,0,0,0,0
22.1065,5,0,0,0,0,0,0,0,0,0,0
22.1692,0,-1.38182,-0.331365,4.19069,-0.0755711,-0.190411,0.0908665,0.546807,0,0,0
22.1692,1,1.49844,-1.0089,4.85802,-0.138064,-0.165176,-0.0415036,0.533117,0,0,0
22.1692,2,0.547181,1.87948,5.27572,-0.0431009,0.0309618,-0.0377015,0.55463,0,0,0
22.1692,3,0,0,0,0,0,0,0,0,0,0
22.1692,4,0,0,0,0,0,0,0,0,0,0
22.1692,5,0,0,0,0,0,0,0,0,0,0
22.2321,0,-1.38365,-0.33458,4.196,-0.0692296,-0.172965,0.0952116,0.543016,0,0,0
22.2321,1,1.49844,-1.0089,4.85802,-0.138064,-0.165176,-0.0415036,0.535835,0,0,0
22.2321,2,0.537868,1.88094,5.27417,-0.0711487,0.0332342,-0.0356174,0.552041,0,0,0
22.2321,3,0,0,0,0,0,0,0,0,0,0
22.2321,4,0,0,0,0,0,0,0,0,0,0
22.2321,5,0,0,0,0,0,0,0,0,0,0
22.2964,0,-1.391,-0.344412,4.20668,-0.0695953,-0.15608,0.107783,0.543016,0,0,0
22.2964,1,1.49029,-1.01844,4.85623,-0.145351,-0.173723,-0.036813,0.535835,0,0,0
22.2964,2,0.524478,1.88474,5.2726,-0.109749,0.0441504,-0.0343705,0.552041,0,0,0
22.2964,3,0,0,0,0,0,0,0,0,0,0
22.2964,4,0,0,0,0,0,0,0,0,0,0
22.2964,5,0,0,0,0,0,0,0,0,0,0
22.3518,0,-1.391,-0.344412,4.20668,-0.0695953,-0.15608,0.107783,0.542112,0,0,0
22.3518,1,1.48145,-1.02924,4.85541,-0.13448,-0.161782,-0.0112495,0.53887,0,0,0
22.3518,2,0.51396,1.886,5.2711,-0.132151,0.0434261,-0.0357759,0.549343,0,0,0
22.3518,3,0,0,0,0,0,0,0,0,0,0
22.3518,4,0,0,0,0,0,0,0,0,0,0
22.3518,5,0,0,0,0,0,0,0,0,0,0
22.4072,0,-1.39289,-0.344777,4.21391,-0.0639428,-0.135178,0.115506,0.542112,0,0,0
22.4072,1,1.48145,-1.02924,4.85541,-0.13448,-0.161782,-0.0112495,0.53887,0,0,0
22.4072,2,0.502197,1.88893,5.26949,-0.155877,0.0486897,-0.0354802,0.549343,0,0,0
22.4072,3,0,0,0,0,0,0,0,0,0,0
22.4072,4,0,0,0,0,0,0,0,0,0,0
22.4072,5,0,0,0,0,0,0,0,0,0,0
22.4577,0,-1.39678,-0.344986,4.22149,-0.066748,-0.116305,0.121792,0.533928,0,0,0
22.4577,1,1.47647,-1.03462,4.85579,-0.132334,-0.157219,0.00345692,0.540085,0,0,0
22.4577,2,0.486734,1.89061,5.2678,-0.184883,0.0481097,-0.0367895,0.546557,0,0,0
22.4577,3,0,0,0,0,0,0,0,0,0,0
22.4577,4,0,0,0,0,0,0,0,0,0,0
22.4577,5,0,0,0,0,0,0,0,0,0,0
22.5165,0,-1.40668,-0.338123,4.23315,-0.0782318,-0.0569283,0.128278,0.533928,0,0,0
22.5165,1,1.47134,-1.03948,4.85943,-0.112617,-0.12915,0.0419441,0.540085,0,0,0
22.5165,2,0.474122,1.8942,5.26641,-0.203729,0.0547444,-0.0378792,0.546557,0,0,0
22.5165,3,0,0,0,0,0,0,0,0,0,0
22.5165,4,0,0,0,0,0,0,0,0,0,0
22.5165,5,0,0,0,0,0,0,0,0,0,0
22.5775,0,-1.41422,-0.331593,4.2456,-0.0929822,-0.0226643,0.130488,0.527556,0,0,0
22.5775,1,1.47134,-1.03948,4.85943,-0.112617,-0.12915,0.0419441,0.540356,0,0,0
22.5775,2,0.46441,1.89465,5.26471,-0.20862,0.0485382,-0.0384154,0.54548,0,0,0
22.5775,3,0,0,0,0,0,0,0,0,0,0
22.5775,4,0,0,0,0,0,0,0,0,0,0
22.5775,5,0,0,0,0,0,0,0,0,0,0
22.6328,0,-1.41422,-0.331593,4.2456,-0.0929822,-0.0226643,0.130488,0.527556,0,0,0
22.6328,1,1.47086,-1.0392,4.86581,-0.0985359,-0.109619,0.0579711,0.540356,0,0,0
22.6328,2,0.45237,1.89679,5.26306,-0.221003,0.0495724,-0.0368366,0.54548,0,0,0
22.6328,3,0,0,0,0,0,0,0,0,0,0
22.6328,4,0,0,0,0,0,0,0,0,0,0
22.6328,5,0,0,0,0,0,0,0,0,0,0
22.6908,0,-1.41967,-0.323066,4.24552,-0.0997155,0.0141657,0.124864,0.519678,0,0,0
22.6908,1,1.47358,-1.03596,4.8659,-0.074779,-0.0821356,0.0651323,0.53896,0,0,0
22.6908,2,0.444151,1.89723,5.26189,-0.21756,0.0435622,-0.0313663,0.544285,0,0,0
22.6908,3,0,0,0,0,0,0,0,0,0,0
22.6908,4,0,0,0,0,0,0,0,0,0,0
22.6908,5,0,0,0,0,0,0,0,0,0,0
22.7487,0,-1.42611,-0.31395,4.25232,-0.108576,0.0479404,0.118579,0.519678,0,0,0
22.7487,1,1.47729,-1.03126,4.86942,-0.0513359,-0.054014,0.0705431,0.53896,0,0,0
22.7487,2,0.424088,1.89848,5.26128,-0.222896,0.0361307,-0.0234233,0.544285,0,0,0
22.7487,3,0,0,0,0,0,0,0,0,0,0
22.7487,4,0,0,0,0,0,0,0,0,0,0
22.7487,5,0,0,0,0,0,0,0,0,0,0
22.8131,0,-1.43138,-0.305932,4.25767,-0.109394,0.07189,0.114916,0.511403,0,0,0
22.8131,1,1.48612,-1.0205,4.8764,-0.0074418,-0.00278074,0.0717167,0.537781,0,0,0
22.8131,2,0.41967,1.89675,5.2608,-0.205928,0.0243217,-0.0124791,0.540985,0,0,0
22.8131,3,0,0,0,0,0,0,0,0,0,0
22.8131,4,0,0,0,0,0,0,0,0,0,0
22.8131,5,0,0,0,0,0,0,0,0,0,0
22.8738,0,-1.44164,-0.291895,4.26335,-0.128777,0.113596,0.108803,0.511403,0,0,0
22.8738,1,1.48612,-1.0205,4.8764,-0.0074418,-0.00278074,0.0717167,0.537781,0,0,0
22.8738,2,0.419701,1.89678,5.26141,-0.20653,0.0246586,-0.00417723,0.540985,0,0,0
22.8738,3,0,0,0,0,0,0,0,0,0,0
22.8738,4,0,0,0,0,0,0,0,0,0,0
22.8738,5,0,0,0,0,0,0,0,0,0,0
22.9405,0,-1.45489,-0.269948,4.27488,-0.136088,0.158954,0.0999248,0.505036,0,0,0
22.9405,1,1.49797,-1.00632,4.88405,0.0344482,0.0464158,0.0654648,0.533507,0,0,0
22.9405,2,0.410868,1.8931,5.26337,-0.177005,0.00385477,0.00577891,0.541171,0,0,0
22.9405,3,0,0,0,0,0,0,0,0,0,0
22.9405,4,0,0,0,0,0,0,0,0,0,0
22.9405,5,0,0,0,0,0,0,0,0,0,0
23.0035,0,-1.46125,-0.259214,4.27986,-0.138577,0.176535,0.0936751,0.505036,0,0,0
23.0035,1,1.50703,-0.996168,4.88758,0.063169,0.0773657,0.0596287,0.533507,0,0,0
23.0035,2,0.40972,1.89005,5.26458,-0.153121,-0.00919947,0.015089,0.541171,0,0,0
23.0035,3,0,0,0,0,0,0,0,0,0,0
23.0035,4,0,0,0,0,0,0,0,0,0,0
23.0035,5,0,0,0,0,0,0,0,0,0,0
23.0563,0,-1.46722,-0.248938,4.28994,-0.139044,0.189904,0.0832319,0.500197,0,0,0
23.0563,1,1.51398,-0.986932,4.89086,0.0806231,0.10114,0.0558874,0.532794,0,0,0
23.0563,2,0.402589,1.89117,5.26617,-0.152259,-0.00483878,0.0191419,0.53584,0,0,0
23.0563,3,0,0,0,0,0,0,0,0,0,0
23.0563,4,0,0,0,0,0,0,0,0,0,0
23.0563,5,0,0,0,0,0,0,0,0,0,0
23.1066,0,-1.47406,-0.238174,4.29498,-0.140966,0.201642,0.0705471,0.500197,0,0,0
23.1066,1,1.52584,-0.972711,4.89397,0.0991125,0.12151,0.0505646,0.532794,0,0,0
23.1066,2,0.407147,1.88691,5.26579,-0.117169,-0.0186988,0.0223005,0.53584,0,0,0
23.1066,3,0,0,0,0,0,0,0,0,0,0
23.1066,4,0,0,0,0,0,0,0,0,0,0
23.1066,5,0,0,0,0,0,0,0,0,0,0
23.1572,0,-1.47406,-0.238174,4.29498,-0.140966,0.201642,0.0705471,0.493526,0,0,0
23.1572,1,1.53167,-0.964693,4.89699,0.106518,0.133521,0.0444588,0.530976,0,0,0
23.1572,2,0.412111,1.88474,5.26723,-0.084779,-0.0246068,0.025811,0.530512,0,0,0
23.1572,3,0,0,0,0,0,0,0,0,0,0
23.1572,4,0,0,0,0,0,0,0,0,0,0
23.1572,5,0,0,0,0,0,0,0,0,0,0
23.2128,0,-1.47765,-0.231649,4.29925,-0.129897,0.195997,0.0609948,0.493526,0,0,0
23.2128,1,1.53167,-0.964693,4.89699,0.106518,0.133521,0.0444588,0.530976,0,0,0
23.2128,2,0.418788,1.87886,5.26834,-0.0503635,-0.0414388,0.0280356,0.530512,0,0,0
23.2128,3,0,0,0,0,0,0,0,0,0,0
23.2128,4,0,0,0,0,0,0,0,0,0,0
23.2128,5,0,0,0,0,0,0,0,0,0,0
23.2723,0,-1.48165,-0.22535,4.29871,-0.121542,0.189821,0.0546104,0.493695,0,0,0
23.2723,1,1.534,-0.962366,4.89936,0.114627,0.141655,0.0353034,0.530743,0,0,0
23.2723,2,0.426756,1.88253,5.26962,-0.0222126,-0.0297821,0.0293199,0.530266,0,0,0
23.2723,3,0,0,0,0,0,0,0,0,0,0
23.2723,4,0,0,0,0,0,0,0,0,0,0
23.2723,5,0,0,0,0,0,0,0,0,0,0
23.3288,0,-1.49205,-0.211344,4.30527,-0.116388,0.184709,0.0455416,0.493695,0,0,0
23.3288,1,1.53982,-0.95462,4.90066,0.116969,0.1461,0.0183663,0.530743,0,0,0
23.3288,2,0.439617,1.87426,5.27191,0.0289316,-0.0499506,0.0304109,0.530266,0,0,0
23.3288,3,0,0,0,0,0,0,0,0,0,0
23.3288,4,0,0,0,0,0,0,0,0,0,0
23.3288,5,0,0,0,0,0,0,0,0,0,0
23.3841,0,-1.49205,-0.211344,4.30527,-0.116388,0.184709,0.0455416,0.49438,0,0,0
23.3841,1,1.54476,-0.948437,4.90209,0.118231,0.14756,-0.000349671,0.530607,0,0,0
23.3841,2,0.450636,1.87169,5.27394,0.0626558,-0.0527082,0.0301562,0.524027,0,0,0
23.3841,3,0,0,0,0,0,0,0,0,0,0
23.3841,4,0,0,0,0,0,0,0,0,0,0
23.3841,5,0,0,0,0,0,0,0,0,0,0
23.4394,0,-1.48868,-0.219587,4.3112,-0.0847362,0.131364,0.04832,0.49438,0,0,0
23.4394,1,1.55555,-0.932522,4.9035,0.119946,0.157024,-0.0192346,0.530607,0,0,0
23.4394,2,0.461984,1.86929,5.27708,0.0930444,-0.0545127,0.0295827,0.524027,0,0,0
23.4394,3,0,0,0,0,0,0,0,0,0,0
23.4394,4,0,0,0,0,0,0,0,0,0,0
23.4394,5,0,0,0,0,0,0,0,0,0,0
23.4949,0,-1.49484,-0.218992,4.31222,-0.0737856,0.096889,0.0489933,0.488222,0,0,0
23.4949,1,1.55237,-0.935612,4.90142,0.10798,0.145201,-0.0369157,0.528984,0,0,0
23.4949,2,0.473909,1.86673,5.27703,0.119994,-0.0556683,0.0267778,0.52442,0,0,0
23.4949,3,0,0,0,0,0,0,0,0,0,0
23.4949,4,0,0,0,0,0,0,0,0,0,0
23.4949,5,0,0,0,0,0,0,0,0,0,0
23.5501,0,-1.49255,-0.227574,4.31857,-0.05362,0.0562651,0.0472289,0.488222,0,0,0
23.5501,1,1.5586,-0.922811,4.89968,0.0995035,0.146721,-0.0503699,0.528984,0,0,0
23.5501,2,0.484691,1.8653,5.2783,0.140671,-0.0535931,0.0249406,0.52442,0,0,0
23.5501,3,0,0,0,0,0,0,0,0,0,0
23.5501,4,0,0,0,0,0,0,0,0,0,0
23.5501,5,0,0,0,0,0,0,0,0,0,0
23.603,0,-1.49255,-0.227574,4.31857,-0.05362,0.0562651,0.0472289,0.489401,0,0,0
23.603,1,1.55426,-0.926431,4.8968,0.0838433,0.133506,-0.0561222,0.524974,0,0,0
23.603,2,0.494741,1.86382,5.27977,0.156236,-0.0512844,0.0229694,0.525288,0,0,0
23.603,3,0,0,0,0,0,0,0,0,0,0
23.603,4,0,0,0,0,0,0,0,0,0,0
23.603,5,0,0,0,0,0,0,0,0,0,0
23.655,0,-1.49104,-0.237076,4.31849,-0.0468257,0.0210998,0.0488862,0.489401,0,0,0
23.655,1,1.55216,-0.927101,4.89462,0.0647088,0.111483,-0.0576182,0.524974,0,0,0
23.655,2,0.504703,1.86267,5.28111,0.168415,-0.0481505,0.0209308,0.525288,0,0,0
23.655,3,0,0,0,0,0,0,0,0,0,0
23.655,4,0,0,0,0,0,0,0,0,0,0
23.655,5,0,0,0,0,0,0,0,0,0,0
23.7105,0,-1.49132,-0.245654,4.32143,-0.0363123,-0.0145737,0.0492497,0.490819,0,0,0
23.7105,1,1.54782,-0.929323,4.89209,0.040257,0.0867476,-0.0577361,0.523559,0,0,0
23.7105,2,0.523653,1.85531,5.2824,0.203081,-0.0637287,0.0188212,0.52822,0,0,0
23.7105,3,0,0,0,0,0,0,0,0,0,0
23.7105,4,0,0,0,0,0,0,0,0,0,0
23.7105,5,0,0,0,0,0,0,0,0,0,0
23.7632,0,-1.4907,-0.254313,4.32363,-0.0248537,-0.0455065,0.0481126,0.490819,0,0,0
23.7632,1,1.54234,-0.932573,4.88991,0.0152976,0.0620824,-0.0557815,0.523559,0,0,0
23.7632,2,0.529184,1.85781,5.28339,0.194726,-0.0471675,0.0145107,0.52822,0,0,0
23.7632,3,0,0,0,0,0,0,0,0,0,0
23.7632,4,0,0,0,0,0,0,0,0,0,0
23.7632,5,0,0,0,0,0,0,0,0,0,0
23.8134,0,-1.48885,-0.264248,4.32822,-0.0107144,-0.0763931,0.0455154,0.489754,0,0,0
23.8134,1,1.54112,-0.932822,4.88759,0.00905124,0.0517285,-0.0548577,0.517753,0,0,0
23.8134,2,0.536197,1.85775,5.28429,0.192826,-0.0408342,0.00278421,0.531006,0,0,0
23.8134,3,0,0,0,0,0,0,0,0,0,0
23.8134,4,0,0,0,0,0,0,0,0,0,0
23.8134,5,0,0,0,0,0,0,0,0,0,0
23.8789,0,-1.49287,-0.272236,4.33057,-0.0197745,-0.0937321,0.0449115,0.489754,0,0,0
23.8789,1,1.53194,-0.941678,4.88479,-0.0221055,0.0141307,-0.0513841,0.517753,0,0,0
23.8789,2,0.541529,1.85683,5.28502,0.183373,-0.0367304,-0.0131839,0.531006,0,0,0
23.8789,3,0,0,0,0,0,0,0,0,0,0
23.8789,4,0,0,0,0,0,0,0,0,0,0
23.8789,5,0,0,0,0,0,0,0,0,0,0
23.9345,0,-1.49025,-0.285309,4.3329,-0.00365342,-0.127125,0.0454334,0.4944,0,0,0
23.9345,1,1.52342,-0.950188,4.88269,-0.0477119,-0.0175074,-0.0485501,0.514341,0,0,0
23.9345,2,0.552362,1.8553,5.28503,0.191674,-0.0358003,-0.0217427,0.534319,0,0,0
23.9345,3,0,0,0,0,0,0,0,0,0,0
23.9345,4,0,0,0,0,0,0,0,0,0,0
23.9345,5,0,0,0,0,0,0,0,0,0,0
23.9858,0,-1.49109,-0.302838,4.33521,-0.000148175,-0.150619,0.0442484,0.4944,0,0,0
23.9858,1,1.5155,-0.958902,4.88032,-0.0678282,-0.0457897,-0.0466697,0.514341,0,0,0
23.9858,2,0.55924,1.85386,5.28302,0.187649,-0.0343854,-0.0387515,0.534319,0,0,0
23.9858,3,0,0,0,0,0,0,0,0,0,0
23.9858,4,0,0,0,0,0,0,0,0,0,0
23.9858,5,0,0,0,0,0,0,0,0,0,0
24.0619,0,-1.49144,-0.304873,4.33826,-0.00117098,-0.158022,0.0423827,0.498849,0,0,0
24.0619,1,1.50932,-0.966088,4.87819,-0.0793111,-0.0650574,-0.0454234,0.513861,0,0,0
24.0619,2,0.562685,1.85471,5.28073,0.17188,-0.0257966,-0.0469686,0.536863,0,0,0
24.0619,3,0,0,0,0,0,0,0,0,0,0
24.0619,4,0,0,0,0,0,0,0,0,0,0
24.0619,5,0,0,0,0,0,0,0,0,0,0
24.1151,0,-1.49104,-0.322436,4.34053,0.00379712,-0.171616,0.0438352,0.498849,0,0,0
24.1151,1,1.50163,-0.975445,4.87609,-0.0942366,-0.0889385,-0.0446526,0.513861,0,0,0
24.1151,2,0.556343,1.8584,5.27839,0.124431,-0.00731337,-0.0460225,0.536863,0,0,0
24.1151,3,0,0,0,0,0,0,0,0,0,0
24.1151,4,0,0,0,0,0,0,0,0,0,0
24.1151,5,0,0,0,0,0,0,0,0,0,0
24.1683,0,-1.4912,-0.328511,4.3429,0.00429906,-0.168194,0.0447355,0.505076,0,0,0
24.1683,1,1.49622,-0.982675,4.87399,-0.099266,-0.102103,-0.0439659,0.515495,0,0,0
24.1683,2,0.554976,1.8608,5.27512,0.0998073,0.00461732,-0.0456979,0.538598,0,0,0
24.1683,3,0,0,0,0,0,0,0,0,0,0
24.1683,4,0,0,0,0,0,0,0,0,0,0
24.1683,5,0,0,0,0,0,0,0,0,0,0
24.2235,0,-1.49124,-0.33734,4.34609,0.00569924,-0.174994,0.0464837,0.505076,0,0,0
24.2235,1,1.49006,-0.990443,4.87227,-0.103785,-0.112548,-0.0434953,0.515495,0,0,0
24.2235,2,0.55085,1.86314,5.27369,0.0699018,0.0149322,-0.0413736,0.538598,0,0,0
24.2235,3,0,0,0,0,0,0,0,0,0,0
24.2235,4,0,0,0,0,0,0,0,0,0,0
24.2235,5,0,0,0,0,0,0,0,0,0,0
24.2817,0,-1.49059,-0.342747,4.34907,0.00831968,-0.168684,0.050823,0.507152,0,0,0
24.2817,1,1.48497,-0.997659,4.87023,-0.106695,-0.121067,-0.0428435,0.518145,0,0,0
24.2817,2,0.5516,1.86067,5.27133,0.0617079,0.00610072,-0.0416657,0.539729,0,0,0
24.2817,3,0,0,0,0,0,0,0,0,0,0
24.2817,4,0,0,0,0,0,0,0,0,0,0
24.2817,5,0,0,0,0,0,0,0,0,0,0
24.3347,0,-1.48953,-0.351593,4.35263,0.0128303,-0.173392,0.0546837,0.507152,0,0,0
24.3347,1,1.47951,-1.00528,4.8683,-0.109566,-0.130428,-0.0426762,0.518145,0,0,0
24.3347,2,0.5516,1.86067,5.27133,0.0617079,0.00610072,-0.0416657,0.539729,0,0,0
24.3347,3,0,0,0,0,0,0,0,0,0,0
24.3347,4,0,0,0,0,0,0,0,0,0,0
24.3347,5,0,0,0,0,0,0,0,0,0,0
24.3906,0,-1.49011,-0.352184,4.35586,0.0104896,-0.152174,0.0556789,0.508342,0,0,0
24.3906,1,1.4765,-1.00829,4.86581,-0.120151,-0.140941,-0.0418221,0.520146,0,0,0
24.3906,2,0.52336,1.87238,5.26879,-0.0431278,0.0448539,-0.0325427,0.539273,0,0,0
24.3906,3,0,0,0,0,0,0,0,0,0,0
24.3906,4,0,0,0,0,0,0,0,0,0,0
24.3906,5,0,0,0,0,0,0,0,0,0,0
24.4515,0,-1.48868,-0.359287,4.35929,0.0160404,-0.155197,0.0618068,0.508342,0,0,0
24.4515,1,1.46947,-1.01988,4.86386,-0.124881,-0.15955,-0.0407549,0.520146,0,0,0
24.4515,2,0.518192,1.87169,5.26724,-0.0548812,0.0378024,-0.0320546,0.539273,0,0,0
24.4515,3,0,0,0,0,0,0,0,0,0,0
24.4515,4,0,0,0,0,0,0,0,0,0,0
24.4515,5,0,0,0,0,0,0,0,0,0,0
24.5055,0,-1.48911,-0.355501,4.36341,0.0146249,-0.142813,0.0702513,0.504115,0,0,0
24.5055,1,1.46333,-1.02787,4.8619,-0.126027,-0.16225,-0.0391569,0.526253,0,0,0
24.5055,2,0.504703,1.87721,5.26571,-0.0914507,0.0516024,-0.0342586,0.536128,0,0,0
24.5055,3,0,0,0,0,0,0,0,0,0,0
24.5055,4,0,0,0,0,0,0,0,0,0,0
24.5055,5,0,0,0,0,0,0,0,0,0,0
24.568,0,-1.48987,-0.357796,4.36848,0.0113599,-0.129069,0.073666,0.504115,0,0,0
24.568,1,1.45361,-1.04091,4.85821,-0.122315,-0.159878,-0.0364888,0.526253,0,0,0
24.568,2,0.489916,1.87976,5.26432,-0.129121,0.0558464,-0.0326375,0.536093,0,0,0
24.568,3,0,0,0,0,0,0,0,0,0,0
24.568,4,0,0,0,0,0,0,0,0,0,0
24.568,5,0,0,0,0,0,0,0,0,0,0
24.6182,0,-1.49059,-0.362586,4.37226,0.00885218,-0.108528,0.0767932,0.503115,0,0,0
24.6182,1,1.44919,-1.04662,4.85641,-0.119444,-0.155819,-0.0347844,0.530325,0,0,0
24.6182,2,0.476416,1.88223,5.26265,-0.155052,0.0575319,-0.035168,0.536093,0,0,0
24.6182,3,0,0,0,0,0,0,0,0,0,0
24.6182,4,0,0,0,0,0,0,0,0,0,0
24.6182,5,0,0,0,0,0,0,0,0,0,0
24.6789,0,-1.49562,-0.358571,4.37629,-0.00771485,-0.080381,0.0794344,0.503115,0,0,0
24.6789,1,1.44919,-1.04662,4.85641,-0.119444,-0.155819,-0.0347844,0.530325,0,0,0
24.6789,2,0.464721,1.8831,5.26102,-0.170086,0.0527239,-0.0342875,0.533591,0,0,0
24.6789,3,0,0,0,0,0,0,0,0,0,0
24.6789,4,0,0,0,0,0,0,0,0,0,0
24.6789,5,0,0,0,0,0,0,0,0,0,0
24.7438,0,-1.49473,-0.355044,4.37989,-0.00362082,-0.0575484,0.0778739,0.503753,0,0,0
24.7438,1,1.44461,-1.05183,4.85486,-0.117297,-0.150891,-0.0331189,0.532167,0,0,0
24.7438,2,0.462358,1.88331,5.25931,-0.178433,0.0536641,-0.0356622,0.533591,0,0,0
24.7438,3,0,0,0,0,0,0,0,0,0,0
24.7438,4,0,0,0,0,0,0,0,0,0,0
24.7438,5,0,0,0,0,0,0,0,0,0,0
24.8065,0,-1.50293,-0.337959,4.38932,-0.0314123,0.0113445,0.0779659,0.503753,0,0,0
24.8065,1,1.43617,-1.06103,4.85272,-0.110404,-0.13729,-0.0192178,0.532167,0,0,0
24.8065,2,0.44459,1.88693,5.25794,-0.189876,0.0516964,-0.0348053,0.533471,0,0,0
24.8065,3,0,0,0,0,0,0,0,0,0,0
24.8065,4,0,0,0,0,0,0,0,0,0,0
24.8065,5,0,0,0,0,0,0,0,0,0,0
24.8567,0,-1.50293,-0.337959,4.38932,-0.0314123,0.0113445,0.0779659,0.493686,0,0,0
24.8567,1,1.43256,-1.06456,4.8526,-0.104787,-0.127146,-0.00607297,0.536137,0,0,0
24.8567,2,0.43331,1.88831,5.2569,-0.199358,0.0490624,-0.0307681,0.533471,0,0,0
24.8567,3,0,0,0,0,0,0,0,0,0,0
24.8567,4,0,0,0,0,0,0,0,0,0,0
24.8567,5,0,0,0,0,0,0,0,0,0,0
24.9121,0,-1.50728,-0.329733,4.39304,-0.0415476,0.0415751,0.0751052,0.493686,0,0,0
24.9121,1,1.42801,-1.06835,4.85356,-0.105105,-0.121386,0.00988841,0.536137,0,0,0
24.9121,2,0.433842,1.8876,5.2555,-0.197133,0.0462823,-0.0307276,0.533188,0,0,0
24.9121,3,0,0,0,0,0,0,0,0,0,0
24.9121,4,0,0,0,0,0,0,0,0,0,0
24.9121,5,0,0,0,0,0,0,0,0,0,0
24.9649,0,-1.51257,-0.317655,4.39532,-0.0456698,0.0722131,0.070987,0.48998,0,0,0
24.9649,1,1.4264,-1.06897,4.85524,-0.0958178,-0.105974,0.0248812,0.536941,0,0,0
24.9649,2,0.426461,1.88752,5.25547,-0.19432,0.0389047,-0.0210648,0.533188,0,0,0
24.9649,3,0,0,0,0,0,0,0,0,0,0
24.9649,4,0,0,0,0,0,0,0,0,0,0
24.9649,5,0,0,0,0,0,0,0,0,0,0
25.0227,0,-1.51685,-0.309356,4.39967,-0.0606976,0.103481,0.0691184,0.48998,0,0,0
25.0227,1,1.4261,-1.06858,4.85713,-0.0832585,-0.0893169,0.0379493,0.536941,0,0,0
25.0227,2,0.418054,1.88828,5.2553,-0.195478,0.0357343,-0.0173791,0.531309,0,0,0
25.0227,3,0,0,0,0,0,0,0,0,0,0
25.0227,4,0,0,0,0,0,0,0,0,0,0
25.0227,5,0,0,0,0,0,0,0,0,0,0
25.0757,0,-1.52032,-0.299375,4.40309,-0.063529,0.125718,0.0665817,0.488165,0,0,0
25.0757,1,1.42712,-1.06633,4.85938,-0.067209,-0.0677007,0.0483486,0.53642,0,0,0
25.0757,2,0.411945,1.88781,5.25539,-0.188172,0.0283595,-0.00969088,0.531309,0,0,0
25.0757,3,0,0,0,0,0,0,0,0,0,0
25.0757,4,0,0,0,0,0,0,0,0,0,0
25.0757,5,0,0,0,0,0,0,0,0,0,0
25.1258,0,-1.52761,-0.285356,4.40606,-0.0807565,0.160097,0.0596241,0.488165,0,0,0
25.1258,1,1.42712,-1.06633,4.85938,-0.067209,-0.0677007,0.0483486,0.53642,0,0,0
25.1258,2,0.407149,1.88653,5.25762,-0.17312,0.0183273,-0.00282697,0.530415,0,0,0
25.1258,3,0,0,0,0,0,0,0,0,0,0
25.1258,4,0,0,0,0,0,0,0,0,0,0
25.1258,5,0,0,0,0,0,0,0,0,0,0
25.1818,0,-1.53483,-0.268093,4.40963,-0.0802732,0.17495,0.053371,0.485536,0,0,0
25.1818,1,1.43434,-1.05591,4.86514,-0.0243613,-0.0134604,0.0596035,0.535064,0,0,0
25.1818,2,0.403979,1.88446,5.25705,-0.154307,0.00693162,0.00219013,0.530415,0,0,0
25.1818,3,0,0,0,0,0,0,0,0,0,0
25.1818,4,0,0,0,0,0,0,0,0,0,0
25.1818,5,0,0,0,0,0,0,0,0,0,0
25.2385,0,-1.53375,-0.267749,4.41269,-0.076624,0.176414,0.0354582,0.485536,0,0,0
25.2385,1,1.43434,-1.05591,4.86514,-0.0243613,-0.0134604,0.0596035,0.535064,0,0,0
25.2385,2,0.403964,1.88263,5.25746,-0.129511,-0.00213775,0.00808552,0.527091,0,0,0
25.2385,3,0,0,0,0,0,0,0,0,0,0
25.2385,4,0,0,0,0,0,0,0,0,0,0
25.2385,5,0,0,0,0,0,0,0,0,0,0
25.3038,0,-1.54005,-0.255341,4.41472,-0.0866246,0.195474,0.0229271,0.482219,0,0,0
25.3038,1,1.4453,-1.04173,4.87119,0.0203044,0.0393941,0.0560049,0.52836,0,0,0
25.3038,2,0.406169,1.87947,5.25842,-0.0999919,-0.014597,0.0128943,0.527091,0,0,0
25.3038,3,0,0,0,0,0,0,0,0,0,0
25.3038,4,0,0,0,0,0,0,0,0,0,0
25.3038,5,0,0,0,0,0,0,0,0,0,0
25.3657,0,-1.54313,-0.247361,4.41631,-0.0834086,0.195888,0.0138997,0.482219,0,0,0
25.3657,1,1.45389,-1.03215,4.87415,0.0486304,0.0684963,0.0524233,0.52836,0,0,0
25.3657,2,0.410302,1.8767,5.259,-0.068585,-0.0240277,0.0162689,0.522742,0,0,0
25.3657,3,0,0,0,0,0,0,0,0,0,0
25.3657,4,0,0,0,0,0,0,0,0,0,0
25.3657,5,0,0,0,0,0,0,0,0,0,0
25.4277,0,-1.5455,-0.241193,4.41805,-0.0778233,0.18933,0.0083934,0.483071,0,0,0
25.4277,1,1.46165,-1.02239,4.8767,0.0699786,0.0940757,0.0473729,0.525615,0,0,0
25.4277,2,0.416693,1.87432,5.26019,-0.0331927,-0.0305819,0.0190376,0.522742,0,0,0
25.4277,3,0,0,0,0,0,0,0,0,0,0
25.4277,4,0,0,0,0,0,0,0,0,0,0
25.4277,5,0,0,0,0,0,0,0,0,0,0
25.4779,0,-1.55062,-0.228237,4.41842,-0.0709499,0.181865,0.00510322,0.483071,0,0,0
25.4779,1,1.46829,-1.01404,4.87918,0.0847015,0.111414,0.0437022,0.52082,0,0,0
25.4779,2,0.42427,1.87164,5.26248,0.00111948,-0.0372502,0.0211133,0.51898,0,0,0
25.4779,3,0,0,0,0,0,0,0,0,0,0
25.4779,4,0,0,0,0,0,0,0,0,0,0
25.4779,5,0,0,0,0,0,0,0,0,0,0
25.5393,0,-1.55106,-0.227451,4.41947,-0.061112,0.160799,0.00386556,0.484236,0,0,0
25.5393,1,1.47714,-1.00305,4.88141,0.103727,0.134316,0.0352738,0.52082,0,0,0
25.5393,2,0.42427,1.87164,5.26248,0.00111948,-0.0372502,0.0211133,0.51898,0,0,0
25.5393,3,0,0,0,0,0,0,0,0,0,0
25.5393,4,0,0,0,0,0,0,0,0,0,0
25.5393,5,0,0,0,0,0,0,0,0,0,0
25.5994,0,-1.55066,-0.228629,4.41915,-0.0493391,0.135302,0.00653165,0.484236,0,0,0
25.5994,1,1.48494,-0.993715,4.88363,0.113741,0.14413,0.0207383,0.515349,0,0,0
25.5994,2,0.433626,1.86962,5.26354,0.0364597,-0.0395315,0.0213472,0.516991,0,0,0
25.5994,3,0,0,0,0,0,0,0,0,0,0
25.5994,4,0,0,0,0,0,0,0,0,0,0
25.5994,5,0,0,0,0,0,0,0,0,0,0
25.6526,0,-1.5486,-0.23823,4.41912,-0.0406136,0.100491,0.00807869,0.484044,0,0,0
25.6526,1,1.49171,-0.984496,4.88546,0.121286,0.156028,0.00473238,0.515349,0,0,0
25.6526,2,0.444707,1.86609,5.2645,0.0733967,-0.047764,0.0190465,0.516991,0,0,0
25.6526,3,0,0,0,0,0,0,0,0,0,0
25.6526,4,0,0,0,0,0,0,0,0,0,0
25.6526,5,0,0,0,0,0,0,0,0,0,0
25.7116,0,-1.54687,-0.243961,4.42011,-0.0254038,0.0635175,0.00963727,0.484044,0,0,0
25.7116,1,1.50018,-0.972965,4.88584,0.13039,0.170498,-0.0159981,0.515349,0,0,0
25.7116,2,0.455173,1.86395,5.26534,0.102294,-0.0494286,0.0181391,0.514969,0,0,0
25.7116,3,0,0,0,0,0,0,0,0,0,0
25.7116,4,0,0,0,0,0,0,0,0,0,0
25.7116,5,0,0,0,0,0,0,0,0,0,0
25.7706,0,-1.54694,-0.249978,4.42102,-0.0187852,0.0308707,0.0109637,0.483845,0,0,0
25.7706,1,1.50418,-0.967178,4.88446,0.124922,0.164777,-0.0314106,0.513639,0,0,0
25.7706,2,0.472446,1.85939,5.26624,0.133995,-0.0520179,0.0163219,0.514969,0,0,0
25.7706,3,0,0,0,0,0,0,0,0,0,0
25.7706,4,0,0,0,0,0,0,0,0,0,0
25.7706,5,0,0,0,0,0,0,0,0,0,0
25.8285,0,-1.5458,-0.259325,4.42209,-0.00860034,-0.00883698,0.0114638,0.483845,0,0,0
25.8285,1,1.50672,-0.96246,4.88346,0.116038,0.157312,-0.0418528,0.510834,0,0,0
25.8285,2,0.485793,1.85674,5.26707,0.161621,-0.0548653,0.0147908,0.514333,0,0,0
25.8285,3,0,0,0,0,0,0,0,0,0,0
25.8285,4,0,0,0,0,0,0,0,0,0,0
25.8285,5,0,0,0,0,0,0,0,0,0,0
25.8916,0,-1.54456,-0.26768,4.42293,-0.000200059,-0.0390219,0.011733,0.486099,0,0,0
25.8916,1,1.5089,-0.957918,4.88116,0.107489,0.150592,-0.0482566,0.510834,0,0,0
25.8916,2,0.504996,1.85455,5.26867,0.183793,-0.0481101,0.0119133,0.514333,0,0,0
25.8916,3,0,0,0,0,0,0,0,0,0,0
25.8916,4,0,0,0,0,0,0,0,0,0,0
25.8916,5,0,0,0,0,0,0,0,0,0,0
25.9523,0,-1.5451,-0.276177,4.42359,0.000400242,-0.0647427,0.0112655,0.489799,0,0,0
25.9523,1,1.50635,-0.959135,4.87927,0.0847624,0.125613,-0.0486229,0.507042,0,0,0
25.9523,2,0.504996,1.85455,5.26867,0.183793,-0.0481101,0.0119133,0.517215,0,0,0
25.9523,3,0,0,0,0,0,0,0,0,0,0
25.9523,4,0,0,0,0,0,0,0,0,0,0
25.9523,5,0,0,0,0,0,0,0,0,0,0
26.0075,0,-1.54363,-0.286755,4.42428,0.00800843,-0.0936606,0.0110471,0.489799,0,0,0
26.0075,1,1.50375,-0.960652,4.87676,0.0639064,0.101672,-0.0482686,0.507042,0,0,0
26.0075,2,0.51648,1.85271,5.26942,0.197922,-0.0482104,0.00478343,0.517215,0,0,0
26.0075,3,0,0,0,0,0,0,0,0,0,0
26.0075,4,0,0,0,0,0,0,0,0,0,0
26.0075,5,0,0,0,0,0,0,0,0,0,0
26.0656,0,-1.54347,-0.296491,4.42507,0.00943661,-0.115369,0.0114022,0.494465,0,0,0
26.0656,1,1.50265,-0.960552,4.87495,0.052067,0.0879623,-0.0472517,0.506076,0,0,0
26.0656,2,0.52442,1.85232,5.26985,0.195738,-0.0417083,-0.000947883,0.520714,0,0,0
26.0656,3,0,0,0,0,0,0,0,0,0,0
26.0656,4,0,0,0,0,0,0,0,0,0,0
26.0656,5,0,0,0,0,0,0,0,0,0,0
26.1248,0,-1.54056,-0.30802,4.42577,0.0202324,-0.141092,0.0118551,0.494465,0,0,0
26.1248,1,1.4969,-0.966062,4.87338,0.0262213,0.0565413,-0.0445886,0.506076,0,0,0
26.1248,2,0.535101,1.85023,5.26945,0.204602,-0.042858,-0.0134545,0.520714,0,0,0
26.1248,3,0,0,0,0,0,0,0,0,0,0
26.1248,4,0,0,0,0,0,0,0,0,0,0
26.1248,5,0,0,0,0,0,0,0,0,0,0
26.1749,0,-1.54165,-0.315326,4.42651,0.0147713,-0.14727,0.0126737,0.49922,0,0,0
26.1749,1,1.49833,-0.962973,4.87171,0.0272116,0.0582552,-0.0439247,0.504615,0,0,0
26.1749,2,0.542556,1.85066,5.26912,0.197813,-0.03362,-0.0305485,0.524495,0,0,0
26.1749,3,0,0,0,0,0,0,0,0,0,0
26.1749,4,0,0,0,0,0,0,0,0,0,0
26.1749,5,0,0,0,0,0,0,0,0,0,0
26.2352,0,-1.54028,-0.331425,4.4282,0.0178396,-0.160834,0.0121823,0.49922,0,0,0
26.2352,1,1.48787,-0.975172,4.87042,-0.00902801,0.0111,-0.0416765,0.504615,0,0,0
26.2352,2,0.546506,1.85059,5.26831,0.180114,-0.0267241,-0.0366333,0.524495,0,0,0
26.2352,3,0,0,0,0,0,0,0,0,0,0
26.2352,4,0,0,0,0,0,0,0,0,0,0
26.2352,5,0,0,0,0,0,0,0,0,0,0
26.2983,0,-1.53686,-0.34871,4.42924,0.0262188,-0.175709,0.0159803,0.506362,0,0,0
26.2983,1,1.48201,-0.983303,4.86783,-0.0252748,-0.0174781,-0.0403749,0.504296,0,0,0
26.2983,2,0.549949,1.85113,5.26661,0.162821,-0.0189043,-0.0409167,0.526646,0,0,0
26.2983,3,0,0,0,0,0,0,0,0,0,0
26.2983,4,0,0,0,0,0,0,0,0,0,0
26.2983,5,0,0,0,0,0,0,0,0,0,0
26.3566,0,-1.53626,-0.34701,4.43028,0.0273372,-0.169613,0.0179722,0.506362,0,0,0
26.3566,1,1.47348,-0.99136,4.86552,-0.0479721,-0.0404199,-0.0402048,0.504296,0,0,0
26.3566,2,0.55033,1.85184,5.26454,0.13649,-0.0111857,-0.0407592,0.526646,0,0,0
26.3566,3,0,0,0,0,0,0,0,0,0,0
26.3566,4,0,0,0,0,0,0,0,0,0,0
26.3566,5,0,0,0,0,0,0,0,0,0,0
26.4073,0,-1.53626,-0.34701,4.43028,0.0273372,-0.169613,0.0179722,0.506297,0,0,0
26.4073,1,1.46902,-0.998446,4.86393,-0.0552321,-0.0574586,-0.0397643,0.505717,0,0,0
26.4073,2,0.548848,1.85532,5.26267,0.109425,0.00509979,-0.0382826,0.529043,0,0,0
26.4073,3,0,0,0,0,0,0,0,0,0,0
26.4073,4,0,0,0,0,0,0,0,0,0,0
26.4073,5,0,0,0,0,0,0,0,0,0,0
26.4593,0,-1.53644,-0.358977,4.43247,0.0209343,-0.160643,0.0192539,0.506297,0,0,0
26.4593,1,1.46388,-1.00569,4.86219,-0.0639632,-0.0738947,-0.0388923,0.505717,0,0,0
26.4593,2,0.544198,1.85586,5.26051,0.0747844,0.00897779,-0.0348335,0.529043,0,0,0
26.4593,3,0,0,0,0,0,0,0,0,0,0
26.4593,4,0,0,0,0,0,0,0,0,0,0
26.4593,5,0,0,0,0,0,0,0,0,0,0
26.5207,0,-1.5351,-0.363794,4.43409,0.0233408,-0.155598,0.0222967,0.511518,0,0,0
26.5207,1,1.45718,-1.01295,4.86021,-0.0759819,-0.0868539,-0.0380186,0.509828,0,0,0
26.5207,2,0.538092,1.8603,5.2596,0.0404441,0.0261562,-0.0317729,0.527466,0,0,0
26.5207,3,0,0,0,0,0,0,0,0,0,0
26.5207,4,0,0,0,0,0,0,0,0,0,0
26.5207,5,0,0,0,0,0,0,0,0,0,0
26.5733,0,-1.53398,-0.366424,4.43666,0.0246696,-0.144053,0.0337321,0.511518,0,0,0
26.5733,1,1.45089,-1.02523,4.85796,-0.0853041,-0.116107,-0.0373234,0.509828,0,0,0
26.5733,2,0.529912,1.86296,5.25841,0.00461599,0.0349122,-0.0292775,0.527466,0,0,0
26.5733,3,0,0,0,0,0,0,0,0,0,0
26.5733,4,0,0,0,0,0,0,0,0,0,0
26.5733,5,0,0,0,0,0,0,0,0,0,0
26.6361,0,-1.53341,-0.36946,4.43929,0.0227723,-0.132623,0.0364205,0.510928,0,0,0
26.6361,1,1.44502,-1.03284,4.85425,-0.0929298,-0.125853,-0.0371682,0.516413,0,0,0
26.6361,2,0.520396,1.86563,5.25661,-0.0306574,0.0420951,-0.0287293,0.529055,0,0,0
26.6361,3,0,0,0,0,0,0,0,0,0,0
26.6361,4,0,0,0,0,0,0,0,0,0,0
26.6361,5,0,0,0,0,0,0,0,0,0,0
26.6927,0,-1.53323,-0.370914,4.44208,0.0201667,-0.118664,0.0421677,0.510928,0,0,0
26.6927,1,1.43953,-1.04075,4.85277,-0.0979047,-0.135131,-0.0361368,0.516413,0,0,0
26.6927,2,0.509269,1.86753,5.25548,-0.0663017,0.0456814,-0.0278658,0.529055,0,0,0
26.6927,3,0,0,0,0,0,0,0,0,0,0
26.6927,4,0,0,0,0,0,0,0,0,0,0
26.6927,5,0,0,0,0,0,0,0,0,0,0
26.7516,0,-1.53178,-0.373866,4.44482,0.0198392,-0.0960394,0.0478208,0.509896,0,0,0
26.7516,1,1.43372,-1.04847,4.85294,-0.103694,-0.142685,-0.0335923,0.521792,0,0,0
26.7516,2,0.498476,1.87019,5.25447,-0.0960382,0.0507792,-0.0279896,0.526514,0,0,0
26.7516,3,0,0,0,0,0,0,0,0,0,0
26.7516,4,0,0,0,0,0,0,0,0,0,0
26.7516,5,0,0,0,0,0,0,0,0,0,0
26.8122,0,-1.53178,-0.373866,4.44482,0.0198392,-0.0960394,0.0478208,0.509896,0,0,0
26.8122,1,1.43052,-1.05304,4.84991,-0.100358,-0.138807,-0.0323996,0.521792,0,0,0
26.8122,2,0.489501,1.87203,5.25345,-0.114793,0.0513874,-0.0288542,0.526514,0,0,0
26.8122,3,0,0,0,0,0,0,0,0,0,0
26.8122,4,0,0,0,0,0,0,0,0,0,0
26.8122,5,0,0,0,0,0,0,0,0,0,0
26.8688,0,-1.53319,-0.370534,4.45,0.0126536,-0.0713411,0.0514141,0.507475,0,0,0
26.8688,1,1.4268,-1.05752,4.8487,-0.0970536,-0.131879,-0.0309282,0.526488,0,0,0
26.8688,2,0.476954,1.87544,5.25192,-0.142691,0.0575193,-0.0297811,0.52625,0,0,0
26.8688,3,0,0,0,0,0,0,0,0,0,0
26.8688,4,0,0,0,0,0,0,0,0,0,0
26.8688,5,0,0,0,0,0,0,0,0,0,0
26.9266,0,-1.53411,-0.364858,4.45283,0.00783679,-0.0433392,0.053759,0.507475,0,0,0
26.9266,1,1.42361,-1.06203,4.84784,-0.0943044,-0.128944,-0.0228068,0.526488,0,0,0
26.9266,2,0.466102,1.87738,5.25071,-0.161007,0.057499,-0.0303861,0.52625,0,0,0
26.9266,3,0,0,0,0,0,0,0,0,0,0
26.9266,4,0,0,0,0,0,0,0,0,0,0
26.9266,5,0,0,0,0,0,0,0,0,0,0
26.982,0,-1.53765,-0.356399,4.45454,-0.00497732,-0.0089398,0.0533675,0.502877,0,0,0
26.982,1,1.41845,-1.06779,4.84742,-0.0972641,-0.128831,-0.0133706,0.529999,0,0,0
26.982,2,0.455433,1.87892,5.24908,-0.174606,0.0551608,-0.0310404,0.525825,0,0,0
26.982,3,0,0,0,0,0,0,0,0,0,0
26.982,4,0,0,0,0,0,0,0,0,0,0
26.982,5,0,0,0,0,0,0,0,0,0,0
27.0426,0,-1.54207,-0.345854,4.45623,-0.0191922,0.0291092,0.0523746,0.502877,0,0,0
27.0426,1,1.41651,-1.06984,4.84791,-0.0902648,-0.117627,-0.00118446,0.529999,0,0,0
27.0426,2,0.444255,1.88146,5.24765,-0.189285,0.0571141,-0.0313375,0.525825,0,0,0
27.0426,3,0,0,0,0,0,0,0,0,0,0
27.0426,4,0,0,0,0,0,0,0,0,0,0
27.0426,5,0,0,0,0,0,0,0,0,0,0
27.0927,0,-1.54861,-0.331931,4.45959,-0.0424417,0.0764865,0.0503756,0.499626,0,0,0
27.0927,1,1.41303,-1.07311,4.84885,-0.0895812,-0.112157,0.0128763,0.532534,0,0,0
27.0927,2,0.434646,1.88245,5.24622,-0.191636,0.051426,-0.0306213,0.525684,0,0,0
27.0927,3,0,0,0,0,0,0,0,0,0,0
27.0927,4,0,0,0,0,0,0,0,0,0,0
27.0927,5,0,0,0,0,0,0,0,0,0,0
27.1446,0,-1.55001,-0.326842,4.46231,-0.0411703,0.0844527,0.0497693,0.499626,0,0,0
27.1446,1,1.41024,-1.07539,4.85061,-0.0869242,-0.104169,0.0234475,0.532534,0,0,0
27.1446,2,0.424539,1.88398,5.24473,-0.197905,0.0493959,-0.02726,0.525684,0,0,0
27.1446,3,0,0,0,0,0,0,0,0,0,0
27.1446,4,0,0,0,0,0,0,0,0,0,0
27.1446,5,0,0,0,0,0,0,0,0,0,0
27.2024,0,-1.55243,-0.31322,4.4642,-0.0452985,0.120269,0.0455228,0.497834,0,0,0
27.2024,1,1.41184,-1.07317,4.85311,-0.0701538,-0.0824673,0.0365109,0.533672,0,0,0
27.2024,2,0.417747,1.88421,5.24389,-0.19122,0.0421746,-0.02215,0.525218,0,0,0
27.2024,3,0,0,0,0,0,0,0,0,0,0
27.2024,4,0,0,0,0,0,0,0,0,0,0
27.2024,5,0,0,0,0,0,0,0,0,0,0
27.2526,0,-1.55906,-0.298337,4.46737,-0.0633963,0.157735,0.0435356,0.497834,0,0,0
27.2526,1,1.41152,-1.0725,4.85471,-0.0614075,-0.0680291,0.0430985,0.533672,0,0,0
27.2526,2,0.409417,1.88496,5.24365,-0.192179,0.0386955,-0.0179928,0.525218,0,0,0
27.2526,3,0,0,0,0,0,0,0,0,0,0
27.2526,4,0,0,0,0,0,0,0,0,0,0
27.2526,5,0,0,0,0,0,0,0,0,0,0
27.3178,0,-1.56258,-0.285866,4.46982,-0.0662713,0.177846,0.0399379,0.49326,0,0,0
27.3178,1,1.41433,-1.06825,4.85745,-0.0419567,-0.0420226,0.0479218,0.531754,0,0,0
27.3178,2,0.402755,1.88416,5.24368,-0.181372,0.0287951,-0.011271,0.524711,0,0,0
27.3178,3,0,0,0,0,0,0,0,0,0,0
27.3178,4,0,0,0,0,0,0,0,0,0,0
27.3178,5,0,0,0,0,0,0,0,0,0,0
27.3731,0,-1.56681,-0.273359,4.47196,-0.0725542,0.197488,0.0336101,0.49326,0,0,0
27.3731,1,1.4187,-1.06245,4.8596,-0.0216017,-0.0164066,0.0502822,0.531754,0,0,0
27.3731,2,0.39697,1.88286,5.24417,-0.173098,0.0192213,-0.00533881,0.524711,0,0,0
27.3731,3,0,0,0,0,0,0,0,0,0,0
27.3731,4,0,0,0,0,0,0,0,0,0,0
27.3731,5,0,0,0,0,0,0,0,0,0,0
27.4336,0,-1.56883,-0.264803,4.474,-0.0689186,0.199632,0.0217274,0.490536,0,0,0
27.4336,1,1.42464,-1.05506,4.86242,0.00297546,0.0128871,0.0504636,0.527121,0,0,0
27.4336,2,0.388605,1.88424,5.24431,-0.177109,0.0209112,-0.00408723,0.522111,0,0,0
27.4336,3,0,0,0,0,0,0,0,0,0,0
27.4336,4,0,0,0,0,0,0,0,0,0,0
27.4336,5,0,0,0,0,0,0,0,0,0,0
27.496,0,-1.57168,-0.255572,4.47495,-0.0686842,0.203657,0.0110181,0.490536,0,0,0
27.496,1,1.43017,-1.04794,4.86508,0.0224212,0.0367064,0.0495239,0.527121,0,0,0
27.496,2,0.393304,1.8793,5.24528,-0.135935,-0.000382721,0.00497122,0.522111,0,0,0
27.496,3,0,0,0,0,0,0,0,0,0,0
27.496,4,0,0,0,0,0,0,0,0,0,0
27.496,5,0,0,0,0,0,0,0,0,0,0
27.5564,0,-1.57384,-0.247468,4.47737,-0.065551,0.202299,-0.000978975,0.488112,0,0,0
27.5564,1,1.43868,-1.03746,4.8675,0.0480777,0.0673174,0.0454638,0.521637,0,0,0
27.5564,2,0.394355,1.87677,5.24593,-0.110162,-0.0110208,0.010083,0.51877,0,0,0
27.5564,3,0,0,0,0,0,0,0,0,0,0
27.5564,4,0,0,0,0,0,0,0,0,0,0
27.5564,5,0,0,0,0,0,0,0,0,0,0
27.6121,0,-1.57535,-0.241035,4.47717,-0.0601849,0.194726,-0.00947375,0.488112,0,0,0
27.6121,1,1.4478,-1.02629,4.87036,0.0722118,0.0960704,0.0413821,0.521637,0,0,0
27.6121,2,0.397749,1.87278,5.24669,-0.0803775,-0.0258182,0.0138817,0.512942,0,0,0
27.6121,3,0,0,0,0,0,0,0,0,0,0
27.6121,4,0,0,0,0,0,0,0,0,0,0
27.6121,5,0,0,0,0,0,0,0,0,0,0
27.6733,0,-1.57609,-0.236532,4.477,-0.0525575,0.181062,-0.0139849,0.487991,0,0,0
27.6733,1,1.45522,-1.01781,4.87242,0.0880584,0.112123,0.0370541,0.515027,0,0,0
27.6733,2,0.403665,1.87089,5.24873,-0.038188,-0.0277876,0.0187408,0.512942,0,0,0
27.6733,3,0,0,0,0,0,0,0,0,0,0
27.6733,4,0,0,0,0,0,0,0,0,0,0
27.6733,5,0,0,0,0,0,0,0,0,0,0
27.7355,0,-1.57523,-0.233569,4.47664,-0.0400629,0.163844,-0.0140584,0.487991,0,0,0
27.7355,1,1.46306,-1.00736,4.87394,0.102853,0.13298,0.0277034,0.510379,0,0,0
27.7355,2,0.417537,1.86545,5.24897,0.0155906,-0.0433447,0.0198783,0.511893,0,0,0
27.7355,3,0,0,0,0,0,0,0,0,0,0
27.7355,4,0,0,0,0,0,0,0,0,0,0
27.7355,5,0,0,0,0,0,0,0,0,0,0
27.7957,0,-1.57452,-0.235633,4.47499,-0.0213895,0.109104,-0.0136186,0.486316,0,0,0
27.7957,1,1.47145,-0.996992,4.87568,0.117308,0.15028,0.00987687,0.510379,0,0,0
27.7957,2,0.42804,1.86414,5.25041,0.0517781,-0.0443516,0.0199174,0.511893,0,0,0
27.7957,3,0,0,0,0,0,0,0,0,0,0
27.7957,4,0,0,0,0,0,0,0,0,0,0
27.7957,5,0,0,0,0,0,0,0,0,0,0
27.8591,0,-1.57452,-0.235633,4.47499,-0.0213895,0.109104,-0.0136186,0.486632,0,0,0
27.8591,1,1.47761,-0.989165,4.87572,0.122231,0.156337,-0.00614486,0.506903,0,0,0
27.8591,2,0.438521,1.86218,5.25173,0.0828754,-0.0469779,0.0194718,0.507734,0,0,0
27.8591,3,0,0,0,0,0,0,0,0,0,0
27.8591,4,0,0,0,0,0,0,0,0,0,0
27.8591,5,0,0,0,0,0,0,0,0,0,0
27.9182,0,-1.57331,-0.241038,4.47466,-0.0110516,0.0724359,-0.012432,0.486632,0,0,0
27.9182,1,1.48358,-0.980602,4.87562,0.125018,0.163381,-0.0205648,0.506903,0,0,0
27.9182,2,0.438521,1.86218,5.25173,0.0828754,-0.0469779,0.0194718,0.507734,0,0,0
27.9182,3,0,0,0,0,0,0,0,0,0,0
27.9182,4,0,0,0,0,0,0,0,0,0,0
27.9182,5,0,0,0,0,0,0,0,0,0,0
27.987,0,-1.57184,-0.247261,4.47505,-0.00160054,0.0380188,-0.00984927,0.486923,0,0,0
27.987,1,1.48803,-0.973983,4.87506,0.122072,0.162306,-0.0337161,0.503563,0,0,0
27.987,2,0.461514,1.85967,5.25373,0.13675,-0.0447663,0.0168857,0.506378,0,0,0
27.987,3,0,0,0,0,0,0,0,0,0,0
27.987,4,0,0,0,0,0,0,0,0,0,0
27.987,5,0,0,0,0,0,0,0,0,0,0
28.0407,0,-1.5705,-0.255094,4.47378,0.00613363,0.00285948,-0.00970495,0.486923,0,0,0
28.0407,1,1.4905,-0.96942,4.87368,0.112343,0.153361,-0.0406075,0.503563,0,0,0
28.0407,2,0.461514,1.85967,5.25373,0.13675,-0.0447663,0.0168857,0.506378,0,0,0
28.0407,3,0,0,0,0,0,0,0,0,0,0
28.0407,4,0,0,0,0,0,0,0,0,0,0
28.0407,5,0,0,0,0,0,0,0,0,0,0
28.1035,0,-1.56915,-0.263943,4.47428,0.0126052,-0.0305235,-0.00853313,0.489178,0,0,0
28.1035,1,1.49212,-0.965563,4.87177,0.10121,0.14337,-0.0445399,0.500773,0,0,0
28.1035,2,0.485457,1.85625,5.25549,0.178772,-0.0454314,0.0137433,0.509022,0,0,0
28.1035,3,0,0,0,0,0,0,0,0,0,0
28.1035,4,0,0,0,0,0,0,0,0,0,0
28.1035,5,0,0,0,0,0,0,0,0,0,0
28.1537,0,-1.56685,-0.274632,4.47399,0.0217287,-0.0652423,-0.00876289,0.489178,0,0,0
28.1537,1,1.49087,-0.96559,4.86983,0.082398,0.121899,-0.0450691,0.500773,0,0,0
28.1537,2,0.485457,1.85625,5.25549,0.178772,-0.0454314,0.0137433,0.509022,0,0,0
28.1537,3,0,0,0,0,0,0,0,0,0,0
28.1537,4,0,0,0,0,0,0,0,0,0,0
28.1537,5,0,0,0,0,0,0,0,0,0,0
28.2132,0,-1.56558,-0.286632,4.47367,0.0257498,-0.0981957,-0.00855126,0.493085,0,0,0
28.2132,1,1.48925,-0.965858,4.86813,0.0658142,0.103809,-0.0440919,0.499889,0,0,0
28.2132,2,0.496227,1.85517,5.25625,0.191474,-0.0433457,0.0120672,0.512337,0,0,0
28.2132,3,0,0,0,0,0,0,0,0,0,0
28.2132,4,0,0,0,0,0,0,0,0,0,0
28.2132,5,0,0,0,0,0,0,0,0,0,0
