time,uav_id,px,py,pz,vx,vy,vz,feedback,ref_x,ref_y,ref_z
0.000103318,0,-0.000259725,-0.0442824,2.05998,0,0,8.50593e-08,2.06046,0,0,0
0.000103318,1,2.99974,-0.0442824,2.05998,-1.57309e-15,-7.02804e-17,-6.34671e-08,3.63922,0,0,0
0.000103318,2,2.99974,2.95572,2.05998,1.51599e-25,-1.10668e-24,-2.24736e-08,4.6881,0,0,0
0.000103318,3,-0.000259725,2.95572,2.05998,-1.43605e-16,-2.31399e-15,6.99143e-08,3.60275,0,0,0
0.000103318,4,-3.00026,2.95572,2.05998,1.09516e-24,4.09154e-25,-1.4528e-08,4.68843,0,0,0
0.000103318,5,-3.00026,-0.0442824,2.05998,-3.54133e-15,5.64274e-17,5.16697e-08,3.63965,0,0,0
0.143346,0,-0.000259725,-0.0442824,2.05998,0,0,9.50655e-08,2.06046,0,0,0
0.143346,1,2.99974,-0.0442824,2.05998,-1.57309e-15,-7.02804e-17,-6.34671e-08,3.63922,0,0,0
0.143346,2,2.99974,2.95572,2.05998,1.58159e-25,-1.15456e-24,-2.34461e-08,4.6881,0,0,0
0.143346,3,-0.000259725,2.95572,2.05998,-1.27097e-16,-2.32381e-15,7.45637e-08,3.60275,0,0,0
0.143346,4,-3.00026,2.95572,2.05998,8.34481e-25,7.86454e-25,-1.77995e-08,4.68843,0,0,0
0.143346,5,-3.00026,-0.0442824,2.05998,-3.54133e-15,5.64274e-17,5.16697e-08,3.63965,0,0,0
0.284695,0,-0.000259725,-0.0442824,2.05998,0,0,1.00333e-07,2.06046,0,0,0
0.284695,1,2.99974,-0.0442824,2.05998,-1.55718e-15,-6.34332e-17,-1.13416e-07,3.63922,0,0,0
0.284695,2,2.99974,2.95572,2.05998,4.48055e-24,-6.18277e-24,-5.80098e-08,4.6881,0,0,0
0.284695,3,-0.000259725,2.95572,2.05998,-8.43141e-17,-2.34478e-15,8.11239e-08,3.60275,0,0,0
0.284695,4,-3.00026,2.95572,2.05998,-5.19918e-26,1.0485e-24,-2.56915e-08,4.68843,0,0,0
0.284695,5,-3.00026,-0.0442824,2.05998,-3.54133e-15,5.64274e-17,5.16697e-08,3.63965,0,0,0
0.408545,0,-0.000259725,-0.0442824,2.05998,0,0,1.19289e-07,2.06046,0,0,0
0.408545,1,2.99974,-0.0442824,2.05998,-1.55111e-15,-4.81211e-17,-1.2145e-07,3.63922,0,0,0
0.408545,2,2.99974,2.95572,2.05998,2.61689e-24,-8.53197e-24,-9.18192e-08,4.6881,0,0,0
0.408545,3,-0.000259725,2.95572,2.05998,-8.4311e-17,-2.34619e-15,8.65282e-08,3.60275,0,0,0
0.408545,4,-3.00026,2.95572,2.05998,-1.88878e-24,2.28666e-26,-2.71186e-08,4.68843,0,0,0
0.408545,5,-3.00026,-0.0442824,2.05998,-3.54368e-15,5.73624e-17,5.89238e-08,3.63965,0,0,0
0.545629,0,-0.000259725,-0.0442824,2.05998,0,0,7.66758e-08,2.06046,0,0,0
0.545629,1,2.99974,-0.0442824,2.05998,-1.54064e-15,-4.94983e-17,-1.4137e-07,3.63922,0,0,0
0.545629,2,2.99974,2.95572,2.05998,8.8102e-25,-7.96442e-24,-1.04484e-07,4.6881,0,0,0
0.545629,3,-0.000259725,2.95572,2.05998,-6.13877e-17,-2.34859e-15,7.75997e-08,3.60275,0,0,0
0.545629,4,-3.00026,2.95572,2.05998,-1.81662e-24,-1.46372e-24,-2.37794e-08,4.68843,0,0,0
0.545629,5,-3.00026,-0.0442824,2.05998,-2.36687e-15,-1.80087e-16,7.98074e-08,3.63965,0,0,0
0.675311,0,-0.000259725,-0.0442824,2.05998,0,0,4.46933e-08,2.06046,0,0,0
0.675311,1,2.99974,-0.0442824,2.05998,-1.53017e-15,-5.08756e-17,-1.07223e-07,3.63922,0,0,0
0.675311,2,2.99974,2.95572,2.05998,-1.00318e-24,-5.65426e-24,-9.01299e-08,4.6881,0,0,0
0.675311,3,-0.000259725,2.95572,2.05998,-3.13996e-17,-2.36229e-15,1.93089e-08,3.60275,0,0,0
0.675311,4,-3.00026,2.95572,2.05998,-1.91158e-24,-1.47249e-24,-2.24459e-08,4.68843,0,0,0
0.675311,5,-3.00026,-0.0442824,2.05998,-2.29928e-15,-3.74694e-17,5.83137e-08,3.63965,0,0,0
0.812976,0,-0.000259725,-0.0442824,2.05998,0,0,-1.8492e-09,2.06046,0,0,0
0.812976,1,2.99974,-0.0442824,2.05998,-1.5197e-15,-5.22528e-17,-9.69833e-08,3.63922,0,0,0
0.812976,2,2.99974,2.95572,2.05998,-1.36693e-24,-1.95891e-24,-3.19116e-08,4.6881,0,0,0
0.812976,3,-0.000259725,2.95572,2.05998,2.30474e-18,-2.37665e-15,-4.23465e-09,3.60275,0,0,0
0.812976,4,-3.00026,2.95572,2.05998,-2.68776e-24,-1.119e-24,-2.13357e-08,4.68843,0,0,0
0.812976,5,-3.00026,-0.0442824,2.05998,-2.20344e-15,3.15317e-18,-1.63874e-09,3.63965,0,0,0
0.946922,0,-0.000259725,-0.0442824,2.05998,0,0,-2.67142e-08,2.06046,0,0,0
0.946922,1,2.99974,-0.0442824,2.05998,-1.51796e-15,-3.64145e-17,-8.2178e-08,3.63922,0,0,0
0.946922,2,2.99974,2.95572,2.05998,3.98434e-25,3.08857e-25,5.53305e-09,4.6881,0,0,0
0.946922,3,-0.000259725,2.95572,2.05998,1.7073e-17,-2.38356e-15,-5.99955e-08,3.60275,0,0,0
0.946922,4,-3.00026,2.95572,2.05998,-3.06374e-24,-9.15679e-25,-2.04125e-08,4.68843,0,0,0
0.946922,5,-3.00026,-0.0442824,2.05998,-2.16131e-15,3.31892e-18,-2.93619e-08,3.63965,0,0,0
1.07615,0,-0.000259725,-0.0442824,2.05998,0,0,-3.99446e-08,2.06046,0,0,0
1.07615,1,2.99974,-0.0442824,2.05998,-1.50783e-15,-3.71376e-17,-7.06783e-08,3.63922,0,0,0
1.07615,2,2.99974,2.95572,2.05998,2.75256e-24,1.57142e-24,3.04514e-08,4.6881,0,0,0
1.07615,3,-0.000259725,2.95572,2.05998,2.70015e-17,-2.38685e-15,-9.07898e-08,3.60275,0,0,0
1.07615,4,-3.00026,2.95572,2.05998,-1.49727e-24,-6.82386e-25,-1.96426e-08,4.68843,0,0,0
1.07615,5,-3.00026,-0.0442824,2.05998,-2.11917e-15,3.48468e-18,-5.44954e-08,3.63965,0,0,0
1.20622,0,-0.000259725,-0.0442824,2.05998,0,0,-4.65915e-08,2.06046,0,0,0
1.20622,1,2.99974,-0.0442824,2.05998,-1.49769e-15,-3.78607e-17,-5.74416e-08,3.63922,0,0,0
1.20622,2,2.99974,2.95572,2.05998,5.6977e-24,2.383e-24,5.31224e-08,4.6881,0,0,0
1.20622,3,-0.000259725,2.95572,2.05998,3.50807e-17,-2.38942e-15,-1.07083e-07,3.60275,0,0,0
1.20622,4,-3.00026,2.95572,2.05998,-1.98765e-25,-6.41177e-25,-1.90101e-08,4.68843,0,0,0
1.20622,5,-3.00026,-0.0442824,2.05998,-2.08085e-15,-1.64416e-19,-7.31594e-08,3.63965,0,0,0
1.35038,0,-0.000259725,-0.0442824,2.05998,0,0,-6.01393e-08,2.06046,0,0,0
1.35038,1,2.99974,-0.0442824,2.05998,-1.49252e-15,-1.76621e-17,-4.73407e-08,3.63922,0,0,0
1.35038,2,2.99974,2.95572,2.05998,7.86638e-24,2.7913e-24,7.52348e-08,4.6881,0,0,0
1.35038,3,-0.000259725,2.95572,2.05998,4.12993e-17,-2.39281e-15,-1.2466e-07,3.60275,0,0,0
1.35038,4,-3.00026,2.95572,2.05998,-2.277e-25,-1.11978e-24,-1.84959e-08,4.68843,0,0,0
1.35038,5,-3.00026,-0.0442824,2.05998,-2.03144e-15,-1.8683e-17,-8.63843e-08,3.63965,0,0,0
1.48078,0,-0.000259725,-0.0442824,2.05998,0,0,-6.99943e-08,2.06046,0,0,0
1.48078,1,2.99974,-0.0442824,2.05998,-1.48259e-15,-1.75954e-17,-4.04834e-08,3.63922,0,0,0
1.48078,2,2.99974,2.95572,2.05998,7.08547e-24,3.89382e-24,9.46284e-08,4.6881,0,0,0
1.48078,3,-0.000259725,2.95572,2.05998,4.36645e-17,-2.39432e-15,-1.2224e-07,3.60275,0,0,0
1.48078,4,-3.00026,2.95572,2.05998,-5.45896e-25,-1.81457e-24,-1.80839e-08,4.68843,0,0,0
1.48078,5,-3.00026,-0.0442824,2.05998,-1.99668e-15,-2.6881e-17,-9.97081e-08,3.63965,0,0,0
1.61144,0,-0.000259725,-0.0442824,2.05998,0,0,-7.84004e-08,2.06046,0,0,0
1.61144,1,2.99974,-0.0442824,2.05998,-1.47265e-15,-1.75286e-17,-3.06513e-08,3.63922,0,0,0
1.61144,2,2.99974,2.95572,2.05998,4.45568e-24,5.31461e-24,1.06109e-07,4.6881,0,0,0
1.61144,3,-0.000259725,2.95572,2.05998,4.57913e-17,-2.39554e-15,-6.2264e-08,3.60275,0,0,0
1.61144,4,-3.00026,2.95572,2.05998,-6.19972e-25,-2.34511e-24,-1.77598e-08,4.68843,0,0,0
1.61144,5,-3.00026,-0.0442824,2.05998,-1.94761e-15,-4.66699e-17,-9.59485e-08,3.63965,0,0,0
1.73213,0,-0.000259725,-0.0442824,2.05998,0,0,-8.55166e-08,2.06046,0,0,0
1.73213,1,2.99974,-0.0442824,2.05998,-1.46773e-15,3.38733e-18,-2.3444e-08,3.63922,0,0,0
1.73213,2,2.99974,2.95572,2.05998,-2.88946e-24,2.34858e-24,8.44027e-08,4.6881,0,0,0
1.73213,3,-0.000259725,2.95572,2.05998,4.52121e-17,-2.39632e-15,-2.28936e-08,3.60275,0,0,0
1.73213,4,-3.00026,2.95572,2.05998,-1.1812e-25,-1.83087e-24,-1.75106e-08,4.68843,0,0,0
1.73213,5,-3.00026,-0.0442824,2.05998,-1.89646e-15,-6.53529e-17,-3.12194e-08,3.63965,0,0,0
1.86577,0,-0.000259725,-0.0442824,2.05998,0,0,-9.23934e-08,2.06046,0,0,0
1.86577,1,2.99974,-0.0442824,2.05998,-1.458e-15,4.24262e-18,-1.70112e-08,3.63922,0,0,0
1.86577,2,2.99974,2.95572,2.05998,-2.6951e-24,-1.42347e-25,2.8136e-08,4.6881,0,0,0
1.86577,3,-0.000259725,2.95572,2.05998,4.3681e-17,-2.3972e-15,1.04903e-10,3.60275,0,0,0
1.86577,4,-3.00026,2.95572,2.05998,4.38253e-26,-5.46356e-25,-1.73249e-08,4.68843,0,0,0
1.86577,5,-3.00026,-0.0442824,2.05998,-1.85384e-15,-6.76719e-17,7.60257e-09,3.63965,0,0,0
1.98907,0,-0.000259725,-0.0442824,2.05998,0,0,-9.85971e-08,2.06046,0,0,0
1.98907,1,2.99974,-0.0442824,2.05998,-1.44827e-15,5.0979e-18,-1.18072e-08,3.63922,0,0,0
1.98907,2,2.99974,2.95572,2.05998,-4.71874e-26,-3.16636e-26,7.30571e-10,4.6881,0,0,0
1.98907,3,-0.000259725,2.95572,2.05998,4.18445e-17,-2.39812e-15,1.97361e-08,3.60275,0,0,0
1.98907,4,-3.00026,2.95572,2.05998,-4.78389e-25,4.84188e-25,-1.71923e-08,4.68843,0,0,0
1.98907,5,-3.00026,-0.0442824,2.05998,-1.81676e-15,-7.55289e-17,3.64973e-08,3.63965,0,0,0
2.12606,0,-0.000259725,-0.0442824,2.05998,0,0,-9.05385e-08,2.06046,0,0,0
2.12606,1,2.99974,-0.0442824,2.05998,-1.43854e-15,5.95319e-18,-5.96732e-09,3.63922,0,0,0
2.12606,2,2.99974,2.95572,2.05998,1.35364e-25,1.96461e-24,-2.16939e-08,4.6881,0,0,0
2.12606,3,-0.000259725,2.95572,2.05998,3.94539e-17,-2.39893e-15,3.75077e-08,3.60275,0,0,0
2.12606,4,-3.00026,2.95572,2.05998,-4.76597e-25,1.20449e-24,-1.71279e-08,4.68843,0,0,0
2.12606,5,-3.00026,-0.0442824,2.05998,-1.77613e-15,-7.98315e-17,6.00715e-08,3.63965,0,0,0
2.25017,0,-0.000259725,-0.0442824,2.05998,0,0,-4.55164e-08,2.06046,0,0,0
2.25017,1,2.99974,-0.0442824,2.05998,-1.42881e-15,6.80848e-18,-1.1872e-09,3.63922,0,0,0
2.25017,2,2.99974,2.95572,2.05998,-1.99548e-24,4.1197e-24,-3.81699e-08,4.6881,0,0,0
2.25017,3,-0.000259725,2.95572,2.05998,3.67883e-17,-2.39973e-15,5.36633e-08,3.60275,0,0,0
2.25017,4,-3.00026,2.95572,2.05998,-2.017e-26,1.66834e-24,-1.70861e-08,4.68843,0,0,0
2.25017,5,-3.00026,-0.0442824,2.05998,-1.73378e-15,-8.24155e-17,8.13079e-08,3.63965,0,0,0
2.39587,0,-0.000259725,-0.0442824,2.05998,0,0,1.36332e-08,2.06046,0,0,0
2.39587,1,2.99974,-0.0442824,2.05998,-1.41908e-15,7.66377e-18,3.11683e-09,3.63922,0,0,0
2.39587,2,2.99974,2.95572,2.05998,-3.81499e-24,8.33033e-24,-5.46423e-08,4.6881,0,0,0
2.39587,3,-0.000259725,2.95572,2.05998,3.4299e-17,-2.40069e-15,6.82722e-08,3.60275,0,0,0
2.39587,4,-3.00026,2.95572,2.05998,4.68505e-25,2.09534e-24,-1.70436e-08,4.68843,0,0,0
2.39587,5,-3.00026,-0.0442824,2.05998,-1.70643e-15,-7.41412e-17,9.6079e-08,3.63965,0,0,0
2.52149,0,-0.000259725,-0.0442824,2.05998,0,0,5.50249e-08,2.06046,0,0,0
2.52149,1,2.99974,-0.0442824,2.05998,-1.41822e-15,2.55113e-17,7.00148e-09,3.63922,0,0,0
2.52149,2,2.99974,2.95572,2.05998,-5.24698e-24,1.44234e-23,-6.85313e-08,4.6881,0,0,0
2.52149,3,-0.000259725,2.95572,2.05998,3.27197e-17,-2.40189e-15,8.58967e-08,3.60275,0,0,0
2.52149,4,-3.00026,2.95572,2.05998,5.65998e-25,2.6576e-24,-1.70366e-08,4.68843,0,0,0
2.52149,5,-3.00026,-0.0442824,2.05998,-1.66623e-15,-7.7894e-17,1.02845e-07,3.63965,0,0,0
2.65512,0,-0.000259725,-0.0442824,2.05998,0,0,9.45282e-08,2.06046,0,0,0
2.65512,1,2.99974,-0.0442824,2.05998,-1.40883e-15,2.70158e-17,1.05277e-08,3.63922,0,0,0
2.65512,2,2.99974,2.95572,2.05998,-1.70582e-24,1.72629e-23,-8.09208e-08,4.6881,0,0,0
2.65512,3,-0.000259725,2.95572,2.05998,3.25574e-17,-2.40329e-15,9.29985e-08,3.60275,0,0,0
2.65512,4,-3.00026,2.95572,2.05998,4.22603e-25,3.51019e-24,-1.70471e-08,4.68843,0,0,0
2.65512,5,-3.00026,-0.0442824,2.05998,-1.62629e-15,-8.18998e-17,7.38424e-08,3.63965,0,0,0
2.77887,0,-0.000259725,-0.0442824,2.05998,0,0,1.17444e-07,2.06046,0,0,0
2.77887,1,2.99974,-0.0442824,2.05998,-1.39945e-15,2.85202e-17,1.37368e-08,3.63922,0,0,0
2.77887,2,2.99974,2.95572,2.05998,5.06666e-24,1.52566e-23,-8.39218e-08,4.6881,0,0,0
2.77887,3,-0.000259725,2.95572,2.05998,3.3962e-17,-2.40481e-15,9.92185e-08,3.60275,0,0,0
2.77887,4,-3.00026,2.95572,2.05998,2.4754e-25,3.16046e-24,-1.7068e-08,4.68843,0,0,0
2.77887,5,-3.00026,-0.0442824,2.05998,-1.5935e-15,-6.71942e-17,2.69239e-08,3.63965,0,0,0
2.91357,0,-0.000259725,-0.0442824,2.05998,0,0,9.66566e-08,2.06046,0,0,0
2.91357,1,2.99974,-0.0442824,2.05998,-1.38959e-15,3.00999e-17,1.66653e-08,3.63922,0,0,0
2.91357,2,2.99974,2.95572,2.05998,5.70161e-24,1.23926e-23,-6.04813e-08,4.6881,0,0,0
2.91357,3,-0.000259725,2.95572,2.05998,3.62408e-17,-2.40621e-15,6.56127e-08,3.60275,0,0,0
2.91357,4,-3.00026,2.95572,2.05998,-1.75852e-25,2.165e-24,-1.70944e-08,4.68843,0,0,0
2.91357,5,-3.00026,-0.0442824,2.05998,-1.55219e-15,-6.88332e-17,-4.45682e-09,3.63965,0,0,0
3.03518,0,-0.000259725,-0.0442824,2.05998,0,0,5.41919e-08,2.06046,0,0,0
3.03518,1,2.99974,-0.0442824,2.05998,-1.37657e-15,3.48428e-17,1.65207e-08,3.63922,0,0,0
3.03518,2,2.99974,2.95572,2.05998,5.6292e-25,1.83185e-24,-8.00472e-09,4.6881,0,0,0
3.03518,3,-0.000259725,2.95572,2.05998,3.77161e-17,-2.40716e-15,1.92284e-09,3.60275,0,0,0
3.03518,4,-3.00026,2.95572,2.05998,-5.91932e-25,1.04238e-24,-1.71219e-08,4.68843,0,0,0
3.03518,5,-3.00026,-0.0442824,2.05998,-1.51087e-15,-7.04722e-17,-2.61208e-08,3.63965,0,0,0
3.16207,0,-0.000259725,-0.0442824,2.05998,0,0,2.65108e-08,2.06046,0,0,0
3.16207,1,2.99974,-0.0442824,2.05998,-1.36936e-15,6.00674e-17,1.90532e-08,3.63922,0,0,0
3.16207,2,2.99974,2.95572,2.05998,-5.55536e-25,-5.33797e-24,2.86451e-08,4.6881,0,0,0
3.16207,3,-0.000259725,2.95572,2.05998,3.8891e-17,-2.40814e-15,-3.73117e-08,3.60275,0,0,0
3.16207,4,-3.00026,2.95572,2.05998,-5.39315e-25,-4.29722e-25,-1.71016e-08,4.68843,0,0,0
3.16207,5,-3.00026,-0.0442824,2.05998,-1.47843e-15,-5.51177e-17,-4.09795e-08,3.63965,0,0,0
3.29121,0,-0.000259725,-0.0442824,2.05998,0,0,6.97837e-09,2.06046,0,0,0
3.29121,1,2.99974,-0.0442824,2.05998,-1.35996e-15,6.25794e-17,2.16339e-08,3.63922,0,0,0
3.29121,2,2.99974,2.95572,2.05998,1.23483e-24,-5.29084e-24,5.34469e-08,4.6881,0,0,0
3.29121,3,-0.000259725,2.95572,2.05998,4.0987e-17,-2.40932e-15,-6.47338e-08,3.60275,0,0,0
3.29121,4,-3.00026,2.95572,2.05998,-1.58206e-25,-1.67123e-24,-1.70567e-08,4.68843,0,0,0
3.29121,5,-3.00026,-0.0442824,2.05998,-1.43746e-15,-5.61073e-17,-5.99585e-08,3.63965,0,0,0
3.42415,0,-0.000259725,-0.0442824,2.05998,0,0,-7.21786e-09,2.06046,0,0,0
3.42415,1,2.99974,-0.0442824,2.05998,-1.35473e-15,8.67956e-17,2.39333e-08,3.63922,0,0,0
3.42415,2,2.99974,2.95572,2.05998,-6.07279e-25,-1.92745e-24,7.82828e-08,4.6881,0,0,0
3.42415,3,-0.000259725,2.95572,2.05998,4.56073e-17,-2.41077e-15,-8.30605e-08,3.60275,0,0,0
3.42415,4,-3.00026,2.95572,2.05998,7.17288e-25,-2.14034e-24,-1.70816e-08,4.68843,0,0,0
3.42415,5,-3.00026,-0.0442824,2.05998,-1.40133e-15,-3.83386e-17,-7.17303e-08,3.63965,0,0,0
3.55164,0,-0.000259725,-0.0442824,2.05998,0,0,-1.90602e-08,2.06046,0,0,0
3.55164,1,2.99974,-0.0442824,2.05998,-1.33655e-15,7.32084e-17,2.60942e-08,3.63922,0,0,0
3.55164,2,2.99974,2.95572,2.05998,-4.86904e-24,1.47051e-24,9.68863e-08,4.6881,0,0,0
3.55164,3,-0.000259725,2.95572,2.05998,5.28219e-17,-2.41211e-15,-1.05996e-07,3.60275,0,0,0
3.55164,4,-3.00026,2.95572,2.05998,1.26679e-24,-1.44529e-24,-1.70721e-08,4.68843,0,0,0
3.55164,5,-3.00026,-0.0442824,2.05998,-1.3586e-15,-3.65876e-17,-8.18594e-08,3.63965,0,0,0
3.67968,0,-0.000259725,-0.0442824,2.05998,0,0,-2.94712e-08,2.06046,0,0,0
3.67968,1,2.99974,-0.0442824,2.05998,-1.32189e-15,8.06279e-17,2.76989e-08,3.63922,0,0,0
3.67968,2,2.99974,2.95572,2.05998,-2.81506e-24,1.21597e-24,9.87726e-08,4.6881,0,0,0
3.67968,3,-0.000259725,2.95572,2.05998,6.22151e-17,-2.41326e-15,-1.03704e-07,3.60275,0,0,0
3.67968,4,-3.00026,2.95572,2.05998,3.79398e-25,-8.73766e-25,-1.70434e-08,4.68843,0,0,0
3.67968,5,-3.00026,-0.0442824,2.05998,-1.3249e-15,-1.79823e-17,-8.80847e-08,3.63965,0,0,0
3.80604,0,-0.000259725,-0.0442824,2.05998,0,0,-3.58921e-08,2.06046,0,0,0
3.80604,1,2.99974,-0.0442824,2.05998,-1.30328e-15,6.64593e-17,3.01272e-08,3.63922,0,0,0
3.80604,2,2.99974,2.95572,2.05998,1.06838e-24,6.94056e-25,4.62424e-08,4.6881,0,0,0
3.80604,3,-0.000259725,2.95572,2.05998,7.19348e-17,-2.41371e-15,-4.56338e-08,3.60275,0,0,0
3.80604,4,-3.00026,2.95572,2.05998,-6.5836e-25,-5.49113e-25,-1.70476e-08,4.68843,0,0,0
3.80604,5,-3.00026,-0.0442824,2.05998,-1.29328e-15,-4.63775e-19,-6.66414e-08,3.63965,0,0,0
3.93376,0,-0.000259725,-0.0442824,2.05998,0,0,-4.48305e-08,2.06046,0,0,0
3.93376,1,2.99974,-0.0442824,2.05998,-1.2932e-15,6.86624e-17,3.19213e-08,3.63922,0,0,0
3.93376,2,2.99974,2.95572,2.05998,1.34187e-24,3.69075e-25,1.44935e-08,4.6881,0,0,0
3.93376,3,-0.000259725,2.95572,2.05998,7.84528e-17,-2.41293e-15,-9.06475e-09,3.60275,0,0,0
3.93376,4,-3.00026,2.95572,2.05998,-3.68916e-25,-6.77776e-25,-1.69579e-08,4.68843,0,0,0
3.93376,5,-3.00026,-0.0442824,2.05998,-1.25312e-15,7.03304e-19,-4.56506e-09,3.63965,0,0,0
4.06032,0,-0.000259725,-0.0442824,2.05998,0,0,-5.6224e-08,2.06046,0,0,0
4.06032,1,2.99974,-0.0442824,2.05998,-1.28129e-15,7.26826e-17,3.35029e-08,3.63922,0,0,0
4.06032,2,2.99974,2.95572,2.05998,-6.50395e-25,-6.77495e-26,-5.02171e-09,4.6881,0,0,0
4.06032,3,-0.000259725,2.95572,2.05998,7.82567e-17,-2.4108e-15,1.47379e-08,3.60275,0,0,0
4.06032,4,-3.00026,2.95572,2.05998,8.76367e-25,-2.33318e-25,-1.68722e-08,4.68843,0,0,0
4.06032,5,-3.00026,-0.0442824,2.05998,-1.21312e-15,2.54727e-17,3.5235e-08,3.63965,0,0,0
4.18795,0,-0.000259725,-0.0442824,2.05998,0,0,-6.2267e-08,2.06046,0,0,0
4.18795,1,2.99974,-0.0442824,2.05998,-1.26216e-15,5.80659e-17,3.50492e-08,3.63922,0,0,0
4.18795,2,2.99974,2.95572,2.05998,-2.89406e-24,1.77671e-25,-2.3412e-08,4.6881,0,0,0
4.18795,3,-0.000259725,2.95572,2.05998,7.06304e-17,-2.40775e-15,3.18771e-08,3.60275,0,0,0
4.18795,4,-3.00026,2.95572,2.05998,9.13118e-25,-8.50731e-26,-1.68154e-08,4.68843,0,0,0
4.18795,5,-3.00026,-0.0442824,2.05998,-1.18045e-15,4.60285e-17,6.18396e-08,3.63965,0,0,0
4.31494,0,-0.000259725,-0.0442824,2.05998,0,0,-6.77337e-08,2.06046,0,0,0
4.31494,1,2.99974,-0.0442824,2.05998,-1.25113e-15,5.9771e-17,3.66244e-08,3.63922,0,0,0
4.31494,2,2.99974,2.95572,2.05998,-3.12058e-24,-3.6752e-25,-3.96236e-08,4.6881,0,0,0
4.31494,3,-0.000259725,2.95572,2.05998,5.63637e-17,-2.40529e-15,5.16503e-08,3.60275,0,0,0
4.31494,4,-3.00026,2.95572,2.05998,2.8298e-25,3.02722e-25,-1.95116e-08,4.68843,0,0,0
4.31494,5,-3.00026,-0.0442824,2.05998,-1.14778e-15,6.757e-17,8.55441e-08,3.63965,0,0,0
4.4433,0,-0.000259725,-0.0442824,2.05998,0,0,-7.22997e-08,2.06046,0,0,0
4.4433,1,2.99974,-0.0442824,2.05998,-1.2264e-15,6.77591e-17,3.93759e-08,3.63922,0,0,0
4.4433,2,2.99974,2.95572,2.05998,8.50021e-25,-1.2467e-24,-5.60045e-08,4.6881,0,0,0
4.4433,3,-0.000259725,2.95572,2.05998,3.63578e-17,-2.4005e-15,6.50384e-08,3.60275,0,0,0
4.4433,4,-3.00026,2.95572,2.05998,-9.86538e-26,2.00808e-24,-1.88707e-08,4.68843,0,0,0
4.4433,5,-3.00026,-0.0442824,2.05998,-1.11731e-15,8.79373e-17,1.11418e-07,3.63965,0,0,0
4.57083,0,-0.000259725,-0.0442824,2.05998,0,0,-2.855e-08,2.06046,0,0,0
4.57083,1,2.99974,-0.0442824,2.05998,-1.2264e-15,6.77591e-17,3.93759e-08,3.63922,0,0,0
4.57083,2,2.99974,2.95572,2.05998,3.7034e-24,-4.11617e-24,-6.79883e-08,4.6881,0,0,0
4.57083,3,-0.000259725,2.95572,2.05998,1.25369e-17,-2.39784e-15,7.77036e-08,3.60275,0,0,0
4.57083,4,-3.00026,2.95572,2.05998,-3.01235e-25,2.07138e-24,-1.84149e-08,4.68843,0,0,0
4.57083,5,-3.00026,-0.0442824,2.05998,-1.06751e-15,7.52552e-17,1.10375e-07,3.63965,0,0,0
4.70128,0,-0.000259725,-0.0442824,2.05998,0,0,4.01844e-08,2.06046,0,0,0
4.70128,1,2.99974,-0.0442824,2.05998,-1.22463e-15,8.65266e-17,4.08108e-08,3.63922,0,0,0
4.70128,2,2.99974,2.95572,2.05998,4.1787e-24,-4.23126e-24,-7.79201e-08,4.6881,0,0,0
4.70128,3,-0.000259725,2.95572,2.05998,-1.23947e-17,-2.396e-15,9.55715e-08,3.60275,0,0,0
4.70128,4,-3.00026,2.95572,2.05998,-1.61109e-24,1.12777e-24,-2.07682e-08,4.68843,0,0,0
4.70128,5,-3.00026,-0.0442824,2.05998,-1.01915e-15,6.17077e-17,5.4528e-08,3.63965,0,0,0
4.82489,0,-0.000259725,-0.0442824,2.05998,0,0,6.20253e-08,2.06046,0,0,0
4.82489,1,2.99974,-0.0442824,2.05998,-1.20549e-15,7.19128e-17,4.21521e-08,3.63922,0,0,0
4.82489,2,2.99974,2.95572,2.05998,-2.89345e-25,7.36515e-25,-7.79882e-08,4.6881,0,0,0
4.82489,3,-0.000259725,2.95572,2.05998,-3.689e-17,-2.39548e-15,8.52477e-08,3.60275,0,0,0
4.82489,4,-3.00026,2.95572,2.05998,-1.61109e-24,1.12777e-24,-2.07682e-08,4.68843,0,0,0
4.82489,5,-3.00026,-0.0442824,2.05998,-9.88201e-16,8.15313e-17,1.7108e-08,3.63965,0,0,0
4.95728,0,-0.000259725,-0.0442824,2.05998,0,0,1.0772e-07,2.06046,0,0,0
4.95728,1,2.99974,-0.0442824,2.05998,-1.186e-15,5.66722e-17,4.34617e-08,3.63922,0,0,0
4.95728,2,2.99974,2.95572,2.05998,-2.03243e-25,9.60149e-25,-4.15579e-08,4.6881,0,0,0
4.95728,3,-0.000259725,2.95572,2.05998,-5.84069e-17,-2.39648e-15,2.20229e-08,3.60275,0,0,0
4.95728,4,-3.00026,2.95572,2.05998,-2.32897e-24,3.82471e-25,-2.02496e-08,4.68843,0,0,0
4.95728,5,-3.00026,-0.0442824,2.05998,-9.39847e-16,6.79991e-17,-5.60754e-09,3.63965,0,0,0
5.08808,0,-0.000259725,-0.0442824,2.05998,0,0,1.15716e-07,2.06046,0,0,0
5.08808,1,2.99974,-0.0442824,2.05998,-1.17502e-15,5.7792e-17,4.47497e-08,3.63922,0,0,0
5.08808,2,2.99974,2.95572,2.05998,-8.69824e-25,-1.45446e-25,1.69109e-08,4.6881,0,0,0
5.08808,3,-0.000259725,2.95572,2.05998,-7.54486e-17,-2.39892e-15,-2.09199e-08,3.60275,0,0,0
5.08808,4,-3.00026,2.95572,2.05998,-1.58916e-24,5.75783e-25,-1.95099e-08,4.68843,0,0,0
5.08808,5,-3.00026,-0.0442824,2.05998,-9.00023e-16,7.08184e-17,-2.09026e-08,3.63965,0,0,0
5.2113,0,-0.000259725,-0.0442824,2.05998,0,0,6.26097e-08,2.06046,0,0,0
5.2113,1,2.99974,-0.0442824,2.05998,-1.17111e-15,7.77061e-17,4.56917e-08,3.63922,0,0,0
5.2113,2,2.99974,2.95572,2.05998,-2.86853e-24,5.27546e-25,4.88783e-08,4.6881,0,0,0
5.2113,3,-0.000259725,2.95572,2.05998,-8.50498e-17,-2.40291e-15,-5.18554e-08,3.60275,0,0,0
5.2113,4,-3.00026,2.95572,2.05998,-1.00981e-24,3.45045e-25,-1.87709e-08,4.68843,0,0,0
5.2113,5,-3.00026,-0.0442824,2.05998,-8.5122e-16,5.67497e-17,-3.36678e-08,3.63965,0,0,0
5.34099,0,-0.000259725,-0.0442824,2.05998,0,0,2.94815e-08,2.06046,0,0,0
5.34099,1,2.99974,-0.0442824,2.05998,-1.15153e-15,6.25478e-17,4.73344e-08,3.63922,0,0,0
5.34099,2,2.99974,2.95572,2.05998,-4.29039e-24,1.0726e-24,7.5717e-08,4.6881,0,0,0
5.34099,3,-0.000259725,2.95572,2.05998,-9.20212e-17,-2.40658e-15,-7.0793e-08,3.60275,0,0,0
5.34099,4,-3.00026,2.95572,2.05998,-1.4782e-24,5.7671e-26,-1.79986e-08,4.68843,0,0,0
5.34099,5,-3.00026,-0.0442824,2.05998,-8.11049e-16,5.89239e-17,-4.42015e-08,3.63965,0,0,0
5.4631,0,-0.000259725,-0.0442824,2.05998,0,0,1.22921e-08,2.06046,0,0,0
5.4631,1,2.99974,-0.0442824,2.05998,-1.14048e-15,6.37328e-17,4.86316e-08,3.63922,0,0,0
5.4631,2,2.99974,2.95572,2.05998,-4.70547e-25,8.11288e-26,9.62146e-08,4.6881,0,0,0
5.4631,3,-0.000259725,2.95572,2.05998,-9.92087e-17,-2.41183e-15,-9.04266e-08,3.60275,0,0,0
5.4631,4,-3.00026,2.95572,2.05998,-1.48793e-24,-2.06738e-25,-1.72662e-08,4.68843,0,0,0
5.4631,5,-3.00026,-0.0442824,2.05998,-7.70878e-16,6.10981e-17,-5.93441e-08,3.63965,0,0,0
5.58904,0,-0.000259725,-0.0442824,2.05998,0,0,5.29454e-10,2.06046,0,0,0
5.58904,1,2.99974,-0.0442824,2.05998,-1.13901e-15,5.53421e-17,4.97491e-08,3.63922,0,0,0
5.58904,2,2.99974,2.95572,2.05998,2.26502e-24,-3.24449e-24,9.07498e-08,4.6881,0,0,0
5.58904,3,-0.000259725,2.95572,2.05998,-1.01021e-16,-2.41778e-15,-1.09015e-07,3.60275,0,0,0
5.58904,4,-3.00026,2.95572,2.05998,5.56578e-26,-5.27112e-25,-1.94139e-08,4.68843,0,0,0
5.58904,5,-3.00026,-0.0442824,2.05998,-7.38347e-16,5.56325e-17,-6.58233e-08,3.63965,0,0,0
5.71286,0,-0.000259725,-0.0442824,2.05998,0,0,-1.05549e-08,2.06046,0,0,0
5.71286,1,2.99974,-0.0442824,2.05998,-1.1191e-15,3.85382e-17,5.09592e-08,3.63922,0,0,0
5.71286,2,2.99974,2.95572,2.05998,1.42639e-25,-2.13958e-24,3.8446e-08,4.6881,0,0,0
5.71286,3,-0.000259725,2.95572,2.05998,-9.96479e-17,-2.42403e-15,-7.96464e-08,3.60275,0,0,0
5.71286,4,-3.00026,2.95572,2.05998,1.66028e-24,-7.04361e-25,-1.86459e-08,4.68843,0,0,0
5.71286,5,-3.00026,-0.0442824,2.05998,-6.9289e-16,3.72296e-17,-7.5503e-08,3.63965,0,0,0
5.83874,0,-0.000259725,-0.0442824,2.05998,0,0,-2.07882e-08,2.06046,0,0,0
5.83874,1,2.99974,-0.0442824,2.05998,-1.10806e-15,3.87264e-17,5.21711e-08,3.63922,0,0,0
5.83874,2,2.99974,2.95572,2.05998,-8.40155e-27,-6.60122e-26,7.117e-09,4.6881,0,0,0
5.83874,3,-0.000259725,2.95572,2.05998,-9.55992e-17,-2.4306e-15,-3.02695e-08,3.60275,0,0,0
5.83874,4,-3.00026,2.95572,2.05998,1.32683e-24,-3.10405e-25,-1.80453e-08,4.68843,0,0,0
5.83874,5,-3.00026,-0.0442824,2.05998,-6.52783e-16,3.8348e-17,-8.22295e-08,3.63965,0,0,0
5.97762,0,-0.000259725,-0.0442824,2.05998,0,0,-2.84489e-08,2.06046,0,0,0
5.97762,1,2.99974,-0.0442824,2.05998,-1.09771e-15,1.23517e-17,5.34014e-08,3.63922,0,0,0
5.97762,2,2.99974,2.95572,2.05998,-4.6691e-25,-3.71945e-25,-1.17316e-08,4.6881,0,0,0
5.97762,3,-0.000259725,2.95572,2.05998,-8.91095e-17,-2.43743e-15,3.44659e-09,3.60275,0,0,0
5.97762,4,-3.00026,2.95572,2.05998,7.73832e-25,1.49139e-25,-1.66859e-08,4.68843,0,0,0
5.97762,5,-3.00026,-0.0442824,2.05998,-6.12676e-16,3.94663e-17,-7.38034e-08,3.63965,0,0,0
6.10382,0,-0.000259725,-0.0442824,2.05998,0,0,-3.18502e-08,2.06046,0,0,0
6.10382,1,2.99974,-0.0442824,2.05998,-1.07781e-15,-5.44873e-18,5.46462e-08,3.63922,0,0,0
6.10382,2,2.99974,2.95572,2.05998,-1.25021e-24,-1.02877e-24,-2.73557e-08,4.6881,0,0,0
6.10382,3,-0.000259725,2.95572,2.05998,-7.98596e-17,-2.44448e-15,2.81984e-08,3.60275,0,0,0
6.10382,4,-3.00026,2.95572,2.05998,1.41109e-24,3.62139e-25,-1.8512e-08,4.68843,0,0,0
6.10382,5,-3.00026,-0.0442824,2.05998,-5.63592e-16,2.36996e-17,-1.19153e-08,3.63965,0,0,0
6.23195,0,-0.000259725,-0.0442824,2.05998,0,0,-3.83929e-08,2.06046,0,0,0
6.23195,1,2.99974,-0.0442824,2.05998,-1.06643e-15,-6.90609e-18,5.60482e-08,3.63922,0,0,0
6.23195,2,2.99974,2.95572,2.05998,-1.62361e-24,-1.31679e-24,-3.7904e-08,4.6881,0,0,0
6.23195,3,-0.000259725,2.95572,2.05998,-6.7265e-17,-2.45166e-15,4.34106e-08,3.60275,0,0,0
6.23195,4,-3.00026,2.95572,2.05998,2.0153e-24,2.27201e-25,-1.74967e-08,4.68843,0,0,0
6.23195,5,-3.00026,-0.0442824,2.05998,-5.21115e-16,2.41965e-17,3.38535e-08,3.63965,0,0,0
6.36562,0,-0.000259725,-0.0442824,2.05998,0,0,-4.37064e-08,2.06046,0,0,0
6.36562,1,2.99974,-0.0442824,2.05998,-1.03447e-15,-5.33452e-17,5.83758e-08,3.63922,0,0,0
6.36562,2,2.99974,2.95572,2.05998,-3.25614e-24,-2.66084e-24,-5.3485e-08,4.6881,0,0,0
6.36562,3,-0.000259725,2.95572,2.05998,-5.22387e-17,-2.45859e-15,6.03349e-08,3.60275,0,0,0
6.36562,4,-3.00026,2.95572,2.05998,1.97349e-24,-2.74477e-27,-1.62758e-08,4.68843,0,0,0
6.36562,5,-3.00026,-0.0442824,2.05998,-4.83137e-16,2.21941e-17,6.80196e-08,3.63965,0,0,0
6.49128,0,-0.000259725,-0.0442824,2.05998,0,0,-4.84036e-08,2.06046,0,0,0
6.49128,1,2.99974,-0.0442824,2.05998,-1.03447e-15,-5.33452e-17,5.83758e-08,3.63922,0,0,0
6.49128,2,2.99974,2.95572,2.05998,-4.69531e-24,-2.75316e-24,-6.32772e-08,4.6881,0,0,0
6.49128,3,-0.000259725,2.95572,2.05998,-3.61942e-17,-2.4649e-15,7.18795e-08,3.60275,0,0,0
6.49128,4,-3.00026,2.95572,2.05998,7.01328e-25,-3.04925e-25,-1.50677e-08,4.68843,0,0,0
6.49128,5,-3.00026,-0.0442824,2.05998,-4.37854e-16,1.61929e-18,9.09954e-08,3.63965,0,0,0
6.62213,0,-0.000259725,-0.0442824,2.05998,0,0,-5.21588e-08,2.06046,0,0,0
6.62213,1,2.99974,-0.0442824,2.05998,-1.00969e-15,-8.50635e-17,5.85478e-08,3.63922,0,0,0
6.62213,2,2.99974,2.95572,2.05998,-3.83112e-24,3.50481e-25,-7.16641e-08,4.6881,0,0,0
6.62213,3,-0.000259725,2.95572,2.05998,-1.9728e-17,-2.4716e-15,8.57496e-08,3.60275,0,0,0
6.62213,4,-3.00026,2.95572,2.05998,-1.78011e-25,-4.6845e-25,-1.38889e-08,4.68843,0,0,0
6.62213,5,-3.00026,-0.0442824,2.05998,-3.97293e-16,1.20711e-18,1.18086e-07,3.63965,0,0,0
6.74398,0,-0.000259725,-0.0442824,2.05998,0,0,-5.48377e-08,2.06046,0,0,0
6.74398,1,2.99974,-0.0442824,2.05998,-1.00969e-15,-8.50635e-17,5.85478e-08,3.63922,0,0,0
6.74398,2,2.99974,2.95572,2.05998,-1.38076e-24,2.22546e-24,-4.81621e-08,4.6881,0,0,0
6.74398,3,-0.000259725,2.95572,2.05998,-3.0183e-18,-2.47682e-15,9.5747e-08,3.60275,0,0,0
6.74398,4,-3.00026,2.95572,2.05998,1.80687e-25,-6.78231e-25,-1.55279e-08,4.68843,0,0,0
6.74398,5,-3.00026,-0.0442824,2.05998,-3.47861e-16,-1.6202e-17,1.10015e-07,3.63965,0,0,0
6.8695,0,-0.000259725,-0.0442824,2.05998,0,0,-2.62192e-08,2.06046,0,0,0
6.8695,1,2.99974,-0.0442824,2.05998,-1.0043e-15,-9.54884e-17,2.19555e-08,3.63922,0,0,0
6.8695,2,2.99974,2.95572,2.05998,1.15075e-25,-4.81946e-25,6.75607e-09,4.6881,0,0,0
6.8695,3,-0.000259725,2.95572,2.05998,1.37894e-17,-2.48598e-15,8.01991e-08,3.60275,0,0,0
6.8695,4,-3.00026,2.95572,2.05998,5.67715e-25,-7.46485e-25,-1.43251e-08,4.68843,0,0,0
6.8695,5,-3.00026,-0.0442824,2.05998,-3.06957e-16,-1.72631e-17,5.64992e-08,3.63965,0,0,0
7.00409,0,-0.000259725,-0.0442824,2.05998,0,0,-2.62192e-08,2.06046,0,0,0
7.00409,1,2.99974,-0.0442824,2.05998,-9.95683e-16,-1.18498e-16,-8.59603e-08,3.63922,0,0,0
7.00409,2,2.99974,2.95572,2.05998,6.09036e-25,-3.07949e-24,5.08651e-08,4.6881,0,0,0
7.00409,3,-0.000259725,2.95572,2.05998,2.73257e-17,-2.4897e-15,1.90362e-08,3.60275,0,0,0
7.00409,4,-3.00026,2.95572,2.05998,2.02479e-25,-3.63591e-25,-1.29102e-08,4.68843,0,0,0
7.00409,5,-3.00026,-0.0442824,2.05998,-2.71527e-16,-2.37971e-17,3.21591e-08,3.63965,0,0,0
7.13074,0,-0.000259725,-0.0442824,2.05998,0,0,3.23731e-08,2.06046,0,0,0
7.13074,1,2.99974,-0.0442824,2.05998,-9.95683e-16,-1.18498e-16,-8.59603e-08,3.63922,0,0,0
7.13074,2,2.99974,2.95572,2.05998,8.57065e-25,-2.96676e-24,7.81872e-08,4.6881,0,0,0
7.13074,3,-0.000259725,2.95572,2.05998,3.8779e-17,-2.49255e-15,-1.71024e-08,3.60275,0,0,0
7.13074,4,-3.00026,2.95572,2.05998,-3.22195e-25,-8.5401e-26,-1.15092e-08,4.68843,0,0,0
7.13074,5,-3.00026,-0.0442824,2.05998,-2.24203e-16,-4.43017e-17,1.64173e-08,3.63965,0,0,0
7.25529,0,-0.000259725,-0.0442824,2.05998,0,0,7.22885e-08,2.06046,0,0,0
7.25529,1,2.99974,-0.0442824,2.05998,-9.92402e-16,-1.31032e-16,-1.03193e-07,3.63922,0,0,0
7.25529,2,2.99974,2.95572,2.05998,4.03342e-24,-2.69929e-24,9.1989e-08,4.6881,0,0,0
7.25529,3,-0.000259725,2.95572,2.05998,4.86996e-17,-2.49485e-15,-4.12329e-08,3.60275,0,0,0
7.25529,4,-3.00026,2.95572,2.05998,-5.42159e-25,-2.81641e-26,-1.04379e-08,4.68843,0,0,0
7.25529,5,-3.00026,-0.0442824,2.05998,-1.83244e-16,-4.62994e-17,2.10832e-09,3.63965,0,0,0
7.38124,0,-0.000259725,-0.0442824,2.05998,0,0,9.95778e-08,2.06046,0,0,0
7.38124,1,2.99974,-0.0442824,2.05998,-9.88136e-16,-1.42581e-16,-8.98761e-08,3.63922,0,0,0
7.38124,2,2.99974,2.95572,2.05998,4.09538e-24,-8.4035e-25,6.30767e-08,4.6881,0,0,0
7.38124,3,-0.000259725,2.95572,2.05998,5.75514e-17,-2.49666e-15,-6.68499e-08,3.60275,0,0,0
7.38124,4,-3.00026,2.95572,2.05998,-7.5945e-25,2.03564e-25,-1.16066e-08,4.68843,0,0,0
7.38124,5,-3.00026,-0.0442824,2.05998,-1.50102e-16,-5.61131e-17,-1.12732e-08,3.63965,0,0,0
7.55566,0,-0.000259725,-0.0442824,2.05998,0,0,8.38339e-08,2.06046,0,0,0
7.55566,1,2.99974,-0.0442824,2.05998,-9.85473e-16,-1.29871e-16,-7.72564e-08,3.63922,0,0,0
7.55566,2,2.99974,2.95572,2.05998,4.31474e-25,-2.4063e-25,2.46013e-08,4.6881,0,0,0
7.55566,3,-0.000259725,2.95572,2.05998,6.49148e-17,-2.49793e-15,-8.63515e-08,3.60275,0,0,0
7.55566,4,-3.00026,2.95572,2.05998,-6.32061e-25,3.59948e-25,-1.02124e-08,4.68843,0,0,0
7.55566,5,-3.00026,-0.0442824,2.05998,-1.05236e-16,-8.00658e-17,-2.14724e-08,3.63965,0,0,0
8.04988,0,-0.000259725,-0.0442824,2.05998,0,0,5.0916e-08,2.06046,0,0,0
8.04988,1,2.99974,-0.0442824,2.05998,-9.76386e-16,-1.52537e-16,-3.49459e-08,3.63922,0,0,0
8.04988,2,2.99974,2.95572,2.05998,4.31474e-25,-2.4063e-25,2.46013e-08,4.6881,0,0,0
8.04988,3,-0.000259725,2.95572,2.05998,6.49148e-17,-2.49793e-15,-8.63515e-08,3.60275,0,0,0
8.04988,4,-3.00026,2.95572,2.05998,4.21132e-26,2.978e-25,-8.91858e-09,4.68843,0,0,0
8.04988,5,-3.00026,-0.0442824,2.05998,-1.05236e-16,-8.00658e-17,-2.14724e-08,3.63965,0,0,0
8.18794,0,-0.000259725,-0.0442824,2.05998,0,0,3.5486e-08,2.06046,0,0,0
8.18794,1,2.99974,-0.0442824,2.05998,-9.76386e-16,-1.52537e-16,-3.49459e-08,3.63922,0,0,0
8.18794,2,2.99974,2.95572,2.05998,-2.09827e-25,-5.48778e-26,1.91418e-08,4.6881,0,0,0
8.18794,3,-0.000259725,2.95572,2.05998,6.96803e-17,-2.49926e-15,-9.53485e-08,3.60275,0,0,0
8.18794,4,-3.00026,2.95572,2.05998,4.87632e-25,1.10359e-25,-7.6093e-09,4.68843,0,0,0
8.18794,5,-3.00026,-0.0442824,2.05998,-7.3138e-17,-6.60549e-17,-3.87364e-08,3.63965,0,0,0
8.31101,0,-0.000259725,-0.0442824,2.05998,0,0,3.5486e-08,2.06046,0,0,0
8.31101,1,2.99974,-0.0442824,2.05998,-9.74191e-16,-1.39805e-16,-2.81236e-08,3.63922,0,0,0
8.31101,2,2.99974,2.95572,2.05998,-2.09827e-25,-5.48778e-26,1.91418e-08,4.6881,0,0,0
8.31101,3,-0.000259725,2.95572,2.05998,6.96803e-17,-2.49926e-15,-9.53485e-08,3.60275,0,0,0
8.31101,4,-3.00026,2.95572,2.05998,8.3212e-25,2.47538e-25,-8.29287e-09,4.68843,0,0,0
8.31101,5,-3.00026,-0.0442824,2.05998,-7.3138e-17,-6.60549e-17,-3.87364e-08,3.63965,0,0,0
8.44054,0,-0.000259725,-0.0442824,2.05998,0,0,3.5486e-08,2.06046,0,0,0
8.44054,1,2.99974,-0.0442824,2.05998,-9.74191e-16,-1.39805e-16,-2.81236e-08,3.63922,0,0,0
8.44054,2,2.99974,2.95572,2.05998,-2.09827e-25,-5.48778e-26,1.91418e-08,4.6881,0,0,0
8.44054,3,-0.000259725,2.95572,2.05998,7.20464e-17,-2.50153e-15,-1.03523e-07,3.60275,0,0,0
8.44054,4,-3.00026,2.95572,2.05998,5.90225e-25,1.88513e-25,-6.65377e-09,4.68843,0,0,0
8.44054,5,-3.00026,-0.0442824,2.05998,-7.3138e-17,-6.60549e-17,-3.87364e-08,3.63965,0,0,0
8.56625,0,-0.000259725,-0.0442824,2.05998,0,0,3.08343e-08,2.06046,0,0,0
8.56625,1,2.99974,-0.0442824,2.05998,-9.74191e-16,-1.39805e-16,-2.81236e-08,3.63922,0,0,0
8.56625,2,2.99974,2.95572,2.05998,-2.09827e-25,-5.48778e-26,1.91418e-08,4.6881,0,0,0
8.56625,3,-0.000259725,2.95572,2.05998,7.20464e-17,-2.50153e-15,-1.03523e-07,3.60275,0,0,0
8.56625,4,-3.00026,2.95572,2.05998,3.05535e-25,6.07785e-26,-4.87028e-09,4.68843,0,0,0
8.56625,5,-3.00026,-0.0442824,2.05998,-3.26367e-17,-6.85102e-17,-4.01602e-08,3.63965,0,0,0
8.68819,0,-0.000259725,-0.0442824,2.05998,0,0,3.08343e-08,2.06046,0,0,0
8.68819,1,2.99974,-0.0442824,2.05998,-9.74191e-16,-1.39805e-16,-2.81236e-08,3.63922,0,0,0
8.68819,2,2.99974,2.95572,2.05998,-2.16882e-25,-5.67229e-26,1.97854e-08,4.6881,0,0,0
8.68819,3,-0.000259725,2.95572,2.05998,7.20464e-17,-2.50153e-15,-1.03523e-07,3.60275,0,0,0
8.68819,4,-3.00026,2.95572,2.05998,2.30908e-25,-2.49901e-26,-5.92738e-09,4.68843,0,0,0
8.68819,5,-3.00026,-0.0442824,2.05998,-3.26367e-17,-6.85102e-17,-4.01602e-08,3.63965,0,0,0
8.82681,0,-0.000259725,-0.0442824,2.05998,0,0,3.08343e-08,2.06046,0,0,0
8.82681,1,2.99974,-0.0442824,2.05998,-9.74191e-16,-1.39805e-16,-2.81236e-08,3.63922,0,0,0
8.82681,2,2.99974,2.95572,2.05998,-4.42956e-25,3.43377e-27,2.03613e-08,4.6881,0,0,0
8.82681,3,-0.000259725,2.95572,2.05998,7.20464e-17,-2.50153e-15,-1.03523e-07,3.60275,0,0,0
8.82681,4,-3.00026,2.95572,2.05998,2.67076e-25,-1.73538e-25,-7.29812e-09,4.68843,0,0,0
8.82681,5,-3.00026,-0.0442824,2.05998,5.0391e-17,-7.35435e-17,-5.0243e-08,3.63965,0,0,0
8.95747,0,-0.000259725,-0.0442824,2.05998,0,0,2.33288e-08,2.06046,0,0,0
8.95747,1,2.99974,-0.0442824,2.05998,-9.64353e-16,-1.44345e-16,-3.00139e-08,3.63922,0,0,0
8.95747,2,2.99974,2.95572,2.05998,-3.84913e-25,2.08953e-25,2.17375e-08,4.6881,0,0,0
8.95747,3,-0.000259725,2.95572,2.05998,7.20464e-17,-2.50153e-15,-1.03523e-07,3.60275,0,0,0
8.95747,4,-3.00026,2.95572,2.05998,8.14785e-26,-1.3909e-25,-4.88027e-09,4.68843,0,0,0
8.95747,5,-3.00026,-0.0442824,2.05998,1.65281e-16,-3.1521e-17,-6.65611e-08,3.63965,0,0,0
9.11349,0,-0.000259725,-0.0442824,2.05998,0,0,1.8197e-08,2.06046,0,0,0
9.11349,1,2.99974,-0.0442824,2.05998,-9.53531e-16,-1.49339e-16,-3.15898e-08,3.63922,0,0,0
9.11349,2,2.99974,2.95572,2.05998,-5.05784e-25,-3.98676e-25,-3.52843e-08,4.6881,0,0,0
9.11349,3,-0.000259725,2.95572,2.05998,-2.11918e-16,-1.37254e-15,-1.44349e-07,3.60275,0,0,0
9.11349,4,-3.00026,2.95572,2.05998,-4.50621e-26,-3.49358e-26,-3.00232e-09,4.68843,0,0,0
9.11349,5,-3.00026,-0.0442824,2.05998,2.07533e-16,-3.22141e-17,-1.32665e-07,3.63965,0,0,0
9.24481,0,-0.000259725,-0.0442824,2.05998,0,0,-2.69237e-09,2.06046,0,0,0
9.24481,1,2.99974,-0.0442824,2.05998,-9.22236e-16,-1.39917e-16,-3.07388e-08,3.63922,0,0,0
9.24481,2,2.99974,2.95572,2.05998,-5.05784e-25,-3.98676e-25,-3.52843e-08,4.6881,0,0,0
9.24481,3,-0.000259725,2.95572,2.05998,-8.11475e-17,-6.07688e-17,-1.36955e-07,3.60275,0,0,0
9.24481,4,-3.00026,2.95572,2.05998,4.97142e-27,-1.62952e-25,-3.27547e-09,4.68843,0,0,0
9.24481,5,-3.00026,-0.0442824,2.05998,2.53323e-16,-2.73054e-17,-2.58654e-07,3.63965,0,0,0
9.37581,0,-0.000259725,-0.0442824,2.05998,0,0,-6.06564e-08,2.06046,0,0,0
9.37581,1,2.99974,-0.0442824,2.05998,-9.10284e-16,-1.23256e-17,-9.23428e-08,3.63922,0,0,0
9.37581,2,2.99974,2.95572,2.05998,2.51129e-23,-4.31798e-23,-2.6783e-07,4.6881,0,0,0
9.37581,3,-0.000259725,2.95572,2.05998,1.04775e-16,5.82087e-17,-1.23588e-07,3.60275,0,0,0
9.37581,4,-3.00026,2.95572,2.05998,1.47631e-25,-1.80265e-25,-4.60745e-09,4.68843,0,0,0
9.37581,5,-3.00026,-0.0442824,2.05998,2.84102e-16,-1.05781e-17,-2.58086e-07,3.63965,0,0,0
9.51343,0,-0.000259725,-0.0442824,2.05998,0,0,-1.69386e-07,2.06046,0,0,0
9.51343,1,2.99974,-0.0442824,2.05998,-8.9858e-16,3.91464e-17,-3.41684e-07,3.63922,0,0,0
9.51343,2,2.99974,2.95572,2.05998,1.2e-23,-3.30863e-23,-1.46413e-07,4.6881,0,0,0
9.51343,3,-0.000259725,2.95572,2.05998,1.58251e-16,1.49556e-16,-1.53676e-07,3.60275,0,0,0
9.51343,4,-3.00026,2.95572,2.05998,2.94461e-25,-3.43996e-26,-4.07961e-09,4.68843,0,0,0
9.51343,5,-3.00026,-0.0442824,2.05998,3.32674e-16,-1.91383e-18,-1.88624e-07,3.63965,0,0,0
9.65138,0,-0.000259725,-0.0442824,2.05998,0,0,-2.31488e-07,2.06046,0,0,0
9.65138,1,2.99974,-0.0442824,2.05998,-8.8961e-16,4.19537e-17,-3.05925e-07,3.63922,0,0,0
9.65138,2,2.99974,2.95572,2.05998,8.94025e-24,-2.81911e-23,-9.67397e-08,4.6881,0,0,0
9.65138,3,-0.000259725,2.95572,2.05998,1.86579e-16,2.33016e-16,-1.63567e-07,3.60275,0,0,0
9.65138,4,-3.00026,2.95572,2.05998,2.75946e-25,-1.99328e-25,-3.54943e-09,4.68843,0,0,0
9.65138,5,-3.00026,-0.0442824,2.05998,3.63536e-16,1.53204e-17,-1.10118e-07,3.63965,0,0,0
9.76977,0,-0.000259725,-0.0442824,2.05998,0,0,-1.1357e-07,2.06046,0,0,0
9.76977,1,2.99974,-0.0442824,2.05998,-8.80639e-16,4.4761e-17,-2.69447e-07,3.63922,0,0,0
9.76977,2,2.99974,2.95572,2.05998,6.3599e-24,-1.37421e-23,-5.36451e-08,4.6881,0,0,0
9.76977,3,-0.000259725,2.95572,2.05998,1.95281e-16,3.25803e-16,-8.94641e-08,3.60275,0,0,0
9.76977,4,-3.00026,2.95572,2.05998,1.36575e-25,-3.18674e-25,-2.87182e-09,4.68843,0,0,0
9.76977,5,-3.00026,-0.0442824,2.05998,4.11317e-16,3.47076e-17,-5.68919e-08,3.63965,0,0,0
9.8942,0,-0.000259725,-0.0442824,2.05998,0,0,-3.54175e-08,2.06046,0,0,0
9.8942,1,2.99974,-0.0442824,2.05998,-8.71669e-16,4.75683e-17,-2.29421e-07,3.63922,0,0,0
9.8942,2,2.99974,2.95572,2.05998,6.3599e-24,-1.37421e-23,-5.36451e-08,4.6881,0,0,0
9.8942,3,-0.000259725,2.95572,2.05998,1.93907e-16,4.21145e-16,-5.17756e-08,3.60275,0,0,0
9.8942,4,-3.00026,2.95572,2.05998,-2.49793e-26,5.90973e-26,7.2254e-10,4.68843,0,0,0
9.8942,5,-3.00026,-0.0442824,2.05998,4.42641e-16,5.35582e-17,-1.08675e-08,3.63965,0,0,0
10.0226,0,-0.000259725,-0.0442824,2.05998,0,0,1.38504e-08,2.06046,0,0,0
10.0226,1,2.99974,-0.0442824,2.05998,-8.62698e-16,5.03756e-17,-1.92585e-07,3.63922,0,0,0
10.0226,2,2.99974,2.95572,2.05998,1.62753e-24,-2.05284e-24,-1.24849e-08,4.6881,0,0,0
10.0226,3,-0.000259725,2.95572,2.05998,1.9014e-16,5.16977e-16,-2.11883e-08,3.60275,0,0,0
10.0226,4,-3.00026,2.95572,2.05998,-1.46601e-25,2.4629e-25,4.34654e-09,4.68843,0,0,0
10.0226,5,-3.00026,-0.0442824,2.05998,4.84535e-16,5.79466e-17,3.52904e-08,3.63965,0,0,0
10.1517,0,-0.000259725,-0.0442824,2.05998,0,0,5.99965e-08,2.06046,0,0,0
10.1517,1,2.99974,-0.0442824,2.05998,-8.53728e-16,5.31828e-17,-1.60514e-07,3.63922,0,0,0
10.1517,2,2.99974,2.95572,2.05998,-4.22835e-24,2.45618e-24,3.07268e-08,4.6881,0,0,0
10.1517,3,-0.000259725,2.95572,2.05998,1.84772e-16,6.1298e-16,1.02133e-08,3.60275,0,0,0
10.1517,4,-3.00026,2.95572,2.05998,-2.01422e-25,7.51711e-25,7.8064e-09,4.68843,0,0,0
10.1517,5,-3.00026,-0.0442824,2.05998,5.15749e-16,7.75745e-17,7.02141e-08,3.63965,0,0,0
10.2767,0,-0.000259725,-0.0442824,2.05998,0,0,1.00083e-07,2.06046,0,0,0
10.2767,1,2.99974,-0.0442824,2.05998,-8.44758e-16,5.59901e-17,-1.31607e-07,3.63922,0,0,0
10.2767,2,2.99974,2.95572,2.05998,-8.86401e-24,-2.92935e-25,6.43345e-08,4.6881,0,0,0
10.2767,3,-0.000259725,2.95572,2.05998,1.76848e-16,7.09086e-16,3.29918e-08,3.60275,0,0,0
10.2767,4,-3.00026,2.95572,2.05998,2.52496e-25,5.62973e-25,1.10906e-08,4.68843,0,0,0
10.2767,5,-3.00026,-0.0442824,2.05998,5.64231e-16,6.36453e-17,1.06961e-07,3.63965,0,0,0
10.4003,0,-0.000259725,-0.0442824,2.05998,0,0,1.36058e-07,2.06046,0,0,0
10.4003,1,2.99974,-0.0442824,2.05998,-8.35787e-16,5.87974e-17,-1.05865e-07,3.63922,0,0,0
10.4003,2,2.99974,2.95572,2.05998,-1.25709e-23,-6.24511e-24,9.56896e-08,4.6881,0,0,0
10.4003,3,-0.000259725,2.95572,2.05998,1.6563e-16,8.06911e-16,6.24847e-08,3.60275,0,0,0
10.4003,4,-3.00026,2.95572,2.05998,8.85434e-25,9.83816e-26,1.42287e-08,4.68843,0,0,0
10.4003,5,-3.00026,-0.0442824,2.05998,5.95318e-16,8.31063e-17,1.41368e-07,3.63965,0,0,0
10.525,0,-0.000259725,-0.0442824,2.05998,0,0,1.6885e-07,2.06046,0,0,0
10.525,1,2.99974,-0.0442824,2.05998,-8.26817e-16,6.16047e-17,-8.2451e-08,3.63922,0,0,0
10.525,2,2.99974,2.95572,2.05998,-1.28418e-23,-1.11997e-23,1.24833e-07,4.6881,0,0,0
10.525,3,-0.000259725,2.95572,2.05998,1.52396e-16,9.03586e-16,8.27189e-08,3.60275,0,0,0
10.525,4,-3.00026,2.95572,2.05998,1.06894e-24,3.65243e-26,1.44386e-08,4.68843,0,0,0
10.525,5,-3.00026,-0.0442824,2.05998,6.43805e-16,6.92044e-17,1.72591e-07,3.63965,0,0,0
10.6502,0,-0.000259725,-0.0442824,2.05998,0,0,1.98791e-07,2.06046,0,0,0
10.6502,1,2.99974,-0.0442824,2.05998,-8.24916e-16,8.31993e-17,-6.095e-08,3.63922,0,0,0
10.6502,2,2.99974,2.95572,2.05998,-5.49263e-24,-1.44341e-23,1.51488e-07,4.6881,0,0,0
10.6502,3,-0.000259725,2.95572,2.05998,1.36488e-16,1.00013e-15,1.02658e-07,3.60275,0,0,0
10.6502,4,-3.00026,2.95572,2.05998,9.13031e-25,-7.05639e-25,1.49973e-08,4.68843,0,0,0
10.6502,5,-3.00026,-0.0442824,2.05998,6.85339e-16,7.32313e-17,2.11738e-07,3.63965,0,0,0
10.7812,0,-0.000259725,-0.0442824,2.05998,0,0,2.28537e-07,2.06046,0,0,0
10.7812,1,2.99974,-0.0442824,2.05998,-8.07354e-16,6.97298e-17,-4.15067e-08,3.63922,0,0,0
10.7812,2,2.99974,2.95572,2.05998,5.09514e-24,-8.55046e-24,1.73637e-07,4.6881,0,0,0
10.7812,3,-0.000259725,2.95572,2.05998,1.18463e-16,1.09657e-15,1.24616e-07,3.60275,0,0,0
10.7812,4,-3.00026,2.95572,2.05998,5.66722e-25,-7.94496e-25,1.6079e-08,4.68843,0,0,0
10.7812,5,-3.00026,-0.0442824,2.05998,7.3409e-16,5.86058e-17,2.36231e-07,3.63965,0,0,0
10.9098,0,-0.000259725,-0.0442824,2.05998,0,0,2.56394e-07,2.06046,0,0,0
10.9098,1,2.99974,-0.0442824,2.05998,-7.8959e-16,5.5466e-17,-2.38146e-08,3.63922,0,0,0
10.9098,2,2.99974,2.95572,2.05998,1.4439e-23,-1.14309e-23,1.98194e-07,4.6881,0,0,0
10.9098,3,-0.000259725,2.95572,2.05998,9.83818e-17,1.19281e-15,1.41292e-07,3.60275,0,0,0
10.9098,4,-3.00026,2.95572,2.05998,-3.3498e-26,-7.90552e-25,1.98634e-08,4.68843,0,0,0
10.9098,5,-3.00026,-0.0442824,2.05998,8.25955e-16,7.34698e-17,2.44427e-07,3.63965,0,0,0
11.0345,0,-0.000259725,-0.0442824,2.05998,0,0,2.79758e-07,2.06046,0,0,0
11.0345,1,2.99974,-0.0442824,2.05998,-7.82214e-16,8.14115e-17,-7.67727e-09,3.63922,0,0,0
11.0345,2,2.99974,2.95572,2.05998,1.51755e-23,-1.05231e-23,2.18945e-07,4.6881,0,0,0
11.0345,3,-0.000259725,2.95572,2.05998,7.72041e-17,1.28863e-15,1.47322e-07,3.60275,0,0,0
11.0345,4,-3.00026,2.95572,2.05998,1.43423e-25,-5.88034e-25,2.12615e-08,4.68843,0,0,0
11.0345,5,-3.00026,-0.0442824,2.05998,8.68499e-16,7.75134e-17,2.7772e-07,3.63965,0,0,0
11.1568,0,-0.000259725,-0.0442824,2.05998,0,0,2.88959e-07,2.06046,0,0,0
11.1568,1,2.99974,-0.0442824,2.05998,-7.72925e-16,8.45136e-17,7.07081e-09,3.63922,0,0,0
11.1568,2,2.99974,2.95572,2.05998,1.60392e-23,2.50736e-24,2.36e-07,4.6881,0,0,0
11.1568,3,-0.000259725,2.95572,2.05998,5.55454e-17,1.38383e-15,1.69551e-07,3.60275,0,0,0
11.1568,4,-3.00026,2.95572,2.05998,1.29731e-24,-2.26275e-25,2.23626e-08,4.68843,0,0,0
11.1568,5,-3.00026,-0.0442824,2.05998,9.09324e-16,7.98378e-17,2.8509e-07,3.63965,0,0,0
11.2843,0,-0.000259725,-0.0442824,2.05998,0,0,2.65532e-07,2.06046,0,0,0
11.2843,1,2.99974,-0.0442824,2.05998,-7.55087e-16,7.02955e-17,2.05411e-08,3.63922,0,0,0
11.2843,2,2.99974,2.95572,2.05998,1.55739e-23,1.87576e-23,2.55109e-07,4.6881,0,0,0
11.2843,3,-0.000259725,2.95572,2.05998,2.48502e-17,1.48248e-15,1.84981e-07,3.60275,0,0,0
11.2843,4,-3.00026,2.95572,2.05998,2.5822e-24,1.8274e-25,2.35565e-08,4.68843,0,0,0
11.2843,5,-3.00026,-0.0442824,2.05998,9.63168e-16,6.83104e-17,2.95027e-07,3.63965,0,0,0
11.4082,0,-0.000259725,-0.0442824,2.05998,0,0,2.20265e-07,2.06046,0,0,0
11.4082,1,2.99974,-0.0442824,2.05998,-7.42012e-16,7.61786e-17,3.2976e-08,3.63922,0,0,0
11.4082,2,2.99974,2.95572,2.05998,-6.66268e-24,1.55463e-23,2.8629e-07,4.6881,0,0,0
11.4082,3,-0.000259725,2.95572,2.05998,2.26061e-18,1.57493e-15,1.9442e-07,3.60275,0,0,0
11.4082,4,-3.00026,2.95572,2.05998,3.06042e-24,1.91011e-25,2.51699e-08,4.68843,0,0,0
11.4082,5,-3.00026,-0.0442824,2.05998,9.95263e-16,8.77811e-17,2.92418e-07,3.63965,0,0,0
11.5301,0,-0.000259725,-0.0442824,2.05998,0,0,1.96062e-07,2.06046,0,0,0
11.5301,1,2.99974,-0.0442824,2.05998,-7.23071e-16,6.18544e-17,4.43271e-08,3.63922,0,0,0
11.5301,2,2.99974,2.95572,2.05998,-6.66268e-24,1.55463e-23,2.8629e-07,4.6881,0,0,0
11.5301,3,-0.000259725,2.95572,2.05998,-3.17441e-17,1.66836e-15,1.92845e-07,3.60275,0,0,0
11.5301,4,-3.00026,2.95572,2.05998,3.14368e-24,7.22632e-25,2.72931e-08,4.68843,0,0,0
11.5301,5,-3.00026,-0.0442824,2.05998,1.04545e-15,7.25918e-17,2.35682e-07,3.63965,0,0,0
11.6563,0,-0.000259725,-0.0442824,2.05998,0,0,1.76362e-07,2.06046,0,0,0
11.6563,1,2.99974,-0.0442824,2.05998,-7.03285e-16,7.3465e-17,5.48687e-08,3.63922,0,0,0
11.6563,2,2.99974,2.95572,2.05998,-6.88067e-24,1.0507e-23,2.75679e-07,4.6881,0,0,0
11.6563,3,-0.000259725,2.95572,2.05998,-7.10295e-17,1.76145e-15,2.1291e-07,3.60275,0,0,0
11.6563,4,-3.00026,2.95572,2.05998,3.0726e-24,1.6331e-24,2.94342e-08,4.68843,0,0,0
11.6563,5,-3.00026,-0.0442824,2.05998,1.10713e-15,6.79069e-17,1.95604e-07,3.63965,0,0,0
11.781,0,-0.000259725,-0.0442824,2.05998,0,0,1.64437e-07,2.06046,0,0,0
11.781,1,2.99974,-0.0442824,2.05998,-6.83247e-16,8.53292e-17,6.46588e-08,3.63922,0,0,0
11.781,2,2.99974,2.95572,2.05998,3.08399e-24,1.17786e-23,2.20328e-07,4.6881,0,0,0
11.781,3,-0.000259725,2.95572,2.05998,-1.11275e-16,1.85339e-15,2.24696e-07,3.60275,0,0,0
11.781,4,-3.00026,2.95572,2.05998,2.3533e-24,1.81967e-24,3.16428e-08,4.68843,0,0,0
11.781,5,-3.00026,-0.0442824,2.05998,1.14194e-15,8.71245e-17,1.61654e-07,3.63965,0,0,0
11.9067,0,-0.000259725,-0.0442824,2.05998,0,0,1.54863e-07,2.06046,0,0,0
11.9067,1,2.99974,-0.0442824,2.05998,-6.71743e-16,1.14563e-16,7.36475e-08,3.63922,0,0,0
11.9067,2,2.99974,2.95572,2.05998,9.59803e-24,1.0515e-23,1.81254e-07,4.6881,0,0,0
11.9067,3,-0.000259725,2.95572,2.05998,-1.5008e-16,1.94371e-15,2.30407e-07,3.60275,0,0,0
11.9067,4,-3.00026,2.95572,2.05998,9.87354e-25,1.66081e-24,3.38425e-08,4.68843,0,0,0
11.9067,5,-3.00026,-0.0442824,2.05998,1.18875e-15,6.77356e-17,1.55906e-07,3.63965,0,0,0
12.031,0,-0.000259725,-0.0442824,2.05998,0,0,1.45308e-07,2.06046,0,0,0
12.031,1,2.99974,-0.0442824,2.05998,-6.59143e-16,1.19984e-16,8.20344e-08,3.63922,0,0,0
12.031,2,2.99974,2.95572,2.05998,1.49828e-23,5.61853e-24,1.5865e-07,4.6881,0,0,0
12.031,3,-0.000259725,2.95572,2.05998,-1.86171e-16,2.03227e-15,2.15689e-07,3.60275,0,0,0
12.031,4,-3.00026,2.95572,2.05998,-1.67234e-24,1.21017e-24,3.60602e-08,4.68843,0,0,0
12.031,5,-3.00026,-0.0442824,2.05998,1.23988e-15,5.14785e-17,1.41115e-07,3.63965,0,0,0
12.1584,0,-0.000259725,-0.0442824,2.05998,0,0,1.34809e-07,2.06046,0,0,0
12.1584,1,2.99974,-0.0442824,2.05998,-6.44373e-16,1.27575e-16,8.98641e-08,3.63922,0,0,0
12.1584,2,2.99974,2.95572,2.05998,9.6761e-24,-3.76809e-24,1.37925e-07,4.6881,0,0,0
12.1584,3,-0.000259725,2.95572,2.05998,-2.17592e-16,2.119e-15,1.71048e-07,3.60275,0,0,0
12.1584,4,-3.00026,2.95572,2.05998,-2.16454e-24,1.66503e-25,3.79738e-08,4.68843,0,0,0
12.1584,5,-3.00026,-0.0442824,2.05998,1.28213e-15,5.22448e-17,1.27632e-07,3.63965,0,0,0
12.2819,0,-0.000259725,-0.0442824,2.05998,0,0,1.26998e-07,2.06046,0,0,0
12.2819,1,2.99974,-0.0442824,2.05998,-6.23773e-16,1.40998e-16,9.71948e-08,3.63922,0,0,0
12.2819,2,2.99974,2.95572,2.05998,-7.15982e-25,-7.5485e-24,1.21303e-07,4.6881,0,0,0
12.2819,3,-0.000259725,2.95572,2.05998,-2.42111e-16,2.20382e-15,1.2661e-07,3.60275,0,0,0
12.2819,4,-3.00026,2.95572,2.05998,-1.01235e-24,-2.00013e-35,4.05607e-08,4.68843,0,0,0
12.2819,5,-3.00026,-0.0442824,2.05998,1.31303e-15,4.16701e-17,1.16627e-07,3.63965,0,0,0
12.4057,0,-0.000259725,-0.0442824,2.05998,0,0,1.2025e-07,2.06046,0,0,0
12.4057,1,2.99974,-0.0442824,2.05998,-6.11703e-16,1.71784e-16,1.04081e-07,3.63922,0,0,0
12.4057,2,2.99974,2.95572,2.05998,-1.08033e-24,-3.13296e-24,1.06768e-07,4.6881,0,0,0
12.4057,3,-0.000259725,2.95572,2.05998,-2.5807e-16,2.28661e-15,9.15465e-08,3.60275,0,0,0
12.4057,4,-3.00026,2.95572,2.05998,-2.81802e-25,-1.25004e-24,4.28464e-08,4.68843,0,0,0
12.4057,5,-3.00026,-0.0442824,2.05998,1.35475e-15,1.50317e-17,1.07543e-07,3.63965,0,0,0
12.5314,0,-0.000259725,-0.0442824,2.05998,0,0,1.13725e-07,2.06046,0,0,0
12.5314,1,2.99974,-0.0442824,2.05998,-6.00343e-16,1.76963e-16,1.10573e-07,3.63922,0,0,0
12.5314,2,2.99974,2.95572,2.05998,2.05303e-24,2.855e-24,9.51089e-08,4.6881,0,0,0
12.5314,3,-0.000259725,2.95572,2.05998,-2.65923e-16,2.36749e-15,6.30311e-08,3.60275,0,0,0
12.5314,4,-3.00026,2.95572,2.05998,-1.45701e-24,-2.33122e-24,4.79983e-08,4.68843,0,0,0
12.5314,5,-3.00026,-0.0442824,2.05998,1.39939e-15,-9.68152e-18,1.02899e-07,3.63965,0,0,0
12.6584,0,-0.000259725,-0.0442824,2.05998,0,0,1.06569e-07,2.06046,0,0,0
12.6584,1,2.99974,-0.0442824,2.05998,-5.88982e-16,1.82142e-16,1.16715e-07,3.63922,0,0,0
12.6584,2,2.99974,2.95572,2.05998,4.46953e-25,-2.51411e-25,8.28224e-08,4.6881,0,0,0
12.6584,3,-0.000259725,2.95572,2.05998,-2.68909e-16,2.44844e-15,4.19651e-08,3.60275,0,0,0
12.6584,4,-3.00026,2.95572,2.05998,-2.35374e-24,-2.09974e-24,5.02052e-08,4.68843,0,0,0
12.6584,5,-3.00026,-0.0442824,2.05998,1.44623e-15,-3.54065e-17,9.561e-08,3.63965,0,0,0
12.7829,0,-0.000259725,-0.0442824,2.05998,0,0,1.01697e-07,2.06046,0,0,0
12.7829,1,2.99974,-0.0442824,2.05998,-5.68744e-16,1.70311e-16,1.22546e-07,3.63922,0,0,0
12.7829,2,2.99974,2.95572,2.05998,-2.98948e-24,-2.86646e-24,7.29499e-08,4.6881,0,0,0
12.7829,3,-0.000259725,2.95572,2.05998,-2.61853e-16,2.5254e-15,2.48647e-08,3.60275,0,0,0
12.7829,4,-3.00026,2.95572,2.05998,-1.76398e-25,-1.83454e-24,5.22998e-08,4.68843,0,0,0
12.7829,5,-3.00026,-0.0442824,2.05998,1.44733e-15,-6.00191e-17,8.96771e-08,3.63965,0,0,0
12.9052,0,-0.000259725,-0.0442824,2.05998,0,0,9.78547e-08,2.06046,0,0,0
12.9052,1,2.99974,-0.0442824,2.05998,-5.47449e-16,1.84428e-16,1.28102e-07,3.63922,0,0,0
12.9052,2,2.99974,2.95572,2.05998,-4.25746e-24,-3.43203e-24,6.4402e-08,4.6881,0,0,0
12.9052,3,-0.000259725,2.95572,2.05998,-2.5427e-16,2.60331e-15,8.10713e-09,3.60275,0,0,0
12.9052,4,-3.00026,2.95572,2.05998,1.89112e-24,-1.10162e-24,5.44362e-08,4.68843,0,0,0
12.9052,5,-3.00026,-0.0442824,2.05998,1.53087e-15,-9.42814e-17,8.58846e-08,3.63965,0,0,0
13.0356,0,-0.000259725,-0.0442824,2.05998,0,0,9.47845e-08,2.06046,0,0,0
13.0356,1,2.99974,-0.0442824,2.05998,-5.26518e-16,1.72296e-16,1.33415e-07,3.63922,0,0,0
13.0356,2,2.99974,2.95572,2.05998,-4.68162e-24,-3.95102e-24,5.70036e-08,4.6881,0,0,0
13.0356,3,-0.000259725,2.95572,2.05998,-2.42018e-16,2.68075e-15,-7.71701e-09,3.60275,0,0,0
13.0356,4,-3.00026,2.95572,2.05998,-6.62299e-25,-3.9354e-25,5.69168e-08,4.68843,0,0,0
13.0356,5,-3.00026,-0.0442824,2.05998,1.56338e-15,-1.08214e-16,8.41325e-08,3.63965,0,0,0
13.1578,0,-0.000259725,-0.0442824,2.05998,0,0,9.28944e-08,2.06046,0,0,0
13.1578,1,2.99974,-0.0442824,2.05998,-5.04532e-16,1.86109e-16,1.38513e-07,3.63922,0,0,0
13.1578,2,2.99974,2.95572,2.05998,-4.50858e-24,-4.21825e-24,5.06339e-08,4.6881,0,0,0
13.1578,3,-0.000259725,2.95572,2.05998,-2.24569e-16,2.75769e-15,-2.12143e-08,3.60275,0,0,0
13.1578,4,-3.00026,2.95572,2.05998,-2.53415e-24,9.08658e-26,5.98679e-08,4.68843,0,0,0
13.1578,5,-3.00026,-0.0442824,2.05998,1.55589e-15,-1.15711e-16,8.14181e-08,3.63965,0,0,0
13.2808,0,-0.000259725,-0.0442824,2.05998,0,0,9.1721e-08,2.06046,0,0,0
13.2808,1,2.99974,-0.0442824,2.05998,-4.82908e-16,1.73677e-16,1.43423e-07,3.63922,0,0,0
13.2808,2,2.99974,2.95572,2.05998,-3.82593e-24,-3.79545e-24,4.51928e-08,4.6881,0,0,0
13.2808,3,-0.000259725,2.95572,2.05998,-2.03693e-16,2.8344e-15,-2.90244e-08,3.60275,0,0,0
13.2808,4,-3.00026,2.95572,2.05998,-2.79681e-24,3.81383e-25,6.28195e-08,4.68843,0,0,0
13.2808,5,-3.00026,-0.0442824,2.05998,1.63486e-15,-1.29628e-16,8.01036e-08,3.63965,0,0,0
13.4097,0,-0.000259725,-0.0442824,2.05998,0,0,9.2275e-08,2.06046,0,0,0
13.4097,1,2.99974,-0.0442824,2.05998,-4.65913e-16,1.81503e-16,1.48168e-07,3.63922,0,0,0
13.4097,2,2.99974,2.95572,2.05998,-1.9988e-24,-6.9821e-25,4.05903e-08,4.6881,0,0,0
13.4097,3,-0.000259725,2.95572,2.05998,-1.8049e-16,2.91133e-15,-4.338e-08,3.60275,0,0,0
13.4097,4,-3.00026,2.95572,2.05998,-3.06051e-24,-7.09683e-25,6.57537e-08,4.68843,0,0,0
13.4097,5,-3.00026,-0.0442824,2.05998,1.67461e-15,-1.36328e-16,7.9917e-08,3.63965,0,0,0
13.5311,0,-0.000259725,-0.0442824,2.05998,0,0,9.18358e-08,2.06046,0,0,0
13.5311,1,2.99974,-0.0442824,2.05998,-4.52679e-16,1.85568e-16,1.55569e-07,3.63922,0,0,0
13.5311,2,2.99974,2.95572,2.05998,2.85048e-25,2.32995e-24,3.67447e-08,4.6881,0,0,0
13.5311,3,-0.000259725,2.95572,2.05998,-1.55174e-16,2.98864e-15,-4.82325e-08,3.60275,0,0,0
13.5311,4,-3.00026,2.95572,2.05998,-1.84144e-24,-4.11139e-24,6.86746e-08,4.68843,0,0,0
13.5311,5,-3.00026,-0.0442824,2.05998,1.71588e-15,-1.41513e-16,7.98454e-08,3.63965,0,0,0
13.6548,0,-0.000259725,-0.0442824,2.05998,0,0,9.20593e-08,2.06046,0,0,0
13.6548,1,2.99974,-0.0442824,2.05998,-4.21352e-16,1.54975e-16,1.59537e-07,3.63922,0,0,0
13.6548,2,2.99974,2.95572,2.05998,2.27107e-24,4.38922e-24,3.35831e-08,4.6881,0,0,0
13.6548,3,-0.000259725,2.95572,2.05998,-1.28677e-16,3.0664e-15,-6.03576e-08,3.60275,0,0,0
13.6548,4,-3.00026,2.95572,2.05998,-1.03825e-24,-9.51328e-24,7.15879e-08,4.68843,0,0,0
13.6548,5,-3.00026,-0.0442824,2.05998,1.74014e-15,-1.36837e-16,7.93005e-08,3.63965,0,0,0
13.7815,0,-0.000259725,-0.0442824,2.05998,0,0,9.14532e-08,2.06046,0,0,0
13.7815,1,2.99974,-0.0442824,2.05998,-3.97846e-16,1.67323e-16,1.63471e-07,3.63922,0,0,0
13.7815,2,2.99974,2.95572,2.05998,2.65392e-24,4.24523e-24,3.10396e-08,4.6881,0,0,0
13.7815,3,-0.000259725,2.95572,2.05998,-1.02072e-16,3.14479e-15,-6.76189e-08,3.60275,0,0,0
13.7815,4,-3.00026,2.95572,2.05998,-3.89469e-25,-9.56083e-24,7.44983e-08,4.68843,0,0,0
13.7815,5,-3.00026,-0.0442824,2.05998,1.73838e-15,-1.38591e-16,7.95517e-08,3.63965,0,0,0
13.907,0,-0.000259725,-0.0442824,2.05998,0,0,9.33109e-08,2.06046,0,0,0
13.907,1,2.99974,-0.0442824,2.05998,-3.74702e-16,1.53434e-16,1.67994e-07,3.63922,0,0,0
13.907,2,2.99974,2.95572,2.05998,2.41563e-24,2.94481e-24,2.90548e-08,4.6881,0,0,0
13.907,3,-0.000259725,2.95572,2.05998,-7.61732e-17,3.22408e-15,-7.27166e-08,3.60275,0,0,0
13.907,4,-3.00026,2.95572,2.05998,1.47516e-24,-8.18518e-24,7.74099e-08,4.68843,0,0,0
13.907,5,-3.00026,-0.0442824,2.05998,1.77896e-15,-1.43475e-16,8.04477e-08,3.63965,0,0,0
14.033,0,-0.000259725,-0.0442824,2.05998,0,0,9.43496e-08,2.06046,0,0,0
14.033,1,2.99974,-0.0442824,2.05998,-3.51215e-16,1.38895e-16,1.71686e-07,3.63922,0,0,0
14.033,2,2.99974,2.95572,2.05998,2.45543e-24,1.65555e-24,2.75758e-08,4.6881,0,0,0
14.033,3,-0.000259725,2.95572,2.05998,-5.17201e-17,3.30425e-15,-7.2687e-08,3.60275,0,0,0
14.033,4,-3.00026,2.95572,2.05998,5.63526e-24,-9.07601e-24,8.0326e-08,4.68843,0,0,0
14.033,5,-3.00026,-0.0442824,2.05998,1.80145e-15,-1.40573e-16,8.24503e-08,3.63965,0,0,0
14.1565,0,-0.000259725,-0.0442824,2.05998,0,0,9.53409e-08,2.06046,0,0,0
14.1565,1,2.99974,-0.0442824,2.05998,-3.26538e-16,9.86816e-17,1.753e-07,3.63922,0,0,0
14.1565,2,2.99974,2.95572,2.05998,1.6993e-24,-4.67532e-25,2.66571e-08,4.6881,0,0,0
14.1565,3,-0.000259725,2.95572,2.05998,-2.93868e-17,3.38537e-15,-8.19044e-08,3.60275,0,0,0
14.1565,4,-3.00026,2.95572,2.05998,9.3783e-24,-9.96795e-24,8.32498e-08,4.68843,0,0,0
14.1565,5,-3.00026,-0.0442824,2.05998,1.88121e-15,-1.49737e-16,8.40368e-08,3.63965,0,0,0
14.2876,0,-0.000259725,-0.0442824,2.05998,0,0,9.62181e-08,2.06046,0,0,0
14.2876,1,2.99974,-0.0442824,2.05998,-3.01331e-16,5.70128e-17,1.79474e-07,3.63922,0,0,0
14.2876,2,2.99974,2.95572,2.05998,9.36599e-25,-2.22333e-24,2.59523e-08,4.6881,0,0,0
14.2876,3,-0.000259725,2.95572,2.05998,-1.08222e-17,3.46778e-15,-8.62888e-08,3.60275,0,0,0
14.2876,4,-3.00026,2.95572,2.05998,1.15838e-23,-1.01594e-23,8.61842e-08,4.68843,0,0,0
14.2876,5,-3.00026,-0.0442824,2.05998,1.87248e-15,-1.32598e-16,8.28271e-08,3.63965,0,0,0
14.4111,0,-0.000259725,-0.0442824,2.05998,0,0,9.6528e-08,2.06046,0,0,0
14.4111,1,2.99974,-0.0442824,2.05998,-2.86146e-16,2.92068e-17,1.83367e-07,3.63922,0,0,0
14.4111,2,2.99974,2.95572,2.05998,-6.98284e-25,-3.50009e-24,2.57183e-08,4.6881,0,0,0
14.4111,3,-0.000259725,2.95572,2.05998,6.82574e-18,3.55051e-15,-8.3635e-08,3.60275,0,0,0
14.4111,4,-3.00026,2.95572,2.05998,6.67389e-24,-3.90814e-24,8.91316e-08,4.68843,0,0,0
14.4111,5,-3.00026,-0.0442824,2.05998,1.89395e-15,-1.28735e-16,8.36742e-08,3.63965,0,0,0
14.5358,0,-0.000259725,-0.0442824,2.05998,0,0,9.84589e-08,2.06046,0,0,0
14.5358,1,2.99974,-0.0442824,2.05998,-2.70396e-16,2.68426e-17,1.87219e-07,3.63922,0,0,0
14.5358,2,2.99974,2.95572,2.05998,-2.34354e-24,-4.74807e-24,2.58301e-08,4.6881,0,0,0
14.5358,3,-0.000259725,2.95572,2.05998,2.21815e-17,3.6343e-15,-8.63107e-08,3.60275,0,0,0
14.5358,4,-3.00026,2.95572,2.05998,-1.69287e-24,1.47544e-24,9.20944e-08,4.68843,0,0,0
14.5358,5,-3.00026,-0.0442824,2.05998,1.97165e-15,-1.35986e-16,8.74118e-08,3.63965,0,0,0
14.6797,0,-0.000259725,-0.0442824,2.05998,0,0,1.01223e-07,2.06046,0,0,0
14.6797,1,2.99974,-0.0442824,2.05998,-2.54646e-16,2.44784e-17,1.9105e-07,3.63922,0,0,0
14.6797,2,2.99974,2.95572,2.05998,-2.19154e-24,-5.4235e-24,2.6253e-08,4.6881,0,0,0
14.6797,3,-0.000259725,2.95572,2.05998,3.48488e-17,3.71911e-15,-9.41798e-08,3.60275,0,0,0
14.6797,4,-3.00026,2.95572,2.05998,-5.76943e-24,1.51488e-24,9.5562e-08,4.68843,0,0,0
14.6797,5,-3.00026,-0.0442824,2.05998,1.95888e-15,-1.07281e-16,9.00906e-08,3.63965,0,0,0
14.8227,0,-0.000259725,-0.0442824,2.05998,0,0,1.02859e-07,2.06046,0,0,0
14.8227,1,2.99974,-0.0442824,2.05998,-2.38897e-16,2.21143e-17,1.94237e-07,3.63922,0,0,0
14.8227,2,2.99974,2.95572,2.05998,-1.07747e-24,-6.01473e-24,2.69583e-08,4.6881,0,0,0
14.8227,3,-0.000259725,2.95572,2.05998,4.49768e-17,3.80423e-15,-9.15942e-08,3.60275,0,0,0
14.8227,4,-3.00026,2.95572,2.05998,-2.75141e-24,2.63834e-25,7.44983e-08,4.68843,0,0,0
14.8227,5,-3.00026,-0.0442824,2.05998,2.0266e-15,-6.76898e-17,9.22515e-08,3.63965,0,0,0
14.9436,0,-0.000259725,-0.0442824,2.05998,0,0,1.06227e-07,2.06046,0,0,0
14.9436,1,2.99974,-0.0442824,2.05998,-2.23147e-16,1.97501e-17,1.98016e-07,3.63922,0,0,0
14.9436,2,2.99974,2.95572,2.05998,-3.72986e-25,-6.06341e-24,2.83552e-08,4.6881,0,0,0
14.9436,3,-0.000259725,2.95572,2.05998,5.4549e-17,3.89055e-15,-9.50075e-08,3.60275,0,0,0
14.9436,4,-3.00026,2.95572,2.05998,-4.64583e-27,-1.21953e-26,5.73929e-10,4.68843,0,0,0
14.9436,5,-3.00026,-0.0442824,2.05998,2.05536e-15,-5.10166e-17,9.60829e-08,3.63965,0,0,0
15.0685,0,-0.000259725,-0.0442824,2.05998,0,0,1.06993e-07,2.06046,0,0,0
15.0685,1,2.99974,-0.0442824,2.05998,-2.07397e-16,1.73859e-17,1.9222e-07,3.63922,0,0,0
15.0685,2,2.99974,2.95572,2.05998,-1.08042e-25,-5.42174e-24,2.91209e-08,4.6881,0,0,0
15.0685,3,-0.000259725,2.95572,2.05998,6.31079e-17,3.9773e-15,-6.37152e-08,3.60275,0,0,0
15.0685,4,-3.00026,2.95572,2.05998,-6.50508e-25,8.11127e-25,-4.76215e-08,4.68843,0,0,0
15.0685,5,-3.00026,-0.0442824,2.05998,2.05536e-15,-5.10166e-17,9.56455e-08,3.63965,0,0,0
15.1934,0,-0.000259725,-0.0442824,2.05998,0,0,1.09628e-07,2.06046,0,0,0
15.1934,1,2.99974,-0.0442824,2.05998,-1.91648e-16,1.50217e-17,1.45784e-07,3.63922,0,0,0
15.1934,2,2.99974,2.95572,2.05998,-1.02837e-26,-4.64823e-24,3.04898e-08,4.6881,0,0,0
15.1934,3,-0.000259725,2.95572,2.05998,7.13204e-17,4.0644e-15,8.74765e-09,3.60275,0,0,0
15.1934,4,-3.00026,2.95572,2.05998,-2.06946e-24,-2.12287e-24,-7.91701e-08,4.68843,0,0,0
15.1934,5,-3.00026,-0.0442824,2.05998,2.08412e-15,-3.43369e-17,9.70955e-08,3.63965,0,0,0
15.3178,0,-0.000259725,-0.0442824,2.05998,0,0,1.14491e-07,2.06046,0,0,0
15.3178,1,2.99974,-0.0442824,2.05998,-1.68826e-16,-6.13819e-18,8.84942e-08,3.63922,0,0,0
15.3178,2,2.99974,2.95572,2.05998,2.97903e-25,-3.45025e-24,3.21179e-08,4.6881,0,0,0
15.3178,3,-0.000259725,2.95572,2.05998,7.85116e-17,4.15201e-15,5.24704e-08,3.60275,0,0,0
15.3178,4,-3.00026,2.95572,2.05998,6.73823e-25,-4.36212e-24,-1.05147e-07,4.68843,0,0,0
15.3178,5,-3.00026,-0.0442824,2.05998,2.15869e-15,-3.36655e-17,1.03373e-07,3.63965,0,0,0
15.4512,0,-0.000259725,-0.0442824,2.05998,0,0,1.17412e-07,2.06046,0,0,0
15.4512,1,2.99974,-0.0442824,2.05998,-1.52799e-16,-9.21728e-18,5.18622e-08,3.63922,0,0,0
15.4512,2,2.99974,2.95572,2.05998,7.07648e-25,-5.74586e-25,3.58647e-08,4.6881,0,0,0
15.4512,3,-0.000259725,2.95572,2.05998,8.42931e-17,4.24e-15,9.03791e-08,3.60275,0,0,0
15.4512,4,-3.00026,2.95572,2.05998,4.71319e-24,-2.95404e-24,-9.84085e-08,4.68843,0,0,0
15.4512,5,-3.00026,-0.0442824,2.05998,2.20712e-15,-2.21842e-17,1.07419e-07,3.63965,0,0,0
15.5771,0,-0.000259725,-0.0442824,2.05998,0,0,1.17945e-07,2.06046,0,0,0
15.5771,1,2.99974,-0.0442824,2.05998,-1.36771e-16,-1.22964e-17,2.68123e-08,3.63922,0,0,0
15.5771,2,2.99974,2.95572,2.05998,7.07648e-25,-5.74586e-25,3.58647e-08,4.6881,0,0,0
15.5771,3,-0.000259725,2.95572,2.05998,8.8158e-17,4.32855e-15,1.15021e-07,3.60275,0,0,0
15.5771,4,-3.00026,2.95572,2.05998,2.29609e-24,-1.66268e-24,-5.21655e-08,4.68843,0,0,0
15.5771,5,-3.00026,-0.0442824,2.05998,2.23914e-15,-2.06217e-18,1.10512e-07,3.63965,0,0,0
15.7011,0,-0.000259725,-0.0442824,2.05998,0,0,1.21849e-07,2.06046,0,0,0
15.7011,1,2.99974,-0.0442824,2.05998,-1.15773e-16,-3.62703e-17,-6.93775e-10,3.63922,0,0,0
15.7011,2,2.99974,2.95572,2.05998,-4.94674e-25,-1.00309e-24,4.07401e-08,4.6881,0,0,0
15.7011,3,-0.000259725,2.95572,2.05998,9.01482e-17,4.41759e-15,1.27986e-07,3.60275,0,0,0
15.7011,4,-3.00026,2.95572,2.05998,7.23628e-25,-1.6662e-24,-2.20047e-08,4.68843,0,0,0
15.7011,5,-3.00026,-0.0442824,2.05998,2.26752e-15,1.7039e-17,1.13375e-07,3.63965,0,0,0
15.8243,0,-0.000259725,-0.0442824,2.05998,0,0,1.26367e-07,2.06046,0,0,0
15.8243,1,2.99974,-0.0442824,2.05998,-9.95446e-17,-4.01405e-17,-2.18781e-08,3.63922,0,0,0
15.8243,2,2.99974,2.95572,2.05998,4.98817e-25,-1.80731e-25,4.28675e-08,4.6881,0,0,0
15.8243,3,-0.000259725,2.95572,2.05998,9.10548e-17,4.50698e-15,1.0068e-07,3.60275,0,0,0
15.8243,4,-3.00026,2.95572,2.05998,1.32897e-26,-1.45301e-25,-2.62682e-09,4.68843,0,0,0
15.8243,5,-3.00026,-0.0442824,2.05998,2.30459e-15,1.91397e-17,1.18329e-07,3.63965,0,0,0
15.9509,0,-0.000259725,-0.0442824,2.05999,0,0,1.14237e-07,2.06046,0,0,0
15.9509,1,2.99974,-0.0442824,2.05998,-8.08675e-17,-6.74267e-17,-4.05033e-08,3.63922,0,0,0
15.9509,2,2.99974,2.95572,2.05998,2.27587e-24,1.85104e-24,4.49843e-08,4.6881,0,0,0
15.9509,3,-0.000259725,2.95572,2.05998,5.15398e-16,3.36519e-15,6.75696e-08,3.60275,0,0,0
15.9509,4,-3.00026,2.95572,2.05998,3.00584e-25,1.5247e-25,1.29158e-08,4.68843,0,0,0
15.9509,5,-3.00026,-0.0442824,2.05998,2.35125e-15,3.08207e-17,1.22598e-07,3.63965,0,0,0
16.0747,0,-0.000259725,-0.0442824,2.05999,0,0,6.32336e-08,2.06046,0,0,0
16.0747,1,2.99974,-0.0442824,2.05998,-6.4529e-17,-7.21794e-17,-5.70678e-08,3.63922,0,0,0
16.0747,2,2.99974,2.95572,2.05998,3.36112e-24,3.87086e-24,4.72288e-08,4.6881,0,0,0
16.0747,3,-0.000259725,2.95572,2.05998,1.73463e-16,3.49392e-15,4.61175e-08,3.60275,0,0,0
16.0747,4,-3.00026,2.95572,2.05998,9.19518e-25,7.12175e-25,2.67279e-08,4.68843,0,0,0
16.0747,5,-3.00026,-0.0442824,2.05998,2.37945e-15,5.09176e-17,1.25747e-07,3.63965,0,0,0
16.1984,0,-0.000259725,-0.0442824,2.05999,0,0,7.38006e-09,2.06046,0,0,0
16.1984,1,2.99974,-0.0442824,2.05998,-5.77678e-17,-8.65098e-17,-7.17245e-08,3.63922,0,0,0
16.1984,2,2.99974,2.95572,2.05998,2.78617e-24,4.32568e-24,4.96135e-08,4.6881,0,0,0
16.1984,3,-0.000259725,2.95572,2.05998,8.0721e-17,3.56186e-15,3.08847e-08,3.60275,0,0,0
16.1984,4,-3.00026,2.95572,2.05998,9.89869e-25,1.80037e-24,3.93937e-08,4.68843,0,0,0
16.1984,5,-3.00026,-0.0442824,2.05998,2.42453e-15,6.20122e-17,1.30122e-07,3.63965,0,0,0
16.324,0,-0.000259725,-0.0442824,2.05999,0,0,-2.56909e-08,2.06046,0,0,0
16.324,1,2.99974,-0.0442824,2.05998,-4.17773e-17,-9.16104e-17,-8.18874e-08,3.63922,0,0,0
16.324,2,2.99974,2.95572,2.05998,2.41738e-24,4.7908e-24,5.21252e-08,4.6881,0,0,0
16.324,3,-0.000259725,2.95572,2.05998,5.25464e-17,3.61389e-15,1.94704e-08,3.60275,0,0,0
16.324,4,-3.00026,2.95572,2.05998,-1.28441e-24,1.31889e-24,5.11155e-08,4.68843,0,0,0
16.324,5,-3.00026,-0.0442824,2.05998,2.41555e-15,7.88966e-17,1.35187e-07,3.63965,0,0,0
16.4507,0,-0.000259725,-0.0442824,2.05999,0,0,-6.04379e-08,2.06046,0,0,0
16.4507,1,2.99974,-0.0442824,2.05998,-3.46562e-17,-7.9718e-17,-9.34016e-08,3.63922,0,0,0
16.4507,2,2.99974,2.95572,2.05998,4.38599e-24,5.67871e-24,5.47533e-08,4.6881,0,0,0
16.4507,3,-0.000259725,2.95572,2.05998,4.1156e-17,3.66179e-15,1.04084e-08,3.60275,0,0,0
16.4507,4,-3.00026,2.95572,2.05998,-2.78159e-24,2.57245e-24,6.2008e-08,4.68843,0,0,0
16.4507,5,-3.00026,-0.0442824,2.05998,2.47071e-15,7.37249e-17,1.29477e-07,3.63965,0,0,0
16.574,0,-0.000259725,-0.0442824,2.05999,0,0,-8.48438e-08,2.06046,0,0,0
16.574,1,2.99974,-0.0442824,2.05998,-2.543e-17,-9.05909e-17,-1.03682e-07,3.63922,0,0,0
16.574,2,2.99974,2.95572,2.05998,3.47083e-24,5.91398e-24,5.74891e-08,4.6881,0,0,0
16.574,3,-0.000259725,2.95572,2.05998,3.42015e-17,3.70832e-15,2.65363e-09,3.60275,0,0,0
16.574,4,-3.00026,2.95572,2.05998,-9.85728e-25,5.29372e-24,7.21618e-08,4.68843,0,0,0
16.574,5,-3.00026,-0.0442824,2.05998,2.51017e-15,7.92084e-17,6.85984e-08,3.63965,0,0,0
16.7085,0,-0.000259725,-0.0442824,2.05999,0,0,-1.05403e-07,2.06046,0,0,0
16.7085,1,2.99974,-0.0442824,2.05998,-1.3915e-17,-9.9175e-17,-1.12697e-07,3.63922,0,0,0
16.7085,2,2.99974,2.95572,2.05998,1.11906e-24,4.47626e-24,6.03251e-08,4.6881,0,0,0
16.7085,3,-0.000259725,2.95572,2.05998,2.75924e-17,3.7544e-15,-4.41242e-09,3.60275,0,0,0
16.7085,4,-3.00026,2.95572,2.05998,1.94222e-24,5.19303e-24,8.16798e-08,4.68843,0,0,0
16.7085,5,-3.00026,-0.0442824,2.05998,2.54968e-15,8.47436e-17,1.94832e-08,3.63965,0,0,0
16.8307,0,-0.000259725,-0.0442824,2.05998,0,0,-1.23798e-07,2.06046,0,0,0
16.8307,1,2.99974,-0.0442824,2.05998,-2.54155e-18,-1.07901e-16,-1.20591e-07,3.63922,0,0,0
16.8307,2,2.99974,2.95572,2.05998,-1.02406e-24,2.06946e-24,6.32545e-08,4.6881,0,0,0
16.8307,3,-0.000259725,2.95572,2.05998,1.94951e-17,3.80036e-15,-9.12969e-09,3.60275,0,0,0
16.8307,4,-3.00026,2.95572,2.05998,1.27696e-24,3.46876e-24,5.65078e-08,4.68843,0,0,0
16.8307,5,-3.00026,-0.0442824,2.05998,2.59999e-15,7.52064e-17,-1.43624e-08,3.63965,0,0,0
16.9591,0,-0.000259725,-0.0442824,2.05998,0,0,-1.2226e-07,2.06046,0,0,0
16.9591,1,2.99974,-0.0442824,2.05998,8.69027e-18,-1.16768e-16,-9.29507e-08,3.63922,0,0,0
16.9591,2,2.99974,2.95572,2.05998,3.35283e-26,-7.93503e-25,6.62714e-08,4.6881,0,0,0
16.9591,3,-0.000259725,2.95572,2.05998,9.23695e-18,3.84618e-15,-1.27989e-08,3.60275,0,0,0
16.9591,4,-3.00026,2.95572,2.05998,3.2451e-25,-4.07316e-25,-6.63538e-09,4.68843,0,0,0
16.9591,5,-3.00026,-0.0442824,2.05998,2.64183e-15,8.20832e-17,-4.89473e-08,3.63965,0,0,0
17.0825,0,-0.000259725,-0.0442824,2.05998,0,0,-7.00833e-08,2.06046,0,0,0
17.0825,1,2.99974,-0.0442824,2.05998,1.72587e-17,-1.28299e-16,-3.51434e-08,3.63922,0,0,0
17.0825,2,2.99974,2.95572,2.05998,2.04728e-24,-4.08285e-24,6.93703e-08,4.6881,0,0,0
17.0825,3,-0.000259725,2.95572,2.05998,-3.4491e-18,3.89206e-15,-1.50146e-08,3.60275,0,0,0
17.0825,4,-3.00026,2.95572,2.05998,3.0126e-24,-2.39987e-24,-4.32541e-08,4.68843,0,0,0
17.0825,5,-3.00026,-0.0442824,2.05998,2.68374e-15,8.90228e-17,-6.9696e-08,3.63965,0,0,0
17.2067,0,-0.000259725,-0.0442824,2.05998,0,0,-2.38241e-08,2.06046,0,0,0
17.2067,1,2.99974,-0.0442824,2.05998,2.55939e-17,-1.40062e-16,7.41932e-09,3.63922,0,0,0
17.2067,2,2.99974,2.95572,2.05998,5.6645e-24,-6.61878e-24,7.25465e-08,4.6881,0,0,0
17.2067,3,-0.000259725,2.95572,2.05998,-1.57137e-17,3.93789e-15,-1.96908e-08,3.60275,0,0,0
17.2067,4,-3.00026,2.95572,2.05998,7.05879e-26,-2.39999e-24,-6.97614e-08,4.68843,0,0,0
17.2067,5,-3.00026,-0.0442824,2.05998,2.72226e-15,9.25753e-17,-8.50085e-08,3.63965,0,0,0
17.3304,0,-0.000259725,-0.0442824,2.05998,0,0,2.06409e-09,2.06046,0,0,0
17.3304,1,2.99974,-0.0442824,2.05998,3.94098e-17,-1.72207e-16,3.81404e-08,3.63922,0,0,0
17.3304,2,2.99974,2.95572,2.05998,1.18747e-23,-5.25351e-24,7.57954e-08,4.6881,0,0,0
17.3304,3,-0.000259725,2.95572,2.05998,-2.39974e-17,3.98296e-15,-2.17439e-08,3.60275,0,0,0
17.3304,4,-3.00026,2.95572,2.05998,1.26984e-24,-5.88461e-25,-9.18269e-08,4.68843,0,0,0
17.3304,5,-3.00026,-0.0442824,2.05998,2.76258e-15,9.79279e-17,-1.02802e-07,3.63965,0,0,0
17.4575,0,-0.000259725,-0.0442824,2.05998,0,0,2.10528e-08,2.06046,0,0,0
17.4575,1,2.99974,-0.0442824,2.05998,5.21289e-17,-1.80579e-16,6.3985e-08,3.63922,0,0,0
17.4575,2,2.99974,2.95572,2.05998,1.51162e-23,-2.76175e-24,7.91133e-08,4.6881,0,0,0
17.4575,3,-0.000259725,2.95572,2.05998,-2.81803e-17,4.02717e-15,-2.39841e-08,3.60275,0,0,0
17.4575,4,-3.00026,2.95572,2.05998,6.75942e-24,-5.09366e-25,-8.16326e-08,4.68843,0,0,0
17.4575,5,-3.00026,-0.0442824,2.05998,2.80117e-15,1.01546e-16,-1.17802e-07,3.63965,0,0,0
17.5809,0,-0.000259725,-0.0442824,2.05998,0,0,4.01763e-08,2.06046,0,0,0
17.5809,1,2.99974,-0.0442824,2.05998,6.26827e-17,-1.91116e-16,8.71362e-08,3.63922,0,0,0
17.5809,2,2.99974,2.95572,2.05998,1.12804e-23,-2.54988e-24,8.21745e-08,4.6881,0,0,0
17.5809,3,-0.000259725,2.95572,2.05998,-2.96511e-17,4.07076e-15,-2.60877e-08,3.60275,0,0,0
17.5809,4,-3.00026,2.95572,2.05998,2.0116e-24,-3.26205e-25,-3.22385e-08,4.68843,0,0,0
17.5809,5,-3.00026,-0.0442824,2.05998,2.84168e-15,1.05345e-16,-1.13361e-07,3.63965,0,0,0
17.7075,0,-0.000259725,-0.0442824,2.05998,0,0,5.66461e-08,2.06046,0,0,0
17.7075,1,2.99974,-0.0442824,2.05998,7.05731e-17,-2.04317e-16,1.08298e-07,3.63922,0,0,0
17.7075,2,2.99974,2.95572,2.05998,6.1876e-24,-5.94125e-25,8.5927e-08,4.6881,0,0,0
17.7075,3,-0.000259725,2.95572,2.05998,-2.89703e-17,4.11405e-15,-2.7541e-08,3.60275,0,0,0
17.7075,4,-3.00026,2.95572,2.05998,1.54164e-26,-4.02462e-26,8.08982e-10,4.68843,0,0,0
17.7075,5,-3.00026,-0.0442824,2.05998,2.89664e-15,9.94554e-17,-5.85616e-08,3.63965,0,0,0
17.8308,0,-0.000259725,-0.0442824,2.05998,0,0,7.38223e-08,2.06046,0,0,0
17.8308,1,2.99974,-0.0442824,2.05998,7.82304e-17,-2.1775e-16,1.00666e-07,3.63922,0,0,0
17.8308,2,2.99974,2.95572,2.05998,2.2635e-24,3.25943e-24,8.94796e-08,4.6881,0,0,0
17.8308,3,-0.000259725,2.95572,2.05998,-2.68021e-17,4.15708e-15,-2.85361e-08,3.60275,0,0,0
17.8308,4,-3.00026,2.95572,2.05998,1.294e-24,-2.2337e-24,2.28366e-08,4.68843,0,0,0
17.8308,5,-3.00026,-0.0442824,2.05998,2.94384e-15,1.10698e-16,5.26105e-09,3.63965,0,0,0
17.957,0,-0.000259725,-0.0442824,2.05998,0,0,8.63826e-08,2.06046,0,0,0
17.957,1,2.99974,-0.0442824,2.05998,7.89642e-17,-2.11255e-16,5.56183e-08,3.63922,0,0,0
17.957,2,2.99974,2.95572,2.05998,-9.26279e-25,4.2546e-24,9.30948e-08,4.6881,0,0,0
17.957,3,-0.000259725,2.95572,2.05998,-2.3682e-17,4.20007e-15,-3.06009e-08,3.60275,0,0,0
17.957,4,-3.00026,2.95572,2.05998,4.2676e-25,-5.03853e-24,4.08158e-08,4.68843,0,0,0
17.957,5,-3.00026,-0.0442824,2.05998,2.98335e-15,1.14248e-16,1.62496e-08,3.63965,0,0,0
18.0823,0,-0.000259725,-0.0442824,2.05998,0,0,9.88649e-08,2.06046,0,0,0
18.0823,1,2.99974,-0.0442824,2.05998,8.16564e-17,-2.028e-16,2.29601e-08,3.63922,0,0,0
18.0823,2,2.99974,2.95572,2.05998,-6.05697e-24,-2.36865e-25,1.00325e-07,4.6881,0,0,0
18.0823,3,-0.000259725,2.95572,2.05998,-1.92266e-17,4.24317e-15,-2.91886e-08,3.60275,0,0,0
18.0823,4,-3.00026,2.95572,2.05998,-2.54165e-24,-6.3781e-24,5.68729e-08,4.68843,0,0,0
18.0823,5,-3.00026,-0.0442824,2.05998,3.02466e-15,1.19598e-16,5.11167e-08,3.63965,0,0,0
18.2082,0,-0.000259725,-0.0442824,2.05999,0,0,9.79437e-08,2.06046,0,0,0
18.2082,1,2.99974,-0.0442824,2.05998,9.46087e-17,-2.08955e-16,1.18096e-09,3.63922,0,0,0
18.2082,2,2.99974,2.95572,2.05998,-6.05697e-24,-2.36865e-25,1.00325e-07,4.6881,0,0,0
18.2082,3,-0.000259725,2.95572,2.05998,-1.26497e-17,4.28612e-15,-2.8697e-08,3.60275,0,0,0
18.2082,4,-3.00026,2.95572,2.05998,-4.52578e-24,-5.17749e-24,7.15645e-08,4.68843,0,0,0
18.2082,5,-3.00026,-0.0442824,2.05998,3.11446e-15,1.10623e-16,6.8134e-08,3.63965,0,0,0
18.3299,0,-0.000259725,-0.0442824,2.05999,0,0,4.34879e-08,2.06046,0,0,0
18.3299,1,2.99974,-0.0442824,2.05998,9.8697e-17,-1.98113e-16,-1.51075e-08,3.63922,0,0,0
18.3299,2,2.99974,2.95572,2.05998,-5.93037e-24,-5.96546e-25,1.0404e-07,4.6881,0,0,0
18.3299,3,-0.000259725,2.95572,2.05998,-4.66248e-18,4.32893e-15,-2.8608e-08,3.60275,0,0,0
18.3299,4,-3.00026,2.95572,2.05998,-4.6259e-24,-2.32732e-24,8.51875e-08,4.68843,0,0,0
18.3299,5,-3.00026,-0.0442824,2.05998,3.15443e-15,1.13642e-16,8.41095e-08,3.63965,0,0,0
18.4557,0,-0.000259725,-0.0442824,2.05999,0,0,3.64839e-11,2.06046,0,0,0
18.4557,1,2.99974,-0.0442824,2.05998,1.11306e-16,-2.03619e-16,-2.84828e-08,3.63922,0,0,0
18.4557,2,2.99974,2.95572,2.05998,-6.04358e-24,-5.88313e-25,1.05713e-07,4.6881,0,0,0
18.4557,3,-0.000259725,2.95572,2.05998,2.3753e-18,4.37203e-15,-2.79855e-08,3.60275,0,0,0
18.4557,4,-3.00026,2.95572,2.05998,-1.43169e-24,-3.33701e-25,6.3831e-08,4.68843,0,0,0
18.4557,5,-3.00026,-0.0442824,2.05998,3.16331e-15,9.66549e-17,9.92858e-08,3.63965,0,0,0
18.5814,0,-0.000259725,-0.0442824,2.05999,0,0,-3.0638e-08,2.06046,0,0,0
18.5814,1,2.99974,-0.0442824,2.05998,1.23916e-16,-2.09125e-16,-4.00651e-08,3.63922,0,0,0
18.5814,2,2.99974,2.95572,2.05998,-5.36464e-24,-1.43302e-24,1.08941e-07,4.6881,0,0,0
18.5814,3,-0.000259725,2.95572,2.05998,7.96683e-18,4.41559e-15,-2.81261e-08,3.60275,0,0,0
18.5814,4,-3.00026,2.95572,2.05998,4.58708e-26,7.36712e-26,4.12124e-09,4.68843,0,0,0
18.5814,5,-3.00026,-0.0442824,2.05998,3.21249e-15,8.20311e-17,7.74414e-08,3.63965,0,0,0
18.7075,0,-0.000259725,-0.0442824,2.05999,0,0,-5.20479e-08,2.06046,0,0,0
18.7075,1,2.99974,-0.0442824,2.05998,1.2764e-16,-1.97606e-16,-5.01642e-08,3.63922,0,0,0
18.7075,2,2.99974,2.95572,2.05998,-2.65443e-24,-4.74005e-24,1.12429e-07,4.6881,0,0,0
18.7075,3,-0.000259725,2.95572,2.05998,1.22664e-17,4.45944e-15,-2.57884e-08,3.60275,0,0,0
18.7075,4,-3.00026,2.95572,2.05998,-9.41076e-25,-1.71375e-24,-2.93702e-08,4.68843,0,0,0
18.7075,5,-3.00026,-0.0442824,2.05998,3.26202e-15,6.67594e-17,3.25441e-08,3.63965,0,0,0
18.8305,0,-0.000259725,-0.0442824,2.05999,0,0,-6.5092e-08,2.06046,0,0,0
18.8305,1,2.99974,-0.0442824,2.05998,1.31031e-16,-1.85464e-16,-5.89449e-08,3.63922,0,0,0
18.8305,2,2.99974,2.95572,2.05998,-2.92495e-24,-5.05937e-24,1.17191e-07,4.6881,0,0,0
18.8305,3,-0.000259725,2.95572,2.05998,4.39184e-16,3.27247e-15,-2.40799e-08,3.60275,0,0,0
18.8305,4,-3.00026,2.95572,2.05998,-1.98511e-24,-2.05664e-24,-5.30233e-08,4.68843,0,0,0
18.8305,5,-3.00026,-0.0442824,2.05998,3.30301e-15,6.78314e-17,-3.26905e-09,3.63965,0,0,0
18.9582,0,-0.000259725,-0.0442824,2.05999,0,0,-8.05151e-08,2.06046,0,0,0
18.9582,1,2.99974,-0.0442824,2.05998,1.33393e-16,-1.99262e-16,-6.65577e-08,3.63922,0,0,0
18.9582,2,2.99974,2.95572,2.05998,-3.4794e-25,-9.21018e-25,1.21364e-07,4.6881,0,0,0
18.9582,3,-0.000259725,2.95572,2.05998,1.00546e-16,3.35595e-15,-2.35255e-08,3.60275,0,0,0
18.9582,4,-3.00026,2.95572,2.05998,-2.84696e-24,2.56593e-25,-7.24537e-08,4.68843,0,0,0
18.9582,5,-3.00026,-0.0442824,2.05998,3.38501e-15,6.99756e-17,-2.7018e-08,3.63965,0,0,0
19.0819,0,-0.000259725,-0.0442824,2.05998,0,0,-1.01062e-07,2.06046,0,0,0
19.0819,1,2.99974,-0.0442824,2.05998,1.40348e-16,-2.0844e-16,-5.76776e-08,3.63922,0,0,0
19.0819,2,2.99974,2.95572,2.05998,6.14043e-25,1.71509e-24,1.25556e-07,4.6881,0,0,0
19.0819,3,-0.000259725,2.95572,2.05998,1.37807e-17,3.37853e-15,-2.10272e-08,3.60275,0,0,0
19.0819,4,-3.00026,2.95572,2.05998,-2.47171e-24,3.7377e-24,-8.93694e-08,4.68843,0,0,0
19.0819,5,-3.00026,-0.0442824,2.05998,3.37954e-15,6.45048e-17,-4.56364e-08,3.63965,0,0,0
19.206,0,-0.000259725,-0.0442824,2.05998,0,0,-8.58136e-08,2.06046,0,0,0
19.206,1,2.99974,-0.0442824,2.05998,1.33804e-16,-1.79396e-16,-1.17032e-08,3.63922,0,0,0
19.206,2,2.99974,2.95572,2.05998,8.53558e-25,3.74252e-24,1.29779e-07,4.6881,0,0,0
19.206,3,-0.000259725,2.95572,2.05998,-5.44312e-18,3.38487e-15,-1.88639e-08,3.60275,0,0,0
19.206,4,-3.00026,2.95572,2.05998,3.29985e-24,4.86422e-24,-7.24713e-08,4.68843,0,0,0
19.206,5,-3.00026,-0.0442824,2.05998,3.46999e-15,4.82518e-17,-6.14363e-08,3.63965,0,0,0
19.3294,0,-0.000259725,-0.0442824,2.05998,0,0,-2.35664e-08,2.06046,0,0,0
19.3294,1,2.99974,-0.0442824,2.05998,1.35644e-16,-1.65842e-16,4.26458e-08,3.63922,0,0,0
19.3294,2,2.99974,2.95572,2.05998,2.17685e-24,6.53056e-24,1.21775e-07,4.6881,0,0,0
19.3294,3,-0.000259725,2.95572,2.05998,-6.35782e-18,3.38701e-15,-1.76128e-08,3.60275,0,0,0
19.3294,4,-3.00026,2.95572,2.05998,1.41062e-24,1.14193e-24,-1.65965e-08,4.68843,0,0,0
19.3294,5,-3.00026,-0.0442824,2.05998,3.5018e-15,3.91364e-17,-7.51323e-08,3.63965,0,0,0
19.4558,0,-0.000259725,-0.0442824,2.05998,0,0,1.60986e-08,2.06046,0,0,0
19.4558,1,2.99974,-0.0442824,2.05998,1.37148e-16,-1.51633e-16,7.83003e-08,3.63922,0,0,0
19.4558,2,2.99974,2.95572,2.05998,1.29849e-25,5.21995e-24,7.69973e-08,4.6881,0,0,0
19.4558,3,-0.000259725,2.95572,2.05998,-1.94225e-18,3.38805e-15,1.8473e-09,3.60275,0,0,0
19.4558,4,-3.00026,2.95572,2.05998,-9.45825e-25,-6.02478e-25,1.92072e-08,4.68843,0,0,0
19.4558,5,-3.00026,-0.0442824,2.05998,3.51068e-15,2.21554e-17,-8.70017e-08,3.63965,0,0,0
19.5801,0,-0.000259725,-0.0442824,2.05998,0,0,4.36925e-08,2.06046,0,0,0
19.5801,1,2.99974,-0.0442824,2.05998,1.38451e-16,-1.36633e-16,1.06678e-07,3.63922,0,0,0
19.5801,2,2.99974,2.95572,2.05998,-1.66628e-24,1.84275e-24,2.01235e-08,4.6881,0,0,0
19.5801,3,-0.000259725,2.95572,2.05998,3.37896e-18,3.38898e-15,7.11969e-08,3.60275,0,0,0
19.5801,4,-3.00026,2.95572,2.05998,4.57417e-25,3.09863e-25,4.37478e-08,4.68843,0,0,0
19.5801,5,-3.00026,-0.0442824,2.05998,3.5834e-15,8.96105e-18,-5.89045e-08,3.63965,0,0,0
19.7079,0,-0.000259725,-0.0442824,2.05998,0,0,6.85989e-08,2.06046,0,0,0
19.7079,1,2.99974,-0.0442824,2.05998,1.39165e-16,-1.2123e-16,9.47649e-08,3.63922,0,0,0
19.7079,2,2.99974,2.95572,2.05998,1.81274e-24,-2.13985e-24,-1.6164e-08,4.6881,0,0,0
19.7079,3,-0.000259725,2.95572,2.05998,7.67937e-18,3.39004e-15,1.11171e-07,3.60275,0,0,0
19.7079,4,-3.00026,2.95572,2.05998,3.24182e-24,1.72391e-24,6.42914e-08,4.68843,0,0,0
19.7079,5,-3.00026,-0.0442824,2.05998,3.63144e-15,-1.1584e-17,-5.79193e-09,3.63965,0,0,0
19.83,0,-0.000259725,-0.0442824,2.05998,0,0,9.00206e-08,2.06046,0,0,0
19.83,1,2.99974,-0.0442824,2.05998,1.37103e-16,-8.17516e-17,5.10888e-08,3.63922,0,0,0
19.83,2,2.99974,2.95572,2.05998,4.17601e-24,-6.45384e-24,-4.41402e-08,4.6881,0,0,0
19.83,3,-0.000259725,2.95572,2.05998,9.83655e-18,3.3914e-15,8.56606e-08,3.60275,0,0,0
19.83,4,-3.00026,2.95572,2.05998,5.93374e-24,2.30369e-24,8.27895e-08,4.68843,0,0,0
19.83,5,-3.00026,-0.0442824,2.05998,3.64032e-15,-2.85871e-17,3.35191e-08,3.63965,0,0,0
19.9549,0,-0.000259725,-0.0442824,2.05999,0,0,1.00006e-07,2.06046,0,0,0
19.9549,1,2.99974,-0.0442824,2.05998,1.30764e-16,-1.87055e-17,2.50246e-08,3.63922,0,0,0
19.9549,2,2.99974,2.95572,2.05998,1.83244e-24,-8.31469e-24,-6.79117e-08,4.6881,0,0,0
19.9549,3,-0.000259725,2.95572,2.05998,9.54381e-18,3.39324e-15,6.3989e-08,3.60275,0,0,0
19.9549,4,-3.00026,2.95572,2.05998,7.17689e-24,2.04837e-24,8.99727e-08,4.68843,0,0,0
19.9549,5,-3.00026,-0.0442824,2.05998,3.71908e-15,-3.76126e-17,6.23474e-08,3.63965,0,0,0
20.0886,0,-0.000259725,-0.0442824,2.05999,0,0,8.60324e-08,2.06046,0,0,0
20.0886,1,2.99974,-0.0442824,2.05998,1.29366e-16,2.63973e-17,1.14676e-08,3.63922,0,0,0
20.0886,2,2.99974,2.95572,2.05998,-2.74025e-24,-5.19599e-24,-8.87921e-08,4.6881,0,0,0
20.0886,3,-0.000259725,2.95572,2.05998,9.01277e-18,3.39548e-15,5.53309e-08,3.60275,0,0,0
20.0886,4,-3.00026,2.95572,2.05998,5.78038e-24,1.12428e-24,6.73402e-08,4.68843,0,0,0
20.0886,5,-3.00026,-0.0442824,2.05998,3.76948e-15,-5.79651e-17,8.67063e-08,3.63965,0,0,0
20.2179,0,-0.000259725,-0.0442824,2.05999,0,0,3.49087e-08,2.06046,0,0,0
20.2179,1,2.99974,-0.0442824,2.05998,1.31081e-16,7.65966e-17,-5.88744e-10,3.63922,0,0,0
20.2179,2,2.99974,2.95572,2.05998,-8.03229e-24,-3.14779e-24,-1.07273e-07,4.6881,0,0,0
20.2179,3,-0.000259725,2.95572,2.05998,1.05891e-17,3.39724e-15,5.13386e-08,3.60275,0,0,0
20.2179,4,-3.00026,2.95572,2.05998,1.17344e-24,2.96823e-26,1.17339e-08,4.68843,0,0,0
20.2179,5,-3.00026,-0.0442824,2.05998,3.82022e-15,-7.89641e-17,1.11425e-07,3.63965,0,0,0
20.3431,0,-0.000259725,-0.0442824,2.05999,0,0,3.80856e-09,2.06046,0,0,0
20.3431,1,2.99974,-0.0442824,2.05998,1.43292e-16,1.13415e-16,-1.00461e-08,3.63922,0,0,0
20.3431,2,2.99974,2.95572,2.05998,-1.17714e-23,-2.15746e-24,-1.12221e-07,4.6881,0,0,0
20.3431,3,-0.000259725,2.95572,2.05998,1.2505e-17,3.39909e-15,4.88909e-08,3.60275,0,0,0
20.3431,4,-3.00026,2.95572,2.05998,-1.73229e-24,1.64552e-25,-1.77409e-08,4.68843,0,0,0
20.3431,5,-3.00026,-0.0442824,2.05998,3.80759e-15,-6.57274e-17,8.97829e-08,3.63965,0,0,0
20.4681,0,-0.000259725,-0.0442824,2.05999,0,0,-1.53529e-08,2.06046,0,0,0
20.4681,1,2.99974,-0.0442824,2.05998,1.54948e-16,1.2481e-16,-1.81283e-08,3.63922,0,0,0
20.4681,2,2.99974,2.95572,2.05998,-7.92924e-24,-6.99639e-25,-7.68273e-08,4.6881,0,0,0
20.4681,3,-0.000259725,2.95572,2.05998,1.44316e-17,3.40088e-15,4.55987e-08,3.60275,0,0,0
20.4681,4,-3.00026,2.95572,2.05998,-2.46726e-24,7.54766e-25,-3.76098e-08,4.68843,0,0,0
20.4681,5,-3.00026,-0.0442824,2.05998,3.85785e-15,-8.62159e-17,4.44353e-08,3.63965,0,0,0
20.5947,0,-0.000259725,-0.0442824,2.05999,0,0,-3.41136e-08,2.06046,0,0,0
20.5947,1,2.99974,-0.0442824,2.05998,1.58096e-16,1.42182e-16,-2.50291e-08,3.63922,0,0,0
20.5947,2,2.99974,2.95572,2.05998,-1.91954e-24,1.24149e-25,-2.83143e-08,4.6881,0,0,0
20.5947,3,-0.000259725,2.95572,2.05998,1.53275e-17,3.4028e-15,4.64282e-08,3.60275,0,0,0
20.5947,4,-3.00026,2.95572,2.05998,-1.72273e-25,7.34428e-25,-5.3765e-08,4.68843,0,0,0
20.5947,5,-3.00026,-0.0442824,2.05998,3.94131e-15,-9.45021e-17,1.62124e-08,3.63965,0,0,0
20.7195,0,-0.000259725,-0.0442824,2.05999,0,0,-4.49168e-08,2.06046,0,0,0
20.7195,1,2.99974,-0.0442824,2.05998,1.67519e-16,1.51973e-16,-3.08887e-08,3.63922,0,0,0
20.7195,2,2.99974,2.95572,2.05998,6.62492e-26,-2.42657e-26,1.14198e-09,4.6881,0,0,0
20.7195,3,-0.000259725,2.95572,2.05998,1.46123e-17,3.405e-15,4.64984e-08,3.60275,0,0,0
20.7195,4,-3.00026,2.95572,2.05998,3.60323e-25,8.78288e-25,-6.67695e-08,4.68843,0,0,0
20.7195,5,-3.00026,-0.0442824,2.05998,3.97203e-15,-8.28029e-17,-1.81422e-09,3.63965,0,0,0
20.8427,0,-0.000259725,-0.0442824,2.05999,0,0,-5.99879e-08,2.06046,0,0,0
20.8427,1,2.99974,-0.0442824,2.05998,1.84082e-16,1.4302e-16,-3.58129e-08,3.63922,0,0,0
20.8427,2,2.99974,2.95572,2.05998,1.0551e-24,-1.11904e-24,2.36987e-08,4.6881,0,0,0
20.8427,3,-0.000259725,2.95572,2.05998,1.31104e-17,3.40737e-15,4.45254e-08,3.60275,0,0,0
20.8427,4,-3.00026,2.95572,2.05998,-1.92154e-24,1.52122e-24,-7.91266e-08,4.68843,0,0,0
20.8427,5,-3.00026,-0.0442824,2.05998,3.97203e-15,-8.28029e-17,-1.57594e-08,3.63965,0,0,0
20.9685,0,-0.000259725,-0.0442824,2.05999,0,0,-7.07047e-08,2.06046,0,0,0
20.9685,1,2.99974,-0.0442824,2.05998,2.01697e-16,1.59996e-16,-3.98949e-08,3.63922,0,0,0
20.9685,2,2.99974,2.95572,2.05998,1.34476e-24,-4.04891e-24,4.33375e-08,4.6881,0,0,0
20.9685,3,-0.000259725,2.95572,2.05998,1.1994e-17,3.40963e-15,4.89419e-08,3.60275,0,0,0
20.9685,4,-3.00026,2.95572,2.05998,1.24617e-24,1.16445e-24,-6.05694e-08,4.68843,0,0,0
20.9685,5,-3.00026,-0.0442824,2.05998,4.04007e-15,-7.76653e-17,-2.74619e-08,3.63965,0,0,0
21.0926,0,-0.000259725,-0.0442824,2.05998,0,0,-7.89934e-08,2.06046,0,0,0
21.0926,1,2.99974,-0.0442824,2.05998,2.13982e-16,1.71637e-16,-4.32181e-08,3.63922,0,0,0
21.0926,2,2.99974,2.95572,2.05998,1.07422e-24,-5.86687e-24,6.12483e-08,4.6881,0,0,0
21.0926,3,-0.000259725,2.95572,2.05998,1.05322e-17,3.41181e-15,5.06595e-08,3.60275,0,0,0
21.0926,4,-3.00026,2.95572,2.05998,2.75939e-26,5.65775e-27,-2.94289e-10,4.68843,0,0,0
21.0926,5,-3.00026,-0.0442824,2.05998,4.08086e-15,-8.07713e-17,-3.7465e-08,3.63965,0,0,0
21.2195,0,-0.000259725,-0.0442824,2.05998,0,0,-6.87141e-08,2.06046,0,0,0
21.2195,1,2.99974,-0.0442824,2.05998,2.31378e-16,1.62528e-16,-4.58573e-08,3.63922,0,0,0
21.2195,2,2.99974,2.95572,2.05998,-2.7553e-25,-3.66062e-24,7.78011e-08,4.6881,0,0,0
21.2195,3,-0.000259725,2.95572,2.05998,7.62147e-18,3.41424e-15,4.94144e-08,3.60275,0,0,0
21.2195,4,-3.00026,2.95572,2.05998,-3.12793e-24,-7.08823e-25,3.85609e-08,4.68843,0,0,0
21.2195,5,-3.00026,-0.0442824,2.05998,4.08086e-15,-8.07713e-17,-4.60034e-08,3.63965,0,0,0
21.3423,0,-0.000259725,-0.0442824,2.05998,0,0,-8.72687e-09,2.06046,0,0,0
21.3423,1,2.99974,-0.0442824,2.05998,2.49825e-16,1.79336e-16,-4.78797e-08,3.63922,0,0,0
21.3423,2,2.99974,2.95572,2.05998,-4.21131e-24,-3.26848e-24,9.31789e-08,4.6881,0,0,0
21.3423,3,-0.000259725,2.95572,2.05998,5.02477e-18,3.41672e-15,5.45509e-08,3.60275,0,0,0
21.3423,4,-3.00026,2.95572,2.05998,-3.0877e-24,7.8596e-26,6.65791e-08,4.68843,0,0,0
21.3423,5,-3.00026,-0.0442824,2.05998,4.11277e-15,-6.68841e-17,-5.32381e-08,3.63965,0,0,0
21.468,0,-0.000259725,-0.0442824,2.05998,0,0,3.94569e-08,2.06046,0,0,0
21.468,1,2.99974,-0.0442824,2.05998,2.60842e-16,1.88716e-16,-4.93768e-08,3.63922,0,0,0
21.468,2,2.99974,2.95572,2.05998,-6.03585e-24,-4.42857e-24,1.01391e-07,4.6881,0,0,0
21.468,3,-0.000259725,2.95572,2.05998,3.98673e-18,3.41907e-15,5.69309e-08,3.60275,0,0,0
21.468,4,-3.00026,2.95572,2.05998,-1.74721e-24,-2.8867e-25,9.00916e-08,4.68843,0,0,0
21.468,5,-3.00026,-0.0442824,2.05998,4.16208e-15,-8.63335e-17,-5.93044e-08,3.63965,0,0,0
21.5948,0,-0.000259725,-0.0442824,2.05998,0,0,7.33226e-08,2.06046,0,0,0
21.5948,1,2.99974,-0.0442824,2.05998,2.79011e-16,1.7933e-16,-1.58711e-08,3.63922,0,0,0
21.5948,2,2.99974,2.95572,2.05998,-1.87687e-24,-4.61397e-24,7.72872e-08,4.6881,0,0,0
21.5948,3,-0.000259725,2.95572,2.05998,5.23321e-18,3.42113e-15,5.60659e-08,3.60275,0,0,0
21.5948,4,-3.00026,2.95572,2.05998,1.31946e-24,-5.43306e-25,7.67062e-08,4.68843,0,0,0
21.5948,5,-3.00026,-0.0442824,2.05998,4.23444e-15,-7.49046e-17,-6.43639e-08,3.63965,0,0,0
21.7283,0,-0.000259725,-0.0442824,2.05998,0,0,1.03475e-07,2.06046,0,0,0
21.7283,1,2.99974,-0.0442824,2.05998,2.92502e-16,1.90246e-16,4.55896e-08,3.63922,0,0,0
21.7283,2,2.99974,2.95572,2.05998,-3.05459e-25,-1.12247e-24,2.18228e-08,4.6881,0,0,0
21.7283,3,-0.000259725,2.95572,2.05998,8.63572e-18,3.42287e-15,5.77241e-08,3.60275,0,0,0
21.7283,4,-3.00026,2.95572,2.05998,1.98468e-24,-7.63337e-26,3.23313e-08,4.68843,0,0,0
21.7283,5,-3.00026,-0.0442824,2.05998,4.22181e-15,-6.16704e-17,-4.39715e-08,3.63965,0,0,0
21.8501,0,-0.000259725,-0.0442824,2.05999,0,0,1.10942e-07,2.06046,0,0,0
21.8501,1,2.99974,-0.0442824,2.05998,3.11141e-16,1.80392e-16,9.25628e-08,3.63922,0,0,0
21.8501,2,2.99974,2.95572,2.05998,3.24474e-25,3.92613e-25,-9.62022e-09,4.6881,0,0,0
21.8501,3,-0.000259725,2.95572,2.05998,1.35487e-17,3.42457e-15,6.04585e-08,3.60275,0,0,0
21.8501,4,-3.00026,2.95572,2.05998,1.36437e-25,3.65841e-26,2.55216e-09,4.68843,0,0,0
21.8501,5,-3.00026,-0.0442824,2.05998,4.31094e-15,-8.32103e-17,9.74811e-09,3.63965,0,0,0
21.9734,0,-0.000259725,-0.0442824,2.05999,0,0,7.18347e-08,2.06046,0,0,0
21.9734,1,2.99974,-0.0442824,2.05998,3.23349e-16,1.88982e-16,9.55379e-08,3.63922,0,0,0
21.9734,2,2.99974,2.95572,2.05998,1.09789e-24,9.45403e-25,-3.01398e-08,4.6881,0,0,0
21.9734,3,-0.000259725,2.95572,2.05998,1.87252e-17,3.42613e-15,6.28595e-08,3.60275,0,0,0
21.9734,4,-3.00026,2.95572,2.05998,2.82454e-25,-5.03037e-25,-1.59512e-08,4.68843,0,0,0
21.9734,5,-3.00026,-0.0442824,2.05998,4.34202e-15,-6.81682e-17,6.10082e-08,3.63965,0,0,0
22.101,0,-0.000259725,-0.0442824,2.05999,0,0,3.26738e-08,2.06046,0,0,0
22.101,1,2.99974,-0.0442824,2.05998,3.42511e-16,1.78664e-16,6.25368e-08,3.63922,0,0,0
22.101,2,2.99974,2.95572,2.05998,5.48972e-24,3.62694e-24,-6.49753e-08,4.6881,0,0,0
22.101,3,-0.000259725,2.95572,2.05998,2.14721e-17,3.4281e-15,6.49782e-08,3.60275,0,0,0
22.101,4,-3.00026,2.95572,2.05998,3.00773e-24,-1.03977e-24,-3.0076e-08,4.68843,0,0,0
22.101,5,-3.00026,-0.0442824,2.05998,4.34202e-15,-6.81682e-17,9.65924e-08,3.63965,0,0,0
22.2243,0,-0.000259725,-0.0442824,2.05999,0,0,1.28338e-08,2.06046,0,0,0
22.2243,1,2.99974,-0.0442824,2.05998,3.53044e-16,1.84584e-16,4.16206e-08,3.63922,0,0,0
22.2243,2,2.99974,2.95572,2.05998,5.48972e-24,3.62694e-24,-6.49753e-08,4.6881,0,0,0
22.2243,3,-0.000259725,2.95572,2.05998,2.1144e-17,3.43054e-15,6.78861e-08,3.60275,0,0,0
22.2243,4,-3.00026,2.95572,2.05998,4.6294e-24,-1.52898e-24,-4.19742e-08,4.68843,0,0,0
22.2243,5,-3.00026,-0.0442824,2.05998,4.42194e-15,-7.20675e-17,8.9779e-08,3.63965,0,0,0
22.3529,0,-0.000259725,-0.0442824,2.05999,0,0,-8.63887e-10,2.06046,0,0,0
22.3529,1,2.99974,-0.0442824,2.05998,3.72444e-16,1.73512e-16,3.12404e-08,3.63922,0,0,0
22.3529,2,2.99974,2.95572,2.05998,6.01841e-24,2.90777e-24,-8.01969e-08,4.6881,0,0,0
22.3529,3,-0.000259725,2.95572,2.05998,1.81612e-17,3.43321e-15,7.08606e-08,3.60275,0,0,0
22.3529,4,-3.00026,2.95572,2.05998,5.68907e-24,-1.44428e-24,-5.22209e-08,4.68843,0,0,0
22.3529,5,-3.00026,-0.0442824,2.05998,4.41307e-15,-5.50758e-17,5.43151e-08,3.63965,0,0,0
22.4798,0,-0.000259725,-0.0442824,2.05999,0,0,-1.33095e-08,2.06046,0,0,0
22.4798,1,2.99974,-0.0442824,2.05998,3.92187e-16,1.61791e-16,2.44599e-08,3.63922,0,0,0
22.4798,2,2.99974,2.95572,2.05998,7.46839e-25,-4.62466e-24,-8.51646e-08,4.6881,0,0,0
22.4798,3,-0.000259725,2.95572,2.05998,1.24986e-17,3.43619e-15,7.39246e-08,3.60275,0,0,0
22.4798,4,-3.00026,2.95572,2.05998,8.44125e-24,7.20595e-25,-6.1042e-08,4.68843,0,0,0
22.4798,5,-3.00026,-0.0442824,2.05998,4.49409e-15,-5.5878e-17,3.00013e-08,3.63965,0,0,0
22.6034,0,-0.000259725,-0.0442824,2.05999,0,0,-2.29609e-08,2.06046,0,0,0
22.6034,1,2.99974,-0.0442824,2.05998,4.12132e-16,1.49279e-16,1.93073e-08,3.63922,0,0,0
22.6034,2,2.99974,2.95572,2.05998,7.46839e-25,-4.62466e-24,-8.51646e-08,4.6881,0,0,0
22.6034,3,-0.000259725,2.95572,2.05998,5.31546e-18,3.43914e-15,7.88607e-08,3.60275,0,0,0
22.6034,4,-3.00026,2.95572,2.05998,7.00647e-24,1.15809e-26,-6.8672e-08,4.68843,0,0,0
22.6034,5,-3.00026,-0.0442824,2.05998,3.22332e-15,3.77855e-16,1.68681e-08,3.63965,0,0,0
22.7242,0,-0.000259725,-0.0442824,2.05999,0,0,-2.88525e-08,2.06046,0,0,0
22.7242,1,2.99974,-0.0442824,2.05998,4.27092e-16,1.56652e-16,1.52629e-08,3.63922,0,0,0
22.7242,2,2.99974,2.95572,2.05998,-1.51234e-25,-9.92719e-25,-1.14972e-08,4.6881,0,0,0
22.7242,3,-0.000259725,2.95572,2.05998,-2.87001e-18,3.442e-15,8.16916e-08,3.60275,0,0,0
22.7242,4,-3.00026,2.95572,2.05998,2.64153e-25,-5.67648e-25,-3.33268e-08,4.68843,0,0,0
22.7242,5,-3.00026,-0.0442824,2.05998,3.32867e-15,4.35705e-17,7.85162e-09,3.63965,0,0,0
22.8504,0,-0.000259725,-0.0442824,2.05999,0,0,-3.55108e-08,2.06046,0,0,0
22.8504,1,2.99974,-0.0442824,2.05998,4.47647e-16,1.43758e-16,1.19912e-08,3.63922,0,0,0
22.8504,2,2.99974,2.95572,2.05998,4.36042e-25,2.38488e-24,2.63838e-08,4.6881,0,0,0
22.8504,3,-0.000259725,2.95572,2.05998,-1.13699e-17,3.44469e-15,8.35539e-08,3.60275,0,0,0
22.8504,4,-3.00026,2.95572,2.05998,1.02287e-24,2.582e-25,2.94434e-08,4.68843,0,0,0
22.8504,5,-3.00026,-0.0442824,2.05998,3.34727e-15,-3.18463e-17,7.34137e-10,3.63965,0,0,0
22.9756,0,-0.000259725,-0.0442824,2.05999,0,0,-4.40149e-08,2.06046,0,0,0
22.9756,1,2.99974,-0.0442824,2.05998,4.68537e-16,1.30208e-16,9.44688e-09,3.63922,0,0,0
22.9756,2,2.99974,2.95572,2.05998,3.47649e-25,4.17178e-24,5.42491e-08,4.6881,0,0,0
22.9756,3,-0.000259725,2.95572,2.05998,-1.94339e-17,3.44714e-15,8.44194e-08,3.60275,0,0,0
22.9756,4,-3.00026,2.95572,2.05998,3.9893e-24,-3.33399e-25,6.81715e-08,4.68843,0,0,0
22.9756,5,-3.00026,-0.0442824,2.05998,3.35614e-15,-4.8838e-17,-5.08985e-09,3.63965,0,0,0
23.0996,0,-0.000259725,-0.0442824,2.05999,0,0,-4.61145e-08,2.06046,0,0,0
23.0996,1,2.99974,-0.0442824,2.05998,4.89771e-16,1.1601e-16,7.55833e-09,3.63922,0,0,0
23.0996,2,2.99974,2.95572,2.05998,1.44788e-25,5.77837e-24,7.80507e-08,4.6881,0,0,0
23.0996,3,-0.000259725,2.95572,2.05998,-2.57354e-17,3.44923e-15,8.98504e-08,3.60275,0,0,0
23.0996,4,-3.00026,2.95572,2.05998,8.31852e-24,-2.48732e-24,9.76766e-08,4.68843,0,0,0
23.0996,5,-3.00026,-0.0442824,2.05998,3.35317e-15,-5.00695e-17,-9.83324e-09,3.63965,0,0,0
23.2267,0,-0.000259725,-0.0442824,2.05999,0,0,-4.95076e-08,2.06046,0,0,0
23.2267,1,2.99974,-0.0442824,2.05998,5.11348e-16,1.01164e-16,6.26129e-09,3.63922,0,0,0
23.2267,2,2.99974,2.95572,2.05998,3.10833e-24,9.72822e-24,9.96301e-08,4.6881,0,0,0
23.2267,3,-0.000259725,2.95572,2.05998,-2.95231e-17,3.45079e-15,9.41496e-08,3.60275,0,0,0
23.2267,4,-3.00026,2.95572,2.05998,9.66331e-24,-2.49376e-24,9.24208e-08,4.68843,0,0,0
23.2267,5,-3.00026,-0.0442824,2.05998,3.34723e-15,-5.25326e-17,-1.36204e-08,3.63965,0,0,0
23.3506,0,-0.000259725,-0.0442824,2.05999,0,0,-5.31225e-08,2.06046,0,0,0
23.3506,1,2.99974,-0.0442824,2.05998,5.33975e-16,1.12236e-16,5.49812e-09,3.63922,0,0,0
23.3506,2,2.99974,2.95572,2.05998,7.46967e-24,1.15285e-23,1.01126e-07,4.6881,0,0,0
23.3506,3,-0.000259725,2.95572,2.05998,-3.08822e-17,3.45183e-15,9.68377e-08,3.60275,0,0,0
23.3506,4,-3.00026,2.95572,2.05998,6.73485e-24,-4.75832e-25,5.42607e-08,4.68843,0,0,0
23.3506,5,-3.00026,-0.0442824,2.05998,3.34723e-15,-5.25326e-17,-1.65508e-08,3.63965,0,0,0
23.4741,0,-0.000259725,-0.0442824,2.05998,0,0,-5.56732e-08,2.06046,0,0,0
23.4741,1,2.99974,-0.0442824,2.05998,5.56244e-16,9.70885e-17,5.21714e-09,3.63922,0,0,0
23.4741,2,2.99974,2.95572,2.05998,4.05528e-24,6.91783e-24,5.89381e-08,4.6881,0,0,0
23.4741,3,-0.000259725,2.95572,2.05998,-3.06049e-17,3.45245e-15,1.03266e-07,3.60275,0,0,0
23.4741,4,-3.00026,2.95572,2.05998,3.37454e-24,1.04937e-24,2.58196e-08,4.68843,0,0,0
23.4741,5,-3.00026,-0.0442824,2.05998,3.34427e-15,-5.37641e-17,-1.87114e-08,3.63965,0,0,0
23.6009,0,-0.000259725,-0.0442824,2.05998,0,0,-4.07856e-08,2.06046,0,0,0
23.6009,1,2.99974,-0.0442824,2.05998,5.78855e-16,8.1292e-17,5.37205e-09,3.63922,0,0,0
23.6009,2,2.99974,2.95572,2.05998,1.50587e-24,2.39254e-24,2.17261e-08,4.6881,0,0,0
23.6009,3,-0.000259725,2.95572,2.05998,-3.00886e-17,3.45299e-15,1.06967e-07,3.60275,0,0,0
23.6009,4,-3.00026,2.95572,2.05998,6.74522e-25,2.94189e-25,9.63793e-09,4.68843,0,0,0
23.6009,5,-3.00026,-0.0442824,2.05998,3.33833e-15,-5.62272e-17,-2.02303e-08,3.63965,0,0,0
23.7247,0,-0.000259725,-0.0442824,2.05998,0,0,2.10968e-08,2.06046,0,0,0
23.7247,1,2.99974,-0.0442824,2.05998,6.01808e-16,6.48467e-17,5.92133e-09,3.63922,0,0,0
23.7247,2,2.99974,2.95572,2.05998,-1.95135e-26,-2.95257e-26,-3.02906e-10,4.6881,0,0,0
23.7247,3,-0.000259725,2.95572,2.05998,-2.96486e-17,3.45353e-15,1.09972e-07,3.60275,0,0,0
23.7247,4,-3.00026,2.95572,2.05998,-2.81179e-26,-8.03369e-27,-1.9849e-09,4.68843,0,0,0
23.7247,5,-3.00026,-0.0442824,2.05998,3.32579e-15,-6.70348e-17,-2.10873e-08,3.63965,0,0,0
23.8494,0,-0.000259725,-0.0442824,2.05998,0,0,7.70746e-08,2.06046,0,0,0
23.8494,1,2.99974,-0.0442824,2.05998,6.16236e-16,6.47438e-17,6.82775e-09,3.63922,0,0,0
23.8494,2,2.99974,2.95572,2.05998,-6.51947e-25,-9.3613e-25,-1.65208e-08,4.6881,0,0,0
23.8494,3,-0.000259725,2.95572,2.05998,-2.88735e-17,3.45408e-15,1.17454e-07,3.60275,0,0,0
23.8494,4,-3.00026,2.95572,2.05998,-4.68062e-25,1.85677e-25,-1.14689e-08,4.68843,0,0,0
23.8494,5,-3.00026,-0.0442824,2.05998,3.33168e-15,-8.62547e-17,-2.13439e-08,3.63965,0,0,0
23.9738,0,-0.000259725,-0.0442824,2.05999,0,0,1.06756e-07,2.06046,0,0,0
23.9738,1,2.99974,-0.0442824,2.05998,6.30664e-16,6.4641e-17,8.05787e-09,3.63922,0,0,0
23.9738,2,2.99974,2.95572,2.05998,-4.49524e-25,4.19219e-25,-2.99501e-08,4.6881,0,0,0
23.9738,3,-0.000259725,2.95572,2.05998,-2.74341e-17,3.45457e-15,1.18238e-07,3.60275,0,0,0
23.9738,4,-3.00026,2.95572,2.05998,-2.40035e-25,5.68849e-25,-1.94979e-08,4.68843,0,0,0
23.9738,5,-3.00026,-0.0442824,2.05998,3.31532e-15,-7.67576e-17,-2.11181e-08,3.63965,0,0,0
24.1006,0,-0.000259725,-0.0442824,2.05999,0,0,1.10626e-07,2.06046,0,0,0
24.1006,1,2.99974,-0.0442824,2.05998,6.44385e-16,3.79708e-17,6.82069e-09,3.63922,0,0,0
24.1006,2,2.99974,2.95572,2.05998,-1.69949e-25,2.78456e-24,-3.87598e-08,4.6881,0,0,0
24.1006,3,-0.000259725,2.95572,2.05998,-2.49289e-17,3.45467e-15,1.26518e-07,3.60275,0,0,0
24.1006,4,-3.00026,2.95572,2.05998,4.40688e-25,2.18359e-25,-2.3542e-08,4.68843,0,0,0
24.1006,5,-3.00026,-0.0442824,2.05998,3.30997e-15,-8.0371e-17,-2.0441e-08,3.63965,0,0,0
24.2252,0,-0.000259725,-0.0442824,2.05999,0,0,6.80893e-08,2.06046,0,0,0
24.2252,1,2.99974,-0.0442824,2.05998,6.58807e-16,3.68713e-17,8.67333e-09,3.63922,0,0,0
24.2252,2,2.99974,2.95572,2.05998,2.80201e-25,6.06553e-24,-4.88683e-08,4.6881,0,0,0
24.2252,3,-0.000259725,2.95572,2.05998,-2.15568e-17,3.45511e-15,1.2891e-07,3.60275,0,0,0
24.2252,4,-3.00026,2.95572,2.05998,7.32113e-25,2.82964e-25,-2.66334e-08,4.68843,0,0,0
24.2252,5,-3.00026,-0.0442824,2.05998,3.30264e-15,-8.42261e-17,-1.92072e-08,3.63965,0,0,0
24.3491,0,-0.000259725,-0.0442824,2.05999,0,0,4.53967e-08,2.06046,0,0,0
24.3491,1,2.99974,-0.0442824,2.05998,6.7323e-16,3.57718e-17,1.0978e-08,3.63922,0,0,0
24.3491,2,2.99974,2.95572,2.05998,9.15238e-25,8.93818e-24,-5.77354e-08,4.6881,0,0,0
24.3491,3,-0.000259725,2.95572,2.05998,-1.68027e-17,3.45532e-15,1.31318e-07,3.60275,0,0,0
24.3491,4,-3.00026,2.95572,2.05998,7.61469e-25,1.15829e-24,-3.1798e-08,4.68843,0,0,0
24.3491,5,-3.00026,-0.0442824,2.05998,3.28456e-15,-7.6442e-17,-1.77265e-08,3.63965,0,0,0
24.4773,0,-0.000259725,-0.0442824,2.05999,0,0,3.40052e-08,2.06046,0,0,0
24.4773,1,2.99974,-0.0442824,2.05998,6.87653e-16,3.46723e-17,1.34919e-08,3.63922,0,0,0
24.4773,2,2.99974,2.95572,2.05998,1.69733e-24,1.03383e-23,-6.53554e-08,4.6881,0,0,0
24.4773,3,-0.000259725,2.95572,2.05998,-1.20977e-17,3.45562e-15,1.41681e-07,3.60275,0,0,0
24.4773,4,-3.00026,2.95572,2.05998,9.95921e-25,1.99795e-24,-3.62304e-08,4.68843,0,0,0
24.4773,5,-3.00026,-0.0442824,2.05998,3.27405e-15,-8.14944e-17,-1.60192e-08,3.63965,0,0,0
24.601,0,-0.000259725,-0.0442824,2.05999,0,0,2.56765e-08,2.06046,0,0,0
24.601,1,2.99974,-0.0442824,2.05998,7.11053e-16,1.66893e-17,1.60851e-08,3.63922,0,0,0
24.601,2,2.99974,2.95572,2.05998,2.15682e-24,8.36072e-24,-7.18506e-08,4.6881,0,0,0
24.601,3,-0.000259725,2.95572,2.05998,-8.05091e-18,3.45624e-15,1.42483e-07,3.60275,0,0,0
24.601,4,-3.00026,2.95572,2.05998,-5.50831e-25,7.25484e-25,-3.98327e-08,4.68843,0,0,0
24.601,5,-3.00026,-0.0442824,2.05998,3.27405e-15,-8.14944e-17,-1.39361e-08,3.63965,0,0,0
24.7297,0,-0.000259725,-0.0442824,2.05999,0,0,2.02227e-08,2.06046,0,0,0
24.7297,1,2.99974,-0.0442824,2.05998,7.25823e-16,1.49448e-17,1.88914e-08,3.63922,0,0,0
24.7297,2,2.99974,2.95572,2.05998,1.54181e-24,3.55137e-24,-5.13627e-08,4.6881,0,0,0
24.7297,3,-0.000259725,2.95572,2.05998,-4.1006e-18,3.45622e-15,1.51002e-07,3.60275,0,0,0
24.7297,4,-3.00026,2.95572,2.05998,5.46961e-25,-8.78016e-25,-4.26754e-08,4.68843,0,0,0
24.7297,5,-3.00026,-0.0442824,2.05998,3.25615e-15,-6.70877e-17,-1.14629e-08,3.63965,0,0,0
24.8558,0,-0.000259725,-0.0442824,2.05999,0,0,1.56041e-08,2.06046,0,0,0
24.8558,1,2.99974,-0.0442824,2.05998,7.40592e-16,1.32003e-17,2.19497e-08,3.63922,0,0,0
24.8558,2,2.99974,2.95572,2.05998,-5.69437e-25,-4.99057e-25,1.89697e-08,4.6881,0,0,0
24.8558,3,-0.000259725,2.95572,2.05998,-6.90999e-19,3.45646e-15,1.57859e-07,3.60275,0,0,0
24.8558,4,-3.00026,2.95572,2.05998,2.9511e-24,-7.11292e-25,-4.48699e-08,4.68843,0,0,0
24.8558,5,-3.00026,-0.0442824,2.05998,3.25615e-15,-6.70877e-17,-8.83223e-09,3.63965,0,0,0
24.9823,0,-0.000259725,-0.0442824,2.05999,0,0,1.16412e-08,2.06046,0,0,0
24.9823,1,2.99974,-0.0442824,2.05998,7.55362e-16,1.14558e-17,2.5085e-08,3.63922,0,0,0
24.9823,2,2.99974,2.95572,2.05998,-1.83567e-24,-2.33068e-24,6.11519e-08,4.6881,0,0,0
24.9823,3,-0.000259725,2.95572,2.05998,5.74131e-19,3.45753e-15,1.59243e-07,3.60275,0,0,0
24.9823,4,-3.00026,2.95572,2.05998,9.68767e-25,1.39145e-25,-1.55679e-08,4.68843,0,0,0
24.9823,5,-3.00026,-0.0442824,2.05998,3.24664e-15,-6.91621e-17,-6.05577e-09,3.63965,0,0,0
25.1133,0,-0.000259725,-0.0442824,2.05999,0,0,6.93408e-09,2.06046,0,0,0
25.1133,1,2.99974,-0.0442824,2.05998,7.72579e-16,-1.37021e-17,2.8342e-08,3.63922,0,0,0
25.1133,2,2.99974,2.95572,2.05998,-2.25733e-24,-4.16979e-24,9.29541e-08,4.6881,0,0,0
25.1133,3,-0.000259725,2.95572,2.05998,8.43785e-19,3.45877e-15,1.58048e-07,3.60275,0,0,0
25.1133,4,-3.00026,2.95572,2.05998,-1.26255e-24,1.6708e-24,4.48299e-08,4.68843,0,0,0
25.1133,5,-3.00026,-0.0442824,2.05998,3.24664e-15,-6.91621e-17,-3.0185e-09,3.63965,0,0,0
25.2426,0,-0.000259725,-0.0442824,2.05999,0,0,3.64793e-09,2.06046,0,0,0
25.2426,1,2.99974,-0.0442824,2.05998,7.87458e-16,-1.63287e-17,3.1749e-08,3.63922,0,0,0
25.2426,2,2.99974,2.95572,2.05998,-4.37104e-25,-2.2948e-24,1.07996e-07,4.6881,0,0,0
25.2426,3,-0.000259725,2.95572,2.05998,5.44927e-19,3.46025e-15,1.61822e-07,3.60275,0,0,0
25.2426,4,-3.00026,2.95572,2.05998,-2.69936e-25,8.14571e-24,9.41559e-08,4.68843,0,0,0
25.2426,5,-3.00026,-0.0442824,2.05998,3.25111e-15,-6.09699e-17,2.11258e-10,3.63965,0,0,0
25.3675,0,-0.000259725,-0.0442824,2.05999,0,0,2.17014e-09,2.06046,0,0,0
25.3675,1,2.99974,-0.0442824,2.05998,8.02337e-16,-1.89553e-17,3.52443e-08,3.63922,0,0,0
25.3675,2,2.99974,2.95572,2.05998,1.14474e-24,-4.38111e-25,8.38026e-08,4.6881,0,0,0
25.3675,3,-0.000259725,2.95572,2.05998,3.24003e-19,3.46163e-15,1.68141e-07,3.60275,0,0,0
25.3675,4,-3.00026,2.95572,2.05998,2.77104e-24,6.12206e-24,9.55321e-08,4.68843,0,0,0
25.3675,5,-3.00026,-0.0442824,2.05998,3.23308e-15,-4.47082e-17,3.61331e-09,3.63965,0,0,0
25.4944,0,-0.000259725,-0.0442824,2.05999,0,0,1.47779e-09,2.06046,0,0,0
25.4944,1,2.99974,-0.0442824,2.05998,8.24287e-16,-4.03724e-17,3.8798e-08,3.63922,0,0,0
25.4944,2,2.99974,2.95572,2.05998,-3.05704e-26,-1.19225e-24,4.53186e-08,4.6881,0,0,0
25.4944,3,-0.000259725,2.95572,2.05998,-4.69156e-19,3.46305e-15,1.76358e-07,3.60275,0,0,0
25.4944,4,-3.00026,2.95572,2.05998,4.31624e-24,3.03151e-24,6.68256e-08,4.68843,0,0,0
25.4944,5,-3.00026,-0.0442824,2.05998,3.2379e-15,-3.51729e-17,7.17271e-09,3.63965,0,0,0
25.619,0,-0.000259725,-0.0442824,2.05999,0,0,1.88599e-09,2.06046,0,0,0
25.619,1,2.99974,-0.0442824,2.05998,8.39444e-16,-4.37133e-17,4.20012e-08,3.63922,0,0,0
25.619,2,2.99974,2.95572,2.05998,-1.10902e-24,-1.84837e-24,2.6096e-08,4.6881,0,0,0
25.619,3,-0.000259725,2.95572,2.05998,-1.36893e-18,3.46461e-15,1.79839e-07,3.60275,0,0,0
25.619,4,-3.00026,2.95572,2.05998,4.30433e-24,2.01595e-24,4.61547e-08,4.68843,0,0,0
25.619,5,-3.00026,-0.0442824,2.05998,3.22903e-15,-1.81814e-17,1.08763e-08,3.63965,0,0,0
25.7462,0,-0.000259725,-0.0442824,2.05999,0,0,1.46017e-09,2.06046,0,0,0
25.7462,1,2.99974,-0.0442824,2.05998,8.54601e-16,-4.70542e-17,4.58914e-08,3.63922,0,0,0
25.7462,2,2.99974,2.95572,2.05998,-6.78988e-25,-8.78158e-25,1.34207e-08,4.6881,0,0,0
25.7462,3,-0.000259725,2.95572,2.05998,-1.14299e-18,3.46613e-15,1.77707e-07,3.60275,0,0,0
25.7462,4,-3.00026,2.95572,2.05998,4.00212e-24,1.82132e-24,3.55263e-08,4.68843,0,0,0
25.7462,5,-3.00026,-0.0442824,2.05998,3.22346e-15,-1.24033e-17,1.47122e-08,3.63965,0,0,0
25.8756,0,-0.000259725,-0.0442824,2.05999,0,0,1.56275e-09,2.06046,0,0,0
25.8756,1,2.99974,-0.0442824,2.05998,8.78632e-16,-6.73845e-17,4.95958e-08,3.63922,0,0,0
25.8756,2,2.99974,2.95572,2.05998,-9.66858e-26,-1.19506e-25,3.56101e-09,4.6881,0,0,0
25.8756,3,-0.000259725,2.95572,2.05998,1.14979e-18,3.4675e-15,1.85293e-07,3.60275,0,0,0
25.8756,4,-3.00026,2.95572,2.05998,3.43534e-24,1.49153e-24,2.85303e-08,4.68843,0,0,0
25.8756,5,-3.00026,-0.0442824,2.05998,3.21459e-15,4.57685e-18,1.867e-08,3.63965,0,0,0
25.999,0,-0.000259725,-0.0442824,2.05999,0,0,1.41275e-09,2.06046,0,0,0
25.999,1,2.99974,-0.0442824,2.05998,8.94132e-16,-7.13742e-17,5.37562e-08,3.63922,0,0,0
25.999,2,2.99974,2.95572,2.05998,7.30479e-26,8.50012e-26,-3.93777e-09,4.6881,0,0,0
25.999,3,-0.000259725,2.95572,2.05998,5.2617e-18,3.46858e-15,1.7817e-07,3.60275,0,0,0
25.999,4,-3.00026,2.95572,2.05998,1.88931e-24,3.64121e-25,2.03693e-08,4.68843,0,0,0
25.999,5,-3.00026,-0.0442824,2.05998,3.2047e-15,8.07054e-18,2.27402e-08,3.63965,0,0,0
26.1312,0,-0.000259725,-0.0442824,2.05999,0,0,2.68124e-09,2.06046,0,0,0
26.1312,1,2.99974,-0.0442824,2.05998,9.00763e-16,-5.83723e-17,5.77739e-08,3.63922,0,0,0
26.1312,2,2.99974,2.95572,2.05998,1.75336e-25,1.94817e-26,-1.15522e-08,4.6881,0,0,0
26.1312,3,-0.000259725,2.95572,2.05998,9.5307e-18,3.46965e-15,1.2475e-07,3.60275,0,0,0
26.1312,4,-3.00026,2.95572,2.05998,6.42131e-25,-2.88415e-25,1.61342e-08,4.68843,0,0,0
26.1312,5,-3.00026,-0.0442824,2.05998,3.2047e-15,8.07054e-18,2.69143e-08,3.63965,0,0,0
26.2543,0,-0.000259725,-0.0442824,2.05999,0,0,4.78073e-09,2.06046,0,0,0
26.2543,1,2.99974,-0.0442824,2.05998,9.15921e-16,-6.1713e-17,6.19194e-08,3.63922,0,0,0
26.2543,2,2.99974,2.95572,2.05998,1.78969e-25,-5.19302e-25,-1.73973e-08,4.6881,0,0,0
26.2543,3,-0.000259725,2.95572,2.05998,1.29792e-17,3.47095e-15,6.77239e-08,3.60275,0,0,0
26.2543,4,-3.00026,2.95572,2.05998,-2.56402e-25,-3.48444e-25,1.29948e-08,4.68843,0,0,0
26.2543,5,-3.00026,-0.0442824,2.05998,3.19871e-15,1.54637e-17,3.11848e-08,3.63965,0,0,0
26.3798,0,-0.000259725,-0.0442824,2.05999,0,0,7.10375e-09,2.06046,0,0,0
26.3798,1,2.99974,-0.0442824,2.05998,9.31078e-16,-6.50537e-17,6.60865e-08,3.63922,0,0,0
26.3798,2,2.99974,2.95572,2.05998,5.6908e-25,-8.46133e-25,-2.22006e-08,4.6881,0,0,0
26.3798,3,-0.000259725,2.95572,2.05998,1.55484e-17,3.47247e-15,3.45401e-08,3.60275,0,0,0
26.3798,4,-3.00026,2.95572,2.05998,-4.33626e-25,-2.50858e-25,1.06252e-08,4.68843,0,0,0
26.3798,5,-3.00026,-0.0442824,2.05998,3.18469e-15,3.49931e-17,3.55449e-08,3.63965,0,0,0
26.5069,0,-0.000259725,-0.0442824,2.05999,0,0,9.65794e-09,2.06046,0,0,0
26.5069,1,2.99974,-0.0442824,2.05998,9.46235e-16,-6.83944e-17,7.03106e-08,3.63922,0,0,0
26.5069,2,2.99974,2.95572,2.05998,5.63256e-25,-9.94499e-25,-2.60934e-08,4.6881,0,0,0
26.5069,3,-0.000259725,2.95572,2.05998,1.65893e-17,3.47421e-15,8.11468e-09,3.60275,0,0,0
26.5069,4,-3.00026,2.95572,2.05998,-9.64846e-25,5.87036e-26,8.92556e-09,4.68843,0,0,0
26.5069,5,-3.00026,-0.0442824,2.05998,3.18469e-15,3.49931e-17,3.99885e-08,3.63965,0,0,0
26.6316,0,-0.000259725,-0.0442824,2.05999,0,0,1.24149e-08,2.06046,0,0,0
26.6316,1,2.99974,-0.0442824,2.05998,9.56422e-16,-5.08452e-17,7.45888e-08,3.63922,0,0,0
26.6316,2,2.99974,2.95572,2.05998,-7.87077e-26,-9.34653e-25,-2.91697e-08,4.6881,0,0,0
26.6316,3,-0.000259725,2.95572,2.05998,1.61566e-17,3.47609e-15,-1.37669e-08,3.60275,0,0,0
26.6316,4,-3.00026,2.95572,2.05998,-1.21133e-24,-1.65121e-25,7.83301e-09,4.68843,0,0,0
26.6316,5,-3.00026,-0.0442824,2.05998,3.1744e-15,4.00678e-17,4.45102e-08,3.63965,0,0,0
26.7554,0,-0.000259725,-0.0442824,2.05999,0,0,1.53547e-08,2.06046,0,0,0
26.7554,1,2.99974,-0.0442824,2.05998,9.71378e-16,-5.33953e-17,7.88258e-08,3.63922,0,0,0
26.7554,2,2.99974,2.95572,2.05998,-5.36676e-25,-8.44866e-25,-3.15084e-08,4.6881,0,0,0
26.7554,3,-0.000259725,2.95572,2.05998,1.4902e-17,3.47842e-15,-3.3512e-08,3.60275,0,0,0
26.7554,4,-3.00026,2.95572,2.05998,-8.78983e-25,-4.30271e-26,7.28971e-09,4.68843,0,0,0
26.7554,5,-3.00026,-0.0442824,2.05998,3.1744e-15,4.00678e-17,4.91052e-08,3.63965,0,0,0
26.8837,0,-0.000259725,-0.0442824,2.05999,0,0,1.84597e-08,2.06046,0,0,0
26.8837,1,2.99974,-0.0442824,2.05998,9.79708e-16,-3.67115e-17,8.31655e-08,3.63922,0,0,0
26.8837,2,2.99974,2.95572,2.05998,-7.05047e-25,-2.12633e-25,-3.31805e-08,4.6881,0,0,0
26.8837,3,-0.000259725,2.95572,2.05998,1.54637e-17,3.48066e-15,-5.09589e-08,3.60275,0,0,0
26.8837,4,-3.00026,2.95572,2.05998,-8.08596e-25,-2.68718e-26,7.24285e-09,4.68843,0,0,0
26.8837,5,-3.00026,-0.0442824,2.05998,3.1641e-15,4.51424e-17,5.37691e-08,3.63965,0,0,0
27.0074,0,-0.000259725,-0.0442824,2.05999,0,0,2.12216e-08,2.06046,0,0,0
27.0074,1,2.99974,-0.0442824,2.05998,9.94402e-16,-3.85314e-17,8.75624e-08,3.63922,0,0,0
27.0074,2,2.99974,2.95572,2.05998,-1.30538e-24,4.04321e-25,-3.42502e-08,4.6881,0,0,0
27.0074,3,-0.000259725,2.95572,2.05998,1.83752e-17,3.48265e-15,-6.63125e-08,3.60275,0,0,0
27.0074,4,-3.00026,2.95572,2.05998,-1.05574e-24,-2.82303e-25,7.64376e-09,4.68843,0,0,0
27.0074,5,-3.00026,-0.0442824,2.05998,3.1641e-15,4.51424e-17,5.8498e-08,3.63965,0,0,0
27.1386,0,-0.000259725,-0.0442824,2.05999,0,0,2.4602e-08,2.06046,0,0,0
27.1386,1,2.99974,-0.0442824,2.05998,1.00966e-15,-1.3928e-17,9.21241e-08,3.63922,0,0,0
27.1386,2,2.99974,2.95572,2.05998,-1.53651e-24,-5.1608e-25,-3.47752e-08,4.6881,0,0,0
27.1386,3,-0.000259725,2.95572,2.05998,2.29263e-17,3.48439e-15,-8.74542e-08,3.60275,0,0,0
27.1386,4,-3.00026,2.95572,2.05998,-1.25702e-24,-4.58911e-25,8.45099e-09,4.68843,0,0,0
27.1386,5,-3.00026,-0.0442824,2.05998,3.15381e-15,5.02171e-17,6.32885e-08,3.63965,0,0,0
27.2618,0,-0.000259725,-0.0442824,2.05999,0,0,2.91921e-08,2.06046,0,0,0
27.2618,1,2.99974,-0.0442824,2.05998,1.01549e-15,2.23688e-18,9.66716e-08,3.63922,0,0,0
27.2618,2,2.99974,2.95572,2.05998,-1.18573e-24,5.75255e-25,-3.48073e-08,4.6881,0,0,0
27.2618,3,-0.000259725,2.95572,2.05998,2.75628e-17,3.48628e-15,-9.10734e-08,3.60275,0,0,0
27.2618,4,-3.00026,2.95572,2.05998,-1.25349e-24,-3.05017e-25,1.23882e-08,4.68843,0,0,0
27.2618,5,-3.00026,-0.0442824,2.05998,3.14762e-15,4.40295e-17,6.81374e-08,3.63965,0,0,0
27.3873,0,-0.000259725,-0.0442824,2.05999,0,0,3.29201e-08,2.06046,0,0,0
27.3873,1,2.99974,-0.0442824,2.05998,1.02984e-15,2.05787e-18,1.01129e-07,3.63922,0,0,0
27.3873,2,2.99974,2.95572,2.05998,-8.23615e-25,1.09042e-24,-3.43931e-08,4.6881,0,0,0
27.3873,3,-0.000259725,2.95572,2.05998,3.10282e-17,3.48829e-15,-1.00219e-07,3.60275,0,0,0
27.3873,4,-3.00026,2.95572,2.05998,-1.85901e-26,-3.71803e-26,1.37793e-08,4.68843,0,0,0
27.3873,5,-3.00026,-0.0442824,2.05998,3.15111e-15,2.93422e-17,7.30419e-08,3.63965,0,0,0
27.513,0,-0.000259725,-0.0442824,2.05999,0,0,3.63262e-08,2.06046,0,0,0
27.513,1,2.99974,-0.0442824,2.05998,1.03712e-15,2.06699e-17,1.05698e-07,3.63922,0,0,0
27.513,2,2.99974,2.95572,2.05998,-6.00468e-25,1.15562e-24,-3.35907e-08,4.6881,0,0,0
27.513,3,-0.000259725,2.95572,2.05998,3.14481e-17,3.4906e-15,-1.09301e-07,3.60275,0,0,0
27.513,4,-3.00026,2.95572,2.05998,7.44033e-25,-2.53178e-25,1.53192e-08,4.68843,0,0,0
27.513,5,-3.00026,-0.0442824,2.05998,3.13461e-15,2.62321e-17,7.79996e-08,3.63965,0,0,0
27.6386,0,-0.000259725,-0.0442824,2.05999,0,0,3.89249e-08,2.06046,0,0,0
27.6386,1,2.99974,-0.0442824,2.05998,1.05119e-15,2.12052e-17,1.10319e-07,3.63922,0,0,0
27.6386,2,2.99974,2.95572,2.05998,1.48947e-24,3.19173e-25,4.50621e-08,4.6881,0,0,0
27.6386,3,-0.000259725,2.95572,2.05998,2.77408e-17,3.49349e-15,-1.13397e-07,3.60275,0,0,0
27.6386,4,-3.00026,2.95572,2.05998,6.56568e-25,-9.40021e-25,1.7151e-08,4.68843,0,0,0
27.6386,5,-3.00026,-0.0442824,2.05998,3.13855e-15,1.00138e-17,8.30082e-08,3.63965,0,0,0
27.7609,0,-0.000259725,-0.0442824,2.05999,0,0,4.42007e-08,2.06046,0,0,0
27.7609,1,2.99974,-0.0442824,2.05998,1.06527e-15,2.17405e-17,1.14984e-07,3.63922,0,0,0
27.7609,2,2.99974,2.95572,2.05998,1.48947e-24,3.19173e-25,4.50621e-08,4.6881,0,0,0
27.7609,3,-0.000259725,2.95572,2.05998,2.1166e-17,3.49657e-15,-8.86301e-08,3.60275,0,0,0
27.7609,4,-3.00026,2.95572,2.05998,5.1326e-25,-1.05251e-24,1.92626e-08,4.68843,0,0,0
27.7609,5,-3.00026,-0.0442824,2.05998,3.12585e-15,3.01016e-18,8.80657e-08,3.63965,0,0,0
27.889,0,-0.000259725,-0.0442824,2.05999,0,0,4.7266e-08,2.06046,0,0,0
27.889,1,2.99974,-0.0442824,2.05998,1.08005e-15,4.88432e-17,1.19692e-07,3.63922,0,0,0
27.889,2,2.99974,2.95572,2.05998,1.96834e-24,4.95601e-24,1.04212e-07,4.6881,0,0,0
27.889,3,-0.000259725,2.95572,2.05998,1.1824e-17,3.49985e-15,-2.56e-08,3.60275,0,0,0
27.889,4,-3.00026,2.95572,2.05998,1.82351e-25,-8.89872e-25,2.16259e-08,4.68843,0,0,0
27.889,5,-3.00026,-0.0442824,2.05998,3.1297e-15,-1.42871e-17,9.31703e-08,3.63965,0,0,0
28.0138,0,-0.000259725,-0.0442824,2.05999,0,0,5.25922e-08,2.06046,0,0,0
28.0138,1,2.99974,-0.0442824,2.05998,1.09413e-15,5.03751e-17,1.21683e-07,3.63922,0,0,0
28.0138,2,2.99974,2.95572,2.05998,6.79257e-25,5.55597e-24,1.03277e-07,4.6881,0,0,0
28.0138,3,-0.000259725,2.95572,2.05998,1.49656e-18,3.5032e-15,1.53194e-08,3.60275,0,0,0
28.0138,4,-3.00026,2.95572,2.05998,-2.45038e-25,-5.5542e-25,2.42169e-08,4.68843,0,0,0
28.0138,5,-3.00026,-0.0442824,2.05998,3.1297e-15,-1.42871e-17,9.83205e-08,3.63965,0,0,0
28.1381,0,-0.000259725,-0.0442824,2.05999,0,0,5.72775e-08,2.06046,0,0,0
28.1381,1,2.99974,-0.0442824,2.05998,1.10821e-15,5.1907e-17,1.25862e-07,3.63922,0,0,0
28.1381,2,2.99974,2.95572,2.05998,3.05816e-25,2.83671e-24,6.25313e-08,4.6881,0,0,0
28.1381,3,-0.000259725,2.95572,2.05998,-7.23982e-18,3.50617e-15,4.35256e-08,3.60275,0,0,0
28.1381,4,-3.00026,2.95572,2.05998,-1.13898e-25,6.05936e-25,2.70154e-08,4.68843,0,0,0
28.1381,5,-3.00026,-0.0442824,2.05998,3.11038e-15,-2.41882e-17,1.03515e-07,3.63965,0,0,0
28.262,0,-0.000259725,-0.0442824,2.05999,0,0,6.08897e-08,2.06046,0,0,0
28.262,1,2.99974,-0.0442824,2.05998,1.12299e-15,8.00064e-17,1.2883e-07,3.63922,0,0,0
28.262,2,2.99974,2.95572,2.05998,3.79845e-25,1.58544e-24,4.89648e-08,4.6881,0,0,0
28.262,3,-0.000259725,2.95572,2.05998,-1.27682e-17,3.50869e-15,7.17746e-08,3.60275,0,0,0
28.262,4,-3.00026,2.95572,2.05998,1.16375e-25,8.14626e-25,3.00032e-08,4.68843,0,0,0
28.262,5,-3.00026,-0.0442824,2.05998,3.11437e-15,-4.2341e-17,1.08752e-07,3.63965,0,0,0
28.388,0,-0.000259725,-0.0442824,2.05999,0,0,6.50039e-08,2.06046,0,0,0
28.388,1,2.99974,-0.0442824,2.05998,1.1458e-15,6.54009e-17,1.3406e-07,3.63922,0,0,0
28.388,2,2.99974,2.95572,2.05998,8.3935e-25,3.69883e-25,4.21791e-08,4.6881,0,0,0
28.388,3,-0.000259725,2.95572,2.05998,-1.45127e-17,3.51056e-15,1.00494e-07,3.60275,0,0,0
28.388,4,-3.00026,2.95572,2.05998,1.7282e-24,3.74723e-25,3.31643e-08,4.68843,0,0,0
28.388,5,-3.00026,-0.0442824,2.05998,3.09815e-15,-5.48375e-17,1.14031e-07,3.63965,0,0,0
28.5146,0,-0.000259725,-0.0442824,2.05999,0,0,6.92441e-08,2.06046,0,0,0
28.5146,1,2.99974,-0.0442824,2.05998,1.16576e-15,7.28071e-17,1.39479e-07,3.63922,0,0,0
28.5146,2,2.99974,2.95572,2.05998,1.44855e-25,-3.8189e-25,3.90432e-08,4.6881,0,0,0
28.5146,3,-0.000259725,2.95572,2.05998,-1.2934e-17,3.51195e-15,1.23165e-07,3.60275,0,0,0
28.5146,4,-3.00026,2.95572,2.05998,1.63048e-24,3.38401e-25,3.64842e-08,4.68843,0,0,0
28.5146,5,-3.00026,-0.0442824,2.05998,3.1004e-15,-7.57218e-17,1.1935e-07,3.63965,0,0,0
28.6373,0,-0.000259725,-0.0442824,2.05999,0,0,7.14523e-08,2.06046,0,0,0
28.6373,1,2.99974,-0.0442824,2.05998,1.18038e-15,7.48822e-17,1.44874e-07,3.63922,0,0,0
28.6373,2,2.99974,2.95572,2.05998,-2.87911e-25,-5.38269e-25,3.71139e-08,4.6881,0,0,0
28.6373,3,-0.000259725,2.95572,2.05998,-8.54454e-18,3.51302e-15,1.21344e-07,3.60275,0,0,0
28.6373,4,-3.00026,2.95572,2.05998,-2.96437e-25,-2.1559e-25,3.99498e-08,4.68843,0,0,0
28.6373,5,-3.00026,-0.0442824,2.05998,3.1004e-15,-7.57218e-17,1.24709e-07,3.63965,0,0,0
28.7631,0,-0.000259725,-0.0442824,2.05999,0,0,7.42876e-08,2.06046,0,0,0
28.7631,1,2.99974,-0.0442824,2.05998,1.195e-15,7.69573e-17,1.49726e-07,3.63922,0,0,0
28.7631,2,2.99974,2.95572,2.05998,-3.71644e-25,-4.89006e-25,3.86624e-08,4.6881,0,0,0
28.7631,3,-0.000259725,2.95572,2.05998,-2.51923e-18,3.51387e-15,7.82309e-08,3.60275,0,0,0
28.7631,4,-3.00026,2.95572,2.05998,-2.1225e-24,-2.71738e-25,4.35497e-08,4.68843,0,0,0
28.7631,5,-3.00026,-0.0442824,2.05998,3.08117e-15,-6.26373e-17,1.30107e-07,3.63965,0,0,0
28.8875,0,-0.000259725,-0.0442824,2.05999,0,0,8.11458e-08,2.06046,0,0,0
28.8875,1,2.99974,-0.0442824,2.05998,1.21177e-15,8.01825e-17,1.55641e-07,3.63922,0,0,0
28.8875,2,2.99974,2.95572,2.05998,-3.01022e-25,-6.40472e-27,3.79783e-08,4.6881,0,0,0
28.8875,3,-0.000259725,2.95572,2.05998,3.67547e-18,3.51482e-15,4.56665e-08,3.60275,0,0,0
28.8875,4,-3.00026,2.95572,2.05998,-1.75389e-24,1.64228e-24,4.72732e-08,4.68843,0,0,0
28.8875,5,-3.00026,-0.0442824,2.05998,3.07581e-15,-6.4267e-17,1.35543e-07,3.63965,0,0,0
29.0121,0,-0.000259725,-0.0442824,2.05999,0,0,8.37615e-08,2.06046,0,0,0
29.0121,1,2.99974,-0.0442824,2.05998,1.23532e-15,6.53312e-17,1.61019e-07,3.63922,0,0,0
29.0121,2,2.99974,2.95572,2.05998,3.68136e-25,1.81341e-24,4.0425e-08,4.6881,0,0,0
29.0121,3,-0.000259725,2.95572,2.05998,8.52956e-18,3.51596e-15,2.34745e-08,3.60275,0,0,0
29.0121,4,-3.00026,2.95572,2.05998,-2.48241e-24,2.06867e-24,5.11112e-08,4.68843,0,0,0
29.0121,5,-3.00026,-0.0442824,2.05998,3.07046e-15,-6.58967e-17,1.41017e-07,3.63965,0,0,0
29.1382,0,-0.000259725,-0.0442824,2.05999,0,0,9.04743e-08,2.06046,0,0,0
29.1382,1,2.99974,-0.0442824,2.05998,1.24328e-15,8.56133e-17,1.664e-07,3.63922,0,0,0
29.1382,2,2.99974,2.95572,2.05998,1.23039e-24,1.72255e-24,4.05329e-08,4.6881,0,0,0
29.1382,3,-0.000259725,2.95572,2.05998,1.15652e-17,3.5177e-15,8.42721e-09,3.60275,0,0,0
29.1382,4,-3.00026,2.95572,2.05998,-2.82251e-24,2.00547e-24,5.50551e-08,4.68843,0,0,0
29.1382,5,-3.00026,-0.0442824,2.05998,3.07046e-15,-6.58967e-17,1.46527e-07,3.63965,0,0,0
29.2658,0,-0.000259725,-0.0442824,2.05999,0,0,9.36589e-08,2.06046,0,0,0
29.2658,1,2.99974,-0.0442824,2.05998,1.2669e-15,7.08275e-17,1.72008e-07,3.63922,0,0,0
29.2658,2,2.99974,2.95572,2.05998,1.40227e-24,-1.47726e-24,4.44658e-08,4.6881,0,0,0
29.2658,3,-0.000259725,2.95572,2.05998,1.44591e-17,3.5196e-15,-2.37229e-09,3.60275,0,0,0
29.2658,4,-3.00026,2.95572,2.05998,-2.50154e-24,1.70424e-24,5.90975e-08,4.68843,0,0,0
29.2658,5,-3.00026,-0.0442824,2.05998,3.05976e-15,-6.91561e-17,1.52076e-07,3.63965,0,0,0
29.3936,0,-0.000259725,-0.0442824,2.05999,0,0,9.98085e-08,2.06046,0,0,0
29.3936,1,2.99974,-0.0442824,2.05998,1.282e-15,7.23843e-17,1.77505e-07,3.63922,0,0,0
29.3936,2,2.99974,2.95572,2.05998,1.40227e-24,-1.47726e-24,4.44658e-08,4.6881,0,0,0
29.3936,3,-0.000259725,2.95572,2.05998,1.70928e-17,3.52154e-15,-1.4099e-08,3.60275,0,0,0
29.3936,4,-3.00026,2.95572,2.05998,-3.51894e-25,1.52488e-24,6.32316e-08,4.68843,0,0,0
29.3936,5,-3.00026,-0.0442824,2.05998,3.06509e-15,-6.38242e-17,1.56662e-07,3.63965,0,0,0
29.5185,0,-0.000259725,-0.0442824,2.05999,0,0,1.06073e-07,2.06046,0,0,0
29.5185,1,2.99974,-0.0442824,2.05998,1.30596e-15,5.69496e-17,1.82751e-07,3.63922,0,0,0
29.5185,2,2.99974,2.95572,2.05998,5.90947e-25,1.91866e-25,4.55086e-08,4.6881,0,0,0
29.5185,3,-0.000259725,2.95572,2.05998,1.89866e-17,3.52368e-15,-2.70127e-08,3.60275,0,0,0
29.5185,4,-3.00026,2.95572,2.05998,2.07027e-24,3.59453e-24,6.74513e-08,4.68843,0,0,0
29.5185,5,-3.00026,-0.0442824,2.05998,3.05096e-15,-4.83697e-17,1.62126e-07,3.63965,0,0,0
29.6442,0,-0.000259725,-0.0442824,2.05999,0,0,1.07331e-07,2.06046,0,0,0
29.6442,1,2.99974,-0.0442824,2.05998,1.3214e-15,5.78574e-17,1.88138e-07,3.63922,0,0,0
29.6442,2,2.99974,2.95572,2.05998,-4.5115e-25,1.7017e-24,4.69333e-08,4.6881,0,0,0
29.6442,3,-0.000259725,2.95572,2.05998,1.99433e-17,3.52606e-15,-3.57777e-08,3.60275,0,0,0
29.6442,4,-3.00026,2.95572,2.05998,1.71823e-24,5.59031e-24,7.17513e-08,4.68843,0,0,0
29.6442,5,-3.00026,-0.0442824,2.05998,3.03996e-15,-4.9938e-17,1.68364e-07,3.63965,0,0,0
29.769,0,-0.000259725,-0.0442824,2.05999,0,0,1.15424e-07,2.06046,0,0,0
29.769,1,2.99974,-0.0442824,2.05998,1.33684e-15,5.87652e-17,1.93558e-07,3.63922,0,0,0
29.769,2,2.99974,2.95572,2.05998,-1.74201e-24,-4.43721e-25,4.8725e-08,4.6881,0,0,0
29.769,3,-0.000259725,2.95572,2.05998,1.99807e-17,3.52853e-15,-4.27883e-08,3.60275,0,0,0
29.769,4,-3.00026,2.95572,2.05998,1.6176e-24,6.65013e-24,7.61266e-08,4.68843,0,0,0
29.769,5,-3.00026,-0.0442824,2.05998,3.03447e-15,-5.07222e-17,1.7414e-07,3.63965,0,0,0
29.8937,0,-0.000259725,-0.0442824,2.05999,0,0,1.18529e-07,2.06046,0,0,0
29.8937,1,2.99974,-0.0442824,2.05998,1.35228e-15,5.96731e-17,1.98998e-07,3.63922,0,0,0
29.8937,2,2.99974,2.95572,2.05998,-2.00652e-24,-1.26908e-24,5.08469e-08,4.6881,0,0,0
29.8937,3,-0.000259725,2.95572,2.05998,1.90174e-17,3.53106e-15,-4.86974e-08,3.60275,0,0,0
29.8937,4,-3.00026,2.95572,2.05998,2.10613e-24,5.0683e-24,8.05729e-08,4.68843,0,0,0
29.8937,5,-3.00026,-0.0442824,2.05998,3.02897e-15,-5.15064e-17,1.79909e-07,3.63965,0,0,0
30.0234,0,-0.000259725,-0.0442824,2.05999,0,0,1.22752e-07,2.06046,0,0,0
30.0234,1,2.99974,-0.0442824,2.05998,1.36772e-15,6.05809e-17,2.0449e-07,3.63922,0,0,0
30.0234,2,2.99974,2.95572,2.05998,-6.70042e-25,-2.6896e-24,5.59602e-08,4.6881,0,0,0
30.0234,3,-0.000259725,2.95572,2.05998,1.62781e-17,3.53372e-15,-5.39409e-08,3.60275,0,0,0
30.0234,4,-3.00026,2.95572,2.05998,1.96582e-24,7.89198e-25,8.50862e-08,4.68843,0,0,0
30.0234,5,-3.00026,-0.0442824,2.05998,3.02347e-15,-5.22905e-17,1.85706e-07,3.63965,0,0,0
30.1439,0,-0.000259725,-0.0442824,2.05999,0,0,1.32103e-07,2.06046,0,0,0
30.1439,1,2.99974,-0.0442824,2.05998,1.38316e-15,6.14888e-17,1.86399e-07,3.63922,0,0,0
30.1439,2,2.99974,2.95572,2.05998,-6.70042e-25,-2.6896e-24,5.59602e-08,4.6881,0,0,0
30.1439,3,-0.000259725,2.95572,2.05998,1.17236e-17,3.53653e-15,-5.37905e-08,3.60275,0,0,0
30.1439,4,-3.00026,2.95572,2.05998,7.56045e-25,-5.02014e-24,8.9663e-08,4.68843,0,0,0
30.1439,5,-3.00026,-0.0442824,2.05998,3.01797e-15,-5.30747e-17,1.91533e-07,3.63965,0,0,0
30.271,0,-0.000259725,-0.0442824,2.05999,0,0,1.34251e-07,2.06046,0,0,0
30.271,1,2.99974,-0.0442824,2.05998,1.3986e-15,6.23966e-17,1.23225e-07,3.63922,0,0,0
30.271,2,2.99974,2.95572,2.05998,-8.0457e-25,-3.32754e-24,5.88999e-08,4.6881,0,0,0
30.271,3,-0.000259725,2.95572,2.05998,6.21501e-18,3.53983e-15,-6.02421e-08,3.60275,0,0,0
30.271,4,-3.00026,2.95572,2.05998,5.56603e-25,-9.01696e-24,9.43003e-08,4.68843,0,0,0
30.271,5,-3.00026,-0.0442824,2.05998,3.01797e-15,-5.30747e-17,1.97391e-07,3.63965,0,0,0
30.3929,0,-0.000259725,-0.0442824,2.05999,0,0,1.41979e-07,2.06046,0,0,0
30.3929,1,2.99974,-0.0442824,2.05998,1.41403e-15,6.33045e-17,7.89574e-08,3.63922,0,0,0
30.3929,2,2.99974,2.95572,2.05998,-9.94279e-25,-2.08689e-24,6.47892e-08,4.6881,0,0,0
30.3929,3,-0.000259725,2.95572,2.05998,1.98428e-19,3.54229e-15,-5.92966e-08,3.60275,0,0,0
30.3929,4,-3.00026,2.95572,2.05998,-2.83809e-25,-8.09691e-24,9.8995e-08,4.68843,0,0,0
30.3929,5,-3.00026,-0.0442824,2.05998,3.00697e-15,-5.4643e-17,2.03278e-07,3.63965,0,0,0
30.5189,0,-0.000259725,-0.0442824,2.05999,0,0,1.44804e-07,2.06046,0,0,0
30.5189,1,2.99974,-0.0442824,2.05998,1.43192e-15,4.08001e-17,4.86191e-08,3.63922,0,0,0
30.5189,2,2.99974,2.95572,2.05998,-1.15898e-24,-5.62278e-25,6.80441e-08,4.6881,0,0,0
30.5189,3,-0.000259725,2.95572,2.05998,-4.81521e-18,3.54478e-15,-5.79756e-08,3.60275,0,0,0
30.5189,4,-3.00026,2.95572,2.05998,3.84905e-25,-6.12348e-24,1.03745e-07,4.68843,0,0,0
30.5189,5,-3.00026,-0.0442824,2.05998,3.00147e-15,-5.54271e-17,2.09195e-07,3.63965,0,0,0
30.6425,0,-0.000259725,-0.0442824,2.05999,0,0,1.52437e-07,2.06046,0,0,0
30.6425,1,2.99974,-0.0442824,2.05998,1.45634e-15,2.38343e-17,2.43256e-08,3.63922,0,0,0
30.6425,2,2.99974,2.95572,2.05998,-1.33562e-24,-1.11903e-24,7.13503e-08,4.6881,0,0,0
30.6425,3,-0.000259725,2.95572,2.05998,-9.08081e-18,3.54701e-15,-3.12305e-08,3.60275,0,0,0
30.6425,4,-3.00026,2.95572,2.05998,2.45295e-24,-6.99273e-24,1.08547e-07,4.68843,0,0,0
30.6425,5,-3.00026,-0.0442824,2.05998,3.00766e-15,-4.9239e-17,2.15143e-07,3.63965,0,0,0
30.7755,0,-0.000259725,-0.0442824,2.05999,0,0,1.58942e-07,2.06046,0,0,0
30.7755,1,2.99974,-0.0442824,2.05998,1.47223e-15,2.32111e-17,3.50361e-09,3.63922,0,0,0
30.7755,2,2.99974,2.95572,2.05998,-1.5271e-24,-2.05717e-24,7.48373e-08,4.6881,0,0,0
30.7755,3,-0.000259725,2.95572,2.05998,-1.27621e-17,3.54897e-15,3.83575e-08,3.60275,0,0,0
30.7755,4,-3.00026,2.95572,2.05998,3.97779e-24,-5.01049e-24,1.134e-07,4.68843,0,0,0
30.7755,5,-3.00026,-0.0442824,2.05998,2.99353e-15,-3.2797e-17,2.21121e-07,3.63965,0,0,0
30.8991,0,-0.000259725,-0.0442824,2.05999,0,0,1.57834e-07,2.06046,0,0,0
30.8991,1,2.99974,-0.0442824,2.05998,1.48741e-15,-3.97955e-18,-1.33234e-08,3.63922,0,0,0
30.8991,2,2.99974,2.95572,2.05998,-1.45644e-24,-1.29755e-24,7.85117e-08,4.6881,0,0,0
30.8991,3,-0.000259725,2.95572,2.05998,-1.6103e-17,3.55078e-15,8.63731e-08,3.60275,0,0,0
30.8991,4,-3.00026,2.95572,2.05998,1.07734e-24,-5.7857e-24,1.18302e-07,4.68843,0,0,0
30.8991,5,-3.00026,-0.0442824,2.05998,2.98792e-15,-3.26989e-17,2.27129e-07,3.63965,0,0,0
31.0257,0,-0.000259725,-0.0442824,2.05999,0,0,1.66956e-07,2.06046,0,0,0
31.0257,1,2.99974,-0.0442824,2.05998,1.50993e-15,-2.48334e-17,-3.04226e-08,3.63922,0,0,0
31.0257,2,2.99974,2.95572,2.05998,-1.24997e-24,8.05536e-25,8.23555e-08,4.6881,0,0,0
31.0257,3,-0.000259725,2.95572,2.05998,-1.91209e-17,3.5524e-15,1.17763e-07,3.60275,0,0,0
31.0257,4,-3.00026,2.95572,2.05998,-4.36492e-25,-6.17324e-24,1.23251e-07,4.68843,0,0,0
31.0257,5,-3.00026,-0.0442824,2.05998,2.98607e-15,-2.88432e-17,2.33213e-07,3.63965,0,0,0
31.1501,0,-0.000259725,-0.0442824,2.05999,0,0,1.70555e-07,2.06046,0,0,0
31.1501,1,2.99974,-0.0442824,2.05998,1.53346e-15,-4.56533e-17,-4.33806e-08,3.63922,0,0,0
31.1501,2,2.99974,2.95572,2.05998,-6.26201e-25,5.1698e-24,8.63537e-08,4.6881,0,0,0
31.1501,3,-0.000259725,2.95572,2.05998,-2.17649e-17,3.55386e-15,1.14839e-07,3.60275,0,0,0
31.1501,4,-3.00026,2.95572,2.05998,4.32553e-26,-5.45017e-24,1.28246e-07,4.68843,0,0,0
31.1501,5,-3.00026,-0.0442824,2.05998,2.97173e-15,-1.1612e-17,1.97599e-07,3.63965,0,0,0
31.2844,0,-0.000259725,-0.0442824,2.05999,0,0,1.78525e-07,2.06046,0,0,0
31.2844,1,2.99974,-0.0442824,2.05998,1.55878e-15,-6.56917e-17,-5.63983e-08,3.63922,0,0,0
31.2844,2,2.99974,2.95572,2.05998,1.58714e-24,4.63934e-24,9.04936e-08,4.6881,0,0,0
31.2844,3,-0.000259725,2.95572,2.05998,-2.41015e-17,3.55527e-15,6.78074e-08,3.60275,0,0,0
31.2844,4,-3.00026,2.95572,2.05998,5.61937e-24,-4.4955e-24,1.33286e-07,4.68843,0,0,0
31.2844,5,-3.00026,-0.0442824,2.05998,2.96012e-15,-9.83473e-18,1.40051e-07,3.63965,0,0,0
31.4064,0,-0.000259725,-0.0442824,2.05999,0,0,1.81016e-07,2.06046,0,0,0
31.4064,1,2.99974,-0.0442824,2.05998,1.57556e-15,-6.9393e-17,-6.96735e-08,3.63922,0,0,0
31.4064,2,2.99974,2.95572,2.05998,1.18261e-24,1.98166e-24,9.47641e-08,4.6881,0,0,0
31.4064,3,-0.000259725,2.95572,2.05998,-2.55793e-17,3.55656e-15,4.74442e-08,3.60275,0,0,0
31.4064,4,-3.00026,2.95572,2.05998,7.86378e-24,-5.36697e-25,1.38368e-07,4.68843,0,0,0
31.4064,5,-3.00026,-0.0442824,2.05998,2.96012e-15,-9.83473e-18,1.00999e-07,3.63965,0,0,0
31.5329,0,-0.000259725,-0.0442824,2.05999,0,0,1.89417e-07,2.06046,0,0,0
31.5329,1,2.99974,-0.0442824,2.05998,1.58771e-15,-7.7718e-17,-7.84203e-08,3.63922,0,0,0
31.5329,2,2.99974,2.95572,2.05998,1.51521e-24,3.16363e-25,9.87343e-08,4.6881,0,0,0
31.5329,3,-0.000259725,2.95572,2.05998,-2.49665e-17,3.5575e-15,3.84486e-08,3.60275,0,0,0
31.5329,4,-3.00026,2.95572,2.05998,6.42252e-24,1.65895e-25,1.40531e-07,4.68843,0,0,0
31.5329,5,-3.00026,-0.0442824,2.05998,2.95431e-15,-8.9461e-18,7.33574e-08,3.63965,0,0,0
31.6568,0,-0.000259725,-0.0442824,2.05999,0,0,1.9646e-07,2.06046,0,0,0
31.6568,1,2.99974,-0.0442824,2.05998,1.60432e-15,-8.15873e-17,-8.57835e-08,3.63922,0,0,0
31.6568,2,2.99974,2.95572,2.05998,9.86096e-25,-8.45225e-25,1.04416e-07,4.6881,0,0,0
31.6568,3,-0.000259725,2.95572,2.05998,-2.19746e-17,3.5583e-15,3.03172e-08,3.60275,0,0,0
31.6568,4,-3.00026,2.95572,2.05998,5.9919e-24,5.40253e-25,1.45616e-07,4.68843,0,0,0
31.6568,5,-3.00026,-0.0442824,2.05998,2.94269e-15,-7.16883e-18,5.08857e-08,3.63965,0,0,0
31.783,0,-0.000259725,-0.0442824,2.05999,0,0,1.95186e-07,2.06046,0,0,0
31.783,1,2.99974,-0.0442824,2.05998,1.61207e-15,-6.84667e-17,-9.1913e-08,3.63922,0,0,0
31.783,2,2.99974,2.95572,2.05998,-4.41202e-25,-1.61774e-24,1.09009e-07,4.6881,0,0,0
31.783,3,-0.000259725,2.95572,2.05998,-1.62984e-17,3.55897e-15,2.4347e-08,3.60275,0,0,0
31.783,4,-3.00026,2.95572,2.05998,8.64908e-24,-3.31676e-25,1.51288e-07,4.68843,0,0,0
31.783,5,-3.00026,-0.0442824,2.05998,2.94269e-15,-7.16883e-18,3.1632e-08,3.63965,0,0,0
31.9051,0,-0.000259725,-0.0442824,2.05999,0,0,2.04943e-07,2.06046,0,0,0
31.9051,1,2.99974,-0.0442824,2.05998,1.62834e-15,-7.16871e-17,-9.70027e-08,3.63922,0,0,0
31.9051,2,2.99974,2.95572,2.05998,1.33156e-25,-2.14952e-24,1.12797e-07,4.6881,0,0,0
31.9051,3,-0.000259725,2.95572,2.05998,-7.51597e-18,3.55941e-15,1.94115e-08,3.60275,0,0,0
31.9051,4,-3.00026,2.95572,2.05998,7.80383e-24,-7.14249e-25,1.56863e-07,4.68843,0,0,0
31.9051,5,-3.00026,-0.0442824,2.05998,2.93688e-15,-6.2802e-18,1.49506e-08,3.63965,0,0,0
32.0357,0,-0.000259725,-0.0442824,2.05999,0,0,2.08233e-07,2.06046,0,0,0
32.0357,1,2.99974,-0.0442824,2.05998,1.63503e-15,-8.44832e-17,-1.01183e-07,3.63922,0,0,0
32.0357,2,2.99974,2.95572,2.05998,2.85444e-24,-2.45522e-24,1.18364e-07,4.6881,0,0,0
32.0357,3,-0.000259725,2.95572,2.05998,3.29855e-18,3.55986e-15,1.53113e-08,3.60275,0,0,0
32.0357,4,-3.00026,2.95572,2.05998,-6.545e-24,6.29854e-25,1.62386e-07,4.68843,0,0,0
32.0357,5,-3.00026,-0.0442824,2.05998,2.93107e-15,-5.39156e-18,5.14808e-10,3.63965,0,0,0
32.1686,0,-0.000259725,-0.0442824,2.05999,0,0,1.99172e-07,2.06046,0,0,0
32.1686,1,2.99974,-0.0442824,2.05998,1.64208e-15,-7.10591e-17,-7.3632e-08,3.63922,0,0,0
32.1686,2,2.99974,2.95572,2.05998,8.10982e-25,-2.76566e-24,1.23305e-07,4.6881,0,0,0
32.1686,3,-0.000259725,2.95572,2.05998,1.50676e-17,3.5606e-15,1.18756e-08,3.60275,0,0,0
32.1686,4,-3.00026,2.95572,2.05998,-1.31959e-23,1.75567e-24,1.67914e-07,4.68843,0,0,0
32.1686,5,-3.00026,-0.0442824,2.05998,2.92526e-15,-4.50293e-18,-1.19186e-08,3.63965,0,0,0
32.2963,0,-0.000259725,-0.0442824,2.05999,0,0,1.40553e-07,2.06046,0,0,0
32.2963,1,2.99974,-0.0442824,2.05998,1.65376e-15,-7.78779e-17,-1.22097e-08,3.63922,0,0,0
32.2963,2,2.99974,2.95572,2.05998,1.12346e-24,4.4274e-35,1.28112e-07,4.6881,0,0,0
32.2963,3,-0.000259725,2.95572,2.05998,2.68957e-17,3.56171e-15,9.54869e-09,3.60275,0,0,0
32.2963,4,-3.00026,2.95572,2.05998,-6.49405e-24,3.5688e-24,1.73459e-07,4.68843,0,0,0
32.2963,5,-3.00026,-0.0442824,2.05998,2.91364e-15,-2.72566e-18,-2.25588e-08,3.63965,0,0,0
32.4177,0,-0.000259725,-0.0442824,2.05999,0,0,8.99604e-08,2.06046,0,0,0
32.4177,1,2.99974,-0.0442824,2.05998,1.66033e-15,-6.39467e-17,3.56253e-08,3.63922,0,0,0
32.4177,2,2.99974,2.95572,2.05998,2.6031e-24,3.45584e-24,1.33067e-07,4.6881,0,0,0
32.4177,3,-0.000259725,2.95572,2.05998,3.83982e-17,3.56327e-15,8.64671e-09,3.60275,0,0,0
32.4177,4,-3.00026,2.95572,2.05998,3.44174e-24,5.49471e-24,1.79023e-07,4.68843,0,0,0
32.4177,5,-3.00026,-0.0442824,2.05998,2.91983e-15,3.463e-18,-3.15912e-08,3.63965,0,0,0
32.5435,0,-0.000259725,-0.0442824,2.05999,0,0,5.85708e-08,2.06046,0,0,0
32.5435,1,2.99974,-0.0442824,2.05998,1.68249e-15,-8.51496e-17,7.00366e-08,3.63922,0,0,0
32.5435,2,2.99974,2.95572,2.05998,6.98755e-26,1.65372e-24,1.38114e-07,4.6881,0,0,0
32.5435,3,-0.000259725,2.95572,2.05998,4.89477e-17,3.56528e-15,7.84712e-09,3.60275,0,0,0
32.5435,4,-3.00026,2.95572,2.05998,9.651e-25,7.6274e-24,1.84606e-07,4.68843,0,0,0
32.5435,5,-3.00026,-0.0442824,2.05998,2.90538e-15,2.15763e-17,-3.91818e-08,3.63965,0,0,0
32.7077,0,-0.000259725,-0.0442824,2.05999,0,0,3.76732e-08,2.06046,0,0,0
32.7077,1,2.99974,-0.0442824,2.05998,1.689e-15,-7.12839e-17,9.90193e-08,3.63922,0,0,0
32.7077,2,2.99974,2.95572,2.05998,-9.66239e-25,-2.75378e-24,1.43239e-07,4.6881,0,0,0
32.7077,3,-0.000259725,2.95572,2.05998,5.82516e-17,3.56794e-15,7.07961e-09,3.60275,0,0,0
32.7077,4,-3.00026,2.95572,2.05998,2.27749e-24,1.2863e-23,1.9021e-07,4.68843,0,0,0
32.7077,5,-3.00026,-0.0442824,2.05998,2.89946e-15,2.3347e-17,-4.54792e-08,3.63965,0,0,0
32.8363,0,-0.000259725,-0.0442824,2.05999,0,0,1.05437e-08,2.06046,0,0,0
32.8363,1,2.99974,-0.0442824,2.05998,1.6953e-15,-5.66267e-17,1.13742e-07,3.63922,0,0,0
32.8363,2,2.99974,2.95572,2.05998,-1.32646e-24,-2.75303e-25,1.48407e-07,4.6881,0,0,0
32.8363,3,-0.000259725,2.95572,2.05998,6.49129e-17,3.57175e-15,7.4093e-09,3.60275,0,0,0
32.8363,4,-3.00026,2.95572,2.05998,9.51155e-24,1.79663e-23,1.95837e-07,4.68843,0,0,0
32.8363,5,-3.00026,-0.0442824,2.05998,2.89225e-15,3.15098e-17,-5.05581e-08,3.63965,0,0,0
32.9699,0,-0.000259725,-0.0442824,2.05999,0,0,-5.91051e-09,2.06046,0,0,0
32.9699,1,2.99974,-0.0442824,2.05998,1.70999e-15,-5.84498e-17,9.32528e-08,3.63922,0,0,0
32.9699,2,2.99974,2.95572,2.05998,-3.18645e-24,2.92738e-24,1.53616e-07,4.6881,0,0,0
32.9699,3,-0.000259725,2.95572,2.05998,7.46936e-17,3.57475e-15,7.51529e-09,3.60275,0,0,0
32.9699,4,-3.00026,2.95572,2.05998,1.46145e-23,2.11099e-23,2.00603e-07,4.68843,0,0,0
32.9699,5,-3.00026,-0.0442824,2.05998,2.87743e-15,5.12363e-17,-5.9187e-08,3.63965,0,0,0
33.097,0,-0.000259725,-0.0442824,2.05999,0,0,-2.98138e-08,2.06046,0,0,0
33.097,1,2.99974,-0.0442824,2.05998,1.72542e-15,-6.03641e-17,4.01173e-08,3.63922,0,0,0
33.097,2,2.99974,2.95572,2.05998,-4.79973e-24,2.59658e-24,1.55526e-07,4.6881,0,0,0
33.097,3,-0.000259725,2.95572,2.05998,8.19086e-17,3.5802e-15,8.94904e-09,3.60275,0,0,0
33.097,4,-3.00026,2.95572,2.05998,1.64341e-23,1.97209e-23,2.03021e-07,4.68843,0,0,0
33.097,5,-3.00026,-0.0442824,2.05998,2.87743e-15,5.12363e-17,-6.50892e-08,3.63965,0,0,0
33.261,0,-0.000259725,-0.0442824,2.05999,0,0,-4.62575e-08,2.06046,0,0,0
33.261,1,2.99974,-0.0442824,2.05998,1.73137e-15,-7.17467e-17,2.1048e-08,3.63922,0,0,0
33.261,2,2.99974,2.95572,2.05998,-2.15466e-24,4.33659e-24,1.61729e-07,4.6881,0,0,0
33.261,3,-0.000259725,2.95572,2.05998,8.93429e-17,3.583e-15,6.60415e-09,3.60275,0,0,0
33.261,4,-3.00026,2.95572,2.05998,1.73632e-23,9.79971e-24,1.94999e-07,4.68843,0,0,0
33.261,5,-3.00026,-0.0442824,2.05998,2.87518e-15,5.76657e-17,-6.67035e-08,3.63965,0,0,0
33.3914,0,-0.000259725,-0.0442824,2.05999,0,0,-6.01488e-08,2.06046,0,0,0
33.3914,1,2.99974,-0.0442824,2.05998,1.74572e-15,-7.39142e-17,8.19515e-09,3.63922,0,0,0
33.3914,2,2.99974,2.95572,2.05998,3.78541e-24,2.31645e-24,1.67511e-07,4.6881,0,0,0
33.3914,3,-0.000259725,2.95572,2.05998,9.42859e-17,3.5878e-15,5.45784e-09,3.60275,0,0,0
33.3914,4,-3.00026,2.95572,2.05998,1.23457e-23,3.45496e-24,1.3658e-07,4.68843,0,0,0
33.3914,5,-3.00026,-0.0442824,2.05998,2.85845e-15,8.51493e-17,-6.85014e-08,3.63965,0,0,0
