time,uav_id,px,py,pz,vx,vy,vz,feedback,ref_x,ref_y,ref_z
7.0692e-05,0,-1.50151,-6.5004,4.49699,-0.0023861,-0.00428869,-0.0382246,3.46464,0,0,0
7.0692e-05,1,-11.5071,-8.50397,1.50301,-0.00171752,-0.000108951,0.0651309,1.41932,0,0,0
7.0692e-05,2,-21.5206,-11.5117,5.48918,-0.0127444,-0.00919587,-0.0378235,3.14214,0,0,0
7.0692e-05,3,13.5119,-10.5115,5.49245,0.000142075,-0.00144692,0.0202246,29.4551,0,0,0
7.0692e-05,4,-5.50675,-15.5135,6.5013,-0.00712928,-0.00742839,0.00368741,1.40953,0,0,0
7.0692e-05,5,4.49905,-14.5186,2.52954,-0.00179058,-0.00211961,0.0694258,6.77407,0,0,0
0.14081,0,-1.50238,-6.50166,4.49682,-0.00628204,-0.0106713,-0.0654457,3.46464,0,0,0
0.14081,1,-11.5087,-8.50424,1.50677,-0.0059598,0.00125639,0.0818076,2.24109,0,0,0
0.14081,2,-21.5269,-11.5146,5.48804,-0.0382502,-0.0167302,-0.068849,11.4671,0,0,0
0.14081,3,13.5116,-10.512,5.49442,-1.00245e-05,-0.00149579,0.0410656,18.3711,0,0,0
0.14081,4,-5.50938,-15.5162,6.50151,-0.0138204,-0.0140916,0.00645211,1.40953,0,0,0
0.14081,5,4.49919,-14.5199,2.5348,-0.0035138,-0.00532006,0.107541,6.77407,0,0,0
0.282731,0,-1.50381,-6.50321,4.4929,-0.011531,-0.0197467,-0.0959598,3.74184,0,0,0
0.282731,1,-11.5115,-8.50533,1.51194,-0.0143755,0.000993808,0.102327,2.24109,0,0,0
0.282731,2,-21.5269,-11.5146,5.48804,-0.0382502,-0.0167302,-0.068849,11.4671,0,0,0
0.282731,3,13.5108,-10.5128,5.50317,0.000203836,-0.000962547,0.0729031,18.3711,0,0,0
0.282731,4,-5.51252,-15.5193,6.50156,-0.0245072,-0.0247545,0.0104869,2.24519,0,0,0
0.282731,5,4.50032,-14.5236,2.54114,-0.00289448,-0.0142602,0.13346,15.0668,0,0,0
0.413433,0,-1.50631,-6.50901,4.4808,-0.0183408,-0.0461856,-0.135219,3.74184,0,0,0
0.413433,1,-11.5148,-8.5076,1.51767,-0.0243881,-0.0022871,0.125993,4.01154,0,0,0
0.413433,2,-21.5339,-11.5178,5.48408,-0.064065,-0.0239969,-0.0922204,11.4808,0,0,0
0.413433,3,13.5081,-10.5157,5.50928,-0.00265265,-0.00393237,0.112829,17.3863,0,0,0
0.413433,4,-5.51834,-15.5252,6.50133,-0.0406203,-0.0407922,0.0160729,2.24519,0,0,0
0.413433,5,4.50181,-14.5266,2.55288,-0.00679764,-0.0226146,0.185716,15.0668,0,0,0
0.537814,0,-1.50925,-6.51666,4.47915,-0.0230845,-0.0781358,-0.169581,6.98226,0,0,0
0.537814,1,-11.5187,-8.51163,1.52405,-0.0373416,-0.0103619,0.155362,4.01154,0,0,0
0.537814,2,-21.5416,-11.5242,5.4758,-0.0880976,-0.0397494,-0.113907,11.4808,0,0,0
0.537814,3,13.5037,-10.5202,5.51898,-0.0066866,-0.00788008,0.163839,17.3863,0,0,0
0.537814,4,-5.52643,-15.5336,6.49964,-0.0626114,-0.0631348,0.0206482,2.84059,0,0,0
0.537814,5,4.50469,-14.53,2.56559,-0.00810217,-0.0337222,0.230188,15.0702,0,0,0
0.677298,0,-1.51257,-6.52807,4.45842,-0.0239733,-0.122883,-0.213978,6.98226,0,0,0
0.677298,1,-11.5221,-8.51777,1.53141,-0.0495315,-0.0253227,0.186969,2.24223,0,0,0
0.677298,2,-21.5579,-11.5292,5.47059,-0.143613,-0.046967,-0.160579,11.4808,0,0,0
0.677298,3,13.4965,-10.5275,5.5311,-0.0159545,-0.0173101,0.218517,17.2299,0,0,0
0.677298,4,-5.5415,-15.5495,6.49833,-0.0933277,-0.0954182,0.0201608,2.84059,0,0,0
0.677298,5,4.51094,-14.5344,2.58044,-0.00274472,-0.0489545,0.284939,15.0702,0,0,0
0.813301,0,-1.51576,-6.54385,4.44685,-0.0187019,-0.178674,-0.248994,6.95457,0,0,0
0.813301,1,-11.5255,-8.52571,1.54229,-0.0618038,-0.0453831,0.215933,2.24223,0,0,0
0.813301,2,-21.5856,-11.5304,5.4553,-0.228793,-0.0387389,-0.176715,11.5064,0,0,0
0.813301,3,13.4858,-10.5383,5.53101,-0.0333228,-0.0355546,0.267646,17.2299,0,0,0
0.813301,4,-5.54956,-15.5586,6.49586,-0.122594,-0.129114,0.00447318,2.85952,0,0,0
0.813301,5,4.51932,-14.5363,2.59352,0.0187837,-0.0627909,0.314999,15.0807,0,0,0
0.940575,0,-1.52183,-6.55466,4.4283,-0.0214532,-0.210395,-0.28296,6.95457,0,0,0
0.940575,1,-11.5301,-8.53112,1.55531,-0.0781638,-0.0549362,0.238638,2.24069,0,0,0
0.940575,2,-21.6006,-11.538,5.4389,-0.256463,-0.0567624,-0.194552,11.5064,0,0,0
0.940575,3,13.4707,-10.5533,5.55955,-0.0541146,-0.0594432,0.345883,17.2043,0,0,0
0.940575,4,-5.56394,-15.5752,6.49345,-0.155167,-0.170611,-0.0234592,2.85952,0,0,0
0.940575,5,4.53223,-14.5397,2.60884,0.0506463,-0.0705969,0.327062,15.0807,0,0,0
1.07914,0,-1.51991,-6.5806,4.43993,0.00564875,-0.28654,-0.285395,7.79267,0,0,0
1.07914,1,-11.5257,-8.55095,1.56953,-0.0660948,-0.117516,0.263983,2.24069,0,0,0
1.07914,2,-21.6212,-11.5384,5.41752,-0.293493,-0.0508755,-0.202012,11.555,0,0,0
1.07914,3,13.4264,-10.5953,5.59709,-0.129101,-0.143631,0.486736,17.2043,0,0,0
1.07914,4,-5.58659,-15.6028,6.49044,-0.183662,-0.213998,-0.0588925,2.87954,0,0,0
1.07914,5,4.54777,-14.5426,2.62664,0.092562,-0.0729804,0.323166,15.1036,0,0,0
1.22433,0,-1.5158,-6.62072,4.39977,0.0482008,-0.411861,-0.31254,7.79267,0,0,0
1.22433,1,-11.5232,-8.56296,1.58252,-0.0621653,-0.14903,0.28269,2.22975,0,0,0
1.22433,2,-21.675,-11.5365,5.40515,-0.436972,-0.0267048,-0.185738,11.555,0,0,0
1.22433,3,13.3949,-10.6236,5.59792,-0.18591,-0.210308,0.543295,17.1614,0,0,0
1.22433,4,-5.60464,-15.6256,6.49281,-0.21098,-0.25563,-0.094351,2.87954,0,0,0
1.22433,5,4.56646,-14.5409,2.63697,0.145557,-0.0545417,0.303775,15.1036,0,0,0
1.34303,0,-1.52403,-6.64497,4.39107,0.0359762,-0.46204,-0.341674,7.72466,0,0,0
1.34303,1,-11.5135,-8.58043,1.60087,-0.034271,-0.199379,0.312438,2.22975,0,0,0
1.34303,2,-21.7189,-11.5435,5.39469,-0.520357,-0.0433206,-0.176196,11.6356,0,0,0
1.34303,3,13.3949,-10.6236,5.59792,-0.18591,-0.210308,0.543295,17.1614,0,0,0
1.34303,4,-5.62039,-15.651,6.4867,-0.225365,-0.298393,-0.128976,2.91103,0,0,0
1.34303,5,4.59185,-14.5443,2.652,0.221414,-0.055531,0.269881,15.1397,0,0,0
1.48373,0,-1.50533,-6.70339,4.35835,0.117873,-0.618697,-0.345971,7.72466,0,0,0
1.48373,1,-11.5059,-8.58889,1.61877,-0.020006,-0.211232,0.337419,2.20656,0,0,0
1.48373,2,-21.7648,-11.55,5.38517,-0.594805,-0.0552526,-0.174748,11.6356,0,0,0
1.48373,3,13.3561,-10.6567,5.64415,-0.252365,-0.290708,0.617367,17.0945,0,0,0
1.48373,4,-5.62035,-15.6569,6.48519,-0.220947,-0.315846,-0.138083,2.91103,0,0,0
1.48373,5,4.63125,-14.5436,2.66099,0.294363,-0.0342328,0.223363,15.1397,0,0,0
1.61527,0,-1.50233,-6.74648,4.3009,0.126434,-0.696412,-0.37986,7.63824,0,0,0
1.61527,1,-11.481,-8.61388,1.63585,0.0568871,-0.284304,0.366984,2.20656,0,0,0
1.61527,2,-21.8075,-11.5606,5.37973,-0.645652,-0.0812274,-0.168679,11.726,0,0,0
1.61527,3,13.3114,-10.6918,5.64566,-0.336151,-0.376143,0.665367,17.0945,0,0,0
1.61527,4,-5.63117,-15.6764,6.48743,-0.224162,-0.336192,-0.127285,2.92916,0,0,0
1.61527,5,4.66388,-14.543,2.66966,0.370771,-0.0246597,0.159807,15.2058,0,0,0
1.76579,0,-1.48114,-6.81068,4.26864,0.190182,-0.838064,-0.379891,7.63824,0,0,0
1.76579,1,-11.4622,-8.62356,1.65806,0.0980383,-0.290207,0.393057,2.13874,0,0,0
1.76579,2,-21.8599,-11.5657,5.37502,-0.726503,-0.0810814,-0.155782,11.8188,0,0,0
1.76579,3,13.2601,-10.7283,5.67654,-0.42358,-0.463365,0.720523,17.0056,0,0,0
1.76579,4,-5.6365,-15.6973,6.48471,-0.209847,-0.360694,-0.105813,2.94363,0,0,0
1.76579,5,4.69835,-14.5427,2.67602,0.43915,-0.0190874,0.112402,15.2738,0,0,0
1.90784,0,-1.48493,-6.85637,4.23605,0.151625,-0.906995,-0.415716,7.51586,0,0,0
1.90784,1,-11.4318,-8.6316,1.67457,0.179258,-0.294872,0.409008,2.13874,0,0,0
1.90784,2,-21.9076,-11.5766,5.37245,-0.779631,-0.102323,-0.144582,11.8188,0,0,0
1.90784,3,13.2056,-10.7617,5.70895,-0.510864,-0.538298,0.768467,17.0056,0,0,0
1.90784,4,-5.63771,-15.7137,6.48383,-0.186857,-0.367815,-0.0726632,2.94363,0,0,0
1.90784,5,4.7347,-14.5418,2.68059,0.498837,-0.0166659,0.0329613,15.2738,0,0,0
2.03353,0,-1.45532,-6.93678,4.23799,0.219668,-1.06117,-0.399894,7.39954,0,0,0
2.03353,1,-11.3982,-8.6388,1.69369,0.265412,-0.290433,0.41969,2.10491,0,0,0
2.03353,2,-21.9525,-11.5883,5.37143,-0.816921,-0.123715,-0.130722,11.8188,0,0,0
2.03353,3,13.1386,-10.8,5.74547,-0.622153,-0.623234,0.81813,16.8882,0,0,0
2.03353,4,-5.64157,-15.746,6.48843,-0.157369,-0.377399,-0.0259079,2.94363,0,0,0
2.03353,5,4.77205,-14.5486,2.68106,0.549512,-0.0402646,-0.0330708,15.3472,0,0,0
2.16791,0,-1.44508,-6.99803,4.1646,0.201448,-1.16269,-0.462268,7.39954,0,0,0
2.16791,1,-11.3672,-8.64184,1.71581,0.333712,-0.267112,0.432001,2.10491,0,0,0
2.16791,2,-21.9897,-11.6022,5.37211,-0.825312,-0.151973,-0.102968,12.0251,0,0,0
2.16791,3,12.9901,-10.8645,5.86014,-0.85002,-0.734376,0.917292,16.8882,0,0,0
2.16791,4,-5.62754,-15.7518,6.49048,-0.105668,-0.353411,0.0353164,2.94842,0,0,0
2.16791,5,4.79857,-14.5496,2.68113,0.552853,-0.0432028,-0.103802,15.3472,0,0,0
2.29759,0,-1.42416,-7.0788,4.16513,0.222817,-1.29707,-0.471703,7.25561,0,0,0
2.29759,1,-11.3262,-8.6447,1.72955,0.432663,-0.243831,0.419001,2.03011,0,0,0
2.29759,2,-22.0272,-11.6156,5.37514,-0.836596,-0.174596,-0.0756681,12.091,0,0,0
2.29759,3,12.9901,-10.8645,5.86014,-0.85002,-0.734376,0.917292,16.7393,0,0,0
2.29759,4,-5.60559,-15.7643,6.49677,-0.027774,-0.356854,0.101346,2.91826,0,0,0
2.29759,5,4.79677,-14.5547,2.67663,0.532197,-0.0664086,-0.173488,15.3472,0,0,0
2.42004,0,-1.40788,-7.17328,4.0792,0.19864,-1.46406,-0.530563,7.25561,0,0,0
2.42004,1,-11.2846,-8.63881,1.74823,0.519618,-0.188456,0.404538,2.03011,0,0,0
2.42004,2,-22.0658,-11.6331,5.38109,-0.846668,-0.206286,-0.0353912,12.091,0,0,0
2.42004,3,12.9187,-10.8914,5.88466,-0.934686,-0.769603,0.914887,16.7393,0,0,0
2.42004,4,-5.58782,-15.7422,6.49088,0.0231947,-0.284039,0.162649,2.91826,0,0,0
2.42004,5,4.80791,-14.5563,2.67249,0.473736,-0.0639237,-0.225193,15.3711,0,0,0
2.55179,0,-1.37912,-7.27663,4.03293,0.21007,-1.63983,-0.572277,7.25561,0,0,0
2.55179,1,-11.2269,-8.64419,1.77218,0.654104,-0.182778,0.397559,1.94148,0,0,0
2.55179,2,-22.0863,-11.6465,5.38966,-0.800659,-0.225187,0.00621157,12.091,0,0,0
2.55179,3,12.8432,-10.9379,5.89151,-1.0158,-0.865189,0.895787,16.6021,0,0,0
2.55179,4,-5.55817,-15.7451,6.51121,0.112115,-0.258733,0.233629,2.91826,0,0,0
2.55179,5,4.83405,-14.5717,2.66693,0.474567,-0.11353,-0.283921,15.3711,0,0,0
2.68551,0,-1.38005,-7.3663,3.98117,0.124505,-1.73151,-0.61781,7.04586,0,0,0
2.68551,1,-11.1829,-8.63629,1.79292,0.722006,-0.122699,0.36408,1.94148,0,0,0
2.68551,2,-22.1106,-11.6638,5.40187,-0.78031,-0.253791,0.0603173,12.1388,0,0,0
2.68551,3,12.7225,-10.9292,5.97785,-1.23242,-0.774246,0.984772,16.6021,0,0,0
2.68551,4,-5.52331,-15.7407,6.51352,0.209927,-0.204586,0.301037,2.87253,0,0,0
2.68551,5,4.85231,-14.5838,2.65721,0.437331,-0.140491,-0.345623,15.4064,0,0,0
2.82671,0,-1.35562,-7.48491,3.97964,0.139677,-1.88666,-0.619486,7.04586,0,0,0
2.82671,1,-11.1323,-8.63056,1.80599,0.801775,-0.0816208,0.322691,1.83048,0,0,0
2.82671,2,-22.1283,-11.6847,5.41515,-0.743122,-0.290456,0.132956,12.1388,0,0,0
2.82671,3,12.6207,-10.9401,6.01679,-1.36973,-0.752372,1.00761,16.3716,0,0,0
2.82671,4,-5.46625,-15.7345,6.53262,0.325791,-0.129001,0.362291,2.87253,0,0,0
2.82671,5,4.8559,-14.5973,2.63813,0.355109,-0.163265,-0.375008,15.4064,0,0,0
2.96005,0,-1.35325,-7.59099,3.87897,0.0745142,-1.98958,-0.682859,6.85042,0,0,0
2.96005,1,-11.0757,-8.62667,1.8265,0.888174,-0.053944,0.298649,1.83048,0,0,0
2.96005,2,-22.1365,-11.7039,5.43319,-0.681993,-0.314617,0.204805,12.1667,0,0,0
2.96005,3,12.514,-10.944,6.01187,-1.51771,-0.693248,0.996989,16.3716,0,0,0
2.96005,4,-5.43553,-15.7232,6.53905,0.442759,-0.0858063,0.403754,2.79136,0,0,0
2.96005,5,4.85909,-14.6163,2.6165,0.274166,-0.201566,-0.422113,15.4245,0,0,0
3.08857,0,-1.36813,-7.70931,3.87531,-0.0310528,-2.0813,-0.698324,6.61204,0,0,0
3.08857,1,-11.025,-8.61859,1.84277,0.938578,-0.014414,0.263588,1.71832,0,0,0
3.08857,2,-22.1362,-11.7227,5.45211,-0.602587,-0.332747,0.286165,12.1593,0,0,0
3.08857,3,12.4173,-10.9722,6.04345,-1.59859,-0.724017,0.985628,16.1739,0,0,0
3.08857,4,-5.3893,-15.7166,6.5646,0.545107,-0.0436249,0.448617,2.79136,0,0,0
3.08857,5,4.86932,-14.6412,2.59588,0.184829,-0.221797,-0.445544,15.4245,0,0,0
3.22401,0,-1.37916,-7.74232,3.82297,-0.0831159,-2.17082,-0.74462,6.61204,0,0,0
3.22401,1,-10.9764,-8.61132,1.85794,0.972234,0.0161783,0.238122,1.71832,0,0,0
3.22401,2,-22.1268,-11.7348,5.47397,-0.505726,-0.322729,0.370901,12.1593,0,0,0
3.22401,3,12.3496,-10.9438,6.10855,-1.56639,-0.566996,1.0233,16.1739,0,0,0
3.22401,4,-5.34125,-15.7072,6.58331,0.642514,0.00595426,0.484333,2.71332,0,0,0
3.22401,5,4.86932,-14.6412,2.59588,0.184829,-0.221797,-0.445544,15.4323,0,0,0
3.35566,0,-1.39254,-7.86402,3.7201,-0.176803,-2.27337,-0.802849,6.61204,0,0,0
3.35566,1,-10.9301,-8.60465,1.87393,0.991558,0.0404749,0.220657,1.61385,0,0,0
3.35566,2,-22.1086,-11.7594,5.50218,-0.392713,-0.355707,0.468628,12.1593,0,0,0
3.35566,3,12.2162,-10.9171,6.10442,-1.77594,-0.404513,1.0817,15.9059,0,0,0
3.35566,4,-5.24696,-15.6882,6.63997,0.772288,0.0772439,0.550132,2.71332,0,0,0
3.35566,5,4.84838,-14.6603,2.57461,0.0641918,-0.244936,-0.456291,15.4323,0,0,0
3.48736,0,-1.41055,-8.10349,3.66784,-0.253509,-2.42908,-0.789005,6.41362,0,0,0
3.48736,1,-10.8919,-8.59706,1.88597,0.97782,0.066049,0.21101,1.61385,0,0,0
3.48736,2,-22.0843,-11.7809,5.52777,-0.275605,-0.372968,0.558041,12.1151,0,0,0
3.48736,3,12.0473,-10.8786,6.17688,-2.08115,-0.209817,1.16264,15.9059,0,0,0
3.48736,4,-5.18192,-15.6798,6.674,0.895657,0.102001,0.58406,2.55871,0,0,0
3.48736,5,4.80526,-14.6664,2.55643,-0.116701,-0.21786,-0.436023,15.4089,0,0,0
3.62563,0,-1.44032,-8.23474,3.61807,-0.327962,-2.48986,-0.844903,6.41362,0,0,0
3.62563,1,-10.8448,-8.59382,1.89907,0.995819,0.0694612,0.200916,1.47598,0,0,0
3.62563,2,-22.0546,-11.8062,5.55688,-0.156068,-0.404887,0.64185,12.0432,0,0,0
3.62563,3,11.9087,-10.8568,6.20629,-2.23368,-0.0772222,1.18273,15.5907,0,0,0
3.62563,4,-5.12573,-15.6718,6.70795,0.978002,0.122443,0.590755,2.55871,0,0,0
3.62563,5,4.78753,-14.6946,2.53241,-0.181377,-0.274334,-0.444446,15.4089,0,0,0
3.75732,0,-1.45908,-8.2467,3.61993,-0.372089,-2.4895,-0.920759,6.0375,0,0,0
3.75732,1,-10.8033,-8.587,1.89866,0.989864,0.0861098,0.19541,1.47598,0,0,0
3.75732,2,-22.0119,-11.8277,5.58987,-0.0135199,-0.422375,0.731516,12.0432,0,0,0
3.75732,3,11.78,-10.8548,6.23887,-2.32479,-0.0341149,1.16242,15.5907,0,0,0
3.75732,4,-5.1162,-15.6662,6.7102,1.02827,0.141712,0.588834,2.42569,0,0,0
3.75732,5,4.72792,-14.7007,2.50187,-0.362571,-0.257279,-0.403273,15.3435,0,0,0
3.88921,0,-1.50304,-8.37024,3.57055,-0.478333,-2.50808,-1.00355,6.0375,0,0,0
3.88921,1,-10.7656,-8.58233,1.91112,0.972248,0.0937483,0.193939,1.39831,0,0,0
3.88921,2,-21.9718,-11.8453,5.62513,0.101157,-0.423718,0.80399,12.0432,0,0,0
3.88921,3,11.6537,-10.8024,6.24005,-2.36815,0.17364,1.16051,15.3298,0,0,0
3.88921,4,-5.01023,-15.6505,6.77912,1.11387,0.165312,0.648261,2.42569,0,0,0
3.88921,5,4.67018,-14.712,2.47994,-0.524068,-0.244816,-0.364265,15.3435,0,0,0
4.02769,0,-1.54452,-8.49877,3.47497,-0.552363,-2.54926,-1.04619,5.88128,0,0,0
4.02769,1,-10.7322,-8.58042,1.92534,0.941101,0.0910291,0.199901,1.39831,0,0,0
4.02769,2,-21.91,-11.8802,5.66407,0.273524,-0.490178,0.902582,11.8446,0,0,0
4.02769,3,11.4909,-10.7459,6.2997,-2.54697,0.381312,1.208,15.3298,0,0,0
4.02769,4,-4.95768,-15.6425,6.81979,1.14231,0.173705,0.695586,2.29452,0,0,0
4.02769,5,4.61954,-14.7276,2.45385,-0.633426,-0.250993,-0.338549,15.2222,0,0,0
4.16258,0,-1.61547,-8.75947,3.4278,-0.635456,-2.63924,-1.09442,5.88128,0,0,0
4.16258,1,-10.7045,-8.57679,1.93884,0.892345,0.0949127,0.205948,1.331,0,0,0
4.16258,2,-21.8508,-11.9104,5.70543,0.410661,-0.533757,0.982646,11.8446,0,0,0
4.16258,3,11.3404,-10.7064,6.32648,-2.65793,0.515104,1.19653,15.0046,0,0,0
4.16258,4,-4.95646,-15.6473,6.8237,1.1509,0.156938,0.677894,2.29452,0,0,0
4.16258,5,4.54643,-14.739,2.43153,-0.805404,-0.238773,-0.290885,15.2222,0,0,0
4.2906,0,-1.67064,-8.84167,3.39803,-0.71167,-2.49438,-1.12146,5.45349,0,0,0
4.2906,1,-10.6688,-8.57553,1.96406,0.877882,0.0874204,0.21136,1.331,0,0,0
4.2906,2,-21.7787,-11.9353,5.74845,0.572184,-0.560644,1.05838,11.7046,0,0,0
4.2906,3,11.1815,-10.6833,6.34588,-2.76912,0.559011,1.13374,15.0046,0,0,0
4.2906,4,-4.90914,-15.6388,6.86273,1.15507,0.168426,0.688132,2.22552,0,0,0
4.2906,5,4.49073,-14.7699,2.40285,-0.890935,-0.299308,-0.284919,15.0944,0,0,0
4.41745,0,-1.71796,-8.9577,3.35803,-0.745255,-2.46795,-1.16453,5.45349,0,0,0
4.41745,1,-10.6362,-8.57034,1.96372,0.852918,0.095733,0.213038,1.25841,0,0,0
4.41745,2,-21.6908,-11.9726,5.80156,0.751701,-0.623261,1.14044,11.7046,0,0,0
4.41745,3,11.0292,-10.6229,6.37004,-2.85829,0.721354,1.10854,14.684,0,0,0
4.41745,4,-4.87016,-15.631,6.93875,1.12131,0.174684,0.745323,2.22552,0,0,0
4.41745,5,4.40654,-14.7883,2.3789,-1.04983,-0.312785,-0.239996,15.0944,0,0,0
4.55513,0,-1.77477,-9.10821,3.31709,-0.799712,-2.55926,-1.2198,5.22115,0,0,0
4.55513,1,-10.6094,-8.56965,1.97821,0.812291,0.0877106,0.210191,1.25841,0,0,0
4.55513,2,-21.619,-11.9892,5.84453,0.854974,-0.612011,1.18055,11.5236,0,0,0
4.55513,3,10.8676,-10.5808,6.38813,-2.96296,0.791891,1.08206,14.684,0,0,0
4.55513,4,-4.82657,-15.6249,6.97778,1.11251,0.17496,0.740524,2.08135,0,0,0
4.55513,5,4.31272,-14.7913,2.35656,-1.22027,-0.274999,-0.184596,14.9494,0,0,0
4.68518,0,-1.82851,-9.19409,3.27642,-0.847976,-2.41392,-1.25398,4.94877,0,0,0
4.68518,1,-10.5803,-8.56576,1.99001,0.784311,0.0915344,0.210094,1.19646,0,0,0
4.68518,2,-21.5244,-12.0333,5.89896,1.03646,-0.721017,1.22469,11.5236,0,0,0
4.68518,3,10.6842,-10.5567,6.40381,-3.09722,0.7934,1.06024,14.3329,0,0,0
4.68518,4,-4.78091,-15.6223,7.01598,1.11129,0.162906,0.717789,2.08135,0,0,0
4.68518,5,4.23136,-14.809,2.34064,-1.32708,-0.290077,-0.157238,14.9494,0,0,0
4.82078,0,-1.8834,-9.34273,3.22431,-0.881678,-2.46962,-1.30166,4.94877,0,0,0
4.82078,1,-10.5564,-8.566,2.01145,0.742072,0.0809137,0.205988,1.19646,0,0,0
4.82078,2,-21.4516,-12.0323,5.95136,1.0992,-0.652022,1.26279,11.3366,0,0,0
4.82078,3,10.5246,-10.5058,6.4006,-3.16327,0.861097,0.983653,14.3329,0,0,0
4.82078,4,-4.7472,-15.6162,7.01199,1.06451,0.166272,0.678856,1.96418,0,0,0
4.82078,5,4.12856,-14.8244,2.31364,-1.48607,-0.29567,-0.115579,14.7715,0,0,0
4.95724,0,-1.94355,-9.4462,3.18066,-0.944205,-2.43275,-1.26769,4.94877,0,0,0
4.95724,1,-10.5314,-8.56422,2.01272,0.708795,0.0777506,0.204817,1.14249,0,0,0
4.95724,2,-21.3221,-12.0754,6.01013,1.35337,-0.76212,1.33395,11.1958,0,0,0
4.95724,3,10.1664,-10.4358,6.41977,-3.42558,0.880994,0.778198,15.1251,0,0,0
4.95724,4,-4.65906,-15.6028,7.0887,1.0476,0.170438,0.68058,1.96418,0,0,0
4.95724,5,4.009,-14.8293,2.29371,-1.67689,-0.266246,-0.058796,14.7715,0,0,0
5.08104,0,-1.99238,-9.57001,3.13946,-0.966906,-2.4504,-1.27054,4.65623,0,0,0
5.08104,1,-10.5112,-8.56211,2.03473,0.662264,0.0767588,0.197895,1.14249,0,0,0
5.08104,2,-21.214,-12.0942,6.06436,1.49683,-0.755253,1.36583,11.1958,0,0,0
5.08104,3,10.1664,-10.4358,6.41977,-3.42558,0.880994,0.778198,15.1251,0,0,0
5.08104,4,-4.66811,-15.6082,7.09057,1.0139,0.152387,0.654029,1.82914,0,0,0
5.08104,5,3.89721,-14.8411,2.27676,-1.81647,-0.263232,-0.026413,14.5462,0,0,0
5.20744,0,-2.04581,-9.66874,3.09988,-1.00627,-2.39855,-1.23004,4.65623,0,0,0
5.20744,1,-10.4849,-8.56188,2.03555,0.644696,0.0677741,0.195466,1.09067,0,0,0
5.20744,2,-21.1189,-12.1024,6.11766,1.58478,-0.706533,1.36569,11.1958,0,0,0
5.20744,3,9.98136,-10.3996,6.4225,-3.55539,0.888079,0.631629,14.7524,0,0,0
5.20744,4,-4.63347,-15.6036,7.16262,0.976278,0.150412,0.640292,1.82914,0,0,0
5.20744,5,3.77503,-14.8353,2.25861,-1.97504,-0.197661,0.00421765,14.5462,0,0,0
5.33634,0,-2.08226,-9.71412,3.07349,-0.994751,-2.17248,-1.15092,4.39918,0,0,0
5.33634,1,-10.473,-8.55847,2.05532,0.57775,0.0740427,0.189978,1.09067,0,0,0
5.33634,2,-21.0049,-12.1192,6.17204,1.71376,-0.68023,1.39767,10.9722,0,0,0
5.33634,3,9.79359,-10.3443,6.42702,-3.67816,0.948193,0.443394,14.7524,0,0,0
5.33634,4,-4.60191,-15.6007,7.15966,0.932987,0.141346,0.626763,1.75615,0,0,0
5.33634,5,3.65708,-14.8445,2.24072,-2.09761,-0.188302,0.0305969,14.3106,0,0,0
5.47696,0,-2.1312,-9.82704,3.02978,-1.01637,-2.21313,-1.0982,4.39918,0,0,0
5.47696,1,-10.4489,-8.55915,2.05446,0.564299,0.061873,0.189015,1.04993,0,0,0
5.47696,2,-20.8854,-12.1324,6.22492,1.83775,-0.625764,1.43261,10.9722,0,0,0
5.47696,3,9.67111,-10.3698,6.42973,-3.56685,0.736985,0.234621,14.4431,0,0,0
5.47696,4,-4.57576,-15.5965,7.19271,0.878659,0.139191,0.607251,1.75615,0,0,0
5.47696,5,3.55573,-14.8555,2.22305,-2.14373,-0.191461,0.0418193,14.3106,0,0,0
5.60789,0,-2.17097,-9.91605,3.00243,-1.00953,-2.18118,-1.01787,4.20767,0,0,0
5.60789,1,-10.4192,-8.55738,2.0658,0.570518,0.058382,0.183521,1.04993,0,0,0
5.60789,2,-20.7417,-12.1504,6.27604,2.01749,-0.583138,1.45895,10.7193,0,0,0
5.60789,3,9.40776,-10.3047,6.436,-3.90988,0.852183,0.0966914,14.4431,0,0,0
5.60789,4,-4.50094,-15.5886,7.25856,0.867319,0.131193,0.610019,1.69576,0,0,0
5.60789,5,3.43349,-14.8607,2.2061,-2.25547,-0.169547,0.0603878,14.0891,0,0,0
5.72961,0,-2.21193,-9.99689,2.9608,-0.997771,-2.09421,-0.984833,4.20767,0,0,0
5.72961,1,-10.3975,-8.55506,2.08558,0.548665,0.058896,0.179028,0.990133,0,0,0
5.72961,2,-20.611,-12.1574,6.32573,2.14603,-0.49381,1.46148,10.7193,0,0,0
5.72961,3,9.17872,-10.2623,6.43962,-4.09197,0.875495,0.0532055,13.9448,0,0,0
5.72961,4,-4.51416,-15.5915,7.25852,0.819142,0.122336,0.591966,1.69576,0,0,0
5.72961,5,3.30567,-14.8671,2.192,-2.36357,-0.155025,0.117881,14.0891,0,0,0
5.87682,0,-2.24489,-10.0623,2.9261,-0.970717,-1.99239,-0.92917,4.00809,0,0,0
5.87682,1,-10.3768,-8.55316,2.09584,0.526905,0.0577868,0.17486,0.990133,0,0,0
5.87682,2,-20.5204,-12.1508,6.37602,2.11992,-0.350974,1.43131,10.4289,0,0,0
5.87682,3,8.97464,-10.2382,6.44073,-4.13872,0.825777,-0.0569353,13.9448,0,0,0
5.87682,4,-4.44968,-15.5833,7.32172,0.797874,0.120596,0.579288,1.60567,0,0,0
5.87682,5,3.14897,-14.8722,2.17312,-2.5495,-0.127973,0.155423,13.8375,0,0,0
5.99972,0,-2.2767,-10.1291,2.89153,-0.940822,-1.91016,-0.873994,4.00809,0,0,0
5.99972,1,-10.3602,-8.55134,2.10451,0.492945,0.0572874,0.170948,0.948193,0,0,0
5.99972,2,-20.3416,-12.1729,6.42681,2.39054,-0.341036,1.47668,10.4289,0,0,0
5.99972,3,9.00012,-10.2562,6.44231,-4.04426,0.753094,-0.141266,14.7503,0,0,0
5.99972,4,-4.4627,-15.587,7.32016,0.745428,0.107952,0.57829,1.60567,0,0,0
5.99972,5,3.01035,-14.8886,2.15477,-2.65086,-0.157015,0.179663,13.8375,0,0,0
6.12569,0,-2.30675,-10.1957,2.89536,-0.901447,-1.82201,-0.825725,3.84653,0,0,0
6.12569,1,-10.3385,-8.55101,2.10551,0.482187,0.0501186,0.171502,0.948193,0,0,0
6.12569,2,-20.1985,-12.1783,6.47189,2.50463,-0.264112,1.47186,10.3233,0,0,0
6.12569,3,8.61006,-10.1934,6.44767,-4.13001,0.744351,-0.163768,14.7503,0,0,0
6.12569,4,-4.44204,-15.5838,7.37844,0.684026,0.104269,0.575817,1.52525,0,0,0
6.12569,5,2.91513,-14.894,2.14533,-2.59701,-0.152798,0.158496,13.54,0,0,0
6.2648,0,-2.28336,-10.1442,2.83237,-0.827155,-1.65137,-0.7792,3.84653,0,0,0
6.2648,1,-10.3229,-8.54932,2.11497,0.450908,0.0497835,0.170516,0.90982,0,0,0
6.2648,2,-20.0687,-12.171,6.51561,2.57543,-0.155031,1.40158,9.86223,0,0,0
6.2648,3,8.45029,-10.181,6.45526,-4.04481,0.671211,0.140649,14.1772,0,0,0
6.2648,4,-4.4158,-15.5827,7.41014,0.656371,0.0929829,0.566352,1.42594,0,0,0
6.2648,5,2.74742,-14.8955,2.12948,-2.75895,-0.117874,0.245085,13.2761,0,0,0
6.38547,0,-2.31527,-10.2121,2.8349,-0.808351,-1.60383,-0.739973,3.81006,0,0,0
6.38547,1,-10.3049,-8.5484,2.13171,0.432748,0.0459124,0.169519,0.90982,0,0,0
6.38547,2,-19.9245,-12.1845,6.56358,2.67372,-0.13978,1.38753,9.86223,0,0,0
6.38547,3,8.45029,-10.181,6.45526,-4.04481,0.671211,0.140649,14.1772,0,0,0
6.38547,4,-4.4158,-15.5827,7.41014,0.656371,0.0929829,0.566352,1.42594,0,0,0
6.38547,5,2.59507,-14.9047,2.11442,-2.86178,-0.119123,0.322475,13.2761,0,0,0
6.51899,0,-2.34576,-10.2922,2.80151,-0.786928,-1.61143,-0.687439,3.81006,0,0,0
6.51899,1,-10.2837,-8.54712,2.13141,0.428359,0.0429561,0.171047,0.867325,0,0,0
6.51899,2,-19.7442,-12.2002,6.60935,2.87859,-0.129548,1.39109,9.86223,0,0,0
6.51899,3,8.06591,-10.1267,6.47492,-4.09874,0.653459,0.175709,13.8124,0,0,0
6.51899,4,-4.38445,-15.5794,7.45773,0.547708,0.0832084,0.511264,1.42594,0,0,0
6.51899,5,2.44008,-14.9118,2.09711,-2.96396,-0.113581,0.331937,13.2761,0,0,0
6.64653,0,-2.37614,-10.3577,2.76951,-0.768449,-1.56271,-0.666833,3.64915,0,0,0
6.64653,1,-10.2697,-8.54611,2.1476,0.399931,0.0411311,0.165378,0.867325,0,0,0
6.64653,2,-19.6082,-12.1992,6.64983,2.92347,-0.0527736,1.29498,9.7118,0,0,0
6.64653,3,7.8912,-10.0967,6.49062,-4.0672,0.677632,0.217463,13.8124,0,0,0
6.64653,4,-4.33428,-15.5749,7.48841,0.535535,0.075364,0.484897,1.3894,0,0,0
6.64653,5,2.32506,-14.9359,2.0861,-2.90822,-0.181709,0.325971,12.9672,0,0,0
6.77477,0,-2.44226,-10.4969,2.7085,-0.754223,-1.50585,-0.641619,3.64915,0,0,0
6.77477,1,-10.2507,-8.54618,2.14791,0.391529,0.0355785,0.164565,0.83044,0,0,0
6.77477,2,-19.4247,-12.2248,6.69267,3.13946,-0.0942763,1.20491,9.7118,0,0,0
6.77477,3,7.8912,-10.0967,6.49062,-4.0672,0.677632,0.217463,13.6349,0,0,0
6.77477,4,-4.33405,-15.5782,7.5157,0.535929,0.0632425,0.477214,1.3894,0,0,0
6.77477,5,2.09618,-14.9146,2.07089,-3.25359,-0.0530365,0.421059,12.9672,0,0,0
6.91015,0,-2.46505,-10.5454,2.68068,-0.717185,-1.41672,-0.630124,3.40558,0,0,0
6.91015,1,-10.234,-8.54491,2.16609,0.37753,0.0344017,0.157079,0.83044,0,0,0
6.91015,2,-19.2861,-12.2298,6.73405,3.15238,-0.0537408,1.12444,9.38578,0,0,0
6.91015,3,7.53647,-10.0638,6.52554,-4.00954,0.588672,0.264263,13.6349,0,0,0
6.91015,4,-4.28697,-15.575,7.53321,0.519778,0.0562734,0.455151,1.29252,0,0,0
6.91015,5,1.91657,-14.9321,2.0567,-3.37143,-0.0938282,0.450606,12.6227,0,0,0
7.04333,0,-2.45308,-10.5407,2.65385,-0.673083,-1.39741,-0.614935,3.40558,0,0,0
7.04333,1,-10.2146,-8.54239,2.17344,0.375583,0.0375687,0.154293,0.786815,0,0,0
7.04333,2,-19.1233,-12.2511,6.77365,3.23843,-0.0951987,0.994345,9.38578,0,0,0
7.04333,3,7.36331,-10.043,6.52704,-3.9748,0.571187,0.348288,13.1049,0,0,0
7.04333,4,-4.28697,-15.575,7.53321,0.519778,0.0562734,0.455151,1.29252,0,0,0
7.04333,5,1.76747,-14.9483,2.04454,-3.37595,-0.133089,0.384579,12.6227,0,0,0
7.18218,0,-2.51151,-10.6698,2.65515,-0.65545,-1.34922,-0.594104,3.34441,0,0,0
7.18218,1,-10.2024,-8.5428,2.17231,0.349936,0.0313432,0.150176,0.786815,0,0,0
7.18218,2,-18.9054,-12.2982,6.81839,3.52764,-0.235284,0.933135,8.88266,0,0,0
7.18218,3,7.38679,-10.0501,6.54972,-3.89379,0.544099,0.35964,13.1049,0,0,0
7.18218,4,-4.27631,-15.5753,7.58486,0.466148,0.0467714,0.436869,1.24885,0,0,0
7.18218,5,1.56533,-14.946,2.02924,-3.56669,-0.0891501,0.31026,12.2919,0,0,0
7.31407,0,-2.52961,-10.7228,2.60392,-0.61777,-1.29965,-0.558082,3.34441,0,0,0
7.31407,1,-10.1884,-8.5428,2.18856,0.333169,0.0267104,0.142666,0.756757,0,0,0
7.31407,2,-18.7615,-12.309,6.85982,3.4546,-0.227584,0.753055,8.88266,0,0,0
7.31407,3,7.0209,-10.0041,6.60203,-3.90889,0.529527,0.434116,12.7529,0,0,0
7.31407,4,-4.25994,-15.5746,7.60059,0.436677,0.0419296,0.425749,1.17984,0,0,0
7.31407,5,1.41028,-14.962,2.0183,-3.56278,-0.126641,0.161608,12.2919,0,0,0
7.44043,0,-2.52028,-10.7004,2.60434,-0.589256,-1.22033,-0.555914,3.14215,0,0,0
7.44043,1,-10.1742,-8.54228,2.19675,0.318759,0.0240365,0.142143,0.756757,0,0,0
7.44043,2,-18.6007,-12.3438,6.89738,3.50077,-0.318406,0.644843,8.50653,0,0,0
7.44043,3,6.85215,-9.98576,6.63329,-3.86054,0.507246,0.576397,12.7529,0,0,0
7.44043,4,-4.24442,-15.574,7.62722,0.411131,0.0371768,0.418186,1.17984,0,0,0
7.44043,5,1.20125,-14.9592,2.00385,-3.74219,-0.0800253,0.0276774,11.9337,0,0,0
7.5677,0,-2.54314,-10.766,2.55215,-0.568327,-1.22392,-0.532373,3.14215,0,0,0
7.5677,1,-10.1605,-8.54183,2.20402,0.305202,0.0215152,0.137785,0.724979,0,0,0
7.5677,2,-18.4075,-12.3873,6.93289,3.64928,-0.441029,0.540999,8.50653,0,0,0
7.5677,3,6.87464,-9.99172,6.63421,-3.77764,0.480221,0.612435,12.6031,0,0,0
7.5677,4,-4.24442,-15.574,7.62722,0.411131,0.0371768,0.418186,1.17984,0,0,0
7.5677,5,1.01094,-14.9714,1.99108,-3.81999,-0.0997385,-0.0776923,11.9337,0,0,0
7.69864,0,-2.56542,-10.831,2.5518,-0.546719,-1.22236,-0.539647,3.08179,0,0,0
7.69864,1,-10.1471,-8.5414,2.20403,0.292724,0.0192197,0.13718,0.724979,0,0,0
7.69864,2,-18.3059,-12.4043,6.96875,3.44698,-0.441473,0.367126,8.13771,0,0,0
7.69864,3,6.70657,-9.97321,6.7018,-3.74495,0.460459,0.635993,12.6031,0,0,0
7.69864,4,-4.2178,-15.573,7.66535,0.354813,0.0298457,0.397162,1.14951,0,0,0
7.69864,5,0.832077,-14.9718,1.98016,-3.82184,-0.133152,-0.238396,11.5335,0,0,0
7.83686,0,-2.58774,-10.8887,2.52833,-0.52915,-1.1948,-0.52697,3.08179,0,0,0
7.83686,1,-10.1339,-8.54099,2.21773,0.281306,0.0171276,0.131573,0.695128,0,0,0
7.83686,2,-18.1146,-12.4189,7.00632,3.55741,-0.434438,0.283786,8.13771,0,0,0
7.83686,3,6.35908,-9.92767,6.73758,-3.71535,0.461117,0.758643,11.0934,0,0,0
7.83686,4,-4.2016,-15.573,7.66613,0.34267,0.0240594,0.388891,1.14951,0,0,0
7.83686,5,0.640241,-14.9859,1.96881,-3.88033,-0.152723,-0.334726,11.5335,0,0,0
7.98251,0,-2.61014,-10.9463,2.50576,-0.514898,-1.17375,-0.520462,2.951,0,0,0
7.98251,1,-10.1207,-8.5403,2.21727,0.27203,0.0162658,0.133956,0.695128,0,0,0
7.98251,2,-17.9639,-12.4923,7.04473,3.5227,-0.614437,0.265877,7.83467,0,0,0
7.98251,3,6.18961,-9.90119,6.77375,-3.69287,0.4757,0.787999,11.0934,0,0,0
7.98251,4,-4.1876,-15.5721,7.6879,0.325355,0.0229965,0.37994,1.09221,0,0,0
7.98251,5,0.460078,-14.9898,1.95827,-3.8902,-0.14036,-0.437198,11.1619,0,0,0
8.12134,0,-2.62892,-10.9999,2.45719,-0.489711,-1.14305,-0.504106,2.951,0,0,0
8.12134,1,-10.108,-8.53995,2.23051,0.262558,0.0144205,0.127297,0.666236,0,0,0
8.12134,2,-17.815,-12.5337,7.07917,3.49305,-0.671564,0.232393,7.83467,0,0,0
8.12134,3,6.18961,-9.90119,6.77375,-3.69287,0.4757,0.787999,10.9184,0,0,0
8.12134,4,-4.1876,-15.5721,7.6879,0.325355,0.0229965,0.37994,1.09221,0,0,0
8.12134,5,0.278076,-14.9977,1.94672,-3.89808,-0.139279,-0.496687,11.1619,0,0,0
8.25752,0,-2.64587,-11.0512,2.43527,-0.461396,-1.10861,-0.494516,2.81526,0,0,0
8.25752,1,-10.0953,-8.53941,2.23681,0.254661,0.0133378,0.125434,0.666236,0,0,0
8.25752,2,-17.6458,-12.587,7.11592,3.53412,-0.768937,0.165238,7.51406,0,0,0
8.25752,3,5.89265,-9.89605,6.85303,-3.52898,0.342084,0.744258,10.9184,0,0,0
8.25752,4,-4.1622,-15.572,7.72583,0.291248,0.0158884,0.366505,1.02935,0,0,0
8.25752,5,0.128972,-15.0094,1.93747,-3.78866,-0.160611,-0.522235,10.799,0,0,0
8.38105,0,-2.68658,-11.1501,2.43493,-0.440531,-1.04297,-0.482561,2.81526,0,0,0
8.38105,1,-10.0831,-8.53928,2.23671,0.246225,0.0110235,0.123123,0.641016,0,0,0
8.38105,2,-17.5026,-12.6233,7.15309,3.4732,-0.780647,0.111467,7.51406,0,0,0
8.38105,3,5.70833,-9.85581,6.89375,-3.58624,0.415198,0.726158,10.4225,0,0,0
8.38105,4,-4.1622,-15.572,7.72583,0.291248,0.0158884,0.366505,1.02935,0,0,0
8.38105,5,-0.0736848,-15.0095,1.92574,-3.88555,-0.12376,-0.525678,10.799,0,0,0
8.50675,0,-2.69557,-11.1955,2.39822,-0.39297,-1.00268,-0.464426,2.65667,0,0,0
8.50675,1,-10.0707,-8.53873,2.24284,0.239933,0.0103534,0.119457,0.641016,0,0,0
8.50675,2,-17.3828,-12.6427,7.19162,3.33575,-0.724616,0.0953584,7.18464,0,0,0
8.50675,3,5.74727,-9.87061,6.89062,-3.45235,0.354152,0.649848,10.4225,0,0,0
8.50675,4,-4.13736,-15.5711,7.77899,0.263204,0.0130592,0.34403,1.02129,0,0,0
8.50675,5,-0.247587,-15.0179,1.91566,-3.86566,-0.129049,-0.511304,10.4465,0,0,0
8.65829,0,-2.72228,-11.2528,2.39467,-0.408141,-1.00244,-0.477186,2.65667,0,0,0
8.65829,1,-10.0608,-8.53817,2.25428,0.226173,0.0103692,0.115271,0.61346,0,0,0
8.65829,2,-17.2328,-12.6933,7.21985,3.32962,-0.791606,0.121682,7.18464,0,0,0
8.65829,3,5.41681,-9.83322,6.96472,-3.45398,0.354483,0.578784,10.1231,0,0,0
8.65829,4,-4.12488,-15.5702,7.79569,0.252954,0.013178,0.332603,1.02129,0,0,0
8.65829,5,-0.389135,-15.0292,1.90625,-3.72825,-0.152341,-0.522704,10.4465,0,0,0
8.79085,0,-2.73848,-11.3096,2.37252,-0.391476,-1.00726,-0.456091,2.54073,0,0,0
8.79085,1,-10.047,-8.53825,2.25999,0.228032,0.00702139,0.112811,0.61346,0,0,0
8.79085,2,-17.0964,-12.7165,7.23592,3.26705,-0.752625,0.18241,6.90076,0,0,0
8.79085,3,5.25264,-9.82099,7.00426,-3.44137,0.333592,0.640736,10.1231,0,0,0
8.79085,4,-4.11341,-15.5701,7.81066,0.241308,0.0108999,0.322086,0.944174,0,0,0
8.79085,5,-0.580768,-15.0291,1.89614,-3.79349,-0.118577,-0.481389,10.13,0,0,0
8.91955,0,-2.75317,-11.3562,2.33294,-0.371975,-0.977166,-0.444612,2.54073,0,0,0
8.91955,1,-10.035,-8.53752,2.26044,0.223853,0.00742984,0.111777,0.587356,0,0,0
8.91955,2,-16.9715,-12.7447,7.26327,3.16842,-0.726579,0.149082,6.90076,0,0,0
8.91955,3,5.07295,-9.7849,7.00593,-3.486,0.392672,0.597762,9.77366,0,0,0
8.91955,4,-4.11341,-15.5701,7.81066,0.241308,0.0108999,0.322086,0.944174,0,0,0
8.91955,5,-0.783461,-15.0449,1.88624,-3.88977,-0.148622,-0.420024,10.13,0,0,0
9.04901,0,-2.77117,-11.3979,2.31311,-0.367041,-0.935479,-0.437338,2.41817,0,0,0
9.04901,1,-10.0231,-8.53689,2.27158,0.21962,0.00745263,0.106319,0.587356,0,0,0
9.04901,2,-16.8088,-12.7745,7.28703,3.21957,-0.718705,0.1654,6.59313,0,0,0
9.04901,3,4.91562,-9.77117,7.0828,-3.46016,0.370944,0.486829,9.77366,0,0,0
9.04901,4,-4.10188,-15.5697,7.82723,0.231894,0.00989319,0.312038,0.925403,0,0,0
9.04901,5,-0.832181,-15.0622,1.88057,-3.43121,-0.210583,-0.447627,9.73486,0,0,0
9.19341,0,-2.78461,-11.4493,2.29545,-0.34865,-0.933405,-0.417586,2.41817,0,0,0
9.19341,1,-10.0116,-8.53636,2.27704,0.215305,0.00720185,0.105043,0.559258,0,0,0
9.19341,2,-16.7243,-12.7854,7.31923,2.99879,-0.640598,0.220343,6.59313,0,0,0
9.19341,3,4.76021,-9.7572,7.11745,-3.42751,0.354182,0.479566,9.44688,0,0,0
9.19341,4,-4.07844,-15.5679,7.84242,0.218882,0.0112022,0.297975,0.925403,0,0,0
9.19341,5,-1.02829,-15.0452,1.8706,-3.55108,-0.109229,-0.450393,9.73486,0,0,0
9.32917,0,-2.79965,-11.4936,2.27787,-0.338175,-0.909245,-0.402706,2.31298,0,0,0
9.32917,1,-10.0002,-8.5358,2.28264,0.211195,0.0070704,0.101001,0.559258,0,0,0
9.32917,2,-16.6045,-12.8014,7.33039,2.91679,-0.587589,0.224276,6.34175,0,0,0
9.32917,3,4.77637,-9.75817,7.14968,-3.36398,0.34756,0.487808,9.44688,0,0,0
9.32917,4,-4.06759,-15.5676,7.8573,0.211089,0.00980612,0.296089,0.878418,0,0,0
9.32917,5,-1.21493,-15.0537,1.86105,-3.61688,-0.111704,-0.388307,9.48986,0,0,0
9.46692,0,-2.81375,-11.5357,2.26073,-0.327112,-0.880894,-0.39071,2.31298,0,0,0
9.46692,1,-9.98901,-8.53523,2.28273,0.207315,0.00697567,0.100878,0.536259,0,0,0
9.46692,2,-16.5067,-12.8089,7.35956,2.76583,-0.508587,0.26588,6.34175,0,0,0
9.46692,3,4.46659,-9.71828,7.17877,-3.30014,0.355881,0.534213,9.14493,0,0,0
9.46692,4,-4.06759,-15.5676,7.8573,0.211089,0.00980612,0.296089,0.878418,0,0,0
9.46692,5,-1.37005,-15.0634,1.85262,-3.56185,-0.129065,-0.336976,9.48986,0,0,0
9.59097,0,-2.82752,-11.5763,2.24386,-0.316665,-0.852517,-0.377412,2.21538,0,0,0
9.59097,1,-9.97797,-8.53466,2.28781,0.20355,0.0069228,0.0987692,0.536259,0,0,0
9.59097,2,-16.3732,-12.8283,7.41162,2.73796,-0.486709,0.298803,6.12185,0,0,0
9.59097,3,4.50178,-9.73189,7.17616,-3.1528,0.30096,0.644553,9.14493,0,0,0
9.59097,4,-4.04412,-15.5668,7.89942,0.207069,0.0067614,0.280208,0.860113,0,0,0
9.59097,5,-1.52236,-15.0727,1.84449,-3.49729,-0.140817,-0.342184,9.14718,0,0,0
9.71167,0,-2.8413,-11.6153,2.22725,-0.307355,-0.823622,-0.366335,2.21538,0,0,0
9.71167,1,-9.97061,-8.53349,2.29687,0.18766,0.00987704,0.0958673,0.513672,0,0,0
9.71167,2,-16.2605,-12.8391,7.43691,2.63833,-0.434955,0.325992,6.12185,0,0,0
9.71167,3,4.33461,-9.7011,7.21149,-3.17546,0.352425,0.7153,9.0085,0,0,0
9.71167,4,-4.04412,-15.5668,7.89942,0.207069,0.0067614,0.280208,0.860113,0,0,0
9.71167,5,-1.70803,-15.0884,1.8347,-3.56143,-0.169794,-0.336028,9.14718,0,0,0
9.84618,0,-2.84049,-11.6119,2.22721,-0.306101,-0.811174,-0.367767,2.12482,0,0,0
9.84618,1,-9.95857,-8.53363,2.30125,0.190887,0.00658403,0.0948684,0.513672,0,0,0
9.84618,2,-16.1515,-12.8507,7.43806,2.56672,-0.401304,0.308135,5.86762,0,0,0
9.84618,3,4.0347,-9.66117,7.27561,-3.10611,0.358842,0.798126,9.0085,0,0,0
9.84618,4,-4.03466,-15.5653,7.90036,0.196786,0.0103724,0.276103,0.81316,0,0,0
9.84618,5,-1.79954,-15.0988,1.83016,-3.29749,-0.191126,-0.322977,8.80796,0,0,0
9.97693,0,-2.85523,-11.6496,2.21092,-0.300986,-0.782422,-0.356497,2.12482,0,0,0
9.97693,1,-9.94999,-8.53305,2.30625,0.181537,0.00716361,0.0920939,0.491044,0,0,0
9.97693,2,-16.0427,-12.8596,7.46265,2.50284,-0.367111,0.29766,5.86762,0,0,0
9.97693,3,3.91821,-9.65412,7.27216,-2.97103,0.31788,0.834359,8.58521,0,0,0
9.97693,4,-4.02495,-15.5635,7.92757,0.188944,0.0143799,0.262711,0.81316,0,0,0
9.97693,5,-1.8599,-15.1045,1.82436,-2.94598,-0.200603,-0.354756,8.80796,0,0,0
10.0987,0,-2.87038,-11.6861,2.19599,-0.298934,-0.756168,-0.342977,2.08447,0,0,0
10.0987,1,-9.93621,-8.53301,2.31099,0.191932,0.00424545,0.0896658,0.491044,0,0,0
10.0987,2,-15.9363,-12.8677,7.51152,2.43871,-0.335102,0.293499,5.65039,0,0,0
10.0987,3,3.77031,-9.63728,7.30118,-2.97484,0.319695,0.75171,8.58521,0,0,0
10.0987,4,-4.00266,-15.5633,7.93713,0.185989,0.00970597,0.261235,0.779284,0,0,0
10.0987,5,-2.07104,-15.1013,1.81275,-3.18336,-0.136875,-0.246452,8.65523,0,0,0
10.2243,0,-2.90038,-11.7578,2.16377,-0.290844,-0.706504,-0.334194,2.08447,0,0,0
10.2243,1,-9.92548,-8.53192,2.31617,0.190221,0.00636932,0.0867323,0.464589,0,0,0
10.2243,2,-15.8119,-12.8761,7.51252,2.42599,-0.310716,0.297501,5.65039,0,0,0
10.2243,3,3.75193,-9.62286,7.36034,-3.05845,0.376072,0.634044,8.40559,0,0,0
10.2243,4,-4.00232,-15.5622,7.95284,0.187393,0.0137488,0.248941,0.779284,0,0,0
10.2243,5,-2.2371,-15.1109,1.80543,-3.22346,-0.140971,-0.16711,8.65523,0,0,0
10.3491,0,-2.90063,-11.7537,2.16368,-0.289723,-0.687599,-0.344467,1.95839,0,0,0
10.3491,1,-9.91522,-8.53115,2.32036,0.187455,0.00713531,0.0840773,0.464589,0,0,0
10.3491,2,-15.7011,-12.8848,7.55736,2.39363,-0.2961,0.261607,5.41601,0,0,0
10.3491,3,3.45948,-9.5771,7.35666,-3.0236,0.399925,0.577195,8.40559,0,0,0
10.3491,4,-3.99181,-15.5612,7.96538,0.185601,0.0143867,0.239383,0.74537,0,0,0
10.3491,5,-2.36355,-15.1345,1.79729,-3.10998,-0.20308,-0.186755,8.2777,0,0,0
10.4935,0,-2.91641,-11.7825,2.14838,-0.287223,-0.642237,-0.339254,1.95839,0,0,0
10.4935,1,-9.90523,-8.53046,2.32451,0.184346,0.00755791,0.0812688,0.442644,0,0,0
10.4935,2,-15.6075,-12.8806,7.57772,2.2999,-0.228254,0.252678,5.41601,0,0,0
10.4935,3,3.5109,-9.5973,7.37761,-2.83657,0.321429,0.571317,8.16323,0,0,0
10.4935,4,-3.97261,-15.5595,7.97723,0.17533,0.0146873,0.232462,0.74537,0,0,0
10.4935,5,-2.52307,-15.1419,1.78889,-3.12995,-0.190586,-0.227881,8.2777,0,0,0
10.6306,0,-2.93434,-11.815,2.13528,-0.29377,-0.621736,-0.324768,1.92637,0,0,0
10.6306,1,-9.89556,-8.52948,2.32404,0.180811,0.00918511,0.0819391,0.442644,0,0,0
10.6306,2,-15.5088,-12.8797,7.59691,2.2371,-0.181871,0.245599,5.22698,0,0,0
10.6306,3,3.21607,-9.56698,7.43472,-2.85826,0.312712,0.544568,8.16323,0,0,0
10.6306,4,-3.95266,-15.5575,7.98879,0.171763,0.015806,0.226805,0.707237,0,0,0
10.6306,5,-2.64598,-15.1649,1.78199,-3.01752,-0.243544,-0.228228,7.99019,0,0,0
10.7848,0,-2.96699,-11.8785,2.12205,-0.293575,-0.584074,-0.31426,1.92637,0,0,0
10.7848,1,-9.8876,-8.52913,2.32784,0.172629,0.0084644,0.0803205,0.425118,0,0,0
10.7848,2,-15.4268,-12.8727,7.61589,2.10372,-0.113745,0.260032,5.22698,0,0,0
10.7848,3,3.01912,-9.51885,7.46796,-3.01894,0.416502,0.578978,7.6577,0,0,0
10.7848,4,-3.94292,-15.5564,8.00013,0.169056,0.0161962,0.226957,0.685225,0,0,0
10.7848,5,-2.80014,-15.1718,1.77416,-3.03127,-0.223835,-0.250686,7.71173,0,0,0
10.9107,0,-2.96978,-11.8761,2.10901,-0.301332,-0.572777,-0.310966,1.81666,0,0,0
10.9107,1,-9.87687,-8.52892,2.33278,0.174862,0.00672226,0.0799356,0.425118,0,0,0
10.9107,2,-15.3188,-12.8722,7.6142,2.10117,-0.086605,0.271393,5.04462,0,0,0
10.9107,3,2.86885,-9.50565,7.49566,-3.0193,0.393046,0.531121,7.6577,0,0,0
10.9107,4,-3.94292,-15.5564,8.00013,0.169056,0.0161962,0.226957,0.685225,0,0,0
10.9107,5,-2.93439,-15.1806,1.76711,-2.9742,-0.221769,-0.266375,7.71173,0,0,0
11.0464,0,-3.00203,-11.9296,2.08367,-0.298311,-0.518779,-0.286702,1.81666,0,0,0
11.0464,1,-9.86886,-8.52779,2.33704,0.167257,0.00913858,0.0788271,0.404208,0,0,0
11.0464,2,-15.2381,-12.8601,7.63383,2.00172,-0.0136584,0.282987,5.04462,0,0,0
11.0464,3,2.72592,-9.48521,7.51932,-3.00782,0.398961,0.395025,7.35842,0,0,0
11.0464,4,-3.93337,-15.5554,8.02263,0.166997,0.0166695,0.218178,0.685225,0,0,0
11.0464,5,-3.07101,-15.2043,1.75974,-2.92798,-0.269355,-0.271521,7.71173,0,0,0
11.1802,0,-3.01823,-11.9514,2.07243,-0.299111,-0.48786,-0.256352,1.74782,0,0,0
11.1802,1,-9.86006,-8.52745,2.34491,0.162667,0.00786672,0.0746999,0.404208,0,0,0
11.1802,2,-15.1341,-12.855,7.65173,2.00178,0.0206126,0.284251,4.85895,0,0,0
11.1802,3,2.5965,-9.45807,7.54177,-2.94771,0.423853,0.244209,7.35842,0,0,0
11.1802,4,-3.92385,-15.5542,8.03357,0.164954,0.0175244,0.213409,0.647117,0,0,0
11.1802,5,-3.20442,-15.2222,1.75252,-2.88079,-0.287814,-0.257171,7.43941,0,0,0
11.3071,0,-3.01842,-11.9471,2.07261,-0.299393,-0.473243,-0.253893,1.74782,0,0,0
11.3071,1,-9.85137,-8.52703,2.34841,0.159572,0.00738743,0.0726821,0.383633,0,0,0
11.3071,2,-15.0396,-12.84,7.67183,1.96466,0.0884034,0.292783,4.85895,0,0,0
11.3071,3,2.45592,-9.43881,7.56355,-2.9235,0.42154,0.210645,6.12254,0,0,0
11.3071,4,-3.91522,-15.5538,8.04408,0.160519,0.0161263,0.206836,0.647117,0,0,0
11.3071,5,-3.33562,-15.2403,1.74541,-2.83188,-0.303279,-0.25445,7.43941,0,0,0
11.4503,0,-3.04813,-11.9887,2.06204,-0.29061,-0.414263,-0.241963,1.72378,0,0,0
11.4503,1,-9.84117,-8.52653,2.3483,0.162291,0.00681355,0.0714968,0.383633,0,0,0
11.4503,2,-14.9484,-12.8268,7.71094,1.92381,0.142199,0.274251,4.62708,0,0,0
11.4503,3,2.34095,-9.42796,7.58211,-2.81018,0.384166,0.197562,6.12254,0,0,0
11.4503,4,-3.90594,-15.5525,8.05427,0.158683,0.0173836,0.200436,0.618996,0,0,0
11.4503,5,-3.46269,-15.2565,1.73832,-2.77822,-0.312184,-0.246899,7.17328,0,0,0
11.577,0,-3.06173,-12.0048,2.05109,-0.283816,-0.379187,-0.231411,1.72378,0,0,0
11.577,1,-9.83243,-8.52568,2.35528,0.159649,0.00791393,0.0663859,0.363474,0,0,0
11.577,2,-14.859,-12.8147,7.71301,1.8837,0.184657,0.270704,4.62708,0,0,0
11.577,3,2.19327,-9.41765,7.6079,-2.82746,0.356661,0.169502,5.87221,0,0,0
11.577,4,-3.9053,-15.5526,8.06417,0.160875,0.016653,0.194189,0.618996,0,0,0
11.577,5,-3.5923,-15.2773,1.73117,-2.73872,-0.333092,-0.230866,6.91516,0,0,0
11.7155,0,-3.07442,-12.0195,2.03158,-0.273716,-0.342898,-0.22186,1.65274,0,0,0
11.7155,1,-9.82403,-8.52501,2.35871,0.156453,0.00833239,0.0655154,0.363474,0,0,0
11.7155,2,-14.7711,-12.8044,7.73313,1.84502,0.212957,0.254767,4.44069,0,0,0
11.7155,3,2.07369,-9.38935,7.62377,-2.74019,0.380912,0.181953,5.87221,0,0,0
11.7155,4,-3.89767,-15.5513,8.06418,0.154118,0.0184248,0.194648,0.597485,0,0,0
11.7155,5,-3.70033,-15.2997,1.72547,-2.6303,-0.361443,-0.212974,6.91516,0,0,0
11.8556,0,-3.08526,-12.0321,2.03265,-0.25968,-0.306812,-0.224001,1.65274,0,0,0
11.8556,1,-9.81572,-8.52424,2.36178,0.153554,0.00904085,0.0642553,0.345501,0,0,0
11.8556,2,-14.6988,-12.7949,7.76663,1.75814,0.235303,0.242311,4.44069,0,0,0
11.8556,3,1.92469,-9.36063,7.64651,-2.77435,0.420021,0.14331,5.61092,0,0,0
11.8556,4,-3.88119,-15.5491,8.07381,0.147274,0.0192608,0.191464,0.597485,0,0,0
11.8556,5,-3.82283,-15.3076,1.71767,-2.59475,-0.328828,-0.209803,6.91516,0,0,0
11.9852,0,-3.09556,-12.0436,2.01427,-0.247077,-0.273733,-0.206895,1.61565,0,0,0
11.9852,1,-9.80794,-8.52382,2.36463,0.149466,0.00855418,0.0629293,0.345501,0,0,0
11.9852,2,-14.6303,-12.7903,7.76662,1.67237,0.23774,0.246865,4.27253,0,0,0
11.9852,3,1.79444,-9.34593,7.66814,-2.73401,0.401091,0.0915881,5.61092,0,0,0
11.9852,4,-3.87126,-15.5486,8.0928,0.150459,0.0176713,0.184775,0.5739,0,0,0
11.9852,5,-3.94538,-15.3353,1.71034,-2.55879,-0.370339,-0.18474,6.68348,0,0,0
12.1114,0,-3.10585,-12.0568,2.00234,-0.235248,-0.250357,-0.205412,1.61565,0,0,0
12.1114,1,-9.8012,-8.52284,2.36802,0.142348,0.0103162,0.0611811,0.337218,0,0,0
12.1114,2,-14.52,-12.7948,7.78359,1.74486,0.192535,0.257194,4.27253,0,0,0
12.1114,3,1.66916,-9.32934,7.68773,-2.68344,0.390293,0.0219769,5.36831,0,0,0
12.1114,4,-3.87017,-15.5484,8.0929,0.155016,0.0184932,0.186681,0.5739,0,0,0
12.1114,5,-4.09137,-15.3584,1.70312,-2.60964,-0.384174,-0.18528,6.68348,0,0,0
12.2423,0,-3.11402,-12.0678,1.99205,-0.218438,-0.223532,-0.200891,1.5781,0,0,0
12.2423,1,-9.79379,-8.52245,2.37123,0.138998,0.00961593,0.0599094,0.337218,0,0,0
12.2423,2,-14.4475,-12.7899,7.79367,1.67452,0.194119,0.261128,4.09401,0,0,0
12.2423,3,1.54787,-9.3122,7.70528,-2.6225,0.382288,-0.0564029,5.36831,0,0,0
12.2423,4,-3.85416,-15.5464,8.11116,0.148059,0.0185584,0.176683,0.552352,0,0,0
12.2423,5,-4.20176,-15.3876,1.69691,-2.52901,-0.42784,-0.189411,6.41341,0,0,0
12.3678,0,-3.11043,-12.0667,1.99257,-0.205675,-0.221658,-0.202812,1.5781,0,0,0
12.3678,1,-9.78752,-8.52168,2.37427,0.132255,0.0106774,0.0586743,0.321556,0,0,0
12.3678,2,-14.35,-12.7966,7.80899,1.70839,0.14215,0.252376,4.09401,0,0,0
12.3678,3,1.43043,-9.29497,7.71873,-2.55478,0.375424,-0.12415,5.14066,0,0,0
12.3678,4,-3.8463,-15.5459,8.11951,0.145017,0.0173303,0.174904,0.552352,0,0,0
12.3678,5,-4.31511,-15.4005,1.69133,-2.47326,-0.404764,-0.196346,6.41341,0,0,0
12.4958,0,-3.11647,-12.0806,1.98305,-0.185671,-0.210223,-0.197061,1.56485,0,0,0
12.4958,1,-9.77841,-8.52193,2.37722,0.136702,0.00717332,0.0574623,0.321556,0,0,0
12.4958,2,-14.2689,-12.804,7.82572,1.67884,0.096815,0.251584,3.92274,0,0,0
12.4958,3,1.31695,-9.27776,7.73049,-2.48098,0.368895,-0.190931,5.14066,0,0,0
12.4958,4,-3.83914,-15.5442,8.11935,0.140675,0.0199426,0.172973,0.516529,0,0,0
12.4958,5,-4.422,-15.4275,1.68417,-2.40267,-0.436519,-0.171437,6.18865,0,0,0
12.633,0,-3.12476,-12.0918,1.97343,-0.175733,-0.192351,-0.196454,1.56485,0,0,0
12.633,1,-9.7713,-8.52132,2.38055,0.133404,0.00761314,0.0550583,0.305072,0,0,0
12.633,2,-14.1888,-12.813,7.84236,1.65116,0.0488984,0.23958,3.92274,0,0,0
12.633,3,1.24819,-9.27012,7.73883,-2.26213,0.320409,-0.208268,4.9672,0,0,0
12.633,4,-3.83002,-15.5439,8.13689,0.142857,0.0176367,0.162863,0.516529,0,0,0
12.633,5,-4.57179,-15.4385,1.6781,-2.49671,-0.3975,-0.153403,6.18865,0,0,0
12.7549,0,-3.13157,-12.1037,1.96368,-0.16151,-0.179674,-0.194994,1.53228,0,0,0
12.7549,1,-9.76436,-8.52073,2.38336,0.130134,0.00787175,0.0537928,0.305072,0,0,0
12.7549,2,-14.1104,-12.8236,7.85863,1.62115,0.00171139,0.229125,3.75997,0,0,0
12.7549,3,1.10943,-9.23678,7.74338,-2.3206,0.388087,-0.260049,4.9672,0,0,0
12.7549,4,-3.82931,-15.5438,8.13707,0.145382,0.0179025,0.165,0.492631,0,0,0
12.7549,5,-4.67739,-15.465,1.67291,-2.41731,-0.428113,-0.16095,5.9312,0,0,0
12.8902,0,-3.13974,-12.1293,1.94238,-0.11882,-0.165151,-0.186604,1.53228,0,0,0
12.8902,1,-9.75755,-8.52011,2.38556,0.126992,0.00822702,0.0535492,0.28969,0,0,0
12.8902,2,-14.0605,-12.8265,7.87551,1.49481,-0.00610807,0.225649,3.75997,0,0,0
12.8902,3,1.02096,-9.23068,7.7453,-2.19885,0.338491,-0.223525,4.74592,0,0,0
12.8902,4,-3.81507,-15.5424,8.14526,0.13705,0.0165591,0.158332,0.492631,0,0,0
12.8902,5,-4.7942,-15.4828,1.66689,-2.38995,-0.421169,-0.186695,5.9312,0,0,0
13.026,0,-3.1473,-12.1384,1.93288,-0.115983,-0.147139,-0.184927,1.48466,0,0,0
13.026,1,-9.75107,-8.51965,2.38834,0.123331,0.0080434,0.0524449,0.28969,0,0,0
13.026,2,-13.9629,-12.8496,7.90589,1.55748,-0.093804,0.203733,3.62957,0,0,0
13.026,3,0.908624,-9.20574,7.74706,-2.17876,0.367978,-0.230091,4.74592,0,0,0
13.026,4,-3.81532,-15.5418,8.15315,0.135881,0.0185973,0.156313,0.47635,0,0,0
13.026,5,-4.92735,-15.497,1.66132,-2.42637,-0.397514,-0.166093,5.70827,0,0,0
13.177,0,-3.14702,-12.1444,1.92369,-0.114468,-0.168652,-0.178933,1.48466,0,0,0
13.177,1,-9.74589,-8.51916,2.3914,0.115832,0.00827276,0.051418,0.275485,0,0,0
13.177,2,-13.8856,-12.8553,7.9196,1.53512,-0.103814,0.207139,3.62957,0,0,0
13.177,3,0.812553,-9.19106,7.74965,-2.10164,0.354175,-0.25127,4.54283,0,0,0
13.177,4,-3.80057,-15.5406,8.16857,0.132035,0.0163516,0.148935,0.47635,0,0,0
13.177,5,-5.04554,-15.5161,1.65624,-2.40195,-0.396442,-0.175984,5.45672,0,0,0
13.3103,0,-3.15329,-12.1699,1.91477,-0.0827943,-0.161214,-0.173152,1.46348,0,0,0
13.3103,1,-9.73882,-8.51894,2.39359,0.116144,0.00699411,0.0501737,0.275485,0,0,0
13.3103,2,-13.8856,-12.8553,7.9196,1.53512,-0.103814,0.207139,3.45336,0,0,0
13.3103,3,0.739534,-9.17762,7.74938,-1.95273,0.331307,-0.29408,4.54283,0,0,0
13.3103,4,-3.79365,-15.5398,8.17612,0.128911,0.0162667,0.146505,0.44926,0,0,0
13.3103,5,-5.16118,-15.5323,1.65136,-2.37102,-0.385661,-0.203496,5.45672,0,0,0
13.448,0,-3.15196,-12.1746,1.90672,-0.0780896,-0.178328,-0.168056,1.46348,0,0,0
13.448,1,-9.73454,-8.518,2.3961,0.106744,0.00915513,0.0490462,0.262142,0,0,0
13.448,2,-13.8373,-12.8553,7.92023,1.41651,-0.0854831,0.202621,3.45336,0,0,0
13.448,3,0.636027,-9.16658,7.74313,-1.93647,0.311003,-0.317062,4.36995,0,0,0
13.448,4,-3.79328,-15.5398,8.17616,0.130441,0.0161297,0.1464,0.44926,0,0,0
13.448,5,-5.25843,-15.5501,1.64712,-2.2818,-0.385464,-0.210298,5.45672,0,0,0
13.5788,0,-3.15587,-12.1891,1.90684,-0.0691561,-0.180566,-0.169585,1.42939,0,0,0
13.5788,1,-9.72725,-8.51829,2.39855,0.109628,0.00589557,0.0479514,0.262142,0,0,0
13.5788,2,-13.6697,-12.868,7.94461,1.44161,-0.103009,0.192987,3.31058,0,0,0
13.5788,3,0.54981,-9.13937,7.73531,-1.86506,0.343084,-0.342694,4.36995,0,0,0
13.5788,4,-3.77402,-15.5376,8.19065,0.119326,0.0150119,0.143391,0.438712,0,0,0
13.5788,5,-5.25843,-15.5501,1.64712,-2.2818,-0.385464,-0.210298,5.24387,0,0,0
13.7008,0,-3.15953,-12.2168,1.89007,-0.0431029,-0.180659,-0.159093,1.42939,0,0,0
13.7008,1,-9.72138,-8.51766,2.40132,0.10585,0.00659668,0.046801,0.249539,0,0,0
13.7008,2,-13.5981,-12.865,7.95685,1.41933,-0.0756371,0.174999,3.31058,0,0,0
13.7008,3,0.468599,-9.12124,7.72614,-1.78504,0.341953,-0.38232,4.1999,0,0,0
13.7008,4,-3.77402,-15.5376,8.19065,0.119326,0.0150119,0.143391,0.438712,0,0,0
13.7008,5,-5.47945,-15.5729,1.63805,-2.2343,-0.338656,-0.184809,5.24387,0,0,0
13.8243,0,-3.15913,-12.225,1.88994,-0.0412051,-0.210253,-0.163814,1.38373,0,0,0
13.8243,1,-9.71589,-8.51728,2.40329,0.102654,0.00640157,0.0455437,0.249539,0,0,0
13.8243,2,-13.5981,-12.865,7.95685,1.41933,-0.0756371,0.174999,3.16642,0,0,0
13.8243,3,0.388069,-9.10486,7.71346,-1.71582,0.334592,-0.414779,4.1999,0,0,0
13.8243,4,-3.77369,-15.5377,8.19782,0.12072,0.0146838,0.140894,0.414973,0,0,0
13.8243,5,-5.47945,-15.5729,1.63805,-2.2343,-0.338656,-0.184809,5.02297,0,0,0
13.9519,0,-3.16219,-12.2535,1.87335,-0.0216188,-0.206866,-0.156567,1.38373,0,0,0
13.9519,1,-9.71211,-8.5165,2.40556,0.0929749,0.00802363,0.0444364,0.237194,0,0,0
13.9519,2,-13.5393,-12.8584,7.96902,1.35562,-0.0354299,0.180491,3.16642,0,0,0
13.9519,3,0.309567,-9.08882,7.69734,-1.65241,0.328689,-0.437375,4.03647,0,0,0
13.9519,4,-3.76762,-15.5373,8.2112,0.117292,0.0133885,0.134328,0.414973,0,0,0
13.9519,5,-5.58534,-15.58,1.63382,-2.19933,-0.305175,-0.181726,5.02297,0,0,0
14.0939,0,-3.16326,-12.2728,1.86499,-0.0126296,-0.221884,-0.156803,1.34432,0,0,0
14.0939,1,-9.70565,-8.51683,2.40714,0.0946778,0.00736874,0.0436226,0.237194,0,0,0
14.0939,2,-13.4632,-12.8562,7.99292,1.36292,-0.0189437,0.172751,3.02726,0,0,0
14.0939,3,0.231599,-9.07443,7.67994,-1.59724,0.318396,-0.463347,4.03647,0,0,0
14.0939,4,-3.75658,-15.5355,8.21109,0.107986,0.014638,0.136422,0.395496,0,0,0
14.0939,5,-5.68178,-15.5974,1.62969,-2.13368,-0.315116,-0.19063,4.91714,0,0,0
14.2287,0,-3.16435,-12.2928,1.85646,-0.00499791,-0.236471,-0.155127,1.34432,0,0,0
14.2287,1,-9.69964,-8.51645,2.40971,0.0941932,0.00683458,0.0425745,0.219725,0,0,0
14.2287,2,-13.3957,-12.8469,8.0047,1.33813,0.0214257,0.171415,3.02726,0,0,0
14.2287,3,0.145453,-9.05236,7.65739,-1.5813,0.337716,-0.514731,3.86445,0,0,0
14.2287,4,-3.75524,-15.5359,8.22485,0.112956,0.0128463,0.127814,0.395496,0,0,0
14.2287,5,-5.91597,-15.6186,1.62209,-2.16789,-0.281537,-0.188437,4.91714,0,0,0
14.3617,0,-3.16643,-12.3016,1.85616,-0.011889,-0.267374,-0.156635,1.30274,0,0,0
14.3617,1,-9.69539,-8.51585,2.41203,0.0887916,0.00754782,0.041619,0.219725,0,0,0
14.3617,2,-13.3207,-12.8383,8.00615,1.34481,0.0509429,0.162158,2.88347,0,0,0
14.3617,3,0.0821675,-9.04497,7.63583,-1.48482,0.299243,-0.542482,3.86445,0,0,0
14.3617,4,-3.74378,-15.5346,8.22503,0.107014,0.0125357,0.130117,0.377027,0,0,0
14.3617,5,-6.03955,-15.6208,1.62203,-2.1997,-0.241305,-0.210807,4.58719,0,0,0
14.4998,0,-3.16712,-12.3388,1.84723,0.00601653,-0.275681,-0.153306,1.30274,0,0,0
14.4998,1,-9.68994,-8.51573,2.41415,0.0876137,0.00614766,0.0405289,0.209033,0,0,0
14.4998,2,-13.2548,-12.8255,8.02891,1.3174,0.0931126,0.145814,2.88347,0,0,0
14.4998,3,0.00987436,-9.03051,7.6117,-1.43716,0.29445,-0.564772,3.71975,0,0,0
14.4998,4,-3.74332,-15.5346,8.23146,0.108572,0.0123776,0.124927,0.377027,0,0,0
14.4998,5,-6.03151,-15.6135,1.61563,-2.16665,-0.215299,-0.253422,4.58719,0,0,0
14.6416,0,-3.16883,-12.3604,1.83933,0.00827248,-0.290234,-0.152596,1.25687,0,0,0
14.6416,1,-9.68609,-8.51532,2.41648,0.082014,0.00632179,0.0387034,0.209033,0,0,0
14.6416,2,-13.1917,-12.8136,8.04016,1.28608,0.125688,0.141042,2.74859,0,0,0
14.6416,3,-0.0618062,-9.01714,7.58614,-1.39721,0.288688,-0.576261,3.71975,0,0,0
14.6416,4,-3.73239,-15.5335,8.24376,0.102547,0.0117694,0.118872,0.364031,0,0,0
14.6416,5,-6.11885,-15.6233,1.61607,-2.07567,-0.2126,-0.242309,4.47143,0,0,0
14.7773,0,-3.17073,-12.3823,1.82393,0.00921392,-0.303714,-0.147568,1.25687,0,0,0
14.7773,1,-9.68174,-8.51515,2.4179,0.0791801,0.00545116,0.0386343,0.199995,0,0,0
14.7773,2,-13.1387,-12.8006,8.04023,1.2004,0.158264,0.14739,2.74859,0,0,0
14.7773,3,-0.132723,-9.00452,7.56297,-1.36107,0.281261,-0.579272,3.56693,0,0,0
14.7773,4,-3.72689,-15.533,8.2438,0.100322,0.0113604,0.120342,0.364031,0,0,0
14.7773,5,-6.21724,-15.6259,1.61103,-2.04013,-0.181172,-0.226325,4.47143,0,0,0
14.9089,0,-3.1716,-12.4039,1.81597,0.0132174,-0.31298,-0.145959,1.20939,0,0,0
14.9089,1,-9.67671,-8.51499,2.41996,0.0792005,0.00451118,0.0375441,0.199995,0,0,0
14.9089,2,-13.0813,-12.7921,8.06078,1.16763,0.168777,0.144807,2.63464,0,0,0
14.9089,3,-0.213058,-8.98643,7.53166,-1.3662,0.296711,-0.582304,3.56693,0,0,0
14.9089,4,-3.72177,-15.5327,8.25511,0.0974636,0.0102062,0.112673,0.343809,0,0,0
14.9089,5,-6.32523,-15.6277,1.61068,-2.05053,-0.157146,-0.215055,4.28605,0,0,0
15.0398,0,-3.1768,-12.4233,1.80891,0.00264178,-0.316582,-0.142239,1.20939,0,0,0
15.0398,1,-9.67241,-8.51462,2.42191,0.0767528,0.00458353,0.0368778,0.189835,0,0,0
15.0398,2,-13.014,-12.7826,8.06087,1.16315,0.177628,0.157944,2.63464,0,0,0
15.0398,3,-0.273168,-8.98192,7.50564,-1.29607,0.25313,-0.576025,3.41409,0,0,0
15.0398,4,-3.7172,-15.5317,8.26074,0.0932249,0.0115049,0.111471,0.343809,0,0,0
15.0398,5,-6.42719,-15.6304,1.60593,-2.03423,-0.134026,-0.179775,4.28605,0,0,0
15.1644,0,-3.17663,-12.4474,1.80183,0.0104245,-0.334909,-0.139805,1.16579,0,0,0
15.1644,1,-9.66896,-8.51424,2.4233,0.071853,0.00491581,0.0362358,0.189835,0,0,0
15.1644,2,-12.9648,-12.7714,8.08132,1.10847,0.194759,0.149179,2.51478,0,0,0
15.1644,3,-0.329926,-8.97483,7.48299,-1.22509,0.228795,-0.566499,3.41409,0,0,0
15.1644,4,-3.7114,-15.5316,8.26668,0.0933925,0.00970466,0.107993,0.324697,0,0,0
15.1644,5,-6.51642,-15.6283,1.606,-1.97333,-0.0985519,-0.170381,4.07627,0,0,0
15.3107,0,-3.18133,-12.4669,1.80186,0.00119128,-0.336347,-0.141706,1.16579,0,0,0
15.3107,1,-9.66514,-8.51414,2.42513,0.0691427,0.00405449,0.0352441,0.181866,0,0,0
15.3107,2,-12.901,-12.7642,8.08161,1.11517,0.191234,0.151105,2.51478,0,0,0
15.3107,3,-0.407286,-8.95797,7.455,-1.24302,0.250127,-0.550676,3.26904,0,0,0
15.3107,4,-3.70652,-15.5311,8.27225,0.0907366,0.00957379,0.105997,0.324697,0,0,0
15.3107,5,-6.59846,-15.6381,1.60134,-1.89389,-0.111516,-0.160129,4.07627,0,0,0
15.4377,0,-3.18261,-12.4751,1.78807,-0.000336084,-0.368162,-0.134905,1.12251,0,0,0
15.4377,1,-9.66066,-8.51399,2.42718,0.0691762,0.00329489,0.0346588,0.181866,0,0,0
15.4377,2,-12.8446,-12.7545,8.10106,1.09424,0.197977,0.141139,2.39186,0,0,0
15.4377,3,-0.473865,-8.94733,7.43015,-1.22208,0.24322,-0.526997,3.26904,0,0,0
15.4377,4,-3.70206,-15.5308,8.27722,0.0872798,0.00857782,0.103577,0.309008,0,0,0
15.4377,5,-6.69695,-15.6292,1.59903,-1.8892,-0.0536846,-0.149705,3.9053,0,0,0
15.5677,0,-3.18857,-12.5163,1.78128,-0.00705222,-0.373083,-0.132465,1.12251,0,0,0
15.5677,1,-9.6574,-8.51354,2.42902,0.0650354,0.0040123,0.0338656,0.176943,0,0,0
15.5677,2,-12.7869,-12.7502,8.10101,1.05933,0.187159,0.147419,2.39186,0,0,0
15.5677,3,-0.541365,-8.93861,7.40537,-1.20394,0.230455,-0.516301,3.125,0,0,0
15.5677,4,-3.6981,-15.53,8.28227,0.0827161,0.00965971,0.100368,0.309008,0,0,0
15.5677,5,-6.8795,-15.6332,1.59876,-1.83244,-0.0361302,-0.145093,3.9053,0,0,0
15.7059,0,-3.19344,-12.5393,1.77475,-0.0152481,-0.382073,-0.127556,1.06943,0,0,0
15.7059,1,-9.65326,-8.51351,2.43073,0.0647718,0.00291959,0.0330225,0.176943,0,0,0
15.7059,2,-12.7375,-12.7393,8.11977,1.02394,0.199253,0.13576,2.28216,0,0,0
15.7059,3,-0.606941,-8.92901,7.38138,-1.18422,0.222762,-0.505207,3.125,0,0,0
15.7059,4,-3.69303,-15.5299,8.28764,0.0824466,0.00805566,0.097267,0.295891,0,0,0
15.7059,5,-6.9612,-15.6286,1.59664,-1.77863,-0.0101027,-0.17016,3.62429,0,0,0
15.8378,0,-3.19824,-12.5619,1.76836,-0.0223404,-0.387727,-0.127768,1.06943,0,0,0
15.8378,1,-9.65015,-8.51307,2.4323,0.0609754,0.00368077,0.032203,0.165228,0,0,0
15.8378,2,-12.694,-12.7319,8.12884,0.974957,0.198176,0.130825,2.28216,0,0,0
15.8378,3,-0.671157,-8.91913,7.35919,-1.16397,0.216882,-0.488515,2.98601,0,0,0
15.8378,4,-3.68871,-15.5295,8.29257,0.0799153,0.00792003,0.0942769,0.281967,0,0,0
15.8378,5,-7.03141,-15.634,1.59338,-1.69553,-0.0199151,-0.178944,3.62429,0,0,0
15.9775,0,-3.20167,-12.5645,1.76811,-0.0342582,-0.39628,-0.130458,1.02131,0,0,0
15.9775,1,-9.64674,-8.51291,2.43395,0.0589643,0.00322856,0.0314387,0.165228,0,0,0
15.9775,2,-12.6361,-12.7274,8.12813,0.984397,0.18331,0.129043,2.18011,0,0,0
15.9775,3,-0.735399,-8.91038,7.33754,-1.14584,0.207971,-0.477605,2.98601,0,0,0
15.9775,4,-3.68848,-15.5295,8.29262,0.0807595,0.00790056,0.0950234,0.281967,0,0,0
15.9775,5,-7.12514,-15.6232,1.59353,-1.70176,0.0254363,-0.166702,3.47243,0,0,0
16.1249,0,-3.20649,-12.5864,1.76198,-0.0409868,-0.400128,-0.127648,1.02131,0,0,0
16.1249,1,-9.6429,-8.51287,2.43553,0.0588492,0.00231761,0.0306798,0.157299,0,0,0
16.1249,2,-12.5938,-12.7201,8.13635,0.937982,0.183541,0.12457,2.18011,0,0,0
16.1249,3,-0.798217,-8.90146,7.3166,-1.12643,0.201028,-0.467143,2.8509,0,0,0
16.1249,4,-3.68052,-15.5287,8.30189,0.0747506,0.00727373,0.0891722,0.281967,0,0,0
16.1249,5,-7.20371,-15.6203,1.59146,-1.6589,0.0386797,-0.156842,3.47243,0,0,0
16.271,0,-3.21377,-12.6282,1.75577,-0.0437911,-0.399865,-0.125502,0.994712,0,0,0
16.271,1,-9.63954,-8.51258,2.43705,0.0571318,0.00247874,0.0299574,0.157299,0,0,0
16.271,2,-12.5396,-12.7175,8.15322,0.942051,0.164215,0.113302,2.08032,0,0,0
16.271,3,-0.859799,-8.89269,7.29626,-1.10808,0.195153,-0.454431,2.8509,0,0,0
16.271,4,-3.68027,-15.5287,8.30194,0.0755844,0.00724058,0.0914427,0.269553,0,0,0
16.271,5,-7.19666,-15.6178,1.59149,-1.63262,0.0466183,-0.167874,3.29975,0,0,0
16.3919,0,-3.21685,-12.6296,1.74957,-0.0546831,-0.403936,-0.126641,0.994712,0,0,0
16.3919,1,-9.63634,-8.51238,2.43877,0.0552606,0.00236598,0.028553,0.149967,0,0,0
16.3919,2,-12.4904,-12.7102,8.15337,0.927566,0.164095,0.114716,2.08032,0,0,0
16.3919,3,-0.920148,-8.88413,7.27652,-1.09002,0.189465,-0.441585,2.72143,0,0,0
16.3919,4,-3.67633,-15.5283,8.30647,0.0732113,0.00694374,0.0886626,0.269553,0,0,0
16.3919,5,-7.29332,-15.5956,1.58889,-1.64911,0.106763,-0.14179,3.29975,0,0,0
16.5216,0,-3.22239,-12.6509,1.74344,-0.0613798,-0.404423,-0.125517,0.948737,0,0,0
16.5216,1,-9.63318,-8.51215,2.43999,0.0535693,0.0023444,0.0285314,0.149967,0,0,0
16.5216,2,-12.4436,-12.7046,8.16119,0.907573,0.158633,0.108425,1.98344,0,0,0
16.5216,3,-0.979268,-8.87576,7.25698,-1.07179,0.183961,-0.431379,2.72143,0,0,0
16.5216,4,-3.66874,-15.5277,8.31955,0.0686183,0.00641874,0.0832864,0.263345,0,0,0
16.5216,5,-7.36302,-15.5994,1.5887,-1.58551,0.10321,-0.107412,3.20933,0,0,0
16.6559,0,-3.22817,-12.672,1.73743,-0.0682553,-0.40512,-0.11925,0.948737,0,0,0
16.6559,1,-9.63013,-8.51196,2.44141,0.0518698,0.00223357,0.0278633,0.143216,0,0,0
16.6559,2,-12.3984,-12.6996,8.17611,0.885344,0.151732,0.102673,1.98344,0,0,0
16.6559,3,-1.03704,-8.86741,7.23869,-1.05269,0.17903,-0.418194,2.59747,0,0,0
16.6559,4,-3.66874,-15.5277,8.31955,0.0686183,0.00641874,0.0832864,0.263345,0,0,0
16.6559,5,-7.48901,-15.602,1.58649,-1.43852,0.0772412,-0.0831353,3.20933,0,0,0
16.7898,0,-3.23419,-12.6929,1.73162,-0.0750436,-0.404031,-0.118363,0.903221,0,0,0
16.7898,1,-9.62716,-8.51177,2.44279,0.0502485,0.00212621,0.027272,0.143216,0,0,0
16.7898,2,-12.362,-12.6945,8.17611,0.836907,0.147673,0.108929,1.89993,0,0,0
16.7898,3,-1.09391,-8.85952,7.22059,-1.03299,0.173297,-0.408953,2.59747,0,0,0
16.7898,4,-3.66507,-15.5273,8.31956,0.066605,0.0062035,0.0834587,0.248601,0,0,0
16.7898,5,-7.54572,-15.6035,1.58653,-1.36209,0.0666154,-0.0969146,3.01396,0,0,0
16.9195,0,-3.24439,-12.7336,1.72037,-0.0793748,-0.39972,-0.113519,0.903221,0,0,0
16.9195,1,-9.62427,-8.51158,2.44394,0.0487087,0.00202734,0.0267619,0.13682,0,0,0
16.9195,2,-12.3205,-12.6914,8.18334,0.813554,0.135647,0.106827,1.89993,0,0,0
16.9195,3,-1.14946,-8.85169,7.20289,-1.01324,0.168312,-0.397676,2.47846,0,0,0
16.9195,4,-3.66147,-15.527,8.32369,0.0647303,0.00600901,0.0815447,0.248601,0,0,0
16.9195,5,-7.62371,-15.5919,1.58543,-1.36353,0.100676,-0.121302,3.01396,0,0,0
17.0428,0,-3.24899,-12.7517,1.72109,-0.0794635,-0.390957,-0.115005,0.837421,0,0,0
17.0428,1,-9.62141,-8.51137,2.4454,0.0467757,0.00202279,0.0261105,0.13682,0,0,0
17.0428,2,-12.2793,-12.6875,8.19037,0.79298,0.127544,0.109351,1.81577,0,0,0
17.0428,3,-1.20382,-8.84408,7.18807,-0.994353,0.163633,-0.386295,2.47846,0,0,0
17.0428,4,-3.65524,-15.5264,8.33568,0.0586922,0.00533928,0.0763091,0.240591,0,0,0
17.0428,5,-7.61861,-15.5892,1.58311,-1.34594,0.109639,-0.113442,2.87903,0,0,0
17.1781,0,-3.25713,-12.7666,1.71651,-0.0908107,-0.371857,-0.115377,0.837421,0,0,0
17.1781,1,-9.61867,-8.51121,2.44659,0.0448592,0.00185649,0.0256619,0.130616,0,0,0
17.1781,2,-12.2383,-12.6829,8.19748,0.775396,0.122918,0.108676,1.81577,0,0,0
17.1781,3,-1.25695,-8.83659,7.16935,-0.974921,0.1592,-0.375723,2.36486,0,0,0
17.1781,4,-3.65524,-15.5264,8.33568,0.0586922,0.00533928,0.0763091,0.240591,0,0,0
17.1781,5,-7.6682,-15.5967,1.58307,-1.25253,0.0683959,-0.109747,2.87903,0,0,0
17.318,0,-3.25819,-12.7692,1.70597,-0.0941754,-0.381176,-0.10993,0.802364,0,0,0
17.318,1,-9.61638,-8.51094,2.448,0.0422688,0.00220689,0.0249864,0.130616,0,0,0
17.318,2,-12.1985,-12.6785,8.21114,0.741343,0.116635,0.103744,1.73214,0,0,0
17.318,3,-1.30102,-8.83307,7.15395,-0.927317,0.13962,-0.363259,2.36486,0,0,0
17.318,4,-3.64934,-15.5254,8.33948,0.0535496,0.00634176,0.0740798,0.227597,0,0,0
17.318,5,-7.807,-15.5695,1.58189,-1.24216,0.145925,-0.0961495,2.83466,0,0,0
17.4465,0,-3.26887,-12.8064,1.70586,-0.0956126,-0.372595,-0.108603,0.802364,0,0,0
17.4465,1,-9.61342,-8.51094,2.44907,0.0425031,0.00133423,0.0245067,0.124813,0,0,0
17.4465,2,-12.1466,-12.675,8.21116,0.75519,0.105128,0.107214,1.73214,0,0,0
17.4465,3,-1.35927,-8.82136,7.13679,-0.938503,0.156006,-0.352745,2.25643,0,0,0
17.4465,4,-3.64508,-15.5256,8.34307,0.0558182,0.00459017,0.0704713,0.21524,0,0,0
17.4465,5,-7.84227,-15.5874,1.57973,-1.12642,0.072667,-0.0911381,2.66036,0,0,0
17.576,0,-3.27747,-12.8248,1.69646,-0.103396,-0.367616,-0.0998163,0.759532,0,0,0
17.576,1,-9.6108,-8.51073,2.45042,0.0415985,0.00146192,0.0238437,0.124813,0,0,0
17.576,2,-12.1079,-12.6698,8.22436,0.737188,0.105185,0.0984081,1.64019,0,0,0
17.576,3,-1.4014,-8.81777,7.12298,-0.890866,0.137433,-0.342022,2.25643,0,0,0
17.576,4,-3.6423,-15.5253,8.34658,0.053055,0.00427513,0.068312,0.21524,0,0,0
17.576,5,-7.86837,-15.5703,1.57852,-1.22194,0.136758,-0.105982,2.66036,0,0,0
17.7072,0,-3.27862,-12.8279,1.69095,-0.106689,-0.377788,-0.100684,0.759532,0,0,0
17.7072,1,-9.60869,-8.51051,2.45131,0.0391427,0.00171151,0.0233668,0.119561,0,0,0
17.7072,2,-12.084,-12.6657,8.23086,0.671557,0.105134,0.0975938,1.64019,0,0,0
17.7072,3,-1.45756,-8.80665,7.10655,-0.901137,0.151494,-0.334035,2.15256,0,0,0
17.7072,4,-3.64187,-15.5249,8.3466,0.0545417,0.00575174,0.0694175,0.21524,0,0,0
17.7072,5,-7.97806,-15.5663,1.57754,-1.13025,0.119365,-0.0958562,2.66036,0,0,0
17.849,0,-3.29121,-12.8645,1.68631,-0.111356,-0.36851,-0.0962206,0.732965,0,0,0
17.849,1,-9.60584,-8.51044,2.45269,0.0397318,0.00121391,0.0227548,0.119561,0,0,0
17.849,2,-12.0498,-12.6638,8.23669,0.651882,0.0941275,0.0960832,1.58054,0,0,0
17.849,3,-1.50628,-8.80056,7.09151,-0.884719,0.14462,-0.323038,2.15256,0,0,0
17.849,4,-3.63844,-15.5248,8.35004,0.0545017,0.00489066,0.0682335,0.21043,0,0,0
17.849,5,-8.03589,-15.5645,1.57646,-1.10579,0.112491,-0.0819933,2.52401,0,0,0
17.9858,0,-3.29197,-12.8627,1.68627,-0.114269,-0.362345,-0.0957194,0.732965,0,0,0
17.9858,1,-9.60337,-8.51022,2.45391,0.0389863,0.00138797,0.02222,0.113635,0,0,0
17.9858,2,-12.0045,-12.6623,8.23659,0.673932,0.0796067,0.100949,1.58054,0,0,0
17.9858,3,-1.55615,-8.78863,7.07726,-0.876419,0.161605,-0.316502,2.04819,0,0,0
17.9858,4,-3.63546,-15.5244,8.35345,0.052956,0.00496776,0.0679502,0.21043,0,0,0
17.9858,5,-8.04329,-15.5631,1.57548,-1.13309,0.118875,-0.0778352,2.52401,0,0,0
18.1139,0,-3.29796,-12.8789,1.68202,-0.11499,-0.351703,-0.094001,0.695767,0,0,0
18.1139,1,-9.60059,-8.51009,2.45504,0.0390345,0.00114526,0.0216322,0.113635,0,0,0
18.1139,2,-11.9685,-12.657,8.24264,0.660488,0.0834146,0.0982112,1.49914,0,0,0
18.1139,3,-1.60448,-8.78504,7.06094,-0.862904,0.144042,-0.312866,2.04819,0,0,0
18.1139,4,-3.63007,-15.5239,8.35685,0.0487834,0.00468551,0.0670821,0.201051,0,0,0
18.1139,5,-8.15206,-15.555,1.57436,-1.06817,0.118889,-0.0613221,2.45868,0,0,0
18.2352,0,-3.30367,-12.8943,1.67747,-0.114795,-0.341001,-0.0910788,0.695767,0,0,0
18.2352,1,-9.59855,-8.50978,2.45595,0.0365599,0.00175028,0.0211605,0.108393,0,0,0
18.2352,2,-11.9348,-12.6532,8.25434,0.642608,0.0815126,0.0904932,1.49914,0,0,0
18.2352,3,-1.64433,-8.78098,7.05174,-0.825493,0.131185,-0.298213,1.95624,0,0,0
18.2352,4,-3.62976,-15.5239,8.36018,0.0499022,0.00479676,0.0659827,0.201051,0,0,0
18.2352,5,-8.15052,-15.5585,1.57424,-1.06278,0.106349,-0.049417,2.45868,0,0,0
18.3671,0,-3.31484,-12.9256,1.6696,-0.113348,-0.325541,-0.0868911,0.660976,0,0,0
18.3671,1,-9.596,-8.50976,2.4571,0.0368137,0.00110592,0.0205867,0.108393,0,0,0
18.3671,2,-11.9075,-12.6495,8.2599,0.605505,0.0815652,0.0903177,1.43567,0,0,0
18.3671,3,-1.68841,-8.77481,7.03765,-0.806812,0.1278,-0.28997,1.95624,0,0,0
18.3671,4,-3.62447,-15.5236,8.36663,0.0465506,0.00384394,0.0622773,0.192245,0,0,0
18.3671,5,-8.248,-15.5462,1.57251,-0.983855,0.121682,-0.0438336,2.35138,0,0,0
18.5108,0,-3.31383,-12.923,1.66995,-0.109941,-0.315974,-0.0893248,0.660976,0,0,0
18.5108,1,-9.5937,-8.50951,2.45816,0.0361957,0.00142609,0.0201025,0.105604,0,0,0
18.5108,2,-11.8763,-12.6437,8.25987,0.58814,0.0875243,0.0930694,1.43567,0,0,0
18.5108,3,-1.73139,-8.76871,7.02466,-0.788387,0.124712,-0.281536,1.86426,0,0,0
18.5108,4,-3.62205,-15.5231,8.36667,0.0444767,0.00466132,0.0633208,0.182224,0,0,0
18.5108,5,-8.22333,-15.5562,1.57181,-0.894411,0.0818735,-0.0398952,2.27849,0,0,0
18.6544,0,-3.31934,-12.9357,1.66169,-0.109933,-0.300436,-0.0833756,0.629654,0,0,0
18.6544,1,-9.59153,-8.50934,2.45916,0.0353528,0.00147161,0.0196106,0.105604,0,0,0
18.6544,2,-11.8418,-12.6462,8.2705,0.586246,0.0638082,0.0884406,1.36909,0,0,0
18.6544,3,-1.77329,-8.76272,7.01241,-0.7696,0.121624,-0.273209,1.86426,0,0,0
18.6544,4,-3.6217,-15.523,8.36979,0.0457624,0.00479907,0.0613057,0.182224,0,0,0
18.6544,5,-8.31445,-15.5598,1.57157,-0.839876,0.0535638,-0.0409258,2.27849,0,0,0
18.7976,0,-3.32938,-12.9654,1.66143,-0.105316,-0.288832,-0.0830972,0.629654,0,0,0
18.7976,1,-9.58944,-8.50922,2.46013,0.034401,0.001514,0.0191307,0.100657,0,0,0
18.7976,2,-11.8106,-12.6425,8.27067,0.572673,0.0640249,0.0909513,1.36909,0,0,0
18.7976,3,-1.81423,-8.75697,7.00038,-0.751434,0.118416,-0.26543,1.77714,0,0,0
18.7976,4,-3.61695,-15.5225,8.37582,0.0421668,0.00451362,0.0584043,0.182224,0,0,0
18.7976,5,-8.34849,-15.5469,1.57037,-0.964767,0.103662,-0.0413937,2.27849,0,0,0
18.9384,0,-3.33403,-12.978,1.65371,-0.102905,-0.278445,-0.0783448,0.583949,0,0,0
18.9384,1,-9.58738,-8.50907,2.46109,0.033574,0.00146957,0.0186839,0.100657,0,0,0
18.9384,2,-11.7808,-12.6397,8.2759,0.55722,0.061496,0.0877866,1.30771,0,0,0
18.9384,3,-1.85493,-8.75215,6.98816,-0.720539,0.109711,-0.256439,1.77714,0,0,0
18.9384,4,-3.61658,-15.5225,8.37586,0.0434751,0.00464358,0.0593726,0.172058,0,0,0
18.9384,5,-8.39997,-15.5482,1.56938,-0.949225,0.0853041,-0.0387623,2.15317,0,0,0
19.1041,0,-3.334,-12.9773,1.65367,-0.102716,-0.275294,-0.081935,0.583949,0,0,0
19.1041,1,-9.58531,-8.50888,2.46201,0.0329196,0.00156888,0.0182298,0.0960763,0,0,0
19.1041,2,-11.7518,-12.6371,8.28095,0.541562,0.0584582,0.0880068,1.30771,0,0,0
19.1041,3,-1.8929,-8.74568,6.97724,-0.701904,0.110883,-0.248101,1.69437,0,0,0
19.1041,4,-3.61414,-15.5222,8.38166,0.0413325,0.00427453,0.0551303,0.172058,0,0,0
19.1041,5,-8.44941,-15.5483,1.56838,-0.920077,0.0730585,-0.0353042,2.15317,0,0,0
19.2444,0,-3.33763,-12.9905,1.65003,-0.0949964,-0.263441,-0.0785172,0.569589,0,0,0
19.2444,1,-9.58362,-8.50866,2.4628,0.0311461,0.00187446,0.0178682,0.0960763,0,0,0
19.2444,2,-11.7236,-12.6347,8.29088,0.526199,0.0553654,0.0840597,1.24864,0,0,0
19.2444,3,-1.93778,-8.73854,6.96458,-0.69518,0.11324,-0.241578,1.69437,0,0,0
19.2444,4,-3.61182,-15.5217,8.38187,0.0400639,0.00530326,0.056993,0.165913,0,0,0
19.2444,5,-8.49537,-15.5457,1.56625,-0.893353,0.0730778,-0.0437974,2.05229,0,0,0
19.3832,0,-3.3422,-12.9997,1.6468,-0.0941225,-0.244613,-0.0755211,0.569589,0,0,0
19.3832,1,-9.58171,-8.50856,2.46357,0.030473,0.00165496,0.0174176,0.091927,0,0,0
19.3832,2,-11.7008,-12.6322,8.29093,0.494632,0.0541102,0.0877539,1.24864,0,0,0
19.3832,3,-1.9748,-8.7333,6.95398,-0.67744,0.109756,-0.23535,1.60834,0,0,0
19.3832,4,-3.60872,-15.5216,8.38501,0.0410249,0.00423122,0.0553292,0.165913,0,0,0
19.3832,5,-8.5796,-15.5467,1.56502,-0.827753,0.0526227,-0.0482671,2.05229,0,0,0
19.5058,0,-3.34639,-13.0131,1.63914,-0.091254,-0.243097,-0.0722667,0.54471,0,0,0
19.5058,1,-9.57955,-8.50852,2.46458,0.0308542,0.00118722,0.017079,0.091927,0,0,0
19.5058,2,-11.6699,-12.6311,8.29576,0.496609,0.0457511,0.0858898,1.19485,0,0,0
19.5058,3,-2.0043,-8.72972,6.94534,-0.636381,0.099357,-0.228996,1.60834,0,0,0
19.5058,4,-3.60463,-15.5214,8.39024,0.0373943,0.00315325,0.0524471,0.159719,0,0,0
19.5058,5,-8.58825,-15.5435,1.56363,-0.859121,0.065355,-0.0541652,1.92207,0,0,0
19.6363,0,-3.34992,-13.0255,1.63519,-0.0864874,-0.238941,-0.0712626,0.54471,0,0,0
19.6363,1,-9.57798,-8.50838,2.46529,0.029037,0.00131001,0.0167932,0.0874953,0,0,0
19.6363,2,-11.6518,-12.6275,8.30511,0.454071,0.0502388,0.0838214,1.19485,0,0,0
19.6363,3,-2.04456,-8.72165,6.93422,-0.641445,0.109656,-0.222191,1.53492,0,0,0
19.6363,4,-3.60484,-15.5207,8.39021,0.0365837,0.00567886,0.0529222,0.159719,0,0,0
19.6363,5,-8.63,-15.5481,1.56233,-0.818906,0.0390547,-0.0618546,1.92207,0,0,0
19.7617,0,-3.35456,-13.0361,1.63175,-0.0866914,-0.228321,-0.0688036,0.515671,0,0,0
19.7617,1,-9.57614,-8.5082,2.46609,0.0286288,0.00146016,0.0163476,0.0874953,0,0,0
19.7617,2,-11.6182,-12.6276,8.30524,0.47287,0.0372194,0.0854376,1.14214,0,0,0
19.7617,3,-2.07347,-8.71916,6.9252,-0.606378,0.0963163,-0.21484,1.53492,0,0,0
19.7617,4,-3.59985,-15.5208,8.39527,0.0372731,0.00325095,0.0484019,0.15322,0,0,0
19.7617,5,-8.72888,-15.5387,1.56135,-0.825396,0.0623325,-0.0472554,1.87166,0,0,0
19.9277,0,-3.35816,-13.0483,1.62873,-0.0828813,-0.225979,-0.0678807,0.515671,0,0,0
19.9277,1,-9.57407,-8.50813,2.46706,0.0291423,0.00113837,0.0159454,0.083751,0,0,0
19.9277,2,-11.5648,-12.6209,8.31444,0.454262,0.0415561,0.079128,1.14214,0,0,0
19.9277,3,-2.11166,-8.71131,6.91612,-0.610338,0.106199,-0.209584,1.46468,0,0,0
19.9277,4,-3.5996,-15.5205,8.39525,0.0381188,0.00455836,0.0492536,0.145987,0,0,0
19.9277,5,-8.72391,-15.5437,1.56135,-0.806797,0.0438097,-0.0485738,1.87166,0,0,0
20.0508,0,-3.36548,-13.0696,1.62559,-0.0777432,-0.211741,-0.0650942,0.490591,0,0,0
20.0508,1,-9.57256,-8.50793,2.46767,0.0276619,0.00147504,0.0157187,0.083751,0,0,0
20.0508,2,-11.5398,-12.6185,8.31878,0.44503,0.0406772,0.0757165,1.08759,0,0,0
20.0508,3,-2.14647,-8.71064,6.90359,-0.600828,0.088845,-0.204853,1.46468,0,0,0
20.0508,4,-3.59705,-15.5203,8.39789,0.0386969,0.00422329,0.0475832,0.145987,0,0,0
20.0508,5,-8.76209,-15.5474,1.56036,-0.76485,0.0237888,-0.0590669,1.77768,0,0,0
20.188,0,-3.3695,-13.0787,1.62224,-0.0770044,-0.201369,-0.0640764,0.490591,0,0,0
20.188,1,-9.57056,-8.50784,2.46861,0.0281718,0.00119662,0.0151637,0.079831,0,0,0
20.188,2,-11.5153,-12.6161,8.32296,0.435536,0.039732,0.073702,1.08759,0,0,0
20.188,3,-2.17767,-8.70322,6.89533,-0.579894,0.0939489,-0.200257,1.39504,0,0,0
20.188,4,-3.59497,-15.5201,8.40013,0.0371285,0.00397416,0.0469865,0.139267,0,0,0
20.188,5,-8.80785,-15.5426,1.55832,-0.759625,0.0381192,-0.0541947,1.69369,0,0,0
20.3271,0,-3.37249,-13.09,1.61974,-0.0728812,-0.199313,-0.0646106,0.457674,0,0,0
20.3271,1,-9.56884,-8.50768,2.46943,0.0276835,0.00132287,0.0148279,0.079831,0,0,0
20.3271,2,-11.4913,-12.6114,8.33118,0.426048,0.0474557,0.0685566,1.03714,0,0,0
20.3271,3,-2.20809,-8.69785,6.88809,-0.562039,0.0943092,-0.194535,1.39504,0,0,0
20.3271,4,-3.59314,-15.5197,8.40452,0.0353021,0.00438706,0.0442614,0.139267,0,0,0
20.3271,5,-8.89065,-15.5453,1.55582,-0.740951,0.0216836,-0.053743,1.69369,0,0,0
20.471,0,-3.3758,-13.0996,1.61683,-0.0705282,-0.192959,-0.061791,0.457674,0,0,0
20.471,1,-9.56712,-8.50762,2.47018,0.0273892,0.000984389,0.0143894,0.0757102,0,0,0
20.471,2,-11.4682,-12.6115,8.33118,0.415995,0.0381749,0.0700264,1.03714,0,0,0
20.471,3,-2.23807,-8.69293,6.87848,-0.546117,0.0931067,-0.189327,1.33151,0,0,0
20.471,4,-3.59114,-15.5195,8.40688,0.0344704,0.00421894,0.0431565,0.131755,0,0,0
20.471,5,-8.93491,-15.5436,1.55427,-0.744342,0.0254788,-0.0523049,1.61095,0,0,0
20.6005,0,-3.375,-13.0989,1.61363,-0.0677566,-0.190611,-0.0608347,0.435156,0,0,0
20.6005,1,-9.56557,-8.50742,2.47089,0.0264831,0.00132181,0.013984,0.0757102,0,0,0
20.6005,2,-11.4457,-12.6092,8.33891,0.405697,0.0374497,0.0644023,0.989157,0,0,0
20.6005,3,-2.26744,-8.68824,6.86963,-0.530943,0.0914471,-0.184531,1.33151,0,0,0
20.6005,4,-3.58909,-15.5192,8.40919,0.0340125,0.00445183,0.0413615,0.131755,0,0,0
20.6005,5,-8.93491,-15.5436,1.55427,-0.744342,0.0254788,-0.0523049,1.61095,0,0,0
20.7444,0,-3.38167,-13.1162,1.61014,-0.0649634,-0.174673,-0.0590975,0.435156,0,0,0
20.7444,1,-9.564,-8.50729,2.4715,0.0258875,0.0013163,0.0135956,0.0721245,0,0,0
20.7444,2,-11.4275,-12.6068,8.33892,0.382381,0.0382206,0.067477,0.989157,0,0,0
20.7444,3,-2.29612,-8.68373,6.86128,-0.51631,0.0895977,-0.179436,1.27028,0,0,0
20.7444,4,-3.58682,-15.5189,8.41099,0.034499,0.00437045,0.0406479,0.125772,0,0,0
20.7444,5,-8.97285,-15.5444,1.55419,-0.724713,0.0190371,-0.0541751,1.61095,0,0,0
20.8941,0,-3.38098,-13.1171,1.60992,-0.0624386,-0.178144,-0.0593636,0.416458,0,0,0
20.8941,1,-9.56246,-8.50717,2.47223,0.0252863,0.00129912,0.0132726,0.0721245,0,0,0
20.8941,2,-11.4029,-12.6053,8.34629,0.380764,0.0336997,0.0626636,0.947379,0,0,0
20.8941,3,-2.32408,-8.67937,6.8519,-0.502084,0.0876028,-0.175273,1.27028,0,0,0
20.8941,4,-3.58474,-15.5188,8.41328,0.0342758,0.0038067,0.0384247,0.125772,0,0,0
20.8941,5,-9.04459,-15.5447,1.55143,-0.682131,0.0130844,-0.0537752,1.52875,0,0,0
21.0199,0,-3.38391,-13.1259,1.60699,-0.0596661,-0.170325,-0.0580835,0.416458,0,0,0
21.0199,1,-9.56097,-8.50705,2.4729,0.0246885,0.00127558,0.0129609,0.0687341,0,0,0
21.0199,2,-11.3818,-12.6029,8.3499,0.371824,0.0340643,0.0622971,0.947379,0,0,0
21.0199,3,-2.35134,-8.67514,6.8453,-0.488303,0.0855773,-0.16938,1.21215,0,0,0
21.0199,4,-3.58154,-15.5183,8.4152,0.0308524,0.00409274,0.0370898,0.119055,0,0,0
21.0199,5,-9.07883,-15.5447,1.54859,-0.66097,0.0112908,-0.0525483,1.52875,0,0,0
21.1623,0,-3.3893,-13.1423,1.60122,-0.0550769,-0.158162,-0.0551209,0.406064,0,0,0
21.1623,1,-9.55976,-8.50693,2.47347,0.0232282,0.00137079,0.0127158,0.0687341,0,0,0
21.1623,2,-11.3575,-12.5975,8.34997,0.36375,0.043843,0.0625194,0.900415,0,0,0
21.1623,3,-2.3778,-8.67326,6.83646,-0.474077,0.0754708,-0.164075,1.21215,0,0,0
21.1623,4,-3.57978,-15.518,8.41704,0.0300441,0.00402482,0.0357685,0.119055,0,0,0
21.1623,5,-9.11097,-15.5436,1.54717,-0.636324,0.013833,-0.0503498,1.45701,0,0,0
21.298,0,-3.3917,-13.1502,1.59864,-0.0523696,-0.152563,-0.0541514,0.406064,0,0,0
21.298,1,-9.55834,-8.50683,2.47409,0.0227744,0.00129419,0.012407,0.065749,0,0,0
21.298,2,-11.3575,-12.5975,8.34997,0.36375,0.043843,0.0625194,0.900415,0,0,0
21.298,3,-2.40385,-8.66704,6.82901,-0.461741,0.0815474,-0.1596,1.15658,0,0,0
21.298,4,-3.57965,-15.5181,8.41827,0.0305642,0.00383324,0.0348435,0.115546,0,0,0
21.298,5,-9.11097,-15.5436,1.54717,-0.636324,0.013833,-0.0503498,1.45701,0,0,0
21.4497,0,-3.39152,-13.1505,1.59867,-0.0516348,-0.153511,-0.0544236,0.379215,0,0,0
21.4497,1,-9.55675,-8.50678,2.47476,0.0230329,0.000994826,0.0121279,0.065749,0,0,0
21.4497,2,-11.3139,-12.5974,8.35715,0.358129,0.0286936,0.062141,0.873013,0,0,0
21.4497,3,-2.42474,-8.66451,6.82405,-0.433364,0.0736893,-0.156184,1.15658,0,0,0
21.4497,4,-3.57793,-15.5179,8.42024,0.0294594,0.00382843,0.0352096,0.115546,0,0,0
21.4497,5,-9.16276,-15.5439,1.54598,-0.554578,0.00744027,-0.0427138,1.39052,0,0,0
21.6012,0,-3.3957,-13.1667,1.59353,-0.0459135,-0.145608,-0.0508347,0.379215,0,0,0
21.6012,1,-9.55536,-8.50664,2.47539,0.0225997,0.00111192,0.0118386,0.062481,0,0,0
21.6012,2,-11.2985,-12.5912,8.36089,0.336051,0.0428656,0.0623662,0.873013,0,0,0
21.6012,3,-2.44899,-8.66381,6.81526,-0.421268,0.0617276,-0.150924,1.10944,0,0,0
21.6012,4,-3.57631,-15.5177,8.42208,0.0285682,0.00371196,0.0335793,0.110483,0,0,0
21.6012,5,-9.16276,-15.5439,1.54598,-0.554578,0.00744027,-0.0427138,1.39052,0,0,0
21.7445,0,-3.39872,-13.1734,1.59102,-0.0465381,-0.138088,-0.0496992,0.36152,0,0,0
21.7445,1,-9.55402,-8.50652,2.47598,0.0220949,0.00113142,0.0115403,0.062481,0,0,0
21.7445,2,-11.2783,-12.5913,8.36419,0.33346,0.0349697,0.060275,0.815663,0,0,0
21.7445,3,-2.47639,-8.65636,6.80823,-0.422023,0.0730371,-0.147673,1.10944,0,0,0
21.7445,4,-3.57479,-15.5175,8.42395,0.0272137,0.00340902,0.0329746,0.110483,0,0,0
21.7445,5,-9.21883,-15.5492,1.54283,-0.513708,-0.01044,-0.0389846,1.33875,0,0,0
21.881,0,-3.39996,-13.1795,1.58863,-0.0412968,-0.129619,-0.0481152,0.36152,0,0,0
21.881,1,-9.55291,-8.50638,2.47648,0.0208978,0.00133015,0.0112418,0.0594766,0,0,0
21.881,2,-11.2786,-12.5895,8.36734,0.33196,0.0417598,0.0603878,0.815663,0,0,0
21.881,3,-2.50087,-8.65367,6.80086,-0.413675,0.0679383,-0.143695,1.0547,0,0,0
21.881,4,-3.57181,-15.517,8.42542,0.0254227,0.00364058,0.0332285,0.104921,0,0,0
21.881,5,-9.23376,-15.5412,1.54287,-0.568688,0.0199599,-0.0400931,1.33875,0,0,0
22.0172,0,-3.40094,-13.1805,1.58631,-0.0447202,-0.133075,-0.046683,0.347276,0,0,0
22.0172,1,-9.55151,-8.50638,2.47708,0.0209503,0.000866733,0.0109754,0.0594766,0,0,0
22.0172,2,-11.2433,-12.5876,8.37054,0.313684,0.0334061,0.0608552,0.794824,0,0,0
22.0172,3,-2.52487,-8.6484,6.795,-0.40576,0.0722722,-0.142334,1.0547,0,0,0
22.0172,4,-3.5701,-15.5169,8.42714,0.0254771,0.0032843,0.0325419,0.104921,0,0,0
22.0172,5,-9.26629,-15.5439,1.54009,-0.561722,0.00840199,-0.0427638,1.26763,0,0,0
22.171,0,-3.40417,-13.1943,1.58403,-0.0377312,-0.124932,-0.0452401,0.347276,0,0,0
22.171,1,-9.55035,-8.50621,2.47768,0.0201415,0.00118443,0.0107738,0.0567365,0,0,0
22.171,2,-11.2267,-12.5837,8.37416,0.296872,0.0391502,0.0596495,0.794824,0,0,0
22.171,3,-2.54747,-8.64482,6.78845,-0.395082,0.0709557,-0.139215,1.00573,0,0,0
22.171,4,-3.56857,-15.5167,8.42877,0.0247317,0.00332216,0.0318639,0.100269,0,0,0
22.171,5,-9.29559,-15.5439,1.54,-0.546227,0.00746372,-0.0384587,1.26763,0,0,0
22.3066,0,-3.40735,-13.2,1.58402,-0.0400796,-0.117786,-0.0456896,0.331191,0,0,0
22.3066,1,-9.54924,-8.50594,2.47824,0.0193449,0.00174849,0.010183,0.0567365,0,0,0
22.3066,2,-11.2267,-12.5837,8.37416,0.296872,0.0391502,0.0596495,0.742261,0,0,0
22.3066,3,-2.56956,-8.6413,6.782,-0.384798,0.069594,-0.136716,1.00573,0,0,0
22.3066,4,-3.56845,-15.5166,8.43035,0.0251882,0.0034117,0.0312761,0.100269,0,0,0
22.3066,5,-9.35014,-15.5432,1.53744,-0.509443,0.00780327,-0.0370743,1.20587,0,0,0
22.4504,0,-3.40696,-13.2026,1.5818,-0.0384005,-0.126948,-0.0451056,0.331191,0,0,0
22.4504,1,-9.54801,-8.50601,2.47863,0.019078,0.00116286,0.0101364,0.0541619,0,0,0
22.4504,2,-11.209,-12.583,8.37738,0.292884,0.0344974,0.0562893,0.742261,0,0,0
22.4504,3,-2.59055,-8.63995,6.77646,-0.372516,0.0607038,-0.133801,0.960786,0,0,0
22.4504,4,-3.56586,-15.5163,8.43191,0.0230951,0.00319266,0.0307448,0.0961234,0,0,0
22.4504,5,-9.37728,-15.5428,1.53617,-0.494856,0.00819152,-0.0380999,1.20587,0,0,0
22.5926,0,-3.41107,-13.2158,1.57743,-0.0361161,-0.119305,-0.0430956,0.322199,0,0,0
22.5926,1,-9.54671,-8.50599,2.47917,0.0191978,0.000829468,0.00990126,0.0541619,0,0,0
22.5926,2,-11.191,-12.5814,8.38318,0.291362,0.0332203,0.0533269,0.70769,0,0,0
22.5926,3,-2.61252,-8.63481,6.7698,-0.36211,0.0651806,-0.130386,0.960786,0,0,0
22.5926,4,-3.56574,-15.5163,8.43344,0.0235341,0.00302544,0.0301193,0.0961234,0,0,0
22.5926,5,-9.40201,-15.5439,1.53378,-0.474226,0.00143333,-0.035691,1.12412,0,0,0
22.7129,0,-3.41308,-13.2225,1.57521,-0.0350795,-0.116616,-0.0421636,0.322199,0,0,0
22.7129,1,-9.54558,-8.50591,2.47969,0.0187101,0.000808136,0.00968237,0.0514895,0,0,0
22.7129,2,-11.191,-12.5814,8.38318,0.291362,0.0332203,0.0533269,0.70769,0,0,0
22.7129,3,-2.63298,-8.63139,6.76345,-0.352914,0.064674,-0.127462,0.915641,0,0,0
22.7129,4,-3.56453,-15.5161,8.43493,0.0224509,0.00337604,0.0294033,0.0930379,0,0,0
22.7129,5,-9.40201,-15.5439,1.53378,-0.474226,0.00143333,-0.035691,1.09938,0,0,0
22.8459,0,-3.41498,-13.229,1.57323,-0.033863,-0.113831,-0.0408207,0.300387,0,0,0
22.8459,1,-9.54464,-8.50579,2.48009,0.017674,0.000974162,0.00949545,0.0514895,0,0,0
22.8459,2,-11.146,-12.5766,8.39122,0.260923,0.0304466,0.0509805,0.675502,0,0,0
22.8459,3,-2.6531,-8.62817,6.75729,-0.344382,0.0635245,-0.124603,0.915641,0,0,0
22.8459,4,-3.56288,-15.5162,8.43615,0.023018,0.00258351,0.0289048,0.0930379,0,0,0
22.8459,5,-9.45788,-15.5396,1.53262,-0.465998,0.0174898,-0.0295633,1.09938,0,0,0
22.9746,0,-3.41514,-13.2297,1.57323,-0.0343612,-0.116256,-0.0411978,0.300387,0,0,0
22.9746,1,-9.54361,-8.50575,2.48062,0.017185,0.000799492,0.00897029,0.0492228,0,0,0
22.9746,2,-11.144,-12.5766,8.39143,0.268424,0.0302702,0.0490293,0.675502,0,0,0
22.9746,3,-2.67292,-8.62601,6.75047,-0.329139,0.0570967,-0.120368,0.873309,0,0,0
22.9746,4,-3.56177,-15.5158,8.43773,0.0217384,0.00337712,0.0282242,0.0891154,0,0,0
22.9746,5,-9.50396,-15.5404,1.53149,-0.430486,0.0104589,-0.0302851,1.04338,0,0,0
23.1014,0,-3.41861,-13.2416,1.56931,-0.0315373,-0.108588,-0.0384286,0.29264,0,0,0
23.1014,1,-9.54237,-8.50567,2.48109,0.0174855,0.000719404,0.00900539,0.0492228,0,0,0
23.1014,2,-11.1168,-12.5743,8.39649,0.248096,0.0264946,0.0456608,0.657564,0,0,0
23.1014,3,-2.69158,-8.62158,6.74614,-0.321943,0.0623243,-0.118476,0.873309,0,0,0
23.1014,4,-3.55925,-15.5156,8.43919,0.0208466,0.0025554,0.0275833,0.0891154,0,0,0
23.1014,5,-9.52878,-15.5396,1.5294,-0.418499,0.011696,-0.0267098,1.04338,0,0,0
23.2269,0,-3.42035,-13.2477,1.56738,-0.0304789,-0.106022,-0.0378249,0.29264,0,0,0
23.2269,1,-9.54133,-8.50557,2.48162,0.0170773,0.000776173,0.00872161,0.0455779,0,0,0
23.2269,2,-11.116,-12.5729,8.39892,0.250593,0.0314742,0.0460381,0.657564,0,0,0
23.2269,3,-2.71071,-8.61895,6.73959,-0.316219,0.0599643,-0.114285,0.833387,0,0,0
23.2269,4,-3.55925,-15.5154,8.44056,0.020799,0.00327299,0.0268543,0.0853347,0,0,0
23.2269,5,-9.55108,-15.5391,1.52852,-0.404629,0.0118005,-0.0296144,0.972471,0,0,0
23.3631,0,-3.42138,-13.2517,1.56582,-0.0275132,-0.096897,-0.0368662,0.273046,0,0,0
23.3631,1,-9.54034,-8.50549,2.48205,0.0166319,0.00078288,0.00847207,0.0455779,0,0,0
23.3631,2,-11.0872,-12.5709,8.40141,0.241445,0.0264482,0.0436597,0.628462,0,0,0
23.3631,3,-2.72929,-8.61625,6.73408,-0.309968,0.0580958,-0.111869,0.833387,0,0,0
23.3631,4,-3.55694,-15.5152,8.44168,0.0195583,0.00264544,0.0262373,0.0853347,0,0,0
23.3631,5,-9.55108,-15.5391,1.52852,-0.404629,0.0118005,-0.0296144,0.972471,0,0,0
23.4873,0,-3.42359,-13.2573,1.56386,-0.0284736,-0.0944959,-0.0357905,0.273046,0,0,0
23.4873,1,-9.5394,-8.50545,2.48242,0.0160904,0.000686379,0.00825982,0.0444875,0,0,0
23.4873,2,-11.085,-12.5705,8.40368,0.249273,0.0274822,0.0434868,0.628462,0,0,0
23.4873,3,-2.74578,-8.61469,6.72875,-0.297837,0.051986,-0.109346,0.79645,0,0,0
23.4873,4,-3.5569,-15.5152,8.44312,0.0196847,0.00284623,0.0257073,0.0818743,0,0,0
23.4873,5,-9.5739,-15.5383,1.52855,-0.395066,0.0132051,-0.0292145,0.927327,0,0,0
23.6189,0,-3.42455,-13.2639,1.56259,-0.025379,-0.095731,-0.034585,0.26233,0,0,0
23.6189,1,-9.53843,-8.50535,2.48287,0.0157279,0.000762433,0.00801172,0.0444875,0,0,0
23.6189,2,-11.0589,-12.5676,8.40377,0.233529,0.0265991,0.0437955,0.597036,0,0,0
23.6189,3,-2.76499,-8.6108,6.72317,-0.297096,0.0552348,-0.10629,0.79645,0,0,0
23.6189,4,-3.55495,-15.5148,8.44428,0.0174985,0.00284041,0.0253831,0.0818743,0,0,0
23.6189,5,-9.59585,-15.5348,1.52759,-0.385281,0.0233273,-0.0268175,0.927327,0,0,0
23.7629,0,-3.42702,-13.2698,1.56089,-0.027501,-0.0947807,-0.0336247,0.26233,0,0,0
23.7629,1,-9.53765,-8.50524,2.48328,0.0148204,0.000904803,0.00757149,0.0424163,0,0,0
23.7629,2,-11.0569,-12.5675,8.4083,0.240478,0.0269036,0.0415568,0.597036,0,0,0
23.7629,3,-2.78225,-8.61079,6.71765,-0.289993,0.044894,-0.10348,0.75816,0,0,0
23.7629,4,-3.55383,-15.5146,8.44547,0.0172098,0.00287648,0.0249039,0.0780049,0,0,0
23.7629,5,-9.61821,-15.5332,1.52662,-0.37699,0.0242293,-0.0260153,0.88281,0,0,0
23.9122,0,-3.4281,-13.2761,1.55896,-0.024884,-0.0952384,-0.0336816,0.249015,0,0,0
23.9122,1,-9.53678,-8.50519,2.48375,0.0144181,0.000808619,0.00737833,0.0424163,0,0,0
23.9122,2,-11.0433,-12.566,8.40838,0.23616,0.0265126,0.0427001,0.568416,0,0,0
23.9122,3,-2.80231,-8.60664,6.71264,-0.293515,0.0492443,-0.101242,0.75816,0,0,0
23.9122,4,-3.55346,-15.5147,8.44687,0.0185509,0.00266001,0.0243811,0.0780049,0,0,0
23.9122,5,-9.63889,-15.5339,1.52567,-0.366018,0.0198781,-0.0259653,0.88281,0,0,0
24.0454,0,-3.42978,-13.2815,1.55726,-0.0245722,-0.0932522,-0.0329957,0.249015,0,0,0
24.0454,1,-9.53579,-8.50516,2.48379,0.0144984,0.000606934,0.00752559,0.0405395,0,0,0
24.0454,2,-11.03,-12.5646,8.41278,0.231569,0.0260722,0.0407413,0.568416,0,0,0
24.0454,3,-2.81903,-8.60448,6.70781,-0.286419,0.0466231,-0.0986724,0.7196,0,0,0
24.0454,4,-3.5523,-15.5145,8.44814,0.0184444,0.00284353,0.0239046,0.0750565,0,0,0
24.0454,5,-9.65925,-15.5354,1.52484,-0.355795,0.0127955,-0.0253185,0.84186,0,0,0
24.1861,0,-3.43139,-13.2868,1.55563,-0.0243522,-0.0908373,-0.0323959,0.236525,0,0,0
24.1861,1,-9.53492,-8.50508,2.48454,0.0141632,0.000679105,0.0070082,0.0405395,0,0,0
24.1861,2,-11.0059,-12.5619,8.41499,0.216652,0.0250003,0.0402592,0.540974,0,0,0
24.1861,3,-2.84804,-8.60127,6.69894,-0.26243,0.0382452,-0.0944924,0.7196,0,0,0
24.1861,4,-3.55022,-15.5143,8.44934,0.0172793,0.0023356,0.0233934,0.0750565,0,0,0
24.1861,5,-9.67934,-15.5347,1.52397,-0.346878,0.0132028,-0.023927,0.84186,0,0,0
24.3244,0,-3.43295,-13.292,1.55405,-0.0238316,-0.0888037,-0.0315525,0.236525,0,0,0
24.3244,1,-9.53408,-8.505,2.48454,0.0137903,0.000692712,0.00730683,0.0385258,0,0,0
24.3244,2,-11.0047,-12.5623,8.41504,0.221034,0.0234025,0.0397368,0.540974,0,0,0
24.3244,3,-2.86494,-8.59601,6.6947,-0.261594,0.0470937,-0.0928856,0.689121,0,0,0
24.3244,4,-3.55022,-15.5142,8.4505,0.0172754,0.00245112,0.0228679,0.0719356,0,0,0
24.3244,5,-9.69913,-15.5323,1.52303,-0.339063,0.0201792,-0.0229873,0.801848,0,0,0
24.4596,0,-3.43441,-13.2962,1.55228,-0.0233118,-0.0841618,-0.0301451,0.225159,0,0,0
24.4596,1,-9.53328,-8.50495,2.48522,0.0133779,0.00065442,0.00676059,0.0385258,0,0,0
24.4596,2,-10.983,-12.5586,8.41712,0.202547,0.0264695,0.0377863,0.51556,0,0,0
24.4596,3,-2.87572,-8.59721,6.69074,-0.238751,0.0335875,-0.0906397,0.689121,0,0,0
24.4596,4,-3.54922,-15.514,8.45162,0.0168423,0.0028688,0.022366,0.0719356,0,0,0
24.4596,5,-9.71817,-15.5316,1.52206,-0.330249,0.0205252,-0.0221167,0.801848,0,0,0
24.5852,0,-3.43559,-13.3004,1.55078,-0.0220203,-0.0799341,-0.0303187,0.225159,0,0,0
24.5852,1,-9.53249,-8.50488,2.48522,0.0130336,0.000672386,0.00699523,0.0367533,0,0,0
24.5852,2,-10.9691,-12.5582,8.42102,0.205043,0.0227679,0.0362033,0.51556,0,0,0
24.5852,3,-2.89232,-8.59328,6.68613,-0.240658,0.0389097,-0.0887956,0.659968,0,0,0
24.5852,4,-3.54711,-15.5139,8.45274,0.0164145,0.00205636,0.0218709,0.0681567,0,0,0
24.5852,5,-9.73042,-15.5323,1.52134,-0.299332,0.0147587,-0.0212899,0.770553,0,0,0
24.717,0,-3.43775,-13.3056,1.54933,-0.0243435,-0.0791041,-0.0287016,0.215804,0,0,0
24.717,1,-9.53172,-8.50481,2.48559,0.0127393,0.000693791,0.00680182,0.0367533,0,0,0
24.717,2,-10.9578,-12.5573,8.42109,0.19968,0.0212287,0.0362344,0.479233,0,0,0
24.717,3,-2.90747,-8.59168,6.6814,-0.238232,0.036353,-0.0863614,0.659968,0,0,0
24.717,4,-3.54709,-15.5138,8.45382,0.0164724,0.00241549,0.0214093,0.0681567,0,0,0
24.717,5,-9.75436,-15.5296,1.52042,-0.314756,0.024544,-0.0202959,0.770553,0,0,0
24.8368,0,-3.43888,-13.3114,1.54791,-0.0226922,-0.0814029,-0.0285446,0.215804,0,0,0
24.8368,1,-9.53098,-8.50475,2.48593,0.012374,0.000678695,0.00676725,0.035172,0,0,0
24.8368,2,-10.9578,-12.5566,8.42467,0.199256,0.0237035,0.0326061,0.479233,0,0,0
24.8368,3,-2.90747,-8.59168,6.6814,-0.238232,0.036353,-0.0863614,0.62642,0,0,0
24.8368,4,-3.54509,-15.5135,8.45487,0.0158838,0.00218173,0.020935,0.0652197,0,0,0
24.8368,5,-9.77283,-15.5295,1.5196,-0.305435,0.0221209,-0.0193335,0.728034,0,0,0
24.9726,0,-3.44049,-13.3163,1.54669,-0.0228042,-0.080192,-0.027741,0.203927,0,0,0
24.9726,1,-9.53025,-8.50469,2.48627,0.0120212,0.000664882,0.00665643,0.035172,0,0,0
24.9726,2,-10.9461,-12.5551,8.42456,0.196742,0.0241509,0.0338089,0.467442,0,0,0
24.9726,3,-2.93829,-8.58626,6.67381,-0.236322,0.0384,-0.0843305,0.62642,0,0,0
24.9726,4,-3.545,-15.5135,8.45591,0.0162158,0.002188,0.0204904,0.0652197,0,0,0
24.9726,5,-9.79063,-15.5291,1.51883,-0.299074,0.0215755,-0.0203295,0.728034,0,0,0
25.0992,0,-3.44199,-13.3209,1.54538,-0.0225832,-0.0787278,-0.0271233,0.203927,0,0,0
25.0992,1,-9.52965,-8.50461,2.48692,0.0113151,0.000766141,0.00623827,0.0335489,0,0,0
25.0992,2,-10.9337,-12.5544,8.42641,0.197685,0.0214179,0.0334846,0.467442,0,0,0
25.0992,3,-2.94148,-8.58486,6.67051,-0.246858,0.0453036,-0.083118,0.594281,0,0,0
25.0992,4,-3.54414,-15.5133,8.45692,0.0155928,0.00245312,0.0200323,0.0631065,0,0,0
25.0992,5,-9.80794,-15.5286,1.51801,-0.292617,0.0212665,-0.0200273,0.692881,0,0,0
25.2329,0,-3.44344,-13.3255,1.54407,-0.022258,-0.0771829,-0.0265251,0.193627,0,0,0
25.2329,1,-9.52889,-8.50461,2.4869,0.0112983,0.000513216,0.00635745,0.0335489,0,0,0
25.2329,2,-10.9239,-12.5541,8.42812,0.189276,0.017799,0.0328685,0.443231,0,0,0
25.2329,3,-2.95359,-8.5841,6.66598,-0.235118,0.0384249,-0.0799826,0.594281,0,0,0
25.2329,4,-3.54306,-15.5132,8.45774,0.0155547,0.00236132,0.0196387,0.0631065,0,0,0
25.2329,5,-9.82478,-15.528,1.51733,-0.282753,0.0206807,-0.0191023,0.692881,0,0,0
25.3705,0,-3.44485,-13.3299,1.54278,-0.0219061,-0.0756087,-0.025937,0.183879,0,0,0
25.3705,1,-9.52828,-8.50451,2.48753,0.0107317,0.000716666,0.00579304,0.0312375,0,0,0
25.3705,2,-10.9082,-12.5493,8.43144,0.163957,0.0264979,0.0304024,0.443231,0,0,0
25.3705,3,-2.96681,-8.58205,6.66172,-0.2299,0.037459,-0.0773624,0.577217,0,0,0
25.3705,4,-3.54131,-15.513,8.4588,0.0146902,0.00194468,0.0191966,0.0597767,0,0,0
25.3705,5,-9.84112,-15.5274,1.51597,-0.276372,0.0206025,-0.0178698,0.659645,0,0,0
25.5127,0,-3.44623,-13.3342,1.54152,-0.0215434,-0.0740163,-0.0253242,0.183879,0,0,0
25.5127,1,-9.52754,-8.50449,2.48754,0.0107802,0.000538244,0.00592674,0.0312375,0,0,0
25.5127,2,-10.9024,-12.5513,8.43156,0.184923,0.018608,0.0304584,0.416808,0,0,0
25.5127,3,-2.98128,-8.57808,6.66098,-0.231347,0.0434744,-0.0774292,0.577217,0,0,0
25.5127,4,-3.54133,-15.513,8.45985,0.0146097,0.00221752,0.0188272,0.0597767,0,0,0
25.5127,5,-9.85974,-15.5263,1.51592,-0.276217,0.02278,-0.0180883,0.659645,0,0,0
25.6421,0,-3.44759,-13.3384,1.54048,-0.0211756,-0.0724151,-0.0247077,0.183879,0,0,0
25.6421,1,-9.52688,-8.50442,2.4881,0.0105651,0.000680711,0.00537881,0.0297247,0,0,0
25.6421,2,-10.883,-12.5488,8.43315,0.173742,0.0192732,0.0291242,0.416808,0,0,0
25.6421,3,-3.00319,-8.57639,6.65717,-0.208686,0.0326264,-0.0761162,0.548708,0,0,0
25.6421,4,-3.53963,-15.5127,8.46079,0.014056,0.00204474,0.0183562,0.0571803,0,0,0
25.6421,5,-9.87566,-15.5263,1.51521,-0.270139,0.0204617,-0.0174968,0.625078,0,0,0
25.7691,0,-3.44891,-13.3425,1.53915,-0.020804,-0.0708064,-0.0241125,0.174631,0,0,0
25.7691,1,-9.52625,-8.50436,2.48838,0.0102793,0.00066358,0.00523322,0.0297247,0,0,0
25.7691,2,-10.8737,-12.548,8.43604,0.168414,0.0178984,0.0273394,0.391868,0,0,0
25.7691,3,-3.01557,-8.57458,6.64983,-0.204579,0.0317758,-0.0739466,0.548708,0,0,0
25.7691,4,-3.53878,-15.5126,8.4617,0.0136868,0.00206883,0.0179142,0.0571803,0,0,0
25.7691,5,-9.89065,-15.5258,1.51415,-0.26233,0.0199291,-0.0163324,0.625078,0,0,0
25.9002,0,-3.45021,-13.3465,1.53792,-0.020431,-0.0691964,-0.0235507,0.174631,0,0,0
25.9002,1,-9.52564,-8.50431,2.48863,0.0100002,0.000642943,0.00515182,0.0283741,0,0,0
25.9002,2,-10.8652,-12.546,8.43752,0.161018,0.0208434,0.0259226,0.391868,0,0,0
25.9002,3,-3.01696,-8.57398,6.65028,-0.209477,0.0341118,-0.0758449,0.512525,0,0,0
25.9002,4,-3.53803,-15.5125,8.4625,0.0132052,0.002056,0.0175153,0.0548492,0,0,0
25.9002,5,-9.90528,-15.5253,1.51344,-0.254786,0.0192215,-0.0154296,0.595415,0,0,0
26.0367,0,-3.45147,-13.3505,1.53679,-0.0200568,-0.0675882,-0.0229097,0.165735,0,0,0
26.0367,1,-9.52504,-8.50425,2.48888,0.00963165,0.000637917,0.00483798,0.0283741,0,0,0
26.0367,2,-10.8629,-12.5466,8.43896,0.169603,0.018569,0.0245418,0.373379,0,0,0
26.0367,3,-3.02758,-8.57351,6.64686,-0.200294,0.0283036,-0.073403,0.512525,0,0,0
26.0367,4,-3.53728,-15.5124,8.46334,0.012818,0.00199923,0.0171194,0.0548492,0,0,0
26.0367,5,-9.91542,-15.5266,1.51295,-0.23296,0.011333,-0.0140815,0.595415,0,0,0
26.1764,0,-3.45272,-13.3543,1.53549,-0.0198719,-0.0660487,-0.0222905,0.165735,0,0,0
26.1764,1,-9.52446,-8.50421,2.48913,0.00936682,0.000596941,0.0046776,0.0270953,0,0,0
26.1764,2,-10.8456,-12.5445,8.44028,0.157591,0.018001,0.0240701,0.373379,0,0,0
26.1764,3,-3.04096,-8.57069,6.64279,-0.203197,0.0322023,-0.0720739,0.500152,0,0,0
26.1764,4,-3.5372,-15.5124,8.46427,0.013128,0.00202673,0.0166971,0.0530387,0,0,0
26.1764,5,-9.93088,-15.5248,1.51225,-0.233977,0.0170901,-0.0133274,0.569795,0,0,0
26.3182,0,-3.45385,-13.3574,1.53456,-0.0193059,-0.0624343,-0.0217488,0.15725,0,0,0
26.3182,1,-9.52389,-8.50415,2.48936,0.00903078,0.000586808,0.00456985,0.0270953,0,0,0
26.3182,2,-10.8452,-12.5448,8.44161,0.159094,0.0170156,0.0234219,0.353535,0,0,0
26.3182,3,-3.0568,-8.56574,6.63578,-0.213325,0.0453159,-0.068905,0.500152,0,0,0
26.3182,4,-3.53596,-15.5122,8.46512,0.0116769,0.00171815,0.0162658,0.0530387,0,0,0
26.3182,5,-9.94655,-15.5236,1.51166,-0.235772,0.0199101,-0.0125434,0.569795,0,0,0
26.4389,0,-3.45496,-13.3615,1.53351,-0.018542,-0.0626131,-0.0210422,0.15725,0,0,0
26.4389,1,-9.52334,-8.50412,2.48958,0.00876995,0.000522638,0.00449153,0.0264753,0,0,0
26.4389,2,-10.8375,-12.5432,8.44289,0.151161,0.0191333,0.0230161,0.353535,0,0,0
26.4389,3,-3.06364,-8.56726,6.63601,-0.190518,0.0305027,-0.0691,0.468173,0,0,0
26.4389,4,-3.53589,-15.5121,8.46592,0.0119381,0.0019814,0.0157572,0.0509535,0,0,0
26.4389,5,-9.96025,-15.5235,1.51113,-0.230548,0.0179915,-0.012344,0.540375,0,0,0
26.5914,0,-3.45624,-13.3651,1.53233,-0.0185877,-0.0614481,-0.0205023,0.149469,0,0,0
26.5914,1,-9.52271,-8.50408,2.48981,0.00877735,0.000465187,0.00443151,0.0264753,0,0,0
26.5914,2,-10.8209,-12.542,8.44413,0.143102,0.0158586,0.0231639,0.345016,0,0,0
26.5914,3,-3.07327,-8.56672,6.63281,-0.181782,0.0257649,-0.0663329,0.468173,0,0,0
26.5914,4,-3.5346,-15.512,8.46667,0.0110916,0.0015486,0.0153107,0.0509535,0,0,0
26.5914,5,-9.97321,-15.5229,1.51066,-0.224194,0.017793,-0.0121624,0.540375,0,0,0
26.7208,0,-3.45742,-13.3686,1.53145,-0.0183619,-0.0600367,-0.0199677,0.141631,0,0,0
26.7208,1,-9.52226,-8.50401,2.49005,0.00827328,0.000553594,0.00437241,0.0247096,0,0,0
26.7208,2,-10.8131,-12.541,8.44541,0.138637,0.0157374,0.0225369,0.320422,0,0,0
26.7208,3,-3.08731,-8.56296,6.62938,-0.190383,0.0355282,-0.0645705,0.45187,0,0,0
26.7208,4,-3.53461,-15.5119,8.46745,0.0110443,0.00206558,0.0147958,0.0489698,0,0,0
26.7208,5,-9.98619,-15.5226,1.51017,-0.218934,0.0169049,-0.0118636,0.514401,0,0,0
26.8575,0,-3.45855,-13.372,1.53048,-0.0180316,-0.0585409,-0.0194606,0.141631,0,0,0
26.8575,1,-9.52175,-8.50397,2.49004,0.00806564,0.000512595,0.00452413,0.0247096,0,0,0
26.8575,2,-10.8054,-12.5402,8.44665,0.134243,0.0152772,0.0216966,0.320422,0,0,0
26.8575,3,-3.09545,-8.5619,6.62373,-0.177026,0.0318699,-0.0612626,0.45187,0,0,0
26.8575,4,-3.53321,-15.5118,8.46811,0.0107327,0.00167623,0.0143634,0.0489698,0,0,0
26.8575,5,-9.99686,-15.5228,1.50981,-0.206667,0.0137148,-0.0114059,0.514401,0,0,0
26.9992,0,-3.45965,-13.3753,1.52929,-0.0176663,-0.0570312,-0.0184224,0.134285,0,0,0
26.9992,1,-9.52116,-8.50393,2.4903,0.00809103,0.000465663,0.00445005,0.0236065,0,0,0
26.9992,2,-10.7972,-12.5405,8.44663,0.131633,0.0106219,0.0225376,0.320422,0,0,0
26.9992,3,-3.10967,-8.56269,6.62112,-0.149934,0.0171131,-0.0593033,0.427554,0,0,0
26.9992,4,-3.5325,-15.5116,8.46885,0.0104644,0.0018391,0.013967,0.0464855,0,0,0
26.9992,5,-10.0112,-15.5218,1.5097,-0.209544,0.0163084,-0.0115022,0.489417,0,0,0
27.1402,0,-3.46072,-13.3785,1.52833,-0.0172843,-0.0555271,-0.0179439,0.134285,0,0,0
27.1402,1,-9.52073,-8.50386,2.49051,0.00769337,0.000557519,0.00445264,0.0236065,0,0,0
27.1402,2,-10.7911,-12.5387,8.44895,0.123912,0.0139358,0.0211648,0.304699,0,0,0
27.1402,3,-3.12431,-8.55733,6.61833,-0.164129,0.030508,-0.0569433,0.427554,0,0,0
27.1402,4,-3.53192,-15.5116,8.4696,0.0100399,0.00154582,0.013599,0.0464855,0,0,0
27.1402,5,-10.0223,-15.5219,1.50928,-0.20135,0.0136006,-0.0110469,0.489417,0,0,0
27.2832,0,-3.46176,-13.3816,1.52768,-0.016894,-0.0540405,-0.0179379,0.127425,0,0,0
27.2832,1,-9.52028,-8.50384,2.49092,0.00742304,0.000478438,0.0041987,0.0225481,0,0,0
27.2832,2,-10.7903,-12.5387,8.44898,0.126652,0.0140562,0.0222455,0.297263,0,0,0
27.2832,3,-3.13301,-8.55765,6.61566,-0.157448,0.0238009,-0.0552391,0.39804,0,0,0
27.2832,4,-3.53186,-15.5115,8.47024,0.0102518,0.00175772,0.0132869,0.0450892,0,0,0
27.2832,5,-10.0352,-15.5212,1.50885,-0.201132,0.0152423,-0.0110314,0.465348,0,0,0
27.4193,0,-3.46277,-13.3847,1.52665,-0.0164989,-0.0525782,-0.016963,0.127425,0,0,0
27.4193,1,-9.51973,-8.5038,2.49117,0.00754037,0.000426787,0.00407942,0.0225481,0,0,0
27.4193,2,-10.7774,-12.5372,8.45123,0.115691,0.0130513,0.0209187,0.297263,0,0,0
27.4193,3,-3.14415,-8.55531,6.6124,-0.159912,0.0265355,-0.0535747,0.39804,0,0,0
27.4193,4,-3.53076,-15.5113,8.47094,0.00947826,0.00172211,0.012952,0.0450892,0,0,0
27.4193,5,-10.0471,-15.5211,1.50831,-0.19735,0.0137298,-0.0107804,0.465348,0,0,0
27.5581,0,-3.46402,-13.3877,1.5258,-0.0170546,-0.0513055,-0.0170432,0.120712,0,0,0
27.5581,1,-9.51928,-8.50377,2.4914,0.00732819,0.00041052,0.00388765,0.0214484,0,0,0
27.5581,2,-10.7767,-12.5372,8.45128,0.11837,0.0132106,0.0218105,0.283402,0,0,0
27.5581,3,-3.15337,-8.5541,6.6122,-0.156236,0.025269,-0.0544226,0.37726,0,0,0
27.5581,4,-3.53009,-15.5112,8.47159,0.00947116,0.00158511,0.0126601,0.0428802,0,0,0
27.5581,5,-10.0586,-15.5209,1.50742,-0.193146,0.0128267,-0.0101615,0.441945,0,0,0
27.6939,0,-3.46472,-13.3905,1.52497,-0.015692,-0.0497159,-0.0165871,0.120712,0,0,0
27.6939,1,-9.51882,-8.5037,2.4914,0.00721248,0.00048066,0.00392256,0.0214484,0,0,0
27.6939,2,-10.7638,-12.5367,8.45346,0.10962,0.00968471,0.0201491,0.283402,0,0,0
27.6939,3,-3.16158,-8.5522,6.60743,-0.150183,0.0263261,-0.051757,0.37726,0,0,0
27.6939,4,-3.52956,-15.5111,8.47221,0.00913219,0.00160073,0.0123913,0.0428802,0,0,0
27.6939,5,-10.0684,-15.5216,1.507,-0.183997,0.0085628,-0.00964199,0.441945,0,0,0
27.8341,0,-3.46565,-13.3933,1.52411,-0.0152799,-0.0483215,-0.0161554,0.114629,0,0,0
27.8341,1,-9.51838,-8.50366,2.49158,0.00703751,0.00048485,0.00379476,0.020543,0,0,0
27.8341,2,-10.7584,-12.5351,8.45453,0.103248,0.0124507,0.0200256,0.264721,0,0,0
27.8341,3,-3.16761,-8.55314,6.60507,-0.137968,0.0181278,-0.0517219,0.358879,0,0,0
27.8341,4,-3.52935,-15.5111,8.47283,0.00773171,0.00152227,0.0121886,0.041502,0,0,0
27.8341,5,-10.0802,-15.52,1.50661,-0.183877,0.0134894,-0.00921705,0.420283,0,0,0
27.974,0,-3.46656,-13.3961,1.52332,-0.0148623,-0.0469531,-0.0152529,0.114629,0,0,0
27.974,1,-9.51795,-8.50362,2.49195,0.00686151,0.00048237,0.00357532,0.020543,0,0,0
27.974,2,-10.7574,-12.535,8.45455,0.106804,0.0125773,0.0199041,0.264721,0,0,0
27.974,3,-3.17889,-8.54992,6.60195,-0.144631,0.0246561,-0.0505987,0.358879,0,0,0
27.974,4,-3.52882,-15.5108,8.47338,0.00759806,0.00192053,0.0120236,0.041502,0,0,0
27.974,5,-10.0916,-15.5206,1.50627,-0.180068,0.0100933,-0.0085441,0.420283,0,0,0
28.1128,0,-3.46737,-13.3983,1.52277,-0.0143156,-0.0441743,-0.0147739,0.109212,0,0,0
28.1128,1,-9.51754,-8.50358,2.49214,0.00666676,0.000489758,0.00349767,0.019551,0,0,0
28.1128,2,-10.7462,-12.5338,8.45652,0.0978529,0.0116582,0.0186769,0.252294,0,0,0
28.1128,3,-3.17998,-8.55005,6.59933,-0.14854,0.0243175,-0.0495171,0.34058,0,0,0
28.1128,4,-3.52804,-15.5109,8.47402,0.00835785,0.00135926,0.0118749,0.0397534,0,0,0
28.1128,5,-10.102,-15.5203,1.50591,-0.17598,0.00975126,-0.00818089,0.398527,0,0,0
28.2487,0,-3.46856,-13.4009,1.52189,-0.0150665,-0.0431986,-0.0144161,0.109212,0,0,0
28.2487,1,-9.51713,-8.50354,2.49232,0.00651866,0.00049642,0.00336845,0.019551,0,0,0
28.2487,2,-10.7406,-12.5334,8.45655,0.0944179,0.0104222,0.0194088,0.252294,0,0,0
28.2487,3,-3.1953,-8.54767,6.59689,-0.137483,0.0225156,-0.0479379,0.34058,0,0,0
28.2487,4,-3.52755,-15.5108,8.47459,0.00810992,0.00135256,0.0117119,0.0397534,0,0,0
28.2487,5,-10.1119,-15.5198,1.50561,-0.171098,0.0102836,-0.00786766,0.398527,0,0,0
28.3712,0,-3.46909,-13.4038,1.5213,-0.0135332,-0.0431058,-0.0145475,0.103287,0,0,0
28.3712,1,-9.51673,-8.5035,2.49249,0.00636499,0.00049219,0.00327101,0.0186709,0,0,0
28.3712,2,-10.7358,-12.5324,8.4584,0.0891926,0.0112281,0.0178125,0.2416,0,0,0
28.3712,3,-3.19627,-8.54759,6.59453,-0.141098,0.0229463,-0.0463496,0.323269,0,0,0
28.3712,4,-3.5275,-15.5108,8.47521,0.00827766,0.00158408,0.0115156,0.0385573,0,0,0
28.3712,5,-10.1217,-15.5195,1.50533,-0.166873,0.0102206,-0.00755584,0.378803,0,0,0
28.5161,0,-3.46987,-13.4059,1.52062,-0.0131294,-0.0406392,-0.0141738,0.103287,0,0,0
28.5161,1,-9.51641,-8.50345,2.49265,0.00598222,0.000511311,0.00320078,0.0186709,0,0,0
28.5161,2,-10.7344,-12.5322,8.45932,0.0941609,0.0119969,0.0175789,0.2416,0,0,0
28.5161,3,-3.20417,-8.54636,6.59453,-0.137589,0.0224283,-0.0468414,0.323269,0,0,0
28.5161,4,-3.52654,-15.5106,8.47578,0.00785217,0.00141345,0.0112834,0.0385573,0,0,0
28.5161,5,-10.1304,-15.5202,1.505,-0.159219,0.00634821,-0.00724599,0.378803,0,0,0
28.6505,0,-3.47062,-13.4086,1.51974,-0.0124982,-0.0406002,-0.0138484,0.0980571,0,0,0
28.6505,1,-9.51598,-8.50344,2.49265,0.00604644,0.000417766,0.00329168,0.0179257,0,0,0
28.6505,2,-10.7282,-12.532,8.45939,0.0941213,0.00966148,0.0178297,0.234017,0,0,0
28.6505,3,-3.21194,-8.54516,6.59224,-0.134477,0.0219727,-0.0457293,0.314008,0,0,0
28.6505,4,-3.52608,-15.5106,8.47628,0.00763378,0.00135012,0.0110325,0.0367931,0,0,0
28.6505,5,-10.1411,-15.5193,1.50475,-0.160761,0.00909096,-0.00730082,0.359468,0,0,0
28.7856,0,-3.47141,-13.4106,1.51903,-0.0123107,-0.0384547,-0.0134458,0.0980571,0,0,0
28.7856,1,-9.5156,-8.50339,2.49282,0.00594439,0.000454392,0.00324664,0.0179257,0,0,0
28.7856,2,-10.7233,-12.5315,8.46111,0.090021,0.0088481,0.0165548,0.234017,0,0,0
28.7856,3,-3.2196,-8.54398,6.58839,-0.131601,0.0215262,-0.0453252,0.314008,0,0,0
28.7856,4,-3.52604,-15.5105,8.47683,0.00774328,0.00147578,0.0106815,0.0367931,0,0,0
28.7856,5,-10.149,-15.5196,1.5044,-0.152327,0.0063676,-0.00682378,0.359468,0,0,0
28.9321,0,-3.47212,-13.4132,1.51838,-0.0117515,-0.0384554,-0.0130348,0.0930368,0,0,0
28.9321,1,-9.51525,-8.50336,2.49297,0.00579508,0.000457714,0.00324875,0.017121,0,0,0
28.9321,2,-10.7138,-12.5301,8.46112,0.0821007,0.00942633,0.01721,0.219347,0,0,0
28.9321,3,-3.22717,-8.54282,6.58795,-0.129014,0.0211132,-0.0451391,0.29727,0,0,0
28.9321,4,-3.52505,-15.5105,8.4774,0.00768965,0.00101042,0.0103263,0.0353334,0,0,0
28.9321,5,-10.1578,-15.5191,1.50411,-0.148528,0.00736308,-0.00688803,0.34278,0,0,0
29.0563,0,-3.47292,-13.4155,1.51775,-0.0116566,-0.0375941,-0.012269,0.0930368,0,0,0
29.0563,1,-9.51488,-8.50331,2.49329,0.00569175,0.000482559,0.00308025,0.017121,0,0,0
29.0563,2,-10.7082,-12.5292,8.46288,0.0816973,0.010231,0.0159247,0.219347,0,0,0
29.0563,3,-3.24082,-8.54066,6.5856,-0.120289,0.0198348,-0.0437003,0.29727,0,0,0
29.0563,4,-3.52502,-15.5103,8.47791,0.00780083,0.00148759,0.0100386,0.0353334,0,0,0
29.0563,5,-10.1657,-15.5197,1.50383,-0.142285,0.00406905,-0.00638086,0.34278,0,0,0
29.1876,0,-3.47365,-13.4176,1.51714,-0.0113725,-0.0365775,-0.0118821,0.0881551,0,0,0
29.1876,1,-9.51454,-8.50328,2.49329,0.0055479,0.000461946,0.00316805,0.0163417,0,0,0
29.1876,2,-10.7017,-12.5296,8.46375,0.0840817,0.00677342,0.0157381,0.207044,0,0,0
29.1876,3,-3.24806,-8.53957,6.58137,-0.118208,0.0194542,-0.041723,0.275965,0,0,0
29.1876,4,-3.52417,-15.5102,8.4784,0.00727731,0.0014769,0.00967952,0.0339756,0,0,0
29.1876,5,-10.1749,-15.5183,1.50361,-0.142341,0.00890365,-0.00621016,0.325642,0,0,0
29.3204,0,-3.47454,-13.4198,1.51654,-0.0117377,-0.0355199,-0.0115866,0.0881551,0,0,0
29.3204,1,-9.51425,-8.50323,2.49344,0.00523483,0.000492993,0.0030771,0.0163417,0,0,0
29.3204,2,-10.7013,-12.5287,8.46376,0.0853909,0.0100922,0.0159214,0.207044,0,0,0
29.3204,3,-3.25435,-8.53818,6.5795,-0.113373,0.0200028,-0.0408906,0.275965,0,0,0
29.3204,4,-3.52372,-15.5101,8.47883,0.00715702,0.00147734,0.00941281,0.0339756,0,0,0
29.3204,5,-10.1826,-15.5189,1.50332,-0.13667,0.00519597,-0.00602487,0.325642,0,0,0
29.4492,0,-3.4752,-13.4218,1.51596,-0.0113566,-0.034464,-0.0113227,0.0835745,0,0,0
29.4492,1,-9.51401,-8.50317,2.4936,0.00482078,0.000597467,0.00304285,0.0157254,0,0,0
29.4492,2,-10.6922,-12.5276,8.46535,0.0787345,0.00959691,0.0148825,0.19725,0,0,0
29.4492,3,-3.25499,-8.53881,6.57972,-0.115552,0.0178119,-0.0405966,0.260998,0,0,0
29.4492,4,-3.52329,-15.51,8.47928,0.00700795,0.00145775,0.0090993,0.0327377,0,0,0
29.4492,5,-10.1933,-15.5178,1.50306,-0.14156,0.00934004,-0.00598697,0.307225,0,0,0
29.5904,0,-3.47558,-13.4232,1.51543,-0.0101883,-0.0313661,-0.0110371,0.0835745,0,0,0
29.5904,1,-9.51361,-8.50318,2.49376,0.00504943,0.000400834,0.00297841,0.0157254,0,0,0
29.5904,2,-10.6875,-12.527,8.46614,0.0768052,0.009407,0.0148584,0.19725,0,0,0
29.5904,3,-3.2672,-8.53676,6.5778,-0.107357,0.0172581,-0.0390247,0.248192,0,0,0
29.5904,4,-3.52322,-15.51,8.47973,0.00725918,0.0014905,0.00887802,0.0327377,0,0,0
29.5904,5,-10.2031,-15.5176,1.50281,-0.142323,0.00910986,-0.00581193,0.307225,0,0,0
29.7187,0,-3.47609,-13.4253,1.51509,-0.00928584,-0.0309102,-0.0111004,0.0798839,0,0,0
29.7187,1,-9.51324,-8.50315,2.4939,0.00514053,0.00037393,0.00291408,0.014913,0,0,0
29.7187,2,-10.6831,-12.5267,8.46616,0.0741011,0.00847144,0.0150591,0.188128,0,0,0
29.7187,3,-3.26843,-8.53686,6.57391,-0.11186,0.0171011,-0.0368532,0.248192,0,0,0
29.7187,4,-3.52252,-15.5099,8.48021,0.00651986,0.0012972,0.00866201,0.0315621,0,0,0
29.7187,5,-10.2114,-15.5179,1.50255,-0.13819,0.00706406,-0.00580753,0.289118,0,0,0
29.8502,0,-3.47674,-13.4275,1.5144,-0.00906864,-0.0312413,-0.010489,0.0798839,0,0,0
29.8502,1,-9.51296,-8.5031,2.49418,0.00490484,0.000466153,0.00271493,0.014913,0,0,0
29.8502,2,-10.6828,-12.5262,8.46691,0.0751601,0.0101249,0.0146997,0.188128,0,0,0
29.8502,3,-3.27574,-8.53541,6.57374,-0.112831,0.0186517,-0.0372343,0.248192,0,0,0
29.8502,4,-3.52213,-15.5098,8.48065,0.00634052,0.00146945,0.00847005,0.0315621,0,0,0
29.8502,5,-10.2192,-15.5177,1.50229,-0.134383,0.00682371,-0.00569479,0.289118,0,0,0
29.9939,0,-3.47746,-13.4293,1.51379,-0.00921618,-0.0300542,-0.0102992,0.0754291,0,0,0
29.9939,1,-9.5126,-8.50309,2.4942,0.00490126,0.000329827,0.00272459,0.0142119,0,0,0
29.9939,2,-10.6742,-12.5255,8.46839,0.070839,0.00834437,0.0139984,0.178886,0,0,0
29.9939,3,-3.282,-8.5346,6.57203,-0.110047,0.0176417,-0.035636,0.238711,0,0,0
29.9939,4,-3.52201,-15.5098,8.48108,0.00677041,0.00141673,0.00827526,0.0306249,0,0,0
29.9939,5,-10.2243,-15.5183,1.50206,-0.122447,0.00342535,-0.00542085,0.276272,0,0,0
30.1287,0,-3.4779,-13.4309,1.5134,-0.00847079,-0.0285456,-0.0100745,0.0754291,0,0,0
30.1287,1,-9.51232,-8.50304,2.49446,0.00472572,0.000408017,0.00248468,0.0142119,0,0,0
30.1287,2,-10.6735,-12.5254,8.46841,0.0732997,0.00873715,0.0142449,0.178886,0,0,0
30.1287,3,-3.28785,-8.53355,6.57029,-0.106376,0.0175732,-0.0351063,0.225992,0,0,0
30.1287,4,-3.5213,-15.5096,8.48149,0.0062608,0.001369,0.00807671,0.0306249,0,0,0
30.1287,5,-10.2335,-15.517,1.50184,-0.12686,0.00804926,-0.00537487,0.276272,0,0,0
30.2482,0,-3.47885,-13.4328,1.5128,-0.00950318,-0.0283279,-0.00977792,0.0715708,0,0,0
30.2482,1,-9.51204,-8.50302,2.49458,0.00460038,0.000384641,0.00242215,0.0135377,0,0,0
30.2482,2,-10.665,-12.525,8.46981,0.0695078,0.00649118,0.0130141,0.169619,0,0,0
30.2482,3,-3.29759,-8.53226,6.56714,-0.0944389,0.0148222,-0.0331487,0.225992,0,0,0
30.2482,4,-3.52093,-15.5095,8.4819,0.00611065,0.00134072,0.00787781,0.0292706,0,0,0
30.2482,5,-10.2398,-15.5175,1.50162,-0.120179,0.00525985,-0.00495741,0.260803,0,0,0
30.4002,0,-3.47931,-13.4351,1.51227,-0.00888251,-0.0292309,-0.00947341,0.0715708,0,0,0
30.4002,1,-9.51175,-8.50298,2.4947,0.0044657,0.000403994,0.00231973,0.0135377,0,0,0
30.4002,2,-10.6621,-12.5241,8.46976,0.0640249,0.00793015,0.0136291,0.169619,0,0,0
30.4002,3,-3.30268,-8.5324,6.56703,-0.0904576,0.0113733,-0.0335374,0.225992,0,0,0
30.4002,4,-3.52087,-15.5095,8.48228,0.00633144,0.00136283,0.00771923,0.0292706,0,0,0
30.4002,5,-10.2477,-15.5169,1.5014,-0.120654,0.00699748,-0.0048209,0.260803,0,0,0
30.5399,0,-3.47994,-13.4369,1.51179,-0.00882722,-0.0284547,-0.00919665,0.0672735,0,0,0
30.5399,1,-9.51147,-8.50295,2.49482,0.00435959,0.000391386,0.00225765,0.0129299,0,0,0
30.5399,2,-10.6588,-12.5235,8.47105,0.060201,0.00820179,0.0126246,0.163153,0,0,0
30.5399,3,-3.30505,-8.53098,6.56374,-0.0991715,0.0167808,-0.0312095,0.210902,0,0,0
30.5399,4,-3.52022,-15.5094,8.48263,0.0058031,0.00124771,0.00753454,0.0282654,0,0,0
30.5399,5,-10.2535,-15.5172,1.50121,-0.113881,0.00481877,-0.00463524,0.247084,0,0,0
30.6741,0,-3.48048,-13.4385,1.51178,-0.00854497,-0.0273026,-0.0094022,0.0672735,0,0,0
30.6741,1,-9.51121,-8.50288,2.49481,0.00423038,0.000521774,0.00232534,0.0129299,0,0,0
30.6741,2,-10.6579,-12.5234,8.47109,0.0634756,0.00858023,0.0129661,0.163153,0,0,0
30.6741,3,-3.31542,-8.5296,6.56209,-0.0920818,0.0148059,-0.031072,0.210902,0,0,0
30.6741,4,-3.52019,-15.5094,8.48303,0.00590696,0.00137179,0.00737612,0.0282654,0,0,0
30.6741,5,-10.2609,-15.5165,1.50101,-0.113974,0.00691208,-0.00450654,0.247084,0,0,0
30.812,0,-3.48053,-13.4387,1.51087,-0.00871273,-0.0278461,-0.00874656,0.0652493,0,0,0
30.812,1,-9.5109,-8.50289,2.49493,0.00429989,0.00037144,0.00229887,0.0123667,0,0,0
30.812,2,-10.65,-12.523,8.47241,0.061692,0.00624355,0.0118677,0.154227,0,0,0
30.812,3,-3.31602,-8.52963,6.56208,-0.0942574,0.0147566,-0.0305238,0.196983,0,0,0
30.812,4,-3.5195,-15.5093,8.48336,0.00564146,0.00125095,0.00721377,0.0272592,0,0,0
30.812,5,-10.2665,-15.5168,1.50081,-0.107786,0.00467104,-0.00434065,0.2341,0,0,0
30.9508,0,-3.48101,-13.4402,1.51086,-0.00835704,-0.0269759,-0.00906586,0.0652493,0,0,0
30.9508,1,-9.51069,-8.50286,2.49516,0.00403548,0.000386379,0.00220889,0.0123667,0,0,0
30.9508,2,-10.6498,-12.5226,8.47244,0.0624563,0.0078254,0.0122147,0.154227,0,0,0
30.9508,3,-3.32563,-8.52819,6.5592,-0.0866698,0.0135034,-0.0282644,0.196983,0,0,0
30.9508,4,-3.51912,-15.5092,8.48374,0.00564559,0.00112137,0.00703481,0.0272592,0,0,0
30.9508,5,-10.273,-15.516,1.50071,-0.104594,0.00700066,-0.00424664,0.2341,0,0,0
31.0747,0,-3.48141,-13.4417,1.51045,-0.00779396,-0.0259061,-0.00875042,0.0652493,0,0,0
31.0747,1,-9.51041,-8.50284,2.49516,0.00406693,0.000331056,0.00228317,0.0118252,0,0,0
31.0747,2,-10.6461,-12.5222,8.47364,0.0609381,0.00753207,0.0112434,0.150094,0,0,0
31.0747,3,-3.32614,-8.52816,6.55917,-0.0885441,0.0136884,-0.0289892,0.186289,0,0,0
31.0747,4,-3.5191,-15.5092,8.48409,0.00573074,0.00130036,0.00687954,0.0264944,0,0,0
31.0747,5,-10.2798,-15.5161,1.50048,-0.104384,0.00613716,-0.00429882,0.22083,0,0,0
31.2154,0,-3.48217,-13.4443,1.50968,-0.00677414,-0.0232217,-0.00858046,0.0620805,0,0,0
31.2154,1,-9.5102,-8.5028,2.49528,0.00384813,0.000373796,0.00221104,0.0118252,0,0,0
31.2154,2,-10.6425,-12.5218,8.47365,0.0594936,0.00727534,0.0117825,0.150094,0,0,0
31.2154,3,-3.33087,-8.52737,6.55777,-0.0853737,0.0134752,-0.028139,0.180807,0,0,0
31.2154,4,-3.51876,-15.5091,8.48444,0.00563276,0.00129196,0.00671595,0.0264944,0,0,0
31.2154,5,-10.2859,-15.5161,1.50031,-0.102262,0.0053342,-0.00423253,0.22083,0,0,0
31.3364,0,-3.48262,-13.4456,1.50926,-0.00665139,-0.0220554,-0.00817308,0.0578895,0,0,0
31.3364,1,-9.50993,-8.50279,2.49539,0.00385339,0.000376082,0.00218721,0.0112948,0,0,0
31.3364,2,-10.6362,-12.521,8.47481,0.0546142,0.0067199,0.0109378,0.140047,0,0,0
31.3364,3,-3.33964,-8.52613,6.55503,-0.0783094,0.0120831,-0.0266865,0.180807,0,0,0
31.3364,4,-3.51816,-15.509,8.48474,0.00523828,0.00125223,0.00655092,0.0253654,0,0,0
31.3364,5,-10.2918,-15.516,1.50011,-0.0996989,0.0050606,-0.00416017,0.208798,0,0,0
31.4624,0,-3.48274,-13.4457,1.50924,-0.00705641,-0.0224924,-0.00832504,0.0578895,0,0,0
31.4624,1,-9.50969,-8.50275,2.4955,0.00374229,0.000392433,0.00213531,0.0112948,0,0,0
31.4624,2,-10.6354,-12.5209,8.47539,0.057156,0.00699098,0.0106401,0.140047,0,0,0
31.4624,3,-3.34065,-8.52556,6.55501,-0.0820052,0.0142794,-0.0275275,0.180807,0,0,0
31.4624,4,-3.51811,-15.509,8.48508,0.00542788,0.0012717,0.00639582,0.0253654,0,0,0
31.4624,5,-10.2974,-15.5157,1.49988,-0.0968013,0.00520312,-0.0039351,0.208798,0,0,0
31.6054,0,-3.48352,-13.4484,1.50878,-0.00637558,-0.0214299,-0.0081154,0.0548365,0,0,0
31.6054,1,-9.50947,-8.5027,2.4956,0.00360356,0.000472879,0.00208853,0.0107889,0,0,0
31.6054,2,-10.6293,-12.5202,8.47591,0.0526444,0.00635343,0.010198,0.133088,0,0,0
31.6054,3,-3.34384,-8.5257,6.55388,-0.0745941,0.0105779,-0.0268731,0.170509,0,0,0
31.6054,4,-3.51755,-15.5088,8.48541,0.00500517,0.00117996,0.0062429,0.0244818,0,0,0
31.6054,5,-10.3022,-15.5159,1.49977,-0.0914893,0.0036094,-0.00391934,0.19844,0,0,0
