time,uav_id,px,py,pz,vx,vy,vz,feedback,ref_x,ref_y,ref_z
0.00527355,0,2.49567,-0.490045,8.47998,0.00203643,-0.00358757,0.0101871,0.0238569,0,0,0
0.00527355,1,-2.50061,2.50159,5.51882,-0.00344419,-0.000600104,-0.00606895,0.0192023,0,0,0
0.00527355,2,2.50451,3.50381,4.49848,-0.00147643,-0.00155661,0.00064398,0.00623266,0,0,0
0.00527355,3,-2.50585,-2.49914,6.48149,0.00150302,-0.00219368,0.00976614,0.020489,0,0,0
0.00527355,4,-1.50921,-0.494684,1.49051,0.00322114,-0.00345705,0.00408664,0.0142542,0,0,0
0.00527355,5,3.49195,-1.51063,3.49107,0.00635123,0.00295185,0.00499927,0.0166292,0,0,0
0.137587,0,2.49565,-0.490039,8.48053,0.00197273,-0.00356086,0.00993073,0.022775,0,0,0
0.137587,1,-2.50076,2.50153,5.51854,-0.00313387,-0.000686553,-0.00593924,0.0192023,0,0,0
0.137587,2,2.50441,3.50371,4.49852,-0.0014407,-0.00151275,0.000630733,0.00595491,0,0,0
0.137587,3,-2.50579,-2.49925,6.48209,0.0014031,-0.00203034,0.00924965,7.68178,0,0,0
0.137587,4,-1.50888,-0.495039,1.49071,0.00295066,-0.00310771,0.00394601,0.0142542,0,0,0
0.137587,5,3.49231,-1.5104,3.49134,0.00605894,0.00309702,0.0048771,0.0166292,0,0,0
0.262603,0,2.49565,-0.490039,8.48053,0.00197273,-0.00356086,0.00993073,0.022775,0,0,0
0.262603,1,-2.50076,2.50153,5.51854,-0.00313387,-0.000686553,-0.00593924,12.2052,0,0,0
0.262603,2,2.50433,3.50363,4.49855,-0.00138508,-0.00144695,0.000637294,0.00595491,0,0,0
0.262603,3,-2.50567,-2.49945,6.48242,0.00152315,-0.00216884,0.00923301,7.68178,0,0,0
0.262603,4,-1.50886,-0.495069,1.4911,0.00302933,-0.00322035,0.00374588,6.41316,0,0,0
0.262603,5,3.49273,-1.51026,3.49158,0.00604015,0.00284516,0.0047288,1.41307,0,0,0
0.394879,0,2.49592,-0.490477,8.48147,0.00198443,-0.00344409,0.00929582,9.43005,0,0,0
0.394879,1,-2.50097,2.50151,5.51824,-0.00310404,-0.000616749,-0.00580825,12.2052,0,0,0
0.394879,2,2.50424,3.50353,4.49855,-0.00136205,-0.00141629,0.000636452,9.69917,0,0,0
0.394879,3,-2.50567,-2.49945,6.48242,0.00152315,-0.00216884,0.00923301,7.68159,0,0,0
0.394879,4,-1.50849,-0.495472,1.49124,0.00286395,-0.00297583,0.00379492,6.41316,0,0,0
0.394879,5,3.49295,-1.51012,3.49171,0.00531463,0.00267125,0.00461552,1.41307,0,0,0
0.533455,0,2.49592,-0.490543,8.48194,0.00146657,-0.0028354,0.00660343,9.43005,0,0,0
0.533455,1,-2.50097,2.50151,5.51824,-0.00310404,-0.000616749,-0.00580825,11.7869,0,0,0
0.533455,2,2.50418,3.50347,4.49858,-0.00126469,-0.00131084,0.000626545,9.69917,0,0,0
0.533455,3,-2.50559,-2.49958,6.48295,0.00143165,-0.00197962,0.00873154,7.68159,0,0,0
0.533455,4,-1.50849,-0.495472,1.49124,0.00286395,-0.00297583,0.00379492,6.4128,0,0,0
0.533455,5,3.49313,-1.50998,3.49187,0.00460372,0.00256752,0.00447154,1.41299,0,0,0
0.666937,0,2.49614,-0.490844,8.48209,0.00187214,-0.00321478,0.00119786,9.10916,0,0,0
0.666937,1,-2.50097,2.50151,5.51824,-0.00310404,-0.000616749,-0.00580825,11.7869,0,0,0
0.666937,2,2.50414,3.50343,4.49861,-0.00108339,-0.00111603,0.000618587,9.699,0,0,0
0.666937,3,-2.50548,-2.49973,6.48303,0.00124021,-0.00157557,0.00889161,7.68134,0,0,0
0.666937,4,-1.50837,-0.495596,1.49148,0.00255105,-0.00260945,0.00359532,6.4128,0,0,0
0.666937,5,3.49377,-1.50976,3.49225,0.00555489,0.00263143,0.0067886,1.41299,0,0,0
0.815579,0,2.49614,-0.490844,8.48209,0.00187214,-0.00321478,0.00119786,9.10916,0,0,0
0.815579,1,-2.50112,2.50148,5.51794,-0.0028565,-0.000594446,-0.00560372,11.7871,0,0,0
0.815579,2,2.50414,3.50343,4.49861,-0.00108339,-0.00111603,0.000618587,9.699,0,0,0
0.815579,3,-2.50549,-2.49974,6.48338,0.00097773,-0.00119029,0.00870935,7.68134,0,0,0
0.815579,4,-1.50837,-0.495596,1.49148,0.00255105,-0.00260945,0.00359532,6.41253,0,0,0
0.815579,5,3.4941,-1.50962,3.49271,0.00537563,0.0028316,0.0187284,1.41286,0,0,0
0.976995,0,2.49622,-0.49102,8.48507,0.00238471,-0.00373989,-0.0217403,9.1104,0,0,0
0.976995,1,-2.50118,2.50145,5.51784,-0.00137763,-0.000406448,-0.0056639,11.7871,0,0,0
0.976995,2,2.50408,3.50337,4.49861,-0.00099838,-0.00102239,-0.000208314,9.6989,0,0,0
0.976995,3,-2.50547,-2.49982,6.48374,0.000733961,-0.0010159,0.0085743,7.68134,0,0,0
0.976995,4,-1.50837,-0.495596,1.49148,0.00255105,-0.00260945,0.00359532,6.41253,0,0,0
0.976995,5,3.4941,-1.50962,3.49271,0.00537563,0.0028316,0.0187284,1.41286,0,0,0
1.1084,0,2.49681,-0.491708,8.49109,0.0053437,-0.00668213,-0.0345358,9.1104,0,0,0
1.1084,1,-2.50132,2.50141,5.51763,-0.000996166,-0.00041666,-0.00360481,11.7872,0,0,0
1.1084,2,2.50404,3.50332,4.49852,-0.000913193,-0.000928443,-0.00315767,9.6989,0,0,0
1.1084,3,-2.50529,-2.5001,6.48453,0.00108504,-0.00153161,0.00383931,7.68134,0,0,0
1.1084,4,-1.50837,-0.495596,1.49148,0.00255105,-0.00260945,0.00359532,6.41253,0,0,0
1.1084,5,3.49455,-1.50952,3.4949,0.00423876,0.0036804,0.0562972,1.41223,0,0,0
1.24151,0,2.49801,-0.492993,8.50333,0.013653,-0.0148861,-0.0694933,9.1183,0,0,0
1.24151,1,-2.5016,2.50135,5.51773,-0.00175822,-0.000306922,0.00465295,11.7872,0,0,0
1.24151,2,2.50382,3.50311,4.50474,-0.00348955,-0.00351059,-0.0357147,9.7005,0,0,0
1.24151,3,-2.5044,-2.50105,6.48471,0.00731483,-0.00779585,-0.0523915,7.67993,0,0,0
1.24151,4,-1.50837,-0.495596,1.49148,0.00255105,-0.00260945,0.00359532,6.41253,0,0,0
1.24151,5,3.49485,-1.51004,3.49851,0.00429942,0.00592544,0.105278,1.41223,0,0,0
1.38817,0,2.49884,-0.493867,8.54882,0.0196407,-0.0206841,-0.0840107,9.1183,0,0,0
1.38817,1,-2.50161,2.50102,5.51982,-0.00347261,0.00078221,0.0279745,11.7865,0,0,0
1.38817,2,2.50218,3.50145,4.50479,-0.011478,-0.0115286,-0.0522364,9.7005,0,0,0
1.38817,3,-2.50345,-2.50204,6.50005,0.0169205,-0.0174825,-0.0880979,7.67993,0,0,0
1.38817,4,-1.5085,-0.495482,1.49144,0.00151529,-0.00144132,0.00454926,6.41264,0,0,0
1.38817,5,3.49511,-1.51246,3.50558,0.00450389,0.00367432,0.154665,1.4082,0,0,0
1.57702,0,2.50133,-0.49651,8.61896,0.0392428,-0.0402796,-0.131973,9.17849,0,0,0
1.57702,1,-2.50015,2.4993,5.53241,-0.00437875,0.00151617,0.0789758,11.7865,0,0,0
1.57702,2,2.49807,3.49731,4.49449,-0.0395302,-0.0399104,-0.135702,9.69076,0,0,0
1.57702,3,-2.49962,-2.50593,6.48978,0.0391856,-0.0396131,-0.125731,7.67427,0,0,0
1.57702,4,-1.50806,-0.495932,1.49251,0.000726174,0.000323594,0.0322256,6.41264,0,0,0
1.57702,5,3.49616,-1.52062,3.51791,0.00819946,-0.0173487,0.20436,1.4082,0,0,0
1.72212,0,2.51911,-0.514468,8.62649,0.122743,-0.122492,-0.187723,9.17849,0,0,0
1.72212,1,-2.49827,2.49708,5.58271,-0.0132813,0.0098671,0.173627,11.1999,0,0,0
1.72212,2,2.49261,3.49175,4.48084,-0.0652405,-0.0663281,-0.170107,9.69076,0,0,0
1.72212,3,-2.49168,-2.51397,6.4757,0.0717748,-0.0715548,-0.162083,7.67427,0,0,0
1.72212,4,-1.50819,-0.49606,1.49481,0.000390565,0.00179819,0.0676306,6.40964,0,0,0
1.72212,5,3.49671,-1.52812,3.52883,0.00934933,-0.0329048,0.251285,1.38697,0,0,0
1.85941,0,2.53265,-0.528181,8.60881,0.186094,-0.183492,-0.24358,9.13846,0,0,0
1.85941,1,-2.48311,2.4816,5.58087,0.0175065,-0.0207757,0.285099,11.1999,0,0,0
1.85941,2,2.4821,3.48108,4.46637,-0.107378,-0.109773,-0.199559,9.68026,0,0,0
1.85941,3,-2.48444,-2.52127,6.46046,0.112187,-0.110842,-0.190666,7.66204,0,0,0
1.85941,4,-1.50796,-0.497914,1.50547,0.00145845,0.00194135,0.129325,6.40964,0,0,0
1.85941,5,3.49785,-1.53779,3.54117,0.0126933,-0.0533996,0.296566,1.38697,0,0,0
2.0107,0,2.54662,-0.542314,8.58624,0.238861,-0.232821,-0.271045,9.13846,0,0,0
2.0107,1,-2.46974,2.46793,5.58703,0.0400417,-0.0428074,0.347231,11.7255,0,0,0
2.0107,2,2.4686,3.46702,4.45113,-0.155023,-0.159436,-0.222469,9.68026,0,0,0
2.0107,3,-2.47104,-2.53477,6.4729,0.156213,-0.152758,-0.187622,7.66204,0,0,0
2.0107,4,-1.50903,-0.502689,1.51995,-0.00302872,-0.00355501,0.18339,6.38588,0,0,0
2.0107,5,3.49699,-1.55232,3.55853,0.00968172,-0.0886871,0.351737,1.35838,0,0,0
2.15949,0,2.56864,-0.564584,8.5588,0.32351,-0.312494,-0.320792,9.07107,0,0,0
2.15949,1,-2.45123,2.44918,5.6072,0.0753715,-0.0769286,0.431266,11.7255,0,0,0
2.15949,2,2.45093,3.44833,4.43519,-0.210625,-0.224523,-0.250377,9.61738,0,0,0
2.15949,3,-2.45692,-2.54906,6.43314,0.208489,-0.201842,-0.216014,7.61116,0,0,0
2.15949,4,-1.50652,-0.51454,1.54003,0.00761583,-0.0251034,0.271702,6.38588,0,0,0
2.15949,5,3.49641,-1.56931,3.57727,0.00788277,-0.130633,0.393606,1.35838,0,0,0
3.14227,0,2.60247,-0.598728,8.52378,0.433405,-0.416832,-0.319237,9.01452,0,0,0
3.14227,1,-2.43234,2.43007,5.62751,0.103088,-0.103244,0.508343,11.6642,0,0,0
3.14227,2,2.42439,3.41989,4.41373,-0.285537,-0.313794,-0.268999,9.57902,0,0,0
3.14227,3,-2.42398,-2.58216,6.41204,0.318066,-0.30591,-0.196972,7.61116,0,0,0
3.14227,4,-1.5066,-0.529984,1.55669,0.00550954,-0.0405174,0.329539,6.34014,0,0,0
3.14227,5,3.49584,-1.6013,3.61758,0.000287747,-0.165318,0.431185,1.28595,0,0,0
3.26802,0,2.63398,-0.63057,8.43475,0.468216,-0.457875,-0.36345,9.01452,0,0,0
3.26802,1,-2.43234,2.43007,5.62751,0.103088,-0.103244,0.508343,11.6642,0,0,0
3.26802,2,2.42439,3.41989,4.41373,-0.285537,-0.313794,-0.268999,9.57902,0,0,0
3.26802,3,-2.42398,-2.58216,6.41204,0.318066,-0.30591,-0.196972,7.56558,0,0,0
3.26802,4,-1.5066,-0.529984,1.55669,0.00550954,-0.0405174,0.329539,6.34014,0,0,0
3.26802,5,3.49367,-1.61386,3.6238,-0.0087466,-0.189945,0.442927,1.2462,0,0,0
3.399,0,2.66146,-0.657404,8.25689,0.350052,-0.41267,-0.519206,9.01452,0,0,0
3.399,1,-2.43234,2.43007,5.62751,0.103088,-0.103244,0.508343,11.6642,0,0,0
3.399,2,2.42439,3.41989,4.41373,-0.285537,-0.313794,-0.268999,9.57902,0,0,0
3.399,3,-2.42398,-2.58216,6.41204,0.318066,-0.30591,-0.196972,7.56558,0,0,0
3.399,4,-1.5066,-0.529984,1.55669,0.00550954,-0.0405174,0.329539,6.34014,0,0,0
3.399,5,3.49344,-1.75369,3.7496,-0.00586612,-0.489524,0.463153,1.2462,0,0,0
3.5279,0,2.69343,-0.696055,8.08654,0.429662,-0.569705,-0.842941,8.80377,0,0,0
3.5279,1,-2.43234,2.43007,5.62751,0.103088,-0.103244,0.508343,11.6642,0,0,0
3.5279,2,2.38326,3.37463,4.34769,-0.301547,-0.356029,-0.305105,9.57902,0,0,0
3.5279,3,-2.2546,-2.75323,6.36242,0.850914,-0.834583,-0.167504,7.56558,0,0,0
3.5279,4,-1.5066,-0.529984,1.55669,0.00550954,-0.0405174,0.329539,6.34014,0,0,0
3.5279,5,3.49344,-1.75369,3.7496,-0.00586612,-0.489524,0.463153,1.05836,0,0,0
3.68535,0,2.85582,-0.863262,7.98533,0.990469,-1.17969,-0.665392,8.80377,0,0,0
3.68535,1,-2.43234,2.43007,5.62751,0.103088,-0.103244,0.508343,11.6642,0,0,0
3.68535,2,2.36708,3.35488,4.31918,-0.245465,-0.338434,-0.389727,9.50469,0,0,0
3.68535,3,-2.06628,-2.9563,6.229,0.997875,-1.018,-0.251439,7.1978,0,0,0
3.68535,4,-1.5066,-0.529984,1.55669,0.00550954,-0.0405174,0.329539,6.34014,0,0,0
3.68535,5,3.49399,-1.80617,3.79794,-0.00386636,-0.539972,0.427873,1.05836,0,0,0
3.83884,0,2.87677,-0.893183,7.87898,0.901571,-1.15906,-0.686411,8.43541,0,0,0
3.83884,1,-2.31162,2.3083,5.7777,0.23196,-0.224124,0.763976,11.6314,0,0,0
3.83884,2,2.35864,3.34491,4.28601,-0.211432,-0.310866,-0.44373,9.50469,0,0,0
3.83884,3,-1.98577,-3.0455,6.18017,0.961808,-1.01386,-0.305873,7.1978,0,0,0
3.83884,4,-1.50529,-0.562797,1.6036,0.0106395,-0.0627097,0.523649,6.30948,0,0,0
3.83884,5,3.49316,-1.83655,3.82508,-0.00717495,-0.573564,0.370252,1.38181,0,0,0
3.97364,0,2.99564,-1.02031,7.83227,1.18171,-1.45849,-0.551142,8.43541,0,0,0
3.97364,1,-2.25283,2.25795,5.90728,0.188749,-0.248684,0.71279,11.6314,0,0,0
3.97364,2,2.33606,3.31551,4.2636,-0.246247,-0.354217,-0.482372,9.41922,0,0,0
3.97364,3,-1.92757,-3.10801,6.13419,0.801244,-0.918311,-0.429071,6.94999,0,0,0
3.97364,4,-1.51226,-0.668897,1.75292,-0.0200195,-0.128246,0.622033,6.30948,0,0,0
3.97364,5,3.49624,-1.86947,3.84596,0.00330997,-0.599666,0.335629,1.38181,0,0,0
4.11983,0,3.0594,-1.10445,7.79258,1.1969,-1.62206,-0.740305,8.18699,0,0,0
4.11983,1,-2.21707,2.20997,5.9082,0.24224,-0.313938,0.775342,11.3589,0,0,0
4.11983,2,2.3125,3.28534,4.21382,-0.284999,-0.41736,-0.526561,9.41922,0,0,0
4.11983,3,-1.79211,-3.26088,6.15326,0.999222,-1.19133,-0.376792,6.94999,0,0,0
4.11983,4,-1.51024,-0.692781,1.68817,-0.0145156,-0.11898,0.666996,6.13586,0,0,0
4.11983,5,3.49452,-1.89113,3.85261,-0.00316258,-0.590575,0.274473,1.34195,0,0,0
4.27337,0,3.27909,-1.3756,7.71318,1.55566,-2.13853,-0.749672,8.18699,0,0,0
4.27337,1,-2.11131,2.10661,5.86648,0.633667,-0.659449,1.08033,11.3589,0,0,0
4.27337,2,2.25568,3.21105,4.0952,-0.415649,-0.743724,-0.448115,9.25743,0,0,0
4.27337,3,-1.75647,-3.31405,6.14533,1.12635,-1.3932,-0.350124,6.67885,0,0,0
4.27337,4,-1.51452,-0.744725,1.71062,-0.0153874,-0.283025,0.70287,6.13586,0,0,0
4.27337,5,3.49677,-1.91677,3.87053,0.00257049,-0.594469,0.25672,1.34195,0,0,0
4.40535,0,3.45592,-1.63391,7.69819,1.91134,-2.68123,-0.611512,7.75833,0,0,0
4.40535,1,-1.74651,1.7381,5.95655,1.59524,-1.54734,1.66484,11.1677,0,0,0
4.40535,2,2.10526,2.99143,4.129,-0.855883,-1.43887,-0.268012,9.25743,0,0,0
4.40535,3,-1.62043,-3.47899,6.1731,1.45138,-1.78004,-0.208316,6.67885,0,0,0
4.40535,4,-1.49923,-0.853002,1.78216,0.0609312,-0.577672,0.942035,5.50119,0,0,0
4.40535,5,3.49745,-1.93584,3.88475,0.000101889,-0.573088,0.221581,1.30457,0,0,0
4.53705,0,3.55194,-1.77386,7.63841,2.20922,-3.20035,-0.780676,7.75833,0,0,0
4.53705,1,-1.66242,1.65617,6.03198,1.91161,-1.841,1.84826,11.1677,0,0,0
4.53705,2,2.00441,2.79581,4.06853,-1.06617,-1.97937,-0.176933,8.81369,0,0,0
4.53705,3,-1.46027,-3.6984,6.16212,1.53688,-2.00543,-0.169061,6.41887,0,0,0
4.53705,4,-1.50698,-0.992647,1.91473,0.0387182,-0.991005,1.01216,5.50119,0,0,0
4.53705,5,3.49755,-1.95045,3.89503,-0.0051177,-0.536564,0.195765,1.30457,0,0,0
4.67326,0,3.61952,-1.9011,7.56236,2.03932,-3.18714,-1.05358,7.32871,0,0,0
4.67326,1,-1.56889,1.56277,6.12394,1.98777,-1.82455,1.83729,9.16256,0,0,0
4.67326,2,1.90125,2.60569,4.01416,-1.24324,-2.38905,-0.129368,8.81369,0,0,0
4.67326,3,-1.37561,-3.83349,6.11246,1.58178,-2.17908,-0.194844,6.41887,0,0,0
4.67326,4,-1.51367,-1.10117,1.9958,0.0103178,-1.26066,0.968671,5.20286,0,0,0
4.67326,5,3.49832,-1.93674,3.90178,-0.00871432,-0.481959,0.174165,1.29557,0,0,0
4.79013,0,3.66303,-2.01421,7.49703,1.77158,-3.04278,-1.42483,7.32871,0,0,0
4.79013,1,-1.2336,1.2244,6.21283,2.5747,-2.32011,1.86361,9.16256,0,0,0
4.79013,2,1.80893,2.35404,3.95768,-1.32224,-2.96136,-0.125024,8.33304,0,0,0
4.79013,3,-1.3947,-3.84231,6.05493,1.47688,-2.21965,-0.431086,6.00019,0,0,0
4.79013,4,-1.4913,-1.41693,2.05327,0.122975,-2.2264,1.00703,5.20286,0,0,0
4.79013,5,3.50012,-1.94864,3.90962,-0.00628544,-0.44552,0.155004,1.29557,0,0,0
4.92038,0,3.77784,-2.20859,7.43127,1.82018,-3.27046,-1.65152,7.03169,0,0,0
4.92038,1,-0.958879,0.945127,6.28249,3.17571,-2.81863,1.96115,9.12814,0,0,0
4.92038,2,1.68771,2.11758,3.89282,-1.48091,-3.40003,-0.344158,8.33304,0,0,0
4.92038,3,-1.33372,-3.95628,6.00145,1.40584,-2.27771,-0.627432,6.00019,0,0,0
4.92038,4,-1.50014,-1.59525,2.12253,0.059519,-2.58241,0.750128,4.87757,0,0,0
4.92038,5,3.50554,-1.98641,3.91875,0.00628313,-0.436303,0.140926,1.26118,0,0,0
5.03853,0,3.79857,-2.30295,7.36274,1.57931,-3.02572,-1.73788,7.03169,0,0,0
5.03853,1,-0.816521,0.794027,6.32854,3.28632,-2.90388,1.77045,9.12814,0,0,0
5.03853,2,1.65235,1.83964,3.82476,-1.33864,-3.89507,-0.556446,7.78477,0,0,0
5.03853,3,-1.22114,-4.16694,5.97591,1.35394,-2.32378,-0.617337,5.86061,0,0,0
5.03853,4,-1.51849,-1.70963,2.20829,-0.044302,-2.67449,0.667162,4.87757,0,0,0
5.03853,5,3.51316,-1.9824,3.91885,0.0334447,-0.421625,0.130761,1.26118,0,0,0
5.18624,0,3.85535,-2.43188,7.37551,1.50981,-2.93744,-1.80835,6.69514,0,0,0
5.18624,1,-0.858073,0.826757,6.37855,3.22699,-2.95157,1.12582,8.5203,0,0,0
5.18624,2,1.59048,1.66201,3.75432,-1.28175,-3.94604,-0.89621,7.78477,0,0,0
5.18624,3,-1.17566,-4.29481,5.96033,1.33137,-2.39872,-0.391306,5.86061,0,0,0
5.18624,4,-1.52113,-1.80758,2.27732,-0.0987704,-2.71984,0.742936,4.66241,0,0,0
5.18624,5,3.52744,-2.00844,3.92976,0.0668929,-0.380078,0.107361,1.22991,0,0,0
5.34164,0,3.887,-2.54453,7.31732,1.35725,-2.80035,-1.84021,6.69514,0,0,0
5.34164,1,-0.586633,0.532121,6.43639,3.2813,-3.1426,0.598213,8.5203,0,0,0
5.34164,2,1.5457,1.49422,3.68097,-1.17685,-3.9137,-1.11448,7.40062,0,0,0
5.34164,3,-1.18465,-4.3198,5.97386,1.31665,-2.47542,-0.354365,5.4876,0,0,0
5.34164,4,-1.51643,-1.89575,2.3452,-0.112181,-2.70127,0.713493,4.66241,0,0,0
5.34164,5,3.53696,-2.02205,3.93334,0.0887543,-0.368333,0.0870988,1.22991,0,0,0
5.46789,0,4.02572,-2.84651,7.18134,1.37607,-2.89083,-1.92972,6.4599,0,0,0
5.46789,1,-0.624196,0.556476,6.48632,3.12756,-3.1154,0.399972,8.92093,0,0,0
5.46789,2,1.51256,1.33205,3.60755,-1.06707,-3.85205,-1.31006,7.40062,0,0,0
5.46789,3,-1.07727,-4.57107,5.96925,1.27712,-2.58304,-0.362326,5.4876,0,0,0
5.46789,4,-1.50703,-1.97575,2.41488,-0.0997599,-2.65486,0.706427,4.475,0,0,0
5.46789,5,3.54901,-2.0185,3.93259,0.134596,-0.35726,0.0700578,1.20755,0,0,0
5.59358,0,3.98786,-2.81831,7.18255,1.28446,-2.7819,-1.84779,6.4599,0,0,0
5.59358,1,-0.539566,0.442288,6.53831,2.94316,-3.06601,0.246557,8.92093,0,0,0
5.59358,2,1.48916,1.20182,3.53498,-0.988306,-3.67027,-1.42609,7.07347,0,0,0
5.59358,3,-1.04152,-4.69716,5.96097,1.21132,-2.61959,-0.364916,5.19638,0,0,0
5.59358,4,-1.49379,-2.04749,2.48542,-0.0670719,-2.5816,0.726887,4.475,0,0,0
5.59358,5,3.5749,-2.04799,3.93504,0.181627,-0.345698,0.0498319,1.20755,0,0,0
5.7168,0,4.02844,-2.93668,7.1188,1.20359,-2.69124,-1.86012,6.1454,0,0,0
5.7168,1,-0.411751,0.27899,6.58214,2.94209,-3.19488,0.171838,8.80005,0,0,0
5.7168,2,1.47206,1.02048,3.46239,-0.890946,-3.69829,-1.51815,7.07347,0,0,0
5.7168,3,-1.00363,-4.81778,5.9531,1.15633,-2.62803,-0.416403,5.19638,0,0,0
5.7168,4,-1.47722,-2.11061,2.55663,-0.0172516,-2.4763,0.786206,4.29366,0,0,0
5.7168,5,3.58404,-2.03726,3.93662,0.2167,-0.307738,0.00995937,1.17069,0,0,0
5.84957,0,4.05254,-3.03457,6.99224,1.06371,-2.50763,-1.93395,6.1454,0,0,0
5.84957,1,-0.312538,0.143655,6.62937,2.83561,-3.18919,0.164766,8.80005,0,0,0
5.84957,2,1.45469,0.864527,3.39341,-0.818195,-3.63674,-1.58434,6.70848,0,0,0
5.84957,3,-0.989641,-4.9216,5.94752,1.03067,-2.57436,-0.471256,4.93856,0,0,0
5.84957,4,-1.45781,-2.16515,2.6296,0.0476327,-2.33829,0.872123,4.29366,0,0,0
5.84957,5,3.61067,-2.05626,3.93669,0.280894,-0.32436,0.00165145,1.17069,0,0,0
5.97589,0,4.14359,-3.28577,6.92096,1.02574,-2.5296,-1.8664,5.85073,0,0,0
5.97589,1,-0.223412,0.00617483,6.67178,2.70678,-3.19121,0.122576,8.41415,0,0,0
5.97589,2,1.43336,0.732221,3.24006,-0.785457,-3.49453,-1.57827,6.70848,0,0,0
5.97589,3,-0.942772,-5.06331,5.93879,1.02862,-2.6541,-0.501144,4.93856,0,0,0
5.97589,4,-1.4361,-2.21155,2.70184,0.120932,-2.17114,0.971694,5.39774,0,0,0
5.97589,5,3.62839,-2.05863,3.93649,0.301013,-0.277054,-0.0172693,0.72721,0,0,0
6.11052,0,4.11614,-3.25579,6.8567,0.957185,-2.48649,-1.69287,5.85073,0,0,0
6.11052,1,-0.0132007,-0.284199,6.72348,2.62023,-3.23338,0.159738,8.41415,0,0,0
6.11052,2,1.43131,0.565062,3.18109,-0.650014,-3.46083,-1.52889,6.36226,0,0,0
6.11052,3,-0.914516,-5.18053,5.93021,0.965442,-2.64604,-0.503592,4.68598,0,0,0
6.11052,4,-1.4127,-2.25065,2.77564,0.195112,-1.98501,1.06987,5.39774,0,0,0
6.11052,5,3.67424,-2.08499,3.93558,0.366596,-0.274363,-0.0433224,0.72721,0,0,0
6.24098,0,4.20439,-3.50968,6.80305,0.933131,-2.54362,-1.60323,5.58533,0,0,0
6.24098,1,-0.0593482,-0.258196,6.77137,2.44023,-3.13901,0.258979,7.88424,0,0,0
6.24098,2,1.41646,0.44193,3.13082,-0.612302,-3.33241,-1.46292,6.36226,0,0,0
6.24098,3,-0.932537,-5.16121,5.92428,0.898888,-2.56853,-0.52085,4.68598,0,0,0
6.24098,4,-1.38818,-2.28343,2.85074,0.26445,-1.77885,1.17289,5.22663,0,0,0
6.24098,5,3.68447,-2.08288,3.93118,0.401953,-0.26624,-0.0785752,0.729095,0,0,0
6.37556,0,4.22653,-3.60302,6.80517,0.853613,-2.47582,-1.49977,5.58533,0,0,0
6.37556,1,0.0155745,-0.385668,6.81942,2.30494,-3.09983,0.259302,7.88424,0,0,0
6.37556,2,1.41454,0.281149,3.08337,-0.525958,-3.34432,-1.44799,6.06343,0,0,0
6.37556,3,-0.859255,-5.40113,5.91606,0.849691,-2.59027,-0.495256,4.58882,0,0,0
6.37556,4,-1.36305,-2.31106,2.92367,0.326553,-1.56019,1.27619,5.22663,0,0,0
6.37556,5,3.70592,-2.08724,3.92863,0.414297,-0.232652,-0.100374,0.729095,0,0,0
6.49815,0,4.20975,-3.56313,6.75401,0.78725,-2.33352,-1.4571,5.26615,0,0,0
6.49815,1,0.193279,-0.659605,6.86339,2.19522,-3.10168,0.388371,7.76656,0,0,0
6.49815,2,1.40474,0.142924,3.03847,-0.485356,-3.27575,-1.40703,6.06343,0,0,0
6.49815,3,-0.873307,-5.37664,5.90913,0.798738,-2.50856,-0.434461,4.58882,0,0,0
6.49815,4,-1.33772,-2.33483,2.99849,0.383621,-1.34475,1.36598,5.06491,0,0,0
6.49815,5,3.75217,-2.10478,3.92885,0.446637,-0.211968,-0.111749,0.738923,0,0,0
6.63434,0,4.21704,-3.6254,6.70028,0.645433,-2.14068,-1.41742,5.26615,0,0,0
6.63434,1,0.156484,-0.628714,6.90729,2.03138,-2.98015,0.544732,7.76656,0,0,0
6.63434,2,1.41775,-0.017388,2.99613,-0.375158,-3.28001,-1.40396,5.75671,0,0,0
6.63434,3,-0.804589,-5.60199,5.90492,0.758513,-2.49406,-0.423595,4.36525,0,0,0
6.63434,4,-1.3176,-2.36105,3.07479,0.419928,-1.15467,1.44429,5.06491,0,0,0
6.63434,5,3.75242,-2.09946,3.92512,0.4431,-0.191932,-0.130135,0.738923,0,0,0
6.75637,0,4.29643,-3.855,6.6389,0.668317,-2.22087,-1.345,5.18655,0,0,0
6.75637,1,0.295945,-0.867784,6.95511,1.84757,-2.89127,0.56186,7.47495,0,0,0
6.75637,2,1.38813,-0.116807,2.95567,-0.435691,-3.06439,-1.3753,5.75671,0,0,0
6.75637,3,-0.790771,-5.67961,5.89984,0.67542,-2.382,-0.376814,4.36525,0,0,0
6.75637,4,-1.29044,-2.36956,3.1508,0.473817,-0.921582,1.51117,3.9749,0,0,0
6.75637,5,3.79619,-2.11254,3.92178,0.455675,-0.165901,-0.1451,0.756432,0,0,0
6.8939,0,4.31594,-3.93421,6.52993,0.617824,-2.15796,-1.25828,5.18655,0,0,0
6.8939,1,0.375174,-1.00357,6.99867,1.79758,-2.90871,0.614436,7.47495,0,0,0
6.8939,2,1.38105,-0.236928,2.91609,-0.407458,-2.96627,-1.31211,5.521,0,0,0
6.8939,3,-0.78921,-5.6713,5.89441,0.680062,-2.35773,-0.334825,4.05233,0,0,0
6.8939,4,-1.26482,-2.39613,3.22795,0.516768,-0.779165,1.55927,3.9749,0,0,0
6.8939,5,3.81362,-2.11463,3.91339,0.443817,-0.141346,-0.159018,0.756432,0,0,0
7.03041,0,4.30528,-3.90283,6.47987,0.577817,-2.05393,-1.20589,4.82673,0,0,0
7.03041,1,0.433057,-1.11333,7.03616,1.68633,-2.83967,0.626602,7.03413,0,0,0
7.03041,2,1.37004,-0.354223,2.87728,-0.378871,-2.88538,-1.23617,5.521,0,0,0
7.03041,3,-0.764206,-5.76486,5.89043,0.638262,-2.29936,-0.309993,4.05233,0,0,0
7.03041,4,-1.24342,-2.41793,3.30511,0.538443,-0.639011,1.59001,3.82207,0,0,0
7.03041,5,3.82702,-2.11552,3.90963,0.421244,-0.116307,-0.160589,0.756432,0,0,0
7.15501,0,4.35667,-4.08259,6.4814,0.527119,-1.98694,-1.14276,4.82673,0,0,0
7.15501,1,0.491677,-1.2202,7.07646,1.59446,-2.7733,0.613066,7.03413,0,0,0
7.15501,2,1.35877,-0.464886,2.84659,-0.361107,-2.78164,-1.19294,5.28234,0,0,0
7.15501,3,-0.730905,-5.86442,5.88706,0.628714,-2.27528,-0.291593,3.96257,0,0,0
7.15501,4,-1.22366,-2.44185,3.38371,0.556651,-0.534535,1.60059,3.82207,0,0,0
7.15501,5,3.83582,-2.11528,3.90537,0.388085,-0.0911543,-0.156719,0.974309,0,0,0
7.2904,0,4.34989,-4.05576,6.43245,0.504023,-1.90752,-1.0809,4.67704,0,0,0
7.2904,1,0.478011,-1.19995,7.11607,1.52782,-2.6873,0.641308,6.78008,0,0,0
7.2904,2,1.33974,-0.576543,2.80757,-0.366261,-2.69554,-1.14812,5.28234,0,0,0
7.2904,3,-0.686133,-6.05212,5.88324,0.554984,-2.19289,-0.268047,3.96257,0,0,0
7.2904,4,-1.20636,-2.4691,3.46047,0.570333,-0.463936,1.58996,3.2864,0,0,0
7.2904,5,3.83968,-2.11398,3.90054,0.344292,-0.0660734,-0.149882,0.971801,0,0,0
7.42394,0,4.3714,-4.12933,6.38421,0.474849,-1.83774,-1.05165,4.67704,0,0,0
7.42394,1,0.610999,-1.42585,7.15925,1.44077,-2.60946,0.683352,6.78008,0,0,0
7.42394,2,1.32625,-0.675964,2.76977,-0.349764,-2.58252,-1.10091,5.05631,0,0,0
7.42394,3,-0.663351,-6.13331,5.88035,0.528224,-2.12219,-0.259017,3.66629,0,0,0
7.42394,4,-1.19106,-2.49932,3.53802,0.591476,-0.422861,1.55925,3.2864,0,0,0
7.42394,5,3.83859,-2.11178,3.89598,0.291982,-0.0421539,-0.137698,0.971801,0,0,0
7.55064,0,4.41621,-4.29158,6.2881,0.438301,-1.77863,-1.01296,4.57753,0,0,0
7.55064,1,0.672719,-1.52531,7.19862,1.38823,-2.52391,0.741304,6.53215,0,0,0
7.55064,2,1.30845,-0.773207,2.7337,-0.347322,-2.47986,-1.04692,5.05631,0,0,0
7.55064,3,-0.667226,-6.1095,5.87728,0.512486,-2.03575,-0.250309,3.66629,0,0,0
7.55064,4,-1.17876,-2.53328,3.61444,0.604574,-0.423581,1.50974,3.11796,0,0,0
7.55064,5,3.82058,-2.10765,3.89489,0.232281,-0.0277753,-0.110166,0.990813,0,0,0
7.67648,0,4.41302,-4.27255,6.28861,0.430556,-1.72039,-0.975055,4.57753,0,0,0
7.67648,1,0.66529,-1.50223,7.23711,1.36272,-2.43859,0.715791,6.53215,0,0,0
7.67648,2,1.28828,-0.866749,2.69899,-0.355413,-2.38051,-0.994688,4.85036,0,0,0
7.67648,3,-0.620779,-6.28973,5.87394,0.47762,-1.98791,-0.223061,3.60559,0,0,0
7.67648,4,-1.16995,-2.57087,3.68748,0.594803,-0.46171,1.45515,3.11796,0,0,0
7.67648,5,3.82307,-2.10568,3.88823,0.171843,-0.000216886,-0.0894691,0.990813,0,0,0
7.81598,0,4.43327,-4.34276,6.24238,0.412074,-1.66331,-0.946357,4.40163,0,0,0
7.81598,1,0.782975,-1.69774,7.27317,1.28428,-2.33537,0.633954,6.42477,0,0,0
7.81598,2,1.26624,-0.956622,2.66492,-0.367975,-2.28262,-0.943084,4.85036,0,0,0
7.81598,3,-0.599609,-6.36349,5.87103,0.457422,-1.92058,-0.187826,3.60559,0,0,0
7.81598,4,-1.16505,-2.61171,3.7677,0.558065,-0.527859,1.38751,2.94904,0,0,0
7.81598,5,3.81026,-2.10269,3.88707,0.107448,0.0174953,-0.0588585,0.990813,0,0,0
7.94271,0,4.45451,-4.41109,6.19667,0.39995,-1.61273,-0.930908,4.40163,0,0,0
7.94271,1,0.86739,-1.81469,7.30844,1.33723,-2.35686,0.615709,6.42477,0,0,0
7.94271,2,1.2426,-1.04309,2.63152,-0.384829,-2.18744,-0.895144,4.65788,0,0,0
7.94271,3,-0.602196,-6.34313,5.86882,0.446874,-1.8482,-0.165602,3.34433,0,0,0
7.94271,4,-1.16429,-2.65516,3.83783,0.499026,-0.607241,1.33024,2.94904,0,0,0
7.94271,5,3.79574,-2.10061,3.88985,0.0438005,0.0320115,-0.0163138,1.00463,0,0,0
8.07605,0,4.46682,-4.46994,6.10595,0.355912,-1.53397,-0.907222,4.2316,0,0,0
8.07605,1,0.933768,-1.90851,7.3432,1.33067,-2.30398,0.559921,6.04713,0,0,0
8.07605,2,1.21817,-1.11457,2.59862,-0.405554,-2.05513,-0.845559,4.65788,0,0,0
8.07605,3,-0.560663,-6.5069,5.86694,0.415902,-1.79353,-0.146069,3.34433,0,0,0
8.07605,4,-1.16762,-2.70035,3.89437,0.415987,-0.688524,1.27371,2.80614,0,0,0
8.07605,5,3.78143,-2.10186,3.8913,-0.00904843,0.0323609,0.0240984,1.02243,0,0,0
8.22429,0,4.51266,-4.62606,6.06201,0.361147,-1.5368,-0.878881,4.2316,0,0,0
8.22429,1,1.00131,-2.00017,7.37292,1.33106,-2.25227,0.504136,6.04713,0,0,0
8.22429,2,1.19358,-1.20502,2.56577,-0.419601,-2.01027,-0.801667,4.47926,0,0,0
8.22429,3,-0.542054,-6.57633,5.86508,0.396841,-1.73335,-0.139465,3.1966,0,0,0
8.22429,4,-1.17475,-2.74633,3.95595,0.314198,-0.762988,1.22797,2.80614,0,0,0
8.22429,5,3.77178,-2.1015,3.89418,-0.0541886,0.0419254,0.0697755,1.02243,0,0,0
8.34787,0,4.53089,-4.69355,6.01984,0.347851,-1.498,-0.854467,3.9747,0,0,0
8.34787,1,1.03726,-2.00906,7.40917,1.44852,-2.27491,0.461843,5.8103,0,0,0
8.34787,2,1.16505,-1.28471,2.53362,-0.447034,-1.93255,-0.762952,4.47926,0,0,0
8.34787,3,-0.523854,-6.64441,5.8635,0.379308,-1.67568,-0.139813,3.1966,0,0,0
8.34787,4,-1.18505,-2.79213,4.02769,0.203707,-0.826593,1.17852,2.66134,0,0,0
8.34787,5,3.75729,-2.10638,3.90541,-0.107398,0.0365947,0.122417,1.02961,0,0,0
8.48863,0,4.53711,-4.69523,5.97715,0.366964,-1.49232,-0.851751,3.9747,0,0,0
8.48863,1,1.13776,-2.17327,7.44204,1.29959,-2.09888,0.47846,5.8103,0,0,0
8.48863,2,1.13668,-1.36143,2.50163,-0.469832,-1.85298,-0.734902,4.30539,0,0,0
8.48863,3,-0.506008,-6.71108,5.86193,0.363471,-1.6211,-0.134988,3.05529,0,0,0
8.48863,4,-1.19768,-2.83679,4.08529,0.0956775,-0.877437,1.13018,2.66134,0,0,0
8.48863,5,3.74848,-2.11191,3.90749,-0.140237,0.026511,0.169028,1.02961,0,0,0
8.61423,0,4.55299,-4.75396,5.98186,0.343086,-1.42388,-0.841769,3.86396,0,0,0
8.61423,1,1.20482,-2.2593,7.47411,1.2987,-2.04131,0.496701,5.58073,0,0,0
8.61423,2,1.11184,-1.42318,2.47004,-0.478606,-1.73511,-0.704108,4.30539,0,0,0
8.61423,3,-0.505148,-6.69631,5.86035,0.365221,-1.56757,-0.136388,3.05529,0,0,0
8.61423,4,-1.21165,-2.87943,4.15369,-0.00417877,-0.912144,1.09319,2.52917,0,0,0
8.61423,5,3.74324,-2.12181,3.9199,-0.160782,0.00235775,0.222214,1.02578,0,0,0
8.74366,0,4.57209,-4.86799,5.90275,0.268698,-1.31299,-0.814324,3.86396,0,0,0
8.74366,1,1.27259,-2.3421,7.50154,1.30146,-1.9817,0.509466,5.58073,0,0,0
8.74366,2,1.08318,-1.5047,2.43895,-0.49332,-1.70424,-0.676462,4.14537,0,0,0
8.74366,3,-0.492724,-6.75132,5.85784,0.330403,-1.47981,-0.116197,3.00014,0,0,0
8.74366,4,-1.22602,-2.91922,4.21578,-0.0933465,-0.927546,1.06252,2.52917,0,0,0
8.74366,5,3.75047,-2.13311,3.93253,-0.148157,-0.0390939,0.283057,1.02578,0,0,0
8.86751,0,4.59118,-4.8895,5.86053,0.340448,-1.37737,-0.841277,3.68262,0,0,0
8.86751,1,1.32397,-2.40334,7.52771,1.25093,-1.85936,0.516927,5.35735,0,0,0
8.86751,2,1.05949,-1.55386,2.41332,-0.495947,-1.56558,-0.649458,4.14537,0,0,0
8.86751,3,-0.46984,-6.82734,5.85598,0.342907,-1.48143,-0.0994328,3.00014,0,0,0
8.86751,4,-1.23972,-2.95537,4.27606,-0.168008,-0.920352,1.0334,2.40618,0,0,0
8.86751,5,3.75343,-2.15101,3.96494,-0.137556,-0.0743203,0.348193,0.98257,0,0,0
9.01096,0,4.62766,-5.02463,5.82442,0.3252,-1.33341,-0.836893,3.68262,0,0,0
9.01096,1,1.32879,-2.39352,7.56195,1.2705,-1.81958,0.5163,5.35735,0,0,0
9.01096,2,1.02318,-1.64775,2.37993,-0.52922,-1.60076,-0.627951,3.98595,0,0,0
9.01096,3,-0.452778,-6.89104,5.8538,0.330612,-1.43801,-0.0935948,2.86539,0,0,0
9.01096,4,-1.25239,-2.98789,4.33365,-0.226542,-0.89205,1.01856,2.40618,0,0,0
9.01096,5,3.76397,-2.16422,3.98423,-0.107128,-0.106887,0.393254,0.98257,0,0,0
9.13779,0,4.65037,-5.09838,5.78693,0.339843,-1.34847,-0.810457,3.5059,0,0,0
9.13779,1,1.46021,-2.5606,7.59576,1.2693,-1.76071,0.534548,5.27254,0,0,0
9.13779,2,0.993668,-1.72396,2.34902,-0.541888,-1.56887,-0.606703,3.98595,0,0,0
9.13779,3,-0.419427,-7.02291,5.85146,0.30999,-1.38614,-0.0969177,2.86539,0,0,0
9.13779,4,-1.26161,-3.01146,4.38987,-0.263935,-0.828114,1.01646,2.29594,0,0,0
9.13779,5,3.78489,-2.17736,3.98512,-0.0290206,-0.164615,0.414748,0.938399,0,0,0
9.27486,0,4.66272,-5.15518,5.74664,0.313539,-1.30033,-0.801431,3.5059,0,0,0
9.27486,1,1.4631,-2.55248,7.62675,1.27778,-1.72243,0.550819,5.27254,0,0,0
9.27486,2,0.958962,-1.79119,2.31962,-0.566985,-1.50665,-0.607923,3.82592,0,0,0
9.27486,3,-0.416429,-7.01331,5.84891,0.31954,-1.35138,-0.104368,2.66549,0,0,0
9.27486,4,-1.27,-3.03954,4.4369,-0.283541,-0.780093,1.01546,2.29594,0,0,0
9.27486,5,3.81209,-2.20467,4.00464,0.0445632,-0.208188,0.438567,0.938399,0,0,0
9.40192,0,4.66532,-5.15177,5.70875,0.322714,-1.28373,-0.804102,3.3536,0,0,0
9.40192,1,1.6101,-2.73157,7.65554,1.33188,-1.73358,0.509668,4.52708,0,0,0
9.40192,2,0.928418,-1.86069,2.29108,-0.571639,-1.46564,-0.598049,3.82592,0,0,0
9.40192,3,-0.390881,-7.12844,5.84623,0.277509,-1.26753,-0.1205,2.66549,0,0,0
9.40192,4,-1.27609,-3.06101,4.49958,-0.285531,-0.711101,1.0216,2.47437,0,0,0
9.40192,5,3.83813,-2.21653,4.02596,0.12098,-0.22483,0.45163,0.862051,0,0,0
9.52574,0,4.70033,-5.27832,5.67167,0.313605,-1.25242,-0.77866,3.3536,0,0,0
9.52574,1,1.71899,-2.84379,7.68324,1.48071,-1.81313,0.488305,4.52708,0,0,0
9.52574,2,0.899634,-1.92049,2.26331,-0.57097,-1.40037,-0.583678,3.68175,0,0,0
9.52574,3,-0.380924,-7.1328,5.8433,0.313964,-1.28362,-0.130342,2.55692,0,0,0
9.52574,4,-1.28125,-3.08114,4.55524,-0.278526,-0.649828,1.03004,2.47437,0,0,0
9.52574,5,3.86463,-2.22642,4.05128,0.232411,-0.27069,0.454114,0.862051,0,0,0
9.6503,0,4.71901,-5.33806,5.64619,0.315981,-1.23979,-0.739988,3.20804,0,0,0
9.6503,1,1.74172,-2.87941,7.7034,1.32458,-1.63287,0.447675,4.14812,0,0,0
9.6503,2,0.872208,-1.99454,2.23581,-0.562807,-1.39556,-0.572985,3.68175,0,0,0
9.6503,3,-0.348194,-7.25335,5.83977,0.2991,-1.23675,-0.129905,2.55692,0,0,0
9.6503,4,-1.278,-3.08683,4.6091,-0.235157,-0.536392,1.03062,2.37105,0,0,0
9.6503,5,3.91694,-2.25493,4.09169,0.336703,-0.292335,0.444413,0.63294,0,0,0
9.78306,0,4.72367,-5.33294,5.60497,0.332327,-1.22228,-0.735716,3.20804,0,0,0
9.78306,1,1.74046,-2.87452,7.731,1.33045,-1.6171,0.380458,4.14812,0,0,0
9.78306,2,0.844021,-2.06202,2.20979,-0.557295,-1.3656,-0.566308,3.5273,0,0,0
9.78306,3,-0.330608,-7.30793,5.83675,0.297015,-1.20066,-0.134759,2.42535,0,0,0
9.78306,4,-1.27768,-3.1076,4.6635,-0.19928,-0.492173,1.02929,2.37105,0,0,0
9.78306,5,3.93084,-2.25999,4.09069,0.400624,-0.311855,0.414428,0.63294,0,0,0
9.91176,0,4.72898,-5.37457,5.56907,0.280926,-1.13809,-0.72745,3.11925,0,0,0
9.91176,1,1.80422,-2.94963,7.75871,1.32444,-1.58488,0.359646,4.10262,0,0,0
9.91176,2,0.814092,-2.12387,2.18423,-0.552516,-1.31477,-0.583782,3.5273,0,0,0
9.91176,3,-0.312949,-7.3609,5.83344,0.295627,-1.1638,-0.144592,2.42535,0,0,0
9.91176,4,-1.27206,-3.11744,4.71655,-0.143693,-0.412429,1.02948,2.26806,0,0,0
9.91176,5,3.99655,-2.28502,4.11249,0.523117,-0.319375,0.36845,0.665544,0,0,0
10.0359,0,4.7775,-5.51144,5.5309,0.330804,-1.18937,-0.700449,3.11925,0,0,0
10.0359,1,1.93042,-3.10039,7.78369,1.30529,-1.53424,0.368762,4.10262,0,0,0
10.0359,2,0.788693,-2.19819,2.15926,-0.524389,-1.31792,-0.597608,3.37934,0,0,0
10.0359,3,-0.309493,-7.35423,5.82989,0.307418,-1.14031,-0.143989,2.31254,0,0,0
10.0359,4,-1.26663,-3.1247,4.76878,-0.0851166,-0.32942,1.02588,2.26806,0,0,0
10.0359,5,4.00429,-2.27728,4.13558,0.560983,-0.290756,0.339614,0.665544,0,0,0
10.1619,0,4.79544,-5.56957,5.49554,0.3276,-1.16816,-0.70235,2.93273,0,0,0
10.1619,1,1.99036,-3.17173,7.80053,1.2922,-1.50115,0.350565,3.81235,0,0,0
10.1619,2,0.763292,-2.26564,2.13436,-0.499472,-1.29721,-0.608216,3.37934,0,0,0
10.1619,3,-0.297901,-7.39794,5.82527,0.283568,-1.07818,-0.129618,2.31254,0,0,0
10.1619,4,-1.25981,-3.13735,4.82071,-0.020807,-0.270305,1.0196,2.17589,0,0,0
10.1619,5,4.04809,-2.29152,4.15533,0.64376,-0.297444,0.299532,0.68019,0,0,0
10.2914,0,4.79901,-5.56726,5.49556,0.33637,-1.15014,-0.725849,2.93273,0,0,0
10.2914,1,2.053,-3.24703,7.82575,1.31082,-1.4993,0.292785,3.81235,0,0,0
10.2914,2,0.741331,-2.33133,2.10981,-0.466455,-1.27317,-0.616003,3.23583,0,0,0
10.2914,3,-0.274104,-7.45501,5.82171,0.309859,-1.07572,-0.115309,2.27181,0,0,0
10.2914,4,-1.25417,-3.14496,4.87206,0.0326517,-0.199142,1.00791,2.17589,0,0,0
10.2914,5,4.08512,-2.30021,4.17405,0.688155,-0.282111,0.241304,0.68019,0,0,0
10.4187,0,4.81136,-5.61619,5.4609,0.30969,-1.10319,-0.712994,2.86515,0,0,0
10.4187,1,2.04134,-3.24208,7.85115,1.27606,-1.48164,0.22749,3.62357,0,0,0
10.4187,2,0.724743,-2.38442,2.0851,-0.425018,-1.21197,-0.609878,3.23583,0,0,0
10.4187,3,-0.262581,-7.49628,5.81778,0.286132,-1.01419,-0.119882,2.27181,0,0,0
10.4187,4,-1.24856,-3.15612,4.92676,0.0768286,-0.155797,0.995531,2.0843,0,0,0
10.4187,5,4.11992,-2.30795,4.18806,0.715112,-0.264553,0.168475,0.720061,0,0,0
10.5522,0,4.85395,-5.73824,5.39341,0.332081,-1.11866,-0.680662,2.86515,0,0,0
10.5522,1,2.15279,-3.38718,7.87607,1.23494,-1.44853,0.184919,3.62357,0,0,0
10.5522,2,0.709725,-2.45715,2.0608,-0.380602,-1.23059,-0.601044,3.10119,0,0,0
10.5522,3,-0.240469,-7.55216,5.81399,0.30628,-1.01619,-0.124365,2.16735,0,0,0
10.5522,4,-1.24363,-3.17153,4.97322,0.111405,-0.134755,0.979036,2.0843,0,0,0
10.5522,5,4.19382,-2.33097,4.21824,0.764843,-0.253362,0.084176,0.720061,0,0,0
10.6818,0,4.87267,-5.79366,5.36015,0.329538,-1.09579,-0.692465,2.66574,0,0,0
10.6818,1,2.19933,-3.4577,7.8963,1.19,-1.42829,0.168354,3.44875,0,0,0
10.6818,2,0.697441,-2.5101,2.03664,-0.341597,-1.1792,-0.587061,3.10119,0,0,0
10.6818,3,-0.223697,-7.59934,5.80931,0.303743,-0.986854,-0.122302,2.16735,0,0,0
10.6818,4,-1.24202,-3.18694,5.01861,0.129151,-0.118032,0.961864,1.99629,0,0,0
10.6818,5,4.21486,-2.32837,4.21704,0.726387,-0.202602,0.0201139,0.787749,0,0,0
10.8173,0,4.87469,-5.79312,5.36061,0.332911,-1.08181,-0.710714,2.66574,0,0,0
10.8173,1,2.18625,-3.45757,7.91762,1.1454,-1.42659,0.153293,3.44875,0,0,0
10.8173,2,0.692902,-2.5792,2.01243,-0.283358,-1.19314,-0.569174,2.97168,0,0,0
10.8173,3,-0.211991,-7.63812,5.80423,0.282084,-0.930902,-0.130096,2.05717,0,0,0
10.8173,4,-1.24397,-3.20251,5.06304,0.12411,-0.112465,0.944429,1.99629,0,0,0
10.8173,5,4.23711,-2.32961,4.23764,0.688589,-0.167303,-0.0498455,0.787749,0,0,0
10.9464,0,4.91054,-5.90188,5.29482,0.326725,-1.05339,-0.691683,2.60122,0,0,0
10.9464,1,2.22555,-3.52774,7.93617,1.08113,-1.40739,0.163542,3.36475,0,0,0
10.9464,2,0.689525,-2.63959,1.98864,-0.236305,-1.17712,-0.546244,2.97168,0,0,0
10.9464,3,-0.1748,-7.73711,5.79917,0.296451,-0.915697,-0.135944,2.05717,0,0,0
10.9464,4,-1.24635,-3.22521,5.09919,0.1096,-0.141191,0.927764,1.91094,0,0,0
10.9464,5,4.22179,-2.32137,4.23004,0.62477,-0.131924,-0.0716814,0.791059,0,0,0
11.0784,0,4.92901,-5.95433,5.26246,0.326396,-1.03886,-0.681659,2.60122,0,0,0
11.0784,1,2.25996,-3.59693,7.95403,1.00617,-1.38813,0.184431,3.36475,0,0,0
11.0784,2,0.690727,-2.69806,1.96576,-0.184336,-1.15621,-0.526409,2.84679,0,0,0
11.0784,3,-0.158553,-7.78059,5.79477,0.29364,-0.889726,-0.142384,1.91119,0,0,0
11.0784,4,-1.25251,-3.24819,5.1552,0.0784694,-0.161133,0.91201,1.91094,0,0,0
11.0784,5,4.23338,-2.31891,4.23167,0.559885,-0.0933101,-0.078224,0.791059,0,0,0
11.2071,0,4.93023,-5.95323,5.23114,0.328969,-1.02801,-0.68222,2.41276,0,0,0
11.2071,1,2.28965,-3.6652,7.97447,0.923968,-1.36993,0.211949,3.20368,0,0,0
11.2071,2,0.695457,-2.75519,1.94265,-0.13003,-1.13524,-0.504656,2.84679,0,0,0
11.2071,3,-0.157073,-7.77896,5.78927,0.298417,-0.882815,-0.150119,1.91119,0,0,0
11.2071,4,-1.26321,-3.27896,5.20567,0.0283786,-0.224509,0.890789,1.79507,0,0,0
11.2071,5,4.26277,-2.31753,4.23361,0.487623,-0.0494266,-0.0791464,0.828302,0,0,0
11.3323,0,4.94805,-6.0045,5.23327,0.326113,-1.00853,-0.682255,2.41276,0,0,0
11.3323,1,2.31503,-3.73249,7.99223,0.834249,-1.35189,0.224934,3.20368,0,0,0
11.3323,2,0.702868,-2.81124,1.9205,-0.0763989,-1.1149,-0.48191,2.72899,0,0,0
11.3323,3,-0.14014,-7.82059,5.78368,0.299109,-0.856454,-0.141282,1.86478,0,0,0
11.3323,4,-1.27642,-3.30882,5.23803,-0.028143,-0.279901,0.860025,1.79507,0,0,0
11.3323,5,4.25645,-2.30797,4.23648,0.394642,-0.00521669,-0.0646685,0.828302,0,0,0
11.4606,0,4.96521,-6.05478,5.20239,0.319588,-0.984229,-0.668232,2.35486,0,0,0
11.4606,1,2.33467,-3.80085,8.01349,0.734113,-1.34089,0.234133,3.05305,0,0,0
11.4606,2,0.712173,-2.86637,1.89896,-0.0246084,-1.09464,-0.460794,2.72899,0,0,0
11.4606,3,-0.125269,-7.86271,5.77837,0.290157,-0.827728,-0.129403,1.86478,0,0,0
11.4606,4,-1.29156,-3.33723,5.28742,-0.088469,-0.32778,0.828881,1.69288,0,0,0
11.4606,5,4.24382,-2.29746,4.2368,0.295002,0.0360527,-0.0439301,0.828302,0,0,0
11.5861,0,4.98235,-6.10348,5.138,0.314488,-0.957104,-0.677115,2.35486,0,0,0
11.5861,1,2.39403,-3.94027,8.03121,0.655668,-1.33452,0.235633,3.05305,0,0,0
11.5861,2,0.722613,-2.92071,1.8782,0.0233993,-1.07503,-0.439998,2.61636,0,0,0
11.5861,3,-0.109604,-7.90272,5.77336,0.287806,-0.803605,-0.135399,1.77459,0,0,0
11.5861,4,-1.30489,-3.36713,5.31982,-0.130237,-0.36863,0.796607,1.69288,0,0,0
11.5861,5,4.22516,-2.28605,4.23805,0.189115,0.0752623,-0.0233771,0.814593,0,0,0
11.7151,0,4.99898,-6.1512,5.10612,0.309423,-0.932163,-0.680525,2.21388,0,0,0
11.7151,1,2.4004,-3.98948,8.04756,0.545438,-1.26789,0.230567,2.82757,0,0,0
11.7151,2,0.733479,-2.97437,1.85818,0.0664389,-1.05589,-0.421871,2.61636,0,0,0
11.7151,3,-0.0801676,-7.98076,5.7681,0.278414,-0.761008,-0.137107,1.77459,0,0,0
11.7151,4,-1.32293,-3.40506,5.35811,-0.187354,-0.439634,0.755607,1.59191,0,0,0
11.7151,5,4.19825,-2.27845,4.23694,0.0932754,0.105387,-0.000690938,0.457535,0,0,0
11.8416,0,5.01946,-6.20553,5.07524,0.318301,-0.929322,-0.66958,2.21388,0,0,0
11.8416,1,2.40563,-4.03893,8.06668,0.447516,-1.21222,0.209957,2.82757,0,0,0
11.8416,2,0.745027,-3.02657,1.83916,0.1063,-1.03483,-0.400636,2.50857,0,0,0
11.8416,3,-0.0656207,-8.02092,5.76267,0.271607,-0.740934,-0.140473,1.6482,0,0,0
11.8416,4,-1.34071,-3.43947,5.39671,-0.231511,-0.485571,0.720972,1.59191,0,0,0
11.8416,5,4.17087,-2.25822,4.23923,-0.0343215,0.153991,0.00254827,0.457535,0,0,0
11.9675,0,5.03456,-6.25057,5.04483,0.308522,-0.901838,-0.665603,2.09474,0,0,0
11.9675,1,2.41554,-4.10041,8.08291,0.378844,-1.20143,0.184438,2.72806,0,0,0
11.9675,2,0.749921,-3.07179,1.8211,0.116491,-0.991176,-0.380057,2.50857,0,0,0
11.9675,3,-0.0472179,-8.0626,5.75745,0.280612,-0.73536,-0.14764,1.6482,0,0,0
11.9675,4,-1.36018,-3.47138,5.43992,-0.275138,-0.516265,0.683993,1.4837,0,0,0
11.9675,5,4.14655,-2.25714,4.24279,-0.117616,0.16333,0.0189609,0.50006,0,0,0
12.101,0,5.04517,-6.28662,5.01486,0.281676,-0.84386,-0.662926,2.09474,0,0,0
12.101,1,2.41691,-4.10689,8.09768,0.379556,-1.22449,0.166215,2.72806,0,0,0
12.101,2,0.761233,-3.12173,1.80353,0.149855,-0.972987,-0.362602,2.41175,0,0,0
12.101,3,-0.033468,-8.09777,5.7518,0.27395,-0.711598,-0.144706,1.55944,0,0,0
12.101,4,-1.37183,-3.50077,5.47329,-0.284,-0.531422,0.650086,1.4837,0,0,0
12.101,5,4.11227,-2.24125,4.24712,-0.215675,0.182487,0.0142212,0.50006,0,0,0
12.2319,0,5.06019,-6.32803,4.98478,0.277223,-0.816862,-0.658696,1.99348,0,0,0
12.2319,1,2.42267,-4.15678,8.10995,0.299689,-1.169,0.170054,2.65743,0,0,0
12.2319,2,0.767524,-3.17492,1.78382,0.162898,-0.968368,-0.339651,2.41175,0,0,0
12.2319,3,-0.0199977,-8.13151,5.74598,0.267337,-0.68699,-0.142231,1.55944,0,0,0
12.2319,4,-1.38615,-3.53536,5.508,-0.296931,-0.561248,0.615027,1.38837,0,0,0
12.2319,5,4.08109,-2.23111,4.2506,-0.297565,0.197951,0.0088034,0.556766,0,0,0
12.3678,0,5.07872,-6.37421,4.95695,0.284699,-0.804328,-0.654012,1.99348,0,0,0
12.3678,1,2.45448,-4.27624,8.1227,0.248322,-1.14759,0.186049,2.65743,0,0,0
12.3678,2,0.780119,-3.24249,1.76776,0.196839,-0.995988,-0.322117,2.29053,0,0,0
12.3678,3,-0.0094756,-8.15587,5.74041,0.250146,-0.633151,-0.13656,1.48447,0,0,0
12.3678,4,-1.4002,-3.56641,5.54177,-0.304354,-0.572941,0.583377,1.38837,0,0,0
12.3678,5,4.06734,-2.23326,4.25417,-0.347612,0.192142,0.00036003,0.556766,0,0,0
12.5247,0,5.0912,-6.41316,4.9576,0.271053,-0.773944,-0.65708,1.8888,0,0,0
12.5247,1,2.45523,-4.27043,8.13638,0.248288,-1.12552,0.181283,2.48608,0,0,0
12.5247,2,0.783215,-3.29443,1.75749,0.191713,-0.981338,-0.305986,2.29053,0,0,0
12.5247,3,0.0139966,-8.19733,5.7351,0.278819,-0.65049,-0.133058,1.48447,0,0,0
12.5247,4,-1.40897,-3.59139,5.57376,-0.292741,-0.562953,0.556131,1.30068,0,0,0
12.5247,5,4.02151,-2.21532,4.25797,-0.420726,0.2078,-0.0105598,0.607106,0,0,0
12.6559,0,5.10041,-6.44346,4.8985,0.246074,-0.71834,-0.6478,1.8888,0,0,0
12.6559,1,2.46397,-4.31334,8.148,0.202916,-1.06222,0.17399,2.48608,0,0,0
12.6559,2,0.786517,-3.34425,1.74324,0.185674,-0.952376,-0.289981,2.18827,0,0,0
12.6559,3,0.0161175,-8.21744,5.73,0.23382,-0.588788,-0.12599,1.41011,0,0,0
12.6559,4,-1.42106,-3.62141,5.5722,-0.292424,-0.570094,0.548029,1.30068,0,0,0
12.6559,5,4.02035,-2.22254,4.2607,-0.426165,0.181971,-0.00870475,0.607106,0,0,0
12.7844,0,5.11701,-6.48333,4.89668,0.254369,-0.708332,-0.654793,1.79771,0,0,0
12.7844,1,2.49385,-4.42182,8.15882,0.178362,-1.03818,0.168225,2.44514,0,0,0
12.7844,2,0.785903,-3.38589,1.73038,0.165469,-0.910287,-0.260859,2.18827,0,0,0
12.7844,3,0.0256081,-8.24864,5.72496,0.220903,-0.573876,-0.122614,1.41011,0,0,0
12.7844,4,-1.42996,-3.64735,5.59901,-0.28027,-0.561053,0.530471,1.24246,0,0,0
12.7844,5,3.99625,-2.21513,4.26846,-0.460268,0.185189,-0.0106299,0.623319,0,0,0
12.9197,0,5.12507,-6.51104,4.83832,0.229461,-0.657706,-0.637009,1.79771,0,0,0
12.9197,1,2.51014,-4.46616,8.17004,0.172923,-0.997348,0.163357,2.44514,0,0,0
12.9197,2,0.788618,-3.43948,1.73034,0.164717,-0.919527,-0.249259,2.09334,0,0,0
12.9197,3,0.0419207,-8.28251,5.71993,0.232168,-0.571098,-0.117538,1.35704,0,0,0
12.9197,4,-1.4385,-3.67289,5.62786,-0.268517,-0.552423,0.515993,1.24246,0,0,0
12.9197,5,3.9514,-2.19977,4.2672,-0.498366,0.190617,-0.000454506,0.623319,0,0,0
13.0486,0,5.1398,-6.54725,4.83617,0.233419,-0.64463,-0.643945,1.70579,0,0,0
13.0486,1,2.52734,-4.50922,8.18074,0.172879,-0.958407,0.158348,2.28588,0,0,0
13.0486,2,0.788242,-3.48937,1.70988,0.149035,-0.912918,-0.219198,2.09334,0,0,0
13.0486,3,0.0506981,-8.30466,5.71491,0.217843,-0.531203,-0.11415,1.35704,0,0,0
13.0486,4,-1.44527,-3.69659,5.65512,-0.252153,-0.538964,0.501999,1.16717,0,0,0
13.0486,5,3.96676,-2.20915,4.27239,-0.447605,0.156124,0.0269918,0.648651,0,0,0
13.1744,0,5.1474,-6.57187,4.77688,0.210654,-0.594465,-0.623802,1.70579,0,0,0
13.1744,1,2.5358,-4.50474,8.1905,0.204301,-0.941519,0.156287,2.28588,0,0,0
13.1744,2,0.779672,-3.53382,1.7006,0.103716,-0.877772,-0.207178,1.99608,0,0,0
13.1744,3,0.0591852,-8.33308,5.70995,0.204388,-0.516921,-0.111668,1.29495,0,0,0
13.1744,4,-1.45106,-3.71919,5.70646,-0.238311,-0.520604,0.469611,1.16717,0,0,0
13.1744,5,3.96076,-2.20789,4.27836,-0.415297,0.139257,0.0574939,0.648651,0,0,0
13.3127,0,5.1581,-6.59953,4.74744,0.20258,-0.562819,-0.621846,1.61746,0,0,0
13.3127,1,2.56428,-4.59124,8.19988,0.183701,-0.881875,0.161189,2.23753,0,0,0
13.3127,2,0.777731,-3.58682,1.69186,0.0915441,-0.889125,-0.200313,1.99608,0,0,0
13.3127,3,0.0735539,-8.36556,5.70501,0.212027,-0.518694,-0.109014,1.29495,0,0,0
13.3127,4,-1.45556,-3.74037,5.73055,-0.218029,-0.503854,0.44901,1.08216,0,0,0
13.3127,5,3.9578,-2.2082,4.2902,-0.373141,0.117404,0.0894849,0.648651,0,0,0
13.4361,0,5.17071,-6.63031,4.71876,0.202339,-0.544192,-0.604063,1.61746,0,0,0
13.4361,1,2.5835,-4.63059,8.20928,0.191749,-0.845723,0.166829,2.23753,0,0,0
13.4361,2,0.770247,-3.6343,1.69179,0.0606933,-0.879162,-0.194755,1.8949,0,0,0
13.4361,3,0.0843943,-8.39135,5.69995,0.206966,-0.498925,-0.109288,1.22916,0,0,0
13.4361,4,-1.4594,-3.76066,5.73031,-0.198269,-0.486441,0.438095,1.08216,0,0,0
13.4361,5,3.96279,-2.21583,4.2987,-0.265073,0.0585341,0.123689,0.65049,0,0,0
13.5712,0,5.17999,-6.65508,4.71792,0.191435,-0.512457,-0.594369,1.53302,0,0,0
13.5712,1,2.60297,-4.66928,8.21834,0.200722,-0.814125,0.162176,2.10219,0,0,0
13.5712,2,0.761639,-3.68078,1.67555,0.03085,-0.867407,-0.176887,1.8949,0,0,0
13.5712,3,0.0898844,-8.41313,5.69595,0.185428,-0.469019,-0.108896,1.22916,0,0,0
13.5712,4,-1.46264,-3.78007,5.77393,-0.178329,-0.467183,0.398775,1.02317,0,0,0
13.5712,5,3.96709,-2.21153,4.29916,-0.246607,0.0724623,0.129321,0.65049,0,0,0
13.7034,0,5.18897,-6.67839,4.69078,0.181062,-0.480532,-0.583925,1.53302,0,0,0
13.7034,1,2.62256,-4.70759,8.22701,0.209805,-0.786408,0.154056,2.10219,0,0,0
13.7034,2,0.750798,-3.72048,1.66758,-0.00493669,-0.834253,-0.17435,1.80491,0,0,0
13.7034,3,0.103931,-8.44509,5.69125,0.193172,-0.47214,-0.106394,1.17808,0,0,0
13.7034,4,-1.46534,-3.79865,5.77388,-0.160044,-0.448496,0.401775,1.02317,0,0,0
13.7034,5,3.9787,-2.21425,4.30874,-0.16893,0.0498211,0.141762,0.638391,0,0,0
13.8333,0,5.19758,-6.70044,4.66311,0.171678,-0.450467,-0.580539,1.47977,0,0,0
13.8333,1,2.63075,-4.70705,8.23398,0.239887,-0.785569,0.145028,2.01424,0,0,0
13.8333,2,0.742129,-3.77025,1.65999,-0.0248688,-0.842386,-0.169451,1.80491,0,0,0
13.8333,3,0.112344,-8.4691,5.68624,0.183608,-0.454592,-0.104347,1.17808,0,0,0
13.8333,4,-1.46757,-3.81644,5.81361,-0.141979,-0.42818,0.364312,0.969244,0,0,0
13.8333,5,3.98912,-2.22178,4.32543,-0.0946344,0.012539,0.149904,0.60736,0,0,0
13.9596,0,5.20579,-6.72135,4.63526,0.162712,-0.422061,-0.571487,1.47977,0,0,0
13.9596,1,2.66201,-4.78284,8.24249,0.227356,-0.738438,0.144031,2.01424,0,0,0
13.9596,2,0.731193,-3.81721,1.6526,-0.0492639,-0.838641,-0.166202,1.70544,0,0,0
13.9596,3,0.121462,-8.4937,5.68158,0.177671,-0.441736,-0.102807,1.11701,0,0,0
13.9596,4,-1.46846,-3.82958,5.81374,-0.123147,-0.39569,0.374451,0.969244,0,0,0
13.9596,5,4.00644,-2.22041,4.32524,-0.0264648,0.01282,0.145922,0.60736,0,0,0
14.0944,0,5.21362,-6.74124,4.60789,0.154105,-0.395265,-0.560812,1.40772,0,0,0
14.0944,1,2.67511,-4.81271,8.25051,0.213621,-0.694335,0.145052,1.928,0,0,0
14.0944,2,0.717272,-3.85883,1.64553,-0.0833122,-0.81804,-0.164319,1.70544,0,0,0
14.0944,3,0.130231,-8.51775,5.6776,0.171709,-0.429622,-0.100174,1.11701,0,0,0
14.0944,4,-1.47008,-3.84927,5.85072,-0.107019,-0.389388,0.343875,0.919731,0,0,0
14.0944,5,4.04317,-2.23853,4.33291,0.101152,-0.0522392,0.140603,0.552251,0,0,0
14.2284,0,5.22107,-6.76021,4.58088,0.145822,-0.36993,-0.549708,1.40772,0,0,0
14.2284,1,2.7,-4.85783,8.25802,0.24143,-0.706902,0.136764,1.928,0,0,0
14.2284,2,0.704918,-3.90131,1.64546,-0.106758,-0.803961,-0.171613,1.61832,0,0,0
14.2284,3,0.138643,-8.54119,5.67297,0.1656,-0.417813,-0.0970015,1.06446,0,0,0
14.2284,4,-1.4718,-3.86581,5.86891,-0.094614,-0.373861,0.341434,0.919731,0,0,0
14.2284,5,4.05447,-2.2352,4.34639,0.125624,-0.0358629,0.131875,0.552251,0,0,0
14.3531,0,5.22846,-6.7781,4.52793,0.139213,-0.346025,-0.533375,1.33917,0,0,0
14.3531,1,2.70575,-4.86009,8.26426,0.262574,-0.71634,0.126773,1.84263,0,0,0
14.3531,2,0.692647,-3.94279,1.63862,-0.126692,-0.789465,-0.167433,1.61832,0,0,0
14.3531,3,0.146052,-8.56037,5.66916,0.156227,-0.393235,-0.0942803,1.06446,0,0,0
14.3531,4,-1.47287,-3.88153,5.88644,-0.0819234,-0.358586,0.33047,0.871603,0,0,0
14.3531,5,4.08837,-2.2497,4.35285,0.21909,-0.0736501,0.119446,0.503726,0,0,0
14.4906,0,5.23311,-6.79294,4.52903,0.123649,-0.315169,-0.524366,1.33917,0,0,0
14.4906,1,2.7239,-4.8978,8.27153,0.265545,-0.704168,0.120088,1.84263,0,0,0
14.4906,2,0.680678,-3.98324,1.6257,-0.143243,-0.774458,-0.15518,1.53265,0,0,0
14.4906,3,0.1516,-8.58182,5.66475,0.143441,-0.380748,-0.090864,1.01823,0,0,0
14.4906,4,-1.47362,-3.89672,5.88658,-0.0700355,-0.344082,0.337657,0.871603,0,0,0
14.4906,5,4.09133,-2.24709,4.35811,0.230534,-0.0645837,0.108241,0.503726,0,0,0
14.6169,0,5.24167,-6.81254,4.50305,0.125676,-0.307566,-0.503455,1.27674,0,0,0
14.6169,1,2.75476,-4.96906,8.27834,0.251661,-0.67089,0.116515,1.79488,0,0,0
14.6169,2,0.669192,-4.02262,1.6256,-0.155738,-0.758006,-0.159521,1.53265,0,0,0
14.6169,3,0.162259,-8.60762,5.66113,0.149063,-0.384885,-0.0884143,1.01823,0,0,0
14.6169,4,-1.47418,-3.91151,5.91992,-0.0587697,-0.329667,0.313408,0.826731,0,0,0
14.6169,5,4.12133,-2.25349,4.36316,0.26622,-0.0689242,0.0968214,0.472107,0,0,0
14.7493,0,5.24958,-6.82972,4.48005,0.124827,-0.291524,-0.497089,1.27674,0,0,0
14.7493,1,2.7596,-4.97188,8.28494,0.26977,-0.682774,0.100497,1.79488,0,0,0
14.7493,2,0.65832,-4.06089,1.61958,-0.164763,-0.741373,-0.150886,1.45272,0,0,0
14.7493,3,0.168656,-8.62549,5.65698,0.139392,-0.362387,-0.0850442,0.967662,0,0,0
14.7493,4,-1.47447,-3.92581,5.92022,-0.0484632,-0.316542,0.324788,0.826731,0,0,0
14.7493,5,4.14402,-2.26282,4.36293,0.304243,-0.0902595,0.0894193,0.472107,0,0,0
14.8837,0,5.25037,-6.83979,4.45629,0.0972527,-0.252516,-0.484568,1.21346,0,0,0
14.8837,1,2.79025,-5.0412,8.29109,0.256911,-0.653127,0.0914301,1.7116,0,0,0
14.8837,2,0.648565,-4.09763,1.61394,-0.168679,-0.72237,-0.145288,1.45272,0,0,0
14.8837,3,0.173447,-8.6453,5.65355,0.126882,-0.350373,-0.0828809,0.967662,0,0,0
14.8837,4,-1.47449,-3.93685,5.93649,-0.0389746,-0.293623,0.314277,0.797078,0,0,0
14.8837,5,4.15995,-2.26585,4.37265,0.315403,-0.0883696,0.0789804,0.43206,0,0,0
15.0112,0,5.25996,-6.8604,4.4078,0.107798,-0.259459,-0.463116,1.21346,0,0,0
15.0112,1,2.81171,-5.08064,8.2969,0.269016,-0.655993,0.0881759,1.7116,0,0,0
15.0112,2,0.638714,-4.13408,1.60861,-0.172416,-0.705768,-0.137375,1.37724,0,0,0
15.0112,3,0.184238,-8.66792,5.64935,0.135485,-0.350193,-0.0806073,0.927757,0,0,0
15.0112,4,-1.4742,-3.9501,5.96776,-0.0288626,-0.281506,0.295827,0.797078,0,0,0
15.0112,5,4.16301,-2.26952,4.37222,0.326807,-0.102116,0.0721174,0.43206,0,0,0
15.1377,0,5.26361,-6.87349,4.38513,0.0951817,-0.238989,-0.447889,1.13614,0,0,0
15.1377,1,2.82418,-5.11006,8.30273,0.253751,-0.627593,0.0832371,1.59046,0,0,0
15.1377,2,0.630038,-4.16898,1.60364,-0.171775,-0.687149,-0.128737,1.37724,0,0,0
15.1377,3,0.189855,-8.68486,5.64699,0.128713,-0.334213,-0.0775756,0.927757,0,0,0
15.1377,4,-1.47395,-3.96574,5.96797,-0.0198256,-0.27975,0.303597,0.754429,0,0,0
15.1377,5,4.17645,-2.27266,4.37698,0.32479,-0.0978292,0.0608682,0.414125,0,0,0
15.2683,0,5.26908,-6.88848,4.38538,0.0906299,-0.228212,-0.434096,1.13614,0,0,0
15.2683,1,2.82785,-5.11189,8.30805,0.267109,-0.634269,0.0803503,1.59046,0,0,0
15.2683,2,0.622109,-4.20277,1.59477,-0.16856,-0.668285,-0.113154,1.3064,0,0,0
15.2683,3,0.193665,-8.70371,5.64287,0.115078,-0.324588,-0.0749811,0.884445,0,0,0
15.2683,4,-1.47427,-3.97899,5.99761,-0.0145487,-0.270073,0.277837,0.754429,0,0,0
15.2683,5,4.19275,-2.27957,4.38046,0.333389,-0.107847,0.0539876,0.414125,0,0,0
15.4117,0,5.27592,-6.90556,4.34212,0.0930486,-0.2283,-0.411322,1.10053,0,0,0
15.4117,1,2.85802,-5.17362,8.31384,0.256368,-0.596007,0.0803165,1.55418,0,0,0
15.4117,2,0.614941,-4.23547,1.59069,-0.162868,-0.648631,-0.107487,1.3064,0,0,0
15.4117,3,0.202402,-8.72686,5.63927,0.118116,-0.327533,-0.0729042,0.884445,0,0,0
15.4117,4,-1.4742,-3.99153,6.01191,-0.00895507,-0.260252,0.269893,0.705294,0,0,0
15.4117,5,4.20548,-2.28468,4.38663,0.327316,-0.109265,0.0429365,0.382043,0,0,0
15.5499,0,5.28076,-6.92013,4.32286,0.0876815,-0.219559,-0.406366,1.10053,0,0,0
15.5499,1,2.87515,-5.20255,8.31863,0.236499,-0.578132,0.0904169,1.55418,0,0,0
15.5499,2,0.608896,-4.26677,1.59059,-0.154012,-0.627363,-0.109012,1.24134,0,0,0
15.5499,3,0.209052,-8.74479,5.63577,0.116004,-0.317735,-0.0705046,0.840061,0,0,0
15.5499,4,-1.47398,-4.00355,6.02522,-0.00375245,-0.249796,0.254474,0.705294,0,0,0
15.5499,5,4.23076,-2.29373,4.38648,0.318441,-0.107935,0.0397238,0.382043,0,0,0
15.6842,0,5.28513,-6.93473,4.30348,0.0817489,-0.212843,-0.393044,1.03026,0,0,0
15.6842,1,2.88805,-5.23474,8.32409,0.228924,-0.570396,0.0870372,1.45145,0,0,0
15.6842,2,0.603102,-4.29759,1.58679,-0.145894,-0.608364,-0.101646,1.24134,0,0,0
15.6842,3,0.213305,-8.76175,5.63278,0.105945,-0.306056,-0.0684155,0.840061,0,0,0
15.6842,4,-1.4737,-4.01509,6.02522,0.00083838,-0.23948,0.255534,0.679148,0,0,0
15.6842,5,4.22589,-2.29332,4.38884,0.300589,-0.105703,0.0341346,0.36085,0,0,0
15.8076,0,5.2898,-6.94863,4.28424,0.0778813,-0.205494,-0.38465,1.03026,0,0,0
15.8076,1,2.90329,-5.26443,8.32918,0.229801,-0.556323,0.0854286,1.3827,0,0,0
15.8076,2,0.598052,-4.32744,1.58321,-0.135341,-0.583232,-0.0962409,1.17959,0,0,0
15.8076,3,0.218949,-8.77892,5.62967,0.101837,-0.297308,-0.0661065,0.803018,0,0,0
15.8076,4,-1.47339,-4.02617,6.03789,0.00480248,-0.228791,0.244347,0.679148,0,0,0
15.8076,5,4.23596,-2.29776,4.39098,0.289084,-0.104575,0.0326635,0.36085,0,0,0
15.9321,0,5.29474,-6.96186,4.26828,0.0757084,-0.197462,-0.37678,0.981444,0,0,0
15.9321,1,2.90356,-5.26009,8.33453,0.23008,-0.540544,0.0789532,1.3827,0,0,0
15.9321,2,0.59441,-4.35073,1.57682,-0.123983,-0.546102,-0.082259,1.17959,0,0,0
15.9321,3,0.226133,-8.79654,5.62648,0.104192,-0.292211,-0.0640709,0.803018,0,0,0
15.9321,4,-1.47349,-4.03507,6.04921,0.00619425,-0.212249,0.238246,0.648131,0,0,0
15.9321,5,4.26086,-2.30837,4.3932,0.286979,-0.109057,0.0339722,0.324529,0,0,0
16.0569,0,5.29774,-6.97313,4.24691,0.0668297,-0.183905,-0.36675,0.981444,0,0,0
16.0569,1,2.91032,-5.27988,8.33809,0.201265,-0.495636,0.083879,1.3827,0,0,0
16.0569,2,0.591528,-4.37792,1.5737,-0.109275,-0.522696,-0.0765003,1.12822,0,0,0
16.0569,3,0.231592,-8.81308,5.62351,0.100883,-0.284598,-0.0624679,0.765409,0,0,0
16.0569,4,-1.47235,-4.04664,6.06083,0.0124463,-0.207541,0.231283,0.648131,0,0,0
16.0569,5,4.26844,-2.31204,4.3971,0.27064,-0.105171,0.0313185,0.324529,0,0,0
16.1829,0,5.30259,-6.98577,4.23338,0.0664444,-0.178527,-0.362973,0.93615,0,0,0
16.1829,1,2.94965,-5.34884,8.34311,0.242725,-0.522708,0.0862013,1.36478,0,0,0
16.1829,2,0.588969,-4.40918,1.57055,-0.0944401,-0.517578,-0.0704156,1.12822,0,0,0
16.1829,3,0.236792,-8.82941,5.6203,0.0961003,-0.274612,-0.0606705,0.765409,0,0,0
16.1829,4,-1.47243,-4.05488,6.07321,0.0127152,-0.191838,0.224828,0.617284,0,0,0
16.1829,5,4.26138,-2.30979,4.39709,0.24509,-0.0962226,0.0342394,0.322039,0,0,0
16.3051,0,5.30469,-6.99739,4.21502,0.0567063,-0.171002,-0.350927,0.93615,0,0,0
16.3051,1,2.95159,-5.35052,8.34795,0.249724,-0.528669,0.0858529,1.36478,0,0,0
16.3051,2,0.586371,-4.43529,1.57043,-0.0837721,-0.50076,-0.0742236,1.07053,0,0,0
16.3051,3,0.240252,-8.84403,5.61796,0.0870339,-0.263646,-0.0586094,0.730372,0,0,0
16.3051,4,-1.47168,-4.06597,6.09545,0.0167269,-0.188564,0.206875,0.617284,0,0,0
16.3051,5,4.28185,-2.31911,4.39926,0.239076,-0.0981635,0.0363927,0.322039,0,0,0
16.4287,0,5.31164,-7.01391,4.19719,0.0665185,-0.183511,-0.344378,0.895556,0,0,0
16.4287,1,2.97308,-5.39883,8.35233,0.222595,-0.484091,0.0785941,1.28264,0,0,0
16.4287,2,0.584531,-4.46471,1.56515,-0.0705175,-0.493698,-0.0635788,1.07053,0,0,0
16.4287,3,0.247291,-8.86054,5.61495,0.0916762,-0.261475,-0.0564043,0.730372,0,0,0
16.4287,4,-1.47164,-4.07546,6.10611,0.0171425,-0.180396,0.200709,0.579817,0,0,0
16.4287,5,4.28802,-2.32215,4.40341,0.223703,-0.0933837,0.0368656,0.293081,0,0,0
16.5632,0,5.31542,-7.02654,4.18012,0.0630924,-0.180016,-0.337585,0.895556,0,0,0
16.5632,1,2.99702,-5.43517,8.35681,0.255304,-0.505347,0.0729737,1.28264,0,0,0
16.5632,2,0.581915,-4.48967,1.56261,-0.0635384,-0.477692,-0.0599312,1.01557,0,0,0
16.5632,3,0.252231,-8.87577,5.61271,0.0891874,-0.255771,-0.0547156,0.697123,0,0,0
16.5632,4,-1.47145,-4.08453,6.11616,0.0178906,-0.172349,0.191113,0.579817,0,0,0
16.5632,5,4.29378,-2.3259,4.4055,0.208891,-0.0919998,0.0393166,0.293081,0,0,0
16.6873,0,5.31929,-7.03883,4.16349,0.0604086,-0.176113,-0.331222,0.849001,0,0,0
16.6873,1,2.99087,-5.42862,8.36081,0.232763,-0.481698,0.0628908,1.18632,0,0,0
16.6873,2,0.580308,-4.513,1.56025,-0.054437,-0.459151,-0.0557298,1.01557,0,0,0
16.6873,3,0.25711,-8.89067,5.61025,0.0869557,-0.250227,-0.0531292,0.697123,0,0,0
16.6873,4,-1.47123,-4.09331,6.11627,0.0185355,-0.164839,0.195536,0.559885,0,0,0
16.6873,5,4.29802,-2.32728,4.40759,0.190949,-0.0825536,0.0373943,0.281362,0,0,0
16.8232,0,5.32316,-7.05087,4.14723,0.0585524,-0.172672,-0.323928,0.849001,0,0,0
16.8232,1,3.00829,-5.4599,8.36437,0.246381,-0.49223,0.0620514,1.18632,0,0,0
16.8232,2,0.579178,-4.53522,1.55808,-0.0449299,-0.439882,-0.0501677,0.969768,0,0,0
16.8232,3,0.259811,-8.9052,5.60741,0.0765472,-0.241346,-0.0514711,0.665158,0,0,0
16.8232,4,-1.47103,-4.10188,6.13516,0.0189254,-0.157661,0.177252,0.559885,0,0,0
16.8232,5,4.30482,-2.33097,4.40983,0.183474,-0.081874,0.0379008,0.281362,0,0,0
16.9424,0,5.328,-7.06403,4.13136,0.0605723,-0.173885,-0.316385,0.807401,0,0,0
16.9424,1,3.02695,-5.49159,8.36826,0.265244,-0.506123,0.0646306,1.15844,0,0,0
16.9424,2,0.578028,-4.55683,1.55596,-0.0368894,-0.421752,-0.0454593,0.969768,0,0,0
16.9424,3,0.265992,-8.92162,5.60521,0.0796869,-0.242905,-0.050281,0.665158,0,0,0
16.9424,4,-1.47107,-4.11052,6.13467,0.0183896,-0.152273,0.18455,0.534784,0,0,0
16.9424,5,4.3105,-2.33383,4.41206,0.172032,-0.0779819,0.0377108,0.266937,0,0,0
17.0742,0,5.33069,-7.0743,4.11588,0.0544306,-0.165367,-0.308367,0.807401,0,0,0
17.0742,1,3.03432,-5.51134,8.37239,0.23383,-0.466199,0.0598808,1.15844,0,0,0
17.0742,2,0.576845,-4.57791,1.55411,-0.0301741,-0.404818,-0.0417147,0.926872,0,0,0
17.0742,3,0.270459,-8.93569,5.6029,0.0770448,-0.23719,-0.0486128,0.632734,0,0,0
17.0742,4,-1.47074,-4.11849,6.15309,0.0190341,-0.145482,0.166071,0.534784,0,0,0
17.0742,5,4.31506,-2.33626,4.41205,0.159849,-0.0737994,0.0394327,0.266937,0,0,0
17.205,0,5.33442,-7.08562,4.10081,0.053429,-0.162616,-0.30038,0.767595,0,0,0
17.205,1,3.04739,-5.53567,8.37594,0.228727,-0.450221,0.0562908,1.10027,0,0,0
17.205,2,0.575638,-4.59847,1.55402,-0.0245672,-0.388932,-0.0443502,0.926872,0,0,0
17.205,3,0.274951,-8.94943,5.60045,0.0749205,-0.231551,-0.0474106,0.632734,0,0,0
17.205,4,-1.47101,-4.1253,6.15328,0.0172289,-0.135932,0.173674,0.511321,0,0,0
17.205,5,4.31989,-2.33897,4.41407,0.149996,-0.0710176,0.0390773,0.256429,0,0,0
17.3303,0,5.33807,-7.09673,4.08614,0.0526024,-0.160182,-0.292177,0.767595,0,0,0
17.3303,1,3.05994,-5.55963,8.37925,0.225256,-0.440434,0.05611,1.10027,0,0,0
17.3303,2,0.574033,-4.61895,1.55044,-0.0212233,-0.375768,-0.0356324,0.88559,0,0,0
17.3303,3,0.279836,-8.96144,5.5982,0.0743056,-0.22121,-0.0460466,0.603215,0,0,0
17.3303,4,-1.47037,-4.1343,6.17009,0.0194618,-0.135556,0.157998,0.511321,0,0,0
17.3303,5,4.32489,-2.34181,4.41809,0.140747,-0.0684949,0.0373563,0.256429,0,0,0
17.4651,0,5.34165,-7.10762,4.07188,0.051775,-0.157759,-0.284197,0.729665,0,0,0
17.4651,1,3.06882,-5.5793,8.38259,0.208994,-0.416915,0.0538675,1.04524,0,0,0
17.4651,2,0.572749,-4.63868,1.54862,-0.0174925,-0.362437,-0.0339255,0.88559,0,0,0
17.4651,3,0.284563,-8.97437,5.59605,0.0745192,-0.216523,-0.0446862,0.603215,0,0,0
17.4651,4,-1.47054,-4.14231,6.17837,0.0182828,-0.132058,0.155538,0.48193,0,0,0
17.4651,5,4.32894,-2.34424,4.42019,0.13085,-0.065504,0.0368472,0.244724,0,0,0
17.606,0,5.34547,-7.11798,4.05586,0.0520465,-0.154284,-0.273293,0.729665,0,0,0
17.606,1,3.08645,-5.61042,8.38576,0.223805,-0.430182,0.0509393,1.04524,0,0,0
17.606,2,0.571887,-4.65759,1.54701,-0.0129281,-0.348736,-0.0319366,0.846777,0,0,0
17.606,3,0.289011,-8.98723,5.59398,0.0739345,-0.21259,-0.0433369,0.576126,0,0,0
17.606,4,-1.47065,-4.15013,6.18623,0.0173715,-0.128716,0.149191,0.48193,0,0,0
17.606,5,4.32703,-2.34373,4.42014,0.123886,-0.0634219,0.0375151,0.244724,0,0,0
17.7413,0,5.34754,-7.12707,4.04454,0.0460055,-0.14687,-0.268022,0.691954,0,0,0
17.7413,1,3.09732,-5.6334,8.38881,0.216563,-0.421197,0.0485424,0.987639,0,0,0
17.7413,2,0.570615,-4.67655,1.54689,-0.0103325,-0.337422,-0.0360907,0.846777,0,0,0
17.7413,3,0.29155,-8.99865,5.59197,0.0665642,-0.204207,-0.0421621,0.576126,0,0,0
17.7413,4,-1.47094,-4.16535,6.20132,0.0154617,-0.122754,0.140908,0.460069,0,0,0
17.7413,5,4.3372,-2.34952,4.42387,0.114987,-0.0618505,0.0348301,0.234395,0,0,0
17.8627,0,5.35215,-7.13886,4.03147,0.0505942,-0.151167,-0.260844,0.691954,0,0,0
17.8627,1,3.10776,-5.65601,8.39176,0.209036,-0.412788,0.045819,0.987639,0,0,0
17.8627,2,0.568883,-4.69564,1.54534,-0.00981412,-0.328777,-0.0352586,0.808575,0,0,0
17.8627,3,0.295415,-9.01152,5.59001,0.0646332,-0.202011,-0.0408429,0.550694,0,0,0
17.8627,4,-1.47094,-4.16535,6.20132,0.0154617,-0.122754,0.140908,0.460069,0,0,0
17.8627,5,4.33561,-2.34911,4.4239,0.10911,-0.0601251,0.0367396,0.234395,0,0,0
17.987,0,5.35861,-7.1521,4.01871,0.059923,-0.157349,-0.254274,0.659346,0,0,0
17.987,1,3.11828,-5.67763,8.39461,0.202795,-0.402767,0.0446684,0.936959,0,0,0
17.987,2,0.567626,-4.71393,1.54382,-0.00805006,-0.319354,-0.0350086,0.808575,0,0,0
17.987,3,0.301269,-9.0248,5.58831,0.0683967,-0.199214,-0.0400542,0.550694,0,0,0
17.987,4,-1.47115,-4.17278,6.20145,0.0143879,-0.120228,0.14595,0.443892,0,0,0
17.987,5,4.34463,-2.3547,4.42564,0.100522,-0.0587763,0.0356476,0.225349,0,0,0
18.1187,0,5.36094,-7.16567,4.00631,0.0413269,-0.130071,-0.247445,0.659346,0,0,0
18.1187,1,3.12843,-5.69867,8.39739,0.196395,-0.392545,0.0440498,0.936959,0,0,0
18.1187,2,0.566882,-4.73139,1.54104,-0.00488181,-0.309011,-0.0297801,0.772604,0,0,0
18.1187,3,0.300614,-9.02546,5.58641,0.0661324,-0.201484,-0.0390554,0.522595,0,0,0
18.1187,4,-1.47142,-4.1801,6.21567,0.013169,-0.117792,0.134317,0.443892,0,0,0
18.1187,5,4.34728,-2.35658,4.42756,0.0913278,-0.0552101,0.0353453,0.225349,0,0,0
18.2561,0,5.36418,-7.17517,3.99419,0.0411234,-0.128276,-0.242129,0.622462,0,0,0
18.2561,1,3.13824,-5.71914,8.40013,0.18992,-0.382277,0.0431318,0.889222,0,0,0
18.2561,2,0.567016,-4.75024,1.53955,0.000182025,-0.305986,-0.0290627,0.772604,0,0,0
18.2561,3,0.304473,-9.03755,5.58447,0.0639951,-0.196707,-0.0373357,0.522595,0,0,0
18.2561,4,-1.47163,-4.18666,6.2223,0.0120841,-0.113491,0.134106,0.419646,0,0,0
18.2561,5,4.35221,-2.36051,4.4295,0.0907272,-0.0588858,0.0344045,0.215106,0,0,0
18.3969,0,5.36734,-7.18437,3.98242,0.041094,-0.126342,-0.23504,0.622462,0,0,0
18.3969,1,3.14771,-5.73906,8.40281,0.183415,-0.372013,0.0426356,0.889222,0,0,0
18.3969,2,0.562758,-4.76161,1.53811,-0.0120548,-0.276866,-0.0277822,0.753788,0,0,0
18.3969,3,0.313149,-9.0607,5.58271,0.0651385,-0.190235,-0.035757,0.509142,0,0,0
18.3969,4,-1.47285,-4.19297,6.22853,0.00787508,-0.108967,0.130729,0.419646,0,0,0
18.3969,5,4.3504,-2.35958,4.43115,0.0841016,-0.0553301,0.0335401,0.215106,0,0,0
18.5291,0,5.37041,-7.19324,3.97094,0.0408882,-0.124267,-0.229838,0.591564,0,0,0
18.5291,1,3.15686,-5.75846,8.40539,0.176952,-0.361852,0.0418212,0.844145,0,0,0
18.5291,2,0.563793,-4.78273,1.53676,-0.00143606,-0.287775,-0.0269487,0.753788,0,0,0
18.5291,3,0.316949,-9.07193,5.58105,0.063742,-0.186401,-0.0353381,0.509142,0,0,0
18.5291,4,-1.47248,-4.20127,6.23572,0.00941215,-0.111875,0.128355,0.399802,0,0,0
18.5291,5,4.35361,-2.36212,4.43296,0.078421,-0.0542731,0.0326115,0.211979,0,0,0
18.6572,0,5.37339,-7.20177,3.95976,0.0405168,-0.121744,-0.222883,0.591564,0,0,0
18.6572,1,3.16343,-5.77413,8.40764,0.161829,-0.340148,0.0415237,0.844145,0,0,0
18.6572,2,0.562684,-4.79928,1.53546,-0.000887959,-0.280841,-0.0258699,0.721038,0,0,0
18.6572,3,0.320818,-9.08292,5.57941,0.0628273,-0.182564,-0.0352294,0.472568,0,0,0
18.6572,4,-1.47301,-4.20819,6.24301,0.00774053,-0.110225,0.126289,0.399802,0,0,0
18.6572,5,4.36114,-2.36834,4.4362,0.0731568,-0.0568573,0.0304387,0.211979,0,0,0
18.7833,0,5.37417,-7.20367,3.94891,0.043617,-0.128815,-0.216604,0.562453,0,0,0
18.7833,1,3.17443,-5.79558,8.4103,0.166137,-0.343321,0.0405836,0.781184,0,0,0
18.7833,2,0.560916,-4.81621,1.53538,-0.00265299,-0.276398,-0.0294911,0.721038,0,0,0
18.7833,3,0.321466,-9.08442,5.57778,0.0653478,-0.18807,-0.0344907,0.472568,0,0,0
18.7833,4,-1.47291,-4.21575,6.2428,0.00742483,-0.111108,0.131035,0.384301,0,0,0
18.7833,5,4.36333,-2.37093,4.43765,0.0665998,-0.0551963,0.0294344,0.198053,0,0,0
18.9211,0,5.37913,-7.2179,3.93842,0.0395622,-0.115794,-0.209481,0.562453,0,0,0
18.9211,1,3.18259,-5.81366,8.4125,0.159387,-0.334033,0.0399782,0.781184,0,0,0
18.9211,2,0.560309,-4.83167,1.5341,-0.000506726,-0.268305,-0.0287232,0.671908,0,0,0
18.9211,3,0.328391,-9.10396,5.57626,0.061251,-0.174683,-0.0329339,0.458946,0,0,0
18.9211,4,-1.47469,-4.22814,6.26233,0.00252321,-0.105021,0.120237,0.384301,0,0,0
18.9211,5,4.36206,-2.36954,4.43763,0.0618429,-0.0500533,0.0294914,0.198053,0,0,0
19.0494,0,5.38004,-7.21935,3.92844,0.0430966,-0.121523,-0.203651,0.535166,0,0,0
19.0494,1,3.19086,-5.83093,8.41504,0.15431,-0.323793,0.0385485,0.761232,0,0,0
19.0494,2,0.558853,-4.84764,1.53287,-0.00152415,-0.263408,-0.0284519,0.671908,0,0,0
19.0494,3,0.328933,-9.10521,5.5751,0.0633886,-0.179345,-0.0319942,0.458946,0,0,0
19.0494,4,-1.47469,-4.22814,6.26233,0.00252321,-0.105021,0.120237,0.361988,0,0,0
19.0494,5,4.36472,-2.37184,4.4405,0.0577757,-0.0489804,0.0271597,0.195615,0,0,0
19.168,0,5.38387,-7.23119,3.91762,0.0358564,-0.103843,-0.193736,0.535166,0,0,0
19.168,1,3.19847,-5.84821,8.41738,0.147805,-0.31545,0.0378057,0.761232,0,0,0
19.168,2,0.55788,-4.86278,1.53163,-0.00106249,-0.257051,-0.0278479,0.64062,0,0,0
19.168,3,0.332552,-9.11519,5.57339,0.0623389,-0.174842,-0.0309537,0.436767,0,0,0
19.168,4,-1.47528,-4.23453,6.26253,0.00134758,-0.103358,0.123108,0.361988,0,0,0
19.168,5,4.36722,-2.37413,4.44191,0.0531149,-0.0475776,0.0270597,0.195615,0,0,0
19.2949,0,5.38456,-7.23311,3.90925,0.0386227,-0.111119,-0.190111,0.510053,0,0,0
19.2949,1,3.20426,-5.86182,8.41962,0.135427,-0.295555,0.0369781,0.722897,0,0,0
19.2949,2,0.55692,-4.87758,1.53042,-0.000735688,-0.25085,-0.0272408,0.64062,0,0,0
19.2949,3,0.339108,-9.13327,5.57179,0.0584377,-0.161957,-0.0298404,0.436767,0,0,0
19.2949,4,-1.4759,-4.24081,6.26867,3.11455e-05,-0.101013,0.120567,0.348242,0,0,0
19.2949,5,4.37009,-2.37688,4.44339,0.0513116,-0.0486002,0.0260493,0.187722,0,0,0
19.4206,0,5.388,-7.24133,3.89961,0.0414172,-0.112293,-0.184995,0.510053,0,0,0
19.4206,1,3.21346,-5.88093,8.42172,0.138308,-0.299103,0.0362656,0.722897,0,0,0
19.4206,2,0.555965,-4.89204,1.52814,-0.000550746,-0.244873,-0.0234568,0.625757,0,0,0
19.4206,3,0.342827,-9.14236,5.57037,0.0583642,-0.157176,-0.0292465,0.406853,0,0,0
19.4206,4,-1.47649,-4.24694,6.28058,-0.000846698,-0.0994367,0.113621,0.348242,0,0,0
19.4206,5,4.37244,-2.37919,4.44479,0.047385,-0.0473886,0.026045,0.187722,0,0,0
19.5429,0,5.39096,-7.24777,3.88975,0.0420468,-0.107454,-0.181127,0.489027,0,0,0
19.5429,1,3.21877,-5.89397,8.42352,0.12606,-0.280422,0.0359339,0.686645,0,0,0
19.5429,2,0.557564,-4.90611,1.52701,0.00558409,-0.240832,-0.0226421,0.625757,0,0,0
19.5429,3,0.34195,-9.14245,5.569,0.0551928,-0.157321,-0.0290775,0.406853,0,0,0
19.5429,4,-1.47726,-4.25206,6.28642,-0.00252757,-0.0947731,0.110848,0.328042,0,0,0
19.5429,5,4.37638,-2.3833,4.44591,0.0399955,-0.0447493,0.0243482,0.178403,0,0,0
19.6739,0,5.39229,-7.25613,3.882,0.0278747,-0.0846454,-0.17755,0.489027,0,0,0
19.6739,1,3.22551,-5.90961,8.42581,0.121487,-0.274493,0.0350283,0.686645,0,0,0
19.6739,2,0.554917,-4.91916,1.52594,-0.000963108,-0.231887,-0.0214619,0.597281,0,0,0
19.6739,3,0.34652,-9.153,5.5676,0.0594111,-0.159502,-0.0281156,0.396965,0,0,0
19.6739,4,-1.4775,-4.25868,6.28647,-0.00165977,-0.0962892,0.112453,0.328042,0,0,0
19.6739,5,4.3786,-2.38562,4.44711,0.0380245,-0.0446496,0.0244322,0.178403,0,0,0
19.7995,0,5.39567,-7.26113,3.87287,0.0406355,-0.103034,-0.174482,0.46583,0,0,0
19.7995,1,3.23392,-5.92726,8.42785,0.124256,-0.27721,0.034414,0.655298,0,0,0
19.7995,2,0.553168,-4.9335,1.52495,-0.00330784,-0.229265,-0.0206221,0.597281,0,0,0
19.7995,3,0.349801,-9.16197,5.56629,0.0582686,-0.155806,-0.0272393,0.396965,0,0,0
19.7995,4,-1.47825,-4.26464,6.29204,-0.00288378,-0.0953266,0.109904,0.314826,0,0,0
19.7995,5,4.38082,-2.38794,4.44831,0.0364075,-0.0446017,0.0236964,0.17156,0,0,0
19.9337,0,5.39796,-7.26755,3.86418,0.0392173,-0.0999265,-0.170873,0.46583,0,0,0
19.9337,1,3.24014,-5.94215,8.42983,0.117147,-0.266712,0.0335553,0.655298,0,0,0
19.9337,2,0.552105,-4.94687,1.52487,-0.00338383,-0.224261,-0.0223914,0.569535,0,0,0
19.9337,3,0.353047,-9.17073,5.56501,0.0572224,-0.152095,-0.0268937,0.375789,0,0,0
19.9337,4,-1.47889,-4.2704,6.29754,-0.00365676,-0.0940708,0.108976,0.314826,0,0,0
19.9337,5,4.38123,-2.38801,4.44956,0.0378784,-0.0449013,0.0221529,0.17156,0,0,0
20.0652,0,5.40028,-7.27367,3.85576,0.038173,-0.0966381,-0.166936,0.443928,0,0,0
20.0652,1,3.24826,-5.95867,8.43174,0.120043,-0.267269,0.032318,0.600892,0,0,0
20.0652,2,0.551092,-4.95992,1.52294,-0.00339747,-0.219316,-0.0194874,0.569535,0,0,0
20.0652,3,0.356257,-9.17931,5.56387,0.0562962,-0.148581,-0.0264871,0.375789,0,0,0
20.0652,4,-1.47995,-4.27584,6.30297,-0.00585169,-0.0919575,0.106947,0.299122,0,0,0
20.0652,5,4.38577,-2.39309,4.45069,0.035648,-0.0462042,0.0213269,0.164044,0,0,0
20.1885,0,5.40258,-7.27957,3.84756,0.0373199,-0.0932096,-0.162902,0.443928,0,0,0
20.1885,1,3.25245,-5.97047,8.43361,0.107842,-0.250779,0.0317906,0.600892,0,0,0
20.1885,2,0.550479,-4.97232,1.52288,-0.00211084,-0.213157,-0.0217337,0.542973,0,0,0
20.1885,3,0.362122,-9.1948,5.56253,0.0529729,-0.137772,-0.0259236,0.357185,0,0,0
20.1885,4,-1.48007,-4.28149,6.30828,-0.00462999,-0.0910704,0.105,0.299122,0,0,0
20.1885,5,4.38743,-2.39476,4.45178,0.0327526,-0.0438854,0.0206974,0.164044,0,0,0
20.313,0,5.40662,-7.28963,3.83957,0.0340762,-0.0823721,-0.158843,0.422938,0,0,0
20.313,1,3.25867,-5.98374,8.43536,0.105225,-0.242739,0.0310973,0.588297,0,0,0
20.313,2,0.549089,-4.98524,1.52191,-0.00361342,-0.209926,-0.0211735,0.542973,0,0,0
20.313,3,0.365174,-9.20285,5.56141,0.0521199,-0.134579,-0.0257786,0.357185,0,0,0
20.313,4,-1.48062,-4.28686,6.3135,-0.00492552,-0.0895176,0.102935,0.283877,0,0,0
20.313,5,4.39012,-2.39752,4.45291,0.0336953,-0.0454424,0.0200414,0.157452,0,0,0
20.4417,0,5.40878,-7.29495,3.83178,0.0332722,-0.0791097,-0.154924,0.422938,0,0,0
20.4417,1,3.26118,-5.99266,8.43713,0.089201,-0.220225,0.0312383,0.588297,0,0,0
20.4417,2,0.548081,-4.99753,1.52096,-0.00384729,-0.205518,-0.0208645,0.517554,0,0,0
20.4417,3,0.365486,-9.204,5.5601,0.0533647,-0.138716,-0.0255809,0.332035,0,0,0
20.4417,4,-1.48163,-4.29197,6.31825,-0.00684665,-0.0874249,0.101128,0.283877,0,0,0
20.4417,5,4.39229,-2.39972,4.454,0.0328653,-0.0449577,0.0194086,0.157452,0,0,0
20.5788,0,5.40917,-7.29604,3.82419,0.0347459,-0.0829875,-0.152154,0.393639,0,0,0
20.5788,1,3.27037,-6.00939,8.43859,0.101064,-0.23033,0.0307351,0.545159,0,0,0
20.5788,2,0.547065,-5.00957,1.51914,-0.00415158,-0.201281,-0.0184113,0.517554,0,0,0
20.5788,3,0.368472,-9.21174,5.55886,0.0525375,-0.135177,-0.0247562,0.332035,0,0,0
20.5788,4,-1.48214,-4.29715,6.32812,-0.006987,-0.0859754,0.0939701,0.266481,0,0,0
20.5788,5,4.39445,-2.40189,4.45496,0.0322301,-0.0444915,0.0188591,0.150979,0,0,0
20.7249,0,5.41288,-7.30499,3.81672,0.0316457,-0.0728012,-0.147851,0.393639,0,0,0
20.7249,1,3.27528,-6.02243,8.44042,0.0943227,-0.222792,0.0303883,0.545159,0,0,0
20.7249,2,0.546408,-5.02101,1.51825,-0.00323959,-0.195894,-0.017916,0.493053,0,0,0
20.7249,3,0.372506,-9.22022,5.5577,0.0561588,-0.134192,-0.0238694,0.32227,0,0,0
20.7249,4,-1.48237,-4.30258,6.32808,-0.00655922,-0.0861495,0.095943,0.266481,0,0,0
20.7249,5,4.39654,-2.40373,4.45591,0.0314798,-0.0428703,0.0183224,0.150979,0,0,0
20.8523,0,5.41327,-7.3059,3.80945,0.0332482,-0.0764235,-0.14447,0.382006,0,0,0
20.8523,1,3.28063,-6.03461,8.44218,0.0915333,-0.216498,0.029389,0.531152,0,0,0
20.8523,2,0.545016,-5.03294,1.51821,-0.00491769,-0.19315,-0.0191479,0.493053,0,0,0
20.8523,3,0.376815,-9.23242,5.55661,0.0485281,-0.118907,-0.0234001,0.32227,0,0,0
20.8523,4,-1.48271,-4.30741,6.33347,-0.00595886,-0.084093,0.0921646,0.255197,0,0,0
20.8523,5,4.39872,-2.40586,4.45684,0.0314477,-0.042652,0.0178197,0.144848,0,0,0
20.9845,0,5.41512,-7.31062,3.80236,0.0320156,-0.073326,-0.141399,0.382006,0,0,0
20.9845,1,3.28719,-6.04856,8.44361,0.0928412,-0.21543,0.0288109,0.531152,0,0,0
20.9845,2,0.544338,-5.04391,1.51736,-0.00412549,-0.188017,-0.0185669,0.469581,0,0,0
20.9845,3,0.376076,-9.23244,5.55572,0.045863,-0.118857,-0.0233109,0.299967,0,0,0
20.9845,4,-1.4831,-4.31219,6.34235,-0.00562552,-0.0822973,0.08622,0.255197,0,0,0
20.9845,5,4.40046,-2.40777,4.45762,0.029848,-0.0416274,0.0173556,0.144848,0,0,0
21.1184,0,5.41744,-7.31554,3.79537,0.0326839,-0.0719972,-0.138974,0.366725,0,0,0
21.1184,1,3.29231,-6.06017,8.44531,0.0894296,-0.208803,0.0280265,0.502264,0,0,0
21.1184,2,0.542955,-5.05534,1.51653,-0.00579774,-0.185395,-0.0183392,0.469581,0,0,0
21.1184,3,0.381943,-9.24635,5.55444,0.0463143,-0.113967,-0.0225976,0.299967,0,0,0
21.1184,4,-1.48358,-4.31611,6.34237,-0.005889,-0.0779027,0.087948,0.242758,0,0,0
21.1184,5,4.40349,-2.41049,4.45851,0.0329166,-0.0434781,0.0175573,0.13801,0,0,0
21.2498,0,5.41876,-7.31952,3.78849,0.0297582,-0.067404,-0.136833,0.366725,0,0,0
21.2498,1,3.29797,-6.07243,8.44673,0.0900628,-0.206489,0.0273185,0.502264,0,0,0
21.2498,2,0.541922,-5.06619,1.51571,-0.00625838,-0.181607,-0.0178891,0.447033,0,0,0
21.2498,3,0.384393,-9.25301,5.55332,0.0449184,-0.111055,-0.0220194,0.285022,0,0,0
21.2498,4,-1.4842,-4.32587,6.35093,-0.00473591,-0.0771994,0.0843006,0.242758,0,0,0
21.2498,5,4.40568,-2.41254,4.45938,0.0329062,-0.0429178,0.01649,0.13801,0,0,0
21.3683,0,5.42191,-7.32692,3.7817,0.0268705,-0.0585378,-0.134943,0.339719,0,0,0
21.3683,1,3.3019,-6.08235,8.44836,0.0833651,-0.195698,0.0268468,0.475889,0,0,0
21.3683,2,0.540537,-5.07418,1.51415,-0.00877825,-0.169337,-0.0158109,0.447033,0,0,0
21.3683,3,0.384581,-9.25388,5.55227,0.0456806,-0.11418,-0.0218548,0.285022,0,0,0
21.3683,4,-1.4842,-4.32587,6.35093,-0.00473591,-0.0771994,0.0843006,0.229763,0,0,0
21.3683,5,4.40748,-2.41447,4.46036,0.0315943,-0.0419699,0.0166531,0.132086,0,0,0
21.4995,0,5.4236,-7.33102,3.77506,0.026193,-0.0564056,-0.131642,0.339719,0,0,0
21.4995,1,3.30661,-6.09293,8.44987,0.0807884,-0.189312,0.0264988,0.475889,0,0,0
21.4995,2,0.541175,-5.08585,1.51412,-0.00285843,-0.171916,-0.0170776,0.427981,0,0,0
21.4995,3,0.387012,-9.26027,5.55123,0.0444626,-0.111003,-0.0213083,0.27682,0,0,0
21.4995,4,-1.48493,-4.33455,6.35926,-0.00439189,-0.0738773,0.0809472,0.229763,0,0,0
21.4995,5,4.40967,-2.41646,4.46118,0.0317029,-0.0413914,0.0161948,0.132086,0,0,0
21.6279,0,5.42527,-7.33506,3.76857,0.025546,-0.0544467,-0.128763,0.331735,0,0,0
21.6279,1,3.31119,-6.10322,8.45132,0.0782926,-0.18316,0.0260716,0.453454,0,0,0
21.6279,2,0.539008,-5.09713,1.51265,-0.0075985,-0.172276,-0.0148515,0.427981,0,0,0
21.6279,3,0.391471,-9.27169,5.55032,0.0412208,-0.101754,-0.0205783,0.27682,0,0,0
21.6279,4,-1.48493,-4.33455,6.35926,-0.00439189,-0.0738773,0.0809472,0.217731,0,0,0
21.6279,5,4.41218,-2.41849,4.46186,0.0330706,-0.0410792,0.0157201,0.125746,0,0,0
21.7698,0,5.42691,-7.33904,3.76223,0.0249992,-0.0528143,-0.125655,0.331735,0,0,0
21.7698,1,3.31566,-6.11324,8.45273,0.0759566,-0.177284,0.0256105,0.453454,0,0,0
21.7698,2,0.53777,-5.10727,1.51192,-0.00868464,-0.167257,-0.0146519,0.404954,0,0,0
21.7698,3,0.393679,-9.2775,5.54928,0.0399427,-0.0985316,-0.0202455,0.257755,0,0,0
21.7698,4,-1.48523,-4.33872,6.3671,-0.00409835,-0.0721085,0.0745434,0.217731,0,0,0
21.7698,5,4.41432,-2.42038,4.46264,0.0331578,-0.0403609,0.0153181,0.125746,0,0,0
21.8985,0,5.42723,-7.3402,3.75605,0.026301,-0.0570509,-0.122708,0.316252,0,0,0
21.8985,1,3.32004,-6.12301,8.4541,0.0738105,-0.171714,0.0250718,0.431043,0,0,0
21.8985,2,0.536976,-5.11675,1.51123,-0.00810482,-0.161021,-0.0141701,0.404954,0,0,0
21.8985,3,0.395837,-9.28317,5.54834,0.038724,-0.0954252,-0.0200035,0.257755,0,0,0
21.8985,4,-1.48551,-4.34278,6.37096,-0.00376073,-0.0703712,0.0735615,0.203911,0,0,0
21.8985,5,4.41645,-2.42223,4.4634,0.0332337,-0.0395879,0.0149348,0.119865,0,0,0
22.0286,0,5.42882,-7.34408,3.75,0.0257374,-0.0555599,-0.120121,0.316252,0,0,0
22.0286,1,3.32434,-6.13255,8.45544,0.0718473,-0.166441,0.0245854,0.431043,0,0,0
22.0286,2,0.536101,-5.12609,1.51121,-0.00792379,-0.15724,-0.0151009,0.385192,0,0,0
22.0286,3,0.39793,-9.28866,5.54734,0.0375318,-0.0924017,-0.0195609,0.245364,0,0,0
22.0286,4,-1.48617,-4.34668,6.37073,-0.00488455,-0.0684137,0.0743975,0.203911,0,0,0
22.0286,5,4.41814,-2.42368,4.46425,0.0317478,-0.0374014,0.0140423,0.119865,0,0,0
22.1568,0,5.43036,-7.34787,3.74411,0.0251922,-0.0542124,-0.116798,0.303114,0,0,0
22.1568,1,3.32855,-6.14186,8.45674,0.0700579,-0.161461,0.0240422,0.409715,0,0,0
22.1568,2,0.534852,-5.13556,1.50998,-0.00906322,-0.154727,-0.013276,0.385192,0,0,0
22.1568,3,0.398085,-9.28936,5.5464,0.0381787,-0.0949488,-0.0191869,0.245364,0,0,0
22.1568,4,-1.4864,-4.35054,6.37759,-0.00449634,-0.0667374,0.0687554,0.193664,0,0,0
22.1568,5,4.41993,-2.4253,4.46498,0.030873,-0.0362342,0.0142138,0.114973,0,0,0
22.2893,0,5.43186,-7.35157,3.73837,0.0246069,-0.0528618,-0.114432,0.303114,0,0,0
22.2893,1,3.33163,-6.14938,8.45801,0.0643229,-0.15107,0.0236042,0.409715,0,0,0
22.2893,2,0.533813,-5.14458,1.50936,-0.00947528,-0.151374,-0.0129715,0.36624,0,0,0
22.2893,3,0.400221,-9.29453,5.54563,0.0373744,-0.0914322,-0.0187721,0.238556,0,0,0
22.2893,4,-1.4866,-4.35431,6.37759,-0.00411019,-0.0651115,0.0715173,0.193664,0,0,0
22.2893,5,4.42231,-2.42717,4.46546,0.0319862,-0.0359071,0.0138639,0.114973,0,0,0
22.416,0,5.43492,-7.35807,3.73347,0.0236918,-0.0478883,-0.111382,0.288952,0,0,0
22.416,1,3.33685,-6.15972,8.45925,0.0678315,-0.152833,0.0230561,0.391208,0,0,0
22.416,2,0.532881,-5.15172,1.50933,-0.00995119,-0.142303,-0.0137639,0.36624,0,0,0
22.416,3,0.40148,-9.29896,5.54462,0.0335295,-0.0858448,-0.0181824,0.238556,0,0,0
22.416,4,-1.48678,-4.35798,6.3811,-0.00369742,-0.0634619,0.0688619,0.185687,0,0,0
22.416,5,4.42435,-2.42885,4.46614,0.0321686,-0.035234,0.0135605,0.109229,0,0,0
22.5507,0,5.43478,-7.35876,3.72744,0.0232674,-0.0503508,-0.108978,0.288952,0,0,0
22.5507,1,3.33975,-6.16698,8.46033,0.0621058,-0.143331,0.0227311,0.391208,0,0,0
22.5507,2,0.532746,-5.16239,1.50872,-0.00646396,-0.147075,-0.0135282,0.34995,0,0,0
22.5507,3,0.405789,-9.30887,5.5437,0.0335166,-0.0808614,-0.0179071,0.228285,0,0,0
22.5507,4,-1.48677,-4.36044,6.3848,-0.00292502,-0.0579371,0.067923,0.185687,0,0,0
22.5507,5,4.42677,-2.43083,4.4669,0.0337485,-0.0358069,0.0133051,0.109229,0,0,0
22.6807,0,5.43619,-7.36226,3.72192,0.0227938,-0.0493641,-0.107032,0.275552,0,0,0
22.6807,1,3.34475,-6.17687,8.46161,0.0654666,-0.145218,0.0220957,0.371698,0,0,0
22.6807,2,0.530891,-5.17008,1.50807,-0.0103248,-0.139108,-0.0132698,0.34995,0,0,0
22.6807,3,0.407819,-9.31429,5.54284,0.0330577,-0.0802296,-0.0176294,0.228285,0,0,0
22.6807,4,-1.48647,-4.36481,6.39085,-0.000570492,-0.0600256,0.0633533,0.174276,0,0,0
22.6807,5,4.42878,-2.43243,4.46759,0.0336125,-0.0348416,0.0130097,0.103383,0,0,0
22.8054,0,5.43866,-7.368,3.7166,0.0208444,-0.0438592,-0.105081,0.275552,0,0,0
22.8054,1,3.34655,-6.18237,8.46281,0.0561758,-0.131087,0.0218361,0.371698,0,0,0
22.8054,2,0.530133,-5.17794,1.50747,-0.00984472,-0.135082,-0.0129872,0.331461,0,0,0
22.8054,3,0.407622,-9.31462,5.54199,0.032375,-0.0813694,-0.0173883,0.211712,0,0,0
22.8054,4,-1.48677,-4.36835,6.39474,-0.000863265,-0.0589365,0.0619012,0.174276,0,0,0
22.8054,5,4.43075,-2.43399,4.46825,0.033425,-0.0338925,0.0127162,0.103383,0,0,0
22.9461,0,5.43891,-7.36903,3.71139,0.0218837,-0.047581,-0.103213,0.260961,0,0,0
22.9461,1,3.35245,-6.19313,8.46395,0.0641005,-0.13862,0.0212395,0.354707,0,0,0
22.9461,2,0.529571,-5.18671,1.50636,-0.00845446,-0.135109,-0.011484,0.331461,0,0,0
22.9461,3,0.409417,-9.31935,5.54115,0.0315379,-0.0792004,-0.0169191,0.211712,0,0,0
22.9461,4,-1.48696,-4.37171,6.39503,-0.000763583,-0.0575331,0.0627503,0.166277,0,0,0
22.9461,5,4.43268,-2.43551,4.46889,0.0331754,-0.0329559,0.0124217,0.0982759,0,0,0
23.0702,0,5.44023,-7.37233,3.70629,0.0214064,-0.0466854,-0.100981,0.260961,0,0,0
23.0702,1,3.356,-6.20116,8.46507,0.0621694,-0.135192,0.0208669,0.354707,0,0,0
23.0702,2,0.528527,-5.19436,1.50582,-0.00923341,-0.131297,-0.0110512,0.314742,0,0,0
23.0702,3,0.41267,-9.32784,5.54042,0.0284507,-0.0711376,-0.0163809,0.206237,0,0,0
23.0702,4,-1.4877,-4.37748,6.40401,-0.00209518,-0.0519412,0.0578354,0.166277,0,0,0
23.0702,5,4.43458,-2.437,4.46951,0.03287,-0.0320312,0.0121475,0.0982759,0,0,0
23.1997,0,5.44152,-7.37555,3.70131,0.0209915,-0.0459413,-0.098518,0.24379,0,0,0
23.1997,1,3.35958,-6.20893,8.46616,0.0607356,-0.131645,0.0201816,0.333555,0,0,0
23.1997,2,0.527645,-5.20165,1.50531,-0.00940817,-0.127026,-0.0104568,0.314742,0,0,0
23.1997,3,0.412923,-9.32836,5.53961,0.0294202,-0.0730142,-0.0160976,0.206237,0,0,0
23.1997,4,-1.48752,-4.381,6.40377,-0.000808732,-0.0521798,0.059568,0.156127,0,0,0
23.1997,5,4.43643,-2.43845,4.47011,0.0325155,-0.0311233,0.0118777,0.0933945,0,0,0
23.339,0,5.44377,-7.38086,3.69647,0.0191629,-0.0410345,-0.0959516,0.24379,0,0,0
23.339,1,3.36231,-6.2151,8.46722,0.0555689,-0.121594,0.0197619,0.333555,0,0,0
23.339,2,0.526605,-5.20766,1.50529,-0.0103558,-0.117798,-0.0108967,0.299679,0,0,0
23.339,3,0.414874,-9.33325,5.53895,0.0299228,-0.0727389,-0.0160109,0.196502,0,0,0
23.339,4,-1.48737,-4.38405,6.40968,0.000243242,-0.0510613,0.0543782,0.156127,0,0,0
23.339,5,4.43824,-2.43987,4.47071,0.0320964,-0.0302528,0.0116405,0.0933945,0,0,0
23.4611,0,5.44496,-7.38389,3.69175,0.0187081,-0.0403027,-0.0934661,0.230823,0,0,0
23.4611,1,3.36667,-6.22374,8.46824,0.0584389,-0.123809,0.0192834,0.318125,0,0,0
23.4611,2,0.526277,-5.21525,1.50434,-0.0082779,-0.117155,-0.0095452,0.299679,0,0,0
23.4611,3,0.416001,-9.33727,5.53798,0.0272729,-0.0699376,-0.0153632,0.196502,0,0,0
23.4611,4,-1.48746,-4.38695,6.40996,0.000423208,-0.0496801,0.0556896,0.147517,0,0,0
23.4611,5,4.44002,-2.44125,4.47129,0.0316729,-0.0293719,0.0113999,0.0887305,0,0,0
23.5934,0,5.44612,-7.38684,3.68774,0.0182419,-0.0395413,-0.0914734,0.230823,0,0,0
23.5934,1,3.36915,-6.22972,8.46925,0.0537435,-0.116227,0.0189097,0.318125,0,0,0
23.5934,2,0.525378,-5.22205,1.50385,-0.00874347,-0.113831,-0.00933667,0.285989,0,0,0
23.5934,3,0.418024,-9.34216,5.53734,0.0280341,-0.0700623,-0.0151955,0.187026,0,0,0
23.5934,4,-1.48758,-4.3898,6.41276,0.000478806,-0.0478305,0.053374,0.147517,0,0,0
23.5934,5,4.44143,-2.44232,4.47179,0.02997,-0.0274787,0.0112319,0.0887305,0,0,0
23.7193,0,5.44724,-7.3897,3.68219,0.0177862,-0.0388044,-0.0892962,0.219416,0,0,0
23.7193,1,3.37339,-6.23786,8.47012,0.0565858,-0.117984,0.018423,0.301858,0,0,0
23.7193,2,0.524768,-5.22844,1.50384,-0.00825223,-0.109984,-0.00986008,0.285989,0,0,0
23.7193,3,0.419591,-9.34621,5.53649,0.0273467,-0.0681025,-0.0147955,0.187026,0,0,0
23.7193,4,-1.488,-4.39257,6.41798,-0.000566322,-0.0465403,0.0498052,0.141102,0,0,0
23.7193,5,4.44345,-2.44393,4.47239,0.0308325,-0.02792,0.0109726,0.084286,0,0,0
23.8474,0,5.4484,-7.39238,3.67829,0.017567,-0.0377258,-0.0854933,0.219416,0,0,0
23.8474,1,3.37575,-6.24356,8.47095,0.0519637,-0.110747,0.0181627,0.301858,0,0,0
23.8474,2,0.524084,-5.2348,1.50337,-0.00799476,-0.106679,-0.00961354,0.272712,0,0,0
23.8474,3,0.422317,-9.35349,5.53588,0.0249346,-0.0624214,-0.014537,0.177342,0,0,0
23.8474,4,-1.48775,-4.39522,6.42052,0.000602052,-0.0450461,0.0485924,0.141102,0,0,0
23.8474,5,4.44511,-2.44522,4.47296,0.0302888,-0.0270933,0.0107689,0.084286,0,0,0
23.98,0,5.44898,-7.39463,3.67392,0.0155352,-0.0354895,-0.086078,0.209654,0,0,0
23.98,1,3.3799,-6.25121,8.47203,0.0549603,-0.112032,0.0176928,0.286434,0,0,0
23.98,2,0.523324,-5.24114,1.50249,-0.00805713,-0.103977,-0.00869812,0.272712,0,0,0
23.98,3,0.423731,-9.35732,5.53508,0.0242004,-0.0608616,-0.014092,0.177342,0,0,0
23.98,4,-1.48775,-4.39773,6.42296,0.000967897,-0.043496,0.0467882,0.13208,0,0,0
23.98,5,4.44666,-2.4465,4.47354,0.0294881,-0.0263342,0.0105398,0.0800466,0,0,0
24.1116,0,5.4504,-7.39776,3.66965,0.0165412,-0.0365161,-0.0847017,0.209654,0,0,0
24.1116,1,3.38284,-6.25785,8.47293,0.0531847,-0.10953,0.0173295,0.286434,0,0,0
24.1116,2,0.52266,-5.24728,1.50247,-0.00783696,-0.101245,-0.00929886,0.259923,0,0,0
24.1116,3,0.425175,-9.36119,5.53445,0.0234447,-0.0590623,-0.0138255,0.165544,0,0,0
24.1116,4,-1.48779,-4.4002,6.42532,0.00116133,-0.0421144,0.0453991,0.13208,0,0,0
24.1116,5,4.44829,-2.44773,4.474,0.0292359,-0.0257536,0.0103131,0.0800466,0,0,0
24.2386,0,5.45137,-7.40034,3.66545,0.015973,-0.0357697,-0.0832262,0.204193,0,0,0
24.2386,1,3.38586,-6.26421,8.47391,0.0519771,-0.106663,0.0168512,0.270359,0,0,0
24.2386,2,0.521824,-5.25243,1.50163,-0.00853433,-0.0956665,-0.00827165,0.259923,0,0,0
24.2386,3,0.425175,-9.36119,5.53445,0.0234447,-0.0590623,-0.0138255,0.165544,0,0,0
24.2386,4,-1.48804,-4.40255,6.42518,0.000516144,-0.040578,0.0468661,0.125246,0,0,0
24.2386,5,4.44983,-2.44894,4.47454,0.0285898,-0.0249864,0.0101014,0.0759776,0,0,0
24.3785,0,5.45233,-7.40286,3.66133,0.0154839,-0.0350255,-0.0816371,0.204193,0,0,0
24.3785,1,3.38883,-6.27039,8.47481,0.0508473,-0.10385,0.0164349,0.270359,0,0,0
24.3785,2,0.521678,-5.25893,1.50161,-0.00629327,-0.0958742,-0.00894696,0.248533,0,0,0
24.3785,3,0.428192,-9.36824,5.53303,0.0237179,-0.0563395,-0.0130781,0.157795,0,0,0
24.3785,4,-1.48788,-4.405,6.42971,0.00133928,-0.0396681,0.0436909,0.125246,0,0,0
24.3785,5,4.45104,-2.44987,4.47505,0.0268856,-0.0233084,0.00991028,0.0759776,0,0,0
24.502,0,5.45249,-7.40354,3.65729,0.0161672,-0.0374958,-0.0801101,0.190531,0,0,0
24.502,1,3.39173,-6.27643,8.47556,0.049755,-0.101122,0.0159735,0.256344,0,0,0
24.502,2,0.520812,-5.26497,1.50082,-0.0070188,-0.0944688,-0.00789249,0.248533,0,0,0
24.502,3,0.429015,-9.3713,5.53244,0.0214268,-0.0536007,-0.0127939,0.157795,0,0,0
24.502,4,-1.48794,-4.40778,6.43011,0.00147848,-0.0392182,0.0455678,0.118801,0,0,0
24.502,5,4.45275,-2.45128,4.47554,0.0273216,-0.023726,0.0097047,0.0721364,0,0,0
24.6537,0,5.45345,-7.40601,3.65334,0.0157742,-0.036812,-0.0782516,0.190531,0,0,0
24.6537,1,3.39457,-6.28233,8.47636,0.0486872,-0.0984847,0.0156665,0.256344,0,0,0
24.6537,2,0.520551,-5.27095,1.5008,-0.00550909,-0.0935843,-0.00838239,0.235956,0,0,0
24.6537,3,0.429015,-9.3713,5.53244,0.0214268,-0.0536007,-0.0127939,0.150517,0,0,0
24.6537,4,-1.48794,-4.40778,6.43011,0.00147848,-0.0392182,0.0455678,0.118801,0,0,0
24.6537,5,4.45416,-2.45241,4.47603,0.0265932,-0.0230111,0.00951229,0.0721364,0,0,0
24.7805,0,5.45438,-7.40844,3.64949,0.0154147,-0.0361874,-0.0760458,0.181135,0,0,0
24.7805,1,3.39735,-6.28808,8.47725,0.0476477,-0.0959562,0.0152468,0.243015,0,0,0
24.7805,2,0.519421,-5.27535,1.50042,-0.00772435,-0.0871725,-0.00802851,0.235956,0,0,0
24.7805,3,0.430552,-9.37481,5.53177,0.0219453,-0.0529712,-0.0124338,0.150517,0,0,0
24.7805,4,-1.48802,-4.41009,6.43268,0.00139046,-0.0382161,0.0442773,0.112957,0,0,0
24.7805,5,4.45552,-2.45351,4.4765,0.0258467,-0.0223413,0.00931291,0.0684969,0,0,0
24.9133,0,5.45531,-7.41084,3.64576,0.0150801,-0.0355968,-0.073705,0.181135,0,0,0
24.9133,1,3.40006,-6.29371,8.47807,0.0466399,-0.0935428,0.0148973,0.243015,0,0,0
24.9133,2,0.519164,-5.28138,1.4997,-0.00612069,-0.0877323,-0.00719205,0.225487,0,0,0
24.9133,3,0.43134,-9.37765,5.53121,0.0198507,-0.050214,-0.0121406,0.143733,0,0,0
24.9133,4,-1.48817,-4.41198,6.43703,0.000982011,-0.0359851,0.0417361,0.112957,0,0,0
24.9133,5,4.45684,-2.45459,4.47698,0.0248174,-0.0214587,0.00912941,0.0684969,0,0,0
25.0388,0,5.45622,-7.4132,3.64215,0.0147909,-0.035082,-0.0716174,0.172208,0,0,0
25.0388,1,3.40214,-6.29818,8.47873,0.043372,-0.0875035,0.0145929,0.230268,0,0,0
25.0388,2,0.518588,-5.28661,1.49936,-0.00604421,-0.0855442,-0.00691977,0.225487,0,0,0
25.0388,3,0.432473,-9.38068,5.53068,0.0191755,-0.0485768,-0.0118399,0.143733,0,0,0
25.0388,4,-1.48808,-4.41447,6.43914,0.00160475,-0.0362497,0.040504,0.105647,0,0,0
25.0388,5,4.45812,-2.45564,4.47744,0.0238212,-0.020651,0.00863233,0.0650483,0,0,0
25.1599,0,5.45724,-7.41541,3.63862,0.0149451,-0.0341824,-0.0685826,0.172208,0,0,0
25.1599,1,3.40471,-6.30364,8.47963,0.042684,-0.0860906,0.0141847,0.230268,0,0,0
25.1599,2,0.518009,-5.29173,1.49904,-0.00600503,-0.0834003,-0.00653568,0.214196,0,0,0
25.1599,3,0.43395,-9.38393,5.53008,0.0199209,-0.0481207,-0.011495,0.136896,0,0,0
25.1599,4,-1.48836,-4.41659,6.43915,0.000765528,-0.0351966,0.0406517,0.105647,0,0,0
25.1599,5,4.45938,-2.45667,4.478,0.0229682,-0.0199076,0.00844794,0.0650483,0,0,0
25.2845,0,5.4576,-7.41694,3.63518,0.0126886,-0.03102,-0.0683888,0.164224,0,0,0
25.2845,1,3.40728,-6.30891,8.48019,0.0421291,-0.0845107,0.0138482,0.219213,0,0,0
25.2845,2,0.517437,-5.2967,1.49903,-0.00599213,-0.0812648,-0.00677092,0.214196,0,0,0
25.2845,3,0.43503,-9.38681,5.52951,0.0193293,-0.0466405,-0.0112044,0.136896,0,0,0
25.2845,4,-1.48847,-4.41874,6.44115,0.000583146,-0.034468,0.0393846,0.100992,0,0,0
25.2845,5,4.46054,-2.45767,4.47833,0.0220693,-0.0192813,0.00857089,0.0617895,0,0,0
25.4226,0,5.45914,-7.42063,3.63183,0.0119141,-0.0282856,-0.0670242,0.164224,0,0,0
25.4226,1,3.40989,-6.314,8.48088,0.0418538,-0.0826676,0.013467,0.219213,0,0,0
25.4226,2,0.516961,-5.30145,1.49844,-0.00571108,-0.0788549,-0.00592567,0.204048,0,0,0
25.4226,3,0.436379,-9.3915,5.52842,0.0156455,-0.0410169,-0.010598,0.13134,0,0,0
25.4226,4,-1.48846,-4.4206,6.44501,0.00073423,-0.0329147,0.0366966,0.100992,0,0,0
25.4226,5,4.46169,-2.45866,4.47873,0.0213996,-0.0188297,0.00811584,0.0617895,0,0,0
25.5435,0,5.45925,-7.42145,3.62855,0.012444,-0.0312513,-0.0654858,0.156062,0,0,0
25.5435,1,3.41225,-6.31918,8.48167,0.0408746,-0.0815572,0.0131545,0.207562,0,0,0
25.5435,2,0.516514,-5.30604,1.49842,-0.00540033,-0.0764246,-0.00634768,0.204048,0,0,0
25.5435,3,0.436379,-9.3915,5.52842,0.0156455,-0.0410169,-0.010598,0.13134,0,0,0
25.5435,4,-1.48841,-4.42289,6.44683,0.00125423,-0.03324,0.0352912,0.0943806,0,0,0
25.5435,5,4.46276,-2.45957,4.47922,0.0205481,-0.018175,0.00822323,0.0587697,0,0,0
25.6743,0,5.46058,-7.42427,3.62535,0.0142615,-0.0335725,-0.063584,0.156062,0,0,0
25.6743,1,3.41536,-6.32491,8.48237,0.0429236,-0.0828483,0.0128233,0.207562,0,0,0
25.6743,2,0.515692,-5.31031,1.49815,-0.00653761,-0.0733076,-0.00612028,0.194668,0,0,0
25.6743,3,0.437793,-9.39468,5.52795,0.0166462,-0.0416184,-0.0103757,0.125475,0,0,0
25.6743,4,-1.48852,-4.42491,6.44689,0.00101565,-0.0325854,0.0353863,0.0943806,0,0,0
25.6743,5,4.46389,-2.46056,4.47956,0.0198459,-0.0177298,0.00796197,0.0587697,0,0,0
25.7992,0,5.46201,-7.42799,3.62222,0.0129486,-0.0307915,-0.0623622,0.146854,0,0,0
25.7992,1,3.41759,-6.32987,8.48302,0.0414582,-0.0812712,0.012447,0.195275,0,0,0
25.7992,2,0.515738,-5.31477,1.49785,-0.00458095,-0.0715093,-0.00603467,0.194668,0,0,0
25.7992,3,0.439106,-9.3976,5.52737,0.017389,-0.0415766,-0.0101595,0.125475,0,0,0
25.7992,4,-1.48864,-4.42687,6.44859,0.000797629,-0.0319012,0.0343828,0.0901096,0,0,0
25.7992,5,4.46493,-2.46148,4.47995,0.019206,-0.0173229,0.00753461,0.0558196,0,0,0
25.9297,0,5.46212,-7.42843,3.61916,0.0133695,-0.0323712,-0.0606902,0.146854,0,0,0
25.9297,1,3.4199,-6.33459,8.48367,0.0405898,-0.0792033,0.0120795,0.195275,0,0,0
25.9297,2,0.515569,-5.31921,1.49756,-0.00333825,-0.0701269,-0.00590683,0.185913,0,0,0
25.9297,3,0.439724,-9.39983,5.52689,0.0156487,-0.0392348,-0.00997688,0.11996,0,0,0
25.9297,4,-1.4888,-4.42847,6.45195,0.000373575,-0.0300854,0.0323124,0.0901096,0,0,0
25.9297,5,4.46613,-2.46255,4.48039,0.0192814,-0.0175721,0.00759286,0.0558196,0,0,0
26.0546,0,5.46289,-7.43041,3.61617,0.0130448,-0.0316639,-0.0592389,0.140417,0,0,0
26.0546,1,3.42205,-6.3393,8.48428,0.0393279,-0.0775665,0.0117171,0.18451,0,0,0
26.0546,2,0.514962,-5.32311,1.49701,-0.00407843,-0.0671304,-0.00531781,0.185913,0,0,0
26.0546,3,0.440778,-9.40223,5.52642,0.0155834,-0.0378808,-0.00975708,0.11996,0,0,0
26.0546,4,-1.48876,-4.43053,6.45362,0.000801014,-0.0302649,0.0317705,0.0842802,0,0,0
26.0546,5,4.4671,-2.46341,4.4808,0.0183051,-0.0168236,0.00743079,0.052822,0,0,0
26.1902,0,5.46425,-7.43383,3.61326,0.0119836,-0.0288661,-0.0577765,0.140417,0,0,0
26.1902,1,3.42453,-6.34425,8.48488,0.0389625,-0.0768403,0.0114128,0.18451,0,0,0
26.1902,2,0.514612,-5.32713,1.49674,-0.00377326,-0.0651957,-0.00520424,0.177548,0,0,0
26.1902,3,0.442021,-9.40507,5.52544,0.0165527,-0.0385343,-0.00916546,0.117316,0,0,0
26.1902,4,-1.4889,-4.43236,6.45364,0.000524586,-0.0296204,0.0324535,0.0842802,0,0,0
26.1902,5,4.468,-2.46422,4.48123,0.0174894,-0.0162247,0.00727427,0.052822,0,0,0
26.3237,0,5.46497,-7.43565,3.61041,0.0116823,-0.0281574,-0.0564223,0.132508,0,0,0
26.3237,1,3.42629,-6.34824,8.4854,0.0365676,-0.0732288,0.0111104,0.173728,0,0,0
26.3237,2,0.514272,-5.33108,1.49648,-0.00349681,-0.0634355,-0.00498951,0.177548,0,0,0
26.3237,3,0.442914,-9.4075,5.52498,0.0160906,-0.0377227,-0.00894032,0.117316,0,0,0
26.3237,4,-1.48901,-4.43412,6.45525,0.000357774,-0.0289013,0.0318292,0.0803981,0,0,0
26.3237,5,4.4689,-2.46504,4.4816,0.0167661,-0.015734,0.00711202,0.0502802,0,0,0
26.4587,0,5.46567,-7.43743,3.60763,0.0113907,-0.0274444,-0.0550265,0.132508,0,0,0
26.4587,1,3.42783,-6.35178,8.48601,0.0337307,-0.0687357,0.0108519,0.173728,0,0,0
26.4587,2,0.513935,-5.33497,1.49647,-0.00325956,-0.0618643,-0.00524275,0.169561,0,0,0
26.4587,3,0.443811,-9.40988,5.52501,0.0157367,-0.0368983,-0.00894712,0.111527,0,0,0
26.4587,4,-1.48909,-4.43581,6.45839,0.000260829,-0.027964,0.0302173,0.0803981,0,0,0
26.4587,5,4.46979,-2.46587,4.48199,0.0161959,-0.015387,0.00695955,0.0502802,0,0,0
26.5856,0,5.46577,-7.43777,3.60492,0.0118263,-0.0287015,-0.0536659,0.126696,0,0,0
26.5856,1,3.43031,-6.35671,8.48655,0.0350217,-0.0701521,0.0106141,0.165454,0,0,0
26.5856,2,0.5136,-5.3388,1.49598,-0.00306074,-0.0604769,-0.00466704,0.169561,0,0,0
26.5856,3,0.444699,-9.41219,5.52416,0.0154249,-0.036083,-0.00832727,0.111527,0,0,0
26.5856,4,-1.4892,-4.43748,6.45995,0.000118689,-0.027294,0.0296959,0.0750267,0,0,0
26.5856,5,4.47064,-2.46666,4.48225,0.0153677,-0.0147814,0.00680525,0.0478444,0,0,0
26.7185,0,5.46702,-7.44085,3.60228,0.0108578,-0.0260907,-0.0522779,0.126696,0,0,0
26.7185,1,3.43222,-6.3608,8.48713,0.0340014,-0.0684426,0.0103288,0.165454,0,0,0
26.7185,2,0.513268,-5.34259,1.49574,-0.00289806,-0.0592467,-0.00458131,0.161821,0,0,0
26.7185,3,0.445568,-9.41444,5.52413,0.0151229,-0.0352743,-0.00850048,0.10655,0,0,0
26.7185,4,-1.4893,-4.43911,6.46143,3.30672e-06,-0.0266282,0.0285725,0.0750267,0,0,0
26.7185,5,4.4714,-2.46737,4.48267,0.0145761,-0.0141851,0.00645226,0.0478444,0,0,0
26.8517,0,5.46767,-7.44249,3.60011,0.0105977,-0.0254194,-0.0509662,0.119897,0,0,0
26.8517,1,3.4341,-6.36478,8.48767,0.0330908,-0.0667355,0.0100324,0.155357,0,0,0
26.8517,2,0.512938,-5.34632,1.49551,-0.00276719,-0.0581427,-0.00439598,0.161821,0,0,0
26.8517,3,0.446096,-9.41635,5.52373,0.0136224,-0.0333874,-0.00821754,0.10655,0,0,0
26.8517,4,-1.4894,-4.44071,6.46145,-0.000101273,-0.0259851,0.0291482,0.0715155,0,0,0
26.8517,5,4.47225,-2.46817,4.48301,0.0141422,-0.0139365,0.00634748,0.0455166,0,0,0
26.9742,0,5.46777,-7.44281,3.59734,0.0110079,-0.0265649,-0.0497831,0.119897,0,0,0
26.9742,1,3.43595,-6.36866,8.48819,0.032234,-0.0650628,0.00976102,0.155357,0,0,0
26.9742,2,0.512703,-5.34989,1.49551,-0.00241795,-0.0568746,-0.0046372,0.154293,0,0,0
26.9742,3,0.44725,-9.41879,5.52334,0.0145285,-0.0336807,-0.00816499,0.102303,0,0,0
26.9742,4,-1.48964,-4.4422,6.46289,-0.000691476,-0.0251144,0.0284372,0.0715155,0,0,0
26.9742,5,4.47302,-2.46891,4.48334,0.0136353,-0.0135918,0.00619772,0.0455166,0,0,0
27.1126,0,5.46894,-7.44567,3.59477,0.0101374,-0.0241619,-0.0486726,0.113571,0,0,0
27.1126,1,3.43775,-6.37245,8.48869,0.0314028,-0.0634296,0.00948753,0.146598,0,0,0
27.1126,2,0.512311,-5.35356,1.49508,-0.00257667,-0.0561227,-0.00412416,0.154293,0,0,0
27.1126,3,0.448069,-9.42088,5.5229,0.0142537,-0.0329191,-0.00805403,0.102303,0,0,0
27.1126,4,-1.48961,-4.44378,6.4643,-0.000295563,-0.0247657,0.0281767,0.0673986,0,0,0
27.1126,5,4.47372,-2.46959,4.48332,0.0128194,-0.0129983,0.00634313,0.0435107,0,0,0
27.2396,0,5.46904,-7.44597,3.59235,0.010553,-0.0252921,-0.0462828,0.113571,0,0,0
27.2396,1,3.43951,-6.37615,8.48917,0.0305874,-0.0618352,0.00923205,0.146598,0,0,0
27.2396,2,0.511974,-5.3571,1.49487,-0.00256939,-0.0551762,-0.00402597,0.147035,0,0,0
27.2396,3,0.448876,-9.42294,5.52211,0.0140061,-0.0322035,-0.00762572,0.0973703,0,0,0
27.2396,4,-1.48971,-4.44527,6.46706,-0.000384119,-0.0241912,0.0263423,0.0673986,0,0,0
27.2396,5,4.47364,-2.46947,4.48364,0.0124929,-0.012536,0.00624726,0.0435107,0,0,0
27.3673,0,5.47016,-7.4487,3.59001,0.00972758,-0.0229976,-0.0461462,0.107814,0,0,0
27.3673,1,3.44166,-6.38067,8.48964,0.0301728,-0.0644204,0.00898978,0.138263,0,0,0
27.3673,2,0.511374,-5.36025,1.49469,-0.00357883,-0.0530854,-0.00386771,0.147035,0,0,0
27.3673,3,0.449672,-9.42496,5.52176,0.0137827,-0.0315363,-0.00747293,0.0973703,0,0,0
27.3673,4,-1.48986,-4.4465,6.4684,-0.000669421,-0.0228465,0.0257161,0.062957,0,0,0
27.3673,5,4.47513,-2.47093,4.48394,0.0117584,-0.0121837,0.00623201,0.0414886,0,0,0
27.506,0,5.47076,-7.45016,3.58773,0.00954163,-0.0224504,-0.0451195,0.107814,0,0,0
27.506,1,3.44278,-6.38336,8.4901,0.0272552,-0.0591888,0.00872853,0.138263,0,0,0
27.506,2,0.511289,-5.36336,1.49469,-0.00289448,-0.0512865,-0.00407639,0.140309,0,0,0
27.506,3,0.450457,-9.42694,5.52177,0.0135771,-0.0309129,-0.00745285,0.0929405,0,0,0
27.506,4,-1.48987,-4.4481,6.46967,-0.00034461,-0.0230558,0.0246468,0.062957,0,0,0
27.506,5,4.47598,-2.47177,4.48428,0.0119131,-0.0124449,0.00611304,0.0414886,0,0,0
27.6302,0,5.47134,-7.45159,3.58552,0.00935831,-0.0219072,-0.0437967,0.102367,0,0,0
27.6302,1,3.44445,-6.38673,8.49054,0.0269084,-0.0573784,0.00848712,0.130295,0,0,0
27.6302,2,0.511166,-5.36706,1.49449,-0.00204536,-0.0520024,-0.00391827,0.140309,0,0,0
27.6302,3,0.45123,-9.42888,5.52103,0.013381,-0.0303197,-0.00691678,0.0929405,0,0,0
27.6302,4,-1.49001,-4.44953,6.46968,-0.000552509,-0.0226508,0.0250681,0.0597161,0,0,0
27.6302,5,4.47606,-2.47181,4.48461,0.0122078,-0.012586,0.00595144,0.0400581,0,0,0
27.7625,0,5.47191,-7.45298,3.58337,0.00918716,-0.0213877,-0.0428687,0.102367,0,0,0
27.7625,1,3.44604,-6.39005,8.49093,0.0263913,-0.0557295,0.00828584,0.130295,0,0,0
27.7625,2,0.510812,-5.37031,1.49412,-0.00225765,-0.0511098,-0.00350308,0.133525,0,0,0
27.7625,3,0.451989,-9.43078,5.52067,0.0131864,-0.0297385,-0.00677251,0.0867401,0,0,0
27.7625,4,-1.49013,-4.45091,6.47211,-0.000672925,-0.0221794,0.0231319,0.0597161,0,0,0
27.7625,5,4.47762,-2.47348,4.48492,0.0118257,-0.0128003,0.00580389,0.0400581,0,0,0
27.8888,0,5.47247,-7.45434,3.58126,0.00901357,-0.0208676,-0.0418343,0.0971898,0,0,0
27.8888,1,3.44758,-6.39329,8.49138,0.0258121,-0.0541696,0.00806876,0.122814,0,0,0
27.8888,2,0.510561,-5.37337,1.49395,-0.00215792,-0.0498751,-0.00334552,0.133525,0,0,0
27.8888,3,0.452733,-9.43264,5.52034,0.012989,-0.0291576,-0.00646377,0.0867401,0,0,0
27.8888,4,-1.49037,-4.45218,6.47213,-0.00121126,-0.0214627,0.0239781,0.0561772,0,0,0
27.8888,5,4.47791,-2.47367,4.48521,0.0101654,-0.010956,0.00564564,0.0374192,0,0,0
28.0198,0,5.47256,-7.4546,3.57921,0.00937076,-0.0218245,-0.0406231,0.0971898,0,0,0
28.0198,1,3.44866,-6.39593,8.4918,0.0236459,-0.0508126,0.00787642,0.122814,0,0,0
28.0198,2,0.510253,-5.37642,1.49379,-0.0022348,-0.0487865,-0.00315998,0.12721,0,0,0
28.0198,3,0.453463,-9.43445,5.52002,0.0127904,-0.0285743,-0.0062709,0.084769,0,0,0
28.0198,4,-1.49038,-4.45333,6.47331,-0.000971748,-0.0204583,0.023263,0.0561772,0,0,0
28.0198,5,4.4786,-2.47433,4.48547,0.0100869,-0.0108741,0.00549419,0.0374192,0,0,0
28.162,0,5.47311,-7.45591,3.57721,0.00918507,-0.0212776,-0.039811,0.092889,0,0,0
28.162,1,3.45054,-6.39951,8.4922,0.0248766,-0.0514866,0.00765128,0.11633,0,0,0
28.162,2,0.509886,-5.37892,1.49378,-0.00267307,-0.0460942,-0.00331215,0.12721,0,0,0
28.162,3,0.45418,-9.43622,5.51971,0.0125967,-0.0279974,-0.00612378,0.084769,0,0,0
28.162,4,-1.49042,-4.45477,6.47447,-0.000707206,-0.0206624,0.0230842,0.0528143,0,0,0
28.162,5,4.4791,-2.47479,4.48576,0.00947323,-0.010221,0.00535783,0.0357106,0,0,0
28.2946,0,5.47411,-7.45815,3.57526,0.00860208,-0.0192237,-0.0377486,0.092889,0,0,0
28.2946,1,3.45194,-6.40253,8.49255,0.0241882,-0.0500981,0.00748583,0.11633,0,0,0
28.2946,2,0.509819,-5.38211,1.49363,-0.0018038,-0.0463562,-0.00321115,0.121643,0,0,0
28.2946,3,0.454909,-9.43793,5.5194,0.0123214,-0.0269254,-0.00601641,0.0809664,0,0,0
28.2946,4,-1.49057,-4.45584,6.47673,-0.00100541,-0.0195797,0.0216516,0.0528143,0,0,0
28.2946,5,4.47912,-2.47477,4.48603,0.00952989,-0.0101627,0.00523991,0.0357106,0,0,0
28.431,0,5.47445,-7.45913,3.57359,0.00785316,-0.017959,-0.0379295,0.0879713,0,0,0
28.431,1,3.45331,-6.40547,8.49295,0.0235502,-0.0487441,0.00724914,0.108932,0,0,0
28.431,2,0.509571,-5.38491,1.49347,-0.00182431,-0.0452635,-0.00316356,0.121643,0,0,0
28.431,3,0.455596,-9.43965,5.51939,0.0121295,-0.0264976,-0.00619789,0.0809664,0,0,0
28.431,4,-1.49061,-4.45721,6.47783,-0.000753044,-0.0197748,0.0211383,0.049098,0,0,0
28.431,5,4.47981,-2.47545,4.48626,0.00968255,-0.0103503,0.00513186,0.0346317,0,0,0
28.5616,0,5.4746,-7.45939,3.57152,0.00841357,-0.0188724,-0.0370525,0.0879713,0,0,0
28.5616,1,3.4547,-6.40828,8.49327,0.0231258,-0.0472504,0.00710791,0.108932,0,0,0
28.5616,2,0.509261,-5.38722,1.49332,-0.00214569,-0.0427012,-0.00310959,0.115676,0,0,0
28.5616,3,0.456286,-9.44131,5.51908,0.0119845,-0.0260426,-0.00613135,0.0773988,0,0,0
28.5616,4,-1.49078,-4.45824,6.47859,-0.00107401,-0.0187734,0.0203082,0.049098,0,0,0
28.5616,5,4.48037,-2.476,4.48653,0.00924024,-0.00993222,0.00501632,0.0346317,0,0,0
28.711,0,5.47528,-7.46131,3.56979,0.00708575,-0.0166659,-0.036076,0.0835363,0,0,0
28.711,1,3.45567,-6.4106,8.49362,0.0212213,-0.0442628,0.00691987,0.102518,0,0,0
28.711,2,0.508891,-5.38956,1.49317,-0.00264663,-0.040719,-0.0030305,0.115676,0,0,0
28.711,3,0.456789,-9.44266,5.5185,0.0111592,-0.0245643,-0.00589621,0.0773988,0,0,0
28.711,4,-1.49083,-4.45956,6.4798,-0.000865812,-0.0189786,0.0196113,0.0461211,0,0,0
28.711,5,4.48092,-2.47654,4.48678,0.00898148,-0.00968646,0.00491519,0.0330006,0,0,0
28.8373,0,5.47622,-7.46281,3.5678,0.00853584,-0.0175706,-0.0344179,0.0835363,0,0,0
28.8373,1,3.45658,-6.41291,8.49402,0.0194315,-0.0418018,0.00673647,0.102518,0,0,0
28.8373,2,0.508975,-5.39283,1.49289,-0.00123791,-0.0424848,-0.00268291,0.111012,0,0,0
28.8373,3,0.457644,-9.44453,5.51851,0.011849,-0.0252348,-0.00604026,0.0741437,0,0,0
28.8373,4,-1.49106,-4.46067,6.47989,-0.00138664,-0.0184329,0.0201388,0.0461211,0,0,0
28.8373,5,4.48147,-2.47707,4.48703,0.00876753,-0.00947852,0.00480926,0.0330006,0,0,0
28.9735,0,5.47575,-7.46257,3.56625,0.00683783,-0.0166338,-0.0343115,0.0798643,0,0,0
28.9735,1,3.4583,-6.41589,8.49428,0.0209805,-0.0423309,0.00664354,0.0974996,0,0,0
28.9735,2,0.508693,-5.39546,1.49289,-0.00146573,-0.0417004,-0.00283745,0.111012,0,0,0
28.9735,3,0.458272,-9.44611,5.51793,0.0115896,-0.0248335,-0.00562161,0.0741437,0,0,0
28.9735,4,-1.49112,-4.46173,6.48083,-0.00129389,-0.0178556,0.0195519,0.0437106,0,0,0
28.9735,5,4.48201,-2.47761,4.48724,0.00856961,-0.0093145,0.00470559,0.031425,0,0,0
29.0975,0,5.47665,-7.46421,3.56426,0.00845958,-0.0184166,-0.0325324,0.0798643,0,0,0
29.0975,1,3.45908,-6.41816,8.49463,0.0188861,-0.0402087,0.00642592,0.0974996,0,0,0
29.0975,2,0.508185,-5.39736,1.49263,-0.00266556,-0.0385496,-0.00246915,0.105141,0,0,0
29.0975,3,0.458899,-9.44764,5.51793,0.011373,-0.0243699,-0.0057826,0.068934,0,0,0
29.0975,4,-1.4912,-4.46255,6.48178,-0.00128392,-0.0165929,0.0192628,0.0437106,0,0,0
29.0975,5,4.48256,-2.47813,4.48747,0.00842966,-0.00913073,0.00461028,0.031425,0,0,0
29.2494,0,5.47747,-7.46617,3.5628,0.00772761,-0.0167982,-0.0325707,0.0748046,0,0,0
29.2494,1,3.46064,-6.42108,8.49495,0.0200295,-0.040936,0.00625894,0.0916539,0,0,0
29.2494,2,0.508278,-5.40043,1.4925,-0.00127076,-0.0401669,-0.00237285,0.105141,0,0,0
29.2494,3,0.459517,-9.44913,5.51735,0.011168,-0.0238674,-0.0053256,0.068934,0,0,0
29.2494,4,-1.49118,-4.46386,6.48373,-0.000770891,-0.017262,0.0179539,0.0405998,0,0,0
29.2494,5,4.48309,-2.47864,4.4877,0.00818116,-0.00886813,0.00452801,0.0298914,0,0,0
29.4047,0,5.47754,-7.46632,3.56141,0.00796512,-0.0173491,-0.031866,0.0748046,0,0,0
29.4047,1,3.46202,-6.42405,8.4953,0.0204512,-0.0417779,0.00608978,0.0916539,0,0,0
29.4047,2,0.508016,-5.40288,1.4925,-0.00147163,-0.039391,-0.00242889,0.100198,0,0,0
29.4047,3,0.460123,-9.45057,5.51708,0.0109631,-0.0233395,-0.00522496,0.0672895,0,0,0
29.4047,4,-1.49133,-4.46494,6.48466,-0.0010084,-0.0170101,0.0174427,0.0405998,0,0,0
29.4047,5,4.48371,-2.47925,4.48794,0.00833094,-0.0090038,0.00439948,0.0298914,0,0,0
29.5426,0,5.47818,-7.46799,3.55973,0.0068005,-0.0151828,-0.0310378,0.0711989,0,0,0
29.5426,1,3.46311,-6.4265,8.49564,0.0197063,-0.0406718,0.00589294,0.085043,0,0,0
29.5426,2,0.507718,-5.40533,1.49228,-0.00176999,-0.0387457,-0.00210351,0.0953002,0,0,0
29.5426,3,0.460716,-9.45197,5.51708,0.0107571,-0.022797,-0.00520736,0.0672895,0,0,0
29.5426,4,-1.49144,-4.46596,6.48551,-0.00109084,-0.0166207,0.0165269,0.0379747,0,0,0
29.5426,5,4.48411,-2.47964,4.48815,0.00779579,-0.00843131,0.004276,0.0284148,0,0,0
29.6933,0,5.47875,-7.46915,3.55814,0.00719724,-0.0154347,-0.0303097,0.0711989,0,0,0
29.6933,1,3.46419,-6.42886,8.49594,0.0190808,-0.0395328,0.00571082,0.085043,0,0,0
29.6933,2,0.507532,-5.4076,1.49228,-0.00167783,-0.0377173,-0.00225576,0.0953002,0,0,0
29.6933,3,0.461297,-9.45334,5.51658,0.0105514,-0.0222479,-0.00482462,0.0643534,0,0,0
29.6933,4,-1.49153,-4.46693,6.48633,-0.00111263,-0.0161688,0.0158289,0.0379747,0,0,0
29.6933,5,4.48461,-2.48012,4.48837,0.00758982,-0.00819223,0.00416811,0.0284148,0,0,0
29.8295,0,5.47918,-7.47007,3.55663,0.00705503,-0.0148986,-0.0287822,0.0673544,0,0,0
29.8295,1,3.46525,-6.43115,8.49623,0.0185004,-0.0383928,0.00553283,0.0797489,0,0,0
29.8295,2,0.507324,-5.40984,1.49208,-0.00167579,-0.0367688,-0.00195737,0.0953002,0,0,0
29.8295,3,0.461866,-9.45467,5.51633,0.010347,-0.0216973,-0.00476285,0.0643534,0,0,0
29.8295,4,-1.49164,-4.46771,6.48634,-0.00120866,-0.0151708,0.0161236,0.0360428,0,0,0
29.8295,5,4.48519,-2.48068,4.48859,0.00782524,-0.00839447,0.00407581,0.0268922,0,0,0
29.9769,0,5.47941,-7.47082,3.55513,0.00633476,-0.013935,-0.0288268,0.0673544,0,0,0
29.9769,1,3.46628,-6.43337,8.49648,0.0179376,-0.0372595,0.00539479,0.0797489,0,0,0
29.9769,2,0.507126,-5.41201,1.49198,-0.00165825,-0.0357987,-0.00204951,0.0908045,0,0,0
29.9769,3,0.462973,-9.45722,5.51589,0.00996161,-0.0206334,-0.00455688,0.0614508,0,0,0
29.9769,4,-1.49169,-4.46875,6.4872,-0.00102174,-0.0152451,0.0157188,0.0360428,0,0,0
29.9769,5,4.48565,-2.48112,4.48879,0.00764277,-0.0081678,0.0039878,0.0268922,0,0,0
30.1066,0,5.47994,-7.47181,3.55367,0.00667012,-0.013878,-0.0272537,0.0638521,0,0,0
30.1066,1,3.46705,-6.43513,8.49673,0.0162918,-0.0342637,0.0052378,0.0747575,0,0,0
30.1066,2,0.506909,-5.41414,1.49188,-0.00172218,-0.0349276,-0.00182231,0.0865162,0,0,0
30.1066,3,0.462973,-9.45722,5.51589,0.00996161,-0.0206334,-0.00455688,0.0574712,0,0,0
30.1066,4,-1.49179,-4.4695,6.48876,-0.00112635,-0.0143077,0.0148168,0.0335322,0,0,0
30.1066,5,4.48602,-2.48147,4.48897,0.00712971,-0.0076204,0.00390403,0.0257001,0,0,0
30.2397,0,5.48017,-7.47257,3.55212,0.00603063,-0.0131371,-0.0266428,0.0638521,0,0,0
30.2397,1,3.46853,-6.43796,8.49698,0.0176456,-0.0356701,0.00509815,0.0747575,0,0,0
30.2397,2,0.506545,-5.41601,1.49179,-0.00239558,-0.0333195,-0.00184812,0.0865162,0,0,0
30.2397,3,0.463515,-9.45846,5.5157,0.00979187,-0.0201454,-0.00452096,0.0574712,0,0,0
30.2397,4,-1.49196,-4.47076,6.49019,-0.00123627,-0.0120832,0.0140835,0.0335322,0,0,0
30.2397,5,4.48656,-2.48198,4.48939,0.00735669,-0.0077589,0.00362676,0.0257001,0,0,0
30.3794,0,5.48034,-7.47288,3.55059,0.00667208,-0.0142768,-0.0259117,0.0606755,0,0,0
30.3794,1,3.46923,-6.43964,8.49724,0.0160882,-0.0332062,0.00500908,0.0696345,0,0,0
30.3794,2,0.506608,-5.41815,1.49172,-0.00138087,-0.0322835,-0.00179362,0.0825369,0,0,0
30.3794,3,0.464579,-9.46088,5.51517,0.00941451,-0.0192835,-0.00446194,0.0561745,0,0,0
30.3794,4,-1.49226,-4.47158,6.49014,-0.00192199,-0.0118652,0.014485,0.0318711,0,0,0
30.3794,5,4.48744,-2.48286,4.48958,0.00703038,-0.00753127,0.00353575,0.0236666,0,0,0
30.5477,0,5.4807,-7.47372,3.54924,0.00645265,-0.0138436,-0.0252038,0.0606755,0,0,0
30.5477,1,3.46988,-6.44132,8.49749,0.0146422,-0.0311761,0.00489301,0.0696345,0,0,0
30.5477,2,0.506223,-5.41925,1.49163,-0.00245185,-0.0282355,-0.00171342,0.0825369,0,0,0
30.5477,3,0.465096,-9.46205,5.515,0.009277,-0.018889,-0.00450449,0.0561745,0,0,0
30.5477,4,-1.49203,-4.47294,6.49084,-0.000798129,-0.0135045,0.0141112,0.0318711,0,0,0
30.5477,5,4.48776,-2.48315,4.48974,0.00651133,-0.00693608,0.00334537,0.0236666,0,0,0
30.6752,0,5.48105,-7.47453,3.54797,0.0062631,-0.0134238,-0.0244889,0.0575217,0,0,0
30.6752,1,3.47191,-6.44547,8.49803,0.014751,-0.0306396,0.00462445,0.0660071,0,0,0
30.6752,2,0.506281,-5.42201,1.49154,-0.00128998,-0.0309751,-0.0016574,0.0786965,0,0,0
30.6752,3,0.465476,-9.463,5.51482,0.00864189,-0.0177783,-0.00445617,0.0536992,0,0,0
30.6752,4,-1.49221,-4.47374,6.49154,-0.00118407,-0.0131242,0.0139701,0.0296552,0,0,0
30.6752,5,4.48816,-2.48353,4.4899,0.00636509,-0.00673836,0.00320941,0.0226569,0,0,0
30.7963,0,5.4814,-7.47533,3.54682,0.00609535,-0.0130301,-0.0238153,0.0575217,0,0,0
30.7963,1,3.47191,-6.44547,8.49803,0.014751,-0.0306396,0.00462445,0.0660071,0,0,0
30.7963,2,0.506015,-5.424,1.49146,-0.00164625,-0.0306638,-0.00160215,0.0786965,0,0,0
30.7963,3,0.465843,-9.46397,5.51458,0.00798216,-0.016757,-0.00428575,0.0536992,0,0,0
30.7963,4,-1.49221,-4.47374,6.49154,-0.00118407,-0.0131242,0.0139701,0.0296552,0,0,0
30.7963,5,4.48824,-2.48357,4.48989,0.00662881,-0.00687626,0.00329343,0.0226569,0,0,0
30.937,0,5.48173,-7.47611,3.54551,0.00593725,-0.0126874,-0.023206,0.0545477,0,0,0
30.937,1,3.4728,-6.44728,8.49827,0.0144949,-0.0297181,0.00448278,0.0613754,0,0,0
30.937,2,0.505876,-5.42584,1.49137,-0.00152716,-0.029959,-0.00145186,0.0748938,0,0,0
30.937,3,0.466346,-9.46507,5.51437,0.00786392,-0.0162991,-0.00423186,0.0517408,0,0,0
30.937,4,-1.49226,-4.47533,6.49288,-0.000792561,-0.0126759,0.0134178,0.0277875,0,0,0
30.937,5,4.48885,-2.48417,4.49021,0.00575667,-0.00603454,0.00308938,0.0217005,0,0,0
31.0734,0,5.48236,-7.47748,3.5444,0.00550327,-0.0114884,-0.0227154,0.0545477,0,0,0
31.0734,1,3.47383,-6.44941,8.49854,0.0148739,-0.0301646,0.00429326,0.0613754,0,0,0
31.0734,2,0.505623,-5.4281,1.49131,-0.00170069,-0.0304954,-0.00153136,0.0748938,0,0,0
31.0734,3,0.467108,-9.46647,5.51412,0.00886717,-0.0172853,-0.00426412,0.0517408,0,0,0
31.0734,4,-1.49226,-4.47533,6.49288,-0.000792561,-0.0126759,0.0134178,0.0277875,0,0,0
31.0734,5,4.48931,-2.4846,4.49038,0.00591874,-0.0061609,0.00310401,0.0217005,0,0,0
31.209,0,5.48269,-7.47821,3.54335,0.00539926,-0.0112031,-0.0221263,0.0528189,0,0,0
31.209,1,3.47429,-6.4505,8.49876,0.0129944,-0.0268331,0.00404011,0.0569762,0,0,0
31.209,2,0.505484,-5.42987,1.49125,-0.00159225,-0.0297203,-0.00147708,0.0708858,0,0,0
31.209,3,0.467445,-9.46753,5.51387,0.00805307,-0.0165302,-0.00408819,0.0490438,0,0,0
31.209,4,-1.49239,-4.47671,6.49421,-0.000787869,-0.0116865,0.0127251,0.0259198,0,0,0
31.209,5,4.48969,-2.48495,4.49038,0.00573378,-0.00594185,0.0032004,0.0206266,0,0,0
31.3371,0,5.48301,-7.47894,3.54206,0.00529875,-0.0109381,-0.0216909,0.0528189,0,0,0
31.3371,1,3.47525,-6.45257,8.49895,0.0134457,-0.0275902,0.00396364,0.0569762,0,0,0
31.3371,2,0.505393,-5.43156,1.49117,-0.00135551,-0.0288351,-0.00142614,0.0708858,0,0,0
31.3371,3,0.467445,-9.46753,5.51387,0.00805307,-0.0165302,-0.00408819,0.0490438,0,0,0
31.3371,4,-1.49238,-4.47733,6.49493,-0.000487465,-0.0112421,0.0123591,0.0259198,0,0,0
31.3371,5,4.48995,-2.4852,4.49066,0.00522052,-0.0054371,0.00300367,0.0206266,0,0,0
31.4627,0,5.48333,-7.47964,3.54114,0.0051943,-0.0106738,-0.0212381,0.0488341,0,0,0
31.4627,1,3.47623,-6.45452,8.49915,0.0138789,-0.0279148,0.00382901,0.0535097,0,0,0
31.4627,2,0.505099,-5.43279,1.49111,-0.00196476,-0.0264838,-0.00136016,0.067982,0,0,0
31.4627,3,0.468591,-9.46979,5.5135,0.00854602,-0.0165959,-0.00391194,0.0468677,0,0,0
31.4627,4,-1.49264,-4.47814,6.49553,-0.00115919,-0.0112078,0.0118555,0.0244498,0,0,0
31.4627,5,4.48982,-2.48503,4.49062,0.00473117,-0.0048114,0.00312802,0.0203914,0,0,0
31.5994,0,5.48371,-7.4804,3.54006,0.00539716,-0.010691,-0.02134,0.0488341,0,0,0
31.5994,1,3.47678,-6.45587,8.49935,0.0124521,-0.0257295,0.00365921,0.0535097,0,0,0
31.5994,2,0.505018,-5.435,1.49104,-0.00147818,-0.0279555,-0.00128077,0.067982,0,0,0
31.5994,3,0.469025,-9.47077,5.51331,0.00833386,-0.0162171,-0.00380312,0.0468677,0,0,0
31.5994,4,-1.49256,-4.47897,6.49613,-0.000661597,-0.0113065,0.0113854,0.0244498,0,0,0
31.5994,5,4.49056,-2.48576,4.49093,0.00490741,-0.00503404,0.00288545,0.0203914,0,0,0
31.7237,0,5.48392,-7.48097,3.53885,0.00494941,-0.0100956,-0.0202897,0.0461481,0,0,0
31.7237,1,3.47788,-6.45798,8.49953,0.0135842,-0.0270172,0.00353388,0.0498684,0,0,0
31.7237,2,0.504892,-5.43658,1.49099,-0.00142405,-0.0271371,-0.00122355,0.0642394,0,0,0
31.7237,3,0.469391,-9.47166,5.51309,0.0078085,-0.0154053,-0.00362374,0.0446188,0,0,0
31.7237,4,-1.49274,-4.47957,6.49663,-0.00107974,-0.0107633,0.0110229,0.0226394,0,0,0
31.7237,5,4.49083,-2.48599,4.4911,0.00462631,-0.00469402,0.00282913,0.0189605,0,0,0
31.8493,0,5.48428,-7.48167,3.53778,0.00510692,-0.0100617,-0.0198039,0.0461481,0,0,0
31.8493,1,3.47837,-6.45926,8.49973,0.0122066,-0.025153,0.00343453,0.0498684,0,0,0
31.8493,2,0.50466,-5.43823,1.49092,-0.00172413,-0.026676,-0.00115402,0.0642394,0,0,0
31.8493,3,0.469391,-9.47166,5.51309,0.0078085,-0.0154053,-0.00362374,0.0446188,0,0,0
31.8493,4,-1.49273,-4.48026,6.49717,-0.000804567,-0.0106637,0.010641,0.0226394,0,0,0
31.8493,5,4.49132,-2.48646,4.49113,0.00513015,-0.00516191,0.00284106,0.0189605,0,0,0
31.9805,0,5.48455,-7.48228,3.53681,0.00496391,-0.00975195,-0.0197633,0.0436765,0,0,0
31.9805,1,3.47905,-6.46071,8.4999,0.0116509,-0.0239849,0.00336026,0.0461303,0,0,0
31.9805,2,0.504491,-5.43978,1.49086,-0.00178765,-0.0259896,-0.00108488,0.0610778,0,0,0
31.9805,3,0.469865,-9.47262,5.51293,0.00774582,-0.0149957,-0.00359674,0.0427205,0,0,0
31.9805,4,-1.49282,-4.48078,6.49776,-0.00094602,-0.0100058,0.0103682,0.0212234,0,0,0
31.9805,5,4.49139,-2.4865,4.49129,0.00537913,-0.00531595,0.0027445,0.0182297,0,0,0
32.1298,0,5.48482,-7.48287,3.536,0.00482569,-0.00945281,-0.0192366,0.0436765,0,0,0
32.1298,1,3.47972,-6.46211,8.50005,0.0113075,-0.0231541,0.00330369,0.0461303,0,0,0
32.1298,2,0.504351,-5.44125,1.49081,-0.00176385,-0.0252373,-0.00102809,0.0610778,0,0,0
32.1298,3,0.470583,-9.47425,5.51256,0.00708643,-0.0138266,-0.0033684,0.0427205,0,0,0
32.1298,4,-1.4928,-4.48139,6.49832,-0.000648499,-0.00976258,0.010093,0.0212234,0,0,0
32.1298,5,4.49184,-2.48692,4.49145,0.00566292,-0.00557934,0.00268766,0.0182297,0,0,0
32.2606,0,5.48508,-7.48345,3.53505,0.00469331,-0.00916782,-0.0187929,0.0426567,0,0,0
32.2606,1,3.48042,-6.46343,8.50025,0.0111142,-0.0222061,0.00308018,0.0429724,0,0,0
32.2606,2,0.504225,-5.44269,1.49076,-0.00166786,-0.0244502,-0.000891082,0.0582069,0,0,0
32.2606,3,0.470583,-9.47425,5.51256,0.00708643,-0.0138266,-0.0033684,0.041062,0,0,0
32.2606,4,-1.49286,-4.48191,6.49877,-0.000680023,-0.00917525,0.00979737,0.020029,0,0,0
32.2606,5,4.49215,-2.48721,4.49171,0.00547804,-0.00538193,0.00251172,0.0176315,0,0,0
32.4191,0,5.48526,-7.48394,3.53398,0.00429079,-0.00863208,-0.0178389,0.0426567,0,0,0
32.4191,1,3.48067,-6.46435,8.50036,0.0093621,-0.0199829,0.00319117,0.0429724,0,0,0
32.4191,2,0.50404,-5.44415,1.49071,-0.00178328,-0.0239209,-0.00092564,0.0582069,0,0,0
32.4191,3,0.470971,-9.47507,5.51239,0.006916,-0.0133839,-0.0033066,0.041062,0,0,0
32.4191,4,-1.493,-4.48231,6.49927,-0.00098125,-0.00830082,0.00944051,0.020029,0,0,0
32.4191,5,4.49239,-2.48743,4.49182,0.00508093,-0.00498654,0.00245166,0.0176315,0,0,0
32.5545,0,5.4855,-7.48449,3.53321,0.00417161,-0.0083768,-0.0174355,0.0403739,0,0,0
32.5545,1,3.48148,-6.46585,8.50055,0.00993425,-0.0203242,0.00309467,0.0405537,0,0,0
32.5545,2,0.503987,-5.44546,1.49066,-0.00146358,-0.0230059,-0.000888421,0.0554814,0,0,0
32.5545,3,0.471342,-9.4759,5.51221,0.00665899,-0.0129602,-0.00323011,0.0393809,0,0,0
32.5545,4,-1.49301,-4.48304,6.49977,-0.000792288,-0.00872428,0.00920501,0.0190425,0,0,0
32.5545,5,4.49263,-2.48765,4.49192,0.00468341,-0.00458454,0.00233952,0.0168157,0,0,0
32.7775,0,5.48582,-7.4851,3.53233,0.00433579,-0.00841047,-0.0175457,0.0403739,0,0,0
32.7775,1,3.48223,-6.46734,8.5007,0.0102941,-0.0205948,0.00302666,0.0405537,0,0,0
32.7775,2,0.503679,-5.4465,1.49062,-0.00214575,-0.0213167,-0.000833681,0.0554814,0,0,0
32.7775,3,0.471703,-9.47654,5.51211,0.00636916,-0.0119862,-0.00327383,0.0393809,0,0,0
32.7775,4,-1.49301,-4.48364,6.50015,-0.000619354,-0.00868817,0.00901072,0.0190425,0,0,0
32.7775,5,4.49297,-2.48798,4.49206,0.00481537,-0.00470829,0.00225288,0.0168157,0,0,0
32.9935,0,5.48601,-7.48553,3.53179,0.00404104,-0.00782895,-0.016672,0.037627,0,0,0
32.9935,1,3.48223,-6.46734,8.5007,0.0102941,-0.0205948,0.00302666,0.0371863,0,0,0
32.9935,2,0.503679,-5.4465,1.49062,-0.00214575,-0.0213167,-0.000833681,0.0544351,0,0,0
32.9935,3,0.471647,-9.4766,5.51207,0.00617137,-0.0121748,-0.00326182,0.0393809,0,0,0
32.9935,4,-1.49301,-4.48364,6.50015,-0.000619354,-0.00868817,0.00901072,0.017794,0,0,0
32.9935,5,4.49354,-2.48853,4.49217,0.00461216,-0.00456068,0.00220143,0.0160263,0,0,0
33.1405,0,5.48606,-7.48587,3.53072,0.00334589,-0.00704572,-0.0162689,0.037627,0,0,0
33.1405,1,3.48305,-6.46908,8.50088,0.00817494,-0.0166013,0.00272385,0.0371863,0,0,0
33.1405,2,0.503758,-5.44788,1.49058,-0.00129011,-0.0211605,-0.000794734,0.0544351,0,0,0
33.1405,3,0.472402,-9.47802,5.5119,0.0057768,-0.0107431,-0.00323316,0.0386945,0,0,0
33.1405,4,-1.493,-4.4836,6.50054,-0.000600513,-0.00854747,0.00876543,0.017794,0,0,0
33.1405,5,4.49347,-2.48845,4.49226,0.00434717,-0.0042648,0.00214475,0.0160263,0,0,0
33.3389,0,5.48646,-7.48657,3.52972,0.00387265,-0.00759988,-0.0159508,0.036578,0,0,0
33.3389,1,3.48305,-6.46908,8.50088,0.00817494,-0.0166013,0.00272385,0.0352712,0,0,0
33.3389,2,0.50353,-5.44968,1.49056,-0.00135231,-0.0178646,-0.000771896,0.0513152,0,0,0
33.3389,3,0.472616,-9.4785,5.51155,0.00686868,-0.0125544,-0.00314177,0.0366796,0,0,0
33.3389,4,-1.49307,-4.48423,6.50135,-0.000537301,-0.00689836,0.00842922,0.017306,0,0,0
33.3389,5,4.49388,-2.48886,4.49237,0.0037641,-0.00376472,0.00211167,0.0153551,0,0,0
33.5024,0,5.48669,-7.48706,3.52893,0.00379673,-0.00738963,-0.0156086,0.036578,0,0,0
33.5024,1,3.48312,-6.46937,8.50093,0.00519013,-0.0111131,0.00291682,0.0352712,0,0,0
33.5024,2,0.50312,-5.44995,1.49051,-0.00246594,-0.0145778,-0.000710807,0.0513152,0,0,0
33.5024,3,0.473264,-9.47977,5.51136,0.00629264,-0.0112812,-0.0031237,0.0366796,0,0,0
33.5024,4,-1.4929,-4.48541,6.50193,4.46096e-05,-0.00777984,0.00818205,0.017306,0,0,0
33.5024,5,4.4939,-2.48887,4.49237,0.00298506,-0.00299654,0.00209395,0.0153551,0,0,0
33.6947,0,5.48669,-7.48706,3.52909,0.00380227,-0.00737079,-0.0159851,0.0345097,0,0,0
33.6947,1,3.48364,-6.47061,8.50119,0.00393565,-0.00868897,0.00269096,0.0336575,0,0,0
33.6947,2,0.503462,-5.45213,1.49047,-0.000494596,-0.0185536,-0.000640863,0.0489285,0,0,0
33.6947,3,0.473338,-9.47984,5.51123,0.00657107,-0.0115457,-0.00305192,0.0366796,0,0,0
33.6947,4,-1.4929,-4.48541,6.50193,4.46096e-05,-0.00777984,0.00818205,0.0163389,0,0,0
33.6947,5,4.4939,-2.48886,4.49235,0.0029938,-0.00297421,0.00217191,0.0148108,0,0,0
33.8884,0,5.48669,-7.48706,3.52909,0.00380227,-0.00737079,-0.0159851,0.0345097,0,0,0
33.8884,1,3.48364,-6.47061,8.50119,0.00393565,-0.00868897,0.00269096,0.0336575,0,0,0
33.8884,2,0.503258,-5.45367,1.49044,-0.000781215,-0.0179798,-0.000597663,0.0489285,0,0,0
33.8884,3,0.473314,-9.48007,5.51132,0.0050181,-0.00956977,-0.0031254,0.0352601,0,0,0
33.8884,4,-1.49306,-4.48546,6.50248,-0.000530806,-0.00794582,0.00760063,0.0163389,0,0,0
33.8884,5,4.49408,-2.48904,4.49248,0.00260758,-0.00263706,0.00217049,0.0148108,0,0,0
34.1152,0,5.48669,-7.48706,3.52909,0.00380227,-0.00737079,-0.0159851,0.0345097,0,0,0
34.1152,1,3.4848,-6.47211,8.50132,0.00639486,-0.0106556,0.00261053,0.0336575,0,0,0
34.1152,2,0.503015,-5.45483,1.49041,-0.00123355,-0.0172758,-0.000579151,0.0462761,0,0,0
34.1152,3,0.473314,-9.48007,5.51132,0.0050181,-0.00956977,-0.0031254,0.0352601,0,0,0
34.1152,4,-1.49306,-4.48546,6.50248,-0.000530806,-0.00794582,0.00760063,0.0163006,0,0,0
34.1152,5,4.49408,-2.48904,4.49248,0.00260758,-0.00263706,0.00217049,0.0145545,0,0,0
34.4624,0,5.4867,-7.48719,3.52785,0.00280338,-0.00571087,-0.0148768,0.0345097,0,0,0
34.4624,1,3.4848,-6.47211,8.50132,0.00639486,-0.0106556,0.00261053,0.0336575,0,0,0
34.4624,2,0.502948,-5.45578,1.49038,-0.00109286,-0.0159262,-0.000542931,0.0462761,0,0,0
34.4624,3,0.474344,-9.4818,5.51096,0.00485351,-0.00808505,-0.00288053,0.0351745,0,0,0
34.4624,4,-1.49334,-4.4861,6.50303,-0.00100581,-0.00422832,0.00778447,0.0163006,0,0,0
34.4624,5,4.49437,-2.4893,4.49255,0.00172564,-0.00152855,0.00212435,0.0145545,0,0,0
34.5987,0,5.4867,-7.48719,3.52785,0.00280338,-0.00571087,-0.0148768,0.0334165,0,0,0
34.5987,1,3.4848,-6.47211,8.50132,0.00639486,-0.0106556,0.00261053,0.0317917,0,0,0
34.5987,2,0.502896,-5.45655,1.49036,-0.000970501,-0.0147529,-0.000460125,0.044599,0,0,0
34.5987,3,0.474114,-9.48152,5.51118,0.00398962,-0.00706329,-0.00305918,0.0351745,0,0,0
34.5987,4,-1.49332,-4.48624,6.50266,-0.000843913,-0.00350981,0.0070929,0.0157033,0,0,0
34.5987,5,4.49437,-2.4893,4.49263,0.00173287,-0.0015215,0.00216006,0.0142049,0,0,0
34.7611,0,5.48688,-7.48766,3.52621,0.000859234,-0.00174263,-0.015319,0.0334165,0,0,0
34.7611,1,3.48435,-6.47199,8.50123,0.00478185,-0.010156,0.00273216,0.0317917,0,0,0
34.7611,2,0.502666,-5.45579,1.49033,-0.00151556,-0.00957895,-0.000455774,0.044599,0,0,0
34.7611,3,0.474512,-9.48244,5.51111,0.00349546,-0.00636247,-0.00299713,0.0337126,0,0,0
34.7611,4,-1.49318,-4.48692,6.50316,-5.90201e-05,-0.00470114,0.0066269,0.0157033,0,0,0
34.7611,5,4.49522,-2.49012,4.49298,0.00340267,-0.00322167,0.00215622,0.0142049,0,0,0
34.943,0,5.48732,-7.4883,3.52489,0.00168131,-0.00248484,-0.0152931,0.0302858,0,0,0
34.943,1,3.48527,-6.47385,8.50153,0.00165435,-0.0035649,0.0026396,0.0321056,0,0,0
34.943,2,0.502361,-5.45863,1.49031,-0.00179848,-0.016783,-0.000388845,0.0425547,0,0,0
34.943,3,0.474817,-9.48319,5.51083,0.00468478,-0.00912085,-0.00303437,0.0321544,0,0,0
34.943,4,-1.49356,-4.48804,6.50423,-0.00114639,-0.00724609,0.00666378,0.0150829,0,0,0
34.943,5,4.49568,-2.49056,4.49318,0.00412663,-0.00397069,0.00216233,0.0130269,0,0,0
35.1535,0,5.48722,-7.48868,3.52382,0.000956568,-0.00270122,-0.0145401,0.0302858,0,0,0
35.1535,1,3.48552,-6.47483,8.50156,0.00140052,-0.00444979,0.00245638,0.0321056,0,0,0
35.1535,2,0.502992,-5.46133,1.49029,0.00114894,-0.0226934,-0.000335585,0.0425547,0,0,0
35.1535,3,0.475748,-9.4846,5.51044,0.00706262,-0.012064,-0.00312345,0.0321544,0,0,0
35.1535,4,-1.49348,-4.48887,6.50473,-0.000573757,-0.00855898,0.00649412,0.0150829,0,0,0
35.1535,5,4.4957,-2.49058,4.49336,0.00419967,-0.00404226,0.00205385,0.0130269,0,0,0
35.2941,0,5.48789,-7.49015,3.52298,0.0028107,-0.00651719,-0.0135351,0.0277811,0,0,0
35.2941,1,3.48662,-6.477,8.50177,0.00478626,-0.0104586,0.0022989,0.0290748,0,0,0
35.2941,2,0.502466,-5.46261,1.49028,-0.000693594,-0.0224282,-0.000312155,0.0387087,0,0,0
35.2941,3,0.476367,-9.48586,5.51012,0.00651723,-0.0113301,-0.00310244,0.0321544,0,0,0
35.2941,4,-1.49364,-4.48937,6.5051,-0.000985044,-0.00844521,0.00609823,0.0137379,0,0,0
35.2941,5,4.4957,-2.49058,4.49336,0.00419967,-0.00404226,0.00205385,0.0122985,0,0,0
35.523,0,5.48902,-7.49173,3.52175,0.0058462,-0.0101206,-0.0121303,0.0277811,0,0,0
35.523,1,3.488,-6.47912,8.50194,0.00862455,-0.0154326,0.0022372,0.0290748,0,0,0
35.523,2,0.502127,-5.4637,1.49025,-0.00151625,-0.018988,-0.000202976,0.0387087,0,0,0
35.523,3,0.476456,-9.48601,5.50995,0.00685312,-0.0118616,-0.00294582,0.0293389,0,0,0
35.523,4,-1.49364,-4.48937,6.5051,-0.000985044,-0.00844521,0.00609823,0.0137379,0,0,0
35.523,5,4.49655,-2.49143,4.49351,0.0053046,-0.00520878,0.0019129,0.0122985,0,0,0
35.7511,0,5.48897,-7.49206,3.52111,0.0046259,-0.00919325,-0.0115661,0.0251074,0,0,0
35.7511,1,3.48809,-6.48026,8.50206,0.00710127,-0.0159107,0.00222609,0.0241637,0,0,0
35.7511,2,0.502127,-5.4637,1.49025,-0.00151625,-0.018988,-0.000202976,0.0376479,0,0,0
35.7511,3,0.476576,-9.48645,5.50979,0.00582236,-0.0106988,-0.00274304,0.0287785,0,0,0
35.7511,4,-1.49374,-4.48993,6.50581,-0.0011015,-0.0083949,0.00520021,0.0133954,0,0,0
35.7511,5,4.49654,-2.49142,4.49353,0.00527317,-0.0051909,0.0018552,0.0112857,0,0,0
36.0048,0,5.48904,-7.49212,3.52118,0.00488717,-0.00943882,-0.0116468,0.0251074,0,0,0
36.0048,1,3.48951,-6.48244,8.50232,0.0107027,-0.0202851,0.00203224,0.0241637,0,0,0
36.0048,2,0.502083,-5.46481,1.49023,-0.00107012,-0.0149764,-0.00023177,0.0376479,0,0,0
36.0048,3,0.47689,-9.48702,5.50964,0.00561131,-0.0101258,-0.00262429,0.0287785,0,0,0
36.0048,4,-1.49384,-4.49014,6.50591,-0.00126173,-0.00736338,0.00509418,0.0133954,0,0,0
36.0048,5,4.49687,-2.49175,4.49368,0.00418851,-0.00419049,0.0017373,0.0112857,0,0,0
36.247,0,5.48928,-7.49259,3.52059,0.00480017,-0.00915551,-0.0110134,0.0251175,0,0,0
36.247,1,3.48947,-6.48364,8.50241,0.0084035,-0.0202928,0.00201095,0.020589,0,0,0
36.247,2,0.502083,-5.46481,1.49023,-0.00107012,-0.0149764,-0.00023177,0.0365811,0,0,0
36.247,3,0.477098,-9.48734,5.50963,0.00497246,-0.00878197,-0.00259674,0.0278825,0,0,0
36.247,4,-1.49386,-4.49052,6.50621,-0.00111354,-0.00708855,0.00453094,0.0130406,0,0,0
36.247,5,4.49687,-2.49175,4.49368,0.00418851,-0.00419049,0.0017373,0.0108528,0,0,0
36.4626,0,5.48922,-7.49265,3.52013,0.00297173,-0.00609342,-0.0108817,0.0251175,0,0,0
36.4626,1,3.48947,-6.48364,8.50241,0.0084035,-0.0202928,0.00201095,0.020589,0,0,0
36.4626,2,0.502102,-5.46579,1.49023,-0.000662749,-0.0149877,-0.000178254,0.0365811,0,0,0
36.4626,3,0.477274,-9.48767,5.50955,0.0045072,-0.00787805,-0.00253479,0.0278825,0,0,0
36.4626,4,-1.49391,-4.49086,6.50649,-0.00108236,-0.00668372,0.00463673,0.0130406,0,0,0
36.4626,5,4.4971,-2.49199,4.49379,0.00408046,-0.0041254,0.00172338,0.0108528,0,0,0
36.6598,0,5.48919,-7.49283,3.51986,0.00228514,-0.00534843,-0.0111462,0.0239928,0,0,0
36.6598,1,3.4922,-6.48807,8.50262,0.0135219,-0.0260848,0.00184718,0.0196053,0,0,0
36.6598,2,0.502064,-5.46677,1.49022,-0.000487193,-0.0143177,-8.79706e-05,0.0346991,0,0,0
36.6598,3,0.477587,-9.48818,5.50945,0.00463874,-0.00778026,-0.00247746,0.0270447,0,0,0
36.6598,4,-1.49391,-4.49086,6.50649,-0.00108236,-0.00668372,0.00463673,0.0127627,0,0,0
36.6598,5,4.4971,-2.49199,4.49379,0.00408046,-0.0041254,0.00172338,0.0105438,0,0,0
36.8639,0,5.48919,-7.49283,3.51986,0.00228514,-0.00534843,-0.0111462,0.0239928,0,0,0
36.8639,1,3.4923,-6.48865,8.50287,0.011552,-0.0234279,0.00163931,0.0140135,0,0,0
36.8639,2,0.502042,-5.46747,1.49022,-0.000380075,-0.0134728,-6.46446e-05,0.0346991,0,0,0
36.8639,3,0.477896,-9.48866,5.50938,0.00475042,-0.00762933,-0.00243431,0.0270447,0,0,0
36.8639,4,-1.49397,-4.49135,6.50692,-0.000920387,-0.00525712,0.00414773,0.0127627,0,0,0
36.8639,5,4.49728,-2.49218,4.4938,0.00324904,-0.00334079,0.00173819,0.0105438,0,0,0
37.0641,0,5.48973,-7.49356,3.51871,0.00324399,-0.0060763,-0.0109229,0.0227804,0,0,0
37.0641,1,3.49237,-6.48911,8.50299,0.00967341,-0.0207183,0.00158224,0.0140135,0,0,0
37.0641,2,0.501911,-5.46708,1.49021,-0.000823248,-0.00916912,-0.000119085,0.0344001,0,0,0
37.0641,3,0.47792,-9.4888,5.50932,0.00377167,-0.00622233,-0.00240074,0.0264563,0,0,0
37.0641,4,-1.49401,-4.4915,6.50699,-0.000901292,-0.00448758,0.00414265,0.0126051,0,0,0
37.0641,5,4.49732,-2.49221,4.49398,0.0025294,-0.00264168,0.0016836,0.010201,0,0,0
37.2174,0,5.48986,-7.49382,3.51821,0.00298259,-0.00557883,-0.0107812,0.0227804,0,0,0
37.2174,1,3.49303,-6.49017,8.5032,0.00996411,-0.0202228,0.00139349,0.0140135,0,0,0
37.2174,2,0.501972,-5.46762,1.49021,-0.00033992,-0.00822214,-9.77877e-05,0.0344001,0,0,0
37.2174,3,0.47815,-9.48933,5.50925,0.00376236,-0.00651827,-0.00239021,0.0264563,0,0,0
37.2174,4,-1.49403,-4.49157,6.5069,-0.000822274,-0.0035876,0.0043899,0.0126051,0,0,0
37.2174,5,4.49756,-2.49246,4.49404,0.00204989,-0.00220318,0.00176546,0.010201,0,0,0
37.3733,0,5.48998,-7.49406,3.51763,0.00273211,-0.00506207,-0.0107033,0.0211314,0,0,0
37.3733,1,3.49349,-6.49113,8.50333,0.00963041,-0.019503,0.00125227,0.0124669,0,0,0
37.3733,2,0.501883,-5.46902,1.49021,-0.000235214,-0.0107922,-2.12625e-05,0.0325409,0,0,0
37.3733,3,0.478628,-9.4902,5.50897,0.00467073,-0.00803598,-0.00241175,0.0251646,0,0,0
37.3733,4,-1.49404,-4.49191,6.50707,-0.000573235,-0.00271387,0.00428832,0.0124256,0,0,0
37.3733,5,4.49789,-2.49281,4.49426,0.00271551,-0.00292597,0.00175004,0.0099149,0,0,0
37.5211,0,5.4902,-7.49446,3.51689,0.00295235,-0.00526647,-0.010371,0.0211314,0,0,0
37.5211,1,3.4938,-6.49175,8.50341,0.00874472,-0.0177044,0.00122324,0.0124669,0,0,0
37.5211,2,0.502103,-5.47161,1.49021,0.00121603,-0.0172165,3.10817e-05,0.0325409,0,0,0
37.5211,3,0.479268,-9.49115,5.50871,0.00603849,-0.00965249,-0.00241805,0.0251646,0,0,0
37.5211,4,-1.4941,-4.4919,6.50746,-0.000770099,-0.0026667,0.00418116,0.0124256,0,0,0
37.5211,5,4.49827,-2.4932,4.4944,0.00347598,-0.00372872,0.00171525,0.0099149,0,0,0
37.6461,0,5.49031,-7.4947,3.51627,0.00269639,-0.00487487,-0.0100602,0.0196687,0,0,0
37.6461,1,3.4941,-6.49233,8.50348,0.00795924,-0.0160372,0.00111097,0.0108653,0,0,0
37.6461,2,0.501604,-5.47253,1.49021,-0.000592854,-0.0167616,5.10664e-05,0.0292093,0,0,0
37.6461,3,0.479501,-9.49162,5.50856,0.00568569,-0.00925806,-0.00229739,0.023742,0,0,0
37.6461,4,-1.49429,-4.4925,6.50805,-0.00125273,-0.00395559,0.00380687,0.0124984,0,0,0
37.6461,5,4.49849,-2.49343,4.4945,0.00350997,-0.00379128,0.00161011,0.0089726,0,0,0
37.7938,0,5.49044,-7.49492,3.51583,0.00254528,-0.0044752,-0.00980024,0.0196687,0,0,0
37.7938,1,3.49439,-6.49288,8.50354,0.00728287,-0.0145269,0.00119959,0.0108653,0,0,0
37.7938,2,0.501484,-5.47346,1.49022,-0.000775903,-0.0165174,6.0362e-05,0.0292093,0,0,0
37.7938,3,0.479751,-9.49206,5.50844,0.00545046,-0.00881142,-0.00216782,0.023742,0,0,0
37.7938,4,-1.49422,-4.49328,6.50812,-0.000731235,-0.00579667,0.00384764,0.0124984,0,0,0
37.7938,5,4.49849,-2.49343,4.4945,0.00350997,-0.00379128,0.00161011,0.0089726,0,0,0
37.925,0,5.49053,-7.49516,3.51534,0.00226085,-0.00420839,-0.00926896,0.0186688,0,0,0
37.925,1,3.49468,-6.49342,8.50361,0.00670884,-0.0132108,0.00110944,0.00972871,0,0,0
37.925,2,0.50137,-5.47433,1.49022,-0.000923488,-0.0161415,8.68499e-05,0.0275031,0,0,0
37.925,3,0.479991,-9.49248,5.50833,0.00521965,-0.00838439,-0.0020581,0.0229423,0,0,0
37.925,4,-1.49428,-4.49368,6.50833,-0.000777226,-0.00597079,0.0035533,0.0120231,0,0,0
37.925,5,4.49878,-2.49375,4.49466,0.0031304,-0.00344604,0.0014346,0.00855243,0,0,0
38.0489,0,5.49081,-7.49564,3.51479,0.00277024,-0.004906,-0.00883174,0.0186688,0,0,0
38.0489,1,3.49496,-6.49395,8.50368,0.00621381,-0.0121127,0.00110737,0.00972871,0,0,0
38.0489,2,0.501265,-5.47526,1.49023,-0.00102098,-0.015718,0.0001482,0.0275031,0,0,0
38.0489,3,0.480331,-9.49305,5.50824,0.00535621,-0.00858433,-0.00198644,0.0229423,0,0,0
38.0489,4,-1.49438,-4.49398,6.50867,-0.00098441,-0.00573348,0.00309502,0.0120231,0,0,0
38.0489,5,4.49889,-2.49387,4.49474,0.00282651,-0.00315494,0.00137026,0.00855243,0,0,0
38.1866,0,5.49099,-7.49604,3.5143,0.00285035,-0.00518678,-0.00858067,0.0173586,0,0,0
38.1866,1,3.49526,-6.49455,8.50373,0.00587127,-0.0114134,0.001107,0.00868929,0,0,0
38.1866,2,0.501226,-5.47598,1.49024,-0.000915346,-0.0148365,0.000168024,0.0259583,0,0,0
38.1866,3,0.480431,-9.49327,5.50815,0.00457148,-0.0074064,-0.0019339,0.0222389,0,0,0
38.1866,4,-1.4944,-4.49429,6.50868,-0.000900184,-0.00561873,0.00319263,0.0119635,0,0,0
38.1866,5,4.49889,-2.49387,4.49474,0.00282651,-0.00315494,0.00137026,0.00815783,0,0,0
38.3171,0,5.49124,-7.49645,3.51386,0.00314338,-0.00548233,-0.00837107,0.0173586,0,0,0
38.3171,1,3.49553,-6.49501,8.50379,0.00549818,-0.0104016,0.00108031,0.00868929,0,0,0
38.3171,2,0.501115,-5.47651,1.49025,-0.00108236,-0.0136558,0.000193522,0.0259583,0,0,0
38.3171,3,0.480661,-9.49363,5.50805,0.00444229,-0.0069917,-0.00189208,0.0222389,0,0,0
38.3171,4,-1.49445,-4.49457,6.50883,-0.000878722,-0.00530497,0.00304007,0.0119635,0,0,0
38.3171,5,4.49904,-2.49404,4.4948,0.00274884,-0.00309065,0.00133543,0.00815783,0,0,0
38.4487,0,5.49141,-7.49676,3.51348,0.00308734,-0.00530951,-0.00823455,0.0163086,0,0,0
38.4487,1,3.4958,-6.49554,8.50385,0.00521466,-0.00975901,0.00104048,0.00769674,0,0,0
38.4487,2,0.501062,-5.47709,1.49025,-0.00103049,-0.0126817,0.00021466,0.0249189,0,0,0
38.4487,3,0.480826,-9.49391,5.50795,0.0040099,-0.00624466,-0.00186806,0.021632,0,0,0
38.4487,4,-1.49449,-4.49483,6.509,-0.000872333,-0.00507393,0.00298822,0.0117641,0,0,0
38.4487,5,4.49928,-2.49429,4.49493,0.00235335,-0.00271157,0.00129878,0.00781669,0,0,0
38.5953,0,5.49151,-7.49697,3.51314,0.00275417,-0.00475355,-0.00810809,0.0163086,0,0,0
38.5953,1,3.49601,-6.49597,8.50385,0.00471886,-0.00887278,0.00107692,0.00769674,0,0,0
38.5953,2,0.501015,-5.47759,1.49026,-0.000979219,-0.0117086,0.000232454,0.0249189,0,0,0
38.5953,3,0.481029,-9.49426,5.50786,0.00388693,-0.00599751,-0.00184718,0.021632,0,0,0
38.5953,4,-1.4945,-4.49509,6.50915,-0.000737173,-0.00487303,0.0029189,0.0117641,0,0,0
38.5953,5,4.49928,-2.49429,4.49493,0.00235335,-0.00271157,0.00129878,0.00781669,0,0,0
38.7321,0,5.49158,-7.49713,3.51268,0.00239963,-0.00423373,-0.00798789,0.0154926,0,0,0
38.7321,1,3.49634,-6.49656,8.50395,0.00479757,-0.00875683,0.000932844,0.00686031,0,0,0
38.7321,2,0.500978,-5.4781,1.49028,-0.000899939,-0.010928,0.000250946,0.0239829,0,0,0
38.7321,3,0.481329,-9.4947,5.50776,0.00415152,-0.0061732,-0.00181524,0.021632,0,0,0
38.7321,4,-1.49455,-4.49526,6.50928,-0.000777559,-0.00438271,0.00285002,0.0117467,0,0,0
38.7321,5,4.49949,-2.49453,4.49506,0.00203256,-0.00240442,0.00127072,0.00752039,0,0,0
38.8632,0,5.49181,-7.49747,3.51233,0.00275116,-0.00447851,-0.00788413,0.0154926,0,0,0
38.8632,1,3.49652,-6.49698,8.50396,0.00432251,-0.00801442,0.000964478,0.00686031,0,0,0
38.8632,2,0.500939,-5.47861,1.49029,-0.000833838,-0.0102473,0.000269372,0.0239829,0,0,0
38.8632,3,0.481524,-9.49503,5.50767,0.00398686,-0.00588865,-0.00178028,0.0209005,0,0,0
38.8632,4,-1.49462,-4.49569,6.50955,-0.000736307,-0.00393784,0.00254746,0.0117467,0,0,0
38.8632,5,4.49949,-2.49453,4.49506,0.00203256,-0.00240442,0.00127072,0.00752039,0,0,0
39.0282,0,5.49193,-7.4977,3.51196,0.00259968,-0.00426813,-0.0077502,0.0146085,0,0,0
39.0282,1,3.49683,-6.49753,8.504,0.00439275,-0.007939,0.000885102,0.00607211,0,0,0
39.0282,2,0.5009,-5.47911,1.4903,-0.000776212,-0.00965649,0.000286248,0.0230508,0,0,0
39.0282,3,0.481678,-9.49528,5.50758,0.00369437,-0.00540343,-0.00174289,0.0203824,0,0,0
39.0282,4,-1.49465,-4.49594,6.50969,-0.000674515,-0.00386818,0.00245361,0.011777,0,0,0
39.0282,5,4.49967,-2.49475,4.49513,0.00174613,-0.00214713,0.00125214,0.00716839,0,0,0
39.1504,0,5.49202,-7.49788,3.51151,0.00237377,-0.00390985,-0.00758332,0.0146085,0,0,0
39.1504,1,3.49706,-6.498,8.50409,0.00415431,-0.00753728,0.000749544,0.00607211,0,0,0
39.1504,2,0.500918,-5.47911,1.4903,-0.000709881,-0.00968045,0.000260875,0.0230508,0,0,0
39.1504,3,0.481913,-9.49565,5.50751,0.00376238,-0.00540069,-0.00169162,0.0203824,0,0,0
39.1504,4,-1.49468,-4.49615,6.50981,-0.000653508,-0.00368405,0.00233202,0.011777,0,0,0
39.1504,5,4.49979,-2.49488,4.49525,0.00168987,-0.00209829,0.0011816,0.00716839,0,0,0
39.2916,0,5.49211,-7.49806,3.51113,0.00217344,-0.00360231,-0.00743327,0.0137814,0,0,0
39.2916,1,3.49727,-6.49843,8.50409,0.00392743,-0.00712816,0.000765577,0.0054194,0,0,0
39.2916,2,0.500853,-5.47956,1.49033,-0.000763853,-0.00887499,0.000315486,0.0226291,0,0,0
39.2916,3,0.4821,-9.49594,5.50741,0.00364026,-0.00516737,-0.00164144,0.0197951,0,0,0
39.2916,4,-1.49467,-4.49616,6.50981,-0.00061393,-0.00372377,0.00244316,0.0118061,0,0,0
39.2916,5,4.49975,-2.49484,4.49524,0.00155797,-0.0019372,0.00120362,0.00702756,0,0,0
39.4164,0,5.49226,-7.49829,3.51079,0.00224617,-0.00355354,-0.00717743,0.0137814,0,0,0
39.4164,1,3.49748,-6.49884,8.50412,0.00370341,-0.00671431,0.000694931,0.0054194,0,0,0
39.4164,2,0.500763,-5.4805,1.49034,-0.000710059,-0.00799207,0.000337528,0.0226291,0,0,0
39.4164,3,0.482318,-9.49626,5.50733,0.00367451,-0.00504677,-0.00159606,0.0197951,0,0,0
39.4164,4,-1.49475,-4.49651,6.50993,-0.000652782,-0.00327194,0.00234709,0.0118061,0,0,0
39.4164,5,4.49982,-2.49492,4.4953,0.00139574,-0.00177313,0.00115693,0.00702756,0,0,0
39.5559,0,5.49231,-7.49842,3.51044,0.00193121,-0.00316908,-0.00696074,0.0130629,0,0,0
39.5559,1,3.49762,-6.49917,8.50419,0.00329691,-0.0060587,0.000570732,0.00497006,0,0,0
39.5559,2,0.500782,-5.48065,1.49034,-0.000624416,-0.00855259,0.000312623,0.0216401,0,0,0
39.5559,3,0.482422,-9.49646,5.50726,0.00326634,-0.00452478,-0.00155028,0.0193446,0,0,0
39.5559,4,-1.49473,-4.49656,6.51004,-0.000587266,-0.00345245,0.00229824,0.0117602,0,0,0
39.5559,5,4.50001,-2.49514,4.49542,0.00130732,-0.00171952,0.00109304,0.00667643,0,0,0
39.6869,0,5.49247,-7.49868,3.51005,0.00209534,-0.00329655,-0.00674483,0.0130629,0,0,0
39.6869,1,3.49786,-6.49959,8.50422,0.00330064,-0.00590829,0.000523881,0.00497006,0,0,0
39.6869,2,0.500693,-5.48156,1.49038,-0.000607333,-0.007752,0.000363532,0.0216401,0,0,0
39.6869,3,0.482598,-9.49672,5.50718,0.00319125,-0.00434953,-0.0015043,0.0193446,0,0,0
39.6869,4,-1.49476,-4.49675,6.51015,-0.000544647,-0.00329159,0.00223173,0.0117602,0,0,0
39.6869,5,4.50002,-2.49515,4.49542,0.00134608,-0.00174002,0.00111032,0.00667643,0,0,0
39.8246,0,5.49258,-7.49887,3.5097,0.00201078,-0.00315603,-0.00652835,0.0122688,0,0,0
39.8246,1,3.49802,-6.49994,8.50422,0.00306914,-0.00551297,0.000551598,0.00474798,0,0,0
39.8246,2,0.500708,-5.48205,1.49037,-0.00040352,-0.00750802,0.000342533,0.0203811,0,0,0
39.8246,3,0.482807,-9.49703,5.5071,0.00325609,-0.00433879,-0.00146903,0.0188383,0,0,0
39.8246,4,-1.49479,-4.49691,6.51035,-0.000557849,-0.00308006,0.00198238,0.0118781,0,0,0
39.8246,5,4.50014,-2.4953,4.49547,0.00106148,-0.00147118,0.00106647,0.00653193,0,0,0
39.9643,0,5.4927,-7.49908,3.50908,0.0020316,-0.00313196,-0.00598716,0.0122688,0,0,0
39.9643,1,3.49819,-6.50027,8.50424,0.00285627,-0.00512734,0.00051666,0.00474798,0,0,0
39.9643,2,0.500657,-5.48235,1.49041,-0.000444886,-0.00676624,0.000360647,0.0203811,0,0,0
39.9643,3,0.482932,-9.49723,5.50704,0.00300228,-0.0039794,-0.00144049,0.0188383,0,0,0
39.9643,4,-1.49483,-4.49711,6.51036,-0.000573528,-0.00302005,0.00208047,0.0118781,0,0,0
39.9643,5,4.50024,-2.49542,4.49558,0.00107549,-0.00148503,0.00102643,0.00653193,0,0,0
40.0865,0,5.49278,-7.49922,3.50912,0.00186389,-0.00286497,-0.00607637,0.0116565,0,0,0
40.0865,1,3.49834,-6.50058,8.50429,0.00265892,-0.00476091,0.000421364,0.00462237,0,0,0
40.0865,2,0.500565,-5.48245,1.49041,-0.000761549,-0.00707663,0.000367859,0.0200117,0,0,0
40.0865,3,0.483138,-9.4975,5.50697,0.00309249,-0.00394173,-0.00141614,0.0184155,0,0,0
40.0865,4,-1.49487,-4.49746,6.51057,-0.000503815,-0.00279441,0.00179091,0.0119363,0,0,0
40.0865,5,4.50024,-2.49542,4.49558,0.00107549,-0.00148503,0.00102643,0.00637155,0,0,0
40.2245,0,5.49285,-7.49936,3.50852,0.00170587,-0.00264387,-0.00548706,0.0116565,0,0,0
40.2245,1,3.49846,-6.50083,8.50429,0.00234943,-0.00421988,0.0004689,0.00462237,0,0,0
40.2245,2,0.500551,-5.48335,1.49045,-0.000476282,-0.00679383,0.000413995,0.0200117,0,0,0
40.2245,3,0.483287,-9.49774,5.50689,0.00293446,-0.00373321,-0.00138702,0.0184155,0,0,0
40.2245,4,-1.4949,-4.49763,6.51056,-0.000473382,-0.00268114,0.0018824,0.0119363,0,0,0
40.2245,5,4.50036,-2.49557,4.49567,0.000909394,-0.0012983,0.00096841,0.00637155,0,0,0
40.3546,0,5.49299,-7.49957,3.50849,0.00183703,-0.00274225,-0.0056418,0.0110179,0,0,0
40.3546,1,3.49859,-6.50112,8.50434,0.00217887,-0.00397538,0.000367437,0.00463592,0,0,0
40.3546,2,0.500496,-5.48378,1.49047,-0.000520415,-0.00659789,0.000427207,0.0188159,0,0,0
40.3546,3,0.483481,-9.498,5.50682,0.00303425,-0.00366086,-0.00136417,0.0179846,0,0,0
40.3546,4,-1.49491,-4.49764,6.51074,-0.000510465,-0.00272274,0.00159462,0.0119711,0,0,0
40.3546,5,4.50043,-2.49565,4.49577,0.000867019,-0.00125289,0.000893848,0.00620642,0,0,0
40.4829,0,5.49306,-7.4997,3.50823,0.00168144,-0.00250362,-0.00541659,0.0110179,0,0,0
40.4829,1,3.49874,-6.5014,8.50436,0.00207249,-0.0037056,0.000349292,0.00463592,0,0,0
40.4829,2,0.500454,-5.48419,1.49049,-0.000522994,-0.00637157,0.000430937,0.0188159,0,0,0
40.4829,3,0.483593,-9.49817,5.50675,0.00278097,-0.0033379,-0.00133162,0.0179846,0,0,0
40.4829,4,-1.49496,-4.49796,6.51083,-0.000471433,-0.00253574,0.0015111,0.0119711,0,0,0
40.4829,5,4.50043,-2.49565,4.49577,0.000867019,-0.00125289,0.000893848,0.00620642,0,0,0
40.6286,0,5.49317,-7.49988,3.50797,0.00169673,-0.00249231,-0.0053231,0.0104933,0,0,0
40.6286,1,3.49891,-6.50171,8.50436,0.00209346,-0.0036512,0.000390956,0.00475115,0,0,0
40.6286,2,0.500444,-5.48426,1.49049,-0.000551321,-0.00662293,0.000410277,0.0183952,0,0,0
40.6286,3,0.483741,-9.49838,5.50669,0.00270761,-0.00320004,-0.00129957,0.0176565,0,0,0
40.6286,4,-1.49499,-4.49812,6.51083,-0.000479918,-0.00245356,0.00157987,0.0121172,0,0,0
40.6286,5,4.50056,-2.49581,4.49586,0.000833683,-0.00122557,0.000852345,0.00596293,0,0,0
40.7608,0,5.49325,-7.50002,3.50768,0.00162519,-0.00236738,-0.00517963,0.0104933,0,0,0
40.7608,1,3.49904,-6.50198,8.5044,0.00196052,-0.00343644,0.000305017,0.00475115,0,0,0
40.7608,2,0.500431,-5.48462,1.49051,-0.000453026,-0.00629448,0.000419521,0.0183952,0,0,0
40.7608,3,0.483888,-9.49857,5.50662,0.00264368,-0.00306066,-0.0012712,0.0176565,0,0,0
40.7608,4,-1.49499,-4.49815,6.51091,-0.000498681,-0.00255788,0.00151702,0.0121172,0,0,0
40.7608,5,4.50062,-2.49589,4.49586,0.000791086,-0.00118012,0.000863541,0.00596293,0,0,0
40.8998,0,5.49334,-7.50016,3.50718,0.00156017,-0.00224623,-0.00477783,0.00979422,0,0,0
40.8998,1,3.49916,-6.50224,8.5044,0.00184452,-0.00326377,0.000349461,0.00491903,0,0,0
40.8998,2,0.500357,-5.4853,1.49056,-0.000456131,-0.00564439,0.000465673,0.0174727,0,0,0
40.8998,3,0.484028,-9.49877,5.50657,0.00257007,-0.00293948,-0.00125203,0.017313,0,0,0
40.8998,4,-1.49504,-4.49842,6.51098,-0.000472738,-0.00226024,0.00149217,0.012146,0,0,0
40.8998,5,4.50067,-2.49595,4.49594,0.000707642,-0.00108918,0.0008063,0.00586802,0,0,0
41.0447,0,5.49343,-7.5003,3.507,0.00155051,-0.00216348,-0.00464458,0.00979422,0,0,0
41.0447,1,3.49925,-6.50246,8.50442,0.00162262,-0.00295763,0.000327368,0.00491903,0,0,0
41.0447,2,0.500323,-5.48566,1.49056,-0.00044673,-0.00543404,0.00045099,0.0174727,0,0,0
41.0447,3,0.484167,-9.49896,5.5065,0.00250727,-0.00281904,-0.00123348,0.017313,0,0,0
41.0447,4,-1.49505,-4.49844,6.51106,-0.000477652,-0.00234338,0.00144903,0.012146,0,0,0
41.0447,5,4.50075,-2.49607,4.49599,0.000570799,-0.000965352,0.000805668,0.00586802,0,0,0
41.1831,0,5.4935,-7.50041,3.50672,0.00143279,-0.00200532,-0.00445708,0.0093632,0,0,0
41.1831,1,3.49937,-6.50271,8.50443,0.00154901,-0.0028699,0.000315005,0.00510805,0,0,0
41.1831,2,0.500311,-5.48598,1.4906,-0.000370015,-0.00517912,0.000483686,0.0168796,0,0,0
41.1831,3,0.484304,-9.49914,5.50644,0.00245008,-0.00270603,-0.00121615,0.0169867,0,0,0
41.1831,4,-1.4951,-4.49868,6.5112,-0.000456376,-0.00205772,0.00125865,0.0122166,0,0,0
41.1831,5,4.50079,-2.4961,4.49599,0.000698499,-0.00108155,0.000822622,0.00566745,0,0,0
41.3117,0,5.49357,-7.50054,3.50648,0.00138127,-0.0019069,-0.00431884,0.0093632,0,0,0
41.3117,1,3.49952,-6.503,8.50446,0.0016247,-0.00293166,0.000248449,0.00510805,0,0,0
41.3117,2,0.500313,-5.48598,1.4906,-0.000361545,-0.0051793,0.000472146,0.0168796,0,0,0
41.3117,3,0.484439,-9.49931,5.50638,0.00239829,-0.00260124,-0.00120026,0.0169867,0,0,0
41.3117,4,-1.49512,-4.49881,6.51126,-0.000450761,-0.00196329,0.00119682,0.0122166,0,0,0
41.3117,5,4.50079,-2.4961,4.49599,0.000698499,-0.00108155,0.000822622,0.00566745,0,0,0
41.4609,0,5.49365,-7.50065,3.50626,0.00133461,-0.00181304,-0.00418023,0.00894185,0,0,0
41.4609,1,3.4996,-6.50321,8.50447,0.00143378,-0.00270233,0.000287377,0.00539927,0,0,0
41.4609,2,0.500281,-5.48639,1.49063,-0.000335928,-0.00526583,0.00047762,0.0165322,0,0,0
41.4609,3,0.484572,-9.49949,5.50632,0.00235199,-0.00250482,-0.00118353,0.0166788,0,0,0
41.4609,4,-1.49515,-4.49893,6.51132,-0.000446633,-0.00187494,0.00111225,0.0123298,0,0,0
41.4609,5,4.50083,-2.49616,4.49608,0.000611384,-0.000993168,0.000776009,0.00555397,0,0,0
41.593,0,5.49372,-7.50077,3.50626,0.00129177,-0.00172493,-0.00430627,0.00894185,0,0,0
41.593,1,3.49973,-6.50344,8.50449,0.00142894,-0.00262907,0.000221448,0.00539927,0,0,0
41.593,2,0.50022,-5.48669,1.49065,-0.000450592,-0.00501003,0.000492568,0.0165322,0,0,0
41.593,3,0.484706,-9.49965,5.50626,0.00231912,-0.00240848,-0.00116769,0.0166788,0,0,0
41.593,4,-1.49517,-4.49904,6.51132,-0.000422154,-0.00177144,0.00117943,0.0123298,0,0,0
41.593,5,4.50093,-2.4963,4.49612,0.000556346,-0.000952638,0.000774834,0.00555397,0,0,0
41.7263,0,5.49378,-7.50085,3.50606,0.00120856,-0.00155323,-0.00421739,0.00872327,0,0,0
41.7263,1,3.49987,-6.50372,8.5045,0.00150342,-0.0027547,0.000212664,0.00566334,0,0,0
41.7263,2,0.500215,-5.48728,1.4907,-0.000252152,-0.00457373,0.000523726,0.0157606,0,0,0
41.7263,3,0.484806,-9.49979,5.50621,0.00216792,-0.00222567,-0.00115313,0.0164136,0,0,0
41.7263,4,-1.4952,-4.49915,6.51143,-0.000457352,-0.0016607,0.000988076,0.0123445,0,0,0
41.7263,5,4.50095,-2.49631,4.49611,0.000628916,-0.00100833,0.000779335,0.00544146,0,0,0
41.8645,0,5.4938,-7.50091,3.50566,0.000992396,-0.00128591,-0.0039729,0.00872327,0,0,0
41.8645,1,3.49998,-6.50396,8.5045,0.00145876,-0.00271195,0.000242943,0.00566334,0,0,0
41.8645,2,0.500215,-5.48764,1.49072,-0.000126682,-0.0046527,0.000509911,0.0157606,0,0,0
41.8645,3,0.484936,-9.49995,5.50615,0.00215471,-0.00217042,-0.00113979,0.0164136,0,0,0
41.8645,4,-1.49522,-4.49928,6.51143,-0.000432717,-0.00164852,0.00108183,0.0123445,0,0,0
41.8645,5,4.50099,-2.49638,4.49615,0.000390623,-0.000765986,0.000761198,0.00544146,0,0,0
41.9981,0,5.49393,-7.50109,3.50544,0.00123661,-0.0015433,-0.00392925,0.00822323,0,0,0
41.9981,1,3.50009,-6.50419,8.50452,0.00144884,-0.00265462,0.000231012,0.00599677,0,0,0
41.9981,2,0.500171,-5.48791,1.49075,-0.000200527,-0.00442917,0.000511578,0.0152214,0,0,0
41.9981,3,0.485093,-9.50013,5.50609,0.00224581,-0.00222576,-0.00112411,0.0161051,0,0,0
41.9981,4,-1.49525,-4.49938,6.51154,-0.000419023,-0.00156876,0.000906043,0.0124122,0,0,0
41.9981,5,4.50108,-2.49649,4.49619,0.000513433,-0.000896074,0.000762184,0.00529277,0,0,0
42.1199,0,5.494,-7.50119,3.50523,0.00119295,-0.00147999,-0.00376498,0.00822323,0,0,0
42.1199,1,3.5002,-6.50442,8.50453,0.00140541,-0.00264554,0.000222781,0.00599677,0,0,0
42.1199,2,0.500165,-5.48826,1.49077,-0.000107197,-0.00450075,0.000516832,0.0152214,0,0,0
42.1199,3,0.485221,-9.50028,5.50604,0.00222299,-0.00215506,-0.00110472,0.0161051,0,0,0
42.1199,4,-1.49526,-4.4994,6.51154,-0.000467906,-0.00164168,0.000975516,0.0124122,0,0,0
42.1199,5,4.50108,-2.49649,4.49623,0.00053307,-0.000902709,0.000761772,0.00529277,0,0,0
42.2465,0,5.49407,-7.50129,3.50504,0.0011656,-0.00141287,-0.00364268,0.00788818,0,0,0
42.2465,1,3.50028,-6.5046,8.50454,0.00129452,-0.00246807,0.000212121,0.0063306,0,0,0
42.2465,2,0.500118,-5.48847,1.49079,-0.00020765,-0.00410709,0.000520829,0.0147513,0,0,0
42.2465,3,0.48532,-9.5004,5.50599,0.00209591,-0.00199411,-0.00108943,0.0158601,0,0,0
42.2465,4,-1.49531,-4.4996,6.51163,-0.000438192,-0.00147945,0.000799613,0.0124881,0,0,0
42.2465,5,4.50114,-2.49656,4.49627,0.000559975,-0.000928158,0.000759266,0.00520196,0,0,0
42.381,0,5.49416,-7.50142,3.50485,0.00122164,-0.0015013,-0.00350985,0.00788818,0,0,0
42.381,1,3.50041,-6.50487,8.50455,0.00139717,-0.00261779,0.000200072,0.0063306,0,0,0
42.381,2,0.500124,-5.48885,1.49082,-5.89762e-05,-0.00434734,0.000527966,0.0147513,0,0,0
42.381,3,0.485443,-9.50055,5.50593,0.00208301,-0.00196105,-0.0010725,0.0158601,0,0,0
42.381,4,-1.49533,-4.49971,6.51163,-0.000436726,-0.00144727,0.000869656,0.0124881,0,0,0
42.381,5,4.50118,-2.49662,4.49634,0.000543879,-0.000908021,0.000727509,0.00520196,0,0,0
42.512,0,5.49418,-7.50146,3.50485,0.00101506,-0.00122976,-0.00358923,0.0077171,0,0,0
42.512,1,3.50052,-6.50508,8.50456,0.00139786,-0.0025873,0.000188936,0.00667387,0,0,0
42.512,2,0.500081,-5.4891,1.49086,-0.000143686,-0.00414627,0.000534928,0.0142255,0,0,0
42.512,3,0.485566,-9.50069,5.50588,0.00204957,-0.00189285,-0.00105777,0.0155997,0,0,0
42.512,4,-1.49534,-4.49973,6.51171,-0.00046725,-0.00152536,0.000705898,0.0125363,0,0,0
42.512,5,4.50123,-2.49669,4.49637,0.000378951,-0.000737959,0.000720184,0.00505873,0,0,0
42.6634,0,5.49426,-7.50157,3.50467,0.00106468,-0.00124619,-0.00348682,0.0077171,0,0,0
42.6634,1,3.50063,-6.5053,8.50457,0.00137611,-0.00258693,0.000175788,0.00667387,0,0,0
42.6634,2,0.50006,-5.48938,1.49088,-0.000129355,-0.00407748,0.000542206,0.0142255,0,0,0
42.6634,3,0.485714,-9.50085,5.50582,0.00209505,-0.00189299,-0.00104419,0.0155997,0,0,0
42.6634,4,-1.49538,-4.4999,6.51171,-0.00044029,-0.00131374,0.00077244,0.0125363,0,0,0
42.6634,5,4.50128,-2.49676,4.49637,0.00042139,-0.000778065,0.000723351,0.00505873,0,0,0
42.7918,0,5.49432,-7.50166,3.50433,0.0010448,-0.00119945,-0.00325708,0.00732889,0,0,0
42.7918,1,3.50076,-6.50556,8.50458,0.00147493,-0.00267947,0.000162965,0.00702365,0,0,0
42.7918,2,0.500019,-5.48961,1.49091,-0.000199221,-0.00385249,0.000551985,0.0138042,0,0,0
42.7918,3,0.485858,-9.50101,5.50576,0.0021714,-0.00194631,-0.00103072,0.0153042,0,0,0
42.7918,4,-1.4954,-4.49992,6.51178,-0.000479878,-0.00138686,0.000617004,0.0125898,0,0,0
42.7918,5,4.50131,-2.49681,4.49645,0.000379496,-0.000737763,0.000681435,0.00494862,0,0,0
42.9243,0,5.49438,-7.50174,3.50433,0.00102623,-0.0011558,-0.0033641,0.00732889,0,0,0
42.9243,1,3.5008,-6.50569,8.50458,0.00122892,-0.00238017,0.000151216,0.00702365,0,0,0
42.9243,2,0.500013,-5.48993,1.49093,-0.000120821,-0.00398445,0.000559703,0.0138042,0,0,0
42.9243,3,0.485951,-9.50112,5.50571,0.00204702,-0.00179911,-0.00101325,0.0153042,0,0,0
42.9243,4,-1.49542,-4.50002,6.51182,-0.000466097,-0.0013853,0.000582704,0.0125898,0,0,0
42.9243,5,4.50138,-2.49689,4.49649,0.0004585,-0.000821623,0.000679228,0.00494862,0,0,0
43.071,0,5.49443,-7.50181,3.50401,0.000958059,-0.00106091,-0.00306572,0.00709575,0,0,0
43.071,1,3.50093,-6.50593,8.50459,0.00135687,-0.0025149,0.000139106,0.00735095,0,0,0
43.071,2,0.499985,-5.49021,1.49096,-0.0001409,-0.0039493,0.000569113,0.013327,0,0,0
43.071,3,0.486093,-9.50127,5.50566,0.0021273,-0.00184794,-0.000996888,0.0150691,0,0,0
43.071,4,-1.49545,-4.50012,6.51185,-0.000473749,-0.00134817,0.00059108,0.0126735,0,0,0
43.071,5,4.50143,-2.49696,4.49652,0.000516293,-0.000870732,0.000654187,0.00483488,0,0,0
43.2074,0,5.49449,-7.50189,3.50385,0.000951852,-0.00103214,-0.0030095,0.00709575,0,0,0
43.2074,1,3.50107,-6.50617,8.5046,0.00145512,-0.00266409,0.000127699,0.00735095,0,0,0
43.2074,2,0.499972,-5.49051,1.49099,-9.5833e-05,-0.00403403,0.000578384,0.013327,0,0,0
43.2074,3,0.486208,-9.50139,5.50561,0.00207475,-0.00176684,-0.000984073,0.0150691,0,0,0
43.2074,4,-1.4955,-4.50027,6.51187,-0.000469855,-0.00118135,0.000476271,0.0126735,0,0,0
43.2074,5,4.50145,-2.497,4.49656,0.000449362,-0.000815714,0.000636282,0.00483488,0,0,0
43.3369,0,5.49456,-7.50198,3.5037,0.000994328,-0.0010569,-0.00288347,0.00686829,0,0,0
43.3369,1,3.50113,-6.50633,8.50461,0.0012741,-0.0024949,0.00011646,0.00776679,0,0,0
43.3369,2,0.499915,-5.49076,1.49102,-0.000224138,-0.0039105,0.000595052,0.0128868,0,0,0
43.3369,3,0.486298,-9.50149,5.50557,0.00196129,-0.00163392,-0.00097644,0.0148655,0,0,0
43.3369,4,-1.4955,-4.50029,6.51188,-0.000479965,-0.0012728,0.000519,0.0127013,0,0,0
43.3369,5,4.50151,-2.49707,4.49659,0.000497625,-0.000852416,0.000626719,0.00474012,0,0,0
43.466,0,5.49461,-7.50204,3.5037,0.000929607,-0.000972741,-0.00296866,0.00686829,0,0,0
43.466,1,3.50122,-6.50652,8.50461,0.00129243,-0.00247801,0.000106374,0.00776679,0,0,0
43.466,2,0.49991,-5.49104,1.49105,-0.000171009,-0.00393872,0.000589941,0.0128868,0,0,0
43.466,3,0.486435,-9.50163,5.50552,0.00204078,-0.00168379,-0.000967919,0.0148655,0,0,0
43.466,4,-1.49552,-4.50038,6.5119,-0.000436156,-0.0012336,0.000470829,0.0127013,0,0,0
43.466,5,4.50155,-2.49712,4.49659,0.000488328,-0.000841307,0.000644086,0.00474012,0,0,0
43.5915,0,5.49468,-7.50213,3.50341,0.000973026,-0.000999381,-0.00274384,0.00667001,0,0,0
43.5915,1,3.50132,-6.50671,8.50462,0.00129473,-0.00246869,9.67912e-05,0.00807789,0,0,0
43.5915,2,0.499891,-5.49129,1.49108,-0.00015689,-0.00386435,0.000595605,0.0124656,0,0,0
43.5915,3,0.486546,-9.50175,5.50546,0.00201743,-0.00163729,-0.000960695,0.0146252,0,0,0
43.5915,4,-1.49558,-4.50049,6.51194,-0.000476778,-0.00099172,0.000356869,0.0127203,0,0,0
43.5915,5,4.50158,-2.49717,4.49666,0.000478957,-0.000830094,0.000623988,0.00465254,0,0,0
43.7426,0,5.49473,-7.5022,3.50326,0.000959603,-0.000969958,-0.0027182,0.00667001,0,0,0
43.7426,1,3.50139,-6.50686,8.50462,0.00120309,-0.00233979,8.52601e-05,0.00807789,0,0,0
43.7426,2,0.499845,-5.49152,1.49111,-0.000247957,-0.00372271,0.000603325,0.0124656,0,0,0
43.7426,3,0.486656,-9.50186,5.50541,0.00199623,-0.00159406,-0.000947185,0.0146252,0,0,0
43.7426,4,-1.49558,-4.50052,6.51194,-0.000465585,-0.00111543,0.000410997,0.0127203,0,0,0
43.7426,5,4.50161,-2.49722,4.49669,0.000442697,-0.000782329,0.000633497,0.00465254,0,0,0
43.8698,0,5.49479,-7.50228,3.50313,0.00094802,-0.00094219,-0.00263034,0.00648768,0,0,0
43.8698,1,3.5015,-6.50708,8.50462,0.00130021,-0.00245857,7.5132e-05,0.00839017,0,0,0
43.8698,2,0.499854,-5.49178,1.49114,-0.000137818,-0.00373463,0.000611223,0.0120865,0,0,0
43.8698,3,0.486743,-9.50194,5.50538,0.00189234,-0.00147592,-0.000933365,0.0144368,0,0,0
43.8698,4,-1.49561,-4.50061,6.51198,-0.000486399,-0.00110838,0.000278413,0.0127471,0,0,0
43.8698,5,4.50165,-2.49728,4.49672,0.000466534,-0.000812151,0.000625476,0.0045697,0,0,0
44.0018,0,5.49485,-7.50234,3.50299,0.000937689,-0.000916061,-0.00256622,0.00648768,0,0,0
44.0018,1,3.50159,-6.50726,8.50463,0.00129048,-0.00243664,3.65013e-05,0.00839017,0,0,0
44.0018,2,0.499831,-5.49198,1.49117,-0.000157779,-0.00354133,0.000618152,0.0120865,0,0,0
44.0018,3,0.486851,-9.50205,5.50533,0.00188604,-0.00144979,-0.000912435,0.0144368,0,0,0
44.0018,4,-1.49565,-4.50076,6.51199,-0.000441581,-0.00103868,0.000281475,0.0127471,0,0,0
44.0018,5,4.50167,-2.49732,4.49675,0.000410648,-0.000767923,0.000619721,0.0045697,0,0,0
44.1404,0,5.4949,-7.50241,3.50299,0.000928189,-0.00089138,-0.00265677,0.00638447,0,0,0
44.1404,1,3.50166,-6.5074,8.50463,0.00120803,-0.00229029,5.26319e-05,0.00875422,0,0,0
44.1404,2,0.499779,-5.4922,1.4912,-0.000270024,-0.00343446,0.000626957,0.0117628,0,0,0
44.1404,3,0.48698,-9.50217,5.50528,0.00195844,-0.00149507,-0.000899948,0.0142161,0,0,0
44.1404,4,-1.49568,-4.50082,6.512,-0.000442101,-0.000973998,0.000237859,0.0127795,0,0,0
44.1404,5,4.50172,-2.49737,4.49678,0.000446502,-0.000795272,0.000614406,0.00449232,0,0,0
44.272,0,5.49496,-7.50248,3.50286,0.000921256,-0.000866215,-0.00260971,0.00638447,0,0,0
44.272,1,3.50176,-6.5076,8.50463,0.00129171,-0.00238612,4.13635e-05,0.00875422,0,0,0
44.272,2,0.499803,-5.49248,1.49123,-0.000107829,-0.00358624,0.00063401,0.0117628,0,0,0
44.272,3,0.487085,-9.50227,5.50523,0.00193541,-0.00145192,-0.000890497,0.0142161,0,0,0
44.272,4,-1.49572,-4.50088,6.51202,-0.000490032,-0.000923687,0.000199349,0.0127795,0,0,0
44.272,5,4.50175,-2.49742,4.49682,0.000438244,-0.000787567,0.000608378,0.00449232,0,0,0
44.4053,0,5.49501,-7.50254,3.50273,0.00091125,-0.000845967,-0.00260452,0.00623012,0,0,0
44.4053,1,3.50185,-6.50776,8.50463,0.00127864,-0.00234569,3.02042e-05,0.00907239,0,0,0
44.4053,2,0.499784,-5.49271,1.49127,-0.000111346,-0.00354672,0.000638023,0.0113783,0,0,0
44.4053,3,0.487189,-9.50237,5.50519,0.00191324,-0.00141078,-0.000882395,0.0140228,0,0,0
44.4053,4,-1.49574,-4.50096,6.51203,-0.000481056,-0.000926673,0.000116422,0.012787,0,0,0
44.4053,5,4.50178,-2.49747,4.49684,0.000430501,-0.000780453,0.000611635,0.00442106,0,0,0
44.541,0,5.49506,-7.5026,3.5026,0.00090373,-0.000824802,-0.00257128,0.00623012,0,0,0
44.541,1,3.50193,-6.50792,8.50464,0.00126904,-0.00229589,-2.93229e-06,0.00907239,0,0,0
44.541,2,0.499751,-5.49287,1.49129,-0.00018518,-0.00327077,0.000638678,0.0113783,0,0,0
44.541,3,0.487271,-9.50244,5.50515,0.00181499,-0.00130282,-0.000877196,0.0140228,0,0,0
44.541,4,-1.49576,-4.50103,6.51203,-0.000449087,-0.000928799,0.000127166,0.012787,0,0,0
44.541,5,4.5018,-2.49751,4.49688,0.000398746,-0.000739737,0.000592654,0.00442106,0,0,0
44.6727,0,5.49512,-7.50266,3.50247,0.000896667,-0.000804527,-0.00252277,0.00608864,0,0,0
44.6727,1,3.50201,-6.50808,8.50464,0.00124188,-0.00225649,9.35571e-06,0.00937762,0,0,0
44.6727,2,0.49976,-5.49314,1.49133,-6.06008e-05,-0.00345184,0.000639429,0.0110575,0,0,0
44.6727,3,0.487393,-9.50256,5.5051,0.00188335,-0.00134528,-0.000870244,0.0138372,0,0,0
44.6727,4,-1.49579,-4.50109,6.51204,-0.000484629,-0.000874984,9.22825e-05,0.0128004,0,0,0
44.6727,5,4.50184,-2.49756,4.49691,0.000420372,-0.000769073,0.000584426,0.00434469,0,0,0
44.8109,0,5.49517,-7.50272,3.50223,0.000889858,-0.000785001,-0.00233066,0.00608864,0,0,0
44.8109,1,3.50209,-6.50822,8.50464,0.00123619,-0.00218806,-2.32143e-05,0.00937762,0,0,0
44.8109,2,0.499733,-5.49337,1.49136,-0.00010166,-0.00339255,0.000638995,0.0110575,0,0,0
44.8109,3,0.487496,-9.50264,5.50506,0.00186799,-0.00130396,-0.000866167,0.0138372,0,0,0
44.8109,4,-1.49581,-4.50115,6.51204,-0.000444934,-0.000844809,6.57542e-05,0.0128004,0,0,0
44.8109,5,4.50187,-2.49761,4.49694,0.000374025,-0.000737116,0.000572627,0.00434469,0,0,0
44.9404,0,5.49521,-7.50277,3.50223,0.000842441,-0.000726133,-0.00237857,0.00596639,0,0,0
44.9404,1,3.50218,-6.50839,8.50464,0.00127686,-0.0022263,-1.21714e-05,0.00966638,0,0,0
44.9404,2,0.499694,-5.49358,1.49139,-0.000178501,-0.00328413,0.000647595,0.0107444,0,0,0
44.9404,3,0.487595,-9.50273,5.50501,0.00184761,-0.00127216,-0.000857138,0.0136559,0,0,0
44.9404,4,-1.49584,-4.50121,6.51204,-0.000482711,-0.000796935,2.61175e-05,0.0128026,0,0,0
44.9404,5,4.5019,-2.49766,4.49696,0.000366702,-0.000735129,0.00057114,0.00428278,0,0,0
45.0776,0,5.49527,-7.50284,3.5021,0.000885134,-0.000750152,-0.00226054,0.00596639,0,0,0
45.0776,1,3.50222,-6.50848,8.50463,0.00109325,-0.00198415,-4.40905e-05,0.00966638,0,0,0
45.0776,2,0.499695,-5.49378,1.49142,-0.000116828,-0.00324753,0.000636085,0.0107444,0,0,0
45.0776,3,0.487695,-9.50282,5.50497,0.0018316,-0.001239,-0.000851875,0.0136559,0,0,0
45.0776,4,-1.49586,-4.50128,6.51204,-0.000441947,-0.000825607,-6.8209e-06,0.0128026,0,0,0
45.0776,5,4.50191,-2.49769,4.49699,0.000319127,-0.000703361,0.00055248,0.00428278,0,0,0
45.2056,0,5.49532,-7.50289,3.50201,0.000875945,-0.000730247,-0.00220477,0.00585464,0,0,0
45.2056,1,3.50231,-6.50863,8.50463,0.00116161,-0.00200583,-3.2188e-05,0.0099164,0,0,0
45.2056,2,0.499654,-5.49398,1.49146,-0.000205154,-0.003167,0.00064536,0.0104527,0,0,0
45.2056,3,0.487774,-9.50288,5.50493,0.00174406,-0.00114468,-0.000840032,0.0134954,0,0,0
45.2056,4,-1.49588,-4.50132,6.51204,-0.000431301,-0.000745134,-3.20272e-05,0.0128004,0,0,0
45.2056,5,4.50195,-2.49775,4.49702,0.000338672,-0.000728208,0.000543228,0.00421074,0,0,0
45.3438,0,5.49535,-7.50292,3.5018,0.000789386,-0.000636829,-0.00202833,0.00585464,0,0,0
45.3438,1,3.50236,-6.50874,8.50463,0.00105823,-0.0018678,-4.18861e-05,0.0099164,0,0,0
45.3438,2,0.499669,-5.4942,1.49149,-9.82457e-05,-0.0031909,0.000636247,0.0104527,0,0,0
45.3438,3,0.487879,-9.50298,5.5049,0.00177071,-0.00115636,-0.000833686,0.0134954,0,0,0
45.3438,4,-1.4959,-4.50138,6.51204,-0.000425818,-0.000729106,-6.77329e-05,0.0128004,0,0,0
45.3438,5,4.50198,-2.4978,4.49705,0.000357432,-0.000733746,0.000532427,0.00421074,0,0,0
45.4895,0,5.49542,-7.50299,3.50179,0.000868691,-0.000699975,-0.00208901,0.00575944,0,0,0
45.4895,1,3.50244,-6.50889,8.50463,0.00110564,-0.00188609,-7.37451e-05,0.0101715,0,0,0
45.4895,2,0.499636,-5.49438,1.49153,-0.000165775,-0.00310071,0.000643444,0.0101746,0,0,0
45.4895,3,0.487987,-9.50306,5.50485,0.00180123,-0.00114683,-0.000821569,0.0133102,0,0,0
45.4895,4,-1.49593,-4.50145,6.51204,-0.000424271,-0.000754885,-9.87989e-05,0.0127931,0,0,0
45.4895,5,4.502,-2.49783,4.49708,0.000329889,-0.000680076,0.000522586,0.00415359,0,0,0
45.6143,0,5.49546,-7.50304,3.50159,0.00085568,-0.000678942,-0.00191384,0.00575944,0,0,0
45.6143,1,3.50251,-6.509,8.50462,0.00107094,-0.00181548,-8.37646e-05,0.0104276,0,0,0
45.6143,2,0.499621,-5.49456,1.49156,-0.000167682,-0.00300461,0.000647515,0.0101746,0,0,0
45.6143,3,0.488046,-9.5031,5.50482,0.00164747,-0.000997489,-0.000810716,0.0133102,0,0,0
45.6143,4,-1.49596,-4.5015,6.51203,-0.000434898,-0.000746726,-0.00012758,0.0127931,0,0,0
45.6143,5,4.50201,-2.49786,4.4971,0.000289552,-0.000645108,0.000512346,0.00415359,0,0,0
45.7432,0,5.49551,-7.50309,3.50149,0.000844863,-0.000656752,-0.00188902,0.00564784,0,0,0
45.7432,1,3.50258,-6.50913,8.50462,0.0010412,-0.00174431,-7.3441e-05,0.0104276,0,0,0
45.7432,2,0.499623,-5.49472,1.49159,-0.000110631,-0.00290588,0.000648985,0.00993362,0,0,0
45.7432,3,0.488178,-9.50321,5.50477,0.00178785,-0.00110209,-0.000787992,0.0131446,0,0,0
45.7432,4,-1.49599,-4.50156,6.51202,-0.000437671,-0.000731006,-0.000155768,0.0127802,0,0,0
45.7432,5,4.50203,-2.4979,4.49713,0.000276381,-0.000632862,0.000504879,0.00409872,0,0,0
45.8678,0,5.49555,-7.50313,3.50139,0.000799245,-0.000602035,-0.00181703,0.00564784,0,0,0
45.8678,1,3.50263,-6.50922,8.50462,0.000958572,-0.00162145,-0.000102419,0.0104276,0,0,0
45.8678,2,0.499608,-5.49486,1.49163,-0.000122232,-0.0026815,0.000657695,0.00993362,0,0,0
45.8678,3,0.488254,-9.50326,5.50473,0.00168611,-0.000993375,-0.000778469,0.0131446,0,0,0
45.8678,4,-1.49602,-4.5016,6.51201,-0.000467302,-0.000692035,-0.000218305,0.0127802,0,0,0
45.8678,5,4.50207,-2.49796,4.49715,0.000319462,-0.000678776,0.000497648,0.00409872,0,0,0
46.0011,0,5.4956,-7.50318,3.50139,0.000829311,-0.00061836,-0.00186962,0.00560144,0,0,0
46.0011,1,3.50269,-6.50933,8.50461,0.00093007,-0.00154894,-0.000113641,0.0106442,0,0,0
46.0011,2,0.499607,-5.49504,1.49166,-6.96932e-05,-0.0026763,0.000654686,0.00971418,0,0,0
46.0011,3,0.488346,-9.50333,5.50469,0.00167648,-0.000971542,-0.000763512,0.0129979,0,0,0
46.0011,4,-1.49604,-4.50165,6.512,-0.000454763,-0.000662708,-0.000243809,0.0127571,0,0,0
46.0011,5,4.50208,-2.49798,4.49715,0.000254112,-0.000592396,0.000505106,0.00406496,0,0,0
46.1436,0,5.49564,-7.50321,3.5013,0.000784746,-0.000565082,-0.00182695,0.00560144,0,0,0
46.1436,1,3.50273,-6.50941,8.50461,0.000849648,-0.00141198,-0.000121751,0.0106442,0,0,0
46.1436,2,0.499594,-5.4952,1.49169,-7.48434e-05,-0.00260166,0.000658961,0.00971418,0,0,0
46.1436,3,0.488455,-9.50341,5.50465,0.00169615,-0.00096746,-0.000746485,0.0129979,0,0,0
46.1436,4,-1.49606,-4.5017,6.51199,-0.000427639,-0.000667232,-0.000233507,0.0127571,0,0,0
46.1436,5,4.50209,-2.49801,4.49718,0.000211749,-0.000567187,0.000501189,0.00406496,0,0,0
46.2913,0,5.49568,-7.50326,3.50121,0.000779961,-0.000549415,-0.00181723,0.00554,0,0,0
46.2913,1,3.5028,-6.50951,8.5046,0.000877927,-0.0014017,-0.000129317,0.0108229,0,0,0
46.2913,2,0.499583,-5.49535,1.49173,-7.15917e-05,-0.00252442,0.000665188,0.00949658,0,0,0
46.2913,3,0.488561,-9.50349,5.50461,0.001741,-0.000982444,-0.000733811,0.0128175,0,0,0
46.2913,4,-1.49609,-4.50175,6.51198,-0.000456819,-0.000630305,-0.000258528,0.0127405,0,0,0
46.2913,5,4.50212,-2.49806,4.49723,0.000244165,-0.000609613,0.00049166,0.00399278,0,0,0
46.4371,0,5.49574,-7.5033,3.50112,0.000810094,-0.000560317,-0.00179779,0.00554,0,0,0
46.4371,1,3.50285,-6.5096,8.5046,0.000841496,-0.00132371,-0.000120809,0.0108229,0,0,0
46.4371,2,0.499571,-5.4955,1.49177,-7.14384e-05,-0.00242697,0.000669358,0.00949658,0,0,0
46.4371,3,0.488632,-9.50354,5.50457,0.00163351,-0.000876178,-0.000718501,0.0128175,0,0,0
46.4371,4,-1.49612,-4.5018,6.51197,-0.000464016,-0.000618484,-0.000283273,0.0127405,0,0,0
46.4371,5,4.50214,-2.49809,4.49723,0.000230745,-0.000595162,0.000497247,0.00399278,0,0,0
46.587,0,5.49576,-7.50332,3.50103,0.000701244,-0.000453968,-0.001777,0.00548482,0,0,0
46.587,1,3.50289,-6.50968,8.50459,0.000806115,-0.00124465,-0.000146357,0.0110204,0,0,0
46.587,2,0.499549,-5.49564,1.4918,-0.000113363,-0.00232962,0.000676298,0.00929879,0,0,0
46.587,3,0.488735,-9.5036,5.50454,0.00167722,-0.000885604,-0.000698403,0.0126672,0,0,0
46.587,4,-1.49614,-4.50184,6.51195,-0.000449916,-0.000604122,-0.000338164,0.0127109,0,0,0
46.587,5,4.50215,-2.49812,4.49725,0.00020323,-0.000556033,0.000485353,0.00396524,0,0,0
46.7127,0,5.49582,-7.50338,3.50093,0.000800187,-0.000533982,-0.00172906,0.00548482,0,0,0
46.7127,1,3.50294,-6.50976,8.50459,0.000770918,-0.00116569,-0.000140547,0.0110204,0,0,0
46.7127,2,0.499555,-5.49579,1.49183,-5.33222e-05,-0.00229515,0.000678564,0.00929879,0,0,0
46.7127,3,0.488802,-9.50365,5.5045,0.00158307,-0.000801782,-0.000696095,0.0126672,0,0,0
46.7127,4,-1.49615,-4.50188,6.51194,-0.000417506,-0.000574507,-0.000328566,0.0127109,0,0,0
46.7127,5,4.50215,-2.49814,4.4973,0.000153166,-0.000506294,0.000472858,0.00396524,0,0,0
46.8384,0,5.49587,-7.50341,3.50085,0.000789583,-0.000509726,-0.00168776,0.005428,0,0,0
46.8384,1,3.50298,-6.50984,8.50458,0.000731208,-0.00109155,-0.000149108,0.0111797,0,0,0
46.8384,2,0.499544,-5.4959,1.49187,-6.2022e-05,-0.00215548,0.000680358,0.00911446,0,0,0
46.8384,3,0.488899,-9.50371,5.50447,0.00161579,-0.000808709,-0.000682726,0.0125282,0,0,0
46.8384,4,-1.49619,-4.50192,6.51192,-0.000444318,-0.000544694,-0.000349329,0.0126829,0,0,0
46.8384,5,4.50217,-2.49816,4.4973,0.000224379,-0.000588521,0.000476829,0.00392123,0,0,0
46.9766,0,5.4959,-7.50344,3.50076,0.000747572,-0.000461675,-0.00162556,0.005428,0,0,0
46.9766,1,3.50303,-6.50991,8.50456,0.000695854,-0.00101383,-0.00017577,0.0111797,0,0,0
46.9766,2,0.499524,-5.49603,1.49187,-9.75373e-05,-0.00205066,0.000674524,0.00911446,0,0,0
46.9766,3,0.488965,-9.50375,5.50443,0.00152868,-0.000721773,-0.000674265,0.0125282,0,0,0
46.9766,4,-1.49621,-4.50196,6.5119,-0.000438548,-0.000536971,-0.000370309,0.0126829,0,0,0
46.9766,5,4.50219,-2.49819,4.49732,0.000209393,-0.000573428,0.00046496,0.00392123,0,0,0
47.11,0,5.49595,-7.50348,3.50068,0.000770039,-0.000470026,-0.00156951,0.00538469,0,0,0
47.11,1,3.50307,-6.50997,8.50456,0.000664365,-0.000933425,-0.000166955,0.011318,0,0,0
47.11,2,0.499537,-5.49619,1.49194,-9.43162e-06,-0.00210919,0.000685801,0.00893144,0,0,0
47.11,3,0.48906,-9.50381,5.5044,0.00154001,-0.000709674,-0.000665715,0.01239,0,0,0
47.11,4,-1.49623,-4.502,6.51188,-0.000434725,-0.000512387,-0.000390784,0.0126461,0,0,0
47.11,5,4.5022,-2.49822,4.49737,0.00017838,-0.000542408,0.00045398,0.00386051,0,0,0
47.2418,0,5.49599,-7.50351,3.50061,0.000757188,-0.000446071,-0.00152135,0.00538469,0,0,0
47.2418,1,3.50311,-6.51004,8.50455,0.000659981,-0.000898688,-0.00017738,0.011318,0,0,0
47.2418,2,0.499513,-5.49631,1.49197,-6.5024e-05,-0.00204175,0.000698424,0.00893144,0,0,0
47.2418,3,0.489136,-9.50385,5.50437,0.00150516,-0.000671608,-0.000659645,0.01239,0,0,0
47.2418,4,-1.49623,-4.502,6.51188,-0.000434725,-0.000512387,-0.000390784,0.0126461,0,0,0
47.2418,5,4.50221,-2.49826,4.49739,0.000183357,-0.00054824,0.000449486,0.00386051,0,0,0
47.3882,0,5.49603,-7.50354,3.50053,0.00074344,-0.000422074,-0.00148027,0.00534788,0,0,0
47.3882,1,3.50314,-6.51009,8.50454,0.00058795,-0.000780583,-0.000184479,0.0114535,0,0,0
47.3882,2,0.499504,-5.49644,1.492,-6.90888e-05,-0.00200338,0.000689789,0.00876734,0,0,0
47.3882,3,0.489212,-9.50389,5.50433,0.00147301,-0.000634551,-0.000651259,0.0122596,0,0,0
47.3882,4,-1.49624,-4.50204,6.51186,-0.000403187,-0.000495727,-0.000410122,0.0126103,0,0,0
47.3882,5,4.50222,-2.49828,4.49741,0.000153906,-0.000519796,0.00043114,0.003817,0,0,0
47.527,0,5.49607,-7.50357,3.50045,0.000729795,-0.000397514,-0.00143924,0.00534788,0,0,0
47.527,1,3.50317,-6.51014,8.50453,0.000551607,-0.000712702,-0.000199607,0.0114535,0,0,0
47.527,2,0.499508,-5.49658,1.492,-2.28881e-05,-0.00198782,0.000680874,0.00876734,0,0,0
47.527,3,0.489287,-9.50393,5.5043,0.0014447,-0.000597449,-0.000647667,0.0122596,0,0,0
47.527,4,-1.49627,-4.50207,6.51184,-0.000397061,-0.000471525,-0.000429846,0.0126103,0,0,0
47.527,5,4.50224,-2.49832,4.49744,0.000160395,-0.000524038,0.000424504,0.003817,0,0,0
47.6679,0,5.49611,-7.5036,3.50038,0.000714928,-0.000373985,-0.00140601,0.00531599,0,0,0
47.6679,1,3.50321,-6.51019,8.50453,0.000525192,-0.000637163,-0.000191587,0.0115515,0,0,0
47.6679,2,0.499489,-5.49669,1.49207,-6.46197e-05,-0.00191516,0.000683755,0.00860548,0,0,0
47.6679,3,0.489362,-9.50397,5.50427,0.00141917,-0.0005621,-0.000644499,0.0121312,0,0,0
47.6679,4,-1.49629,-4.5021,6.51182,-0.000391765,-0.000448178,-0.000448346,0.0125681,0,0,0
47.6679,5,4.50224,-2.49834,4.49743,0.000121026,-0.000479532,0.000422163,0.00379178,0,0,0
47.8167,0,5.49614,-7.50362,3.50031,0.000700668,-0.000350217,-0.00136919,0.00531599,0,0,0
47.8167,1,3.50322,-6.51022,8.50452,0.000432501,-0.000518151,-0.000199029,0.0115515,0,0,0
47.8167,2,0.499494,-5.49682,1.49211,-1.90432e-05,-0.00189209,0.0006911,0.00860548,0,0,0
47.8167,3,0.489435,-9.50401,5.50423,0.00139679,-0.00052917,-0.000642108,0.0121312,0,0,0
47.8167,4,-1.49631,-4.50213,6.5118,-0.000387131,-0.000425426,-0.000466141,0.0125681,0,0,0
47.8167,5,4.50226,-2.49839,4.49748,9.77675e-05,-0.000468702,0.00040815,0.00379178,0,0,0
47.9554,0,5.49618,-7.50365,3.50024,0.000686782,-0.000326974,-0.00133712,0.00528798,0,0,0
47.9554,1,3.50327,-6.51028,8.50451,0.000466813,-0.000517373,-0.000210571,0.0116315,0,0,0
47.9554,2,0.499487,-5.49693,1.49214,-1.69536e-05,-0.00184253,0.000684039,0.00845301,0,0,0
47.9554,3,0.489496,-9.50404,5.50421,0.00132946,-0.000465914,-0.000639463,0.012015,0,0,0
47.9554,4,-1.49633,-4.50216,6.51178,-0.000383029,-0.000403307,-0.000483234,0.0125224,0,0,0
47.9554,5,4.50227,-2.4984,4.4975,0.000123462,-0.000500929,0.000412613,0.0037339,0,0,0
48.0987,0,5.49622,-7.50368,3.50018,0.000692614,-0.00034283,-0.00130219,0.00528798,0,0,0
48.0987,1,3.50329,-6.51032,8.5045,0.000430221,-0.000459073,-0.000219622,0.0116315,0,0,0
48.0987,2,0.49947,-5.49704,1.49214,-5.27769e-05,-0.00176613,0.000676554,0.00845301,0,0,0
48.0987,3,0.489581,-9.50408,5.50417,0.00136539,-0.000479909,-0.000635268,0.012015,0,0,0
48.0987,4,-1.49635,-4.50219,6.51175,-0.000376805,-0.00037933,-0.000499704,0.0125224,0,0,0
48.0987,5,4.50228,-2.49843,4.49752,0.000111957,-0.000487767,0.000404859,0.0037339,0,0,0
48.2368,0,5.49625,-7.50369,3.50012,0.000648658,-0.000272278,-0.00127029,0.00526529,0,0,0
48.2368,1,3.50332,-6.51036,8.50447,0.000399196,-0.000399749,-0.000239423,0.0117295,0,0,0
48.2368,2,0.499458,-5.49715,1.49217,-6.9193e-05,-0.00171964,0.000676276,0.00834647,0,0,0
48.2368,3,0.489655,-9.50412,5.50414,0.00135476,-0.000450258,-0.000632032,0.0118783,0,0,0
48.2368,4,-1.49637,-4.50222,6.51173,-0.000375833,-0.000361008,-0.000513729,0.0124768,0,0,0
48.2368,5,4.50228,-2.49846,4.49752,9.74363e-05,-0.000477893,0.000407279,0.00370828,0,0,0
48.3614,0,5.49629,-7.50372,3.50006,0.000659158,-0.000261716,-0.00123656,0.00526529,0,0,0
48.3614,1,3.50335,-6.51039,8.50447,0.000369749,-0.000342817,-0.000232353,0.0117295,0,0,0
48.3614,2,0.499465,-5.49726,1.49224,-2.23615e-05,-0.00170691,0.0006934,0.00834647,0,0,0
48.3614,3,0.489728,-9.50415,5.50411,0.00134405,-0.000425496,-0.00062528,0.0118783,0,0,0
48.3614,4,-1.49639,-4.50224,6.5117,-0.000390437,-0.000331777,-0.000532503,0.0124768,0,0,0
48.3614,5,4.50229,-2.49848,4.49754,8.65051e-05,-0.000464447,0.000402346,0.00370828,0,0,0
48.4922,0,5.49632,-7.50373,3.5,0.000634123,-0.000226621,-0.00120421,0.00524219,0,0,0
48.4922,1,3.50337,-6.51042,8.50445,0.000341318,-0.000288156,-0.000246396,0.0117975,0,0,0
48.4922,2,0.49946,-5.49734,1.49228,-2.49073e-05,-0.00156492,0.000697855,0.00818412,0,0,0
48.4922,3,0.489801,-9.50418,5.50408,0.00133457,-0.000402786,-0.000617986,0.0117524,0,0,0
48.4922,4,-1.49641,-4.50226,6.51167,-0.000362606,-0.000311597,-0.000544457,0.0124208,0,0,0
48.4922,5,4.5023,-2.49853,4.49758,5.1198e-05,-0.000431669,0.000396124,0.00364811,0,0,0
48.618,0,5.49635,-7.50375,3.49994,0.000623761,-0.000208201,-0.00117903,0.00524219,0,0,0
48.618,1,3.50339,-6.51045,8.50444,0.000329713,-0.000245356,-0.000252608,0.0117975,0,0,0
48.618,2,0.499452,-5.49742,1.49228,-3.30154e-05,-0.00146617,0.000686193,0.00818412,0,0,0
48.618,3,0.489873,-9.50421,5.50405,0.00132582,-0.00038122,-0.000605854,0.0117524,0,0,0
48.618,4,-1.49643,-4.50229,6.51164,-0.000357269,-0.000291772,-0.000560839,0.0124208,0,0,0
48.618,5,4.5023,-2.49853,4.49758,6.26913e-05,-0.000440894,0.000401697,0.00364811,0,0,0
48.7553,0,5.49638,-7.50376,3.49982,0.000590838,-0.000176485,-0.00109033,0.00522529,0,0,0
48.7553,1,3.50341,-6.51048,8.50443,0.000289085,-0.000180797,-0.000251995,0.0118535,0,0,0
48.7553,2,0.499447,-5.4975,1.49231,-3.12867e-05,-0.00137071,0.000680081,0.00810332,0,0,0
48.7553,3,0.489945,-9.50424,5.50402,0.00131703,-0.000360173,-0.000594756,0.0116268,0,0,0
48.7553,4,-1.49645,-4.50231,6.5116,-0.000376095,-0.000269756,-0.00057604,0.0123504,0,0,0
48.7553,5,4.50231,-2.49856,4.4976,5.17508e-05,-0.000428947,0.000392545,0.00362969,0,0,0
48.8934,0,5.4964,-7.50377,3.49982,0.00054548,-0.000129566,-0.00110656,0.00522529,0,0,0
48.8934,1,3.50343,-6.5105,8.50441,0.00026332,-0.000133571,-0.000253072,0.0118535,0,0,0
48.8934,2,0.499456,-5.49762,1.49239,2.7572e-05,-0.00143753,0.00068758,0.00810332,0,0,0
48.8934,3,0.490003,-9.50426,5.50399,0.00126283,-0.000311456,-0.000583919,0.0116268,0,0,0
48.8934,4,-1.49647,-4.50233,6.51158,-0.00036285,-0.000271037,-0.00058497,0.0123504,0,0,0
48.8934,5,4.50232,-2.49858,4.49764,4.11884e-05,-0.000416961,0.000382639,0.00362969,0,0,0
49.0449,0,5.49645,-7.5038,3.49976,0.000604418,-0.000166186,-0.00103877,0.00520457,0,0,0
49.0449,1,3.50345,-6.51052,8.5044,0.000238321,-8.87861e-05,-0.000255018,0.0118957,0,0,0
49.0449,2,0.499453,-5.49774,1.49242,3.92428e-05,-0.00150206,0.000682377,0.00792802,0,0,0
49.0449,3,0.490073,-9.50428,5.50396,0.00125701,-0.0002977,-0.000570102,0.0115141,0,0,0
49.0449,4,-1.49649,-4.50235,6.51156,-0.00035435,-0.000248194,-0.000594749,0.0123057,0,0,0
49.0449,5,4.50232,-2.4986,4.49764,3.09965e-05,-0.000405225,0.00038395,0.00359227,0,0,0
49.1771,0,5.49648,-7.50381,3.49972,0.000595373,-0.00014591,-0.00101187,0.00520457,0,0,0
49.1771,1,3.50347,-6.51054,8.50439,0.000216238,-4.43797e-05,-0.000257778,0.0118957,0,0,0
49.1771,2,0.499442,-5.49783,1.49245,1.41966e-05,-0.00147466,0.000667807,0.00792802,0,0,0
49.1771,3,0.490142,-9.50431,5.50393,0.00125529,-0.000275951,-0.000564952,0.0115141,0,0,0
49.1771,4,-1.49651,-4.50237,6.51152,-0.000355993,-0.000237341,-0.000608348,0.0123057,0,0,0
49.1771,5,4.50233,-2.49864,4.49768,2.63705e-06,-0.000372602,0.000366412,0.00359227,0,0,0
49.3112,0,5.49651,-7.50382,3.49962,0.000585124,-0.000128219,-0.000927118,0.0051894,0,0,0
49.3112,1,3.50348,-6.51055,8.50438,0.000174821,9.46452e-06,-0.000261659,0.0119322,0,0,0
49.3112,2,0.499433,-5.49792,1.49248,-3.92051e-06,-0.00140799,0.00066274,0.0078198,0,0,0
49.3112,3,0.49021,-9.50433,5.5039,0.00124776,-0.000257316,-0.00055885,0.0113941,0,0,0
49.3112,4,-1.49653,-4.50239,6.51149,-0.000356635,-0.000225039,-0.000620276,0.0122409,0,0,0
49.3112,5,4.50233,-2.49864,4.49768,7.80192e-06,-0.000369638,0.000373638,0.00355791,0,0,0
49.443,0,5.49654,-7.50383,3.49961,0.000569121,-0.000108072,-0.000955665,0.0051894,0,0,0
49.443,1,3.5035,-6.51057,8.50438,0.000164707,3.85671e-05,-0.000257178,0.0119322,0,0,0
49.443,2,0.499431,-5.49799,1.49252,2.3837e-06,-0.00133682,0.000661965,0.0078198,0,0,0
49.443,3,0.490277,-9.50435,5.50387,0.00123947,-0.00023841,-0.000556044,0.0113941,0,0,0
49.443,4,-1.49655,-4.50241,6.51145,-0.000369206,-0.00020167,-0.000631277,0.0122409,0,0,0
49.443,5,4.50233,-2.49866,4.4977,-1.10209e-06,-0.000363825,0.00036392,0.00355791,0,0,0
49.5716,0,5.49658,-7.50385,3.49952,0.000588815,-0.000114479,-0.00086511,0.00517277,0,0,0
49.5716,1,3.50351,-6.51059,8.50436,0.00014521,7.27306e-05,-0.000261564,0.0119646,0,0,0
49.5716,2,0.499431,-5.49808,1.49252,2.08243e-05,-0.00133612,0.000662333,0.00776454,0,0,0
49.5716,3,0.490353,-9.50438,5.50385,0.00126608,-0.000248223,-0.00055209,0.0112711,0,0,0
49.5716,4,-1.49656,-4.50243,6.51143,-0.000345464,-0.000190582,-0.000640984,0.0121777,0,0,0
49.5716,5,4.50234,-2.49869,4.49771,4.67302e-08,-0.000365735,0.000361386,0.00352224,0,0,0
49.6977,0,5.4966,-7.50385,3.49948,0.000545984,-7.40618e-05,-0.000845417,0.00517277,0,0,0
49.6977,1,3.50352,-6.5106,8.50434,0.000125114,0.000110393,-0.00027775,0.0119646,0,0,0
49.6977,2,0.499425,-5.49816,1.49259,1.4151e-05,-0.00129488,0.000663868,0.00776454,0,0,0
49.6977,3,0.490409,-9.50439,5.50382,0.00121644,-0.000197679,-0.000548149,0.0112711,0,0,0
49.6977,4,-1.49658,-4.50244,6.5114,-0.000341388,-0.000174874,-0.000648262,0.0121777,0,0,0
49.6977,5,4.50234,-2.4987,4.49773,-1.27518e-05,-0.000344418,0.000356158,0.00352224,0,0,0
49.8439,0,5.49663,-7.50386,3.49944,0.000535593,-6.0429e-05,-0.000803293,0.0051588,0,0,0
49.8439,1,3.50353,-6.51061,8.50432,0.000107648,0.000146072,-0.000283001,0.0119792,0,0,0
49.8439,2,0.49942,-5.49824,1.49259,7.0519e-06,-0.00125618,0.000673447,0.00765351,0,0,0
49.8439,3,0.490474,-9.50441,5.50379,0.00120897,-0.000180541,-0.000544613,0.0111619,0,0,0
49.8439,4,-1.4966,-4.50246,6.51137,-0.000337307,-0.000159621,-0.000659669,0.0121176,0,0,0
49.8439,5,4.50234,-2.49873,4.49775,-6.89343e-06,-0.000357547,0.000351303,0.00348801,0,0,0
49.9815,0,5.49666,-7.50387,3.4994,0.000542542,-5.59426e-05,-0.000769661,0.0051588,0,0,0
49.9815,1,3.50355,-6.51061,8.50433,9.83315e-05,0.000167312,-0.000275099,0.0119792,0,0,0
49.9815,2,0.499415,-5.4983,1.49263,3.51901e-07,-0.00116694,0.000674228,0.00765351,0,0,0
49.9815,3,0.490538,-9.50443,5.50377,0.00120127,-0.000164257,-0.000541003,0.0111619,0,0,0
49.9815,4,-1.49662,-4.50247,6.51133,-0.000346048,-0.000154288,-0.000673063,0.0121176,0,0,0
49.9815,5,4.50234,-2.49874,4.49776,-2.97851e-05,-0.000330451,0.000346346,0.00348801,0,0,0
50.1197,0,5.49669,-7.50388,3.49936,0.000526083,-3.58588e-05,-0.000742148,0.0051419,0,0,0
50.1197,1,3.50356,-6.51062,8.5043,7.96052e-05,0.000193413,-0.000285785,0.0119984,0,0,0
50.1197,2,0.499415,-5.49838,1.4927,1.76312e-05,-0.00116688,0.000690111,0.00758962,0,0,0
50.1197,3,0.490612,-9.50445,5.50374,0.00122709,-0.00017414,-0.000537289,0.0110411,0,0,0
50.1197,4,-1.49664,-4.50249,6.5113,-0.000355649,-0.00013219,-0.000699173,0.0120436,0,0,0
50.1197,5,4.50234,-2.49876,4.49778,-3.33326e-05,-0.000321901,0.000340967,0.00345437,0,0,0
50.2531,0,5.49671,-7.50389,3.49935,0.000498595,-1.27429e-05,-0.000764553,0.0051419,0,0,0
50.2531,1,3.50357,-6.51063,8.50428,6.39077e-05,0.000219503,-0.000292723,0.0119984,0,0,0
50.2531,2,0.499411,-5.49845,1.49273,1.45238e-05,-0.00112939,0.000694016,0.00758962,0,0,0
50.2531,3,0.490677,-9.50446,5.50371,0.00122106,-0.000147684,-0.000532047,0.0110411,0,0,0
50.2531,4,-1.49666,-4.5025,6.51126,-0.000345469,-0.000132721,-0.000692724,0.0120436,0,0,0
50.2531,5,4.50234,-2.49879,4.4978,-6.32587e-05,-0.000290583,0.000337217,0.00345437,0,0,0
50.3772,0,5.49674,-7.50389,3.49928,0.000505057,-9.49178e-06,-0.000693041,0.00512725,0,0,0
50.3772,1,3.50357,-6.51063,8.50428,3.82443e-05,0.000249004,-0.000284347,0.0119978,0,0,0
50.3772,2,0.499406,-5.49851,1.49276,1.70135e-06,-0.00105695,0.000685207,0.00745602,0,0,0
50.3772,3,0.49074,-9.50448,5.50368,0.00120546,-0.000132917,-0.000526434,0.0109252,0,0,0
50.3772,4,-1.49668,-4.50251,6.51122,-0.000355862,-0.000113013,-0.000700825,0.011968,0,0,0
50.3772,5,4.50234,-2.49882,4.49782,-6.50836e-05,-0.000298066,0.000332583,0.00341096,0,0,0
50.5196,0,5.49677,-7.5039,3.49928,0.000489668,6.34383e-06,-0.000730179,0.00512725,0,0,0
50.5196,1,3.50358,-6.51063,8.50425,3.64773e-05,0.000264471,-0.000292701,0.0119978,0,0,0
50.5196,2,0.499408,-5.49859,1.4928,2.37868e-05,-0.00105612,0.000681404,0.00745602,0,0,0
50.5196,3,0.490803,-9.50449,5.50366,0.00119728,-0.000112039,-0.000519829,0.0109252,0,0,0
50.5196,4,-1.49669,-4.50252,6.51119,-0.000324478,-0.000102221,-0.000723766,0.011968,0,0,0
50.5196,5,4.50234,-2.49882,4.49783,-4.85747e-05,-0.000315192,0.000327788,0.00341096,0,0,0
50.6568,0,5.49679,-7.5039,3.49925,0.00048153,2.00732e-05,-0.000704628,0.00510615,0,0,0
50.6568,1,3.50359,-6.51063,8.50425,1.90103e-05,0.000285876,-0.000289406,0.0119969,0,0,0
50.6568,2,0.499405,-5.49865,1.49283,2.07965e-05,-0.00102687,0.000676005,0.00736361,0,0,0
50.6568,3,0.490865,-9.5045,5.50363,0.00118538,-9.58001e-05,-0.000512475,0.0108107,0,0,0
50.6568,4,-1.49671,-4.50254,6.51116,-0.000336393,-9.33133e-05,-0.000711387,0.0119034,0,0,0
50.6568,5,4.50234,-2.49884,4.49785,-6.15907e-05,-0.000300729,0.000322651,0.00338374,0,0,0
50.7985,0,5.49682,-7.5039,3.49918,0.000458308,3.87829e-05,-0.00064265,0.00510615,0,0,0
50.7985,1,3.5036,-6.51063,8.50424,1.74959e-05,0.000305524,-0.000289921,0.0119969,0,0,0
50.7985,2,0.499405,-5.49865,1.49283,2.07965e-05,-0.00102687,0.000676005,0.00736361,0,0,0
50.7985,3,0.490917,-9.50451,5.5036,0.00113841,-6.20049e-05,-0.000506336,0.0108107,0,0,0
50.7985,4,-1.49673,-4.50255,6.51112,-0.000339405,-8.76763e-05,-0.000714542,0.0119034,0,0,0
50.7985,5,4.50234,-2.49885,4.49787,-6.06309e-05,-0.000299457,0.000318712,0.00338374,0,0,0
