time,uav_id,px,py,pz,vx,vy,vz,feedback,ref_x,ref_y,ref_z
5.6131e-05,0,6.47413,8.45765,7.21284,-1.86292,-1.53098,-0.783974,25.794,0,0,0
5.6131e-05,1,8.57495,9.38736,5.69926,-1.55195,0.322125,0.816316,24.9514,0,0,0
5.6131e-05,2,12.1344,7.03311,8.14109,-0.770606,-2.80319,1.14988,30.874,0,0,0
5.6131e-05,3,10.1171,5.78158,2.04181,-0.0957516,-1.59022,0.390836,26.8831,0,0,0
5.6131e-05,4,10.4642,9.64137,9.12408,-0.308879,-1.12983,-0.607949,23.1188,0,0,0
5.6131e-05,5,5.19177,4.55506,4.82524,-0.233718,-1.54231,1.64296,18.9274,0,0,0
0.124241,0,6.38114,8.37722,7.16129,-1.87153,-1.65806,-0.844657,25.794,0,0,0
0.124241,1,8.48185,9.37616,5.72099,-1.66014,0.194931,0.816709,24.8869,0,0,0
0.124241,2,12.0817,6.90494,8.1629,-0.865459,-2.83478,1.06997,30.5837,0,0,0
0.124241,3,10.0777,5.59968,2.04704,-0.283883,-1.74564,0.530238,26.6483,0,0,0
0.124241,4,10.4642,9.64137,9.12408,-0.308879,-1.12983,-0.607949,22.9959,0,0,0
0.124241,5,5.15156,4.44676,4.88542,-0.357781,-1.66385,1.69877,18.9274,0,0,0
0.247892,0,6.29099,8.29285,7.11608,-1.86723,-1.7823,-0.890388,24.337,0,0,0
0.247892,1,8.38586,9.35446,5.76469,-1.75078,0.0487714,0.836915,24.8869,0,0,0
0.247892,2,12.0155,6.71011,8.18976,-0.970085,-3.0787,1.05198,30.5837,0,0,0
0.247892,3,10.0596,5.59064,2.05349,-0.339801,-1.76851,0.576051,26.6483,0,0,0
0.247892,4,10.4386,9.58314,9.08414,-0.447791,-1.2258,-0.609351,22.9959,0,0,0
0.247892,5,5.05974,4.21895,5.01808,-0.566214,-1.87065,1.85156,18.7811,0,0,0
0.373484,0,6.17907,8.20085,7.06013,-1.94238,-1.91176,-0.931521,24.337,0,0,0
0.373484,1,8.26958,9.32615,5.78833,-1.89929,-0.089957,0.8788,18.2414,0,0,0
0.373484,2,11.9386,6.5288,8.21294,-1.10477,-3.24858,1.01395,37.765,0,0,0
0.373484,3,9.99442,5.38831,2.06287,-0.540092,-1.94305,0.651979,15.9505,0,0,0
0.373484,4,10.4137,9.50976,9.03645,-0.563333,-1.36317,-0.614413,33.8563,0,0,0
0.373484,5,5.05569,4.20083,5.01819,-0.577724,-1.95689,1.83874,18.7811,0,0,0
0.50662,0,6.11841,8.11074,7.00685,-1.82357,-2.01991,-0.972662,20.7657,0,0,0
0.50662,1,8.16875,9.2897,5.80983,-1.9719,-0.24414,0.913342,18.2414,0,0,0
0.50662,2,11.8677,6.40574,8.23751,-1.21065,-3.22087,0.866085,37.765,0,0,0
0.50662,3,9.96028,5.24953,2.07448,-0.62266,-2.10586,0.74501,15.9505,0,0,0
0.50662,4,10.378,9.43418,8.98199,-0.69397,-1.482,-0.618929,33.8563,0,0,0
0.50662,5,4.94854,3.97121,5.14785,-0.769074,-2.09811,1.94272,20.9541,0,0,0
0.630554,0,6.0395,8.01607,6.94995,-1.7707,-2.12507,-1.01056,20.7657,0,0,0
0.630554,1,8.05607,9.25721,5.80929,-2.07533,-0.357229,0.949732,25.0119,0,0,0
0.630554,2,11.7785,6.21966,8.26263,-1.34361,-3.39158,0.776261,32.7908,0,0,0
0.630554,3,9.8809,5.14108,2.09955,-0.818819,-2.14506,0.888509,20.9125,0,0,0
0.630554,4,10.3394,9.35598,8.93013,-0.81623,-1.59033,-0.618839,34.5238,0,0,0
0.630554,5,4.94834,3.97075,5.14787,-0.780432,-2.0894,1.94513,20.9541,0,0,0
0.75588,0,5.96358,7.91668,6.88993,-1.7234,-2.2297,-1.02662,21.0741,0,0,0
0.75588,1,7.94317,9.22425,5.83278,-2.15917,-0.451939,0.994731,25.0119,0,0,0
0.75588,2,11.7081,6.10367,8.28825,-1.40899,-3.29781,0.676064,32.7908,0,0,0
0.75588,3,9.8809,5.14108,2.09955,-0.818819,-2.14506,0.888509,20.9125,0,0,0
0.75588,4,10.2968,9.27401,8.8716,-0.934661,-1.69604,-0.631526,34.5238,0,0,0
0.75588,5,4.87878,3.83335,5.21522,-0.919623,-2.20885,1.9919,20.9674,0,0,0
0.892225,0,5.89141,7.81325,6.83585,-1.66722,-2.32823,-1.04289,21.0741,0,0,0
0.892225,1,7.81272,9.17356,5.85672,-2.29197,-0.585368,1.04533,18.1571,0,0,0
0.892225,2,11.6075,5.90551,8.31147,-1.54868,-3.49603,0.532242,33.221,0,0,0
0.892225,3,9.814,5.03123,2.11241,-0.972692,-2.17649,0.966485,15.7687,0,0,0
0.892225,4,10.2497,9.18796,8.81416,-1.04867,-1.79857,-0.637794,34.3406,0,0,0
0.892225,5,4.74838,3.55536,5.28363,-1.11249,-2.39777,2.08953,20.9674,0,0,0
1.02224,0,5.82275,7.70552,6.76813,-1.61013,-2.42728,-1.0459,21.4087,0,0,0
1.02224,1,7.66322,9.12749,5.91054,-2.47875,-0.674241,1.0821,18.1571,0,0,0
1.02224,2,11.5091,5.75761,8.33802,-1.66698,-3.48544,0.499236,33.221,0,0,0
1.02224,3,9.69008,4.78244,2.12543,-1.18439,-2.33503,1.04516,15.7687,0,0,0
1.02224,4,10.1982,9.09775,8.75298,-1.15941,-1.89848,-0.647884,34.3406,0,0,0
1.02224,5,4.66658,3.41716,5.42419,-1.25956,-2.45514,2.16299,20.8188,0,0,0
1.1501,0,5.75795,7.59385,6.70147,-1.56357,-2.52319,-1.01018,21.4087,0,0,0
1.1501,1,7.55406,9.07365,5.9418,-2.51364,-0.793206,1.05099,24.8766,0,0,0
1.1501,2,11.3983,5.58214,8.36277,-1.80144,-3.57502,0.3841,32.8435,0,0,0
1.1501,3,9.54583,4.50153,2.15065,-1.44032,-2.54178,1.05456,20.1811,0,0,0
1.1501,4,10.1423,9.00338,8.69181,-1.2701,-1.99622,-0.650707,34.1334,0,0,0
1.1501,5,4.587,3.26779,5.49165,-1.4145,-2.57428,2.1202,20.8188,0,0,0
1.27353,0,5.69672,7.47814,6.63397,-1.52986,-2.61028,-0.957035,20.522,0,0,0
1.27353,1,7.3959,9.00919,5.9711,-2.72121,-0.915812,1.00202,24.8766,0,0,0
1.27353,2,11.288,5.4275,8.38833,-1.91943,-3.57456,0.328208,32.8435,0,0,0
1.27353,3,9.53227,4.50053,2.16092,-1.52369,-2.55297,0.973818,20.1811,0,0,0
1.27353,4,10.082,8.9049,8.62634,-1.38061,-2.08887,-0.669443,34.1334,0,0,0
1.27353,5,4.50492,3.11413,5.5609,-1.5724,-2.69358,2.05512,20.1333,0,0,0
1.4058,0,5.64312,7.36304,6.56742,-1.50101,-2.67306,-0.876886,20.522,0,0,0
1.4058,1,7.25398,8.94315,5.97537,-2.83999,-1.0409,0.941482,17.8117,0,0,0
1.4058,2,11.1975,5.30832,8.41022,-1.95835,-3.45228,0.293544,32.4598,0,0,0
1.4058,3,9.53227,4.50053,2.16092,-1.52369,-2.55297,0.973818,15.2339,0,0,0
1.4058,4,10.0174,8.80246,8.557,-1.48822,-2.17323,-0.715521,33.9014,0,0,0
1.4058,5,4.42153,2.95661,5.63159,-1.71542,-2.81246,1.99325,20.1333,0,0,0
1.53053,0,5.58213,7.23437,6.50154,-1.49226,-2.76891,-0.807812,20.8501,0,0,0
1.53053,1,7.13031,8.878,6.00872,-2.88814,-1.15702,0.83364,17.8117,0,0,0
1.53053,2,11.0713,5.15087,8.43157,-2.09297,-3.46965,0.364826,32.4598,0,0,0
1.53053,3,9.37229,4.20959,2.17055,-1.73372,-2.76113,0.894882,15.2339,0,0,0
1.53053,4,9.94833,8.69636,8.4881,-1.59383,-2.24761,-0.781808,33.9014,0,0,0
1.53053,5,4.42617,2.95464,5.70283,-1.75565,-2.83879,1.91012,20.0878,0,0,0
1.6598,0,5.53106,7.11041,6.43387,-1.48357,-2.8235,-0.695196,20.8501,0,0,0
1.6598,1,6.97583,8.80646,6.07868,-3.03165,-1.26546,0.757517,24.6673,0,0,0
1.6598,2,10.9692,5.03596,8.4527,-2.13306,-3.33295,0.481286,31.9619,0,0,0
1.6598,3,9.28938,4.05297,2.18199,-1.82264,-2.88444,0.833003,19.5715,0,0,0
1.6598,4,9.87497,8.58708,8.41433,-1.69887,-2.30973,-0.866296,33.6465,0,0,0
1.6598,5,4.26468,2.63996,5.77382,-1.89249,-2.99307,1.88762,20.0878,0,0,0
1.78724,0,5.47513,6.97742,6.36837,-1.48483,-2.8909,-0.616179,20.0974,0,0,0
1.78724,1,6.85125,8.73301,6.11897,-3.04756,-1.36882,0.712736,24.6673,0,0,0
1.78724,2,10.8524,4.91165,8.47713,-2.21788,-3.23782,0.557338,31.9619,0,0,0
1.78724,3,9.20805,3.89142,2.18988,-1.88375,-3.01709,0.746405,19.5715,0,0,0
1.78724,4,9.7973,8.47525,8.3408,-1.80508,-2.35804,-0.961355,33.6465,0,0,0
1.78724,5,4.27913,2.65985,5.84571,-1.84782,-2.87462,1.95252,19.3952,0,0,0
1.92368,0,5.41768,6.83989,6.30085,-1.49224,-2.95519,-0.560464,20.0974,0,0,0
1.92368,1,6.70063,8.65146,6.16057,-3.14444,-1.48751,0.60346,24.5572,0,0,0
1.92368,2,10.707,4.76884,8.50089,-2.37761,-3.20648,0.690039,31.7918,0,0,0
1.92368,3,9.12952,3.72491,2.19678,-1.91786,-3.16188,0.605755,14.481,0,0,0
1.92368,4,9.71322,8.35957,8.26477,-1.91811,-2.40164,-1.07175,33.3686,0,0,0
1.92368,5,4.19687,2.48826,5.84346,-1.86814,-2.96962,1.98537,19.3952,0,0,0
2.04866,0,5.35763,6.69791,6.2388,-1.50715,-3.01901,-0.519453,20.4114,0,0,0
2.04866,1,6.56483,8.56496,6.20398,-3.17141,-1.60382,0.545946,24.5572,0,0,0
2.04866,2,10.5917,4.66167,8.52667,-2.41855,-3.05019,0.802824,31.7918,0,0,0
2.04866,3,9.0553,3.55331,2.20372,-1.92687,-3.30078,0.481466,14.481,0,0,0
2.04866,4,9.62781,8.24596,8.18687,-2.01322,-2.42116,-1.16008,33.3686,0,0,0
2.04866,5,4.02675,2.11972,5.90854,-1.93602,-3.20024,2.07001,19.5396,0,0,0
2.18032,0,5.29402,6.55168,6.17286,-1.53382,-3.07913,-0.493595,20.4114,0,0,0
2.18032,1,6.43584,8.47646,6.24881,-3.16894,-1.70928,0.494966,24.4251,0,0,0
2.18032,2,10.4324,4.52329,8.55191,-2.5765,-2.9854,0.91536,31.4301,0,0,0
2.18032,3,9.07804,3.54849,2.21202,-1.82153,-3.34984,0.36902,14.5287,0,0,0
2.18032,4,9.53787,8.132,8.11611,-2.11272,-2.42991,-1.25124,33.08,0,0,0
2.18032,5,4.05163,2.12514,6.0336,-1.8502,-3.19449,2.05231,19.5396,0,0,0
2.30795,0,5.22605,6.40156,6.1067,-1.57499,-3.13513,-0.501006,20.093,0,0,0
2.30795,1,6.32768,8.39373,6.24796,-3.08895,-1.78279,0.472113,24.4251,0,0,0
2.30795,2,10.2886,4.40415,8.57551,-2.68902,-2.88627,0.978705,31.4301,0,0,0
2.30795,3,9.01534,3.37327,2.22025,-1.77477,-3.46959,0.349423,14.5287,0,0,0
2.30795,4,9.34582,7.90759,7.94136,-2.29786,-2.43044,-1.35405,33.08,0,0,0
2.30795,5,3.97248,1.95866,6.08676,-1.88223,-3.33029,1.8468,19.1203,0,0,0
2.43697,0,5.15297,6.2481,6.04268,-1.62607,-3.18573,-0.534686,20.093,0,0,0
2.43697,1,6.20133,8.29305,6.33585,-3.07916,-1.89643,0.479766,24.2833,0,0,0
2.43697,2,10.1712,4.31039,8.59731,-2.70951,-2.72074,0.964693,30.8803,0,0,0
2.43697,3,8.82637,2.82515,2.23672,-1.67682,-3.76679,0.453316,14.0279,0,0,0
2.43697,4,9.25583,7.81148,7.85827,-2.34239,-2.37694,-1.38183,32.7751,0,0,0
2.43697,5,3.81272,1.56185,6.14482,-1.8913,-3.66517,1.72202,19.1203,0,0,0
2.56253,0,5.07419,6.09202,5.97897,-1.6884,-3.2295,-0.571008,19.7523,0,0,0
2.56253,1,6.08972,8.19085,6.33445,-3.01045,-1.99772,0.488368,24.2833,0,0,0
2.56253,2,10.0047,4.18494,8.62422,-2.87797,-2.66665,1.01953,30.8803,0,0,0
2.56253,3,8.82637,2.82515,2.23672,-1.67682,-3.76679,0.453316,14.0279,0,0,0
2.56253,4,9.25583,7.81148,7.85827,-2.34239,-2.37694,-1.38183,32.7751,0,0,0
2.56253,5,3.74287,1.36541,6.20462,-1.83241,-3.7967,1.6755,18.499,0,0,0
2.68812,0,4.9892,5.93415,5.91722,-1.76141,-3.26766,-0.623361,19.7523,0,0,0
2.68812,1,5.98715,8.08654,6.3804,-2.91572,-2.09306,0.45589,24.1199,0,0,0
2.68812,2,9.84659,4.06522,8.64485,-3.00529,-2.60418,1.01233,30.6714,0,0,0
2.68812,3,8.86779,2.82559,2.24417,-1.51656,-3.7856,0.33232,13.8657,0,0,0
2.68812,4,9.13535,7.68997,7.76966,-2.47413,-2.42953,-1.34498,32.4592,0,0,0
2.68812,5,3.67736,1.169,6.26025,-1.78611,-3.9605,1.46489,18.499,0,0,0
2.8116,0,4.89766,5.77531,5.8634,-1.83727,-3.29926,-0.664772,19.3908,0,0,0
2.8116,1,5.89246,7.979,6.42278,-2.80466,-2.17988,0.466565,24.1199,0,0,0
2.8116,2,9.68991,3.9495,8.66253,-3.12501,-2.55103,0.898101,30.6714,0,0,0
2.8116,3,8.83217,2.63634,2.255,-1.41986,-3.88055,0.226811,13.8657,0,0,0
2.8116,4,9.0186,7.58002,7.68484,-2.57645,-2.44681,-1.2768,32.4592,0,0,0
2.8116,5,3.64733,0.98936,6.3108,-1.63543,-4.06484,1.11229,18.0696,0,0,0
2.93599,0,4.79945,5.61624,5.79234,-1.92498,-3.32334,-0.725136,19.3908,0,0,0
2.93599,1,5.80576,7.86748,6.46448,-2.67645,-2.26339,0.488771,23.9468,0,0,0
2.93599,2,9.55374,3.84728,8.68393,-3.15066,-2.46666,0.80041,30.278,0,0,0
2.93599,3,8.78001,2.25263,2.28399,-1.19199,-4.0296,0.210166,13.5283,0,0,0
2.93599,4,8.8992,7.47425,7.60017,-2.66223,-2.44004,-1.2378,32.1233,0,0,0
2.93599,5,3.58388,0.79541,6.37025,-1.59952,-4.15233,0.973929,18.0696,0,0,0
3.06164,0,4.69324,5.4561,5.72863,-2.01668,-3.34887,-0.761062,19.0101,0,0,0
3.06164,1,5.72694,7.75186,6.54752,-2.53658,-2.34333,0.526415,23.9468,0,0,0
3.06164,2,9.4107,3.74739,8.70887,-3.18684,-2.38144,0.737306,30.278,0,0,0
3.06164,3,8.78001,2.25263,2.28399,-1.19199,-4.0296,0.210166,13.5283,0,0,0
3.06164,4,8.77581,7.37111,7.51852,-2.74767,-2.42673,-1.17717,32.1233,0,0,0
3.06164,5,3.58388,0.79541,6.37025,-1.59952,-4.15233,0.973929,17.6734,0,0,0
3.1931,0,4.58189,5.29795,5.66161,-2.09916,-3.35601,-0.857374,19.0101,0,0,0
3.1931,1,5.65601,7.63193,6.5837,-2.38198,-2.42383,0.559558,23.7639,0,0,0
3.1931,2,9.22801,3.61644,8.73231,-3.33681,-2.4014,0.728556,29.9331,0,0,0
3.1931,3,8.70554,1.85426,2.29917,-1.10904,-4.17729,0.148665,13.013,0,0,0
3.1931,4,8.64803,7.26989,7.43763,-2.83521,-2.40781,-1.10597,31.7818,0,0,0
3.1931,5,3.52119,0.603363,6.42897,-1.55887,-4.20604,0.891585,17.6734,0,0,0
3.31644,0,4.46641,5.14252,5.60646,-2.17249,-3.35425,-0.931217,18.6105,0,0,0
3.31644,1,5.59741,7.52527,6.6199,-2.21031,-2.44261,0.593013,23.7639,0,0,0
3.31644,2,9.08716,3.51394,8.7533,-3.32825,-2.33611,0.649053,29.9331,0,0,0
3.31644,3,8.69114,1.65404,2.32047,-1.01056,-4.24013,0.0104329,13.013,0,0,0
3.31644,4,8.51749,7.17195,7.36052,-2.91825,-2.37701,-1.04331,31.7818,0,0,0
3.31644,5,3.45901,0.414036,6.48643,-1.53119,-4.23714,0.813111,17.2583,0,0,0
3.44195,0,4.3455,4.98801,5.53969,-2.24587,-3.34845,-1.00834,18.6105,0,0,0
3.44195,1,5.54138,7.38206,6.618,-2.03987,-2.57664,0.662568,23.5704,0,0,0
3.44195,2,8.90868,3.38044,8.77415,-3.4417,-2.38041,0.568379,29.5342,0,0,0
3.44195,3,8.68979,1.46776,2.34719,-0.886389,-4.24984,-0.110373,12.6765,0,0,0
3.44195,4,8.38061,7.07349,7.27921,-3.00623,-2.34838,-0.979154,31.4315,0,0,0
3.44195,5,3.39722,0.227962,6.54273,-1.50925,-4.24315,0.748896,17.2583,0,0,0
3.57671,0,4.22036,4.83483,5.4754,-2.31748,-3.3375,-1.08659,18.2066,0,0,0
3.57671,1,5.49403,7.24834,6.68119,-1.85987,-2.65383,0.721862,23.5704,0,0,0
3.57671,2,8.74246,3.25344,8.79536,-3.49015,-2.40064,0.552494,29.5342,0,0,0
3.57671,3,8.67899,1.10242,2.40213,-0.68858,-4.24191,-0.231944,12.6765,0,0,0
3.57671,4,8.23707,6.974,7.21027,-3.1025,-2.32537,-0.905532,31.4315,0,0,0
3.57671,5,3.33585,0.0454677,6.59858,-1.48984,-4.22748,0.728726,16.8564,0,0,0
3.70299,0,4.09206,4.68331,5.41041,-2.38084,-3.32153,-1.15443,18.2066,0,0,0
3.70299,1,5.45071,7.1061,6.67617,-1.68817,-2.75098,0.755717,23.3239,0,0,0
3.70299,2,8.58264,3.13081,8.81565,-3.50966,-2.41024,0.495243,29.1018,0,0,0
3.70299,3,8.70286,1.13595,2.4345,-0.58307,-4.14393,-0.138508,12.3569,0,0,0
3.70299,4,8.09071,6.87719,7.13097,-3.19255,-2.29422,-0.843173,31.064,0,0,0
3.70299,5,3.288,-0.0969687,6.65429,-1.43564,-4.06876,0.740953,16.8564,0,0,0
3.82888,0,3.96273,4.53255,5.35779,-2.43595,-3.30411,-1.20728,17.7945,0,0,0
3.82888,1,5.41675,6.98391,6.73264,-1.51927,-2.75943,0.78719,23.3239,0,0,0
3.82888,2,8.42608,3.00929,8.8359,-3.51047,-2.41472,0.467381,29.1018,0,0,0
3.82888,3,8.70286,1.13595,2.4345,-0.58307,-4.14393,-0.138508,12.3569,0,0,0
3.82888,4,7.9396,6.78102,7.05287,-3.28163,-2.26352,-0.78856,31.064,0,0,0
3.82888,5,3.23431,-0.266129,6.70911,-1.39729,-4.01056,0.786364,16.5149,0,0,0
3.96507,0,3.82978,4.38574,5.28713,-2.49311,-3.27369,-1.25132,17.7945,0,0,0
3.96507,1,5.39309,6.83848,6.75821,-1.33517,-2.83609,0.855811,23.0857,0,0,0
3.96507,2,8.27908,2.89514,8.85577,-3.47759,-2.39692,0.460254,28.7017,0,0,0
3.96507,3,8.68878,0.968164,2.46889,-0.503999,-4.09585,-0.0269637,12.2168,0,0,0
3.96507,4,7.78171,6.68339,6.97573,-3.37704,-2.23953,-0.753001,30.6805,0,0,0
3.96507,5,3.1662,-0.469162,6.7649,-1.40255,-4.06654,0.858035,16.5149,0,0,0
4.09073,0,3.69724,4.2396,5.2234,-2.54137,-3.24505,-1.27963,17.3832,0,0,0
4.09073,1,5.37869,6.66231,6.76008,-1.13614,-2.99414,0.960824,23.0857,0,0,0
4.09073,2,8.12116,2.76792,8.87531,-3.47657,-2.41919,0.46805,28.7017,0,0,0
4.09073,3,8.67142,0.807186,2.50559,-0.438062,-4.02699,0.166011,12.2168,0,0,0
4.09073,4,7.62526,6.59232,6.89836,-3.44527,-2.20102,-0.738727,30.6805,0,0,0
4.09073,5,3.10531,-0.639946,6.82133,-1.39727,-4.01304,0.854938,16.1064,0,0,0
4.21801,0,3.56465,4.0953,5.16744,-2.58322,-3.21388,-1.29267,17.3832,0,0,0
4.21801,1,5.35361,6.52028,6.79796,-0.997772,-3.03142,0.943653,22.7829,0,0,0
4.21801,2,7.93187,2.6308,8.89118,-3.58649,-2.47074,0.480641,28.3122,0,0,0
4.21801,3,8.65026,0.65234,2.54549,-0.39663,-3.93045,0.362335,11.9187,0,0,0
4.21801,4,7.45849,6.49574,6.82465,-3.52616,-2.18158,-0.752427,30.2889,0,0,0
4.21801,5,3.03984,-0.813239,6.87602,-1.40663,-3.97429,0.85065,16.1064,0,0,0
4.34733,0,3.43243,3.95276,5.10087,-2.61939,-3.17997,-1.29304,16.976,0,0,0
4.34733,1,5.35847,6.33579,6.7936,-0.77233,-3.19995,0.998544,22.7829,0,0,0
4.34733,2,7.79078,2.51699,8.91086,-3.53356,-2.4515,0.431073,28.3122,0,0,0
4.34733,3,8.59695,0.314641,2.58795,-0.387549,-3.87339,0.547868,11.9187,0,0,0
4.34733,4,7.31153,6.40802,6.7592,-3.5206,-2.14244,-0.817622,30.2889,0,0,0
4.34733,5,2.97959,-0.97941,6.92927,-1.39589,-3.90645,0.886939,15.7316,0,0,0
4.47488,0,3.30088,3.8119,5.03836,-2.649,-3.14459,-1.28465,16.976,0,0,0
4.47488,1,5.35999,6.16721,6.82182,-0.587478,-3.28942,1.00544,22.4746,0,0,0
4.47488,2,7.69111,2.41332,8.92954,-3.33775,-2.39887,0.402781,27.8972,0,0,0
4.47488,3,8.59463,0.357717,2.62735,-0.401182,-3.7169,0.634129,11.6305,0,0,0
4.47488,4,7.12339,6.31299,6.68686,-3.59602,-2.12958,-0.864647,29.8917,0,0,0
4.47488,5,2.92152,-1.14178,6.98386,-1.37817,-3.83196,0.912216,15.7316,0,0,0
4.60615,0,3.1702,3.67264,4.97798,-2.67307,-3.10893,-1.26099,16.5736,0,0,0
4.60615,1,5.36084,5.9871,6.82698,-0.426199,-3.37689,1.00773,22.4746,0,0,0
4.60615,2,7.52857,2.27866,8.94852,-3.34962,-2.42682,0.476466,27.8972,0,0,0
4.60615,3,8.56021,0.216272,2.68123,-0.437039,-3.62434,0.661491,11.6305,0,0,0
4.60615,4,6.94646,6.21656,6.61242,-3.66345,-2.12512,-0.935283,29.8917,0,0,0
4.60615,5,2.87152,-1.29473,7.03638,-1.33168,-3.72953,0.956809,15.3855,0,0,0
4.72924,0,3.04048,3.5349,4.92108,-2.68971,-3.07268,-1.23442,16.5736,0,0,0
4.72924,1,5.37618,5.81056,6.83132,-0.246429,-3.46699,1.00319,22.1421,0,0,0
4.72924,2,7.37772,2.1493,8.96621,-3.3232,-2.44957,0.537856,27.5424,0,0,0
4.72924,3,8.52196,0.078296,2.73397,-0.495379,-3.52449,0.725056,11.6305,0,0,0
4.72924,4,6.76644,6.11874,6.5408,-3.70984,-2.125,-1.04758,29.4691,0,0,0
4.72924,5,2.80832,-1.45977,7.08981,-1.33101,-3.6807,0.991535,15.3855,0,0,0
4.86197,0,2.91179,3.39857,4.86115,-2.70042,-3.03688,-1.20088,16.1803,0,0,0
4.86197,1,5.38985,5.62184,6.82801,-0.0954237,-3.58891,0.978953,22.1421,0,0,0
4.86197,2,7.23065,2.02254,8.98234,-3.29389,-2.46433,0.520226,27.5424,0,0,0
4.86197,3,8.44543,-0.222721,2.78796,-0.565425,-3.43619,0.879878,11.3357,0,0,0
4.86197,4,6.58366,6.01882,6.46741,-3.75124,-2.13447,-1.15337,29.4691,0,0,0
4.86197,5,2.74971,-1.6193,7.1418,-1.31274,-3.61468,1.02784,15.0265,0,0,0
4.98494,0,2.7841,3.26352,4.80447,-2.70438,-3.00116,-1.16732,16.1803,0,0,0
4.98494,1,5.41458,5.43449,6.8294,0.077355,-3.70038,0.897816,21.7839,0,0,0
4.98494,2,7.08505,1.89631,8.99796,-3.26359,-2.47536,0.494699,27.149,0,0,0
4.98494,3,8.3987,-0.348849,2.84561,-0.64636,-3.29266,1.05403,11.3357,0,0,0
4.98494,4,6.40411,5.92178,6.39845,-3.76933,-2.13519,-1.24046,29.0414,0,0,0
4.98494,5,2.70239,-1.76678,7.19283,-1.26264,-3.51884,1.04364,15.0265,0,0,0
5.11358,0,2.65742,3.12964,4.74907,-2.70328,-2.96628,-1.13055,15.7941,0,0,0
5.11358,1,5.42344,5.2674,6.82178,0.16765,-3.7355,0.726567,21.7839,0,0,0
5.11358,2,6.94014,1.76994,9.01342,-3.23225,-2.484,0.486322,27.149,0,0,0
5.11358,3,8.38991,-0.316458,2.90612,-0.708614,-3.16473,1.13783,10.9144,0,0,0
5.11358,4,6.22967,5.82862,6.3292,-3.76481,-2.12908,-1.31411,29.0414,0,0,0
5.11358,5,2.65101,-1.92866,7.24348,-1.22172,-3.48361,1.07422,14.6903,0,0,0
5.23666,0,2.53171,2.9968,4.69493,-2.69733,-2.93207,-1.09407,15.7941,0,0,0
5.23666,1,5.47294,5.04403,6.82214,0.390404,-3.95716,0.61326,21.4343,0,0,0
5.23666,2,6.79563,1.64326,9.02819,-3.20157,-2.49178,0.483364,26.7635,0,0,0
5.23666,3,8.29998,-0.595669,2.96857,-0.793934,-3.08124,1.20973,10.9144,0,0,0
5.23666,4,6.04876,5.72701,6.2595,-3.77613,-2.14946,-1.3679,28.6214,0,0,0
5.23666,5,2.59099,-2.07682,7.29361,-1.21824,-3.39676,1.10037,14.6903,0,0,0
5.36432,0,2.40693,2.86488,4.64399,-2.68753,-2.899,-1.05797,15.4152,0,0,0
5.36432,1,5.49805,4.8353,6.81795,0.480089,-4.09051,0.458767,21.4343,0,0,0
5.36432,2,6.62934,1.51219,9.03993,-3.25594,-2.51501,0.482364,26.7635,0,0,0
5.36432,3,8.19847,-0.838686,3.10259,-0.907427,-2.8767,1.41094,10.6291,0,0,0
5.36432,4,5.87171,5.62666,6.1896,-3.77144,-2.1602,-1.43144,28.6214,0,0,0
5.36432,5,2.5356,-2.2309,7.34286,-1.19951,-3.34427,1.10578,14.3555,0,0,0
5.4924,0,2.28307,2.73375,4.59054,-2.67393,-2.86725,-1.02405,15.4152,0,0,0
5.4924,1,5.53049,4.62978,6.79557,0.565997,-4.19588,0.25284,21.0043,0,0,0
5.4924,2,6.51627,1.39794,9.05528,-3.12449,-2.48759,0.454516,26.3594,0,0,0
5.4924,3,8.19847,-0.838686,3.10259,-0.907427,-2.8767,1.41094,10.6291,0,0,0
5.4924,4,5.5257,5.42492,6.04689,-3.74596,-2.15823,-1.53345,28.2018,0,0,0
5.4924,5,2.47969,-2.38518,7.39145,-1.18591,-3.29575,1.12504,14.3555,0,0,0
5.61649,0,2.16017,2.60339,4.54025,-2.6614,-2.83518,-0.989493,15.0425,0,0,0
5.61649,1,5.56409,4.42289,6.7965,0.624952,-4.28074,0.0311676,21.0043,0,0,0
5.61649,2,6.36558,1.26352,9.06908,-3.12718,-2.51752,0.464136,26.3594,0,0,0
5.61649,3,8.1478,-0.959903,3.17392,-0.953872,-2.79716,1.48315,10.3395,0,0,0
5.61649,4,5.5257,5.42492,6.04689,-3.74596,-2.15823,-1.53345,28.2018,0,0,0
5.61649,5,2.4234,-2.5397,7.43919,-1.17381,-3.25557,1.12939,14.0163,0,0,0
5.75462,0,2.03798,2.47345,4.49128,-2.64269,-2.80727,-0.955699,15.0425,0,0,0
5.75462,1,5.59739,4.21492,6.78451,0.653289,-4.34724,-0.192685,20.5913,0,0,0
5.75462,2,6.1905,1.11853,9.08271,-3.21103,-2.57709,0.505274,25.997,0,0,0
5.75462,3,8.15183,-0.938105,3.24769,-0.95476,-2.72082,1.52912,10.3395,0,0,0
5.75462,4,5.37924,5.33273,5.98854,-3.66689,-2.10938,-1.55592,27.816,0,0,0
5.75462,5,2.36671,-2.69457,7.48621,-1.16457,-3.22359,1.12615,14.0163,0,0,0
5.88155,0,1.9167,2.34404,4.44362,-2.62257,-2.78102,-0.921566,14.675,0,0,0
5.88155,1,5.629,4.0065,6.74609,0.65389,-4.39766,-0.394132,20.5913,0,0,0
5.88155,2,6.10071,1.02677,9.09517,-3.00662,-2.46388,0.448597,25.997,0,0,0
5.88155,3,8.05296,-1.18855,3.40341,-1.00952,-2.63495,1.63686,10.1639,0,0,0
5.88155,4,5.17884,5.22363,5.9062,-3.81123,-2.09419,-1.55531,27.816,0,0,0
5.88155,5,2.30962,-2.84989,7.53243,-1.15804,-3.19789,1.11664,13.6759,0,0,0
6.01253,0,1.79815,2.21562,4.39722,-2.59307,-2.75373,-0.88904,14.675,0,0,0
6.01253,1,5.65766,3.79822,6.74804,0.647236,-4.43069,-0.510736,20.1687,0,0,0
6.01253,2,5.94095,0.885058,9.10717,-3.05074,-2.51765,0.432877,25.6415,0,0,0
6.01253,3,7.95179,-1.44628,3.4851,-1.0415,-2.60994,1.67958,9.85613,0,0,0
6.01253,4,5.02357,5.11936,5.82599,-3.786,-2.05757,-1.54715,27.3844,0,0,0
6.01253,5,2.25209,-3.00571,7.57779,-1.15382,-3.17843,1.10221,13.6759,0,0,0
6.14064,0,1.67733,2.08694,4.35212,-2.57615,-2.73168,-0.853275,14.3136,0,0,0
6.14064,1,5.6993,3.56155,6.69802,0.685108,-4.55245,-0.686165,20.1687,0,0,0
6.14064,2,5.7905,0.749117,9.12249,-3.0537,-2.54462,0.470572,25.6415,0,0,0
6.14064,3,7.95179,-1.44628,3.4851,-1.0415,-2.60994,1.67958,9.85613,0,0,0
6.14064,4,4.85878,5.01847,5.7436,-3.79658,-1.99744,-1.55928,27.3844,0,0,0
6.14064,5,2.19413,-3.16207,7.6224,-1.15131,-3.16382,1.08509,13.3336,0,0,0
6.27575,0,1.55819,1.95805,4.31301,-2.55459,-2.7133,-0.818282,14.3136,0,0,0
6.27575,1,5.70405,3.38516,6.69824,0.595345,-4.42394,-0.775177,19.7183,0,0,0
6.27575,2,5.64457,0.617278,9.13717,-3.04059,-2.55556,0.495737,25.225,0,0,0
6.27575,3,7.85693,-1.69203,3.65531,-1.04892,-2.56702,1.73775,9.43318,0,0,0
6.27575,4,4.53072,4.82395,5.58185,-3.81817,-1.87983,-1.53127,26.9846,0,0,0
6.27575,5,2.13573,-3.31895,7.66616,-1.1505,-3.15413,1.06297,13.3336,0,0,0
6.40096,0,1.44008,1.82947,4.2672,-2.53159,-2.69572,-0.788099,13.9538,0,0,0
6.40096,1,5.73269,3.14963,6.66935,0.613669,-4.51722,-0.928262,19.7183,0,0,0
6.40096,2,5.5003,0.4868,9.15161,-3.02392,-2.56147,0.505041,25.225,0,0,0
6.40096,3,7.85693,-1.69203,3.65531,-1.04892,-2.56702,1.73775,9.43318,0,0,0
6.40096,4,4.53072,4.82395,5.58185,-3.81817,-1.87983,-1.53127,26.9846,0,0,0
6.40096,5,2.07693,-3.47634,7.70916,-1.15093,-3.14763,1.04065,12.9894,0,0,0
6.52419,0,1.33861,1.71908,4.22477,-2.45788,-2.6203,-0.762978,13.9538,0,0,0
6.52419,1,5.75503,2.94358,6.60481,0.504363,-4.47404,-1.03155,19.3093,0,0,0
6.52419,2,5.35651,0.356634,9.16642,-3.00745,-2.5654,0.511791,24.8337,0,0,0
6.52419,3,7.80713,-1.81812,3.74266,-1.06322,-2.57727,1.72535,9.43318,0,0,0
6.52419,4,4.36535,4.73092,5.49458,-3.81775,-1.83335,-1.5196,26.5866,0,0,0
6.52419,5,2.0188,-3.63311,7.75131,-1.16458,-3.1597,1.0152,12.9894,0,0,0
6.65004,0,1.21305,1.57917,4.18858,-2.47236,-2.65269,-0.714045,13.6208,0,0,0
6.65004,1,5.75767,2.75284,6.57035,0.432988,-4.38313,-1.0953,19.3093,0,0,0
6.65004,2,5.21277,0.226439,9.18175,-2.9919,-2.56844,0.521007,24.8337,0,0,0
6.65004,3,7.82674,-1.81967,3.8312,-1.0067,-2.60063,1.7276,9.11687,0,0,0
6.65004,4,4.19848,4.64151,5.41814,-3.80623,-1.7976,-1.50518,26.5866,0,0,0
6.65004,5,1.95807,-3.79252,7.79268,-1.16919,-3.15848,0.991313,12.6434,0,0,0
6.78022,0,1.09279,1.44606,4.14641,-2.4684,-2.65819,-0.674492,13.6208,0,0,0
6.78022,1,5.73774,2.57503,6.56899,0.343362,-4.276,-1.07382,18.9012,0,0,0
6.78022,2,5.06889,0.0961336,9.19593,-2.9777,-2.57093,0.532525,24.4457,0,0,0
6.78022,3,7.77684,-1.92678,3.93427,-1.02155,-2.51663,1.76974,9.11687,0,0,0
6.78022,4,4.02987,4.55599,5.32613,-3.78863,-1.76662,-1.49713,26.1924,0,0,0
6.78022,5,1.90401,-3.95881,7.83312,-1.14609,-3.18471,0.963049,12.6434,0,0,0
6.91179,0,0.977207,1.31392,4.11111,-2.44576,-2.65535,-0.683456,13.068,0,0,0
6.91179,1,5.73715,2.3788,6.53369,0.347479,-4.25777,-1.06569,18.9012,0,0,0
6.91179,2,4.92477,-0.034276,9.2132,-2.96495,-2.57325,0.544345,24.4457,0,0,0
6.91179,3,7.7333,-2.04233,4.00823,-1.00019,-2.44359,1.78358,8.9089,0,0,0
6.91179,4,3.85952,4.4743,5.24006,-3.7663,-1.74347,-1.48807,26.1924,0,0,0
6.91179,5,1.83284,-4.11511,7.87409,-1.17247,-3.11472,0.926381,12.2895,0,0,0
7.02914,0,0.860811,1.18601,4.07056,-2.42919,-2.63687,-0.680179,13.068,0,0,0
7.02914,1,5.73506,2.18567,6.45587,0.356754,-4.22916,-1.0832,18.5353,0,0,0
7.02914,2,4.75688,-0.182768,9.22891,-3.03725,-2.63715,0.556058,24.0571,0,0,0
7.02914,3,7.69416,-2.18189,4.09583,-0.946399,-2.4751,1.81018,8.9089,0,0,0
7.02914,4,3.71223,4.40161,5.17559,-3.65986,-1.71484,-1.47595,25.8262,0,0,0
7.02914,5,1.77655,-4.26999,7.91183,-1.16203,-3.10832,0.89183,12.2895,0,0,0
7.1553,0,0.746836,1.05694,4.03248,-2.40652,-2.62677,-0.664781,12.8914,0,0,0
7.1553,1,5.73257,1.99526,6.45845,0.354379,-4.19501,-1.06028,18.5353,0,0,0
7.1553,2,4.63549,-0.295247,9.24634,-2.94825,-2.57831,0.536432,24.0571,0,0,0
7.1553,3,7.63936,-2.29402,4.18222,-0.984989,-2.42982,1.77131,8.59872,0,0,0
7.1553,4,3.52,4.32626,5.08369,-3.72468,-1.70106,-1.41579,25.8262,0,0,0
7.1553,5,1.70745,-4.45716,7.95595,-1.18196,-3.18196,0.864826,11.9177,0,0,0
7.28136,0,0.633551,0.927921,3.99635,-2.38344,-2.61779,-0.647521,12.8914,0,0,0
7.28136,1,5.74117,1.7806,6.42352,0.397982,-4.25204,-1.04308,18.1497,0,0,0
7.28136,2,4.4959,-0.420017,9.26282,-2.92863,-2.56498,0.509047,23.6674,0,0,0
7.28136,3,7.59512,-2.41473,4.268,-0.987265,-2.44118,1.71143,8.59872,0,0,0
7.28136,4,3.34228,4.24914,5.00096,-3.72344,-1.70576,-1.36799,25.4142,0,0,0
7.28136,5,1.64252,-4.62034,7.99397,-1.19993,-3.19638,0.819786,11.9177,0,0,0
7.4071,0,0.520883,0.798936,3.95624,-2.36112,-2.6094,-0.631248,12.5411,0,0,0
7.4071,1,5.71036,1.67562,6.38337,0.279201,-3.9065,-1.04729,18.1497,0,0,0
7.4071,2,4.34605,-0.554494,9.28043,-2.93466,-2.57586,0.554475,23.6674,0,0,0
7.4071,3,7.50791,-2.65437,4.42351,-0.984978,-2.43594,1.63403,8.2942,0,0,0
7.4071,4,3.16653,4.17558,4.93219,-3.69967,-1.69739,-1.35689,25.4142,0,0,0
7.4071,5,1.58926,-4.75201,8.02449,-1.18391,-3.10535,0.744946,11.5939,0,0,0
7.52917,0,0.408796,0.669987,3.92226,-2.33929,-2.60135,-0.618694,12.5411,0,0,0
7.52917,1,5.75768,1.4257,6.33224,0.346959,-4.11185,-1.09009,17.5695,0,0,0
7.52917,2,4.19898,-0.6855,9.29705,-2.93463,-2.5776,0.5511,23.2787,0,0,0
7.52917,3,7.50791,-2.65437,4.42351,-0.984978,-2.43594,1.63403,8.2942,0,0,0
7.52917,4,3.01641,4.10739,4.86056,-3.59689,-1.68031,-1.31347,25.0494,0,0,0
7.52917,5,1.53406,-4.90485,8.05865,-1.16843,-3.09221,0.727049,11.5939,0,0,0
7.66174,0,0.297268,0.541103,3.88895,-2.31858,-2.59429,-0.602445,12.1926,0,0,0
7.66174,1,5.74382,1.26211,6.28437,0.310534,-4.00642,-1.05267,17.5695,0,0,0
7.66174,2,4.07716,-0.793926,9.31298,-2.85411,-2.50787,0.515847,23.2787,0,0,0
7.66174,3,7.41683,-2.89277,4.51586,-0.985965,-2.42348,1.63179,7.99836,0,0,0
7.66174,4,2.82284,4.03537,4.78268,-3.66635,-1.66701,-1.2362,25.0494,0,0,0
7.66174,5,1.46894,-5.08657,8.09805,-1.17938,-3.17169,0.741279,11.232,0,0,0
7.8052,0,0.186278,0.41231,3.85635,-2.29814,-2.58712,-0.593012,12.1926,0,0,0
7.8052,1,5.75153,1.08081,6.22655,0.356188,-3.98344,-1.0263,17.4036,0,0,0
7.8052,2,3.91478,-0.935209,9.32919,-2.91134,-2.54591,0.5455,22.9186,0,0,0
7.8052,3,7.42251,-2.89102,4.60211,-0.971947,-2.43669,1.54831,7.99836,0,0,0
7.8052,4,2.64857,3.96001,4.7142,-3.65817,-1.67037,-1.16214,24.6458,0,0,0
7.8052,5,1.40179,-5.25055,8.13337,-1.20406,-3.18857,0.688925,11.232,0,0,0
7.93664,0,0.0758133,0.283636,3.82838,-2.27709,-2.57863,-0.595805,11.8468,0,0,0
7.93664,1,5.75184,0.927945,6.16969,0.359894,-3.8549,-1.05679,17.4036,0,0,0
7.93664,2,3.76267,-1.06876,9.34389,-2.92466,-2.56023,0.549197,22.9186,0,0,0
7.93664,3,7.33371,-3.12582,4.68549,-0.982284,-2.44698,1.45561,7.69064,0,0,0
7.93664,4,2.47168,3.87898,4.64417,-3.65032,-1.685,-1.10357,24.6458,0,0,0
7.93664,5,1.33942,-5.40932,8.16653,-1.21313,-3.19185,0.613347,10.8785,0,0,0
8.06578,0,-0.0341044,0.155154,3.79468,-2.25675,-2.57028,-0.593584,11.8468,0,0,0
8.06578,1,5.7963,0.699361,6.0493,0.526262,-4.01383,-1.11818,17.0557,0,0,0
8.06578,2,3.59045,-1.22243,9.35754,-3.01586,-2.64255,0.502729,22.5008,0,0,0
8.06578,3,7.33952,-3.12305,4.76606,-0.969699,-2.45444,1.41643,7.69064,0,0,0
8.06578,4,2.29949,3.79888,4.57946,-3.63315,-1.68858,-1.03973,24.2529,0,0,0
8.06578,5,1.27904,-5.56552,8.1986,-1.21359,-3.18065,0.580008,10.8785,0,0,0
8.19656,0,-0.14343,0.0269577,3.76313,-2.23839,-2.56353,-0.581959,11.5034,0,0,0
8.19656,1,5.81062,0.514762,5.98547,0.532489,-3.95871,-1.13593,17.0557,0,0,0
8.19656,2,3.46881,-1.32276,9.37215,-2.93521,-2.54547,0.42428,22.5008,0,0,0
8.19656,3,7.29926,-3.23636,4.84635,-0.961321,-2.44662,1.36129,7.39632,0,0,0
8.19656,4,2.1318,3.71903,4.51955,-3.60326,-1.68517,-0.986476,24.2529,0,0,0
8.19656,5,1.22865,-5.6921,8.22971,-1.18359,-3.06592,0.57299,10.5694,0,0,0
8.33122,0,-0.252142,-0.100896,3.73337,-2.22033,-2.55628,-0.569341,11.5034,0,0,0
8.33122,1,5.83771,0.339816,5.92334,0.567153,-3.9079,-1.16754,16.4228,0,0,0
8.33122,2,3.31252,-1.45778,9.38468,-2.96675,-2.56303,0.389436,22.1122,0,0,0
8.33122,3,7.21898,-3.45879,5.00265,-0.933511,-2.38737,1.35628,7.01851,0,0,0
8.33122,4,1.95878,3.62947,4.46459,-3.59472,-1.70818,-0.918349,23.8651,0,0,0
8.33122,5,1.1686,-5.86574,8.26005,-1.17634,-3.12476,0.579564,10.5694,0,0,0
8.45679,0,-0.360243,-0.228381,3.70416,-2.20257,-2.54838,-0.560094,11.1623,0,0,0
8.45679,1,5.87097,0.168378,5.9221,0.603148,-3.85111,-1.16924,16.4228,0,0,0
8.45679,2,3.18658,-1.56609,9.39804,-2.89374,-2.49126,0.373685,22.1122,0,0,0
8.45679,3,7.21898,-3.45879,5.00265,-0.933511,-2.38737,1.35628,7.01851,0,0,0
8.45679,4,1.78993,3.53974,4.4093,-3.57452,-1.72398,-0.866678,23.8651,0,0,0
8.45679,5,1.10876,-6.01973,8.28899,-1.17659,-3.10925,0.584487,10.2159,0,0,0
8.58784,0,-0.467744,-0.355476,3.67557,-2.18491,-2.53961,-0.553645,11.1623,0,0,0
8.58784,1,5.89237,0.0245586,5.85749,0.584553,-3.66792,-1.21343,16.2518,0,0,0
8.58784,2,3.01925,-1.70602,9.40845,-2.96512,-2.52659,0.361658,21.7395,0,0,0
8.58784,3,7.18386,-3.56287,5.0809,-0.910444,-2.34764,1.3299,7.01851,0,0,0
8.58784,4,1.62192,3.44678,4.34982,-3.55339,-1.74239,-0.825788,23.4742,0,0,0
8.58784,5,1.0436,-6.17863,8.31929,-1.18527,-3.08935,0.545164,10.2159,0,0,0
8.71331,0,-0.574651,-0.482147,3.64758,-2.16781,-2.53069,-0.544763,10.8244,0,0,0
8.71331,1,5.94201,-0.175115,5.79208,0.662927,-3.75379,-1.23363,16.2518,0,0,0
8.71331,2,2.86305,-1.83856,9.4287,-2.98946,-2.53373,0.37258,21.7395,0,0,0
8.71331,3,7.10646,-3.77512,5.15696,-0.894904,-2.28088,1.3405,6.8366,0,0,0
8.71331,4,1.45465,3.35092,4.29772,-3.53338,-1.76457,-0.779392,23.4742,0,0,0
8.71331,5,0.971978,-6.34509,8.34735,-1.22723,-3.12716,0.522011,9.85878,0,0,0
8.83952,0,-0.680969,-0.608365,3.61982,-2.15096,-2.52111,-0.538226,10.8244,0,0,0
8.83952,1,5.96503,-0.318794,5.65762,0.624501,-3.59203,-1.27758,15.712,0,0,0
8.83952,2,2.73648,-1.9457,9.42665,-2.91731,-2.46269,0.315524,21.3164,0,0,0
8.83952,3,7.07951,-3.85323,5.30898,-0.866423,-2.14608,1.33313,6.5694,0,0,0
8.83952,4,1.28799,3.25255,4.24903,-3.5134,-1.79037,-0.733003,23.0813,0,0,0
8.83952,5,0.93132,-6.47684,8.37521,-1.16486,-3.04816,0.492104,9.85878,0,0,0
8.96796,0,-0.786699,-0.7341,3.59322,-2.13453,-2.51113,-0.530756,10.4896,0,0,0
8.96796,1,6.01594,-0.518139,5.59116,0.704603,-3.6751,-1.28762,15.712,0,0,0
8.96796,2,2.58912,-2.06826,9.43439,-2.92072,-2.44775,0.304481,21.3164,0,0,0
8.96796,3,7.07951,-3.85323,5.30898,-0.866423,-2.14608,1.33313,6.5694,0,0,0
8.96796,4,1.12181,3.15215,4.203,-3.4938,-1.81861,-0.690827,23.0813,0,0,0
8.96796,5,0.876761,-6.62356,8.40235,-1.15592,-3.02073,0.473295,9.56026,0,0,0
9.09362,0,-0.891846,-0.859326,3.56655,-2.11811,-2.50018,-0.526888,10.4896,0,0,0
9.09362,1,6.05083,-0.691316,5.59357,0.72047,-3.65713,-1.19027,15.3253,0,0,0
9.09362,2,2.42165,-2.20533,9.44227,-2.9875,-2.47823,0.332012,20.9589,0,0,0
9.09362,3,7.04871,-3.96149,5.38323,-0.84213,-2.14742,1.31314,6.32016,0,0,0
9.09362,4,0.955977,3.05016,4.15988,-3.47473,-1.8478,-0.647601,22.6869,0,0,0
9.09362,5,0.819826,-6.77209,8.42903,-1.14654,-3.00232,0.48323,9.56026,0,0,0
9.21708,0,-0.996405,-0.984,3.54108,-2.10076,-2.48697,-0.535093,10.158,0,0,0
9.21708,1,6.06014,-0.806488,5.52989,0.627933,-3.42809,-1.17826,15.3253,0,0,0
9.21708,2,2.26429,-2.33689,9.44721,-3.01414,-2.49079,0.291892,20.9589,0,0,0
9.21708,3,6.97846,-4.15931,5.44411,-0.819988,-2.07231,1.33239,6.32016,0,0,0
9.21708,4,0.790373,2.94703,4.12355,-3.45662,-1.87753,-0.607341,22.6869,0,0,0
9.21708,5,0.772419,-6.89235,8.4553,-1.11356,-2.89173,0.470024,9.26778,0,0,0
9.34561,0,-1.10034,-1.10803,3.51571,-2.08421,-2.47356,-0.533936,10.158,0,0,0
9.34561,1,6.1259,-1.02973,5.40363,0.769466,-3.59868,-1.18038,15.1998,0,0,0
9.34561,2,2.11109,-2.46396,9.45389,-3.0247,-2.48884,0.212438,20.5374,0,0,0
9.34561,3,6.985,-4.15271,5.52439,-0.787065,-2.02998,1.35381,6.32016,0,0,0
9.34561,4,0.624901,2.84316,4.08188,-3.43963,-1.90652,-0.573539,22.292,0,0,0
9.34561,5,0.71626,-7.05704,8.48074,-1.10336,-2.94834,0.46027,9.26778,0,0,0
9.47145,0,-1.2036,-1.23132,3.49167,-2.06882,-2.46107,-0.520867,9.82998,0,0,0
9.47145,1,6.1696,-1.23187,5.40937,0.82832,-3.70056,-1.07261,15.1998,0,0,0
9.47145,2,1.98001,-2.57398,9.45422,-2.95854,-2.43301,0.18571,20.5374,0,0,0
9.47145,3,6.92819,-4.33654,5.6825,-0.727484,-1.93099,1.35726,6.07533,0,0,0
9.47145,4,0.459488,2.7389,4.04444,-3.42404,-1.93364,-0.541833,22.292,0,0,0
9.47145,5,0.656839,-7.20624,8.50586,-1.11006,-2.94161,0.454074,8.92974,0,0,0
9.59998,0,-1.30618,-1.3538,3.47456,-2.05322,-2.44792,-0.508929,9.82998,0,0,0
9.59998,1,6.18524,-1.37941,5.28938,0.761084,-3.57406,-1.09013,14.5784,0,0,0
9.59998,2,1.8384,-2.68913,9.45884,-2.93544,-2.39866,0.180039,20.1672,0,0,0
9.59998,3,6.86964,-4.51988,5.7416,-0.691666,-1.86716,1.35046,5.82644,0,0,0
9.59998,4,0.294083,2.63449,4.01069,-3.40991,-1.95785,-0.517902,21.897,0,0,0
9.59998,5,0.601021,-7.35125,8.53025,-1.10594,-2.92666,0.417323,8.92974,0,0,0
9.72488,0,-1.40806,-1.47546,3.44643,-2.03739,-2.43361,-0.502184,9.50692,0,0,0
9.72488,1,6.21814,-1.54977,5.22606,0.768416,-3.53972,-1.12553,14.5784,0,0,0
9.72488,2,1.66714,-2.82849,9.46113,-3.01044,-2.44415,0.210842,20.1672,0,0,0
9.72488,3,6.86964,-4.51988,5.7416,-0.691666,-1.86716,1.35046,5.82644,0,0,0
9.72488,4,0.125731,2.52724,3.9796,-3.40761,-1.9888,-0.491619,21.897,0,0,0
9.72488,5,0.546781,-7.49399,8.55401,-1.09761,-2.9046,0.401644,8.61824,0,0,0
9.86097,0,-1.50926,-1.59632,3.42199,-2.0212,-2.41788,-0.500157,9.50692,0,0,0
9.86097,1,6.24764,-1.72245,5.2271,0.762437,-3.49092,-1.07557,14.2243,0,0,0
9.86097,2,1.50801,-2.96094,9.46223,-3.03419,-2.47879,0.183144,19.7639,0,0,0
9.86097,3,6.87595,-4.51642,5.81074,-0.659946,-1.84226,1.36163,5.82644,0,0,0
9.86097,4,-0.0349601,2.42792,3.95004,-3.37847,-1.98744,-0.477955,21.5053,0,0,0
9.86097,5,0.493391,-7.63519,8.57719,-1.08719,-2.87975,0.39041,8.61824,0,0,0
9.99664,0,-1.60976,-1.71636,3.39913,-2.00517,-2.4016,-0.494312,9.18694,0,0,0
9.99664,1,6.27788,-1.89319,5.17116,0.763874,-3.47146,-1.07677,14.2243,0,0,0
9.99664,2,1.37746,-3.07011,9.462,-2.96463,-2.42257,0.133834,19.7639,0,0,0
9.99664,3,6.82204,-4.69541,5.87929,-0.618777,-1.78648,1.35619,5.41593,0,0,0
9.99664,4,-0.20294,2.32172,3.91392,-3.3766,-2.00854,-0.464108,21.5053,0,0,0
9.99664,5,0.440613,-7.77512,8.59979,-1.07605,-2.85443,0.376929,8.31453,0,0,0
10.1349,0,-1.70956,-1.83553,3.37706,-1.9889,-2.38425,-0.491985,9.18694,0,0,0
10.1349,1,6.31943,-2.09118,5.11982,0.81206,-3.55096,-1.0978,13.8353,0,0,0
10.1349,2,1.21313,-3.20241,9.46403,-3.01353,-2.44338,0.145183,19.3867,0,0,0
10.1349,3,6.82733,-4.69416,5.94701,-0.591107,-1.77137,1.35877,5.41593,0,0,0
10.1349,4,-0.368108,2.21883,3.88376,-3.36704,-2.01709,-0.451449,21.1086,0,0,0
10.1349,5,0.391234,-7.91102,8.62178,-1.0566,-2.82102,0.360873,8.31453,0,0,0
10.2637,0,-1.80864,-1.95382,3.35553,-1.97281,-2.36655,-0.488145,8.87206,0,0,0
10.2637,1,6.34211,-2.26665,5.06095,0.779779,-3.53183,-1.11634,13.8353,0,0,0
10.2637,2,1.05793,-3.331,9.4659,-3.02471,-2.45096,0.152282,19.3867,0,0,0
10.2637,3,6.80399,-4.78265,6.01384,-0.563624,-1.74537,1.34888,5.37308,0,0,0
10.2637,4,-0.533622,2.11615,3.85248,-3.3592,-2.02282,-0.446227,21.1086,0,0,0
10.2637,5,0.337425,-8.05071,8.64314,-1.05225,-2.80258,0.349988,8.0173,0,0,0
10.3917,0,-1.90699,-2.07117,3.33423,-1.95638,-2.348,-0.485784,8.87206,0,0,0
10.3917,1,6.36742,-2.43802,5.00651,0.75924,-3.49844,-1.14633,13.4702,0,0,0
10.3917,2,0.90642,-3.45597,9.46901,-3.02288,-2.44679,0.115922,18.9742,0,0,0
10.3917,3,6.76512,-4.9663,6.08016,-0.505848,-1.7257,1.3525,5.37308,0,0,0
10.3917,4,-0.697548,2.02473,3.82787,-3.34779,-1.9897,-0.441146,20.7234,0,0,0
10.3917,5,0.285591,-8.18779,8.66401,-1.04241,-2.77873,0.336718,8.0173,0,0,0
10.5225,0,-2.00459,-2.18755,3.3139,-1.93996,-2.32916,-0.480119,8.56198,0,0,0
10.5225,1,6.39299,-2.60745,4.95235,0.746644,-3.47156,-1.13558,13.4702,0,0,0
10.5225,2,0.753397,-3.58258,9.47097,-3.02597,-2.44904,0.104445,18.9742,0,0,0
10.5225,3,6.75881,-4.95945,6.14621,-0.525458,-1.69679,1.34962,5.03667,0,0,0
10.5225,4,-0.862671,1.91454,3.79685,-3.33648,-2.02932,-0.427949,20.7234,0,0,0
10.5225,5,0.234675,-8.32331,8.68435,-1.03149,-2.75385,0.318294,7.72325,0,0,0
10.6511,0,-2.1014,-2.30294,3.29378,-1.9232,-2.30949,-0.475225,8.56198,0,0,0
10.6511,1,6.40794,-2.74735,4.84443,0.689118,-3.3436,-1.14076,13.1341,0,0,0
10.6511,2,0.607621,-3.70208,9.4713,-3.00435,-2.4278,0.107217,18.5792,0,0,0
10.6511,3,6.71674,-5.12909,6.21224,-0.479102,-1.64855,1.35307,4.86342,0,0,0
10.6511,4,-1.02634,1.8155,3.77113,-3.32604,-2.02171,-0.414688,20.3311,0,0,0
10.6511,5,0.168554,-8.47947,8.70459,-1.06592,-2.78091,0.286803,7.72325,0,0,0
10.7849,0,-2.19742,-2.4173,3.27411,-1.9067,-2.28983,-0.466998,8.25703,0,0,0
10.7849,1,6.43623,-2.91123,4.84487,0.692178,-3.32621,-1.10904,13.1341,0,0,0
10.7849,2,0.465034,-3.81854,9.47302,-2.9777,-2.40237,0.101452,18.5792,0,0,0
10.7849,3,6.67244,-5.30955,6.34342,-0.452394,-1.63063,1.37119,4.86342,0,0,0
10.7849,4,-1.19649,1.71053,3.74075,-3.3376,-2.03134,-0.41477,20.3311,0,0,0
10.7849,5,0.134341,-8.59084,8.72431,-1.00303,-2.68498,0.245134,7.43491,0,0,0
10.9182,0,-2.29261,-2.53064,3.25487,-1.8896,-2.26923,-0.462133,8.25703,0,0,0
10.9182,1,6.47347,-3.10276,4.739,0.732363,-3.41199,-1.08468,12.7598,0,0,0
10.9182,2,0.313227,-3.94438,9.47481,-2.9801,-2.40649,0.113153,18.2066,0,0,0
10.9182,3,6.67244,-5.30955,6.34342,-0.452394,-1.63063,1.37119,4.6387,0,0,0
10.9182,4,-1.33515,1.62442,3.71566,-3.24249,-1.98208,-0.422449,19.9653,0,0,0
10.9182,5,0.0860572,-8.7215,8.74252,-0.989895,-2.6596,0.204905,7.43491,0,0,0
11.047,0,-2.38697,-2.64295,3.23585,-1.87231,-2.24837,-0.455756,7.95738,0,0,0
11.047,1,6.49515,-3.27046,4.68537,0.701516,-3.38804,-1.11651,12.7598,0,0,0
11.047,2,0.164778,-4.06702,9.47646,-2.97159,-2.40032,0.113126,18.2066,0,0,0
11.047,3,6.67186,-5.31596,6.40831,-0.458674,-1.66695,1.35169,4.6387,0,0,0
11.047,4,-1.50225,1.52352,3.68776,-3.2585,-1.98552,-0.397585,19.9653,0,0,0
11.047,5,0.0379338,-8.85098,8.76009,-0.976345,-2.63158,0.20885,7.15528,0,0,0
11.1754,0,-2.48048,-2.75423,3.2204,-1.8545,-2.22692,-0.451296,7.95738,0,0,0
11.1754,1,6.5189,-3.43489,4.68598,0.681721,-3.3535,-1.12117,12.4206,0,0,0
11.1754,2,0.017668,-4.18851,9.47932,-2.96006,-2.39178,0.0928092,17.8168,0,0,0
11.1754,3,6.65012,-5.4069,6.47339,-0.447185,-1.68952,1.3237,4.6387,0,0,0
11.1754,4,-1.6871,1.41888,3.65875,-3.33475,-1.99798,-0.363824,19.5551,0,0,0
11.1754,5,-0.0245629,-8.99983,8.78146,-1.00641,-2.65195,0.191654,7.15528,0,0,0
11.2974,0,-2.5731,-2.86446,3.20046,-1.83661,-2.20505,-0.447549,7.66345,0,0,0
11.2974,1,6.52268,-3.54335,4.63335,0.585917,-3.13352,-1.10658,12.4206,0,0,0
11.2974,2,-0.128659,-4.3094,9.48084,-2.94711,-2.38239,0.0873807,17.8168,0,0,0
11.2974,3,6.60822,-5.5832,6.53928,-0.42126,-1.68021,1.33417,4.47777,0,0,0
11.2974,4,-1.85831,1.31521,3.63161,-3.34856,-2.0067,-0.379882,19.5551,0,0,0
11.2974,5,-0.0601498,-9.12411,8.79793,-0.950707,-2.61658,0.178332,6.99259,0,0,0
11.4237,0,-2.66483,-2.97365,3.18234,-1.81809,-2.18222,-0.446619,7.66345,0,0,0
11.4237,1,6.57539,-3.75072,4.52683,0.702768,-3.31267,-1.08289,12.0772,0,0,0
11.4237,2,-0.258086,-4.41862,9.48103,-2.881,-2.33922,0.0912343,17.4362,0,0,0
11.4237,3,6.58752,-5.67993,6.67178,-0.409497,-1.74521,1.28316,4.47777,0,0,0
11.4237,4,-2.02624,1.21543,3.60687,-3.34674,-2.00015,-0.402761,19.1572,0,0,0
11.4237,5,-0.104682,-9.23091,8.81295,-0.936285,-2.51773,0.169289,6.99259,0,0,0
11.5506,0,-2.75562,-3.08174,3.1649,-1.79943,-2.15926,-0.443094,7.37462,0,0,0
11.5506,1,6.59533,-3.9154,4.47327,0.676431,-3.31442,-1.02726,12.0772,0,0,0
11.5506,2,-0.390708,-4.52618,9.48244,-2.83496,-2.29474,0.102007,17.4362,0,0,0
11.5506,3,6.54771,-5.85611,6.73807,-0.388584,-1.74434,1.26595,4.13937,0,0,0
11.5506,4,-2.1712,1.12531,3.58609,-3.27026,-1.96781,-0.407254,19.1572,0,0,0
11.5506,5,-0.14891,-9.35191,8.8313,-0.909586,-2.45873,0.178122,6.61618,0,0,0
11.6739,0,-2.8343,-3.17413,3.14836,-1.74524,-2.08857,-0.43957,7.37462,0,0,0
11.6739,1,6.61879,-4.0762,4.4202,0.661601,-3.29315,-1.00799,11.7358,0,0,0
11.6739,2,-0.555112,-4.66078,9.48399,-2.89707,-2.34023,0.137127,17.0962,0,0,0
11.6739,3,6.54771,-5.85611,6.73807,-0.388584,-1.74434,1.26595,4.13937,0,0,0
11.6739,4,-2.3532,1.02604,3.55926,-3.33298,-1.96283,-0.380321,18.7773,0,0,0
11.6739,5,-0.191231,-9.46982,8.84773,-0.88802,-2.41972,0.186784,6.61618,0,0,0
11.807,0,-2.92956,-3.28976,3.13401,-1.75162,-2.10174,-0.424252,7.11013,0,0,0
11.807,1,6.64062,-4.23844,4.36718,0.635594,-3.24474,-1.01755,11.7358,0,0,0
11.807,2,-0.705666,-4.78667,9.4851,-2.90079,-2.35289,0.126616,17.0962,0,0,0
11.807,3,6.52775,-5.94569,6.80463,-0.381324,-1.76653,1.22803,3.96436,0,0,0
11.807,4,-2.52278,0.9258,3.53263,-3.34194,-1.96479,-0.361135,18.7773,0,0,0
11.807,5,-0.255159,-9.60986,8.86588,-0.941429,-2.46097,0.177628,6.33523,0,0,0
11.9307,0,-3.02057,-3.3976,3.11685,-1.74409,-2.09166,-0.41569,7.11013,0,0,0
11.9307,1,6.668,-4.39494,4.31826,0.634523,-3.21277,-1.02844,11.4011,0,0,0
11.9307,2,-0.851747,-4.90829,9.486,-2.89585,-2.35232,0.0830045,16.6874,0,0,0
11.9307,3,6.50786,-6.03396,6.87095,-0.374756,-1.78927,1.18744,3.74287,0,0,0
11.9307,4,-2.68621,0.832128,3.50957,-3.32513,-1.94261,-0.379899,18.3898,0,0,0
11.9307,5,-0.298086,-9.74404,8.88131,-0.923095,-2.48205,0.16913,6.33523,0,0,0
12.0699,0,-3.10853,-3.5023,3.10085,-1.72665,-2.07096,-0.420827,6.81765,0,0,0
12.0699,1,6.69471,-4.55179,4.32382,0.632231,-3.19019,-1.0165,11.4011,0,0,0
12.0699,2,-0.998803,-5.02702,9.48828,-2.89412,-2.3397,0.0715172,16.6874,0,0,0
12.0699,3,6.46759,-6.20496,7.00319,-0.360894,-1.81105,1.11023,3.74287,0,0,0
12.0699,4,-2.85538,0.733019,3.4857,-3.33014,-1.94096,-0.378984,18.3898,0,0,0
12.0699,5,-0.343739,-9.86165,8.89676,-0.918226,-2.44912,0.144982,6.06666,0,0,0
12.1931,0,-3.19468,-3.60511,3.08547,-1.70623,-2.04779,-0.41608,6.81765,0,0,0
12.1931,1,6.7224,-4.70728,4.2159,0.633405,-3.16937,-1.0115,11.0719,0,0,0
12.1931,2,-1.13946,-5.14771,9.48857,-2.8681,-2.33701,0.081367,16.3084,0,0,0
12.1931,3,6.46759,-6.20496,7.00319,-0.360894,-1.81105,1.11023,3.52668,0,0,0
12.1931,4,-3.18508,0.544101,3.44171,-3.31401,-1.91188,-0.359158,18.0015,0,0,0
12.1931,5,-0.386702,-9.97561,8.90891,-0.905009,-2.40936,0.134609,6.06666,0,0,0
12.3199,0,-3.27945,-3.70651,3.07061,-1.68525,-2.02434,-0.404282,6.54511,0,0,0
12.3199,1,6.74902,-4.8635,4.21109,0.630957,-3.15454,-1.00735,11.0719,0,0,0
12.3199,2,-1.26232,-5.25148,9.49073,-2.79001,-2.28246,0.0733341,16.3084,0,0,0
12.3199,3,6.45278,-6.26344,7.07822,-0.341515,-1.72753,1.09111,3.52668,0,0,0
12.3199,4,-3.18508,0.544101,3.44171,-3.31401,-1.91188,-0.359158,18.0015,0,0,0
12.3199,5,-0.428338,-10.0872,8.92305,-0.889334,-2.367,0.140834,5.82434,0,0,0
12.4568,0,-3.36302,-3.80669,3.05602,-1.66335,-1.99997,-0.396515,6.54511,0,0,0
12.4568,1,6.7758,-5.01931,4.15712,0.628469,-3.13916,-0.990621,10.7501,0,0,0
12.4568,2,-1.4164,-5.37717,9.491,-2.82473,-2.30233,0.0969365,15.9622,0,0,0
12.4568,3,6.4269,-6.35066,7.13101,-0.355258,-1.74157,1.06951,3.52668,0,0,0
12.4568,4,-3.35099,0.454149,3.42271,-3.30927,-1.88014,-0.350244,17.6216,0,0,0
12.4568,5,-0.463538,-10.1913,8.93502,-0.855978,-2.30716,0.145588,5.82434,0,0,0
12.5831,0,-3.44773,-3.908,3.04209,-1.6492,-1.98362,-0.387279,6.28099,0,0,0
12.5831,1,6.8027,-5.17475,4.05156,0.627017,-3.1252,-0.99538,10.7501,0,0,0
12.5831,2,-1.56444,-5.50172,9.4921,-2.83487,-2.31799,0.111842,15.9622,0,0,0
12.5831,3,6.40634,-6.42888,7.25757,-0.358973,-1.72807,1.01851,3.33031,0,0,0
12.5831,4,-3.67628,0.265264,3.37938,-3.28315,-1.86779,-0.328734,17.6216,0,0,0
12.5831,5,-0.49386,-10.2859,8.95075,-0.805249,-2.22552,0.157479,5.61366,0,0,0
12.709,0,-3.52679,-4.00364,3.02836,-1.61903,-1.95151,-0.37675,6.28099,0,0,0
12.709,1,6.82876,-5.33083,3.9996,0.621853,-3.11411,-0.983445,10.4141,0,0,0
12.709,2,-1.68614,-5.60471,9.49294,-2.75868,-2.26446,0.0760631,15.5699,0,0,0
12.709,3,6.40634,-6.42888,7.25757,-0.358973,-1.72807,1.01851,3.33031,0,0,0
12.709,4,-3.67628,0.265264,3.37938,-3.28315,-1.86779,-0.328734,17.2437,0,0,0
12.709,5,-0.531674,-10.3773,8.96458,-0.788202,-2.13304,0.170493,5.61366,0,0,0
12.8449,0,-3.60705,-4.10047,3.01494,-1.59682,-1.92766,-0.36534,6.02352,0,0,0
12.8449,1,6.8559,-5.48562,4.00037,0.620202,-3.10065,-0.947558,10.4141,0,0,0
12.8449,2,-1.83935,-5.73003,9.49499,-2.79558,-2.28634,0.0788197,15.5699,0,0,0
12.8449,3,6.36473,-6.56319,7.37865,-0.365778,-1.61474,1.00148,3.091,0,0,0
12.8449,4,-3.8394,0.173069,3.35914,-3.27475,-1.85484,-0.318477,17.2437,0,0,0
12.8449,5,-0.573028,-10.4979,8.97792,-0.777573,-2.15361,0.180832,5.38581,0,0,0
12.9679,0,-3.68629,-4.19622,3.00187,-1.57445,-1.90382,-0.35679,6.02352,0,0,0
12.9679,1,6.88397,-5.63925,3.95066,0.621696,-3.08473,-0.926012,10.0971,0,0,0
12.9679,2,-1.98428,-5.85186,9.49526,-2.79924,-2.29509,0.101791,15.2126,0,0,0
12.9679,3,6.36473,-6.56319,7.37865,-0.365778,-1.61474,1.00148,3.091,0,0,0
12.9679,4,-3.9987,0.0846948,3.34012,-3.25374,-1.83051,-0.312899,16.8728,0,0,0
12.9679,5,-0.61616,-10.606,8.99146,-0.779343,-2.12943,0.170933,5.38581,0,0,0
13.0943,0,-3.76453,-4.29092,2.99205,-1.55195,-1.87983,-0.352464,5.77224,0,0,0
13.0943,1,6.91112,-5.79351,3.85307,0.61941,-3.07307,-0.920497,10.0971,0,0,0
13.0943,2,-2.12567,-5.97028,9.49614,-2.7918,-2.29241,0.0724795,15.2126,0,0,0
13.0943,3,6.32539,-6.69435,7.43812,-0.365737,-1.5291,0.988949,2.99985,0,0,0
13.0943,4,-4.16435,-0.0100261,3.31996,-3.25618,-1.83042,-0.301312,16.8728,0,0,0
13.0943,5,-0.66538,-10.7222,9.00463,-0.80351,-2.14032,0.151083,5.14187,0,0,0
13.2229,0,-3.84179,-4.38458,2.97789,-1.52932,-1.85549,-0.352482,5.77224,0,0,0
13.2229,1,6.93824,-5.94747,3.8536,0.616643,-3.06023,-0.904977,9.77355,0,0,0
13.2229,2,-2.26806,-6.08983,9.49781,-2.78523,-2.29508,0.0602802,14.8388,0,0,0
13.2229,3,6.32542,-6.68055,7.50592,-0.370854,-1.47594,0.979541,2.99985,0,0,0
13.2229,4,-4.32624,-0.101045,3.30292,-3.24675,-1.81912,-0.291779,16.4949,0,0,0
13.2229,5,-0.695357,-10.8121,9.01736,-0.762977,-2.06405,0.124646,5.14187,0,0,0
13.3586,0,-3.91806,-4.47717,2.96466,-1.50701,-1.83125,-0.351455,5.52698,0,0,0
13.3586,1,6.96447,-6.10189,3.76153,0.611272,-3.04952,-0.878293,9.77355,0,0,0
13.3586,2,-2.40427,-6.20335,9.49893,-2.76307,-2.27689,0.0557792,14.8388,0,0,0
13.3586,3,6.28234,-6.78814,7.6108,-0.390661,-1.34407,0.947263,2.82278,0,0,0
13.3586,4,-4.48776,-0.191779,3.28467,-3.23676,-1.80802,-0.291108,16.4949,0,0,0
13.3586,5,-0.733603,-10.9123,9.02911,-0.752369,-2.02925,0.123634,5.04635,0,0,0
13.4878,0,-3.99332,-4.56862,2.9526,-1.48421,-1.80592,-0.358184,5.52698,0,0,0
13.4878,1,6.99216,-6.2543,3.76214,0.611277,-3.03303,-0.874853,9.45248,0,0,0
13.4878,2,-2.54245,-6.31898,9.49913,-2.74961,-2.26764,0.0589259,14.4756,0,0,0
13.4878,3,6.28234,-6.78814,7.6108,-0.390661,-1.34407,0.947263,2.82278,0,0,0
13.4878,4,-4.64547,-0.278815,3.26547,-3.21483,-1.78587,-0.288171,16.1283,0,0,0
13.4878,5,-0.773274,-11.0128,9.04083,-0.741362,-1.98168,0.125182,5.04635,0,0,0
13.6138,0,-4.06751,-4.65884,2.94123,-1.46044,-1.77868,-0.376135,5.28748,0,0,0
13.6138,1,7.01888,-6.40699,3.67614,0.607877,-3.01981,-0.843691,9.45248,0,0,0
13.6138,2,-2.66155,-6.42016,9.50085,-2.67579,-2.21494,0.0570097,14.4756,0,0,0
13.6138,3,6.26142,-6.83665,7.66611,-0.399844,-1.27479,0.920116,2.66676,0,0,0
13.6138,4,-4.80963,-0.372471,3.24606,-3.21707,-1.78854,-0.277297,16.1283,0,0,0
13.6138,5,-0.803257,-11.0907,9.05269,-0.709679,-1.8839,0.122481,4.82982,0,0,0
13.7424,0,-4.14055,-4.74764,2.93122,-1.43715,-1.75097,-0.384113,5.28748,0,0,0
13.7424,1,7.03813,-6.56917,3.67677,0.578608,-3.04218,-0.836834,9.12587,0,0,0
13.7424,2,-2.79626,-6.53261,9.50186,-2.66474,-2.20549,0.082598,14.1391,0,0,0
13.7424,3,6.22201,-6.93469,7.71859,-0.400411,-1.17289,0.897701,2.4789,0,0,0
13.7424,4,-4.96648,-0.459002,3.22897,-3.195,-1.76772,-0.271871,15.759,0,0,0
13.7424,5,-0.840136,-11.198,9.06371,-0.697797,-1.90036,0.121439,4.82982,0,0,0
13.8692,0,-4.21234,-4.83486,2.91961,-1.41573,-1.72092,-0.381457,4.94146,0,0,0
13.8692,1,7.0717,-6.71035,3.59722,0.600707,-2.99191,-0.802718,9.12587,0,0,0
13.8692,2,-2.93003,-6.64429,9.50186,-2.65129,-2.19407,0.0995849,14.1391,0,0,0
13.8692,3,6.21991,-6.9248,7.76847,-0.40984,-1.12383,0.88203,2.4789,0,0,0
13.8692,4,-5.12948,-0.551907,3.21293,-3.19556,-1.77055,-0.270762,15.759,0,0,0
13.8692,5,-0.879137,-11.2945,9.07498,-0.697729,-1.87612,0.1221,4.63167,0,0,0
13.995,0,-4.28468,-4.92217,2.90869,-1.39988,-1.69993,-0.37167,4.94146,0,0,0
13.995,1,7.08789,-6.83549,3.59783,0.555768,-2.88669,-0.795163,8.8472,0,0,0
13.995,2,-3.06494,-6.75725,9.50254,-2.64438,-2.18931,0.092395,13.7894,0,0,0
13.995,3,6.16437,-7.04072,7.86707,-0.393826,-0.919985,0.860546,2.38439,0,0,0
13.995,4,-5.44822,-0.731313,3.17778,-3.17496,-1.75681,-0.26522,15.3869,0,0,0
13.995,5,-0.916555,-11.3882,9.08623,-0.694134,-1.84942,0.107677,4.63167,0,0,0
14.132,0,-4.35182,-5.00378,2.89839,-1.36979,-1.66437,-0.357536,4.82765,0,0,0
14.132,1,7.12688,-7.00715,3.5252,0.607685,-2.97105,-0.725261,8.8472,0,0,0
14.132,2,-3.20053,-6.87103,9.50385,-2.64116,-2.18845,0.0807229,13.7894,0,0,0
14.132,3,6.16437,-7.04072,7.86707,-0.393826,-0.919985,0.860546,2.38439,0,0,0
14.132,4,-5.60316,-0.817092,3.16156,-3.15163,-1.73808,-0.263036,15.3869,0,0,0
14.132,5,-0.952787,-11.4796,9.0968,-0.687805,-1.81867,0.10096,4.4255,0,0,0
14.2628,0,-4.42166,-5.08756,2.8883,-1.35294,-1.64132,-0.344485,4.82765,0,0,0
14.2628,1,7.1498,-7.15857,3.49148,0.591591,-2.96696,-0.691007,8.50797,0,0,0
14.2628,2,-3.35221,-6.99673,9.50452,-2.69036,-2.22404,0.0765712,13.4365,0,0,0
14.2628,3,6.14716,-7.06264,7.95754,-0.391601,-0.804324,0.814682,2.26178,0,0,0
14.2628,4,-5.60316,-0.817092,3.16156,-3.15163,-1.73808,-0.263036,15.0264,0,0,0
14.2628,5,-0.996088,-11.5788,9.1071,-0.707209,-1.82041,0.0889203,4.4255,0,0,0
14.3987,0,-4.48631,-5.1656,2.87854,-1.32249,-1.60424,-0.325216,4.61213,0,0,0
14.3987,1,7.17496,-7.30673,3.49225,0.582665,-2.94587,-0.690822,8.50797,0,0,0
14.3987,2,-3.4944,-7.11745,9.50461,-2.70102,-2.24003,0.0631466,13.4365,0,0,0
14.3987,3,6.14716,-7.06264,7.95754,-0.391601,-0.804324,0.814682,2.26178,0,0,0
14.3987,4,-5.76454,-0.909688,3.14579,-3.15259,-1.74444,-0.252733,15.0264,0,0,0
14.3987,5,-1.02614,-11.6595,9.11739,-0.683781,-1.75829,0.088152,4.21805,0,0,0
14.5245,0,-4.55183,-5.24399,2.86896,-1.29819,-1.57274,-0.314723,4.61213,0,0,0
14.5245,1,7.19984,-7.45395,3.43025,0.576275,-2.92764,-0.65556,8.20334,0,0,0
14.5245,2,-3.63136,-7.23309,9.50565,-2.69348,-2.23772,0.0248512,13.0529,0,0,0
14.5245,3,6.11388,-7.11895,8.04201,-0.37313,-0.665116,0.771713,2.12556,0,0,0
14.5245,4,-5.92185,-0.998631,3.13038,-3.14094,-1.7389,-0.248293,14.6587,0,0,0
14.5245,5,-1.05868,-11.7436,9.12726,-0.668149,-1.7183,0.0780945,4.21805,0,0,0
14.648,0,-4.61631,-5.32082,2.85963,-1.27365,-1.54044,-0.309098,4.40788,0,0,0
14.648,1,7.22459,-7.59994,3.40144,0.56997,-2.90928,-0.63267,8.20334,0,0,0
14.648,2,-3.76617,-7.34675,9.50651,-2.67977,-2.22921,0.00853268,13.0529,0,0,0
14.648,3,6.11388,-7.11895,8.04201,-0.37313,-0.665116,0.771713,2.12556,0,0,0
14.648,4,-6.0786,-1.08743,3.11531,-3.12878,-1.73353,-0.247458,14.6587,0,0,0
14.648,5,-1.09187,-11.8273,9.13679,-0.656774,-1.68295,0.0836724,4.04064,0,0,0
14.7785,0,-4.67973,-5.39614,2.85056,-1.24961,-1.50817,-0.302931,4.40788,0,0,0
14.7785,1,7.24909,-7.74477,3.37479,0.563038,-2.88898,-0.603151,7.90402,0,0,0
14.7785,2,-3.89977,-7.45939,9.50689,-2.66406,-2.21851,0.0142027,12.6974,0,0,0
14.7785,3,6.06667,-7.19474,8.12025,-0.341659,-0.503311,0.734024,2.05042,0,0,0
14.7785,4,-6.38684,-1.26111,3.0866,-3.09205,-1.71228,-0.2346,14.2981,0,0,0
14.7785,5,-1.12489,-11.9098,9.14635,-0.646602,-1.64913,0.0809202,4.04064,0,0,0
14.9067,0,-4.74208,-5.46998,2.84173,-1.22642,-1.47644,-0.292947,4.20842,0,0,0
14.9067,1,7.25724,-7.83753,3.35169,0.487277,-2.68664,-0.572165,7.90402,0,0,0
14.9067,2,-4.01108,-7.55402,9.50819,-2.58074,-2.15563,0.00842598,12.6974,0,0,0
14.9067,3,6.0684,-7.19332,8.15704,-0.334338,-0.49208,0.706222,2.05042,0,0,0
14.9067,4,-6.38684,-1.26111,3.0866,-3.09205,-1.71228,-0.2346,14.2981,0,0,0
14.9067,5,-1.15745,-11.9909,9.15563,-0.636505,-1.61605,0.0783168,3.86078,0,0,0
15.0298,0,-4.79816,-5.535,2.83318,-1.18765,-1.42093,-0.286601,4.20842,0,0,0
15.0298,1,7.30359,-8.02445,3.35267,0.582067,-2.85463,-0.540863,7.61855,0,0,0
15.0298,2,-4.15702,-7.6751,9.50829,-2.61903,-2.18039,0.0219629,12.3765,0,0,0
15.0298,3,6.0684,-7.19332,8.15704,-0.334338,-0.49208,0.706222,2.05042,0,0,0
15.0298,4,-6.54529,-1.35298,3.0721,-3.09156,-1.72037,-0.225518,13.9399,0,0,0
15.0298,5,-1.1894,-12.0704,9.16469,-0.625996,-1.58328,0.0756837,3.86078,0,0,0
15.161,0,-4.86158,-5.61142,2.82482,-1.17556,-1.40977,-0.285761,3.92564,0,0,0
15.161,1,7.32286,-8.17002,3.30564,0.557421,-2.85145,-0.462324,7.61855,0,0,0
15.161,2,-4.27611,-7.77769,9.50897,-2.56471,-2.14574,0.0371437,12.3765,0,0,0
15.161,3,6.05452,-7.21639,8.19231,-0.322888,-0.453056,0.681133,1.95807,0,0,0
15.161,4,-6.69967,-1.44124,3.05831,-3.07878,-1.7166,-0.219575,13.9399,0,0,0
15.161,5,-1.22069,-12.1484,9.17351,-0.614928,-1.55077,0.0739174,3.68677,0,0,0
15.287,0,-4.92203,-5.68236,2.81665,-1.15713,-1.38271,-0.283904,3.92564,0,0,0
15.287,1,7.3447,-8.31188,3.28424,0.542961,-2.83085,-0.453597,7.32249,0,0,0
15.287,2,-4.41974,-7.89664,9.5102,-2.59906,-2.16592,0.0254305,12.0297,0,0,0
15.287,3,6.04121,-7.23898,8.2259,-0.307042,-0.412856,0.654835,1.95807,0,0,0
15.287,4,-6.84998,-1.52592,3.0453,-3.05342,-1.70066,-0.219513,13.5889,0,0,0
15.287,5,-1.25127,-12.2249,9.18212,-0.6033,-1.5185,0.0714141,3.68677,0,0,0
15.4168,0,-4.98038,-5.7509,2.8088,-1.13523,-1.35224,-0.280182,3.83214,0,0,0
15.4168,1,7.36737,-8.45173,3.26489,0.532211,-2.8022,-0.46719,7.32249,0,0,0
15.4168,2,-4.5549,-8.0113,9.5109,-2.60044,-2.17081,0.0242512,12.0297,0,0,0
15.4168,3,6.01612,-7.28338,8.28872,-0.27713,-0.353551,0.60514,1.87254,0,0,0
15.4168,4,-7.00449,-1.61529,3.0316,-3.04722,-1.70424,-0.214099,13.5889,0,0,0
15.4168,5,-1.28114,-12.2999,9.19049,-0.591004,-1.48628,0.0667089,3.51947,0,0,0
15.5476,0,-5.0372,-5.81763,2.80105,-1.11223,-1.32113,-0.273096,3.83214,0,0,0
15.5476,1,7.39009,-8.59003,3.2469,0.522193,-2.77139,-0.485435,7.03828,0,0,0
15.5476,2,-4.6863,-8.12221,9.51153,-2.5896,-2.16306,0.0015608,11.666,0,0,0
15.5476,3,6.01612,-7.28338,8.28872,-0.27713,-0.353551,0.60514,1.87254,0,0,0
15.5476,4,-7.15867,-1.7048,3.01869,-3.03973,-1.7068,-0.208664,13.2314,0,0,0
15.5476,5,-1.31028,-12.3733,9.19871,-0.578402,-1.45472,0.0679378,3.51947,0,0,0
15.6727,0,-5.09271,-5.88273,2.79347,-1.08886,-1.28995,-0.264425,3.65392,0,0,0
15.6727,1,7.41251,-8.72667,3.24735,0.513054,-2.74047,-0.505606,7.03828,0,0,0
15.6727,2,-4.81589,-8.23135,9.51221,-2.5744,-2.1507,-0.0121336,11.666,0,0,0
15.6727,3,6.00421,-7.30554,8.31818,-0.263533,-0.333314,0.582495,1.79269,0,0,0
15.6727,4,-7.31113,-1.79308,3.00607,-3.02768,-1.70503,-0.208592,13.2314,0,0,0
15.6727,5,-1.33869,-12.4453,9.20668,-0.565244,-1.42322,0.0669431,3.35894,0,0,0
15.8111,0,-5.147,-5.9463,2.78616,-1.06483,-1.25821,-0.260371,3.65392,0,0,0
15.8111,1,7.43331,-8.86265,3.23148,0.500199,-2.71344,-0.50518,6.7622,0,0,0
15.8111,2,-4.92705,-8.32619,9.51289,-2.50128,-2.09554,-0.0119201,11.3246,0,0,0
15.8111,3,5.97022,-7.36231,8.37381,-0.234271,-0.269338,0.537141,1.79269,0,0,0
15.8111,4,-7.46267,-1.88092,2.99503,-3.01438,-1.70222,-0.209499,12.8794,0,0,0
15.8111,5,-1.36639,-12.5157,9.2147,-0.55179,-1.39204,0.0616691,3.35894,0,0,0
15.9442,0,-5.20009,-6.00836,2.77907,-1.04021,-1.22585,-0.261501,3.48424,0,0,0
15.9442,1,7.45603,-8.9943,3.19912,0.495683,-2.67736,-0.490339,6.7622,0,0,0
15.9442,2,-5.06578,-8.44047,9.51359,-2.52908,-2.10805,-0.000375034,11.3246,0,0,0
15.9442,3,5.97093,-7.37265,8.39987,-0.231626,-0.309936,0.512542,1.66845,0,0,0
15.9442,4,-7.61348,-1.96851,2.98205,-3.00081,-1.69926,-0.204878,12.8794,0,0,0
15.9442,5,-1.39336,-12.5847,9.22255,-0.538218,-1.36126,0.0529836,3.20506,0,0,0
16.0782,0,-5.25215,-6.06904,2.77197,-1.01655,-1.19349,-0.257321,3.48424,0,0,0
16.0782,1,7.47715,-9.12505,3.18212,0.486372,-2.64301,-0.485918,6.49242,0,0,0
16.0782,2,-5.19698,-8.55133,9.5141,-2.52797,-2.10911,-0.00405152,10.9988,0,0,0
16.0782,3,5.95993,-7.39589,8.42496,-0.221835,-0.307126,0.496625,1.64407,0,0,0
16.0782,4,-7.76362,-2.05589,2.96995,-2.98698,-1.69612,-0.20196,12.5307,0,0,0
16.0782,5,-1.4196,-12.6521,9.22974,-0.524265,-1.33027,0.0465182,3.20506,0,0,0
16.201,0,-5.30687,-6.13362,2.76594,-1.00687,-1.18192,-0.248895,3.3221,0,0,0
16.201,1,7.49007,-9.23177,3.16676,0.444054,-2.53015,-0.46629,6.49242,0,0,0
16.201,2,-5.32712,-8.66115,9.51451,-2.52429,-2.10731,-0.0263399,10.9988,0,0,0
16.201,3,5.95993,-7.39589,8.42496,-0.221835,-0.307126,0.496625,1.64407,0,0,0
16.201,4,-7.91309,-2.14309,2.95834,-2.97307,-1.69293,-0.197911,12.5307,0,0,0
16.201,5,-1.44251,-12.7153,9.23644,-0.502519,-1.29148,0.0476085,3.05791,0,0,0
16.3295,0,-5.35392,-6.18692,2.75871,-0.973499,-1.13404,-0.241819,3.3221,0,0,0
16.3295,1,7.52106,-9.37716,3.15202,0.482109,-2.57442,-0.449532,6.23479,0,0,0
16.3295,2,-5.45328,-8.76705,9.51466,-2.50896,-2.09384,-0.0301544,10.492,0,0,0
16.3295,3,5.94953,-7.4189,8.4494,-0.210334,-0.304136,0.483979,1.64407,0,0,0
16.3295,4,-8.06191,-2.2301,2.94823,-2.959,-1.68961,-0.195285,12.1847,0,0,0
16.3295,5,-1.46907,-12.7812,9.24317,-0.494445,-1.2662,0.0515524,3.05791,0,0,0
16.4551,0,-5.40093,-6.2414,2.75212,-0.944236,-1.09711,-0.237802,3.1659,0,0,0
16.4551,1,7.53915,-9.50337,3.15172,0.464245,-2.54142,-0.450917,6.23479,0,0,0
16.4551,2,-5.55692,-8.85452,9.51569,-2.42141,-2.02337,-0.0325081,10.492,0,0,0
16.4551,3,5.94294,-7.4423,8.47328,-0.187457,-0.306381,0.460855,1.57309,0,0,0
16.4551,4,-8.21008,-2.31691,2.93638,-2.94503,-1.68631,-0.188361,12.1847,0,0,0
16.4551,5,-1.49364,-12.8442,9.24999,-0.481503,-1.23596,0.0557093,2.919,0,0,0
16.5817,0,-5.44753,-6.29503,2.74578,-0.918687,-1.06384,-0.228788,3.1659,0,0,0
16.5817,1,7.55822,-9.62629,3.13759,0.450876,-2.49962,-0.462015,5.98281,0,0,0
16.5817,2,-5.69356,-8.967,9.51636,-2.45395,-2.04025,-0.0107367,10.3564,0,0,0
16.5817,3,5.92982,-7.46477,8.49674,-0.192141,-0.30361,0.464596,1.50432,0,0,0
16.5817,4,-8.35419,-2.40013,2.92575,-2.91905,-1.67103,-0.186456,11.846,0,0,0
16.5817,5,-1.51718,-12.9053,9.25693,-0.467438,-1.20455,0.0552163,2.919,0,0,0
16.7097,0,-5.49324,-6.34733,2.73969,-0.894317,-1.03145,-0.221123,3.02241,0,0,0
16.7097,1,7.57025,-9.72611,3.1232,0.410674,-2.38481,-0.453874,5.98281,0,0,0
16.7097,2,-5.82088,-9.07426,9.51627,-2.45152,-2.03974,0.00202742,10.3564,0,0,0
16.7097,3,5.91109,-7.50254,8.5198,-0.175404,-0.274407,0.457694,1.50432,0,0,0
16.7097,4,-8.50236,-2.48784,2.91579,-2.9114,-1.67418,-0.186714,11.846,0,0,0
16.7097,5,-1.54,-12.9649,9.2636,-0.453268,-1.17297,0.0498862,2.78518,0,0,0
16.848,0,-5.53789,-6.39814,2.73378,-0.870581,-0.999529,-0.21233,3.02241,0,0,0
16.848,1,7.59919,-9.86205,3.1088,0.445711,-2.41913,-0.440646,5.74183,0,0,0
16.848,2,-5.94485,-9.17825,9.51725,-2.43873,-2.02877,-0.0241659,9.85115,0,0,0
16.848,3,5.91036,-7.51121,8.54255,-0.177665,-0.306579,0.44981,1.43624,0,0,0
16.848,4,-8.65009,-2.57558,2.90468,-2.90215,-1.67578,-0.193144,11.5014,0,0,0
16.848,5,-1.56217,-13.0229,9.26994,-0.439332,-1.14188,0.0501753,2.78518,0,0,0
16.9718,0,-5.58143,-6.4474,2.72803,-0.847149,-0.967776,-0.20356,2.88485,0,0,0
16.9718,1,7.61622,-9.97988,3.08101,0.429314,-2.38364,-0.411908,5.74183,0,0,0
16.9718,2,-6.06711,-9.28064,9.51741,-2.4223,-2.01434,-0.0352364,9.85115,0,0,0
16.9718,3,5.90109,-7.53418,8.56502,-0.172474,-0.311468,0.443354,1.43624,0,0,0
16.9718,4,-8.79603,-2.66202,2.89439,-2.88785,-1.67257,-0.212506,11.5014,0,0,0
16.9718,5,-1.58372,-13.0794,9.27602,-0.425576,-1.1109,0.0481981,2.65869,0,0,0
17.1001,0,-5.61855,-6.48878,2.72312,-0.807476,-0.915921,-0.191432,2.88485,0,0,0
17.1001,1,7.63417,-10.0861,3.06742,0.41414,-2.30585,-0.419232,5.51195,0,0,0
17.1001,2,-6.18824,-9.38203,9.51786,-2.40468,-1.99892,-0.0369926,9.69168,0,0,0
17.1001,3,5.89191,-7.55714,8.58696,-0.166242,-0.313918,0.437945,1.36975,0,0,0
17.1001,4,-8.94085,-2.74787,2.88566,-2.87218,-1.66827,-0.227266,11.163,0,0,0
17.1001,5,-1.60174,-13.1248,9.28173,-0.403986,-1.04707,0.0523508,2.65869,0,0,0
17.2238,0,-5.65822,-6.53336,2.71772,-0.782459,-0.883385,-0.175536,2.76309,0,0,0
17.2238,1,7.65421,-10.205,3.05427,0.413757,-2.29122,-0.400846,5.51195,0,0,0
17.2238,2,-6.30844,-9.48262,9.51834,-2.38654,-1.98321,-0.0451862,9.69168,0,0,0
17.2238,3,5.87275,-7.59787,8.60877,-0.158104,-0.295423,0.430961,1.36975,0,0,0
17.2238,4,-9.04833,-2.82025,2.87733,-2.73491,-1.62925,-0.219604,11.163,0,0,0
17.2238,5,-1.62232,-13.1855,9.28713,-0.389949,-1.04499,0.0579439,2.54874,0,0,0
17.3648,0,-5.70284,-6.58329,2.7124,-0.777061,-0.873335,-0.163474,2.76309,0,0,0
17.3648,1,7.67099,-10.3164,3.05408,0.400757,-2.25175,-0.39952,5.27864,0,0,0
17.3648,2,-6.42764,-9.58239,9.51912,-2.36296,-1.96789,-0.0527962,9.37698,0,0,0
17.3648,3,5.87215,-7.60742,8.63023,-0.160043,-0.33158,0.421081,1.30065,0,0,0
17.3648,4,-9.21186,-2.90271,2.86658,-2.80988,-1.61495,-0.188211,10.8505,0,0,0
17.3648,5,-1.64393,-13.2396,9.29289,-0.38351,-1.02139,0.0624768,2.54874,0,0,0
17.4945,0,-5.74472,-6.62911,2.70711,-0.764012,-0.851433,-0.155672,2.63603,0,0,0
17.4945,1,7.68988,-10.4235,3.04136,0.409298,-2.19868,-0.393909,5.27864,0,0,0
17.4945,2,-6.54605,-9.68153,9.51951,-2.34516,-1.95189,-0.0603304,9.37698,0,0,0
17.4945,3,5.86294,-7.63055,8.65126,-0.158109,-0.336968,0.413339,1.30065,0,0,0
17.4945,4,-9.36604,-2.99967,2.85712,-2.83811,-1.65585,-0.154221,10.8505,0,0,0
17.4945,5,-1.66389,-13.2914,9.2987,-0.373105,-0.994641,0.0649048,2.42591,0,0,0
17.6253,0,-5.7846,-6.67249,2.70183,-0.746534,-0.824999,-0.152232,2.63603,0,0,0
17.6253,1,7.70646,-10.5308,3.01634,0.39549,-2.15897,-0.377302,5.05861,0,0,0
17.6253,2,-6.6635,-9.77991,9.5199,-2.32695,-1.93615,-0.0618572,9.06711,0,0,0
17.6253,3,5.85404,-7.65334,8.66943,-0.154441,-0.339098,0.407361,1.30065,0,0,0
17.6253,4,-9.50956,-3.08641,2.84823,-2.82574,-1.6579,-0.184805,10.5003,0,0,0
17.6253,5,-1.68301,-13.3417,9.30429,-0.361791,-0.96745,0.0651072,2.42591,0,0,0
17.7504,0,-5.82341,-6.71435,2.69608,-0.72849,-0.797987,-0.149048,2.51458,0,0,0
17.7504,1,7.72338,-10.6356,3.00387,0.384756,-2.1176,-0.366929,5.05861,0,0,0
17.7504,2,-6.77999,-9.87754,9.52023,-2.30831,-1.92041,-0.0637213,9.06711,0,0,0
17.7504,3,5.84532,-7.67587,8.69135,-0.151508,-0.341652,0.388818,1.23775,0,0,0
17.7504,4,-9.65066,-3.17128,2.83959,-2.80665,-1.65231,-0.219861,10.5003,0,0,0
17.7504,5,-1.70159,-13.3909,9.30975,-0.350702,-0.941127,0.0629114,2.31601,0,0,0
17.8782,0,-5.85597,-6.74903,2.69225,-0.693539,-0.75227,-0.143936,2.51458,0,0,0
17.8782,1,7.74028,-10.7384,3.00371,0.375541,-2.07524,-0.36766,4.84805,0,0,0
17.8782,2,-6.8955,-9.9744,9.52054,-2.28928,-1.90461,-0.0655985,8.76191,0,0,0
17.8782,3,5.83801,-7.69692,8.71191,-0.144568,-0.339618,0.388363,1.23775,0,0,0
17.8782,4,-9.92845,-3.3387,2.8236,-2.76609,-1.63829,-0.210993,10.1724,0,0,0
17.8782,5,-1.71976,-13.439,9.31489,-0.340027,-0.915863,0.0621088,2.31601,0,0,0
18.0057,0,-5.8969,-6.79266,2.68623,-0.69086,-0.742923,-0.136172,2.4095,0,0,0
18.0057,1,7.75597,-10.8404,2.99169,0.363644,-2.03778,-0.358742,4.84805,0,0,0
18.0057,2,-7.01002,-10.0705,9.52083,-2.26985,-1.8887,-0.0700376,8.76191,0,0,0
18.0057,3,5.82262,-7.73231,8.73149,-0.13682,-0.314424,0.378539,1.17485,0,0,0
18.0057,4,-9.92845,-3.3387,2.8236,-2.76609,-1.63829,-0.210993,10.1724,0,0,0
18.0057,5,-1.74196,-13.4895,9.31984,-0.345326,-0.903299,0.0597145,2.21155,0,0,0
18.1388,0,-5.9352,-6.83282,2.68117,-0.680945,-0.724426,-0.131489,2.4095,0,0,0
18.1388,1,7.76815,-10.921,2.96816,0.336763,-1.93191,-0.337892,4.66064,0,0,0
18.1388,2,-7.12355,-10.1658,9.52084,-2.25021,-1.87278,-0.0687421,8.31344,0,0,0
18.1388,3,5.82036,-7.739,8.75035,-0.144736,-0.339703,0.368489,1.11523,0,0,0
18.1388,4,-10.0655,-3.4216,2.8154,-2.74469,-1.6303,-0.204249,9.85038,0,0,0
18.1388,5,-1.75826,-13.5413,9.32485,-0.331619,-0.898103,0.0580561,2.21155,0,0,0
18.2651,0,-5.97206,-6.87125,2.67649,-0.667821,-0.70316,-0.131908,2.29367,0,0,0
18.2651,1,7.79227,-11.0339,2.96786,0.365099,-1.95728,-0.333519,4.66064,0,0,0
18.2651,2,-7.23608,-10.2603,9.52134,-2.23024,-1.8567,-0.0710216,8.31344,0,0,0
18.2651,3,5.80571,-7.77972,8.76871,-0.135569,-0.334471,0.358867,1.11523,0,0,0
18.2651,4,-10.2015,-3.50402,2.80759,-2.7228,-1.62181,-0.200044,9.85038,0,0,0
18.2651,5,-1.77241,-13.5779,9.32997,-0.312766,-0.845678,0.0565421,2.10174,0,0,0
18.3884,0,-6.00798,-6.90852,2.67197,-0.654175,-0.681981,-0.129794,2.29367,0,0,0
18.3884,1,7.80712,-11.1313,2.95649,0.352486,-1.92401,-0.321509,4.44682,0,0,0
18.3884,2,-7.34762,-10.354,9.52134,-2.21015,-1.84058,-0.0693557,8.16648,0,0,0
18.3884,3,5.79734,-7.80126,8.78679,-0.13495,-0.335694,0.350613,1.04179,0,0,0
18.3884,4,-10.3365,-3.58596,2.79994,-2.70033,-1.61265,-0.205941,9.53316,0,0,0
18.3884,5,-1.78869,-13.6219,9.33449,-0.302361,-0.823414,0.0550874,2.10174,0,0,0
18.5102,0,-6.04313,-6.94482,2.66814,-0.640536,-0.661524,-0.126588,2.18827,0,0,0
18.5102,1,7.82287,-11.2262,2.94532,0.343934,-1.88579,-0.328629,4.44682,0,0,0
18.5102,2,-7.45817,-10.447,9.52177,-2.18983,-1.82426,-0.0736485,8.16648,0,0,0
18.5102,3,5.78953,-7.82198,8.80455,-0.133448,-0.336363,0.340185,1.04179,0,0,0
18.5102,4,-10.4704,-3.66738,2.79245,-2.67732,-1.60276,-0.219802,9.53316,0,0,0
18.5102,5,-1.8048,-13.665,9.33895,-0.293118,-0.802365,0.0547399,1.96884,0,0,0
18.6406,0,-6.0775,-6.98025,2.66357,-0.62691,-0.641894,-0.123282,2.18827,0,0,0
18.6406,1,7.83885,-11.3192,2.93405,0.338087,-1.84883,-0.321993,4.25491,0,0,0
18.6406,2,-7.56776,-10.5391,9.52182,-2.16951,-1.80786,-0.0745448,7.87637,0,0,0
18.6406,3,5.78859,-7.82535,8.82169,-0.136333,-0.348279,0.331655,1.04179,0,0,0
18.6406,4,-10.6033,-3.74822,2.78515,-2.65429,-1.59254,-0.228373,9.22056,0,0,0
18.6406,5,-1.82058,-13.7073,9.34342,-0.284418,-0.782182,0.0530619,1.96884,0,0,0
18.7711,0,-6.1111,-7.01482,2.65932,-0.613157,-0.623015,-0.120456,2.03965,0,0,0
18.7711,1,7.85479,-11.4106,2.92307,0.333089,-1.81281,-0.312393,4.25491,0,0,0
18.7711,2,-7.67637,-10.6304,9.52209,-2.14904,-1.79121,-0.0807479,7.87637,0,0,0
18.7711,3,5.77597,-7.86244,8.83832,-0.123622,-0.332206,0.326627,0.999269,0,0,0
18.7711,4,-10.735,-3.82841,2.77804,-2.63167,-1.58216,-0.223759,9.22056,0,0,0
18.7711,5,-1.83599,-13.7486,9.34774,-0.276036,-0.762519,0.0511556,1.92351,0,0,0
18.9014,0,-6.1439,-7.04857,2.65579,-0.599319,-0.604959,-0.116808,2.03965,0,0,0
18.9014,1,7.8706,-11.5003,2.91239,0.328211,-1.77711,-0.30585,4.06985,0,0,0
18.9014,2,-7.78605,-10.7229,9.52236,-2.13572,-1.7815,-0.0852748,7.59134,0,0,0
18.9014,3,5.76799,-7.88013,8.85497,-0.123978,-0.322848,0.319663,0.999269,0,0,0
18.9014,4,-10.8628,-3.90509,2.77109,-2.59896,-1.56134,-0.21699,8.91704,0,0,0
18.9014,5,-1.85102,-13.789,9.35179,-0.267861,-0.743118,0.051764,1.92351,0,0,0
19.0243,0,-6.17588,-7.08152,2.65156,-0.585302,-0.587617,-0.112919,1.99246,0,0,0
19.0243,1,7.88544,-11.5893,2.90193,0.320713,-1.74487,-0.299933,4.06985,0,0,0
19.0243,2,-7.89061,-10.8104,9.52252,-2.1078,-1.75717,-0.0936361,7.59134,0,0,0
19.0243,3,5.76731,-7.88244,8.87116,-0.12655,-0.332422,0.310518,0.933877,0,0,0
19.0243,4,-10.995,-3.98672,2.76427,-2.58586,-1.55969,-0.205114,8.91704,0,0,0
19.0243,5,-1.86568,-13.8284,9.35582,-0.259855,-0.723939,0.0541856,1.83596,0,0,0
19.1549,0,-6.20705,-7.11368,2.64766,-0.571145,-0.570997,-0.10894,1.99246,0,0,0
19.1549,1,7.8967,-11.6599,2.88185,0.297758,-1.65344,-0.284118,3.90594,0,0,0
19.1549,2,-7.99618,-10.899,9.52266,-2.08696,-1.73977,-0.0969193,7.17367,0,0,0
19.1549,3,5.76062,-7.90047,8.88671,-0.122993,-0.325388,0.303819,0.896371,0,0,0
19.1549,4,-11.1233,-4.06485,2.75761,-2.56256,-1.54756,-0.198894,8.61121,0,0,0
19.1549,5,-1.88071,-13.8676,9.35983,-0.25203,-0.700161,0.0561872,1.83596,0,0,0
19.2825,0,-6.23741,-7.1451,2.64391,-0.556858,-0.555043,-0.104949,1.90142,0,0,0
19.2825,1,7.91861,-11.7585,2.88181,0.323276,-1.67504,-0.292216,3.90594,0,0,0
19.2825,2,-8.10066,-10.9867,9.52287,-2.06582,-1.72198,-0.100065,7.17367,0,0,0
19.2825,3,5.75594,-7.92078,8.90215,-0.112526,-0.323207,0.296158,0.896371,0,0,0
19.2825,4,-11.2505,-4.14234,2.75103,-2.53931,-1.53498,-0.193503,8.61121,0,0,0
19.2825,5,-1.90003,-13.9089,9.36387,-0.262542,-0.694496,0.0566483,1.75156,0,0,0
19.4098,0,-6.26698,-7.1758,2.64072,-0.54256,-0.539807,-0.100861,1.90142,0,0,0
19.4098,1,7.93206,-11.8434,2.86319,0.312405,-1.64547,-0.279032,3.71824,0,0,0
19.4098,2,-8.20404,-11.0735,9.52292,-2.04444,-1.70386,-0.100155,7.03725,0,0,0
19.4098,3,5.75064,-7.93747,8.91694,-0.107538,-0.312488,0.286497,0.848066,0,0,0
19.4098,4,-11.4858,-4.28905,2.73834,-2.43912,-1.49113,-0.200359,8.31426,0,0,0
19.4098,5,-1.90934,-13.943,9.3679,-0.240831,-0.666794,0.0559302,1.75156,0,0,0
19.5297,0,-6.2958,-7.20583,2.63688,-0.528304,-0.52524,-0.0972041,1.81484,0,0,0
19.5297,1,7.94594,-11.9258,2.86316,0.304141,-1.61092,-0.29208,3.71824,0,0,0
19.5297,2,-8.3063,-11.1593,9.52306,-2.0227,-1.68532,-0.10199,7.03725,0,0,0
19.5297,3,5.74166,-7.95157,8.93135,-0.115961,-0.296411,0.278763,0.848066,0,0,0
19.5297,4,-11.4858,-4.28905,2.73834,-2.43912,-1.49113,-0.200359,8.31426,0,0,0
19.5297,5,-1.92742,-13.982,9.37175,-0.249774,-0.659952,0.0532438,1.67046,0,0,0
19.6546,0,-6.3239,-7.23521,2.6333,-0.514217,-0.511375,-0.0937053,1.81484,0,0,0
19.6546,1,7.95968,-12.0063,2.85399,0.297502,-1.5776,-0.28076,3.55295,0,0,0
19.6546,2,-8.40744,-11.244,9.52316,-2.00079,-1.66652,-0.100069,6.76883,0,0,0
19.6546,3,5.73555,-7.9678,8.94538,-0.112828,-0.290638,0.272289,0.848066,0,0,0
19.6546,4,-11.6218,-4.36651,2.73222,-2.46523,-1.48412,-0.200427,8.02807,0,0,0
19.6546,5,-1.9398,-14.022,9.37541,-0.239811,-0.658801,0.0522187,1.67046,0,0,0
19.7885,0,-6.35132,-7.26399,2.62988,-0.500378,-0.498192,-0.0903104,1.73225,0,0,0
19.7885,1,7.97818,-12.0924,2.83653,0.309318,-1.57359,-0.265897,3.55295,0,0,0
19.7885,2,-8.50748,-11.3278,9.52338,-1.97863,-1.64738,-0.0993323,6.76883,0,0,0
19.7885,3,5.73038,-7.98272,8.95928,-0.107127,-0.281305,0.266812,0.803941,0,0,0
19.7885,4,-11.7479,-4.44421,2.72636,-2.45341,-1.48139,-0.199237,8.02807,0,0,0
19.7885,5,-1.94947,-14.0501,9.37907,-0.223311,-0.618819,0.0520703,1.58546,0,0,0
19.9119,0,-6.37809,-7.29218,2.62657,-0.486888,-0.485701,-0.0871969,1.73225,0,0,0
19.9119,1,7.98499,-12.1629,2.83641,0.275727,-1.51096,-0.264781,3.39333,0,0,0
19.9119,2,-8.59309,-11.4005,9.52337,-1.91299,-1.59677,-0.092469,6.50637,0,0,0
19.9119,3,5.7238,-7.99871,8.97265,-0.106758,-0.277225,0.261091,0.803941,0,0,0
19.9119,4,-11.8553,-4.51311,2.72131,-2.38007,-1.45322,-0.217164,7.75215,0,0,0
19.9119,5,-1.96726,-14.0892,9.38255,-0.229846,-0.608669,0.0511633,1.58546,0,0,0
20.0475,0,-6.40424,-7.31983,2.62331,-0.47378,-0.473842,-0.0842804,1.65334,0,0,0
20.0475,1,7.99866,-12.2372,2.81973,0.27259,-1.47461,-0.24701,3.39333,0,0,0
20.0475,2,-8.6873,-11.4786,9.52333,-1.88595,-1.57066,-0.0802417,6.50637,0,0,0
20.0475,3,5.71817,-8.01344,8.98586,-0.10353,-0.270018,0.256164,0.76123,0,0,0
20.0475,4,-12.1108,-4.66364,2.71004,-2.39202,-1.44013,-0.205078,7.75215,0,0,0
20.0475,5,-1.97805,-14.1237,9.38605,-0.218626,-0.599007,0.0497168,1.51263,0,0,0
20.169,0,-6.42982,-7.34694,2.62055,-0.461139,-0.462626,-0.0813782,1.65334,0,0,0
20.169,1,8.01107,-12.3107,2.81953,0.266153,-1.4414,-0.243842,3.2423,0,0,0
20.169,2,-8.79504,-11.5672,9.52357,-1.90713,-1.58097,-0.0644796,6.27167,0,0,0
20.169,3,5.71342,-8.02699,8.9969,-0.097992,-0.260113,0.244978,0.76123,0,0,0
20.169,4,-12.1108,-4.66364,2.71004,-2.39202,-1.44013,-0.205078,7.45541,0,0,0
20.169,5,-1.99004,-14.1562,9.38954,-0.213118,-0.584921,0.0461679,1.51263,0,0,0
20.2916,0,-6.45484,-7.37354,2.61722,-0.448937,-0.451949,-0.0792336,1.57777,0,0,0
20.2916,1,8.01856,-12.3708,2.80356,0.240297,-1.36637,-0.225183,3.2423,0,0,0
20.2916,2,-8.8953,-11.6516,9.5237,-1.90029,-1.57713,-0.0730478,6.27167,0,0,0
20.2916,3,5.70743,-8.03979,9.01104,-0.0978501,-0.249235,0.24891,0.722766,0,0,0
20.2916,4,-12.2304,-4.73601,2.70472,-2.36875,-1.42592,-0.223791,7.45541,0,0,0
20.2916,5,-2.00041,-14.1875,9.39273,-0.201501,-0.564264,0.0423923,1.44156,0,0,0
20.4257,0,-6.47932,-7.39965,2.6141,-0.43725,-0.441836,-0.0768677,1.57777,0,0,0
20.4257,1,8.03444,-12.4454,2.79555,0.250079,-1.35284,-0.220399,3.10398,0,0,0
20.4257,2,-8.9919,-11.7324,9.52404,-1.8827,-1.56234,-0.0892457,6.00116,0,0,0
20.4257,3,5.70256,-8.05451,9.02383,-0.093619,-0.247302,0.240245,0.682807,0,0,0
20.4257,4,-12.3479,-4.80675,2.69981,-2.34321,-1.40876,-0.227026,7.17834,0,0,0
20.4257,5,-2.01083,-14.2181,9.39583,-0.194517,-0.551374,0.0428554,1.44156,0,0,0
20.5529,0,-6.5033,-7.42527,2.61113,-0.426012,-0.432163,-0.0749336,1.50518,0,0,0
20.5529,1,8.04795,-12.5215,2.79541,0.25343,-1.35031,-0.214396,3.10398,0,0,0
20.5529,2,-9.08648,-11.8113,9.52414,-1.86021,-1.54451,-0.0983716,6.00116,0,0,0
20.5529,3,5.69734,-8.0676,9.03599,-0.0916781,-0.24034,0.232344,0.682807,0,0,0
20.5529,4,-12.4447,-4.86649,2.69544,-2.25261,-1.36083,-0.221017,7.17834,0,0,0
20.5529,5,-2.02386,-14.2486,9.39887,-0.196094,-0.539114,0.0416142,1.376,0,0,0
20.6819,0,-6.52678,-7.4504,2.60826,-0.415244,-0.42292,-0.0729375,1.50518,0,0,0
20.6819,1,8.05804,-12.5909,2.78778,0.24195,-1.3236,-0.215004,2.95654,0,0,0
20.6819,2,-9.1797,-11.889,9.52416,-1.83867,-1.52536,-0.100642,5.75203,0,0,0
20.6819,3,5.68815,-8.09122,9.04764,-0.0847072,-0.221478,0.225613,0.682807,0,0,0
20.6819,4,-12.5742,-4.94089,2.68989,-2.28611,-1.36269,-0.204034,6.91505,0,0,0
20.6819,5,-2.02536,-14.2516,9.40184,-0.201133,-0.549911,0.0399832,1.376,0,0,0
20.8111,0,-6.54977,-7.47506,2.60546,-0.40488,-0.414007,-0.0711816,1.43546,0,0,0
20.8111,1,8.06859,-12.6583,2.77268,0.233815,-1.29527,-0.211102,2.95654,0,0,0
20.8111,2,-9.25935,-11.9564,9.5243,-1.77571,-1.47642,-0.106434,5.75203,0,0,0
20.8111,3,5.68768,-8.09207,9.05904,-0.0862896,-0.224477,0.219393,0.638061,0,0,0
20.8111,4,-12.69,-5.01124,2.68515,-2.26874,-1.35448,-0.195475,6.91505,0,0,0
20.8111,5,-2.04586,-14.3074,9.4045,-0.187352,-0.51473,0.0432871,1.33916,0,0,0
20.9367,0,-6.57227,-7.49922,2.60305,-0.394913,-0.4054,-0.0692324,1.43546,0,0,0
20.9367,1,8.07911,-12.7242,2.76526,0.227047,-1.26697,-0.206649,2.82001,0,0,0
20.9367,2,-9.3584,-12.0372,9.52427,-1.78601,-1.47621,-0.107443,5.39856,0,0,0
20.9367,3,5.68312,-8.10354,9.06999,-0.0833936,-0.21589,0.214762,0.638061,0,0,0
20.9367,4,-12.8028,-5.07893,2.68101,-2.24297,-1.3382,-0.20522,6.64788,0,0,0
20.9367,5,-2.04694,-14.3099,9.40764,-0.190901,-0.523326,0.0444766,1.33916,0,0,0
21.0657,0,-6.59429,-7.5229,2.60017,-0.385261,-0.397001,-0.0675507,1.36853,0,0,0
21.0657,1,8.08909,-12.7891,2.76524,0.219503,-1.24009,-0.204752,2.82001,0,0,0
21.0657,2,-9.43891,-12.1057,9.52443,-1.73424,-1.43882,-0.108518,5.39856,0,0,0
21.0657,3,5.67872,-8.11452,9.08083,-0.0801625,-0.206217,0.211139,0.612881,0,0,0
21.0657,4,-12.9137,-5.14513,2.67609,-2.21568,-1.31982,-0.200293,6.64788,0,0,0
21.0657,5,-2.05726,-14.3379,9.41056,-0.185788,-0.510422,0.0454948,1.27681,0,0,0
21.192,0,-6.61594,-7.5462,2.59749,-0.376729,-0.389453,-0.0658289,1.36853,0,0,0
21.192,1,8.09951,-12.8519,2.7515,0.21462,-1.21161,-0.192972,2.69003,0,0,0
21.192,2,-9.536,-12.185,9.52459,-1.74444,-1.4396,-0.116908,5.29286,0,0,0
21.192,3,5.67074,-8.13452,9.0902,-0.0732196,-0.186688,0.207539,0.612881,0,0,0
21.192,4,-13.0263,-5.20717,2.67154,-2.20248,-1.28703,-0.19028,6.39014,0,0,0
21.192,5,-2.07609,-14.3896,9.41338,-0.172171,-0.476351,0.0490166,1.27681,0,0,0
21.3167,0,-6.63695,-7.56885,2.59494,-0.367351,-0.380972,-0.0642668,1.30415,0,0,0
21.3167,1,8.10932,-12.9137,2.75142,0.208564,-1.18417,-0.19431,2.69003,0,0,0
21.3167,2,-9.62773,-12.2623,9.52473,-1.73614,-1.43524,-0.118507,5.29286,0,0,0
21.3167,3,5.67029,-8.13523,9.10145,-0.0747681,-0.189191,0.202592,0.575032,0,0,0
21.3167,4,-13.1311,-5.27457,2.6672,-2.16,-1.28203,-0.188905,6.39014,0,0,0
21.3167,5,-2.08365,-14.4138,9.41657,-0.161201,-0.458462,0.0445729,1.19172,0,0,0
21.4417,0,-6.65753,-7.59105,2.59246,-0.358381,-0.372896,-0.0624037,1.30415,0,0,0
21.4417,1,8.11857,-12.9745,2.74529,0.201605,-1.15849,-0.188172,2.56585,0,0,0
21.4417,2,-9.71492,-12.3352,9.52491,-1.71565,-1.41856,-0.127644,5.04758,0,0,0
21.4417,3,5.66624,-8.14508,9.11189,-0.0723269,-0.181313,0.198661,0.575032,0,0,0
21.4417,4,-13.2356,-5.33575,2.6631,-2.12368,-1.25547,-0.186994,6.14431,0,0,0
21.4417,5,-2.09516,-14.4378,9.41942,-0.164291,-0.442439,0.0421164,1.19172,0,0,0
21.5743,0,-6.67767,-7.61279,2.59005,-0.349646,-0.36497,-0.0607832,1.24277,0,0,0
21.5743,1,8.12048,-13.0139,2.73214,0.16502,-1.06182,-0.175026,2.56585,0,0,0
21.5743,2,-9.79818,-12.4046,9.52505,-1.68471,-1.39239,-0.131905,5.04758,0,0,0
21.5743,3,5.66228,-8.15459,9.12192,-0.0697586,-0.173084,0.195874,0.551572,0,0,0
21.5743,4,-13.3411,-5.39842,2.65892,-2.09555,-1.23689,-0.184643,6.14431,0,0,0
21.5743,5,-2.10369,-14.4665,9.4219,-0.15733,-0.444006,0.0417299,1.1396,0,0,0
21.6997,0,-6.69522,-7.6316,2.58769,-0.334561,-0.349435,-0.0587058,1.24277,0,0,0
21.6997,1,8.13575,-13.0796,2.73204,0.187723,-1.07502,-0.174113,2.45861,0,0,0
21.6997,2,-9.88127,-12.4742,9.52493,-1.65771,-1.37078,-0.127592,4.82551,0,0,0
21.6997,3,5.6584,-8.16382,9.13051,-0.0675782,-0.165825,0.190651,0.551572,0,0,0
21.6997,4,-13.4475,-5.46258,2.65511,-2.07533,-1.22675,-0.182476,5.89729,0,0,0
21.6997,5,-2.1042,-14.4719,9.42456,-0.157098,-0.464489,0.0396821,1.1396,0,0,0
21.8238,0,-6.71553,-7.65379,2.5854,-0.330586,-0.347419,-0.0570419,1.18721,0,0,0
21.8238,1,8.14814,-13.146,2.72602,0.197836,-1.08917,-0.165259,2.45861,0,0,0
21.8238,2,-9.96492,-12.5446,9.5251,-1.63742,-1.35641,-0.122864,4.82551,0,0,0
21.8238,3,5.6546,-8.17279,9.14078,-0.0655968,-0.159188,0.186204,0.524052,0,0,0
21.8238,4,-13.5504,-5.52384,2.65085,-2.04725,-1.20908,-0.187054,5.89729,0,0,0
21.8238,5,-2.12166,-14.5181,9.42703,-0.147506,-0.430756,0.039045,1.10426,0,0,0
21.9504,0,-6.73473,-7.67453,2.58314,-0.324093,-0.341434,-0.054988,1.18721,0,0,0
21.9504,1,8.15535,-13.203,2.71488,0.185792,-1.06659,-0.164715,2.33263,0,0,0
21.9504,2,-10.0437,-12.6089,9.52509,-1.60352,-1.32344,-0.119172,4.60778,0,0,0
21.9504,3,5.64837,-8.1883,9.15031,-0.0583213,-0.141323,0.18134,0.524052,0,0,0
21.9504,4,-13.652,-5.58439,2.6468,-2.01948,-1.19187,-0.188138,5.65907,0,0,0
21.9504,5,-2.13101,-14.5397,9.42964,-0.146593,-0.413403,0.0391984,1.10426,0,0,0
22.0739,0,-6.75368,-7.695,2.58099,-0.318048,-0.335814,-0.0541053,1.12869,0,0,0
22.0739,1,8.16043,-13.2482,2.71482,0.1658,-1.00682,-0.166347,2.33263,0,0,0
22.0739,2,-10.1215,-12.6759,9.52518,-1.56941,-1.30566,-0.117139,4.60778,0,0,0
22.0739,3,5.64706,-8.18925,9.1594,-0.0629693,-0.144669,0.17638,0.491383,0,0,0
22.0739,4,-13.8386,-5.69846,2.63958,-1.92131,-1.14551,-0.186673,5.65907,0,0,0
22.0739,5,-2.13198,-14.5419,9.43222,-0.149906,-0.421515,0.035541,1.03116,0,0,0
22.1998,0,-6.77174,-7.71456,2.57885,-0.310503,-0.328632,-0.0528275,1.12869,0,0,0
22.1998,1,8.17242,-13.3095,2.70418,0.178122,-1.01617,-0.153187,2.22426,0,0,0
22.1998,2,-10.2003,-12.7426,9.52513,-1.54601,-1.28942,-0.112162,4.40348,0,0,0
22.1998,3,5.64088,-8.205,9.16819,-0.0565667,-0.132554,0.171899,0.465802,0,0,0
22.1998,4,-13.8386,-5.69846,2.63958,-1.92131,-1.14551,-0.186673,5.44033,0,0,0
22.1998,5,-2.14738,-14.5848,9.43421,-0.138584,-0.392402,0.0373648,1.03116,0,0,0
22.3239,0,-6.78933,-7.73363,2.57677,-0.302929,-0.321353,-0.0514196,1.07401,0,0,0
22.3239,1,8.17626,-13.3533,2.69896,0.155714,-0.96206,-0.144451,2.22426,0,0,0
22.3239,2,-10.276,-12.8066,9.52529,-1.51689,-1.26683,-0.113623,4.40348,0,0,0
22.3239,3,5.6402,-8.20632,9.17676,-0.058795,-0.136986,0.168284,0.465802,0,0,0
22.3239,4,-14.0439,-5.81802,2.63199,-1.9125,-1.12885,-0.183631,5.44033,0,0,0
22.3239,5,-2.15536,-14.6065,9.43666,-0.134974,-0.381942,0.0411241,0.982971,0,0,0
22.4487,0,-6.8065,-7.75225,2.57471,-0.295522,-0.314176,-0.0493956,1.07401,0,0,0
22.4487,1,8.18802,-13.4112,2.69403,0.168313,-0.967524,-0.140486,2.1209,0,0,0
22.4487,2,-10.3488,-12.868,9.52543,-1.48249,-1.23892,-0.114571,4.20108,0,0,0
22.4487,3,5.63678,-8.21412,9.18509,-0.0573354,-0.132093,0.163417,0.465802,0,0,0
22.4487,4,-14.0439,-5.81802,2.63199,-1.9125,-1.12885,-0.183631,5.20265,0,0,0
22.4487,5,-2.1632,-14.6278,9.4392,-0.131721,-0.372408,0.0377097,0.982971,0,0,0
22.5769,0,-6.82329,-7.77046,2.57271,-0.288302,-0.307121,-0.0477748,1.02257,0,0,0
22.5769,1,8.19485,-13.4609,2.6892,0.160174,-0.943915,-0.131451,2.1209,0,0,0
22.5769,2,-10.4219,-12.93,9.52545,-1.45398,-1.21681,-0.115759,4.20108,0,0,0
22.5769,3,5.63346,-8.22168,9.19321,-0.0556776,-0.126953,0.160031,0.446768,0,0,0
22.5769,4,-14.1394,-5.87565,2.62855,-1.88532,-1.11501,-0.193207,5.20265,0,0,0
22.5769,5,-2.16431,-14.6302,9.44139,-0.135473,-0.380667,0.0354103,0.936907,0,0,0
22.7058,0,-6.83972,-7.78829,2.57075,-0.281321,-0.30024,-0.0467891,1.02257,0,0,0
22.7058,1,8.2018,-13.5092,2.68453,0.153646,-0.919157,-0.129236,2.02145,0,0,0
22.7058,2,-10.4937,-12.9909,9.52546,-1.42533,-1.1944,-0.114649,4.00999,0,0,0
22.7058,3,5.63024,-8.22901,9.20114,-0.0541643,-0.122275,0.155378,0.446768,0,0,0
22.7058,4,-14.2304,-5.92947,2.62513,-1.85013,-1.09297,-0.193291,4.98525,0,0,0
22.7058,5,-2.17198,-14.6511,9.44339,-0.13222,-0.37135,0.0363176,0.936907,0,0,0
22.8369,0,-6.85583,-7.80577,2.56906,-0.274608,-0.293563,-0.0461972,0.973397,0,0,0
22.8369,1,8.20892,-13.5561,2.68444,0.148758,-0.894215,-0.12931,2.02145,0,0,0
22.8369,2,-10.5641,-13.0507,9.52551,-1.39696,-1.17234,-0.117979,4.00999,0,0,0
22.8369,3,5.62456,-8.24175,9.20885,-0.0494974,-0.109128,0.151501,0.42393,0,0,0
22.8369,4,-14.3238,-5.98657,2.62177,-1.82639,-1.08321,-0.189406,4.98525,0,0,0
22.8369,5,-2.18575,-14.6892,9.44552,-0.122448,-0.345525,0.0365066,0.911869,0,0,0
22.9611,0,-6.8716,-7.82288,2.56731,-0.268169,-0.287096,-0.0453294,0.973397,0,0,0
22.9611,1,8.21597,-13.6019,2.67536,0.144523,-0.870204,-0.12113,1.92721,0,0,0
22.9611,2,-10.6332,-13.1093,9.52553,-1.3687,-1.1499,-0.118727,3.82354,0,0,0
22.9611,3,5.62155,-8.24849,9.21638,-0.0481935,-0.105234,0.147629,0.42393,0,0,0
22.9611,4,-14.4144,-6.04162,2.61851,-1.79736,-1.06898,-0.181581,4.76968,0,0,0
22.9611,5,-2.19299,-14.7088,9.44773,-0.11976,-0.337622,0.0333209,0.911869,0,0,0
23.0889,0,-6.88704,-7.83962,2.56505,-0.261906,-0.280737,-0.0445496,0.926231,0,0,0
23.0889,1,8.22268,-13.6469,2.67113,0.139871,-0.847554,-0.11897,1.92721,0,0,0
23.0889,2,-10.7008,-13.1667,9.5256,-1.34029,-1.12694,-0.120245,3.82354,0,0,0
23.0889,3,5.621,-8.24982,9.22371,-0.0500587,-0.110077,0.143756,0.398087,0,0,0
23.0889,4,-14.5046,-6.09719,2.61531,-1.77224,-1.05921,-0.174858,4.76968,0,0,0
23.0889,5,-2.19411,-14.7113,9.44969,-0.123595,-0.346451,0.0300522,0.85027,0,0,0
23.2111,0,-6.90211,-7.85597,2.56336,-0.255762,-0.274436,-0.043393,0.926231,0,0,0
23.2111,1,8.2295,-13.6906,2.66684,0.136304,-0.825016,-0.114832,1.83706,0,0,0
23.2111,2,-10.7671,-13.2229,9.52559,-1.31185,-1.10364,-0.119164,3.55735,0,0,0
23.2111,3,5.61845,-8.256,9.23085,-0.0473301,-0.104835,0.140304,0.398087,0,0,0
23.2111,4,-14.5908,-6.14949,2.61218,-1.73692,-1.0397,-0.170433,4.56286,0,0,0
23.2111,5,-2.20704,-14.747,9.45132,-0.114596,-0.322791,0.0316953,0.85027,0,0,0
23.3426,0,-6.91682,-7.87191,2.56162,-0.249663,-0.268115,-0.042232,0.881056,0,0,0
23.3426,1,8.23632,-13.7333,2.66342,0.133508,-0.802835,-0.110752,1.83706,0,0,0
23.3426,2,-10.8231,-13.271,9.52555,-1.25468,-1.05874,-0.116821,3.55735,0,0,0
23.3426,3,5.61528,-8.26199,9.23786,-0.0472317,-0.0996751,0.137155,0.382109,0,0,0
23.3426,4,-14.6755,-6.20134,2.60909,-1.70269,-1.02154,-0.169885,4.56286,0,0,0
23.3426,5,-2.20811,-14.7493,9.45329,-0.118143,-0.330644,0.0328466,0.809414,0,0,0
23.4719,0,-6.93116,-7.88745,2.55994,-0.243593,-0.261762,-0.0409801,0.881056,0,0,0
23.4719,1,8.24282,-13.7752,2.65844,0.130204,-0.782017,-0.107951,1.75102,0,0,0
23.4719,2,-10.8921,-13.3283,9.52537,-1.24862,-1.04872,-0.113039,3.39387,0,0,0
23.4719,3,5.61042,-8.2735,9.24378,-0.0425965,-0.0908974,0.134146,0.35937,0,0,0
23.4719,4,-14.7592,-6.25284,2.60605,-1.67017,-1.00534,-0.167123,4.36519,0,0,0
23.4719,5,-2.2205,-14.7834,9.45519,-0.109663,-0.307952,0.032749,0.809414,0,0,0
23.5982,0,-6.94513,-7.90257,2.55831,-0.237524,-0.255356,-0.0398113,0.838087,0,0,0
23.5982,1,8.24918,-13.8163,2.65412,0.126986,-0.76178,-0.106251,1.75102,0,0,0
23.5982,2,-10.9562,-13.3828,9.52535,-1.22773,-1.03232,-0.109653,3.39387,0,0,0
23.5982,3,5.60978,-8.27496,9.25097,-0.0448005,-0.0962051,0.130409,0.35937,0,0,0
23.5982,4,-14.8414,-6.30379,2.60313,-1.63826,-0.989642,-0.168464,4.36519,0,0,0
23.5982,5,-2.22706,-14.8011,9.4571,-0.107405,-0.301119,0.0312319,0.770441,0,0,0
23.7288,0,-6.95874,-7.91728,2.55671,-0.231478,-0.248923,-0.0385373,0.838087,0,0,0
23.7288,1,8.25282,-13.8497,2.65021,0.113217,-0.718702,-0.102051,1.67541,0,0,0
23.7288,2,-11.0092,-13.4283,9.5256,-1.17436,-0.990341,-0.107993,3.30976,0,0,0
23.7288,3,5.60497,-8.28542,9.25667,-0.0410964,-0.0861573,0.127929,0.35937,0,0,0
23.7288,4,-14.9223,-6.35406,2.60023,-1.60687,-0.974321,-0.167448,4.17312,0,0,0
23.7288,5,-2.22813,-14.8035,9.45898,-0.111069,-0.309482,0.0285749,0.770441,0,0,0
23.8495,0,-6.97198,-7.9316,2.55516,-0.225454,-0.242471,-0.0374155,0.797334,0,0,0
23.8495,1,8.26227,-13.8946,2.65012,0.125171,-0.723945,-0.10169,1.67541,0,0,0
23.8495,2,-11.0738,-13.4817,9.5255,-1.16696,-0.978878,-0.105246,3.30976,0,0,0
23.8495,3,5.60263,-8.29091,9.26375,-0.0393501,-0.082978,0.123873,0.340988,0,0,0
23.8495,4,-15.0017,-6.40353,2.59744,-1.5756,-0.958781,-0.16829,4.17312,0,0,0
23.8495,5,-2.23455,-14.8208,9.46055,-0.108883,-0.302997,0.0278516,0.748845,0,0,0
23.9819,0,-6.98488,-7.94553,2.55365,-0.219495,-0.236047,-0.0362457,0.797334,0,0,0
23.9819,1,8.26753,-13.9334,2.64638,0.119547,-0.707244,-0.0978935,1.59048,0,0,0
23.9819,2,-11.1346,-13.5333,9.52517,-1.14877,-0.96476,-0.0992994,3.15604,0,0,0
23.9819,3,5.59994,-8.29669,9.27011,-0.0390806,-0.0815234,0.121129,0.322756,0,0,0
23.9819,4,-15.0797,-6.45215,2.59471,-1.54464,-0.943065,-0.166307,3.98766,0,0,0
23.9819,5,-2.24084,-14.8378,9.46213,-0.106657,-0.296285,0.0278463,0.748845,0,0,0
24.105,0,-6.9971,-7.95876,2.55234,-0.212726,-0.228786,-0.0350976,0.758725,0,0,0
24.105,1,8.27305,-13.971,2.64271,0.115551,-0.689342,-0.0974696,1.59048,0,0,0
24.105,2,-11.183,-13.5745,9.52551,-1.09316,-0.919927,-0.0988793,3.15604,0,0,0
24.105,3,5.59746,-8.3022,9.27616,-0.0382318,-0.0795184,0.117969,0.322756,0,0,0
24.105,4,-15.1464,-6.49581,2.59206,-1.48133,-0.915711,-0.164096,3.98766,0,0,0
24.105,5,-2.24699,-14.8543,9.46379,-0.104514,-0.289745,0.0263396,0.712138,0,0,0
24.23,0,-7.0096,-7.97221,2.55094,-0.207829,-0.223374,-0.0340149,0.758725,0,0,0
24.23,1,8.28163,-14.0128,2.63902,0.12403,-0.690807,-0.0957777,1.50956,0,0,0
24.23,2,-11.243,-13.624,9.52531,-1.0842,-0.907214,-0.0945161,3.01274,0,0,0
24.23,3,5.59698,-8.30352,9.28201,-0.0397751,-0.0841698,0.114812,0.309076,0,0,0
24.23,4,-15.2284,-6.54388,2.58943,-1.48008,-0.903757,-0.160661,3.81285,0,0,0
24.23,5,-2.253,-14.8705,9.46529,-0.102368,-0.283341,0.0249049,0.712138,0,0,0
24.364,0,-7.0216,-7.98513,2.54958,-0.202391,-0.217409,-0.0331918,0.722256,0,0,0
24.364,1,8.28328,-14.044,2.63565,0.10495,-0.653881,-0.0931598,1.50956,0,0,0
24.364,2,-11.2994,-13.6718,9.52511,-1.06518,-0.892252,-0.0882803,3.01274,0,0,0
24.364,3,5.59463,-8.3088,9.2877,-0.0386612,-0.0818019,0.112043,0.309076,0,0,0
24.364,4,-15.3763,-6.6367,2.58461,-1.42697,-0.877352,-0.159102,3.81285,0,0,0
24.364,5,-2.26223,-14.9012,9.46671,-0.0891881,-0.268689,0.0241846,0.677103,0,0,0
24.4925,0,-7.03327,-7.99769,2.54797,-0.196999,-0.211483,-0.0319066,0.722256,0,0,0
24.4925,1,8.28915,-14.0783,2.62867,0.104542,-0.635349,-0.0877084,1.44299,0,0,0
24.4925,2,-11.346,-13.7117,9.52538,-1.01772,-0.85515,-0.0852331,2.79968,0,0,0
24.4925,3,5.59234,-8.31394,9.29324,-0.0375362,-0.0794775,0.109222,0.309076,0,0,0
24.4925,4,-15.3763,-6.6367,2.58461,-1.42697,-0.877352,-0.159102,3.63817,0,0,0
24.4925,5,-2.26934,-14.915,9.46817,-0.0926897,-0.257647,0.022884,0.677103,0,0,0
24.6245,0,-7.04466,-8.00994,2.5467,-0.191784,-0.20574,-0.0309601,0.687353,0,0,0
24.6245,1,8.29447,-14.1123,2.62836,0.102644,-0.618872,-0.0866087,1.44299,0,0,0
24.6245,2,-11.386,-13.745,9.52523,-0.955643,-0.802254,-0.0775611,2.79968,0,0,0
24.6245,3,5.5901,-8.31898,9.29865,-0.0365223,-0.0774592,0.106527,0.293075,0,0,0
24.6245,4,-15.5168,-6.7237,2.57974,-1.37033,-0.844086,-0.152812,3.63817,0,0,0
24.6245,5,-2.27022,-14.9169,9.46954,-0.0956779,-0.264578,0.0206287,0.629651,0,0,0
24.7566,0,-7.05582,-8.02193,2.54523,-0.186819,-0.200256,-0.0301443,0.687353,0,0,0
24.7566,1,8.29961,-14.1455,2.62167,0.100449,-0.603347,-0.0801975,1.37459,0,0,0
24.7566,2,-11.4468,-13.7946,9.52504,-0.970733,-0.807403,-0.0690744,2.74767,0,0,0
24.7566,3,5.58805,-8.32407,9.30392,-0.0352048,-0.0763055,0.104141,0.277758,0,0,0
24.7566,4,-15.5168,-6.7237,2.57974,-1.37033,-0.844086,-0.152812,3.47287,0,0,0
24.7566,5,-2.28022,-14.9442,9.47065,-0.0888555,-0.245796,0.0213429,0.629651,0,0,0
24.8802,0,-7.06676,-8.03368,2.54387,-0.182134,-0.195069,-0.0296538,0.654137,0,0,0
24.8802,1,8.30462,-14.1782,2.61842,0.098238,-0.588398,-0.0783543,1.37459,0,0,0
24.8802,2,-11.4991,-13.8391,9.52497,-0.956449,-0.797499,-0.0648919,2.74767,0,0,0
24.8802,3,5.58575,-8.32884,9.30906,-0.0349302,-0.0742001,0.101259,0.277758,0,0,0
24.8802,4,-15.5843,-6.76504,2.57747,-1.33821,-0.822917,-0.149802,3.47287,0,0,0
24.8802,5,-2.281,-14.9459,9.47198,-0.0914609,-0.251608,0.0210656,0.598393,0,0,0
25.0123,0,-7.07744,-8.04525,2.54258,-0.177562,-0.190295,-0.0289351,0.654137,0,0,0
25.0123,1,8.3095,-14.2101,2.6184,0.096069,-0.573995,-0.078099,1.30925,0,0,0
25.0123,2,-11.5479,-13.8802,9.52526,-0.933093,-0.77836,-0.0689221,2.60057,0,0,0
25.0123,3,5.58222,-8.3373,9.31407,-0.0313567,-0.0675236,0.0986732,0.277758,0,0,0
25.0123,4,-15.6415,-6.80168,2.5757,-1.27756,-0.791834,-0.145119,3.32579,0,0,0
25.0123,5,-2.2905,-14.9717,9.47323,-0.0847358,-0.233051,0.0209419,0.598393,0,0,0
25.1366,0,-7.088,-8.05644,2.54134,-0.173511,-0.185624,-0.0282206,0.622227,0,0,0
25.1366,1,8.31223,-14.2363,2.61532,0.0854677,-0.542081,-0.0748861,1.30925,0,0,0
25.1366,2,-11.5944,-13.9192,9.52517,-0.906796,-0.756134,-0.0669506,2.60057,0,0,0
25.1366,3,5.58007,-8.34234,9.31894,-0.0310683,-0.0676125,0.0966503,0.260392,0,0,0
25.1366,4,-15.7122,-6.84199,2.57312,-1.27228,-0.774624,-0.139224,3.32579,0,0,0
25.1366,5,-2.29119,-14.9732,9.47442,-0.0870399,-0.238426,0.0203525,0.569,0,0,0
25.2661,0,-7.0983,-8.06746,2.54012,-0.169467,-0.181218,-0.0272796,0.622227,0,0,0
25.2661,1,8.31961,-14.2713,2.60937,0.0953407,-0.547541,-0.071287,1.24666,0,0,0
25.2661,2,-11.64,-13.9575,9.52497,-0.881363,-0.734724,-0.0616396,2.47602,0,0,0
25.2661,3,5.57944,-8.34318,9.32373,-0.0332677,-0.0706419,0.0938365,0.260392,0,0,0
25.2661,4,-15.7768,-6.8818,2.57115,-1.24737,-0.759944,-0.132017,3.16848,0,0,0
25.2661,5,-2.29609,-14.9863,9.47563,-0.0848664,-0.232105,0.0205574,0.569,0,0,0
25.3912,0,-7.10836,-8.07822,2.53894,-0.165531,-0.176854,-0.0264076,0.591662,0,0,0
25.3912,1,8.3237,-14.3018,2.60651,0.0912799,-0.535937,-0.0704509,1.24666,0,0,0
25.3912,2,-11.6775,-13.9893,9.52488,-0.834007,-0.696665,-0.0573342,2.47602,0,0,0
25.3912,3,5.57593,-8.35105,9.32837,-0.0303227,-0.0641509,0.091641,0.248949,0,0,0
25.3912,4,-15.8391,-6.91963,2.56889,-1.2183,-0.74103,-0.130366,3.16848,0,0,0
25.3912,5,-2.30088,-14.9992,9.47678,-0.0827034,-0.226009,0.0202064,0.553183,0,0,0
25.5174,0,-7.11803,-8.08857,2.53776,-0.161102,-0.171988,-0.025668,0.591662,0,0,0
25.5174,1,8.32797,-14.3312,2.60649,0.0883921,-0.523376,-0.0719274,1.18615,0,0,0
25.5174,2,-11.7251,-14.0285,9.52482,-0.826885,-0.687352,-0.0533215,2.36735,0,0,0
25.5174,3,5.57555,-8.35219,9.33292,-0.0315306,-0.0681822,0.0896552,0.248949,0,0,0
25.5174,4,-15.8983,-6.9549,2.56685,-1.18405,-0.716554,-0.125005,3.02669,0,0,0
25.5174,5,-2.30946,-15.0225,9.47791,-0.0764335,-0.209143,0.0193133,0.553183,0,0,0
25.6439,0,-7.12785,-8.09905,2.53663,-0.158067,-0.168535,-0.025085,0.548267,0,0,0
25.6439,1,8.33225,-14.3598,2.60373,0.0861502,-0.510528,-0.0696806,1.18615,0,0,0
25.6439,2,-11.7687,-14.0653,9.52467,-0.808234,-0.672615,-0.0496355,2.36735,0,0,0
25.6439,3,5.57218,-8.35978,9.33735,-0.0288648,-0.0621345,0.087245,0.235524,0,0,0
25.6439,4,-15.9585,-6.99168,2.56495,-1.15864,-0.700858,-0.119575,3.02669,0,0,0
25.6439,5,-2.31014,-15.0242,9.47903,-0.0786945,-0.214975,0.0171196,0.514543,0,0,0
25.7745,0,-7.13732,-8.10915,2.53551,-0.154598,-0.16467,-0.0245238,0.548267,0,0,0
25.7745,1,8.33493,-14.3828,2.59856,0.0774774,-0.480533,-0.0654148,1.13359,0,0,0
25.7745,2,-11.8101,-14.1002,9.52474,-0.786133,-0.654288,-0.0490266,2.24866,0,0,0
25.7745,3,5.57037,-8.36401,9.34166,-0.0281491,-0.0611074,0.0850909,0.235524,0,0,0
25.7745,4,-16.0161,-7.02628,2.56282,-1.12915,-0.681074,-0.113412,2.88891,0,0,0
25.7745,5,-2.31462,-15.0363,9.48001,-0.0767938,-0.209859,0.0173774,0.514543,0,0,0
25.9043,0,-7.14661,-8.11906,2.53454,-0.151308,-0.161012,-0.0240526,0.53438,0,0,0
25.9043,1,8.34101,-14.4143,2.59858,0.0844411,-0.485533,-0.0672302,1.13359,0,0,0
25.9043,2,-11.8455,-14.1303,9.52458,-0.74769,-0.624298,-0.0463073,2.24866,0,0,0
25.9043,3,5.57024,-8.36541,9.34588,-0.0281891,-0.0660863,0.0829649,0.220264,0,0,0
25.9043,4,-16.0651,-7.0573,2.56084,-1.07603,-0.654265,-0.108356,2.88891,0,0,0
25.9043,5,-2.32131,-15.0588,9.48095,-0.066765,-0.196725,0.0176027,0.499806,0,0,0
26.0381,0,-7.15573,-8.12879,2.5335,-0.148187,-0.157547,-0.0235876,0.53438,0,0,0
26.0381,1,8.3454,-14.4402,2.59577,0.082787,-0.469107,-0.0650468,1.07528,0,0,0
26.0381,2,-11.8882,-14.1654,9.52441,-0.739699,-0.614266,-0.042494,2.14807,0,0,0
26.0381,3,5.56686,-8.37221,9.34998,-0.0267971,-0.0588716,0.0809595,0.220264,0,0,0
26.0381,4,-16.1253,-7.09111,2.5589,-1.06971,-0.638356,-0.102211,2.76178,0,0,0
26.0381,5,-2.32319,-15.0595,9.48201,-0.0734321,-0.198845,0.0163276,0.499806,0,0,0
26.1696,0,-7.16469,-8.13833,2.53233,-0.145202,-0.154243,-0.0231661,0.507385,0,0,0
26.1696,1,8.35032,-14.4684,2.59318,0.0846556,-0.465647,-0.0651325,1.07528,0,0,0
26.1696,2,-11.9282,-14.1992,9.5243,-0.724367,-0.602395,-0.040187,2.14807,0,0,0
26.1696,3,5.56548,-8.37588,9.35402,-0.0252309,-0.0569953,0.0790475,0.208105,0,0,0
26.1696,4,-16.1804,-7.12468,2.5571,-1.04683,-0.625391,-0.0972907,2.76178,0,0,0
26.1696,5,-2.32741,-15.0708,9.48292,-0.0717969,-0.194206,0.0159043,0.475019,0,0,0
26.2943,0,-7.17347,-8.14768,2.53126,-0.142324,-0.151066,-0.022679,0.507385,0,0,0
26.2943,1,8.35196,-14.4918,2.5882,0.073646,-0.445722,-0.0606946,1.0228,0,0,0
26.2943,2,-11.9647,-14.2296,9.52441,-0.701175,-0.582536,-0.0396303,1.99292,0,0,0
26.2943,3,5.56488,-8.37664,9.3579,-0.0272926,-0.0596883,0.0769877,0.208105,0,0,0
26.2943,4,-16.2335,-7.15668,2.5553,-1.02109,-0.609488,-0.0944886,2.63527,0,0,0
26.2943,5,-2.3315,-15.0817,9.48379,-0.0700589,-0.18931,0.0160314,0.475019,0,0,0
26.4204,0,-7.18208,-8.15685,2.53036,-0.139514,-0.147974,-0.0221646,0.481378,0,0,0
26.4204,1,8.35612,-14.5155,2.58577,0.0728834,-0.431137,-0.0588598,1.0228,0,0,0
26.4204,2,-12.0028,-14.2618,9.52429,-0.686194,-0.570708,-0.0384084,1.99292,0,0,0
26.4204,3,5.56217,-8.38418,9.36171,-0.0242484,-0.057424,0.0751922,0.199046,0,0,0
26.4204,4,-16.2851,-7.1877,2.55353,-0.994965,-0.592974,-0.0915631,2.63527,0,0,0
26.4204,5,-2.33549,-15.0923,9.4847,-0.0683566,-0.184426,0.0154552,0.45126,0,0,0
26.5414,0,-7.1905,-8.16581,2.5293,-0.136743,-0.144938,-0.0216263,0.481378,0,0,0
26.5414,1,8.35876,-14.5398,2.58351,0.0677988,-0.417423,-0.0549403,0.974096,0,0,0
26.5414,2,-12.0392,-14.2924,9.52409,-0.668669,-0.556233,-0.0360984,1.94305,0,0,0
26.5414,3,5.56161,-8.38478,9.36544,-0.0262016,-0.0594767,0.0733153,0.18756,0,0,0
26.5414,4,-16.3355,-7.21797,2.552,-0.969272,-0.57679,-0.0878112,2.51623,0,0,0
26.5414,5,-2.33734,-15.1041,9.48555,-0.0593742,-0.186395,0.014907,0.45126,0,0,0
26.6764,0,-7.19873,-8.17458,2.52831,-0.133979,-0.141921,-0.0210948,0.456431,0,0,0
26.6764,1,8.36225,-14.5626,2.58349,0.0661536,-0.404751,-0.0547502,0.974096,0,0,0
26.6764,2,-12.0697,-14.3184,9.52399,-0.635391,-0.530119,-0.0345823,1.94305,0,0,0
26.6764,3,5.56005,-8.38848,9.36907,-0.0255528,-0.0584856,0.0715603,0.18756,0,0,0
26.6764,4,-16.3847,-7.24756,2.55035,-0.944166,-0.561137,-0.0848587,2.51623,0,0,0
26.6764,5,-2.34565,-15.1207,9.48637,-0.0606923,-0.163795,0.0146961,0.428273,0,0,0
26.8071,0,-7.20678,-8.18313,2.52737,-0.131209,-0.138911,-0.0204917,0.456431,0,0,0
26.8071,1,8.36559,-14.5848,2.58129,0.0642429,-0.392658,-0.0526658,0.928615,0,0,0
26.8071,2,-12.1073,-14.3493,9.52391,-0.630363,-0.523061,-0.0324544,1.85543,0,0,0
26.8071,3,5.55852,-8.39211,9.37261,-0.0249251,-0.0574302,0.0698308,0.176899,0,0,0
26.8071,4,-16.4329,-7.27652,2.54852,-0.919897,-0.546205,-0.0797323,2.40252,0,0,0
26.8071,5,-2.34674,-15.1227,9.4872,-0.0643543,-0.170805,0.0139702,0.428273,0,0,0
26.9303,0,-7.21463,-8.19149,2.52647,-0.128417,-0.135892,-0.0199465,0.432588,0,0,0
26.9303,1,8.36883,-14.6064,2.57703,0.0623182,-0.381085,-0.0491865,0.928615,0,0,0
26.9303,2,-12.1381,-14.3758,9.52373,-0.604451,-0.503989,-0.0302651,1.85543,0,0,0
26.9303,3,5.55585,-8.39839,9.37607,-0.0228476,-0.0527498,0.0681721,0.176899,0,0,0
26.9303,4,-16.4788,-7.30366,2.54689,-0.892123,-0.527639,-0.0739171,2.40252,0,0,0
26.9303,5,-2.35068,-15.1327,9.48796,-0.0637844,-0.167604,0.0134269,0.407485,0,0,0
27.065,0,-7.22226,-8.19966,2.52559,-0.125494,-0.132899,-0.0193925,0.432588,0,0,0
27.065,1,8.372,-14.6275,2.57494,0.060513,-0.369955,-0.0474134,0.884997,0,0,0
27.065,2,-12.1742,-14.4054,9.52369,-0.600097,-0.497645,-0.029815,1.76612,0,0,0
27.065,3,5.55556,-8.39916,9.37945,-0.0238263,-0.0555324,0.0664168,0.166699,0,0,0
27.065,4,-16.5262,-7.33272,2.54526,-0.873699,-0.518288,-0.0709127,2.29358,0,0,0
27.065,5,-2.35658,-15.1506,9.48868,-0.0573257,-0.156311,0.0136815,0.407485,0,0,0
27.1923,0,-7.22961,-8.20744,2.52486,-0.122271,-0.129445,-0.018875,0.409876,0,0,0
27.1923,1,8.37517,-14.6481,2.57506,0.0590932,-0.359053,-0.04757,0.884997,0,0,0
27.1923,2,-12.2038,-14.4308,9.52371,-0.575909,-0.479948,-0.0281684,1.76612,0,0,0
27.1923,3,5.553,-8.40522,9.38273,-0.0218746,-0.0511565,0.0648419,0.166699,0,0,0
27.1923,4,-16.5714,-7.36004,2.54373,-0.851807,-0.505252,-0.0698295,2.29358,0,0,0
27.1923,5,-2.35951,-15.1578,9.48945,-0.0544137,-0.146092,0.0132279,0.377905,0,0,0
27.3169,0,-7.23713,-8.21542,2.52392,-0.120167,-0.127202,-0.0183747,0.409876,0,0,0
27.3169,1,8.37815,-14.6683,2.57289,0.0573727,-0.349178,-0.0462848,0.843755,0,0,0
27.3169,2,-12.2378,-14.4587,9.5236,-0.570326,-0.472379,-0.0273954,1.68045,0,0,0
27.3169,3,5.55163,-8.40852,9.38594,-0.0213704,-0.0502733,0.0632722,0.166699,0,0,0
27.3169,4,-16.6158,-7.38685,2.54221,-0.830861,-0.49286,-0.0682054,2.18888,0,0,0
27.3169,5,-2.36402,-15.1668,9.49018,-0.0569881,-0.143041,0.0125183,0.377905,0,0,0
27.4407,0,-7.24418,-8.22292,2.52318,-0.117109,-0.123955,-0.0178997,0.388153,0,0,0
27.4407,1,8.38115,-14.688,2.56894,0.0560093,-0.339624,-0.043847,0.843755,0,0,0
27.4407,2,-12.2667,-14.4835,9.52339,-0.549102,-0.457309,-0.0261011,1.68045,0,0,0
27.4407,3,5.55029,-8.41174,9.38908,-0.0209037,-0.0494306,0.061686,0.155055,0,0,0
27.4407,4,-16.6592,-7.41315,2.54074,-0.81072,-0.480969,-0.066855,2.18888,0,0,0
27.4407,5,-2.36702,-15.1766,9.49085,-0.0544721,-0.143588,0.0123023,0.360049,0,0,0
27.5733,0,-7.25107,-8.23025,2.52232,-0.11417,-0.120826,-0.0174103,0.388153,0,0,0
27.5733,1,8.38408,-14.7073,2.56699,0.0547401,-0.330581,-0.042669,0.803964,0,0,0
27.5733,2,-12.293,-14.5059,9.52341,-0.523696,-0.437249,-0.0245734,1.59836,0,0,0
27.5733,3,5.55021,-8.41221,9.39216,-0.0211311,-0.0510973,0.0601291,0.155055,0,0,0
27.5733,4,-16.7018,-7.43891,2.53931,-0.791295,-0.469468,-0.0653478,2.08828,0,0,0
27.5733,5,-2.36761,-15.178,9.49152,-0.056464,-0.148644,0.0119999,0.360049,0,0,0
27.7119,0,-7.2578,-8.23742,2.52151,-0.11132,-0.117799,-0.0169288,0.367733,0,0,0
27.7119,1,8.38695,-14.7261,2.56698,0.0535339,-0.322001,-0.0429565,0.803964,0,0,0
27.7119,2,-12.3277,-14.5338,9.52323,-0.530087,-0.43743,-0.0233722,1.59836,0,0,0
27.7119,3,5.54875,-8.41512,9.39467,-0.0212881,-0.0493541,0.0590287,0.147841,0,0,0
27.7119,4,-16.7435,-7.46413,2.53793,-0.77245,-0.458228,-0.0641097,2.08828,0,0,0
27.7119,5,-2.37082,-15.1865,9.49216,-0.0550841,-0.145067,0.0120564,0.348229,0,0,0
27.8438,0,-7.26436,-8.24441,2.52076,-0.108522,-0.114838,-0.0164234,0.367733,0,0,0
27.8438,1,8.38975,-14.7446,2.56331,0.0523809,-0.313935,-0.040154,0.765989,0,0,0
27.8438,2,-12.3591,-14.5604,9.52305,-0.524789,-0.434376,-0.0220626,1.5193,0,0,0
27.8438,3,5.54656,-8.42081,9.39758,-0.0192059,-0.0464081,0.0575049,0.13758,0,0,0
27.8438,4,-16.7843,-7.48878,2.53658,-0.754125,-0.447206,-0.0622373,1.99183,0,0,0
27.8438,5,-2.37318,-15.1958,9.49281,-0.0503775,-0.144803,0.0120721,0.348229,0,0,0
27.9701,0,-7.27076,-8.25122,2.52011,-0.10576,-0.111927,-0.0160063,0.348257,0,0,0
27.9701,1,8.39248,-14.7627,2.56328,0.0512462,-0.306211,-0.0411747,0.765989,0,0,0
27.9701,2,-12.3849,-14.5825,9.52321,-0.502697,-0.417859,-0.0230972,1.5193,0,0,0
27.9701,3,5.54541,-8.42386,9.40072,-0.0186659,-0.0459695,0.0556651,0.13758,0,0,0
27.9701,4,-16.8243,-7.51286,2.53528,-0.736196,-0.436306,-0.0604793,1.99183,0,0,0
27.9701,5,-2.37955,-15.2097,9.49345,-0.0498096,-0.129897,0.0116764,0.329655,0,0,0
28.0982,0,-7.277,-8.25787,2.51933,-0.103039,-0.109072,-0.0155133,0.348257,0,0,0
28.0982,1,8.39514,-14.7805,2.55976,0.0501399,-0.298912,-0.0381292,0.729578,0,0,0
28.0982,2,-12.4112,-14.6047,9.52309,-0.486834,-0.405281,-0.0225203,1.44419,0,0,0
28.0982,3,5.54521,-8.42413,9.40357,-0.0193868,-0.0469495,0.0539205,0.13758,0,0,0
28.0982,4,-16.8633,-7.53637,2.53401,-0.718667,-0.425552,-0.0577461,1.89959,0,0,0
28.0982,5,-2.38245,-15.2175,9.49408,-0.0485612,-0.127173,0.0112259,0.329655,0,0,0
28.2281,0,-7.28308,-8.26435,2.51861,-0.10036,-0.106271,-0.0150886,0.329742,0,0,0
28.2281,1,8.39787,-14.7977,2.55973,0.0494706,-0.291419,-0.0392264,0.729578,0,0,0
28.2281,2,-12.4353,-14.6246,9.52294,-0.467151,-0.387941,-0.0208116,1.44419,0,0,0
28.2281,3,5.54389,-8.42675,9.40625,-0.0195095,-0.0452342,0.0524593,0.130766,0,0,0
28.2281,4,-16.9377,-7.58058,2.53163,-0.680677,-0.400486,-0.0527938,1.89959,0,0,0
28.2281,5,-2.38292,-15.2189,9.49469,-0.0501056,-0.132019,0.0104516,0.305995,0,0,0
28.3495,0,-7.28873,-8.2704,2.51795,-0.0969977,-0.102797,-0.0146379,0.329742,0,0,0
28.3495,1,8.40027,-14.8148,2.55802,0.047954,-0.2851,-0.0379285,0.694826,0,0,0
28.3495,2,-12.4672,-14.6503,9.52271,-0.475279,-0.390391,-0.0196166,1.37855,0,0,0
28.3495,3,5.54295,-8.42956,9.40887,-0.0182115,-0.0445668,0.0496199,0.130766,0,0,0
28.3495,4,-16.9377,-7.58058,2.53163,-0.680677,-0.400486,-0.0527938,1.81303,0,0,0
28.3495,5,-2.38821,-15.2329,9.49524,-0.0465761,-0.122372,0.0104147,0.305995,0,0,0
28.4818,0,-7.29471,-8.27676,2.51727,-0.0951299,-0.100827,-0.0142138,0.312531,0,0,0
28.4818,1,8.40274,-14.8314,2.55473,0.0468835,-0.278577,-0.0358333,0.694826,0,0,0
28.4818,2,-12.4969,-14.6759,9.52263,-0.475517,-0.393498,-0.0201185,1.37855,0,0,0
28.4818,3,5.54166,-8.43207,9.41139,-0.0184957,-0.0429884,0.0500382,0.122929,0,0,0
28.4818,4,-17.0111,-7.62495,2.52924,-0.652291,-0.384254,-0.045682,1.81303,0,0,0
28.4818,5,-2.39101,-15.2403,9.49582,-0.0456387,-0.119874,0.0102529,0.289566,0,0,0
28.6051,0,-7.30044,-8.28288,2.51662,-0.0928343,-0.0986622,-0.0138104,0.312531,0,0,0
28.6051,1,8.40515,-14.8477,2.55471,0.0458238,-0.272213,-0.0362114,0.661433,0,0,0
28.6051,2,-12.522,-14.6965,9.52261,-0.461396,-0.380587,-0.0203209,1.29845,0,0,0
28.6051,3,5.53974,-8.43696,9.41387,-0.0167565,-0.0402763,0.0489443,0.113897,0,0,0
28.6051,4,-17.0111,-7.62495,2.52924,-0.652291,-0.384254,-0.045682,1.72727,0,0,0
28.6051,5,-2.39145,-15.2415,9.4964,-0.0470997,-0.124081,0.00967138,0.289566,0,0,0
28.7398,0,-7.30591,-8.28873,2.51599,-0.0903013,-0.0959774,-0.0134331,0.295363,0,0,0
28.7398,1,8.40749,-14.8636,2.55313,0.0447887,-0.266045,-0.0346587,0.661433,0,0,0
28.7398,2,-12.5482,-14.7186,9.52254,-0.451111,-0.376816,-0.0200664,1.29845,0,0,0
28.7398,3,5.5395,-8.43742,9.4163,-0.0175964,-0.0419352,0.0479146,0.113897,0,0,0
28.7398,4,-17.0461,-7.64591,2.52811,-0.636915,-0.374641,-0.0452947,1.72727,0,0,0
28.7398,5,-2.39555,-15.2535,9.49691,-0.041017,-0.111205,0.00969044,0.280382,0,0,0
28.8693,0,-7.31126,-8.29444,2.51538,-0.08787,-0.0934235,-0.0130525,0.295363,0,0,0
28.8693,1,8.40872,-14.8767,2.55013,0.0393954,-0.251296,-0.0321254,0.63198,0,0,0
28.8693,2,-12.5725,-14.7388,9.52242,-0.438727,-0.365618,-0.0188027,1.2317,0,0,0
28.8693,3,5.53844,-8.43987,9.41868,-0.0172102,-0.0408632,0.0468902,0.1082,0,0,0
28.8693,4,-17.0805,-7.66647,2.52704,-0.622206,-0.365471,-0.0444994,1.64636,0,0,0
28.8693,5,-2.39897,-15.2603,9.49744,-0.0429322,-0.108826,0.0096767,0.280382,0,0,0
29.0001,0,-7.31648,-8.30002,2.51479,-0.0855015,-0.0909477,-0.0126823,0.279485,0,0,0
29.0001,1,8.40898,-14.8905,2.54885,0.0318923,-0.241652,-0.0309605,0.63198,0,0,0
29.0001,2,-12.5961,-14.7584,9.52235,-0.426554,-0.354794,-0.0181862,1.2317,0,0,0
29.0001,3,5.53662,-8.44416,9.421,-0.0157451,-0.0372474,0.0459038,0.1082,0,0,0
29.0001,4,-17.1142,-7.6866,2.52593,-0.608044,-0.356651,-0.0437576,1.64636,0,0,0
29.0001,5,-2.40127,-15.2678,9.49798,-0.0411608,-0.109085,0.00921519,0.26011,0,0,0
29.1234,0,-7.32156,-8.30546,2.51421,-0.0831895,-0.0885387,-0.012315,0.279485,0,0,0
29.1234,1,8.41332,-14.9068,2.54752,0.0384113,-0.241468,-0.0297436,0.601382,0,0,0
29.1234,2,-12.6191,-14.7776,9.52225,-0.414729,-0.344395,-0.0173247,1.16939,0,0,0
29.1234,3,5.53685,-8.4449,9.42328,-0.014591,-0.0399376,0.0450183,0.1082,0,0,0
29.1234,4,-17.1472,-7.70632,2.52499,-0.594322,-0.348113,-0.0427567,1.56862,0,0,0
29.1234,5,-2.40358,-15.2745,9.49848,-0.0400095,-0.107489,0.00889252,0.26011,0,0,0
29.25,0,-7.32652,-8.31077,2.51365,-0.0809319,-0.086192,-0.0119707,0.264363,0,0,0
29.25,1,8.41678,-14.9236,2.54592,0.0431901,-0.245165,-0.0294299,0.601382,0,0,0
29.25,2,-12.6367,-14.7929,9.52214,-0.387374,-0.324105,-0.0158303,1.16939,0,0,0
29.25,3,5.53471,-8.44855,9.42551,-0.0149822,-0.0348807,0.0438786,0.10139,0,0,0
29.25,4,-17.1795,-7.7256,2.52391,-0.58092,-0.339766,-0.0419663,1.56862,0,0,0
29.25,5,-2.40623,-15.2806,9.49896,-0.0399493,-0.103869,0.0086101,0.245219,0,0,0
29.3824,0,-7.33134,-8.31594,2.5131,-0.0787306,-0.083908,-0.0116333,0.264363,0,0,0
29.3824,1,8.4177,-14.936,2.54451,0.0372592,-0.232797,-0.0298356,0.571732,0,0,0
29.3824,2,-12.6597,-14.8114,9.52199,-0.382584,-0.31709,-0.0142725,1.1161,0,0,0
29.3824,3,5.53454,-8.44893,9.42768,-0.0155612,-0.0362033,0.043015,0.0950338,0,0,0
29.3824,4,-17.2112,-7.74444,2.5229,-0.567793,-0.331591,-0.0404107,1.49414,0,0,0
29.3824,5,-2.40805,-15.2873,9.49942,-0.0375526,-0.103511,0.00837611,0.245219,0,0,0
29.5133,0,-7.33557,-8.32044,2.51263,-0.0751019,-0.0799526,-0.0113257,0.243804,0,0,0
29.5133,1,8.42127,-14.9519,2.54459,0.042669,-0.235727,-0.0298092,0.571732,0,0,0
29.5133,2,-12.6825,-14.83,9.52195,-0.377996,-0.310964,-0.0130394,1.1161,0,0,0
29.5133,3,5.53289,-8.45272,9.42931,-0.0142532,-0.0328454,0.0419483,0.0950338,0,0,0
29.5133,4,-17.2421,-7.76284,2.52195,-0.554837,-0.323515,-0.0394334,1.49414,0,0,0
29.5133,5,-2.4108,-15.2925,9.49987,-0.0383,-0.098048,0.00816355,0.231678,0,0,0
29.6381,0,-7.34039,-8.32566,2.51207,-0.0739739,-0.0790387,-0.0109686,0.243804,0,0,0
29.6381,1,8.42191,-14.964,2.54203,0.036153,-0.224536,-0.0276471,0.543256,0,0,0
29.6381,2,-12.7047,-14.8486,9.52186,-0.371727,-0.306271,-0.0129997,1.05722,0,0,0
29.6381,3,5.53202,-8.4547,9.4317,-0.0138806,-0.0317936,0.0408792,0.0879882,0,0,0
29.6381,4,-17.2723,-7.7808,2.52102,-0.542058,-0.315554,-0.0381131,1.42297,0,0,0
29.6381,5,-2.41103,-15.2933,9.50031,-0.0390227,-0.100741,0.00793683,0.231678,0,0,0
29.765,0,-7.34491,-8.33051,2.5117,-0.0721457,-0.0771354,-0.010673,0.236673,0,0,0
29.765,1,8.4251,-14.9795,2.54192,0.040418,-0.227734,-0.029012,0.543256,0,0,0
29.765,2,-12.7242,-14.8653,9.5218,-0.358472,-0.297088,-0.0129442,1.05722,0,0,0
29.765,3,5.53186,-8.45503,9.43385,-0.014404,-0.0329751,0.0399289,0.0879882,0,0,0
29.765,4,-17.3009,-7.79737,2.52016,-0.526055,-0.304321,-0.0367392,1.42297,0,0,0
29.765,5,-2.415,-15.3037,9.50073,-0.0357404,-0.0919829,0.00801954,0.225037,0,0,0
29.8912,0,-7.34936,-8.33528,2.51116,-0.0704559,-0.0753748,-0.010392,0.236673,0,0,0
29.8912,1,8.42682,-14.9929,2.54061,0.0385646,-0.223274,-0.0281654,0.513982,0,0,0
29.8912,2,-12.7448,-14.8819,9.5217,-0.351493,-0.288629,-0.0125365,1.0026,0,0,0
29.8912,3,5.53102,-8.45695,9.43586,-0.014016,-0.0319256,0.0388561,0.0879882,0,0,0
29.8912,4,-17.3306,-7.81535,2.51925,-0.516742,-0.299733,-0.0351804,1.35518,0,0,0
29.8912,5,-2.41525,-15.3044,9.50116,-0.0365666,-0.0946501,0.00782048,0.225037,0,0,0
30.0173,0,-7.35374,-8.33997,2.5106,-0.0689425,-0.073793,-0.0101574,0.223495,0,0,0
30.0173,1,8.42863,-15.0058,2.53816,0.0372655,-0.218196,-0.0267543,0.513982,0,0,0
30.0173,2,-12.7638,-14.8983,9.52162,-0.340452,-0.281513,-0.0121694,1.0026,0,0,0
30.0173,3,5.53019,-8.45881,9.43755,-0.0136381,-0.0308967,0.0380402,0.0832464,0,0,0
30.0173,4,-17.3589,-7.83212,2.51841,-0.504639,-0.292315,-0.0339441,1.35518,0,0,0
30.0173,5,-2.41729,-15.3098,9.50157,-0.0354462,-0.0918729,0.00727789,0.213147,0,0,0
30.1496,0,-7.35791,-8.34445,2.5101,-0.0670884,-0.0718715,-0.00986879,0.223495,0,0,0
30.1496,1,8.43043,-15.0183,2.53696,0.0361729,-0.212864,-0.0258921,0.488135,0,0,0
30.1496,2,-12.7845,-14.9151,9.52152,-0.337395,-0.277038,-0.011892,0.951045,0,0,0
30.1496,3,5.52938,-8.46062,9.43958,-0.0132945,-0.0299544,0.0368497,0.0832464,0,0,0
30.1496,4,-17.3878,-7.84975,2.51754,-0.497131,-0.289438,-0.0328789,1.28849,0,0,0
30.1496,5,-2.41928,-15.3151,9.50197,-0.0343834,-0.0892822,0.00752173,0.213147,0,0,0
30.2718,0,-7.36196,-8.3488,2.50964,-0.0652727,-0.0699888,-0.00957168,0.210926,0,0,0
30.2718,1,8.4322,-15.0304,2.53583,0.0351623,-0.207455,-0.02463,0.488135,0,0,0
30.2718,2,-12.7998,-14.9285,9.52144,-0.317419,-0.263207,-0.0114351,0.951045,0,0,0
30.2718,3,5.52796,-8.46381,9.44145,-0.0121692,-0.0270861,0.0359159,0.0778764,0,0,0
30.2718,4,-17.4146,-7.86562,2.51673,-0.485102,-0.282001,-0.0318904,1.28849,0,0,0
30.2718,5,-2.42239,-15.3249,9.50236,-0.0300681,-0.0835192,0.00728044,0.201794,0,0,0
30.4007,0,-7.36591,-8.35305,2.5092,-0.0635028,-0.068152,-0.00927968,0.210926,0,0,0
30.4007,1,8.43393,-15.0422,2.53473,0.0342091,-0.20207,-0.0235693,0.46383,0,0,0
30.4007,2,-12.8208,-14.9451,9.52135,-0.319697,-0.261407,-0.011059,0.904077,0,0,0
30.4007,3,5.52719,-8.46551,9.44324,-0.0118978,-0.026346,0.0349346,0.0717677,0,0,0
30.4007,4,-17.4396,-7.87985,2.51599,-0.46887,-0.270316,-0.0304452,1.22852,0,0,0
30.4007,5,-2.42473,-15.3294,9.50275,-0.030859,-0.0797925,0.00698206,0.201794,0,0,0
30.5244,0,-7.36977,-8.3572,2.50882,-0.0617787,-0.0663608,-0.00900191,0.19914,0,0,0
30.5244,1,8.4357,-15.0537,2.53368,0.0335504,-0.196531,-0.0226765,0.46383,0,0,0
30.5244,2,-12.8397,-14.9609,9.52124,-0.314778,-0.257909,-0.0105967,0.904077,0,0,0
30.5244,3,5.52717,-8.46598,9.44497,-0.0120529,-0.0279687,0.0340162,0.0717677,0,0,0
30.5244,4,-17.4665,-7.89624,2.51518,-0.461708,-0.267634,-0.0291849,1.22852,0,0,0
30.5244,5,-2.42502,-15.3303,9.50312,-0.0318117,-0.0828263,0.00663047,0.186484,0,0,0
30.6606,0,-7.37353,-8.36125,2.50837,-0.0602206,-0.0646084,-0.00874627,0.19914,0,0,0
30.6606,1,8.43673,-15.063,2.53367,0.0299882,-0.184556,-0.0228992,0.44287,0,0,0
30.6606,2,-12.8556,-14.9744,9.52127,-0.301238,-0.247954,-0.0104807,0.852652,0,0,0
30.6606,3,5.5263,-8.4675,9.44665,-0.0123099,-0.0266186,0.0331406,0.0717677,0,0,0
30.6606,4,-17.4916,-7.911,2.51445,-0.450363,-0.260698,-0.0278416,1.16793,0,0,0
30.6606,5,-2.42669,-15.3349,9.50345,-0.0304078,-0.0802053,0.00661104,0.186484,0,0,0
30.7924,0,-7.37718,-8.36518,2.50799,-0.0585053,-0.0628725,-0.00850386,0.187931,0,0,0
30.7924,1,8.43917,-15.0757,2.53164,0.0329161,-0.18681,-0.0213279,0.44287,0,0,0
30.7924,2,-12.8739,-14.9892,9.52118,-0.298075,-0.243577,-0.0102283,0.852652,0,0,0
30.7924,3,5.525,-8.47033,9.44829,-0.0112475,-0.0239798,0.0323376,0.0677788,0,0,0
30.7924,4,-17.516,-7.92543,2.51373,-0.439278,-0.253938,-0.0270931,1.16793,0,0,0
30.7924,5,-2.43003,-15.3435,9.5038,-0.0282093,-0.0736772,0.00626163,0.180637,0,0,0
30.9204,0,-7.38075,-8.36902,2.50756,-0.0568979,-0.0612141,-0.00827112,0.187931,0,0,0
30.9204,1,8.44061,-15.0865,2.53161,0.0314746,-0.182482,-0.0220307,0.418906,0,0,0
30.9204,2,-12.8903,-15.0027,9.52107,-0.288914,-0.235788,-0.00953827,0.808255,0,0,0
30.9204,3,5.52431,-8.47183,9.44989,-0.0109441,-0.0232387,0.0315277,0.0677788,0,0,0
30.9204,4,-17.5372,-7.9387,2.51309,-0.419303,-0.245471,-0.0256746,1.11455,0,0,0
30.9204,5,-2.43175,-15.348,9.50415,-0.027501,-0.0717722,0.00625535,0.180637,0,0,0
31.0399,0,-7.38423,-8.37277,2.50716,-0.0553545,-0.0596097,-0.00804406,0.177294,0,0,0
31.0399,1,8.4422,-15.097,2.53061,0.0307799,-0.177696,-0.0215421,0.418906,0,0,0
31.0399,2,-12.9073,-15.017,9.52091,-0.283634,-0.231845,-0.00950176,0.808255,0,0,0
31.0399,3,5.52419,-8.47213,9.45145,-0.0113487,-0.0242857,0.0307541,0.0624141,0,0,0
31.0399,4,-17.5627,-7.95259,2.51234,-0.417591,-0.239521,-0.0246018,1.11455,0,0,0
31.0399,5,-2.43203,-15.3488,9.50443,-0.0284297,-0.0744699,0.00605596,0.166649,0,0,0
31.1674,0,-7.38762,-8.37643,2.50678,-0.0538626,-0.0580528,-0.00781258,0.177294,0,0,0
31.1674,1,8.44363,-15.1073,2.52866,0.0297447,-0.17349,-0.02046,0.418906,0,0,0
31.1674,2,-12.9231,-15.03,9.52083,-0.275638,-0.225174,-0.00909668,0.764904,0,0,0
31.1674,3,5.523,-8.47471,9.45297,-0.0103425,-0.0217909,0.0300012,0.0581419,0,0,0
31.1674,4,-17.586,-7.96652,2.51166,-0.409118,-0.235243,-0.0232844,1.05836,0,0,0
31.1674,5,-2.43501,-15.3566,9.50477,-0.0259841,-0.0679824,0.00597629,0.166649,0,0,0
31.2927,0,-7.39093,-8.37999,2.50642,-0.0524178,-0.0565404,-0.00759112,0.167171,0,0,0
31.2927,1,8.44513,-15.1173,2.52864,0.0290478,-0.169113,-0.0209245,0.397741,0,0,0
31.2927,2,-12.9384,-15.0427,9.52083,-0.267708,-0.218563,-0.00883257,0.764904,0,0,0
31.2927,3,5.52289,-8.47497,9.45445,-0.0107061,-0.0227397,0.0292757,0.0581419,0,0,0
31.2927,4,-17.6086,-7.97985,2.511,-0.399734,-0.229904,-0.0218184,1.05836,0,0,0
31.2927,5,-2.43657,-15.3607,9.5051,-0.025246,-0.0660819,0.00589456,0.157484,0,0,0
31.4168,0,-7.39416,-8.38347,2.50606,-0.0510187,-0.0550717,-0.00737667,0.167171,0,0,0
31.4168,1,8.44659,-15.1271,2.52677,0.0283871,-0.164893,-0.0194136,0.397741,0,0,0
31.4168,2,-12.9527,-15.0545,9.52073,-0.257826,-0.210002,-0.00824667,0.72452,0,0,0
31.4168,3,5.52176,-8.47739,9.4559,-0.0097329,-0.0203312,0.0285291,0.0581419,0,0,0
31.4168,4,-17.6306,-7.9928,2.51035,-0.390325,-0.22438,-0.0208888,1.00662,0,0,0
31.4168,5,-2.4381,-15.3648,9.50541,-0.0245429,-0.0642688,0.00561466,0.157484,0,0,0
31.5431,0,-7.3973,-8.38686,2.50571,-0.0496636,-0.0536452,-0.00719455,0.15754,0,0,0
31.5431,1,8.44801,-15.1367,2.52675,0.0277426,-0.16079,-0.0200807,0.377655,0,0,0
31.5431,2,-12.9679,-15.0671,9.52055,-0.252369,-0.205852,-0.00795578,0.72452,0,0,0
31.5431,3,5.52117,-8.47867,9.45731,-0.00944018,-0.0196376,0.027828,0.0541266,0,0,0
31.5431,4,-17.6484,-8.00358,2.50973,-0.368872,-0.213232,-0.0205951,1.00662,0,0,0
31.5431,5,-2.4396,-15.3687,9.5057,-0.0238619,-0.062526,0.00544488,0.148825,0,0,0
31.6684,0,-7.40007,-8.38983,2.50543,-0.0474248,-0.051157,-0.00698681,0.15754,0,0,0
31.6684,1,8.44941,-15.146,2.52496,0.0271122,-0.156833,-0.0186112,0.377655,0,0,0
31.6684,2,-12.982,-15.0788,9.52056,-0.245012,-0.199793,-0.00750479,0.686282,0,0,0
31.6684,3,5.52106,-8.47893,9.45869,-0.00979679,-0.0205713,0.0271045,0.0541266,0,0,0
31.6684,4,-17.6726,-8.0173,2.50912,-0.372168,-0.212565,-0.0203433,0.95794,0,0,0
31.6684,5,-2.44105,-15.3725,9.50598,-0.0232088,-0.0608261,0.00530298,0.148825,0,0,0
31.7942,0,-7.40295,-8.39294,2.5051,-0.0459564,-0.0496454,-0.00679141,0.14884,0,0,0
31.7942,1,8.45076,-15.1551,2.52408,0.0264885,-0.152975,-0.0181758,0.358482,0,0,0
31.7942,2,-12.9958,-15.0903,9.52047,-0.237883,-0.193945,-0.00728109,0.686282,0,0,0
31.7942,3,5.52048,-8.48017,9.46003,-0.00950761,-0.0198928,0.026434,0.0509352,0,0,0
31.7942,4,-17.6937,-8.02992,2.50853,-0.365361,-0.209365,-0.0201408,0.95794,0,0,0
31.7942,5,-2.44248,-15.3762,9.50625,-0.0225878,-0.0591908,0.0051407,0.140582,0,0,0
31.9205,0,-7.4061,-8.39636,2.50474,-0.0456013,-0.0494097,-0.00659218,0.14884,0,0,0
31.9205,1,8.45209,-15.164,2.52408,0.0258705,-0.149212,-0.0180896,0.358482,0,0,0
31.9205,2,-13.0093,-15.1014,9.52029,-0.230987,-0.188305,-0.00694365,0.649996,0,0,0
31.9205,3,5.51992,-8.48137,9.46133,-0.00922339,-0.0192187,0.0257554,0.0473207,0,0,0
31.9205,4,-17.7142,-8.04201,2.50795,-0.357666,-0.205143,-0.0202767,0.909567,0,0,0
31.9205,5,-2.44387,-15.3799,9.50651,-0.022001,-0.0576428,0.00497716,0.140582,0,0,0
32.0432,0,-7.40909,-8.39958,2.50442,-0.0449245,-0.0486505,-0.00641387,0.139937,0,0,0
32.0432,1,8.45338,-15.1727,2.52246,0.0252618,-0.14555,-0.0166766,0.340256,0,0,0
32.0432,2,-13.0224,-15.1123,9.52028,-0.224319,-0.182864,-0.00668026,0.649996,0,0,0
32.0432,3,5.5191,-8.4833,9.4626,-0.00785577,-0.0166835,0.0251042,0.0473207,0,0,0
32.0432,4,-17.7341,-8.05374,2.5074,-0.349726,-0.200591,-0.0200549,0.909567,0,0,0
32.0432,5,-2.44414,-15.3806,9.50677,-0.0228736,-0.0600299,0.00482918,0.13273,0,0,0
32.1765,0,-7.41193,-8.40264,2.50411,-0.043928,-0.0475728,-0.00623466,0.139937,0,0,0
32.1765,1,8.4532,-15.1768,2.52167,0.0185406,-0.126427,-0.0162097,0.327308,0,0,0
32.1765,2,-13.0338,-15.1219,9.5202,-0.213516,-0.174876,-0.00619965,0.615513,0,0,0
32.1765,3,5.51892,-8.48348,9.46385,-0.00846787,-0.0172962,0.0244409,0.0473207,0,0,0
32.1765,4,-17.7535,-8.06514,2.50686,-0.341704,-0.195929,-0.0194643,0.863962,0,0,0
32.1765,5,-2.4455,-15.3841,9.50701,-0.0223236,-0.058566,0.00471376,0.13273,0,0,0
32.3098,0,-7.41467,-8.40559,2.50382,-0.0428303,-0.0463931,-0.00605393,0.127312,0,0,0
32.3098,1,8.45651,-15.1888,2.52095,0.0273731,-0.13856,-0.0156334,0.327308,0,0,0
32.3098,2,-13.0472,-15.1327,9.5201,-0.210941,-0.171596,-0.00599709,0.615513,0,0,0
32.3098,3,5.51835,-8.48464,9.46505,-0.00841388,-0.0169911,0.0238237,0.0440179,0,0,0
32.3098,4,-17.7724,-8.07625,2.50634,-0.333625,-0.191203,-0.0190185,0.863962,0,0,0
32.3098,5,-2.44685,-15.3876,9.50725,-0.0218114,-0.0571848,0.00458441,0.128225,0,0,0
32.4356,0,-7.41733,-8.40846,2.50353,-0.0417178,-0.0451978,-0.00587642,0.127312,0,0,0
32.4356,1,8.45722,-15.1974,2.52096,0.0248068,-0.136933,-0.0158828,0.327308,0,0,0
32.4356,2,-13.0596,-15.1431,9.52,-0.206189,-0.167994,-0.0057327,0.583414,0,0,0
32.4356,3,5.51745,-8.48664,9.46623,-0.00762808,-0.0155463,0.0232044,0.0440179,0,0,0
32.4356,4,-17.7908,-8.08705,2.50583,-0.325511,-0.186442,-0.0182448,0.820686,0,0,0
32.4356,5,-2.44817,-15.3911,9.50748,-0.0213482,-0.0559251,0.00441676,0.128225,0,0,0
32.561,0,-7.41992,-8.41125,2.50329,-0.0406187,-0.0440154,-0.00570388,0.123394,0,0,0
32.561,1,8.45775,-15.2043,2.52015,0.0214974,-0.129632,-0.0157345,0.30628,0,0,0
32.561,2,-13.0704,-15.1522,9.51984,-0.196786,-0.161195,-0.00567867,0.583414,0,0,0
32.561,3,5.51693,-8.4877,9.46737,-0.00752547,-0.0151407,0.0226144,0.040294,0,0,0
32.561,4,-17.8087,-8.09756,2.50534,-0.317363,-0.181657,-0.0175369,0.820686,0,0,0
32.561,5,-2.44948,-15.3945,9.50771,-0.0209308,-0.0547983,0.00424605,0.120846,0,0,0
32.6868,0,-7.42244,-8.41397,2.503,-0.0395419,-0.0428551,-0.0055467,0.123394,0,0,0
32.6868,1,8.45961,-15.2133,2.51939,0.0240131,-0.131482,-0.0157249,0.30628,0,0,0
32.6868,2,-13.0828,-15.1623,9.51983,-0.194631,-0.15837,-0.00547659,0.553072,0,0,0
32.6868,3,5.51682,-8.48794,9.46849,-0.00789024,-0.0160136,0.022015,0.040294,0,0,0
32.6868,4,-17.8262,-8.10779,2.50486,-0.309224,-0.176879,-0.0167482,0.779671,0,0,0
32.6868,5,-2.45076,-15.3978,9.50792,-0.020552,-0.0537741,0.00409279,0.120846,0,0,0
32.8129,0,-7.4249,-8.41662,2.50276,-0.03849,-0.0417199,-0.00541195,0.115868,0,0,0
32.8129,1,8.46063,-15.2212,2.51793,0.0229493,-0.129089,-0.0148385,0.290159,0,0,0
32.8129,2,-13.0944,-15.172,9.51965,-0.190354,-0.15515,-0.00531323,0.553072,0,0,0
32.8129,3,5.51597,-8.48968,9.46958,-0.0071749,-0.0142507,0.0214621,0.0377018,0,0,0
32.8129,4,-17.8432,-8.11775,2.50442,-0.301136,-0.172135,-0.0160469,0.779671,0,0,0
32.8129,5,-2.45301,-15.4037,9.50813,-0.0189781,-0.0495225,0.00394354,0.113694,0,0,0
