time,uav_id,px,py,pz,vx,vy,vz,feedback,ref_x,ref_y,ref_z
0.000112924,0,-0.000259725,-0.0442824,2.06,0,0,0,0,0,0,0
0.000112924,1,2.99974,-0.0442824,2.06,0,0,0,0,0,0,0
0.000112924,2,2.99974,2.95572,2.06,0,0,0,0,0,0,0
0.000112924,3,0,0,0,0,0,0,0,0,0,0
0.000112924,4,0,0,0,0,0,0,0,0,0,0
0.000112924,5,0,0,0,0,0,0,0,0,0,0
0.0504431,0,-0.000259725,-0.0442824,2.06,0,0,0,0,0,0,0
0.0504431,1,2.99974,-0.0442824,2.06,0,0,0,0,0,0,0
0.0504431,2,2.99974,2.95572,2.06,0,0,0,0,0,0,0
0.0504431,3,0,0,0,0,0,0,0,0,0,0
0.0504431,4,0,0,0,0,0,0,0,0,0,0
0.0504431,5,0,0,0,0,0,0,0,0,0,0
0.100773,0,-0.000259725,-0.0442824,2.06,0,0,0,0,0,0,0
0.100773,1,2.99974,-0.0442824,2.06,0,0,0,0,0,0,0
0.100773,2,2.99974,2.95572,2.06,0,0,0,0,0,0,0
0.100773,3,0,0,0,0,0,0,0,0,0,0
0.100773,4,0,0,0,0,0,0,0,0,0,0
0.100773,5,0,0,0,0,0,0,0,0,0,0
0.150912,0,-0.000259725,-0.0442824,2.06,0,0,0,0,0,0,0
0.150912,1,2.99974,-0.0442824,2.06,0,0,0,0,0,0,0
0.150912,2,2.99974,2.95572,2.06,0,0,0,0,0,0,0
0.150912,3,0,0,0,0,0,0,0,0,0,0
0.150912,4,0,0,0,0,0,0,0,0,0,0
0.150912,5,0,0,0,0,0,0,0,0,0,0
0.203907,0,-0.000259725,-0.0442824,2.06,0,0,0,0,0,0,0
0.203907,1,2.99974,-0.0442824,2.06,0,0,0,0,0,0,0
0.203907,2,2.99974,2.95572,2.06,0,0,0,0,0,0,0
0.203907,3,0,0,0,0,0,0,0,0,0,0
0.203907,4,0,0,0,0,0,0,0,0,0,0
0.203907,5,0,0,0,0,0,0,0,0,0,0
0.259974,0,-0.000259725,-0.0442824,2.06,0,0,0,0,0,0,0
0.259974,1,2.99974,-0.0442824,2.06,0,0,0,0,0,0,0
0.259974,2,2.99974,2.95572,2.06,0,0,0,0,0,0,0
0.259974,3,0,0,0,0,0,0,0,0,0,0
0.259974,4,0,0,0,0,0,0,0,0,0,0
0.259974,5,0,0,0,0,0,0,0,0,0,0
0.310545,0,-0.000259725,-0.0442824,2.06,0,0,0,0,0,0,0
0.310545,1,2.99974,-0.0442824,2.06,0,0,0,0,0,0,0
0.310545,2,2.99974,2.95572,2.06,0,0,0,0,0,0,0
0.310545,3,0,0,0,0,0,0,0,0,0,0
0.310545,4,0,0,0,0,0,0,0,0,0,0
0.310545,5,0,0,0,0,0,0,0,0,0,0
0.365862,0,-0.000259725,-0.0442824,2.06,0,0,0,0,0,0,0
0.365862,1,2.99974,-0.0442824,2.06,0,0,0,0,0,0,0
0.365862,2,2.99974,2.95572,2.06,0,0,0,0,0,0,0
0.365862,3,0,0,0,0,0,0,0,0,0,0
0.365862,4,0,0,0,0,0,0,0,0,0,0
0.365862,5,0,0,0,0,0,0,0,0,0,0
0.419466,0,-0.000259725,-0.0442824,2.06,0,0,0,0,0,0,0
0.419466,1,2.99974,-0.0442824,2.06,0,0,0,0,0,0,0
0.419466,2,2.99974,2.95572,2.06,0,0,0,0,0,0,0
0.419466,3,0,0,0,0,0,0,0,0,0,0
0.419466,4,0,0,0,0,0,0,0,0,0,0
0.419466,5,0,0,0,0,0,0,0,0,0,0
0.472201,0,-0.000259725,-0.0442824,2.06,0,0,0,0,0,0,0
0.472201,1,2.99974,-0.0442824,2.06,0,0,0,0,0,0,0
0.472201,2,2.99974,2.95572,2.06,0,0,0,0,0,0,0
0.472201,3,0,0,0,0,0,0,0,0,0,0
0.472201,4,0,0,0,0,0,0,0,0,0,0
0.472201,5,0,0,0,0,0,0,0,0,0,0
0.536219,0,-0.000259725,-0.0442824,2.06,0,0,0,0,0,0,0
0.536219,1,2.99974,-0.0442824,2.06,0,0,0,0,0,0,0
0.536219,2,2.99974,2.95572,2.06,0,0,0,0,0,0,0
0.536219,3,0,0,0,0,0,0,0,0,0,0
0.536219,4,0,0,0,0,0,0,0,0,0,0
0.536219,5,0,0,0,0,0,0,0,0,0,0
0.596431,0,-0.000259725,-0.0442824,2.06,0,0,0,0,0,0,0
0.596431,1,2.99974,-0.0442824,2.06,0,0,0,0,0,0,0
0.596431,2,2.99974,2.95572,2.06,0,0,0,0,0,0,0
0.596431,3,0,0,0,0,0,0,0,0,0,0
0.596431,4,0,0,0,0,0,0,0,0,0,0
0.596431,5,0,0,0,0,0,0,0,0,0,0
0.669406,0,-0.000259725,-0.0442824,2.06,0,0,0,0,0,0,0
0.669406,1,2.99974,-0.0442824,2.06,0,0,0,0,0,0,0
0.669406,2,2.99974,2.95572,2.06,0,0,0,0,0,0,0
0.669406,3,0,0,0,0,0,0,0,0,0,0
0.669406,4,0,0,0,0,0,0,0,0,0,0
0.669406,5,0,0,0,0,0,0,0,0,0,0
0.719526,0,-0.000259725,-0.0442824,2.06,0,0,0,0,0,0,0
0.719526,1,2.99974,-0.0442824,2.06,0,0,0,0,0,0,0
0.719526,2,2.99974,2.95572,2.06,0,0,0,0,0,0,0
0.719526,3,0,0,0,0,0,0,0,0,0,0
0.719526,4,0,0,0,0,0,0,0,0,0,0
0.719526,5,0,0,0,0,0,0,0,0,0,0
0.774733,0,-0.000259725,-0.0442824,2.06,0,0,0,0,0,0,0
0.774733,1,2.99974,-0.0442824,2.06,0,0,0,0,0,0,0
0.774733,2,2.99974,2.95572,2.06,0,0,0,0,0,0,0
0.774733,3,0,0,0,0,0,0,0,0,0,0
0.774733,4,0,0,0,0,0,0,0,0,0,0
0.774733,5,0,0,0,0,0,0,0,0,0,0
0.840572,0,-0.000259725,-0.0442824,2.06,0,0,0,0,0,0,0
0.840572,1,2.99974,-0.0442824,2.06,0,0,0,0,0,0,0
0.840572,2,2.99974,2.95572,2.06,0,0,0,0,0,0,0
0.840572,3,0,0,0,0,0,0,0,0,0,0
0.840572,4,0,0,0,0,0,0,0,0,0,0
0.840572,5,0,0,0,0,0,0,0,0,0,0
0.911169,0,-0.000259725,-0.0442824,2.06,0,0,0,0,0,0,0
0.911169,1,2.99974,-0.0442824,2.06,0,0,0,0,0,0,0
0.911169,2,2.99974,2.95572,2.06,0,0,0,0,0,0,0
0.911169,3,0,0,0,0,0,0,0,0,0,0
0.911169,4,0,0,0,0,0,0,0,0,0,0
0.911169,5,0,0,0,0,0,0,0,0,0,0
1.0059,0,-0.000259725,-0.0442824,2.06,0,0,0,0,0,0,0
1.0059,1,2.99974,-0.0442824,2.06,0,0,0,0,0,0,0
1.0059,2,2.99974,2.95572,2.06,0,0,0,0,0,0,0
1.0059,3,0,0,0,0,0,0,0,0,0,0
1.0059,4,0,0,0,0,0,0,0,0,0,0
1.0059,5,0,0,0,0,0,0,0,0,0,0
1.06289,0,-0.000259725,-0.0442824,2.06,0,0,0,0,0,0,0
1.06289,1,2.99974,-0.0442824,2.06,0,0,0,0,0,0,0
1.06289,2,2.99974,2.95572,2.06,0,0,0,0,0,0,0
1.06289,3,0,0,0,0,0,0,0,0,0,0
1.06289,4,0,0,0,0,0,0,0,0,0,0
1.06289,5,0,0,0,0,0,0,0,0,0,0
1.12319,0,-0.000259725,-0.0442824,2.06,0,0,0,0,0,0,0
1.12319,1,2.99974,-0.0442824,2.06,0,0,0,0,0,0,0
1.12319,2,2.99974,2.95572,2.06,0,0,0,0,0,0,0
1.12319,3,0,0,0,0,0,0,0,0,0,0
1.12319,4,0,0,0,0,0,0,0,0,0,0
1.12319,5,0,0,0,0,0,0,0,0,0,0
1.17979,0,-0.000259725,-0.0442824,2.06,0,0,0,0,0,0,0
1.17979,1,2.99974,-0.0442824,2.06,0,0,0,0,0,0,0
1.17979,2,2.99974,2.95572,2.06,0,0,0,0,0,0,0
1.17979,3,0,0,0,0,0,0,0,0,0,0
1.17979,4,0,0,0,0,0,0,0,0,0,0
1.17979,5,0,0,0,0,0,0,0,0,0,0
1.23507,0,-0.000259725,-0.0442824,2.06,0,0,0,0,0,0,0
1.23507,1,2.99974,-0.0442824,2.06,0,0,0,0,0,0,0
1.23507,2,2.99974,2.95572,2.06,0,0,0,0,0,0,0
1.23507,3,0,0,0,0,0,0,0,0,0,0
1.23507,4,0,0,0,0,0,0,0,0,0,0
1.23507,5,0,0,0,0,0,0,0,0,0,0
1.29279,0,-0.000259725,-0.0442824,2.06,0,0,0,0,0,0,0
1.29279,1,2.99974,-0.0442824,2.06,0,0,0,0,0,0,0
1.29279,2,2.99974,2.95572,2.06,0,0,0,0,0,0,0
1.29279,3,0,0,0,0,0,0,0,0,0,0
1.29279,4,0,0,0,0,0,0,0,0,0,0
1.29279,5,0,0,0,0,0,0,0,0,0,0
1.34555,0,-0.000259725,-0.0442824,2.06,0,0,0,0,0,0,0
1.34555,1,2.99974,-0.0442824,2.06,0,0,0,0,0,0,0
1.34555,2,2.99974,2.95572,2.06,0,0,0,0,0,0,0
1.34555,3,0,0,0,0,0,0,0,0,0,0
1.34555,4,0,0,0,0,0,0,0,0,0,0
1.34555,5,0,0,0,0,0,0,0,0,0,0
1.40079,0,-0.000259725,-0.0442824,2.06,0,0,0,0,0,0,0
1.40079,1,2.99974,-0.0442824,2.06,0,0,0,0,0,0,0
1.40079,2,2.99974,2.95572,2.06,0,0,0,0,0,0,0
1.40079,3,0,0,0,0,0,0,0,0,0,0
1.40079,4,0,0,0,0,0,0,0,0,0,0
1.40079,5,0,0,0,0,0,0,0,0,0,0
1.4511,0,-0.000259725,-0.0442824,2.06,0,0,0,0,0,0,0
1.4511,1,2.99974,-0.0442824,2.06,0,0,0,0,0,0,0
1.4511,2,2.99974,2.95572,2.06,0,0,0,0,0,0,0
1.4511,3,0,0,0,0,0,0,0,0,0,0
1.4511,4,0,0,0,0,0,0,0,0,0,0
1.4511,5,0,0,0,0,0,0,0,0,0,0
1.5016,0,-0.000259725,-0.0442824,2.06,0,0,0,0,0,0,0
1.5016,1,2.99974,-0.0442824,2.06,0,0,0,0,0,0,0
1.5016,2,2.99974,2.95572,2.06,0,0,0,0,0,0,0
1.5016,3,0,0,0,0,0,0,0,0,0,0
1.5016,4,0,0,0,0,0,0,0,0,0,0
1.5016,5,0,0,0,0,0,0,0,0,0,0
1.55175,0,-0.000259725,-0.0442824,2.06,0,0,0,0,0,0,0
1.55175,1,2.99974,-0.0442824,2.06,0,0,0,0,0,0,0
1.55175,2,2.99974,2.95572,2.06,0,0,0,0,0,0,0
1.55175,3,0,0,0,0,0,0,0,0,0,0
1.55175,4,0,0,0,0,0,0,0,0,0,0
1.55175,5,0,0,0,0,0,0,0,0,0,0
1.60189,0,-0.000259725,-0.0442824,2.06,0,0,0,0,0,0,0
1.60189,1,2.99974,-0.0442824,2.06,0,0,0,0,0,0,0
1.60189,2,2.99974,2.95572,2.06,0,0,0,0,0,0,0
1.60189,3,0,0,0,0,0,0,0,0,0,0
1.60189,4,0,0,0,0,0,0,0,0,0,0
1.60189,5,0,0,0,0,0,0,0,0,0,0
1.66243,0,-0.000259725,-0.0442824,2.06,0,0,0,0,0,0,0
1.66243,1,2.99974,-0.0442824,2.06,0,0,0,0,0,0,0
1.66243,2,2.99974,2.95572,2.06,0,0,0,0,0,0,0
1.66243,3,0,0,0,0,0,0,0,0,0,0
1.66243,4,0,0,0,0,0,0,0,0,0,0
1.66243,5,0,0,0,0,0,0,0,0,0,0
1.71261,0,-0.000259725,-0.0442824,2.06,0,0,0,0,0,0,0
1.71261,1,2.99974,-0.0442824,2.06,0,0,0,0,0,0,0
1.71261,2,2.99974,2.95572,2.06,0,0,0,0,0,0,0
1.71261,3,0,0,0,0,0,0,0,0,0,0
1.71261,4,0,0,0,0,0,0,0,0,0,0
1.71261,5,0,0,0,0,0,0,0,0,0,0
1.76782,0,-0.000259725,-0.0442824,2.06,0,0,0,0,0,0,0
1.76782,1,2.99974,-0.0442824,2.06,0,0,0,0,0,0,0
1.76782,2,2.99974,2.95572,2.06,0,0,0,0,0,0,0
1.76782,3,0,0,0,0,0,0,0,0,0,0
1.76782,4,0,0,0,0,0,0,0,0,0,0
1.76782,5,0,0,0,0,0,0,0,0,0,0
1.81798,0,-0.000259725,-0.0442824,2.06,0,0,0,0,0,0,0
1.81798,1,2.99974,-0.0442824,2.06,0,0,0,0,0,0,0
1.81798,2,2.99974,2.95572,2.06,0,0,0,0,0,0,0
1.81798,3,0,0,0,0,0,0,0,0,0,0
1.81798,4,0,0,0,0,0,0,0,0,0,0
1.81798,5,0,0,0,0,0,0,0,0,0,0
1.87646,0,-0.000259725,-0.0442824,2.06,0,0,0,0,0,0,0
1.87646,1,2.99974,-0.0442824,2.06,0,0,0,0,0,0,0
1.87646,2,2.99974,2.95572,2.06,0,0,0,0,0,0,0
1.87646,3,0,0,0,0,0,0,0,0,0,0
1.87646,4,0,0,0,0,0,0,0,0,0,0
1.87646,5,0,0,0,0,0,0,0,0,0,0
1.92919,0,-0.000259725,-0.0442824,2.06,0,0,0,0,0,0,0
1.92919,1,2.99974,-0.0442824,2.06,0,0,0,0,0,0,0
1.92919,2,2.99974,2.95572,2.06,0,0,0,0,0,0,0
1.92919,3,0,0,0,0,0,0,0,0,0,0
1.92919,4,0,0,0,0,0,0,0,0,0,0
1.92919,5,0,0,0,0,0,0,0,0,0,0
1.99086,0,-0.000259725,-0.0442824,2.06,0,0,0,0,0,0,0
1.99086,1,2.99974,-0.0442824,2.06,0,0,0,0,0,0,0
1.99086,2,2.99974,2.95572,2.06,0,0,0,0,0,0,0
1.99086,3,0,0,0,0,0,0,0,0,0,0
1.99086,4,0,0,0,0,0,0,0,0,0,0
1.99086,5,0,0,0,0,0,0,0,0,0,0
2.04124,0,-0.000259725,-0.0442824,2.06,0,0,0,0,0,0,0
2.04124,1,2.99974,-0.0442824,2.06,0,0,0,0,0,0,0
2.04124,2,2.99974,2.95572,2.06,0,0,0,0,0,0,0
2.04124,3,0,0,0,0,0,0,0,0,0,0
2.04124,4,0,0,0,0,0,0,0,0,0,0
2.04124,5,0,0,0,0,0,0,0,0,0,0
2.09896,0,-0.000259725,-0.0442824,2.06,0,0,0,0,0,0,0
2.09896,1,2.99974,-0.0442824,2.06,0,0,0,0,0,0,0
2.09896,2,2.99974,2.95572,2.06,0,0,0,0,0,0,0
2.09896,3,0,0,0,0,0,0,0,0,0,0
2.09896,4,0,0,0,0,0,0,0,0,0,0
2.09896,5,0,0,0,0,0,0,0,0,0,0
2.16664,0,-0.000259725,-0.0442824,2.06,0,0,0,0,0,0,0
2.16664,1,2.99974,-0.0442824,2.06,0,0,0,0,0,0,0
2.16664,2,2.99974,2.95572,2.06,0,0,0,0,0,0,0
2.16664,3,0,0,0,0,0,0,0,0,0,0
2.16664,4,0,0,0,0,0,0,0,0,0,0
2.16664,5,0,0,0,0,0,0,0,0,0,0
2.21938,0,-0.000259725,-0.0442824,2.06,0,0,0,0,0,0,0
2.21938,1,2.99974,-0.0442824,2.06,0,0,0,0,0,0,0
2.21938,2,2.99974,2.95572,2.06,0,0,0,0,0,0,0
2.21938,3,0,0,0,0,0,0,0,0,0,0
2.21938,4,0,0,0,0,0,0,0,0,0,0
2.21938,5,0,0,0,0,0,0,0,0,0,0
2.28214,0,-0.000259725,-0.0442824,2.06,0,0,0,0,0,0,0
2.28214,1,2.99974,-0.0442824,2.06,0,0,0,0,0,0,0
2.28214,2,2.99974,2.95572,2.06,0,0,0,0,0,0,0
2.28214,3,0,0,0,0,0,0,0,0,0,0
2.28214,4,0,0,0,0,0,0,0,0,0,0
2.28214,5,0,0,0,0,0,0,0,0,0,0
2.33228,0,-0.000259725,-0.0442824,2.06,0,0,0,0,0,0,0
2.33228,1,2.99974,-0.0442824,2.06,0,0,0,0,0,0,0
2.33228,2,2.99974,2.95572,2.06,0,0,0,0,0,0,0
2.33228,3,0,0,0,0,0,0,0,0,0,0
2.33228,4,0,0,0,0,0,0,0,0,0,0
2.33228,5,0,0,0,0,0,0,0,0,0,0
2.38752,0,-0.000259725,-0.0442824,2.06,0,0,0,0,0,0,0
2.38752,1,2.99974,-0.0442824,2.06,0,0,0,0,0,0,0
2.38752,2,2.99974,2.95572,2.06,0,0,0,0,0,0,0
2.38752,3,0,0,0,0,0,0,0,0,0,0
2.38752,4,0,0,0,0,0,0,0,0,0,0
2.38752,5,0,0,0,0,0,0,0,0,0,0
2.44324,0,-0.000259725,-0.0442824,2.06,0,0,0,0,0,0,0
2.44324,1,2.99974,-0.0442824,2.06,0,0,0,0,0,0,0
2.44324,2,2.99974,2.95572,2.06,0,0,0,0,0,0,0
2.44324,3,0,0,0,0,0,0,0,0,0,0
2.44324,4,0,0,0,0,0,0,0,0,0,0
2.44324,5,0,0,0,0,0,0,0,0,0,0
2.50297,0,-0.000259725,-0.0442824,2.06,0,0,0,0,0,0,0
2.50297,1,2.99974,-0.0442824,2.06,0,0,0,0,0,0,0
2.50297,2,2.99974,2.95572,2.06,0,0,0,0,0,0,0
2.50297,3,0,0,0,0,0,0,0,0,0,0
2.50297,4,0,0,0,0,0,0,0,0,0,0
2.50297,5,0,0,0,0,0,0,0,0,0,0
2.5557,0,-0.000259725,-0.0442824,2.05714,0,0,-0.157727,0,0,0,0
2.5557,1,2.99974,-0.0442824,2.06,0,0,0,0,0,0,0
2.5557,2,2.99974,2.95572,2.06,0,0,0,0,0,0,0
2.5557,3,0,0,0,0,0,0,0,0,0,0
2.5557,4,0,0,0,0,0,0,0,0,0,0
2.5557,5,0,0,0,0,0,0,0,0,0,0
2.6138,0,-0.000259725,-0.0442824,2.03638,0,0,-0.3347,0,0,0,0
2.6138,1,2.99974,-0.0442824,2.06,0,0,0,0,0,0,0
2.6138,2,2.99974,2.95572,2.06,0,0,0,0,0,0,0
2.6138,3,0,0,0,0,0,0,0,0,0,0
2.6138,4,0,0,0,0,0,0,0,0,0,0
2.6138,5,0,0,0,0,0,0,0,0,0,0
2.66953,0,-0.000259725,-0.0442824,2.018,0,0,-0.320409,0,0,0,0
2.66953,1,2.99974,-0.0442824,2.06,0,0,0,0,0,0,0
2.66953,2,2.99974,2.95572,2.06,0,0,0,0,0,0,0
2.66953,3,0,0,0,0,0,0,0,0,0,0
2.66953,4,0,0,0,0,0,0,0,0,0,0
2.66953,5,0,0,0,0,0,0,0,0,0,0
2.72942,0,-0.000259725,-0.0442824,2.00253,0,0,-0.27984,0,0,0,0
2.72942,1,2.99974,-0.0442824,2.06,0,0,0,0,0,0,0
2.72942,2,2.99974,2.95572,2.06,0,0,0,0,0,0,0
2.72942,3,0,0,0,0,0,0,0,0,0,0
2.72942,4,0,0,0,0,0,0,0,0,0,0
2.72942,5,0,0,0,0,0,0,0,0,0,0
2.78152,0,-0.000259725,-0.0442824,1.98991,0,0,-0.238885,0,0,0,0
2.78152,1,2.99974,-0.0442824,2.06,0,0,0,0,0,0,0
2.78152,2,2.99974,2.95572,2.06,0,0,0,0,0,0,0
2.78152,3,0,0,0,0,0,0,0,0,0,0
2.78152,4,0,0,0,0,0,0,0,0,0,0
2.78152,5,0,0,0,0,0,0,0,0,0,0
2.83424,0,-0.000259725,-0.0442824,1.97985,0,0,-0.212349,0,0,0,0
2.83424,1,2.99974,-0.0442824,2.06,0,0,0,0,0,0,0
2.83424,2,2.99974,2.95572,2.06,0,0,0,0,0,0,0
2.83424,3,0,0,0,0,0,0,0,0,0,0
2.83424,4,0,0,0,0,0,0,0,0,0,0
2.83424,5,0,0,0,0,0,0,0,0,0,0
2.88462,0,-0.000259725,-0.0442824,1.97506,0,0,-0.188198,0,0,0,0
2.88462,1,2.99974,-0.0442824,2.06,0,0,0,0,0,0,0
2.88462,2,2.99974,2.95572,2.06,0,0,0,0,0,0,0
2.88462,3,0,0,0,0,0,0,0,0,0,0
2.88462,4,0,0,0,0,0,0,0,0,0,0
2.88462,5,0,0,0,0,0,0,0,0,0,0
2.93742,0,-0.000259725,-0.0442824,1.96667,0,0,-0.138205,0,0,0,0
2.93742,1,2.99974,-0.0442824,2.06,0,0,0,0,0,0,0
2.93742,2,2.99974,2.95572,2.06,0,0,0,0,0,0,0
2.93742,3,0,0,0,0,0,0,0,0,0,0
2.93742,4,0,0,0,0,0,0,0,0,0,0
2.93742,5,0,0,0,0,0,0,0,0,0,0
2.99142,0,-0.000259725,-0.0442824,1.953,0,0,-0.0919671,0,0,0,0
2.99142,1,2.99974,-0.0442824,2.06,0,0,0,0,0,0,0
2.99142,2,2.99974,2.95572,2.06,0,0,0,0,0,0,0
2.99142,3,0,0,0,0,0,0,0,0,0,0
2.99142,4,0,0,0,0,0,0,0,0,0,0
2.99142,5,0,0,0,0,0,0,0,0,0,0
3.04919,0,-0.000259725,-0.0442824,1.9531,0,0,-0.0607479,0,0,0,0
3.04919,1,2.99974,-0.0442824,2.06,0,0,0,0,0,0,0
3.04919,2,2.99974,2.95572,2.06,0,0,0,0,0,0,0
3.04919,3,0,0,0,0,0,0,0,0,0,0
3.04919,4,0,0,0,0,0,0,0,0,0,0
3.04919,5,0,0,0,0,0,0,0,0,0,0
3.10442,0,-0.000259725,-0.0442824,1.95065,0,0,-0.0307584,0,0,0,0
3.10442,1,2.99974,-0.0442824,2.06,0,0,0,0,0,0,0
3.10442,2,2.99974,2.95572,2.06,0,0,0,0,0,0,0
3.10442,3,0,0,0,0,0,0,0,0,0,0
3.10442,4,0,0,0,0,0,0,0,0,0,0
3.10442,5,0,0,0,0,0,0,0,0,0,0
3.15461,0,-0.000259725,-0.0442824,1.94966,0,0,-0.0016314,0,0,0,0
3.15461,1,2.99974,-0.0442824,2.06,0,0,0,0,0,0,0
3.15461,2,2.99974,2.95572,2.06,0,0,0,0,0,0,0
3.15461,3,0,0,0,0,0,0,0,0,0,0
3.15461,4,0,0,0,0,0,0,0,0,0,0
3.15461,5,0,0,0,0,0,0,0,0,0,0
3.20984,0,-0.000259725,-0.0442824,1.95148,0,0,0.0248446,0,0,0,0
3.20984,1,2.99974,-0.0442824,2.06,0,0,0,0,0,0,0
3.20984,2,2.99974,2.95572,2.06,0,0,0,0,0,0,0
3.20984,3,0,0,0,0,0,0,0,0,0,0
3.20984,4,0,0,0,0,0,0,0,0,0,0
3.20984,5,0,0,0,0,0,0,0,0,0,0
3.26762,0,-0.000259725,-0.0442824,1.95209,0,0,0.0427308,0,0,0,0
3.26762,1,2.99974,-0.0442824,2.06,0,0,0,0,0,0,0
3.26762,2,2.99974,2.95572,2.06,0,0,0,0,0,0,0
3.26762,3,0,0,0,0,0,0,0,0,0,0
3.26762,4,0,0,0,0,0,0,0,0,0,0
3.26762,5,0,0,0,0,0,0,0,0,0,0
3.3183,0,-0.000259725,-0.0442824,1.95502,0,0,0.0624543,0,0,0,0
3.3183,1,2.99974,-0.0442824,2.06,0,0,0,0,0,0,0
3.3183,2,2.99974,2.95572,2.06,0,0,0,0,0,0,0
3.3183,3,0,0,0,0,0,0,0,0,0,0
3.3183,4,0,0,0,0,0,0,0,0,0,0
3.3183,5,0,0,0,0,0,0,0,0,0,0
3.3717,0,-0.000259725,-0.0442824,1.9584,0,0,0.0797978,0,0,0,0
3.3717,1,2.99974,-0.0442824,2.06,0,0,0,0,0,0,0
3.3717,2,2.99974,2.95572,2.06,0,0,0,0,0,0,0
3.3717,3,0,0,0,0,0,0,0,0,0,0
3.3717,4,0,0,0,0,0,0,0,0,0,0
3.3717,5,0,0,0,0,0,0,0,0,0,0
3.42184,0,-0.000259725,-0.0442824,1.96289,0,0,0.0931377,0,0,0,0
3.42184,1,2.99974,-0.0442824,2.06,0,0,0,0,0,0,0
3.42184,2,2.99974,2.95572,2.06,0,0,0,0,0,0,0
3.42184,3,0,0,0,0,0,0,0,0,0,0
3.42184,4,0,0,0,0,0,0,0,0,0,0
3.42184,5,0,0,0,0,0,0,0,0,0,0
3.47705,0,-0.000259725,-0.0442824,1.96789,0,0,0.104188,0,0,0,0
3.47705,1,2.99974,-0.0442824,2.06,0,0,0,0,0,0,0
3.47705,2,2.99974,2.95572,2.06,0,0,0,0,0,0,0
3.47705,3,0,0,0,0,0,0,0,0,0,0
3.47705,4,0,0,0,0,0,0,0,0,0,0
3.47705,5,0,0,0,0,0,0,0,0,0,0
3.52978,0,-0.000259725,-0.0442824,1.97959,0,0,0.120496,0,0,0,0
3.52978,1,2.99974,-0.0442824,2.06,0,0,0,0,0,0,0
3.52978,2,2.99974,2.95572,2.06,0,0,0,0,0,0,0
3.52978,3,0,0,0,0,0,0,0,0,0,0
3.52978,4,0,0,0,0,0,0,0,0,0,0
3.52978,5,0,0,0,0,0,0,0,0,0,0
3.57994,0,-0.000259725,-0.0442824,1.97969,0,0,0.119409,0,0,0,0
3.57994,1,2.99974,-0.0442824,2.06,0,0,0,0,0,0,0
3.57994,2,2.99974,2.95572,2.06,0,0,0,0,0,0,0
3.57994,3,0,0,0,0,0,0,0,0,0,0
3.57994,4,0,0,0,0,0,0,0,0,0,0
3.57994,5,0,0,0,0,0,0,0,0,0,0
3.63804,0,-0.000259725,-0.0442824,1.98591,0,0,0.122401,0,0,0,0
3.63804,1,2.99974,-0.0442824,2.06,0,0,0,0,0,0,0
3.63804,2,2.99974,2.95572,2.06,0,0,0,0,0,0,0
3.63804,3,0,0,0,0,0,0,0,0,0,0
3.63804,4,0,0,0,0,0,0,0,0,0,0
3.63804,5,0,0,0,0,0,0,0,0,0,0
3.69336,0,-0.000259725,-0.0442824,1.99204,0,0,0.126939,0,0,0,0
3.69336,1,2.99974,-0.0442824,2.06,0,0,0,0,0,0,0
3.69336,2,2.99974,2.95572,2.06,0,0,0,0,0,0,0
3.69336,3,0,0,0,0,0,0,0,0,0,0
3.69336,4,0,0,0,0,0,0,0,0,0,0
3.69336,5,0,0,0,0,0,0,0,0,0,0
3.74624,0,-0.000259725,-0.0442824,1.99843,0,0,0.129427,0,0,0,0
3.74624,1,2.99974,-0.0442824,2.06,0,0,0,0,0,0,0
3.74624,2,2.99974,2.95572,2.06,0,0,0,0,0,0,0
3.74624,3,0,0,0,0,0,0,0,0,0,0
3.74624,4,0,0,0,0,0,0,0,0,0,0
3.74624,5,0,0,0,0,0,0,0,0,0,0
3.79641,0,-0.000259725,-0.0442824,2.00609,0,0,0.130299,0,0,0,0
3.79641,1,2.99974,-0.0442824,2.06,0,0,0,0,0,0,0
3.79641,2,2.99974,2.95572,2.06,0,0,0,0,0,0,0
3.79641,3,0,0,0,0,0,0,0,0,0,0
3.79641,4,0,0,0,0,0,0,0,0,0,0
3.79641,5,0,0,0,0,0,0,0,0,0,0
3.84656,0,-0.000259725,-0.0442824,2.01269,0,0,0.129476,0,0,0,0
3.84656,1,2.99974,-0.0442824,2.06,0,0,0,0,0,0,0
3.84656,2,2.99974,2.95572,2.06,0,0,0,0,0,0,0
3.84656,3,0,0,0,0,0,0,0,0,0,0
3.84656,4,0,0,0,0,0,0,0,0,0,0
3.84656,5,0,0,0,0,0,0,0,0,0,0
3.90178,0,-0.000259725,-0.0442824,2.02572,0,0,0.133058,0,0,0,0
3.90178,1,2.99974,-0.0442824,2.06,0,0,0,0,0,0,0
3.90178,2,2.99974,2.95572,2.06,0,0,0,0,0,0,0
3.90178,3,0,0,0,0,0,0,0,0,0,0
3.90178,4,0,0,0,0,0,0,0,0,0,0
3.90178,5,0,0,0,0,0,0,0,0,0,0
3.95959,0,-0.000259725,-0.0442824,2.03066,0,0,0.128833,0,0,0,0
3.95959,1,2.99974,-0.0442824,2.06,0,0,0,0,0,0,0
3.95959,2,2.99974,2.95572,2.06,0,0,0,0,0,0,0
3.95959,3,0,0,0,0,0,0,0,0,0,0
3.95959,4,0,0,0,0,0,0,0,0,0,0
3.95959,5,0,0,0,0,0,0,0,0,0,0
4.00973,0,-0.000259725,-0.0442824,2.03815,0,0,0.121836,0,0,0,0
4.00973,1,2.99974,-0.0442824,2.06,0,0,0,0,0,0,0
4.00973,2,2.99974,2.95572,2.06,0,0,0,0,0,0,0
4.00973,3,0,0,0,0,0,0,0,0,0,0
4.00973,4,0,0,0,0,0,0,0,0,0,0
4.00973,5,0,0,0,0,0,0,0,0,0,0
4.06245,0,-0.000259725,-0.0442824,2.04439,0,0,0.115341,0,0,0,0
4.06245,1,2.99974,-0.0442824,2.06,0,0,0,0,0,0,0
4.06245,2,2.99974,2.95572,2.06,0,0,0,0,0,0,0
4.06245,3,0,0,0,0,0,0,0,0,0,0
4.06245,4,0,0,0,0,0,0,0,0,0,0
4.06245,5,0,0,0,0,0,0,0,0,0,0
4.11852,0,-0.000259725,-0.0442824,2.04807,0,0,0.101345,0,0,0,0
4.11852,1,2.99974,-0.0442824,2.06,0,0,0,0,0,0,0
4.11852,2,2.99974,2.95572,2.06,0,0,0,0,0,0,0
4.11852,3,0,0,0,0,0,0,0,0,0,0
4.11852,4,0,0,0,0,0,0,0,0,0,0
4.11852,5,0,0,0,0,0,0,0,0,0,0
4.16866,0,-0.000259725,-0.0442824,2.05424,0,0,0.100389,0,0,0,0
4.16866,1,2.99974,-0.0442824,2.06,0,0,0,0,0,0,0
4.16866,2,2.99974,2.95572,2.06,0,0,0,0,0,0,0
4.16866,3,0,0,0,0,0,0,0,0,0,0
4.16866,4,0,0,0,0,0,0,0,0,0,0
4.16866,5,0,0,0,0,0,0,0,0,0,0
4.2254,0,-0.000259725,-0.0442824,2.05389,0,0,0.0913102,0,0,0,0
4.2254,1,2.99974,-0.0442824,2.06,0,0,0,0,0,0,0
4.2254,2,2.99974,2.95572,2.06,0,0,0,0,0,0,0
4.2254,3,0,0,0,0,0,0,0,0,0,0
4.2254,4,0,0,0,0,0,0,0,0,0,0
4.2254,5,0,0,0,0,0,0,0,0,0,0
4.27597,0,-0.000259725,-0.0442824,2.06332,0,0,0.0863027,0,0,0,0
4.27597,1,2.99974,-0.0442824,2.06,0,0,0,0,0,0,0
4.27597,2,2.99974,2.95572,2.06,0,0,0,0,0,0,0
4.27597,3,0,0,0,0,0,0,0,0,0,0
4.27597,4,0,0,0,0,0,0,0,0,0,0
4.27597,5,0,0,0,0,0,0,0,0,0,0
4.33122,0,-0.000259725,-0.0442824,2.06299,0,0,0.0770097,0,0,0,0
4.33122,1,2.99974,-0.0442824,2.06,0,0,0,0,0,0,0
4.33122,2,2.99974,2.95572,2.06,0,0,0,0,0,0,0
4.33122,3,0,0,0,0,0,0,0,0,0,0
4.33122,4,0,0,0,0,0,0,0,0,0,0
4.33122,5,0,0,0,0,0,0,0,0,0,0
4.38595,0,-0.000259725,-0.0442824,2.0669,0,0,0.0697143,0,0,0,0
4.38595,1,2.99974,-0.0442824,2.06,0,0,0,0,0,0,0
4.38595,2,2.99974,2.95572,2.06,0,0,0,0,0,0,0
4.38595,3,0,0,0,0,0,0,0,0,0,0
4.38595,4,0,0,0,0,0,0,0,0,0,0
4.38595,5,0,0,0,0,0,0,0,0,0,0
4.44801,0,-0.000259725,-0.0442824,2.07033,0,0,0.0636537,0,0,0,0
4.44801,1,2.99974,-0.0442824,2.06,0,0,0,0,0,0,0
4.44801,2,2.99974,2.95572,2.06,0,0,0,0,0,0,0
4.44801,3,0,0,0,0,0,0,0,0,0,0
4.44801,4,0,0,0,0,0,0,0,0,0,0
4.44801,5,0,0,0,0,0,0,0,0,0,0
4.50168,0,-0.000259725,-0.0442824,2.07331,0,0,0.0573852,0,0,0,0
4.50168,1,2.99974,-0.0442824,2.06,0,0,0,0,0,0,0
4.50168,2,2.99974,2.95572,2.06,0,0,0,0,0,0,0
4.50168,3,0,0,0,0,0,0,0,0,0,0
4.50168,4,0,0,0,0,0,0,0,0,0,0
4.50168,5,0,0,0,0,0,0,0,0,0,0
4.56938,0,-0.000259725,-0.0442824,2.07568,0,0,0.0515715,0,0,0,0
4.56938,1,2.99974,-0.0442824,2.06,0,0,0,0,0,0,0
4.56938,2,2.99974,2.95572,2.06,0,0,0,0,0,0,0
4.56938,3,0,0,0,0,0,0,0,0,0,0
4.56938,4,0,0,0,0,0,0,0,0,0,0
4.56938,5,0,0,0,0,0,0,0,0,0,0
4.6501,0,-0.000259725,-0.0442824,2.07791,0,0,0.0452074,0,0,0,0
4.6501,1,2.99974,-0.0442824,2.05883,0,0,-0.115055,0,0,0,0
4.6501,2,2.99974,2.95572,2.06,0,0,0,0,0,0,0
4.6501,3,0,0,0,0,0,0,0,0,0,0
4.6501,4,0,0,0,0,0,0,0,0,0,0
4.6501,5,0,0,0,0,0,0,0,0,0,0
4.71263,0,-0.000259725,-0.0442824,2.08048,0,0,0.03777,0,0,0,0
4.71263,1,2.99974,-0.0442824,2.04732,0,0,-0.313615,0,0,0,0
4.71263,2,2.99974,2.95572,2.06,0,0,0,0,0,0,0
4.71263,3,0,0,0,0,0,0,0,0,0,0
4.71263,4,0,0,0,0,0,0,0,0,0,0
4.71263,5,0,0,0,0,0,0,0,0,0,0
4.76438,0,-0.000259725,-0.0442824,2.08226,0,0,0.0343562,0,0,0,0
4.76438,1,2.99974,-0.0442824,2.01124,0,0,-0.352523,0,0,0,0
4.76438,2,2.99974,2.95572,2.06,0,0,0,0,0,0,0
4.76438,3,0,0,0,0,0,0,0,0,0,0
4.76438,4,0,0,0,0,0,0,0,0,0,0
4.76438,5,0,0,0,0,0,0,0,0,0,0
4.81455,0,-0.000259725,-0.0442824,2.08389,0,0,0.0267227,0,0,0,0
4.81455,1,2.99974,-0.0442824,1.99446,-1.04964e-17,-3.90781e-37,-0.320829,0,0,0,0
4.81455,2,2.99974,2.95572,2.06,0,0,0,0,0,0,0
4.81455,3,0,0,0,0,0,0,0,0,0,0
4.81455,4,0,0,0,0,0,0,0,0,0,0
4.81455,5,0,0,0,0,0,0,0,0,0,0
4.87071,0,-0.000259725,-0.0442824,2.08507,0,0,0.0218428,0,0,0,0
4.87071,1,2.99974,-0.0442824,1.99575,-1.32271e-17,-2.92065e-36,-0.259713,0,0,0,0
4.87071,2,2.99974,2.95572,2.06,0,0,0,0,0,0,0
4.87071,3,0,0,0,0,0,0,0,0,0,0
4.87071,4,0,0,0,0,0,0,0,0,0,0
4.87071,5,0,0,0,0,0,0,0,0,0,0
4.92438,0,-0.000259725,-0.0442824,2.08598,0,0,0.0161633,0,0,0,0
4.92438,1,2.99974,-0.0442824,1.98216,-7.09755e-18,1.31707e-18,-0.216941,0,0,0,0
4.92438,2,2.99974,2.95572,2.06,0,0,0,0,0,0,0
4.92438,3,0,0,0,0,0,0,0,0,0,0
4.92438,4,0,0,0,0,0,0,0,0,0,0
4.92438,5,0,0,0,0,0,0,0,0,0,0
4.97765,0,-0.000259725,-0.0442824,2.08673,0,0,0.0104989,0,0,0,0
4.97765,1,2.99974,-0.0442824,1.97061,-4.91676e-19,2.11132e-18,-0.171501,0,0,0,0
4.97765,2,2.99974,2.95572,2.06,0,0,0,0,0,0,0
4.97765,3,0,0,0,0,0,0,0,0,0,0
4.97765,4,0,0,0,0,0,0,0,0,0,0
4.97765,5,0,0,0,0,0,0,0,0,0,0
5.03098,0,-0.000259725,-0.0442824,2.08714,0,0,0.00614174,0,0,0,0
5.03098,1,2.99974,-0.0442824,1.96295,6.54463e-20,7.6354e-19,-0.12936,0,0,0,0
5.03098,2,2.99974,2.95572,2.06,0,0,0,0,0,0,0
5.03098,3,0,0,0,0,0,0,0,0,0,0
5.03098,4,0,0,0,0,0,0,0,0,0,0
5.03098,5,0,0,0,0,0,0,0,0,0,0
5.08113,0,-0.000259725,-0.0442824,2.08734,0,0,0.00250478,0,0,0,0
5.08113,1,2.99974,-0.0442824,1.95664,-9.08072e-19,-3.98277e-19,-0.0944672,0,0,0,0
5.08113,2,2.99974,2.95572,2.06,0,0,0,0,0,0,0
5.08113,3,0,0,0,0,0,0,0,0,0,0
5.08113,4,0,0,0,0,0,0,0,0,0,0
5.08113,5,0,0,0,0,0,0,0,0,0,0
5.13958,0,-0.000259725,-0.0442824,2.08737,0,0,-0.000809474,0,0,0,0
5.13958,1,2.99974,-0.0442824,1.95287,-1.4868e-18,-4.59945e-19,-0.0634269,0,0,0,0
5.13958,2,2.99974,2.95572,2.06,0,0,0,0,0,0,0
5.13958,3,0,0,0,0,0,0,0,0,0,0
5.13958,4,0,0,0,0,0,0,0,0,0,0
5.13958,5,0,0,0,0,0,0,0,0,0,0
5.19488,0,-0.000259725,-0.0442824,2.08724,0,0,-0.00418064,0,0,0,0
5.19488,1,2.99974,-0.0442824,1.95068,-1.86955e-18,2.01154e-19,-0.0350821,0,0,0,0
5.19488,2,2.99974,2.95572,2.06,0,0,0,0,0,0,0
5.19488,3,0,0,0,0,0,0,0,0,0,0
5.19488,4,0,0,0,0,0,0,0,0,0,0
5.19488,5,0,0,0,0,0,0,0,0,0,0
5.26016,0,-0.000259725,-0.0442824,2.08681,0,0,-0.00799764,0,0,0,0
5.26016,1,2.99974,-0.0442824,1.94999,-6.69368e-19,1.62357e-19,-0.00844507,0,0,0,0
5.26016,2,2.99974,2.95572,2.06,0,0,0,0,0,0,0
5.26016,3,0,0,0,0,0,0,0,0,0,0
5.26016,4,0,0,0,0,0,0,0,0,0,0
5.26016,5,0,0,0,0,0,0,0,0,0,0
5.31296,0,-0.000259725,-0.0442824,2.08631,0,0,-0.0105908,0,0,0,0
5.31296,1,2.99974,-0.0442824,1.95021,1.09733e-18,-4.64543e-19,0.0148898,0,0,0,0
5.31296,2,2.99974,2.95572,2.06,0,0,0,0,0,0,0
5.31296,3,0,0,0,0,0,0,0,0,0,0
5.31296,4,0,0,0,0,0,0,0,0,0,0
5.31296,5,0,0,0,0,0,0,0,0,0,0
5.36324,0,-0.000259725,-0.0442824,2.08571,0,0,-0.0127658,0,0,0,0
5.36324,1,2.99974,-0.0442824,1.95169,-7.38268e-18,1.76192e-17,0.0333411,0,0,0,0
5.36324,2,2.99974,2.95572,2.06,0,0,0,0,0,0,0
5.36324,3,0,0,0,0,0,0,0,0,0,0
5.36324,4,0,0,0,0,0,0,0,0,0,0
5.36324,5,0,0,0,0,0,0,0,0,0,0
5.41646,0,-0.000259725,-0.0442824,2.08497,0,0,-0.0147957,0,0,0,0
5.41646,1,2.99974,-0.0442824,1.9543,-1.3038e-17,1.98701e-17,0.0594983,0,0,0,0
5.41646,2,2.99974,2.95572,2.06,0,0,0,0,0,0,0
5.41646,3,0,0,0,0,0,0,0,0,0,0
5.41646,4,0,0,0,0,0,0,0,0,0,0
5.41646,5,0,0,0,0,0,0,0,0,0,0
5.46746,0,-0.000259725,-0.0442824,2.08419,0,0,-0.0163476,0,0,0,0
5.46746,1,2.99974,-0.0442824,1.95839,-1.44825e-17,2.01917e-17,0.0750917,0,0,0,0
5.46746,2,2.99974,2.95572,2.06,0,0,0,0,0,0,0
5.46746,3,0,0,0,0,0,0,0,0,0,0
5.46746,4,0,0,0,0,0,0,0,0,0,0
5.46746,5,0,0,0,0,0,0,0,0,0,0
5.52053,0,-0.000259725,-0.0442824,2.08336,0,0,-0.0175975,0,0,0,0
5.52053,1,2.99974,-0.0442824,1.96261,-1.16731e-17,2.11691e-17,0.0874916,0,0,0,0
5.52053,2,2.99974,2.95572,2.06,0,0,0,0,0,0,0
5.52053,3,0,0,0,0,0,0,0,0,0,0
5.52053,4,0,0,0,0,0,0,0,0,0,0
5.52053,5,0,0,0,0,0,0,0,0,0,0
5.57669,0,-0.000259725,-0.0442824,2.08245,0,0,-0.0185436,0,0,0,0
5.57669,1,2.99974,-0.0442824,1.96745,-1.22891e-17,4.65794e-17,0.0990033,0,0,0,0
5.57669,2,2.99974,2.95572,2.06,0,0,0,0,0,0,0
5.57669,3,0,0,0,0,0,0,0,0,0,0
5.57669,4,0,0,0,0,0,0,0,0,0,0
5.57669,5,0,0,0,0,0,0,0,0,0,0
5.63189,0,-0.000259725,-0.0442824,2.08151,0,0,-0.0193795,0,0,0,0
5.63189,1,2.99974,-0.0442824,1.97255,-1.15617e-17,5.07069e-17,0.109581,0,0,0,0
5.63189,2,2.99974,2.95572,2.06,0,0,0,0,0,0,0
5.63189,3,0,0,0,0,0,0,0,0,0,0
5.63189,4,0,0,0,0,0,0,0,0,0,0
5.63189,5,0,0,0,0,0,0,0,0,0,0
5.68204,0,-0.000259725,-0.0442824,2.08073,0,0,-0.0198252,0,0,0,0
5.68204,1,2.99974,-0.0442824,1.97743,1.51536e-19,3.42751e-17,0.116519,0,0,0,0
5.68204,2,2.99974,2.95572,2.06,0,0,0,0,0,0,0
5.68204,3,0,0,0,0,0,0,0,0,0,0
5.68204,4,0,0,0,0,0,0,0,0,0,0
5.68204,5,0,0,0,0,0,0,0,0,0,0
5.73223,0,-0.000259725,-0.0442824,2.07937,0,0,-0.0201762,0,0,0,0
5.73223,1,2.99974,-0.0442824,1.98481,4.52783e-18,3.11687e-17,0.124115,0,0,0,0
5.73223,2,2.99974,2.95572,2.06,0,0,0,0,0,0,0
5.73223,3,0,0,0,0,0,0,0,0,0,0
5.73223,4,0,0,0,0,0,0,0,0,0,0
5.73223,5,0,0,0,0,0,0,0,0,0,0
5.78536,0,-0.000259725,-0.0442824,2.0784,0,0,-0.0202243,0,0,0,0
5.78536,1,2.99974,-0.0442824,1.99144,1.2726e-18,2.33086e-17,0.128109,0,0,0,0
5.78536,2,2.99974,2.95572,2.06,0,0,0,0,0,0,0
5.78536,3,0,0,0,0,0,0,0,0,0,0
5.78536,4,0,0,0,0,0,0,0,0,0,0
5.78536,5,0,0,0,0,0,0,0,0,0,0
5.84438,0,-0.000259725,-0.0442824,2.07732,0,0,-0.0199392,0,0,0,0
5.84438,1,2.99974,-0.0442824,1.99863,6.59354e-18,3.107e-18,0.130418,0,0,0,0
5.84438,2,2.99974,2.95572,2.06,0,0,0,0,0,0,0
5.84438,3,0,0,0,0,0,0,0,0,0,0
5.84438,4,0,0,0,0,0,0,0,0,0,0
5.84438,5,0,0,0,0,0,0,0,0,0,0
5.9,0,-0.000259725,-0.0442824,2.07632,0,0,-0.0196977,0,0,0,0
5.9,1,2.99974,-0.0442824,2.00526,5.63951e-18,4.28751e-18,0.130632,0,0,0,0
5.9,2,2.99974,2.95572,2.06,0,0,0,0,0,0,0
5.9,3,0,0,0,0,0,0,0,0,0,0
5.9,4,0,0,0,0,0,0,0,0,0,0
5.9,5,0,0,0,0,0,0,0,0,0,0
5.97404,0,-0.000259725,-0.0442824,2.07535,0,0,-0.0191519,0,0,0,0
5.97404,1,2.99974,-0.0442824,2.01241,4.33541e-18,4.955e-18,0.136889,0,0,0,0
5.97404,2,2.99974,2.95572,2.06,0,0,0,0,0,0,0
5.97404,3,0,0,0,0,0,0,0,0,0,0
5.97404,4,0,0,0,0,0,0,0,0,0,0
5.97404,5,0,0,0,0,0,0,0,0,0,0
6.02927,0,-0.000259725,-0.0442824,2.07439,0,0,-0.0184581,0,0,0,0
6.02927,1,2.99974,-0.0442824,2.0176,9.55462e-18,-1.24307e-17,0.137493,0,0,0,0
6.02927,2,2.99974,2.95572,2.05431,0,0,-0.0795813,0,0,0,0
6.02927,3,0,0,0,0,0,0,0,0,0,0
6.02927,4,0,0,0,0,0,0,0,0,0,0
6.02927,5,0,0,0,0,0,0,0,0,0,0
6.08828,0,-0.000259725,-0.0442824,2.07439,0,0,-0.0184581,0,0,0,0
6.08828,1,2.99974,-0.0442824,2.02195,6.17655e-18,-1.30499e-17,0.128459,0,0,0,0
6.08828,2,2.99974,2.95572,2.03547,0,0,-0.33955,0,0,0,0
6.08828,3,0,0,0,0,0,0,0,0,0,0
6.08828,4,0,0,0,0,0,0,0,0,0,0
6.08828,5,0,0,0,0,0,0,0,0,0,0
6.13846,0,-0.000259725,-0.0442824,2.07328,0,0,-0.0177714,0,0,0,0
6.13846,1,2.99974,-0.0442824,2.02927,4.04726e-18,-1.37185e-17,0.126837,0,0,0,0
6.13846,2,2.99974,2.95572,2.01698,0,0,-0.330521,0,0,0,0
6.13846,3,0,0,0,0,0,0,0,0,0,0
6.13846,4,0,0,0,0,0,0,0,0,0,0
6.13846,5,0,0,0,0,0,0,0,0,0,0
6.21391,0,-0.000259725,-0.0442824,2.07271,0,0,-0.0171669,0,0,0,0
6.21391,1,2.99974,-0.0442824,2.03395,-1.01743e-18,-1.40065e-17,0.124796,0,0,0,0
6.21391,2,2.99974,2.95572,2.00265,-5.92856e-19,-5.92856e-19,-0.292957,0,0,0,0
6.21391,3,0,0,0,0,0,0,0,0,0,0
6.21391,4,0,0,0,0,0,0,0,0,0,0
6.21391,5,0,0,0,0,0,0,0,0,0,0
6.27174,0,-0.000259725,-0.0442824,2.07153,0,0,-0.0158763,2.07201,0,0,0
6.27174,1,2.99974,-0.0442824,2.04315,-4.30078e-18,-4.16104e-17,0.119977,0,0,0,0
6.27174,2,2.99974,2.95572,1.98663,-2.50966e-18,-2.50966e-18,-0.248027,0,0,0,0
6.27174,3,0,0,0,0,0,0,0,0,0,0
6.27174,4,0,0,0,0,0,0,0,0,0,0
6.27174,5,0,0,0,0,0,0,0,0,0,0
6.32192,0,-0.000259725,-0.0442824,2.07036,0,0,-0.0147024,2.07201,0,0,0
6.32192,1,2.99974,-0.0442824,2.05048,5.52127e-18,-6.07433e-17,0.112837,0,0,0,0
6.32192,2,2.99974,2.95572,1.9749,-3.5345e-18,-3.5345e-18,-0.216068,0,0,0,0
6.32192,3,0,0,0,0,0,0,0,0,0,0
6.32192,4,0,0,0,0,0,0,0,0,0,0
6.32192,5,0,0,0,0,0,0,0,0,0,0
6.37209,0,-0.000259725,-0.0442824,2.06886,0,0,-0.014407,2.06934,0,0,0
6.37209,1,2.99974,-0.0442824,2.05599,2.20651e-17,-8.39011e-17,0.100833,0,0,0,0
6.37209,2,2.99974,2.95572,1.96349,-1.59606e-18,-1.59606e-18,-0.182004,0,0,0,0
6.37209,3,0,0,0,0,0,0,0,0,0,0
6.37209,4,0,0,0,0,0,0,0,0,0,0
6.37209,5,0,0,0,0,0,0,0,0,0,0
6.42481,0,-0.000259725,-0.0442824,2.06831,0,0,-0.0131436,2.06934,0,0,0
6.42481,1,2.99974,-0.0442824,2.06079,1.26274e-17,-7.71374e-17,0.0911291,0,0,0,0
6.42481,2,2.99974,2.95572,1.95514,1.98861e-19,-6.96013e-19,-0.147399,0,0,0,0
6.42481,3,0,0,0,0,0,0,0,0,0,0
6.42481,4,0,0,0,0,0,0,0,0,0,0
6.42481,5,0,0,0,0,0,0,0,0,0,0
6.47493,0,-0.000259725,-0.0442824,2.06777,0,0,-0.0105539,2.06878,0,0,0
6.47493,1,2.99974,-0.0442824,2.06558,7.44567e-18,-8.30671e-17,0.0828546,0,0,0,0
6.47493,2,2.99974,2.95572,1.94937,1.45275e-18,-5.22611e-18,-0.111875,0,0,0,0
6.47493,3,0,0,0,0,0,0,0,0,0,0
6.47493,4,0,0,0,0,0,0,0,0,0,0
6.47493,5,0,0,0,0,0,0,0,0,0,0
6.52505,0,-0.000259725,-0.0442824,2.06729,0,0,-0.00942048,2.06878,0,0,0
6.52505,1,2.99974,-0.0442824,2.06969,-4.71894e-18,-6.71554e-17,0.0750206,0,0,0,0
6.52505,2,2.99974,2.95572,1.94552,2.12675e-18,-3.1965e-18,-0.0755155,0,0,0,0
6.52505,3,0,0,0,0,0,0,0,0,0,0
6.52505,4,0,0,0,0,0,0,0,0,0,0
6.52505,5,0,0,0,0,0,0,0,0,0,0
6.5752,0,-0.000259725,-0.0442824,2.06687,0,0,-0.00831602,2.06777,0,0,0
6.5752,1,2.99974,-0.0442824,2.07312,-1.85339e-18,-8.96204e-17,0.0673412,0,0,0,0
6.5752,2,2.99974,2.95572,1.94333,1.71604e-18,-9.44485e-19,-0.0394405,0,0,0,0
6.5752,3,0,0,0,0,0,0,0,0,0,0
6.5752,4,0,0,0,0,0,0,0,0,0,0
6.5752,5,0,0,0,0,0,0,0,0,0,0
6.62545,0,-0.000259725,-0.0442824,2.06657,0,0,-0.00725255,2.06777,0,0,0
6.62545,1,2.99974,-0.0442824,2.07611,-1.27792e-17,-7.6817e-17,0.0596876,0,0,0,0
6.62545,2,2.99974,2.95572,1.94286,2.26078e-19,-3.98962e-20,-0.00492862,0,0,0,0
6.62545,3,0,0,0,0,0,0,0,0,0,0
6.62545,4,0,0,0,0,0,0,0,0,0,0
6.62545,5,0,0,0,0,0,0,0,0,0,0
6.68073,0,-0.000259725,-0.0442824,2.06621,0,0,-0.00611149,2.06705,0,0,0
6.68073,1,2.99974,-0.0442824,2.0789,-1.99934e-17,-6.22748e-17,0.0515594,0,0,0,0
6.68073,2,2.99974,2.95572,1.944,-9.65286e-19,9.10647e-21,0.0269995,0,0,0,0
6.68073,3,0,0,0,0,0,0,0,0,0,0
6.68073,4,0,0,0,0,0,0,0,0,0,0
6.68073,5,0,0,0,0,0,0,0,0,0,0
6.73644,0,-0.000259725,-0.0442824,2.06593,0,0,-0.00533806,2.06705,0,0,0
6.73644,1,2.99974,-0.0442824,2.08125,-1.87759e-17,-6.28711e-17,0.0453248,0,0,0,0
6.73644,2,2.99974,2.95572,1.94666,-1.85376e-18,9.69224e-19,0.0557985,0,0,0,0
6.73644,3,0,0,0,0,0,0,0,0,0,0
6.73644,4,0,0,0,0,0,0,0,0,0,0
6.73644,5,0,0,0,0,0,0,0,0,0,0
6.7893,0,-0.000259725,-0.0442824,2.0657,0,0,-0.00430858,2.0664,0,0,0
6.7893,1,2.99974,-0.0442824,2.08327,-1.8877e-17,-6.36118e-17,0.0378523,0,0,0,0
6.7893,2,2.99974,2.95572,1.95116,-1.74586e-18,6.3609e-19,0.080252,0,0,0,0
6.7893,3,0,0,0,0,0,0,0,0,0,0
6.7893,4,0,0,0,0,0,0,0,0,0,0
6.7893,5,0,0,0,0,0,0,0,0,0,0
6.84066,0,-0.000259725,-0.0442824,2.06552,0,0,-0.00347913,2.0664,0,0,0
6.84066,1,2.99974,-0.0442824,2.085,-1.72436e-17,-6.1904e-17,0.0313805,0,0,0,0
6.84066,2,2.99974,2.95572,1.95479,-2.93618e-18,-2.8679e-18,0.101226,0,0,0,0
6.84066,3,0,0,0,0,0,0,0,0,0,0
6.84066,4,0,0,0,0,0,0,0,0,0,0
6.84066,5,0,0,0,0,0,0,0,0,0,0
6.89869,0,-0.000259725,-0.0442824,2.06537,0,0,-0.00281757,2.06599,0,0,0
6.89869,1,2.99974,-0.0442824,2.08635,-2.41321e-17,-4.34605e-17,0.0259011,0,0,0,0
6.89869,2,2.99974,2.95572,1.96239,-6.19545e-18,-3.65373e-18,0.117748,0,0,0,0
6.89869,3,0,0,0,0,0,0,0,0,0,0
6.89869,4,0,0,0,0,0,0,0,0,0,0
6.89869,5,0,0,0,0,0,0,0,0,0,0
6.96178,0,-0.000259725,-0.0442824,2.06537,0,0,-0.00281757,2.06599,0,0,0
6.96178,1,2.99974,-0.0442824,2.08743,-2.45995e-17,-4.44279e-17,0.0203613,0,0,0,0
6.96178,2,2.99974,2.95572,1.96792,-7.77183e-18,-9.32177e-18,0.131296,0,0,0,0
6.96178,3,0,0,0,0,0,0,0,0,0,0
6.96178,4,0,0,0,0,0,0,0,0,0,0
6.96178,5,0,0,0,0,0,0,0,0,0,0
7.01195,0,-0.000259725,-0.0442824,2.06528,0,0,-0.00199023,2.06575,0,0,0
7.01195,1,2.99974,-0.0442824,2.08834,-3.26612e-17,-2.62819e-17,0.0133535,0,0,0,0
7.01195,2,2.99974,2.95572,1.97472,-3.06e-18,-1.27305e-17,0.138511,0,0,0,0
7.01195,3,0,0,0,0,0,0,0,0,0,0
7.01195,4,0,0,0,0,0,0,0,0,0,0
7.01195,5,0,0,0,0,0,0,0,0,0,0
7.06333,0,-0.000259725,-0.0442824,2.0652,0,0,-0.00135172,2.06575,0,0,0
7.06333,1,2.99974,-0.0442824,2.08834,-3.26612e-17,-2.62819e-17,0.0133535,0,0,0,0
7.06333,2,2.99974,2.95572,1.97472,-3.06e-18,-1.27305e-17,0.138511,0,0,0,0
7.06333,3,0,0,0,0,0,0,0,0,0,0
7.06333,4,0,0,0,0,0,0,0,0,0,0
7.06333,5,0,0,0,0,0,0,0,0,0,0
7.12016,0,-0.000259725,-0.0442824,2.06514,0,0,-0.000785297,2.06562,0,0,0
7.12016,1,2.99974,-0.0442824,2.08885,-3.3688e-17,-2.61437e-17,0.0107643,0,0,0,0
7.12016,2,2.99974,2.95572,1.98305,5.87367e-18,-1.53931e-17,0.150127,0,0,0,0
7.12016,3,0,0,0,0,0,0,0,0,0,0
7.12016,4,0,0,0,0,0,0,0,0,0,0
7.12016,5,0,0,0,0,0,0,0,0,0,0
7.17575,0,-0.000259725,-0.0442824,2.06512,0,0,-0.000142311,2.06562,0,0,0
7.17575,1,2.99974,-0.0442824,2.08913,-4.24117e-17,-8.93132e-18,0.00456918,0,0,0,0
7.17575,2,2.99974,2.95572,1.99912,3.6755e-18,-1.06344e-17,0.145298,0,0,0,0
7.17575,3,0,0,0,0,0,0,0,0,0,0
7.17575,4,0,0,0,0,0,0,0,0,0,0
7.17575,5,0,0,0,0,0,0,0,0,0,0
7.22591,0,-0.000259725,-0.0442824,2.06513,0,0,0.000405713,2.06561,0,0,0
7.22591,1,2.99974,-0.0442824,2.0891,-4.19506e-17,4.56496e-17,-0.00427508,0,0,0,0
7.22591,2,2.99974,2.95572,1.99912,3.6755e-18,-1.06344e-17,0.145298,0,0,0,0
7.22591,3,0,0,0,0,0,0,0,0,0,0
7.22591,4,0,0,0,0,0,0,0,0,0,0
7.22591,5,0,0,0,0,0,0,0,0,0,0
7.28152,0,-0.000259725,-0.0442824,2.06517,0,0,0.000845364,2.06561,0,0,0
7.28152,1,2.99974,-0.0442824,2.08872,-5.4627e-17,8.87516e-17,-0.00762804,0,0,0,0
7.28152,2,2.99974,2.95572,2.0145,5.83764e-18,2.55397e-18,0.135217,0,0,0,0
7.28152,3,0,0,0,0,0,0,0,0,0,0
7.28152,4,0,0,0,0,0,0,0,0,0,0
7.28152,5,0,0,0,0,0,0,0,0,0,0
7.33166,0,-0.000259725,-0.0442824,2.06522,0,0,0.00118575,2.0657,0,0,0
7.33166,1,2.99974,-0.0442824,2.0882,-4.37323e-17,1.05883e-16,-0.0108771,0,0,0,0
7.33166,2,2.99974,2.95572,2.0145,5.83764e-18,2.55397e-18,0.135217,0,0,0,0
7.33166,3,0,0,0,0,0,0,0,0,0,0
7.33166,4,0,0,0,0,0,0,0,0,0,0
7.33166,5,0,0,0,0,0,0,0,0,0,0
7.38954,0,-0.000259725,-0.0442824,2.06529,0,0,0.00150399,2.0657,0,0,0
7.38954,1,2.99974,-0.0442824,2.08758,-4.75054e-17,1.34345e-16,-0.0136328,0,0,0,0
7.38954,2,2.99974,2.95572,2.02711,8.72577e-18,4.10745e-18,0.121175,0,0,0,0
7.38954,3,0,0,0,0,0,0,0,0,0,0
7.38954,4,0,0,0,0,0,0,0,0,0,0
7.38954,5,0,0,0,0,0,0,0,0,0,0
7.44076,0,-0.000259725,-0.0442824,2.06538,0,0,0.00176016,2.06585,0,0,0
7.44076,1,2.99974,-0.0442824,2.08675,-4.26475e-17,1.4573e-16,-0.0157732,0,0,0,0
7.44076,2,2.99974,2.95572,2.02711,8.72577e-18,4.10745e-18,0.121175,0,0,0,0
7.44076,3,0,0,0,0,0,0,0,0,0,0
7.44076,4,0,0,0,0,0,0,0,0,0,0
7.44076,5,0,0,0,0,0,0,0,0,0,0
7.49848,0,-0.000259725,-0.0442824,2.06547,0,0,0.00192409,2.06585,0,0,0
7.49848,1,2.99974,-0.0442824,2.08598,-4.67508e-17,1.72971e-16,-0.0175308,0,0,0,0
7.49848,2,2.99974,2.95572,2.03838,1.11619e-17,-3.36962e-18,0.104068,0,0,0,0
7.49848,3,0,0,0,0,0,0,0,0,0,0
7.49848,4,0,0,0,0,0,0,0,0,0,0
7.49848,5,0,0,0,0,0,0,0,0,0,0
7.56774,0,-0.000259725,-0.0442824,2.06558,0,0,0.00207421,2.06605,0,0,0
7.56774,1,2.99974,-0.0442824,2.08495,-4.54228e-17,1.81292e-16,-0.0189692,0,0,0,0
7.56774,2,2.99974,2.95572,2.03838,1.11619e-17,-3.36962e-18,0.104068,0,0,0,0
7.56774,3,0,0,0,0,0,0,0,0,0,0
7.56774,4,0,0,0,0,0,0,0,0,0,0
7.56774,5,0,0,0,0,0,0,0,0,0,0
7.63798,0,-0.000259725,-0.0442824,2.06568,0,0,0.00217228,2.06605,0,0,0
7.63798,1,2.99974,-0.0442824,2.08495,-4.54228e-17,1.81292e-16,-0.0189692,0,0,0,0
7.63798,2,2.99974,2.95572,2.04278,1.34491e-17,-6.65171e-18,0.0959681,0,0,0,0
7.63798,3,0,0,0,0,0,0,0,0,0,0
7.63798,4,0,0,0,0,0,0,0,0,0,0
7.63798,5,0,0,0,0,0,0,0,0,0,0
7.69341,0,-0.000259725,-0.0442824,2.0658,0,0,0.00223585,2.06627,0,0,0
7.69341,1,2.99974,-0.0442824,2.08415,-4.57241e-17,1.89934e-16,-0.020006,0,0,0,0
7.69341,2,2.99974,2.95572,2.04769,1.20454e-17,-8.33686e-18,0.0879634,0,0,0,0
7.69341,3,0,0,0,0,0,0,0,0,0,0
7.69341,4,0,0,0,0,0,0,0,0,0,0
7.69341,5,0,0,0,0,0,0,0,0,0,0
7.7461,0,-0.000259725,-0.0442824,2.06592,0,0,0.00226212,2.06627,0,0,0
7.7461,1,2.99974,-0.0442824,2.08308,-3.09648e-17,1.87408e-16,-0.020979,0,0,0,0
7.7461,2,2.99974,2.95572,2.05205,6.08748e-18,-7.37627e-18,0.0812999,0,0,0,0
7.7461,3,0,0,0,0,0,0,0,0,0,0
7.7461,4,0,0,0,0,0,0,0,0,0,0
7.7461,5,0,0,0,0,0,0,0,0,0,0
7.80378,0,-0.000259725,-0.0442824,2.06602,0,0,0.00225329,2.0665,0,0,0
7.80378,1,2.99974,-0.0442824,2.08183,-1.55142e-17,1.85111e-16,-0.0217875,0,0,0,0
7.80378,2,2.99974,2.95572,2.05597,9.1782e-19,-5.0786e-18,0.0725657,0,0,0,0
7.80378,3,0,0,0,0,0,0,0,0,0,0
7.80378,4,0,0,0,0,0,0,0,0,0,0
7.80378,5,0,0,0,0,0,0,0,0,0,0
7.86165,0,-0.000259725,-0.0442824,2.06614,0,0,0.00221739,2.0665,0,0,0
7.86165,1,2.99974,-0.0442824,2.08059,-1.33952e-17,1.93308e-16,-0.0222258,0,0,0,0
7.86165,2,2.99974,2.95572,2.05919,-1.09878e-18,-4.00665e-18,0.0658127,0,0,0,0
7.86165,3,0,0,0,0,0,0,0,0,0,0
7.86165,4,0,0,0,0,0,0,0,0,0,0
7.86165,5,0,0,0,0,0,0,0,0,0,0
7.91503,0,-0.000259725,-0.0442824,2.06626,0,0,0.00217212,2.06673,0,0,0
7.91503,1,2.99974,-0.0442824,2.07958,-4.0389e-18,1.82233e-16,-0.0222011,0,0,0,0
7.91503,2,2.99974,2.95572,2.06234,-4.52937e-18,1.13234e-18,0.0569025,0,0,0,0
7.91503,3,0,0,0,0,0,0,0,0,0,0
7.91503,4,0,0,0,0,0,0,0,0,0,0
7.91503,5,0,0,0,0,0,0,0,0,0,0
7.96774,0,-0.000259725,-0.0442824,2.06636,0,0,0.00208952,2.06673,0,0,0
7.96774,1,2.99974,-0.0442824,2.07835,5.2606e-18,1.70372e-16,-0.0220553,3.64965,0,0,0
7.96774,2,2.99974,2.95572,2.06495,-5.78427e-18,3.53199e-18,0.0505888,0,0,0,0
7.96774,3,0,0,0,0,0,0,0,0,0,0
7.96774,4,0,0,0,0,0,0,0,0,0,0
7.96774,5,0,0,0,0,0,0,0,0,0,0
8.01788,0,-0.000259725,-0.0442824,2.06647,0,0,0.0019941,2.06694,0,0,0
8.01788,1,2.99974,-0.0442824,2.07728,1.46398e-17,1.5888e-16,-0.0216906,3.64965,0,0,0
8.01788,2,2.99974,2.95572,2.06727,-5.2649e-18,5.36699e-18,0.0432403,0,0,0,0
8.01788,3,0,0,0,0,0,0,0,0,0,0
8.01788,4,0,0,0,0,0,0,0,0,0,0
8.01788,5,0,0,0,0,0,0,0,0,0,0
8.06925,0,-0.000259725,-0.0442824,2.06666,0,0,0.00196775,2.06694,0,0,0
8.06925,1,2.99974,-0.0442824,2.07614,2.35627e-17,1.46442e-16,-0.0210867,3.64839,0,0,0
8.06925,2,2.99974,2.95572,2.06943,-4.4117e-18,6.19841e-18,0.0362832,0,0,0,0
8.06925,3,0,0,0,0,0,0,0,0,0,0
8.06925,4,0,0,0,0,0,0,0,0,0,0
8.06925,5,0,0,0,0,0,0,0,0,0,0
8.11965,0,-0.000259725,-0.0442824,2.06665,0,0,0.00173822,2.06713,0,0,0
8.11965,1,2.99974,-0.0442824,2.07509,3.34291e-17,1.32933e-16,-0.0205081,3.64839,0,0,0
8.11965,2,2.99974,2.95572,2.07109,-3.02863e-18,5.73109e-18,0.0306991,0,0,0,0
8.11965,3,0,0,0,0,0,0,0,0,0,0
8.11965,4,0,0,0,0,0,0,0,0,0,0
8.11965,5,0,0,0,0,0,0,0,0,0,0
8.17286,0,-0.000259725,-0.0442824,2.06681,0,0,0.00161355,2.06713,0,0,0
8.17286,1,2.99974,-0.0442824,2.07409,4.38942e-17,1.19002e-16,-0.0195983,3.64723,0,0,0
8.17286,2,2.99974,2.95572,2.07259,-1.14353e-18,3.61647e-18,0.0239606,0,0,0,0
8.17286,3,0,0,0,0,0,0,0,0,0,0
8.17286,4,0,0,0,0,0,0,0,0,0,0
8.17286,5,0,0,0,0,0,0,0,0,0,0
8.22643,0,-0.000259725,-0.0442824,2.06689,0,0,0.00145156,2.06728,0,0,0
8.22643,1,2.99974,-0.0442824,2.07313,5.36828e-17,7.74028e-17,-0.0186752,3.64723,0,0,0
8.22643,2,2.99974,2.95572,2.07349,-8.00188e-20,1.78282e-18,0.0189796,0,0,0,0
8.22643,3,0,0,0,0,0,0,0,0,0,0
8.22643,4,0,0,0,0,0,0,0,0,0,0
8.22643,5,0,0,0,0,0,0,0,0,0,0
8.28167,0,-0.000259725,-0.0442824,2.06689,0,0,0.00121327,2.06728,0,0,0
8.28167,1,2.99974,-0.0442824,2.07223,6.57557e-17,3.45294e-17,-0.0176878,3.64617,0,0,0
8.28167,2,2.99974,2.95572,2.07435,2.74274e-19,7.72539e-19,0.0135531,0,0,0,0
8.28167,3,0,0,0,0,0,0,0,0,0,0
8.28167,4,0,0,0,0,0,0,0,0,0,0
8.28167,5,0,0,0,0,0,0,0,0,0,0
8.33184,0,-0.000259725,-0.0442824,2.067,0,0,0.00109793,2.06737,0,0,0
8.33184,1,2.99974,-0.0442824,2.07136,7.03952e-17,8.81375e-18,-0.0167883,3.64617,0,0,0
8.33184,2,2.99974,2.95572,2.07489,4.06106e-19,4.50351e-19,0.00937005,0,0,0,0
8.33184,3,0,0,0,0,0,0,0,0,0,0
8.33184,4,0,0,0,0,0,0,0,0,0,0
8.33184,5,0,0,0,0,0,0,0,0,0,0
8.38203,0,-0.000259725,-0.0442824,2.06704,0,0,0.000937992,2.06737,0,0,0
8.38203,1,2.99974,-0.0442824,2.07058,7.68385e-17,-1.42214e-17,-0.0155921,3.64523,0,0,0
8.38203,2,2.99974,2.95572,2.07519,5.11862e-19,2.35747e-19,0.00478739,0,0,0,0
8.38203,3,0,0,0,0,0,0,0,0,0,0
8.38203,4,0,0,0,0,0,0,0,0,0,0
8.38203,5,0,0,0,0,0,0,0,0,0,0
8.43333,0,-0.000259725,-0.0442824,2.06708,0,0,0.000761233,2.06751,0,0,0
8.43333,1,2.99974,-0.0442824,2.06965,8.75002e-17,-3.40954e-17,-0.0143053,3.64523,0,0,0
8.43333,2,2.99974,2.95572,2.07529,9.1176e-20,5.2227e-20,0.00131226,0,0,0,0
8.43333,3,0,0,0,0,0,0,0,0,0,0
8.43333,4,0,0,0,0,0,0,0,0,0,0
8.43333,5,0,0,0,0,0,0,0,0,0,0
8.48446,0,-0.000259725,-0.0442824,2.0671,0,0,0.000563193,2.06751,0,0,0
8.48446,1,2.99974,-0.0442824,2.06909,9.07462e-17,-3.76734e-17,-0.0132975,3.6447,0,0,0
8.48446,2,2.99974,2.95572,2.07522,4.7529e-20,-7.33199e-20,-0.00218476,0,0,0,0
8.48446,3,0,0,0,0,0,0,0,0,0,0
8.48446,4,0,0,0,0,0,0,0,0,0,0
8.48446,5,0,0,0,0,0,0,0,0,0,0
8.53592,0,-0.000259725,-0.0442824,2.06711,0,0,0.000396788,2.06757,0,0,0
8.53592,1,2.99974,-0.0442824,2.0684,1.03153e-16,-5.85628e-17,-0.0121636,3.6447,0,0,0
8.53592,2,2.99974,2.95572,2.07498,3.47621e-19,3.06494e-19,-0.00580649,0,0,0,0
8.53592,3,0,0,0,0,0,0,0,0,0,0
8.53592,4,0,0,0,0,0,0,0,0,0,0
8.53592,5,0,0,0,0,0,0,0,0,0,0
8.58843,0,-0.000259725,-0.0442824,2.06711,0,0,0.000248425,2.06757,0,0,0
8.58843,1,2.99974,-0.0442824,2.06774,1.05558e-16,-6.48688e-17,-0.0107129,3.64399,0,0,0
8.58843,2,2.99974,2.95572,2.0746,3.90488e-19,8.87978e-19,-0.00824019,0,0,0,0
8.58843,3,0,0,0,0,0,0,0,0,0,0
8.58843,4,0,0,0,0,0,0,0,0,0,0
8.58843,5,0,0,0,0,0,0,0,0,0,0
8.64638,0,-0.000259725,-0.0442824,2.06711,0,0,0.000248425,2.06758,0,0,0
8.64638,1,2.99974,-0.0442824,2.06719,1.08217e-16,-7.08756e-17,-0.00955923,3.64399,0,0,0
8.64638,2,2.99974,2.95572,2.07415,2.13913e-19,1.45818e-18,-0.0105704,0,0,0,0
8.64638,3,0,0,0,0,0,0,0,0,0,0
8.64638,4,0,0,0,0,0,0,0,0,0,0
8.64638,5,0,0,0,0,0,0,0,0,0,0
8.69654,0,-0.000259725,-0.0442824,2.06712,0,0,6.2829e-05,2.06758,0,0,0
8.69654,1,2.99974,-0.0442824,2.06677,1.12333e-16,-7.52757e-17,-0.0085567,3.64331,0,0,0
8.69654,2,2.99974,2.95572,2.07352,1.39956e-19,1.86679e-18,-0.0127677,0,0,0,0
8.69654,3,0,0,0,0,0,0,0,0,0,0
8.69654,4,0,0,0,0,0,0,0,0,0,0
8.69654,5,0,0,0,0,0,0,0,0,0,0
8.75694,0,-0.000259725,-0.0442824,2.06712,0,0,-8.39935e-05,2.06759,0,0,0
8.75694,1,2.99974,-0.0442824,2.06638,1.06346e-16,-6.49945e-17,-0.00736972,3.64331,0,0,0
8.75694,2,2.99974,2.95572,2.0728,-2.87166e-19,1.24601e-18,-0.0144307,0,0,0,0
8.75694,3,0,0,0,0,0,0,0,0,0,0
8.75694,4,0,0,0,0,0,0,0,0,0,0
8.75694,5,0,0,0,0,0,0,0,0,0,0
8.81709,0,-0.000259725,-0.0442824,2.0671,0,0,-0.000328815,2.06759,0,0,0
8.81709,1,2.99974,-0.0442824,2.06605,1.0609e-16,-7.23284e-17,-0.00634613,3.64285,0,0,0
8.81709,2,2.99974,2.95572,2.07118,-5.17686e-19,-1.70666e-19,-0.0168667,0,0,0,0
8.81709,3,0,0,0,0,0,0,0,0,0,0
8.81709,4,0,0,0,0,0,0,0,0,0,0
8.81709,5,0,0,0,0,0,0,0,0,0,0
8.88224,0,-0.000259725,-0.0442824,2.06708,0,0,-0.000428337,2.06757,0,0,0
8.88224,1,2.99974,-0.0442824,2.06576,1.05985e-16,-7.99052e-17,-0.00546006,3.64285,0,0,0
8.88224,2,2.99974,2.95572,2.07118,-5.17686e-19,-1.70666e-19,-0.0168667,0,0,0,0
8.88224,3,0,0,0,0,0,0,0,0,0,0
8.88224,4,0,0,0,0,0,0,0,0,0,0
8.88224,5,0,0,0,0,0,0,0,0,0,0
8.93349,0,-0.000259725,-0.0442824,2.06706,0,0,-0.000531204,2.06757,0,0,0
8.93349,1,2.99974,-0.0442824,2.06551,1.07367e-16,-8.56796e-17,-0.00445888,3.64249,0,0,0
8.93349,2,2.99974,2.95572,2.07021,9.02146e-19,3.90037e-19,-0.0176551,0,0,0,0
8.93349,3,0,0,0,0,0,0,0,0,0,0
8.93349,4,0,0,0,0,0,0,0,0,0,0
8.93349,5,0,0,0,0,0,0,0,0,0,0
8.99494,0,-0.000259725,-0.0442824,2.06703,0,0,-0.000625541,2.06753,0,0,0
8.99494,1,2.99974,-0.0442824,2.0653,9.93363e-17,-7.52194e-17,-0.00359173,3.64249,0,0,0
8.99494,2,2.99974,2.95572,2.0693,2.10014e-18,8.7634e-19,-0.0182332,0,0,0,0
8.99494,3,0,0,0,0,0,0,0,0,0,0
8.99494,4,0,0,0,0,0,0,0,0,0,0
8.99494,5,0,0,0,0,0,0,0,0,0,0
9.04765,0,-0.000259725,-0.0442824,2.06699,0,0,-0.000723142,2.06753,0,0,0
9.04765,1,2.99974,-0.0442824,2.06514,9.75442e-17,-8.26502e-17,-0.00271225,3.64223,0,0,0
9.04765,2,2.99974,2.95572,2.06837,1.93365e-18,9.29398e-19,-0.0184936,0,0,0,0
9.04765,3,0,0,0,0,0,0,0,0,0,0
9.04765,4,0,0,0,0,0,0,0,0,0,0
9.04765,5,0,0,0,0,0,0,0,0,0,0
9.10114,0,-0.000259725,-0.0442824,2.06699,0,0,-0.000723142,2.06746,0,0,0
9.10114,1,2.99974,-0.0442824,2.06501,9.48179e-17,-9.27427e-17,-0.00201649,3.64223,0,0,0
9.10114,2,2.99974,2.95572,2.06741,2.4378e-19,-1.6252e-19,-0.0185327,0,0,0,0
9.10114,3,0,0,0,0,0,0,0,0,0,0
9.10114,4,0,0,0,0,0,0,0,0,0,0
9.10114,5,0,0,0,0,0,0,0,0,0,0
9.15973,0,-0.000259725,-0.0442824,2.06694,0,0,-0.000811552,2.06746,0,0,0
9.15973,1,2.99974,-0.0442824,2.06494,9.36923e-17,-1.00192e-16,-0.00114494,3.64207,0,0,0
9.15973,2,2.99974,2.95572,2.06559,-9.55893e-19,-1.32832e-18,-0.0184032,0,0,0,0
9.15973,3,0,0,0,0,0,0,0,0,0,0
9.15973,4,0,0,0,0,0,0,0,0,0,0
9.15973,5,0,0,0,0,0,0,0,0,0,0
9.20988,0,-0.000259725,-0.0442824,2.06685,0,0,-0.00093368,2.06737,0,0,0
9.20988,1,2.99974,-0.0442824,2.06491,9.39375e-17,-1.05897e-16,-0.000588583,3.64201,0,0,0
9.20988,2,2.99974,2.95572,2.06559,-9.55893e-19,-1.32832e-18,-0.0184032,0,0,0,0
9.20988,3,0,0,0,0,0,0,0,0,0,0
9.20988,4,0,0,0,0,0,0,0,0,0,0
9.20988,5,0,0,0,0,0,0,0,0,0,0
9.27572,0,-0.000259725,-0.0442824,2.06681,0,0,-0.000982509,2.06737,0,0,0
9.27572,1,2.99974,-0.0442824,2.0649,9.41732e-17,-1.11909e-16,2.01794e-05,3.64201,0,0,0
9.27572,2,2.99974,2.95572,2.0648,-1.25933e-18,-1.72218e-18,-0.0178221,0,0,0,0
9.27572,3,0,0,0,0,0,0,0,0,0,0
9.27572,4,0,0,0,0,0,0,0,0,0,0
9.27572,5,0,0,0,0,0,0,0,0,0,0
9.34458,0,-0.000259725,-0.0442824,2.06676,0,0,-0.00101722,2.06728,0,0,0
9.34458,1,2.99974,-0.0442824,2.06492,8.7126e-17,-9.89586e-17,0.000456525,3.64202,0,0,0
9.34458,2,2.99974,2.95572,2.06372,-1.37819e-18,-1.1983e-18,-0.0172049,0,0,0,0
9.34458,3,0,0,0,0,0,0,0,0,0,0
9.34458,4,0,0,0,0,0,0,0,0,0,0
9.34458,5,0,0,0,0,0,0,0,0,0,0
9.3999,0,-0.000259725,-0.0442824,2.06665,0,0,-0.00110425,2.06728,0,0,0
9.3999,1,2.99974,-0.0442824,2.06503,8.04571e-17,-1.16297e-16,0.0012889,3.64202,0,0,0
9.3999,2,2.99974,2.95572,2.06205,-8.67959e-19,4.11418e-19,-0.0157394,0,0,0,0
9.3999,3,0,0,0,0,0,0,0,0,0,0
9.3999,4,0,0,0,0,0,0,0,0,0,0
9.3999,5,0,0,0,0,0,0,0,0,0,0
9.45706,0,-0.000259725,-0.0442824,2.0666,0,0,-0.00113135,2.06712,0,0,0
9.45706,1,2.99974,-0.0442824,2.0651,6.80147e-17,-1.07209e-16,0.00162316,3.64208,0,0,0
9.45706,2,2.99974,2.95572,2.0612,-9.52846e-19,4.70002e-19,-0.0152294,0,0,0,0
9.45706,3,0,0,0,0,0,0,0,0,0,0
9.45706,4,0,0,0,0,0,0,0,0,0,0
9.45706,5,0,0,0,0,0,0,0,0,0,0
9.51502,0,-0.000259725,-0.0442824,2.0666,0,0,-0.00113135,2.06712,0,0,0
9.51502,1,2.99974,-0.0442824,2.06519,5.99212e-17,-9.33251e-17,0.00183556,3.64208,0,0,0
9.51502,2,2.99974,2.95572,2.06057,-1.12202e-18,6.68435e-20,-0.0141559,0,0,0,0
9.51502,3,0,0,0,0,0,0,0,0,0,0
9.51502,4,0,0,0,0,0,0,0,0,0,0
9.51502,5,0,0,0,0,0,0,0,0,0,0
9.5652,0,-0.000259725,-0.0442824,2.06654,0,0,-0.00113245,2.06701,0,0,0
9.5652,1,2.99974,-0.0442824,2.0653,5.12515e-17,-7.90358e-17,0.00208084,3.64217,0,0,0
9.5652,2,2.99974,2.95572,2.06057,-1.12202e-18,6.68435e-20,-0.0141559,4.68835,0,0,0
9.5652,3,0,0,0,0,0,0,0,0,0,0
9.5652,4,0,0,0,0,0,0,0,0,0,0
9.5652,5,0,0,0,0,0,0,0,0,0,0
9.61541,0,-0.000259725,-0.0442824,2.06648,0,0,-0.0011321,2.06701,0,0,0
9.61541,1,2.99974,-0.0442824,2.06542,4.24187e-17,-6.40105e-17,0.00225515,3.64217,0,0,0
9.61541,2,2.99974,2.95572,2.05987,-1.05346e-18,1.39301e-19,-0.0129065,4.68835,0,0,0
9.61541,3,0,0,0,0,0,0,0,0,0,0
9.61541,4,0,0,0,0,0,0,0,0,0,0
9.61541,5,0,0,0,0,0,0,0,0,0,0
9.66581,0,-0.000259725,-0.0442824,2.06642,0,0,-0.00113551,2.06689,0,0,0
9.66581,1,2.99974,-0.0442824,2.06555,4.26318e-17,-3.87856e-17,0.00235657,3.6423,0,0,0
9.66581,2,2.99974,2.95572,2.05863,9.50682e-20,4.49244e-19,-0.0110535,4.68775,0,0,0
9.66581,3,0,0,0,0,0,0,0,0,0,0
9.66581,4,0,0,0,0,0,0,0,0,0,0
9.66581,5,0,0,0,0,0,0,0,0,0,0
9.71595,0,-0.000259725,-0.0442824,2.06635,0,0,-0.00112798,2.06689,0,0,0
9.71595,1,2.99974,-0.0442824,2.06567,4.21737e-17,-3.90992e-17,0.00240995,3.6423,0,0,0
9.71595,2,2.99974,2.95572,2.0581,3.49138e-19,2.83988e-20,-0.00990573,4.68775,0,0,0
9.71595,3,0,0,0,0,0,0,0,0,0,0
9.71595,4,0,0,0,0,0,0,0,0,0,0
9.71595,5,0,0,0,0,0,0,0,0,0,0
9.76658,0,-0.000259725,-0.0442824,2.0663,0,0,-0.00111262,2.06677,0,0,0
9.76658,1,2.99974,-0.0442824,2.06579,3.682e-17,-1.84906e-17,0.00243097,3.64244,0,0,0
9.76658,2,2.99974,2.95572,2.05764,2.1236e-19,6.06742e-20,-0.00899455,4.68727,0,0,0
9.76658,3,0,0,0,0,0,0,0,0,0,0
9.76658,4,0,0,0,0,0,0,0,0,0,0
9.76658,5,0,0,0,0,0,0,0,0,0,0
9.81674,0,-0.000259725,-0.0442824,2.06627,0,0,-0.00109289,2.06677,0,0,0
9.81674,1,2.99974,-0.0442824,2.0659,3.63013e-17,-1.80601e-17,0.00242181,3.64244,0,0,0
9.81674,2,2.99974,2.95572,2.05722,2.52235e-19,-3.22002e-20,-0.0079558,4.68727,0,0,0
9.81674,3,0,0,0,0,0,0,0,0,0,0
9.81674,4,0,0,0,0,0,0,0,0,0,0
9.81674,5,0,0,0,0,0,0,0,0,0,0
9.86838,0,-0.000259725,-0.0442824,2.0662,0,0,-0.00107548,2.06668,0,0,0
9.86838,1,2.99974,-0.0442824,2.06603,3.33032e-17,5.81152e-18,0.00238497,3.64258,0,0,0
9.86838,2,2.99974,2.95572,2.05686,4.30699e-19,-8.25998e-21,-0.00699707,4.68688,0,0,0
9.86838,3,0,0,0,0,0,0,0,0,0,0
9.86838,4,0,0,0,0,0,0,0,0,0,0
9.86838,5,0,0,0,0,0,0,0,0,0,0
9.91855,0,-0.000259725,-0.0442824,2.06615,0,0,-0.00106006,2.06668,0,0,0
9.91855,1,2.99974,-0.0442824,2.06617,2.37708e-17,2.41772e-17,0.00230068,3.64258,0,0,0
9.91855,2,2.99974,2.95572,2.05654,5.11259e-19,-7.17196e-21,-0.00607541,4.68688,0,0,0
9.91855,3,0,0,0,0,0,0,0,0,0,0
9.91855,4,0,0,0,0,0,0,0,0,0,0
9.91855,5,0,0,0,0,0,0,0,0,0,0
9.96873,0,-0.000259725,-0.0442824,2.06605,0,0,-0.00100976,2.06657,0,0,0
9.96873,1,2.99974,-0.0442824,2.06625,2.28417e-17,2.61887e-17,0.00222596,3.64273,0,0,0
9.96873,2,2.99974,2.95572,2.05627,2.22034e-19,-1.10129e-19,-0.00526642,4.68658,0,0,0
9.96873,3,0,0,0,0,0,0,0,0,0,0
9.96873,4,0,0,0,0,0,0,0,0,0,0
9.96873,5,0,0,0,0,0,0,0,0,0,0
10.0189,0,-0.000259725,-0.0442824,2.06605,0,0,-0.00100976,2.06657,0,0,0
10.0189,1,2.99974,-0.0442824,2.06636,1.4999e-17,4.71186e-17,0.00211912,3.64273,0,0,0
10.0189,2,2.99974,2.95572,2.05603,-2.64462e-20,-2.61524e-19,-0.00435609,4.68658,0,0,0
10.0189,3,0,0,0,0,0,0,0,0,0,0
10.0189,4,0,0,0,0,0,0,0,0,0,0
10.0189,5,0,0,0,0,0,0,0,0,0,0
10.0691,0,-0.000259725,-0.0442824,2.066,0,0,-0.000983665,2.06648,0,0,0
10.0691,1,2.99974,-0.0442824,2.06646,1.35978e-17,4.99113e-17,0.00197827,3.64283,0,0,0
10.0691,2,2.99974,2.95572,2.05584,1.85813e-20,-2.21178e-19,-0.00355427,4.68636,0,0,0
10.0691,3,0,0,0,0,0,0,0,0,0,0
10.0691,4,0,0,0,0,0,0,0,0,0,0
10.0691,5,0,0,0,0,0,0,0,0,0,0
10.1226,0,-0.000259725,-0.0442824,2.06596,0,0,-0.00095699,2.06648,0,0,0
10.1226,1,2.99974,-0.0442824,2.06656,1.22468e-17,5.25583e-17,0.00184574,3.64283,0,0,0
10.1226,2,2.99974,2.95572,2.05566,1.09025e-19,-8.02607e-20,-0.00275101,4.68636,0,0,0
10.1226,3,0,0,0,0,0,0,0,0,0,0
10.1226,4,0,0,0,0,0,0,0,0,0,0
10.1226,5,0,0,0,0,0,0,0,0,0,0
10.1729,0,-0.000259725,-0.0442824,2.0659,0,0,-0.000928067,2.06638,0,0,0
10.1729,1,2.99974,-0.0442824,2.06664,1.09176e-17,5.52225e-17,0.00169518,3.64295,0,0,0
10.1729,2,2.99974,2.95572,2.05555,1.15341e-19,1.00447e-20,-0.00205389,4.6862,0,0,0
10.1729,3,0,0,0,0,0,0,0,0,0,0
10.1729,4,0,0,0,0,0,0,0,0,0,0
10.1729,5,0,0,0,0,0,0,0,0,0,0
10.2277,0,-0.000259725,-0.0442824,2.06582,0,0,-0.000873242,2.06638,0,0,0
10.2277,1,2.99974,-0.0442824,2.06672,2.60524e-18,7.67454e-17,0.00154378,3.64295,0,0,0
10.2277,2,2.99974,2.95572,2.05548,8.16892e-20,7.4068e-20,-0.00141223,4.6862,0,0,0
10.2277,3,0,0,0,0,0,0,0,0,0,0
10.2277,4,0,0,0,0,0,0,0,0,0,0
10.2277,5,0,0,0,0,0,0,0,0,0,0
10.2808,0,-0.000259725,-0.0442824,2.06582,0,0,-0.000873242,2.0663,0,0,0
10.2808,1,2.99974,-0.0442824,2.06679,1.0184e-17,6.32941e-17,0.0013907,3.64304,0,0,0
10.2808,2,2.99974,2.95572,2.05543,4.77028e-20,7.12044e-20,-0.000829516,4.68612,0,0,0
10.2808,3,0,0,0,0,0,0,0,0,0,0
10.2808,4,0,0,0,0,0,0,0,0,0,0
10.2808,5,0,0,0,0,0,0,0,0,0,0
10.3309,0,-0.000259725,-0.0442824,2.06577,0,0,-0.000845291,2.0663,0,0,0
10.3309,1,2.99974,-0.0442824,2.06686,9.0382e-18,6.60521e-17,0.0012284,3.64304,0,0,0
10.3309,2,2.99974,2.95572,2.0554,1.30122e-20,3.50564e-20,-0.000302584,4.68612,0,0,0
10.3309,3,0,0,0,0,0,0,0,0,0,0
10.3309,4,0,0,0,0,0,0,0,0,0,0
10.3309,5,0,0,0,0,0,0,0,0,0,0
10.381,0,-0.000259725,-0.0442824,2.06574,0,0,-0.000815605,2.06621,0,0,0
10.381,1,2.99974,-0.0442824,2.06692,7.73163e-18,6.89412e-17,0.00105966,3.64312,0,0,0
10.381,2,2.99974,2.95572,2.05541,-3.97247e-21,-2.02302e-20,0.000218109,4.68608,0,0,0
10.381,3,0,0,0,0,0,0,0,0,0,0
10.381,4,0,0,0,0,0,0,0,0,0,0
10.381,5,0,0,0,0,0,0,0,0,0,0
10.4338,0,-0.000259725,-0.0442824,2.0657,0,0,-0.00078867,2.06621,0,0,0
10.4338,1,2.99974,-0.0442824,2.06696,1.42966e-17,7.94896e-17,0.000898845,3.64312,0,0,0
10.4338,2,2.99974,2.95572,2.05543,-1.45968e-20,-4.39891e-20,0.000588812,4.68608,0,0,0
10.4338,3,0,0,0,0,0,0,0,0,0,0
10.4338,4,0,0,0,0,0,0,0,0,0,0
10.4338,5,0,0,0,0,0,0,0,0,0,0
10.4841,0,-0.000259725,-0.0442824,2.0657,0,0,-0.000758506,2.06617,0,0,0
10.4841,1,2.99974,-0.0442824,2.067,2.21231e-17,6.57985e-17,0.000729296,3.64318,0,0,0
10.4841,2,2.99974,2.95572,2.05547,-2.07093e-20,-3.27341e-20,0.000990329,4.6861,0,0,0
10.4841,3,0,0,0,0,0,0,0,0,0,0
10.4841,4,0,0,0,0,0,0,0,0,0,0
10.4841,5,0,0,0,0,0,0,0,0,0,0
10.5343,0,-0.000259725,-0.0442824,2.06566,0,0,-0.000740347,2.06617,0,0,0
10.5343,1,2.99974,-0.0442824,2.06703,2.7932e-17,7.4626e-17,0.000568914,3.64318,0,0,0
10.5343,2,2.99974,2.95572,2.05553,-2.8948e-20,3.94746e-21,0.00130041,4.6861,0,0,0
10.5343,3,0,0,0,0,0,0,0,0,0,0
10.5343,4,0,0,0,0,0,0,0,0,0,0
10.5343,5,0,0,0,0,0,0,0,0,0,0
10.588,0,-0.000259725,-0.0442824,2.06558,0,0,-0.000735133,2.06606,0,0,0
10.588,1,2.99974,-0.0442824,2.06705,3.64254e-17,6.02443e-17,0.0004153,3.64322,0,0,0
10.588,2,2.99974,2.95572,2.05561,5.79882e-21,8.22378e-20,0.00156298,4.68614,0,0,0
10.588,3,0,0,0,0,0,0,0,0,0,0
10.588,4,0,0,0,0,0,0,0,0,0,0
10.588,5,0,0,0,0,0,0,0,0,0,0
10.6382,0,-0.000259725,-0.0442824,2.06554,0,0,-0.000710242,2.06606,0,0,0
10.6382,1,2.99974,-0.0442824,2.06707,3.6391e-17,6.2229e-17,0.000267181,3.64322,0,0,0
10.6382,2,2.99974,2.95572,2.05569,-4.20178e-21,1.24853e-19,0.00177968,4.68614,0,0,0
10.6382,3,0,0,0,0,0,0,0,0,0,0
10.6382,4,0,0,0,0,0,0,0,0,0,0
10.6382,5,0,0,0,0,0,0,0,0,0,0
10.6891,0,-0.000259725,-0.0442824,2.06555,0,0,-0.000676628,2.06602,0,0,0
10.6891,1,2.99974,-0.0442824,2.06707,3.4856e-17,8.60249e-17,0.000124849,3.64324,0,0,0
10.6891,2,2.99974,2.95572,2.05579,-4.5778e-20,1.10328e-19,0.00195289,4.68621,0,0,0
10.6891,3,0,0,0,0,0,0,0,0,0,0
10.6891,4,0,0,0,0,0,0,0,0,0,0
10.6891,5,0,0,0,0,0,0,0,0,0,0
10.7393,0,-0.000259725,-0.0442824,2.06548,0,0,-0.000658271,2.06602,0,0,0
10.7393,1,2.99974,-0.0442824,2.06707,4.36774e-17,7.17742e-17,-1.05528e-05,3.64324,0,0,0
10.7393,2,2.99974,2.95572,2.05589,-7.8097e-20,-1.89966e-20,0.00208601,4.68621,0,0,0
10.7393,3,0,0,0,0,0,0,0,0,0,0
10.7393,4,0,0,0,0,0,0,0,0,0,0
10.7393,5,0,0,0,0,0,0,0,0,0,0
10.7894,0,-0.000259725,-0.0442824,2.06545,0,0,-0.000648345,2.06595,0,0,0
10.7894,1,2.99974,-0.0442824,2.06707,4.39629e-17,7.38601e-17,-0.000138379,3.64324,0,0,0
10.7894,2,2.99974,2.95572,2.05601,-6.62743e-20,-2.19557e-19,0.00219547,4.6863,0,0,0
10.7894,3,0,0,0,0,0,0,0,0,0,0
10.7894,4,0,0,0,0,0,0,0,0,0,0
10.7894,5,0,0,0,0,0,0,0,0,0,0
10.8396,0,-0.000259725,-0.0442824,2.06542,0,0,-0.000623822,2.06595,0,0,0
10.8396,1,2.99974,-0.0442824,2.06706,5.31185e-17,5.89432e-17,-0.000258164,3.64324,0,0,0
10.8396,2,2.99974,2.95572,2.05613,-8.17589e-20,-2.86346e-19,0.00225493,4.6863,0,0,0
10.8396,3,0,0,0,0,0,0,0,0,0,0
10.8396,4,0,0,0,0,0,0,0,0,0,0
10.8396,5,0,0,0,0,0,0,0,0,0,0
10.8897,0,-0.000259725,-0.0442824,2.06539,0,0,-0.000606082,2.06589,0,0,0
10.8897,1,2.99974,-0.0442824,2.06704,5.3768e-17,6.03745e-17,-0.000369575,3.64323,0,0,0
10.8897,2,2.99974,2.95572,2.05624,-4.99704e-20,-1.67593e-19,0.00227932,4.6864,0,0,0
10.8897,3,0,0,0,0,0,0,0,0,0,0
10.8897,4,0,0,0,0,0,0,0,0,0,0
10.8897,5,0,0,0,0,0,0,0,0,0,0
10.9425,0,-0.000259725,-0.0442824,2.06536,0,0,-0.000585123,2.06583,0,0,0
10.9425,1,2.99974,-0.0442824,2.06702,5.1979e-17,8.5235e-17,-0.000472403,3.64323,0,0,0
10.9425,2,2.99974,2.95572,2.05636,5.41578e-20,-7.48991e-20,0.0022776,4.6864,0,0,0
10.9425,3,0,0,0,0,0,0,0,0,0,0
10.9425,4,0,0,0,0,0,0,0,0,0,0
10.9425,5,0,0,0,0,0,0,0,0,0,0
10.9952,0,-0.000259725,-0.0442824,2.06533,0,0,-0.00057559,2.06583,0,0,0
10.9952,1,2.99974,-0.0442824,2.06699,6.14159e-17,7.05697e-17,-0.000566524,3.64321,0,0,0
10.9952,2,2.99974,2.95572,2.05647,2.2399e-19,-2.88529e-20,0.00225119,4.6865,0,0,0
10.9952,3,0,0,0,0,0,0,0,0,0,0
10.9952,4,0,0,0,0,0,0,0,0,0,0
10.9952,5,0,0,0,0,0,0,0,0,0,0
11.0461,0,-0.000259725,-0.0442824,2.0653,0,0,-0.000561476,2.06577,0,0,0
11.0461,1,2.99974,-0.0442824,2.06696,6.23963e-17,7.2316e-17,-0.000637007,3.64321,0,0,0
11.0461,2,2.99974,2.95572,2.05656,2.23213e-19,-1.52275e-20,0.00220232,4.6865,0,0,0
11.0461,3,0,0,0,0,0,0,0,0,0,0
11.0461,4,0,0,0,0,0,0,0,0,0,0
11.0461,5,0,0,0,0,0,0,0,0,0,0
11.0991,0,-0.000259725,-0.0442824,2.0653,0,0,-0.000552819,2.06577,0,0,0
11.0991,1,2.99974,-0.0442824,2.06692,7.21768e-17,5.61817e-17,-0.000713909,3.64317,0,0,0
11.0991,2,2.99974,2.95572,2.05668,1.30911e-19,-9.35078e-21,0.0021326,4.68659,0,0,0
11.0991,3,0,0,0,0,0,0,0,0,0,0
11.0991,4,0,0,0,0,0,0,0,0,0,0
11.0991,5,0,0,0,0,0,0,0,0,0,0
11.1495,0,-0.000259725,-0.0442824,2.06527,0,0,-0.000544561,2.06574,0,0,0
11.1495,1,2.99974,-0.0442824,2.06687,7.08401e-17,8.05495e-17,-0.000795992,3.64317,0,0,0
11.1495,2,2.99974,2.95572,2.05679,3.69224e-20,-7.93659e-21,0.00204617,4.68659,0,0,0
11.1495,3,0,0,0,0,0,0,0,0,0,0
11.1495,4,0,0,0,0,0,0,0,0,0,0
11.1495,5,0,0,0,0,0,0,0,0,0,0
11.2039,0,-0.000259725,-0.0442824,2.06524,0,0,-0.000544766,2.06574,0,0,0
11.2039,1,2.99974,-0.0442824,2.06684,7.18649e-17,8.24507e-17,-0.000865184,3.64312,0,0,0
11.2039,2,2.99974,2.95572,2.05691,1.93072e-20,4.3523e-20,0.00194045,4.68669,0,0,0
11.2039,3,0,0,0,0,0,0,0,0,0,0
11.2039,4,0,0,0,0,0,0,0,0,0,0
11.2039,5,0,0,0,0,0,0,0,0,0,0
11.2598,0,-0.000259725,-0.0442824,2.06521,0,0,-0.000540466,2.06574,0,0,0
11.2598,1,2.99974,-0.0442824,2.06679,8.22098e-17,6.67486e-17,-0.000905591,3.64312,0,0,0
11.2598,2,2.99974,2.95572,2.057,6.13704e-20,1.06171e-19,0.00181955,4.68669,0,0,0
11.2598,3,0,0,0,0,0,0,0,0,0,0
11.2598,4,0,0,0,0,0,0,0,0,0,0
11.2598,5,0,0,0,0,0,0,0,0,0,0
11.3106,0,-0.000259725,-0.0442824,2.06519,0,0,-0.000536295,2.06569,0,0,0
11.3106,1,2.99974,-0.0442824,2.06674,8.71425e-17,7.1437e-17,-0.00096033,3.64308,0,0,0
11.3106,2,2.99974,2.95572,2.05708,1.09653e-19,9.3134e-20,0.00168887,4.68678,0,0,0
11.3106,3,0,0,0,0,0,0,0,0,0,0
11.3106,4,0,0,0,0,0,0,0,0,0,0
11.3106,5,0,0,0,0,0,0,0,0,0,0
11.3607,0,-0.000259725,-0.0442824,2.06516,0,0,-0.000532353,2.06569,0,0,0
11.3607,1,2.99974,-0.0442824,2.06669,9.73654e-17,5.56991e-17,-0.000991417,3.64308,0,0,0
11.3607,2,2.99974,2.95572,2.05716,9.71115e-20,-4.64895e-21,0.0015315,4.68678,0,0,0
11.3607,3,0,0,0,0,0,0,0,0,0,0
11.3607,4,0,0,0,0,0,0,0,0,0,0
11.3607,5,0,0,0,0,0,0,0,0,0,0
11.4109,0,-0.000259725,-0.0442824,2.06513,0,0,-0.000528706,2.06564,0,0,0
11.4109,1,2.99974,-0.0442824,2.06664,9.92076e-17,5.64091e-17,-0.0010233,3.64302,0,0,0
11.4109,2,2.99974,2.95572,2.05723,8.28953e-20,3.02932e-20,0.00139249,4.68686,0,0,0
11.4109,3,0,0,0,0,0,0,0,0,0,0
11.4109,4,0,0,0,0,0,0,0,0,0,0
11.4109,5,0,0,0,0,0,0,0,0,0,0
11.4612,0,-0.000259725,-0.0442824,2.06508,0,0,-0.000520802,2.06564,0,0,0
11.4612,1,2.99974,-0.0442824,2.06659,1.01087e-16,5.71194e-17,-0.00104548,3.64302,0,0,0
11.4612,2,2.99974,2.95572,2.0573,7.43952e-20,4.59125e-20,0.00126041,4.68686,0,0,0
11.4612,3,0,0,0,0,0,0,0,0,0,0
11.4612,4,0,0,0,0,0,0,0,0,0,0
11.4612,5,0,0,0,0,0,0,0,0,0,0
11.5114,0,-0.000259725,-0.0442824,2.06505,0,0,-0.000512147,2.06555,0,0,0
11.5114,1,2.99974,-0.0442824,2.06653,1.02994e-16,5.78298e-17,-0.00105757,3.64296,0,0,0
11.5114,2,2.99974,2.95572,2.05736,1.04426e-20,2.9463e-20,0.00110575,4.68692,0,0,0
11.5114,3,0,0,0,0,0,0,0,0,0,0
11.5114,4,0,0,0,0,0,0,0,0,0,0
11.5114,5,0,0,0,0,0,0,0,0,0,0
11.5641,0,-0.000259725,-0.0442824,2.06503,0,0,-0.000499097,2.06551,0,0,0
11.5641,1,2.99974,-0.0442824,2.06648,1.04908e-16,5.85452e-17,-0.00107151,3.64296,0,0,0
11.5641,2,2.99974,2.95572,2.0574,-2.29784e-20,5.12468e-21,0.000980258,4.68692,0,0,0
11.5641,3,0,0,0,0,0,0,0,0,0,0
11.5641,4,0,0,0,0,0,0,0,0,0,0
11.5641,5,0,0,0,0,0,0,0,0,0,0
11.6142,0,-0.000259725,-0.0442824,2.065,0,0,-0.000492644,2.06551,0,0,0
11.6142,1,2.99974,-0.0442824,2.06643,1.06816e-16,5.92804e-17,-0.00107674,3.6429,0,0,0
11.6142,2,2.99974,2.95572,2.05745,-3.35116e-20,-7.4165e-21,0.000814406,4.68696,0,0,0
11.6142,3,0,0,0,0,0,0,0,0,0,0
11.6142,4,0,0,0,0,0,0,0,0,0,0
11.6142,5,0,0,0,0,0,0,0,0,0,0
11.6645,0,-0.000259725,-0.0442824,2.06498,0,0,-0.000489102,2.06545,0,0,0
11.6645,1,2.99974,-0.0442824,2.06637,1.08763e-16,6.00044e-17,-0.00107703,3.6429,0,0,0
11.6645,2,2.99974,2.95572,2.05748,-1.89358e-20,4.87568e-21,0.00067236,4.68696,0,0,0
11.6645,3,0,0,0,0,0,0,0,0,0,0
11.6645,4,0,0,0,0,0,0,0,0,0,0
11.6645,5,0,0,0,0,0,0,0,0,0,0
11.7146,0,-0.000259725,-0.0442824,2.06495,0,0,-0.000483259,2.06545,0,0,0
11.7146,1,2.99974,-0.0442824,2.06632,1.10726e-16,6.07525e-17,-0.00107304,3.64284,0,0,0
11.7146,2,2.99974,2.95572,2.05751,-3.6007e-22,2.30445e-20,0.000533781,4.687,0,0,0
11.7146,3,0,0,0,0,0,0,0,0,0,0
11.7146,4,0,0,0,0,0,0,0,0,0,0
11.7146,5,0,0,0,0,0,0,0,0,0,0
11.7702,0,-0.000259725,-0.0442824,2.06493,0,0,-0.000479,2.0654,0,0,0
11.7702,1,2.99974,-0.0442824,2.06625,1.12562e-16,6.14652e-17,-0.00110025,3.64284,0,0,0
11.7702,2,2.99974,2.95572,2.05753,1.30133e-20,3.48195e-20,0.000417112,4.687,0,0,0
11.7702,3,0,0,0,0,0,0,0,0,0,0
11.7702,4,0,0,0,0,0,0,0,0,0,0
11.7702,5,0,0,0,0,0,0,0,0,0,0
11.8208,0,-0.000259725,-0.0442824,2.06491,0,0,-0.000478341,2.0654,0,0,0
11.8208,1,2.99974,-0.0442824,2.0662,1.14479e-16,6.22108e-17,-0.00104673,3.64277,0,0,0
11.8208,2,2.99974,2.95572,2.05755,2.46399e-20,4.07136e-20,0.000285368,4.68702,0,0,0
11.8208,3,0,0,0,0,0,0,0,0,0,0
11.8208,4,0,0,0,0,0,0,0,0,0,0
11.8208,5,0,0,0,0,0,0,0,0,0,0
11.8784,0,-0.000259725,-0.0442824,2.06488,0,0,-0.000472889,2.0654,0,0,0
11.8784,1,2.99974,-0.0442824,2.06615,1.16537e-16,6.29861e-17,-0.00102979,3.64277,0,0,0
11.8784,2,2.99974,2.95572,2.05755,2.46399e-20,4.07136e-20,0.000285368,4.68702,0,0,0
11.8784,3,0,0,0,0,0,0,0,0,0,0
11.8784,4,0,0,0,0,0,0,0,0,0,0
11.8784,5,0,0,0,0,0,0,0,0,0,0
11.9337,0,-0.000259725,-0.0442824,2.06486,0,0,-0.000472305,2.06535,0,0,0
11.9337,1,2.99974,-0.0442824,2.0661,1.18433e-16,6.36864e-17,-0.00104759,3.64272,0,0,0
11.9337,2,2.99974,2.95572,2.05756,2.9722e-21,4.19739e-21,2.69075e-05,4.68703,0,0,0
11.9337,3,0,0,0,0,0,0,0,0,0,0
11.9337,4,0,0,0,0,0,0,0,0,0,0
11.9337,5,0,0,0,0,0,0,0,0,0,0
11.989,0,-0.000259725,-0.0442824,2.06483,0,0,-0.000468913,2.06535,0,0,0
11.989,1,2.99974,-0.0442824,2.06606,1.20332e-16,6.44026e-17,-0.00100053,3.64272,0,0,0
11.989,2,2.99974,2.95572,2.05756,-7.5943e-21,-1.04371e-20,-8.02714e-05,4.68703,0,0,0
11.989,3,0,0,0,0,0,0,0,0,0,0
11.989,4,0,0,0,0,0,0,0,0,0,0
11.989,5,0,0,0,0,0,0,0,0,0,0
12.0493,0,-0.000259725,-0.0442824,2.06481,0,0,-0.000467633,2.06531,0,0,0
12.0493,1,2.99974,-0.0442824,2.066,1.21522e-16,3.86538e-17,-0.000979994,3.64266,0,0,0
12.0493,2,2.99974,2.95572,2.05756,-7.5943e-21,-1.04371e-20,-8.02714e-05,4.68703,0,0,0
12.0493,3,0,0,0,0,0,0,0,0,0,0
12.0493,4,0,0,0,0,0,0,0,0,0,0
12.0493,5,0,0,0,0,0,0,0,0,0,0
12.1096,0,-0.000259725,-0.0442824,2.06478,0,0,-0.000466492,2.06531,0,0,0
12.1096,1,2.99974,-0.0442824,2.06595,1.23603e-16,3.83542e-17,-0.000957895,3.64266,0,0,0
12.1096,2,2.99974,2.95572,2.05755,-3.25065e-21,-8.63558e-21,-0.000194702,4.68703,0,0,0
12.1096,3,0,0,0,0,0,0,0,0,0,0
12.1096,4,0,0,0,0,0,0,0,0,0,0
12.1096,5,0,0,0,0,0,0,0,0,0,0
12.1678,0,-0.000259725,-0.0442824,2.06476,0,0,-0.000465453,2.06526,0,0,0
12.1678,1,2.99974,-0.0442824,2.06589,1.25591e-16,3.80689e-17,-0.000964152,3.6426,0,0,0
12.1678,2,2.99974,2.95572,2.05754,1.76766e-20,3.2051e-21,-0.000287961,4.68703,0,0,0
12.1678,3,0,0,0,0,0,0,0,0,0,0
12.1678,4,0,0,0,0,0,0,0,0,0,0
12.1678,5,0,0,0,0,0,0,0,0,0,0
12.2312,0,-0.000259725,-0.0442824,2.06476,0,0,-0.000469011,2.06526,0,0,0
12.2312,1,2.99974,-0.0442824,2.0659,1.25627e-16,3.80708e-17,-0.000919627,3.6426,0,0,0
12.2312,2,2.99974,2.95572,2.05752,4.47207e-20,1.54973e-20,-0.000375081,4.68703,0,0,0
12.2312,3,0,0,0,0,0,0,0,0,0,0
12.2312,4,0,0,0,0,0,0,0,0,0,0
12.2312,5,0,0,0,0,0,0,0,0,0,0
12.2898,0,-0.000259725,-0.0442824,2.06472,0,0,-0.000475471,2.06524,0,0,0
12.2898,1,2.99974,-0.0442824,2.0658,1.2995e-16,3.74349e-17,-0.00090611,3.64257,0,0,0
12.2898,2,2.99974,2.95572,2.0575,6.66018e-20,1.19424e-20,-0.000453944,4.68701,0,0,0
12.2898,3,0,0,0,0,0,0,0,0,0,0
12.2898,4,0,0,0,0,0,0,0,0,0,0
12.2898,5,0,0,0,0,0,0,0,0,0,0
12.34,0,-0.000259725,-0.0442824,2.06469,0,0,-0.000481126,2.06517,0,0,0
12.34,1,2.99974,-0.0442824,2.06576,1.31858e-16,3.71432e-17,-0.000875926,3.64257,0,0,0
12.34,2,2.99974,2.95572,2.05747,5.13448e-20,-2.52734e-20,-0.00052584,4.68701,0,0,0
12.34,3,0,0,0,0,0,0,0,0,0,0
12.34,4,0,0,0,0,0,0,0,0,0,0
12.34,5,0,0,0,0,0,0,0,0,0,0
12.3984,0,-0.000259725,-0.0442824,2.06467,0,0,-0.000478508,2.06517,0,0,0
12.3984,1,2.99974,-0.0442824,2.06571,1.33843e-16,3.68468e-17,-0.00086551,3.64249,0,0,0
12.3984,2,2.99974,2.95572,2.05744,4.5434e-20,-4.62293e-20,-0.000589522,4.68699,0,0,0
12.3984,3,0,0,0,0,0,0,0,0,0,0
12.3984,4,0,0,0,0,0,0,0,0,0,0
12.3984,5,0,0,0,0,0,0,0,0,0,0
12.4607,0,-0.000259725,-0.0442824,2.06464,0,0,-0.000475961,2.06517,0,0,0
12.4607,1,2.99974,-0.0442824,2.06567,1.35737e-16,3.65715e-17,-0.000802846,3.64249,0,0,0
12.4607,2,2.99974,2.95572,2.05741,4.97411e-20,-2.4759e-20,-0.000661327,4.68699,0,0,0
12.4607,3,0,0,0,0,0,0,0,0,0,0
12.4607,4,0,0,0,0,0,0,0,0,0,0
12.4607,5,0,0,0,0,0,0,0,0,0,0
12.5184,0,-0.000259725,-0.0442824,2.06462,0,0,-0.000474029,2.06512,0,0,0
12.5184,1,2.99974,-0.0442824,2.06563,1.4254e-16,1.53731e-17,-0.000773238,3.64244,0,0,0
12.5184,2,2.99974,2.95572,2.05737,3.82384e-20,6.60911e-21,-0.000699827,4.68696,0,0,0
12.5184,3,0,0,0,0,0,0,0,0,0,0
12.5184,4,0,0,0,0,0,0,0,0,0,0
12.5184,5,0,0,0,0,0,0,0,0,0,0
12.5763,0,-0.000259725,-0.0442824,2.0646,0,0,-0.000473023,2.06507,0,0,0
12.5763,1,2.99974,-0.0442824,2.06559,1.4471e-16,1.42551e-17,-0.000763743,3.64244,0,0,0
12.5763,2,2.99974,2.95572,2.05734,-2.0602e-20,5.86844e-21,-0.000740389,4.68696,0,0,0
12.5763,3,0,0,0,0,0,0,0,0,0,0
12.5763,4,0,0,0,0,0,0,0,0,0,0
12.5763,5,0,0,0,0,0,0,0,0,0,0
12.6365,0,-0.000259725,-0.0442824,2.0646,0,0,-0.000475208,2.06507,0,0,0
12.6365,1,2.99974,-0.0442824,2.06556,1.46787e-16,1.31879e-17,-0.000727078,3.6424,0,0,0
12.6365,2,2.99974,2.95572,2.0573,-4.5144e-20,-1.16417e-21,-0.000767026,4.68692,0,0,0
12.6365,3,0,0,0,0,0,0,0,0,0,0
12.6365,4,0,0,0,0,0,0,0,0,0,0
12.6365,5,0,0,0,0,0,0,0,0,0,0
12.6942,0,-0.000259725,-0.0442824,2.06457,0,0,-0.000476596,2.06505,0,0,0
12.6942,1,2.99974,-0.0442824,2.06552,1.48915e-16,1.21206e-17,-0.000702799,3.6424,0,0,0
12.6942,2,2.99974,2.95572,2.05722,-3.59454e-20,8.98634e-21,-0.000832604,4.68692,0,0,0
12.6942,3,0,0,0,0,0,0,0,0,0,0
12.6942,4,0,0,0,0,0,0,0,0,0,0
12.6942,5,0,0,0,0,0,0,0,0,0,0
12.747,0,-0.000259725,-0.0442824,2.06452,0,0,-0.000491012,2.06505,0,0,0
12.747,1,2.99974,-0.0442824,2.06549,1.47069e-16,7.09956e-18,-0.000682097,3.64236,0,0,0
12.747,2,2.99974,2.95572,2.05717,-3.73071e-20,7.14695e-22,-0.000847591,4.68688,0,0,0
12.747,3,0,0,0,0,0,0,0,0,0,0
12.747,4,0,0,0,0,0,0,0,0,0,0
12.747,5,0,0,0,0,0,0,0,0,0,0
12.8027,0,-0.000259725,-0.0442824,2.06449,0,0,-0.000490745,2.06497,0,0,0
12.8027,1,2.99974,-0.0442824,2.06546,1.58153e-16,-1.17681e-17,-0.000655915,3.64236,0,0,0
12.8027,2,2.99974,2.95572,2.05717,-3.73071e-20,7.14695e-22,-0.000847591,4.68688,0,0,0
12.8027,3,0,0,0,0,0,0,0,0,0,0
12.8027,4,0,0,0,0,0,0,0,0,0,0
12.8027,5,0,0,0,0,0,0,0,0,0,0
12.8555,0,-0.000259725,-0.0442824,2.06447,0,0,-0.000485921,2.06497,0,0,0
12.8555,1,2.99974,-0.0442824,2.06542,1.60406e-16,-1.36184e-17,-0.000649024,3.64232,0,0,0
12.8555,2,2.99974,2.95572,2.05713,-2.64845e-20,-3.37208e-20,-0.000858177,4.68686,0,0,0
12.8555,3,0,0,0,0,0,0,0,0,0,0
12.8555,4,0,0,0,0,0,0,0,0,0,0
12.8555,5,0,0,0,0,0,0,0,0,0,0
12.914,0,-0.000259725,-0.0442824,2.06445,0,0,-0.000479242,2.06492,0,0,0
12.914,1,2.99974,-0.0442824,2.06539,1.6271e-16,-1.54666e-17,-0.000620256,3.64232,0,0,0
12.914,2,2.99974,2.95572,2.05703,6.70226e-21,-6.44e-20,-0.000863971,4.68686,0,0,0
12.914,3,0,0,0,0,0,0,0,0,0,0
12.914,4,0,0,0,0,0,0,0,0,0,0
12.914,5,0,0,0,0,0,0,0,0,0,0
12.9694,0,-0.000259725,-0.0442824,2.06442,0,0,-0.000477619,2.06492,0,0,0
12.9694,1,2.99974,-0.0442824,2.06536,1.6912e-16,-3.9119e-17,-0.000610896,3.64229,0,0,0
12.9694,2,2.99974,2.95572,2.05703,6.70226e-21,-6.44e-20,-0.000863971,4.6868,0,0,0
12.9694,3,0,0,0,0,0,0,0,0,0,0
12.9694,4,0,0,0,0,0,0,0,0,0,0
12.9694,5,0,0,0,0,0,0,0,0,0,0
13.0246,0,-0.000259725,-0.0442824,2.0644,0,0,-0.000476711,2.06487,0,0,0
13.0246,1,2.99974,-0.0442824,2.06532,1.71563e-16,-4.17968e-17,-0.000594487,3.64229,0,0,0
13.0246,2,2.99974,2.95572,2.05699,2.23903e-20,-1.51677e-20,-0.000856574,4.6868,0,0,0
13.0246,3,0,0,0,0,0,0,0,0,0,0
13.0246,4,0,0,0,0,0,0,0,0,0,0
13.0246,5,0,0,0,0,0,0,0,0,0,0
13.0975,0,-0.000259725,-0.0442824,2.06437,0,0,-0.000474573,2.06487,0,0,0
13.0975,1,2.99974,-0.0442824,2.06529,1.81015e-16,-3.74717e-17,-0.000578577,3.64225,0,0,0
13.0975,2,2.99974,2.95572,2.05696,1.35391e-20,1.18107e-20,-0.000854077,4.68678,0,0,0
13.0975,3,0,0,0,0,0,0,0,0,0,0
13.0975,4,0,0,0,0,0,0,0,0,0,0
13.0975,5,0,0,0,0,0,0,0,0,0,0
13.1597,0,-0.000259725,-0.0442824,2.06435,0,0,-0.000472097,2.06483,0,0,0
13.1597,1,2.99974,-0.0442824,2.06529,1.81015e-16,-3.74717e-17,-0.000578577,3.64225,0,0,0
13.1597,2,2.99974,2.95572,2.05691,1.74417e-20,4.04136e-20,-0.00084085,4.68678,0,0,0
13.1597,3,0,0,0,0,0,0,0,0,0,0
13.1597,4,0,0,0,0,0,0,0,0,0,0
13.1597,5,0,0,0,0,0,0,0,0,0,0
13.2199,0,-0.000259725,-0.0442824,2.06433,0,0,-0.000470439,2.06483,0,0,0
13.2199,1,2.99974,-0.0442824,2.06527,1.74283e-16,-2.24662e-17,-0.000561114,3.64222,0,0,0
13.2199,2,2.99974,2.95572,2.05686,2.61474e-20,4.5897e-20,-0.000824719,4.68674,0,0,0
13.2199,3,0,0,0,0,0,0,0,0,0,0
13.2199,4,0,0,0,0,0,0,0,0,0,0
13.2199,5,0,0,0,0,0,0,0,0,0,0
13.2753,0,-0.000259725,-0.0442824,2.0643,0,0,-0.000469529,2.06478,0,0,0
13.2753,1,2.99974,-0.0442824,2.06524,1.76758e-16,-2.43301e-17,-0.000544824,3.64222,0,0,0
13.2753,2,2.99974,2.95572,2.05682,5.24566e-20,3.3605e-20,-0.000810036,4.68674,0,0,0
13.2753,3,0,0,0,0,0,0,0,0,0,0
13.2753,4,0,0,0,0,0,0,0,0,0,0
13.2753,5,0,0,0,0,0,0,0,0,0,0
13.338,0,-0.000259725,-0.0442824,2.06428,0,0,-0.000468197,2.06478,0,0,0
13.338,1,2.99974,-0.0442824,2.06522,1.79238e-16,-2.62016e-17,-0.0005367,3.6422,0,0,0
13.338,2,2.99974,2.95572,2.05674,2.09097e-20,2.71052e-20,-0.000765365,4.68671,0,0,0
13.338,3,0,0,0,0,0,0,0,0,0,0
13.338,4,0,0,0,0,0,0,0,0,0,0
13.338,5,0,0,0,0,0,0,0,0,0,0
13.3958,0,-0.000259725,-0.0442824,2.06426,0,0,-0.000466435,2.06474,0,0,0
13.3958,1,2.99974,-0.0442824,2.06516,1.83225e-16,-3.63452e-18,-0.000517569,3.64217,0,0,0
13.3958,2,2.99974,2.95572,2.0567,4.06648e-20,3.71506e-20,-0.000744234,4.68667,0,0,0
13.3958,3,0,0,0,0,0,0,0,0,0,0
13.3958,4,0,0,0,0,0,0,0,0,0,0
13.3958,5,0,0,0,0,0,0,0,0,0,0
13.4611,0,-0.000259725,-0.0442824,2.06423,0,0,-0.000465666,2.06474,0,0,0
13.4611,1,2.99974,-0.0442824,2.06516,1.83225e-16,-3.63452e-18,-0.000517569,3.64217,0,0,0
13.4611,2,2.99974,2.95572,2.05667,5.44015e-20,5.88125e-20,-0.000726547,4.68667,0,0,0
13.4611,3,0,0,0,0,0,0,0,0,0,0
13.4611,4,0,0,0,0,0,0,0,0,0,0
13.4611,5,0,0,0,0,0,0,0,0,0,0
13.5244,0,-0.000259725,-0.0442824,2.06421,0,0,-0.000463726,2.06468,0,0,0
13.5244,1,2.99974,-0.0442824,2.06514,1.78867e-16,1.47295e-17,-0.000513064,3.64214,0,0,0
13.5244,2,2.99974,2.95572,2.05667,5.44015e-20,5.88125e-20,-0.000726547,21.7428,0,0,0
13.5244,3,0,0,0,0,0,0,0,0,0,0
13.5244,4,0,0,0,0,0,0,0,0,0,0
13.5244,5,0,0,0,0,0,0,0,0,0,0
13.578,0,-0.000259725,-0.0442824,2.06419,0,0,-0.000459737,2.06468,0,0,0
13.578,1,2.99974,-0.0442824,2.06511,1.81176e-16,1.46221e-17,-0.0005064,3.64214,0,0,0
13.578,2,2.99974,2.95572,2.05664,5.11531e-20,4.02341e-20,-0.000703769,21.7428,0,0,0
13.578,3,0,0,0,0,0,0,0,0,0,0
13.578,4,0,0,0,0,0,0,0,0,0,0
13.578,5,0,0,0,0,0,0,0,0,0,0
13.646,0,-0.000259725,-0.0442824,2.06415,0,0,-0.000455125,2.06466,0,0,0
13.646,1,2.99974,-0.0442824,2.06508,1.8425e-16,1.44668e-17,-0.000502467,3.64211,0,0,0
13.646,2,2.99974,2.95572,2.05659,1.02032e-20,-3.03805e-20,-0.000679804,21.7428,0,0,0
13.646,3,0,0,0,0,0,0,0,0,0,0
13.646,4,0,0,0,0,0,0,0,0,0,0
13.646,5,0,0,0,0,0,0,0,0,0,0
13.7062,0,-0.000259725,-0.0442824,2.06413,0,0,-0.000453021,2.06466,0,0,0
13.7062,1,2.99974,-0.0442824,2.06508,1.8425e-16,1.44668e-17,-0.000502467,3.64211,0,0,0
13.7062,2,2.99974,2.95572,2.05654,1.83278e-20,-3.49481e-20,-0.000675027,21.7428,0,0,0
13.7062,3,0,0,0,0,0,0,0,0,0,0
13.7062,4,0,0,0,0,0,0,0,0,0,0
13.7062,5,0,0,0,0,0,0,0,0,0,0
13.7673,0,-0.000259725,-0.0442824,2.06411,0,0,-0.000449835,2.06459,0,0,0
13.7673,1,2.99974,-0.0442824,2.06505,1.86307e-16,1.43499e-17,-0.000496992,3.64209,0,0,0
13.7673,2,2.99974,2.95572,2.0565,3.16687e-20,-1.49093e-20,-0.000645316,21.7428,0,0,0
13.7673,3,0,0,0,0,0,0,0,0,0,0
13.7673,4,0,0,0,0,0,0,0,0,0,0
13.7673,5,0,0,0,0,0,0,0,0,0,0
13.8397,0,-0.000259725,-0.0442824,2.06409,0,0,-0.000447648,2.06459,0,0,0
13.8397,1,2.99974,-0.0442824,2.06504,1.98619e-16,2.4493e-17,-0.000495949,3.64209,0,0,0
13.8397,2,2.99974,2.95572,2.05647,3.42253e-20,9.30598e-22,-0.000613134,21.7427,0,0,0
13.8397,3,0,0,0,0,0,0,0,0,0,0
13.8397,4,0,0,0,0,0,0,0,0,0,0
13.8397,5,0,0,0,0,0,0,0,0,0,0
13.8949,0,-0.000259725,-0.0442824,2.06407,0,0,-0.000446446,2.06455,0,0,0
13.8949,1,2.99974,-0.0442824,2.06498,1.95842e-16,4.43995e-17,-0.00049405,3.64205,0,0,0
13.8949,2,2.99974,2.95572,2.05645,1.82686e-20,-8.83963e-21,-0.000582408,21.7427,0,0,0
13.8949,3,0,0,0,0,0,0,0,0,0,0
13.8949,4,0,0,0,0,0,0,0,0,0,0
13.8949,5,0,0,0,0,0,0,0,0,0,0
13.9576,0,-0.000259725,-0.0442824,2.06406,0,0,-0.000445129,2.06455,0,0,0
13.9576,1,2.99974,-0.0442824,2.06494,1.98842e-16,4.57671e-17,-0.000489241,3.64205,0,0,0
13.9576,2,2.99974,2.95572,2.05642,1.02605e-20,-1.22942e-20,-0.000548129,21.7427,0,0,0
13.9576,3,0,0,0,0,0,0,0,0,0,0
13.9576,4,0,0,0,0,0,0,0,0,0,0
13.9576,5,0,0,0,0,0,0,0,0,0,0
14.0165,0,-0.000259725,-0.0442824,2.06402,0,0,-0.000446267,2.0645,0,0,0
14.0165,1,2.99974,-0.0442824,2.06494,1.98858e-16,4.57847e-17,-0.000493242,3.64203,0,0,0
14.0165,2,2.99974,2.95572,2.0564,2.18761e-20,7.00035e-21,-0.000518878,21.7427,0,0,0
14.0165,3,0,0,0,0,0,0,0,0,0,0
14.0165,4,0,0,0,0,0,0,0,0,0,0
14.0165,5,0,0,0,0,0,0,0,0,0,0
14.0673,0,-0.000259725,-0.0442824,2.06399,0,0,-0.00045112,2.0645,0,0,0
14.0673,1,2.99974,-0.0442824,2.06491,2.10085e-16,2.97048e-17,-0.000482199,3.64203,0,0,0
14.0673,2,2.99974,2.95572,2.05637,8.27766e-21,4.65618e-21,-0.000511295,21.7427,0,0,0
14.0673,3,0,0,0,0,0,0,0,0,0,0
14.0673,4,0,0,0,0,0,0,0,0,0,0
14.0673,5,0,0,0,0,0,0,0,0,0,0
14.1203,0,-0.000259725,-0.0442824,2.06397,0,0,-0.000444295,2.06447,0,0,0
14.1203,1,2.99974,-0.0442824,2.06488,2.1281e-16,3.0061e-17,-0.000489246,3.642,0,0,0
14.1203,2,2.99974,2.95572,2.05635,-4.34992e-20,-1.0793e-20,-0.000484847,21.7427,0,0,0
14.1203,3,0,0,0,0,0,0,0,0,0,0
14.1203,4,0,0,0,0,0,0,0,0,0,0
14.1203,5,0,0,0,0,0,0,0,0,0,0
14.1731,0,-0.000259725,-0.0442824,2.06395,0,0,-0.000439559,2.06447,0,0,0
14.1731,1,2.99974,-0.0442824,2.06483,2.0991e-16,2.26565e-17,-0.000488428,3.642,0,0,0
14.1731,2,2.99974,2.95572,2.05633,-5.69999e-20,-2.18032e-20,-0.000461741,21.7427,0,0,0
14.1731,3,0,0,0,0,0,0,0,0,0,0
14.1731,4,0,0,0,0,0,0,0,0,0,0
14.1731,5,0,0,0,0,0,0,0,0,0,0
14.2359,0,-0.000259725,-0.0442824,2.06395,0,0,-0.000439559,2.06442,0,0,0
14.2359,1,2.99974,-0.0442824,2.06481,2.21472e-16,5.0749e-18,-0.000487813,3.64195,0,0,0
14.2359,2,2.99974,2.95572,2.0563,-3.37246e-20,-1.59276e-20,-0.000443411,21.7427,0,0,0
14.2359,3,0,0,0,0,0,0,0,0,0,0
14.2359,4,0,0,0,0,0,0,0,0,0,0
14.2359,5,0,0,0,0,0,0,0,0,0,0
14.2886,0,-0.000259725,-0.0442824,2.06393,0,0,-0.000435244,2.06442,0,0,0
14.2886,1,2.99974,-0.0442824,2.06478,2.22199e-16,2.65376e-18,-0.000479118,3.64195,0,0,0
14.2886,2,2.99974,2.95572,2.05628,-2.48519e-20,2.88975e-21,-0.000428387,21.7426,0,0,0
14.2886,3,0,0,0,0,0,0,0,0,0,0
14.2886,4,0,0,0,0,0,0,0,0,0,0
14.2886,5,0,0,0,0,0,0,0,0,0,0
14.3493,0,-0.000259725,-0.0442824,2.06391,0,0,-0.000431902,2.06438,0,0,0
14.3493,1,2.99974,-0.0442824,2.06476,2.34032e-16,-1.57716e-17,-0.000474298,3.64193,0,0,0
14.3493,2,2.99974,2.95572,2.05626,-1.34972e-20,2.9499e-20,-0.000412551,21.7426,0,0,0
14.3493,3,0,0,0,0,0,0,0,0,0,0
14.3493,4,0,0,0,0,0,0,0,0,0,0
14.3493,5,0,0,0,0,0,0,0,0,0,0
14.4191,0,-0.000259725,-0.0442824,2.06388,0,0,-0.000431297,2.06438,0,0,0
14.4191,1,2.99974,-0.0442824,2.06473,2.36831e-16,-1.70998e-17,-0.000470835,3.64193,0,0,0
14.4191,2,2.99974,2.95572,2.05624,-2.28923e-21,4.45726e-20,-0.00039925,21.7426,0,0,0
14.4191,3,0,0,0,0,0,0,0,0,0,0
14.4191,4,0,0,0,0,0,0,0,0,0,0
14.4191,5,0,0,0,0,0,0,0,0,0,0
14.4869,0,-0.000259725,-0.0442824,2.06386,0,0,-0.000429687,2.06433,0,0,0
14.4869,1,2.99974,-0.0442824,2.06471,2.3694e-16,-2.17235e-17,-0.00046784,16.9254,0,0,0
14.4869,2,2.99974,2.95572,2.05622,6.81151e-21,3.14123e-20,-0.000392141,21.7426,0,0,0
14.4869,3,0,0,0,0,0,0,0,0,0,0
14.4869,4,0,0,0,0,0,0,0,0,0,0
14.4869,5,0,0,0,0,0,0,0,0,0,0
14.5472,0,-0.000259725,-0.0442824,2.06382,0,0,-0.000425706,2.06433,0,0,0
14.5472,1,2.99974,-0.0442824,2.06469,2.47761e-16,-4.14066e-17,-0.000466744,16.9254,0,0,0
14.5472,2,2.99974,2.95572,2.0562,1.07612e-20,1.57279e-20,-0.00037758,21.7426,0,0,0
14.5472,3,0,0,0,0,0,0,0,0,0,0
14.5472,4,0,0,0,0,0,0,0,0,0,0
14.5472,5,0,0,0,0,0,0,0,0,0,0
14.6102,0,-0.000259725,-0.0442824,2.0638,0,0,-0.000424884,2.06428,0,0,0
14.6102,1,2.99974,-0.0442824,2.06467,2.50912e-16,-4.36362e-17,-0.000463945,16.9254,0,0,0
14.6102,2,2.99974,2.95572,2.05618,1.79669e-20,2.03212e-20,-0.000367375,21.7426,0,0,0
14.6102,3,0,0,0,0,0,0,0,0,0,0
14.6102,4,0,0,0,0,0,0,0,0,0,0
14.6102,5,0,0,0,0,0,0,0,0,0,0
14.6706,0,-0.000259725,-0.0442824,2.06381,0,0,-0.000424453,2.06428,0,0,0
14.6706,1,2.99974,-0.0442824,2.06464,2.63134e-16,-6.35667e-17,-0.000461898,16.9254,0,0,0
14.6706,2,2.99974,2.95572,2.05616,2.26459e-20,1.68175e-20,-0.000360012,21.7426,0,0,0
14.6706,3,0,0,0,0,0,0,0,0,0,0
14.6706,4,0,0,0,0,0,0,0,0,0,0
14.6706,5,0,0,0,0,0,0,0,0,0,0
14.7432,0,-0.000259725,-0.0442824,2.06379,0,0,-0.000417825,13.534,0,0,0
14.7432,1,2.99974,-0.0442824,2.06461,2.66804e-16,-6.6594e-17,-0.000462678,12.5135,0,0,0
14.7432,2,2.99974,2.95572,2.05614,2.42691e-20,2.2838e-20,-0.000353585,20.8925,0,0,0
14.7432,3,0,0,0,0,0,0,0,0,0,0
14.7432,4,0,0,0,0,0,0,0,0,0,0
14.7432,5,0,0,0,0,0,0,0,0,0,0
14.803,0,-0.000259725,-0.0442824,2.06374,0,0,-0.000412215,13.534,0,0,0
14.803,1,2.99974,-0.0442824,2.06461,2.66814e-16,-6.65802e-17,-0.000466691,12.5135,0,0,0
14.803,2,2.99974,2.95572,2.05611,2.41637e-20,3.65346e-20,-0.000342786,20.8925,0,0,0
14.803,3,0,0,0,0,0,0,0,0,0,0
14.803,4,0,0,0,0,0,0,0,0,0,0
14.803,5,0,0,0,0,0,0,0,0,0,0
14.8658,0,-0.000259725,-0.0442824,2.06374,0,0,-0.000422202,14.376,0,0,0
14.8658,1,2.99974,-0.0442824,2.06456,2.51201e-16,-6.93471e-17,-0.00046348,12.9249,0,0,0
14.8658,2,2.99974,2.95572,2.05611,2.41637e-20,3.65346e-20,-0.000342786,20.6256,0,0,0
14.8658,3,0,0,0,0,0,0,0,0,0,0
14.8658,4,0,0,0,0,0,0,0,0,0,0
14.8658,5,0,0,0,0,0,0,0,0,0,0
14.9337,0,-0.000259725,-0.0442824,2.0637,-1.20303e-06,1.20372e-06,-0.000426759,14.376,0,0,0
14.9337,1,2.99974,-0.0442824,2.0646,-7.78882e-07,7.79176e-07,0.000222757,12.9249,0,0,0
14.9337,2,2.99974,2.95572,2.05609,2.58079e-20,3.56341e-20,-0.000334867,20.6256,0,0,0
14.9337,3,0,0,0,0,0,0,0,0,0,0
14.9337,4,0,0,0,0,0,0,0,0,0,0
14.9337,5,0,0,0,0,0,0,0,0,0,0
14.9909,0,-0.00025993,-0.0442821,2.06387,0.000115979,-0.000116022,0.00797955,14.8802,0,0,0
14.9909,1,2.99974,-0.0442854,2.06548,-0.000158383,0.000158446,0.010899,13.3294,0,0,0
14.9909,2,2.99974,2.95572,2.05608,2.05633e-20,9.75223e-21,-0.000330447,20.6256,0,0,0
14.9909,3,0,0,0,0,0,0,0,0,0,0
14.9909,4,0,0,0,0,0,0,0,0,0,0
14.9909,5,0,0,0,0,0,0,0,0,0,0
15.0644,0,-0.000483953,-0.0440579,2.06549,0.000528531,-0.000529938,0.0396498,14.8802,0,0,0
15.0644,1,2.99992,-0.044462,2.06607,-0.000413203,0.000414753,0.0300026,13.3294,0,0,0
15.0644,2,2.99974,2.95572,2.05603,-4.39238e-20,-1.87625e-20,-0.000321551,20.6256,0,0,0
15.0644,3,0,0,0,0,0,0,0,0,0,0
15.0644,4,0,0,0,0,0,0,0,0,0,0
15.0644,5,0,0,0,0,0,0,0,0,0,0
15.1214,0,-0.00104268,-0.0434981,2.06812,0.001585,-0.00159045,0.0720902,14.879,0,0,0
15.1214,1,3.00052,-0.0450658,2.07306,-0.0021683,0.00217524,0.0686821,13.3285,0,0,0
15.1214,2,2.99974,2.95572,2.05603,-4.39238e-20,-1.87625e-20,-0.000321551,20.6255,0,0,0
15.1214,3,0,0,0,0,0,0,0,0,0,0
15.1214,4,0,0,0,0,0,0,0,0,0,0
15.1214,5,0,0,0,0,0,0,0,0,0,0
15.1791,0,-0.00272631,-0.0418108,2.07353,0.00133943,-0.00135006,0.115395,14.879,0,0,0
15.1791,1,3.00236,-0.0469054,2.07417,-0.000992233,0.0010056,0.111942,13.3285,0,0,0
15.1791,2,2.99974,2.95572,2.05602,-5.91613e-20,-3.20947e-22,-0.000317189,20.6255,0,0,0
15.1791,3,0,0,0,0,0,0,0,0,0,0
15.1791,4,0,0,0,0,0,0,0,0,0,0
15.1791,5,0,0,0,0,0,0,0,0,0,0
15.2427,0,-0.00712484,-0.0374029,2.08141,-0.00422655,0.00418018,0.166638,14.8721,0,0,0
15.2427,1,3.00708,-0.0516417,2.08956,0.00233848,-0.00230066,0.167172,13.4327,0,0,0
15.2427,2,2.99974,2.95572,2.056,-4.43233e-20,5.01975e-21,-0.000316658,20.7579,0,0,0
15.2427,3,0,0,0,0,0,0,0,0,0,0
15.2427,4,0,0,0,0,0,0,0,0,0,0
15.2427,5,0,0,0,0,0,0,0,0,0,0
15.296,0,-0.0142449,-0.0302543,2.10143,-0.00600694,0.00596722,0.236748,14.8721,0,0,0
15.296,1,3.01426,-0.0588296,2.10311,0.0107066,-0.0105364,0.209786,13.4327,0,0,0
15.296,2,2.99974,2.95572,2.05597,-2.12763e-20,1.14565e-20,-0.000313059,20.7579,0,0,0
15.296,3,0,0,0,0,0,0,0,0,0,0
15.296,4,0,0,0,0,0,0,0,0,0,0
15.296,5,0,0,0,0,0,0,0,0,0,0
15.3572,0,-0.0259208,-0.0140931,2.10546,-0.0359734,0.0355063,0.309595,14.8437,0,0,0
15.3572,1,3.03751,-0.0821332,2.11995,0.0705961,-0.0695891,0.296336,13.4049,0,0,0
15.3572,2,2.99974,2.95572,2.05595,-5.38095e-21,-3.12095e-21,-0.000319076,20.7579,0,0,0
15.3572,3,0,0,0,0,0,0,0,0,0,0
15.3572,4,0,0,0,0,0,0,0,0,0,0
15.3572,5,0,0,0,0,0,0,0,0,0,0
15.4126,0,-0.0473587,0.00295035,2.14108,-0.058184,0.0572711,0.39819,14.8437,0,0,0
15.4126,1,3.04349,-0.0881517,2.13934,0.0563437,-0.0553446,0.372119,13.4049,0,0,0
15.4126,2,2.99974,2.95572,2.05595,-6.81416e-21,-1.13569e-20,-0.000320684,20.7579,0,0,0
15.4126,3,0,0,0,0,0,0,0,0,0,0
15.4126,4,0,0,0,0,0,0,0,0,0,0
15.4126,5,0,0,0,0,0,0,0,0,0,0
15.468,0,-0.0692805,0.0249316,2.16246,-0.0931357,0.0916451,0.481314,15.1936,0,0,0
15.468,1,3.07002,-0.114757,2.15417,0.107449,-0.104969,0.470905,13.4661,0,0,0
15.468,2,2.99974,2.95572,2.05594,3.34592e-21,-1.06853e-20,-0.000320007,21.029,0,0,0
15.468,3,0,0,0,0,0,0,0,0,0,0
15.468,4,0,0,0,0,0,0,0,0,0,0
15.468,5,0,0,0,0,0,0,0,0,0,0
15.5262,0,-0.0988005,0.0545033,2.18456,-0.138842,0.134393,0.577355,15.1936,0,0,0
15.5262,1,3.08545,-0.130224,2.15928,0.153604,-0.149217,0.517607,13.4661,0,0,0
15.5262,2,2.99974,2.95572,2.0559,1.19783e-20,-1.1325e-20,-0.000322856,21.029,0,0,0
15.5262,3,0,0,0,0,0,0,0,0,0,0
15.5262,4,0,0,0,0,0,0,0,0,0,0
15.5262,5,0,0,0,0,0,0,0,0,0,0
15.5857,0,-0.139861,0.0955926,2.21082,-0.220855,0.212387,0.663171,15.109,0,0,0
15.5857,1,3.10926,-0.154085,2.18312,0.189353,-0.18336,0.581627,13.644,0,0,0
15.5857,2,2.99974,2.95572,2.05589,-4.28329e-21,-2.6798e-20,-0.000325626,21.1677,0,0,0
15.5857,3,0,0,0,0,0,0,0,0,0,0
15.5857,4,0,0,0,0,0,0,0,0,0,0
15.5857,5,0,0,0,0,0,0,0,0,0,0
15.649,0,-0.175673,0.131446,2.24049,-0.25953,0.248075,0.763256,15.1295,0,0,0
15.649,1,3.1261,-0.170968,2.22787,0.183389,-0.176388,0.629052,13.644,0,0,0
15.649,2,2.99974,2.95572,2.05587,-1.80259e-20,-3.6161e-20,-0.000323905,21.1677,0,0,0
15.649,3,0,0,0,0,0,0,0,0,0,0
15.649,4,0,0,0,0,0,0,0,0,0,0
15.649,5,0,0,0,0,0,0,0,0,0,0
15.7082,0,-0.2551,0.210908,2.27337,-0.449819,0.428022,0.903739,15.1295,0,0,0
15.7082,1,3.12952,-0.1744,2.21509,0.137743,-0.131627,0.629658,13.6853,0,0,0
15.7082,2,2.99974,2.95572,2.05587,-2.7727e-20,-2.58676e-20,-0.000324288,21.3084,0,0,0
15.7082,3,0,0,0,0,0,0,0,0,0,0
15.7082,4,0,0,0,0,0,0,0,0,0,0
15.7082,5,0,0,0,0,0,0,0,0,0,0
15.7615,0,-0.312119,0.267963,2.32137,-0.547768,0.519583,1.01057,15.2147,0,0,0
15.7615,1,3.15192,-0.196869,2.28007,0.141479,-0.135183,0.759358,13.7551,0,0,0
15.7615,2,2.99974,2.95572,2.05584,-2.24638e-20,8.19398e-21,-0.000330532,21.3084,0,0,0
15.7615,3,0,0,0,0,0,0,0,0,0,0
15.7615,4,0,0,0,0,0,0,0,0,0,0
15.7615,5,0,0,0,0,0,0,0,0,0,0
15.821,0,-0.353452,0.309342,2.3569,-0.568553,0.538812,1.05962,15.2147,0,0,0
15.821,1,3.23449,-0.279944,2.29905,0.353917,-0.33918,0.938944,13.7551,0,0,0
15.821,2,2.99974,2.95572,2.05584,7.20434e-21,1.666e-20,-0.000333749,21.5958,0,0,0
15.821,3,0,0,0,0,0,0,0,0,0,0
15.821,4,0,0,0,0,0,0,0,0,0,0
15.821,5,0,0,0,0,0,0,0,0,0,0
15.8731,0,-0.447084,0.401062,2.39598,-0.755017,0.701368,1.18172,15.1633,0,0,0
15.8731,1,3.29874,-0.344006,2.35558,0.462975,-0.437204,1.11829,13.7551,0,0,0
15.8731,2,2.99974,2.95572,2.05582,3.13134e-20,3.87903e-21,-0.000333357,21.5958,0,0,0
15.8731,3,0,0,0,0,0,0,0,0,0,0
15.8731,4,0,0,0,0,0,0,0,0,0,0
15.8731,5,0,0,0,0,0,0,0,0,0,0
15.9338,0,-0.537134,0.492378,2.43847,-0.914677,0.857777,1.30746,15.1633,0,0,0
15.9338,1,3.46156,-0.506915,2.39295,0.935072,-0.875265,1.39383,13.8068,0,0,0
15.9338,2,2.99974,2.95572,2.0558,3.24397e-20,-1.55097e-20,-0.000336881,21.7424,0,0,0
15.9338,3,0,0,0,0,0,0,0,0,0,0
15.9338,4,0,0,0,0,0,0,0,0,0,0
15.9338,5,0,0,0,0,0,0,0,0,0,0
15.9843,0,-0.60084,0.556033,2.43448,-0.955844,0.897881,1.32991,14.9546,0,0,0
15.9843,1,3.61143,-0.657017,2.49035,1.07849,-0.999201,1.52202,13.3692,0,0,0
15.9843,2,2.99974,2.95572,2.05577,1.36591e-20,-2.46782e-20,-0.000340314,21.7424,0,0,0
15.9843,3,0,0,0,0,0,0,0,0,0,0
15.9843,4,0,0,0,0,0,0,0,0,0,0
15.9843,5,0,0,0,0,0,0,0,0,0,0
16.0451,0,-0.602965,0.558751,2.4814,-0.954954,0.900551,1.37894,14.9546,0,0,0
16.0451,1,3.70445,-0.750177,2.4841,1.21446,-1.12139,1.532,13.3692,0,0,0
16.0451,2,2.99974,2.95572,2.05575,-4.43881e-21,-3.76434e-20,-0.000341831,21.7423,0,0,0
16.0451,3,0,0,0,0,0,0,0,0,0,0
16.0451,4,0,0,0,0,0,0,0,0,0,0
16.0451,5,0,0,0,0,0,0,0,0,0,0
16.1042,0,-0.813931,0.769483,2.58736,-1.24977,1.18149,1.63564,15.0807,0,0,0
16.1042,1,3.80113,-0.847419,2.53442,1.42237,-1.29396,1.51469,13.1253,0,0,0
16.1042,2,2.99974,2.95572,2.05574,-2.0663e-20,-4.3546e-20,-0.000337538,21.7423,0,0,0
16.1042,3,0,0,0,0,0,0,0,0,0,0
16.1042,4,0,0,0,0,0,0,0,0,0,0
16.1042,5,0,0,0,0,0,0,0,0,0,0
16.158,0,-0.824665,0.780497,2.58181,-1.26847,1.19886,1.68787,15.0807,0,0,0
16.158,1,3.8822,-0.9295,2.57918,1.50628,-1.3528,1.51018,13.1253,0,0,0
16.158,2,2.99974,2.95572,2.05572,-7.45506e-21,-2.22514e-20,-0.000337455,21.7423,0,0,0
16.158,3,0,0,0,0,0,0,0,0,0,0
16.158,4,0,0,0,0,0,0,0,0,0,0
16.158,5,0,0,0,0,0,0,0,0,0,0
16.2126,0,-0.90623,0.862102,2.63102,-1.30861,1.23622,1.73942,14.6337,0,0,0
16.2126,1,3.99533,-1.04552,2.6821,1.6768,-1.48223,1.5804,17.6496,0,0,0
16.2126,2,2.99974,2.95572,2.0557,9.7196e-21,-1.41531e-20,-0.000337045,21.7423,0,0,0
16.2126,3,0,0,0,0,0,0,0,0,0,0
16.2126,4,0,0,0,0,0,0,0,0,0,0
16.2126,5,0,0,0,0,0,0,0,0,0,0
16.2728,0,-1.02408,0.993012,2.68075,-1.51856,1.48087,1.8555,14.6337,0,0,0
16.2728,1,4.12771,-1.18424,2.74238,1.88917,-1.67423,1.66575,17.6496,0,0,0
16.2728,2,2.99974,2.95572,2.05568,3.23445e-20,-1.0668e-20,-0.000336482,21.7423,0,0,0
16.2728,3,0,0,0,0,0,0,0,0,0,0
16.2728,4,0,0,0,0,0,0,0,0,0,0
16.2728,5,0,0,0,0,0,0,0,0,0,0
16.3283,0,-1.21047,1.18289,2.74301,-1.90226,1.83074,2.03948,14.1948,0,0,0
16.3283,1,4.27437,-1.34071,2.7436,2.14056,-1.91136,1.63392,17.7873,0,0,0
16.3283,2,2.99974,2.95572,2.05567,4.12022e-20,-1.36205e-21,-0.000336526,21.7423,0,0,0
16.3283,3,0,0,0,0,0,0,0,0,0,0
16.3283,4,0,0,0,0,0,0,0,0,0,0
16.3283,5,0,0,0,0,0,0,0,0,0,0
16.3826,0,-1.29165,1.25464,2.79958,-1.86849,1.77902,1.99482,14.1948,0,0,0
16.3826,1,4.28389,-1.36003,2.85815,2.21748,-2.01298,1.54078,17.7873,0,0,0
16.3826,2,2.99974,2.95572,2.05565,2.58211e-20,1.34768e-20,-0.000335773,21.7423,0,0,0
16.3826,3,0,0,0,0,0,0,0,0,0,0
16.3826,4,0,0,0,0,0,0,0,0,0,0
16.3826,5,0,0,0,0,0,0,0,0,0,0
16.4431,0,-1.50779,1.46426,2.84633,-2.03132,1.94437,1.87899,13.7896,0,0,0
16.4431,1,4.40733,-1.50214,2.92338,2.31632,-2.1542,1.51269,17.9759,0,0,0
16.4431,2,2.99974,2.95572,2.05565,1.4472e-20,3.16113e-20,-0.000336529,21.7423,0,0,0
16.4431,3,0,0,0,0,0,0,0,0,0,0
16.4431,4,0,0,0,0,0,0,0,0,0,0
16.4431,5,0,0,0,0,0,0,0,0,0,0
16.5034,0,-1.64673,1.60178,2.92126,-2.19694,2.11976,1.90581,13.7896,0,0,0
16.5034,1,4.49673,-1.60742,2.97385,2.29325,-2.16525,1.53986,17.9759,0,0,0
16.5034,2,2.99974,2.95572,2.05561,1.08861e-20,4.30316e-20,-0.000337969,21.7423,0,0,0
16.5034,3,0,0,0,0,0,0,0,0,0,0
16.5034,4,0,0,0,0,0,0,0,0,0,0
16.5034,5,0,0,0,0,0,0,0,0,0,0
16.559,0,-1.80198,1.75729,2.98814,-2.43379,2.37906,1.79527,13.5833,0,0,0
16.559,1,4.58083,-1.7193,2.98432,2.23863,-2.18743,1.5958,18.1057,0,0,0
16.559,2,2.99974,2.95572,2.05561,3.71821e-21,3.02605e-20,-0.0003392,21.7423,0,0,0
16.559,3,0,0,0,0,0,0,0,0,0,0
16.559,4,0,0,0,0,0,0,0,0,0,0
16.559,5,0,0,0,0,0,0,0,0,0,0
16.6145,0,-1.93268,1.88778,3.05869,-2.54768,2.51846,1.67838,13.5833,0,0,0
16.6145,1,4.69,-1.85677,3.0521,2.30254,-2.33002,1.60218,18.1057,0,0,0
16.6145,2,2.99974,2.95572,2.05559,-8.88669e-21,1.09244e-20,-0.000335642,21.7423,0,0,0
16.6145,3,0,0,0,0,0,0,0,0,0,0
16.6145,4,0,0,0,0,0,0,0,0,0,0
16.6145,5,0,0,0,0,0,0,0,0,0,0
16.6705,0,-2.22408,2.18029,3.19573,-2.83302,2.8696,1.37072,12.9452,0,0,0
16.6705,1,4.81433,-2.03089,3.14007,2.43631,-2.63229,1.54222,11.5108,0,0,0
16.6705,2,2.99974,2.95572,2.05558,-7.74704e-21,2.00849e-21,-0.000340281,21.7422,0,0,0
16.6705,3,0,0,0,0,0,0,0,0,0,0
16.6705,4,0,0,0,0,0,0,0,0,0,0
16.6705,5,0,0,0,0,0,0,0,0,0,0
16.7233,0,-2.22408,2.18029,3.19573,-2.83302,2.8696,1.37072,12.9452,0,0,0
16.7233,1,4.92257,-2.17224,3.21011,2.46239,-2.74826,1.44342,11.5108,0,0,0
16.7233,2,2.99974,2.95572,2.05554,1.84049e-21,4.02608e-21,-0.000341051,21.7422,0,0,0
16.7233,3,0,0,0,0,0,0,0,0,0,0
16.7233,4,0,0,0,0,0,0,0,0,0,0
16.7233,5,0,0,0,0,0,0,0,0,0,0
16.782,0,-2.51113,2.46896,3.32954,-3.01693,3.0851,1.25636,12.742,0,0,0
16.782,1,5.12256,-2.49647,3.37754,2.39321,-3.0249,1.41479,11.1591,0,0,0
16.782,2,2.99974,2.95572,2.05554,5.58656e-21,1.67597e-20,-0.000341514,21.7422,0,0,0
16.782,3,0,0,0,0,0,0,0,0,0,0
16.782,4,0,0,0,0,0,0,0,0,0,0
16.782,5,0,0,0,0,0,0,0,0,0,0
16.8332,0,-2.63771,2.59653,3.41425,-3.02146,3.09865,1.22046,12.3255,0,0,0
16.8332,1,5.12256,-2.49647,3.37754,2.39321,-3.0249,1.41479,11.1591,0,0,0
16.8332,2,2.99974,2.95572,2.05552,-1.33086e-20,7.8719e-21,-0.000335815,21.7422,0,0,0
16.8332,3,0,0,0,0,0,0,0,0,0,0
16.8332,4,0,0,0,0,0,0,0,0,0,0
16.8332,5,0,0,0,0,0,0,0,0,0,0
16.8834,0,-2.63771,2.59653,3.41425,-3.02146,3.09865,1.22046,12.3255,0,0,0
16.8834,1,5.26752,-2.70723,3.47053,2.49601,-3.2896,1.4414,10.6594,0,0,0
16.8834,2,2.99974,2.95572,2.05551,-4.54307e-20,-1.20996e-20,-0.000338433,21.7422,0,0,0
16.8834,3,0,0,0,0,0,0,0,0,0,0
16.8834,4,0,0,0,0,0,0,0,0,0,0
16.8834,5,0,0,0,0,0,0,0,0,0,0
16.9376,0,-2.77035,2.7301,3.60851,-3.02437,3.10188,1.30658,11.8657,0,0,0
16.9376,1,5.34603,-2.87491,3.57518,2.3983,-3.39787,1.43545,10.6594,0,0,0
16.9376,2,2.99974,2.95572,2.05549,-5.41724e-20,-1.55431e-20,-0.000338848,21.7422,0,0,0
16.9376,3,0,0,0,0,0,0,0,0,0,0
16.9376,4,0,0,0,0,0,0,0,0,0,0
16.9376,5,0,0,0,0,0,0,0,0,0,0
16.9954,0,-2.90007,2.86071,3.70902,-3.03047,3.10406,1.35779,11.8657,0,0,0
16.9954,1,5.49284,-3.1308,3.7436,2.12402,-3.27665,1.33196,10.2677,0,0,0
16.9954,2,2.99974,2.95572,2.05545,-5.04913e-20,-6.2616e-22,-0.000337542,21.7422,0,0,0
16.9954,3,0,0,0,0,0,0,0,0,0,0
16.9954,4,0,0,0,0,0,0,0,0,0,0
16.9954,5,0,0,0,0,0,0,0,0,0,0
17.0481,0,-3.02716,2.98833,3.80783,-2.97367,3.01998,1.31372,11.4512,0,0,0
17.0481,1,5.49284,-3.1308,3.7436,2.12402,-3.27665,1.33196,10.2677,0,0,0
17.0481,2,2.99974,2.95572,2.05544,-4.63794e-20,1.29999e-20,-0.000336619,21.7422,0,0,0
17.0481,3,0,0,0,0,0,0,0,0,0,0
17.0481,4,0,0,0,0,0,0,0,0,0,0
17.0481,5,0,0,0,0,0,0,0,0,0,0
17.1022,0,-3.15143,3.11321,3.88424,-2.95687,3.00692,1.34656,11.4512,0,0,0
17.1022,1,5.57381,-3.27197,3.84464,2.03452,-3.25679,1.38107,9.92298,0,0,0
17.1022,2,2.99974,2.95572,2.05544,-3.87102e-20,6.48899e-21,-0.000331707,21.7422,0,0,0
17.1022,3,0,0,0,0,0,0,0,0,0,0
17.1022,4,0,0,0,0,0,0,0,0,0,0
17.1022,5,0,0,0,0,0,0,0,0,0,0
17.165,0,-3.29681,3.25943,3.95933,-2.96472,3.01131,1.30621,11.0469,0,0,0
17.165,1,5.67293,-3.43253,3.93355,2.02286,-3.29735,1.44603,9.92298,0,0,0
17.165,2,2.99974,2.95572,2.0554,-1.67671e-20,-4.31467e-21,-0.000323859,21.7422,0,0,0
17.165,3,0,0,0,0,0,0,0,0,0,0
17.165,4,0,0,0,0,0,0,0,0,0,0
17.165,5,0,0,0,0,0,0,0,0,0,0
17.2213,0,-3.41486,3.37836,4.04756,-2.91836,2.96544,1.31129,11.0469,0,0,0
17.2213,1,5.76638,-3.59223,4.04108,2.01863,-3.35963,1.42826,9.50729,0,0,0
17.2213,2,2.99974,2.95572,2.0554,-4.75472e-21,-4.75472e-21,-0.00032784,21.7421,0,0,0
17.2213,3,0,0,0,0,0,0,0,0,0,0
17.2213,4,0,0,0,0,0,0,0,0,0,0
17.2213,5,0,0,0,0,0,0,0,0,0,0
17.284,0,-3.53023,3.4946,4.17017,-2.87593,2.92277,1.32753,10.6541,0,0,0
17.284,1,5.8411,-3.72396,4.13361,1.95829,-3.31709,1.38784,9.50729,0,0,0
17.284,2,2.99974,2.95572,2.05537,7.89545e-21,-1.18973e-21,-0.000320671,21.7421,0,0,0
17.284,3,0,0,0,0,0,0,0,0,0,0
17.284,4,0,0,0,0,0,0,0,0,0,0
17.284,5,0,0,0,0,0,0,0,0,0,0
17.3477,0,-3.64289,3.60813,4.26526,-2.7919,2.83898,1.35505,10.6541,0,0,0
17.3477,1,6.00798,-3.99612,4.30535,1.92786,-3.27399,1.38266,9.18817,0,0,0
17.3477,2,2.99974,2.95572,2.05537,1.43735e-20,-1.37251e-20,-0.000320417,21.7421,0,0,0
17.3477,3,0,0,0,0,0,0,0,0,0,0
17.3477,4,0,0,0,0,0,0,0,0,0,0
17.3477,5,0,0,0,0,0,0,0,0,0,0
17.4095,0,-3.86077,3.82757,4.43631,-2.61602,2.66325,1.39639,10.3642,0,0,0
17.4095,1,6.0319,-4.04974,4.37974,1.67931,-2.93216,1.43254,9.18817,0,0,0
17.4095,2,2.99974,2.95572,2.05534,2.27188e-20,-3.07871e-20,-0.000314758,21.7421,0,0,0
17.4095,3,0,0,0,0,0,0,0,0,0,0
17.4095,4,0,0,0,0,0,0,0,0,0,0
17.4095,5,0,0,0,0,0,0,0,0,0,0
17.4622,0,-3.98705,3.95484,4.44057,-2.62355,2.67349,1.43327,10.3642,0,0,0
17.4622,1,6.13873,-4.20918,4.4827,1.77541,-3.0109,1.39118,8.88262,0,0,0
17.4622,2,2.99974,2.95572,2.05531,2.09547e-20,-1.76739e-20,-0.000313778,21.7421,0,0,0
17.4622,3,0,0,0,0,0,0,0,0,0,0
17.4622,4,0,0,0,0,0,0,0,0,0,0
17.4622,5,0,0,0,0,0,0,0,0,0,0
17.5124,0,-4.1152,4.08423,4.52271,-2.64504,2.69804,1.41319,9.9624,0,0,0
17.5124,1,6.20902,-4.32425,4.60495,1.72886,-2.93362,1.43975,8.88262,0,0,0
17.5124,2,2.99974,2.95572,2.05531,2.09547e-20,-1.76739e-20,-0.000313778,21.7421,0,0,0
17.5124,3,0,0,0,0,0,0,0,0,0,0
17.5124,4,0,0,0,0,0,0,0,0,0,0
17.5124,5,0,0,0,0,0,0,0,0,0,0
17.5626,0,-4.21509,4.18497,4.60277,-2.58304,2.63618,1.39419,9.9624,0,0,0
17.5626,1,6.20902,-4.32425,4.60495,1.72886,-2.93362,1.43975,8.48667,0,0,0
17.5626,2,2.99974,2.95572,2.05531,2.40094e-20,6.45187e-21,-0.000313589,21.7421,0,0,0
17.5626,3,0,0,0,0,0,0,0,0,0,0
17.5626,4,0,0,0,0,0,0,0,0,0,0
17.5626,5,0,0,0,0,0,0,0,0,0,0
17.6161,0,-4.31333,4.28385,4.68251,-2.52789,2.58001,1.37944,9.60248,0,0,0
17.6161,1,6.30479,-4.4814,4.74007,1.44023,-2.46306,1.46321,8.48667,0,0,0
17.6161,2,2.99974,2.95572,2.05529,3.08871e-20,2.82057e-20,-0.000305763,21.7421,0,0,0
17.6161,3,0,0,0,0,0,0,0,0,0,0
17.6161,4,0,0,0,0,0,0,0,0,0,0
17.6161,5,0,0,0,0,0,0,0,0,0,0
17.6663,0,-4.36909,4.33971,4.76479,-2.30755,2.35507,1.44069,9.60248,0,0,0
17.6663,1,6.37678,-4.5857,4.8247,1.43763,-2.40933,1.48374,8.25862,0,0,0
17.6663,2,2.99974,2.95572,2.05526,3.46303e-20,4.04617e-20,-0.000303321,21.7421,0,0,0
17.6663,3,0,0,0,0,0,0,0,0,0,0
17.6663,4,0,0,0,0,0,0,0,0,0,0
17.6663,5,0,0,0,0,0,0,0,0,0,0
17.7205,0,-4.49982,4.43959,4.84859,-2.28179,2.24623,1.50257,9.33107,0,0,0
17.7205,1,6.37678,-4.5857,4.8247,1.43763,-2.40933,1.48374,8.25862,0,0,0
17.7205,2,2.99974,2.95572,2.05524,1.84884e-20,4.45357e-20,-0.00030285,21.7421,0,0,0
17.7205,3,0,0,0,0,0,0,0,0,0,0
17.7205,4,0,0,0,0,0,0,0,0,0,0
17.7205,5,0,0,0,0,0,0,0,0,0,0
17.7793,0,-4.59899,4.55998,4.94759,-2.24683,2.27824,1.53736,9.33107,0,0,0
17.7793,1,6.50124,-4.76988,4.92478,1.60239,-2.59148,1.52912,7.87078,0,0,0
17.7793,2,2.99974,2.95572,2.05523,1.02306e-20,3.73792e-20,-0.000295927,21.742,0,0,0
17.7793,3,0,0,0,0,0,0,0,0,0,0
17.7793,4,0,0,0,0,0,0,0,0,0,0
17.7793,5,0,0,0,0,0,0,0,0,0,0
17.8312,0,-4.59899,4.55998,4.94759,-2.24683,2.27824,1.53736,8.96465,0,0,0
17.8312,1,6.56449,-4.87434,5.01766,1.55306,-2.52193,1.52585,7.87078,0,0,0
17.8312,2,2.99974,2.95572,2.05522,1.52179e-20,3.10286e-20,-0.00029298,21.742,0,0,0
17.8312,3,0,0,0,0,0,0,0,0,0,0
17.8312,4,0,0,0,0,0,0,0,0,0,0
17.8312,5,0,0,0,0,0,0,0,0,0,0
17.8844,0,-4.68983,4.66096,5.04897,-2.16746,2.22498,1.53508,8.96465,0,0,0
17.8844,1,6.62798,-4.97632,5.10459,1.49258,-2.42806,1.48891,7.56947,0,0,0
17.8844,2,2.99974,2.95572,2.0552,1.28815e-20,2.35589e-20,-0.000290433,21.742,0,0,0
17.8844,3,0,0,0,0,0,0,0,0,0,0
17.8844,4,0,0,0,0,0,0,0,0,0,0
17.8844,5,0,0,0,0,0,0,0,0,0,0
17.9419,0,-4.74387,4.7169,5.14078,-1.97296,2.04346,1.5407,8.68029,0,0,0
17.9419,1,6.68931,-5.07806,5.17785,1.42876,-2.3459,1.45783,7.56947,0,0,0
17.9419,2,2.99974,2.95572,2.05518,5.89448e-21,1.37863e-20,-0.000288865,21.742,0,0,0
17.9419,3,0,0,0,0,0,0,0,0,0,0
17.9419,4,0,0,0,0,0,0,0,0,0,0
17.9419,5,0,0,0,0,0,0,0,0,0,0
18.0009,0,-4.95808,4.93403,5.29564,-1.95427,2.0276,1.6212,8.68029,0,0,0
18.0009,1,6.76688,-5.19264,5.27327,1.4551,-2.36,1.45185,7.26367,0,0,0
18.0009,2,2.99974,2.95572,2.05517,-1.01265e-21,-1.49487e-21,-0.000285941,21.742,0,0,0
18.0009,3,0,0,0,0,0,0,0,0,0,0
18.0009,4,0,0,0,0,0,0,0,0,0,0
18.0009,5,0,0,0,0,0,0,0,0,0,0
18.0537,0,-5.05566,5.03313,5.39744,-1.94711,2.01876,1.61427,8.34026,0,0,0
18.0537,1,6.81648,-5.26896,5.34834,1.35553,-2.20715,1.43512,7.26367,0,0,0
18.0537,2,2.99974,2.95572,2.05517,-1.51652e-20,-1.78612e-20,-0.000285479,21.742,0,0,0
18.0537,3,0,0,0,0,0,0,0,0,0,0
18.0537,4,0,0,0,0,0,0,0,0,0,0
18.0537,5,0,0,0,0,0,0,0,0,0,0
18.11,0,-5.05566,5.03313,5.39744,-1.94711,2.01876,1.61427,8.34026,0,0,0
18.11,1,6.90441,-5.39739,5.43522,1.43863,-2.29182,1.39717,6.9703,0,0,0
18.11,2,2.99974,2.95572,2.05514,-1.4475e-20,-2.13316e-20,-0.000282346,21.742,0,0,0
18.11,3,0,0,0,0,0,0,0,0,0,0
18.11,4,0,0,0,0,0,0,0,0,0,0
18.11,5,0,0,0,0,0,0,0,0,0,0
18.1638,0,-5.13361,5.11047,5.47994,-1.8297,1.89104,1.59691,8.03107,0,0,0
18.1638,1,6.93668,-5.45623,5.49199,1.27835,-2.07852,1.42356,6.9703,0,0,0
18.1638,2,2.99974,2.95572,2.05514,-5.80559e-21,-2.28353e-20,-0.00028688,21.742,0,0,0
18.1638,3,0,0,0,0,0,0,0,0,0,0
18.1638,4,0,0,0,0,0,0,0,0,0,0
18.1638,5,0,0,0,0,0,0,0,0,0,0
18.219,0,-5.22987,5.20785,5.5637,-1.83917,1.89859,1.54514,8.03107,0,0,0
18.219,1,6.97054,-5.5126,5.58513,1.15769,-1.90472,1.43661,6.88259,0,0,0
18.219,2,2.99974,2.95572,2.05511,9.16923e-21,-3.22586e-20,-0.000281716,21.742,0,0,0
18.219,3,0,0,0,0,0,0,0,0,0,0
18.219,4,0,0,0,0,0,0,0,0,0,0
18.219,5,0,0,0,0,0,0,0,0,0,0
18.2786,0,-5.32401,5.30108,5.65384,-1.80981,1.85766,1.52986,7.71041,0,0,0
18.2786,1,7.06795,-5.65181,5.65853,1.28809,-2.049,1.41407,6.88259,0,0,0
18.2786,2,2.99974,2.95572,2.0551,-9.53867e-22,-2.89022e-20,-0.000282809,21.742,0,0,0
18.2786,3,0,0,0,0,0,0,0,0,0,0
18.2786,4,0,0,0,0,0,0,0,0,0,0
18.2786,5,0,0,0,0,0,0,0,0,0,0
18.3345,0,-5.40982,5.38596,5.80199,-1.79373,1.83109,1.4917,7.71041,0,0,0
18.3345,1,7.13884,-5.75481,5.74295,1.26936,-2.04381,1.38536,6.59496,0,0,0
18.3345,2,2.99974,2.95572,2.05508,-1.2947e-20,-2.0734e-20,-0.000278161,21.742,0,0,0
18.3345,3,0,0,0,0,0,0,0,0,0,0
18.3345,4,0,0,0,0,0,0,0,0,0,0
18.3345,5,0,0,0,0,0,0,0,0,0,0
18.3848,0,-5.40982,5.38596,5.80199,-1.79373,1.83109,1.4917,7.52853,0,0,0
18.3848,1,7.1572,-5.79377,5.79505,1.10285,-1.82177,1.3457,6.59496,0,0,0
18.3848,2,2.99974,2.95572,2.05507,-1.99227e-20,-9.52017e-21,-0.000275376,21.742,0,0,0
18.3848,3,0,0,0,0,0,0,0,0,0,0
18.3848,4,0,0,0,0,0,0,0,0,0,0
18.3848,5,0,0,0,0,0,0,0,0,0,0
18.4406,0,-5.60068,5.57857,5.88114,-1.80288,1.83923,1.50397,7.52853,0,0,0
18.4406,1,7.23851,-5.91019,5.90366,1.21296,-1.93545,1.24624,6.37878,0,0,0
18.4406,2,2.99974,2.95572,2.05506,-2.16701e-20,-9.28718e-21,-0.000273983,21.742,0,0,0
18.4406,3,0,0,0,0,0,0,0,0,0,0
18.4406,4,0,0,0,0,0,0,0,0,0,0
18.4406,5,0,0,0,0,0,0,0,0,0,0
18.4986,0,-5.6773,5.65464,5.95701,-1.7261,1.75626,1.56322,7.1262,0,0,0
18.4986,1,7.28061,-5.97855,5.99319,1.14543,-1.83913,1.20241,6.08125,0,0,0
18.4986,2,2.99974,2.95572,2.05504,-1.51244e-20,-1.9771e-20,-0.000270131,21.742,0,0,0
18.4986,3,0,0,0,0,0,0,0,0,0,0
18.4986,4,0,0,0,0,0,0,0,0,0,0
18.4986,5,0,0,0,0,0,0,0,0,0,0
18.5589,0,-5.74353,5.72106,6.02311,-1.63537,1.66333,1.55892,7.1262,0,0,0
18.5589,1,7.36883,-6.1044,6.07778,1.27714,-1.98177,1.07138,6.08125,0,0,0
18.5589,2,2.99974,2.95572,2.05503,-1.72754e-20,-1.60058e-20,-0.000268867,21.7419,0,0,0
18.5589,3,0,0,0,0,0,0,0,0,0,0
18.5589,4,0,0,0,0,0,0,0,0,0,0
18.5589,5,0,0,0,0,0,0,0,0,0,0
18.612,0,-5.82641,5.80391,6.09882,-1.62781,1.65202,1.49805,6.872,0,0,0
18.612,1,7.41826,-6.18365,6.12415,1.2504,-1.94062,0.971352,6.08125,0,0,0
18.612,2,2.99974,2.95572,2.05501,-1.17113e-20,4.20522e-21,-0.000268128,21.7419,0,0,0
18.612,3,0,0,0,0,0,0,0,0,0,0
18.612,4,0,0,0,0,0,0,0,0,0,0
18.612,5,0,0,0,0,0,0,0,0,0,0
18.6673,0,-5.92529,5.90331,6.26873,-1.69116,1.71463,1.46756,6.872,0,0,0
18.6673,1,7.46797,-6.25784,6.20611,1.2315,-1.89021,0.871068,5.8078,0,0,0
18.6673,2,2.99974,2.95572,2.055,-5.24938e-21,1.34151e-20,-0.000266047,21.7419,0,0,0
18.6673,3,0,0,0,0,0,0,0,0,0,0
18.6673,4,0,0,0,0,0,0,0,0,0,0
18.6673,5,0,0,0,0,0,0,0,0,0,0
18.7233,0,-6.00966,5.9885,6.34575,-1.69255,1.71644,1.43002,6.51931,0,0,0
18.7233,1,7.50544,-6.31529,6.26972,1.13708,-1.73712,0.7829,5.8078,0,0,0
18.7233,2,2.99974,2.95572,2.055,1.02418e-20,1.39252e-20,-0.000266364,21.7419,0,0,0
18.7233,3,0,0,0,0,0,0,0,0,0,0
18.7233,4,0,0,0,0,0,0,0,0,0,0
18.7233,5,0,0,0,0,0,0,0,0,0,0
18.7735,0,-6.08868,6.06755,6.34342,-1.67945,1.70123,1.34671,6.51931,0,0,0
18.7735,1,7.55215,-6.38104,6.33845,1.12262,-1.67963,0.693356,5.59324,0,0,0
18.7735,2,2.99974,2.95572,2.05497,1.75962e-20,1.3716e-20,-0.000267541,21.7419,0,0,0
18.7735,3,0,0,0,0,0,0,0,0,0,0
18.7735,4,0,0,0,0,0,0,0,0,0,0
18.7735,5,0,0,0,0,0,0,0,0,0,0
18.8266,0,-6.15273,6.13299,6.40849,-1.55996,1.59423,1.30697,6.31464,0,0,0
18.8266,1,7.60619,-6.46863,6.37371,1.10584,-1.65908,0.641271,5.59324,0,0,0
18.8266,2,2.99974,2.95572,2.05496,1.85844e-20,2.26027e-20,-0.000270763,21.7419,0,0,0
18.8266,3,0,0,0,0,0,0,0,0,0,0
18.8266,4,0,0,0,0,0,0,0,0,0,0
18.8266,5,0,0,0,0,0,0,0,0,0,0
18.8768,0,-6.2646,6.24483,6.55065,-1.67736,1.70734,1.28574,6.31464,0,0,0
18.8768,1,7.66512,-6.54674,6.42464,1.11293,-1.6204,0.575208,5.38608,0,0,0
18.8768,2,2.99974,2.95572,2.05494,1.45146e-20,2.02844e-20,-0.000267292,21.7419,0,0,0
18.8768,3,0,0,0,0,0,0,0,0,0,0
18.8768,4,0,0,0,0,0,0,0,0,0,0
18.8768,5,0,0,0,0,0,0,0,0,0,0
18.9373,0,-6.32767,6.30801,6.6281,-1.57597,1.60284,1.30412,5.98743,0,0,0
18.9373,1,7.67761,-6.56239,6.49078,0.988032,-1.42007,0.555054,5.22062,0,0,0
18.9373,2,2.99974,2.95572,2.05493,1.27928e-20,1.4582e-20,-0.000265237,21.7419,0,0,0
18.9373,3,0,0,0,0,0,0,0,0,0,0
18.9373,4,0,0,0,0,0,0,0,0,0,0
18.9373,5,0,0,0,0,0,0,0,0,0,0
18.9926,0,-6.42115,6.40211,6.63231,-1.61067,1.6359,1.25836,5.98743,0,0,0
18.9926,1,7.71836,-6.62772,6.49751,0.950398,-1.35065,0.539038,5.22062,0,0,0
18.9926,2,2.99974,2.95572,2.05492,-1.64337e-21,-9.32725e-22,-0.000263372,21.7419,0,0,0
18.9926,3,0,0,0,0,0,0,0,0,0,0
18.9926,4,0,0,0,0,0,0,0,0,0,0
18.9926,5,0,0,0,0,0,0,0,0,0,0
19.0479,0,-6.49833,6.47964,6.76119,-1.58192,1.60418,1.21137,5.71194,0,0,0
19.0479,1,7.7457,-6.66485,6.54466,0.866524,-1.2183,0.579473,5.09217,0,0,0
19.0479,2,2.99974,2.95572,2.0549,-1.56381e-20,-1.58148e-20,-0.000261949,21.7419,0,0,0
19.0479,3,0,0,0,0,0,0,0,0,0,0
19.0479,4,0,0,0,0,0,0,0,0,0,0
19.0479,5,0,0,0,0,0,0,0,0,0,0
19.1052,0,-6.57992,6.56199,6.81932,-1.58403,1.60501,1.16593,5.71194,0,0,0
19.1052,1,7.76939,-6.69708,6.63361,0.777764,-1.08675,0.576646,5.09217,0,0,0
19.1052,2,2.99974,2.95572,2.05489,-4.56492e-21,-2.36147e-20,-0.000260277,21.7419,0,0,0
19.1052,3,0,0,0,0,0,0,0,0,0,0
19.1052,4,0,0,0,0,0,0,0,0,0,0
19.1052,5,0,0,0,0,0,0,0,0,0,0
19.1611,0,-6.66511,6.6471,6.82306,-1.60202,1.619,1.09346,5.48061,0,0,0
19.1611,1,7.80476,-6.74438,6.63273,0.749501,-1.03233,0.571757,4.95973,0,0,0
19.1611,2,2.99974,2.95572,2.05488,6.83823e-21,-3.05967e-20,-0.000259929,21.7419,0,0,0
19.1611,3,0,0,0,0,0,0,0,0,0,0
19.1611,4,0,0,0,0,0,0,0,0,0,0
19.1611,5,0,0,0,0,0,0,0,0,0,0
19.2198,0,-6.7391,6.72142,6.8931,-1.58174,1.59676,1.05788,5.48061,0,0,0
19.2198,1,7.80436,-6.7437,6.67846,0.60356,-0.830476,0.566201,4.95973,0,0,0
19.2198,2,2.99974,2.95572,2.05487,7.79981e-21,-3.06328e-20,-0.000258385,21.7419,0,0,0
19.2198,3,0,0,0,0,0,0,0,0,0,0
19.2198,4,0,0,0,0,0,0,0,0,0,0
19.2198,5,0,0,0,0,0,0,0,0,0,0
19.2794,0,-6.84904,6.82312,6.95101,-1.65963,1.67824,1.04981,5.19809,0,0,0
19.2794,1,7.82198,-6.76791,6.71576,0.535118,-0.731202,0.556724,4.88362,0,0,0
19.2794,2,2.99974,2.95572,2.05485,6.95498e-22,-1.09541e-20,-0.000257758,21.7419,0,0,0
19.2794,3,0,0,0,0,0,0,0,0,0,0
19.2794,4,0,0,0,0,0,0,0,0,0,0
19.2794,5,0,0,0,0,0,0,0,0,0,0
19.3323,0,-6.95782,6.93778,7.06409,-1.51175,1.51839,1.01622,5.19809,0,0,0
19.3323,1,7.84474,-6.79785,6.74573,0.49707,-0.668903,0.552765,4.88362,0,0,0
19.3323,2,2.99974,2.95572,2.05484,-8.2964e-21,2.27287e-20,-0.000256226,21.7418,0,0,0
19.3323,3,0,0,0,0,0,0,0,0,0,0
19.3323,4,0,0,0,0,0,0,0,0,0,0
19.3323,5,0,0,0,0,0,0,0,0,0,0
19.3899,0,-6.95782,6.93778,7.06409,-1.51175,1.51839,1.01622,5.00384,0,0,0
19.3899,1,7.84475,-6.79934,6.78362,0.383267,-0.517786,0.542005,4.81023,0,0,0
19.3899,2,2.99974,2.95572,2.05483,-1.11818e-20,3.86202e-20,-0.00025502,21.7418,0,0,0
19.3899,3,0,0,0,0,0,0,0,0,0,0
19.3899,4,0,0,0,0,0,0,0,0,0,0
19.3899,5,0,0,0,0,0,0,0,0,0,0
19.4477,0,-7.08844,7.07275,7.18799,-1.43737,1.45166,0.987468,5.00384,0,0,0
19.4477,1,7.85217,-6.80908,6.84366,0.310932,-0.414235,0.475691,4.81023,0,0,0
19.4477,2,2.99974,2.95572,2.05481,-1.5608e-20,2.03973e-20,-0.000253565,21.7418,0,0,0
19.4477,3,0,0,0,0,0,0,0,0,0,0
19.4477,4,0,0,0,0,0,0,0,0,0,0
19.4477,5,0,0,0,0,0,0,0,0,0,0
19.5004,0,-7.15683,7.14208,7.23644,-1.42531,1.44057,0.971717,4.77886,0,0,0
19.5004,1,7.85575,-6.81389,6.84256,0.23933,-0.313655,0.484328,4.75852,0,0,0
19.5004,2,2.99974,2.95572,2.0548,-1.08035e-20,8.59174e-21,-0.000252212,21.7418,0,0,0
19.5004,3,0,0,0,0,0,0,0,0,0,0
19.5004,4,0,0,0,0,0,0,0,0,0,0
19.5004,5,0,0,0,0,0,0,0,0,0,0
19.5536,0,-7.21741,7.20285,7.28167,-1.3912,1.40283,0.895571,4.77886,0,0,0
19.5536,1,7.86277,-6.82191,6.89049,0.185389,-0.231639,0.390967,4.75852,0,0,0
19.5536,2,2.99974,2.95572,2.05479,-1.77767e-21,7.61859e-21,-0.000250979,21.7418,0,0,0
19.5536,3,0,0,0,0,0,0,0,0,0,0
19.5536,4,0,0,0,0,0,0,0,0,0,0
19.5536,5,0,0,0,0,0,0,0,0,0,0
19.6112,0,-7.21741,7.20285,7.28167,-1.3912,1.40283,0.895571,4.57477,0,0,0
19.6112,1,7.86604,-6.82617,6.9094,0.128044,-0.15224,0.319593,4.70384,0,0,0
19.6112,2,2.99974,2.95572,2.05478,4.79691e-21,1.64946e-20,-0.000249512,21.7418,0,0,0
19.6112,3,0,0,0,0,0,0,0,0,0,0
19.6112,4,0,0,0,0,0,0,0,0,0,0
19.6112,5,0,0,0,0,0,0,0,0,0,0
19.6703,0,-7.28296,7.26919,7.32679,-1.38767,1.39652,0.806823,4.57477,0,0,0
19.6703,1,7.86837,-6.82929,6.90909,0.0826371,-0.0873262,0.302942,4.70384,0,0,0
19.6703,2,2.99974,2.95572,2.05476,8.17712e-21,9.43514e-21,-0.000248657,21.7418,0,0,0
19.6703,3,0,0,0,0,0,0,0,0,0,0
19.6703,4,0,0,0,0,0,0,0,0,0,0
19.6703,5,0,0,0,0,0,0,0,0,0,0
19.7256,0,-7.34344,7.33015,7.36756,-1.36778,1.37462,0.733466,4.37862,0,0,0
19.7256,1,7.87101,-6.83195,6.92266,0.0463901,-0.0322239,0.268723,4.68961,0,0,0
19.7256,2,2.99974,2.95572,2.05475,9.49765e-21,-3.33251e-22,-0.000247011,21.7418,0,0,0
19.7256,3,0,0,0,0,0,0,0,0,0,0
19.7256,4,0,0,0,0,0,0,0,0,0,0
19.7256,5,0,0,0,0,0,0,0,0,0,0
19.7809,0,-7.39632,7.38328,7.42711,-1.3094,1.3132,0.721027,4.37862,0,0,0
19.7809,1,7.87077,-6.83281,6.94592,0.00582674,0.0206814,0.203284,4.68961,0,0,0
19.7809,2,2.99974,2.95572,2.05474,1.08296e-20,-9.66781e-21,-0.000246041,21.7418,0,0,0
19.7809,3,0,0,0,0,0,0,0,0,0,0
19.7809,4,0,0,0,0,0,0,0,0,0,0
19.7809,5,0,0,0,0,0,0,0,0,0,0
19.8312,0,-7.45618,7.44377,7.49121,-1.30247,1.3027,0.661543,4.28307,0,0,0
19.8312,1,7.86963,-6.83077,6.9557,-0.029819,0.0727291,0.169819,4.67024,0,0,0
19.8312,2,2.99974,2.95572,2.05472,1.88014e-20,-3.54587e-21,-0.00024449,21.7418,0,0,0
19.8312,3,0,0,0,0,0,0,0,0,0,0
19.8312,4,0,0,0,0,0,0,0,0,0,0
19.8312,5,0,0,0,0,0,0,0,0,0,0
19.8865,0,-7.51201,7.49983,7.57008,-1.28244,1.27508,0.572698,4.28307,0,0,0
19.8865,1,7.87175,-6.83524,6.95551,-0.0473697,0.093466,0.173804,4.67024,0,0,0
19.8865,2,2.99974,2.95572,2.05471,2.15564e-20,5.95368e-21,-0.000243474,21.7418,0,0,0
19.8865,3,0,0,0,0,0,0,0,0,0,0
19.8865,4,0,0,0,0,0,0,0,0,0,0
19.8865,5,0,0,0,0,0,0,0,0,0,0
19.9472,0,-7.5592,7.54741,7.62761,-1.21554,1.20498,0.52341,4.06667,0,0,0
19.9472,1,7.87188,-6.83623,6.96485,-0.0700946,0.123796,0.145784,4.66,0,0,0
19.9472,2,2.99974,2.95572,2.0547,1.50264e-20,1.45364e-20,-0.000242126,21.7418,0,0,0
19.9472,3,0,0,0,0,0,0,0,0,0,0
19.9472,4,0,0,0,0,0,0,0,0,0,0
19.9472,5,0,0,0,0,0,0,0,0,0,0
20.0189,0,-7.60279,7.59123,7.66748,-1.15667,1.14144,0.477566,4.06667,0,0,0
20.0189,1,7.87197,-6.83771,6.97834,-0.0854201,0.142051,0.0934856,4.66,0,0,0
20.0189,2,2.99974,2.95572,2.05469,8.00832e-21,1.71955e-20,-0.000241052,21.7418,0,0,0
20.0189,3,0,0,0,0,0,0,0,0,0,0
20.0189,4,0,0,0,0,0,0,0,0,0,0
20.0189,5,0,0,0,0,0,0,0,0,0,0
20.0893,0,-7.64256,7.63128,7.70773,-1.08614,1.06803,0.429817,3.90534,0,0,0
20.0893,1,7.87211,-6.83926,6.97949,-0.0965532,0.154943,0.109127,4.64879,0,0,0
20.0893,2,2.99974,2.95572,2.05467,-5.69339e-21,1.58688e-20,-0.000239435,21.7417,0,0,0
20.0893,3,0,0,0,0,0,0,0,0,0,0
20.0893,4,0,0,0,0,0,0,0,0,0,0
20.0893,5,0,0,0,0,0,0,0,0,0,0
20.1675,0,-7.69043,7.67963,7.7437,-1.05524,1.03635,0.396197,3.90534,0,0,0
20.1675,1,7.87304,-6.84052,6.98879,-0.10163,0.164099,0.0588553,4.64879,0,0,0
20.1675,2,2.99974,2.95572,2.05466,-9.86526e-21,6.80501e-21,-0.000238769,21.7417,0,0,0
20.1675,3,0,0,0,0,0,0,0,0,0,0
20.1675,4,0,0,0,0,0,0,0,0,0,0
20.1675,5,0,0,0,0,0,0,0,0,0,0
20.2231,0,-7.71068,7.69985,7.77789,-0.927852,0.909751,0.389636,3.75958,0,0,0
20.2231,1,7.87238,-6.8434,6.98913,-0.110629,0.16613,0.0833296,4.63997,0,0,0
20.2231,2,2.99974,2.95572,2.05465,-1.07831e-20,-6.93487e-21,-0.000237699,21.7417,0,0,0
20.2231,3,0,0,0,0,0,0,0,0,0,0
20.2231,4,0,0,0,0,0,0,0,0,0,0
20.2231,5,0,0,0,0,0,0,0,0,0,0
20.2783,0,-7.73922,7.72855,7.84389,-0.840333,0.823874,0.335698,3.75958,0,0,0
20.2783,1,7.87365,-6.84635,6.99689,-0.109823,0.164035,0.0386983,4.63997,0,0,0
20.2783,2,2.99974,2.95572,2.05464,-1.0165e-20,-2.3798e-20,-0.000236375,21.7417,0,0,0
20.2783,3,0,0,0,0,0,0,0,0,0,0
20.2783,4,0,0,0,0,0,0,0,0,0,0
20.2783,5,0,0,0,0,0,0,0,0,0,0
20.3337,0,-7.76429,7.75371,7.86916,-0.751999,0.738419,0.31294,3.64613,0,0,0
20.3337,1,7.87395,-6.84951,6.99727,-0.113586,0.162425,0.0638729,4.63024,0,0,0
20.3337,2,2.99974,2.95572,2.05463,-1.7082e-20,-2.41532e-20,-0.000235562,21.7417,0,0,0
20.3337,3,0,0,0,0,0,0,0,0,0,0
20.3337,4,0,0,0,0,0,0,0,0,0,0
20.3337,5,0,0,0,0,0,0,0,0,0,0
20.3941,0,-7.78206,7.77156,7.88777,-0.650915,0.640479,0.281415,3.57127,0,0,0
20.3941,1,7.87561,-6.85404,7.00076,-0.109741,0.153912,0.055911,4.63024,0,0,0
20.3941,2,2.99974,2.95572,2.05461,-1.51e-20,-2.30057e-20,-0.000234395,21.7417,0,0,0
20.3941,3,0,0,0,0,0,0,0,0,0,0
20.3941,4,0,0,0,0,0,0,0,0,0,0
20.3941,5,0,0,0,0,0,0,0,0,0,0
20.4505,0,-7.80518,7.79478,7.90621,-0.579192,0.571317,0.25478,3.57127,0,0,0
20.4505,1,7.87866,-6.85842,7.00602,-0.0993086,0.143639,0.0246245,4.61695,0,0,0
20.4505,2,2.99974,2.95572,2.0546,-1.58725e-20,-1.95748e-20,-0.000233549,21.7417,0,0,0
20.4505,3,0,0,0,0,0,0,0,0,0,0
20.4505,4,0,0,0,0,0,0,0,0,0,0
20.4505,5,0,0,0,0,0,0,0,0,0,0
20.5067,0,-7.82145,7.81109,7.92336,-0.500266,0.494878,0.23372,3.5051,0,0,0
20.5067,1,7.88017,-6.86402,7.00661,-0.0954644,0.13067,0.0471817,4.61695,0,0,0
20.5067,2,2.99974,2.95572,2.05459,-1.20747e-20,-1.32508e-20,-0.000232468,21.7417,0,0,0
20.5067,3,0,0,0,0,0,0,0,0,0,0
20.5067,4,0,0,0,0,0,0,0,0,0,0
20.5067,5,0,0,0,0,0,0,0,0,0,0
20.5569,0,-7.83776,7.82746,7.94176,-0.434524,0.430987,0.200907,3.5051,0,0,0
20.5569,1,7.87373,-6.85781,7.00909,-0.121419,0.161321,0.0416406,4.61757,0,0,0
20.5569,2,2.99974,2.95572,2.05458,-1.32645e-21,-6.63226e-21,-0.000231339,21.7417,0,0,0
20.5569,3,0,0,0,0,0,0,0,0,0,0
20.5569,4,0,0,0,0,0,0,0,0,0,0
20.5569,5,0,0,0,0,0,0,0,0,0,0
20.6121,0,-7.84476,7.83444,7.95641,-0.33681,0.33469,0.183159,3.4593,0,0,0
20.6121,1,7.88401,-6.87496,7.01329,-0.0844656,0.105891,0.0158727,4.61757,0,0,0
20.6121,2,2.99974,2.95572,2.05455,3.89316e-21,3.85462e-23,-0.000228569,21.7417,0,0,0
20.6121,3,0,0,0,0,0,0,0,0,0,0
20.6121,4,0,0,0,0,0,0,0,0,0,0
20.6121,5,0,0,0,0,0,0,0,0,0,0
20.6734,0,-7.85486,7.8445,7.96179,-0.277141,0.275835,0.185829,3.4593,0,0,0
20.6734,1,7.88802,-6.88208,7.0154,-0.0716354,0.088409,0.0153151,4.59162,0,0,0
20.6734,2,2.99974,2.95572,2.05455,-2.28382e-21,1.11869e-20,-0.000229534,21.7417,0,0,0
20.6734,3,0,0,0,0,0,0,0,0,0,0
20.6734,4,0,0,0,0,0,0,0,0,0,0
20.6734,5,0,0,0,0,0,0,0,0,0,0
20.7287,0,-7.86611,7.85575,7.97434,-0.230514,0.229787,0.147587,3.42426,0,0,0
20.7287,1,7.8896,-6.88647,7.0156,-0.0695069,0.0826431,0.0356804,4.59162,0,0,0
20.7287,2,2.99974,2.95572,2.05454,-1.47982e-21,1.40014e-20,-0.000224998,21.7417,0,0,0
20.7287,3,0,0,0,0,0,0,0,0,0,0
20.7287,4,0,0,0,0,0,0,0,0,0,0
20.7287,5,0,0,0,0,0,0,0,0,0,0
20.7915,0,-7.87246,7.86204,7.98509,-0.176223,0.175614,0.142625,3.42426,0,0,0
20.7915,1,7.89382,-6.89491,7.01876,-0.0565282,0.061578,0.0313308,4.57866,0,0,0
20.7915,2,2.99974,2.95572,2.05453,8.83954e-21,7.08688e-21,-0.000225932,21.7417,0,0,0
20.7915,3,0,0,0,0,0,0,0,0,0,0
20.7915,4,0,0,0,0,0,0,0,0,0,0
20.7915,5,0,0,0,0,0,0,0,0,0,0
