time,uav_id,px,py,pz,vx,vy,vz,feedback,ref_x,ref_y,ref_z
7.4254e-05,0,2.11598,-0.0512137,5.31133,-0.0472057,0.0718538,0.0182462,9.48142,0,0,0
7.4254e-05,1,-1.25812,1.59988,3.9015,0.0425137,-0.0371717,-0.0269711,0.265363,0,0,0
7.4254e-05,2,-1.18005,-1.87199,5.4151,0.0144183,-0.0360782,-0.0201078,0.0681324,0,0,0
7.4254e-05,3,0,0,0,0,0,0,0,0,0,0
7.4254e-05,4,0,0,0,0,0,0,0,0,0,0
7.4254e-05,5,0,0,0,0,0,0,0,0,0,0
0.0756883,0,2.11431,-0.0483578,5.31222,-0.0436422,0.0668785,0.0184849,9.48142,0,0,0
0.0756883,1,-1.25576,1.59769,3.89888,0.0416858,-0.0367774,-0.0256854,0.265363,0,0,0
0.0756883,2,-1.18237,-1.87406,5.41401,0.00393689,-0.0355188,-0.018945,3.03231,0,0,0
0.0756883,3,0,0,0,0,0,0,0,0,0,0
0.0756883,4,0,0,0,0,0,0,0,0,0,0
0.0756883,5,0,0,0,0,0,0,0,0,0,0
0.144745,0,2.11165,-0.0443231,5.31315,-0.0443903,0.0671215,0.0184574,10.3467,0,0,0
0.144745,1,-1.25388,1.59593,3.89767,0.0397032,-0.0353067,-0.0253586,9.27484,0,0,0
0.144745,2,-1.18447,-1.87494,5.41319,-0.00443734,-0.0309452,-0.0180506,3.03231,0,0,0
0.144745,3,0,0,0,0,0,0,0,0,0,0
0.144745,4,0,0,0,0,0,0,0,0,0,0
0.144745,5,0,0,0,0,0,0,0,0,0,0
0.215333,0,2.10954,-0.040875,5.31422,-0.0434437,0.0659126,0.0182707,10.3467,0,0,0
0.215333,1,-1.25107,1.59325,3.8976,0.0419242,-0.0379019,-0.0249956,9.27484,0,0,0
0.215333,2,-1.18614,-1.87589,5.41222,-0.00991709,-0.0270495,-0.0168413,3.02955,0,0,0
0.215333,3,0,0,0,0,0,0,0,0,0,0
0.215333,4,0,0,0,0,0,0,0,0,0,0
0.215333,5,0,0,0,0,0,0,0,0,0,0
0.265647,0,2.10738,-0.0374907,5.31501,-0.0424182,0.0640513,0.0180458,10.3445,0,0,0
0.265647,1,-1.2472,1.58968,3.89525,0.0391403,-0.0355589,-0.0240731,9.27288,0,0,0
0.265647,2,-1.18834,-1.87693,5.4115,-0.0161181,-0.0234206,-0.0160147,3.02955,0,0,0
0.265647,3,0,0,0,0,0,0,0,0,0,0
0.265647,4,0,0,0,0,0,0,0,0,0,0
0.265647,5,0,0,0,0,0,0,0,0,0,0
0.316029,0,2.10481,-0.0334461,5.31604,-0.0423422,0.063574,0.0176196,10.3445,0,0,0
0.316029,1,-1.24686,1.58918,3.89446,0.0328387,-0.0303874,-0.0240293,9.27288,0,0,0
0.316029,2,-1.18992,-1.87774,5.41086,-0.0190488,-0.0195247,-0.0153371,3.0278,0,0,0
0.316029,3,0,0,0,0,0,0,0,0,0,0
0.316029,4,0,0,0,0,0,0,0,0,0,0
0.316029,5,0,0,0,0,0,0,0,0,0,0
0.371653,0,2.1038,-0.0311658,5.31685,-0.0376546,0.0587048,0.0174075,10.3437,0,0,0
0.371653,1,-1.24182,1.58408,3.89291,0.0441757,-0.0424243,-0.0234841,9.26956,0,0,0
0.371653,2,-1.19107,-1.87851,5.41015,-0.0204857,-0.0172946,-0.0144936,3.0278,0,0,0
0.371653,3,0,0,0,0,0,0,0,0,0,0
0.371653,4,0,0,0,0,0,0,0,0,0,0
0.371653,5,0,0,0,0,0,0,0,0,0,0
0.432256,0,2.10032,-0.0259822,5.31782,-0.0425391,0.064794,0.017031,10.3437,0,0,0
0.432256,1,-1.24185,1.58405,3.89135,0.0440624,-0.0425482,-0.0226773,9.26956,0,0,0
0.432256,2,-1.19324,-1.87916,5.40932,-0.0249942,-0.0144546,-0.0137851,3.02569,0,0,0
0.432256,3,0,0,0,0,0,0,0,0,0,0
0.432256,4,0,0,0,0,0,0,0,0,0,0
0.432256,5,0,0,0,0,0,0,0,0,0,0
0.499137,0,2.0984,-0.0225638,5.31863,-0.041327,0.0641029,0.0168996,10.3424,0,0,0
0.499137,1,-1.23866,1.58082,3.8902,0.0467476,-0.0457669,-0.0220113,9.26541,0,0,0
0.499137,2,-1.19516,-1.88039,5.4087,-0.0274278,-0.0138823,-0.0129704,3.02569,0,0,0
0.499137,3,0,0,0,0,0,0,0,0,0,0
0.499137,4,0,0,0,0,0,0,0,0,0,0
0.499137,5,0,0,0,0,0,0,0,0,0,0
0.569616,0,2.09439,-0.0161117,5.3193,-0.0399605,0.0618626,0.0166067,10.3424,0,0,0
0.569616,1,-1.23471,1.57675,3.89018,0.0436156,-0.0435401,-0.0214805,9.26541,0,0,0
0.569616,2,-1.19671,-1.88139,5.40799,-0.0286985,-0.0132223,-0.0118354,3.02251,0,0,0
0.569616,3,0,0,0,0,0,0,0,0,0,0
0.569616,4,0,0,0,0,0,0,0,0,0,0
0.569616,5,0,0,0,0,0,0,0,0,0,0
0.639923,0,2.09283,-0.0132807,5.3202,-0.038137,0.0598019,0.0164285,10.3405,0,0,0
0.639923,1,-1.23201,1.57392,3.88805,0.0447945,-0.0453085,-0.0201117,9.25753,0,0,0
0.639923,2,-1.19829,-1.88233,5.40745,-0.0300832,-0.0127638,-0.00796881,3.02251,0,0,0
0.639923,3,0,0,0,0,0,0,0,0,0,0
0.639923,4,0,0,0,0,0,0,0,0,0,0
0.639923,5,0,0,0,0,0,0,0,0,0,0
0.703287,0,2.09053,-0.00926472,5.3213,-0.0384285,0.0609186,0.0161936,10.3405,0,0,0
0.703287,1,-1.23212,1.57394,3.88698,0.0443493,-0.0451951,-0.020012,9.25741,0,0,0
0.703287,2,-1.19972,-1.88346,5.40742,-0.0305228,-0.0129169,0.00550318,3.0199,0,0,0
0.703287,3,0,0,0,0,0,0,0,0,0,0
0.703287,4,0,0,0,0,0,0,0,0,0,0
0.703287,5,0,0,0,0,0,0,0,0,0,0
0.764267,0,2.09072,-0.00907678,5.3221,-0.0377737,0.0615759,0.0160294,10.3397,0,0,0
0.764267,1,-1.22927,1.57091,3.88622,0.036848,-0.0388748,-0.0248617,9.25741,0,0,0
0.764267,2,-1.20074,-1.8844,5.40853,-0.0287911,-0.0118207,0.0288428,3.0199,0,0,0
0.764267,3,0,0,0,0,0,0,0,0,0,0
0.764267,4,0,0,0,0,0,0,0,0,0,0
0.764267,5,0,0,0,0,0,0,0,0,0,0
0.8215,0,2.08882,-0.00578766,5.32361,-0.0365132,0.0599461,0.0154791,10.3397,0,0,0
0.8215,1,-1.22927,1.57091,3.88622,0.036848,-0.0388748,-0.0248617,9.25505,0,0,0
0.8215,2,-1.20204,-1.88566,5.41067,-0.0253914,-0.00942398,0.0658585,3.01659,0,0,0
0.8215,3,0,0,0,0,0,0,0,0,0,0
0.8215,4,0,0,0,0,0,0,0,0,0,0
0.8215,5,0,0,0,0,0,0,0,0,0,0
0.881714,0,2.08713,-0.00237759,5.32451,-0.0355235,0.0602317,0.0150619,10.3398,0,0,0
0.881714,1,-1.22417,1.56429,3.88133,0.0291038,-0.0418481,-0.0652552,9.25505,0,0,0
0.881714,2,-1.20417,-1.88779,5.41855,-0.0228547,-0.00821202,0.107396,3.01659,0,0,0
0.881714,3,0,0,0,0,0,0,0,0,0,0
0.881714,4,0,0,0,0,0,0,0,0,0,0
0.881714,5,0,0,0,0,0,0,0,0,0,0
0.950156,0,2.08477,0.00125022,5.32519,-0.0370693,0.0614524,0.0140229,10.3398,0,0,0
0.950156,1,-1.22337,1.5609,3.87528,0.0182018,-0.0526486,-0.103178,9.2493,0,0,0
0.950156,2,-1.20742,-1.89104,5.42527,-0.0219315,-0.00893082,0.150673,3.00758,0,0,0
0.950156,3,0,0,0,0,0,0,0,0,0,0
0.950156,4,0,0,0,0,0,0,0,0,0,0
0.950156,5,0,0,0,0,0,0,0,0,0,0
1.00813,0,2.08184,0.006858,5.32548,-0.0335489,0.0577764,0.00396621,10.3387,0,0,0
1.00813,1,-1.22266,1.55826,3.87146,0.00910994,-0.0590959,-0.125148,9.2493,0,0,0
1.00813,2,-1.21656,-1.90005,5.4371,-0.0342249,-0.0233553,0.216587,2.9836,0,0,0
1.00813,3,0,0,0,0,0,0,0,0,0,0
1.00813,4,0,0,0,0,0,0,0,0,0,0
1.00813,5,0,0,0,0,0,0,0,0,0,0
1.07191,0,2.08167,0.00689286,5.32515,-0.0346482,0.0573644,-0.0129701,10.3387,0,0,0
1.07191,1,-1.22566,1.55623,3.86198,-0.0136417,-0.0657338,-0.143736,9.24276,0,0,0
1.07191,2,-1.22899,-1.91189,5.44767,-0.0517939,-0.0429107,0.290742,2.9836,0,0,0
1.07191,3,0,0,0,0,0,0,0,0,0,0
1.07191,4,0,0,0,0,0,0,0,0,0,0
1.07191,5,0,0,0,0,0,0,0,0,0,0
1.12714,0,2.07745,0.0120656,5.32665,-0.0378095,0.0499371,-0.0473051,10.3377,0,0,0
1.12714,1,-1.22672,1.55517,3.85319,-0.0256078,-0.0778527,-0.158135,9.24276,0,0,0
1.12714,2,-1.24099,-1.92253,5.46301,-0.0675083,-0.058101,0.338861,2.94234,0,0,0
1.12714,3,0,0,0,0,0,0,0,0,0,0
1.12714,4,0,0,0,0,0,0,0,0,0,0
1.12714,5,0,0,0,0,0,0,0,0,0,0
1.19496,0,2.07276,0.0131822,5.31917,-0.0514873,0.0374983,-0.0875533,10.3377,0,0,0
1.19496,1,-1.23648,1.5428,3.83187,-0.0750019,-0.125344,-0.194489,9.23688,0,0,0
1.19496,2,-1.26371,-1.94373,5.48065,-0.109636,-0.101538,0.418375,2.94234,0,0,0
1.19496,3,0,0,0,0,0,0,0,0,0,0
1.19496,4,0,0,0,0,0,0,0,0,0,0
1.19496,5,0,0,0,0,0,0,0,0,0,0
1.25389,0,2.06908,0.00987346,5.31618,-0.0712671,0.0191543,-0.1203,10.3302,0,0,0
1.25389,1,-1.25572,1.51593,3.81302,-0.15725,-0.224994,-0.231184,9.23688,0,0,0
1.25389,2,-1.28383,-1.96171,5.49758,-0.142406,-0.133425,0.479388,2.87536,0,0,0
1.25389,3,0,0,0,0,0,0,0,0,0,0
1.25389,4,0,0,0,0,0,0,0,0,0,0
1.25389,5,0,0,0,0,0,0,0,0,0,0
1.32224,0,2.05992,0.00505905,5.3127,-0.1042,-0.0183145,-0.160086,10.3143,0,0,0
1.32224,1,-1.29131,1.47219,3.79671,-0.24977,-0.320081,-0.225141,9.18803,0,0,0
1.32224,2,-1.31482,-1.989,5.5164,-0.210209,-0.194025,0.537572,2.87536,0,0,0
1.32224,3,0,0,0,0,0,0,0,0,0,0
1.32224,4,0,0,0,0,0,0,0,0,0,0
1.32224,5,0,0,0,0,0,0,0,0,0,0
1.39423,0,2.04376,-0.00152504,5.30415,-0.14009,-0.0542755,-0.179658,10.3143,0,0,0
1.39423,1,-1.31874,1.44397,3.77905,-0.345316,-0.42051,-0.218443,9.18803,0,0,0
1.39423,2,-1.35058,-2.02088,5.54387,-0.290237,-0.268723,0.600277,2.77558,0,0,0
1.39423,3,0,0,0,0,0,0,0,0,0,0
1.39423,4,0,0,0,0,0,0,0,0,0,0
1.39423,5,0,0,0,0,0,0,0,0,0,0
1.4698,0,2.02404,-0.0174711,5.28167,-0.202872,-0.117101,-0.208129,10.2668,0,0,0
1.4698,1,-1.3514,1.40384,3.72931,-0.418097,-0.516101,-0.240704,9.10054,0,0,0
1.4698,2,-1.38457,-2.04588,5.57122,-0.361543,-0.316301,0.627593,2.77558,0,0,0
1.4698,3,0,0,0,0,0,0,0,0,0,0
1.4698,4,0,0,0,0,0,0,0,0,0,0
1.4698,5,0,0,0,0,0,0,0,0,0,0
1.54008,0,2.0108,-0.0307535,5.25762,-0.261662,-0.172604,-0.216682,10.2668,0,0,0
1.54008,1,-1.39562,1.34909,3.73136,-0.456235,-0.568132,-0.214127,9.10054,0,0,0
1.54008,2,-1.49364,-2.13286,5.63475,-0.63028,-0.522561,0.637908,2.66857,0,0,0
1.54008,3,0,0,0,0,0,0,0,0,0,0
1.54008,4,0,0,0,0,0,0,0,0,0,0
1.54008,5,0,0,0,0,0,0,0,0,0,0
1.60354,0,1.9847,-0.0528377,5.24024,-0.338222,-0.24558,-0.234502,10.2096,0,0,0
1.60354,1,-1.44166,1.28668,3.68624,-0.530166,-0.695576,-0.21254,8.98672,0,0,0
1.60354,2,-1.53962,-2.17198,5.66591,-0.706825,-0.590489,0.607153,2.66857,0,0,0
1.60354,3,0,0,0,0,0,0,0,0,0,0
1.60354,4,0,0,0,0,0,0,0,0,0,0
1.60354,5,0,0,0,0,0,0,0,0,0,0
1.66771,0,1.95328,-0.0803135,5.21931,-0.4205,-0.320423,-0.222996,10.2096,0,0,0
1.66771,1,-1.49702,1.20537,3.68856,-0.625524,-0.86757,-0.168522,8.98672,0,0,0
1.66771,2,-1.5791,-2.20683,5.69505,-0.754365,-0.63831,0.552077,2.50554,0,0,0
1.66771,3,0,0,0,0,0,0,0,0,0,0
1.66771,4,0,0,0,0,0,0,0,0,0,0
1.66771,5,0,0,0,0,0,0,0,0,0,0
1.73317,0,1.90586,-0.122154,5.18557,-0.5491,-0.430369,-0.220752,10.1022,0,0,0
1.73317,1,-1.54602,1.13667,3.6505,-0.687968,-0.981003,-0.163167,8.82108,0,0,0
1.73317,2,-1.5791,-2.20683,5.69505,-0.754365,-0.63831,0.552077,2.50554,0,0,0
1.73317,3,0,0,0,0,0,0,0,0,0,0
1.73317,4,0,0,0,0,0,0,0,0,0,0
1.73317,5,0,0,0,0,0,0,0,0,0,0
1.80414,0,1.8605,-0.164102,5.156,-0.656861,-0.525121,-0.229957,10.1022,0,0,0
1.80414,1,-1.60422,1.06542,3.63475,-0.766318,-1.07632,-0.157956,8.65757,0,0,0
1.80414,2,-1.75111,-2.33001,5.75463,-1.01024,-0.785014,0.389041,2.36221,0,0,0
1.80414,3,0,0,0,0,0,0,0,0,0,0
1.80414,4,0,0,0,0,0,0,0,0,0,0
1.80414,5,0,0,0,0,0,0,0,0,0,0
1.86721,0,1.81079,-0.207879,5.14408,-0.762993,-0.607677,-0.238612,9.97788,0,0,0
1.86721,1,-1.65237,0.975771,3.62587,-0.806603,-1.22105,-0.120195,8.65757,0,0,0
1.86721,2,-1.75111,-2.33001,5.75463,-1.01024,-0.785014,0.389041,2.36221,0,0,0
1.86721,3,0,0,0,0,0,0,0,0,0,0
1.86721,4,0,0,0,0,0,0,0,0,0,0
1.86721,5,0,0,0,0,0,0,0,0,0,0
1.9253,0,1.71599,-0.295111,5.08792,-0.922785,-0.738829,-0.292892,9.97788,0,0,0
1.9253,1,-1.69009,0.904461,3.62215,-0.811429,-1.28845,-0.0842092,8.48214,0,0,0
1.9253,2,-1.80924,-2.37275,5.78193,-1.07665,-0.823051,0.293801,7.56274,0,0,0
1.9253,3,0,0,0,0,0,0,0,0,0,0
1.9253,4,0,0,0,0,0,0,0,0,0,0
1.9253,5,0,0,0,0,0,0,0,0,0,0
1.98052,0,1.63394,-0.366437,5.06362,-1.08314,-0.851515,-0.312945,9.74692,0,0,0
1.98052,1,-1.7598,0.806878,3.60401,-0.909742,-1.42779,-0.0414511,8.48214,0,0,0
1.98052,2,-1.86257,-2.40725,5.81253,-1.11665,-0.826914,0.20835,7.56274,0,0,0
1.98052,3,0,0,0,0,0,0,0,0,0,0
1.98052,4,0,0,0,0,0,0,0,0,0,0
1.98052,5,0,0,0,0,0,0,0,0,0,0
2.03346,0,1.6067,-0.384932,5.01919,-1.18566,-0.90184,-0.388765,9.74692,0,0,0
2.03346,1,-1.74521,0.747054,3.58993,-0.847389,-1.63745,0.0342497,8.31475,0,0,0
2.03346,2,-1.89334,-2.4265,5.83193,-1.06395,-0.772452,0.180668,7.45817,0,0,0
2.03346,3,0,0,0,0,0,0,0,0,0,0
2.03346,4,0,0,0,0,0,0,0,0,0,0
2.03346,5,0,0,0,0,0,0,0,0,0,0
2.0863,0,1.47145,-0.499465,4.97933,-1.33138,-1.00026,-0.449375,11.3634,0,0,0
2.0863,1,-1.85048,0.549353,3.56365,-0.934832,-1.83699,0.0495744,8.31475,0,0,0
2.0863,2,-1.91494,-2.44007,5.8501,-0.989283,-0.707876,0.172695,7.45817,0,0,0
2.0863,3,0,0,0,0,0,0,0,0,0,0
2.0863,4,0,0,0,0,0,0,0,0,0,0
2.0863,5,0,0,0,0,0,0,0,0,0,0
2.13915,0,1.45385,-0.504804,4.98855,-1.39234,-1.00647,-0.463162,11.3634,0,0,0
2.13915,1,-1.8265,0.52575,3.56462,-0.845797,-1.91592,0.0950499,8.31475,0,0,0
2.13915,2,-1.97,-2.48096,5.86848,-1.02226,-0.731754,0.141121,2.01402,0,0,0
2.13915,3,0,0,0,0,0,0,0,0,0,0
2.13915,4,0,0,0,0,0,0,0,0,0,0
2.13915,5,0,0,0,0,0,0,0,0,0,0
2.18956,0,1.38572,-0.552417,4.95871,-1.45056,-1.00967,-0.513604,11.2681,0,0,0
2.18956,1,-1.91697,0.33421,3.55237,-0.885015,-2.0228,0.0774835,8.08055,0,0,0
2.18956,2,-2.00019,-2.49375,5.88782,-0.971974,-0.663792,0.153788,2.01402,0,0,0
2.18956,3,0,0,0,0,0,0,0,0,0,0
2.18956,4,0,0,0,0,0,0,0,0,0,0
2.18956,5,0,0,0,0,0,0,0,0,0,0
2.24487,0,1.32811,-0.591874,4.94133,-1.46538,-0.982177,-0.57135,11.2681,0,0,0
2.24487,1,-1.8845,0.293228,3.54091,-0.761481,-2.17078,0.0905287,8.08055,0,0,0
2.24487,2,-2.03506,-2.51594,5.90774,-0.932887,-0.629522,0.149454,1.9082,0,0,0
2.24487,3,0,0,0,0,0,0,0,0,0,0
2.24487,4,0,0,0,0,0,0,0,0,0,0
2.24487,5,0,0,0,0,0,0,0,0,0,0
2.3026,0,1.27096,-0.635563,4.89186,-1.49112,-0.968236,-0.645599,11.1403,0,0,0
2.3026,1,-1.97808,0.0596977,3.52778,-0.80415,-2.28019,0.074802,7.84007,0,0,0
2.3026,2,-2.02795,-2.50883,5.92142,-0.904938,-0.602582,0.148979,1.9082,0,0,0
2.3026,3,0,0,0,0,0,0,0,0,0,0
2.3026,4,0,0,0,0,0,0,0,0,0,0
2.3026,5,0,0,0,0,0,0,0,0,0,0
2.37127,0,1.11992,-0.729207,4.86833,-1.62599,-0.98832,-0.622787,11.1403,0,0,0
2.37127,1,-1.9576,0.0168675,3.5097,-0.723046,-2.43457,-0.0126488,7.84007,0,0,0
2.37127,2,-2.09354,-2.55056,5.93741,-0.833765,-0.546149,0.172884,1.8639,0,0,0
2.37127,3,0,0,0,0,0,0,0,0,0,0
2.37127,4,0,0,0,0,0,0,0,0,0,0
2.37127,5,0,0,0,0,0,0,0,0,0,0
2.43132,0,0.889265,-0.814927,4.84703,-2.16321,-1.1062,-0.413198,10.7445,0,0,0
2.43132,1,-1.99648,-0.248574,3.48227,-0.609559,-2.58285,-0.0737113,7.55325,0,0,0
2.43132,2,-2.11031,-2.55802,5.94791,-0.769025,-0.491884,0.213209,1.8639,0,0,0
2.43132,3,0,0,0,0,0,0,0,0,0,0
2.43132,4,0,0,0,0,0,0,0,0,0,0
2.43132,5,0,0,0,0,0,0,0,0,0,0
2.49175,0,0.664315,-0.9357,4.76921,-2.58637,-1.30809,-0.598365,10.7445,0,0,0
2.49175,1,-2.04032,-0.387814,3.46851,-0.654462,-2.67661,-0.125475,7.55325,0,0,0
2.49175,2,-2.09038,-2.54502,5.96597,-0.694491,-0.445278,0.23765,6.15038,0,0,0
2.49175,3,0,0,0,0,0,0,0,0,0,0
2.49175,4,0,0,0,0,0,0,0,0,0,0
2.49175,5,0,0,0,0,0,0,0,0,0,0
2.55706,0,0.664315,-0.9357,4.76921,-2.58637,-1.30809,-0.598365,10.5133,0,0,0
2.55706,1,-2.0289,-0.523121,3.45699,-0.518982,-2.73334,-0.172587,7.13824,0,0,0
2.55706,2,-2.09501,-2.5467,5.98524,-0.591036,-0.374664,0.268819,6.15038,0,0,0
2.55706,3,0,0,0,0,0,0,0,0,0,0
2.55706,4,0,0,0,0,0,0,0,0,0,0
2.55706,5,0,0,0,0,0,0,0,0,0,0
2.6174,0,0.373094,-1.0733,4.54288,-2.78484,-1.30823,-0.933809,10.5133,0,0,0
2.6174,1,-2.06081,-0.693896,3.44212,-0.532235,-2.86471,-0.304559,7.13824,0,0,0
2.6174,2,-2.11777,-2.55615,5.99916,-0.567449,-0.338509,0.287256,6.18368,0,0,0
2.6174,3,0,0,0,0,0,0,0,0,0,0
2.6174,4,0,0,0,0,0,0,0,0,0,0
2.6174,5,0,0,0,0,0,0,0,0,0,0
2.67539,0,0.217602,-1.13647,4.54114,-2.84965,-1.34609,-0.784898,10.1002,0,0,0
2.67539,1,-2.03688,-0.704791,3.44592,-0.452147,-2.88469,-0.466967,6.83271,0,0,0
2.67539,2,-2.13119,-2.56487,6.01545,-0.499871,-0.295166,0.312574,6.18368,0,0,0
2.67539,3,0,0,0,0,0,0,0,0,0,0
2.67539,4,0,0,0,0,0,0,0,0,0,0
2.67539,5,0,0,0,0,0,0,0,0,0,0
2.72916,0,0.0413154,-1.15751,4.52653,-3.0085,-1.2349,-0.73609,10.1002,0,0,0
2.72916,1,-2.06903,-0.835941,3.43726,-0.497846,-2.85683,-0.664702,6.83271,0,0,0
2.72916,2,-2.15531,-2.57804,6.03605,-0.407603,-0.226732,0.339169,6.16573,0,0,0
2.72916,3,0,0,0,0,0,0,0,0,0,0
2.72916,4,0,0,0,0,0,0,0,0,0,0
2.72916,5,0,0,0,0,0,0,0,0,0,0
2.80212,0,0.0571442,-1.14166,4.50692,-2.9208,-1.1742,-0.800759,4.73025,0,0,0
2.80212,1,-2.09653,-1.13401,3.40988,-0.420749,-2.89325,-0.745127,6.69186,0,0,0
2.80212,2,-2.16862,-2.58428,6.04782,-0.370977,-0.194707,0.35872,6.16573,0,0,0
2.80212,3,0,0,0,0,0,0,0,0,0,0
2.80212,4,0,0,0,0,0,0,0,0,0,0
2.80212,5,0,0,0,0,0,0,0,0,0,0
2.86761,0,-0.0998939,-1.16701,4.48471,-2.9956,-1.07493,-0.865655,4.73025,0,0,0
2.86761,1,-2.10716,-1.27061,3.39641,-0.38379,-2.90141,-0.779396,6.69186,0,0,0
2.86761,2,-2.18175,-2.59446,6.06903,-0.334363,-0.174835,0.376613,6.14804,0,0,0
2.86761,3,0,0,0,0,0,0,0,0,0,0
2.86761,4,0,0,0,0,0,0,0,0,0,0
2.86761,5,0,0,0,0,0,0,0,0,0,0
2.93009,0,-0.372851,-1.25159,4.46322,-2.99082,-1.02703,-0.911806,9.60952,0,0,0
2.93009,1,-2.12871,-1.35735,3.39113,-0.401287,-2.66799,-0.829415,6.25643,0,0,0
2.93009,2,-2.20247,-2.6085,6.09975,-0.314871,-0.156446,0.414534,6.14804,0,0,0
2.93009,3,0,0,0,0,0,0,0,0,0,0
2.93009,4,0,0,0,0,0,0,0,0,0,0
2.93009,5,0,0,0,0,0,0,0,0,0,0
2.98792,0,-0.512679,-1.2738,4.46393,-2.99812,-0.957162,-0.970439,9.60952,0,0,0
2.98792,1,-2.13768,-1.49227,3.38201,-0.36604,-2.66542,-0.896616,6.03279,0,0,0
2.98792,2,-2.22508,-2.62795,6.10842,-0.318987,-0.173928,0.424638,6.14342,0,0,0
2.98792,3,0,0,0,0,0,0,0,0,0,0
2.98792,4,0,0,0,0,0,0,0,0,0,0
2.98792,5,0,0,0,0,0,0,0,0,0,0
3.05632,0,-0.496339,-1.25048,4.42093,-2.91598,-0.876877,-1.03328,4.33851,0,0,0
3.05632,1,-2.1306,-1.42122,3.37872,-0.356267,-2.43273,-0.795853,6.03279,0,0,0
3.05632,2,-2.2492,-2.65272,6.11611,-0.324653,-0.203517,0.434973,6.14342,0,0,0
3.05632,3,0,0,0,0,0,0,0,0,0,0
3.05632,4,0,0,0,0,0,0,0,0,0,0
3.05632,5,0,0,0,0,0,0,0,0,0,0
3.10749,0,-0.775423,-1.3101,4.41421,-2.88873,-0.803057,-1.18213,4.33851,0,0,0
3.10749,1,-2.1306,-1.42122,3.37872,-0.356267,-2.43273,-0.795853,6.03279,0,0,0
3.10749,2,-2.28678,-2.68639,6.12659,-0.374296,-0.259362,0.44796,6.10739,0,0,0
3.10749,3,0,0,0,0,0,0,0,0,0,0
3.10749,4,0,0,0,0,0,0,0,0,0,0
3.10749,5,0,0,0,0,0,0,0,0,0,0
3.17023,0,-0.888414,-1.335,4.39639,-2.79924,-0.778454,-1.13455,9.20331,0,0,0
3.17023,1,-2.1643,-1.80886,3.35464,-0.287186,-2.52919,-0.702936,5.84092,0,0,0
3.17023,2,-2.32168,-2.71812,6.13339,-0.417901,-0.314203,0.448025,6.10739,0,0,0
3.17023,3,0,0,0,0,0,0,0,0,0,0
3.17023,4,0,0,0,0,0,0,0,0,0,0
3.17023,5,0,0,0,0,0,0,0,0,0,0
3.23666,0,-0.957671,-1.33987,4.36792,-2.58058,-0.722089,-0.981078,9.20331,0,0,0
3.23666,1,-2.21524,-1.87847,3.3376,-0.40756,-2.39712,-0.572864,5.84092,0,0,0
3.23666,2,-2.37083,-2.76461,6.14991,-0.502436,-0.41981,0.446746,6.04852,0,0,0
3.23666,3,0,0,0,0,0,0,0,0,0,0
3.23666,4,0,0,0,0,0,0,0,0,0,0
3.23666,5,0,0,0,0,0,0,0,0,0,0
3.28733,0,-0.953555,-1.33575,4.36667,-2.5712,-0.748783,-0.915656,4.03902,0,0,0
3.28733,1,-2.20888,-2.04851,3.33321,-0.316765,-2.5541,-0.624681,5.63657,0,0,0
3.28733,2,-2.41859,-2.80759,6.16291,-0.570325,-0.495849,0.433452,6.04852,0,0,0
3.28733,3,0,0,0,0,0,0,0,0,0,0
3.28733,4,0,0,0,0,0,0,0,0,0,0
3.28733,5,0,0,0,0,0,0,0,0,0,0
3.35523,0,-1.10414,-1.34612,4.3528,-2.68076,-0.685737,-0.866255,4.03902,0,0,0
3.35523,1,-2.24103,-2.12775,3.32652,-0.360853,-2.42047,-0.635056,5.47186,0,0,0
3.35523,2,-2.48633,-2.86816,6.17674,-0.684735,-0.623226,0.388182,6.77748,0,0,0
3.35523,3,0,0,0,0,0,0,0,0,0,0
3.35523,4,0,0,0,0,0,0,0,0,0,0
3.35523,5,0,0,0,0,0,0,0,0,0,0
3.41047,0,-1.24719,-1.36999,4.33855,-2.67862,-0.669396,-0.757377,6.61151,0,0,0
3.41047,1,-2.24322,-2.08029,3.32182,-0.372148,-2.24333,-0.642897,5.47186,0,0,0
3.41047,2,-2.54197,-2.91675,6.1927,-0.757125,-0.70192,0.334587,6.61058,0,0,0
3.41047,3,0,0,0,0,0,0,0,0,0,0
3.41047,4,0,0,0,0,0,0,0,0,0,0
3.41047,5,0,0,0,0,0,0,0,0,0,0
3.46367,0,-1.32815,-1.41606,4.33408,-2.51637,-0.744875,-0.661744,6.61151,0,0,0
3.46367,1,-2.26328,-2.14062,3.31306,-0.376189,-2.06118,-0.5682,5.47186,0,0,0
3.46367,2,-2.60351,-2.96587,6.20599,-0.841148,-0.771471,0.270757,6.61058,0,0,0
3.46367,3,0,0,0,0,0,0,0,0,0,0
3.46367,4,0,0,0,0,0,0,0,0,0,0
3.46367,5,0,0,0,0,0,0,0,0,0,0
3.52414,0,-1.35466,-1.4311,4.33291,-2.1738,-0.698186,-0.569595,6.49221,0,0,0
3.52414,1,-2.30197,-2.29713,3.30108,-0.378156,-1.90234,-0.470309,3.93027,0,0,0
3.52414,2,-2.66988,-3.01455,6.22286,-0.924733,-0.815607,0.213414,6.44801,0,0,0
3.52414,3,0,0,0,0,0,0,0,0,0,0
3.52414,4,0,0,0,0,0,0,0,0,0,0
3.52414,5,0,0,0,0,0,0,0,0,0,0
3.57962,0,-1.45667,-1.45832,4.33493,-2.183,-0.680861,-0.440395,6.49221,0,0,0
3.57962,1,-2.29828,-2.23717,3.29561,-0.380837,-1.70032,-0.407036,5.26627,0,0,0
3.57962,2,-2.74408,-3.06449,6.21867,-1.02171,-0.85567,0.153229,6.44801,0,0,0
3.57962,3,0,0,0,0,0,0,0,0,0,0
3.57962,4,0,0,0,0,0,0,0,0,0,0
3.57962,5,0,0,0,0,0,0,0,0,0,0
3.634,0,-1.52593,-1.49731,4.31404,-2.07287,-0.703972,-0.27596,6.30937,0,0,0
3.634,1,-2.32252,-2.29947,3.28479,-0.405405,-1.59986,-0.384035,5.26627,0,0,0
3.634,2,-2.81967,-3.10831,6.22225,-1.12553,-0.869459,0.0799796,6.27549,0,0,0
3.634,3,0,0,0,0,0,0,0,0,0,0
3.634,4,0,0,0,0,0,0,0,0,0,0
3.634,5,0,0,0,0,0,0,0,0,0,0
3.69431,0,-1.5815,-1.54086,4.30517,-1.93027,-0.728796,-0.101004,6.30937,0,0,0
3.69431,1,-2.34566,-2.38032,3.27329,-0.414335,-1.58122,-0.364296,5.19968,0,0,0
3.69431,2,-2.91545,-3.15507,6.21679,-1.28267,-0.882973,0.00336692,6.27549,0,0,0
3.69431,3,0,0,0,0,0,0,0,0,0,0
3.69431,4,0,0,0,0,0,0,0,0,0,0
3.69431,5,0,0,0,0,0,0,0,0,0,0
3.75209,0,-1.65426,-1.60332,4.31031,-1.85843,-0.812613,0.0247962,6.15839,0,0,0
3.75209,1,-2.38005,-2.44107,3.26393,-0.469201,-1.50898,-0.335463,5.19968,0,0,0
3.75209,2,-2.99354,-3.19351,6.21053,-1.34939,-0.859042,-0.0700891,6.27549,0,0,0
3.75209,3,0,0,0,0,0,0,0,0,0,0
3.75209,4,0,0,0,0,0,0,0,0,0,0
3.75209,5,0,0,0,0,0,0,0,0,0,0
3.8123,0,-1.80031,-1.71854,4.31224,-1.75306,-0.902517,0.20519,6.15839,0,0,0
3.8123,1,-2.40244,-2.48606,3.2527,-0.474295,-1.38132,-0.308101,4.99903,0,0,0
3.8123,2,-3.0726,-3.24659,6.20203,-1.4176,-0.885744,-0.173741,6.09291,0,0,0
3.8123,3,0,0,0,0,0,0,0,0,0,0
3.8123,4,0,0,0,0,0,0,0,0,0,0
3.8123,5,0,0,0,0,0,0,0,0,0,0
3.86268,0,-1.75833,-1.74127,4.32407,-1.60399,-0.966527,0.291541,6.02627,0,0,0
3.86268,1,-2.42495,-2.5241,3.24152,-0.482927,-1.2634,-0.276035,4.99903,0,0,0
3.86268,2,-3.16008,-3.24996,6.19238,-1.49081,-0.742178,-0.238609,6.09291,0,0,0
3.86268,3,0,0,0,0,0,0,0,0,0,0
3.86268,4,0,0,0,0,0,0,0,0,0,0
3.86268,5,0,0,0,0,0,0,0,0,0,0
3.92053,0,-1.88803,-1.94629,4.34991,-1.26988,-1.14909,0.411452,6.02627,0,0,0
3.92053,1,-2.45997,-2.58129,3.22919,-0.519794,-1.20269,-0.262594,4.95663,0,0,0
3.92053,2,-3.23146,-3.26336,6.17995,-1.50152,-0.638764,-0.298771,5.93696,0,0,0
3.92053,3,0,0,0,0,0,0,0,0,0,0
3.92053,4,0,0,0,0,0,0,0,0,0,0
3.92053,5,0,0,0,0,0,0,0,0,0,0
3.97771,0,-1.91309,-2.01337,4.35683,-1.12922,-1.18768,0.462751,5.85862,0,0,0
3.97771,1,-2.48952,-2.62528,3.21637,-0.53867,-1.11809,-0.258842,4.95663,0,0,0
3.97771,2,-3.34157,-3.27675,6.15844,-1.63881,-0.547599,-0.349406,5.93696,0,0,0
3.97771,3,0,0,0,0,0,0,0,0,0,0
3.97771,4,0,0,0,0,0,0,0,0,0,0
3.97771,5,0,0,0,0,0,0,0,0,0,0
4.02795,0,-1.91309,-2.01337,4.35683,-1.12922,-1.18768,0.462751,5.85862,0,0,0
4.02795,1,-2.52474,-2.66976,3.20222,-0.573298,-1.05229,-0.25106,4.8436,0,0,0
4.02795,2,-3.48829,-3.27907,6.14454,-1.88565,-0.419367,-0.479972,5.79462,0,0,0
4.02795,3,0,0,0,0,0,0,0,0,0,0
4.02795,4,0,0,0,0,0,0,0,0,0,0
4.02795,5,0,0,0,0,0,0,0,0,0,0
4.08342,0,-1.90179,-2.11002,4.37391,-0.869598,-1.35059,0.476289,3.16638,0,0,0
4.08342,1,-2.56156,-2.71378,3.18373,-0.601321,-0.978592,-0.250505,4.8436,0,0,0
4.08342,2,-3.59704,-3.29106,6.11978,-1.93843,-0.358712,-0.592877,5.79462,0,0,0
4.08342,3,0,0,0,0,0,0,0,0,0,0
4.08342,4,0,0,0,0,0,0,0,0,0,0
4.08342,5,0,0,0,0,0,0,0,0,0,0
4.13358,0,-1.94254,-2.23859,4.37594,-0.786101,-1.55565,0.455117,3.16638,0,0,0
4.13358,1,-2.56156,-2.71378,3.18373,-0.601321,-0.978592,-0.250505,4.74173,0,0,0
4.13358,2,-3.66653,-3.30091,6.0931,-1.82595,-0.315379,-0.683231,4.98083,0,0,0
4.13358,3,0,0,0,0,0,0,0,0,0,0
4.13358,4,0,0,0,0,0,0,0,0,0,0
4.13358,5,0,0,0,0,0,0,0,0,0,0
4.1949,0,-1.97177,-2.3462,4.37877,-0.698069,-1.68813,0.387555,3.0428,0,0,0
4.1949,1,-2.60017,-2.75895,3.16407,-0.635601,-0.933462,-0.257537,4.74173,0,0,0
4.1949,2,-3.72998,-3.28371,6.07085,-1.71588,-0.21065,-0.762455,4.8485,0,0,0
4.1949,3,0,0,0,0,0,0,0,0,0,0
4.1949,4,0,0,0,0,0,0,0,0,0,0
4.1949,5,0,0,0,0,0,0,0,0,0,0
4.26285,0,-2.02339,-2.45216,4.39084,-0.709838,-1.78932,0.32627,3.0428,0,0,0
4.26285,1,-2.63335,-2.79653,3.12352,-0.646475,-0.87039,-0.271955,4.6448,0,0,0
4.26285,2,-3.85365,-3.2655,6.04757,-1.82054,-0.110476,-0.872232,4.8485,0,0,0
4.26285,3,0,0,0,0,0,0,0,0,0,0
4.26285,4,0,0,0,0,0,0,0,0,0,0
4.26285,5,0,0,0,0,0,0,0,0,0,0
4.32417,0,-2.03166,-2.56983,4.40856,-0.574936,-1.90452,0.250016,7.59765,0,0,0
4.32417,1,-2.6659,-2.83226,3.12416,-0.663564,-0.831338,-0.27772,4.6448,0,0,0
4.32417,2,-3.93998,-3.25255,6.02541,-1.80197,-0.0533514,-0.906765,4.66255,0,0,0
4.32417,3,0,0,0,0,0,0,0,0,0,0
4.32417,4,0,0,0,0,0,0,0,0,0,0
4.32417,5,0,0,0,0,0,0,0,0,0,0
4.38689,0,-2.05726,-2.72568,4.42946,-0.514149,-2.15789,0.181189,7.59765,0,0,0
4.38689,1,-2.73098,-2.90639,3.10662,-0.676481,-0.765064,-0.292275,4.52072,0,0,0
4.38689,2,-4.05653,-3.23757,5.99803,-1.86283,-0.0125182,-0.967807,4.66255,0,0,0
4.38689,3,0,0,0,0,0,0,0,0,0,0
4.38689,4,0,0,0,0,0,0,0,0,0,0
4.38689,5,0,0,0,0,0,0,0,0,0,0
4.45483,0,-2.13629,-2.98713,4.57633,-0.529813,-2.42809,0.338669,7.33345,0,0,0
4.45483,1,-2.75022,-2.92427,3.09033,-0.640337,-0.690452,-0.30352,4.52072,0,0,0
4.45483,2,-4.16812,-3.23409,5.96673,-1.89549,-0.0368724,-0.965949,4.45677,0,0,0
4.45483,3,0,0,0,0,0,0,0,0,0,0
4.45483,4,0,0,0,0,0,0,0,0,0,0
4.45483,5,0,0,0,0,0,0,0,0,0,0
4.50799,0,-2.15854,-3.08432,4.6469,-0.492068,-2.44378,0.336775,7.33345,0,0,0
4.50799,1,-2.76066,-2.93803,3.06462,-0.573567,-0.624872,-0.35797,4.48331,0,0,0
4.50799,2,-4.23444,-3.22262,5.9439,-1.80324,-0.0170392,-0.93653,4.45677,0,0,0
4.50799,3,0,0,0,0,0,0,0,0,0,0
4.50799,4,0,0,0,0,0,0,0,0,0,0
4.50799,5,0,0,0,0,0,0,0,0,0,0
4.56829,0,-2.16475,-3.05543,4.77836,-0.514362,-2.36747,0.341561,2.55513,0,0,0
4.56829,1,-2.82123,-3.01095,3.00175,-0.66221,-0.739346,-0.404407,4.48331,0,0,0
4.56829,2,-4.27387,-3.21486,5.92288,-1.63175,-0.0112621,-0.863184,4.35112,0,0,0
4.56829,3,0,0,0,0,0,0,0,0,0,0
4.56829,4,0,0,0,0,0,0,0,0,0,0
4.56829,5,0,0,0,0,0,0,0,0,0,0
4.61844,0,-2.20831,-3.26286,4.86809,-0.42931,-2.42369,0.354586,2.3241,0,0,0
4.61844,1,-2.89591,-3.08502,2.96547,-0.784631,-0.848948,-0.394606,7.33149,0,0,0
4.61844,2,-4.36516,-3.20444,5.89472,-1.66743,0.0098401,-0.810452,4.35112,0,0,0
4.61844,3,0,0,0,0,0,0,0,0,0,0
4.61844,4,0,0,0,0,0,0,0,0,0,0
4.61844,5,0,0,0,0,0,0,0,0,0,0
4.67232,0,-2.23415,-3.34067,4.92175,-0.407459,-2.37346,0.408199,2.3241,0,0,0
4.67232,1,-2.98779,-3.19783,2.92383,-0.941028,-1.07206,-0.415624,7.33149,0,0,0
4.67232,2,-4.35066,-3.22186,5.87788,-1.38059,-0.0638551,-0.638609,4.26467,0,0,0
4.67232,3,0,0,0,0,0,0,0,0,0,0
4.67232,4,0,0,0,0,0,0,0,0,0,0
4.67232,5,0,0,0,0,0,0,0,0,0,0
4.72831,0,-2.25687,-3.40709,4.97554,-0.372461,-2.28515,0.400778,2.3241,0,0,0
4.72831,1,-3.0503,-3.29942,2.88171,-0.986175,-1.24046,-0.473012,7.1596,0,0,0
4.72831,2,-4.41987,-3.23547,5.85773,-1.38914,-0.0990001,-0.546639,4.26467,0,0,0
4.72831,3,0,0,0,0,0,0,0,0,0,0
4.72831,4,0,0,0,0,0,0,0,0,0,0
4.72831,5,0,0,0,0,0,0,0,0,0,0
4.78614,0,-2.26178,-3.36945,5.01708,-0.377715,-2.15167,0.361832,2.20436,0,0,0
4.78614,1,-3.09998,-3.37828,2.84374,-0.97121,-1.31357,-0.565289,7.1596,0,0,0
4.78614,2,-4.49625,-3.23622,5.8434,-1.42183,-0.0845465,-0.499576,4.13737,0,0,0
4.78614,3,0,0,0,0,0,0,0,0,0,0
4.78614,4,0,0,0,0,0,0,0,0,0,0
4.78614,5,0,0,0,0,0,0,0,0,0,0
4.84718,0,-2.2897,-3.42866,5.06352,-0.346375,-2.01856,0.328785,4.67678,0,0,0
4.84718,1,-3.14858,-3.45512,2.8069,-0.943037,-1.35332,-0.641516,7.05532,0,0,0
4.84718,2,-4.53631,-3.2676,5.83065,-1.31163,-0.155148,-0.36961,4.13737,0,0,0
4.84718,3,0,0,0,0,0,0,0,0,0,0
4.84718,4,0,0,0,0,0,0,0,0,0,0
4.84718,5,0,0,0,0,0,0,0,0,0,0
4.90236,0,-2.2897,-3.42866,5.06352,-0.346375,-2.01856,0.328785,4.67678,0,0,0
4.90236,1,-3.16741,-3.55545,2.78077,-0.819409,-1.48411,-0.66594,7.05532,0,0,0
4.90236,2,-4.5145,-3.31312,5.8211,-1.03196,-0.26343,-0.20874,4.1068,0,0,0
4.90236,3,0,0,0,0,0,0,0,0,0,0
4.90236,4,0,0,0,0,0,0,0,0,0,0
4.90236,5,0,0,0,0,0,0,0,0,0,0
4.95551,0,-2.34104,-3.56671,5.09741,-0.296933,-1.84396,0.343131,4.52893,0,0,0
4.95551,1,-3.22674,-3.63713,2.72917,-0.829336,-1.50902,-0.760654,6.95468,0,0,0
4.95551,2,-4.53051,-3.33662,5.81177,-0.907964,-0.284572,-0.0916266,4.1068,0,0,0
4.95551,3,0,0,0,0,0,0,0,0,0,0
4.95551,4,0,0,0,0,0,0,0,0,0,0
4.95551,5,0,0,0,0,0,0,0,0,0,0
5.01831,0,-2.37201,-3.60025,5.10808,-0.300926,-1.70025,0.362086,4.52893,0,0,0
5.01831,1,-3.24592,-3.74818,2.68784,-0.713525,-1.63482,-0.859645,6.95468,0,0,0
5.01831,2,-4.56742,-3.40389,5.80285,-0.864631,-0.447045,0.0464327,4.08867,0,0,0
5.01831,3,0,0,0,0,0,0,0,0,0,0
5.01831,4,0,0,0,0,0,0,0,0,0,0
5.01831,5,0,0,0,0,0,0,0,0,0,0
5.0746,0,-2.40698,-3.62862,5.10589,-0.320294,-1.54911,0.367675,2.03252,0,0,0
5.0746,1,-3.27549,-3.81741,2.65166,-0.677751,-1.57667,-0.869636,6.87743,0,0,0
5.0746,2,-4.59417,-3.4812,5.8091,-0.773399,-0.613378,0.178184,4.08867,0,0,0
5.0746,3,0,0,0,0,0,0,0,0,0,0
5.0746,4,0,0,0,0,0,0,0,0,0,0
5.0746,5,0,0,0,0,0,0,0,0,0,0
5.13352,0,-2.45086,-3.64528,5.16641,-0.365173,-1.39375,0.400418,2.03252,0,0,0
5.13352,1,-3.29777,-3.95574,2.59982,-0.602604,-1.73512,-0.92937,6.87743,0,0,0
5.13352,2,-4.65213,-3.53281,5.81613,-0.820383,-0.668273,0.255285,4.04392,0,0,0
5.13352,3,0,0,0,0,0,0,0,0,0,0
5.13352,4,0,0,0,0,0,0,0,0,0,0
5.13352,5,0,0,0,0,0,0,0,0,0,0
5.18999,0,-2.49179,-3.6509,5.21081,-0.402636,-1.21461,0.424248,1.90413,0,0,0
5.18999,1,-3.35241,-4.06183,2.5474,-0.665362,-1.76951,-0.982449,6.77395,0,0,0
5.18999,2,-4.64544,-3.65923,5.82333,-0.6296,-0.952006,0.371257,4.04392,0,0,0
5.18999,3,0,0,0,0,0,0,0,0,0,0
5.18999,4,0,0,0,0,0,0,0,0,0,0
5.18999,5,0,0,0,0,0,0,0,0,0,0
5.25035,0,-2.54135,-3.65498,5.24412,-0.453424,-1.03264,0.446349,1.90413,0,0,0
5.25035,1,-3.37195,-4.16252,2.5133,-0.623559,-1.76801,-1.05367,6.77395,0,0,0
5.25035,2,-4.66375,-3.74239,5.83504,-0.557393,-1.08741,0.424892,4.91056,0,0,0
5.25035,3,0,0,0,0,0,0,0,0,0,0
5.25035,4,0,0,0,0,0,0,0,0,0,0
5.25035,5,0,0,0,0,0,0,0,0,0,0
5.30619,0,-2.54783,-3.60888,5.27753,-0.496652,-0.855673,0.438047,5.39707,0,0,0
5.30619,1,-3.3641,-4.24588,2.46945,-0.498206,-1.71281,-1.05969,6.7296,0,0,0
5.30619,2,-4.687,-3.8504,5.84809,-0.492315,-1.26804,0.454175,4.91056,0,0,0
5.30619,3,0,0,0,0,0,0,0,0,0,0
5.30619,4,0,0,0,0,0,0,0,0,0,0
5.30619,5,0,0,0,0,0,0,0,0,0,0
5.35918,0,-2.6104,-3.58972,5.30868,-0.624942,-0.638619,0.473188,5.39707,0,0,0
5.35918,1,-3.36797,-4.33074,2.43864,-0.434118,-1.6725,-1.05894,6.7296,0,0,0
5.35918,2,-4.70519,-3.95865,5.86638,-0.422654,-1.44186,0.449447,4.79411,0,0,0
5.35918,3,0,0,0,0,0,0,0,0,0,0
5.35918,4,0,0,0,0,0,0,0,0,0,0
5.35918,5,0,0,0,0,0,0,0,0,0,0
5.41465,0,-2.68917,-3.59032,5.31125,-0.656871,-0.428784,0.489268,5.28571,0,0,0
5.41465,1,-3.378,-4.38855,2.41447,-0.40002,-1.55616,-1.04609,6.69262,0,0,0
5.41465,2,-4.72819,-4.04311,5.88779,-0.389552,-1.51888,0.424987,4.79411,0,0,0
5.41465,3,0,0,0,0,0,0,0,0,0,0
5.41465,4,0,0,0,0,0,0,0,0,0,0
5.41465,5,0,0,0,0,0,0,0,0,0,0
5.46513,0,-2.71658,-3.54356,5.35702,-0.785802,-0.242785,0.530827,5.28571,0,0,0
5.46513,1,-3.37313,-4.50586,2.37205,-0.305913,-1.6581,-1.06399,6.69262,0,0,0
5.46513,2,-4.72819,-4.04311,5.88779,-0.389552,-1.51888,0.424987,4.69143,0,0,0
5.46513,3,0,0,0,0,0,0,0,0,0,0
5.46513,4,0,0,0,0,0,0,0,0,0,0
5.46513,5,0,0,0,0,0,0,0,0,0,0
5.52568,0,-2.80487,-3.51314,5.38154,-0.811011,-0.0272995,0.518288,1.60455,0,0,0
5.52568,1,-3.38851,-4.59245,2.33524,-0.290974,-1.64453,-1.05378,4.18888,0,0,0
5.52568,2,-4.7733,-4.1466,5.90655,-0.436664,-1.66483,0.334137,4.69143,0,0,0
5.52568,3,0,0,0,0,0,0,0,0,0,0
5.52568,4,0,0,0,0,0,0,0,0,0,0
5.52568,5,0,0,0,0,0,0,0,0,0,0
5.58382,0,-2.87683,-3.45306,5.4143,-0.923624,0.201702,0.554537,1.60455,0,0,0
5.58382,1,-3.39209,-4.64958,2.3058,-0.245957,-1.51977,-1.04453,4.18888,0,0,0
5.58382,2,-4.77639,-4.2271,5.92731,-0.354626,-1.7017,0.249458,4.60324,0,0,0
5.58382,3,0,0,0,0,0,0,0,0,0,0
5.58382,4,0,0,0,0,0,0,0,0,0,0
5.58382,5,0,0,0,0,0,0,0,0,0,0
5.63678,0,-2.93135,-3.39726,5.44298,-0.976081,0.394687,0.576218,1.49933,0,0,0
5.63678,1,-3.39395,-4.71346,2.2681,-0.187629,-1.4113,-0.980211,4.22044,0,0,0
5.63678,2,-4.80189,-4.34999,5.94825,-0.335426,-1.85016,0.140215,4.60324,0,0,0
5.63678,3,0,0,0,0,0,0,0,0,0,0
5.63678,4,0,0,0,0,0,0,0,0,0,0
5.63678,5,0,0,0,0,0,0,0,0,0,0
5.71136,0,-2.94821,-3.35926,5.47054,-1.05445,0.584545,0.497822,1.49933,0,0,0
5.71136,1,-3.39286,-4.74678,2.247,-0.140907,-1.26758,-0.892592,4.22044,0,0,0
5.71136,2,-4.82955,-4.41608,5.96864,-0.34823,-1.80118,0.0536137,4.52123,0,0,0
5.71136,3,0,0,0,0,0,0,0,0,0,0
5.71136,4,0,0,0,0,0,0,0,0,0,0
5.71136,5,0,0,0,0,0,0,0,0,0,0
5.76726,0,-3.04217,-3.269,5.52577,-1.0473,0.792758,0.59864,1.39371,0,0,0
5.76726,1,-3.38927,-4.83376,2.21836,-0.0769938,-1.31458,-0.845153,4.25836,0,0,0
5.76726,2,-4.86932,-4.52515,5.98276,-0.400667,-1.89473,-0.097576,4.52123,0,0,0
5.76726,3,0,0,0,0,0,0,0,0,0,0
5.76726,4,0,0,0,0,0,0,0,0,0,0
5.76726,5,0,0,0,0,0,0,0,0,0,0
5.82426,0,-3.10302,-3.18786,5.56348,-1.07467,1.01456,0.56552,1.39371,0,0,0
5.82426,1,-3.38811,-4.8747,2.19484,-0.0484806,-1.21504,-0.757487,4.25836,0,0,0
5.82426,2,-4.91285,-4.63424,5.99525,-0.442486,-1.91263,-0.168419,4.42863,0,0,0
5.82426,3,0,0,0,0,0,0,0,0,0,0
5.82426,4,0,0,0,0,0,0,0,0,0,0
5.82426,5,0,0,0,0,0,0,0,0,0,0
5.88498,0,-3.1049,-3.16578,5.61551,-1.09314,1.12826,0.57617,1.30501,0,0,0
5.88498,1,-3.38663,-4.90262,2.17017,-0.027581,-1.07948,-0.683949,4.31358,0,0,0
5.88498,2,-4.94926,-4.69977,6.00412,-0.473261,-1.81725,-0.230289,4.42863,0,0,0
5.88498,3,0,0,0,0,0,0,0,0,0,0
5.88498,4,0,0,0,0,0,0,0,0,0,0
5.88498,5,0,0,0,0,0,0,0,0,0,0
5.93524,0,-3.19548,-3.0448,5.66218,-1.06886,1.32,0.503461,1.30501,0,0,0
5.93524,1,-3.37902,-4.93165,2.1562,0.00854955,-0.983801,-0.587072,4.31358,0,0,0
5.93524,2,-4.98453,-4.75264,6.01916,-0.503403,-1.69949,-0.30242,4.40756,0,0,0
5.93524,3,0,0,0,0,0,0,0,0,0,0
5.93524,4,0,0,0,0,0,0,0,0,0,0
5.93524,5,0,0,0,0,0,0,0,0,0,0
6.00348,0,-3.23477,-2.9799,5.7193,-1.03317,1.40185,0.456363,1.22939,0,0,0
6.00348,1,-3.37481,-4.94677,2.14062,0.024097,-0.859083,-0.481263,4.34829,0,0,0
6.00348,2,-5.03886,-4.83303,6.01768,-0.589738,-1.67559,-0.35453,4.40756,0,0,0
6.00348,3,0,0,0,0,0,0,0,0,0,0
6.00348,4,0,0,0,0,0,0,0,0,0,0
6.00348,5,0,0,0,0,0,0,0,0,0,0
6.06529,0,-3.27409,-2.90309,5.84594,-0.867207,1.36992,0.328803,1.22939,0,0,0
6.06529,1,-3.36703,-4.95745,2.12749,0.04892,-0.733979,-0.399621,4.37342,0,0,0
6.06529,2,-5.10557,-4.90393,6.02327,-0.704532,-1.59685,-0.406484,4.3711,0,0,0
6.06529,3,0,0,0,0,0,0,0,0,0,0
6.06529,4,0,0,0,0,0,0,0,0,0,0
6.06529,5,0,0,0,0,0,0,0,0,0,0
6.11554,0,-3.31245,-2.84009,5.93408,-0.873944,1.43155,0.156215,1.13659,0,0,0
6.11554,1,-3.35721,-4.95974,2.12183,0.0777699,-0.606133,-0.296012,4.37342,0,0,0
6.11554,2,-5.17429,-4.95859,6.02636,-0.793942,-1.44688,-0.440082,4.3711,0,0,0
6.11554,3,0,0,0,0,0,0,0,0,0,0
6.11554,4,0,0,0,0,0,0,0,0,0,0
6.11554,5,0,0,0,0,0,0,0,0,0,0
6.17579,0,-3.3197,-2.82259,5.96914,-0.77138,1.33326,0.141457,1.13659,0,0,0
6.17579,1,-3.34971,-4.95789,2.11722,0.0992631,-0.480012,-0.198625,4.39121,0,0,0
6.17579,2,-5.24477,-4.99867,6.02553,-0.906991,-1.3127,-0.470903,3.37674,0,0,0
6.17579,3,0,0,0,0,0,0,0,0,0,0
6.17579,4,0,0,0,0,0,0,0,0,0,0
6.17579,5,0,0,0,0,0,0,0,0,0,0
6.22726,0,-3.3197,-2.82259,5.96914,-0.77138,1.33326,0.141457,5.50465,0,0,0
6.22726,1,-3.34911,-4.95572,2.11343,0.0983603,-0.364504,-0.119199,4.39121,0,0,0
6.22726,2,-5.29132,-5.02402,6.01912,-0.921256,-1.15259,-0.489072,3.37674,0,0,0
6.22726,3,0,0,0,0,0,0,0,0,0,0
6.22726,4,0,0,0,0,0,0,0,0,0,0
6.22726,5,0,0,0,0,0,0,0,0,0,0
6.28571,0,-3.3581,-2.75906,5.92882,-0.765481,1.35998,0.023978,5.50465,0,0,0
6.28571,1,-3.34872,-4.9473,2.11231,0.100437,-0.241151,-0.0441246,4.38916,0,0,0
6.28571,2,-5.35564,-5.03442,6.0059,-0.995682,-0.963112,-0.49303,3.25597,0,0,0
6.28571,3,0,0,0,0,0,0,0,0,0,0
6.28571,4,0,0,0,0,0,0,0,0,0,0
6.28571,5,0,0,0,0,0,0,0,0,0,0
6.34244,0,-3.36338,-2.74665,5.95583,-0.669308,1.2401,-0.00118337,5.55997,0,0,0
6.34244,1,-3.34847,-4.93943,2.11365,0.109164,-0.133243,0.0336924,4.38916,0,0,0
6.34244,2,-5.40721,-5.08946,5.99102,-1.00656,-0.928709,-0.595921,3.25597,0,0,0
6.34244,3,0,0,0,0,0,0,0,0,0,0
6.34244,4,0,0,0,0,0,0,0,0,0,0
6.34244,5,0,0,0,0,0,0,0,0,0,0
6.40051,0,-3.33663,-2.77547,5.97887,-0.470574,1.00329,0.127308,5.55997,0,0,0
6.40051,1,-3.36126,-4.92685,2.11952,0.0706153,-0.01614,0.0917212,4.36911,0,0,0
6.40051,2,-5.47959,-5.03659,5.97853,-1.0833,-0.557061,-0.545524,3.14282,0,0,0
6.40051,3,0,0,0,0,0,0,0,0,0,0
6.40051,4,0,0,0,0,0,0,0,0,0,0
6.40051,5,0,0,0,0,0,0,0,0,0,0
6.46122,0,-3.36039,-2.73891,6.00255,-0.469308,0.999238,0.0909011,5.59241,0,0,0
6.46122,1,-3.37622,-4.91774,2.12866,0.0368576,0.0744704,0.153469,4.36911,0,0,0
6.46122,2,-5.52987,-5.02777,5.96303,-1.06721,-0.362106,-0.558389,3.14282,0,0,0
6.46122,3,0,0,0,0,0,0,0,0,0,0
6.46122,4,0,0,0,0,0,0,0,0,0,0
6.46122,5,0,0,0,0,0,0,0,0,0,0
6.5199,0,-3.34475,-2.7525,6.02025,-0.344581,0.850855,0.169897,5.59241,0,0,0
6.5199,1,-3.39312,-4.91803,2.13526,0.0033261,0.119715,0.200811,4.33399,0,0,0
6.5199,2,-5.61498,-4.99644,5.94203,-1.17939,-0.114468,-0.573077,3.12181,0,0,0
6.5199,3,0,0,0,0,0,0,0,0,0,0
6.5199,4,0,0,0,0,0,0,0,0,0,0
6.5199,5,0,0,0,0,0,0,0,0,0,0
6.57522,0,-3.29109,-2.82039,6.03761,-0.077565,0.516706,0.273975,5.5456,0,0,0
6.57522,1,-3.42465,-4.91191,2.14883,-0.0665753,0.188113,0.291332,4.33399,0,0,0
6.57522,2,-5.6793,-4.96859,5.90475,-1.18098,0.0834269,-0.629012,3.12181,0,0,0
6.57522,3,0,0,0,0,0,0,0,0,0,0
6.57522,4,0,0,0,0,0,0,0,0,0,0
6.57522,5,0,0,0,0,0,0,0,0,0,0
6.63329,0,-3.26935,-2.84456,6.06337,0.0486486,0.358076,0.303162,5.5456,0,0,0
6.63329,1,-3.47126,-4.91569,2.16993,-0.172959,0.219105,0.397015,4.25558,0,0,0
6.63329,2,-5.73814,-4.96859,5.8653,-1.14197,0.12074,-0.712908,3.09961,0,0,0
6.63329,3,0,0,0,0,0,0,0,0,0,0
6.63329,4,0,0,0,0,0,0,0,0,0,0
6.63329,5,0,0,0,0,0,0,0,0,0,0
6.68601,0,-3.23907,-2.8834,6.07927,0.199323,0.157728,0.312069,5.51908,0,0,0
6.68601,1,-3.51777,-4.92304,2.19336,-0.267393,0.226331,0.4716,4.25558,0,0,0
6.68601,2,-5.80684,-4.87438,5.85091,-1.14604,0.461093,-0.788246,3.09961,0,0,0
6.68601,3,0,0,0,0,0,0,0,0,0,0
6.68601,4,0,0,0,0,0,0,0,0,0,0
6.68601,5,0,0,0,0,0,0,0,0,0,0
6.74447,0,-3.18893,-2.93103,6.09447,0.390422,-0.0479345,0.331534,5.51908,0,0,0
6.74447,1,-3.57774,-4.9324,2.21451,-0.398557,0.220866,0.524624,4.15703,0,0,0
6.74447,2,-5.85007,-4.83378,5.82401,-1.04705,0.554563,-0.872696,3.05919,0,0,0
6.74447,3,0,0,0,0,0,0,0,0,0,0
6.74447,4,0,0,0,0,0,0,0,0,0,0
6.74447,5,0,0,0,0,0,0,0,0,0,0
6.79722,0,-3.14527,-2.97862,6.09084,0.543828,-0.235998,0.216353,5.45184,0,0,0
6.79722,1,-3.64553,-4.9461,2.23477,-0.54952,0.194712,0.560798,4.15703,0,0,0
6.79722,2,-5.91296,-4.7716,5.78404,-1.02806,0.699264,-0.989152,3.05919,0,0,0
6.79722,3,0,0,0,0,0,0,0,0,0,0
6.79722,4,0,0,0,0,0,0,0,0,0,0
6.79722,5,0,0,0,0,0,0,0,0,0,0
6.84878,0,-3.0841,-3.03485,6.10875,0.723934,-0.419161,0.164293,5.45184,0,0,0
6.84878,1,-3.70764,-4.9704,2.2526,-0.669726,0.112087,0.554777,4.0475,0,0,0
6.84878,2,-5.93926,-4.73665,5.74542,-0.881689,0.699648,-1.06882,3.09547,0,0,0
6.84878,3,0,0,0,0,0,0,0,0,0,0
6.84878,4,0,0,0,0,0,0,0,0,0,0
6.84878,5,0,0,0,0,0,0,0,0,0,0
6.90909,0,-3.05295,-3.06437,6.11437,0.759427,-0.471411,0.0774016,5.40174,0,0,0
6.90909,1,-3.7962,-4.99966,2.27322,-0.871763,0.0178454,0.539162,4.0475,0,0,0
6.90909,2,-5.94909,-4.70644,5.7028,-0.693156,0.639413,-1.13522,3.09547,0,0,0
6.90909,3,0,0,0,0,0,0,0,0,0,0
6.90909,4,0,0,0,0,0,0,0,0,0,0
6.90909,5,0,0,0,0,0,0,0,0,0,0
6.96929,0,-2.97478,-3.12927,6.11743,0.939991,-0.63119,-0.0512843,5.40174,0,0,0
6.96929,1,-3.85646,-5.01861,2.28919,-0.954725,-0.0374671,0.504073,3.92744,0,0,0
6.96929,2,-6.04942,-4.54317,5.61866,-0.668633,0.870312,-1.38334,3.12614,0,0,0
6.96929,3,0,0,0,0,0,0,0,0,0,0
6.96929,4,0,0,0,0,0,0,0,0,0,0
6.96929,5,0,0,0,0,0,0,0,0,0,0
7.02641,0,-2.91837,-3.17351,6.11924,1.01802,-0.686831,-0.188515,5.35721,0,0,0
7.02641,1,-3.95777,-5.05525,2.30941,-1.18153,-0.149393,0.391042,3.92744,0,0,0
7.02641,2,-6.04942,-4.54317,5.61866,-0.668633,0.870312,-1.38334,3.12614,0,0,0
7.02641,3,0,0,0,0,0,0,0,0,0,0
7.02641,4,0,0,0,0,0,0,0,0,0,0
7.02641,5,0,0,0,0,0,0,0,0,0,0
7.08553,0,-2.87281,-3.20584,6.12824,1.025,-0.663471,-0.352001,5.35721,0,0,0
7.08553,1,-4.03526,-5.08785,2.32473,-1.28433,-0.233378,0.305348,6.09015,0,0,0
7.08553,2,-6.08851,-4.47604,5.56365,-0.62687,0.909048,-1.44266,3.26335,0,0,0
7.08553,3,0,0,0,0,0,0,0,0,0,0
7.08553,4,0,0,0,0,0,0,0,0,0,0
7.08553,5,0,0,0,0,0,0,0,0,0,0
7.14189,0,-2.80764,-3.25036,6.12607,1.10383,-0.709323,-0.428469,5.31203,0,0,0
7.14189,1,-4.12135,-5.11602,2.33824,-1.40068,-0.284029,0.186597,6.09015,0,0,0
7.14189,2,-6.06234,-4.46469,5.51726,-0.372638,0.737006,-1.39058,3.26335,0,0,0
7.14189,3,0,0,0,0,0,0,0,0,0,0
7.14189,4,0,0,0,0,0,0,0,0,0,0
7.14189,5,0,0,0,0,0,0,0,0,0,0
7.19966,0,-2.76367,-3.27302,6.11963,1.08145,-0.642781,-0.527496,5.31203,0,0,0
7.19966,1,-4.22097,-5.1438,2.34866,-1.51818,-0.311721,0.0686791,5.95096,0,0,0
7.19966,2,-6.06818,-4.41362,5.4745,-0.26491,0.741693,-1.37313,3.14516,0,0,0
7.19966,3,0,0,0,0,0,0,0,0,0,0
7.19966,4,0,0,0,0,0,0,0,0,0,0
7.19966,5,0,0,0,0,0,0,0,0,0,0
7.25577,0,-2.69824,-3.30826,6.09958,1.12859,-0.635725,-0.577534,5.2657,0,0,0
7.25577,1,-4.32059,-5.16954,2.35827,-1.62014,-0.324964,-0.0498613,5.95096,0,0,0
7.25577,2,-6.06268,-4.37786,5.4133,-0.155208,0.70831,-1.32363,3.14516,0,0,0
7.25577,3,0,0,0,0,0,0,0,0,0,0
7.25577,4,0,0,0,0,0,0,0,0,0,0
7.25577,5,0,0,0,0,0,0,0,0,0,0
7.32275,0,-2.65524,-3.32279,6.09021,1.09774,-0.567222,-0.57421,5.2657,0,0,0
7.32275,1,-4.40835,-5.19458,2.3683,-1.63149,-0.318469,-0.16699,5.81942,0,0,0
7.32275,2,-6.04814,-4.34798,5.36297,-0.0320893,0.670986,-1.25241,3.02834,0,0,0
7.32275,3,0,0,0,0,0,0,0,0,0,0
7.32275,4,0,0,0,0,0,0,0,0,0,0
7.32275,5,0,0,0,0,0,0,0,0,0,0
7.37949,0,-2.61916,-3.33132,6.07856,1.06203,-0.495437,-0.536524,5.22265,0,0,0
7.37949,1,-4.4777,-5.21334,2.37582,-1.61488,-0.305223,-0.234378,5.81942,0,0,0
7.37949,2,-6.02571,-4.33426,5.31999,0.105298,0.586061,-1.15707,2.95275,0,0,0
7.37949,3,0,0,0,0,0,0,0,0,0,0
7.37949,4,0,0,0,0,0,0,0,0,0,0
7.37949,5,0,0,0,0,0,0,0,0,0,0
7.43558,0,-2.58933,-3.33244,6.07191,0.999962,-0.415083,-0.48067,5.22265,0,0,0
7.43558,1,-4.56419,-5.22378,2.38549,-1.64433,-0.249681,-0.297882,5.717,0,0,0
7.43558,2,-5.99901,-4.32661,5.272,0.233203,0.482649,-1.05926,2.95275,0,0,0
7.43558,3,0,0,0,0,0,0,0,0,0,0
7.43558,4,0,0,0,0,0,0,0,0,0,0
7.43558,5,0,0,0,0,0,0,0,0,0,0
7.49163,0,-2.56767,-3.32797,6.06314,0.931675,-0.332484,-0.407057,5.21342,0,0,0
7.49163,1,-4.63515,-5.23153,2.38894,-1.61871,-0.200571,-0.315841,5.717,0,0,0
7.49163,2,-5.98109,-4.33009,5.22737,0.30248,0.379561,-0.966276,2.89635,0,0,0
7.49163,3,0,0,0,0,0,0,0,0,0,0
7.49163,4,0,0,0,0,0,0,0,0,0,0
7.49163,5,0,0,0,0,0,0,0,0,0,0
7.54439,0,-2.55356,-3.31768,6.06549,0.847538,-0.246769,-0.325978,5.21342,0,0,0
7.54439,1,-4.68402,-5.24255,2.39078,-1.53207,-0.182903,-0.315768,5.64774,0,0,0
7.54439,2,-5.9213,-4.35664,5.18221,0.485947,0.219516,-0.824943,2.89635,0,0,0
7.54439,3,0,0,0,0,0,0,0,0,0,0
7.54439,4,0,0,0,0,0,0,0,0,0,0
7.54439,5,0,0,0,0,0,0,0,0,0,0
7.60208,0,-2.54755,-3.30299,6.05439,0.744579,-0.157537,-0.256865,5.22646,0,0,0
7.60208,1,-4.7141,-5.23484,2.39545,-1.40175,-0.111326,-0.274477,5.64774,0,0,0
7.60208,2,-5.87283,-4.38282,5.14346,0.606673,0.0836122,-0.722873,3.20205,0,0,0
7.60208,3,0,0,0,0,0,0,0,0,0,0
7.60208,4,0,0,0,0,0,0,0,0,0,0
7.60208,5,0,0,0,0,0,0,0,0,0,0
7.66355,0,-2.54867,-3.27905,6.05509,0.613119,-0.0429358,-0.200057,5.22646,0,0,0
7.66355,1,-4.77613,-5.22141,2.40174,-1.37629,-0.0135322,-0.228033,5.63268,0,0,0
7.66355,2,-5.81907,-4.41839,5.11066,0.726529,-0.064093,-0.63856,3.20205,0,0,0
7.66355,3,0,0,0,0,0,0,0,0,0,0
7.66355,4,0,0,0,0,0,0,0,0,0,0
7.66355,5,0,0,0,0,0,0,0,0,0,0
7.72386,0,-2.55715,-3.26318,6.05404,0.487271,0.0309168,-0.157366,5.25096,0,0,0
7.72386,1,-4.85758,-5.18901,2.40571,-1.44127,0.138904,-0.194278,5.63268,0,0,0
7.72386,2,-5.75207,-4.4758,5.07842,0.855068,-0.268089,-0.56091,3.17646,0,0,0
7.72386,3,0,0,0,0,0,0,0,0,0,0
7.72386,4,0,0,0,0,0,0,0,0,0,0
7.72386,5,0,0,0,0,0,0,0,0,0,0
7.78531,0,-2.57933,-3.23947,6.05851,0.331222,0.119702,-0.122275,5.25096,0,0,0
7.78531,1,-4.89201,-5.17193,2.40596,-1.31025,0.186974,-0.131785,3.13819,0,0,0
7.78531,2,-5.70545,-4.52119,5.01623,0.893249,-0.400966,-0.533993,3.17646,0,0,0
7.78531,3,0,0,0,0,0,0,0,0,0,0
7.78531,4,0,0,0,0,0,0,0,0,0,0
7.78531,5,0,0,0,0,0,0,0,0,0,0
7.84305,0,-2.60231,-3.2082,6.06236,0.194082,0.224819,-0.119681,6.38496,0,0,0
7.84305,1,-4.92769,-5.12884,2.40907,-1.21625,0.318887,-0.0776639,3.13819,0,0,0
7.84305,2,-5.65188,-4.59103,4.99124,0.956291,-0.593479,-0.482411,4.17291,0,0,0
7.84305,3,0,0,0,0,0,0,0,0,0,0
7.84305,4,0,0,0,0,0,0,0,0,0,0
7.84305,5,0,0,0,0,0,0,0,0,0,0
7.89712,0,-2.62418,-3.21071,6.05913,0.0804588,0.18887,-0.137901,6.38496,0,0,0
7.89712,1,-4.96713,-5.08793,2.41119,-1.13749,0.422863,-0.0226557,3.0467,0,0,0
7.89712,2,-5.5957,-4.66566,4.96821,1.01791,-0.771609,-0.433108,4.17291,0,0,0
7.89712,3,0,0,0,0,0,0,0,0,0,0
7.89712,4,0,0,0,0,0,0,0,0,0,0
7.89712,5,0,0,0,0,0,0,0,0,0,0
7.95543,0,-2.67626,-3.18223,6.055,-0.126021,0.267697,-0.192139,6.37003,0,0,0
7.95543,1,-4.99207,-5.03113,2.42079,-1.02478,0.558688,0.022399,3.0467,0,0,0
7.95543,2,-5.52301,-4.76938,4.95141,1.13237,-1.01135,-0.429133,3.96417,0,0,0
7.95543,3,0,0,0,0,0,0,0,0,0,0
7.95543,4,0,0,0,0,0,0,0,0,0,0
7.95543,5,0,0,0,0,0,0,0,0,0,0
8.01689,0,-2.70884,-3.17431,6.04855,-0.227164,0.257268,-0.218394,6.37003,0,0,0
8.01689,1,-5.01334,-4.98348,2.42886,-0.932369,0.64933,0.0414998,2.93725,0,0,0
8.01689,2,-5.495,-4.8402,4.9358,1.05417,-1.08907,-0.425801,3.96417,0,0,0
8.01689,3,0,0,0,0,0,0,0,0,0,0
8.01689,4,0,0,0,0,0,0,0,0,0,0
8.01689,5,0,0,0,0,0,0,0,0,0,0
8.07722,0,-2.75323,-3.16962,6.03994,-0.347942,0.231796,-0.261864,6.33261,0,0,0
8.07722,1,-5.01546,-4.91647,2.43327,-0.789208,0.792807,0.053063,2.93725,0,0,0
8.07722,2,-5.43608,-4.94889,4.9237,1.11403,-1.30408,-0.434109,3.78566,0,0,0
8.07722,3,0,0,0,0,0,0,0,0,0,0
8.07722,4,0,0,0,0,0,0,0,0,0,0
8.07722,5,0,0,0,0,0,0,0,0,0,0
8.13629,0,-2.80676,-3.16047,6.03069,-0.480944,0.214735,-0.344501,6.27247,0,0,0
8.13629,1,-5.03151,-4.85022,2.43813,-0.691418,0.902519,0.0467923,2.85284,0,0,0
8.13629,2,-5.38485,-5.06211,4.9135,1.12664,-1.47529,-0.458948,3.78566,0,0,0
8.13629,3,0,0,0,0,0,0,0,0,0,0
8.13629,4,0,0,0,0,0,0,0,0,0,0
8.13629,5,0,0,0,0,0,0,0,0,0,0
8.19697,0,-2.84704,-3.16246,6.01743,-0.540516,0.157057,-0.388349,6.27247,0,0,0
8.19697,1,-5.02501,-4.80319,2.44515,-0.543256,0.945167,0.0470908,2.85284,0,0,0
8.19697,2,-5.34774,-5.16629,4.90597,1.09486,-1.59708,-0.456362,3.59095,0,0,0
8.19697,3,0,0,0,0,0,0,0,0,0,0
8.19697,4,0,0,0,0,0,0,0,0,0,0
8.19697,5,0,0,0,0,0,0,0,0,0,0
8.25781,0,-2.88638,-3.18219,6.03483,-0.576767,0.0322309,-0.446163,6.27247,0,0,0
8.25781,1,-5.04911,-4.73525,2.45359,-0.523255,1.05457,0.0467653,2.78333,0,0,0
8.25781,2,-5.32336,-5.25961,4.90566,1.0368,-1.67267,-0.444238,3.59095,0,0,0
8.25781,3,0,0,0,0,0,0,0,0,0,0
8.25781,4,0,0,0,0,0,0,0,0,0,0
8.25781,5,0,0,0,0,0,0,0,0,0,0
8.3115,0,-2.9281,-3.19391,6.02367,-0.620499,-0.0425587,-0.484285,6.19945,0,0,0
8.3115,1,-5.05324,-4.6644,2.46494,-0.431046,1.14979,0.0703294,2.78333,0,0,0
8.3115,2,-5.29918,-5.35528,4.903,0.987868,-1.74011,-0.45458,3.44884,0,0,0
8.3115,3,0,0,0,0,0,0,0,0,0,0
8.3115,4,0,0,0,0,0,0,0,0,0,0
8.3115,5,0,0,0,0,0,0,0,0,0,0
8.37176,0,-2.9281,-3.19391,6.02367,-0.620499,-0.0425587,-0.484285,6.16289,0,0,0
8.37176,1,-5.05324,-4.6644,2.46494,-0.431046,1.14979,0.0703294,2.68724,0,0,0
8.37176,2,-5.28237,-5.45064,4.90579,0.918185,-1.79175,-0.480695,3.44884,0,0,0
8.37176,3,0,0,0,0,0,0,0,0,0,0
8.37176,4,0,0,0,0,0,0,0,0,0,0
8.37176,5,0,0,0,0,0,0,0,0,0,0
8.43267,0,-3.00935,-3.25661,5.95566,-0.643655,-0.308867,-0.540007,6.16289,0,0,0
8.43267,1,-5.05193,-4.6272,2.48204,-0.319919,1.11577,0.0725513,2.68724,0,0,0
8.43267,2,-5.26647,-5.53874,4.91053,0.840215,-1.7931,-0.520415,3.38605,0,0,0
8.43267,3,0,0,0,0,0,0,0,0,0,0
8.43267,4,0,0,0,0,0,0,0,0,0,0
8.43267,5,0,0,0,0,0,0,0,0,0,0
8.49412,0,-3.03978,-3.29731,5.93383,-0.617415,-0.440459,-0.551043,6.07168,0,0,0
8.49412,1,-5.06702,-4.53198,2.51833,-0.191267,1.1042,0.107376,2.62279,0,0,0
8.49412,2,-5.24125,-5.62708,4.91305,0.799792,-1.79378,-0.566358,3.38605,0,0,0
8.49412,3,0,0,0,0,0,0,0,0,0,0
8.49412,4,0,0,0,0,0,0,0,0,0,0
8.49412,5,0,0,0,0,0,0,0,0,0,0
8.54432,0,-3.06337,-3.33245,5.90102,-0.569525,-0.534965,-0.564589,6.07168,0,0,0
8.54432,1,-5.08282,-4.50821,2.54637,-0.174597,1.06123,0.163407,2.62279,0,0,0
8.54432,2,-5.20878,-5.78275,4.9119,0.675596,-1.71685,-0.618371,3.26983,0,0,0
8.54432,3,0,0,0,0,0,0,0,0,0,0
8.54432,4,0,0,0,0,0,0,0,0,0,0
8.54432,5,0,0,0,0,0,0,0,0,0,0
8.60315,0,-3.08388,-3.38932,5.8739,-0.522191,-0.684518,-0.540631,5.99008,0,0,0
8.60315,1,-5.09102,-4.45682,2.57563,-0.138915,1.12163,0.224193,2.57803,0,0,0
8.60315,2,-5.18765,-5.8681,4.91501,0.6319,-1.68805,-0.701005,3.26983,0,0,0
8.60315,3,0,0,0,0,0,0,0,0,0,0
8.60315,4,0,0,0,0,0,0,0,0,0,0
8.60315,5,0,0,0,0,0,0,0,0,0,0
8.66767,0,-3.10471,-3.43511,5.85436,-0.479084,-0.777532,-0.563575,5.99008,0,0,0
8.66767,1,-5.12481,-4.44837,2.5968,-0.168177,0.999492,0.329303,2.57803,0,0,0
8.66767,2,-5.2141,-5.82559,4.91617,0.52846,-1.51139,-0.718466,3.11738,0,0,0
8.66767,3,0,0,0,0,0,0,0,0,0,0
8.66767,4,0,0,0,0,0,0,0,0,0,0
8.66767,5,0,0,0,0,0,0,0,0,0,0
8.71819,0,-3.1223,-3.5274,5.82326,-0.41343,-1.02037,-0.589947,5.89914,0,0,0
8.71819,1,-5.14961,-4.42021,2.62963,-0.181946,0.969848,0.388413,2.50856,0,0,0
8.71819,2,-5.21224,-5.86855,4.90712,0.417388,-1.35204,-0.735997,3.11738,0,0,0
8.71819,3,0,0,0,0,0,0,0,0,0,0
8.71819,4,0,0,0,0,0,0,0,0,0,0
8.71819,5,0,0,0,0,0,0,0,0,0,0
8.7792,0,-3.12441,-3.611,5.75658,-0.298347,-1.20267,-0.683676,5.89914,0,0,0
8.7792,1,-5.17874,-4.41837,2.65418,-0.219986,0.877654,0.471683,2.4415,0,0,0
8.7792,2,-5.2022,-5.91825,4.8936,0.362706,-1.25358,-0.755354,3.1264,0,0,0
8.7792,3,0,0,0,0,0,0,0,0,0,0
8.7792,4,0,0,0,0,0,0,0,0,0,0
8.7792,5,0,0,0,0,0,0,0,0,0,0
8.83375,0,-3.12575,-3.69187,5.71372,-0.205323,-1.30201,-0.76807,5.78671,0,0,0
8.83375,1,-5.17874,-4.41837,2.65418,-0.219986,0.877654,0.471683,2.4415,0,0,0
8.83375,2,-5.20162,-5.94855,4.88564,0.287646,-1.10791,-0.729065,3.1264,0,0,0
8.83375,3,0,0,0,0,0,0,0,0,0,0
8.83375,4,0,0,0,0,0,0,0,0,0,0
8.83375,5,0,0,0,0,0,0,0,0,0,0
8.88932,0,-3.12175,-3.79568,5.67799,-0.106841,-1.45924,-0.971756,5.78671,0,0,0
8.88932,1,-5.2316,-4.44579,2.73471,-0.275744,0.623716,0.645029,2.4415,0,0,0
8.88932,2,-5.19229,-6.01957,4.87273,0.212574,-0.96058,-0.674135,3.06822,0,0,0
8.88932,3,0,0,0,0,0,0,0,0,0,0
8.88932,4,0,0,0,0,0,0,0,0,0,0
8.88932,5,0,0,0,0,0,0,0,0,0,0
8.9601,0,-3.11528,-3.88767,5.65245,-0.0331372,-1.53688,-1.15661,5.68634,0,0,0
8.9601,1,-5.26746,-4.46751,2.77807,-0.333352,0.491752,0.732076,2.40009,0,0,0
8.9601,2,-5.20848,-5.96623,4.85798,0.152437,-0.785596,-0.59711,3.06822,0,0,0
8.9601,3,0,0,0,0,0,0,0,0,0,0
8.9601,4,0,0,0,0,0,0,0,0,0,0
8.9601,5,0,0,0,0,0,0,0,0,0,0
9.01294,0,-3.10377,-3.98062,5.6034,0.0310203,-1.57181,-1.29284,5.68634,0,0,0
9.01294,1,-5.30224,-4.50149,2.81548,-0.381761,0.302333,0.780491,2.37586,0,0,0
9.01294,2,-5.21535,-6.0039,4.83901,0.0660394,-0.618673,-0.516323,3.76091,0,0,0
9.01294,3,0,0,0,0,0,0,0,0,0,0
9.01294,4,0,0,0,0,0,0,0,0,0,0
9.01294,5,0,0,0,0,0,0,0,0,0,0
9.06874,0,-3.08918,-4.09659,5.57578,0.0761515,-1.62509,-1.41534,4.36343,0,0,0
9.06874,1,-5.33491,-4.53736,2.8508,-0.418372,0.124183,0.804677,2.37586,0,0,0
9.06874,2,-5.24228,-5.97227,4.82663,-0.040105,-0.415517,-0.443049,3.76091,0,0,0
9.06874,3,0,0,0,0,0,0,0,0,0,0
9.06874,4,0,0,0,0,0,0,0,0,0,0
9.06874,5,0,0,0,0,0,0,0,0,0,0
9.12207,0,-3.06543,-4.20578,5.48154,0.12449,-1.68376,-1.48763,4.36343,0,0,0
9.12207,1,-5.37677,-4.58943,2.90236,-0.477533,-0.107937,0.79608,2.34811,0,0,0
9.12207,2,-5.26065,-5.94236,4.81826,-0.104116,-0.23944,-0.398717,3.79847,0,0,0
9.12207,3,0,0,0,0,0,0,0,0,0,0
9.12207,4,0,0,0,0,0,0,0,0,0,0
9.12207,5,0,0,0,0,0,0,0,0,0,0
9.18927,0,-3.05409,-4.28255,5.41618,0.0915116,-1.61571,-1.50258,4.11508,0,0,0
9.18927,1,-5.40793,-4.63034,2.9344,-0.494288,-0.268461,0.773485,2.34811,0,0,0
9.18927,2,-5.28098,-5.89312,4.80536,-0.173809,-0.0762072,-0.381665,3.79847,0,0,0
9.18927,3,0,0,0,0,0,0,0,0,0,0
9.18927,4,0,0,0,0,0,0,0,0,0,0
9.18927,5,0,0,0,0,0,0,0,0,0,0
9.24996,0,-3.02671,-4.38358,5.36346,0.119167,-1.65414,-1.48287,4.11508,0,0,0
9.24996,1,-5.44639,-4.68956,2.98029,-0.531779,-0.49843,0.686984,2.33427,0,0,0
9.24996,2,-5.30708,-5.85479,4.78265,-0.241273,0.0948026,-0.415546,3.77586,0,0,0
9.24996,3,0,0,0,0,0,0,0,0,0,0
9.24996,4,0,0,0,0,0,0,0,0,0,0
9.24996,5,0,0,0,0,0,0,0,0,0,0
9.31028,0,-3.02106,-4.43933,5.29569,0.0770856,-1.54338,-1.36263,3.9067,0,0,0
9.31028,1,-5.47082,-4.72355,3.01486,-0.521383,-0.596166,0.639189,2.33427,0,0,0
9.31028,2,-5.37267,-5.76816,4.7546,-0.398773,0.354211,-0.443898,3.77586,0,0,0
9.31028,3,0,0,0,0,0,0,0,0,0,0
9.31028,4,0,0,0,0,0,0,0,0,0,0
9.31028,5,0,0,0,0,0,0,0,0,0,0
9.36671,0,-2.98751,-4.5389,5.22859,0.151669,-1.60769,-1.35443,3.9067,0,0,0
9.36671,1,-5.51185,-4.78325,3.05323,-0.562137,-0.750584,0.534622,2.34227,0,0,0
9.36671,2,-5.40456,-5.71073,4.73961,-0.429832,0.495756,-0.495081,3.77015,0,0,0
9.36671,3,0,0,0,0,0,0,0,0,0,0
9.36671,4,0,0,0,0,0,0,0,0,0,0
9.36671,5,0,0,0,0,0,0,0,0,0,0
9.42014,0,-2.97192,-4.60783,5.18087,0.156433,-1.56829,-1.2951,3.70581,0,0,0
9.42014,1,-5.55187,-4.83948,3.08338,-0.596724,-0.870745,0.429193,2.34227,0,0,0
9.42014,2,-5.4241,-5.67188,4.72458,-0.407711,0.542475,-0.529248,3.75483,0,0,0
9.42014,3,0,0,0,0,0,0,0,0,0,0
9.42014,4,0,0,0,0,0,0,0,0,0,0
9.42014,5,0,0,0,0,0,0,0,0,0,0
9.47658,0,-2.96431,-4.66042,5.14049,0.131194,-1.47235,-1.2307,3.70581,0,0,0
9.47658,1,-5.58888,-4.88679,3.11812,-0.598774,-0.903848,0.329316,2.34775,0,0,0
9.47658,2,-5.4518,-5.61459,4.70455,-0.420244,0.647248,-0.568952,3.75483,0,0,0
9.47658,3,0,0,0,0,0,0,0,0,0,0
9.47658,4,0,0,0,0,0,0,0,0,0,0
9.47658,5,0,0,0,0,0,0,0,0,0,0
9.52932,0,-2.95334,-4.71479,5.10543,0.121549,-1.40082,-1.1619,3.55951,0,0,0
9.52932,1,-5.62203,-4.92645,3.14718,-0.601408,-0.92041,0.242198,2.34775,0,0,0
9.52932,2,-5.4773,-5.56521,4.68719,-0.429022,0.711964,-0.591555,3.75483,0,0,0
9.52932,3,0,0,0,0,0,0,0,0,0,0
9.52932,4,0,0,0,0,0,0,0,0,0,0
9.52932,5,0,0,0,0,0,0,0,0,0,0
9.59223,0,-2.93416,-4.84003,5.03793,0.108129,-1.34431,-1.0678,3.55951,0,0,0
9.59223,1,-5.67188,-4.99223,3.18433,-0.637952,-0.981292,0.101035,2.36891,0,0,0
9.59223,2,-5.48149,-5.5317,4.67356,-0.368289,0.713114,-0.606557,3.74208,0,0,0
9.59223,3,0,0,0,0,0,0,0,0,0,0
9.59223,4,0,0,0,0,0,0,0,0,0,0
9.59223,5,0,0,0,0,0,0,0,0,0,0
9.64752,0,-2.94505,-4.80686,5.04064,0.0690493,-1.25091,-0.958068,3.36135,0,0,0
9.64752,1,-5.70163,-5.01861,3.18607,-0.636765,-0.949553,0.0529184,2.36891,0,0,0
9.64752,2,-5.49857,-5.48037,4.65943,-0.352134,0.760892,-0.638733,3.72168,0,0,0
9.64752,3,0,0,0,0,0,0,0,0,0,0
9.64752,4,0,0,0,0,0,0,0,0,0,0
9.64752,5,0,0,0,0,0,0,0,0,0,0
9.70367,0,-2.94382,-4.90051,5.00692,0.0301595,-1.15409,-0.842803,3.36135,0,0,0
9.70367,1,-5.69811,-5.00008,3.1956,-0.529056,-0.768666,0.0475936,2.36609,0,0,0
9.70367,2,-5.48361,-5.48551,4.64075,-0.300657,0.731062,-0.623072,3.72168,0,0,0
9.70367,3,0,0,0,0,0,0,0,0,0,0
9.70367,4,0,0,0,0,0,0,0,0,0,0
9.70367,5,0,0,0,0,0,0,0,0,0,0
9.76004,0,-2.96498,-4.86131,4.97955,-0.0367212,-1.03802,-0.732848,3.29456,0,0,0
9.76004,1,-5.72207,-5.03382,3.21054,-0.517303,-0.763896,-0.0271291,2.36609,0,0,0
9.76004,2,-5.48107,-5.46469,4.62711,-0.232512,0.684611,-0.585981,3.72228,0,0,0
9.76004,3,0,0,0,0,0,0,0,0,0,0
9.76004,4,0,0,0,0,0,0,0,0,0,0
9.76004,5,0,0,0,0,0,0,0,0,0,0
9.82611,0,-2.98414,-4.87896,4.95609,-0.109653,-0.908373,-0.616679,3.29456,0,0,0
9.82611,1,-5.75954,-5.05103,3.21819,-0.54662,-0.689709,-0.0884688,2.36568,0,0,0
9.82611,2,-5.48653,-5.41476,4.60604,-0.16391,0.653322,-0.561624,3.72228,0,0,0
9.82611,3,0,0,0,0,0,0,0,0,0,0
9.82611,4,0,0,0,0,0,0,0,0,0,0
9.82611,5,0,0,0,0,0,0,0,0,0,0
9.88417,0,-3.01668,-4.93872,4.91362,-0.192013,-0.823585,-0.440731,3.27321,0,0,0
9.88417,1,-5.8011,-5.01566,3.227,-0.594864,-0.481149,-0.0332156,2.36568,0,0,0
9.88417,2,-5.46436,-5.44663,4.5935,-0.0969434,0.546935,-0.490301,3.72321,0,0,0
9.88417,3,0,0,0,0,0,0,0,0,0,0
9.88417,4,0,0,0,0,0,0,0,0,0,0
9.88417,5,0,0,0,0,0,0,0,0,0,0
9.93713,0,-3.06803,-4.93029,4.90176,-0.318888,-0.681702,-0.28385,3.27321,0,0,0
9.93713,1,-5.82587,-5.00124,3.23337,-0.575095,-0.346824,-0.061415,2.30062,0,0,0
9.93713,2,-5.42912,-5.45394,4.58049,0.0507851,0.434672,-0.403484,3.72321,0,0,0
9.93713,3,0,0,0,0,0,0,0,0,0,0
9.93713,4,0,0,0,0,0,0,0,0,0,0
9.93713,5,0,0,0,0,0,0,0,0,0,0
10.0074,0,-3.13914,-4.88873,4.89298,-0.49388,-0.435307,-0.0942015,3.1904,0,0,0
10.0074,1,-5.85156,-5.01512,3.2378,-0.559546,-0.332776,-0.0797955,2.30062,0,0,0
10.0074,2,-5.38422,-5.46742,4.56253,0.20601,0.276855,-0.291684,3.70982,0,0,0
10.0074,3,0,0,0,0,0,0,0,0,0,0
10.0074,4,0,0,0,0,0,0,0,0,0,0
10.0074,5,0,0,0,0,0,0,0,0,0,0
10.0754,0,-3.2066,-4.87693,4.88396,-0.644016,-0.295691,0.0228469,3.1904,0,0,0
10.0754,1,-5.85047,-4.97762,3.23345,-0.461142,-0.138411,-0.110819,2.24077,0,0,0
10.0754,2,-5.31829,-5.51513,4.55191,0.417451,0.0794548,-0.18226,3.70982,0,0,0
10.0754,3,0,0,0,0,0,0,0,0,0,0
10.0754,4,0,0,0,0,0,0,0,0,0,0
10.0754,5,0,0,0,0,0,0,0,0,0,0
10.1339,0,-3.2727,-4.86734,4.87831,-0.773302,-0.180931,0.102818,3.21008,0,0,0
10.1339,1,-5.86202,-4.9147,3.22705,-0.506716,0.0939418,-0.0805084,2.24077,0,0,0
10.1339,2,-5.25618,-5.56237,4.53311,0.588055,-0.0942648,-0.120492,3.7159,0,0,0
10.1339,3,0,0,0,0,0,0,0,0,0,0
10.1339,4,0,0,0,0,0,0,0,0,0,0
10.1339,5,0,0,0,0,0,0,0,0,0,0
10.1945,0,-3.34373,-4.85602,4.88031,-0.897633,-0.0722348,0.15414,3.21008,0,0,0
10.1945,1,-5.87777,-4.86758,3.21603,-0.468248,0.261978,-0.0649502,2.18717,0,0,0
10.1945,2,-5.23078,-5.5694,4.51702,0.59191,-0.109327,-0.161359,3.7159,0,0,0
10.1945,3,0,0,0,0,0,0,0,0,0,0
10.1945,4,0,0,0,0,0,0,0,0,0,0
10.1945,5,0,0,0,0,0,0,0,0,0,0
10.2574,0,-3.40347,-4.87037,4.87894,-0.960541,-0.070128,0.171344,3.21987,0,0,0
10.2574,1,-5.89544,-4.81529,3.20744,-0.434465,0.423116,-0.101445,2.18717,0,0,0
10.2574,2,-5.20355,-5.61435,4.51145,0.686068,-0.265388,-0.137692,3.73425,0,0,0
10.2574,3,0,0,0,0,0,0,0,0,0,0
10.2574,4,0,0,0,0,0,0,0,0,0,0
10.2574,5,0,0,0,0,0,0,0,0,0,0
10.314,0,-3.50188,-4.83916,4.87093,-1.16546,0.0749528,0.118171,3.21987,0,0,0
10.314,1,-5.91609,-4.75995,3.20693,-0.424638,0.564278,-0.144939,2.09142,0,0,0
10.314,2,-5.13816,-5.66781,4.50288,0.720212,-0.367684,-0.138328,3.73425,0,0,0
10.314,3,0,0,0,0,0,0,0,0,0,0
10.314,4,0,0,0,0,0,0,0,0,0,0
10.314,5,0,0,0,0,0,0,0,0,0,0
10.3676,0,-3.59277,-4.83661,4.88018,-1.31112,0.115678,0.0624018,3.2296,0,0,0
10.3676,1,-5.91087,-4.70666,3.18938,-0.332882,0.689381,-0.252974,2.09142,0,0,0
10.3676,2,-5.02862,-5.7821,4.48828,0.979197,-0.682384,-0.0842117,3.77161,0,0,0
10.3676,3,0,0,0,0,0,0,0,0,0,0
10.3676,4,0,0,0,0,0,0,0,0,0,0
10.3676,5,0,0,0,0,0,0,0,0,0,0
10.4292,0,-3.68247,-4.84672,4.88318,-1.40647,0.100727,0.0118728,4.8984,0,0,0
10.4292,1,-5.92308,-4.61798,3.16412,-0.318378,0.892963,-0.365223,2.00395,0,0,0
10.4292,2,-4.97928,-5.84364,4.47813,1.00296,-0.791577,-0.152245,3.77161,0,0,0
10.4292,3,0,0,0,0,0,0,0,0,0,0
10.4292,4,0,0,0,0,0,0,0,0,0,0
10.4292,5,0,0,0,0,0,0,0,0,0,0
10.4882,0,-3.77189,-4.83868,4.88756,-1.49911,0.126288,-0.113095,4.8984,0,0,0
10.4882,1,-5.92308,-4.61798,3.16412,-0.318378,0.892963,-0.365223,2.00395,0,0,0
10.4882,2,-4.90016,-5.93525,4.47519,1.11264,-0.977669,-0.224369,2.6381,0,0,0
10.4882,3,0,0,0,0,0,0,0,0,0,0
10.4882,4,0,0,0,0,0,0,0,0,0,0
10.4882,5,0,0,0,0,0,0,0,0,0,0
10.5392,0,-3.86358,-4.84746,4.88679,-1.58237,0.095869,-0.210187,4.76146,0,0,0
10.5392,1,-5.98346,-4.38558,3.11862,-0.352492,1.21411,-0.61207,1.78622,0,0,0
10.5392,2,-4.85627,-6.0372,4.4687,1.076,-1.15821,-0.298993,2.6381,0,0,0
10.5392,3,0,0,0,0,0,0,0,0,0,0
10.5392,4,0,0,0,0,0,0,0,0,0,0
10.5392,5,0,0,0,0,0,0,0,0,0,0
10.6002,0,-3.9331,-4.85691,4.88085,-1.53611,0.0337749,-0.339171,4.76146,0,0,0
10.6002,1,-6.00877,-4.29124,3.09244,-0.375265,1.31256,-0.771187,1.78622,0,0,0
10.6002,2,-4.79199,-6.1297,4.46821,1.14446,-1.31367,-0.29642,2.55416,0,0,0
10.6002,3,0,0,0,0,0,0,0,0,0,0
10.6002,4,0,0,0,0,0,0,0,0,0,0
10.6002,5,0,0,0,0,0,0,0,0,0,0
10.6583,0,-3.99734,-4.86519,4.8817,-1.49664,-0.014505,-0.452834,4.70787,0,0,0
10.6583,1,-6.01595,-4.22004,3.0599,-0.336048,1.31581,-0.865823,1.65932,0,0,0
10.6583,2,-4.73871,-6.20069,4.47021,1.15871,-1.35802,-0.333526,2.55416,0,0,0
10.6583,3,0,0,0,0,0,0,0,0,0,0
10.6583,4,0,0,0,0,0,0,0,0,0,0
10.6583,5,0,0,0,0,0,0,0,0,0,0
10.7161,0,-4.07249,-4.87848,4.88116,-1.49269,-0.0693868,-0.536976,4.70787,0,0,0
10.7161,1,-6.03658,-4.15075,3.02748,-0.34611,1.26933,-0.981247,1.65932,0,0,0
10.7161,2,-4.67547,-6.30337,4.48073,1.04596,-1.30581,-0.322635,2.40487,0,0,0
10.7161,3,0,0,0,0,0,0,0,0,0,0
10.7161,4,0,0,0,0,0,0,0,0,0,0
10.7161,5,0,0,0,0,0,0,0,0,0,0
10.7821,0,-4.17419,-4.91054,4.88142,-1.515,-0.179812,-0.631315,4.50479,0,0,0
10.7821,1,-6.06483,-4.06176,2.99215,-0.386099,1.30306,-1.07257,1.55448,0,0,0
10.7821,2,-4.66717,-6.33388,4.49169,1.09073,-1.42073,-0.311341,2.40487,0,0,0
10.7821,3,0,0,0,0,0,0,0,0,0,0
10.7821,4,0,0,0,0,0,0,0,0,0,0
10.7821,5,0,0,0,0,0,0,0,0,0,0
10.8399,0,-4.28049,-4.9371,4.87608,-1.58791,-0.259885,-0.750528,4.50479,0,0,0
10.8399,1,-6.08371,-3.98559,2.94718,-0.388475,1.30647,-1.16206,1.55448,0,0,0
10.8399,2,-4.62238,-6.40831,4.50349,1.09306,-1.46951,-0.29071,2.31675,0,0,0
10.8399,3,0,0,0,0,0,0,0,0,0,0
10.8399,4,0,0,0,0,0,0,0,0,0,0
10.8399,5,0,0,0,0,0,0,0,0,0,0
10.89,0,-4.27902,-4.96773,4.84182,-1.54883,-0.373336,-0.798639,4.41745,0,0,0
10.89,1,-6.08371,-3.98559,2.94718,-0.388475,1.30647,-1.16206,1.43019,0,0,0
10.89,2,-4.58993,-6.46307,4.50184,1.04486,-1.44186,-0.245047,2.31675,0,0,0
10.89,3,0,0,0,0,0,0,0,0,0,0
10.89,4,0,0,0,0,0,0,0,0,0,0
10.89,5,0,0,0,0,0,0,0,0,0,0
10.9434,0,-4.34287,-5.00896,4.80075,-1.44898,-0.461834,-0.832716,4.41745,0,0,0
10.9434,1,-6.11704,-3.92351,2.85367,-0.371698,0.998005,-1.25692,1.43019,0,0,0
10.9434,2,-4.57144,-6.5061,4.51884,0.956609,-1.3809,-0.171036,2.22582,0,0,0
10.9434,3,0,0,0,0,0,0,0,0,0,0
10.9434,4,0,0,0,0,0,0,0,0,0,0
10.9434,5,0,0,0,0,0,0,0,0,0,0
11.0142,0,-4.47421,-5.07634,4.79058,-1.37403,-0.545835,-0.884696,4.24773,0,0,0
11.0142,1,-6.14277,-3.86439,2.75493,-0.407323,0.973326,-1.33062,1.37251,0,0,0
11.0142,2,-4.54205,-6.55534,4.55864,0.9116,-1.35724,-0.0744532,2.22582,0,0,0
11.0142,3,0,0,0,0,0,0,0,0,0,0
11.0142,4,0,0,0,0,0,0,0,0,0,0
11.0142,5,0,0,0,0,0,0,0,0,0,0
11.072,0,-4.51035,-5.12846,4.76609,-1.25212,-0.61878,-0.893959,4.24773,0,0,0
11.072,1,-6.16408,-3.83276,2.7058,-0.408851,0.874085,-1.33418,1.37251,0,0,0
11.072,2,-4.48069,-6.65212,4.55592,0.833677,-1.28566,-0.00784509,2.20647,0,0,0
11.072,3,0,0,0,0,0,0,0,0,0,0
11.072,4,0,0,0,0,0,0,0,0,0,0
11.072,5,0,0,0,0,0,0,0,0,0,0
11.1221,0,-4.49408,-5.20282,4.74162,-0.945999,-0.746564,-0.87556,4.20722,0,0,0
11.1221,1,-6.16408,-3.83276,2.7058,-0.408851,0.874085,-1.33418,1.30556,0,0,0
11.1221,2,-4.50588,-6.613,4.58302,0.736343,-1.17383,0.101061,2.20647,0,0,0
11.1221,3,0,0,0,0,0,0,0,0,0,0
11.1221,4,0,0,0,0,0,0,0,0,0,0
11.1221,5,0,0,0,0,0,0,0,0,0,0
11.1824,0,-4.51228,-5.25675,4.69448,-0.782804,-0.803594,-0.917598,4.20722,0,0,0
11.1824,1,-6.21385,-3.81897,2.60707,-0.439915,0.608135,-1.23266,1.30556,0,0,0
11.1824,2,-4.49173,-6.63355,4.61219,0.653638,-1.08208,0.176332,2.1856,0,0,0
11.1824,3,0,0,0,0,0,0,0,0,0,0
11.1824,4,0,0,0,0,0,0,0,0,0,0
11.1824,5,0,0,0,0,0,0,0,0,0,0
11.2381,0,-4.52317,-5.31207,4.69068,-0.640372,-0.816852,-0.928155,4.14245,0,0,0
11.2381,1,-6.21385,-3.81897,2.60707,-0.439915,0.608135,-1.23266,1.27167,0,0,0
11.2381,2,-4.47935,-6.63554,4.64158,0.562414,-0.933149,0.290262,2.1856,0,0,0
11.2381,3,0,0,0,0,0,0,0,0,0,0
11.2381,4,0,0,0,0,0,0,0,0,0,0
11.2381,5,0,0,0,0,0,0,0,0,0,0
11.3112,0,-4.52295,-5.36396,4.62506,-0.479614,-0.833342,-0.953505,4.14245,0,0,0
11.3112,1,-6.27777,-3.79934,2.49487,-0.518515,0.491425,-1.16679,1.27167,0,0,0
11.3112,2,-4.46681,-6.63158,4.6754,0.48838,-0.812461,0.406284,2.21071,0,0,0
11.3112,3,0,0,0,0,0,0,0,0,0,0
11.3112,4,0,0,0,0,0,0,0,0,0,0
11.3112,5,0,0,0,0,0,0,0,0,0,0
11.3693,0,-4.55288,-5.40174,4.62223,-0.464965,-0.793562,-0.95271,4.15219,0,0,0
11.3693,1,-6.32154,-3.80515,2.43735,-0.569571,0.415559,-1.05186,1.23631,0,0,0
11.3693,2,-4.45581,-6.6157,4.70758,0.413971,-0.66569,0.527809,2.25899,0,0,0
11.3693,3,0,0,0,0,0,0,0,0,0,0
11.3693,4,0,0,0,0,0,0,0,0,0,0
11.3693,5,0,0,0,0,0,0,0,0,0,0
11.4285,0,-4.50058,-5.46468,4.58348,-0.190605,-0.858428,-0.867243,4.15219,0,0,0
11.4285,1,-6.35252,-3.80756,2.37765,-0.568399,0.350289,-0.994773,1.21916,0,0,0
11.4285,2,-4.4419,-6.59075,4.74986,0.359793,-0.509518,0.646981,2.25899,0,0,0
11.4285,3,0,0,0,0,0,0,0,0,0,0
11.4285,4,0,0,0,0,0,0,0,0,0,0
11.4285,5,0,0,0,0,0,0,0,0,0,0
11.4914,0,-4.46156,-5.50311,4.55411,0.00828384,-0.837649,-0.794647,4.14278,0,0,0
11.4914,1,-6.35252,-3.80756,2.37765,-0.568399,0.350289,-0.994773,1.21916,0,0,0
11.4914,2,-4.43266,-6.56018,4.78531,0.296018,-0.344943,0.748479,2.33063,0,0,0
11.4914,3,0,0,0,0,0,0,0,0,0,0
11.4914,4,0,0,0,0,0,0,0,0,0,0
11.4914,5,0,0,0,0,0,0,0,0,0,0
11.5492,0,-4.4634,-5.54735,4.52799,0.0434038,-0.818501,-0.791515,4.14278,0,0,0
11.5492,1,-6.39087,-3.82801,2.33875,-0.578655,0.254702,-0.923897,1.20884,0,0,0
11.5492,2,-4.41789,-6.51001,4.82362,0.264333,-0.135733,0.844594,2.33063,0,0,0
11.5492,3,0,0,0,0,0,0,0,0,0,0
11.5492,4,0,0,0,0,0,0,0,0,0,0
11.5492,5,0,0,0,0,0,0,0,0,0,0
11.5993,0,-4.42448,-5.53148,4.4984,0.165368,-0.761624,-0.76173,4.16248,0,0,0
11.5993,1,-6.43469,-3.84566,2.29795,-0.622019,0.156435,-0.863323,1.20884,0,0,0
11.5993,2,-4.40055,-6.44791,4.90977,0.259526,0.0976468,0.939537,2.45999,0,0,0
11.5993,3,0,0,0,0,0,0,0,0,0,0
11.5993,4,0,0,0,0,0,0,0,0,0,0
11.5993,5,0,0,0,0,0,0,0,0,0,0
11.655,0,-4.38408,-5.60956,4.48207,0.324872,-0.722467,-0.718445,4.16248,0,0,0
11.655,1,-6.47218,-3.87006,2.26495,-0.625248,0.0645763,-0.811797,1.20884,0,0,0
11.655,2,-4.38236,-6.38624,4.90885,0.281882,0.331437,0.927556,2.45999,0,0,0
11.655,3,0,0,0,0,0,0,0,0,0,0
11.655,4,0,0,0,0,0,0,0,0,0,0
11.655,5,0,0,0,0,0,0,0,0,0,0
11.7165,0,-4.33821,-5.60862,4.47294,0.433834,-0.605045,-0.638243,4.21764,0,0,0
11.7165,1,-6.51563,-3.87769,2.22209,-0.635171,0.032679,-0.775521,1.1968,0,0,0
11.7165,2,-4.36597,-6.33157,4.9451,0.313254,0.529649,0.892513,2.52112,0,0,0
11.7165,3,0,0,0,0,0,0,0,0,0,0
11.7165,4,0,0,0,0,0,0,0,0,0,0
11.7165,5,0,0,0,0,0,0,0,0,0,0
11.7744,0,-4.19806,-5.65427,4.40557,0.848467,-0.680372,-0.561916,4.21764,0,0,0
11.7744,1,-6.55027,-3.90306,2.18289,-0.624745,-0.0572099,-0.730503,1.1968,0,0,0
11.7744,2,-4.34361,-6.2163,4.9916,0.302839,0.811488,0.82196,2.52112,0,0,0
11.7744,3,0,0,0,0,0,0,0,0,0,0
11.7744,4,0,0,0,0,0,0,0,0,0,0
11.7744,5,0,0,0,0,0,0,0,0,0,0
11.8247,0,-4.13313,-5.66795,4.3542,0.961856,-0.609043,-0.547334,2.44561,0,0,0
11.8247,1,-6.59794,-3.91726,2.1479,-0.656832,-0.0960562,-0.694129,1.19919,0,0,0
11.8247,2,-4.32173,-6.20299,5.06883,0.397871,0.895329,0.7653,3.48656,0,0,0
11.8247,3,0,0,0,0,0,0,0,0,0,0
11.8247,4,0,0,0,0,0,0,0,0,0,0
11.8247,5,0,0,0,0,0,0,0,0,0,0
11.8881,0,-4.0485,-5.6662,4.32092,1.10254,-0.497666,-0.575901,2.44561,0,0,0
11.8881,1,-6.63726,-3.92672,2.12072,-0.666153,-0.12117,-0.651895,1.19062,0,0,0
11.8881,2,-4.30078,-6.05728,5.11072,0.368959,1.20346,0.643365,3.48656,0,0,0
11.8881,3,0,0,0,0,0,0,0,0,0,0
11.8881,4,0,0,0,0,0,0,0,0,0,0
11.8881,5,0,0,0,0,0,0,0,0,0,0
11.9434,0,-3.95379,-5.67299,4.31334,1.2458,-0.453843,-0.456006,2.33758,0,0,0
11.9434,1,-6.66836,-3.93754,2.10183,-0.631969,-0.148213,-0.615511,1.19062,0,0,0
11.9434,2,-4.28361,-5.97309,5.13904,0.371635,1.35715,0.519654,3.2541,0,0,0
11.9434,3,0,0,0,0,0,0,0,0,0,0
11.9434,4,0,0,0,0,0,0,0,0,0,0
11.9434,5,0,0,0,0,0,0,0,0,0,0
12.0011,0,-3.87232,-5.64195,4.32421,1.33264,-0.273669,-0.450369,2.33758,0,0,0
12.0011,1,-6.69503,-3.94387,2.07651,-0.605604,-0.162528,-0.547666,1.19313,0,0,0
12.0011,2,-4.28531,-5.96273,5.1484,0.365895,1.42468,0.349262,3.2541,0,0,0
12.0011,3,0,0,0,0,0,0,0,0,0,0
12.0011,4,0,0,0,0,0,0,0,0,0,0
12.0011,5,0,0,0,0,0,0,0,0,0,0
12.0557,0,-3.76726,-5.62255,4.31298,1.48549,-0.161257,-0.416116,2.31322,0,0,0
12.0557,1,-6.73442,-3.94332,2.05081,-0.640632,-0.146266,-0.481305,1.19313,0,0,0
12.0557,2,-4.25878,-5.82801,5.18247,0.343278,1.52227,0.195232,3.10853,0,0,0
12.0557,3,0,0,0,0,0,0,0,0,0,0
12.0557,4,0,0,0,0,0,0,0,0,0,0
12.0557,5,0,0,0,0,0,0,0,0,0,0
12.1059,0,-3.68575,-5.60694,4.29757,1.55076,-0.0710997,-0.388108,2.31322,0,0,0
12.1059,1,-6.75602,-3.95032,2.03579,-0.599112,-0.160995,-0.443781,1.19096,0,0,0
12.1059,2,-4.25523,-5.7574,5.20297,0.297064,1.56917,0.112112,3.10853,0,0,0
12.1059,3,0,0,0,0,0,0,0,0,0,0
12.1059,4,0,0,0,0,0,0,0,0,0,0
12.1059,5,0,0,0,0,0,0,0,0,0,0
12.1621,0,-3.64368,-5.54944,4.30196,1.46433,0.163216,-0.411806,2.29048,0,0,0
12.1621,1,-6.76953,-3.93993,2.01787,-0.550239,-0.118851,-0.363711,1.19096,0,0,0
12.1621,2,-4.26169,-5.70523,5.23663,0.227464,1.53627,0.0258935,2.98336,0,0,0
12.1621,3,0,0,0,0,0,0,0,0,0,0
12.1621,4,0,0,0,0,0,0,0,0,0,0
12.1621,5,0,0,0,0,0,0,0,0,0,0
12.2177,0,-3.58354,-5.50958,4.30599,1.44902,0.302355,-0.35795,2.29048,0,0,0
12.2177,1,-6.79232,-3.9302,2.00652,-0.537857,-0.0826295,-0.265469,1.18407,0,0,0
12.2177,2,-4.27803,-5.60838,5.26542,0.129703,1.63919,-0.0766311,2.98336,0,0,0
12.2177,3,0,0,0,0,0,0,0,0,0,0
12.2177,4,0,0,0,0,0,0,0,0,0,0
12.2177,5,0,0,0,0,0,0,0,0,0,0
12.2785,0,-3.51572,-5.45821,4.29907,1.47729,0.45374,-0.282505,2.3603,0,0,0
12.2785,1,-6.80255,-3.92229,1.9991,-0.480351,-0.0593797,-0.196395,1.18407,0,0,0
12.2785,2,-4.26705,-5.59433,5.28174,0.131688,1.45408,-0.170063,2.87396,0,0,0
12.2785,3,0,0,0,0,0,0,0,0,0,0
12.2785,4,0,0,0,0,0,0,0,0,0,0
12.2785,5,0,0,0,0,0,0,0,0,0,0
12.3287,0,-3.46298,-5.40277,4.30549,1.44806,0.599824,-0.242096,2.3603,0,0,0
12.3287,1,-6.82288,-3.92195,1.99336,-0.469786,-0.0641464,-0.151617,1.17528,0,0,0
12.3287,2,-4.26811,-5.56022,5.29626,0.105091,1.34855,-0.210612,2.87396,0,0,0
12.3287,3,0,0,0,0,0,0,0,0,0,0
12.3287,4,0,0,0,0,0,0,0,0,0,0
12.3287,5,0,0,0,0,0,0,0,0,0,0
12.3877,0,-3.42205,-5.34743,4.31947,1.38984,0.719536,-0.161273,2.43798,0,0,0
12.3877,1,-6.84691,-3.92609,1.9917,-0.471497,-0.0817555,-0.120664,1.17528,0,0,0
12.3877,2,-4.28194,-5.57405,5.31273,0.0530961,1.27782,-0.266228,2.84588,0,0,0
12.3877,3,0,0,0,0,0,0,0,0,0,0
12.3877,4,0,0,0,0,0,0,0,0,0,0
12.3877,5,0,0,0,0,0,0,0,0,0,0
12.4456,0,-3.38666,-5.28632,4.33509,1.30865,0.837873,-0.10717,2.54844,0,0,0
12.4456,1,-6.81694,-3.90103,1.99182,-0.306297,-0.0136712,-0.0215699,1.16968,0,0,0
12.4456,2,-4.2966,-5.4749,5.3237,-0.0268219,1.23466,-0.330921,2.84588,0,0,0
12.4456,3,0,0,0,0,0,0,0,0,0,0
12.4456,4,0,0,0,0,0,0,0,0,0,0
12.4456,5,0,0,0,0,0,0,0,0,0,0
12.5034,0,-3.32599,-5.24882,4.35175,1.35096,0.86635,-0.0942564,2.54844,0,0,0
12.5034,1,-6.81799,-3.86734,1.99629,-0.264032,0.088127,0.0897912,1.16968,0,0,0
12.5034,2,-4.30918,-5.46054,5.32054,-0.0717425,1.07482,-0.332651,3.93617,0,0,0
12.5034,3,0,0,0,0,0,0,0,0,0,0
12.5034,4,0,0,0,0,0,0,0,0,0,0
12.5034,5,0,0,0,0,0,0,0,0,0,0
12.5625,0,-3.31409,-5.18905,4.37016,1.24153,0.96357,-0.0409002,2.54844,0,0,0
12.5625,1,-6.82341,-3.83067,2.00324,-0.234288,0.195789,0.149421,1.12777,0,0,0
12.5625,2,-4.30933,-5.50706,5.32405,-0.0641379,0.752413,-0.301743,3.93617,0,0,0
12.5625,3,0,0,0,0,0,0,0,0,0,0
12.5625,4,0,0,0,0,0,0,0,0,0,0
12.5625,5,0,0,0,0,0,0,0,0,0,0
12.6129,0,-3.3607,-5.16708,4.38077,0.961671,0.923985,0.10563,2.64907,0,0,0
12.6129,1,-6.8202,-3.80285,2.01345,-0.175241,0.258664,0.211655,1.12777,0,0,0
12.6129,2,-4.32666,-5.5244,5.32181,-0.128143,0.682114,-0.312142,3.88967,0,0,0
12.6129,3,0,0,0,0,0,0,0,0,0,0
12.6129,4,0,0,0,0,0,0,0,0,0,0
12.6129,5,0,0,0,0,0,0,0,0,0,0
12.6634,0,-3.36958,-5.11826,4.3883,0.817398,0.986976,0.19011,2.67254,0,0,0
12.6634,1,-6.82381,-3.78527,2.0245,-0.147531,0.278585,0.246076,5.96574,0,0,0
12.6634,2,-4.33445,-5.54269,5.31236,-0.140431,0.486219,-0.29637,3.88967,0,0,0
12.6634,3,0,0,0,0,0,0,0,0,0,0
12.6634,4,0,0,0,0,0,0,0,0,0,0
12.6634,5,0,0,0,0,0,0,0,0,0,0
12.7175,0,-3.39564,-5.04839,4.41869,0.647851,1.11532,0.372831,2.67254,0,0,0
12.7175,1,-6.80701,-3.7667,2.03662,-0.0464729,0.291048,0.295081,5.96574,0,0,0
12.7175,2,-4.33806,-5.56676,5.30155,-0.132328,0.290336,-0.297259,3.86892,0,0,0
12.7175,3,0,0,0,0,0,0,0,0,0,0
12.7175,4,0,0,0,0,0,0,0,0,0,0
12.7175,5,0,0,0,0,0,0,0,0,0,0
12.7727,0,-3.43113,-4.95401,4.45135,0.457344,1.29837,0.509943,4.53126,0,0,0
12.7727,1,-6.81251,-3.73398,2.05586,-0.0429884,0.365387,0.352236,5.93039,0,0,0
12.7727,2,-4.34457,-5.60149,5.29012,-0.137741,0.0923363,-0.270929,3.86892,0,0,0
12.7727,3,0,0,0,0,0,0,0,0,0,0
12.7727,4,0,0,0,0,0,0,0,0,0,0
12.7727,5,0,0,0,0,0,0,0,0,0,0
12.8257,0,-3.46629,-4.91659,4.49255,0.311852,1.25516,0.617115,4.53126,0,0,0
12.8257,1,-6.8032,-3.7177,2.07472,0.0178668,0.369463,0.388824,5.93039,0,0,0
12.8257,2,-4.34336,-5.63515,5.27385,-0.116534,-0.0669931,-0.247113,3.84469,0,0,0
12.8257,3,0,0,0,0,0,0,0,0,0,0
12.8257,4,0,0,0,0,0,0,0,0,0,0
12.8257,5,0,0,0,0,0,0,0,0,0,0
12.8789,0,-3.53134,-4.86375,4.54109,0.0699455,1.28921,0.69718,4.50233,0,0,0
12.8789,1,-6.80001,-3.69777,2.09547,0.0467628,0.383382,0.424049,5.88887,0,0,0
12.8789,2,-4.3647,-5.69584,5.27655,-0.161474,-0.276514,-0.200833,3.84469,0,0,0
12.8789,3,0,0,0,0,0,0,0,0,0,0
12.8789,4,0,0,0,0,0,0,0,0,0,0
12.8789,5,0,0,0,0,0,0,0,0,0,0
12.9346,0,-3.54375,-4.80033,4.59219,0.0522941,1.32146,0.759919,4.50233,0,0,0
12.9346,1,-6.79624,-3.66939,2.14305,0.0734556,0.4339,0.476454,5.88887,0,0,0
12.9346,2,-4.34651,-5.76068,5.25296,-0.0899436,-0.46449,-0.177603,3.79589,0,0,0
12.9346,3,0,0,0,0,0,0,0,0,0,0
12.9346,4,0,0,0,0,0,0,0,0,0,0
12.9346,5,0,0,0,0,0,0,0,0,0,0
12.992,0,-3.63443,-4.79416,4.60991,-0.227999,1.16505,0.814526,4.36071,0,0,0
12.992,1,-6.79218,-3.64891,2.16836,0.0991784,0.441347,0.482401,5.82277,0,0,0
12.992,2,-4.37104,-5.81445,5.21698,-0.161793,-0.596878,-0.209791,3.79589,0,0,0
12.992,3,0,0,0,0,0,0,0,0,0,0
12.992,4,0,0,0,0,0,0,0,0,0,0
12.992,5,0,0,0,0,0,0,0,0,0,0
13.0446,0,-3.73466,-4.70519,4.6669,-0.516473,1.32163,0.913244,4.36071,0,0,0
13.0446,1,-6.79154,-3.63831,2.19642,0.105328,0.414165,0.424372,5.82277,0,0,0
13.0446,2,-4.35336,-5.86647,5.20096,-0.100612,-0.767546,-0.208703,2.93989,0,0,0
13.0446,3,0,0,0,0,0,0,0,0,0,0
13.0446,4,0,0,0,0,0,0,0,0,0,0
13.0446,5,0,0,0,0,0,0,0,0,0,0
13.1003,0,-3.83209,-4.65083,4.70608,-0.784057,1.3207,0.858988,4.18722,0,0,0
13.1003,1,-6.79289,-3.62627,2.21938,0.101247,0.394038,0.397576,5.781,0,0,0
13.1003,2,-4.37372,-6.00283,5.18426,-0.149714,-1.01979,-0.18172,2.93989,0,0,0
13.1003,3,0,0,0,0,0,0,0,0,0,0
13.1003,4,0,0,0,0,0,0,0,0,0,0
13.1003,5,0,0,0,0,0,0,0,0,0,0
13.1555,0,-3.92571,-4.61261,4.74954,-0.98576,1.26532,0.820079,4.18722,0,0,0
13.1555,1,-6.79505,-3.61874,2.24,0.093764,0.356656,0.367602,5.781,0,0,0
13.1555,2,-4.36148,-6.1331,5.17966,-0.0984858,-1.30255,-0.184886,2.79766,0,0,0
13.1555,3,0,0,0,0,0,0,0,0,0,0
13.1555,4,0,0,0,0,0,0,0,0,0,0
13.1555,5,0,0,0,0,0,0,0,0,0,0
13.2119,0,-4.00331,-4.58219,4.76849,-1.15133,1.21563,0.68611,4.11622,0,0,0
13.2119,1,-6.80037,-3.6111,2.27242,0.0785373,0.27124,0.328588,5.75116,0,0,0
13.2119,2,-4.38449,-6.34933,5.16361,-0.162489,-1.60843,-0.297374,2.79766,0,0,0
13.2119,3,0,0,0,0,0,0,0,0,0,0
13.2119,4,0,0,0,0,0,0,0,0,0,0
13.2119,5,0,0,0,0,0,0,0,0,0,0
13.2636,0,-4.09963,-4.54184,4.79822,-1.36712,1.21365,0.479865,4.11622,0,0,0
13.2636,1,-6.80037,-3.6111,2.27242,0.0785373,0.27124,0.328588,5.75116,0,0,0
13.2636,2,-4.3896,-6.41797,5.17327,-0.172649,-1.59557,-0.341675,2.70349,0,0,0
13.2636,3,0,0,0,0,0,0,0,0,0,0
13.2636,4,0,0,0,0,0,0,0,0,0,0
13.2636,5,0,0,0,0,0,0,0,0,0,0
13.319,0,-4.21596,-4.49482,4.80605,-1.59973,1.22388,0.262753,3.97345,0,0,0
13.319,1,-6.80293,-3.61084,2.28566,0.0724972,0.224103,0.308036,5.73309,0,0,0
13.319,2,-4.39509,-6.49872,5.17387,-0.172037,-1.64208,-0.359409,2.70349,0,0,0
13.319,3,0,0,0,0,0,0,0,0,0,0
13.319,4,0,0,0,0,0,0,0,0,0,0
13.319,5,0,0,0,0,0,0,0,0,0,0
13.3767,0,-4.3164,-4.45438,4.85246,-1.73505,1.19278,0.100564,3.97345,0,0,0
13.3767,1,-6.80881,-3.61148,2.29615,0.0557454,0.18135,0.307209,5.73309,0,0,0
13.3767,2,-4.39509,-6.49872,5.17387,-0.172037,-1.64208,-0.359409,2.66332,0,0,0
13.3767,3,0,0,0,0,0,0,0,0,0,0
13.3767,4,0,0,0,0,0,0,0,0,0,0
13.3767,5,0,0,0,0,0,0,0,0,0,0
13.4345,0,-4.40111,-4.44447,4.87106,-1.77021,1.04286,-0.063919,3.79874,0,0,0
13.4345,1,-6.81948,-3.6185,2.3097,0.0182192,0.116478,0.210482,5.72413,0,0,0
13.4345,2,-4.44495,-6.70139,5.17188,-0.264861,-1.83735,-0.35793,2.66332,0,0,0
13.4345,3,0,0,0,0,0,0,0,0,0,0
13.4345,4,0,0,0,0,0,0,0,0,0,0
13.4345,5,0,0,0,0,0,0,0,0,0,0
13.4976,0,-4.52194,-4.40358,4.88924,-1.92203,0.99366,-0.319439,3.79874,0,0,0
13.4976,1,-6.83343,-3.62098,2.32018,-0.0249409,0.0815293,0.192794,5.72413,0,0,0
13.4976,2,-4.45718,-6.71362,5.17644,-0.299144,-1.87756,-0.387487,2.62187,0,0,0
13.4976,3,0,0,0,0,0,0,0,0,0,0
13.4976,4,0,0,0,0,0,0,0,0,0,0
13.4976,5,0,0,0,0,0,0,0,0,0,0
13.5503,0,-4.603,-4.39042,4.90557,-1.89629,0.836891,-0.4808,3.64076,0,0,0
13.5503,1,-6.84408,-3.62345,2.32346,-0.0504306,0.0526979,0.150881,5.72824,0,0,0
13.5503,2,-4.48912,-6.79773,5.18349,-0.351726,-1.86603,-0.350462,2.62187,0,0,0
13.5503,3,0,0,0,0,0,0,0,0,0,0
13.5503,4,0,0,0,0,0,0,0,0,0,0
13.5503,5,0,0,0,0,0,0,0,0,0,0
13.6125,0,-4.70567,-4.37435,4.9165,-1.90193,0.697715,-0.634174,3.64076,0,0,0
13.6125,1,-6.86238,-3.6393,2.32909,-0.0988272,-0.020263,0.0903971,5.72824,0,0,0
13.6125,2,-4.54288,-6.95216,5.20088,-0.429416,-1.88196,-0.271041,2.62747,0,0,0
13.6125,3,0,0,0,0,0,0,0,0,0,0
13.6125,4,0,0,0,0,0,0,0,0,0,0
13.6125,5,0,0,0,0,0,0,0,0,0,0
13.6734,0,-4.77133,-4.37071,4.9136,-1.81231,0.549447,-0.687227,3.50595,0,0,0
13.6734,1,-6.8761,-3.6413,2.33302,-0.124945,-0.0329363,0.0855824,5.74092,0,0,0
13.6734,2,-4.57805,-7.00068,5.21787,-0.491686,-1.80853,-0.21994,2.62747,0,0,0
13.6734,3,0,0,0,0,0,0,0,0,0,0
13.6734,4,0,0,0,0,0,0,0,0,0,0
13.6734,5,0,0,0,0,0,0,0,0,0,0
13.7284,0,-4.84188,-4.36703,4.9129,-1.73538,0.416371,-0.759803,3.50595,0,0,0
13.7284,1,-6.8914,-3.65383,2.33702,-0.152811,-0.0801677,0.0570834,5.74092,0,0,0
13.7284,2,-4.63307,-6.99918,5.24225,-0.618489,-1.54894,-0.141105,2.66016,0,0,0
13.7284,3,0,0,0,0,0,0,0,0,0,0
13.7284,4,0,0,0,0,0,0,0,0,0,0
13.7284,5,0,0,0,0,0,0,0,0,0,0
13.7814,0,-4.89552,-4.37192,4.90737,-1.61754,0.279883,-0.765178,3.39909,0,0,0
13.7814,1,-6.90759,-3.65668,2.33975,-0.179042,-0.0857384,0.054704,5.74771,0,0,0
13.7814,2,-4.65878,-7.07252,5.26633,-0.625746,-1.57606,-0.0941662,2.66016,0,0,0
13.7814,3,0,0,0,0,0,0,0,0,0,0
13.7814,4,0,0,0,0,0,0,0,0,0,0
13.7814,5,0,0,0,0,0,0,0,0,0,0
13.8372,0,-4.96562,-4.38117,4.90299,-1.565,0.151309,-0.786903,3.39909,0,0,0
13.8372,1,-6.92551,-3.66795,2.34439,-0.177969,-0.113807,0.0522753,5.74771,0,0,0
13.8372,2,-4.66614,-7.01716,5.26489,-0.672301,-1.39521,0.0298812,2.73094,0,0,0
13.8372,3,0,0,0,0,0,0,0,0,0,0
13.8372,4,0,0,0,0,0,0,0,0,0,0
13.8372,5,0,0,0,0,0,0,0,0,0,0
13.8988,0,-5.01169,-4.40335,4.89588,-1.43989,-0.000924136,-0.756358,3.30609,0,0,0
13.8988,1,-6.94012,-3.67777,2.35013,-0.192993,-0.136652,0.066617,5.76354,0,0,0
13.8988,2,-4.72253,-7.08467,5.28863,-0.700715,-1.2583,0.125623,2.77953,0,0,0
13.8988,3,0,0,0,0,0,0,0,0,0,0
13.8988,4,0,0,0,0,0,0,0,0,0,0
13.8988,5,0,0,0,0,0,0,0,0,0,0
13.953,0,-5.04228,-4.42625,4.88592,-1.25622,-0.130362,-0.763418,3.30609,0,0,0
13.953,1,-6.95674,-3.67729,2.35892,-0.221947,-0.124464,0.0849628,5.76354,0,0,0
13.953,2,-4.77146,-7.08025,5.349,-0.779982,-1.09986,0.293366,2.77953,0,0,0
13.953,3,0,0,0,0,0,0,0,0,0,0
13.953,4,0,0,0,0,0,0,0,0,0,0
13.953,5,0,0,0,0,0,0,0,0,0,0
14.016,0,-5.06677,-4.45514,4.87548,-1.07628,-0.236375,-0.743018,3.25431,0,0,0
14.016,1,-6.96373,-3.68017,2.36496,-0.214011,-0.124494,0.122573,5.77193,0,0,0
14.016,2,-4.8036,-7.06444,5.3864,-0.788884,-0.919155,0.414925,2.98738,0,0,0
14.016,3,0,0,0,0,0,0,0,0,0,0
14.016,4,0,0,0,0,0,0,0,0,0,0
14.016,5,0,0,0,0,0,0,0,0,0,0
14.0764,0,-5.0836,-4.48636,4.849,-0.897498,-0.326187,-0.733649,3.25431,0,0,0
14.0764,1,-6.96933,-3.68203,2.37543,-0.211934,-0.122707,0.178004,5.76711,0,0,0
14.0764,2,-4.83378,-7.04017,5.41229,-0.778738,-0.713823,0.588235,2.98738,0,0,0
14.0764,3,0,0,0,0,0,0,0,0,0,0
14.0764,4,0,0,0,0,0,0,0,0,0,0
14.0764,5,0,0,0,0,0,0,0,0,0,0
14.1334,0,-5.08785,-4.58645,4.82718,-0.550678,-0.588786,-0.648267,3.22216,0,0,0
14.1334,1,-6.96855,-3.68227,2.38898,-0.194146,-0.117272,0.247102,5.76711,0,0,0
14.1334,2,-4.87474,-7,5.44887,-0.784559,-0.454416,0.752272,2.90272,0,0,0
14.1334,3,0,0,0,0,0,0,0,0,0,0
14.1334,4,0,0,0,0,0,0,0,0,0,0
14.1334,5,0,0,0,0,0,0,0,0,0,0
14.1911,0,-5.08444,-4.58304,4.81317,-0.529745,-0.547021,-0.712884,3.23458,0,0,0
14.1911,1,-6.96368,-3.68083,2.4042,-0.166201,-0.106016,0.301854,5.7411,0,0,0
14.1911,2,-4.90936,-6.94206,5.49794,-0.73884,-0.145528,0.877336,2.90272,0,0,0
14.1911,3,0,0,0,0,0,0,0,0,0,0
14.1911,4,0,0,0,0,0,0,0,0,0,0
14.1911,5,0,0,0,0,0,0,0,0,0,0
14.254,0,-5.07461,-4.6332,4.79499,-0.364001,-0.624404,-0.705876,3.23458,0,0,0
14.254,1,-6.94635,-3.67632,2.42131,-0.107401,-0.0894385,0.375637,5.7411,0,0,0
14.254,2,-4.89556,-6.92825,5.51098,-0.667006,-0.0457177,0.928847,2.85711,0,0,0
14.254,3,0,0,0,0,0,0,0,0,0,0
14.254,4,0,0,0,0,0,0,0,0,0,0
14.254,5,0,0,0,0,0,0,0,0,0,0
14.3175,0,-5.06511,-4.66426,4.78116,-0.234199,-0.626991,-0.718959,3.23458,0,0,0
14.3175,1,-6.93458,-3.66768,2.44459,-0.0825678,-0.0592345,0.448757,5.69077,0,0,0
14.3175,2,-4.97022,-6.89448,5.60872,-0.67711,0.154936,1.00779,2.85711,0,0,0
14.3175,3,0,0,0,0,0,0,0,0,0,0
14.3175,4,0,0,0,0,0,0,0,0,0,0
14.3175,5,0,0,0,0,0,0,0,0,0,0
14.3863,0,-5.04427,-4.68687,4.76371,-0.0957386,-0.581764,-0.755841,3.26056,0,0,0
14.3863,1,-6.91072,-3.65947,2.4713,-0.0179744,-0.0323265,0.529993,5.69077,0,0,0
14.3863,2,-4.98845,-6.87067,5.66602,-0.600118,0.296682,1.0512,2.72243,0,0,0
14.3863,3,0,0,0,0,0,0,0,0,0,0
14.3863,4,0,0,0,0,0,0,0,0,0,0
14.3863,5,0,0,0,0,0,0,0,0,0,0
14.4392,0,-4.9741,-4.77667,4.69653,0.207416,-0.761776,-0.923551,3.26056,0,0,0
14.4392,1,-6.86529,-3.64781,2.498,0.082588,-0.000346663,0.619967,5.60488,0,0,0
14.4392,2,-5.05487,-6.81299,5.7095,-0.686773,0.535781,1.06698,2.72243,0,0,0
14.4392,3,0,0,0,0,0,0,0,0,0,0
14.4392,4,0,0,0,0,0,0,0,0,0,0
14.4392,5,0,0,0,0,0,0,0,0,0,0
14.5012,0,-4.93986,-4.80991,4.6513,0.299239,-0.69188,-1.05309,3.55337,0,0,0
14.5012,1,-6.84495,-3.64944,2.53163,0.141405,-0.00754397,0.677603,5.60488,0,0,0
14.5012,2,-5.08009,-6.79751,5.75428,-0.649032,0.600206,1.03323,2.61842,0,0,0
14.5012,3,0,0,0,0,0,0,0,0,0,0
14.5012,4,0,0,0,0,0,0,0,0,0,0
14.5012,5,0,0,0,0,0,0,0,0,0,0
14.5594,0,-4.89333,-4.84749,4.59412,0.39922,-0.642275,-1.15188,3.55337,0,0,0
14.5594,1,-6.82136,-3.63917,2.55363,0.179891,0.0267094,0.717502,5.53366,0,0,0
14.5594,2,-5.09573,-6.7894,5.80749,-0.723655,0.664736,0.980951,2.61842,0,0,0
14.5594,3,0,0,0,0,0,0,0,0,0,0
14.5594,4,0,0,0,0,0,0,0,0,0,0
14.5594,5,0,0,0,0,0,0,0,0,0,0
14.6221,0,-4.83336,-4.90025,4.5908,0.510137,-0.670525,-1.18335,3.41307,0,0,0
14.6221,1,-6.77406,-3.61376,2.60512,0.27741,0.103588,0.838397,5.53366,0,0,0
14.6221,2,-5.19933,-6.74084,5.85494,-0.839929,0.765102,0.906549,5.04507,0,0,0
14.6221,3,0,0,0,0,0,0,0,0,0,0
14.6221,4,0,0,0,0,0,0,0,0,0,0
14.6221,5,0,0,0,0,0,0,0,0,0,0
14.6829,0,-4.77923,-4.91968,4.49128,0.569888,-0.569509,-1.23627,3.25773,0,0,0
14.6829,1,-6.65116,-3.61691,2.64016,0.534532,0.0546862,0.94127,5.35963,0,0,0
14.6829,2,-5.195,-6.76898,5.90186,-0.854923,0.674006,0.844398,5.04507,0,0,0
14.6829,3,0,0,0,0,0,0,0,0,0,0
14.6829,4,0,0,0,0,0,0,0,0,0,0
14.6829,5,0,0,0,0,0,0,0,0,0,0
14.7456,0,-4.72661,-4.93222,4.53129,0.59314,-0.429599,-1.29822,3.25773,0,0,0
14.7456,1,-6.60866,-3.59188,2.69161,0.722999,0.151655,0.993865,5.35963,0,0,0
14.7456,2,-5.26881,-6.75721,5.89525,-1.00563,0.657516,0.732205,4.99973,0,0,0
14.7456,3,0,0,0,0,0,0,0,0,0,0
14.7456,4,0,0,0,0,0,0,0,0,0,0
14.7456,5,0,0,0,0,0,0,0,0,0,0
14.8029,0,-4.69046,-4.94975,4.44234,0.597113,-0.361129,-1.29499,3.17314,0,0,0
14.8029,1,-6.52614,-3.59471,2.7389,0.921699,0.114221,1.02574,5.29191,0,0,0
14.8029,2,-5.3319,-6.75471,5.96092,-1.09761,0.599453,0.646378,4.99973,0,0,0
14.8029,3,0,0,0,0,0,0,0,0,0,0
14.8029,4,0,0,0,0,0,0,0,0,0,0
14.8029,5,0,0,0,0,0,0,0,0,0,0
14.8613,0,-4.65384,-4.9308,4.43473,0.553892,-0.192199,-1.22779,3.17314,0,0,0
14.8613,1,-6.38105,-3.57168,2.80243,1.12303,0.15691,1.05018,5.29191,0,0,0
14.8613,2,-5.39088,-6.77493,5.99942,-1.15508,0.447369,0.566895,5.02576,0,0,0
14.8613,3,0,0,0,0,0,0,0,0,0,0
14.8613,4,0,0,0,0,0,0,0,0,0,0
14.8613,5,0,0,0,0,0,0,0,0,0,0
14.9167,0,-4.60382,-4.93243,4.36264,0.601331,-0.107524,-1.23818,3.11275,0,0,0
14.9167,1,-6.29823,-3.54669,2.84788,1.25756,0.210871,1.05474,4.9792,0,0,0
14.9167,2,-5.44734,-6.78952,6.00253,-1.19194,0.334653,0.495774,5.02576,0,0,0
14.9167,3,0,0,0,0,0,0,0,0,0,0
14.9167,4,0,0,0,0,0,0,0,0,0,0
14.9167,5,0,0,0,0,0,0,0,0,0,0
14.9719,0,-4.57003,-4.90449,4.29609,0.591063,0.0268739,-1.13424,3.11275,0,0,0
14.9719,1,-6.20263,-3.54248,2.89699,1.4696,0.19769,1.00507,4.9792,0,0,0
14.9719,2,-5.50439,-6.81272,6.03887,-1.23623,0.189463,0.410657,5.03262,0,0,0
14.9719,3,0,0,0,0,0,0,0,0,0,0
14.9719,4,0,0,0,0,0,0,0,0,0,0
14.9719,5,0,0,0,0,0,0,0,0,0,0
15.0297,0,-4.54793,-4.87797,4.22935,0.550703,0.132737,-1.01758,3.11275,0,0,0
15.0297,1,-6.1299,-3.53898,2.94912,1.56825,0.192289,0.942023,4.88346,0,0,0
15.0297,2,-5.56537,-6.84415,6.07148,-1.27197,0.040857,0.337318,5.03262,0,0,0
15.0297,3,0,0,0,0,0,0,0,0,0,0
15.0297,4,0,0,0,0,0,0,0,0,0,0
15.0297,5,0,0,0,0,0,0,0,0,0,0
15.0901,0,-4.53498,-4.84348,4.22411,0.490018,0.238618,-0.888511,3.07331,0,0,0
15.0901,1,-6.03712,-3.5323,3.01507,1.71165,0.184402,0.912003,4.88346,0,0,0
15.0901,2,-5.61068,-6.87419,6.10372,-1.24338,-0.074408,0.292458,5.07758,0,0,0
15.0901,3,0,0,0,0,0,0,0,0,0,0
15.0901,4,0,0,0,0,0,0,0,0,0,0
15.0901,5,0,0,0,0,0,0,0,0,0,0
15.1536,0,-4.52941,-4.78831,4.18538,0.414699,0.393163,-0.761044,3.07331,0,0,0
15.1536,1,-5.93835,-3.51411,3.07715,1.84202,0.215659,0.876897,4.58408,0,0,0
15.1536,2,-5.65437,-6.9117,6.13158,-1.20849,-0.206169,0.206813,5.07758,0,0,0
15.1536,3,0,0,0,0,0,0,0,0,0,0
15.1536,4,0,0,0,0,0,0,0,0,0,0
15.1536,5,0,0,0,0,0,0,0,0,0,0
15.2089,0,-4.53781,-4.72175,4.12225,0.311243,0.568585,-0.610719,3.43685,0,0,0
15.2089,1,-5.94594,-3.52347,3.1444,1.8516,0.182857,0.838874,4.58408,0,0,0
15.2089,2,-5.69123,-6.94744,6.15909,-1.10937,-0.30753,0.144951,1.87894,0,0,0
15.2089,3,0,0,0,0,0,0,0,0,0,0
15.2089,4,0,0,0,0,0,0,0,0,0,0
15.2089,5,0,0,0,0,0,0,0,0,0,0
15.2699,0,-4.55199,-4.65527,4.0917,0.191315,0.704575,-0.533735,3.43685,0,0,0
15.2699,1,-5.88592,-3.50266,3.22582,1.82826,0.23215,0.722855,4.43142,0,0,0
15.2699,2,-5.73781,-7.00768,6.18141,-1.08064,-0.478328,0.0867429,1.87894,0,0,0
15.2699,3,0,0,0,0,0,0,0,0,0,0
15.2699,4,0,0,0,0,0,0,0,0,0,0
15.2699,5,0,0,0,0,0,0,0,0,0,0
15.3201,0,-4.57672,-4.5835,4.06528,0.0708103,0.840925,-0.444,3.32999,0,0,0
15.3201,1,-5.7993,-3.51221,3.27548,1.91038,0.160356,0.718425,4.43142,0,0,0
15.3201,2,-5.76842,-7.05661,6.19945,-1.004,-0.582281,0.0383913,1.77167,0,0,0
15.3201,3,0,0,0,0,0,0,0,0,0,0
15.3201,4,0,0,0,0,0,0,0,0,0,0
15.3201,5,0,0,0,0,0,0,0,0,0,0
15.3778,0,-4.61161,-4.50762,4.06959,-0.0607654,0.971814,-0.365651,3.32999,0,0,0
15.3778,1,-5.74099,-3.49684,3.31893,1.83529,0.19175,0.717243,4.34196,0,0,0
15.3778,2,-5.78444,-7.0963,6.21187,-0.890564,-0.638502,0.0136974,1.77167,0,0,0
15.3778,3,0,0,0,0,0,0,0,0,0,0
15.3778,4,0,0,0,0,0,0,0,0,0,0
15.3778,5,0,0,0,0,0,0,0,0,0,0
15.4384,0,-4.66677,-4.41376,4.03372,-0.23584,1.1566,-0.264224,3.21655,0,0,0
15.4384,1,-5.72961,-3.49565,3.36946,1.64499,0.171911,0.70677,4.34196,0,0,0
15.4384,2,-5.79852,-7.13732,6.2209,-0.779028,-0.686718,-0.00888801,1.72326,0,0,0
15.4384,3,0,0,0,0,0,0,0,0,0,0
15.4384,4,0,0,0,0,0,0,0,0,0,0
15.4384,5,0,0,0,0,0,0,0,0,0,0
15.492,0,-4.69425,-4.36117,4.01368,-0.298425,1.17307,-0.255707,3.21655,0,0,0
15.492,1,-5.64681,-3.50944,3.43106,1.69884,0.0880743,0.643316,4.56487,0,0,0
15.492,2,-5.80507,-7.17289,6.23125,-0.656296,-0.703581,-0.00470101,1.72326,0,0,0
15.492,3,0,0,0,0,0,0,0,0,0,0
15.492,4,0,0,0,0,0,0,0,0,0,0
15.492,5,0,0,0,0,0,0,0,0,0,0
15.5502,0,-4.78558,-4.25443,4.00572,-0.557136,1.37209,-0.246455,3.07499,0,0,0
15.5502,1,-5.61746,-3.50121,3.48077,1.54521,0.10129,0.676023,4.56487,0,0,0
15.5502,2,-5.80581,-7.20605,6.22777,-0.531483,-0.708761,-0.00632292,1.70582,0,0,0
15.5502,3,0,0,0,0,0,0,0,0,0,0
15.5502,4,0,0,0,0,0,0,0,0,0,0
15.5502,5,0,0,0,0,0,0,0,0,0,0
15.6134,0,-4.83938,-4.18969,3.9919,-0.660587,1.39758,-0.278255,3.07499,0,0,0
15.6134,1,-5.51514,-3.50075,3.53651,1.45358,0.0639072,0.682301,4.07005,0,0,0
15.6134,2,-5.80333,-7.2389,6.23627,-0.41288,-0.710303,-0.0245951,1.70582,0,0,0
15.6134,3,0,0,0,0,0,0,0,0,0,0
15.6134,4,0,0,0,0,0,0,0,0,0,0
15.6134,5,0,0,0,0,0,0,0,0,0,0
15.6712,0,-4.90261,-4.13187,3.99667,-0.778355,1.37981,-0.340116,2.888,0,0,0
15.6712,1,-5.50528,-3.50002,3.59006,1.29018,0.0575873,0.696578,4.07005,0,0,0
15.6712,2,-5.76643,-7.30964,6.244,-0.214918,-0.797126,-0.0687187,1.72914,0,0,0
15.6712,3,0,0,0,0,0,0,0,0,0,0
15.6712,4,0,0,0,0,0,0,0,0,0,0
15.6712,5,0,0,0,0,0,0,0,0,0,0
15.73,0,-4.99746,-4.04271,3.97911,-0.991082,1.4723,-0.503115,2.888,0,0,0
15.73,1,-5.53876,-3.50248,3.63617,1.15064,0.0476178,0.716234,3.91721,0,0,0
15.73,2,-5.77125,-7.34475,6.24522,-0.174163,-0.78218,-0.0902849,1.72914,0,0,0
15.73,3,0,0,0,0,0,0,0,0,0,0
15.73,4,0,0,0,0,0,0,0,0,0,0
15.73,5,0,0,0,0,0,0,0,0,0,0
15.7953,0,-5.06871,-3.99124,3.9511,-1.06917,1.40534,-0.607338,2.7051,0,0,0
15.7953,1,-5.4851,-3.50183,3.6794,0.9978,0.0257366,0.731404,3.91721,0,0,0
15.7953,2,-5.7595,-7.37378,6.24442,-0.0890723,-0.762448,-0.0978614,1.73421,0,0,0
15.7953,3,0,0,0,0,0,0,0,0,0,0
15.7953,4,0,0,0,0,0,0,0,0,0,0
15.7953,5,0,0,0,0,0,0,0,0,0,0
15.8591,0,-5.18496,-3.89661,3.94074,-1.29239,1.48759,-0.787361,2.49082,0,0,0
15.8591,1,-5.48238,-3.50218,3.72914,0.834794,0.0128728,0.73087,3.83151,0,0,0
15.8591,2,-5.74094,-7.42442,6.24476,0.0132505,-0.824191,-0.0943188,1.73421,0,0,0
15.8591,3,0,0,0,0,0,0,0,0,0,0
15.8591,4,0,0,0,0,0,0,0,0,0,0
15.8591,5,0,0,0,0,0,0,0,0,0,0
15.915,0,-5.27275,-3.84011,3.92073,-1.36276,1.4009,-0.896045,2.49082,0,0,0
15.915,1,-5.51734,-3.50352,3.7706,0.691291,0.00837933,0.716071,3.83151,0,0,0
15.915,2,-5.7251,-7.44558,6.24856,0.0854981,-0.771518,-0.0877885,1.76623,0,0,0
15.915,3,0,0,0,0,0,0,0,0,0,0
15.915,4,0,0,0,0,0,0,0,0,0,0
15.915,5,0,0,0,0,0,0,0,0,0,0
15.9753,0,-5.36945,-3.77416,3.90093,-1.42105,1.3175,-1.02367,2.28781,0,0,0
15.9753,1,-5.51523,-3.50134,3.80652,0.560626,0.00713756,0.702873,3.77405,0,0,0
15.9753,2,-5.70824,-7.47893,6.2552,0.157117,-0.770262,-0.0688805,1.76623,0,0,0
15.9753,3,0,0,0,0,0,0,0,0,0,0
15.9753,4,0,0,0,0,0,0,0,0,0,0
15.9753,5,0,0,0,0,0,0,0,0,0,0
16.0254,0,-5.45617,-3.73648,3.89931,-1.44108,1.15448,-1.14475,2.28781,0,0,0
16.0254,1,-5.51274,-3.49663,3.84045,0.437722,0.0119289,0.699585,3.77405,0,0,0
16.0254,2,-5.6987,-7.49818,6.25562,0.190356,-0.71733,-0.0496807,1.79131,0,0,0
16.0254,3,0,0,0,0,0,0,0,0,0,0
16.0254,4,0,0,0,0,0,0,0,0,0,0
16.0254,5,0,0,0,0,0,0,0,0,0,0
16.0782,0,-5.54724,-3.69489,3.86791,-1.47229,1.04581,-1.15921,2.10449,0,0,0
16.0782,1,-5.51688,-3.49899,3.86583,0.320249,-0.00869914,0.689414,3.71392,0,0,0
16.0782,2,-5.68863,-7.52268,6.2653,0.221259,-0.678049,-0.0428723,1.79131,0,0,0
16.0782,3,0,0,0,0,0,0,0,0,0,0
16.0782,4,0,0,0,0,0,0,0,0,0,0
16.0782,5,0,0,0,0,0,0,0,0,0,0
16.1336,0,-5.62211,-3.67727,3.86716,-1.43163,0.865136,-1.1645,2.10449,0,0,0
16.1336,1,-5.52067,-3.49722,3.942,0.227106,-0.0104583,0.657513,3.71392,0,0,0
16.1336,2,-5.68357,-7.53843,6.27347,0.224245,-0.616227,-0.0402809,1.80263,0,0,0
16.1336,3,0,0,0,0,0,0,0,0,0,0
16.1336,4,0,0,0,0,0,0,0,0,0,0
16.1336,5,0,0,0,0,0,0,0,0,0,0
16.1919,0,-5.68988,-3.66379,3.83219,-1.40788,0.731227,-1.08449,1.95939,0,0,0
16.1919,1,-5.52367,-3.48988,3.97298,0.151097,0.00748139,0.629648,3.63611,0,0,0
16.1919,2,-5.68474,-7.5494,6.27856,0.206664,-0.551579,-0.0370526,1.80263,0,0,0
16.1919,3,0,0,0,0,0,0,0,0,0,0
16.1919,4,0,0,0,0,0,0,0,0,0,0
16.1919,5,0,0,0,0,0,0,0,0,0,0
16.2543,0,-5.7494,-3.66065,3.80637,-1.36562,0.577834,-1.0263,1.95939,0,0,0
16.2543,1,-5.52036,-3.48061,3.99039,0.067622,0.0157279,0.596155,3.63611,0,0,0
16.2543,2,-5.69115,-7.55559,6.28547,0.167758,-0.476147,-0.0379079,1.80087,0,0,0
16.2543,3,0,0,0,0,0,0,0,0,0,0
16.2543,4,0,0,0,0,0,0,0,0,0,0
16.2543,5,0,0,0,0,0,0,0,0,0,0
16.3102,0,-5.80495,-3.66456,3.78818,-1.30258,0.432014,-0.9502,1.83924,0,0,0
16.3102,1,-5.52684,-3.47187,3.997,0.0420233,0.0479864,0.563537,3.59648,0,0,0
16.3102,2,-5.69335,-7.57492,6.29027,0.142177,-0.383209,-0.0501332,1.80087,0,0,0
16.3102,3,0,0,0,0,0,0,0,0,0,0
16.3102,4,0,0,0,0,0,0,0,0,0,0
16.3102,5,0,0,0,0,0,0,0,0,0,0
16.3709,0,-5.84964,-3.68575,3.77135,-1.20187,0.250887,-0.815592,1.83924,0,0,0
16.3709,1,-5.53299,-3.44089,4.04474,-0.0299034,0.125107,0.474328,3.59648,0,0,0
16.3709,2,-5.71235,-7.56432,6.28723,0.070793,-0.281365,-0.0499915,1.7916,0,0,0
16.3709,3,0,0,0,0,0,0,0,0,0,0
16.3709,4,0,0,0,0,0,0,0,0,0,0
16.3709,5,0,0,0,0,0,0,0,0,0,0
16.4296,0,-5.87953,-3.7101,3.76831,-1.0934,0.10154,-0.703104,1.7739,0,0,0
16.4296,1,-5.52896,-3.42729,4.07041,-0.0308186,0.147633,0.446323,3.55972,0,0,0
16.4296,2,-5.7413,-7.54266,6.28261,-0.0234834,-0.161853,-0.0272057,1.7916,0,0,0
16.4296,3,0,0,0,0,0,0,0,0,0,0
16.4296,4,0,0,0,0,0,0,0,0,0,0
16.4296,5,0,0,0,0,0,0,0,0,0,0
16.4905,0,-5.90426,-3.74686,3.7553,-0.968872,-0.0578414,-0.573351,1.7739,0,0,0
16.4905,1,-5.53101,-3.42035,4.07137,-0.0340919,0.175783,0.43619,3.55972,0,0,0
16.4905,2,-5.76554,-7.52257,6.27497,-0.0935603,-0.0567026,-0.0271463,1.74585,0,0,0
16.4905,3,0,0,0,0,0,0,0,0,0,0
16.4905,4,0,0,0,0,0,0,0,0,0,0
16.4905,5,0,0,0,0,0,0,0,0,0,0
16.5408,0,-5.91738,-3.78906,3.74135,-0.831718,-0.213566,-0.459245,1.74547,0,0,0
16.5408,1,-5.52575,-3.39522,4.09003,-0.0387761,0.194487,0.411986,3.53706,0,0,0
16.5408,2,-5.79677,-7.48727,6.27255,-0.213746,0.0703709,-0.0067489,1.74585,0,0,0
16.5408,3,0,0,0,0,0,0,0,0,0,0
16.5408,4,0,0,0,0,0,0,0,0,0,0
16.5408,5,0,0,0,0,0,0,0,0,0,0
16.5947,0,-5.92154,-3.8386,3.72911,-0.701485,-0.361165,-0.335102,1.74547,0,0,0
16.5947,1,-5.52507,-3.37122,4.10641,-0.0410925,0.244097,0.370883,3.53706,0,0,0
16.5947,2,-5.81667,-7.46737,6.25764,-0.246613,0.148695,-0.0137406,1.69303,0,0,0
16.5947,3,0,0,0,0,0,0,0,0,0,0
16.5947,4,0,0,0,0,0,0,0,0,0,0
16.5947,5,0,0,0,0,0,0,0,0,0,0
16.6551,0,-5.91571,-3.89362,3.7223,-0.559112,-0.514173,-0.209648,4.39239,0,0,0
16.6551,1,-5.52071,-3.34015,4.14006,-0.0333891,0.314081,0.293742,3.50541,0,0,0
16.6551,2,-5.86946,-7.41407,6.25479,-0.397831,0.334117,-0.000591271,1.69303,0,0,0
16.6551,3,0,0,0,0,0,0,0,0,0,0
16.6551,4,0,0,0,0,0,0,0,0,0,0
16.6551,5,0,0,0,0,0,0,0,0,0,0
16.7193,0,-5.89692,-3.96695,3.71921,-0.390609,-0.70948,-0.0869228,4.39239,0,0,0
16.7193,1,-5.52309,-3.31252,4.13974,-0.0434421,0.360685,0.274183,3.47848,0,0,0
16.7193,2,-5.92309,-7.35603,6.25752,-0.449153,0.456331,0.00497631,1.57787,0,0,0
16.7193,3,0,0,0,0,0,0,0,0,0,0
16.7193,4,0,0,0,0,0,0,0,0,0,0
16.7193,5,0,0,0,0,0,0,0,0,0,0
16.7694,0,-5.87058,-4.03219,3.71934,-0.225142,-0.849935,0.0197022,4.2562,0,0,0
16.7694,1,-5.51828,-3.29276,4.16039,-0.0356658,0.375683,0.205914,3.47848,0,0,0
16.7694,2,-5.9427,-7.33023,6.26799,-0.518668,0.551559,0.0113243,1.57787,0,0,0
16.7694,3,0,0,0,0,0,0,0,0,0,0
16.7694,4,0,0,0,0,0,0,0,0,0,0
16.7694,5,0,0,0,0,0,0,0,0,0,0
16.8347,0,-5.82972,-4.1179,3.72663,-0.0399509,-1.01683,0.172156,4.2562,0,0,0
16.8347,1,-5.51452,-3.26613,4.16708,-0.0349345,0.407853,0.16064,3.47848,0,0,0
16.8347,2,-6.03807,-7.22415,6.27431,-0.662298,0.764638,-0.0299825,1.55626,0,0,0
16.8347,3,0,0,0,0,0,0,0,0,0,0
16.8347,4,0,0,0,0,0,0,0,0,0,0
16.8347,5,0,0,0,0,0,0,0,0,0,0
16.8929,0,-5.79943,-4.18159,3.73244,0.0805496,-1.09657,0.259745,4.10011,0,0,0
16.8929,1,-5.52515,-3.22864,4.17058,-0.076569,0.459289,0.148431,3.45286,0,0,0
16.8929,2,-6.05524,-7.20603,6.28419,-0.73642,0.823404,-0.0159865,1.55626,0,0,0
16.8929,3,0,0,0,0,0,0,0,0,0,0
16.8929,4,0,0,0,0,0,0,0,0,0,0
16.8929,5,0,0,0,0,0,0,0,0,0,0
16.9558,0,-5.77522,-4.20717,3.73519,0.155149,-1.03768,0.303429,4.10011,0,0,0
16.9558,1,-5.53665,-3.19151,4.16974,-0.127158,0.518805,0.126363,3.46769,0,0,0
16.9558,2,-6.14655,-7.0991,6.29769,-0.803875,0.963886,-0.0486839,1.4558,0,0,0
16.9558,3,0,0,0,0,0,0,0,0,0,0
16.9558,4,0,0,0,0,0,0,0,0,0,0
16.9558,5,0,0,0,0,0,0,0,0,0,0
17.0258,0,-5.70428,-4.29639,3.73825,0.389403,-1.20615,0.433733,3.95583,0,0,0
17.0258,1,-5.54306,-3.15667,4.17091,-0.149703,0.545779,0.0990022,3.46769,0,0,0
17.0258,2,-6.1349,-7.11293,6.30558,-0.765624,0.921178,-0.0113798,1.4558,0,0,0
17.0258,3,0,0,0,0,0,0,0,0,0,0
17.0258,4,0,0,0,0,0,0,0,0,0,0
17.0258,5,0,0,0,0,0,0,0,0,0,0
17.0889,0,-5.59753,-4.42737,3.76428,0.691128,-1.46911,0.718836,3.95583,0,0,0
17.0889,1,-5.57179,-3.11257,4.17339,-0.251232,0.621085,0.087785,3.49191,0,0,0
17.0889,2,-6.16746,-7.07691,6.32336,-0.757969,0.925287,-0.0394189,1.38952,0,0,0
17.0889,3,0,0,0,0,0,0,0,0,0,0
17.0889,4,0,0,0,0,0,0,0,0,0,0
17.0889,5,0,0,0,0,0,0,0,0,0,0
17.1543,0,-5.52478,-4.51746,3.78903,0.848181,-1.56378,0.813003,3.79723,0,0,0
17.1543,1,-5.60019,-3.063,4.16614,-0.340763,0.704382,0.0880897,3.49191,0,0,0
17.1543,2,-6.21464,-7.02853,6.33569,-0.799927,0.965137,-0.0831524,1.38952,0,0,0
17.1543,3,0,0,0,0,0,0,0,0,0,0
17.1543,4,0,0,0,0,0,0,0,0,0,0
17.1543,5,0,0,0,0,0,0,0,0,0,0
17.2163,0,-5.48934,-4.55023,3.784,0.869747,-1.45897,0.726362,3.79723,0,0,0
17.2163,1,-5.62191,-3.02579,4.156,-0.391675,0.727717,0.066869,3.54451,0,0,0
17.2163,2,-6.25112,-6.9936,6.33429,-0.790459,0.94305,-0.0888618,1.32564,0,0,0
17.2163,3,0,0,0,0,0,0,0,0,0,0
17.2163,4,0,0,0,0,0,0,0,0,0,0
17.2163,5,0,0,0,0,0,0,0,0,0,0
17.2699,0,-5.35181,-4.70146,3.79528,1.24587,-1.77115,0.860151,3.45,0,0,0
17.2699,1,-5.66338,-2.96764,4.14461,-0.508044,0.825563,0.0836528,3.54451,0,0,0
17.2699,2,-6.29019,-6.9588,6.35774,-0.792761,0.925636,-0.0822187,1.32564,0,0,0
17.2699,3,0,0,0,0,0,0,0,0,0,0
17.2699,4,0,0,0,0,0,0,0,0,0,0
17.2699,5,0,0,0,0,0,0,0,0,0,0
17.3301,0,-5.27425,-4.77717,3.8431,1.31755,-1.73985,1.02026,3.45,0,0,0
17.3301,1,-5.70333,-2.9135,4.12999,-0.599799,0.892834,0.0982355,3.58576,0,0,0
17.3301,2,-6.31897,-6.93671,6.3685,-0.760828,0.868506,-0.0697464,1.27185,0,0,0
17.3301,3,0,0,0,0,0,0,0,0,0,0
17.3301,4,0,0,0,0,0,0,0,0,0,0
17.3301,5,0,0,0,0,0,0,0,0,0,0
17.3854,0,-5.15663,-4.90041,3.84963,1.57154,-1.91594,1.03227,3.36052,0,0,0
17.3854,1,-5.75928,-2.84271,4.1106,-0.734316,1.00302,0.100619,3.58576,0,0,0
17.3854,2,-6.34283,-6.92725,6.38314,-0.719989,0.777698,-0.0596946,1.27185,0,0,0
17.3854,3,0,0,0,0,0,0,0,0,0,0
17.3854,4,0,0,0,0,0,0,0,0,0,0
17.3854,5,0,0,0,0,0,0,0,0,0,0
17.4483,0,-5.07009,-4.98111,3.87814,1.62981,-1.86466,1.00913,3.36052,0,0,0
17.4483,1,-5.81047,-2.77681,4.09376,-0.82963,1.08344,0.106336,3.68918,0,0,0
17.4483,2,-6.36863,-6.91578,6.38901,-0.691918,0.705851,-0.0405793,1.22792,0,0,0
17.4483,3,0,0,0,0,0,0,0,0,0,0
17.4483,4,0,0,0,0,0,0,0,0,0,0
17.4483,5,0,0,0,0,0,0,0,0,0,0
17.5062,0,-4.91925,-5.13392,3.90724,1.94116,-2.1134,0.965585,3.10006,0,0,0
17.5062,1,-5.86657,-2.70588,4.07452,-0.916923,1.1585,0.109799,3.68918,0,0,0
17.5062,2,-6.3913,-6.91664,6.39519,-0.652854,0.59991,-0.00836696,1.22792,0,0,0
17.5062,3,0,0,0,0,0,0,0,0,0,0
17.5062,4,0,0,0,0,0,0,0,0,0,0
17.5062,5,0,0,0,0,0,0,0,0,0,0
17.5627,0,-4.8075,-5.2458,3.93667,2.07277,-2.18881,0.89036,3.10006,0,0,0
17.5627,1,-5.92655,-2.62975,4.06333,-1.00271,1.251,0.0501173,3.80766,0,0,0
17.5627,2,-6.40739,-6.92744,6.40794,-0.595194,0.471187,0.0233615,1.18658,0,0,0
17.5627,3,0,0,0,0,0,0,0,0,0,0
17.5627,4,0,0,0,0,0,0,0,0,0,0
17.5627,5,0,0,0,0,0,0,0,0,0,0
17.623,0,-4.73963,-5.31378,3.96716,2.02292,-2.08647,0.835249,2.77717,0,0,0
17.623,1,-5.97218,-2.56315,4.05322,-1.02357,1.29362,0.0307658,3.80766,0,0,0
17.623,2,-6.42176,-6.94189,6.40567,-0.538112,0.344015,0.0439925,1.1474,0,0,0
17.623,3,0,0,0,0,0,0,0,0,0,0
17.623,4,0,0,0,0,0,0,0,0,0,0
17.623,5,0,0,0,0,0,0,0,0,0,0
17.6789,0,-4.56007,-5.4993,4.0181,2.39094,-2.43811,0.707544,2.77717,0,0,0
17.6789,1,-6.06475,-2.44396,4.04513,-1.17585,1.47704,0.0321149,3.92006,0,0,0
17.6789,2,-6.43538,-6.96873,6.42022,-0.476422,0.186234,0.0767826,1.1474,0,0,0
17.6789,3,0,0,0,0,0,0,0,0,0,0
17.6789,4,0,0,0,0,0,0,0,0,0,0
17.6789,5,0,0,0,0,0,0,0,0,0,0
17.7446,0,-4.47178,-5.5936,4.05751,2.32274,-2.34902,0.583467,2.49586,0,0,0
17.7446,1,-6.12691,-2.35185,4.0348,-1.19727,1.54786,-0.035061,3.92006,0,0,0
17.7446,2,-6.46095,-6.99764,6.42201,-0.390918,0.0350973,0.0966875,1.0877,0,0,0
17.7446,3,0,0,0,0,0,0,0,0,0,0
17.7446,4,0,0,0,0,0,0,0,0,0,0
17.7446,5,0,0,0,0,0,0,0,0,0,0
17.8024,0,-4.3423,-5.73588,4.14842,2.47245,-2.5154,0.39943,2.49586,0,0,0
17.8024,1,-6.18198,-2.26851,4.03352,-1.21086,1.60593,-0.103687,1.99744,0,0,0
17.8024,2,-6.46379,-7.03197,6.4368,-0.330517,-0.0857413,0.10924,1.0877,0,0,0
17.8024,3,0,0,0,0,0,0,0,0,0,0
17.8024,4,0,0,0,0,0,0,0,0,0,0
17.8024,5,0,0,0,0,0,0,0,0,0,0
17.8552,0,-4.21703,-5.87776,4.19436,2.57343,-2.64955,0.20263,2.28997,0,0,0
17.8552,1,-6.22681,-2.18739,4.03057,-1.18644,1.64062,-0.200079,1.99744,0,0,0
17.8552,2,-6.46483,-7.07421,6.44473,-0.271734,-0.218317,0.106546,1.05072,0,0,0
17.8552,3,0,0,0,0,0,0,0,0,0,0
17.8552,4,0,0,0,0,0,0,0,0,0,0
17.8552,5,0,0,0,0,0,0,0,0,0,0
17.9122,0,-4.16158,-5.95345,4.23214,2.38207,-2.50969,0.018465,2.28997,0,0,0
17.9122,1,-6.26286,-2.11597,4.03401,-1.11992,1.60906,-0.244589,2.04091,0,0,0
17.9122,2,-6.45946,-7.12272,6.45076,-0.199872,-0.355066,0.0842766,1.05072,0,0,0
17.9122,3,0,0,0,0,0,0,0,0,0,0
17.9122,4,0,0,0,0,0,0,0,0,0,0
17.9122,5,0,0,0,0,0,0,0,0,0,0
17.9654,0,-4.02739,-6.11629,4.29386,2.41209,-2.66608,-0.51316,2.11691,0,0,0
17.9654,1,-6.30096,-2.01456,4.03876,-1.10339,1.70661,-0.220479,2.04091,0,0,0
17.9654,2,-6.44731,-7.14276,6.45686,-0.152663,-0.43196,0.0670002,1.04374,0,0,0
17.9654,3,0,0,0,0,0,0,0,0,0,0
17.9654,4,0,0,0,0,0,0,0,0,0,0
17.9654,5,0,0,0,0,0,0,0,0,0,0
18.0232,0,-3.9617,-6.2127,4.34646,2.21999,-2.55323,-0.759179,2.11691,0,0,0
18.0232,1,-6.38165,-1.85892,4.04921,-1.18667,1.92011,-0.290124,2.08775,0,0,0
18.0232,2,-6.44941,-7.17752,6.46277,-0.119908,-0.500402,0.0359757,1.04374,0,0,0
18.0232,3,0,0,0,0,0,0,0,0,0,0
18.0232,4,0,0,0,0,0,0,0,0,0,0
18.0232,5,0,0,0,0,0,0,0,0,0,0
18.0785,0,-3.84813,-6.3659,4.42158,2.27847,-2.65666,-0.906657,1.96478,0,0,0
18.0785,1,-6.43391,-1.73249,4.06154,-1.20753,2.04228,-0.319871,2.08775,0,0,0
18.0785,2,-6.44328,-7.22033,6.46821,-0.0627864,-0.58754,0.015243,1.02834,0,0,0
18.0785,3,0,0,0,0,0,0,0,0,0,0
18.0785,4,0,0,0,0,0,0,0,0,0,0
18.0785,5,0,0,0,0,0,0,0,0,0,0
18.1396,0,-3.80399,-6.46342,4.41251,2.07736,-2.5257,-0.97979,1.96478,0,0,0
18.1396,1,-6.44809,-1.654,4.07879,-1.08586,1.98511,-0.332963,2.23413,0,0,0
18.1396,2,-6.43957,-7.2938,6.47416,-0.00236285,-0.658626,-0.0129633,1.02834,0,0,0
18.1396,3,0,0,0,0,0,0,0,0,0,0
18.1396,4,0,0,0,0,0,0,0,0,0,0
18.1396,5,0,0,0,0,0,0,0,0,0,0
18.1982,0,-3.7637,-6.55612,4.46102,1.84837,-2.36487,-1.13625,1.83819,0,0,0
18.1982,1,-6.47253,-1.55436,4.10528,-1.03045,2.01811,-0.332158,2.23413,0,0,0
18.1982,2,-6.44518,-7.28387,6.47365,-0.022626,-0.623323,-0.0202122,1.01683,0,0,0
18.1982,3,0,0,0,0,0,0,0,0,0,0
18.1982,4,0,0,0,0,0,0,0,0,0,0
18.1982,5,0,0,0,0,0,0,0,0,0,0
18.2658,0,-3.70272,-6.67646,4.47329,1.75114,-2.33799,-1.16027,1.83819,0,0,0
18.2658,1,-6.51635,-1.4374,4.12477,-1.04131,2.09086,-0.356723,2.37545,0,0,0
18.2658,2,-6.43309,-7.33083,6.4772,0.0408481,-0.704813,-0.038637,1.01683,0,0,0
18.2658,3,0,0,0,0,0,0,0,0,0,0
18.2658,4,0,0,0,0,0,0,0,0,0,0
18.2658,5,0,0,0,0,0,0,0,0,0,0
18.3236,0,-3.6638,-6.77013,4.4468,1.62454,-2.25092,-1.10627,1.7748,0,0,0
18.3236,1,-6.51141,-1.38172,4.14071,-0.909681,1.98671,-0.285104,2.37545,0,0,0
18.3236,2,-6.43431,-7.3902,6.47853,0.0524363,-0.711762,-0.0253761,1.02094,0,0,0
18.3236,3,0,0,0,0,0,0,0,0,0,0
18.3236,4,0,0,0,0,0,0,0,0,0,0
18.3236,5,0,0,0,0,0,0,0,0,0,0
18.3768,0,-3.64346,-6.86448,4.4508,1.41225,-2.14855,-1.08058,1.7748,0,0,0
18.3768,1,-6.49776,-1.31756,4.16413,-0.775195,1.92841,-0.207311,2.51416,0,0,0
18.3768,2,-6.4349,-7.41561,6.48551,0.0582312,-0.705033,-0.0156048,1.02094,0,0,0
18.3768,3,0,0,0,0,0,0,0,0,0,0
18.3768,4,0,0,0,0,0,0,0,0,0,0
18.3768,5,0,0,0,0,0,0,0,0,0,0
18.4426,0,-3.62814,-6.94596,4.46389,1.21391,-2.02997,-1.0179,1.67804,0,0,0
18.4426,1,-6.4588,-1.28648,4.1967,-0.571041,1.77445,-0.00478664,2.51416,0,0,0
18.4426,2,-6.43784,-7.43084,6.49265,0.0548858,-0.667793,0.00359126,1.0137,0,0,0
18.4426,3,0,0,0,0,0,0,0,0,0,0
18.4426,4,0,0,0,0,0,0,0,0,0,0
18.4426,5,0,0,0,0,0,0,0,0,0,0
18.4958,0,-3.61593,-7.03315,4.47311,1.05579,-1.963,-0.982957,1.65193,0,0,0
18.4958,1,-6.43576,-1.23501,4.22583,-0.430973,1.68505,0.118374,2.63594,0,0,0
18.4958,2,-6.45002,-7.44748,6.50253,0.0309468,-0.560916,0.0727822,1.0137,0,0,0
18.4958,3,0,0,0,0,0,0,0,0,0,0
18.4958,4,0,0,0,0,0,0,0,0,0,0
18.4958,5,0,0,0,0,0,0,0,0,0,0
18.5461,0,-3.62497,-7.09877,4.47804,0.80125,-1.80108,-0.947493,1.65193,0,0,0
18.5461,1,-6.40037,-1.18678,4.26712,-0.26254,1.57509,0.253074,2.63594,0,0,0
18.5461,2,-6.46445,-7.4505,6.5094,-0.00621072,-0.499915,0.105829,0.999785,0,0,0
18.5461,3,0,0,0,0,0,0,0,0,0,0
18.5461,4,0,0,0,0,0,0,0,0,0,0
18.5461,5,0,0,0,0,0,0,0,0,0,0
18.6041,0,-3.64171,-7.15549,4.39324,0.573379,-1.64318,-0.84057,1.55704,0,0,0
18.6041,1,-6.3984,-1.10872,4.31533,-0.247829,1.62342,0.310276,2.7706,0,0,0
18.6041,2,-6.46457,-7.44542,6.51985,0.00420912,-0.422634,0.14459,0.999785,0,0,0
18.6041,3,0,0,0,0,0,0,0,0,0,0
18.6041,4,0,0,0,0,0,0,0,0,0,0
18.6041,5,0,0,0,0,0,0,0,0,0,0
18.6616,0,-3.6711,-7.20121,4.40696,0.350943,-1.49016,-0.733802,1.55704,0,0,0
18.6616,1,-6.35434,-1.08412,4.35737,-0.0920719,1.49436,0.421462,2.91329,0,0,0
18.6616,2,-6.46457,-7.44542,6.51985,0.00420912,-0.422634,0.14459,0.979783,0,0,0
18.6616,3,0,0,0,0,0,0,0,0,0,0
18.6616,4,0,0,0,0,0,0,0,0,0,0
18.6616,5,0,0,0,0,0,0,0,0,0,0
18.7174,0,-3.70366,-7.23639,4.42048,0.149497,-1.32704,-0.638786,4.58727,0,0,0
18.7174,1,-6.30401,-1.06688,4.40101,0.0587038,1.36672,0.542237,2.91329,0,0,0
18.7174,2,-6.49864,-7.41585,6.53005,-0.104294,-0.261247,0.189045,0.979783,0,0,0
18.7174,3,0,0,0,0,0,0,0,0,0,0
18.7174,4,0,0,0,0,0,0,0,0,0,0
18.7174,5,0,0,0,0,0,0,0,0,0,0
18.7704,0,-3.74453,-7.26246,4.39893,-0.0497573,-1.16359,-0.574251,4.58727,0,0,0
18.7704,1,-6.22047,-1.05566,4.45525,0.289891,1.23817,0.701346,7.1083,0,0,0
18.7704,2,-6.51566,-7.40608,6.53864,-0.141726,-0.180948,0.211007,0.923348,0,0,0
18.7704,3,0,0,0,0,0,0,0,0,0,0
18.7704,4,0,0,0,0,0,0,0,0,0,0
18.7704,5,0,0,0,0,0,0,0,0,0,0
18.8256,0,-3.77615,-7.28476,4.4043,-0.196419,-0.976079,-0.568767,4.64236,0,0,0
18.8256,1,-6.14418,-1.0698,4.50143,0.479528,1.06032,0.825666,7.1083,0,0,0
18.8256,2,-6.53215,-7.398,6.54844,-0.173584,-0.117067,0.221284,0.923348,0,0,0
18.8256,3,0,0,0,0,0,0,0,0,0,0
18.8256,4,0,0,0,0,0,0,0,0,0,0
18.8256,5,0,0,0,0,0,0,0,0,0,0
18.8852,0,-3.84092,-7.29333,4.386,-0.435694,-0.775651,-0.587849,4.64236,0,0,0
18.8852,1,-6.13487,-1.10684,4.48704,0.550172,0.929636,0.831131,7.03601,0,0,0
18.8852,2,-6.55219,-7.38419,6.56404,-0.212151,-0.038053,0.225219,0.87966,0,0,0
18.8852,3,0,0,0,0,0,0,0,0,0,0
18.8852,4,0,0,0,0,0,0,0,0,0,0
18.8852,5,0,0,0,0,0,0,0,0,0,0
18.9472,0,-3.90044,-7.30441,4.3848,-0.589389,-0.620792,-0.575759,4.6816,0,0,0
18.9472,1,-6.01864,-1.09297,4.58078,0.801306,0.762258,0.891925,7.03601,0,0,0
18.9472,2,-6.58146,-7.36199,6.57795,-0.281791,0.0574127,0.222745,0.87966,0,0,0
18.9472,3,0,0,0,0,0,0,0,0,0,0
18.9472,4,0,0,0,0,0,0,0,0,0,0
18.9472,5,0,0,0,0,0,0,0,0,0,0
19.0006,0,-3.93881,-7.34848,4.38365,-0.63845,-0.587178,-0.632437,4.6816,0,0,0
19.0006,1,-5.90249,-1.13203,4.63997,1.10078,0.53532,0.960559,6.96262,0,0,0
19.0006,2,-6.60948,-7.34355,6.59106,-0.33187,0.126826,0.201822,0.817088,0,0,0
19.0006,3,0,0,0,0,0,0,0,0,0,0
19.0006,4,0,0,0,0,0,0,0,0,0,0
19.0006,5,0,0,0,0,0,0,0,0,0,0
19.0614,0,-4.00564,-7.30209,4.36267,-0.767592,-0.281378,-0.587685,4.70441,0,0,0
19.0614,1,-5.87776,-1.16718,4.64515,1.25553,0.382311,0.871482,6.96262,0,0,0
19.0614,2,-6.62586,-7.33651,6.6001,-0.336664,0.142876,0.185593,0.817088,0,0,0
19.0614,3,0,0,0,0,0,0,0,0,0,0
19.0614,4,0,0,0,0,0,0,0,0,0,0
19.0614,5,0,0,0,0,0,0,0,0,0,0
19.137,0,-4.05511,-7.26943,4.34313,-0.827113,-0.0334017,-0.624603,4.70441,0,0,0
19.137,1,-5.72965,-1.23068,4.733,1.51649,0.0275802,0.694505,6.87601,0,0,0
19.137,2,-6.66633,-7.30721,6.62054,-0.369747,0.214203,0.144192,0.780351,0,0,0
19.137,3,0,0,0,0,0,0,0,0,0,0
19.137,4,0,0,0,0,0,0,0,0,0,0
19.137,5,0,0,0,0,0,0,0,0,0,0
19.1927,0,-4.12489,-7.23697,4.31294,-0.927677,0.191374,-0.69988,4.69482,0,0,0
19.1927,1,-5.63396,-1.28696,4.76984,1.6775,-0.215256,0.620779,6.87601,0,0,0
19.1927,2,-6.66633,-7.30721,6.62054,-0.369747,0.214203,0.144192,0.780351,0,0,0
19.1927,3,0,0,0,0,0,0,0,0,0,0
19.1927,4,0,0,0,0,0,0,0,0,0,0
19.1927,5,0,0,0,0,0,0,0,0,0,0
19.2505,0,-4.20552,-7.16645,4.2539,-0.839113,0.499954,-0.813569,4.69482,0,0,0
19.2505,1,-5.48672,-1.35834,4.8006,1.75668,-0.43003,0.528092,6.76444,0,0,0
19.2505,2,-6.71565,-7.27768,6.63692,-0.416543,0.264583,0.107312,0.726761,0,0,0
19.2505,3,0,0,0,0,0,0,0,0,0,0
19.2505,4,0,0,0,0,0,0,0,0,0,0
19.2505,5,0,0,0,0,0,0,0,0,0,0
19.3059,0,-4.20552,-7.16645,4.2539,-0.839113,0.499954,-0.813569,4.68349,0,0,0
19.3059,1,-5.48672,-1.35834,4.8006,1.75668,-0.43003,0.528092,6.76444,0,0,0
19.3059,2,-6.71565,-7.27768,6.63692,-0.416543,0.264583,0.107312,0.726761,0,0,0
19.3059,3,0,0,0,0,0,0,0,0,0,0
19.3059,4,0,0,0,0,0,0,0,0,0,0
19.3059,5,0,0,0,0,0,0,0,0,0,0
19.3665,0,-4.24452,-7.12635,4.21741,-0.778121,0.609366,-0.900697,4.68349,0,0,0
19.3665,1,-5.49387,-1.38492,4.83865,1.74369,-0.572341,0.408343,6.60049,0,0,0
19.3665,2,-6.76518,-7.25527,6.64957,-0.447,0.275007,0.0687338,5.45316,0,0,0
19.3665,3,0,0,0,0,0,0,0,0,0,0
19.3665,4,0,0,0,0,0,0,0,0,0,0
19.3665,5,0,0,0,0,0,0,0,0,0,0
19.4272,0,-4.24478,-7.03409,4.14379,-0.617182,0.799365,-0.91848,4.64861,0,0,0
19.4272,1,-5.44052,-1.43932,4.87184,1.6683,-0.721991,0.328678,6.60049,0,0,0
19.4272,2,-6.76518,-7.25527,6.64957,-0.447,0.275007,0.0687338,5.45316,0,0,0
19.4272,3,0,0,0,0,0,0,0,0,0,0
19.4272,4,0,0,0,0,0,0,0,0,0,0
19.4272,5,0,0,0,0,0,0,0,0,0,0
19.4851,0,-4.24297,-6.98129,4.10137,-0.496784,0.845209,-0.928858,4.64861,0,0,0
19.4851,1,-5.29256,-1.61183,4.92907,1.63867,-1.17625,0.121471,6.48861,0,0,0
19.4851,2,-6.78349,-7.24933,6.65538,-0.437017,0.259382,0.0571192,5.44533,0,0,0
19.4851,3,0,0,0,0,0,0,0,0,0,0
19.4851,4,0,0,0,0,0,0,0,0,0,0
19.4851,5,0,0,0,0,0,0,0,0,0,0
19.5512,0,-4.24645,-6.91709,4.06621,-0.440695,0.944833,-0.905068,4.6316,0,0,0
19.5512,1,-5.22833,-1.70157,4.95029,1.59881,-1.36698,-0.0361317,6.48861,0,0,0
19.5512,2,-6.8005,-7.2458,6.6605,-0.423449,0.228562,0.0482752,5.44533,0,0,0
19.5512,3,0,0,0,0,0,0,0,0,0,0
19.5512,4,0,0,0,0,0,0,0,0,0,0
19.5512,5,0,0,0,0,0,0,0,0,0,0
19.609,0,-4.26413,-6.80386,4.02885,-0.363988,1.06234,-0.909721,4.6316,0,0,0
19.609,1,-5.18975,-1.78595,4.97362,1.47191,-1.4736,-0.186338,6.364,0,0,0
19.609,2,-6.81654,-7.24517,6.66422,-0.403611,0.197765,0.0418704,5.44503,0,0,0
19.609,3,0,0,0,0,0,0,0,0,0,0
19.609,4,0,0,0,0,0,0,0,0,0,0
19.609,5,0,0,0,0,0,0,0,0,0,0
19.6663,0,-4.2386,-6.74054,3.99736,-0.251241,1.09403,-0.886247,4.54402,0,0,0
19.6663,1,-5.14521,-1.87982,5.00505,1.37858,-1.59241,-0.375643,6.364,0,0,0
19.6663,2,-6.84137,-7.24847,6.67133,-0.349509,0.132967,0.0380837,5.44503,0,0,0
19.6663,3,0,0,0,0,0,0,0,0,0,0
19.6663,4,0,0,0,0,0,0,0,0,0,0
19.6663,5,0,0,0,0,0,0,0,0,0,0
19.7246,0,-4.18884,-6.74811,3.96917,-0.109562,1.02754,-0.846731,4.54402,0,0,0
19.7246,1,-5.12146,-1.96078,5.01285,1.23145,-1.62986,-0.494567,6.21818,0,0,0
19.7246,2,-6.84137,-7.24847,6.67133,-0.349509,0.132967,0.0380837,5.44983,0,0,0
19.7246,3,0,0,0,0,0,0,0,0,0,0
19.7246,4,0,0,0,0,0,0,0,0,0,0
19.7246,5,0,0,0,0,0,0,0,0,0,0
19.7859,0,-4.18884,-6.74811,3.96917,-0.109562,1.02754,-0.846731,4.52593,0,0,0
19.7859,1,-5.10123,-2.03323,5.0282,1.08106,-1.60891,-0.588556,6.21818,0,0,0
19.7859,2,-6.85263,-7.25465,6.67413,-0.316792,0.08997,0.0391286,5.44983,0,0,0
19.7859,3,0,0,0,0,0,0,0,0,0,0
19.7859,4,0,0,0,0,0,0,0,0,0,0
19.7859,5,0,0,0,0,0,0,0,0,0,0
19.854,0,-4.10837,-6.65003,3.91338,0.133379,1.03292,-0.736245,4.52593,0,0,0
19.854,1,-5.11005,-2.0996,5.0391,0.860388,-1.57406,-0.651226,6.09223,0,0,0
19.854,2,-6.86924,-7.27161,6.68365,-0.260333,0.00931071,0.0490592,5.45509,0,0,0
19.854,3,0,0,0,0,0,0,0,0,0,0
19.854,4,0,0,0,0,0,0,0,0,0,0
19.854,5,0,0,0,0,0,0,0,0,0,0
19.915,0,-4.04763,-6.54783,3.8928,0.266198,1.07013,-0.714407,4.47603,0,0,0
19.915,1,-5.09964,-2.17374,5.04127,0.737015,-1.56521,-0.690753,6.09223,0,0,0
19.915,2,-6.8868,-7.274,6.68671,-0.265467,0.000469564,0.0491572,5.47221,0,0,0
19.915,3,0,0,0,0,0,0,0,0,0,0
19.915,4,0,0,0,0,0,0,0,0,0,0
19.915,5,0,0,0,0,0,0,0,0,0,0
19.9682,0,-4.04763,-6.54783,3.8928,0.266198,1.07013,-0.714407,4.47603,0,0,0
19.9682,1,-5.12024,-2.2245,5.04142,0.534393,-1.49208,-0.660841,5.96598,0,0,0
19.9682,2,-6.88042,-7.29295,6.69032,-0.194643,-0.0639877,0.0561639,5.47221,0,0,0
19.9682,3,0,0,0,0,0,0,0,0,0,0
19.9682,4,0,0,0,0,0,0,0,0,0,0
19.9682,5,0,0,0,0,0,0,0,0,0,0
20.0277,0,-3.98457,-6.52544,3.87653,0.409207,0.996797,-0.66306,4.39177,0,0,0
20.0277,1,-5.14166,-2.28796,5.03949,0.349495,-1.46445,-0.646778,5.96598,0,0,0
20.0277,2,-6.89217,-7.30181,6.69063,-0.192708,-0.0836395,0.0635713,5.49105,0,0,0
20.0277,3,0,0,0,0,0,0,0,0,0,0
20.0277,4,0,0,0,0,0,0,0,0,0,0
20.0277,5,0,0,0,0,0,0,0,0,0,0
20.0834,0,-3.95562,-6.56976,3.85918,0.505127,0.8534,-0.573224,4.39177,0,0,0
20.0834,1,-5.172,-2.33464,5.03551,0.159073,-1.38776,-0.603424,5.85105,0,0,0
20.0834,2,-6.89012,-7.31839,6.69453,-0.147489,-0.129398,0.070597,5.49105,0,0,0
20.0834,3,0,0,0,0,0,0,0,0,0,0
20.0834,4,0,0,0,0,0,0,0,0,0,0
20.0834,5,0,0,0,0,0,0,0,0,0,0
20.1438,0,-3.85494,-6.56332,3.83793,0.68251,0.659812,-0.405796,1.37099,0,0,0
20.1438,1,-5.21485,-2.37209,5.01364,-0.0495872,-1.27446,-0.56547,5.85105,0,0,0
20.1438,2,-6.89757,-7.32516,6.70199,-0.141758,-0.135434,0.0728221,5.51129,0,0,0
20.1438,3,0,0,0,0,0,0,0,0,0,0
20.1438,4,0,0,0,0,0,0,0,0,0,0
20.1438,5,0,0,0,0,0,0,0,0,0,0
20.1962,0,-3.85494,-6.56332,3.83793,0.68251,0.659812,-0.405796,1.37099,0,0,0
20.1962,1,-5.26952,-2.39923,5.00976,-0.266929,-1.16321,-0.529372,5.75847,0,0,0
20.1962,2,-6.89757,-7.32516,6.70199,-0.141758,-0.135434,0.0728221,5.51129,0,0,0
20.1962,3,0,0,0,0,0,0,0,0,0,0
20.1962,4,0,0,0,0,0,0,0,0,0,0
20.1962,5,0,0,0,0,0,0,0,0,0,0
20.2498,0,-3.76548,-6.54012,3.82874,0.78331,0.582912,-0.33845,1.32632,0,0,0
20.2498,1,-5.31291,-2.42116,4.99997,-0.404428,-1.06059,-0.503424,5.75847,0,0,0
20.2498,2,-6.89697,-7.33871,6.70684,-0.108603,-0.16487,0.0808987,5.53376,0,0,0
20.2498,3,0,0,0,0,0,0,0,0,0,0
20.2498,4,0,0,0,0,0,0,0,0,0,0
20.2498,5,0,0,0,0,0,0,0,0,0,0
20.3085,0,-3.74124,-6.55769,3.82529,0.765009,0.478753,-0.253965,1.32632,0,0,0
20.3085,1,-5.38736,-2.42871,4.96802,-0.635669,-0.901129,-0.513703,5.68405,0,0,0
20.3085,2,-6.90245,-7.35022,6.71245,-0.0982461,-0.18,0.0952627,5.53376,0,0,0
20.3085,3,0,0,0,0,0,0,0,0,0,0
20.3085,4,0,0,0,0,0,0,0,0,0,0
20.3085,5,0,0,0,0,0,0,0,0,0,0
20.3587,0,-3.67105,-6.60588,3.82281,0.893903,0.275833,-0.191436,1.25599,0,0,0
20.3587,1,-5.46543,-2.43481,4.96646,-0.826113,-0.767505,-0.541503,5.68405,0,0,0
20.3587,2,-6.90879,-7.36046,6.71894,-0.0940907,-0.188572,0.0997441,5.53376,0,0,0
20.3587,3,0,0,0,0,0,0,0,0,0,0
20.3587,4,0,0,0,0,0,0,0,0,0,0
20.3587,5,0,0,0,0,0,0,0,0,0,0
20.4165,0,-3.63143,-6.63643,3.82413,0.91079,0.152971,-0.132057,1.25599,0,0,0
20.4165,1,-5.50961,-2.4794,4.95421,-0.85353,-0.810597,-0.601488,5.62979,0,0,0
20.4165,2,-6.91321,-7.36593,6.72482,-0.0859332,-0.179715,0.100602,5.55671,0,0,0
20.4165,3,0,0,0,0,0,0,0,0,0,0
20.4165,4,0,0,0,0,0,0,0,0,0,0
20.4165,5,0,0,0,0,0,0,0,0,0,0
20.4717,0,-3.60596,-6.69164,3.82997,0.880658,-0.0390267,-0.0479324,1.19678,0,0,0
20.4717,1,-5.56333,-2.43854,4.93529,-0.912732,-0.560614,-0.631992,5.62979,0,0,0
20.4717,2,-6.91749,-7.37534,6.7246,-0.0771879,-0.184951,0.10087,5.55671,0,0,0
20.4717,3,0,0,0,0,0,0,0,0,0,0
20.4717,4,0,0,0,0,0,0,0,0,0,0
20.4717,5,0,0,0,0,0,0,0,0,0,0
20.5295,0,-3.57618,-6.70969,3.84049,0.866261,-0.0889944,0.0114944,1.19678,0,0,0
20.5295,1,-5.64742,-2.42418,4.90866,-1.05482,-0.41531,-0.731437,5.60475,0,0,0
20.5295,2,-6.92321,-7.3809,6.73074,-0.0756528,-0.178691,0.0914693,5.57059,0,0,0
20.5295,3,0,0,0,0,0,0,0,0,0,0
20.5295,4,0,0,0,0,0,0,0,0,0,0
20.5295,5,0,0,0,0,0,0,0,0,0,0
20.5924,0,-3.55515,-6.74344,3.85256,0.823892,-0.18614,0.0721461,1.18965,0,0,0
20.5924,1,-5.70211,-2.42323,4.87814,-1.0497,-0.376105,-0.826835,5.60475,0,0,0
20.5924,2,-6.93086,-7.38472,6.74041,-0.0821302,-0.168143,0.0674791,5.57059,0,0,0
20.5924,3,0,0,0,0,0,0,0,0,0,0
20.5924,4,0,0,0,0,0,0,0,0,0,0
20.5924,5,0,0,0,0,0,0,0,0,0,0
20.6503,0,-3.56452,-6.77783,3.86699,0.699939,-0.280524,0.158235,1.18965,0,0,0
20.6503,1,-5.77966,-2.40881,4.84671,-1.11986,-0.302369,-0.929715,5.59518,0,0,0
20.6503,2,-6.94274,-7.37876,6.74445,-0.104877,-0.120207,0.0221488,5.58717,0,0,0
20.6503,3,0,0,0,0,0,0,0,0,0,0
20.6503,4,0,0,0,0,0,0,0,0,0,0
20.6503,5,0,0,0,0,0,0,0,0,0,0
20.7059,0,-3.54604,-6.80443,3.88674,0.679056,-0.348852,0.224555,4.54569,0,0,0
20.7059,1,-5.83703,-2.40796,4.81466,-1.12894,-0.286161,-0.946725,5.59518,0,0,0
20.7059,2,-6.95111,-7.37537,6.74456,-0.113239,-0.0839289,-0.0113258,5.58717,0,0,0
20.7059,3,0,0,0,0,0,0,0,0,0,0
20.7059,4,0,0,0,0,0,0,0,0,0,0
20.7059,5,0,0,0,0,0,0,0,0,0,0
20.7788,0,-3.54393,-6.82716,3.90737,0.603191,-0.397433,0.288339,4.54569,0,0,0
20.7788,1,-5.88453,-2.40036,4.76991,-1.11178,-0.266355,-0.931577,5.59302,0,0,0
20.7788,2,-6.95431,-7.3696,6.74254,-0.102486,-0.0425636,-0.0491384,5.58176,0,0,0
20.7788,3,0,0,0,0,0,0,0,0,0,0
20.7788,4,0,0,0,0,0,0,0,0,0,0
20.7788,5,0,0,0,0,0,0,0,0,0,0
20.8375,0,-3.57261,-6.82592,3.93767,0.425669,-0.363942,0.385052,4.55552,0,0,0
20.8375,1,-5.92284,-2.40597,4.73487,-1.08125,-0.282844,-0.870789,5.59302,0,0,0
20.8375,2,-6.96722,-7.35566,6.74166,-0.128546,0.0252147,-0.0748947,5.58176,0,0,0
20.8375,3,0,0,0,0,0,0,0,0,0,0
20.8375,4,0,0,0,0,0,0,0,0,0,0
20.8375,5,0,0,0,0,0,0,0,0,0,0
20.8953,0,-3.56535,-6.84936,3.94063,0.38929,-0.422452,0.430527,4.55552,0,0,0
20.8953,1,-5.95754,-2.41404,4.69979,-1.05166,-0.299189,-0.790693,5.6018,0,0,0
20.8953,2,-6.97553,-7.34455,6.73223,-0.133341,0.0777182,-0.110411,5.56444,0,0,0
20.8953,3,0,0,0,0,0,0,0,0,0,0
20.8953,4,0,0,0,0,0,0,0,0,0,0
20.8953,5,0,0,0,0,0,0,0,0,0,0
20.948,0,-3.58293,-6.84708,3.98161,0.274793,-0.400442,0.533241,4.5517,0,0,0
20.948,1,-5.98663,-2.42892,4.66659,-0.976566,-0.31818,-0.699676,5.6018,0,0,0
20.948,2,-6.98329,-7.31706,6.72624,-0.136714,0.1826,-0.142752,5.52497,0,0,0
20.948,3,0,0,0,0,0,0,0,0,0,0
20.948,4,0,0,0,0,0,0,0,0,0,0
20.948,5,0,0,0,0,0,0,0,0,0,0
21.0142,0,-3.6258,-6.81363,4.02181,0.0731848,-0.286291,0.656529,4.5517,0,0,0
21.0142,1,-6.0074,-2.44793,4.64273,-0.913085,-0.351523,-0.608557,5.59182,0,0,0
21.0142,2,-6.98873,-7.29467,6.71375,-0.128467,0.254994,-0.172215,5.52497,0,0,0
21.0142,3,0,0,0,0,0,0,0,0,0,0
21.0142,4,0,0,0,0,0,0,0,0,0,0
21.0142,5,0,0,0,0,0,0,0,0,0,0
21.0694,0,-3.62472,-6.81807,4.06577,0.041135,-0.306824,0.705755,4.47524,0,0,0
21.0694,1,-6.02255,-2.46797,4.61375,-0.840375,-0.374551,-0.510168,5.59182,0,0,0
21.0694,2,-6.99924,-7.26537,6.69783,-0.14217,0.343185,-0.192144,5.46719,0,0,0
21.0694,3,0,0,0,0,0,0,0,0,0,0
21.0694,4,0,0,0,0,0,0,0,0,0,0
21.0694,5,0,0,0,0,0,0,0,0,0,0
21.13,0,-3.64747,-6.78848,4.10822,-0.072877,-0.218174,0.788076,4.4024,0,0,0
21.13,1,-6.02255,-2.46797,4.61375,-0.840375,-0.374551,-0.510168,5.56968,0,0,0
21.13,2,-6.99845,-7.24204,6.6828,-0.113145,0.39013,-0.207872,5.46719,0,0,0
21.13,3,0,0,0,0,0,0,0,0,0,0
21.13,4,0,0,0,0,0,0,0,0,0,0
21.13,5,0,0,0,0,0,0,0,0,0,0
21.1868,0,-3.66788,-6.75142,4.14163,-0.169969,-0.105055,0.871746,4.4024,0,0,0
21.1868,1,-6.04394,-2.51228,4.58897,-0.792966,-0.457111,-0.368928,5.56968,0,0,0
21.1868,2,-7.00844,-7.17763,6.66101,-0.121285,0.576985,-0.239657,5.3785,0,0,0
21.1868,3,0,0,0,0,0,0,0,0,0,0
21.1868,4,0,0,0,0,0,0,0,0,0,0
21.1868,5,0,0,0,0,0,0,0,0,0,0
21.2442,0,-3.69065,-6.7131,4.191,-0.262965,0.00745083,0.938362,4.29492,0,0,0
21.2442,1,-6.08658,-2.60095,4.56645,-0.707547,-0.596972,-0.240637,5.45719,0,0,0
21.2442,2,-7.02292,-7.12256,6.63784,-0.1505,0.712702,-0.262677,5.3785,0,0,0
21.2442,3,0,0,0,0,0,0,0,0,0,0
21.2442,4,0,0,0,0,0,0,0,0,0,0
21.2442,5,0,0,0,0,0,0,0,0,0,0
21.2943,0,-3.69087,-6.67299,4.22862,-0.270043,0.126888,0.9799,4.29492,0,0,0
21.2943,1,-6.0947,-2.65654,4.53277,-0.631651,-0.677813,-0.193693,5.45719,0,0,0
21.2943,2,-7.01811,-7.07977,6.6039,-0.104933,0.783238,-0.318221,5.32233,0,0,0
21.2943,3,0,0,0,0,0,0,0,0,0,0
21.2943,4,0,0,0,0,0,0,0,0,0,0
21.2943,5,0,0,0,0,0,0,0,0,0,0
21.347,0,-3.73141,-6.59451,4.28143,-0.413279,0.361568,1.05418,4.14956,0,0,0
21.347,1,-6.09574,-2.72328,4.51255,-0.556652,-0.783172,-0.114848,5.3718,0,0,0
21.347,2,-7.02342,-7.01713,6.5698,-0.103586,0.911868,-0.38153,5.32233,0,0,0
21.347,3,0,0,0,0,0,0,0,0,0,0
21.347,4,0,0,0,0,0,0,0,0,0,0
21.347,5,0,0,0,0,0,0,0,0,0,0
21.4022,0,-3.74068,-6.52269,4.34219,-0.422022,0.576376,1.07025,4.14956,0,0,0
21.4022,1,-6.10665,-2.81657,4.51816,-0.51567,-0.941996,0.000141273,5.3718,0,0,0
21.4022,2,-7.02505,-6.93018,6.54627,-0.0947185,1.10144,-0.42048,5.20003,0,0,0
21.4022,3,0,0,0,0,0,0,0,0,0,0
21.4022,4,0,0,0,0,0,0,0,0,0,0
21.4022,5,0,0,0,0,0,0,0,0,0,0
21.4601,0,-3.75148,-6.4488,4.38632,-0.423918,0.777475,1.03482,4.14956,0,0,0
21.4601,1,-6.08461,-2.92898,4.50844,-0.376597,-1.15903,0.0786672,5.56248,0,0,0
21.4601,2,-7.05122,-6.75965,6.50192,-0.153156,1.37961,-0.515156,5.20003,0,0,0
21.4601,3,0,0,0,0,0,0,0,0,0,0
21.4601,4,0,0,0,0,0,0,0,0,0,0
21.4601,5,0,0,0,0,0,0,0,0,0,0
21.5263,0,-3.76745,-6.29007,4.49006,-0.408511,1.16005,0.872561,3.97285,0,0,0
21.5263,1,-6.06827,-3.03982,4.50449,-0.253651,-1.35216,0.100877,5.39651,0,0,0
21.5263,2,-7.04342,-6.67842,6.46173,-0.104193,1.44435,-0.657871,4.97144,0,0,0
21.5263,3,0,0,0,0,0,0,0,0,0,0
21.5263,4,0,0,0,0,0,0,0,0,0,0
21.5263,5,0,0,0,0,0,0,0,0,0,0
21.5867,0,-3.76745,-6.29007,4.49006,-0.408511,1.16005,0.872561,3.97285,0,0,0
21.5867,1,-6.06827,-3.03982,4.50449,-0.253651,-1.35216,0.100877,5.39651,0,0,0
21.5867,2,-7.04832,-6.59794,6.42469,-0.102419,1.4807,-0.799186,4.97144,0,0,0
21.5867,3,0,0,0,0,0,0,0,0,0,0
21.5867,4,0,0,0,0,0,0,0,0,0,0
21.5867,5,0,0,0,0,0,0,0,0,0,0
21.6369,0,-3.78625,-6.1879,4.54019,-0.43692,1.40375,0.711937,3.78676,0,0,0
21.6369,1,-6.11281,-3.15473,4.51035,-0.320257,-1.33916,0.125055,5.28967,0,0,0
21.6369,2,-7.05589,-6.49806,6.38554,-0.121925,1.55097,-0.966193,4.80566,0,0,0
21.6369,3,0,0,0,0,0,0,0,0,0,0
21.6369,4,0,0,0,0,0,0,0,0,0,0
21.6369,5,0,0,0,0,0,0,0,0,0,0
21.6971,0,-3.78457,-6.10352,4.58125,-0.382531,1.53276,0.581178,3.78676,0,0,0
21.6971,1,-6.08238,-3.2967,4.51496,-0.172154,-1.61113,0.160912,5.28967,0,0,0
21.6971,2,-7.05589,-6.49806,6.38554,-0.121925,1.55097,-0.966193,4.80566,0,0,0
21.6971,3,0,0,0,0,0,0,0,0,0,0
21.6971,4,0,0,0,0,0,0,0,0,0,0
21.6971,5,0,0,0,0,0,0,0,0,0,0
21.7476,0,-3.77513,-6.03128,4.60854,-0.307624,1.59499,0.482838,3.58801,0,0,0
21.7476,1,-6.08833,-3.32651,4.53068,-0.187617,-1.72248,0.167513,5.28967,0,0,0
21.7476,2,-7.05457,-6.41012,6.33943,-0.0967087,1.5507,-1.11312,4.61703,0,0,0
21.7476,3,0,0,0,0,0,0,0,0,0,0
21.7476,4,0,0,0,0,0,0,0,0,0,0
21.7476,5,0,0,0,0,0,0,0,0,0,0
21.8035,0,-3.76383,-5.96084,4.63233,-0.22316,1.63146,0.363885,3.58801,0,0,0
21.8035,1,-6.08521,-3.43843,4.53287,-0.138898,-1.86562,0.121407,5.1472,0,0,0
21.8035,2,-7.04968,-6.35088,6.29071,-0.0525434,1.43739,-1.22055,4.61703,0,0,0
21.8035,3,0,0,0,0,0,0,0,0,0,0
21.8035,4,0,0,0,0,0,0,0,0,0,0
21.8035,5,0,0,0,0,0,0,0,0,0,0
21.8593,0,-3.7752,-5.78432,4.67954,-0.216211,1.77523,0.281061,3.4449,0,0,0
21.8593,1,-6.09729,-3.52579,4.54626,-0.151361,-1.89658,0.141437,5.1472,0,0,0
21.8593,2,-7.04339,-6.26059,6.2409,-0.0258432,1.4338,-1.36057,4.44588,0,0,0
21.8593,3,0,0,0,0,0,0,0,0,0,0
21.8593,4,0,0,0,0,0,0,0,0,0,0
21.8593,5,0,0,0,0,0,0,0,0,0,0
21.9171,0,-3.74476,-5.72697,4.71403,-0.0917751,1.73117,0.249856,3.4449,0,0,0
21.9171,1,-6.10929,-3.72099,4.56202,-0.13327,-2.00922,0.13496,5.00204,0,0,0
21.9171,2,-7.0611,-6.16701,6.18184,-0.075696,1.4479,-1.43461,4.44588,0,0,0
21.9171,3,0,0,0,0,0,0,0,0,0,0
21.9171,4,0,0,0,0,0,0,0,0,0,0
21.9171,5,0,0,0,0,0,0,0,0,0,0
21.9805,0,-3.73907,-5.65354,4.7576,-0.0626646,1.75047,0.204561,3.21532,0,0,0
21.9805,1,-6.1217,-3.82255,4.58501,-0.141521,-2.07561,0.119417,5.00204,0,0,0
21.9805,2,-7.05804,-6.10509,6.06827,-0.0535635,1.34421,-1.52425,4.21317,0,0,0
21.9805,3,0,0,0,0,0,0,0,0,0,0
21.9805,4,0,0,0,0,0,0,0,0,0,0
21.9805,5,0,0,0,0,0,0,0,0,0,0
22.0432,0,-3.70524,-5.63187,4.79173,0.0701072,1.58933,0.202382,3.21532,0,0,0
22.0432,1,-6.12384,-3.92588,4.61445,-0.118023,-2.14062,0.0703423,4.80504,0,0,0
22.0432,2,-7.05807,-6.07703,6.00778,-0.0248231,1.15045,-1.51742,4.21317,0,0,0
22.0432,3,0,0,0,0,0,0,0,0,0,0
22.0432,4,0,0,0,0,0,0,0,0,0,0
22.0432,5,0,0,0,0,0,0,0,0,0,0
22.0936,0,-3.69868,-5.54833,4.81813,0.0862844,1.62939,0.19068,3.0891,0,0,0
22.0936,1,-6.14138,-3.99898,4.64126,-0.147063,-2.10087,0.0672315,4.70851,0,0,0
22.0936,2,-7.07684,-5.97049,5.94655,-0.0932897,1.2945,-1.52429,4.03235,0,0,0
22.0936,3,0,0,0,0,0,0,0,0,0,0
22.0936,4,0,0,0,0,0,0,0,0,0,0
22.0936,5,0,0,0,0,0,0,0,0,0,0
22.1472,0,-3.68016,-5.51038,4.84654,0.149275,1.54403,0.270541,3.0891,0,0,0
22.1472,1,-6.15243,-4.0802,4.66531,-0.151696,-2.07515,0.0692166,4.70851,0,0,0
22.1472,2,-7.07431,-5.91501,5.88322,-0.0666697,1.27653,-1.4628,4.03235,0,0,0
22.1472,3,0,0,0,0,0,0,0,0,0,0
22.1472,4,0,0,0,0,0,0,0,0,0,0
22.1472,5,0,0,0,0,0,0,0,0,0,0
22.2025,0,-3.65306,-5.5213,4.87108,0.241885,1.29391,0.342375,2.96102,0,0,0
22.2025,1,-6.16572,-4.07893,4.69757,-0.169359,-1.79402,0.193421,4.70851,0,0,0
22.2025,2,-7.07214,-5.90295,5.83036,-0.0298578,1.08995,-1.39846,3.90082,0,0,0
22.2025,3,0,0,0,0,0,0,0,0,0,0
22.2025,4,0,0,0,0,0,0,0,0,0,0
22.2025,5,0,0,0,0,0,0,0,0,0,0
22.2654,0,-3.6396,-5.49064,4.9067,0.276924,1.19885,0.383158,2.96102,0,0,0
22.2654,1,-6.17642,-4.08962,4.74042,-0.200113,-1.85488,0.298612,4.68764,0,0,0
22.2654,2,-7.07744,-5.87995,5.77481,-0.0304486,0.99706,-1.28537,3.90082,0,0,0
22.2654,3,0,0,0,0,0,0,0,0,0,0
22.2654,4,0,0,0,0,0,0,0,0,0,0
22.2654,5,0,0,0,0,0,0,0,0,0,0
22.3156,0,-3.6268,-5.47281,4.93545,0.301754,1.06284,0.448146,2.90175,0,0,0
22.3156,1,-6.20694,-4.27378,4.77046,-0.223011,-1.93141,0.406773,4.68764,0,0,0
22.3156,2,-7.09902,-5.81484,5.73081,-0.10021,1.08794,-1.20066,3.76625,0,0,0
22.3156,3,0,0,0,0,0,0,0,0,0,0
22.3156,4,0,0,0,0,0,0,0,0,0,0
22.3156,5,0,0,0,0,0,0,0,0,0,0
22.3838,0,-3.60891,-5.45055,4.99601,0.331152,0.946639,0.491366,2.90175,0,0,0
22.3838,1,-6.21425,-4.2471,4.81071,-0.258564,-1.82814,0.501766,4.60762,0,0,0
22.3838,2,-7.09974,-5.78982,5.68174,-0.0725267,1.00311,-1.11129,3.76625,0,0,0
22.3838,3,0,0,0,0,0,0,0,0,0,0
22.3838,4,0,0,0,0,0,0,0,0,0,0
22.3838,5,0,0,0,0,0,0,0,0,0,0
22.434,0,-3.60278,-5.44057,5.03129,0.318256,0.814972,0.524649,2.80949,0,0,0
22.434,1,-6.23952,-4.28319,4.85763,-0.306508,-1.67059,0.549052,4.65785,0,0,0
22.434,2,-7.10388,-5.75994,5.63825,-0.0620821,0.925259,-1.06216,3.66019,0,0,0
22.434,3,0,0,0,0,0,0,0,0,0,0
22.434,4,0,0,0,0,0,0,0,0,0,0
22.434,5,0,0,0,0,0,0,0,0,0,0
22.4895,0,-3.59005,-5.42486,5.03558,0.322734,0.720137,0.535284,2.80949,0,0,0
22.4895,1,-6.26148,-4.31898,4.91064,-0.338607,-1.52394,0.589275,4.65785,0,0,0
22.4895,2,-7.1121,-5.75313,5.59154,-0.0727785,0.804773,-0.967481,3.66019,0,0,0
22.4895,3,0,0,0,0,0,0,0,0,0,0
22.4895,4,0,0,0,0,0,0,0,0,0,0
22.4895,5,0,0,0,0,0,0,0,0,0,0
22.5526,0,-3.5838,-5.41511,5.08864,0.302555,0.622505,0.553328,2.76254,0,0,0
22.5526,1,-6.28557,-4.35796,4.95315,-0.393281,-1.40966,0.62794,4.65785,0,0,0
22.5526,2,-7.12121,-5.73172,5.5493,-0.0887107,0.740288,-0.886225,3.57357,0,0,0
22.5526,3,0,0,0,0,0,0,0,0,0,0
22.5526,4,0,0,0,0,0,0,0,0,0,0
22.5526,5,0,0,0,0,0,0,0,0,0,0
22.612,0,-3.58203,-5.40881,5.11922,0.259346,0.509079,0.571464,2.69481,0,0,0
22.612,1,-6.31528,-4.39221,5.0023,-0.460068,-1.26888,0.63833,4.67896,0,0,0
22.612,2,-7.1293,-5.7173,5.50352,-0.0985671,0.677006,-0.820629,3.57357,0,0,0
22.612,3,0,0,0,0,0,0,0,0,0,0
22.612,4,0,0,0,0,0,0,0,0,0,0
22.612,5,0,0,0,0,0,0,0,0,0,0
22.6724,0,-3.57682,-5.39651,5.14139,0.236116,0.449275,0.562427,2.69481,0,0,0
22.6724,1,-6.36095,-4.46742,5.04247,-0.513164,-1.11888,0.640749,4.69764,0,0,0
22.6724,2,-7.13345,-5.70757,5.46047,-0.0922429,0.603389,-0.769211,3.49054,0,0,0
22.6724,3,0,0,0,0,0,0,0,0,0,0
22.6724,4,0,0,0,0,0,0,0,0,0,0
22.6724,5,0,0,0,0,0,0,0,0,0,0
22.7327,0,-3.57445,-5.38673,5.17834,0.206004,0.391748,0.563912,2.63922,0,0,0
22.7327,1,-6.37785,-4.45112,5.1193,-0.532412,-0.85005,0.654089,4.69764,0,0,0
22.7327,2,-7.13935,-5.70001,5.42845,-0.0914531,0.533363,-0.716255,3.49054,0,0,0
22.7327,3,0,0,0,0,0,0,0,0,0,0
22.7327,4,0,0,0,0,0,0,0,0,0,0
22.7327,5,0,0,0,0,0,0,0,0,0,0
22.7881,0,-3.57309,-5.37657,5.21223,0.171038,0.341857,0.562387,2.63922,0,0,0
22.7881,1,-6.39413,-4.48558,5.16774,-0.539597,-0.80129,0.602088,4.76661,0,0,0
22.7881,2,-7.14234,-5.69298,5.39378,-0.0791816,0.466445,-0.691035,2.22567,0,0,0
22.7881,3,0,0,0,0,0,0,0,0,0,0
22.7881,4,0,0,0,0,0,0,0,0,0,0
22.7881,5,0,0,0,0,0,0,0,0,0,0
22.849,0,-3.5718,-5.36524,5.23702,0.138735,0.300855,0.555524,2.5851,0,0,0
22.849,1,-6.41771,-4.49971,5.20095,-0.557444,-0.698047,0.546682,4.76661,0,0,0
22.849,2,-7.15139,-5.68847,5.35915,-0.0912279,0.394857,-0.618178,2.22567,0,0,0
22.849,3,0,0,0,0,0,0,0,0,0,0
22.849,4,0,0,0,0,0,0,0,0,0,0
22.849,5,0,0,0,0,0,0,0,0,0,0
22.9062,0,-3.57052,-5.35284,5.26042,0.111229,0.275092,0.538382,2.5851,0,0,0
22.9062,1,-6.42493,-4.49856,5.22787,-0.519827,-0.555255,0.492081,4.80749,0,0,0
22.9062,2,-7.16366,-5.6683,5.32141,-0.118426,0.383254,-0.596804,2.27864,0,0,0
22.9062,3,0,0,0,0,0,0,0,0,0,0
22.9062,4,0,0,0,0,0,0,0,0,0,0
22.9062,5,0,0,0,0,0,0,0,0,0,0
22.9597,0,-3.56478,-5.33813,5.28912,0.104913,0.262142,0.52487,2.53079,0,0,0
22.9597,1,-6.42955,-4.50717,5.25746,-0.475699,-0.463597,0.45877,4.80749,0,0,0
22.9597,2,-7.17989,-5.63329,5.29622,-0.136642,0.353076,-0.545292,2.27864,0,0,0
22.9597,3,0,0,0,0,0,0,0,0,0,0
22.9597,4,0,0,0,0,0,0,0,0,0,0
22.9597,5,0,0,0,0,0,0,0,0,0,0
23.0174,0,-3.56492,-5.32267,5.30653,0.0767639,0.254521,0.506265,2.53079,0,0,0
23.0174,1,-6.42295,-4.51416,5.25165,-0.392499,-0.379769,0.419543,4.80862,0,0,0
23.0174,2,-7.18628,-5.62186,5.27105,-0.13932,0.315804,-0.523112,2.35885,0,0,0
23.0174,3,0,0,0,0,0,0,0,0,0,0
23.0174,4,0,0,0,0,0,0,0,0,0,0
23.0174,5,0,0,0,0,0,0,0,0,0,0
23.0702,0,-3.5594,-5.30678,5.32677,0.0722164,0.245524,0.497444,2.4825,0,0,0
23.0702,1,-6.41952,-4.51074,5.27794,-0.371934,-0.361878,0.373122,4.80862,0,0,0
23.0702,2,-7.19239,-5.605,5.2432,-0.140509,0.289986,-0.50745,2.35885,0,0,0
23.0702,3,0,0,0,0,0,0,0,0,0,0
23.0702,4,0,0,0,0,0,0,0,0,0,0
23.0702,5,0,0,0,0,0,0,0,0,0,0
23.1289,0,-3.55328,-5.28481,5.3453,0.0697123,0.263008,0.490692,2.4825,0,0,0
23.1289,1,-6.4124,-4.52183,5.29827,-0.282324,-0.293344,0.342683,4.82065,0,0,0
23.1289,2,-7.20247,-5.58578,5.21629,-0.156237,0.281135,-0.486299,2.41433,0,0,0
23.1289,3,0,0,0,0,0,0,0,0,0,0
23.1289,4,0,0,0,0,0,0,0,0,0,0
23.1289,5,0,0,0,0,0,0,0,0,0,0
23.179,0,-3.54534,-5.26095,5.37333,0.0753329,0.283542,0.482648,2.41679,0,0,0
23.179,1,-6.39585,-4.54309,5.3101,-0.16699,-0.262315,0.315431,4.82065,0,0,0
23.179,2,-7.21191,-5.57029,5.19527,-0.169902,0.26332,-0.480617,2.41433,0,0,0
23.179,3,0,0,0,0,0,0,0,0,0,0
23.179,4,0,0,0,0,0,0,0,0,0,0
23.179,5,0,0,0,0,0,0,0,0,0,0
23.2292,0,-3.53195,-5.23443,5.40094,0.0998667,0.312928,0.480698,2.41679,0,0,0
23.2292,1,-6.38152,-4.54969,5.31859,-0.087692,-0.206173,0.291145,4.79507,0,0,0
23.2292,2,-7.21808,-5.55179,5.17363,-0.175479,0.243956,-0.447055,2.47084,0,0,0
23.2292,3,0,0,0,0,0,0,0,0,0,0
23.2292,4,0,0,0,0,0,0,0,0,0,0
23.2292,5,0,0,0,0,0,0,0,0,0,0
23.2857,0,-3.51511,-5.20427,5.43288,0.12607,0.330146,0.476184,2.33358,0,0,0
23.2857,1,-6.35937,-4.55993,5.34289,0.018972,-0.192358,0.235137,4.79507,0,0,0
23.2857,2,-7.23555,-5.53101,5.15103,-0.210687,0.243777,-0.413432,2.47084,0,0,0
23.2857,3,0,0,0,0,0,0,0,0,0,0
23.2857,4,0,0,0,0,0,0,0,0,0,0
23.2857,5,0,0,0,0,0,0,0,0,0,0
23.341,0,-3.4981,-5.17404,5.45503,0.158143,0.361663,0.467683,2.33358,0,0,0
23.341,1,-6.31773,-4.57676,5.35313,0.180684,-0.204392,0.208423,4.7572,0,0,0
23.341,2,-7.24983,-5.51581,5.13056,-0.227078,0.227139,-0.383934,2.5282,0,0,0
23.341,3,0,0,0,0,0,0,0,0,0,0
23.341,4,0,0,0,0,0,0,0,0,0,0
23.341,5,0,0,0,0,0,0,0,0,0,0
23.4012,0,-3.49036,-5.16264,5.45818,0.191235,0.407376,0.452893,2.28393,0,0,0
23.4012,1,-6.24579,-4.62819,5.35107,0.431007,-0.342418,0.212771,4.7572,0,0,0
23.4012,2,-7.26221,-5.50568,5.11409,-0.232862,0.193117,-0.362473,2.57058,0,0,0
23.4012,3,0,0,0,0,0,0,0,0,0,0
23.4012,4,0,0,0,0,0,0,0,0,0,0
23.4012,5,0,0,0,0,0,0,0,0,0,0
23.4515,0,-3.4594,-5.10655,5.50589,0.227378,0.434474,0.432162,2.28393,0,0,0
23.4515,1,-6.17604,-4.64771,5.34813,0.557525,-0.266798,0.165154,4.6816,0,0,0
23.4515,2,-7.26466,-5.51068,5.09162,-0.240709,0.172188,-0.341971,2.57058,0,0,0
23.4515,3,0,0,0,0,0,0,0,0,0,0
23.4515,4,0,0,0,0,0,0,0,0,0,0
23.4515,5,0,0,0,0,0,0,0,0,0,0
23.507,0,-3.45345,-5.09787,5.50803,0.252842,0.467769,0.431067,2.2007,0,0,0
23.507,1,-6.10019,-4.67363,5.34546,0.744869,-0.295654,0.113926,4.6816,0,0,0
23.507,2,-7.28787,-5.50038,5.07315,-0.288306,0.153892,-0.327792,2.57058,0,0,0
23.507,3,0,0,0,0,0,0,0,0,0,0
23.507,4,0,0,0,0,0,0,0,0,0,0
23.507,5,0,0,0,0,0,0,0,0,0,0
23.5669,0,-3.4207,-5.04632,5.54956,0.288365,0.481784,0.406967,2.2007,0,0,0
23.5669,1,-6.01605,-4.70323,5.32981,0.939002,-0.327942,0.0410826,4.56369,0,0,0
23.5669,2,-7.3326,-5.48146,5.0543,-0.353819,0.122458,-0.312907,2.60162,0,0,0
23.5669,3,0,0,0,0,0,0,0,0,0,0
23.5669,4,0,0,0,0,0,0,0,0,0,0
23.5669,5,0,0,0,0,0,0,0,0,0,0
23.6222,0,-3.40074,-5.01554,5.57236,0.316448,0.503905,0.398211,2.13359,0,0,0
23.6222,1,-5.93657,-4.71836,5.31542,1.0929,-0.311461,-0.02952,4.56369,0,0,0
23.6222,2,-7.34129,-5.48986,5.03949,-0.382412,0.0883314,-0.317462,2.60162,0,0,0
23.6222,3,0,0,0,0,0,0,0,0,0,0
23.6222,4,0,0,0,0,0,0,0,0,0,0
23.6222,5,0,0,0,0,0,0,0,0,0,0
23.6767,0,-3.38547,-4.9903,5.58866,0.325067,0.50584,0.383114,2.13359,0,0,0
23.6767,1,-5.90586,-4.73456,5.31311,1.21032,-0.369908,-0.0901914,4.42437,0,0,0
23.6767,2,-7.37407,-5.49272,5.02111,-0.438243,0.0370264,-0.323063,2.63135,0,0,0
23.6767,3,0,0,0,0,0,0,0,0,0,0
23.6767,4,0,0,0,0,0,0,0,0,0,0
23.6767,5,0,0,0,0,0,0,0,0,0,0
23.7424,0,-3.36788,-4.95922,5.58821,0.339839,0.528099,0.373703,2.06494,0,0,0
23.7424,1,-5.84065,-4.72821,5.30036,1.27892,-0.257877,-0.203937,4.42437,0,0,0
23.7424,2,-7.42498,-5.4962,5.00065,-0.483792,-0.0325212,-0.319318,2.65435,0,0,0
23.7424,3,0,0,0,0,0,0,0,0,0,0
23.7424,4,0,0,0,0,0,0,0,0,0,0
23.7424,5,0,0,0,0,0,0,0,0,0,0
23.8059,0,-3.35123,-4.93202,5.60892,0.348347,0.533583,0.369562,2.06494,0,0,0
23.8059,1,-5.65763,-4.77337,5.25729,1.53814,-0.280492,-0.287469,4.35515,0,0,0
23.8059,2,-7.4614,-5.51252,4.98296,-0.530185,-0.106819,-0.313291,2.65435,0,0,0
23.8059,3,0,0,0,0,0,0,0,0,0,0
23.8059,4,0,0,0,0,0,0,0,0,0,0
23.8059,5,0,0,0,0,0,0,0,0,0,0
23.8637,0,-3.33419,-4.90437,5.62929,0.355146,0.53974,0.373291,2.00695,0,0,0
23.8637,1,-5.64136,-4.76802,5.23189,1.5914,-0.247817,-0.391447,4.35515,0,0,0
23.8637,2,-7.49507,-5.52901,4.96446,-0.559178,-0.170973,-0.299407,2.65435,0,0,0
23.8637,3,0,0,0,0,0,0,0,0,0,0
23.8637,4,0,0,0,0,0,0,0,0,0,0
23.8637,5,0,0,0,0,0,0,0,0,0,0
23.9189,0,-3.31644,-4.87185,5.65328,0.35937,0.556694,0.373314,2.00695,0,0,0
23.9189,1,-5.46917,-4.7903,5.20782,1.70555,-0.182339,-0.518141,4.18183,0,0,0
23.9189,2,-7.52856,-5.55234,4.94187,-0.584311,-0.244392,-0.272626,2.65937,0,0,0
23.9189,3,0,0,0,0,0,0,0,0,0,0
23.9189,4,0,0,0,0,0,0,0,0,0,0
23.9189,5,0,0,0,0,0,0,0,0,0,0
23.9783,0,-3.29717,-4.84245,5.67315,0.372082,0.565152,0.370348,1.93303,0,0,0
23.9783,1,-5.39541,-4.7935,5.18612,1.70158,-0.12308,-0.603321,4.18183,0,0,0
23.9783,2,-7.56976,-5.58376,4.92839,-0.627898,-0.329878,-0.231831,2.6525,0,0,0
23.9783,3,0,0,0,0,0,0,0,0,0,0
23.9783,4,0,0,0,0,0,0,0,0,0,0
23.9783,5,0,0,0,0,0,0,0,0,0,0
24.0365,0,-3.28892,-4.81879,5.69469,0.343526,0.549608,0.367036,1.93303,0,0,0
24.0365,1,-5.31806,-4.79027,5.1684,1.67746,-0.0348311,-0.776545,4.01092,0,0,0
24.0365,2,-7.57237,-5.59636,4.91577,-0.631174,-0.370387,-0.201623,2.6525,0,0,0
24.0365,3,0,0,0,0,0,0,0,0,0,0
24.0365,4,0,0,0,0,0,0,0,0,0,0
24.0365,5,0,0,0,0,0,0,0,0,0,0
24.1037,0,-3.27035,-4.78876,5.7138,0.348438,0.551446,0.366154,1.86683,0,0,0
24.1037,1,-5.21363,-4.77988,5.13093,1.75476,0.0471903,-0.859599,4.01092,0,0,0
24.1037,2,-7.64358,-5.65514,4.90084,-0.676958,-0.489809,-0.136883,2.63199,0,0,0
24.1037,3,0,0,0,0,0,0,0,0,0,0
24.1037,4,0,0,0,0,0,0,0,0,0,0
24.1037,5,0,0,0,0,0,0,0,0,0,0
24.1571,0,-3.26833,-4.77218,5.72903,0.301471,0.517167,0.373362,1.86683,0,0,0
24.1571,1,-5.09448,-4.77234,5.09186,1.85333,0.105389,-0.952621,3.89929,0,0,0
24.1571,2,-7.65027,-5.67834,4.90177,-0.697005,-0.566446,-0.0882101,2.63199,0,0,0
24.1571,3,0,0,0,0,0,0,0,0,0,0
24.1571,4,0,0,0,0,0,0,0,0,0,0
24.1571,5,0,0,0,0,0,0,0,0,0,0
24.2102,0,-3.26187,-4.76055,5.75977,0.274096,0.468154,0.378072,1.81018,0,0,0
24.2102,1,-5.10171,-4.77128,5.09249,1.80459,0.0913668,-0.983931,3.89929,0,0,0
24.2102,2,-7.68264,-5.72516,4.88454,-0.699775,-0.657399,-0.0229781,2.60356,0,0,0
24.2102,3,0,0,0,0,0,0,0,0,0,0
24.2102,4,0,0,0,0,0,0,0,0,0,0
24.2102,5,0,0,0,0,0,0,0,0,0,0
24.2732,0,-3.25733,-4.73826,5.7659,0.23961,0.459016,0.393849,1.81018,0,0,0
24.2732,1,-5.03769,-4.73652,5.0102,1.70746,0.233638,-1.06597,3.83121,0,0,0
24.2732,2,-7.72011,-5.77787,4.88168,-0.703871,-0.74364,0.027113,2.60356,0,0,0
24.2732,3,0,0,0,0,0,0,0,0,0,0
24.2732,4,0,0,0,0,0,0,0,0,0,0
24.2732,5,0,0,0,0,0,0,0,0,0,0
24.3309,0,-3.24224,-4.71263,5.78942,0.245845,0.462996,0.398402,1.76137,0,0,0
24.3309,1,-4.91497,-4.73206,4.99697,1.86317,0.21935,-1.10054,3.83121,0,0,0
24.3309,2,-7.77541,-5.86604,4.87846,-0.679837,-0.850148,0.0700616,2.53446,0,0,0
24.3309,3,0,0,0,0,0,0,0,0,0,0
24.3309,4,0,0,0,0,0,0,0,0,0,0
24.3309,5,0,0,0,0,0,0,0,0,0,0
24.3851,0,-3.23569,-4.68838,5.81183,0.213689,0.446354,0.406796,1.76137,0,0,0
24.3851,1,-4.83606,-4.70977,4.91644,1.84656,0.255395,-1.10105,3.72282,0,0,0
24.3851,2,-7.78099,-5.90461,4.87799,-0.600354,-0.868562,0.141349,2.53446,0,0,0
24.3851,3,0,0,0,0,0,0,0,0,0,0
24.3851,4,0,0,0,0,0,0,0,0,0,0
24.3851,5,0,0,0,0,0,0,0,0,0,0
24.4391,0,-3.22698,-4.6652,5.85244,0.199732,0.446026,0.418111,1.6955,0,0,0
24.4391,1,-4.67438,-4.67389,4.88541,1.81195,0.309336,-1.08954,3.72282,0,0,0
24.4391,2,-7.81302,-6.0082,4.87852,-0.601463,-1.09634,0.215541,2.45884,0,0,0
24.4391,3,0,0,0,0,0,0,0,0,0,0
24.4391,4,0,0,0,0,0,0,0,0,0,0
24.4391,5,0,0,0,0,0,0,0,0,0,0
24.4943,0,-3.21412,-4.6432,5.88377,0.19535,0.42523,0.422547,1.6955,0,0,0
24.4943,1,-4.74068,-4.67489,4.89846,1.59118,0.292199,-1.01296,3.60917,0,0,0
24.4943,2,-7.8339,-6.02908,4.88181,-0.67758,-1.16703,0.240899,2.45884,0,0,0
24.4943,3,0,0,0,0,0,0,0,0,0,0
24.4943,4,0,0,0,0,0,0,0,0,0,0
24.4943,5,0,0,0,0,0,0,0,0,0,0
24.5559,0,-3.20586,-4.62848,5.90348,0.182838,0.398694,0.42198,1.61763,0,0,0
24.5559,1,-4.6874,-4.65847,4.85319,1.48863,0.281402,-0.994144,3.60917,0,0,0
24.5559,2,-7.85789,-6.13203,4.88887,-0.640904,-1.35092,0.277727,2.39225,0,0,0
24.5559,3,0,0,0,0,0,0,0,0,0,0
24.5559,4,0,0,0,0,0,0,0,0,0,0
24.5559,5,0,0,0,0,0,0,0,0,0,0
24.6065,0,-3.19298,-4.60758,5.92954,0.183787,0.388435,0.421386,1.61763,0,0,0
24.6065,1,-4.62448,-4.63851,4.81388,1.46783,0.300097,-0.955348,3.60766,0,0,0
24.6065,2,-7.8927,-6.24575,4.90239,-0.638356,-1.52209,0.316253,2.39225,0,0,0
24.6065,3,0,0,0,0,0,0,0,0,0,0
24.6065,4,0,0,0,0,0,0,0,0,0,0
24.6065,5,0,0,0,0,0,0,0,0,0,0
24.6606,0,-3.17954,-4.58918,5.94637,0.186048,0.373117,0.433969,1.56406,0,0,0
24.6606,1,-4.46865,-4.59072,4.77715,1.51789,0.352482,-0.915437,3.60766,0,0,0
24.6606,2,-7.91266,-6.32355,4.91556,-0.611959,-1.58617,0.305118,2.2878,0,0,0
24.6606,3,0,0,0,0,0,0,0,0,0,0
24.6606,4,0,0,0,0,0,0,0,0,0,0
24.6606,5,0,0,0,0,0,0,0,0,0,0
24.7133,0,-3.16389,-4.57031,5.97061,0.194002,0.361049,0.451161,1.56406,0,0,0
24.7133,1,-4.47334,-4.58962,4.72261,1.50728,0.333722,-0.869812,3.54492,0,0,0
24.7133,2,-7.92206,-6.43072,4.93074,-0.555836,-1.73749,0.242068,2.2878,0,0,0
24.7133,3,0,0,0,0,0,0,0,0,0,0
24.7133,4,0,0,0,0,0,0,0,0,0,0
24.7133,5,0,0,0,0,0,0,0,0,0,0
24.7661,0,-3.1484,-4.54822,5.99887,0.204129,0.367024,0.459513,1.51369,0,0,0
24.7661,1,-4.39926,-4.57736,4.7065,1.48166,0.310466,-0.835937,3.54492,0,0,0
24.7661,2,-7.94763,-6.55217,4.95045,-0.55315,-1.91746,0.198834,2.22959,0,0,0
24.7661,3,0,0,0,0,0,0,0,0,0,0
24.7661,4,0,0,0,0,0,0,0,0,0,0
24.7661,5,0,0,0,0,0,0,0,0,0,0
24.8301,0,-3.12734,-4.52684,6.02402,0.225796,0.36617,0.483318,1.45336,0,0,0
24.8301,1,-4.33222,-4.55866,4.68297,1.4522,0.316394,-0.796154,3.49719,0,0,0
24.8301,2,-7.95803,-6.64912,4.97254,-0.496487,-1.96839,0.152224,2.22959,0,0,0
24.8301,3,0,0,0,0,0,0,0,0,0,0
24.8301,4,0,0,0,0,0,0,0,0,0,0
24.8301,5,0,0,0,0,0,0,0,0,0,0
24.8893,0,-3.10357,-4.50646,6.04845,0.254898,0.3663,0.509002,1.45336,0,0,0
24.8893,1,-4.31176,-4.56317,4.67376,1.27571,0.26304,-0.691775,3.49719,0,0,0
24.8893,2,-7.96699,-6.76384,4.98416,-0.447239,-2.08849,0.0778542,2.11806,0,0,0
24.8893,3,0,0,0,0,0,0,0,0,0,0
24.8893,4,0,0,0,0,0,0,0,0,0,0
24.8893,5,0,0,0,0,0,0,0,0,0,0
24.9429,0,-3.07206,-4.48678,6.06603,0.300873,0.354296,0.545175,1.40793,0,0,0
24.9429,1,-4.26679,-4.57004,4.63488,1.21631,0.193358,-0.623752,3.46691,0,0,0
24.9429,2,-7.96915,-6.87162,5.01638,-0.383645,-2.1427,0.100559,2.11806,0,0,0
24.9429,3,0,0,0,0,0,0,0,0,0,0
24.9429,4,0,0,0,0,0,0,0,0,0,0
24.9429,5,0,0,0,0,0,0,0,0,0,0
24.9958,0,-3.06201,-4.48107,6.08591,0.342795,0.375126,0.559902,1.40793,0,0,0
24.9958,1,-4.22849,-4.5771,4.61858,1.14317,0.135335,-0.561722,3.46691,0,0,0
24.9958,2,-7.97295,-6.96189,5.05289,-0.335145,-2.11704,0.134263,2.01516,0,0,0
24.9958,3,0,0,0,0,0,0,0,0,0,0
24.9958,4,0,0,0,0,0,0,0,0,0,0
24.9958,5,0,0,0,0,0,0,0,0,0,0
25.0592,0,-3.01987,-4.45441,6.12581,0.428742,0.393145,0.594882,1.39428,0,0,0
25.0592,1,-4.22541,-4.59277,4.59669,0.935618,0.0676343,-0.501342,3.40541,0,0,0
25.0592,2,-7.96033,-7.04976,5.08468,-0.243401,-2.14755,0.118808,2.01516,0,0,0
25.0592,3,0,0,0,0,0,0,0,0,0,0
25.0592,4,0,0,0,0,0,0,0,0,0,0
25.0592,5,0,0,0,0,0,0,0,0,0,0
25.1144,0,-2.98252,-4.42142,6.16276,0.478192,0.427316,0.634004,1.39428,0,0,0
25.1144,1,-4.19103,-4.62707,4.58181,0.876911,-0.0700324,-0.447335,3.40541,0,0,0
25.1144,2,-7.95506,-7.10873,5.1239,-0.193008,-2.06447,0.144122,1.91145,0,0,0
25.1144,3,0,0,0,0,0,0,0,0,0,0
25.1144,4,0,0,0,0,0,0,0,0,0,0
25.1144,5,0,0,0,0,0,0,0,0,0,0
25.1747,0,-2.9337,-4.38699,6.19657,0.573937,0.463403,0.659104,1.29581,0,0,0
25.1747,1,-4.16131,-4.67054,4.56696,0.808,-0.223221,-0.407499,3.3362,0,0,0
25.1747,2,-7.95506,-7.10873,5.1239,-0.193008,-2.06447,0.144122,1.91145,0,0,0
25.1747,3,0,0,0,0,0,0,0,0,0,0
25.1747,4,0,0,0,0,0,0,0,0,0,0
25.1747,5,0,0,0,0,0,0,0,0,0,0
25.241,0,-2.89007,-4.36251,6.23282,0.645509,0.468897,0.664816,1.29581,0,0,0
25.241,1,-4.10188,-4.72944,4.55105,0.709364,-0.365135,-0.386239,3.3362,0,0,0
25.241,2,-7.94169,-7.1864,5.15748,-0.112326,-2.06085,0.149524,1.8184,0,0,0
25.241,3,0,0,0,0,0,0,0,0,0,0
25.241,4,0,0,0,0,0,0,0,0,0,0
25.241,5,0,0,0,0,0,0,0,0,0,0
25.3026,0,-2.85951,-4.34911,6.23308,0.673358,0.441941,0.661384,1.27386,0,0,0
25.3026,1,-4.12867,-4.76109,4.5333,0.607103,-0.471621,-0.378907,3.21504,0,0,0
25.3026,2,-7.93565,-7.2091,5.19911,-0.0787555,-1.85277,0.218438,1.8184,0,0,0
25.3026,3,0,0,0,0,0,0,0,0,0,0
25.3026,4,0,0,0,0,0,0,0,0,0,0
25.3026,5,0,0,0,0,0,0,0,0,0,0
25.3528,0,-2.81895,-4.32073,6.27081,0.724916,0.462586,0.662828,1.27386,0,0,0
25.3528,1,-4.12875,-4.81962,4.51146,0.451617,-0.603155,-0.392826,3.21504,0,0,0
25.3528,2,-7.89806,-7.36836,5.23935,0.078078,-1.88384,0.20974,1.71726,0,0,0
25.3528,3,0,0,0,0,0,0,0,0,0,0
25.3528,4,0,0,0,0,0,0,0,0,0,0
25.3528,5,0,0,0,0,0,0,0,0,0,0
25.4108,0,-2.7961,-4.31125,6.31023,0.71431,0.422633,0.703938,4.60101,0,0,0
25.4108,1,-4.12935,-4.87901,4.48825,0.336554,-0.718727,-0.393212,3.91191,0,0,0
25.4108,2,-7.88902,-7.36719,5.27849,0.100419,-1.61969,0.292597,1.71726,0,0,0
25.4108,3,0,0,0,0,0,0,0,0,0,0
25.4108,4,0,0,0,0,0,0,0,0,0,0
25.4108,5,0,0,0,0,0,0,0,0,0,0
25.4679,0,-2.75534,-4.28797,6.35288,0.763037,0.424983,0.715585,4.60101,0,0,0
25.4679,1,-4.13224,-4.95171,4.46832,0.222298,-0.843749,-0.394522,3.91191,0,0,0
25.4679,2,-7.85948,-7.39101,5.32404,0.194012,-1.48745,0.30261,6.21646,0,0,0
25.4679,3,0,0,0,0,0,0,0,0,0,0
25.4679,4,0,0,0,0,0,0,0,0,0,0
25.4679,5,0,0,0,0,0,0,0,0,0,0
25.5258,0,-2.7168,-4.26412,6.43567,0.802409,0.430606,0.746786,4.69142,0,0,0
25.5258,1,-4.15175,-5.01662,4.44181,0.0514972,-0.920642,-0.46168,4.70956,0,0,0
25.5258,2,-7.83874,-7.40625,5.35992,0.246738,-1.3268,0.325306,6.21646,0,0,0
25.5258,3,0,0,0,0,0,0,0,0,0,0
25.5258,4,0,0,0,0,0,0,0,0,0,0
25.5258,5,0,0,0,0,0,0,0,0,0,0
25.5762,0,-2.7168,-4.26412,6.43567,0.802409,0.430606,0.746786,4.69142,0,0,0
25.5762,1,-4.14524,-5.07485,4.43249,0.0191283,-0.978927,-0.482711,4.70956,0,0,0
25.5762,2,-7.80627,-7.44452,5.39397,0.340242,-1.26811,0.333543,6.19602,0,0,0
25.5762,3,0,0,0,0,0,0,0,0,0,0
25.5762,4,0,0,0,0,0,0,0,0,0,0
25.5762,5,0,0,0,0,0,0,0,0,0,0
25.6364,0,-2.69005,-4.24241,6.4918,0.793998,0.417947,0.752102,4.83358,0,0,0
25.6364,1,-4.17368,-5.11355,4.39797,-0.135977,-0.927254,-0.537153,4.65703,0,0,0
25.6364,2,-7.79207,-7.41,5.42408,0.350176,-0.969436,0.415331,6.19602,0,0,0
25.6364,3,0,0,0,0,0,0,0,0,0,0
25.6364,4,0,0,0,0,0,0,0,0,0,0
25.6364,5,0,0,0,0,0,0,0,0,0,0
25.7024,0,-2.65583,-4.22233,6.53136,0.81319,0.413373,0.72671,4.83358,0,0,0
25.7024,1,-4.21925,-5.19831,4.36369,-0.343046,-1.04081,-0.643779,4.65703,0,0,0
25.7024,2,-7.77004,-7.3985,5.45753,0.385492,-0.759221,0.49125,6.12488,0,0,0
25.7024,3,0,0,0,0,0,0,0,0,0,0
25.7024,4,0,0,0,0,0,0,0,0,0,0
25.7024,5,0,0,0,0,0,0,0,0,0,0
25.7577,0,-2.63599,-4.20592,6.52311,0.782437,0.395923,0.69881,4.88855,0,0,0
25.7577,1,-4.2459,-5.30656,4.32284,-0.437818,-1.23201,-0.771186,4.58295,0,0,0
25.7577,2,-7.73413,-7.41972,5.49118,0.452384,-0.670677,0.528521,6.12488,0,0,0
25.7577,3,0,0,0,0,0,0,0,0,0,0
25.7577,4,0,0,0,0,0,0,0,0,0,0
25.7577,5,0,0,0,0,0,0,0,0,0,0
25.8138,0,-2.63639,-4.19284,6.59598,0.682297,0.371424,0.7054,4.88855,0,0,0
25.8138,1,-4.29097,-5.38713,4.28915,-0.558733,-1.25896,-0.856928,4.58295,0,0,0
25.8138,2,-7.72083,-7.39333,5.52661,0.439459,-0.470119,0.5919,6.07053,0,0,0
25.8138,3,0,0,0,0,0,0,0,0,0,0
25.8138,4,0,0,0,0,0,0,0,0,0,0
25.8138,5,0,0,0,0,0,0,0,0,0,0
25.8696,0,-2.6271,-4.17642,6.60171,0.603897,0.351001,0.69144,4.96776,0,0,0
25.8696,1,-4.32948,-5.43935,4.24094,-0.649591,-1.2037,-0.929135,4.48882,0,0,0
25.8696,2,-7.70461,-7.37007,5.55674,0.425592,-0.293474,0.583784,6.07053,0,0,0
25.8696,3,0,0,0,0,0,0,0,0,0,0
25.8696,4,0,0,0,0,0,0,0,0,0,0
25.8696,5,0,0,0,0,0,0,0,0,0,0
25.9197,0,-2.61781,-4.15454,6.68539,0.530025,0.351259,0.671688,4.96776,0,0,0
25.9197,1,-4.38434,-5.51085,4.2011,-0.738017,-1.17102,-1.05731,4.48882,0,0,0
25.9197,2,-7.68117,-7.3366,5.58979,0.429556,-0.111398,0.590197,5.99076,0,0,0
25.9197,3,0,0,0,0,0,0,0,0,0,0
25.9197,4,0,0,0,0,0,0,0,0,0,0
25.9197,5,0,0,0,0,0,0,0,0,0,0
25.9872,0,-2.61509,-4.13724,6.72231,0.447904,0.343835,0.651799,5.0855,0,0,0
25.9872,1,-4.44423,-5.58141,4.13947,-0.811364,-1.14786,-1.18707,4.42367,0,0,0
25.9872,2,-7.66652,-7.30446,5.62233,0.40176,0.04502,0.595235,5.99076,0,0,0
25.9872,3,0,0,0,0,0,0,0,0,0,0
25.9872,4,0,0,0,0,0,0,0,0,0,0
25.9872,5,0,0,0,0,0,0,0,0,0,0
26.045,0,-2.60072,-4.123,6.7522,0.422464,0.332205,0.596206,5.0855,0,0,0
26.045,1,-4.50757,-5.64217,4.14194,-0.868504,-1.09352,-1.25496,4.42367,0,0,0
26.045,2,-7.65811,-7.26533,5.65498,0.355152,0.202556,0.593316,4.7899,0,0,0
26.045,3,0,0,0,0,0,0,0,0,0,0
26.045,4,0,0,0,0,0,0,0,0,0,0
26.045,5,0,0,0,0,0,0,0,0,0,0
26.0981,0,-2.60677,-4.10296,6.74507,0.335159,0.346139,0.556601,5.1258,0,0,0
26.0981,1,-4.54627,-5.67807,4.10335,-0.838009,-0.979739,-1.30231,4.32371,0,0,0
26.0981,2,-7.63291,-7.23309,5.6873,0.352928,0.3086,0.598734,4.7899,0,0,0
26.0981,3,0,0,0,0,0,0,0,0,0,0
26.0981,4,0,0,0,0,0,0,0,0,0,0
26.0981,5,0,0,0,0,0,0,0,0,0,0
26.151,0,-2.61218,-4.08228,6.77368,0.254824,0.363713,0.493943,5.1258,0,0,0
26.151,1,-4.58289,-5.7064,4.06838,-0.795514,-0.877756,-1.32278,4.32371,0,0,0
26.151,2,-7.602,-7.2081,5.71481,0.380844,0.36576,0.606284,4.77585,0,0,0
26.151,3,0,0,0,0,0,0,0,0,0,0
26.151,4,0,0,0,0,0,0,0,0,0,0
26.151,5,0,0,0,0,0,0,0,0,0,0
26.2071,0,-2.62359,-4.06773,6.80571,0.172574,0.363545,0.44657,5.19164,0,0,0
26.2071,1,-4.61497,-5.73022,4.02698,-0.752367,-0.80218,-1.32448,4.29618,0,0,0
26.2071,2,-7.57729,-7.17884,5.74106,0.392574,0.42732,0.60437,4.77585,0,0,0
26.2071,3,0,0,0,0,0,0,0,0,0,0
26.2071,4,0,0,0,0,0,0,0,0,0,0
26.2071,5,0,0,0,0,0,0,0,0,0,0
26.2575,0,-2.64566,-4.04804,6.83411,0.0572962,0.384922,0.38438,5.19164,0,0,0
26.2575,1,-4.64542,-5.74404,3.97396,-0.713353,-0.718596,-1.30159,4.29618,0,0,0
26.2575,2,-7.57437,-7.17558,5.76767,0.393222,0.425021,0.613724,4.78035,0,0,0
26.2575,3,0,0,0,0,0,0,0,0,0,0
26.2575,4,0,0,0,0,0,0,0,0,0,0
26.2575,5,0,0,0,0,0,0,0,0,0,0
26.318,0,-2.64937,-4.03526,6.85899,0.0227499,0.373788,0.327841,5.24905,0,0,0
26.318,1,-4.68778,-5.77084,3.89407,-0.699715,-0.695264,-1.30952,4.30427,0,0,0
26.318,2,-7.54177,-7.14758,5.79205,0.428286,0.463429,0.607994,4.78035,0,0,0
26.318,3,0,0,0,0,0,0,0,0,0,0
26.318,4,0,0,0,0,0,0,0,0,0,0
26.318,5,0,0,0,0,0,0,0,0,0,0
26.3681,0,-2.66794,-4.02409,6.87529,-0.0568317,0.359947,0.268834,5.24905,0,0,0
26.3681,1,-4.73431,-5.79304,3.78709,-0.712845,-0.668016,-1.31453,4.30427,0,0,0
26.3681,2,-7.47618,-7.09259,5.81524,0.495474,0.53125,0.618486,5.63589,0,0,0
26.3681,3,0,0,0,0,0,0,0,0,0,0
26.3681,4,0,0,0,0,0,0,0,0,0,0
26.3681,5,0,0,0,0,0,0,0,0,0,0
26.4184,0,-2.67864,-4.01528,6.88117,-0.0963519,0.338317,0.234214,5.27466,0,0,0
26.4184,1,-4.77373,-5.81271,3.73868,-0.692631,-0.592466,-1.21625,4.36016,0,0,0
26.4184,2,-7.46692,-7.09357,5.83414,0.545672,0.516526,0.586674,5.63589,0,0,0
26.4184,3,0,0,0,0,0,0,0,0,0,0
26.4184,4,0,0,0,0,0,0,0,0,0,0
26.4184,5,0,0,0,0,0,0,0,0,0,0
26.4717,0,-2.70003,-4.01044,6.89438,-0.163657,0.285705,0.165623,5.27466,0,0,0
26.4717,1,-4.77373,-5.81271,3.73868,-0.692631,-0.592466,-1.21625,4.36016,0,0,0
26.4717,2,-7.41028,-7.05479,5.85138,0.650524,0.56194,0.53929,5.62628,0,0,0
26.4717,3,0,0,0,0,0,0,0,0,0,0
26.4717,4,0,0,0,0,0,0,0,0,0,0
26.4717,5,0,0,0,0,0,0,0,0,0,0
26.5249,0,-2.71828,-4.0118,6.90714,-0.212855,0.227694,0.113761,5.29155,0,0,0
26.5249,1,-4.85066,-5.84415,3.64606,-0.696165,-0.501646,-1.08834,4.32579,0,0,0
26.5249,2,-7.35383,-7.0151,5.87399,0.773009,0.616964,0.491574,5.62628,0,0,0
26.5249,3,0,0,0,0,0,0,0,0,0,0
26.5249,4,0,0,0,0,0,0,0,0,0,0
26.5249,5,0,0,0,0,0,0,0,0,0,0
26.5782,0,-2.73209,-4.01825,6.91197,-0.238174,0.1584,0.0819478,5.29155,0,0,0
26.5782,1,-4.85066,-5.84415,3.64606,-0.696165,-0.501646,-1.08834,4.32579,0,0,0
26.5782,2,-7.29722,-6.98269,5.89023,0.875513,0.64334,0.443742,5.48483,0,0,0
26.5782,3,0,0,0,0,0,0,0,0,0,0
26.5782,4,0,0,0,0,0,0,0,0,0,0
26.5782,5,0,0,0,0,0,0,0,0,0,0
26.6311,0,-2.75272,-4.02008,6.91534,-0.283268,0.118457,0.0603409,5.28839,0,0,0
26.6311,1,-4.85579,-5.8487,3.64173,-0.583199,-0.445761,-0.998298,4.37379,0,0,0
26.6311,2,-7.1957,-6.90309,5.90329,0.978834,0.736483,0.35667,5.48483,0,0,0
26.6311,3,0,0,0,0,0,0,0,0,0,0
26.6311,4,0,0,0,0,0,0,0,0,0,0
26.6311,5,0,0,0,0,0,0,0,0,0,0
26.6921,0,-2.76886,-4.0533,6.91562,-0.303097,-0.029978,0.0361594,5.28839,0,0,0
26.6921,1,-4.82522,-5.83989,3.52336,-0.343862,-0.300045,-0.780015,4.37379,0,0,0
26.6921,2,-7.12967,-6.85223,5.91223,1.06803,0.811565,0.259941,5.2905,0,0,0
26.6921,3,0,0,0,0,0,0,0,0,0,0
26.6921,4,0,0,0,0,0,0,0,0,0,0
26.6921,5,0,0,0,0,0,0,0,0,0,0
26.7449,0,-2.78396,-4.07756,6.91583,-0.312919,-0.143081,-0.0260568,5.24888,0,0,0
26.7449,1,-4.82522,-5.83989,3.52336,-0.343862,-0.300045,-0.780015,4.48234,0,0,0
26.7449,2,-7.08905,-6.81652,5.91922,1.05377,0.840713,0.17352,5.2905,0,0,0
26.7449,3,0,0,0,0,0,0,0,0,0,0
26.7449,4,0,0,0,0,0,0,0,0,0,0
26.7449,5,0,0,0,0,0,0,0,0,0,0
26.7978,0,-2.8025,-4.11193,6.91076,-0.331729,-0.268109,-0.0533174,5.24888,0,0,0
26.7978,1,-4.80335,-5.8434,3.49474,-0.244424,-0.276783,-0.691301,4.48234,0,0,0
26.7978,2,-7.03476,-6.76976,5.92251,1.08483,0.899583,0.103928,5.15283,0,0,0
26.7978,3,0,0,0,0,0,0,0,0,0,0
26.7978,4,0,0,0,0,0,0,0,0,0,0
26.7978,5,0,0,0,0,0,0,0,0,0,0
26.8606,0,-2.81616,-4.14827,6.90271,-0.330439,-0.384485,-0.0797777,5.19101,0,0,0
26.8606,1,-4.78238,-5.83848,3.50266,-0.152914,-0.20919,-0.611355,4.52275,0,0,0
26.8606,2,-6.97988,-6.71346,5.92793,1.10546,0.983092,0.0381895,5.15283,0,0,0
26.8606,3,0,0,0,0,0,0,0,0,0,0
26.8606,4,0,0,0,0,0,0,0,0,0,0
26.8606,5,0,0,0,0,0,0,0,0,0,0
26.9165,0,-2.83314,-4.20156,6.87829,-0.333131,-0.547597,-0.128761,5.19101,0,0,0
26.9165,1,-4.74062,-5.83464,3.4507,-0.00832628,-0.157664,-0.514621,4.52275,0,0,0
26.9165,2,-6.93862,-6.63908,5.92843,1.07281,1.11058,0.0227081,5.00374,0,0,0
26.9165,3,0,0,0,0,0,0,0,0,0,0
26.9165,4,0,0,0,0,0,0,0,0,0,0
26.9165,5,0,0,0,0,0,0,0,0,0,0
26.9746,0,-2.84865,-4.25426,6.85941,-0.334225,-0.680368,-0.180627,5.08838,0,0,0
26.9746,1,-4.73949,-5.8369,3.45577,-0.0247925,-0.133744,-0.489698,4.58288,0,0,0
26.9746,2,-6.89604,-6.57066,5.92615,1.04825,1.19944,0.000876094,5.00374,0,0,0
26.9746,3,0,0,0,0,0,0,0,0,0,0
26.9746,4,0,0,0,0,0,0,0,0,0,0
26.9746,5,0,0,0,0,0,0,0,0,0,0
27.0327,0,-2.8638,-4.30473,6.83449,-0.335127,-0.782078,-0.236775,5.08838,0,0,0
27.0327,1,-4.63303,-5.8442,3.41798,0.291498,-0.121654,-0.4134,4.58288,0,0,0
27.0327,2,-6.85155,-6.4842,5.92613,1.0187,1.31356,0.0250412,4.84874,0,0,0
27.0327,3,0,0,0,0,0,0,0,0,0,0
27.0327,4,0,0,0,0,0,0,0,0,0,0
27.0327,5,0,0,0,0,0,0,0,0,0,0
27.0829,0,-2.87807,-4.37823,6.80841,-0.326321,-0.942098,-0.294668,4.96984,0,0,0
27.0829,1,-4.63303,-5.8442,3.41798,0.291498,-0.121654,-0.4134,4.67041,0,0,0
27.0829,2,-6.82516,-6.42398,5.93105,0.954965,1.33871,0.0494172,4.84874,0,0,0
27.0829,3,0,0,0,0,0,0,0,0,0,0
27.0829,4,0,0,0,0,0,0,0,0,0,0
27.0829,5,0,0,0,0,0,0,0,0,0,0
27.1404,0,-2.89666,-4.44037,6.78327,-0.340513,-1.03528,-0.397945,4.96984,0,0,0
27.1404,1,-4.58888,-5.85057,3.3895,0.398557,-0.113449,-0.310048,4.67041,0,0,0
27.1404,2,-6.80041,-6.35167,5.93713,0.894829,1.39658,0.0737629,4.7001,0,0,0
27.1404,3,0,0,0,0,0,0,0,0,0,0
27.1404,4,0,0,0,0,0,0,0,0,0,0
27.1404,5,0,0,0,0,0,0,0,0,0,0
27.196,0,-2.89854,-4.52465,6.75378,-0.288695,-1.18394,-0.498782,4.83699,0,0,0
27.196,1,-4.55062,-5.86215,3.37629,0.469979,-0.124632,-0.269969,3.79662,0,0,0
27.196,2,-6.7778,-6.26637,5.9465,0.828554,1.49563,0.122159,4.7001,0,0,0
27.196,3,0,0,0,0,0,0,0,0,0,0
27.196,4,0,0,0,0,0,0,0,0,0,0
27.196,5,0,0,0,0,0,0,0,0,0,0
27.2571,0,-2.9207,-4.60898,6.72364,-0.31049,-1.27817,-0.606797,4.83699,0,0,0
27.2571,1,-4.52647,-5.8698,3.36886,0.482525,-0.113162,-0.20734,3.79662,0,0,0
27.2571,2,-6.75261,-6.18644,5.95933,0.774924,1.56206,0.154755,4.56083,0,0,0
27.2571,3,0,0,0,0,0,0,0,0,0,0
27.2571,4,0,0,0,0,0,0,0,0,0,0
27.2571,5,0,0,0,0,0,0,0,0,0,0
27.3231,0,-2.93414,-4.67332,6.68627,-0.310613,-1.29236,-0.740126,4.76123,0,0,0
27.3231,1,-4.48756,-5.90162,3.36618,0.486082,-0.156491,-0.129724,3.83947,0,0,0
27.3231,2,-6.73291,-6.1119,5.97392,0.709699,1.60336,0.189689,4.56083,0,0,0
27.3231,3,0,0,0,0,0,0,0,0,0,0
27.3231,4,0,0,0,0,0,0,0,0,0,0
27.3231,5,0,0,0,0,0,0,0,0,0,0
27.3786,0,-2.94206,-4.75808,6.65218,-0.280892,-1.34325,-0.898791,4.76123,0,0,0
27.3786,1,-4.48756,-5.90162,3.36618,0.486082,-0.156491,-0.129724,3.83947,0,0,0
27.3786,2,-6.70447,-6.02037,6.00547,0.670196,1.68257,0.228092,4.42472,0,0,0
27.3786,3,0,0,0,0,0,0,0,0,0,0
27.3786,4,0,0,0,0,0,0,0,0,0,0
27.3786,5,0,0,0,0,0,0,0,0,0,0
27.4367,0,-2.95655,-4.83581,6.61831,-0.301148,-1.35268,-0.963714,4.61549,0,0,0
27.4367,1,-4.477,-5.92552,3.36893,0.475563,-0.19588,-0.0403239,3.86812,0,0,0
27.4367,2,-6.6683,-5.93426,6.02142,0.663846,1.74645,0.27959,4.42472,0,0,0
27.4367,3,0,0,0,0,0,0,0,0,0,0
27.4367,4,0,0,0,0,0,0,0,0,0,0
27.4367,5,0,0,0,0,0,0,0,0,0,0
27.4895,0,-2.96686,-4.91962,6.59727,-0.283328,-1.36144,-1.04532,4.61549,0,0,0
27.4895,1,-4.47925,-5.9467,3.37993,0.415292,-0.218483,0.0268466,3.86812,0,0,0
27.4895,2,-6.65518,-5.88753,6.04425,0.589205,1.66901,0.326316,4.25726,0,0,0
27.4895,3,0,0,0,0,0,0,0,0,0,0
27.4895,4,0,0,0,0,0,0,0,0,0,0
27.4895,5,0,0,0,0,0,0,0,0,0,0
27.5428,0,-2.98737,-5.00097,6.54035,-0.307611,-1.39352,-1.1451,4.47781,0,0,0
27.5428,1,-4.49229,-5.97493,3.38703,0.333619,-0.260768,0.12878,3.90563,0,0,0
27.5428,2,-6.65518,-5.88753,6.04425,0.589205,1.66901,0.326316,4.25726,0,0,0
27.5428,3,0,0,0,0,0,0,0,0,0,0
27.5428,4,0,0,0,0,0,0,0,0,0,0
27.5428,5,0,0,0,0,0,0,0,0,0,0
27.6063,0,-2.98737,-5.00097,6.54035,-0.307611,-1.39352,-1.1451,4.47781,0,0,0
27.6063,1,-4.50838,-6.00842,3.39844,0.249047,-0.315438,0.212058,3.90563,0,0,0
27.6063,2,-6.62724,-5.81413,6.04689,0.559628,1.67555,0.354421,4.14875,0,0,0
27.6063,3,0,0,0,0,0,0,0,0,0,0
27.6063,4,0,0,0,0,0,0,0,0,0,0
27.6063,5,0,0,0,0,0,0,0,0,0,0
27.6615,0,-2.98663,-5.04198,6.51841,-0.261725,-1.26612,-1.22537,4.34376,0,0,0
27.6615,1,-4.53815,-6.03893,3.40918,0.131563,-0.3569,0.284376,3.92764,0,0,0
27.6615,2,-6.60492,-5.77277,6.06827,0.517854,1.57619,0.423121,4.14875,0,0,0
27.6615,3,0,0,0,0,0,0,0,0,0,0
27.6615,4,0,0,0,0,0,0,0,0,0,0
27.6615,5,0,0,0,0,0,0,0,0,0,0
27.7315,0,-3.00079,-5.16537,6.39103,-0.226142,-1.21649,-1.29045,4.34376,0,0,0
27.7315,1,-4.57333,-6.06628,3.42821,0.0158886,-0.384284,0.36727,3.92764,0,0,0
27.7315,2,-6.52107,-5.63911,6.12621,0.58354,1.56623,0.483921,4.03161,0,0,0
27.7315,3,0,0,0,0,0,0,0,0,0,0
27.7315,4,0,0,0,0,0,0,0,0,0,0
27.7315,5,0,0,0,0,0,0,0,0,0,0
27.7945,0,-3.00079,-5.16537,6.39103,-0.226142,-1.21649,-1.29045,4.16953,0,0,0
27.7945,1,-4.61418,-6.09522,3.44816,-0.109358,-0.409156,0.435029,3.92408,0,0,0
27.7945,2,-6.47386,-5.58355,6.14625,0.638369,1.52144,0.489361,4.03161,0,0,0
27.7945,3,0,0,0,0,0,0,0,0,0,0
27.7945,4,0,0,0,0,0,0,0,0,0,0
27.7945,5,0,0,0,0,0,0,0,0,0,0
27.8532,0,-3.01411,-5.26943,6.26187,-0.205335,-1.15493,-1.3439,4.16953,0,0,0
27.8532,1,-4.66985,-6.12376,3.47159,-0.267381,-0.424461,0.504366,3.92408,0,0,0
27.8532,2,-6.42188,-5.53007,6.16849,0.709244,1.47249,0.471542,3.87449,0,0,0
27.8532,3,0,0,0,0,0,0,0,0,0,0
27.8532,4,0,0,0,0,0,0,0,0,0,0
27.8532,5,0,0,0,0,0,0,0,0,0,0
27.9109,0,-3.01411,-5.26943,6.26187,-0.205335,-1.15493,-1.3439,4.00432,0,0,0
27.9109,1,-4.72425,-6.15423,3.49101,-0.401305,-0.44813,0.558215,3.90249,0,0,0
27.9109,2,-6.37177,-5.48336,6.18856,0.776364,1.40372,0.442544,3.72787,0,0,0
27.9109,3,0,0,0,0,0,0,0,0,0,0
27.9109,4,0,0,0,0,0,0,0,0,0,0
27.9109,5,0,0,0,0,0,0,0,0,0,0
27.9662,0,-3.01904,-5.30289,6.19678,-0.195485,-1.08289,-1.34902,4.00432,0,0,0
27.9662,1,-4.79226,-6.17846,3.5132,-0.585007,-0.450936,0.595399,3.90249,0,0,0
27.9662,2,-6.308,-5.43151,6.21652,0.88047,1.3571,0.412145,3.72787,0,0,0
27.9662,3,0,0,0,0,0,0,0,0,0,0
27.9662,4,0,0,0,0,0,0,0,0,0,0
27.9662,5,0,0,0,0,0,0,0,0,0,0
28.0346,0,-3.0185,-5.34879,6.13459,-0.165141,-1.07577,-1.34007,3.85455,0,0,0
28.0346,1,-4.88041,-6.21466,3.54463,-0.82001,-0.495886,0.621824,3.86487,0,0,0
28.0346,2,-6.2499,-5.38522,6.2394,0.956591,1.29805,0.373995,3.56511,0,0,0
28.0346,3,0,0,0,0,0,0,0,0,0,0
28.0346,4,0,0,0,0,0,0,0,0,0,0
28.0346,5,0,0,0,0,0,0,0,0,0,0
28.0874,0,-3.03878,-5.43825,6.06985,-0.18339,-1.04379,-1.31055,3.85455,0,0,0
28.0874,1,-4.93615,-6.24883,3.58354,-0.918765,-0.537146,0.641114,3.86487,0,0,0
28.0874,2,-6.17741,-5.33509,6.26387,1.07356,1.25795,0.323208,3.56511,0,0,0
28.0874,3,0,0,0,0,0,0,0,0,0,0
28.0874,4,0,0,0,0,0,0,0,0,0,0
28.0874,5,0,0,0,0,0,0,0,0,0,0
28.1477,0,-3.03815,-5.46326,6.01798,-0.156255,-0.967999,-1.28419,3.69412,0,0,0
28.1477,1,-5.03482,-6.26963,3.62655,-1.14163,-0.524034,0.650538,3.83522,0,0,0
28.1477,2,-6.11767,-5.29717,6.28473,1.1241,1.18335,0.297229,3.40079,0,0,0
28.1477,3,0,0,0,0,0,0,0,0,0,0
28.1477,4,0,0,0,0,0,0,0,0,0,0
28.1477,5,0,0,0,0,0,0,0,0,0,0
28.2004,0,-3.04003,-5.49183,5.97299,-0.137451,-0.912556,-1.25114,3.69412,0,0,0
28.2004,1,-5.10519,-6.28702,3.66554,-1.25229,-0.502521,0.656494,3.77583,0,0,0
28.2004,2,-6.07223,-5.26581,6.30352,1.10072,1.07936,0.279687,3.40079,0,0,0
28.2004,3,0,0,0,0,0,0,0,0,0,0
28.2004,4,0,0,0,0,0,0,0,0,0,0
28.2004,5,0,0,0,0,0,0,0,0,0,0
28.2532,0,-3.04789,-5.51367,5.89644,-0.145453,-0.86867,-1.2089,3.5638,0,0,0
28.2532,1,-5.19311,-6.31047,3.70741,-1.39192,-0.494038,0.640958,3.77583,0,0,0
28.2532,2,-6.07223,-5.26581,6.30352,1.10072,1.07936,0.279687,3.34318,0,0,0
28.2532,3,0,0,0,0,0,0,0,0,0,0
28.2532,4,0,0,0,0,0,0,0,0,0,0
28.2532,5,0,0,0,0,0,0,0,0,0,0
28.3102,0,-3.04954,-5.50831,5.84059,-0.136695,-0.731748,-1.16015,3.5638,0,0,0
28.3102,1,-5.24448,-6.32981,3.73646,-1.41466,-0.482599,0.611042,3.93471,0,0,0
28.3102,2,-5.94008,-5.18787,6.34593,1.16123,0.931664,0.28149,3.34318,0,0,0
28.3102,3,0,0,0,0,0,0,0,0,0,0
28.3102,4,0,0,0,0,0,0,0,0,0,0
28.3102,5,0,0,0,0,0,0,0,0,0,0
28.3668,0,-3.04421,-5.50299,5.77762,-0.116208,-0.740464,-1.10822,3.51926,0,0,0
28.3668,1,-5.33516,-6.37112,3.79277,-1.54111,-0.537782,0.612378,3.93471,0,0,0
28.3668,2,-5.90106,-5.15869,6.36291,1.08589,0.846823,0.288691,3.18529,0,0,0
28.3668,3,0,0,0,0,0,0,0,0,0,0
28.3668,4,0,0,0,0,0,0,0,0,0,0
28.3668,5,0,0,0,0,0,0,0,0,0,0
28.4233,0,-3.05186,-5.55838,5.72129,-0.10391,-0.706252,-1.04703,3.51926,0,0,0
28.4233,1,-5.46239,-6.38122,3.88426,-1.59736,-0.441314,0.581357,3.74649,0,0,0
28.4233,2,-5.79851,-5.11204,6.38444,1.25458,0.83032,0.262775,3.18529,0,0,0
28.4233,3,0,0,0,0,0,0,0,0,0,0
28.4233,4,0,0,0,0,0,0,0,0,0,0
28.4233,5,0,0,0,0,0,0,0,0,0,0
28.4789,0,-3.05249,-5.57485,5.66755,-0.0908468,-0.664996,-0.982361,3.39204,0,0,0
28.4789,1,-5.46239,-6.38122,3.88426,-1.59736,-0.441314,0.581357,3.74649,0,0,0
28.4789,2,-5.71069,-5.04906,6.40678,1.34391,0.882962,0.276265,3.02181,0,0,0
28.4789,3,0,0,0,0,0,0,0,0,0,0
28.4789,4,0,0,0,0,0,0,0,0,0,0
28.4789,5,0,0,0,0,0,0,0,0,0,0
28.5366,0,-3.05513,-5.59747,5.62131,-0.0811294,-0.618187,-0.947607,3.28696,0,0,0
28.5366,1,-5.56837,-6.40571,3.98159,-1.52966,-0.412403,0.505551,3.59912,0,0,0
28.5366,2,-5.65109,-5.00822,6.42969,1.34156,0.869577,0.274323,3.02181,0,0,0
28.5366,3,0,0,0,0,0,0,0,0,0,0
28.5366,4,0,0,0,0,0,0,0,0,0,0
28.5366,5,0,0,0,0,0,0,0,0,0,0
28.595,0,-3.05763,-5.62796,5.56824,-0.0725628,-0.610766,-0.904452,3.28696,0,0,0
28.595,1,-5.58771,-6.403,4.04491,-1.403,-0.366852,0.497022,3.59912,0,0,0
28.595,2,-5.65109,-5.00822,6.42969,1.34156,0.869577,0.274323,2.8366,0,0,0
28.595,3,0,0,0,0,0,0,0,0,0,0
28.595,4,0,0,0,0,0,0,0,0,0,0
28.595,5,0,0,0,0,0,0,0,0,0,0
28.6624,0,-3.05561,-5.66288,5.50059,-0.028057,-0.540534,-0.826244,3.19206,0,0,0
28.6624,1,-5.62242,-6.39636,4.10944,-1.34699,-0.316133,0.541901,3.70565,0,0,0
28.6624,2,-5.55508,-4.94111,6.46618,1.25618,0.801427,0.269559,2.8366,0,0,0
28.6624,3,0,0,0,0,0,0,0,0,0,0
28.6624,4,0,0,0,0,0,0,0,0,0,0
28.6624,5,0,0,0,0,0,0,0,0,0,0
28.7163,0,-3.05561,-5.66288,5.50059,-0.028057,-0.540534,-0.826244,3.19206,0,0,0
28.7163,1,-5.62242,-6.39636,4.10944,-1.34699,-0.316133,0.541901,3.70565,0,0,0
28.7163,2,-5.53527,-4.92685,6.48659,1.11885,0.71019,0.30359,2.71525,0,0,0
28.7163,3,0,0,0,0,0,0,0,0,0,0
28.7163,4,0,0,0,0,0,0,0,0,0,0
28.7163,5,0,0,0,0,0,0,0,0,0,0
28.7674,0,-3.05597,-5.68712,5.44546,-0.0117027,-0.530215,-0.802483,3.0916,0,0,0
28.7674,1,-5.65684,-6.38594,4.13064,-1.24803,-0.228461,0.472155,3.68707,0,0,0
28.7674,2,-5.53527,-4.92685,6.48659,1.11885,0.71019,0.30359,2.71525,0,0,0
28.7674,3,0,0,0,0,0,0,0,0,0,0
28.7674,4,0,0,0,0,0,0,0,0,0,0
28.7674,5,0,0,0,0,0,0,0,0,0,0
28.8232,0,-3.05541,-5.75021,5.35887,0.0159104,-0.547414,-0.786571,3.0916,0,0,0
28.8232,1,-5.68197,-6.37387,4.18148,-1.14012,-0.157995,0.456919,3.68707,0,0,0
28.8232,2,-5.43667,-4.85508,6.53193,1.07336,0.687975,0.354425,2.62007,0,0,0
28.8232,3,0,0,0,0,0,0,0,0,0,0
28.8232,4,0,0,0,0,0,0,0,0,0,0
28.8232,5,0,0,0,0,0,0,0,0,0,0
28.8917,0,-3.05541,-5.75021,5.35887,0.0159104,-0.547414,-0.786571,2.98525,0,0,0
28.8917,1,-5.68959,-6.35661,4.20505,-0.987121,-0.0862558,0.472696,3.67419,0,0,0
28.8917,2,-5.39847,-4.82202,6.56031,1.0298,0.683461,0.343176,2.62007,0,0,0
28.8917,3,0,0,0,0,0,0,0,0,0,0
28.8917,4,0,0,0,0,0,0,0,0,0,0
28.8917,5,0,0,0,0,0,0,0,0,0,0
28.947,0,-3.04653,-5.79731,5.27257,0.0590072,-0.521173,-0.789997,2.98525,0,0,0
28.947,1,-5.6969,-6.33211,4.236,-0.838781,0.00213821,0.48022,3.67419,0,0,0
28.947,2,-5.34829,-4.78419,6.58309,1.01759,0.682594,0.3292,2.50745,0,0,0
28.947,3,0,0,0,0,0,0,0,0,0,0
28.947,4,0,0,0,0,0,0,0,0,0,0
28.947,5,0,0,0,0,0,0,0,0,0,0
29.0026,0,-3.04694,-5.82373,5.23828,0.0568198,-0.518341,-0.795365,2.88882,0,0,0
29.0026,1,-5.70086,-6.29594,4.26365,-0.700317,0.117274,0.49194,3.64184,0,0,0
29.0026,2,-5.30906,-4.75087,6.60221,0.983707,0.681346,0.305294,2.50745,0,0,0
29.0026,3,0,0,0,0,0,0,0,0,0,0
29.0026,4,0,0,0,0,0,0,0,0,0,0
29.0026,5,0,0,0,0,0,0,0,0,0,0
29.0529,0,-3.03623,-5.85735,5.19932,0.0917775,-0.536385,-0.799042,2.88882,0,0,0
29.0529,1,-5.7023,-6.26123,4.28596,-0.571194,0.211499,0.498699,3.64184,0,0,0
29.0529,2,-5.28018,-4.72467,6.62325,0.921488,0.653176,0.266102,2.38915,0,0,0
29.0529,3,0,0,0,0,0,0,0,0,0,0
29.0529,4,0,0,0,0,0,0,0,0,0,0
29.0529,5,0,0,0,0,0,0,0,0,0,0
29.1185,0,-3.0319,-5.87938,5.15251,0.10174,-0.516989,-0.81364,2.79651,0,0,0
29.1185,1,-5.69021,-6.21779,4.30182,-0.414342,0.331032,0.488728,3.59942,0,0,0
29.1185,2,-5.24627,-4.69429,6.64316,0.875054,0.635687,0.220465,2.38915,0,0,0
29.1185,3,0,0,0,0,0,0,0,0,0,0
29.1185,4,0,0,0,0,0,0,0,0,0,0
29.1185,5,0,0,0,0,0,0,0,0,0,0
29.1783,0,-3.02667,-5.88216,5.10729,0.116963,-0.523814,-0.826452,2.79651,0,0,0
29.1783,1,-5.68263,-6.14917,4.32215,-0.291251,0.535223,0.457301,3.59942,0,0,0
29.1783,2,-5.20502,-4.65693,6.65804,0.865389,0.645629,0.170057,2.30129,0,0,0
29.1783,3,0,0,0,0,0,0,0,0,0,0
29.1783,4,0,0,0,0,0,0,0,0,0,0
29.1783,5,0,0,0,0,0,0,0,0,0,0
29.2285,0,-3.01788,-5.91119,5.06177,0.131464,-0.534533,-0.829299,2.70796,0,0,0
29.2285,1,-5.67684,-6.09443,4.33676,-0.200933,0.665066,0.423887,3.52361,0,0,0
29.2285,2,-5.17753,-4.63033,6.66905,0.810391,0.619979,0.142255,2.30129,0,0,0
29.2285,3,0,0,0,0,0,0,0,0,0,0
29.2285,4,0,0,0,0,0,0,0,0,0,0
29.2285,5,0,0,0,0,0,0,0,0,0,0
29.2892,0,-3.00531,-5.94542,5.02807,0.154868,-0.561303,-0.828565,2.70796,0,0,0
29.2892,1,-5.6794,-6.05439,4.34579,-0.15464,0.722699,0.398823,3.52361,0,0,0
29.2892,2,-5.17753,-4.63033,6.66905,0.810391,0.619979,0.142255,2.20621,0,0,0
29.2892,3,0,0,0,0,0,0,0,0,0,0
29.2892,4,0,0,0,0,0,0,0,0,0,0
29.2892,5,0,0,0,0,0,0,0,0,0,0
29.3452,0,-2.9948,-5.97495,4.98464,0.164176,-0.561441,-0.833452,2.61076,0,0,0
29.3452,1,-5.65678,-6.00933,4.33248,-0.0301622,0.797417,0.313937,3.46644,0,0,0
29.3452,2,-5.14812,-4.60045,6.68246,0.760454,0.602781,0.0996614,2.20621,0,0,0
29.3452,3,0,0,0,0,0,0,0,0,0,0
29.3452,4,0,0,0,0,0,0,0,0,0,0
29.3452,5,0,0,0,0,0,0,0,0,0,0
29.3999,0,-2.98089,-6.01,4.95422,0.180079,-0.562224,-0.840205,2.61076,0,0,0
29.3999,1,-5.63779,-5.88287,4.35732,0.0618226,1.02086,0.140779,3.46644,0,0,0
29.3999,2,-5.11131,-4.55887,6.69884,0.621673,0.529515,0.0876099,3.59732,0,0,0
29.3999,3,0,0,0,0,0,0,0,0,0,0
29.3999,4,0,0,0,0,0,0,0,0,0,0
29.3999,5,0,0,0,0,0,0,0,0,0,0
29.4605,0,-2.96944,-6.03948,4.90145,0.189259,-0.560906,-0.830959,2.51827,0,0,0
29.4605,1,-5.65207,-5.78285,4.36794,0.0223679,1.22127,0.0806599,3.31589,0,0,0
29.4605,2,-5.09494,-4.53696,6.70664,0.56036,0.505757,0.0956574,3.59732,0,0,0
29.4605,3,0,0,0,0,0,0,0,0,0,0
29.4605,4,0,0,0,0,0,0,0,0,0,0
29.4605,5,0,0,0,0,0,0,0,0,0,0
29.5196,0,-2.95834,-6.06889,4.85361,0.191904,-0.555388,-0.821869,2.51827,0,0,0
29.5196,1,-5.6294,-5.76531,4.37248,0.0841098,1.28181,-0.0695184,3.31589,0,0,0
29.5196,2,-5.08071,-4.51534,6.71347,0.498805,0.483737,0.126275,3.64438,0,0,0
29.5196,3,0,0,0,0,0,0,0,0,0,0
29.5196,4,0,0,0,0,0,0,0,0,0,0
29.5196,5,0,0,0,0,0,0,0,0,0,0
29.5845,0,-2.94756,-6.09784,4.8167,0.192119,-0.551733,-0.812068,2.40716,0,0,0
29.5845,1,-5.62993,-5.59738,4.37132,0.0726793,1.479,-0.225615,3.19738,0,0,0
29.5845,2,-5.06747,-4.49501,6.72239,0.429925,0.447255,0.156312,3.69355,0,0,0
29.5845,3,0,0,0,0,0,0,0,0,0,0
29.5845,4,0,0,0,0,0,0,0,0,0,0
29.5845,5,0,0,0,0,0,0,0,0,0,0
29.6372,0,-2.93522,-6.13172,4.77201,0.197797,-0.566794,-0.795578,2.40716,0,0,0
29.6372,1,-5.63603,-5.5996,4.36741,0.046427,1.45838,-0.303127,3.19738,0,0,0
29.6372,2,-5.04374,-4.47002,6.73133,0.418332,0.443373,0.171394,3.69355,0,0,0
29.6372,3,0,0,0,0,0,0,0,0,0,0
29.6372,4,0,0,0,0,0,0,0,0,0,0
29.6372,5,0,0,0,0,0,0,0,0,0,0
29.695,0,-2.92577,-6.15932,4.7335,0.195094,-0.56183,-0.787,2.31037,0,0,0
29.695,1,-5.63131,-5.53621,4.36749,0.0671779,1.40089,-0.396313,3.15259,0,0,0
29.695,2,-5.04345,-4.44782,6.74391,0.329388,0.43058,0.222575,3.74455,0,0,0
29.695,3,0,0,0,0,0,0,0,0,0,0
29.695,4,0,0,0,0,0,0,0,0,0,0
29.695,5,0,0,0,0,0,0,0,0,0,0
29.7503,0,-2.92099,-6.18311,4.694,0.176448,-0.540095,-0.77225,2.31037,0,0,0
29.7503,1,-5.6465,-5.45008,4.35653,0.00969792,1.47136,-0.443888,3.15259,0,0,0
29.7503,2,-5.03235,-4.42777,6.75568,0.282583,0.409517,0.271126,3.74455,0,0,0
29.7503,3,0,0,0,0,0,0,0,0,0,0
29.7503,4,0,0,0,0,0,0,0,0,0,0
29.7503,5,0,0,0,0,0,0,0,0,0,0
29.8188,0,-2.91161,-6.21459,4.65245,0.184272,-0.547033,-0.751414,2.22159,0,0,0
29.8188,1,-5.65523,-5.38893,4.35124,-0.00837501,1.43583,-0.446224,3.03196,0,0,0
29.8188,2,-5.0178,-4.40026,6.76972,0.25443,0.422474,0.29866,3.76675,0,0,0
29.8188,3,0,0,0,0,0,0,0,0,0,0
29.8188,4,0,0,0,0,0,0,0,0,0,0
29.8188,5,0,0,0,0,0,0,0,0,0,0
29.8797,0,-2.90595,-6.24101,4.62016,0.177874,-0.527306,-0.729059,2.22159,0,0,0
29.8797,1,-5.66824,-5.34817,4.35109,-0.0332646,1.35956,-0.424223,3.03196,0,0,0
29.8797,2,-4.99809,-4.36551,6.78407,0.24845,0.459418,0.331516,3.76675,0,0,0
29.8797,3,0,0,0,0,0,0,0,0,0,0
29.8797,4,0,0,0,0,0,0,0,0,0,0
29.8797,5,0,0,0,0,0,0,0,0,0,0
29.9331,0,-2.90164,-6.26687,4.58525,0.171706,-0.508513,-0.694445,2.13343,0,0,0
29.9331,1,-5.69195,-5.29546,4.34924,-0.0910861,1.3505,-0.363013,2.94859,0,0,0
29.9331,2,-4.97626,-4.33777,6.80012,0.256833,0.471343,0.347686,3.87096,0,0,0
29.9331,3,0,0,0,0,0,0,0,0,0,0
29.9331,4,0,0,0,0,0,0,0,0,0,0
29.9331,5,0,0,0,0,0,0,0,0,0,0
29.9884,0,-2.89746,-6.29619,4.55185,0.168757,-0.506287,-0.65312,2.13343,0,0,0
29.9884,1,-5.71713,-5.2614,4.3511,-0.145169,1.27677,-0.294079,2.94859,0,0,0
29.9884,2,-4.95848,-4.3146,6.81576,0.255429,0.470869,0.34923,3.87096,0,0,0
29.9884,3,0,0,0,0,0,0,0,0,0,0
29.9884,4,0,0,0,0,0,0,0,0,0,0
29.9884,5,0,0,0,0,0,0,0,0,0,0
30.0476,0,-2.89881,-6.31312,4.5234,0.142553,-0.466643,-0.603703,2.05029,0,0,0
30.0476,1,-5.73998,-5.22931,4.3542,-0.184186,1.19136,-0.243224,2.88093,0,0,0
30.0476,2,-4.95848,-4.3146,6.81576,0.255429,0.470869,0.34923,1.84222,0,0,0
30.0476,3,0,0,0,0,0,0,0,0,0,0
30.0476,4,0,0,0,0,0,0,0,0,0,0
30.0476,5,0,0,0,0,0,0,0,0,0,0
30.0998,0,-2.89416,-6.33737,4.4918,0.139823,-0.460494,-0.550168,2.05029,0,0,0
30.0998,1,-5.77669,-5.21547,4.35516,-0.266992,1.0704,-0.163729,2.88093,0,0,0
30.0998,2,-4.90019,-4.25488,6.8556,0.329243,0.502739,0.326133,1.84222,0,0,0
30.0998,3,0,0,0,0,0,0,0,0,0,0
30.0998,4,0,0,0,0,0,0,0,0,0,0
30.0998,5,0,0,0,0,0,0,0,0,0,0
30.163,0,-2.88453,-6.38419,4.46669,0.13476,-0.451196,-0.496852,1.98039,0,0,0
30.163,1,-5.81148,-5.20409,4.35681,-0.333842,0.939241,-0.114937,2.82594,0,0,0
30.163,2,-4.90019,-4.25488,6.8556,0.329243,0.502739,0.326133,1.7609,0,0,0
30.163,3,0,0,0,0,0,0,0,0,0,0
30.163,4,0,0,0,0,0,0,0,0,0,0
30.163,5,0,0,0,0,0,0,0,0,0,0
30.2158,0,-2.88213,-6.4013,4.44331,0.122842,-0.428227,-0.4561,1.98039,0,0,0
30.2158,1,-5.84874,-5.19923,4.36102,-0.404728,0.807502,-0.0778987,2.82594,0,0,0
30.2158,2,-4.87149,-4.22976,6.87617,0.370241,0.509053,0.3079,1.7609,0,0,0
30.2158,3,0,0,0,0,0,0,0,0,0,0
30.2158,4,0,0,0,0,0,0,0,0,0,0
30.2158,5,0,0,0,0,0,0,0,0,0,0
30.2863,0,-2.88202,-6.40858,4.41976,0.102571,-0.378634,-0.422138,1.91066,0,0,0
30.2863,1,-5.89478,-5.19225,4.36752,-0.489674,0.688635,-0.0547073,2.77868,0,0,0
30.2863,2,-4.80623,-4.18687,6.91891,0.454497,0.477729,0.250915,1.68855,0,0,0
30.2863,3,0,0,0,0,0,0,0,0,0,0
30.2863,4,0,0,0,0,0,0,0,0,0,0
30.2863,5,0,0,0,0,0,0,0,0,0,0
30.3466,0,-2.87033,-6.43328,4.40043,0.129051,-0.397567,-0.403843,1.91066,0,0,0
30.3466,1,-5.93147,-5.20133,4.37139,-0.533,0.539873,-0.0467694,2.77868,0,0,0
30.3466,2,-4.80623,-4.18687,6.91891,0.454497,0.477729,0.250915,1.68855,0,0,0
30.3466,3,0,0,0,0,0,0,0,0,0,0
30.3466,4,0,0,0,0,0,0,0,0,0,0
30.3466,5,0,0,0,0,0,0,0,0,0,0
30.4044,0,-2.87424,-6.4354,4.37976,0.0931533,-0.332723,-0.386626,1.86238,0,0,0
30.4044,1,-5.9806,-5.21209,4.36768,-0.60772,0.402053,-0.0834847,2.74725,0,0,0
30.4044,2,-4.77649,-4.17111,6.93778,0.489088,0.45379,0.220402,1.61304,0,0,0
30.4044,3,0,0,0,0,0,0,0,0,0,0
30.4044,4,0,0,0,0,0,0,0,0,0,0
30.4044,5,0,0,0,0,0,0,0,0,0,0
30.4597,0,-2.86887,-6.45113,4.36257,0.0937926,-0.325102,-0.38384,1.86238,0,0,0
30.4597,1,-6.01346,-5.21541,4.36588,-0.618386,0.316496,-0.108987,2.74725,0,0,0
30.4597,2,-4.74733,-4.16182,6.95018,0.511042,0.403833,0.197704,1.61304,0,0,0
30.4597,3,0,0,0,0,0,0,0,0,0,0
30.4597,4,0,0,0,0,0,0,0,0,0,0
30.4597,5,0,0,0,0,0,0,0,0,0,0
30.5176,0,-2.86307,-6.4664,4.34143,0.094576,-0.31876,-0.384161,1.8228,0,0,0
30.5176,1,-6.06184,-5.24693,4.36203,-0.661632,0.1431,-0.170549,2.7276,0,0,0
30.5176,2,-4.72365,-4.15691,6.9767,0.514177,0.348688,0.183058,1.56223,0,0,0
30.5176,3,0,0,0,0,0,0,0,0,0,0
30.5176,4,0,0,0,0,0,0,0,0,0,0
30.5176,5,0,0,0,0,0,0,0,0,0,0
30.5807,0,-2.85984,-6.47765,4.32129,0.0867605,-0.299058,-0.394951,1.8228,0,0,0
30.5807,1,-6.11789,-5.26054,4.35481,-0.735066,0.0641753,-0.234786,2.7276,0,0,0
30.5807,2,-4.70966,-4.15918,6.97955,0.487125,0.280526,0.179052,1.56223,0,0,0
30.5807,3,0,0,0,0,0,0,0,0,0,0
30.5807,4,0,0,0,0,0,0,0,0,0,0
30.5807,5,0,0,0,0,0,0,0,0,0,0
30.6359,0,-2.85599,-6.49108,4.30095,0.0812022,-0.290152,-0.408562,1.77831,0,0,0
30.6359,1,-6.15707,-5.27468,4.34321,-0.743613,-0.00219665,-0.277307,2.70655,0,0,0
30.6359,2,-4.68497,-4.16973,6.99794,0.419485,0.149163,0.195129,1.53712,0,0,0
30.6359,3,0,0,0,0,0,0,0,0,0,0
30.6359,4,0,0,0,0,0,0,0,0,0,0
30.6359,5,0,0,0,0,0,0,0,0,0,0
30.6973,0,-2.85344,-6.50248,4.28014,0.071251,-0.274626,-0.423531,1.77831,0,0,0
30.6973,1,-6.19348,-5.29165,4.33219,-0.729252,-0.0629484,-0.342926,2.70655,0,0,0
30.6973,2,-4.67949,-4.17803,7.00989,0.374015,0.0933175,0.20439,1.53712,0,0,0
30.6973,3,0,0,0,0,0,0,0,0,0,0
30.6973,4,0,0,0,0,0,0,0,0,0,0
30.6973,5,0,0,0,0,0,0,0,0,0,0
30.7554,0,-2.85509,-6.50414,4.25667,0.0632361,-0.280518,-0.435408,1.73428,0,0,0
30.7554,1,-6.23403,-5.30361,4.31646,-0.736615,-0.0899676,-0.423878,2.68196,0,0,0
30.7554,2,-4.69148,-4.20456,7.02181,0.331268,-0.0049133,0.216635,1.56296,0,0,0
30.7554,3,0,0,0,0,0,0,0,0,0,0
30.7554,4,0,0,0,0,0,0,0,0,0,0
30.7554,5,0,0,0,0,0,0,0,0,0,0
30.8057,0,-2.8504,-6.52879,4.23998,0.04836,-0.256151,-0.44674,1.73428,0,0,0
30.8057,1,-6.3073,-5.31744,4.29583,-0.736277,-0.113612,-0.473814,2.68196,0,0,0
30.8057,2,-4.68418,-4.25363,7.03315,0.24205,-0.178165,0.2512,1.56296,0,0,0
30.8057,3,0,0,0,0,0,0,0,0,0,0
30.8057,4,0,0,0,0,0,0,0,0,0,0
30.8057,5,0,0,0,0,0,0,0,0,0,0
30.861,0,-2.84333,-6.54929,4.21233,0.0579054,-0.275036,-0.458496,1.68951,0,0,0
30.861,1,-6.32053,-5.32338,4.27593,-0.651811,-0.106173,-0.518202,2.63284,0,0,0
30.861,2,-4.69953,-4.2725,7.03698,0.176323,-0.255679,0.237485,1.60814,0,0,0
30.861,3,0,0,0,0,0,0,0,0,0,0
30.861,4,0,0,0,0,0,0,0,0,0,0
30.861,5,0,0,0,0,0,0,0,0,0,0
30.9237,0,-2.84806,-6.57367,4.1908,0.0286928,-0.293687,-0.473999,1.62823,0,0,0
30.9237,1,-6.342,-5.32507,4.25536,-0.602147,-0.0904085,-0.550105,2.60294,0,0,0
30.9237,2,-4.71912,-4.30748,7.03919,0.0570063,-0.360331,0.227881,1.60814,0,0,0
30.9237,3,0,0,0,0,0,0,0,0,0,0
30.9237,4,0,0,0,0,0,0,0,0,0,0
30.9237,5,0,0,0,0,0,0,0,0,0,0
30.987,0,-2.85107,-6.59406,4.15884,0.00986307,-0.29861,-0.482507,1.62823,0,0,0
30.987,1,-6.3695,-5.31698,4.22647,-0.590605,-0.036062,-0.592159,2.60294,0,0,0
30.987,2,-4.74132,-4.37161,7.0567,-0.0601011,-0.556339,0.206758,3.9987,0,0,0
30.987,3,0,0,0,0,0,0,0,0,0,0
30.987,4,0,0,0,0,0,0,0,0,0,0
30.987,5,0,0,0,0,0,0,0,0,0,0
31.0472,0,-2.85541,-6.61528,4.13897,-0.0076702,-0.304762,-0.486454,1.56358,0,0,0
31.0472,1,-6.37083,-5.31309,4.20302,-0.487302,-0.0114504,-0.610839,2.55503,0,0,0
31.0472,2,-4.77727,-4.45988,7.06678,-0.195156,-0.719921,0.172802,3.9987,0,0,0
31.0472,3,0,0,0,0,0,0,0,0,0,0
31.0472,4,0,0,0,0,0,0,0,0,0,0
31.0472,5,0,0,0,0,0,0,0,0,0,0
31.1133,0,-2.85787,-6.62055,4.11514,-0.0141013,-0.319864,-0.486246,1.56358,0,0,0
31.1133,1,-6.39441,-5.31507,4.17527,-0.478002,-0.00767476,-0.646501,2.55503,0,0,0
31.1133,2,-4.80351,-4.50441,7.07416,-0.275405,-0.791198,0.079143,3.85908,0,0,0
31.1133,3,0,0,0,0,0,0,0,0,0,0
31.1133,4,0,0,0,0,0,0,0,0,0,0
31.1133,5,0,0,0,0,0,0,0,0,0,0
31.1739,0,-2.86362,-6.63858,4.08466,-0.0356647,-0.313646,-0.480604,1.50569,0,0,0
31.1739,1,-6.4135,-5.29255,4.1364,-0.457921,0.0768639,-0.692819,2.4885,0,0,0
31.1739,2,-4.87194,-4.62978,7.0979,-0.435411,-0.987541,-0.112488,3.85908,0,0,0
31.1739,3,0,0,0,0,0,0,0,0,0,0
31.1739,4,0,0,0,0,0,0,0,0,0,0
31.1739,5,0,0,0,0,0,0,0,0,0,0
31.2266,0,-2.87069,-6.66262,4.05903,-0.0565211,-0.324778,-0.47052,1.50569,0,0,0
31.2266,1,-6.41925,-5.25122,4.09637,-0.400728,0.212857,-0.720026,2.4885,0,0,0
31.2266,2,-4.87194,-4.62978,7.0979,-0.435411,-0.987541,-0.112488,3.72172,0,0,0
31.2266,3,0,0,0,0,0,0,0,0,0,0
31.2266,4,0,0,0,0,0,0,0,0,0,0
31.2266,5,0,0,0,0,0,0,0,0,0,0
31.2845,0,-2.8759,-6.68293,4.03735,-0.0678839,-0.32694,-0.463454,1.44191,0,0,0
31.2845,1,-6.42966,-5.22809,4.05531,-0.366214,0.264085,-0.748343,2.39181,0,0,0
31.2845,2,-4.87999,-4.62359,7.10536,-0.460931,-0.956466,-0.178272,3.72172,0,0,0
31.2845,3,0,0,0,0,0,0,0,0,0,0
31.2845,4,0,0,0,0,0,0,0,0,0,0
31.2845,5,0,0,0,0,0,0,0,0,0,0
31.3398,0,-2.88196,-6.70011,4.02536,-0.0808869,-0.31812,-0.456964,1.44191,0,0,0
31.3398,1,-6.43417,-5.19696,4.01569,-0.319448,0.316753,-0.764828,2.39181,0,0,0
31.3398,2,-4.92733,-4.71192,7.11137,-0.499033,-0.983436,-0.29585,3.67279,0,0,0
31.3398,3,0,0,0,0,0,0,0,0,0,0
31.3398,4,0,0,0,0,0,0,0,0,0,0
31.3398,5,0,0,0,0,0,0,0,0,0,0
31.4026,0,-2.89141,-6.71557,4.01171,-0.102668,-0.301498,-0.447444,1.40029,0,0,0
31.4026,1,-6.43544,-5.16829,3.98386,-0.269215,0.351211,-0.766017,2.30829,0,0,0
31.4026,2,-4.97471,-4.8206,7.11245,-0.525758,-1.05912,-0.358283,3.67279,0,0,0
31.4026,3,0,0,0,0,0,0,0,0,0,0
31.4026,4,0,0,0,0,0,0,0,0,0,0
31.4026,5,0,0,0,0,0,0,0,0,0,0
31.4605,0,-2.89888,-6.73661,3.98457,-0.113933,-0.314988,-0.433197,1.40029,0,0,0
31.4605,1,-6.43093,-5.13463,3.94138,-0.217549,0.391061,-0.763733,2.30829,0,0,0
31.4605,2,-4.9602,-4.80022,7.11757,-0.473878,-0.97404,-0.381698,3.51322,0,0,0
31.4605,3,0,0,0,0,0,0,0,0,0,0
31.4605,4,0,0,0,0,0,0,0,0,0,0
31.4605,5,0,0,0,0,0,0,0,0,0,0
31.5132,0,-2.90793,-6.74987,3.97075,-0.130399,-0.296592,-0.425969,1.34522,0,0,0
31.5132,1,-6.43838,-5.09117,3.90642,-0.202372,0.456547,-0.749845,2.2105,0,0,0
31.5132,2,-4.96544,-4.82197,7.11141,-0.433597,-0.897002,-0.346468,3.51322,0,0,0
31.5132,3,0,0,0,0,0,0,0,0,0,0
31.5132,4,0,0,0,0,0,0,0,0,0,0
31.5132,5,0,0,0,0,0,0,0,0,0,0
31.5736,0,-2.91744,-6.76746,3.94057,-0.144327,-0.298678,-0.416777,1.34522,0,0,0
31.5736,1,-6.43274,-5.0538,3.86559,-0.159621,0.48011,-0.727113,2.2105,0,0,0
31.5736,2,-4.96595,-4.84664,7.10869,-0.379657,-0.846023,-0.324485,3.5185,0,0,0
31.5736,3,0,0,0,0,0,0,0,0,0,0
31.5736,4,0,0,0,0,0,0,0,0,0,0
31.5736,5,0,0,0,0,0,0,0,0,0,0
31.6315,0,-2.92639,-6.78002,3.91181,-0.154857,-0.28385,-0.406738,1.30916,0,0,0
31.6315,1,-6.44127,-4.99863,3.82524,-0.160239,0.576626,-0.732606,2.10023,0,0,0
31.6315,2,-4.95409,-4.85422,7.10578,-0.301114,-0.754835,-0.272982,3.5185,0,0,0
31.6315,3,0,0,0,0,0,0,0,0,0,0
31.6315,4,0,0,0,0,0,0,0,0,0,0
31.6315,5,0,0,0,0,0,0,0,0,0,0
31.6917,0,-2.93714,-6.79497,3.88368,-0.165386,-0.27175,-0.388548,1.30916,0,0,0
31.6917,1,-6.44452,-4.94492,3.79164,-0.146391,0.645393,-0.662072,2.10023,0,0,0
31.6917,2,-4.94343,-4.86611,7.09589,-0.237343,-0.699141,-0.204275,3.50263,0,0,0
31.6917,3,0,0,0,0,0,0,0,0,0,0
31.6917,4,0,0,0,0,0,0,0,0,0,0
31.6917,5,0,0,0,0,0,0,0,0,0,0
31.7474,0,-2.94715,-6.80799,3.86843,-0.1733,-0.258074,-0.375216,1.24322,0,0,0
31.7474,1,-6.44521,-4.91149,3.76516,-0.118932,0.636045,-0.640408,2.00442,0,0,0
31.7474,2,-4.90569,-4.843,7.08639,-0.0905436,-0.527412,-0.117007,2.13137,0,0,0
31.7474,3,0,0,0,0,0,0,0,0,0,0
31.7474,4,0,0,0,0,0,0,0,0,0,0
31.7474,5,0,0,0,0,0,0,0,0,0,0
31.8055,0,-2.95374,-6.81573,3.85668,-0.170083,-0.231508,-0.367242,1.24322,0,0,0
31.8055,1,-6.45102,-4.87167,3.73467,-0.116002,0.659644,-0.611012,2.00442,0,0,0
31.8055,2,-4.87348,-4.83222,7.07677,0.029221,-0.413818,-0.0653145,2.13137,0,0,0
31.8055,3,0,0,0,0,0,0,0,0,0,0
31.8055,4,0,0,0,0,0,0,0,0,0,0
31.8055,5,0,0,0,0,0,0,0,0,0,0
31.8638,0,-2.96382,-6.82778,3.84369,-0.177047,-0.22176,-0.346035,1.18612,0,0,0
31.8638,1,-6.45202,-4.84556,3.7103,-0.0929603,0.63473,-0.573472,1.9267,0,0,0
31.8638,2,-4.82887,-4.812,7.08439,0.166699,-0.283788,-0.00565712,2.05489,0,0,0
31.8638,3,0,0,0,0,0,0,0,0,0,0
31.8638,4,0,0,0,0,0,0,0,0,0,0
31.8638,5,0,0,0,0,0,0,0,0,0,0
31.9242,0,-2.97481,-6.8401,3.81914,-0.18737,-0.217139,-0.327511,1.18612,0,0,0
31.9242,1,-6.46274,-4.80296,3.68785,-0.105992,0.666037,-0.517062,1.9267,0,0,0
31.9242,2,-4.78887,-4.78227,7.0998,0.270782,-0.131149,0.02474,2.05489,0,0,0
31.9242,3,0,0,0,0,0,0,0,0,0,0
31.9242,4,0,0,0,0,0,0,0,0,0,0
31.9242,5,0,0,0,0,0,0,0,0,0,0
31.9798,0,-2.98148,-6.84737,3.8009,-0.182849,-0.198456,-0.316644,1.15657,0,0,0
31.9798,1,-6.48156,-4.74477,3.66353,-0.151428,0.764445,-0.440783,1.81557,0,0,0
31.9798,2,-4.74269,-4.75641,7.11073,0.388752,-0.0161692,0.00780064,1.95817,0,0,0
31.9798,3,0,0,0,0,0,0,0,0,0,0
31.9798,4,0,0,0,0,0,0,0,0,0,0
31.9798,5,0,0,0,0,0,0,0,0,0,0
32.0415,0,-2.98906,-6.85578,3.78492,-0.182074,-0.186649,-0.302758,1.15657,0,0,0
32.0415,1,-6.48289,-4.72955,3.64949,-0.118015,0.690696,-0.394089,1.81557,0,0,0
32.0415,2,-4.69311,-4.72686,7.11985,0.496989,0.0934462,-0.0368284,1.95817,0,0,0
32.0415,3,0,0,0,0,0,0,0,0,0,0
32.0415,4,0,0,0,0,0,0,0,0,0,0
32.0415,5,0,0,0,0,0,0,0,0,0,0
32.0994,0,-2.99609,-6.8635,3.76569,-0.17724,-0.171083,-0.291634,1.11646,0,0,0
32.0994,1,-6.49994,-4.69063,3.63288,-0.145761,0.70582,-0.32896,1.79736,0,0,0
32.0994,2,-4.65505,-4.70203,7.12287,0.548328,0.1704,-0.0710448,1.86037,0,0,0
32.0994,3,0,0,0,0,0,0,0,0,0,0
32.0994,4,0,0,0,0,0,0,0,0,0,0
32.0994,5,0,0,0,0,0,0,0,0,0,0
32.1547,0,-3.00171,-6.86988,3.75092,-0.171148,-0.157333,-0.283925,1.11646,0,0,0
32.1547,1,-6.51282,-4.65831,3.62157,-0.150104,0.686749,-0.26465,1.79736,0,0,0
32.1547,2,-4.61732,-4.67419,7.12758,0.587446,0.24346,-0.125211,1.86037,0,0,0
32.1547,3,0,0,0,0,0,0,0,0,0,0
32.1547,4,0,0,0,0,0,0,0,0,0,0
32.1547,5,0,0,0,0,0,0,0,0,0,0
32.2148,0,-3.00903,-6.87824,3.73701,-0.167257,-0.147716,-0.276337,1.07783,0,0,0
32.2148,1,-6.52666,-4.62959,3.61556,-0.161413,0.681016,-0.219973,1.71686,0,0,0
32.2148,2,-4.56591,-4.64247,7.1296,0.668048,0.313845,-0.181063,1.75772,0,0,0
32.2148,3,0,0,0,0,0,0,0,0,0,0
32.2148,4,0,0,0,0,0,0,0,0,0,0
32.2148,5,0,0,0,0,0,0,0,0,0,0
32.2675,0,-3.01267,-6.88284,3.72739,-0.151846,-0.128307,-0.271374,1.07783,0,0,0
32.2675,1,-6.53774,-4.62682,3.60866,-0.152957,0.568804,-0.189328,1.71686,0,0,0
32.2675,2,-4.52614,-4.62559,7.13294,0.701318,0.324798,-0.20759,1.75772,0,0,0
32.2675,3,0,0,0,0,0,0,0,0,0,0
32.2675,4,0,0,0,0,0,0,0,0,0,0
32.2675,5,0,0,0,0,0,0,0,0,0,0
32.3202,0,-3.01788,-6.88931,3.71124,-0.144987,-0.119502,-0.268118,1.04884,0,0,0
32.3202,1,-6.55288,-4.60538,3.60449,-0.16845,0.553452,-0.165122,1.6752,0,0,0
32.3202,2,-4.49803,-4.61059,7.13963,0.684103,0.320176,-0.244799,1.71919,0,0,0
32.3202,3,0,0,0,0,0,0,0,0,0,0
32.3202,4,0,0,0,0,0,0,0,0,0,0
32.3202,5,0,0,0,0,0,0,0,0,0,0
32.3851,0,-3.02658,-6.89635,3.69877,-0.153411,-0.11617,-0.267143,1.04884,0,0,0
32.3851,1,-6.58612,-4.59919,3.59854,-0.24021,0.490265,-0.113897,1.6752,0,0,0
32.3851,2,-4.44376,-4.58291,7.1376,0.659664,0.318507,-0.261104,1.71919,0,0,0
32.3851,3,0,0,0,0,0,0,0,0,0,0
32.3851,4,0,0,0,0,0,0,0,0,0,0
32.3851,5,0,0,0,0,0,0,0,0,0,0
32.4478,0,-3.02868,-6.90341,3.68431,-0.138392,-0.114064,-0.266282,1.01444,0,0,0
32.4478,1,-6.60937,-4.57683,3.59463,-0.26477,0.49049,-0.098512,1.62619,0,0,0
32.4478,2,-4.43857,-4.58243,7.12894,0.583437,0.274092,-0.261084,1.63409,0,0,0
32.4478,3,0,0,0,0,0,0,0,0,0,0
32.4478,4,0,0,0,0,0,0,0,0,0,0
32.4478,5,0,0,0,0,0,0,0,0,0,0
32.5056,0,-3.03299,-6.90948,3.66762,-0.131846,-0.108759,-0.267436,0.980782,0,0,0
32.5056,1,-6.63039,-4.57756,3.5913,-0.282614,0.40658,-0.0923516,1.62619,0,0,0
32.5056,2,-4.40709,-4.5865,7.12295,0.571398,0.217247,-0.229869,1.63409,0,0,0
32.5056,3,0,0,0,0,0,0,0,0,0,0
32.5056,4,0,0,0,0,0,0,0,0,0,0
32.5056,5,0,0,0,0,0,0,0,0,0,0
32.5635,0,-3.03766,-6.91601,3.65192,-0.127497,-0.10579,-0.266877,0.980782,0,0,0
32.5635,1,-6.6563,-4.56536,3.58859,-0.312426,0.373676,-0.0962532,1.58546,0,0,0
32.5635,2,-4.41678,-4.61273,7.10954,0.468186,0.116793,-0.174437,1.61072,0,0,0
32.5635,3,0,0,0,0,0,0,0,0,0,0
32.5635,4,0,0,0,0,0,0,0,0,0,0
32.5635,5,0,0,0,0,0,0,0,0,0,0
32.6244,0,-3.04281,-6.92307,3.6393,-0.123102,-0.102756,-0.265511,0.948025,0,0,0
32.6244,1,-6.67454,-4.57414,3.58559,-0.314242,0.277537,-0.101754,1.58546,0,0,0
32.6244,2,-4.437,-4.65281,7.10588,0.330812,-0.0223086,-0.115005,1.61072,0,0,0
32.6244,3,0,0,0,0,0,0,0,0,0,0
32.6244,4,0,0,0,0,0,0,0,0,0,0
32.6244,5,0,0,0,0,0,0,0,0,0,0
32.6822,0,-3.04773,-6.9299,3.62808,-0.120093,-0.102086,-0.264467,0.948025,0,0,0
32.6822,1,-6.69508,-4.56496,3.58016,-0.327677,0.257646,-0.119094,1.55998,0,0,0
32.6822,2,-4.44826,-4.68223,7.08795,0.244075,-0.104897,-0.0867705,1.67748,0,0,0
32.6822,3,0,0,0,0,0,0,0,0,0,0
32.6822,4,0,0,0,0,0,0,0,0,0,0
32.6822,5,0,0,0,0,0,0,0,0,0,0
32.7399,0,-3.05392,-6.93835,3.61405,-0.120318,-0.105614,-0.263115,0.916491,0,0,0
32.7399,1,-6.71788,-4.56319,3.57412,-0.345773,0.217982,-0.137945,1.55998,0,0,0
32.7399,2,-4.47858,-4.7247,7.09602,0.104342,-0.22092,-0.066152,1.67748,0,0,0
32.7399,3,0,0,0,0,0,0,0,0,0,0
32.7399,4,0,0,0,0,0,0,0,0,0,0
32.7399,5,0,0,0,0,0,0,0,0,0,0
32.7951,0,-3.05979,-6.94605,3.59995,-0.117702,-0.104145,-0.261965,0.916491,0,0,0
32.7951,1,-6.73316,-4.56811,3.56649,-0.334678,0.160564,-0.163145,1.52721,0,0,0
32.7951,2,-4.47246,-4.73575,7.07362,0.099693,-0.226757,-0.0985446,3.9322,0,0,0
32.7951,3,0,0,0,0,0,0,0,0,0,0
32.7951,4,0,0,0,0,0,0,0,0,0,0
32.7951,5,0,0,0,0,0,0,0,0,0,0
32.8555,0,-3.06498,-6.95268,3.58678,-0.115654,-0.102769,-0.259695,0.883799,0,0,0
32.8555,1,-6.74819,-4.56852,3.55784,-0.321314,0.122966,-0.184154,1.51117,0,0,0
32.8555,2,-4.49456,-4.75848,7.07149,0.0148404,-0.258943,-0.09216,3.9322,0,0,0
32.8555,3,0,0,0,0,0,0,0,0,0,0
32.8555,4,0,0,0,0,0,0,0,0,0,0
32.8555,5,0,0,0,0,0,0,0,0,0,0
32.9083,0,-3.07189,-6.96204,3.57309,-0.11888,-0.11074,-0.255632,0.883799,0,0,0
32.9083,1,-6.76534,-4.56455,3.54849,-0.321638,0.110033,-0.203432,1.51117,0,0,0
32.9083,2,-4.51792,-4.77413,7.08595,-0.0574944,-0.303108,-0.121826,3.89637,0,0,0
32.9083,3,0,0,0,0,0,0,0,0,0,0
32.9083,4,0,0,0,0,0,0,0,0,0,0
32.9083,5,0,0,0,0,0,0,0,0,0,0
32.9635,0,-3.07892,-6.97079,3.55834,-0.121628,-0.11474,-0.252171,0.865874,0,0,0
32.9635,1,-6.77682,-4.56232,3.53734,-0.301708,0.0930062,-0.220842,1.48534,0,0,0
32.9635,2,-4.53141,-4.81457,7.08572,-0.0972552,-0.341969,-0.141825,3.89637,0,0,0
32.9635,3,0,0,0,0,0,0,0,0,0,0
32.9635,4,0,0,0,0,0,0,0,0,0,0
32.9635,5,0,0,0,0,0,0,0,0,0,0
33.0176,0,-3.08358,-6.97646,3.54953,-0.116315,-0.108097,-0.24906,0.865874,0,0,0
33.0176,1,-6.79097,-4.55609,3.52555,-0.295316,0.0925302,-0.232555,1.48534,0,0,0
33.0176,2,-4.5595,-4.84274,7.08534,-0.172189,-0.374975,-0.165866,3.83226,0,0,0
33.0176,3,0,0,0,0,0,0,0,0,0,0
33.0176,4,0,0,0,0,0,0,0,0,0,0
33.0176,5,0,0,0,0,0,0,0,0,0,0
33.0766,0,-3.0899,-6.9848,3.5361,-0.117963,-0.112886,-0.243305,0.818896,0,0,0
33.0766,1,-6.80213,-4.55025,3.51419,-0.279859,0.0908614,-0.241938,1.45532,0,0,0
33.0766,2,-4.58669,-4.8731,7.08115,-0.255779,-0.468561,-0.209798,3.83226,0,0,0
33.0766,3,0,0,0,0,0,0,0,0,0,0
33.0766,4,0,0,0,0,0,0,0,0,0,0
33.0766,5,0,0,0,0,0,0,0,0,0,0
33.1294,0,-3.09598,-6.99317,3.52033,-0.11913,-0.118436,-0.238814,0.818896,0,0,0
33.1294,1,-6.81134,-4.54224,3.502,-0.260835,0.0970186,-0.245286,1.45532,0,0,0
33.1294,2,-4.64403,-4.95393,7.08378,-0.412993,-0.669889,-0.272186,3.75189,0,0,0
33.1294,3,0,0,0,0,0,0,0,0,0,0
33.1294,4,0,0,0,0,0,0,0,0,0,0
33.1294,5,0,0,0,0,0,0,0,0,0,0
33.1848,0,-3.10243,-7.00099,3.50838,-0.121108,-0.120411,-0.233205,0.800059,0,0,0
33.1848,1,-6.8148,-4.53871,3.49355,-0.219013,0.0827351,-0.245103,1.43201,0,0,0
33.1848,2,-4.72778,-5.10388,7.07837,-0.553558,-0.950157,-0.371813,3.75189,0,0,0
33.1848,3,0,0,0,0,0,0,0,0,0,0
33.1848,4,0,0,0,0,0,0,0,0,0,0
33.1848,5,0,0,0,0,0,0,0,0,0,0
33.2356,0,-3.10821,-7.00843,3.49715,-0.120342,-0.120927,-0.227474,0.800059,0,0,0
33.2356,1,-6.82095,-4.52333,3.47799,-0.201265,0.114501,-0.24037,1.43201,0,0,0
33.2356,2,-4.72778,-5.10388,7.07837,-0.553558,-0.950157,-0.371813,3.49387,0,0,0
33.2356,3,0,0,0,0,0,0,0,0,0,0
33.2356,4,0,0,0,0,0,0,0,0,0,0
33.2356,5,0,0,0,0,0,0,0,0,0,0
33.2909,0,-3.11346,-7.01592,3.48443,-0.117783,-0.122138,-0.220694,0.769816,0,0,0
33.2909,1,-6.83436,-4.50645,3.46487,-0.212798,0.148795,-0.231819,1.38579,0,0,0
33.2909,2,-4.78441,-5.20187,7.08365,-0.640155,-1.11976,-0.469256,3.49387,0,0,0
33.2909,3,0,0,0,0,0,0,0,0,0,0
33.2909,4,0,0,0,0,0,0,0,0,0,0
33.2909,5,0,0,0,0,0,0,0,0,0,0
33.3489,0,-3.11884,-7.02241,3.47491,-0.116325,-0.119485,-0.215182,0.769816,0,0,0
33.3489,1,-6.83974,-4.49447,3.45574,-0.193873,0.156946,-0.224866,1.38579,0,0,0
33.3489,2,-4.84423,-5.30498,7.08138,-0.637222,-1.07584,-0.535615,3.32627,0,0,0
33.3489,3,0,0,0,0,0,0,0,0,0,0
33.3489,4,0,0,0,0,0,0,0,0,0,0
33.3489,5,0,0,0,0,0,0,0,0,0,0
33.4093,0,-3.12393,-7.02886,3.46288,-0.11428,-0.11747,-0.208944,0.741506,0,0,0
33.4093,1,-6.83713,-4.4723,3.44684,-0.150605,0.195775,-0.211355,1.34921,0,0,0
33.4093,2,-4.82808,-5.30813,7.07139,-0.508056,-0.929605,-0.482866,3.32627,0,0,0
33.4093,3,0,0,0,0,0,0,0,0,0,0
33.4093,4,0,0,0,0,0,0,0,0,0,0
33.4093,5,0,0,0,0,0,0,0,0,0,0
33.4648,0,-3.1329,-7.04157,3.44231,-0.105001,-0.111785,-0.197768,0.741506,0,0,0
33.4648,1,-6.83265,-4.45919,3.43545,-0.104723,0.20017,-0.203178,1.34921,0,0,0
33.4648,2,-4.80966,-5.30844,7.06195,-0.388282,-0.790878,-0.418331,3.28592,0,0,0
33.4648,3,0,0,0,0,0,0,0,0,0,0
33.4648,4,0,0,0,0,0,0,0,0,0,0
33.4648,5,0,0,0,0,0,0,0,0,0,0
33.527,0,-3.13353,-7.0422,3.44301,-0.107224,-0.113983,-0.19747,0.701161,0,0,0
33.527,1,-6.8424,-4.42849,3.42252,-0.118763,0.266009,-0.193024,1.30126,0,0,0
33.527,2,-4.78694,-5.30692,7.04588,-0.273616,-0.672254,-0.338891,3.28592,0,0,0
33.527,3,0,0,0,0,0,0,0,0,0,0
33.527,4,0,0,0,0,0,0,0,0,0,0
33.527,5,0,0,0,0,0,0,0,0,0,0
33.5856,0,-3.13745,-7.04854,3.43233,-0.102259,-0.112887,-0.189895,0.701161,0,0,0
33.5856,1,-6.84211,-4.40476,3.41119,-0.0922535,0.292851,-0.184905,1.30126,0,0,0
33.5856,2,-4.76862,-5.30469,7.03636,-0.182363,-0.562116,-0.280299,3.31726,0,0,0
33.5856,3,0,0,0,0,0,0,0,0,0,0
33.5856,4,0,0,0,0,0,0,0,0,0,0
33.5856,5,0,0,0,0,0,0,0,0,0,0
33.6528,0,-3.14135,-7.05347,3.42348,-0.0966621,-0.105194,-0.187436,0.688203,0,0,0
33.6528,1,-6.84424,-4.37809,3.40091,-0.078689,0.326819,-0.173403,1.25079,0,0,0
33.6528,2,-4.7229,-5.27308,7.03591,-0.0180272,-0.3836,-0.183466,3.31726,0,0,0
33.6528,3,0,0,0,0,0,0,0,0,0,0
33.6528,4,0,0,0,0,0,0,0,0,0,0
33.6528,5,0,0,0,0,0,0,0,0,0,0
33.7085,0,-3.14966,-7.0635,3.40523,-0.0925815,-0.0976189,-0.179316,0.688203,0,0,0
33.7085,1,-6.84179,-4.36113,3.39453,-0.052327,0.323982,-0.170315,1.25079,0,0,0
33.7085,2,-4.68729,-5.24702,7.02,0.0999677,-0.23521,-0.134768,2.33354,0,0,0
33.7085,3,0,0,0,0,0,0,0,0,0,0
33.7085,4,0,0,0,0,0,0,0,0,0,0
33.7085,5,0,0,0,0,0,0,0,0,0,0
33.7715,0,-3.15302,-7.06947,3.39491,-0.0883591,-0.0977826,-0.176334,0.654946,0,0,0
33.7715,1,-6.8424,-4.30877,3.37879,-0.0288831,0.372267,-0.154506,1.20611,0,0,0
33.7715,2,-4.63874,-5.20941,7.03159,0.236948,-0.0804637,-0.0583349,2.29076,0,0,0
33.7715,3,0,0,0,0,0,0,0,0,0,0
33.7715,4,0,0,0,0,0,0,0,0,0,0
33.7715,5,0,0,0,0,0,0,0,0,0,0
33.8248,0,-3.15675,-7.07497,3.38659,-0.085788,-0.0963338,-0.171345,0.654946,0,0,0
33.8248,1,-6.8424,-4.30877,3.37879,-0.0288831,0.372267,-0.154506,1.20611,0,0,0
33.8248,2,-4.63874,-5.20941,7.03159,0.236948,-0.0804637,-0.0583349,2.29076,0,0,0
33.8248,3,0,0,0,0,0,0,0,0,0,0
33.8248,4,0,0,0,0,0,0,0,0,0,0
33.8248,5,0,0,0,0,0,0,0,0,0,0
33.8804,0,-3.15824,-7.07855,3.37942,-0.075776,-0.0883716,-0.168465,0.631964,0,0,0
33.8804,1,-6.84363,-4.28619,3.37082,-0.0222517,0.37918,-0.151365,1.16553,0,0,0
33.8804,2,-4.60376,-5.19054,7.02069,0.314235,0.000748395,-0.0752636,2.1971,0,0,0
33.8804,3,0,0,0,0,0,0,0,0,0,0
33.8804,4,0,0,0,0,0,0,0,0,0,0
33.8804,5,0,0,0,0,0,0,0,0,0,0
33.934,0,-3.16142,-7.08406,3.37219,-0.0720941,-0.0880266,-0.170308,0.631964,0,0,0
33.934,1,-6.84764,-4.24342,3.35884,-0.0167972,0.388262,-0.140257,1.16553,0,0,0
33.934,2,-4.53922,-5.11857,7.03375,0.47348,0.247531,-0.0638571,2.1971,0,0,0
33.934,3,0,0,0,0,0,0,0,0,0,0
33.934,4,0,0,0,0,0,0,0,0,0,0
33.934,5,0,0,0,0,0,0,0,0,0,0
33.9893,0,-3.16498,-7.08924,3.36238,-0.0702917,-0.0865475,-0.165866,0.614384,0,0,0
33.9893,1,-6.85037,-4.22778,3.35137,-0.016758,0.376473,-0.135208,1.12532,0,0,0
33.9893,2,-4.50234,-5.08267,7.03819,0.520872,0.345761,-0.101764,2.05272,0,0,0
33.9893,3,0,0,0,0,0,0,0,0,0,0
33.9893,4,0,0,0,0,0,0,0,0,0,0
33.9893,5,0,0,0,0,0,0,0,0,0,0
34.0472,0,-3.16908,-7.09414,3.35548,-0.0708025,-0.084297,-0.166011,0.614384,0,0,0
34.0472,1,-6.8597,-4.20106,3.34583,-0.041669,0.403159,-0.129704,1.12532,0,0,0
34.0472,2,-4.47286,-5.05274,7.03883,0.54072,0.406293,-0.126655,2.05272,0,0,0
34.0472,3,0,0,0,0,0,0,0,0,0,0
34.0472,4,0,0,0,0,0,0,0,0,0,0
34.0472,5,0,0,0,0,0,0,0,0,0,0
34.1025,0,-3.17253,-7.09916,3.34572,-0.0696485,-0.0836316,-0.164853,0.593421,0,0,0
34.1025,1,-6.8597,-4.20106,3.34583,-0.041669,0.403159,-0.129704,1.08147,0,0,0
34.1025,2,-4.40906,-4.98548,7.04094,0.656221,0.581856,-0.207806,1.92106,0,0,0
34.1025,3,0,0,0,0,0,0,0,0,0,0
34.1025,4,0,0,0,0,0,0,0,0,0,0
34.1025,5,0,0,0,0,0,0,0,0,0,0
34.1678,0,-3.17584,-7.10442,3.33603,-0.0681467,-0.0838707,-0.163045,0.593421,0,0,0
34.1678,1,-6.86913,-4.17133,3.33557,-0.0472219,0.371363,-0.121071,1.08147,0,0,0
34.1678,2,-4.36361,-4.93129,7.04655,0.697185,0.686613,-0.28148,1.92106,0,0,0
34.1678,3,0,0,0,0,0,0,0,0,0,0
34.1678,4,0,0,0,0,0,0,0,0,0,0
34.1678,5,0,0,0,0,0,0,0,0,0,0
34.2255,0,-3.17914,-7.10921,3.32857,-0.0669093,-0.082785,-0.162122,0.57046,0,0,0
34.2255,1,-6.87453,-4.15574,3.33072,-0.0513814,0.363195,-0.118265,1.04985,0,0,0
34.2255,2,-4.32567,-4.88602,7.04852,0.706535,0.735657,-0.352128,1.79362,0,0,0
34.2255,3,0,0,0,0,0,0,0,0,0,0
34.2255,4,0,0,0,0,0,0,0,0,0,0
34.2255,5,0,0,0,0,0,0,0,0,0,0
34.2857,0,-3.18188,-7.11395,3.31898,-0.0636885,-0.0815437,-0.158552,0.57046,0,0,0
34.2857,1,-6.88749,-4.13842,3.32591,-0.0797685,0.362162,-0.116545,1.04985,0,0,0
34.2857,2,-4.2982,-4.85194,7.04797,0.684509,0.738174,-0.391409,1.79362,0,0,0
34.2857,3,0,0,0,0,0,0,0,0,0,0
34.2857,4,0,0,0,0,0,0,0,0,0,0
34.2857,5,0,0,0,0,0,0,0,0,0,0
34.3439,0,-3.18489,-7.1183,3.31098,-0.061905,-0.079502,-0.155477,0.550056,0,0,0
34.3439,1,-6.8982,-4.13296,3.32074,-0.0968066,0.321399,-0.114564,1.01183,0,0,0
34.3439,2,-4.2818,-4.82842,7.03859,0.633902,0.707189,-0.397654,1.72089,0,0,0
34.3439,3,0,0,0,0,0,0,0,0,0,0
34.3439,4,0,0,0,0,0,0,0,0,0,0
34.3439,5,0,0,0,0,0,0,0,0,0,0
34.3966,0,-3.18944,-7.12385,3.30082,-0.0632696,-0.0784403,-0.149731,0.550056,0,0,0
34.3966,1,-6.90832,-4.12515,3.31586,-0.109804,0.293387,-0.109446,1.01183,0,0,0
34.3966,2,-4.26634,-4.79974,7.03335,0.585904,0.69614,-0.401985,1.72089,0,0,0
34.3966,3,0,0,0,0,0,0,0,0,0,0
34.3966,4,0,0,0,0,0,0,0,0,0,0
34.3966,5,0,0,0,0,0,0,0,0,0,0
34.457,0,-3.19251,-7.12798,3.29328,-0.062042,-0.0762981,-0.145995,0.528043,0,0,0
34.457,1,-6.9166,-4.11979,3.31014,-0.11475,0.259972,-0.112526,0.987355,0,0,0
34.457,2,-4.25928,-4.78488,7.02085,0.508413,0.634981,-0.361581,1.67062,0,0,0
34.457,3,0,0,0,0,0,0,0,0,0,0
34.457,4,0,0,0,0,0,0,0,0,0,0
34.457,5,0,0,0,0,0,0,0,0,0,0
34.5155,0,-3.19548,-7.13245,3.28682,-0.0606525,-0.075653,-0.142724,0.510542,0,0,0
34.5155,1,-6.92908,-4.11299,3.3053,-0.134113,0.238012,-0.112882,0.987355,0,0,0
34.5155,2,-4.26332,-4.77714,7.01633,0.420361,0.572681,-0.316406,1.67062,0,0,0
34.5155,3,0,0,0,0,0,0,0,0,0,0
34.5155,4,0,0,0,0,0,0,0,0,0,0
34.5155,5,0,0,0,0,0,0,0,0,0,0
34.5786,0,-3.19781,-7.13601,3.2836,-0.05741,-0.0724197,-0.141383,0.510542,0,0,0
34.5786,1,-6.93877,-4.11054,3.30017,-0.140776,0.202794,-0.112233,0.963654,0,0,0
34.5786,2,-4.27151,-4.77373,7,0.327544,0.507941,-0.269839,1.66608,0,0,0
34.5786,3,0,0,0,0,0,0,0,0,0,0
34.5786,4,0,0,0,0,0,0,0,0,0,0
34.5786,5,0,0,0,0,0,0,0,0,0,0
34.6466,0,-3.20155,-7.14102,3.27399,-0.058351,-0.0734026,-0.139391,0.493988,0,0,0
34.6466,1,-6.95008,-4.10741,3.29494,-0.152661,0.175311,-0.114104,0.963654,0,0,0
34.6466,2,-4.29243,-4.78902,6.99347,0.205539,0.390456,-0.203905,1.66608,0,0,0
34.6466,3,0,0,0,0,0,0,0,0,0,0
34.6466,4,0,0,0,0,0,0,0,0,0,0
34.6466,5,0,0,0,0,0,0,0,0,0,0
34.7019,0,-3.20605,-7.14631,3.26406,-0.0612448,-0.0744396,-0.135036,0.493988,0,0,0
34.7019,1,-6.96074,-4.10172,3.28895,-0.161428,0.160727,-0.115097,0.945159,0,0,0
34.7019,2,-4.31297,-4.78616,6.99279,0.0760478,0.30086,-0.152045,4.01149,0,0,0
34.7019,3,0,0,0,0,0,0,0,0,0,0
34.7019,4,0,0,0,0,0,0,0,0,0,0
34.7019,5,0,0,0,0,0,0,0,0,0,0
34.7652,0,-3.20928,-7.15065,3.25792,-0.0608916,-0.0739781,-0.132339,0.473732,0,0,0
34.7652,1,-6.96932,-4.09993,3.28353,-0.15776,0.131391,-0.115842,0.925739,0,0,0
34.7652,2,-4.34746,-4.81877,6.99358,-0.0432539,0.162893,-0.122215,4.01149,0,0,0
34.7652,3,0,0,0,0,0,0,0,0,0,0
34.7652,4,0,0,0,0,0,0,0,0,0,0
34.7652,5,0,0,0,0,0,0,0,0,0,0
34.8163,0,-3.21153,-7.15389,3.25234,-0.0573599,-0.0700493,-0.131091,0.473732,0,0,0
34.8163,1,-6.97959,-4.09772,3.27755,-0.163795,0.111708,-0.11673,0.925739,0,0,0
34.8163,2,-4.36678,-4.83809,6.99511,-0.104901,0.100204,-0.110758,3.93697,0,0,0
34.8163,3,0,0,0,0,0,0,0,0,0,0
34.8163,4,0,0,0,0,0,0,0,0,0,0
34.8163,5,0,0,0,0,0,0,0,0,0,0
34.8665,0,-3.21456,-7.158,3.24691,-0.0567508,-0.0696055,-0.128975,0.45951,0,0,0
34.8665,1,-6.99169,-4.0931,3.27087,-0.176257,0.104053,-0.119381,0.925739,0,0,0
34.8665,2,-4.39984,-4.86403,6.9961,-0.203977,-0.00323006,-0.12368,3.93697,0,0,0
34.8665,3,0,0,0,0,0,0,0,0,0,0
34.8665,4,0,0,0,0,0,0,0,0,0,0
34.8665,5,0,0,0,0,0,0,0,0,0,0
34.9243,0,-3.21742,-7.16155,3.24069,-0.0552387,-0.06669,-0.126982,0.45951,0,0,0
34.9243,1,-7.00285,-4.08898,3.26432,-0.180478,0.0930785,-0.118376,0.905155,0,0,0
34.9243,2,-4.43685,-4.8924,7.00092,-0.302752,-0.100873,-0.138554,3.84862,0,0,0
34.9243,3,0,0,0,0,0,0,0,0,0,0
34.9243,4,0,0,0,0,0,0,0,0,0,0
34.9243,5,0,0,0,0,0,0,0,0,0,0
34.9776,0,-3.22073,-7.16587,3.23369,-0.0547687,-0.0661036,-0.125552,0.442937,0,0,0
34.9776,1,-7.0091,-4.08741,3.25835,-0.169111,0.0763449,-0.121888,0.905155,0,0,0
34.9776,2,-4.45956,-4.90993,6.99275,-0.335697,-0.144886,-0.140688,3.84862,0,0,0
34.9776,3,0,0,0,0,0,0,0,0,0,0
34.9776,4,0,0,0,0,0,0,0,0,0,0
34.9776,5,0,0,0,0,0,0,0,0,0,0
35.0362,0,-3.22366,-7.16963,3.22723,-0.053975,-0.0643681,-0.124123,0.442937,0,0,0
35.0362,1,-7.0149,-4.08404,3.25328,-0.159036,0.0681552,-0.122258,0.887898,0,0,0
35.0362,2,-4.51378,-4.95241,6.99257,-0.416037,-0.23761,-0.166628,3.81971,0,0,0
35.0362,3,0,0,0,0,0,0,0,0,0,0
35.0362,4,0,0,0,0,0,0,0,0,0,0
35.0362,5,0,0,0,0,0,0,0,0,0,0
35.0916,0,-3.22739,-7.17389,3.22023,-0.0553562,-0.0641861,-0.12348,0.425929,0,0,0
35.0916,1,-7.02127,-4.07893,3.24743,-0.152974,0.0678939,-0.121072,0.871406,0,0,0
35.0916,2,-4.54356,-4.97576,6.99231,-0.45461,-0.274971,-0.193978,3.81971,0,0,0
35.0916,3,0,0,0,0,0,0,0,0,0,0
35.0916,4,0,0,0,0,0,0,0,0,0,0
35.0916,5,0,0,0,0,0,0,0,0,0,0
35.1506,0,-3.23042,-7.17788,3.21236,-0.0544464,-0.0633702,-0.123151,0.425929,0,0,0
35.1506,1,-7.02914,-4.07291,3.24078,-0.153409,0.071142,-0.119392,0.871406,0,0,0
35.1506,2,-4.5388,-4.97759,6.99158,-0.43919,-0.280176,-0.185819,3.71311,0,0,0
35.1506,3,0,0,0,0,0,0,0,0,0,0
35.1506,4,0,0,0,0,0,0,0,0,0,0
35.1506,5,0,0,0,0,0,0,0,0,0,0
35.2131,0,-3.23317,-7.18136,3.20608,-0.0537204,-0.0622803,-0.122486,0.408934,0,0,0
35.2131,1,-7.03104,-4.06779,3.23603,-0.131198,0.0684933,-0.117109,0.853582,0,0,0
35.2131,2,-4.57471,-5.00351,6.98346,-0.439553,-0.28365,-0.191947,3.71311,0,0,0
35.2131,3,0,0,0,0,0,0,0,0,0,0
35.2131,4,0,0,0,0,0,0,0,0,0,0
35.2131,5,0,0,0,0,0,0,0,0,0,0
35.281,0,-3.23351,-7.18219,3.2002,-0.0548703,-0.0652552,-0.121102,0.408934,0,0,0
35.281,1,-7.03832,-4.0585,3.22945,-0.133402,0.0834532,-0.113044,0.853582,0,0,0
35.281,2,-4.57566,-5.00403,6.98445,-0.391447,-0.248006,-0.172181,3.67115,0,0,0
35.281,3,0,0,0,0,0,0,0,0,0,0
35.281,4,0,0,0,0,0,0,0,0,0,0
35.281,5,0,0,0,0,0,0,0,0,0,0
35.3312,0,-3.23631,-7.18618,3.194,-0.0534455,-0.0645599,-0.11947,0.395789,0,0,0
35.3312,1,-7.03909,-4.05212,3.22378,-0.111728,0.0851649,-0.109938,0.832452,0,0,0
35.3312,2,-4.58197,-5.0091,6.97959,-0.365168,-0.236232,-0.145789,3.67115,0,0,0
35.3312,3,0,0,0,0,0,0,0,0,0,0
35.3312,4,0,0,0,0,0,0,0,0,0,0
35.3312,5,0,0,0,0,0,0,0,0,0,0
35.3814,0,-3.24145,-7.19216,3.18827,-0.0511602,-0.0592418,-0.117837,0.395789,0,0,0
35.3814,1,-7.04645,-4.04264,3.21848,-0.115924,0.0979132,-0.107484,0.832452,0,0,0
35.3814,2,-4.56947,-4.99742,6.97864,-0.288739,-0.175372,-0.100379,3.66189,0,0,0
35.3814,3,0,0,0,0,0,0,0,0,0,0
35.3814,4,0,0,0,0,0,0,0,0,0,0
35.3814,5,0,0,0,0,0,0,0,0,0,0
35.4393,0,-3.24369,-7.19561,3.18223,-0.0492239,-0.0582207,-0.116372,0.386528,0,0,0
35.4393,1,-7.04728,-4.03616,3.213,-0.0963353,0.0972546,-0.10468,0.81955,0,0,0
35.4393,2,-4.54305,-4.97083,6.97907,-0.177006,-0.0773404,-0.0535223,3.66189,0,0,0
35.4393,3,0,0,0,0,0,0,0,0,0,0
35.4393,4,0,0,0,0,0,0,0,0,0,0
35.4393,5,0,0,0,0,0,0,0,0,0,0
35.4946,0,-3.2455,-7.19797,3.17755,-0.0456718,-0.0538915,-0.115493,0.386528,0,0,0
35.4946,1,-7.04861,-4.03015,3.21183,-0.0807928,0.0938759,-0.101682,0.81955,0,0,0
35.4946,2,-4.51713,-4.94494,6.97068,-0.0753477,0.0125779,-0.0340783,1.98036,0,0,0
35.4946,3,0,0,0,0,0,0,0,0,0,0
35.4946,4,0,0,0,0,0,0,0,0,0,0
35.4946,5,0,0,0,0,0,0,0,0,0,0
35.5508,0,-3.24797,-7.20138,3.17183,-0.0443495,-0.0532681,-0.113925,0.373693,0,0,0
35.5508,1,-7.04847,-4.02754,3.20747,-0.0624639,0.0804032,-0.0996694,0.805728,0,0,0
35.5508,2,-4.46767,-4.89499,6.95729,0.0852547,0.164989,-0.0221378,1.98036,0,0,0
35.5508,3,0,0,0,0,0,0,0,0,0,0
35.5508,4,0,0,0,0,0,0,0,0,0,0
35.5508,5,0,0,0,0,0,0,0,0,0,0
35.6089,0,-3.2507,-7.20489,3.16737,-0.0440302,-0.0529838,-0.112628,0.373693,0,0,0
35.6089,1,-7.04858,-4.0227,3.20293,-0.0495009,0.0777632,-0.0987865,0.805728,0,0,0
35.6089,2,-4.42305,-4.8469,6.96018,0.209724,0.292637,-0.0290708,1.87379,0,0,0
35.6089,3,0,0,0,0,0,0,0,0,0,0
35.6089,4,0,0,0,0,0,0,0,0,0,0
35.6089,5,0,0,0,0,0,0,0,0,0,0
35.6675,0,-3.25375,-7.20836,3.15935,-0.0457179,-0.053664,-0.111125,0.360369,0,0,0
35.6675,1,-7.05228,-4.00631,3.19358,-0.0526405,0.114558,-0.0943112,0.795991,0,0,0
35.6675,2,-4.40083,-4.8218,6.96403,0.246478,0.329759,-0.0271399,1.87379,0,0,0
35.6675,3,0,0,0,0,0,0,0,0,0,0
35.6675,4,0,0,0,0,0,0,0,0,0,0
35.6675,5,0,0,0,0,0,0,0,0,0,0
35.7203,0,-3.25653,-7.21229,3.15456,-0.04634,-0.0558149,-0.110114,0.360369,0,0,0
35.7203,1,-7.05447,-3.97983,3.18758,-0.0522016,0.184727,-0.0877874,0.795991,0,0,0
35.7203,2,-4.3649,-4.78943,6.9684,0.360481,0.433851,-0.0789686,1.77581,0,0,0
35.7203,3,0,0,0,0,0,0,0,0,0,0
35.7203,4,0,0,0,0,0,0,0,0,0,0
35.7203,5,0,0,0,0,0,0,0,0,0,0
35.7809,0,-3.25895,-7.21572,3.14723,-0.0456665,-0.0561746,-0.107754,0.344476,0,0,0
35.7809,1,-7.05907,-3.95986,3.18282,-0.057706,0.22015,-0.0847929,0.752507,0,0,0
35.7809,2,-4.29299,-4.70412,6.96822,0.476642,0.58835,-0.124387,1.77581,0,0,0
35.7809,3,0,0,0,0,0,0,0,0,0,0
35.7809,4,0,0,0,0,0,0,0,0,0,0
35.7809,5,0,0,0,0,0,0,0,0,0,0
35.8447,0,-3.26141,-7.21892,3.14202,-0.0452655,-0.0557862,-0.106296,0.344476,0,0,0
35.8447,1,-7.05939,-3.94621,3.17803,-0.0471299,0.228466,-0.0840311,0.752507,0,0,0
35.8447,2,-4.24974,-4.65486,6.97027,0.54012,0.663502,-0.183337,1.61801,0,0,0
35.8447,3,0,0,0,0,0,0,0,0,0,0
35.8447,4,0,0,0,0,0,0,0,0,0,0
35.8447,5,0,0,0,0,0,0,0,0,0,0
35.9019,0,-3.2642,-7.22221,3.13614,-0.0461134,-0.0558176,-0.103859,0.329489,0,0,0
35.9019,1,-7.06006,-3.93289,3.17444,-0.0393119,0.234755,-0.0828132,0.719526,0,0,0
35.9019,2,-4.24834,-4.65206,6.96888,0.539093,0.664715,-0.226003,1.61801,0,0,0
35.9019,3,0,0,0,0,0,0,0,0,0,0
35.9019,4,0,0,0,0,0,0,0,0,0,0
35.9019,5,0,0,0,0,0,0,0,0,0,0
35.9601,0,-3.26603,-7.22496,3.13099,-0.0437541,-0.0542272,-0.101942,0.329489,0,0,0
35.9601,1,-7.06059,-3.9223,3.17046,-0.0309965,0.228854,-0.0819292,0.719526,0,0,0
35.9601,2,-4.22058,-4.62015,6.976,0.549029,0.673131,-0.254173,1.54997,0,0,0
35.9601,3,0,0,0,0,0,0,0,0,0,0
35.9601,4,0,0,0,0,0,0,0,0,0,0
35.9601,5,0,0,0,0,0,0,0,0,0,0
36.0103,0,-3.26831,-7.22784,3.12776,-0.0433342,-0.0532712,-0.100859,0.316099,0,0,0
36.0103,1,-7.06483,-3.90727,3.16632,-0.0385064,0.242301,-0.0817777,0.696914,0,0,0
36.0103,2,-4.19802,-4.58725,6.97466,0.53937,0.680716,-0.278895,1.54997,0,0,0
36.0103,3,0,0,0,0,0,0,0,0,0,0
36.0103,4,0,0,0,0,0,0,0,0,0,0
36.0103,5,0,0,0,0,0,0,0,0,0,0
36.0643,0,-3.27042,-7.23072,3.12291,-0.0422623,-0.0525453,-0.0990277,0.316099,0,0,0
36.0643,1,-7.06461,-3.90158,3.16269,-0.0271752,0.219922,-0.081772,0.696914,0,0,0
36.0643,2,-4.17572,-4.55831,6.97106,0.528479,0.666435,-0.290408,1.46862,0,0,0
36.0643,3,0,0,0,0,0,0,0,0,0,0
36.0643,4,0,0,0,0,0,0,0,0,0,0
36.0643,5,0,0,0,0,0,0,0,0,0,0
36.1321,0,-3.27299,-7.23394,3.11562,-0.0416368,-0.0514522,-0.0985472,0.305308,0,0,0
36.1321,1,-7.06671,-3.89282,3.15962,-0.0265348,0.212051,-0.0821852,0.675568,0,0,0
36.1321,2,-4.14683,-4.51013,6.9598,0.466162,0.624848,-0.283301,1.46862,0,0,0
36.1321,3,0,0,0,0,0,0,0,0,0,0
36.1321,4,0,0,0,0,0,0,0,0,0,0
36.1321,5,0,0,0,0,0,0,0,0,0,0
36.1878,0,-3.27534,-7.23708,3.11036,-0.0411762,-0.0513275,-0.0973941,0.305308,0,0,0
36.1878,1,-7.07207,-3.87942,3.15508,-0.0377175,0.218455,-0.0825384,0.675568,0,0,0
36.1878,2,-4.15258,-4.51588,6.96306,0.447611,0.601701,-0.281926,1.37529,0,0,0
36.1878,3,0,0,0,0,0,0,0,0,0,0
36.1878,4,0,0,0,0,0,0,0,0,0,0
36.1878,5,0,0,0,0,0,0,0,0,0,0
36.2379,0,-3.27844,-7.24073,3.10466,-0.0425391,-0.0519572,-0.095675,0.290426,0,0,0
36.2379,1,-7.07722,-3.86619,3.14997,-0.0452973,0.221106,-0.0830369,0.651656,0,0,0
36.2379,2,-4.15502,-4.51085,6.9614,0.371368,0.523343,-0.242698,1.37529,0,0,0
36.2379,3,0,0,0,0,0,0,0,0,0,0
36.2379,4,0,0,0,0,0,0,0,0,0,0
36.2379,5,0,0,0,0,0,0,0,0,0,0
36.2969,0,-3.28012,-7.24311,3.10144,-0.0404974,-0.0500585,-0.0947753,0.290426,0,0,0
36.2969,1,-7.07944,-3.86065,3.14694,-0.0407924,0.197863,-0.0833714,0.651656,0,0,0
36.2969,2,-4.1581,-4.50436,6.95811,0.30114,0.463122,-0.205659,1.3806,0,0,0
36.2969,3,0,0,0,0,0,0,0,0,0,0
36.2969,4,0,0,0,0,0,0,0,0,0,0
36.2969,5,0,0,0,0,0,0,0,0,0,0
36.3544,0,-3.28012,-7.24311,3.10144,-0.0404974,-0.0500585,-0.0947753,0.278699,0,0,0
36.3544,1,-7.08369,-3.85467,3.14306,-0.0449196,0.182019,-0.0827875,0.630204,0,0,0
36.3544,2,-4.17728,-4.50578,6.95353,0.156708,0.3316,-0.12775,1.3806,0,0,0
36.3544,3,0,0,0,0,0,0,0,0,0,0
36.3544,4,0,0,0,0,0,0,0,0,0,0
36.3544,5,0,0,0,0,0,0,0,0,0,0
36.4096,0,-3.28165,-7.24529,3.09665,-0.0377971,-0.0473815,-0.0935002,0.278699,0,0,0
36.4096,1,-7.09193,-3.84312,3.13815,-0.0639175,0.189128,-0.0807808,0.630204,0,0,0
36.4096,2,-4.19359,-4.5221,6.94722,0.101522,0.278886,-0.103378,4.29697,0,0,0
36.4096,3,0,0,0,0,0,0,0,0,0,0
36.4096,4,0,0,0,0,0,0,0,0,0,0
36.4096,5,0,0,0,0,0,0,0,0,0,0
36.4675,0,-3.28433,-7.24846,3.0914,-0.0391482,-0.0481263,-0.0936252,0.266572,0,0,0
36.4675,1,-7.09718,-3.83647,3.13478,-0.0687468,0.176683,-0.0814199,0.607054,0,0,0
36.4675,2,-4.23167,-4.55206,6.9281,-0.0519052,0.130486,-0.0623108,4.2252,0,0,0
36.4675,3,0,0,0,0,0,0,0,0,0,0
36.4675,4,0,0,0,0,0,0,0,0,0,0
36.4675,5,0,0,0,0,0,0,0,0,0,0
36.5186,0,-3.28638,-7.25153,3.0865,-0.0385977,-0.0490296,-0.0929519,0.266572,0,0,0
36.5186,1,-7.10341,-3.83116,3.13075,-0.0765466,0.163511,-0.0805219,0.607054,0,0,0
36.5186,2,-4.28884,-4.5759,6.95199,-0.22213,0.0141264,-0.0119861,4.2252,0,0,0
36.5186,3,0,0,0,0,0,0,0,0,0,0
36.5186,4,0,0,0,0,0,0,0,0,0,0
36.5186,5,0,0,0,0,0,0,0,0,0,0
36.58,0,-3.28842,-7.25406,3.08157,-0.0373886,-0.0470625,-0.092022,0.254548,0,0,0
36.58,1,-7.11023,-3.82467,3.12646,-0.0858199,0.156641,-0.0794475,0.589276,0,0,0
36.58,2,-4.35004,-4.63282,6.94307,-0.385961,-0.166707,-0.000620157,4.08345,0,0,0
36.58,3,0,0,0,0,0,0,0,0,0,0
36.58,4,0,0,0,0,0,0,0,0,0,0
36.58,5,0,0,0,0,0,0,0,0,0,0
36.6404,0,-3.29053,-7.25693,3.07694,-0.0368835,-0.0469817,-0.0910501,0.254548,0,0,0
36.6404,1,-7.11328,-3.82132,3.12315,-0.0798789,0.139002,-0.0781746,0.589276,0,0,0
36.6404,2,-4.42177,-4.68814,6.94017,-0.559855,-0.326269,-0.0557118,4.08345,0,0,0
36.6404,3,0,0,0,0,0,0,0,0,0,0
36.6404,4,0,0,0,0,0,0,0,0,0,0
36.6404,5,0,0,0,0,0,0,0,0,0,0
36.7033,0,-3.29233,-7.25924,3.07194,-0.035592,-0.0451325,-0.0894052,0.242936,0,0,0
36.7033,1,-7.12136,-3.81708,3.11907,-0.0926084,0.127805,-0.0759693,0.573826,0,0,0
36.7033,2,-4.46337,-4.71477,6.94793,-0.619982,-0.371973,-0.119747,3.99312,0,0,0
36.7033,3,0,0,0,0,0,0,0,0,0,0
36.7033,4,0,0,0,0,0,0,0,0,0,0
36.7033,5,0,0,0,0,0,0,0,0,0,0
36.7535,0,-3.29491,-7.2623,3.06784,-0.0369777,-0.0460077,-0.0878866,0.242936,0,0,0
36.7535,1,-7.12774,-3.81181,3.11523,-0.0980861,0.121846,-0.0740029,0.573826,0,0,0
36.7535,2,-4.50003,-4.75098,6.94863,-0.650967,-0.440698,-0.172915,3.99312,0,0,0
36.7535,3,0,0,0,0,0,0,0,0,0,0
36.7535,4,0,0,0,0,0,0,0,0,0,0
36.7535,5,0,0,0,0,0,0,0,0,0,0
36.8138,0,-3.29668,-7.26508,3.06389,-0.0359345,-0.046356,-0.0860185,0.237284,0,0,0
36.8138,1,-7.1335,-3.80837,3.11147,-0.097344,0.106715,-0.0714012,0.556458,0,0,0
36.8138,2,-4.55942,-4.8006,6.95101,-0.745311,-0.545231,-0.221821,3.89311,0,0,0
36.8138,3,0,0,0,0,0,0,0,0,0,0
36.8138,4,0,0,0,0,0,0,0,0,0,0
36.8138,5,0,0,0,0,0,0,0,0,0,0
36.8728,0,-3.29817,-7.26693,3.05963,-0.0342064,-0.0436737,-0.0843148,0.237284,0,0,0
36.8728,1,-7.13557,-3.80866,3.10912,-0.0858592,0.0833547,-0.0694482,0.556458,0,0,0
36.8728,2,-4.61474,-4.8458,6.95141,-0.810373,-0.608699,-0.283503,3.89311,0,0,0
36.8728,3,0,0,0,0,0,0,0,0,0,0
36.8728,4,0,0,0,0,0,0,0,0,0,0
36.8728,5,0,0,0,0,0,0,0,0,0,0
36.9253,0,-3.30028,-7.2699,3.05522,-0.0342288,-0.0445876,-0.0828519,0.221602,0,0,0
36.9253,1,-7.14409,-3.80367,3.10466,-0.100156,0.0838239,-0.0667941,0.547906,0,0,0
36.9253,2,-4.67898,-4.89712,6.96335,-0.8793,-0.670078,-0.356243,3.74457,0,0,0
36.9253,3,0,0,0,0,0,0,0,0,0,0
36.9253,4,0,0,0,0,0,0,0,0,0,0
36.9253,5,0,0,0,0,0,0,0,0,0,0
36.9805,0,-3.30169,-7.27166,3.05073,-0.0321904,-0.0414998,-0.0811085,0.221602,0,0,0
36.9805,1,-7.14974,-3.80003,3.10098,-0.102262,0.0787055,-0.0656324,0.547906,0,0,0
36.9805,2,-4.72734,-4.93276,6.98088,-0.90744,-0.683276,-0.409815,3.74457,0,0,0
36.9805,3,0,0,0,0,0,0,0,0,0,0
36.9805,4,0,0,0,0,0,0,0,0,0,0
36.9805,5,0,0,0,0,0,0,0,0,0,0
37.036,0,-3.30366,-7.27445,3.04633,-0.0323696,-0.0426399,-0.0794105,0.216641,0,0,0
37.036,1,-7.1552,-3.79675,3.09791,-0.101278,0.071476,-0.0643975,0.53147,0,0,0
37.036,2,-4.74483,-4.94418,6.97474,-0.835826,-0.617853,-0.406796,3.60359,0,0,0
37.036,3,0,0,0,0,0,0,0,0,0,0
37.036,4,0,0,0,0,0,0,0,0,0,0
37.036,5,0,0,0,0,0,0,0,0,0,0
37.0862,0,-3.30556,-7.27693,3.04234,-0.0324659,-0.0426501,-0.0776302,0.216641,0,0,0
37.0862,1,-7.15957,-3.79415,3.09466,-0.096661,0.0629367,-0.0633678,0.53147,0,0,0
37.0862,2,-4.78777,-4.97604,6.94702,-0.854576,-0.622387,-0.439337,3.60359,0,0,0
37.0862,3,0,0,0,0,0,0,0,0,0,0
37.0862,4,0,0,0,0,0,0,0,0,0,0
37.0862,5,0,0,0,0,0,0,0,0,0,0
37.1501,0,-3.30736,-7.27929,3.03848,-0.0319254,-0.041891,-0.0755272,0.206016,0,0,0
37.1501,1,-7.16334,-3.79111,3.0911,-0.0891491,0.0559282,-0.0623415,0.519946,0,0,0
37.1501,2,-4.78518,-4.97084,6.93997,-0.736166,-0.524444,-0.390346,3.52902,0,0,0
37.1501,3,0,0,0,0,0,0,0,0,0,0
37.1501,4,0,0,0,0,0,0,0,0,0,0
37.1501,5,0,0,0,0,0,0,0,0,0,0
37.2079,0,-3.30907,-7.28167,3.03512,-0.031508,-0.0417707,-0.07336,0.206016,0,0,0
37.2079,1,-7.16777,-3.78751,3.08837,-0.0878933,0.0544468,-0.06141,0.519946,0,0,0
37.2079,2,-4.78518,-4.97084,6.93997,-0.736166,-0.524444,-0.390346,3.52902,0,0,0
37.2079,3,0,0,0,0,0,0,0,0,0,0
37.2079,4,0,0,0,0,0,0,0,0,0,0
37.2079,5,0,0,0,0,0,0,0,0,0,0
37.2631,0,-3.31115,-7.28433,3.03148,-0.0315528,-0.0414515,-0.0711901,0.191796,0,0,0
37.2631,1,-7.1699,-3.78431,3.08522,-0.0795106,0.0520878,-0.0603085,0.508565,0,0,0
37.2631,2,-4.79032,-4.96631,6.93812,-0.648541,-0.434187,-0.337353,3.5336,0,0,0
37.2631,3,0,0,0,0,0,0,0,0,0,0
37.2631,4,0,0,0,0,0,0,0,0,0,0
37.2631,5,0,0,0,0,0,0,0,0,0,0
37.3216,0,-3.31274,-7.2865,3.02433,-0.0297464,-0.0392694,-0.0667375,0.184212,0,0,0
37.3216,1,-7.17373,-3.78169,3.08204,-0.0782988,0.0484755,-0.0589325,0.508565,0,0,0
37.3216,2,-4.79519,-4.95585,6.93532,-0.569252,-0.331683,-0.279672,3.5336,0,0,0
37.3216,3,0,0,0,0,0,0,0,0,0,0
37.3216,4,0,0,0,0,0,0,0,0,0,0
37.3216,5,0,0,0,0,0,0,0,0,0,0
37.3727,0,-3.3155,-7.28997,3.02164,-0.0278955,-0.0361416,-0.0640414,0.184212,0,0,0
37.3727,1,-7.17548,-3.77853,3.07964,-0.0708416,0.0469691,-0.0574348,0.49877,0,0,0
37.3727,2,-4.79779,-4.94725,6.93206,-0.491018,-0.255345,-0.224734,3.54108,0,0,0
37.3727,3,0,0,0,0,0,0,0,0,0,0
37.3727,4,0,0,0,0,0,0,0,0,0,0
37.3727,5,0,0,0,0,0,0,0,0,0,0
37.4314,0,-3.31677,-7.29185,3.01578,-0.026883,-0.0354374,-0.059677,0.179645,0,0,0
37.4314,1,-7.17773,-3.7705,3.07549,-0.0640055,0.0599272,-0.0574211,0.49877,0,0,0
37.4314,2,-4.77614,-4.91157,6.90205,-0.28509,-0.0847418,-0.124094,3.54108,0,0,0
37.4314,3,0,0,0,0,0,0,0,0,0,0
37.4314,4,0,0,0,0,0,0,0,0,0,0
37.4314,5,0,0,0,0,0,0,0,0,0,0
37.4851,0,-3.31677,-7.29185,3.01578,-0.026883,-0.0354374,-0.059677,0.179645,0,0,0
37.4851,1,-7.17773,-3.7705,3.07549,-0.0640055,0.0599272,-0.0574211,0.48532,0,0,0
37.4851,2,-4.77209,-4.89281,6.90559,-0.227182,-0.014019,-0.096872,2.07966,0,0,0
37.4851,3,0,0,0,0,0,0,0,0,0,0
37.4851,4,0,0,0,0,0,0,0,0,0,0
37.4851,5,0,0,0,0,0,0,0,0,0,0
37.5459,0,-3.3167,-7.2919,3.01251,-0.0266201,-0.0356502,-0.0588881,0.170919,0,0,0
37.5459,1,-7.17987,-3.76657,3.0722,-0.0596632,0.05975,-0.0561862,0.48532,0,0,0
37.5459,2,-4.77209,-4.89281,6.90559,-0.227182,-0.014019,-0.096872,2.07966,0,0,0
37.5459,3,0,0,0,0,0,0,0,0,0,0
37.5459,4,0,0,0,0,0,0,0,0,0,0
37.5459,5,0,0,0,0,0,0,0,0,0,0
37.61,0,-3.31799,-7.29346,3.00923,-0.0255661,-0.033579,-0.0572428,0.170919,0,0,0
37.61,1,-7.18182,-3.75755,3.06917,-0.0553074,0.0765301,-0.0554948,0.470497,0,0,0
37.61,2,-4.70066,-4.81711,6.90732,0.0174074,0.205924,-0.0228389,1.95911,0,0,0
37.61,3,0,0,0,0,0,0,0,0,0,0
37.61,4,0,0,0,0,0,0,0,0,0,0
37.61,5,0,0,0,0,0,0,0,0,0,0
37.6707,0,-3.32205,-7.29911,3.00371,-0.0242709,-0.032654,-0.0546768,0.163113,0,0,0
37.6707,1,-7.18271,-3.75257,3.06635,-0.0475402,0.0780671,-0.0545182,0.470497,0,0,0
37.6707,2,-4.63554,-4.74751,6.89815,0.235181,0.403688,-0.0196471,1.95911,0,0,0
37.6707,3,0,0,0,0,0,0,0,0,0,0
37.6707,4,0,0,0,0,0,0,0,0,0,0
37.6707,5,0,0,0,0,0,0,0,0,0,0
37.7303,0,-3.32333,-7.30083,3.00098,-0.0235805,-0.0316953,-0.0526902,0.163113,0,0,0
37.7303,1,-7.18387,-3.7463,3.06426,-0.0421491,0.0841138,-0.0535648,0.458487,0,0,0
37.7303,2,-4.50712,-4.61185,6.89971,0.552094,0.693252,-0.168255,1.79197,0,0,0
37.7303,3,0,0,0,0,0,0,0,0,0,0
37.7303,4,0,0,0,0,0,0,0,0,0,0
37.7303,5,0,0,0,0,0,0,0,0,0,0
37.7957,0,-3.32322,-7.30063,2.99893,-0.0232075,-0.0309808,-0.0521245,0.153522,0,0,0
37.7957,1,-7.18646,-3.73226,3.05787,-0.0346926,0.098725,-0.0520037,0.458487,0,0,0
37.7957,2,-4.45807,-4.56226,6.91464,0.630954,0.755544,-0.201311,1.79197,0,0,0
37.7957,3,0,0,0,0,0,0,0,0,0,0
37.7957,4,0,0,0,0,0,0,0,0,0,0
37.7957,5,0,0,0,0,0,0,0,0,0,0
37.8523,0,-3.32453,-7.30236,2.99721,-0.0225947,-0.030074,-0.0506375,0.153522,0,0,0
37.8523,1,-7.18782,-3.72596,3.05534,-0.0319069,0.102237,-0.0514815,0.443427,0,0,0
37.8523,2,-4.40987,-4.51422,6.91459,0.693619,0.80223,-0.272673,1.60755,0,0,0
37.8523,3,0,0,0,0,0,0,0,0,0,0
37.8523,4,0,0,0,0,0,0,0,0,0,0
37.8523,5,0,0,0,0,0,0,0,0,0,0
37.9052,0,-3.32658,-7.3053,2.99379,-0.0202801,-0.0276342,-0.0497986,0.150861,0,0,0
37.9052,1,-7.18838,-3.72191,3.05351,-0.0259776,0.0962664,-0.0512395,0.432479,0,0,0
37.9052,2,-4.36013,-4.46006,6.92128,0.750759,0.854091,-0.35587,1.60755,0,0,0
37.9052,3,0,0,0,0,0,0,0,0,0,0
37.9052,4,0,0,0,0,0,0,0,0,0,0
37.9052,5,0,0,0,0,0,0,0,0,0,0
37.9639,0,-3.32792,-7.30701,2.9911,-0.0205829,-0.0276639,-0.0493523,0.150861,0,0,0
37.9639,1,-7.18906,-3.71641,3.05034,-0.0218542,0.096288,-0.0510828,0.432479,0,0,0
37.9639,2,-4.30292,-4.40553,6.9394,0.821517,0.896713,-0.434361,1.46628,0,0,0
37.9639,3,0,0,0,0,0,0,0,0,0,0
37.9639,4,0,0,0,0,0,0,0,0,0,0
37.9639,5,0,0,0,0,0,0,0,0,0,0
38.0395,0,-3.32806,-7.30725,2.98812,-0.0210163,-0.0285091,-0.0481498,0.142547,0,0,0
38.0395,1,-7.19187,-3.70677,3.04749,-0.0265122,0.1102,-0.0516097,0.416364,0,0,0
38.0395,2,-4.25105,-4.3575,6.92741,0.869363,0.908199,-0.475264,1.46628,0,0,0
38.0395,3,0,0,0,0,0,0,0,0,0,0
38.0395,4,0,0,0,0,0,0,0,0,0,0
38.0395,5,0,0,0,0,0,0,0,0,0,0
38.092,0,-3.33015,-7.31009,2.98514,-0.0196229,-0.0265982,-0.0469794,0.142547,0,0,0
38.092,1,-7.19359,-3.69905,3.04447,-0.0260657,0.115089,-0.0517551,0.416364,0,0,0
38.092,2,-4.22831,-4.34328,6.91648,0.826377,0.815445,-0.467242,1.31739,0,0,0
38.092,3,0,0,0,0,0,0,0,0,0,0
38.092,4,0,0,0,0,0,0,0,0,0,0
38.092,5,0,0,0,0,0,0,0,0,0,0
38.1472,0,-3.33129,-7.31161,2.98312,-0.0192948,-0.0260823,-0.0456352,0.135482,0,0,0
38.1472,1,-7.1959,-3.69185,3.04197,-0.0272314,0.116557,-0.0515951,0.416364,0,0,0
38.1472,2,-4.20832,-4.32643,6.91543,0.773906,0.737194,-0.441411,1.31739,0,0,0
38.1472,3,0,0,0,0,0,0,0,0,0,0
38.1472,4,0,0,0,0,0,0,0,0,0,0
38.1472,5,0,0,0,0,0,0,0,0,0,0
38.2095,0,-3.33224,-7.313,2.98045,-0.0184363,-0.02523,-0.0437815,0.135482,0,0,0
38.2095,1,-7.19611,-3.68889,3.0398,-0.0210524,0.105678,-0.0514943,0.400435,0,0,0
38.2095,2,-4.17954,-4.3027,6.91101,0.757816,0.692783,-0.426758,1.26541,0,0,0
38.2095,3,0,0,0,0,0,0,0,0,0,0
38.2095,4,0,0,0,0,0,0,0,0,0,0
38.2095,5,0,0,0,0,0,0,0,0,0,0
38.2774,0,-3.33317,-7.31416,2.97851,-0.0178345,-0.0240751,-0.0443844,0.129584,0,0,0
38.2774,1,-7.19868,-3.68355,3.03691,-0.0237115,0.102446,-0.0510524,0.390526,0,0,0
38.2774,2,-4.14655,-4.27178,6.91258,0.760832,0.685174,-0.432914,1.26541,0,0,0
38.2774,3,0,0,0,0,0,0,0,0,0,0
38.2774,4,0,0,0,0,0,0,0,0,0,0
38.2774,5,0,0,0,0,0,0,0,0,0,0
38.3351,0,-3.33393,-7.31528,2.97654,-0.016446,-0.0224414,-0.0442461,0.129584,0,0,0
38.3351,1,-7.20345,-3.67432,3.03412,-0.0359338,0.116696,-0.0504983,0.390526,0,0,0
38.3351,2,-4.17753,-4.30505,6.91491,0.574854,0.493913,-0.322669,1.1836,0,0,0
38.3351,3,0,0,0,0,0,0,0,0,0,0
38.3351,4,0,0,0,0,0,0,0,0,0,0
38.3351,5,0,0,0,0,0,0,0,0,0,0
38.3912,0,-3.33493,-7.31661,2.97408,-0.0164041,-0.0221965,-0.0440662,0.124753,0,0,0
38.3912,1,-7.20485,-3.67112,3.03128,-0.033017,0.106857,-0.0498153,0.379925,0,0,0
38.3912,2,-4.19073,-4.3235,6.91482,0.459752,0.365568,-0.237766,1.1836,0,0,0
38.3912,3,0,0,0,0,0,0,0,0,0,0
38.3912,4,0,0,0,0,0,0,0,0,0,0
38.3912,5,0,0,0,0,0,0,0,0,0,0
38.4465,0,-3.33602,-7.31817,2.97177,-0.0161421,-0.0221008,-0.0439664,0.124753,0,0,0
38.4465,1,-7.20893,-3.6646,3.02873,-0.0407962,0.110621,-0.0492476,0.379925,0,0,0
38.4465,2,-4.19517,-4.33553,6.90955,0.381452,0.269474,-0.179343,1.25166,0,0,0
38.4465,3,0,0,0,0,0,0,0,0,0,0
38.4465,4,0,0,0,0,0,0,0,0,0,0
38.4465,5,0,0,0,0,0,0,0,0,0,0
38.5048,0,-3.3361,-7.31816,2.97008,-0.0164384,-0.0220674,-0.0438716,0.118803,0,0,0
38.5048,1,-7.21065,-3.66189,3.02627,-0.0384299,0.100022,-0.048376,0.367538,0,0,0
38.5048,2,-4.22905,-4.37416,6.91117,0.224829,0.115337,-0.0805552,1.25166,0,0,0
38.5048,3,0,0,0,0,0,0,0,0,0,0
38.5048,4,0,0,0,0,0,0,0,0,0,0
38.5048,5,0,0,0,0,0,0,0,0,0,0
38.5701,0,-3.3361,-7.31816,2.97008,-0.0164384,-0.0220674,-0.0438716,0.118803,0,0,0
38.5701,1,-7.21502,-3.65638,3.02429,-0.0456784,0.0992856,-0.0480613,0.367538,0,0,0
38.5701,2,-4.28103,-4.42909,6.91469,0.0271577,-0.0663662,0.0402636,1.31492,0,0,0
38.5701,3,0,0,0,0,0,0,0,0,0,0
38.5701,4,0,0,0,0,0,0,0,0,0,0
38.5701,5,0,0,0,0,0,0,0,0,0,0
38.6294,0,-3.33705,-7.3195,2.96755,-0.0159344,-0.0216192,-0.043604,0.114392,0,0,0
38.6294,1,-7.21756,-3.65306,3.02234,-0.0447034,0.0908293,-0.0474998,0.356446,0,0,0
38.6294,2,-4.28805,-4.44128,6.90365,-0.00821543,-0.105784,0.0403321,1.31492,0,0,0
38.6294,3,0,0,0,0,0,0,0,0,0,0
38.6294,4,0,0,0,0,0,0,0,0,0,0
38.6294,5,0,0,0,0,0,0,0,0,0,0
38.6972,0,-3.33794,-7.32072,2.96523,-0.015684,-0.0213131,-0.043372,0.114392,0,0,0
38.6972,1,-7.22024,-3.65023,3.02033,-0.0453513,0.0836959,-0.0471135,0.356446,0,0,0
38.6972,2,-4.36891,-4.52658,6.89824,-0.251737,-0.334352,0.157403,4.25873,0,0,0
38.6972,3,0,0,0,0,0,0,0,0,0,0
38.6972,4,0,0,0,0,0,0,0,0,0,0
38.6972,5,0,0,0,0,0,0,0,0,0,0
38.7475,0,-3.33894,-7.32204,2.96304,-0.015699,-0.0212216,-0.0427551,0.108886,0,0,0
38.7475,1,-7.2231,-3.64638,3.01811,-0.0463603,0.0805138,-0.0467191,0.347599,0,0,0
38.7475,2,-4.41331,-4.57394,6.89858,-0.364572,-0.442966,0.180197,4.25873,0,0,0
38.7475,3,0,0,0,0,0,0,0,0,0,0
38.7475,4,0,0,0,0,0,0,0,0,0,0
38.7475,5,0,0,0,0,0,0,0,0,0,0
38.8028,0,-3.33982,-7.32335,2.96105,-0.0151107,-0.0209023,-0.0422167,0.108886,0,0,0
38.8028,1,-7.2231,-3.64638,3.01811,-0.0463603,0.0805138,-0.0467191,0.347599,0,0,0
38.8028,2,-4.49686,-4.65632,6.89853,-0.582334,-0.636207,0.246002,4.07653,0,0,0
38.8028,3,0,0,0,0,0,0,0,0,0,0
38.8028,4,0,0,0,0,0,0,0,0,0,0
38.8028,5,0,0,0,0,0,0,0,0,0,0
38.8813,0,-3.34149,-7.32557,2.95891,-0.0144132,-0.0197463,-0.0412493,0.102991,0,0,0
38.8813,1,-7.22624,-3.64258,3.01604,-0.0475125,0.0772541,-0.045741,0.337077,0,0,0
38.8813,2,-4.59657,-4.75827,6.89601,-0.830557,-0.881148,0.22325,4.07653,0,0,0
38.8813,3,0,0,0,0,0,0,0,0,0,0
38.8813,4,0,0,0,0,0,0,0,0,0,0
38.8813,5,0,0,0,0,0,0,0,0,0,0
38.9365,0,-3.34161,-7.32568,2.95728,-0.0148357,-0.0201207,-0.0402664,0.102991,0,0,0
38.9365,1,-7.2299,-3.64038,3.01261,-0.0507867,0.0701707,-0.045259,0.337077,0,0,0
38.9365,2,-4.67537,-4.83853,6.89499,-0.979827,-1.03155,0.151662,3.81673,0,0,0
38.9365,3,0,0,0,0,0,0,0,0,0,0
38.9365,4,0,0,0,0,0,0,0,0,0,0
38.9365,5,0,0,0,0,0,0,0,0,0,0
38.9899,0,-3.34234,-7.32673,2.95493,-0.0142233,-0.0195443,-0.0392031,0.0989272,0,0,0
38.9899,1,-7.23718,-3.63338,3.00851,-0.0561256,0.0662613,-0.0416297,0.325391,0,0,0
38.9899,2,-4.75402,-4.91808,6.89122,-1.10722,-1.16752,-0.00369924,3.70434,0,0,0
38.9899,3,0,0,0,0,0,0,0,0,0,0
38.9899,4,0,0,0,0,0,0,0,0,0,0
38.9899,5,0,0,0,0,0,0,0,0,0,0
39.0485,0,-3.34336,-7.32795,2.95291,-0.0146422,-0.0194608,-0.0374371,0.0989272,0,0,0
39.0485,1,-7.24111,-3.62954,3.00604,-0.0594235,0.0660975,-0.0400838,0.325391,0,0,0
39.0485,2,-4.84045,-5.00532,6.9023,-1.21631,-1.27554,-0.215404,3.70434,0,0,0
39.0485,3,0,0,0,0,0,0,0,0,0,0
39.0485,4,0,0,0,0,0,0,0,0,0,0
39.0485,5,0,0,0,0,0,0,0,0,0,0
39.1089,0,-3.34415,-7.32923,2.95163,-0.0143145,-0.0199025,-0.0363116,0.0944381,0,0,0
39.1089,1,-7.24111,-3.62954,3.00604,-0.0594235,0.0660975,-0.0400838,0.316053,0,0,0
39.1089,2,-4.94465,-5.11007,6.89864,-1.36195,-1.43482,-0.406818,3.70434,0,0,0
39.1089,3,0,0,0,0,0,0,0,0,0,0
39.1089,4,0,0,0,0,0,0,0,0,0,0
39.1089,5,0,0,0,0,0,0,0,0,0,0
39.1592,0,-3.34589,-7.33143,2.95002,-0.0141173,-0.0189926,-0.0345663,0.0944381,0,0,0
39.1592,1,-7.24632,-3.62443,3.00117,-0.0559394,0.0574788,-0.0371752,0.316053,0,0,0
39.1592,2,-5.05338,-5.21873,6.90054,-1.48139,-1.57011,-0.566183,3.32221,0,0,0
39.1592,3,0,0,0,0,0,0,0,0,0,0
39.1592,4,0,0,0,0,0,0,0,0,0,0
39.1592,5,0,0,0,0,0,0,0,0,0,0
39.2152,0,-3.34605,-7.33172,2.94779,-0.0146435,-0.0200042,-0.0333103,0.0894958,0,0,0
39.2152,1,-7.24865,-3.62191,3.0012,-0.0540551,0.0544357,-0.0368245,0.304726,0,0,0
39.2152,2,-5.13773,-5.30276,6.90839,-1.5203,-1.59723,-0.711311,3.32221,0,0,0
39.2152,3,0,0,0,0,0,0,0,0,0,0
39.2152,4,0,0,0,0,0,0,0,0,0,0
39.2152,5,0,0,0,0,0,0,0,0,0,0
39.2708,0,-3.34754,-7.33374,2.94567,-0.0139049,-0.0189996,-0.0323375,0.0894958,0,0,0
39.2708,1,-7.25072,-3.61935,2.99754,-0.0511144,0.0514487,-0.034444,0.304726,0,0,0
39.2708,2,-5.13773,-5.30276,6.90839,-1.5203,-1.59723,-0.711311,3.0497,0,0,0
39.2708,3,0,0,0,0,0,0,0,0,0,0
39.2708,4,0,0,0,0,0,0,0,0,0,0
39.2708,5,0,0,0,0,0,0,0,0,0,0
39.3317,0,-3.34828,-7.33469,2.94268,-0.0136431,-0.0184198,-0.0295534,0.0847218,0,0,0
39.3317,1,-7.25308,-3.61663,2.99752,-0.0502204,0.0501471,-0.0348772,0.300277,0,0,0
39.3317,2,-5.30006,-5.46311,6.89548,-1.54625,-1.56276,-0.928589,3.0497,0,0,0
39.3317,3,0,0,0,0,0,0,0,0,0,0
39.3317,4,0,0,0,0,0,0,0,0,0,0
39.3317,5,0,0,0,0,0,0,0,0,0,0
39.384,0,-3.34828,-7.33469,2.94268,-0.0136431,-0.0184198,-0.0295534,0.0847218,0,0,0
39.384,1,-7.25443,-3.61434,2.99429,-0.045765,0.0472672,-0.0329189,0.300277,0,0,0
39.384,2,-5.34915,-5.51141,6.89969,-1.47078,-1.46133,-0.922391,2.82155,0,0,0
39.384,3,0,0,0,0,0,0,0,0,0,0
39.384,4,0,0,0,0,0,0,0,0,0,0
39.384,5,0,0,0,0,0,0,0,0,0,0
39.4417,0,-3.34988,-7.33688,2.94067,-0.0131707,-0.0178962,-0.0284515,0.0799836,0,0,0
39.4417,1,-7.2559,-3.61169,2.99423,-0.0417057,0.0455398,-0.0335969,0.293348,0,0,0
39.4417,2,-5.37877,-5.53983,6.89706,-1.35542,-1.32496,-0.88444,2.82155,0,0,0
39.4417,3,0,0,0,0,0,0,0,0,0,0
39.4417,4,0,0,0,0,0,0,0,0,0,0
39.4417,5,0,0,0,0,0,0,0,0,0,0
39.4975,0,-3.34977,-7.33678,2.93885,-0.0127866,-0.0175686,-0.0269369,0.0799836,0,0,0
39.4975,1,-7.25771,-3.60865,2.99077,-0.0403971,0.0463088,-0.0322344,0.293348,0,0,0
39.4975,2,-5.37877,-5.53983,6.89706,-1.35542,-1.32496,-0.88444,2.71169,0,0,0
39.4975,3,0,0,0,0,0,0,0,0,0,0
39.4975,4,0,0,0,0,0,0,0,0,0,0
39.4975,5,0,0,0,0,0,0,0,0,0,0
39.5554,0,-3.3504,-7.33758,2.9377,-0.0121965,-0.0165318,-0.0258413,0.0770493,0,0,0
39.5554,1,-7.25877,-3.60574,2.99068,-0.035516,0.0450168,-0.0333346,0.285928,0,0,0
39.5554,2,-5.49243,-5.64837,6.89908,-1.32675,-1.23751,-0.877807,2.55458,0,0,0
39.5554,3,0,0,0,0,0,0,0,0,0,0
39.5554,4,0,0,0,0,0,0,0,0,0,0
39.5554,5,0,0,0,0,0,0,0,0,0,0
39.6137,0,-3.35159,-7.33917,2.93656,-0.0113183,-0.015295,-0.0252061,0.0770493,0,0,0
39.6137,1,-7.25877,-3.60574,2.99068,-0.035516,0.0450168,-0.0333346,0.285928,0,0,0
39.6137,2,-5.49243,-5.64837,6.89908,-1.32675,-1.23751,-0.877807,2.55458,0,0,0
39.6137,3,0,0,0,0,0,0,0,0,0,0
39.6137,4,0,0,0,0,0,0,0,0,0,0
39.6137,5,0,0,0,0,0,0,0,0,0,0
39.671,0,-3.35213,-7.33996,2.93551,-0.0106159,-0.0145149,-0.0245098,0.0735672,0,0,0
39.671,1,-7.26031,-3.60249,2.98672,-0.0342729,0.0467486,-0.0323553,0.278182,0,0,0
39.671,2,-5.50614,-5.66046,6.8967,-1.18411,-1.08574,-0.772225,2.53629,0,0,0
39.671,3,0,0,0,0,0,0,0,0,0,0
39.671,4,0,0,0,0,0,0,0,0,0,0
39.671,5,0,0,0,0,0,0,0,0,0,0
39.7354,0,-3.35265,-7.34064,2.93403,-0.0100698,-0.0136553,-0.0238201,0.0735672,0,0,0
39.7354,1,-7.26069,-3.59967,2.98665,-0.0283477,0.0456151,-0.0333987,0.278182,0,0,0
39.7354,2,-5.54811,-5.69793,6.89157,-0.982668,-0.878395,-0.61112,2.53629,0,0,0
39.7354,3,0,0,0,0,0,0,0,0,0,0
39.7354,4,0,0,0,0,0,0,0,0,0,0
39.7354,5,0,0,0,0,0,0,0,0,0,0
39.7906,0,-3.35307,-7.34125,2.93295,-0.00938575,-0.0128682,-0.0235908,0.0705546,0,0,0
39.7906,1,-7.26197,-3.59731,2.98517,-0.027001,0.0443111,-0.0327229,0.272645,0,0,0
39.7906,2,-5.54811,-5.69793,6.89157,-0.982668,-0.878395,-0.61112,2.53629,0,0,0
39.7906,3,0,0,0,0,0,0,0,0,0,0
39.7906,4,0,0,0,0,0,0,0,0,0,0
39.7906,5,0,0,0,0,0,0,0,0,0,0
39.8583,0,-3.35352,-7.34181,2.93161,-0.00887517,-0.0120277,-0.0231151,0.0705546,0,0,0
39.8583,1,-7.26374,-3.59054,2.98221,-0.0223959,0.0480491,-0.0325965,0.272645,0,0,0
39.8583,2,-5.52023,-5.66886,6.8984,-0.748633,-0.663584,-0.435077,2.47999,0,0,0
39.8583,3,0,0,0,0,0,0,0,0,0,0
39.8583,4,0,0,0,0,0,0,0,0,0,0
39.8583,5,0,0,0,0,0,0,0,0,0,0
39.916,0,-3.35386,-7.34235,2.93035,-0.00813163,-0.0112518,-0.0221036,0.0676499,0,0,0
39.916,1,-7.26374,-3.59054,2.98221,-0.0223959,0.0480491,-0.0325965,0.2652,0,0,0
39.916,2,-5.50851,-5.65447,6.88744,-0.593238,-0.518231,-0.325583,2.47999,0,0,0
39.916,3,0,0,0,0,0,0,0,0,0,0
39.916,4,0,0,0,0,0,0,0,0,0,0
39.916,5,0,0,0,0,0,0,0,0,0,0
39.9754,0,-3.3544,-7.34299,2.92913,-0.0077544,-0.0104335,-0.0223208,0.0676499,0,0,0
39.9754,1,-7.26556,-3.58359,2.97897,-0.0194334,0.0517967,-0.0319762,0.2652,0,0,0
39.9754,2,-5.46547,-5.60795,6.87719,-0.268272,-0.224238,-0.154279,3.12218,0,0,0
39.9754,3,0,0,0,0,0,0,0,0,0,0
39.9754,4,0,0,0,0,0,0,0,0,0,0
39.9754,5,0,0,0,0,0,0,0,0,0,0
40.031,0,-3.35444,-7.34308,2.9281,-0.00787988,-0.0107624,-0.0220989,0.0652801,0,0,0
40.031,1,-7.26681,-3.57985,2.97568,-0.0193776,0.0543554,-0.0310292,0.25748,0,0,0
40.031,2,-5.43384,-5.57537,6.85141,-0.109456,-0.0759506,-0.0867086,3.05878,0,0,0
40.031,3,0,0,0,0,0,0,0,0,0,0
40.031,4,0,0,0,0,0,0,0,0,0,0
40.031,5,0,0,0,0,0,0,0,0,0,0
40.0983,0,-3.35478,-7.34358,2.92688,-0.00716955,-0.0099202,-0.0211662,0.0652801,0,0,0
40.0983,1,-7.26799,-3.57621,2.97553,-0.0195451,0.0567089,-0.0313439,0.25748,0,0,0
40.0983,2,-5.4326,-5.57252,6.87564,-0.0738774,-0.042008,-0.074271,3.05878,0,0,0
40.0983,3,0,0,0,0,0,0,0,0,0,0
40.0983,4,0,0,0,0,0,0,0,0,0,0
40.0983,5,0,0,0,0,0,0,0,0,0,0
40.151,0,-3.35511,-7.34401,2.92657,-0.00664601,-0.00908831,-0.0217673,0.063939,0,0,0
40.151,1,-7.26898,-3.57287,2.97237,-0.0188566,0.0575697,-0.0302522,0.249087,0,0,0
40.151,2,-5.35748,-5.49589,6.87989,0.190371,0.220543,-0.0802785,2.90317,0,0,0
40.151,3,0,0,0,0,0,0,0,0,0,0
40.151,4,0,0,0,0,0,0,0,0,0,0
40.151,5,0,0,0,0,0,0,0,0,0,0
40.2164,0,-3.35565,-7.3447,2.92489,-0.00682329,-0.00921025,-0.0206153,0.063939,0,0,0
40.2164,1,-7.26975,-3.56986,2.9724,-0.017397,0.0571685,-0.030141,0.249087,0,0,0
40.2164,2,-5.31813,-5.45553,6.88258,0.305224,0.336426,-0.126716,2.90317,0,0,0
40.2164,3,0,0,0,0,0,0,0,0,0,0
40.2164,4,0,0,0,0,0,0,0,0,0,0
40.2164,5,0,0,0,0,0,0,0,0,0,0
40.2672,0,-3.35625,-7.34556,2.92349,-0.00714629,-0.00980928,-0.020615,0.061493,0,0,0
40.2672,1,-7.27039,-3.56821,2.96932,-0.0150765,0.0511968,-0.0291895,0.241946,0,0,0
40.2672,2,-5.25486,-5.39026,6.88065,0.464649,0.508945,-0.175683,2.75593,0,0,0
40.2672,3,0,0,0,0,0,0,0,0,0,0
40.2672,4,0,0,0,0,0,0,0,0,0,0
40.2672,5,0,0,0,0,0,0,0,0,0,0
40.3294,0,-3.35674,-7.34623,2.92225,-0.00712451,-0.00982696,-0.0197093,0.061493,0,0,0
40.3294,1,-7.27107,-3.56546,2.96785,-0.0136981,0.0504039,-0.0284035,0.241946,0,0,0
40.3294,2,-5.21043,-5.3451,6.88983,0.547704,0.595584,-0.224369,2.75593,0,0,0
40.3294,3,0,0,0,0,0,0,0,0,0,0
40.3294,4,0,0,0,0,0,0,0,0,0,0
40.3294,5,0,0,0,0,0,0,0,0,0,0
40.3875,0,-3.35722,-7.34686,2.92098,-0.00699449,-0.00958807,-0.0183962,0.0582543,0,0,0
40.3875,1,-7.274,-3.56063,2.96781,-0.0206532,0.057288,-0.0285145,0.236005,0,0,0
40.3875,2,-5.16613,-5.30006,6.89686,0.605894,0.651877,-0.29759,2.62954,0,0,0
40.3875,3,0,0,0,0,0,0,0,0,0,0
40.3875,4,0,0,0,0,0,0,0,0,0,0
40.3875,5,0,0,0,0,0,0,0,0,0,0
40.4453,0,-3.35765,-7.34749,2.9211,-0.00667967,-0.00926952,-0.0184002,0.0582543,0,0,0
40.4453,1,-7.27556,-3.55706,2.96482,-0.0217756,0.0586051,-0.0267812,0.236005,0,0,0
40.4453,2,-5.12557,-5.2589,6.89177,0.651308,0.686825,-0.373325,2.62954,0,0,0
40.4453,3,0,0,0,0,0,0,0,0,0,0
40.4453,4,0,0,0,0,0,0,0,0,0,0
40.4453,5,0,0,0,0,0,0,0,0,0,0
40.5238,0,-3.35808,-7.34807,2.92032,-0.00653206,-0.00906095,-0.0175851,0.0564134,0,0,0
40.5238,1,-7.27731,-3.55372,2.9635,-0.0235892,0.0595498,-0.0262671,0.226056,0,0,0
40.5238,2,-5.08405,-5.21621,6.88762,0.700265,0.730201,-0.418967,2.57174,0,0,0
40.5238,3,0,0,0,0,0,0,0,0,0,0
40.5238,4,0,0,0,0,0,0,0,0,0,0
40.5238,5,0,0,0,0,0,0,0,0,0,0
40.5843,0,-3.35856,-7.34872,2.9184,-0.00655248,-0.0091334,-0.0162384,0.0533383,0,0,0
40.5843,1,-7.27867,-3.55092,2.96352,-0.0223878,0.0556866,-0.0255509,0.226056,0,0,0
40.5843,2,-5.05188,-5.18386,6.8755,0.70827,0.720244,-0.453798,2.57174,0,0,0
40.5843,3,0,0,0,0,0,0,0,0,0,0
40.5843,4,0,0,0,0,0,0,0,0,0,0
40.5843,5,0,0,0,0,0,0,0,0,0,0
40.6512,0,-3.35928,-7.34973,2.91782,-0.00605673,-0.00854386,-0.0160804,0.0533383,0,0,0
40.6512,1,-7.28,-3.54837,2.96218,-0.0224408,0.054332,-0.0245959,0.219232,0,0,0
40.6512,2,-5.03595,-5.16827,6.87887,0.67388,0.670515,-0.438346,2.46656,0,0,0
40.6512,3,0,0,0,0,0,0,0,0,0,0
40.6512,4,0,0,0,0,0,0,0,0,0,0
40.6512,5,0,0,0,0,0,0,0,0,0,0
40.7167,0,-3.35928,-7.34973,2.91782,-0.00605673,-0.00854386,-0.0160804,0.0533383,0,0,0
40.7167,1,-7.28195,-3.54619,2.96104,-0.0245654,0.0519873,-0.0242067,0.219232,0,0,0
40.7167,2,-5.03931,-5.17214,6.87732,0.595425,0.577931,-0.387737,2.46656,0,0,0
40.7167,3,0,0,0,0,0,0,0,0,0,0
40.7167,4,0,0,0,0,0,0,0,0,0,0
40.7167,5,0,0,0,0,0,0,0,0,0,0
40.7819,0,-3.3597,-7.35027,2.91648,-0.00605488,-0.00835985,-0.0153164,0.0521497,0,0,0
40.7819,1,-7.28322,-3.54439,2.95997,-0.0240631,0.0484918,-0.0237097,0.213,0,0,0
40.7819,2,-5.04408,-5.17774,6.87726,0.521275,0.496085,-0.326292,2.44942,0,0,0
40.7819,3,0,0,0,0,0,0,0,0,0,0
40.7819,4,0,0,0,0,0,0,0,0,0,0
40.7819,5,0,0,0,0,0,0,0,0,0,0
40.8402,0,-3.36044,-7.35129,2.91462,-0.00563197,-0.00786204,-0.014169,0.0493798,0,0,0
40.8402,1,-7.28474,-3.54196,2.95871,-0.0241446,0.046919,-0.0232605,0.207436,0,0,0
40.8402,2,-5.04933,-5.18384,6.87022,0.454671,0.428055,-0.270555,2.44942,0,0,0
40.8402,3,0,0,0,0,0,0,0,0,0,0
40.8402,4,0,0,0,0,0,0,0,0,0,0
40.8402,5,0,0,0,0,0,0,0,0,0,0
40.8982,0,-3.36079,-7.35176,2.91398,-0.00551781,-0.00769522,-0.0136331,0.0493798,0,0,0
40.8982,1,-7.28683,-3.53998,2.95739,-0.0267147,0.0451577,-0.0229282,0.207436,0,0,0
40.8982,2,-5.10749,-5.24329,6.86756,0.24189,0.2198,-0.117443,3.1953,0,0,0
40.8982,3,0,0,0,0,0,0,0,0,0,0
40.8982,4,0,0,0,0,0,0,0,0,0,0
40.8982,5,0,0,0,0,0,0,0,0,0,0
40.9517,0,-3.36104,-7.35212,2.91334,-0.00513799,-0.00716828,-0.0131839,0.0475564,0,0,0
40.9517,1,-7.2884,-3.53811,2.95621,-0.027114,0.0430387,-0.0224267,0.207436,0,0,0
40.9517,2,-5.15289,-5.28936,6.86246,0.0793351,0.0672229,-0.0168537,3.1953,0,0,0
40.9517,3,0,0,0,0,0,0,0,0,0,0
40.9517,4,0,0,0,0,0,0,0,0,0,0
40.9517,5,0,0,0,0,0,0,0,0,0,0
41.0084,0,-3.36136,-7.35252,2.91287,-0.00502195,-0.00691877,-0.0128768,0.0475564,0,0,0
41.0084,1,-7.28994,-3.53632,2.95527,-0.0270857,0.0404936,-0.0218646,0.201738,0,0,0
41.0084,2,-5.18171,-5.31854,6.83988,-0.0170175,-0.0227655,0.015896,3.04759,0,0,0
41.0084,3,0,0,0,0,0,0,0,0,0,0
41.0084,4,0,0,0,0,0,0,0,0,0,0
41.0084,5,0,0,0,0,0,0,0,0,0,0
41.0713,0,-3.36171,-7.35305,2.91194,-0.00506257,-0.00715839,-0.0126264,0.0461022,0,0,0
41.0713,1,-7.29122,-3.53504,2.95406,-0.0261015,0.0365657,-0.0213501,0.197181,0,0,0
41.0713,2,-5.23889,-5.37615,6.86193,-0.186679,-0.185301,0.0664283,3.04759,0,0,0
41.0713,3,0,0,0,0,0,0,0,0,0,0
41.0713,4,0,0,0,0,0,0,0,0,0,0
41.0713,5,0,0,0,0,0,0,0,0,0,0
41.1266,0,-3.36171,-7.35305,2.91194,-0.00506257,-0.00715839,-0.0126264,0.0461022,0,0,0
41.1266,1,-7.29259,-3.5333,2.95308,-0.0259587,0.0352426,-0.0210563,0.197181,0,0,0
41.1266,2,-5.33091,-5.46804,6.85314,-0.455756,-0.447522,0.0833172,2.92549,0,0,0
41.1266,3,0,0,0,0,0,0,0,0,0,0
41.1266,4,0,0,0,0,0,0,0,0,0,0
41.1266,5,0,0,0,0,0,0,0,0,0,0
41.1947,0,-3.36228,-7.35384,2.91056,-0.00465901,-0.00661444,-0.0116219,0.0440569,0,0,0
41.1947,1,-7.29493,-3.53093,2.95171,-0.0284967,0.0355127,-0.020646,0.191336,0,0,0
41.1947,2,-5.3831,-5.52063,6.83852,-0.556944,-0.553149,0.0508455,2.92549,0,0,0
41.1947,3,0,0,0,0,0,0,0,0,0,0
41.1947,4,0,0,0,0,0,0,0,0,0,0
41.1947,5,0,0,0,0,0,0,0,0,0,0
41.2637,0,-3.36249,-7.35412,2.90989,-0.00429448,-0.00606023,-0.0114026,0.0440569,0,0,0
41.2637,1,-7.29628,-3.52947,2.95066,-0.0279631,0.0333967,-0.0205741,0.191336,0,0,0
41.2637,2,-5.43611,-5.57299,6.84758,-0.734051,-0.745118,-0.0627262,2.72171,0,0,0
41.2637,3,0,0,0,0,0,0,0,0,0,0
41.2637,4,0,0,0,0,0,0,0,0,0,0
41.2637,5,0,0,0,0,0,0,0,0,0,0
41.314,0,-3.36249,-7.35412,2.90989,-0.00429448,-0.00606023,-0.0114026,0.0425426,0,0,0
41.314,1,-7.29628,-3.52947,2.95066,-0.0279631,0.0333967,-0.0205741,0.189165,0,0,0
41.314,2,-5.53754,-5.67401,6.85577,-0.841045,-0.857524,-0.0868434,2.72171,0,0,0
41.314,3,0,0,0,0,0,0,0,0,0,0
41.314,4,0,0,0,0,0,0,0,0,0,0
41.314,5,0,0,0,0,0,0,0,0,0,0
41.3717,0,-3.36294,-7.35474,2.90883,-0.00371623,-0.00521971,-0.0110367,0.0425426,0,0,0
41.3717,1,-7.29805,-3.52745,2.94857,-0.0291054,0.0337051,-0.0204085,0.189165,0,0,0
41.3717,2,-5.5813,-5.71745,6.8562,-0.859932,-0.87545,-0.181602,2.504,0,0,0
41.3717,3,0,0,0,0,0,0,0,0,0,0
41.3717,4,0,0,0,0,0,0,0,0,0,0
41.3717,5,0,0,0,0,0,0,0,0,0,0
41.4248,0,-3.36294,-7.35474,2.90883,-0.00371623,-0.00521971,-0.0110367,0.041236,0,0,0
41.4248,1,-7.29849,-3.52684,2.94763,-0.0231828,0.0262272,-0.0204214,0.184889,0,0,0
41.4248,2,-5.65724,-5.79148,6.85878,-0.963614,-0.987243,-0.265461,2.504,0,0,0
41.4248,3,0,0,0,0,0,0,0,0,0,0
41.4248,4,0,0,0,0,0,0,0,0,0,0
41.4248,5,0,0,0,0,0,0,0,0,0,0
41.4837,0,-3.36322,-7.35512,2.90828,-0.00371767,-0.00524239,-0.0114096,0.041236,0,0,0
41.4837,1,-7.30015,-3.52489,2.94629,-0.0247338,0.027406,-0.0198442,0.184889,0,0,0
41.4837,2,-5.74197,-5.87599,6.86533,-1.07881,-1.11175,-0.374961,2.33634,0,0,0
41.4837,3,0,0,0,0,0,0,0,0,0,0
41.4837,4,0,0,0,0,0,0,0,0,0,0
41.4837,5,0,0,0,0,0,0,0,0,0,0
41.5362,0,-3.36347,-7.35547,2.90775,-0.00364814,-0.00510684,-0.0113249,0.0398413,0,0,0
41.5362,1,-7.30091,-3.52364,2.9453,-0.0227271,0.0258235,-0.0197255,0.180344,0,0,0
41.5362,2,-5.80007,-5.93236,6.8565,-1.1053,-1.12088,-0.458463,2.33634,0,0,0
41.5362,3,0,0,0,0,0,0,0,0,0,0
41.5362,4,0,0,0,0,0,0,0,0,0,0
41.5362,5,0,0,0,0,0,0,0,0,0,0
41.594,0,-3.36367,-7.35577,2.90707,-0.00345678,-0.00494509,-0.0112082,0.0398413,0,0,0
41.594,1,-7.30244,-3.52167,2.94514,-0.0238847,0.0271904,-0.0200006,0.180344,0,0,0
41.594,2,-5.8167,-5.94828,6.86346,-0.997859,-0.993354,-0.508809,2.13587,0,0,0
41.594,3,0,0,0,0,0,0,0,0,0,0
41.594,4,0,0,0,0,0,0,0,0,0,0
41.594,5,0,0,0,0,0,0,0,0,0,0
41.6555,0,-3.3639,-7.35607,2.90671,-0.00339874,-0.00478715,-0.0111648,0.0385607,0,0,0
41.6555,1,-7.3026,-3.52084,2.94302,-0.0198313,0.024083,-0.0194034,0.176459,0,0,0
41.6555,2,-5.90733,-6.03579,6.86522,-1.1311,-1.12024,-0.582548,2.13587,0,0,0
41.6555,3,0,0,0,0,0,0,0,0,0,0
41.6555,4,0,0,0,0,0,0,0,0,0,0
41.6555,5,0,0,0,0,0,0,0,0,0,0
41.7144,0,-3.36431,-7.35669,2.90543,-0.00301846,-0.00449884,-0.011065,0.0385607,0,0,0
41.7144,1,-7.30402,-3.5188,2.94301,-0.0210458,0.0260561,-0.0197787,0.176459,0,0,0
41.7144,2,-5.95996,-6.08598,6.86407,-1.13324,-1.10074,-0.610145,1.98687,0,0,0
41.7144,3,0,0,0,0,0,0,0,0,0,0
41.7144,4,0,0,0,0,0,0,0,0,0,0
41.7144,5,0,0,0,0,0,0,0,0,0,0
41.7679,0,-3.36431,-7.35669,2.90543,-0.00301846,-0.00449884,-0.011065,0.0370868,0,0,0
41.7679,1,-7.30462,-3.51744,2.94129,-0.0183087,0.0240621,-0.0190669,0.172156,0,0,0
41.7679,2,-6.01584,-6.13871,6.86309,-1.1266,-1.07529,-0.647778,1.98687,0,0,0
41.7679,3,0,0,0,0,0,0,0,0,0,0
41.7679,4,0,0,0,0,0,0,0,0,0,0
41.7679,5,0,0,0,0,0,0,0,0,0,0
41.8313,0,-3.36479,-7.35733,2.90437,-0.00308607,-0.00442447,-0.0110047,0.0370868,0,0,0
41.8313,1,-7.30548,-3.51537,2.94005,-0.0178764,0.0260893,-0.0186347,0.172156,0,0,0
41.8313,2,-6.05005,-6.17052,6.8706,-1.03983,-0.970806,-0.63209,1.83736,0,0,0
41.8313,3,0,0,0,0,0,0,0,0,0,0
41.8313,4,0,0,0,0,0,0,0,0,0,0
41.8313,5,0,0,0,0,0,0,0,0,0,0
41.892,0,-3.36501,-7.35768,2.90371,-0.00307454,-0.00456639,-0.0108845,0.0357645,0,0,0
41.892,1,-7.30632,-3.51376,2.9391,-0.0172795,0.0263007,-0.0185598,0.167566,0,0,0
41.892,2,-6.05005,-6.17052,6.8706,-1.03983,-0.970806,-0.63209,1.83736,0,0,0
41.892,3,0,0,0,0,0,0,0,0,0,0
41.892,4,0,0,0,0,0,0,0,0,0,0
41.892,5,0,0,0,0,0,0,0,0,0,0
41.9528,0,-3.36529,-7.35805,2.90313,-0.00325036,-0.0047422,-0.010734,0.0357645,0,0,0
41.9528,1,-7.30674,-3.51221,2.93809,-0.0153304,0.0261764,-0.018332,0.167566,0,0,0
41.9528,2,-6.07656,-6.19349,6.86522,-0.972618,-0.892916,-0.578642,1.75556,0,0,0
41.9528,3,0,0,0,0,0,0,0,0,0,0
41.9528,4,0,0,0,0,0,0,0,0,0,0
41.9528,5,0,0,0,0,0,0,0,0,0,0
42.0118,0,-3.36547,-7.35831,2.90265,-0.0031204,-0.00454718,-0.0105563,0.0342457,0,0,0
42.0118,1,-7.30749,-3.51047,2.93712,-0.0148573,0.0268628,-0.0180242,0.163613,0,0,0
42.0118,2,-6.07713,-6.18985,6.85629,-0.711255,-0.633847,-0.371499,1.75556,0,0,0
42.0118,3,0,0,0,0,0,0,0,0,0,0
42.0118,4,0,0,0,0,0,0,0,0,0,0
42.0118,5,0,0,0,0,0,0,0,0,0,0
42.0695,0,-3.36547,-7.35831,2.90265,-0.0031204,-0.00454718,-0.0105563,0.0342457,0,0,0
42.0695,1,-7.30772,-3.50869,2.93628,-0.0124325,0.0272989,-0.0178337,0.163613,0,0,0
42.0695,2,-6.07713,-6.18985,6.85629,-0.711255,-0.633847,-0.371499,1.75671,0,0,0
42.0695,3,0,0,0,0,0,0,0,0,0,0
42.0695,4,0,0,0,0,0,0,0,0,0,0
42.0695,5,0,0,0,0,0,0,0,0,0,0
42.1298,0,-3.36572,-7.35864,2.90207,-0.0031587,-0.00458468,-0.01032,0.0329634,0,0,0
42.1298,1,-7.3098,-3.50385,2.93514,-0.0138093,0.031857,-0.0172151,0.161722,0,0,0
42.1298,2,-6.07542,-6.1855,6.83755,-0.590184,-0.51568,-0.284491,1.75671,0,0,0
42.1298,3,0,0,0,0,0,0,0,0,0,0
42.1298,4,0,0,0,0,0,0,0,0,0,0
42.1298,5,0,0,0,0,0,0,0,0,0,0
42.1932,0,-3.36596,-7.35898,2.90145,-0.00321538,-0.00464126,-0.0101357,0.0329634,0,0,0
42.1932,1,-7.31072,-3.50129,2.93427,-0.0138544,0.0338402,-0.0168116,0.161722,0,0,0
42.1932,2,-6.06359,-6.17001,6.83807,-0.460886,-0.39506,-0.181117,3.8784,0,0,0
42.1932,3,0,0,0,0,0,0,0,0,0,0
42.1932,4,0,0,0,0,0,0,0,0,0,0
42.1932,5,0,0,0,0,0,0,0,0,0,0
42.2557,0,-3.36641,-7.35961,2.90054,-0.00320668,-0.00461934,-0.00981661,0.0313801,0,0,0
42.2557,1,-7.31052,-3.50109,2.93345,-0.0131593,0.0345136,-0.0164176,0.153606,0,0,0
42.2557,2,-6.01069,-6.11151,6.83802,-0.145478,-0.0902626,-0.0927831,3.8784,0,0,0
42.2557,3,0,0,0,0,0,0,0,0,0,0
42.2557,4,0,0,0,0,0,0,0,0,0,0
42.2557,5,0,0,0,0,0,0,0,0,0,0
