time,uav_id,px,py,pz,vx,vy,vz,feedback,ref_x,ref_y,ref_z
5.8125e-05,0,0.39751,-0.290573,7.11709,0.019801,-0.0522331,-0.064101,0.261278,0,0,0
5.8125e-05,1,-1.88189,0.770302,4.31963,-0.0309179,0.0687298,-0.0200702,0.118639,0,0,0
5.8125e-05,2,1.30593,-0.89497,3.23144,-0.0461876,-0.0117968,0.0545687,0.238043,0,0,0
5.8125e-05,3,0,0,0,0,0,0,0,0,0,0
5.8125e-05,4,0,0,0,0,0,0,0,0,0,0
5.8125e-05,5,0,0,0,0,0,0,0,0,0,0
0.0578652,0,0.39881,-0.293316,7.11431,0.0182917,-0.049246,-0.0631974,10.5195,0,0,0
0.0578652,1,-1.88322,0.773161,4.31888,-0.0270415,0.0639297,-0.019038,0.118639,0,0,0
0.0578652,2,1.30322,-0.895824,3.23411,-0.0473439,-0.0110906,0.0537791,6.15458,0,0,0
0.0578652,3,0,0,0,0,0,0,0,0,0,0
0.0578652,4,0,0,0,0,0,0,0,0,0,0
0.0578652,5,0,0,0,0,0,0,0,0,0,0
0.123834,0,0.40091,-0.297052,7.11086,0.0205725,-0.0517629,-0.0624506,10.5195,0,0,0
0.123834,1,-1.88457,0.77588,4.3178,-0.0239239,0.0595008,-0.016845,6.6495,0,0,0
0.123834,2,1.30174,-0.896637,3.23699,-0.0446309,-0.0107023,0.0526741,6.15458,0,0,0
0.123834,3,0,0,0,0,0,0,0,0,0,0
0.123834,4,0,0,0,0,0,0,0,0,0,0
0.123834,5,0,0,0,0,0,0,0,0,0,0
0.184764,0,0.401411,-0.299111,7.1077,0.0167442,-0.0476062,-0.0621508,10.1877,0,0,0
0.184764,1,-1.88664,0.779696,4.31707,-0.0241563,0.0598894,-0.0118188,6.6495,0,0,0
0.184764,2,1.29927,-0.897377,3.23966,-0.0455733,-0.0100128,0.0519749,7.99125,0,0,0
0.184764,3,0,0,0,0,0,0,0,0,0,0
0.184764,4,0,0,0,0,0,0,0,0,0,0
0.184764,5,0,0,0,0,0,0,0,0,0,0
0.245124,0,0.402452,-0.301697,7.10451,0.0150601,-0.0450355,-0.0616951,10.1877,0,0,0
0.245124,1,-1.8886,0.783378,4.3167,-0.0240956,0.0597963,-0.00364377,6.65092,0,0,0
0.245124,2,1.29951,-0.897644,3.24235,-0.044421,-0.0107724,0.0549881,7.99125,0,0,0
0.245124,3,0,0,0,0,0,0,0,0,0,0
0.245124,4,0,0,0,0,0,0,0,0,0,0
0.245124,5,0,0,0,0,0,0,0,0,0,0
0.298109,0,0.403499,-0.304166,7.10162,0.0140227,-0.0438729,-0.060983,10.1858,0,0,0
0.298109,1,-1.88968,0.785984,4.31705,-0.0207662,0.055859,0.00825972,6.65092,0,0,0
0.298109,2,1.29485,-0.899122,3.24538,-0.0446335,-0.00893057,0.066618,7.98904,0,0,0
0.298109,3,0,0,0,0,0,0,0,0,0,0
0.298109,4,0,0,0,0,0,0,0,0,0,0
0.298109,5,0,0,0,0,0,0,0,0,0,0
0.358327,0,0.404908,-0.307504,7.09834,0.0141319,-0.0458734,-0.0595691,10.1858,0,0,0
0.358327,1,-1.89133,0.788934,4.31791,-0.0200102,0.0540144,0.0120139,6.65262,0,0,0
0.358327,2,1.29514,-0.8994,3.24926,-0.0418536,-0.00828067,0.0855029,7.98904,0,0,0
0.358327,3,0,0,0,0,0,0,0,0,0,0
0.358327,4,0,0,0,0,0,0,0,0,0,0
0.358327,5,0,0,0,0,0,0,0,0,0,0
0.421076,0,0.405389,-0.310309,7.09693,0.00964406,-0.0447232,-0.0569465,10.1838,0,0,0
0.421076,1,-1.89188,0.790229,4.31887,-0.0142449,0.0449086,0.0117985,6.65262,0,0,0
0.421076,2,1.29079,-0.901313,3.25464,-0.0377685,-0.00526736,0.10881,7.98495,0,0,0
0.421076,3,0,0,0,0,0,0,0,0,0,0
0.421076,4,0,0,0,0,0,0,0,0,0,0
0.421076,5,0,0,0,0,0,0,0,0,0,0
0.486404,0,0.405074,-0.313197,7.09391,0.00349901,-0.0464768,-0.0534662,10.1838,0,0,0
0.486404,1,-1.89602,0.794646,4.32149,-0.0242956,0.0493605,-0.00367119,6.65346,0,0,0
0.486404,2,1.28806,-0.903092,3.26007,-0.0338761,-0.00222073,0.130068,7.97765,0,0,0
0.486404,3,0,0,0,0,0,0,0,0,0,0
0.486404,4,0,0,0,0,0,0,0,0,0,0
0.486404,5,0,0,0,0,0,0,0,0,0,0
0.544328,0,0.403946,-0.317475,7.08969,-0.004511,-0.0530718,-0.0469985,10.1764,0,0,0
0.544328,1,-1.89944,0.795236,4.32208,-0.0326543,0.03778,-0.0304479,6.65346,0,0,0
0.544328,2,1.28288,-0.90717,3.26802,-0.0369705,-0.00550023,0.149293,7.97765,0,0,0
0.544328,3,0,0,0,0,0,0,0,0,0,0
0.544328,4,0,0,0,0,0,0,0,0,0,0
0.544328,5,0,0,0,0,0,0,0,0,0,0
0.609991,0,0.400883,-0.323012,7.08734,-0.0173784,-0.0622931,-0.0371894,10.1764,0,0,0
0.609991,1,-1.90585,0.796296,4.31859,-0.0525284,0.0282643,-0.0525145,6.64651,0,0,0
0.609991,2,1.27719,-0.913282,3.27609,-0.0505356,-0.0203279,0.16769,7.96282,0,0,0
0.609991,3,0,0,0,0,0,0,0,0,0,0
0.609991,4,0,0,0,0,0,0,0,0,0,0
0.609991,5,0,0,0,0,0,0,0,0,0,0
0.66803,0,0.397241,-0.328808,7.09042,-0.0284379,-0.0689804,-0.0202588,10.164,0,0,0
0.66803,1,-1.91569,0.792134,4.31419,-0.0840214,-0.00232018,-0.0831979,6.64651,0,0,0
0.66803,2,1.26365,-0.923807,3.28323,-0.0660784,-0.0334405,0.17718,7.96282,0,0,0
0.66803,3,0,0,0,0,0,0,0,0,0,0
0.66803,4,0,0,0,0,0,0,0,0,0,0
0.66803,5,0,0,0,0,0,0,0,0,0,0
0.738338,0,0.372246,-0.361405,7.10117,-0.0983481,-0.140314,0.0305713,10.164,0,0,0
0.738338,1,-1.92733,0.786447,4.31135,-0.120142,-0.0340941,-0.104525,6.63559,0,0,0
0.738338,2,1.24518,-0.942045,3.29151,-0.106893,-0.0768959,0.19085,7.9206,0,0,0
0.738338,3,0,0,0,0,0,0,0,0,0,0
0.738338,4,0,0,0,0,0,0,0,0,0,0
0.738338,5,0,0,0,0,0,0,0,0,0,0
0.801814,0,0.354851,-0.382482,7.08782,-0.14091,-0.182199,0.0516263,10.1241,0,0,0
0.801814,1,-1.94731,0.772665,4.29295,-0.184487,-0.0928023,-0.127474,6.63559,0,0,0
0.801814,2,1.22769,-0.958042,3.30089,-0.138234,-0.105368,0.19952,7.9206,0,0,0
0.801814,3,0,0,0,0,0,0,0,0,0,0
0.801814,4,0,0,0,0,0,0,0,0,0,0
0.801814,5,0,0,0,0,0,0,0,0,0,0
0.864624,0,0.32269,-0.418362,7.09097,-0.224409,-0.259162,0.101042,10.097,0,0,0
0.864624,1,-1.96465,0.761745,4.28451,-0.227699,-0.129203,-0.127266,6.5735,0,0,0
0.864624,2,1.19407,-0.990861,3.306,-0.21765,-0.181964,0.220706,7.85101,0,0,0
0.864624,3,0,0,0,0,0,0,0,0,0,0
0.864624,4,0,0,0,0,0,0,0,0,0,0
0.864624,5,0,0,0,0,0,0,0,0,0,0
0.927975,0,0.32269,-0.418362,7.09097,-0.224409,-0.259162,0.101042,10.097,0,0,0
0.927975,1,-2.00021,0.732801,4.27301,-0.337593,-0.228335,-0.136459,6.5735,0,0,0
0.927975,2,1.1804,-1.00465,3.30917,-0.265529,-0.22666,0.234517,7.85101,0,0,0
0.927975,3,0,0,0,0,0,0,0,0,0,0
0.927975,4,0,0,0,0,0,0,0,0,0,0
0.927975,5,0,0,0,0,0,0,0,0,0,0
0.995719,0,0.297101,-0.446453,7.08297,-0.277468,-0.306272,0.135211,10.0115,0,0,0
0.995719,1,-2.05217,0.694071,4.25514,-0.431083,-0.308735,-0.123597,6.52625,0,0,0
0.995719,2,1.13949,-1.04414,3.31142,-0.359683,-0.317498,0.268305,7.77589,0,0,0
0.995719,3,0,0,0,0,0,0,0,0,0,0
0.995719,4,0,0,0,0,0,0,0,0,0,0
0.995719,5,0,0,0,0,0,0,0,0,0,0
1.05425,0,0.212396,-0.537487,7.07846,-0.455852,-0.472298,0.239033,10.0115,0,0,0
1.05425,1,-2.09962,0.652167,4.23744,-0.542408,-0.410432,-0.112177,6.52625,0,0,0
1.05425,2,1.11936,-1.06308,3.3132,-0.372316,-0.328012,0.271888,7.77589,0,0,0
1.05425,3,0,0,0,0,0,0,0,0,0,0
1.05425,4,0,0,0,0,0,0,0,0,0,0
1.05425,5,0,0,0,0,0,0,0,0,0,0
1.11478,0,0.212396,-0.537487,7.07846,-0.455852,-0.472298,0.239033,10.0115,0,0,0
1.11478,1,-2.14389,0.616974,4.21172,-0.631107,-0.480516,-0.114242,6.39364,0,0,0
1.11478,2,1.0752,-1.10734,3.3154,-0.402736,-0.361332,0.287343,7.68709,0,0,0
1.11478,3,0,0,0,0,0,0,0,0,0,0
1.11478,4,0,0,0,0,0,0,0,0,0,0
1.11478,5,0,0,0,0,0,0,0,0,0,0
1.17616,0,0.166143,-0.587581,7.07536,-0.537142,-0.549937,0.285613,9.82042,0,0,0
1.17616,1,-2.16356,0.596101,4.19038,-0.70976,-0.55577,-0.1231,6.39364,0,0,0
1.17616,2,1.0542,-1.12889,3.31781,-0.470657,-0.422874,0.322033,7.68709,0,0,0
1.17616,3,0,0,0,0,0,0,0,0,0,0
1.17616,4,0,0,0,0,0,0,0,0,0,0
1.17616,5,0,0,0,0,0,0,0,0,0,0
1.23636,0,0.103442,-0.652823,7.07239,-0.644864,-0.64528,0.348626,9.82042,0,0,0
1.23636,1,-2.22936,0.539084,4.15682,-0.857962,-0.679651,-0.094606,6.3006,0,0,0
1.23636,2,0.932245,-1.24886,3.31979,-0.70023,-0.62841,0.436375,7.68709,0,0,0
1.23636,3,0,0,0,0,0,0,0,0,0,0
1.23636,4,0,0,0,0,0,0,0,0,0,0
1.23636,5,0,0,0,0,0,0,0,0,0,0
1.30194,0,0.0354059,-0.72394,7.07157,-0.757919,-0.748453,0.410082,10.0575,0,0,0
1.30194,1,-2.29782,0.47812,4.12247,-0.98723,-0.795089,-0.062824,4.85626,0,0,0
1.30194,2,0.829401,-1.3507,3.32189,-0.915942,-0.817243,0.550205,7.50199,0,0,0
1.30194,3,0,0,0,0,0,0,0,0,0,0
1.30194,4,0,0,0,0,0,0,0,0,0,0
1.30194,5,0,0,0,0,0,0,0,0,0,0
1.36571,0,-0.0403486,-0.802746,7.07004,-0.889756,-0.870022,0.474755,9.85036,0,0,0
1.36571,1,-2.34696,0.43679,4.08838,-1.02866,-0.838222,-0.119046,4.85626,0,0,0
1.36571,2,0.72008,-1.46085,3.32223,-1.13706,-1.02189,0.619885,7.20741,0,0,0
1.36571,3,0,0,0,0,0,0,0,0,0,0
1.36571,4,0,0,0,0,0,0,0,0,0,0
1.36571,5,0,0,0,0,0,0,0,0,0,0
1.43632,0,-0.215335,-0.985965,7.05855,-1.19012,-1.16126,0.573304,9.85036,0,0,0
1.43632,1,-2.39214,0.393228,4.04366,-1.04857,-0.877544,-0.184482,4.85626,0,0,0
1.43632,2,0.705462,-1.47779,3.31697,-1.21698,-1.11952,0.496882,7.20741,0,0,0
1.43632,3,0,0,0,0,0,0,0,0,0,0
1.43632,4,0,0,0,0,0,0,0,0,0,0
1.43632,5,0,0,0,0,0,0,0,0,0,0
1.52426,0,-0.287422,-1.0599,7.04963,-1.26611,-1.23566,0.562979,8.62962,0,0,0
1.52426,1,-2.46,0.332068,3.99963,-1.10888,-0.939631,-0.194267,4.81477,0,0,0
1.52426,2,0.645087,-1.53986,3.31403,-1.23279,-1.15838,0.405329,7.09949,0,0,0
1.52426,3,0,0,0,0,0,0,0,0,0,0
1.52426,4,0,0,0,0,0,0,0,0,0,0
1.52426,5,0,0,0,0,0,0,0,0,0,0
1.5873,0,-0.400528,-1.17674,7.03631,-1.45603,-1.42602,0.611844,8.62962,0,0,0
1.5873,1,-2.61589,0.196814,3.96959,-1.2927,-1.09656,-0.181006,9.40335,0,0,0
1.5873,2,0.527425,-1.659,3.32223,-1.46703,-1.37858,0.348592,7.09949,0,0,0
1.5873,3,0,0,0,0,0,0,0,0,0,0
1.5873,4,0,0,0,0,0,0,0,0,0,0
1.5873,5,0,0,0,0,0,0,0,0,0,0
1.64785,0,-0.49242,-1.27014,7.02919,-1.55146,-1.52007,0.625427,8.41381,0,0,0
1.64785,1,-2.71639,0.104404,3.95489,-1.40212,-1.2137,-0.249732,9.40335,0,0,0
1.64785,2,0.414296,-1.79759,3.32356,-1.65991,-1.66421,0.311969,6.75777,0,0,0
1.64785,3,0,0,0,0,0,0,0,0,0,0
1.64785,4,0,0,0,0,0,0,0,0,0,0
1.64785,5,0,0,0,0,0,0,0,0,0,0
1.70178,0,-0.589031,-1.36758,7.02458,-1.63865,-1.61657,0.584305,8.41381,0,0,0
1.70178,1,-2.79422,0.0338258,3.95902,-1.4504,-1.27138,-0.317716,9.1857,0,0,0
1.70178,2,0.293403,-1.92557,3.32114,-1.78985,-1.83327,0.265049,6.75777,0,0,0
1.70178,3,0,0,0,0,0,0,0,0,0,0
1.70178,4,0,0,0,0,0,0,0,0,0,0
1.70178,5,0,0,0,0,0,0,0,0,0,0
1.7595,0,-0.712988,-1.49115,7.0522,-1.81283,-1.79152,0.557024,8.20354,0,0,0
1.7595,1,-2.85159,-0.0160895,3.93481,-1.38257,-1.21508,-0.433709,9.1857,0,0,0
1.7595,2,0.199694,-2.03817,3.31847,-1.8395,-1.98515,0.0455932,6.4387,0,0,0
1.7595,3,0,0,0,0,0,0,0,0,0,0
1.7595,4,0,0,0,0,0,0,0,0,0,0
1.7595,5,0,0,0,0,0,0,0,0,0,0
1.82486,0,-0.85811,-1.63232,6.99096,-2.06964,-2.01842,0.243598,8.20354,0,0,0
1.82486,1,-2.96309,-0.120746,3.91266,-1.50086,-1.34212,-0.57989,8.99248,0,0,0
1.82486,2,0.0101278,-2.27321,3.32034,-1.90113,-2.18302,-0.130309,6.4387,0,0,0
1.82486,3,0,0,0,0,0,0,0,0,0,0
1.82486,4,0,0,0,0,0,0,0,0,0,0
1.82486,5,0,0,0,0,0,0,0,0,0,0
1.89357,0,-1.00328,-1.77139,6.98651,-2.23933,-2.1956,0.17695,7.9024,0,0,0
1.89357,1,-3.23185,-0.361803,3.89253,-2.09247,-1.90977,-0.684914,8.99248,0,0,0
1.89357,2,-0.119583,-2.42567,3.31589,-1.9943,-2.3535,-0.33331,4.91592,0,0,0
1.89357,3,0,0,0,0,0,0,0,0,0,0
1.89357,4,0,0,0,0,0,0,0,0,0,0
1.89357,5,0,0,0,0,0,0,0,0,0,0
1.95381,0,-1.12308,-1.88383,7.00971,-2.30907,-2.26407,0.0667033,7.9024,0,0,0
1.95381,1,-3.32545,-0.416,3.87533,-2.40481,-2.09064,-0.815293,8.59212,0,0,0
1.95381,2,-0.222908,-2.54402,3.31123,-2.03732,-2.40744,-0.449377,4.91592,0,0,0
1.95381,3,0,0,0,0,0,0,0,0,0,0
1.95381,4,0,0,0,0,0,0,0,0,0,0
1.95381,5,0,0,0,0,0,0,0,0,0,0
2.01104,0,-1.23652,-1.98737,7.03267,-2.3416,-2.25497,-0.237239,7.64237,0,0,0
2.01104,1,-3.60009,-0.654997,3.85856,-2.53409,-2.21831,-1.01724,8.59212,0,0,0
2.01104,2,-0.272309,-2.63081,3.30442,-1.86751,-2.31901,-0.655729,4.78848,0,0,0
2.01104,3,0,0,0,0,0,0,0,0,0,0
2.01104,4,0,0,0,0,0,0,0,0,0,0
2.01104,5,0,0,0,0,0,0,0,0,0,0
2.0668,0,-1.39333,-2.12031,7.03774,-2.51475,-2.33448,-0.535488,7.64237,0,0,0
2.0668,1,-3.60009,-0.654997,3.84485,-2.50033,-2.16516,-1.19952,4.0781,0,0,0
2.0668,2,-0.338314,-2.78965,3.2976,-1.79686,-2.48155,-0.77623,4.78848,0,0,0
2.0668,3,0,0,0,0,0,0,0,0,0,0
2.0668,4,0,0,0,0,0,0,0,0,0,0
2.0668,5,0,0,0,0,0,0,0,0,0,0
2.11694,0,-1.50778,-2.22183,7.02106,-2.51699,-2.29089,-0.721833,7.96359,0,0,0
2.11694,1,-3.73423,-0.771721,3.83792,-2.16476,-1.87559,-1.28668,4.0781,0,0,0
2.11694,2,-0.320151,-2.77358,3.28659,-1.74645,-2.41528,-0.78489,5.53846,0,0,0
2.11694,3,0,0,0,0,0,0,0,0,0,0
2.11694,4,0,0,0,0,0,0,0,0,0,0
2.11694,5,0,0,0,0,0,0,0,0,0,0
2.17788,0,-1.61611,-2.31026,7.0072,-2.48013,-2.17492,-0.899528,7.96359,0,0,0
2.17788,1,-3.82576,-0.837895,3.81959,-2.11978,-1.80114,-1.31081,3.99695,0,0,0
2.17788,2,-0.408049,-2.93187,3.2773,-1.72759,-2.51602,-0.836165,5.53846,0,0,0
2.17788,3,0,0,0,0,0,0,0,0,0,0
2.17788,4,0,0,0,0,0,0,0,0,0,0
2.17788,5,0,0,0,0,0,0,0,0,0,0
2.23559,0,-1.75138,-2.42244,7.00706,-2.54775,-2.15235,-1.11514,7.67032,0,0,0
2.23559,1,-3.91901,-0.91788,3.80354,-2.11487,-1.80952,-1.23823,3.99695,0,0,0
2.23559,2,-0.465362,-3.02841,3.26465,-1.64948,-2.4347,-0.809881,5.24506,0,0,0
2.23559,3,0,0,0,0,0,0,0,0,0,0
2.23559,4,0,0,0,0,0,0,0,0,0,0
2.23559,5,0,0,0,0,0,0,0,0,0,0
2.29829,0,-1.91812,-2.52553,6.99022,-2.72093,-2.10793,-1.22362,7.67032,0,0,0
2.29829,1,-3.98294,-0.963845,3.79849,-2.0328,-1.75676,-0.989033,3.95577,0,0,0
2.29829,2,-0.516866,-3.1192,3.25081,-1.58426,-2.38334,-0.689574,5.24506,0,0,0
2.29829,3,0,0,0,0,0,0,0,0,0,0
2.29829,4,0,0,0,0,0,0,0,0,0,0
2.29829,5,0,0,0,0,0,0,0,0,0,0
2.36368,0,-2.07029,-2.63557,6.96621,-2.79169,-2.05467,-1.3994,7.30125,0,0,0
2.36368,1,-4.0645,-1.03037,3.79361,-2.03636,-1.74833,-0.756907,3.95577,0,0,0
2.36368,2,-0.573812,-3.24399,3.24294,-1.53125,-2.44248,-0.662253,5.00472,0,0,0
2.36368,3,0,0,0,0,0,0,0,0,0,0
2.36368,4,0,0,0,0,0,0,0,0,0,0
2.36368,5,0,0,0,0,0,0,0,0,0,0
2.42165,0,-2.19365,-2.72191,6.94044,-2.75928,-1.95176,-1.4857,7.30125,0,0,0
2.42165,1,-4.12466,-1.08563,3.79389,-1.94954,-1.7075,-0.52859,3.9329,0,0,0
2.42165,2,-0.626271,-3.33418,3.23347,-1.47079,-2.35744,-0.667526,5.00472,0,0,0
2.42165,3,0,0,0,0,0,0,0,0,0,0
2.42165,4,0,0,0,0,0,0,0,0,0,0
2.42165,5,0,0,0,0,0,0,0,0,0,0
2.4845,0,-2.32238,-2.78937,6.91543,-2.71257,-1.74145,-1.67533,6.96433,0,0,0
2.4845,1,-4.16999,-1.13005,3.79945,-1.81952,-1.62668,-0.315171,3.9329,0,0,0
2.4845,2,-0.677322,-3.43912,3.22626,-1.40905,-2.33545,-0.676152,4.78456,0,0,0
2.4845,3,0,0,0,0,0,0,0,0,0,0
2.4845,4,0,0,0,0,0,0,0,0,0,0
2.4845,5,0,0,0,0,0,0,0,0,0,0
2.53981,0,-2.44516,-2.85641,6.90845,-2.66729,-1.57239,-1.76154,6.96433,0,0,0
2.53981,1,-4.19444,-1.15795,3.81081,-1.6337,-1.49063,-0.0720517,4.02075,0,0,0
2.53981,2,-0.722366,-3.51737,3.22123,-1.34216,-2.22886,-0.629746,4.78456,0,0,0
2.53981,3,0,0,0,0,0,0,0,0,0,0
2.53981,4,0,0,0,0,0,0,0,0,0,0
2.53981,5,0,0,0,0,0,0,0,0,0,0
2.60653,0,-2.55969,-2.91132,6.85775,-2.5546,-1.3728,-1.77964,6.68746,0,0,0
2.60653,1,-4.22233,-1.19191,3.82114,-1.47431,-1.37226,0.155324,4.02075,0,0,0
2.60653,2,-0.79187,-3.65022,3.21625,-1.16427,-2.00652,-0.487579,4.69443,0,0,0
2.60653,3,0,0,0,0,0,0,0,0,0,0
2.60653,4,0,0,0,0,0,0,0,0,0,0
2.60653,5,0,0,0,0,0,0,0,0,0,0
2.66181,0,-2.66759,-2.95597,6.82037,-2.43694,-1.19148,-1.75885,6.68746,0,0,0
2.66181,1,-4.24663,-1.22799,3.83548,-1.3124,-1.26404,0.312867,3.94973,0,0,0
2.66181,2,-0.850952,-3.73149,3.21628,-1.17383,-1.96999,-0.418551,4.69443,0,0,0
2.66181,3,0,0,0,0,0,0,0,0,0,0
2.66181,4,0,0,0,0,0,0,0,0,0,0
2.66181,5,0,0,0,0,0,0,0,0,0,0
2.72522,0,-2.78797,-2.9962,6.74061,-2.34297,-1.03786,-1.68773,6.45682,0,0,0
2.72522,1,-4.26428,-1.25496,3.84907,-1.15239,-1.14122,0.385372,3.94973,0,0,0
2.72522,2,-0.90391,-3.81695,3.2193,-1.15651,-1.94801,-0.384048,4.4455,0,0,0
2.72522,3,0,0,0,0,0,0,0,0,0,0
2.72522,4,0,0,0,0,0,0,0,0,0,0
2.72522,5,0,0,0,0,0,0,0,0,0,0
2.78589,0,-2.91395,-3.02452,6.61543,-2.38307,-0.94994,-1.58763,6.45682,0,0,0
2.78589,1,-4.26984,-1.26766,3.8608,-0.963741,-0.971948,0.452909,3.88844,0,0,0
2.78589,2,-0.956565,-3.88406,3.22121,-1.14166,-1.86159,-0.352333,4.4455,0,0,0
2.78589,3,0,0,0,0,0,0,0,0,0,0
2.78589,4,0,0,0,0,0,0,0,0,0,0
2.78589,5,0,0,0,0,0,0,0,0,0,0
2.84625,0,-3.00533,-3.059,6.53189,-2.30187,-0.928362,-1.46323,6.23659,0,0,0
2.84625,1,-4.29498,-1.3187,3.88427,-0.8713,-0.960833,0.556972,3.88844,0,0,0
2.84625,2,-0.998633,-3.9316,3.22153,-1.08661,-1.70324,-0.309603,4.26091,0,0,0
2.84625,3,0,0,0,0,0,0,0,0,0,0
2.84625,4,0,0,0,0,0,0,0,0,0,0
2.84625,5,0,0,0,0,0,0,0,0,0,0
2.89643,0,-3.1084,-3.09564,6.47571,-2.2826,-0.939554,-1.35897,6.23659,0,0,0
2.89643,1,-4.33401,-1.42201,3.92264,-0.830029,-1.1231,0.711902,3.83842,0,0,0
2.89643,2,-1.03209,-3.96726,3.22314,-1.02128,-1.5447,-0.251203,4.26091,0,0,0
2.89643,3,0,0,0,0,0,0,0,0,0,0
2.89643,4,0,0,0,0,0,0,0,0,0,0
2.89643,5,0,0,0,0,0,0,0,0,0,0
2.95216,0,-3.11586,-3.0559,6.37273,-1.99089,-0.708482,-1.04431,0.555471,0,0,0
2.95216,1,-4.36261,-1.47176,3.94623,-0.782969,-1.10683,0.711585,3.83842,0,0,0
2.95216,2,-1.12473,-4.08041,3.22076,-0.978261,-1.40693,-0.182673,4.15007,0,0,0
2.95216,3,0,0,0,0,0,0,0,0,0,0
2.95216,4,0,0,0,0,0,0,0,0,0,0
2.95216,5,0,0,0,0,0,0,0,0,0,0
3.01751,0,-3.1746,-3.05916,6.31625,-1.88035,-0.646603,-0.836558,0.555471,0,0,0
3.01751,1,-4.38764,-1.54346,3.97808,-0.713633,-1.15111,0.729391,7.24572,0,0,0
3.01751,2,-1.15368,-4.08371,3.21995,-0.914182,-1.18499,-0.175221,4.0047,0,0,0
3.01751,3,0,0,0,0,0,0,0,0,0,0
3.01751,4,0,0,0,0,0,0,0,0,0,0
3.01751,5,0,0,0,0,0,0,0,0,0,0
3.07276,0,-3.27386,-3.05288,6.30683,-1.93222,-0.524352,-0.64596,0.672399,0,0,0
3.07276,1,-4.41018,-1.60007,4.00928,-0.651781,-1.1458,0.728115,7.24572,0,0,0
3.07276,2,-1.18579,-4.10958,3.21512,-0.860108,-1.05239,-0.193229,4.0047,0,0,0
3.07276,3,0,0,0,0,0,0,0,0,0,0
3.07276,4,0,0,0,0,0,0,0,0,0,0
3.07276,5,0,0,0,0,0,0,0,0,0,0
3.13347,0,-3.31931,-3.0493,6.30318,-1.77951,-0.430491,-0.486811,0.672399,0,0,0
3.13347,1,-4.42927,-1.67395,4.06347,-0.603734,-1.23943,0.722591,7.09593,0,0,0
3.13347,2,-1.22752,-4.14491,3.20836,-0.847656,-0.977991,-0.220569,3.94605,0,0,0
3.13347,3,0,0,0,0,0,0,0,0,0,0
3.13347,4,0,0,0,0,0,0,0,0,0,0
3.13347,5,0,0,0,0,0,0,0,0,0,0
3.19904,0,-3.35248,-3.04764,6.29437,-1.59743,-0.354052,-0.353848,5.32044,0,0,0
3.19904,1,-4.47036,-1.7494,4.10817,-0.640408,-1.31749,0.725583,7.09593,0,0,0
3.19904,2,-1.28303,-4.19428,3.20073,-0.872859,-0.955186,-0.215103,3.94605,0,0,0
3.19904,3,0,0,0,0,0,0,0,0,0,0
3.19904,4,0,0,0,0,0,0,0,0,0,0
3.19904,5,0,0,0,0,0,0,0,0,0,0
3.26029,0,-3.49353,-3.05647,6.29513,-1.54347,-0.242751,-0.243074,5.32044,0,0,0
3.26029,1,-4.47082,-1.80341,4.15065,-0.535822,-1.31678,0.673567,6.90939,0,0,0
3.26029,2,-1.28303,-4.19428,3.20073,-0.872859,-0.955186,-0.215103,3.82092,0,0,0
3.26029,3,0,0,0,0,0,0,0,0,0,0
3.26029,4,0,0,0,0,0,0,0,0,0,0
3.26029,5,0,0,0,0,0,0,0,0,0,0
3.31561,0,-3.4811,-3.0498,6.29346,-1.50956,-0.205045,-0.114904,5.1831,0,0,0
3.31561,1,-4.49026,-1.87335,4.18901,-0.483287,-1.34395,0.580328,6.90939,0,0,0
3.31561,2,-1.33903,-4.25345,3.1904,-0.8835,-0.95719,-0.197985,3.82092,0,0,0
3.31561,3,0,0,0,0,0,0,0,0,0,0
3.31561,4,0,0,0,0,0,0,0,0,0,0
3.31561,5,0,0,0,0,0,0,0,0,0,0
3.37334,0,-3.59328,-3.07122,6.29856,-1.34497,-0.143064,-0.0580873,0.687174,0,0,0
3.37334,1,-4.49765,-1.94139,4.23102,-0.39708,-1.3784,0.516725,6.7679,0,0,0
3.37334,2,-1.37552,-4.28511,3.18066,-0.846212,-0.889122,-0.202791,3.69307,0,0,0
3.37334,3,0,0,0,0,0,0,0,0,0,0
3.37334,4,0,0,0,0,0,0,0,0,0,0
3.37334,5,0,0,0,0,0,0,0,0,0,0
3.43474,0,-3.63068,-3.08341,6.29992,-1.24107,-0.127264,-0.0302042,0.687174,0,0,0
3.43474,1,-4.5039,-1.9897,4.26768,-0.33024,-1.33744,0.492863,6.7679,0,0,0
3.43474,2,-1.39618,-4.30852,3.1737,-0.762052,-0.798002,-0.197954,3.69307,0,0,0
3.43474,3,0,0,0,0,0,0,0,0,0,0
3.43474,4,0,0,0,0,0,0,0,0,0,0
3.43474,5,0,0,0,0,0,0,0,0,0,0
3.51022,0,-3.67148,-3.11449,6.32631,-1.14881,-0.157467,0.0483999,0.675889,0,0,0
3.51022,1,-4.51645,-2.07453,4.32189,-0.261919,-1.43334,0.402411,6.63648,0,0,0
3.51022,2,-1.43395,-4.34636,3.16537,-0.753549,-0.775967,-0.175979,3.60897,0,0,0
3.51022,3,0,0,0,0,0,0,0,0,0,0
3.51022,4,0,0,0,0,0,0,0,0,0,0
3.51022,5,0,0,0,0,0,0,0,0,0,0
3.56812,0,-3.72778,-3.15205,6.33867,-1.12646,-0.209351,0.10528,0.675889,0,0,0
3.56812,1,-4.53194,-2.13154,4.3539,-0.223481,-1.40768,0.352312,6.63648,0,0,0
3.56812,2,-1.46007,-4.37952,3.15841,-0.703983,-0.736479,-0.157341,3.60897,0,0,0
3.56812,3,0,0,0,0,0,0,0,0,0,0
3.56812,4,0,0,0,0,0,0,0,0,0,0
3.56812,5,0,0,0,0,0,0,0,0,0,0
3.63371,0,-3.72666,-3.19339,6.35071,-1.11498,-0.33623,0.196311,0.675889,0,0,0
3.63371,1,-4.53855,-2.17282,4.37575,-0.153112,-1.33434,0.304981,3.43749,0,0,0
3.63371,2,-1.45387,-4.38224,3.15058,-0.684591,-0.746573,-0.131334,3.56697,0,0,0
3.63371,3,0,0,0,0,0,0,0,0,0,0
3.63371,4,0,0,0,0,0,0,0,0,0,0
3.63371,5,0,0,0,0,0,0,0,0,0,0
3.69893,0,-3.77096,-3.24296,6.37656,-1.0539,-0.414133,0.255358,0.656904,0,0,0
3.69893,1,-4.55491,-2.22646,4.4118,-0.126671,-1.2688,0.252688,3.43749,0,0,0
3.69893,2,-1.51731,-4.46491,3.14191,-0.628661,-0.714077,-0.101399,3.56697,0,0,0
3.69893,3,0,0,0,0,0,0,0,0,0,0
3.69893,4,0,0,0,0,0,0,0,0,0,0
3.69893,5,0,0,0,0,0,0,0,0,0,0
3.76429,0,-3.86326,-3.3269,6.46431,-0.974332,-0.499267,0.299898,0.639825,0,0,0
3.76429,1,-4.56993,-2.25329,4.43707,-0.108307,-1.12664,0.237793,3.41084,0,0,0
3.76429,2,-1.54257,-4.51721,3.136,-0.593352,-0.742748,-0.0684417,3.40483,0,0,0
3.76429,3,0,0,0,0,0,0,0,0,0,0
3.76429,4,0,0,0,0,0,0,0,0,0,0
3.76429,5,0,0,0,0,0,0,0,0,0,0
3.8221,0,-3.86326,-3.3269,6.46431,-0.974332,-0.499267,0.299898,0.639825,0,0,0
3.8221,1,-4.58134,-2.30938,4.46617,-0.0778609,-1.1184,0.186421,3.41084,0,0,0
3.8221,2,-1.53618,-4.51901,3.13107,-0.571892,-0.748067,-0.0522755,3.40483,0,0,0
3.8221,3,0,0,0,0,0,0,0,0,0,0
3.8221,4,0,0,0,0,0,0,0,0,0,0
3.8221,5,0,0,0,0,0,0,0,0,0,0
3.87371,0,-3.89292,-3.4195,6.49621,-0.877695,-0.716076,0.279195,0.639825,0,0,0
3.87371,1,-4.60966,-2.30048,4.47563,-0.124635,-0.897299,0.225102,3.38701,0,0,0
3.87371,2,-1.55568,-4.55975,3.12727,-0.516256,-0.730499,-0.0506222,3.36142,0,0,0
3.87371,3,0,0,0,0,0,0,0,0,0,0
3.87371,4,0,0,0,0,0,0,0,0,0,0
3.87371,5,0,0,0,0,0,0,0,0,0,0
3.9292,0,-3.89292,-3.4195,6.49621,-0.877695,-0.716076,0.279195,5.2834,0,0,0
3.9292,1,-4.62978,-2.31,4.49182,-0.136596,-0.763168,0.266627,3.38701,0,0,0
3.9292,2,-1.57874,-4.60096,3.12258,-0.492333,-0.730146,-0.0411807,3.36142,0,0,0
3.9292,3,0,0,0,0,0,0,0,0,0,0
3.9292,4,0,0,0,0,0,0,0,0,0,0
3.9292,5,0,0,0,0,0,0,0,0,0,0
3.98449,0,-3.96139,-3.54048,6.53182,-0.750375,-0.86279,0.242127,5.2834,0,0,0
3.98449,1,-4.6771,-2.31423,4.49966,-0.237589,-0.608017,0.336822,3.35925,0,0,0
3.98449,2,-1.6019,-4.65266,3.11843,-0.462158,-0.753874,-0.0390517,3.25796,0,0,0
3.98449,3,0,0,0,0,0,0,0,0,0,0
3.98449,4,0,0,0,0,0,0,0,0,0,0
3.98449,5,0,0,0,0,0,0,0,0,0,0
4.04731,0,-4.07376,-3.76013,6.56819,-0.783421,-1.27628,0.163496,5.14529,0,0,0
4.04731,1,-4.71956,-2.31607,4.5185,-0.313841,-0.465537,0.390493,3.35925,0,0,0
4.04731,2,-1.62826,-4.70352,3.1151,-0.442703,-0.762481,-0.0431388,3.25796,0,0,0
4.04731,3,0,0,0,0,0,0,0,0,0,0
4.04731,4,0,0,0,0,0,0,0,0,0,0
4.04731,5,0,0,0,0,0,0,0,0,0,0
4.09746,0,-4.07376,-3.76013,6.56819,-0.783421,-1.27628,0.163496,5.14529,0,0,0
4.09746,1,-4.74262,-2.33925,4.54167,-0.318084,-0.430613,0.414554,3.29754,0,0,0
4.09746,2,-1.65643,-4.76625,3.11229,-0.442609,-0.832108,-0.0535858,3.13296,0,0,0
4.09746,3,0,0,0,0,0,0,0,0,0,0
4.09746,4,0,0,0,0,0,0,0,0,0,0
4.09746,5,0,0,0,0,0,0,0,0,0,0
4.15273,0,-4.12161,-3.86275,6.58223,-0.773107,-1.42344,-0.0368033,4.90506,0,0,0
4.15273,1,-4.79176,-2.32838,4.56166,-0.411983,-0.274726,0.451895,3.29754,0,0,0
4.15273,2,-1.68055,-4.80503,3.10855,-0.436301,-0.810668,-0.0630826,3.13296,0,0,0
4.15273,3,0,0,0,0,0,0,0,0,0,0
4.15273,4,0,0,0,0,0,0,0,0,0,0
4.15273,5,0,0,0,0,0,0,0,0,0,0
4.20797,0,-4.16791,-3.9554,6.60532,-0.75211,-1.48755,-0.194018,4.90506,0,0,0
4.20797,1,-4.85719,-2.29987,4.59159,-0.550815,-0.0771308,0.488109,3.25782,0,0,0
4.20797,2,-1.70592,-4.85427,3.10909,-0.43248,-0.828223,-0.0738266,3.03228,0,0,0
4.20797,3,0,0,0,0,0,0,0,0,0,0
4.20797,4,0,0,0,0,0,0,0,0,0,0
4.20797,5,0,0,0,0,0,0,0,0,0,0
4.27079,0,-4.20123,-4.03465,6.6122,-0.708257,-1.50612,-0.300258,4.69594,0,0,0
4.27079,1,-4.92405,-2.29118,4.61723,-0.69306,0.047428,0.503825,3.25782,0,0,0
4.27079,2,-1.73467,-4.91036,3.10345,-0.436614,-0.859756,-0.0803244,3.03228,0,0,0
4.27079,3,0,0,0,0,0,0,0,0,0,0
4.27079,4,0,0,0,0,0,0,0,0,0,0
4.27079,5,0,0,0,0,0,0,0,0,0,0
4.32092,0,-4.25432,-4.13567,6.60297,-0.7124,-1.5497,-0.397256,4.5062,0,0,0
4.32092,1,-4.99511,-2.28622,4.64573,-0.824763,0.135616,0.478491,3.19643,0,0,0
4.32092,2,-1.76671,-4.96781,3.10321,-0.455899,-0.898484,-0.0895629,2.904,0,0,0
4.32092,3,0,0,0,0,0,0,0,0,0,0
4.32092,4,0,0,0,0,0,0,0,0,0,0
4.32092,5,0,0,0,0,0,0,0,0,0,0
4.37879,0,-4.27036,-4.18289,6.60641,-0.620962,-1.44726,-0.452999,4.5062,0,0,0
4.37879,1,-5.05029,-2.29249,4.66903,-0.865809,0.152878,0.454674,3.19643,0,0,0
4.37879,2,-1.79088,-5.00775,3.10081,-0.449818,-0.872526,-0.0982324,2.904,0,0,0
4.37879,3,0,0,0,0,0,0,0,0,0,0
4.37879,4,0,0,0,0,0,0,0,0,0,0
4.37879,5,0,0,0,0,0,0,0,0,0,0
4.43903,0,-4.2936,-4.25514,6.60903,-0.562497,-1.44568,-0.474751,4.39309,0,0,0
4.43903,1,-5.12979,-2.30357,4.69202,-1.00485,0.153332,0.395251,3.12964,0,0,0
4.43903,2,-1.81678,-5.05193,3.0987,-0.444603,-0.856218,-0.105162,2.80619,0,0,0
4.43903,3,0,0,0,0,0,0,0,0,0,0
4.43903,4,0,0,0,0,0,0,0,0,0,0
4.43903,5,0,0,0,0,0,0,0,0,0,0
4.50039,0,-4.31823,-4.31791,6.60298,-0.519966,-1.40381,-0.455959,4.39309,0,0,0
4.50039,1,-5.20215,-2.31678,4.7128,-1.0769,0.132109,0.351456,3.03622,0,0,0
4.50039,2,-1.84608,-5.10097,3.0922,-0.45057,-0.858391,-0.108585,2.80619,0,0,0
4.50039,3,0,0,0,0,0,0,0,0,0,0
4.50039,4,0,0,0,0,0,0,0,0,0,0
4.50039,5,0,0,0,0,0,0,0,0,0,0
4.5635,0,-4.3379,-4.38,6.60258,-0.475217,-1.38211,-0.42476,4.27413,0,0,0
4.5635,1,-5.26602,-2.33553,4.73256,-1.12586,0.0760119,0.291787,3.03622,0,0,0
4.5635,2,-1.87347,-5.1344,3.08885,-0.458983,-0.816003,-0.108346,2.70566,0,0,0
4.5635,3,0,0,0,0,0,0,0,0,0,0
4.5635,4,0,0,0,0,0,0,0,0,0,0
4.5635,5,0,0,0,0,0,0,0,0,0,0
4.63156,0,-4.35701,-4.43783,6.60502,-0.442661,-1.35872,-0.358669,4.27413,0,0,0
4.63156,1,-5.33623,-2.36259,4.74984,-1.18802,-0.00985377,0.213653,2.94899,0,0,0
4.63156,2,-1.90064,-5.18571,3.08562,-0.459434,-0.840745,-0.115268,2.70566,0,0,0
4.63156,3,0,0,0,0,0,0,0,0,0,0
4.63156,4,0,0,0,0,0,0,0,0,0,0
4.63156,5,0,0,0,0,0,0,0,0,0,0
4.68489,0,-4.35822,-4.45706,6.60648,-0.359702,-1.21217,-0.255014,4.20564,0,0,0
4.68489,1,-5.39105,-2.3942,4.76407,-1.17239,-0.106259,0.147558,2.94899,0,0,0
4.68489,2,-1.93501,-5.22931,3.08259,-0.487115,-0.833889,-0.120364,2.59242,0,0,0
4.68489,3,0,0,0,0,0,0,0,0,0,0
4.68489,4,0,0,0,0,0,0,0,0,0,0
4.68489,5,0,0,0,0,0,0,0,0,0,0
4.74851,0,-4.3585,-4.49078,6.58611,-0.283312,-1.14075,-0.128193,4.20564,0,0,0
4.74851,1,-5.43772,-2.42188,4.77734,-1.12716,-0.173862,0.0913355,2.94899,0,0,0
4.74851,2,-1.96533,-5.27204,3.07878,-0.489202,-0.811849,-0.125743,2.59242,0,0,0
4.74851,3,0,0,0,0,0,0,0,0,0,0
4.74851,4,0,0,0,0,0,0,0,0,0,0
4.74851,5,0,0,0,0,0,0,0,0,0,0
4.80401,0,-4.36028,-4.51798,6.53473,-0.217188,-1.0516,0.00340818,1.54692,0,0,0
4.80401,1,-5.50314,-2.46302,4.78893,-1.14252,-0.272287,0.0182474,2.87757,0,0,0
4.80401,2,-1.98665,-5.29898,3.07472,-0.471301,-0.754727,-0.127797,2.50545,0,0,0
4.80401,3,0,0,0,0,0,0,0,0,0,0
4.80401,4,0,0,0,0,0,0,0,0,0,0
4.80401,5,0,0,0,0,0,0,0,0,0,0
4.85416,0,-4.35087,-4.53202,6.59361,-0.114882,-0.921415,0.123408,1.54692,0,0,0
4.85416,1,-5.559,-2.50724,4.79654,-1.10598,-0.356229,-0.0401956,2.87757,0,0,0
4.85416,2,-2.0174,-5.33996,3.07098,-0.486092,-0.753642,-0.125752,2.50545,0,0,0
4.85416,3,0,0,0,0,0,0,0,0,0,0
4.85416,4,0,0,0,0,0,0,0,0,0,0
4.85416,5,0,0,0,0,0,0,0,0,0,0
4.9048,0,-4.34358,-4.54629,6.63766,-0.0232773,-0.793782,0.263485,1.53954,0,0,0
4.9048,1,-5.60302,-2.54307,4.80846,-1.06014,-0.405083,-0.11415,2.78266,0,0,0
4.9048,2,-2.07163,-5.41588,3.068,-0.490289,-0.738163,-0.112339,2.36097,0,0,0
4.9048,3,0,0,0,0,0,0,0,0,0,0
4.9048,4,0,0,0,0,0,0,0,0,0,0
4.9048,5,0,0,0,0,0,0,0,0,0,0
4.96595,0,-4.33704,-4.55946,6.6736,0.0553712,-0.665447,0.339382,1.53954,0,0,0
4.96595,1,-5.65801,-2.5649,4.80994,-1.07253,-0.396608,-0.13408,2.71078,0,0,0
4.96595,2,-2.09413,-5.44423,3.06546,-0.477521,-0.701866,-0.110804,2.36097,0,0,0
4.96595,3,0,0,0,0,0,0,0,0,0,0
4.96595,4,0,0,0,0,0,0,0,0,0,0
4.96595,5,0,0,0,0,0,0,0,0,0,0
5.02373,0,-4.33028,-4.57422,6.68165,0.128062,-0.564266,0.374186,1.53917,0,0,0
5.02373,1,-5.69562,-2.60348,4.81644,-1.02159,-0.434945,-0.197385,2.71078,0,0,0
5.02373,2,-2.11501,-5.46693,3.06198,-0.457128,-0.645473,-0.106419,2.29418,0,0,0
5.02373,3,0,0,0,0,0,0,0,0,0,0
5.02373,4,0,0,0,0,0,0,0,0,0,0
5.02373,5,0,0,0,0,0,0,0,0,0,0
5.08102,0,-4.32552,-4.58864,6.72647,0.181384,-0.477224,0.407706,1.53917,0,0,0
5.08102,1,-5.713,-2.63805,4.81336,-0.905495,-0.455438,-0.248335,2.65755,0,0,0
5.08102,2,-2.1396,-5.4979,3.05879,-0.454677,-0.628021,-0.0939272,2.29418,0,0,0
5.08102,3,0,0,0,0,0,0,0,0,0,0
5.08102,4,0,0,0,0,0,0,0,0,0,0
5.08102,5,0,0,0,0,0,0,0,0,0,0
5.13116,0,-4.32718,-4.59949,6.75831,0.207203,-0.382703,0.417721,1.5487,0,0,0
5.13116,1,-5.77573,-2.67492,4.80211,-0.927944,-0.454273,-0.312399,2.65755,0,0,0
5.13116,2,-2.16309,-5.52786,3.05533,-0.441114,-0.598767,-0.0824278,2.21657,0,0,0
5.13116,3,0,0,0,0,0,0,0,0,0,0
5.13116,4,0,0,0,0,0,0,0,0,0,0
5.13116,5,0,0,0,0,0,0,0,0,0,0
5.18388,0,-4.33106,-4.6188,6.78222,0.215967,-0.340379,0.412989,1.5487,0,0,0
5.18388,1,-5.77573,-2.67492,4.80211,-0.927944,-0.454273,-0.312399,2.60029,0,0,0
5.18388,2,-2.18932,-5.56223,3.05212,-0.442802,-0.595209,-0.0758861,2.21657,0,0,0
5.18388,3,0,0,0,0,0,0,0,0,0,0
5.18388,4,0,0,0,0,0,0,0,0,0,0
5.18388,5,0,0,0,0,0,0,0,0,0,0
5.2366,0,-4.3412,-4.64242,6.80525,0.191471,-0.326536,0.383954,1.57153,0,0,0
5.2366,1,-5.80599,-2.70218,4.78727,-0.872181,-0.438586,-0.354981,2.60029,0,0,0
5.2366,2,-2.20783,-5.58816,3.04905,-0.424689,-0.571812,-0.0706104,2.14134,0,0,0
5.2366,3,0,0,0,0,0,0,0,0,0,0
5.2366,4,0,0,0,0,0,0,0,0,0,0
5.2366,5,0,0,0,0,0,0,0,0,0,0
5.2919,0,-4.36096,-4.67541,6.83623,0.137501,-0.338646,0.374679,1.57153,0,0,0
5.2919,1,-5.81934,-2.71388,4.77468,-0.76947,-0.38493,-0.380328,2.54282,0,0,0
5.2919,2,-2.22757,-5.61331,3.04491,-0.40953,-0.544287,-0.0648911,2.14134,0,0,0
5.2919,3,0,0,0,0,0,0,0,0,0,0
5.2919,4,0,0,0,0,0,0,0,0,0,0
5.2919,5,0,0,0,0,0,0,0,0,0,0
5.34207,0,-4.38293,-4.70834,6.81657,0.0724525,-0.356497,0.350798,1.63238,0,0,0
5.34207,1,-5.84401,-2.72266,4.76159,-0.714961,-0.328353,-0.388146,2.54282,0,0,0
5.34207,2,-2.22405,-5.61007,3.0451,-0.397686,-0.533541,-0.0597283,2.1139,0,0,0
5.34207,3,0,0,0,0,0,0,0,0,0,0
5.34207,4,0,0,0,0,0,0,0,0,0,0
5.34207,5,0,0,0,0,0,0,0,0,0,0
5.40233,0,-4.40251,-4.73503,6.8093,0.0155154,-0.368192,0.314209,1.63238,0,0,0
5.40233,1,-5.86485,-2.72812,4.74056,-0.657797,-0.271255,-0.398436,2.48583,0,0,0
5.40233,2,-2.24826,-5.64387,3.03974,-0.388743,-0.524147,-0.0514283,2.1139,0,0,0
5.40233,3,0,0,0,0,0,0,0,0,0,0
5.40233,4,0,0,0,0,0,0,0,0,0,0
5.40233,5,0,0,0,0,0,0,0,0,0,0
5.46571,0,-4.44751,-4.78303,6.78066,-0.131146,-0.453664,0.281185,1.70581,0,0,0
5.46571,1,-5.89366,-2.7243,4.7162,-0.647452,-0.196118,-0.443388,2.48583,0,0,0
5.46571,2,-2.27161,-5.67932,3.03652,-0.382266,-0.528118,-0.0413146,2.0295,0,0,0
5.46571,3,0,0,0,0,0,0,0,0,0,0
5.46571,4,0,0,0,0,0,0,0,0,0,0
5.46571,5,0,0,0,0,0,0,0,0,0,0
5.52597,0,-4.48873,-4.83413,6.79647,-0.242582,-0.541121,0.259604,1.70581,0,0,0
5.52597,1,-5.91595,-2.71913,4.69758,-0.606612,-0.128389,-0.491232,2.42504,0,0,0
5.52597,2,-2.30695,-5.73128,3.03346,-0.358832,-0.503489,-0.0449353,2.0295,0,0,0
5.52597,3,0,0,0,0,0,0,0,0,0,0
5.52597,4,0,0,0,0,0,0,0,0,0,0
5.52597,5,0,0,0,0,0,0,0,0,0,0
5.58256,0,-4.54644,-4.89624,6.79153,-0.403568,-0.663329,0.192633,3.84613,0,0,0
5.58256,1,-5.94321,-2.70965,4.66887,-0.595132,-0.0664086,-0.543138,2.42504,0,0,0
5.58256,2,-2.30611,-5.73091,3.03314,-0.355824,-0.502029,-0.0477636,1.96738,0,0,0
5.58256,3,0,0,0,0,0,0,0,0,0,0
5.58256,4,0,0,0,0,0,0,0,0,0,0
5.58256,5,0,0,0,0,0,0,0,0,0,0
5.64222,0,-4.60471,-4.95755,6.80393,-0.530358,-0.755377,0.131639,3.84613,0,0,0
5.64222,1,-5.97104,-2.71333,4.63631,-0.584568,-0.0636476,-0.577259,2.34758,0,0,0
5.64222,2,-2.32582,-5.76076,3.02988,-0.354074,-0.506636,-0.05188,1.96738,0,0,0
5.64222,3,0,0,0,0,0,0,0,0,0,0
5.64222,4,0,0,0,0,0,0,0,0,0,0
5.64222,5,0,0,0,0,0,0,0,0,0,0
5.71013,0,-4.66047,-5.01531,6.81308,-0.625893,-0.8197,0.062875,3.67745,0,0,0
5.71013,1,-6.00223,-2.68019,4.58231,-0.50621,0.0613013,-0.674647,2.34758,0,0,0
5.71013,2,-2.36127,-5.81708,3.02698,-0.339672,-0.503828,-0.0433447,1.8649,0,0,0
5.71013,3,0,0,0,0,0,0,0,0,0,0
5.71013,4,0,0,0,0,0,0,0,0,0,0
5.71013,5,0,0,0,0,0,0,0,0,0,0
5.76059,0,-4.7242,-5.07941,6.81939,-0.733184,-0.899818,-0.0356583,3.67745,0,0,0
5.76059,1,-6.03622,-2.66471,4.53739,-0.53954,0.102199,-0.723841,2.29829,0,0,0
5.76059,2,-2.3642,-5.82241,3.02424,-0.349764,-0.522614,-0.0445697,1.8649,0,0,0
5.76059,3,0,0,0,0,0,0,0,0,0,0
5.76059,4,0,0,0,0,0,0,0,0,0,0
5.76059,5,0,0,0,0,0,0,0,0,0,0
5.81582,0,-4.78433,-5.13917,6.82269,-0.80814,-0.946871,-0.107821,3.50708,0,0,0
5.81582,1,-6.03622,-2.66471,4.53739,-0.53954,0.102199,-0.723841,2.29829,0,0,0
5.81582,2,-2.39887,-5.87666,3.02165,-0.329197,-0.501283,-0.0484404,1.79426,0,0,0
5.81582,3,0,0,0,0,0,0,0,0,0,0
5.81582,4,0,0,0,0,0,0,0,0,0,0
5.81582,5,0,0,0,0,0,0,0,0,0,0
5.86926,0,-4.84963,-5.20324,6.82473,-0.890739,-1.00336,-0.168168,3.50708,0,0,0
5.86926,1,-6.07796,-2.65075,4.46235,-0.474594,0.101433,-0.788773,2.20466,0,0,0
5.86926,2,-2.41618,-5.90708,3.01666,-0.322911,-0.507775,-0.0364949,1.79426,0,0,0
5.86926,3,0,0,0,0,0,0,0,0,0,0
5.86926,4,0,0,0,0,0,0,0,0,0,0
5.86926,5,0,0,0,0,0,0,0,0,0,0
5.92968,0,-4.91357,-5.2649,6.83676,-0.955012,-1.03747,-0.252777,3.33115,0,0,0
5.92968,1,-6.10421,-2.64328,4.41233,-0.467627,0.106536,-0.829206,2.20466,0,0,0
5.92968,2,-2.43823,-5.93838,3.01441,-0.333525,-0.516121,-0.0408431,1.72071,0,0,0
5.92968,3,0,0,0,0,0,0,0,0,0,0
5.92968,4,0,0,0,0,0,0,0,0,0,0
5.92968,5,0,0,0,0,0,0,0,0,0,0
5.98251,0,-4.96604,-5.31553,6.85729,-0.977082,-1.03222,-0.288298,3.33115,0,0,0
5.98251,1,-6.12624,-2.6408,4.41319,-0.449427,0.0987305,-0.804554,2.12455,0,0,0
5.98251,2,-2.46155,-5.9758,3.01274,-0.343758,-0.538522,-0.0452748,1.72071,0,0,0
5.98251,3,0,0,0,0,0,0,0,0,0,0
5.98251,4,0,0,0,0,0,0,0,0,0,0
5.98251,5,0,0,0,0,0,0,0,0,0,0
6.04538,0,-5.02205,-5.369,6.86132,-0.982055,-1.00129,-0.30704,3.16935,0,0,0
6.04538,1,-6.16696,-2.63057,4.32397,-0.495729,0.124274,-0.809419,2.12455,0,0,0
6.04538,2,-2.47785,-6.00224,3.01247,-0.334737,-0.529214,-0.0477868,1.64567,0,0,0
6.04538,3,0,0,0,0,0,0,0,0,0,0
6.04538,4,0,0,0,0,0,0,0,0,0,0
6.04538,5,0,0,0,0,0,0,0,0,0,0
6.09904,0,-5.07508,-5.4184,6.86403,-0.994129,-0.979509,-0.339908,3.16935,0,0,0
6.09904,1,-6.19302,-2.63677,4.28291,-0.478612,0.0873825,-0.824928,2.02807,0,0,0
6.09904,2,-2.4968,-6.02676,3.00992,-0.335534,-0.514872,-0.0505253,1.64567,0,0,0
6.09904,3,0,0,0,0,0,0,0,0,0,0
6.09904,4,0,0,0,0,0,0,0,0,0,0
6.09904,5,0,0,0,0,0,0,0,0,0,0
6.15748,0,-5.11118,-5.45251,6.86615,-0.952081,-0.916141,-0.328305,3.01961,0,0,0
6.15748,1,-6.22248,-2.64419,4.28083,-0.465385,0.0646101,-0.752414,2.02807,0,0,0
6.15748,2,-2.50187,-6.03719,3.00715,-0.352694,-0.552053,-0.0515442,1.60298,0,0,0
6.15748,3,0,0,0,0,0,0,0,0,0,0
6.15748,4,0,0,0,0,0,0,0,0,0,0
6.15748,5,0,0,0,0,0,0,0,0,0,0
6.21322,0,-5.14126,-5.48035,6.86939,-0.901263,-0.843639,-0.329439,3.01961,0,0,0
6.21322,1,-6.25031,-2.6408,4.24612,-0.466245,0.0812978,-0.71446,1.95927,0,0,0
6.21322,2,-2.52203,-6.0702,3.00168,-0.353186,-0.560119,-0.0501383,1.60298,0,0,0
6.21322,3,0,0,0,0,0,0,0,0,0,0
6.21322,4,0,0,0,0,0,0,0,0,0,0
6.21322,5,0,0,0,0,0,0,0,0,0,0
6.27107,0,-5.21229,-5.54679,6.87634,-0.857119,-0.776529,-0.299981,2.92904,0,0,0
6.27107,1,-6.27664,-2.65025,4.21486,-0.460089,0.0551786,-0.694316,1.95927,0,0,0
6.27107,2,-2.54254,-6.09796,2.99902,-0.351986,-0.542677,-0.0473052,1.52944,0,0,0
6.27107,3,0,0,0,0,0,0,0,0,0,0
6.27107,4,0,0,0,0,0,0,0,0,0,0
6.27107,5,0,0,0,0,0,0,0,0,0,0
6.32828,0,-5.18712,-5.52269,6.87983,-0.772192,-0.697816,-0.25285,2.92904,0,0,0
6.32828,1,-6.30963,-2.66358,4.18112,-0.469466,0.0189404,-0.649924,1.878,0,0,0
6.32828,2,-2.583,-6.16294,2.9963,-0.35223,-0.553387,-0.0508808,1.52944,0,0,0
6.32828,3,0,0,0,0,0,0,0,0,0,0
6.32828,4,0,0,0,0,0,0,0,0,0,0
6.32828,5,0,0,0,0,0,0,0,0,0,0
6.386,0,-5.20055,-5.53531,6.88067,-0.663518,-0.593259,-0.221272,2.86669,0,0,0
6.386,1,-6.33564,-2.68185,4.15006,-0.45819,-0.0218435,-0.61477,1.878,0,0,0
6.386,2,-2.60163,-6.1885,2.99297,-0.350595,-0.540916,-0.0550238,1.45295,0,0,0
6.386,3,0,0,0,0,0,0,0,0,0,0
6.386,4,0,0,0,0,0,0,0,0,0,0
6.386,5,0,0,0,0,0,0,0,0,0,0
6.44652,0,-5.20314,-5.53795,6.87513,-0.542609,-0.480913,-0.205818,2.86669,0,0,0
6.44652,1,-6.35422,-2.70796,4.11935,-0.421432,-0.089069,-0.567113,1.78508,0,0,0
6.44652,2,-2.62147,-6.21662,2.99041,-0.352132,-0.536651,-0.0668963,1.45295,0,0,0
6.44652,3,0,0,0,0,0,0,0,0,0,0
6.44652,4,0,0,0,0,0,0,0,0,0,0
6.44652,5,0,0,0,0,0,0,0,0,0,0
6.50193,0,-5.1975,-5.53307,6.86535,-0.41629,-0.369441,-0.162253,2.83204,0,0,0
6.50193,1,-6.37701,-2.726,4.06462,-0.402428,-0.121185,-0.532064,1.78508,0,0,0
6.50193,2,-2.64016,-6.24686,2.98877,-0.350643,-0.541356,-0.0674875,1.38672,0,0,0
6.50193,3,0,0,0,0,0,0,0,0,0,0
6.50193,4,0,0,0,0,0,0,0,0,0,0
6.50193,5,0,0,0,0,0,0,0,0,0,0
6.55975,0,-5.1946,-5.53169,6.86471,-0.327205,-0.292875,-0.107675,2.83204,0,0,0
6.55975,1,-6.39587,-2.74181,4.04167,-0.384697,-0.142932,-0.498694,1.68297,0,0,0
6.55975,2,-2.65827,-6.27294,2.98629,-0.343808,-0.52787,-0.0676935,1.38672,0,0,0
6.55975,3,0,0,0,0,0,0,0,0,0,0
6.55975,4,0,0,0,0,0,0,0,0,0,0
6.55975,5,0,0,0,0,0,0,0,0,0,0
6.61759,0,-5.18824,-5.52492,6.87523,-0.183529,-0.152275,-0.0850623,2.82177,0,0,0
6.61759,1,-6.41221,-2.75665,4.02659,-0.362464,-0.162676,-0.447517,1.68297,0,0,0
6.61759,2,-2.67677,-6.30069,2.98322,-0.343346,-0.526131,-0.068726,1.31932,0,0,0
6.61759,3,0,0,0,0,0,0,0,0,0,0
6.61759,4,0,0,0,0,0,0,0,0,0,0
6.61759,5,0,0,0,0,0,0,0,0,0,0
6.6703,0,-5.16469,-5.50698,6.87322,-0.104834,-0.095125,-0.0837824,2.82177,0,0,0
6.6703,1,-6.43142,-2.77481,4.00082,-0.352048,-0.190609,-0.432858,1.62342,0,0,0
6.6703,2,-2.69475,-6.32376,2.98124,-0.341876,-0.510122,-0.0693224,1.31932,0,0,0
6.6703,3,0,0,0,0,0,0,0,0,0,0
6.6703,4,0,0,0,0,0,0,0,0,0,0
6.6703,5,0,0,0,0,0,0,0,0,0,0
6.72403,0,-5.14941,-5.49535,6.88066,-0.0177919,-0.0180579,-0.0892052,2.78358,0,0,0
6.72403,1,-6.44682,-2.79009,3.98137,-0.325195,-0.202341,-0.412646,1.62342,0,0,0
6.72403,2,-2.70937,-6.35038,2.97876,-0.329709,-0.507783,-0.0697271,1.25664,0,0,0
6.72403,3,0,0,0,0,0,0,0,0,0,0
6.72403,4,0,0,0,0,0,0,0,0,0,0
6.72403,5,0,0,0,0,0,0,0,0,0,0
6.78243,0,-5.13772,-5.48891,6.87876,0.0454885,0.0313393,-0.0904055,2.75242,0,0,0
6.78243,1,-6.46281,-2.80646,3.96468,-0.311615,-0.219484,-0.389688,1.5581,0,0,0
6.78243,2,-2.72317,-6.36917,2.9758,-0.31746,-0.481474,-0.0688007,1.25664,0,0,0
6.78243,3,0,0,0,0,0,0,0,0,0,0
6.78243,4,0,0,0,0,0,0,0,0,0,0
6.78243,5,0,0,0,0,0,0,0,0,0,0
6.84024,0,-5.12804,-5.48325,6.87724,0.0925752,0.0714666,-0.0830046,2.75242,0,0,0
6.84024,1,-6.47669,-2.82088,3.94562,-0.294612,-0.229269,-0.368078,1.5581,0,0,0
6.84024,2,-2.74789,-6.4038,2.97311,-0.336757,-0.502933,-0.0694919,1.2028,0,0,0
6.84024,3,0,0,0,0,0,0,0,0,0,0
6.84024,4,0,0,0,0,0,0,0,0,0,0
6.84024,5,0,0,0,0,0,0,0,0,0,0
6.90412,0,-5.12246,-5.4843,6.89604,0.120128,0.0814382,-0.0731981,2.7392,0,0,0
6.90412,1,-6.4926,-2.83741,3.92731,-0.287194,-0.243845,-0.35301,1.50341,0,0,0
6.90412,2,-2.7693,-6.4405,2.97102,-0.346621,-0.533594,-0.0693757,1.2028,0,0,0
6.90412,3,0,0,0,0,0,0,0,0,0,0
6.90412,4,0,0,0,0,0,0,0,0,0,0
6.90412,5,0,0,0,0,0,0,0,0,0,0
6.95761,0,-5.12094,-5.48987,6.87733,0.127579,0.0720885,-0.0702706,2.7392,0,0,0
6.95761,1,-6.51155,-2.85443,3.9158,-0.28358,-0.252035,-0.341186,1.50341,0,0,0
6.95761,2,-2.78568,-6.4668,2.96881,-0.338988,-0.525932,-0.0732002,1.11775,0,0,0
6.95761,3,0,0,0,0,0,0,0,0,0,0
6.95761,4,0,0,0,0,0,0,0,0,0,0
6.95761,5,0,0,0,0,0,0,0,0,0,0
7.0191,0,-5.12854,-5.50347,6.85838,0.102367,0.036688,-0.0578344,2.75782,0,0,0
7.0191,1,-6.51945,-2.86442,3.89755,-0.25092,-0.240788,-0.328555,1.44908,0,0,0
7.0191,2,-2.80176,-6.49131,2.96649,-0.331507,-0.51387,-0.072905,1.11775,0,0,0
7.0191,3,0,0,0,0,0,0,0,0,0,0
7.0191,4,0,0,0,0,0,0,0,0,0,0
7.0191,5,0,0,0,0,0,0,0,0,0,0
7.06947,0,-5.14137,-5.52212,6.85169,0.0643737,-0.00805383,-0.0326416,2.75782,0,0,0
7.06947,1,-6.53018,-2.8745,3.88679,-0.234851,-0.233004,-0.324665,1.40994,0,0,0
7.06947,2,-2.82144,-6.52109,2.96375,-0.331994,-0.513424,-0.0700123,1.0573,0,0,0
7.06947,3,0,0,0,0,0,0,0,0,0,0
7.06947,4,0,0,0,0,0,0,0,0,0,0
7.06947,5,0,0,0,0,0,0,0,0,0,0
7.12019,0,-5.16001,-5.54611,6.84949,0.00997958,-0.0669498,-0.0101376,2.78042,0,0,0
7.12019,1,-6.54108,-2.8841,3.86834,-0.220999,-0.223863,-0.320741,1.40994,0,0,0
7.12019,2,-2.82791,-6.5318,2.96151,-0.29623,-0.459931,-0.0639782,1.0573,0,0,0
7.12019,3,0,0,0,0,0,0,0,0,0,0
7.12019,4,0,0,0,0,0,0,0,0,0,0
7.12019,5,0,0,0,0,0,0,0,0,0,0
7.17071,0,-5.19085,-5.58554,6.83247,-0.0589185,-0.136748,-0.0123015,2.78042,0,0,0
7.17071,1,-6.55435,-2.89487,3.84985,-0.216389,-0.219101,-0.31935,1.40994,0,0,0
7.17071,2,-2.83972,-6.54965,2.95969,-0.281444,-0.435623,-0.0610134,1.00885,0,0,0
7.17071,3,0,0,0,0,0,0,0,0,0,0
7.17071,4,0,0,0,0,0,0,0,0,0,0
7.17071,5,0,0,0,0,0,0,0,0,0,0
7.22346,0,-5.21024,-5.60512,6.83733,-0.12489,-0.204315,0.00183487,2.82392,0,0,0
7.22346,1,-6.56579,-2.9034,3.83342,-0.207489,-0.208361,-0.326673,1.36173,0,0,0
7.22346,2,-2.84807,-6.56241,2.95836,-0.255837,-0.394677,-0.0539719,1.00885,0,0,0
7.22346,3,0,0,0,0,0,0,0,0,0,0
7.22346,4,0,0,0,0,0,0,0,0,0,0
7.22346,5,0,0,0,0,0,0,0,0,0,0
7.27968,0,-5.26083,-5.66107,6.82984,-0.218873,-0.29015,-0.0348242,2.82392,0,0,0
7.27968,1,-6.56579,-2.9034,3.83342,-0.207489,-0.208361,-0.326673,1.34007,0,0,0
7.27968,2,-2.86122,-6.58545,2.95607,-0.249487,-0.397117,-0.0510686,0.972061,0,0,0
7.27968,3,0,0,0,0,0,0,0,0,0,0
7.27968,4,0,0,0,0,0,0,0,0,0,0
7.27968,5,0,0,0,0,0,0,0,0,0,0
7.33995,0,-5.30697,-5.70474,6.84489,-0.318174,-0.372566,-0.0370123,2.72201,0,0,0
7.33995,1,-6.5906,-2.92031,3.79909,-0.19938,-0.190263,-0.334573,1.34007,0,0,0
7.33995,2,-2.8792,-6.61425,2.95325,-0.257184,-0.414268,-0.0490696,0.972061,0,0,0
7.33995,3,0,0,0,0,0,0,0,0,0,0
7.33995,4,0,0,0,0,0,0,0,0,0,0
7.33995,5,0,0,0,0,0,0,0,0,0,0
7.3967,0,-5.35118,-5.74728,6.85717,-0.399138,-0.439253,-0.104003,2.72201,0,0,0
7.3967,1,-6.60464,-2.92845,3.77775,-0.203451,-0.182785,-0.33534,1.268,0,0,0
7.3967,2,-2.89585,-6.63877,2.95107,-0.263684,-0.419212,-0.0509369,0.911416,0,0,0
7.3967,3,0,0,0,0,0,0,0,0,0,0
7.3967,4,0,0,0,0,0,0,0,0,0,0
7.3967,5,0,0,0,0,0,0,0,0,0,0
7.46039,0,-5.39412,-5.78764,6.85099,-0.467566,-0.494358,-0.0969061,2.59724,0,0,0
7.46039,1,-6.61603,-2.93552,3.76652,-0.198062,-0.173468,-0.33873,1.268,0,0,0
7.46039,2,-2.90445,-6.65226,2.949,-0.241654,-0.384515,-0.0519619,0.865592,0,0,0
7.46039,3,0,0,0,0,0,0,0,0,0,0
7.46039,4,0,0,0,0,0,0,0,0,0,0
7.46039,5,0,0,0,0,0,0,0,0,0,0
7.52369,0,-5.43325,-5.82745,6.85703,-0.509196,-0.533291,-0.131211,2.59724,0,0,0
7.52369,1,-6.63094,-2.94347,3.76282,-0.204955,-0.167416,-0.338311,1.23615,0,0,0
7.52369,2,-2.92098,-6.67632,2.94685,-0.247842,-0.389333,-0.0527796,0.865592,0,0,0
7.52369,3,0,0,0,0,0,0,0,0,0,0
7.52369,4,0,0,0,0,0,0,0,0,0,0
7.52369,5,0,0,0,0,0,0,0,0,0,0
7.57657,0,-5.47057,-5.85627,6.8635,-0.543344,-0.530851,-0.15065,2.48307,0,0,0
7.57657,1,-6.64088,-2.94979,3.74457,-0.194482,-0.15782,-0.338175,1.23615,0,0,0
7.57657,2,-2.93027,-6.69049,2.94486,-0.232752,-0.364059,-0.0503196,0.819278,0,0,0
7.57657,3,0,0,0,0,0,0,0,0,0,0
7.57657,4,0,0,0,0,0,0,0,0,0,0
7.57657,5,0,0,0,0,0,0,0,0,0,0
7.63336,0,-5.4974,-5.87911,6.87143,-0.543074,-0.509472,-0.17683,2.48307,0,0,0
7.63336,1,-6.65441,-2.95713,3.72575,-0.197339,-0.152231,-0.33974,1.19064,0,0,0
7.63336,2,-2.94212,-6.70922,2.94316,-0.226008,-0.354941,-0.049531,0.819278,0,0,0
7.63336,3,0,0,0,0,0,0,0,0,0,0
7.63336,4,0,0,0,0,0,0,0,0,0,0
7.63336,5,0,0,0,0,0,0,0,0,0,0
7.69124,0,-5.52175,-5.8979,6.87164,-0.526668,-0.470911,-0.184305,2.40064,0,0,0
7.69124,1,-6.67135,-2.96527,3.70695,-0.209862,-0.147897,-0.334667,1.19064,0,0,0
7.69124,2,-2.95029,-6.72278,2.94146,-0.21021,-0.334371,-0.046906,0.781147,0,0,0
7.69124,3,0,0,0,0,0,0,0,0,0,0
7.69124,4,0,0,0,0,0,0,0,0,0,0
7.69124,5,0,0,0,0,0,0,0,0,0,0
7.74556,0,-5.54114,-5.91123,6.88504,-0.504602,-0.42737,-0.185541,2.40064,0,0,0
7.74556,1,-6.68618,-2.9738,3.69039,-0.215438,-0.147543,-0.330624,1.1403,0,0,0
7.74556,2,-2.96062,-6.73728,2.9398,-0.201724,-0.314836,-0.0447292,0.781147,0,0,0
7.74556,3,0,0,0,0,0,0,0,0,0,0
7.74556,4,0,0,0,0,0,0,0,0,0,0
7.74556,5,0,0,0,0,0,0,0,0,0,0
7.802,0,-5.56691,-5.93312,6.89005,-0.503626,-0.418997,-0.18604,2.34644,0,0,0
7.802,1,-6.70176,-2.98316,3.67483,-0.220031,-0.148265,-0.322655,1.1403,0,0,0
7.802,2,-2.9706,-6.75323,2.93821,-0.190882,-0.298361,-0.0404098,0.744397,0,0,0
7.802,3,0,0,0,0,0,0,0,0,0,0
7.802,4,0,0,0,0,0,0,0,0,0,0
7.802,5,0,0,0,0,0,0,0,0,0,0
7.86479,0,-5.56553,-5.91959,6.87208,-0.421338,-0.305472,-0.141504,2.34644,0,0,0
7.86479,1,-6.71108,-2.9888,3.66226,-0.206001,-0.139056,-0.318527,1.09987,0,0,0
7.86479,2,-2.97894,-6.76635,2.93665,-0.18048,-0.28319,-0.0372955,0.744397,0,0,0
7.86479,3,0,0,0,0,0,0,0,0,0,0
7.86479,4,0,0,0,0,0,0,0,0,0,0
7.86479,5,0,0,0,0,0,0,0,0,0,0
7.91757,0,-5.56487,-5.91186,6.86552,-0.348961,-0.222242,-0.109157,2.32216,0,0,0
7.91757,1,-6.7288,-2.99816,3.62686,-0.219897,-0.140016,-0.307939,1.09987,0,0,0
7.91757,2,-2.99152,-6.78477,2.93513,-0.180371,-0.279849,-0.0352961,0.706433,0,0,0
7.91757,3,0,0,0,0,0,0,0,0,0,0
7.91757,4,0,0,0,0,0,0,0,0,0,0
7.91757,5,0,0,0,0,0,0,0,0,0,0
7.97537,0,-5.56194,-5.90031,6.86598,-0.278266,-0.136216,-0.0909753,2.32216,0,0,0
7.97537,1,-6.74364,-3.00898,3.62658,-0.224553,-0.148639,-0.301298,1.0476,0,0,0
7.97537,2,-3.00071,-6.79903,2.93349,-0.171954,-0.267221,-0.0337582,0.706433,0,0,0
7.97537,3,0,0,0,0,0,0,0,0,0,0
7.97537,4,0,0,0,0,0,0,0,0,0,0
7.97537,5,0,0,0,0,0,0,0,0,0,0
8.03312,0,-5.54459,-5.87722,6.85322,-0.16682,-0.0289409,-0.0524313,2.33708,0,0,0
8.03312,1,-6.75712,-3.01513,3.59746,-0.221951,-0.139571,-0.285494,1.0476,0,0,0
8.03312,2,-3.00744,-6.81027,2.9303,-0.156656,-0.245747,-0.0318889,0.688946,0,0,0
8.03312,3,0,0,0,0,0,0,0,0,0,0
8.03312,4,0,0,0,0,0,0,0,0,0,0
8.03312,5,0,0,0,0,0,0,0,0,0,0
8.08669,0,-5.52453,-5.84865,6.85342,-0.0653295,0.0817687,-0.0331744,3.27718,0,0,0
8.08669,1,-6.76956,-3.02216,3.59684,-0.219103,-0.135316,-0.283038,1.00604,0,0,0
8.08669,2,-3.01452,-6.81912,2.92839,-0.147139,-0.222484,-0.0290228,0.688946,0,0,0
8.08669,3,0,0,0,0,0,0,0,0,0,0
8.08669,4,0,0,0,0,0,0,0,0,0,0
8.08669,5,0,0,0,0,0,0,0,0,0,0
8.13687,0,-5.50307,-5.82163,6.84114,0.0280572,0.174869,-0.0516983,3.27718,0,0,0
8.13687,1,-6.78192,-3.02928,3.58266,-0.217179,-0.132876,-0.273315,1.00604,0,0,0
8.13687,2,-3.02882,-6.84349,2.92677,-0.134266,-0.212046,-0.028696,0.664678,0,0,0
8.13687,3,0,0,0,0,0,0,0,0,0,0
8.13687,4,0,0,0,0,0,0,0,0,0,0
8.13687,5,0,0,0,0,0,0,0,0,0,0
8.18702,0,-5.48171,-5.79346,6.84892,0.105355,0.257018,-0.0789378,3.20747,0,0,0
8.18702,1,-6.78704,-3.03336,3.55779,-0.191428,-0.12222,-0.261908,0.985929,0,0,0
8.18702,2,-3.03065,-6.84567,2.92554,-0.140585,-0.219696,-0.0280531,0.664678,0,0,0
8.18702,3,0,0,0,0,0,0,0,0,0,0
8.18702,4,0,0,0,0,0,0,0,0,0,0
8.18702,5,0,0,0,0,0,0,0,0,0,0
8.23746,0,-5.46112,-5.76363,6.87084,0.164256,0.330398,-0.0959508,3.20747,0,0,0
8.23746,1,-6.80329,-3.04058,3.55652,-0.207689,-0.120964,-0.260896,0.985929,0,0,0
8.23746,2,-3.03065,-6.84567,2.92554,-0.140585,-0.219696,-0.0280531,0.6335,0,0,0
8.23746,3,0,0,0,0,0,0,0,0,0,0
8.23746,4,0,0,0,0,0,0,0,0,0,0
8.23746,5,0,0,0,0,0,0,0,0,0,0
8.30041,0,-5.43992,-5.73985,6.88356,0.222563,0.375685,-0.103267,3.17136,0,0,0
8.30041,1,-6.8177,-3.04919,3.54147,-0.209204,-0.122344,-0.254103,0.950348,0,0,0
8.30041,2,-3.04664,-6.87207,2.92415,-0.134,-0.21516,-0.0282855,0.6335,0,0,0
8.30041,3,0,0,0,0,0,0,0,0,0,0
8.30041,4,0,0,0,0,0,0,0,0,0,0
8.30041,5,0,0,0,0,0,0,0,0,0,0
8.3585,0,-5.41969,-5.7109,6.87501,0.267966,0.431931,-0.11051,3.17136,0,0,0
8.3585,1,-6.83173,-3.05871,3.52984,-0.21245,-0.128796,-0.248668,0.950348,0,0,0
8.3585,2,-3.05534,-6.88497,2.92297,-0.131161,-0.209051,-0.0270549,0.587044,0,0,0
8.3585,3,0,0,0,0,0,0,0,0,0,0
8.3585,4,0,0,0,0,0,0,0,0,0,0
8.3585,5,0,0,0,0,0,0,0,0,0,0
8.41423,0,-5.41969,-5.7109,6.87501,0.267966,0.431931,-0.11051,3.10438,0,0,0
8.41423,1,-6.84248,-3.06355,3.51703,-0.207083,-0.120536,-0.243121,0.907741,0,0,0
8.41423,2,-3.05742,-6.88705,2.92183,-0.1382,-0.215996,-0.0285779,0.587044,0,0,0
8.41423,3,0,0,0,0,0,0,0,0,0,0
8.41423,4,0,0,0,0,0,0,0,0,0,0
8.41423,5,0,0,0,0,0,0,0,0,0,0
8.47195,0,-5.40465,-5.68989,6.87105,0.291311,0.450735,-0.128757,3.10438,0,0,0
8.47195,1,-6.8528,-3.06923,3.50352,-0.201298,-0.116107,-0.237167,0.907741,0,0,0
8.47195,2,-3.06352,-6.8973,2.92037,-0.128622,-0.203989,-0.0274868,0.572075,0,0,0
8.47195,3,0,0,0,0,0,0,0,0,0,0
8.47195,4,0,0,0,0,0,0,0,0,0,0
8.47195,5,0,0,0,0,0,0,0,0,0,0
8.53233,0,-5.3957,-5.67518,6.86604,0.293135,0.4462,-0.129389,3.06172,0,0,0
8.53233,1,-6.8624,-3.07427,3.49117,-0.194542,-0.110697,-0.232068,0.872485,0,0,0
8.53233,2,-3.06923,-6.90463,2.91931,-0.118574,-0.181937,-0.0248086,0.572075,0,0,0
8.53233,3,0,0,0,0,0,0,0,0,0,0
8.53233,4,0,0,0,0,0,0,0,0,0,0
8.53233,5,0,0,0,0,0,0,0,0,0,0
8.583,0,-5.39264,-5.66657,6.87966,0.274246,0.419203,-0.118689,3.06172,0,0,0
8.583,1,-6.87194,-3.0793,3.47907,-0.188813,-0.106156,-0.229317,0.872485,0,0,0
8.583,2,-3.07917,-6.9193,2.91838,-0.125115,-0.190661,-0.023696,0.545033,0,0,0
8.583,3,0,0,0,0,0,0,0,0,0,0
8.583,4,0,0,0,0,0,0,0,0,0,0
8.583,5,0,0,0,0,0,0,0,0,0,0
8.64059,0,-5.3923,-5.65985,6.88136,0.24893,0.390022,-0.105546,3.04797,0,0,0
8.64059,1,-6.88013,-3.08393,3.46649,-0.179315,-0.101111,-0.227522,0.839888,0,0,0
8.64059,2,-3.09389,-6.94452,2.91719,-0.120727,-0.193539,-0.0229074,0.545033,0,0,0
8.64059,3,0,0,0,0,0,0,0,0,0,0
8.64059,4,0,0,0,0,0,0,0,0,0,0
8.64059,5,0,0,0,0,0,0,0,0,0,0
8.70236,0,-5.40685,-5.67132,6.86905,0.177482,0.303688,-0.0700311,3.04797,0,0,0
8.70236,1,-6.88874,-3.08811,3.45582,-0.172935,-0.095257,-0.227128,0.839888,0,0,0
8.70236,2,-3.09955,-6.95285,2.91614,-0.114712,-0.182123,-0.022935,0.505739,0,0,0
8.70236,3,0,0,0,0,0,0,0,0,0,0
8.70236,4,0,0,0,0,0,0,0,0,0,0
8.70236,5,0,0,0,0,0,0,0,0,0,0
8.76009,0,-5.4214,-5.67992,6.86894,0.111386,0.236358,-0.0422574,3.08228,0,0,0
8.76009,1,-6.89749,-3.09249,3.44436,-0.168231,-0.0909308,-0.227431,0.810005,0,0,0
8.76009,2,-3.10338,-6.95764,2.91485,-0.104295,-0.161463,-0.0228486,0.505739,0,0,0
8.76009,3,0,0,0,0,0,0,0,0,0,0
8.76009,4,0,0,0,0,0,0,0,0,0,0
8.76009,5,0,0,0,0,0,0,0,0,0,0
8.81291,0,-5.45353,-5.70549,6.87168,-0.00256598,0.12995,-7.42074e-05,3.08228,0,0,0
8.81291,1,-6.90644,-3.09709,3.43317,-0.164879,-0.0879789,-0.227925,0.810005,0,0,0
8.81291,2,-3.1071,-6.96337,2.91447,-0.0938161,-0.145056,-0.0220589,0.492718,0,0,0
8.81291,3,0,0,0,0,0,0,0,0,0,0
8.81291,4,0,0,0,0,0,0,0,0,0,0
8.81291,5,0,0,0,0,0,0,0,0,0,0
8.87078,0,-5.48723,-5.73472,6.85996,-0.11053,0.0209097,0.026887,3.16702,0,0,0
8.87078,1,-6.91502,-3.1022,3.42064,-0.160789,-0.0875525,-0.227192,0.764013,0,0,0
8.87078,2,-3.10832,-6.96463,2.91362,-0.0788509,-0.119285,-0.0210465,0.492718,0,0,0
8.87078,3,0,0,0,0,0,0,0,0,0,0
8.87078,4,0,0,0,0,0,0,0,0,0,0
8.87078,5,0,0,0,0,0,0,0,0,0,0
8.92146,0,-5.52646,-5.7697,6.86909,-0.221522,-0.0940616,0.0400963,3.16702,0,0,0
8.92146,1,-6.92384,-3.1067,3.40941,-0.158614,-0.0851978,-0.225638,0.764013,0,0,0
8.92146,2,-3.11242,-6.97175,2.91234,-0.071975,-0.111737,-0.0199695,0.482656,0,0,0
8.92146,3,0,0,0,0,0,0,0,0,0,0
8.92146,4,0,0,0,0,0,0,0,0,0,0
8.92146,5,0,0,0,0,0,0,0,0,0,0
8.97444,0,-5.57812,-5.81655,6.82905,-0.357824,-0.236811,-0.0356723,2.379,0,0,0
8.97444,1,-6.93434,-3.11117,3.39635,-0.162416,-0.0824332,-0.222564,0.731846,0,0,0
8.97444,2,-3.11925,-6.98106,2.91124,-0.0761022,-0.1146,-0.0190097,0.482656,0,0,0
8.97444,3,0,0,0,0,0,0,0,0,0,0
8.97444,4,0,0,0,0,0,0,0,0,0,0
8.97444,5,0,0,0,0,0,0,0,0,0,0
9.02682,0,-5.62663,-5.8613,6.78898,-0.453312,-0.345249,-0.135871,2.379,0,0,0
9.02682,1,-6.94466,-3.11721,3.38505,-0.164484,-0.0854823,-0.219101,0.731846,0,0,0
9.02682,2,-3.12861,-6.99546,2.91034,-0.087845,-0.133668,-0.0182893,0.453878,0,0,0
9.02682,3,0,0,0,0,0,0,0,0,0,0
9.02682,4,0,0,0,0,0,0,0,0,0,0
9.02682,5,0,0,0,0,0,0,0,0,0,0
9.08347,0,-5.67511,-5.90487,6.78852,-0.527421,-0.42607,-0.259338,2.24908,0,0,0
9.08347,1,-6.95464,-3.12282,3.37312,-0.163172,-0.0870604,-0.215627,0.715405,0,0,0
9.08347,2,-3.13497,-7.00718,2.90956,-0.088291,-0.140901,-0.0181723,0.453878,0,0,0
9.08347,3,0,0,0,0,0,0,0,0,0,0
9.08347,4,0,0,0,0,0,0,0,0,0,0
9.08347,5,0,0,0,0,0,0,0,0,0,0
9.14267,0,-5.72735,-5.95512,6.85145,-0.610758,-0.525344,-0.21574,2.24908,0,0,0
9.14267,1,-6.96363,-3.12774,3.3631,-0.160004,-0.0856902,-0.213074,0.715405,0,0,0
9.14267,2,-3.14219,-7.01817,2.90864,-0.0919172,-0.146685,-0.0181727,0.427391,0,0,0
9.14267,3,0,0,0,0,0,0,0,0,0,0
9.14267,4,0,0,0,0,0,0,0,0,0,0
9.14267,5,0,0,0,0,0,0,0,0,0,0
9.19283,0,-5.77198,-5.99657,6.88525,-0.660707,-0.584145,-0.192012,2.1142,0,0,0
9.19283,1,-6.97081,-3.13162,3.35324,-0.152695,-0.081773,-0.211101,0.684547,0,0,0
9.19283,2,-3.15333,-7.0324,2.90761,-0.104782,-0.157057,-0.0182269,0.427391,0,0,0
9.19283,3,0,0,0,0,0,0,0,0,0,0
9.19283,4,0,0,0,0,0,0,0,0,0,0
9.19283,5,0,0,0,0,0,0,0,0,0,0
9.24454,0,-5.81353,-6.03567,6.87827,-0.700875,-0.629971,-0.201735,2.1142,0,0,0
9.24454,1,-6.98401,-3.13901,3.33268,-0.135532,-0.073557,-0.207368,0.684547,0,0,0
9.24454,2,-3.15823,-7.0398,2.90682,-0.121778,-0.183177,-0.0184799,0.400451,0,0,0
9.24454,3,0,0,0,0,0,0,0,0,0,0
9.24454,4,0,0,0,0,0,0,0,0,0,0
9.24454,5,0,0,0,0,0,0,0,0,0,0
9.30265,0,-5.85583,-6.07384,6.88943,-0.731135,-0.655425,-0.253514,2.00028,0,0,0
9.30265,1,-6.99174,-3.14477,3.32063,-0.133703,-0.0773767,-0.205825,0.646559,0,0,0
9.30265,2,-3.16403,-7.05155,2.90611,-0.116354,-0.186138,-0.0186113,0.400451,0,0,0
9.30265,3,0,0,0,0,0,0,0,0,0,0
9.30265,4,0,0,0,0,0,0,0,0,0,0
9.30265,5,0,0,0,0,0,0,0,0,0,0
9.35685,0,-5.88792,-6.1036,6.91109,-0.720978,-0.645194,-0.294794,2.00028,0,0,0
9.35685,1,-6.99987,-3.14869,3.31935,-0.162047,-0.0900502,-0.203582,0.646559,0,0,0
9.35685,2,-3.17208,-7.06186,2.90537,-0.116267,-0.177501,-0.0178265,0.374377,0,0,0
9.35685,3,0,0,0,0,0,0,0,0,0,0
9.35685,4,0,0,0,0,0,0,0,0,0,0
9.35685,5,0,0,0,0,0,0,0,0,0,0
9.41076,0,-5.91037,-6.12433,6.89371,-0.68295,-0.608416,-0.28599,1.92605,0,0,0
9.41076,1,-6.99987,-3.14869,3.31935,-0.162047,-0.0900502,-0.203582,0.624006,0,0,0
9.41076,2,-3.17787,-7.07143,2.90469,-0.112891,-0.175234,-0.0173882,0.374377,0,0,0
9.41076,3,0,0,0,0,0,0,0,0,0,0
9.41076,4,0,0,0,0,0,0,0,0,0,0
9.41076,5,0,0,0,0,0,0,0,0,0,0
9.4717,0,-5.94564,-6.15445,6.88421,-0.680025,-0.590963,-0.313346,1.92605,0,0,0
9.4717,1,-7.01042,-3.1531,3.2979,-0.164057,-0.0857988,-0.19523,0.624006,0,0,0
9.4717,2,-3.18292,-7.07901,2.90383,-0.104743,-0.161608,-0.0167315,0.354029,0,0,0
9.4717,3,0,0,0,0,0,0,0,0,0,0
9.4717,4,0,0,0,0,0,0,0,0,0,0
9.4717,5,0,0,0,0,0,0,0,0,0,0
9.52695,0,-5.96509,-6.17043,6.8946,-0.639253,-0.544744,-0.303067,1.85451,0,0,0
9.52695,1,-7.02671,-3.16365,3.28812,-0.155603,-0.0874848,-0.192647,0.580209,0,0,0
9.52695,2,-3.18815,-7.08708,2.90323,-0.100418,-0.155146,-0.0157427,0.354029,0,0,0
9.52695,3,0,0,0,0,0,0,0,0,0,0
9.52695,4,0,0,0,0,0,0,0,0,0,0
9.52695,5,0,0,0,0,0,0,0,0,0,0
9.57856,0,-5.972,-6.175,6.89163,-0.566183,-0.475075,-0.260245,1.85451,0,0,0
9.57856,1,-7.03617,-3.1686,3.28865,-0.157015,-0.0871214,-0.187682,0.580209,0,0,0
9.57856,2,-3.19206,-7.09278,2.90262,-0.0926789,-0.141752,-0.0146457,0.33746,0,0,0
9.57856,3,0,0,0,0,0,0,0,0,0,0
9.57856,4,0,0,0,0,0,0,0,0,0,0
9.57856,5,0,0,0,0,0,0,0,0,0,0
9.63627,0,-5.96791,-6.16795,6.89218,-0.462737,-0.375327,-0.20296,1.85397,0,0,0
9.63627,1,-7.04528,-3.17301,3.28145,-0.15423,-0.0834586,-0.182785,0.560997,0,0,0
9.63627,2,-3.19668,-7.10036,2.90205,-0.0890302,-0.138287,-0.0137605,0.33746,0,0,0
9.63627,3,0,0,0,0,0,0,0,0,0,0
9.63627,4,0,0,0,0,0,0,0,0,0,0
9.63627,5,0,0,0,0,0,0,0,0,0,0
9.69326,0,-5.96609,-6.16254,6.89193,-0.380832,-0.293291,-0.170037,1.85397,0,0,0
9.69326,1,-7.04476,-3.17442,3.27256,-0.152079,-0.0885033,-0.179125,0.560997,0,0,0
9.69326,2,-3.2011,-7.10679,2.9014,-0.0827433,-0.127143,-0.0130841,0.320745,0,0,0
9.69326,3,0,0,0,0,0,0,0,0,0,0
9.69326,4,0,0,0,0,0,0,0,0,0,0
9.69326,5,0,0,0,0,0,0,0,0,0,0
9.74902,0,-5.94409,-6.13811,6.88725,-0.238337,-0.163184,-0.108591,3.77295,0,0,0
9.74902,1,-7.06118,-3.18285,3.25398,-0.149631,-0.0839716,-0.173137,0.528237,0,0,0
9.74902,2,-3.20459,-7.11223,2.9007,-0.0770157,-0.118707,-0.0126679,0.320745,0,0,0
9.74902,3,0,0,0,0,0,0,0,0,0,0
9.74902,4,0,0,0,0,0,0,0,0,0,0
9.74902,5,0,0,0,0,0,0,0,0,0,0
9.80174,0,-5.91682,-6.10778,6.86299,-0.0970544,-0.0311082,-0.0697037,3.77295,0,0,0
9.80174,1,-7.06078,-3.18336,3.25287,-0.148492,-0.0859986,-0.171873,0.528237,0,0,0
9.80174,2,-3.20832,-7.11788,2.90006,-0.0729988,-0.112344,-0.0124666,0.30744,0,0,0
9.80174,3,0,0,0,0,0,0,0,0,0,0
9.80174,4,0,0,0,0,0,0,0,0,0,0
9.80174,5,0,0,0,0,0,0,0,0,0,0
9.85613,0,-5.88685,-6.07469,6.88454,0.0308474,0.0912489,-0.033946,3.68753,0,0,0
9.85613,1,-7.06867,-3.18772,3.24381,-0.146643,-0.0843984,-0.164994,0.514718,0,0,0
9.85613,2,-3.21109,-7.12218,2.89954,-0.0666107,-0.102553,-0.0122164,0.30744,0,0,0
9.85613,3,0,0,0,0,0,0,0,0,0,0
9.85613,4,0,0,0,0,0,0,0,0,0,0
9.85613,5,0,0,0,0,0,0,0,0,0,0
9.91821,0,-5.84686,-6.0309,6.87466,0.176681,0.238018,-0.0482268,3.68753,0,0,0
9.91821,1,-7.07566,-3.19194,3.22586,-0.142791,-0.0830924,-0.157261,0.514718,0,0,0
9.91821,2,-3.21509,-7.12846,2.89887,-0.0634891,-0.0985665,-0.0120259,0.294828,0,0,0
9.91821,3,0,0,0,0,0,0,0,0,0,0
9.91821,4,0,0,0,0,0,0,0,0,0,0
9.91821,5,0,0,0,0,0,0,0,0,0,0
9.97604,0,-5.80786,-5.98933,6.87739,0.294567,0.357052,-0.0643563,3.57121,0,0,0
9.97604,1,-7.08278,-3.19645,3.21886,-0.135569,-0.0805346,-0.154177,0.485297,0,0,0
9.97604,2,-3.21889,-7.13416,2.89825,-0.0612864,-0.0947049,-0.0117846,0.294828,0,0,0
9.97604,3,0,0,0,0,0,0,0,0,0,0
9.97604,4,0,0,0,0,0,0,0,0,0,0
9.97604,5,0,0,0,0,0,0,0,0,0,0
10.0262,0,-5.76367,-5.94055,6.87819,0.406742,0.481214,-0.104913,3.57121,0,0,0
10.0262,1,-7.08931,-3.19999,3.21149,-0.131635,-0.0772867,-0.146913,0.485297,0,0,0
10.0262,2,-3.22242,-7.13957,2.89767,-0.0592725,-0.0917442,-0.0116633,0.281466,0,0,0
10.0262,3,0,0,0,0,0,0,0,0,0,0
10.0262,4,0,0,0,0,0,0,0,0,0,0
10.0262,5,0,0,0,0,0,0,0,0,0,0
10.0804,0,-5.76367,-5.94055,6.87819,0.406742,0.481214,-0.104913,3.50539,0,0,0
10.0804,1,-7.10093,-3.20717,3.21337,-0.117505,-0.0707318,-0.146464,0.474835,0,0,0
10.0804,2,-3.22623,-7.14564,2.89712,-0.0577847,-0.0904908,-0.0115156,0.281466,0,0,0
10.0804,3,0,0,0,0,0,0,0,0,0,0
10.0804,4,0,0,0,0,0,0,0,0,0,0
10.0804,5,0,0,0,0,0,0,0,0,0,0
10.1407,0,-5.6483,-5.81565,6.87347,0.601037,0.685391,-0.211182,3.50539,0,0,0
10.1407,1,-7.10676,-3.21138,3.19867,-0.112639,-0.0704166,-0.137751,0.474835,0,0,0
10.1407,2,-3.23011,-7.15175,2.89654,-0.0576624,-0.0909437,-0.011408,0.27428,0,0,0
10.1407,3,0,0,0,0,0,0,0,0,0,0
10.1407,4,0,0,0,0,0,0,0,0,0,0
10.1407,5,0,0,0,0,0,0,0,0,0,0
10.1935,0,-5.63895,-5.8063,6.87778,0.626858,0.712414,-0.249902,3.32215,0,0,0
10.1935,1,-7.1137,-3.21473,3.19771,-0.113061,-0.0679119,-0.136847,0.451095,0,0,0
10.1935,2,-3.2332,-7.15631,2.89601,-0.0550658,-0.086056,-0.0112585,0.27428,0,0,0
10.1935,3,0,0,0,0,0,0,0,0,0,0
10.1935,4,0,0,0,0,0,0,0,0,0,0
10.1935,5,0,0,0,0,0,0,0,0,0,0
10.2568,0,-5.60548,-5.76936,6.88966,0.649487,0.732626,-0.281962,3.32215,0,0,0
10.2568,1,-7.11937,-3.21827,3.19066,-0.109595,-0.0669073,-0.131111,0.451095,0,0,0
10.2568,2,-3.2369,-7.16182,2.89541,-0.0529922,-0.0822839,-0.0110796,0.26148,0,0,0
10.2568,3,0,0,0,0,0,0,0,0,0,0
10.2568,4,0,0,0,0,0,0,0,0,0,0
10.2568,5,0,0,0,0,0,0,0,0,0,0
10.3074,0,-5.57415,-5.73457,6.8904,0.667047,0.744548,-0.307699,3.32215,0,0,0
10.3074,1,-7.11942,-3.21861,3.17744,-0.109799,-0.0681837,-0.124874,0.425735,0,0,0
10.3074,2,-3.24019,-7.16688,2.89493,-0.0511577,-0.0796752,-0.0108555,0.26148,0,0,0
10.3074,3,0,0,0,0,0,0,0,0,0,0
10.3074,4,0,0,0,0,0,0,0,0,0,0
10.3074,5,0,0,0,0,0,0,0,0,0,0
10.3636,0,-5.54765,-5.7046,6.88646,0.663631,0.73403,-0.311004,3.22554,0,0,0
10.3636,1,-7.12424,-3.22147,3.17194,-0.10413,-0.0646389,-0.123079,0.425735,0,0,0
10.3636,2,-3.24346,-7.17154,2.89443,-0.050485,-0.0773283,-0.0106929,0.248769,0,0,0
10.3636,3,0,0,0,0,0,0,0,0,0,0
10.3636,4,0,0,0,0,0,0,0,0,0,0
10.3636,5,0,0,0,0,0,0,0,0,0,0
10.416,0,-5.5266,-5.67935,6.88744,0.636945,0.702471,-0.30425,3.22554,0,0,0
10.416,1,-7.13332,-3.22763,3.16559,-0.0930482,-0.060247,-0.119122,0.417878,0,0,0
10.416,2,-3.2469,-7.17736,2.89393,-0.0497258,-0.0785408,-0.0105081,0.248769,0,0,0
10.416,3,0,0,0,0,0,0,0,0,0,0
10.416,4,0,0,0,0,0,0,0,0,0,0
10.416,5,0,0,0,0,0,0,0,0,0,0
10.4673,0,-5.5266,-5.67935,6.88744,0.636945,0.702471,-0.30425,3.15271,0,0,0
10.4673,1,-7.13857,-3.23078,3.16514,-0.0914631,-0.0589682,-0.120683,0.417878,0,0,0
10.4673,2,-3.24993,-7.18171,2.89341,-0.0469789,-0.0729757,-0.010282,0.236283,0,0,0
10.4673,3,0,0,0,0,0,0,0,0,0,0
10.4673,4,0,0,0,0,0,0,0,0,0,0
10.4673,5,0,0,0,0,0,0,0,0,0,0
10.526,0,-5.50836,-5.65327,6.86618,0.532758,0.595151,-0.237468,3.15271,0,0,0
10.526,1,-7.14364,-3.23357,3.15307,-0.0878134,-0.0556135,-0.115749,0.401102,0,0,0
10.526,2,-3.25277,-7.18616,2.89293,-0.0455216,-0.0712681,-0.0101034,0.236283,0,0,0
10.526,3,0,0,0,0,0,0,0,0,0,0
10.526,4,0,0,0,0,0,0,0,0,0,0
10.526,5,0,0,0,0,0,0,0,0,0,0
10.5762,0,-5.50836,-5.65327,6.86618,0.532758,0.595151,-0.237468,3.12119,0,0,0
10.5762,1,-7.14333,-3.23405,3.14836,-0.0867379,-0.0574122,-0.118462,0.401102,0,0,0
10.5762,2,-3.25644,-7.19172,2.89246,-0.0465976,-0.0728691,-0.00982587,0.225657,0,0,0
10.5762,3,0,0,0,0,0,0,0,0,0,0
10.5762,4,0,0,0,0,0,0,0,0,0,0
10.5762,5,0,0,0,0,0,0,0,0,0,0
10.634,0,-5.49459,-5.63659,6.86181,0.507748,0.574112,-0.198055,3.12119,0,0,0
10.634,1,-7.15361,-3.24003,3.14218,-0.0847497,-0.0544996,-0.115227,0.385046,0,0,0
10.634,2,-3.25947,-7.19657,2.89192,-0.0460792,-0.0729172,-0.00954606,0.225657,0,0,0
10.634,3,0,0,0,0,0,0,0,0,0,0
10.634,4,0,0,0,0,0,0,0,0,0,0
10.634,5,0,0,0,0,0,0,0,0,0,0
10.6952,0,-5.52829,-5.66512,6.87411,0.276575,0.340387,-0.0809723,3.12503,0,0,0
10.6952,1,-7.15797,-3.24277,3.13519,-0.0819998,-0.0529493,-0.111559,0.385046,0,0,0
10.6952,2,-3.26256,-7.20113,2.89147,-0.0454299,-0.0711697,-0.0093024,0.213235,0,0,0
10.6952,3,0,0,0,0,0,0,0,0,0,0
10.6952,4,0,0,0,0,0,0,0,0,0,0
10.6952,5,0,0,0,0,0,0,0,0,0,0
10.7562,0,-5.53846,-5.66925,6.86485,0.198429,0.274671,-0.0656784,3.12503,0,0,0
10.7562,1,-7.16268,-3.24586,3.13066,-0.0803634,-0.0524772,-0.111444,0.363716,0,0,0
10.7562,2,-3.26579,-7.20578,2.89063,-0.0450088,-0.0694127,-0.00867322,0.213235,0,0,0
10.7562,3,0,0,0,0,0,0,0,0,0,0
10.7562,4,0,0,0,0,0,0,0,0,0,0
10.7562,5,0,0,0,0,0,0,0,0,0,0
10.8144,0,-5.56004,-5.6862,6.86846,0.0982344,0.178497,-0.0454169,2.5065,0,0,0
10.8144,1,-7.16628,-3.24793,3.1254,-0.075657,-0.0489369,-0.109308,0.363716,0,0,0
10.8144,2,-3.26839,-7.21002,2.8902,-0.0431619,-0.0676162,-0.00831615,0.202005,0,0,0
10.8144,3,0,0,0,0,0,0,0,0,0,0
10.8144,4,0,0,0,0,0,0,0,0,0,0
10.8144,5,0,0,0,0,0,0,0,0,0,0
10.8708,0,-5.58129,-5.70352,6.87227,0.0125088,0.0911353,-0.0386852,2.47915,0,0,0
10.8708,1,-7.16678,-3.24843,3.11854,-0.0774394,-0.0506957,-0.105564,0.349873,0,0,0
10.8708,2,-3.27068,-7.21363,2.89019,-0.0406535,-0.0640049,-0.00825826,0.202005,0,0,0
10.8708,3,0,0,0,0,0,0,0,0,0,0
10.8708,4,0,0,0,0,0,0,0,0,0,0
10.8708,5,0,0,0,0,0,0,0,0,0,0
10.9305,0,-5.59684,-5.71508,6.86922,-0.0440059,0.0319036,-0.0303074,2.47915,0,0,0
10.9305,1,-7.17143,-3.25145,3.11302,-0.0753866,-0.0497579,-0.103439,0.349873,0,0,0
10.9305,2,-3.27319,-7.21691,2.88979,-0.0394655,-0.059908,-0.00795478,0.192747,0,0,0
10.9305,3,0,0,0,0,0,0,0,0,0,0
10.9305,4,0,0,0,0,0,0,0,0,0,0
10.9305,5,0,0,0,0,0,0,0,0,0,0
10.9808,0,-5.61349,-5.7277,6.86772,-0.0949268,-0.0190007,-0.0352336,2.43254,0,0,0
10.9808,1,-7.17965,-3.25617,3.10859,-0.071973,-0.0458787,-0.103028,0.336689,0,0,0
10.9808,2,-3.27539,-7.22086,2.88908,-0.0372726,-0.0589501,-0.00752446,0.192747,0,0,0
10.9808,3,0,0,0,0,0,0,0,0,0,0
10.9808,4,0,0,0,0,0,0,0,0,0,0
10.9808,5,0,0,0,0,0,0,0,0,0,0
11.0368,0,-5.62609,-5.73539,6.87028,-0.126656,-0.0469408,-0.0335849,2.43254,0,0,0
11.0368,1,-7.18399,-3.25925,3.10193,-0.0712781,-0.0466946,-0.0996729,0.318405,0,0,0
11.0368,2,-3.27753,-7.22398,2.88875,-0.0358901,-0.0560205,-0.0076599,0.184066,0,0,0
11.0368,3,0,0,0,0,0,0,0,0,0,0
11.0368,4,0,0,0,0,0,0,0,0,0,0
11.0368,5,0,0,0,0,0,0,0,0,0,0
11.089,0,-5.63429,-5.73944,6.8747,-0.138804,-0.0594299,-0.0233847,2.38854,0,0,0
11.089,1,-7.18777,-3.2614,3.09805,-0.0682953,-0.044141,-0.0997317,0.318405,0,0,0
11.089,2,-3.27977,-7.22741,2.88837,-0.0350259,-0.0547181,-0.00729714,0.184066,0,0,0
11.089,3,0,0,0,0,0,0,0,0,0,0
11.089,4,0,0,0,0,0,0,0,0,0,0
11.089,5,0,0,0,0,0,0,0,0,0,0
11.1554,0,-5.63706,-5.73802,6.87277,-0.132314,-0.0515994,-0.0112022,2.38854,0,0,0
11.1554,1,-7.18685,-3.26085,3.0945,-0.0650637,-0.0422573,-0.0996756,0.310826,0,0,0
11.1554,2,-3.28196,-7.23078,2.888,-0.0342183,-0.0535256,-0.0072541,0.17615,0,0,0
11.1554,3,0,0,0,0,0,0,0,0,0,0
11.1554,4,0,0,0,0,0,0,0,0,0,0
11.1554,5,0,0,0,0,0,0,0,0,0,0
11.2056,0,-5.63465,-5.73052,6.87496,-0.110424,-0.0245642,0.00460734,2.3875,0,0,0
11.2056,1,-7.19411,-3.26618,3.0891,-0.0611691,-0.0422793,-0.0983289,0.310826,0,0,0
11.2056,2,-3.28397,-7.23396,2.88769,-0.0326144,-0.0513506,-0.00694459,0.17615,0,0,0
11.2056,3,0,0,0,0,0,0,0,0,0,0
11.2056,4,0,0,0,0,0,0,0,0,0,0
11.2056,5,0,0,0,0,0,0,0,0,0,0
11.2558,0,-5.625,-5.71575,6.8741,-0.0659167,0.0197636,0.0298357,2.3875,0,0,0
11.2558,1,-7.19677,-3.26702,3.08227,-0.0708886,-0.045167,-0.0971381,0.293915,0,0,0
11.2558,2,-3.28632,-7.23723,2.88731,-0.0321092,-0.0492899,-0.00691777,0.168339,0,0,0
11.2558,3,0,0,0,0,0,0,0,0,0,0
11.2558,4,0,0,0,0,0,0,0,0,0,0
11.2558,5,0,0,0,0,0,0,0,0,0,0
11.3114,0,-5.61199,-5.69846,6.87271,-0.0193336,0.0660421,0.0514752,2.41155,0,0,0
11.3114,1,-7.20174,-3.27014,3.07743,-0.0717486,-0.0456928,-0.0956958,0.293915,0,0,0
11.3114,2,-3.28888,-7.24116,2.88698,-0.0328136,-0.050596,-0.00672179,0.168339,0,0,0
11.3114,3,0,0,0,0,0,0,0,0,0,0
11.3114,4,0,0,0,0,0,0,0,0,0,0
11.3114,5,0,0,0,0,0,0,0,0,0,0
11.3639,0,-5.57942,-5.66109,6.87416,0.0872099,0.171693,0.0934425,2.41155,0,0,0
11.3639,1,-7.2098,-3.27538,3.07159,-0.0692898,-0.0449225,-0.0939607,0.275431,0,0,0
11.3639,2,-3.29122,-7.24528,2.88671,-0.0330174,-0.0531246,-0.00660194,0.159609,0,0,0
11.3639,3,0,0,0,0,0,0,0,0,0,0
11.3639,4,0,0,0,0,0,0,0,0,0,0
11.3639,5,0,0,0,0,0,0,0,0,0,0
11.4274,0,-5.54508,-5.62309,6.86312,0.196298,0.276267,0.0883508,2.48226,0,0,0
11.4274,1,-7.21402,-3.27768,3.06835,-0.0692851,-0.0437335,-0.091938,0.275431,0,0,0
11.4274,2,-3.2937,-7.24885,2.88631,-0.0339178,-0.0534369,-0.0063769,0.159609,0,0,0
11.4274,3,0,0,0,0,0,0,0,0,0,0
11.4274,4,0,0,0,0,0,0,0,0,0,0
11.4274,5,0,0,0,0,0,0,0,0,0,0
11.4788,0,-5.51265,-5.5865,6.85887,0.282936,0.363024,0.0566831,2.48226,0,0,0
11.4788,1,-7.21756,-3.27976,3.06244,-0.0669414,-0.0419273,-0.0879484,0.262663,0,0,0
11.4788,2,-3.29553,-7.25153,2.88598,-0.0326386,-0.0508183,-0.006257,0.150507,0,0,0
11.4788,3,0,0,0,0,0,0,0,0,0,0
11.4788,4,0,0,0,0,0,0,0,0,0,0
11.4788,5,0,0,0,0,0,0,0,0,0,0
11.5391,0,-5.46558,-5.5345,6.8687,0.398424,0.484019,0.0562865,3.0758,0,0,0
11.5391,1,-7.22173,-3.28269,3.05761,-0.0671474,-0.0432201,-0.0858502,0.262663,0,0,0
11.5391,2,-3.29756,-7.2548,2.88569,-0.0320418,-0.0505785,-0.00593053,0.150507,0,0,0
11.5391,3,0,0,0,0,0,0,0,0,0,0
11.5391,4,0,0,0,0,0,0,0,0,0,0
11.5391,5,0,0,0,0,0,0,0,0,0,0
11.5946,0,-5.42184,-5.48753,6.8715,0.48728,0.573915,0.0125312,3.0758,0,0,0
11.5946,1,-7.2259,-3.28502,3.05324,-0.0676048,-0.0425567,-0.0839126,0.249193,0,0,0
11.5946,2,-3.29995,-7.25819,2.88541,-0.0318298,-0.0491696,-0.00577015,0.143386,0,0,0
11.5946,3,0,0,0,0,0,0,0,0,0,0
11.5946,4,0,0,0,0,0,0,0,0,0,0
11.5946,5,0,0,0,0,0,0,0,0,0,0
11.658,0,-5.378,-5.43892,6.87096,0.557488,0.651513,-0.0642541,2.94148,0,0,0
11.658,1,-7.22742,-3.28609,3.05013,-0.0585854,-0.0377457,-0.0847638,0.249193,0,0,0
11.658,2,-3.30147,-7.26084,2.88518,-0.0295561,-0.0467273,-0.00558247,0.139232,0,0,0
11.658,3,0,0,0,0,0,0,0,0,0,0
11.658,4,0,0,0,0,0,0,0,0,0,0
11.658,5,0,0,0,0,0,0,0,0,0,0
11.7208,0,-5.32653,-5.38355,6.8712,0.641459,0.740641,-0.130223,2.94148,0,0,0
11.7208,1,-7.23198,-3.2881,3.0454,-0.0617928,-0.0363644,-0.0827333,0.238837,0,0,0
11.7208,2,-3.30314,-7.26311,2.88489,-0.02862,-0.0440006,-0.00544138,0.139232,0,0,0
11.7208,3,0,0,0,0,0,0,0,0,0,0
11.7208,4,0,0,0,0,0,0,0,0,0,0
11.7208,5,0,0,0,0,0,0,0,0,0,0
11.7768,0,-5.27995,-5.33314,6.87073,0.691643,0.792147,-0.19555,2.80049,0,0,0
11.7768,1,-7.23617,-3.2909,3.04099,-0.0631466,-0.038098,-0.0801359,0.238837,0,0,0
11.7768,2,-3.30314,-7.26311,2.88489,-0.02862,-0.0440006,-0.00544138,0.133347,0,0,0
11.7768,3,0,0,0,0,0,0,0,0,0,0
11.7768,4,0,0,0,0,0,0,0,0,0,0
11.7768,5,0,0,0,0,0,0,0,0,0,0
11.8272,0,-5.2372,-5.28663,6.87862,0.726175,0.825441,-0.251005,2.80049,0,0,0
11.8272,1,-7.23977,-3.29312,3.0363,-0.0624172,-0.0377478,-0.0786543,0.225845,0,0,0
11.8272,2,-3.30647,-7.26824,2.88436,-0.0259326,-0.0399359,-0.00522134,0.133347,0,0,0
11.8272,3,0,0,0,0,0,0,0,0,0,0
11.8272,4,0,0,0,0,0,0,0,0,0,0
11.8272,5,0,0,0,0,0,0,0,0,0,0
11.8826,0,-5.19672,-5.24247,6.90185,0.747518,0.840085,-0.308946,2.66873,0,0,0
11.8826,1,-7.24325,-3.29525,3.03296,-0.0608326,-0.0367892,-0.0778479,0.225845,0,0,0
11.8826,2,-3.30862,-7.27178,2.88409,-0.02665,-0.0422297,-0.00514134,0.127205,0,0,0
11.8826,3,0,0,0,0,0,0,0,0,0,0
11.8826,4,0,0,0,0,0,0,0,0,0,0
11.8826,5,0,0,0,0,0,0,0,0,0,0
11.9343,0,-5.17008,-5.21367,6.89894,0.723109,0.803604,-0.335155,2.66873,0,0,0
11.9343,1,-7.24664,-3.29731,3.02855,-0.0592594,-0.0357932,-0.075093,0.214687,0,0,0
11.9343,2,-3.31024,-7.27426,2.88378,-0.0260766,-0.0412058,-0.00488469,0.127205,0,0,0
11.9343,3,0,0,0,0,0,0,0,0,0,0
11.9343,4,0,0,0,0,0,0,0,0,0,0
11.9343,5,0,0,0,0,0,0,0,0,0,0
11.9896,0,-5.17008,-5.21367,6.89894,0.723109,0.803604,-0.335155,2.56974,0,0,0
11.9896,1,-7.24993,-3.29929,3.02481,-0.0571062,-0.0344432,-0.074732,0.214687,0,0,0
11.9896,2,-3.31167,-7.27654,2.88351,-0.0249629,-0.0397048,-0.00495597,0.120076,0,0,0
11.9896,3,0,0,0,0,0,0,0,0,0,0
11.9896,4,0,0,0,0,0,0,0,0,0,0
11.9896,5,0,0,0,0,0,0,0,0,0,0
12.0499,0,-5.11013,-5.14528,6.86777,0.715155,0.792414,-0.304087,2.56974,0,0,0
12.0499,1,-7.25351,-3.30134,3.02091,-0.0574306,-0.0340551,-0.0717877,0.203656,0,0,0
12.0499,2,-3.31351,-7.27921,2.88327,-0.0253962,-0.039799,-0.00475423,0.120076,0,0,0
12.0499,3,0,0,0,0,0,0,0,0,0,0
12.0499,4,0,0,0,0,0,0,0,0,0,0
12.0499,5,0,0,0,0,0,0,0,0,0,0
12.1088,0,-5.11013,-5.14528,6.86777,0.715155,0.792414,-0.304087,2.47883,0,0,0
12.1088,1,-7.25578,-3.30286,3.01865,-0.0528355,-0.0319785,-0.0716904,0.203656,0,0,0
12.1088,2,-3.31519,-7.28188,2.88308,-0.0249822,-0.0395037,-0.00461031,0.114132,0,0,0
12.1088,3,0,0,0,0,0,0,0,0,0,0
12.1088,4,0,0,0,0,0,0,0,0,0,0
12.1088,5,0,0,0,0,0,0,0,0,0,0
12.169,0,-5.05458,-5.08259,6.86285,0.691146,0.758531,-0.261573,2.47883,0,0,0
12.169,1,-7.2624,-3.30657,3.01127,-0.0528609,-0.030749,-0.0683893,0.194772,0,0,0
12.169,2,-3.31631,-7.28348,2.88286,-0.0232489,-0.0362026,-0.00451017,0.114132,0,0,0
12.169,3,0,0,0,0,0,0,0,0,0,0
12.169,4,0,0,0,0,0,0,0,0,0,0
12.169,5,0,0,0,0,0,0,0,0,0,0
12.2269,0,-5.06583,-5.09001,6.86692,0.555637,0.627139,-0.143532,2.37122,0,0,0
12.2269,1,-7.2624,-3.30657,3.01127,-0.0528609,-0.030749,-0.0683893,0.194772,0,0,0
12.2269,2,-3.3178,-7.28544,2.88264,-0.0227565,-0.0342368,-0.0044205,0.109003,0,0,0
12.2269,3,0,0,0,0,0,0,0,0,0,0
12.2269,4,0,0,0,0,0,0,0,0,0,0
12.2269,5,0,0,0,0,0,0,0,0,0,0
12.2866,0,-5.06583,-5.09001,6.86692,0.555637,0.627139,-0.143532,2.37122,0,0,0
12.2866,1,-7.26587,-3.30884,3.00739,-0.0526347,-0.0313341,-0.0659503,0.183879,0,0,0
12.2866,2,-3.3178,-7.28544,2.88264,-0.0227565,-0.0342368,-0.0044205,0.109003,0,0,0
12.2866,3,0,0,0,0,0,0,0,0,0,0
12.2866,4,0,0,0,0,0,0,0,0,0,0
12.2866,5,0,0,0,0,0,0,0,0,0,0
12.337,0,-5.04121,-5.05923,6.85083,0.48169,0.552837,-0.0662205,3.28785,0,0,0
12.337,1,-7.26885,-3.31075,3.00354,-0.0514784,-0.0310455,-0.064047,0.183879,0,0,0
12.337,2,-3.32086,-7.29021,2.88222,-0.0226454,-0.0343669,-0.0042299,0.103644,0,0,0
12.337,3,0,0,0,0,0,0,0,0,0,0
12.337,4,0,0,0,0,0,0,0,0,0,0
12.337,5,0,0,0,0,0,0,0,0,0,0
12.398,0,-5.04692,-5.05827,6.86825,0.330218,0.403952,0.0258296,3.28785,0,0,0
12.398,1,-7.27079,-3.31173,3.00161,-0.0475489,-0.028232,-0.0637825,0.175762,0,0,0
12.398,2,-3.32231,-7.2927,2.88199,-0.0225035,-0.0352844,-0.004155,0.103644,0,0,0
12.398,3,0,0,0,0,0,0,0,0,0,0
12.398,4,0,0,0,0,0,0,0,0,0,0
12.398,5,0,0,0,0,0,0,0,0,0,0
12.4519,0,-5.06514,-5.07603,6.87562,0.265056,0.340167,0.0560964,3.2844,0,0,0
12.4519,1,-7.27586,-3.31525,2.99489,-0.0443759,-0.0279228,-0.0603972,0.175762,0,0,0
12.4519,2,-3.32379,-7.29506,2.8818,-0.0222105,-0.0351348,-0.0040788,0.0979676,0,0,0
12.4519,3,0,0,0,0,0,0,0,0,0,0
12.4519,4,0,0,0,0,0,0,0,0,0,0
12.4519,5,0,0,0,0,0,0,0,0,0,0
12.5051,0,-5.05595,-5.06075,6.8982,0.204169,0.275267,0.0747528,3.2844,0,0,0
12.5051,1,-7.2795,-3.31662,2.99223,-0.0471876,-0.0267552,-0.058134,0.166653,0,0,0
12.5051,2,-3.32512,-7.2971,2.88159,-0.0217454,-0.0343638,-0.00398323,0.0979676,0,0,0
12.5051,3,0,0,0,0,0,0,0,0,0,0
12.5051,4,0,0,0,0,0,0,0,0,0,0
12.5051,5,0,0,0,0,0,0,0,0,0,0
12.5642,0,-5.05704,-5.05968,6.89144,0.162345,0.227679,0.0797546,3.27632,0,0,0
12.5642,1,-7.2826,-3.31823,2.98842,-0.047376,-0.0264685,-0.0560739,0.166653,0,0,0
12.5642,2,-3.32641,-7.29913,2.88139,-0.0211833,-0.0333885,-0.00388368,0.0927359,0,0,0
12.5642,3,0,0,0,0,0,0,0,0,0,0
12.5642,4,0,0,0,0,0,0,0,0,0,0
12.5642,5,0,0,0,0,0,0,0,0,0,0
12.6169,0,-5.06262,-5.06635,6.88352,0.142967,0.203276,0.0782385,3.26758,0,0,0
12.6169,1,-7.28233,-3.31846,2.98564,-0.046358,-0.0273331,-0.0545801,0.156922,0,0,0
12.6169,2,-3.32761,-7.30097,2.88121,-0.0202716,-0.0319322,-0.00379593,0.0927359,0,0,0
12.6169,3,0,0,0,0,0,0,0,0,0,0
12.6169,4,0,0,0,0,0,0,0,0,0,0
12.6169,5,0,0,0,0,0,0,0,0,0,0
12.6747,0,-5.04992,-5.04967,6.88029,0.125842,0.178325,0.0785923,3.26758,0,0,0
12.6747,1,-7.28434,-3.31957,2.98377,-0.0428039,-0.0250046,-0.0543739,0.156922,0,0,0
12.6747,2,-3.3287,-7.3026,2.88102,-0.0194188,-0.0301856,-0.00370685,0.088114,0,0,0
12.6747,3,0,0,0,0,0,0,0,0,0,0
12.6747,4,0,0,0,0,0,0,0,0,0,0
12.6747,5,0,0,0,0,0,0,0,0,0,0
12.7249,0,-5.04449,-5.04526,6.88085,0.144156,0.191913,0.0870947,3.26758,0,0,0
12.7249,1,-7.28606,-3.32064,2.98061,-0.0397257,-0.0234524,-0.0519625,0.152064,0,0,0
12.7249,2,-3.3301,-7.30477,2.88084,-0.0195969,-0.0307238,-0.00359698,0.088114,0,0,0
12.7249,3,0,0,0,0,0,0,0,0,0,0
12.7249,4,0,0,0,0,0,0,0,0,0,0
12.7249,5,0,0,0,0,0,0,0,0,0,0
12.7829,0,-5.02654,-5.02599,6.87611,0.173446,0.214809,0.0770164,3.2953,0,0,0
12.7829,1,-7.29055,-3.32298,2.97789,-0.0382082,-0.0211548,-0.0507365,0.152064,0,0,0
12.7829,2,-3.33152,-7.30683,2.88065,-0.0200285,-0.0309251,-0.00348711,0.0835588,0,0,0
12.7829,3,0,0,0,0,0,0,0,0,0,0
12.7829,4,0,0,0,0,0,0,0,0,0,0
12.7829,5,0,0,0,0,0,0,0,0,0,0
12.8374,0,-4.9916,-4.98864,6.87529,0.222334,0.256181,0.0631431,3.2953,0,0,0
12.8374,1,-7.29377,-3.32453,2.97529,-0.0403409,-0.02094,-0.0491165,0.142916,0,0,0
12.8374,2,-3.3326,-7.30852,2.88047,-0.0191069,-0.0296443,-0.00339059,0.0835588,0,0,0
12.8374,3,0,0,0,0,0,0,0,0,0,0
12.8374,4,0,0,0,0,0,0,0,0,0,0
12.8374,5,0,0,0,0,0,0,0,0,0,0
12.8984,0,-4.96055,-4.95749,6.87234,0.282012,0.309639,0.0454536,3.37273,0,0,0
12.8984,1,-7.29375,-3.32517,2.97312,-0.0401688,-0.0231891,-0.0478973,0.142916,0,0,0
12.8984,2,-3.33388,-7.31052,2.88033,-0.0191366,-0.029896,-0.00328862,0.0790374,0,0,0
12.8984,3,0,0,0,0,0,0,0,0,0,0
12.8984,4,0,0,0,0,0,0,0,0,0,0
12.8984,5,0,0,0,0,0,0,0,0,0,0
12.9511,0,-4.9417,-4.94019,6.87481,0.349235,0.373139,-0.0017496,3.37273,0,0,0
12.9511,1,-7.29567,-3.32627,2.97055,-0.037567,-0.0216434,-0.0465764,0.136796,0,0,0
12.9511,2,-3.33512,-7.31223,2.88015,-0.0188122,-0.0285975,-0.00317724,0.0790374,0,0,0
12.9511,3,0,0,0,0,0,0,0,0,0,0
12.9511,4,0,0,0,0,0,0,0,0,0,0
12.9511,5,0,0,0,0,0,0,0,0,0,0
13.0063,0,-4.9057,-4.90479,6.87845,0.401874,0.420325,-0.0187447,2.24014,0,0,0
13.0063,1,-7.29793,-3.32759,2.96812,-0.0368199,-0.0214462,-0.0450881,0.136796,0,0,0
13.0063,2,-3.33711,-7.31543,2.88001,-0.0170768,-0.0265367,-0.00310817,0.0745404,0,0,0
13.0063,3,0,0,0,0,0,0,0,0,0,0
13.0063,4,0,0,0,0,0,0,0,0,0,0
13.0063,5,0,0,0,0,0,0,0,0,0,0
13.059,0,-4.85336,-4.85314,6.87907,0.44428,0.455216,-0.0561008,2.1641,0,0,0
13.059,1,-7.30174,-3.32977,2.96593,-0.0345077,-0.0198756,-0.0430403,0.129841,0,0,0
13.059,2,-3.33815,-7.31695,2.87984,-0.0167609,-0.0257643,-0.00302677,0.0745404,0,0,0
13.059,3,0,0,0,0,0,0,0,0,0,0
13.059,4,0,0,0,0,0,0,0,0,0,0
13.059,5,0,0,0,0,0,0,0,0,0,0
13.1166,0,-4.85336,-4.85314,6.87907,0.44428,0.455216,-0.0561008,2.1641,0,0,0
13.1166,1,-7.30137,-3.32987,2.96379,-0.0331754,-0.0202712,-0.0431683,0.129841,0,0,0
13.1166,2,-3.3382,-7.31717,2.87968,-0.0169062,-0.0265582,-0.00298731,0.0689276,0,0,0
13.1166,3,0,0,0,0,0,0,0,0,0,0
13.1166,4,0,0,0,0,0,0,0,0,0,0
13.1166,5,0,0,0,0,0,0,0,0,0,0
13.1869,0,-4.80844,-4.8107,6.88621,0.511063,0.51157,-0.139813,2.04304,0,0,0
13.1869,1,-7.30329,-3.33081,2.96136,-0.0326716,-0.0191534,-0.0413153,0.123861,0,0,0
13.1869,2,-3.33931,-7.31879,2.87952,-0.0163551,-0.0253683,-0.00289012,0.0689276,0,0,0
13.1869,3,0,0,0,0,0,0,0,0,0,0
13.1869,4,0,0,0,0,0,0,0,0,0,0
13.1869,5,0,0,0,0,0,0,0,0,0,0
13.2422,0,-4.74866,-4.75411,6.88491,0.545825,0.533889,-0.163721,2.04304,0,0,0
13.2422,1,-7.30484,-3.33181,2.95913,-0.0309534,-0.0185061,-0.0414707,0.123861,0,0,0
13.2422,2,-3.34028,-7.32036,2.87938,-0.0156211,-0.0245225,-0.00278779,0.0667359,0,0,0
13.2422,3,0,0,0,0,0,0,0,0,0,0
13.2422,4,0,0,0,0,0,0,0,0,0,0
13.2422,5,0,0,0,0,0,0,0,0,0,0
13.297,0,-4.72329,-4.73039,6.8973,0.543878,0.524033,-0.187301,1.94653,0,0,0
13.297,1,-7.30767,-3.33347,2.95725,-0.0273315,-0.0163024,-0.0404189,0.117753,0,0,0
13.297,2,-3.34105,-7.3217,2.87925,-0.0146895,-0.0236493,-0.00271498,0.0667359,0,0,0
13.297,3,0,0,0,0,0,0,0,0,0,0
13.297,4,0,0,0,0,0,0,0,0,0,0
13.297,5,0,0,0,0,0,0,0,0,0,0
13.3549,0,-4.70751,-4.71729,6.89141,0.510833,0.478823,-0.197854,1.94653,0,0,0
13.3549,1,-7.30959,-3.3345,2.95486,-0.0276515,-0.015969,-0.0391533,0.117753,0,0,0
13.3549,2,-3.34198,-7.323,2.87912,-0.0141203,-0.0221966,-0.00264728,0.063335,0,0,0
13.3549,3,0,0,0,0,0,0,0,0,0,0
13.3549,4,0,0,0,0,0,0,0,0,0,0
13.3549,5,0,0,0,0,0,0,0,0,0,0
13.4152,0,-4.70751,-4.71729,6.89141,0.510833,0.478823,-0.197854,1.89145,0,0,0
13.4152,1,-7.31136,-3.33567,2.95309,-0.0271321,-0.0160883,-0.038686,0.110888,0,0,0
13.4152,2,-3.34283,-7.32413,2.87898,-0.0136681,-0.0207522,-0.00256672,0.063335,0,0,0
13.4152,3,0,0,0,0,0,0,0,0,0,0
13.4152,4,0,0,0,0,0,0,0,0,0,0
13.4152,5,0,0,0,0,0,0,0,0,0,0
13.473,0,-4.68496,-4.69644,6.8861,0.504082,0.465144,-0.212855,1.89145,0,0,0
13.473,1,-7.31283,-3.33658,2.95069,-0.0261254,-0.0156132,-0.0367833,0.105217,0,0,0
13.473,2,-3.34361,-7.32562,2.87886,-0.013127,-0.0210996,-0.00250489,0.060322,0,0,0
13.473,3,0,0,0,0,0,0,0,0,0,0
13.473,4,0,0,0,0,0,0,0,0,0,0
13.473,5,0,0,0,0,0,0,0,0,0,0
13.5319,0,-4.68683,-4.7006,6.87973,0.424172,0.378853,-0.17243,1.86498,0,0,0
13.5319,1,-7.31421,-3.33732,2.94905,-0.0250078,-0.0146483,-0.0369339,0.105217,0,0,0
13.5319,2,-3.34459,-7.32694,2.87871,-0.0134349,-0.0208134,-0.00243692,0.060322,0,0,0
13.5319,3,0,0,0,0,0,0,0,0,0,0
13.5319,4,0,0,0,0,0,0,0,0,0,0
13.5319,5,0,0,0,0,0,0,0,0,0,0
13.59,0,-4.67951,-4.69562,6.86991,0.376952,0.328555,-0.138582,1.86498,0,0,0
13.59,1,-7.31593,-3.33836,2.94725,-0.024346,-0.0142826,-0.0359253,0.100257,0,0,0
13.59,2,-3.34459,-7.32694,2.87871,-0.0134349,-0.0208134,-0.00243692,0.0569955,0,0,0
13.59,3,0,0,0,0,0,0,0,0,0,0
13.59,4,0,0,0,0,0,0,0,0,0,0
13.59,5,0,0,0,0,0,0,0,0,0,0
13.6423,0,-4.68159,-4.70184,6.86735,0.262235,0.212069,-0.0815529,1.86296,0,0,0
13.6423,1,-7.31743,-3.33935,2.94541,-0.0236717,-0.0142059,-0.0352251,0.100257,0,0,0
13.6423,2,-3.34589,-7.32907,2.87858,-0.0118547,-0.0188018,-0.00237794,0.0569955,0,0,0
13.6423,3,0,0,0,0,0,0,0,0,0,0
13.6423,4,0,0,0,0,0,0,0,0,0,0
13.6423,5,0,0,0,0,0,0,0,0,0,0
13.7001,0,-4.68159,-4.70184,6.86735,0.262235,0.212069,-0.0815529,1.86296,0,0,0
13.7001,1,-7.31878,-3.34017,2.94372,-0.0226619,-0.0136444,-0.0346342,0.0953775,0,0,0
13.7001,2,-3.34749,-7.33139,2.87836,-0.0115112,-0.017796,-0.00226395,0.054502,0,0,0
13.7001,3,0,0,0,0,0,0,0,0,0,0
13.7001,4,0,0,0,0,0,0,0,0,0,0
13.7001,5,0,0,0,0,0,0,0,0,0,0
13.7534,0,-4.7231,-4.74544,6.86622,0.0574778,0.0143185,-0.0423485,3.75372,0,0,0
13.7534,1,-7.31883,-3.34017,2.94196,-0.0228596,-0.0136504,-0.0330876,0.0953775,0,0,0
13.7534,2,-3.34749,-7.33139,2.87836,-0.0115112,-0.017796,-0.00226395,0.054502,0,0,0
13.7534,3,0,0,0,0,0,0,0,0,0,0
13.7534,4,0,0,0,0,0,0,0,0,0,0
13.7534,5,0,0,0,0,0,0,0,0,0,0
13.8065,0,-4.7231,-4.74544,6.86622,0.0574778,0.0143185,-0.0423485,3.75372,0,0,0
13.8065,1,-7.32019,-3.3411,2.94012,-0.0221137,-0.0136504,-0.032779,0.0940839,0,0,0
13.8065,2,-3.34803,-7.33238,2.87825,-0.0106788,-0.0170058,-0.00220633,0.0516682,0,0,0
13.8065,3,0,0,0,0,0,0,0,0,0,0
13.8065,4,0,0,0,0,0,0,0,0,0,0
13.8065,5,0,0,0,0,0,0,0,0,0,0
13.8598,0,-4.73818,-4.76201,6.87193,-0.00742259,-0.051095,-0.0334744,3.71222,0,0,0
13.8598,1,-7.32019,-3.3411,2.94012,-0.0221137,-0.0136504,-0.032779,0.0940839,0,0,0
13.8598,2,-3.34955,-7.33465,2.87802,-0.0104912,-0.016469,-0.0020872,0.0490954,0,0,0
13.8598,3,0,0,0,0,0,0,0,0,0,0
13.8598,4,0,0,0,0,0,0,0,0,0,0
13.8598,5,0,0,0,0,0,0,0,0,0,0
13.9157,0,-4.75904,-4.78392,6.87918,-0.0819025,-0.125439,-0.0431621,3.71222,0,0,0
13.9157,1,-7.32408,-3.34334,2.9372,-0.0197872,-0.0118877,-0.0314751,0.0881549,0,0,0
13.9157,2,-3.34955,-7.33465,2.87802,-0.0104912,-0.0161819,-0.00203829,0.0490954,0,0,0
13.9157,3,0,0,0,0,0,0,0,0,0,0
13.9157,4,0,0,0,0,0,0,0,0,0,0
13.9157,5,0,0,0,0,0,0,0,0,0,0
13.9713,0,-4.77514,-4.80089,6.87511,-0.131135,-0.173822,-0.0537282,3.65859,0,0,0
13.9713,1,-7.32525,-3.34414,2.93582,-0.0191613,-0.0118036,-0.030467,0.0881549,0,0,0
13.9713,2,-3.35094,-7.3368,2.87782,-0.0101246,-0.0159049,-0.00197511,0.0464525,0,0,0
13.9713,3,0,0,0,0,0,0,0,0,0,0
13.9713,4,0,0,0,0,0,0,0,0,0,0
13.9713,5,0,0,0,0,0,0,0,0,0,0
14.0257,0,-4.78849,-4.81492,6.87417,-0.165054,-0.205019,-0.0659426,3.65859,0,0,0
14.0257,1,-7.32643,-3.3447,2.93467,-0.0187219,-0.0110405,-0.0299565,0.0844182,0,0,0
14.0257,2,-3.35146,-7.33764,2.87772,-0.00952201,-0.0150899,-0.00191914,0.0464525,0,0,0
14.0257,3,0,0,0,0,0,0,0,0,0,0
14.0257,4,0,0,0,0,0,0,0,0,0,0
14.0257,5,0,0,0,0,0,0,0,0,0,0
14.0774,0,-4.79821,-4.82506,6.88849,-0.182781,-0.218671,-0.0701564,3.62522,0,0,0
14.0774,1,-7.32643,-3.3447,2.93467,-0.0187219,-0.0110405,-0.0299565,0.0844182,0,0,0
14.0774,2,-3.35146,-7.33764,2.87772,-0.00952201,-0.0150899,-0.00191914,0.0464525,0,0,0
14.0774,3,0,0,0,0,0,0,0,0,0,0
14.0774,4,0,0,0,0,0,0,0,0,0,0
14.0774,5,0,0,0,0,0,0,0,0,0,0
14.1377,0,-4.80372,-4.83103,6.88946,-0.183433,-0.213305,-0.0696505,3.62522,0,0,0
14.1377,1,-7.32889,-3.34623,2.9311,-0.0182459,-0.0108544,-0.0276672,0.0811873,0,0,0
14.1377,2,-3.35207,-7.33852,2.87765,-0.00909517,-0.0141795,-0.00187875,0.0442383,0,0,0
14.1377,3,0,0,0,0,0,0,0,0,0,0
14.1377,4,0,0,0,0,0,0,0,0,0,0
14.1377,5,0,0,0,0,0,0,0,0,0,0
14.196,0,-4.80546,-4.83289,6.88162,-0.17318,-0.197981,-0.0700427,3.61454,0,0,0
14.196,1,-7.32889,-3.34623,2.9311,-0.0182459,-0.0108544,-0.0276672,0.0811873,0,0,0
14.196,2,-3.35261,-7.33934,2.87754,-0.00860775,-0.0134331,-0.0018223,0.0442383,0,0,0
14.196,3,0,0,0,0,0,0,0,0,0,0
14.196,4,0,0,0,0,0,0,0,0,0,0
14.196,5,0,0,0,0,0,0,0,0,0,0
14.2513,0,-4.79468,-4.82209,6.87699,-0.123513,-0.143966,-0.0494135,3.61454,0,0,0
14.2513,1,-7.33118,-3.34763,2.92851,-0.0176494,-0.0105648,-0.0256744,0.076194,0,0,0
14.2513,2,-3.35262,-7.33943,2.87745,-0.00862187,-0.0137786,-0.00177664,0.0421837,0,0,0
14.2513,3,0,0,0,0,0,0,0,0,0,0
14.2513,4,0,0,0,0,0,0,0,0,0,0
14.2513,5,0,0,0,0,0,0,0,0,0,0
14.309,0,-4.78335,-4.81054,6.87439,-0.0772233,-0.0938081,-0.0333117,3.64597,0,0,0
14.309,1,-7.33141,-3.34788,2.92706,-0.0184434,-0.0114432,-0.0248188,0.076194,0,0,0
14.309,2,-3.35332,-7.34035,2.87736,-0.00896863,-0.013677,-0.00172802,0.0421837,0,0,0
14.309,3,0,0,0,0,0,0,0,0,0,0
14.309,4,0,0,0,0,0,0,0,0,0,0
14.309,5,0,0,0,0,0,0,0,0,0,0
14.3593,0,-4.76702,-4.79379,6.87126,-0.0219522,-0.0354763,-0.0171055,3.64597,0,0,0
14.3593,1,-7.33252,-3.34842,2.92581,-0.0181954,-0.0107637,-0.0234941,0.0731168,0,0,0
14.3593,2,-3.35381,-7.34131,2.87727,-0.00839068,-0.0136175,-0.00167386,0.0409371,0,0,0
14.3593,3,0,0,0,0,0,0,0,0,0,0
14.3593,4,0,0,0,0,0,0,0,0,0,0
14.3593,5,0,0,0,0,0,0,0,0,0,0
14.4145,0,-4.74656,-4.77294,6.86006,0.0407651,0.0301001,-0.0164977,1.95848,0,0,0
14.4145,1,-7.33441,-3.34972,2.92473,-0.0163288,-0.0102375,-0.023588,0.0731168,0,0,0
14.4145,2,-3.3548,-7.3427,2.8772,-0.00780803,-0.0121119,-0.00162448,0.0381616,0,0,0
14.4145,3,0,0,0,0,0,0,0,0,0,0
14.4145,4,0,0,0,0,0,0,0,0,0,0
14.4145,5,0,0,0,0,0,0,0,0,0,0
14.4692,0,-4.71117,-4.73681,6.86689,0.14075,0.135108,-0.0207456,1.95848,0,0,0
14.4692,1,-7.33441,-3.34972,2.92473,-0.0163288,-0.0102375,-0.023588,0.0689921,0,0,0
14.4692,2,-3.35482,-7.34283,2.87712,-0.00784958,-0.0125998,-0.00157715,0.0381616,0,0,0
14.4692,3,0,0,0,0,0,0,0,0,0,0
14.4692,4,0,0,0,0,0,0,0,0,0,0
14.4692,5,0,0,0,0,0,0,0,0,0,0
14.5271,0,-4.68647,-4.71153,6.86857,0.195301,0.194196,-0.0269716,1.87251,0,0,0
14.5271,1,-7.33565,-3.35026,2.92394,-0.0164512,-0.00946183,-0.0233373,0.0689921,0,0,0
14.5271,2,-3.35598,-7.34461,2.87696,-0.00791145,-0.0125934,-0.00146528,0.0359058,0,0,0
14.5271,3,0,0,0,0,0,0,0,0,0,0
14.5271,4,0,0,0,0,0,0,0,0,0,0
14.5271,5,0,0,0,0,0,0,0,0,0,0
14.5773,0,-4.65027,-4.67433,6.87481,0.275583,0.281541,-0.0903771,1.87251,0,0,0
14.5773,1,-7.33651,-3.35096,2.92238,-0.0156508,-0.00965167,-0.0230172,0.0656076,0,0,0
14.5773,2,-3.35598,-7.34461,2.87696,-0.00791145,-0.0125934,-0.00146528,0.0359058,0,0,0
14.5773,3,0,0,0,0,0,0,0,0,0,0
14.5773,4,0,0,0,0,0,0,0,0,0,0
14.5773,5,0,0,0,0,0,0,0,0,0,0
14.6274,0,-4.62645,-4.64959,6.87717,0.308092,0.318589,-0.0877033,1.78625,0,0,0
14.6274,1,-7.33752,-3.35151,2.92082,-0.0153046,-0.00923757,-0.0227913,0.0656076,0,0,0
14.6274,2,-3.35693,-7.34598,2.87689,-0.00745566,-0.0115198,-0.00140942,0.0359058,0,0,0
14.6274,3,0,0,0,0,0,0,0,0,0,0
14.6274,4,0,0,0,0,0,0,0,0,0,0
14.6274,5,0,0,0,0,0,0,0,0,0,0
14.6902,0,-4.59803,-4.62098,6.88853,0.346767,0.357136,-0.126188,1.78625,0,0,0
14.6902,1,-7.33839,-3.35201,2.91971,-0.0147664,-0.00879812,-0.0223806,0.0621955,0,0,0
14.6902,2,-3.35729,-7.34664,2.87681,-0.0069162,-0.0110273,-0.00135657,0.0342398,0,0,0
14.6902,3,0,0,0,0,0,0,0,0,0,0
14.6902,4,0,0,0,0,0,0,0,0,0,0
14.6902,5,0,0,0,0,0,0,0,0,0,0
14.7404,0,-4.57405,-4.59547,6.86899,0.371929,0.387571,-0.115431,1.74598,0,0,0
14.7404,1,-7.33854,-3.35215,2.91852,-0.0152829,-0.00931453,-0.0212859,0.0621955,0,0,0
14.7404,2,-3.35773,-7.34732,2.87675,-0.0066705,-0.0106719,-0.00131024,0.0342398,0,0,0
14.7404,3,0,0,0,0,0,0,0,0,0,0
14.7404,4,0,0,0,0,0,0,0,0,0,0
14.7404,5,0,0,0,0,0,0,0,0,0,0
14.7943,0,-4.55561,-4.57644,6.87863,0.37467,0.388802,-0.130168,1.74598,0,0,0
14.7943,1,-7.34026,-3.35319,2.91741,-0.0139252,-0.00845842,-0.0210248,0.0589985,0,0,0
14.7943,2,-3.35813,-7.34791,2.87668,-0.00640075,-0.010138,-0.00126767,0.0326758,0,0,0
14.7943,3,0,0,0,0,0,0,0,0,0,0
14.7943,4,0,0,0,0,0,0,0,0,0,0
14.7943,5,0,0,0,0,0,0,0,0,0,0
14.8471,0,-4.53609,-4.55537,6.86846,0.382628,0.399259,-0.118922,1.68444,0,0,0
14.8471,1,-7.34142,-3.35388,2.91644,-0.0139578,-0.00844598,-0.0203989,0.0589985,0,0,0
14.8471,2,-3.35854,-7.34859,2.87661,-0.00618415,-0.0099624,-0.00121861,0.0311653,0,0,0
14.8471,3,0,0,0,0,0,0,0,0,0,0
14.8471,4,0,0,0,0,0,0,0,0,0,0
14.8471,5,0,0,0,0,0,0,0,0,0,0
14.9078,0,-4.52409,-4.54262,6.86446,0.364537,0.380442,-0.103854,1.68444,0,0,0
14.9078,1,-7.34207,-3.35429,2.9152,-0.0130272,-0.00794159,-0.01977,0.0559399,0,0,0
14.9078,2,-3.35896,-7.34922,2.87655,-0.00605104,-0.00969325,-0.00117356,0.0311653,0,0,0
14.9078,3,0,0,0,0,0,0,0,0,0,0
14.9078,4,0,0,0,0,0,0,0,0,0,0
14.9078,5,0,0,0,0,0,0,0,0,0,0
14.9606,0,-4.51659,-4.53422,6.85834,0.333842,0.350649,-0.0811901,1.63824,0,0,0
14.9606,1,-7.34217,-3.35434,2.91417,-0.0133815,-0.00808963,-0.0192506,0.0559399,0,0,0
14.9606,2,-3.35935,-7.34986,2.8765,-0.00585981,-0.00952011,-0.00114342,0.0311653,0,0,0
14.9606,3,0,0,0,0,0,0,0,0,0,0
14.9606,4,0,0,0,0,0,0,0,0,0,0
14.9606,5,0,0,0,0,0,0,0,0,0,0
15.0221,0,-4.51083,-4.52745,6.85398,0.301181,0.320382,-0.0501351,1.63824,0,0,0
15.0221,1,-7.34281,-3.35473,2.91336,-0.0122209,-0.00741877,-0.0190497,0.0540234,0,0,0
15.0221,2,-3.3598,-7.35054,2.87643,-0.00587143,-0.00952615,-0.00111532,0.0296522,0,0,0
15.0221,3,0,0,0,0,0,0,0,0,0,0
15.0221,4,0,0,0,0,0,0,0,0,0,0
15.0221,5,0,0,0,0,0,0,0,0,0,0
15.0774,0,-4.5105,-4.52634,6.86104,0.25383,0.273668,-0.0281428,1.61824,0,0,0
15.0774,1,-7.3444,-3.35565,2.91166,-0.0120317,-0.00710769,-0.0182909,0.0540234,0,0,0
15.0774,2,-3.36008,-7.35087,2.87637,-0.00545859,-0.00837107,-0.0010899,0.0284023,0,0,0
15.0774,3,0,0,0,0,0,0,0,0,0,0
15.0774,4,0,0,0,0,0,0,0,0,0,0
15.0774,5,0,0,0,0,0,0,0,0,0,0
15.131,0,-4.50964,-4.52491,6.86617,0.214112,0.233579,-0.00623818,1.61824,0,0,0
15.131,1,-7.3444,-3.35565,2.91166,-0.0120317,-0.00710769,-0.0182909,0.0515234,0,0,0
15.131,2,-3.3605,-7.3516,2.87632,-0.00530563,-0.00851789,-0.0010684,0.0284023,0,0,0
15.131,3,0,0,0,0,0,0,0,0,0,0
15.131,4,0,0,0,0,0,0,0,0,0,0
15.131,5,0,0,0,0,0,0,0,0,0,0
15.189,0,-4.51349,-4.52823,6.86937,0.163655,0.182531,0.00672168,4.04146,0,0,0
15.189,1,-7.3459,-3.35656,2.90963,-0.0113942,-0.00670909,-0.0170406,0.0515234,0,0,0
15.189,2,-3.36129,-7.3528,2.87621,-0.00511961,-0.0082014,-0.0010341,0.0267861,0,0,0
15.189,3,0,0,0,0,0,0,0,0,0,0
15.189,4,0,0,0,0,0,0,0,0,0,0
15.189,5,0,0,0,0,0,0,0,0,0,0
15.2418,0,-4.51241,-4.52643,6.87246,0.134675,0.152988,0.0164381,4.04146,0,0,0
15.2418,1,-7.34651,-3.35705,2.90862,-0.0108138,-0.00683775,-0.0166057,0.0488489,0,0,0
15.2418,2,-3.36164,-7.35333,2.87616,-0.00499612,-0.00800561,-0.00102189,0.0267861,0,0,0
15.2418,3,0,0,0,0,0,0,0,0,0,0
15.2418,4,0,0,0,0,0,0,0,0,0,0
15.2418,5,0,0,0,0,0,0,0,0,0,0
15.292,0,-4.51289,-4.52629,6.89135,0.103432,0.120511,0.0264718,4.03841,0,0,0
15.292,1,-7.34651,-3.35705,2.90862,-0.0108138,-0.00683775,-0.0166057,0.0488489,0,0,0
15.292,2,-3.36164,-7.35333,2.87616,-0.00499612,-0.00800561,-0.00102189,0.0254868,0,0,0
15.292,3,0,0,0,0,0,0,0,0,0,0
15.292,4,0,0,0,0,0,0,0,0,0,0
15.292,5,0,0,0,0,0,0,0,0,0,0
15.3455,0,-4.50958,-4.52246,6.89333,0.0909964,0.106806,0.0300919,4.03841,0,0,0
15.3455,1,-7.34742,-3.3575,2.90773,-0.0114507,-0.00677376,-0.0164556,0.0462409,0,0,0
15.3455,2,-3.36199,-7.35387,2.87611,-0.00485852,-0.00777224,-0.00100839,0.0254868,0,0,0
15.3455,3,0,0,0,0,0,0,0,0,0,0
15.3455,4,0,0,0,0,0,0,0,0,0,0
15.3455,5,0,0,0,0,0,0,0,0,0,0
15.4008,0,-4.5045,-4.51715,6.88919,0.0885261,0.102458,0.0273051,4.04325,0,0,0
15.4008,1,-7.34823,-3.35797,2.90713,-0.0114743,-0.00671432,-0.0161497,0.0462409,0,0,0
15.4008,2,-3.36236,-7.35439,2.87606,-0.00483392,-0.00753404,-0.000994238,0.0242028,0,0,0
15.4008,3,0,0,0,0,0,0,0,0,0,0
15.4008,4,0,0,0,0,0,0,0,0,0,0
15.4008,5,0,0,0,0,0,0,0,0,0,0
15.4612,0,-4.49437,-4.50653,6.87909,0.104268,0.117561,0.0245677,4.04325,0,0,0
15.4612,1,-7.34877,-3.3584,2.90618,-0.010734,-0.0066869,-0.0152631,0.0439947,0,0,0
15.4612,2,-3.36254,-7.35468,2.87601,-0.00424249,-0.0066107,-0.000977477,0.0242028,0,0,0
15.4612,3,0,0,0,0,0,0,0,0,0,0
15.4612,4,0,0,0,0,0,0,0,0,0,0
15.4612,5,0,0,0,0,0,0,0,0,0,0
15.5172,0,-4.48119,-4.49306,6.86301,0.129208,0.141228,0.0195587,4.06524,0,0,0
15.5172,1,-7.34954,-3.35885,2.90512,-0.0109683,-0.0067069,-0.0147248,0.0439947,0,0,0
15.5172,2,-3.36286,-7.35511,2.87596,-0.00420444,-0.00636449,-0.000957936,0.0233168,0,0,0
15.5172,3,0,0,0,0,0,0,0,0,0,0
15.5172,4,0,0,0,0,0,0,0,0,0,0
15.5172,5,0,0,0,0,0,0,0,0,0,0
15.5674,0,-4.46218,-4.47379,6.86176,0.169276,0.180582,0.0191453,4.06524,0,0,0
15.5674,1,-7.35099,-3.35969,2.90446,-0.0108712,-0.00651059,-0.0148336,0.0409702,0,0,0
15.5674,2,-3.36324,-7.35581,2.87591,-0.00434262,-0.00703181,-0.000928391,0.0233168,0,0,0
15.5674,3,0,0,0,0,0,0,0,0,0,0
15.5674,4,0,0,0,0,0,0,0,0,0,0
15.5674,5,0,0,0,0,0,0,0,0,0,0
15.6176,0,-4.44229,-4.45366,6.86093,0.207648,0.218689,0.0162929,4.11117,0,0,0
15.6176,1,-7.35102,-3.3597,2.90363,-0.0109725,-0.00653717,-0.0140644,0.0409702,0,0,0
15.6176,2,-3.36367,-7.35637,2.87587,-0.00466274,-0.00717128,-0.000904758,0.0218251,0,0,0
15.6176,3,0,0,0,0,0,0,0,0,0,0
15.6176,4,0,0,0,0,0,0,0,0,0,0
15.6176,5,0,0,0,0,0,0,0,0,0,0
15.6699,0,-4.42399,-4.43515,6.86266,0.235189,0.246303,-0.00167237,4.11117,0,0,0
15.6699,1,-7.35158,-3.36011,2.90313,-0.0103469,-0.00644154,-0.0139705,0.0395157,0,0,0
15.6699,2,-3.36399,-7.35696,2.87582,-0.00456822,-0.00735267,-0.000875421,0.0218251,0,0,0
15.6699,3,0,0,0,0,0,0,0,0,0,0
15.6699,4,0,0,0,0,0,0,0,0,0,0
15.6699,5,0,0,0,0,0,0,0,0,0,0
15.7227,0,-4.40284,-4.41384,6.86367,0.267281,0.278932,-0.0176797,1.49146,0,0,0
15.7227,1,-7.35232,-3.3605,2.90238,-0.0105859,-0.00635545,-0.0135426,0.0395157,0,0,0
15.7227,2,-3.36427,-7.35737,2.87578,-0.00441039,-0.0070177,-0.000850446,0.0206554,0,0,0
15.7227,3,0,0,0,0,0,0,0,0,0,0
15.7227,4,0,0,0,0,0,0,0,0,0,0
15.7227,5,0,0,0,0,0,0,0,0,0,0
15.7832,0,-4.37322,-4.38399,6.86787,0.3202,0.332764,-0.0496921,1.49146,0,0,0
15.7832,1,-7.35296,-3.36091,2.90159,-0.0100067,-0.00608655,-0.0132909,0.0384004,0,0,0
15.7832,2,-3.36454,-7.35778,2.87573,-0.00426472,-0.00674707,-0.000810018,0.0206554,0,0,0
15.7832,3,0,0,0,0,0,0,0,0,0,0
15.7832,4,0,0,0,0,0,0,0,0,0,0
15.7832,5,0,0,0,0,0,0,0,0,0,0
15.8484,0,-4.3346,-4.34505,6.87155,0.344598,0.355731,-0.0686148,1.41935,0,0,0
15.8484,1,-7.35356,-3.36129,2.9009,-0.00975972,-0.00597229,-0.0127321,0.0384004,0,0,0
15.8484,2,-3.36488,-7.35838,2.8757,-0.00423686,-0.00702521,-0.000775353,0.0194727,0,0,0
15.8484,3,0,0,0,0,0,0,0,0,0,0
15.8484,4,0,0,0,0,0,0,0,0,0,0
15.8484,5,0,0,0,0,0,0,0,0,0,0
15.9102,0,-4.31177,-4.32194,6.8726,0.361462,0.37159,-0.0879389,1.41935,0,0,0
15.9102,1,-7.35457,-3.36181,2.90029,-0.00885453,-0.00513043,-0.0125323,0.0363081,0,0,0
15.9102,2,-3.36529,-7.35893,2.87566,-0.00458292,-0.00722747,-0.000741766,0.0194727,0,0,0
15.9102,3,0,0,0,0,0,0,0,0,0,0
15.9102,4,0,0,0,0,0,0,0,0,0,0
15.9102,5,0,0,0,0,0,0,0,0,0,0
15.9793,0,-4.29474,-4.30481,6.87019,0.361809,0.368457,-0.104489,1.33201,0,0,0
15.9793,1,-7.35506,-3.36226,2.89962,-0.00830749,-0.00533439,-0.0118863,0.0363081,0,0,0
15.9793,2,-3.36582,-7.35977,2.87555,-0.00428087,-0.00683131,-0.000661808,0.01827,0,0,0
15.9793,3,0,0,0,0,0,0,0,0,0,0
15.9793,4,0,0,0,0,0,0,0,0,0,0
15.9793,5,0,0,0,0,0,0,0,0,0,0
16.0294,0,-4.30151,-4.31173,6.86923,0.340064,0.344125,-0.100677,1.31754,0,0,0
16.0294,1,-7.35584,-3.3626,2.89906,-0.00888535,-0.00518336,-0.0113859,0.0341431,0,0,0
16.0294,2,-3.3661,-7.36022,2.87552,-0.00420966,-0.0067732,-0.0006386,0.01827,0,0,0
16.0294,3,0,0,0,0,0,0,0,0,0,0
16.0294,4,0,0,0,0,0,0,0,0,0,0
16.0294,5,0,0,0,0,0,0,0,0,0,0
16.0826,0,-4.29211,-4.30226,6.86694,0.313374,0.314767,-0.088285,1.31754,0,0,0
16.0826,1,-7.35637,-3.36293,2.89846,-0.00866474,-0.00512006,-0.0109638,0.0341431,0,0,0
16.0826,2,-3.36628,-7.36045,2.87549,-0.00387659,-0.00604075,-0.000591299,0.0172654,0,0,0
16.0826,3,0,0,0,0,0,0,0,0,0,0
16.0826,4,0,0,0,0,0,0,0,0,0,0
16.0826,5,0,0,0,0,0,0,0,0,0,0
16.1425,0,-4.28905,-4.29916,6.85793,0.27383,0.273938,-0.0696276,1.29994,0,0,0
16.1425,1,-7.35655,-3.36308,2.89789,-0.00735368,-0.0045056,-0.0107917,0.0322965,0,0,0
16.1425,2,-3.36653,-7.36088,2.87549,-0.0037316,-0.0060052,-0.000607644,0.0172654,0,0,0
16.1425,3,0,0,0,0,0,0,0,0,0,0
16.1425,4,0,0,0,0,0,0,0,0,0,0
16.1425,5,0,0,0,0,0,0,0,0,0,0
16.1941,0,-4.29173,-4.3018,6.8626,0.219713,0.219841,-0.0461098,1.29994,0,0,0
16.1941,1,-7.35712,-3.36336,2.89731,-0.00753705,-0.00435052,-0.0104365,0.0322965,0,0,0
16.1941,2,-3.36653,-7.36088,2.87549,-0.0037316,-0.0060052,-0.000607644,0.0164739,0,0,0
16.1941,3,0,0,0,0,0,0,0,0,0,0
16.1941,4,0,0,0,0,0,0,0,0,0,0
16.1941,5,0,0,0,0,0,0,0,0,0,0
16.255,0,-4.2978,-4.30784,6.86266,0.160081,0.160962,-0.0265298,1.31221,0,0,0
16.255,1,-7.35754,-3.36365,2.89683,-0.00723355,-0.00430861,-0.0103596,0.0308703,0,0,0
16.255,2,-3.36679,-7.36128,2.87544,-0.00364906,-0.00590583,-0.000596276,0.0164739,0,0,0
16.255,3,0,0,0,0,0,0,0,0,0,0
16.255,4,0,0,0,0,0,0,0,0,0,0
16.255,5,0,0,0,0,0,0,0,0,0,0
16.3085,0,-4.30256,-4.31246,6.86566,0.0911137,0.0931151,-0.0155451,1.31221,0,0,0
16.3085,1,-7.35796,-3.3639,2.89626,-0.00695956,-0.00414186,-0.0101969,0.0308703,0,0,0
16.3085,2,-3.36704,-7.36165,2.87541,-0.00363393,-0.00576376,-0.000600404,0.0155495,0,0,0
16.3085,3,0,0,0,0,0,0,0,0,0,0
16.3085,4,0,0,0,0,0,0,0,0,0,0
16.3085,5,0,0,0,0,0,0,0,0,0,0
16.3613,0,-4.31887,-4.32884,6.87181,0.0345607,0.0357836,-0.00773599,4.31498,0,0,0
16.3613,1,-7.35842,-3.36417,2.89575,-0.00672838,-0.00396024,-0.0100609,0.0294171,0,0,0
16.3613,2,-3.36723,-7.36197,2.87537,-0.00342608,-0.00553119,-0.00056604,0.0155495,0,0,0
16.3613,3,0,0,0,0,0,0,0,0,0,0
16.3613,4,0,0,0,0,0,0,0,0,0,0
16.3613,5,0,0,0,0,0,0,0,0,0,0
16.423,0,-4.33319,-4.34308,6.87359,-0.0317,-0.0317343,-0.0131022,4.31498,0,0,0
16.423,1,-7.35895,-3.36449,2.89523,-0.0068626,-0.00399327,-0.00993491,0.0294171,0,0,0
16.423,2,-3.36744,-7.36227,2.87534,-0.00325873,-0.00519143,-0.000582296,0.0148097,0,0,0
16.423,3,0,0,0,0,0,0,0,0,0,0
16.423,4,0,0,0,0,0,0,0,0,0,0
16.423,5,0,0,0,0,0,0,0,0,0,0
16.4795,0,-4.34476,-4.35462,6.87384,-0.0711511,-0.0718414,-0.0183906,4.27844,0,0,0
16.4795,1,-7.35935,-3.36474,2.89472,-0.0065394,-0.00384935,-0.00979238,0.0278769,0,0,0
16.4795,2,-3.36764,-7.36263,2.87532,-0.00309996,-0.00512051,-0.000570231,0.0148097,0,0,0
16.4795,3,0,0,0,0,0,0,0,0,0,0
16.4795,4,0,0,0,0,0,0,0,0,0,0
16.4795,5,0,0,0,0,0,0,0,0,0,0
16.5432,0,-4.3631,-4.37284,6.87763,-0.121514,-0.12316,-0.0306739,4.27844,0,0,0
16.5432,1,-7.35975,-3.36495,2.89426,-0.00633086,-0.0037089,-0.00952198,0.0278769,0,0,0
16.5432,2,-3.36786,-7.36295,2.87528,-0.00305114,-0.004921,-0.000554857,0.0140137,0,0,0
16.5432,3,0,0,0,0,0,0,0,0,0,0
16.5432,4,0,0,0,0,0,0,0,0,0,0
16.5432,5,0,0,0,0,0,0,0,0,0,0
16.5989,0,-4.37292,-4.38258,6.87655,-0.143404,-0.144868,-0.034328,4.23876,0,0,0
16.5989,1,-7.36012,-3.36523,2.89371,-0.00608103,-0.00374088,-0.00919631,0.0265412,0,0,0
16.5989,2,-3.36828,-7.3636,2.87523,-0.00297763,-0.00482437,-0.000528196,0.0140137,0,0,0
16.5989,3,0,0,0,0,0,0,0,0,0,0
16.5989,4,0,0,0,0,0,0,0,0,0,0
16.5989,5,0,0,0,0,0,0,0,0,0,0
16.6597,0,-4.38008,-4.38964,6.88603,-0.154127,-0.155064,-0.0386868,4.23876,0,0,0
16.6597,1,-7.36041,-3.3654,2.89326,-0.00564397,-0.00346418,-0.00902478,0.0265412,0,0,0
16.6597,2,-3.36848,-7.3639,2.8752,-0.0029576,-0.00469951,-0.000510008,0.013233,0,0,0
16.6597,3,0,0,0,0,0,0,0,0,0,0
16.6597,4,0,0,0,0,0,0,0,0,0,0
16.6597,5,0,0,0,0,0,0,0,0,0,0
16.7126,0,-4.38365,-4.39304,6.88432,-0.152847,-0.152677,-0.0366687,4.22378,0,0,0
16.7126,1,-7.36082,-3.36564,2.89287,-0.00566918,-0.003421,-0.00880126,0.0252697,0,0,0
16.7126,2,-3.36848,-7.3639,2.8752,-0.0029576,-0.00469951,-0.000510008,0.013233,0,0,0
16.7126,3,0,0,0,0,0,0,0,0,0,0
16.7126,4,0,0,0,0,0,0,0,0,0,0
16.7126,5,0,0,0,0,0,0,0,0,0,0
16.7758,0,-4.37736,-4.38648,6.87084,-0.119609,-0.118172,-0.0272869,4.22378,0,0,0
16.7758,1,-7.36118,-3.36589,2.89253,-0.00548408,-0.00340682,-0.008587,0.0241052,0,0,0
16.7758,2,-3.36867,-7.36421,2.87518,-0.00285612,-0.00467238,-0.000478909,0.0125091,0,0,0
16.7758,3,0,0,0,0,0,0,0,0,0,0
16.7758,4,0,0,0,0,0,0,0,0,0,0
16.7758,5,0,0,0,0,0,0,0,0,0,0
16.8349,0,-4.36857,-4.3775,6.86747,-0.0805698,-0.0787138,-0.0199884,4.24543,0,0,0
16.8349,1,-7.36154,-3.3661,2.89205,-0.00532366,-0.0032376,-0.00837098,0.0241052,0,0,0
16.8349,2,-3.36908,-7.36486,2.87513,-0.00282847,-0.00466189,-0.000464758,0.0125091,0,0,0
16.8349,3,0,0,0,0,0,0,0,0,0,0
16.8349,4,0,0,0,0,0,0,0,0,0,0
16.8349,5,0,0,0,0,0,0,0,0,0,0
16.8878,0,-4.35657,-4.36536,6.86359,-0.0372399,-0.0353916,-0.0112969,4.24543,0,0,0
16.8878,1,-7.36191,-3.36632,2.89158,-0.00531852,-0.00318141,-0.00822737,0.0228379,0,0,0
16.8878,2,-3.36908,-7.36486,2.87513,-0.00282847,-0.00466189,-0.000464758,0.0117439,0,0,0
16.8878,3,0,0,0,0,0,0,0,0,0,0
16.8878,4,0,0,0,0,0,0,0,0,0,0
16.8878,5,0,0,0,0,0,0,0,0,0,0
16.938,0,-4.34142,-4.35009,6.86391,0.0122983,0.0143033,-0.0140108,1.37291,0,0,0
16.938,1,-7.36223,-3.36653,2.89118,-0.0050698,-0.00311347,-0.00805038,0.0228379,0,0,0
16.938,2,-3.36927,-7.36516,2.87511,-0.00279008,-0.00456225,-0.000448058,0.0117439,0,0,0
16.938,3,0,0,0,0,0,0,0,0,0,0
16.938,4,0,0,0,0,0,0,0,0,0,0
16.938,5,0,0,0,0,0,0,0,0,0,0
16.9892,0,-4.33148,-4.34005,6.87028,0.0380552,0.040415,-0.00707978,1.37291,0,0,0
16.9892,1,-7.36258,-3.36673,2.89067,-0.0049832,-0.00300089,-0.00783009,0.0216392,0,0,0
16.9892,2,-3.36944,-7.36539,2.87509,-0.0026439,-0.00419043,-0.000438401,0.0111031,0,0,0
16.9892,3,0,0,0,0,0,0,0,0,0,0
16.9892,4,0,0,0,0,0,0,0,0,0,0
16.9892,5,0,0,0,0,0,0,0,0,0,0
17.0451,0,-4.31361,-4.32204,6.87415,0.0845082,0.0877949,-0.0164047,1.33337,0,0,0
17.0451,1,-7.36284,-3.36689,2.89032,-0.00467621,-0.00283601,-0.00765106,0.0216392,0,0,0
17.0451,2,-3.36963,-7.36576,2.87506,-0.00259851,-0.0044069,-0.000421743,0.0111031,0,0,0
17.0451,3,0,0,0,0,0,0,0,0,0,0
17.0451,4,0,0,0,0,0,0,0,0,0,0
17.0451,5,0,0,0,0,0,0,0,0,0,0
17.1028,0,-4.29777,-4.30613,6.88149,0.118375,0.122066,-0.0289899,1.33337,0,0,0
17.1028,1,-7.36318,-3.36715,2.8899,-0.00466891,-0.00297067,-0.0074023,0.0205759,0,0,0
17.1028,2,-3.36984,-7.36604,2.87504,-0.00266272,-0.00433959,-0.000408243,0.0103445,0,0,0
17.1028,3,0,0,0,0,0,0,0,0,0,0
17.1028,4,0,0,0,0,0,0,0,0,0,0
17.1028,5,0,0,0,0,0,0,0,0,0,0
17.1606,0,-4.28175,-4.29003,6.87436,0.147921,0.151582,-0.0331249,1.28821,0,0,0
17.1606,1,-7.36356,-3.36735,2.88951,-0.00484543,-0.00294544,-0.00723423,0.0205759,0,0,0
17.1606,2,-3.37,-7.36629,2.87502,-0.00258771,-0.00421747,-0.000398067,0.0103445,0,0,0
17.1606,3,0,0,0,0,0,0,0,0,0,0
17.1606,4,0,0,0,0,0,0,0,0,0,0
17.1606,5,0,0,0,0,0,0,0,0,0,0
17.2109,0,-4.26995,-4.27819,6.87449,0.161508,0.164715,-0.0409499,1.28821,0,0,0
17.2109,1,-7.36382,-3.36751,2.88915,-0.00441247,-0.00272704,-0.00711261,0.0199934,0,0,0
17.2109,2,-3.37011,-7.36643,2.875,-0.00240228,-0.0037197,-0.00038683,0.00986863,0,0,0
17.2109,3,0,0,0,0,0,0,0,0,0,0
17.2109,4,0,0,0,0,0,0,0,0,0,0
17.2109,5,0,0,0,0,0,0,0,0,0,0
17.2669,0,-4.26024,-4.2684,6.87331,0.166567,0.168995,-0.0440323,1.2577,0,0,0
17.2669,1,-7.36402,-3.36764,2.88883,-0.00406261,-0.0024928,-0.00700956,0.0199934,0,0,0
17.2669,2,-3.37025,-7.36671,2.87498,-0.00223313,-0.00378883,-0.000360572,0.00986863,0,0,0
17.2669,3,0,0,0,0,0,0,0,0,0,0
17.2669,4,0,0,0,0,0,0,0,0,0,0
17.2669,5,0,0,0,0,0,0,0,0,0,0
17.3226,0,-4.26001,-4.26823,6.87349,0.143773,0.14467,-0.0312062,1.2577,0,0,0
17.3226,1,-7.36439,-3.36785,2.88846,-0.00423665,-0.00255698,-0.00684463,0.0191297,0,0,0
17.3226,2,-3.37044,-7.367,2.87496,-0.0023195,-0.00380746,-0.000360974,0.00920963,0,0,0
17.3226,3,0,0,0,0,0,0,0,0,0,0
17.3226,4,0,0,0,0,0,0,0,0,0,0
17.3226,5,0,0,0,0,0,0,0,0,0,0
17.3785,0,-4.25603,-4.2642,6.86911,0.131383,0.131727,-0.0250242,1.25177,0,0,0
17.3785,1,-7.3646,-3.36799,2.88819,-0.00395519,-0.00239787,-0.0067058,0.0191297,0,0,0
17.3785,2,-3.3706,-7.36724,2.87495,-0.00225445,-0.00366471,-0.000352635,0.00920963,0,0,0
17.3785,3,0,0,0,0,0,0,0,0,0,0
17.3785,4,0,0,0,0,0,0,0,0,0,0
17.3785,5,0,0,0,0,0,0,0,0,0,0
17.4324,0,-4.26718,-4.27537,6.8684,0.077563,0.0778124,-0.0090044,1.25177,0,0,0
17.4324,1,-7.36488,-3.36817,2.88784,-0.00395229,-0.00242673,-0.00656985,0.0182034,0,0,0
17.4324,2,-3.37072,-7.3674,2.87493,-0.00210159,-0.00334203,-0.000344268,0.00871822,0,0,0
17.4324,3,0,0,0,0,0,0,0,0,0,0
17.4324,4,0,0,0,0,0,0,0,0,0,0
17.4324,5,0,0,0,0,0,0,0,0,0,0
17.4939,0,-4.28024,-4.28843,6.87009,0.0240792,0.0243435,-0.00339629,4.37086,0,0,0
17.4939,1,-7.36519,-3.36836,2.88744,-0.00404131,-0.00247483,-0.00643718,0.0182034,0,0,0
17.4939,2,-3.37088,-7.36767,2.87491,-0.00212174,-0.00346696,-0.000332007,0.00871822,0,0,0
17.4939,3,0,0,0,0,0,0,0,0,0,0
17.4939,4,0,0,0,0,0,0,0,0,0,0
17.4939,5,0,0,0,0,0,0,0,0,0,0
17.5522,0,-4.29804,-4.30619,6.8708,-0.0398096,-0.0396522,-0.0105142,4.37086,0,0,0
17.5522,1,-7.36545,-3.36852,2.88711,-0.00398285,-0.0024582,-0.00629133,0.0171826,0,0,0
17.5522,2,-3.37101,-7.3679,2.87489,-0.00204059,-0.00339064,-0.000322622,0.00814775,0,0,0
17.5522,3,0,0,0,0,0,0,0,0,0,0
17.5522,4,0,0,0,0,0,0,0,0,0,0
17.5522,5,0,0,0,0,0,0,0,0,0,0
17.6058,0,-4.31084,-4.31897,6.87454,-0.0772081,-0.077695,-0.0128263,4.32764,0,0,0
17.6058,1,-7.36575,-3.36871,2.88675,-0.00392363,-0.00242724,-0.00607834,0.0171826,0,0,0
17.6058,2,-3.37116,-7.36812,2.87488,-0.00204344,-0.00335267,-0.000310757,0.00814775,0,0,0
17.6058,3,0,0,0,0,0,0,0,0,0,0
17.6058,4,0,0,0,0,0,0,0,0,0,0
17.6058,5,0,0,0,0,0,0,0,0,0,0
17.6629,0,-4.33401,-4.34194,6.87791,-0.142197,-0.143627,-0.0323229,4.32764,0,0,0
17.6629,1,-7.36597,-3.36884,2.88649,-0.00367352,-0.00225328,-0.005916,0.0162257,0,0,0
17.6629,2,-3.3714,-7.36848,2.87485,-0.00187808,-0.00297997,-0.000292886,0.00764488,0,0,0
17.6629,3,0,0,0,0,0,0,0,0,0,0
17.6629,4,0,0,0,0,0,0,0,0,0,0
17.6629,5,0,0,0,0,0,0,0,0,0,0
17.7206,0,-4.35186,-4.35965,6.87917,-0.180881,-0.182658,-0.0496059,4.26987,0,0,0
17.7206,1,-7.36623,-3.369,2.88618,-0.00369328,-0.00224059,-0.0056943,0.0162257,0,0,0
17.7206,2,-3.3714,-7.36848,2.87485,-0.00187808,-0.00297997,-0.000292886,0.00764488,0,0,0
17.7206,3,0,0,0,0,0,0,0,0,0,0
17.7206,4,0,0,0,0,0,0,0,0,0,0
17.7206,5,0,0,0,0,0,0,0,0,0,0
17.7745,0,-4.36689,-4.3745,6.882,-0.207131,-0.208937,-0.0549409,4.26987,0,0,0
17.7745,1,-7.36647,-3.36915,2.88564,-0.00363185,-0.00222352,-0.00526151,0.0154241,0,0,0
17.7745,2,-3.37166,-7.36891,2.87481,-0.00181172,-0.0029949,-0.000272915,0.00745118,0,0,0
17.7745,3,0,0,0,0,0,0,0,0,0,0
17.7745,4,0,0,0,0,0,0,0,0,0,0
17.7745,5,0,0,0,0,0,0,0,0,0,0
17.8297,0,-4.38178,-4.38931,6.8873,-0.226394,-0.227451,-0.0701664,4.22775,0,0,0
17.8297,1,-7.3667,-3.36929,2.88536,-0.00357757,-0.00215261,-0.00508164,0.0154241,0,0,0
17.8297,2,-3.37178,-7.36909,2.8748,-0.00174834,-0.00287982,-0.00026599,0.00695223,0,0,0
17.8297,3,0,0,0,0,0,0,0,0,0,0
17.8297,4,0,0,0,0,0,0,0,0,0,0
17.8297,5,0,0,0,0,0,0,0,0,0,0
17.8897,0,-4.38749,-4.39465,6.88065,-0.217222,-0.216454,-0.0629784,4.22775,0,0,0
17.8897,1,-7.36691,-3.36943,2.88535,-0.00342469,-0.00211209,-0.00510117,0.014446,0,0,0
17.8897,2,-3.37189,-7.36926,2.87479,-0.00168355,-0.00276805,-0.000246475,0.00695223,0,0,0
17.8897,3,0,0,0,0,0,0,0,0,0,0
17.8897,4,0,0,0,0,0,0,0,0,0,0
17.8897,5,0,0,0,0,0,0,0,0,0,0
17.9474,0,-4.3954,-4.40244,6.87666,-0.217456,-0.215926,-0.0623417,4.20882,0,0,0
17.9474,1,-7.36709,-3.36955,2.88485,-0.00325754,-0.00204255,-0.00465863,0.014446,0,0,0
17.9474,2,-3.37199,-7.36942,2.87478,-0.00161978,-0.0026736,-0.000247542,0.00653162,0,0,0
17.9474,3,0,0,0,0,0,0,0,0,0,0
17.9474,4,0,0,0,0,0,0,0,0,0,0
17.9474,5,0,0,0,0,0,0,0,0,0,0
18.0027,0,-4.39624,-4.40299,6.87308,-0.194563,-0.191708,-0.0504395,4.20882,0,0,0
18.0027,1,-7.36731,-3.36968,2.88462,-0.00322155,-0.00197992,-0.00459882,0.0137525,0,0,0
18.0027,2,-3.37209,-7.3696,2.87476,-0.00156001,-0.00262747,-0.000239579,0.00653162,0,0,0
18.0027,3,0,0,0,0,0,0,0,0,0,0
18.0027,4,0,0,0,0,0,0,0,0,0,0
18.0027,5,0,0,0,0,0,0,0,0,0,0
18.0654,0,-4.38568,-4.39203,6.87101,-0.139104,-0.135452,-0.0294272,4.22305,0,0,0
18.0654,1,-7.36747,-3.36979,2.8846,-0.00296399,-0.00188404,-0.00466543,0.0137525,0,0,0
18.0654,2,-3.37209,-7.3696,2.87476,-0.00156001,-0.00262747,-0.000239579,0.00614285,0,0,0
18.0654,3,0,0,0,0,0,0,0,0,0,0
18.0654,4,0,0,0,0,0,0,0,0,0,0
18.0654,5,0,0,0,0,0,0,0,0,0,0
18.1167,0,-4.3777,-4.38405,6.87071,-0.111915,-0.108713,-0.020422,4.22305,0,0,0
18.1167,1,-7.36769,-3.36991,2.88414,-0.0030063,-0.001834,-0.00433929,0.0132679,0,0,0
18.1167,2,-3.37218,-7.36972,2.87475,-0.00149459,-0.00243967,-0.00023284,0.00614285,0,0,0
18.1167,3,0,0,0,0,0,0,0,0,0,0
18.1167,4,0,0,0,0,0,0,0,0,0,0
18.1167,5,0,0,0,0,0,0,0,0,0,0
18.1722,0,-4.366,-4.37212,6.87388,-0.0562955,-0.0528521,-0.0133873,1.40582,0,0,0
18.1722,1,-7.36787,-3.37004,2.88391,-0.00293188,-0.0018444,-0.00431531,0.0132679,0,0,0
18.1722,2,-3.37228,-7.36989,2.87474,-0.00142797,-0.00238311,-0.000217193,0.00579967,0,0,0
18.1722,3,0,0,0,0,0,0,0,0,0,0
18.1722,4,0,0,0,0,0,0,0,0,0,0
18.1722,5,0,0,0,0,0,0,0,0,0,0
18.2336,0,-4.35645,-4.36232,6.87438,-0.0160857,-0.01219,-0.0127781,1.40582,0,0,0
18.2336,1,-7.36807,-3.37016,2.88389,-0.00292601,-0.00180831,-0.00440444,0.0124355,0,0,0
18.2336,2,-3.37239,-7.37004,2.87473,-0.00144799,-0.00233678,-0.000214876,0.00579967,0,0,0
18.2336,3,0,0,0,0,0,0,0,0,0,0
18.2336,4,0,0,0,0,0,0,0,0,0,0
18.2336,5,0,0,0,0,0,0,0,0,0,0
18.2925,0,-4.34199,-4.34753,6.87708,0.0296498,0.0340399,-0.0201995,1.37145,0,0,0
18.2925,1,-7.36826,-3.37029,2.88371,-0.0027963,-0.00176676,-0.00432077,0.0124355,0,0,0
18.2925,2,-3.37246,-7.37018,2.87472,-0.0013541,-0.00226457,-0.000199992,0.00545196,0,0,0
18.2925,3,0,0,0,0,0,0,0,0,0,0
18.2925,4,0,0,0,0,0,0,0,0,0,0
18.2925,5,0,0,0,0,0,0,0,0,0,0
18.348,0,-4.33139,-4.33693,6.88163,0.0657727,0.0707508,-0.0245371,1.37145,0,0,0
18.348,1,-7.3684,-3.37036,2.88332,-0.00259649,-0.00161281,-0.00409585,0.0119769,0,0,0
18.348,2,-3.37256,-7.37032,2.8747,-0.00133987,-0.0021869,-0.000191813,0.00545196,0,0,0
18.348,3,0,0,0,0,0,0,0,0,0,0
18.348,4,0,0,0,0,0,0,0,0,0,0
18.348,5,0,0,0,0,0,0,0,0,0,0
18.3981,0,-4.32211,-4.32755,6.87726,0.0873551,0.0919031,-0.0275638,1.34327,0,0,0
18.3981,1,-7.36857,-3.37047,2.88327,-0.00254262,-0.00156827,-0.00428376,0.0119769,0,0,0
18.3981,2,-3.37266,-7.37049,2.87469,-0.00134349,-0.00224908,-0.000186481,0.00508967,0,0,0
18.3981,3,0,0,0,0,0,0,0,0,0,0
18.3981,4,0,0,0,0,0,0,0,0,0,0
18.3981,5,0,0,0,0,0,0,0,0,0,0
18.4559,0,-4.31643,-4.32183,6.87494,0.0943026,0.098185,-0.0270527,1.34327,0,0,0
18.4559,1,-7.36873,-3.37056,2.88305,-0.00246853,-0.00150334,-0.00419253,0.0114182,0,0,0
18.4559,2,-3.37273,-7.3706,2.87468,-0.00126108,-0.00209999,-0.000189871,0.00508967,0,0,0
18.4559,3,0,0,0,0,0,0,0,0,0,0
18.4559,4,0,0,0,0,0,0,0,0,0,0
18.4559,5,0,0,0,0,0,0,0,0,0,0
18.5061,0,-4.31002,-4.31528,6.87297,0.0906221,0.0935024,-0.0190951,1.32605,0,0,0
18.5061,1,-7.36884,-3.37064,2.88281,-0.00225827,-0.00139662,-0.00412544,0.0114182,0,0,0
18.5061,2,-3.37284,-7.37077,2.87467,-0.00131337,-0.00216677,-0.000180588,0.00475988,0,0,0
18.5061,3,0,0,0,0,0,0,0,0,0,0
18.5061,4,0,0,0,0,0,0,0,0,0,0
18.5061,5,0,0,0,0,0,0,0,0,0,0
18.5625,0,-4.31123,-4.31654,6.87285,0.0759418,0.0779208,-0.0125587,1.32605,0,0,0
18.5625,1,-7.36899,-3.37073,2.88262,-0.00219092,-0.00136878,-0.00409917,0.0108633,0,0,0
18.5625,2,-3.37293,-7.37091,2.87467,-0.00127342,-0.0020724,-0.000168094,0.00475988,0,0,0
18.5625,3,0,0,0,0,0,0,0,0,0,0
18.5625,4,0,0,0,0,0,0,0,0,0,0
18.5625,5,0,0,0,0,0,0,0,0,0,0
18.6202,0,-4.32362,-4.32909,6.87073,0.027369,0.0282742,-0.00117048,1.34543,0,0,0
18.6202,1,-7.36911,-3.37079,2.88245,-0.00206721,-0.00123219,-0.00403473,0.0108633,0,0,0
18.6202,2,-3.37298,-7.37098,2.87466,-0.00112679,-0.00183591,-0.000169587,0.00451355,0,0,0
18.6202,3,0,0,0,0,0,0,0,0,0,0
18.6202,4,0,0,0,0,0,0,0,0,0,0
18.6202,5,0,0,0,0,0,0,0,0,0,0
18.6731,0,-4.3387,-4.34422,6.86176,-0.0267393,-0.0261326,-0.00182843,1.34543,0,0,0
18.6731,1,-7.36932,-3.37095,2.88221,-0.00221394,-0.00139129,-0.00380504,0.010386,0,0,0
18.6731,2,-3.37306,-7.37109,2.87465,-0.00109697,-0.00171271,-0.000163803,0.00451355,0,0,0
18.6731,3,0,0,0,0,0,0,0,0,0,0
18.6731,4,0,0,0,0,0,0,0,0,0,0
18.6731,5,0,0,0,0,0,0,0,0,0,0
18.7264,0,-4.35205,-4.35755,6.8632,-0.0645978,-0.0642883,-0.002431,4.2901,0,0,0
18.7264,1,-7.36957,-3.37108,2.88202,-0.00247263,-0.00144387,-0.00362015,0.010386,0,0,0
18.7264,2,-3.37313,-7.37124,2.87464,-0.00107391,-0.00182258,-0.000158667,0.00421145,0,0,0
18.7264,3,0,0,0,0,0,0,0,0,0,0
18.7264,4,0,0,0,0,0,0,0,0,0,0
18.7264,5,0,0,0,0,0,0,0,0,0,0
18.7778,0,-4.37306,-4.37864,6.86848,-0.121216,-0.122125,-0.0133446,4.2901,0,0,0
18.7778,1,-7.36976,-3.37122,2.88185,-0.00254325,-0.00158481,-0.00346843,0.00969846,0,0,0
18.7778,2,-3.37321,-7.37136,2.87463,-0.00105609,-0.00178163,-0.000152556,0.00421145,0,0,0
18.7778,3,0,0,0,0,0,0,0,0,0,0
18.7778,4,0,0,0,0,0,0,0,0,0,0
18.7778,5,0,0,0,0,0,0,0,0,0,0
18.8451,0,-4.39175,-4.39736,6.86951,-0.163654,-0.165705,-0.0358309,4.24145,0,0,0
18.8451,1,-7.36994,-3.37132,2.88166,-0.00258044,-0.00155865,-0.00330636,0.00969846,0,0,0
18.8451,2,-3.37327,-7.37147,2.87463,-0.00102831,-0.00173243,-0.000145956,0.00394798,0,0,0
18.8451,3,0,0,0,0,0,0,0,0,0,0
18.8451,4,0,0,0,0,0,0,0,0,0,0
18.8451,5,0,0,0,0,0,0,0,0,0,0
18.9054,0,-4.41317,-4.41878,6.87718,-0.205188,-0.208641,-0.060976,4.24145,0,0,0
18.9054,1,-7.37009,-3.37142,2.88149,-0.00251554,-0.00157065,-0.00316117,0.00913635,0,0,0
18.9054,2,-3.37337,-7.37162,2.87462,-0.00104363,-0.00175227,-0.000139813,0.00394798,0,0,0
18.9054,3,0,0,0,0,0,0,0,0,0,0
18.9054,4,0,0,0,0,0,0,0,0,0,0
18.9054,5,0,0,0,0,0,0,0,0,0,0
18.96,0,-4.43419,-4.43973,6.87564,-0.243963,-0.247823,-0.0646937,4.18469,0,0,0
18.96,1,-7.37019,-3.37149,2.88135,-0.00231989,-0.00144432,-0.00307639,0.00913635,0,0,0
18.96,2,-3.37344,-7.37173,2.87461,-0.000986729,-0.00166234,-0.000134317,0.00364982,0,0,0
18.96,3,0,0,0,0,0,0,0,0,0,0
18.96,4,0,0,0,0,0,0,0,0,0,0
18.96,5,0,0,0,0,0,0,0,0,0,0
19.0303,0,-4.44962,-4.45505,6.87577,-0.259681,-0.26225,-0.0776767,4.18469,0,0,0
19.0303,1,-7.37031,-3.37158,2.88121,-0.0021837,-0.00144485,-0.00295937,0.00870121,0,0,0
19.0303,2,-3.3735,-7.37183,2.8746,-0.00096182,-0.0016154,-0.000127942,0.00364982,0,0,0
19.0303,3,0,0,0,0,0,0,0,0,0,0
19.0303,4,0,0,0,0,0,0,0,0,0,0
19.0303,5,0,0,0,0,0,0,0,0,0,0
19.0915,0,-4.46415,-4.46956,6.87877,-0.27203,-0.273777,-0.082746,4.13327,0,0,0
19.0915,1,-7.37047,-3.37166,2.88091,-0.0022508,-0.00138022,-0.00268669,0.00870121,0,0,0
19.0915,2,-3.37357,-7.37194,2.8746,-0.000922369,-0.00156578,-0.000116912,0.00340259,0,0,0
19.0915,3,0,0,0,0,0,0,0,0,0,0
19.0915,4,0,0,0,0,0,0,0,0,0,0
19.0915,5,0,0,0,0,0,0,0,0,0,0
19.1468,0,-4.47237,-4.47763,6.87691,-0.264341,-0.264391,-0.0787692,4.13327,0,0,0
19.1468,1,-7.37058,-3.37173,2.88082,-0.00212857,-0.00133174,-0.00274599,0.0081624,0,0,0
19.1468,2,-3.37363,-7.37203,2.87459,-0.0008791,-0.00149214,-0.000118285,0.00340259,0,0,0
19.1468,3,0,0,0,0,0,0,0,0,0,0
19.1468,4,0,0,0,0,0,0,0,0,0,0
19.1468,5,0,0,0,0,0,0,0,0,0,0
19.2079,0,-4.47027,-4.47525,6.87454,-0.224685,-0.22245,-0.0616272,4.10122,0,0,0
19.2079,1,-7.3707,-3.37182,2.88065,-0.00205268,-0.00132121,-0.00254353,0.0081624,0,0,0
19.2079,2,-3.37367,-7.37211,2.87458,-0.000817391,-0.00138478,-0.000108246,0.00320792,0,0,0
19.2079,3,0,0,0,0,0,0,0,0,0,0
19.2079,4,0,0,0,0,0,0,0,0,0,0
19.2079,5,0,0,0,0,0,0,0,0,0,0
19.2632,0,-4.4737,-4.47861,6.86674,-0.207356,-0.204911,-0.0537534,4.0996,0,0,0
19.2632,1,-7.37093,-3.37195,2.88052,-0.001903,-0.001174,-0.00255716,0.00777883,0,0,0
19.2632,2,-3.37374,-7.37222,2.87458,-0.000823406,-0.00140173,-0.000109732,0.00320792,0,0,0
19.2632,3,0,0,0,0,0,0,0,0,0,0
19.2632,4,0,0,0,0,0,0,0,0,0,0
19.2632,5,0,0,0,0,0,0,0,0,0,0
19.3168,0,-4.46187,-4.46651,6.86814,-0.143104,-0.1406,-0.0300853,4.0996,0,0,0
19.3168,1,-7.37095,-3.37197,2.88039,-0.00199234,-0.00126321,-0.00249119,0.00777883,0,0,0
19.3168,2,-3.37378,-7.37228,2.87457,-0.00076077,-0.00129683,-0.000107395,0.00300622,0,0,0
19.3168,3,0,0,0,0,0,0,0,0,0,0
19.3168,4,0,0,0,0,0,0,0,0,0,0
19.3168,5,0,0,0,0,0,0,0,0,0,0
19.382,0,-4.45903,-4.46356,6.86316,-0.115468,-0.11333,-0.0268175,1.5363,0,0,0
19.382,1,-7.37107,-3.37204,2.88026,-0.00184606,-0.0011576,-0.00244368,0.00738642,0,0,0
19.382,2,-3.37382,-7.37233,2.87457,-0.000677836,-0.00112925,-9.82856e-05,0.00300622,0,0,0
19.382,3,0,0,0,0,0,0,0,0,0,0
19.382,4,0,0,0,0,0,0,0,0,0,0
19.382,5,0,0,0,0,0,0,0,0,0,0
19.4422,0,-4.44371,-4.44807,6.86789,-0.0540088,-0.052054,-0.0158947,1.5363,0,0,0
19.4422,1,-7.37118,-3.37211,2.88014,-0.00180017,-0.00114217,-0.00240286,0.00738642,0,0,0
19.4422,2,-3.37388,-7.37245,2.87456,-0.000704819,-0.0012293,-0.000100298,0.00282175,0,0,0
19.4422,3,0,0,0,0,0,0,0,0,0,0
19.4422,4,0,0,0,0,0,0,0,0,0,0
19.4422,5,0,0,0,0,0,0,0,0,0,0
19.4926,0,-4.4233,-4.42754,6.87025,0.0186259,0.0211836,-0.0166817,1.48553,0,0,0
19.4926,1,-7.37127,-3.37216,2.88006,-0.00169898,-0.00104322,-0.00236097,0.00702571,0,0,0
19.4926,2,-3.37394,-7.37253,2.87456,-0.000708822,-0.00119848,-9.60248e-05,0.00282175,0,0,0
19.4926,3,0,0,0,0,0,0,0,0,0,0
19.4926,4,0,0,0,0,0,0,0,0,0,0
19.4926,5,0,0,0,0,0,0,0,0,0,0
19.5556,0,-4.41073,-4.41486,6.87867,0.0570756,0.0603433,-0.0192276,1.48553,0,0,0
19.5556,1,-7.37143,-3.37226,2.87992,-0.00146426,-0.000888797,-0.00233788,0.00666715,0,0,0
19.5556,2,-3.37398,-7.37261,2.87455,-0.000663945,-0.00116433,-8.81207e-05,0.00263718,0,0,0
19.5556,3,0,0,0,0,0,0,0,0,0,0
19.5556,4,0,0,0,0,0,0,0,0,0,0
19.5556,5,0,0,0,0,0,0,0,0,0,0
19.6148,0,-4.40312,-4.40713,6.87437,0.0747301,0.0779877,-0.0231503,1.48553,0,0,0
19.6148,1,-7.37143,-3.37226,2.87992,-0.00146426,-0.000888797,-0.00233788,0.00666715,0,0,0
19.6148,2,-3.37404,-7.3727,2.87455,-0.000693207,-0.00117922,-8.87951e-05,0.00263718,0,0,0
19.6148,3,0,0,0,0,0,0,0,0,0,0
19.6148,4,0,0,0,0,0,0,0,0,0,0
19.6148,5,0,0,0,0,0,0,0,0,0,0
19.6774,0,-4.38967,-4.39366,6.88835,0.106861,0.110277,-0.0346725,1.45682,0,0,0
19.6774,1,-7.37166,-3.37241,2.87968,-0.00143767,-0.000891954,-0.00229908,0.00630589,0,0,0
19.6774,2,-3.3741,-7.3728,2.87454,-0.000713343,-0.00123686,-8.49518e-05,0.00241483,0,0,0
19.6774,3,0,0,0,0,0,0,0,0,0,0
19.6774,4,0,0,0,0,0,0,0,0,0,0
19.6774,5,0,0,0,0,0,0,0,0,0,0
19.7358,0,-4.3832,-4.38726,6.88093,0.115476,0.117814,-0.0300712,1.4287,0,0,0
19.7358,1,-7.37167,-3.37242,2.87957,-0.00146754,-0.000933888,-0.00227633,0.00630589,0,0,0
19.7358,2,-3.37416,-7.37289,2.87454,-0.000714611,-0.00121114,-8.05649e-05,0.00241483,0,0,0
19.7358,3,0,0,0,0,0,0,0,0,0,0
19.7358,4,0,0,0,0,0,0,0,0,0,0
19.7358,5,0,0,0,0,0,0,0,0,0,0
19.8035,0,-4.37992,-4.38403,6.88364,0.112449,0.113782,-0.0273251,1.4287,0,0,0
19.8035,1,-7.37175,-3.37247,2.87944,-0.00139439,-0.000877171,-0.00224036,0.0060627,0,0,0
19.8035,2,-3.3742,-7.37296,2.87454,-0.000664021,-0.00114836,-7.27773e-05,0.00224398,0,0,0
19.8035,3,0,0,0,0,0,0,0,0,0,0
19.8035,4,0,0,0,0,0,0,0,0,0,0
19.8035,5,0,0,0,0,0,0,0,0,0,0
19.8669,0,-4.38439,-4.38856,6.87479,0.0831356,0.0835601,-0.0193554,1.43044,0,0,0
19.8669,1,-7.37187,-3.37254,2.87933,-0.00116787,-0.000729989,-0.00222278,0.0060627,0,0,0
19.8669,2,-3.37425,-7.37303,2.87453,-0.000660057,-0.00111158,-7.25628e-05,0.00224398,0,0,0
19.8669,3,0,0,0,0,0,0,0,0,0,0
19.8669,4,0,0,0,0,0,0,0,0,0,0
19.8669,5,0,0,0,0,0,0,0,0,0,0
19.9273,0,-4.39458,-4.39881,6.86183,0.0383287,0.0383051,-0.0118092,1.43044,0,0,0
19.9273,1,-7.37196,-3.37262,2.87919,-0.00110725,-0.000758499,-0.00214636,0.00588316,0,0,0
19.9273,2,-3.37428,-7.3731,2.87453,-0.000631873,-0.00107821,-6.91549e-05,0.00208666,0,0,0
19.9273,3,0,0,0,0,0,0,0,0,0,0
19.9273,4,0,0,0,0,0,0,0,0,0,0
19.9273,5,0,0,0,0,0,0,0,0,0,0
19.9856,0,-4.39842,-4.40264,6.84374,0.0217608,0.0218268,-0.0158018,1.45066,0,0,0
19.9856,1,-7.37196,-3.37262,2.87919,-0.00110725,-0.000758499,-0.00214636,0.00588316,0,0,0
19.9856,2,-3.37438,-7.37325,2.87452,-0.000610969,-0.00104113,-6.17443e-05,0.00208666,0,0,0
19.9856,3,0,0,0,0,0,0,0,0,0,0
19.9856,4,0,0,0,0,0,0,0,0,0,0
19.9856,5,0,0,0,0,0,0,0,0,0,0
20.0368,0,-4.42256,-4.42693,6.82303,-0.0561257,-0.0568603,-0.0227196,1.45066,0,0,0
20.0368,1,-7.37208,-3.37268,2.87909,-0.00122461,-0.000766358,-0.00209835,0.00588316,0,0,0
20.0368,2,-3.37438,-7.37325,2.87452,-0.000610969,-0.00104113,-6.17443e-05,0.00191937,0,0,0
20.0368,3,0,0,0,0,0,0,0,0,0,0
20.0368,4,0,0,0,0,0,0,0,0,0,0
20.0368,5,0,0,0,0,0,0,0,0,0,0
20.0997,0,-4.44132,-4.44572,6.83219,-0.108295,-0.109851,-0.0264702,4.14596,0,0,0
20.0997,1,-7.37217,-3.37274,2.879,-0.00120707,-0.000758827,-0.00204235,0.00539977,0,0,0
20.0997,2,-3.37445,-7.37337,2.87452,-0.000526951,-0.000906609,-5.63846e-05,0.00191937,0,0,0
20.0997,3,0,0,0,0,0,0,0,0,0,0
20.0997,4,0,0,0,0,0,0,0,0,0,0
20.0997,5,0,0,0,0,0,0,0,0,0,0
20.155,0,-4.46277,-4.4672,6.86895,-0.162425,-0.165462,0.0044246,4.14596,0,0,0
20.155,1,-7.37226,-3.37279,2.87889,-0.00122461,-0.000760803,-0.0019798,0.00539977,0,0,0
20.155,2,-3.37445,-7.37337,2.87452,-0.000526951,-0.000906609,-5.63846e-05,0.00178418,0,0,0
20.155,3,0,0,0,0,0,0,0,0,0,0
20.155,4,0,0,0,0,0,0,0,0,0,0
20.155,5,0,0,0,0,0,0,0,0,0,0
20.2079,0,-4.4839,-4.48832,6.88176,-0.20731,-0.211394,-0.0208459,4.08551,0,0,0
20.2079,1,-7.37235,-3.37285,2.87879,-0.0012159,-0.000762403,-0.00192033,0.00524661,0,0,0
20.2079,2,-3.3745,-7.37343,2.87451,-0.000528153,-0.000880814,-4.97593e-05,0.00178418,0,0,0
20.2079,3,0,0,0,0,0,0,0,0,0,0
20.2079,4,0,0,0,0,0,0,0,0,0,0
20.2079,5,0,0,0,0,0,0,0,0,0,0
20.2588,0,-4.49993,-4.50432,6.88026,-0.2295,-0.23336,-0.0432105,4.08551,0,0,0
20.2588,1,-7.37243,-3.37291,2.8787,-0.00120074,-0.000780459,-0.00187967,0.00524661,0,0,0
20.2588,2,-3.37452,-7.37349,2.87451,-0.000487849,-0.000844745,-5.17165e-05,0.00165759,0,0,0
20.2588,3,0,0,0,0,0,0,0,0,0,0
20.2588,4,0,0,0,0,0,0,0,0,0,0
20.2588,5,0,0,0,0,0,0,0,0,0,0
20.3146,0,-4.51738,-4.52167,6.88227,-0.251682,-0.254706,-0.069616,4.03826,0,0,0
20.3146,1,-7.37252,-3.37297,2.8786,-0.00122811,-0.000797076,-0.00182078,0.00496671,0,0,0
20.3146,2,-3.37456,-7.37355,2.87451,-0.000467395,-0.000830297,-4.8855e-05,0.00165759,0,0,0
20.3146,3,0,0,0,0,0,0,0,0,0,0
20.3146,4,0,0,0,0,0,0,0,0,0,0
20.3146,5,0,0,0,0,0,0,0,0,0,0
20.3661,0,-4.52699,-4.53124,6.87853,-0.246277,-0.247372,-0.0727223,4.03826,0,0,0
20.3661,1,-7.37259,-3.37301,2.87851,-0.00116952,-0.000747746,-0.00177659,0.00496671,0,0,0
20.3661,2,-3.3746,-7.37361,2.87451,-0.000464114,-0.000814888,-4.64423e-05,0.00152886,0,0,0
20.3661,3,0,0,0,0,0,0,0,0,0,0
20.3661,4,0,0,0,0,0,0,0,0,0,0
20.3661,5,0,0,0,0,0,0,0,0,0,0
20.4219,0,-4.53363,-4.53775,6.87964,-0.231669,-0.230731,-0.0703843,4.01539,0,0,0
20.4219,1,-7.37267,-3.37306,2.87842,-0.00112455,-0.000710761,-0.00173975,0.00469694,0,0,0
20.4219,2,-3.37462,-7.37365,2.8745,-0.000422608,-0.000735141,-4.41661e-05,0.00152886,0,0,0
20.4219,3,0,0,0,0,0,0,0,0,0,0
20.4219,4,0,0,0,0,0,0,0,0,0,0
20.4219,5,0,0,0,0,0,0,0,0,0,0
20.4729,0,-4.53909,-4.54293,6.87932,-0.214847,-0.21187,-0.0637306,4.01539,0,0,0
20.4729,1,-7.37272,-3.37309,2.87832,-0.00100688,-0.000654212,-0.00170274,0.00469694,0,0,0
20.4729,2,-3.37465,-7.3737,2.8745,-0.000413567,-0.000740863,-4.15133e-05,0.00143179,0,0,0
20.4729,3,0,0,0,0,0,0,0,0,0,0
20.4729,4,0,0,0,0,0,0,0,0,0,0
20.4729,5,0,0,0,0,0,0,0,0,0,0
20.5265,0,-4.53368,-4.53741,6.86454,-0.165331,-0.162061,-0.0480128,4.00788,0,0,0
20.5265,1,-7.3728,-3.37314,2.87824,-0.0010104,-0.000637469,-0.00168284,0.00445967,0,0,0
20.5265,2,-3.37469,-7.37377,2.8745,-0.000420532,-0.000773808,-3.7898e-05,0.00143179,0,0,0
20.5265,3,0,0,0,0,0,0,0,0,0,0
20.5265,4,0,0,0,0,0,0,0,0,0,0
20.5265,5,0,0,0,0,0,0,0,0,0,0
20.5781,0,-4.52559,-4.52905,6.84871,-0.112942,-0.109664,-0.0344211,4.00788,0,0,0
20.5781,1,-7.37286,-3.37318,2.87815,-0.000959325,-0.000616621,-0.00164931,0.00445967,0,0,0
20.5781,2,-3.37473,-7.37383,2.8745,-0.000432626,-0.000776267,-3.56115e-05,0.0013059,0,0,0
20.5781,3,0,0,0,0,0,0,0,0,0,0
20.5781,4,0,0,0,0,0,0,0,0,0,0
20.5781,5,0,0,0,0,0,0,0,0,0,0
20.6367,0,-4.51381,-4.51711,6.86152,-0.0557896,-0.0531249,-0.0140393,4.02732,0,0,0
20.6367,1,-7.37292,-3.37322,2.87807,-0.000927774,-0.000595246,-0.00162855,0.00422388,0,0,0
20.6367,2,-3.37475,-7.37387,2.8745,-0.00041077,-0.000730808,-3.28961e-05,0.0013059,0,0,0
20.6367,3,0,0,0,0,0,0,0,0,0,0
20.6367,4,0,0,0,0,0,0,0,0,0,0
20.6367,5,0,0,0,0,0,0,0,0,0,0
20.6944,0,-4.49477,-4.49787,6.87568,0.0187962,0.0217022,-0.00413623,4.02732,0,0,0
20.6944,1,-7.37298,-3.37326,2.87797,-0.000917534,-0.000594556,-0.00157218,0.00399209,0,0,0
20.6944,2,-3.37478,-7.3739,2.87449,-0.000389628,-0.000674946,-3.08528e-05,0.00122709,0,0,0
20.6944,3,0,0,0,0,0,0,0,0,0,0
20.6944,4,0,0,0,0,0,0,0,0,0,0
20.6944,5,0,0,0,0,0,0,0,0,0,0
20.7569,0,-4.47838,-4.48132,6.87896,0.0732885,0.0768332,-0.00632419,1.58579,0,0,0
20.7569,1,-7.37304,-3.3733,2.87789,-0.000873603,-0.000579466,-0.00154109,0.00399209,0,0,0
20.7569,2,-3.3748,-7.37396,2.87449,-0.000374419,-0.000699148,-2.87076e-05,0.00122709,0,0,0
20.7569,3,0,0,0,0,0,0,0,0,0,0
20.7569,4,0,0,0,0,0,0,0,0,0,0
20.7569,5,0,0,0,0,0,0,0,0,0,0
20.8079,0,-4.46521,-4.46801,6.881,0.107561,0.111643,-0.027564,1.58579,0,0,0
20.8079,1,-7.37306,-3.37332,2.87784,-0.000743879,-0.000501353,-0.00152891,0.00383188,0,0,0
20.8079,2,-3.37484,-7.37401,2.87449,-0.000387703,-0.000702643,-2.6527e-05,0.00112153,0,0,0
20.8079,3,0,0,0,0,0,0,0,0,0,0
20.8079,4,0,0,0,0,0,0,0,0,0,0
20.8079,5,0,0,0,0,0,0,0,0,0,0
20.8648,0,-4.44147,-4.44418,6.88743,0.170113,0.175929,-0.0431639,1.54379,0,0,0
20.8648,1,-7.37316,-3.37338,2.87772,-0.000880091,-0.000552613,-0.00147149,0.00383188,0,0,0
20.8648,2,-3.37486,-7.37406,2.87449,-0.000375031,-0.000680654,-2.4346e-05,0.00112153,0,0,0
20.8648,3,0,0,0,0,0,0,0,0,0,0
20.8648,4,0,0,0,0,0,0,0,0,0,0
20.8648,5,0,0,0,0,0,0,0,0,0,0
20.9151,0,-4.42736,-4.42997,6.8938,0.194773,0.200765,-0.0554021,1.54379,0,0,0
20.9151,1,-7.37322,-3.37342,2.87765,-0.000875048,-0.000574108,-0.00143179,0.00355723,0,0,0
20.9151,2,-3.37489,-7.37409,2.87449,-0.000356975,-0.00064087,-2.26502e-05,0.001046,0,0,0
20.9151,3,0,0,0,0,0,0,0,0,0,0
20.9151,4,0,0,0,0,0,0,0,0,0,0
20.9151,5,0,0,0,0,0,0,0,0,0,0
20.9706,0,-4.41264,-4.4152,6.90522,0.215084,0.220456,-0.0712594,1.49023,0,0,0
20.9706,1,-7.37328,-3.37346,2.87758,-0.000871623,-0.000566185,-0.00138954,0.00355723,0,0,0
20.9706,2,-3.37491,-7.37413,2.87449,-0.00032956,-0.000587749,-2.05656e-05,0.001046,0,0,0
20.9706,3,0,0,0,0,0,0,0,0,0,0
20.9706,4,0,0,0,0,0,0,0,0,0,0
20.9706,5,0,0,0,0,0,0,0,0,0,0
21.0235,0,-4.40371,-4.40626,6.8949,0.216921,0.220141,-0.0724779,1.49023,0,0,0
21.0235,1,-7.37334,-3.3735,2.87751,-0.000864782,-0.000570755,-0.0013397,0.00336077,0,0,0
21.0235,2,-3.37493,-7.37417,2.87449,-0.000302461,-0.000553804,-1.88446e-05,0.000982525,0,0,0
21.0235,3,0,0,0,0,0,0,0,0,0,0
21.0235,4,0,0,0,0,0,0,0,0,0,0
21.0235,5,0,0,0,0,0,0,0,0,0,0
21.0824,0,-4.39379,-4.39636,6.89546,0.217587,0.219663,-0.0752711,1.45676,0,0,0
21.0824,1,-7.37341,-3.37354,2.87744,-0.00084431,-0.000560368,-0.00131483,0.00336077,0,0,0
21.0824,2,-3.37495,-7.37421,2.87449,-0.000289995,-0.000546417,-1.6695e-05,0.000982525,0,0,0
21.0824,3,0,0,0,0,0,0,0,0,0,0
21.0824,4,0,0,0,0,0,0,0,0,0,0
21.0824,5,0,0,0,0,0,0,0,0,0,0
21.1327,0,-4.39653,-4.39914,6.87344,0.180921,0.181304,-0.0616368,1.45676,0,0,0
21.1327,1,-7.37345,-3.37358,2.87738,-0.000801806,-0.000541565,-0.00128566,0.00336077,0,0,0
21.1327,2,-3.37497,-7.37424,2.87448,-0.000277412,-0.000505809,-1.45208e-05,0.000921549,0,0,0
21.1327,3,0,0,0,0,0,0,0,0,0,0
21.1327,4,0,0,0,0,0,0,0,0,0,0
21.1327,5,0,0,0,0,0,0,0,0,0,0
21.1997,0,-4.4035,-4.40614,6.85674,0.132227,0.132116,-0.0465121,1.44652,0,0,0
21.1997,1,-7.3735,-3.37361,2.87731,-0.000765964,-0.000518052,-0.00125409,0.00317407,0,0,0
21.1997,2,-3.37499,-7.37427,2.87448,-0.000251756,-0.000473524,-1.30503e-05,0.000921549,0,0,0
21.1997,3,0,0,0,0,0,0,0,0,0,0
21.1997,4,0,0,0,0,0,0,0,0,0,0
21.1997,5,0,0,0,0,0,0,0,0,0,0
21.2555,0,-4.41003,-4.41275,6.85242,0.092084,0.0924224,-0.0250189,1.44652,0,0,0
21.2555,1,-7.37355,-3.37364,2.87725,-0.000757497,-0.000506474,-0.00122886,0.00300199,0,0,0
21.2555,2,-3.37501,-7.37431,2.87448,-0.000248701,-0.00048642,-1.08577e-05,0.000858489,0,0,0
21.2555,3,0,0,0,0,0,0,0,0,0,0
21.2555,4,0,0,0,0,0,0,0,0,0,0
21.2555,5,0,0,0,0,0,0,0,0,0,0
21.3117,0,-4.4248,-4.42755,6.8693,0.0285823,0.0287259,-0.00982015,1.46585,0,0,0
21.3117,1,-7.37359,-3.37367,2.87719,-0.000706656,-0.000487615,-0.0012068,0.00300199,0,0,0
21.3117,2,-3.37504,-7.37436,2.87448,-0.000271378,-0.000527012,-8.84074e-06,0.000858489,0,0,0
21.3117,3,0,0,0,0,0,0,0,0,0,0
21.3117,4,0,0,0,0,0,0,0,0,0,0
21.3117,5,0,0,0,0,0,0,0,0,0,0
21.3622,0,-4.44037,-4.44319,6.87188,-0.0280253,-0.028525,-0.00849148,1.46585,0,0,0
21.3622,1,-7.37364,-3.3737,2.87713,-0.000701932,-0.000469926,-0.0011815,0.00284373,0,0,0
21.3622,2,-3.37507,-7.37441,2.87448,-0.000275001,-0.00052888,-6.8133e-06,0.000820835,0,0,0
21.3622,3,0,0,0,0,0,0,0,0,0,0
21.3622,4,0,0,0,0,0,0,0,0,0,0
21.3622,5,0,0,0,0,0,0,0,0,0,0
21.4241,0,-4.4606,-4.46345,6.87991,-0.0915054,-0.0932028,-0.0262651,4.14821,0,0,0
21.4241,1,-7.37369,-3.37374,2.87708,-0.000677602,-0.000460067,-0.00115509,0.00284373,0,0,0
21.4241,2,-3.37509,-7.37445,2.87448,-0.000273887,-0.000513685,-5.47785e-06,0.000820835,0,0,0
21.4241,3,0,0,0,0,0,0,0,0,0,0
21.4241,4,0,0,0,0,0,0,0,0,0,0
21.4241,5,0,0,0,0,0,0,0,0,0,0
21.4896,0,-4.47804,-4.48087,6.882,-0.136189,-0.138921,-0.0233194,4.14821,0,0,0
21.4896,1,-7.37372,-3.37376,2.87702,-0.000605726,-0.000420869,-0.00113657,0.00269372,0,0,0
21.4896,2,-3.37511,-7.37448,2.87448,-0.000254646,-0.000486371,-3.87838e-06,0.000743146,0,0,0
21.4896,3,0,0,0,0,0,0,0,0,0,0
21.4896,4,0,0,0,0,0,0,0,0,0,0
21.4896,5,0,0,0,0,0,0,0,0,0,0
21.5423,0,-4.49548,-4.49829,6.88153,-0.171834,-0.175307,-0.036391,4.09493,0,0,0
21.5423,1,-7.37376,-3.37379,2.87696,-0.000593035,-0.000428053,-0.00110715,0.00269372,0,0,0
21.5423,2,-3.37513,-7.37451,2.87448,-0.00024424,-0.000460807,3.66293e-07,0.000743146,0,0,0
21.5423,3,0,0,0,0,0,0,0,0,0,0
21.5423,4,0,0,0,0,0,0,0,0,0,0
21.5423,5,0,0,0,0,0,0,0,0,0,0
21.6029,0,-4.50957,-4.5123,6.88401,-0.191149,-0.193337,-0.057045,4.09493,0,0,0
21.6029,1,-7.37382,-3.37382,2.8769,-0.000630908,-0.000424035,-0.00107257,0.00252874,0,0,0
21.6029,2,-3.37515,-7.37454,2.87448,-0.000234802,-0.000436228,1.52083e-06,0.000723903,0,0,0
21.6029,3,0,0,0,0,0,0,0,0,0,0
21.6029,4,0,0,0,0,0,0,0,0,0,0
21.6029,5,0,0,0,0,0,0,0,0,0,0
21.6565,0,-4.51991,-4.52254,6.90405,-0.198135,-0.198889,-0.0639084,4.05042,0,0,0
21.6565,1,-7.37386,-3.37386,2.87684,-0.000619102,-0.000432436,-0.00104469,0.00252874,0,0,0
21.6565,2,-3.37515,-7.37455,2.87448,-0.000247477,-0.00046039,1.07698e-06,0.000723903,0,0,0
21.6565,3,0,0,0,0,0,0,0,0,0,0
21.6565,4,0,0,0,0,0,0,0,0,0,0
21.6565,5,0,0,0,0,0,0,0,0,0,0
21.7141,0,-4.52581,-4.5283,6.8914,-0.191179,-0.190361,-0.0598284,4.05042,0,0,0
21.7141,1,-7.3739,-3.37389,2.8768,-0.000607278,-0.000432813,-0.0010157,0.00238064,0,0,0
21.7141,2,-3.37518,-7.3746,2.87448,-0.000205518,-0.00040659,2.11483e-06,0.000704174,0,0,0
21.7141,3,0,0,0,0,0,0,0,0,0,0
21.7141,4,0,0,0,0,0,0,0,0,0,0
21.7141,5,0,0,0,0,0,0,0,0,0,0
21.7772,0,-4.52389,-4.52621,6.89021,-0.159172,-0.156523,-0.0519821,4.02764,0,0,0
21.7772,1,-7.37393,-3.3739,2.87675,-0.000550888,-0.0003888,-0.000993963,0.00238064,0,0,0
21.7772,2,-3.37519,-7.37462,2.87448,-0.000187851,-0.000379237,5.18602e-06,0.000670341,0,0,0
21.7772,3,0,0,0,0,0,0,0,0,0,0
21.7772,4,0,0,0,0,0,0,0,0,0,0
21.7772,5,0,0,0,0,0,0,0,0,0,0
21.8457,0,-4.52213,-4.52438,6.88592,-0.131385,-0.129052,-0.0383919,4.02764,0,0,0
21.8457,1,-7.37394,-3.37392,2.8767,-0.000596707,-0.000434541,-0.000955754,0.0022736,0,0,0
21.8457,2,-3.3752,-7.37464,2.87448,-0.000174593,-0.00034047,6.56637e-06,0.000670341,0,0,0
21.8457,3,0,0,0,0,0,0,0,0,0,0
21.8457,4,0,0,0,0,0,0,0,0,0,0
21.8457,5,0,0,0,0,0,0,0,0,0,0
21.911,0,-4.50527,-4.50723,6.86976,-0.0584978,-0.0555593,-0.0186943,4.03299,0,0,0
21.911,1,-7.37399,-3.37395,2.87665,-0.000593909,-0.000418015,-0.000930867,0.0022736,0,0,0
21.911,2,-3.37521,-7.37466,2.87448,-0.00014962,-0.000309478,7.60853e-06,0.000670341,0,0,0
21.911,3,0,0,0,0,0,0,0,0,0,0
21.911,4,0,0,0,0,0,0,0,0,0,0
21.911,5,0,0,0,0,0,0,0,0,0,0
21.9737,0,-4.49194,-4.49373,6.83741,-0.00213918,0.00027041,-0.0256501,4.03299,0,0,0
21.9737,1,-7.37403,-3.37397,2.87661,-0.000583591,-0.000405248,-0.00090961,0.0022013,0,0,0
21.9737,2,-3.37522,-7.37467,2.87448,-0.000137697,-0.000285801,6.66846e-06,0.000656262,0,0,0
21.9737,3,0,0,0,0,0,0,0,0,0,0
21.9737,4,0,0,0,0,0,0,0,0,0,0
21.9737,5,0,0,0,0,0,0,0,0,0,0
22.0346,0,-4.47199,-4.47363,6.84592,0.0652034,0.0675744,-0.0201286,4.07616,0,0,0
22.0346,1,-7.37405,-3.37399,2.87656,-0.00052709,-0.000371659,-0.000897262,0.0022013,0,0,0
22.0346,2,-3.37523,-7.37469,2.87448,-0.000130586,-0.000266346,9.18127e-06,0.000656262,0,0,0
22.0346,3,0,0,0,0,0,0,0,0,0,0
22.0346,4,0,0,0,0,0,0,0,0,0,0
22.0346,5,0,0,0,0,0,0,0,0,0,0
22.0931,0,-4.44521,-4.44675,6.86757,0.145682,0.149273,-0.00318283,4.07616,0,0,0
22.0931,1,-7.37407,-3.374,2.87652,-0.000463201,-0.000334907,-0.000876415,0.00204396,0,0,0
22.0931,2,-3.37524,-7.37471,2.87448,-0.000117881,-0.000258977,8.28693e-06,0.000645032,0,0,0
22.0931,3,0,0,0,0,0,0,0,0,0,0
22.0931,4,0,0,0,0,0,0,0,0,0,0
22.0931,5,0,0,0,0,0,0,0,0,0,0
22.1637,0,-4.4174,-4.4188,6.87889,0.213932,0.219484,-0.0207809,1.51461,0,0,0
22.1637,1,-7.37415,-3.37405,2.87646,-0.000491799,-0.000331119,-0.000832181,0.00204396,0,0,0
22.1637,2,-3.37526,-7.37475,2.87448,-0.00012416,-0.00029283,9.87598e-06,0.000629712,0,0,0
22.1637,3,0,0,0,0,0,0,0,0,0,0
22.1637,4,0,0,0,0,0,0,0,0,0,0
22.1637,5,0,0,0,0,0,0,0,0,0,0
22.2239,0,-4.39279,-4.39413,6.88303,0.264617,0.271646,-0.051072,1.51461,0,0,0
22.2239,1,-7.37419,-3.37408,2.87642,-0.000511789,-0.000358139,-0.000792433,0.00187693,0,0,0
22.2239,2,-3.37527,-7.37477,2.87448,-0.000131433,-0.000289953,1.08537e-05,0.000629712,0,0,0
22.2239,3,0,0,0,0,0,0,0,0,0,0
22.2239,4,0,0,0,0,0,0,0,0,0,0
22.2239,5,0,0,0,0,0,0,0,0,0,0
22.2897,0,-4.37157,-4.37271,6.88518,0.296033,0.302132,-0.0883989,1.44034,0,0,0
22.2897,1,-7.37423,-3.37411,2.87639,-0.000511544,-0.000371433,-0.000764754,0.00187693,0,0,0
22.2897,2,-3.37528,-7.37479,2.87449,-0.000128307,-0.000280245,1.17211e-05,0.000624064,0,0,0
22.2897,3,0,0,0,0,0,0,0,0,0,0
22.2897,4,0,0,0,0,0,0,0,0,0,0
22.2897,5,0,0,0,0,0,0,0,0,0,0
22.345,0,-4.35145,-4.35278,6.89113,0.319879,0.325446,-0.103711,1.44034,0,0,0
22.345,1,-7.37426,-3.37413,2.87635,-0.000493415,-0.000359545,-0.000736707,0.0017692,0,0,0
22.345,2,-3.3753,-7.37481,2.87449,-0.000129243,-0.000276554,1.42009e-05,0.000624064,0,0,0
22.345,3,0,0,0,0,0,0,0,0,0,0
22.345,4,0,0,0,0,0,0,0,0,0,0
22.345,5,0,0,0,0,0,0,0,0,0,0
22.4073,0,-4.33608,-4.33748,6.88356,0.327481,0.330945,-0.106813,1.38194,0,0,0
22.4073,1,-7.37428,-3.37414,2.87632,-0.000448366,-0.000325907,-0.000724345,0.0017692,0,0,0
22.4073,2,-3.37531,-7.37483,2.87449,-0.000121029,-0.000260884,1.33963e-05,0.000621206,0,0,0
22.4073,3,0,0,0,0,0,0,0,0,0,0
22.4073,4,0,0,0,0,0,0,0,0,0,0
22.4073,5,0,0,0,0,0,0,0,0,0,0
22.4656,0,-4.32145,-4.3231,6.88333,0.327734,0.328376,-0.108978,1.38194,0,0,0
22.4656,1,-7.3743,-3.37416,2.87629,-0.000391379,-0.000285659,-0.000715919,0.0017289,0,0,0
22.4656,2,-3.37532,-7.37485,2.87449,-0.000115899,-0.000252193,1.4451e-05,0.000621206,0,0,0
22.4656,3,0,0,0,0,0,0,0,0,0,0
22.4656,4,0,0,0,0,0,0,0,0,0,0
22.4656,5,0,0,0,0,0,0,0,0,0,0
22.5311,0,-4.31158,-4.31326,6.87918,0.311394,0.310188,-0.0967628,1.33968,0,0,0
22.5311,1,-7.37433,-3.37419,2.87625,-0.000402698,-0.000310475,-0.000703007,0.0017289,0,0,0
22.5311,2,-3.37533,-7.37487,2.87449,-0.00011832,-0.000265121,1.54369e-05,0.000620887,0,0,0
22.5311,3,0,0,0,0,0,0,0,0,0,0
22.5311,4,0,0,0,0,0,0,0,0,0,0
22.5311,5,0,0,0,0,0,0,0,0,0,0
22.595,0,-4.31016,-4.31195,6.87013,0.271328,0.269246,-0.0760682,1.33968,0,0,0
22.595,1,-7.37436,-3.3742,2.87617,-0.000412983,-0.000300956,-0.000658842,0.00163254,0,0,0
22.595,2,-3.37534,-7.37489,2.87449,-0.000117958,-0.000260861,1.63912e-05,0.000620887,0,0,0
22.595,3,0,0,0,0,0,0,0,0,0,0
22.595,4,0,0,0,0,0,0,0,0,0,0
22.595,5,0,0,0,0,0,0,0,0,0,0
22.6592,0,-4.31052,-4.3125,6.875,0.232027,0.229928,-0.0544363,1.32379,0,0,0
22.6592,1,-7.37439,-3.37423,2.87614,-0.000404891,-0.000304771,-0.000645507,0.00163254,0,0,0
22.6592,2,-3.37535,-7.3749,2.87449,-0.000109287,-0.000236476,1.7145e-05,0.000623776,0,0,0
22.6592,3,0,0,0,0,0,0,0,0,0,0
22.6592,4,0,0,0,0,0,0,0,0,0,0
22.6592,5,0,0,0,0,0,0,0,0,0,0
22.7146,0,-4.31656,-4.31865,6.86143,0.178048,0.176682,-0.0368063,4.32383,0,0,0
22.7146,1,-7.37442,-3.37424,2.8761,-0.000398998,-0.000291461,-0.000618669,0.00150879,0,0,0
22.7146,2,-3.37536,-7.37493,2.87449,-0.00010663,-0.000245273,1.8243e-05,0.000623776,0,0,0
22.7146,3,0,0,0,0,0,0,0,0,0,0
22.7146,4,0,0,0,0,0,0,0,0,0,0
22.7146,5,0,0,0,0,0,0,0,0,0,0
22.7736,0,-4.32397,-4.32619,6.87273,0.126458,0.125495,-0.0205467,4.32383,0,0,0
22.7736,1,-7.37445,-3.37427,2.8761,-0.000382149,-0.000287491,-0.000633197,0.00150879,0,0,0
22.7736,2,-3.37536,-7.37494,2.87449,-0.000103373,-0.000239347,1.90915e-05,0.000628215,0,0,0
22.7736,3,0,0,0,0,0,0,0,0,0,0
22.7736,4,0,0,0,0,0,0,0,0,0,0
22.7736,5,0,0,0,0,0,0,0,0,0,0
22.8295,0,-4.33441,-4.33675,6.87958,0.0710895,0.0698636,-0.0100318,4.31324,0,0,0
22.8295,1,-7.37447,-3.37428,2.87604,-0.000360587,-0.000265362,-0.000586492,0.00143732,0,0,0
22.8295,2,-3.37537,-7.37496,2.87449,-9.90405e-05,-0.000220736,1.97103e-05,0.000628215,0,0,0
22.8295,3,0,0,0,0,0,0,0,0,0,0
22.8295,4,0,0,0,0,0,0,0,0,0,0
22.8295,5,0,0,0,0,0,0,0,0,0,0
22.8803,0,-4.34208,-4.34453,6.88088,0.0324972,0.0306032,-0.0100673,4.31324,0,0,0
22.8803,1,-7.37449,-3.3743,2.87601,-0.000357821,-0.000261001,-0.000583686,0.00143732,0,0,0
22.8803,2,-3.37538,-7.37497,2.87449,-9.46264e-05,-0.000216398,2.04461e-05,0.000634099,0,0,0
22.8803,3,0,0,0,0,0,0,0,0,0,0
22.8803,4,0,0,0,0,0,0,0,0,0,0
22.8803,5,0,0,0,0,0,0,0,0,0,0
22.9304,0,-4.35124,-4.35373,6.88873,-0.00496558,-0.00728537,-0.0165257,4.28747,0,0,0
22.9304,1,-7.3745,-3.37431,2.87598,-0.000316466,-0.000237535,-0.000599412,0.00132903,0,0,0
22.9304,2,-3.37539,-7.37499,2.87449,-9.44592e-05,-0.000228036,2.12925e-05,0.000634099,0,0,0
22.9304,3,0,0,0,0,0,0,0,0,0,0
22.9304,4,0,0,0,0,0,0,0,0,0,0
22.9304,5,0,0,0,0,0,0,0,0,0,0
22.9866,0,-4.35807,-4.36061,6.91983,-0.0283259,-0.0308702,-0.0241951,4.28747,0,0,0
22.9866,1,-7.37452,-3.37432,2.87595,-0.000302927,-0.00022513,-0.000567037,0.00132903,0,0,0
22.9866,2,-3.3754,-7.37501,2.8745,-8.92212e-05,-0.000211952,2.20061e-05,0.000642194,0,0,0
22.9866,3,0,0,0,0,0,0,0,0,0,0
22.9866,4,0,0,0,0,0,0,0,0,0,0
22.9866,5,0,0,0,0,0,0,0,0,0,0
23.0402,0,-4.36241,-4.36495,6.94306,-0.0410442,-0.0433795,-0.0215895,4.26502,0,0,0
23.0402,1,-7.37454,-3.37433,2.87593,-0.000279488,-0.000211916,-0.000552979,0.0012651,0,0,0
23.0402,2,-3.3754,-7.37502,2.8745,-7.80092e-05,-0.000193549,2.35151e-05,0.000642194,0,0,0
23.0402,3,0,0,0,0,0,0,0,0,0,0
23.0402,4,0,0,0,0,0,0,0,0,0,0
23.0402,5,0,0,0,0,0,0,0,0,0,0
23.0986,0,-4.36286,-4.36538,6.93236,-0.0383941,-0.040209,-0.0243787,4.26502,0,0,0
23.0986,1,-7.37457,-3.37435,2.8759,-0.000297687,-0.000217174,-0.000539309,0.0012651,0,0,0
23.0986,2,-3.37541,-7.37503,2.8745,-7.51024e-05,-0.000175448,2.28399e-05,0.000648404,0,0,0
23.0986,3,0,0,0,0,0,0,0,0,0,0
23.0986,4,0,0,0,0,0,0,0,0,0,0
23.0986,5,0,0,0,0,0,0,0,0,0,0
23.1514,0,-4.35891,-4.36138,6.87323,-0.0181659,-0.0193064,-0.0472984,4.25841,0,0,0
23.1514,1,-7.37459,-3.37437,2.87587,-0.000312452,-0.000230493,-0.000527716,0.00119013,0,0,0
23.1514,2,-3.37542,-7.37505,2.8745,-8.22183e-05,-0.000207795,2.34659e-05,0.000648404,0,0,0
23.1514,3,0,0,0,0,0,0,0,0,0,0
23.1514,4,0,0,0,0,0,0,0,0,0,0
23.1514,5,0,0,0,0,0,0,0,0,0,0
23.2124,0,-4.35154,-4.35394,6.87052,0.00741462,0.00680949,-0.0432115,4.25841,0,0,0
23.2124,1,-7.37462,-3.37439,2.87583,-0.000317575,-0.000236309,-0.000504181,0.00119013,0,0,0
23.2124,2,-3.37543,-7.37507,2.8745,-8.97219e-05,-0.000212084,2.38358e-05,0.00066248,0,0,0
23.2124,3,0,0,0,0,0,0,0,0,0,0
23.2124,4,0,0,0,0,0,0,0,0,0,0
23.2124,5,0,0,0,0,0,0,0,0,0,0
23.2651,0,-4.35154,-4.35394,6.87052,0.00741462,0.00680949,-0.0432115,4.25841,0,0,0
23.2651,1,-7.37464,-3.3744,2.87581,-0.000309846,-0.000232572,-0.000473686,0.00110274,0,0,0
23.2651,2,-3.37544,-7.37508,2.8745,-8.59496e-05,-0.000211881,2.41352e-05,0.00066248,0,0,0
23.2651,3,0,0,0,0,0,0,0,0,0,0
23.2651,4,0,0,0,0,0,0,0,0,0,0
23.2651,5,0,0,0,0,0,0,0,0,0,0
23.3171,0,-4.32811,-4.33038,6.86547,0.0749386,0.0756279,-0.0339363,4.27413,0,0,0
23.3171,1,-7.37465,-3.37442,2.87579,-0.000283384,-0.000219284,-0.000470873,0.00110274,0,0,0
23.3171,2,-3.37544,-7.3751,2.8745,-8.73137e-05,-0.000205295,2.44223e-05,0.000673599,0,0,0
23.3171,3,0,0,0,0,0,0,0,0,0,0
23.3171,4,0,0,0,0,0,0,0,0,0,0
23.3171,5,0,0,0,0,0,0,0,0,0,0
23.378,0,-4.31359,-4.31577,6.86843,0.111274,0.113053,-0.0344605,1.34954,0,0,0
23.378,1,-7.37468,-3.37443,2.87577,-0.000276278,-0.000210878,-0.000449997,0.00104325,0,0,0
23.378,2,-3.37545,-7.37511,2.8745,-8.4887e-05,-0.000210418,2.48084e-05,0.000673599,0,0,0
23.378,3,0,0,0,0,0,0,0,0,0,0
23.378,4,0,0,0,0,0,0,0,0,0,0
23.378,5,0,0,0,0,0,0,0,0,0,0
23.4294,0,-4.29943,-4.30156,6.87032,0.141069,0.143613,-0.0278531,1.34954,0,0,0
23.4294,1,-7.37469,-3.37445,2.87575,-0.000259582,-0.000202762,-0.000433992,0.00104325,0,0,0
23.4294,2,-3.37546,-7.37513,2.87451,-8.25302e-05,-0.000203587,2.51291e-05,0.000685266,0,0,0
23.4294,3,0,0,0,0,0,0,0,0,0,0
23.4294,4,0,0,0,0,0,0,0,0,0,0
23.4294,5,0,0,0,0,0,0,0,0,0,0
23.4851,0,-4.28435,-4.28643,6.88538,0.168351,0.171659,-0.0435725,1.30886,0,0,0
23.4851,1,-7.37471,-3.37446,2.87572,-0.000252912,-0.000204189,-0.000404313,0.000979628,0,0,0
23.4851,2,-3.37546,-7.37514,2.87451,-7.8331e-05,-0.000190379,2.54393e-05,0.000685266,0,0,0
23.4851,3,0,0,0,0,0,0,0,0,0,0
23.4851,4,0,0,0,0,0,0,0,0,0,0
23.4851,5,0,0,0,0,0,0,0,0,0,0
23.5479,0,-4.27123,-4.2733,6.88335,0.185521,0.188411,-0.0462165,1.30886,0,0,0
23.5479,1,-7.37473,-3.37447,2.87571,-0.000253041,-0.000198008,-0.000401928,0.000922854,0,0,0
23.5479,2,-3.37547,-7.37515,2.87451,-6.99337e-05,-0.000178274,2.58229e-05,0.000693961,0,0,0
23.5479,3,0,0,0,0,0,0,0,0,0,0
23.5479,4,0,0,0,0,0,0,0,0,0,0
23.5479,5,0,0,0,0,0,0,0,0,0,0
23.608,0,-4.26169,-4.26376,6.88943,0.186171,0.187924,-0.0548801,1.26895,0,0,0
23.608,1,-7.37475,-3.37449,2.87569,-0.000247414,-0.000194227,-0.000384368,0.000922854,0,0,0
23.608,2,-3.37547,-7.37516,2.87451,-6.59981e-05,-0.000166317,2.6236e-05,0.000693961,0,0,0
23.608,3,0,0,0,0,0,0,0,0,0,0
23.608,4,0,0,0,0,0,0,0,0,0,0
23.608,5,0,0,0,0,0,0,0,0,0,0
23.6682,0,-4.25374,-4.25585,6.91621,0.18276,0.182831,-0.0595231,1.26895,0,0,0
23.6682,1,-7.37476,-3.37449,2.87567,-0.00022304,-0.000179225,-0.000380162,0.000874337,0,0,0
23.6682,2,-3.37548,-7.37517,2.87451,-5.82151e-05,-0.000161007,2.77672e-05,0.000702407,0,0,0
23.6682,3,0,0,0,0,0,0,0,0,0,0
23.6682,4,0,0,0,0,0,0,0,0,0,0
23.6682,5,0,0,0,0,0,0,0,0,0,0
23.7277,0,-4.25158,-4.25372,6.88941,0.163112,0.162268,-0.0519917,1.2449,0,0,0
23.7277,1,-7.37477,-3.3745,2.87565,-0.000214703,-0.000172212,-0.000368957,0.000874337,0,0,0
23.7277,2,-3.37548,-7.37518,2.87451,-5.33704e-05,-0.000146957,2.81692e-05,0.000702407,0,0,0
23.7277,3,0,0,0,0,0,0,0,0,0,0
23.7277,4,0,0,0,0,0,0,0,0,0,0
23.7277,5,0,0,0,0,0,0,0,0,0,0
23.7834,0,-4.2562,-4.25846,6.8715,0.123133,0.120759,-0.0419816,1.2449,0,0,0
23.7834,1,-7.37479,-3.37452,2.87563,-0.000210111,-0.000169526,-0.000358023,0.000822903,0,0,0
23.7834,2,-3.37548,-7.37519,2.87451,-4.99107e-05,-0.000140493,2.83689e-05,0.000706419,0,0,0
23.7834,3,0,0,0,0,0,0,0,0,0,0
23.7834,4,0,0,0,0,0,0,0,0,0,0
23.7834,5,0,0,0,0,0,0,0,0,0,0
23.8336,0,-4.26706,-4.26942,6.86995,0.0679459,0.0661038,-0.0176377,1.24781,0,0,0
23.8336,1,-7.3748,-3.37453,2.87561,-0.000195236,-0.000160689,-0.000352628,0.000822903,0,0,0
23.8336,2,-3.37549,-7.3752,2.87452,-3.38263e-05,-0.000120149,2.8705e-05,0.000706419,0,0,0
23.8336,3,0,0,0,0,0,0,0,0,0,0
23.8336,4,0,0,0,0,0,0,0,0,0,0
23.8336,5,0,0,0,0,0,0,0,0,0,0
23.8838,0,-4.28256,-4.28502,6.86853,0.00326723,0.00218924,0.00371513,1.24781,0,0,0
23.8838,1,-7.37481,-3.37453,2.8756,-0.000180743,-0.000153161,-0.000345396,0.000779733,0,0,0
23.8838,2,-3.37549,-7.37521,2.87452,-4.1015e-05,-0.000133529,2.90938e-05,0.000717045,0,0,0
23.8838,3,0,0,0,0,0,0,0,0,0,0
23.8838,4,0,0,0,0,0,0,0,0,0,0
23.8838,5,0,0,0,0,0,0,0,0,0,0
23.9456,0,-4.30293,-4.30548,6.86457,-0.0727419,-0.0730396,-0.00504123,1.28524,0,0,0
23.9456,1,-7.37481,-3.37454,2.87559,-0.000149806,-0.000128601,-0.000342413,0.000779733,0,0,0
23.9456,2,-3.3755,-7.37522,2.87452,-2.92011e-05,-0.000111342,2.82174e-05,0.000717045,0,0,0
23.9456,3,0,0,0,0,0,0,0,0,0,0
23.9456,4,0,0,0,0,0,0,0,0,0,0
23.9456,5,0,0,0,0,0,0,0,0,0,0
23.9957,0,-4.32863,-4.33128,6.84278,-0.151573,-0.151532,-0.00774951,1.28524,0,0,0
23.9957,1,-7.37482,-3.37454,2.87558,-0.000128198,-0.00011236,-0.000337368,0.000759229,0,0,0
23.9957,2,-3.3755,-7.37522,2.87452,-3.6702e-05,-0.000116541,2.9227e-05,0.00072608,0,0,0
23.9957,3,0,0,0,0,0,0,0,0,0,0
23.9957,4,0,0,0,0,0,0,0,0,0,0
23.9957,5,0,0,0,0,0,0,0,0,0,0
24.0485,0,-4.35232,-4.35502,6.84176,-0.212815,-0.213758,-0.0231351,4.30647,0,0,0
24.0485,1,-7.37483,-3.37455,2.87556,-0.000110658,-0.00010236,-0.000316626,0.000759229,0,0,0
24.0485,2,-3.3755,-7.37523,2.87452,-2.9833e-05,-0.00011382,2.90997e-05,0.00072608,0,0,0
24.0485,3,0,0,0,0,0,0,0,0,0,0
24.0485,4,0,0,0,0,0,0,0,0,0,0
24.0485,5,0,0,0,0,0,0,0,0,0,0
24.1049,0,-4.38249,-4.38523,6.85354,-0.285507,-0.288959,-0.0614649,4.30647,0,0,0
24.1049,1,-7.37484,-3.37456,2.87553,-0.000127158,-0.000110945,-0.000322745,0.000705887,0,0,0
24.1049,2,-3.3755,-7.37524,2.87452,-2.82814e-05,-0.000101891,3.02838e-05,0.000730484,0,0,0
24.1049,3,0,0,0,0,0,0,0,0,0,0
24.1049,4,0,0,0,0,0,0,0,0,0,0
24.1049,5,0,0,0,0,0,0,0,0,0,0
24.1627,0,-4.41556,-4.41833,6.87019,-0.353577,-0.359517,-0.065647,4.23017,0,0,0
24.1627,1,-7.37486,-3.37458,2.87551,-0.000149876,-0.000127184,-0.000307764,0.000705887,0,0,0
24.1627,2,-3.37551,-7.37524,2.87453,-2.57836e-05,-9.5632e-05,3.09208e-05,0.000730484,0,0,0
24.1627,3,0,0,0,0,0,0,0,0,0,0
24.1627,4,0,0,0,0,0,0,0,0,0,0
24.1627,5,0,0,0,0,0,0,0,0,0,0
24.2179,0,-4.44423,-4.44699,6.8772,-0.396251,-0.401661,-0.0797692,4.23017,0,0,0
24.2179,1,-7.37488,-3.37459,2.8755,-0.000155817,-0.000135993,-0.000289326,0.000655518,0,0,0
24.2179,2,-3.37551,-7.37525,2.87453,-2.29051e-05,-9.8865e-05,3.13878e-05,0.000736493,0,0,0
24.2179,3,0,0,0,0,0,0,0,0,0,0
24.2179,4,0,0,0,0,0,0,0,0,0,0
24.2179,5,0,0,0,0,0,0,0,0,0,0
24.2731,0,-4.48164,-4.48434,6.87697,-0.457403,-0.464226,-0.125682,4.14279,0,0,0
24.2731,1,-7.37489,-3.3746,2.87548,-0.000155108,-0.000138345,-0.000278129,0.000655518,0,0,0
24.2731,2,-3.37551,-7.37526,2.87453,-1.94312e-05,-9.6226e-05,3.16938e-05,0.000736493,0,0,0
24.2731,3,0,0,0,0,0,0,0,0,0,0
24.2731,4,0,0,0,0,0,0,0,0,0,0
24.2731,5,0,0,0,0,0,0,0,0,0,0
24.3339,0,-4.50492,-4.50752,6.8756,-0.46468,-0.466172,-0.156182,4.14279,0,0,0
24.3339,1,-7.3749,-3.37461,2.87547,-0.000145715,-0.000132165,-0.000270191,0.000617428,0,0,0
24.3339,2,-3.37552,-7.37527,2.87453,-2.23783e-05,-9.09951e-05,3.13212e-05,0.000743402,0,0,0
24.3339,3,0,0,0,0,0,0,0,0,0,0
24.3339,4,0,0,0,0,0,0,0,0,0,0
24.3339,5,0,0,0,0,0,0,0,0,0,0
24.3841,0,-4.50492,-4.50752,6.8756,-0.46468,-0.466172,-0.156182,4.05707,0,0,0
24.3841,1,-7.37491,-3.37461,2.87545,-0.00012747,-0.00011851,-0.000253421,0.000617428,0,0,0
24.3841,2,-3.37552,-7.37527,2.87453,-1.68028e-05,-9.05981e-05,3.13449e-05,0.000743402,0,0,0
24.3841,3,0,0,0,0,0,0,0,0,0,0
24.3841,4,0,0,0,0,0,0,0,0,0,0
24.3841,5,0,0,0,0,0,0,0,0,0,0
24.4379,0,-4.54005,-4.54233,6.89516,-0.44611,-0.438928,-0.177654,4.05707,0,0,0
24.4379,1,-7.37491,-3.37462,2.87544,-0.00012236,-0.000113909,-0.000260439,0.000588566,0,0,0
24.4379,2,-3.37552,-7.37528,2.87453,-1.00006e-05,-7.44016e-05,3.14492e-05,0.00075017,0,0,0
24.4379,3,0,0,0,0,0,0,0,0,0,0
24.4379,4,0,0,0,0,0,0,0,0,0,0
24.4379,5,0,0,0,0,0,0,0,0,0,0
24.501,0,-4.54005,-4.54233,6.89516,-0.44611,-0.438928,-0.177654,4.00766,0,0,0
24.501,1,-7.37493,-3.37463,2.87543,-0.000123492,-0.000115817,-0.000257213,0.000588566,0,0,0
24.501,2,-3.37552,-7.37529,2.87453,-7.68441e-06,-7.67307e-05,3.14702e-05,0.00075017,0,0,0
24.501,3,0,0,0,0,0,0,0,0,0,0
24.501,4,0,0,0,0,0,0,0,0,0,0
24.501,5,0,0,0,0,0,0,0,0,0,0
24.5623,0,-4.54766,-4.54941,6.87897,-0.349294,-0.335372,-0.149078,4.00766,0,0,0
24.5623,1,-7.37493,-3.37464,2.87541,-0.000122555,-0.000115823,-0.000256343,0.000552305,0,0,0
24.5623,2,-3.37552,-7.37529,2.87454,-1.26843e-05,-8.17375e-05,3.14821e-05,0.000758398,0,0,0
24.5623,3,0,0,0,0,0,0,0,0,0,0
24.5623,4,0,0,0,0,0,0,0,0,0,0
24.5623,5,0,0,0,0,0,0,0,0,0,0
24.6193,0,-4.54914,-4.55056,6.87863,-0.296883,-0.283303,-0.123256,3.99723,0,0,0
24.6193,1,-7.37494,-3.37465,2.8754,-0.000118517,-0.000113559,-0.000254016,0.000552305,0,0,0
24.6193,2,-3.37553,-7.3753,2.87454,-4.26069e-06,-6.52095e-05,3.15812e-05,0.000758398,0,0,0
24.6193,3,0,0,0,0,0,0,0,0,0,0
24.6193,4,0,0,0,0,0,0,0,0,0,0
24.6193,5,0,0,0,0,0,0,0,0,0,0
24.6722,0,-4.53489,-4.53609,6.8638,-0.207475,-0.196837,-0.0848802,3.99723,0,0,0
24.6722,1,-7.37495,-3.37465,2.87539,-0.000115138,-0.000111758,-0.000253049,0.000521162,0,0,0
24.6722,2,-3.37553,-7.37531,2.87454,1.30559e-06,-5.58798e-05,3.21579e-05,0.000763434,0,0,0
24.6722,3,0,0,0,0,0,0,0,0,0,0
24.6722,4,0,0,0,0,0,0,0,0,0,0
24.6722,5,0,0,0,0,0,0,0,0,0,0
24.7306,0,-4.5103,-4.51123,6.8469,-0.0923332,-0.0859647,-0.0541961,4.01569,0,0,0
24.7306,1,-7.37496,-3.37466,2.87537,-0.000107958,-0.000106653,-0.000250467,0.000521162,0,0,0
24.7306,2,-3.37553,-7.37531,2.87454,-3.1176e-06,-5.43797e-05,3.22912e-05,0.000763434,0,0,0
24.7306,3,0,0,0,0,0,0,0,0,0,0
24.7306,4,0,0,0,0,0,0,0,0,0,0
24.7306,5,0,0,0,0,0,0,0,0,0,0
24.7909,0,-4.48697,-4.48765,6.85707,0.00400286,0.00822769,-0.0250053,4.01569,0,0,0
24.7909,1,-7.37497,-3.37467,2.87536,-0.00010341,-0.000103207,-0.000246835,0.000492811,0,0,0
24.7909,2,-3.37553,-7.37531,2.87454,-1.75126e-06,-5.03416e-05,3.22893e-05,0.000763456,0,0,0
24.7909,3,0,0,0,0,0,0,0,0,0,0
24.7909,4,0,0,0,0,0,0,0,0,0,0
24.7909,5,0,0,0,0,0,0,0,0,0,0
24.8514,0,-4.45957,-4.45998,6.87535,0.0995182,0.103994,-0.0100474,1.57314,0,0,0
24.8514,1,-7.37497,-3.37467,2.87535,-0.000100147,-0.000100936,-0.000243172,0.000492811,0,0,0
24.8514,2,-3.37553,-7.37532,2.87454,1.785e-06,-4.68007e-05,3.21373e-05,0.000763456,0,0,0
24.8514,3,0,0,0,0,0,0,0,0,0,0
24.8514,4,0,0,0,0,0,0,0,0,0,0
24.8514,5,0,0,0,0,0,0,0,0,0,0
24.9066,0,-4.42957,-4.42979,6.87868,0.190637,0.196916,-0.03317,1.57314,0,0,0
24.9066,1,-7.37498,-3.37468,2.87534,-9.78622e-05,-9.90084e-05,-0.00023752,0.000465118,0,0,0
24.9066,2,-3.37553,-7.37533,2.87455,6.08728e-06,-5.47616e-05,3.13649e-05,0.000769324,0,0,0
24.9066,3,0,0,0,0,0,0,0,0,0,0
24.9066,4,0,0,0,0,0,0,0,0,0,0
24.9066,5,0,0,0,0,0,0,0,0,0,0
24.9668,0,-4.39818,-4.39824,6.88481,0.269996,0.278114,-0.0814511,1.49155,0,0,0
24.9668,1,-7.37499,-3.37469,2.87533,-9.70225e-05,-9.92991e-05,-0.000232414,0.000465118,0,0,0
24.9668,2,-3.37553,-7.37533,2.87455,3.77523e-07,-6.13728e-05,3.11031e-05,0.000769324,0,0,0
24.9668,3,0,0,0,0,0,0,0,0,0,0
24.9668,4,0,0,0,0,0,0,0,0,0,0
24.9668,5,0,0,0,0,0,0,0,0,0,0
25.0195,0,-4.39818,-4.39824,6.88481,0.269996,0.278114,-0.0814511,1.49155,0,0,0
25.0195,1,-7.375,-3.37469,2.87531,-9.46739e-05,-9.78047e-05,-0.000227626,0.000438075,0,0,0
25.0195,2,-3.37553,-7.37533,2.87455,3.77523e-07,-6.13728e-05,3.11031e-05,0.00077301,0,0,0
25.0195,3,0,0,0,0,0,0,0,0,0,0
25.0195,4,0,0,0,0,0,0,0,0,0,0
25.0195,5,0,0,0,0,0,0,0,0,0,0
25.0787,0,-4.37612,-4.37606,6.88264,0.307154,0.315412,-0.105081,1.41577,0,0,0
25.0787,1,-7.375,-3.3747,2.8753,-9.06838e-05,-9.49311e-05,-0.000222679,0.000438075,0,0,0
25.0787,2,-3.37553,-7.37534,2.87455,1.00383e-05,-4.70218e-05,3.09921e-05,0.00077301,0,0,0
25.0787,3,0,0,0,0,0,0,0,0,0,0
25.0787,4,0,0,0,0,0,0,0,0,0,0
25.0787,5,0,0,0,0,0,0,0,0,0,0
25.1294,0,-4.3261,-4.32581,6.87752,0.379386,0.387789,-0.127866,1.41577,0,0,0
25.1294,1,-7.37501,-3.37471,2.87529,-8.56233e-05,-9.10051e-05,-0.000218085,0.000411318,0,0,0
25.1294,2,-3.37554,-7.37534,2.87455,4.12549e-06,-4.76853e-05,3.112e-05,0.000775045,0,0,0
25.1294,3,0,0,0,0,0,0,0,0,0,0
25.1294,4,0,0,0,0,0,0,0,0,0,0
25.1294,5,0,0,0,0,0,0,0,0,0,0
25.1853,0,-4.29762,-4.29746,6.8849,0.415834,0.424015,-0.16053,1.34486,0,0,0
25.1853,1,-7.37502,-3.37471,2.87528,-8.4764e-05,-9.07948e-05,-0.000213474,0.000411318,0,0,0
25.1853,2,-3.37554,-7.37534,2.87455,1.00629e-05,-4.32158e-05,3.12781e-05,0.000775045,0,0,0
25.1853,3,0,0,0,0,0,0,0,0,0,0
25.1853,4,0,0,0,0,0,0,0,0,0,0
25.1853,5,0,0,0,0,0,0,0,0,0,0
25.2473,0,-4.27568,-4.27538,6.88518,0.430398,0.437229,-0.176947,1.34486,0,0,0
25.2473,1,-7.37503,-3.37472,2.87527,-8.33124e-05,-8.99791e-05,-0.000207952,0.000386837,0,0,0
25.2473,2,-3.37554,-7.37534,2.87455,9.98606e-06,-3.49912e-05,3.15176e-05,0.000775706,0,0,0
25.2473,3,0,0,0,0,0,0,0,0,0,0
25.2473,4,0,0,0,0,0,0,0,0,0,0
25.2473,5,0,0,0,0,0,0,0,0,0,0
25.3006,0,-4.26547,-4.26547,6.90502,0.407507,0.412382,-0.17143,1.25967,0,0,0
25.3006,1,-7.37503,-3.37473,2.87526,-8.3842e-05,-9.10425e-05,-0.000203231,0.000386837,0,0,0
25.3006,2,-3.37554,-7.37534,2.87456,8.66752e-06,-3.28971e-05,3.2099e-05,0.000775706,0,0,0
25.3006,3,0,0,0,0,0,0,0,0,0,0
25.3006,4,0,0,0,0,0,0,0,0,0,0
25.3006,5,0,0,0,0,0,0,0,0,0,0
25.3635,0,-4.25481,-4.25488,6.88429,0.390566,0.390974,-0.152349,1.25967,0,0,0
25.3635,1,-7.37504,-3.37473,2.87525,-8.26051e-05,-9.07679e-05,-0.000199748,0.000364132,0,0,0
25.3635,2,-3.37554,-7.37535,2.87456,1.48316e-05,-3.56027e-05,3.25252e-05,0.00077745,0,0,0
25.3635,3,0,0,0,0,0,0,0,0,0,0
25.3635,4,0,0,0,0,0,0,0,0,0,0
25.3635,5,0,0,0,0,0,0,0,0,0,0
25.4193,0,-4.2433,-4.24333,6.85055,0.38118,0.382294,-0.126435,1.22823,0,0,0
25.4193,1,-7.37505,-3.37474,2.87524,-8.08276e-05,-8.96439e-05,-0.0001959,0.000364132,0,0,0
25.4193,2,-3.37554,-7.37535,2.87456,1.54952e-05,-3.37338e-05,3.29698e-05,0.000778753,0,0,0
25.4193,3,0,0,0,0,0,0,0,0,0,0
25.4193,4,0,0,0,0,0,0,0,0,0,0
25.4193,5,0,0,0,0,0,0,0,0,0,0
25.4774,0,-4.2363,-4.23664,6.83288,0.355383,0.357308,-0.09681,1.22823,0,0,0
25.4774,1,-7.37505,-3.37475,2.87522,-8.05148e-05,-9.01972e-05,-0.000193072,0.00034246,0,0,0
25.4774,2,-3.37554,-7.37535,2.87456,1.62424e-05,-2.92851e-05,3.34381e-05,0.000778753,0,0,0
25.4774,3,0,0,0,0,0,0,0,0,0,0
25.4774,4,0,0,0,0,0,0,0,0,0,0
25.4774,5,0,0,0,0,0,0,0,0,0,0
25.5352,0,-4.24249,-4.24294,6.83193,0.295482,0.29777,-0.0605507,4.43875,0,0,0
25.5352,1,-7.37506,-3.37475,2.87521,-7.97164e-05,-9.01478e-05,-0.000188941,0.00034246,0,0,0
25.5352,2,-3.37554,-7.37536,2.87456,1.78162e-05,-2.73995e-05,3.38114e-05,0.000779261,0,0,0
25.5352,3,0,0,0,0,0,0,0,0,0,0
25.5352,4,0,0,0,0,0,0,0,0,0,0
25.5352,5,0,0,0,0,0,0,0,0,0,0
25.594,0,-4.2631,-4.26403,6.87049,0.161475,0.162746,0.00815021,4.40525,0,0,0
25.594,1,-7.37506,-3.37476,2.87521,-7.67797e-05,-8.7977e-05,-0.000184343,0.000332951,0,0,0
25.594,2,-3.37554,-7.37536,2.87456,1.95561e-05,-2.45399e-05,3.40951e-05,0.000779261,0,0,0
25.594,3,0,0,0,0,0,0,0,0,0,0
25.594,4,0,0,0,0,0,0,0,0,0,0
25.594,5,0,0,0,0,0,0,0,0,0,0
25.6647,0,-4.26886,-4.26991,6.87432,0.117527,0.117805,0.0150703,4.40525,0,0,0
25.6647,1,-7.37507,-3.37476,2.8752,-7.7436e-05,-8.94653e-05,-0.000177843,0.000332951,0,0,0
25.6647,2,-3.37554,-7.37536,2.87457,2.1242e-05,-1.40038e-05,3.44959e-05,0.000779287,0,0,0
25.6647,3,0,0,0,0,0,0,0,0,0,0
25.6647,4,0,0,0,0,0,0,0,0,0,0
25.6647,5,0,0,0,0,0,0,0,0,0,0
25.7151,0,-4.26886,-4.26991,6.87432,0.117527,0.117805,0.0150703,4.40525,0,0,0
25.7151,1,-7.37508,-3.37477,2.87519,-7.06205e-05,-8.6158e-05,-0.000172023,0.000314288,0,0,0
25.7151,2,-3.37553,-7.37537,2.87457,2.48603e-05,-1.58407e-05,3.48591e-05,0.000779287,0,0,0
25.7151,3,0,0,0,0,0,0,0,0,0,0
25.7151,4,0,0,0,0,0,0,0,0,0,0
25.7151,5,0,0,0,0,0,0,0,0,0,0
25.7736,0,-4.27369,-4.27482,6.87287,0.0832312,0.0823116,0.0224988,4.392,0,0,0
25.7736,1,-7.37508,-3.37478,2.87518,-6.8236e-05,-8.44938e-05,-0.000167171,0.000314288,0,0,0
25.7736,2,-3.37554,-7.37537,2.87457,2.191e-05,-1.98304e-05,3.55757e-05,0.00077828,0,0,0
25.7736,3,0,0,0,0,0,0,0,0,0,0
25.7736,4,0,0,0,0,0,0,0,0,0,0
25.7736,5,0,0,0,0,0,0,0,0,0,0
25.8289,0,-4.276,-4.2772,6.8735,0.0620429,0.0607998,0.0249352,4.392,0,0,0
25.8289,1,-7.37509,-3.37478,2.87517,-6.30894e-05,-8.00756e-05,-0.000163352,0.000295181,0,0,0
25.8289,2,-3.37554,-7.37537,2.87457,2.08346e-05,-1.79759e-05,3.61219e-05,0.00077828,0,0,0
25.8289,3,0,0,0,0,0,0,0,0,0,0
25.8289,4,0,0,0,0,0,0,0,0,0,0
25.8289,5,0,0,0,0,0,0,0,0,0,0
25.8844,0,-4.27424,-4.27556,6.87415,0.0570746,0.0554651,0.0243529,4.3818,0,0,0
25.8844,1,-7.37509,-3.37478,2.87516,-6.62186e-05,-8.09298e-05,-0.000159131,0.000295181,0,0,0
25.8844,2,-3.37553,-7.37537,2.87457,2.71217e-05,-1.2298e-05,3.59935e-05,0.000777707,0,0,0
25.8844,3,0,0,0,0,0,0,0,0,0,0
25.8844,4,0,0,0,0,0,0,0,0,0,0
25.8844,5,0,0,0,0,0,0,0,0,0,0
25.9499,0,-4.26993,-4.27128,6.87269,0.0610186,0.0594466,0.0212737,4.3818,0,0,0
25.9499,1,-7.37509,-3.37478,2.87516,-6.62186e-05,-8.09298e-05,-0.000159131,0.000283059,0,0,0
25.9499,2,-3.37553,-7.37537,2.87458,2.3312e-05,-1.63636e-05,3.61802e-05,0.000777707,0,0,0
25.9499,3,0,0,0,0,0,0,0,0,0,0
25.9499,4,0,0,0,0,0,0,0,0,0,0
25.9499,5,0,0,0,0,0,0,0,0,0,0
26.0084,0,-4.26278,-4.26413,6.86869,0.0736341,0.0723702,0.0161179,4.39027,0,0,0
26.0084,1,-7.37509,-3.37479,2.87515,-6.43359e-05,-8.00217e-05,-0.000155652,0.000283059,0,0,0
26.0084,2,-3.37553,-7.37538,2.87458,2.81116e-05,-1.12568e-05,3.65864e-05,0.000776586,0,0,0
26.0084,3,0,0,0,0,0,0,0,0,0,0
26.0084,4,0,0,0,0,0,0,0,0,0,0
26.0084,5,0,0,0,0,0,0,0,0,0,0
26.0634,0,-4.2501,-4.25143,6.87046,0.100456,0.0997617,0.0105732,4.39027,0,0,0
26.0634,1,-7.3751,-3.3748,2.87514,-5.75336e-05,-7.52628e-05,-0.000143212,0.000269278,0,0,0
26.0634,2,-3.37553,-7.37538,2.87458,2.71548e-05,-1.33376e-05,3.64947e-05,0.000776586,0,0,0
26.0634,3,0,0,0,0,0,0,0,0,0,0
26.0634,4,0,0,0,0,0,0,0,0,0,0
26.0634,5,0,0,0,0,0,0,0,0,0,0
26.1212,0,-4.23576,-4.23704,6.86905,0.129876,0.130101,-0.00528729,1.23853,0,0,0
26.1212,1,-7.3751,-3.3748,2.87514,-5.75336e-05,-7.52628e-05,-0.000143212,0.000269278,0,0,0
26.1212,2,-3.37553,-7.37538,2.87458,2.70377e-05,-1.13953e-05,3.65911e-05,0.000777014,0,0,0
26.1212,3,0,0,0,0,0,0,0,0,0,0
26.1212,4,0,0,0,0,0,0,0,0,0,0
26.1212,5,0,0,0,0,0,0,0,0,0,0
26.1791,0,-4.22135,-4.2226,6.86874,0.154702,0.155893,-0.0241428,1.19782,0,0,0
26.1791,1,-7.37511,-3.3748,2.87513,-5.34536e-05,-7.06525e-05,-0.000141291,0.000258585,0,0,0
26.1791,2,-3.37553,-7.37538,2.87458,2.70377e-05,-1.13953e-05,3.65911e-05,0.000777014,0,0,0
26.1791,3,0,0,0,0,0,0,0,0,0,0
26.1791,4,0,0,0,0,0,0,0,0,0,0
26.1791,5,0,0,0,0,0,0,0,0,0,0
26.2292,0,-4.20457,-4.20574,6.86982,0.18373,0.186414,-0.0300447,1.19782,0,0,0
26.2292,1,-7.37511,-3.37481,2.87511,-5.32156e-05,-7.32735e-05,-0.000137919,0.000258585,0,0,0
26.2292,2,-3.37553,-7.37538,2.87458,2.72627e-05,-1.11373e-05,3.70123e-05,0.000775981,0,0,0
26.2292,3,0,0,0,0,0,0,0,0,0,0
26.2292,4,0,0,0,0,0,0,0,0,0,0
26.2292,5,0,0,0,0,0,0,0,0,0,0
26.2851,0,-4.18668,-4.18788,6.87035,0.209269,0.212527,-0.0426942,1.19782,0,0,0
26.2851,1,-7.37512,-3.37482,2.87511,-5.20289e-05,-7.32648e-05,-0.000134169,0.000247228,0,0,0
26.2851,2,-3.37553,-7.37538,2.87459,2.79164e-05,-1.03482e-05,3.72975e-05,0.000775981,0,0,0
26.2851,3,0,0,0,0,0,0,0,0,0,0
26.2851,4,0,0,0,0,0,0,0,0,0,0
26.2851,5,0,0,0,0,0,0,0,0,0,0
26.346,0,-4.1702,-4.1714,6.8799,0.227226,0.230546,-0.0530257,1.14875,0,0,0
26.346,1,-7.37512,-3.37482,2.8751,-4.94668e-05,-7.14066e-05,-0.000130753,0.000247228,0,0,0
26.346,2,-3.37553,-7.37539,2.87459,2.83106e-05,-6.43131e-06,3.75193e-05,0.000774208,0,0,0
26.346,3,0,0,0,0,0,0,0,0,0,0
26.346,4,0,0,0,0,0,0,0,0,0,0
26.346,5,0,0,0,0,0,0,0,0,0,0
26.4013,0,-4.15851,-4.15971,6.88027,0.232483,0.234776,-0.0564536,1.10891,0,0,0
26.4013,1,-7.37513,-3.37483,2.87509,-4.70088e-05,-6.84378e-05,-0.000125614,0.000238389,0,0,0
26.4013,2,-3.37553,-7.37539,2.87459,2.83106e-05,-6.43131e-06,3.75193e-05,0.000774208,0,0,0
26.4013,3,0,0,0,0,0,0,0,0,0,0
26.4013,4,0,0,0,0,0,0,0,0,0,0
26.4013,5,0,0,0,0,0,0,0,0,0,0
26.4618,0,-4.1504,-4.15163,6.87449,0.226133,0.227105,-0.0586784,1.10891,0,0,0
26.4618,1,-7.37513,-3.37483,2.87509,-4.56683e-05,-6.91481e-05,-0.000121719,0.000238389,0,0,0
26.4618,2,-3.37553,-7.37539,2.87459,2.81504e-05,-6.79103e-06,3.73985e-05,0.000772584,0,0,0
26.4618,3,0,0,0,0,0,0,0,0,0,0
26.4618,4,0,0,0,0,0,0,0,0,0,0
26.4618,5,0,0,0,0,0,0,0,0,0,0
26.5149,0,-4.14693,-4.14819,6.87743,0.205687,0.20566,-0.0512389,1.10891,0,0,0
26.5149,1,-7.37513,-3.37483,2.87509,-4.56683e-05,-6.91481e-05,-0.000121719,0.000230309,0,0,0
26.5149,2,-3.37553,-7.37539,2.87459,3.21299e-05,-7.63281e-06,3.69953e-05,0.000772584,0,0,0
26.5149,3,0,0,0,0,0,0,0,0,0,0
26.5149,4,0,0,0,0,0,0,0,0,0,0
26.5149,5,0,0,0,0,0,0,0,0,0,0
26.5722,0,-4.1573,-4.15858,6.86839,0.171493,0.170792,-0.0357407,1.09257,0,0,0
26.5722,1,-7.37513,-3.37483,2.87508,-4.4429e-05,-6.83829e-05,-0.000117405,0.000230309,0,0,0
26.5722,2,-3.37553,-7.37539,2.8746,2.90171e-05,-3.70036e-06,3.65213e-05,0.000770143,0,0,0
26.5722,3,0,0,0,0,0,0,0,0,0,0
26.5722,4,0,0,0,0,0,0,0,0,0,0
26.5722,5,0,0,0,0,0,0,0,0,0,0
26.6299,0,-4.15688,-4.15831,6.86179,0.123445,0.122162,-0.021677,1.09257,0,0,0
26.6299,1,-7.37514,-3.37484,2.87507,-3.78935e-05,-6.36028e-05,-0.000111554,0.000223507,0,0,0
26.6299,2,-3.37552,-7.37539,2.8746,3.26631e-05,-4.82335e-06,3.58428e-05,0.000770143,0,0,0
26.6299,3,0,0,0,0,0,0,0,0,0,0
26.6299,4,0,0,0,0,0,0,0,0,0,0
26.6299,5,0,0,0,0,0,0,0,0,0,0
26.6801,0,-4.16657,-4.168,6.86573,0.0742846,0.0732951,-0.0105368,1.10683,0,0,0
26.6801,1,-7.37514,-3.37485,2.87506,-3.45627e-05,-5.96466e-05,-0.000105283,0.000223507,0,0,0
26.6801,2,-3.37552,-7.37539,2.8746,3.32689e-05,-3.41507e-06,3.54289e-05,0.000767366,0,0,0
26.6801,3,0,0,0,0,0,0,0,0,0,0
26.6801,4,0,0,0,0,0,0,0,0,0,0
26.6801,5,0,0,0,0,0,0,0,0,0,0
26.7351,0,-4.18683,-4.18824,6.86985,-0.00253783,-0.00331398,-0.000712653,4.50776,0,0,0
26.7351,1,-7.37514,-3.37485,2.87506,-3.16029e-05,-5.80476e-05,-0.000102522,0.000218139,0,0,0
26.7351,2,-3.37552,-7.37539,2.8746,3.52897e-05,-1.0652e-07,3.54336e-05,0.000767366,0,0,0
26.7351,3,0,0,0,0,0,0,0,0,0,0
26.7351,4,0,0,0,0,0,0,0,0,0,0
26.7351,5,0,0,0,0,0,0,0,0,0,0
26.7931,0,-4.1989,-4.20035,6.87191,-0.0427222,-0.0438537,-0.00976718,4.50776,0,0,0
26.7931,1,-7.37514,-3.37485,2.87505,-2.78893e-05,-5.17013e-05,-0.000103514,0.000218139,0,0,0
26.7931,2,-3.37552,-7.37539,2.8746,3.35485e-05,4.39375e-07,3.4995e-05,0.000764364,0,0,0
26.7931,3,0,0,0,0,0,0,0,0,0,0
26.7931,4,0,0,0,0,0,0,0,0,0,0
26.7931,5,0,0,0,0,0,0,0,0,0,0
26.8484,0,-4.21551,-4.21691,6.87762,-0.0989404,-0.100974,-0.022188,4.4672,0,0,0
26.8484,1,-7.37515,-3.37485,2.87505,-2.56153e-05,-5.17462e-05,-9.84751e-05,0.000213834,0,0,0
26.8484,2,-3.37552,-7.37539,2.8746,3.37663e-05,1.29148e-06,3.48658e-05,0.000764364,0,0,0
26.8484,3,0,0,0,0,0,0,0,0,0,0
26.8484,4,0,0,0,0,0,0,0,0,0,0
26.8484,5,0,0,0,0,0,0,0,0,0,0
26.9039,0,-4.23118,-4.23253,6.88336,-0.140892,-0.14349,-0.030488,4.4672,0,0,0
26.9039,1,-7.37515,-3.37486,2.87504,-2.28496e-05,-4.90969e-05,-9.20306e-05,0.000213834,0,0,0
26.9039,2,-3.37552,-7.37539,2.87461,3.59881e-05,2.05667e-06,3.46806e-05,0.000761024,0,0,0
26.9039,3,0,0,0,0,0,0,0,0,0,0
26.9039,4,0,0,0,0,0,0,0,0,0,0
26.9039,5,0,0,0,0,0,0,0,0,0,0
26.962,0,-4.24543,-4.24674,6.88074,-0.171926,-0.174493,-0.0390645,4.42496,0,0,0
26.962,1,-7.37515,-3.37486,2.87504,-2.28496e-05,-4.90969e-05,-9.20306e-05,0.000209713,0,0,0
26.962,2,-3.37552,-7.3754,2.87461,3.62473e-05,4.19605e-06,3.45148e-05,0.000761024,0,0,0
26.962,3,0,0,0,0,0,0,0,0,0,0
26.962,4,0,0,0,0,0,0,0,0,0,0
26.962,5,0,0,0,0,0,0,0,0,0,0
27.0222,0,-4.25833,-4.25955,6.87538,-0.191904,-0.193806,-0.0517374,4.42496,0,0,0
27.0222,1,-7.37515,-3.37486,2.87504,-2.4131e-05,-5.21999e-05,-8.70739e-05,0.000209713,0,0,0
27.0222,2,-3.37552,-7.3754,2.87461,3.68073e-05,4.96479e-06,3.44209e-05,0.000757437,0,0,0
27.0222,3,0,0,0,0,0,0,0,0,0,0
27.0222,4,0,0,0,0,0,0,0,0,0,0
27.0222,5,0,0,0,0,0,0,0,0,0,0
27.0799,0,-4.26746,-4.26855,6.87949,-0.197734,-0.198152,-0.0554663,4.39396,0,0,0
27.0799,1,-7.37515,-3.37487,2.87503,-2.24642e-05,-5.17171e-05,-8.72067e-05,0.000206372,0,0,0
27.0799,2,-3.37551,-7.3754,2.87461,3.65219e-05,6.9799e-06,3.44014e-05,0.000757437,0,0,0
27.0799,3,0,0,0,0,0,0,0,0,0,0
27.0799,4,0,0,0,0,0,0,0,0,0,0
27.0799,5,0,0,0,0,0,0,0,0,0,0
27.1352,0,-4.27322,-4.27413,6.88597,-0.191935,-0.190779,-0.0557856,4.39396,0,0,0
27.1352,1,-7.37516,-3.37487,2.87502,-1.76213e-05,-4.70967e-05,-7.91231e-05,0.000206372,0,0,0
27.1352,2,-3.37551,-7.3754,2.87461,3.78004e-05,7.99858e-06,3.44992e-05,0.00075371,0,0,0
27.1352,3,0,0,0,0,0,0,0,0,0,0
27.1352,4,0,0,0,0,0,0,0,0,0,0
27.1352,5,0,0,0,0,0,0,0,0,0,0
27.1856,0,-4.27312,-4.27391,6.87631,-0.166887,-0.164733,-0.0441902,4.38616,0,0,0
27.1856,1,-7.37516,-3.37487,2.87502,-1.76213e-05,-4.70967e-05,-7.91231e-05,0.00020386,0,0,0
27.1856,2,-3.37551,-7.3754,2.87462,3.72057e-05,9.54543e-06,3.46877e-05,0.00075371,0,0,0
27.1856,3,0,0,0,0,0,0,0,0,0,0
27.1856,4,0,0,0,0,0,0,0,0,0,0
27.1856,5,0,0,0,0,0,0,0,0,0,0
27.2409,0,-4.26788,-4.26855,6.87215,-0.126627,-0.123889,-0.0336917,4.38616,0,0,0
27.2409,1,-7.37516,-3.37487,2.87502,-1.57769e-05,-4.63861e-05,-7.69838e-05,0.00020386,0,0,0
27.2409,2,-3.37551,-7.3754,2.87462,3.75424e-05,1.00339e-05,3.49616e-05,0.00075016,0,0,0
27.2409,3,0,0,0,0,0,0,0,0,0,0
27.2409,4,0,0,0,0,0,0,0,0,0,0
27.2409,5,0,0,0,0,0,0,0,0,0,0
27.299,0,-4.25841,-4.25885,6.87439,-0.078043,-0.0755738,-0.0190421,4.40721,0,0,0
27.299,1,-7.37516,-3.37488,2.87502,-1.26681e-05,-4.38232e-05,-7.88456e-05,0.00020193,0,0,0
27.299,2,-3.37551,-7.3754,2.87462,3.79322e-05,1.16295e-05,3.54351e-05,0.00075016,0,0,0
27.299,3,0,0,0,0,0,0,0,0,0,0
27.299,4,0,0,0,0,0,0,0,0,0,0
27.299,5,0,0,0,0,0,0,0,0,0,0
27.3545,0,-4.23663,-4.23681,6.83885,0.0103995,0.0127568,-0.0346243,4.40721,0,0,0
27.3545,1,-7.37516,-3.37488,2.87501,-1.14995e-05,-4.29253e-05,-7.37569e-05,0.00020193,0,0,0
27.3545,2,-3.37551,-7.3754,2.87462,3.9633e-05,1.28463e-05,3.57797e-05,0.000745585,0,0,0
27.3545,3,0,0,0,0,0,0,0,0,0,0
27.3545,4,0,0,0,0,0,0,0,0,0,0
27.3545,5,0,0,0,0,0,0,0,0,0,0
27.4148,0,-4.22424,-4.2243,6.81914,0.0461477,0.0486056,-0.0449985,1.20235,0,0,0
27.4148,1,-7.37516,-3.37489,2.875,-9.9309e-06,-4.26451e-05,-7.31925e-05,0.000200365,0,0,0
27.4148,2,-3.3755,-7.3754,2.87462,3.92273e-05,1.41658e-05,3.59408e-05,0.000745585,0,0,0
27.4148,3,0,0,0,0,0,0,0,0,0,0
27.4148,4,0,0,0,0,0,0,0,0,0,0
27.4148,5,0,0,0,0,0,0,0,0,0,0
27.47,0,-4.19977,-4.19972,6.85792,0.112022,0.115233,-0.00966998,1.20235,0,0,0
27.47,1,-7.37516,-3.37489,2.875,-9.13752e-06,-4.19934e-05,-7.21751e-05,0.000200365,0,0,0
27.47,2,-3.3755,-7.37539,2.87462,4.05768e-05,1.48212e-05,3.5896e-05,0.000741205,0,0,0
27.47,3,0,0,0,0,0,0,0,0,0,0
27.47,4,0,0,0,0,0,0,0,0,0,0
27.47,5,0,0,0,0,0,0,0,0,0,0
27.5257,0,-4.17269,-4.17267,6.87271,0.179786,0.184038,-0.00551323,1.1281,0,0,0
27.5257,1,-7.37517,-3.37489,2.875,-7.38001e-06,-4.03982e-05,-6.77449e-05,0.000199087,0,0,0
27.5257,2,-3.3755,-7.37539,2.87463,4.03354e-05,1.61003e-05,3.57252e-05,0.000741205,0,0,0
27.5257,3,0,0,0,0,0,0,0,0,0,0
27.5257,4,0,0,0,0,0,0,0,0,0,0
27.5257,5,0,0,0,0,0,0,0,0,0,0
27.5813,0,-4.15115,-4.15114,6.87589,0.221349,0.226181,-0.0315559,1.1281,0,0,0
27.5813,1,-7.37517,-3.37489,2.875,-7.38001e-06,-4.03982e-05,-6.77449e-05,0.000199087,0,0,0
27.5813,2,-3.3755,-7.37539,2.87463,4.04328e-05,1.69356e-05,3.54283e-05,0.000736793,0,0,0
27.5813,3,0,0,0,0,0,0,0,0,0,0
27.5813,4,0,0,0,0,0,0,0,0,0,0
27.5813,5,0,0,0,0,0,0,0,0,0,0
27.637,0,-4.12735,-4.12725,6.88777,0.259368,0.263893,-0.0577106,1.064,0,0,0
27.637,1,-7.37517,-3.37489,2.87499,-6.0576e-06,-3.81807e-05,-6.53845e-05,0.000198295,0,0,0
27.637,2,-3.3755,-7.37539,2.87463,4.24183e-05,1.78359e-05,3.5089e-05,0.000736793,0,0,0
27.637,3,0,0,0,0,0,0,0,0,0,0
27.637,4,0,0,0,0,0,0,0,0,0,0
27.637,5,0,0,0,0,0,0,0,0,0,0
27.7022,0,-4.10791,-4.1079,6.88931,0.283398,0.286394,-0.072486,1.064,0,0,0
27.7022,1,-7.37517,-3.37489,2.87499,-4.84113e-06,-3.83523e-05,-6.59894e-05,0.000198295,0,0,0
27.7022,2,-3.3755,-7.37539,2.87463,4.2296e-05,1.86238e-05,3.49277e-05,0.000731655,0,0,0
27.7022,3,0,0,0,0,0,0,0,0,0,0
27.7022,4,0,0,0,0,0,0,0,0,0,0
27.7022,5,0,0,0,0,0,0,0,0,0,0
27.7593,0,-4.09488,-4.09504,6.89139,0.287184,0.28743,-0.0823238,1.01831,0,0,0
27.7593,1,-7.37517,-3.3749,2.87499,-4.07472e-06,-3.66465e-05,-6.41132e-05,0.000197623,0,0,0
27.7593,2,-3.37549,-7.37539,2.87463,4.33731e-05,1.92604e-05,3.4685e-05,0.000731655,0,0,0
27.7593,3,0,0,0,0,0,0,0,0,0,0
27.7593,4,0,0,0,0,0,0,0,0,0,0
27.7593,5,0,0,0,0,0,0,0,0,0,0
27.8209,0,-4.0857,-4.08606,6.90093,0.273259,0.27036,-0.0868989,1.01831,0,0,0
27.8209,1,-7.37517,-3.3749,2.87498,-3.64562e-06,-3.54293e-05,-6.271e-05,0.000197623,0,0,0
27.8209,2,-3.37549,-7.37539,2.87464,4.24812e-05,1.97753e-05,3.44292e-05,0.000726742,0,0,0
27.8209,3,0,0,0,0,0,0,0,0,0,0
27.8209,4,0,0,0,0,0,0,0,0,0,0
27.8209,5,0,0,0,0,0,0,0,0,0,0
27.8762,0,-4.08581,-4.08641,6.88756,0.238361,0.23348,-0.0791619,1.00567,0,0,0
27.8762,1,-7.37517,-3.3749,2.87498,-2.08546e-06,-3.54358e-05,-6.12852e-05,0.000197094,0,0,0
27.8762,2,-3.37549,-7.37539,2.87464,4.09248e-05,2.04091e-05,3.4179e-05,0.000726742,0,0,0
27.8762,3,0,0,0,0,0,0,0,0,0,0
27.8762,4,0,0,0,0,0,0,0,0,0,0
27.8762,5,0,0,0,0,0,0,0,0,0,0
27.9316,0,-4.09299,-4.09353,6.88185,0.186519,0.180132,-0.064409,1.00567,0,0,0
27.9316,1,-7.37517,-3.3749,2.87498,-7.69093e-07,-3.52418e-05,-5.96873e-05,0.000197094,0,0,0
27.9316,2,-3.37549,-7.37539,2.87464,4.17945e-05,2.03362e-05,3.40803e-05,0.000722352,0,0,0
27.9316,3,0,0,0,0,0,0,0,0,0,0
27.9316,4,0,0,0,0,0,0,0,0,0,0
27.9316,5,0,0,0,0,0,0,0,0,0,0
27.9817,0,-4.10628,-4.10739,6.8489,0.117378,0.112684,-0.0512385,1.01579,0,0,0
27.9817,1,-7.37517,-3.37491,2.87497,1.96516e-07,-3.41527e-05,-5.82418e-05,0.000196599,0,0,0
27.9817,2,-3.37549,-7.37539,2.87464,3.96367e-05,2.13796e-05,3.408e-05,0.000722352,0,0,0
27.9817,3,0,0,0,0,0,0,0,0,0,0
27.9817,4,0,0,0,0,0,0,0,0,0,0
27.9817,5,0,0,0,0,0,0,0,0,0,0
28.0353,0,-4.12222,-4.12364,6.83117,0.0498877,0.0474698,-0.0405414,1.01579,0,0,0
28.0353,1,-7.37517,-3.37491,2.87497,1.89166e-06,-3.38317e-05,-5.6412e-05,0.000196599,0,0,0
28.0353,2,-3.37548,-7.37539,2.87464,4.23858e-05,2.12078e-05,3.42199e-05,0.000717453,0,0,0
28.0353,3,0,0,0,0,0,0,0,0,0,0
28.0353,4,0,0,0,0,0,0,0,0,0,0
28.0353,5,0,0,0,0,0,0,0,0,0,0
28.0907,0,-4.14464,-4.14668,6.8084,-0.0285599,-0.0308653,-0.0380029,4.56746,0,0,0
28.0907,1,-7.37517,-3.37491,2.87497,1.55557e-06,-3.04228e-05,-5.48046e-05,0.00019673,0,0,0
28.0907,2,-3.37548,-7.37539,2.87464,4.22156e-05,2.30978e-05,3.4392e-05,0.000717453,0,0,0
28.0907,3,0,0,0,0,0,0,0,0,0,0
28.0907,4,0,0,0,0,0,0,0,0,0,0
28.0907,5,0,0,0,0,0,0,0,0,0,0
28.146,0,-4.17683,-4.17883,6.85851,-0.125085,-0.128038,0.00298421,4.56746,0,0,0
28.146,1,-7.37517,-3.37491,2.87497,3.5332e-06,-3.22763e-05,-5.2926e-05,0.00019673,0,0,0
28.146,2,-3.37548,-7.37539,2.87465,4.42599e-05,2.32293e-05,3.43891e-05,0.000711577,0,0,0
28.146,3,0,0,0,0,0,0,0,0,0,0
28.146,4,0,0,0,0,0,0,0,0,0,0
28.146,5,0,0,0,0,0,0,0,0,0,0
28.1988,0,-4.20359,-4.20581,6.8755,-0.191429,-0.19679,0.000667198,4.52151,0,0,0
28.1988,1,-7.37517,-3.37491,2.87496,5.03036e-06,-2.96219e-05,-4.96849e-05,0.000196118,0,0,0
28.1988,2,-3.37548,-7.37539,2.87465,4.58134e-05,2.51099e-05,3.42024e-05,0.000711577,0,0,0
28.1988,3,0,0,0,0,0,0,0,0,0,0
28.1988,4,0,0,0,0,0,0,0,0,0,0
28.1988,5,0,0,0,0,0,0,0,0,0,0
28.2546,0,-4.23144,-4.23395,6.88372,-0.252625,-0.260333,-0.0351644,4.52151,0,0,0
28.2546,1,-7.37517,-3.37491,2.87496,3.96694e-06,-2.73155e-05,-5.04433e-05,0.000196118,0,0,0
28.2546,2,-3.37548,-7.37539,2.87465,4.68711e-05,2.52826e-05,3.40164e-05,0.000705168,0,0,0
28.2546,3,0,0,0,0,0,0,0,0,0,0
28.2546,4,0,0,0,0,0,0,0,0,0,0
28.2546,5,0,0,0,0,0,0,0,0,0,0
28.3064,0,-4.24928,-4.25168,6.91683,-0.306927,-0.315802,-0.0966366,4.4439,0,0,0
28.3064,1,-7.37517,-3.37492,2.87496,7.61441e-06,-2.86255e-05,-4.7197e-05,0.000196565,0,0,0
28.3064,2,-3.37547,-7.37538,2.87465,4.55129e-05,2.63246e-05,3.35211e-05,0.000705168,0,0,0
28.3064,3,0,0,0,0,0,0,0,0,0,0
28.3064,4,0,0,0,0,0,0,0,0,0,0
28.3064,5,0,0,0,0,0,0,0,0,0,0
28.3618,0,-4.27931,-4.28188,6.93519,-0.352663,-0.361955,-0.135214,4.4439,0,0,0
28.3618,1,-7.37517,-3.37492,2.87496,5.3711e-06,-2.7246e-05,-4.68729e-05,0.000196565,0,0,0
28.3618,2,-3.37547,-7.37538,2.87465,4.85852e-05,2.72088e-05,3.28723e-05,0.000699044,0,0,0
28.3618,3,0,0,0,0,0,0,0,0,0,0
28.3618,4,0,0,0,0,0,0,0,0,0,0
28.3618,5,0,0,0,0,0,0,0,0,0,0
28.414,0,-4.29702,-4.29966,6.93698,-0.36044,-0.366547,-0.148285,4.37656,0,0,0
28.414,1,-7.37517,-3.37492,2.87495,7.55948e-06,-2.87158e-05,-4.56538e-05,0.000196375,0,0,0
28.414,2,-3.37547,-7.37538,2.87465,4.92723e-05,2.92272e-05,3.24063e-05,0.000699044,0,0,0
28.414,3,0,0,0,0,0,0,0,0,0,0
28.414,4,0,0,0,0,0,0,0,0,0,0
28.414,5,0,0,0,0,0,0,0,0,0,0
28.4641,0,-4.31124,-4.31391,6.96617,-0.351137,-0.355797,-0.170758,4.37656,0,0,0
28.4641,1,-7.37517,-3.37492,2.87495,1.03668e-05,-2.67146e-05,-4.43567e-05,0.000196375,0,0,0
28.4641,2,-3.37547,-7.37538,2.87466,4.63908e-05,2.78697e-05,3.19115e-05,0.000693936,0,0,0
28.4641,3,0,0,0,0,0,0,0,0,0,0
28.4641,4,0,0,0,0,0,0,0,0,0,0
28.4641,5,0,0,0,0,0,0,0,0,0,0
28.5161,0,-4.32503,-4.32769,6.98233,-0.341608,-0.341466,-0.191822,4.33188,0,0,0
28.5161,1,-7.37517,-3.37492,2.87495,8.75465e-06,-2.76834e-05,-4.33389e-05,0.000194709,0,0,0
28.5161,2,-3.37546,-7.37538,2.87466,4.81772e-05,2.85978e-05,3.166e-05,0.000693936,0,0,0
28.5161,3,0,0,0,0,0,0,0,0,0,0
28.5161,4,0,0,0,0,0,0,0,0,0,0
28.5161,5,0,0,0,0,0,0,0,0,0,0
28.5808,0,-4.33279,-4.33551,6.93549,-0.312129,-0.309696,-0.201427,4.33188,0,0,0
28.5808,1,-7.37517,-3.37493,2.87495,1.14126e-05,-2.58047e-05,-4.21748e-05,0.000194709,0,0,0
28.5808,2,-3.37546,-7.37538,2.87466,4.76125e-05,2.79887e-05,3.15574e-05,0.00068773,0,0,0
28.5808,3,0,0,0,0,0,0,0,0,0,0
28.5808,4,0,0,0,0,0,0,0,0,0,0
28.5808,5,0,0,0,0,0,0,0,0,0,0
28.6367,0,-4.33474,-4.33724,6.87563,-0.26986,-0.266081,-0.198031,4.30084,0,0,0
28.6367,1,-7.37517,-3.37493,2.87494,1.26951e-05,-2.557e-05,-4.04188e-05,0.000194415,0,0,0
28.6367,2,-3.37546,-7.37538,2.87466,4.47432e-05,2.83846e-05,3.15037e-05,0.00068773,0,0,0
28.6367,3,0,0,0,0,0,0,0,0,0,0
28.6367,4,0,0,0,0,0,0,0,0,0,0
28.6367,5,0,0,0,0,0,0,0,0,0,0
28.6923,0,-4.32793,-4.33032,6.79331,-0.208394,-0.20548,-0.174758,4.30084,0,0,0
28.6923,1,-7.37517,-3.37493,2.87494,1.27903e-05,-2.42276e-05,-3.92747e-05,0.000194214,0,0,0
28.6923,2,-3.37546,-7.37538,2.87466,4.30295e-05,2.7665e-05,3.15491e-05,5.65736,0,0,0
28.6923,3,0,0,0,0,0,0,0,0,0,0
28.6923,4,0,0,0,0,0,0,0,0,0,0
28.6923,5,0,0,0,0,0,0,0,0,0,0
28.7483,0,-4.32018,-4.32244,6.74579,-0.147425,-0.145709,-0.151943,5.05285,0,0,0
28.7483,1,-7.37517,-3.37493,2.87494,1.18794e-05,-2.4505e-05,-3.77104e-05,0.000194214,0,0,0
28.7483,2,-3.37546,-7.37538,2.87466,4.17064e-05,2.80215e-05,3.17021e-05,5.65736,0,0,0
28.7483,3,0,0,0,0,0,0,0,0,0,0
28.7483,4,0,0,0,0,0,0,0,0,0,0
28.7483,5,0,0,0,0,0,0,0,0,0,0
28.8136,0,-4.303,-4.30518,6.74061,-0.0748091,-0.0745679,-0.10246,5.05285,0,0,0
28.8136,1,-7.37517,-3.37493,2.87494,1.27965e-05,-2.12271e-05,-3.62117e-05,0.00019451,0,0,0
28.8136,2,-3.37545,-7.37537,2.87467,4.51849e-05,2.94943e-05,3.17779e-05,5.65736,0,0,0
28.8136,3,0,0,0,0,0,0,0,0,0,0
28.8136,4,0,0,0,0,0,0,0,0,0,0
28.8136,5,0,0,0,0,0,0,0,0,0,0
28.869,0,-4.28435,-4.28642,6.79875,-0.00412146,-0.00370827,-0.0205291,5.02274,0,0,0
28.869,1,-7.37517,-3.37493,2.87494,1.19262e-05,-2.20961e-05,-3.51414e-05,0.00019451,0,0,0
28.869,2,-3.37545,-7.37537,2.87467,4.7597e-05,3.1447e-05,3.18218e-05,5.65736,0,0,0
28.869,3,0,0,0,0,0,0,0,0,0,0
28.869,4,0,0,0,0,0,0,0,0,0,0
28.869,5,0,0,0,0,0,0,0,0,0,0
28.9268,0,-4.26543,-4.26743,6.84975,0.0640634,0.0657094,0.0256484,5.02274,0,0,0
28.9268,1,-7.37517,-3.37493,2.87494,1.32455e-05,-2.32771e-05,-3.37028e-05,0.000194587,0,0,0
28.9268,2,-3.37545,-7.37537,2.87475,5.30733e-05,2.01348e-05,0.00315089,5.65677,0,0,0
28.9268,3,0,0,0,0,0,0,0,0,0,0
28.9268,4,0,0,0,0,0,0,0,0,0,0
28.9268,5,0,0,0,0,0,0,0,0,0,0
28.9823,0,-4.2485,-4.25047,6.86844,0.116913,0.119719,0.0253499,1.26092,0,0,0
28.9823,1,-7.37517,-3.37494,2.87493,1.65026e-05,-2.1482e-05,-3.29264e-05,0.000194587,0,0,0
28.9823,2,-3.37549,-7.37522,2.8753,-0.000141187,0.000244695,0.0181566,5.65677,0,0,0
28.9823,3,0,0,0,0,0,0,0,0,0,0
28.9823,4,0,0,0,0,0,0,0,0,0,0
28.9823,5,0,0,0,0,0,0,0,0,0,0
29.0377,0,-4.23092,-4.23287,6.88409,0.1651,0.168772,0.0167282,1.26092,0,0,0
29.0377,1,-7.37517,-3.37494,2.87493,1.54131e-05,-2.00029e-05,-3.18931e-05,0.000193454,0,0,0
29.0377,2,-3.37561,-7.3747,2.87678,-0.000639183,0.000930713,0.0398992,5.6563,0,0,0
29.0377,3,0,0,0,0,0,0,0,0,0,0
29.0377,4,0,0,0,0,0,0,0,0,0,0
29.0377,5,0,0,0,0,0,0,0,0,0,0
29.0955,0,-4.21313,-4.2151,6.89283,0.207784,0.211515,0.00978874,1.21187,0,0,0
29.0955,1,-7.37517,-3.37494,2.87493,1.48292e-05,-2.05859e-05,-3.0873e-05,0.000193454,0,0,0
29.0955,2,-3.37583,-7.3734,2.87966,-0.0014842,0.00294601,0.0685903,5.6563,0,0,0
29.0955,3,0,0,0,0,0,0,0,0,0,0
29.0955,4,0,0,0,0,0,0,0,0,0,0
29.0955,5,0,0,0,0,0,0,0,0,0,0
29.1517,0,-4.19762,-4.19969,6.90151,0.231616,0.233221,-0.00437304,1.21187,0,0,0
29.1517,1,-7.37517,-3.37494,2.87493,1.59566e-05,-1.82244e-05,-2.9204e-05,0.000193271,0,0,0
29.1517,2,-3.37521,-7.37236,2.88401,0.00182493,0.00115088,0.1065,5.65297,0,0,0
29.1517,3,0,0,0,0,0,0,0,0,0,0
29.1517,4,0,0,0,0,0,0,0,0,0,0
29.1517,5,0,0,0,0,0,0,0,0,0,0
29.217,0,-4.19053,-4.19274,6.91037,0.225191,0.22458,-0.0112782,1.16512,0,0,0
29.217,1,-7.37517,-3.37494,2.87493,1.76828e-05,-1.91869e-05,-2.79556e-05,0.000193271,0,0,0
29.217,2,-3.37612,-7.36886,2.89718,0.0020058,0.00554569,0.153499,5.65297,0,0,0
29.217,3,0,0,0,0,0,0,0,0,0,0
29.217,4,0,0,0,0,0,0,0,0,0,0
29.217,5,0,0,0,0,0,0,0,0,0,0
29.2752,0,-4.18931,-4.19174,6.90645,0.196125,0.192441,-0.0273771,1.16512,0,0,0
29.2752,1,-7.37517,-3.37494,2.87492,1.6452e-05,-1.89318e-05,-2.57908e-05,0.00019335,0,0,0
29.2752,2,-3.37729,-7.36351,2.90608,0.0016438,0.0166256,0.195117,5.6404,0,0,0
29.2752,3,0,0,0,0,0,0,0,0,0,0
29.2752,4,0,0,0,0,0,0,0,0,0,0
29.2752,5,0,0,0,0,0,0,0,0,0,0
29.3282,0,-4.19065,-4.19389,6.89585,0.164288,0.157065,-0.0281623,1.15376,0,0,0
29.3282,1,-7.37517,-3.37494,2.87492,1.6452e-05,-1.89318e-05,-2.57908e-05,0.00019335,0,0,0
29.3282,2,-3.37422,-7.35816,2.92478,0.0251023,0.0223479,0.259077,5.6404,0,0,0
29.3282,3,0,0,0,0,0,0,0,0,0,0
29.3282,4,0,0,0,0,0,0,0,0,0,0
29.3282,5,0,0,0,0,0,0,0,0,0,0
29.3814,0,-4.20091,-4.20476,6.88947,0.0975761,0.0837057,-0.0540816,1.15376,0,0,0
29.3814,1,-7.37517,-3.37495,2.87492,1.72641e-05,-1.64992e-05,-2.48758e-05,0.000192157,0,0,0
29.3814,2,-3.38632,-7.33695,2.93754,-0.0021007,0.0860846,0.318879,5.62234,0,0,0
29.3814,3,0,0,0,0,0,0,0,0,0,0
29.3814,4,0,0,0,0,0,0,0,0,0,0
29.3814,5,0,0,0,0,0,0,0,0,0,0
29.4367,0,-4.21611,-4.22418,6.88659,0.0247987,-0.00181315,-0.0630641,1.17082,0,0,0
29.4367,1,-7.37517,-3.37495,2.87492,1.68776e-05,-1.6829e-05,-2.16961e-05,0.000192157,0,0,0
29.4367,2,-3.3936,-7.32151,2.94038,-0.0141356,0.126077,0.365143,5.62234,0,0,0
29.4367,3,0,0,0,0,0,0,0,0,0,0
29.4367,4,0,0,0,0,0,0,0,0,0,0
29.4367,5,0,0,0,0,0,0,0,0,0,0
29.4948,0,-4.23933,-4.25315,6.87682,-0.0632179,-0.112045,-0.0722565,1.17082,0,0,0
29.4948,1,-7.37517,-3.37495,2.87492,1.81509e-05,-1.67036e-05,-2.19957e-05,0.000192481,0,0,0
29.4948,2,-3.40167,-7.30749,2.95803,-0.0206957,0.161548,0.410851,5.59782,0,0,0
29.4948,3,0,0,0,0,0,0,0,0,0,0
29.4948,4,0,0,0,0,0,0,0,0,0,0
29.4948,5,0,0,0,0,0,0,0,0,0,0
29.5654,0,-4.26366,-4.28925,6.86791,-0.140947,-0.237861,-0.102722,1.23215,0,0,0
29.5654,1,-7.37516,-3.37495,2.87492,1.86601e-05,-1.49293e-05,-2.10357e-05,0.000192481,0,0,0
29.5654,2,-3.40974,-7.29675,2.97889,-0.0203521,0.190302,0.450144,5.59782,0,0,0
29.5654,3,0,0,0,0,0,0,0,0,0,0
29.5654,4,0,0,0,0,0,0,0,0,0,0
29.5654,5,0,0,0,0,0,0,0,0,0,0
29.626,0,-4.28925,-4.33304,6.85413,-0.204568,-0.358185,-0.0840935,1.23215,0,0,0
29.626,1,-7.37516,-3.37495,2.87492,2.01185e-05,-1.57445e-05,-2.03952e-05,0.000190675,0,0,0
29.626,2,-3.44383,-7.26361,3.03124,-0.0957828,0.299911,0.581648,5.55959,0,0,0
29.626,3,0,0,0,0,0,0,0,0,0,0
29.626,4,0,0,0,0,0,0,0,0,0,0
29.626,5,0,0,0,0,0,0,0,0,0,0
29.6813,0,-4.31634,-4.38337,6.84247,-0.257425,-0.487261,-0.100242,1.32443,0,0,0
29.6813,1,-7.37516,-3.37495,2.87492,1.90506e-05,-1.60265e-05,-1.99422e-05,0.000190675,0,0,0
29.6813,2,-3.46538,-7.25039,3.06604,-0.115443,0.329226,0.639317,5.55959,0,0,0
29.6813,3,0,0,0,0,0,0,0,0,0,0
29.6813,4,0,0,0,0,0,0,0,0,0,0
29.6813,5,0,0,0,0,0,0,0,0,0,0
29.7368,0,-4.35098,-4.44762,6.84914,-0.319579,-0.637881,-0.1249,1.45042,0,0,0
29.7368,1,-7.37516,-3.37495,2.87491,1.93876e-05,-1.54988e-05,-1.9759e-05,0.000190734,0,0,0
29.7368,2,-3.49323,-7.2309,3.09078,-0.158836,0.371414,0.671896,5.45975,0,0,0
29.7368,3,0,0,0,0,0,0,0,0,0,0
29.7368,4,0,0,0,0,0,0,0,0,0,0
29.7368,5,0,0,0,0,0,0,0,0,0,0
29.7929,0,-4.37788,-4.51872,6.82482,-0.340091,-0.790771,-0.165024,1.45042,0,0,0
29.7929,1,-7.37516,-3.37495,2.87491,1.93903e-05,-1.47581e-05,-1.95219e-05,0.000190734,0,0,0
29.7929,2,-3.54672,-7.21175,3.12768,-0.276807,0.420841,0.770392,5.45975,0,0,0
29.7929,3,0,0,0,0,0,0,0,0,0,0
29.7929,4,0,0,0,0,0,0,0,0,0,0
29.7929,5,0,0,0,0,0,0,0,0,0,0
29.8508,0,-4.40404,-4.59143,6.81287,-0.355322,-0.917836,-0.220638,1.59452,0,0,0
29.8508,1,-7.37516,-3.37495,2.87491,1.88358e-05,-1.32375e-05,-1.92144e-05,0.000189828,0,0,0
29.8508,2,-3.57879,-7.20143,3.17121,-0.302294,0.420081,0.827254,5.35955,0,0,0
29.8508,3,0,0,0,0,0,0,0,0,0,0
29.8508,4,0,0,0,0,0,0,0,0,0,0
29.8508,5,0,0,0,0,0,0,0,0,0,0
29.9009,0,-4.41887,-4.66956,6.80766,-0.327053,-1.04364,-0.26836,1.59452,0,0,0
29.9009,1,-7.37516,-3.37495,2.87491,2.06743e-05,-1.38802e-05,-1.77524e-05,0.000189828,0,0,0
29.9009,2,-3.64242,-7.19209,3.20733,-0.431719,0.420809,0.904083,5.35955,0,0,0
29.9009,3,0,0,0,0,0,0,0,0,0,0
29.9009,4,0,0,0,0,0,0,0,0,0,0
29.9009,5,0,0,0,0,0,0,0,0,0,0
29.9571,0,-4.43917,-4.73683,6.82383,-0.326728,-1.10621,-0.318544,1.72906,0,0,0
29.9571,1,-7.37516,-3.37496,2.87491,2.05543e-05,-1.32668e-05,-1.86689e-05,0.000188415,0,0,0
29.9571,2,-3.71023,-7.18472,3.25617,-0.558546,0.407164,0.989451,5.23616,0,0,0
29.9571,3,0,0,0,0,0,0,0,0,0,0
29.9571,4,0,0,0,0,0,0,0,0,0,0
29.9571,5,0,0,0,0,0,0,0,0,0,0
30.0136,0,-4.44842,-4.82261,6.82016,-0.305239,-1.19446,-0.241783,1.72906,0,0,0
30.0136,1,-7.37516,-3.37496,2.87491,1.94992e-05,-1.23712e-05,-1.83091e-05,0.000188415,0,0,0
30.0136,2,-3.76134,-7.1786,3.30805,-0.624996,0.375946,1.04256,5.08136,0,0,0
30.0136,3,0,0,0,0,0,0,0,0,0,0
30.0136,4,0,0,0,0,0,0,0,0,0,0
30.0136,5,0,0,0,0,0,0,0,0,0,0
30.0748,0,-4.44885,-4.89127,6.81514,-0.257137,-1.24441,-0.251766,4.77983,0,0,0
30.0748,1,-7.37516,-3.37496,2.87491,2.02047e-05,-1.28109e-05,-1.75691e-05,0.000188178,0,0,0
30.0748,2,-3.82451,-7.19213,3.35146,-0.726606,0.282263,1.09336,5.08136,0,0,0
30.0748,3,0,0,0,0,0,0,0,0,0,0
30.0748,4,0,0,0,0,0,0,0,0,0,0
30.0748,5,0,0,0,0,0,0,0,0,0,0
30.1256,0,-4.44116,-4.96925,6.81976,-0.189286,-1.30881,-0.264076,4.77983,0,0,0
30.1256,1,-7.37516,-3.37496,2.87491,2.12848e-05,-1.34118e-05,-1.68868e-05,0.000188178,0,0,0
30.1256,2,-3.92748,-7.1959,3.40185,-0.964788,0.238577,1.15962,5.08136,0,0,0
30.1256,3,0,0,0,0,0,0,0,0,0,0
30.1256,4,0,0,0,0,0,0,0,0,0,0
30.1256,5,0,0,0,0,0,0,0,0,0,0
30.1934,0,-4.42308,-5.05378,6.81942,-0.0983806,-1.38054,-0.261057,4.74188,0,0,0
30.1934,1,-7.37516,-3.37496,2.87491,2.10989e-05,-1.3597e-05,-1.64798e-05,0.000186743,0,0,0
30.1934,2,-4.02127,-7.20086,3.46161,-1.15124,0.179693,1.20156,4.89696,0,0,0
30.1934,3,0,0,0,0,0,0,0,0,0,0
30.1934,4,0,0,0,0,0,0,0,0,0,0
30.1934,5,0,0,0,0,0,0,0,0,0,0
30.2478,0,-4.41926,-5.07933,6.81798,-0.0822158,-1.26153,-0.243189,4.74188,0,0,0
30.2478,1,-7.37516,-3.37496,2.87491,2.41196e-05,-1.59336e-05,-1.57837e-05,0.000186743,0,0,0
30.2478,2,-4.08631,-7.22032,3.51683,-1.22634,0.0698328,1.20437,4.70284,0,0,0
30.2478,3,0,0,0,0,0,0,0,0,0,0
30.2478,4,0,0,0,0,0,0,0,0,0,0
30.2478,5,0,0,0,0,0,0,0,0,0,0
30.3117,0,-4.3983,-5.11662,6.82201,-0.00215239,-1.20084,-0.247199,4.68056,0,0,0
30.3117,1,-7.37515,-3.37496,2.87491,2.37667e-05,-1.50399e-05,-1.51948e-05,0.000185683,0,0,0
30.3117,2,-4.18496,-7.22604,3.57576,-1.43402,0.0263566,1.1787,4.70284,0,0,0
30.3117,3,0,0,0,0,0,0,0,0,0,0
30.3117,4,0,0,0,0,0,0,0,0,0,0
30.3117,5,0,0,0,0,0,0,0,0,0,0
30.3644,0,-4.35265,-5.18301,6.83204,0.159457,-1.2546,-0.26054,4.68056,0,0,0
30.3644,1,-7.37515,-3.37496,2.8749,2.39953e-05,-1.47436e-05,-1.45177e-05,0.000185683,0,0,0
30.3644,2,-4.28645,-7.23345,3.63818,-1.61578,-0.0169497,1.14976,4.47618,0,0,0
30.3644,3,0,0,0,0,0,0,0,0,0,0
30.3644,4,0,0,0,0,0,0,0,0,0,0
30.3644,5,0,0,0,0,0,0,0,0,0,0
30.4249,0,-4.32338,-5.20621,6.8351,0.236159,-1.14012,-0.256919,4.62804,0,0,0
30.4249,1,-7.37515,-3.37496,2.8749,2.47085e-05,-1.47329e-05,-1.39049e-05,0.000184324,0,0,0
30.4249,2,-4.36211,-7.24627,3.69844,-1.67836,-0.0709706,1.11878,4.47618,0,0,0
30.4249,3,0,0,0,0,0,0,0,0,0,0
30.4249,4,0,0,0,0,0,0,0,0,0,0
30.4249,5,0,0,0,0,0,0,0,0,0,0
30.4789,0,-4.29068,-5.24606,6.83862,0.31576,-1.07333,-0.284219,4.62804,0,0,0
30.4789,1,-7.37515,-3.37496,2.8749,2.38489e-05,-1.34955e-05,-1.33306e-05,0.000184324,0,0,0
30.4789,2,-4.46437,-7.25499,3.75971,-1.81562,-0.0947209,1.08756,4.26512,0,0,0
30.4789,3,0,0,0,0,0,0,0,0,0,0
30.4789,4,0,0,0,0,0,0,0,0,0,0
30.4789,5,0,0,0,0,0,0,0,0,0,0
30.5291,0,-4.24615,-5.26466,6.84326,0.419382,-0.961049,-0.279588,4.59142,0,0,0
30.5291,1,-7.37515,-3.37496,2.8749,2.36576e-05,-1.32151e-05,-1.27432e-05,0.000183128,0,0,0
30.5291,2,-4.54972,-7.26382,3.83203,-1.85604,-0.118466,1.07266,4.26512,0,0,0
30.5291,3,0,0,0,0,0,0,0,0,0,0
30.5291,4,0,0,0,0,0,0,0,0,0,0
30.5291,5,0,0,0,0,0,0,0,0,0,0
30.5976,0,-4.20483,-5.26709,6.84803,0.499639,-0.80792,-0.274535,4.59142,0,0,0
30.5976,1,-7.37515,-3.37496,2.8749,2.30639e-05,-1.23762e-05,-1.22322e-05,0.000183128,0,0,0
30.5976,2,-4.63683,-7.27617,3.89904,-1.87369,-0.144422,1.03568,4.04521,0,0,0
30.5976,3,0,0,0,0,0,0,0,0,0,0
30.5976,4,0,0,0,0,0,0,0,0,0,0
30.5976,5,0,0,0,0,0,0,0,0,0,0
30.6479,0,-4.16398,-5.2608,6.84293,0.563741,-0.639407,-0.275765,4.5735,0,0,0
30.6479,1,-7.37515,-3.37497,2.8749,2.47294e-05,-1.34202e-05,-1.15713e-05,0.000181982,0,0,0
30.6479,2,-4.72522,-7.27776,3.95726,-1.9238,-0.127971,1.00375,4.04521,0,0,0
30.6479,3,0,0,0,0,0,0,0,0,0,0
30.6479,4,0,0,0,0,0,0,0,0,0,0
30.6479,5,0,0,0,0,0,0,0,0,0,0
30.698,0,-4.13774,-5.2552,6.83369,0.565509,-0.496061,-0.248351,4.5735,0,0,0
30.698,1,-7.37515,-3.37497,2.8749,2.47294e-05,-1.34202e-05,-1.15713e-05,0.000181982,0,0,0
30.698,2,-4.77749,-7.28802,4.02448,-1.83452,-0.150228,0.983468,3.85747,0,0,0
30.698,3,0,0,0,0,0,0,0,0,0,0
30.698,4,0,0,0,0,0,0,0,0,0,0
30.698,5,0,0,0,0,0,0,0,0,0,0
30.7555,0,-4.10343,-5.23515,6.82117,0.589378,-0.32372,-0.252028,4.55484,0,0,0
30.7555,1,-7.37515,-3.37497,2.8749,2.35395e-05,-1.16723e-05,-1.07363e-05,0.000180356,0,0,0
30.7555,2,-4.8691,-7.28555,4.08474,-1.89027,-0.111058,0.957213,3.85747,0,0,0
30.7555,3,0,0,0,0,0,0,0,0,0,0
30.7555,4,0,0,0,0,0,0,0,0,0,0
30.7555,5,0,0,0,0,0,0,0,0,0,0
30.8113,0,-4.10343,-5.23515,6.82117,0.589378,-0.32372,-0.252028,4.55484,0,0,0
30.8113,1,-7.37514,-3.37497,2.8749,2.52725e-05,-1.26208e-05,-1.01351e-05,0.000180356,0,0,0
30.8113,2,-4.93804,-7.29088,4.14295,-1.84658,-0.110771,0.945052,3.66196,0,0,0
30.8113,3,0,0,0,0,0,0,0,0,0,0
30.8113,4,0,0,0,0,0,0,0,0,0,0
30.8113,5,0,0,0,0,0,0,0,0,0,0
30.8646,0,-4.03869,-5.17781,6.7606,0.604959,0.00609821,-0.288481,1.96129,0,0,0
30.8646,1,-7.37514,-3.37497,2.8749,2.37875e-05,-1.1115e-05,-9.73724e-06,0.000178768,0,0,0
30.8646,2,-4.98171,-7.29781,4.19192,-1.72615,-0.120524,0.939582,3.66196,0,0,0
30.8646,3,0,0,0,0,0,0,0,0,0,0
30.8646,4,0,0,0,0,0,0,0,0,0,0
30.8646,5,0,0,0,0,0,0,0,0,0,0
30.9258,0,-4.03869,-5.17781,6.7606,0.604959,0.00609821,-0.288481,1.96129,0,0,0
30.9258,1,-7.37514,-3.37497,2.8749,2.59687e-05,-1.21952e-05,-9.2302e-06,0.000178768,0,0,0
30.9258,2,-5.05327,-7.29918,4.25238,-1.70954,-0.105009,0.933543,3.50347,0,0,0
30.9258,3,0,0,0,0,0,0,0,0,0,0
30.9258,4,0,0,0,0,0,0,0,0,0,0
30.9258,5,0,0,0,0,0,0,0,0,0,0
30.976,0,-4.01616,-5.14219,6.73153,0.569541,0.155532,-0.335663,1.88537,0,0,0
30.976,1,-7.37514,-3.37497,2.8749,2.50945e-05,-1.12953e-05,-8.84288e-06,0.000177129,0,0,0
30.976,2,-5.12884,-7.30893,4.30723,-1.67567,-0.121773,0.932017,3.50347,0,0,0
30.976,3,0,0,0,0,0,0,0,0,0,0
30.976,4,0,0,0,0,0,0,0,0,0,0
30.976,5,0,0,0,0,0,0,0,0,0,0
31.0339,0,-3.97271,-5.0672,6.78586,0.531485,0.355634,-0.452239,1.88537,0,0,0
31.0339,1,-7.37514,-3.37497,2.8749,2.59239e-05,-1.15265e-05,-8.40145e-06,0.000177129,0,0,0
31.0339,2,-5.17486,-7.31326,4.35752,-1.57456,-0.124648,0.923208,3.34397,0,0,0
31.0339,3,0,0,0,0,0,0,0,0,0,0
31.0339,4,0,0,0,0,0,0,0,0,0,0
31.0339,5,0,0,0,0,0,0,0,0,0,0
31.0896,0,-3.96057,-5.01928,6.77531,0.48649,0.465651,-0.495123,1.79687,0,0,0
31.0896,1,-7.37514,-3.37497,2.8749,2.51358e-05,-1.05944e-05,-8.04002e-06,5.65697,0,0,0
31.0896,2,-5.22694,-7.31542,4.41726,-1.51048,-0.119489,0.900342,3.34397,0,0,0
31.0896,3,0,0,0,0,0,0,0,0,0,0
31.0896,4,0,0,0,0,0,0,0,0,0,0
31.0896,5,0,0,0,0,0,0,0,0,0,0
31.15,0,-3.91973,-4.94549,6.74701,0.477034,0.559979,-0.556639,1.79687,0,0,0
31.15,1,-7.37514,-3.37497,2.87491,3.31319e-05,-1.84222e-05,0.000121157,5.65697,0,0,0
31.15,2,-5.27971,-7.32061,4.45847,-1.43314,-0.123607,0.904396,3.26469,0,0,0
31.15,3,0,0,0,0,0,0,0,0,0,0
31.15,4,0,0,0,0,0,0,0,0,0,0
31.15,5,0,0,0,0,0,0,0,0,0,0
31.2082,0,-3.91023,-4.90359,6.72463,0.441045,0.584075,-0.643191,1.66719,0,0,0
31.2082,1,-7.37508,-3.37503,2.87494,0.000230555,-0.000215928,0.000337573,5.65697,0,0,0
31.2082,2,-5.35421,-7.33256,4.50777,-1.4575,-0.147393,0.88756,3.26469,0,0,0
31.2082,3,0,0,0,0,0,0,0,0,0,0
31.2082,4,0,0,0,0,0,0,0,0,0,0
31.2082,5,0,0,0,0,0,0,0,0,0,0
31.2666,0,-3.90346,-4.86129,6.69896,0.397045,0.598119,-0.709667,1.66719,0,0,0
31.2666,1,-7.37478,-3.37533,2.87535,0.00128024,-0.00126668,0.00142302,5.65697,0,0,0
31.2666,2,-5.36741,-7.33636,4.55329,-1.2706,-0.155079,0.883648,3.11275,0,0,0
31.2666,3,0,0,0,0,0,0,0,0,0,0
31.2666,4,0,0,0,0,0,0,0,0,0,0
31.2666,5,0,0,0,0,0,0,0,0,0,0
31.3283,0,-3.91675,-4.87082,6.67509,0.357948,0.52429,-0.762698,1.58723,0,0,0
31.3283,1,-7.37326,-3.37685,2.87696,0.0063868,-0.00637556,0.00586994,5.65646,0,0,0
31.3283,2,-5.43379,-7.33489,4.61109,-1.28753,-0.129651,0.866406,3.11275,0,0,0
31.3283,3,0,0,0,0,0,0,0,0,0,0
31.3283,4,0,0,0,0,0,0,0,0,0,0
31.3283,5,0,0,0,0,0,0,0,0,0,0
31.3836,0,-3.89504,-4.81444,6.64934,0.327354,0.512824,-0.795045,1.58723,0,0,0
31.3836,1,-7.37052,-3.37959,2.87839,0.0149364,-0.0149173,0.0100762,5.65045,0,0,0
31.3836,2,-5.47085,-7.34742,4.65466,-1.17934,-0.161376,0.878678,2.98248,0,0,0
31.3836,3,0,0,0,0,0,0,0,0,0,0
31.3836,4,0,0,0,0,0,0,0,0,0,0
31.3836,5,0,0,0,0,0,0,0,0,0,0
31.4438,0,-3.89271,-4.82074,6.60355,0.305407,0.370815,-0.833263,1.54704,0,0,0
31.4438,1,-7.3642,-3.38593,2.8783,0.0349986,-0.0348767,0.020992,5.65045,0,0,0
31.4438,2,-5.53436,-7.34741,4.7025,-1.19598,-0.13675,0.863377,2.98248,0,0,0
31.4438,3,0,0,0,0,0,0,0,0,0,0
31.4438,4,0,0,0,0,0,0,0,0,0,0
31.4438,5,0,0,0,0,0,0,0,0,0,0
31.5016,0,-3.8863,-4.79542,6.56646,0.284591,0.362978,-0.857129,1.54704,0,0,0
31.5016,1,-7.35943,-3.39071,2.87685,0.0454997,-0.0452339,0.0305206,5.64149,0,0,0
31.5016,2,-5.58374,-7.35038,4.74997,-1.16885,-0.128147,0.844776,2.84754,0,0,0
31.5016,3,0,0,0,0,0,0,0,0,0,0
31.5016,4,0,0,0,0,0,0,0,0,0,0
31.5016,5,0,0,0,0,0,0,0,0,0,0
31.5603,0,-3.88455,-4.80521,6.53669,0.259359,0.273695,-0.83766,1.54085,0,0,0
31.5603,1,-7.3486,-3.40159,2.87906,0.0753165,-0.0744176,0.0506306,5.64149,0,0,0
31.5603,2,-5.62537,-7.36155,4.79462,-1.12361,-0.150029,0.820383,2.84754,0,0,0
31.5603,3,0,0,0,0,0,0,0,0,0,0
31.5603,4,0,0,0,0,0,0,0,0,0,0
31.5603,5,0,0,0,0,0,0,0,0,0,0
31.6125,0,-3.87407,-4.81405,6.50005,0.262748,0.194422,-0.82883,1.54085,0,0,0
31.6125,1,-7.32637,-3.42388,2.87914,0.141498,-0.138733,0.0886877,5.61939,0,0,0
31.6125,2,-5.66807,-7.36688,4.84422,-1.0846,-0.146921,0.808079,2.71834,0,0,0
31.6125,3,0,0,0,0,0,0,0,0,0,0
31.6125,4,0,0,0,0,0,0,0,0,0,0
31.6125,5,0,0,0,0,0,0,0,0,0,0
31.6683,0,-3.87323,-4.8643,6.49644,0.245644,0.0136924,-0.760379,1.56861,0,0,0
31.6683,1,-7.30476,-3.44558,2.88057,0.191509,-0.18627,0.123529,5.61939,0,0,0
31.6683,2,-5.7107,-7.37306,4.88515,-1.03916,-0.149852,0.799486,2.71834,0,0,0
31.6683,3,0,0,0,0,0,0,0,0,0,0
31.6683,4,0,0,0,0,0,0,0,0,0,0
31.6683,5,0,0,0,0,0,0,0,0,0,0
31.7247,0,-3.86247,-4.90619,6.42205,0.257872,-0.111691,-0.748616,1.56861,0,0,0
31.7247,1,-7.29267,-3.45773,2.8829,0.197762,-0.191068,0.136052,5.55728,0,0,0
31.7247,2,-5.75576,-7.37555,4.92283,-1.01895,-0.136946,0.790199,2.59411,0,0,0
31.7247,3,0,0,0,0,0,0,0,0,0,0
31.7247,4,0,0,0,0,0,0,0,0,0,0
31.7247,5,0,0,0,0,0,0,0,0,0,0
31.7852,0,-3.86287,-4.94214,6.36488,0.222155,-0.180008,-0.748777,1.66953,0,0,0
31.7852,1,-7.23798,-3.51254,2.88539,0.352326,-0.33774,0.218926,5.55728,0,0,0
31.7852,2,-5.79566,-7.38085,4.9635,-0.982946,-0.135393,0.780065,2.59411,0,0,0
31.7852,3,0,0,0,0,0,0,0,0,0,0
31.7852,4,0,0,0,0,0,0,0,0,0,0
31.7852,5,0,0,0,0,0,0,0,0,0,0
31.839,0,-3.84925,-4.98721,6.33883,0.240619,-0.2841,-0.697224,1.66953,0,0,0
31.839,1,-7.19824,-3.55238,2.88701,0.438871,-0.418582,0.265824,5.46272,0,0,0
31.839,2,-5.82127,-7.38608,5.00816,-0.902882,-0.13605,0.771032,2.47955,0,0,0
31.839,3,0,0,0,0,0,0,0,0,0,0
31.839,4,0,0,0,0,0,0,0,0,0,0
31.839,5,0,0,0,0,0,0,0,0,0,0
31.8942,0,-3.846,-5.0361,6.30283,0.219185,-0.370485,-0.677357,1.76397,0,0,0
31.8942,1,-7.15237,-3.59836,2.88644,0.534095,-0.506931,0.300885,5.46272,0,0,0
31.8942,2,-5.86811,-7.3865,5.05282,-0.904565,-0.113465,0.764906,2.47955,0,0,0
31.8942,3,0,0,0,0,0,0,0,0,0,0
31.8942,4,0,0,0,0,0,0,0,0,0,0
31.8942,5,0,0,0,0,0,0,0,0,0,0
31.9471,0,-3.83333,-5.08749,6.27372,0.227373,-0.456086,-0.647931,1.76397,0,0,0
31.9471,1,-7.12239,-3.62844,2.88759,0.555052,-0.526695,0.305103,5.3415,0,0,0
31.9471,2,-5.90533,-7.39154,5.09612,-0.869204,-0.111564,0.757837,2.36457,0,0,0
31.9471,3,0,0,0,0,0,0,0,0,0,0
31.9471,4,0,0,0,0,0,0,0,0,0,0
31.9471,5,0,0,0,0,0,0,0,0,0,0
32.0002,0,-3.833,-5.12235,6.24685,0.192989,-0.482564,-0.619225,1.87196,0,0,0
32.0002,1,-7.04251,-3.7084,2.88884,0.7536,-0.712922,0.387021,5.3415,0,0,0
32.0002,2,-5.94843,-7.39785,5.13046,-0.866318,-0.113492,0.751446,2.36457,0,0,0
32.0002,3,0,0,0,0,0,0,0,0,0,0
32.0002,4,0,0,0,0,0,0,0,0,0,0
32.0002,5,0,0,0,0,0,0,0,0,0,0
32.0536,0,-3.82027,-5.17052,6.2214,0.198799,-0.540875,-0.598998,1.87196,0,0,0
32.0536,1,-6.97874,-3.77226,2.88929,0.863253,-0.818176,0.419529,5.09577,0,0,0
32.0536,2,-5.95681,-7.3991,5.16635,-0.746579,-0.102927,0.736828,2.25367,0,0,0
32.0536,3,0,0,0,0,0,0,0,0,0,0
32.0536,4,0,0,0,0,0,0,0,0,0,0
32.0536,5,0,0,0,0,0,0,0,0,0,0
32.1038,0,-3.81007,-5.21528,6.19598,0.203724,-0.590159,-0.548143,1.96197,0,0,0
32.1038,1,-6.93346,-3.81761,2.87506,0.90691,-0.86362,0.35752,5.09577,0,0,0
32.1038,2,-5.98934,-7.40109,5.208,-0.701504,-0.0902817,0.721195,2.25367,0,0,0
32.1038,3,0,0,0,0,0,0,0,0,0,0
32.1038,4,0,0,0,0,0,0,0,0,0,0
32.1038,5,0,0,0,0,0,0,0,0,0,0
32.1572,0,-3.80185,-5.25015,6.1755,0.196205,-0.603672,-0.518634,1.96197,0,0,0
32.1572,1,-6.83462,-3.91648,2.86772,1.11741,-1.06807,0.363706,5.03167,0,0,0
32.1572,2,-6.02693,-7.40303,5.24545,-0.692584,-0.0782064,0.718945,2.16786,0,0,0
32.1572,3,0,0,0,0,0,0,0,0,0,0
32.1572,4,0,0,0,0,0,0,0,0,0,0
32.1572,5,0,0,0,0,0,0,0,0,0,0
32.216,0,-3.79077,-5.28848,6.15594,0.195714,-0.613381,-0.527559,2.04638,0,0,0
32.216,1,-6.73954,-4.0116,2.87446,1.30024,-1.25746,0.332398,5.03167,0,0,0
32.216,2,-6.04838,-7.41282,5.27675,-0.636558,-0.100977,0.695237,2.16786,0,0,0
32.216,3,0,0,0,0,0,0,0,0,0,0
32.216,4,0,0,0,0,0,0,0,0,0,0
32.216,5,0,0,0,0,0,0,0,0,0,0
32.2662,0,-3.78174,-5.30469,6.16787,0.195677,-0.592212,-0.40158,2.04638,0,0,0
32.2662,1,-6.67353,-4.07765,2.8792,1.34233,-1.30811,0.290744,4.75737,0,0,0
32.2662,2,-6.0969,-7.40983,5.31539,-0.689921,-0.070372,0.667405,2.07744,0,0,0
32.2662,3,0,0,0,0,0,0,0,0,0,0
32.2662,4,0,0,0,0,0,0,0,0,0,0
32.2662,5,0,0,0,0,0,0,0,0,0,0
32.3316,0,-3.78174,-5.30469,6.16787,0.195677,-0.592212,-0.40158,5.24197,0,0,0
32.3316,1,-6.58829,-4.16289,2.88822,1.44575,-1.42255,0.133134,4.75737,0,0,0
32.3316,2,-6.13508,-7.42005,5.34911,-0.685655,-0.0940918,0.647577,2.07744,0,0,0
32.3316,3,0,0,0,0,0,0,0,0,0,0
32.3316,4,0,0,0,0,0,0,0,0,0,0
32.3316,5,0,0,0,0,0,0,0,0,0,0
32.3898,0,-3.75811,-5.34843,6.13533,0.198879,-0.550865,-0.301515,5.24197,0,0,0
32.3898,1,-6.50163,-4.24956,2.89311,1.51294,-1.5025,0.0191219,4.42092,0,0,0
32.3898,2,-6.172,-7.42408,5.38144,-0.691358,-0.0909634,0.622033,1.96667,0,0,0
32.3898,3,0,0,0,0,0,0,0,0,0,0
32.3898,4,0,0,0,0,0,0,0,0,0,0
32.3898,5,0,0,0,0,0,0,0,0,0,0
32.4424,0,-3.75739,-5.3195,6.11975,0.198517,-0.469707,-0.203667,5.25415,0,0,0
32.4424,1,-6.41742,-4.33379,2.89373,1.55249,-1.55612,-0.0901851,4.42092,0,0,0
32.4424,2,-6.2092,-7.42906,5.4125,-0.689433,-0.0923392,0.601066,1.96667,0,0,0
32.4424,3,0,0,0,0,0,0,0,0,0,0
32.4424,4,0,0,0,0,0,0,0,0,0,0
32.4424,5,0,0,0,0,0,0,0,0,0,0
32.5061,0,-3.7457,-5.31717,6.11504,0.196141,-0.389638,-0.114361,5.25415,0,0,0
32.5061,1,-6.31014,-4.44107,2.89466,1.66495,-1.67728,-0.246199,4.1501,0,0,0
32.5061,2,-6.23627,-7.43513,5.4445,-0.644377,-0.0989989,0.593563,1.87107,0,0,0
32.5061,3,0,0,0,0,0,0,0,0,0,0
32.5061,4,0,0,0,0,0,0,0,0,0,0
32.5061,5,0,0,0,0,0,0,0,0,0,0
32.56,0,-3.73759,-5.30611,6.11435,0.184941,-0.300963,-0.0326496,5.23848,0,0,0
32.56,1,-6.29349,-4.45767,2.89266,1.71764,-1.73028,-0.3504,4.1501,0,0,0
32.56,2,-6.25051,-7.43901,5.4732,-0.567871,-0.100943,0.580953,1.87107,0,0,0
32.56,3,0,0,0,0,0,0,0,0,0,0
32.56,4,0,0,0,0,0,0,0,0,0,0
32.56,5,0,0,0,0,0,0,0,0,0,0
32.6185,0,-3.72579,-5.28874,6.11712,0.186489,-0.204901,0.0561425,5.23848,0,0,0
32.6185,1,-6.22587,-4.52528,2.89256,1.65764,-1.67221,-0.377793,4.03096,0,0,0
32.6185,2,-6.27639,-7.43942,5.49361,-0.548024,-0.0876758,0.569117,1.79823,0,0,0
32.6185,3,0,0,0,0,0,0,0,0,0,0
32.6185,4,0,0,0,0,0,0,0,0,0,0
32.6185,5,0,0,0,0,0,0,0,0,0,0
32.6713,0,-3.71693,-5.25172,6.1212,0.173521,-0.0585407,0.161321,5.24314,0,0,0
32.6713,1,-6.12738,-4.62374,2.88979,1.7463,-1.75793,-0.443724,4.03096,0,0,0
32.6713,2,-6.31736,-7.45053,5.5334,-0.563442,-0.108522,0.562742,1.79823,0,0,0
32.6713,3,0,0,0,0,0,0,0,0,0,0
32.6713,4,0,0,0,0,0,0,0,0,0,0
32.6713,5,0,0,0,0,0,0,0,0,0,0
32.7366,0,-3.70072,-5.22011,6.13965,0.190519,0.0514397,0.244759,5.24314,0,0,0
32.7366,1,-6.06404,-4.68704,2.88692,1.69692,-1.70558,-0.415757,3.80213,0,0,0
32.7366,2,-6.35099,-7.45001,5.56191,-0.572964,-0.0884527,0.560618,1.71003,0,0,0
32.7366,3,0,0,0,0,0,0,0,0,0,0
32.7366,4,0,0,0,0,0,0,0,0,0,0
32.7366,5,0,0,0,0,0,0,0,0,0,0
32.8024,0,-3.69346,-5.16747,6.15471,0.169905,0.224222,0.330494,5.25002,0,0,0
32.8024,1,-5.97278,-4.77821,2.88515,1.75826,-1.76267,-0.405897,3.80213,0,0,0
32.8024,2,-6.38933,-7.45929,5.59159,-0.592406,-0.104441,0.552566,1.71003,0,0,0
32.8024,3,0,0,0,0,0,0,0,0,0,0
32.8024,4,0,0,0,0,0,0,0,0,0,0
32.8024,5,0,0,0,0,0,0,0,0,0,0
32.8614,0,-3.67887,-5.12178,6.16549,0.184793,0.359268,0.374195,5.25002,0,0,0
32.8614,1,-5.88595,-4.86496,2.88397,1.79188,-1.79534,-0.386043,3.55038,0,0,0
32.8614,2,-6.42467,-7.46559,5.61987,-0.603488,-0.109266,0.534619,1.62043,0,0,0
32.8614,3,0,0,0,0,0,0,0,0,0,0
32.8614,4,0,0,0,0,0,0,0,0,0,0
32.8614,5,0,0,0,0,0,0,0,0,0,0
32.918,0,-3.67095,-5.06177,6.17119,0.171322,0.532286,0.389552,5.24785,0,0,0
32.918,1,-5.8303,-4.92047,2.88331,1.68769,-1.68926,-0.365041,3.55038,0,0,0
32.918,2,-6.46236,-7.46961,5.6513,-0.627591,-0.105172,0.512704,1.62043,0,0,0
32.918,3,0,0,0,0,0,0,0,0,0,0
32.918,4,0,0,0,0,0,0,0,0,0,0
32.918,5,0,0,0,0,0,0,0,0,0,0
32.9734,0,-3.65724,-5.00104,6.19228,0.182872,0.686446,0.3974,5.24785,0,0,0
32.9734,1,-5.73706,-5.01354,2.88167,1.73669,-1.73705,-0.368282,3.47178,0,0,0
32.9734,2,-6.48792,-7.47618,5.67819,-0.599066,-0.112123,0.49506,1.52948,0,0,0
32.9734,3,0,0,0,0,0,0,0,0,0,0
32.9734,4,0,0,0,0,0,0,0,0,0,0
32.9734,5,0,0,0,0,0,0,0,0,0,0
33.0386,0,-3.64271,-4.93756,6.22974,0.194343,0.814985,0.404042,5.24119,0,0,0
33.0386,1,-5.68605,-5.06436,2.87993,1.59678,-1.59661,-0.309579,3.47178,0,0,0
33.0386,2,-6.51522,-7.48012,5.70388,-0.57619,-0.107574,0.481687,1.52948,0,0,0
33.0386,3,0,0,0,0,0,0,0,0,0,0
33.0386,4,0,0,0,0,0,0,0,0,0,0
33.0386,5,0,0,0,0,0,0,0,0,0,0
33.1017,0,-3.63805,-4.86316,6.24939,0.174612,0.98204,0.350081,5.24119,0,0,0
33.1017,1,-5.63658,-5.11354,2.8785,1.50908,-1.50794,-0.288992,3.19828,0,0,0
33.1017,2,-6.54079,-7.48285,5.72872,-0.560738,-0.101368,0.468701,1.45664,0,0,0
33.1017,3,0,0,0,0,0,0,0,0,0,0
33.1017,4,0,0,0,0,0,0,0,0,0,0
33.1017,5,0,0,0,0,0,0,0,0,0,0
33.1669,0,-3.61727,-4.81255,6.25283,0.222315,1.02726,0.259247,5.25033,0,0,0
33.1669,1,-5.5535,-5.19608,2.87559,1.55984,-1.55793,-0.272104,3.19828,0,0,0
33.1669,2,-6.56618,-7.48599,5.75318,-0.546709,-0.0970249,0.458922,1.38744,0,0,0
33.1669,3,0,0,0,0,0,0,0,0,0,0
33.1669,4,0,0,0,0,0,0,0,0,0,0
33.1669,5,0,0,0,0,0,0,0,0,0,0
33.221,0,-3.60948,-4.73604,6.29077,0.20965,1.15168,0.147532,5.26299,0,0,0
33.221,1,-5.49103,-5.25792,2.87365,1.51751,-1.52571,-0.25882,3.08117,0,0,0
33.221,2,-6.58951,-7.48766,5.77629,-0.527439,-0.0879923,0.45177,1.38744,0,0,0
33.221,3,0,0,0,0,0,0,0,0,0,0
33.221,4,0,0,0,0,0,0,0,0,0,0
33.221,5,0,0,0,0,0,0,0,0,0,0
33.2815,0,-3.59807,-4.68619,6.30747,0.22355,1.16937,0.115158,5.26299,0,0,0
33.2815,1,-5.44151,-5.30674,2.87151,1.42561,-1.43056,-0.258551,3.08117,0,0,0
33.2815,2,-6.61667,-7.48962,5.80532,-0.505271,-0.0784474,0.448237,1.31621,0,0,0
33.2815,3,0,0,0,0,0,0,0,0,0,0
33.2815,4,0,0,0,0,0,0,0,0,0,0
33.2815,5,0,0,0,0,0,0,0,0,0,0
33.3343,0,-3.59057,-4.62209,6.30829,0.205876,1.20705,0.0430673,5.25972,0,0,0
33.3343,1,-5.37773,-5.36936,2.86891,1.38935,-1.3905,-0.242149,2.92372,0,0,0
33.3343,2,-6.64137,-7.48997,5.82948,-0.497094,-0.0659142,0.449327,1.31621,0,0,0
33.3343,3,0,0,0,0,0,0,0,0,0,0
33.3343,4,0,0,0,0,0,0,0,0,0,0
33.3343,5,0,0,0,0,0,0,0,0,0,0
33.3909,0,-3.59088,-4.57606,6.32446,0.175165,1.19204,-0.0165931,5.25972,0,0,0
33.3909,1,-5.33639,-5.40928,2.86605,1.29942,-1.29563,-0.215483,2.92372,0,0,0
33.3909,2,-6.66145,-7.49042,5.85306,-0.473666,-0.0560773,0.451806,1.25174,0,0,0
33.3909,3,0,0,0,0,0,0,0,0,0,0
33.3909,4,0,0,0,0,0,0,0,0,0,0
33.3909,5,0,0,0,0,0,0,0,0,0,0
33.4437,0,-3.59365,-4.53285,6.33102,0.137541,1.16714,-0.0482979,5.25972,0,0,0
33.4437,1,-5.27658,-5.46719,2.86376,1.29064,-1.28181,-0.203807,2.7769,0,0,0
33.4437,2,-6.67478,-7.49227,5.87612,-0.428503,-0.0532491,0.45771,1.25174,0,0,0
33.4437,3,0,0,0,0,0,0,0,0,0,0
33.4437,4,0,0,0,0,0,0,0,0,0,0
33.4437,5,0,0,0,0,0,0,0,0,0,0
33.5063,0,-3.6015,-4.49459,6.33561,0.0856589,1.12691,-0.06909,5.25198,0,0,0
33.5063,1,-5.22818,-5.51333,2.86138,1.2302,-1.21583,-0.173795,2.7769,0,0,0
33.5063,2,-6.69668,-7.48822,5.90056,-0.420832,-0.0280609,0.46117,1.19267,0,0,0
33.5063,3,0,0,0,0,0,0,0,0,0,0
33.5063,4,0,0,0,0,0,0,0,0,0,0
33.5063,5,0,0,0,0,0,0,0,0,0,0
33.5615,0,-3.61006,-4.45627,6.3436,0.0360381,1.09174,-0.088359,5.25198,0,0,0
33.5615,1,-5.17232,-5.56693,2.85904,1.20553,-1.18624,-0.165034,2.62684,0,0,0
33.5615,2,-6.7131,-7.48676,5.92442,-0.392806,-0.0162518,0.465305,1.19267,0,0,0
33.5615,3,0,0,0,0,0,0,0,0,0,0
33.5615,4,0,0,0,0,0,0,0,0,0,0
33.5615,5,0,0,0,0,0,0,0,0,0,0
33.6176,0,-3.63338,-4.43113,6.34536,-0.0574498,1.00281,-0.0885328,5.23213,0,0,0
33.6176,1,-5.13608,-5.60144,2.85673,1.11208,-1.09017,-0.149488,2.62684,0,0,0
33.6176,2,-6.72597,-7.48564,5.94896,-0.350108,-0.0069973,0.465573,1.16371,0,0,0
33.6176,3,0,0,0,0,0,0,0,0,0,0
33.6176,4,0,0,0,0,0,0,0,0,0,0
33.6176,5,0,0,0,0,0,0,0,0,0,0
33.6759,0,-3.64617,-4.38384,6.34753,-0.100594,1.00455,-0.0971554,5.19427,0,0,0
33.6759,1,-5.10898,-5.62625,2.85542,0.990049,-0.96401,-0.130246,2.49945,0,0,0
33.6759,2,-6.74322,-7.48232,5.97757,-0.332392,0.00953538,0.460118,1.16371,0,0,0
33.6759,3,0,0,0,0,0,0,0,0,0,0
33.6759,4,0,0,0,0,0,0,0,0,0,0
33.6759,5,0,0,0,0,0,0,0,0,0,0
33.7288,0,-3.69622,-4.38907,6.34338,-0.260603,0.840405,-0.0734367,5.19427,0,0,0
33.7288,1,-5.04895,-5.68369,2.85385,1.00997,-0.979582,-0.107247,2.49945,0,0,0
33.7288,2,-6.7601,-7.4791,6.00195,-0.316798,0.0224821,0.453114,5.39118,0,0,0
33.7288,3,0,0,0,0,0,0,0,0,0,0
33.7288,4,0,0,0,0,0,0,0,0,0,0
33.7288,5,0,0,0,0,0,0,0,0,0,0
33.7816,0,-3.7398,-4.36268,6.33523,-0.399186,0.806931,-0.0948623,5.11502,0,0,0
33.7816,1,-4.99939,-5.73091,2.85313,0.978483,-0.945486,-0.0926261,2.37972,0,0,0
33.7816,2,-6.77116,-7.47695,6.02451,-0.284416,0.0285874,0.445062,5.39118,0,0,0
33.7816,3,0,0,0,0,0,0,0,0,0,0
33.7816,4,0,0,0,0,0,0,0,0,0,0
33.7816,5,0,0,0,0,0,0,0,0,0,0
33.838,0,-3.78761,-4.34717,6.32315,-0.525515,0.743293,-0.0932801,5.11502,0,0,0
33.838,1,-4.95155,-5.77676,2.85245,0.972099,-0.937196,-0.104457,2.37972,0,0,0
33.838,2,-6.78393,-7.47337,6.04643,-0.266929,0.039607,0.43229,5.39481,0,0,0
33.838,3,0,0,0,0,0,0,0,0,0,0
33.838,4,0,0,0,0,0,0,0,0,0,0
33.838,5,0,0,0,0,0,0,0,0,0,0
33.8957,0,-3.83664,-4.32772,6.30956,-0.631858,0.689984,-0.113445,5.02234,0,0,0
33.8957,1,-4.91276,-5.81369,2.85181,0.915984,-0.880308,-0.0996631,2.24508,0,0,0
33.8957,2,-6.79515,-7.47162,6.06719,-0.246392,0.0417485,0.418686,5.39481,0,0,0
33.8957,3,0,0,0,0,0,0,0,0,0,0
33.8957,4,0,0,0,0,0,0,0,0,0,0
33.8957,5,0,0,0,0,0,0,0,0,0,0
33.9544,0,-3.90929,-4.31103,6.28951,-0.805699,0.648373,-0.134183,5.02234,0,0,0
33.9544,1,-4.86814,-5.85665,2.85141,0.899365,-0.863427,-0.0965539,2.24508,0,0,0
33.9544,2,-6.81249,-7.46648,6.08985,-0.253648,0.0551677,0.403674,5.4012,0,0,0
33.9544,3,0,0,0,0,0,0,0,0,0,0
33.9544,4,0,0,0,0,0,0,0,0,0,0
33.9544,5,0,0,0,0,0,0,0,0,0,0
34.0134,0,-3.97304,-4.31087,6.25752,-0.925331,0.544666,-0.220159,4.8878,0,0,0
34.0134,1,-4.8395,-5.88429,2.85123,0.81066,-0.777167,-0.0844084,2.12965,0,0,0
34.0134,2,-6.82585,-7.46395,6.11227,-0.251254,0.0516454,0.386428,5.4012,0,0,0
34.0134,3,0,0,0,0,0,0,0,0,0,0
34.0134,4,0,0,0,0,0,0,0,0,0,0
34.0134,5,0,0,0,0,0,0,0,0,0,0
34.0636,0,-4.04979,-4.28558,6.24255,-1.07495,0.555574,-0.273335,4.8878,0,0,0
34.0636,1,-4.79182,-5.93099,2.85107,0.822826,-0.791097,-0.0799329,2.12965,0,0,0
34.0636,2,-6.83816,-7.46049,6.13229,-0.248617,0.0498009,0.367561,5.40459,0,0,0
34.0636,3,0,0,0,0,0,0,0,0,0,0
34.0636,4,0,0,0,0,0,0,0,0,0,0
34.0636,5,0,0,0,0,0,0,0,0,0,0
34.1218,0,-4.11284,-4.2663,6.22378,-1.13918,0.535553,-0.32938,4.75925,0,0,0
34.1218,1,-4.75942,-5.96283,2.85117,0.784409,-0.755432,-0.0705891,2.02315,0,0,0
34.1218,2,-6.84957,-7.45631,6.15265,-0.241924,0.0480552,0.352948,5.40459,0,0,0
34.1218,3,0,0,0,0,0,0,0,0,0,0
34.1218,4,0,0,0,0,0,0,0,0,0,0
34.1218,5,0,0,0,0,0,0,0,0,0,0
34.1749,0,-4.20761,-4.25954,6.22148,-1.29057,0.487339,-0.481947,4.75925,0,0,0
34.1749,1,-4.73468,-5.98773,2.85124,0.72349,-0.699312,-0.0635683,2.02315,0,0,0
34.1749,2,-6.85943,-7.45082,6.17063,-0.232702,0.0491833,0.344281,5.40847,0,0,0
34.1749,3,0,0,0,0,0,0,0,0,0,0
34.1749,4,0,0,0,0,0,0,0,0,0,0
34.1749,5,0,0,0,0,0,0,0,0,0,0
34.2308,0,-4.28944,-4.25514,6.17539,-1.37673,0.431095,-0.632869,4.60303,0,0,0
34.2308,1,-4.71043,-6.01163,2.85108,0.670416,-0.648935,-0.049356,1.94263,0,0,0
34.2308,2,-6.86911,-7.44238,6.19113,-0.230354,0.0584244,0.337836,5.40847,0,0,0
34.2308,3,0,0,0,0,0,0,0,0,0,0
34.2308,4,0,0,0,0,0,0,0,0,0,0
34.2308,5,0,0,0,0,0,0,0,0,0,0
34.2868,0,-4.37867,-4.23607,6.13459,-1.44299,0.425987,-0.732294,4.60303,0,0,0
34.2868,1,-4.68199,-6.0415,2.85049,0.64156,-0.628106,-0.0456438,1.94263,0,0,0
34.2868,2,-6.87411,-7.43544,6.20423,-0.208108,0.060841,0.33832,5.40556,0,0,0
34.2868,3,0,0,0,0,0,0,0,0,0,0
34.2868,4,0,0,0,0,0,0,0,0,0,0
34.2868,5,0,0,0,0,0,0,0,0,0,0
34.3453,0,-4.47606,-4.21522,6.10142,-1.52833,0.434027,-0.875056,4.51048,0,0,0
34.3453,1,-4.63749,-6.08692,2.84995,0.677083,-0.669365,-0.0413999,1.86736,0,0,0
34.3453,2,-6.87375,-7.42286,6.21801,-0.175661,0.079276,0.34443,5.40556,0,0,0
34.3453,3,0,0,0,0,0,0,0,0,0,0
34.3453,4,0,0,0,0,0,0,0,0,0,0
34.3453,5,0,0,0,0,0,0,0,0,0,0
34.4014,0,-4.56039,-4.2018,6.06293,-1.55204,0.404234,-0.980324,4.51048,0,0,0
34.4014,1,-4.61623,-6.10948,2.84928,0.608186,-0.606456,-0.0436769,1.86736,0,0,0
34.4014,2,-6.87213,-7.40689,6.24427,-0.143286,0.10855,0.358485,5.39055,0,0,0
34.4014,3,0,0,0,0,0,0,0,0,0,0
34.4014,4,0,0,0,0,0,0,0,0,0,0
34.4014,5,0,0,0,0,0,0,0,0,0,0
34.4605,0,-4.641,-4.18651,6.02066,-1.5474,0.379747,-1.09072,4.33227,0,0,0
34.4605,1,-4.58494,-6.14267,2.84807,0.600275,-0.605489,-0.049488,1.7728,0,0,0
34.4605,2,-6.86405,-7.38414,6.26423,-0.095151,0.154266,0.380279,5.39055,0,0,0
34.4605,3,0,0,0,0,0,0,0,0,0,0
34.4605,4,0,0,0,0,0,0,0,0,0,0
34.4605,5,0,0,0,0,0,0,0,0,0,0
34.5209,0,-4.71888,-4.1713,5.96702,-1.54002,0.363109,-1.18343,4.33227,0,0,0
34.5209,1,-4.5649,-6.1647,2.84671,0.550224,-0.552835,-0.0442002,1.7728,0,0,0
34.5209,2,-6.85339,-7.35592,6.28395,-0.046878,0.210632,0.405581,5.34974,0,0,0
34.5209,3,0,0,0,0,0,0,0,0,0,0
34.5209,4,0,0,0,0,0,0,0,0,0,0
34.5209,5,0,0,0,0,0,0,0,0,0,0
34.5788,0,-4.7923,-4.15505,5.86105,-1.51855,0.350878,-1.28532,4.15327,0,0,0
34.5788,1,-4.53983,-6.19129,2.84498,0.523005,-0.53096,-0.0468058,1.6975,0,0,0
34.5788,2,-6.83147,-7.30646,6.29763,0.0351146,0.279791,0.439713,5.34974,0,0,0
34.5788,3,0,0,0,0,0,0,0,0,0,0
34.5788,4,0,0,0,0,0,0,0,0,0,0
34.5788,5,0,0,0,0,0,0,0,0,0,0
34.6399,0,-4.86293,-4.1398,5.80514,-1.47736,0.328728,-1.31686,4.15327,0,0,0
34.6399,1,-4.51033,-6.22266,2.84323,0.517282,-0.530859,-0.0433475,1.6975,0,0,0
34.6399,2,-6.80427,-7.26804,6.31171,0.115465,0.344367,0.470748,5.26658,0,0,0
34.6399,3,0,0,0,0,0,0,0,0,0,0
34.6399,4,0,0,0,0,0,0,0,0,0,0
34.6399,5,0,0,0,0,0,0,0,0,0,0
34.69,0,-4.91846,-4.12953,5.75073,-1.4098,0.292244,-1.31365,3.93461,0,0,0
34.69,1,-4.50152,-6.23391,2.84113,0.441186,-0.461524,-0.0451319,1.61799,0,0,0
34.69,2,-6.77691,-7.23519,6.33836,0.209854,0.455514,0.502817,5.26658,0,0,0
34.69,3,0,0,0,0,0,0,0,0,0,0
34.69,4,0,0,0,0,0,0,0,0,0,0
34.69,5,0,0,0,0,0,0,0,0,0,0
34.7487,0,-5.00052,-4.10282,5.72103,-1.45146,0.327187,-1.29988,3.93461,0,0,0
34.7487,1,-4.46802,-6.26985,2.83953,0.469134,-0.495493,-0.0488243,1.61799,0,0,0
34.7487,2,-6.74193,-7.18248,6.33645,0.301187,0.553927,0.546534,5.1732,0,0,0
34.7487,3,0,0,0,0,0,0,0,0,0,0
34.7487,4,0,0,0,0,0,0,0,0,0,0
34.7487,5,0,0,0,0,0,0,0,0,0,0
34.8039,0,-5.04776,-4.09145,5.70171,-1.38055,0.301678,-1.27231,3.77727,0,0,0
34.8039,1,-4.44018,-6.30062,2.83671,0.472545,-0.50556,-0.0466326,1.55477,0,0,0
34.8039,2,-6.69073,-7.11671,6.34953,0.437549,0.678138,0.594548,5.1732,0,0,0
34.8039,3,0,0,0,0,0,0,0,0,0,0
34.8039,4,0,0,0,0,0,0,0,0,0,0
34.8039,5,0,0,0,0,0,0,0,0,0,0
34.8567,0,-5.12303,-4.06995,5.63234,-1.39916,0.313548,-1.27976,3.77727,0,0,0
34.8567,1,-4.41715,-6.32594,2.83481,0.457578,-0.494165,-0.0525963,1.55477,0,0,0
34.8567,2,-6.6558,-7.06749,6.35929,0.501983,0.743749,0.596541,5.02698,0,0,0
34.8567,3,0,0,0,0,0,0,0,0,0,0
34.8567,4,0,0,0,0,0,0,0,0,0,0
34.8567,5,0,0,0,0,0,0,0,0,0,0
34.9068,0,-5.16456,-4.05931,5.57222,-1.31117,0.28577,-1.25172,3.62729,0,0,0
34.9068,1,-4.4039,-6.34149,2.83488,0.408926,-0.448544,-0.0541436,1.47926,0,0,0
34.9068,2,-6.59907,-7.00512,6.37196,0.640071,0.845821,0.593902,5.02698,0,0,0
34.9068,3,0,0,0,0,0,0,0,0,0,0
34.9068,4,0,0,0,0,0,0,0,0,0,0
34.9068,5,0,0,0,0,0,0,0,0,0,0
34.9598,0,-5.21451,-4.04692,5.53053,-1.27861,0.275385,-1.22022,3.62729,0,0,0
34.9598,1,-4.3813,-6.36649,2.83,0.402911,-0.445524,-0.0578812,1.47926,0,0,0
34.9598,2,-6.56124,-6.94818,6.38367,0.689111,0.920985,0.577106,4.88113,0,0,0
34.9598,3,0,0,0,0,0,0,0,0,0,0
34.9598,4,0,0,0,0,0,0,0,0,0,0
34.9598,5,0,0,0,0,0,0,0,0,0,0
35.0151,0,-5.24656,-4.03114,5.43672,-1.19782,0.279129,-1.17081,3.4887,0,0,0
35.0151,1,-4.34911,-6.39996,2.82761,0.43048,-0.485986,-0.0571107,1.42539,0,0,0
35.0151,2,-6.44923,-6.8226,6.40237,0.875897,1.05714,0.546189,4.88113,0,0,0
35.0151,3,0,0,0,0,0,0,0,0,0,0
35.0151,4,0,0,0,0,0,0,0,0,0,0
35.0151,5,0,0,0,0,0,0,0,0,0,0
35.0706,0,-5.29622,-4.01183,5.36223,-1.18164,0.302547,-1.16293,3.4887,0,0,0
35.0706,1,-4.32826,-6.42531,2.82564,0.415474,-0.479112,-0.0542801,1.42539,0,0,0
35.0706,2,-6.35008,-6.70277,6.41536,1.09381,1.30985,0.4703,4.6433,0,0,0
35.0706,3,0,0,0,0,0,0,0,0,0,0
35.0706,4,0,0,0,0,0,0,0,0,0,0
35.0706,5,0,0,0,0,0,0,0,0,0,0
35.1233,0,-5.34566,-3.99468,5.29669,-1.15926,0.312331,-1.1176,3.30351,0,0,0
35.1233,1,-4.3069,-6.44955,2.82388,0.404672,-0.469929,-0.0526697,1.34649,0,0,0
35.1233,2,-6.26044,-6.59603,6.42812,1.23955,1.46987,0.367402,4.6433,0,0,0
35.1233,3,0,0,0,0,0,0,0,0,0,0
35.1233,4,0,0,0,0,0,0,0,0,0,0
35.1233,5,0,0,0,0,0,0,0,0,0,0
35.1803,0,-5.38678,-3.98148,5.2429,-1.10435,0.30435,-1.08439,3.30351,0,0,0
35.1803,1,-4.28582,-6.47334,2.82217,0.386424,-0.451413,-0.0488174,1.34649,0,0,0
35.1803,2,-6.16406,-6.49654,6.43819,1.39619,1.61091,0.203052,4.34747,0,0,0
35.1803,3,0,0,0,0,0,0,0,0,0,0
35.1803,4,0,0,0,0,0,0,0,0,0,0
35.1803,5,0,0,0,0,0,0,0,0,0,0
35.239,0,-5.42488,-3.96584,5.20393,-1.05887,0.313699,-1.02613,3.15084,0,0,0
35.239,1,-4.26919,-6.49201,2.82034,0.355243,-0.41781,-0.0434546,1.28272,0,0,0
35.239,2,-6.06372,-6.38141,6.45532,1.53121,1.75691,-0.0155535,4.34747,0,0,0
35.239,3,0,0,0,0,0,0,0,0,0,0
35.239,4,0,0,0,0,0,0,0,0,0,0
35.239,5,0,0,0,0,0,0,0,0,0,0
35.2992,0,-5.46137,-3.94895,5.14297,-0.998201,0.320687,-1.02194,3.15084,0,0,0
35.2992,1,-4.24437,-6.5192,2.81874,0.368295,-0.430546,-0.0387425,1.22121,0,0,0
35.2992,2,-5.98108,-6.29498,6.46853,1.59376,1.80052,-0.162231,4.0551,0,0,0
35.2992,3,0,0,0,0,0,0,0,0,0,0
35.2992,4,0,0,0,0,0,0,0,0,0,0
35.2992,5,0,0,0,0,0,0,0,0,0,0
35.3508,0,-5.49772,-3.93205,5.08506,-0.952336,0.330508,-1.00605,3.02243,0,0,0
35.3508,1,-4.22022,-6.54605,2.81755,0.373163,-0.43581,-0.0378969,1.22121,0,0,0
35.3508,2,-5.97532,-6.2928,6.4763,1.6075,1.79679,-0.299675,4.0551,0,0,0
35.3508,3,0,0,0,0,0,0,0,0,0,0
35.3508,4,0,0,0,0,0,0,0,0,0,0
35.3508,5,0,0,0,0,0,0,0,0,0,0
35.4013,0,-5.53371,-3.91471,5.08858,-0.910327,0.339362,-0.975579,3.02243,0,0,0
35.4013,1,-4.21619,-6.55044,2.81622,0.302526,-0.35771,-0.0363131,1.17939,0,0,0
35.4013,2,-5.89871,-6.21111,6.48704,1.63199,1.79258,-0.35384,3.92864,0,0,0
35.4013,3,0,0,0,0,0,0,0,0,0,0
35.4013,4,0,0,0,0,0,0,0,0,0,0
35.4013,5,0,0,0,0,0,0,0,0,0,0
35.4543,0,-5.57605,-3.89277,5.04288,-0.888876,0.363738,-0.964321,2.92943,0,0,0
35.4543,1,-4.20009,-6.56779,2.81516,0.285239,-0.336502,-0.0342729,1.17939,0,0,0
35.4543,2,-5.83286,-6.14301,6.49111,1.62693,1.75623,-0.356784,3.92864,0,0,0
35.4543,3,0,0,0,0,0,0,0,0,0,0
35.4543,4,0,0,0,0,0,0,0,0,0,0
35.4543,5,0,0,0,0,0,0,0,0,0,0
35.518,0,-5.61081,-3.87365,4.94932,-0.84911,0.379276,-0.986511,2.92943,0,0,0
35.518,1,-4.1802,-6.58917,2.81419,0.292603,-0.341903,-0.026492,1.12675,0,0,0
35.518,2,-5.77956,-6.0889,6.49938,1.57611,1.66567,-0.331929,3.7216,0,0,0
35.518,3,0,0,0,0,0,0,0,0,0,0
35.518,4,0,0,0,0,0,0,0,0,0,0
35.518,5,0,0,0,0,0,0,0,0,0,0
35.5791,0,-5.61081,-3.87365,4.94932,-0.84911,0.379276,-0.986511,2.76836,0,0,0
35.5791,1,-4.15289,-6.61857,2.81277,0.32703,-0.376449,-0.0208709,1.12675,0,0,0
35.5791,2,-5.68856,-5.9967,6.50653,1.65554,1.71626,-0.296589,3.7216,0,0,0
35.5791,3,0,0,0,0,0,0,0,0,0,0
35.5791,4,0,0,0,0,0,0,0,0,0,0
35.5791,5,0,0,0,0,0,0,0,0,0,0
35.6323,0,-5.6771,-3.8309,4.87938,-0.774102,0.405483,-0.966358,2.76836,0,0,0
35.6323,1,-4.11805,-6.65556,2.81178,0.380746,-0.430028,-0.0217787,1.0362,0,0,0
35.6323,2,-5.62404,-5.9331,6.51727,1.63194,1.67044,-0.201769,3.51591,0,0,0
35.6323,3,0,0,0,0,0,0,0,0,0,0
35.6323,4,0,0,0,0,0,0,0,0,0,0
35.6323,5,0,0,0,0,0,0,0,0,0,0
35.692,0,-5.71609,-3.80372,4.82623,-0.736439,0.422286,-0.969326,2.66613,0,0,0
35.692,1,-4.10279,-6.67198,2.8112,0.349772,-0.395219,-0.021702,1.0362,0,0,0
35.692,2,-5.58206,-5.89221,6.53257,1.54383,1.56142,-0.144658,3.36522,0,0,0
35.692,3,0,0,0,0,0,0,0,0,0,0
35.692,4,0,0,0,0,0,0,0,0,0,0
35.692,5,0,0,0,0,0,0,0,0,0,0
35.7425,0,-5.71609,-3.80372,4.82623,-0.736439,0.422286,-0.969326,2.66613,0,0,0
35.7425,1,-4.0762,-6.7,2.8108,0.362379,-0.405055,-0.0224701,0.975415,0,0,0
35.7425,2,-5.51314,-5.82652,6.54472,1.522,1.51668,-0.0530428,3.36522,0,0,0
35.7425,3,0,0,0,0,0,0,0,0,0,0
35.7425,4,0,0,0,0,0,0,0,0,0,0
35.7425,5,0,0,0,0,0,0,0,0,0,0
35.806,0,-5.77765,-3.75363,4.74095,-0.675348,0.446978,-0.974966,2.53876,0,0,0
35.806,1,-4.05788,-6.71962,2.8106,0.354225,-0.395104,-0.0205812,0.975415,0,0,0
35.806,2,-5.45305,-5.77198,6.57871,1.49287,1.46328,0.0370284,3.18616,0,0,0
35.806,3,0,0,0,0,0,0,0,0,0,0
35.806,4,0,0,0,0,0,0,0,0,0,0
35.806,5,0,0,0,0,0,0,0,0,0,0
35.857,0,-5.81345,-3.72166,4.63872,-0.678485,0.477762,-0.983269,2.53876,0,0,0
35.857,1,-4.04014,-6.73872,2.8107,0.340711,-0.378975,-0.0148156,0.922709,0,0,0
35.857,2,-5.39211,-5.71729,6.59797,1.47756,1.42369,0.0742919,3.18616,0,0,0
35.857,3,0,0,0,0,0,0,0,0,0,0
35.857,4,0,0,0,0,0,0,0,0,0,0
35.857,5,0,0,0,0,0,0,0,0,0,0
35.9153,0,-5.81345,-3.72166,4.63872,-0.678485,0.477762,-0.983269,2.48529,0,0,0
35.9153,1,-4.0256,-6.75283,2.81101,0.322149,-0.353512,-0.00867913,0.922709,0,0,0
35.9153,2,-5.34111,-5.67122,6.59918,1.43,1.36305,0.131289,3.0355,0,0,0
35.9153,3,0,0,0,0,0,0,0,0,0,0
35.9153,4,0,0,0,0,0,0,0,0,0,0
35.9153,5,0,0,0,0,0,0,0,0,0,0
35.968,0,-5.86639,-3.67202,4.57896,-0.609368,0.464548,-0.962963,2.29513,0,0,0
35.968,1,-4.01489,-6.76311,2.81165,0.292594,-0.317837,-0.00197622,0.887627,0,0,0
35.968,2,-5.33134,-5.66278,6.6327,1.25427,1.18745,0.18435,3.0355,0,0,0
35.968,3,0,0,0,0,0,0,0,0,0,0
35.968,4,0,0,0,0,0,0,0,0,0,0
35.968,5,0,0,0,0,0,0,0,0,0,0
36.0234,0,-5.90193,-3.63868,4.53127,-0.614225,0.478641,-0.952723,2.29513,0,0,0
36.0234,1,-3.98469,-6.79351,2.81261,0.340864,-0.362772,0.00658733,0.887627,0,0,0
36.0234,2,-5.31063,-5.64626,6.63229,1.13637,1.06029,0.24877,2.99403,0,0,0
36.0234,3,0,0,0,0,0,0,0,0,0,0
36.0234,4,0,0,0,0,0,0,0,0,0,0
36.0234,5,0,0,0,0,0,0,0,0,0,0
36.088,0,-5.93661,-3.6046,4.48047,-0.63146,0.507058,-0.954822,2.16776,0,0,0
36.088,1,-3.97161,-6.80633,2.81378,0.318265,-0.335711,0.010899,0.826481,0,0,0
36.088,2,-5.24991,-5.59824,6.65327,1.16382,1.04794,0.295423,2.99403,0,0,0
36.088,3,0,0,0,0,0,0,0,0,0,0
36.088,4,0,0,0,0,0,0,0,0,0,0
36.088,5,0,0,0,0,0,0,0,0,0,0
36.1382,0,-5.9662,-3.57724,4.43873,-0.616025,0.493508,-0.95837,2.16776,0,0,0
36.1382,1,-3.95885,-6.81892,2.81488,0.298257,-0.31213,0.0112731,0.826481,0,0,0
36.1382,2,-5.19317,-5.5562,6.69242,1.17255,1.01419,0.332017,2.84547,0,0,0
36.1382,3,0,0,0,0,0,0,0,0,0,0
36.1382,4,0,0,0,0,0,0,0,0,0,0
36.1382,5,0,0,0,0,0,0,0,0,0,0
36.1915,0,-5.98953,-3.55546,4.40422,-0.582435,0.463575,-0.957797,2.07138,0,0,0
36.1915,1,-3.93711,-6.83994,2.81634,0.305764,-0.317426,0.0148209,0.778262,0,0,0
36.1915,2,-5.15339,-5.5244,6.71008,1.12402,0.952319,0.333534,2.84547,0,0,0
36.1915,3,0,0,0,0,0,0,0,0,0,0
36.1915,4,0,0,0,0,0,0,0,0,0,0
36.1915,5,0,0,0,0,0,0,0,0,0,0
36.2472,0,-6.00801,-3.54054,4.35355,-0.5381,0.415534,-0.945811,2.07138,0,0,0
36.2472,1,-3.92192,-6.8554,2.81827,0.297137,-0.307626,0.0196674,0.778262,0,0,0
36.2472,2,-5.1027,-5.48838,6.72828,1.1026,0.896486,0.31639,2.73365,0,0,0
36.2472,3,0,0,0,0,0,0,0,0,0,0
36.2472,4,0,0,0,0,0,0,0,0,0,0
36.2472,5,0,0,0,0,0,0,0,0,0,0
36.3034,0,-6.04927,-3.50576,4.3004,-0.585963,0.457038,-0.932114,1.95101,0,0,0
36.3034,1,-3.92211,-6.85418,2.81884,0.236878,-0.241972,0.0211893,0.756517,0,0,0
36.3034,2,-5.0604,-5.45677,6.74361,1.05256,0.833586,0.308952,2.73365,0,0,0
36.3034,3,0,0,0,0,0,0,0,0,0,0
36.3034,4,0,0,0,0,0,0,0,0,0,0
36.3034,5,0,0,0,0,0,0,0,0,0,0
36.3588,0,-6.08085,-3.48487,4.21259,-0.581238,0.436999,-0.914586,1.95101,0,0,0
36.3588,1,-3.90728,-6.86761,2.82092,0.237759,-0.236969,0.0230341,0.756517,0,0,0
36.3588,2,-5.01381,-5.42288,6.74451,1.04324,0.80116,0.286814,2.62612,0,0,0
36.3588,3,0,0,0,0,0,0,0,0,0,0
36.3588,4,0,0,0,0,0,0,0,0,0,0
36.3588,5,0,0,0,0,0,0,0,0,0,0
36.4143,0,-6.11693,-3.46008,4.21218,-0.592944,0.43996,-0.893177,1.86441,0,0,0
36.4143,1,-3.88503,-6.88856,2.82284,0.26093,-0.255048,0.0259709,0.737355,0,0,0
36.4143,2,-4.93658,-5.36548,6.78671,0.967874,0.713261,0.249635,2.62612,0,0,0
36.4143,3,0,0,0,0,0,0,0,0,0,0
36.4143,4,0,0,0,0,0,0,0,0,0,0
36.4143,5,0,0,0,0,0,0,0,0,0,0
36.4725,0,-6.15049,-3.44498,4.12804,-0.581379,0.404772,-0.836131,1.86441,0,0,0
36.4725,1,-3.86636,-6.9059,2.82448,0.273592,-0.263282,0.0243688,0.737355,0,0,0
36.4725,2,-4.93658,-5.36548,6.78671,0.967874,0.713261,0.249635,2.53147,0,0,0
36.4725,3,0,0,0,0,0,0,0,0,0,0
36.4725,4,0,0,0,0,0,0,0,0,0,0
36.4725,5,0,0,0,0,0,0,0,0,0,0
36.5233,0,-6.18126,-3.42918,4.08142,-0.574389,0.382293,-0.822361,1.75341,0,0,0
36.5233,1,-3.85075,-6.92032,2.82601,0.264634,-0.251236,0.0213199,0.681206,0,0,0
36.5233,2,-4.84762,-5.29802,6.80889,0.943103,0.678176,0.212575,2.53147,0,0,0
36.5233,3,0,0,0,0,0,0,0,0,0,0
36.5233,4,0,0,0,0,0,0,0,0,0,0
36.5233,5,0,0,0,0,0,0,0,0,0,0
36.5818,0,-6.22113,-3.41188,4.05141,-0.588939,0.374504,-0.772067,1.75341,0,0,0
36.5818,1,-3.84279,-6.92707,2.82749,0.221864,-0.20614,0.0202917,0.681206,0,0,0
36.5818,2,-4.84762,-5.29802,6.80889,0.943103,0.678176,0.212575,2.42301,0,0,0
36.5818,3,0,0,0,0,0,0,0,0,0,0
36.5818,4,0,0,0,0,0,0,0,0,0,0
36.5818,5,0,0,0,0,0,0,0,0,0,0
36.6422,0,-6.24572,-3.40743,4.04564,-0.557092,0.320358,-0.729759,1.64825,0,0,0
36.6422,1,-3.82323,-6.94544,2.82882,0.242339,-0.224344,0.0180153,0.649399,0,0,0
36.6422,2,-4.83687,-5.28634,6.80723,0.828142,0.599765,0.193527,2.42301,0,0,0
36.6422,3,0,0,0,0,0,0,0,0,0,0
36.6422,4,0,0,0,0,0,0,0,0,0,0
36.6422,5,0,0,0,0,0,0,0,0,0,0
36.6962,0,-6.28512,-3.39207,4.01112,-0.551594,0.294412,-0.701847,1.64825,0,0,0
36.6962,1,-3.81595,-6.95181,2.82996,0.21661,-0.197575,0.018854,0.649399,0,0,0
36.6962,2,-4.79433,-5.25048,6.82903,0.832329,0.6109,0.147707,2.35245,0,0,0
36.6962,3,0,0,0,0,0,0,0,0,0,0
36.6962,4,0,0,0,0,0,0,0,0,0,0
36.6962,5,0,0,0,0,0,0,0,0,0,0
36.7543,0,-6.31615,-3.38678,3.97497,-0.551175,0.260511,-0.674498,1.57445,0,0,0
36.7543,1,-3.80218,-6.96441,2.8313,0.216963,-0.196314,0.0173951,0.612823,0,0,0
36.7543,2,-4.75549,-5.21618,6.83619,0.815328,0.610394,0.135671,2.35245,0,0,0
36.7543,3,0,0,0,0,0,0,0,0,0,0
36.7543,4,0,0,0,0,0,0,0,0,0,0
36.7543,5,0,0,0,0,0,0,0,0,0,0
36.8096,0,-6.34539,-3.38186,3.94392,-0.543193,0.227389,-0.652146,1.57445,0,0,0
36.8096,1,-3.79119,-6.97448,2.83241,0.209628,-0.188351,0.018045,0.612823,0,0,0
36.8096,2,-4.71586,-5.17882,6.84318,0.810335,0.626984,0.11261,2.24782,0,0,0
36.8096,3,0,0,0,0,0,0,0,0,0,0
36.8096,4,0,0,0,0,0,0,0,0,0,0
36.8096,5,0,0,0,0,0,0,0,0,0,0
36.8605,0,-6.37854,-3.37682,3.91066,-0.54689,0.198684,-0.6279,1.48417,0,0,0
36.8605,1,-3.78473,-6.98025,2.83336,0.186848,-0.165866,0.0183379,0.579174,0,0,0
36.8605,2,-4.64546,-5.11659,6.85099,0.772602,0.60889,0.0902625,2.24782,0,0,0
36.8605,3,0,0,0,0,0,0,0,0,0,0
36.8605,4,0,0,0,0,0,0,0,0,0,0
36.8605,5,0,0,0,0,0,0,0,0,0,0
36.9165,0,-6.40319,-3.37765,3.88369,-0.525577,0.155565,-0.597382,1.48417,0,0,0
36.9165,1,-3.77439,-6.9897,2.83476,0.180195,-0.158901,0.0178646,0.579174,0,0,0
36.9165,2,-4.61954,-5.08919,6.85608,0.721273,0.584312,0.0743473,2.11841,0,0,0
36.9165,3,0,0,0,0,0,0,0,0,0,0
36.9165,4,0,0,0,0,0,0,0,0,0,0
36.9165,5,0,0,0,0,0,0,0,0,0,0
36.9696,0,-6.43263,-3.37362,3.85319,-0.525302,0.136599,-0.574529,1.40067,0,0,0
36.9696,1,-3.77032,-6.99336,2.83558,0.149813,-0.130062,0.0188598,0.556402,0,0,0
36.9696,2,-4.63637,-5.09749,6.86176,0.663182,0.557722,0.0554971,2.11841,0,0,0
36.9696,3,0,0,0,0,0,0,0,0,0,0
36.9696,4,0,0,0,0,0,0,0,0,0,0
36.9696,5,0,0,0,0,0,0,0,0,0,0
37.0207,0,-6.45835,-3.37375,3.82668,-0.50722,0.102732,-0.549201,1.40067,0,0,0
37.0207,1,-3.76639,-6.99704,2.83666,0.127759,-0.109593,0.019209,0.556402,0,0,0
37.0207,2,-4.58043,-5.03173,6.86463,0.608271,0.566739,0.0550644,2.04888,0,0,0
37.0207,3,0,0,0,0,0,0,0,0,0,0
37.0207,4,0,0,0,0,0,0,0,0,0,0
37.0207,5,0,0,0,0,0,0,0,0,0,0
37.0745,0,-6.47326,-3.37845,3.80341,-0.460189,0.0576923,-0.516079,1.32134,0,0,0
37.0745,1,-3.74023,-7.02162,2.83795,0.192046,-0.170961,0.0166385,0.545442,0,0,0
37.0745,2,-4.56871,-5.02001,6.86897,0.647758,0.606738,0.0571184,2.04888,0,0,0
37.0745,3,0,0,0,0,0,0,0,0,0,0
37.0745,4,0,0,0,0,0,0,0,0,0,0
37.0745,5,0,0,0,0,0,0,0,0,0,0
37.1308,0,-6.50501,-3.37316,3.76979,-0.48427,0.0590317,-0.481873,1.32134,0,0,0
37.1308,1,-3.72943,-7.0315,2.83891,0.187639,-0.16636,0.0161788,0.545442,0,0,0
37.1308,2,-4.54144,-4.98055,6.87354,0.62003,0.628255,0.059252,1.98454,0,0,0
37.1308,3,0,0,0,0,0,0,0,0,0,0
37.1308,4,0,0,0,0,0,0,0,0,0,0
37.1308,5,0,0,0,0,0,0,0,0,0,0
37.1842,0,-6.52635,-3.37736,3.74701,-0.466182,0.024175,-0.455923,1.24802,0,0,0
37.1842,1,-3.72063,-7.03958,2.83991,0.177001,-0.156209,0.0134206,0.494891,0,0,0
37.1842,2,-4.51257,-4.94729,6.87717,0.594004,0.617095,0.0595776,1.98454,0,0,0
37.1842,3,0,0,0,0,0,0,0,0,0,0
37.1842,4,0,0,0,0,0,0,0,0,0,0
37.1842,5,0,0,0,0,0,0,0,0,0,0
37.2454,0,-6.55086,-3.37757,3.72118,-0.4614,0.00883815,-0.428752,1.24802,0,0,0
37.2454,1,-3.70884,-7.05069,2.84082,0.179293,-0.15915,0.0124179,0.494891,0,0,0
37.2454,2,-4.49475,-4.92785,6.87887,0.548839,0.573838,0.0466952,1.91447,0,0,0
37.2454,3,0,0,0,0,0,0,0,0,0,0
37.2454,4,0,0,0,0,0,0,0,0,0,0
37.2454,5,0,0,0,0,0,0,0,0,0,0
37.2982,0,-6.5718,-3.37942,3.70003,-0.445588,-0.00986422,-0.40793,1.18121,0,0,0
37.2982,1,-3.7008,-7.05824,2.8417,0.169533,-0.150469,0.0121305,0.466686,0,0,0
37.2982,2,-4.46916,-4.88638,6.88147,0.533278,0.613688,0.0323611,1.91447,0,0,0
37.2982,3,0,0,0,0,0,0,0,0,0,0
37.2982,4,0,0,0,0,0,0,0,0,0,0
37.2982,5,0,0,0,0,0,0,0,0,0,0
37.3487,0,-6.58944,-3.38251,3.68006,-0.416354,-0.0314061,-0.389026,1.18121,0,0,0
37.3487,1,-3.69462,-7.06407,2.84247,0.154611,-0.13697,0.0115371,0.466686,0,0,0
37.3487,2,-4.43952,-4.84906,6.88323,0.52565,0.620732,0.0261253,1.81827,0,0,0
37.3487,3,0,0,0,0,0,0,0,0,0,0
37.3487,4,0,0,0,0,0,0,0,0,0,0
37.3487,5,0,0,0,0,0,0,0,0,0,0
37.4028,0,-6.61153,-3.38383,3.65919,-0.403616,-0.0419516,-0.369215,1.12485,0,0,0
37.4028,1,-3.69017,-7.06835,2.84315,0.135779,-0.119977,0.011728,0.447097,0,0,0
37.4028,2,-4.3881,-4.7768,6.88444,0.498742,0.634564,0.0129708,1.81827,0,0,0
37.4028,3,0,0,0,0,0,0,0,0,0,0
37.4028,4,0,0,0,0,0,0,0,0,0,0
37.4028,5,0,0,0,0,0,0,0,0,0,0
37.4702,0,-6.63015,-3.38605,3.64014,-0.389596,-0.0536619,-0.35371,1.12485,0,0,0
37.4702,1,-3.68024,-7.07788,2.8439,0.138707,-0.123909,0.0116907,0.447097,0,0,0
37.4702,2,-4.3632,-4.74024,6.88545,0.490305,0.646034,-0.00475288,1.7296,0,0,0
37.4702,3,0,0,0,0,0,0,0,0,0,0
37.4702,4,0,0,0,0,0,0,0,0,0,0
37.4702,5,0,0,0,0,0,0,0,0,0,0
37.5206,0,-6.65001,-3.3872,3.62447,-0.382003,-0.0588755,-0.343438,1.06787,0,0,0
37.5206,1,-3.67353,-7.08432,2.84468,0.131172,-0.117566,0.0119135,0.427108,0,0,0
37.5206,2,-4.34028,-4.70275,6.88591,0.476849,0.659044,-0.0221452,1.7296,0,0,0
37.5206,3,0,0,0,0,0,0,0,0,0,0
37.5206,4,0,0,0,0,0,0,0,0,0,0
37.5206,5,0,0,0,0,0,0,0,0,0,0
37.5791,0,-6.66723,-3.38952,3.60942,-0.366976,-0.0672715,-0.332984,1.06787,0,0,0
37.5791,1,-3.6658,-7.09177,2.84538,0.128838,-0.116257,0.0116589,0.427108,0,0,0
37.5791,2,-4.32252,-4.67301,6.88641,0.449666,0.646321,-0.0296932,1.64158,0,0,0
37.5791,3,0,0,0,0,0,0,0,0,0,0
37.5791,4,0,0,0,0,0,0,0,0,0,0
37.5791,5,0,0,0,0,0,0,0,0,0,0
37.6293,0,-6.68088,-3.39165,3.59429,-0.337823,-0.0742128,-0.327713,1.02006,0,0,0
37.6293,1,-3.65955,-7.09779,2.846,0.121574,-0.110053,0.0117504,0.407013,0,0,0
37.6293,2,-4.30966,-4.65125,6.88657,0.410551,0.609952,-0.0308594,1.64158,0,0,0
37.6293,3,0,0,0,0,0,0,0,0,0,0
37.6293,4,0,0,0,0,0,0,0,0,0,0
37.6293,5,0,0,0,0,0,0,0,0,0,0
37.6821,0,-6.69518,-3.39471,3.57724,-0.315903,-0.0821964,-0.322413,1.02006,0,0,0
37.6821,1,-3.65465,-7.10288,2.8466,0.112346,-0.10156,0.0118512,0.407013,0,0,0
37.6821,2,-4.29194,-4.62623,6.88648,0.389536,0.584333,-0.0276537,1.58194,0,0,0
37.6821,3,0,0,0,0,0,0,0,0,0,0
37.6821,4,0,0,0,0,0,0,0,0,0,0
37.6821,5,0,0,0,0,0,0,0,0,0,0
37.7377,0,-6.7143,-3.39472,3.55955,-0.318453,-0.0767183,-0.316742,0.977591,0,0,0
37.7377,1,-3.64758,-7.10955,2.84726,0.105743,-0.0955238,0.0118465,0.391229,0,0,0
37.7377,2,-4.27169,-4.59382,6.88654,0.375066,0.580075,-0.0220655,1.58194,0,0,0
37.7377,3,0,0,0,0,0,0,0,0,0,0
37.7377,4,0,0,0,0,0,0,0,0,0,0
37.7377,5,0,0,0,0,0,0,0,0,0,0
37.7878,0,-6.72305,-3.39812,3.55024,-0.283804,-0.0855782,-0.314919,0.977591,0,0,0
37.7878,1,-3.63935,-7.11754,2.84799,0.110229,-0.100752,0.0121173,0.391229,0,0,0
37.7878,2,-4.27045,-4.59067,6.88666,0.379276,0.591227,-0.0194683,1.51318,0,0,0
37.7878,3,0,0,0,0,0,0,0,0,0,0
37.7878,4,0,0,0,0,0,0,0,0,0,0
37.7878,5,0,0,0,0,0,0,0,0,0,0
37.8388,0,-6.7351,-3.40219,3.54285,-0.265671,-0.0949761,-0.309862,0.93889,0,0,0
37.8388,1,-3.63469,-7.1221,2.84857,0.0959206,-0.0878238,0.0118838,0.369993,0,0,0
37.8388,2,-4.25354,-4.55907,6.88668,0.358183,0.589033,-0.0173156,1.51318,0,0,0
37.8388,3,0,0,0,0,0,0,0,0,0,0
37.8388,4,0,0,0,0,0,0,0,0,0,0
37.8388,5,0,0,0,0,0,0,0,0,0,0
37.8998,0,-6.75657,-3.40005,3.53006,-0.285872,-0.0785131,-0.303891,0.93889,0,0,0
37.8998,1,-3.62692,-7.12993,2.84919,0.100532,-0.0940207,0.0115027,0.369993,0,0,0
37.8998,2,-4.22331,-4.51424,6.88662,0.320588,0.53333,-0.00841289,1.47445,0,0,0
37.8998,3,0,0,0,0,0,0,0,0,0,0
37.8998,4,0,0,0,0,0,0,0,0,0,0
37.8998,5,0,0,0,0,0,0,0,0,0,0
37.9525,0,-6.77436,-3.4023,3.50149,-0.289406,-0.0798225,-0.300766,0.901216,0,0,0
37.9525,1,-3.62106,-7.13587,2.84974,0.0961852,-0.0929397,0.0109815,0.352407,0,0,0
37.9525,2,-4.21115,-4.49324,6.88667,0.292799,0.501685,-0.00826785,1.47445,0,0,0
37.9525,3,0,0,0,0,0,0,0,0,0,0
37.9525,4,0,0,0,0,0,0,0,0,0,0
37.9525,5,0,0,0,0,0,0,0,0,0,0
38.0053,0,-6.78954,-3.40454,3.48201,-0.282466,-0.0821101,-0.300114,0.901216,0,0,0
38.0053,1,-3.61744,-7.13923,2.85029,0.0858241,-0.0822854,0.010527,0.352407,0,0,0
38.0053,2,-4.21539,-4.50299,6.88683,0.279264,0.467745,-0.0142222,1.39633,0,0,0
38.0053,3,0,0,0,0,0,0,0,0,0,0
38.0053,4,0,0,0,0,0,0,0,0,0,0
38.0053,5,0,0,0,0,0,0,0,0,0,0
38.0604,0,-6.80395,-3.40601,3.46515,-0.271576,-0.0804675,-0.291787,0.843855,0,0,0
38.0604,1,-3.61174,-7.14481,2.85079,0.0839993,-0.0806355,0.010178,0.339079,0,0,0
38.0604,2,-4.20062,-4.47591,6.88641,0.266918,0.468704,-0.0102805,1.39633,0,0,0
38.0604,3,0,0,0,0,0,0,0,0,0,0
38.0604,4,0,0,0,0,0,0,0,0,0,0
38.0604,5,0,0,0,0,0,0,0,0,0,0
38.1177,0,-6.81981,-3.40645,3.45015,-0.270587,-0.0745378,-0.281765,0.843855,0,0,0
38.1177,1,-3.60614,-7.15032,2.85134,0.0812505,-0.0782213,0.0100487,0.339079,0,0,0
38.1177,2,-4.14829,-4.40347,6.8864,0.319021,0.525468,-0.00373295,1.37614,0,0,0
38.1177,3,0,0,0,0,0,0,0,0,0,0
38.1177,4,0,0,0,0,0,0,0,0,0,0
38.1177,5,0,0,0,0,0,0,0,0,0,0
38.1721,0,-6.8335,-3.40742,3.43418,-0.256734,-0.0711776,-0.270011,0.800016,0,0,0
38.1721,1,-3.6001,-7.1563,2.85187,0.0815572,-0.0780747,0.0097719,0.323212,0,0,0
38.1721,2,-4.14347,-4.39045,6.88653,0.335821,0.572872,-0.00987558,1.37614,0,0,0
38.1721,3,0,0,0,0,0,0,0,0,0,0
38.1721,4,0,0,0,0,0,0,0,0,0,0
38.1721,5,0,0,0,0,0,0,0,0,0,0
38.2249,0,-6.84633,-3.40765,3.42045,-0.245237,-0.0658756,-0.26,0.800016,0,0,0
38.2249,1,-3.5927,-7.16408,2.85242,0.0874243,-0.0861063,0.00936832,0.323212,0,0,0
38.2249,2,-4.12389,-4.3645,6.88769,0.334514,0.553733,-0.0263823,1.27351,0,0,0
38.2249,3,0,0,0,0,0,0,0,0,0,0
38.2249,4,0,0,0,0,0,0,0,0,0,0
38.2249,5,0,0,0,0,0,0,0,0,0,0
38.2837,0,-6.85918,-3.40807,3.40735,-0.238542,-0.0616201,-0.250147,0.760313,0,0,0
38.2837,1,-3.58678,-7.16962,2.85296,0.0870224,-0.0848716,0.00888168,0.303959,0,0,0
38.2837,2,-4.10449,-4.33742,6.88724,0.332401,0.541908,-0.0126846,1.27351,0,0,0
38.2837,3,0,0,0,0,0,0,0,0,0,0
38.2837,4,0,0,0,0,0,0,0,0,0,0
38.2837,5,0,0,0,0,0,0,0,0,0,0
38.3416,0,-6.87178,-3.40842,3.397,-0.232633,-0.0575648,-0.243504,0.760313,0,0,0
38.3416,1,-3.58155,-7.17469,2.85345,0.0844463,-0.0822679,0.00849394,0.303959,0,0,0
38.3416,2,-4.07196,-4.28418,6.8877,0.315845,0.531141,-0.0131809,1.20771,0,0,0
38.3416,3,0,0,0,0,0,0,0,0,0,0
38.3416,4,0,0,0,0,0,0,0,0,0,0
38.3416,5,0,0,0,0,0,0,0,0,0,0
38.3918,0,-6.88524,-3.40741,3.38355,-0.231318,-0.0488943,-0.238902,0.725831,0,0,0
38.3918,1,-3.57748,-7.17869,2.85391,0.0791338,-0.0772362,0.00827999,0.28853,0,0,0
38.3918,2,-4.06074,-4.27159,6.88823,0.295762,0.483747,-0.0130427,1.20771,0,0,0
38.3918,3,0,0,0,0,0,0,0,0,0,0
38.3918,4,0,0,0,0,0,0,0,0,0,0
38.3918,5,0,0,0,0,0,0,0,0,0,0
38.4427,0,-6.89796,-3.40822,3.36996,-0.222453,-0.0475789,-0.228548,0.725831,0,0,0
38.4427,1,-3.5745,-7.18165,2.85433,0.0707776,-0.069219,0.00824049,0.28853,0,0,0
38.4427,2,-4.04478,-4.24514,6.88899,0.285908,0.476666,-0.0215698,1.12884,0,0,0
38.4427,3,0,0,0,0,0,0,0,0,0,0
38.4427,4,0,0,0,0,0,0,0,0,0,0
38.4427,5,0,0,0,0,0,0,0,0,0,0
38.4982,0,-6.90486,-3.40802,3.35841,-0.199758,-0.0442924,-0.233076,0.688228,0,0,0
38.4982,1,-3.56773,-7.18836,2.85482,0.0760867,-0.0747843,0.00803011,0.278592,0,0,0
38.4982,2,-4.05486,-4.26576,6.88923,0.211648,0.344607,-0.0129536,1.12884,0,0,0
38.4982,3,0,0,0,0,0,0,0,0,0,0
38.4982,4,0,0,0,0,0,0,0,0,0,0
38.4982,5,0,0,0,0,0,0,0,0,0,0
38.5485,0,-6.91956,-3.40631,3.35503,-0.20364,-0.0336292,-0.230834,0.688228,0,0,0
38.5485,1,-3.56397,-7.19209,2.85523,0.0714887,-0.0704162,0.00794737,0.278592,0,0,0
38.5485,2,-4.03682,-4.24291,6.88906,0.223419,0.350958,-0.0116215,1.12065,0,0,0
38.5485,3,0,0,0,0,0,0,0,0,0,0
38.5485,4,0,0,0,0,0,0,0,0,0,0
38.5485,5,0,0,0,0,0,0,0,0,0,0
38.6015,0,-6.9306,-3.40839,3.34609,-0.194371,-0.0389136,-0.221941,0.662443,0,0,0
38.6015,1,-3.55755,-7.19848,2.85561,0.0767536,-0.0758979,0.00749652,0.263734,0,0,0
38.6015,2,-4.02107,-4.2148,6.88989,0.227703,0.375219,-0.00272766,1.12065,0,0,0
38.6015,3,0,0,0,0,0,0,0,0,0,0
38.6015,4,0,0,0,0,0,0,0,0,0,0
38.6015,5,0,0,0,0,0,0,0,0,0,0
38.6597,0,-6.93717,-3.40539,3.34214,-0.173723,-0.0267663,-0.22508,0.662443,0,0,0
38.6597,1,-3.55221,-7.20379,2.85607,0.0773696,-0.0766705,0.00716913,0.247133,0,0,0
38.6597,2,-4.00518,-4.19556,6.89078,0.232949,0.368155,-0.00295415,1.05966,0,0,0
38.6597,3,0,0,0,0,0,0,0,0,0,0
38.6597,4,0,0,0,0,0,0,0,0,0,0
38.6597,5,0,0,0,0,0,0,0,0,0,0
38.7142,0,-6.95304,-3.40297,3.32768,-0.188467,-0.0148672,-0.221795,0.640966,0,0,0
38.7142,1,-3.54789,-7.20807,2.85651,0.0751634,-0.0746015,0.00678701,0.247133,0,0,0
38.7142,2,-3.98942,-4.1754,6.89136,0.235206,0.361822,-0.0059353,1.05966,0,0,0
38.7142,3,0,0,0,0,0,0,0,0,0,0
38.7142,4,0,0,0,0,0,0,0,0,0,0
38.7142,5,0,0,0,0,0,0,0,0,0,0
38.7745,0,-6.96202,-3.40293,3.31152,-0.179195,-0.0150744,-0.218191,0.640966,0,0,0
38.7745,1,-3.54453,-7.21139,2.85686,0.069838,-0.0694041,0.00658129,0.247133,0,0,0
38.7745,2,-3.98651,-4.17428,6.89152,0.245585,0.365481,-0.00736452,1.00917,0,0,0
38.7745,3,0,0,0,0,0,0,0,0,0,0
38.7745,4,0,0,0,0,0,0,0,0,0,0
38.7745,5,0,0,0,0,0,0,0,0,0,0
38.8323,0,-6.97354,-3.40111,3.29322,-0.178466,-0.00844572,-0.214099,0.601567,0,0,0
38.8323,1,-3.54082,-7.21508,2.8575,0.0651491,-0.0648728,0.00643403,0.236301,0,0,0
38.8323,2,-3.9654,-4.1487,6.89166,0.266689,0.381007,-0.00772288,1.00917,0,0,0
38.8323,3,0,0,0,0,0,0,0,0,0,0
38.8323,4,0,0,0,0,0,0,0,0,0,0
38.8323,5,0,0,0,0,0,0,0,0,0,0
38.8947,0,-6.98376,-3.40042,3.27746,-0.173167,-0.00669351,-0.202474,0.601567,0,0,0
38.8947,1,-3.53504,-7.2208,2.85783,0.0701578,-0.0698565,0.00623271,0.222899,0,0,0
38.8947,2,-3.93416,-4.10324,6.89172,0.265704,0.387621,-0.00376401,0.973373,0,0,0
38.8947,3,0,0,0,0,0,0,0,0,0,0
38.8947,4,0,0,0,0,0,0,0,0,0,0
38.8947,5,0,0,0,0,0,0,0,0,0,0
38.9488,0,-6.99303,-3.39903,3.26576,-0.167918,-0.00268824,-0.189929,0.561865,0,0,0
38.9488,1,-3.53129,-7.22449,2.85831,0.0675301,-0.067189,0.00605232,0.222899,0,0,0
38.9488,2,-3.91947,-4.08733,6.89188,0.264139,0.37019,-0.005711,0.973373,0,0,0
38.9488,3,0,0,0,0,0,0,0,0,0,0
38.9488,4,0,0,0,0,0,0,0,0,0,0
38.9488,5,0,0,0,0,0,0,0,0,0,0
39.0069,0,-7.00507,-3.39662,3.25486,-0.173704,0.00516924,-0.17828,0.561865,0,0,0
39.0069,1,-3.52837,-7.22737,2.85863,0.0615636,-0.0612709,0.00591357,0.222899,0,0,0
39.0069,2,-3.90786,-4.07277,6.89207,0.253297,0.350992,-0.0115875,0.89674,0,0,0
39.0069,3,0,0,0,0,0,0,0,0,0,0
39.0069,4,0,0,0,0,0,0,0,0,0,0
39.0069,5,0,0,0,0,0,0,0,0,0,0
39.0645,0,-7.01297,-3.39653,3.25504,-0.162169,0.00248429,-0.17511,0.53067,0,0,0
39.0645,1,-3.5262,-7.22946,2.85894,0.0545945,-0.054226,0.00592934,0.217617,0,0,0
39.0645,2,-3.90939,-4.0771,6.8917,0.248256,0.335595,-0.0129998,0.89674,0,0,0
39.0645,3,0,0,0,0,0,0,0,0,0,0
39.0645,4,0,0,0,0,0,0,0,0,0,0
39.0645,5,0,0,0,0,0,0,0,0,0,0
39.1184,0,-7.01992,-3.39566,3.23909,-0.151242,0.00313772,-0.159796,0.53067,0,0,0
39.1184,1,-3.5262,-7.22946,2.85894,0.0545945,-0.054226,0.00592934,0.217617,0,0,0
39.1184,2,-3.89582,-4.05996,6.89132,0.238836,0.319451,-0.0103219,0.882493,0,0,0
39.1184,3,0,0,0,0,0,0,0,0,0,0
39.1184,4,0,0,0,0,0,0,0,0,0,0
39.1184,5,0,0,0,0,0,0,0,0,0,0
39.1759,0,-7.02923,-3.39358,3.23911,-0.149385,0.0059363,-0.166349,0.50899,0,0,0
39.1759,1,-3.52201,-7.23358,2.85897,0.055665,-0.0552348,0.005971,0.210478,0,0,0
39.1759,2,-3.88612,-4.04785,6.89117,0.222685,0.295049,-0.00736,0.882493,0,0,0
39.1759,3,0,0,0,0,0,0,0,0,0,0
39.1759,4,0,0,0,0,0,0,0,0,0,0
39.1759,5,0,0,0,0,0,0,0,0,0,0
39.2349,0,-7.03744,-3.39259,3.23022,-0.145331,0.00715614,-0.1638,0.50899,0,0,0
39.2349,1,-3.51457,-7.24086,2.85999,0.053933,-0.0533502,0.00587459,0.197932,0,0,0
39.2349,2,-3.87862,-4.03894,6.89115,0.199674,0.260782,-0.00807964,0.845123,0,0,0
39.2349,3,0,0,0,0,0,0,0,0,0,0
39.2349,4,0,0,0,0,0,0,0,0,0,0
39.2349,5,0,0,0,0,0,0,0,0,0,0
39.2918,0,-7.04664,-3.39103,3.21417,-0.143968,0.0103098,-0.164069,0.490347,0,0,0
39.2918,1,-3.51123,-7.2441,2.86026,0.052399,-0.0516873,0.00581056,0.197932,0,0,0
39.2918,2,-3.86788,-4.02633,6.89092,0.195242,0.249929,-0.00946802,0.845123,0,0,0
39.2918,3,0,0,0,0,0,0,0,0,0,0
39.2918,4,0,0,0,0,0,0,0,0,0,0
39.2918,5,0,0,0,0,0,0,0,0,0,0
39.3482,0,-7.04664,-3.39103,3.21417,-0.143968,0.0103098,-0.164069,0.472347,0,0,0
39.3482,1,-3.50869,-7.24659,2.86053,0.0489013,-0.0482487,0.00568061,0.189504,0,0,0
39.3482,2,-3.85598,-4.01026,6.89064,0.195028,0.252942,-0.010359,0.816954,0,0,0
39.3482,3,0,0,0,0,0,0,0,0,0,0
39.3482,4,0,0,0,0,0,0,0,0,0,0
39.3482,5,0,0,0,0,0,0,0,0,0,0
39.4074,0,-7.06077,-3.38952,3.19747,-0.128772,0.00717638,-0.154291,0.472347,0,0,0
39.4074,1,-3.50662,-7.24858,2.86054,0.0438956,-0.0431546,0.00575334,0.189504,0,0,0
39.4074,2,-3.84696,-3.99915,6.89037,0.185512,0.238497,-0.0101828,0.782653,0,0,0
39.4074,3,0,0,0,0,0,0,0,0,0,0
39.4074,4,0,0,0,0,0,0,0,0,0,0
39.4074,5,0,0,0,0,0,0,0,0,0,0
39.4588,0,-7.06906,-3.38766,3.18927,-0.126077,0.0114214,-0.151948,0.450487,0,0,0
39.4588,1,-3.50531,-7.24983,2.86112,0.0373422,-0.0366238,0.00557698,0.183074,0,0,0
39.4588,2,-3.8367,-3.98642,6.88999,0.179165,0.22885,-0.01021,0.782653,0,0,0
39.4588,3,0,0,0,0,0,0,0,0,0,0
39.4588,4,0,0,0,0,0,0,0,0,0,0
39.4588,5,0,0,0,0,0,0,0,0,0,0
39.5172,0,-7.07644,-3.38672,3.18236,-0.123387,0.0120595,-0.147188,0.450487,0,0,0
39.5172,1,-3.49833,-7.25664,2.86113,0.0512129,-0.0501654,0.00559041,0.183074,0,0,0
39.5172,2,-3.82685,-3.97434,6.88969,0.172633,0.2188,-0.0093629,0.750725,0,0,0
39.5172,3,0,0,0,0,0,0,0,0,0,0
39.5172,4,0,0,0,0,0,0,0,0,0,0
39.5172,5,0,0,0,0,0,0,0,0,0,0
39.573,0,-7.08361,-3.38568,3.17465,-0.12063,0.0128533,-0.146693,0.428656,0,0,0
39.573,1,-3.49459,-7.26024,2.86173,0.0522391,-0.0510029,0.00542565,0.171493,0,0,0
39.573,2,-3.81768,-3.96341,6.88935,0.167468,0.209533,-0.00897381,0.750725,0,0,0
39.573,3,0,0,0,0,0,0,0,0,0,0
39.573,4,0,0,0,0,0,0,0,0,0,0
39.573,5,0,0,0,0,0,0,0,0,0,0
39.6286,0,-7.09049,-3.38451,3.1657,-0.116204,0.0138496,-0.140031,0.428656,0,0,0
39.6286,1,-3.49459,-7.26024,2.86173,0.0522391,-0.0510029,0.00542565,0.171493,0,0,0
39.6286,2,-3.80849,-3.95114,6.88903,0.158243,0.200286,-0.00906768,0.721144,0,0,0
39.6286,3,0,0,0,0,0,0,0,0,0,0
39.6286,4,0,0,0,0,0,0,0,0,0,0
39.6286,5,0,0,0,0,0,0,0,0,0,0
39.694,0,-7.09747,-3.3836,3.15856,-0.114389,0.0140358,-0.136787,0.40687,0,0,0
39.694,1,-3.48733,-7.26718,2.86224,0.0515584,-0.0498811,0.00494766,0.15951,0,0,0
39.694,2,-3.79288,-3.93239,6.88863,0.145121,0.179905,-0.00928879,0.721144,0,0,0
39.694,3,0,0,0,0,0,0,0,0,0,0
39.694,4,0,0,0,0,0,0,0,0,0,0
39.694,5,0,0,0,0,0,0,0,0,0,0
39.7518,0,-7.10523,-3.38211,3.15187,-0.114422,0.0163776,-0.13335,0.40687,0,0,0
39.7518,1,-3.48504,-7.26938,2.86241,0.0481129,-0.046454,0.00481151,0.15951,0,0,0
39.7518,2,-3.78524,-3.92171,6.88785,0.139049,0.176048,-0.0113028,0.683628,0,0,0
39.7518,3,0,0,0,0,0,0,0,0,0,0
39.7518,4,0,0,0,0,0,0,0,0,0,0
39.7518,5,0,0,0,0,0,0,0,0,0,0
39.8098,0,-7.1121,-3.38145,3.14723,-0.112647,0.015472,-0.133516,0.378508,0,0,0
39.8098,1,-3.48227,-7.27204,2.86273,0.0470483,-0.0453135,0.00460908,0.153041,0,0,0
39.8098,2,-3.78398,-3.92045,6.88749,0.14342,0.180402,-0.0123105,0.683628,0,0,0
39.8098,3,0,0,0,0,0,0,0,0,0,0
39.8098,4,0,0,0,0,0,0,0,0,0,0
39.8098,5,0,0,0,0,0,0,0,0,0,0
39.8625,0,-7.1186,-3.38061,3.13978,-0.1068,0.0117704,-0.13119,0.378508,0,0,0
39.8625,1,-3.48227,-7.27204,2.86273,0.0470483,-0.0453135,0.00460908,0.153041,0,0,0
39.8625,2,-3.76689,-3.89998,6.88705,0.134331,0.165115,-0.0109983,0.655233,0,0,0
39.8625,3,0,0,0,0,0,0,0,0,0,0
39.8625,4,0,0,0,0,0,0,0,0,0,0
39.8625,5,0,0,0,0,0,0,0,0,0,0
39.918,0,-7.12516,-3.38002,3.13399,-0.104396,0.0112811,-0.124826,0.368622,0,0,0
39.918,1,-3.47808,-7.27604,2.8632,0.0403998,-0.038684,0.0045012,0.144799,0,0,0
39.918,2,-3.75963,-3.88913,6.88684,0.129249,0.164618,-0.00811402,0.655233,0,0,0
39.918,3,0,0,0,0,0,0,0,0,0,0
39.918,4,0,0,0,0,0,0,0,0,0,0
39.918,5,0,0,0,0,0,0,0,0,0,0
39.9714,0,-7.13129,-3.37919,3.12771,-0.102258,0.0118577,-0.121872,0.368622,0,0,0
39.9714,1,-3.4737,-7.28025,2.8635,0.0467584,-0.0448065,0.00428263,0.144799,0,0,0
39.9714,2,-3.7521,-3.87987,6.88651,0.126172,0.159594,-0.0100599,0.642192,0,0,0
39.9714,3,0,0,0,0,0,0,0,0,0,0
39.9714,4,0,0,0,0,0,0,0,0,0,0
39.9714,5,0,0,0,0,0,0,0,0,0,0
40.0367,0,-7.13623,-3.37872,3.12297,-0.0953488,0.0106206,-0.119171,0.351105,0,0,0
40.0367,1,-3.4737,-7.28025,2.8635,0.0467584,-0.0448065,0.00428263,0.137303,0,0,0
40.0367,2,-3.74326,-3.86923,6.88625,0.125159,0.15641,-0.010243,0.642192,0,0,0
40.0367,3,0,0,0,0,0,0,0,0,0,0
40.0367,4,0,0,0,0,0,0,0,0,0,0
40.0367,5,0,0,0,0,0,0,0,0,0,0
40.1048,0,-7.13813,-3.37928,3.12278,-0.0788516,0.00530452,-0.122024,0.351105,0,0,0
40.1048,1,-3.46911,-7.2846,2.86392,0.043136,-0.0410983,0.00417716,0.137303,0,0,0
40.1048,2,-3.74138,-3.86613,6.8861,0.131651,0.167392,-0.00804562,0.616446,0,0,0
40.1048,3,0,0,0,0,0,0,0,0,0,0
40.1048,4,0,0,0,0,0,0,0,0,0,0
40.1048,5,0,0,0,0,0,0,0,0,0,0
40.1752,0,-7.14723,-3.378,3.1146,-0.0916607,0.00938351,-0.118656,0.34281,0,0,0
40.1752,1,-3.46734,-7.28627,2.86416,0.0396288,-0.0376315,0.00417235,0.130965,0,0,0
40.1752,2,-3.72828,-3.8486,6.88548,0.117173,0.151551,-0.00867616,0.616446,0,0,0
40.1752,3,0,0,0,0,0,0,0,0,0,0
40.1752,4,0,0,0,0,0,0,0,0,0,0
40.1752,5,0,0,0,0,0,0,0,0,0,0
40.2365,0,-7.15576,-3.37663,3.10654,-0.0998783,0.0126615,-0.116875,0.34281,0,0,0
40.2365,1,-3.46541,-7.28809,2.8644,0.0373214,-0.0353103,0.00406145,0.130965,0,0,0
40.2365,2,-3.72216,-3.8415,6.88533,0.112246,0.14266,-0.00723912,0.590946,0,0,0
40.2365,3,0,0,0,0,0,0,0,0,0,0
40.2365,4,0,0,0,0,0,0,0,0,0,0
40.2365,5,0,0,0,0,0,0,0,0,0,0
40.2971,0,-7.16094,-3.377,3.09976,-0.0927521,0.00811993,-0.113325,0.318873,0,0,0
40.2971,1,-3.46391,-7.28953,2.86457,0.0337424,-0.0318468,0.00405185,0.125857,0,0,0
40.2971,2,-3.71493,-3.83156,6.88507,0.110161,0.142428,-0.00858571,0.590946,0,0,0
40.2971,3,0,0,0,0,0,0,0,0,0,0
40.2971,4,0,0,0,0,0,0,0,0,0,0
40.2971,5,0,0,0,0,0,0,0,0,0,0
40.3573,0,-7.16716,-3.37619,3.09499,-0.0924229,0.00921941,-0.11007,0.318873,0,0,0
40.3573,1,-3.46142,-7.2919,2.86479,0.034575,-0.0326387,0.00387297,0.125857,0,0,0
40.3573,2,-3.70785,-3.82188,6.88484,0.10813,0.141682,-0.00754359,0.569295,0,0,0
40.3573,3,0,0,0,0,0,0,0,0,0,0
40.3573,4,0,0,0,0,0,0,0,0,0,0
40.3573,5,0,0,0,0,0,0,0,0,0,0
40.4126,0,-7.17196,-3.37647,3.09009,-0.0863956,0.00594254,-0.105871,0.302645,0,0,0
40.4126,1,-3.4586,-7.29461,2.86502,0.0365984,-0.0346316,0.00374284,0.120326,0,0,0
40.4126,2,-3.70681,-3.82058,6.8846,0.111669,0.146195,-0.00734731,0.569295,0,0,0
40.4126,3,0,0,0,0,0,0,0,0,0,0
40.4126,4,0,0,0,0,0,0,0,0,0,0
40.4126,5,0,0,0,0,0,0,0,0,0,0
40.4686,0,-7.17848,-3.37546,3.08375,-0.0897352,0.00855424,-0.10099,0.302645,0,0,0
40.4686,1,-3.45701,-7.2961,2.86519,0.0338126,-0.0318736,0.00357999,0.120326,0,0,0
40.4686,2,-3.70075,-3.81246,6.8843,0.106798,0.14077,-0.00774474,0.555637,0,0,0
40.4686,3,0,0,0,0,0,0,0,0,0,0
40.4686,4,0,0,0,0,0,0,0,0,0,0
40.4686,5,0,0,0,0,0,0,0,0,0,0
40.5263,0,-7.18279,-3.37568,3.07876,-0.0848334,0.00583861,-0.096329,0.286698,0,0,0
40.5263,1,-3.4549,-7.29857,2.8654,0.032439,-0.0330008,0.00338155,0.114225,0,0,0
40.5263,2,-3.69437,-3.80405,6.88403,0.103987,0.137443,-0.00710917,0.555637,0,0,0
40.5263,3,0,0,0,0,0,0,0,0,0,0
40.5263,4,0,0,0,0,0,0,0,0,0,0
40.5263,5,0,0,0,0,0,0,0,0,0,0
40.5797,0,-7.18914,-3.37522,3.07344,-0.0850492,0.00615837,-0.0928255,0.286698,0,0,0
40.5797,1,-3.45297,-7.30017,2.8656,0.0304627,-0.0299789,0.00323967,0.114225,0,0,0
40.5797,2,-3.68844,-3.79574,6.88382,0.101353,0.136162,-0.00671092,0.534946,0,0,0
40.5797,3,0,0,0,0,0,0,0,0,0,0
40.5797,4,0,0,0,0,0,0,0,0,0,0
40.5797,5,0,0,0,0,0,0,0,0,0,0
40.6299,0,-7.19224,-3.37554,3.06972,-0.0769523,0.00324393,-0.0904324,0.271887,0,0,0
40.6299,1,-3.45078,-7.30213,2.86574,0.0306784,-0.0296113,0.00315982,0.108478,0,0,0
40.6299,2,-3.68242,-3.78775,6.88362,0.0941729,0.126718,-0.00570999,0.534946,0,0,0
40.6299,3,0,0,0,0,0,0,0,0,0,0
40.6299,4,0,0,0,0,0,0,0,0,0,0
40.6299,5,0,0,0,0,0,0,0,0,0,0
40.6947,0,-7.19726,-3.37522,3.06489,-0.0769683,0.00357343,-0.0876961,0.271887,0,0,0
40.6947,1,-3.44938,-7.30341,2.86591,0.0283639,-0.027137,0.00299885,0.108478,0,0,0
40.6947,2,-3.67741,-3.78004,6.88341,0.0898295,0.125143,-0.0058878,0.514732,0,0,0
40.6947,3,0,0,0,0,0,0,0,0,0,0
40.6947,4,0,0,0,0,0,0,0,0,0,0
40.6947,5,0,0,0,0,0,0,0,0,0,0
40.7477,0,-7.20207,-3.37496,3.05974,-0.0764947,0.00365144,-0.0859225,0.260096,0,0,0
40.7477,1,-3.44793,-7.30476,2.86592,0.0263544,-0.025039,0.00304547,0.103634,0,0,0
40.7477,2,-3.67131,-3.77205,6.88325,0.0897187,0.124399,-0.0053715,0.514732,0,0,0
40.7477,3,0,0,0,0,0,0,0,0,0,0
40.7477,4,0,0,0,0,0,0,0,0,0,0
40.7477,5,0,0,0,0,0,0,0,0,0,0
40.8068,0,-7.20567,-3.3753,3.05555,-0.0718188,0.00132524,-0.0843878,0.260096,0,0,0
40.8068,1,-3.44582,-7.30678,2.86608,0.027203,-0.0258376,0.00295277,0.103634,0,0,0
40.8068,2,-3.66652,-3.76577,6.88309,0.0848264,0.117169,-0.00472112,0.495499,0,0,0
40.8068,3,0,0,0,0,0,0,0,0,0,0
40.8068,4,0,0,0,0,0,0,0,0,0,0
40.8068,5,0,0,0,0,0,0,0,0,0,0
40.8628,0,-7.2102,-3.37507,3.05104,-0.0712857,0.00162907,-0.0826987,0.247526,0,0,0
40.8628,1,-3.4443,-7.30822,2.86627,0.0260807,-0.0247249,0.00290941,0.0987352,0,0,0
40.8628,2,-3.66182,-3.75922,6.88312,0.0804562,0.112174,-0.00386826,0.495499,0,0,0
40.8628,3,0,0,0,0,0,0,0,0,0,0
40.8628,4,0,0,0,0,0,0,0,0,0,0
40.8628,5,0,0,0,0,0,0,0,0,0,0
40.9155,0,-7.21414,-3.37517,3.04743,-0.0688915,0.000644954,-0.0815319,0.247526,0,0,0
40.9155,1,-3.44285,-7.3096,2.86642,0.0246628,-0.0233292,0.00284318,0.0987352,0,0,0
40.9155,2,-3.65685,-3.75207,6.88296,0.0784964,0.111353,-0.00332412,0.47954,0,0,0
40.9155,3,0,0,0,0,0,0,0,0,0,0
40.9155,4,0,0,0,0,0,0,0,0,0,0
40.9155,5,0,0,0,0,0,0,0,0,0,0
40.9708,0,-7.218,-3.37527,3.04289,-0.0658404,-0.00022911,-0.0799657,0.235816,0,0,0
40.9708,1,-3.44145,-7.31093,2.86655,0.0230157,-0.0217285,0.00281184,0.0946237,0,0,0
40.9708,2,-3.65225,-3.74565,6.88281,0.0758008,0.108272,-0.0030263,0.47954,0,0,0
40.9708,3,0,0,0,0,0,0,0,0,0,0
40.9708,4,0,0,0,0,0,0,0,0,0,0
40.9708,5,0,0,0,0,0,0,0,0,0,0
41.0243,0,-7.218,-3.37527,3.04289,-0.0658404,-0.00022911,-0.0799657,0.235816,0,0,0
41.0243,1,-3.44011,-7.31221,2.86672,0.0215031,-0.0202803,0.00277142,0.0946237,0,0,0
41.0243,2,-3.64711,-3.7387,6.88263,0.0753658,0.107557,-0.00286707,0.462938,0,0,0
41.0243,3,0,0,0,0,0,0,0,0,0,0
41.0243,4,0,0,0,0,0,0,0,0,0,0
41.0243,5,0,0,0,0,0,0,0,0,0,0
41.0846,0,-7.2253,-3.37529,3.03473,-0.0607563,-0.000806972,-0.0771637,0.22512,0,0,0
41.0846,1,-3.43897,-7.31326,2.86686,0.0195586,-0.0183233,0.00276702,0.0908322,0,0,0
41.0846,2,-3.64263,-3.73277,6.88247,0.0732333,0.103895,-0.00277892,0.462938,0,0,0
41.0846,3,0,0,0,0,0,0,0,0,0,0
41.0846,4,0,0,0,0,0,0,0,0,0,0
41.0846,5,0,0,0,0,0,0,0,0,0,0
41.1414,0,-7.22912,-3.37557,3.03096,-0.0592493,-0.00197401,-0.0756312,0.22512,0,0,0
41.1414,1,-3.43726,-7.31493,2.867,0.0202997,-0.0191286,0.00272933,0.0868808,0,0,0
41.1414,2,-3.63795,-3.72589,6.88229,0.0710963,0.102907,-0.00277786,0.446857,0,0,0
41.1414,3,0,0,0,0,0,0,0,0,0,0
41.1414,4,0,0,0,0,0,0,0,0,0,0
41.1414,5,0,0,0,0,0,0,0,0,0,0
41.1942,0,-7.23298,-3.37526,3.02702,-0.0590219,-0.00081903,-0.0738197,0.213551,0,0,0
41.1942,1,-3.43635,-7.31579,2.86713,0.0183781,-0.0172934,0.00263734,0.0868808,0,0,0
41.1942,2,-3.63288,-3.71898,6.88213,0.0699458,0.101113,-0.00275272,0.446857,0,0,0
41.1942,3,0,0,0,0,0,0,0,0,0,0
41.1942,4,0,0,0,0,0,0,0,0,0,0
41.1942,5,0,0,0,0,0,0,0,0,0,0
41.2537,0,-7.23527,-3.37619,3.02348,-0.0532605,-0.0045687,-0.0718813,0.213551,0,0,0
41.2537,1,-3.4357,-7.31641,2.86726,0.0157373,-0.0147438,0.0026863,0.0847197,0,0,0
41.2537,2,-3.62706,-3.71131,6.88198,0.0731682,0.104537,-0.00283219,0.429969,0,0,0
41.2537,3,0,0,0,0,0,0,0,0,0,0
41.2537,4,0,0,0,0,0,0,0,0,0,0
41.2537,5,0,0,0,0,0,0,0,0,0,0
41.3093,0,-7.24011,-3.37567,3.01875,-0.0578194,-0.00215445,-0.0688748,0.203894,0,0,0
41.3093,1,-3.43359,-7.31847,2.86741,0.0177651,-0.0168364,0.00264583,0.0847197,0,0,0
41.3093,2,-3.62252,-3.70454,6.88185,0.0717948,0.104783,-0.00282356,0.429969,0,0,0
41.3093,3,0,0,0,0,0,0,0,0,0,0
41.3093,4,0,0,0,0,0,0,0,0,0,0
41.3093,5,0,0,0,0,0,0,0,0,0,0
41.3622,0,-7.2433,-3.37563,3.01547,-0.0552258,-0.00207123,-0.0668979,0.203894,0,0,0
41.3622,1,-3.43395,-7.31813,2.86753,0.0164465,-0.0155932,0.00262045,0.0822457,0,0,0
41.3622,2,-3.61716,-3.69806,6.8817,0.0732303,0.103131,-0.00299357,0.412197,0,0,0
41.3622,3,0,0,0,0,0,0,0,0,0,0
41.3622,4,0,0,0,0,0,0,0,0,0,0
41.3622,5,0,0,0,0,0,0,0,0,0,0
41.4175,0,-7.24674,-3.37591,3.01198,-0.0539164,-0.00308626,-0.0636394,0.192554,0,0,0
41.4175,1,-3.43301,-7.31904,2.86769,0.0147385,-0.0139928,0.00256677,0.0822457,0,0,0
41.4175,2,-3.61168,-3.69,6.88155,0.0744707,0.107255,-0.00293089,0.412197,0,0,0
41.4175,3,0,0,0,0,0,0,0,0,0,0
41.4175,4,0,0,0,0,0,0,0,0,0,0
41.4175,5,0,0,0,0,0,0,0,0,0,0
41.4728,0,-7.24975,-3.37587,3.00909,-0.0515388,-0.00283841,-0.0614235,0.192554,0,0,0
41.4728,1,-3.43138,-7.32063,2.86784,0.0163756,-0.0156735,0.00252834,0.0786503,0,0,0
41.4728,2,-3.60713,-3.68399,6.88142,0.0737372,0.105156,-0.00282229,0.39406,0,0,0
41.4728,3,0,0,0,0,0,0,0,0,0,0
41.4728,4,0,0,0,0,0,0,0,0,0,0
41.4728,5,0,0,0,0,0,0,0,0,0,0
41.5294,0,-7.25318,-3.37577,3.00549,-0.0510202,-0.00221302,-0.0588002,0.183489,0,0,0
41.5294,1,-3.43045,-7.32153,2.86796,0.0154365,-0.0147832,0.00247241,0.0786503,0,0,0
41.5294,2,-3.60168,-3.676,6.88131,0.0742045,0.107765,-0.00286677,0.39406,0,0,0
41.5294,3,0,0,0,0,0,0,0,0,0,0
41.5294,4,0,0,0,0,0,0,0,0,0,0
41.5294,5,0,0,0,0,0,0,0,0,0,0
41.5795,0,-7.25652,-3.37574,3.00234,-0.0503613,-0.00189657,-0.056617,0.183489,0,0,0
41.5795,1,-3.42928,-7.32266,2.86811,0.0155669,-0.014912,0.00236133,0.0757248,0,0,0
41.5795,2,-3.59769,-3.6713,6.88119,0.07124,0.100262,-0.00267869,0.376863,0,0,0
41.5795,3,0,0,0,0,0,0,0,0,0,0
41.5795,4,0,0,0,0,0,0,0,0,0,0
41.5795,5,0,0,0,0,0,0,0,0,0,0
41.6349,0,-7.25887,-3.37592,2.99984,-0.0469576,-0.00255437,-0.0540679,0.173937,0,0,0
41.6349,1,-3.42743,-7.32447,2.86819,0.0180816,-0.0174447,0.00230151,0.0757248,0,0,0
41.6349,2,-3.59194,-3.66275,6.88109,0.0746179,0.107924,-0.00270822,0.376863,0,0,0
41.6349,3,0,0,0,0,0,0,0,0,0,0
41.6349,4,0,0,0,0,0,0,0,0,0,0
41.6349,5,0,0,0,0,0,0,0,0,0,0
41.685,0,-7.25887,-3.37592,2.99984,-0.0469576,-0.00255437,-0.0540679,0.173937,0,0,0
41.685,1,-3.42626,-7.3256,2.86833,0.0179101,-0.0172836,0.00219525,0.0715026,0,0,0
41.685,2,-3.58692,-3.65637,6.88099,0.0759498,0.107565,-0.00257218,0.360414,0,0,0
41.685,3,0,0,0,0,0,0,0,0,0,0
41.685,4,0,0,0,0,0,0,0,0,0,0
41.685,5,0,0,0,0,0,0,0,0,0,0
41.747,0,-7.26133,-3.37579,2.99541,-0.0447517,-0.00211976,-0.0494012,0.16559,0,0,0
41.747,1,-3.4251,-7.32672,2.86841,0.0175525,-0.0169588,0.00214592,0.0715026,0,0,0
41.747,2,-3.583,-3.6511,6.88091,0.0734515,0.103576,-0.00257461,0.360414,0,0,0
41.747,3,0,0,0,0,0,0,0,0,0,0
41.747,4,0,0,0,0,0,0,0,0,0,0
41.747,5,0,0,0,0,0,0,0,0,0,0
